#ifdef __has_include
    #if __has_include("lvgl.h")
        #ifndef LV_LVGL_H_INCLUDE_SIMPLE
            #define LV_LVGL_H_INCLUDE_SIMPLE
        #endif
    #endif
#endif

#if defined(LV_LVGL_H_INCLUDE_SIMPLE)
    #include "lvgl.h"
#else
    #include "lvgl/lvgl.h"
#endif


#ifndef LV_ATTRIBUTE_MEM_ALIGN
#define LV_ATTRIBUTE_MEM_ALIGN
#endif

#ifndef LV_ATTRIBUTE_IMAGE_CLOCKSCREEN
#define LV_ATTRIBUTE_IMAGE_CLOCKSCREEN
#endif

const LV_ATTRIBUTE_MEM_ALIGN LV_ATTRIBUTE_LARGE_CONST LV_ATTRIBUTE_IMAGE_CLOCKSCREEN uint8_t clockscreen_map[] = {
  0xe6, 0x18, 0xc5, 0x10, 0xc5, 0x10, 0xc5, 0x10, 0xc5, 0x10, 0xc5, 0x10, 0xc5, 0x10, 0xc5, 0x10, 0xc5, 0x10, 0xc5, 0x10, 0xc5, 0x10, 0xc5, 0x10, 0xc5, 0x10, 0xc5, 0x10, 0xc5, 0x10, 0xc5, 0x10,
  0xc5, 0x10, 0xc5, 0x10, 0xc5, 0x10, 0xc5, 0x10, 0xc5, 0x10, 0xc5, 0x10, 0xc5, 0x10, 0xc5, 0x10, 0xc5, 0x10, 0xc5, 0x10, 0xc5, 0x10, 0xc5, 0x10, 0xc5, 0x10, 0xc5, 0x10, 0xc5, 0x10, 0xc5, 0x10,
  0xe6, 0x18, 0xc5, 0x10, 0xc5, 0x10, 0xc5, 0x10, 0xc5, 0x10, 0xc5, 0x10, 0xc5, 0x10, 0xc5, 0x10, 0xc5, 0x10, 0xc5, 0x10, 0xc5, 0x10, 0xc5, 0x10, 0xc5, 0x10, 0xc5, 0x10, 0xc5, 0x10, 0xc5, 0x10,
  0xc5, 0x10, 0xc5, 0x10, 0xc5, 0x10, 0xc5, 0x10, 0xc5, 0x10, 0xc5, 0x10, 0xc5, 0x10, 0xc5, 0x10, 0xc5, 0x10, 0xc5, 0x10, 0xc5, 0x10, 0xc5, 0x10, 0xc5, 0x10, 0xc5, 0x10, 0xc5, 0x10, 0xc5, 0x10,
  0xe6, 0x18, 0xc5, 0x10, 0xc5, 0x10, 0xc5, 0x10, 0xc5, 0x10, 0xc5, 0x10, 0xc5, 0x10, 0xc5, 0x10, 0xc5, 0x10, 0xc5, 0x10, 0xc5, 0x10, 0xc5, 0x10, 0xc5, 0x10, 0xc5, 0x10, 0xc5, 0x10, 0xc5, 0x10,
  0xc5, 0x10, 0xc5, 0x10, 0xc5, 0x10, 0xc5, 0x10, 0xc5, 0x10, 0xc5, 0x10, 0xc5, 0x10, 0xc5, 0x10, 0xc5, 0x10, 0xc5, 0x10, 0xc5, 0x10, 0xc5, 0x10, 0xc5, 0x10, 0xc5, 0x10, 0xc5, 0x10, 0xc5, 0x10,
  0xe6, 0x18, 0xc5, 0x10, 0xc5, 0x10, 0xc5, 0x10, 0xc5, 0x10, 0xc5, 0x10, 0xc5, 0x10, 0xc5, 0x10, 0xc5, 0x10, 0xc5, 0x10, 0xc5, 0x10, 0xc5, 0x10, 0xc5, 0x10, 0xc5, 0x10, 0xc5, 0x10, 0xc5, 0x10,
  0xc5, 0x10, 0xc5, 0x10, 0xc5, 0x10, 0xc5, 0x10, 0xc5, 0x10, 0xc5, 0x10, 0xc5, 0x10, 0xc5, 0x10, 0xc5, 0x10, 0xc5, 0x10, 0xc5, 0x10, 0xc5, 0x10, 0xc5, 0x10, 0xc5, 0x10, 0xc5, 0x10, 0xc5, 0x10,
  0xe6, 0x18, 0xc5, 0x10, 0xc5, 0x10, 0xc5, 0x10, 0xc5, 0x10, 0xc5, 0x10, 0xc5, 0x10, 0xc5, 0x10, 0xc5, 0x10, 0xc5, 0x10, 0xc5, 0x10, 0xc5, 0x10, 0xc5, 0x10, 0xc5, 0x10, 0xc5, 0x10, 0xc5, 0x10,
  0xc5, 0x10, 0xc5, 0x10, 0xc5, 0x10, 0xc5, 0x10, 0xc5, 0x10, 0xc5, 0x10, 0xc5, 0x10, 0xc5, 0x10, 0xc5, 0x10, 0xc5, 0x10, 0xc5, 0x10, 0xc5, 0x10, 0xc5, 0x10, 0xc5, 0x10, 0xc5, 0x10, 0xc5, 0x10,
  0xe6, 0x18, 0xc5, 0x10, 0xc5, 0x10, 0xc5, 0x10, 0xc5, 0x10, 0xc5, 0x10, 0xc5, 0x10, 0xc5, 0x10, 0xc5, 0x10, 0xc5, 0x10, 0xc5, 0x10, 0xc5, 0x10, 0xc5, 0x10, 0xc5, 0x10, 0xc5, 0x10, 0xc5, 0x10,
  0xc5, 0x10, 0xc5, 0x10, 0xc5, 0x10, 0xc5, 0x10, 0xc5, 0x10, 0xc5, 0x10, 0xc5, 0x10, 0xc5, 0x10, 0xc5, 0x10, 0xc5, 0x10, 0xc5, 0x10, 0xc5, 0x10, 0xc5, 0x10, 0xc5, 0x10, 0xc5, 0x10, 0xc5, 0x10,
  0xe6, 0x18, 0xc5, 0x10, 0xc5, 0x10, 0xc5, 0x10, 0xc5, 0x10, 0xc5, 0x10, 0xc5, 0x10, 0xc5, 0x10, 0xc5, 0x10, 0xc5, 0x10, 0xc5, 0x10, 0xc5, 0x10, 0xc5, 0x10, 0xc5, 0x10, 0xc5, 0x10, 0xc5, 0x10,
  0xc5, 0x10, 0xc5, 0x10, 0xc5, 0x10, 0xc5, 0x10, 0xc5, 0x10, 0xc5, 0x10, 0xc5, 0x10, 0xc5, 0x10, 0xc5, 0x10, 0xc5, 0x10, 0xc5, 0x10, 0xc5, 0x10, 0xc5, 0x10, 0xc5, 0x10, 0xc5, 0x10, 0xc5, 0x10,
  0xe6, 0x18, 0xc5, 0x10, 0xc5, 0x10, 0xc5, 0x10, 0xc5, 0x10, 0xc5, 0x10, 0xc5, 0x10, 0xc5, 0x10, 0xc5, 0x10, 0xc5, 0x10, 0xc5, 0x10, 0xc5, 0x10, 0xc5, 0x10, 0xc5, 0x10, 0xc5, 0x10, 0xc5, 0x10,
  0xc5, 0x10, 0xc5, 0x10, 0xc5, 0x10, 0xc5, 0x10, 0xc5, 0x10, 0xc5, 0x10, 0xc5, 0x10, 0xc5, 0x10, 0xc5, 0x10, 0xc5, 0x10, 0xc5, 0x10, 0xc5, 0x10, 0xc5, 0x10, 0xc5, 0x10, 0xc5, 0x10, 0xc5, 0x10,
  0xe6, 0x18, 0xc5, 0x10, 0xc5, 0x10, 0xc5, 0x10, 0xc5, 0x10, 0xc5, 0x10, 0xc5, 0x10, 0xc5, 0x10, 0xc5, 0x10, 0xc5, 0x10, 0xc5, 0x10, 0xc5, 0x10, 0xc5, 0x10, 0xc5, 0x10, 0xc5, 0x10, 0xc5, 0x10,
  0xc5, 0x10, 0xc5, 0x10, 0xc5, 0x10, 0xc5, 0x10, 0xc5, 0x10, 0xc5, 0x10, 0xc5, 0x10, 0xc5, 0x10, 0xc5, 0x10, 0xc5, 0x10, 0xc5, 0x10, 0xc5, 0x10, 0xc5, 0x10, 0xc5, 0x10, 0xc5, 0x10, 0xc5, 0x10,
  0xe6, 0x18, 0xc5, 0x10, 0xc5, 0x10, 0xc5, 0x10, 0xc5, 0x10, 0xc5, 0x10, 0xc5, 0x10, 0xc5, 0x10, 0xc5, 0x10, 0xc5, 0x10, 0xc5, 0x10, 0xc5, 0x10, 0xc5, 0x10, 0xc5, 0x10, 0xc5, 0x10, 0xc5, 0x10,
  0xc5, 0x10, 0xc5, 0x10, 0xc5, 0x10, 0xc5, 0x10, 0xc5, 0x10, 0xc5, 0x10, 0xc5, 0x10, 0xc5, 0x10, 0xc5, 0x10, 0xc5, 0x10, 0xc5, 0x10, 0xc5, 0x10, 0xc5, 0x10, 0xc5, 0x10, 0xc5, 0x10, 0xc5, 0x10,
  0xc5, 0x10, 0x84, 0x08, 0x84, 0x08, 0x84, 0x08, 0x84, 0x08, 0x84, 0x08, 0x84, 0x08, 0x84, 0x08, 0x84, 0x08, 0x84, 0x08, 0x84, 0x08, 0x84, 0x08, 0x84, 0x08, 0x84, 0x08, 0x84, 0x08, 0x84, 0x08,
  0x84, 0x08, 0x84, 0x08, 0x84, 0x08, 0x84, 0x08, 0x84, 0x08, 0x84, 0x08, 0x84, 0x08, 0x84, 0x08, 0x84, 0x08, 0x84, 0x08, 0x84, 0x08, 0x84, 0x08, 0x84, 0x08, 0x84, 0x08, 0x84, 0x08, 0x84, 0x08,
  0xc5, 0x10, 0x84, 0x08, 0x84, 0x08, 0x84, 0x08, 0x84, 0x08, 0x84, 0x08, 0x84, 0x08, 0x84, 0x08, 0x84, 0x08, 0x84, 0x08, 0x84, 0x08, 0x84, 0x08, 0x84, 0x08, 0x84, 0x08, 0x84, 0x08, 0x84, 0x08,
  0x84, 0x08, 0x84, 0x08, 0x84, 0x08, 0x84, 0x08, 0x84, 0x08, 0x84, 0x08, 0x84, 0x08, 0x84, 0x08, 0x84, 0x08, 0x84, 0x08, 0x84, 0x08, 0x84, 0x08, 0x84, 0x08, 0x84, 0x08, 0x84, 0x08, 0x84, 0x08,
  0xc5, 0x10, 0x84, 0x08, 0x84, 0x08, 0x84, 0x08, 0x84, 0x08, 0x84, 0x08, 0x84, 0x08, 0x84, 0x08, 0x84, 0x08, 0x84, 0x08, 0x84, 0x08, 0x84, 0x08, 0x84, 0x08, 0x84, 0x08, 0x84, 0x08, 0x84, 0x08,
  0x84, 0x08, 0x84, 0x08, 0x84, 0x08, 0x84, 0x08, 0x84, 0x08, 0x84, 0x08, 0x84, 0x08, 0x84, 0x08, 0x84, 0x08, 0x84, 0x08, 0x84, 0x08, 0x84, 0x08, 0x84, 0x08, 0x84, 0x08, 0x84, 0x08, 0x84, 0x08,
  0xc5, 0x10, 0x84, 0x08, 0x84, 0x08, 0x84, 0x08, 0x84, 0x08, 0x84, 0x08, 0x84, 0x08, 0x84, 0x08, 0x84, 0x08, 0x84, 0x08, 0x84, 0x08, 0x84, 0x08, 0x84, 0x08, 0x84, 0x08, 0x84, 0x08, 0x84, 0x08,
  0x84, 0x08, 0x84, 0x08, 0x84, 0x08, 0x84, 0x08, 0x84, 0x08, 0x84, 0x08, 0x84, 0x08, 0x84, 0x08, 0x84, 0x08, 0x84, 0x08, 0x84, 0x08, 0x84, 0x08, 0x84, 0x08, 0x84, 0x08, 0x84, 0x08, 0x84, 0x08,
  0xc5, 0x10, 0x84, 0x08, 0x84, 0x08, 0x84, 0x08, 0x84, 0x08, 0x84, 0x08, 0x84, 0x08, 0x84, 0x08, 0x84, 0x08, 0x84, 0x08, 0x84, 0x08, 0x84, 0x08, 0x84, 0x08, 0x84, 0x08, 0x84, 0x08, 0x84, 0x08,
  0x84, 0x08, 0x84, 0x08, 0x84, 0x08, 0x84, 0x08, 0x84, 0x08, 0x84, 0x08, 0x84, 0x08, 0x84, 0x08, 0x84, 0x08, 0x84, 0x08, 0x84, 0x08, 0x84, 0x08, 0x84, 0x08, 0x84, 0x08, 0x84, 0x08, 0x84, 0x08,
  0xc5, 0x10, 0x84, 0x08, 0x84, 0x08, 0x84, 0x08, 0x84, 0x08, 0x84, 0x08, 0x84, 0x08, 0x84, 0x08, 0x84, 0x08, 0x84, 0x08, 0x84, 0x08, 0x84, 0x08, 0x84, 0x08, 0x84, 0x08, 0x84, 0x08, 0x84, 0x08,
  0x84, 0x08, 0x84, 0x08, 0x84, 0x08, 0x84, 0x08, 0x84, 0x08, 0x84, 0x08, 0x84, 0x08, 0x84, 0x08, 0x84, 0x08, 0x84, 0x08, 0x84, 0x08, 0x84, 0x08, 0x84, 0x08, 0x84, 0x08, 0x84, 0x08, 0x84, 0x08,
  0xc5, 0x10, 0x84, 0x08, 0x84, 0x08, 0x84, 0x08, 0x84, 0x08, 0x84, 0x08, 0x84, 0x08, 0x84, 0x08, 0x84, 0x08, 0x84, 0x08, 0x84, 0x08, 0x84, 0x08, 0x84, 0x08, 0x84, 0x08, 0x84, 0x08, 0x84, 0x08,
  0x84, 0x08, 0x84, 0x08, 0x84, 0x08, 0x84, 0x08, 0x84, 0x08, 0x84, 0x08, 0x84, 0x08, 0x84, 0x08, 0x84, 0x08, 0x84, 0x08, 0x84, 0x08, 0x84, 0x08, 0x84, 0x08, 0x84, 0x08, 0x84, 0x08, 0x84, 0x08,
  0xc5, 0x10, 0x84, 0x08, 0x84, 0x08, 0x84, 0x08, 0x84, 0x08, 0x84, 0x08, 0x84, 0x08, 0x84, 0x08, 0x84, 0x08, 0x84, 0x08, 0x84, 0x08, 0x84, 0x08, 0x84, 0x08, 0x84, 0x08, 0x84, 0x08, 0x84, 0x08,
  0x84, 0x08, 0x84, 0x08, 0x84, 0x08, 0x84, 0x08, 0x84, 0x08, 0x84, 0x08, 0x84, 0x08, 0x84, 0x08, 0x84, 0x08, 0x84, 0x08, 0x84, 0x08, 0x84, 0x08, 0x84, 0x08, 0x84, 0x08, 0x84, 0x08, 0x84, 0x08,
  0xc5, 0x10, 0x84, 0x08, 0x84, 0x08, 0x84, 0x08, 0x84, 0x08, 0x84, 0x08, 0x84, 0x08, 0x84, 0x08, 0x84, 0x08, 0x84, 0x08, 0x84, 0x08, 0x84, 0x08, 0x84, 0x08, 0x84, 0x08, 0x84, 0x08, 0x84, 0x08,
  0x84, 0x08, 0x84, 0x08, 0x84, 0x08, 0x84, 0x08, 0x84, 0x08, 0x84, 0x08, 0x84, 0x08, 0x84, 0x08, 0x84, 0x08, 0x84, 0x08, 0x84, 0x08, 0x84, 0x08, 0x84, 0x08, 0x84, 0x08, 0x84, 0x08, 0x84, 0x08,
  0xc5, 0x10, 0x84, 0x08, 0x84, 0x08, 0x84, 0x08, 0x84, 0x08, 0x84, 0x08, 0x84, 0x08, 0x84, 0x08, 0x84, 0x08, 0x84, 0x08, 0x84, 0x08, 0x84, 0x08, 0x84, 0x08, 0x84, 0x08, 0x84, 0x08, 0x84, 0x08,
  0x84, 0x08, 0x84, 0x08, 0x84, 0x08, 0x84, 0x08, 0x84, 0x08, 0x84, 0x08, 0x84, 0x08, 0x84, 0x08, 0x84, 0x08, 0x84, 0x08, 0x84, 0x08, 0x84, 0x08, 0x84, 0x08, 0x84, 0x08, 0x84, 0x08, 0x84, 0x08,
  0xc5, 0x10, 0x84, 0x08, 0x84, 0x08, 0x84, 0x08, 0x84, 0x08, 0x84, 0x08, 0x84, 0x08, 0x84, 0x08, 0x84, 0x08, 0x84, 0x08, 0x84, 0x08, 0x84, 0x08, 0x84, 0x08, 0x84, 0x08, 0x84, 0x08, 0x84, 0x08,
  0x84, 0x08, 0x84, 0x08, 0x84, 0x08, 0x84, 0x08, 0x84, 0x08, 0x84, 0x08, 0x84, 0x08, 0x84, 0x08, 0x84, 0x08, 0x84, 0x08, 0x84, 0x08, 0x84, 0x08, 0x84, 0x08, 0x84, 0x08, 0x84, 0x08, 0x84, 0x08,
  0xc5, 0x10, 0x84, 0x08, 0x84, 0x08, 0x84, 0x08, 0x84, 0x08, 0x84, 0x08, 0x84, 0x08, 0x84, 0x08, 0x84, 0x08, 0x84, 0x08, 0x84, 0x08, 0x84, 0x08, 0x84, 0x08, 0x84, 0x08, 0x84, 0x08, 0x84, 0x08,
  0x84, 0x08, 0x84, 0x08, 0x84, 0x08, 0x84, 0x08, 0x84, 0x08, 0x84, 0x08, 0x84, 0x08, 0x84, 0x08, 0x84, 0x08, 0x84, 0x08, 0x84, 0x08, 0x84, 0x08, 0x84, 0x08, 0x84, 0x08, 0x84, 0x08, 0x84, 0x08,
  0xc5, 0x10, 0x84, 0x08, 0x84, 0x08, 0x84, 0x08, 0x84, 0x08, 0x84, 0x08, 0x84, 0x08, 0x84, 0x08, 0x84, 0x08, 0x84, 0x08, 0x84, 0x08, 0x84, 0x08, 0x84, 0x08, 0x84, 0x08, 0x84, 0x08, 0x84, 0x08,
  0x84, 0x08, 0x84, 0x08, 0x84, 0x08, 0x84, 0x08, 0x84, 0x08, 0x84, 0x08, 0x84, 0x08, 0x84, 0x08, 0x84, 0x08, 0x84, 0x08, 0x84, 0x08, 0x84, 0x08, 0x84, 0x08, 0x84, 0x08, 0x84, 0x08, 0x84, 0x08,
  0xc5, 0x10, 0x84, 0x08, 0x84, 0x08, 0x84, 0x08, 0x84, 0x08, 0x84, 0x08, 0x84, 0x08, 0x84, 0x08, 0x84, 0x08, 0x84, 0x08, 0x84, 0x08, 0x84, 0x08, 0x84, 0x08, 0x84, 0x08, 0x84, 0x08, 0x84, 0x08,
  0x84, 0x08, 0x84, 0x08, 0x84, 0x08, 0x84, 0x08, 0x84, 0x08, 0x84, 0x08, 0x84, 0x08, 0x84, 0x08, 0x84, 0x08, 0x84, 0x08, 0x84, 0x08, 0x84, 0x08, 0x84, 0x08, 0x84, 0x08, 0x84, 0x08, 0x84, 0x08,
  0xc5, 0x10, 0x84, 0x08, 0x84, 0x08, 0x84, 0x08, 0x84, 0x08, 0x84, 0x08, 0x84, 0x08, 0x84, 0x08, 0x84, 0x08, 0x84, 0x08, 0x84, 0x08, 0x84, 0x08, 0x84, 0x08, 0x84, 0x08, 0x84, 0x08, 0x84, 0x08,
  0x84, 0x08, 0x84, 0x08, 0x84, 0x08, 0x84, 0x08, 0x84, 0x08, 0x84, 0x08, 0x84, 0x08, 0x84, 0x08, 0x84, 0x08, 0x84, 0x08, 0x84, 0x08, 0x84, 0x08, 0x84, 0x08, 0x84, 0x08, 0x84, 0x08, 0x84, 0x08,
  0xc5, 0x10, 0x84, 0x08, 0x84, 0x08, 0x84, 0x08, 0x84, 0x08, 0x84, 0x08, 0x84, 0x08, 0x84, 0x08, 0x84, 0x08, 0x84, 0x08, 0x84, 0x08, 0x84, 0x08, 0x84, 0x08, 0x84, 0x08, 0x84, 0x08, 0x84, 0x08,
  0x84, 0x08, 0x84, 0x08, 0x84, 0x08, 0x84, 0x08, 0x84, 0x08, 0x84, 0x08, 0x84, 0x08, 0x84, 0x08, 0x84, 0x08, 0x84, 0x08, 0x84, 0x08, 0x84, 0x08, 0x84, 0x08, 0x84, 0x08, 0x84, 0x08, 0x84, 0x08,
  0xc5, 0x10, 0x84, 0x08, 0x84, 0x08, 0x84, 0x08, 0x84, 0x08, 0x84, 0x08, 0x84, 0x08, 0x84, 0x08, 0x84, 0x08, 0x84, 0x08, 0x84, 0x08, 0x84, 0x08, 0x84, 0x08, 0x84, 0x08, 0x84, 0x08, 0x84, 0x08,
  0x84, 0x08, 0x84, 0x08, 0x84, 0x08, 0x84, 0x08, 0x84, 0x08, 0x84, 0x08, 0x84, 0x08, 0x84, 0x08, 0x84, 0x08, 0x84, 0x08, 0x84, 0x08, 0x84, 0x08, 0x84, 0x08, 0x84, 0x08, 0x84, 0x08, 0x84, 0x08,
  0xc5, 0x10, 0x84, 0x08, 0x84, 0x08, 0x84, 0x08, 0x84, 0x08, 0x84, 0x08, 0x84, 0x08, 0x84, 0x08, 0x84, 0x08, 0x84, 0x08, 0x84, 0x08, 0x84, 0x08, 0x84, 0x08, 0x84, 0x08, 0x84, 0x08, 0x84, 0x08,
  0x84, 0x08, 0x84, 0x08, 0x84, 0x08, 0x84, 0x08, 0x84, 0x08, 0x84, 0x08, 0x84, 0x08, 0x84, 0x08, 0x84, 0x08, 0x84, 0x08, 0x84, 0x08, 0x84, 0x08, 0x84, 0x08, 0x84, 0x08, 0x84, 0x08, 0x84, 0x08,
  0xc5, 0x10, 0x84, 0x08, 0x84, 0x08, 0x84, 0x08, 0x84, 0x08, 0x84, 0x08, 0x84, 0x08, 0x84, 0x08, 0x84, 0x08, 0x84, 0x08, 0x84, 0x08, 0x84, 0x08, 0x84, 0x08, 0x84, 0x08, 0x84, 0x08, 0x84, 0x08,
  0x84, 0x08, 0x84, 0x08, 0x84, 0x08, 0x84, 0x08, 0x84, 0x08, 0x84, 0x08, 0x84, 0x08, 0x84, 0x08, 0x84, 0x08, 0x84, 0x08, 0x84, 0x08, 0x84, 0x08, 0x84, 0x08, 0x84, 0x08, 0x84, 0x08, 0x84, 0x08,
  0xc5, 0x10, 0x84, 0x08, 0x84, 0x08, 0x84, 0x08, 0x84, 0x08, 0x84, 0x08, 0x84, 0x08, 0x84, 0x08, 0x84, 0x08, 0x84, 0x08, 0x84, 0x08, 0x84, 0x08, 0x84, 0x08, 0x84, 0x08, 0x84, 0x08, 0x84, 0x08,
  0x84, 0x08, 0x84, 0x08, 0x84, 0x08, 0x84, 0x08, 0x84, 0x08, 0x84, 0x08, 0x84, 0x08, 0x84, 0x08, 0x84, 0x08, 0x84, 0x08, 0x84, 0x08, 0x84, 0x08, 0x84, 0x08, 0x84, 0x08, 0x84, 0x08, 0x84, 0x08,
  0xc5, 0x10, 0x84, 0x08, 0x84, 0x08, 0x84, 0x08, 0x84, 0x08, 0x84, 0x08, 0x84, 0x08, 0x84, 0x08, 0x84, 0x08, 0x84, 0x08, 0x84, 0x08, 0x84, 0x08, 0x84, 0x08, 0x84, 0x08, 0x84, 0x08, 0x84, 0x08,
  0x84, 0x08, 0x84, 0x08, 0x84, 0x08, 0x84, 0x08, 0x84, 0x08, 0x84, 0x08, 0x84, 0x08, 0x84, 0x08, 0x84, 0x08, 0x84, 0x08, 0x84, 0x08, 0x84, 0x08, 0x84, 0x08, 0x84, 0x08, 0x84, 0x08, 0x84, 0x08,
  0xc5, 0x10, 0x84, 0x08, 0x84, 0x08, 0x84, 0x08, 0x84, 0x08, 0x84, 0x08, 0x84, 0x08, 0x84, 0x08, 0x84, 0x08, 0x84, 0x08, 0x84, 0x08, 0x84, 0x08, 0x84, 0x08, 0x84, 0x08, 0x84, 0x08, 0x84, 0x08,
  0x84, 0x08, 0x84, 0x08, 0x84, 0x08, 0x84, 0x08, 0x84, 0x08, 0x84, 0x08, 0x84, 0x08, 0x84, 0x08, 0x84, 0x08, 0x84, 0x08, 0x84, 0x08, 0x84, 0x08, 0x84, 0x08, 0x84, 0x08, 0x84, 0x08, 0x84, 0x08,
  0xc5, 0x10, 0x84, 0x08, 0x84, 0x08, 0x84, 0x08, 0x84, 0x08, 0x84, 0x08, 0x84, 0x08, 0x84, 0x08, 0x84, 0x08, 0x84, 0x08, 0x84, 0x08, 0x84, 0x08, 0x84, 0x08, 0x84, 0x08, 0x84, 0x08, 0x84, 0x08,
  0x84, 0x08, 0x84, 0x08, 0x84, 0x08, 0x84, 0x08, 0x84, 0x08, 0x84, 0x08, 0x84, 0x08, 0x84, 0x08, 0x84, 0x08, 0x84, 0x08, 0x84, 0x08, 0x84, 0x08, 0x84, 0x08, 0x84, 0x08, 0x84, 0x08, 0x84, 0x08,
  0xc5, 0x10, 0x84, 0x08, 0x84, 0x08, 0x84, 0x08, 0x84, 0x08, 0x84, 0x08, 0x84, 0x08, 0x84, 0x08, 0x84, 0x08, 0x84, 0x08, 0x84, 0x08, 0x84, 0x08, 0x84, 0x08, 0x84, 0x08, 0x84, 0x08, 0x84, 0x08,
  0x84, 0x08, 0x84, 0x08, 0x84, 0x08, 0x84, 0x08, 0x84, 0x08, 0x84, 0x08, 0x84, 0x08, 0x84, 0x08, 0x84, 0x08, 0x84, 0x08, 0x84, 0x08, 0x84, 0x08, 0x84, 0x08, 0x84, 0x08, 0x84, 0x08, 0x84, 0x08,
  0xc5, 0x10, 0x84, 0x08, 0x84, 0x08, 0x84, 0x08, 0x84, 0x08, 0x84, 0x08, 0x84, 0x08, 0x84, 0x08, 0x84, 0x08, 0x84, 0x08, 0x84, 0x08, 0x84, 0x08, 0x84, 0x08, 0x84, 0x08, 0x84, 0x08, 0x84, 0x08,
  0x84, 0x08, 0x84, 0x08, 0x84, 0x08, 0x84, 0x08, 0x84, 0x08, 0x84, 0x08, 0x84, 0x08, 0x84, 0x08, 0x84, 0x08, 0x84, 0x08, 0x84, 0x08, 0x84, 0x08, 0x84, 0x08, 0x84, 0x08, 0x84, 0x08, 0x84, 0x08,
  0xc5, 0x10, 0x84, 0x08, 0x84, 0x08, 0x84, 0x08, 0x84, 0x08, 0x84, 0x08, 0x84, 0x08, 0x84, 0x08, 0x84, 0x08, 0x84, 0x08, 0x84, 0x08, 0x84, 0x08, 0x84, 0x08, 0x84, 0x08, 0x84, 0x08, 0x84, 0x08,
  0x84, 0x08, 0x84, 0x08, 0x84, 0x08, 0x84, 0x08, 0x84, 0x08, 0x84, 0x08, 0x84, 0x08, 0x84, 0x08, 0x84, 0x08, 0x84, 0x08, 0x84, 0x08, 0x84, 0x08, 0x84, 0x08, 0x84, 0x08, 0x84, 0x08, 0x84, 0x08,
  0xc5, 0x10, 0x84, 0x08, 0x84, 0x08, 0x84, 0x08, 0x84, 0x08, 0x84, 0x08, 0x84, 0x08, 0x84, 0x08, 0x84, 0x08, 0x84, 0x08, 0x84, 0x08, 0x84, 0x08, 0x84, 0x08, 0x84, 0x08, 0x84, 0x08, 0x84, 0x08,
  0x84, 0x08, 0x84, 0x08, 0x84, 0x08, 0x84, 0x08, 0x84, 0x08, 0x84, 0x08, 0x84, 0x08, 0x84, 0x08, 0x84, 0x08, 0x84, 0x08, 0x84, 0x08, 0x84, 0x08, 0x84, 0x08, 0x84, 0x08, 0x84, 0x08, 0x84, 0x08,
  0xc5, 0x10, 0x84, 0x08, 0x84, 0x08, 0x84, 0x08, 0x84, 0x08, 0x84, 0x08, 0x84, 0x08, 0x84, 0x08, 0x84, 0x08, 0x84, 0x08, 0x84, 0x08, 0x84, 0x08, 0x84, 0x08, 0x84, 0x08, 0x84, 0x08, 0x84, 0x08,
  0x84, 0x08, 0x84, 0x08, 0x84, 0x08, 0x84, 0x08, 0x84, 0x08, 0x84, 0x08, 0x84, 0x08, 0x84, 0x08, 0x84, 0x08, 0x84, 0x08, 0x84, 0x08, 0x84, 0x08, 0x84, 0x08, 0x84, 0x08, 0x84, 0x08, 0x84, 0x08,
  0xc5, 0x10, 0x84, 0x08, 0x84, 0x08, 0x84, 0x08, 0x84, 0x08, 0x84, 0x08, 0x84, 0x08, 0x84, 0x08, 0x84, 0x08, 0x84, 0x08, 0x84, 0x08, 0x84, 0x08, 0x84, 0x08, 0x84, 0x08, 0x84, 0x08, 0x84, 0x08,
  0x84, 0x08, 0x84, 0x08, 0x84, 0x08, 0x84, 0x08, 0x84, 0x08, 0x84, 0x08, 0x84, 0x08, 0x84, 0x08, 0x84, 0x08, 0x84, 0x08, 0x84, 0x08, 0x84, 0x08, 0x84, 0x08, 0x84, 0x08, 0x84, 0x08, 0x84, 0x08,
  0xc5, 0x10, 0x84, 0x08, 0x84, 0x08, 0x84, 0x08, 0x84, 0x08, 0x84, 0x08, 0x84, 0x08, 0x84, 0x08, 0x84, 0x08, 0x84, 0x08, 0x84, 0x08, 0x84, 0x08, 0x84, 0x08, 0x84, 0x08, 0x84, 0x08, 0x84, 0x08,
  0x84, 0x08, 0x84, 0x08, 0x84, 0x08, 0x84, 0x08, 0x84, 0x08, 0x84, 0x08, 0x84, 0x08, 0x84, 0x08, 0x84, 0x08, 0x84, 0x08, 0x84, 0x08, 0x84, 0x08, 0x84, 0x08, 0x84, 0x08, 0x84, 0x08, 0x84, 0x08,
  0xc5, 0x10, 0x84, 0x08, 0x84, 0x08, 0x84, 0x08, 0x84, 0x08, 0x84, 0x08, 0x84, 0x08, 0x84, 0x08, 0x84, 0x08, 0x84, 0x08, 0x84, 0x08, 0x84, 0x08, 0x84, 0x08, 0x84, 0x08, 0x84, 0x08, 0x84, 0x08,
  0x84, 0x08, 0x84, 0x08, 0x84, 0x08, 0x84, 0x08, 0x84, 0x08, 0x84, 0x08, 0x84, 0x08, 0x84, 0x08, 0x84, 0x08, 0x84, 0x08, 0x84, 0x08, 0x84, 0x08, 0x84, 0x08, 0x84, 0x08, 0x84, 0x08, 0x84, 0x08,
  0xc5, 0x10, 0x84, 0x08, 0x84, 0x08, 0x84, 0x08, 0x84, 0x08, 0x84, 0x08, 0x84, 0x08, 0x84, 0x08, 0x84, 0x08, 0x84, 0x08, 0x84, 0x08, 0x84, 0x08, 0x84, 0x08, 0x84, 0x08, 0x84, 0x08, 0x84, 0x08,
  0x84, 0x08, 0x84, 0x08, 0x84, 0x08, 0x84, 0x08, 0x84, 0x08, 0x84, 0x08, 0x84, 0x08, 0x84, 0x08, 0x84, 0x08, 0x84, 0x08, 0x84, 0x08, 0x84, 0x08, 0x84, 0x08, 0x84, 0x08, 0x84, 0x08, 0x84, 0x08,
  0xc5, 0x10, 0x84, 0x08, 0x84, 0x08, 0x84, 0x08, 0x84, 0x08, 0x84, 0x08, 0x84, 0x08, 0x84, 0x08, 0x84, 0x08, 0x84, 0x08, 0x84, 0x08, 0x84, 0x08, 0x84, 0x08, 0x84, 0x08, 0x84, 0x08, 0x84, 0x08,
  0x84, 0x08, 0x84, 0x08, 0x84, 0x08, 0x84, 0x08, 0x84, 0x08, 0x84, 0x08, 0x84, 0x08, 0x84, 0x08, 0x84, 0x08, 0x84, 0x08, 0x84, 0x08, 0x84, 0x08, 0x84, 0x08, 0x84, 0x08, 0x84, 0x08, 0x84, 0x08,
  0xc5, 0x10, 0x84, 0x08, 0x84, 0x08, 0x84, 0x08, 0x84, 0x08, 0x84, 0x08, 0x84, 0x08, 0x84, 0x08, 0x84, 0x08, 0x84, 0x08, 0x84, 0x08, 0x84, 0x08, 0x84, 0x08, 0x84, 0x08, 0x84, 0x08, 0x84, 0x08,
  0x84, 0x08, 0x84, 0x08, 0x84, 0x08, 0x84, 0x08, 0x84, 0x08, 0x84, 0x08, 0x84, 0x08, 0x84, 0x08, 0x84, 0x08, 0x84, 0x08, 0x84, 0x08, 0x84, 0x08, 0x84, 0x08, 0x84, 0x08, 0x84, 0x08, 0x84, 0x08,
  0xc5, 0x10, 0x84, 0x08, 0x84, 0x08, 0x84, 0x08, 0x84, 0x08, 0x84, 0x08, 0x84, 0x08, 0x84, 0x08, 0x84, 0x08, 0x84, 0x08, 0x84, 0x08, 0x84, 0x08, 0x84, 0x08, 0x84, 0x08, 0x84, 0x08, 0x84, 0x08,
  0x84, 0x08, 0x84, 0x08, 0x84, 0x08, 0x84, 0x08, 0x84, 0x08, 0x84, 0x08, 0x84, 0x08, 0x84, 0x08, 0x84, 0x08, 0x84, 0x08, 0x84, 0x08, 0x84, 0x08, 0x84, 0x08, 0x84, 0x08, 0x84, 0x08, 0x84, 0x08,
  0xc5, 0x10, 0x84, 0x08, 0x84, 0x08, 0x84, 0x08, 0x84, 0x08, 0x84, 0x08, 0x84, 0x08, 0x84, 0x08, 0x84, 0x08, 0x84, 0x08, 0x84, 0x08, 0x84, 0x08, 0x84, 0x08, 0x84, 0x08, 0x84, 0x08, 0x84, 0x08,
  0x84, 0x08, 0x84, 0x08, 0x84, 0x08, 0x84, 0x08, 0x84, 0x08, 0x84, 0x08, 0x84, 0x08, 0x84, 0x08, 0x84, 0x08, 0x84, 0x08, 0x84, 0x08, 0x84, 0x08, 0x84, 0x08, 0x84, 0x08, 0x84, 0x08, 0x84, 0x08,
  0xc5, 0x10, 0x84, 0x08, 0x84, 0x08, 0x84, 0x08, 0x84, 0x08, 0x84, 0x08, 0x84, 0x08, 0x84, 0x08, 0x84, 0x08, 0x84, 0x08, 0x84, 0x08, 0x84, 0x08, 0x84, 0x08, 0x84, 0x08, 0x84, 0x08, 0x84, 0x08,
  0x84, 0x08, 0x84, 0x08, 0x84, 0x08, 0x84, 0x08, 0x84, 0x08, 0x84, 0x08, 0x84, 0x08, 0x84, 0x08, 0x84, 0x08, 0x84, 0x08, 0x84, 0x08, 0x84, 0x08, 0x84, 0x08, 0x84, 0x08, 0x84, 0x08, 0x84, 0x08,
  0xc5, 0x10, 0x84, 0x08, 0x84, 0x08, 0x84, 0x08, 0x84, 0x08, 0x84, 0x08, 0x84, 0x08, 0x84, 0x08, 0x84, 0x08, 0x84, 0x08, 0x84, 0x08, 0x84, 0x08, 0x84, 0x08, 0x84, 0x08, 0x84, 0x08, 0x84, 0x08,
  0x84, 0x08, 0x84, 0x08, 0x84, 0x08, 0x84, 0x08, 0x84, 0x08, 0x84, 0x08, 0x84, 0x08, 0x84, 0x08, 0x84, 0x08, 0x84, 0x08, 0x84, 0x08, 0x84, 0x08, 0x84, 0x08, 0x84, 0x08, 0x84, 0x08, 0x84, 0x08,
  0xc5, 0x10, 0x84, 0x08, 0x84, 0x08, 0x84, 0x08, 0x84, 0x08, 0x84, 0x08, 0x84, 0x08, 0x84, 0x08, 0x84, 0x08, 0x84, 0x08, 0x84, 0x08, 0x84, 0x08, 0x84, 0x08, 0x84, 0x08, 0x84, 0x08, 0x84, 0x08,
  0x84, 0x08, 0x84, 0x08, 0x84, 0x08, 0x84, 0x08, 0x84, 0x08, 0x84, 0x08, 0x84, 0x08, 0x84, 0x08, 0x84, 0x08, 0x84, 0x08, 0x84, 0x08, 0x84, 0x08, 0x84, 0x08, 0x84, 0x08, 0x84, 0x08, 0x84, 0x08,
  0xc5, 0x10, 0x84, 0x08, 0x84, 0x08, 0x84, 0x08, 0x84, 0x08, 0x84, 0x08, 0x84, 0x08, 0x84, 0x08, 0x84, 0x08, 0x84, 0x08, 0x84, 0x08, 0x84, 0x08, 0x84, 0x08, 0x84, 0x08, 0x84, 0x08, 0x84, 0x08,
  0x84, 0x08, 0x84, 0x08, 0x84, 0x08, 0x84, 0x08, 0x84, 0x08, 0x84, 0x08, 0x84, 0x08, 0x84, 0x08, 0x84, 0x08, 0x84, 0x08, 0x84, 0x08, 0x84, 0x08, 0x84, 0x08, 0x84, 0x08, 0x84, 0x08, 0x84, 0x08,
  0xc5, 0x10, 0x84, 0x08, 0x84, 0x08, 0x84, 0x08, 0x84, 0x08, 0x84, 0x08, 0x84, 0x08, 0x84, 0x08, 0x84, 0x08, 0x84, 0x08, 0x84, 0x08, 0x84, 0x08, 0x84, 0x08, 0x84, 0x08, 0x84, 0x08, 0x84, 0x08,
  0x84, 0x08, 0x84, 0x08, 0x84, 0x08, 0x84, 0x08, 0x84, 0x08, 0x84, 0x08, 0x84, 0x08, 0x84, 0x08, 0x84, 0x08, 0x84, 0x08, 0x84, 0x08, 0x84, 0x08, 0x84, 0x08, 0x84, 0x08, 0x84, 0x08, 0x84, 0x08,
  0xc5, 0x10, 0x84, 0x08, 0x84, 0x08, 0x84, 0x08, 0x84, 0x08, 0x84, 0x08, 0x84, 0x08, 0x84, 0x08, 0x84, 0x08, 0x84, 0x08, 0x84, 0x08, 0x84, 0x08, 0x84, 0x08, 0x84, 0x08, 0x84, 0x08, 0x84, 0x08,
  0x84, 0x08, 0x84, 0x08, 0x84, 0x08, 0x84, 0x08, 0x84, 0x08, 0x84, 0x08, 0x84, 0x08, 0x84, 0x08, 0x84, 0x08, 0x84, 0x08, 0x84, 0x08, 0x84, 0x08, 0x84, 0x08, 0x84, 0x08, 0x84, 0x08, 0x84, 0x08,
  0xc5, 0x10, 0x84, 0x08, 0x84, 0x08, 0x84, 0x08, 0x84, 0x08, 0x84, 0x08, 0x84, 0x08, 0x84, 0x08, 0x84, 0x08, 0x84, 0x08, 0x84, 0x08, 0x84, 0x08, 0x84, 0x08, 0x84, 0x08, 0x84, 0x08, 0x84, 0x08,
  0x84, 0x08, 0x84, 0x08, 0x84, 0x08, 0x84, 0x08, 0x84, 0x08, 0x84, 0x08, 0x84, 0x08, 0x84, 0x08, 0x84, 0x08, 0x84, 0x08, 0x84, 0x08, 0x84, 0x08, 0x84, 0x08, 0x84, 0x08, 0x84, 0x08, 0x84, 0x08,
  0xc5, 0x10, 0x84, 0x08, 0x84, 0x08, 0x84, 0x08, 0x84, 0x08, 0x84, 0x08, 0x84, 0x08, 0x84, 0x08, 0x84, 0x08, 0x84, 0x08, 0x84, 0x08, 0x84, 0x08, 0x84, 0x08, 0x84, 0x08, 0x84, 0x08, 0x84, 0x08,
  0x84, 0x08, 0x84, 0x08, 0x84, 0x08, 0x84, 0x08, 0x84, 0x08, 0x84, 0x08, 0x84, 0x08, 0x84, 0x08, 0x84, 0x08, 0x84, 0x08, 0x84, 0x08, 0x84, 0x08, 0x84, 0x08, 0x84, 0x08, 0x84, 0x08, 0x84, 0x08,
  0xc5, 0x10, 0x84, 0x08, 0x84, 0x08, 0x84, 0x08, 0x84, 0x08, 0x84, 0x08, 0x84, 0x08, 0x84, 0x08, 0x84, 0x08, 0x84, 0x08, 0x84, 0x08, 0x84, 0x08, 0x84, 0x08, 0x84, 0x08, 0x84, 0x08, 0x84, 0x08,
  0x84, 0x08, 0x84, 0x08, 0x84, 0x08, 0x84, 0x08, 0x84, 0x08, 0x84, 0x08, 0x84, 0x08, 0x84, 0x08, 0x84, 0x08, 0x84, 0x08, 0x84, 0x08, 0x84, 0x08, 0x84, 0x08, 0x84, 0x08, 0x84, 0x08, 0x84, 0x08,
  0xc5, 0x10, 0x84, 0x08, 0x84, 0x08, 0x84, 0x08, 0x84, 0x08, 0x84, 0x08, 0x84, 0x08, 0x84, 0x08, 0x84, 0x08, 0x84, 0x08, 0x84, 0x08, 0x84, 0x08, 0x84, 0x08, 0x84, 0x08, 0x84, 0x08, 0x84, 0x08,
  0x84, 0x08, 0x84, 0x08, 0x84, 0x08, 0x84, 0x08, 0x84, 0x08, 0x84, 0x08, 0x84, 0x08, 0x84, 0x08, 0x84, 0x08, 0x84, 0x08, 0x84, 0x08, 0x84, 0x08, 0x84, 0x08, 0x84, 0x08, 0x84, 0x08, 0x84, 0x08,
  0xc5, 0x10, 0x84, 0x08, 0x84, 0x08, 0x84, 0x08, 0x84, 0x08, 0x84, 0x08, 0x84, 0x08, 0x84, 0x08, 0x84, 0x08, 0x84, 0x08, 0x84, 0x08, 0x84, 0x08, 0x84, 0x08, 0x84, 0x08, 0x84, 0x08, 0x84, 0x08,
  0x84, 0x08, 0x84, 0x08, 0x84, 0x08, 0x84, 0x08, 0x84, 0x08, 0x84, 0x08, 0x84, 0x08, 0x84, 0x08, 0x84, 0x08, 0x84, 0x08, 0x84, 0x08, 0x84, 0x08, 0x84, 0x08, 0x84, 0x08, 0x84, 0x08, 0x84, 0x08,
  0xc5, 0x10, 0x84, 0x08, 0x84, 0x08, 0x84, 0x08, 0x84, 0x08, 0x84, 0x08, 0x84, 0x08, 0x84, 0x08, 0x84, 0x08, 0x84, 0x08, 0x84, 0x08, 0x84, 0x08, 0x84, 0x08, 0x84, 0x08, 0x84, 0x08, 0x84, 0x08,
  0x84, 0x08, 0x84, 0x08, 0x84, 0x08, 0x84, 0x08, 0x84, 0x08, 0x84, 0x08, 0x84, 0x08, 0x84, 0x08, 0x84, 0x08, 0x84, 0x08, 0x84, 0x08, 0x84, 0x08, 0x84, 0x08, 0x84, 0x08, 0x84, 0x08, 0x84, 0x08,
  0xc5, 0x10, 0x84, 0x08, 0x84, 0x08, 0x84, 0x08, 0x84, 0x08, 0x84, 0x08, 0x84, 0x08, 0x84, 0x08, 0x84, 0x08, 0x84, 0x08, 0x84, 0x08, 0x84, 0x08, 0x84, 0x08, 0x84, 0x08, 0x84, 0x08, 0x84, 0x08,
  0x84, 0x08, 0x84, 0x08, 0x84, 0x08, 0x84, 0x08, 0x84, 0x08, 0x84, 0x08, 0x84, 0x08, 0x84, 0x08, 0x84, 0x08, 0x84, 0x08, 0x84, 0x08, 0x84, 0x08, 0x84, 0x08, 0x84, 0x08, 0x84, 0x08, 0x84, 0x08,
  0xc5, 0x10, 0x84, 0x08, 0x84, 0x08, 0x84, 0x08, 0x84, 0x08, 0x84, 0x08, 0x84, 0x08, 0x84, 0x08, 0x84, 0x08, 0x84, 0x08, 0x84, 0x08, 0x84, 0x08, 0x84, 0x08, 0x84, 0x08, 0x84, 0x08, 0x84, 0x08,
  0x84, 0x08, 0x84, 0x08, 0x84, 0x08, 0x84, 0x08, 0x84, 0x08, 0x84, 0x08, 0x84, 0x08, 0x84, 0x08, 0x84, 0x08, 0x84, 0x08, 0x84, 0x08, 0x84, 0x08, 0x84, 0x08, 0x84, 0x08, 0x84, 0x08, 0x84, 0x08,
  0xc5, 0x10, 0x84, 0x08, 0x84, 0x08, 0x84, 0x08, 0x84, 0x08, 0x84, 0x08, 0x84, 0x08, 0x84, 0x08, 0x84, 0x08, 0x84, 0x08, 0x84, 0x08, 0x84, 0x08, 0x84, 0x08, 0x84, 0x08, 0x84, 0x08, 0x84, 0x08,
  0x84, 0x08, 0x84, 0x08, 0x84, 0x08, 0x84, 0x08, 0x84, 0x08, 0x84, 0x08, 0x84, 0x08, 0x84, 0x08, 0x84, 0x08, 0x84, 0x08, 0x84, 0x08, 0x84, 0x08, 0x84, 0x08, 0x84, 0x08, 0x84, 0x08, 0x84, 0x08,
  0xc5, 0x10, 0x84, 0x08, 0x84, 0x08, 0x84, 0x08, 0x84, 0x08, 0x84, 0x08, 0x84, 0x08, 0x84, 0x08, 0x84, 0x08, 0x84, 0x08, 0x84, 0x08, 0x84, 0x08, 0x84, 0x08, 0x84, 0x08, 0x84, 0x08, 0x84, 0x08,
  0x84, 0x08, 0x84, 0x08, 0x84, 0x08, 0x84, 0x08, 0x84, 0x08, 0x84, 0x08, 0x84, 0x08, 0x84, 0x08, 0x84, 0x08, 0x84, 0x08, 0x84, 0x08, 0x84, 0x08, 0x84, 0x08, 0x84, 0x08, 0x84, 0x08, 0x84, 0x08,
  0xc5, 0x10, 0x84, 0x08, 0x84, 0x08, 0x84, 0x08, 0x84, 0x08, 0x84, 0x08, 0x84, 0x08, 0x84, 0x08, 0x84, 0x08, 0x84, 0x08, 0x84, 0x08, 0x84, 0x08, 0x84, 0x08, 0x84, 0x08, 0x84, 0x08, 0x84, 0x08,
  0x84, 0x08, 0x84, 0x08, 0x84, 0x08, 0x84, 0x08, 0x84, 0x08, 0x84, 0x08, 0x84, 0x08, 0x84, 0x08, 0x84, 0x08, 0x84, 0x08, 0x84, 0x08, 0x84, 0x08, 0x84, 0x08, 0x84, 0x08, 0x84, 0x08, 0x84, 0x08,
  0xc5, 0x10, 0x84, 0x08, 0x84, 0x08, 0x84, 0x08, 0x84, 0x08, 0x84, 0x08, 0x84, 0x08, 0x84, 0x08, 0x84, 0x08, 0x84, 0x08, 0x84, 0x08, 0x84, 0x08, 0x84, 0x08, 0x84, 0x08, 0x84, 0x08, 0x84, 0x08,
  0x84, 0x08, 0x84, 0x08, 0x84, 0x08, 0x84, 0x08, 0x84, 0x08, 0x84, 0x08, 0x84, 0x08, 0x84, 0x08, 0x84, 0x08, 0x84, 0x08, 0x84, 0x08, 0x84, 0x08, 0x84, 0x08, 0x84, 0x08, 0x84, 0x08, 0x84, 0x08,
  0xc5, 0x10, 0x84, 0x08, 0x84, 0x08, 0x84, 0x08, 0x84, 0x08, 0x84, 0x08, 0x84, 0x08, 0x84, 0x08, 0x84, 0x08, 0x84, 0x08, 0x84, 0x08, 0x84, 0x08, 0x84, 0x08, 0x84, 0x08, 0x84, 0x08, 0x84, 0x08,
  0x84, 0x08, 0x84, 0x08, 0x84, 0x08, 0x84, 0x08, 0x84, 0x08, 0x84, 0x08, 0x84, 0x08, 0x84, 0x08, 0x84, 0x08, 0x84, 0x08, 0x84, 0x08, 0x84, 0x08, 0x84, 0x08, 0x84, 0x08, 0x84, 0x08, 0x84, 0x08,
  0xc5, 0x10, 0x84, 0x08, 0x84, 0x08, 0x84, 0x08, 0x84, 0x08, 0x84, 0x08, 0x84, 0x08, 0x84, 0x08, 0x84, 0x08, 0x84, 0x08, 0x84, 0x08, 0x84, 0x08, 0x84, 0x08, 0x84, 0x08, 0x84, 0x08, 0x84, 0x08,
  0x84, 0x08, 0x84, 0x08, 0x84, 0x08, 0x84, 0x08, 0x84, 0x08, 0x84, 0x08, 0x84, 0x08, 0x84, 0x08, 0x84, 0x08, 0x84, 0x08, 0x84, 0x08, 0x84, 0x08, 0x84, 0x08, 0x84, 0x08, 0x84, 0x08, 0x84, 0x08,
  0xc5, 0x10, 0x84, 0x08, 0x84, 0x08, 0x84, 0x08, 0x84, 0x08, 0x84, 0x08, 0x84, 0x08, 0x84, 0x08, 0x84, 0x08, 0x84, 0x08, 0x84, 0x08, 0x84, 0x08, 0x84, 0x08, 0x84, 0x08, 0x84, 0x08, 0x84, 0x08,
  0x84, 0x08, 0x84, 0x08, 0x84, 0x08, 0x84, 0x08, 0x84, 0x08, 0x84, 0x08, 0x84, 0x08, 0x84, 0x08, 0x84, 0x08, 0x84, 0x08, 0x84, 0x08, 0x84, 0x08, 0x84, 0x08, 0x84, 0x08, 0x84, 0x08, 0x84, 0x08,
  0xc5, 0x10, 0x84, 0x08, 0x84, 0x08, 0x84, 0x08, 0x84, 0x08, 0x84, 0x08, 0x84, 0x08, 0x84, 0x08, 0x84, 0x08, 0x84, 0x08, 0x84, 0x08, 0x84, 0x08, 0x84, 0x08, 0x84, 0x08, 0x84, 0x08, 0x84, 0x08,
  0x84, 0x08, 0x84, 0x08, 0x84, 0x08, 0x84, 0x08, 0x84, 0x08, 0x84, 0x08, 0x84, 0x08, 0x84, 0x08, 0x84, 0x08, 0x84, 0x08, 0x84, 0x08, 0x84, 0x08, 0x84, 0x08, 0x84, 0x08, 0x84, 0x08, 0x84, 0x08,
  0xc5, 0x10, 0x84, 0x08, 0x84, 0x08, 0x84, 0x08, 0x84, 0x08, 0x84, 0x08, 0x84, 0x08, 0x84, 0x08, 0x84, 0x08, 0x84, 0x08, 0x84, 0x08, 0x84, 0x08, 0x84, 0x08, 0x84, 0x08, 0x84, 0x08, 0x84, 0x08,
  0x84, 0x08, 0x84, 0x08, 0x84, 0x08, 0x84, 0x08, 0x84, 0x08, 0x84, 0x08, 0x84, 0x08, 0x84, 0x08, 0x84, 0x08, 0x84, 0x08, 0x84, 0x08, 0x84, 0x08, 0x84, 0x08, 0x84, 0x08, 0x84, 0x08, 0x84, 0x08,
  0xc5, 0x10, 0x84, 0x08, 0x84, 0x08, 0x84, 0x08, 0x84, 0x08, 0x84, 0x08, 0x84, 0x08, 0x84, 0x08, 0x84, 0x08, 0x84, 0x08, 0x84, 0x08, 0x84, 0x08, 0x84, 0x08, 0x84, 0x08, 0x84, 0x08, 0x84, 0x08,
  0x84, 0x08, 0x84, 0x08, 0x84, 0x08, 0x84, 0x08, 0x84, 0x08, 0x84, 0x08, 0x84, 0x08, 0x84, 0x08, 0x84, 0x08, 0x84, 0x08, 0x84, 0x08, 0x84, 0x08, 0x84, 0x08, 0x84, 0x08, 0x84, 0x08, 0x84, 0x08,
  0xc5, 0x10, 0x84, 0x08, 0x84, 0x08, 0x84, 0x08, 0x84, 0x08, 0x84, 0x08, 0x84, 0x08, 0x84, 0x08, 0x84, 0x08, 0x84, 0x08, 0x84, 0x08, 0x84, 0x08, 0x84, 0x08, 0x84, 0x08, 0x84, 0x08, 0x84, 0x08,
  0x84, 0x08, 0x84, 0x08, 0x84, 0x08, 0x84, 0x08, 0x84, 0x08, 0x84, 0x08, 0x84, 0x08, 0x84, 0x08, 0x84, 0x08, 0x84, 0x08, 0x84, 0x08, 0x84, 0x08, 0x84, 0x08, 0x84, 0x08, 0x84, 0x08, 0x84, 0x08,
  0xc5, 0x10, 0x84, 0x08, 0x84, 0x08, 0x84, 0x08, 0x84, 0x08, 0x84, 0x08, 0x84, 0x08, 0x84, 0x08, 0x84, 0x08, 0x84, 0x08, 0x84, 0x08, 0x84, 0x08, 0x84, 0x08, 0x84, 0x08, 0x84, 0x08, 0x84, 0x08,
  0x84, 0x08, 0x84, 0x08, 0x84, 0x08, 0x84, 0x08, 0x84, 0x08, 0x84, 0x08, 0x84, 0x08, 0x84, 0x08, 0x84, 0x08, 0x84, 0x08, 0x84, 0x08, 0x84, 0x08, 0x84, 0x08, 0x84, 0x08, 0x84, 0x08, 0x84, 0x08,
  0xc5, 0x10, 0x84, 0x08, 0x84, 0x08, 0x84, 0x08, 0x84, 0x08, 0x84, 0x08, 0x84, 0x08, 0x84, 0x08, 0x84, 0x08, 0x84, 0x08, 0x84, 0x08, 0x84, 0x08, 0x84, 0x08, 0x84, 0x08, 0x84, 0x08, 0x84, 0x08,
  0x84, 0x08, 0x84, 0x08, 0x84, 0x08, 0x84, 0x08, 0x84, 0x08, 0x84, 0x08, 0x84, 0x08, 0x84, 0x08, 0x84, 0x08, 0x84, 0x08, 0x84, 0x08, 0x84, 0x08, 0x84, 0x08, 0x84, 0x08, 0x84, 0x08, 0x84, 0x08,
  0xc5, 0x10, 0x84, 0x08, 0x84, 0x08, 0x84, 0x08, 0x84, 0x08, 0x84, 0x08, 0x84, 0x08, 0x84, 0x08, 0x84, 0x08, 0x84, 0x08, 0x84, 0x08, 0x84, 0x08, 0x84, 0x08, 0x84, 0x08, 0x84, 0x08, 0x84, 0x08,
  0x84, 0x08, 0x84, 0x08, 0x84, 0x08, 0x84, 0x08, 0x84, 0x08, 0x84, 0x08, 0x84, 0x08, 0x84, 0x08, 0x84, 0x08, 0x84, 0x08, 0x84, 0x08, 0x84, 0x08, 0x84, 0x08, 0x84, 0x08, 0x84, 0x08, 0x84, 0x08,
  0xc5, 0x10, 0x84, 0x08, 0x84, 0x08, 0x84, 0x08, 0x84, 0x08, 0x84, 0x08, 0x84, 0x08, 0x84, 0x08, 0x84, 0x08, 0x84, 0x08, 0x84, 0x08, 0x84, 0x08, 0x84, 0x08, 0x84, 0x08, 0x84, 0x08, 0x84, 0x08,
  0x84, 0x08, 0x84, 0x08, 0x84, 0x08, 0x84, 0x08, 0x84, 0x08, 0x84, 0x08, 0x84, 0x08, 0x84, 0x08, 0x84, 0x08, 0x84, 0x08, 0x84, 0x08, 0x84, 0x08, 0x84, 0x08, 0x84, 0x08, 0x84, 0x08, 0x84, 0x08,
  0xc5, 0x10, 0x84, 0x08, 0x84, 0x08, 0x84, 0x08, 0x84, 0x08, 0x84, 0x08, 0x84, 0x08, 0x84, 0x08, 0x84, 0x08, 0x84, 0x08, 0x84, 0x08, 0x84, 0x08, 0x84, 0x08, 0x84, 0x08, 0x84, 0x08, 0x84, 0x08,
  0x84, 0x08, 0x84, 0x08, 0x84, 0x08, 0x84, 0x08, 0x84, 0x08, 0x84, 0x08, 0x84, 0x08, 0x84, 0x08, 0x84, 0x08, 0x84, 0x08, 0x84, 0x08, 0x84, 0x08, 0x84, 0x08, 0x84, 0x08, 0x84, 0x08, 0x84, 0x08,
  0xc5, 0x10, 0x84, 0x08, 0x84, 0x08, 0x84, 0x08, 0x84, 0x08, 0x84, 0x08, 0x84, 0x08, 0x84, 0x08, 0x84, 0x08, 0x84, 0x08, 0x84, 0x08, 0x84, 0x08, 0x84, 0x08, 0x84, 0x08, 0x84, 0x08, 0x84, 0x08,
  0x84, 0x08, 0x84, 0x08, 0x84, 0x08, 0x84, 0x08, 0x84, 0x08, 0x84, 0x08, 0x84, 0x08, 0x84, 0x08, 0x84, 0x08, 0x84, 0x08, 0x84, 0x08, 0x84, 0x08, 0x84, 0x08, 0x84, 0x08, 0x84, 0x08, 0x84, 0x08,
  0xc5, 0x10, 0x84, 0x08, 0x84, 0x08, 0x84, 0x08, 0x84, 0x08, 0x84, 0x08, 0x84, 0x08, 0x84, 0x08, 0x84, 0x08, 0x84, 0x08, 0x84, 0x08, 0x84, 0x08, 0x84, 0x08, 0x84, 0x08, 0x84, 0x08, 0x84, 0x08,
  0x84, 0x08, 0x84, 0x08, 0x84, 0x08, 0x84, 0x08, 0x84, 0x08, 0x84, 0x08, 0x84, 0x08, 0x84, 0x08, 0x84, 0x08, 0x84, 0x08, 0x84, 0x08, 0x84, 0x08, 0x84, 0x08, 0x84, 0x08, 0x84, 0x08, 0x84, 0x08,
  0xc5, 0x10, 0x84, 0x08, 0x84, 0x08, 0x84, 0x08, 0x84, 0x08, 0x84, 0x08, 0x84, 0x08, 0x84, 0x08, 0x84, 0x08, 0x84, 0x08, 0x84, 0x08, 0x84, 0x08, 0x84, 0x08, 0x84, 0x08, 0x84, 0x08, 0x84, 0x08,
  0x84, 0x08, 0x84, 0x08, 0x84, 0x08, 0x84, 0x08, 0x84, 0x08, 0x84, 0x08, 0x84, 0x08, 0x84, 0x08, 0x84, 0x08, 0x84, 0x08, 0x84, 0x08, 0x84, 0x08, 0x84, 0x08, 0x84, 0x08, 0x84, 0x08, 0x84, 0x08,
  0xc5, 0x10, 0x84, 0x08, 0x84, 0x08, 0x84, 0x08, 0x84, 0x08, 0x84, 0x08, 0x84, 0x08, 0x84, 0x08, 0x84, 0x08, 0x84, 0x08, 0x84, 0x08, 0x84, 0x08, 0x84, 0x08, 0x84, 0x08, 0x84, 0x08, 0x84, 0x08,
  0x84, 0x08, 0x84, 0x08, 0x84, 0x08, 0x84, 0x08, 0x84, 0x08, 0x84, 0x08, 0x84, 0x08, 0x84, 0x08, 0x84, 0x08, 0x84, 0x08, 0x84, 0x08, 0x84, 0x08, 0x84, 0x08, 0x84, 0x08, 0x84, 0x08, 0x84, 0x08,
  0xc5, 0x10, 0x84, 0x08, 0x84, 0x08, 0x84, 0x08, 0x84, 0x08, 0x84, 0x08, 0x84, 0x08, 0x84, 0x08, 0x84, 0x08, 0x84, 0x08, 0x84, 0x08, 0x84, 0x08, 0x84, 0x08, 0x84, 0x08, 0x84, 0x08, 0x84, 0x08,
  0x84, 0x08, 0x84, 0x08, 0x84, 0x08, 0x84, 0x08, 0x84, 0x08, 0x84, 0x08, 0x84, 0x08, 0x84, 0x08, 0x84, 0x08, 0x84, 0x08, 0x84, 0x08, 0x84, 0x08, 0x84, 0x08, 0x84, 0x08, 0x84, 0x08, 0x84, 0x08,
  0xc5, 0x10, 0x84, 0x08, 0x84, 0x08, 0x84, 0x08, 0x84, 0x08, 0x84, 0x08, 0x84, 0x08, 0x84, 0x08, 0x84, 0x08, 0x84, 0x08, 0x84, 0x08, 0x84, 0x08, 0x84, 0x08, 0x84, 0x08, 0x84, 0x08, 0x84, 0x08,
  0x84, 0x08, 0x84, 0x08, 0x84, 0x08, 0x84, 0x08, 0x84, 0x08, 0x84, 0x08, 0x84, 0x08, 0x84, 0x08, 0x84, 0x08, 0x84, 0x08, 0x84, 0x08, 0x84, 0x08, 0x84, 0x08, 0x84, 0x08, 0x84, 0x08, 0x84, 0x08,
  0xc5, 0x10, 0x84, 0x08, 0x84, 0x08, 0x84, 0x08, 0x84, 0x08, 0x84, 0x08, 0x84, 0x08, 0x84, 0x08, 0x84, 0x08, 0x84, 0x08, 0x84, 0x08, 0x84, 0x08, 0x84, 0x08, 0x84, 0x08, 0x84, 0x08, 0x84, 0x08,
  0x84, 0x08, 0x84, 0x08, 0x84, 0x08, 0x84, 0x08, 0x84, 0x08, 0x84, 0x08, 0x84, 0x08, 0x84, 0x08, 0x84, 0x08, 0x84, 0x08, 0x84, 0x08, 0x84, 0x08, 0x84, 0x08, 0x84, 0x08, 0x84, 0x08, 0x84, 0x08,
  0xc5, 0x10, 0x84, 0x08, 0x84, 0x08, 0x84, 0x08, 0x84, 0x08, 0x84, 0x08, 0x84, 0x08, 0x84, 0x08, 0x84, 0x08, 0x84, 0x08, 0x84, 0x08, 0x84, 0x08, 0x84, 0x08, 0x84, 0x08, 0x84, 0x08, 0x84, 0x08,
  0x84, 0x08, 0x84, 0x08, 0x84, 0x08, 0x84, 0x08, 0x84, 0x08, 0x84, 0x08, 0x84, 0x08, 0x84, 0x08, 0x84, 0x08, 0x84, 0x08, 0x84, 0x08, 0x84, 0x08, 0x84, 0x08, 0x84, 0x08, 0x84, 0x08, 0x84, 0x08,
  0xc5, 0x10, 0x84, 0x08, 0x84, 0x08, 0x84, 0x08, 0x84, 0x08, 0x84, 0x08, 0x84, 0x08, 0x84, 0x08, 0x84, 0x08, 0x84, 0x08, 0x84, 0x08, 0x84, 0x08, 0x84, 0x08, 0x84, 0x08, 0x84, 0x08, 0x84, 0x08,
  0x84, 0x08, 0x84, 0x08, 0x84, 0x08, 0x84, 0x08, 0x84, 0x08, 0x84, 0x08, 0x84, 0x08, 0x84, 0x08, 0x84, 0x08, 0x84, 0x08, 0x84, 0x08, 0x84, 0x08, 0x84, 0x08, 0x84, 0x08, 0x84, 0x08, 0x84, 0x08,
  0xc5, 0x10, 0x84, 0x08, 0x84, 0x08, 0x84, 0x08, 0x84, 0x08, 0x84, 0x08, 0x84, 0x08, 0x84, 0x08, 0x84, 0x08, 0x84, 0x08, 0x84, 0x08, 0x84, 0x08, 0x84, 0x08, 0x84, 0x08, 0x84, 0x08, 0x84, 0x08,
  0x84, 0x08, 0x84, 0x08, 0x84, 0x08, 0x84, 0x08, 0x84, 0x08, 0x84, 0x08, 0x84, 0x08, 0x84, 0x08, 0x84, 0x08, 0x84, 0x08, 0x84, 0x08, 0x84, 0x08, 0x84, 0x08, 0x84, 0x08, 0x84, 0x08, 0x84, 0x08,
  0xc5, 0x10, 0x84, 0x08, 0x84, 0x08, 0x84, 0x08, 0x84, 0x08, 0x84, 0x08, 0x84, 0x08, 0x84, 0x08, 0x84, 0x08, 0x84, 0x08, 0x84, 0x08, 0x84, 0x08, 0x84, 0x08, 0x84, 0x08, 0x84, 0x08, 0x84, 0x08,
  0x84, 0x08, 0x84, 0x08, 0x84, 0x08, 0x84, 0x08, 0x84, 0x08, 0x84, 0x08, 0x84, 0x08, 0x84, 0x08, 0x84, 0x08, 0x84, 0x08, 0x84, 0x08, 0x84, 0x08, 0x84, 0x08, 0x84, 0x08, 0x84, 0x08, 0x84, 0x08,
  0xc5, 0x10, 0x84, 0x08, 0x84, 0x08, 0x84, 0x08, 0x84, 0x08, 0x84, 0x08, 0x84, 0x08, 0x84, 0x08, 0x84, 0x08, 0x84, 0x08, 0x84, 0x08, 0x84, 0x08, 0x84, 0x08, 0x84, 0x08, 0x84, 0x08, 0x84, 0x08,
  0x84, 0x08, 0x84, 0x08, 0x84, 0x08, 0x84, 0x08, 0x84, 0x08, 0x84, 0x08, 0x84, 0x08, 0x84, 0x08, 0x84, 0x08, 0x84, 0x08, 0x84, 0x08, 0x84, 0x08, 0x84, 0x08, 0x84, 0x08, 0x84, 0x08, 0x84, 0x08,
  0xc5, 0x10, 0x84, 0x08, 0x84, 0x08, 0x84, 0x08, 0x84, 0x08, 0x84, 0x08, 0x84, 0x08, 0x84, 0x08, 0x84, 0x08, 0x84, 0x08, 0x84, 0x08, 0x84, 0x08, 0x84, 0x08, 0x84, 0x08, 0x84, 0x08, 0x84, 0x08,
  0x84, 0x08, 0x84, 0x08, 0x84, 0x08, 0x84, 0x08, 0x84, 0x08, 0x84, 0x08, 0x84, 0x08, 0x84, 0x08, 0x84, 0x08, 0x84, 0x08, 0x84, 0x08, 0x84, 0x08, 0x84, 0x08, 0x84, 0x08, 0x84, 0x08, 0x84, 0x08,
  0xc5, 0x10, 0x84, 0x08, 0x84, 0x08, 0x84, 0x08, 0x84, 0x08, 0x84, 0x08, 0x84, 0x08, 0x84, 0x08, 0x84, 0x08, 0x84, 0x08, 0x84, 0x08, 0x84, 0x08, 0x84, 0x08, 0x84, 0x08, 0x84, 0x08, 0x84, 0x08,
  0x84, 0x08, 0x84, 0x08, 0x84, 0x08, 0x84, 0x08, 0x84, 0x08, 0x84, 0x08, 0x84, 0x08, 0x84, 0x08, 0x84, 0x08, 0x84, 0x08, 0x84, 0x08, 0x84, 0x08, 0x84, 0x08, 0x84, 0x08, 0x84, 0x08, 0x84, 0x08,
  0xc5, 0x10, 0x84, 0x08, 0x84, 0x08, 0x84, 0x08, 0x84, 0x08, 0x84, 0x08, 0x84, 0x08, 0x84, 0x08, 0x84, 0x08, 0x84, 0x08, 0x84, 0x08, 0x84, 0x08, 0x84, 0x08, 0x84, 0x08, 0x84, 0x08, 0x84, 0x08,
  0x84, 0x08, 0x84, 0x08, 0x84, 0x08, 0x84, 0x08, 0x84, 0x08, 0x84, 0x08, 0x84, 0x08, 0x84, 0x08, 0x84, 0x08, 0x84, 0x08, 0x84, 0x08, 0x84, 0x08, 0x84, 0x08, 0x84, 0x08, 0x84, 0x08, 0x84, 0x08,
  0xc5, 0x10, 0x84, 0x08, 0x84, 0x08, 0x84, 0x08, 0x84, 0x08, 0x84, 0x08, 0x84, 0x08, 0x84, 0x08, 0x84, 0x08, 0x84, 0x08, 0x84, 0x08, 0x84, 0x08, 0x84, 0x08, 0x84, 0x08, 0x84, 0x08, 0x84, 0x08,
  0x84, 0x08, 0x84, 0x08, 0x84, 0x08, 0x84, 0x08, 0x84, 0x08, 0x84, 0x08, 0x84, 0x08, 0x84, 0x08, 0x84, 0x08, 0x84, 0x08, 0x84, 0x08, 0x84, 0x08, 0x84, 0x08, 0x84, 0x08, 0x84, 0x08, 0x84, 0x08,
  0xc5, 0x10, 0x84, 0x08, 0x84, 0x08, 0x84, 0x08, 0x84, 0x08, 0x84, 0x08, 0x84, 0x08, 0x84, 0x08, 0x84, 0x08, 0x84, 0x08, 0x84, 0x08, 0x84, 0x08, 0x84, 0x08, 0x84, 0x08, 0x84, 0x08, 0x84, 0x08,
  0x84, 0x08, 0x84, 0x08, 0x84, 0x08, 0x84, 0x08, 0x84, 0x08, 0x84, 0x08, 0x84, 0x08, 0x84, 0x08, 0x84, 0x08, 0x84, 0x08, 0x84, 0x08, 0x84, 0x08, 0x84, 0x08, 0x84, 0x08, 0x84, 0x08, 0x84, 0x08,
  0xc5, 0x10, 0x84, 0x08, 0x84, 0x08, 0x84, 0x08, 0x84, 0x08, 0x84, 0x08, 0x84, 0x08, 0x84, 0x08, 0x84, 0x08, 0x84, 0x08, 0x84, 0x08, 0x84, 0x08, 0x84, 0x08, 0x84, 0x08, 0x84, 0x08, 0x84, 0x08,
  0x84, 0x08, 0x84, 0x08, 0x84, 0x08, 0x84, 0x08, 0x84, 0x08, 0x84, 0x08, 0x84, 0x08, 0x84, 0x08, 0x84, 0x08, 0x84, 0x08, 0x84, 0x08, 0x84, 0x08, 0x84, 0x08, 0x84, 0x08, 0x84, 0x08, 0x84, 0x08,
  0xc5, 0x10, 0x84, 0x08, 0x84, 0x08, 0x84, 0x08, 0x84, 0x08, 0x84, 0x08, 0x84, 0x08, 0x84, 0x08, 0x84, 0x08, 0x84, 0x08, 0x84, 0x08, 0x84, 0x08, 0x84, 0x08, 0x84, 0x08, 0x84, 0x08, 0x84, 0x08,
  0x84, 0x08, 0x84, 0x08, 0x84, 0x08, 0x84, 0x08, 0x84, 0x08, 0x84, 0x08, 0x84, 0x08, 0x84, 0x08, 0x84, 0x08, 0x84, 0x08, 0x84, 0x08, 0x84, 0x08, 0x84, 0x08, 0x84, 0x08, 0x84, 0x08, 0x84, 0x08,
  0xc5, 0x10, 0x84, 0x08, 0x84, 0x08, 0x84, 0x08, 0x84, 0x08, 0x84, 0x08, 0x84, 0x08, 0x84, 0x08, 0x84, 0x08, 0x84, 0x08, 0x84, 0x08, 0x84, 0x08, 0x84, 0x08, 0x84, 0x08, 0x84, 0x08, 0x84, 0x08,
  0x84, 0x08, 0x84, 0x08, 0x84, 0x08, 0x84, 0x08, 0x84, 0x08, 0x84, 0x08, 0x84, 0x08, 0x84, 0x08, 0x84, 0x08, 0x84, 0x08, 0x84, 0x08, 0x84, 0x08, 0x84, 0x08, 0x84, 0x08, 0x84, 0x08, 0x84, 0x08,
  0xc5, 0x10, 0x84, 0x08, 0x84, 0x08, 0x84, 0x08, 0x84, 0x08, 0x84, 0x08, 0x84, 0x08, 0x84, 0x08, 0x84, 0x08, 0x84, 0x08, 0x84, 0x08, 0x84, 0x08, 0x84, 0x08, 0x84, 0x08, 0x84, 0x08, 0x84, 0x08,
  0x84, 0x08, 0x84, 0x08, 0x84, 0x08, 0x84, 0x08, 0x84, 0x08, 0x84, 0x08, 0x84, 0x08, 0x84, 0x08, 0x84, 0x08, 0x84, 0x08, 0x84, 0x08, 0x84, 0x08, 0x84, 0x08, 0x84, 0x08, 0x84, 0x08, 0x84, 0x08,
  0xc5, 0x10, 0x84, 0x08, 0x84, 0x08, 0x84, 0x08, 0x84, 0x08, 0x84, 0x08, 0x84, 0x08, 0x84, 0x08, 0x84, 0x08, 0x84, 0x08, 0x84, 0x08, 0x84, 0x08, 0x84, 0x08, 0x84, 0x08, 0x84, 0x08, 0x84, 0x08,
  0x84, 0x08, 0x84, 0x08, 0x84, 0x08, 0x84, 0x08, 0x84, 0x08, 0x84, 0x08, 0x84, 0x08, 0x84, 0x08, 0x84, 0x08, 0x84, 0x08, 0x84, 0x08, 0x84, 0x08, 0x84, 0x08, 0x84, 0x08, 0x84, 0x08, 0x84, 0x08,
  0xc5, 0x10, 0x84, 0x08, 0x84, 0x08, 0x84, 0x08, 0x84, 0x08, 0x84, 0x08, 0x84, 0x08, 0x84, 0x08, 0x84, 0x08, 0x84, 0x08, 0x84, 0x08, 0x84, 0x08, 0x84, 0x08, 0x84, 0x08, 0x84, 0x08, 0x84, 0x08,
  0x84, 0x08, 0x84, 0x08, 0x84, 0x08, 0x84, 0x08, 0x84, 0x08, 0x84, 0x08, 0x84, 0x08, 0x84, 0x08, 0x84, 0x08, 0x84, 0x08, 0x84, 0x08, 0x84, 0x08, 0x84, 0x08, 0x84, 0x08, 0x84, 0x08, 0x84, 0x08,
  0xc5, 0x10, 0x84, 0x08, 0x84, 0x08, 0x84, 0x08, 0x84, 0x08, 0x84, 0x08, 0x84, 0x08, 0x84, 0x08, 0x84, 0x08, 0x84, 0x08, 0x84, 0x08, 0x84, 0x08, 0x84, 0x08, 0x84, 0x08, 0x84, 0x08, 0x84, 0x08,
  0x84, 0x08, 0x84, 0x08, 0x84, 0x08, 0x84, 0x08, 0x84, 0x08, 0x84, 0x08, 0x84, 0x08, 0x84, 0x08, 0x84, 0x08, 0x84, 0x08, 0x84, 0x08, 0x84, 0x08, 0x84, 0x08, 0x84, 0x08, 0x84, 0x08, 0x84, 0x08,
  0xc5, 0x10, 0x84, 0x08, 0x84, 0x08, 0x84, 0x08, 0x84, 0x08, 0x84, 0x08, 0x84, 0x08, 0x84, 0x08, 0x84, 0x08, 0x84, 0x08, 0x84, 0x08, 0x84, 0x08, 0x84, 0x08, 0x84, 0x08, 0x84, 0x08, 0x84, 0x08,
  0x84, 0x08, 0x84, 0x08, 0x84, 0x08, 0x84, 0x08, 0x84, 0x08, 0x84, 0x08, 0x84, 0x08, 0x84, 0x08, 0x84, 0x08, 0x84, 0x08, 0x84, 0x08, 0x84, 0x08, 0x84, 0x08, 0x84, 0x08, 0x84, 0x08, 0x84, 0x08,
  0xc5, 0x10, 0x84, 0x08, 0x84, 0x08, 0x84, 0x08, 0x84, 0x08, 0x84, 0x08, 0x84, 0x08, 0x84, 0x08, 0x84, 0x08, 0x84, 0x08, 0x84, 0x08, 0x84, 0x08, 0x84, 0x08, 0x84, 0x08, 0x84, 0x08, 0x84, 0x08,
  0x84, 0x08, 0x84, 0x08, 0x84, 0x08, 0x84, 0x08, 0x84, 0x08, 0x84, 0x08, 0x84, 0x08, 0x84, 0x08, 0x84, 0x08, 0x84, 0x08, 0x84, 0x08, 0x84, 0x08, 0x84, 0x08, 0x84, 0x08, 0x84, 0x08, 0x84, 0x08,
  0xc5, 0x10, 0x84, 0x08, 0x84, 0x08, 0x84, 0x08, 0x84, 0x08, 0x84, 0x08, 0x84, 0x08, 0x84, 0x08, 0x84, 0x08, 0x84, 0x08, 0x84, 0x08, 0x84, 0x08, 0x84, 0x08, 0x84, 0x08, 0x84, 0x08, 0x84, 0x08,
  0x84, 0x08, 0x84, 0x08, 0x84, 0x08, 0x84, 0x08, 0x84, 0x08, 0x84, 0x08, 0x84, 0x08, 0x84, 0x08, 0x84, 0x08, 0x84, 0x08, 0x84, 0x08, 0x84, 0x08, 0x84, 0x08, 0x84, 0x08, 0x84, 0x08, 0x84, 0x08,
  0xc5, 0x10, 0x84, 0x08, 0x84, 0x08, 0x84, 0x08, 0x84, 0x08, 0x84, 0x08, 0x84, 0x08, 0x84, 0x08, 0x84, 0x08, 0x84, 0x08, 0x84, 0x08, 0x84, 0x08, 0x84, 0x08, 0x84, 0x08, 0x84, 0x08, 0x84, 0x08,
  0x84, 0x08, 0x84, 0x08, 0x84, 0x08, 0x84, 0x08, 0x84, 0x08, 0x84, 0x08, 0x84, 0x08, 0x84, 0x08, 0x84, 0x08, 0x84, 0x08, 0x84, 0x08, 0x84, 0x08, 0x84, 0x08, 0x84, 0x08, 0x84, 0x08, 0x84, 0x08,
  0xc5, 0x10, 0x84, 0x08, 0x84, 0x08, 0x84, 0x08, 0x84, 0x08, 0x84, 0x08, 0x84, 0x08, 0x84, 0x08, 0x84, 0x08, 0x84, 0x08, 0x84, 0x08, 0x84, 0x08, 0x84, 0x08, 0x84, 0x08, 0x84, 0x08, 0x84, 0x08,
  0x84, 0x08, 0x84, 0x08, 0x84, 0x08, 0x84, 0x08, 0x84, 0x08, 0x84, 0x08, 0x84, 0x08, 0x84, 0x08, 0x84, 0x08, 0x84, 0x08, 0x84, 0x08, 0x84, 0x08, 0x84, 0x08, 0x84, 0x08, 0x84, 0x08, 0x84, 0x08,
  0xc5, 0x10, 0x84, 0x08, 0x84, 0x08, 0x84, 0x08, 0x84, 0x08, 0x84, 0x08, 0x84, 0x08, 0x84, 0x08, 0x84, 0x08, 0x84, 0x08, 0x84, 0x08, 0x84, 0x08, 0x84, 0x08, 0x84, 0x08, 0x84, 0x08, 0x84, 0x08,
  0x84, 0x08, 0x84, 0x08, 0x84, 0x08, 0x84, 0x08, 0x84, 0x08, 0x84, 0x08, 0x84, 0x08, 0x84, 0x08, 0x84, 0x08, 0x84, 0x08, 0x84, 0x08, 0x84, 0x08, 0x84, 0x08, 0x84, 0x08, 0x84, 0x08, 0x84, 0x08,
  0xc5, 0x10, 0x84, 0x08, 0x84, 0x08, 0x84, 0x08, 0x84, 0x08, 0x84, 0x08, 0x84, 0x08, 0x84, 0x08, 0x84, 0x08, 0x84, 0x08, 0x84, 0x08, 0x84, 0x08, 0x84, 0x08, 0x84, 0x08, 0x84, 0x08, 0x84, 0x08,
  0x84, 0x08, 0x84, 0x08, 0x84, 0x08, 0x84, 0x08, 0x84, 0x08, 0x84, 0x08, 0x84, 0x08, 0x84, 0x08, 0x84, 0x08, 0x84, 0x08, 0x84, 0x08, 0x84, 0x08, 0x84, 0x08, 0x84, 0x08, 0x84, 0x08, 0x84, 0x08,
  0xc5, 0x10, 0x84, 0x08, 0x84, 0x08, 0x84, 0x08, 0x84, 0x08, 0x84, 0x08, 0x84, 0x08, 0x84, 0x08, 0x84, 0x08, 0x84, 0x08, 0x84, 0x08, 0x84, 0x08, 0x84, 0x08, 0x84, 0x08, 0x84, 0x08, 0x84, 0x08,
  0x84, 0x08, 0x84, 0x08, 0x84, 0x08, 0x84, 0x08, 0x84, 0x08, 0x84, 0x08, 0x84, 0x08, 0x84, 0x08, 0x84, 0x08, 0x84, 0x08, 0x84, 0x08, 0x84, 0x08, 0x84, 0x08, 0x84, 0x08, 0x84, 0x08, 0x84, 0x08,
  0xc5, 0x10, 0x84, 0x08, 0x84, 0x08, 0x84, 0x08, 0x84, 0x08, 0x84, 0x08, 0x84, 0x08, 0x84, 0x08, 0x84, 0x08, 0x84, 0x08, 0x84, 0x08, 0x84, 0x08, 0x84, 0x08, 0x84, 0x08, 0x84, 0x08, 0x84, 0x08,
  0x84, 0x08, 0x84, 0x08, 0x84, 0x08, 0x84, 0x08, 0x84, 0x08, 0x84, 0x08, 0x84, 0x08, 0x84, 0x08, 0x84, 0x08, 0x84, 0x08, 0x84, 0x08, 0x84, 0x08, 0x84, 0x08, 0x84, 0x08, 0x84, 0x08, 0x84, 0x08,
  0xc5, 0x10, 0x84, 0x08, 0x84, 0x08, 0x84, 0x08, 0x84, 0x08, 0x84, 0x08, 0x84, 0x08, 0x84, 0x08, 0x84, 0x08, 0x84, 0x08, 0x84, 0x08, 0x84, 0x08, 0x84, 0x08, 0x84, 0x08, 0x84, 0x08, 0x84, 0x08,
  0x84, 0x08, 0x84, 0x08, 0x84, 0x08, 0x84, 0x08, 0x84, 0x08, 0x84, 0x08, 0x84, 0x08, 0x84, 0x08, 0x84, 0x08, 0x84, 0x08, 0x84, 0x08, 0x84, 0x08, 0x84, 0x08, 0x84, 0x08, 0x84, 0x08, 0x84, 0x08,
  0xc5, 0x10, 0x84, 0x08, 0x84, 0x08, 0x84, 0x08, 0x84, 0x08, 0x84, 0x08, 0x84, 0x08, 0x84, 0x08, 0x84, 0x08, 0x84, 0x08, 0x84, 0x08, 0x84, 0x08, 0x84, 0x08, 0x84, 0x08, 0x84, 0x08, 0x84, 0x08,
  0x84, 0x08, 0x84, 0x08, 0x84, 0x08, 0x84, 0x08, 0x84, 0x08, 0x84, 0x08, 0x84, 0x08, 0x84, 0x08, 0x84, 0x08, 0x84, 0x08, 0x84, 0x08, 0x84, 0x08, 0x84, 0x08, 0x84, 0x08, 0x84, 0x08, 0x84, 0x08,
  0xc5, 0x10, 0x84, 0x08, 0x84, 0x08, 0x84, 0x08, 0x84, 0x08, 0x84, 0x08, 0x84, 0x08, 0x84, 0x08, 0x84, 0x08, 0x84, 0x08, 0x84, 0x08, 0x84, 0x08, 0x84, 0x08, 0x84, 0x08, 0x84, 0x08, 0x84, 0x08,
  0x84, 0x08, 0x84, 0x08, 0x84, 0x08, 0x84, 0x08, 0x84, 0x08, 0x84, 0x08, 0x84, 0x08, 0x84, 0x08, 0x84, 0x08, 0x84, 0x08, 0x84, 0x08, 0x84, 0x08, 0x84, 0x08, 0x84, 0x08, 0x84, 0x08, 0x84, 0x08,
  0xc5, 0x10, 0x84, 0x08, 0x84, 0x08, 0x84, 0x08, 0x84, 0x08, 0x84, 0x08, 0x84, 0x08, 0x84, 0x08, 0x84, 0x08, 0x84, 0x08, 0x84, 0x08, 0x84, 0x08, 0x84, 0x08, 0x84, 0x08, 0x84, 0x08, 0x84, 0x08,
  0x84, 0x08, 0x84, 0x08, 0x84, 0x08, 0x84, 0x08, 0x84, 0x08, 0x84, 0x08, 0x84, 0x08, 0x84, 0x08, 0x84, 0x08, 0x84, 0x08, 0x84, 0x08, 0x84, 0x08, 0x84, 0x08, 0x84, 0x08, 0x84, 0x08, 0x84, 0x08,
  0xc5, 0x10, 0x84, 0x08, 0x84, 0x08, 0x84, 0x08, 0x84, 0x08, 0x84, 0x08, 0x84, 0x08, 0x84, 0x08, 0x84, 0x08, 0x84, 0x08, 0x84, 0x08, 0x84, 0x08, 0x84, 0x08, 0x84, 0x08, 0x84, 0x08, 0x84, 0x08,
  0x84, 0x08, 0x84, 0x08, 0x84, 0x08, 0x84, 0x08, 0x84, 0x08, 0x84, 0x08, 0x84, 0x08, 0x84, 0x08, 0x84, 0x08, 0x84, 0x08, 0x84, 0x08, 0x84, 0x08, 0x84, 0x08, 0x84, 0x08, 0x84, 0x08, 0x84, 0x08,
  0xc5, 0x10, 0x84, 0x08, 0x84, 0x08, 0x84, 0x08, 0x84, 0x08, 0x84, 0x08, 0x84, 0x08, 0x84, 0x08, 0x84, 0x08, 0x84, 0x08, 0x84, 0x08, 0x84, 0x08, 0x84, 0x08, 0x84, 0x08, 0x84, 0x08, 0x84, 0x08,
  0x84, 0x08, 0x84, 0x08, 0x84, 0x08, 0x84, 0x08, 0x84, 0x08, 0x84, 0x08, 0x84, 0x08, 0x84, 0x08, 0x84, 0x08, 0x84, 0x08, 0x84, 0x08, 0x84, 0x08, 0x84, 0x08, 0x84, 0x08, 0x84, 0x08, 0x84, 0x08,
  0xc5, 0x10, 0x84, 0x08, 0x84, 0x08, 0x84, 0x08, 0x84, 0x08, 0x84, 0x08, 0x84, 0x08, 0x84, 0x08, 0x84, 0x08, 0x84, 0x08, 0x84, 0x08, 0x84, 0x08, 0x84, 0x08, 0x84, 0x08, 0x84, 0x08, 0x84, 0x08,
  0x84, 0x08, 0x84, 0x08, 0x84, 0x08, 0x84, 0x08, 0x84, 0x08, 0x84, 0x08, 0x84, 0x08, 0x84, 0x08, 0x84, 0x08, 0x84, 0x08, 0x84, 0x08, 0x84, 0x08, 0x84, 0x08, 0x84, 0x08, 0x84, 0x08, 0x84, 0x08,
  0xc5, 0x10, 0x84, 0x08, 0x84, 0x08, 0x84, 0x08, 0x84, 0x08, 0x84, 0x08, 0x84, 0x08, 0x84, 0x08, 0x84, 0x08, 0x84, 0x08, 0x84, 0x08, 0x84, 0x08, 0x84, 0x08, 0x84, 0x08, 0x84, 0x08, 0x84, 0x08,
  0x84, 0x08, 0x84, 0x08, 0x84, 0x08, 0x84, 0x08, 0x84, 0x08, 0x84, 0x08, 0x84, 0x08, 0x84, 0x08, 0x84, 0x08, 0x84, 0x08, 0x84, 0x08, 0x84, 0x08, 0x84, 0x08, 0x84, 0x08, 0x84, 0x08, 0x84, 0x08,
  0xc5, 0x10, 0x84, 0x08, 0x84, 0x08, 0x84, 0x08, 0x84, 0x08, 0x84, 0x08, 0x84, 0x08, 0x84, 0x08, 0x84, 0x08, 0x84, 0x08, 0x84, 0x08, 0x84, 0x08, 0x84, 0x08, 0x84, 0x08, 0x84, 0x08, 0x84, 0x08,
  0x84, 0x08, 0x84, 0x08, 0x84, 0x08, 0x84, 0x08, 0x84, 0x08, 0x84, 0x08, 0x84, 0x08, 0x84, 0x08, 0x84, 0x08, 0x84, 0x08, 0x84, 0x08, 0x84, 0x08, 0x84, 0x08, 0x84, 0x08, 0x84, 0x08, 0x84, 0x08,
  0xc5, 0x10, 0x84, 0x08, 0x84, 0x08, 0x84, 0x08, 0x84, 0x08, 0x84, 0x08, 0x84, 0x08, 0x84, 0x08, 0x84, 0x08, 0x84, 0x08, 0x84, 0x08, 0x84, 0x08, 0x84, 0x08, 0x84, 0x08, 0x84, 0x08, 0x84, 0x08,
  0x84, 0x08, 0x84, 0x08, 0x84, 0x08, 0x84, 0x08, 0x84, 0x08, 0x84, 0x08, 0x84, 0x08, 0x84, 0x08, 0x84, 0x08, 0x84, 0x08, 0x84, 0x08, 0x84, 0x08, 0x84, 0x08, 0x84, 0x08, 0x84, 0x08, 0x84, 0x08,
  0xc5, 0x10, 0x84, 0x08, 0x84, 0x08, 0x84, 0x08, 0x84, 0x08, 0x84, 0x08, 0x84, 0x08, 0x84, 0x08, 0x84, 0x08, 0x84, 0x08, 0x84, 0x08, 0x84, 0x08, 0x84, 0x08, 0x84, 0x08, 0x84, 0x08, 0x84, 0x08,
  0x84, 0x08, 0x84, 0x08, 0x84, 0x08, 0x84, 0x08, 0x84, 0x08, 0x84, 0x08, 0x84, 0x08, 0x84, 0x08, 0x84, 0x08, 0x84, 0x08, 0x84, 0x08, 0x84, 0x08, 0x84, 0x08, 0x84, 0x08, 0x84, 0x08, 0x84, 0x08,
  0xc5, 0x10, 0x84, 0x08, 0x84, 0x08, 0x84, 0x08, 0x84, 0x08, 0x84, 0x08, 0x84, 0x08, 0x84, 0x08, 0x84, 0x08, 0x84, 0x08, 0x84, 0x08, 0x84, 0x08, 0x84, 0x08, 0x84, 0x08, 0x84, 0x08, 0x84, 0x08,
  0x84, 0x08, 0x84, 0x08, 0x64, 0x08, 0x64, 0x08, 0x64, 0x08, 0x64, 0x08, 0x64, 0x08, 0x84, 0x08, 0x84, 0x08, 0x84, 0x08, 0x84, 0x08, 0x64, 0x08, 0x64, 0x08, 0x64, 0x08, 0x64, 0x08, 0x64, 0x08,
  0xa5, 0x10, 0x64, 0x08, 0x84, 0x08, 0x64, 0x08, 0x64, 0x08, 0x64, 0x08, 0x64, 0x08, 0x64, 0x08, 0x64, 0x08, 0x64, 0x08, 0x84, 0x08, 0x84, 0x08, 0x84, 0x08, 0x64, 0x08, 0x64, 0x08, 0x64, 0x08,
  0x64, 0x08, 0x64, 0x08, 0x64, 0x08, 0x64, 0x08, 0x84, 0x08, 0x84, 0x08, 0x84, 0x08, 0x64, 0x08, 0x64, 0x08, 0x64, 0x08, 0x64, 0x08, 0x64, 0x08, 0x64, 0x08, 0x64, 0x08, 0x84, 0x08, 0x84, 0x08,
  0xa5, 0x10, 0x84, 0x08, 0x84, 0x08, 0x84, 0x08, 0x84, 0x08, 0x84, 0x08, 0x84, 0x08, 0x64, 0x08, 0x84, 0x08, 0x84, 0x08, 0x64, 0x08, 0x64, 0x08, 0x64, 0x08, 0x64, 0x08, 0x64, 0x08, 0x64, 0x08,
  0x64, 0x08, 0x64, 0x08, 0x64, 0x08, 0x64, 0x08, 0x84, 0x08, 0x84, 0x08, 0x84, 0x08, 0x84, 0x08, 0x84, 0x08, 0x64, 0x08, 0x64, 0x08, 0x84, 0x08, 0x84, 0x08, 0x84, 0x08, 0x84, 0x08, 0x84, 0x08,
  0xc5, 0x10, 0x84, 0x08, 0x84, 0x08, 0x84, 0x08, 0x84, 0x08, 0x84, 0x08, 0x84, 0x08, 0x84, 0x08, 0x84, 0x08, 0x84, 0x08, 0x84, 0x08, 0x84, 0x08, 0x84, 0x08, 0x84, 0x08, 0x84, 0x08, 0x84, 0x08,
  0x84, 0x08, 0x84, 0x08, 0x84, 0x08, 0x84, 0x08, 0x84, 0x08, 0x84, 0x08, 0x84, 0x08, 0x84, 0x08, 0x84, 0x08, 0x84, 0x08, 0x84, 0x08, 0x84, 0x08, 0x84, 0x08, 0x84, 0x08, 0x84, 0x08, 0x84, 0x08,
  0xc5, 0x10, 0x84, 0x08, 0x84, 0x08, 0x84, 0x08, 0x84, 0x08, 0x84, 0x08, 0x84, 0x08, 0x84, 0x08, 0x84, 0x08, 0x84, 0x08, 0x84, 0x08, 0x84, 0x08, 0x84, 0x08, 0x84, 0x08, 0x84, 0x08, 0x84, 0x08,
  0x84, 0x08, 0x84, 0x08, 0x84, 0x08, 0x84, 0x08, 0x84, 0x08, 0x84, 0x08, 0x84, 0x08, 0x84, 0x08, 0x84, 0x08, 0x84, 0x08, 0x84, 0x08, 0x84, 0x08, 0x84, 0x08, 0x84, 0x08, 0x84, 0x08, 0x84, 0x08,
  0xc5, 0x10, 0x84, 0x08, 0x84, 0x08, 0x84, 0x08, 0x84, 0x08, 0x84, 0x08, 0x84, 0x08, 0x84, 0x08, 0x84, 0x08, 0x84, 0x08, 0x84, 0x08, 0x84, 0x08, 0x84, 0x08, 0x84, 0x08, 0x84, 0x08, 0x84, 0x08,
  0x84, 0x08, 0x84, 0x08, 0x84, 0x08, 0x84, 0x08, 0x84, 0x08, 0x84, 0x08, 0x84, 0x08, 0x84, 0x08, 0x84, 0x08, 0x84, 0x08, 0x84, 0x08, 0x84, 0x08, 0x84, 0x08, 0x84, 0x08, 0x84, 0x08, 0x84, 0x08,
  0xc5, 0x10, 0x84, 0x08, 0x84, 0x08, 0x84, 0x08, 0x84, 0x08, 0x84, 0x08, 0x84, 0x08, 0x84, 0x08, 0x84, 0x08, 0x84, 0x08, 0x84, 0x08, 0x84, 0x08, 0x84, 0x08, 0x84, 0x08, 0x84, 0x08, 0x84, 0x08,
  0x84, 0x08, 0x84, 0x08, 0x84, 0x08, 0x84, 0x08, 0x84, 0x08, 0x84, 0x08, 0x84, 0x08, 0x84, 0x08, 0x84, 0x08, 0x84, 0x08, 0x84, 0x08, 0x84, 0x08, 0x84, 0x08, 0x84, 0x08, 0x84, 0x08, 0x84, 0x08,
  0xc5, 0x10, 0x84, 0x08, 0x84, 0x08, 0x84, 0x08, 0x84, 0x08, 0x84, 0x08, 0x84, 0x08, 0x84, 0x08, 0x84, 0x08, 0x84, 0x08, 0x84, 0x08, 0x84, 0x08, 0x84, 0x08, 0x84, 0x08, 0x84, 0x08, 0x84, 0x08,
  0x84, 0x08, 0x84, 0x08, 0x84, 0x08, 0x84, 0x08, 0x84, 0x08, 0x84, 0x08, 0x84, 0x08, 0x84, 0x08, 0x84, 0x08, 0x84, 0x08, 0x84, 0x08, 0x84, 0x08, 0x84, 0x08, 0x84, 0x08, 0x84, 0x08, 0x84, 0x08,
  0xc5, 0x10, 0x84, 0x08, 0x84, 0x08, 0x84, 0x08, 0x84, 0x08, 0x84, 0x08, 0x84, 0x08, 0x84, 0x08, 0x84, 0x08, 0x84, 0x08, 0x84, 0x08, 0x84, 0x08, 0x84, 0x08, 0x84, 0x08, 0x84, 0x08, 0x84, 0x08,
  0x84, 0x08, 0x84, 0x08, 0x84, 0x08, 0x84, 0x08, 0x84, 0x08, 0x84, 0x08, 0x84, 0x08, 0x84, 0x08, 0x84, 0x08, 0x84, 0x08, 0x84, 0x08, 0x84, 0x08, 0x84, 0x08, 0x84, 0x08, 0x84, 0x08, 0x84, 0x08,
  0xc5, 0x10, 0x84, 0x08, 0x84, 0x08, 0x84, 0x08, 0x84, 0x08, 0x84, 0x08, 0x84, 0x08, 0x84, 0x08, 0x84, 0x08, 0x84, 0x08, 0x84, 0x08, 0x84, 0x08, 0x84, 0x08, 0x84, 0x08, 0x84, 0x08, 0x84, 0x08,
  0x84, 0x08, 0x84, 0x08, 0x84, 0x08, 0x84, 0x08, 0x84, 0x08, 0x84, 0x08, 0x84, 0x08, 0x84, 0x08, 0x84, 0x08, 0x84, 0x08, 0x84, 0x08, 0x84, 0x08, 0x84, 0x08, 0x84, 0x08, 0x84, 0x08, 0x84, 0x08,
  0xc5, 0x10, 0x84, 0x08, 0x84, 0x08, 0x84, 0x08, 0x84, 0x08, 0x84, 0x08, 0x84, 0x08, 0x84, 0x08, 0x84, 0x08, 0x84, 0x08, 0x84, 0x08, 0x84, 0x08, 0x84, 0x08, 0x84, 0x08, 0x84, 0x08, 0x84, 0x08,
  0x84, 0x10, 0xa5, 0x6a, 0xa5, 0xc4, 0xc4, 0xcc, 0xa4, 0xcc, 0xa4, 0xcc, 0x84, 0xc4, 0x45, 0xb4, 0x64, 0x31, 0x84, 0x08, 0xc5, 0x6a, 0xc5, 0xcc, 0x84, 0xc4, 0x84, 0xcc, 0xa4, 0xcc, 0xa4, 0xcc,
  0xa4, 0xcc, 0x66, 0xbc, 0x64, 0x31, 0x05, 0xac, 0x84, 0xc4, 0xa4, 0xcc, 0xa4, 0xcc, 0xa4, 0xcc, 0xa4, 0xc4, 0xa5, 0xc4, 0xa5, 0x72, 0x84, 0x08, 0x44, 0x29, 0x85, 0xc4, 0x84, 0xc4, 0xa4, 0xc4,
  0xa4, 0xcc, 0xa4, 0xcc, 0x84, 0xc4, 0xa5, 0xc4, 0x65, 0x5a, 0x84, 0x08, 0x25, 0x52, 0xa5, 0xcc, 0x84, 0xc4, 0xa4, 0xcc, 0xa4, 0xcc, 0xa4, 0xcc, 0x84, 0xcc, 0xa6, 0xcc, 0x85, 0x39, 0x65, 0x93,
  0xe5, 0xcc, 0x66, 0x5a, 0x84, 0x08, 0x84, 0x08, 0x84, 0x08, 0x84, 0x08, 0x45, 0x5a, 0xe5, 0xcc, 0x85, 0x93, 0x25, 0x8b, 0xc4, 0xd4, 0x84, 0xc4, 0x84, 0xc4, 0x84, 0xc4, 0x84, 0xc4, 0xa4, 0xcc,
  0xa4, 0xcc, 0x85, 0xc4, 0x44, 0xb4, 0xc5, 0xcc, 0x86, 0x62, 0x84, 0x08, 0x84, 0x10, 0x84, 0x08, 0x84, 0x08, 0x05, 0xac, 0x66, 0xb4, 0xe5, 0x18, 0x84, 0x08, 0x84, 0x08, 0x84, 0x08, 0x84, 0x08,
  0xc5, 0x10, 0x84, 0x08, 0x84, 0x08, 0x84, 0x08, 0x84, 0x08, 0x84, 0x08, 0x84, 0x08, 0x84, 0x08, 0x84, 0x08, 0x84, 0x08, 0x84, 0x08, 0x84, 0x08, 0x84, 0x08, 0x84, 0x08, 0x84, 0x08, 0x84, 0x08,
  0x84, 0x08, 0x84, 0x08, 0x84, 0x08, 0x84, 0x08, 0x84, 0x08, 0x84, 0x08, 0x84, 0x08, 0x84, 0x08, 0x84, 0x08, 0x84, 0x08, 0x84, 0x08, 0x84, 0x08, 0x84, 0x08, 0x84, 0x08, 0x84, 0x08, 0x84, 0x08,
  0xc5, 0x10, 0x84, 0x08, 0x84, 0x08, 0x84, 0x08, 0x84, 0x08, 0x84, 0x08, 0x84, 0x08, 0x84, 0x08, 0x84, 0x08, 0x84, 0x08, 0x84, 0x08, 0x84, 0x08, 0x84, 0x08, 0x84, 0x08, 0x84, 0x08, 0x84, 0x08,
  0x84, 0x08, 0x84, 0x08, 0x84, 0x08, 0x84, 0x08, 0x84, 0x08, 0x84, 0x08, 0x84, 0x08, 0x84, 0x08, 0x84, 0x08, 0x84, 0x08, 0x84, 0x08, 0x84, 0x08, 0x84, 0x08, 0x84, 0x08, 0x84, 0x08, 0x84, 0x08,
  0xc5, 0x10, 0x84, 0x08, 0x84, 0x08, 0x84, 0x08, 0x84, 0x08, 0x84, 0x08, 0x84, 0x08, 0x84, 0x08, 0x84, 0x08, 0x84, 0x08, 0x84, 0x08, 0x84, 0x08, 0x84, 0x08, 0x84, 0x08, 0x84, 0x08, 0x84, 0x08,
  0x84, 0x08, 0x84, 0x08, 0x84, 0x08, 0x84, 0x08, 0x84, 0x08, 0x84, 0x08, 0x84, 0x08, 0x84, 0x08, 0x84, 0x08, 0x84, 0x08, 0x84, 0x08, 0x84, 0x08, 0x84, 0x08, 0x84, 0x08, 0x84, 0x08, 0x84, 0x08,
  0xc5, 0x10, 0x84, 0x08, 0x84, 0x08, 0x84, 0x08, 0x84, 0x08, 0x84, 0x08, 0x84, 0x08, 0x84, 0x08, 0x84, 0x08, 0x84, 0x08, 0x84, 0x08, 0x84, 0x08, 0x84, 0x08, 0x84, 0x08, 0x84, 0x08, 0x84, 0x08,
  0x84, 0x08, 0x84, 0x08, 0x84, 0x08, 0x84, 0x08, 0x84, 0x08, 0x84, 0x08, 0x84, 0x08, 0x84, 0x08, 0x84, 0x08, 0x84, 0x08, 0x84, 0x08, 0x84, 0x08, 0x84, 0x08, 0x84, 0x08, 0x84, 0x08, 0x84, 0x08,
  0xc5, 0x10, 0x84, 0x08, 0x84, 0x08, 0x84, 0x08, 0x84, 0x08, 0x84, 0x08, 0x84, 0x08, 0x84, 0x08, 0x84, 0x08, 0x84, 0x08, 0x84, 0x08, 0x84, 0x08, 0x84, 0x08, 0x84, 0x08, 0x84, 0x08, 0x84, 0x08,
  0x84, 0x08, 0x84, 0x08, 0x84, 0x08, 0x84, 0x08, 0x84, 0x08, 0x84, 0x08, 0x84, 0x08, 0x84, 0x08, 0x84, 0x08, 0x84, 0x08, 0x84, 0x08, 0x84, 0x08, 0x84, 0x08, 0x84, 0x08, 0x84, 0x08, 0x84, 0x08,
  0xc5, 0x10, 0x84, 0x08, 0x84, 0x08, 0x84, 0x08, 0x84, 0x08, 0x84, 0x08, 0x84, 0x08, 0x84, 0x08, 0x84, 0x08, 0x84, 0x08, 0x84, 0x08, 0x84, 0x08, 0x84, 0x08, 0x84, 0x08, 0x84, 0x08, 0x84, 0x08,
  0x84, 0x08, 0x84, 0x08, 0x84, 0x08, 0x84, 0x08, 0x84, 0x08, 0x84, 0x08, 0x84, 0x08, 0x84, 0x08, 0x84, 0x08, 0x84, 0x08, 0x84, 0x08, 0x84, 0x08, 0x84, 0x08, 0x84, 0x08, 0x84, 0x08, 0x84, 0x08,
  0xc5, 0x10, 0x84, 0x08, 0x84, 0x08, 0x84, 0x08, 0x84, 0x08, 0x84, 0x08, 0x84, 0x08, 0x84, 0x08, 0x84, 0x08, 0x84, 0x08, 0x84, 0x08, 0x84, 0x08, 0x84, 0x08, 0x84, 0x08, 0x84, 0x08, 0x84, 0x08,
  0x84, 0x08, 0x84, 0x08, 0x84, 0x08, 0x84, 0x08, 0x84, 0x08, 0x84, 0x08, 0x84, 0x08, 0x84, 0x08, 0x84, 0x08, 0x84, 0x08, 0x84, 0x08, 0x84, 0x08, 0x84, 0x08, 0x84, 0x08, 0x84, 0x08, 0x84, 0x08,
  0xc5, 0x10, 0x84, 0x08, 0x84, 0x08, 0x84, 0x08, 0x84, 0x08, 0x84, 0x08, 0x84, 0x08, 0x84, 0x08, 0x84, 0x08, 0x84, 0x08, 0x84, 0x08, 0x84, 0x08, 0x84, 0x08, 0x84, 0x08, 0x84, 0x08, 0x84, 0x08,
  0x05, 0x83, 0x04, 0xfe, 0x43, 0xed, 0x65, 0xbc, 0x84, 0xc4, 0x64, 0xbc, 0x02, 0xe5, 0xe2, 0xfd, 0xe5, 0xa3, 0x64, 0x08, 0xc4, 0xd4, 0xe2, 0xfd, 0x43, 0xe5, 0x04, 0xdd, 0x04, 0xdd, 0x04, 0xdd,
  0x44, 0xe5, 0x05, 0xac, 0x04, 0x52, 0xe3, 0xfd, 0x82, 0xfd, 0xa4, 0xcc, 0x84, 0xc4, 0x64, 0xbc, 0xc3, 0xdc, 0xa2, 0xfd, 0xa4, 0xf5, 0xe4, 0x18, 0x84, 0x6a, 0x02, 0xfe, 0x63, 0xfd, 0x04, 0xdd,
  0x04, 0xdd, 0x04, 0xdd, 0x23, 0xed, 0xc1, 0xfd, 0x25, 0xe5, 0xa4, 0x10, 0xe4, 0xab, 0x02, 0xfe, 0x43, 0xed, 0x04, 0xdd, 0x04, 0xdd, 0x04, 0xdd, 0x24, 0xe5, 0xa4, 0xc4, 0xc4, 0x41, 0x63, 0xf5,
  0xe3, 0xfd, 0x04, 0x52, 0x84, 0x08, 0x84, 0x10, 0x84, 0x08, 0x84, 0x08, 0x64, 0xbc, 0x22, 0xfe, 0x84, 0x9b, 0x45, 0xb4, 0x24, 0xe5, 0xe4, 0xdc, 0x82, 0xfd, 0xa2, 0xfd, 0x63, 0xf5, 0x04, 0xdd,
  0xe4, 0xdc, 0x44, 0xe5, 0x82, 0xfd, 0xc3, 0xfd, 0xa4, 0x39, 0x84, 0x08, 0x84, 0x08, 0x84, 0x08, 0xc4, 0x49, 0xe3, 0xfd, 0x84, 0xf5, 0x04, 0x21, 0x84, 0x08, 0x84, 0x08, 0x84, 0x08, 0x84, 0x08,
  0xc5, 0x10, 0x84, 0x08, 0x84, 0x08, 0x84, 0x08, 0x84, 0x08, 0x84, 0x08, 0x84, 0x08, 0x84, 0x08, 0x84, 0x08, 0x84, 0x08, 0x84, 0x08, 0x84, 0x08, 0x84, 0x08, 0x84, 0x08, 0x84, 0x08, 0x84, 0x08,
  0x84, 0x08, 0x84, 0x08, 0x84, 0x08, 0x84, 0x08, 0x84, 0x08, 0x84, 0x08, 0x84, 0x08, 0x84, 0x08, 0x84, 0x08, 0x84, 0x08, 0x84, 0x08, 0x84, 0x08, 0x84, 0x08, 0x84, 0x08, 0x84, 0x08, 0x84, 0x08,
  0xc5, 0x10, 0x84, 0x08, 0x84, 0x08, 0x84, 0x08, 0x84, 0x08, 0x84, 0x08, 0x84, 0x08, 0x84, 0x08, 0x84, 0x08, 0x84, 0x08, 0x84, 0x08, 0x84, 0x08, 0x84, 0x08, 0x84, 0x08, 0x84, 0x08, 0x84, 0x08,
  0x84, 0x08, 0x84, 0x08, 0x84, 0x08, 0x84, 0x08, 0x84, 0x08, 0x84, 0x08, 0x84, 0x08, 0x84, 0x08, 0x84, 0x08, 0x84, 0x08, 0x84, 0x08, 0x84, 0x08, 0x84, 0x08, 0x84, 0x08, 0x84, 0x08, 0x84, 0x08,
  0xc5, 0x10, 0x84, 0x08, 0x84, 0x08, 0x84, 0x08, 0x84, 0x08, 0x84, 0x08, 0x84, 0x08, 0x84, 0x08, 0x84, 0x08, 0x84, 0x08, 0x84, 0x08, 0x84, 0x08, 0x84, 0x08, 0x84, 0x08, 0x84, 0x08, 0x84, 0x08,
  0x84, 0x08, 0x84, 0x08, 0x84, 0x08, 0x84, 0x08, 0x84, 0x08, 0x84, 0x08, 0x84, 0x08, 0x84, 0x08, 0x84, 0x08, 0x84, 0x08, 0x84, 0x08, 0x84, 0x08, 0x84, 0x08, 0x84, 0x08, 0x84, 0x08, 0x84, 0x08,
  0xc5, 0x10, 0x84, 0x08, 0x84, 0x08, 0x84, 0x08, 0x84, 0x08, 0x84, 0x08, 0x84, 0x08, 0x84, 0x08, 0x84, 0x08, 0x84, 0x08, 0x84, 0x08, 0x84, 0x08, 0x84, 0x08, 0x84, 0x08, 0x84, 0x08, 0x84, 0x08,
  0x84, 0x08, 0x84, 0x08, 0x84, 0x08, 0x84, 0x08, 0x84, 0x08, 0x84, 0x08, 0x84, 0x08, 0x84, 0x08, 0x84, 0x08, 0x84, 0x08, 0x84, 0x08, 0x84, 0x08, 0x84, 0x08, 0x84, 0x08, 0x84, 0x08, 0x84, 0x08,
  0xc5, 0x10, 0x84, 0x08, 0x84, 0x08, 0x84, 0x08, 0x84, 0x08, 0x84, 0x08, 0x84, 0x08, 0x84, 0x08, 0x84, 0x08, 0x84, 0x08, 0x84, 0x08, 0x84, 0x08, 0x84, 0x08, 0x84, 0x08, 0x84, 0x08, 0x84, 0x08,
  0x84, 0x08, 0x84, 0x08, 0x84, 0x08, 0x84, 0x08, 0x84, 0x08, 0x84, 0x08, 0x84, 0x08, 0x84, 0x08, 0x84, 0x08, 0x84, 0x08, 0x84, 0x08, 0x84, 0x08, 0x84, 0x08, 0x84, 0x08, 0x84, 0x08, 0x84, 0x08,
  0xc5, 0x10, 0x84, 0x08, 0x84, 0x08, 0x84, 0x08, 0x84, 0x08, 0x84, 0x08, 0x84, 0x08, 0x84, 0x08, 0x84, 0x08, 0x84, 0x08, 0x84, 0x08, 0x84, 0x08, 0x84, 0x08, 0x84, 0x08, 0x84, 0x08, 0x84, 0x08,
  0x84, 0x08, 0x84, 0x08, 0x84, 0x08, 0x84, 0x08, 0x84, 0x08, 0x84, 0x08, 0x84, 0x08, 0x84, 0x08, 0x84, 0x08, 0x84, 0x08, 0x84, 0x08, 0x84, 0x08, 0x84, 0x08, 0x84, 0x08, 0x84, 0x08, 0x84, 0x08,
  0xc5, 0x10, 0x84, 0x08, 0x84, 0x08, 0x84, 0x08, 0x84, 0x08, 0x84, 0x08, 0x84, 0x08, 0x84, 0x08, 0x84, 0x08, 0x84, 0x08, 0x84, 0x08, 0x84, 0x08, 0x84, 0x08, 0x84, 0x08, 0x84, 0x08, 0x84, 0x08,
  0x84, 0x08, 0x84, 0x08, 0x84, 0x08, 0x84, 0x08, 0x84, 0x08, 0x84, 0x08, 0x84, 0x08, 0x84, 0x08, 0x84, 0x08, 0x84, 0x08, 0x84, 0x08, 0x84, 0x08, 0x84, 0x08, 0x84, 0x08, 0x84, 0x08, 0x84, 0x08,
  0xc5, 0x10, 0x84, 0x08, 0x84, 0x08, 0x84, 0x08, 0x84, 0x08, 0x84, 0x08, 0x84, 0x08, 0x84, 0x08, 0x84, 0x08, 0x84, 0x08, 0x84, 0x08, 0x84, 0x08, 0x84, 0x08, 0x84, 0x08, 0x84, 0x08, 0x84, 0x10,
  0xa4, 0xd4, 0xc2, 0xfd, 0x64, 0x62, 0x84, 0x08, 0x84, 0x08, 0x64, 0x08, 0xc4, 0xd4, 0x23, 0xfe, 0x84, 0x62, 0x04, 0x21, 0x63, 0xf5, 0x43, 0xed, 0x84, 0x39, 0x84, 0x08, 0xa4, 0x10, 0x84, 0x10,
  0xe5, 0x18, 0x64, 0x08, 0x44, 0x8b, 0xc2, 0xfd, 0x44, 0xbc, 0x64, 0x08, 0x64, 0x08, 0x84, 0x08, 0xa4, 0x72, 0xc2, 0xf5, 0x64, 0xbc, 0x64, 0x08, 0x24, 0xb4, 0xc2, 0xfd, 0x44, 0x8b, 0x84, 0x10,
  0xa4, 0x10, 0x84, 0x08, 0x43, 0x93, 0xe2, 0xf5, 0xc3, 0xa3, 0xa4, 0x10, 0xe3, 0xdc, 0xa2, 0xfd, 0x24, 0x5a, 0x84, 0x08, 0xa4, 0x10, 0x84, 0x10, 0xa4, 0x10, 0x84, 0x08, 0x84, 0x6a, 0x82, 0xfd,
  0x41, 0xf5, 0xa4, 0xcc, 0xe4, 0x18, 0x84, 0x08, 0x84, 0x08, 0x04, 0x29, 0x23, 0xed, 0x63, 0xf5, 0xa4, 0x41, 0xa4, 0x08, 0xa4, 0x10, 0x04, 0x29, 0xe2, 0xe4, 0x83, 0xfd, 0x44, 0x5a, 0x84, 0x08,
  0x84, 0x08, 0x84, 0x39, 0x24, 0xe5, 0x62, 0xfd, 0x64, 0x93, 0x84, 0x08, 0x64, 0x08, 0xa4, 0x6a, 0x43, 0xed, 0x64, 0xf5, 0xc5, 0x72, 0x84, 0x10, 0x84, 0x08, 0x84, 0x08, 0x84, 0x08, 0x84, 0x08,
  0xc5, 0x10, 0x84, 0x08, 0x84, 0x08, 0x84, 0x08, 0x84, 0x08, 0x84, 0x08, 0x84, 0x08, 0x84, 0x08, 0x84, 0x08, 0x84, 0x08, 0x84, 0x08, 0x84, 0x08, 0x84, 0x08, 0x84, 0x08, 0x84, 0x08, 0x84, 0x08,
  0x84, 0x08, 0x84, 0x08, 0x84, 0x08, 0x84, 0x08, 0x84, 0x08, 0x84, 0x08, 0x84, 0x08, 0x84, 0x08, 0x84, 0x08, 0x84, 0x08, 0x84, 0x08, 0x84, 0x08, 0x84, 0x08, 0x84, 0x08, 0x84, 0x08, 0x84, 0x08,
  0xc5, 0x10, 0x84, 0x08, 0x84, 0x08, 0x84, 0x08, 0x84, 0x08, 0x84, 0x08, 0x84, 0x08, 0x84, 0x08, 0x84, 0x08, 0x84, 0x08, 0x84, 0x08, 0x84, 0x08, 0x84, 0x08, 0x84, 0x08, 0x84, 0x08, 0x84, 0x08,
  0x84, 0x08, 0x84, 0x08, 0x84, 0x08, 0x84, 0x08, 0x84, 0x08, 0x84, 0x08, 0x84, 0x08, 0x84, 0x08, 0x84, 0x08, 0x84, 0x08, 0x84, 0x08, 0x84, 0x08, 0x84, 0x08, 0x84, 0x08, 0x84, 0x08, 0x84, 0x08,
  0xc5, 0x10, 0x84, 0x08, 0x84, 0x08, 0x84, 0x08, 0x84, 0x08, 0x84, 0x08, 0x84, 0x08, 0x84, 0x08, 0x84, 0x08, 0x84, 0x08, 0x84, 0x08, 0x84, 0x08, 0x84, 0x08, 0x84, 0x08, 0x84, 0x08, 0x84, 0x08,
  0x84, 0x08, 0x84, 0x08, 0x84, 0x08, 0x84, 0x08, 0x84, 0x08, 0x84, 0x08, 0x84, 0x08, 0x84, 0x08, 0x84, 0x08, 0x84, 0x08, 0x84, 0x08, 0x84, 0x08, 0x84, 0x08, 0x84, 0x08, 0x84, 0x08, 0x84, 0x08,
  0xc5, 0x10, 0x84, 0x08, 0x84, 0x08, 0x84, 0x08, 0x84, 0x08, 0x84, 0x08, 0x84, 0x08, 0x84, 0x08, 0x84, 0x08, 0x84, 0x08, 0x84, 0x08, 0x84, 0x08, 0x84, 0x08, 0x84, 0x08, 0x84, 0x08, 0x84, 0x08,
  0x84, 0x08, 0x84, 0x08, 0x84, 0x08, 0x84, 0x08, 0x84, 0x08, 0x84, 0x08, 0x84, 0x08, 0x84, 0x08, 0x84, 0x08, 0x84, 0x08, 0x84, 0x08, 0x84, 0x08, 0x84, 0x08, 0x84, 0x08, 0x84, 0x08, 0x84, 0x08,
  0xc5, 0x10, 0x84, 0x08, 0x84, 0x08, 0x84, 0x08, 0x84, 0x08, 0x84, 0x08, 0x84, 0x08, 0x84, 0x08, 0x84, 0x08, 0x84, 0x08, 0x84, 0x08, 0x84, 0x08, 0x84, 0x08, 0x84, 0x08, 0x84, 0x08, 0x84, 0x08,
  0x84, 0x08, 0x84, 0x08, 0x84, 0x08, 0x84, 0x08, 0x84, 0x08, 0x84, 0x08, 0x84, 0x08, 0x84, 0x08, 0x84, 0x08, 0x84, 0x08, 0x84, 0x08, 0x84, 0x08, 0x84, 0x08, 0x84, 0x08, 0x84, 0x08, 0x84, 0x08,
  0xc5, 0x10, 0x84, 0x08, 0x84, 0x08, 0x84, 0x08, 0x84, 0x08, 0x84, 0x08, 0x84, 0x08, 0x84, 0x08, 0x84, 0x08, 0x84, 0x08, 0x84, 0x08, 0x84, 0x08, 0x84, 0x08, 0x84, 0x08, 0x84, 0x08, 0x84, 0x08,
  0x84, 0x08, 0x84, 0x08, 0x84, 0x08, 0x84, 0x08, 0x84, 0x08, 0x84, 0x08, 0x84, 0x08, 0x84, 0x08, 0x84, 0x08, 0x84, 0x08, 0x84, 0x08, 0x84, 0x08, 0x84, 0x08, 0x84, 0x08, 0x84, 0x08, 0x84, 0x08,
  0xc5, 0x10, 0x84, 0x08, 0x84, 0x08, 0x84, 0x08, 0x84, 0x08, 0x84, 0x08, 0x84, 0x08, 0x84, 0x08, 0x84, 0x08, 0x84, 0x08, 0x84, 0x08, 0x84, 0x08, 0x84, 0x08, 0x84, 0x08, 0x84, 0x08, 0x84, 0x08,
  0x84, 0x08, 0x84, 0x08, 0x84, 0x08, 0x84, 0x08, 0x84, 0x08, 0x84, 0x08, 0x84, 0x08, 0x84, 0x08, 0x84, 0x08, 0x84, 0x08, 0x84, 0x08, 0x84, 0x08, 0x84, 0x08, 0x84, 0x08, 0x84, 0x08, 0x84, 0x08,
  0xc5, 0x10, 0x84, 0x08, 0x84, 0x08, 0x84, 0x08, 0x84, 0x08, 0x84, 0x08, 0x84, 0x08, 0x84, 0x08, 0x84, 0x08, 0x84, 0x08, 0x84, 0x08, 0x84, 0x08, 0x84, 0x08, 0x84, 0x08, 0x84, 0x08, 0xa4, 0x41,
  0x82, 0xfd, 0x22, 0xed, 0x24, 0x29, 0xa4, 0x08, 0xa4, 0x10, 0x04, 0x19, 0x85, 0x62, 0x65, 0x62, 0xc4, 0x10, 0x04, 0x7b, 0xe2, 0xfd, 0x43, 0xbc, 0x84, 0x08, 0x84, 0x08, 0x84, 0x08, 0x84, 0x08,
  0xc5, 0x10, 0xa4, 0x10, 0xc3, 0xd4, 0xc2, 0xfd, 0xa5, 0x6a, 0x84, 0x08, 0x84, 0x08, 0x84, 0x08, 0x43, 0xbc, 0xe2, 0xfd, 0xe4, 0x7a, 0xc4, 0x18, 0x22, 0xed, 0x82, 0xfd, 0xa4, 0x41, 0x84, 0x08,
  0x84, 0x08, 0xa4, 0x10, 0xc3, 0xd4, 0xc2, 0xfd, 0x24, 0x52, 0x04, 0x52, 0xc2, 0xfd, 0xe2, 0xdc, 0xc4, 0x18, 0x84, 0x08, 0x84, 0x08, 0x84, 0x08, 0x84, 0x08, 0x84, 0x08, 0x24, 0xbc, 0x81, 0xfd,
  0x41, 0xf5, 0xa1, 0xfd, 0x24, 0xb4, 0xa4, 0x10, 0x84, 0x08, 0xa4, 0x6a, 0xc2, 0xfd, 0xa3, 0xd4, 0xa4, 0x10, 0x84, 0x08, 0x84, 0x08, 0x04, 0x52, 0xa2, 0xfd, 0x03, 0xe5, 0xe4, 0x18, 0x84, 0x08,
  0x84, 0x08, 0x84, 0x08, 0x04, 0x52, 0x63, 0xf5, 0xa2, 0xfd, 0x64, 0x93, 0x04, 0xb4, 0x04, 0xfe, 0xa3, 0xcc, 0xa4, 0x39, 0x84, 0x08, 0x84, 0x08, 0x84, 0x08, 0x84, 0x08, 0x84, 0x08, 0x84, 0x08,
  0xc5, 0x10, 0x84, 0x08, 0x84, 0x08, 0x84, 0x08, 0x84, 0x08, 0x84, 0x08, 0x84, 0x08, 0x84, 0x08, 0x84, 0x08, 0x84, 0x08, 0x84, 0x08, 0x84, 0x08, 0x84, 0x08, 0x84, 0x08, 0x84, 0x08, 0x84, 0x08,
  0x84, 0x08, 0x84, 0x08, 0x84, 0x08, 0x84, 0x08, 0x84, 0x08, 0x84, 0x08, 0x84, 0x08, 0x84, 0x08, 0x84, 0x08, 0x84, 0x08, 0x84, 0x08, 0x84, 0x08, 0x84, 0x08, 0x84, 0x08, 0x84, 0x08, 0x84, 0x08,
  0xc5, 0x10, 0x84, 0x08, 0x84, 0x08, 0x84, 0x08, 0x84, 0x08, 0x84, 0x08, 0x84, 0x08, 0x84, 0x08, 0x84, 0x08, 0x84, 0x08, 0x84, 0x08, 0x84, 0x08, 0x84, 0x08, 0x84, 0x08, 0x84, 0x08, 0x84, 0x08,
  0x84, 0x08, 0x84, 0x08, 0x84, 0x08, 0x84, 0x08, 0x84, 0x08, 0x84, 0x08, 0x84, 0x08, 0x84, 0x08, 0x84, 0x08, 0x84, 0x08, 0x84, 0x08, 0x84, 0x08, 0x84, 0x08, 0x84, 0x08, 0x84, 0x08, 0x84, 0x08,
  0xc5, 0x10, 0x84, 0x08, 0x84, 0x08, 0x84, 0x08, 0x84, 0x08, 0x84, 0x08, 0x84, 0x08, 0x84, 0x08, 0x84, 0x08, 0x84, 0x08, 0x84, 0x08, 0x84, 0x08, 0x84, 0x08, 0x84, 0x08, 0x84, 0x08, 0x84, 0x08,
  0x84, 0x08, 0x84, 0x08, 0x84, 0x08, 0x84, 0x08, 0x84, 0x08, 0x84, 0x08, 0x84, 0x08, 0x84, 0x08, 0x84, 0x08, 0x84, 0x08, 0x84, 0x08, 0x84, 0x08, 0x84, 0x08, 0x84, 0x08, 0x84, 0x08, 0x84, 0x08,
  0xc5, 0x10, 0x84, 0x08, 0x84, 0x08, 0x84, 0x08, 0x84, 0x08, 0x84, 0x08, 0x84, 0x08, 0x84, 0x08, 0x84, 0x08, 0x84, 0x08, 0x84, 0x08, 0x84, 0x08, 0x84, 0x08, 0x84, 0x08, 0x84, 0x08, 0x84, 0x08,
  0x84, 0x08, 0x84, 0x08, 0x84, 0x08, 0x84, 0x08, 0x84, 0x08, 0x84, 0x08, 0x84, 0x08, 0x84, 0x08, 0x84, 0x08, 0x84, 0x08, 0x84, 0x08, 0x84, 0x08, 0x84, 0x08, 0x84, 0x08, 0x84, 0x08, 0x84, 0x08,
  0xc5, 0x10, 0x84, 0x08, 0x84, 0x08, 0x84, 0x08, 0x84, 0x08, 0x84, 0x08, 0x84, 0x08, 0x84, 0x08, 0x84, 0x08, 0x84, 0x08, 0x84, 0x08, 0x84, 0x08, 0x84, 0x08, 0x84, 0x08, 0x84, 0x08, 0x84, 0x08,
  0x84, 0x08, 0x84, 0x08, 0x84, 0x08, 0x84, 0x08, 0x84, 0x08, 0x84, 0x08, 0x84, 0x08, 0x84, 0x08, 0x84, 0x08, 0x84, 0x08, 0x84, 0x08, 0x84, 0x08, 0x84, 0x08, 0x84, 0x08, 0x84, 0x08, 0x84, 0x08,
  0xc5, 0x10, 0x84, 0x08, 0x84, 0x08, 0x84, 0x08, 0x84, 0x08, 0x84, 0x08, 0x84, 0x08, 0x84, 0x08, 0x84, 0x08, 0x84, 0x08, 0x84, 0x08, 0x84, 0x08, 0x84, 0x08, 0x84, 0x08, 0x84, 0x08, 0x84, 0x08,
  0x84, 0x08, 0x84, 0x08, 0x84, 0x08, 0x84, 0x08, 0x84, 0x08, 0x84, 0x08, 0x84, 0x08, 0x84, 0x08, 0x84, 0x08, 0x84, 0x08, 0x84, 0x08, 0x84, 0x08, 0x84, 0x08, 0x84, 0x08, 0x84, 0x08, 0x84, 0x08,
  0xc5, 0x10, 0x84, 0x08, 0x84, 0x08, 0x84, 0x08, 0x84, 0x08, 0x84, 0x08, 0x84, 0x08, 0x84, 0x08, 0x84, 0x08, 0x84, 0x08, 0x84, 0x08, 0x84, 0x08, 0x84, 0x08, 0x84, 0x08, 0x84, 0x08, 0x84, 0x08,
  0x84, 0x08, 0x84, 0x08, 0x84, 0x08, 0x84, 0x08, 0x84, 0x08, 0x84, 0x08, 0x84, 0x08, 0x84, 0x08, 0x84, 0x08, 0x84, 0x08, 0x84, 0x08, 0x84, 0x08, 0x84, 0x08, 0x84, 0x08, 0x84, 0x08, 0x84, 0x08,
  0xc5, 0x10, 0x84, 0x08, 0x84, 0x08, 0x84, 0x08, 0x84, 0x08, 0x84, 0x08, 0x84, 0x08, 0x84, 0x08, 0x84, 0x08, 0x84, 0x08, 0x84, 0x08, 0x84, 0x08, 0x84, 0x08, 0x84, 0x08, 0x84, 0x08, 0x85, 0x6a,
  0xe3, 0xec, 0x42, 0xdc, 0xa4, 0xb3, 0x84, 0xab, 0x84, 0xb3, 0xa4, 0xab, 0xa4, 0x82, 0x64, 0x08, 0x84, 0x08, 0xa3, 0xab, 0xa2, 0xe4, 0x03, 0xc4, 0x64, 0xa3, 0x64, 0xa3, 0x64, 0xab, 0x05, 0x93,
  0xc5, 0x10, 0x44, 0x31, 0x83, 0xe4, 0x62, 0xdc, 0x63, 0x41, 0xc4, 0x20, 0xc4, 0x20, 0x64, 0x41, 0x63, 0xdc, 0xa3, 0xe4, 0x04, 0x29, 0xc4, 0x51, 0xc3, 0xec, 0xe3, 0xbb, 0xc4, 0x18, 0x84, 0x08,
  0x84, 0x08, 0xa4, 0x49, 0x83, 0xe4, 0x63, 0xdc, 0xa4, 0x10, 0xe4, 0x8a, 0xa2, 0xe4, 0x03, 0xd4, 0x64, 0xa3, 0x64, 0xa3, 0x64, 0xab, 0x64, 0x9b, 0xe4, 0x18, 0xc4, 0x18, 0x43, 0xd4, 0x62, 0xdc,
  0xc4, 0x7a, 0x42, 0xcc, 0xc3, 0xec, 0x84, 0x72, 0x84, 0x08, 0x44, 0x9b, 0xe2, 0xec, 0xc3, 0x82, 0x84, 0x08, 0xa4, 0x10, 0x84, 0x08, 0xe4, 0x82, 0xe2, 0xec, 0x44, 0x9b, 0x84, 0x08, 0x84, 0x08,
  0x84, 0x08, 0x84, 0x10, 0x84, 0x08, 0x64, 0x6a, 0x82, 0xe4, 0x82, 0xe4, 0xa2, 0xe4, 0x04, 0x83, 0xa4, 0x10, 0x84, 0x08, 0x84, 0x08, 0x84, 0x08, 0x84, 0x08, 0x84, 0x08, 0x84, 0x08, 0x84, 0x08,
  0xc5, 0x10, 0x84, 0x08, 0x84, 0x08, 0x84, 0x08, 0x84, 0x08, 0x84, 0x08, 0x84, 0x08, 0x84, 0x08, 0x84, 0x08, 0x84, 0x08, 0x84, 0x08, 0x84, 0x08, 0x84, 0x08, 0x84, 0x08, 0x84, 0x08, 0x84, 0x08,
  0x84, 0x08, 0x84, 0x08, 0x84, 0x08, 0x84, 0x08, 0x84, 0x08, 0x84, 0x08, 0x84, 0x08, 0x84, 0x08, 0x84, 0x08, 0x84, 0x08, 0x84, 0x08, 0x84, 0x08, 0x84, 0x08, 0x84, 0x08, 0x84, 0x08, 0x84, 0x08,
  0xc5, 0x10, 0x84, 0x08, 0x84, 0x08, 0x84, 0x08, 0x84, 0x08, 0x84, 0x08, 0x84, 0x08, 0x84, 0x08, 0x84, 0x08, 0x84, 0x08, 0x84, 0x08, 0x84, 0x08, 0x84, 0x08, 0x84, 0x08, 0x84, 0x08, 0x84, 0x08,
  0x84, 0x08, 0x84, 0x08, 0x84, 0x08, 0x84, 0x08, 0x84, 0x08, 0x84, 0x08, 0x84, 0x08, 0x84, 0x08, 0x84, 0x08, 0x84, 0x08, 0x84, 0x08, 0x84, 0x08, 0x84, 0x08, 0x84, 0x08, 0x84, 0x08, 0x84, 0x08,
  0xc5, 0x10, 0x84, 0x08, 0x84, 0x08, 0x84, 0x08, 0x84, 0x08, 0x84, 0x08, 0x84, 0x08, 0x84, 0x08, 0x84, 0x08, 0x84, 0x08, 0x84, 0x08, 0x84, 0x08, 0x84, 0x08, 0x84, 0x08, 0x84, 0x08, 0x84, 0x08,
  0x84, 0x08, 0x84, 0x08, 0x84, 0x08, 0x84, 0x08, 0x84, 0x08, 0x84, 0x08, 0x84, 0x08, 0x84, 0x08, 0x84, 0x08, 0x84, 0x08, 0x84, 0x08, 0x84, 0x08, 0x84, 0x08, 0x84, 0x08, 0x84, 0x08, 0x84, 0x08,
  0xc5, 0x10, 0x84, 0x08, 0x84, 0x08, 0x84, 0x08, 0x84, 0x08, 0x84, 0x08, 0x84, 0x08, 0x84, 0x08, 0x84, 0x08, 0x84, 0x08, 0x84, 0x08, 0x84, 0x08, 0x84, 0x08, 0x84, 0x08, 0x84, 0x08, 0x84, 0x08,
  0x84, 0x08, 0x84, 0x08, 0x84, 0x08, 0x84, 0x08, 0x84, 0x08, 0x84, 0x08, 0x84, 0x08, 0x84, 0x08, 0x84, 0x08, 0x84, 0x08, 0x84, 0x08, 0x84, 0x08, 0x84, 0x08, 0x84, 0x08, 0x84, 0x08, 0x84, 0x08,
  0xc5, 0x10, 0x84, 0x08, 0x84, 0x08, 0x84, 0x08, 0x84, 0x08, 0x84, 0x08, 0x84, 0x08, 0x84, 0x08, 0x84, 0x08, 0x84, 0x08, 0x84, 0x08, 0x84, 0x08, 0x84, 0x08, 0x84, 0x08, 0x84, 0x08, 0x84, 0x08,
  0x84, 0x08, 0x84, 0x08, 0x84, 0x08, 0x84, 0x08, 0x84, 0x08, 0x84, 0x08, 0x84, 0x08, 0x84, 0x08, 0x84, 0x08, 0x84, 0x08, 0x84, 0x08, 0x84, 0x08, 0x84, 0x08, 0x84, 0x08, 0x84, 0x08, 0x84, 0x08,
  0xc5, 0x10, 0x84, 0x08, 0x84, 0x08, 0x84, 0x08, 0x84, 0x08, 0x84, 0x08, 0x84, 0x08, 0x84, 0x08, 0x84, 0x08, 0x84, 0x08, 0x84, 0x08, 0x84, 0x08, 0x84, 0x08, 0x84, 0x08, 0x84, 0x08, 0x84, 0x08,
  0x84, 0x08, 0x84, 0x08, 0x84, 0x08, 0x84, 0x08, 0x84, 0x08, 0x84, 0x08, 0x84, 0x08, 0x84, 0x08, 0x84, 0x08, 0x84, 0x08, 0x84, 0x08, 0x84, 0x08, 0x84, 0x08, 0x84, 0x08, 0x84, 0x08, 0x84, 0x08,
  0xc5, 0x10, 0x84, 0x08, 0x84, 0x08, 0x84, 0x08, 0x84, 0x08, 0x84, 0x08, 0x84, 0x08, 0x84, 0x08, 0x84, 0x08, 0x84, 0x08, 0x84, 0x08, 0x84, 0x08, 0x84, 0x08, 0x84, 0x08, 0x84, 0x08, 0x84, 0x08,
  0x84, 0x08, 0x84, 0x08, 0x84, 0x08, 0x84, 0x08, 0x84, 0x08, 0x84, 0x08, 0x84, 0x08, 0x84, 0x08, 0x84, 0x08, 0x84, 0x08, 0x84, 0x08, 0x84, 0x08, 0x84, 0x08, 0x84, 0x08, 0x84, 0x08, 0x84, 0x08,
  0xc5, 0x10, 0x84, 0x08, 0x84, 0x08, 0x84, 0x08, 0x84, 0x08, 0x84, 0x08, 0x84, 0x08, 0x84, 0x08, 0x84, 0x08, 0x84, 0x08, 0x84, 0x08, 0x84, 0x08, 0x84, 0x08, 0x84, 0x08, 0x84, 0x08, 0x83, 0x10,
  0x83, 0x61, 0xc2, 0x79, 0x02, 0x7a, 0xe1, 0x81, 0xe2, 0x81, 0x21, 0x9a, 0x81, 0xaa, 0x63, 0x49, 0xa4, 0x18, 0x22, 0x92, 0x21, 0x9a, 0xe2, 0x79, 0xe2, 0x79, 0xe2, 0x79, 0x02, 0x7a, 0xa3, 0x59,
  0xc5, 0x10, 0x83, 0x59, 0x41, 0xa2, 0x20, 0x9a, 0x62, 0xa2, 0x62, 0xa2, 0x62, 0xa2, 0x61, 0xa2, 0x21, 0x92, 0x03, 0x39, 0x84, 0x08, 0xc2, 0x61, 0x41, 0xa2, 0x01, 0x92, 0x02, 0x8a, 0x02, 0x8a,
  0x02, 0x8a, 0x61, 0xa2, 0x42, 0x9a, 0x43, 0x41, 0x84, 0x10, 0x02, 0x8a, 0x21, 0xa2, 0xe2, 0x81, 0xe2, 0x79, 0xe2, 0x79, 0x02, 0x7a, 0xc3, 0x69, 0x84, 0x08, 0x23, 0x41, 0x61, 0xaa, 0x02, 0x82,
  0xa4, 0x10, 0x23, 0x39, 0x41, 0x9a, 0x41, 0x9a, 0x42, 0x49, 0x01, 0x8a, 0x42, 0xa2, 0x03, 0x31, 0x84, 0x08, 0x84, 0x08, 0x84, 0x10, 0x01, 0x82, 0x61, 0xa2, 0x23, 0x41, 0x84, 0x08, 0x84, 0x08,
  0x84, 0x08, 0x84, 0x08, 0xc4, 0x20, 0x82, 0x69, 0x42, 0xa2, 0x21, 0x9a, 0x01, 0x92, 0xc3, 0x28, 0x84, 0x08, 0x84, 0x10, 0x84, 0x08, 0x84, 0x08, 0x84, 0x08, 0x84, 0x08, 0x84, 0x08, 0x84, 0x08,
  0xc5, 0x10, 0x84, 0x08, 0x84, 0x08, 0x84, 0x08, 0x84, 0x08, 0x84, 0x08, 0x84, 0x08, 0x84, 0x08, 0x84, 0x08, 0x84, 0x08, 0x84, 0x08, 0x84, 0x08, 0x84, 0x08, 0x84, 0x08, 0x84, 0x08, 0x84, 0x08,
  0x84, 0x08, 0x84, 0x08, 0x84, 0x08, 0x84, 0x08, 0x84, 0x08, 0x84, 0x08, 0x84, 0x08, 0x84, 0x08, 0x84, 0x08, 0x84, 0x08, 0x84, 0x08, 0x84, 0x08, 0x84, 0x08, 0x84, 0x08, 0x84, 0x08, 0x84, 0x08,
  0xc5, 0x10, 0x84, 0x08, 0x84, 0x08, 0x84, 0x08, 0x84, 0x08, 0x84, 0x08, 0x84, 0x08, 0x84, 0x08, 0x84, 0x08, 0x84, 0x08, 0x84, 0x08, 0x84, 0x08, 0x84, 0x08, 0x84, 0x08, 0x84, 0x08, 0x84, 0x08,
  0x84, 0x08, 0x84, 0x08, 0x84, 0x08, 0x84, 0x08, 0x84, 0x08, 0x84, 0x08, 0x84, 0x08, 0x84, 0x08, 0x84, 0x08, 0x84, 0x08, 0x84, 0x08, 0x84, 0x08, 0x84, 0x08, 0x84, 0x08, 0x84, 0x08, 0x84, 0x08,
  0xc5, 0x10, 0x84, 0x08, 0x84, 0x08, 0x84, 0x08, 0x84, 0x08, 0x84, 0x08, 0x84, 0x08, 0x84, 0x08, 0x84, 0x08, 0x84, 0x08, 0x84, 0x08, 0x84, 0x08, 0x84, 0x08, 0x84, 0x08, 0x84, 0x08, 0x84, 0x08,
  0x84, 0x08, 0x84, 0x08, 0x84, 0x08, 0x84, 0x08, 0x84, 0x08, 0x84, 0x08, 0x84, 0x08, 0x84, 0x08, 0x84, 0x08, 0x84, 0x08, 0x84, 0x08, 0x84, 0x08, 0x84, 0x08, 0x84, 0x08, 0x84, 0x08, 0x84, 0x08,
  0xc5, 0x10, 0x84, 0x08, 0x84, 0x08, 0x84, 0x08, 0x84, 0x08, 0x84, 0x08, 0x84, 0x08, 0x84, 0x08, 0x84, 0x08, 0x84, 0x08, 0x84, 0x08, 0x84, 0x08, 0x84, 0x08, 0x84, 0x08, 0x84, 0x08, 0x84, 0x08,
  0x84, 0x08, 0x84, 0x08, 0x84, 0x08, 0x84, 0x08, 0x84, 0x08, 0x84, 0x08, 0x84, 0x08, 0x84, 0x08, 0x84, 0x08, 0x84, 0x08, 0x84, 0x08, 0x84, 0x08, 0x84, 0x08, 0x84, 0x08, 0x84, 0x08, 0x84, 0x08,
  0xc5, 0x10, 0x84, 0x08, 0x84, 0x08, 0x84, 0x08, 0x84, 0x08, 0x84, 0x08, 0x84, 0x08, 0x84, 0x08, 0x84, 0x08, 0x84, 0x08, 0x84, 0x08, 0x84, 0x08, 0x84, 0x08, 0x84, 0x08, 0x84, 0x08, 0x84, 0x08,
  0x84, 0x08, 0x84, 0x08, 0x84, 0x08, 0x84, 0x08, 0x84, 0x08, 0x84, 0x08, 0x84, 0x08, 0x84, 0x08, 0x84, 0x08, 0x84, 0x08, 0x84, 0x08, 0x84, 0x08, 0x84, 0x08, 0x84, 0x08, 0x84, 0x08, 0x84, 0x08,
  0xc5, 0x10, 0x84, 0x08, 0x84, 0x08, 0x84, 0x08, 0x84, 0x08, 0x84, 0x08, 0x84, 0x08, 0x84, 0x08, 0x84, 0x08, 0x84, 0x08, 0x84, 0x08, 0x84, 0x08, 0x84, 0x08, 0x84, 0x08, 0x84, 0x08, 0x84, 0x08,
  0x84, 0x08, 0x84, 0x08, 0x84, 0x08, 0x84, 0x08, 0x84, 0x08, 0x84, 0x08, 0x84, 0x08, 0x84, 0x08, 0x84, 0x08, 0x84, 0x08, 0x84, 0x08, 0x84, 0x08, 0x84, 0x08, 0x84, 0x08, 0x84, 0x08, 0x84, 0x08,
  0xc5, 0x10, 0x84, 0x08, 0x84, 0x08, 0x84, 0x08, 0x84, 0x08, 0x84, 0x08, 0x84, 0x08, 0x84, 0x08, 0x84, 0x08, 0x84, 0x08, 0x84, 0x08, 0x84, 0x08, 0x84, 0x08, 0x84, 0x08, 0x84, 0x08, 0x84, 0x08,
  0x84, 0x08, 0x84, 0x08, 0x84, 0x08, 0x84, 0x08, 0x84, 0x08, 0x84, 0x08, 0x84, 0x08, 0x84, 0x08, 0x84, 0x08, 0x84, 0x08, 0x84, 0x08, 0x84, 0x08, 0x84, 0x08, 0x84, 0x08, 0x84, 0x08, 0x84, 0x08,
  0xc5, 0x10, 0x84, 0x08, 0x84, 0x08, 0x84, 0x08, 0x84, 0x08, 0x84, 0x08, 0x84, 0x08, 0x84, 0x08, 0x84, 0x08, 0x84, 0x08, 0x84, 0x08, 0x84, 0x08, 0x84, 0x08, 0x84, 0x08, 0x84, 0x10, 0xc4, 0x20,
  0xc4, 0x18, 0x84, 0x08, 0x84, 0x08, 0x84, 0x08, 0x84, 0x10, 0xc1, 0x89, 0x02, 0x9a, 0xc4, 0x20, 0x23, 0x39, 0x41, 0xaa, 0xc2, 0x81, 0x84, 0x08, 0x84, 0x08, 0x84, 0x08, 0x84, 0x08, 0x84, 0x08,
  0xc4, 0x10, 0xc2, 0x71, 0x21, 0x9a, 0xa2, 0x69, 0x43, 0x49, 0x43, 0x49, 0x62, 0x59, 0x01, 0x92, 0x02, 0x92, 0xc4, 0x20, 0x84, 0x10, 0xe2, 0x89, 0x01, 0x9a, 0xe2, 0x79, 0xc2, 0x79, 0xc2, 0x71,
  0xe2, 0x79, 0xa3, 0x69, 0xe3, 0x28, 0x84, 0x08, 0x03, 0x31, 0x21, 0x9a, 0x02, 0x92, 0xa4, 0x18, 0x84, 0x08, 0x84, 0x08, 0x84, 0x08, 0x84, 0x08, 0x84, 0x08, 0x82, 0x61, 0x41, 0xaa, 0x63, 0x59,
  0xc5, 0x10, 0x84, 0x08, 0x63, 0x59, 0x21, 0xa2, 0xe1, 0x99, 0x01, 0x9a, 0xe2, 0x89, 0xa4, 0x10, 0x84, 0x08, 0x84, 0x08, 0xe4, 0x28, 0x01, 0x9a, 0x01, 0x92, 0xc4, 0x20, 0x84, 0x08, 0x84, 0x08,
  0x64, 0x08, 0x23, 0x41, 0x02, 0x92, 0x42, 0xa2, 0x63, 0x59, 0x63, 0x59, 0x21, 0x9a, 0x22, 0x92, 0xe3, 0x28, 0x84, 0x08, 0x84, 0x08, 0x84, 0x08, 0x84, 0x08, 0x84, 0x08, 0x84, 0x08, 0x84, 0x08,
  0xc5, 0x10, 0x84, 0x08, 0x84, 0x08, 0x84, 0x08, 0x84, 0x08, 0x84, 0x08, 0x84, 0x08, 0x84, 0x08, 0x84, 0x08, 0x84, 0x08, 0x84, 0x08, 0x84, 0x08, 0x84, 0x08, 0x84, 0x08, 0x84, 0x08, 0x84, 0x08,
  0x84, 0x08, 0x84, 0x08, 0x84, 0x08, 0x84, 0x08, 0x84, 0x08, 0x84, 0x08, 0x84, 0x08, 0x84, 0x08, 0x84, 0x08, 0x84, 0x08, 0x84, 0x08, 0x84, 0x08, 0x84, 0x08, 0x84, 0x08, 0x84, 0x08, 0x84, 0x08,
  0xc5, 0x10, 0x84, 0x08, 0x84, 0x08, 0x84, 0x08, 0x84, 0x08, 0x84, 0x08, 0x84, 0x08, 0x84, 0x08, 0x84, 0x08, 0x84, 0x08, 0x84, 0x08, 0x84, 0x08, 0x84, 0x08, 0x84, 0x08, 0x84, 0x08, 0x84, 0x08,
  0x84, 0x08, 0x84, 0x08, 0x84, 0x08, 0x84, 0x08, 0x84, 0x08, 0x84, 0x08, 0x84, 0x08, 0x84, 0x08, 0x84, 0x08, 0x84, 0x08, 0x84, 0x08, 0x84, 0x08, 0x84, 0x08, 0x84, 0x08, 0x84, 0x08, 0x84, 0x08,
  0xc5, 0x10, 0x84, 0x08, 0x84, 0x08, 0x84, 0x08, 0x84, 0x08, 0x84, 0x08, 0x84, 0x08, 0x84, 0x08, 0x84, 0x08, 0x84, 0x08, 0x84, 0x08, 0x84, 0x08, 0x84, 0x08, 0x84, 0x08, 0x84, 0x08, 0x84, 0x08,
  0x84, 0x08, 0x84, 0x08, 0x84, 0x08, 0x84, 0x08, 0x84, 0x08, 0x84, 0x08, 0x84, 0x08, 0x84, 0x08, 0x84, 0x08, 0x84, 0x08, 0x84, 0x08, 0x84, 0x08, 0x84, 0x08, 0x84, 0x08, 0x84, 0x08, 0x84, 0x08,
  0xc5, 0x10, 0x84, 0x08, 0x84, 0x08, 0x84, 0x08, 0x84, 0x08, 0x84, 0x08, 0x84, 0x08, 0x84, 0x08, 0x84, 0x08, 0x84, 0x08, 0x84, 0x08, 0x84, 0x08, 0x84, 0x08, 0x84, 0x08, 0x84, 0x08, 0x84, 0x08,
  0x84, 0x08, 0x84, 0x08, 0x84, 0x08, 0x84, 0x08, 0x84, 0x08, 0x84, 0x08, 0x84, 0x08, 0x84, 0x08, 0x84, 0x08, 0x84, 0x08, 0x84, 0x08, 0x84, 0x08, 0x84, 0x08, 0x84, 0x08, 0x84, 0x08, 0x84, 0x08,
  0xc5, 0x10, 0x84, 0x08, 0x84, 0x08, 0x84, 0x08, 0x84, 0x08, 0x84, 0x08, 0x84, 0x08, 0x84, 0x08, 0x84, 0x08, 0x84, 0x08, 0x84, 0x08, 0x84, 0x08, 0x84, 0x08, 0x84, 0x08, 0x84, 0x08, 0x84, 0x08,
  0x84, 0x08, 0x84, 0x08, 0x84, 0x08, 0x84, 0x08, 0x84, 0x08, 0x84, 0x08, 0x84, 0x08, 0x84, 0x08, 0x84, 0x08, 0x84, 0x08, 0x84, 0x08, 0x84, 0x08, 0x84, 0x08, 0x84, 0x08, 0x84, 0x08, 0x84, 0x08,
  0xc5, 0x10, 0x84, 0x08, 0x84, 0x08, 0x84, 0x08, 0x84, 0x08, 0x84, 0x08, 0x84, 0x08, 0x84, 0x08, 0x84, 0x08, 0x84, 0x08, 0x84, 0x08, 0x84, 0x08, 0x84, 0x08, 0x84, 0x08, 0x84, 0x08, 0x84, 0x08,
  0x84, 0x08, 0x84, 0x08, 0x84, 0x08, 0x84, 0x08, 0x84, 0x08, 0x84, 0x08, 0x84, 0x08, 0x84, 0x08, 0x84, 0x08, 0x84, 0x08, 0x84, 0x08, 0x84, 0x08, 0x84, 0x08, 0x84, 0x08, 0x84, 0x08, 0x84, 0x08,
  0xc5, 0x10, 0x84, 0x08, 0x84, 0x08, 0x84, 0x08, 0x84, 0x08, 0x84, 0x08, 0x84, 0x08, 0x84, 0x08, 0x84, 0x08, 0x84, 0x08, 0x84, 0x08, 0x84, 0x08, 0x84, 0x08, 0x84, 0x08, 0x84, 0x08, 0x84, 0x08,
  0x84, 0x08, 0x84, 0x08, 0x84, 0x08, 0x84, 0x08, 0x84, 0x08, 0x84, 0x08, 0x84, 0x08, 0x84, 0x08, 0x84, 0x08, 0x84, 0x08, 0x84, 0x08, 0x84, 0x08, 0x84, 0x08, 0x84, 0x08, 0x84, 0x08, 0x84, 0x08,
  0xc5, 0x10, 0x84, 0x08, 0x84, 0x08, 0x84, 0x08, 0x84, 0x08, 0x84, 0x08, 0x84, 0x08, 0x84, 0x08, 0x84, 0x08, 0x84, 0x08, 0x84, 0x08, 0x84, 0x08, 0x84, 0x08, 0x84, 0x08, 0x23, 0x49, 0x02, 0x9a,
  0xa3, 0x69, 0x84, 0x08, 0x84, 0x08, 0x84, 0x08, 0x03, 0x39, 0xe1, 0x99, 0xa2, 0x81, 0x84, 0x08, 0x62, 0x69, 0x01, 0xa2, 0x63, 0x59, 0x64, 0x08, 0x84, 0x08, 0x84, 0x08, 0x84, 0x08, 0x84, 0x08,
  0xe4, 0x20, 0xe1, 0x89, 0x01, 0x92, 0xc3, 0x28, 0x84, 0x08, 0x84, 0x08, 0x64, 0x08, 0xc2, 0x81, 0x01, 0x9a, 0xe4, 0x30, 0xc4, 0x28, 0xe1, 0x99, 0xc1, 0x81, 0xa4, 0x10, 0x84, 0x08, 0x84, 0x08,
  0x84, 0x08, 0x84, 0x08, 0x84, 0x08, 0x84, 0x08, 0x42, 0x51, 0xe1, 0x99, 0x82, 0x71, 0x64, 0x08, 0x84, 0x08, 0x84, 0x08, 0x64, 0x08, 0x84, 0x08, 0x84, 0x10, 0xa2, 0x81, 0x01, 0x9a, 0x04, 0x31,
  0xc5, 0x10, 0x84, 0x08, 0x84, 0x10, 0xa3, 0x69, 0xc1, 0x91, 0xe1, 0x91, 0x82, 0x69, 0x84, 0x08, 0x84, 0x08, 0x84, 0x08, 0x43, 0x49, 0x01, 0xa2, 0x82, 0x69, 0x84, 0x08, 0x84, 0x08, 0xa4, 0x10,
  0x83, 0x61, 0x01, 0x9a, 0xc2, 0x81, 0x03, 0x31, 0x84, 0x08, 0x64, 0x08, 0x62, 0x61, 0xe1, 0x99, 0xc2, 0x81, 0xa4, 0x18, 0x84, 0x08, 0x84, 0x08, 0x84, 0x08, 0x84, 0x08, 0x84, 0x08, 0x84, 0x08,
  0xc5, 0x10, 0x84, 0x08, 0x84, 0x08, 0x84, 0x08, 0x84, 0x08, 0x84, 0x08, 0x84, 0x08, 0x84, 0x08, 0x84, 0x08, 0x84, 0x08, 0x84, 0x08, 0x84, 0x08, 0x84, 0x08, 0x84, 0x08, 0x84, 0x08, 0x84, 0x08,
  0x84, 0x08, 0x84, 0x08, 0x84, 0x08, 0x84, 0x08, 0x84, 0x08, 0x84, 0x08, 0x84, 0x08, 0x84, 0x08, 0x84, 0x08, 0x84, 0x08, 0x84, 0x08, 0x84, 0x08, 0x84, 0x08, 0x84, 0x08, 0x84, 0x08, 0x84, 0x08,
  0xc5, 0x10, 0x84, 0x08, 0x84, 0x08, 0x84, 0x08, 0x84, 0x08, 0x84, 0x08, 0x84, 0x08, 0x84, 0x08, 0x84, 0x08, 0x84, 0x08, 0x84, 0x08, 0x84, 0x08, 0x84, 0x08, 0x84, 0x08, 0x84, 0x08, 0x84, 0x08,
  0x84, 0x08, 0x84, 0x08, 0x84, 0x08, 0x84, 0x08, 0x84, 0x08, 0x84, 0x08, 0x84, 0x08, 0x84, 0x08, 0x84, 0x08, 0x84, 0x08, 0x84, 0x08, 0x84, 0x08, 0x84, 0x08, 0x84, 0x08, 0x84, 0x08, 0x84, 0x08,
  0xc5, 0x10, 0x84, 0x08, 0x84, 0x08, 0x84, 0x08, 0x84, 0x08, 0x84, 0x08, 0x84, 0x08, 0x84, 0x08, 0x84, 0x08, 0x84, 0x08, 0x84, 0x08, 0x84, 0x08, 0x84, 0x08, 0x84, 0x08, 0x84, 0x08, 0x84, 0x08,
  0x84, 0x08, 0x84, 0x08, 0x84, 0x08, 0x84, 0x08, 0x84, 0x08, 0x84, 0x08, 0x84, 0x08, 0x84, 0x08, 0x84, 0x08, 0x84, 0x08, 0x84, 0x08, 0x84, 0x08, 0x84, 0x08, 0x84, 0x08, 0x84, 0x08, 0x84, 0x08,
  0xc5, 0x10, 0x84, 0x08, 0x84, 0x08, 0x84, 0x08, 0x84, 0x08, 0x84, 0x08, 0x84, 0x08, 0x84, 0x08, 0x84, 0x08, 0x84, 0x08, 0x84, 0x08, 0x84, 0x08, 0x84, 0x08, 0x84, 0x08, 0x84, 0x08, 0x84, 0x08,
  0x84, 0x08, 0x84, 0x08, 0x84, 0x08, 0x84, 0x08, 0x84, 0x08, 0x84, 0x08, 0x84, 0x08, 0x84, 0x08, 0x84, 0x08, 0x84, 0x08, 0x84, 0x08, 0x84, 0x08, 0x84, 0x08, 0x84, 0x08, 0x84, 0x08, 0x84, 0x08,
  0xc5, 0x10, 0x84, 0x08, 0x84, 0x08, 0x84, 0x08, 0x84, 0x08, 0x84, 0x08, 0x84, 0x08, 0x84, 0x08, 0x84, 0x08, 0x84, 0x08, 0x84, 0x08, 0x84, 0x08, 0x84, 0x08, 0x84, 0x08, 0x84, 0x08, 0x84, 0x08,
  0x84, 0x08, 0x84, 0x08, 0x84, 0x08, 0x84, 0x08, 0x84, 0x08, 0x84, 0x08, 0x84, 0x08, 0x84, 0x08, 0x84, 0x08, 0x84, 0x08, 0x84, 0x08, 0x84, 0x08, 0x84, 0x08, 0x84, 0x08, 0x84, 0x08, 0x84, 0x08,
  0xc5, 0x10, 0x84, 0x08, 0x84, 0x08, 0x84, 0x08, 0x84, 0x08, 0x84, 0x08, 0x84, 0x08, 0x84, 0x08, 0x84, 0x08, 0x84, 0x08, 0x84, 0x08, 0x84, 0x08, 0x84, 0x08, 0x84, 0x08, 0x84, 0x08, 0x84, 0x08,
  0x84, 0x08, 0x84, 0x08, 0x84, 0x08, 0x84, 0x08, 0x84, 0x08, 0x84, 0x08, 0x84, 0x08, 0x84, 0x08, 0x84, 0x08, 0x84, 0x08, 0x84, 0x08, 0x84, 0x08, 0x84, 0x08, 0x84, 0x08, 0x84, 0x08, 0x84, 0x08,
  0xc5, 0x10, 0x84, 0x08, 0x84, 0x08, 0x84, 0x08, 0x84, 0x08, 0x84, 0x08, 0x84, 0x08, 0x84, 0x08, 0x84, 0x08, 0x84, 0x08, 0x84, 0x08, 0x84, 0x08, 0x84, 0x08, 0x84, 0x08, 0x84, 0x08, 0x84, 0x08,
  0x84, 0x08, 0x84, 0x08, 0x84, 0x08, 0x84, 0x08, 0x84, 0x08, 0x84, 0x08, 0x84, 0x08, 0x84, 0x08, 0x84, 0x08, 0x84, 0x08, 0x84, 0x08, 0x84, 0x08, 0x84, 0x08, 0x84, 0x08, 0x84, 0x08, 0x84, 0x08,
  0xc5, 0x10, 0x84, 0x08, 0x84, 0x08, 0x84, 0x08, 0x84, 0x08, 0x84, 0x08, 0x84, 0x08, 0x84, 0x08, 0x84, 0x08, 0x84, 0x08, 0x84, 0x08, 0x84, 0x08, 0x84, 0x08, 0x84, 0x08, 0xa3, 0x79, 0xa1, 0x99,
  0x81, 0x89, 0x62, 0x69, 0x62, 0x69, 0x62, 0x69, 0xa1, 0x89, 0xe1, 0x99, 0x23, 0x49, 0x84, 0x10, 0xc2, 0x91, 0xa0, 0x91, 0x81, 0x81, 0x62, 0x71, 0x81, 0x71, 0x62, 0x71, 0x82, 0x79, 0x44, 0x49,
  0x23, 0x41, 0xe1, 0xa1, 0x82, 0x71, 0x84, 0x10, 0x84, 0x10, 0x84, 0x08, 0xe3, 0x38, 0xc1, 0x99, 0xa1, 0x89, 0x84, 0x10, 0x22, 0x59, 0xe1, 0xa1, 0x63, 0x61, 0x84, 0x08, 0x84, 0x08, 0x84, 0x08,
  0x84, 0x08, 0x84, 0x08, 0x84, 0x08, 0x84, 0x10, 0x82, 0x81, 0xa0, 0x99, 0x81, 0x89, 0x62, 0x71, 0x62, 0x71, 0x62, 0x71, 0x82, 0x79, 0x63, 0x59, 0xe3, 0x30, 0xc1, 0x99, 0xa2, 0x81, 0x84, 0x10,
  0xc5, 0x10, 0x84, 0x08, 0x84, 0x08, 0xc3, 0x20, 0xc1, 0x91, 0xc1, 0x99, 0x03, 0x39, 0x84, 0x08, 0x84, 0x08, 0x84, 0x08, 0x82, 0x71, 0xe1, 0xa1, 0x23, 0x49, 0x84, 0x08, 0x84, 0x08, 0x03, 0x41,
  0xe1, 0xa1, 0xa1, 0x81, 0xa4, 0x10, 0x84, 0x08, 0x84, 0x10, 0x84, 0x08, 0xc3, 0x28, 0xe1, 0x99, 0xc2, 0x89, 0xa4, 0x18, 0x84, 0x08, 0x84, 0x08, 0x84, 0x08, 0x84, 0x08, 0x84, 0x08, 0x84, 0x08,
  0xc5, 0x10, 0x84, 0x08, 0x84, 0x08, 0x84, 0x08, 0x84, 0x08, 0x84, 0x08, 0x84, 0x08, 0x84, 0x08, 0x84, 0x08, 0x84, 0x08, 0x84, 0x08, 0x84, 0x08, 0x84, 0x08, 0x84, 0x08, 0x84, 0x08, 0x84, 0x08,
  0x84, 0x08, 0x84, 0x08, 0x84, 0x08, 0x84, 0x08, 0x84, 0x08, 0x84, 0x08, 0x84, 0x08, 0x84, 0x08, 0x84, 0x08, 0x84, 0x08, 0x84, 0x08, 0x84, 0x08, 0x84, 0x08, 0x84, 0x08, 0x84, 0x08, 0x84, 0x08,
  0xc5, 0x10, 0x84, 0x08, 0x84, 0x08, 0x84, 0x08, 0x84, 0x08, 0x84, 0x08, 0x84, 0x08, 0x84, 0x08, 0x84, 0x08, 0x84, 0x08, 0x84, 0x08, 0x84, 0x08, 0x84, 0x08, 0x84, 0x08, 0x84, 0x08, 0x84, 0x08,
  0x84, 0x08, 0x84, 0x08, 0x84, 0x08, 0x84, 0x08, 0x84, 0x08, 0x84, 0x08, 0x84, 0x08, 0x84, 0x08, 0x84, 0x08, 0x84, 0x08, 0x84, 0x08, 0x84, 0x08, 0x84, 0x08, 0x84, 0x08, 0x84, 0x08, 0x84, 0x08,
  0xc5, 0x10, 0x84, 0x08, 0x84, 0x08, 0x84, 0x08, 0x84, 0x08, 0x84, 0x08, 0x84, 0x08, 0x84, 0x08, 0x84, 0x08, 0x84, 0x08, 0x84, 0x08, 0x84, 0x08, 0x84, 0x08, 0x84, 0x08, 0x84, 0x08, 0x84, 0x08,
  0x84, 0x08, 0x84, 0x08, 0x84, 0x08, 0x84, 0x08, 0x84, 0x08, 0x84, 0x08, 0x84, 0x08, 0x84, 0x08, 0x84, 0x08, 0x84, 0x08, 0x84, 0x08, 0x84, 0x08, 0x84, 0x08, 0x84, 0x08, 0x84, 0x08, 0x84, 0x08,
  0xc5, 0x10, 0x84, 0x08, 0x84, 0x08, 0x84, 0x08, 0x84, 0x08, 0x84, 0x08, 0x84, 0x08, 0x84, 0x08, 0x84, 0x08, 0x84, 0x08, 0x84, 0x08, 0x84, 0x08, 0x84, 0x08, 0x84, 0x08, 0x84, 0x08, 0x84, 0x08,
  0x84, 0x08, 0x84, 0x08, 0x84, 0x08, 0x84, 0x08, 0x84, 0x08, 0x84, 0x08, 0x84, 0x08, 0x84, 0x08, 0x84, 0x08, 0x84, 0x08, 0x84, 0x08, 0x84, 0x08, 0x84, 0x08, 0x84, 0x08, 0x84, 0x08, 0x84, 0x08,
  0xc5, 0x10, 0x84, 0x08, 0x84, 0x08, 0x84, 0x08, 0x84, 0x08, 0x84, 0x08, 0x84, 0x08, 0x84, 0x08, 0x84, 0x08, 0x84, 0x08, 0x84, 0x08, 0x84, 0x08, 0x84, 0x08, 0x84, 0x08, 0x84, 0x08, 0x84, 0x08,
  0x84, 0x08, 0x84, 0x08, 0x84, 0x08, 0x84, 0x08, 0x84, 0x08, 0x84, 0x08, 0x84, 0x08, 0x84, 0x08, 0x84, 0x08, 0x84, 0x08, 0x84, 0x08, 0x84, 0x08, 0x84, 0x08, 0x84, 0x08, 0x84, 0x08, 0x84, 0x08,
  0xc5, 0x10, 0x84, 0x08, 0x84, 0x08, 0x84, 0x08, 0x84, 0x08, 0x84, 0x08, 0x84, 0x08, 0x84, 0x08, 0x84, 0x08, 0x84, 0x08, 0x84, 0x08, 0x84, 0x08, 0x84, 0x08, 0x84, 0x08, 0x84, 0x08, 0x84, 0x08,
  0x84, 0x08, 0x84, 0x08, 0x84, 0x08, 0x84, 0x08, 0x84, 0x08, 0x84, 0x08, 0x84, 0x08, 0x84, 0x08, 0x84, 0x08, 0x84, 0x08, 0x84, 0x08, 0x84, 0x08, 0x84, 0x08, 0x84, 0x08, 0x84, 0x08, 0x84, 0x08,
  0xc5, 0x10, 0x84, 0x08, 0x84, 0x08, 0x84, 0x08, 0x84, 0x08, 0x84, 0x08, 0x84, 0x08, 0x84, 0x08, 0x84, 0x08, 0x84, 0x08, 0x84, 0x08, 0x84, 0x08, 0x84, 0x08, 0x84, 0x08, 0x84, 0x08, 0x84, 0x08,
  0x84, 0x08, 0x84, 0x08, 0x84, 0x08, 0x84, 0x08, 0x84, 0x08, 0x84, 0x08, 0x84, 0x08, 0x84, 0x08, 0x84, 0x08, 0x84, 0x08, 0x84, 0x08, 0x84, 0x08, 0x84, 0x08, 0x84, 0x08, 0x84, 0x08, 0x84, 0x08,
  0xc5, 0x10, 0x84, 0x08, 0x84, 0x08, 0x84, 0x08, 0x84, 0x08, 0x84, 0x08, 0x84, 0x08, 0x84, 0x08, 0x84, 0x08, 0x84, 0x08, 0x84, 0x08, 0x84, 0x08, 0x84, 0x08, 0x84, 0x08, 0xe3, 0x30, 0x82, 0x71,
  0x82, 0x71, 0x82, 0x71, 0x82, 0x79, 0x82, 0x79, 0xa3, 0x71, 0x23, 0x41, 0x84, 0x08, 0xe4, 0x28, 0xa3, 0x79, 0x82, 0x71, 0x82, 0x71, 0x83, 0x71, 0x82, 0x71, 0x82, 0x71, 0xa3, 0x79, 0xe3, 0x30,
  0x43, 0x49, 0xa3, 0x79, 0x23, 0x41, 0x84, 0x08, 0x84, 0x08, 0x84, 0x08, 0x43, 0x41, 0xc3, 0x79, 0x23, 0x49, 0x84, 0x08, 0x83, 0x61, 0xa2, 0x79, 0xe4, 0x30, 0x84, 0x08, 0x84, 0x08, 0x84, 0x08,
  0x84, 0x08, 0x84, 0x08, 0x84, 0x08, 0xc4, 0x18, 0xa3, 0x71, 0x82, 0x71, 0x82, 0x71, 0xa2, 0x71, 0xa2, 0x71, 0x82, 0x71, 0xc2, 0x81, 0x23, 0x41, 0x23, 0x39, 0xc3, 0x81, 0x43, 0x51, 0x84, 0x08,
  0xc5, 0x10, 0x84, 0x08, 0x84, 0x08, 0xc4, 0x20, 0xa3, 0x71, 0x83, 0x69, 0xa4, 0x10, 0x84, 0x08, 0x84, 0x08, 0xc4, 0x18, 0xa3, 0x69, 0x83, 0x71, 0xc4, 0x20, 0x84, 0x08, 0x84, 0x08, 0x43, 0x51,
  0xc2, 0x79, 0x23, 0x49, 0x84, 0x08, 0x84, 0x08, 0x84, 0x08, 0x84, 0x08, 0x04, 0x39, 0xc3, 0x79, 0x43, 0x51, 0x84, 0x08, 0x84, 0x08, 0x84, 0x08, 0x84, 0x08, 0x84, 0x08, 0x84, 0x08, 0x84, 0x08,
  0xc5, 0x10, 0x84, 0x08, 0x84, 0x08, 0x84, 0x08, 0x84, 0x08, 0x84, 0x08, 0x84, 0x08, 0x84, 0x08, 0x84, 0x08, 0x84, 0x08, 0x84, 0x08, 0x84, 0x08, 0x84, 0x08, 0x84, 0x08, 0x84, 0x08, 0x84, 0x08,
  0x84, 0x08, 0x84, 0x08, 0x84, 0x08, 0x84, 0x08, 0x84, 0x08, 0x84, 0x08, 0x84, 0x08, 0x84, 0x08, 0x84, 0x08, 0x84, 0x08, 0x84, 0x08, 0x84, 0x08, 0x84, 0x08, 0x84, 0x08, 0x84, 0x08, 0x84, 0x08,
  0xc5, 0x10, 0x84, 0x08, 0x84, 0x08, 0x84, 0x08, 0x84, 0x08, 0x84, 0x08, 0x84, 0x08, 0x84, 0x08, 0x84, 0x08, 0x84, 0x08, 0x84, 0x08, 0x84, 0x08, 0x84, 0x08, 0x84, 0x08, 0x84, 0x08, 0x84, 0x08,
  0x84, 0x08, 0x84, 0x08, 0x84, 0x08, 0x84, 0x08, 0x84, 0x08, 0x84, 0x08, 0x84, 0x08, 0x84, 0x08, 0x84, 0x08, 0x84, 0x08, 0x84, 0x08, 0x84, 0x08, 0x84, 0x08, 0x84, 0x08, 0x84, 0x08, 0x84, 0x08,
  0xc5, 0x10, 0x84, 0x08, 0x84, 0x08, 0x84, 0x08, 0x84, 0x08, 0x84, 0x08, 0x84, 0x08, 0x84, 0x08, 0x84, 0x08, 0x84, 0x08, 0x84, 0x08, 0x84, 0x08, 0x84, 0x08, 0x84, 0x08, 0x84, 0x08, 0x84, 0x08,
  0x84, 0x08, 0x84, 0x08, 0x84, 0x08, 0x84, 0x08, 0x84, 0x08, 0x84, 0x08, 0x84, 0x08, 0x84, 0x08, 0x84, 0x08, 0x84, 0x08, 0x84, 0x08, 0x84, 0x08, 0x84, 0x08, 0x84, 0x08, 0x84, 0x08, 0x84, 0x08,
  0xc5, 0x10, 0x84, 0x08, 0x84, 0x08, 0x84, 0x08, 0x84, 0x08, 0x84, 0x08, 0x84, 0x08, 0x84, 0x08, 0x84, 0x08, 0x84, 0x08, 0x84, 0x08, 0x84, 0x08, 0x84, 0x08, 0x84, 0x08, 0x84, 0x08, 0x84, 0x08,
  0x84, 0x08, 0x84, 0x08, 0x84, 0x08, 0x84, 0x08, 0x84, 0x08, 0x84, 0x08, 0x84, 0x08, 0x84, 0x08, 0x84, 0x08, 0x84, 0x08, 0x84, 0x08, 0x84, 0x08, 0x84, 0x08, 0x84, 0x08, 0x84, 0x08, 0x84, 0x08,
  0xc5, 0x10, 0x84, 0x08, 0x84, 0x08, 0x84, 0x08, 0x84, 0x08, 0x84, 0x08, 0x84, 0x08, 0x84, 0x08, 0x84, 0x08, 0x84, 0x08, 0x84, 0x08, 0x84, 0x08, 0x84, 0x08, 0x84, 0x08, 0x84, 0x08, 0x84, 0x08,
  0x84, 0x08, 0x84, 0x08, 0x84, 0x08, 0x84, 0x08, 0x84, 0x08, 0x84, 0x08, 0x84, 0x08, 0x84, 0x08, 0x84, 0x08, 0x84, 0x08, 0x84, 0x08, 0x84, 0x08, 0x84, 0x08, 0x84, 0x08, 0x84, 0x08, 0x84, 0x08,
  0xc5, 0x10, 0x84, 0x08, 0x84, 0x08, 0x84, 0x08, 0x84, 0x08, 0x84, 0x08, 0x84, 0x08, 0x84, 0x08, 0x84, 0x08, 0x84, 0x08, 0x84, 0x08, 0x84, 0x08, 0x84, 0x08, 0x84, 0x08, 0x84, 0x08, 0x84, 0x08,
  0x84, 0x08, 0x84, 0x08, 0x84, 0x08, 0x84, 0x08, 0x84, 0x08, 0x84, 0x08, 0x84, 0x08, 0x84, 0x08, 0x84, 0x08, 0x84, 0x08, 0x84, 0x08, 0x84, 0x08, 0x84, 0x08, 0x84, 0x08, 0x84, 0x08, 0x84, 0x08,
  0xc5, 0x10, 0x84, 0x08, 0x84, 0x08, 0x84, 0x08, 0x84, 0x08, 0x84, 0x08, 0x84, 0x08, 0x84, 0x08, 0x84, 0x08, 0x84, 0x08, 0x84, 0x08, 0x84, 0x08, 0x84, 0x08, 0x84, 0x08, 0x84, 0x08, 0x84, 0x08,
  0x84, 0x08, 0x84, 0x08, 0x84, 0x08, 0x84, 0x08, 0x84, 0x08, 0x84, 0x08, 0x84, 0x08, 0x84, 0x08, 0x84, 0x08, 0x84, 0x08, 0x84, 0x08, 0x84, 0x08, 0x84, 0x08, 0x84, 0x08, 0x84, 0x08, 0x84, 0x08,
  0xc5, 0x10, 0x84, 0x08, 0x84, 0x08, 0x84, 0x08, 0x84, 0x08, 0x84, 0x08, 0x84, 0x08, 0x84, 0x08, 0x84, 0x08, 0x84, 0x08, 0x84, 0x08, 0x84, 0x08, 0x84, 0x08, 0x84, 0x08, 0x84, 0x08, 0x84, 0x08,
  0x84, 0x08, 0x84, 0x08, 0x84, 0x08, 0x84, 0x08, 0x84, 0x08, 0x84, 0x08, 0x84, 0x08, 0x84, 0x08, 0x84, 0x08, 0x84, 0x08, 0x84, 0x08, 0x84, 0x08, 0x84, 0x08, 0x84, 0x08, 0x84, 0x08, 0x84, 0x08,
  0xc5, 0x10, 0x84, 0x08, 0x84, 0x08, 0x84, 0x08, 0x84, 0x08, 0x84, 0x08, 0x84, 0x08, 0x84, 0x08, 0x84, 0x08, 0x84, 0x08, 0x84, 0x08, 0x84, 0x08, 0x84, 0x08, 0x84, 0x08, 0x84, 0x08, 0x84, 0x08,
  0x84, 0x08, 0x84, 0x08, 0x84, 0x08, 0x84, 0x08, 0x84, 0x08, 0x84, 0x08, 0x84, 0x08, 0x84, 0x08, 0x84, 0x08, 0x84, 0x08, 0x84, 0x08, 0x84, 0x08, 0x84, 0x08, 0x84, 0x08, 0x84, 0x08, 0x84, 0x08,
  0xc5, 0x10, 0x84, 0x08, 0x84, 0x08, 0x84, 0x08, 0x84, 0x08, 0x84, 0x08, 0x84, 0x08, 0x84, 0x08, 0x84, 0x08, 0x84, 0x08, 0x84, 0x08, 0x84, 0x08, 0x84, 0x08, 0x84, 0x08, 0x84, 0x08, 0x84, 0x08,
  0x84, 0x08, 0x84, 0x08, 0x84, 0x08, 0x84, 0x08, 0x84, 0x08, 0x84, 0x08, 0x84, 0x08, 0x84, 0x08, 0x84, 0x08, 0x84, 0x08, 0x84, 0x08, 0x84, 0x08, 0x84, 0x08, 0x84, 0x08, 0x84, 0x08, 0x84, 0x08,
  0xc5, 0x10, 0x84, 0x08, 0x84, 0x08, 0x84, 0x08, 0x84, 0x08, 0x84, 0x08, 0x84, 0x08, 0x84, 0x08, 0x84, 0x08, 0x84, 0x08, 0x84, 0x08, 0x84, 0x08, 0x84, 0x08, 0x84, 0x08, 0x84, 0x08, 0x84, 0x08,
  0x84, 0x08, 0x84, 0x08, 0x84, 0x08, 0x84, 0x08, 0x84, 0x08, 0x84, 0x08, 0x84, 0x08, 0x84, 0x08, 0x84, 0x08, 0x84, 0x08, 0x84, 0x08, 0x84, 0x08, 0x84, 0x08, 0x84, 0x08, 0x84, 0x08, 0x84, 0x08,
  0xc5, 0x10, 0x84, 0x08, 0x84, 0x08, 0x84, 0x08, 0x84, 0x08, 0x84, 0x08, 0x84, 0x08, 0x84, 0x08, 0x84, 0x08, 0x84, 0x08, 0x84, 0x08, 0x84, 0x08, 0x84, 0x08, 0x84, 0x08, 0x84, 0x08, 0x84, 0x08,
  0x84, 0x08, 0x84, 0x08, 0x84, 0x08, 0x84, 0x08, 0x84, 0x08, 0x84, 0x08, 0x84, 0x08, 0x84, 0x08, 0x84, 0x08, 0x84, 0x08, 0x84, 0x08, 0x84, 0x08, 0x84, 0x08, 0x84, 0x08, 0x84, 0x08, 0x84, 0x08,
  0xc5, 0x10, 0x84, 0x08, 0x84, 0x08, 0x84, 0x08, 0x84, 0x08, 0x84, 0x08, 0x84, 0x08, 0x84, 0x08, 0x84, 0x08, 0x84, 0x08, 0x84, 0x08, 0x84, 0x08, 0x84, 0x08, 0x84, 0x08, 0x84, 0x08, 0x84, 0x08,
  0x84, 0x08, 0x84, 0x08, 0x84, 0x08, 0x84, 0x08, 0x84, 0x08, 0x84, 0x08, 0x84, 0x08, 0x84, 0x08, 0x84, 0x08, 0x84, 0x08, 0x84, 0x08, 0x84, 0x08, 0x84, 0x08, 0x84, 0x08, 0x84, 0x08, 0x84, 0x08,
  0xc5, 0x10, 0x84, 0x08, 0x84, 0x08, 0x84, 0x08, 0x84, 0x08, 0x84, 0x08, 0x84, 0x08, 0x84, 0x08, 0x84, 0x08, 0x84, 0x08, 0x84, 0x08, 0x84, 0x08, 0x84, 0x08, 0x84, 0x08, 0x84, 0x08, 0x84, 0x08,
  0x84, 0x08, 0x84, 0x08, 0x84, 0x08, 0x84, 0x08, 0x84, 0x08, 0x84, 0x08, 0x84, 0x08, 0x84, 0x08, 0x84, 0x08, 0x84, 0x08, 0x84, 0x08, 0x84, 0x08, 0x84, 0x08, 0x84, 0x08, 0x84, 0x08, 0x84, 0x08,
  0xc5, 0x10, 0x84, 0x08, 0x84, 0x08, 0x84, 0x08, 0x84, 0x08, 0x84, 0x08, 0x84, 0x08, 0x84, 0x08, 0x84, 0x08, 0x84, 0x08, 0x84, 0x08, 0x84, 0x08, 0x84, 0x08, 0x84, 0x08, 0x84, 0x08, 0x84, 0x08,
  0x84, 0x08, 0x84, 0x08, 0x84, 0x08, 0x84, 0x08, 0x84, 0x08, 0x84, 0x08, 0x84, 0x08, 0x84, 0x08, 0x84, 0x08, 0x84, 0x08, 0x84, 0x08, 0x84, 0x08, 0x84, 0x08, 0x84, 0x08, 0x84, 0x08, 0x84, 0x08,
  0xc5, 0x10, 0x84, 0x08, 0x84, 0x08, 0x84, 0x08, 0x84, 0x08, 0x84, 0x08, 0x84, 0x08, 0x84, 0x08, 0x84, 0x08, 0x84, 0x08, 0x84, 0x08, 0x84, 0x08, 0x84, 0x08, 0x84, 0x08, 0x84, 0x08, 0x84, 0x08,
  0x84, 0x08, 0x84, 0x08, 0x84, 0x08, 0x84, 0x08, 0x84, 0x08, 0x84, 0x08, 0x84, 0x08, 0x84, 0x08, 0x84, 0x08, 0x84, 0x08, 0x84, 0x08, 0x84, 0x08, 0x84, 0x08, 0x84, 0x08, 0x84, 0x08, 0x84, 0x08,
  0xc5, 0x10, 0x84, 0x08, 0x84, 0x08, 0x84, 0x08, 0x84, 0x08, 0x84, 0x08, 0x84, 0x08, 0x84, 0x08, 0x84, 0x08, 0x84, 0x08, 0x84, 0x08, 0x84, 0x08, 0x84, 0x08, 0x84, 0x08, 0x84, 0x08, 0x84, 0x08,
  0x84, 0x08, 0x84, 0x08, 0x84, 0x08, 0x84, 0x08, 0x84, 0x08, 0x84, 0x08, 0x84, 0x08, 0x84, 0x08, 0x84, 0x08, 0x84, 0x08, 0x84, 0x08, 0x84, 0x08, 0x84, 0x08, 0x84, 0x08, 0x84, 0x08, 0x84, 0x08,
  0xc5, 0x10, 0x84, 0x08, 0x84, 0x08, 0x84, 0x08, 0x84, 0x08, 0x84, 0x08, 0x84, 0x08, 0x84, 0x08, 0x84, 0x08, 0x84, 0x08, 0x84, 0x08, 0x84, 0x08, 0x84, 0x08, 0x84, 0x08, 0x84, 0x08, 0x84, 0x08,
  0x84, 0x08, 0x84, 0x08, 0x84, 0x08, 0x84, 0x08, 0x84, 0x08, 0x84, 0x08, 0x84, 0x08, 0x84, 0x08, 0x84, 0x08, 0x84, 0x08, 0x84, 0x08, 0x84, 0x08, 0x84, 0x08, 0x84, 0x08, 0x84, 0x08, 0x84, 0x08,
  0xc5, 0x10, 0x84, 0x08, 0x84, 0x08, 0x84, 0x08, 0x84, 0x08, 0x84, 0x08, 0x84, 0x08, 0x84, 0x08, 0x84, 0x08, 0x84, 0x08, 0x84, 0x08, 0x84, 0x08, 0x84, 0x08, 0x84, 0x08, 0x84, 0x08, 0x84, 0x08,
  0x84, 0x08, 0x84, 0x08, 0x84, 0x08, 0x84, 0x08, 0x84, 0x08, 0x84, 0x08, 0x84, 0x08, 0x84, 0x08, 0x84, 0x08, 0x84, 0x08, 0x84, 0x08, 0x84, 0x08, 0x84, 0x08, 0x84, 0x08, 0x84, 0x08, 0x84, 0x08,
  0xc5, 0x10, 0x84, 0x08, 0x84, 0x08, 0x84, 0x08, 0x84, 0x08, 0x84, 0x08, 0x84, 0x08, 0x84, 0x08, 0x84, 0x08, 0x84, 0x08, 0x84, 0x08, 0x84, 0x08, 0x84, 0x08, 0x84, 0x08, 0x84, 0x08, 0x84, 0x08,
  0x84, 0x08, 0x84, 0x08, 0x84, 0x08, 0x84, 0x08, 0x84, 0x08, 0x84, 0x08, 0x84, 0x08, 0x84, 0x08, 0x84, 0x08, 0x84, 0x08, 0x84, 0x08, 0x84, 0x08, 0x84, 0x08, 0x84, 0x08, 0x84, 0x08, 0x84, 0x08,
  0xc5, 0x10, 0x84, 0x08, 0x84, 0x08, 0x84, 0x08, 0x84, 0x08, 0x84, 0x08, 0x84, 0x08, 0x84, 0x08, 0x84, 0x08, 0x84, 0x08, 0x84, 0x08, 0x84, 0x08, 0x84, 0x08, 0x84, 0x08, 0x84, 0x08, 0x84, 0x08,
  0x84, 0x08, 0x84, 0x08, 0x84, 0x08, 0x84, 0x08, 0x84, 0x08, 0x84, 0x08, 0x84, 0x08, 0x84, 0x08, 0x84, 0x08, 0x84, 0x08, 0x84, 0x08, 0x84, 0x08, 0x84, 0x08, 0x84, 0x08, 0x84, 0x08, 0x84, 0x08,
  0xc5, 0x10, 0x84, 0x08, 0x84, 0x08, 0x84, 0x08, 0x84, 0x08, 0x84, 0x08, 0x84, 0x08, 0x84, 0x08, 0x84, 0x08, 0x84, 0x08, 0x84, 0x08, 0x84, 0x08, 0x84, 0x08, 0x84, 0x08, 0x84, 0x08, 0x84, 0x08,
  0x84, 0x08, 0x84, 0x08, 0x84, 0x08, 0x84, 0x08, 0x84, 0x08, 0x84, 0x08, 0x84, 0x08, 0x84, 0x08, 0x84, 0x08, 0x84, 0x08, 0x84, 0x08, 0x84, 0x08, 0x84, 0x08, 0x84, 0x08, 0x84, 0x08, 0x84, 0x08,
  0xc5, 0x10, 0x84, 0x08, 0x84, 0x08, 0x84, 0x08, 0x84, 0x08, 0x84, 0x08, 0x84, 0x08, 0x84, 0x08, 0x84, 0x08, 0x84, 0x08, 0x84, 0x08, 0x84, 0x08, 0x84, 0x08, 0x84, 0x08, 0x84, 0x08, 0x84, 0x08,
  0x84, 0x08, 0x84, 0x08, 0x84, 0x08, 0x84, 0x08, 0x84, 0x08, 0x84, 0x08, 0x84, 0x08, 0x84, 0x08, 0x84, 0x08, 0x84, 0x08, 0x84, 0x08, 0x84, 0x08, 0x84, 0x08, 0x84, 0x08, 0x84, 0x08, 0x84, 0x08,
  0xc5, 0x10, 0x84, 0x08, 0x84, 0x08, 0x84, 0x08, 0x84, 0x08, 0x84, 0x08, 0x84, 0x08, 0x84, 0x08, 0x84, 0x08, 0x84, 0x08, 0x84, 0x08, 0x84, 0x08, 0x84, 0x08, 0x84, 0x08, 0x84, 0x08, 0x84, 0x08,
  0x84, 0x08, 0x84, 0x08, 0x84, 0x08, 0x84, 0x08, 0x84, 0x08, 0x84, 0x08, 0x84, 0x08, 0x84, 0x08, 0x84, 0x08, 0x84, 0x08, 0x84, 0x08, 0x84, 0x08, 0x84, 0x08, 0x84, 0x08, 0x84, 0x08, 0x84, 0x08,
  0xc5, 0x10, 0x84, 0x08, 0x84, 0x08, 0x84, 0x08, 0x84, 0x08, 0x84, 0x08, 0x84, 0x08, 0x84, 0x08, 0x84, 0x08, 0x84, 0x08, 0x84, 0x08, 0x84, 0x08, 0x84, 0x08, 0x84, 0x08, 0x84, 0x08, 0x84, 0x08,
  0x84, 0x08, 0x84, 0x08, 0x84, 0x08, 0x84, 0x08, 0x84, 0x08, 0x84, 0x08, 0x84, 0x08, 0x84, 0x08, 0x84, 0x08, 0x84, 0x08, 0x84, 0x08, 0x84, 0x08, 0x84, 0x08, 0x84, 0x08, 0x84, 0x08, 0x84, 0x08,
  0xc5, 0x10, 0x84, 0x08, 0x84, 0x08, 0x84, 0x08, 0x84, 0x08, 0x84, 0x08, 0x84, 0x08, 0x84, 0x08, 0x84, 0x08, 0x84, 0x08, 0x84, 0x08, 0x84, 0x08, 0x84, 0x08, 0x84, 0x08, 0x84, 0x08, 0x84, 0x08,
  0x84, 0x08, 0x84, 0x08, 0x84, 0x08, 0x84, 0x08, 0x84, 0x08, 0x84, 0x08, 0x84, 0x08, 0x84, 0x08, 0x84, 0x08, 0x84, 0x08, 0x84, 0x08, 0x84, 0x08, 0x84, 0x08, 0x84, 0x08, 0x84, 0x08, 0x84, 0x08,
  0xc5, 0x10, 0x84, 0x08, 0x84, 0x08, 0x84, 0x08, 0x84, 0x08, 0x84, 0x08, 0x84, 0x08, 0x84, 0x08, 0x84, 0x08, 0x84, 0x08, 0x84, 0x08, 0x84, 0x08, 0x84, 0x08, 0x84, 0x08, 0x84, 0x08, 0x84, 0x08,
  0x84, 0x08, 0x84, 0x08, 0x84, 0x08, 0x84, 0x08, 0x84, 0x08, 0x84, 0x08, 0x84, 0x08, 0x84, 0x08, 0x84, 0x08, 0x84, 0x08, 0x84, 0x08, 0x84, 0x08, 0x84, 0x08, 0x84, 0x08, 0x84, 0x08, 0x84, 0x08,
  0xa5, 0x10, 0x64, 0x08, 0x64, 0x08, 0x64, 0x08, 0x64, 0x08, 0x64, 0x08, 0x64, 0x08, 0x64, 0x08, 0x64, 0x08, 0x64, 0x08, 0x64, 0x08, 0x64, 0x08, 0x64, 0x08, 0x64, 0x08, 0x64, 0x08, 0x64, 0x08,
  0x64, 0x08, 0x64, 0x08, 0x64, 0x08, 0x64, 0x08, 0x64, 0x08, 0x64, 0x08, 0x64, 0x08, 0x64, 0x08, 0x64, 0x08, 0x64, 0x08, 0x64, 0x08, 0x64, 0x08, 0x64, 0x08, 0x64, 0x08, 0x64, 0x08, 0x64, 0x08,
  0xa5, 0x10, 0x64, 0x08, 0x64, 0x08, 0x64, 0x08, 0x64, 0x08, 0x64, 0x08, 0x64, 0x08, 0x64, 0x08, 0x64, 0x08, 0x64, 0x08, 0x64, 0x08, 0x64, 0x08, 0x64, 0x08, 0x64, 0x08, 0x64, 0x08, 0x64, 0x08,
  0x64, 0x08, 0x64, 0x08, 0x64, 0x08, 0x64, 0x08, 0x64, 0x08, 0x64, 0x08, 0x64, 0x08, 0x64, 0x08, 0x64, 0x08, 0x64, 0x08, 0x64, 0x08, 0x64, 0x08, 0x64, 0x08, 0x64, 0x08, 0x64, 0x08, 0x64, 0x08,
  0xa5, 0x10, 0x64, 0x08, 0x64, 0x08, 0x64, 0x08, 0x64, 0x08, 0x64, 0x08, 0x64, 0x08, 0x64, 0x08, 0x64, 0x08, 0x64, 0x08, 0x64, 0x08, 0x64, 0x08, 0x64, 0x08, 0x64, 0x08, 0x64, 0x08, 0x64, 0x08,
  0x64, 0x08, 0x64, 0x08, 0x64, 0x08, 0x64, 0x08, 0x64, 0x08, 0x64, 0x08, 0x64, 0x08, 0x64, 0x08, 0x64, 0x08, 0x64, 0x08, 0x64, 0x08, 0x64, 0x08, 0x64, 0x08, 0x64, 0x08, 0x64, 0x08, 0x64, 0x08,
  0xa5, 0x10, 0x64, 0x08, 0x64, 0x08, 0x64, 0x08, 0x64, 0x08, 0x64, 0x08, 0x64, 0x08, 0x64, 0x08, 0x64, 0x08, 0x64, 0x08, 0x64, 0x08, 0x64, 0x08, 0x64, 0x08, 0x64, 0x08, 0x64, 0x08, 0x64, 0x08,
  0x64, 0x08, 0x64, 0x08, 0x64, 0x08, 0x64, 0x08, 0x64, 0x08, 0x64, 0x08, 0x64, 0x08, 0x64, 0x08, 0x64, 0x08, 0x64, 0x08, 0x64, 0x08, 0x64, 0x08, 0x64, 0x08, 0x64, 0x08, 0x64, 0x08, 0x64, 0x08,
  0xa5, 0x10, 0x64, 0x08, 0x64, 0x08, 0x64, 0x08, 0x64, 0x08, 0x64, 0x08, 0x64, 0x08, 0x64, 0x08, 0x64, 0x08, 0x64, 0x08, 0x64, 0x08, 0x64, 0x08, 0x64, 0x08, 0x64, 0x08, 0x64, 0x08, 0x64, 0x08,
  0x64, 0x08, 0x64, 0x08, 0x64, 0x08, 0x64, 0x08, 0x64, 0x08, 0x64, 0x08, 0x64, 0x08, 0x64, 0x08, 0x64, 0x08, 0x64, 0x08, 0x64, 0x08, 0x64, 0x08, 0x64, 0x08, 0x64, 0x08, 0x64, 0x08, 0x64, 0x08,
  0xa5, 0x10, 0x64, 0x08, 0x64, 0x08, 0x64, 0x08, 0x64, 0x08, 0x64, 0x08, 0x64, 0x08, 0x64, 0x08, 0x64, 0x08, 0x64, 0x08, 0x64, 0x08, 0x64, 0x08, 0x64, 0x08, 0x64, 0x08, 0x64, 0x08, 0x64, 0x08,
  0x64, 0x08, 0x64, 0x08, 0x64, 0x08, 0x64, 0x08, 0x64, 0x08, 0x64, 0x08, 0x64, 0x08, 0x64, 0x08, 0x64, 0x08, 0x64, 0x08, 0x64, 0x08, 0x64, 0x08, 0x64, 0x08, 0x64, 0x08, 0x64, 0x08, 0x64, 0x08,
  0xa5, 0x10, 0x64, 0x08, 0x64, 0x08, 0x64, 0x08, 0x64, 0x08, 0x64, 0x08, 0x64, 0x08, 0x64, 0x08, 0x64, 0x08, 0x64, 0x08, 0x64, 0x08, 0x64, 0x08, 0x64, 0x08, 0x64, 0x08, 0x64, 0x08, 0x64, 0x08,
  0x64, 0x08, 0x64, 0x08, 0x64, 0x08, 0x64, 0x08, 0x64, 0x08, 0x64, 0x08, 0x64, 0x08, 0x64, 0x08, 0x64, 0x08, 0x64, 0x08, 0x64, 0x08, 0x64, 0x08, 0x64, 0x08, 0x64, 0x08, 0x64, 0x08, 0x64, 0x08,
  0xa5, 0x10, 0x64, 0x08, 0x64, 0x08, 0x64, 0x08, 0x64, 0x08, 0x64, 0x08, 0x64, 0x08, 0x64, 0x08, 0x64, 0x08, 0x64, 0x08, 0x64, 0x08, 0x64, 0x08, 0x64, 0x08, 0x64, 0x08, 0x64, 0x08, 0x64, 0x08,
  0x64, 0x08, 0x64, 0x08, 0x64, 0x08, 0x64, 0x08, 0x64, 0x08, 0x64, 0x08, 0x64, 0x08, 0x64, 0x08, 0x64, 0x08, 0x64, 0x08, 0x64, 0x08, 0x64, 0x08, 0x64, 0x08, 0x64, 0x08, 0x64, 0x08, 0x64, 0x08,
  0xa5, 0x10, 0x64, 0x08, 0x64, 0x08, 0x64, 0x08, 0x64, 0x08, 0x64, 0x08, 0x64, 0x08, 0x64, 0x08, 0x64, 0x08, 0x64, 0x08, 0x64, 0x08, 0x64, 0x08, 0x64, 0x08, 0x64, 0x08, 0x64, 0x08, 0x64, 0x08,
  0x64, 0x08, 0x64, 0x08, 0x64, 0x08, 0x64, 0x08, 0x64, 0x08, 0x64, 0x08, 0x64, 0x08, 0x64, 0x08, 0x64, 0x08, 0x64, 0x08, 0x64, 0x08, 0x64, 0x08, 0x64, 0x08, 0x64, 0x08, 0x64, 0x08, 0x64, 0x08,
  0xa5, 0x10, 0x64, 0x08, 0x64, 0x08, 0x64, 0x08, 0x64, 0x08, 0x64, 0x08, 0x64, 0x08, 0x64, 0x08, 0x64, 0x08, 0x64, 0x08, 0x64, 0x08, 0x64, 0x08, 0x64, 0x08, 0x64, 0x08, 0x64, 0x08, 0x64, 0x08,
  0x64, 0x08, 0x64, 0x08, 0x64, 0x08, 0x64, 0x08, 0x64, 0x08, 0x64, 0x08, 0x64, 0x08, 0x64, 0x08, 0x64, 0x08, 0x64, 0x08, 0x64, 0x08, 0x64, 0x08, 0x64, 0x08, 0x64, 0x08, 0x64, 0x08, 0x64, 0x08,
  0xa5, 0x10, 0x64, 0x08, 0x64, 0x08, 0x64, 0x08, 0x64, 0x08, 0x64, 0x08, 0x64, 0x08, 0x64, 0x08, 0x64, 0x08, 0x64, 0x08, 0x64, 0x08, 0x64, 0x08, 0x64, 0x08, 0x64, 0x08, 0x64, 0x08, 0x64, 0x08,
  0x64, 0x08, 0x64, 0x08, 0x64, 0x08, 0x64, 0x08, 0x64, 0x08, 0x64, 0x08, 0x64, 0x08, 0x64, 0x08, 0x64, 0x08, 0x64, 0x08, 0x64, 0x08, 0x64, 0x08, 0x64, 0x08, 0x64, 0x08, 0x64, 0x08, 0x64, 0x08,
  0xa5, 0x10, 0x64, 0x08, 0x64, 0x08, 0x64, 0x08, 0x64, 0x08, 0x64, 0x08, 0x64, 0x08, 0x64, 0x08, 0x64, 0x08, 0x64, 0x08, 0x64, 0x08, 0x64, 0x08, 0x64, 0x08, 0x64, 0x08, 0x64, 0x08, 0x64, 0x08,
  0x64, 0x08, 0x64, 0x08, 0x64, 0x08, 0x64, 0x08, 0x64, 0x08, 0x64, 0x08, 0x64, 0x08, 0x64, 0x08, 0x64, 0x08, 0x64, 0x08, 0x64, 0x08, 0x64, 0x08, 0x64, 0x08, 0x64, 0x08, 0x64, 0x08, 0x64, 0x08,
  0xa5, 0x10, 0x64, 0x08, 0x64, 0x08, 0x64, 0x08, 0x64, 0x08, 0x64, 0x08, 0x64, 0x08, 0x64, 0x08, 0x64, 0x08, 0x64, 0x08, 0x64, 0x08, 0x64, 0x08, 0x64, 0x08, 0x64, 0x08, 0x64, 0x08, 0x64, 0x08,
  0x64, 0x08, 0x64, 0x08, 0x64, 0x08, 0x64, 0x08, 0x64, 0x08, 0x64, 0x08, 0x64, 0x08, 0x64, 0x08, 0x64, 0x08, 0x64, 0x08, 0x64, 0x08, 0x64, 0x08, 0x64, 0x08, 0x64, 0x08, 0x64, 0x08, 0x64, 0x08,
  0xa5, 0x10, 0x64, 0x08, 0x64, 0x08, 0x64, 0x08, 0x64, 0x08, 0x64, 0x08, 0x64, 0x08, 0x64, 0x08, 0x64, 0x08, 0x64, 0x08, 0x64, 0x08, 0x64, 0x08, 0x64, 0x08, 0x64, 0x08, 0x64, 0x08, 0x64, 0x08,
  0x64, 0x08, 0x64, 0x08, 0x64, 0x08, 0x64, 0x08, 0x64, 0x08, 0x64, 0x08, 0x64, 0x08, 0x64, 0x08, 0x64, 0x08, 0x64, 0x08, 0x64, 0x08, 0x64, 0x08, 0x64, 0x08, 0x64, 0x08, 0x64, 0x08, 0x64, 0x08,
  0xa5, 0x10, 0x64, 0x08, 0x64, 0x08, 0x64, 0x08, 0x64, 0x08, 0x64, 0x08, 0x64, 0x08, 0x64, 0x08, 0x64, 0x08, 0x64, 0x08, 0x64, 0x08, 0x64, 0x08, 0x64, 0x08, 0x64, 0x08, 0x64, 0x08, 0x64, 0x08,
  0x64, 0x08, 0x64, 0x08, 0x64, 0x08, 0x64, 0x08, 0x64, 0x08, 0x64, 0x08, 0x64, 0x08, 0x64, 0x08, 0x64, 0x08, 0x64, 0x08, 0x64, 0x08, 0x64, 0x08, 0x64, 0x08, 0x64, 0x08, 0x64, 0x08, 0x64, 0x08,
  0xa5, 0x10, 0x64, 0x08, 0x64, 0x08, 0x64, 0x08, 0x64, 0x08, 0x64, 0x08, 0x64, 0x08, 0x64, 0x08, 0x64, 0x08, 0x64, 0x08, 0x64, 0x08, 0x64, 0x08, 0x64, 0x08, 0x64, 0x08, 0x64, 0x08, 0x64, 0x08,
  0x64, 0x08, 0x64, 0x08, 0x64, 0x08, 0x64, 0x08, 0x64, 0x08, 0x64, 0x08, 0x64, 0x08, 0x64, 0x08, 0x64, 0x08, 0x64, 0x08, 0x64, 0x08, 0x64, 0x08, 0x64, 0x08, 0x64, 0x08, 0x64, 0x08, 0x64, 0x08,
  0xa5, 0x10, 0x64, 0x08, 0x64, 0x08, 0x64, 0x08, 0x64, 0x08, 0x64, 0x08, 0x64, 0x08, 0x64, 0x08, 0x64, 0x08, 0x64, 0x08, 0x64, 0x08, 0x64, 0x08, 0x64, 0x08, 0x64, 0x08, 0x64, 0x08, 0x64, 0x08,
  0x64, 0x08, 0x64, 0x08, 0x64, 0x08, 0x64, 0x08, 0x64, 0x08, 0x64, 0x08, 0x64, 0x08, 0x64, 0x08, 0x64, 0x08, 0x64, 0x08, 0x64, 0x08, 0x64, 0x08, 0x64, 0x08, 0x64, 0x08, 0x64, 0x08, 0x64, 0x08,
  0xa5, 0x10, 0x64, 0x08, 0x64, 0x08, 0x64, 0x08, 0x64, 0x08, 0x64, 0x08, 0x64, 0x08, 0x64, 0x08, 0x64, 0x08, 0x64, 0x08, 0x64, 0x08, 0x64, 0x08, 0x64, 0x08, 0x64, 0x08, 0x64, 0x08, 0x64, 0x08,
  0x64, 0x08, 0x64, 0x08, 0x64, 0x08, 0x64, 0x08, 0x64, 0x08, 0x64, 0x08, 0x64, 0x08, 0x64, 0x08, 0x64, 0x08, 0x64, 0x08, 0x64, 0x08, 0x64, 0x08, 0x64, 0x08, 0x64, 0x08, 0x64, 0x08, 0x64, 0x08,
  0xa5, 0x10, 0x64, 0x08, 0x64, 0x08, 0x64, 0x08, 0x64, 0x08, 0x64, 0x08, 0x64, 0x08, 0x64, 0x08, 0x64, 0x08, 0x64, 0x08, 0x64, 0x08, 0x64, 0x08, 0x64, 0x08, 0x64, 0x08, 0x64, 0x08, 0x64, 0x08,
  0x64, 0x08, 0x64, 0x08, 0x64, 0x08, 0x64, 0x08, 0x64, 0x08, 0x64, 0x08, 0x64, 0x08, 0x64, 0x08, 0x64, 0x08, 0x64, 0x08, 0x64, 0x08, 0x64, 0x08, 0x64, 0x08, 0x64, 0x08, 0x64, 0x08, 0x64, 0x08,
  0xa5, 0x10, 0x64, 0x08, 0x64, 0x08, 0x64, 0x08, 0x64, 0x08, 0x64, 0x08, 0x64, 0x08, 0x64, 0x08, 0x64, 0x08, 0x64, 0x08, 0x64, 0x08, 0x64, 0x08, 0x64, 0x08, 0x64, 0x08, 0x64, 0x08, 0x64, 0x08,
  0x64, 0x08, 0x64, 0x08, 0x64, 0x08, 0x64, 0x08, 0x64, 0x08, 0x64, 0x08, 0x64, 0x08, 0x64, 0x08, 0x64, 0x08, 0x64, 0x08, 0x64, 0x08, 0x64, 0x08, 0x64, 0x08, 0x64, 0x08, 0x64, 0x08, 0x64, 0x08,
  0xa5, 0x10, 0x64, 0x08, 0x64, 0x08, 0x64, 0x08, 0x64, 0x08, 0x64, 0x08, 0x64, 0x08, 0x64, 0x08, 0x64, 0x08, 0x64, 0x08, 0x64, 0x08, 0x64, 0x08, 0x64, 0x08, 0x64, 0x08, 0x64, 0x08, 0x64, 0x08,
  0x64, 0x08, 0x64, 0x08, 0x64, 0x08, 0x64, 0x08, 0x64, 0x08, 0x64, 0x08, 0x64, 0x08, 0x64, 0x08, 0x64, 0x08, 0x64, 0x08, 0x64, 0x08, 0x64, 0x08, 0x64, 0x08, 0x64, 0x08, 0x64, 0x08, 0x64, 0x08,
  0xa5, 0x10, 0x64, 0x08, 0x64, 0x08, 0x64, 0x08, 0x64, 0x08, 0x64, 0x08, 0x64, 0x08, 0x64, 0x08, 0x64, 0x08, 0x64, 0x08, 0x64, 0x08, 0x64, 0x08, 0x64, 0x08, 0x64, 0x08, 0x64, 0x08, 0x64, 0x08,
  0x64, 0x08, 0x64, 0x08, 0x64, 0x08, 0x64, 0x08, 0x64, 0x08, 0x64, 0x08, 0x64, 0x08, 0x64, 0x08, 0x64, 0x08, 0x64, 0x08, 0x64, 0x08, 0x64, 0x08, 0x64, 0x08, 0x64, 0x08, 0x64, 0x08, 0x64, 0x08,
  0xa5, 0x10, 0x64, 0x08, 0x64, 0x08, 0x64, 0x08, 0x64, 0x08, 0x64, 0x08, 0x64, 0x08, 0x64, 0x08, 0x64, 0x08, 0x64, 0x08, 0x64, 0x08, 0x64, 0x08, 0x64, 0x08, 0x64, 0x08, 0x64, 0x08, 0x64, 0x08,
  0x64, 0x08, 0x64, 0x08, 0x64, 0x08, 0x64, 0x08, 0x64, 0x08, 0x64, 0x08, 0x64, 0x08, 0x64, 0x08, 0x64, 0x08, 0x64, 0x08, 0x64, 0x08, 0x64, 0x08, 0x64, 0x08, 0x64, 0x08, 0x64, 0x08, 0x64, 0x08,
  0xa5, 0x10, 0x64, 0x08, 0x64, 0x08, 0x64, 0x08, 0x64, 0x08, 0x64, 0x08, 0x64, 0x08, 0x64, 0x08, 0x64, 0x08, 0x64, 0x08, 0x64, 0x08, 0x64, 0x08, 0x64, 0x08, 0x64, 0x08, 0x64, 0x08, 0x64, 0x08,
  0x64, 0x08, 0x64, 0x08, 0x64, 0x08, 0x64, 0x08, 0x64, 0x08, 0x64, 0x08, 0x64, 0x08, 0x64, 0x08, 0x64, 0x08, 0x64, 0x08, 0x64, 0x08, 0x64, 0x08, 0x64, 0x08, 0x64, 0x08, 0x64, 0x08, 0x64, 0x08,
  0xa5, 0x10, 0x64, 0x08, 0x64, 0x08, 0x64, 0x08, 0x64, 0x08, 0x64, 0x08, 0x64, 0x08, 0x64, 0x08, 0x64, 0x08, 0x64, 0x08, 0x64, 0x08, 0x64, 0x08, 0x64, 0x08, 0x64, 0x08, 0x64, 0x08, 0x64, 0x08,
  0x64, 0x08, 0x64, 0x08, 0x64, 0x08, 0x64, 0x08, 0x64, 0x08, 0x64, 0x08, 0x64, 0x08, 0x64, 0x08, 0x64, 0x08, 0x64, 0x08, 0x64, 0x08, 0x64, 0x08, 0x64, 0x08, 0x64, 0x08, 0x64, 0x08, 0x64, 0x08,
  0xa5, 0x10, 0x64, 0x08, 0x64, 0x08, 0x64, 0x08, 0x64, 0x08, 0x64, 0x08, 0x64, 0x08, 0x64, 0x08, 0x64, 0x08, 0x64, 0x08, 0x64, 0x08, 0x64, 0x08, 0x64, 0x08, 0x64, 0x08, 0x64, 0x08, 0x64, 0x08,
  0x64, 0x08, 0x64, 0x08, 0x64, 0x08, 0x64, 0x08, 0x64, 0x08, 0x64, 0x08, 0x64, 0x08, 0x64, 0x08, 0x64, 0x08, 0x64, 0x08, 0x64, 0x08, 0x64, 0x08, 0x64, 0x08, 0x64, 0x08, 0x64, 0x08, 0x64, 0x08,
  0xa5, 0x10, 0x64, 0x08, 0x64, 0x08, 0x64, 0x08, 0x64, 0x08, 0x64, 0x08, 0x64, 0x08, 0x64, 0x08, 0x64, 0x08, 0x64, 0x08, 0x64, 0x08, 0x64, 0x08, 0x64, 0x08, 0x64, 0x08, 0x64, 0x08, 0x64, 0x08,
  0x64, 0x08, 0x64, 0x08, 0x64, 0x08, 0x64, 0x08, 0x64, 0x08, 0x64, 0x08, 0x64, 0x08, 0x64, 0x08, 0x64, 0x08, 0x64, 0x08, 0x64, 0x08, 0x64, 0x08, 0x64, 0x08, 0x64, 0x08, 0x64, 0x08, 0x64, 0x08,
  0xa5, 0x10, 0x64, 0x08, 0x64, 0x08, 0x64, 0x08, 0x64, 0x08, 0x64, 0x08, 0x64, 0x08, 0x64, 0x08, 0x64, 0x08, 0x64, 0x08, 0x64, 0x08, 0x64, 0x08, 0x64, 0x08, 0x64, 0x08, 0x64, 0x08, 0x64, 0x08,
  0x64, 0x08, 0x64, 0x08, 0x64, 0x08, 0x64, 0x08, 0x64, 0x08, 0x64, 0x08, 0x64, 0x08, 0x64, 0x08, 0x64, 0x08, 0x64, 0x08, 0x64, 0x08, 0x64, 0x08, 0x64, 0x08, 0x64, 0x08, 0x64, 0x08, 0x64, 0x08,
  0xa5, 0x10, 0x64, 0x08, 0x64, 0x08, 0x64, 0x08, 0x64, 0x08, 0x64, 0x08, 0x64, 0x08, 0x64, 0x08, 0x64, 0x08, 0x64, 0x08, 0x64, 0x08, 0x64, 0x08, 0x64, 0x08, 0x64, 0x08, 0x64, 0x08, 0x64, 0x08,
  0x64, 0x08, 0x64, 0x08, 0x64, 0x08, 0x64, 0x08, 0x64, 0x08, 0x64, 0x08, 0x64, 0x08, 0x64, 0x08, 0x64, 0x08, 0x64, 0x08, 0x64, 0x08, 0x64, 0x08, 0x64, 0x08, 0x64, 0x08, 0x64, 0x08, 0x64, 0x08,
  0xa5, 0x10, 0x64, 0x08, 0x64, 0x08, 0x64, 0x08, 0x64, 0x08, 0x64, 0x08, 0x64, 0x08, 0x64, 0x08, 0x64, 0x08, 0x64, 0x08, 0x64, 0x08, 0x64, 0x08, 0x64, 0x08, 0x64, 0x08, 0x64, 0x08, 0x64, 0x08,
  0x64, 0x08, 0x64, 0x08, 0x64, 0x08, 0x64, 0x08, 0x64, 0x08, 0x64, 0x08, 0x64, 0x08, 0x64, 0x08, 0x64, 0x08, 0x64, 0x08, 0x64, 0x08, 0x64, 0x08, 0x64, 0x08, 0x64, 0x08, 0x64, 0x08, 0x64, 0x08,
  0xa5, 0x10, 0x64, 0x08, 0x64, 0x08, 0x64, 0x08, 0x64, 0x08, 0x64, 0x08, 0x64, 0x08, 0x64, 0x08, 0x64, 0x08, 0x64, 0x08, 0x64, 0x08, 0x64, 0x08, 0x64, 0x08, 0x64, 0x08, 0x64, 0x08, 0x64, 0x08,
  0x64, 0x08, 0x64, 0x08, 0x64, 0x08, 0x64, 0x08, 0x64, 0x08, 0x64, 0x08, 0x64, 0x08, 0x64, 0x08, 0x64, 0x08, 0x64, 0x08, 0x64, 0x08, 0x64, 0x08, 0x64, 0x08, 0x64, 0x08, 0x64, 0x08, 0x64, 0x08,
  0xa5, 0x10, 0x64, 0x08, 0x64, 0x08, 0x64, 0x08, 0x64, 0x08, 0x64, 0x08, 0x64, 0x08, 0x64, 0x08, 0x64, 0x08, 0x64, 0x08, 0x64, 0x08, 0x64, 0x08, 0x64, 0x08, 0x64, 0x08, 0x64, 0x08, 0x64, 0x08,
  0x64, 0x08, 0x64, 0x08, 0x64, 0x08, 0x64, 0x08, 0x64, 0x08, 0x64, 0x08, 0x64, 0x08, 0x64, 0x08, 0x64, 0x08, 0x64, 0x08, 0x64, 0x08, 0x64, 0x08, 0x64, 0x08, 0x64, 0x08, 0x64, 0x08, 0x64, 0x08,
  0xa5, 0x10, 0x64, 0x08, 0x64, 0x08, 0x64, 0x08, 0x64, 0x08, 0x64, 0x08, 0x64, 0x08, 0x64, 0x08, 0x64, 0x08, 0x64, 0x08, 0x64, 0x08, 0x64, 0x08, 0x64, 0x08, 0x64, 0x08, 0x64, 0x08, 0x64, 0x08,
  0x64, 0x08, 0x64, 0x08, 0x64, 0x08, 0x64, 0x08, 0x64, 0x08, 0x64, 0x08, 0x64, 0x08, 0x64, 0x08, 0x64, 0x08, 0x64, 0x08, 0x64, 0x08, 0x64, 0x08, 0x64, 0x08, 0x64, 0x08, 0x64, 0x08, 0x64, 0x08,
  0xa5, 0x10, 0x64, 0x08, 0x64, 0x08, 0x64, 0x08, 0x64, 0x08, 0x64, 0x08, 0x64, 0x08, 0x64, 0x08, 0x64, 0x08, 0x64, 0x08, 0x64, 0x08, 0x64, 0x08, 0x64, 0x08, 0x64, 0x08, 0x64, 0x08, 0x64, 0x08,
  0x64, 0x08, 0x64, 0x08, 0x64, 0x08, 0x64, 0x08, 0x64, 0x08, 0x64, 0x08, 0x64, 0x08, 0x64, 0x08, 0x64, 0x08, 0x64, 0x08, 0x64, 0x08, 0x64, 0x08, 0x64, 0x08, 0x64, 0x08, 0x64, 0x08, 0x64, 0x08,
  0xa5, 0x10, 0x64, 0x08, 0x64, 0x08, 0x64, 0x08, 0x64, 0x08, 0x64, 0x08, 0x64, 0x08, 0x64, 0x08, 0x64, 0x08, 0x64, 0x08, 0x64, 0x08, 0x64, 0x08, 0x64, 0x08, 0x64, 0x08, 0x64, 0x08, 0x64, 0x08,
  0x64, 0x08, 0x64, 0x08, 0x64, 0x08, 0x64, 0x08, 0x64, 0x08, 0x64, 0x08, 0x64, 0x08, 0x64, 0x08, 0x64, 0x08, 0x64, 0x08, 0x64, 0x08, 0x64, 0x08, 0x64, 0x08, 0x64, 0x08, 0x64, 0x08, 0x64, 0x08,
  0xa5, 0x10, 0x64, 0x08, 0x64, 0x08, 0x64, 0x08, 0x64, 0x08, 0x64, 0x08, 0x64, 0x08, 0x64, 0x08, 0x64, 0x08, 0x64, 0x08, 0x64, 0x08, 0x64, 0x08, 0x64, 0x08, 0x64, 0x08, 0x64, 0x08, 0x64, 0x08,
  0x64, 0x08, 0x64, 0x08, 0x64, 0x08, 0x64, 0x08, 0x64, 0x08, 0x64, 0x08, 0x64, 0x08, 0x64, 0x08, 0x64, 0x08, 0x64, 0x08, 0x64, 0x08, 0x64, 0x08, 0x64, 0x08, 0x64, 0x08, 0x64, 0x08, 0x64, 0x08,
  0xa5, 0x10, 0x64, 0x08, 0x64, 0x08, 0x64, 0x08, 0x64, 0x08, 0x64, 0x08, 0x64, 0x08, 0x64, 0x08, 0x64, 0x08, 0x64, 0x08, 0x64, 0x08, 0x64, 0x08, 0x64, 0x08, 0x64, 0x08, 0x64, 0x08, 0x64, 0x08,
  0x64, 0x08, 0x64, 0x08, 0x64, 0x08, 0x64, 0x08, 0x64, 0x08, 0x64, 0x08, 0x64, 0x08, 0x64, 0x08, 0x64, 0x08, 0x64, 0x08, 0x64, 0x08, 0x64, 0x08, 0x64, 0x08, 0x64, 0x08, 0x64, 0x08, 0x64, 0x08,
  0xa5, 0x10, 0x64, 0x08, 0x64, 0x08, 0x64, 0x08, 0x64, 0x08, 0x64, 0x08, 0x64, 0x08, 0x64, 0x08, 0x64, 0x08, 0x64, 0x08, 0x64, 0x08, 0x64, 0x08, 0x64, 0x08, 0x64, 0x08, 0x64, 0x08, 0x64, 0x08,
  0x64, 0x08, 0x64, 0x08, 0x64, 0x08, 0x64, 0x08, 0x64, 0x08, 0x64, 0x08, 0x64, 0x08, 0x64, 0x08, 0x64, 0x08, 0x64, 0x08, 0x64, 0x08, 0x64, 0x08, 0x64, 0x08, 0x64, 0x08, 0x64, 0x08, 0x64, 0x08,
  0xa5, 0x10, 0x64, 0x08, 0x64, 0x08, 0x64, 0x08, 0x64, 0x08, 0x64, 0x08, 0x64, 0x08, 0x64, 0x08, 0x64, 0x08, 0x64, 0x08, 0x64, 0x08, 0x64, 0x08, 0x64, 0x08, 0x64, 0x08, 0x64, 0x08, 0x64, 0x08,
  0x64, 0x08, 0x64, 0x08, 0x64, 0x08, 0x64, 0x08, 0x64, 0x08, 0x64, 0x08, 0x64, 0x08, 0x64, 0x08, 0x64, 0x08, 0x64, 0x08, 0x64, 0x08, 0x64, 0x08, 0x64, 0x08, 0x64, 0x08, 0x64, 0x08, 0x64, 0x08,
  0xa5, 0x10, 0x64, 0x08, 0x64, 0x08, 0x64, 0x08, 0x64, 0x08, 0x64, 0x08, 0x64, 0x08, 0x64, 0x08, 0x64, 0x08, 0x64, 0x08, 0x64, 0x08, 0x64, 0x08, 0x64, 0x08, 0x64, 0x08, 0x64, 0x08, 0x64, 0x08,
  0x64, 0x08, 0x64, 0x08, 0x64, 0x08, 0x64, 0x08, 0x64, 0x08, 0x64, 0x08, 0x64, 0x08, 0x64, 0x08, 0x64, 0x08, 0x64, 0x08, 0x64, 0x08, 0x64, 0x08, 0x64, 0x08, 0x64, 0x08, 0x64, 0x08, 0x64, 0x08,
  0xa5, 0x10, 0x64, 0x08, 0x64, 0x08, 0x64, 0x08, 0x64, 0x08, 0x64, 0x08, 0x64, 0x08, 0x64, 0x08, 0x64, 0x08, 0x64, 0x08, 0x64, 0x08, 0x64, 0x08, 0x64, 0x08, 0x64, 0x08, 0x64, 0x08, 0x64, 0x08,
  0x64, 0x08, 0x64, 0x08, 0x64, 0x08, 0x64, 0x08, 0x64, 0x08, 0x64, 0x08, 0x64, 0x08, 0x64, 0x08, 0x64, 0x08, 0x64, 0x08, 0x64, 0x08, 0x64, 0x08, 0x64, 0x08, 0x64, 0x08, 0x64, 0x08, 0x64, 0x08,
  0xa5, 0x10, 0x64, 0x08, 0x64, 0x08, 0x64, 0x08, 0x64, 0x08, 0x64, 0x08, 0x64, 0x08, 0x64, 0x08, 0x64, 0x08, 0x64, 0x08, 0x64, 0x08, 0x64, 0x08, 0x64, 0x08, 0x64, 0x08, 0x64, 0x08, 0x64, 0x08,
  0x64, 0x08, 0x64, 0x08, 0x64, 0x08, 0x64, 0x08, 0x64, 0x08, 0x64, 0x08, 0x64, 0x08, 0x64, 0x08, 0x64, 0x08, 0x64, 0x08, 0x64, 0x08, 0x64, 0x08, 0x64, 0x08, 0x64, 0x08, 0x64, 0x08, 0x64, 0x08,
  0xa5, 0x10, 0x64, 0x08, 0x64, 0x08, 0x64, 0x08, 0x64, 0x08, 0x64, 0x08, 0x64, 0x08, 0x64, 0x08, 0x64, 0x08, 0x64, 0x08, 0x64, 0x08, 0x64, 0x08, 0x64, 0x08, 0x64, 0x08, 0x64, 0x08, 0x64, 0x08,
  0x64, 0x08, 0x64, 0x08, 0x64, 0x08, 0x64, 0x08, 0x64, 0x08, 0x64, 0x08, 0x64, 0x08, 0x64, 0x08, 0x64, 0x08, 0x64, 0x08, 0x64, 0x08, 0x64, 0x08, 0x64, 0x08, 0x64, 0x08, 0x64, 0x08, 0x64, 0x08,
  0xa5, 0x10, 0x64, 0x08, 0x64, 0x08, 0x64, 0x08, 0x64, 0x08, 0x64, 0x08, 0x64, 0x08, 0x64, 0x08, 0x64, 0x08, 0x64, 0x08, 0x64, 0x08, 0x64, 0x08, 0x64, 0x08, 0x64, 0x08, 0x64, 0x08, 0x64, 0x08,
  0x64, 0x08, 0x64, 0x08, 0x64, 0x08, 0x64, 0x08, 0x64, 0x08, 0x64, 0x08, 0x64, 0x08, 0x64, 0x08, 0x64, 0x08, 0x64, 0x08, 0x64, 0x08, 0x64, 0x08, 0x64, 0x08, 0x64, 0x08, 0x64, 0x08, 0x64, 0x08,
  0xa5, 0x10, 0x64, 0x08, 0x64, 0x08, 0x64, 0x08, 0x64, 0x08, 0x64, 0x08, 0x64, 0x08, 0x64, 0x08, 0x64, 0x08, 0x64, 0x08, 0x64, 0x08, 0x64, 0x08, 0x64, 0x08, 0x64, 0x08, 0x64, 0x08, 0x64, 0x08,
  0x64, 0x08, 0x64, 0x08, 0x64, 0x08, 0x64, 0x08, 0x64, 0x08, 0x64, 0x08, 0x64, 0x08, 0x64, 0x08, 0x64, 0x08, 0x64, 0x08, 0x64, 0x08, 0x64, 0x08, 0x64, 0x08, 0x64, 0x08, 0x64, 0x08, 0x64, 0x08,
  0xa5, 0x10, 0x64, 0x08, 0x64, 0x08, 0x64, 0x08, 0x64, 0x08, 0x64, 0x08, 0x64, 0x08, 0x64, 0x08, 0x64, 0x08, 0x64, 0x08, 0x64, 0x08, 0x64, 0x08, 0x64, 0x08, 0x64, 0x08, 0x64, 0x08, 0x64, 0x08,
  0x64, 0x08, 0x64, 0x08, 0x64, 0x08, 0x64, 0x08, 0x64, 0x08, 0x64, 0x08, 0x64, 0x08, 0x64, 0x08, 0x64, 0x08, 0x64, 0x08, 0x64, 0x08, 0x64, 0x08, 0x64, 0x08, 0x64, 0x08, 0x64, 0x08, 0x64, 0x08,
  0xa5, 0x10, 0x64, 0x08, 0x64, 0x08, 0x64, 0x08, 0x64, 0x08, 0x64, 0x08, 0x64, 0x08, 0x64, 0x08, 0x64, 0x08, 0x64, 0x08, 0x64, 0x08, 0x64, 0x08, 0x64, 0x08, 0x64, 0x08, 0x64, 0x08, 0x64, 0x08,
  0x64, 0x08, 0x64, 0x08, 0x64, 0x08, 0x64, 0x08, 0x64, 0x08, 0x64, 0x08, 0x64, 0x08, 0x64, 0x08, 0x64, 0x08, 0x64, 0x08, 0x64, 0x08, 0x64, 0x08, 0x64, 0x08, 0x64, 0x08, 0x64, 0x08, 0x64, 0x08,
  0xa5, 0x10, 0x64, 0x08, 0x64, 0x08, 0x64, 0x08, 0x64, 0x08, 0x64, 0x08, 0x64, 0x08, 0x64, 0x08, 0x64, 0x08, 0x64, 0x08, 0x64, 0x08, 0x64, 0x08, 0x64, 0x08, 0x64, 0x08, 0x64, 0x08, 0x64, 0x08,
  0x64, 0x08, 0x64, 0x08, 0x64, 0x08, 0x64, 0x08, 0x64, 0x08, 0x64, 0x08, 0x64, 0x08, 0x64, 0x08, 0x64, 0x08, 0x64, 0x08, 0x64, 0x08, 0x64, 0x08, 0x64, 0x08, 0x64, 0x08, 0x64, 0x08, 0x64, 0x08,
  0xa5, 0x10, 0x64, 0x08, 0x64, 0x08, 0x64, 0x08, 0x64, 0x08, 0x64, 0x08, 0x64, 0x08, 0x64, 0x08, 0x64, 0x08, 0x64, 0x08, 0x64, 0x08, 0x64, 0x08, 0x64, 0x08, 0x64, 0x08, 0x64, 0x08, 0x64, 0x08,
  0x64, 0x08, 0x64, 0x08, 0x64, 0x08, 0x64, 0x08, 0x64, 0x08, 0x64, 0x08, 0x64, 0x08, 0x64, 0x08, 0x64, 0x08, 0x64, 0x08, 0x64, 0x08, 0x64, 0x08, 0x64, 0x08, 0x64, 0x08, 0x64, 0x08, 0x64, 0x08,
  0xa5, 0x10, 0x64, 0x08, 0x64, 0x08, 0x64, 0x08, 0x64, 0x08, 0x64, 0x08, 0x64, 0x08, 0x64, 0x08, 0x64, 0x08, 0x64, 0x08, 0x64, 0x08, 0x64, 0x08, 0x64, 0x08, 0x64, 0x08, 0x64, 0x08, 0x64, 0x08,
  0x64, 0x08, 0x64, 0x08, 0x64, 0x08, 0x64, 0x08, 0x64, 0x08, 0x64, 0x08, 0x64, 0x08, 0x64, 0x08, 0x64, 0x08, 0x64, 0x08, 0x64, 0x08, 0x64, 0x08, 0x64, 0x08, 0x64, 0x08, 0x64, 0x08, 0x64, 0x08,
  0xa5, 0x10, 0x64, 0x08, 0x64, 0x08, 0x64, 0x08, 0x64, 0x08, 0x64, 0x08, 0x64, 0x08, 0x64, 0x08, 0x64, 0x08, 0x64, 0x08, 0x64, 0x08, 0x64, 0x08, 0x64, 0x08, 0x64, 0x08, 0x64, 0x08, 0x64, 0x08,
  0x64, 0x08, 0x64, 0x08, 0x64, 0x08, 0x64, 0x08, 0x64, 0x08, 0x64, 0x08, 0x64, 0x08, 0x64, 0x08, 0x64, 0x08, 0x64, 0x08, 0x64, 0x08, 0x64, 0x08, 0x64, 0x08, 0x64, 0x08, 0x64, 0x08, 0x64, 0x08,
  0xa5, 0x10, 0x64, 0x08, 0x64, 0x08, 0x64, 0x08, 0x64, 0x08, 0x64, 0x08, 0x64, 0x08, 0x64, 0x08, 0x64, 0x08, 0x64, 0x08, 0x64, 0x08, 0x64, 0x08, 0x64, 0x08, 0x64, 0x08, 0x64, 0x08, 0x64, 0x08,
  0x64, 0x08, 0x64, 0x08, 0x64, 0x08, 0x64, 0x08, 0x64, 0x08, 0x64, 0x08, 0x64, 0x08, 0x64, 0x08, 0x64, 0x08, 0x64, 0x08, 0x64, 0x08, 0x64, 0x08, 0x64, 0x08, 0x64, 0x08, 0x64, 0x08, 0x64, 0x08,
  0xa5, 0x10, 0x64, 0x08, 0x64, 0x08, 0x64, 0x08, 0x64, 0x08, 0x64, 0x08, 0x64, 0x08, 0x64, 0x08, 0x64, 0x08, 0x64, 0x08, 0x64, 0x08, 0x64, 0x08, 0x64, 0x08, 0x64, 0x08, 0x64, 0x08, 0x64, 0x08,
  0x64, 0x08, 0x64, 0x08, 0x64, 0x08, 0x64, 0x08, 0x64, 0x08, 0x64, 0x08, 0x64, 0x08, 0x64, 0x08, 0x64, 0x08, 0x64, 0x08, 0x64, 0x08, 0x64, 0x08, 0x64, 0x08, 0x64, 0x08, 0x64, 0x08, 0x64, 0x08,
  0xa5, 0x10, 0x64, 0x08, 0x64, 0x08, 0x64, 0x08, 0x64, 0x08, 0x64, 0x08, 0x64, 0x08, 0x64, 0x08, 0x64, 0x08, 0x64, 0x08, 0x64, 0x08, 0x64, 0x08, 0x64, 0x08, 0x64, 0x08, 0x64, 0x08, 0x64, 0x08,
  0x64, 0x08, 0x64, 0x08, 0x64, 0x08, 0x64, 0x08, 0x64, 0x08, 0x64, 0x08, 0x64, 0x08, 0x64, 0x08, 0x64, 0x08, 0x64, 0x08, 0x64, 0x08, 0x64, 0x08, 0x64, 0x08, 0x64, 0x08, 0x64, 0x08, 0x64, 0x08,
  0xa5, 0x10, 0x64, 0x08, 0x64, 0x08, 0x64, 0x08, 0x64, 0x08, 0x64, 0x08, 0x64, 0x08, 0x64, 0x08, 0x64, 0x08, 0x64, 0x08, 0x64, 0x08, 0x64, 0x08, 0x64, 0x08, 0x64, 0x08, 0x64, 0x08, 0x64, 0x08,
  0x64, 0x08, 0x64, 0x08, 0x64, 0x08, 0x64, 0x08, 0x64, 0x08, 0x64, 0x08, 0x64, 0x08, 0x64, 0x08, 0x64, 0x08, 0x64, 0x08, 0x64, 0x08, 0x64, 0x08, 0x64, 0x08, 0x64, 0x08, 0x64, 0x08, 0x64, 0x08,
  0xa5, 0x10, 0x64, 0x08, 0x64, 0x08, 0x64, 0x08, 0x64, 0x08, 0x64, 0x08, 0x64, 0x08, 0x64, 0x08, 0x64, 0x08, 0x64, 0x08, 0x64, 0x08, 0x64, 0x08, 0x64, 0x08, 0x64, 0x08, 0x64, 0x08, 0x64, 0x08,
  0x64, 0x08, 0x64, 0x08, 0x64, 0x08, 0x64, 0x08, 0x64, 0x08, 0x64, 0x08, 0x64, 0x08, 0x64, 0x08, 0x64, 0x08, 0x64, 0x08, 0x64, 0x08, 0x64, 0x08, 0x64, 0x08, 0x64, 0x08, 0x64, 0x08, 0x64, 0x08,
  0xa5, 0x10, 0x64, 0x08, 0x64, 0x08, 0x64, 0x08, 0x64, 0x08, 0x64, 0x08, 0x64, 0x08, 0x64, 0x08, 0x64, 0x08, 0x64, 0x08, 0x64, 0x08, 0x64, 0x08, 0x64, 0x08, 0x64, 0x08, 0x64, 0x08, 0x64, 0x08,
  0x64, 0x08, 0x64, 0x08, 0x64, 0x08, 0x64, 0x08, 0x64, 0x08, 0x64, 0x08, 0x64, 0x08, 0x64, 0x08, 0x64, 0x08, 0x64, 0x08, 0x64, 0x08, 0x64, 0x08, 0x64, 0x08, 0x64, 0x08, 0x64, 0x08, 0x64, 0x08,
  0xa5, 0x10, 0x64, 0x08, 0x64, 0x08, 0x64, 0x08, 0x64, 0x08, 0x64, 0x08, 0x64, 0x08, 0x64, 0x08, 0x64, 0x08, 0x64, 0x08, 0x64, 0x08, 0x64, 0x08, 0x64, 0x08, 0x64, 0x08, 0x64, 0x08, 0x64, 0x08,
  0x64, 0x08, 0x64, 0x08, 0x64, 0x08, 0x64, 0x08, 0x64, 0x08, 0x64, 0x08, 0x64, 0x08, 0x64, 0x08, 0x64, 0x08, 0x64, 0x08, 0x64, 0x08, 0x64, 0x08, 0x64, 0x08, 0x64, 0x08, 0x64, 0x08, 0x64, 0x08,
  0xa5, 0x10, 0x64, 0x08, 0x64, 0x08, 0x64, 0x08, 0x64, 0x08, 0x64, 0x08, 0x64, 0x08, 0x64, 0x08, 0x64, 0x08, 0x64, 0x08, 0x64, 0x08, 0x64, 0x08, 0x64, 0x08, 0x64, 0x08, 0x64, 0x08, 0x64, 0x08,
  0x64, 0x08, 0x64, 0x08, 0x64, 0x08, 0x64, 0x08, 0x64, 0x08, 0x64, 0x08, 0x64, 0x08, 0x64, 0x08, 0x64, 0x08, 0x64, 0x08, 0x64, 0x08, 0x64, 0x08, 0x64, 0x08, 0x64, 0x08, 0x64, 0x08, 0x64, 0x08,
  0xa5, 0x10, 0x64, 0x08, 0x64, 0x08, 0x64, 0x08, 0x64, 0x08, 0x64, 0x08, 0x64, 0x08, 0x64, 0x08, 0x64, 0x08, 0x64, 0x08, 0x64, 0x08, 0x64, 0x08, 0x64, 0x08, 0x64, 0x08, 0x64, 0x08, 0x64, 0x08,
  0x64, 0x08, 0x64, 0x08, 0x64, 0x08, 0x64, 0x08, 0x64, 0x08, 0x64, 0x08, 0x64, 0x08, 0x64, 0x08, 0x64, 0x08, 0x64, 0x08, 0x64, 0x08, 0x64, 0x08, 0x64, 0x08, 0x64, 0x08, 0x64, 0x08, 0x64, 0x08,
  0xa5, 0x10, 0x64, 0x08, 0x64, 0x08, 0x64, 0x08, 0x64, 0x08, 0x64, 0x08, 0x64, 0x08, 0x64, 0x08, 0x64, 0x08, 0x64, 0x08, 0x64, 0x08, 0x64, 0x08, 0x64, 0x08, 0x64, 0x08, 0x64, 0x08, 0x64, 0x08,
  0x64, 0x08, 0x64, 0x08, 0x64, 0x08, 0x64, 0x08, 0x64, 0x08, 0x64, 0x08, 0x64, 0x08, 0x64, 0x08, 0x64, 0x08, 0x64, 0x08, 0x64, 0x08, 0x64, 0x08, 0x64, 0x08, 0x64, 0x08, 0x64, 0x08, 0x64, 0x08,
  0xa5, 0x10, 0x64, 0x08, 0x64, 0x08, 0x64, 0x08, 0x64, 0x08, 0x64, 0x08, 0x64, 0x08, 0x64, 0x08, 0x64, 0x08, 0x64, 0x08, 0x64, 0x08, 0x64, 0x08, 0x64, 0x08, 0x64, 0x08, 0x64, 0x08, 0x64, 0x08,
  0x64, 0x08, 0x64, 0x08, 0x64, 0x08, 0x64, 0x08, 0x64, 0x08, 0x64, 0x08, 0x64, 0x08, 0x64, 0x08, 0x64, 0x08, 0x64, 0x08, 0x64, 0x08, 0x64, 0x08, 0x64, 0x08, 0x64, 0x08, 0x64, 0x08, 0x64, 0x08,
  0xa5, 0x10, 0x64, 0x08, 0x64, 0x08, 0x64, 0x08, 0x64, 0x08, 0x64, 0x08, 0x64, 0x08, 0x64, 0x08, 0x64, 0x08, 0x64, 0x08, 0x64, 0x08, 0x64, 0x08, 0x64, 0x08, 0x64, 0x08, 0x64, 0x08, 0x64, 0x08,
  0x64, 0x08, 0x64, 0x08, 0x64, 0x08, 0x64, 0x08, 0x64, 0x08, 0x64, 0x08, 0x64, 0x08, 0x64, 0x08, 0x64, 0x08, 0x64, 0x08, 0x64, 0x08, 0x64, 0x08, 0x64, 0x08, 0x64, 0x08, 0x64, 0x08, 0x64, 0x08,
  0xa5, 0x10, 0x64, 0x08, 0x64, 0x08, 0x64, 0x08, 0x64, 0x08, 0x64, 0x08, 0x64, 0x08, 0x64, 0x08, 0x64, 0x08, 0x64, 0x08, 0x64, 0x08, 0x64, 0x08, 0x64, 0x08, 0x64, 0x08, 0x64, 0x08, 0x64, 0x08,
  0x64, 0x08, 0x64, 0x08, 0x64, 0x08, 0x64, 0x08, 0x64, 0x08, 0x64, 0x08, 0x64, 0x08, 0x64, 0x08, 0x64, 0x08, 0x64, 0x08, 0x64, 0x08, 0x64, 0x08, 0x64, 0x08, 0x64, 0x08, 0x64, 0x08, 0x64, 0x08,
  0xa5, 0x10, 0x64, 0x08, 0x64, 0x08, 0x64, 0x08, 0x64, 0x08, 0x64, 0x08, 0x64, 0x08, 0x64, 0x08, 0x64, 0x08, 0x64, 0x08, 0x64, 0x08, 0x64, 0x08, 0x64, 0x08, 0x64, 0x08, 0x64, 0x08, 0x64, 0x08,
  0x64, 0x08, 0x64, 0x08, 0x64, 0x08, 0x64, 0x08, 0x64, 0x08, 0x64, 0x08, 0x64, 0x08, 0x64, 0x08, 0x64, 0x08, 0x64, 0x08, 0x64, 0x08, 0x64, 0x08, 0x64, 0x08, 0x64, 0x08, 0x64, 0x08, 0x64, 0x08,
  0xa5, 0x10, 0x64, 0x08, 0x64, 0x08, 0x64, 0x08, 0x64, 0x08, 0x64, 0x08, 0x64, 0x08, 0x64, 0x08, 0x64, 0x08, 0x64, 0x08, 0x64, 0x08, 0x64, 0x08, 0x64, 0x08, 0x64, 0x08, 0x64, 0x08, 0x64, 0x08,
  0x64, 0x08, 0x64, 0x08, 0x64, 0x08, 0x64, 0x08, 0x64, 0x08, 0x64, 0x08, 0x64, 0x08, 0x64, 0x08, 0x64, 0x08, 0x64, 0x08, 0x64, 0x08, 0x64, 0x08, 0x64, 0x08, 0x64, 0x08, 0x64, 0x08, 0x64, 0x08,
  0xa5, 0x10, 0x64, 0x08, 0x64, 0x08, 0x64, 0x08, 0x64, 0x08, 0x64, 0x08, 0x64, 0x08, 0x64, 0x08, 0x64, 0x08, 0x64, 0x08, 0x64, 0x08, 0x64, 0x08, 0x64, 0x08, 0x64, 0x08, 0x64, 0x08, 0x64, 0x08,
  0x64, 0x08, 0x64, 0x08, 0x64, 0x08, 0x64, 0x08, 0x64, 0x08, 0x64, 0x08, 0x64, 0x08, 0x64, 0x08, 0x64, 0x08, 0x64, 0x08, 0x64, 0x08, 0x64, 0x08, 0x64, 0x08, 0x64, 0x08, 0x64, 0x08, 0x64, 0x08,
  0xa5, 0x10, 0x64, 0x08, 0x64, 0x08, 0x64, 0x08, 0x64, 0x08, 0x64, 0x08, 0x64, 0x08, 0x64, 0x08, 0x64, 0x08, 0x64, 0x08, 0x64, 0x08, 0x64, 0x08, 0x64, 0x08, 0x64, 0x08, 0x64, 0x08, 0x64, 0x08,
  0x64, 0x08, 0x64, 0x08, 0x64, 0x08, 0x64, 0x08, 0x64, 0x08, 0x64, 0x08, 0x64, 0x08, 0x64, 0x08, 0x64, 0x08, 0x64, 0x08, 0x64, 0x08, 0x64, 0x08, 0x64, 0x08, 0x64, 0x08, 0x64, 0x08, 0x64, 0x08,
  0xa5, 0x10, 0x64, 0x08, 0x64, 0x08, 0x64, 0x08, 0x64, 0x08, 0x64, 0x08, 0x64, 0x08, 0x64, 0x08, 0x64, 0x08, 0x64, 0x08, 0x64, 0x08, 0x64, 0x08, 0x64, 0x08, 0x64, 0x08, 0x64, 0x08, 0x64, 0x08,
  0x64, 0x08, 0x64, 0x08, 0x64, 0x08, 0x64, 0x08, 0x64, 0x08, 0x64, 0x08, 0x64, 0x08, 0x64, 0x08, 0x64, 0x08, 0x64, 0x08, 0x64, 0x08, 0x64, 0x08, 0x64, 0x08, 0x64, 0x08, 0x64, 0x08, 0x64, 0x08,
  0xa5, 0x10, 0x64, 0x08, 0x64, 0x08, 0x64, 0x08, 0x64, 0x08, 0x64, 0x08, 0x64, 0x08, 0x64, 0x08, 0x64, 0x08, 0x64, 0x08, 0x64, 0x08, 0x64, 0x08, 0x64, 0x08, 0x64, 0x08, 0x64, 0x08, 0x64, 0x08,
  0x64, 0x08, 0x64, 0x08, 0x64, 0x08, 0x64, 0x08, 0x64, 0x08, 0x64, 0x08, 0x64, 0x08, 0x64, 0x08, 0x64, 0x08, 0x64, 0x08, 0x64, 0x08, 0x64, 0x08, 0x64, 0x08, 0x64, 0x08, 0x64, 0x08, 0x64, 0x08,
  0xe5, 0x18, 0xa4, 0x10, 0xa4, 0x10, 0xa4, 0x10, 0xa4, 0x10, 0xa4, 0x10, 0xa4, 0x10, 0xa4, 0x10, 0xa4, 0x10, 0xa4, 0x10, 0xa4, 0x10, 0xa4, 0x10, 0xa4, 0x10, 0xa4, 0x10, 0xa4, 0x10, 0xa4, 0x10,
  0xa4, 0x10, 0xa4, 0x10, 0xa4, 0x10, 0xa4, 0x10, 0xa4, 0x10, 0xa4, 0x10, 0xa4, 0x10, 0xa4, 0x10, 0xa4, 0x10, 0xa4, 0x10, 0xa4, 0x10, 0xa4, 0x10, 0xa4, 0x10, 0xa4, 0x10, 0xa4, 0x10, 0xa4, 0x10,
  0xe5, 0x18, 0xa4, 0x10, 0xa4, 0x10, 0xa4, 0x10, 0xa4, 0x10, 0xa4, 0x10, 0xa4, 0x10, 0xa4, 0x10, 0xa4, 0x10, 0xa4, 0x10, 0xa4, 0x10, 0xa4, 0x10, 0xa4, 0x10, 0xa4, 0x10, 0xa4, 0x10, 0xa4, 0x10,
  0xa4, 0x10, 0xa4, 0x10, 0xa4, 0x10, 0xa4, 0x10, 0xa4, 0x10, 0xa4, 0x10, 0xa4, 0x10, 0xa4, 0x10, 0xa4, 0x10, 0xa4, 0x10, 0xa4, 0x10, 0xa4, 0x10, 0xa4, 0x10, 0xa4, 0x10, 0xa4, 0x10, 0xa4, 0x10,
  0xe5, 0x18, 0xa4, 0x10, 0xa4, 0x10, 0xa4, 0x10, 0xa4, 0x10, 0xa4, 0x10, 0xa4, 0x10, 0xa4, 0x10, 0xa4, 0x10, 0xa4, 0x10, 0xa4, 0x10, 0xa4, 0x10, 0xa4, 0x10, 0xa4, 0x10, 0xa4, 0x10, 0xa4, 0x10,
  0xa4, 0x10, 0xa4, 0x10, 0xa4, 0x10, 0xa4, 0x10, 0xa4, 0x10, 0xa4, 0x10, 0xa4, 0x10, 0xa4, 0x10, 0xa4, 0x10, 0xa4, 0x10, 0xa4, 0x10, 0xa4, 0x10, 0xa4, 0x10, 0xa4, 0x10, 0xa4, 0x10, 0xa4, 0x10,
  0xe5, 0x18, 0xa4, 0x10, 0xa4, 0x10, 0xa4, 0x10, 0xa4, 0x10, 0xa4, 0x10, 0xa4, 0x10, 0xa4, 0x10, 0xa4, 0x10, 0xa4, 0x10, 0xa4, 0x10, 0xa4, 0x10, 0xa4, 0x10, 0xa4, 0x10, 0xa4, 0x10, 0xa4, 0x10,
  0xa4, 0x10, 0xa4, 0x10, 0xa4, 0x10, 0xa4, 0x10, 0xa4, 0x10, 0xa4, 0x10, 0xa4, 0x10, 0xa4, 0x10, 0xa4, 0x10, 0xa4, 0x10, 0xa4, 0x10, 0xa4, 0x10, 0xa4, 0x10, 0xa4, 0x10, 0xa4, 0x10, 0xa4, 0x10,
  0xe5, 0x18, 0xa4, 0x10, 0xa4, 0x10, 0xa4, 0x10, 0xa4, 0x10, 0xa4, 0x10, 0xa4, 0x10, 0xa4, 0x10, 0xa4, 0x10, 0xa4, 0x10, 0xa4, 0x10, 0xa4, 0x10, 0xa4, 0x10, 0xa4, 0x10, 0xa4, 0x10, 0xa4, 0x10,
  0xa4, 0x10, 0xa4, 0x10, 0xa4, 0x10, 0xa4, 0x10, 0xa4, 0x10, 0xa4, 0x10, 0xa4, 0x10, 0xa4, 0x10, 0xa4, 0x10, 0xa4, 0x10, 0xa4, 0x10, 0xa4, 0x10, 0xa4, 0x10, 0xa4, 0x10, 0xa4, 0x10, 0xa4, 0x10,
  0xe5, 0x18, 0xa4, 0x10, 0xa4, 0x10, 0xa4, 0x10, 0xa4, 0x10, 0xa4, 0x10, 0xa4, 0x10, 0xa4, 0x10, 0xa4, 0x10, 0xa4, 0x10, 0xa4, 0x10, 0xa4, 0x10, 0xa4, 0x10, 0xa4, 0x10, 0xa4, 0x10, 0xa4, 0x10,
  0xa4, 0x10, 0xa4, 0x10, 0xa4, 0x10, 0xa4, 0x10, 0xa4, 0x10, 0xa4, 0x10, 0xa4, 0x10, 0xa4, 0x10, 0xa4, 0x10, 0xa4, 0x10, 0xa4, 0x10, 0xa4, 0x10, 0xa4, 0x10, 0xa4, 0x10, 0xa4, 0x10, 0xa4, 0x10,
  0xe5, 0x18, 0xa4, 0x10, 0xa4, 0x10, 0xa4, 0x10, 0xa4, 0x10, 0xa4, 0x10, 0xa4, 0x10, 0xa4, 0x10, 0xa4, 0x10, 0xa4, 0x10, 0xa4, 0x10, 0xa4, 0x10, 0xa4, 0x10, 0xa4, 0x10, 0xa4, 0x10, 0xa4, 0x10,
  0xa4, 0x10, 0xa4, 0x10, 0xa4, 0x10, 0xa4, 0x10, 0xa4, 0x10, 0xa4, 0x10, 0xa4, 0x10, 0xa4, 0x10, 0xa4, 0x10, 0xa4, 0x10, 0xa4, 0x10, 0xa4, 0x10, 0xa4, 0x10, 0xa4, 0x10, 0xa4, 0x10, 0xa4, 0x10,
  0xe5, 0x18, 0xa4, 0x10, 0xa4, 0x10, 0xa4, 0x10, 0xa4, 0x10, 0xa4, 0x10, 0xa4, 0x10, 0xa4, 0x10, 0xa4, 0x10, 0xa4, 0x10, 0xa4, 0x10, 0xa4, 0x10, 0xa4, 0x10, 0xa4, 0x10, 0xa4, 0x10, 0xa4, 0x10,
  0xa4, 0x10, 0xa4, 0x10, 0xa4, 0x10, 0xa4, 0x10, 0xa4, 0x10, 0xa4, 0x10, 0xa4, 0x10, 0xa4, 0x10, 0xa4, 0x10, 0xa4, 0x10, 0xa4, 0x10, 0xa4, 0x10, 0xa4, 0x10, 0xa4, 0x10, 0xa4, 0x10, 0xa4, 0x10,
  0xe5, 0x18, 0xa4, 0x10, 0xa4, 0x10, 0xa4, 0x10, 0xa4, 0x10, 0xa4, 0x10, 0xa4, 0x10, 0xa4, 0x10, 0xa4, 0x10, 0xa4, 0x10, 0xa4, 0x10, 0xa4, 0x10, 0xa4, 0x10, 0xa4, 0x10, 0xa4, 0x10, 0xa4, 0x10,
  0xa4, 0x10, 0xa4, 0x10, 0xa4, 0x10, 0xa4, 0x10, 0xa4, 0x10, 0xa4, 0x10, 0xa4, 0x10, 0xa4, 0x10, 0xa4, 0x10, 0xa4, 0x10, 0xa4, 0x10, 0xa4, 0x10, 0xa4, 0x10, 0xa4, 0x10, 0xa4, 0x10, 0xa4, 0x10,
  0xe5, 0x18, 0xa4, 0x10, 0xa4, 0x10, 0xa4, 0x10, 0xa4, 0x10, 0xa4, 0x10, 0xa4, 0x10, 0xa4, 0x10, 0xa4, 0x10, 0xa4, 0x10, 0xa4, 0x10, 0xa4, 0x10, 0xa4, 0x10, 0xa4, 0x10, 0xa4, 0x10, 0xa4, 0x10,
  0xa4, 0x10, 0xa4, 0x10, 0xa4, 0x10, 0xa4, 0x10, 0xa4, 0x10, 0xa4, 0x10, 0xa4, 0x10, 0xa4, 0x10, 0xa4, 0x10, 0xa4, 0x10, 0xa4, 0x10, 0xa4, 0x10, 0xa4, 0x10, 0xa4, 0x10, 0xa4, 0x10, 0xa4, 0x10,
  0xa4, 0x10, 0x64, 0x08, 0x64, 0x08, 0x64, 0x08, 0x64, 0x08, 0x64, 0x08, 0x64, 0x08, 0x64, 0x08, 0x64, 0x08, 0x64, 0x08, 0x64, 0x08, 0x64, 0x08, 0x64, 0x08, 0x64, 0x08, 0x64, 0x08, 0x64, 0x08,
  0x64, 0x08, 0x64, 0x08, 0x64, 0x08, 0x64, 0x08, 0x64, 0x08, 0x64, 0x08, 0x64, 0x08, 0x64, 0x08, 0x64, 0x08, 0x64, 0x08, 0x64, 0x08, 0x64, 0x08, 0x64, 0x08, 0x64, 0x08, 0x64, 0x08, 0x64, 0x08,
  0xa4, 0x10, 0x64, 0x08, 0x64, 0x08, 0x64, 0x08, 0x64, 0x08, 0x64, 0x08, 0x64, 0x08, 0x64, 0x08, 0x64, 0x08, 0x64, 0x08, 0x64, 0x08, 0x64, 0x08, 0x64, 0x08, 0x64, 0x08, 0x64, 0x08, 0x64, 0x08,
  0x64, 0x08, 0x64, 0x08, 0x64, 0x08, 0x64, 0x08, 0x64, 0x08, 0x64, 0x08, 0x64, 0x08, 0x64, 0x08, 0x64, 0x08, 0x64, 0x08, 0x64, 0x08, 0x64, 0x08, 0x64, 0x08, 0x64, 0x08, 0x64, 0x08, 0x64, 0x08,
  0xa4, 0x10, 0x64, 0x08, 0x64, 0x08, 0x64, 0x08, 0x64, 0x08, 0x64, 0x08, 0x64, 0x08, 0x64, 0x08, 0x64, 0x08, 0x64, 0x08, 0x64, 0x08, 0x64, 0x08, 0x64, 0x08, 0x64, 0x08, 0x64, 0x08, 0x64, 0x08,
  0x64, 0x08, 0x64, 0x08, 0x64, 0x08, 0x64, 0x08, 0x64, 0x08, 0x64, 0x08, 0x64, 0x08, 0x64, 0x08, 0x64, 0x08, 0x64, 0x08, 0x64, 0x08, 0x64, 0x08, 0x64, 0x08, 0x64, 0x08, 0x64, 0x08, 0x64, 0x08,
  0xa4, 0x10, 0x64, 0x08, 0x64, 0x08, 0x64, 0x08, 0x64, 0x08, 0x64, 0x08, 0x64, 0x08, 0x64, 0x08, 0x64, 0x08, 0x64, 0x08, 0x64, 0x08, 0x64, 0x08, 0x64, 0x08, 0x64, 0x08, 0x64, 0x08, 0x64, 0x08,
  0x64, 0x08, 0x64, 0x08, 0x64, 0x08, 0x64, 0x08, 0x64, 0x08, 0x64, 0x08, 0x64, 0x08, 0x64, 0x08, 0x64, 0x08, 0x64, 0x08, 0x64, 0x08, 0x64, 0x08, 0x64, 0x08, 0x64, 0x08, 0x64, 0x08, 0x64, 0x08,
  0xa4, 0x10, 0x64, 0x08, 0x64, 0x08, 0x64, 0x08, 0x64, 0x08, 0x64, 0x08, 0x64, 0x08, 0x64, 0x08, 0x64, 0x08, 0x64, 0x08, 0x64, 0x08, 0x64, 0x08, 0x64, 0x08, 0x64, 0x08, 0x64, 0x08, 0x64, 0x08,
  0x64, 0x08, 0x64, 0x08, 0x64, 0x08, 0x64, 0x08, 0x64, 0x08, 0x64, 0x08, 0x64, 0x08, 0x64, 0x08, 0x64, 0x08, 0x64, 0x08, 0x64, 0x08, 0x64, 0x08, 0x64, 0x08, 0x64, 0x08, 0x64, 0x08, 0x64, 0x08,
  0xa4, 0x10, 0x64, 0x08, 0x64, 0x08, 0x64, 0x08, 0x64, 0x08, 0x64, 0x08, 0x64, 0x08, 0x64, 0x08, 0x64, 0x08, 0x64, 0x08, 0x64, 0x08, 0x64, 0x08, 0x64, 0x08, 0x64, 0x08, 0x64, 0x08, 0x64, 0x08,
  0x64, 0x08, 0x64, 0x08, 0x64, 0x08, 0x64, 0x08, 0x64, 0x08, 0x64, 0x08, 0x64, 0x08, 0x64, 0x08, 0x64, 0x08, 0x64, 0x08, 0x64, 0x08, 0x64, 0x08, 0x64, 0x08, 0x64, 0x08, 0x64, 0x08, 0x64, 0x08,
  0xa4, 0x10, 0x64, 0x08, 0x64, 0x08, 0x64, 0x08, 0x64, 0x08, 0x64, 0x08, 0x64, 0x08, 0x64, 0x08, 0x64, 0x08, 0x64, 0x08, 0x64, 0x08, 0x64, 0x08, 0x64, 0x08, 0x64, 0x08, 0x64, 0x08, 0x64, 0x08,
  0x64, 0x08, 0x64, 0x08, 0x64, 0x08, 0x64, 0x08, 0x64, 0x08, 0x64, 0x08, 0x64, 0x08, 0x64, 0x08, 0x64, 0x08, 0x64, 0x08, 0x64, 0x08, 0x64, 0x08, 0x64, 0x08, 0x64, 0x08, 0x64, 0x08, 0x64, 0x08,
  0xa4, 0x10, 0x64, 0x08, 0x64, 0x08, 0x64, 0x08, 0x64, 0x08, 0x64, 0x08, 0x64, 0x08, 0x64, 0x08, 0x64, 0x08, 0x64, 0x08, 0x64, 0x08, 0x64, 0x08, 0x64, 0x08, 0x64, 0x08, 0x64, 0x08, 0x64, 0x08,
  0x64, 0x08, 0x64, 0x08, 0x64, 0x08, 0x64, 0x08, 0x64, 0x08, 0x64, 0x08, 0x64, 0x08, 0x64, 0x08, 0x64, 0x08, 0x64, 0x08, 0x64, 0x08, 0x64, 0x08, 0x64, 0x08, 0x64, 0x08, 0x64, 0x08, 0x64, 0x08,
  0xa4, 0x10, 0x64, 0x08, 0x64, 0x08, 0x64, 0x08, 0x64, 0x08, 0x64, 0x08, 0x64, 0x08, 0x64, 0x08, 0x64, 0x08, 0x64, 0x08, 0x64, 0x08, 0x64, 0x08, 0x64, 0x08, 0x64, 0x08, 0x64, 0x08, 0x64, 0x08,
  0x64, 0x08, 0x64, 0x08, 0x64, 0x08, 0x64, 0x08, 0x64, 0x08, 0x64, 0x08, 0x64, 0x08, 0x64, 0x08, 0x64, 0x08, 0x64, 0x08, 0x64, 0x08, 0x64, 0x08, 0x64, 0x08, 0x64, 0x08, 0x64, 0x08, 0x64, 0x08,
  0xa4, 0x10, 0x64, 0x08, 0x64, 0x08, 0x64, 0x08, 0x64, 0x08, 0x64, 0x08, 0x64, 0x08, 0x64, 0x08, 0x64, 0x08, 0x64, 0x08, 0x64, 0x08, 0x64, 0x08, 0x64, 0x08, 0x64, 0x08, 0x64, 0x08, 0x64, 0x08,
  0x64, 0x08, 0x64, 0x08, 0x64, 0x08, 0x64, 0x08, 0x64, 0x08, 0x64, 0x08, 0x64, 0x08, 0x64, 0x08, 0x64, 0x08, 0x64, 0x08, 0x64, 0x08, 0x64, 0x08, 0x64, 0x08, 0x64, 0x08, 0x64, 0x08, 0x64, 0x08,
  0xa4, 0x10, 0x64, 0x08, 0x64, 0x08, 0x64, 0x08, 0x64, 0x08, 0x64, 0x08, 0x64, 0x08, 0x64, 0x08, 0x64, 0x08, 0x64, 0x08, 0x64, 0x08, 0x64, 0x08, 0x64, 0x08, 0x64, 0x08, 0x64, 0x08, 0x64, 0x08,
  0x64, 0x08, 0x64, 0x08, 0x64, 0x08, 0x64, 0x08, 0x64, 0x08, 0x64, 0x08, 0x64, 0x08, 0x64, 0x08, 0x64, 0x08, 0x64, 0x08, 0x64, 0x08, 0x64, 0x08, 0x64, 0x08, 0x64, 0x08, 0x64, 0x08, 0x64, 0x08,
  0xa4, 0x10, 0x64, 0x08, 0x64, 0x08, 0x64, 0x08, 0x64, 0x08, 0x64, 0x08, 0x64, 0x08, 0x64, 0x08, 0x64, 0x08, 0x64, 0x08, 0x64, 0x08, 0x64, 0x08, 0x64, 0x08, 0x64, 0x08, 0x64, 0x08, 0x64, 0x08,
  0x64, 0x08, 0x64, 0x08, 0x64, 0x08, 0x64, 0x08, 0x64, 0x08, 0x64, 0x08, 0x64, 0x08, 0x64, 0x08, 0x64, 0x08, 0x64, 0x08, 0x64, 0x08, 0x64, 0x08, 0x64, 0x08, 0x64, 0x08, 0x64, 0x08, 0x64, 0x08,
  0xa4, 0x10, 0x64, 0x08, 0x64, 0x08, 0x64, 0x08, 0x64, 0x08, 0x64, 0x08, 0x64, 0x08, 0x64, 0x08, 0x64, 0x08, 0x64, 0x08, 0x64, 0x08, 0x64, 0x08, 0x64, 0x08, 0x64, 0x08, 0x64, 0x08, 0x64, 0x08,
  0x64, 0x08, 0x64, 0x08, 0x64, 0x08, 0x64, 0x08, 0x64, 0x08, 0x64, 0x08, 0x64, 0x08, 0x64, 0x08, 0x64, 0x08, 0x64, 0x08, 0x64, 0x08, 0x64, 0x08, 0x64, 0x08, 0x64, 0x08, 0x64, 0x08, 0x64, 0x08,
  0xa4, 0x10, 0x64, 0x08, 0x64, 0x08, 0x64, 0x08, 0x64, 0x08, 0x64, 0x08, 0x64, 0x08, 0x64, 0x08, 0x64, 0x08, 0x64, 0x08, 0x64, 0x08, 0x64, 0x08, 0x64, 0x08, 0x64, 0x08, 0x64, 0x08, 0x64, 0x08,
  0x64, 0x08, 0x64, 0x08, 0x64, 0x08, 0x64, 0x08, 0x64, 0x08, 0x64, 0x08, 0x64, 0x08, 0x64, 0x08, 0x64, 0x08, 0x64, 0x08, 0x64, 0x08, 0x64, 0x08, 0x64, 0x08, 0x64, 0x08, 0x64, 0x08, 0x64, 0x08,
  0xa4, 0x10, 0x64, 0x08, 0x64, 0x08, 0x64, 0x08, 0x64, 0x08, 0x64, 0x08, 0x64, 0x08, 0x64, 0x08, 0x64, 0x08, 0x64, 0x08, 0x64, 0x08, 0x64, 0x08, 0x64, 0x08, 0x64, 0x08, 0x64, 0x08, 0x64, 0x08,
  0x64, 0x08, 0x64, 0x08, 0x64, 0x08, 0x64, 0x08, 0x64, 0x08, 0x64, 0x08, 0x64, 0x08, 0x64, 0x08, 0x64, 0x08, 0x64, 0x08, 0x64, 0x08, 0x64, 0x08, 0x64, 0x08, 0x64, 0x08, 0x64, 0x08, 0x64, 0x08,
  0xa4, 0x10, 0x64, 0x08, 0x64, 0x08, 0x64, 0x08, 0x64, 0x08, 0x64, 0x08, 0x64, 0x08, 0x64, 0x08, 0x64, 0x08, 0x64, 0x08, 0x64, 0x08, 0x64, 0x08, 0x64, 0x08, 0x64, 0x08, 0x64, 0x08, 0x64, 0x08,
  0x64, 0x08, 0x64, 0x08, 0x64, 0x08, 0x64, 0x08, 0x64, 0x08, 0x64, 0x08, 0x64, 0x08, 0x64, 0x08, 0x64, 0x08, 0x64, 0x08, 0x64, 0x08, 0x64, 0x08, 0x64, 0x08, 0x64, 0x08, 0x64, 0x08, 0x64, 0x08,
  0xa4, 0x10, 0x64, 0x08, 0x64, 0x08, 0x64, 0x08, 0x64, 0x08, 0x64, 0x08, 0x64, 0x08, 0x64, 0x08, 0x64, 0x08, 0x64, 0x08, 0x64, 0x08, 0x64, 0x08, 0x64, 0x08, 0x64, 0x08, 0x64, 0x08, 0x64, 0x08,
  0x64, 0x08, 0x64, 0x08, 0x64, 0x08, 0x64, 0x08, 0x64, 0x08, 0x64, 0x08, 0x64, 0x08, 0x64, 0x08, 0x64, 0x08, 0x64, 0x08, 0x64, 0x08, 0x64, 0x08, 0x64, 0x08, 0x64, 0x08, 0x64, 0x08, 0x64, 0x08,
  0xa4, 0x10, 0x64, 0x08, 0x64, 0x08, 0x64, 0x08, 0x64, 0x08, 0x64, 0x08, 0x64, 0x08, 0x64, 0x08, 0x64, 0x08, 0x64, 0x08, 0x64, 0x08, 0x64, 0x08, 0x64, 0x08, 0x64, 0x08, 0x64, 0x08, 0x64, 0x08,
  0x64, 0x08, 0x64, 0x08, 0x64, 0x08, 0x64, 0x08, 0x64, 0x08, 0x64, 0x08, 0x64, 0x08, 0x64, 0x08, 0x64, 0x08, 0x64, 0x08, 0x64, 0x08, 0x64, 0x08, 0x64, 0x08, 0x64, 0x08, 0x64, 0x08, 0x64, 0x08,
  0xa4, 0x10, 0x64, 0x08, 0x64, 0x08, 0x64, 0x08, 0x64, 0x08, 0x64, 0x08, 0x64, 0x08, 0x64, 0x08, 0x64, 0x08, 0x64, 0x08, 0x64, 0x08, 0x64, 0x08, 0x64, 0x08, 0x64, 0x08, 0x64, 0x08, 0x64, 0x08,
  0x64, 0x08, 0x64, 0x08, 0x64, 0x08, 0x64, 0x08, 0x64, 0x08, 0x64, 0x08, 0x64, 0x08, 0x64, 0x08, 0x64, 0x08, 0x64, 0x08, 0x64, 0x08, 0x64, 0x08, 0x64, 0x08, 0x64, 0x08, 0x64, 0x08, 0x64, 0x08,
  0xa4, 0x10, 0x64, 0x08, 0x64, 0x08, 0x64, 0x08, 0x64, 0x08, 0x64, 0x08, 0x64, 0x08, 0x64, 0x08, 0x64, 0x08, 0x64, 0x08, 0x64, 0x08, 0x64, 0x08, 0x64, 0x08, 0x64, 0x08, 0x64, 0x08, 0x64, 0x08,
  0x64, 0x08, 0x64, 0x08, 0x64, 0x08, 0x64, 0x08, 0x64, 0x08, 0x64, 0x08, 0x64, 0x08, 0x64, 0x08, 0x64, 0x08, 0x64, 0x08, 0x64, 0x08, 0x64, 0x08, 0x64, 0x08, 0x64, 0x08, 0x64, 0x08, 0x64, 0x08,
  0xa4, 0x10, 0x64, 0x08, 0x64, 0x08, 0x64, 0x08, 0x64, 0x08, 0x64, 0x08, 0x64, 0x08, 0x64, 0x08, 0x64, 0x08, 0x64, 0x08, 0x64, 0x08, 0x64, 0x08, 0x64, 0x08, 0x64, 0x08, 0x64, 0x08, 0x64, 0x08,
  0x64, 0x08, 0x64, 0x08, 0x64, 0x08, 0x64, 0x08, 0x64, 0x08, 0x64, 0x08, 0x64, 0x08, 0x64, 0x08, 0x64, 0x08, 0x64, 0x08, 0x64, 0x08, 0x64, 0x08, 0x64, 0x08, 0x64, 0x08, 0x64, 0x08, 0x64, 0x08,
  0xa4, 0x10, 0x64, 0x08, 0x64, 0x08, 0x64, 0x08, 0x64, 0x08, 0x64, 0x08, 0x64, 0x08, 0x64, 0x08, 0x64, 0x08, 0x64, 0x08, 0x64, 0x08, 0x64, 0x08, 0x64, 0x08, 0x64, 0x08, 0x64, 0x08, 0x64, 0x08,
  0x64, 0x08, 0x64, 0x08, 0x64, 0x08, 0x64, 0x08, 0x64, 0x08, 0x64, 0x08, 0x64, 0x08, 0x64, 0x08, 0x64, 0x08, 0x64, 0x08, 0x64, 0x08, 0x64, 0x08, 0x64, 0x08, 0x64, 0x08, 0x64, 0x08, 0x64, 0x08,
  0xa4, 0x10, 0x64, 0x08, 0x64, 0x08, 0x64, 0x08, 0x64, 0x08, 0x64, 0x08, 0x64, 0x08, 0x64, 0x08, 0x64, 0x08, 0x64, 0x08, 0x64, 0x08, 0x64, 0x08, 0x64, 0x08, 0x64, 0x08, 0x64, 0x08, 0x64, 0x08,
  0x64, 0x08, 0x64, 0x08, 0x64, 0x08, 0x64, 0x08, 0x64, 0x08, 0x64, 0x08, 0x64, 0x08, 0x64, 0x08, 0x64, 0x08, 0x64, 0x08, 0x64, 0x08, 0x64, 0x08, 0x64, 0x08, 0x64, 0x08, 0x64, 0x08, 0x64, 0x08,
  0xa4, 0x10, 0x64, 0x08, 0x64, 0x08, 0x64, 0x08, 0x64, 0x08, 0x64, 0x08, 0x64, 0x08, 0x64, 0x08, 0x64, 0x08, 0x64, 0x08, 0x64, 0x08, 0x64, 0x08, 0x64, 0x08, 0x64, 0x08, 0x64, 0x08, 0x64, 0x08,
  0x64, 0x08, 0x64, 0x08, 0x64, 0x08, 0x64, 0x08, 0x64, 0x08, 0x64, 0x08, 0x64, 0x08, 0x64, 0x08, 0x64, 0x08, 0x64, 0x08, 0x64, 0x08, 0x64, 0x08, 0x64, 0x08, 0x64, 0x08, 0x64, 0x08, 0x64, 0x08,
  0xa4, 0x10, 0x64, 0x08, 0x64, 0x08, 0x64, 0x08, 0x64, 0x08, 0x64, 0x08, 0x64, 0x08, 0x64, 0x08, 0x64, 0x08, 0x64, 0x08, 0x64, 0x08, 0x64, 0x08, 0x64, 0x08, 0x64, 0x08, 0x64, 0x08, 0x64, 0x08,
  0x64, 0x08, 0x64, 0x08, 0x64, 0x08, 0x64, 0x08, 0x64, 0x08, 0x64, 0x08, 0x64, 0x08, 0x64, 0x08, 0x64, 0x08, 0x64, 0x08, 0x64, 0x08, 0x64, 0x08, 0x64, 0x08, 0x64, 0x08, 0x64, 0x08, 0x64, 0x08,
  0xa4, 0x10, 0x64, 0x08, 0x64, 0x08, 0x64, 0x08, 0x64, 0x08, 0x64, 0x08, 0x64, 0x08, 0x64, 0x08, 0x64, 0x08, 0x64, 0x08, 0x64, 0x08, 0x64, 0x08, 0x64, 0x08, 0x64, 0x08, 0x64, 0x08, 0x64, 0x08,
  0x64, 0x08, 0x64, 0x08, 0x64, 0x08, 0x64, 0x08, 0x64, 0x08, 0x64, 0x08, 0x64, 0x08, 0x64, 0x08, 0x64, 0x08, 0x64, 0x08, 0x64, 0x08, 0x64, 0x08, 0x64, 0x08, 0x64, 0x08, 0x64, 0x08, 0x64, 0x08,
  0xa4, 0x10, 0x64, 0x08, 0x64, 0x08, 0x64, 0x08, 0x64, 0x08, 0x64, 0x08, 0x64, 0x08, 0x64, 0x08, 0x64, 0x08, 0x64, 0x08, 0x64, 0x08, 0x64, 0x08, 0x64, 0x08, 0x64, 0x08, 0x64, 0x08, 0x64, 0x08,
  0x64, 0x08, 0x64, 0x08, 0x64, 0x08, 0x64, 0x08, 0x64, 0x08, 0x64, 0x08, 0x64, 0x08, 0x64, 0x08, 0x64, 0x08, 0x64, 0x08, 0x64, 0x08, 0x64, 0x08, 0x64, 0x08, 0x64, 0x08, 0x64, 0x08, 0x64, 0x08,
  0xa4, 0x10, 0x64, 0x08, 0x64, 0x08, 0x64, 0x08, 0x64, 0x08, 0x64, 0x08, 0x64, 0x08, 0x64, 0x08, 0x64, 0x08, 0x64, 0x08, 0x64, 0x08, 0x64, 0x08, 0x64, 0x08, 0x64, 0x08, 0x64, 0x08, 0x64, 0x08,
  0x64, 0x08, 0x64, 0x08, 0x64, 0x08, 0x64, 0x08, 0x64, 0x08, 0x64, 0x08, 0x64, 0x08, 0x64, 0x08, 0x64, 0x08, 0x64, 0x08, 0x64, 0x08, 0x64, 0x08, 0x64, 0x08, 0x64, 0x08, 0x64, 0x08, 0x64, 0x08,
  0xa4, 0x10, 0x64, 0x08, 0x64, 0x08, 0x64, 0x08, 0x64, 0x08, 0x64, 0x08, 0x64, 0x08, 0x64, 0x08, 0x64, 0x08, 0x64, 0x08, 0x64, 0x08, 0x64, 0x08, 0x64, 0x08, 0x64, 0x08, 0x64, 0x08, 0x64, 0x08,
  0x64, 0x08, 0x64, 0x08, 0x64, 0x08, 0x64, 0x08, 0x64, 0x08, 0x64, 0x08, 0x64, 0x08, 0x64, 0x08, 0x64, 0x08, 0x64, 0x08, 0x64, 0x08, 0x64, 0x08, 0x64, 0x08, 0x64, 0x08, 0x64, 0x08, 0x64, 0x08,
  0xa4, 0x10, 0x64, 0x08, 0x64, 0x08, 0x64, 0x08, 0x64, 0x08, 0x64, 0x08, 0x64, 0x08, 0x64, 0x08, 0x64, 0x08, 0x64, 0x08, 0x64, 0x08, 0x64, 0x08, 0x64, 0x08, 0x64, 0x08, 0x64, 0x08, 0x64, 0x08,
  0x64, 0x08, 0x64, 0x08, 0x64, 0x08, 0x64, 0x08, 0x64, 0x08, 0x64, 0x08, 0x64, 0x08, 0x64, 0x08, 0x64, 0x08, 0x64, 0x08, 0x64, 0x08, 0x64, 0x08, 0x64, 0x08, 0x64, 0x08, 0x64, 0x08, 0x64, 0x08,
  0xa4, 0x10, 0x64, 0x08, 0x64, 0x08, 0x64, 0x08, 0x64, 0x08, 0x64, 0x08, 0x64, 0x08, 0x64, 0x08, 0x64, 0x08, 0x64, 0x08, 0x64, 0x08, 0x64, 0x08, 0x64, 0x08, 0x64, 0x08, 0x64, 0x08, 0x64, 0x08,
  0x64, 0x08, 0x64, 0x08, 0x64, 0x08, 0x64, 0x08, 0x64, 0x08, 0x64, 0x08, 0x64, 0x08, 0x64, 0x08, 0x64, 0x08, 0x64, 0x08, 0x64, 0x08, 0x64, 0x08, 0x64, 0x08, 0x64, 0x08, 0x64, 0x08, 0x64, 0x08,
  0xa4, 0x10, 0x64, 0x08, 0x64, 0x08, 0x64, 0x08, 0x64, 0x08, 0x64, 0x08, 0x64, 0x08, 0x64, 0x08, 0x64, 0x08, 0x64, 0x08, 0x64, 0x08, 0x64, 0x08, 0x64, 0x08, 0x64, 0x08, 0x64, 0x08, 0x64, 0x08,
  0x64, 0x08, 0x64, 0x08, 0x64, 0x08, 0x64, 0x08, 0x64, 0x08, 0x64, 0x08, 0x64, 0x08, 0x64, 0x08, 0x64, 0x08, 0x64, 0x08, 0x64, 0x08, 0x64, 0x08, 0x64, 0x08, 0x64, 0x08, 0x64, 0x08, 0x64, 0x08,
  0xa4, 0x10, 0x64, 0x08, 0x64, 0x08, 0x64, 0x08, 0x64, 0x08, 0x64, 0x08, 0x64, 0x08, 0x64, 0x08, 0x64, 0x08, 0x64, 0x08, 0x64, 0x08, 0x64, 0x08, 0x64, 0x08, 0x64, 0x08, 0x64, 0x08, 0x64, 0x08,
  0x64, 0x08, 0x64, 0x08, 0x64, 0x08, 0x64, 0x08, 0x64, 0x08, 0x64, 0x08, 0x64, 0x08, 0x64, 0x08, 0x64, 0x08, 0x64, 0x08, 0x64, 0x08, 0x64, 0x08, 0x64, 0x08, 0x64, 0x08, 0x64, 0x08, 0x64, 0x08,
  0xa4, 0x10, 0x64, 0x08, 0x64, 0x08, 0x64, 0x08, 0x64, 0x08, 0x64, 0x08, 0x64, 0x08, 0x64, 0x08, 0x64, 0x08, 0x64, 0x08, 0x64, 0x08, 0x64, 0x08, 0x64, 0x08, 0x64, 0x08, 0x64, 0x08, 0x64, 0x08,
  0x64, 0x08, 0x64, 0x08, 0x64, 0x08, 0x64, 0x08, 0x64, 0x08, 0x64, 0x08, 0x64, 0x08, 0x64, 0x08, 0x64, 0x08, 0x64, 0x08, 0x64, 0x08, 0x64, 0x08, 0x64, 0x08, 0x64, 0x08, 0x64, 0x08, 0x64, 0x08,
  0xa4, 0x10, 0x64, 0x08, 0x64, 0x08, 0x64, 0x08, 0x64, 0x08, 0x64, 0x08, 0x64, 0x08, 0x64, 0x08, 0x64, 0x08, 0x64, 0x08, 0x64, 0x08, 0x64, 0x08, 0x64, 0x08, 0x64, 0x08, 0x64, 0x08, 0x64, 0x08,
  0x64, 0x08, 0x64, 0x08, 0x64, 0x08, 0x64, 0x08, 0x64, 0x08, 0x64, 0x08, 0x64, 0x08, 0x64, 0x08, 0x64, 0x08, 0x64, 0x08, 0x64, 0x08, 0x64, 0x08, 0x64, 0x08, 0x64, 0x08, 0x64, 0x08, 0x64, 0x08,
  0xa4, 0x10, 0x64, 0x08, 0x64, 0x08, 0x64, 0x08, 0x64, 0x08, 0x64, 0x08, 0x64, 0x08, 0x64, 0x08, 0x64, 0x08, 0x64, 0x08, 0x64, 0x08, 0x64, 0x08, 0x64, 0x08, 0x64, 0x08, 0x64, 0x08, 0x64, 0x08,
  0x64, 0x08, 0x64, 0x08, 0x64, 0x08, 0x64, 0x08, 0x64, 0x08, 0x64, 0x08, 0x64, 0x08, 0x64, 0x08, 0x64, 0x08, 0x64, 0x08, 0x64, 0x08, 0x64, 0x08, 0x64, 0x08, 0x64, 0x08, 0x64, 0x08, 0x64, 0x08,
  0xa4, 0x10, 0x64, 0x08, 0x64, 0x08, 0x64, 0x08, 0x64, 0x08, 0x64, 0x08, 0x64, 0x08, 0x64, 0x08, 0x64, 0x08, 0x64, 0x08, 0x64, 0x08, 0x64, 0x08, 0x64, 0x08, 0x64, 0x08, 0x64, 0x08, 0x64, 0x08,
  0x64, 0x08, 0x64, 0x08, 0x64, 0x08, 0x64, 0x08, 0x64, 0x08, 0x64, 0x08, 0x64, 0x08, 0x64, 0x08, 0x64, 0x08, 0x64, 0x08, 0x64, 0x08, 0x64, 0x08, 0x64, 0x08, 0x64, 0x08, 0x64, 0x08, 0x64, 0x08,
  0xa4, 0x10, 0x64, 0x08, 0x64, 0x08, 0x64, 0x08, 0x64, 0x08, 0x64, 0x08, 0x64, 0x08, 0x64, 0x08, 0x64, 0x08, 0x64, 0x08, 0x64, 0x08, 0x64, 0x08, 0x64, 0x08, 0x64, 0x08, 0x64, 0x08, 0x64, 0x08,
  0x64, 0x08, 0x64, 0x08, 0x64, 0x08, 0x64, 0x08, 0x64, 0x08, 0x64, 0x08, 0x64, 0x08, 0x64, 0x08, 0x64, 0x08, 0x64, 0x08, 0x64, 0x08, 0x64, 0x08, 0x64, 0x08, 0x64, 0x08, 0x64, 0x08, 0x64, 0x08,
  0xa4, 0x10, 0x64, 0x08, 0x64, 0x08, 0x64, 0x08, 0x64, 0x08, 0x64, 0x08, 0x64, 0x08, 0x64, 0x08, 0x64, 0x08, 0x64, 0x08, 0x64, 0x08, 0x64, 0x08, 0x64, 0x08, 0x64, 0x08, 0x64, 0x08, 0x64, 0x08,
  0x64, 0x08, 0x64, 0x08, 0x64, 0x08, 0x64, 0x08, 0x64, 0x08, 0x64, 0x08, 0x64, 0x08, 0x64, 0x08, 0x64, 0x08, 0x64, 0x08, 0x64, 0x08, 0x64, 0x08, 0x64, 0x08, 0x64, 0x08, 0x64, 0x08, 0x64, 0x08,
  0xa4, 0x10, 0x64, 0x08, 0x64, 0x08, 0x64, 0x08, 0x64, 0x08, 0x64, 0x08, 0x64, 0x08, 0x64, 0x08, 0x64, 0x08, 0x64, 0x08, 0x64, 0x08, 0x64, 0x08, 0x64, 0x08, 0x64, 0x08, 0x64, 0x08, 0x64, 0x08,
  0x64, 0x08, 0x64, 0x08, 0x64, 0x08, 0x64, 0x08, 0x64, 0x08, 0x64, 0x08, 0x64, 0x08, 0x64, 0x08, 0x64, 0x08, 0x64, 0x08, 0x64, 0x08, 0x64, 0x08, 0x64, 0x08, 0x64, 0x08, 0x64, 0x08, 0x64, 0x08,
  0xa4, 0x10, 0x64, 0x08, 0x64, 0x08, 0x64, 0x08, 0x64, 0x08, 0x64, 0x08, 0x64, 0x08, 0x64, 0x08, 0x64, 0x08, 0x64, 0x08, 0x64, 0x08, 0x64, 0x08, 0x64, 0x08, 0x64, 0x08, 0x64, 0x08, 0x64, 0x08,
  0x64, 0x08, 0x64, 0x08, 0x64, 0x08, 0x64, 0x08, 0x64, 0x08, 0x64, 0x08, 0x64, 0x08, 0x64, 0x08, 0x64, 0x08, 0x64, 0x08, 0x64, 0x08, 0x64, 0x08, 0x64, 0x08, 0x64, 0x08, 0x64, 0x08, 0x64, 0x08,
  0xa4, 0x10, 0x64, 0x08, 0x64, 0x08, 0x64, 0x08, 0x64, 0x08, 0x64, 0x08, 0x64, 0x08, 0x64, 0x08, 0x64, 0x08, 0x64, 0x08, 0x64, 0x08, 0x64, 0x08, 0x64, 0x08, 0x64, 0x08, 0x64, 0x08, 0x64, 0x08,
  0x64, 0x08, 0x64, 0x08, 0x64, 0x08, 0x64, 0x08, 0x64, 0x08, 0x64, 0x08, 0x64, 0x08, 0x64, 0x08, 0x64, 0x08, 0x64, 0x08, 0x64, 0x08, 0x64, 0x08, 0x64, 0x08, 0x64, 0x08, 0x64, 0x08, 0x64, 0x08,
  0xa4, 0x10, 0x64, 0x08, 0x64, 0x08, 0x64, 0x08, 0x64, 0x08, 0x64, 0x08, 0x64, 0x08, 0x64, 0x08, 0x64, 0x08, 0x64, 0x08, 0x64, 0x08, 0x64, 0x08, 0x64, 0x08, 0x64, 0x08, 0x64, 0x08, 0x64, 0x08,
  0x64, 0x08, 0x64, 0x08, 0x64, 0x08, 0x64, 0x08, 0x64, 0x08, 0x64, 0x08, 0x64, 0x08, 0x64, 0x08, 0x64, 0x08, 0x64, 0x08, 0x64, 0x08, 0x64, 0x08, 0x64, 0x08, 0x64, 0x08, 0x64, 0x08, 0x64, 0x08,
  0xa4, 0x10, 0x64, 0x08, 0x64, 0x08, 0x64, 0x08, 0x64, 0x08, 0x64, 0x08, 0x64, 0x08, 0x64, 0x08, 0x64, 0x08, 0x64, 0x08, 0x64, 0x08, 0x64, 0x08, 0x64, 0x08, 0x64, 0x08, 0x64, 0x08, 0x64, 0x08,
  0x64, 0x08, 0x64, 0x08, 0x64, 0x08, 0x64, 0x08, 0x64, 0x08, 0x64, 0x08, 0x64, 0x08, 0x64, 0x08, 0x64, 0x08, 0x64, 0x08, 0x64, 0x08, 0x64, 0x08, 0x64, 0x08, 0x64, 0x08, 0x64, 0x08, 0x64, 0x08,
  0xa4, 0x10, 0x64, 0x08, 0x64, 0x08, 0x64, 0x08, 0x64, 0x08, 0x64, 0x08, 0x64, 0x08, 0x64, 0x08, 0x64, 0x08, 0x64, 0x08, 0x64, 0x08, 0x64, 0x08, 0x64, 0x08, 0x64, 0x08, 0x64, 0x08, 0x64, 0x08,
  0x64, 0x08, 0x64, 0x08, 0x64, 0x08, 0x64, 0x08, 0x64, 0x08, 0x64, 0x08, 0x64, 0x08, 0x64, 0x08, 0x64, 0x08, 0x64, 0x08, 0x64, 0x08, 0x64, 0x08, 0x64, 0x08, 0x64, 0x08, 0x64, 0x08, 0x64, 0x08,
  0xa4, 0x10, 0x64, 0x08, 0x64, 0x08, 0x64, 0x08, 0x64, 0x08, 0x64, 0x08, 0x64, 0x08, 0x64, 0x08, 0x64, 0x08, 0x64, 0x08, 0x64, 0x08, 0x64, 0x08, 0x64, 0x08, 0x64, 0x08, 0x64, 0x08, 0x64, 0x08,
  0x64, 0x08, 0x64, 0x08, 0x64, 0x08, 0x64, 0x08, 0x64, 0x08, 0x64, 0x08, 0x64, 0x08, 0x64, 0x08, 0x64, 0x08, 0x64, 0x08, 0x64, 0x08, 0x64, 0x08, 0x64, 0x08, 0x64, 0x08, 0x64, 0x08, 0x64, 0x08,
  0xa4, 0x10, 0x64, 0x08, 0x64, 0x08, 0x64, 0x08, 0x64, 0x08, 0x64, 0x08, 0x64, 0x08, 0x64, 0x08, 0x64, 0x08, 0x64, 0x08, 0x64, 0x08, 0x64, 0x08, 0x64, 0x08, 0x64, 0x08, 0x64, 0x08, 0x64, 0x08,
  0x64, 0x08, 0x64, 0x08, 0x64, 0x08, 0x64, 0x08, 0x64, 0x08, 0x64, 0x08, 0x64, 0x08, 0x64, 0x08, 0x64, 0x08, 0x64, 0x08, 0x64, 0x08, 0x64, 0x08, 0x64, 0x08, 0x64, 0x08, 0x64, 0x08, 0x64, 0x08,
  0xa4, 0x10, 0x64, 0x08, 0x64, 0x08, 0x64, 0x08, 0x64, 0x08, 0x64, 0x08, 0x64, 0x08, 0x64, 0x08, 0x64, 0x08, 0x64, 0x08, 0x64, 0x08, 0x64, 0x08, 0x64, 0x08, 0x64, 0x08, 0x64, 0x08, 0x64, 0x08,
  0x64, 0x08, 0x64, 0x08, 0x64, 0x08, 0x64, 0x08, 0x64, 0x08, 0x64, 0x08, 0x64, 0x08, 0x64, 0x08, 0x64, 0x08, 0x64, 0x08, 0x64, 0x08, 0x64, 0x08, 0x64, 0x08, 0x64, 0x08, 0x64, 0x08, 0x64, 0x08,
  0xa4, 0x10, 0x64, 0x08, 0x64, 0x08, 0x64, 0x08, 0x64, 0x08, 0x64, 0x08, 0x64, 0x08, 0x64, 0x08, 0x64, 0x08, 0x64, 0x08, 0x64, 0x08, 0x64, 0x08, 0x64, 0x08, 0x64, 0x08, 0x64, 0x08, 0x64, 0x08,
  0x64, 0x08, 0x64, 0x08, 0x64, 0x08, 0x64, 0x08, 0x64, 0x08, 0x64, 0x08, 0x64, 0x08, 0x64, 0x08, 0x64, 0x08, 0x64, 0x08, 0x64, 0x08, 0x64, 0x08, 0x64, 0x08, 0x64, 0x08, 0x64, 0x08, 0x64, 0x08,
  0xa4, 0x10, 0x64, 0x08, 0x64, 0x08, 0x64, 0x08, 0x64, 0x08, 0x64, 0x08, 0x64, 0x08, 0x64, 0x08, 0x64, 0x08, 0x64, 0x08, 0x64, 0x08, 0x64, 0x08, 0x64, 0x08, 0x64, 0x08, 0x64, 0x08, 0x64, 0x08,
  0x64, 0x08, 0x64, 0x08, 0x64, 0x08, 0x64, 0x08, 0x64, 0x08, 0x64, 0x08, 0x64, 0x08, 0x64, 0x08, 0x64, 0x08, 0x64, 0x08, 0x64, 0x08, 0x64, 0x08, 0x64, 0x08, 0x64, 0x08, 0x64, 0x08, 0x64, 0x08,
  0xa4, 0x10, 0x64, 0x08, 0x64, 0x08, 0x64, 0x08, 0x64, 0x08, 0x64, 0x08, 0x64, 0x08, 0x64, 0x08, 0x64, 0x08, 0x64, 0x08, 0x64, 0x08, 0x64, 0x08, 0x64, 0x08, 0x64, 0x08, 0x64, 0x08, 0x64, 0x08,
  0x64, 0x08, 0x64, 0x08, 0x64, 0x08, 0x64, 0x08, 0x64, 0x08, 0x64, 0x08, 0x64, 0x08, 0x64, 0x08, 0x64, 0x08, 0x64, 0x08, 0x64, 0x08, 0x64, 0x08, 0x64, 0x08, 0x64, 0x08, 0x64, 0x08, 0x64, 0x08,
  0xa4, 0x10, 0x64, 0x08, 0x64, 0x08, 0x64, 0x08, 0x64, 0x08, 0x64, 0x08, 0x64, 0x08, 0x64, 0x08, 0x64, 0x08, 0x64, 0x08, 0x64, 0x08, 0x64, 0x08, 0x64, 0x08, 0x64, 0x08, 0x64, 0x08, 0x64, 0x08,
  0x64, 0x08, 0x64, 0x08, 0x64, 0x08, 0x64, 0x08, 0x64, 0x08, 0x64, 0x08, 0x64, 0x08, 0x64, 0x08, 0x64, 0x08, 0x64, 0x08, 0x64, 0x08, 0x64, 0x08, 0x64, 0x08, 0x64, 0x08, 0x64, 0x08, 0x64, 0x08,
  0xa4, 0x10, 0x64, 0x08, 0x64, 0x08, 0x64, 0x08, 0x64, 0x08, 0x64, 0x08, 0x64, 0x08, 0x64, 0x08, 0x64, 0x08, 0x64, 0x08, 0x64, 0x08, 0x64, 0x08, 0x64, 0x08, 0x64, 0x08, 0x64, 0x08, 0x64, 0x08,
  0x64, 0x08, 0x64, 0x08, 0x64, 0x08, 0x64, 0x08, 0x64, 0x08, 0x64, 0x08, 0x64, 0x08, 0x64, 0x08, 0x64, 0x08, 0x64, 0x08, 0x64, 0x08, 0x64, 0x08, 0x64, 0x08, 0x64, 0x08, 0x64, 0x08, 0x64, 0x08,
  0xa4, 0x10, 0x64, 0x08, 0x64, 0x08, 0x64, 0x08, 0x64, 0x08, 0x64, 0x08, 0x64, 0x08, 0x64, 0x08, 0x64, 0x08, 0x64, 0x08, 0x64, 0x08, 0x64, 0x08, 0x64, 0x08, 0x64, 0x08, 0x64, 0x08, 0x64, 0x08,
  0x64, 0x08, 0x64, 0x08, 0x64, 0x08, 0x64, 0x08, 0x64, 0x08, 0x64, 0x08, 0x64, 0x08, 0x64, 0x08, 0x64, 0x08, 0x64, 0x08, 0x64, 0x08, 0x64, 0x08, 0x64, 0x08, 0x64, 0x08, 0x64, 0x08, 0x64, 0x08,
  0xa4, 0x10, 0x64, 0x08, 0x64, 0x08, 0x64, 0x08, 0x64, 0x08, 0x64, 0x08, 0x64, 0x08, 0x64, 0x08, 0x64, 0x08, 0x64, 0x08, 0x64, 0x08, 0x64, 0x08, 0x64, 0x08, 0x64, 0x08, 0x64, 0x08, 0x64, 0x08,
  0x64, 0x08, 0x64, 0x08, 0x64, 0x08, 0x64, 0x08, 0x64, 0x08, 0x64, 0x08, 0x64, 0x08, 0x64, 0x08, 0x64, 0x08, 0x64, 0x08, 0x64, 0x08, 0x64, 0x08, 0x64, 0x08, 0x64, 0x08, 0x64, 0x08, 0x64, 0x08,
  0xa4, 0x10, 0x64, 0x08, 0x64, 0x08, 0x64, 0x08, 0x64, 0x08, 0x64, 0x08, 0x64, 0x08, 0x64, 0x08, 0x64, 0x08, 0x64, 0x08, 0x64, 0x08, 0x64, 0x08, 0x64, 0x08, 0x64, 0x08, 0x64, 0x08, 0x64, 0x08,
  0x64, 0x08, 0x64, 0x08, 0x64, 0x08, 0x64, 0x08, 0x64, 0x08, 0x64, 0x08, 0x64, 0x08, 0x64, 0x08, 0x64, 0x08, 0x64, 0x08, 0x64, 0x08, 0x64, 0x08, 0x64, 0x08, 0x64, 0x08, 0x64, 0x08, 0x64, 0x08,
  0xa4, 0x10, 0x64, 0x08, 0x64, 0x08, 0x64, 0x08, 0x64, 0x08, 0x64, 0x08, 0x64, 0x08, 0x64, 0x08, 0x64, 0x08, 0x64, 0x08, 0x64, 0x08, 0x64, 0x08, 0x64, 0x08, 0x64, 0x08, 0x64, 0x08, 0x64, 0x08,
  0x64, 0x08, 0x64, 0x08, 0x64, 0x08, 0x64, 0x08, 0x64, 0x08, 0x64, 0x08, 0x64, 0x08, 0x64, 0x08, 0x64, 0x08, 0x64, 0x08, 0x64, 0x08, 0x64, 0x08, 0x64, 0x08, 0x64, 0x08, 0x64, 0x08, 0x64, 0x08,
  0xa4, 0x10, 0x64, 0x08, 0x64, 0x08, 0x64, 0x08, 0x64, 0x08, 0x64, 0x08, 0x64, 0x08, 0x64, 0x08, 0x64, 0x08, 0x64, 0x08, 0x64, 0x08, 0x64, 0x08, 0x64, 0x08, 0x64, 0x08, 0x64, 0x08, 0x64, 0x08,
  0x64, 0x08, 0x64, 0x08, 0x64, 0x08, 0x64, 0x08, 0x64, 0x08, 0x64, 0x08, 0x64, 0x08, 0x64, 0x08, 0x64, 0x08, 0x64, 0x08, 0x64, 0x08, 0x64, 0x08, 0x64, 0x08, 0x64, 0x08, 0x64, 0x08, 0x64, 0x08,
  0xa4, 0x10, 0x64, 0x08, 0x64, 0x08, 0x64, 0x08, 0x64, 0x08, 0x64, 0x08, 0x64, 0x08, 0x64, 0x08, 0x64, 0x08, 0x64, 0x08, 0x64, 0x08, 0x64, 0x08, 0x64, 0x08, 0x64, 0x08, 0x64, 0x08, 0x64, 0x08,
  0x64, 0x08, 0x64, 0x08, 0x64, 0x08, 0x64, 0x08, 0x64, 0x08, 0x64, 0x08, 0x64, 0x08, 0x64, 0x08, 0x64, 0x08, 0x64, 0x08, 0x64, 0x08, 0x64, 0x08, 0x64, 0x08, 0x64, 0x08, 0x64, 0x08, 0x64, 0x08,
  0xa4, 0x10, 0x64, 0x08, 0x64, 0x08, 0x64, 0x08, 0x64, 0x08, 0x64, 0x08, 0x64, 0x08, 0x64, 0x08, 0x64, 0x08, 0x64, 0x08, 0x64, 0x08, 0x64, 0x08, 0x64, 0x08, 0x64, 0x08, 0x64, 0x08, 0x64, 0x08,
  0x64, 0x08, 0x64, 0x08, 0x64, 0x08, 0x64, 0x08, 0x64, 0x08, 0x64, 0x08, 0x64, 0x08, 0x64, 0x08, 0x64, 0x08, 0x64, 0x08, 0x64, 0x08, 0x64, 0x08, 0x64, 0x08, 0x64, 0x08, 0x64, 0x08, 0x64, 0x08,
  0xa4, 0x10, 0x64, 0x08, 0x64, 0x08, 0x64, 0x08, 0x64, 0x08, 0x64, 0x08, 0x64, 0x08, 0x64, 0x08, 0x64, 0x08, 0x64, 0x08, 0x64, 0x08, 0x64, 0x08, 0x64, 0x08, 0x64, 0x08, 0x64, 0x08, 0x64, 0x08,
  0x64, 0x08, 0x64, 0x08, 0x64, 0x08, 0x64, 0x08, 0x64, 0x08, 0x64, 0x08, 0x64, 0x08, 0x64, 0x08, 0x64, 0x08, 0x64, 0x08, 0x64, 0x08, 0x64, 0x08, 0x64, 0x08, 0x64, 0x08, 0x64, 0x08, 0x64, 0x08,
  0xa4, 0x10, 0x64, 0x08, 0x64, 0x08, 0x64, 0x08, 0x64, 0x08, 0x64, 0x08, 0x64, 0x08, 0x64, 0x08, 0x64, 0x08, 0x64, 0x08, 0x64, 0x08, 0x64, 0x08, 0x64, 0x08, 0x64, 0x08, 0x64, 0x08, 0x64, 0x08,
  0x64, 0x08, 0x64, 0x08, 0x64, 0x08, 0x64, 0x08, 0x64, 0x08, 0x64, 0x08, 0x64, 0x08, 0x64, 0x08, 0x64, 0x08, 0x64, 0x08, 0x64, 0x08, 0x64, 0x08, 0x64, 0x08, 0x64, 0x08, 0x64, 0x08, 0x64, 0x08,
  0xa4, 0x10, 0x64, 0x08, 0x64, 0x08, 0x64, 0x08, 0x64, 0x08, 0x64, 0x08, 0x64, 0x08, 0x64, 0x08, 0x64, 0x08, 0x64, 0x08, 0x64, 0x08, 0x64, 0x08, 0x64, 0x08, 0x64, 0x08, 0x64, 0x08, 0x64, 0x08,
  0x64, 0x08, 0x64, 0x08, 0x64, 0x08, 0x64, 0x08, 0x64, 0x08, 0x64, 0x08, 0x64, 0x08, 0x64, 0x08, 0x64, 0x08, 0x64, 0x08, 0x64, 0x08, 0x64, 0x08, 0x64, 0x08, 0x64, 0x08, 0x64, 0x08, 0x64, 0x08,
  0xa4, 0x10, 0x64, 0x08, 0x64, 0x08, 0x64, 0x08, 0x64, 0x08, 0x64, 0x08, 0x64, 0x08, 0x64, 0x08, 0x64, 0x08, 0x64, 0x08, 0x64, 0x08, 0x64, 0x08, 0x64, 0x08, 0x64, 0x08, 0x64, 0x08, 0x64, 0x08,
  0x64, 0x08, 0x64, 0x08, 0x64, 0x08, 0x64, 0x08, 0x64, 0x08, 0x64, 0x08, 0x64, 0x08, 0x64, 0x08, 0x64, 0x08, 0x64, 0x08, 0x64, 0x08, 0x64, 0x08, 0x64, 0x08, 0x64, 0x08, 0x64, 0x08, 0x64, 0x08,
  0xa4, 0x10, 0x64, 0x08, 0x64, 0x08, 0x64, 0x08, 0x64, 0x08, 0x64, 0x08, 0x64, 0x08, 0x64, 0x08, 0x64, 0x08, 0x64, 0x08, 0x64, 0x08, 0x64, 0x08, 0x64, 0x08, 0x64, 0x08, 0x64, 0x08, 0x64, 0x08,
  0x64, 0x08, 0x64, 0x08, 0x64, 0x08, 0x64, 0x08, 0x64, 0x08, 0x64, 0x08, 0x64, 0x08, 0x64, 0x08, 0x64, 0x08, 0x64, 0x08, 0x64, 0x08, 0x64, 0x08, 0x64, 0x08, 0x64, 0x08, 0x64, 0x08, 0x64, 0x08,
  0xa4, 0x10, 0x64, 0x08, 0x64, 0x08, 0x64, 0x08, 0x64, 0x08, 0x64, 0x08, 0x64, 0x08, 0x64, 0x08, 0x64, 0x08, 0x64, 0x08, 0x64, 0x08, 0x64, 0x08, 0x64, 0x08, 0x64, 0x08, 0x64, 0x08, 0x64, 0x08,
  0x64, 0x08, 0x64, 0x08, 0x64, 0x08, 0x64, 0x08, 0x64, 0x08, 0x64, 0x08, 0x64, 0x08, 0x64, 0x08, 0x64, 0x08, 0x64, 0x08, 0x64, 0x08, 0x64, 0x08, 0x64, 0x08, 0x64, 0x08, 0x64, 0x08, 0x64, 0x08,
  0xa4, 0x10, 0x64, 0x08, 0x64, 0x08, 0x64, 0x08, 0x64, 0x08, 0x64, 0x08, 0x64, 0x08, 0x64, 0x08, 0x64, 0x08, 0x64, 0x08, 0x64, 0x08, 0x64, 0x08, 0x64, 0x08, 0x64, 0x08, 0x64, 0x08, 0x64, 0x08,
  0x64, 0x08, 0x64, 0x08, 0x64, 0x08, 0x64, 0x08, 0x64, 0x08, 0x64, 0x08, 0x64, 0x08, 0x64, 0x08, 0x64, 0x08, 0x64, 0x08, 0x64, 0x08, 0x64, 0x08, 0x64, 0x08, 0x64, 0x08, 0x64, 0x08, 0x64, 0x08,
  0xa4, 0x10, 0x64, 0x08, 0x64, 0x08, 0x64, 0x08, 0x64, 0x08, 0x64, 0x08, 0x64, 0x08, 0x64, 0x08, 0x64, 0x08, 0x64, 0x08, 0x64, 0x08, 0x64, 0x08, 0x64, 0x08, 0x64, 0x08, 0x64, 0x08, 0x64, 0x08,
  0x64, 0x08, 0x64, 0x08, 0x64, 0x08, 0x64, 0x08, 0x64, 0x08, 0x64, 0x08, 0x64, 0x08, 0x64, 0x08, 0x64, 0x08, 0x64, 0x08, 0x64, 0x08, 0x64, 0x08, 0x64, 0x08, 0x64, 0x08, 0x64, 0x08, 0x64, 0x08,
  0xa4, 0x10, 0x64, 0x08, 0x64, 0x08, 0x64, 0x08, 0x64, 0x08, 0x64, 0x08, 0x64, 0x08, 0x64, 0x08, 0x64, 0x08, 0x64, 0x08, 0x64, 0x08, 0x64, 0x08, 0x64, 0x08, 0x64, 0x08, 0x64, 0x08, 0x64, 0x08,
  0x64, 0x08, 0x64, 0x08, 0x64, 0x08, 0x64, 0x08, 0x64, 0x08, 0x64, 0x08, 0x64, 0x08, 0x64, 0x08, 0x64, 0x08, 0x64, 0x08, 0x64, 0x08, 0x64, 0x08, 0x64, 0x08, 0x64, 0x08, 0x64, 0x08, 0x64, 0x08,
  0xa4, 0x10, 0x64, 0x08, 0x64, 0x08, 0x64, 0x08, 0x64, 0x08, 0x64, 0x08, 0x64, 0x08, 0x64, 0x08, 0x64, 0x08, 0x64, 0x08, 0x64, 0x08, 0x64, 0x08, 0x64, 0x08, 0x64, 0x08, 0x64, 0x08, 0x64, 0x08,
  0x64, 0x08, 0x64, 0x08, 0x64, 0x08, 0x64, 0x08, 0x64, 0x08, 0x64, 0x08, 0x64, 0x08, 0x64, 0x08, 0x64, 0x08, 0x64, 0x08, 0x64, 0x08, 0x64, 0x08, 0x64, 0x08, 0x64, 0x08, 0x64, 0x08, 0x64, 0x08,
  0xa4, 0x10, 0x64, 0x08, 0x64, 0x08, 0x64, 0x08, 0x64, 0x08, 0x64, 0x08, 0x64, 0x08, 0x64, 0x08, 0x64, 0x08, 0x64, 0x08, 0x64, 0x08, 0x64, 0x08, 0x64, 0x08, 0x64, 0x08, 0x64, 0x08, 0x64, 0x08,
  0x64, 0x08, 0x64, 0x08, 0x64, 0x08, 0x64, 0x08, 0x64, 0x08, 0x64, 0x08, 0x64, 0x08, 0x64, 0x08, 0x64, 0x08, 0x64, 0x08, 0x64, 0x08, 0x64, 0x08, 0x64, 0x08, 0x64, 0x08, 0x64, 0x08, 0x64, 0x08,
  0xa4, 0x10, 0x64, 0x08, 0x64, 0x08, 0x64, 0x08, 0x64, 0x08, 0x64, 0x08, 0x64, 0x08, 0x64, 0x08, 0x64, 0x08, 0x64, 0x08, 0x64, 0x08, 0x64, 0x08, 0x64, 0x08, 0x64, 0x08, 0x64, 0x08, 0x64, 0x08,
  0x64, 0x08, 0x64, 0x08, 0x64, 0x08, 0x64, 0x08, 0x64, 0x08, 0x64, 0x08, 0x64, 0x08, 0x64, 0x08, 0x64, 0x08, 0x64, 0x08, 0x64, 0x08, 0x64, 0x08, 0x64, 0x08, 0x64, 0x08, 0x64, 0x08, 0x64, 0x08,
  0xa4, 0x10, 0x64, 0x08, 0x64, 0x08, 0x64, 0x08, 0x64, 0x08, 0x64, 0x08, 0x64, 0x08, 0x64, 0x08, 0x64, 0x08, 0x64, 0x08, 0x64, 0x08, 0x64, 0x08, 0x64, 0x08, 0x64, 0x08, 0x64, 0x08, 0x64, 0x08,
  0x64, 0x08, 0x64, 0x08, 0x64, 0x08, 0x64, 0x08, 0x64, 0x08, 0x64, 0x08, 0x64, 0x08, 0x64, 0x08, 0x64, 0x08, 0x64, 0x08, 0x64, 0x08, 0x64, 0x08, 0x64, 0x08, 0x64, 0x08, 0x64, 0x08, 0x64, 0x08,
  0xa4, 0x10, 0x64, 0x08, 0x64, 0x08, 0x64, 0x08, 0x64, 0x08, 0x64, 0x08, 0x64, 0x08, 0x64, 0x08, 0x64, 0x08, 0x64, 0x08, 0x64, 0x08, 0x64, 0x08, 0x64, 0x08, 0x64, 0x08, 0x64, 0x08, 0x64, 0x08,
  0x64, 0x08, 0x64, 0x08, 0x64, 0x08, 0x64, 0x08, 0x64, 0x08, 0x64, 0x08, 0x64, 0x08, 0x64, 0x08, 0x64, 0x08, 0x64, 0x08, 0x64, 0x08, 0x64, 0x08, 0x64, 0x08, 0x64, 0x08, 0x64, 0x08, 0x64, 0x08,
  0xa4, 0x10, 0x64, 0x08, 0x64, 0x08, 0x64, 0x08, 0x64, 0x08, 0x64, 0x08, 0x64, 0x08, 0x64, 0x08, 0x64, 0x08, 0x64, 0x08, 0x64, 0x08, 0x64, 0x08, 0x64, 0x08, 0x64, 0x08, 0x64, 0x08, 0x64, 0x08,
  0x64, 0x08, 0x64, 0x08, 0x64, 0x08, 0x64, 0x08, 0x64, 0x08, 0x64, 0x08, 0x64, 0x08, 0x64, 0x08, 0x64, 0x08, 0x64, 0x08, 0x64, 0x08, 0x64, 0x08, 0x64, 0x08, 0x64, 0x08, 0x64, 0x08, 0x64, 0x08,
  0xa4, 0x10, 0x64, 0x08, 0x64, 0x08, 0x64, 0x08, 0x64, 0x08, 0x64, 0x08, 0x64, 0x08, 0x64, 0x08, 0x64, 0x08, 0x64, 0x08, 0x64, 0x08, 0x64, 0x08, 0x64, 0x08, 0x64, 0x08, 0x64, 0x08, 0x64, 0x08,
  0x64, 0x08, 0x64, 0x08, 0x64, 0x08, 0x64, 0x08, 0x64, 0x08, 0x64, 0x08, 0x64, 0x08, 0x64, 0x08, 0x64, 0x08, 0x64, 0x08, 0x64, 0x08, 0x64, 0x08, 0x64, 0x08, 0x64, 0x08, 0x64, 0x08, 0x64, 0x08,
  0xa4, 0x10, 0x64, 0x08, 0x64, 0x08, 0x64, 0x08, 0x64, 0x08, 0x64, 0x08, 0x64, 0x08, 0x64, 0x08, 0x64, 0x08, 0x64, 0x08, 0x64, 0x08, 0x64, 0x08, 0x64, 0x08, 0x64, 0x08, 0x64, 0x08, 0x64, 0x08,
  0x64, 0x08, 0x64, 0x08, 0x64, 0x08, 0x64, 0x08, 0x64, 0x08, 0x64, 0x08, 0x64, 0x08, 0x64, 0x08, 0x64, 0x08, 0x64, 0x08, 0x64, 0x08, 0x64, 0x08, 0x64, 0x08, 0x64, 0x08, 0x64, 0x08, 0x64, 0x08,
  0xa4, 0x10, 0x64, 0x08, 0x64, 0x08, 0x64, 0x08, 0x64, 0x08, 0x64, 0x08, 0x64, 0x08, 0x64, 0x08, 0x64, 0x08, 0x64, 0x08, 0x64, 0x08, 0x64, 0x08, 0x64, 0x08, 0x64, 0x08, 0x64, 0x08, 0x64, 0x08,
  0x64, 0x08, 0x64, 0x08, 0x64, 0x08, 0x64, 0x08, 0x64, 0x08, 0x64, 0x08, 0x64, 0x08, 0x64, 0x08, 0x64, 0x08, 0x64, 0x08, 0x64, 0x08, 0x64, 0x08, 0x64, 0x08, 0x64, 0x08, 0x64, 0x08, 0x64, 0x08,
  0xa4, 0x10, 0x64, 0x08, 0x64, 0x08, 0x64, 0x08, 0x64, 0x08, 0x64, 0x08, 0x64, 0x08, 0x64, 0x08, 0x64, 0x08, 0x64, 0x08, 0x64, 0x08, 0x64, 0x08, 0x64, 0x08, 0x64, 0x08, 0x64, 0x08, 0x64, 0x08,
  0x64, 0x08, 0x64, 0x08, 0x64, 0x08, 0x64, 0x08, 0x64, 0x08, 0x64, 0x08, 0x64, 0x08, 0x64, 0x08, 0x64, 0x08, 0x64, 0x08, 0x64, 0x08, 0x64, 0x08, 0x64, 0x08, 0x64, 0x08, 0x64, 0x08, 0x64, 0x08,
  0xa4, 0x10, 0x64, 0x08, 0x64, 0x08, 0x64, 0x08, 0x64, 0x08, 0x64, 0x08, 0x64, 0x08, 0x64, 0x08, 0x64, 0x08, 0x64, 0x08, 0x64, 0x08, 0x64, 0x08, 0x64, 0x08, 0x64, 0x08, 0x64, 0x08, 0x64, 0x08,
  0x64, 0x08, 0x64, 0x08, 0x64, 0x08, 0x64, 0x08, 0x64, 0x08, 0x64, 0x08, 0x64, 0x08, 0x64, 0x08, 0x64, 0x08, 0x64, 0x08, 0x64, 0x08, 0x64, 0x08, 0x64, 0x08, 0x64, 0x08, 0x64, 0x08, 0x64, 0x08,
  0xa4, 0x10, 0x64, 0x08, 0x64, 0x08, 0x64, 0x08, 0x64, 0x08, 0x64, 0x08, 0x64, 0x08, 0x64, 0x08, 0x64, 0x08, 0x64, 0x08, 0x64, 0x08, 0x64, 0x08, 0x64, 0x08, 0x64, 0x08, 0x64, 0x08, 0x64, 0x08,
  0x64, 0x08, 0x64, 0x08, 0x64, 0x08, 0x64, 0x08, 0x64, 0x08, 0x64, 0x08, 0x64, 0x08, 0x64, 0x08, 0x64, 0x08, 0x64, 0x08, 0x64, 0x08, 0x64, 0x08, 0x64, 0x08, 0x64, 0x08, 0x64, 0x08, 0x64, 0x08,
  0xa4, 0x10, 0x64, 0x08, 0x64, 0x08, 0x64, 0x08, 0x64, 0x08, 0x64, 0x08, 0x64, 0x08, 0x64, 0x08, 0x64, 0x08, 0x64, 0x08, 0x64, 0x08, 0x64, 0x08, 0x64, 0x08, 0x64, 0x08, 0x64, 0x08, 0x64, 0x08,
  0x64, 0x08, 0x64, 0x08, 0x64, 0x08, 0x64, 0x08, 0x64, 0x08, 0x64, 0x08, 0x64, 0x08, 0x64, 0x08, 0x64, 0x08, 0x64, 0x08, 0x64, 0x08, 0x64, 0x08, 0x64, 0x08, 0x64, 0x08, 0x64, 0x08, 0x64, 0x08,
  0xa4, 0x10, 0x64, 0x08, 0x64, 0x08, 0x64, 0x08, 0x64, 0x08, 0x64, 0x08, 0x64, 0x08, 0x64, 0x08, 0x64, 0x08, 0x64, 0x08, 0x64, 0x08, 0x64, 0x08, 0x64, 0x08, 0x64, 0x08, 0x64, 0x08, 0x64, 0x08,
  0x64, 0x08, 0x64, 0x08, 0x64, 0x08, 0x64, 0x08, 0x64, 0x08, 0x64, 0x08, 0x64, 0x08, 0x64, 0x08, 0x64, 0x08, 0x64, 0x08, 0x64, 0x08, 0x64, 0x08, 0x64, 0x08, 0x64, 0x08, 0x64, 0x08, 0x64, 0x08,
  0xa4, 0x10, 0x64, 0x08, 0x64, 0x08, 0x64, 0x08, 0x64, 0x08, 0x64, 0x08, 0x64, 0x08, 0x64, 0x08, 0x64, 0x08, 0x64, 0x08, 0x64, 0x08, 0x64, 0x08, 0x64, 0x08, 0x64, 0x08, 0x64, 0x08, 0x64, 0x08,
  0x64, 0x08, 0x64, 0x08, 0x64, 0x08, 0x64, 0x08, 0x64, 0x08, 0x64, 0x08, 0x64, 0x08, 0x64, 0x08, 0x64, 0x08, 0x64, 0x08, 0x64, 0x08, 0x64, 0x08, 0x64, 0x08, 0x64, 0x08, 0x64, 0x08, 0x64, 0x08,
  0xa4, 0x10, 0x64, 0x08, 0x64, 0x08, 0x64, 0x08, 0x64, 0x08, 0x64, 0x08, 0x64, 0x08, 0x64, 0x08, 0x64, 0x08, 0x64, 0x08, 0x64, 0x08, 0x64, 0x08, 0x64, 0x08, 0x64, 0x08, 0x64, 0x08, 0x64, 0x08,
  0x64, 0x08, 0x64, 0x08, 0x64, 0x08, 0x64, 0x08, 0x64, 0x08, 0x64, 0x08, 0x64, 0x08, 0x64, 0x08, 0x64, 0x08, 0x64, 0x08, 0x64, 0x08, 0x64, 0x08, 0x64, 0x08, 0x64, 0x08, 0x64, 0x08, 0x64, 0x08,
  0xa4, 0x10, 0x64, 0x08, 0x64, 0x08, 0x64, 0x08, 0x64, 0x08, 0x64, 0x08, 0x64, 0x08, 0x64, 0x08, 0x64, 0x08, 0x64, 0x08, 0x64, 0x08, 0x64, 0x08, 0x64, 0x08, 0x64, 0x08, 0x64, 0x08, 0x64, 0x08,
  0x64, 0x08, 0x64, 0x08, 0x64, 0x08, 0x64, 0x08, 0x64, 0x08, 0x64, 0x08, 0x64, 0x08, 0x64, 0x08, 0x64, 0x08, 0x64, 0x08, 0x64, 0x08, 0x64, 0x08, 0x64, 0x08, 0x64, 0x08, 0x64, 0x08, 0x64, 0x08,
  0xa4, 0x10, 0x64, 0x08, 0x64, 0x08, 0x64, 0x08, 0x64, 0x08, 0x64, 0x08, 0x64, 0x08, 0x64, 0x08, 0x64, 0x08, 0x64, 0x08, 0x64, 0x08, 0x64, 0x08, 0x64, 0x08, 0x64, 0x08, 0x64, 0x08, 0x64, 0x08,
  0x64, 0x08, 0x64, 0x08, 0x64, 0x08, 0x64, 0x08, 0x64, 0x08, 0x64, 0x08, 0x64, 0x08, 0x64, 0x08, 0x64, 0x08, 0x64, 0x08, 0x64, 0x08, 0x64, 0x08, 0x64, 0x08, 0x64, 0x08, 0x64, 0x08, 0x64, 0x08,
  0xa4, 0x10, 0x64, 0x08, 0x64, 0x08, 0x64, 0x08, 0x64, 0x08, 0x64, 0x08, 0x64, 0x08, 0x64, 0x08, 0x64, 0x08, 0x64, 0x08, 0x64, 0x08, 0x64, 0x08, 0x64, 0x08, 0x64, 0x08, 0x64, 0x08, 0x64, 0x08,
  0x64, 0x08, 0x64, 0x08, 0x64, 0x08, 0x64, 0x08, 0x64, 0x08, 0x64, 0x08, 0x64, 0x08, 0x64, 0x08, 0x64, 0x08, 0x64, 0x08, 0x64, 0x08, 0x64, 0x08, 0x64, 0x08, 0x64, 0x08, 0x64, 0x08, 0x64, 0x08,
  0xa4, 0x10, 0x64, 0x08, 0x64, 0x08, 0x64, 0x08, 0x64, 0x08, 0x64, 0x08, 0x64, 0x08, 0x64, 0x08, 0x64, 0x08, 0x64, 0x08, 0x64, 0x08, 0x64, 0x08, 0x64, 0x08, 0x64, 0x08, 0x64, 0x08, 0x64, 0x08,
  0x64, 0x08, 0x64, 0x08, 0x64, 0x08, 0x64, 0x08, 0x64, 0x08, 0x64, 0x08, 0x64, 0x08, 0x64, 0x08, 0x64, 0x08, 0x64, 0x08, 0x64, 0x08, 0x64, 0x08, 0x64, 0x08, 0x64, 0x08, 0x64, 0x08, 0x64, 0x08,
  0xa4, 0x10, 0x64, 0x08, 0x64, 0x08, 0x64, 0x08, 0x64, 0x08, 0x64, 0x08, 0x64, 0x08, 0x64, 0x08, 0x64, 0x08, 0x64, 0x08, 0x64, 0x08, 0x64, 0x08, 0x64, 0x08, 0x64, 0x08, 0x64, 0x08, 0x64, 0x08,
  0x64, 0x08, 0x64, 0x08, 0x64, 0x08, 0x64, 0x08, 0x64, 0x08, 0x64, 0x08, 0x64, 0x08, 0x64, 0x08, 0x64, 0x08, 0x64, 0x08, 0x64, 0x08, 0x64, 0x08, 0x64, 0x08, 0x64, 0x08, 0x64, 0x08, 0x64, 0x08,
  0xa4, 0x10, 0x64, 0x08, 0x64, 0x08, 0x64, 0x08, 0x64, 0x08, 0x64, 0x08, 0x64, 0x08, 0x64, 0x08, 0x64, 0x08, 0x64, 0x08, 0x64, 0x08, 0x64, 0x08, 0x64, 0x08, 0x64, 0x08, 0x64, 0x08, 0x64, 0x08,
  0x64, 0x08, 0x64, 0x08, 0x64, 0x08, 0x64, 0x08, 0x64, 0x08, 0x64, 0x08, 0x64, 0x08, 0x64, 0x08, 0x64, 0x08, 0x64, 0x08, 0x64, 0x08, 0x64, 0x08, 0x64, 0x08, 0x64, 0x08, 0x64, 0x08, 0x64, 0x08,
  0xa4, 0x10, 0x64, 0x08, 0x64, 0x08, 0x64, 0x08, 0x64, 0x08, 0x64, 0x08, 0x64, 0x08, 0x64, 0x08, 0x64, 0x08, 0x64, 0x08, 0x64, 0x08, 0x64, 0x08, 0x64, 0x08, 0x64, 0x08, 0x64, 0x08, 0x64, 0x08,
  0x64, 0x08, 0x64, 0x08, 0x64, 0x08, 0x64, 0x08, 0x64, 0x08, 0x64, 0x08, 0x64, 0x08, 0x64, 0x08, 0x64, 0x08, 0x64, 0x08, 0x64, 0x08, 0x64, 0x08, 0x64, 0x08, 0x64, 0x08, 0x64, 0x08, 0x64, 0x08,
  0xa4, 0x10, 0x64, 0x08, 0x64, 0x08, 0x64, 0x08, 0x64, 0x08, 0x64, 0x08, 0x64, 0x08, 0x64, 0x08, 0x64, 0x08, 0x64, 0x08, 0x64, 0x08, 0x64, 0x08, 0x64, 0x08, 0x64, 0x08, 0x64, 0x08, 0x64, 0x08,
  0x64, 0x08, 0x64, 0x08, 0x64, 0x08, 0x64, 0x08, 0x64, 0x08, 0x64, 0x08, 0x64, 0x08, 0x64, 0x08, 0x64, 0x08, 0x64, 0x08, 0x64, 0x08, 0x64, 0x08, 0x64, 0x08, 0x64, 0x08, 0x64, 0x08, 0x64, 0x08,
  0xa4, 0x10, 0x64, 0x08, 0x64, 0x08, 0x64, 0x08, 0x64, 0x08, 0x64, 0x08, 0x64, 0x08, 0x64, 0x08, 0x64, 0x08, 0x64, 0x08, 0x64, 0x08, 0x64, 0x08, 0x64, 0x08, 0x64, 0x08, 0x64, 0x08, 0x64, 0x08,
  0x64, 0x08, 0x64, 0x08, 0x64, 0x08, 0x64, 0x08, 0x64, 0x08, 0x64, 0x08, 0x64, 0x08, 0x64, 0x08, 0x64, 0x08, 0x64, 0x08, 0x64, 0x08, 0x64, 0x08, 0x64, 0x08, 0x64, 0x08, 0x64, 0x08, 0x64, 0x08,
  0xa4, 0x10, 0x64, 0x08, 0x64, 0x08, 0x64, 0x08, 0x64, 0x08, 0x64, 0x08, 0x64, 0x08, 0x64, 0x08, 0x64, 0x08, 0x64, 0x08, 0x64, 0x08, 0x64, 0x08, 0x64, 0x08, 0x64, 0x08, 0x64, 0x08, 0x64, 0x08,
  0x64, 0x08, 0x64, 0x08, 0x64, 0x08, 0x64, 0x08, 0x64, 0x08, 0x64, 0x08, 0x64, 0x08, 0x64, 0x08, 0x64, 0x08, 0x64, 0x08, 0x64, 0x08, 0x64, 0x08, 0x64, 0x08, 0x64, 0x08, 0x64, 0x08, 0x64, 0x08,
  0xa4, 0x10, 0x64, 0x08, 0x64, 0x08, 0x64, 0x08, 0x64, 0x08, 0x64, 0x08, 0x64, 0x08, 0x64, 0x08, 0x64, 0x08, 0x64, 0x08, 0x64, 0x08, 0x64, 0x08, 0x64, 0x08, 0x64, 0x08, 0x64, 0x08, 0x64, 0x08,
  0x64, 0x08, 0x64, 0x08, 0x64, 0x08, 0x64, 0x08, 0x64, 0x08, 0x64, 0x08, 0x64, 0x08, 0x64, 0x08, 0x64, 0x08, 0x64, 0x08, 0x64, 0x08, 0x64, 0x08, 0x64, 0x08, 0x64, 0x08, 0x64, 0x08, 0x64, 0x08,
  0xa4, 0x10, 0x64, 0x08, 0x64, 0x08, 0x64, 0x08, 0x64, 0x08, 0x64, 0x08, 0x64, 0x08, 0x64, 0x08, 0x64, 0x08, 0x64, 0x08, 0x64, 0x08, 0x64, 0x08, 0x64, 0x08, 0x64, 0x08, 0x64, 0x08, 0x64, 0x08,
  0x64, 0x08, 0x64, 0x08, 0x64, 0x08, 0x64, 0x08, 0x64, 0x08, 0x64, 0x08, 0x64, 0x08, 0x64, 0x08, 0x64, 0x08, 0x64, 0x08, 0x64, 0x08, 0x64, 0x08, 0x64, 0x08, 0x64, 0x08, 0x64, 0x08, 0x64, 0x08,
  0xa4, 0x10, 0x64, 0x08, 0x64, 0x08, 0x64, 0x08, 0x64, 0x08, 0x64, 0x08, 0x64, 0x08, 0x64, 0x08, 0x64, 0x08, 0x64, 0x08, 0x64, 0x08, 0x64, 0x08, 0x64, 0x08, 0x64, 0x08, 0x64, 0x08, 0x64, 0x08,
  0x64, 0x08, 0x64, 0x08, 0x64, 0x08, 0x64, 0x08, 0x64, 0x08, 0x64, 0x08, 0x64, 0x08, 0x64, 0x08, 0x64, 0x08, 0x64, 0x08, 0x64, 0x08, 0x64, 0x08, 0x64, 0x08, 0x64, 0x08, 0x64, 0x08, 0x64, 0x08,
  0xa4, 0x10, 0x64, 0x08, 0x64, 0x08, 0x64, 0x08, 0x64, 0x08, 0x64, 0x08, 0x64, 0x08, 0x64, 0x08, 0x64, 0x08, 0x64, 0x08, 0x64, 0x08, 0x64, 0x08, 0x64, 0x08, 0x64, 0x08, 0x64, 0x08, 0x64, 0x08,
  0x64, 0x08, 0x64, 0x08, 0x64, 0x08, 0x64, 0x08, 0x64, 0x08, 0x64, 0x08, 0x64, 0x08, 0x64, 0x08, 0x64, 0x08, 0x64, 0x08, 0x64, 0x08, 0x64, 0x08, 0x64, 0x08, 0x64, 0x08, 0x64, 0x08, 0x64, 0x08,
  0xa4, 0x10, 0x64, 0x08, 0x64, 0x08, 0x64, 0x08, 0x64, 0x08, 0x64, 0x08, 0x64, 0x08, 0x64, 0x08, 0x64, 0x08, 0x64, 0x08, 0x64, 0x08, 0x64, 0x08, 0x64, 0x08, 0x64, 0x08, 0x64, 0x08, 0x64, 0x08,
  0x64, 0x08, 0x64, 0x08, 0x64, 0x08, 0x64, 0x08, 0x64, 0x08, 0x64, 0x08, 0x64, 0x08, 0x64, 0x08, 0x64, 0x08, 0x64, 0x08, 0x64, 0x08, 0x64, 0x08, 0x64, 0x08, 0x64, 0x08, 0x64, 0x08, 0x64, 0x08,
  0xa4, 0x10, 0x64, 0x08, 0x64, 0x08, 0x64, 0x08, 0x64, 0x08, 0x64, 0x08, 0x64, 0x08, 0x64, 0x08, 0x64, 0x08, 0x64, 0x08, 0x64, 0x08, 0x64, 0x08, 0x64, 0x08, 0x64, 0x08, 0x64, 0x08, 0x64, 0x08,
  0x64, 0x08, 0x64, 0x08, 0x64, 0x08, 0x64, 0x08, 0x64, 0x08, 0x64, 0x08, 0x64, 0x08, 0x64, 0x08, 0x64, 0x08, 0x64, 0x08, 0x64, 0x08, 0x64, 0x08, 0x64, 0x08, 0x64, 0x08, 0x64, 0x08, 0x64, 0x08,
  0xa4, 0x10, 0x64, 0x08, 0x64, 0x08, 0x64, 0x08, 0x64, 0x08, 0x64, 0x08, 0x64, 0x08, 0x64, 0x08, 0x64, 0x08, 0x64, 0x08, 0x64, 0x08, 0x64, 0x08, 0x64, 0x08, 0x64, 0x08, 0x64, 0x08, 0x64, 0x08,
  0x64, 0x08, 0x64, 0x08, 0x64, 0x08, 0x64, 0x08, 0x64, 0x08, 0x64, 0x08, 0x64, 0x08, 0x64, 0x08, 0x64, 0x08, 0x64, 0x08, 0x64, 0x08, 0x64, 0x08, 0x64, 0x08, 0x64, 0x08, 0x64, 0x08, 0x64, 0x08,
  0xa4, 0x10, 0x64, 0x08, 0x64, 0x08, 0x64, 0x08, 0x64, 0x08, 0x64, 0x08, 0x64, 0x08, 0x64, 0x08, 0x64, 0x08, 0x64, 0x08, 0x64, 0x08, 0x64, 0x08, 0x64, 0x08, 0x64, 0x08, 0x64, 0x08, 0x64, 0x08,
  0x64, 0x08, 0x64, 0x08, 0x64, 0x08, 0x64, 0x08, 0x64, 0x08, 0x64, 0x08, 0x64, 0x08, 0x64, 0x08, 0x64, 0x08, 0x64, 0x08, 0x64, 0x08, 0x64, 0x08, 0x64, 0x08, 0x64, 0x08, 0x64, 0x08, 0x64, 0x08,
  0xa4, 0x10, 0x64, 0x08, 0x64, 0x08, 0x64, 0x08, 0x64, 0x08, 0x64, 0x08, 0x64, 0x08, 0x64, 0x08, 0x64, 0x08, 0x64, 0x08, 0x64, 0x08, 0x64, 0x08, 0x64, 0x08, 0x64, 0x08, 0x64, 0x08, 0x64, 0x08,
  0x64, 0x08, 0x64, 0x08, 0x64, 0x08, 0x64, 0x08, 0x64, 0x08, 0x64, 0x08, 0x64, 0x08, 0x64, 0x08, 0x64, 0x08, 0x64, 0x08, 0x64, 0x08, 0x64, 0x08, 0x64, 0x08, 0x64, 0x08, 0x64, 0x08, 0x64, 0x08,
  0xa4, 0x10, 0x64, 0x08, 0x64, 0x08, 0x64, 0x08, 0x64, 0x08, 0x64, 0x08, 0x64, 0x08, 0x64, 0x08, 0x64, 0x08, 0x64, 0x08, 0x64, 0x08, 0x64, 0x08, 0x64, 0x08, 0x64, 0x08, 0x64, 0x08, 0x64, 0x08,
  0x64, 0x08, 0x64, 0x08, 0x64, 0x08, 0x64, 0x08, 0x64, 0x08, 0x64, 0x08, 0x64, 0x08, 0x64, 0x08, 0x64, 0x08, 0x64, 0x08, 0x64, 0x08, 0x64, 0x08, 0x64, 0x08, 0x64, 0x08, 0x64, 0x08, 0x64, 0x08,
  0xa4, 0x10, 0x64, 0x08, 0x64, 0x08, 0x64, 0x08, 0x64, 0x08, 0x64, 0x08, 0x64, 0x08, 0x64, 0x08, 0x64, 0x08, 0x64, 0x08, 0x64, 0x08, 0x64, 0x08, 0x64, 0x08, 0x64, 0x08, 0x64, 0x08, 0x64, 0x08,
  0x64, 0x08, 0x64, 0x08, 0x64, 0x08, 0x64, 0x08, 0x64, 0x08, 0x64, 0x08, 0x64, 0x08, 0x64, 0x08, 0x64, 0x08, 0x64, 0x08, 0x64, 0x08, 0x64, 0x08, 0x64, 0x08, 0x64, 0x08, 0x64, 0x08, 0x64, 0x08,
  0xa4, 0x10, 0x64, 0x08, 0x64, 0x08, 0x64, 0x08, 0x64, 0x08, 0x64, 0x08, 0x64, 0x08, 0x64, 0x08, 0x64, 0x08, 0x64, 0x08, 0x64, 0x08, 0x64, 0x08, 0x64, 0x08, 0x64, 0x08, 0x64, 0x08, 0x64, 0x08,
  0x64, 0x08, 0x64, 0x08, 0x64, 0x08, 0x64, 0x08, 0x64, 0x08, 0x64, 0x08, 0x64, 0x08, 0x64, 0x08, 0x64, 0x08, 0x64, 0x08, 0x64, 0x08, 0x64, 0x08, 0x64, 0x08, 0x64, 0x08, 0x64, 0x08, 0x64, 0x08,
  0xa4, 0x10, 0x64, 0x08, 0x64, 0x08, 0x64, 0x08, 0x64, 0x08, 0x64, 0x08, 0x64, 0x08, 0x64, 0x08, 0x64, 0x08, 0x64, 0x08, 0x64, 0x08, 0x64, 0x08, 0x64, 0x08, 0x64, 0x08, 0x64, 0x08, 0x64, 0x08,
  0x64, 0x08, 0x64, 0x08, 0x64, 0x08, 0x64, 0x08, 0x64, 0x08, 0x64, 0x08, 0x64, 0x08, 0x64, 0x08, 0x64, 0x08, 0x64, 0x08, 0x64, 0x08, 0x64, 0x08, 0x64, 0x08, 0x64, 0x08, 0x64, 0x08, 0x64, 0x08,
  0xa4, 0x10, 0x64, 0x08, 0x64, 0x08, 0x64, 0x08, 0x64, 0x08, 0x64, 0x08, 0x64, 0x08, 0x64, 0x08, 0x64, 0x08, 0x64, 0x08, 0x64, 0x08, 0x64, 0x08, 0x64, 0x08, 0x64, 0x08, 0x64, 0x08, 0x64, 0x08,
  0x64, 0x08, 0x64, 0x08, 0x64, 0x08, 0x64, 0x08, 0x64, 0x08, 0x64, 0x08, 0x64, 0x08, 0x64, 0x08, 0x64, 0x08, 0x64, 0x08, 0x64, 0x08, 0x64, 0x08, 0x64, 0x08, 0x64, 0x08, 0x64, 0x08, 0x64, 0x08,
  0xa4, 0x10, 0x64, 0x08, 0x64, 0x08, 0x64, 0x08, 0x64, 0x08, 0x64, 0x08, 0x64, 0x08, 0x64, 0x08, 0x64, 0x08, 0x64, 0x08, 0x64, 0x08, 0x64, 0x08, 0x64, 0x08, 0x64, 0x08, 0x64, 0x08, 0x64, 0x08,
  0x64, 0x08, 0x64, 0x08, 0x64, 0x08, 0x64, 0x08, 0x64, 0x08, 0x64, 0x08, 0x64, 0x08, 0x64, 0x08, 0x64, 0x08, 0x64, 0x08, 0x64, 0x08, 0x64, 0x08, 0x64, 0x08, 0x64, 0x08, 0x64, 0x08, 0x64, 0x08,
  0xa4, 0x10, 0x64, 0x08, 0x64, 0x08, 0x64, 0x08, 0x64, 0x08, 0x64, 0x08, 0x64, 0x08, 0x64, 0x08, 0x64, 0x08, 0x64, 0x08, 0x64, 0x08, 0x64, 0x08, 0x64, 0x08, 0x64, 0x08, 0x64, 0x08, 0x64, 0x08,
  0x64, 0x08, 0x64, 0x08, 0x64, 0x08, 0x64, 0x08, 0x64, 0x08, 0x64, 0x08, 0x64, 0x08, 0x64, 0x08, 0x64, 0x08, 0x64, 0x08, 0x64, 0x08, 0x64, 0x08, 0x64, 0x08, 0x64, 0x08, 0x64, 0x08, 0x64, 0x08,
  0xa4, 0x10, 0x64, 0x08, 0x64, 0x08, 0x64, 0x08, 0x64, 0x08, 0x64, 0x08, 0x64, 0x08, 0x64, 0x08, 0x64, 0x08, 0x64, 0x08, 0x64, 0x08, 0x64, 0x08, 0x64, 0x08, 0x64, 0x08, 0x64, 0x08, 0x64, 0x08,
  0x64, 0x08, 0x64, 0x08, 0x64, 0x08, 0x64, 0x08, 0x64, 0x08, 0x64, 0x08, 0x64, 0x08, 0x64, 0x08, 0x64, 0x08, 0x64, 0x08, 0x64, 0x08, 0x64, 0x08, 0x64, 0x08, 0x64, 0x08, 0x64, 0x08, 0x64, 0x08,
  0xa4, 0x10, 0x64, 0x08, 0x64, 0x08, 0x64, 0x08, 0x64, 0x08, 0x64, 0x08, 0x64, 0x08, 0x64, 0x08, 0x64, 0x08, 0x64, 0x08, 0x64, 0x08, 0x64, 0x08, 0x64, 0x08, 0x64, 0x08, 0x64, 0x08, 0x64, 0x08,
  0x64, 0x08, 0x64, 0x08, 0x64, 0x08, 0x64, 0x08, 0x64, 0x08, 0x64, 0x08, 0x64, 0x08, 0x64, 0x08, 0x64, 0x08, 0x64, 0x08, 0x64, 0x08, 0x64, 0x08, 0x64, 0x08, 0x64, 0x08, 0x64, 0x08, 0x64, 0x08,
  0xa4, 0x10, 0x64, 0x08, 0x64, 0x08, 0x64, 0x08, 0x64, 0x08, 0x64, 0x08, 0x64, 0x08, 0x64, 0x08, 0x64, 0x08, 0x64, 0x08, 0x64, 0x08, 0x64, 0x08, 0x64, 0x08, 0x64, 0x08, 0x64, 0x08, 0x64, 0x08,
  0x64, 0x08, 0x64, 0x08, 0x64, 0x08, 0x64, 0x08, 0x64, 0x08, 0x64, 0x08, 0x64, 0x08, 0x64, 0x08, 0x64, 0x08, 0x64, 0x08, 0x64, 0x08, 0x64, 0x08, 0x64, 0x08, 0x64, 0x08, 0x64, 0x08, 0x64, 0x08,
  0xa4, 0x10, 0x64, 0x08, 0x64, 0x08, 0x64, 0x08, 0x64, 0x08, 0x64, 0x08, 0x64, 0x08, 0x64, 0x08, 0x64, 0x08, 0x64, 0x08, 0x64, 0x08, 0x64, 0x08, 0x64, 0x08, 0x64, 0x08, 0x64, 0x08, 0x64, 0x08,
  0x64, 0x08, 0x64, 0x08, 0x64, 0x08, 0x64, 0x08, 0x64, 0x08, 0x64, 0x08, 0x64, 0x08, 0x64, 0x08, 0x64, 0x08, 0x64, 0x08, 0x64, 0x08, 0x64, 0x08, 0x64, 0x08, 0x64, 0x08, 0x64, 0x08, 0x64, 0x08,
  0xa4, 0x10, 0x64, 0x08, 0x64, 0x08, 0x64, 0x08, 0x64, 0x08, 0x64, 0x08, 0x64, 0x08, 0x64, 0x08, 0x64, 0x08, 0x64, 0x08, 0x64, 0x08, 0x64, 0x08, 0x64, 0x08, 0x64, 0x08, 0x64, 0x08, 0x64, 0x08,
  0x64, 0x08, 0x64, 0x08, 0x64, 0x08, 0x64, 0x08, 0x64, 0x08, 0x64, 0x08, 0x64, 0x08, 0x64, 0x08, 0x64, 0x08, 0x64, 0x08, 0x64, 0x08, 0x64, 0x08, 0x64, 0x08, 0x64, 0x08, 0x64, 0x08, 0x64, 0x08,
  0xa4, 0x10, 0x64, 0x08, 0x64, 0x08, 0x64, 0x08, 0x64, 0x08, 0x64, 0x08, 0x64, 0x08, 0x64, 0x08, 0x64, 0x08, 0x64, 0x08, 0x64, 0x08, 0x64, 0x08, 0x64, 0x08, 0x64, 0x08, 0x64, 0x08, 0x64, 0x08,
  0x64, 0x08, 0x64, 0x08, 0x64, 0x08, 0x64, 0x08, 0x64, 0x08, 0x64, 0x08, 0x64, 0x08, 0x64, 0x08, 0x64, 0x08, 0x64, 0x08, 0x64, 0x08, 0x64, 0x08, 0x64, 0x08, 0x64, 0x08, 0x64, 0x08, 0x64, 0x08,
  0xa4, 0x10, 0x64, 0x08, 0x64, 0x08, 0x64, 0x08, 0x64, 0x08, 0x64, 0x08, 0x64, 0x08, 0x64, 0x08, 0x64, 0x08, 0x64, 0x08, 0x64, 0x08, 0x64, 0x08, 0x64, 0x08, 0x64, 0x08, 0x64, 0x08, 0x64, 0x08,
  0x64, 0x08, 0x64, 0x08, 0x64, 0x08, 0x64, 0x08, 0x64, 0x08, 0x64, 0x08, 0x64, 0x08, 0x64, 0x08, 0x64, 0x08, 0x64, 0x08, 0x64, 0x08, 0x64, 0x08, 0x64, 0x08, 0x64, 0x08, 0x64, 0x08, 0x64, 0x08,
  0xa4, 0x10, 0x64, 0x08, 0x64, 0x08, 0x64, 0x08, 0x64, 0x08, 0x64, 0x08, 0x64, 0x08, 0x64, 0x08, 0x64, 0x08, 0x64, 0x08, 0x64, 0x08, 0x64, 0x08, 0x64, 0x08, 0x64, 0x08, 0x64, 0x08, 0x64, 0x08,
  0x64, 0x08, 0x64, 0x08, 0x64, 0x08, 0x64, 0x08, 0x64, 0x08, 0x64, 0x08, 0x64, 0x08, 0x64, 0x08, 0x64, 0x08, 0x64, 0x08, 0x64, 0x08, 0x64, 0x08, 0x64, 0x08, 0x64, 0x08, 0x64, 0x08, 0x64, 0x08,
  0xa4, 0x10, 0x64, 0x08, 0x64, 0x08, 0x64, 0x08, 0x64, 0x08, 0x64, 0x08, 0x64, 0x08, 0x64, 0x08, 0x64, 0x08, 0x64, 0x08, 0x64, 0x08, 0x64, 0x08, 0x64, 0x08, 0x64, 0x08, 0x64, 0x08, 0x64, 0x08,
  0x64, 0x08, 0x64, 0x08, 0x64, 0x08, 0x64, 0x08, 0x64, 0x08, 0x64, 0x08, 0x64, 0x08, 0x64, 0x08, 0x64, 0x08, 0x64, 0x08, 0x64, 0x08, 0x64, 0x08, 0x64, 0x08, 0x64, 0x08, 0x64, 0x08, 0x64, 0x08,
  0xa4, 0x10, 0x64, 0x08, 0x64, 0x08, 0x64, 0x08, 0x64, 0x08, 0x64, 0x08, 0x64, 0x08, 0x64, 0x08, 0x64, 0x08, 0x64, 0x08, 0x64, 0x08, 0x64, 0x08, 0x64, 0x08, 0x64, 0x08, 0x64, 0x08, 0x64, 0x08,
  0x64, 0x08, 0x64, 0x08, 0x64, 0x08, 0x64, 0x08, 0x64, 0x08, 0x64, 0x08, 0x64, 0x08, 0x64, 0x08, 0x64, 0x08, 0x64, 0x08, 0x64, 0x08, 0x64, 0x08, 0x64, 0x08, 0x64, 0x08, 0x64, 0x08, 0x64, 0x08,
  0xa4, 0x10, 0x64, 0x08, 0x64, 0x08, 0x64, 0x08, 0x64, 0x08, 0x64, 0x08, 0x64, 0x08, 0x64, 0x08, 0x64, 0x08, 0x64, 0x08, 0x64, 0x08, 0x64, 0x08, 0x64, 0x08, 0x64, 0x08, 0x64, 0x08, 0x64, 0x08,
  0x64, 0x08, 0x64, 0x08, 0x64, 0x08, 0x64, 0x08, 0x64, 0x08, 0x64, 0x08, 0x64, 0x08, 0x64, 0x08, 0x64, 0x08, 0x64, 0x08, 0x64, 0x08, 0x64, 0x08, 0x64, 0x08, 0x64, 0x08, 0x64, 0x08, 0x64, 0x08,
  0xa4, 0x10, 0x64, 0x08, 0x64, 0x08, 0x64, 0x08, 0x64, 0x08, 0x64, 0x08, 0x64, 0x08, 0x64, 0x08, 0x64, 0x08, 0x64, 0x08, 0x64, 0x08, 0x64, 0x08, 0x64, 0x08, 0x64, 0x08, 0x64, 0x08, 0x64, 0x08,
  0x64, 0x08, 0x64, 0x08, 0x64, 0x08, 0x64, 0x08, 0x64, 0x08, 0x64, 0x08, 0x64, 0x08, 0x64, 0x08, 0x64, 0x08, 0x64, 0x08, 0x64, 0x08, 0x64, 0x08, 0x64, 0x08, 0x64, 0x08, 0x64, 0x08, 0x64, 0x08,
  0xa4, 0x10, 0x64, 0x08, 0x64, 0x08, 0x64, 0x08, 0x64, 0x08, 0x64, 0x08, 0x64, 0x08, 0x64, 0x08, 0x64, 0x08, 0x64, 0x08, 0x64, 0x08, 0x64, 0x08, 0x64, 0x08, 0x64, 0x08, 0x64, 0x08, 0x64, 0x08,
  0x64, 0x08, 0x64, 0x08, 0x64, 0x08, 0x64, 0x08, 0x64, 0x08, 0x64, 0x08, 0x64, 0x08, 0x64, 0x08, 0x64, 0x08, 0x64, 0x08, 0x64, 0x08, 0x64, 0x08, 0x64, 0x08, 0x64, 0x08, 0x64, 0x08, 0x64, 0x08,
  0xa4, 0x10, 0x64, 0x08, 0x64, 0x08, 0x64, 0x08, 0x64, 0x08, 0x64, 0x08, 0x64, 0x08, 0x64, 0x08, 0x64, 0x08, 0x64, 0x08, 0x64, 0x08, 0x64, 0x08, 0x64, 0x08, 0x64, 0x08, 0x64, 0x08, 0x64, 0x08,
  0x64, 0x08, 0x64, 0x08, 0x64, 0x08, 0x64, 0x08, 0x64, 0x08, 0x64, 0x08, 0x64, 0x08, 0x64, 0x08, 0x64, 0x08, 0x64, 0x08, 0x64, 0x08, 0x64, 0x08, 0x64, 0x08, 0x64, 0x08, 0x64, 0x08, 0x64, 0x08,
  0xa4, 0x10, 0x64, 0x08, 0x64, 0x08, 0x64, 0x08, 0x64, 0x08, 0x64, 0x08, 0x64, 0x08, 0x64, 0x08, 0x64, 0x08, 0x64, 0x08, 0x64, 0x08, 0x64, 0x08, 0x64, 0x08, 0x64, 0x08, 0x64, 0x08, 0x64, 0x08,
  0x64, 0x08, 0x64, 0x08, 0x64, 0x08, 0x64, 0x08, 0x64, 0x08, 0x64, 0x08, 0x64, 0x08, 0x64, 0x08, 0x64, 0x08, 0x64, 0x08, 0x64, 0x08, 0x64, 0x08, 0x64, 0x08, 0x64, 0x08, 0x64, 0x08, 0x64, 0x08,
  0xa4, 0x10, 0x64, 0x08, 0x64, 0x08, 0x64, 0x08, 0x64, 0x08, 0x64, 0x08, 0x64, 0x08, 0x64, 0x08, 0x64, 0x08, 0x64, 0x08, 0x64, 0x08, 0x64, 0x08, 0x64, 0x08, 0x64, 0x08, 0x64, 0x08, 0x64, 0x08,
  0x64, 0x08, 0x64, 0x08, 0x64, 0x08, 0x64, 0x08, 0x64, 0x08, 0x64, 0x08, 0x64, 0x08, 0x64, 0x08, 0x64, 0x08, 0x64, 0x08, 0x64, 0x08, 0x64, 0x08, 0x64, 0x08, 0x64, 0x08, 0x64, 0x08, 0x64, 0x08,
  0xa4, 0x10, 0x64, 0x08, 0x64, 0x08, 0x64, 0x08, 0x64, 0x08, 0x64, 0x08, 0x64, 0x08, 0x64, 0x08, 0x64, 0x08, 0x64, 0x08, 0x64, 0x08, 0x64, 0x08, 0x64, 0x08, 0x64, 0x08, 0x64, 0x08, 0x64, 0x08,
  0x64, 0x08, 0x64, 0x08, 0x64, 0x08, 0x64, 0x08, 0x64, 0x08, 0x64, 0x08, 0x64, 0x08, 0x64, 0x08, 0x64, 0x08, 0x64, 0x08, 0x64, 0x08, 0x64, 0x08, 0x64, 0x08, 0x64, 0x08, 0x64, 0x08, 0x64, 0x08,
  0xa4, 0x10, 0x64, 0x08, 0x64, 0x08, 0x64, 0x08, 0x64, 0x08, 0x64, 0x08, 0x64, 0x08, 0x64, 0x08, 0x64, 0x08, 0x64, 0x08, 0x64, 0x08, 0x64, 0x08, 0x64, 0x08, 0x64, 0x08, 0x64, 0x08, 0x64, 0x08,
  0x64, 0x08, 0x64, 0x08, 0x64, 0x08, 0x64, 0x08, 0x64, 0x08, 0x64, 0x08, 0x64, 0x08, 0x64, 0x08, 0x64, 0x08, 0x64, 0x08, 0x64, 0x08, 0x64, 0x08, 0x64, 0x08, 0x64, 0x08, 0x64, 0x08, 0x64, 0x08,
  0xa4, 0x10, 0x64, 0x08, 0x64, 0x08, 0x64, 0x08, 0x64, 0x08, 0x64, 0x08, 0x64, 0x08, 0x64, 0x08, 0x64, 0x08, 0x64, 0x08, 0x64, 0x08, 0x64, 0x08, 0x64, 0x08, 0x64, 0x08, 0x64, 0x08, 0x64, 0x08,
  0x64, 0x08, 0x64, 0x08, 0x64, 0x08, 0x64, 0x08, 0x64, 0x08, 0x64, 0x08, 0x64, 0x08, 0x64, 0x08, 0x64, 0x08, 0x64, 0x08, 0x64, 0x08, 0x64, 0x08, 0x64, 0x08, 0x64, 0x08, 0x64, 0x08, 0x64, 0x08,
  0xa4, 0x10, 0x64, 0x08, 0x64, 0x08, 0x64, 0x08, 0x64, 0x08, 0x64, 0x08, 0x64, 0x08, 0x64, 0x08, 0x64, 0x08, 0x64, 0x08, 0x64, 0x08, 0x64, 0x08, 0x64, 0x08, 0x64, 0x08, 0x64, 0x08, 0x64, 0x08,
  0x64, 0x08, 0x64, 0x08, 0x64, 0x08, 0x64, 0x08, 0x64, 0x08, 0x64, 0x08, 0x64, 0x08, 0x64, 0x08, 0x64, 0x08, 0x64, 0x08, 0x64, 0x08, 0x64, 0x08, 0x64, 0x08, 0x64, 0x08, 0x64, 0x08, 0x64, 0x08,
  0xa4, 0x10, 0x64, 0x08, 0x64, 0x08, 0x64, 0x08, 0x64, 0x08, 0x64, 0x08, 0x64, 0x08, 0x64, 0x08, 0x64, 0x08, 0x64, 0x08, 0x64, 0x08, 0x64, 0x08, 0x64, 0x08, 0x64, 0x08, 0x64, 0x08, 0x64, 0x08,
  0x64, 0x08, 0x64, 0x08, 0x64, 0x08, 0x64, 0x08, 0x64, 0x08, 0x64, 0x08, 0x64, 0x08, 0x64, 0x08, 0x64, 0x08, 0x64, 0x08, 0x64, 0x08, 0x64, 0x08, 0x64, 0x08, 0x64, 0x08, 0x64, 0x08, 0x64, 0x08,
  0xa4, 0x10, 0x64, 0x08, 0x64, 0x08, 0x64, 0x08, 0x64, 0x08, 0x64, 0x08, 0x64, 0x08, 0x64, 0x08, 0x64, 0x08, 0x64, 0x08, 0x64, 0x08, 0x64, 0x08, 0x64, 0x08, 0x64, 0x08, 0x64, 0x08, 0x64, 0x08,
  0x64, 0x08, 0x64, 0x08, 0x64, 0x08, 0x64, 0x08, 0x64, 0x08, 0x64, 0x08, 0x64, 0x08, 0x64, 0x08, 0x64, 0x08, 0x64, 0x08, 0x64, 0x08, 0x64, 0x08, 0x64, 0x08, 0x64, 0x08, 0x64, 0x08, 0x64, 0x08,
  0xa4, 0x10, 0x64, 0x08, 0x64, 0x08, 0x64, 0x08, 0x64, 0x08, 0x64, 0x08, 0x64, 0x08, 0x64, 0x08, 0x64, 0x08, 0x64, 0x08, 0x64, 0x08, 0x64, 0x08, 0x64, 0x08, 0x64, 0x08, 0x64, 0x08, 0x64, 0x08,
  0x64, 0x08, 0x64, 0x08, 0x64, 0x08, 0x64, 0x08, 0x64, 0x08, 0x64, 0x08, 0x64, 0x08, 0x64, 0x08, 0x64, 0x08, 0x64, 0x08, 0x64, 0x08, 0x64, 0x08, 0x64, 0x08, 0x64, 0x08, 0x64, 0x08, 0x64, 0x08,
  0xa4, 0x10, 0x64, 0x08, 0x64, 0x08, 0x64, 0x08, 0x64, 0x08, 0x64, 0x08, 0x64, 0x08, 0x64, 0x08, 0x64, 0x08, 0x64, 0x08, 0x64, 0x08, 0x64, 0x08, 0x64, 0x08, 0x64, 0x08, 0x64, 0x08, 0x64, 0x08,
  0x64, 0x08, 0x64, 0x08, 0x64, 0x08, 0x64, 0x08, 0x64, 0x08, 0x64, 0x08, 0x64, 0x08, 0x64, 0x08, 0x64, 0x08, 0x64, 0x08, 0x64, 0x08, 0x64, 0x08, 0x64, 0x08, 0x64, 0x08, 0x64, 0x08, 0x64, 0x08,
  0xa4, 0x10, 0x64, 0x08, 0x64, 0x08, 0x64, 0x08, 0x64, 0x08, 0x64, 0x08, 0x64, 0x08, 0x64, 0x08, 0x64, 0x08, 0x64, 0x08, 0x64, 0x08, 0x64, 0x08, 0x64, 0x08, 0x64, 0x08, 0x64, 0x08, 0x64, 0x08,
  0x64, 0x08, 0x64, 0x08, 0x64, 0x08, 0x64, 0x08, 0x64, 0x08, 0x64, 0x08, 0x64, 0x08, 0x64, 0x08, 0x64, 0x08, 0x64, 0x08, 0x64, 0x08, 0x64, 0x08, 0x64, 0x08, 0x64, 0x08, 0x64, 0x08, 0x64, 0x08,
  0xa4, 0x10, 0x64, 0x08, 0x64, 0x08, 0x64, 0x08, 0x64, 0x08, 0x64, 0x08, 0x64, 0x08, 0x64, 0x08, 0x64, 0x08, 0x64, 0x08, 0x64, 0x08, 0x64, 0x08, 0x64, 0x08, 0x64, 0x08, 0x64, 0x08, 0x64, 0x08,
  0x64, 0x08, 0x64, 0x08, 0x64, 0x08, 0x64, 0x08, 0x64, 0x08, 0x64, 0x08, 0x64, 0x08, 0x64, 0x08, 0x64, 0x08, 0x64, 0x08, 0x64, 0x08, 0x64, 0x08, 0x64, 0x08, 0x64, 0x08, 0x64, 0x08, 0x64, 0x08,
  0xa4, 0x10, 0x64, 0x08, 0x64, 0x08, 0x64, 0x08, 0x64, 0x08, 0x64, 0x08, 0x64, 0x08, 0x64, 0x08, 0x64, 0x08, 0x64, 0x08, 0x64, 0x08, 0x64, 0x08, 0x64, 0x08, 0x64, 0x08, 0x64, 0x08, 0x64, 0x08,
  0x64, 0x08, 0x64, 0x08, 0x64, 0x08, 0x64, 0x08, 0x64, 0x08, 0x64, 0x08, 0x64, 0x08, 0x64, 0x08, 0x64, 0x08, 0x64, 0x08, 0x64, 0x08, 0x64, 0x08, 0x64, 0x08, 0x64, 0x08, 0x64, 0x08, 0x64, 0x08,
  0xa4, 0x10, 0x64, 0x08, 0x64, 0x08, 0x64, 0x08, 0x64, 0x08, 0x64, 0x08, 0x64, 0x08, 0x64, 0x08, 0x64, 0x08, 0x64, 0x08, 0x64, 0x08, 0x64, 0x08, 0x64, 0x08, 0x64, 0x08, 0x64, 0x08, 0x64, 0x08,
  0x64, 0x08, 0x64, 0x08, 0x64, 0x08, 0x64, 0x08, 0x64, 0x08, 0x64, 0x08, 0x64, 0x08, 0x64, 0x08, 0x64, 0x08, 0x64, 0x08, 0x64, 0x08, 0x64, 0x08, 0x64, 0x08, 0x64, 0x08, 0x64, 0x08, 0x64, 0x08,
  0xa4, 0x10, 0x64, 0x08, 0x64, 0x08, 0x64, 0x08, 0x64, 0x08, 0x64, 0x08, 0x64, 0x08, 0x64, 0x08, 0x64, 0x08, 0x64, 0x08, 0x64, 0x08, 0x64, 0x08, 0x64, 0x08, 0x64, 0x08, 0x64, 0x08, 0x64, 0x08,
  0x64, 0x08, 0x64, 0x08, 0x64, 0x08, 0x64, 0x08, 0x64, 0x08, 0x64, 0x08, 0x64, 0x08, 0x64, 0x08, 0x64, 0x08, 0x64, 0x08, 0x64, 0x08, 0x64, 0x08, 0x64, 0x08, 0x64, 0x08, 0x64, 0x08, 0x64, 0x08,
  0xa4, 0x10, 0x64, 0x08, 0x64, 0x08, 0x64, 0x08, 0x64, 0x08, 0x64, 0x08, 0x64, 0x08, 0x64, 0x08, 0x64, 0x08, 0x64, 0x08, 0x64, 0x08, 0x64, 0x08, 0x64, 0x08, 0x64, 0x08, 0x64, 0x08, 0x64, 0x08,
  0x64, 0x08, 0x64, 0x08, 0x64, 0x08, 0x64, 0x08, 0x64, 0x08, 0x64, 0x08, 0x64, 0x08, 0x64, 0x08, 0x64, 0x08, 0x64, 0x08, 0x64, 0x08, 0x64, 0x08, 0x64, 0x08, 0x64, 0x08, 0x64, 0x08, 0x64, 0x08,
  0xa4, 0x10, 0x64, 0x08, 0x64, 0x08, 0x64, 0x08, 0x64, 0x08, 0x64, 0x08, 0x64, 0x08, 0x64, 0x08, 0x64, 0x08, 0x64, 0x08, 0x64, 0x08, 0x64, 0x08, 0x64, 0x08, 0x64, 0x08, 0x64, 0x08, 0x64, 0x08,
  0x64, 0x08, 0x64, 0x08, 0x64, 0x08, 0x64, 0x08, 0x64, 0x08, 0x64, 0x08, 0x64, 0x08, 0x64, 0x08, 0x64, 0x08, 0x64, 0x08, 0x64, 0x08, 0x64, 0x08, 0x64, 0x08, 0x64, 0x08, 0x64, 0x08, 0x64, 0x08,
  0xa4, 0x10, 0x64, 0x08, 0x64, 0x08, 0x64, 0x08, 0x64, 0x08, 0x64, 0x08, 0x64, 0x08, 0x64, 0x08, 0x64, 0x08, 0x64, 0x08, 0x64, 0x08, 0x64, 0x08, 0x64, 0x08, 0x64, 0x08, 0x64, 0x08, 0x64, 0x08,
  0x64, 0x08, 0x64, 0x08, 0x64, 0x08, 0x64, 0x08, 0x64, 0x08, 0x64, 0x08, 0x64, 0x08, 0x64, 0x08, 0x64, 0x08, 0x64, 0x08, 0x64, 0x08, 0x64, 0x08, 0x64, 0x08, 0x64, 0x08, 0x64, 0x08, 0x64, 0x08,
  0xa4, 0x10, 0x64, 0x08, 0x64, 0x08, 0x64, 0x08, 0x64, 0x08, 0x64, 0x08, 0x64, 0x08, 0x64, 0x08, 0x64, 0x08, 0x64, 0x08, 0x64, 0x08, 0x64, 0x08, 0x64, 0x08, 0x64, 0x08, 0x64, 0x08, 0x64, 0x08,
  0x64, 0x08, 0x64, 0x08, 0x64, 0x08, 0x64, 0x08, 0x64, 0x08, 0x64, 0x08, 0x64, 0x08, 0x64, 0x08, 0x64, 0x08, 0x64, 0x08, 0x64, 0x08, 0x64, 0x08, 0x64, 0x08, 0x64, 0x08, 0x64, 0x08, 0x64, 0x08,
  0xa4, 0x10, 0x64, 0x08, 0x64, 0x08, 0x64, 0x08, 0x64, 0x08, 0x64, 0x08, 0x64, 0x08, 0x64, 0x08, 0x64, 0x08, 0x64, 0x08, 0x64, 0x08, 0x64, 0x08, 0x64, 0x08, 0x64, 0x08, 0x64, 0x08, 0x64, 0x08,
  0x64, 0x08, 0x64, 0x08, 0x64, 0x08, 0x64, 0x08, 0x64, 0x08, 0x64, 0x08, 0x64, 0x08, 0x64, 0x08, 0x64, 0x08, 0x64, 0x08, 0x64, 0x08, 0x64, 0x08, 0x64, 0x08, 0x64, 0x08, 0x64, 0x08, 0x64, 0x08,
  0xa4, 0x10, 0x64, 0x08, 0x64, 0x08, 0x64, 0x08, 0x64, 0x08, 0x64, 0x08, 0x64, 0x08, 0x64, 0x08, 0x64, 0x08, 0x64, 0x08, 0x64, 0x08, 0x64, 0x08, 0x64, 0x08, 0x64, 0x08, 0x64, 0x08, 0x64, 0x08,
  0x64, 0x08, 0x64, 0x08, 0x64, 0x08, 0x64, 0x08, 0x64, 0x08, 0x64, 0x08, 0x64, 0x08, 0x64, 0x08, 0x64, 0x08, 0x64, 0x08, 0x64, 0x08, 0x64, 0x08, 0x64, 0x08, 0x64, 0x08, 0x64, 0x08, 0x64, 0x08,
  0xa4, 0x10, 0x64, 0x08, 0x64, 0x08, 0x64, 0x08, 0x64, 0x08, 0x64, 0x08, 0x64, 0x08, 0x64, 0x08, 0x64, 0x08, 0x64, 0x08, 0x64, 0x08, 0x64, 0x08, 0x64, 0x08, 0x64, 0x08, 0x64, 0x08, 0x64, 0x08,
  0x64, 0x08, 0x64, 0x08, 0x64, 0x08, 0x64, 0x08, 0x64, 0x08, 0x64, 0x08, 0x64, 0x08, 0x64, 0x08, 0x64, 0x08, 0x64, 0x08, 0x64, 0x08, 0x64, 0x08, 0x64, 0x08, 0x64, 0x08, 0x64, 0x08, 0x64, 0x08,
  0xa4, 0x10, 0x64, 0x08, 0x64, 0x08, 0x64, 0x08, 0x64, 0x08, 0x64, 0x08, 0x64, 0x08, 0x64, 0x08, 0x64, 0x08, 0x64, 0x08, 0x64, 0x08, 0x64, 0x08, 0x64, 0x08, 0x64, 0x08, 0x64, 0x08, 0x64, 0x08,
  0x64, 0x08, 0x64, 0x08, 0x64, 0x08, 0x64, 0x08, 0x64, 0x08, 0x64, 0x08, 0x64, 0x08, 0x64, 0x08, 0x64, 0x08, 0x64, 0x08, 0x64, 0x08, 0x64, 0x08, 0x64, 0x08, 0x64, 0x08, 0x64, 0x08, 0x64, 0x08,
  0xa4, 0x10, 0x64, 0x08, 0x64, 0x08, 0x64, 0x08, 0x64, 0x08, 0x64, 0x08, 0x64, 0x08, 0x64, 0x08, 0x64, 0x08, 0x64, 0x08, 0x64, 0x08, 0x64, 0x08, 0x64, 0x08, 0x64, 0x08, 0x64, 0x08, 0x64, 0x08,
  0x64, 0x08, 0x64, 0x08, 0x64, 0x08, 0x64, 0x08, 0x64, 0x08, 0x64, 0x08, 0x64, 0x08, 0x64, 0x08, 0x64, 0x08, 0x64, 0x08, 0x64, 0x08, 0x64, 0x08, 0x64, 0x08, 0x64, 0x08, 0x64, 0x08, 0x64, 0x08,
  0xa4, 0x10, 0x64, 0x08, 0x64, 0x08, 0x64, 0x08, 0x64, 0x08, 0x64, 0x08, 0x64, 0x08, 0x64, 0x08, 0x64, 0x08, 0x64, 0x08, 0x64, 0x08, 0x64, 0x08, 0x64, 0x08, 0x64, 0x08, 0x64, 0x08, 0x64, 0x08,
  0x64, 0x08, 0x64, 0x08, 0x64, 0x08, 0x64, 0x08, 0x64, 0x08, 0x64, 0x08, 0x64, 0x08, 0x64, 0x08, 0x64, 0x08, 0x64, 0x08, 0x64, 0x08, 0x64, 0x08, 0x64, 0x08, 0x64, 0x08, 0x64, 0x08, 0x64, 0x08,
  0xa4, 0x10, 0x64, 0x08, 0x64, 0x08, 0x64, 0x08, 0x64, 0x08, 0x64, 0x08, 0x64, 0x08, 0x64, 0x08, 0x64, 0x08, 0x64, 0x08, 0x64, 0x08, 0x64, 0x08, 0x64, 0x08, 0x64, 0x08, 0x64, 0x08, 0x64, 0x08,
  0x64, 0x08, 0x64, 0x08, 0x64, 0x08, 0x64, 0x08, 0x64, 0x08, 0x64, 0x08, 0x64, 0x08, 0x64, 0x08, 0x64, 0x08, 0x64, 0x08, 0x64, 0x08, 0x64, 0x08, 0x64, 0x08, 0x64, 0x08, 0x64, 0x08, 0x64, 0x08,
  0xa4, 0x10, 0x64, 0x08, 0x64, 0x08, 0x64, 0x08, 0x64, 0x08, 0x64, 0x08, 0x64, 0x08, 0x64, 0x08, 0x64, 0x08, 0x64, 0x08, 0x64, 0x08, 0x64, 0x08, 0x64, 0x08, 0x64, 0x08, 0x64, 0x08, 0x64, 0x08,
  0x64, 0x08, 0x64, 0x08, 0x64, 0x08, 0x64, 0x08, 0x64, 0x08, 0x64, 0x08, 0x64, 0x08, 0x64, 0x08, 0x64, 0x08, 0x64, 0x08, 0x64, 0x08, 0x64, 0x08, 0x64, 0x08, 0x64, 0x08, 0x64, 0x08, 0x64, 0x08,
  0xa4, 0x10, 0x64, 0x08, 0x64, 0x08, 0x64, 0x08, 0x64, 0x08, 0x64, 0x08, 0x64, 0x08, 0x64, 0x08, 0x64, 0x08, 0x64, 0x08, 0x64, 0x08, 0x64, 0x08, 0x64, 0x08, 0x64, 0x08, 0x64, 0x08, 0x64, 0x08,
  0x64, 0x08, 0x64, 0x08, 0x64, 0x08, 0x64, 0x08, 0x64, 0x08, 0x64, 0x08, 0x64, 0x08, 0x64, 0x08, 0x64, 0x08, 0x64, 0x08, 0x64, 0x08, 0x64, 0x08, 0x64, 0x08, 0x64, 0x08, 0x64, 0x08, 0x64, 0x08,
  0xa4, 0x10, 0x64, 0x08, 0x64, 0x08, 0x64, 0x08, 0x64, 0x08, 0x64, 0x08, 0x64, 0x08, 0x64, 0x08, 0x64, 0x08, 0x64, 0x08, 0x64, 0x08, 0x64, 0x08, 0x64, 0x08, 0x64, 0x08, 0x64, 0x08, 0x64, 0x08,
  0x64, 0x08, 0x64, 0x08, 0x64, 0x08, 0x64, 0x08, 0x64, 0x08, 0x64, 0x08, 0x64, 0x08, 0x64, 0x08, 0x64, 0x08, 0x64, 0x08, 0x64, 0x08, 0x64, 0x08, 0x64, 0x08, 0x64, 0x08, 0x64, 0x08, 0x64, 0x08,
  0xa4, 0x10, 0x64, 0x08, 0x64, 0x08, 0x64, 0x08, 0x64, 0x08, 0x64, 0x08, 0x64, 0x08, 0x64, 0x08, 0x64, 0x08, 0x64, 0x08, 0x64, 0x08, 0x64, 0x08, 0x64, 0x08, 0x64, 0x08, 0x64, 0x08, 0x64, 0x08,
  0x64, 0x08, 0x64, 0x08, 0x64, 0x08, 0x64, 0x08, 0x64, 0x08, 0x64, 0x08, 0x64, 0x08, 0x64, 0x08, 0x64, 0x08, 0x64, 0x08, 0x64, 0x08, 0x64, 0x08, 0x64, 0x08, 0x64, 0x08, 0x64, 0x08, 0x64, 0x08,
  0xa4, 0x10, 0x64, 0x08, 0x64, 0x08, 0x64, 0x08, 0x64, 0x08, 0x64, 0x08, 0x64, 0x08, 0x64, 0x08, 0x64, 0x08, 0x64, 0x08, 0x64, 0x08, 0x64, 0x08, 0x64, 0x08, 0x64, 0x08, 0x64, 0x08, 0x64, 0x08,
  0x64, 0x08, 0x64, 0x08, 0x64, 0x08, 0x64, 0x08, 0x64, 0x08, 0x64, 0x08, 0x64, 0x08, 0x64, 0x08, 0x64, 0x08, 0x64, 0x08, 0x64, 0x08, 0x64, 0x08, 0x64, 0x08, 0x64, 0x08, 0x64, 0x08, 0x64, 0x08,
  0xa4, 0x10, 0x64, 0x08, 0x64, 0x08, 0x64, 0x08, 0x64, 0x08, 0x64, 0x08, 0x64, 0x08, 0x64, 0x08, 0x64, 0x08, 0x64, 0x08, 0x64, 0x08, 0x64, 0x08, 0x64, 0x08, 0x64, 0x08, 0x64, 0x08, 0x64, 0x08,
  0x64, 0x08, 0x64, 0x08, 0x64, 0x08, 0x64, 0x08, 0x64, 0x08, 0x64, 0x08, 0x64, 0x08, 0x64, 0x08, 0x64, 0x08, 0x64, 0x08, 0x64, 0x08, 0x64, 0x08, 0x64, 0x08, 0x64, 0x08, 0x64, 0x08, 0x64, 0x08,
  0xa4, 0x10, 0x64, 0x08, 0x64, 0x08, 0x64, 0x08, 0x64, 0x08, 0x64, 0x08, 0x64, 0x08, 0x64, 0x08, 0x64, 0x08, 0x64, 0x08, 0x64, 0x08, 0x64, 0x08, 0x64, 0x08, 0x64, 0x08, 0x64, 0x08, 0x64, 0x08,
  0x64, 0x08, 0x64, 0x08, 0x64, 0x08, 0x64, 0x08, 0x64, 0x08, 0x64, 0x08, 0x64, 0x08, 0x64, 0x08, 0x64, 0x08, 0x64, 0x08, 0x64, 0x08, 0x64, 0x08, 0x64, 0x08, 0x64, 0x08, 0x64, 0x08, 0x64, 0x08,
  0xa4, 0x10, 0x64, 0x08, 0x64, 0x08, 0x64, 0x08, 0x64, 0x08, 0x64, 0x08, 0x64, 0x08, 0x64, 0x08, 0x64, 0x08, 0x64, 0x08, 0x64, 0x08, 0x64, 0x08, 0x64, 0x08, 0x64, 0x08, 0x64, 0x08, 0x64, 0x08,
  0x64, 0x08, 0x64, 0x08, 0x64, 0x08, 0x64, 0x08, 0x64, 0x08, 0x64, 0x08, 0x64, 0x08, 0x64, 0x08, 0x64, 0x08, 0x64, 0x08, 0x64, 0x08, 0x64, 0x08, 0x64, 0x08, 0x64, 0x08, 0x64, 0x08, 0x64, 0x08,
  0xa4, 0x10, 0x64, 0x08, 0x64, 0x08, 0x64, 0x08, 0x64, 0x08, 0x64, 0x08, 0x64, 0x08, 0x64, 0x08, 0x64, 0x08, 0x64, 0x08, 0x64, 0x08, 0x64, 0x08, 0x64, 0x08, 0x64, 0x08, 0x64, 0x08, 0x64, 0x08,
  0x64, 0x08, 0x64, 0x08, 0x64, 0x08, 0x64, 0x08, 0x64, 0x08, 0x64, 0x08, 0x64, 0x08, 0x64, 0x08, 0x64, 0x08, 0x64, 0x08, 0x64, 0x08, 0x64, 0x08, 0x64, 0x08, 0x64, 0x08, 0x64, 0x08, 0x64, 0x08,
  0xa4, 0x10, 0x64, 0x08, 0x64, 0x08, 0x64, 0x08, 0x64, 0x08, 0x64, 0x08, 0x64, 0x08, 0x64, 0x08, 0x64, 0x08, 0x64, 0x08, 0x64, 0x08, 0x64, 0x08, 0x64, 0x08, 0x64, 0x08, 0x64, 0x08, 0x64, 0x08,
  0x64, 0x08, 0x64, 0x08, 0x64, 0x08, 0x64, 0x08, 0x64, 0x08, 0x64, 0x08, 0x64, 0x08, 0x64, 0x08, 0x64, 0x08, 0x64, 0x08, 0x64, 0x08, 0x64, 0x08, 0x64, 0x08, 0x64, 0x08, 0x64, 0x08, 0x64, 0x08,
  0xa4, 0x10, 0x64, 0x08, 0x64, 0x08, 0x64, 0x08, 0x64, 0x08, 0x64, 0x08, 0x64, 0x08, 0x64, 0x08, 0x64, 0x08, 0x64, 0x08, 0x64, 0x08, 0x64, 0x08, 0x64, 0x08, 0x64, 0x08, 0x64, 0x08, 0x64, 0x08,
  0x64, 0x08, 0x64, 0x08, 0x64, 0x08, 0x64, 0x08, 0x64, 0x08, 0x64, 0x08, 0x64, 0x08, 0x64, 0x08, 0x64, 0x08, 0x64, 0x08, 0x64, 0x08, 0x64, 0x08, 0x64, 0x08, 0x64, 0x08, 0x64, 0x08, 0x64, 0x08,
  0xa4, 0x10, 0x64, 0x08, 0x64, 0x08, 0x64, 0x08, 0x64, 0x08, 0x64, 0x08, 0x64, 0x08, 0x64, 0x08, 0x64, 0x08, 0x64, 0x08, 0x64, 0x08, 0x64, 0x08, 0x64, 0x08, 0x64, 0x08, 0x64, 0x08, 0x64, 0x08,
  0x64, 0x08, 0x64, 0x08, 0x64, 0x08, 0x64, 0x08, 0x64, 0x08, 0x64, 0x08, 0x64, 0x08, 0x64, 0x08, 0x64, 0x08, 0x64, 0x08, 0x64, 0x08, 0x64, 0x08, 0x64, 0x08, 0x64, 0x08, 0x64, 0x08, 0x64, 0x08,
  0xa4, 0x10, 0x64, 0x08, 0x64, 0x08, 0x64, 0x08, 0x64, 0x08, 0x64, 0x08, 0x64, 0x08, 0x64, 0x08, 0x64, 0x08, 0x64, 0x08, 0x64, 0x08, 0x64, 0x08, 0x64, 0x08, 0x64, 0x08, 0x64, 0x08, 0x64, 0x08,
  0x64, 0x08, 0x64, 0x08, 0x64, 0x08, 0x64, 0x08, 0x64, 0x08, 0x64, 0x08, 0x64, 0x08, 0x64, 0x08, 0x64, 0x08, 0x64, 0x08, 0x64, 0x08, 0x64, 0x08, 0x64, 0x08, 0x64, 0x08, 0x64, 0x08, 0x64, 0x08,
  0xa4, 0x10, 0x64, 0x08, 0x64, 0x08, 0x64, 0x08, 0x64, 0x08, 0x64, 0x08, 0x64, 0x08, 0x64, 0x08, 0x64, 0x08, 0x64, 0x08, 0x64, 0x08, 0x64, 0x08, 0x64, 0x08, 0x64, 0x08, 0x64, 0x08, 0x64, 0x08,
  0x64, 0x08, 0x64, 0x08, 0x64, 0x08, 0x64, 0x08, 0x64, 0x08, 0x64, 0x08, 0x64, 0x08, 0x64, 0x08, 0x64, 0x08, 0x64, 0x08, 0x64, 0x08, 0x64, 0x08, 0x64, 0x08, 0x64, 0x08, 0x64, 0x08, 0x64, 0x08,
  0xa4, 0x10, 0x64, 0x08, 0x64, 0x08, 0x64, 0x08, 0x64, 0x08, 0x64, 0x08, 0x64, 0x08, 0x64, 0x08, 0x64, 0x08, 0x64, 0x08, 0x64, 0x08, 0x64, 0x08, 0x64, 0x08, 0x64, 0x08, 0x64, 0x08, 0x64, 0x08,
  0x64, 0x08, 0x64, 0x08, 0x64, 0x08, 0x64, 0x08, 0x64, 0x08, 0x64, 0x08, 0x64, 0x08, 0x64, 0x08, 0x64, 0x08, 0x64, 0x08, 0x64, 0x08, 0x64, 0x08, 0x64, 0x08, 0x64, 0x08, 0x64, 0x08, 0x64, 0x08,
  0xa4, 0x10, 0x64, 0x08, 0x64, 0x08, 0x64, 0x08, 0x64, 0x08, 0x64, 0x08, 0x64, 0x08, 0x64, 0x08, 0x64, 0x08, 0x64, 0x08, 0x64, 0x08, 0x64, 0x08, 0x64, 0x08, 0x64, 0x08, 0x64, 0x08, 0x64, 0x08,
  0x64, 0x08, 0x64, 0x08, 0x64, 0x08, 0x64, 0x08, 0x64, 0x08, 0x64, 0x08, 0x64, 0x08, 0x64, 0x08, 0x64, 0x08, 0x64, 0x08, 0x64, 0x08, 0x64, 0x08, 0x64, 0x08, 0x64, 0x08, 0x64, 0x08, 0x64, 0x08,
  0xa4, 0x10, 0x64, 0x08, 0x64, 0x08, 0x64, 0x08, 0x64, 0x08, 0x64, 0x08, 0x64, 0x08, 0x64, 0x08, 0x64, 0x08, 0x64, 0x08, 0x64, 0x08, 0x64, 0x08, 0x64, 0x08, 0x64, 0x08, 0x64, 0x08, 0x64, 0x08,
  0x64, 0x08, 0x64, 0x08, 0x64, 0x08, 0x64, 0x08, 0x64, 0x08, 0x64, 0x08, 0x64, 0x08, 0x64, 0x08, 0x64, 0x08, 0x64, 0x08, 0x64, 0x08, 0x64, 0x08, 0x64, 0x08, 0x64, 0x08, 0x64, 0x08, 0x64, 0x08,
  0xa4, 0x10, 0x64, 0x08, 0x64, 0x08, 0x64, 0x08, 0x64, 0x08, 0x64, 0x08, 0x64, 0x08, 0x64, 0x08, 0x64, 0x08, 0x64, 0x08, 0x64, 0x08, 0x64, 0x08, 0x64, 0x08, 0x64, 0x08, 0x64, 0x08, 0x64, 0x08,
  0x64, 0x08, 0x64, 0x08, 0x64, 0x08, 0x64, 0x08, 0x64, 0x08, 0x64, 0x08, 0x64, 0x08, 0x64, 0x08, 0x64, 0x08, 0x64, 0x08, 0x64, 0x08, 0x64, 0x08, 0x64, 0x08, 0x64, 0x08, 0x64, 0x08, 0x64, 0x08,
  0xa4, 0x10, 0x64, 0x08, 0x64, 0x08, 0x64, 0x08, 0x64, 0x08, 0x64, 0x08, 0x64, 0x08, 0x64, 0x08, 0x64, 0x08, 0x64, 0x08, 0x64, 0x08, 0x64, 0x08, 0x64, 0x08, 0x64, 0x08, 0x64, 0x08, 0x64, 0x08,
  0x64, 0x08, 0x64, 0x08, 0x64, 0x08, 0x64, 0x08, 0x64, 0x08, 0x64, 0x08, 0x64, 0x08, 0x64, 0x08, 0x64, 0x08, 0x64, 0x08, 0x64, 0x08, 0x64, 0x08, 0x64, 0x08, 0x64, 0x08, 0x64, 0x08, 0x64, 0x08,
  0xa4, 0x10, 0x64, 0x08, 0x64, 0x08, 0x64, 0x08, 0x64, 0x08, 0x64, 0x08, 0x64, 0x08, 0x64, 0x08, 0x64, 0x08, 0x64, 0x08, 0x64, 0x08, 0x64, 0x08, 0x64, 0x08, 0x64, 0x08, 0x64, 0x08, 0x64, 0x08,
  0x64, 0x08, 0x64, 0x08, 0x64, 0x08, 0x64, 0x08, 0x64, 0x08, 0x64, 0x08, 0x64, 0x08, 0x64, 0x08, 0x64, 0x08, 0x64, 0x08, 0x64, 0x08, 0x64, 0x08, 0x64, 0x08, 0x64, 0x08, 0x64, 0x08, 0x64, 0x08,
  0xa4, 0x10, 0x64, 0x08, 0x64, 0x08, 0x64, 0x08, 0x64, 0x08, 0x64, 0x08, 0x64, 0x08, 0x64, 0x08, 0x64, 0x08, 0x64, 0x08, 0x64, 0x08, 0x64, 0x08, 0x64, 0x08, 0x64, 0x08, 0x64, 0x08, 0x64, 0x08,
  0x64, 0x08, 0x64, 0x08, 0x64, 0x08, 0x64, 0x08, 0x64, 0x08, 0x64, 0x08, 0x64, 0x08, 0x64, 0x08, 0x64, 0x08, 0x64, 0x08, 0x64, 0x08, 0x64, 0x08, 0x64, 0x08, 0x64, 0x08, 0x64, 0x08, 0x64, 0x08,
  0xa4, 0x10, 0x64, 0x08, 0x64, 0x08, 0x64, 0x08, 0x64, 0x08, 0x64, 0x08, 0x64, 0x08, 0x64, 0x08, 0x64, 0x08, 0x64, 0x08, 0x64, 0x08, 0x64, 0x08, 0x64, 0x08, 0x64, 0x08, 0x64, 0x08, 0x64, 0x08,
  0x64, 0x08, 0x64, 0x08, 0x64, 0x08, 0x64, 0x08, 0x64, 0x08, 0x64, 0x08, 0x64, 0x08, 0x64, 0x08, 0x64, 0x08, 0x64, 0x08, 0x64, 0x08, 0x64, 0x08, 0x64, 0x08, 0x64, 0x08, 0x64, 0x08, 0x64, 0x08,
  0xa4, 0x10, 0x64, 0x08, 0x64, 0x08, 0x64, 0x08, 0x64, 0x08, 0x64, 0x08, 0x64, 0x08, 0x64, 0x08, 0x64, 0x08, 0x64, 0x08, 0x64, 0x08, 0x64, 0x08, 0x64, 0x08, 0x64, 0x08, 0x64, 0x08, 0x64, 0x08,
  0x64, 0x08, 0x64, 0x08, 0x64, 0x08, 0x64, 0x08, 0x64, 0x08, 0x64, 0x08, 0x64, 0x08, 0x64, 0x08, 0x64, 0x08, 0x64, 0x08, 0x64, 0x08, 0x64, 0x08, 0x64, 0x08, 0x64, 0x08, 0x64, 0x08, 0x64, 0x08,
  0xa4, 0x10, 0x64, 0x08, 0x64, 0x08, 0x64, 0x08, 0x64, 0x08, 0x64, 0x08, 0x64, 0x08, 0x64, 0x08, 0x64, 0x08, 0x64, 0x08, 0x64, 0x08, 0x64, 0x08, 0x64, 0x08, 0x64, 0x08, 0x64, 0x08, 0x64, 0x08,
  0x64, 0x08, 0x64, 0x08, 0x64, 0x08, 0x64, 0x08, 0x64, 0x08, 0x64, 0x08, 0x64, 0x08, 0x64, 0x08, 0x64, 0x08, 0x64, 0x08, 0x64, 0x08, 0x64, 0x08, 0x64, 0x08, 0x64, 0x08, 0x64, 0x08, 0x64, 0x08,
  0xa4, 0x10, 0x64, 0x08, 0x64, 0x08, 0x64, 0x08, 0x64, 0x08, 0x64, 0x08, 0x64, 0x08, 0x64, 0x08, 0x64, 0x08, 0x64, 0x08, 0x64, 0x08, 0x64, 0x08, 0x64, 0x08, 0x64, 0x08, 0x64, 0x08, 0x64, 0x08,
  0x64, 0x08, 0x64, 0x08, 0x64, 0x08, 0x64, 0x08, 0x64, 0x08, 0x64, 0x08, 0x64, 0x08, 0x64, 0x08, 0x64, 0x08, 0x64, 0x08, 0x64, 0x08, 0x64, 0x08, 0x64, 0x08, 0x64, 0x08, 0x64, 0x08, 0x64, 0x08,
  0xa4, 0x10, 0x64, 0x08, 0x64, 0x08, 0x64, 0x08, 0x64, 0x08, 0x64, 0x08, 0x64, 0x08, 0x64, 0x08, 0x64, 0x08, 0x64, 0x08, 0x64, 0x08, 0x64, 0x08, 0x64, 0x08, 0x64, 0x08, 0x64, 0x08, 0x64, 0x08,
  0x64, 0x08, 0x64, 0x08, 0x64, 0x08, 0x64, 0x08, 0x64, 0x08, 0x64, 0x08, 0x64, 0x08, 0x64, 0x08, 0x64, 0x08, 0x64, 0x08, 0x64, 0x08, 0x64, 0x08, 0x64, 0x08, 0x64, 0x08, 0x64, 0x08, 0x64, 0x08,
  0xa4, 0x10, 0x64, 0x08, 0x64, 0x08, 0x64, 0x08, 0x64, 0x08, 0x64, 0x08, 0x64, 0x08, 0x64, 0x08, 0x64, 0x08, 0x64, 0x08, 0x64, 0x08, 0x64, 0x08, 0x64, 0x08, 0x64, 0x08, 0x64, 0x08, 0x64, 0x08,
  0x64, 0x08, 0x64, 0x08, 0x64, 0x08, 0x64, 0x08, 0x64, 0x08, 0x64, 0x08, 0x64, 0x08, 0x64, 0x08, 0x64, 0x08, 0x64, 0x08, 0x64, 0x08, 0x64, 0x08, 0x64, 0x08, 0x64, 0x08, 0x64, 0x08, 0x64, 0x08,
  0xa4, 0x10, 0x64, 0x08, 0x64, 0x08, 0x64, 0x08, 0x64, 0x08, 0x64, 0x08, 0x64, 0x08, 0x64, 0x08, 0x64, 0x08, 0x64, 0x08, 0x64, 0x08, 0x64, 0x08, 0x64, 0x08, 0x64, 0x08, 0x64, 0x08, 0x64, 0x08,
  0x64, 0x08, 0x64, 0x08, 0x64, 0x08, 0x64, 0x08, 0x64, 0x08, 0x64, 0x08, 0x64, 0x08, 0x64, 0x08, 0x64, 0x08, 0x64, 0x08, 0x64, 0x08, 0x64, 0x08, 0x64, 0x08, 0x64, 0x08, 0x64, 0x08, 0x64, 0x08,
  0xa4, 0x10, 0x64, 0x08, 0x64, 0x08, 0x64, 0x08, 0x64, 0x08, 0x64, 0x08, 0x64, 0x08, 0x64, 0x08, 0x64, 0x08, 0x64, 0x08, 0x64, 0x08, 0x64, 0x08, 0x64, 0x08, 0x64, 0x08, 0x64, 0x08, 0x64, 0x08,
  0x64, 0x08, 0x64, 0x08, 0x64, 0x08, 0x64, 0x08, 0x64, 0x08, 0x64, 0x08, 0x64, 0x08, 0x64, 0x08, 0x64, 0x08, 0x64, 0x08, 0x64, 0x08, 0x64, 0x08, 0x64, 0x08, 0x64, 0x08, 0x64, 0x08, 0x64, 0x08,
  0xa4, 0x10, 0x64, 0x08, 0x64, 0x08, 0x64, 0x08, 0x64, 0x08, 0x64, 0x08, 0x64, 0x08, 0x64, 0x08, 0x64, 0x08, 0x64, 0x08, 0x64, 0x08, 0x64, 0x08, 0x64, 0x08, 0x64, 0x08, 0x64, 0x08, 0x64, 0x08,
  0x64, 0x08, 0x64, 0x08, 0x64, 0x08, 0x64, 0x08, 0x64, 0x08, 0x64, 0x08, 0x64, 0x08, 0x64, 0x08, 0x64, 0x08, 0x64, 0x08, 0x64, 0x08, 0x64, 0x08, 0x64, 0x08, 0x64, 0x08, 0x64, 0x08, 0x64, 0x08,
  0xa4, 0x10, 0x64, 0x08, 0x64, 0x08, 0x64, 0x08, 0x64, 0x08, 0x64, 0x08, 0x64, 0x08, 0x64, 0x08, 0x64, 0x08, 0x64, 0x08, 0x64, 0x08, 0x64, 0x08, 0x64, 0x08, 0x64, 0x08, 0x64, 0x08, 0x64, 0x08,
  0x64, 0x08, 0x64, 0x08, 0x64, 0x08, 0x64, 0x08, 0x64, 0x08, 0x64, 0x08, 0x64, 0x08, 0x64, 0x08, 0x64, 0x08, 0x64, 0x08, 0x64, 0x08, 0x64, 0x08, 0x64, 0x08, 0x64, 0x08, 0x64, 0x08, 0x64, 0x08,
  0xa4, 0x10, 0x64, 0x08, 0x64, 0x08, 0x64, 0x08, 0x64, 0x08, 0x64, 0x08, 0x64, 0x08, 0x64, 0x08, 0x64, 0x08, 0x64, 0x08, 0x64, 0x08, 0x64, 0x08, 0x64, 0x08, 0x64, 0x08, 0x64, 0x08, 0x64, 0x08,
  0x64, 0x08, 0x64, 0x08, 0x64, 0x08, 0x64, 0x08, 0x64, 0x08, 0x64, 0x08, 0x64, 0x08, 0x64, 0x08, 0x64, 0x08, 0x64, 0x08, 0x64, 0x08, 0x64, 0x08, 0x64, 0x08, 0x64, 0x08, 0x64, 0x08, 0x64, 0x08,
  0xa4, 0x10, 0x64, 0x08, 0x64, 0x08, 0x64, 0x08, 0x64, 0x08, 0x64, 0x08, 0x64, 0x08, 0x64, 0x08, 0x64, 0x08, 0x64, 0x08, 0x64, 0x08, 0x64, 0x08, 0x64, 0x08, 0x64, 0x08, 0x64, 0x08, 0x64, 0x08,
  0x64, 0x08, 0x64, 0x08, 0x64, 0x08, 0x64, 0x08, 0x64, 0x08, 0x64, 0x08, 0x64, 0x08, 0x64, 0x08, 0x64, 0x08, 0x64, 0x08, 0x64, 0x08, 0x64, 0x08, 0x64, 0x08, 0x64, 0x08, 0x64, 0x08, 0x64, 0x08,
  0xa4, 0x10, 0x64, 0x08, 0x64, 0x08, 0x64, 0x08, 0x64, 0x08, 0x64, 0x08, 0x64, 0x08, 0x64, 0x08, 0x64, 0x08, 0x64, 0x08, 0x64, 0x08, 0x64, 0x08, 0x64, 0x08, 0x64, 0x08, 0x64, 0x08, 0x64, 0x08,
  0x64, 0x08, 0x64, 0x08, 0x64, 0x08, 0x64, 0x08, 0x64, 0x08, 0x64, 0x08, 0x64, 0x08, 0x64, 0x08, 0x64, 0x08, 0x64, 0x08, 0x64, 0x08, 0x64, 0x08, 0x64, 0x08, 0x64, 0x08, 0x64, 0x08, 0x64, 0x08,
  0xa4, 0x10, 0x64, 0x08, 0x64, 0x08, 0x64, 0x08, 0x64, 0x08, 0x64, 0x08, 0x64, 0x08, 0x64, 0x08, 0x64, 0x08, 0x64, 0x08, 0x64, 0x08, 0x64, 0x08, 0x64, 0x08, 0x64, 0x08, 0x64, 0x08, 0x64, 0x08,
  0x64, 0x08, 0x64, 0x08, 0x64, 0x08, 0x64, 0x08, 0x64, 0x08, 0x64, 0x08, 0x64, 0x08, 0x64, 0x08, 0x64, 0x08, 0x64, 0x08, 0x64, 0x08, 0x64, 0x08, 0x64, 0x08, 0x64, 0x08, 0x64, 0x08, 0x64, 0x08,
  0xa4, 0x10, 0x64, 0x08, 0x64, 0x08, 0x64, 0x08, 0x64, 0x08, 0x64, 0x08, 0x64, 0x08, 0x64, 0x08, 0x64, 0x08, 0x64, 0x08, 0x64, 0x08, 0x64, 0x08, 0x64, 0x08, 0x64, 0x08, 0x64, 0x08, 0x64, 0x08,
  0x64, 0x08, 0x64, 0x08, 0x64, 0x08, 0x64, 0x08, 0x64, 0x08, 0x64, 0x08, 0x64, 0x08, 0x64, 0x08, 0x64, 0x08, 0x64, 0x08, 0x64, 0x08, 0x64, 0x08, 0x64, 0x08, 0x64, 0x08, 0x64, 0x08, 0x64, 0x08,
  0xa4, 0x10, 0x64, 0x08, 0x64, 0x08, 0x64, 0x08, 0x64, 0x08, 0x64, 0x08, 0x64, 0x08, 0x64, 0x08, 0x64, 0x08, 0x64, 0x08, 0x64, 0x08, 0x64, 0x08, 0x64, 0x08, 0x64, 0x08, 0x64, 0x08, 0x64, 0x08,
  0x64, 0x08, 0x64, 0x08, 0x64, 0x08, 0x64, 0x08, 0x64, 0x08, 0x64, 0x08, 0x64, 0x08, 0x64, 0x08, 0x64, 0x08, 0x64, 0x08, 0x64, 0x08, 0x64, 0x08, 0x64, 0x08, 0x64, 0x08, 0x64, 0x08, 0x64, 0x08,
  0xa4, 0x10, 0x64, 0x08, 0x64, 0x08, 0x64, 0x08, 0x64, 0x08, 0x64, 0x08, 0x64, 0x08, 0x64, 0x08, 0x64, 0x08, 0x64, 0x08, 0x64, 0x08, 0x64, 0x08, 0x64, 0x08, 0x64, 0x08, 0x64, 0x08, 0x64, 0x08,
  0x64, 0x08, 0x64, 0x08, 0x64, 0x08, 0x64, 0x08, 0x64, 0x08, 0x64, 0x08, 0x64, 0x08, 0x64, 0x08, 0x64, 0x08, 0x64, 0x08, 0x64, 0x08, 0x64, 0x08, 0x64, 0x08, 0x64, 0x08, 0x64, 0x08, 0x64, 0x08,
  0xa4, 0x10, 0x64, 0x08, 0x64, 0x08, 0x64, 0x08, 0x64, 0x08, 0x64, 0x08, 0x64, 0x08, 0x64, 0x08, 0x64, 0x08, 0x64, 0x08, 0x64, 0x08, 0x64, 0x08, 0x64, 0x08, 0x64, 0x08, 0x64, 0x08, 0x64, 0x08,
  0x64, 0x08, 0x64, 0x08, 0x64, 0x08, 0x64, 0x08, 0x64, 0x08, 0x64, 0x08, 0x64, 0x08, 0x64, 0x08, 0x64, 0x08, 0x64, 0x08, 0x64, 0x08, 0x64, 0x08, 0x64, 0x08, 0x64, 0x08, 0x64, 0x08, 0x64, 0x08,
  0xa4, 0x10, 0x64, 0x08, 0x64, 0x08, 0x64, 0x08, 0x64, 0x08, 0x64, 0x08, 0x64, 0x08, 0x64, 0x08, 0x64, 0x08, 0x64, 0x08, 0x64, 0x08, 0x64, 0x08, 0x64, 0x08, 0x64, 0x08, 0x64, 0x08, 0x64, 0x08,
  0x64, 0x08, 0x64, 0x08, 0x64, 0x08, 0x64, 0x08, 0x64, 0x08, 0x64, 0x08, 0x64, 0x08, 0x64, 0x08, 0x64, 0x08, 0x64, 0x08, 0x64, 0x08, 0x64, 0x08, 0x64, 0x08, 0x64, 0x08, 0x64, 0x08, 0x64, 0x08,
  0xa4, 0x10, 0x64, 0x08, 0x64, 0x08, 0x64, 0x08, 0x64, 0x08, 0x64, 0x08, 0x64, 0x08, 0x64, 0x08, 0x64, 0x08, 0x64, 0x08, 0x64, 0x08, 0x64, 0x08, 0x64, 0x08, 0x64, 0x08, 0x64, 0x08, 0x64, 0x08,
  0x64, 0x08, 0x64, 0x08, 0x64, 0x08, 0x64, 0x08, 0x64, 0x08, 0x64, 0x08, 0x64, 0x08, 0x64, 0x08, 0x64, 0x08, 0x64, 0x08, 0x64, 0x08, 0x64, 0x08, 0x64, 0x08, 0x64, 0x08, 0x64, 0x08, 0x64, 0x08,
  0xa4, 0x10, 0x64, 0x08, 0x64, 0x08, 0x64, 0x08, 0x64, 0x08, 0x64, 0x08, 0x64, 0x08, 0x64, 0x08, 0x64, 0x08, 0x64, 0x08, 0x64, 0x08, 0x64, 0x08, 0x64, 0x08, 0x64, 0x08, 0x64, 0x08, 0x64, 0x08,
  0x64, 0x08, 0x64, 0x08, 0x64, 0x08, 0x64, 0x08, 0x64, 0x08, 0x64, 0x08, 0x64, 0x08, 0x64, 0x08, 0x64, 0x08, 0x64, 0x08, 0x64, 0x08, 0x64, 0x08, 0x64, 0x08, 0x64, 0x08, 0x64, 0x08, 0x64, 0x08,
  0xa4, 0x10, 0x64, 0x08, 0x64, 0x08, 0x64, 0x08, 0x64, 0x08, 0x64, 0x08, 0x64, 0x08, 0x64, 0x08, 0x64, 0x08, 0x64, 0x08, 0x64, 0x08, 0x64, 0x08, 0x64, 0x08, 0x64, 0x08, 0x64, 0x08, 0x64, 0x08,
  0x64, 0x08, 0x64, 0x08, 0x64, 0x08, 0x64, 0x08, 0x64, 0x08, 0x64, 0x08, 0x64, 0x08, 0x64, 0x08, 0x64, 0x08, 0x64, 0x08, 0x64, 0x08, 0x64, 0x08, 0x64, 0x08, 0x64, 0x08, 0x64, 0x08, 0x64, 0x08,
  0xa4, 0x10, 0x64, 0x08, 0x64, 0x08, 0x64, 0x08, 0x64, 0x08, 0x64, 0x08, 0x64, 0x08, 0x64, 0x08, 0x64, 0x08, 0x64, 0x08, 0x64, 0x08, 0x64, 0x08, 0x64, 0x08, 0x64, 0x08, 0x64, 0x08, 0x64, 0x08,
  0x64, 0x08, 0x64, 0x08, 0x64, 0x08, 0x64, 0x08, 0x64, 0x08, 0x64, 0x08, 0x64, 0x08, 0x64, 0x08, 0x64, 0x08, 0x64, 0x08, 0x64, 0x08, 0x64, 0x08, 0x64, 0x08, 0x64, 0x08, 0x64, 0x08, 0x64, 0x08,
  0xa4, 0x10, 0x64, 0x08, 0x64, 0x08, 0x64, 0x08, 0x64, 0x08, 0x64, 0x08, 0x64, 0x08, 0x64, 0x08, 0x64, 0x08, 0x64, 0x08, 0x64, 0x08, 0x64, 0x08, 0x64, 0x08, 0x64, 0x08, 0x64, 0x08, 0x64, 0x08,
  0x64, 0x08, 0x64, 0x08, 0x64, 0x08, 0x64, 0x08, 0x64, 0x08, 0x64, 0x08, 0x64, 0x08, 0x64, 0x08, 0x64, 0x08, 0x64, 0x08, 0x64, 0x08, 0x64, 0x08, 0x64, 0x08, 0x64, 0x08, 0x64, 0x08, 0x64, 0x08,
  0xa4, 0x10, 0x64, 0x08, 0x64, 0x08, 0x64, 0x08, 0x64, 0x08, 0x64, 0x08, 0x64, 0x08, 0x64, 0x08, 0x64, 0x08, 0x64, 0x08, 0x64, 0x08, 0x64, 0x08, 0x64, 0x08, 0x64, 0x08, 0x64, 0x08, 0x64, 0x08,
  0x64, 0x08, 0x64, 0x08, 0x64, 0x08, 0x64, 0x08, 0x64, 0x08, 0x64, 0x08, 0x64, 0x08, 0x64, 0x08, 0x64, 0x08, 0x64, 0x08, 0x64, 0x08, 0x64, 0x08, 0x64, 0x08, 0x64, 0x08, 0x64, 0x08, 0x64, 0x08,
  0xa4, 0x10, 0x64, 0x08, 0x64, 0x08, 0x64, 0x08, 0x64, 0x08, 0x64, 0x08, 0x64, 0x08, 0x64, 0x08, 0x64, 0x08, 0x64, 0x08, 0x64, 0x08, 0x64, 0x08, 0x64, 0x08, 0x64, 0x08, 0x64, 0x08, 0x64, 0x08,
  0x64, 0x08, 0x64, 0x08, 0x64, 0x08, 0x64, 0x08, 0x64, 0x08, 0x64, 0x08, 0x64, 0x08, 0x64, 0x08, 0x64, 0x08, 0x64, 0x08, 0x64, 0x08, 0x64, 0x08, 0x64, 0x08, 0x64, 0x08, 0x64, 0x08, 0x64, 0x08,
  0xa4, 0x10, 0x64, 0x08, 0x64, 0x08, 0x64, 0x08, 0x64, 0x08, 0x64, 0x08, 0x64, 0x08, 0x64, 0x08, 0x64, 0x08, 0x64, 0x08, 0x64, 0x08, 0x64, 0x08, 0x64, 0x08, 0x64, 0x08, 0x64, 0x08, 0x64, 0x08,
  0x64, 0x08, 0x64, 0x08, 0x64, 0x08, 0x64, 0x08, 0x64, 0x08, 0x64, 0x08, 0x64, 0x08, 0x64, 0x08, 0x64, 0x08, 0x64, 0x08, 0x64, 0x08, 0x64, 0x08, 0x64, 0x08, 0x64, 0x08, 0x64, 0x08, 0x64, 0x08,
  0xa4, 0x10, 0x64, 0x08, 0x64, 0x08, 0x64, 0x08, 0x64, 0x08, 0x64, 0x08, 0x64, 0x08, 0x64, 0x08, 0x64, 0x08, 0x64, 0x08, 0x64, 0x08, 0x64, 0x08, 0x64, 0x08, 0x64, 0x08, 0x64, 0x08, 0x64, 0x08,
  0x64, 0x08, 0x64, 0x08, 0x64, 0x08, 0x64, 0x08, 0x64, 0x08, 0x64, 0x08, 0x64, 0x08, 0x64, 0x08, 0x64, 0x08, 0x64, 0x08, 0x64, 0x08, 0x64, 0x08, 0x64, 0x08, 0x64, 0x08, 0x64, 0x08, 0x64, 0x08,
  0xa4, 0x10, 0x63, 0x08, 0x63, 0x08, 0x63, 0x08, 0x63, 0x08, 0x63, 0x08, 0x63, 0x08, 0x63, 0x08, 0x63, 0x08, 0x63, 0x08, 0x63, 0x08, 0x63, 0x08, 0x63, 0x08, 0x63, 0x08, 0x63, 0x08, 0x63, 0x08,
  0x63, 0x08, 0x63, 0x08, 0x63, 0x08, 0x63, 0x08, 0x63, 0x08, 0x63, 0x08, 0x63, 0x08, 0x63, 0x08, 0x63, 0x08, 0x63, 0x08, 0x63, 0x08, 0x63, 0x08, 0x63, 0x08, 0x63, 0x08, 0x63, 0x08, 0x63, 0x08,
  0xa4, 0x10, 0x63, 0x08, 0x63, 0x08, 0x63, 0x08, 0x63, 0x08, 0x63, 0x08, 0x63, 0x08, 0x63, 0x08, 0x63, 0x08, 0x63, 0x08, 0x63, 0x08, 0x63, 0x08, 0x63, 0x08, 0x63, 0x08, 0x63, 0x08, 0x63, 0x08,
  0x63, 0x08, 0x63, 0x08, 0x63, 0x08, 0x63, 0x08, 0x63, 0x08, 0x63, 0x08, 0x63, 0x08, 0x63, 0x08, 0x63, 0x08, 0x63, 0x08, 0x63, 0x08, 0x63, 0x08, 0x63, 0x08, 0x63, 0x08, 0x63, 0x08, 0x63, 0x08,
  0xa4, 0x10, 0x63, 0x08, 0x63, 0x08, 0x63, 0x08, 0x63, 0x08, 0x63, 0x08, 0x63, 0x08, 0x63, 0x08, 0x63, 0x08, 0x63, 0x08, 0x63, 0x08, 0x63, 0x08, 0x63, 0x08, 0x63, 0x08, 0x63, 0x08, 0x63, 0x08,
  0x63, 0x08, 0x63, 0x08, 0x63, 0x08, 0x63, 0x08, 0x63, 0x08, 0x63, 0x08, 0x63, 0x08, 0x63, 0x08, 0x63, 0x08, 0x63, 0x08, 0x63, 0x08, 0x63, 0x08, 0x63, 0x08, 0x63, 0x08, 0x63, 0x08, 0x63, 0x08,
  0xa4, 0x10, 0x63, 0x08, 0x63, 0x08, 0x63, 0x08, 0x63, 0x08, 0x63, 0x08, 0x63, 0x08, 0x63, 0x08, 0x63, 0x08, 0x63, 0x08, 0x63, 0x08, 0x63, 0x08, 0x63, 0x08, 0x63, 0x08, 0x63, 0x08, 0x63, 0x08,
  0x63, 0x08, 0x63, 0x08, 0x63, 0x08, 0x63, 0x08, 0x63, 0x08, 0x63, 0x08, 0x63, 0x08, 0x63, 0x08, 0x63, 0x08, 0x63, 0x08, 0x63, 0x08, 0x63, 0x08, 0x63, 0x08, 0x63, 0x08, 0x63, 0x08, 0x63, 0x08,
  0xa4, 0x10, 0x63, 0x08, 0x63, 0x08, 0x63, 0x08, 0x63, 0x08, 0x63, 0x08, 0x63, 0x08, 0x63, 0x08, 0x63, 0x08, 0x63, 0x08, 0x63, 0x08, 0x63, 0x08, 0x63, 0x08, 0x63, 0x08, 0x63, 0x08, 0x63, 0x08,
  0x63, 0x08, 0x63, 0x08, 0x63, 0x08, 0x63, 0x08, 0x63, 0x08, 0x63, 0x08, 0x63, 0x08, 0x63, 0x08, 0x63, 0x08, 0x63, 0x08, 0x63, 0x08, 0x63, 0x08, 0x63, 0x08, 0x63, 0x08, 0x63, 0x08, 0x63, 0x08,
  0xa4, 0x10, 0x63, 0x08, 0x63, 0x08, 0x63, 0x08, 0x63, 0x08, 0x63, 0x08, 0x63, 0x08, 0x63, 0x08, 0x63, 0x08, 0x63, 0x08, 0x63, 0x08, 0x63, 0x08, 0x63, 0x08, 0x63, 0x08, 0x63, 0x08, 0x63, 0x08,
  0x63, 0x08, 0x63, 0x08, 0x63, 0x08, 0x63, 0x08, 0x63, 0x08, 0x63, 0x08, 0x63, 0x08, 0x63, 0x08, 0x63, 0x08, 0x63, 0x08, 0x63, 0x08, 0x63, 0x08, 0x63, 0x08, 0x63, 0x08, 0x63, 0x08, 0x63, 0x08,
  0xa4, 0x10, 0x63, 0x08, 0x63, 0x08, 0x63, 0x08, 0x63, 0x08, 0x63, 0x08, 0x63, 0x08, 0x63, 0x08, 0x63, 0x08, 0x63, 0x08, 0x63, 0x08, 0x63, 0x08, 0x63, 0x08, 0x63, 0x08, 0x63, 0x08, 0x63, 0x08,
  0x63, 0x08, 0x63, 0x08, 0x63, 0x08, 0x63, 0x08, 0x63, 0x08, 0x63, 0x08, 0x63, 0x08, 0x63, 0x08, 0x63, 0x08, 0x63, 0x08, 0x63, 0x08, 0x63, 0x08, 0x63, 0x08, 0x63, 0x08, 0x63, 0x08, 0x63, 0x08,
  0xa4, 0x10, 0x63, 0x08, 0x63, 0x08, 0x63, 0x08, 0x63, 0x08, 0x63, 0x08, 0x63, 0x08, 0x63, 0x08, 0x63, 0x08, 0x63, 0x08, 0x63, 0x08, 0x63, 0x08, 0x63, 0x08, 0x63, 0x08, 0x63, 0x08, 0x63, 0x08,
  0x63, 0x08, 0x63, 0x08, 0x63, 0x08, 0x63, 0x08, 0x63, 0x08, 0x63, 0x08, 0x63, 0x08, 0x63, 0x08, 0x63, 0x08, 0x63, 0x08, 0x63, 0x08, 0x63, 0x08, 0x63, 0x08, 0x63, 0x08, 0x63, 0x08, 0x63, 0x08,
  0xa4, 0x10, 0x63, 0x08, 0x63, 0x08, 0x63, 0x08, 0x63, 0x08, 0x63, 0x08, 0x63, 0x08, 0x63, 0x08, 0x63, 0x08, 0x63, 0x08, 0x63, 0x08, 0x63, 0x08, 0x63, 0x08, 0x63, 0x08, 0x63, 0x08, 0x63, 0x08,
  0x63, 0x08, 0x63, 0x08, 0x63, 0x08, 0x63, 0x08, 0x63, 0x08, 0x63, 0x08, 0x63, 0x08, 0x63, 0x08, 0x63, 0x08, 0x63, 0x08, 0x63, 0x08, 0x63, 0x08, 0x63, 0x08, 0x63, 0x08, 0x63, 0x08, 0x63, 0x08,
  0xa4, 0x10, 0x63, 0x08, 0x63, 0x08, 0x63, 0x08, 0x63, 0x08, 0x63, 0x08, 0x63, 0x08, 0x63, 0x08, 0x63, 0x08, 0x63, 0x08, 0x63, 0x08, 0x63, 0x08, 0x63, 0x08, 0x63, 0x08, 0x63, 0x08, 0x63, 0x08,
  0x63, 0x08, 0x63, 0x08, 0x63, 0x08, 0x63, 0x08, 0x63, 0x08, 0x63, 0x08, 0x63, 0x08, 0x63, 0x08, 0x63, 0x08, 0x63, 0x08, 0x63, 0x08, 0x63, 0x08, 0x63, 0x08, 0x63, 0x08, 0x63, 0x08, 0x63, 0x08,
  0xa4, 0x10, 0x63, 0x08, 0x63, 0x08, 0x63, 0x08, 0x63, 0x08, 0x63, 0x08, 0x63, 0x08, 0x63, 0x08, 0x63, 0x08, 0x63, 0x08, 0x63, 0x08, 0x63, 0x08, 0x63, 0x08, 0x63, 0x08, 0x63, 0x08, 0x63, 0x08,
  0x63, 0x08, 0x63, 0x08, 0x63, 0x08, 0x63, 0x08, 0x63, 0x08, 0x63, 0x08, 0x63, 0x08, 0x63, 0x08, 0x63, 0x08, 0x63, 0x08, 0x63, 0x08, 0x63, 0x08, 0x63, 0x08, 0x63, 0x08, 0x63, 0x08, 0x63, 0x08,
  0xa4, 0x10, 0x63, 0x08, 0x63, 0x08, 0x63, 0x08, 0x63, 0x08, 0x63, 0x08, 0x63, 0x08, 0x63, 0x08, 0x63, 0x08, 0x63, 0x08, 0x63, 0x08, 0x63, 0x08, 0x63, 0x08, 0x63, 0x08, 0x63, 0x08, 0x63, 0x08,
  0x63, 0x08, 0x63, 0x08, 0x63, 0x08, 0x63, 0x08, 0x63, 0x08, 0x63, 0x08, 0x63, 0x08, 0x63, 0x08, 0x63, 0x08, 0x63, 0x08, 0x63, 0x08, 0x63, 0x08, 0x63, 0x08, 0x63, 0x08, 0x63, 0x08, 0x63, 0x08,
  0xa4, 0x10, 0x63, 0x08, 0x63, 0x08, 0x63, 0x08, 0x63, 0x08, 0x63, 0x08, 0x63, 0x08, 0x63, 0x08, 0x63, 0x08, 0x63, 0x08, 0x63, 0x08, 0x63, 0x08, 0x63, 0x08, 0x63, 0x08, 0x63, 0x08, 0x63, 0x08,
  0x63, 0x08, 0x63, 0x08, 0x63, 0x08, 0x63, 0x08, 0x63, 0x08, 0x63, 0x08, 0x63, 0x08, 0x63, 0x08, 0x63, 0x08, 0x63, 0x08, 0x63, 0x08, 0x63, 0x08, 0x63, 0x08, 0x63, 0x08, 0x63, 0x08, 0x63, 0x08,
  0xa4, 0x10, 0x63, 0x08, 0x63, 0x08, 0x63, 0x08, 0x63, 0x08, 0x63, 0x08, 0x63, 0x08, 0x63, 0x08, 0x63, 0x08, 0x63, 0x08, 0x63, 0x08, 0x63, 0x08, 0x63, 0x08, 0x63, 0x08, 0x63, 0x08, 0x63, 0x08,
  0x63, 0x08, 0x63, 0x08, 0x63, 0x08, 0x63, 0x08, 0x63, 0x08, 0x63, 0x08, 0x63, 0x08, 0x63, 0x08, 0x63, 0x08, 0x63, 0x08, 0x63, 0x08, 0x63, 0x08, 0x63, 0x08, 0x63, 0x08, 0x63, 0x08, 0x63, 0x08,
  0xa4, 0x10, 0x63, 0x08, 0x63, 0x08, 0x63, 0x08, 0x63, 0x08, 0x63, 0x08, 0x63, 0x08, 0x63, 0x08, 0x63, 0x08, 0x63, 0x08, 0x63, 0x08, 0x63, 0x08, 0x63, 0x08, 0x63, 0x08, 0x63, 0x08, 0x63, 0x08,
  0x63, 0x08, 0x63, 0x08, 0x63, 0x08, 0x63, 0x08, 0x63, 0x08, 0x63, 0x08, 0x63, 0x08, 0x63, 0x08, 0x63, 0x08, 0x63, 0x08, 0x63, 0x08, 0x63, 0x08, 0x63, 0x08, 0x63, 0x08, 0x63, 0x08, 0x63, 0x08,
  0xa4, 0x10, 0x63, 0x08, 0x63, 0x08, 0x63, 0x08, 0x63, 0x08, 0x63, 0x08, 0x63, 0x08, 0x63, 0x08, 0x63, 0x08, 0x63, 0x08, 0x63, 0x08, 0x63, 0x08, 0x63, 0x08, 0x63, 0x08, 0x63, 0x08, 0x63, 0x08,
  0x63, 0x08, 0x63, 0x08, 0x63, 0x08, 0x63, 0x08, 0x63, 0x08, 0x63, 0x08, 0x63, 0x08, 0x63, 0x08, 0x63, 0x08, 0x63, 0x08, 0x63, 0x08, 0x63, 0x08, 0x63, 0x08, 0x63, 0x08, 0x63, 0x08, 0x63, 0x08,
  0xa4, 0x10, 0x63, 0x08, 0x63, 0x08, 0x63, 0x08, 0x63, 0x08, 0x63, 0x08, 0x63, 0x08, 0x63, 0x08, 0x63, 0x08, 0x63, 0x08, 0x63, 0x08, 0x63, 0x08, 0x63, 0x08, 0x63, 0x08, 0x63, 0x08, 0x63, 0x08,
  0x63, 0x08, 0x63, 0x08, 0x63, 0x08, 0x63, 0x08, 0x63, 0x08, 0x63, 0x08, 0x63, 0x08, 0x63, 0x08, 0x63, 0x08, 0x63, 0x08, 0x63, 0x08, 0x63, 0x08, 0x63, 0x08, 0x63, 0x08, 0x63, 0x08, 0x63, 0x08,
  0xa4, 0x10, 0x63, 0x08, 0x63, 0x08, 0x63, 0x08, 0x63, 0x08, 0x63, 0x08, 0x63, 0x08, 0x63, 0x08, 0x63, 0x08, 0x63, 0x08, 0x63, 0x08, 0x63, 0x08, 0x63, 0x08, 0x63, 0x08, 0x63, 0x08, 0x63, 0x08,
  0x63, 0x08, 0x63, 0x08, 0x63, 0x08, 0x63, 0x08, 0x63, 0x08, 0x63, 0x08, 0x63, 0x08, 0x63, 0x08, 0x63, 0x08, 0x63, 0x08, 0x63, 0x08, 0x63, 0x08, 0x63, 0x08, 0x63, 0x08, 0x63, 0x08, 0x63, 0x08,
  0xa4, 0x10, 0x63, 0x08, 0x63, 0x08, 0x63, 0x08, 0x63, 0x08, 0x63, 0x08, 0x63, 0x08, 0x63, 0x08, 0x63, 0x08, 0x63, 0x08, 0x63, 0x08, 0x63, 0x08, 0x63, 0x08, 0x63, 0x08, 0x63, 0x08, 0x63, 0x08,
  0x63, 0x08, 0x63, 0x08, 0x63, 0x08, 0x63, 0x08, 0x63, 0x08, 0x63, 0x08, 0x63, 0x08, 0x63, 0x08, 0x63, 0x08, 0x63, 0x08, 0x63, 0x08, 0x63, 0x08, 0x63, 0x08, 0x63, 0x08, 0x63, 0x08, 0x63, 0x08,
  0xa4, 0x10, 0x63, 0x08, 0x63, 0x08, 0x63, 0x08, 0x63, 0x08, 0x63, 0x08, 0x63, 0x08, 0x63, 0x08, 0x63, 0x08, 0x63, 0x08, 0x63, 0x08, 0x63, 0x08, 0x63, 0x08, 0x63, 0x08, 0x63, 0x08, 0x63, 0x08,
  0x63, 0x08, 0x63, 0x08, 0x63, 0x08, 0x63, 0x08, 0x63, 0x08, 0x63, 0x08, 0x63, 0x08, 0x63, 0x08, 0x63, 0x08, 0x63, 0x08, 0x63, 0x08, 0x63, 0x08, 0x63, 0x08, 0x63, 0x08, 0x63, 0x08, 0x63, 0x08,
  0xa4, 0x10, 0x63, 0x08, 0x63, 0x08, 0x63, 0x08, 0x63, 0x08, 0x63, 0x08, 0x63, 0x08, 0x63, 0x08, 0x63, 0x08, 0x63, 0x08, 0x63, 0x08, 0x63, 0x08, 0x63, 0x08, 0x63, 0x08, 0x63, 0x08, 0x63, 0x08,
  0x63, 0x08, 0x63, 0x08, 0x63, 0x08, 0x63, 0x08, 0x63, 0x08, 0x63, 0x08, 0x63, 0x08, 0x63, 0x08, 0x63, 0x08, 0x63, 0x08, 0x63, 0x08, 0x63, 0x08, 0x63, 0x08, 0x63, 0x08, 0x63, 0x08, 0x63, 0x08,
  0xa4, 0x10, 0x63, 0x08, 0x63, 0x08, 0x63, 0x08, 0x63, 0x08, 0x63, 0x08, 0x63, 0x08, 0x63, 0x08, 0x63, 0x08, 0x63, 0x08, 0x63, 0x08, 0x63, 0x08, 0x63, 0x08, 0x63, 0x08, 0x63, 0x08, 0x63, 0x08,
  0x63, 0x08, 0x63, 0x08, 0x63, 0x08, 0x63, 0x08, 0x63, 0x08, 0x63, 0x08, 0x63, 0x08, 0x63, 0x08, 0x63, 0x08, 0x63, 0x08, 0x63, 0x08, 0x63, 0x08, 0x63, 0x08, 0x63, 0x08, 0x63, 0x08, 0x63, 0x08,
  0xa4, 0x10, 0x63, 0x08, 0x63, 0x08, 0x63, 0x08, 0x63, 0x08, 0x63, 0x08, 0x63, 0x08, 0x63, 0x08, 0x63, 0x08, 0x63, 0x08, 0x63, 0x08, 0x63, 0x08, 0x63, 0x08, 0x63, 0x08, 0x63, 0x08, 0x63, 0x08,
  0x63, 0x08, 0x63, 0x08, 0x63, 0x08, 0x63, 0x08, 0x63, 0x08, 0x63, 0x08, 0x63, 0x08, 0x63, 0x08, 0x63, 0x08, 0x63, 0x08, 0x63, 0x08, 0x63, 0x08, 0x63, 0x08, 0x63, 0x08, 0x63, 0x08, 0x63, 0x08,
  0xa4, 0x10, 0x63, 0x08, 0x63, 0x08, 0x63, 0x08, 0x63, 0x08, 0x63, 0x08, 0x63, 0x08, 0x63, 0x08, 0x63, 0x08, 0x63, 0x08, 0x63, 0x08, 0x63, 0x08, 0x63, 0x08, 0x63, 0x08, 0x63, 0x08, 0x63, 0x08,
  0x63, 0x08, 0x63, 0x08, 0x63, 0x08, 0x63, 0x08, 0x63, 0x08, 0x63, 0x08, 0x63, 0x08, 0x63, 0x08, 0x63, 0x08, 0x63, 0x08, 0x63, 0x08, 0x63, 0x08, 0x63, 0x08, 0x63, 0x08, 0x63, 0x08, 0x63, 0x08,
  0xa4, 0x10, 0x63, 0x08, 0x63, 0x08, 0x63, 0x08, 0x63, 0x08, 0x63, 0x08, 0x63, 0x08, 0x63, 0x08, 0x63, 0x08, 0x63, 0x08, 0x63, 0x08, 0x63, 0x08, 0x63, 0x08, 0x63, 0x08, 0x63, 0x08, 0x63, 0x08,
  0x63, 0x08, 0x63, 0x08, 0x63, 0x08, 0x63, 0x08, 0x63, 0x08, 0x63, 0x08, 0x63, 0x08, 0x63, 0x08, 0x63, 0x08, 0x63, 0x08, 0x63, 0x08, 0x63, 0x08, 0x63, 0x08, 0x63, 0x08, 0x63, 0x08, 0x63, 0x08,
  0xa4, 0x10, 0x63, 0x08, 0x63, 0x08, 0x63, 0x08, 0x63, 0x08, 0x63, 0x08, 0x63, 0x08, 0x63, 0x08, 0x63, 0x08, 0x63, 0x08, 0x63, 0x08, 0x63, 0x08, 0x63, 0x08, 0x63, 0x08, 0x63, 0x08, 0x63, 0x08,
  0x63, 0x08, 0x63, 0x08, 0x63, 0x08, 0x63, 0x08, 0x63, 0x08, 0x63, 0x08, 0x63, 0x08, 0x63, 0x08, 0x63, 0x08, 0x63, 0x08, 0x63, 0x08, 0x63, 0x08, 0x63, 0x08, 0x63, 0x08, 0x63, 0x08, 0x63, 0x08,
  0xa4, 0x10, 0x63, 0x08, 0x63, 0x08, 0x63, 0x08, 0x63, 0x08, 0x63, 0x08, 0x63, 0x08, 0x63, 0x08, 0x63, 0x08, 0x63, 0x08, 0x63, 0x08, 0x63, 0x08, 0x63, 0x08, 0x63, 0x08, 0x63, 0x08, 0x63, 0x08,
  0x63, 0x08, 0x63, 0x08, 0x63, 0x08, 0x63, 0x08, 0x63, 0x08, 0x63, 0x08, 0x63, 0x08, 0x63, 0x08, 0x63, 0x08, 0x63, 0x08, 0x63, 0x08, 0x63, 0x08, 0x63, 0x08, 0x63, 0x08, 0x63, 0x08, 0x63, 0x08,
  0xa4, 0x10, 0x63, 0x08, 0x63, 0x08, 0x63, 0x08, 0x63, 0x08, 0x63, 0x08, 0x63, 0x08, 0x63, 0x08, 0x63, 0x08, 0x63, 0x08, 0x63, 0x08, 0x63, 0x08, 0x63, 0x08, 0x63, 0x08, 0x63, 0x08, 0x63, 0x08,
  0x63, 0x08, 0x63, 0x08, 0x63, 0x08, 0x63, 0x08, 0x63, 0x08, 0x63, 0x08, 0x63, 0x08, 0x63, 0x08, 0x63, 0x08, 0x63, 0x08, 0x63, 0x08, 0x63, 0x08, 0x63, 0x08, 0x63, 0x08, 0x63, 0x08, 0x63, 0x08,
  0xa4, 0x10, 0x63, 0x08, 0x63, 0x08, 0x63, 0x08, 0x63, 0x08, 0x63, 0x08, 0x63, 0x08, 0x63, 0x08, 0x63, 0x08, 0x63, 0x08, 0x63, 0x08, 0x63, 0x08, 0x63, 0x08, 0x63, 0x08, 0x63, 0x08, 0x63, 0x08,
  0x63, 0x08, 0x63, 0x08, 0x63, 0x08, 0x63, 0x08, 0x63, 0x08, 0x63, 0x08, 0x63, 0x08, 0x63, 0x08, 0x63, 0x08, 0x63, 0x08, 0x63, 0x08, 0x63, 0x08, 0x63, 0x08, 0x63, 0x08, 0x63, 0x08, 0x63, 0x08,
  0xa4, 0x10, 0x63, 0x08, 0x63, 0x08, 0x63, 0x08, 0x63, 0x08, 0x63, 0x08, 0x63, 0x08, 0x63, 0x08, 0x63, 0x08, 0x63, 0x08, 0x63, 0x08, 0x63, 0x08, 0x63, 0x08, 0x63, 0x08, 0x63, 0x08, 0x63, 0x08,
  0x63, 0x08, 0x63, 0x08, 0x63, 0x08, 0x63, 0x08, 0x63, 0x08, 0x63, 0x08, 0x63, 0x08, 0x63, 0x08, 0x63, 0x08, 0x63, 0x08, 0x63, 0x08, 0x63, 0x08, 0x63, 0x08, 0x63, 0x08, 0x63, 0x08, 0x63, 0x08,
  0xa4, 0x10, 0x63, 0x08, 0x63, 0x08, 0x63, 0x08, 0x63, 0x08, 0x63, 0x08, 0x63, 0x08, 0x63, 0x08, 0x63, 0x08, 0x63, 0x08, 0x63, 0x08, 0x63, 0x08, 0x63, 0x08, 0x63, 0x08, 0x63, 0x08, 0x63, 0x08,
  0x63, 0x08, 0x63, 0x08, 0x63, 0x08, 0x63, 0x08, 0x63, 0x08, 0x63, 0x08, 0x63, 0x08, 0x63, 0x08, 0x63, 0x08, 0x63, 0x08, 0x63, 0x08, 0x63, 0x08, 0x63, 0x08, 0x63, 0x08, 0x63, 0x08, 0x63, 0x08,
  0xa4, 0x10, 0x63, 0x08, 0x63, 0x08, 0x63, 0x08, 0x63, 0x08, 0x63, 0x08, 0x63, 0x08, 0x63, 0x08, 0x63, 0x08, 0x63, 0x08, 0x63, 0x08, 0x63, 0x08, 0x63, 0x08, 0x63, 0x08, 0x63, 0x08, 0x63, 0x08,
  0x63, 0x08, 0x63, 0x08, 0x63, 0x08, 0x63, 0x08, 0x63, 0x08, 0x63, 0x08, 0x63, 0x08, 0x63, 0x08, 0x63, 0x08, 0x63, 0x08, 0x63, 0x08, 0x63, 0x08, 0x63, 0x08, 0x63, 0x08, 0x63, 0x08, 0x63, 0x08,
  0xa4, 0x10, 0x63, 0x08, 0x63, 0x08, 0x63, 0x08, 0x63, 0x08, 0x63, 0x08, 0x63, 0x08, 0x63, 0x08, 0x63, 0x08, 0x63, 0x08, 0x63, 0x08, 0x63, 0x08, 0x63, 0x08, 0x63, 0x08, 0x63, 0x08, 0x63, 0x08,
  0x63, 0x08, 0x63, 0x08, 0x63, 0x08, 0x63, 0x08, 0x63, 0x08, 0x63, 0x08, 0x63, 0x08, 0x63, 0x08, 0x63, 0x08, 0x63, 0x08, 0x63, 0x08, 0x63, 0x08, 0x63, 0x08, 0x63, 0x08, 0x63, 0x08, 0x63, 0x08,
  0xa4, 0x10, 0x63, 0x08, 0x63, 0x08, 0x63, 0x08, 0x63, 0x08, 0x63, 0x08, 0x63, 0x08, 0x63, 0x08, 0x63, 0x08, 0x63, 0x08, 0x63, 0x08, 0x63, 0x08, 0x63, 0x08, 0x63, 0x08, 0x63, 0x08, 0x63, 0x08,
  0x63, 0x08, 0x63, 0x08, 0x63, 0x08, 0x63, 0x08, 0x63, 0x08, 0x63, 0x08, 0x63, 0x08, 0x63, 0x08, 0x63, 0x08, 0x63, 0x08, 0x63, 0x08, 0x63, 0x08, 0x63, 0x08, 0x63, 0x08, 0x63, 0x08, 0x63, 0x08,
  0xa4, 0x10, 0x63, 0x08, 0x63, 0x08, 0x63, 0x08, 0x63, 0x08, 0x63, 0x08, 0x63, 0x08, 0x63, 0x08, 0x63, 0x08, 0x63, 0x08, 0x63, 0x08, 0x63, 0x08, 0x63, 0x08, 0x63, 0x08, 0x63, 0x08, 0x63, 0x08,
  0x63, 0x08, 0x63, 0x08, 0x63, 0x08, 0x63, 0x08, 0x63, 0x08, 0x63, 0x08, 0x63, 0x08, 0x63, 0x08, 0x63, 0x08, 0x63, 0x08, 0x63, 0x08, 0x63, 0x08, 0x63, 0x08, 0x63, 0x08, 0x63, 0x08, 0x63, 0x08,
  0xa4, 0x10, 0x63, 0x08, 0x63, 0x08, 0x63, 0x08, 0x63, 0x08, 0x63, 0x08, 0x63, 0x08, 0x63, 0x08, 0x63, 0x08, 0x63, 0x08, 0x63, 0x08, 0x63, 0x08, 0x63, 0x08, 0x63, 0x08, 0x63, 0x08, 0x63, 0x08,
  0x63, 0x08, 0x63, 0x08, 0x63, 0x08, 0x63, 0x08, 0x63, 0x08, 0x63, 0x08, 0x63, 0x08, 0x63, 0x08, 0x63, 0x08, 0x63, 0x08, 0x63, 0x08, 0x63, 0x08, 0x63, 0x08, 0x63, 0x08, 0x63, 0x08, 0x63, 0x08,
  0xa4, 0x10, 0x63, 0x08, 0x63, 0x08, 0x63, 0x08, 0x63, 0x08, 0x63, 0x08, 0x63, 0x08, 0x63, 0x08, 0x63, 0x08, 0x63, 0x08, 0x63, 0x08, 0x63, 0x08, 0x63, 0x08, 0x63, 0x08, 0x63, 0x08, 0x63, 0x08,
  0x63, 0x08, 0x63, 0x08, 0x63, 0x08, 0x63, 0x08, 0x63, 0x08, 0x63, 0x08, 0x63, 0x08, 0x63, 0x08, 0x63, 0x08, 0x63, 0x08, 0x63, 0x08, 0x63, 0x08, 0x63, 0x08, 0x63, 0x08, 0x63, 0x08, 0x63, 0x08,
  0xa4, 0x10, 0x63, 0x08, 0x63, 0x08, 0x63, 0x08, 0x63, 0x08, 0x63, 0x08, 0x63, 0x08, 0x63, 0x08, 0x63, 0x08, 0x63, 0x08, 0x63, 0x08, 0x63, 0x08, 0x63, 0x08, 0x63, 0x08, 0x63, 0x08, 0x63, 0x08,
  0x63, 0x08, 0x63, 0x08, 0x63, 0x08, 0x63, 0x08, 0x63, 0x08, 0x63, 0x08, 0x63, 0x08, 0x63, 0x08, 0x63, 0x08, 0x63, 0x08, 0x63, 0x08, 0x63, 0x08, 0x63, 0x08, 0x63, 0x08, 0x63, 0x08, 0x63, 0x08,
  0xa4, 0x10, 0x63, 0x08, 0x63, 0x08, 0x63, 0x08, 0x63, 0x08, 0x63, 0x08, 0x63, 0x08, 0x63, 0x08, 0x63, 0x08, 0x63, 0x08, 0x63, 0x08, 0x63, 0x08, 0x63, 0x08, 0x63, 0x08, 0x63, 0x08, 0x63, 0x08,
  0x63, 0x08, 0x63, 0x08, 0x63, 0x08, 0x63, 0x08, 0x63, 0x08, 0x63, 0x08, 0x63, 0x08, 0x63, 0x08, 0x63, 0x08, 0x63, 0x08, 0x63, 0x08, 0x63, 0x08, 0x63, 0x08, 0x63, 0x08, 0x63, 0x08, 0x63, 0x08,
  0xa4, 0x10, 0x63, 0x08, 0x63, 0x08, 0x63, 0x08, 0x63, 0x08, 0x63, 0x08, 0x63, 0x08, 0x63, 0x08, 0x63, 0x08, 0x63, 0x08, 0x63, 0x08, 0x63, 0x08, 0x63, 0x08, 0x63, 0x08, 0x63, 0x08, 0x63, 0x08,
  0x63, 0x08, 0x63, 0x08, 0x63, 0x08, 0x63, 0x08, 0x63, 0x08, 0x63, 0x08, 0x63, 0x08, 0x63, 0x08, 0x63, 0x08, 0x63, 0x08, 0x63, 0x08, 0x63, 0x08, 0x63, 0x08, 0x63, 0x08, 0x63, 0x08, 0x63, 0x08,
  0xa4, 0x10, 0x63, 0x08, 0x63, 0x08, 0x63, 0x08, 0x63, 0x08, 0x63, 0x08, 0x63, 0x08, 0x63, 0x08, 0x63, 0x08, 0x63, 0x08, 0x63, 0x08, 0x63, 0x08, 0x63, 0x08, 0x63, 0x08, 0x63, 0x08, 0x63, 0x08,
  0x63, 0x08, 0x63, 0x08, 0x63, 0x08, 0x63, 0x08, 0x63, 0x08, 0x63, 0x08, 0x63, 0x08, 0x63, 0x08, 0x63, 0x08, 0x63, 0x08, 0x63, 0x08, 0x63, 0x08, 0x63, 0x08, 0x63, 0x08, 0x63, 0x08, 0x63, 0x08,
  0xa4, 0x10, 0x63, 0x08, 0x63, 0x08, 0x63, 0x08, 0x63, 0x08, 0x63, 0x08, 0x63, 0x08, 0x63, 0x08, 0x63, 0x08, 0x63, 0x08, 0x63, 0x08, 0x63, 0x08, 0x63, 0x08, 0x63, 0x08, 0x63, 0x08, 0x63, 0x08,
  0x63, 0x08, 0x63, 0x08, 0x63, 0x08, 0x63, 0x08, 0x63, 0x08, 0x63, 0x08, 0x63, 0x08, 0x63, 0x08, 0x63, 0x08, 0x63, 0x08, 0x63, 0x08, 0x63, 0x08, 0x63, 0x08, 0x63, 0x08, 0x63, 0x08, 0x63, 0x08,
  0xa4, 0x10, 0x63, 0x08, 0x63, 0x08, 0x63, 0x08, 0x63, 0x08, 0x63, 0x08, 0x63, 0x08, 0x63, 0x08, 0x63, 0x08, 0x63, 0x08, 0x63, 0x08, 0x63, 0x08, 0x63, 0x08, 0x63, 0x08, 0x63, 0x08, 0x63, 0x08,
  0x63, 0x08, 0x63, 0x08, 0x63, 0x08, 0x63, 0x08, 0x63, 0x08, 0x63, 0x08, 0x63, 0x08, 0x63, 0x08, 0x63, 0x08, 0x63, 0x08, 0x63, 0x08, 0x63, 0x08, 0x63, 0x08, 0x63, 0x08, 0x63, 0x08, 0x63, 0x08,
  0xa4, 0x10, 0x63, 0x08, 0x63, 0x08, 0x63, 0x08, 0x63, 0x08, 0x63, 0x08, 0x63, 0x08, 0x63, 0x08, 0x63, 0x08, 0x63, 0x08, 0x63, 0x08, 0x63, 0x08, 0x63, 0x08, 0x63, 0x08, 0x63, 0x08, 0x63, 0x08,
  0x63, 0x08, 0x63, 0x08, 0x63, 0x08, 0x63, 0x08, 0x63, 0x08, 0x63, 0x08, 0x63, 0x08, 0x63, 0x08, 0x63, 0x08, 0x63, 0x08, 0x63, 0x08, 0x63, 0x08, 0x63, 0x08, 0x63, 0x08, 0x63, 0x08, 0x63, 0x08,
  0xa4, 0x10, 0x63, 0x08, 0x63, 0x08, 0x63, 0x08, 0x63, 0x08, 0x63, 0x08, 0x63, 0x08, 0x63, 0x08, 0x63, 0x08, 0x63, 0x08, 0x63, 0x08, 0x63, 0x08, 0x63, 0x08, 0x63, 0x08, 0x63, 0x08, 0x63, 0x08,
  0x63, 0x08, 0x63, 0x08, 0x63, 0x08, 0x63, 0x08, 0x63, 0x08, 0x63, 0x08, 0x63, 0x08, 0x63, 0x08, 0x63, 0x08, 0x63, 0x08, 0x63, 0x08, 0x63, 0x08, 0x63, 0x08, 0x63, 0x08, 0x63, 0x08, 0x63, 0x08,
  0xa4, 0x10, 0x63, 0x08, 0x63, 0x08, 0x63, 0x08, 0x63, 0x08, 0x63, 0x08, 0x63, 0x08, 0x63, 0x08, 0x63, 0x08, 0x63, 0x08, 0x63, 0x08, 0x63, 0x08, 0x63, 0x08, 0x63, 0x08, 0x63, 0x08, 0x63, 0x08,
  0x63, 0x08, 0x63, 0x08, 0x63, 0x08, 0x63, 0x08, 0x63, 0x08, 0x63, 0x08, 0x63, 0x08, 0x63, 0x08, 0x63, 0x08, 0x63, 0x08, 0x63, 0x08, 0x63, 0x08, 0x63, 0x08, 0x63, 0x08, 0x63, 0x08, 0x63, 0x08,
  0xa4, 0x10, 0x63, 0x08, 0x63, 0x08, 0x63, 0x08, 0x63, 0x08, 0x63, 0x08, 0x63, 0x08, 0x63, 0x08, 0x63, 0x08, 0x63, 0x08, 0x63, 0x08, 0x63, 0x08, 0x63, 0x08, 0x63, 0x08, 0x63, 0x08, 0x63, 0x08,
  0x63, 0x08, 0x63, 0x08, 0x63, 0x08, 0x63, 0x08, 0x63, 0x08, 0x63, 0x08, 0x63, 0x08, 0x63, 0x08, 0x63, 0x08, 0x63, 0x08, 0x63, 0x08, 0x63, 0x08, 0x63, 0x08, 0x63, 0x08, 0x63, 0x08, 0x63, 0x08,
  0xa4, 0x10, 0x63, 0x08, 0x63, 0x08, 0x63, 0x08, 0x63, 0x08, 0x63, 0x08, 0x63, 0x08, 0x63, 0x08, 0x63, 0x08, 0x63, 0x08, 0x63, 0x08, 0x63, 0x08, 0x63, 0x08, 0x63, 0x08, 0x63, 0x08, 0x63, 0x08,
  0x63, 0x08, 0x63, 0x08, 0x63, 0x08, 0x63, 0x08, 0x63, 0x08, 0x63, 0x08, 0x63, 0x08, 0x63, 0x08, 0x63, 0x08, 0x63, 0x08, 0x63, 0x08, 0x63, 0x08, 0x63, 0x08, 0x63, 0x08, 0x63, 0x08, 0x63, 0x08,
  0xa4, 0x10, 0x63, 0x08, 0x63, 0x08, 0x63, 0x08, 0x63, 0x08, 0x63, 0x08, 0x63, 0x08, 0x63, 0x08, 0x63, 0x08, 0x63, 0x08, 0x63, 0x08, 0x63, 0x08, 0x63, 0x08, 0x63, 0x08, 0x63, 0x08, 0x63, 0x08,
  0x63, 0x08, 0x63, 0x08, 0x63, 0x08, 0x63, 0x08, 0x63, 0x08, 0x63, 0x08, 0x63, 0x08, 0x63, 0x08, 0x63, 0x08, 0x63, 0x08, 0x63, 0x08, 0x63, 0x08, 0x63, 0x08, 0x63, 0x08, 0x63, 0x08, 0x63, 0x08,
  0xa4, 0x10, 0x63, 0x08, 0x63, 0x08, 0x63, 0x08, 0x63, 0x08, 0x63, 0x08, 0x63, 0x08, 0x63, 0x08, 0x63, 0x08, 0x63, 0x08, 0x63, 0x08, 0x63, 0x08, 0x63, 0x08, 0x63, 0x08, 0x63, 0x08, 0x63, 0x08,
  0x63, 0x08, 0x63, 0x08, 0x63, 0x08, 0x63, 0x08, 0x63, 0x08, 0x63, 0x08, 0x63, 0x08, 0x63, 0x08, 0x63, 0x08, 0x63, 0x08, 0x63, 0x08, 0x63, 0x08, 0x63, 0x08, 0x63, 0x08, 0x63, 0x08, 0x63, 0x08,
  0xa4, 0x10, 0x63, 0x08, 0x63, 0x08, 0x63, 0x08, 0x63, 0x08, 0x63, 0x08, 0x63, 0x08, 0x63, 0x08, 0x63, 0x08, 0x63, 0x08, 0x63, 0x08, 0x63, 0x08, 0x63, 0x08, 0x63, 0x08, 0x63, 0x08, 0x63, 0x08,
  0x63, 0x08, 0x63, 0x08, 0x63, 0x08, 0x63, 0x08, 0x63, 0x08, 0x63, 0x08, 0x63, 0x08, 0x63, 0x08, 0x63, 0x08, 0x63, 0x08, 0x63, 0x08, 0x63, 0x08, 0x63, 0x08, 0x63, 0x08, 0x63, 0x08, 0x63, 0x08,
  0xa4, 0x10, 0x63, 0x08, 0x63, 0x08, 0x63, 0x08, 0x63, 0x08, 0x63, 0x08, 0x63, 0x08, 0x63, 0x08, 0x63, 0x08, 0x63, 0x08, 0x63, 0x08, 0x63, 0x08, 0x63, 0x08, 0x63, 0x08, 0x63, 0x08, 0x63, 0x08,
  0x63, 0x08, 0x63, 0x08, 0x63, 0x08, 0x63, 0x08, 0x63, 0x08, 0x63, 0x08, 0x63, 0x08, 0x63, 0x08, 0x63, 0x08, 0x63, 0x08, 0x63, 0x08, 0x63, 0x08, 0x63, 0x08, 0x63, 0x08, 0x63, 0x08, 0x63, 0x08,
  0xa4, 0x10, 0x63, 0x08, 0x63, 0x08, 0x63, 0x08, 0x63, 0x08, 0x63, 0x08, 0x63, 0x08, 0x63, 0x08, 0x63, 0x08, 0x63, 0x08, 0x63, 0x08, 0x63, 0x08, 0x63, 0x08, 0x63, 0x08, 0x63, 0x08, 0x63, 0x08,
  0x63, 0x08, 0x63, 0x08, 0x63, 0x08, 0x63, 0x08, 0x63, 0x08, 0x63, 0x08, 0x63, 0x08, 0x63, 0x08, 0x63, 0x08, 0x63, 0x08, 0x63, 0x08, 0x63, 0x08, 0x63, 0x08, 0x63, 0x08, 0x63, 0x08, 0x63, 0x08,
  0xa4, 0x10, 0x63, 0x08, 0x63, 0x08, 0x63, 0x08, 0x63, 0x08, 0x63, 0x08, 0x63, 0x08, 0x63, 0x08, 0x63, 0x08, 0x63, 0x08, 0x63, 0x08, 0x63, 0x08, 0x63, 0x08, 0x63, 0x08, 0x63, 0x08, 0x63, 0x08,
  0x63, 0x08, 0x63, 0x08, 0x63, 0x08, 0x63, 0x08, 0x63, 0x08, 0x63, 0x08, 0x63, 0x08, 0x63, 0x08, 0x63, 0x08, 0x63, 0x08, 0x63, 0x08, 0x63, 0x08, 0x63, 0x08, 0x63, 0x08, 0x63, 0x08, 0x63, 0x08,
  0xa4, 0x10, 0x63, 0x08, 0x63, 0x08, 0x63, 0x08, 0x63, 0x08, 0x63, 0x08, 0x63, 0x08, 0x63, 0x08, 0x63, 0x08, 0x63, 0x08, 0x63, 0x08, 0x63, 0x08, 0x63, 0x08, 0x63, 0x08, 0x63, 0x08, 0x63, 0x08,
  0x63, 0x08, 0x63, 0x08, 0x63, 0x08, 0x63, 0x08, 0x63, 0x08, 0x63, 0x08, 0x63, 0x08, 0x63, 0x08, 0x63, 0x08, 0x63, 0x08, 0x63, 0x08, 0x63, 0x08, 0x63, 0x08, 0x63, 0x08, 0x63, 0x08, 0x63, 0x08,
  0xa4, 0x10, 0x63, 0x08, 0x63, 0x08, 0x63, 0x08, 0x63, 0x08, 0x63, 0x08, 0x63, 0x08, 0x63, 0x08, 0x63, 0x08, 0x63, 0x08, 0x63, 0x08, 0x63, 0x08, 0x63, 0x08, 0x63, 0x08, 0x63, 0x08, 0x63, 0x08,
  0x63, 0x08, 0x63, 0x08, 0x63, 0x08, 0x63, 0x08, 0x63, 0x08, 0x63, 0x08, 0x63, 0x08, 0x63, 0x08, 0x63, 0x08, 0x63, 0x08, 0x63, 0x08, 0x63, 0x08, 0x63, 0x08, 0x63, 0x08, 0x63, 0x08, 0x63, 0x08,
  0xa4, 0x10, 0x63, 0x08, 0x63, 0x08, 0x63, 0x08, 0x63, 0x08, 0x63, 0x08, 0x63, 0x08, 0x63, 0x08, 0x63, 0x08, 0x63, 0x08, 0x63, 0x08, 0x63, 0x08, 0x63, 0x08, 0x63, 0x08, 0x63, 0x08, 0x63, 0x08,
  0x63, 0x08, 0x63, 0x08, 0x63, 0x08, 0x63, 0x08, 0x63, 0x08, 0x63, 0x08, 0x63, 0x08, 0x63, 0x08, 0x63, 0x08, 0x63, 0x08, 0x63, 0x08, 0x63, 0x08, 0x63, 0x08, 0x63, 0x08, 0x63, 0x08, 0x63, 0x08,
  0xa4, 0x10, 0x63, 0x08, 0x63, 0x08, 0x63, 0x08, 0x63, 0x08, 0x63, 0x08, 0x63, 0x08, 0x63, 0x08, 0x63, 0x08, 0x63, 0x08, 0x63, 0x08, 0x63, 0x08, 0x63, 0x08, 0x63, 0x08, 0x63, 0x08, 0x63, 0x08,
  0x63, 0x08, 0x63, 0x08, 0x63, 0x08, 0x63, 0x08, 0x63, 0x08, 0x63, 0x08, 0x63, 0x08, 0x63, 0x08, 0x63, 0x08, 0x63, 0x08, 0x63, 0x08, 0x63, 0x08, 0x63, 0x08, 0x63, 0x08, 0x63, 0x08, 0x63, 0x08,
  0xa4, 0x10, 0x63, 0x08, 0x63, 0x08, 0x63, 0x08, 0x63, 0x08, 0x63, 0x08, 0x63, 0x08, 0x63, 0x08, 0x63, 0x08, 0x63, 0x08, 0x63, 0x08, 0x63, 0x08, 0x63, 0x08, 0x63, 0x08, 0x63, 0x08, 0x63, 0x08,
  0x63, 0x08, 0x63, 0x08, 0x63, 0x08, 0x63, 0x08, 0x63, 0x08, 0x63, 0x08, 0x63, 0x08, 0x63, 0x08, 0x63, 0x08, 0x63, 0x08, 0x63, 0x08, 0x63, 0x08, 0x63, 0x08, 0x63, 0x08, 0x63, 0x08, 0x63, 0x08,
  0xa4, 0x10, 0x63, 0x08, 0x63, 0x08, 0x63, 0x08, 0x63, 0x08, 0x63, 0x08, 0x63, 0x08, 0x63, 0x08, 0x63, 0x08, 0x63, 0x08, 0x63, 0x08, 0x63, 0x08, 0x63, 0x08, 0x63, 0x08, 0x63, 0x08, 0x63, 0x08,
  0x63, 0x08, 0x63, 0x08, 0x63, 0x08, 0x63, 0x08, 0x63, 0x08, 0x63, 0x08, 0x63, 0x08, 0x63, 0x08, 0x63, 0x08, 0x63, 0x08, 0x63, 0x08, 0x63, 0x08, 0x63, 0x08, 0x63, 0x08, 0x63, 0x08, 0x63, 0x08,
  0xa4, 0x10, 0x63, 0x08, 0x63, 0x08, 0x63, 0x08, 0x63, 0x08, 0x63, 0x08, 0x63, 0x08, 0x63, 0x08, 0x63, 0x08, 0x63, 0x08, 0x63, 0x08, 0x63, 0x08, 0x63, 0x08, 0x63, 0x08, 0x63, 0x08, 0x63, 0x08,
  0x63, 0x08, 0x63, 0x08, 0x63, 0x08, 0x63, 0x08, 0x63, 0x08, 0x63, 0x08, 0x63, 0x08, 0x63, 0x08, 0x63, 0x08, 0x63, 0x08, 0x63, 0x08, 0x63, 0x08, 0x63, 0x08, 0x63, 0x08, 0x63, 0x08, 0x63, 0x08,
  0xa4, 0x10, 0x63, 0x08, 0x63, 0x08, 0x63, 0x08, 0x63, 0x08, 0x63, 0x08, 0x63, 0x08, 0x63, 0x08, 0x63, 0x08, 0x63, 0x08, 0x63, 0x08, 0x63, 0x08, 0x63, 0x08, 0x63, 0x08, 0x63, 0x08, 0x63, 0x08,
  0x63, 0x08, 0x63, 0x08, 0x63, 0x08, 0x63, 0x08, 0x63, 0x08, 0x63, 0x08, 0x63, 0x08, 0x63, 0x08, 0x63, 0x08, 0x63, 0x08, 0x63, 0x08, 0x63, 0x08, 0x63, 0x08, 0x63, 0x08, 0x63, 0x08, 0x63, 0x08,
  0xa4, 0x10, 0x63, 0x08, 0x63, 0x08, 0x63, 0x08, 0x63, 0x08, 0x63, 0x08, 0x63, 0x08, 0x63, 0x08, 0x63, 0x08, 0x63, 0x08, 0x63, 0x08, 0x63, 0x08, 0x63, 0x08, 0x63, 0x08, 0x63, 0x08, 0x63, 0x08,
  0x63, 0x08, 0x63, 0x08, 0x63, 0x08, 0x63, 0x08, 0x63, 0x08, 0x63, 0x08, 0x63, 0x08, 0x63, 0x08, 0x63, 0x08, 0x63, 0x08, 0x63, 0x08, 0x63, 0x08, 0x63, 0x08, 0x63, 0x08, 0x63, 0x08, 0x63, 0x08,
  0xa4, 0x10, 0x63, 0x08, 0x63, 0x08, 0x63, 0x08, 0x63, 0x08, 0x63, 0x08, 0x63, 0x08, 0x63, 0x08, 0x63, 0x08, 0x63, 0x08, 0x63, 0x08, 0x63, 0x08, 0x63, 0x08, 0x63, 0x08, 0x63, 0x08, 0x63, 0x08,
  0x63, 0x08, 0x63, 0x08, 0x63, 0x08, 0x63, 0x08, 0x63, 0x08, 0x63, 0x08, 0x63, 0x08, 0x63, 0x08, 0x63, 0x08, 0x63, 0x08, 0x63, 0x08, 0x63, 0x08, 0x63, 0x08, 0x63, 0x08, 0x63, 0x08, 0x63, 0x08,
  0xa4, 0x10, 0x63, 0x08, 0x63, 0x08, 0x63, 0x08, 0x63, 0x08, 0x63, 0x08, 0x63, 0x08, 0x63, 0x08, 0x63, 0x08, 0x63, 0x08, 0x63, 0x08, 0x63, 0x08, 0x63, 0x08, 0x63, 0x08, 0x63, 0x08, 0x63, 0x08,
  0x63, 0x08, 0x63, 0x08, 0x63, 0x08, 0x63, 0x08, 0x63, 0x08, 0x63, 0x08, 0x63, 0x08, 0x63, 0x08, 0x63, 0x08, 0x63, 0x08, 0x63, 0x08, 0x63, 0x08, 0x63, 0x08, 0x63, 0x08, 0x63, 0x08, 0x63, 0x08,
  0xa4, 0x10, 0x63, 0x08, 0x63, 0x08, 0x63, 0x08, 0x63, 0x08, 0x63, 0x08, 0x63, 0x08, 0x63, 0x08, 0x63, 0x08, 0x63, 0x08, 0x63, 0x08, 0x63, 0x08, 0x63, 0x08, 0x63, 0x08, 0x63, 0x08, 0x63, 0x08,
  0x63, 0x08, 0x63, 0x08, 0x63, 0x08, 0x63, 0x08, 0x63, 0x08, 0x63, 0x08, 0x63, 0x08, 0x63, 0x08, 0x63, 0x08, 0x63, 0x08, 0x63, 0x08, 0x63, 0x08, 0x63, 0x08, 0x63, 0x08, 0x63, 0x08, 0x63, 0x08,
  0xa4, 0x10, 0x63, 0x08, 0x63, 0x08, 0x63, 0x08, 0x63, 0x08, 0x63, 0x08, 0x63, 0x08, 0x63, 0x08, 0x63, 0x08, 0x63, 0x08, 0x63, 0x08, 0x63, 0x08, 0x63, 0x08, 0x63, 0x08, 0x63, 0x08, 0x63, 0x08,
  0x63, 0x08, 0x63, 0x08, 0x63, 0x08, 0x63, 0x08, 0x63, 0x08, 0x63, 0x08, 0x63, 0x08, 0x63, 0x08, 0x63, 0x08, 0x63, 0x08, 0x63, 0x08, 0x63, 0x08, 0x63, 0x08, 0x63, 0x08, 0x63, 0x08, 0x63, 0x08,
  0xa4, 0x10, 0x63, 0x08, 0x63, 0x08, 0x63, 0x08, 0x63, 0x08, 0x63, 0x08, 0x63, 0x08, 0x63, 0x08, 0x63, 0x08, 0x63, 0x08, 0x63, 0x08, 0x63, 0x08, 0x63, 0x08, 0x63, 0x08, 0x63, 0x08, 0x63, 0x08,
  0x63, 0x08, 0x63, 0x08, 0x63, 0x08, 0x63, 0x08, 0x63, 0x08, 0x63, 0x08, 0x63, 0x08, 0x63, 0x08, 0x63, 0x08, 0x63, 0x08, 0x63, 0x08, 0x63, 0x08, 0x63, 0x08, 0x63, 0x08, 0x63, 0x08, 0x63, 0x08,
  0xa4, 0x10, 0x63, 0x08, 0x63, 0x08, 0x63, 0x08, 0x63, 0x08, 0x63, 0x08, 0x63, 0x08, 0x63, 0x08, 0x63, 0x08, 0x63, 0x08, 0x63, 0x08, 0x63, 0x08, 0x63, 0x08, 0x63, 0x08, 0x63, 0x08, 0x63, 0x08,
  0x63, 0x08, 0x63, 0x08, 0x63, 0x08, 0x63, 0x08, 0x63, 0x08, 0x63, 0x08, 0x63, 0x08, 0x63, 0x08, 0x63, 0x08, 0x63, 0x08, 0x63, 0x08, 0x63, 0x08, 0x63, 0x08, 0x63, 0x08, 0x63, 0x08, 0x63, 0x08,
  0xa4, 0x10, 0x63, 0x08, 0x63, 0x08, 0x63, 0x08, 0x63, 0x08, 0x63, 0x08, 0x63, 0x08, 0x63, 0x08, 0x63, 0x08, 0x63, 0x08, 0x63, 0x08, 0x63, 0x08, 0x63, 0x08, 0x63, 0x08, 0x63, 0x08, 0x63, 0x08,
  0x63, 0x08, 0x63, 0x08, 0x63, 0x08, 0x63, 0x08, 0x63, 0x08, 0x63, 0x08, 0x63, 0x08, 0x63, 0x08, 0x63, 0x08, 0x63, 0x08, 0x63, 0x08, 0x63, 0x08, 0x63, 0x08, 0x63, 0x08, 0x63, 0x08, 0x63, 0x08,
  0xa4, 0x10, 0x63, 0x08, 0x63, 0x08, 0x63, 0x08, 0x63, 0x08, 0x63, 0x08, 0x63, 0x08, 0x63, 0x08, 0x63, 0x08, 0x63, 0x08, 0x63, 0x08, 0x63, 0x08, 0x63, 0x08, 0x63, 0x08, 0x63, 0x08, 0x63, 0x08,
  0x63, 0x08, 0x63, 0x08, 0x63, 0x08, 0x63, 0x08, 0x63, 0x08, 0x63, 0x08, 0x63, 0x08, 0x63, 0x08, 0x63, 0x08, 0x63, 0x08, 0x63, 0x08, 0x63, 0x08, 0x63, 0x08, 0x63, 0x08, 0x63, 0x08, 0x63, 0x08,
  0xa4, 0x10, 0x63, 0x08, 0x63, 0x08, 0x63, 0x08, 0x63, 0x08, 0x63, 0x08, 0x63, 0x08, 0x63, 0x08, 0x63, 0x08, 0x63, 0x08, 0x63, 0x08, 0x63, 0x08, 0x63, 0x08, 0x63, 0x08, 0x63, 0x08, 0x63, 0x08,
  0x63, 0x08, 0x63, 0x08, 0x63, 0x08, 0x63, 0x08, 0x63, 0x08, 0x63, 0x08, 0x63, 0x08, 0x63, 0x08, 0x63, 0x08, 0x63, 0x08, 0x63, 0x08, 0x63, 0x08, 0x63, 0x08, 0x63, 0x08, 0x63, 0x08, 0x63, 0x08,
  0xa4, 0x10, 0x63, 0x08, 0x63, 0x08, 0x63, 0x08, 0x63, 0x08, 0x63, 0x08, 0x63, 0x08, 0x63, 0x08, 0x63, 0x08, 0x63, 0x08, 0x63, 0x08, 0x63, 0x08, 0x63, 0x08, 0x63, 0x08, 0x63, 0x08, 0x63, 0x08,
  0x63, 0x08, 0x63, 0x08, 0x63, 0x08, 0x63, 0x08, 0x63, 0x08, 0x63, 0x08, 0x63, 0x08, 0x63, 0x08, 0x63, 0x08, 0x63, 0x08, 0x63, 0x08, 0x63, 0x08, 0x63, 0x08, 0x63, 0x08, 0x63, 0x08, 0x63, 0x08,
  0xa4, 0x10, 0x63, 0x08, 0x63, 0x08, 0x63, 0x08, 0x63, 0x08, 0x63, 0x08, 0x63, 0x08, 0x63, 0x08, 0x63, 0x08, 0x63, 0x08, 0x63, 0x08, 0x63, 0x08, 0x63, 0x08, 0x63, 0x08, 0x63, 0x08, 0x63, 0x08,
  0x63, 0x08, 0x63, 0x08, 0x63, 0x08, 0x63, 0x08, 0x63, 0x08, 0x63, 0x08, 0x63, 0x08, 0x63, 0x08, 0x63, 0x08, 0x63, 0x08, 0x63, 0x08, 0x63, 0x08, 0x63, 0x08, 0x63, 0x08, 0x63, 0x08, 0x63, 0x08,
  0xa4, 0x10, 0x63, 0x08, 0x63, 0x08, 0x63, 0x08, 0x63, 0x08, 0x63, 0x08, 0x63, 0x08, 0x63, 0x08, 0x63, 0x08, 0x63, 0x08, 0x63, 0x08, 0x63, 0x08, 0x63, 0x08, 0x63, 0x08, 0x63, 0x08, 0x63, 0x08,
  0x63, 0x08, 0x63, 0x08, 0x63, 0x08, 0x63, 0x08, 0x63, 0x08, 0x63, 0x08, 0x63, 0x08, 0x63, 0x08, 0x63, 0x08, 0x63, 0x08, 0x63, 0x08, 0x63, 0x08, 0x63, 0x08, 0x63, 0x08, 0x63, 0x08, 0x63, 0x08,
  0xa4, 0x10, 0x63, 0x08, 0x63, 0x08, 0x63, 0x08, 0x63, 0x08, 0x63, 0x08, 0x63, 0x08, 0x63, 0x08, 0x63, 0x08, 0x63, 0x08, 0x63, 0x08, 0x63, 0x08, 0x63, 0x08, 0x63, 0x08, 0x63, 0x08, 0x63, 0x08,
  0x63, 0x08, 0x63, 0x08, 0x63, 0x08, 0x63, 0x08, 0x63, 0x08, 0x63, 0x08, 0x63, 0x08, 0x63, 0x08, 0x63, 0x08, 0x63, 0x08, 0x63, 0x08, 0x63, 0x08, 0x63, 0x08, 0x63, 0x08, 0x63, 0x08, 0x63, 0x08,
  0xa4, 0x10, 0x63, 0x08, 0x63, 0x08, 0x63, 0x08, 0x63, 0x08, 0x63, 0x08, 0x63, 0x08, 0x63, 0x08, 0x63, 0x08, 0x63, 0x08, 0x63, 0x08, 0x63, 0x08, 0x63, 0x08, 0x63, 0x08, 0x63, 0x08, 0x63, 0x08,
  0x63, 0x08, 0x63, 0x08, 0x63, 0x08, 0x63, 0x08, 0x63, 0x08, 0x63, 0x08, 0x63, 0x08, 0x63, 0x08, 0x63, 0x08, 0x63, 0x08, 0x63, 0x08, 0x63, 0x08, 0x63, 0x08, 0x63, 0x08, 0x63, 0x08, 0x63, 0x08,
  0xa4, 0x10, 0x63, 0x08, 0x63, 0x08, 0x63, 0x08, 0x63, 0x08, 0x63, 0x08, 0x63, 0x08, 0x63, 0x08, 0x63, 0x08, 0x63, 0x08, 0x63, 0x08, 0x63, 0x08, 0x63, 0x08, 0x63, 0x08, 0x63, 0x08, 0x63, 0x08,
  0x63, 0x08, 0x63, 0x08, 0x63, 0x08, 0x63, 0x08, 0x63, 0x08, 0x63, 0x08, 0x63, 0x08, 0x63, 0x08, 0x63, 0x08, 0x63, 0x08, 0x63, 0x08, 0x63, 0x08, 0x63, 0x08, 0x63, 0x08, 0x63, 0x08, 0x63, 0x08,
  0xa4, 0x10, 0x63, 0x08, 0x63, 0x08, 0x63, 0x08, 0x63, 0x08, 0x63, 0x08, 0x63, 0x08, 0x63, 0x08, 0x63, 0x08, 0x63, 0x08, 0x63, 0x08, 0x63, 0x08, 0x63, 0x08, 0x63, 0x08, 0x63, 0x08, 0x63, 0x08,
  0x63, 0x08, 0x63, 0x08, 0x63, 0x08, 0x63, 0x08, 0x63, 0x08, 0x63, 0x08, 0x63, 0x08, 0x63, 0x08, 0x63, 0x08, 0x63, 0x08, 0x63, 0x08, 0x63, 0x08, 0x63, 0x08, 0x63, 0x08, 0x63, 0x08, 0x63, 0x08,
  0xa4, 0x10, 0x63, 0x08, 0x63, 0x08, 0x63, 0x08, 0x63, 0x08, 0x63, 0x08, 0x63, 0x08, 0x63, 0x08, 0x63, 0x08, 0x63, 0x08, 0x63, 0x08, 0x63, 0x08, 0x63, 0x08, 0x63, 0x08, 0x63, 0x08, 0x63, 0x08,
  0x63, 0x08, 0x63, 0x08, 0x63, 0x08, 0x63, 0x08, 0x63, 0x08, 0x63, 0x08, 0x63, 0x08, 0x63, 0x08, 0x63, 0x08, 0x63, 0x08, 0x63, 0x08, 0x63, 0x08, 0x63, 0x08, 0x63, 0x08, 0x63, 0x08, 0x63, 0x08,
  0xa4, 0x10, 0x63, 0x08, 0x63, 0x08, 0x63, 0x08, 0x63, 0x08, 0x63, 0x08, 0x63, 0x08, 0x63, 0x08, 0x63, 0x08, 0x63, 0x08, 0x63, 0x08, 0x63, 0x08, 0x63, 0x08, 0x63, 0x08, 0x63, 0x08, 0x63, 0x08,
  0x63, 0x08, 0x63, 0x08, 0x63, 0x08, 0x63, 0x08, 0x63, 0x08, 0x63, 0x08, 0x63, 0x08, 0x63, 0x08, 0x63, 0x08, 0x63, 0x08, 0x63, 0x08, 0x63, 0x08, 0x63, 0x08, 0x63, 0x08, 0x63, 0x08, 0x63, 0x08,
  0xa4, 0x10, 0x63, 0x08, 0x63, 0x08, 0x63, 0x08, 0x63, 0x08, 0x63, 0x08, 0x63, 0x08, 0x63, 0x08, 0x63, 0x08, 0x63, 0x08, 0x63, 0x08, 0x63, 0x08, 0x63, 0x08, 0x63, 0x08, 0x63, 0x08, 0x63, 0x08,
  0x63, 0x08, 0x63, 0x08, 0x63, 0x08, 0x63, 0x08, 0x63, 0x08, 0x63, 0x08, 0x63, 0x08, 0x63, 0x08, 0x63, 0x08, 0x63, 0x08, 0x63, 0x08, 0x63, 0x08, 0x63, 0x08, 0x63, 0x08, 0x63, 0x08, 0x63, 0x08,
  0xa4, 0x10, 0x63, 0x08, 0x63, 0x08, 0x63, 0x08, 0x63, 0x08, 0x63, 0x08, 0x63, 0x08, 0x63, 0x08, 0x63, 0x08, 0x63, 0x08, 0x63, 0x08, 0x63, 0x08, 0x63, 0x08, 0x63, 0x08, 0x63, 0x08, 0x63, 0x08,
  0x63, 0x08, 0x63, 0x08, 0x63, 0x08, 0x63, 0x08, 0x63, 0x08, 0x63, 0x08, 0x63, 0x08, 0x63, 0x08, 0x63, 0x08, 0x63, 0x08, 0x63, 0x08, 0x63, 0x08, 0x63, 0x08, 0x63, 0x08, 0x63, 0x08, 0x63, 0x08,
  0xa4, 0x10, 0x63, 0x08, 0x63, 0x08, 0x63, 0x08, 0x63, 0x08, 0x63, 0x08, 0x63, 0x08, 0x63, 0x08, 0x63, 0x08, 0x63, 0x08, 0x63, 0x08, 0x63, 0x08, 0x63, 0x08, 0x63, 0x08, 0x63, 0x08, 0x63, 0x08,
  0x63, 0x08, 0x63, 0x08, 0x63, 0x08, 0x63, 0x08, 0x63, 0x08, 0x63, 0x08, 0x63, 0x08, 0x63, 0x08, 0x63, 0x08, 0x63, 0x08, 0x63, 0x08, 0x63, 0x08, 0x63, 0x08, 0x63, 0x08, 0x63, 0x08, 0x63, 0x08,
  0xa4, 0x10, 0x63, 0x08, 0x63, 0x08, 0x63, 0x08, 0x63, 0x08, 0x63, 0x08, 0x63, 0x08, 0x63, 0x08, 0x63, 0x08, 0x63, 0x08, 0x63, 0x08, 0x63, 0x08, 0x63, 0x08, 0x63, 0x08, 0x63, 0x08, 0x63, 0x08,
  0x63, 0x08, 0x63, 0x08, 0x63, 0x08, 0x63, 0x08, 0x63, 0x08, 0x63, 0x08, 0x63, 0x08, 0x63, 0x08, 0x63, 0x08, 0x63, 0x08, 0x63, 0x08, 0x63, 0x08, 0x63, 0x08, 0x63, 0x08, 0x63, 0x08, 0x63, 0x08,
  0xa4, 0x10, 0x63, 0x08, 0x63, 0x08, 0x63, 0x08, 0x63, 0x08, 0x63, 0x08, 0x63, 0x08, 0x63, 0x08, 0x63, 0x08, 0x63, 0x08, 0x63, 0x08, 0x63, 0x08, 0x63, 0x08, 0x63, 0x08, 0x63, 0x08, 0x63, 0x08,
  0x63, 0x08, 0x63, 0x08, 0x63, 0x08, 0x63, 0x08, 0x63, 0x08, 0x63, 0x08, 0x63, 0x08, 0x63, 0x08, 0x63, 0x08, 0x63, 0x08, 0x63, 0x08, 0x63, 0x08, 0x63, 0x08, 0x63, 0x08, 0x63, 0x08, 0x63, 0x08,
  0xa4, 0x10, 0x63, 0x08, 0x63, 0x08, 0x63, 0x08, 0x63, 0x08, 0x63, 0x08, 0x63, 0x08, 0x63, 0x08, 0x63, 0x08, 0x63, 0x08, 0x63, 0x08, 0x63, 0x08, 0x63, 0x08, 0x63, 0x08, 0x63, 0x08, 0x63, 0x08,
  0x63, 0x08, 0x63, 0x08, 0x63, 0x08, 0x63, 0x08, 0x63, 0x08, 0x63, 0x08, 0x63, 0x08, 0x63, 0x08, 0x63, 0x08, 0x63, 0x08, 0x63, 0x08, 0x63, 0x08, 0x63, 0x08, 0x63, 0x08, 0x63, 0x08, 0x63, 0x08,
  0xa4, 0x10, 0x63, 0x08, 0x63, 0x08, 0x63, 0x08, 0x63, 0x08, 0x63, 0x08, 0x63, 0x08, 0x63, 0x08, 0x63, 0x08, 0x63, 0x08, 0x63, 0x08, 0x63, 0x08, 0x63, 0x08, 0x63, 0x08, 0x63, 0x08, 0x63, 0x08,
  0x63, 0x08, 0x63, 0x08, 0x63, 0x08, 0x63, 0x08, 0x63, 0x08, 0x63, 0x08, 0x63, 0x08, 0x63, 0x08, 0x63, 0x08, 0x63, 0x08, 0x63, 0x08, 0x63, 0x08, 0x63, 0x08, 0x63, 0x08, 0x63, 0x08, 0x63, 0x08,
  0xa4, 0x10, 0x63, 0x08, 0x63, 0x08, 0x63, 0x08, 0x63, 0x08, 0x63, 0x08, 0x63, 0x08, 0x63, 0x08, 0x63, 0x08, 0x63, 0x08, 0x63, 0x08, 0x63, 0x08, 0x63, 0x08, 0x63, 0x08, 0x63, 0x08, 0x63, 0x08,
  0x63, 0x08, 0x63, 0x08, 0x63, 0x08, 0x63, 0x08, 0x63, 0x08, 0x63, 0x08, 0x63, 0x08, 0x63, 0x08, 0x63, 0x08, 0x63, 0x08, 0x63, 0x08, 0x63, 0x08, 0x63, 0x08, 0x63, 0x08, 0x63, 0x08, 0x63, 0x08,
  0xa4, 0x10, 0x63, 0x08, 0x63, 0x08, 0x63, 0x08, 0x63, 0x08, 0x63, 0x08, 0x63, 0x08, 0x63, 0x08, 0x63, 0x08, 0x63, 0x08, 0x63, 0x08, 0x63, 0x08, 0x63, 0x08, 0x63, 0x08, 0x63, 0x08, 0x63, 0x08,
  0x63, 0x08, 0x63, 0x08, 0x63, 0x08, 0x63, 0x08, 0x63, 0x08, 0x63, 0x08, 0x63, 0x08, 0x63, 0x08, 0x63, 0x08, 0x63, 0x08, 0x63, 0x08, 0x63, 0x08, 0x63, 0x08, 0x63, 0x08, 0x63, 0x08, 0x63, 0x08,
  0xa4, 0x10, 0x63, 0x08, 0x63, 0x08, 0x63, 0x08, 0x63, 0x08, 0x63, 0x08, 0x63, 0x08, 0x63, 0x08, 0x63, 0x08, 0x63, 0x08, 0x63, 0x08, 0x63, 0x08, 0x63, 0x08, 0x63, 0x08, 0x63, 0x08, 0x63, 0x08,
  0x63, 0x08, 0x63, 0x08, 0x63, 0x08, 0x63, 0x08, 0x63, 0x08, 0x63, 0x08, 0x63, 0x08, 0x63, 0x08, 0x63, 0x08, 0x63, 0x08, 0x63, 0x08, 0x63, 0x08, 0x63, 0x08, 0x63, 0x08, 0x63, 0x08, 0x63, 0x08,
  0xa4, 0x10, 0x63, 0x08, 0x63, 0x08, 0x63, 0x08, 0x63, 0x08, 0x63, 0x08, 0x63, 0x08, 0x63, 0x08, 0x63, 0x08, 0x63, 0x08, 0x63, 0x08, 0x63, 0x08, 0x63, 0x08, 0x63, 0x08, 0x63, 0x08, 0x63, 0x08,
  0x63, 0x08, 0x63, 0x08, 0x63, 0x08, 0x63, 0x08, 0x63, 0x08, 0x63, 0x08, 0x63, 0x08, 0x63, 0x08, 0x63, 0x08, 0x63, 0x08, 0x63, 0x08, 0x63, 0x08, 0x63, 0x08, 0x63, 0x08, 0x63, 0x08, 0x63, 0x08,
  0xa4, 0x10, 0x63, 0x08, 0x63, 0x08, 0x63, 0x08, 0x63, 0x08, 0x63, 0x08, 0x63, 0x08, 0x63, 0x08, 0x63, 0x08, 0x63, 0x08, 0x63, 0x08, 0x63, 0x08, 0x63, 0x08, 0x63, 0x08, 0x63, 0x08, 0x63, 0x08,
  0x63, 0x08, 0x63, 0x08, 0x63, 0x08, 0x63, 0x08, 0x63, 0x08, 0x63, 0x08, 0x63, 0x08, 0x63, 0x08, 0x63, 0x08, 0x63, 0x08, 0x63, 0x08, 0x63, 0x08, 0x63, 0x08, 0x63, 0x08, 0x63, 0x08, 0x63, 0x08,
  0xa4, 0x10, 0x63, 0x08, 0x63, 0x08, 0x63, 0x08, 0x63, 0x08, 0x63, 0x08, 0x63, 0x08, 0x63, 0x08, 0x63, 0x08, 0x63, 0x08, 0x63, 0x08, 0x63, 0x08, 0x63, 0x08, 0x63, 0x08, 0x63, 0x08, 0x63, 0x08,
  0x63, 0x08, 0x63, 0x08, 0x63, 0x08, 0x63, 0x08, 0x63, 0x08, 0x63, 0x08, 0x63, 0x08, 0x63, 0x08, 0x63, 0x08, 0x63, 0x08, 0x63, 0x08, 0x63, 0x08, 0x63, 0x08, 0x63, 0x08, 0x63, 0x08, 0x63, 0x08,
  0xa4, 0x10, 0x63, 0x08, 0x63, 0x08, 0x63, 0x08, 0x63, 0x08, 0x63, 0x08, 0x63, 0x08, 0x63, 0x08, 0x63, 0x08, 0x63, 0x08, 0x63, 0x08, 0x63, 0x08, 0x63, 0x08, 0x63, 0x08, 0x63, 0x08, 0x63, 0x08,
  0x63, 0x08, 0x63, 0x08, 0x63, 0x08, 0x63, 0x08, 0x63, 0x08, 0x63, 0x08, 0x63, 0x08, 0x63, 0x08, 0x63, 0x08, 0x63, 0x08, 0x63, 0x08, 0x63, 0x08, 0x63, 0x08, 0x63, 0x08, 0x63, 0x08, 0x63, 0x08,
  0xa4, 0x10, 0x63, 0x08, 0x63, 0x08, 0x63, 0x08, 0x63, 0x08, 0x63, 0x08, 0x63, 0x08, 0x63, 0x08, 0x63, 0x08, 0x63, 0x08, 0x63, 0x08, 0x63, 0x08, 0x63, 0x08, 0x63, 0x08, 0x63, 0x08, 0x63, 0x08,
  0x63, 0x08, 0x63, 0x08, 0x63, 0x08, 0x63, 0x08, 0x63, 0x08, 0x63, 0x08, 0x63, 0x08, 0x63, 0x08, 0x63, 0x08, 0x63, 0x08, 0x63, 0x08, 0x63, 0x08, 0x63, 0x08, 0x63, 0x08, 0x63, 0x08, 0x63, 0x08,
  0xa4, 0x10, 0x63, 0x08, 0x63, 0x08, 0x63, 0x08, 0x63, 0x08, 0x63, 0x08, 0x63, 0x08, 0x63, 0x08, 0x63, 0x08, 0x63, 0x08, 0x63, 0x08, 0x63, 0x08, 0x63, 0x08, 0x63, 0x08, 0x63, 0x08, 0x63, 0x08,
  0x63, 0x08, 0x63, 0x08, 0x63, 0x08, 0x63, 0x08, 0x63, 0x08, 0x63, 0x08, 0x63, 0x08, 0x63, 0x08, 0x63, 0x08, 0x63, 0x08, 0x63, 0x08, 0x63, 0x08, 0x63, 0x08, 0x63, 0x08, 0x63, 0x08, 0x63, 0x08,
  0xa4, 0x10, 0x63, 0x08, 0x63, 0x08, 0x63, 0x08, 0x63, 0x08, 0x63, 0x08, 0x63, 0x08, 0x63, 0x08, 0x63, 0x08, 0x63, 0x08, 0x63, 0x08, 0x63, 0x08, 0x63, 0x08, 0x63, 0x08, 0x63, 0x08, 0x63, 0x08,
  0x63, 0x08, 0x63, 0x08, 0x63, 0x08, 0x63, 0x08, 0x63, 0x08, 0x63, 0x08, 0x63, 0x08, 0x63, 0x08, 0x63, 0x08, 0x63, 0x08, 0x63, 0x08, 0x63, 0x08, 0x63, 0x08, 0x63, 0x08, 0x63, 0x08, 0x63, 0x08,
  0xa4, 0x10, 0x63, 0x08, 0x63, 0x08, 0x63, 0x08, 0x63, 0x08, 0x63, 0x08, 0x63, 0x08, 0x63, 0x08, 0x63, 0x08, 0x63, 0x08, 0x63, 0x08, 0x63, 0x08, 0x63, 0x08, 0x63, 0x08, 0x63, 0x08, 0x63, 0x08,
  0x63, 0x08, 0x63, 0x08, 0x63, 0x08, 0x63, 0x08, 0x63, 0x08, 0x63, 0x08, 0x63, 0x08, 0x63, 0x08, 0x63, 0x08, 0x63, 0x08, 0x63, 0x08, 0x63, 0x08, 0x63, 0x08, 0x63, 0x08, 0x63, 0x08, 0x63, 0x08,
  0xa4, 0x10, 0x63, 0x08, 0x63, 0x08, 0x63, 0x08, 0x63, 0x08, 0x63, 0x08, 0x63, 0x08, 0x63, 0x08, 0x63, 0x08, 0x63, 0x08, 0x63, 0x08, 0x63, 0x08, 0x63, 0x08, 0x63, 0x08, 0x63, 0x08, 0x63, 0x08,
  0x63, 0x08, 0x63, 0x08, 0x63, 0x08, 0x63, 0x08, 0x63, 0x08, 0x63, 0x08, 0x63, 0x08, 0x63, 0x08, 0x63, 0x08, 0x63, 0x08, 0x63, 0x08, 0x63, 0x08, 0x63, 0x08, 0x63, 0x08, 0x63, 0x08, 0x63, 0x08,
  0xa4, 0x10, 0x63, 0x08, 0x63, 0x08, 0x63, 0x08, 0x63, 0x08, 0x63, 0x08, 0x63, 0x08, 0x63, 0x08, 0x63, 0x08, 0x63, 0x08, 0x63, 0x08, 0x63, 0x08, 0x63, 0x08, 0x63, 0x08, 0x63, 0x08, 0x63, 0x08,
  0x63, 0x08, 0x63, 0x08, 0x63, 0x08, 0x63, 0x08, 0x63, 0x08, 0x63, 0x08, 0x63, 0x08, 0x63, 0x08, 0x63, 0x08, 0x63, 0x08, 0x63, 0x08, 0x63, 0x08, 0x63, 0x08, 0x63, 0x08, 0x63, 0x08, 0x63, 0x08,
  0xa4, 0x10, 0x63, 0x08, 0x63, 0x08, 0x63, 0x08, 0x63, 0x08, 0x63, 0x08, 0x63, 0x08, 0x63, 0x08, 0x63, 0x08, 0x63, 0x08, 0x63, 0x08, 0x63, 0x08, 0x63, 0x08, 0x63, 0x08, 0x63, 0x08, 0x63, 0x08,
  0x63, 0x08, 0x63, 0x08, 0x63, 0x08, 0x63, 0x08, 0x63, 0x08, 0x63, 0x08, 0x63, 0x08, 0x63, 0x08, 0x63, 0x08, 0x63, 0x08, 0x63, 0x08, 0x63, 0x08, 0x63, 0x08, 0x63, 0x08, 0x63, 0x08, 0x63, 0x08,
  0xa4, 0x10, 0x63, 0x08, 0x63, 0x08, 0x63, 0x08, 0x63, 0x08, 0x63, 0x08, 0x63, 0x08, 0x63, 0x08, 0x63, 0x08, 0x63, 0x08, 0x63, 0x08, 0x63, 0x08, 0x63, 0x08, 0x63, 0x08, 0x63, 0x08, 0x63, 0x08,
  0x63, 0x08, 0x63, 0x08, 0x63, 0x08, 0x63, 0x08, 0x63, 0x08, 0x63, 0x08, 0x63, 0x08, 0x63, 0x08, 0x63, 0x08, 0x63, 0x08, 0x63, 0x08, 0x63, 0x08, 0x63, 0x08, 0x63, 0x08, 0x63, 0x08, 0x63, 0x08,
  0xa4, 0x10, 0x63, 0x08, 0x63, 0x08, 0x63, 0x08, 0x63, 0x08, 0x63, 0x08, 0x63, 0x08, 0x63, 0x08, 0x63, 0x08, 0x63, 0x08, 0x63, 0x08, 0x63, 0x08, 0x63, 0x08, 0x63, 0x08, 0x63, 0x08, 0x63, 0x08,
  0x63, 0x08, 0x63, 0x08, 0x63, 0x08, 0x63, 0x08, 0x63, 0x08, 0x63, 0x08, 0x63, 0x08, 0x63, 0x08, 0x63, 0x08, 0x63, 0x08, 0x63, 0x08, 0x63, 0x08, 0x63, 0x08, 0x63, 0x08, 0x63, 0x08, 0x63, 0x08,
  0xa4, 0x10, 0x63, 0x08, 0x63, 0x08, 0x63, 0x08, 0x63, 0x08, 0x63, 0x08, 0x63, 0x08, 0x63, 0x08, 0x63, 0x08, 0x63, 0x08, 0x63, 0x08, 0x63, 0x08, 0x63, 0x08, 0x63, 0x08, 0x63, 0x08, 0x63, 0x08,
  0x63, 0x08, 0x63, 0x08, 0x63, 0x08, 0x63, 0x08, 0x63, 0x08, 0x63, 0x08, 0x63, 0x08, 0x63, 0x08, 0x63, 0x08, 0x63, 0x08, 0x63, 0x08, 0x63, 0x08, 0x63, 0x08, 0x63, 0x08, 0x63, 0x08, 0x63, 0x08,
  0xa4, 0x10, 0x63, 0x08, 0x63, 0x08, 0x63, 0x08, 0x63, 0x08, 0x63, 0x08, 0x63, 0x08, 0x63, 0x08, 0x63, 0x08, 0x63, 0x08, 0x63, 0x08, 0x63, 0x08, 0x63, 0x08, 0x63, 0x08, 0x63, 0x08, 0x63, 0x08,
  0x63, 0x08, 0x63, 0x08, 0x63, 0x08, 0x63, 0x08, 0x63, 0x08, 0x63, 0x08, 0x63, 0x08, 0x63, 0x08, 0x63, 0x08, 0x63, 0x08, 0x63, 0x08, 0x63, 0x08, 0x63, 0x08, 0x63, 0x08, 0x63, 0x08, 0x63, 0x08,
  0xa4, 0x10, 0x63, 0x08, 0x63, 0x08, 0x63, 0x08, 0x63, 0x08, 0x63, 0x08, 0x63, 0x08, 0x63, 0x08, 0x63, 0x08, 0x63, 0x08, 0x63, 0x08, 0x63, 0x08, 0x63, 0x08, 0x63, 0x08, 0x63, 0x08, 0x63, 0x08,
  0x63, 0x08, 0x63, 0x08, 0x63, 0x08, 0x63, 0x08, 0x63, 0x08, 0x63, 0x08, 0x63, 0x08, 0x63, 0x08, 0x63, 0x08, 0x63, 0x08, 0x63, 0x08, 0x63, 0x08, 0x63, 0x08, 0x63, 0x08, 0x63, 0x08, 0x63, 0x08,
  0xa4, 0x10, 0x63, 0x08, 0x63, 0x08, 0x63, 0x08, 0x63, 0x08, 0x63, 0x08, 0x63, 0x08, 0x63, 0x08, 0x63, 0x08, 0x63, 0x08, 0x63, 0x08, 0x63, 0x08, 0x63, 0x08, 0x63, 0x08, 0x63, 0x08, 0x63, 0x08,
  0x63, 0x08, 0x63, 0x08, 0x63, 0x08, 0x63, 0x08, 0x63, 0x08, 0x63, 0x08, 0x63, 0x08, 0x63, 0x08, 0x63, 0x08, 0x63, 0x08, 0x63, 0x08, 0x63, 0x08, 0x63, 0x08, 0x63, 0x08, 0x63, 0x08, 0x63, 0x08,
  0xa4, 0x10, 0x63, 0x08, 0x63, 0x08, 0x63, 0x08, 0x63, 0x08, 0x63, 0x08, 0x63, 0x08, 0x63, 0x08, 0x63, 0x08, 0x63, 0x08, 0x63, 0x08, 0x63, 0x08, 0x63, 0x08, 0x63, 0x08, 0x63, 0x08, 0x63, 0x08,
  0x63, 0x08, 0x63, 0x08, 0x63, 0x08, 0x63, 0x08, 0x63, 0x08, 0x63, 0x08, 0x63, 0x08, 0x63, 0x08, 0x63, 0x08, 0x63, 0x08, 0x63, 0x08, 0x63, 0x08, 0x63, 0x08, 0x63, 0x08, 0x63, 0x08, 0x63, 0x08,
  0xa4, 0x10, 0x63, 0x08, 0x63, 0x08, 0x63, 0x08, 0x63, 0x08, 0x63, 0x08, 0x63, 0x08, 0x63, 0x08, 0x63, 0x08, 0x63, 0x08, 0x63, 0x08, 0x63, 0x08, 0x63, 0x08, 0x63, 0x08, 0x63, 0x08, 0x63, 0x08,
  0x63, 0x08, 0x63, 0x08, 0x63, 0x08, 0x63, 0x08, 0x63, 0x08, 0x63, 0x08, 0x63, 0x08, 0x63, 0x08, 0x63, 0x08, 0x63, 0x08, 0x63, 0x08, 0x63, 0x08, 0x63, 0x08, 0x63, 0x08, 0x63, 0x08, 0x63, 0x08,
  0xe5, 0x18, 0xa4, 0x10, 0xa4, 0x10, 0xa4, 0x10, 0xa4, 0x10, 0xa4, 0x10, 0xa4, 0x10, 0xa4, 0x10, 0xa4, 0x10, 0xa4, 0x10, 0xa4, 0x10, 0xa4, 0x10, 0xa4, 0x10, 0xa4, 0x10, 0xa4, 0x10, 0xa4, 0x10,
  0xa4, 0x10, 0xa4, 0x10, 0xa4, 0x10, 0xa4, 0x10, 0xa4, 0x10, 0xa4, 0x10, 0xa4, 0x10, 0xa4, 0x10, 0xa4, 0x10, 0xa4, 0x10, 0xa4, 0x10, 0xa4, 0x10, 0xa4, 0x10, 0xa4, 0x10, 0xa4, 0x10, 0xa4, 0x10,
  0xe5, 0x18, 0xa4, 0x10, 0xa4, 0x10, 0xa4, 0x10, 0xa4, 0x10, 0xa4, 0x10, 0xa4, 0x10, 0xa4, 0x10, 0xa4, 0x10, 0xa4, 0x10, 0xa4, 0x10, 0xa4, 0x10, 0xa4, 0x10, 0xa4, 0x10, 0xa4, 0x10, 0xa4, 0x10,
  0xa4, 0x10, 0xa4, 0x10, 0xa4, 0x10, 0xa4, 0x10, 0xa4, 0x10, 0xa4, 0x10, 0xa4, 0x10, 0xa4, 0x10, 0xa4, 0x10, 0xa4, 0x10, 0xa4, 0x10, 0xa4, 0x10, 0xa4, 0x10, 0xa4, 0x10, 0xa4, 0x10, 0xa4, 0x10,
  0xe5, 0x18, 0xa4, 0x10, 0xa4, 0x10, 0xa4, 0x10, 0xa4, 0x10, 0xa4, 0x10, 0xa4, 0x10, 0xa4, 0x10, 0xa4, 0x10, 0xa4, 0x10, 0xa4, 0x10, 0xa4, 0x10, 0xa4, 0x10, 0xa4, 0x10, 0xa4, 0x10, 0xa4, 0x10,
  0xa4, 0x10, 0xa4, 0x10, 0xa4, 0x10, 0xa4, 0x10, 0xa4, 0x10, 0xa4, 0x10, 0xa4, 0x10, 0xa4, 0x10, 0xa4, 0x10, 0xa4, 0x10, 0xa4, 0x10, 0xa4, 0x10, 0xa4, 0x10, 0xa4, 0x10, 0xa4, 0x10, 0xa4, 0x10,
  0xe5, 0x18, 0xa4, 0x10, 0xa4, 0x10, 0xa4, 0x10, 0xa4, 0x10, 0xa4, 0x10, 0xa4, 0x10, 0xa4, 0x10, 0xa4, 0x10, 0xa4, 0x10, 0xa4, 0x10, 0xa4, 0x10, 0xa4, 0x10, 0xa4, 0x10, 0xa4, 0x10, 0xa4, 0x10,
  0xa4, 0x10, 0xa4, 0x10, 0xa4, 0x10, 0xa4, 0x10, 0xa4, 0x10, 0xa4, 0x10, 0xa4, 0x10, 0xa4, 0x10, 0xa4, 0x10, 0xa4, 0x10, 0xa4, 0x10, 0xa4, 0x10, 0xa4, 0x10, 0xa4, 0x10, 0xa4, 0x10, 0xa4, 0x10,
  0xe5, 0x18, 0xa4, 0x10, 0xa4, 0x10, 0xa4, 0x10, 0xa4, 0x10, 0xa4, 0x10, 0xa4, 0x10, 0xa4, 0x10, 0xa4, 0x10, 0xa4, 0x10, 0xa4, 0x10, 0xa4, 0x10, 0xa4, 0x10, 0xa4, 0x10, 0xa4, 0x10, 0xa4, 0x10,
  0xa4, 0x10, 0xa4, 0x10, 0xa4, 0x10, 0xa4, 0x10, 0xa4, 0x10, 0xa4, 0x10, 0xa4, 0x10, 0xa4, 0x10, 0xa4, 0x10, 0xa4, 0x10, 0xa4, 0x10, 0xa4, 0x10, 0xa4, 0x10, 0xa4, 0x10, 0xa4, 0x10, 0xa4, 0x10,
  0xe5, 0x18, 0xa4, 0x10, 0xa4, 0x10, 0xa4, 0x10, 0xa4, 0x10, 0xa4, 0x10, 0xa4, 0x10, 0xa4, 0x10, 0xa4, 0x10, 0xa4, 0x10, 0xa4, 0x10, 0xa4, 0x10, 0xa4, 0x10, 0xa4, 0x10, 0xa4, 0x10, 0xa4, 0x10,
  0xa4, 0x10, 0xa4, 0x10, 0xa4, 0x10, 0xa4, 0x10, 0xa4, 0x10, 0xa4, 0x10, 0xa4, 0x10, 0xa4, 0x10, 0xa4, 0x10, 0xa4, 0x10, 0xa4, 0x10, 0xa4, 0x10, 0xa4, 0x10, 0xa4, 0x10, 0xa4, 0x10, 0xa4, 0x10,
  0xe5, 0x18, 0xa4, 0x10, 0xa4, 0x10, 0xa4, 0x10, 0xa4, 0x10, 0xa4, 0x10, 0xa4, 0x10, 0xa4, 0x10, 0xa4, 0x10, 0xa4, 0x10, 0xa4, 0x10, 0xa4, 0x10, 0xa4, 0x10, 0xa4, 0x10, 0xa4, 0x10, 0xa4, 0x10,
  0xa4, 0x10, 0xa4, 0x10, 0xa4, 0x10, 0xa4, 0x10, 0xa4, 0x10, 0xa4, 0x10, 0xa4, 0x10, 0xa4, 0x10, 0xa4, 0x10, 0xa4, 0x10, 0xa4, 0x10, 0xa4, 0x10, 0xa4, 0x10, 0xa4, 0x10, 0xa4, 0x10, 0xa4, 0x10,
  0xe5, 0x18, 0xa4, 0x10, 0xa4, 0x10, 0xa4, 0x10, 0xa4, 0x10, 0xa4, 0x10, 0xa4, 0x10, 0xa4, 0x10, 0xa4, 0x10, 0xa4, 0x10, 0xa4, 0x10, 0xa4, 0x10, 0xa4, 0x10, 0xa4, 0x10, 0xa4, 0x10, 0xa4, 0x10,
  0xa4, 0x10, 0xa4, 0x10, 0xa4, 0x10, 0xa4, 0x10, 0xa4, 0x10, 0xa4, 0x10, 0xa4, 0x10, 0xa4, 0x10, 0xa4, 0x10, 0xa4, 0x10, 0xa4, 0x10, 0xa4, 0x10, 0xa4, 0x10, 0xa4, 0x10, 0xa4, 0x10, 0xa4, 0x10,
  0xe5, 0x18, 0xa4, 0x10, 0xa4, 0x10, 0xa4, 0x10, 0xa4, 0x10, 0xa4, 0x10, 0xa4, 0x10, 0xa4, 0x10, 0xa4, 0x10, 0xa4, 0x10, 0xa4, 0x10, 0xa4, 0x10, 0xa4, 0x10, 0xa4, 0x10, 0xa4, 0x10, 0xa4, 0x10,
  0xa4, 0x10, 0xa4, 0x10, 0xa4, 0x10, 0xa4, 0x10, 0xa4, 0x10, 0xa4, 0x10, 0xa4, 0x10, 0xa4, 0x10, 0xa4, 0x10, 0xa4, 0x10, 0xa4, 0x10, 0xa4, 0x10, 0xa4, 0x10, 0xa4, 0x10, 0xa4, 0x10, 0xa4, 0x10,
  0xe5, 0x18, 0xa4, 0x10, 0xa4, 0x10, 0xa4, 0x10, 0xa4, 0x10, 0xa4, 0x10, 0xa4, 0x10, 0xa4, 0x10, 0xa4, 0x10, 0xa4, 0x10, 0xa4, 0x10, 0xa4, 0x10, 0xa4, 0x10, 0xa4, 0x10, 0xa4, 0x10, 0xa4, 0x10,
  0xa4, 0x10, 0xa4, 0x10, 0xa4, 0x10, 0xa4, 0x10, 0xa4, 0x10, 0xa4, 0x10, 0xa4, 0x10, 0xa4, 0x10, 0xa4, 0x10, 0xa4, 0x10, 0xa4, 0x10, 0xa4, 0x10, 0xa4, 0x10, 0xa4, 0x10, 0xa4, 0x10, 0xa4, 0x10,
  0xa4, 0x10, 0x63, 0x08, 0x63, 0x08, 0x63, 0x08, 0x63, 0x08, 0x63, 0x08, 0x63, 0x08, 0x63, 0x08, 0x63, 0x08, 0x63, 0x08, 0x63, 0x08, 0x63, 0x08, 0x63, 0x08, 0x63, 0x08, 0x63, 0x08, 0x63, 0x08,
  0x63, 0x08, 0x63, 0x08, 0x63, 0x08, 0x63, 0x08, 0x63, 0x08, 0x63, 0x08, 0x63, 0x08, 0x63, 0x08, 0x63, 0x08, 0x63, 0x08, 0x63, 0x08, 0x63, 0x08, 0x63, 0x08, 0x63, 0x08, 0x63, 0x08, 0x63, 0x08,
  0xa4, 0x10, 0x63, 0x08, 0x63, 0x08, 0x63, 0x08, 0x63, 0x08, 0x63, 0x08, 0x63, 0x08, 0x63, 0x08, 0x63, 0x08, 0x63, 0x08, 0x63, 0x08, 0x63, 0x08, 0x63, 0x08, 0x63, 0x08, 0x63, 0x08, 0x63, 0x08,
  0x63, 0x08, 0x63, 0x08, 0x63, 0x08, 0x63, 0x08, 0x63, 0x08, 0x63, 0x08, 0x63, 0x08, 0x63, 0x08, 0x63, 0x08, 0x63, 0x08, 0x63, 0x08, 0x63, 0x08, 0x63, 0x08, 0x63, 0x08, 0x63, 0x08, 0x63, 0x08,
  0xa4, 0x10, 0x63, 0x08, 0x63, 0x08, 0x63, 0x08, 0x63, 0x08, 0x63, 0x08, 0x63, 0x08, 0x63, 0x08, 0x63, 0x08, 0x63, 0x08, 0x63, 0x08, 0x63, 0x08, 0x63, 0x08, 0x63, 0x08, 0x63, 0x08, 0x63, 0x08,
  0x63, 0x08, 0x63, 0x08, 0x63, 0x08, 0x63, 0x08, 0x63, 0x08, 0x63, 0x08, 0x63, 0x08, 0x63, 0x08, 0x63, 0x08, 0x63, 0x08, 0x63, 0x08, 0x63, 0x08, 0x63, 0x08, 0x63, 0x08, 0x63, 0x08, 0x63, 0x08,
  0xa4, 0x10, 0x63, 0x08, 0x63, 0x08, 0x63, 0x08, 0x63, 0x08, 0x63, 0x08, 0x63, 0x08, 0x63, 0x08, 0x63, 0x08, 0x63, 0x08, 0x63, 0x08, 0x63, 0x08, 0x63, 0x08, 0x63, 0x08, 0x63, 0x08, 0x63, 0x08,
  0x63, 0x08, 0x63, 0x08, 0x63, 0x08, 0x63, 0x08, 0x63, 0x08, 0x63, 0x08, 0x63, 0x08, 0x63, 0x08, 0x63, 0x08, 0x63, 0x08, 0x63, 0x08, 0x63, 0x08, 0x63, 0x08, 0x63, 0x08, 0x63, 0x08, 0x63, 0x08,
  0xa4, 0x10, 0x63, 0x08, 0x63, 0x08, 0x63, 0x08, 0x63, 0x08, 0x63, 0x08, 0x63, 0x08, 0x63, 0x08, 0x63, 0x08, 0x63, 0x08, 0x63, 0x08, 0x63, 0x08, 0x63, 0x08, 0x63, 0x08, 0x63, 0x08, 0x63, 0x08,
  0x63, 0x08, 0x63, 0x08, 0x63, 0x08, 0x63, 0x08, 0x63, 0x08, 0x63, 0x08, 0x63, 0x08, 0x63, 0x08, 0x63, 0x08, 0x63, 0x08, 0x63, 0x08, 0x63, 0x08, 0x63, 0x08, 0x63, 0x08, 0x63, 0x08, 0x63, 0x08,
  0xa4, 0x10, 0x63, 0x08, 0x63, 0x08, 0x63, 0x08, 0x63, 0x08, 0x63, 0x08, 0x63, 0x08, 0x63, 0x08, 0x63, 0x08, 0x63, 0x08, 0x63, 0x08, 0x63, 0x08, 0x63, 0x08, 0x63, 0x08, 0x63, 0x08, 0x63, 0x08,
  0x63, 0x08, 0x63, 0x08, 0x63, 0x08, 0x63, 0x08, 0x63, 0x08, 0x63, 0x08, 0x63, 0x08, 0x63, 0x08, 0x63, 0x08, 0x63, 0x08, 0x63, 0x08, 0x63, 0x08, 0x63, 0x08, 0x63, 0x08, 0x63, 0x08, 0x63, 0x08,
  0xa4, 0x10, 0x63, 0x08, 0x63, 0x08, 0x63, 0x08, 0x63, 0x08, 0x63, 0x08, 0x63, 0x08, 0x63, 0x08, 0x63, 0x08, 0x63, 0x08, 0x63, 0x08, 0x63, 0x08, 0x63, 0x08, 0x63, 0x08, 0x63, 0x08, 0x63, 0x08,
  0x63, 0x08, 0x63, 0x08, 0x63, 0x08, 0x63, 0x08, 0x63, 0x08, 0x63, 0x08, 0x63, 0x08, 0x63, 0x08, 0x63, 0x08, 0x63, 0x08, 0x63, 0x08, 0x63, 0x08, 0x63, 0x08, 0x63, 0x08, 0x63, 0x08, 0x63, 0x08,
  0xa4, 0x10, 0x63, 0x08, 0x63, 0x08, 0x63, 0x08, 0x63, 0x08, 0x63, 0x08, 0x63, 0x08, 0x63, 0x08, 0x63, 0x08, 0x63, 0x08, 0x63, 0x08, 0x63, 0x08, 0x63, 0x08, 0x63, 0x08, 0x63, 0x08, 0x63, 0x08,
  0x63, 0x08, 0x63, 0x08, 0x63, 0x08, 0x63, 0x08, 0x63, 0x08, 0x63, 0x08, 0x63, 0x08, 0x63, 0x08, 0x63, 0x08, 0x63, 0x08, 0x63, 0x08, 0x63, 0x08, 0x63, 0x08, 0x63, 0x08, 0x63, 0x08, 0x63, 0x08,
  0xa4, 0x10, 0x63, 0x08, 0x63, 0x08, 0x63, 0x08, 0x63, 0x08, 0x63, 0x08, 0x63, 0x08, 0x63, 0x08, 0x63, 0x08, 0x63, 0x08, 0x63, 0x08, 0x63, 0x08, 0x63, 0x08, 0x63, 0x08, 0x63, 0x08, 0x63, 0x08,
  0x63, 0x08, 0x63, 0x08, 0x63, 0x08, 0x63, 0x08, 0x63, 0x08, 0x63, 0x08, 0x63, 0x08, 0x63, 0x08, 0x63, 0x08, 0x63, 0x08, 0x63, 0x08, 0x63, 0x08, 0x63, 0x08, 0x63, 0x08, 0x63, 0x08, 0x63, 0x08,
  0xa4, 0x10, 0x63, 0x08, 0x63, 0x08, 0x63, 0x08, 0x63, 0x08, 0x63, 0x08, 0x63, 0x08, 0x63, 0x08, 0x63, 0x08, 0x63, 0x08, 0x63, 0x08, 0x63, 0x08, 0x63, 0x08, 0x63, 0x08, 0x63, 0x08, 0x63, 0x08,
  0x63, 0x08, 0x63, 0x08, 0x63, 0x08, 0x63, 0x08, 0x63, 0x08, 0x63, 0x08, 0x63, 0x08, 0x63, 0x08, 0x63, 0x08, 0x63, 0x08, 0x63, 0x08, 0x63, 0x08, 0x63, 0x08, 0x63, 0x08, 0x63, 0x08, 0x63, 0x08,
  0xa4, 0x10, 0x63, 0x08, 0x63, 0x08, 0x63, 0x08, 0x63, 0x08, 0x63, 0x08, 0x63, 0x08, 0x63, 0x08, 0x63, 0x08, 0x63, 0x08, 0x63, 0x08, 0x63, 0x08, 0x63, 0x08, 0x63, 0x08, 0x63, 0x08, 0x63, 0x08,
  0x63, 0x08, 0x63, 0x08, 0x63, 0x08, 0x63, 0x08, 0x63, 0x08, 0x63, 0x08, 0x63, 0x08, 0x63, 0x08, 0x63, 0x08, 0x63, 0x08, 0x63, 0x08, 0x63, 0x08, 0x63, 0x08, 0x63, 0x08, 0x63, 0x08, 0x63, 0x08,
  0xa4, 0x10, 0x63, 0x08, 0x63, 0x08, 0x63, 0x08, 0x63, 0x08, 0x63, 0x08, 0x63, 0x08, 0x63, 0x08, 0x63, 0x08, 0x63, 0x08, 0x63, 0x08, 0x63, 0x08, 0x63, 0x08, 0x63, 0x08, 0x63, 0x08, 0x63, 0x08,
  0x63, 0x08, 0x63, 0x08, 0x63, 0x08, 0x63, 0x08, 0x63, 0x08, 0x63, 0x08, 0x63, 0x08, 0x63, 0x08, 0x63, 0x08, 0x63, 0x08, 0x63, 0x08, 0x63, 0x08, 0x63, 0x08, 0x63, 0x08, 0x63, 0x08, 0x63, 0x08,
  0xa4, 0x10, 0x63, 0x08, 0x63, 0x08, 0x63, 0x08, 0x63, 0x08, 0x63, 0x08, 0x63, 0x08, 0x63, 0x08, 0x63, 0x08, 0x63, 0x08, 0x63, 0x08, 0x63, 0x08, 0x63, 0x08, 0x63, 0x08, 0x63, 0x08, 0x63, 0x08,
  0x63, 0x08, 0x63, 0x08, 0x63, 0x08, 0x63, 0x08, 0x63, 0x08, 0x63, 0x08, 0x63, 0x08, 0x63, 0x08, 0x63, 0x08, 0x63, 0x08, 0x63, 0x08, 0x63, 0x08, 0x63, 0x08, 0x63, 0x08, 0x63, 0x08, 0x63, 0x08,
  0xa4, 0x10, 0x63, 0x08, 0x63, 0x08, 0x63, 0x08, 0x63, 0x08, 0x63, 0x08, 0x63, 0x08, 0x63, 0x08, 0x63, 0x08, 0x63, 0x08, 0x63, 0x08, 0x63, 0x08, 0x63, 0x08, 0x63, 0x08, 0x63, 0x08, 0x63, 0x08,
  0x63, 0x08, 0x63, 0x08, 0x63, 0x08, 0x63, 0x08, 0x63, 0x08, 0x63, 0x08, 0x63, 0x08, 0x63, 0x08, 0x63, 0x08, 0x63, 0x08, 0x63, 0x08, 0x63, 0x08, 0x63, 0x08, 0x63, 0x08, 0x63, 0x08, 0x63, 0x08,
  0xa4, 0x10, 0x63, 0x08, 0x63, 0x08, 0x63, 0x08, 0x63, 0x08, 0x63, 0x08, 0x63, 0x08, 0x63, 0x08, 0x63, 0x08, 0x63, 0x08, 0x63, 0x08, 0x63, 0x08, 0x63, 0x08, 0x63, 0x08, 0x63, 0x08, 0x63, 0x08,
  0x63, 0x08, 0x63, 0x08, 0x63, 0x08, 0x63, 0x08, 0x63, 0x08, 0x63, 0x08, 0x63, 0x08, 0x63, 0x08, 0x63, 0x08, 0x63, 0x08, 0x63, 0x08, 0x63, 0x08, 0x63, 0x08, 0x63, 0x08, 0x63, 0x08, 0x63, 0x08,
  0xa4, 0x10, 0x63, 0x08, 0x63, 0x08, 0x63, 0x08, 0x63, 0x08, 0x63, 0x08, 0x63, 0x08, 0x63, 0x08, 0x63, 0x08, 0x63, 0x08, 0x63, 0x08, 0x63, 0x08, 0x63, 0x08, 0x63, 0x08, 0x63, 0x08, 0x63, 0x08,
  0x63, 0x08, 0x63, 0x08, 0x63, 0x08, 0x63, 0x08, 0x63, 0x08, 0x63, 0x08, 0x63, 0x08, 0x63, 0x08, 0x63, 0x08, 0x63, 0x08, 0x63, 0x08, 0x63, 0x08, 0x63, 0x08, 0x63, 0x08, 0x63, 0x08, 0x63, 0x08,
  0xa4, 0x10, 0x63, 0x08, 0x63, 0x08, 0x63, 0x08, 0x63, 0x08, 0x63, 0x08, 0x63, 0x08, 0x63, 0x08, 0x63, 0x08, 0x63, 0x08, 0x63, 0x08, 0x63, 0x08, 0x63, 0x08, 0x63, 0x08, 0x63, 0x08, 0x63, 0x08,
  0x63, 0x08, 0x63, 0x08, 0x63, 0x08, 0x63, 0x08, 0x63, 0x08, 0x63, 0x08, 0x63, 0x08, 0x63, 0x08, 0x63, 0x08, 0x63, 0x08, 0x63, 0x08, 0x63, 0x08, 0x63, 0x08, 0x63, 0x08, 0x63, 0x08, 0x63, 0x08,
  0xa4, 0x10, 0x63, 0x08, 0x63, 0x08, 0x63, 0x08, 0x63, 0x08, 0x63, 0x08, 0x63, 0x08, 0x63, 0x08, 0x63, 0x08, 0x63, 0x08, 0x63, 0x08, 0x63, 0x08, 0x63, 0x08, 0x63, 0x08, 0x63, 0x08, 0x63, 0x08,
  0x63, 0x08, 0x63, 0x08, 0x63, 0x08, 0x63, 0x08, 0x63, 0x08, 0x63, 0x08, 0x63, 0x08, 0x63, 0x08, 0x63, 0x08, 0x63, 0x08, 0x63, 0x08, 0x63, 0x08, 0x63, 0x08, 0x63, 0x08, 0x63, 0x08, 0x63, 0x08,
  0xa4, 0x10, 0x63, 0x08, 0x63, 0x08, 0x63, 0x08, 0x63, 0x08, 0x63, 0x08, 0x63, 0x08, 0x63, 0x08, 0x63, 0x08, 0x63, 0x08, 0x63, 0x08, 0x63, 0x08, 0x63, 0x08, 0x63, 0x08, 0x63, 0x08, 0x63, 0x08,
  0x63, 0x08, 0x63, 0x08, 0x63, 0x08, 0x63, 0x08, 0x63, 0x08, 0x63, 0x08, 0x63, 0x08, 0x63, 0x08, 0x63, 0x08, 0x63, 0x08, 0x63, 0x08, 0x63, 0x08, 0x63, 0x08, 0x63, 0x08, 0x63, 0x08, 0x63, 0x08,
  0xa4, 0x10, 0x63, 0x08, 0x63, 0x08, 0x63, 0x08, 0x63, 0x08, 0x63, 0x08, 0x63, 0x08, 0x63, 0x08, 0x63, 0x08, 0x63, 0x08, 0x63, 0x08, 0x63, 0x08, 0x63, 0x08, 0x63, 0x08, 0x63, 0x08, 0x63, 0x08,
  0x63, 0x08, 0x63, 0x08, 0x63, 0x08, 0x63, 0x08, 0x63, 0x08, 0x63, 0x08, 0x63, 0x08, 0x63, 0x08, 0x63, 0x08, 0x63, 0x08, 0x63, 0x08, 0x63, 0x08, 0x63, 0x08, 0x63, 0x08, 0x63, 0x08, 0x63, 0x08,
  0xa4, 0x10, 0x63, 0x08, 0x63, 0x08, 0x63, 0x08, 0x63, 0x08, 0x63, 0x08, 0x63, 0x08, 0x63, 0x08, 0x63, 0x08, 0x63, 0x08, 0x63, 0x08, 0x63, 0x08, 0x63, 0x08, 0x63, 0x08, 0x63, 0x08, 0x63, 0x08,
  0x63, 0x08, 0x63, 0x08, 0x63, 0x08, 0x63, 0x08, 0x63, 0x08, 0x63, 0x08, 0x63, 0x08, 0x63, 0x08, 0x63, 0x08, 0x63, 0x08, 0x63, 0x08, 0x63, 0x08, 0x63, 0x08, 0x63, 0x08, 0x63, 0x08, 0x63, 0x08,
  0xa4, 0x10, 0x63, 0x08, 0x63, 0x08, 0x63, 0x08, 0x63, 0x08, 0x63, 0x08, 0x63, 0x08, 0x63, 0x08, 0x63, 0x08, 0x63, 0x08, 0x63, 0x08, 0x63, 0x08, 0x63, 0x08, 0x63, 0x08, 0x63, 0x08, 0x63, 0x08,
  0x63, 0x08, 0x63, 0x08, 0x63, 0x08, 0x63, 0x08, 0x63, 0x08, 0x63, 0x08, 0x63, 0x08, 0x63, 0x08, 0x63, 0x08, 0x63, 0x08, 0x63, 0x08, 0x63, 0x08, 0x63, 0x08, 0x63, 0x08, 0x63, 0x08, 0x63, 0x08,
  0xa4, 0x10, 0x63, 0x08, 0x63, 0x08, 0x63, 0x08, 0x63, 0x08, 0x63, 0x08, 0x63, 0x08, 0x63, 0x08, 0x63, 0x08, 0x63, 0x08, 0x63, 0x08, 0x63, 0x08, 0x63, 0x08, 0x63, 0x08, 0x63, 0x08, 0x63, 0x08,
  0x63, 0x08, 0x63, 0x08, 0x63, 0x08, 0x63, 0x08, 0x63, 0x08, 0x63, 0x08, 0x63, 0x08, 0x63, 0x08, 0x63, 0x08, 0x63, 0x08, 0x63, 0x08, 0x63, 0x08, 0x63, 0x08, 0x63, 0x08, 0x63, 0x08, 0x63, 0x08,
  0xa4, 0x10, 0x63, 0x08, 0x63, 0x08, 0x63, 0x08, 0x63, 0x08, 0x63, 0x08, 0x63, 0x08, 0x63, 0x08, 0x63, 0x08, 0x63, 0x08, 0x63, 0x08, 0x63, 0x08, 0x63, 0x08, 0x63, 0x08, 0x63, 0x08, 0x63, 0x08,
  0x63, 0x08, 0x63, 0x08, 0x63, 0x08, 0x63, 0x08, 0x63, 0x08, 0x63, 0x08, 0x63, 0x08, 0x63, 0x08, 0x63, 0x08, 0x63, 0x08, 0x63, 0x08, 0x63, 0x08, 0x63, 0x08, 0x63, 0x08, 0x63, 0x08, 0x63, 0x08,
  0xa4, 0x10, 0x63, 0x08, 0x63, 0x08, 0x63, 0x08, 0x63, 0x08, 0x63, 0x08, 0x63, 0x08, 0x63, 0x08, 0x63, 0x08, 0x63, 0x08, 0x63, 0x08, 0x63, 0x08, 0x63, 0x08, 0x63, 0x08, 0x63, 0x08, 0x63, 0x08,
  0x63, 0x08, 0x63, 0x08, 0x63, 0x08, 0x63, 0x08, 0x63, 0x08, 0x63, 0x08, 0x63, 0x08, 0x63, 0x08, 0x63, 0x08, 0x63, 0x08, 0x63, 0x08, 0x63, 0x08, 0x63, 0x08, 0x63, 0x08, 0x63, 0x08, 0x63, 0x08,
  0xa4, 0x10, 0x63, 0x08, 0x63, 0x08, 0x63, 0x08, 0x63, 0x08, 0x63, 0x08, 0x63, 0x08, 0x63, 0x08, 0x63, 0x08, 0x63, 0x08, 0x63, 0x08, 0x63, 0x08, 0x63, 0x08, 0x63, 0x08, 0x63, 0x08, 0x63, 0x08,
  0x63, 0x08, 0x63, 0x08, 0x63, 0x08, 0x63, 0x08, 0x63, 0x08, 0x63, 0x08, 0x63, 0x08, 0x63, 0x08, 0x63, 0x08, 0x63, 0x08, 0x63, 0x08, 0x63, 0x08, 0x63, 0x08, 0x63, 0x08, 0x63, 0x08, 0x63, 0x08,
  0xa4, 0x10, 0x63, 0x08, 0x63, 0x08, 0x63, 0x08, 0x63, 0x08, 0x63, 0x08, 0x63, 0x08, 0x63, 0x08, 0x63, 0x08, 0x63, 0x08, 0x63, 0x08, 0x63, 0x08, 0x63, 0x08, 0x63, 0x08, 0x63, 0x08, 0x63, 0x08,
  0x63, 0x08, 0x63, 0x08, 0x63, 0x08, 0x63, 0x08, 0x63, 0x08, 0x63, 0x08, 0x63, 0x08, 0x63, 0x08, 0x63, 0x08, 0x63, 0x08, 0x63, 0x08, 0x63, 0x08, 0x63, 0x08, 0x63, 0x08, 0x63, 0x08, 0x63, 0x08,
  0xa4, 0x10, 0x63, 0x08, 0x63, 0x08, 0x63, 0x08, 0x63, 0x08, 0x63, 0x08, 0x63, 0x08, 0x63, 0x08, 0x63, 0x08, 0x63, 0x08, 0x63, 0x08, 0x63, 0x08, 0x63, 0x08, 0x63, 0x08, 0x63, 0x08, 0x63, 0x08,
  0x63, 0x08, 0x63, 0x08, 0x63, 0x08, 0x63, 0x08, 0x63, 0x08, 0x63, 0x08, 0x63, 0x08, 0x63, 0x08, 0x63, 0x08, 0x63, 0x08, 0x63, 0x08, 0x63, 0x08, 0x63, 0x08, 0x63, 0x08, 0x63, 0x08, 0x63, 0x08,
  0xa4, 0x10, 0x63, 0x08, 0x63, 0x08, 0x63, 0x08, 0x63, 0x08, 0x63, 0x08, 0x63, 0x08, 0x63, 0x08, 0x63, 0x08, 0x63, 0x08, 0x63, 0x08, 0x63, 0x08, 0x63, 0x08, 0x63, 0x08, 0x63, 0x08, 0x63, 0x08,
  0x63, 0x08, 0x63, 0x08, 0x63, 0x08, 0x63, 0x08, 0x63, 0x08, 0x63, 0x08, 0x63, 0x08, 0x63, 0x08, 0x63, 0x08, 0x63, 0x08, 0x63, 0x08, 0x63, 0x08, 0x63, 0x08, 0x63, 0x08, 0x63, 0x08, 0x63, 0x08,
  0xa4, 0x10, 0x63, 0x08, 0x63, 0x08, 0x63, 0x08, 0x63, 0x08, 0x63, 0x08, 0x63, 0x08, 0x63, 0x08, 0x63, 0x08, 0x63, 0x08, 0x63, 0x08, 0x63, 0x08, 0x63, 0x08, 0x63, 0x08, 0x63, 0x08, 0x63, 0x08,
  0x63, 0x08, 0x63, 0x08, 0x63, 0x08, 0x63, 0x08, 0x63, 0x08, 0x63, 0x08, 0x63, 0x08, 0x63, 0x08, 0x63, 0x08, 0x63, 0x08, 0x63, 0x08, 0x63, 0x08, 0x63, 0x08, 0x63, 0x08, 0x63, 0x08, 0x63, 0x08,
  0xa4, 0x10, 0x63, 0x08, 0x63, 0x08, 0x63, 0x08, 0x63, 0x08, 0x63, 0x08, 0x63, 0x08, 0x63, 0x08, 0x63, 0x08, 0x63, 0x08, 0x63, 0x08, 0x63, 0x08, 0x63, 0x08, 0x63, 0x08, 0x63, 0x08, 0x63, 0x08,
  0x63, 0x08, 0x63, 0x08, 0x63, 0x08, 0x63, 0x08, 0x63, 0x08, 0x63, 0x08, 0x63, 0x08, 0x63, 0x08, 0x63, 0x08, 0x63, 0x08, 0x63, 0x08, 0x63, 0x08, 0x63, 0x08, 0x63, 0x08, 0x63, 0x08, 0x63, 0x08,
  0xa4, 0x10, 0x63, 0x08, 0x63, 0x08, 0x63, 0x08, 0x63, 0x08, 0x63, 0x08, 0x63, 0x08, 0x63, 0x08, 0x63, 0x08, 0x63, 0x08, 0x63, 0x08, 0x63, 0x08, 0x63, 0x08, 0x63, 0x08, 0x63, 0x08, 0x63, 0x08,
  0x63, 0x08, 0x63, 0x08, 0x63, 0x08, 0x63, 0x08, 0x63, 0x08, 0x63, 0x08, 0x63, 0x08, 0x63, 0x08, 0x63, 0x08, 0x63, 0x08, 0x63, 0x08, 0x63, 0x08, 0x63, 0x08, 0x63, 0x08, 0x63, 0x08, 0x63, 0x08,
  0xa4, 0x10, 0x63, 0x08, 0x63, 0x08, 0x63, 0x08, 0x63, 0x08, 0x63, 0x08, 0x63, 0x08, 0x63, 0x08, 0x63, 0x08, 0x63, 0x08, 0x63, 0x08, 0x63, 0x08, 0x63, 0x08, 0x63, 0x08, 0x63, 0x08, 0x63, 0x08,
  0x63, 0x08, 0x63, 0x08, 0x63, 0x08, 0x63, 0x08, 0x63, 0x08, 0x63, 0x08, 0x63, 0x08, 0x63, 0x08, 0x63, 0x08, 0x63, 0x08, 0x63, 0x08, 0x63, 0x08, 0x63, 0x08, 0x63, 0x08, 0x63, 0x08, 0x63, 0x08,
  0xa4, 0x10, 0x63, 0x08, 0x63, 0x08, 0x63, 0x08, 0x63, 0x08, 0x63, 0x08, 0x63, 0x08, 0x63, 0x08, 0x63, 0x08, 0x63, 0x08, 0x63, 0x08, 0x63, 0x08, 0x63, 0x08, 0x63, 0x08, 0x63, 0x08, 0x63, 0x08,
  0x63, 0x08, 0x63, 0x08, 0x63, 0x08, 0x63, 0x08, 0x63, 0x08, 0x63, 0x08, 0x63, 0x08, 0x63, 0x08, 0x63, 0x08, 0x63, 0x08, 0x63, 0x08, 0x63, 0x08, 0x63, 0x08, 0x63, 0x08, 0x63, 0x08, 0x63, 0x08,
  0xa4, 0x10, 0x63, 0x08, 0x63, 0x08, 0x63, 0x08, 0x63, 0x08, 0x63, 0x08, 0x63, 0x08, 0x63, 0x08, 0x63, 0x08, 0x63, 0x08, 0x63, 0x08, 0x63, 0x08, 0x63, 0x08, 0x63, 0x08, 0x63, 0x08, 0x63, 0x08,
  0x63, 0x08, 0x63, 0x08, 0x63, 0x08, 0x63, 0x08, 0x63, 0x08, 0x63, 0x08, 0x63, 0x08, 0x63, 0x08, 0x63, 0x08, 0x63, 0x08, 0x63, 0x08, 0x63, 0x08, 0x63, 0x08, 0x63, 0x08, 0x63, 0x08, 0x63, 0x08,
  0xa4, 0x10, 0x63, 0x08, 0x63, 0x08, 0x63, 0x08, 0x63, 0x08, 0x63, 0x08, 0x63, 0x08, 0x63, 0x08, 0x63, 0x08, 0x63, 0x08, 0x63, 0x08, 0x63, 0x08, 0x63, 0x08, 0x63, 0x08, 0x63, 0x08, 0x63, 0x08,
  0x63, 0x08, 0x63, 0x08, 0x63, 0x08, 0x63, 0x08, 0x63, 0x08, 0x63, 0x08, 0x63, 0x08, 0x63, 0x08, 0x63, 0x08, 0x63, 0x08, 0x63, 0x08, 0x63, 0x08, 0x63, 0x08, 0x63, 0x08, 0x63, 0x08, 0x63, 0x08,
  0xa4, 0x10, 0x63, 0x08, 0x63, 0x08, 0x63, 0x08, 0x63, 0x08, 0x63, 0x08, 0x63, 0x08, 0x63, 0x08, 0x63, 0x08, 0x63, 0x08, 0x63, 0x08, 0x63, 0x08, 0x63, 0x08, 0x63, 0x08, 0x63, 0x08, 0x63, 0x08,
  0x63, 0x08, 0x63, 0x08, 0x63, 0x08, 0x63, 0x08, 0x63, 0x08, 0x63, 0x08, 0x63, 0x08, 0x63, 0x08, 0x63, 0x08, 0x63, 0x08, 0x63, 0x08, 0x63, 0x08, 0x63, 0x08, 0x63, 0x08, 0x63, 0x08, 0x63, 0x08,
  0xa4, 0x10, 0x63, 0x08, 0x63, 0x08, 0x63, 0x08, 0x63, 0x08, 0x63, 0x08, 0x63, 0x08, 0x63, 0x08, 0x63, 0x08, 0x63, 0x08, 0x63, 0x08, 0x63, 0x08, 0x63, 0x08, 0x63, 0x08, 0x63, 0x08, 0x63, 0x08,
  0x63, 0x08, 0x63, 0x08, 0x63, 0x08, 0x63, 0x08, 0x63, 0x08, 0x63, 0x08, 0x63, 0x08, 0x63, 0x08, 0x63, 0x08, 0x63, 0x08, 0x63, 0x08, 0x63, 0x08, 0x63, 0x08, 0x63, 0x08, 0x63, 0x08, 0x63, 0x08,
  0xa4, 0x10, 0x63, 0x08, 0x63, 0x08, 0x63, 0x08, 0x63, 0x08, 0x63, 0x08, 0x63, 0x08, 0x63, 0x08, 0x63, 0x08, 0x63, 0x08, 0x63, 0x08, 0x63, 0x08, 0x63, 0x08, 0x63, 0x08, 0x63, 0x08, 0x63, 0x08,
  0x63, 0x08, 0x63, 0x08, 0x63, 0x08, 0x63, 0x08, 0x63, 0x08, 0x63, 0x08, 0x63, 0x08, 0x63, 0x08, 0x63, 0x08, 0x63, 0x08, 0x63, 0x08, 0x63, 0x08, 0x63, 0x08, 0x63, 0x08, 0x63, 0x08, 0x63, 0x08,
  0xa4, 0x10, 0x63, 0x08, 0x63, 0x08, 0x63, 0x08, 0x63, 0x08, 0x63, 0x08, 0x63, 0x08, 0x63, 0x08, 0x63, 0x08, 0x63, 0x08, 0x63, 0x08, 0x63, 0x08, 0x63, 0x08, 0x63, 0x08, 0x63, 0x08, 0x63, 0x08,
  0x63, 0x08, 0x63, 0x08, 0x63, 0x08, 0x63, 0x08, 0x63, 0x08, 0x63, 0x08, 0x63, 0x08, 0x63, 0x08, 0x63, 0x08, 0x63, 0x08, 0x63, 0x08, 0x63, 0x08, 0x63, 0x08, 0x63, 0x08, 0x63, 0x08, 0x63, 0x08,
  0xa4, 0x10, 0x63, 0x08, 0x63, 0x08, 0x63, 0x08, 0x63, 0x08, 0x63, 0x08, 0x63, 0x08, 0x63, 0x08, 0x63, 0x08, 0x63, 0x08, 0x63, 0x08, 0x63, 0x08, 0x63, 0x08, 0x63, 0x08, 0x63, 0x08, 0x63, 0x08,
  0x63, 0x08, 0x63, 0x08, 0x63, 0x08, 0x63, 0x08, 0x63, 0x08, 0x63, 0x08, 0x63, 0x08, 0x63, 0x08, 0x63, 0x08, 0x63, 0x08, 0x63, 0x08, 0x63, 0x08, 0x63, 0x08, 0x63, 0x08, 0x63, 0x08, 0x63, 0x08,
  0xa4, 0x10, 0x63, 0x08, 0x63, 0x08, 0x63, 0x08, 0x63, 0x08, 0x63, 0x08, 0x63, 0x08, 0x63, 0x08, 0x63, 0x08, 0x63, 0x08, 0x63, 0x08, 0x63, 0x08, 0x63, 0x08, 0x63, 0x08, 0x63, 0x08, 0x63, 0x08,
  0x63, 0x08, 0x63, 0x08, 0x63, 0x08, 0x63, 0x08, 0x63, 0x08, 0x63, 0x08, 0x63, 0x08, 0x63, 0x08, 0x63, 0x08, 0x63, 0x08, 0x63, 0x08, 0x63, 0x08, 0x63, 0x08, 0x63, 0x08, 0x63, 0x08, 0x63, 0x08,
  0xa4, 0x10, 0x63, 0x08, 0x63, 0x08, 0x63, 0x08, 0x63, 0x08, 0x63, 0x08, 0x63, 0x08, 0x63, 0x08, 0x63, 0x08, 0x63, 0x08, 0x63, 0x08, 0x63, 0x08, 0x63, 0x08, 0x63, 0x08, 0x63, 0x08, 0x63, 0x08,
  0x63, 0x08, 0x63, 0x08, 0x63, 0x08, 0x63, 0x08, 0x63, 0x08, 0x63, 0x08, 0x63, 0x08, 0x63, 0x08, 0x63, 0x08, 0x63, 0x08, 0x63, 0x08, 0x63, 0x08, 0x63, 0x08, 0x63, 0x08, 0x63, 0x08, 0x63, 0x08,
  0xa4, 0x10, 0x63, 0x08, 0x63, 0x08, 0x63, 0x08, 0x63, 0x08, 0x63, 0x08, 0x63, 0x08, 0x63, 0x08, 0x63, 0x08, 0x63, 0x08, 0x63, 0x08, 0x63, 0x08, 0x63, 0x08, 0x63, 0x08, 0x63, 0x08, 0x63, 0x08,
  0x63, 0x08, 0x63, 0x08, 0x63, 0x08, 0x63, 0x08, 0x63, 0x08, 0x63, 0x08, 0x63, 0x08, 0x63, 0x08, 0x63, 0x08, 0x63, 0x08, 0x63, 0x08, 0x63, 0x08, 0x63, 0x08, 0x63, 0x08, 0x63, 0x08, 0x63, 0x08,
  0xa4, 0x10, 0x63, 0x08, 0x63, 0x08, 0x63, 0x08, 0x63, 0x08, 0x63, 0x08, 0x63, 0x08, 0x63, 0x08, 0x63, 0x08, 0x63, 0x08, 0x63, 0x08, 0x63, 0x08, 0x63, 0x08, 0x63, 0x08, 0x63, 0x08, 0x63, 0x08,
  0x63, 0x08, 0x63, 0x08, 0x63, 0x08, 0x63, 0x08, 0x63, 0x08, 0x63, 0x08, 0x63, 0x08, 0x63, 0x08, 0x63, 0x08, 0x63, 0x08, 0x63, 0x08, 0x63, 0x08, 0x63, 0x08, 0x63, 0x08, 0x63, 0x08, 0x63, 0x08,
  0xa4, 0x10, 0x63, 0x08, 0x63, 0x08, 0x63, 0x08, 0x63, 0x08, 0x63, 0x08, 0x63, 0x08, 0x63, 0x08, 0x63, 0x08, 0x63, 0x08, 0x63, 0x08, 0x63, 0x08, 0x63, 0x08, 0x63, 0x08, 0x63, 0x08, 0x63, 0x08,
  0x63, 0x08, 0x63, 0x08, 0x63, 0x08, 0x63, 0x08, 0x63, 0x08, 0x63, 0x08, 0x63, 0x08, 0x63, 0x08, 0x63, 0x08, 0x63, 0x08, 0x63, 0x08, 0x63, 0x08, 0x63, 0x08, 0x63, 0x08, 0x63, 0x08, 0x63, 0x08,
  0xa4, 0x10, 0x63, 0x08, 0x63, 0x08, 0x63, 0x08, 0x63, 0x08, 0x63, 0x08, 0x63, 0x08, 0x63, 0x08, 0x63, 0x08, 0x63, 0x08, 0x63, 0x08, 0x63, 0x08, 0x63, 0x08, 0x63, 0x08, 0x63, 0x08, 0x63, 0x08,
  0x63, 0x08, 0x63, 0x08, 0x63, 0x08, 0x63, 0x08, 0x63, 0x08, 0x63, 0x08, 0x63, 0x08, 0x63, 0x08, 0x63, 0x08, 0x63, 0x08, 0x63, 0x08, 0x63, 0x08, 0x63, 0x08, 0x63, 0x08, 0x63, 0x08, 0x63, 0x08,
  0xa4, 0x10, 0x63, 0x08, 0x63, 0x08, 0x63, 0x08, 0x63, 0x08, 0x63, 0x08, 0x63, 0x08, 0x63, 0x08, 0x63, 0x08, 0x63, 0x08, 0x63, 0x08, 0x63, 0x08, 0x63, 0x08, 0x63, 0x08, 0x63, 0x08, 0x63, 0x08,
  0x63, 0x08, 0x63, 0x08, 0x63, 0x08, 0x63, 0x08, 0x63, 0x08, 0x63, 0x08, 0x63, 0x08, 0x63, 0x08, 0x63, 0x08, 0x63, 0x08, 0x63, 0x08, 0x63, 0x08, 0x63, 0x08, 0x63, 0x08, 0x63, 0x08, 0x63, 0x08,
  0xa4, 0x10, 0x63, 0x08, 0x63, 0x08, 0x63, 0x08, 0x63, 0x08, 0x63, 0x08, 0x63, 0x08, 0x63, 0x08, 0x63, 0x08, 0x63, 0x08, 0x63, 0x08, 0x63, 0x08, 0x63, 0x08, 0x63, 0x08, 0x63, 0x08, 0x63, 0x08,
  0x63, 0x08, 0x63, 0x08, 0x63, 0x08, 0x63, 0x08, 0x63, 0x08, 0x63, 0x08, 0x63, 0x08, 0x63, 0x08, 0x63, 0x08, 0x63, 0x08, 0x63, 0x08, 0x63, 0x08, 0x63, 0x08, 0x63, 0x08, 0x63, 0x08, 0x63, 0x08,
  0xa4, 0x10, 0x63, 0x08, 0x63, 0x08, 0x63, 0x08, 0x63, 0x08, 0x63, 0x08, 0x63, 0x08, 0x63, 0x08, 0x63, 0x08, 0x63, 0x08, 0x63, 0x08, 0x63, 0x08, 0x63, 0x08, 0x63, 0x08, 0x63, 0x08, 0x63, 0x08,
  0x63, 0x08, 0x63, 0x08, 0x63, 0x08, 0x63, 0x08, 0x63, 0x08, 0x63, 0x08, 0x63, 0x08, 0x63, 0x08, 0x63, 0x08, 0x63, 0x08, 0x63, 0x08, 0x63, 0x08, 0x63, 0x08, 0x63, 0x08, 0x63, 0x08, 0x63, 0x08,
  0xa4, 0x10, 0x63, 0x08, 0x63, 0x08, 0x63, 0x08, 0x63, 0x08, 0x63, 0x08, 0x63, 0x08, 0x63, 0x08, 0x63, 0x08, 0x63, 0x08, 0x63, 0x08, 0x63, 0x08, 0x63, 0x08, 0x63, 0x08, 0x63, 0x08, 0x63, 0x08,
  0x63, 0x08, 0x63, 0x08, 0x63, 0x08, 0x63, 0x08, 0x63, 0x08, 0x63, 0x08, 0x63, 0x08, 0x63, 0x08, 0x63, 0x08, 0x63, 0x08, 0x63, 0x08, 0x63, 0x08, 0x63, 0x08, 0x63, 0x08, 0x63, 0x08, 0x63, 0x08,
  0xa4, 0x10, 0x63, 0x08, 0x63, 0x08, 0x63, 0x08, 0x63, 0x08, 0x63, 0x08, 0x63, 0x08, 0x63, 0x08, 0x63, 0x08, 0x63, 0x08, 0x63, 0x08, 0x63, 0x08, 0x63, 0x08, 0x63, 0x08, 0x63, 0x08, 0x63, 0x08,
  0x63, 0x08, 0x63, 0x08, 0x63, 0x08, 0x63, 0x08, 0x63, 0x08, 0x63, 0x08, 0x63, 0x08, 0x63, 0x08, 0x63, 0x08, 0x63, 0x08, 0x63, 0x08, 0x63, 0x08, 0x63, 0x08, 0x63, 0x08, 0x63, 0x08, 0x63, 0x08,
  0xa4, 0x10, 0x63, 0x08, 0x63, 0x08, 0x63, 0x08, 0x63, 0x08, 0x63, 0x08, 0x63, 0x08, 0x63, 0x08, 0x63, 0x08, 0x63, 0x08, 0x63, 0x08, 0x63, 0x08, 0x63, 0x08, 0x63, 0x08, 0x63, 0x08, 0x63, 0x08,
  0x63, 0x08, 0x63, 0x08, 0x63, 0x08, 0x63, 0x08, 0x63, 0x08, 0x63, 0x08, 0x63, 0x08, 0x63, 0x08, 0x63, 0x08, 0x63, 0x08, 0x63, 0x08, 0x63, 0x08, 0x63, 0x08, 0x63, 0x08, 0x63, 0x08, 0x63, 0x08,
  0xa4, 0x10, 0x63, 0x08, 0x63, 0x08, 0x63, 0x08, 0x63, 0x08, 0x63, 0x08, 0x63, 0x08, 0x63, 0x08, 0x63, 0x08, 0x63, 0x08, 0x63, 0x08, 0x63, 0x08, 0x63, 0x08, 0x63, 0x08, 0x63, 0x08, 0x63, 0x08,
  0x63, 0x08, 0x63, 0x08, 0x63, 0x08, 0x63, 0x08, 0x63, 0x08, 0x63, 0x08, 0x63, 0x08, 0x63, 0x08, 0x63, 0x08, 0x63, 0x08, 0x63, 0x08, 0x63, 0x08, 0x63, 0x08, 0x63, 0x08, 0x63, 0x08, 0x63, 0x08,
  0xa4, 0x10, 0x63, 0x08, 0x63, 0x08, 0x63, 0x08, 0x63, 0x08, 0x63, 0x08, 0x63, 0x08, 0x63, 0x08, 0x63, 0x08, 0x63, 0x08, 0x63, 0x08, 0x63, 0x08, 0x63, 0x08, 0x63, 0x08, 0x63, 0x08, 0x63, 0x08,
  0x63, 0x08, 0x63, 0x08, 0x63, 0x08, 0x63, 0x08, 0x63, 0x08, 0x63, 0x08, 0x63, 0x08, 0x63, 0x08, 0x63, 0x08, 0x63, 0x08, 0x63, 0x08, 0x63, 0x08, 0x63, 0x08, 0x63, 0x08, 0x63, 0x08, 0x63, 0x08,
  0xa4, 0x10, 0x63, 0x08, 0x63, 0x08, 0x63, 0x08, 0x63, 0x08, 0x63, 0x08, 0x63, 0x08, 0x63, 0x08, 0x63, 0x08, 0x63, 0x08, 0x63, 0x08, 0x63, 0x08, 0x63, 0x08, 0x63, 0x08, 0x63, 0x08, 0x63, 0x08,
  0x63, 0x08, 0x63, 0x08, 0x63, 0x08, 0x63, 0x08, 0x63, 0x08, 0x63, 0x08, 0x63, 0x08, 0x63, 0x08, 0x63, 0x08, 0x63, 0x08, 0x63, 0x08, 0x63, 0x08, 0x63, 0x08, 0x63, 0x08, 0x63, 0x08, 0x63, 0x08,
  0xa4, 0x10, 0x63, 0x08, 0x63, 0x08, 0x63, 0x08, 0x63, 0x08, 0x63, 0x08, 0x63, 0x08, 0x63, 0x08, 0x63, 0x08, 0x63, 0x08, 0x63, 0x08, 0x63, 0x08, 0x63, 0x08, 0x63, 0x08, 0x63, 0x08, 0x63, 0x08,
  0x63, 0x08, 0x63, 0x08, 0x63, 0x08, 0x63, 0x08, 0x63, 0x08, 0x63, 0x08, 0x63, 0x08, 0x63, 0x08, 0x63, 0x08, 0x63, 0x08, 0x63, 0x08, 0x63, 0x08, 0x63, 0x08, 0x63, 0x08, 0x63, 0x08, 0x63, 0x08,
  0xa4, 0x10, 0x63, 0x08, 0x63, 0x08, 0x63, 0x08, 0x63, 0x08, 0x63, 0x08, 0x63, 0x08, 0x63, 0x08, 0x63, 0x08, 0x63, 0x08, 0x63, 0x08, 0x63, 0x08, 0x63, 0x08, 0x63, 0x08, 0x63, 0x08, 0x63, 0x08,
  0x63, 0x08, 0x63, 0x08, 0x63, 0x08, 0x63, 0x08, 0x63, 0x08, 0x63, 0x08, 0x63, 0x08, 0x63, 0x08, 0x63, 0x08, 0x63, 0x08, 0x63, 0x08, 0x63, 0x08, 0x63, 0x08, 0x63, 0x08, 0x63, 0x08, 0x63, 0x08,
  0xa4, 0x10, 0x63, 0x08, 0x63, 0x08, 0x63, 0x08, 0x63, 0x08, 0x63, 0x08, 0x63, 0x08, 0x63, 0x08, 0x63, 0x08, 0x63, 0x08, 0x63, 0x08, 0x63, 0x08, 0x63, 0x08, 0x63, 0x08, 0x63, 0x08, 0x63, 0x08,
  0x63, 0x08, 0x63, 0x08, 0x63, 0x08, 0x63, 0x08, 0x63, 0x08, 0x63, 0x08, 0x63, 0x08, 0x63, 0x08, 0x63, 0x08, 0x63, 0x08, 0x63, 0x08, 0x63, 0x08, 0x63, 0x08, 0x63, 0x08, 0x63, 0x08, 0x63, 0x08,
  0xa4, 0x10, 0x63, 0x08, 0x63, 0x08, 0x63, 0x08, 0x63, 0x08, 0x63, 0x08, 0x63, 0x08, 0x63, 0x08, 0x63, 0x08, 0x63, 0x08, 0x63, 0x08, 0x63, 0x08, 0x63, 0x08, 0x63, 0x08, 0x63, 0x08, 0x63, 0x08,
  0x63, 0x08, 0x63, 0x08, 0x63, 0x08, 0x63, 0x08, 0x63, 0x08, 0x63, 0x08, 0x63, 0x08, 0x63, 0x08, 0x63, 0x08, 0x63, 0x08, 0x63, 0x08, 0x63, 0x08, 0x63, 0x08, 0x63, 0x08, 0x63, 0x08, 0x63, 0x08,
  0xa4, 0x10, 0x63, 0x08, 0x63, 0x08, 0x63, 0x08, 0x63, 0x08, 0x63, 0x08, 0x63, 0x08, 0x63, 0x08, 0x63, 0x08, 0x63, 0x08, 0x63, 0x08, 0x63, 0x08, 0x63, 0x08, 0x63, 0x08, 0x63, 0x08, 0x63, 0x08,
  0x63, 0x08, 0x63, 0x08, 0x63, 0x08, 0x63, 0x08, 0x63, 0x08, 0x63, 0x08, 0x63, 0x08, 0x63, 0x08, 0x63, 0x08, 0x63, 0x08, 0x63, 0x08, 0x63, 0x08, 0x63, 0x08, 0x63, 0x08, 0x63, 0x08, 0x63, 0x08,
  0xa4, 0x10, 0x63, 0x08, 0x63, 0x08, 0x63, 0x08, 0x63, 0x08, 0x63, 0x08, 0x63, 0x08, 0x63, 0x08, 0x63, 0x08, 0x63, 0x08, 0x63, 0x08, 0x63, 0x08, 0x63, 0x08, 0x63, 0x08, 0x63, 0x08, 0x63, 0x08,
  0x63, 0x08, 0x63, 0x08, 0x63, 0x08, 0x63, 0x08, 0x63, 0x08, 0x63, 0x08, 0x63, 0x08, 0x63, 0x08, 0x63, 0x08, 0x63, 0x08, 0x63, 0x08, 0x63, 0x08, 0x63, 0x08, 0x63, 0x08, 0x63, 0x08, 0x63, 0x08,
  0xa4, 0x10, 0x63, 0x08, 0x63, 0x08, 0x63, 0x08, 0x63, 0x08, 0x63, 0x08, 0x63, 0x08, 0x63, 0x08, 0x63, 0x08, 0x63, 0x08, 0x63, 0x08, 0x63, 0x08, 0x63, 0x08, 0x63, 0x08, 0x63, 0x08, 0x63, 0x08,
  0x63, 0x08, 0x63, 0x08, 0x63, 0x08, 0x63, 0x08, 0x63, 0x08, 0x63, 0x08, 0x63, 0x08, 0x63, 0x08, 0x63, 0x08, 0x63, 0x08, 0x63, 0x08, 0x63, 0x08, 0x63, 0x08, 0x63, 0x08, 0x63, 0x08, 0x63, 0x08,
  0xa4, 0x10, 0x63, 0x08, 0x63, 0x08, 0x63, 0x08, 0x63, 0x08, 0x63, 0x08, 0x63, 0x08, 0x63, 0x08, 0x63, 0x08, 0x63, 0x08, 0x63, 0x08, 0x63, 0x08, 0x63, 0x08, 0x63, 0x08, 0x63, 0x08, 0x63, 0x08,
  0x63, 0x08, 0x63, 0x08, 0x63, 0x08, 0x63, 0x08, 0x63, 0x08, 0x63, 0x08, 0x63, 0x08, 0x63, 0x08, 0x63, 0x08, 0x63, 0x08, 0x63, 0x08, 0x63, 0x08, 0x63, 0x08, 0x63, 0x08, 0x63, 0x08, 0x63, 0x08,
  0xa4, 0x10, 0x63, 0x08, 0x63, 0x08, 0x63, 0x08, 0x63, 0x08, 0x63, 0x08, 0x63, 0x08, 0x63, 0x08, 0x63, 0x08, 0x63, 0x08, 0x63, 0x08, 0x63, 0x08, 0x63, 0x08, 0x63, 0x08, 0x63, 0x08, 0x63, 0x08,
  0x63, 0x08, 0x63, 0x08, 0x63, 0x08, 0x63, 0x08, 0x63, 0x08, 0x63, 0x08, 0x63, 0x08, 0x63, 0x08, 0x63, 0x08, 0x63, 0x08, 0x63, 0x08, 0x63, 0x08, 0x63, 0x08, 0x63, 0x08, 0x63, 0x08, 0x63, 0x08,
  0xa4, 0x10, 0x63, 0x08, 0x63, 0x08, 0x63, 0x08, 0x63, 0x08, 0x63, 0x08, 0x63, 0x08, 0x63, 0x08, 0x63, 0x08, 0x63, 0x08, 0x63, 0x08, 0x63, 0x08, 0x63, 0x08, 0x63, 0x08, 0x63, 0x08, 0x63, 0x08,
  0x63, 0x08, 0x63, 0x08, 0x63, 0x08, 0x63, 0x08, 0x63, 0x08, 0x63, 0x08, 0x63, 0x08, 0x63, 0x08, 0x63, 0x08, 0x63, 0x08, 0x63, 0x08, 0x63, 0x08, 0x63, 0x08, 0x63, 0x08, 0x63, 0x08, 0x63, 0x08,
  0xa4, 0x10, 0x63, 0x08, 0x63, 0x08, 0x63, 0x08, 0x63, 0x08, 0x63, 0x08, 0x63, 0x08, 0x63, 0x08, 0x63, 0x08, 0x63, 0x08, 0x63, 0x08, 0x63, 0x08, 0x63, 0x08, 0x63, 0x08, 0x63, 0x08, 0x63, 0x08,
  0x63, 0x08, 0x63, 0x08, 0x63, 0x08, 0x63, 0x08, 0x63, 0x08, 0x63, 0x08, 0x63, 0x08, 0x63, 0x08, 0x63, 0x08, 0x63, 0x08, 0x63, 0x08, 0x63, 0x08, 0x63, 0x08, 0x63, 0x08, 0x63, 0x08, 0x63, 0x08,
  0xa4, 0x10, 0x63, 0x08, 0x63, 0x08, 0x63, 0x08, 0x63, 0x08, 0x63, 0x08, 0x63, 0x08, 0x63, 0x08, 0x63, 0x08, 0x63, 0x08, 0x63, 0x08, 0x63, 0x08, 0x63, 0x08, 0x63, 0x08, 0x63, 0x08, 0x63, 0x08,
  0x63, 0x08, 0x63, 0x08, 0x63, 0x08, 0x63, 0x08, 0x63, 0x08, 0x63, 0x08, 0x63, 0x08, 0x63, 0x08, 0x63, 0x08, 0x63, 0x08, 0x63, 0x08, 0x63, 0x08, 0x63, 0x08, 0x63, 0x08, 0x63, 0x08, 0x63, 0x08,
  0xa4, 0x10, 0x63, 0x08, 0x63, 0x08, 0x63, 0x08, 0x63, 0x08, 0x63, 0x08, 0x63, 0x08, 0x63, 0x08, 0x63, 0x08, 0x63, 0x08, 0x63, 0x08, 0x63, 0x08, 0x63, 0x08, 0x63, 0x08, 0x63, 0x08, 0x63, 0x08,
  0x63, 0x08, 0x63, 0x08, 0x63, 0x08, 0x63, 0x08, 0x63, 0x08, 0x63, 0x08, 0x63, 0x08, 0x63, 0x08, 0x63, 0x08, 0x63, 0x08, 0x63, 0x08, 0x63, 0x08, 0x63, 0x08, 0x63, 0x08, 0x63, 0x08, 0x63, 0x08,
  0xa4, 0x10, 0x63, 0x08, 0x63, 0x08, 0x63, 0x08, 0x63, 0x08, 0x63, 0x08, 0x63, 0x08, 0x63, 0x08, 0x63, 0x08, 0x63, 0x08, 0x63, 0x08, 0x63, 0x08, 0x63, 0x08, 0x63, 0x08, 0x63, 0x08, 0x63, 0x08,
  0x63, 0x08, 0x63, 0x08, 0x63, 0x08, 0x63, 0x08, 0x63, 0x08, 0x63, 0x08, 0x63, 0x08, 0x63, 0x08, 0x63, 0x08, 0x63, 0x08, 0x63, 0x08, 0x63, 0x08, 0x63, 0x08, 0x63, 0x08, 0x63, 0x08, 0x63, 0x08,
  0xa4, 0x10, 0x63, 0x08, 0x63, 0x08, 0x63, 0x08, 0x63, 0x08, 0x63, 0x08, 0x63, 0x08, 0x63, 0x08, 0x63, 0x08, 0x63, 0x08, 0x63, 0x08, 0x63, 0x08, 0x63, 0x08, 0x63, 0x08, 0x63, 0x08, 0x63, 0x08,
  0x63, 0x08, 0x63, 0x08, 0x63, 0x08, 0x63, 0x08, 0x63, 0x08, 0x63, 0x08, 0x63, 0x08, 0x63, 0x08, 0x63, 0x08, 0x63, 0x08, 0x63, 0x08, 0x63, 0x08, 0x63, 0x08, 0x63, 0x08, 0x63, 0x08, 0x63, 0x08,
  0xa4, 0x10, 0x63, 0x08, 0x63, 0x08, 0x63, 0x08, 0x63, 0x08, 0x63, 0x08, 0x63, 0x08, 0x63, 0x08, 0x63, 0x08, 0x63, 0x08, 0x63, 0x08, 0x63, 0x08, 0x63, 0x08, 0x63, 0x08, 0x63, 0x08, 0x63, 0x08,
  0x63, 0x08, 0x63, 0x08, 0x63, 0x08, 0x63, 0x08, 0x63, 0x08, 0x63, 0x08, 0x63, 0x08, 0x63, 0x08, 0x63, 0x08, 0x63, 0x08, 0x63, 0x08, 0x63, 0x08, 0x63, 0x08, 0x63, 0x08, 0x63, 0x08, 0x63, 0x08,
  0xa4, 0x10, 0x63, 0x08, 0x63, 0x08, 0x63, 0x08, 0x63, 0x08, 0x63, 0x08, 0x63, 0x08, 0x63, 0x08, 0x63, 0x08, 0x63, 0x08, 0x63, 0x08, 0x63, 0x08, 0x63, 0x08, 0x63, 0x08, 0x63, 0x08, 0x63, 0x08,
  0x63, 0x08, 0x63, 0x08, 0x63, 0x08, 0x63, 0x08, 0x63, 0x08, 0x63, 0x08, 0x63, 0x08, 0x63, 0x08, 0x63, 0x08, 0x63, 0x08, 0x63, 0x08, 0x63, 0x08, 0x63, 0x08, 0x63, 0x08, 0x63, 0x08, 0x63, 0x08,
  0xa4, 0x10, 0x63, 0x08, 0x63, 0x08, 0x63, 0x08, 0x63, 0x08, 0x63, 0x08, 0x63, 0x08, 0x63, 0x08, 0x63, 0x08, 0x63, 0x08, 0x63, 0x08, 0x63, 0x08, 0x63, 0x08, 0x63, 0x08, 0x63, 0x08, 0x63, 0x08,
  0x63, 0x08, 0x63, 0x08, 0x63, 0x08, 0x63, 0x08, 0x63, 0x08, 0x63, 0x08, 0x63, 0x08, 0x63, 0x08, 0x63, 0x08, 0x63, 0x08, 0x63, 0x08, 0x63, 0x08, 0x63, 0x08, 0x63, 0x08, 0x63, 0x08, 0x63, 0x08,
  0xa4, 0x10, 0x63, 0x08, 0x63, 0x08, 0x63, 0x08, 0x63, 0x08, 0x63, 0x08, 0x63, 0x08, 0x63, 0x08, 0x63, 0x08, 0x63, 0x08, 0x63, 0x08, 0x63, 0x08, 0x63, 0x08, 0x63, 0x08, 0x63, 0x08, 0x63, 0x08,
  0x63, 0x08, 0x63, 0x08, 0x63, 0x08, 0x63, 0x08, 0x63, 0x08, 0x63, 0x08, 0x63, 0x08, 0x63, 0x08, 0x63, 0x08, 0x63, 0x08, 0x63, 0x08, 0x63, 0x08, 0x63, 0x08, 0x63, 0x08, 0x63, 0x08, 0x63, 0x08,
  0xa4, 0x10, 0x63, 0x08, 0x63, 0x08, 0x63, 0x08, 0x63, 0x08, 0x63, 0x08, 0x63, 0x08, 0x63, 0x08, 0x63, 0x08, 0x63, 0x08, 0x63, 0x08, 0x63, 0x08, 0x63, 0x08, 0x63, 0x08, 0x63, 0x08, 0x63, 0x08,
  0x63, 0x08, 0x63, 0x08, 0x63, 0x08, 0x63, 0x08, 0x63, 0x08, 0x63, 0x08, 0x63, 0x08, 0x63, 0x08, 0x63, 0x08, 0x63, 0x08, 0x63, 0x08, 0x63, 0x08, 0x63, 0x08, 0x63, 0x08, 0x63, 0x08, 0x63, 0x08,
  0xa4, 0x10, 0x63, 0x08, 0x63, 0x08, 0x63, 0x08, 0x63, 0x08, 0x63, 0x08, 0x63, 0x08, 0x63, 0x08, 0x63, 0x08, 0x63, 0x08, 0x63, 0x08, 0x63, 0x08, 0x63, 0x08, 0x63, 0x08, 0x63, 0x08, 0x63, 0x08,
  0x63, 0x08, 0x63, 0x08, 0x63, 0x08, 0x63, 0x08, 0x63, 0x08, 0x63, 0x08, 0x63, 0x08, 0x63, 0x08, 0x63, 0x08, 0x63, 0x08, 0x63, 0x08, 0x63, 0x08, 0x63, 0x08, 0x63, 0x08, 0x63, 0x08, 0x63, 0x08,
  0xa4, 0x10, 0x63, 0x08, 0x63, 0x08, 0x63, 0x08, 0x63, 0x08, 0x63, 0x08, 0x63, 0x08, 0x63, 0x08, 0x63, 0x08, 0x63, 0x08, 0x63, 0x08, 0x63, 0x08, 0x63, 0x08, 0x63, 0x08, 0x63, 0x08, 0x63, 0x08,
  0x63, 0x08, 0x63, 0x08, 0x63, 0x08, 0x63, 0x08, 0x63, 0x08, 0x63, 0x08, 0x63, 0x08, 0x63, 0x08, 0x63, 0x08, 0x63, 0x08, 0x63, 0x08, 0x63, 0x08, 0x63, 0x08, 0x63, 0x08, 0x63, 0x08, 0x63, 0x08,
  0xa4, 0x10, 0x63, 0x08, 0x63, 0x08, 0x63, 0x08, 0x63, 0x08, 0x63, 0x08, 0x63, 0x08, 0x63, 0x08, 0x63, 0x08, 0x63, 0x08, 0x63, 0x08, 0x63, 0x08, 0x63, 0x08, 0x63, 0x08, 0x63, 0x08, 0x63, 0x08,
  0x63, 0x08, 0x63, 0x08, 0x63, 0x08, 0x63, 0x08, 0x63, 0x08, 0x63, 0x08, 0x63, 0x08, 0x63, 0x08, 0x63, 0x08, 0x63, 0x08, 0x63, 0x08, 0x63, 0x08, 0x63, 0x08, 0x63, 0x08, 0x63, 0x08, 0x63, 0x08,
  0xa4, 0x10, 0x63, 0x08, 0x63, 0x08, 0x63, 0x08, 0x63, 0x08, 0x63, 0x08, 0x63, 0x08, 0x63, 0x08, 0x63, 0x08, 0x63, 0x08, 0x63, 0x08, 0x63, 0x08, 0x63, 0x08, 0x63, 0x08, 0x63, 0x08, 0x63, 0x08,
  0x63, 0x08, 0x63, 0x08, 0x63, 0x08, 0x63, 0x08, 0x63, 0x08, 0x63, 0x08, 0x63, 0x08, 0x63, 0x08, 0x63, 0x08, 0x63, 0x08, 0x63, 0x08, 0x63, 0x08, 0x63, 0x08, 0x63, 0x08, 0x63, 0x08, 0x63, 0x08,
  0xa4, 0x10, 0x63, 0x08, 0x63, 0x08, 0x63, 0x08, 0x63, 0x08, 0x63, 0x08, 0x63, 0x08, 0x63, 0x08, 0x63, 0x08, 0x63, 0x08, 0x63, 0x08, 0x63, 0x08, 0x63, 0x08, 0x63, 0x08, 0x63, 0x08, 0x63, 0x08,
  0x63, 0x08, 0x63, 0x08, 0x63, 0x08, 0x63, 0x08, 0x63, 0x08, 0x63, 0x08, 0x63, 0x08, 0x63, 0x08, 0x63, 0x08, 0x63, 0x08, 0x63, 0x08, 0x63, 0x08, 0x63, 0x08, 0x63, 0x08, 0x63, 0x08, 0x63, 0x08,
  0xa4, 0x10, 0x63, 0x08, 0x63, 0x08, 0x63, 0x08, 0x63, 0x08, 0x63, 0x08, 0x63, 0x08, 0x63, 0x08, 0x63, 0x08, 0x63, 0x08, 0x63, 0x08, 0x63, 0x08, 0x63, 0x08, 0x63, 0x08, 0x63, 0x08, 0x63, 0x08,
  0x63, 0x08, 0x63, 0x08, 0x63, 0x08, 0x63, 0x08, 0x63, 0x08, 0x63, 0x08, 0x63, 0x08, 0x63, 0x08, 0x63, 0x08, 0x63, 0x08, 0x63, 0x08, 0x63, 0x08, 0x63, 0x08, 0x63, 0x08, 0x63, 0x08, 0x63, 0x08,
  0xa4, 0x10, 0x63, 0x08, 0x63, 0x08, 0x63, 0x08, 0x63, 0x08, 0x63, 0x08, 0x63, 0x08, 0x63, 0x08, 0x63, 0x08, 0x63, 0x08, 0x63, 0x08, 0x63, 0x08, 0x63, 0x08, 0x63, 0x08, 0x63, 0x08, 0x63, 0x08,
  0x63, 0x08, 0x63, 0x08, 0x63, 0x08, 0x63, 0x08, 0x63, 0x08, 0x63, 0x08, 0x63, 0x08, 0x63, 0x08, 0x63, 0x08, 0x63, 0x08, 0x63, 0x08, 0x63, 0x08, 0x63, 0x08, 0x63, 0x08, 0x63, 0x08, 0x63, 0x08,
  0xa4, 0x10, 0x63, 0x08, 0x63, 0x08, 0x63, 0x08, 0x63, 0x08, 0x63, 0x08, 0x63, 0x08, 0x63, 0x08, 0x63, 0x08, 0x63, 0x08, 0x63, 0x08, 0x63, 0x08, 0x63, 0x08, 0x63, 0x08, 0x63, 0x08, 0x63, 0x08,
  0x63, 0x08, 0x63, 0x08, 0x63, 0x08, 0x63, 0x08, 0x63, 0x08, 0x63, 0x08, 0x63, 0x08, 0x63, 0x08, 0x63, 0x08, 0x63, 0x08, 0x63, 0x08, 0x63, 0x08, 0x63, 0x08, 0x63, 0x08, 0x63, 0x08, 0x63, 0x08,
  0xa4, 0x10, 0x63, 0x08, 0x63, 0x08, 0x63, 0x08, 0x63, 0x08, 0x63, 0x08, 0x63, 0x08, 0x63, 0x08, 0x63, 0x08, 0x63, 0x08, 0x63, 0x08, 0x63, 0x08, 0x63, 0x08, 0x63, 0x08, 0x63, 0x08, 0x63, 0x08,
  0x63, 0x08, 0x63, 0x08, 0x63, 0x08, 0x63, 0x08, 0x63, 0x08, 0x63, 0x08, 0x63, 0x08, 0x63, 0x08, 0x63, 0x08, 0x63, 0x08, 0x63, 0x08, 0x63, 0x08, 0x63, 0x08, 0x63, 0x08, 0x63, 0x08, 0x63, 0x08,
  0xa4, 0x10, 0x63, 0x08, 0x63, 0x08, 0x63, 0x08, 0x63, 0x08, 0x63, 0x08, 0x63, 0x08, 0x63, 0x08, 0x63, 0x08, 0x63, 0x08, 0x63, 0x08, 0x63, 0x08, 0x63, 0x08, 0x63, 0x08, 0x63, 0x08, 0x63, 0x08,
  0x63, 0x08, 0x63, 0x08, 0x63, 0x08, 0x63, 0x08, 0x63, 0x08, 0x63, 0x08, 0x63, 0x08, 0x63, 0x08, 0x63, 0x08, 0x63, 0x08, 0x63, 0x08, 0x63, 0x08, 0x63, 0x08, 0x63, 0x08, 0x63, 0x08, 0x63, 0x08,
  0xa4, 0x10, 0x63, 0x08, 0x63, 0x08, 0x63, 0x08, 0x63, 0x08, 0x63, 0x08, 0x63, 0x08, 0x63, 0x08, 0x63, 0x08, 0x63, 0x08, 0x63, 0x08, 0x63, 0x08, 0x63, 0x08, 0x63, 0x08, 0x63, 0x08, 0x63, 0x08,
  0x63, 0x08, 0x63, 0x08, 0x63, 0x08, 0x63, 0x08, 0x63, 0x08, 0x63, 0x08, 0x63, 0x08, 0x63, 0x08, 0x63, 0x08, 0x63, 0x08, 0x63, 0x08, 0x63, 0x08, 0x63, 0x08, 0x63, 0x08, 0x63, 0x08, 0x63, 0x08,
  0xa4, 0x10, 0x63, 0x08, 0x63, 0x08, 0x63, 0x08, 0x63, 0x08, 0x63, 0x08, 0x63, 0x08, 0x63, 0x08, 0x63, 0x08, 0x63, 0x08, 0x63, 0x08, 0x63, 0x08, 0x63, 0x08, 0x63, 0x08, 0x63, 0x08, 0x63, 0x08,
  0x63, 0x08, 0x63, 0x08, 0x63, 0x08, 0x63, 0x08, 0x63, 0x08, 0x63, 0x08, 0x63, 0x08, 0x63, 0x08, 0x63, 0x08, 0x63, 0x08, 0x63, 0x08, 0x63, 0x08, 0x63, 0x08, 0x63, 0x08, 0x63, 0x08, 0x63, 0x08,
  0xa4, 0x10, 0x63, 0x08, 0x63, 0x08, 0x63, 0x08, 0x63, 0x08, 0x63, 0x08, 0x63, 0x08, 0x63, 0x08, 0x63, 0x08, 0x63, 0x08, 0x63, 0x08, 0x63, 0x08, 0x63, 0x08, 0x63, 0x08, 0x63, 0x08, 0x63, 0x08,
  0x63, 0x08, 0x63, 0x08, 0x63, 0x08, 0x63, 0x08, 0x63, 0x08, 0x63, 0x08, 0x63, 0x08, 0x63, 0x08, 0x63, 0x08, 0x63, 0x08, 0x63, 0x08, 0x63, 0x08, 0x63, 0x08, 0x63, 0x08, 0x63, 0x08, 0x63, 0x08,
  0xa4, 0x10, 0x63, 0x08, 0x63, 0x08, 0x63, 0x08, 0x63, 0x08, 0x63, 0x08, 0x63, 0x08, 0x63, 0x08, 0x63, 0x08, 0x63, 0x08, 0x63, 0x08, 0x63, 0x08, 0x63, 0x08, 0x63, 0x08, 0x63, 0x08, 0x63, 0x08,
  0x63, 0x08, 0x63, 0x08, 0x63, 0x08, 0x63, 0x08, 0x63, 0x08, 0x63, 0x08, 0x63, 0x08, 0x63, 0x08, 0x63, 0x08, 0x63, 0x08, 0x63, 0x08, 0x63, 0x08, 0x63, 0x08, 0x63, 0x08, 0x63, 0x08, 0x63, 0x08,
  0xa4, 0x10, 0x63, 0x08, 0x63, 0x08, 0x63, 0x08, 0x63, 0x08, 0x63, 0x08, 0x63, 0x08, 0x63, 0x08, 0x63, 0x08, 0x63, 0x08, 0x63, 0x08, 0x63, 0x08, 0x63, 0x08, 0x63, 0x08, 0x63, 0x08, 0x63, 0x08,
  0x63, 0x08, 0x63, 0x08, 0x63, 0x08, 0x63, 0x08, 0x63, 0x08, 0x63, 0x08, 0x63, 0x08, 0x63, 0x08, 0x63, 0x08, 0x63, 0x08, 0x63, 0x08, 0x63, 0x08, 0x63, 0x08, 0x63, 0x08, 0x63, 0x08, 0x63, 0x08,
  0xa4, 0x10, 0x63, 0x08, 0x63, 0x08, 0x63, 0x08, 0x63, 0x08, 0x63, 0x08, 0x63, 0x08, 0x63, 0x08, 0x63, 0x08, 0x63, 0x08, 0x63, 0x08, 0x63, 0x08, 0x63, 0x08, 0x63, 0x08, 0x63, 0x08, 0x63, 0x08,
  0x63, 0x08, 0x63, 0x08, 0x63, 0x08, 0x63, 0x08, 0x63, 0x08, 0x63, 0x08, 0x63, 0x08, 0x63, 0x08, 0x63, 0x08, 0x63, 0x08, 0x63, 0x08, 0x63, 0x08, 0x63, 0x08, 0x63, 0x08, 0x63, 0x08, 0x63, 0x08,
  0xa4, 0x10, 0x63, 0x08, 0x63, 0x08, 0x63, 0x08, 0x63, 0x08, 0x63, 0x08, 0x63, 0x08, 0x63, 0x08, 0x63, 0x08, 0x63, 0x08, 0x63, 0x08, 0x63, 0x08, 0x63, 0x08, 0x63, 0x08, 0x63, 0x08, 0x63, 0x08,
  0x63, 0x08, 0x63, 0x08, 0x63, 0x08, 0x63, 0x08, 0x63, 0x08, 0x63, 0x08, 0x63, 0x08, 0x63, 0x08, 0x63, 0x08, 0x63, 0x08, 0x63, 0x08, 0x63, 0x08, 0x63, 0x08, 0x63, 0x08, 0x63, 0x08, 0x63, 0x08,
  0xa4, 0x10, 0x63, 0x08, 0x63, 0x08, 0x63, 0x08, 0x63, 0x08, 0x63, 0x08, 0x63, 0x08, 0x63, 0x08, 0x63, 0x08, 0x63, 0x08, 0x63, 0x08, 0x63, 0x08, 0x63, 0x08, 0x63, 0x08, 0x63, 0x08, 0x63, 0x08,
  0x63, 0x08, 0x63, 0x08, 0x63, 0x08, 0x63, 0x08, 0x63, 0x08, 0x63, 0x08, 0x63, 0x08, 0x63, 0x08, 0x63, 0x08, 0x63, 0x08, 0x63, 0x08, 0x63, 0x08, 0x63, 0x08, 0x63, 0x08, 0x63, 0x08, 0x63, 0x08,
  0xa4, 0x10, 0x63, 0x08, 0x63, 0x08, 0x63, 0x08, 0x63, 0x08, 0x63, 0x08, 0x63, 0x08, 0x63, 0x08, 0x63, 0x08, 0x63, 0x08, 0x63, 0x08, 0x63, 0x08, 0x63, 0x08, 0x63, 0x08, 0x63, 0x08, 0x63, 0x08,
  0x63, 0x08, 0x63, 0x08, 0x63, 0x08, 0x63, 0x08, 0x63, 0x08, 0x63, 0x08, 0x63, 0x08, 0x63, 0x08, 0x63, 0x08, 0x63, 0x08, 0x63, 0x08, 0x63, 0x08, 0x63, 0x08, 0x63, 0x08, 0x63, 0x08, 0x63, 0x08,
  0xa4, 0x10, 0x63, 0x08, 0x63, 0x08, 0x63, 0x08, 0x63, 0x08, 0x63, 0x08, 0x63, 0x08, 0x63, 0x08, 0x63, 0x08, 0x63, 0x08, 0x63, 0x08, 0x63, 0x08, 0x63, 0x08, 0x63, 0x08, 0x63, 0x08, 0x63, 0x08,
  0x63, 0x08, 0x63, 0x08, 0x63, 0x08, 0x63, 0x08, 0x63, 0x08, 0x63, 0x08, 0x63, 0x08, 0x63, 0x08, 0x63, 0x08, 0x63, 0x08, 0x63, 0x08, 0x63, 0x08, 0x63, 0x08, 0x63, 0x08, 0x63, 0x08, 0x63, 0x08,
  0xa4, 0x10, 0x63, 0x08, 0x63, 0x08, 0x63, 0x08, 0x63, 0x08, 0x63, 0x08, 0x63, 0x08, 0x63, 0x08, 0x63, 0x08, 0x63, 0x08, 0x63, 0x08, 0x63, 0x08, 0x63, 0x08, 0x63, 0x08, 0x63, 0x08, 0x63, 0x08,
  0x63, 0x08, 0x63, 0x08, 0x63, 0x08, 0x63, 0x08, 0x63, 0x08, 0x63, 0x08, 0x63, 0x08, 0x63, 0x08, 0x63, 0x08, 0x63, 0x08, 0x63, 0x08, 0x63, 0x08, 0x63, 0x08, 0x63, 0x08, 0x63, 0x08, 0x63, 0x08,
  0xa4, 0x10, 0x63, 0x08, 0x63, 0x08, 0x63, 0x08, 0x63, 0x08, 0x63, 0x08, 0x63, 0x08, 0x63, 0x08, 0x63, 0x08, 0x63, 0x08, 0x63, 0x08, 0x63, 0x08, 0x63, 0x08, 0x63, 0x08, 0x63, 0x08, 0x63, 0x08,
  0x63, 0x08, 0x63, 0x08, 0x63, 0x08, 0x63, 0x08, 0x63, 0x08, 0x63, 0x08, 0x63, 0x08, 0x63, 0x08, 0x63, 0x08, 0x63, 0x08, 0x63, 0x08, 0x63, 0x08, 0x63, 0x08, 0x63, 0x08, 0x63, 0x08, 0x63, 0x08,
  0xa4, 0x10, 0x63, 0x08, 0x63, 0x08, 0x63, 0x08, 0x63, 0x08, 0x63, 0x08, 0x63, 0x08, 0x63, 0x08, 0x63, 0x08, 0x63, 0x08, 0x63, 0x08, 0x63, 0x08, 0x63, 0x08, 0x63, 0x08, 0x63, 0x08, 0x63, 0x08,
  0x63, 0x08, 0x63, 0x08, 0x63, 0x08, 0x63, 0x08, 0x63, 0x08, 0x63, 0x08, 0x63, 0x08, 0x63, 0x08, 0x63, 0x08, 0x63, 0x08, 0x63, 0x08, 0x63, 0x08, 0x63, 0x08, 0x63, 0x08, 0x63, 0x08, 0x63, 0x08,
  0xa4, 0x10, 0x63, 0x08, 0x63, 0x08, 0x63, 0x08, 0x63, 0x08, 0x63, 0x08, 0x63, 0x08, 0x63, 0x08, 0x63, 0x08, 0x63, 0x08, 0x63, 0x08, 0x63, 0x08, 0x63, 0x08, 0x63, 0x08, 0x63, 0x08, 0x63, 0x08,
  0x63, 0x08, 0x63, 0x08, 0x63, 0x08, 0x63, 0x08, 0x63, 0x08, 0x63, 0x08, 0x63, 0x08, 0x63, 0x08, 0x63, 0x08, 0x63, 0x08, 0x63, 0x08, 0x63, 0x08, 0x63, 0x08, 0x63, 0x08, 0x63, 0x08, 0x63, 0x08,
  0xa4, 0x10, 0x63, 0x08, 0x63, 0x08, 0x63, 0x08, 0x63, 0x08, 0x63, 0x08, 0x63, 0x08, 0x63, 0x08, 0x63, 0x08, 0x63, 0x08, 0x63, 0x08, 0x63, 0x08, 0x63, 0x08, 0x63, 0x08, 0x63, 0x08, 0x63, 0x08,
  0x63, 0x08, 0x63, 0x08, 0x63, 0x08, 0x63, 0x08, 0x63, 0x08, 0x63, 0x08, 0x63, 0x08, 0x63, 0x08, 0x63, 0x08, 0x63, 0x08, 0x63, 0x08, 0x63, 0x08, 0x63, 0x08, 0x63, 0x08, 0x63, 0x08, 0x63, 0x08,
  0xa4, 0x10, 0x63, 0x08, 0x63, 0x08, 0x63, 0x08, 0x63, 0x08, 0x63, 0x08, 0x63, 0x08, 0x63, 0x08, 0x63, 0x08, 0x63, 0x08, 0x63, 0x08, 0x63, 0x08, 0x63, 0x08, 0x63, 0x08, 0x63, 0x08, 0x63, 0x08,
  0x63, 0x08, 0x63, 0x08, 0x63, 0x08, 0x63, 0x08, 0x63, 0x08, 0x63, 0x08, 0x63, 0x08, 0x63, 0x08, 0x63, 0x08, 0x63, 0x08, 0x63, 0x08, 0x63, 0x08, 0x63, 0x08, 0x63, 0x08, 0x63, 0x08, 0x63, 0x08,
  0xa4, 0x10, 0x63, 0x08, 0x63, 0x08, 0x63, 0x08, 0x63, 0x08, 0x63, 0x08, 0x63, 0x08, 0x63, 0x08, 0x63, 0x08, 0x63, 0x08, 0x63, 0x08, 0x63, 0x08, 0x63, 0x08, 0x63, 0x08, 0x63, 0x08, 0x63, 0x08,
  0x63, 0x08, 0x63, 0x08, 0x63, 0x08, 0x63, 0x08, 0x63, 0x08, 0x63, 0x08, 0x63, 0x08, 0x63, 0x08, 0x63, 0x08, 0x63, 0x08, 0x63, 0x08, 0x63, 0x08, 0x63, 0x08, 0x63, 0x08, 0x63, 0x08, 0x63, 0x08,
  0xa4, 0x10, 0x63, 0x08, 0x63, 0x08, 0x63, 0x08, 0x63, 0x08, 0x63, 0x08, 0x63, 0x08, 0x63, 0x08, 0x63, 0x08, 0x63, 0x08, 0x63, 0x08, 0x63, 0x08, 0x63, 0x08, 0x63, 0x08, 0x63, 0x08, 0x63, 0x08,
  0x63, 0x08, 0x63, 0x08, 0x63, 0x08, 0x63, 0x08, 0x63, 0x08, 0x63, 0x08, 0x63, 0x08, 0x63, 0x08, 0x63, 0x08, 0x63, 0x08, 0x63, 0x08, 0x63, 0x08, 0x63, 0x08, 0x63, 0x08, 0x63, 0x08, 0x63, 0x08,
  0xa4, 0x10, 0x63, 0x08, 0x63, 0x08, 0x63, 0x08, 0x63, 0x08, 0x63, 0x08, 0x63, 0x08, 0x63, 0x08, 0x63, 0x08, 0x63, 0x08, 0x63, 0x08, 0x63, 0x08, 0x63, 0x08, 0x63, 0x08, 0x63, 0x08, 0x63, 0x08,
  0x63, 0x08, 0x63, 0x08, 0x63, 0x08, 0x63, 0x08, 0x63, 0x08, 0x63, 0x08, 0x63, 0x08, 0x63, 0x08, 0x63, 0x08, 0x63, 0x08, 0x63, 0x08, 0x63, 0x08, 0x63, 0x08, 0x63, 0x08, 0x63, 0x08, 0x63, 0x08,
  0xa4, 0x10, 0x63, 0x08, 0x63, 0x08, 0x63, 0x08, 0x63, 0x08, 0x63, 0x08, 0x63, 0x08, 0x63, 0x08, 0x63, 0x08, 0x63, 0x08, 0x63, 0x08, 0x63, 0x08, 0x63, 0x08, 0x63, 0x08, 0x63, 0x08, 0x63, 0x08,
  0x63, 0x08, 0x63, 0x08, 0x63, 0x08, 0x63, 0x08, 0x63, 0x08, 0x63, 0x08, 0x63, 0x08, 0x63, 0x08, 0x63, 0x08, 0x63, 0x08, 0x63, 0x08, 0x63, 0x08, 0x63, 0x08, 0x63, 0x08, 0x63, 0x08, 0x63, 0x08,
  0xa4, 0x10, 0x63, 0x08, 0x63, 0x08, 0x63, 0x08, 0x63, 0x08, 0x63, 0x08, 0x63, 0x08, 0x63, 0x08, 0x63, 0x08, 0x63, 0x08, 0x63, 0x08, 0x63, 0x08, 0x63, 0x08, 0x63, 0x08, 0x63, 0x08, 0x63, 0x08,
  0x63, 0x08, 0x63, 0x08, 0x63, 0x08, 0x63, 0x08, 0x63, 0x08, 0x63, 0x08, 0x63, 0x08, 0x63, 0x08, 0x63, 0x08, 0x63, 0x08, 0x63, 0x08, 0x63, 0x08, 0x63, 0x08, 0x63, 0x08, 0x63, 0x08, 0x63, 0x08,
  0xa4, 0x10, 0x63, 0x08, 0x63, 0x08, 0x63, 0x08, 0x63, 0x08, 0x63, 0x08, 0x63, 0x08, 0x63, 0x08, 0x63, 0x08, 0x63, 0x08, 0x63, 0x08, 0x63, 0x08, 0x63, 0x08, 0x63, 0x08, 0x63, 0x08, 0x63, 0x08,
  0x63, 0x08, 0x63, 0x08, 0x63, 0x08, 0x63, 0x08, 0x63, 0x08, 0x63, 0x08, 0x63, 0x08, 0x63, 0x08, 0x63, 0x08, 0x63, 0x08, 0x63, 0x08, 0x63, 0x08, 0x63, 0x08, 0x63, 0x08, 0x63, 0x08, 0x63, 0x08,
  0xa4, 0x10, 0x63, 0x08, 0x63, 0x08, 0x63, 0x08, 0x63, 0x08, 0x63, 0x08, 0x63, 0x08, 0x63, 0x08, 0x63, 0x08, 0x63, 0x08, 0x63, 0x08, 0x63, 0x08, 0x63, 0x08, 0x63, 0x08, 0x63, 0x08, 0x63, 0x08,
  0x63, 0x08, 0x63, 0x08, 0x63, 0x08, 0x63, 0x08, 0x63, 0x08, 0x63, 0x08, 0x63, 0x08, 0x63, 0x08, 0x63, 0x08, 0x63, 0x08, 0x63, 0x08, 0x63, 0x08, 0x63, 0x08, 0x63, 0x08, 0x63, 0x08, 0x63, 0x08,
  0xa4, 0x10, 0x63, 0x08, 0x63, 0x08, 0x63, 0x08, 0x63, 0x08, 0x63, 0x08, 0x63, 0x08, 0x63, 0x08, 0x63, 0x08, 0x63, 0x08, 0x63, 0x08, 0x63, 0x08, 0x63, 0x08, 0x63, 0x08, 0x63, 0x08, 0x63, 0x08,
  0x63, 0x08, 0x63, 0x08, 0x63, 0x08, 0x63, 0x08, 0x63, 0x08, 0x63, 0x08, 0x63, 0x08, 0x63, 0x08, 0x63, 0x08, 0x63, 0x08, 0x63, 0x08, 0x63, 0x08, 0x63, 0x08, 0x63, 0x08, 0x63, 0x08, 0x63, 0x08,
  0xa4, 0x10, 0x63, 0x08, 0x63, 0x08, 0x63, 0x08, 0x63, 0x08, 0x63, 0x08, 0x63, 0x08, 0x63, 0x08, 0x63, 0x08, 0x63, 0x08, 0x63, 0x08, 0x63, 0x08, 0x63, 0x08, 0x63, 0x08, 0x63, 0x08, 0x63, 0x08,
  0x63, 0x08, 0x63, 0x08, 0x63, 0x08, 0x63, 0x08, 0x63, 0x08, 0x63, 0x08, 0x63, 0x08, 0x63, 0x08, 0x63, 0x08, 0x63, 0x08, 0x63, 0x08, 0x63, 0x08, 0x63, 0x08, 0x63, 0x08, 0x63, 0x08, 0x63, 0x08,
  0xa4, 0x10, 0x63, 0x08, 0x63, 0x08, 0x63, 0x08, 0x63, 0x08, 0x63, 0x08, 0x63, 0x08, 0x63, 0x08, 0x63, 0x08, 0x63, 0x08, 0x63, 0x08, 0x63, 0x08, 0x63, 0x08, 0x63, 0x08, 0x63, 0x08, 0x63, 0x08,
  0x63, 0x08, 0x63, 0x08, 0x63, 0x08, 0x63, 0x08, 0x63, 0x08, 0x63, 0x08, 0x63, 0x08, 0x63, 0x08, 0x63, 0x08, 0x63, 0x08, 0x63, 0x08, 0x63, 0x08, 0x63, 0x08, 0x63, 0x08, 0x63, 0x08, 0x63, 0x08,
  0xa4, 0x10, 0x63, 0x08, 0x63, 0x08, 0x63, 0x08, 0x63, 0x08, 0x63, 0x08, 0x63, 0x08, 0x63, 0x08, 0x63, 0x08, 0x63, 0x08, 0x63, 0x08, 0x63, 0x08, 0x63, 0x08, 0x63, 0x08, 0x63, 0x08, 0x63, 0x08,
  0x63, 0x08, 0x63, 0x08, 0x63, 0x08, 0x63, 0x08, 0x63, 0x08, 0x63, 0x08, 0x63, 0x08, 0x63, 0x08, 0x63, 0x08, 0x63, 0x08, 0x63, 0x08, 0x63, 0x08, 0x63, 0x08, 0x63, 0x08, 0x63, 0x08, 0x63, 0x08,
  0xa4, 0x10, 0x63, 0x08, 0x63, 0x08, 0x63, 0x08, 0x63, 0x08, 0x63, 0x08, 0x63, 0x08, 0x63, 0x08, 0x63, 0x08, 0x63, 0x08, 0x63, 0x08, 0x63, 0x08, 0x63, 0x08, 0x63, 0x08, 0x63, 0x08, 0x63, 0x08,
  0x63, 0x08, 0x63, 0x08, 0x63, 0x08, 0x63, 0x08, 0x63, 0x08, 0x63, 0x08, 0x63, 0x08, 0x63, 0x08, 0x63, 0x08, 0x63, 0x08, 0x63, 0x08, 0x63, 0x08, 0x63, 0x08, 0x63, 0x08, 0x63, 0x08, 0x63, 0x08,
  0xa4, 0x10, 0x63, 0x08, 0x63, 0x08, 0x63, 0x08, 0x63, 0x08, 0x63, 0x08, 0x63, 0x08, 0x63, 0x08, 0x63, 0x08, 0x63, 0x08, 0x63, 0x08, 0x63, 0x08, 0x63, 0x08, 0x63, 0x08, 0x63, 0x08, 0x63, 0x08,
  0x63, 0x08, 0x63, 0x08, 0x63, 0x08, 0x63, 0x08, 0x63, 0x08, 0x63, 0x08, 0x63, 0x08, 0x63, 0x08, 0x63, 0x08, 0x63, 0x08, 0x63, 0x08, 0x63, 0x08, 0x63, 0x08, 0x63, 0x08, 0x63, 0x08, 0x63, 0x08,
  0xa4, 0x10, 0x63, 0x08, 0x63, 0x08, 0x63, 0x08, 0x63, 0x08, 0x63, 0x08, 0x63, 0x08, 0x63, 0x08, 0x63, 0x08, 0x63, 0x08, 0x63, 0x08, 0x63, 0x08, 0x63, 0x08, 0x63, 0x08, 0x63, 0x08, 0x63, 0x08,
  0x63, 0x08, 0x63, 0x08, 0x63, 0x08, 0x63, 0x08, 0x63, 0x08, 0x63, 0x08, 0x63, 0x08, 0x63, 0x08, 0x63, 0x08, 0x63, 0x08, 0x63, 0x08, 0x63, 0x08, 0x63, 0x08, 0x63, 0x08, 0x63, 0x08, 0x63, 0x08,
  0xa4, 0x10, 0x63, 0x08, 0x63, 0x08, 0x63, 0x08, 0x63, 0x08, 0x63, 0x08, 0x63, 0x08, 0x63, 0x08, 0x63, 0x08, 0x63, 0x08, 0x63, 0x08, 0x63, 0x08, 0x63, 0x08, 0x63, 0x08, 0x63, 0x08, 0x63, 0x08,
  0x63, 0x08, 0x63, 0x08, 0x63, 0x08, 0x63, 0x08, 0x63, 0x08, 0x63, 0x08, 0x63, 0x08, 0x63, 0x08, 0x63, 0x08, 0x63, 0x08, 0x63, 0x08, 0x63, 0x08, 0x63, 0x08, 0x63, 0x08, 0x63, 0x08, 0x63, 0x08,
  0xa4, 0x10, 0x63, 0x08, 0x63, 0x08, 0x63, 0x08, 0x63, 0x08, 0x63, 0x08, 0x63, 0x08, 0x63, 0x08, 0x63, 0x08, 0x63, 0x08, 0x63, 0x08, 0x63, 0x08, 0x63, 0x08, 0x63, 0x08, 0x63, 0x08, 0x63, 0x08,
  0x63, 0x08, 0x63, 0x08, 0x63, 0x08, 0x63, 0x08, 0x63, 0x08, 0x63, 0x08, 0x63, 0x08, 0x63, 0x08, 0x63, 0x08, 0x63, 0x08, 0x63, 0x08, 0x63, 0x08, 0x63, 0x08, 0x63, 0x08, 0x63, 0x08, 0x63, 0x08,
  0xa4, 0x10, 0x63, 0x08, 0x63, 0x08, 0x63, 0x08, 0x63, 0x08, 0x63, 0x08, 0x63, 0x08, 0x63, 0x08, 0x63, 0x08, 0x63, 0x08, 0x63, 0x08, 0x63, 0x08, 0x63, 0x08, 0x63, 0x08, 0x63, 0x08, 0x63, 0x08,
  0x63, 0x08, 0x63, 0x08, 0x63, 0x08, 0x63, 0x08, 0x63, 0x08, 0x63, 0x08, 0x63, 0x08, 0x63, 0x08, 0x63, 0x08, 0x63, 0x08, 0x63, 0x08, 0x63, 0x08, 0x63, 0x08, 0x63, 0x08, 0x63, 0x08, 0x63, 0x08,
  0xa4, 0x10, 0x63, 0x08, 0x63, 0x08, 0x63, 0x08, 0x63, 0x08, 0x63, 0x08, 0x63, 0x08, 0x63, 0x08, 0x63, 0x08, 0x63, 0x08, 0x63, 0x08, 0x63, 0x08, 0x63, 0x08, 0x63, 0x08, 0x63, 0x08, 0x63, 0x08,
  0x63, 0x08, 0x63, 0x08, 0x63, 0x08, 0x63, 0x08, 0x63, 0x08, 0x63, 0x08, 0x63, 0x08, 0x63, 0x08, 0x63, 0x08, 0x63, 0x08, 0x63, 0x08, 0x63, 0x08, 0x63, 0x08, 0x63, 0x08, 0x63, 0x08, 0x63, 0x08,
  0xa4, 0x10, 0x63, 0x08, 0x63, 0x08, 0x63, 0x08, 0x63, 0x08, 0x63, 0x08, 0x63, 0x08, 0x63, 0x08, 0x63, 0x08, 0x63, 0x08, 0x63, 0x08, 0x63, 0x08, 0x63, 0x08, 0x63, 0x08, 0x63, 0x08, 0x63, 0x08,
  0x63, 0x08, 0x63, 0x08, 0x63, 0x08, 0x63, 0x08, 0x63, 0x08, 0x63, 0x08, 0x63, 0x08, 0x63, 0x08, 0x63, 0x08, 0x63, 0x08, 0x63, 0x08, 0x63, 0x08, 0x63, 0x08, 0x63, 0x08, 0x63, 0x08, 0x63, 0x08,
  0xa4, 0x10, 0x63, 0x08, 0x63, 0x08, 0x63, 0x08, 0x63, 0x08, 0x63, 0x08, 0x63, 0x08, 0x63, 0x08, 0x63, 0x08, 0x63, 0x08, 0x63, 0x08, 0x63, 0x08, 0x63, 0x08, 0x63, 0x08, 0x63, 0x08, 0x63, 0x08,
  0x63, 0x08, 0x63, 0x08, 0x63, 0x08, 0x63, 0x08, 0x63, 0x08, 0x63, 0x08, 0x63, 0x08, 0x63, 0x08, 0x63, 0x08, 0x63, 0x08, 0x63, 0x08, 0x63, 0x08, 0x63, 0x08, 0x63, 0x08, 0x63, 0x08, 0x63, 0x08,
  0xa4, 0x10, 0x63, 0x08, 0x63, 0x08, 0x63, 0x08, 0x63, 0x08, 0x63, 0x08, 0x63, 0x08, 0x63, 0x08, 0x63, 0x08, 0x63, 0x08, 0x63, 0x08, 0x63, 0x08, 0x63, 0x08, 0x63, 0x08, 0x63, 0x08, 0x63, 0x08,
  0x63, 0x08, 0x63, 0x08, 0x63, 0x08, 0x63, 0x08, 0x63, 0x08, 0x63, 0x08, 0x63, 0x08, 0x63, 0x08, 0x63, 0x08, 0x63, 0x08, 0x63, 0x08, 0x63, 0x08, 0x63, 0x08, 0x63, 0x08, 0x63, 0x08, 0x63, 0x08,
  0xa4, 0x10, 0x63, 0x08, 0x63, 0x08, 0x63, 0x08, 0x63, 0x08, 0x63, 0x08, 0x63, 0x08, 0x63, 0x08, 0x63, 0x08, 0x63, 0x08, 0x63, 0x08, 0x63, 0x08, 0x63, 0x08, 0x63, 0x08, 0x63, 0x08, 0x63, 0x08,
  0x63, 0x08, 0x63, 0x08, 0x63, 0x08, 0x63, 0x08, 0x63, 0x08, 0x63, 0x08, 0x63, 0x08, 0x63, 0x08, 0x63, 0x08, 0x63, 0x08, 0x63, 0x08, 0x63, 0x08, 0x63, 0x08, 0x63, 0x08, 0x63, 0x08, 0x63, 0x08,
  0xa4, 0x10, 0x63, 0x08, 0x63, 0x08, 0x63, 0x08, 0x63, 0x08, 0x63, 0x08, 0x63, 0x08, 0x63, 0x08, 0x63, 0x08, 0x63, 0x08, 0x63, 0x08, 0x63, 0x08, 0x63, 0x08, 0x63, 0x08, 0x63, 0x08, 0x63, 0x08,
  0x63, 0x08, 0x63, 0x08, 0x63, 0x08, 0x63, 0x08, 0x63, 0x08, 0x63, 0x08, 0x63, 0x08, 0x63, 0x08, 0x63, 0x08, 0x63, 0x08, 0x63, 0x08, 0x63, 0x08, 0x63, 0x08, 0x63, 0x08, 0x63, 0x08, 0x63, 0x08,
  0xa4, 0x10, 0x63, 0x08, 0x63, 0x08, 0x63, 0x08, 0x63, 0x08, 0x63, 0x08, 0x63, 0x08, 0x63, 0x08, 0x63, 0x08, 0x63, 0x08, 0x63, 0x08, 0x63, 0x08, 0x63, 0x08, 0x63, 0x08, 0x63, 0x08, 0x63, 0x08,
  0x63, 0x08, 0x63, 0x08, 0x63, 0x08, 0x63, 0x08, 0x63, 0x08, 0x63, 0x08, 0x63, 0x08, 0x63, 0x08, 0x63, 0x08, 0x63, 0x08, 0x63, 0x08, 0x63, 0x08, 0x63, 0x08, 0x63, 0x08, 0x63, 0x08, 0x63, 0x08,
  0xa4, 0x10, 0x63, 0x08, 0x63, 0x08, 0x63, 0x08, 0x63, 0x08, 0x63, 0x08, 0x63, 0x08, 0x63, 0x08, 0x63, 0x08, 0x63, 0x08, 0x63, 0x08, 0x63, 0x08, 0x63, 0x08, 0x63, 0x08, 0x63, 0x08, 0x63, 0x08,
  0x63, 0x08, 0x63, 0x08, 0x63, 0x08, 0x63, 0x08, 0x63, 0x08, 0x63, 0x08, 0x63, 0x08, 0x63, 0x08, 0x63, 0x08, 0x63, 0x08, 0x63, 0x08, 0x63, 0x08, 0x63, 0x08, 0x63, 0x08, 0x63, 0x08, 0x63, 0x08,
  0xa4, 0x10, 0x63, 0x08, 0x63, 0x08, 0x63, 0x08, 0x63, 0x08, 0x63, 0x08, 0x63, 0x08, 0x63, 0x08, 0x63, 0x08, 0x63, 0x08, 0x63, 0x08, 0x63, 0x08, 0x63, 0x08, 0x63, 0x08, 0x63, 0x08, 0x63, 0x08,
  0x63, 0x08, 0x63, 0x08, 0x63, 0x08, 0x63, 0x08, 0x63, 0x08, 0x63, 0x08, 0x63, 0x08, 0x63, 0x08, 0x63, 0x08, 0x63, 0x08, 0x63, 0x08, 0x63, 0x08, 0x63, 0x08, 0x63, 0x08, 0x63, 0x08, 0x63, 0x08,
  0xa4, 0x10, 0x63, 0x08, 0x63, 0x08, 0x63, 0x08, 0x63, 0x08, 0x63, 0x08, 0x63, 0x08, 0x63, 0x08, 0x63, 0x08, 0x63, 0x08, 0x63, 0x08, 0x63, 0x08, 0x63, 0x08, 0x63, 0x08, 0x63, 0x08, 0x63, 0x08,
  0x63, 0x08, 0x63, 0x08, 0x63, 0x08, 0x63, 0x08, 0x63, 0x08, 0x63, 0x08, 0x63, 0x08, 0x63, 0x08, 0x63, 0x08, 0x63, 0x08, 0x63, 0x08, 0x63, 0x08, 0x63, 0x08, 0x63, 0x08, 0x63, 0x08, 0x63, 0x08,
  0xa4, 0x10, 0x63, 0x08, 0x63, 0x08, 0x63, 0x08, 0x63, 0x08, 0x63, 0x08, 0x63, 0x08, 0x63, 0x08, 0x63, 0x08, 0x63, 0x08, 0x63, 0x08, 0x63, 0x08, 0x63, 0x08, 0x63, 0x08, 0x63, 0x08, 0x63, 0x08,
  0x63, 0x08, 0x63, 0x08, 0x63, 0x08, 0x63, 0x08, 0x63, 0x08, 0x63, 0x08, 0x63, 0x08, 0x63, 0x08, 0x63, 0x08, 0x63, 0x08, 0x63, 0x08, 0x63, 0x08, 0x63, 0x08, 0x63, 0x08, 0x63, 0x08, 0x63, 0x08,
  0xa4, 0x10, 0x63, 0x08, 0x63, 0x08, 0x63, 0x08, 0x63, 0x08, 0x63, 0x08, 0x63, 0x08, 0x63, 0x08, 0x63, 0x08, 0x63, 0x08, 0x63, 0x08, 0x63, 0x08, 0x63, 0x08, 0x63, 0x08, 0x63, 0x08, 0x63, 0x08,
  0x63, 0x08, 0x63, 0x08, 0x63, 0x08, 0x63, 0x08, 0x63, 0x08, 0x63, 0x08, 0x63, 0x08, 0x63, 0x08, 0x63, 0x08, 0x63, 0x08, 0x63, 0x08, 0x63, 0x08, 0x63, 0x08, 0x63, 0x08, 0x63, 0x08, 0x63, 0x08,
  0xa4, 0x10, 0x63, 0x08, 0x63, 0x08, 0x63, 0x08, 0x63, 0x08, 0x63, 0x08, 0x63, 0x08, 0x63, 0x08, 0x63, 0x08, 0x63, 0x08, 0x63, 0x08, 0x63, 0x08, 0x63, 0x08, 0x63, 0x08, 0x63, 0x08, 0x63, 0x08,
  0x63, 0x08, 0x63, 0x08, 0x63, 0x08, 0x63, 0x08, 0x63, 0x08, 0x63, 0x08, 0x63, 0x08, 0x63, 0x08, 0x63, 0x08, 0x63, 0x08, 0x63, 0x08, 0x63, 0x08, 0x63, 0x08, 0x63, 0x08, 0x63, 0x08, 0x63, 0x08,
  0xa4, 0x10, 0x63, 0x08, 0x63, 0x08, 0x63, 0x08, 0x63, 0x08, 0x63, 0x08, 0x63, 0x08, 0x63, 0x08, 0x63, 0x08, 0x63, 0x08, 0x63, 0x08, 0x63, 0x08, 0x63, 0x08, 0x63, 0x08, 0x63, 0x08, 0x63, 0x08,
  0x63, 0x08, 0x63, 0x08, 0x63, 0x08, 0x63, 0x08, 0x63, 0x08, 0x63, 0x08, 0x63, 0x08, 0x63, 0x08, 0x63, 0x08, 0x63, 0x08, 0x63, 0x08, 0x63, 0x08, 0x63, 0x08, 0x63, 0x08, 0x63, 0x08, 0x63, 0x08,
  0xa4, 0x10, 0x63, 0x08, 0x63, 0x08, 0x63, 0x08, 0x63, 0x08, 0x63, 0x08, 0x63, 0x08, 0x63, 0x08, 0x63, 0x08, 0x63, 0x08, 0x63, 0x08, 0x63, 0x08, 0x63, 0x08, 0x63, 0x08, 0x63, 0x08, 0x63, 0x08,
  0x63, 0x08, 0x63, 0x08, 0x63, 0x08, 0x63, 0x08, 0x63, 0x08, 0x63, 0x08, 0x63, 0x08, 0x63, 0x08, 0x63, 0x08, 0x63, 0x08, 0x63, 0x08, 0x63, 0x08, 0x63, 0x08, 0x63, 0x08, 0x63, 0x08, 0x63, 0x08,
  0xa4, 0x10, 0x63, 0x08, 0x63, 0x08, 0x63, 0x08, 0x63, 0x08, 0x63, 0x08, 0x63, 0x08, 0x63, 0x08, 0x63, 0x08, 0x63, 0x08, 0x63, 0x08, 0x63, 0x08, 0x63, 0x08, 0x63, 0x08, 0x63, 0x08, 0x63, 0x08,
  0x63, 0x08, 0x63, 0x08, 0x63, 0x08, 0x63, 0x08, 0x63, 0x08, 0x63, 0x08, 0x63, 0x08, 0x63, 0x08, 0x63, 0x08, 0x63, 0x08, 0x63, 0x08, 0x63, 0x08, 0x63, 0x08, 0x63, 0x08, 0x63, 0x08, 0x63, 0x08,
  0xa4, 0x10, 0x63, 0x08, 0x63, 0x08, 0x63, 0x08, 0x63, 0x08, 0x63, 0x08, 0x63, 0x08, 0x63, 0x08, 0x63, 0x08, 0x63, 0x08, 0x63, 0x08, 0x63, 0x08, 0x63, 0x08, 0x63, 0x08, 0x63, 0x08, 0x63, 0x08,
  0x63, 0x08, 0x63, 0x08, 0x63, 0x08, 0x63, 0x08, 0x63, 0x08, 0x63, 0x08, 0x63, 0x08, 0x63, 0x08, 0x63, 0x08, 0x63, 0x08, 0x63, 0x08, 0x63, 0x08, 0x63, 0x08, 0x63, 0x08, 0x63, 0x08, 0x63, 0x08,
  0xa4, 0x10, 0x63, 0x08, 0x63, 0x08, 0x63, 0x08, 0x63, 0x08, 0x63, 0x08, 0x63, 0x08, 0x63, 0x08, 0x63, 0x08, 0x63, 0x08, 0x63, 0x08, 0x63, 0x08, 0x63, 0x08, 0x63, 0x08, 0x63, 0x08, 0x63, 0x08,
  0x63, 0x08, 0x63, 0x08, 0x63, 0x08, 0x63, 0x08, 0x63, 0x08, 0x63, 0x08, 0x63, 0x08, 0x63, 0x08, 0x63, 0x08, 0x63, 0x08, 0x63, 0x08, 0x63, 0x08, 0x63, 0x08, 0x63, 0x08, 0x63, 0x08, 0x63, 0x08,
  0xa4, 0x10, 0x63, 0x08, 0x63, 0x08, 0x63, 0x08, 0x63, 0x08, 0x63, 0x08, 0x63, 0x08, 0x63, 0x08, 0x63, 0x08, 0x63, 0x08, 0x63, 0x08, 0x63, 0x08, 0x63, 0x08, 0x63, 0x08, 0x63, 0x08, 0x63, 0x08,
  0x63, 0x08, 0x63, 0x08, 0x63, 0x08, 0x63, 0x08, 0x63, 0x08, 0x63, 0x08, 0x63, 0x08, 0x63, 0x08, 0x63, 0x08, 0x63, 0x08, 0x63, 0x08, 0x63, 0x08, 0x63, 0x08, 0x63, 0x08, 0x63, 0x08, 0x63, 0x08,
  0xa4, 0x10, 0x63, 0x08, 0x63, 0x08, 0x63, 0x08, 0x63, 0x08, 0x63, 0x08, 0x63, 0x08, 0x63, 0x08, 0x63, 0x08, 0x63, 0x08, 0x63, 0x08, 0x63, 0x08, 0x63, 0x08, 0x63, 0x08, 0x63, 0x08, 0x63, 0x08,
  0x63, 0x08, 0x63, 0x08, 0x63, 0x08, 0x63, 0x08, 0x63, 0x08, 0x63, 0x08, 0x63, 0x08, 0x63, 0x08, 0x63, 0x08, 0x63, 0x08, 0x63, 0x08, 0x63, 0x08, 0x63, 0x08, 0x63, 0x08, 0x63, 0x08, 0x63, 0x08,
  0xa4, 0x10, 0x63, 0x08, 0x63, 0x08, 0x63, 0x08, 0x63, 0x08, 0x63, 0x08, 0x63, 0x08, 0x63, 0x08, 0x63, 0x08, 0x63, 0x08, 0x63, 0x08, 0x63, 0x08, 0x63, 0x08, 0x63, 0x08, 0x63, 0x08, 0x63, 0x08,
  0x63, 0x08, 0x63, 0x08, 0x63, 0x08, 0x63, 0x08, 0x63, 0x08, 0x63, 0x08, 0x63, 0x08, 0x63, 0x08, 0x63, 0x08, 0x63, 0x08, 0x63, 0x08, 0x63, 0x08, 0x63, 0x08, 0x63, 0x08, 0x63, 0x08, 0x63, 0x08,
  0xa4, 0x10, 0x63, 0x08, 0x63, 0x08, 0x63, 0x08, 0x63, 0x08, 0x63, 0x08, 0x63, 0x08, 0x63, 0x08, 0x63, 0x08, 0x63, 0x08, 0x63, 0x08, 0x63, 0x08, 0x63, 0x08, 0x63, 0x08, 0x63, 0x08, 0x63, 0x08,
  0x63, 0x08, 0x63, 0x08, 0x63, 0x08, 0x63, 0x08, 0x63, 0x08, 0x63, 0x08, 0x63, 0x08, 0x63, 0x08, 0x63, 0x08, 0x63, 0x08, 0x63, 0x08, 0x63, 0x08, 0x63, 0x08, 0x63, 0x08, 0x63, 0x08, 0x63, 0x08,
  0xa4, 0x10, 0x63, 0x08, 0x63, 0x08, 0x63, 0x08, 0x63, 0x08, 0x63, 0x08, 0x63, 0x08, 0x63, 0x08, 0x63, 0x08, 0x63, 0x08, 0x63, 0x08, 0x63, 0x08, 0x63, 0x08, 0x63, 0x08, 0x63, 0x08, 0x63, 0x08,
  0x63, 0x08, 0x63, 0x08, 0x63, 0x08, 0x63, 0x08, 0x63, 0x08, 0x63, 0x08, 0x63, 0x08, 0x63, 0x08, 0x63, 0x08, 0x63, 0x08, 0x63, 0x08, 0x63, 0x08, 0x63, 0x08, 0x63, 0x08, 0x63, 0x08, 0x63, 0x08,
  0xa4, 0x10, 0x63, 0x08, 0x63, 0x08, 0x63, 0x08, 0x63, 0x08, 0x63, 0x08, 0x63, 0x08, 0x63, 0x08, 0x63, 0x08, 0x63, 0x08, 0x63, 0x08, 0x63, 0x08, 0x63, 0x08, 0x63, 0x08, 0x63, 0x08, 0x63, 0x08,
  0x63, 0x08, 0x63, 0x08, 0x63, 0x08, 0x63, 0x08, 0x63, 0x08, 0x63, 0x08, 0x63, 0x08, 0x63, 0x08, 0x63, 0x08, 0x63, 0x08, 0x63, 0x08, 0x63, 0x08, 0x63, 0x08, 0x63, 0x08, 0x63, 0x08, 0x63, 0x08,
  0xa4, 0x10, 0x63, 0x08, 0x63, 0x08, 0x63, 0x08, 0x63, 0x08, 0x63, 0x08, 0x63, 0x08, 0x63, 0x08, 0x63, 0x08, 0x63, 0x08, 0x63, 0x08, 0x63, 0x08, 0x63, 0x08, 0x63, 0x08, 0x63, 0x08, 0x63, 0x08,
  0x63, 0x08, 0x63, 0x08, 0x63, 0x08, 0x63, 0x08, 0x63, 0x08, 0x63, 0x08, 0x63, 0x08, 0x63, 0x08, 0x63, 0x08, 0x63, 0x08, 0x63, 0x08, 0x63, 0x08, 0x63, 0x08, 0x63, 0x08, 0x63, 0x08, 0x63, 0x08,
  0xa4, 0x10, 0x63, 0x08, 0x63, 0x08, 0x63, 0x08, 0x63, 0x08, 0x63, 0x08, 0x63, 0x08, 0x63, 0x08, 0x63, 0x08, 0x63, 0x08, 0x63, 0x08, 0x63, 0x08, 0x63, 0x08, 0x63, 0x08, 0x63, 0x08, 0x63, 0x08,
  0x63, 0x08, 0x63, 0x08, 0x63, 0x08, 0x63, 0x08, 0x63, 0x08, 0x63, 0x08, 0x63, 0x08, 0x63, 0x08, 0x63, 0x08, 0x63, 0x08, 0x63, 0x08, 0x63, 0x08, 0x63, 0x08, 0x63, 0x08, 0x63, 0x08, 0x63, 0x08,
  0xa4, 0x10, 0x63, 0x08, 0x63, 0x08, 0x63, 0x08, 0x63, 0x08, 0x63, 0x08, 0x63, 0x08, 0x63, 0x08, 0x63, 0x08, 0x63, 0x08, 0x63, 0x08, 0x63, 0x08, 0x63, 0x08, 0x63, 0x08, 0x63, 0x08, 0x63, 0x08,
  0x63, 0x08, 0x63, 0x08, 0x63, 0x08, 0x63, 0x08, 0x63, 0x08, 0x63, 0x08, 0x63, 0x08, 0x63, 0x08, 0x63, 0x08, 0x63, 0x08, 0x63, 0x08, 0x63, 0x08, 0x63, 0x08, 0x63, 0x08, 0x63, 0x08, 0x63, 0x08,
  0xa4, 0x10, 0x63, 0x08, 0x63, 0x08, 0x63, 0x08, 0x63, 0x08, 0x63, 0x08, 0x63, 0x08, 0x63, 0x08, 0x63, 0x08, 0x63, 0x08, 0x63, 0x08, 0x63, 0x08, 0x63, 0x08, 0x63, 0x08, 0x63, 0x08, 0x63, 0x08,
  0x63, 0x08, 0x63, 0x08, 0x63, 0x08, 0x63, 0x08, 0x63, 0x08, 0x63, 0x08, 0x63, 0x08, 0x63, 0x08, 0x63, 0x08, 0x63, 0x08, 0x63, 0x08, 0x63, 0x08, 0x63, 0x08, 0x63, 0x08, 0x63, 0x08, 0x63, 0x08,
  0xa4, 0x10, 0x63, 0x08, 0x63, 0x08, 0x63, 0x08, 0x63, 0x08, 0x63, 0x08, 0x63, 0x08, 0x63, 0x08, 0x63, 0x08, 0x63, 0x08, 0x63, 0x08, 0x63, 0x08, 0x63, 0x08, 0x63, 0x08, 0x63, 0x08, 0x63, 0x08,
  0x63, 0x08, 0x63, 0x08, 0x63, 0x08, 0x63, 0x08, 0x63, 0x08, 0x63, 0x08, 0x63, 0x08, 0x63, 0x08, 0x63, 0x08, 0x63, 0x08, 0x63, 0x08, 0x63, 0x08, 0x63, 0x08, 0x63, 0x08, 0x63, 0x08, 0x63, 0x08,
  0xa4, 0x10, 0x63, 0x08, 0x63, 0x08, 0x63, 0x08, 0x63, 0x08, 0x63, 0x08, 0x63, 0x08, 0x63, 0x08, 0x63, 0x08, 0x63, 0x08, 0x63, 0x08, 0x63, 0x08, 0x63, 0x08, 0x63, 0x08, 0x63, 0x08, 0x63, 0x08,
  0x63, 0x08, 0x63, 0x08, 0x63, 0x08, 0x63, 0x08, 0x63, 0x08, 0x63, 0x08, 0x63, 0x08, 0x63, 0x08, 0x63, 0x08, 0x63, 0x08, 0x63, 0x08, 0x63, 0x08, 0x63, 0x08, 0x63, 0x08, 0x63, 0x08, 0x63, 0x08,
  0xa4, 0x10, 0x63, 0x08, 0x63, 0x08, 0x63, 0x08, 0x63, 0x08, 0x63, 0x08, 0x63, 0x08, 0x63, 0x08, 0x63, 0x08, 0x63, 0x08, 0x63, 0x08, 0x63, 0x08, 0x63, 0x08, 0x63, 0x08, 0x63, 0x08, 0x63, 0x08,
  0x63, 0x08, 0x63, 0x08, 0x63, 0x08, 0x63, 0x08, 0x63, 0x08, 0x63, 0x08, 0x63, 0x08, 0x63, 0x08, 0x63, 0x08, 0x63, 0x08, 0x63, 0x08, 0x63, 0x08, 0x63, 0x08, 0x63, 0x08, 0x63, 0x08, 0x63, 0x08,
  0xa4, 0x10, 0x63, 0x08, 0x63, 0x08, 0x63, 0x08, 0x63, 0x08, 0x63, 0x08, 0x63, 0x08, 0x63, 0x08, 0x63, 0x08, 0x63, 0x08, 0x63, 0x08, 0x63, 0x08, 0x63, 0x08, 0x63, 0x08, 0x63, 0x08, 0x63, 0x08,
  0x63, 0x08, 0x63, 0x08, 0x63, 0x08, 0x63, 0x08, 0x63, 0x08, 0x63, 0x08, 0x63, 0x08, 0x63, 0x08, 0x63, 0x08, 0x63, 0x08, 0x63, 0x08, 0x63, 0x08, 0x63, 0x08, 0x63, 0x08, 0x63, 0x08, 0x63, 0x08,
  0xa4, 0x10, 0x63, 0x08, 0x63, 0x08, 0x63, 0x08, 0x63, 0x08, 0x63, 0x08, 0x63, 0x08, 0x63, 0x08, 0x63, 0x08, 0x63, 0x08, 0x63, 0x08, 0x63, 0x08, 0x63, 0x08, 0x63, 0x08, 0x63, 0x08, 0x63, 0x08,
  0x63, 0x08, 0x63, 0x08, 0x63, 0x08, 0x63, 0x08, 0x63, 0x08, 0x63, 0x08, 0x63, 0x08, 0x63, 0x08, 0x63, 0x08, 0x63, 0x08, 0x63, 0x08, 0x63, 0x08, 0x63, 0x08, 0x63, 0x08, 0x63, 0x08, 0x63, 0x08,
  0xa4, 0x10, 0x63, 0x08, 0x63, 0x08, 0x63, 0x08, 0x63, 0x08, 0x63, 0x08, 0x63, 0x08, 0x63, 0x08, 0x63, 0x08, 0x63, 0x08, 0x63, 0x08, 0x63, 0x08, 0x63, 0x08, 0x63, 0x08, 0x63, 0x08, 0x63, 0x08,
  0x63, 0x08, 0x63, 0x08, 0x63, 0x08, 0x63, 0x08, 0x63, 0x08, 0x63, 0x08, 0x63, 0x08, 0x63, 0x08, 0x63, 0x08, 0x63, 0x08, 0x63, 0x08, 0x63, 0x08, 0x63, 0x08, 0x63, 0x08, 0x63, 0x08, 0x63, 0x08,
  0xa4, 0x10, 0x63, 0x08, 0x63, 0x08, 0x63, 0x08, 0x63, 0x08, 0x63, 0x08, 0x63, 0x08, 0x63, 0x08, 0x63, 0x08, 0x63, 0x08, 0x63, 0x08, 0x63, 0x08, 0x63, 0x08, 0x63, 0x08, 0x63, 0x08, 0x63, 0x08,
  0x63, 0x08, 0x63, 0x08, 0x63, 0x08, 0x63, 0x08, 0x63, 0x08, 0x63, 0x08, 0x63, 0x08, 0x63, 0x08, 0x63, 0x08, 0x63, 0x08, 0x63, 0x08, 0x63, 0x08, 0x63, 0x08, 0x63, 0x08, 0x63, 0x08, 0x63, 0x08,
  0xa4, 0x10, 0x63, 0x08, 0x63, 0x08, 0x63, 0x08, 0x63, 0x08, 0x63, 0x08, 0x63, 0x08, 0x63, 0x08, 0x63, 0x08, 0x63, 0x08, 0x63, 0x08, 0x63, 0x08, 0x63, 0x08, 0x63, 0x08, 0x63, 0x08, 0x63, 0x08,
  0x63, 0x08, 0x63, 0x08, 0x63, 0x08, 0x63, 0x08, 0x63, 0x08, 0x63, 0x08, 0x63, 0x08, 0x63, 0x08, 0x63, 0x08, 0x63, 0x08, 0x63, 0x08, 0x63, 0x08, 0x63, 0x08, 0x63, 0x08, 0x63, 0x08, 0x63, 0x08,
  0xa4, 0x10, 0x63, 0x08, 0x63, 0x08, 0x63, 0x08, 0x63, 0x08, 0x63, 0x08, 0x63, 0x08, 0x63, 0x08, 0x63, 0x08, 0x63, 0x08, 0x63, 0x08, 0x63, 0x08, 0x63, 0x08, 0x63, 0x08, 0x63, 0x08, 0x63, 0x08,
  0x63, 0x08, 0x63, 0x08, 0x63, 0x08, 0x63, 0x08, 0x63, 0x08, 0x63, 0x08, 0x63, 0x08, 0x63, 0x08, 0x63, 0x08, 0x63, 0x08, 0x63, 0x08, 0x63, 0x08, 0x63, 0x08, 0x63, 0x08, 0x63, 0x08, 0x63, 0x08,
  0xa4, 0x10, 0x63, 0x08, 0x63, 0x08, 0x63, 0x08, 0x63, 0x08, 0x63, 0x08, 0x63, 0x08, 0x63, 0x08, 0x63, 0x08, 0x63, 0x08, 0x63, 0x08, 0x63, 0x08, 0x63, 0x08, 0x63, 0x08, 0x63, 0x08, 0x63, 0x08,
  0x63, 0x08, 0x63, 0x08, 0x63, 0x08, 0x63, 0x08, 0x63, 0x08, 0x63, 0x08, 0x63, 0x08, 0x63, 0x08, 0x63, 0x08, 0x63, 0x08, 0x63, 0x08, 0x63, 0x08, 0x63, 0x08, 0x63, 0x08, 0x63, 0x08, 0x63, 0x08,
  0xa4, 0x10, 0x63, 0x08, 0x63, 0x08, 0x63, 0x08, 0x63, 0x08, 0x63, 0x08, 0x63, 0x08, 0x63, 0x08, 0x63, 0x08, 0x63, 0x08, 0x63, 0x08, 0x63, 0x08, 0x63, 0x08, 0x63, 0x08, 0x63, 0x08, 0x63, 0x08,
  0x63, 0x08, 0x63, 0x08, 0x63, 0x08, 0x63, 0x08, 0x63, 0x08, 0x63, 0x08, 0x63, 0x08, 0x63, 0x08, 0x63, 0x08, 0x63, 0x08, 0x63, 0x08, 0x63, 0x08, 0x63, 0x08, 0x63, 0x08, 0x63, 0x08, 0x63, 0x08,
  0xa4, 0x10, 0x63, 0x08, 0x63, 0x08, 0x63, 0x08, 0x63, 0x08, 0x63, 0x08, 0x63, 0x08, 0x63, 0x08, 0x63, 0x08, 0x63, 0x08, 0x63, 0x08, 0x63, 0x08, 0x63, 0x08, 0x63, 0x08, 0x63, 0x08, 0x63, 0x08,
  0x63, 0x08, 0x63, 0x08, 0x63, 0x08, 0x63, 0x08, 0x63, 0x08, 0x63, 0x08, 0x63, 0x08, 0x63, 0x08, 0x63, 0x08, 0x63, 0x08, 0x63, 0x08, 0x63, 0x08, 0x63, 0x08, 0x63, 0x08, 0x63, 0x08, 0x63, 0x08,
  0xa4, 0x10, 0x63, 0x08, 0x63, 0x08, 0x63, 0x08, 0x63, 0x08, 0x63, 0x08, 0x63, 0x08, 0x63, 0x08, 0x63, 0x08, 0x63, 0x08, 0x63, 0x08, 0x63, 0x08, 0x63, 0x08, 0x63, 0x08, 0x63, 0x08, 0x63, 0x08,
  0x63, 0x08, 0x63, 0x08, 0x63, 0x08, 0x63, 0x08, 0x63, 0x08, 0x63, 0x08, 0x63, 0x08, 0x63, 0x08, 0x63, 0x08, 0x63, 0x08, 0x63, 0x08, 0x63, 0x08, 0x63, 0x08, 0x63, 0x08, 0x63, 0x08, 0x63, 0x08,
  0xa4, 0x10, 0x63, 0x08, 0x63, 0x08, 0x63, 0x08, 0x63, 0x08, 0x63, 0x08, 0x63, 0x08, 0x63, 0x08, 0x63, 0x08, 0x63, 0x08, 0x63, 0x08, 0x63, 0x08, 0x63, 0x08, 0x63, 0x08, 0x63, 0x08, 0x63, 0x08,
  0x63, 0x08, 0x63, 0x08, 0x63, 0x08, 0x63, 0x08, 0x63, 0x08, 0x63, 0x08, 0x63, 0x08, 0x63, 0x08, 0x63, 0x08, 0x63, 0x08, 0x63, 0x08, 0x63, 0x08, 0x63, 0x08, 0x63, 0x08, 0x63, 0x08, 0x63, 0x08,
  0xa4, 0x10, 0x63, 0x08, 0x63, 0x08, 0x63, 0x08, 0x63, 0x08, 0x63, 0x08, 0x63, 0x08, 0x63, 0x08, 0x63, 0x08, 0x63, 0x08, 0x63, 0x08, 0x63, 0x08, 0x63, 0x08, 0x63, 0x08, 0x63, 0x08, 0x63, 0x08,
  0x63, 0x08, 0x63, 0x08, 0x63, 0x08, 0x63, 0x08, 0x63, 0x08, 0x63, 0x08, 0x63, 0x08, 0x63, 0x08, 0x63, 0x08, 0x63, 0x08, 0x63, 0x08, 0x63, 0x08, 0x63, 0x08, 0x63, 0x08, 0x63, 0x08, 0x63, 0x08,
  0xa4, 0x10, 0x63, 0x08, 0x63, 0x08, 0x63, 0x08, 0x63, 0x08, 0x63, 0x08, 0x63, 0x08, 0x63, 0x08, 0x63, 0x08, 0x63, 0x08, 0x63, 0x08, 0x63, 0x08, 0x63, 0x08, 0x63, 0x08, 0x63, 0x08, 0x63, 0x08,
  0x63, 0x08, 0x63, 0x08, 0x63, 0x08, 0x63, 0x08, 0x63, 0x08, 0x63, 0x08, 0x63, 0x08, 0x63, 0x08, 0x63, 0x08, 0x63, 0x08, 0x63, 0x08, 0x63, 0x08, 0x63, 0x08, 0x63, 0x08, 0x63, 0x08, 0x63, 0x08,
  0xa4, 0x10, 0x63, 0x08, 0x63, 0x08, 0x63, 0x08, 0x63, 0x08, 0x63, 0x08, 0x63, 0x08, 0x63, 0x08, 0x63, 0x08, 0x63, 0x08, 0x63, 0x08, 0x63, 0x08, 0x63, 0x08, 0x63, 0x08, 0x63, 0x08, 0x63, 0x08,
  0x63, 0x08, 0x63, 0x08, 0x63, 0x08, 0x63, 0x08, 0x63, 0x08, 0x63, 0x08, 0x63, 0x08, 0x63, 0x08, 0x63, 0x08, 0x63, 0x08, 0x63, 0x08, 0x63, 0x08, 0x63, 0x08, 0x63, 0x08, 0x63, 0x08, 0x63, 0x08,
  0xa4, 0x10, 0x63, 0x08, 0x63, 0x08, 0x63, 0x08, 0x63, 0x08, 0x63, 0x08, 0x63, 0x08, 0x63, 0x08, 0x63, 0x08, 0x63, 0x08, 0x63, 0x08, 0x63, 0x08, 0x63, 0x08, 0x63, 0x08, 0x63, 0x08, 0x63, 0x08,
  0x63, 0x08, 0x63, 0x08, 0x63, 0x08, 0x63, 0x08, 0x63, 0x08, 0x63, 0x08, 0x63, 0x08, 0x63, 0x08, 0x63, 0x08, 0x63, 0x08, 0x63, 0x08, 0x63, 0x08, 0x63, 0x08, 0x63, 0x08, 0x63, 0x08, 0x63, 0x08,
  0xa4, 0x10, 0x63, 0x08, 0x63, 0x08, 0x63, 0x08, 0x63, 0x08, 0x63, 0x08, 0x63, 0x08, 0x63, 0x08, 0x63, 0x08, 0x63, 0x08, 0x63, 0x08, 0x63, 0x08, 0x63, 0x08, 0x63, 0x08, 0x63, 0x08, 0x63, 0x08,
  0x63, 0x08, 0x63, 0x08, 0x63, 0x08, 0x63, 0x08, 0x63, 0x08, 0x63, 0x08, 0x63, 0x08, 0x63, 0x08, 0x63, 0x08, 0x63, 0x08, 0x63, 0x08, 0x63, 0x08, 0x63, 0x08, 0x63, 0x08, 0x63, 0x08, 0x63, 0x08,
  0xa4, 0x10, 0x63, 0x08, 0x63, 0x08, 0x63, 0x08, 0x63, 0x08, 0x63, 0x08, 0x63, 0x08, 0x63, 0x08, 0x63, 0x08, 0x63, 0x08, 0x63, 0x08, 0x63, 0x08, 0x63, 0x08, 0x63, 0x08, 0x63, 0x08, 0x63, 0x08,
  0x63, 0x08, 0x63, 0x08, 0x63, 0x08, 0x63, 0x08, 0x63, 0x08, 0x63, 0x08, 0x63, 0x08, 0x63, 0x08, 0x63, 0x08, 0x63, 0x08, 0x63, 0x08, 0x63, 0x08, 0x63, 0x08, 0x63, 0x08, 0x63, 0x08, 0x63, 0x08,
  0xa4, 0x10, 0x63, 0x08, 0x63, 0x08, 0x63, 0x08, 0x63, 0x08, 0x63, 0x08, 0x63, 0x08, 0x63, 0x08, 0x63, 0x08, 0x63, 0x08, 0x63, 0x08, 0x63, 0x08, 0x63, 0x08, 0x63, 0x08, 0x63, 0x08, 0x63, 0x08,
  0x63, 0x08, 0x63, 0x08, 0x63, 0x08, 0x63, 0x08, 0x63, 0x08, 0x63, 0x08, 0x63, 0x08, 0x63, 0x08, 0x63, 0x08, 0x63, 0x08, 0x63, 0x08, 0x63, 0x08, 0x63, 0x08, 0x63, 0x08, 0x63, 0x08, 0x63, 0x08,
  0xa4, 0x10, 0x63, 0x08, 0x63, 0x08, 0x63, 0x08, 0x63, 0x08, 0x63, 0x08, 0x63, 0x08, 0x63, 0x08, 0x63, 0x08, 0x63, 0x08, 0x63, 0x08, 0x63, 0x08, 0x63, 0x08, 0x63, 0x08, 0x63, 0x08, 0x63, 0x08,
  0x63, 0x08, 0x63, 0x08, 0x63, 0x08, 0x63, 0x08, 0x63, 0x08, 0x63, 0x08, 0x63, 0x08, 0x63, 0x08, 0x63, 0x08, 0x63, 0x08, 0x63, 0x08, 0x63, 0x08, 0x63, 0x08, 0x63, 0x08, 0x63, 0x08, 0x63, 0x08,
  0xa4, 0x10, 0x63, 0x08, 0x63, 0x08, 0x63, 0x08, 0x63, 0x08, 0x63, 0x08, 0x63, 0x08, 0x63, 0x08, 0x63, 0x08, 0x63, 0x08, 0x63, 0x08, 0x63, 0x08, 0x63, 0x08, 0x63, 0x08, 0x63, 0x08, 0x63, 0x08,
  0x63, 0x08, 0x63, 0x08, 0x63, 0x08, 0x63, 0x08, 0x63, 0x08, 0x63, 0x08, 0x63, 0x08, 0x63, 0x08, 0x63, 0x08, 0x63, 0x08, 0x63, 0x08, 0x63, 0x08, 0x63, 0x08, 0x63, 0x08, 0x63, 0x08, 0x63, 0x08,
  0xa4, 0x10, 0x63, 0x08, 0x63, 0x08, 0x63, 0x08, 0x63, 0x08, 0x63, 0x08, 0x63, 0x08, 0x63, 0x08, 0x63, 0x08, 0x63, 0x08, 0x63, 0x08, 0x63, 0x08, 0x63, 0x08, 0x63, 0x08, 0x63, 0x08, 0x63, 0x08,
  0x63, 0x08, 0x63, 0x08, 0x63, 0x08, 0x63, 0x08, 0x63, 0x08, 0x63, 0x08, 0x63, 0x08, 0x63, 0x08, 0x63, 0x08, 0x63, 0x08, 0x63, 0x08, 0x63, 0x08, 0x63, 0x08, 0x63, 0x08, 0x63, 0x08, 0x63, 0x08,
  0xa4, 0x10, 0x63, 0x08, 0x63, 0x08, 0x63, 0x08, 0x63, 0x08, 0x63, 0x08, 0x63, 0x08, 0x63, 0x08, 0x63, 0x08, 0x63, 0x08, 0x63, 0x08, 0x63, 0x08, 0x63, 0x08, 0x63, 0x08, 0x63, 0x08, 0x63, 0x08,
  0x63, 0x08, 0x63, 0x08, 0x63, 0x08, 0x63, 0x08, 0x63, 0x08, 0x63, 0x08, 0x63, 0x08, 0x63, 0x08, 0x63, 0x08, 0x63, 0x08, 0x63, 0x08, 0x63, 0x08, 0x63, 0x08, 0x63, 0x08, 0x63, 0x08, 0x63, 0x08,
  0xa4, 0x10, 0x63, 0x08, 0x63, 0x08, 0x63, 0x08, 0x63, 0x08, 0x63, 0x08, 0x63, 0x08, 0x63, 0x08, 0x63, 0x08, 0x63, 0x08, 0x63, 0x08, 0x63, 0x08, 0x63, 0x08, 0x63, 0x08, 0x63, 0x08, 0x63, 0x08,
  0x63, 0x08, 0x63, 0x08, 0x63, 0x08, 0x63, 0x08, 0x63, 0x08, 0x63, 0x08, 0x63, 0x08, 0x63, 0x08, 0x63, 0x08, 0x63, 0x08, 0x63, 0x08, 0x63, 0x08, 0x63, 0x08, 0x63, 0x08, 0x63, 0x08, 0x63, 0x08,
  0xa4, 0x10, 0x63, 0x08, 0x63, 0x08, 0x63, 0x08, 0x63, 0x08, 0x63, 0x08, 0x63, 0x08, 0x63, 0x08, 0x63, 0x08, 0x63, 0x08, 0x63, 0x08, 0x63, 0x08, 0x63, 0x08, 0x63, 0x08, 0x63, 0x08, 0x63, 0x08,
  0x63, 0x08, 0x63, 0x08, 0x63, 0x08, 0x63, 0x08, 0x63, 0x08, 0x63, 0x08, 0x63, 0x08, 0x63, 0x08, 0x63, 0x08, 0x63, 0x08, 0x63, 0x08, 0x63, 0x08, 0x63, 0x08, 0x63, 0x08, 0x63, 0x08, 0x63, 0x08,
  0xa4, 0x10, 0x63, 0x08, 0x63, 0x08, 0x63, 0x08, 0x63, 0x08, 0x63, 0x08, 0x63, 0x08, 0x63, 0x08, 0x63, 0x08, 0x63, 0x08, 0x63, 0x08, 0x63, 0x08, 0x63, 0x08, 0x63, 0x08, 0x63, 0x08, 0x63, 0x08,
  0x63, 0x08, 0x63, 0x08, 0x63, 0x08, 0x63, 0x08, 0x63, 0x08, 0x63, 0x08, 0x63, 0x08, 0x63, 0x08, 0x63, 0x08, 0x63, 0x08, 0x63, 0x08, 0x63, 0x08, 0x63, 0x08, 0x63, 0x08, 0x63, 0x08, 0x63, 0x08,
  0xa4, 0x10, 0x63, 0x08, 0x63, 0x08, 0x63, 0x08, 0x63, 0x08, 0x63, 0x08, 0x63, 0x08, 0x63, 0x08, 0x63, 0x08, 0x63, 0x08, 0x63, 0x08, 0x63, 0x08, 0x63, 0x08, 0x63, 0x08, 0x63, 0x08, 0x63, 0x08,
  0x63, 0x08, 0x63, 0x08, 0x63, 0x08, 0x63, 0x08, 0x63, 0x08, 0x63, 0x08, 0x63, 0x08, 0x63, 0x08, 0x63, 0x08, 0x63, 0x08, 0x63, 0x08, 0x63, 0x08, 0x63, 0x08, 0x63, 0x08, 0x63, 0x08, 0x63, 0x08,
  0xa4, 0x10, 0x63, 0x08, 0x63, 0x08, 0x63, 0x08, 0x63, 0x08, 0x63, 0x08, 0x63, 0x08, 0x63, 0x08, 0x63, 0x08, 0x63, 0x08, 0x63, 0x08, 0x63, 0x08, 0x63, 0x08, 0x63, 0x08, 0x63, 0x08, 0x63, 0x08,
  0x63, 0x08, 0x63, 0x08, 0x63, 0x08, 0x63, 0x08, 0x63, 0x08, 0x63, 0x08, 0x63, 0x08, 0x63, 0x08, 0x63, 0x08, 0x63, 0x08, 0x63, 0x08, 0x63, 0x08, 0x63, 0x08, 0x63, 0x08, 0x63, 0x08, 0x63, 0x08,
  0xa4, 0x10, 0x63, 0x08, 0x63, 0x08, 0x63, 0x08, 0x63, 0x08, 0x63, 0x08, 0x63, 0x08, 0x63, 0x08, 0x63, 0x08, 0x63, 0x08, 0x63, 0x08, 0x63, 0x08, 0x63, 0x08, 0x63, 0x08, 0x63, 0x08, 0x63, 0x08,
  0x63, 0x08, 0x63, 0x08, 0x63, 0x08, 0x63, 0x08, 0x63, 0x08, 0x63, 0x08, 0x63, 0x08, 0x63, 0x08, 0x63, 0x08, 0x63, 0x08, 0x63, 0x08, 0x63, 0x08, 0x63, 0x08, 0x63, 0x08, 0x63, 0x08, 0x63, 0x08,
  0xa4, 0x10, 0x63, 0x08, 0x63, 0x08, 0x63, 0x08, 0x63, 0x08, 0x63, 0x08, 0x63, 0x08, 0x63, 0x08, 0x63, 0x08, 0x63, 0x08, 0x63, 0x08, 0x63, 0x08, 0x63, 0x08, 0x63, 0x08, 0x63, 0x08, 0x63, 0x08,
  0x63, 0x08, 0x63, 0x08, 0x63, 0x08, 0x63, 0x08, 0x63, 0x08, 0x63, 0x08, 0x63, 0x08, 0x63, 0x08, 0x63, 0x08, 0x63, 0x08, 0x63, 0x08, 0x63, 0x08, 0x63, 0x08, 0x63, 0x08, 0x63, 0x08, 0x63, 0x08,
  0xa4, 0x10, 0x63, 0x08, 0x63, 0x08, 0x63, 0x08, 0x63, 0x08, 0x63, 0x08, 0x63, 0x08, 0x63, 0x08, 0x63, 0x08, 0x63, 0x08, 0x63, 0x08, 0x63, 0x08, 0x63, 0x08, 0x63, 0x08, 0x63, 0x08, 0x63, 0x08,
  0x63, 0x08, 0x63, 0x08, 0x63, 0x08, 0x63, 0x08, 0x63, 0x08, 0x63, 0x08, 0x63, 0x08, 0x63, 0x08, 0x63, 0x08, 0x63, 0x08, 0x63, 0x08, 0x63, 0x08, 0x63, 0x08, 0x63, 0x08, 0x63, 0x08, 0x63, 0x08,
  0xa4, 0x10, 0x63, 0x08, 0x63, 0x08, 0x63, 0x08, 0x63, 0x08, 0x63, 0x08, 0x63, 0x08, 0x63, 0x08, 0x63, 0x08, 0x63, 0x08, 0x63, 0x08, 0x63, 0x08, 0x63, 0x08, 0x63, 0x08, 0x63, 0x08, 0x63, 0x08,
  0x63, 0x08, 0x63, 0x08, 0x63, 0x08, 0x63, 0x08, 0x63, 0x08, 0x63, 0x08, 0x63, 0x08, 0x63, 0x08, 0x63, 0x08, 0x63, 0x08, 0x63, 0x08, 0x63, 0x08, 0x63, 0x08, 0x63, 0x08, 0x63, 0x08, 0x63, 0x08,
  0xa4, 0x10, 0x63, 0x08, 0x63, 0x08, 0x63, 0x08, 0x63, 0x08, 0x63, 0x08, 0x63, 0x08, 0x63, 0x08, 0x63, 0x08, 0x63, 0x08, 0x63, 0x08, 0x63, 0x08, 0x63, 0x08, 0x63, 0x08, 0x63, 0x08, 0x63, 0x08,
  0x63, 0x08, 0x63, 0x08, 0x63, 0x08, 0x63, 0x08, 0x63, 0x08, 0x63, 0x08, 0x63, 0x08, 0x63, 0x08, 0x63, 0x08, 0x63, 0x08, 0x63, 0x08, 0x63, 0x08, 0x63, 0x08, 0x63, 0x08, 0x63, 0x08, 0x63, 0x08,
  0xa4, 0x10, 0x63, 0x08, 0x63, 0x08, 0x63, 0x08, 0x63, 0x08, 0x63, 0x08, 0x63, 0x08, 0x63, 0x08, 0x63, 0x08, 0x63, 0x08, 0x63, 0x08, 0x63, 0x08, 0x63, 0x08, 0x63, 0x08, 0x63, 0x08, 0x63, 0x08,
  0x63, 0x08, 0x63, 0x08, 0x63, 0x08, 0x63, 0x08, 0x63, 0x08, 0x63, 0x08, 0x63, 0x08, 0x63, 0x08, 0x63, 0x08, 0x63, 0x08, 0x63, 0x08, 0x63, 0x08, 0x63, 0x08, 0x63, 0x08, 0x63, 0x08, 0x63, 0x08,
  0xa4, 0x10, 0x63, 0x08, 0x63, 0x08, 0x63, 0x08, 0x63, 0x08, 0x63, 0x08, 0x63, 0x08, 0x63, 0x08, 0x63, 0x08, 0x63, 0x08, 0x63, 0x08, 0x63, 0x08, 0x63, 0x08, 0x63, 0x08, 0x63, 0x08, 0x63, 0x08,
  0x63, 0x08, 0x63, 0x08, 0x63, 0x08, 0x63, 0x08, 0x63, 0x08, 0x63, 0x08, 0x63, 0x08, 0x63, 0x08, 0x63, 0x08, 0x63, 0x08, 0x63, 0x08, 0x63, 0x08, 0x63, 0x08, 0x63, 0x08, 0x63, 0x08, 0x63, 0x08,
  0xa4, 0x10, 0x63, 0x08, 0x63, 0x08, 0x63, 0x08, 0x63, 0x08, 0x63, 0x08, 0x63, 0x08, 0x63, 0x08, 0x63, 0x08, 0x63, 0x08, 0x63, 0x08, 0x63, 0x08, 0x63, 0x08, 0x63, 0x08, 0x63, 0x08, 0x63, 0x08,
  0x63, 0x08, 0x63, 0x08, 0x63, 0x08, 0x63, 0x08, 0x63, 0x08, 0x63, 0x08, 0x63, 0x08, 0x63, 0x08, 0x63, 0x08, 0x63, 0x08, 0x63, 0x08, 0x63, 0x08, 0x63, 0x08, 0x63, 0x08, 0x63, 0x08, 0x63, 0x08,
  0xa4, 0x10, 0x63, 0x08, 0x63, 0x08, 0x63, 0x08, 0x63, 0x08, 0x63, 0x08, 0x63, 0x08, 0x63, 0x08, 0x63, 0x08, 0x63, 0x08, 0x63, 0x08, 0x63, 0x08, 0x63, 0x08, 0x63, 0x08, 0x63, 0x08, 0x63, 0x08,
  0x63, 0x08, 0x63, 0x08, 0x63, 0x08, 0x63, 0x08, 0x63, 0x08, 0x63, 0x08, 0x63, 0x08, 0x63, 0x08, 0x63, 0x08, 0x63, 0x08, 0x63, 0x08, 0x63, 0x08, 0x63, 0x08, 0x63, 0x08, 0x63, 0x08, 0x63, 0x08,
  0xa4, 0x10, 0x63, 0x08, 0x63, 0x08, 0x63, 0x08, 0x63, 0x08, 0x63, 0x08, 0x63, 0x08, 0x63, 0x08, 0x63, 0x08, 0x63, 0x08, 0x63, 0x08, 0x63, 0x08, 0x63, 0x08, 0x63, 0x08, 0x63, 0x08, 0x63, 0x08,
  0x63, 0x08, 0x63, 0x08, 0x63, 0x08, 0x63, 0x08, 0x63, 0x08, 0x63, 0x08, 0x63, 0x08, 0x63, 0x08, 0x63, 0x08, 0x63, 0x08, 0x63, 0x08, 0x63, 0x08, 0x63, 0x08, 0x63, 0x08, 0x63, 0x08, 0x63, 0x08,
  0xa4, 0x10, 0x63, 0x08, 0x63, 0x08, 0x63, 0x08, 0x63, 0x08, 0x63, 0x08, 0x63, 0x08, 0x63, 0x08, 0x63, 0x08, 0x63, 0x08, 0x63, 0x08, 0x63, 0x08, 0x63, 0x08, 0x63, 0x08, 0x63, 0x08, 0x63, 0x08,
  0x63, 0x08, 0x63, 0x08, 0x63, 0x08, 0x63, 0x08, 0x63, 0x08, 0x63, 0x08, 0x63, 0x08, 0x63, 0x08, 0x63, 0x08, 0x63, 0x08, 0x63, 0x08, 0x63, 0x08, 0x63, 0x08, 0x63, 0x08, 0x63, 0x08, 0x63, 0x08,
  0xa4, 0x10, 0x63, 0x08, 0x63, 0x08, 0x63, 0x08, 0x63, 0x08, 0x63, 0x08, 0x63, 0x08, 0x63, 0x08, 0x63, 0x08, 0x63, 0x08, 0x63, 0x08, 0x63, 0x08, 0x63, 0x08, 0x63, 0x08, 0x63, 0x08, 0x63, 0x08,
  0x63, 0x08, 0x63, 0x08, 0x63, 0x08, 0x63, 0x08, 0x63, 0x08, 0x63, 0x08, 0x63, 0x08, 0x63, 0x08, 0x63, 0x08, 0x63, 0x08, 0x63, 0x08, 0x63, 0x08, 0x63, 0x08, 0x63, 0x08, 0x63, 0x08, 0x63, 0x08,
  0xa4, 0x10, 0x63, 0x08, 0x63, 0x08, 0x63, 0x08, 0x63, 0x08, 0x63, 0x08, 0x63, 0x08, 0x63, 0x08, 0x63, 0x08, 0x63, 0x08, 0x63, 0x08, 0x63, 0x08, 0x63, 0x08, 0x63, 0x08, 0x63, 0x08, 0x63, 0x08,
  0x63, 0x08, 0x63, 0x08, 0x63, 0x08, 0x63, 0x08, 0x63, 0x08, 0x63, 0x08, 0x63, 0x08, 0x63, 0x08, 0x63, 0x08, 0x63, 0x08, 0x63, 0x08, 0x63, 0x08, 0x63, 0x08, 0x63, 0x08, 0x63, 0x08, 0x63, 0x08,
  0xa4, 0x10, 0x63, 0x08, 0x63, 0x08, 0x63, 0x08, 0x63, 0x08, 0x63, 0x08, 0x63, 0x08, 0x63, 0x08, 0x63, 0x08, 0x63, 0x08, 0x63, 0x08, 0x63, 0x08, 0x63, 0x08, 0x63, 0x08, 0x63, 0x08, 0x63, 0x08,
  0x63, 0x08, 0x63, 0x08, 0x63, 0x08, 0x63, 0x08, 0x63, 0x08, 0x63, 0x08, 0x63, 0x08, 0x63, 0x08, 0x63, 0x08, 0x63, 0x08, 0x63, 0x08, 0x63, 0x08, 0x63, 0x08, 0x63, 0x08, 0x63, 0x08, 0x63, 0x08,
  0xa4, 0x10, 0x63, 0x08, 0x63, 0x08, 0x63, 0x08, 0x63, 0x08, 0x63, 0x08, 0x63, 0x08, 0x63, 0x08, 0x63, 0x08, 0x63, 0x08, 0x63, 0x08, 0x63, 0x08, 0x63, 0x08, 0x63, 0x08, 0x63, 0x08, 0x63, 0x08,
  0x63, 0x08, 0x63, 0x08, 0x63, 0x08, 0x63, 0x08, 0x63, 0x08, 0x63, 0x08, 0x63, 0x08, 0x63, 0x08, 0x63, 0x08, 0x63, 0x08, 0x63, 0x08, 0x63, 0x08, 0x63, 0x08, 0x63, 0x08, 0x63, 0x08, 0x63, 0x08,
  0xa4, 0x10, 0x63, 0x08, 0x63, 0x08, 0x63, 0x08, 0x63, 0x08, 0x63, 0x08, 0x63, 0x08, 0x63, 0x08, 0x63, 0x08, 0x63, 0x08, 0x63, 0x08, 0x63, 0x08, 0x63, 0x08, 0x63, 0x08, 0x63, 0x08, 0x63, 0x08,
  0x63, 0x08, 0x63, 0x08, 0x63, 0x08, 0x63, 0x08, 0x63, 0x08, 0x63, 0x08, 0x63, 0x08, 0x63, 0x08, 0x63, 0x08, 0x63, 0x08, 0x63, 0x08, 0x63, 0x08, 0x63, 0x08, 0x63, 0x08, 0x63, 0x08, 0x63, 0x08,
  0xa4, 0x10, 0x63, 0x08, 0x63, 0x08, 0x63, 0x08, 0x63, 0x08, 0x63, 0x08, 0x63, 0x08, 0x63, 0x08, 0x63, 0x08, 0x63, 0x08, 0x63, 0x08, 0x63, 0x08, 0x63, 0x08, 0x63, 0x08, 0x63, 0x08, 0x63, 0x08,
  0x63, 0x08, 0x63, 0x08, 0x63, 0x08, 0x63, 0x08, 0x63, 0x08, 0x63, 0x08, 0x63, 0x08, 0x63, 0x08, 0x63, 0x08, 0x63, 0x08, 0x63, 0x08, 0x63, 0x08, 0x63, 0x08, 0x63, 0x08, 0x63, 0x08, 0x63, 0x08,
  0xa4, 0x10, 0x63, 0x08, 0x63, 0x08, 0x63, 0x08, 0x63, 0x08, 0x63, 0x08, 0x63, 0x08, 0x63, 0x08, 0x63, 0x08, 0x63, 0x08, 0x63, 0x08, 0x63, 0x08, 0x63, 0x08, 0x63, 0x08, 0x63, 0x08, 0x63, 0x08,
  0x63, 0x08, 0x63, 0x08, 0x63, 0x08, 0x63, 0x08, 0x63, 0x08, 0x63, 0x08, 0x63, 0x08, 0x63, 0x08, 0x63, 0x08, 0x63, 0x08, 0x63, 0x08, 0x63, 0x08, 0x63, 0x08, 0x63, 0x08, 0x63, 0x08, 0x63, 0x08,
  0xa4, 0x10, 0x63, 0x08, 0x63, 0x08, 0x63, 0x08, 0x63, 0x08, 0x63, 0x08, 0x63, 0x08, 0x63, 0x08, 0x63, 0x08, 0x63, 0x08, 0x63, 0x08, 0x63, 0x08, 0x63, 0x08, 0x63, 0x08, 0x63, 0x08, 0x63, 0x08,
  0x63, 0x08, 0x63, 0x08, 0x63, 0x08, 0x63, 0x08, 0x63, 0x08, 0x63, 0x08, 0x63, 0x08, 0x63, 0x08, 0x63, 0x08, 0x63, 0x08, 0x63, 0x08, 0x63, 0x08, 0x63, 0x08, 0x63, 0x08, 0x63, 0x08, 0x63, 0x08,
  0xa4, 0x10, 0x63, 0x08, 0x63, 0x08, 0x63, 0x08, 0x63, 0x08, 0x63, 0x08, 0x63, 0x08, 0x63, 0x08, 0x63, 0x08, 0x63, 0x08, 0x63, 0x08, 0x63, 0x08, 0x63, 0x08, 0x63, 0x08, 0x63, 0x08, 0x63, 0x08,
  0x63, 0x08, 0x63, 0x08, 0x63, 0x08, 0x63, 0x08, 0x63, 0x08, 0x63, 0x08, 0x63, 0x08, 0x63, 0x08, 0x63, 0x08, 0x63, 0x08, 0x63, 0x08, 0x63, 0x08, 0x63, 0x08, 0x63, 0x08, 0x63, 0x08, 0x63, 0x08,
  0xa4, 0x10, 0x63, 0x08, 0x63, 0x08, 0x63, 0x08, 0x63, 0x08, 0x63, 0x08, 0x63, 0x08, 0x63, 0x08, 0x63, 0x08, 0x63, 0x08, 0x63, 0x08, 0x63, 0x08, 0x63, 0x08, 0x63, 0x08, 0x63, 0x08, 0x63, 0x08,
  0x63, 0x08, 0x63, 0x08, 0x63, 0x08, 0x63, 0x08, 0x63, 0x08, 0x63, 0x08, 0x63, 0x08, 0x63, 0x08, 0x63, 0x08, 0x63, 0x08, 0x63, 0x08, 0x63, 0x08, 0x63, 0x08, 0x63, 0x08, 0x63, 0x08, 0x63, 0x08,
  0xa4, 0x10, 0x63, 0x08, 0x63, 0x08, 0x63, 0x08, 0x63, 0x08, 0x63, 0x08, 0x63, 0x08, 0x63, 0x08, 0x63, 0x08, 0x63, 0x08, 0x63, 0x08, 0x63, 0x08, 0x63, 0x08, 0x63, 0x08, 0x63, 0x08, 0x63, 0x08,
  0x63, 0x08, 0x63, 0x08, 0x63, 0x08, 0x63, 0x08, 0x63, 0x08, 0x63, 0x08, 0x63, 0x08, 0x63, 0x08, 0x63, 0x08, 0x63, 0x08, 0x63, 0x08, 0x63, 0x08, 0x63, 0x08, 0x63, 0x08, 0x63, 0x08, 0x63, 0x08,
  0xa4, 0x10, 0x63, 0x08, 0x63, 0x08, 0x63, 0x08, 0x63, 0x08, 0x63, 0x08, 0x63, 0x08, 0x63, 0x08, 0x63, 0x08, 0x63, 0x08, 0x63, 0x08, 0x63, 0x08, 0x63, 0x08, 0x63, 0x08, 0x63, 0x08, 0x63, 0x08,
  0x63, 0x08, 0x63, 0x08, 0x63, 0x08, 0x63, 0x08, 0x63, 0x08, 0x63, 0x08, 0x63, 0x08, 0x63, 0x08, 0x63, 0x08, 0x63, 0x08, 0x63, 0x08, 0x63, 0x08, 0x63, 0x08, 0x63, 0x08, 0x63, 0x08, 0x63, 0x08,
  0xa4, 0x10, 0x63, 0x08, 0x63, 0x08, 0x63, 0x08, 0x63, 0x08, 0x63, 0x08, 0x63, 0x08, 0x63, 0x08, 0x63, 0x08, 0x63, 0x08, 0x63, 0x08, 0x63, 0x08, 0x63, 0x08, 0x63, 0x08, 0x63, 0x08, 0x63, 0x08,
  0x63, 0x08, 0x63, 0x08, 0x63, 0x08, 0x63, 0x08, 0x63, 0x08, 0x63, 0x08, 0x63, 0x08, 0x63, 0x08, 0x63, 0x08, 0x63, 0x08, 0x63, 0x08, 0x63, 0x08, 0x63, 0x08, 0x63, 0x08, 0x63, 0x08, 0x63, 0x08,
  0xa4, 0x10, 0x63, 0x08, 0x63, 0x08, 0x63, 0x08, 0x63, 0x08, 0x63, 0x08, 0x63, 0x08, 0x63, 0x08, 0x63, 0x08, 0x63, 0x08, 0x63, 0x08, 0x63, 0x08, 0x63, 0x08, 0x63, 0x08, 0x63, 0x08, 0x63, 0x08,
  0x63, 0x08, 0x63, 0x08, 0x63, 0x08, 0x63, 0x08, 0x63, 0x08, 0x63, 0x08, 0x63, 0x08, 0x63, 0x08, 0x63, 0x08, 0x63, 0x08, 0x63, 0x08, 0x63, 0x08, 0x63, 0x08, 0x63, 0x08, 0x63, 0x08, 0x63, 0x08,
  0xa4, 0x10, 0x63, 0x08, 0x63, 0x08, 0x63, 0x08, 0x63, 0x08, 0x63, 0x08, 0x63, 0x08, 0x63, 0x08, 0x63, 0x08, 0x63, 0x08, 0x63, 0x08, 0x63, 0x08, 0x63, 0x08, 0x63, 0x08, 0x63, 0x08, 0x63, 0x08,
  0x63, 0x08, 0x63, 0x08, 0x63, 0x08, 0x63, 0x08, 0x63, 0x08, 0x63, 0x08, 0x63, 0x08, 0x63, 0x08, 0x63, 0x08, 0x63, 0x08, 0x63, 0x08, 0x63, 0x08, 0x63, 0x08, 0x63, 0x08, 0x63, 0x08, 0x63, 0x08,
  0xa4, 0x10, 0x63, 0x08, 0x63, 0x08, 0x63, 0x08, 0x63, 0x08, 0x63, 0x08, 0x63, 0x08, 0x63, 0x08, 0x63, 0x08, 0x63, 0x08, 0x63, 0x08, 0x63, 0x08, 0x63, 0x08, 0x63, 0x08, 0x63, 0x08, 0x63, 0x08,
  0x63, 0x08, 0x63, 0x08, 0x63, 0x08, 0x63, 0x08, 0x63, 0x08, 0x63, 0x08, 0x63, 0x08, 0x63, 0x08, 0x63, 0x08, 0x63, 0x08, 0x63, 0x08, 0x63, 0x08, 0x63, 0x08, 0x63, 0x08, 0x63, 0x08, 0x63, 0x08,
  0xa4, 0x10, 0x63, 0x08, 0x63, 0x08, 0x63, 0x08, 0x63, 0x08, 0x63, 0x08, 0x63, 0x08, 0x63, 0x08, 0x63, 0x08, 0x63, 0x08, 0x63, 0x08, 0x63, 0x08, 0x63, 0x08, 0x63, 0x08, 0x63, 0x08, 0x63, 0x08,
  0x63, 0x08, 0x63, 0x08, 0x63, 0x08, 0x63, 0x08, 0x63, 0x08, 0x63, 0x08, 0x63, 0x08, 0x63, 0x08, 0x63, 0x08, 0x63, 0x08, 0x63, 0x08, 0x63, 0x08, 0x63, 0x08, 0x63, 0x08, 0x63, 0x08, 0x63, 0x08,
  0xa4, 0x10, 0x63, 0x08, 0x63, 0x08, 0x63, 0x08, 0x63, 0x08, 0x63, 0x08, 0x63, 0x08, 0x63, 0x08, 0x63, 0x08, 0x63, 0x08, 0x63, 0x08, 0x63, 0x08, 0x63, 0x08, 0x63, 0x08, 0x63, 0x08, 0x63, 0x08,
  0x63, 0x08, 0x63, 0x08, 0x63, 0x08, 0x63, 0x08, 0x63, 0x08, 0x63, 0x08, 0x63, 0x08, 0x63, 0x08, 0x63, 0x08, 0x63, 0x08, 0x63, 0x08, 0x63, 0x08, 0x63, 0x08, 0x63, 0x08, 0x63, 0x08, 0x63, 0x08,
  0xa4, 0x10, 0x63, 0x08, 0x63, 0x08, 0x63, 0x08, 0x63, 0x08, 0x63, 0x08, 0x63, 0x08, 0x63, 0x08, 0x63, 0x08, 0x63, 0x08, 0x63, 0x08, 0x63, 0x08, 0x63, 0x08, 0x63, 0x08, 0x63, 0x08, 0x63, 0x08,
  0x63, 0x08, 0x63, 0x08, 0x63, 0x08, 0x63, 0x08, 0x63, 0x08, 0x63, 0x08, 0x63, 0x08, 0x63, 0x08, 0x63, 0x08, 0x63, 0x08, 0x63, 0x08, 0x63, 0x08, 0x63, 0x08, 0x63, 0x08, 0x63, 0x08, 0x63, 0x08,
  0xa4, 0x10, 0x63, 0x08, 0x63, 0x08, 0x63, 0x08, 0x63, 0x08, 0x63, 0x08, 0x63, 0x08, 0x63, 0x08, 0x63, 0x08, 0x63, 0x08, 0x63, 0x08, 0x63, 0x08, 0x63, 0x08, 0x63, 0x08, 0x63, 0x08, 0x63, 0x08,
  0x63, 0x08, 0x63, 0x08, 0x63, 0x08, 0x63, 0x08, 0x63, 0x08, 0x63, 0x08, 0x63, 0x08, 0x63, 0x08, 0x63, 0x08, 0x63, 0x08, 0x63, 0x08, 0x63, 0x08, 0x63, 0x08, 0x63, 0x08, 0x63, 0x08, 0x63, 0x08,
  0xa4, 0x10, 0x63, 0x08, 0x63, 0x08, 0x63, 0x08, 0x63, 0x08, 0x63, 0x08, 0x63, 0x08, 0x63, 0x08, 0x63, 0x08, 0x63, 0x08, 0x63, 0x08, 0x63, 0x08, 0x63, 0x08, 0x63, 0x08, 0x63, 0x08, 0x63, 0x08,
  0x63, 0x08, 0x63, 0x08, 0x63, 0x08, 0x63, 0x08, 0x63, 0x08, 0x63, 0x08, 0x63, 0x08, 0x63, 0x08, 0x63, 0x08, 0x63, 0x08, 0x63, 0x08, 0x63, 0x08, 0x63, 0x08, 0x63, 0x08, 0x63, 0x08, 0x63, 0x08,
  0xa4, 0x10, 0x63, 0x08, 0x63, 0x08, 0x63, 0x08, 0x63, 0x08, 0x63, 0x08, 0x63, 0x08, 0x63, 0x08, 0x63, 0x08, 0x63, 0x08, 0x63, 0x08, 0x63, 0x08, 0x63, 0x08, 0x63, 0x08, 0x63, 0x08, 0x63, 0x08,
  0x63, 0x08, 0x63, 0x08, 0x63, 0x08, 0x63, 0x08, 0x63, 0x08, 0x63, 0x08, 0x63, 0x08, 0x63, 0x08, 0x63, 0x08, 0x63, 0x08, 0x63, 0x08, 0x63, 0x08, 0x63, 0x08, 0x63, 0x08, 0x63, 0x08, 0x63, 0x08,
  0xa4, 0x10, 0x63, 0x08, 0x63, 0x08, 0x63, 0x08, 0x63, 0x08, 0x63, 0x08, 0x63, 0x08, 0x63, 0x08, 0x63, 0x08, 0x63, 0x08, 0x63, 0x08, 0x63, 0x08, 0x63, 0x08, 0x63, 0x08, 0x63, 0x08, 0x63, 0x08,
  0x63, 0x08, 0x63, 0x08, 0x63, 0x08, 0x63, 0x08, 0x63, 0x08, 0x63, 0x08, 0x63, 0x08, 0x63, 0x08, 0x63, 0x08, 0x63, 0x08, 0x63, 0x08, 0x63, 0x08, 0x63, 0x08, 0x63, 0x08, 0x63, 0x08, 0x63, 0x08,
  0xa4, 0x10, 0x63, 0x08, 0x63, 0x08, 0x63, 0x08, 0x63, 0x08, 0x63, 0x08, 0x63, 0x08, 0x63, 0x08, 0x63, 0x08, 0x63, 0x08, 0x63, 0x08, 0x63, 0x08, 0x63, 0x08, 0x63, 0x08, 0x63, 0x08, 0x63, 0x08,
  0x63, 0x08, 0x63, 0x08, 0x63, 0x08, 0x63, 0x08, 0x63, 0x08, 0x63, 0x08, 0x63, 0x08, 0x63, 0x08, 0x63, 0x08, 0x63, 0x08, 0x63, 0x08, 0x63, 0x08, 0x63, 0x08, 0x63, 0x08, 0x63, 0x08, 0x63, 0x08,
  0xa4, 0x10, 0x63, 0x08, 0x63, 0x08, 0x63, 0x08, 0x63, 0x08, 0x63, 0x08, 0x63, 0x08, 0x63, 0x08, 0x63, 0x08, 0x63, 0x08, 0x63, 0x08, 0x63, 0x08, 0x63, 0x08, 0x63, 0x08, 0x63, 0x08, 0x63, 0x08,
  0x63, 0x08, 0x63, 0x08, 0x63, 0x08, 0x63, 0x08, 0x63, 0x08, 0x63, 0x08, 0x63, 0x08, 0x63, 0x08, 0x63, 0x08, 0x63, 0x08, 0x63, 0x08, 0x63, 0x08, 0x63, 0x08, 0x63, 0x08, 0x63, 0x08, 0x63, 0x08,
  0xa4, 0x10, 0x63, 0x08, 0x63, 0x08, 0x63, 0x08, 0x63, 0x08, 0x63, 0x08, 0x63, 0x08, 0x63, 0x08, 0x63, 0x08, 0x63, 0x08, 0x63, 0x08, 0x63, 0x08, 0x63, 0x08, 0x63, 0x08, 0x63, 0x08, 0x63, 0x08,
  0x63, 0x08, 0x63, 0x08, 0x63, 0x08, 0x63, 0x08, 0x63, 0x08, 0x63, 0x08, 0x63, 0x08, 0x63, 0x08, 0x63, 0x08, 0x63, 0x08, 0x63, 0x08, 0x63, 0x08, 0x63, 0x08, 0x63, 0x08, 0x63, 0x08, 0x63, 0x08,
  0xa4, 0x10, 0x63, 0x08, 0x63, 0x08, 0x63, 0x08, 0x63, 0x08, 0x63, 0x08, 0x63, 0x08, 0x63, 0x08, 0x63, 0x08, 0x63, 0x08, 0x63, 0x08, 0x63, 0x08, 0x63, 0x08, 0x63, 0x08, 0x63, 0x08, 0x63, 0x08,
  0x63, 0x08, 0x63, 0x08, 0x63, 0x08, 0x63, 0x08, 0x63, 0x08, 0x63, 0x08, 0x63, 0x08, 0x63, 0x08, 0x63, 0x08, 0x63, 0x08, 0x63, 0x08, 0x63, 0x08, 0x63, 0x08, 0x63, 0x08, 0x63, 0x08, 0x63, 0x08,
  0xa4, 0x10, 0x63, 0x08, 0x63, 0x08, 0x63, 0x08, 0x63, 0x08, 0x63, 0x08, 0x63, 0x08, 0x63, 0x08, 0x63, 0x08, 0x63, 0x08, 0x63, 0x08, 0x63, 0x08, 0x63, 0x08, 0x63, 0x08, 0x63, 0x08, 0x63, 0x08,
  0x63, 0x08, 0x63, 0x08, 0x63, 0x08, 0x63, 0x08, 0x63, 0x08, 0x63, 0x08, 0x63, 0x08, 0x63, 0x08, 0x63, 0x08, 0x63, 0x08, 0x63, 0x08, 0x63, 0x08, 0x63, 0x08, 0x63, 0x08, 0x63, 0x08, 0x63, 0x08,
  0xa4, 0x10, 0x63, 0x08, 0x63, 0x08, 0x63, 0x08, 0x63, 0x08, 0x63, 0x08, 0x63, 0x08, 0x63, 0x08, 0x63, 0x08, 0x63, 0x08, 0x63, 0x08, 0x63, 0x08, 0x63, 0x08, 0x63, 0x08, 0x63, 0x08, 0x63, 0x08,
  0x63, 0x08, 0x63, 0x08, 0x63, 0x08, 0x63, 0x08, 0x63, 0x08, 0x63, 0x08, 0x63, 0x08, 0x63, 0x08, 0x63, 0x08, 0x63, 0x08, 0x63, 0x08, 0x63, 0x08, 0x63, 0x08, 0x63, 0x08, 0x63, 0x08, 0x63, 0x08,
  0xa4, 0x10, 0x63, 0x08, 0x63, 0x08, 0x63, 0x08, 0x63, 0x08, 0x63, 0x08, 0x63, 0x08, 0x63, 0x08, 0x63, 0x08, 0x63, 0x08, 0x63, 0x08, 0x63, 0x08, 0x63, 0x08, 0x63, 0x08, 0x63, 0x08, 0x63, 0x08,
  0x63, 0x08, 0x63, 0x08, 0x63, 0x08, 0x63, 0x08, 0x63, 0x08, 0x63, 0x08, 0x63, 0x08, 0x63, 0x08, 0x63, 0x08, 0x63, 0x08, 0x63, 0x08, 0x63, 0x08, 0x63, 0x08, 0x63, 0x08, 0x63, 0x08, 0x63, 0x08,
  0xa4, 0x10, 0x63, 0x08, 0x63, 0x08, 0x63, 0x08, 0x63, 0x08, 0x63, 0x08, 0x63, 0x08, 0x63, 0x08, 0x63, 0x08, 0x63, 0x08, 0x63, 0x08, 0x63, 0x08, 0x63, 0x08, 0x63, 0x08, 0x63, 0x08, 0x63, 0x08,
  0x63, 0x08, 0x63, 0x08, 0x63, 0x08, 0x63, 0x08, 0x63, 0x08, 0x63, 0x08, 0x63, 0x08, 0x63, 0x08, 0x63, 0x08, 0x63, 0x08, 0x63, 0x08, 0x63, 0x08, 0x63, 0x08, 0x63, 0x08, 0x63, 0x08, 0x63, 0x08,
  0xa4, 0x10, 0x63, 0x08, 0x63, 0x08, 0x63, 0x08, 0x63, 0x08, 0x63, 0x08, 0x63, 0x08, 0x63, 0x08, 0x63, 0x08, 0x63, 0x08, 0x63, 0x08, 0x63, 0x08, 0x63, 0x08, 0x63, 0x08, 0x63, 0x08, 0x63, 0x08,
  0x63, 0x08, 0x63, 0x08, 0x63, 0x08, 0x63, 0x08, 0x63, 0x08, 0x63, 0x08, 0x63, 0x08, 0x63, 0x08, 0x63, 0x08, 0x63, 0x08, 0x63, 0x08, 0x63, 0x08, 0x63, 0x08, 0x63, 0x08, 0x63, 0x08, 0x63, 0x08,
  0xa4, 0x10, 0x63, 0x08, 0x63, 0x08, 0x63, 0x08, 0x63, 0x08, 0x63, 0x08, 0x63, 0x08, 0x63, 0x08, 0x63, 0x08, 0x63, 0x08, 0x63, 0x08, 0x63, 0x08, 0x63, 0x08, 0x63, 0x08, 0x63, 0x08, 0x63, 0x08,
  0x63, 0x08, 0x63, 0x08, 0x63, 0x08, 0x63, 0x08, 0x63, 0x08, 0x63, 0x08, 0x63, 0x08, 0x63, 0x08, 0x63, 0x08, 0x63, 0x08, 0x63, 0x08, 0x63, 0x08, 0x63, 0x08, 0x63, 0x08, 0x63, 0x08, 0x63, 0x08,
  0xa4, 0x10, 0x63, 0x08, 0x63, 0x08, 0x63, 0x08, 0x63, 0x08, 0x63, 0x08, 0x63, 0x08, 0x63, 0x08, 0x63, 0x08, 0x63, 0x08, 0x63, 0x08, 0x63, 0x08, 0x63, 0x08, 0x63, 0x08, 0x63, 0x08, 0x63, 0x08,
  0x63, 0x08, 0x63, 0x08, 0x63, 0x08, 0x63, 0x08, 0x63, 0x08, 0x63, 0x08, 0x63, 0x08, 0x63, 0x08, 0x63, 0x08, 0x63, 0x08, 0x63, 0x08, 0x63, 0x08, 0x63, 0x08, 0x63, 0x08, 0x63, 0x08, 0x63, 0x08,
  0xa4, 0x10, 0x63, 0x08, 0x63, 0x08, 0x63, 0x08, 0x63, 0x08, 0x63, 0x08, 0x63, 0x08, 0x63, 0x08, 0x63, 0x08, 0x63, 0x08, 0x63, 0x08, 0x63, 0x08, 0x63, 0x08, 0x63, 0x08, 0x63, 0x08, 0x63, 0x08,
  0x63, 0x08, 0x63, 0x08, 0x63, 0x08, 0x63, 0x08, 0x63, 0x08, 0x63, 0x08, 0x63, 0x08, 0x63, 0x08, 0x63, 0x08, 0x63, 0x08, 0x63, 0x08, 0x63, 0x08, 0x63, 0x08, 0x63, 0x08, 0x63, 0x08, 0x63, 0x08,
  0xa4, 0x10, 0x63, 0x08, 0x63, 0x08, 0x63, 0x08, 0x63, 0x08, 0x63, 0x08, 0x63, 0x08, 0x63, 0x08, 0x63, 0x08, 0x63, 0x08, 0x63, 0x08, 0x63, 0x08, 0x63, 0x08, 0x63, 0x08, 0x63, 0x08, 0x63, 0x08,
  0x63, 0x08, 0x63, 0x08, 0x63, 0x08, 0x63, 0x08, 0x63, 0x08, 0x63, 0x08, 0x63, 0x08, 0x63, 0x08, 0x63, 0x08, 0x63, 0x08, 0x63, 0x08, 0x63, 0x08, 0x63, 0x08, 0x63, 0x08, 0x63, 0x08, 0x63, 0x08,
  0xa4, 0x10, 0x63, 0x08, 0x63, 0x08, 0x63, 0x08, 0x63, 0x08, 0x63, 0x08, 0x63, 0x08, 0x63, 0x08, 0x63, 0x08, 0x63, 0x08, 0x63, 0x08, 0x63, 0x08, 0x63, 0x08, 0x63, 0x08, 0x63, 0x08, 0x63, 0x08,
  0x63, 0x08, 0x63, 0x08, 0x63, 0x08, 0x63, 0x08, 0x63, 0x08, 0x63, 0x08, 0x63, 0x08, 0x63, 0x08, 0x63, 0x08, 0x63, 0x08, 0x63, 0x08, 0x63, 0x08, 0x63, 0x08, 0x63, 0x08, 0x63, 0x08, 0x63, 0x08,
  0xa4, 0x10, 0x63, 0x08, 0x63, 0x08, 0x63, 0x08, 0x63, 0x08, 0x63, 0x08, 0x63, 0x08, 0x63, 0x08, 0x63, 0x08, 0x63, 0x08, 0x63, 0x08, 0x63, 0x08, 0x63, 0x08, 0x63, 0x08, 0x63, 0x08, 0x63, 0x08,
  0x63, 0x08, 0x63, 0x08, 0x63, 0x08, 0x63, 0x08, 0x63, 0x08, 0x63, 0x08, 0x63, 0x08, 0x63, 0x08, 0x63, 0x08, 0x63, 0x08, 0x63, 0x08, 0x63, 0x08, 0x63, 0x08, 0x63, 0x08, 0x63, 0x08, 0x63, 0x08,
  0xa4, 0x10, 0x63, 0x08, 0x63, 0x08, 0x63, 0x08, 0x63, 0x08, 0x63, 0x08, 0x63, 0x08, 0x63, 0x08, 0x63, 0x08, 0x63, 0x08, 0x63, 0x08, 0x63, 0x08, 0x63, 0x08, 0x63, 0x08, 0x63, 0x08, 0x63, 0x08,
  0x63, 0x08, 0x63, 0x08, 0x63, 0x08, 0x63, 0x08, 0x63, 0x08, 0x63, 0x08, 0x63, 0x08, 0x63, 0x08, 0x63, 0x08, 0x63, 0x08, 0x63, 0x08, 0x63, 0x08, 0x63, 0x08, 0x63, 0x08, 0x63, 0x08, 0x63, 0x08,
  0xa4, 0x10, 0x63, 0x08, 0x63, 0x08, 0x63, 0x08, 0x63, 0x08, 0x63, 0x08, 0x63, 0x08, 0x63, 0x08, 0x63, 0x08, 0x63, 0x08, 0x63, 0x08, 0x63, 0x08, 0x63, 0x08, 0x63, 0x08, 0x63, 0x08, 0x63, 0x08,
  0x63, 0x08, 0x63, 0x08, 0x63, 0x08, 0x63, 0x08, 0x63, 0x08, 0x63, 0x08, 0x63, 0x08, 0x63, 0x08, 0x63, 0x08, 0x63, 0x08, 0x63, 0x08, 0x63, 0x08, 0x63, 0x08, 0x63, 0x08, 0x63, 0x08, 0x63, 0x08,
  0xa4, 0x10, 0x63, 0x08, 0x63, 0x08, 0x63, 0x08, 0x63, 0x08, 0x63, 0x08, 0x63, 0x08, 0x63, 0x08, 0x63, 0x08, 0x63, 0x08, 0x63, 0x08, 0x63, 0x08, 0x63, 0x08, 0x63, 0x08, 0x63, 0x08, 0x63, 0x08,
  0x63, 0x08, 0x63, 0x08, 0x63, 0x08, 0x63, 0x08, 0x63, 0x08, 0x63, 0x08, 0x63, 0x08, 0x63, 0x08, 0x63, 0x08, 0x63, 0x08, 0x63, 0x08, 0x63, 0x08, 0x63, 0x08, 0x63, 0x08, 0x63, 0x08, 0x63, 0x08,
  0xa4, 0x10, 0x63, 0x08, 0x63, 0x08, 0x63, 0x08, 0x63, 0x08, 0x63, 0x08, 0x63, 0x08, 0x63, 0x08, 0x63, 0x08, 0x63, 0x08, 0x63, 0x08, 0x63, 0x08, 0x63, 0x08, 0x63, 0x08, 0x63, 0x08, 0x63, 0x08,
  0x63, 0x08, 0x63, 0x08, 0x63, 0x08, 0x63, 0x08, 0x63, 0x08, 0x63, 0x08, 0x63, 0x08, 0x63, 0x08, 0x63, 0x08, 0x63, 0x08, 0x63, 0x08, 0x63, 0x08, 0x63, 0x08, 0x63, 0x08, 0x63, 0x08, 0x63, 0x08,
  0xa4, 0x10, 0x63, 0x08, 0x63, 0x08, 0x63, 0x08, 0x63, 0x08, 0x63, 0x08, 0x63, 0x08, 0x63, 0x08, 0x63, 0x08, 0x63, 0x08, 0x63, 0x08, 0x63, 0x08, 0x63, 0x08, 0x63, 0x08, 0x63, 0x08, 0x63, 0x08,
  0x63, 0x08, 0x63, 0x08, 0x63, 0x08, 0x63, 0x08, 0x63, 0x08, 0x63, 0x08, 0x63, 0x08, 0x63, 0x08, 0x63, 0x08, 0x63, 0x08, 0x63, 0x08, 0x63, 0x08, 0x63, 0x08, 0x63, 0x08, 0x63, 0x08, 0x63, 0x08,
  0xa4, 0x10, 0x63, 0x08, 0x63, 0x08, 0x63, 0x08, 0x63, 0x08, 0x63, 0x08, 0x63, 0x08, 0x63, 0x08, 0x63, 0x08, 0x63, 0x08, 0x63, 0x08, 0x63, 0x08, 0x63, 0x08, 0x63, 0x08, 0x63, 0x08, 0x63, 0x08,
  0x63, 0x08, 0x63, 0x08, 0x63, 0x08, 0x63, 0x08, 0x63, 0x08, 0x63, 0x08, 0x63, 0x08, 0x63, 0x08, 0x63, 0x08, 0x63, 0x08, 0x63, 0x08, 0x63, 0x08, 0x63, 0x08, 0x63, 0x08, 0x63, 0x08, 0x63, 0x08,
  0xa4, 0x10, 0x63, 0x08, 0x63, 0x08, 0x63, 0x08, 0x63, 0x08, 0x63, 0x08, 0x63, 0x08, 0x63, 0x08, 0x63, 0x08, 0x63, 0x08, 0x63, 0x08, 0x63, 0x08, 0x63, 0x08, 0x63, 0x08, 0x63, 0x08, 0x63, 0x08,
  0x63, 0x08, 0x63, 0x08, 0x63, 0x08, 0x63, 0x08, 0x63, 0x08, 0x63, 0x08, 0x63, 0x08, 0x63, 0x08, 0x63, 0x08, 0x63, 0x08, 0x63, 0x08, 0x63, 0x08, 0x63, 0x08, 0x63, 0x08, 0x63, 0x08, 0x63, 0x08,
  0xa4, 0x10, 0x63, 0x08, 0x63, 0x08, 0x63, 0x08, 0x63, 0x08, 0x63, 0x08, 0x63, 0x08, 0x63, 0x08, 0x63, 0x08, 0x63, 0x08, 0x63, 0x08, 0x63, 0x08, 0x63, 0x08, 0x63, 0x08, 0x63, 0x08, 0x63, 0x08,
  0x63, 0x08, 0x63, 0x08, 0x63, 0x08, 0x63, 0x08, 0x63, 0x08, 0x63, 0x08, 0x63, 0x08, 0x63, 0x08, 0x63, 0x08, 0x63, 0x08, 0x63, 0x08, 0x63, 0x08, 0x63, 0x08, 0x63, 0x08, 0x63, 0x08, 0x63, 0x08,
  0xa4, 0x10, 0x63, 0x08, 0x63, 0x08, 0x63, 0x08, 0x63, 0x08, 0x63, 0x08, 0x63, 0x08, 0x63, 0x08, 0x63, 0x08, 0x63, 0x08, 0x63, 0x08, 0x63, 0x08, 0x63, 0x08, 0x63, 0x08, 0x63, 0x08, 0x63, 0x08,
  0x63, 0x08, 0x63, 0x08, 0x63, 0x08, 0x63, 0x08, 0x63, 0x08, 0x63, 0x08, 0x63, 0x08, 0x63, 0x08, 0x63, 0x08, 0x63, 0x08, 0x63, 0x08, 0x63, 0x08, 0x63, 0x08, 0x63, 0x08, 0x63, 0x08, 0x63, 0x08,
  0xa4, 0x10, 0x63, 0x08, 0x63, 0x08, 0x63, 0x08, 0x63, 0x08, 0x63, 0x08, 0x63, 0x08, 0x63, 0x08, 0x63, 0x08, 0x63, 0x08, 0x63, 0x08, 0x63, 0x08, 0x63, 0x08, 0x63, 0x08, 0x63, 0x08, 0x63, 0x08,
  0x63, 0x08, 0x63, 0x08, 0x63, 0x08, 0x63, 0x08, 0x63, 0x08, 0x63, 0x08, 0x63, 0x08, 0x63, 0x08, 0x63, 0x08, 0x63, 0x08, 0x63, 0x08, 0x63, 0x08, 0x63, 0x08, 0x63, 0x08, 0x63, 0x08, 0x63, 0x08,
  0xa4, 0x10, 0x63, 0x08, 0x63, 0x08, 0x63, 0x08, 0x63, 0x08, 0x63, 0x08, 0x63, 0x08, 0x63, 0x08, 0x63, 0x08, 0x63, 0x08, 0x63, 0x08, 0x63, 0x08, 0x63, 0x08, 0x63, 0x08, 0x63, 0x08, 0x63, 0x08,
  0x63, 0x08, 0x63, 0x08, 0x63, 0x08, 0x63, 0x08, 0x63, 0x08, 0x63, 0x08, 0x63, 0x08, 0x63, 0x08, 0x63, 0x08, 0x63, 0x08, 0x63, 0x08, 0x63, 0x08, 0x63, 0x08, 0x63, 0x08, 0x63, 0x08, 0x63, 0x08,
  0xa4, 0x10, 0x63, 0x08, 0x63, 0x08, 0x63, 0x08, 0x63, 0x08, 0x63, 0x08, 0x63, 0x08, 0x63, 0x08, 0x63, 0x08, 0x63, 0x08, 0x63, 0x08, 0x63, 0x08, 0x63, 0x08, 0x63, 0x08, 0x63, 0x08, 0x63, 0x08,
  0x63, 0x08, 0x63, 0x08, 0x63, 0x08, 0x63, 0x08, 0x63, 0x08, 0x63, 0x08, 0x63, 0x08, 0x63, 0x08, 0x63, 0x08, 0x63, 0x08, 0x63, 0x08, 0x63, 0x08, 0x63, 0x08, 0x63, 0x08, 0x63, 0x08, 0x63, 0x08,
  0xa4, 0x10, 0x63, 0x08, 0x63, 0x08, 0x63, 0x08, 0x63, 0x08, 0x63, 0x08, 0x63, 0x08, 0x63, 0x08, 0x63, 0x08, 0x63, 0x08, 0x63, 0x08, 0x63, 0x08, 0x63, 0x08, 0x63, 0x08, 0x63, 0x08, 0x63, 0x08,
  0x63, 0x08, 0x63, 0x08, 0x63, 0x08, 0x63, 0x08, 0x63, 0x08, 0x63, 0x08, 0x63, 0x08, 0x63, 0x08, 0x63, 0x08, 0x63, 0x08, 0x63, 0x08, 0x63, 0x08, 0x63, 0x08, 0x63, 0x08, 0x63, 0x08, 0x63, 0x08,
  0xa4, 0x10, 0x63, 0x08, 0x63, 0x08, 0x63, 0x08, 0x63, 0x08, 0x63, 0x08, 0x63, 0x08, 0x63, 0x08, 0x63, 0x08, 0x63, 0x08, 0x63, 0x08, 0x63, 0x08, 0x63, 0x08, 0x63, 0x08, 0x63, 0x08, 0x63, 0x08,
  0x63, 0x08, 0x63, 0x08, 0x63, 0x08, 0x63, 0x08, 0x63, 0x08, 0x63, 0x08, 0x63, 0x08, 0x63, 0x08, 0x63, 0x08, 0x63, 0x08, 0x63, 0x08, 0x63, 0x08, 0x63, 0x08, 0x63, 0x08, 0x63, 0x08, 0x63, 0x08,
  0xa4, 0x10, 0x63, 0x08, 0x63, 0x08, 0x63, 0x08, 0x63, 0x08, 0x63, 0x08, 0x63, 0x08, 0x63, 0x08, 0x63, 0x08, 0x63, 0x08, 0x63, 0x08, 0x63, 0x08, 0x63, 0x08, 0x63, 0x08, 0x63, 0x08, 0x63, 0x08,
  0x63, 0x08, 0x63, 0x08, 0x63, 0x08, 0x63, 0x08, 0x63, 0x08, 0x63, 0x08, 0x63, 0x08, 0x63, 0x08, 0x63, 0x08, 0x63, 0x08, 0x63, 0x08, 0x63, 0x08, 0x63, 0x08, 0x63, 0x08, 0x63, 0x08, 0x63, 0x08,
  0xa4, 0x10, 0x63, 0x08, 0x63, 0x08, 0x63, 0x08, 0x63, 0x08, 0x63, 0x08, 0x63, 0x08, 0x63, 0x08, 0x63, 0x08, 0x63, 0x08, 0x63, 0x08, 0x63, 0x08, 0x63, 0x08, 0x63, 0x08, 0x63, 0x08, 0x63, 0x08,
  0x63, 0x08, 0x63, 0x08, 0x63, 0x08, 0x63, 0x08, 0x63, 0x08, 0x63, 0x08, 0x63, 0x08, 0x63, 0x08, 0x63, 0x08, 0x63, 0x08, 0x63, 0x08, 0x63, 0x08, 0x63, 0x08, 0x63, 0x08, 0x63, 0x08, 0x63, 0x08,
  0xa4, 0x10, 0x63, 0x08, 0x63, 0x08, 0x63, 0x08, 0x63, 0x08, 0x63, 0x08, 0x63, 0x08, 0x63, 0x08, 0x63, 0x08, 0x63, 0x08, 0x63, 0x08, 0x63, 0x08, 0x63, 0x08, 0x63, 0x08, 0x63, 0x08, 0x63, 0x08,
  0x63, 0x08, 0x63, 0x08, 0x63, 0x08, 0x63, 0x08, 0x63, 0x08, 0x63, 0x08, 0x63, 0x08, 0x63, 0x08, 0x63, 0x08, 0x63, 0x08, 0x63, 0x08, 0x63, 0x08, 0x63, 0x08, 0x63, 0x08, 0x63, 0x08, 0x63, 0x08,
  0xa4, 0x10, 0x63, 0x08, 0x63, 0x08, 0x63, 0x08, 0x63, 0x08, 0x63, 0x08, 0x63, 0x08, 0x63, 0x08, 0x63, 0x08, 0x63, 0x08, 0x63, 0x08, 0x63, 0x08, 0x63, 0x08, 0x63, 0x08, 0x63, 0x08, 0x63, 0x08,
  0x63, 0x08, 0x63, 0x08, 0x63, 0x08, 0x63, 0x08, 0x63, 0x08, 0x63, 0x08, 0x63, 0x08, 0x63, 0x08, 0x63, 0x08, 0x63, 0x08, 0x63, 0x08, 0x63, 0x08, 0x63, 0x08, 0x63, 0x08, 0x63, 0x08, 0x63, 0x08,
  0xa4, 0x10, 0x63, 0x08, 0x63, 0x08, 0x63, 0x08, 0x63, 0x08, 0x63, 0x08, 0x63, 0x08, 0x63, 0x08, 0x63, 0x08, 0x63, 0x08, 0x63, 0x08, 0x63, 0x08, 0x63, 0x08, 0x63, 0x08, 0x63, 0x08, 0x63, 0x08,
  0x63, 0x08, 0x63, 0x08, 0x63, 0x08, 0x63, 0x08, 0x63, 0x08, 0x63, 0x08, 0x63, 0x08, 0x63, 0x08, 0x63, 0x08, 0x63, 0x08, 0x63, 0x08, 0x63, 0x08, 0x63, 0x08, 0x63, 0x08, 0x63, 0x08, 0x63, 0x08,
  0xa4, 0x10, 0x63, 0x08, 0x63, 0x08, 0x63, 0x08, 0x63, 0x08, 0x63, 0x08, 0x63, 0x08, 0x63, 0x08, 0x63, 0x08, 0x63, 0x08, 0x63, 0x08, 0x63, 0x08, 0x63, 0x08, 0x63, 0x08, 0x63, 0x08, 0x63, 0x08,
  0x63, 0x08, 0x63, 0x08, 0x63, 0x08, 0x63, 0x08, 0x63, 0x08, 0x63, 0x08, 0x63, 0x08, 0x63, 0x08, 0x63, 0x08, 0x63, 0x08, 0x63, 0x08, 0x63, 0x08, 0x63, 0x08, 0x63, 0x08, 0x63, 0x08, 0x63, 0x08,
  0xa4, 0x10, 0x63, 0x08, 0x63, 0x08, 0x63, 0x08, 0x63, 0x08, 0x63, 0x08, 0x63, 0x08, 0x63, 0x08, 0x63, 0x08, 0x63, 0x08, 0x63, 0x08, 0x63, 0x08, 0x63, 0x08, 0x63, 0x08, 0x63, 0x08, 0x63, 0x08,
  0x63, 0x08, 0x63, 0x08, 0x63, 0x08, 0x63, 0x08, 0x63, 0x08, 0x63, 0x08, 0x63, 0x08, 0x63, 0x08, 0x63, 0x08, 0x63, 0x08, 0x63, 0x08, 0x63, 0x08, 0x63, 0x08, 0x63, 0x08, 0x63, 0x08, 0x63, 0x08,
  0xa4, 0x10, 0x63, 0x08, 0x63, 0x08, 0x63, 0x08, 0x63, 0x08, 0x63, 0x08, 0x63, 0x08, 0x63, 0x08, 0x63, 0x08, 0x63, 0x08, 0x63, 0x08, 0x63, 0x08, 0x63, 0x08, 0x63, 0x08, 0x63, 0x08, 0x63, 0x08,
  0x63, 0x08, 0x63, 0x08, 0x63, 0x08, 0x63, 0x08, 0x63, 0x08, 0x63, 0x08, 0x63, 0x08, 0x63, 0x08, 0x63, 0x08, 0x63, 0x08, 0x63, 0x08, 0x63, 0x08, 0x63, 0x08, 0x63, 0x08, 0x63, 0x08, 0x63, 0x08,
  0xa4, 0x10, 0x63, 0x08, 0x63, 0x08, 0x63, 0x08, 0x63, 0x08, 0x63, 0x08, 0x63, 0x08, 0x63, 0x08, 0x63, 0x08, 0x63, 0x08, 0x63, 0x08, 0x63, 0x08, 0x63, 0x08, 0x63, 0x08, 0x63, 0x08, 0x63, 0x08,
  0x63, 0x08, 0x63, 0x08, 0x63, 0x08, 0x63, 0x08, 0x63, 0x08, 0x63, 0x08, 0x63, 0x08, 0x63, 0x08, 0x63, 0x08, 0x63, 0x08, 0x63, 0x08, 0x63, 0x08, 0x63, 0x08, 0x63, 0x08, 0x63, 0x08, 0x63, 0x08,
  0xa4, 0x10, 0x63, 0x08, 0x63, 0x08, 0x63, 0x08, 0x63, 0x08, 0x63, 0x08, 0x63, 0x08, 0x63, 0x08, 0x63, 0x08, 0x63, 0x08, 0x63, 0x08, 0x63, 0x08, 0x63, 0x08, 0x63, 0x08, 0x63, 0x08, 0x63, 0x08,
  0x63, 0x08, 0x63, 0x08, 0x63, 0x08, 0x63, 0x08, 0x63, 0x08, 0x63, 0x08, 0x63, 0x08, 0x63, 0x08, 0x63, 0x08, 0x63, 0x08, 0x63, 0x08, 0x63, 0x08, 0x63, 0x08, 0x63, 0x08, 0x63, 0x08, 0x63, 0x08,
  0xa4, 0x10, 0x63, 0x08, 0x63, 0x08, 0x63, 0x08, 0x63, 0x08, 0x63, 0x08, 0x63, 0x08, 0x63, 0x08, 0x63, 0x08, 0x63, 0x08, 0x63, 0x08, 0x63, 0x08, 0x63, 0x08, 0x63, 0x08, 0x63, 0x08, 0x63, 0x08,
  0x63, 0x08, 0x63, 0x08, 0x63, 0x08, 0x63, 0x08, 0x63, 0x08, 0x63, 0x08, 0x63, 0x08, 0x63, 0x08, 0x63, 0x08, 0x63, 0x08, 0x63, 0x08, 0x63, 0x08, 0x63, 0x08, 0x63, 0x08, 0x63, 0x08, 0x63, 0x08,
  0xa4, 0x10, 0x63, 0x08, 0x63, 0x08, 0x63, 0x08, 0x63, 0x08, 0x63, 0x08, 0x63, 0x08, 0x63, 0x08, 0x63, 0x08, 0x63, 0x08, 0x63, 0x08, 0x63, 0x08, 0x63, 0x08, 0x63, 0x08, 0x63, 0x08, 0x63, 0x08,
  0x63, 0x08, 0x63, 0x08, 0x63, 0x08, 0x63, 0x08, 0x63, 0x08, 0x63, 0x08, 0x63, 0x08, 0x63, 0x08, 0x63, 0x08, 0x63, 0x08, 0x63, 0x08, 0x63, 0x08, 0x63, 0x08, 0x63, 0x08, 0x63, 0x08, 0x63, 0x08,
  0xa4, 0x10, 0x63, 0x08, 0x63, 0x08, 0x63, 0x08, 0x63, 0x08, 0x63, 0x08, 0x63, 0x08, 0x63, 0x08, 0x63, 0x08, 0x63, 0x08, 0x63, 0x08, 0x63, 0x08, 0x63, 0x08, 0x63, 0x08, 0x63, 0x08, 0x63, 0x08,
  0x63, 0x08, 0x63, 0x08, 0x63, 0x08, 0x63, 0x08, 0x63, 0x08, 0x63, 0x08, 0x63, 0x08, 0x63, 0x08, 0x63, 0x08, 0x63, 0x08, 0x63, 0x08, 0x63, 0x08, 0x63, 0x08, 0x63, 0x08, 0x63, 0x08, 0x63, 0x08,
  0xa4, 0x10, 0x63, 0x08, 0x63, 0x08, 0x63, 0x08, 0x63, 0x08, 0x63, 0x08, 0x63, 0x08, 0x63, 0x08, 0x63, 0x08, 0x63, 0x08, 0x63, 0x08, 0x63, 0x08, 0x63, 0x08, 0x63, 0x08, 0x63, 0x08, 0x63, 0x08,
  0x63, 0x08, 0x63, 0x08, 0x63, 0x08, 0x63, 0x08, 0x63, 0x08, 0x63, 0x08, 0x63, 0x08, 0x63, 0x08, 0x63, 0x08, 0x63, 0x08, 0x63, 0x08, 0x63, 0x08, 0x63, 0x08, 0x63, 0x08, 0x63, 0x08, 0x63, 0x08,
  0xa4, 0x10, 0x63, 0x08, 0x63, 0x08, 0x63, 0x08, 0x63, 0x08, 0x63, 0x08, 0x63, 0x08, 0x63, 0x08, 0x63, 0x08, 0x63, 0x08, 0x63, 0x08, 0x63, 0x08, 0x63, 0x08, 0x63, 0x08, 0x63, 0x08, 0x63, 0x08,
  0x63, 0x08, 0x63, 0x08, 0x63, 0x08, 0x63, 0x08, 0x63, 0x08, 0x63, 0x08, 0x63, 0x08, 0x63, 0x08, 0x63, 0x08, 0x63, 0x08, 0x63, 0x08, 0x63, 0x08, 0x63, 0x08, 0x63, 0x08, 0x63, 0x08, 0x63, 0x08,
  0xa4, 0x10, 0x63, 0x08, 0x63, 0x08, 0x63, 0x08, 0x63, 0x08, 0x63, 0x08, 0x63, 0x08, 0x63, 0x08, 0x63, 0x08, 0x63, 0x08, 0x63, 0x08, 0x63, 0x08, 0x63, 0x08, 0x63, 0x08, 0x63, 0x08, 0x63, 0x08,
  0x63, 0x08, 0x63, 0x08, 0x63, 0x08, 0x63, 0x08, 0x63, 0x08, 0x63, 0x08, 0x63, 0x08, 0x63, 0x08, 0x63, 0x08, 0x63, 0x08, 0x63, 0x08, 0x63, 0x08, 0x63, 0x08, 0x63, 0x08, 0x63, 0x08, 0x63, 0x08,
  0xa4, 0x10, 0x63, 0x08, 0x63, 0x08, 0x63, 0x08, 0x63, 0x08, 0x63, 0x08, 0x63, 0x08, 0x63, 0x08, 0x63, 0x08, 0x63, 0x08, 0x63, 0x08, 0x63, 0x08, 0x63, 0x08, 0x63, 0x08, 0x63, 0x08, 0x63, 0x08,
  0x63, 0x08, 0x63, 0x08, 0x63, 0x08, 0x63, 0x08, 0x63, 0x08, 0x63, 0x08, 0x63, 0x08, 0x63, 0x08, 0x63, 0x08, 0x63, 0x08, 0x63, 0x08, 0x63, 0x08, 0x63, 0x08, 0x63, 0x08, 0x63, 0x08, 0x63, 0x08,
  0xa4, 0x10, 0x63, 0x08, 0x63, 0x08, 0x63, 0x08, 0x63, 0x08, 0x63, 0x08, 0x63, 0x08, 0x63, 0x08, 0x63, 0x08, 0x63, 0x08, 0x63, 0x08, 0x63, 0x08, 0x63, 0x08, 0x63, 0x08, 0x63, 0x08, 0x63, 0x08,
  0x63, 0x08, 0x63, 0x08, 0x63, 0x08, 0x63, 0x08, 0x63, 0x08, 0x63, 0x08, 0x63, 0x08, 0x63, 0x08, 0x63, 0x08, 0x63, 0x08, 0x63, 0x08, 0x63, 0x08, 0x63, 0x08, 0x63, 0x08, 0x63, 0x08, 0x63, 0x08,
  0xa4, 0x10, 0x63, 0x08, 0x63, 0x08, 0x63, 0x08, 0x63, 0x08, 0x63, 0x08, 0x63, 0x08, 0x63, 0x08, 0x63, 0x08, 0x63, 0x08, 0x63, 0x08, 0x63, 0x08, 0x63, 0x08, 0x63, 0x08, 0x63, 0x08, 0x63, 0x08,
  0x63, 0x08, 0x63, 0x08, 0x63, 0x08, 0x63, 0x08, 0x63, 0x08, 0x63, 0x08, 0x63, 0x08, 0x63, 0x08, 0x63, 0x08, 0x63, 0x08, 0x63, 0x08, 0x63, 0x08, 0x63, 0x08, 0x63, 0x08, 0x63, 0x08, 0x63, 0x08,
  0xa4, 0x10, 0x63, 0x08, 0x63, 0x08, 0x63, 0x08, 0x63, 0x08, 0x63, 0x08, 0x63, 0x08, 0x63, 0x08, 0x63, 0x08, 0x63, 0x08, 0x63, 0x08, 0x63, 0x08, 0x63, 0x08, 0x63, 0x08, 0x63, 0x08, 0x63, 0x08,
  0x63, 0x08, 0x63, 0x08, 0x63, 0x08, 0x63, 0x08, 0x63, 0x08, 0x63, 0x08, 0x63, 0x08, 0x63, 0x08, 0x63, 0x08, 0x63, 0x08, 0x63, 0x08, 0x63, 0x08, 0x63, 0x08, 0x63, 0x08, 0x63, 0x08, 0x63, 0x08,
  0xa4, 0x10, 0x63, 0x08, 0x63, 0x08, 0x63, 0x08, 0x63, 0x08, 0x63, 0x08, 0x63, 0x08, 0x63, 0x08, 0x63, 0x08, 0x63, 0x08, 0x63, 0x08, 0x63, 0x08, 0x63, 0x08, 0x63, 0x08, 0x63, 0x08, 0x63, 0x08,
  0x63, 0x08, 0x63, 0x08, 0x63, 0x08, 0x63, 0x08, 0x63, 0x08, 0x63, 0x08, 0x63, 0x08, 0x63, 0x08, 0x63, 0x08, 0x63, 0x08, 0x63, 0x08, 0x63, 0x08, 0x63, 0x08, 0x63, 0x08, 0x63, 0x08, 0x63, 0x08,
  0xa4, 0x10, 0x63, 0x08, 0x63, 0x08, 0x63, 0x08, 0x63, 0x08, 0x63, 0x08, 0x63, 0x08, 0x63, 0x08, 0x63, 0x08, 0x63, 0x08, 0x63, 0x08, 0x63, 0x08, 0x63, 0x08, 0x63, 0x08, 0x63, 0x08, 0x63, 0x08,
  0x63, 0x08, 0x63, 0x08, 0x63, 0x08, 0x63, 0x08, 0x63, 0x08, 0x63, 0x08, 0x63, 0x08, 0x63, 0x08, 0x63, 0x08, 0x63, 0x08, 0x63, 0x08, 0x63, 0x08, 0x63, 0x08, 0x63, 0x08, 0x63, 0x08, 0x63, 0x08,
  0xa4, 0x10, 0x63, 0x08, 0x63, 0x08, 0x63, 0x08, 0x63, 0x08, 0x63, 0x08, 0x63, 0x08, 0x63, 0x08, 0x63, 0x08, 0x63, 0x08, 0x63, 0x08, 0x63, 0x08, 0x63, 0x08, 0x63, 0x08, 0x63, 0x08, 0x63, 0x08,
  0x63, 0x08, 0x63, 0x08, 0x63, 0x08, 0x63, 0x08, 0x63, 0x08, 0x63, 0x08, 0x63, 0x08, 0x63, 0x08, 0x63, 0x08, 0x63, 0x08, 0x63, 0x08, 0x63, 0x08, 0x63, 0x08, 0x63, 0x08, 0x63, 0x08, 0x63, 0x08,
  0xa4, 0x10, 0x63, 0x08, 0x63, 0x08, 0x63, 0x08, 0x63, 0x08, 0x63, 0x08, 0x63, 0x08, 0x63, 0x08, 0x63, 0x08, 0x63, 0x08, 0x63, 0x08, 0x63, 0x08, 0x63, 0x08, 0x63, 0x08, 0x63, 0x08, 0x63, 0x08,
  0x63, 0x08, 0x63, 0x08, 0x63, 0x08, 0x63, 0x08, 0x63, 0x08, 0x63, 0x08, 0x63, 0x08, 0x63, 0x08, 0x63, 0x08, 0x63, 0x08, 0x63, 0x08, 0x63, 0x08, 0x63, 0x08, 0x63, 0x08, 0x63, 0x08, 0x63, 0x08,
  0xa4, 0x10, 0x63, 0x08, 0x63, 0x08, 0x63, 0x08, 0x63, 0x08, 0x63, 0x08, 0x63, 0x08, 0x63, 0x08, 0x63, 0x08, 0x63, 0x08, 0x63, 0x08, 0x63, 0x08, 0x63, 0x08, 0x63, 0x08, 0x63, 0x08, 0x63, 0x08,
  0x63, 0x08, 0x63, 0x08, 0x63, 0x08, 0x63, 0x08, 0x63, 0x08, 0x63, 0x08, 0x63, 0x08, 0x63, 0x08, 0x63, 0x08, 0x63, 0x08, 0x63, 0x08, 0x63, 0x08, 0x63, 0x08, 0x63, 0x08, 0x63, 0x08, 0x63, 0x08,
  0xa4, 0x10, 0x63, 0x08, 0x63, 0x08, 0x63, 0x08, 0x63, 0x08, 0x63, 0x08, 0x63, 0x08, 0x63, 0x08, 0x63, 0x08, 0x63, 0x08, 0x63, 0x08, 0x63, 0x08, 0x63, 0x08, 0x63, 0x08, 0x63, 0x08, 0x63, 0x08,
  0x63, 0x08, 0x63, 0x08, 0x63, 0x08, 0x63, 0x08, 0x63, 0x08, 0x63, 0x08, 0x63, 0x08, 0x63, 0x08, 0x63, 0x08, 0x63, 0x08, 0x63, 0x08, 0x63, 0x08, 0x63, 0x08, 0x63, 0x08, 0x63, 0x08, 0x63, 0x08,
  0xa4, 0x10, 0x63, 0x08, 0x63, 0x08, 0x63, 0x08, 0x63, 0x08, 0x63, 0x08, 0x63, 0x08, 0x63, 0x08, 0x63, 0x08, 0x63, 0x08, 0x63, 0x08, 0x63, 0x08, 0x63, 0x08, 0x63, 0x08, 0x63, 0x08, 0x63, 0x08,
  0x63, 0x08, 0x63, 0x08, 0x63, 0x08, 0x63, 0x08, 0x63, 0x08, 0x63, 0x08, 0x63, 0x08, 0x63, 0x08, 0x63, 0x08, 0x63, 0x08, 0x63, 0x08, 0x63, 0x08, 0x63, 0x08, 0x63, 0x08, 0x63, 0x08, 0x63, 0x08,
  0xa4, 0x10, 0x63, 0x08, 0x63, 0x08, 0x63, 0x08, 0x63, 0x08, 0x63, 0x08, 0x63, 0x08, 0x63, 0x08, 0x63, 0x08, 0x63, 0x08, 0x63, 0x08, 0x63, 0x08, 0x63, 0x08, 0x63, 0x08, 0x63, 0x08, 0x63, 0x08,
  0x63, 0x08, 0x63, 0x08, 0x63, 0x08, 0x63, 0x08, 0x63, 0x08, 0x63, 0x08, 0x63, 0x08, 0x63, 0x08, 0x63, 0x08, 0x63, 0x08, 0x63, 0x08, 0x63, 0x08, 0x63, 0x08, 0x63, 0x08, 0x63, 0x08, 0x63, 0x08,
  0xa4, 0x10, 0x63, 0x08, 0x63, 0x08, 0x63, 0x08, 0x63, 0x08, 0x63, 0x08, 0x63, 0x08, 0x63, 0x08, 0x63, 0x08, 0x63, 0x08, 0x63, 0x08, 0x63, 0x08, 0x63, 0x08, 0x63, 0x08, 0x63, 0x08, 0x63, 0x08,
  0x63, 0x08, 0x63, 0x08, 0x63, 0x08, 0x63, 0x08, 0x63, 0x08, 0x63, 0x08, 0x63, 0x08, 0x63, 0x08, 0x63, 0x08, 0x63, 0x08, 0x63, 0x08, 0x63, 0x08, 0x63, 0x08, 0x63, 0x08, 0x63, 0x08, 0x63, 0x08,
  0xa4, 0x10, 0x63, 0x08, 0x63, 0x08, 0x63, 0x08, 0x63, 0x08, 0x63, 0x08, 0x63, 0x08, 0x63, 0x08, 0x63, 0x08, 0x63, 0x08, 0x63, 0x08, 0x63, 0x08, 0x63, 0x08, 0x63, 0x08, 0x63, 0x08, 0x63, 0x08,
  0x63, 0x08, 0x63, 0x08, 0x63, 0x08, 0x63, 0x08, 0x63, 0x08, 0x63, 0x08, 0x63, 0x08, 0x63, 0x08, 0x63, 0x08, 0x63, 0x08, 0x63, 0x08, 0x63, 0x08, 0x63, 0x08, 0x63, 0x08, 0x63, 0x08, 0x63, 0x08,
  0xa4, 0x10, 0x63, 0x08, 0x63, 0x08, 0x63, 0x08, 0x63, 0x08, 0x63, 0x08, 0x63, 0x08, 0x63, 0x08, 0x63, 0x08, 0x63, 0x08, 0x63, 0x08, 0x63, 0x08, 0x63, 0x08, 0x63, 0x08, 0x63, 0x08, 0x63, 0x08,
  0x63, 0x08, 0x63, 0x08, 0x63, 0x08, 0x63, 0x08, 0x63, 0x08, 0x63, 0x08, 0x63, 0x08, 0x63, 0x08, 0x63, 0x08, 0x63, 0x08, 0x63, 0x08, 0x63, 0x08, 0x63, 0x08, 0x63, 0x08, 0x63, 0x08, 0x63, 0x08,
  0xa4, 0x10, 0x63, 0x08, 0x63, 0x08, 0x63, 0x08, 0x63, 0x08, 0x63, 0x08, 0x63, 0x08, 0x63, 0x08, 0x63, 0x08, 0x63, 0x08, 0x63, 0x08, 0x63, 0x08, 0x63, 0x08, 0x63, 0x08, 0x63, 0x08, 0x63, 0x08,
  0x63, 0x08, 0x63, 0x08, 0x63, 0x08, 0x63, 0x08, 0x63, 0x08, 0x63, 0x08, 0x63, 0x08, 0x63, 0x08, 0x63, 0x08, 0x63, 0x08, 0x63, 0x08, 0x63, 0x08, 0x63, 0x08, 0x63, 0x08, 0x63, 0x08, 0x63, 0x08,
  0xa4, 0x10, 0x63, 0x08, 0x63, 0x08, 0x63, 0x08, 0x63, 0x08, 0x63, 0x08, 0x63, 0x08, 0x63, 0x08, 0x63, 0x08, 0x63, 0x08, 0x63, 0x08, 0x63, 0x08, 0x63, 0x08, 0x63, 0x08, 0x63, 0x08, 0x63, 0x08,
  0x63, 0x08, 0x63, 0x08, 0x63, 0x08, 0x63, 0x08, 0x63, 0x08, 0x63, 0x08, 0x63, 0x08, 0x63, 0x08, 0x63, 0x08, 0x63, 0x08, 0x63, 0x08, 0x63, 0x08, 0x63, 0x08, 0x63, 0x08, 0x63, 0x08, 0x63, 0x08,
  0xa4, 0x10, 0x63, 0x08, 0x63, 0x08, 0x63, 0x08, 0x63, 0x08, 0x63, 0x08, 0x63, 0x08, 0x63, 0x08, 0x63, 0x08, 0x63, 0x08, 0x63, 0x08, 0x63, 0x08, 0x63, 0x08, 0x63, 0x08, 0x63, 0x08, 0x63, 0x08,
  0x63, 0x08, 0x63, 0x08, 0x63, 0x08, 0x63, 0x08, 0x63, 0x08, 0x63, 0x08, 0x63, 0x08, 0x63, 0x08, 0x63, 0x08, 0x63, 0x08, 0x63, 0x08, 0x63, 0x08, 0x63, 0x08, 0x63, 0x08, 0x63, 0x08, 0x63, 0x08,
  0xa4, 0x10, 0x63, 0x08, 0x63, 0x08, 0x63, 0x08, 0x63, 0x08, 0x63, 0x08, 0x63, 0x08, 0x63, 0x08, 0x63, 0x08, 0x63, 0x08, 0x63, 0x08, 0x63, 0x08, 0x63, 0x08, 0x63, 0x08, 0x63, 0x08, 0x63, 0x08,
  0x63, 0x08, 0x63, 0x08, 0x63, 0x08, 0x63, 0x08, 0x63, 0x08, 0x63, 0x08, 0x63, 0x08, 0x63, 0x08, 0x63, 0x08, 0x63, 0x08, 0x63, 0x08, 0x63, 0x08, 0x63, 0x08, 0x63, 0x08, 0x63, 0x08, 0x63, 0x08,
  0xa4, 0x10, 0x63, 0x08, 0x63, 0x08, 0x63, 0x08, 0x63, 0x08, 0x63, 0x08, 0x63, 0x08, 0x63, 0x08, 0x63, 0x08, 0x63, 0x08, 0x63, 0x08, 0x63, 0x08, 0x63, 0x08, 0x63, 0x08, 0x63, 0x08, 0x63, 0x08,
  0x63, 0x08, 0x63, 0x08, 0x63, 0x08, 0x63, 0x08, 0x63, 0x08, 0x63, 0x08, 0x63, 0x08, 0x63, 0x08, 0x63, 0x08, 0x63, 0x08, 0x63, 0x08, 0x63, 0x08, 0x63, 0x08, 0x63, 0x08, 0x63, 0x08, 0x63, 0x08,
  0xa4, 0x10, 0x63, 0x08, 0x63, 0x08, 0x63, 0x08, 0x63, 0x08, 0x63, 0x08, 0x63, 0x08, 0x63, 0x08, 0x63, 0x08, 0x63, 0x08, 0x63, 0x08, 0x63, 0x08, 0x63, 0x08, 0x63, 0x08, 0x63, 0x08, 0x63, 0x08,
  0x63, 0x08, 0x63, 0x08, 0x63, 0x08, 0x63, 0x08, 0x63, 0x08, 0x63, 0x08, 0x63, 0x08, 0x63, 0x08, 0x63, 0x08, 0x63, 0x08, 0x63, 0x08, 0x63, 0x08, 0x63, 0x08, 0x63, 0x08, 0x63, 0x08, 0x63, 0x08,
  0xa4, 0x10, 0x63, 0x08, 0x63, 0x08, 0x63, 0x08, 0x63, 0x08, 0x63, 0x08, 0x63, 0x08, 0x63, 0x08, 0x63, 0x08, 0x63, 0x08, 0x63, 0x08, 0x63, 0x08, 0x63, 0x08, 0x63, 0x08, 0x63, 0x08, 0x63, 0x08,
  0x63, 0x08, 0x63, 0x08, 0x63, 0x08, 0x63, 0x08, 0x63, 0x08, 0x63, 0x08, 0x63, 0x08, 0x63, 0x08, 0x63, 0x08, 0x63, 0x08, 0x63, 0x08, 0x63, 0x08, 0x63, 0x08, 0x63, 0x08, 0x63, 0x08, 0x63, 0x08,
  0xa4, 0x10, 0x63, 0x08, 0x63, 0x08, 0x63, 0x08, 0x63, 0x08, 0x63, 0x08, 0x63, 0x08, 0x63, 0x08, 0x63, 0x08, 0x63, 0x08, 0x63, 0x08, 0x63, 0x08, 0x63, 0x08, 0x63, 0x08, 0x63, 0x08, 0x63, 0x08,
  0x63, 0x08, 0x63, 0x08, 0x63, 0x08, 0x63, 0x08, 0x63, 0x08, 0x63, 0x08, 0x63, 0x08, 0x63, 0x08, 0x63, 0x08, 0x63, 0x08, 0x63, 0x08, 0x63, 0x08, 0x63, 0x08, 0x63, 0x08, 0x63, 0x08, 0x63, 0x08,
  0xa4, 0x10, 0x63, 0x08, 0x63, 0x08, 0x63, 0x08, 0x63, 0x08, 0x63, 0x08, 0x63, 0x08, 0x63, 0x08, 0x63, 0x08, 0x63, 0x08, 0x63, 0x08, 0x63, 0x08, 0x63, 0x08, 0x63, 0x08, 0x63, 0x08, 0x63, 0x08,
  0x63, 0x08, 0x63, 0x08, 0x63, 0x08, 0x63, 0x08, 0x63, 0x08, 0x63, 0x08, 0x63, 0x08, 0x63, 0x08, 0x63, 0x08, 0x63, 0x08, 0x63, 0x08, 0x63, 0x08, 0x63, 0x08, 0x63, 0x08, 0x63, 0x08, 0x63, 0x08,
  0xa4, 0x10, 0x63, 0x08, 0x63, 0x08, 0x63, 0x08, 0x63, 0x08, 0x63, 0x08, 0x63, 0x08, 0x63, 0x08, 0x63, 0x08, 0x63, 0x08, 0x63, 0x08, 0x63, 0x08, 0x63, 0x08, 0x63, 0x08, 0x63, 0x08, 0x63, 0x08,
  0x63, 0x08, 0x63, 0x08, 0x63, 0x08, 0x63, 0x08, 0x63, 0x08, 0x63, 0x08, 0x63, 0x08, 0x63, 0x08, 0x63, 0x08, 0x63, 0x08, 0x63, 0x08, 0x63, 0x08, 0x63, 0x08, 0x63, 0x08, 0x63, 0x08, 0x63, 0x08,
  0xa4, 0x10, 0x63, 0x08, 0x63, 0x08, 0x63, 0x08, 0x63, 0x08, 0x63, 0x08, 0x63, 0x08, 0x63, 0x08, 0x63, 0x08, 0x63, 0x08, 0x63, 0x08, 0x63, 0x08, 0x63, 0x08, 0x63, 0x08, 0x63, 0x08, 0x63, 0x08,
  0x63, 0x08, 0x63, 0x08, 0x63, 0x08, 0x63, 0x08, 0x63, 0x08, 0x63, 0x08, 0x63, 0x08, 0x63, 0x08, 0x63, 0x08, 0x63, 0x08, 0x63, 0x08, 0x63, 0x08, 0x63, 0x08, 0x63, 0x08, 0x63, 0x08, 0x63, 0x08,
  0xa4, 0x10, 0x63, 0x08, 0x63, 0x08, 0x63, 0x08, 0x63, 0x08, 0x63, 0x08, 0x63, 0x08, 0x63, 0x08, 0x63, 0x08, 0x63, 0x08, 0x63, 0x08, 0x63, 0x08, 0x63, 0x08, 0x63, 0x08, 0x63, 0x08, 0x63, 0x08,
  0x63, 0x08, 0x63, 0x08, 0x63, 0x08, 0x63, 0x08, 0x63, 0x08, 0x63, 0x08, 0x63, 0x08, 0x63, 0x08, 0x63, 0x08, 0x63, 0x08, 0x63, 0x08, 0x63, 0x08, 0x63, 0x08, 0x63, 0x08, 0x63, 0x08, 0x63, 0x08,
  0xa4, 0x10, 0x63, 0x08, 0x63, 0x08, 0x63, 0x08, 0x63, 0x08, 0x63, 0x08, 0x63, 0x08, 0x63, 0x08, 0x63, 0x08, 0x63, 0x08, 0x63, 0x08, 0x63, 0x08, 0x63, 0x08, 0x63, 0x08, 0x63, 0x08, 0x63, 0x08,
  0x63, 0x08, 0x63, 0x08, 0x63, 0x08, 0x63, 0x08, 0x63, 0x08, 0x63, 0x08, 0x63, 0x08, 0x63, 0x08, 0x63, 0x08, 0x63, 0x08, 0x63, 0x08, 0x63, 0x08, 0x63, 0x08, 0x63, 0x08, 0x63, 0x08, 0x63, 0x08,
  0xa4, 0x10, 0x63, 0x08, 0x63, 0x08, 0x63, 0x08, 0x63, 0x08, 0x63, 0x08, 0x63, 0x08, 0x63, 0x08, 0x63, 0x08, 0x63, 0x08, 0x63, 0x08, 0x63, 0x08, 0x63, 0x08, 0x63, 0x08, 0x63, 0x08, 0x63, 0x08,
  0x63, 0x08, 0x63, 0x08, 0x63, 0x08, 0x63, 0x08, 0x63, 0x08, 0x63, 0x08, 0x63, 0x08, 0x63, 0x08, 0x63, 0x08, 0x63, 0x08, 0x63, 0x08, 0x63, 0x08, 0x63, 0x08, 0x63, 0x08, 0x63, 0x08, 0x63, 0x08,
  0xa4, 0x10, 0x63, 0x08, 0x63, 0x08, 0x63, 0x08, 0x63, 0x08, 0x63, 0x08, 0x63, 0x08, 0x63, 0x08, 0x63, 0x08, 0x63, 0x08, 0x63, 0x08, 0x63, 0x08, 0x63, 0x08, 0x63, 0x08, 0x63, 0x08, 0x63, 0x08,
  0x63, 0x08, 0x63, 0x08, 0x63, 0x08, 0x63, 0x08, 0x63, 0x08, 0x63, 0x08, 0x63, 0x08, 0x63, 0x08, 0x63, 0x08, 0x63, 0x08, 0x63, 0x08, 0x63, 0x08, 0x63, 0x08, 0x63, 0x08, 0x63, 0x08, 0x63, 0x08,
  0xa4, 0x10, 0x63, 0x08, 0x63, 0x08, 0x63, 0x08, 0x63, 0x08, 0x63, 0x08, 0x63, 0x08, 0x63, 0x08, 0x63, 0x08, 0x63, 0x08, 0x63, 0x08, 0x63, 0x08, 0x63, 0x08, 0x63, 0x08, 0x63, 0x08, 0x63, 0x08,
  0x63, 0x08, 0x63, 0x08, 0x63, 0x08, 0x63, 0x08, 0x63, 0x08, 0x63, 0x08, 0x63, 0x08, 0x63, 0x08, 0x63, 0x08, 0x63, 0x08, 0x63, 0x08, 0x63, 0x08, 0x63, 0x08, 0x63, 0x08, 0x63, 0x08, 0x63, 0x08,
  0xa4, 0x10, 0x63, 0x08, 0x63, 0x08, 0x63, 0x08, 0x63, 0x08, 0x63, 0x08, 0x63, 0x08, 0x63, 0x08, 0x63, 0x08, 0x63, 0x08, 0x63, 0x08, 0x63, 0x08, 0x63, 0x08, 0x63, 0x08, 0x63, 0x08, 0x63, 0x08,
  0x63, 0x08, 0x63, 0x08, 0x63, 0x08, 0x63, 0x08, 0x63, 0x08, 0x63, 0x08, 0x63, 0x08, 0x63, 0x08, 0x63, 0x08, 0x63, 0x08, 0x63, 0x08, 0x63, 0x08, 0x63, 0x08, 0x63, 0x08, 0x63, 0x08, 0x63, 0x08,
  0xa4, 0x10, 0x63, 0x08, 0x63, 0x08, 0x63, 0x08, 0x63, 0x08, 0x63, 0x08, 0x63, 0x08, 0x63, 0x08, 0x63, 0x08, 0x63, 0x08, 0x63, 0x08, 0x63, 0x08, 0x63, 0x08, 0x63, 0x08, 0x63, 0x08, 0x63, 0x08,
  0x63, 0x08, 0x63, 0x08, 0x63, 0x08, 0x63, 0x08, 0x63, 0x08, 0x63, 0x08, 0x63, 0x08, 0x63, 0x08, 0x63, 0x08, 0x63, 0x08, 0x63, 0x08, 0x63, 0x08, 0x63, 0x08, 0x63, 0x08, 0x63, 0x08, 0x63, 0x08,
  0xa4, 0x10, 0x63, 0x08, 0x63, 0x08, 0x63, 0x08, 0x63, 0x08, 0x63, 0x08, 0x63, 0x08, 0x63, 0x08, 0x63, 0x08, 0x63, 0x08, 0x63, 0x08, 0x63, 0x08, 0x63, 0x08, 0x63, 0x08, 0x63, 0x08, 0x63, 0x08,
  0x63, 0x08, 0x63, 0x08, 0x63, 0x08, 0x63, 0x08, 0x63, 0x08, 0x63, 0x08, 0x63, 0x08, 0x63, 0x08, 0x63, 0x08, 0x63, 0x08, 0x63, 0x08, 0x63, 0x08, 0x63, 0x08, 0x63, 0x08, 0x63, 0x08, 0x63, 0x08,
  0xa4, 0x10, 0x63, 0x08, 0x63, 0x08, 0x63, 0x08, 0x63, 0x08, 0x63, 0x08, 0x63, 0x08, 0x63, 0x08, 0x63, 0x08, 0x63, 0x08, 0x63, 0x08, 0x63, 0x08, 0x63, 0x08, 0x63, 0x08, 0x63, 0x08, 0x63, 0x08,
  0x63, 0x08, 0x63, 0x08, 0x63, 0x08, 0x63, 0x08, 0x63, 0x08, 0x63, 0x08, 0x63, 0x08, 0x63, 0x08, 0x63, 0x08, 0x63, 0x08, 0x63, 0x08, 0x63, 0x08, 0x63, 0x08, 0x63, 0x08, 0x63, 0x08, 0x63, 0x08,
  0xa4, 0x10, 0x63, 0x08, 0x63, 0x08, 0x63, 0x08, 0x63, 0x08, 0x63, 0x08, 0x63, 0x08, 0x63, 0x08, 0x63, 0x08, 0x63, 0x08, 0x63, 0x08, 0x63, 0x08, 0x63, 0x08, 0x63, 0x08, 0x63, 0x08, 0x63, 0x08,
  0x63, 0x08, 0x63, 0x08, 0x63, 0x08, 0x63, 0x08, 0x63, 0x08, 0x63, 0x08, 0x63, 0x08, 0x63, 0x08, 0x63, 0x08, 0x63, 0x08, 0x63, 0x08, 0x63, 0x08, 0x63, 0x08, 0x63, 0x08, 0x63, 0x08, 0x63, 0x08,
  0xa4, 0x10, 0x63, 0x08, 0x63, 0x08, 0x63, 0x08, 0x63, 0x08, 0x63, 0x08, 0x63, 0x08, 0x63, 0x08, 0x63, 0x08, 0x63, 0x08, 0x63, 0x08, 0x63, 0x08, 0x63, 0x08, 0x63, 0x08, 0x63, 0x08, 0x63, 0x08,
  0x63, 0x08, 0x63, 0x08, 0x63, 0x08, 0x63, 0x08, 0x63, 0x08, 0x63, 0x08, 0x63, 0x08, 0x63, 0x08, 0x63, 0x08, 0x63, 0x08, 0x63, 0x08, 0x63, 0x08, 0x63, 0x08, 0x63, 0x08, 0x63, 0x08, 0x63, 0x08,
  0xa4, 0x10, 0x63, 0x08, 0x63, 0x08, 0x63, 0x08, 0x63, 0x08, 0x63, 0x08, 0x63, 0x08, 0x63, 0x08, 0x63, 0x08, 0x63, 0x08, 0x63, 0x08, 0x63, 0x08, 0x63, 0x08, 0x63, 0x08, 0x63, 0x08, 0x63, 0x08,
  0x63, 0x08, 0x63, 0x08, 0x63, 0x08, 0x63, 0x08, 0x63, 0x08, 0x63, 0x08, 0x63, 0x08, 0x63, 0x08, 0x63, 0x08, 0x63, 0x08, 0x63, 0x08, 0x63, 0x08, 0x63, 0x08, 0x63, 0x08, 0x63, 0x08, 0x63, 0x08,
  0xa4, 0x10, 0x63, 0x08, 0x63, 0x08, 0x63, 0x08, 0x63, 0x08, 0x63, 0x08, 0x63, 0x08, 0x63, 0x08, 0x63, 0x08, 0x63, 0x08, 0x63, 0x08, 0x63, 0x08, 0x63, 0x08, 0x63, 0x08, 0x63, 0x08, 0x63, 0x08,
  0x63, 0x08, 0x63, 0x08, 0x63, 0x08, 0x63, 0x08, 0x63, 0x08, 0x63, 0x08, 0x63, 0x08, 0x63, 0x08, 0x63, 0x08, 0x63, 0x08, 0x63, 0x08, 0x63, 0x08, 0x63, 0x08, 0x63, 0x08, 0x63, 0x08, 0x63, 0x08,
  0xa4, 0x10, 0x63, 0x08, 0x63, 0x08, 0x63, 0x08, 0x63, 0x08, 0x63, 0x08, 0x63, 0x08, 0x63, 0x08, 0x63, 0x08, 0x63, 0x08, 0x63, 0x08, 0x63, 0x08, 0x63, 0x08, 0x63, 0x08, 0x63, 0x08, 0x63, 0x08,
  0x63, 0x08, 0x63, 0x08, 0x63, 0x08, 0x63, 0x08, 0x63, 0x08, 0x63, 0x08, 0x63, 0x08, 0x63, 0x08, 0x63, 0x08, 0x63, 0x08, 0x63, 0x08, 0x63, 0x08, 0x63, 0x08, 0x63, 0x08, 0x63, 0x08, 0x63, 0x08,
  0xa4, 0x10, 0x63, 0x08, 0x63, 0x08, 0x63, 0x08, 0x63, 0x08, 0x63, 0x08, 0x63, 0x08, 0x63, 0x08, 0x63, 0x08, 0x63, 0x08, 0x63, 0x08, 0x63, 0x08, 0x63, 0x08, 0x63, 0x08, 0x63, 0x08, 0x63, 0x08,
  0x63, 0x08, 0x63, 0x08, 0x63, 0x08, 0x63, 0x08, 0x63, 0x08, 0x63, 0x08, 0x63, 0x08, 0x63, 0x08, 0x63, 0x08, 0x63, 0x08, 0x63, 0x08, 0x63, 0x08, 0x63, 0x08, 0x63, 0x08, 0x63, 0x08, 0x63, 0x08,
  0xa4, 0x10, 0x63, 0x08, 0x63, 0x08, 0x63, 0x08, 0x63, 0x08, 0x63, 0x08, 0x63, 0x08, 0x63, 0x08, 0x63, 0x08, 0x63, 0x08, 0x63, 0x08, 0x63, 0x08, 0x63, 0x08, 0x63, 0x08, 0x63, 0x08, 0x63, 0x08,
  0x63, 0x08, 0x63, 0x08, 0x63, 0x08, 0x63, 0x08, 0x63, 0x08, 0x63, 0x08, 0x63, 0x08, 0x63, 0x08, 0x63, 0x08, 0x63, 0x08, 0x63, 0x08, 0x63, 0x08, 0x63, 0x08, 0x63, 0x08, 0x63, 0x08, 0x63, 0x08,
  0xa4, 0x10, 0x63, 0x08, 0x63, 0x08, 0x63, 0x08, 0x63, 0x08, 0x63, 0x08, 0x63, 0x08, 0x63, 0x08, 0x63, 0x08, 0x63, 0x08, 0x63, 0x08, 0x63, 0x08, 0x63, 0x08, 0x63, 0x08, 0x63, 0x08, 0x63, 0x08,
  0x63, 0x08, 0x63, 0x08, 0x63, 0x08, 0x63, 0x08, 0x63, 0x08, 0x63, 0x08, 0x63, 0x08, 0x63, 0x08, 0x63, 0x08, 0x63, 0x08, 0x63, 0x08, 0x63, 0x08, 0x63, 0x08, 0x63, 0x08, 0x63, 0x08, 0x63, 0x08,
  0xa4, 0x10, 0x63, 0x08, 0x63, 0x08, 0x63, 0x08, 0x63, 0x08, 0x63, 0x08, 0x63, 0x08, 0x63, 0x08, 0x63, 0x08, 0x63, 0x08, 0x63, 0x08, 0x63, 0x08, 0x63, 0x08, 0x63, 0x08, 0x63, 0x08, 0x63, 0x08,
  0x63, 0x08, 0x63, 0x08, 0x63, 0x08, 0x63, 0x08, 0x63, 0x08, 0x63, 0x08, 0x63, 0x08, 0x63, 0x08, 0x63, 0x08, 0x63, 0x08, 0x63, 0x08, 0x63, 0x08, 0x63, 0x08, 0x63, 0x08, 0x63, 0x08, 0x63, 0x08,
  0xa4, 0x10, 0x63, 0x08, 0x63, 0x08, 0x63, 0x08, 0x63, 0x08, 0x63, 0x08, 0x63, 0x08, 0x63, 0x08, 0x63, 0x08, 0x63, 0x08, 0x63, 0x08, 0x63, 0x08, 0x63, 0x08, 0x63, 0x08, 0x63, 0x08, 0x63, 0x08,
  0x63, 0x08, 0x63, 0x08, 0x63, 0x08, 0x63, 0x08, 0x63, 0x08, 0x63, 0x08, 0x63, 0x08, 0x63, 0x08, 0x63, 0x08, 0x63, 0x08, 0x63, 0x08, 0x63, 0x08, 0x63, 0x08, 0x63, 0x08, 0x63, 0x08, 0x63, 0x08,
  0xa4, 0x10, 0x63, 0x08, 0x63, 0x08, 0x63, 0x08, 0x63, 0x08, 0x63, 0x08, 0x63, 0x08, 0x63, 0x08, 0x63, 0x08, 0x63, 0x08, 0x63, 0x08, 0x63, 0x08, 0x63, 0x08, 0x63, 0x08, 0x63, 0x08, 0x63, 0x08,
  0x63, 0x08, 0x63, 0x08, 0x63, 0x08, 0x63, 0x08, 0x63, 0x08, 0x63, 0x08, 0x63, 0x08, 0x63, 0x08, 0x63, 0x08, 0x63, 0x08, 0x63, 0x08, 0x63, 0x08, 0x63, 0x08, 0x63, 0x08, 0x63, 0x08, 0x63, 0x08,
  0xa4, 0x10, 0x63, 0x08, 0x63, 0x08, 0x63, 0x08, 0x63, 0x08, 0x63, 0x08, 0x63, 0x08, 0x63, 0x08, 0x63, 0x08, 0x63, 0x08, 0x63, 0x08, 0x63, 0x08, 0x63, 0x08, 0x63, 0x08, 0x63, 0x08, 0x63, 0x08,
  0x63, 0x08, 0x63, 0x08, 0x63, 0x08, 0x63, 0x08, 0x63, 0x08, 0x63, 0x08, 0x63, 0x08, 0x63, 0x08, 0x63, 0x08, 0x63, 0x08, 0x63, 0x08, 0x63, 0x08, 0x63, 0x08, 0x63, 0x08, 0x63, 0x08, 0x63, 0x08,
  0xa4, 0x10, 0x63, 0x08, 0x63, 0x08, 0x63, 0x08, 0x63, 0x08, 0x63, 0x08, 0x63, 0x08, 0x63, 0x08, 0x63, 0x08, 0x63, 0x08, 0x63, 0x08, 0x63, 0x08, 0x63, 0x08, 0x63, 0x08, 0x63, 0x08, 0x63, 0x08,
  0x63, 0x08, 0x63, 0x08, 0x63, 0x08, 0x63, 0x08, 0x63, 0x08, 0x63, 0x08, 0x63, 0x08, 0x63, 0x08, 0x63, 0x08, 0x63, 0x08, 0x63, 0x08, 0x63, 0x08, 0x63, 0x08, 0x63, 0x08, 0x63, 0x08, 0x63, 0x08,
  0xa4, 0x10, 0x63, 0x08, 0x63, 0x08, 0x63, 0x08, 0x63, 0x08, 0x63, 0x08, 0x63, 0x08, 0x63, 0x08, 0x63, 0x08, 0x63, 0x08, 0x63, 0x08, 0x63, 0x08, 0x63, 0x08, 0x63, 0x08, 0x63, 0x08, 0x63, 0x08,
  0x63, 0x08, 0x63, 0x08, 0x63, 0x08, 0x63, 0x08, 0x63, 0x08, 0x63, 0x08, 0x63, 0x08, 0x63, 0x08, 0x63, 0x08, 0x63, 0x08, 0x63, 0x08, 0x63, 0x08, 0x63, 0x08, 0x63, 0x08, 0x63, 0x08, 0x63, 0x08,
  0xa4, 0x10, 0x63, 0x08, 0x63, 0x08, 0x63, 0x08, 0x63, 0x08, 0x63, 0x08, 0x63, 0x08, 0x63, 0x08, 0x63, 0x08, 0x63, 0x08, 0x63, 0x08, 0x63, 0x08, 0x63, 0x08, 0x63, 0x08, 0x63, 0x08, 0x63, 0x08,
  0x63, 0x08, 0x63, 0x08, 0x63, 0x08, 0x63, 0x08, 0x63, 0x08, 0x63, 0x08, 0x63, 0x08, 0x63, 0x08, 0x63, 0x08, 0x63, 0x08, 0x63, 0x08, 0x63, 0x08, 0x63, 0x08, 0x63, 0x08, 0x63, 0x08, 0x63, 0x08,
  0xa4, 0x10, 0x63, 0x08, 0x63, 0x08, 0x63, 0x08, 0x63, 0x08, 0x63, 0x08, 0x63, 0x08, 0x63, 0x08, 0x63, 0x08, 0x63, 0x08, 0x63, 0x08, 0x63, 0x08, 0x63, 0x08, 0x63, 0x08, 0x63, 0x08, 0x63, 0x08,
  0x63, 0x08, 0x63, 0x08, 0x63, 0x08, 0x63, 0x08, 0x63, 0x08, 0x63, 0x08, 0x63, 0x08, 0x63, 0x08, 0x63, 0x08, 0x63, 0x08, 0x63, 0x08, 0x63, 0x08, 0x63, 0x08, 0x63, 0x08, 0x63, 0x08, 0x63, 0x08,
  0xa4, 0x10, 0x63, 0x08, 0x63, 0x08, 0x63, 0x08, 0x63, 0x08, 0x63, 0x08, 0x63, 0x08, 0x63, 0x08, 0x63, 0x08, 0x63, 0x08, 0x63, 0x08, 0x63, 0x08, 0x63, 0x08, 0x63, 0x08, 0x63, 0x08, 0x63, 0x08,
  0x63, 0x08, 0x63, 0x08, 0x63, 0x08, 0x63, 0x08, 0x63, 0x08, 0x63, 0x08, 0x63, 0x08, 0x63, 0x08, 0x63, 0x08, 0x63, 0x08, 0x63, 0x08, 0x63, 0x08, 0x63, 0x08, 0x63, 0x08, 0x63, 0x08, 0x63, 0x08,
  0xa4, 0x10, 0x63, 0x08, 0x63, 0x08, 0x63, 0x08, 0x63, 0x08, 0x63, 0x08, 0x63, 0x08, 0x63, 0x08, 0x63, 0x08, 0x63, 0x08, 0x63, 0x08, 0x63, 0x08, 0x63, 0x08, 0x63, 0x08, 0x63, 0x08, 0x63, 0x08,
  0x63, 0x08, 0x63, 0x08, 0x63, 0x08, 0x63, 0x08, 0x63, 0x08, 0x63, 0x08, 0x63, 0x08, 0x63, 0x08, 0x63, 0x08, 0x63, 0x08, 0x63, 0x08, 0x63, 0x08, 0x63, 0x08, 0x63, 0x08, 0x63, 0x08, 0x63, 0x08,
  0xa4, 0x10, 0x63, 0x08, 0x63, 0x08, 0x63, 0x08, 0x63, 0x08, 0x63, 0x08, 0x63, 0x08, 0x63, 0x08, 0x63, 0x08, 0x63, 0x08, 0x63, 0x08, 0x63, 0x08, 0x63, 0x08, 0x63, 0x08, 0x63, 0x08, 0x63, 0x08,
  0x63, 0x08, 0x63, 0x08, 0x63, 0x08, 0x63, 0x08, 0x63, 0x08, 0x63, 0x08, 0x63, 0x08, 0x63, 0x08, 0x63, 0x08, 0x63, 0x08, 0x63, 0x08, 0x63, 0x08, 0x63, 0x08, 0x63, 0x08, 0x63, 0x08, 0x63, 0x08,
  0xe5, 0x18, 0xa4, 0x10, 0xa4, 0x10, 0xa4, 0x10, 0xa4, 0x10, 0xa4, 0x10, 0xa4, 0x10, 0xa4, 0x10, 0xa4, 0x10, 0xa4, 0x10, 0xa4, 0x10, 0xa4, 0x10, 0xa4, 0x10, 0xa4, 0x10, 0xa4, 0x10, 0xa4, 0x10,
  0xa4, 0x10, 0xa4, 0x10, 0xa4, 0x10, 0xa4, 0x10, 0xa4, 0x10, 0xa4, 0x10, 0xa4, 0x10, 0xa4, 0x10, 0xa4, 0x10, 0xa4, 0x10, 0xa4, 0x10, 0xa4, 0x10, 0xa4, 0x10, 0xa4, 0x10, 0xa4, 0x10, 0xa4, 0x10,
  0xe5, 0x18, 0xa4, 0x10, 0xa4, 0x10, 0xa4, 0x10, 0xa4, 0x10, 0xa4, 0x10, 0xa4, 0x10, 0xa4, 0x10, 0xa4, 0x10, 0xa4, 0x10, 0xa4, 0x10, 0xa4, 0x10, 0xa4, 0x10, 0xa4, 0x10, 0xa4, 0x10, 0xa4, 0x10,
  0xa4, 0x10, 0xa4, 0x10, 0xa4, 0x10, 0xa4, 0x10, 0xa4, 0x10, 0xa4, 0x10, 0xa4, 0x10, 0xa4, 0x10, 0xa4, 0x10, 0xa4, 0x10, 0xa4, 0x10, 0xa4, 0x10, 0xa4, 0x10, 0xa4, 0x10, 0xa4, 0x10, 0xa4, 0x10,
  0xe5, 0x18, 0xa4, 0x10, 0xa4, 0x10, 0xa4, 0x10, 0xa4, 0x10, 0xa4, 0x10, 0xa4, 0x10, 0xa4, 0x10, 0xa4, 0x10, 0xa4, 0x10, 0xa4, 0x10, 0xa4, 0x10, 0xa4, 0x10, 0xa4, 0x10, 0xa4, 0x10, 0xa4, 0x10,
  0xa4, 0x10, 0xa4, 0x10, 0xa4, 0x10, 0xa4, 0x10, 0xa4, 0x10, 0xa4, 0x10, 0xa4, 0x10, 0xa4, 0x10, 0xa4, 0x10, 0xa4, 0x10, 0xa4, 0x10, 0xa4, 0x10, 0xa4, 0x10, 0xa4, 0x10, 0xa4, 0x10, 0xa4, 0x10,
  0xe5, 0x18, 0xa4, 0x10, 0xa4, 0x10, 0xa4, 0x10, 0xa4, 0x10, 0xa4, 0x10, 0xa4, 0x10, 0xa4, 0x10, 0xa4, 0x10, 0xa4, 0x10, 0xa4, 0x10, 0xa4, 0x10, 0xa4, 0x10, 0xa4, 0x10, 0xa4, 0x10, 0xa4, 0x10,
  0xa4, 0x10, 0xa4, 0x10, 0xa4, 0x10, 0xa4, 0x10, 0xa4, 0x10, 0xa4, 0x10, 0xa4, 0x10, 0xa4, 0x10, 0xa4, 0x10, 0xa4, 0x10, 0xa4, 0x10, 0xa4, 0x10, 0xa4, 0x10, 0xa4, 0x10, 0xa4, 0x10, 0xa4, 0x10,
  0xe5, 0x18, 0xa4, 0x10, 0xa4, 0x10, 0xa4, 0x10, 0xa4, 0x10, 0xa4, 0x10, 0xa4, 0x10, 0xa4, 0x10, 0xa4, 0x10, 0xa4, 0x10, 0xa4, 0x10, 0xa4, 0x10, 0xa4, 0x10, 0xa4, 0x10, 0xa4, 0x10, 0xa4, 0x10,
  0xa4, 0x10, 0xa4, 0x10, 0xa4, 0x10, 0xa4, 0x10, 0xa4, 0x10, 0xa4, 0x10, 0xa4, 0x10, 0xa4, 0x10, 0xa4, 0x10, 0xa4, 0x10, 0xa4, 0x10, 0xa4, 0x10, 0xa4, 0x10, 0xa4, 0x10, 0xa4, 0x10, 0xa4, 0x10,
  0xe5, 0x18, 0xa4, 0x10, 0xa4, 0x10, 0xa4, 0x10, 0xa4, 0x10, 0xa4, 0x10, 0xa4, 0x10, 0xa4, 0x10, 0xa4, 0x10, 0xa4, 0x10, 0xa4, 0x10, 0xa4, 0x10, 0xa4, 0x10, 0xa4, 0x10, 0xa4, 0x10, 0xa4, 0x10,
  0xa4, 0x10, 0xa4, 0x10, 0xa4, 0x10, 0xa4, 0x10, 0xa4, 0x10, 0xa4, 0x10, 0xa4, 0x10, 0xa4, 0x10, 0xa4, 0x10, 0xa4, 0x10, 0xa4, 0x10, 0xa4, 0x10, 0xa4, 0x10, 0xa4, 0x10, 0xa4, 0x10, 0xa4, 0x10,
  0xe5, 0x18, 0xa4, 0x10, 0xa4, 0x10, 0xa4, 0x10, 0xa4, 0x10, 0xa4, 0x10, 0xa4, 0x10, 0xa4, 0x10, 0xa4, 0x10, 0xa4, 0x10, 0xa4, 0x10, 0xa4, 0x10, 0xa4, 0x10, 0xa4, 0x10, 0xa4, 0x10, 0xa4, 0x10,
  0xa4, 0x10, 0xa4, 0x10, 0xa4, 0x10, 0xa4, 0x10, 0xa4, 0x10, 0xa4, 0x10, 0xa4, 0x10, 0xa4, 0x10, 0xa4, 0x10, 0xa4, 0x10, 0xa4, 0x10, 0xa4, 0x10, 0xa4, 0x10, 0xa4, 0x10, 0xa4, 0x10, 0xa4, 0x10,
  0xe5, 0x18, 0xa4, 0x10, 0xa4, 0x10, 0xa4, 0x10, 0xa4, 0x10, 0xa4, 0x10, 0xa4, 0x10, 0xa4, 0x10, 0xa4, 0x10, 0xa4, 0x10, 0xa4, 0x10, 0xa4, 0x10, 0xa4, 0x10, 0xa4, 0x10, 0xa4, 0x10, 0xa4, 0x10,
  0xa4, 0x10, 0xa4, 0x10, 0xa4, 0x10, 0xa4, 0x10, 0xa4, 0x10, 0xa4, 0x10, 0xa4, 0x10, 0xa4, 0x10, 0xa4, 0x10, 0xa4, 0x10, 0xa4, 0x10, 0xa4, 0x10, 0xa4, 0x10, 0xa4, 0x10, 0xa4, 0x10, 0xa4, 0x10,
  0xe5, 0x18, 0xa4, 0x10, 0xa4, 0x10, 0xa4, 0x10, 0xa4, 0x10, 0xa4, 0x10, 0xa4, 0x10, 0xa4, 0x10, 0xa4, 0x10, 0xa4, 0x10, 0xa4, 0x10, 0xa4, 0x10, 0xa4, 0x10, 0xa4, 0x10, 0xa4, 0x10, 0xa4, 0x10,
  0xa4, 0x10, 0xa4, 0x10, 0xa4, 0x10, 0xa4, 0x10, 0xa4, 0x10, 0xa4, 0x10, 0xa4, 0x10, 0xa4, 0x10, 0xa4, 0x10, 0xa4, 0x10, 0xa4, 0x10, 0xa4, 0x10, 0xa4, 0x10, 0xa4, 0x10, 0xa4, 0x10, 0xa4, 0x10,
  0xe5, 0x18, 0xa4, 0x10, 0xa4, 0x10, 0xa4, 0x10, 0xa4, 0x10, 0xa4, 0x10, 0xa4, 0x10, 0xa4, 0x10, 0xa4, 0x10, 0xa4, 0x10, 0xa4, 0x10, 0xa4, 0x10, 0xa4, 0x10, 0xa4, 0x10, 0xa4, 0x10, 0xa4, 0x10,
  0xa4, 0x10, 0xa4, 0x10, 0xa4, 0x10, 0xa4, 0x10, 0xa4, 0x10, 0xa4, 0x10, 0xa4, 0x10, 0xa4, 0x10, 0xa4, 0x10, 0xa4, 0x10, 0xa4, 0x10, 0xa4, 0x10, 0xa4, 0x10, 0xa4, 0x10, 0xa4, 0x10, 0xa4, 0x10,
  0xa4, 0x10, 0x63, 0x08, 0x63, 0x08, 0x63, 0x08, 0x63, 0x08, 0x63, 0x08, 0x63, 0x08, 0x63, 0x08, 0x63, 0x08, 0x63, 0x08, 0x63, 0x08, 0x63, 0x08, 0x63, 0x08, 0x63, 0x08, 0x63, 0x08, 0x63, 0x08,
  0x63, 0x08, 0x63, 0x08, 0x63, 0x08, 0x63, 0x08, 0x63, 0x08, 0x63, 0x08, 0x63, 0x08, 0x63, 0x08, 0x63, 0x08, 0x63, 0x08, 0x63, 0x08, 0x63, 0x08, 0x63, 0x08, 0x63, 0x08, 0x63, 0x08, 0x63, 0x08,
  0xa4, 0x10, 0x63, 0x08, 0x63, 0x08, 0x63, 0x08, 0x63, 0x08, 0x63, 0x08, 0x63, 0x08, 0x63, 0x08, 0x63, 0x08, 0x63, 0x08, 0x63, 0x08, 0x63, 0x08, 0x63, 0x08, 0x63, 0x08, 0x63, 0x08, 0x63, 0x08,
  0x63, 0x08, 0x63, 0x08, 0x63, 0x08, 0x63, 0x08, 0x63, 0x08, 0x63, 0x08, 0x63, 0x08, 0x63, 0x08, 0x63, 0x08, 0x63, 0x08, 0x63, 0x08, 0x63, 0x08, 0x63, 0x08, 0x63, 0x08, 0x63, 0x08, 0x63, 0x08,
  0xa4, 0x10, 0x63, 0x08, 0x63, 0x08, 0x63, 0x08, 0x63, 0x08, 0x63, 0x08, 0x63, 0x08, 0x63, 0x08, 0x63, 0x08, 0x63, 0x08, 0x63, 0x08, 0x63, 0x08, 0x63, 0x08, 0x63, 0x08, 0x63, 0x08, 0x63, 0x08,
  0x63, 0x08, 0x63, 0x08, 0x63, 0x08, 0x63, 0x08, 0x63, 0x08, 0x63, 0x08, 0x63, 0x08, 0x63, 0x08, 0x63, 0x08, 0x63, 0x08, 0x63, 0x08, 0x63, 0x08, 0x63, 0x08, 0x63, 0x08, 0x63, 0x08, 0x63, 0x08,
  0xa4, 0x10, 0x63, 0x08, 0x63, 0x08, 0x63, 0x08, 0x63, 0x08, 0x63, 0x08, 0x63, 0x08, 0x63, 0x08, 0x63, 0x08, 0x63, 0x08, 0x63, 0x08, 0x63, 0x08, 0x63, 0x08, 0x63, 0x08, 0x63, 0x08, 0x63, 0x08,
  0x63, 0x08, 0x63, 0x08, 0x63, 0x08, 0x63, 0x08, 0x63, 0x08, 0x63, 0x08, 0x63, 0x08, 0x63, 0x08, 0x63, 0x08, 0x63, 0x08, 0x63, 0x08, 0x63, 0x08, 0x63, 0x08, 0x63, 0x08, 0x63, 0x08, 0x63, 0x08,
  0xa4, 0x10, 0x63, 0x08, 0x63, 0x08, 0x63, 0x08, 0x63, 0x08, 0x63, 0x08, 0x63, 0x08, 0x63, 0x08, 0x63, 0x08, 0x63, 0x08, 0x63, 0x08, 0x63, 0x08, 0x63, 0x08, 0x63, 0x08, 0x63, 0x08, 0x63, 0x08,
  0x63, 0x08, 0x63, 0x08, 0x63, 0x08, 0x63, 0x08, 0x63, 0x08, 0x63, 0x08, 0x63, 0x08, 0x63, 0x08, 0x63, 0x08, 0x63, 0x08, 0x63, 0x08, 0x63, 0x08, 0x63, 0x08, 0x63, 0x08, 0x63, 0x08, 0x63, 0x08,
  0xa4, 0x10, 0x63, 0x08, 0x63, 0x08, 0x63, 0x08, 0x63, 0x08, 0x63, 0x08, 0x63, 0x08, 0x63, 0x08, 0x63, 0x08, 0x63, 0x08, 0x63, 0x08, 0x63, 0x08, 0x63, 0x08, 0x63, 0x08, 0x63, 0x08, 0x63, 0x08,
  0x63, 0x08, 0x63, 0x08, 0x63, 0x08, 0x63, 0x08, 0x63, 0x08, 0x63, 0x08, 0x63, 0x08, 0x63, 0x08, 0x63, 0x08, 0x63, 0x08, 0x63, 0x08, 0x63, 0x08, 0x63, 0x08, 0x63, 0x08, 0x63, 0x08, 0x63, 0x08,
  0xa4, 0x10, 0x63, 0x08, 0x63, 0x08, 0x63, 0x08, 0x63, 0x08, 0x63, 0x08, 0x63, 0x08, 0x63, 0x08, 0x63, 0x08, 0x63, 0x08, 0x63, 0x08, 0x63, 0x08, 0x63, 0x08, 0x63, 0x08, 0x63, 0x08, 0x63, 0x08,
  0x63, 0x08, 0x63, 0x08, 0x63, 0x08, 0x63, 0x08, 0x63, 0x08, 0x63, 0x08, 0x63, 0x08, 0x63, 0x08, 0x63, 0x08, 0x63, 0x08, 0x63, 0x08, 0x63, 0x08, 0x63, 0x08, 0x63, 0x08, 0x63, 0x08, 0x63, 0x08,
  0xa4, 0x10, 0x63, 0x08, 0x63, 0x08, 0x63, 0x08, 0x63, 0x08, 0x63, 0x08, 0x63, 0x08, 0x63, 0x08, 0x63, 0x08, 0x63, 0x08, 0x63, 0x08, 0x63, 0x08, 0x63, 0x08, 0x63, 0x08, 0x63, 0x08, 0x63, 0x08,
  0x63, 0x08, 0x63, 0x08, 0x63, 0x08, 0x63, 0x08, 0x63, 0x08, 0x63, 0x08, 0x63, 0x08, 0x63, 0x08, 0x63, 0x08, 0x63, 0x08, 0x63, 0x08, 0x63, 0x08, 0x63, 0x08, 0x63, 0x08, 0x63, 0x08, 0x63, 0x08,
  0xa4, 0x10, 0x63, 0x08, 0x63, 0x08, 0x63, 0x08, 0x63, 0x08, 0x63, 0x08, 0x63, 0x08, 0x63, 0x08, 0x63, 0x08, 0x63, 0x08, 0x63, 0x08, 0x63, 0x08, 0x63, 0x08, 0x63, 0x08, 0x63, 0x08, 0x63, 0x08,
  0x63, 0x08, 0x63, 0x08, 0x63, 0x08, 0x63, 0x08, 0x63, 0x08, 0x63, 0x08, 0x63, 0x08, 0x63, 0x08, 0x63, 0x08, 0x63, 0x08, 0x63, 0x08, 0x63, 0x08, 0x63, 0x08, 0x63, 0x08, 0x63, 0x08, 0x63, 0x08,
  0xa4, 0x10, 0x63, 0x08, 0x63, 0x08, 0x63, 0x08, 0x63, 0x08, 0x63, 0x08, 0x63, 0x08, 0x63, 0x08, 0x63, 0x08, 0x63, 0x08, 0x63, 0x08, 0x63, 0x08, 0x63, 0x08, 0x63, 0x08, 0x63, 0x08, 0x63, 0x08,
  0x63, 0x08, 0x63, 0x08, 0x63, 0x08, 0x63, 0x08, 0x63, 0x08, 0x63, 0x08, 0x63, 0x08, 0x63, 0x08, 0x63, 0x08, 0x63, 0x08, 0x63, 0x08, 0x63, 0x08, 0x63, 0x08, 0x63, 0x08, 0x63, 0x08, 0x63, 0x08,
  0xa4, 0x10, 0x63, 0x08, 0x63, 0x08, 0x63, 0x08, 0x63, 0x08, 0x63, 0x08, 0x63, 0x08, 0x63, 0x08, 0x63, 0x08, 0x63, 0x08, 0x63, 0x08, 0x63, 0x08, 0x63, 0x08, 0x63, 0x08, 0x63, 0x08, 0x63, 0x08,
  0x63, 0x08, 0x63, 0x08, 0x63, 0x08, 0x63, 0x08, 0x63, 0x08, 0x63, 0x08, 0x63, 0x08, 0x63, 0x08, 0x63, 0x08, 0x63, 0x08, 0x63, 0x08, 0x63, 0x08, 0x63, 0x08, 0x63, 0x08, 0x63, 0x08, 0x63, 0x08,
  0xa4, 0x10, 0x63, 0x08, 0x63, 0x08, 0x63, 0x08, 0x63, 0x08, 0x63, 0x08, 0x63, 0x08, 0x63, 0x08, 0x63, 0x08, 0x63, 0x08, 0x63, 0x08, 0x63, 0x08, 0x63, 0x08, 0x63, 0x08, 0x63, 0x08, 0x63, 0x08,
  0x63, 0x08, 0x63, 0x08, 0x63, 0x08, 0x63, 0x08, 0x63, 0x08, 0x63, 0x08, 0x63, 0x08, 0x63, 0x08, 0x63, 0x08, 0x63, 0x08, 0x63, 0x08, 0x63, 0x08, 0x63, 0x08, 0x63, 0x08, 0x63, 0x08, 0x63, 0x08,
  0xa4, 0x10, 0x63, 0x08, 0x63, 0x08, 0x63, 0x08, 0x63, 0x08, 0x63, 0x08, 0x63, 0x08, 0x63, 0x08, 0x63, 0x08, 0x63, 0x08, 0x63, 0x08, 0x63, 0x08, 0x63, 0x08, 0x63, 0x08, 0x63, 0x08, 0x63, 0x08,
  0x63, 0x08, 0x63, 0x08, 0x63, 0x08, 0x63, 0x08, 0x63, 0x08, 0x63, 0x08, 0x63, 0x08, 0x63, 0x08, 0x63, 0x08, 0x63, 0x08, 0x63, 0x08, 0x63, 0x08, 0x63, 0x08, 0x63, 0x08, 0x63, 0x08, 0x63, 0x08,
  0xa4, 0x10, 0x63, 0x08, 0x63, 0x08, 0x63, 0x08, 0x63, 0x08, 0x63, 0x08, 0x63, 0x08, 0x63, 0x08, 0x63, 0x08, 0x63, 0x08, 0x63, 0x08, 0x63, 0x08, 0x63, 0x08, 0x63, 0x08, 0x63, 0x08, 0x63, 0x08,
  0x63, 0x08, 0x63, 0x08, 0x63, 0x08, 0x63, 0x08, 0x63, 0x08, 0x63, 0x08, 0x63, 0x08, 0x63, 0x08, 0x63, 0x08, 0x63, 0x08, 0x63, 0x08, 0x63, 0x08, 0x63, 0x08, 0x63, 0x08, 0x63, 0x08, 0x63, 0x08,
  0xa4, 0x10, 0x63, 0x08, 0x63, 0x08, 0x63, 0x08, 0x63, 0x08, 0x63, 0x08, 0x63, 0x08, 0x63, 0x08, 0x63, 0x08, 0x63, 0x08, 0x63, 0x08, 0x63, 0x08, 0x63, 0x08, 0x63, 0x08, 0x63, 0x08, 0x63, 0x08,
  0x63, 0x08, 0x63, 0x08, 0x63, 0x08, 0x63, 0x08, 0x63, 0x08, 0x63, 0x08, 0x63, 0x08, 0x63, 0x08, 0x63, 0x08, 0x63, 0x08, 0x63, 0x08, 0x63, 0x08, 0x63, 0x08, 0x63, 0x08, 0x63, 0x08, 0x63, 0x08,
  0xa4, 0x10, 0x63, 0x08, 0x63, 0x08, 0x63, 0x08, 0x63, 0x08, 0x63, 0x08, 0x63, 0x08, 0x63, 0x08, 0x63, 0x08, 0x63, 0x08, 0x63, 0x08, 0x63, 0x08, 0x63, 0x08, 0x63, 0x08, 0x63, 0x08, 0x63, 0x08,
  0x63, 0x08, 0x63, 0x08, 0x63, 0x08, 0x63, 0x08, 0x63, 0x08, 0x63, 0x08, 0x63, 0x08, 0x63, 0x08, 0x63, 0x08, 0x63, 0x08, 0x63, 0x08, 0x63, 0x08, 0x63, 0x08, 0x63, 0x08, 0x63, 0x08, 0x63, 0x08,
  0xa4, 0x10, 0x63, 0x08, 0x63, 0x08, 0x63, 0x08, 0x63, 0x08, 0x63, 0x08, 0x63, 0x08, 0x63, 0x08, 0x63, 0x08, 0x63, 0x08, 0x63, 0x08, 0x63, 0x08, 0x63, 0x08, 0x63, 0x08, 0x63, 0x08, 0x63, 0x08,
  0x63, 0x08, 0x63, 0x08, 0x63, 0x08, 0x63, 0x08, 0x63, 0x08, 0x63, 0x08, 0x63, 0x08, 0x63, 0x08, 0x63, 0x08, 0x63, 0x08, 0x63, 0x08, 0x63, 0x08, 0x63, 0x08, 0x63, 0x08, 0x63, 0x08, 0x63, 0x08,
  0xa4, 0x10, 0x63, 0x08, 0x63, 0x08, 0x63, 0x08, 0x63, 0x08, 0x63, 0x08, 0x63, 0x08, 0x63, 0x08, 0x63, 0x08, 0x63, 0x08, 0x63, 0x08, 0x63, 0x08, 0x63, 0x08, 0x63, 0x08, 0x63, 0x08, 0x63, 0x08,
  0x63, 0x08, 0x63, 0x08, 0x63, 0x08, 0x63, 0x08, 0x63, 0x08, 0x63, 0x08, 0x63, 0x08, 0x63, 0x08, 0x63, 0x08, 0x63, 0x08, 0x63, 0x08, 0x63, 0x08, 0x63, 0x08, 0x63, 0x08, 0x63, 0x08, 0x63, 0x08,
  0xa4, 0x10, 0x63, 0x08, 0x63, 0x08, 0x63, 0x08, 0x63, 0x08, 0x63, 0x08, 0x63, 0x08, 0x63, 0x08, 0x63, 0x08, 0x63, 0x08, 0x63, 0x08, 0x63, 0x08, 0x63, 0x08, 0x63, 0x08, 0x63, 0x08, 0x63, 0x08,
  0x63, 0x08, 0x63, 0x08, 0x63, 0x08, 0x63, 0x08, 0x63, 0x08, 0x63, 0x08, 0x63, 0x08, 0x63, 0x08, 0x63, 0x08, 0x63, 0x08, 0x63, 0x08, 0x63, 0x08, 0x63, 0x08, 0x63, 0x08, 0x63, 0x08, 0x63, 0x08,
  0xa4, 0x10, 0x63, 0x08, 0x63, 0x08, 0x63, 0x08, 0x63, 0x08, 0x63, 0x08, 0x63, 0x08, 0x63, 0x08, 0x63, 0x08, 0x63, 0x08, 0x63, 0x08, 0x63, 0x08, 0x63, 0x08, 0x63, 0x08, 0x63, 0x08, 0x63, 0x08,
  0x63, 0x08, 0x63, 0x08, 0x63, 0x08, 0x63, 0x08, 0x63, 0x08, 0x63, 0x08, 0x63, 0x08, 0x63, 0x08, 0x63, 0x08, 0x63, 0x08, 0x63, 0x08, 0x63, 0x08, 0x63, 0x08, 0x63, 0x08, 0x63, 0x08, 0x63, 0x08,
  0xa4, 0x10, 0x63, 0x08, 0x63, 0x08, 0x63, 0x08, 0x63, 0x08, 0x63, 0x08, 0x63, 0x08, 0x63, 0x08, 0x63, 0x08, 0x63, 0x08, 0x63, 0x08, 0x63, 0x08, 0x63, 0x08, 0x63, 0x08, 0x63, 0x08, 0x63, 0x08,
  0x63, 0x08, 0x63, 0x08, 0x63, 0x08, 0x63, 0x08, 0x63, 0x08, 0x63, 0x08, 0x63, 0x08, 0x63, 0x08, 0x63, 0x08, 0x63, 0x08, 0x63, 0x08, 0x63, 0x08, 0x63, 0x08, 0x63, 0x08, 0x63, 0x08, 0x63, 0x08,
  0xa4, 0x10, 0x63, 0x08, 0x63, 0x08, 0x63, 0x08, 0x63, 0x08, 0x63, 0x08, 0x63, 0x08, 0x63, 0x08, 0x63, 0x08, 0x63, 0x08, 0x63, 0x08, 0x63, 0x08, 0x63, 0x08, 0x63, 0x08, 0x63, 0x08, 0x63, 0x08,
  0x63, 0x08, 0x63, 0x08, 0x63, 0x08, 0x63, 0x08, 0x63, 0x08, 0x63, 0x08, 0x63, 0x08, 0x63, 0x08, 0x63, 0x08, 0x63, 0x08, 0x63, 0x08, 0x63, 0x08, 0x63, 0x08, 0x63, 0x08, 0x63, 0x08, 0x63, 0x08,
  0xa4, 0x10, 0x63, 0x08, 0x63, 0x08, 0x63, 0x08, 0x63, 0x08, 0x63, 0x08, 0x63, 0x08, 0x63, 0x08, 0x63, 0x08, 0x63, 0x08, 0x63, 0x08, 0x63, 0x08, 0x63, 0x08, 0x63, 0x08, 0x63, 0x08, 0x63, 0x08,
  0x63, 0x08, 0x63, 0x08, 0x63, 0x08, 0x63, 0x08, 0x63, 0x08, 0x63, 0x08, 0x63, 0x08, 0x63, 0x08, 0x63, 0x08, 0x63, 0x08, 0x63, 0x08, 0x63, 0x08, 0x63, 0x08, 0x63, 0x08, 0x63, 0x08, 0x63, 0x08,
  0xa4, 0x10, 0x63, 0x08, 0x63, 0x08, 0x63, 0x08, 0x63, 0x08, 0x63, 0x08, 0x63, 0x08, 0x63, 0x08, 0x63, 0x08, 0x63, 0x08, 0x63, 0x08, 0x63, 0x08, 0x63, 0x08, 0x63, 0x08, 0x63, 0x08, 0x63, 0x08,
  0x63, 0x08, 0x63, 0x08, 0x63, 0x08, 0x63, 0x08, 0x63, 0x08, 0x63, 0x08, 0x63, 0x08, 0x63, 0x08, 0x63, 0x08, 0x63, 0x08, 0x63, 0x08, 0x63, 0x08, 0x63, 0x08, 0x63, 0x08, 0x63, 0x08, 0x63, 0x08,
  0xa4, 0x10, 0x63, 0x08, 0x63, 0x08, 0x63, 0x08, 0x63, 0x08, 0x63, 0x08, 0x63, 0x08, 0x63, 0x08, 0x63, 0x08, 0x63, 0x08, 0x63, 0x08, 0x63, 0x08, 0x63, 0x08, 0x63, 0x08, 0x63, 0x08, 0x63, 0x08,
  0x63, 0x08, 0x63, 0x08, 0x63, 0x08, 0x63, 0x08, 0x63, 0x08, 0x63, 0x08, 0x63, 0x08, 0x63, 0x08, 0x63, 0x08, 0x63, 0x08, 0x63, 0x08, 0x63, 0x08, 0x63, 0x08, 0x63, 0x08, 0x63, 0x08, 0x63, 0x08,
  0xa4, 0x10, 0x63, 0x08, 0x63, 0x08, 0x63, 0x08, 0x63, 0x08, 0x63, 0x08, 0x63, 0x08, 0x63, 0x08, 0x63, 0x08, 0x63, 0x08, 0x63, 0x08, 0x63, 0x08, 0x63, 0x08, 0x63, 0x08, 0x63, 0x08, 0x63, 0x08,
  0x63, 0x08, 0x63, 0x08, 0x63, 0x08, 0x63, 0x08, 0x63, 0x08, 0x63, 0x08, 0x63, 0x08, 0x63, 0x08, 0x63, 0x08, 0x63, 0x08, 0x63, 0x08, 0x63, 0x08, 0x63, 0x08, 0x63, 0x08, 0x63, 0x08, 0x63, 0x08,
  0xa4, 0x10, 0x63, 0x08, 0x63, 0x08, 0x63, 0x08, 0x63, 0x08, 0x63, 0x08, 0x63, 0x08, 0x63, 0x08, 0x63, 0x08, 0x63, 0x08, 0x63, 0x08, 0x63, 0x08, 0x63, 0x08, 0x63, 0x08, 0x63, 0x08, 0x63, 0x08,
  0x63, 0x08, 0x63, 0x08, 0x63, 0x08, 0x63, 0x08, 0x63, 0x08, 0x63, 0x08, 0x63, 0x08, 0x63, 0x08, 0x63, 0x08, 0x63, 0x08, 0x63, 0x08, 0x63, 0x08, 0x63, 0x08, 0x63, 0x08, 0x63, 0x08, 0x63, 0x08,
  0xa4, 0x10, 0x63, 0x08, 0x63, 0x08, 0x63, 0x08, 0x63, 0x08, 0x63, 0x08, 0x63, 0x08, 0x63, 0x08, 0x63, 0x08, 0x63, 0x08, 0x63, 0x08, 0x63, 0x08, 0x63, 0x08, 0x63, 0x08, 0x63, 0x08, 0x63, 0x08,
  0x63, 0x08, 0x63, 0x08, 0x63, 0x08, 0x63, 0x08, 0x63, 0x08, 0x63, 0x08, 0x63, 0x08, 0x63, 0x08, 0x63, 0x08, 0x63, 0x08, 0x63, 0x08, 0x63, 0x08, 0x63, 0x08, 0x63, 0x08, 0x63, 0x08, 0x63, 0x08,
  0xa4, 0x10, 0x63, 0x08, 0x63, 0x08, 0x63, 0x08, 0x63, 0x08, 0x63, 0x08, 0x63, 0x08, 0x63, 0x08, 0x63, 0x08, 0x63, 0x08, 0x63, 0x08, 0x63, 0x08, 0x63, 0x08, 0x63, 0x08, 0x63, 0x08, 0x63, 0x08,
  0x63, 0x08, 0x63, 0x08, 0x63, 0x08, 0x63, 0x08, 0x63, 0x08, 0x63, 0x08, 0x63, 0x08, 0x63, 0x08, 0x63, 0x08, 0x63, 0x08, 0x63, 0x08, 0x63, 0x08, 0x63, 0x08, 0x63, 0x08, 0x63, 0x08, 0x63, 0x08,
  0xa4, 0x10, 0x63, 0x08, 0x63, 0x08, 0x63, 0x08, 0x63, 0x08, 0x63, 0x08, 0x63, 0x08, 0x63, 0x08, 0x63, 0x08, 0x63, 0x08, 0x63, 0x08, 0x63, 0x08, 0x63, 0x08, 0x63, 0x08, 0x63, 0x08, 0x63, 0x08,
  0x63, 0x08, 0x63, 0x08, 0x63, 0x08, 0x63, 0x08, 0x63, 0x08, 0x63, 0x08, 0x63, 0x08, 0x63, 0x08, 0x63, 0x08, 0x63, 0x08, 0x63, 0x08, 0x63, 0x08, 0x63, 0x08, 0x63, 0x08, 0x63, 0x08, 0x63, 0x08,
  0xa4, 0x10, 0x63, 0x08, 0x63, 0x08, 0x63, 0x08, 0x63, 0x08, 0x63, 0x08, 0x63, 0x08, 0x63, 0x08, 0x63, 0x08, 0x63, 0x08, 0x63, 0x08, 0x63, 0x08, 0x63, 0x08, 0x63, 0x08, 0x63, 0x08, 0x63, 0x08,
  0x63, 0x08, 0x63, 0x08, 0x63, 0x08, 0x63, 0x08, 0x63, 0x08, 0x63, 0x08, 0x63, 0x08, 0x63, 0x08, 0x63, 0x08, 0x63, 0x08, 0x63, 0x08, 0x63, 0x08, 0x63, 0x08, 0x63, 0x08, 0x63, 0x08, 0x63, 0x08,
  0xa4, 0x10, 0x63, 0x08, 0x63, 0x08, 0x63, 0x08, 0x63, 0x08, 0x63, 0x08, 0x63, 0x08, 0x63, 0x08, 0x63, 0x08, 0x63, 0x08, 0x63, 0x08, 0x63, 0x08, 0x63, 0x08, 0x63, 0x08, 0x63, 0x08, 0x63, 0x08,
  0x63, 0x08, 0x63, 0x08, 0x63, 0x08, 0x63, 0x08, 0x63, 0x08, 0x63, 0x08, 0x63, 0x08, 0x63, 0x08, 0x63, 0x08, 0x63, 0x08, 0x63, 0x08, 0x63, 0x08, 0x63, 0x08, 0x63, 0x08, 0x63, 0x08, 0x63, 0x08,
  0xa4, 0x10, 0x63, 0x08, 0x63, 0x08, 0x63, 0x08, 0x63, 0x08, 0x63, 0x08, 0x63, 0x08, 0x63, 0x08, 0x63, 0x08, 0x63, 0x08, 0x63, 0x08, 0x63, 0x08, 0x63, 0x08, 0x63, 0x08, 0x63, 0x08, 0x63, 0x08,
  0x63, 0x08, 0x63, 0x08, 0x63, 0x08, 0x63, 0x08, 0x63, 0x08, 0x63, 0x08, 0x63, 0x08, 0x63, 0x08, 0x63, 0x08, 0x63, 0x08, 0x63, 0x08, 0x63, 0x08, 0x63, 0x08, 0x63, 0x08, 0x63, 0x08, 0x63, 0x08,
  0xa4, 0x10, 0x63, 0x08, 0x63, 0x08, 0x63, 0x08, 0x63, 0x08, 0x63, 0x08, 0x63, 0x08, 0x63, 0x08, 0x63, 0x08, 0x63, 0x08, 0x63, 0x08, 0x63, 0x08, 0x63, 0x08, 0x63, 0x08, 0x63, 0x08, 0x63, 0x08,
  0x63, 0x08, 0x63, 0x08, 0x63, 0x08, 0x63, 0x08, 0x63, 0x08, 0x63, 0x08, 0x63, 0x08, 0x63, 0x08, 0x63, 0x08, 0x63, 0x08, 0x63, 0x08, 0x63, 0x08, 0x63, 0x08, 0x63, 0x08, 0x63, 0x08, 0x63, 0x08,
  0xa4, 0x10, 0x63, 0x08, 0x63, 0x08, 0x63, 0x08, 0x63, 0x08, 0x63, 0x08, 0x63, 0x08, 0x63, 0x08, 0x63, 0x08, 0x63, 0x08, 0x63, 0x08, 0x63, 0x08, 0x63, 0x08, 0x63, 0x08, 0x63, 0x08, 0x63, 0x08,
  0x63, 0x08, 0x63, 0x08, 0x63, 0x08, 0x63, 0x08, 0x63, 0x08, 0x63, 0x08, 0x63, 0x08, 0x63, 0x08, 0x63, 0x08, 0x63, 0x08, 0x63, 0x08, 0x63, 0x08, 0x63, 0x08, 0x63, 0x08, 0x63, 0x08, 0x63, 0x08,
  0xa4, 0x10, 0x63, 0x08, 0x63, 0x08, 0x63, 0x08, 0x63, 0x08, 0x63, 0x08, 0x63, 0x08, 0x63, 0x08, 0x63, 0x08, 0x63, 0x08, 0x63, 0x08, 0x63, 0x08, 0x63, 0x08, 0x63, 0x08, 0x63, 0x08, 0x63, 0x08,
  0x63, 0x08, 0x63, 0x08, 0x63, 0x08, 0x63, 0x08, 0x63, 0x08, 0x63, 0x08, 0x63, 0x08, 0x63, 0x08, 0x63, 0x08, 0x63, 0x08, 0x63, 0x08, 0x63, 0x08, 0x63, 0x08, 0x63, 0x08, 0x63, 0x08, 0x63, 0x08,
  0xa4, 0x10, 0x63, 0x08, 0x63, 0x08, 0x63, 0x08, 0x63, 0x08, 0x63, 0x08, 0x63, 0x08, 0x63, 0x08, 0x63, 0x08, 0x63, 0x08, 0x63, 0x08, 0x63, 0x08, 0x63, 0x08, 0x63, 0x08, 0x63, 0x08, 0x63, 0x08,
  0x63, 0x08, 0x63, 0x08, 0x63, 0x08, 0x63, 0x08, 0x63, 0x08, 0x63, 0x08, 0x63, 0x08, 0x63, 0x08, 0x63, 0x08, 0x63, 0x08, 0x63, 0x08, 0x63, 0x08, 0x63, 0x08, 0x63, 0x08, 0x63, 0x08, 0x63, 0x08,
  0xa4, 0x10, 0x63, 0x08, 0x63, 0x08, 0x63, 0x08, 0x63, 0x08, 0x63, 0x08, 0x63, 0x08, 0x63, 0x08, 0x63, 0x08, 0x63, 0x08, 0x63, 0x08, 0x63, 0x08, 0x63, 0x08, 0x63, 0x08, 0x63, 0x08, 0x63, 0x08,
  0x63, 0x08, 0x63, 0x08, 0x63, 0x08, 0x63, 0x08, 0x63, 0x08, 0x63, 0x08, 0x63, 0x08, 0x63, 0x08, 0x63, 0x08, 0x63, 0x08, 0x63, 0x08, 0x63, 0x08, 0x63, 0x08, 0x63, 0x08, 0x63, 0x08, 0x63, 0x08,
  0xa4, 0x10, 0x63, 0x08, 0x63, 0x08, 0x63, 0x08, 0x63, 0x08, 0x63, 0x08, 0x63, 0x08, 0x63, 0x08, 0x63, 0x08, 0x63, 0x08, 0x63, 0x08, 0x63, 0x08, 0x63, 0x08, 0x63, 0x08, 0x63, 0x08, 0x63, 0x08,
  0x63, 0x08, 0x63, 0x08, 0x63, 0x08, 0x63, 0x08, 0x63, 0x08, 0x63, 0x08, 0x63, 0x08, 0x63, 0x08, 0x63, 0x08, 0x63, 0x08, 0x63, 0x08, 0x63, 0x08, 0x63, 0x08, 0x63, 0x08, 0x63, 0x08, 0x63, 0x08,
  0xa4, 0x10, 0x63, 0x08, 0x63, 0x08, 0x63, 0x08, 0x63, 0x08, 0x63, 0x08, 0x63, 0x08, 0x63, 0x08, 0x63, 0x08, 0x63, 0x08, 0x63, 0x08, 0x63, 0x08, 0x63, 0x08, 0x63, 0x08, 0x63, 0x08, 0x63, 0x08,
  0x63, 0x08, 0x63, 0x08, 0x63, 0x08, 0x63, 0x08, 0x63, 0x08, 0x63, 0x08, 0x63, 0x08, 0x63, 0x08, 0x63, 0x08, 0x63, 0x08, 0x63, 0x08, 0x63, 0x08, 0x63, 0x08, 0x63, 0x08, 0x63, 0x08, 0x63, 0x08,
  0xa4, 0x10, 0x63, 0x08, 0x63, 0x08, 0x63, 0x08, 0x63, 0x08, 0x63, 0x08, 0x63, 0x08, 0x63, 0x08, 0x63, 0x08, 0x63, 0x08, 0x63, 0x08, 0x63, 0x08, 0x63, 0x08, 0x63, 0x08, 0x63, 0x08, 0x63, 0x08,
  0x63, 0x08, 0x63, 0x08, 0x63, 0x08, 0x63, 0x08, 0x63, 0x08, 0x63, 0x08, 0x63, 0x08, 0x63, 0x08, 0x63, 0x08, 0x63, 0x08, 0x63, 0x08, 0x63, 0x08, 0x63, 0x08, 0x63, 0x08, 0x63, 0x08, 0x63, 0x08,
  0xa4, 0x10, 0x63, 0x08, 0x63, 0x08, 0x63, 0x08, 0x63, 0x08, 0x63, 0x08, 0x63, 0x08, 0x63, 0x08, 0x63, 0x08, 0x63, 0x08, 0x63, 0x08, 0x63, 0x08, 0x63, 0x08, 0x63, 0x08, 0x63, 0x08, 0x63, 0x08,
  0x63, 0x08, 0x63, 0x08, 0x63, 0x08, 0x63, 0x08, 0x63, 0x08, 0x63, 0x08, 0x63, 0x08, 0x63, 0x08, 0x63, 0x08, 0x63, 0x08, 0x63, 0x08, 0x63, 0x08, 0x63, 0x08, 0x63, 0x08, 0x63, 0x08, 0x63, 0x08,
  0xa4, 0x10, 0x63, 0x08, 0x63, 0x08, 0x63, 0x08, 0x63, 0x08, 0x63, 0x08, 0x63, 0x08, 0x63, 0x08, 0x63, 0x08, 0x63, 0x08, 0x63, 0x08, 0x63, 0x08, 0x63, 0x08, 0x63, 0x08, 0x63, 0x08, 0x63, 0x08,
  0x63, 0x08, 0x63, 0x08, 0x63, 0x08, 0x63, 0x08, 0x63, 0x08, 0x63, 0x08, 0x63, 0x08, 0x63, 0x08, 0x63, 0x08, 0x63, 0x08, 0x63, 0x08, 0x63, 0x08, 0x63, 0x08, 0x63, 0x08, 0x63, 0x08, 0x63, 0x08,
  0xa4, 0x10, 0x63, 0x08, 0x63, 0x08, 0x63, 0x08, 0x63, 0x08, 0x63, 0x08, 0x63, 0x08, 0x63, 0x08, 0x63, 0x08, 0x63, 0x08, 0x63, 0x08, 0x63, 0x08, 0x63, 0x08, 0x63, 0x08, 0x63, 0x08, 0x63, 0x08,
  0x63, 0x08, 0x63, 0x08, 0x63, 0x08, 0x63, 0x08, 0x63, 0x08, 0x63, 0x08, 0x63, 0x08, 0x63, 0x08, 0x63, 0x08, 0x63, 0x08, 0x63, 0x08, 0x63, 0x08, 0x63, 0x08, 0x63, 0x08, 0x63, 0x08, 0x63, 0x08,
  0xa4, 0x10, 0x63, 0x08, 0x63, 0x08, 0x63, 0x08, 0x63, 0x08, 0x63, 0x08, 0x63, 0x08, 0x63, 0x08, 0x63, 0x08, 0x63, 0x08, 0x63, 0x08, 0x63, 0x08, 0x63, 0x08, 0x63, 0x08, 0x63, 0x08, 0x63, 0x08,
  0x63, 0x08, 0x63, 0x08, 0x63, 0x08, 0x63, 0x08, 0x63, 0x08, 0x63, 0x08, 0x63, 0x08, 0x63, 0x08, 0x63, 0x08, 0x63, 0x08, 0x63, 0x08, 0x63, 0x08, 0x63, 0x08, 0x63, 0x08, 0x63, 0x08, 0x63, 0x08,
  0xa4, 0x10, 0x63, 0x08, 0x63, 0x08, 0x63, 0x08, 0x63, 0x08, 0x63, 0x08, 0x63, 0x08, 0x63, 0x08, 0x63, 0x08, 0x63, 0x08, 0x63, 0x08, 0x63, 0x08, 0x63, 0x08, 0x63, 0x08, 0x63, 0x08, 0x63, 0x08,
  0x63, 0x08, 0x63, 0x08, 0x63, 0x08, 0x63, 0x08, 0x63, 0x08, 0x63, 0x08, 0x63, 0x08, 0x63, 0x08, 0x63, 0x08, 0x63, 0x08, 0x63, 0x08, 0x63, 0x08, 0x63, 0x08, 0x63, 0x08, 0x63, 0x08, 0x63, 0x08,
  0xa4, 0x10, 0x63, 0x08, 0x63, 0x08, 0x63, 0x08, 0x63, 0x08, 0x63, 0x08, 0x63, 0x08, 0x63, 0x08, 0x63, 0x08, 0x63, 0x08, 0x63, 0x08, 0x63, 0x08, 0x63, 0x08, 0x63, 0x08, 0x63, 0x08, 0x63, 0x08,
  0x63, 0x08, 0x63, 0x08, 0x63, 0x08, 0x63, 0x08, 0x63, 0x08, 0x63, 0x08, 0x63, 0x08, 0x63, 0x08, 0x63, 0x08, 0x63, 0x08, 0x63, 0x08, 0x63, 0x08, 0x63, 0x08, 0x63, 0x08, 0x63, 0x08, 0x63, 0x08,
  0xa4, 0x10, 0x63, 0x08, 0x63, 0x08, 0x63, 0x08, 0x63, 0x08, 0x63, 0x08, 0x63, 0x08, 0x63, 0x08, 0x63, 0x08, 0x63, 0x08, 0x63, 0x08, 0x63, 0x08, 0x63, 0x08, 0x63, 0x08, 0x63, 0x08, 0x63, 0x08,
  0x63, 0x08, 0x63, 0x08, 0x63, 0x08, 0x63, 0x08, 0x63, 0x08, 0x63, 0x08, 0x63, 0x08, 0x63, 0x08, 0x63, 0x08, 0x63, 0x08, 0x63, 0x08, 0x63, 0x08, 0x63, 0x08, 0x63, 0x08, 0x63, 0x08, 0x63, 0x08,
  0xa4, 0x10, 0x63, 0x08, 0x63, 0x08, 0x63, 0x08, 0x63, 0x08, 0x63, 0x08, 0x63, 0x08, 0x63, 0x08, 0x63, 0x08, 0x63, 0x08, 0x63, 0x08, 0x63, 0x08, 0x63, 0x08, 0x63, 0x08, 0x63, 0x08, 0x63, 0x08,
  0x63, 0x08, 0x63, 0x08, 0x63, 0x08, 0x63, 0x08, 0x63, 0x08, 0x63, 0x08, 0x63, 0x08, 0x63, 0x08, 0x63, 0x08, 0x63, 0x08, 0x63, 0x08, 0x63, 0x08, 0x63, 0x08, 0x63, 0x08, 0x63, 0x08, 0x63, 0x08,
  0xa4, 0x10, 0x63, 0x08, 0x63, 0x08, 0x63, 0x08, 0x63, 0x08, 0x63, 0x08, 0x63, 0x08, 0x63, 0x08, 0x63, 0x08, 0x63, 0x08, 0x63, 0x08, 0x63, 0x08, 0x63, 0x08, 0x63, 0x08, 0x63, 0x08, 0x63, 0x08,
  0x63, 0x08, 0x63, 0x08, 0x63, 0x08, 0x63, 0x08, 0x63, 0x08, 0x63, 0x08, 0x63, 0x08, 0x63, 0x08, 0x63, 0x08, 0x63, 0x08, 0x63, 0x08, 0x63, 0x08, 0x63, 0x08, 0x63, 0x08, 0x63, 0x08, 0x63, 0x08,
  0xa4, 0x10, 0x63, 0x08, 0x63, 0x08, 0x63, 0x08, 0x63, 0x08, 0x63, 0x08, 0x63, 0x08, 0x63, 0x08, 0x63, 0x08, 0x63, 0x08, 0x63, 0x08, 0x63, 0x08, 0x63, 0x08, 0x63, 0x08, 0x63, 0x08, 0x63, 0x08,
  0x63, 0x08, 0x63, 0x08, 0x63, 0x08, 0x63, 0x08, 0x63, 0x08, 0x63, 0x08, 0x63, 0x08, 0x63, 0x08, 0x63, 0x08, 0x63, 0x08, 0x63, 0x08, 0x63, 0x08, 0x63, 0x08, 0x63, 0x08, 0x63, 0x08, 0x63, 0x08,
  0xa4, 0x10, 0x63, 0x08, 0x63, 0x08, 0x63, 0x08, 0x63, 0x08, 0x63, 0x08, 0x63, 0x08, 0x63, 0x08, 0x63, 0x08, 0x63, 0x08, 0x63, 0x08, 0x63, 0x08, 0x63, 0x08, 0x63, 0x08, 0x63, 0x08, 0x63, 0x08,
  0x63, 0x08, 0x63, 0x08, 0x63, 0x08, 0x63, 0x08, 0x63, 0x08, 0x63, 0x08, 0x63, 0x08, 0x63, 0x08, 0x63, 0x08, 0x63, 0x08, 0x63, 0x08, 0x63, 0x08, 0x63, 0x08, 0x63, 0x08, 0x63, 0x08, 0x63, 0x08,
  0xa4, 0x10, 0x63, 0x08, 0x63, 0x08, 0x63, 0x08, 0x63, 0x08, 0x63, 0x08, 0x63, 0x08, 0x63, 0x08, 0x63, 0x08, 0x63, 0x08, 0x63, 0x08, 0x63, 0x08, 0x63, 0x08, 0x63, 0x08, 0x63, 0x08, 0x63, 0x08,
  0x63, 0x08, 0x63, 0x08, 0x63, 0x08, 0x63, 0x08, 0x63, 0x08, 0x63, 0x08, 0x63, 0x08, 0x63, 0x08, 0x63, 0x08, 0x63, 0x08, 0x63, 0x08, 0x63, 0x08, 0x63, 0x08, 0x63, 0x08, 0x63, 0x08, 0x63, 0x08,
  0xa4, 0x10, 0x63, 0x08, 0x63, 0x08, 0x63, 0x08, 0x63, 0x08, 0x63, 0x08, 0x63, 0x08, 0x63, 0x08, 0x63, 0x08, 0x63, 0x08, 0x63, 0x08, 0x63, 0x08, 0x63, 0x08, 0x63, 0x08, 0x63, 0x08, 0x63, 0x08,
  0x63, 0x08, 0x63, 0x08, 0x63, 0x08, 0x63, 0x08, 0x63, 0x08, 0x63, 0x08, 0x63, 0x08, 0x63, 0x08, 0x63, 0x08, 0x63, 0x08, 0x63, 0x08, 0x63, 0x08, 0x63, 0x08, 0x63, 0x08, 0x63, 0x08, 0x63, 0x08,
  0xa4, 0x10, 0x63, 0x08, 0x63, 0x08, 0x63, 0x08, 0x63, 0x08, 0x63, 0x08, 0x63, 0x08, 0x63, 0x08, 0x63, 0x08, 0x63, 0x08, 0x63, 0x08, 0x63, 0x08, 0x63, 0x08, 0x63, 0x08, 0x63, 0x08, 0x63, 0x08,
  0x63, 0x08, 0x63, 0x08, 0x63, 0x08, 0x63, 0x08, 0x63, 0x08, 0x63, 0x08, 0x63, 0x08, 0x63, 0x08, 0x63, 0x08, 0x63, 0x08, 0x63, 0x08, 0x63, 0x08, 0x63, 0x08, 0x63, 0x08, 0x63, 0x08, 0x63, 0x08,
  0xa4, 0x10, 0x63, 0x08, 0x63, 0x08, 0x63, 0x08, 0x63, 0x08, 0x63, 0x08, 0x63, 0x08, 0x63, 0x08, 0x63, 0x08, 0x63, 0x08, 0x63, 0x08, 0x63, 0x08, 0x63, 0x08, 0x63, 0x08, 0x63, 0x08, 0x63, 0x08,
  0x63, 0x08, 0x63, 0x08, 0x63, 0x08, 0x63, 0x08, 0x63, 0x08, 0x63, 0x08, 0x63, 0x08, 0x63, 0x08, 0x63, 0x08, 0x63, 0x08, 0x63, 0x08, 0x63, 0x08, 0x63, 0x08, 0x63, 0x08, 0x63, 0x08, 0x63, 0x08,
  0xa4, 0x10, 0x63, 0x08, 0x63, 0x08, 0x63, 0x08, 0x63, 0x08, 0x63, 0x08, 0x63, 0x08, 0x63, 0x08, 0x63, 0x08, 0x63, 0x08, 0x63, 0x08, 0x63, 0x08, 0x63, 0x08, 0x63, 0x08, 0x63, 0x08, 0x63, 0x08,
  0x63, 0x08, 0x63, 0x08, 0x63, 0x08, 0x63, 0x08, 0x63, 0x08, 0x63, 0x08, 0x63, 0x08, 0x63, 0x08, 0x63, 0x08, 0x63, 0x08, 0x63, 0x08, 0x63, 0x08, 0x63, 0x08, 0x63, 0x08, 0x63, 0x08, 0x63, 0x08,
  0xa4, 0x10, 0x63, 0x08, 0x63, 0x08, 0x63, 0x08, 0x63, 0x08, 0x63, 0x08, 0x63, 0x08, 0x63, 0x08, 0x63, 0x08, 0x63, 0x08, 0x63, 0x08, 0x63, 0x08, 0x63, 0x08, 0x63, 0x08, 0x63, 0x08, 0x63, 0x08,
  0x63, 0x08, 0x63, 0x08, 0x63, 0x08, 0x63, 0x08, 0x63, 0x08, 0x63, 0x08, 0x63, 0x08, 0x63, 0x08, 0x63, 0x08, 0x63, 0x08, 0x63, 0x08, 0x63, 0x08, 0x63, 0x08, 0x63, 0x08, 0x63, 0x08, 0x63, 0x08,
  0xa4, 0x10, 0x63, 0x08, 0x63, 0x08, 0x63, 0x08, 0x63, 0x08, 0x63, 0x08, 0x63, 0x08, 0x63, 0x08, 0x63, 0x08, 0x63, 0x08, 0x63, 0x08, 0x63, 0x08, 0x63, 0x08, 0x63, 0x08, 0x63, 0x08, 0x63, 0x08,
  0x63, 0x08, 0x63, 0x08, 0x63, 0x08, 0x63, 0x08, 0x63, 0x08, 0x63, 0x08, 0x63, 0x08, 0x63, 0x08, 0x63, 0x08, 0x63, 0x08, 0x63, 0x08, 0x63, 0x08, 0x63, 0x08, 0x63, 0x08, 0x63, 0x08, 0x63, 0x08,
  0xa4, 0x10, 0x63, 0x08, 0x63, 0x08, 0x63, 0x08, 0x63, 0x08, 0x63, 0x08, 0x63, 0x08, 0x63, 0x08, 0x63, 0x08, 0x63, 0x08, 0x63, 0x08, 0x63, 0x08, 0x63, 0x08, 0x63, 0x08, 0x63, 0x08, 0x63, 0x08,
  0x63, 0x08, 0x63, 0x08, 0x63, 0x08, 0x63, 0x08, 0x63, 0x08, 0x63, 0x08, 0x63, 0x08, 0x63, 0x08, 0x63, 0x08, 0x63, 0x08, 0x63, 0x08, 0x63, 0x08, 0x63, 0x08, 0x63, 0x08, 0x63, 0x08, 0x63, 0x08,
  0xa4, 0x10, 0x63, 0x08, 0x63, 0x08, 0x63, 0x08, 0x63, 0x08, 0x63, 0x08, 0x63, 0x08, 0x63, 0x08, 0x63, 0x08, 0x63, 0x08, 0x63, 0x08, 0x63, 0x08, 0x63, 0x08, 0x63, 0x08, 0x63, 0x08, 0x63, 0x08,
  0x63, 0x08, 0x63, 0x08, 0x63, 0x08, 0x63, 0x08, 0x63, 0x08, 0x63, 0x08, 0x63, 0x08, 0x63, 0x08, 0x63, 0x08, 0x63, 0x08, 0x63, 0x08, 0x63, 0x08, 0x63, 0x08, 0x63, 0x08, 0x63, 0x08, 0x63, 0x08,
  0xa4, 0x10, 0x63, 0x08, 0x63, 0x08, 0x63, 0x08, 0x63, 0x08, 0x63, 0x08, 0x63, 0x08, 0x63, 0x08, 0x63, 0x08, 0x63, 0x08, 0x63, 0x08, 0x63, 0x08, 0x63, 0x08, 0x63, 0x08, 0x63, 0x08, 0x63, 0x08,
  0x63, 0x08, 0x63, 0x08, 0x63, 0x08, 0x63, 0x08, 0x63, 0x08, 0x63, 0x08, 0x63, 0x08, 0x63, 0x08, 0x63, 0x08, 0x63, 0x08, 0x63, 0x08, 0x63, 0x08, 0x63, 0x08, 0x63, 0x08, 0x63, 0x08, 0x63, 0x08,
  0xa4, 0x10, 0x63, 0x08, 0x63, 0x08, 0x63, 0x08, 0x63, 0x08, 0x63, 0x08, 0x63, 0x08, 0x63, 0x08, 0x63, 0x08, 0x63, 0x08, 0x63, 0x08, 0x63, 0x08, 0x63, 0x08, 0x63, 0x08, 0x63, 0x08, 0x63, 0x08,
  0x63, 0x08, 0x63, 0x08, 0x63, 0x08, 0x63, 0x08, 0x63, 0x08, 0x63, 0x08, 0x63, 0x08, 0x63, 0x08, 0x63, 0x08, 0x63, 0x08, 0x63, 0x08, 0x63, 0x08, 0x63, 0x08, 0x63, 0x08, 0x63, 0x08, 0x63, 0x08,
  0xa4, 0x10, 0x63, 0x08, 0x63, 0x08, 0x63, 0x08, 0x63, 0x08, 0x63, 0x08, 0x63, 0x08, 0x63, 0x08, 0x63, 0x08, 0x63, 0x08, 0x63, 0x08, 0x63, 0x08, 0x63, 0x08, 0x63, 0x08, 0x63, 0x08, 0x63, 0x08,
  0x63, 0x08, 0x63, 0x08, 0x63, 0x08, 0x63, 0x08, 0x63, 0x08, 0x63, 0x08, 0x63, 0x08, 0x63, 0x08, 0x63, 0x08, 0x63, 0x08, 0x63, 0x08, 0x63, 0x08, 0x63, 0x08, 0x63, 0x08, 0x63, 0x08, 0x63, 0x08,
  0xa4, 0x10, 0x63, 0x08, 0x63, 0x08, 0x63, 0x08, 0x63, 0x08, 0x63, 0x08, 0x63, 0x08, 0x63, 0x08, 0x63, 0x08, 0x63, 0x08, 0x63, 0x08, 0x63, 0x08, 0x63, 0x08, 0x63, 0x08, 0x63, 0x08, 0x63, 0x08,
  0x63, 0x08, 0x63, 0x08, 0x63, 0x08, 0x63, 0x08, 0x63, 0x08, 0x63, 0x08, 0x63, 0x08, 0x63, 0x08, 0x63, 0x08, 0x63, 0x08, 0x63, 0x08, 0x63, 0x08, 0x63, 0x08, 0x63, 0x08, 0x63, 0x08, 0x63, 0x08,
  0xa4, 0x10, 0x63, 0x08, 0x63, 0x08, 0x63, 0x08, 0x63, 0x08, 0x63, 0x08, 0x63, 0x08, 0x63, 0x08, 0x63, 0x08, 0x63, 0x08, 0x63, 0x08, 0x63, 0x08, 0x63, 0x08, 0x63, 0x08, 0x63, 0x08, 0x63, 0x08,
  0x63, 0x08, 0x63, 0x08, 0x63, 0x08, 0x63, 0x08, 0x63, 0x08, 0x63, 0x08, 0x63, 0x08, 0x63, 0x08, 0x63, 0x08, 0x63, 0x08, 0x63, 0x08, 0x63, 0x08, 0x63, 0x08, 0x63, 0x08, 0x63, 0x08, 0x63, 0x08,
  0xa4, 0x10, 0x63, 0x08, 0x63, 0x08, 0x63, 0x08, 0x63, 0x08, 0x63, 0x08, 0x63, 0x08, 0x63, 0x08, 0x63, 0x08, 0x63, 0x08, 0x63, 0x08, 0x63, 0x08, 0x63, 0x08, 0x63, 0x08, 0x63, 0x08, 0x63, 0x08,
  0x63, 0x08, 0x63, 0x08, 0x63, 0x08, 0x63, 0x08, 0x63, 0x08, 0x63, 0x08, 0x63, 0x08, 0x63, 0x08, 0x63, 0x08, 0x63, 0x08, 0x63, 0x08, 0x63, 0x08, 0x63, 0x08, 0x63, 0x08, 0x63, 0x08, 0x63, 0x08,
  0xa4, 0x10, 0x63, 0x08, 0x63, 0x08, 0x63, 0x08, 0x63, 0x08, 0x63, 0x08, 0x63, 0x08, 0x63, 0x08, 0x63, 0x08, 0x63, 0x08, 0x63, 0x08, 0x63, 0x08, 0x63, 0x08, 0x63, 0x08, 0x63, 0x08, 0x63, 0x08,
  0x63, 0x08, 0x63, 0x08, 0x63, 0x08, 0x63, 0x08, 0x63, 0x08, 0x63, 0x08, 0x63, 0x08, 0x63, 0x08, 0x63, 0x08, 0x63, 0x08, 0x63, 0x08, 0x63, 0x08, 0x63, 0x08, 0x63, 0x08, 0x63, 0x08, 0x63, 0x08,
  0xa4, 0x10, 0x63, 0x08, 0x63, 0x08, 0x63, 0x08, 0x63, 0x08, 0x63, 0x08, 0x63, 0x08, 0x63, 0x08, 0x63, 0x08, 0x63, 0x08, 0x63, 0x08, 0x63, 0x08, 0x63, 0x08, 0x63, 0x08, 0x63, 0x08, 0x63, 0x08,
  0x63, 0x08, 0x63, 0x08, 0x63, 0x08, 0x63, 0x08, 0x63, 0x08, 0x63, 0x08, 0x63, 0x08, 0x63, 0x08, 0x63, 0x08, 0x63, 0x08, 0x63, 0x08, 0x63, 0x08, 0x63, 0x08, 0x63, 0x08, 0x63, 0x08, 0x63, 0x08,
  0xa4, 0x10, 0x63, 0x08, 0x63, 0x08, 0x63, 0x08, 0x63, 0x08, 0x63, 0x08, 0x63, 0x08, 0x63, 0x08, 0x63, 0x08, 0x63, 0x08, 0x63, 0x08, 0x63, 0x08, 0x63, 0x08, 0x63, 0x08, 0x63, 0x08, 0x63, 0x08,
  0x63, 0x08, 0x63, 0x08, 0x63, 0x08, 0x63, 0x08, 0x63, 0x08, 0x63, 0x08, 0x63, 0x08, 0x63, 0x08, 0x63, 0x08, 0x63, 0x08, 0x63, 0x08, 0x63, 0x08, 0x63, 0x08, 0x63, 0x08, 0x63, 0x08, 0x63, 0x08,
  0xa4, 0x10, 0x63, 0x08, 0x63, 0x08, 0x63, 0x08, 0x63, 0x08, 0x63, 0x08, 0x63, 0x08, 0x63, 0x08, 0x63, 0x08, 0x63, 0x08, 0x63, 0x08, 0x63, 0x08, 0x63, 0x08, 0x63, 0x08, 0x63, 0x08, 0x63, 0x08,
  0x63, 0x08, 0x63, 0x08, 0x63, 0x08, 0x63, 0x08, 0x63, 0x08, 0x63, 0x08, 0x63, 0x08, 0x63, 0x08, 0x63, 0x08, 0x63, 0x08, 0x63, 0x08, 0x63, 0x08, 0x63, 0x08, 0x63, 0x08, 0x63, 0x08, 0x63, 0x08,
  0xa4, 0x10, 0x63, 0x08, 0x63, 0x08, 0x63, 0x08, 0x63, 0x08, 0x63, 0x08, 0x63, 0x08, 0x63, 0x08, 0x63, 0x08, 0x63, 0x08, 0x63, 0x08, 0x63, 0x08, 0x63, 0x08, 0x63, 0x08, 0x63, 0x08, 0x63, 0x08,
  0x63, 0x08, 0x63, 0x08, 0x63, 0x08, 0x63, 0x08, 0x63, 0x08, 0x63, 0x08, 0x63, 0x08, 0x63, 0x08, 0x63, 0x08, 0x63, 0x08, 0x63, 0x08, 0x63, 0x08, 0x63, 0x08, 0x63, 0x08, 0x63, 0x08, 0x63, 0x08,
  0xa4, 0x10, 0x63, 0x08, 0x63, 0x08, 0x63, 0x08, 0x63, 0x08, 0x63, 0x08, 0x63, 0x08, 0x63, 0x08, 0x63, 0x08, 0x63, 0x08, 0x63, 0x08, 0x63, 0x08, 0x63, 0x08, 0x63, 0x08, 0x63, 0x08, 0x63, 0x08,
  0x63, 0x08, 0x63, 0x08, 0x63, 0x08, 0x63, 0x08, 0x63, 0x08, 0x63, 0x08, 0x63, 0x08, 0x63, 0x08, 0x63, 0x08, 0x63, 0x08, 0x63, 0x08, 0x63, 0x08, 0x63, 0x08, 0x63, 0x08, 0x63, 0x08, 0x63, 0x08,
  0xa4, 0x10, 0x63, 0x08, 0x63, 0x08, 0x63, 0x08, 0x63, 0x08, 0x63, 0x08, 0x63, 0x08, 0x63, 0x08, 0x63, 0x08, 0x63, 0x08, 0x63, 0x08, 0x63, 0x08, 0x63, 0x08, 0x63, 0x08, 0x63, 0x08, 0x63, 0x08,
  0x63, 0x08, 0x63, 0x08, 0x63, 0x08, 0x63, 0x08, 0x63, 0x08, 0x63, 0x08, 0x63, 0x08, 0x63, 0x08, 0x63, 0x08, 0x63, 0x08, 0x63, 0x08, 0x63, 0x08, 0x63, 0x08, 0x63, 0x08, 0x63, 0x08, 0x63, 0x08,
  0xa4, 0x10, 0x63, 0x08, 0x63, 0x08, 0x63, 0x08, 0x63, 0x08, 0x63, 0x08, 0x63, 0x08, 0x63, 0x08, 0x63, 0x08, 0x63, 0x08, 0x63, 0x08, 0x63, 0x08, 0x63, 0x08, 0x63, 0x08, 0x63, 0x08, 0x63, 0x08,
  0x63, 0x08, 0x63, 0x08, 0x63, 0x08, 0x63, 0x08, 0x63, 0x08, 0x63, 0x08, 0x63, 0x08, 0x63, 0x08, 0x63, 0x08, 0x63, 0x08, 0x63, 0x08, 0x63, 0x08, 0x63, 0x08, 0x63, 0x08, 0x63, 0x08, 0x63, 0x08,
  0xa4, 0x10, 0x63, 0x08, 0x63, 0x08, 0x63, 0x08, 0x63, 0x08, 0x63, 0x08, 0x63, 0x08, 0x63, 0x08, 0x63, 0x08, 0x63, 0x08, 0x63, 0x08, 0x63, 0x08, 0x63, 0x08, 0x63, 0x08, 0x63, 0x08, 0x63, 0x08,
  0x63, 0x08, 0x63, 0x08, 0x63, 0x08, 0x63, 0x08, 0x63, 0x08, 0x63, 0x08, 0x63, 0x08, 0x63, 0x08, 0x63, 0x08, 0x63, 0x08, 0x63, 0x08, 0x63, 0x08, 0x63, 0x08, 0x63, 0x08, 0x63, 0x08, 0x63, 0x08,
  0xa4, 0x10, 0x63, 0x08, 0x63, 0x08, 0x63, 0x08, 0x63, 0x08, 0x63, 0x08, 0x63, 0x08, 0x63, 0x08, 0x63, 0x08, 0x63, 0x08, 0x63, 0x08, 0x63, 0x08, 0x63, 0x08, 0x63, 0x08, 0x63, 0x08, 0x63, 0x08,
  0x63, 0x08, 0x63, 0x08, 0x63, 0x08, 0x63, 0x08, 0x63, 0x08, 0x63, 0x08, 0x63, 0x08, 0x63, 0x08, 0x63, 0x08, 0x63, 0x08, 0x63, 0x08, 0x63, 0x08, 0x63, 0x08, 0x63, 0x08, 0x63, 0x08, 0x63, 0x08,
  0xa4, 0x10, 0x63, 0x08, 0x63, 0x08, 0x63, 0x08, 0x63, 0x08, 0x63, 0x08, 0x63, 0x08, 0x63, 0x08, 0x63, 0x08, 0x63, 0x08, 0x63, 0x08, 0x63, 0x08, 0x63, 0x08, 0x63, 0x08, 0x63, 0x08, 0x63, 0x08,
  0x63, 0x08, 0x63, 0x08, 0x63, 0x08, 0x63, 0x08, 0x63, 0x08, 0x63, 0x08, 0x63, 0x08, 0x63, 0x08, 0x63, 0x08, 0x63, 0x08, 0x63, 0x08, 0x63, 0x08, 0x63, 0x08, 0x63, 0x08, 0x63, 0x08, 0x63, 0x08,
  0xa4, 0x10, 0x63, 0x08, 0x63, 0x08, 0x63, 0x08, 0x63, 0x08, 0x63, 0x08, 0x63, 0x08, 0x63, 0x08, 0x63, 0x08, 0x63, 0x08, 0x63, 0x08, 0x63, 0x08, 0x63, 0x08, 0x63, 0x08, 0x63, 0x08, 0x63, 0x08,
  0x63, 0x08, 0x63, 0x08, 0x63, 0x08, 0x63, 0x08, 0x63, 0x08, 0x63, 0x08, 0x63, 0x08, 0x63, 0x08, 0x63, 0x08, 0x63, 0x08, 0x63, 0x08, 0x63, 0x08, 0x63, 0x08, 0x63, 0x08, 0x63, 0x08, 0x63, 0x08,
  0xa4, 0x10, 0x63, 0x08, 0x63, 0x08, 0x63, 0x08, 0x63, 0x08, 0x63, 0x08, 0x63, 0x08, 0x63, 0x08, 0x63, 0x08, 0x63, 0x08, 0x63, 0x08, 0x63, 0x08, 0x63, 0x08, 0x63, 0x08, 0x63, 0x08, 0x63, 0x08,
  0x63, 0x08, 0x63, 0x08, 0x63, 0x08, 0x63, 0x08, 0x63, 0x08, 0x63, 0x08, 0x63, 0x08, 0x63, 0x08, 0x63, 0x08, 0x63, 0x08, 0x63, 0x08, 0x63, 0x08, 0x63, 0x08, 0x63, 0x08, 0x63, 0x08, 0x63, 0x08,
  0xa4, 0x10, 0x63, 0x08, 0x63, 0x08, 0x63, 0x08, 0x63, 0x08, 0x63, 0x08, 0x63, 0x08, 0x63, 0x08, 0x63, 0x08, 0x63, 0x08, 0x63, 0x08, 0x63, 0x08, 0x63, 0x08, 0x63, 0x08, 0x63, 0x08, 0x63, 0x08,
  0x63, 0x08, 0x63, 0x08, 0x63, 0x08, 0x63, 0x08, 0x63, 0x08, 0x63, 0x08, 0x63, 0x08, 0x63, 0x08, 0x63, 0x08, 0x63, 0x08, 0x63, 0x08, 0x63, 0x08, 0x63, 0x08, 0x63, 0x08, 0x63, 0x08, 0x63, 0x08,
  0xa4, 0x10, 0x63, 0x08, 0x63, 0x08, 0x63, 0x08, 0x63, 0x08, 0x63, 0x08, 0x63, 0x08, 0x63, 0x08, 0x63, 0x08, 0x63, 0x08, 0x63, 0x08, 0x63, 0x08, 0x63, 0x08, 0x63, 0x08, 0x63, 0x08, 0x63, 0x08,
  0x63, 0x08, 0x63, 0x08, 0x63, 0x08, 0x63, 0x08, 0x63, 0x08, 0x63, 0x08, 0x63, 0x08, 0x63, 0x08, 0x63, 0x08, 0x63, 0x08, 0x63, 0x08, 0x63, 0x08, 0x63, 0x08, 0x63, 0x08, 0x63, 0x08, 0x63, 0x08,
  0xa4, 0x10, 0x63, 0x08, 0x63, 0x08, 0x63, 0x08, 0x63, 0x08, 0x63, 0x08, 0x63, 0x08, 0x63, 0x08, 0x63, 0x08, 0x63, 0x08, 0x63, 0x08, 0x63, 0x08, 0x63, 0x08, 0x63, 0x08, 0x63, 0x08, 0x63, 0x08,
  0x63, 0x08, 0x63, 0x08, 0x63, 0x08, 0x63, 0x08, 0x63, 0x08, 0x63, 0x08, 0x63, 0x08, 0x63, 0x08, 0x63, 0x08, 0x63, 0x08, 0x63, 0x08, 0x63, 0x08, 0x63, 0x08, 0x63, 0x08, 0x63, 0x08, 0x63, 0x08,
  0xa4, 0x10, 0x63, 0x08, 0x63, 0x08, 0x63, 0x08, 0x63, 0x08, 0x63, 0x08, 0x63, 0x08, 0x63, 0x08, 0x63, 0x08, 0x63, 0x08, 0x63, 0x08, 0x63, 0x08, 0x63, 0x08, 0x63, 0x08, 0x63, 0x08, 0x63, 0x08,
  0x63, 0x08, 0x63, 0x08, 0x63, 0x08, 0x63, 0x08, 0x63, 0x08, 0x63, 0x08, 0x63, 0x08, 0x63, 0x08, 0x63, 0x08, 0x63, 0x08, 0x63, 0x08, 0x63, 0x08, 0x63, 0x08, 0x63, 0x08, 0x63, 0x08, 0x63, 0x08,
  0xa4, 0x10, 0x63, 0x08, 0x63, 0x08, 0x63, 0x08, 0x63, 0x08, 0x63, 0x08, 0x63, 0x08, 0x63, 0x08, 0x63, 0x08, 0x63, 0x08, 0x63, 0x08, 0x63, 0x08, 0x63, 0x08, 0x63, 0x08, 0x63, 0x08, 0x63, 0x08,
  0x63, 0x08, 0x63, 0x08, 0x63, 0x08, 0x63, 0x08, 0x63, 0x08, 0x63, 0x08, 0x63, 0x08, 0x63, 0x08, 0x63, 0x08, 0x63, 0x08, 0x63, 0x08, 0x63, 0x08, 0x63, 0x08, 0x63, 0x08, 0x63, 0x08, 0x63, 0x08,
  0xa4, 0x10, 0x63, 0x08, 0x63, 0x08, 0x63, 0x08, 0x63, 0x08, 0x63, 0x08, 0x63, 0x08, 0x63, 0x08, 0x63, 0x08, 0x63, 0x08, 0x63, 0x08, 0x63, 0x08, 0x63, 0x08, 0x63, 0x08, 0x63, 0x08, 0x63, 0x08,
  0x63, 0x08, 0x63, 0x08, 0x63, 0x08, 0x63, 0x08, 0x63, 0x08, 0x63, 0x08, 0x63, 0x08, 0x63, 0x08, 0x63, 0x08, 0x63, 0x08, 0x63, 0x08, 0x63, 0x08, 0x63, 0x08, 0x63, 0x08, 0x63, 0x08, 0x63, 0x08,
  0xa4, 0x10, 0x63, 0x08, 0x63, 0x08, 0x63, 0x08, 0x63, 0x08, 0x63, 0x08, 0x63, 0x08, 0x63, 0x08, 0x63, 0x08, 0x63, 0x08, 0x63, 0x08, 0x63, 0x08, 0x63, 0x08, 0x63, 0x08, 0x63, 0x08, 0x63, 0x08,
  0x63, 0x08, 0x63, 0x08, 0x63, 0x08, 0x63, 0x08, 0x63, 0x08, 0x63, 0x08, 0x63, 0x08, 0x63, 0x08, 0x63, 0x08, 0x63, 0x08, 0x63, 0x08, 0x63, 0x08, 0x63, 0x08, 0x63, 0x08, 0x63, 0x08, 0x63, 0x08,
  0xa4, 0x10, 0x63, 0x08, 0x63, 0x08, 0x63, 0x08, 0x63, 0x08, 0x63, 0x08, 0x63, 0x08, 0x63, 0x08, 0x63, 0x08, 0x63, 0x08, 0x63, 0x08, 0x63, 0x08, 0x63, 0x08, 0x63, 0x08, 0x63, 0x08, 0x63, 0x08,
  0x63, 0x08, 0x63, 0x08, 0x63, 0x08, 0x63, 0x08, 0x63, 0x08, 0x63, 0x08, 0x63, 0x08, 0x63, 0x08, 0x63, 0x08, 0x63, 0x08, 0x63, 0x08, 0x63, 0x08, 0x63, 0x08, 0x63, 0x08, 0x63, 0x08, 0x63, 0x08,
  0xa4, 0x10, 0x63, 0x08, 0x63, 0x08, 0x63, 0x08, 0x63, 0x08, 0x63, 0x08, 0x63, 0x08, 0x63, 0x08, 0x63, 0x08, 0x63, 0x08, 0x63, 0x08, 0x63, 0x08, 0x63, 0x08, 0x63, 0x08, 0x63, 0x08, 0x63, 0x08,
  0x63, 0x08, 0x63, 0x08, 0x63, 0x08, 0x63, 0x08, 0x63, 0x08, 0x63, 0x08, 0x63, 0x08, 0x63, 0x08, 0x63, 0x08, 0x63, 0x08, 0x63, 0x08, 0x63, 0x08, 0x63, 0x08, 0x63, 0x08, 0x63, 0x08, 0x63, 0x08,
  0xa4, 0x10, 0x63, 0x08, 0x63, 0x08, 0x63, 0x08, 0x63, 0x08, 0x63, 0x08, 0x63, 0x08, 0x63, 0x08, 0x63, 0x08, 0x63, 0x08, 0x63, 0x08, 0x63, 0x08, 0x63, 0x08, 0x63, 0x08, 0x63, 0x08, 0x63, 0x08,
  0x63, 0x08, 0x63, 0x08, 0x63, 0x08, 0x63, 0x08, 0x63, 0x08, 0x63, 0x08, 0x63, 0x08, 0x63, 0x08, 0x63, 0x08, 0x63, 0x08, 0x63, 0x08, 0x63, 0x08, 0x63, 0x08, 0x63, 0x08, 0x63, 0x08, 0x63, 0x08,
  0xa4, 0x10, 0x63, 0x08, 0x63, 0x08, 0x63, 0x08, 0x63, 0x08, 0x63, 0x08, 0x63, 0x08, 0x63, 0x08, 0x63, 0x08, 0x63, 0x08, 0x63, 0x08, 0x63, 0x08, 0x63, 0x08, 0x63, 0x08, 0x63, 0x08, 0x63, 0x08,
  0x63, 0x08, 0x63, 0x08, 0x63, 0x08, 0x63, 0x08, 0x63, 0x08, 0x63, 0x08, 0x63, 0x08, 0x63, 0x08, 0x63, 0x08, 0x63, 0x08, 0x63, 0x08, 0x63, 0x08, 0x63, 0x08, 0x63, 0x08, 0x63, 0x08, 0x63, 0x08,
  0xa4, 0x10, 0x63, 0x08, 0x63, 0x08, 0x63, 0x08, 0x63, 0x08, 0x63, 0x08, 0x63, 0x08, 0x63, 0x08, 0x63, 0x08, 0x63, 0x08, 0x63, 0x08, 0x63, 0x08, 0x63, 0x08, 0x63, 0x08, 0x63, 0x08, 0x63, 0x08,
  0x63, 0x08, 0x63, 0x08, 0x63, 0x08, 0x63, 0x08, 0x63, 0x08, 0x63, 0x08, 0x63, 0x08, 0x63, 0x08, 0x63, 0x08, 0x63, 0x08, 0x63, 0x08, 0x63, 0x08, 0x63, 0x08, 0x63, 0x08, 0x63, 0x08, 0x63, 0x08,
  0xa4, 0x10, 0x63, 0x08, 0x63, 0x08, 0x63, 0x08, 0x63, 0x08, 0x63, 0x08, 0x63, 0x08, 0x63, 0x08, 0x63, 0x08, 0x63, 0x08, 0x63, 0x08, 0x63, 0x08, 0x63, 0x08, 0x63, 0x08, 0x63, 0x08, 0x63, 0x08,
  0x63, 0x08, 0x63, 0x08, 0x63, 0x08, 0x63, 0x08, 0x63, 0x08, 0x63, 0x08, 0x63, 0x08, 0x63, 0x08, 0x63, 0x08, 0x63, 0x08, 0x63, 0x08, 0x63, 0x08, 0x63, 0x08, 0x63, 0x08, 0x63, 0x08, 0x63, 0x08,
  0xa4, 0x10, 0x63, 0x08, 0x63, 0x08, 0x63, 0x08, 0x63, 0x08, 0x63, 0x08, 0x63, 0x08, 0x63, 0x08, 0x63, 0x08, 0x63, 0x08, 0x63, 0x08, 0x63, 0x08, 0x63, 0x08, 0x63, 0x08, 0x63, 0x08, 0x63, 0x08,
  0x63, 0x08, 0x63, 0x08, 0x63, 0x08, 0x63, 0x08, 0x63, 0x08, 0x63, 0x08, 0x63, 0x08, 0x63, 0x08, 0x63, 0x08, 0x63, 0x08, 0x63, 0x08, 0x63, 0x08, 0x63, 0x08, 0x63, 0x08, 0x63, 0x08, 0x63, 0x08,
  0xa4, 0x10, 0x63, 0x08, 0x63, 0x08, 0x63, 0x08, 0x63, 0x08, 0x63, 0x08, 0x63, 0x08, 0x63, 0x08, 0x63, 0x08, 0x63, 0x08, 0x63, 0x08, 0x63, 0x08, 0x63, 0x08, 0x63, 0x08, 0x63, 0x08, 0x63, 0x08,
  0x63, 0x08, 0x63, 0x08, 0x63, 0x08, 0x63, 0x08, 0x63, 0x08, 0x63, 0x08, 0x63, 0x08, 0x63, 0x08, 0x63, 0x08, 0x63, 0x08, 0x63, 0x08, 0x63, 0x08, 0x63, 0x08, 0x63, 0x08, 0x63, 0x08, 0x63, 0x08,
  0xa4, 0x10, 0x63, 0x08, 0x63, 0x08, 0x63, 0x08, 0x63, 0x08, 0x63, 0x08, 0x63, 0x08, 0x63, 0x08, 0x63, 0x08, 0x63, 0x08, 0x63, 0x08, 0x63, 0x08, 0x63, 0x08, 0x63, 0x08, 0x63, 0x08, 0x63, 0x08,
  0x63, 0x08, 0x63, 0x08, 0x63, 0x08, 0x63, 0x08, 0x63, 0x08, 0x63, 0x08, 0x63, 0x08, 0x63, 0x08, 0x63, 0x08, 0x63, 0x08, 0x63, 0x08, 0x63, 0x08, 0x63, 0x08, 0x63, 0x08, 0x63, 0x08, 0x63, 0x08,
  0xa4, 0x10, 0x63, 0x08, 0x63, 0x08, 0x63, 0x08, 0x63, 0x08, 0x63, 0x08, 0x63, 0x08, 0x63, 0x08, 0x63, 0x08, 0x63, 0x08, 0x63, 0x08, 0x63, 0x08, 0x63, 0x08, 0x63, 0x08, 0x63, 0x08, 0x63, 0x08,
  0x63, 0x08, 0x63, 0x08, 0x63, 0x08, 0x63, 0x08, 0x63, 0x08, 0x63, 0x08, 0x63, 0x08, 0x63, 0x08, 0x63, 0x08, 0x63, 0x08, 0x63, 0x08, 0x63, 0x08, 0x63, 0x08, 0x63, 0x08, 0x63, 0x08, 0x63, 0x08,
  0xa4, 0x10, 0x63, 0x08, 0x63, 0x08, 0x63, 0x08, 0x63, 0x08, 0x63, 0x08, 0x63, 0x08, 0x63, 0x08, 0x63, 0x08, 0x63, 0x08, 0x63, 0x08, 0x63, 0x08, 0x63, 0x08, 0x63, 0x08, 0x63, 0x08, 0x63, 0x08,
  0x63, 0x08, 0x63, 0x08, 0x63, 0x08, 0x63, 0x08, 0x63, 0x08, 0x63, 0x08, 0x63, 0x08, 0x63, 0x08, 0x63, 0x08, 0x63, 0x08, 0x63, 0x08, 0x63, 0x08, 0x63, 0x08, 0x63, 0x08, 0x63, 0x08, 0x63, 0x08,
  0xa4, 0x10, 0x63, 0x08, 0x63, 0x08, 0x63, 0x08, 0x63, 0x08, 0x63, 0x08, 0x63, 0x08, 0x63, 0x08, 0x63, 0x08, 0x63, 0x08, 0x63, 0x08, 0x63, 0x08, 0x63, 0x08, 0x63, 0x08, 0x63, 0x08, 0x63, 0x08,
  0x63, 0x08, 0x63, 0x08, 0x63, 0x08, 0x63, 0x08, 0x63, 0x08, 0x63, 0x08, 0x63, 0x08, 0x63, 0x08, 0x63, 0x08, 0x63, 0x08, 0x63, 0x08, 0x63, 0x08, 0x63, 0x08, 0x63, 0x08, 0x63, 0x08, 0x63, 0x08,
  0xa4, 0x10, 0x63, 0x08, 0x63, 0x08, 0x63, 0x08, 0x63, 0x08, 0x63, 0x08, 0x63, 0x08, 0x63, 0x08, 0x63, 0x08, 0x63, 0x08, 0x63, 0x08, 0x63, 0x08, 0x63, 0x08, 0x63, 0x08, 0x63, 0x08, 0x63, 0x08,
  0x63, 0x08, 0x63, 0x08, 0x63, 0x08, 0x63, 0x08, 0x63, 0x08, 0x63, 0x08, 0x63, 0x08, 0x63, 0x08, 0x63, 0x08, 0x63, 0x08, 0x63, 0x08, 0x63, 0x08, 0x63, 0x08, 0x63, 0x08, 0x63, 0x08, 0x63, 0x08,
  0xa4, 0x10, 0x63, 0x08, 0x63, 0x08, 0x63, 0x08, 0x63, 0x08, 0x63, 0x08, 0x63, 0x08, 0x63, 0x08, 0x63, 0x08, 0x63, 0x08, 0x63, 0x08, 0x63, 0x08, 0x63, 0x08, 0x63, 0x08, 0x63, 0x08, 0x63, 0x08,
  0x63, 0x08, 0x63, 0x08, 0x63, 0x08, 0x63, 0x08, 0x63, 0x08, 0x63, 0x08, 0x63, 0x08, 0x63, 0x08, 0x63, 0x08, 0x63, 0x08, 0x63, 0x08, 0x63, 0x08, 0x63, 0x08, 0x63, 0x08, 0x63, 0x08, 0x63, 0x08,
  0xa4, 0x10, 0x63, 0x08, 0x63, 0x08, 0x63, 0x08, 0x63, 0x08, 0x63, 0x08, 0x63, 0x08, 0x63, 0x08, 0x63, 0x08, 0x63, 0x08, 0x63, 0x08, 0x63, 0x08, 0x63, 0x08, 0x63, 0x08, 0x63, 0x08, 0x63, 0x08,
  0x63, 0x08, 0x63, 0x08, 0x63, 0x08, 0x63, 0x08, 0x63, 0x08, 0x63, 0x08, 0x63, 0x08, 0x63, 0x08, 0x63, 0x08, 0x63, 0x08, 0x63, 0x08, 0x63, 0x08, 0x63, 0x08, 0x63, 0x08, 0x63, 0x08, 0x63, 0x08,
  0xa4, 0x10, 0x63, 0x08, 0x63, 0x08, 0x63, 0x08, 0x63, 0x08, 0x63, 0x08, 0x63, 0x08, 0x63, 0x08, 0x63, 0x08, 0x63, 0x08, 0x63, 0x08, 0x63, 0x08, 0x63, 0x08, 0x63, 0x08, 0x63, 0x08, 0x63, 0x08,
  0x63, 0x08, 0x63, 0x08, 0x63, 0x08, 0x63, 0x08, 0x63, 0x08, 0x63, 0x08, 0x63, 0x08, 0x63, 0x08, 0x63, 0x08, 0x63, 0x08, 0x63, 0x08, 0x63, 0x08, 0x63, 0x08, 0x63, 0x08, 0x63, 0x08, 0x63, 0x08,
  0xa4, 0x10, 0x63, 0x08, 0x63, 0x08, 0x63, 0x08, 0x63, 0x08, 0x63, 0x08, 0x63, 0x08, 0x63, 0x08, 0x63, 0x08, 0x63, 0x08, 0x63, 0x08, 0x63, 0x08, 0x63, 0x08, 0x63, 0x08, 0x63, 0x08, 0x63, 0x08,
  0x63, 0x08, 0x63, 0x08, 0x63, 0x08, 0x63, 0x08, 0x63, 0x08, 0x63, 0x08, 0x63, 0x08, 0x63, 0x08, 0x63, 0x08, 0x63, 0x08, 0x63, 0x08, 0x63, 0x08, 0x63, 0x08, 0x63, 0x08, 0x63, 0x08, 0x63, 0x08,
  0xa4, 0x10, 0x63, 0x08, 0x63, 0x08, 0x63, 0x08, 0x63, 0x08, 0x63, 0x08, 0x63, 0x08, 0x63, 0x08, 0x63, 0x08, 0x63, 0x08, 0x63, 0x08, 0x63, 0x08, 0x63, 0x08, 0x63, 0x08, 0x63, 0x08, 0x63, 0x08,
  0x63, 0x08, 0x63, 0x08, 0x63, 0x08, 0x63, 0x08, 0x63, 0x08, 0x63, 0x08, 0x63, 0x08, 0x63, 0x08, 0x63, 0x08, 0x63, 0x08, 0x63, 0x08, 0x63, 0x08, 0x63, 0x08, 0x63, 0x08, 0x63, 0x08, 0x63, 0x08,
  0xa4, 0x10, 0x63, 0x08, 0x63, 0x08, 0x63, 0x08, 0x63, 0x08, 0x63, 0x08, 0x63, 0x08, 0x63, 0x08, 0x63, 0x08, 0x63, 0x08, 0x63, 0x08, 0x63, 0x08, 0x63, 0x08, 0x63, 0x08, 0x63, 0x08, 0x63, 0x08,
  0x63, 0x08, 0x63, 0x08, 0x63, 0x08, 0x63, 0x08, 0x63, 0x08, 0x63, 0x08, 0x63, 0x08, 0x63, 0x08, 0x63, 0x08, 0x63, 0x08, 0x63, 0x08, 0x63, 0x08, 0x63, 0x08, 0x63, 0x08, 0x63, 0x08, 0x63, 0x08,
  0xa4, 0x10, 0x63, 0x08, 0x63, 0x08, 0x63, 0x08, 0x63, 0x08, 0x63, 0x08, 0x63, 0x08, 0x63, 0x08, 0x63, 0x08, 0x63, 0x08, 0x63, 0x08, 0x63, 0x08, 0x63, 0x08, 0x63, 0x08, 0x63, 0x08, 0x63, 0x08,
  0x63, 0x08, 0x63, 0x08, 0x63, 0x08, 0x63, 0x08, 0x63, 0x08, 0x63, 0x08, 0x63, 0x08, 0x63, 0x08, 0x63, 0x08, 0x63, 0x08, 0x63, 0x08, 0x63, 0x08, 0x63, 0x08, 0x63, 0x08, 0x63, 0x08, 0x63, 0x08,
  0xa4, 0x10, 0x63, 0x08, 0x63, 0x08, 0x63, 0x08, 0x63, 0x08, 0x63, 0x08, 0x63, 0x08, 0x63, 0x08, 0x63, 0x08, 0x63, 0x08, 0x63, 0x08, 0x63, 0x08, 0x63, 0x08, 0x63, 0x08, 0x63, 0x08, 0x63, 0x08,
  0x63, 0x08, 0x63, 0x08, 0x63, 0x08, 0x63, 0x08, 0x63, 0x08, 0x63, 0x08, 0x63, 0x08, 0x63, 0x08, 0x63, 0x08, 0x63, 0x08, 0x63, 0x08, 0x63, 0x08, 0x63, 0x08, 0x63, 0x08, 0x63, 0x08, 0x63, 0x08,
  0xa4, 0x10, 0x63, 0x08, 0x63, 0x08, 0x63, 0x08, 0x63, 0x08, 0x63, 0x08, 0x63, 0x08, 0x63, 0x08, 0x63, 0x08, 0x63, 0x08, 0x63, 0x08, 0x63, 0x08, 0x63, 0x08, 0x63, 0x08, 0x63, 0x08, 0x63, 0x08,
  0x63, 0x08, 0x63, 0x08, 0x63, 0x08, 0x63, 0x08, 0x63, 0x08, 0x63, 0x08, 0x63, 0x08, 0x63, 0x08, 0x63, 0x08, 0x63, 0x08, 0x63, 0x08, 0x63, 0x08, 0x63, 0x08, 0x63, 0x08, 0x63, 0x08, 0x63, 0x08,
  0xa4, 0x10, 0x63, 0x08, 0x63, 0x08, 0x63, 0x08, 0x63, 0x08, 0x63, 0x08, 0x63, 0x08, 0x63, 0x08, 0x63, 0x08, 0x63, 0x08, 0x63, 0x08, 0x63, 0x08, 0x63, 0x08, 0x63, 0x08, 0x63, 0x08, 0x63, 0x08,
  0x63, 0x08, 0x63, 0x08, 0x63, 0x08, 0x63, 0x08, 0x63, 0x08, 0x63, 0x08, 0x63, 0x08, 0x63, 0x08, 0x63, 0x08, 0x63, 0x08, 0x63, 0x08, 0x63, 0x08, 0x63, 0x08, 0x63, 0x08, 0x63, 0x08, 0x63, 0x08,
  0xa4, 0x10, 0x63, 0x08, 0x63, 0x08, 0x63, 0x08, 0x63, 0x08, 0x63, 0x08, 0x63, 0x08, 0x63, 0x08, 0x63, 0x08, 0x63, 0x08, 0x63, 0x08, 0x63, 0x08, 0x63, 0x08, 0x63, 0x08, 0x63, 0x08, 0x63, 0x08,
  0x63, 0x08, 0x63, 0x08, 0x63, 0x08, 0x63, 0x08, 0x63, 0x08, 0x63, 0x08, 0x63, 0x08, 0x63, 0x08, 0x63, 0x08, 0x63, 0x08, 0x63, 0x08, 0x63, 0x08, 0x63, 0x08, 0x63, 0x08, 0x63, 0x08, 0x63, 0x08,
  0xa4, 0x10, 0x63, 0x08, 0x63, 0x08, 0x63, 0x08, 0x63, 0x08, 0x63, 0x08, 0x63, 0x08, 0x63, 0x08, 0x63, 0x08, 0x63, 0x08, 0x63, 0x08, 0x63, 0x08, 0x63, 0x08, 0x63, 0x08, 0x63, 0x08, 0x63, 0x08,
  0x63, 0x08, 0x63, 0x08, 0x63, 0x08, 0x63, 0x08, 0x63, 0x08, 0x63, 0x08, 0x63, 0x08, 0x63, 0x08, 0x63, 0x08, 0x63, 0x08, 0x63, 0x08, 0x63, 0x08, 0x63, 0x08, 0x63, 0x08, 0x63, 0x08, 0x63, 0x08,
  0xa4, 0x10, 0x63, 0x08, 0x63, 0x08, 0x63, 0x08, 0x63, 0x08, 0x63, 0x08, 0x63, 0x08, 0x63, 0x08, 0x63, 0x08, 0x63, 0x08, 0x63, 0x08, 0x63, 0x08, 0x63, 0x08, 0x63, 0x08, 0x63, 0x08, 0x63, 0x08,
  0x63, 0x08, 0x63, 0x08, 0x63, 0x08, 0x63, 0x08, 0x63, 0x08, 0x63, 0x08, 0x63, 0x08, 0x63, 0x08, 0x63, 0x08, 0x63, 0x08, 0x63, 0x08, 0x63, 0x08, 0x63, 0x08, 0x63, 0x08, 0x63, 0x08, 0x63, 0x08,
  0xa4, 0x10, 0x63, 0x08, 0x63, 0x08, 0x63, 0x08, 0x63, 0x08, 0x63, 0x08, 0x63, 0x08, 0x63, 0x08, 0x63, 0x08, 0x63, 0x08, 0x63, 0x08, 0x63, 0x08, 0x63, 0x08, 0x63, 0x08, 0x63, 0x08, 0x63, 0x08,
  0x63, 0x08, 0x63, 0x08, 0x63, 0x08, 0x63, 0x08, 0x63, 0x08, 0x63, 0x08, 0x63, 0x08, 0x63, 0x08, 0x63, 0x08, 0x63, 0x08, 0x63, 0x08, 0x63, 0x08, 0x63, 0x08, 0x63, 0x08, 0x63, 0x08, 0x63, 0x08,
  0xa4, 0x10, 0x63, 0x08, 0x63, 0x08, 0x63, 0x08, 0x63, 0x08, 0x63, 0x08, 0x63, 0x08, 0x63, 0x08, 0x63, 0x08, 0x63, 0x08, 0x63, 0x08, 0x63, 0x08, 0x63, 0x08, 0x63, 0x08, 0x63, 0x08, 0x63, 0x08,
  0x63, 0x08, 0x63, 0x08, 0x63, 0x08, 0x63, 0x08, 0x63, 0x08, 0x63, 0x08, 0x63, 0x08, 0x63, 0x08, 0x63, 0x08, 0x63, 0x08, 0x63, 0x08, 0x63, 0x08, 0x63, 0x08, 0x63, 0x08, 0x63, 0x08, 0x63, 0x08,
  0xa4, 0x10, 0x63, 0x08, 0x63, 0x08, 0x63, 0x08, 0x63, 0x08, 0x63, 0x08, 0x63, 0x08, 0x63, 0x08, 0x63, 0x08, 0x63, 0x08, 0x63, 0x08, 0x63, 0x08, 0x63, 0x08, 0x63, 0x08, 0x63, 0x08, 0x63, 0x08,
  0x63, 0x08, 0x63, 0x08, 0x63, 0x08, 0x63, 0x08, 0x63, 0x08, 0x63, 0x08, 0x63, 0x08, 0x63, 0x08, 0x63, 0x08, 0x63, 0x08, 0x63, 0x08, 0x63, 0x08, 0x63, 0x08, 0x63, 0x08, 0x63, 0x08, 0x63, 0x08,
  0xa4, 0x10, 0x63, 0x08, 0x63, 0x08, 0x63, 0x08, 0x63, 0x08, 0x63, 0x08, 0x63, 0x08, 0x63, 0x08, 0x63, 0x08, 0x63, 0x08, 0x63, 0x08, 0x63, 0x08, 0x63, 0x08, 0x63, 0x08, 0x63, 0x08, 0x63, 0x08,
  0x63, 0x08, 0x63, 0x08, 0x63, 0x08, 0x63, 0x08, 0x63, 0x08, 0x63, 0x08, 0x63, 0x08, 0x63, 0x08, 0x63, 0x08, 0x63, 0x08, 0x63, 0x08, 0x63, 0x08, 0x63, 0x08, 0x63, 0x08, 0x63, 0x08, 0x63, 0x08,
  0xa4, 0x10, 0x63, 0x08, 0x63, 0x08, 0x63, 0x08, 0x63, 0x08, 0x63, 0x08, 0x63, 0x08, 0x63, 0x08, 0x63, 0x08, 0x63, 0x08, 0x63, 0x08, 0x63, 0x08, 0x63, 0x08, 0x63, 0x08, 0x63, 0x08, 0x63, 0x08,
  0x63, 0x08, 0x63, 0x08, 0x63, 0x08, 0x63, 0x08, 0x63, 0x08, 0x63, 0x08, 0x63, 0x08, 0x63, 0x08, 0x63, 0x08, 0x63, 0x08, 0x63, 0x08, 0x63, 0x08, 0x63, 0x08, 0x63, 0x08, 0x63, 0x08, 0x63, 0x08,
  0xa4, 0x10, 0x63, 0x08, 0x63, 0x08, 0x63, 0x08, 0x63, 0x08, 0x63, 0x08, 0x63, 0x08, 0x63, 0x08, 0x63, 0x08, 0x63, 0x08, 0x63, 0x08, 0x63, 0x08, 0x63, 0x08, 0x63, 0x08, 0x63, 0x08, 0x63, 0x08,
  0x63, 0x08, 0x63, 0x08, 0x63, 0x08, 0x63, 0x08, 0x63, 0x08, 0x63, 0x08, 0x63, 0x08, 0x63, 0x08, 0x63, 0x08, 0x63, 0x08, 0x63, 0x08, 0x63, 0x08, 0x63, 0x08, 0x63, 0x08, 0x63, 0x08, 0x63, 0x08,
  0xa4, 0x10, 0x63, 0x08, 0x63, 0x08, 0x63, 0x08, 0x63, 0x08, 0x63, 0x08, 0x63, 0x08, 0x63, 0x08, 0x63, 0x08, 0x63, 0x08, 0x63, 0x08, 0x63, 0x08, 0x63, 0x08, 0x63, 0x08, 0x63, 0x08, 0x63, 0x08,
  0x63, 0x08, 0x63, 0x08, 0x63, 0x08, 0x63, 0x08, 0x63, 0x08, 0x63, 0x08, 0x63, 0x08, 0x63, 0x08, 0x63, 0x08, 0x63, 0x08, 0x63, 0x08, 0x63, 0x08, 0x63, 0x08, 0x63, 0x08, 0x63, 0x08, 0x63, 0x08,
  0xa4, 0x10, 0x63, 0x08, 0x63, 0x08, 0x63, 0x08, 0x63, 0x08, 0x63, 0x08, 0x63, 0x08, 0x63, 0x08, 0x63, 0x08, 0x63, 0x08, 0x63, 0x08, 0x63, 0x08, 0x63, 0x08, 0x63, 0x08, 0x63, 0x08, 0x63, 0x08,
  0x63, 0x08, 0x63, 0x08, 0x63, 0x08, 0x63, 0x08, 0x63, 0x08, 0x63, 0x08, 0x63, 0x08, 0x63, 0x08, 0x63, 0x08, 0x63, 0x08, 0x63, 0x08, 0x63, 0x08, 0x63, 0x08, 0x63, 0x08, 0x63, 0x08, 0x63, 0x08,
  0xa4, 0x10, 0x63, 0x08, 0x63, 0x08, 0x63, 0x08, 0x63, 0x08, 0x63, 0x08, 0x63, 0x08, 0x63, 0x08, 0x63, 0x08, 0x63, 0x08, 0x63, 0x08, 0x63, 0x08, 0x63, 0x08, 0x63, 0x08, 0x63, 0x08, 0x63, 0x08,
  0x63, 0x08, 0x63, 0x08, 0x63, 0x08, 0x63, 0x08, 0x63, 0x08, 0x63, 0x08, 0x63, 0x08, 0x63, 0x08, 0x63, 0x08, 0x63, 0x08, 0x63, 0x08, 0x63, 0x08, 0x63, 0x08, 0x63, 0x08, 0x63, 0x08, 0x63, 0x08,
  0xa4, 0x10, 0x63, 0x08, 0x63, 0x08, 0x63, 0x08, 0x63, 0x08, 0x63, 0x08, 0x63, 0x08, 0x63, 0x08, 0x63, 0x08, 0x63, 0x08, 0x63, 0x08, 0x63, 0x08, 0x63, 0x08, 0x63, 0x08, 0x63, 0x08, 0x63, 0x08,
  0x63, 0x08, 0x63, 0x08, 0x63, 0x08, 0x63, 0x08, 0x63, 0x08, 0x63, 0x08, 0x63, 0x08, 0x63, 0x08, 0x63, 0x08, 0x63, 0x08, 0x63, 0x08, 0x63, 0x08, 0x63, 0x08, 0x63, 0x08, 0x63, 0x08, 0x63, 0x08,
  0xa4, 0x10, 0x63, 0x08, 0x63, 0x08, 0x63, 0x08, 0x63, 0x08, 0x63, 0x08, 0x63, 0x08, 0x63, 0x08, 0x63, 0x08, 0x63, 0x08, 0x63, 0x08, 0x63, 0x08, 0x63, 0x08, 0x63, 0x08, 0x63, 0x08, 0x63, 0x08,
  0x63, 0x08, 0x63, 0x08, 0x63, 0x08, 0x63, 0x08, 0x63, 0x08, 0x63, 0x08, 0x63, 0x08, 0x63, 0x08, 0x63, 0x08, 0x63, 0x08, 0x63, 0x08, 0x63, 0x08, 0x63, 0x08, 0x63, 0x08, 0x63, 0x08, 0x63, 0x08,
  0xa4, 0x10, 0x63, 0x08, 0x63, 0x08, 0x63, 0x08, 0x63, 0x08, 0x63, 0x08, 0x63, 0x08, 0x63, 0x08, 0x63, 0x08, 0x63, 0x08, 0x63, 0x08, 0x63, 0x08, 0x63, 0x08, 0x63, 0x08, 0x63, 0x08, 0x63, 0x08,
  0x63, 0x08, 0x63, 0x08, 0x63, 0x08, 0x63, 0x08, 0x63, 0x08, 0x63, 0x08, 0x63, 0x08, 0x63, 0x08, 0x63, 0x08, 0x63, 0x08, 0x63, 0x08, 0x63, 0x08, 0x63, 0x08, 0x63, 0x08, 0x63, 0x08, 0x63, 0x08,
  0xa4, 0x10, 0x63, 0x08, 0x63, 0x08, 0x63, 0x08, 0x63, 0x08, 0x63, 0x08, 0x63, 0x08, 0x63, 0x08, 0x63, 0x08, 0x63, 0x08, 0x63, 0x08, 0x63, 0x08, 0x63, 0x08, 0x63, 0x08, 0x63, 0x08, 0x63, 0x08,
  0x63, 0x08, 0x63, 0x08, 0x63, 0x08, 0x63, 0x08, 0x63, 0x08, 0x63, 0x08, 0x63, 0x08, 0x63, 0x08, 0x63, 0x08, 0x63, 0x08, 0x63, 0x08, 0x63, 0x08, 0x63, 0x08, 0x63, 0x08, 0x63, 0x08, 0x63, 0x08,
  0xa4, 0x10, 0x63, 0x08, 0x63, 0x08, 0x63, 0x08, 0x63, 0x08, 0x63, 0x08, 0x63, 0x08, 0x63, 0x08, 0x63, 0x08, 0x63, 0x08, 0x63, 0x08, 0x63, 0x08, 0x63, 0x08, 0x63, 0x08, 0x63, 0x08, 0x63, 0x08,
  0x63, 0x08, 0x63, 0x08, 0x63, 0x08, 0x63, 0x08, 0x63, 0x08, 0x63, 0x08, 0x63, 0x08, 0x63, 0x08, 0x63, 0x08, 0x63, 0x08, 0x63, 0x08, 0x63, 0x08, 0x63, 0x08, 0x63, 0x08, 0x63, 0x08, 0x63, 0x08,
  0xa4, 0x10, 0x63, 0x08, 0x63, 0x08, 0x63, 0x08, 0x63, 0x08, 0x63, 0x08, 0x63, 0x08, 0x63, 0x08, 0x63, 0x08, 0x63, 0x08, 0x63, 0x08, 0x63, 0x08, 0x63, 0x08, 0x63, 0x08, 0x63, 0x08, 0x63, 0x08,
  0x63, 0x08, 0x63, 0x08, 0x63, 0x08, 0x63, 0x08, 0x63, 0x08, 0x63, 0x08, 0x63, 0x08, 0x63, 0x08, 0x63, 0x08, 0x63, 0x08, 0x63, 0x08, 0x63, 0x08, 0x63, 0x08, 0x63, 0x08, 0x63, 0x08, 0x63, 0x08,
  0xa4, 0x10, 0x63, 0x08, 0x63, 0x08, 0x63, 0x08, 0x63, 0x08, 0x63, 0x08, 0x63, 0x08, 0x63, 0x08, 0x63, 0x08, 0x63, 0x08, 0x63, 0x08, 0x63, 0x08, 0x63, 0x08, 0x63, 0x08, 0x63, 0x08, 0x63, 0x08,
  0x63, 0x08, 0x63, 0x08, 0x63, 0x08, 0x63, 0x08, 0x63, 0x08, 0x63, 0x08, 0x63, 0x08, 0x63, 0x08, 0x63, 0x08, 0x63, 0x08, 0x63, 0x08, 0x63, 0x08, 0x63, 0x08, 0x63, 0x08, 0x63, 0x08, 0x63, 0x08,
  0xa4, 0x10, 0x63, 0x08, 0x63, 0x08, 0x63, 0x08, 0x63, 0x08, 0x63, 0x08, 0x63, 0x08, 0x63, 0x08, 0x63, 0x08, 0x63, 0x08, 0x63, 0x08, 0x63, 0x08, 0x63, 0x08, 0x63, 0x08, 0x63, 0x08, 0x63, 0x08,
  0x63, 0x08, 0x63, 0x08, 0x63, 0x08, 0x63, 0x08, 0x63, 0x08, 0x63, 0x08, 0x63, 0x08, 0x63, 0x08, 0x63, 0x08, 0x63, 0x08, 0x63, 0x08, 0x63, 0x08, 0x63, 0x08, 0x63, 0x08, 0x63, 0x08, 0x63, 0x08,
  0xa4, 0x10, 0x63, 0x08, 0x63, 0x08, 0x63, 0x08, 0x63, 0x08, 0x63, 0x08, 0x63, 0x08, 0x63, 0x08, 0x63, 0x08, 0x63, 0x08, 0x63, 0x08, 0x63, 0x08, 0x63, 0x08, 0x63, 0x08, 0x63, 0x08, 0x63, 0x08,
  0x63, 0x08, 0x63, 0x08, 0x63, 0x08, 0x63, 0x08, 0x63, 0x08, 0x63, 0x08, 0x63, 0x08, 0x63, 0x08, 0x63, 0x08, 0x63, 0x08, 0x63, 0x08, 0x63, 0x08, 0x63, 0x08, 0x63, 0x08, 0x63, 0x08, 0x63, 0x08,
  0xa4, 0x10, 0x63, 0x08, 0x63, 0x08, 0x63, 0x08, 0x63, 0x08, 0x63, 0x08, 0x63, 0x08, 0x63, 0x08, 0x63, 0x08, 0x63, 0x08, 0x63, 0x08, 0x63, 0x08, 0x63, 0x08, 0x63, 0x08, 0x63, 0x08, 0x63, 0x08,
  0x63, 0x08, 0x63, 0x08, 0x63, 0x08, 0x63, 0x08, 0x63, 0x08, 0x63, 0x08, 0x63, 0x08, 0x63, 0x08, 0x63, 0x08, 0x63, 0x08, 0x63, 0x08, 0x63, 0x08, 0x63, 0x08, 0x63, 0x08, 0x63, 0x08, 0x63, 0x08,
  0xa4, 0x10, 0x63, 0x08, 0x63, 0x08, 0x63, 0x08, 0x63, 0x08, 0x63, 0x08, 0x63, 0x08, 0x63, 0x08, 0x63, 0x08, 0x63, 0x08, 0x63, 0x08, 0x63, 0x08, 0x63, 0x08, 0x63, 0x08, 0x63, 0x08, 0x63, 0x08,
  0x63, 0x08, 0x63, 0x08, 0x63, 0x08, 0x63, 0x08, 0x63, 0x08, 0x63, 0x08, 0x63, 0x08, 0x63, 0x08, 0x63, 0x08, 0x63, 0x08, 0x63, 0x08, 0x63, 0x08, 0x63, 0x08, 0x63, 0x08, 0x63, 0x08, 0x63, 0x08,
  0xa4, 0x10, 0x63, 0x08, 0x63, 0x08, 0x63, 0x08, 0x63, 0x08, 0x63, 0x08, 0x63, 0x08, 0x63, 0x08, 0x63, 0x08, 0x63, 0x08, 0x63, 0x08, 0x63, 0x08, 0x63, 0x08, 0x63, 0x08, 0x63, 0x08, 0x63, 0x08,
  0x63, 0x08, 0x63, 0x08, 0x63, 0x08, 0x63, 0x08, 0x63, 0x08, 0x63, 0x08, 0x63, 0x08, 0x63, 0x08, 0x63, 0x08, 0x63, 0x08, 0x63, 0x08, 0x63, 0x08, 0x63, 0x08, 0x63, 0x08, 0x63, 0x08, 0x63, 0x08,
  0xa4, 0x10, 0x63, 0x08, 0x63, 0x08, 0x63, 0x08, 0x63, 0x08, 0x63, 0x08, 0x63, 0x08, 0x63, 0x08, 0x63, 0x08, 0x63, 0x08, 0x63, 0x08, 0x63, 0x08, 0x63, 0x08, 0x63, 0x08, 0x63, 0x08, 0x63, 0x08,
  0x63, 0x08, 0x63, 0x08, 0x63, 0x08, 0x63, 0x08, 0x63, 0x08, 0x63, 0x08, 0x63, 0x08, 0x63, 0x08, 0x63, 0x08, 0x63, 0x08, 0x63, 0x08, 0x63, 0x08, 0x63, 0x08, 0x63, 0x08, 0x63, 0x08, 0x63, 0x08,
  0xa4, 0x10, 0x63, 0x08, 0x63, 0x08, 0x63, 0x08, 0x63, 0x08, 0x63, 0x08, 0x63, 0x08, 0x63, 0x08, 0x63, 0x08, 0x63, 0x08, 0x63, 0x08, 0x63, 0x08, 0x63, 0x08, 0x63, 0x08, 0x63, 0x08, 0x63, 0x08,
  0x63, 0x08, 0x63, 0x08, 0x63, 0x08, 0x63, 0x08, 0x63, 0x08, 0x63, 0x08, 0x63, 0x08, 0x63, 0x08, 0x63, 0x08, 0x63, 0x08, 0x63, 0x08, 0x63, 0x08, 0x63, 0x08, 0x63, 0x08, 0x63, 0x08, 0x63, 0x08,
  0xa4, 0x10, 0x63, 0x08, 0x63, 0x08, 0x63, 0x08, 0x63, 0x08, 0x63, 0x08, 0x63, 0x08, 0x63, 0x08, 0x63, 0x08, 0x63, 0x08, 0x63, 0x08, 0x63, 0x08, 0x63, 0x08, 0x63, 0x08, 0x63, 0x08, 0x63, 0x08,
  0x63, 0x08, 0x63, 0x08, 0x63, 0x08, 0x63, 0x08, 0x63, 0x08, 0x63, 0x08, 0x63, 0x08, 0x63, 0x08, 0x63, 0x08, 0x63, 0x08, 0x63, 0x08, 0x63, 0x08, 0x63, 0x08, 0x63, 0x08, 0x63, 0x08, 0x63, 0x08,
  0xa4, 0x10, 0x63, 0x08, 0x63, 0x08, 0x63, 0x08, 0x63, 0x08, 0x63, 0x08, 0x63, 0x08, 0x63, 0x08, 0x63, 0x08, 0x63, 0x08, 0x63, 0x08, 0x63, 0x08, 0x63, 0x08, 0x63, 0x08, 0x63, 0x08, 0x63, 0x08,
  0x63, 0x08, 0x63, 0x08, 0x63, 0x08, 0x63, 0x08, 0x63, 0x08, 0x63, 0x08, 0x63, 0x08, 0x63, 0x08, 0x63, 0x08, 0x63, 0x08, 0x63, 0x08, 0x63, 0x08, 0x63, 0x08, 0x63, 0x08, 0x63, 0x08, 0x63, 0x08,
  0xa4, 0x10, 0x63, 0x08, 0x63, 0x08, 0x63, 0x08, 0x63, 0x08, 0x63, 0x08, 0x63, 0x08, 0x63, 0x08, 0x63, 0x08, 0x63, 0x08, 0x63, 0x08, 0x63, 0x08, 0x63, 0x08, 0x63, 0x08, 0x63, 0x08, 0x63, 0x08,
  0x63, 0x08, 0x63, 0x08, 0x63, 0x08, 0x63, 0x08, 0x63, 0x08, 0x63, 0x08, 0x63, 0x08, 0x63, 0x08, 0x63, 0x08, 0x63, 0x08, 0x63, 0x08, 0x63, 0x08, 0x63, 0x08, 0x63, 0x08, 0x63, 0x08, 0x63, 0x08,
  0xa4, 0x10, 0x63, 0x08, 0x63, 0x08, 0x63, 0x08, 0x63, 0x08, 0x63, 0x08, 0x63, 0x08, 0x63, 0x08, 0x63, 0x08, 0x63, 0x08, 0x63, 0x08, 0x63, 0x08, 0x63, 0x08, 0x63, 0x08, 0x63, 0x08, 0x63, 0x08,
  0x63, 0x08, 0x63, 0x08, 0x63, 0x08, 0x63, 0x08, 0x63, 0x08, 0x63, 0x08, 0x63, 0x08, 0x63, 0x08, 0x63, 0x08, 0x63, 0x08, 0x63, 0x08, 0x63, 0x08, 0x63, 0x08, 0x63, 0x08, 0x63, 0x08, 0x63, 0x08,
  0xa4, 0x10, 0x63, 0x08, 0x63, 0x08, 0x63, 0x08, 0x63, 0x08, 0x63, 0x08, 0x63, 0x08, 0x63, 0x08, 0x63, 0x08, 0x63, 0x08, 0x63, 0x08, 0x63, 0x08, 0x63, 0x08, 0x63, 0x08, 0x63, 0x08, 0x63, 0x08,
  0x63, 0x08, 0x63, 0x08, 0x63, 0x08, 0x63, 0x08, 0x63, 0x08, 0x63, 0x08, 0x63, 0x08, 0x63, 0x08, 0x63, 0x08, 0x63, 0x08, 0x63, 0x08, 0x63, 0x08, 0x63, 0x08, 0x63, 0x08, 0x63, 0x08, 0x63, 0x08,
  0xa4, 0x10, 0x63, 0x08, 0x63, 0x08, 0x63, 0x08, 0x63, 0x08, 0x63, 0x08, 0x63, 0x08, 0x63, 0x08, 0x63, 0x08, 0x63, 0x08, 0x63, 0x08, 0x63, 0x08, 0x63, 0x08, 0x63, 0x08, 0x63, 0x08, 0x63, 0x08,
  0x63, 0x08, 0x63, 0x08, 0x63, 0x08, 0x63, 0x08, 0x63, 0x08, 0x63, 0x08, 0x63, 0x08, 0x63, 0x08, 0x63, 0x08, 0x63, 0x08, 0x63, 0x08, 0x63, 0x08, 0x63, 0x08, 0x63, 0x08, 0x63, 0x08, 0x63, 0x08,
  0xa4, 0x10, 0x63, 0x08, 0x63, 0x08, 0x63, 0x08, 0x63, 0x08, 0x63, 0x08, 0x63, 0x08, 0x63, 0x08, 0x63, 0x08, 0x63, 0x08, 0x63, 0x08, 0x63, 0x08, 0x63, 0x08, 0x63, 0x08, 0x63, 0x08, 0x63, 0x08,
  0x63, 0x08, 0x63, 0x08, 0x63, 0x08, 0x63, 0x08, 0x63, 0x08, 0x63, 0x08, 0x63, 0x08, 0x63, 0x08, 0x63, 0x08, 0x63, 0x08, 0x63, 0x08, 0x63, 0x08, 0x63, 0x08, 0x63, 0x08, 0x63, 0x08, 0x63, 0x08,
  0xa4, 0x10, 0x63, 0x08, 0x63, 0x08, 0x63, 0x08, 0x63, 0x08, 0x63, 0x08, 0x63, 0x08, 0x63, 0x08, 0x63, 0x08, 0x63, 0x08, 0x63, 0x08, 0x63, 0x08, 0x63, 0x08, 0x63, 0x08, 0x63, 0x08, 0x63, 0x08,
  0x63, 0x08, 0x63, 0x08, 0x63, 0x08, 0x63, 0x08, 0x63, 0x08, 0x63, 0x08, 0x63, 0x08, 0x63, 0x08, 0x63, 0x08, 0x63, 0x08, 0x63, 0x08, 0x63, 0x08, 0x63, 0x08, 0x63, 0x08, 0x63, 0x08, 0x63, 0x08,
  0xa4, 0x10, 0x63, 0x08, 0x63, 0x08, 0x63, 0x08, 0x63, 0x08, 0x63, 0x08, 0x63, 0x08, 0x63, 0x08, 0x63, 0x08, 0x63, 0x08, 0x63, 0x08, 0x63, 0x08, 0x63, 0x08, 0x63, 0x08, 0x63, 0x08, 0x63, 0x08,
  0x63, 0x08, 0x63, 0x08, 0x63, 0x08, 0x63, 0x08, 0x63, 0x08, 0x63, 0x08, 0x63, 0x08, 0x63, 0x08, 0x63, 0x08, 0x63, 0x08, 0x63, 0x08, 0x63, 0x08, 0x63, 0x08, 0x63, 0x08, 0x63, 0x08, 0x63, 0x08,
  0xa4, 0x10, 0x63, 0x08, 0x63, 0x08, 0x63, 0x08, 0x63, 0x08, 0x63, 0x08, 0x63, 0x08, 0x63, 0x08, 0x63, 0x08, 0x63, 0x08, 0x63, 0x08, 0x63, 0x08, 0x63, 0x08, 0x63, 0x08, 0x63, 0x08, 0x63, 0x08,
  0x63, 0x08, 0x63, 0x08, 0x63, 0x08, 0x63, 0x08, 0x63, 0x08, 0x63, 0x08, 0x63, 0x08, 0x63, 0x08, 0x63, 0x08, 0x63, 0x08, 0x63, 0x08, 0x63, 0x08, 0x63, 0x08, 0x63, 0x08, 0x63, 0x08, 0x63, 0x08,
  0xa4, 0x10, 0x63, 0x08, 0x63, 0x08, 0x63, 0x08, 0x63, 0x08, 0x63, 0x08, 0x63, 0x08, 0x63, 0x08, 0x63, 0x08, 0x63, 0x08, 0x63, 0x08, 0x63, 0x08, 0x63, 0x08, 0x63, 0x08, 0x63, 0x08, 0x63, 0x08,
  0x63, 0x08, 0x63, 0x08, 0x63, 0x08, 0x63, 0x08, 0x63, 0x08, 0x63, 0x08, 0x63, 0x08, 0x63, 0x08, 0x63, 0x08, 0x63, 0x08, 0x63, 0x08, 0x63, 0x08, 0x63, 0x08, 0x63, 0x08, 0x63, 0x08, 0x63, 0x08,
  0xa4, 0x10, 0x63, 0x08, 0x63, 0x08, 0x63, 0x08, 0x63, 0x08, 0x63, 0x08, 0x63, 0x08, 0x63, 0x08, 0x63, 0x08, 0x63, 0x08, 0x63, 0x08, 0x63, 0x08, 0x63, 0x08, 0x63, 0x08, 0x63, 0x08, 0x63, 0x08,
  0x63, 0x08, 0x63, 0x08, 0x63, 0x08, 0x63, 0x08, 0x63, 0x08, 0x63, 0x08, 0x63, 0x08, 0x63, 0x08, 0x63, 0x08, 0x63, 0x08, 0x63, 0x08, 0x63, 0x08, 0x63, 0x08, 0x63, 0x08, 0x63, 0x08, 0x63, 0x08,
  0xa4, 0x10, 0x63, 0x08, 0x63, 0x08, 0x63, 0x08, 0x63, 0x08, 0x63, 0x08, 0x63, 0x08, 0x63, 0x08, 0x63, 0x08, 0x63, 0x08, 0x63, 0x08, 0x63, 0x08, 0x63, 0x08, 0x63, 0x08, 0x63, 0x08, 0x63, 0x08,
  0x63, 0x08, 0x63, 0x08, 0x63, 0x08, 0x63, 0x08, 0x63, 0x08, 0x63, 0x08, 0x63, 0x08, 0x63, 0x08, 0x63, 0x08, 0x63, 0x08, 0x63, 0x08, 0x63, 0x08, 0x63, 0x08, 0x63, 0x08, 0x63, 0x08, 0x63, 0x08,
  0xa4, 0x10, 0x63, 0x08, 0x63, 0x08, 0x63, 0x08, 0x63, 0x08, 0x63, 0x08, 0x63, 0x08, 0x63, 0x08, 0x63, 0x08, 0x63, 0x08, 0x63, 0x08, 0x63, 0x08, 0x63, 0x08, 0x63, 0x08, 0x63, 0x08, 0x63, 0x08,
  0x63, 0x08, 0x63, 0x08, 0x63, 0x08, 0x63, 0x08, 0x63, 0x08, 0x63, 0x08, 0x63, 0x08, 0x63, 0x08, 0x63, 0x08, 0x63, 0x08, 0x63, 0x08, 0x63, 0x08, 0x63, 0x08, 0x63, 0x08, 0x63, 0x08, 0x63, 0x08,
  0xa4, 0x10, 0x63, 0x08, 0x63, 0x08, 0x63, 0x08, 0x63, 0x08, 0x63, 0x08, 0x63, 0x08, 0x63, 0x08, 0x63, 0x08, 0x63, 0x08, 0x63, 0x08, 0x63, 0x08, 0x63, 0x08, 0x63, 0x08, 0x63, 0x08, 0x63, 0x08,
  0x63, 0x08, 0x63, 0x08, 0x63, 0x08, 0x63, 0x08, 0x63, 0x08, 0x63, 0x08, 0x63, 0x08, 0x63, 0x08, 0x63, 0x08, 0x63, 0x08, 0x63, 0x08, 0x63, 0x08, 0x63, 0x08, 0x63, 0x08, 0x63, 0x08, 0x63, 0x08,
  0xa4, 0x10, 0x63, 0x08, 0x63, 0x08, 0x63, 0x08, 0x63, 0x08, 0x63, 0x08, 0x63, 0x08, 0x63, 0x08, 0x63, 0x08, 0x63, 0x08, 0x63, 0x08, 0x63, 0x08, 0x63, 0x08, 0x63, 0x08, 0x63, 0x08, 0x63, 0x08,
  0x63, 0x08, 0x63, 0x08, 0x63, 0x08, 0x63, 0x08, 0x63, 0x08, 0x63, 0x08, 0x63, 0x08, 0x63, 0x08, 0x63, 0x08, 0x63, 0x08, 0x63, 0x08, 0x63, 0x08, 0x63, 0x08, 0x63, 0x08, 0x63, 0x08, 0x63, 0x08,
  0xa4, 0x10, 0x63, 0x08, 0x63, 0x08, 0x63, 0x08, 0x63, 0x08, 0x63, 0x08, 0x63, 0x08, 0x63, 0x08, 0x63, 0x08, 0x63, 0x08, 0x63, 0x08, 0x63, 0x08, 0x63, 0x08, 0x63, 0x08, 0x63, 0x08, 0x63, 0x08,
  0x63, 0x08, 0x63, 0x08, 0x63, 0x08, 0x63, 0x08, 0x63, 0x08, 0x63, 0x08, 0x63, 0x08, 0x63, 0x08, 0x63, 0x08, 0x63, 0x08, 0x63, 0x08, 0x63, 0x08, 0x63, 0x08, 0x63, 0x08, 0x63, 0x08, 0x63, 0x08,
  0xa4, 0x10, 0x63, 0x08, 0x63, 0x08, 0x63, 0x08, 0x63, 0x08, 0x63, 0x08, 0x63, 0x08, 0x63, 0x08, 0x63, 0x08, 0x63, 0x08, 0x63, 0x08, 0x63, 0x08, 0x63, 0x08, 0x63, 0x08, 0x63, 0x08, 0x63, 0x08,
  0x63, 0x08, 0x63, 0x08, 0x63, 0x08, 0x63, 0x08, 0x63, 0x08, 0x63, 0x08, 0x63, 0x08, 0x63, 0x08, 0x63, 0x08, 0x63, 0x08, 0x63, 0x08, 0x63, 0x08, 0x63, 0x08, 0x63, 0x08, 0x63, 0x08, 0x63, 0x08,
  0xa4, 0x10, 0x63, 0x08, 0x63, 0x08, 0x63, 0x08, 0x63, 0x08, 0x63, 0x08, 0x63, 0x08, 0x63, 0x08, 0x63, 0x08, 0x63, 0x08, 0x63, 0x08, 0x63, 0x08, 0x63, 0x08, 0x63, 0x08, 0x63, 0x08, 0x63, 0x08,
  0x63, 0x08, 0x63, 0x08, 0x63, 0x08, 0x63, 0x08, 0x63, 0x08, 0x63, 0x08, 0x63, 0x08, 0x63, 0x08, 0x63, 0x08, 0x63, 0x08, 0x63, 0x08, 0x63, 0x08, 0x63, 0x08, 0x63, 0x08, 0x63, 0x08, 0x63, 0x08,
  0xa4, 0x10, 0x63, 0x08, 0x63, 0x08, 0x63, 0x08, 0x63, 0x08, 0x63, 0x08, 0x63, 0x08, 0x63, 0x08, 0x63, 0x08, 0x63, 0x08, 0x63, 0x08, 0x63, 0x08, 0x63, 0x08, 0x63, 0x08, 0x63, 0x08, 0x63, 0x08,
  0x63, 0x08, 0x63, 0x08, 0x63, 0x08, 0x63, 0x08, 0x63, 0x08, 0x63, 0x08, 0x63, 0x08, 0x63, 0x08, 0x63, 0x08, 0x63, 0x08, 0x63, 0x08, 0x63, 0x08, 0x63, 0x08, 0x63, 0x08, 0x63, 0x08, 0x63, 0x08,
  0xa4, 0x10, 0x63, 0x08, 0x63, 0x08, 0x63, 0x08, 0x63, 0x08, 0x63, 0x08, 0x63, 0x08, 0x63, 0x08, 0x63, 0x08, 0x63, 0x08, 0x63, 0x08, 0x63, 0x08, 0x63, 0x08, 0x63, 0x08, 0x63, 0x08, 0x63, 0x08,
  0x63, 0x08, 0x63, 0x08, 0x63, 0x08, 0x63, 0x08, 0x63, 0x08, 0x63, 0x08, 0x63, 0x08, 0x63, 0x08, 0x63, 0x08, 0x63, 0x08, 0x63, 0x08, 0x63, 0x08, 0x63, 0x08, 0x63, 0x08, 0x63, 0x08, 0x63, 0x08,
  0xa4, 0x10, 0x63, 0x08, 0x63, 0x08, 0x63, 0x08, 0x63, 0x08, 0x63, 0x08, 0x63, 0x08, 0x63, 0x08, 0x63, 0x08, 0x63, 0x08, 0x63, 0x08, 0x63, 0x08, 0x63, 0x08, 0x63, 0x08, 0x63, 0x08, 0x63, 0x08,
  0x63, 0x08, 0x63, 0x08, 0x63, 0x08, 0x63, 0x08, 0x63, 0x08, 0x63, 0x08, 0x63, 0x08, 0x63, 0x08, 0x63, 0x08, 0x63, 0x08, 0x63, 0x08, 0x63, 0x08, 0x63, 0x08, 0x63, 0x08, 0x63, 0x08, 0x63, 0x08,
  0xa4, 0x10, 0x63, 0x08, 0x63, 0x08, 0x63, 0x08, 0x63, 0x08, 0x63, 0x08, 0x63, 0x08, 0x63, 0x08, 0x63, 0x08, 0x63, 0x08, 0x63, 0x08, 0x63, 0x08, 0x63, 0x08, 0x63, 0x08, 0x63, 0x08, 0x63, 0x08,
  0x63, 0x08, 0x63, 0x08, 0x63, 0x08, 0x63, 0x08, 0x63, 0x08, 0x63, 0x08, 0x63, 0x08, 0x63, 0x08, 0x63, 0x08, 0x63, 0x08, 0x63, 0x08, 0x63, 0x08, 0x63, 0x08, 0x63, 0x08, 0x63, 0x08, 0x63, 0x08,
  0xa4, 0x10, 0x63, 0x08, 0x63, 0x08, 0x63, 0x08, 0x63, 0x08, 0x63, 0x08, 0x63, 0x08, 0x63, 0x08, 0x63, 0x08, 0x63, 0x08, 0x63, 0x08, 0x63, 0x08, 0x63, 0x08, 0x63, 0x08, 0x63, 0x08, 0x63, 0x08,
  0x63, 0x08, 0x63, 0x08, 0x63, 0x08, 0x63, 0x08, 0x63, 0x08, 0x63, 0x08, 0x63, 0x08, 0x63, 0x08, 0x63, 0x08, 0x63, 0x08, 0x63, 0x08, 0x63, 0x08, 0x63, 0x08, 0x63, 0x08, 0x63, 0x08, 0x63, 0x08,
  0xa4, 0x10, 0x63, 0x08, 0x63, 0x08, 0x63, 0x08, 0x63, 0x08, 0x63, 0x08, 0x63, 0x08, 0x63, 0x08, 0x63, 0x08, 0x63, 0x08, 0x63, 0x08, 0x63, 0x08, 0x63, 0x08, 0x63, 0x08, 0x63, 0x08, 0x63, 0x08,
  0x63, 0x08, 0x63, 0x08, 0x63, 0x08, 0x63, 0x08, 0x63, 0x08, 0x63, 0x08, 0x63, 0x08, 0x63, 0x08, 0x63, 0x08, 0x63, 0x08, 0x63, 0x08, 0x63, 0x08, 0x63, 0x08, 0x63, 0x08, 0x63, 0x08, 0x63, 0x08,
  0xa4, 0x10, 0x63, 0x08, 0x63, 0x08, 0x63, 0x08, 0x63, 0x08, 0x63, 0x08, 0x63, 0x08, 0x63, 0x08, 0x63, 0x08, 0x63, 0x08, 0x63, 0x08, 0x63, 0x08, 0x63, 0x08, 0x63, 0x08, 0x63, 0x08, 0x63, 0x08,
  0x63, 0x08, 0x63, 0x08, 0x63, 0x08, 0x63, 0x08, 0x63, 0x08, 0x63, 0x08, 0x63, 0x08, 0x63, 0x08, 0x63, 0x08, 0x63, 0x08, 0x63, 0x08, 0x63, 0x08, 0x63, 0x08, 0x63, 0x08, 0x63, 0x08, 0x63, 0x08,
  0xa4, 0x10, 0x63, 0x08, 0x63, 0x08, 0x63, 0x08, 0x63, 0x08, 0x63, 0x08, 0x63, 0x08, 0x63, 0x08, 0x63, 0x08, 0x63, 0x08, 0x63, 0x08, 0x63, 0x08, 0x63, 0x08, 0x63, 0x08, 0x63, 0x08, 0x63, 0x08,
  0x63, 0x08, 0x63, 0x08, 0x63, 0x08, 0x63, 0x08, 0x63, 0x08, 0x63, 0x08, 0x63, 0x08, 0x63, 0x08, 0x63, 0x08, 0x63, 0x08, 0x63, 0x08, 0x63, 0x08, 0x63, 0x08, 0x63, 0x08, 0x63, 0x08, 0x63, 0x08,
  0xa4, 0x10, 0x63, 0x08, 0x63, 0x08, 0x63, 0x08, 0x63, 0x08, 0x63, 0x08, 0x63, 0x08, 0x63, 0x08, 0x63, 0x08, 0x63, 0x08, 0x63, 0x08, 0x63, 0x08, 0x63, 0x08, 0x63, 0x08, 0x63, 0x08, 0x63, 0x08,
  0x63, 0x08, 0x63, 0x08, 0x63, 0x08, 0x63, 0x08, 0x63, 0x08, 0x63, 0x08, 0x63, 0x08, 0x63, 0x08, 0x63, 0x08, 0x63, 0x08, 0x63, 0x08, 0x63, 0x08, 0x63, 0x08, 0x63, 0x08, 0x63, 0x08, 0x63, 0x08,
  0xa4, 0x10, 0x63, 0x08, 0x63, 0x08, 0x63, 0x08, 0x63, 0x08, 0x63, 0x08, 0x63, 0x08, 0x63, 0x08, 0x63, 0x08, 0x63, 0x08, 0x63, 0x08, 0x63, 0x08, 0x63, 0x08, 0x63, 0x08, 0x63, 0x08, 0x63, 0x08,
  0x63, 0x08, 0x63, 0x08, 0x63, 0x08, 0x63, 0x08, 0x63, 0x08, 0x63, 0x08, 0x63, 0x08, 0x63, 0x08, 0x63, 0x08, 0x63, 0x08, 0x63, 0x08, 0x63, 0x08, 0x63, 0x08, 0x63, 0x08, 0x63, 0x08, 0x63, 0x08,
  0xa4, 0x10, 0x63, 0x08, 0x63, 0x08, 0x63, 0x08, 0x63, 0x08, 0x63, 0x08, 0x63, 0x08, 0x63, 0x08, 0x63, 0x08, 0x63, 0x08, 0x63, 0x08, 0x63, 0x08, 0x63, 0x08, 0x63, 0x08, 0x63, 0x08, 0x63, 0x08,
  0x63, 0x08, 0x63, 0x08, 0x63, 0x08, 0x63, 0x08, 0x63, 0x08, 0x63, 0x08, 0x63, 0x08, 0x63, 0x08, 0x63, 0x08, 0x63, 0x08, 0x63, 0x08, 0x63, 0x08, 0x63, 0x08, 0x63, 0x08, 0x63, 0x08, 0x63, 0x08,
  0xa4, 0x10, 0x63, 0x08, 0x63, 0x08, 0x63, 0x08, 0x63, 0x08, 0x63, 0x08, 0x63, 0x08, 0x63, 0x08, 0x63, 0x08, 0x63, 0x08, 0x63, 0x08, 0x63, 0x08, 0x63, 0x08, 0x63, 0x08, 0x63, 0x08, 0x63, 0x08,
  0x63, 0x08, 0x63, 0x08, 0x63, 0x08, 0x63, 0x08, 0x63, 0x08, 0x63, 0x08, 0x63, 0x08, 0x63, 0x08, 0x63, 0x08, 0x63, 0x08, 0x63, 0x08, 0x63, 0x08, 0x63, 0x08, 0x63, 0x08, 0x63, 0x08, 0x63, 0x08,
  0xa4, 0x10, 0x63, 0x08, 0x63, 0x08, 0x63, 0x08, 0x63, 0x08, 0x63, 0x08, 0x63, 0x08, 0x63, 0x08, 0x63, 0x08, 0x63, 0x08, 0x63, 0x08, 0x63, 0x08, 0x63, 0x08, 0x63, 0x08, 0x63, 0x08, 0x63, 0x08,
  0x63, 0x08, 0x63, 0x08, 0x63, 0x08, 0x63, 0x08, 0x63, 0x08, 0x63, 0x08, 0x63, 0x08, 0x63, 0x08, 0x63, 0x08, 0x63, 0x08, 0x63, 0x08, 0x63, 0x08, 0x63, 0x08, 0x63, 0x08, 0x63, 0x08, 0x63, 0x08,
  0xa4, 0x10, 0x63, 0x08, 0x63, 0x08, 0x63, 0x08, 0x63, 0x08, 0x63, 0x08, 0x63, 0x08, 0x63, 0x08, 0x63, 0x08, 0x63, 0x08, 0x63, 0x08, 0x63, 0x08, 0x63, 0x08, 0x63, 0x08, 0x63, 0x08, 0x63, 0x08,
  0x63, 0x08, 0x63, 0x08, 0x63, 0x08, 0x63, 0x08, 0x63, 0x08, 0x63, 0x08, 0x63, 0x08, 0x63, 0x08, 0x63, 0x08, 0x63, 0x08, 0x63, 0x08, 0x63, 0x08, 0x63, 0x08, 0x63, 0x08, 0x63, 0x08, 0x63, 0x08,
  0xa4, 0x10, 0x63, 0x08, 0x63, 0x08, 0x63, 0x08, 0x63, 0x08, 0x63, 0x08, 0x63, 0x08, 0x63, 0x08, 0x63, 0x08, 0x63, 0x08, 0x63, 0x08, 0x63, 0x08, 0x63, 0x08, 0x63, 0x08, 0x63, 0x08, 0x63, 0x08,
  0x63, 0x08, 0x63, 0x08, 0x63, 0x08, 0x63, 0x08, 0x63, 0x08, 0x63, 0x08, 0x63, 0x08, 0x63, 0x08, 0x63, 0x08, 0x63, 0x08, 0x63, 0x08, 0x63, 0x08, 0x63, 0x08, 0x63, 0x08, 0x63, 0x08, 0x63, 0x08,
  0xa4, 0x10, 0x63, 0x08, 0x63, 0x08, 0x63, 0x08, 0x63, 0x08, 0x63, 0x08, 0x63, 0x08, 0x63, 0x08, 0x63, 0x08, 0x63, 0x08, 0x63, 0x08, 0x63, 0x08, 0x63, 0x08, 0x63, 0x08, 0x63, 0x08, 0x63, 0x08,
  0x63, 0x08, 0x63, 0x08, 0x63, 0x08, 0x63, 0x08, 0x63, 0x08, 0x63, 0x08, 0x63, 0x08, 0x63, 0x08, 0x63, 0x08, 0x63, 0x08, 0x63, 0x08, 0x63, 0x08, 0x63, 0x08, 0x63, 0x08, 0x63, 0x08, 0x63, 0x08,
  0xa4, 0x10, 0x63, 0x08, 0x63, 0x08, 0x63, 0x08, 0x63, 0x08, 0x63, 0x08, 0x63, 0x08, 0x63, 0x08, 0x63, 0x08, 0x63, 0x08, 0x63, 0x08, 0x63, 0x08, 0x63, 0x08, 0x63, 0x08, 0x63, 0x08, 0x63, 0x08,
  0x63, 0x08, 0x63, 0x08, 0x63, 0x08, 0x63, 0x08, 0x63, 0x08, 0x63, 0x08, 0x63, 0x08, 0x63, 0x08, 0x63, 0x08, 0x63, 0x08, 0x63, 0x08, 0x63, 0x08, 0x63, 0x08, 0x63, 0x08, 0x63, 0x08, 0x63, 0x08,
  0xa4, 0x10, 0x63, 0x08, 0x63, 0x08, 0x63, 0x08, 0x63, 0x08, 0x63, 0x08, 0x63, 0x08, 0x63, 0x08, 0x63, 0x08, 0x63, 0x08, 0x63, 0x08, 0x63, 0x08, 0x63, 0x08, 0x63, 0x08, 0x63, 0x08, 0x63, 0x08,
  0x63, 0x08, 0x63, 0x08, 0x63, 0x08, 0x63, 0x08, 0x63, 0x08, 0x63, 0x08, 0x63, 0x08, 0x63, 0x08, 0x63, 0x08, 0x63, 0x08, 0x63, 0x08, 0x63, 0x08, 0x63, 0x08, 0x63, 0x08, 0x63, 0x08, 0x63, 0x08,
  0xa4, 0x10, 0x63, 0x08, 0x63, 0x08, 0x63, 0x08, 0x63, 0x08, 0x63, 0x08, 0x63, 0x08, 0x63, 0x08, 0x63, 0x08, 0x63, 0x08, 0x63, 0x08, 0x63, 0x08, 0x63, 0x08, 0x63, 0x08, 0x63, 0x08, 0x63, 0x08,
  0x63, 0x08, 0x63, 0x08, 0x63, 0x08, 0x63, 0x08, 0x63, 0x08, 0x63, 0x08, 0x63, 0x08, 0x63, 0x08, 0x63, 0x08, 0x63, 0x08, 0x63, 0x08, 0x63, 0x08, 0x63, 0x08, 0x63, 0x08, 0x63, 0x08, 0x63, 0x08,
  0xa4, 0x10, 0x63, 0x08, 0x63, 0x08, 0x63, 0x08, 0x63, 0x08, 0x63, 0x08, 0x63, 0x08, 0x63, 0x08, 0x63, 0x08, 0x63, 0x08, 0x63, 0x08, 0x63, 0x08, 0x63, 0x08, 0x63, 0x08, 0x63, 0x08, 0x63, 0x08,
  0x63, 0x08, 0x63, 0x08, 0x63, 0x08, 0x63, 0x08, 0x63, 0x08, 0x63, 0x08, 0x63, 0x08, 0x63, 0x08, 0x63, 0x08, 0x63, 0x08, 0x63, 0x08, 0x63, 0x08, 0x63, 0x08, 0x63, 0x08, 0x63, 0x08, 0x63, 0x08,
  0xa4, 0x10, 0x63, 0x08, 0x63, 0x08, 0x63, 0x08, 0x63, 0x08, 0x63, 0x08, 0x63, 0x08, 0x63, 0x08, 0x63, 0x08, 0x63, 0x08, 0x63, 0x08, 0x63, 0x08, 0x63, 0x08, 0x63, 0x08, 0x63, 0x08, 0x63, 0x08,
  0x63, 0x08, 0x63, 0x08, 0x63, 0x08, 0x63, 0x08, 0x63, 0x08, 0x63, 0x08, 0x63, 0x08, 0x63, 0x08, 0x63, 0x08, 0x63, 0x08, 0x63, 0x08, 0x63, 0x08, 0x63, 0x08, 0x63, 0x08, 0x63, 0x08, 0x63, 0x08,
  0xa4, 0x10, 0x63, 0x08, 0x63, 0x08, 0x63, 0x08, 0x63, 0x08, 0x63, 0x08, 0x63, 0x08, 0x63, 0x08, 0x63, 0x08, 0x63, 0x08, 0x63, 0x08, 0x63, 0x08, 0x63, 0x08, 0x63, 0x08, 0x63, 0x08, 0x63, 0x08,
  0x63, 0x08, 0x63, 0x08, 0x63, 0x08, 0x63, 0x08, 0x63, 0x08, 0x63, 0x08, 0x63, 0x08, 0x63, 0x08, 0x63, 0x08, 0x63, 0x08, 0x63, 0x08, 0x63, 0x08, 0x63, 0x08, 0x63, 0x08, 0x63, 0x08, 0x63, 0x08,
  0xa4, 0x10, 0x63, 0x08, 0x63, 0x08, 0x63, 0x08, 0x63, 0x08, 0x63, 0x08, 0x63, 0x08, 0x63, 0x08, 0x63, 0x08, 0x63, 0x08, 0x63, 0x08, 0x63, 0x08, 0x63, 0x08, 0x63, 0x08, 0x63, 0x08, 0x63, 0x08,
  0x63, 0x08, 0x63, 0x08, 0x63, 0x08, 0x63, 0x08, 0x63, 0x08, 0x63, 0x08, 0x63, 0x08, 0x63, 0x08, 0x63, 0x08, 0x63, 0x08, 0x63, 0x08, 0x63, 0x08, 0x63, 0x08, 0x63, 0x08, 0x63, 0x08, 0x63, 0x08,
  0xa4, 0x10, 0x63, 0x08, 0x63, 0x08, 0x63, 0x08, 0x63, 0x08, 0x63, 0x08, 0x63, 0x08, 0x63, 0x08, 0x63, 0x08, 0x63, 0x08, 0x63, 0x08, 0x63, 0x08, 0x63, 0x08, 0x63, 0x08, 0x63, 0x08, 0x63, 0x08,
  0x63, 0x08, 0x63, 0x08, 0x63, 0x08, 0x63, 0x08, 0x63, 0x08, 0x63, 0x08, 0x63, 0x08, 0x63, 0x08, 0x63, 0x08, 0x63, 0x08, 0x63, 0x08, 0x63, 0x08, 0x63, 0x08, 0x63, 0x08, 0x63, 0x08, 0x63, 0x08,
  0xa4, 0x10, 0x63, 0x08, 0x63, 0x08, 0x63, 0x08, 0x63, 0x08, 0x63, 0x08, 0x63, 0x08, 0x63, 0x08, 0x63, 0x08, 0x63, 0x08, 0x63, 0x08, 0x63, 0x08, 0x63, 0x08, 0x63, 0x08, 0x63, 0x08, 0x63, 0x08,
  0x63, 0x08, 0x63, 0x08, 0x63, 0x08, 0x63, 0x08, 0x63, 0x08, 0x63, 0x08, 0x63, 0x08, 0x63, 0x08, 0x63, 0x08, 0x63, 0x08, 0x63, 0x08, 0x63, 0x08, 0x63, 0x08, 0x63, 0x08, 0x63, 0x08, 0x63, 0x08,
  0xa4, 0x10, 0x63, 0x08, 0x63, 0x08, 0x63, 0x08, 0x63, 0x08, 0x63, 0x08, 0x63, 0x08, 0x63, 0x08, 0x63, 0x08, 0x63, 0x08, 0x63, 0x08, 0x63, 0x08, 0x63, 0x08, 0x63, 0x08, 0x63, 0x08, 0x63, 0x08,
  0x63, 0x08, 0x63, 0x08, 0x63, 0x08, 0x63, 0x08, 0x63, 0x08, 0x63, 0x08, 0x63, 0x08, 0x63, 0x08, 0x63, 0x08, 0x63, 0x08, 0x63, 0x08, 0x63, 0x08, 0x63, 0x08, 0x63, 0x08, 0x63, 0x08, 0x63, 0x08,
  0xa4, 0x10, 0x63, 0x08, 0x63, 0x08, 0x63, 0x08, 0x63, 0x08, 0x63, 0x08, 0x63, 0x08, 0x63, 0x08, 0x63, 0x08, 0x63, 0x08, 0x63, 0x08, 0x63, 0x08, 0x63, 0x08, 0x63, 0x08, 0x63, 0x08, 0x63, 0x08,
  0x63, 0x08, 0x63, 0x08, 0x63, 0x08, 0x63, 0x08, 0x63, 0x08, 0x63, 0x08, 0x63, 0x08, 0x63, 0x08, 0x63, 0x08, 0x63, 0x08, 0x63, 0x08, 0x63, 0x08, 0x63, 0x08, 0x63, 0x08, 0x63, 0x08, 0x63, 0x08,
  0xa4, 0x10, 0x63, 0x08, 0x63, 0x08, 0x63, 0x08, 0x63, 0x08, 0x63, 0x08, 0x63, 0x08, 0x63, 0x08, 0x63, 0x08, 0x63, 0x08, 0x63, 0x08, 0x63, 0x08, 0x63, 0x08, 0x63, 0x08, 0x63, 0x08, 0x63, 0x08,
  0x63, 0x08, 0x63, 0x08, 0x63, 0x08, 0x63, 0x08, 0x63, 0x08, 0x63, 0x08, 0x63, 0x08, 0x63, 0x08, 0x63, 0x08, 0x63, 0x08, 0x63, 0x08, 0x63, 0x08, 0x63, 0x08, 0x63, 0x08, 0x63, 0x08, 0x63, 0x08,
  0xa4, 0x10, 0x63, 0x08, 0x63, 0x08, 0x63, 0x08, 0x63, 0x08, 0x63, 0x08, 0x63, 0x08, 0x63, 0x08, 0x63, 0x08, 0x63, 0x08, 0x63, 0x08, 0x63, 0x08, 0x63, 0x08, 0x63, 0x08, 0x63, 0x08, 0x63, 0x08,
  0x63, 0x08, 0x63, 0x08, 0x63, 0x08, 0x63, 0x08, 0x63, 0x08, 0x63, 0x08, 0x63, 0x08, 0x63, 0x08, 0x63, 0x08, 0x63, 0x08, 0x63, 0x08, 0x63, 0x08, 0x63, 0x08, 0x63, 0x08, 0x63, 0x08, 0x63, 0x08,
  0xa4, 0x10, 0x63, 0x08, 0x63, 0x08, 0x63, 0x08, 0x63, 0x08, 0x63, 0x08, 0x63, 0x08, 0x63, 0x08, 0x63, 0x08, 0x63, 0x08, 0x63, 0x08, 0x63, 0x08, 0x63, 0x08, 0x63, 0x08, 0x63, 0x08, 0x63, 0x08,
  0x63, 0x08, 0x63, 0x08, 0x63, 0x08, 0x63, 0x08, 0x63, 0x08, 0x63, 0x08, 0x63, 0x08, 0x63, 0x08, 0x63, 0x08, 0x63, 0x08, 0x63, 0x08, 0x63, 0x08, 0x63, 0x08, 0x63, 0x08, 0x63, 0x08, 0x63, 0x08,
  0xa4, 0x10, 0x63, 0x08, 0x63, 0x08, 0x63, 0x08, 0x63, 0x08, 0x63, 0x08, 0x63, 0x08, 0x63, 0x08, 0x63, 0x08, 0x63, 0x08, 0x63, 0x08, 0x63, 0x08, 0x63, 0x08, 0x63, 0x08, 0x63, 0x08, 0x63, 0x08,
  0x63, 0x08, 0x63, 0x08, 0x63, 0x08, 0x63, 0x08, 0x63, 0x08, 0x63, 0x08, 0x63, 0x08, 0x63, 0x08, 0x63, 0x08, 0x63, 0x08, 0x63, 0x08, 0x63, 0x08, 0x63, 0x08, 0x63, 0x08, 0x63, 0x08, 0x63, 0x08,
  0xa4, 0x10, 0x63, 0x08, 0x63, 0x08, 0x63, 0x08, 0x63, 0x08, 0x63, 0x08, 0x63, 0x08, 0x63, 0x08, 0x63, 0x08, 0x63, 0x08, 0x63, 0x08, 0x63, 0x08, 0x63, 0x08, 0x63, 0x08, 0x63, 0x08, 0x63, 0x08,
  0x63, 0x08, 0x63, 0x08, 0x63, 0x08, 0x63, 0x08, 0x63, 0x08, 0x63, 0x08, 0x63, 0x08, 0x63, 0x08, 0x63, 0x08, 0x63, 0x08, 0x63, 0x08, 0x63, 0x08, 0x63, 0x08, 0x63, 0x08, 0x63, 0x08, 0x63, 0x08,
  0xa4, 0x10, 0x63, 0x08, 0x63, 0x08, 0x63, 0x08, 0x63, 0x08, 0x63, 0x08, 0x63, 0x08, 0x63, 0x08, 0x63, 0x08, 0x63, 0x08, 0x63, 0x08, 0x63, 0x08, 0x63, 0x08, 0x63, 0x08, 0x63, 0x08, 0x63, 0x08,
  0x63, 0x08, 0x63, 0x08, 0x63, 0x08, 0x63, 0x08, 0x63, 0x08, 0x63, 0x08, 0x63, 0x08, 0x63, 0x08, 0x63, 0x08, 0x63, 0x08, 0x63, 0x08, 0x63, 0x08, 0x63, 0x08, 0x63, 0x08, 0x63, 0x08, 0x63, 0x08,
  0xa4, 0x10, 0x63, 0x08, 0x63, 0x08, 0x63, 0x08, 0x63, 0x08, 0x63, 0x08, 0x63, 0x08, 0x63, 0x08, 0x63, 0x08, 0x63, 0x08, 0x63, 0x08, 0x63, 0x08, 0x63, 0x08, 0x63, 0x08, 0x63, 0x08, 0x63, 0x08,
  0x63, 0x08, 0x63, 0x08, 0x63, 0x08, 0x63, 0x08, 0x63, 0x08, 0x63, 0x08, 0x63, 0x08, 0x63, 0x08, 0x63, 0x08, 0x63, 0x08, 0x63, 0x08, 0x63, 0x08, 0x63, 0x08, 0x63, 0x08, 0x63, 0x08, 0x63, 0x08,
  0xa4, 0x10, 0x63, 0x08, 0x63, 0x08, 0x63, 0x08, 0x63, 0x08, 0x63, 0x08, 0x63, 0x08, 0x63, 0x08, 0x63, 0x08, 0x63, 0x08, 0x63, 0x08, 0x63, 0x08, 0x63, 0x08, 0x63, 0x08, 0x63, 0x08, 0x63, 0x08,
  0x63, 0x08, 0x63, 0x08, 0x63, 0x08, 0x63, 0x08, 0x63, 0x08, 0x63, 0x08, 0x63, 0x08, 0x63, 0x08, 0x63, 0x08, 0x63, 0x08, 0x63, 0x08, 0x63, 0x08, 0x63, 0x08, 0x63, 0x08, 0x63, 0x08, 0x63, 0x08,
  0xa4, 0x10, 0x63, 0x08, 0x63, 0x08, 0x63, 0x08, 0x63, 0x08, 0x63, 0x08, 0x63, 0x08, 0x63, 0x08, 0x63, 0x08, 0x63, 0x08, 0x63, 0x08, 0x63, 0x08, 0x63, 0x08, 0x63, 0x08, 0x63, 0x08, 0x63, 0x08,
  0x63, 0x08, 0x63, 0x08, 0x63, 0x08, 0x63, 0x08, 0x63, 0x08, 0x63, 0x08, 0x63, 0x08, 0x63, 0x08, 0x63, 0x08, 0x63, 0x08, 0x63, 0x08, 0x63, 0x08, 0x63, 0x08, 0x63, 0x08, 0x63, 0x08, 0x63, 0x08,
  0xa4, 0x10, 0x63, 0x08, 0x63, 0x08, 0x63, 0x08, 0x63, 0x08, 0x63, 0x08, 0x63, 0x08, 0x63, 0x08, 0x63, 0x08, 0x63, 0x08, 0x63, 0x08, 0x63, 0x08, 0x63, 0x08, 0x63, 0x08, 0x63, 0x08, 0x63, 0x08,
  0x63, 0x08, 0x63, 0x08, 0x63, 0x08, 0x63, 0x08, 0x63, 0x08, 0x63, 0x08, 0x63, 0x08, 0x63, 0x08, 0x63, 0x08, 0x63, 0x08, 0x63, 0x08, 0x63, 0x08, 0x63, 0x08, 0x63, 0x08, 0x63, 0x08, 0x63, 0x08,
  0xa4, 0x10, 0x63, 0x08, 0x63, 0x08, 0x63, 0x08, 0x63, 0x08, 0x63, 0x08, 0x63, 0x08, 0x63, 0x08, 0x63, 0x08, 0x63, 0x08, 0x63, 0x08, 0x63, 0x08, 0x63, 0x08, 0x63, 0x08, 0x63, 0x08, 0x63, 0x08,
  0x63, 0x08, 0x63, 0x08, 0x63, 0x08, 0x63, 0x08, 0x63, 0x08, 0x63, 0x08, 0x63, 0x08, 0x63, 0x08, 0x63, 0x08, 0x63, 0x08, 0x63, 0x08, 0x63, 0x08, 0x63, 0x08, 0x63, 0x08, 0x63, 0x08, 0x63, 0x08,
  0xa4, 0x10, 0x63, 0x08, 0x63, 0x08, 0x63, 0x08, 0x63, 0x08, 0x63, 0x08, 0x63, 0x08, 0x63, 0x08, 0x63, 0x08, 0x63, 0x08, 0x63, 0x08, 0x63, 0x08, 0x63, 0x08, 0x63, 0x08, 0x63, 0x08, 0x63, 0x08,
  0x63, 0x08, 0x63, 0x08, 0x63, 0x08, 0x63, 0x08, 0x63, 0x08, 0x63, 0x08, 0x63, 0x08, 0x63, 0x08, 0x63, 0x08, 0x63, 0x08, 0x63, 0x08, 0x63, 0x08, 0x63, 0x08, 0x63, 0x08, 0x63, 0x08, 0x63, 0x08,
  0xa4, 0x10, 0x63, 0x08, 0x63, 0x08, 0x63, 0x08, 0x63, 0x08, 0x63, 0x08, 0x63, 0x08, 0x63, 0x08, 0x63, 0x08, 0x63, 0x08, 0x63, 0x08, 0x63, 0x08, 0x63, 0x08, 0x63, 0x08, 0x63, 0x08, 0x63, 0x08,
  0x63, 0x08, 0x63, 0x08, 0x63, 0x08, 0x63, 0x08, 0x63, 0x08, 0x63, 0x08, 0x63, 0x08, 0x63, 0x08, 0x63, 0x08, 0x63, 0x08, 0x63, 0x08, 0x63, 0x08, 0x63, 0x08, 0x63, 0x08, 0x63, 0x08, 0x63, 0x08,
  0xa4, 0x10, 0x63, 0x08, 0x63, 0x08, 0x63, 0x08, 0x63, 0x08, 0x63, 0x08, 0x63, 0x08, 0x63, 0x08, 0x63, 0x08, 0x63, 0x08, 0x63, 0x08, 0x63, 0x08, 0x63, 0x08, 0x63, 0x08, 0x63, 0x08, 0x63, 0x08,
  0x63, 0x08, 0x63, 0x08, 0x63, 0x08, 0x63, 0x08, 0x63, 0x08, 0x63, 0x08, 0x63, 0x08, 0x63, 0x08, 0x63, 0x08, 0x63, 0x08, 0x63, 0x08, 0x63, 0x08, 0x63, 0x08, 0x63, 0x08, 0x63, 0x08, 0x63, 0x08,
  0xa4, 0x10, 0x63, 0x08, 0x63, 0x08, 0x63, 0x08, 0x63, 0x08, 0x63, 0x08, 0x63, 0x08, 0x63, 0x08, 0x63, 0x08, 0x63, 0x08, 0x63, 0x08, 0x63, 0x08, 0x63, 0x08, 0x63, 0x08, 0x63, 0x08, 0x63, 0x08,
  0x63, 0x08, 0x63, 0x08, 0x63, 0x08, 0x63, 0x08, 0x63, 0x08, 0x63, 0x08, 0x63, 0x08, 0x63, 0x08, 0x63, 0x08, 0x63, 0x08, 0x63, 0x08, 0x63, 0x08, 0x63, 0x08, 0x63, 0x08, 0x63, 0x08, 0x63, 0x08,
  0xa4, 0x10, 0x63, 0x08, 0x63, 0x08, 0x63, 0x08, 0x63, 0x08, 0x63, 0x08, 0x63, 0x08, 0x63, 0x08, 0x63, 0x08, 0x63, 0x08, 0x63, 0x08, 0x63, 0x08, 0x63, 0x08, 0x63, 0x08, 0x63, 0x08, 0x63, 0x08,
  0x63, 0x08, 0x63, 0x08, 0x63, 0x08, 0x63, 0x08, 0x63, 0x08, 0x63, 0x08, 0x63, 0x08, 0x63, 0x08, 0x63, 0x08, 0x63, 0x08, 0x63, 0x08, 0x63, 0x08, 0x63, 0x08, 0x63, 0x08, 0x63, 0x08, 0x63, 0x08,
  0xa4, 0x10, 0x63, 0x08, 0x63, 0x08, 0x63, 0x08, 0x63, 0x08, 0x63, 0x08, 0x63, 0x08, 0x63, 0x08, 0x63, 0x08, 0x63, 0x08, 0x63, 0x08, 0x63, 0x08, 0x63, 0x08, 0x63, 0x08, 0x63, 0x08, 0x63, 0x08,
  0x63, 0x08, 0x63, 0x08, 0x63, 0x08, 0x63, 0x08, 0x63, 0x08, 0x63, 0x08, 0x63, 0x08, 0x63, 0x08, 0x63, 0x08, 0x63, 0x08, 0x63, 0x08, 0x63, 0x08, 0x63, 0x08, 0x63, 0x08, 0x63, 0x08, 0x63, 0x08,
  0xa4, 0x10, 0x63, 0x08, 0x63, 0x08, 0x63, 0x08, 0x63, 0x08, 0x63, 0x08, 0x63, 0x08, 0x63, 0x08, 0x63, 0x08, 0x63, 0x08, 0x63, 0x08, 0x63, 0x08, 0x63, 0x08, 0x63, 0x08, 0x63, 0x08, 0x63, 0x08,
  0x63, 0x08, 0x63, 0x08, 0x63, 0x08, 0x63, 0x08, 0x63, 0x08, 0x63, 0x08, 0x63, 0x08, 0x63, 0x08, 0x63, 0x08, 0x63, 0x08, 0x63, 0x08, 0x63, 0x08, 0x63, 0x08, 0x63, 0x08, 0x63, 0x08, 0x63, 0x08,
  0xa4, 0x10, 0x63, 0x08, 0x63, 0x08, 0x63, 0x08, 0x63, 0x08, 0x63, 0x08, 0x63, 0x08, 0x63, 0x08, 0x63, 0x08, 0x63, 0x08, 0x63, 0x08, 0x63, 0x08, 0x63, 0x08, 0x63, 0x08, 0x63, 0x08, 0x63, 0x08,
  0x63, 0x08, 0x63, 0x08, 0x63, 0x08, 0x63, 0x08, 0x63, 0x08, 0x63, 0x08, 0x63, 0x08, 0x63, 0x08, 0x63, 0x08, 0x63, 0x08, 0x63, 0x08, 0x63, 0x08, 0x63, 0x08, 0x63, 0x08, 0x63, 0x08, 0x63, 0x08,
  0xa4, 0x10, 0x63, 0x08, 0x63, 0x08, 0x63, 0x08, 0x63, 0x08, 0x63, 0x08, 0x63, 0x08, 0x63, 0x08, 0x63, 0x08, 0x63, 0x08, 0x63, 0x08, 0x63, 0x08, 0x63, 0x08, 0x63, 0x08, 0x63, 0x08, 0x63, 0x08,
  0x63, 0x08, 0x63, 0x08, 0x63, 0x08, 0x63, 0x08, 0x63, 0x08, 0x63, 0x08, 0x63, 0x08, 0x63, 0x08, 0x63, 0x08, 0x63, 0x08, 0x63, 0x08, 0x63, 0x08, 0x63, 0x08, 0x63, 0x08, 0x63, 0x08, 0x63, 0x08,
  0xa4, 0x10, 0x63, 0x08, 0x63, 0x08, 0x63, 0x08, 0x63, 0x08, 0x63, 0x08, 0x63, 0x08, 0x63, 0x08, 0x63, 0x08, 0x63, 0x08, 0x63, 0x08, 0x63, 0x08, 0x63, 0x08, 0x63, 0x08, 0x63, 0x08, 0x63, 0x08,
  0x63, 0x08, 0x63, 0x08, 0x63, 0x08, 0x63, 0x08, 0x63, 0x08, 0x63, 0x08, 0x63, 0x08, 0x63, 0x08, 0x63, 0x08, 0x63, 0x08, 0x63, 0x08, 0x63, 0x08, 0x63, 0x08, 0x63, 0x08, 0x63, 0x08, 0x63, 0x08,
  0xa4, 0x10, 0x63, 0x08, 0x63, 0x08, 0x63, 0x08, 0x63, 0x08, 0x63, 0x08, 0x63, 0x08, 0x63, 0x08, 0x63, 0x08, 0x63, 0x08, 0x63, 0x08, 0x63, 0x08, 0x63, 0x08, 0x63, 0x08, 0x63, 0x08, 0x63, 0x08,
  0x63, 0x08, 0x63, 0x08, 0x63, 0x08, 0x63, 0x08, 0x63, 0x08, 0x63, 0x08, 0x63, 0x08, 0x63, 0x08, 0x63, 0x08, 0x63, 0x08, 0x63, 0x08, 0x63, 0x08, 0x63, 0x08, 0x63, 0x08, 0x63, 0x08, 0x63, 0x08,
  0xa4, 0x10, 0x63, 0x08, 0x63, 0x08, 0x63, 0x08, 0x63, 0x08, 0x63, 0x08, 0x63, 0x08, 0x63, 0x08, 0x63, 0x08, 0x63, 0x08, 0x63, 0x08, 0x63, 0x08, 0x63, 0x08, 0x63, 0x08, 0x63, 0x08, 0x63, 0x08,
  0x63, 0x08, 0x63, 0x08, 0x63, 0x08, 0x63, 0x08, 0x63, 0x08, 0x63, 0x08, 0x63, 0x08, 0x63, 0x08, 0x63, 0x08, 0x63, 0x08, 0x63, 0x08, 0x63, 0x08, 0x63, 0x08, 0x63, 0x08, 0x63, 0x08, 0x63, 0x08,
  0xa4, 0x10, 0x63, 0x08, 0x63, 0x08, 0x63, 0x08, 0x63, 0x08, 0x63, 0x08, 0x63, 0x08, 0x63, 0x08, 0x63, 0x08, 0x63, 0x08, 0x63, 0x08, 0x63, 0x08, 0x63, 0x08, 0x63, 0x08, 0x63, 0x08, 0x63, 0x08,
  0x63, 0x08, 0x63, 0x08, 0x63, 0x08, 0x63, 0x08, 0x63, 0x08, 0x63, 0x08, 0x63, 0x08, 0x63, 0x08, 0x63, 0x08, 0x63, 0x08, 0x63, 0x08, 0x63, 0x08, 0x63, 0x08, 0x63, 0x08, 0x63, 0x08, 0x63, 0x08,
  0xa4, 0x10, 0x63, 0x08, 0x63, 0x08, 0x63, 0x08, 0x63, 0x08, 0x63, 0x08, 0x63, 0x08, 0x63, 0x08, 0x63, 0x08, 0x63, 0x08, 0x63, 0x08, 0x63, 0x08, 0x63, 0x08, 0x63, 0x08, 0x63, 0x08, 0x63, 0x08,
  0x63, 0x08, 0x63, 0x08, 0x63, 0x08, 0x63, 0x08, 0x63, 0x08, 0x63, 0x08, 0x63, 0x08, 0x63, 0x08, 0x63, 0x08, 0x63, 0x08, 0x63, 0x08, 0x63, 0x08, 0x63, 0x08, 0x63, 0x08, 0x63, 0x08, 0x63, 0x08,
  0xa4, 0x10, 0x63, 0x08, 0x63, 0x08, 0x63, 0x08, 0x63, 0x08, 0x63, 0x08, 0x63, 0x08, 0x63, 0x08, 0x63, 0x08, 0x63, 0x08, 0x63, 0x08, 0x63, 0x08, 0x63, 0x08, 0x63, 0x08, 0x63, 0x08, 0x63, 0x08,
  0x63, 0x08, 0x63, 0x08, 0x63, 0x08, 0x63, 0x08, 0x63, 0x08, 0x63, 0x08, 0x63, 0x08, 0x63, 0x08, 0x63, 0x08, 0x63, 0x08, 0x63, 0x08, 0x63, 0x08, 0x63, 0x08, 0x63, 0x08, 0x63, 0x08, 0x63, 0x08,
  0xa4, 0x10, 0x63, 0x08, 0x63, 0x08, 0x63, 0x08, 0x63, 0x08, 0x63, 0x08, 0x63, 0x08, 0x63, 0x08, 0x63, 0x08, 0x63, 0x08, 0x63, 0x08, 0x63, 0x08, 0x63, 0x08, 0x63, 0x08, 0x63, 0x08, 0x63, 0x08,
  0x63, 0x08, 0x63, 0x08, 0x63, 0x08, 0x63, 0x08, 0x63, 0x08, 0x63, 0x08, 0x63, 0x08, 0x63, 0x08, 0x63, 0x08, 0x63, 0x08, 0x63, 0x08, 0x63, 0x08, 0x63, 0x08, 0x63, 0x08, 0x63, 0x08, 0x63, 0x08,
  0xa4, 0x10, 0x63, 0x08, 0x63, 0x08, 0x63, 0x08, 0x63, 0x08, 0x63, 0x08, 0x63, 0x08, 0x63, 0x08, 0x63, 0x08, 0x63, 0x08, 0x63, 0x08, 0x63, 0x08, 0x63, 0x08, 0x63, 0x08, 0x63, 0x08, 0x63, 0x08,
  0x63, 0x08, 0x63, 0x08, 0x63, 0x08, 0x63, 0x08, 0x63, 0x08, 0x63, 0x08, 0x63, 0x08, 0x63, 0x08, 0x63, 0x08, 0x63, 0x08, 0x63, 0x08, 0x63, 0x08, 0x63, 0x08, 0x63, 0x08, 0x63, 0x08, 0x63, 0x08,
  0xa4, 0x10, 0x63, 0x08, 0x63, 0x08, 0x63, 0x08, 0x63, 0x08, 0x63, 0x08, 0x63, 0x08, 0x63, 0x08, 0x63, 0x08, 0x63, 0x08, 0x63, 0x08, 0x63, 0x08, 0x63, 0x08, 0x63, 0x08, 0x63, 0x08, 0x63, 0x08,
  0x63, 0x08, 0x63, 0x08, 0x63, 0x08, 0x63, 0x08, 0x63, 0x08, 0x63, 0x08, 0x63, 0x08, 0x63, 0x08, 0x63, 0x08, 0x63, 0x08, 0x63, 0x08, 0x63, 0x08, 0x63, 0x08, 0x63, 0x08, 0x63, 0x08, 0x63, 0x08,
  0xa4, 0x10, 0x63, 0x08, 0x63, 0x08, 0x63, 0x08, 0x63, 0x08, 0x63, 0x08, 0x63, 0x08, 0x63, 0x08, 0x63, 0x08, 0x63, 0x08, 0x63, 0x08, 0x63, 0x08, 0x63, 0x08, 0x63, 0x08, 0x63, 0x08, 0x63, 0x08,
  0x63, 0x08, 0x63, 0x08, 0x63, 0x08, 0x63, 0x08, 0x63, 0x08, 0x63, 0x08, 0x63, 0x08, 0x63, 0x08, 0x63, 0x08, 0x63, 0x08, 0x63, 0x08, 0x63, 0x08, 0x63, 0x08, 0x63, 0x08, 0x63, 0x08, 0x63, 0x08,
  0xa4, 0x10, 0x63, 0x08, 0x63, 0x08, 0x63, 0x08, 0x63, 0x08, 0x63, 0x08, 0x63, 0x08, 0x63, 0x08, 0x63, 0x08, 0x63, 0x08, 0x63, 0x08, 0x63, 0x08, 0x63, 0x08, 0x63, 0x08, 0x63, 0x08, 0x63, 0x08,
  0x63, 0x08, 0x63, 0x08, 0x63, 0x08, 0x63, 0x08, 0x63, 0x08, 0x63, 0x08, 0x63, 0x08, 0x63, 0x08, 0x63, 0x08, 0x63, 0x08, 0x63, 0x08, 0x63, 0x08, 0x63, 0x08, 0x63, 0x08, 0x63, 0x08, 0x63, 0x08,
  0xa4, 0x10, 0x63, 0x08, 0x63, 0x08, 0x63, 0x08, 0x63, 0x08, 0x63, 0x08, 0x63, 0x08, 0x63, 0x08, 0x63, 0x08, 0x63, 0x08, 0x63, 0x08, 0x63, 0x08, 0x63, 0x08, 0x63, 0x08, 0x63, 0x08, 0x63, 0x08,
  0x63, 0x08, 0x63, 0x08, 0x63, 0x08, 0x63, 0x08, 0x63, 0x08, 0x63, 0x08, 0x63, 0x08, 0x63, 0x08, 0x63, 0x08, 0x63, 0x08, 0x63, 0x08, 0x63, 0x08, 0x63, 0x08, 0x63, 0x08, 0x63, 0x08, 0x63, 0x08,
  0xa4, 0x10, 0x63, 0x08, 0x63, 0x08, 0x63, 0x08, 0x63, 0x08, 0x63, 0x08, 0x63, 0x08, 0x63, 0x08, 0x63, 0x08, 0x63, 0x08, 0x63, 0x08, 0x63, 0x08, 0x63, 0x08, 0x63, 0x08, 0x63, 0x08, 0x63, 0x08,
  0x63, 0x08, 0x63, 0x08, 0x63, 0x08, 0x63, 0x08, 0x63, 0x08, 0x63, 0x08, 0x63, 0x08, 0x63, 0x08, 0x63, 0x08, 0x63, 0x08, 0x63, 0x08, 0x63, 0x08, 0x63, 0x08, 0x63, 0x08, 0x63, 0x08, 0x63, 0x08,
  0xa4, 0x10, 0x63, 0x08, 0x63, 0x08, 0x63, 0x08, 0x63, 0x08, 0x63, 0x08, 0x63, 0x08, 0x63, 0x08, 0x63, 0x08, 0x63, 0x08, 0x63, 0x08, 0x63, 0x08, 0x63, 0x08, 0x63, 0x08, 0x63, 0x08, 0x63, 0x08,
  0x63, 0x08, 0x63, 0x08, 0x63, 0x08, 0x63, 0x08, 0x63, 0x08, 0x63, 0x08, 0x63, 0x08, 0x63, 0x08, 0x63, 0x08, 0x63, 0x08, 0x63, 0x08, 0x63, 0x08, 0x63, 0x08, 0x63, 0x08, 0x63, 0x08, 0x63, 0x08,
  0xa4, 0x10, 0x63, 0x08, 0x63, 0x08, 0x63, 0x08, 0x63, 0x08, 0x63, 0x08, 0x63, 0x08, 0x63, 0x08, 0x63, 0x08, 0x63, 0x08, 0x63, 0x08, 0x63, 0x08, 0x63, 0x08, 0x63, 0x08, 0x63, 0x08, 0x63, 0x08,
  0x63, 0x08, 0x63, 0x08, 0x63, 0x08, 0x63, 0x08, 0x63, 0x08, 0x63, 0x08, 0x63, 0x08, 0x63, 0x08, 0x63, 0x08, 0x63, 0x08, 0x63, 0x08, 0x63, 0x08, 0x63, 0x08, 0x63, 0x08, 0x63, 0x08, 0x63, 0x08,
  0xa4, 0x10, 0x63, 0x08, 0x63, 0x08, 0x63, 0x08, 0x63, 0x08, 0x63, 0x08, 0x63, 0x08, 0x63, 0x08, 0x63, 0x08, 0x63, 0x08, 0x63, 0x08, 0x63, 0x08, 0x63, 0x08, 0x63, 0x08, 0x63, 0x08, 0x63, 0x08,
  0x63, 0x08, 0x63, 0x08, 0x63, 0x08, 0x63, 0x08, 0x63, 0x08, 0x63, 0x08, 0x63, 0x08, 0x63, 0x08, 0x63, 0x08, 0x63, 0x08, 0x63, 0x08, 0x63, 0x08, 0x63, 0x08, 0x63, 0x08, 0x63, 0x08, 0x63, 0x08,
  0xa4, 0x10, 0x63, 0x08, 0x63, 0x08, 0x63, 0x08, 0x63, 0x08, 0x63, 0x08, 0x63, 0x08, 0x63, 0x08, 0x63, 0x08, 0x63, 0x08, 0x63, 0x08, 0x63, 0x08, 0x63, 0x08, 0x63, 0x08, 0x63, 0x08, 0x63, 0x08,
  0x63, 0x08, 0x63, 0x08, 0x63, 0x08, 0x63, 0x08, 0x63, 0x08, 0x63, 0x08, 0x63, 0x08, 0x63, 0x08, 0x63, 0x08, 0x63, 0x08, 0x63, 0x08, 0x63, 0x08, 0x63, 0x08, 0x63, 0x08, 0x63, 0x08, 0x63, 0x08,
  0xa4, 0x10, 0x63, 0x08, 0x63, 0x08, 0x63, 0x08, 0x63, 0x08, 0x63, 0x08, 0x63, 0x08, 0x63, 0x08, 0x63, 0x08, 0x63, 0x08, 0x63, 0x08, 0x63, 0x08, 0x63, 0x08, 0x63, 0x08, 0x63, 0x08, 0x63, 0x08,
  0x63, 0x08, 0x63, 0x08, 0x63, 0x08, 0x63, 0x08, 0x63, 0x08, 0x63, 0x08, 0x63, 0x08, 0x63, 0x08, 0x63, 0x08, 0x63, 0x08, 0x63, 0x08, 0x63, 0x08, 0x63, 0x08, 0x63, 0x08, 0x63, 0x08, 0x63, 0x08,
  0xa4, 0x10, 0x63, 0x08, 0x63, 0x08, 0x63, 0x08, 0x63, 0x08, 0x63, 0x08, 0x63, 0x08, 0x63, 0x08, 0x63, 0x08, 0x63, 0x08, 0x63, 0x08, 0x63, 0x08, 0x63, 0x08, 0x63, 0x08, 0x63, 0x08, 0x63, 0x08,
  0x63, 0x08, 0x63, 0x08, 0x63, 0x08, 0x63, 0x08, 0x63, 0x08, 0x63, 0x08, 0x63, 0x08, 0x63, 0x08, 0x63, 0x08, 0x63, 0x08, 0x63, 0x08, 0x63, 0x08, 0x63, 0x08, 0x63, 0x08, 0x63, 0x08, 0x63, 0x08,
  0xa4, 0x10, 0x63, 0x08, 0x63, 0x08, 0x63, 0x08, 0x63, 0x08, 0x63, 0x08, 0x63, 0x08, 0x63, 0x08, 0x63, 0x08, 0x63, 0x08, 0x63, 0x08, 0x63, 0x08, 0x63, 0x08, 0x63, 0x08, 0x63, 0x08, 0x63, 0x08,
  0x63, 0x08, 0x63, 0x08, 0x63, 0x08, 0x63, 0x08, 0x63, 0x08, 0x63, 0x08, 0x63, 0x08, 0x63, 0x08, 0x63, 0x08, 0x63, 0x08, 0x63, 0x08, 0x63, 0x08, 0x63, 0x08, 0x63, 0x08, 0x63, 0x08, 0x63, 0x08,
  0xa4, 0x10, 0x63, 0x08, 0x63, 0x08, 0x63, 0x08, 0x63, 0x08, 0x63, 0x08, 0x63, 0x08, 0x63, 0x08, 0x63, 0x08, 0x63, 0x08, 0x63, 0x08, 0x63, 0x08, 0x63, 0x08, 0x63, 0x08, 0x63, 0x08, 0x63, 0x08,
  0x63, 0x08, 0x63, 0x08, 0x63, 0x08, 0x63, 0x08, 0x63, 0x08, 0x63, 0x08, 0x63, 0x08, 0x63, 0x08, 0x63, 0x08, 0x63, 0x08, 0x63, 0x08, 0x63, 0x08, 0x63, 0x08, 0x63, 0x08, 0x63, 0x08, 0x63, 0x08,
  0xa4, 0x10, 0x63, 0x08, 0x63, 0x08, 0x63, 0x08, 0x63, 0x08, 0x63, 0x08, 0x63, 0x08, 0x63, 0x08, 0x63, 0x08, 0x63, 0x08, 0x63, 0x08, 0x63, 0x08, 0x63, 0x08, 0x63, 0x08, 0x63, 0x08, 0x63, 0x08,
  0x63, 0x08, 0x63, 0x08, 0x63, 0x08, 0x63, 0x08, 0x63, 0x08, 0x63, 0x08, 0x63, 0x08, 0x63, 0x08, 0x63, 0x08, 0x63, 0x08, 0x63, 0x08, 0x63, 0x08, 0x63, 0x08, 0x63, 0x08, 0x63, 0x08, 0x63, 0x08,
  0xa4, 0x10, 0x63, 0x08, 0x63, 0x08, 0x63, 0x08, 0x63, 0x08, 0x63, 0x08, 0x63, 0x08, 0x63, 0x08, 0x63, 0x08, 0x63, 0x08, 0x63, 0x08, 0x63, 0x08, 0x63, 0x08, 0x63, 0x08, 0x63, 0x08, 0x63, 0x08,
  0x63, 0x08, 0x63, 0x08, 0x63, 0x08, 0x63, 0x08, 0x63, 0x08, 0x63, 0x08, 0x63, 0x08, 0x63, 0x08, 0x63, 0x08, 0x63, 0x08, 0x63, 0x08, 0x63, 0x08, 0x63, 0x08, 0x63, 0x08, 0x63, 0x08, 0x63, 0x08,
  0xa4, 0x10, 0x63, 0x08, 0x63, 0x08, 0x63, 0x08, 0x63, 0x08, 0x63, 0x08, 0x63, 0x08, 0x63, 0x08, 0x63, 0x08, 0x63, 0x08, 0x63, 0x08, 0x63, 0x08, 0x63, 0x08, 0x63, 0x08, 0x63, 0x08, 0x63, 0x08,
  0x63, 0x08, 0x63, 0x08, 0x63, 0x08, 0x63, 0x08, 0x63, 0x08, 0x63, 0x08, 0x63, 0x08, 0x63, 0x08, 0x63, 0x08, 0x63, 0x08, 0x63, 0x08, 0x63, 0x08, 0x63, 0x08, 0x63, 0x08, 0x63, 0x08, 0x63, 0x08,
  0xa4, 0x10, 0x63, 0x08, 0x63, 0x08, 0x63, 0x08, 0x63, 0x08, 0x63, 0x08, 0x63, 0x08, 0x63, 0x08, 0x63, 0x08, 0x63, 0x08, 0x63, 0x08, 0x63, 0x08, 0x63, 0x08, 0x63, 0x08, 0x63, 0x08, 0x63, 0x08,
  0x63, 0x08, 0x63, 0x08, 0x63, 0x08, 0x63, 0x08, 0x63, 0x08, 0x63, 0x08, 0x63, 0x08, 0x63, 0x08, 0x63, 0x08, 0x63, 0x08, 0x63, 0x08, 0x63, 0x08, 0x63, 0x08, 0x63, 0x08, 0x63, 0x08, 0x63, 0x08,
  0xa4, 0x10, 0x63, 0x08, 0x63, 0x08, 0x63, 0x08, 0x63, 0x08, 0x63, 0x08, 0x63, 0x08, 0x63, 0x08, 0x63, 0x08, 0x63, 0x08, 0x63, 0x08, 0x63, 0x08, 0x63, 0x08, 0x63, 0x08, 0x63, 0x08, 0x63, 0x08,
  0x63, 0x08, 0x63, 0x08, 0x63, 0x08, 0x63, 0x08, 0x63, 0x08, 0x63, 0x08, 0x63, 0x08, 0x63, 0x08, 0x63, 0x08, 0x63, 0x08, 0x63, 0x08, 0x63, 0x08, 0x63, 0x08, 0x63, 0x08, 0x63, 0x08, 0x63, 0x08,
  0xa4, 0x10, 0x63, 0x08, 0x63, 0x08, 0x63, 0x08, 0x63, 0x08, 0x63, 0x08, 0x63, 0x08, 0x63, 0x08, 0x63, 0x08, 0x63, 0x08, 0x63, 0x08, 0x63, 0x08, 0x63, 0x08, 0x63, 0x08, 0x63, 0x08, 0x63, 0x08,
  0x63, 0x08, 0x63, 0x08, 0x63, 0x08, 0x63, 0x08, 0x63, 0x08, 0x63, 0x08, 0x63, 0x08, 0x63, 0x08, 0x63, 0x08, 0x63, 0x08, 0x63, 0x08, 0x63, 0x08, 0x63, 0x08, 0x63, 0x08, 0x63, 0x08, 0x63, 0x08,
  0xa4, 0x10, 0x63, 0x08, 0x63, 0x08, 0x63, 0x08, 0x63, 0x08, 0x63, 0x08, 0x63, 0x08, 0x63, 0x08, 0x63, 0x08, 0x63, 0x08, 0x63, 0x08, 0x63, 0x08, 0x63, 0x08, 0x63, 0x08, 0x63, 0x08, 0x63, 0x08,
  0x63, 0x08, 0x63, 0x08, 0x63, 0x08, 0x63, 0x08, 0x63, 0x08, 0x63, 0x08, 0x63, 0x08, 0x63, 0x08, 0x63, 0x08, 0x63, 0x08, 0x63, 0x08, 0x63, 0x08, 0x63, 0x08, 0x63, 0x08, 0x63, 0x08, 0x63, 0x08,
  0xa4, 0x10, 0x63, 0x08, 0x63, 0x08, 0x63, 0x08, 0x63, 0x08, 0x63, 0x08, 0x63, 0x08, 0x63, 0x08, 0x63, 0x08, 0x63, 0x08, 0x63, 0x08, 0x63, 0x08, 0x63, 0x08, 0x63, 0x08, 0x63, 0x08, 0x63, 0x08,
  0x63, 0x08, 0x63, 0x08, 0x63, 0x08, 0x63, 0x08, 0x63, 0x08, 0x63, 0x08, 0x63, 0x08, 0x63, 0x08, 0x63, 0x08, 0x63, 0x08, 0x63, 0x08, 0x63, 0x08, 0x63, 0x08, 0x63, 0x08, 0x63, 0x08, 0x63, 0x08,
  0xa4, 0x10, 0x63, 0x08, 0x63, 0x08, 0x63, 0x08, 0x63, 0x08, 0x63, 0x08, 0x63, 0x08, 0x63, 0x08, 0x63, 0x08, 0x63, 0x08, 0x63, 0x08, 0x63, 0x08, 0x63, 0x08, 0x63, 0x08, 0x63, 0x08, 0x63, 0x08,
  0x63, 0x08, 0x63, 0x08, 0x63, 0x08, 0x63, 0x08, 0x63, 0x08, 0x63, 0x08, 0x63, 0x08, 0x63, 0x08, 0x63, 0x08, 0x63, 0x08, 0x63, 0x08, 0x63, 0x08, 0x63, 0x08, 0x63, 0x08, 0x63, 0x08, 0x63, 0x08,
  0xa4, 0x10, 0x63, 0x08, 0x63, 0x08, 0x63, 0x08, 0x63, 0x08, 0x63, 0x08, 0x63, 0x08, 0x63, 0x08, 0x63, 0x08, 0x63, 0x08, 0x63, 0x08, 0x63, 0x08, 0x63, 0x08, 0x63, 0x08, 0x63, 0x08, 0x63, 0x08,
  0x63, 0x08, 0x63, 0x08, 0x63, 0x08, 0x63, 0x08, 0x63, 0x08, 0x63, 0x08, 0x63, 0x08, 0x63, 0x08, 0x63, 0x08, 0x63, 0x08, 0x63, 0x08, 0x63, 0x08, 0x63, 0x08, 0x63, 0x08, 0x63, 0x08, 0x63, 0x08,
  0xa4, 0x10, 0x63, 0x08, 0x63, 0x08, 0x63, 0x08, 0x63, 0x08, 0x63, 0x08, 0x63, 0x08, 0x63, 0x08, 0x63, 0x08, 0x63, 0x08, 0x63, 0x08, 0x63, 0x08, 0x63, 0x08, 0x63, 0x08, 0x63, 0x08, 0x63, 0x08,
  0x63, 0x08, 0x63, 0x08, 0x63, 0x08, 0x63, 0x08, 0x63, 0x08, 0x63, 0x08, 0x63, 0x08, 0x63, 0x08, 0x63, 0x08, 0x63, 0x08, 0x63, 0x08, 0x63, 0x08, 0x63, 0x08, 0x63, 0x08, 0x63, 0x08, 0x63, 0x08,
  0xa4, 0x10, 0x63, 0x08, 0x63, 0x08, 0x63, 0x08, 0x63, 0x08, 0x63, 0x08, 0x63, 0x08, 0x63, 0x08, 0x63, 0x08, 0x63, 0x08, 0x63, 0x08, 0x63, 0x08, 0x63, 0x08, 0x63, 0x08, 0x63, 0x08, 0x63, 0x08,
  0x63, 0x08, 0x63, 0x08, 0x63, 0x08, 0x63, 0x08, 0x63, 0x08, 0x63, 0x08, 0x63, 0x08, 0x63, 0x08, 0x63, 0x08, 0x63, 0x08, 0x63, 0x08, 0x63, 0x08, 0x63, 0x08, 0x63, 0x08, 0x63, 0x08, 0x63, 0x08,
  0xa4, 0x10, 0x63, 0x08, 0x63, 0x08, 0x63, 0x08, 0x63, 0x08, 0x63, 0x08, 0x63, 0x08, 0x63, 0x08, 0x63, 0x08, 0x63, 0x08, 0x63, 0x08, 0x63, 0x08, 0x63, 0x08, 0x63, 0x08, 0x63, 0x08, 0x63, 0x08,
  0x63, 0x08, 0x63, 0x08, 0x63, 0x08, 0x63, 0x08, 0x63, 0x08, 0x63, 0x08, 0x63, 0x08, 0x63, 0x08, 0x63, 0x08, 0x63, 0x08, 0x63, 0x08, 0x63, 0x08, 0x63, 0x08, 0x63, 0x08, 0x63, 0x08, 0x63, 0x08,
  0xa4, 0x10, 0x63, 0x08, 0x63, 0x08, 0x63, 0x08, 0x63, 0x08, 0x63, 0x08, 0x63, 0x08, 0x63, 0x08, 0x63, 0x08, 0x63, 0x08, 0x63, 0x08, 0x63, 0x08, 0x63, 0x08, 0x63, 0x08, 0x63, 0x08, 0x63, 0x08,
  0x63, 0x08, 0x63, 0x08, 0x63, 0x08, 0x63, 0x08, 0x63, 0x08, 0x63, 0x08, 0x63, 0x08, 0x63, 0x08, 0x63, 0x08, 0x63, 0x08, 0x63, 0x08, 0x63, 0x08, 0x63, 0x08, 0x63, 0x08, 0x63, 0x08, 0x63, 0x08,
  0xa4, 0x10, 0x63, 0x08, 0x63, 0x08, 0x63, 0x08, 0x63, 0x08, 0x63, 0x08, 0x63, 0x08, 0x63, 0x08, 0x63, 0x08, 0x63, 0x08, 0x63, 0x08, 0x63, 0x08, 0x63, 0x08, 0x63, 0x08, 0x63, 0x08, 0x63, 0x08,
  0x63, 0x08, 0x63, 0x08, 0x63, 0x08, 0x63, 0x08, 0x63, 0x08, 0x63, 0x08, 0x63, 0x08, 0x63, 0x08, 0x63, 0x08, 0x63, 0x08, 0x63, 0x08, 0x63, 0x08, 0x63, 0x08, 0x63, 0x08, 0x63, 0x08, 0x63, 0x08,
  0xa4, 0x10, 0x63, 0x08, 0x63, 0x08, 0x63, 0x08, 0x63, 0x08, 0x63, 0x08, 0x63, 0x08, 0x63, 0x08, 0x63, 0x08, 0x63, 0x08, 0x63, 0x08, 0x63, 0x08, 0x63, 0x08, 0x63, 0x08, 0x63, 0x08, 0x63, 0x08,
  0x63, 0x08, 0x63, 0x08, 0x63, 0x08, 0x63, 0x08, 0x63, 0x08, 0x63, 0x08, 0x63, 0x08, 0x63, 0x08, 0x63, 0x08, 0x63, 0x08, 0x63, 0x08, 0x63, 0x08, 0x63, 0x08, 0x63, 0x08, 0x63, 0x08, 0x63, 0x08,
  0xa4, 0x10, 0x63, 0x08, 0x63, 0x08, 0x63, 0x08, 0x63, 0x08, 0x63, 0x08, 0x63, 0x08, 0x63, 0x08, 0x63, 0x08, 0x63, 0x08, 0x63, 0x08, 0x63, 0x08, 0x63, 0x08, 0x63, 0x08, 0x63, 0x08, 0x63, 0x08,
  0x63, 0x08, 0x63, 0x08, 0x63, 0x08, 0x63, 0x08, 0x63, 0x08, 0x63, 0x08, 0x63, 0x08, 0x63, 0x08, 0x63, 0x08, 0x63, 0x08, 0x63, 0x08, 0x63, 0x08, 0x63, 0x08, 0x63, 0x08, 0x63, 0x08, 0x63, 0x08,
  0x84, 0x10, 0x43, 0x08, 0x43, 0x08, 0x43, 0x08, 0x43, 0x08, 0x43, 0x08, 0x43, 0x08, 0x43, 0x08, 0x43, 0x08, 0x43, 0x08, 0x43, 0x08, 0x43, 0x08, 0x43, 0x08, 0x43, 0x08, 0x43, 0x08, 0x43, 0x08,
  0x43, 0x08, 0x43, 0x08, 0x43, 0x08, 0x43, 0x08, 0x43, 0x08, 0x43, 0x08, 0x43, 0x08, 0x43, 0x08, 0x43, 0x08, 0x43, 0x08, 0x43, 0x08, 0x43, 0x08, 0x43, 0x08, 0x43, 0x08, 0x43, 0x08, 0x43, 0x08,
  0x84, 0x10, 0x43, 0x08, 0x43, 0x08, 0x43, 0x08, 0x43, 0x08, 0x43, 0x08, 0x43, 0x08, 0x43, 0x08, 0x43, 0x08, 0x43, 0x08, 0x43, 0x08, 0x43, 0x08, 0x43, 0x08, 0x43, 0x08, 0x43, 0x08, 0x43, 0x08,
  0x43, 0x08, 0x43, 0x08, 0x43, 0x08, 0x43, 0x08, 0x43, 0x08, 0x43, 0x08, 0x43, 0x08, 0x43, 0x08, 0x43, 0x08, 0x43, 0x08, 0x43, 0x08, 0x43, 0x08, 0x43, 0x08, 0x43, 0x08, 0x43, 0x08, 0x43, 0x08,
  0x84, 0x10, 0x43, 0x08, 0x43, 0x08, 0x43, 0x08, 0x43, 0x08, 0x43, 0x08, 0x43, 0x08, 0x43, 0x08, 0x43, 0x08, 0x43, 0x08, 0x43, 0x08, 0x43, 0x08, 0x43, 0x08, 0x43, 0x08, 0x43, 0x08, 0x43, 0x08,
  0x43, 0x08, 0x43, 0x08, 0x43, 0x08, 0x43, 0x08, 0x43, 0x08, 0x43, 0x08, 0x43, 0x08, 0x43, 0x08, 0x43, 0x08, 0x43, 0x08, 0x43, 0x08, 0x43, 0x08, 0x43, 0x08, 0x43, 0x08, 0x43, 0x08, 0x43, 0x08,
  0x84, 0x10, 0x43, 0x08, 0x43, 0x08, 0x43, 0x08, 0x43, 0x08, 0x43, 0x08, 0x43, 0x08, 0x43, 0x08, 0x43, 0x08, 0x43, 0x08, 0x43, 0x08, 0x43, 0x08, 0x43, 0x08, 0x43, 0x08, 0x43, 0x08, 0x43, 0x08,
  0x43, 0x08, 0x43, 0x08, 0x43, 0x08, 0x43, 0x08, 0x43, 0x08, 0x43, 0x08, 0x43, 0x08, 0x43, 0x08, 0x43, 0x08, 0x43, 0x08, 0x43, 0x08, 0x43, 0x08, 0x43, 0x08, 0x43, 0x08, 0x43, 0x08, 0x43, 0x08,
  0x84, 0x10, 0x43, 0x08, 0x43, 0x08, 0x43, 0x08, 0x43, 0x08, 0x43, 0x08, 0x43, 0x08, 0x43, 0x08, 0x43, 0x08, 0x43, 0x08, 0x43, 0x08, 0x43, 0x08, 0x43, 0x08, 0x43, 0x08, 0x43, 0x08, 0x43, 0x08,
  0x43, 0x08, 0x43, 0x08, 0x43, 0x08, 0x43, 0x08, 0x43, 0x08, 0x43, 0x08, 0x43, 0x08, 0x43, 0x08, 0x43, 0x08, 0x43, 0x08, 0x43, 0x08, 0x43, 0x08, 0x43, 0x08, 0x43, 0x08, 0x43, 0x08, 0x43, 0x08,
  0x84, 0x10, 0x43, 0x08, 0x43, 0x08, 0x43, 0x08, 0x43, 0x08, 0x43, 0x08, 0x43, 0x08, 0x43, 0x08, 0x43, 0x08, 0x43, 0x08, 0x43, 0x08, 0x43, 0x08, 0x43, 0x08, 0x43, 0x08, 0x43, 0x08, 0x43, 0x08,
  0x43, 0x08, 0x43, 0x08, 0x43, 0x08, 0x43, 0x08, 0x43, 0x08, 0x43, 0x08, 0x43, 0x08, 0x43, 0x08, 0x43, 0x08, 0x43, 0x08, 0x43, 0x08, 0x43, 0x08, 0x43, 0x08, 0x43, 0x08, 0x43, 0x08, 0x43, 0x08,
  0x84, 0x10, 0x43, 0x08, 0x43, 0x08, 0x43, 0x08, 0x43, 0x08, 0x43, 0x08, 0x43, 0x08, 0x43, 0x08, 0x43, 0x08, 0x43, 0x08, 0x43, 0x08, 0x43, 0x08, 0x43, 0x08, 0x43, 0x08, 0x43, 0x08, 0x43, 0x08,
  0x43, 0x08, 0x43, 0x08, 0x43, 0x08, 0x43, 0x08, 0x43, 0x08, 0x43, 0x08, 0x43, 0x08, 0x43, 0x08, 0x43, 0x08, 0x43, 0x08, 0x43, 0x08, 0x43, 0x08, 0x43, 0x08, 0x43, 0x08, 0x43, 0x08, 0x43, 0x08,
  0x84, 0x10, 0x43, 0x08, 0x43, 0x08, 0x43, 0x08, 0x43, 0x08, 0x43, 0x08, 0x43, 0x08, 0x43, 0x08, 0x43, 0x08, 0x43, 0x08, 0x43, 0x08, 0x43, 0x08, 0x43, 0x08, 0x43, 0x08, 0x43, 0x08, 0x43, 0x08,
  0x43, 0x08, 0x43, 0x08, 0x43, 0x08, 0x43, 0x08, 0x43, 0x08, 0x43, 0x08, 0x43, 0x08, 0x43, 0x08, 0x43, 0x08, 0x43, 0x08, 0x43, 0x08, 0x43, 0x08, 0x43, 0x08, 0x43, 0x08, 0x43, 0x08, 0x43, 0x08,
  0x84, 0x10, 0x43, 0x08, 0x43, 0x08, 0x43, 0x08, 0x43, 0x08, 0x43, 0x08, 0x43, 0x08, 0x43, 0x08, 0x43, 0x08, 0x43, 0x08, 0x43, 0x08, 0x43, 0x08, 0x43, 0x08, 0x43, 0x08, 0x43, 0x08, 0x43, 0x08,
  0x43, 0x08, 0x43, 0x08, 0x43, 0x08, 0x43, 0x08, 0x43, 0x08, 0x43, 0x08, 0x43, 0x08, 0x43, 0x08, 0x43, 0x08, 0x43, 0x08, 0x43, 0x08, 0x43, 0x08, 0x43, 0x08, 0x43, 0x08, 0x43, 0x08, 0x43, 0x08,
  0x84, 0x10, 0x43, 0x08, 0x43, 0x08, 0x43, 0x08, 0x43, 0x08, 0x43, 0x08, 0x43, 0x08, 0x43, 0x08, 0x43, 0x08, 0x43, 0x08, 0x43, 0x08, 0x43, 0x08, 0x43, 0x08, 0x43, 0x08, 0x43, 0x08, 0x43, 0x08,
  0x43, 0x08, 0x43, 0x08, 0x43, 0x08, 0x43, 0x08, 0x43, 0x08, 0x43, 0x08, 0x43, 0x08, 0x43, 0x08, 0x43, 0x08, 0x43, 0x08, 0x43, 0x08, 0x43, 0x08, 0x43, 0x08, 0x43, 0x08, 0x43, 0x08, 0x43, 0x08,
  0x84, 0x10, 0x43, 0x08, 0x43, 0x08, 0x43, 0x08, 0x43, 0x08, 0x43, 0x08, 0x43, 0x08, 0x43, 0x08, 0x43, 0x08, 0x43, 0x08, 0x43, 0x08, 0x43, 0x08, 0x43, 0x08, 0x43, 0x08, 0x43, 0x08, 0x43, 0x08,
  0x43, 0x08, 0x43, 0x08, 0x43, 0x08, 0x43, 0x08, 0x43, 0x08, 0x43, 0x08, 0x43, 0x08, 0x43, 0x08, 0x43, 0x08, 0x43, 0x08, 0x43, 0x08, 0x43, 0x08, 0x43, 0x08, 0x43, 0x08, 0x43, 0x08, 0x43, 0x08,
  0x84, 0x10, 0x43, 0x08, 0x43, 0x08, 0x43, 0x08, 0x43, 0x08, 0x43, 0x08, 0x43, 0x08, 0x43, 0x08, 0x43, 0x08, 0x43, 0x08, 0x43, 0x08, 0x43, 0x08, 0x43, 0x08, 0x43, 0x08, 0x43, 0x08, 0x43, 0x08,
  0x43, 0x08, 0x43, 0x08, 0x43, 0x08, 0x43, 0x08, 0x43, 0x08, 0x43, 0x08, 0x43, 0x08, 0x43, 0x08, 0x43, 0x08, 0x43, 0x08, 0x43, 0x08, 0x43, 0x08, 0x43, 0x08, 0x43, 0x08, 0x43, 0x08, 0x43, 0x08,
  0x84, 0x10, 0x43, 0x08, 0x43, 0x08, 0x43, 0x08, 0x43, 0x08, 0x43, 0x08, 0x43, 0x08, 0x43, 0x08, 0x43, 0x08, 0x43, 0x08, 0x43, 0x08, 0x43, 0x08, 0x43, 0x08, 0x43, 0x08, 0x43, 0x08, 0x43, 0x08,
  0x43, 0x08, 0x43, 0x08, 0x43, 0x08, 0x43, 0x08, 0x43, 0x08, 0x43, 0x08, 0x43, 0x08, 0x43, 0x08, 0x43, 0x08, 0x43, 0x08, 0x43, 0x08, 0x43, 0x08, 0x43, 0x08, 0x43, 0x08, 0x43, 0x08, 0x43, 0x08,
  0x84, 0x10, 0x43, 0x08, 0x43, 0x08, 0x43, 0x08, 0x43, 0x08, 0x43, 0x08, 0x43, 0x08, 0x43, 0x08, 0x43, 0x08, 0x43, 0x08, 0x43, 0x08, 0x43, 0x08, 0x43, 0x08, 0x43, 0x08, 0x43, 0x08, 0x43, 0x08,
  0x43, 0x08, 0x43, 0x08, 0x43, 0x08, 0x43, 0x08, 0x43, 0x08, 0x43, 0x08, 0x43, 0x08, 0x43, 0x08, 0x43, 0x08, 0x43, 0x08, 0x43, 0x08, 0x43, 0x08, 0x43, 0x08, 0x43, 0x08, 0x43, 0x08, 0x43, 0x08,
  0x84, 0x10, 0x43, 0x08, 0x43, 0x08, 0x43, 0x08, 0x43, 0x08, 0x43, 0x08, 0x43, 0x08, 0x43, 0x08, 0x43, 0x08, 0x43, 0x08, 0x43, 0x08, 0x43, 0x08, 0x43, 0x08, 0x43, 0x08, 0x43, 0x08, 0x43, 0x08,
  0x43, 0x08, 0x43, 0x08, 0x43, 0x08, 0x43, 0x08, 0x43, 0x08, 0x43, 0x08, 0x43, 0x08, 0x43, 0x08, 0x43, 0x08, 0x43, 0x08, 0x43, 0x08, 0x43, 0x08, 0x43, 0x08, 0x43, 0x08, 0x43, 0x08, 0x43, 0x08,
  0x84, 0x10, 0x43, 0x08, 0x43, 0x08, 0x43, 0x08, 0x43, 0x08, 0x43, 0x08, 0x43, 0x08, 0x43, 0x08, 0x43, 0x08, 0x43, 0x08, 0x43, 0x08, 0x43, 0x08, 0x43, 0x08, 0x43, 0x08, 0x43, 0x08, 0x43, 0x08,
  0x43, 0x08, 0x43, 0x08, 0x43, 0x08, 0x43, 0x08, 0x43, 0x08, 0x43, 0x08, 0x43, 0x08, 0x43, 0x08, 0x43, 0x08, 0x43, 0x08, 0x43, 0x08, 0x43, 0x08, 0x43, 0x08, 0x43, 0x08, 0x43, 0x08, 0x43, 0x08,
  0x84, 0x10, 0x43, 0x08, 0x43, 0x08, 0x43, 0x08, 0x43, 0x08, 0x43, 0x08, 0x43, 0x08, 0x43, 0x08, 0x43, 0x08, 0x43, 0x08, 0x43, 0x08, 0x43, 0x08, 0x43, 0x08, 0x43, 0x08, 0x43, 0x08, 0x43, 0x08,
  0x43, 0x08, 0x43, 0x08, 0x43, 0x08, 0x43, 0x08, 0x43, 0x08, 0x43, 0x08, 0x43, 0x08, 0x43, 0x08, 0x43, 0x08, 0x43, 0x08, 0x43, 0x08, 0x43, 0x08, 0x43, 0x08, 0x43, 0x08, 0x43, 0x08, 0x43, 0x08,
  0x84, 0x10, 0x43, 0x08, 0x43, 0x08, 0x43, 0x08, 0x43, 0x08, 0x43, 0x08, 0x43, 0x08, 0x43, 0x08, 0x43, 0x08, 0x43, 0x08, 0x43, 0x08, 0x43, 0x08, 0x43, 0x08, 0x43, 0x08, 0x43, 0x08, 0x43, 0x08,
  0x43, 0x08, 0x43, 0x08, 0x43, 0x08, 0x43, 0x08, 0x43, 0x08, 0x43, 0x08, 0x43, 0x08, 0x43, 0x08, 0x43, 0x08, 0x43, 0x08, 0x43, 0x08, 0x43, 0x08, 0x43, 0x08, 0x43, 0x08, 0x43, 0x08, 0x43, 0x08,
  0x84, 0x10, 0x43, 0x08, 0x43, 0x08, 0x43, 0x08, 0x43, 0x08, 0x43, 0x08, 0x43, 0x08, 0x43, 0x08, 0x43, 0x08, 0x43, 0x08, 0x43, 0x08, 0x43, 0x08, 0x43, 0x08, 0x43, 0x08, 0x43, 0x08, 0x43, 0x08,
  0x43, 0x08, 0x43, 0x08, 0x43, 0x08, 0x43, 0x08, 0x43, 0x08, 0x43, 0x08, 0x43, 0x08, 0x43, 0x08, 0x43, 0x08, 0x43, 0x08, 0x43, 0x08, 0x43, 0x08, 0x43, 0x08, 0x43, 0x08, 0x43, 0x08, 0x43, 0x08,
  0x84, 0x10, 0x43, 0x08, 0x43, 0x08, 0x43, 0x08, 0x43, 0x08, 0x43, 0x08, 0x43, 0x08, 0x43, 0x08, 0x43, 0x08, 0x43, 0x08, 0x43, 0x08, 0x43, 0x08, 0x43, 0x08, 0x43, 0x08, 0x43, 0x08, 0x43, 0x08,
  0x43, 0x08, 0x43, 0x08, 0x43, 0x08, 0x43, 0x08, 0x43, 0x08, 0x43, 0x08, 0x43, 0x08, 0x43, 0x08, 0x43, 0x08, 0x43, 0x08, 0x43, 0x08, 0x43, 0x08, 0x43, 0x08, 0x43, 0x08, 0x43, 0x08, 0x43, 0x08,
  0x84, 0x10, 0x43, 0x08, 0x43, 0x08, 0x43, 0x08, 0x43, 0x08, 0x43, 0x08, 0x43, 0x08, 0x43, 0x08, 0x43, 0x08, 0x43, 0x08, 0x43, 0x08, 0x43, 0x08, 0x43, 0x08, 0x43, 0x08, 0x43, 0x08, 0x43, 0x08,
  0x43, 0x08, 0x43, 0x08, 0x43, 0x08, 0x43, 0x08, 0x43, 0x08, 0x43, 0x08, 0x43, 0x08, 0x43, 0x08, 0x43, 0x08, 0x43, 0x08, 0x43, 0x08, 0x43, 0x08, 0x43, 0x08, 0x43, 0x08, 0x43, 0x08, 0x43, 0x08,
  0x84, 0x10, 0x43, 0x08, 0x43, 0x08, 0x43, 0x08, 0x43, 0x08, 0x43, 0x08, 0x43, 0x08, 0x43, 0x08, 0x43, 0x08, 0x43, 0x08, 0x43, 0x08, 0x43, 0x08, 0x43, 0x08, 0x43, 0x08, 0x43, 0x08, 0x43, 0x08,
  0x43, 0x08, 0x43, 0x08, 0x43, 0x08, 0x43, 0x08, 0x43, 0x08, 0x43, 0x08, 0x43, 0x08, 0x43, 0x08, 0x43, 0x08, 0x43, 0x08, 0x43, 0x08, 0x43, 0x08, 0x43, 0x08, 0x43, 0x08, 0x43, 0x08, 0x43, 0x08,
  0x84, 0x10, 0x43, 0x08, 0x43, 0x08, 0x43, 0x08, 0x43, 0x08, 0x43, 0x08, 0x43, 0x08, 0x43, 0x08, 0x43, 0x08, 0x43, 0x08, 0x43, 0x08, 0x43, 0x08, 0x43, 0x08, 0x43, 0x08, 0x43, 0x08, 0x43, 0x08,
  0x43, 0x08, 0x43, 0x08, 0x43, 0x08, 0x43, 0x08, 0x43, 0x08, 0x43, 0x08, 0x43, 0x08, 0x43, 0x08, 0x43, 0x08, 0x43, 0x08, 0x43, 0x08, 0x43, 0x08, 0x43, 0x08, 0x43, 0x08, 0x43, 0x08, 0x43, 0x08,
  0x84, 0x10, 0x43, 0x08, 0x43, 0x08, 0x43, 0x08, 0x43, 0x08, 0x43, 0x08, 0x43, 0x08, 0x43, 0x08, 0x43, 0x08, 0x43, 0x08, 0x43, 0x08, 0x43, 0x08, 0x43, 0x08, 0x43, 0x08, 0x43, 0x08, 0x43, 0x08,
  0x43, 0x08, 0x43, 0x08, 0x43, 0x08, 0x43, 0x08, 0x43, 0x08, 0x43, 0x08, 0x43, 0x08, 0x43, 0x08, 0x43, 0x08, 0x43, 0x08, 0x43, 0x08, 0x43, 0x08, 0x43, 0x08, 0x43, 0x08, 0x43, 0x08, 0x43, 0x08,
  0x84, 0x10, 0x43, 0x08, 0x43, 0x08, 0x43, 0x08, 0x43, 0x08, 0x43, 0x08, 0x43, 0x08, 0x43, 0x08, 0x43, 0x08, 0x43, 0x08, 0x43, 0x08, 0x43, 0x08, 0x43, 0x08, 0x43, 0x08, 0x43, 0x08, 0x43, 0x08,
  0x43, 0x08, 0x43, 0x08, 0x43, 0x08, 0x43, 0x08, 0x43, 0x08, 0x43, 0x08, 0x43, 0x08, 0x43, 0x08, 0x43, 0x08, 0x43, 0x08, 0x43, 0x08, 0x43, 0x08, 0x43, 0x08, 0x43, 0x08, 0x43, 0x08, 0x43, 0x08,
  0x84, 0x10, 0x43, 0x08, 0x43, 0x08, 0x43, 0x08, 0x43, 0x08, 0x43, 0x08, 0x43, 0x08, 0x43, 0x08, 0x43, 0x08, 0x43, 0x08, 0x43, 0x08, 0x43, 0x08, 0x43, 0x08, 0x43, 0x08, 0x43, 0x08, 0x43, 0x08,
  0x43, 0x08, 0x43, 0x08, 0x43, 0x08, 0x43, 0x08, 0x43, 0x08, 0x43, 0x08, 0x43, 0x08, 0x43, 0x08, 0x43, 0x08, 0x43, 0x08, 0x43, 0x08, 0x43, 0x08, 0x43, 0x08, 0x43, 0x08, 0x43, 0x08, 0x43, 0x08,
  0x84, 0x10, 0x43, 0x08, 0x43, 0x08, 0x43, 0x08, 0x43, 0x08, 0x43, 0x08, 0x43, 0x08, 0x43, 0x08, 0x43, 0x08, 0x43, 0x08, 0x43, 0x08, 0x43, 0x08, 0x43, 0x08, 0x43, 0x08, 0x43, 0x08, 0x43, 0x08,
  0x43, 0x08, 0x43, 0x08, 0x43, 0x08, 0x43, 0x08, 0x43, 0x08, 0x43, 0x08, 0x43, 0x08, 0x43, 0x08, 0x43, 0x08, 0x43, 0x08, 0x43, 0x08, 0x43, 0x08, 0x43, 0x08, 0x43, 0x08, 0x43, 0x08, 0x43, 0x08,
  0x84, 0x10, 0x43, 0x08, 0x43, 0x08, 0x43, 0x08, 0x43, 0x08, 0x43, 0x08, 0x43, 0x08, 0x43, 0x08, 0x43, 0x08, 0x43, 0x08, 0x43, 0x08, 0x43, 0x08, 0x43, 0x08, 0x43, 0x08, 0x43, 0x08, 0x43, 0x08,
  0x43, 0x08, 0x43, 0x08, 0x43, 0x08, 0x43, 0x08, 0x43, 0x08, 0x43, 0x08, 0x43, 0x08, 0x43, 0x08, 0x43, 0x08, 0x43, 0x08, 0x43, 0x08, 0x43, 0x08, 0x43, 0x08, 0x43, 0x08, 0x43, 0x08, 0x43, 0x08,
  0x84, 0x10, 0x43, 0x08, 0x43, 0x08, 0x43, 0x08, 0x43, 0x08, 0x43, 0x08, 0x43, 0x08, 0x43, 0x08, 0x43, 0x08, 0x43, 0x08, 0x43, 0x08, 0x43, 0x08, 0x43, 0x08, 0x43, 0x08, 0x43, 0x08, 0x43, 0x08,
  0x43, 0x08, 0x43, 0x08, 0x43, 0x08, 0x43, 0x08, 0x43, 0x08, 0x43, 0x08, 0x43, 0x08, 0x43, 0x08, 0x43, 0x08, 0x43, 0x08, 0x43, 0x08, 0x43, 0x08, 0x43, 0x08, 0x43, 0x08, 0x43, 0x08, 0x43, 0x08,
  0x84, 0x10, 0x43, 0x08, 0x43, 0x08, 0x43, 0x08, 0x43, 0x08, 0x43, 0x08, 0x43, 0x08, 0x43, 0x08, 0x43, 0x08, 0x43, 0x08, 0x43, 0x08, 0x43, 0x08, 0x43, 0x08, 0x43, 0x08, 0x43, 0x08, 0x43, 0x08,
  0x43, 0x08, 0x43, 0x08, 0x43, 0x08, 0x43, 0x08, 0x43, 0x08, 0x43, 0x08, 0x43, 0x08, 0x43, 0x08, 0x43, 0x08, 0x43, 0x08, 0x43, 0x08, 0x43, 0x08, 0x43, 0x08, 0x43, 0x08, 0x43, 0x08, 0x43, 0x08,
  0x84, 0x10, 0x43, 0x08, 0x43, 0x08, 0x43, 0x08, 0x43, 0x08, 0x43, 0x08, 0x43, 0x08, 0x43, 0x08, 0x43, 0x08, 0x43, 0x08, 0x43, 0x08, 0x43, 0x08, 0x43, 0x08, 0x43, 0x08, 0x43, 0x08, 0x43, 0x08,
  0x43, 0x08, 0x43, 0x08, 0x43, 0x08, 0x43, 0x08, 0x43, 0x08, 0x43, 0x08, 0x43, 0x08, 0x43, 0x08, 0x43, 0x08, 0x43, 0x08, 0x43, 0x08, 0x43, 0x08, 0x43, 0x08, 0x43, 0x08, 0x43, 0x08, 0x43, 0x08,
  0x84, 0x10, 0x43, 0x08, 0x43, 0x08, 0x43, 0x08, 0x43, 0x08, 0x43, 0x08, 0x43, 0x08, 0x43, 0x08, 0x43, 0x08, 0x43, 0x08, 0x43, 0x08, 0x43, 0x08, 0x43, 0x08, 0x43, 0x08, 0x43, 0x08, 0x43, 0x08,
  0x43, 0x08, 0x43, 0x08, 0x43, 0x08, 0x43, 0x08, 0x43, 0x08, 0x43, 0x08, 0x43, 0x08, 0x43, 0x08, 0x43, 0x08, 0x43, 0x08, 0x43, 0x08, 0x43, 0x08, 0x43, 0x08, 0x43, 0x08, 0x43, 0x08, 0x43, 0x08,
  0x84, 0x10, 0x43, 0x08, 0x43, 0x08, 0x43, 0x08, 0x43, 0x08, 0x43, 0x08, 0x43, 0x08, 0x43, 0x08, 0x43, 0x08, 0x43, 0x08, 0x43, 0x08, 0x43, 0x08, 0x43, 0x08, 0x43, 0x08, 0x43, 0x08, 0x43, 0x08,
  0x43, 0x08, 0x43, 0x08, 0x43, 0x08, 0x43, 0x08, 0x43, 0x08, 0x43, 0x08, 0x43, 0x08, 0x43, 0x08, 0x43, 0x08, 0x43, 0x08, 0x43, 0x08, 0x43, 0x08, 0x43, 0x08, 0x43, 0x08, 0x43, 0x08, 0x43, 0x08,
  0x84, 0x10, 0x43, 0x08, 0x43, 0x08, 0x43, 0x08, 0x43, 0x08, 0x43, 0x08, 0x43, 0x08, 0x43, 0x08, 0x43, 0x08, 0x43, 0x08, 0x43, 0x08, 0x43, 0x08, 0x43, 0x08, 0x43, 0x08, 0x43, 0x08, 0x43, 0x08,
  0x43, 0x08, 0x43, 0x08, 0x43, 0x08, 0x43, 0x08, 0x43, 0x08, 0x43, 0x08, 0x43, 0x08, 0x43, 0x08, 0x43, 0x08, 0x43, 0x08, 0x43, 0x08, 0x43, 0x08, 0x43, 0x08, 0x43, 0x08, 0x43, 0x08, 0x43, 0x08,
  0x84, 0x10, 0x43, 0x08, 0x43, 0x08, 0x43, 0x08, 0x43, 0x08, 0x43, 0x08, 0x43, 0x08, 0x43, 0x08, 0x43, 0x08, 0x43, 0x08, 0x43, 0x08, 0x43, 0x08, 0x43, 0x08, 0x43, 0x08, 0x43, 0x08, 0x43, 0x08,
  0x43, 0x08, 0x43, 0x08, 0x43, 0x08, 0x43, 0x08, 0x43, 0x08, 0x43, 0x08, 0x43, 0x08, 0x43, 0x08, 0x43, 0x08, 0x43, 0x08, 0x43, 0x08, 0x43, 0x08, 0x43, 0x08, 0x43, 0x08, 0x43, 0x08, 0x43, 0x08,
  0x84, 0x10, 0x43, 0x08, 0x43, 0x08, 0x43, 0x08, 0x43, 0x08, 0x43, 0x08, 0x43, 0x08, 0x43, 0x08, 0x43, 0x08, 0x43, 0x08, 0x43, 0x08, 0x43, 0x08, 0x43, 0x08, 0x43, 0x08, 0x43, 0x08, 0x43, 0x08,
  0x43, 0x08, 0x43, 0x08, 0x43, 0x08, 0x43, 0x08, 0x43, 0x08, 0x43, 0x08, 0x43, 0x08, 0x43, 0x08, 0x43, 0x08, 0x43, 0x08, 0x43, 0x08, 0x43, 0x08, 0x43, 0x08, 0x43, 0x08, 0x43, 0x08, 0x43, 0x08,
  0x84, 0x10, 0x43, 0x08, 0x43, 0x08, 0x43, 0x08, 0x43, 0x08, 0x43, 0x08, 0x43, 0x08, 0x43, 0x08, 0x43, 0x08, 0x43, 0x08, 0x43, 0x08, 0x43, 0x08, 0x43, 0x08, 0x43, 0x08, 0x43, 0x08, 0x43, 0x08,
  0x43, 0x08, 0x43, 0x08, 0x43, 0x08, 0x43, 0x08, 0x43, 0x08, 0x43, 0x08, 0x43, 0x08, 0x43, 0x08, 0x43, 0x08, 0x43, 0x08, 0x43, 0x08, 0x43, 0x08, 0x43, 0x08, 0x43, 0x08, 0x43, 0x08, 0x43, 0x08,
  0x84, 0x10, 0x43, 0x08, 0x43, 0x08, 0x43, 0x08, 0x43, 0x08, 0x43, 0x08, 0x43, 0x08, 0x43, 0x08, 0x43, 0x08, 0x43, 0x08, 0x43, 0x08, 0x43, 0x08, 0x43, 0x08, 0x43, 0x08, 0x43, 0x08, 0x43, 0x08,
  0x43, 0x08, 0x43, 0x08, 0x43, 0x08, 0x43, 0x08, 0x43, 0x08, 0x43, 0x08, 0x43, 0x08, 0x43, 0x08, 0x43, 0x08, 0x43, 0x08, 0x43, 0x08, 0x43, 0x08, 0x43, 0x08, 0x43, 0x08, 0x43, 0x08, 0x43, 0x08,
  0x84, 0x10, 0x43, 0x08, 0x43, 0x08, 0x43, 0x08, 0x43, 0x08, 0x43, 0x08, 0x43, 0x08, 0x43, 0x08, 0x43, 0x08, 0x43, 0x08, 0x43, 0x08, 0x43, 0x08, 0x43, 0x08, 0x43, 0x08, 0x43, 0x08, 0x43, 0x08,
  0x43, 0x08, 0x43, 0x08, 0x43, 0x08, 0x43, 0x08, 0x43, 0x08, 0x43, 0x08, 0x43, 0x08, 0x43, 0x08, 0x43, 0x08, 0x43, 0x08, 0x43, 0x08, 0x43, 0x08, 0x43, 0x08, 0x43, 0x08, 0x43, 0x08, 0x43, 0x08,
  0x84, 0x10, 0x43, 0x08, 0x43, 0x08, 0x43, 0x08, 0x43, 0x08, 0x43, 0x08, 0x43, 0x08, 0x43, 0x08, 0x43, 0x08, 0x43, 0x08, 0x43, 0x08, 0x43, 0x08, 0x43, 0x08, 0x43, 0x08, 0x43, 0x08, 0x43, 0x08,
  0x43, 0x08, 0x43, 0x08, 0x43, 0x08, 0x43, 0x08, 0x43, 0x08, 0x43, 0x08, 0x43, 0x08, 0x43, 0x08, 0x43, 0x08, 0x43, 0x08, 0x43, 0x08, 0x43, 0x08, 0x43, 0x08, 0x43, 0x08, 0x43, 0x08, 0x43, 0x08,
  0x84, 0x10, 0x43, 0x08, 0x43, 0x08, 0x43, 0x08, 0x43, 0x08, 0x43, 0x08, 0x43, 0x08, 0x43, 0x08, 0x43, 0x08, 0x43, 0x08, 0x43, 0x08, 0x43, 0x08, 0x43, 0x08, 0x43, 0x08, 0x43, 0x08, 0x43, 0x08,
  0x43, 0x08, 0x43, 0x08, 0x43, 0x08, 0x43, 0x08, 0x43, 0x08, 0x43, 0x08, 0x43, 0x08, 0x43, 0x08, 0x43, 0x08, 0x43, 0x08, 0x43, 0x08, 0x43, 0x08, 0x43, 0x08, 0x43, 0x08, 0x43, 0x08, 0x43, 0x08,
  0x84, 0x10, 0x43, 0x08, 0x43, 0x08, 0x43, 0x08, 0x43, 0x08, 0x43, 0x08, 0x43, 0x08, 0x43, 0x08, 0x43, 0x08, 0x43, 0x08, 0x43, 0x08, 0x43, 0x08, 0x43, 0x08, 0x43, 0x08, 0x43, 0x08, 0x43, 0x08,
  0x43, 0x08, 0x43, 0x08, 0x43, 0x08, 0x43, 0x08, 0x43, 0x08, 0x43, 0x08, 0x43, 0x08, 0x43, 0x08, 0x43, 0x08, 0x43, 0x08, 0x43, 0x08, 0x43, 0x08, 0x43, 0x08, 0x43, 0x08, 0x43, 0x08, 0x43, 0x08,
  0x84, 0x10, 0x43, 0x08, 0x43, 0x08, 0x43, 0x08, 0x43, 0x08, 0x43, 0x08, 0x43, 0x08, 0x43, 0x08, 0x43, 0x08, 0x43, 0x08, 0x43, 0x08, 0x43, 0x08, 0x43, 0x08, 0x43, 0x08, 0x43, 0x08, 0x43, 0x08,
  0x43, 0x08, 0x43, 0x08, 0x43, 0x08, 0x43, 0x08, 0x43, 0x08, 0x43, 0x08, 0x43, 0x08, 0x43, 0x08, 0x43, 0x08, 0x43, 0x08, 0x43, 0x08, 0x43, 0x08, 0x43, 0x08, 0x43, 0x08, 0x43, 0x08, 0x43, 0x08,
  0x84, 0x10, 0x43, 0x08, 0x43, 0x08, 0x43, 0x08, 0x43, 0x08, 0x43, 0x08, 0x43, 0x08, 0x43, 0x08, 0x43, 0x08, 0x43, 0x08, 0x43, 0x08, 0x43, 0x08, 0x43, 0x08, 0x43, 0x08, 0x43, 0x08, 0x43, 0x08,
  0x43, 0x08, 0x43, 0x08, 0x43, 0x08, 0x43, 0x08, 0x43, 0x08, 0x43, 0x08, 0x43, 0x08, 0x43, 0x08, 0x43, 0x08, 0x43, 0x08, 0x43, 0x08, 0x43, 0x08, 0x43, 0x08, 0x43, 0x08, 0x43, 0x08, 0x43, 0x08,
  0x84, 0x10, 0x43, 0x08, 0x43, 0x08, 0x43, 0x08, 0x43, 0x08, 0x43, 0x08, 0x43, 0x08, 0x43, 0x08, 0x43, 0x08, 0x43, 0x08, 0x43, 0x08, 0x43, 0x08, 0x43, 0x08, 0x43, 0x08, 0x43, 0x08, 0x43, 0x08,
  0x43, 0x08, 0x43, 0x08, 0x43, 0x08, 0x43, 0x08, 0x43, 0x08, 0x43, 0x08, 0x43, 0x08, 0x43, 0x08, 0x43, 0x08, 0x43, 0x08, 0x43, 0x08, 0x43, 0x08, 0x43, 0x08, 0x43, 0x08, 0x43, 0x08, 0x43, 0x08,
  0x84, 0x10, 0x43, 0x08, 0x43, 0x08, 0x43, 0x08, 0x43, 0x08, 0x43, 0x08, 0x43, 0x08, 0x43, 0x08, 0x43, 0x08, 0x43, 0x08, 0x43, 0x08, 0x43, 0x08, 0x43, 0x08, 0x43, 0x08, 0x43, 0x08, 0x43, 0x08,
  0x43, 0x08, 0x43, 0x08, 0x43, 0x08, 0x43, 0x08, 0x43, 0x08, 0x43, 0x08, 0x43, 0x08, 0x43, 0x08, 0x43, 0x08, 0x43, 0x08, 0x43, 0x08, 0x43, 0x08, 0x43, 0x08, 0x43, 0x08, 0x43, 0x08, 0x43, 0x08,
  0x84, 0x10, 0x43, 0x08, 0x43, 0x08, 0x43, 0x08, 0x43, 0x08, 0x43, 0x08, 0x43, 0x08, 0x43, 0x08, 0x43, 0x08, 0x43, 0x08, 0x43, 0x08, 0x43, 0x08, 0x43, 0x08, 0x43, 0x08, 0x43, 0x08, 0x43, 0x08,
  0x43, 0x08, 0x43, 0x08, 0x43, 0x08, 0x43, 0x08, 0x43, 0x08, 0x43, 0x08, 0x43, 0x08, 0x43, 0x08, 0x43, 0x08, 0x43, 0x08, 0x43, 0x08, 0x43, 0x08, 0x43, 0x08, 0x43, 0x08, 0x43, 0x08, 0x43, 0x08,
  0x84, 0x10, 0x43, 0x08, 0x43, 0x08, 0x43, 0x08, 0x43, 0x08, 0x43, 0x08, 0x43, 0x08, 0x43, 0x08, 0x43, 0x08, 0x43, 0x08, 0x43, 0x08, 0x43, 0x08, 0x43, 0x08, 0x43, 0x08, 0x43, 0x08, 0x43, 0x08,
  0x43, 0x08, 0x43, 0x08, 0x43, 0x08, 0x43, 0x08, 0x43, 0x08, 0x43, 0x08, 0x43, 0x08, 0x43, 0x08, 0x43, 0x08, 0x43, 0x08, 0x43, 0x08, 0x43, 0x08, 0x43, 0x08, 0x43, 0x08, 0x43, 0x08, 0x43, 0x08,
  0x84, 0x10, 0x43, 0x08, 0x43, 0x08, 0x43, 0x08, 0x43, 0x08, 0x43, 0x08, 0x43, 0x08, 0x43, 0x08, 0x43, 0x08, 0x43, 0x08, 0x43, 0x08, 0x43, 0x08, 0x43, 0x08, 0x43, 0x08, 0x43, 0x08, 0x43, 0x08,
  0x43, 0x08, 0x43, 0x08, 0x43, 0x08, 0x43, 0x08, 0x43, 0x08, 0x43, 0x08, 0x43, 0x08, 0x43, 0x08, 0x43, 0x08, 0x43, 0x08, 0x43, 0x08, 0x43, 0x08, 0x43, 0x08, 0x43, 0x08, 0x43, 0x08, 0x43, 0x08,
  0x84, 0x10, 0x43, 0x08, 0x43, 0x08, 0x43, 0x08, 0x43, 0x08, 0x43, 0x08, 0x43, 0x08, 0x43, 0x08, 0x43, 0x08, 0x43, 0x08, 0x43, 0x08, 0x43, 0x08, 0x43, 0x08, 0x43, 0x08, 0x43, 0x08, 0x43, 0x08,
  0x43, 0x08, 0x43, 0x08, 0x43, 0x08, 0x43, 0x08, 0x43, 0x08, 0x43, 0x08, 0x43, 0x08, 0x43, 0x08, 0x43, 0x08, 0x43, 0x08, 0x43, 0x08, 0x43, 0x08, 0x43, 0x08, 0x43, 0x08, 0x43, 0x08, 0x43, 0x08,
  0x84, 0x10, 0x43, 0x08, 0x43, 0x08, 0x43, 0x08, 0x43, 0x08, 0x43, 0x08, 0x43, 0x08, 0x43, 0x08, 0x43, 0x08, 0x43, 0x08, 0x43, 0x08, 0x43, 0x08, 0x43, 0x08, 0x43, 0x08, 0x43, 0x08, 0x43, 0x08,
  0x43, 0x08, 0x43, 0x08, 0x43, 0x08, 0x43, 0x08, 0x43, 0x08, 0x43, 0x08, 0x43, 0x08, 0x43, 0x08, 0x43, 0x08, 0x43, 0x08, 0x43, 0x08, 0x43, 0x08, 0x43, 0x08, 0x43, 0x08, 0x43, 0x08, 0x43, 0x08,
  0x84, 0x10, 0x43, 0x08, 0x43, 0x08, 0x43, 0x08, 0x43, 0x08, 0x43, 0x08, 0x43, 0x08, 0x43, 0x08, 0x43, 0x08, 0x43, 0x08, 0x43, 0x08, 0x43, 0x08, 0x43, 0x08, 0x43, 0x08, 0x43, 0x08, 0x43, 0x08,
  0x43, 0x08, 0x43, 0x08, 0x43, 0x08, 0x43, 0x08, 0x43, 0x08, 0x43, 0x08, 0x43, 0x08, 0x43, 0x08, 0x43, 0x08, 0x43, 0x08, 0x43, 0x08, 0x43, 0x08, 0x43, 0x08, 0x43, 0x08, 0x43, 0x08, 0x43, 0x08,
  0x84, 0x10, 0x43, 0x08, 0x43, 0x08, 0x43, 0x08, 0x43, 0x08, 0x43, 0x08, 0x43, 0x08, 0x43, 0x08, 0x43, 0x08, 0x43, 0x08, 0x43, 0x08, 0x43, 0x08, 0x43, 0x08, 0x43, 0x08, 0x43, 0x08, 0x43, 0x08,
  0x43, 0x08, 0x43, 0x08, 0x43, 0x08, 0x43, 0x08, 0x43, 0x08, 0x43, 0x08, 0x43, 0x08, 0x43, 0x08, 0x43, 0x08, 0x43, 0x08, 0x43, 0x08, 0x43, 0x08, 0x43, 0x08, 0x43, 0x08, 0x43, 0x08, 0x43, 0x08,
  0x84, 0x10, 0x43, 0x08, 0x43, 0x08, 0x43, 0x08, 0x43, 0x08, 0x43, 0x08, 0x43, 0x08, 0x43, 0x08, 0x43, 0x08, 0x43, 0x08, 0x43, 0x08, 0x43, 0x08, 0x43, 0x08, 0x43, 0x08, 0x43, 0x08, 0x43, 0x08,
  0x43, 0x08, 0x43, 0x08, 0x43, 0x08, 0x43, 0x08, 0x43, 0x08, 0x43, 0x08, 0x43, 0x08, 0x43, 0x08, 0x43, 0x08, 0x43, 0x08, 0x43, 0x08, 0x43, 0x08, 0x43, 0x08, 0x43, 0x08, 0x43, 0x08, 0x43, 0x08,
  0x84, 0x10, 0x43, 0x08, 0x43, 0x08, 0x43, 0x08, 0x43, 0x08, 0x43, 0x08, 0x43, 0x08, 0x43, 0x08, 0x43, 0x08, 0x43, 0x08, 0x43, 0x08, 0x43, 0x08, 0x43, 0x08, 0x43, 0x08, 0x43, 0x08, 0x43, 0x08,
  0x43, 0x08, 0x43, 0x08, 0x43, 0x08, 0x43, 0x08, 0x43, 0x08, 0x43, 0x08, 0x43, 0x08, 0x43, 0x08, 0x43, 0x08, 0x43, 0x08, 0x43, 0x08, 0x43, 0x08, 0x43, 0x08, 0x43, 0x08, 0x43, 0x08, 0x43, 0x08,
  0x84, 0x10, 0x43, 0x08, 0x43, 0x08, 0x43, 0x08, 0x43, 0x08, 0x43, 0x08, 0x43, 0x08, 0x43, 0x08, 0x43, 0x08, 0x43, 0x08, 0x43, 0x08, 0x43, 0x08, 0x43, 0x08, 0x43, 0x08, 0x43, 0x08, 0x43, 0x08,
  0x43, 0x08, 0x43, 0x08, 0x43, 0x08, 0x43, 0x08, 0x43, 0x08, 0x43, 0x08, 0x43, 0x08, 0x43, 0x08, 0x43, 0x08, 0x43, 0x08, 0x43, 0x08, 0x43, 0x08, 0x43, 0x08, 0x43, 0x08, 0x43, 0x08, 0x43, 0x08,
  0x84, 0x10, 0x43, 0x08, 0x43, 0x08, 0x43, 0x08, 0x43, 0x08, 0x43, 0x08, 0x43, 0x08, 0x43, 0x08, 0x43, 0x08, 0x43, 0x08, 0x43, 0x08, 0x43, 0x08, 0x43, 0x08, 0x43, 0x08, 0x43, 0x08, 0x43, 0x08,
  0x43, 0x08, 0x43, 0x08, 0x43, 0x08, 0x43, 0x08, 0x43, 0x08, 0x43, 0x08, 0x43, 0x08, 0x43, 0x08, 0x43, 0x08, 0x43, 0x08, 0x43, 0x08, 0x43, 0x08, 0x43, 0x08, 0x43, 0x08, 0x43, 0x08, 0x43, 0x08,
  0x84, 0x10, 0x43, 0x08, 0x43, 0x08, 0x43, 0x08, 0x43, 0x08, 0x43, 0x08, 0x43, 0x08, 0x43, 0x08, 0x43, 0x08, 0x43, 0x08, 0x43, 0x08, 0x43, 0x08, 0x43, 0x08, 0x43, 0x08, 0x43, 0x08, 0x43, 0x08,
  0x43, 0x08, 0x43, 0x08, 0x43, 0x08, 0x43, 0x08, 0x43, 0x08, 0x43, 0x08, 0x43, 0x08, 0x43, 0x08, 0x43, 0x08, 0x43, 0x08, 0x43, 0x08, 0x43, 0x08, 0x43, 0x08, 0x43, 0x08, 0x43, 0x08, 0x43, 0x08,
  0x84, 0x10, 0x43, 0x08, 0x43, 0x08, 0x43, 0x08, 0x43, 0x08, 0x43, 0x08, 0x43, 0x08, 0x43, 0x08, 0x43, 0x08, 0x43, 0x08, 0x43, 0x08, 0x43, 0x08, 0x43, 0x08, 0x43, 0x08, 0x43, 0x08, 0x43, 0x08,
  0x43, 0x08, 0x43, 0x08, 0x43, 0x08, 0x43, 0x08, 0x43, 0x08, 0x43, 0x08, 0x43, 0x08, 0x43, 0x08, 0x43, 0x08, 0x43, 0x08, 0x43, 0x08, 0x43, 0x08, 0x43, 0x08, 0x43, 0x08, 0x43, 0x08, 0x43, 0x08,
  0x84, 0x10, 0x43, 0x08, 0x43, 0x08, 0x43, 0x08, 0x43, 0x08, 0x43, 0x08, 0x43, 0x08, 0x43, 0x08, 0x43, 0x08, 0x43, 0x08, 0x43, 0x08, 0x43, 0x08, 0x43, 0x08, 0x43, 0x08, 0x43, 0x08, 0x43, 0x08,
  0x43, 0x08, 0x43, 0x08, 0x43, 0x08, 0x43, 0x08, 0x43, 0x08, 0x43, 0x08, 0x43, 0x08, 0x43, 0x08, 0x43, 0x08, 0x43, 0x08, 0x43, 0x08, 0x43, 0x08, 0x43, 0x08, 0x43, 0x08, 0x43, 0x08, 0x43, 0x08,
  0x83, 0x10, 0x43, 0x08, 0x43, 0x08, 0x43, 0x08, 0x43, 0x08, 0x43, 0x08, 0x43, 0x08, 0x43, 0x08, 0x43, 0x08, 0x43, 0x08, 0x43, 0x08, 0x43, 0x08, 0x43, 0x08, 0x43, 0x08, 0x43, 0x08, 0x43, 0x08,
  0x43, 0x08, 0x43, 0x08, 0x43, 0x08, 0x43, 0x08, 0x43, 0x08, 0x43, 0x08, 0x43, 0x08, 0x43, 0x08, 0x43, 0x08, 0x43, 0x08, 0x43, 0x08, 0x43, 0x08, 0x43, 0x08, 0x43, 0x08, 0x43, 0x08, 0x43, 0x08,
  0x83, 0x10, 0x43, 0x08, 0x43, 0x08, 0x43, 0x08, 0x43, 0x08, 0x43, 0x08, 0x43, 0x08, 0x43, 0x08, 0x43, 0x08, 0x43, 0x08, 0x43, 0x08, 0x43, 0x08, 0x43, 0x08, 0x43, 0x08, 0x43, 0x08, 0x43, 0x08,
  0x43, 0x08, 0x43, 0x08, 0x43, 0x08, 0x43, 0x08, 0x43, 0x08, 0x43, 0x08, 0x43, 0x08, 0x43, 0x08, 0x43, 0x08, 0x43, 0x08, 0x43, 0x08, 0x43, 0x08, 0x43, 0x08, 0x43, 0x08, 0x43, 0x08, 0x43, 0x08,
  0x83, 0x10, 0x43, 0x08, 0x43, 0x08, 0x43, 0x08, 0x43, 0x08, 0x43, 0x08, 0x43, 0x08, 0x43, 0x08, 0x43, 0x08, 0x43, 0x08, 0x43, 0x08, 0x43, 0x08, 0x43, 0x08, 0x43, 0x08, 0x43, 0x08, 0x43, 0x08,
  0x43, 0x08, 0x43, 0x08, 0x43, 0x08, 0x43, 0x08, 0x43, 0x08, 0x43, 0x08, 0x43, 0x08, 0x43, 0x08, 0x43, 0x08, 0x43, 0x08, 0x43, 0x08, 0x43, 0x08, 0x43, 0x08, 0x43, 0x08, 0x43, 0x08, 0x43, 0x08,
  0x83, 0x10, 0x43, 0x08, 0x43, 0x08, 0x43, 0x08, 0x43, 0x08, 0x43, 0x08, 0x43, 0x08, 0x43, 0x08, 0x43, 0x08, 0x43, 0x08, 0x43, 0x08, 0x43, 0x08, 0x43, 0x08, 0x43, 0x08, 0x43, 0x08, 0x43, 0x08,
  0x43, 0x08, 0x43, 0x08, 0x43, 0x08, 0x43, 0x08, 0x43, 0x08, 0x43, 0x08, 0x43, 0x08, 0x43, 0x08, 0x43, 0x08, 0x43, 0x08, 0x43, 0x08, 0x43, 0x08, 0x43, 0x08, 0x43, 0x08, 0x43, 0x08, 0x43, 0x08,
  0x83, 0x10, 0x43, 0x08, 0x43, 0x08, 0x43, 0x08, 0x43, 0x08, 0x43, 0x08, 0x43, 0x08, 0x43, 0x08, 0x43, 0x08, 0x43, 0x08, 0x43, 0x08, 0x43, 0x08, 0x43, 0x08, 0x43, 0x08, 0x43, 0x08, 0x43, 0x08,
  0x43, 0x08, 0x43, 0x08, 0x43, 0x08, 0x43, 0x08, 0x43, 0x08, 0x43, 0x08, 0x43, 0x08, 0x43, 0x08, 0x43, 0x08, 0x43, 0x08, 0x43, 0x08, 0x43, 0x08, 0x43, 0x08, 0x43, 0x08, 0x43, 0x08, 0x43, 0x08,
  0x83, 0x10, 0x43, 0x08, 0x43, 0x08, 0x43, 0x08, 0x43, 0x08, 0x43, 0x08, 0x43, 0x08, 0x43, 0x08, 0x43, 0x08, 0x43, 0x08, 0x43, 0x08, 0x43, 0x08, 0x43, 0x08, 0x43, 0x08, 0x43, 0x08, 0x43, 0x08,
  0x43, 0x08, 0x43, 0x08, 0x43, 0x08, 0x43, 0x08, 0x43, 0x08, 0x43, 0x08, 0x43, 0x08, 0x43, 0x08, 0x43, 0x08, 0x43, 0x08, 0x43, 0x08, 0x43, 0x08, 0x43, 0x08, 0x43, 0x08, 0x43, 0x08, 0x43, 0x08,
  0x83, 0x10, 0x43, 0x08, 0x43, 0x08, 0x43, 0x08, 0x43, 0x08, 0x43, 0x08, 0x43, 0x08, 0x43, 0x08, 0x43, 0x08, 0x43, 0x08, 0x43, 0x08, 0x43, 0x08, 0x43, 0x08, 0x43, 0x08, 0x43, 0x08, 0x43, 0x08,
  0x43, 0x08, 0x43, 0x08, 0x43, 0x08, 0x43, 0x08, 0x43, 0x08, 0x43, 0x08, 0x43, 0x08, 0x43, 0x08, 0x43, 0x08, 0x43, 0x08, 0x43, 0x08, 0x43, 0x08, 0x43, 0x08, 0x43, 0x08, 0x43, 0x08, 0x43, 0x08,
  0x83, 0x10, 0x43, 0x08, 0x43, 0x08, 0x43, 0x08, 0x43, 0x08, 0x43, 0x08, 0x43, 0x08, 0x43, 0x08, 0x43, 0x08, 0x43, 0x08, 0x43, 0x08, 0x43, 0x08, 0x43, 0x08, 0x43, 0x08, 0x43, 0x08, 0x43, 0x08,
  0x43, 0x08, 0x43, 0x08, 0x43, 0x08, 0x43, 0x08, 0x43, 0x08, 0x43, 0x08, 0x43, 0x08, 0x43, 0x08, 0x43, 0x08, 0x43, 0x08, 0x43, 0x08, 0x43, 0x08, 0x43, 0x08, 0x43, 0x08, 0x43, 0x08, 0x43, 0x08,
  0x83, 0x10, 0x43, 0x08, 0x43, 0x08, 0x43, 0x08, 0x43, 0x08, 0x43, 0x08, 0x43, 0x08, 0x43, 0x08, 0x43, 0x08, 0x43, 0x08, 0x43, 0x08, 0x43, 0x08, 0x43, 0x08, 0x43, 0x08, 0x43, 0x08, 0x43, 0x08,
  0x43, 0x08, 0x43, 0x08, 0x43, 0x08, 0x43, 0x08, 0x43, 0x08, 0x43, 0x08, 0x43, 0x08, 0x43, 0x08, 0x43, 0x08, 0x43, 0x08, 0x43, 0x08, 0x43, 0x08, 0x43, 0x08, 0x43, 0x08, 0x43, 0x08, 0x43, 0x08,
  0x83, 0x10, 0x43, 0x08, 0x43, 0x08, 0x43, 0x08, 0x43, 0x08, 0x43, 0x08, 0x43, 0x08, 0x43, 0x08, 0x43, 0x08, 0x43, 0x08, 0x43, 0x08, 0x43, 0x08, 0x43, 0x08, 0x43, 0x08, 0x43, 0x08, 0x43, 0x08,
  0x43, 0x08, 0x43, 0x08, 0x43, 0x08, 0x43, 0x08, 0x43, 0x08, 0x43, 0x08, 0x43, 0x08, 0x43, 0x08, 0x43, 0x08, 0x43, 0x08, 0x43, 0x08, 0x43, 0x08, 0x43, 0x08, 0x43, 0x08, 0x43, 0x08, 0x43, 0x08,
  0xc4, 0x18, 0x83, 0x10, 0x83, 0x10, 0x83, 0x10, 0x83, 0x10, 0x83, 0x10, 0x83, 0x10, 0x83, 0x10, 0x83, 0x10, 0x83, 0x10, 0x83, 0x10, 0x83, 0x10, 0x83, 0x10, 0x83, 0x10, 0x83, 0x10, 0x83, 0x10,
  0x83, 0x10, 0x83, 0x10, 0x83, 0x10, 0x83, 0x10, 0x83, 0x10, 0x83, 0x10, 0x83, 0x10, 0x83, 0x10, 0x83, 0x10, 0x83, 0x10, 0x83, 0x10, 0x83, 0x10, 0x83, 0x10, 0x83, 0x10, 0x83, 0x10, 0x83, 0x10,
  0xc4, 0x18, 0x83, 0x10, 0x83, 0x10, 0x83, 0x10, 0x83, 0x10, 0x83, 0x10, 0x83, 0x10, 0x83, 0x10, 0x83, 0x10, 0x83, 0x10, 0x83, 0x10, 0x83, 0x10, 0x83, 0x10, 0x83, 0x10, 0x83, 0x10, 0x83, 0x10,
  0x83, 0x10, 0x83, 0x10, 0x83, 0x10, 0x83, 0x10, 0x83, 0x10, 0x83, 0x10, 0x83, 0x10, 0x83, 0x10, 0x83, 0x10, 0x83, 0x10, 0x83, 0x10, 0x83, 0x10, 0x83, 0x10, 0x83, 0x10, 0x83, 0x10, 0x83, 0x10,
  0xc4, 0x18, 0x83, 0x10, 0x83, 0x10, 0x83, 0x10, 0x83, 0x10, 0x83, 0x10, 0x83, 0x10, 0x83, 0x10, 0x83, 0x10, 0x83, 0x10, 0x83, 0x10, 0x83, 0x10, 0x83, 0x10, 0x83, 0x10, 0x83, 0x10, 0x83, 0x10,
  0x83, 0x10, 0x83, 0x10, 0x83, 0x10, 0x83, 0x10, 0x83, 0x10, 0x83, 0x10, 0x83, 0x10, 0x83, 0x10, 0x83, 0x10, 0x83, 0x10, 0x83, 0x10, 0x83, 0x10, 0x83, 0x10, 0x83, 0x10, 0x83, 0x10, 0x83, 0x10,
  0xc4, 0x18, 0x83, 0x10, 0x83, 0x10, 0x83, 0x10, 0x83, 0x10, 0x83, 0x10, 0x83, 0x10, 0x83, 0x10, 0x83, 0x10, 0x83, 0x10, 0x83, 0x10, 0x83, 0x10, 0x83, 0x10, 0x83, 0x10, 0x83, 0x10, 0x83, 0x10,
  0x83, 0x10, 0x83, 0x10, 0x83, 0x10, 0x83, 0x10, 0x83, 0x10, 0x83, 0x10, 0x83, 0x10, 0x83, 0x10, 0x83, 0x10, 0x83, 0x10, 0x83, 0x10, 0x83, 0x10, 0x83, 0x10, 0x83, 0x10, 0x83, 0x10, 0x83, 0x10,
  0xc4, 0x18, 0x83, 0x10, 0x83, 0x10, 0x83, 0x10, 0x83, 0x10, 0x83, 0x10, 0x83, 0x10, 0x83, 0x10, 0x83, 0x10, 0x83, 0x10, 0x83, 0x10, 0x83, 0x10, 0x83, 0x10, 0x83, 0x10, 0x83, 0x10, 0x83, 0x10,
  0x83, 0x10, 0x83, 0x10, 0x83, 0x10, 0x83, 0x10, 0x83, 0x10, 0x83, 0x10, 0x83, 0x10, 0x83, 0x10, 0x83, 0x10, 0x83, 0x10, 0x83, 0x10, 0x83, 0x10, 0x83, 0x10, 0x83, 0x10, 0x83, 0x10, 0x83, 0x10,
  0xc4, 0x18, 0x83, 0x10, 0x83, 0x10, 0x83, 0x10, 0x83, 0x10, 0x83, 0x10, 0x83, 0x10, 0x83, 0x10, 0x83, 0x10, 0x83, 0x10, 0x83, 0x10, 0x83, 0x10, 0x83, 0x10, 0x83, 0x10, 0x83, 0x10, 0x83, 0x10,
  0x83, 0x10, 0x83, 0x10, 0x83, 0x10, 0x83, 0x10, 0x83, 0x10, 0x83, 0x10, 0x83, 0x10, 0x83, 0x10, 0x83, 0x10, 0x83, 0x10, 0x83, 0x10, 0x83, 0x10, 0x83, 0x10, 0x83, 0x10, 0x83, 0x10, 0x83, 0x10,
  0xc4, 0x18, 0x83, 0x10, 0x83, 0x10, 0x83, 0x10, 0x83, 0x10, 0x83, 0x10, 0x83, 0x10, 0x83, 0x10, 0x83, 0x10, 0x83, 0x10, 0x83, 0x10, 0x83, 0x10, 0x83, 0x10, 0x83, 0x10, 0x83, 0x10, 0x83, 0x10,
  0x83, 0x10, 0x83, 0x10, 0x83, 0x10, 0x83, 0x10, 0x83, 0x10, 0x83, 0x10, 0x83, 0x10, 0x83, 0x10, 0x83, 0x10, 0x83, 0x10, 0x83, 0x10, 0x83, 0x10, 0x83, 0x10, 0x83, 0x10, 0x83, 0x10, 0x83, 0x10,
  0xc4, 0x18, 0x83, 0x10, 0x83, 0x10, 0x83, 0x10, 0x83, 0x10, 0x83, 0x10, 0x83, 0x10, 0x83, 0x10, 0x83, 0x10, 0x83, 0x10, 0x83, 0x10, 0x83, 0x10, 0x83, 0x10, 0x83, 0x10, 0x83, 0x10, 0x83, 0x10,
  0x83, 0x10, 0x83, 0x10, 0x83, 0x10, 0x83, 0x10, 0x83, 0x10, 0x83, 0x10, 0x83, 0x10, 0x83, 0x10, 0x83, 0x10, 0x83, 0x10, 0x83, 0x10, 0x83, 0x10, 0x83, 0x10, 0x83, 0x10, 0x83, 0x10, 0x83, 0x10,
  0xc4, 0x18, 0x83, 0x10, 0x83, 0x10, 0x83, 0x10, 0x83, 0x10, 0x83, 0x10, 0x83, 0x10, 0x83, 0x10, 0x83, 0x10, 0x83, 0x10, 0x83, 0x10, 0x83, 0x10, 0x83, 0x10, 0x83, 0x10, 0x83, 0x10, 0x83, 0x10,
  0x83, 0x10, 0x83, 0x10, 0x83, 0x10, 0x83, 0x10, 0x83, 0x10, 0x83, 0x10, 0x83, 0x10, 0x83, 0x10, 0x83, 0x10, 0x83, 0x10, 0x83, 0x10, 0x83, 0x10, 0x83, 0x10, 0x83, 0x10, 0x83, 0x10, 0x83, 0x10,
  0xc4, 0x18, 0x83, 0x10, 0x83, 0x10, 0x83, 0x10, 0x83, 0x10, 0x83, 0x10, 0x83, 0x10, 0x83, 0x10, 0x83, 0x10, 0x83, 0x10, 0x83, 0x10, 0x83, 0x10, 0x83, 0x10, 0x83, 0x10, 0x83, 0x10, 0x83, 0x10,
  0x83, 0x10, 0x83, 0x10, 0x83, 0x10, 0x83, 0x10, 0x83, 0x10, 0x83, 0x10, 0x83, 0x10, 0x83, 0x10, 0x83, 0x10, 0x83, 0x10, 0x83, 0x10, 0x83, 0x10, 0x83, 0x10, 0x83, 0x10, 0x83, 0x10, 0x83, 0x10,
  0x83, 0x10, 0x43, 0x08, 0x43, 0x08, 0x43, 0x08, 0x43, 0x08, 0x43, 0x08, 0x43, 0x08, 0x43, 0x08, 0x43, 0x08, 0x43, 0x08, 0x43, 0x08, 0x43, 0x08, 0x43, 0x08, 0x43, 0x08, 0x43, 0x08, 0x43, 0x08,
  0x43, 0x08, 0x43, 0x08, 0x43, 0x08, 0x43, 0x08, 0x43, 0x08, 0x43, 0x08, 0x43, 0x08, 0x43, 0x08, 0x43, 0x08, 0x43, 0x08, 0x43, 0x08, 0x43, 0x08, 0x43, 0x08, 0x43, 0x08, 0x43, 0x08, 0x43, 0x08,
  0x83, 0x10, 0x43, 0x08, 0x43, 0x08, 0x43, 0x08, 0x43, 0x08, 0x43, 0x08, 0x43, 0x08, 0x43, 0x08, 0x43, 0x08, 0x43, 0x08, 0x43, 0x08, 0x43, 0x08, 0x43, 0x08, 0x43, 0x08, 0x43, 0x08, 0x43, 0x08,
  0x43, 0x08, 0x43, 0x08, 0x43, 0x08, 0x43, 0x08, 0x43, 0x08, 0x43, 0x08, 0x43, 0x08, 0x43, 0x08, 0x43, 0x08, 0x43, 0x08, 0x43, 0x08, 0x43, 0x08, 0x43, 0x08, 0x43, 0x08, 0x43, 0x08, 0x43, 0x08,
  0x83, 0x10, 0x43, 0x08, 0x43, 0x08, 0x43, 0x08, 0x43, 0x08, 0x43, 0x08, 0x43, 0x08, 0x43, 0x08, 0x43, 0x08, 0x43, 0x08, 0x43, 0x08, 0x43, 0x08, 0x43, 0x08, 0x43, 0x08, 0x43, 0x08, 0x43, 0x08,
  0x43, 0x08, 0x43, 0x08, 0x43, 0x08, 0x43, 0x08, 0x43, 0x08, 0x43, 0x08, 0x43, 0x08, 0x43, 0x08, 0x43, 0x08, 0x43, 0x08, 0x43, 0x08, 0x43, 0x08, 0x43, 0x08, 0x43, 0x08, 0x43, 0x08, 0x43, 0x08,
  0x83, 0x10, 0x43, 0x08, 0x43, 0x08, 0x43, 0x08, 0x43, 0x08, 0x43, 0x08, 0x43, 0x08, 0x43, 0x08, 0x43, 0x08, 0x43, 0x08, 0x43, 0x08, 0x43, 0x08, 0x43, 0x08, 0x43, 0x08, 0x43, 0x08, 0x43, 0x08,
  0x43, 0x08, 0x43, 0x08, 0x43, 0x08, 0x43, 0x08, 0x43, 0x08, 0x43, 0x08, 0x43, 0x08, 0x43, 0x08, 0x43, 0x08, 0x43, 0x08, 0x43, 0x08, 0x43, 0x08, 0x43, 0x08, 0x43, 0x08, 0x43, 0x08, 0x43, 0x08,
  0x83, 0x10, 0x43, 0x08, 0x43, 0x08, 0x43, 0x08, 0x43, 0x08, 0x43, 0x08, 0x43, 0x08, 0x43, 0x08, 0x43, 0x08, 0x43, 0x08, 0x43, 0x08, 0x43, 0x08, 0x43, 0x08, 0x43, 0x08, 0x43, 0x08, 0x43, 0x08,
  0x43, 0x08, 0x43, 0x08, 0x43, 0x08, 0x43, 0x08, 0x43, 0x08, 0x43, 0x08, 0x43, 0x08, 0x43, 0x08, 0x43, 0x08, 0x43, 0x08, 0x43, 0x08, 0x43, 0x08, 0x43, 0x08, 0x43, 0x08, 0x43, 0x08, 0x43, 0x08,
  0x83, 0x10, 0x43, 0x08, 0x43, 0x08, 0x43, 0x08, 0x43, 0x08, 0x43, 0x08, 0x43, 0x08, 0x43, 0x08, 0x43, 0x08, 0x43, 0x08, 0x43, 0x08, 0x43, 0x08, 0x43, 0x08, 0x43, 0x08, 0x43, 0x08, 0x43, 0x08,
  0x43, 0x08, 0x43, 0x08, 0x43, 0x08, 0x43, 0x08, 0x43, 0x08, 0x43, 0x08, 0x43, 0x08, 0x43, 0x08, 0x43, 0x08, 0x43, 0x08, 0x43, 0x08, 0x43, 0x08, 0x43, 0x08, 0x43, 0x08, 0x43, 0x08, 0x43, 0x08,
  0x83, 0x10, 0x43, 0x08, 0x43, 0x08, 0x43, 0x08, 0x43, 0x08, 0x43, 0x08, 0x43, 0x08, 0x43, 0x08, 0x43, 0x08, 0x43, 0x08, 0x43, 0x08, 0x43, 0x08, 0x43, 0x08, 0x43, 0x08, 0x43, 0x08, 0x43, 0x08,
  0x43, 0x08, 0x43, 0x08, 0x43, 0x08, 0x43, 0x08, 0x43, 0x08, 0x43, 0x08, 0x43, 0x08, 0x43, 0x08, 0x43, 0x08, 0x43, 0x08, 0x43, 0x08, 0x43, 0x08, 0x43, 0x08, 0x43, 0x08, 0x43, 0x08, 0x43, 0x08,
  0x83, 0x10, 0x43, 0x08, 0x43, 0x08, 0x43, 0x08, 0x43, 0x08, 0x43, 0x08, 0x43, 0x08, 0x43, 0x08, 0x43, 0x08, 0x43, 0x08, 0x43, 0x08, 0x43, 0x08, 0x43, 0x08, 0x43, 0x08, 0x43, 0x08, 0x43, 0x08,
  0x43, 0x08, 0x43, 0x08, 0x43, 0x08, 0x43, 0x08, 0x43, 0x08, 0x43, 0x08, 0x43, 0x08, 0x43, 0x08, 0x43, 0x08, 0x43, 0x08, 0x43, 0x08, 0x43, 0x08, 0x43, 0x08, 0x43, 0x08, 0x43, 0x08, 0x43, 0x08,
  0x83, 0x10, 0x43, 0x08, 0x43, 0x08, 0x43, 0x08, 0x43, 0x08, 0x43, 0x08, 0x43, 0x08, 0x43, 0x08, 0x43, 0x08, 0x43, 0x08, 0x43, 0x08, 0x43, 0x08, 0x43, 0x08, 0x43, 0x08, 0x43, 0x08, 0x43, 0x08,
  0x43, 0x08, 0x43, 0x08, 0x43, 0x08, 0x43, 0x08, 0x43, 0x08, 0x43, 0x08, 0x43, 0x08, 0x43, 0x08, 0x43, 0x08, 0x43, 0x08, 0x43, 0x08, 0x43, 0x08, 0x43, 0x08, 0x43, 0x08, 0x43, 0x08, 0x43, 0x08,
  0x83, 0x10, 0x43, 0x08, 0x43, 0x08, 0x43, 0x08, 0x43, 0x08, 0x43, 0x08, 0x43, 0x08, 0x43, 0x08, 0x43, 0x08, 0x43, 0x08, 0x43, 0x08, 0x43, 0x08, 0x43, 0x08, 0x43, 0x08, 0x43, 0x08, 0x43, 0x08,
  0x43, 0x08, 0x43, 0x08, 0x43, 0x08, 0x43, 0x08, 0x43, 0x08, 0x43, 0x08, 0x43, 0x08, 0x43, 0x08, 0x43, 0x08, 0x43, 0x08, 0x43, 0x08, 0x43, 0x08, 0x43, 0x08, 0x43, 0x08, 0x43, 0x08, 0x43, 0x08,
  0x83, 0x10, 0x43, 0x08, 0x43, 0x08, 0x43, 0x08, 0x43, 0x08, 0x43, 0x08, 0x43, 0x08, 0x43, 0x08, 0x43, 0x08, 0x43, 0x08, 0x43, 0x08, 0x43, 0x08, 0x43, 0x08, 0x43, 0x08, 0x43, 0x08, 0x43, 0x08,
  0x43, 0x08, 0x43, 0x08, 0x43, 0x08, 0x43, 0x08, 0x43, 0x08, 0x43, 0x08, 0x43, 0x08, 0x43, 0x08, 0x43, 0x08, 0x43, 0x08, 0x43, 0x08, 0x43, 0x08, 0x43, 0x08, 0x43, 0x08, 0x43, 0x08, 0x43, 0x08,
  0x83, 0x10, 0x43, 0x08, 0x43, 0x08, 0x43, 0x08, 0x43, 0x08, 0x43, 0x08, 0x43, 0x08, 0x43, 0x08, 0x43, 0x08, 0x43, 0x08, 0x43, 0x08, 0x43, 0x08, 0x43, 0x08, 0x43, 0x08, 0x43, 0x08, 0x43, 0x08,
  0x43, 0x08, 0x43, 0x08, 0x43, 0x08, 0x43, 0x08, 0x43, 0x08, 0x43, 0x08, 0x43, 0x08, 0x43, 0x08, 0x43, 0x08, 0x43, 0x08, 0x43, 0x08, 0x43, 0x08, 0x43, 0x08, 0x43, 0x08, 0x43, 0x08, 0x43, 0x08,
  0x83, 0x10, 0x43, 0x08, 0x43, 0x08, 0x43, 0x08, 0x43, 0x08, 0x43, 0x08, 0x43, 0x08, 0x43, 0x08, 0x43, 0x08, 0x43, 0x08, 0x43, 0x08, 0x43, 0x08, 0x43, 0x08, 0x43, 0x08, 0x43, 0x08, 0x43, 0x08,
  0x43, 0x08, 0x43, 0x08, 0x43, 0x08, 0x43, 0x08, 0x43, 0x08, 0x43, 0x08, 0x43, 0x08, 0x43, 0x08, 0x43, 0x08, 0x43, 0x08, 0x43, 0x08, 0x43, 0x08, 0x43, 0x08, 0x43, 0x08, 0x43, 0x08, 0x43, 0x08,
  0x83, 0x10, 0x43, 0x08, 0x43, 0x08, 0x43, 0x08, 0x43, 0x08, 0x43, 0x08, 0x43, 0x08, 0x43, 0x08, 0x43, 0x08, 0x43, 0x08, 0x43, 0x08, 0x43, 0x08, 0x43, 0x08, 0x43, 0x08, 0x43, 0x08, 0x43, 0x08,
  0x43, 0x08, 0x43, 0x08, 0x43, 0x08, 0x43, 0x08, 0x43, 0x08, 0x43, 0x08, 0x43, 0x08, 0x43, 0x08, 0x43, 0x08, 0x43, 0x08, 0x43, 0x08, 0x43, 0x08, 0x43, 0x08, 0x43, 0x08, 0x43, 0x08, 0x43, 0x08,
  0x83, 0x10, 0x43, 0x08, 0x43, 0x08, 0x43, 0x08, 0x43, 0x08, 0x43, 0x08, 0x43, 0x08, 0x43, 0x08, 0x43, 0x08, 0x43, 0x08, 0x43, 0x08, 0x43, 0x08, 0x43, 0x08, 0x43, 0x08, 0x43, 0x08, 0x43, 0x08,
  0x43, 0x08, 0x43, 0x08, 0x43, 0x08, 0x43, 0x08, 0x43, 0x08, 0x43, 0x08, 0x43, 0x08, 0x43, 0x08, 0x43, 0x08, 0x43, 0x08, 0x43, 0x08, 0x43, 0x08, 0x43, 0x08, 0x43, 0x08, 0x43, 0x08, 0x43, 0x08,
  0x83, 0x10, 0x43, 0x08, 0x43, 0x08, 0x43, 0x08, 0x43, 0x08, 0x43, 0x08, 0x43, 0x08, 0x43, 0x08, 0x43, 0x08, 0x43, 0x08, 0x43, 0x08, 0x43, 0x08, 0x43, 0x08, 0x43, 0x08, 0x43, 0x08, 0x43, 0x08,
  0x43, 0x08, 0x43, 0x08, 0x43, 0x08, 0x43, 0x08, 0x43, 0x08, 0x43, 0x08, 0x43, 0x08, 0x43, 0x08, 0x43, 0x08, 0x43, 0x08, 0x43, 0x08, 0x43, 0x08, 0x43, 0x08, 0x43, 0x08, 0x43, 0x08, 0x43, 0x08,
  0x83, 0x10, 0x43, 0x08, 0x43, 0x08, 0x43, 0x08, 0x43, 0x08, 0x43, 0x08, 0x43, 0x08, 0x43, 0x08, 0x43, 0x08, 0x43, 0x08, 0x43, 0x08, 0x43, 0x08, 0x43, 0x08, 0x43, 0x08, 0x43, 0x08, 0x43, 0x08,
  0x43, 0x08, 0x43, 0x08, 0x43, 0x08, 0x43, 0x08, 0x43, 0x08, 0x43, 0x08, 0x43, 0x08, 0x43, 0x08, 0x43, 0x08, 0x43, 0x08, 0x43, 0x08, 0x43, 0x08, 0x43, 0x08, 0x43, 0x08, 0x43, 0x08, 0x43, 0x08,
  0x83, 0x10, 0x43, 0x08, 0x43, 0x08, 0x43, 0x08, 0x43, 0x08, 0x43, 0x08, 0x43, 0x08, 0x43, 0x08, 0x43, 0x08, 0x43, 0x08, 0x43, 0x08, 0x43, 0x08, 0x43, 0x08, 0x43, 0x08, 0x43, 0x08, 0x43, 0x08,
  0x43, 0x08, 0x43, 0x08, 0x43, 0x08, 0x43, 0x08, 0x43, 0x08, 0x43, 0x08, 0x43, 0x08, 0x43, 0x08, 0x43, 0x08, 0x43, 0x08, 0x43, 0x08, 0x43, 0x08, 0x43, 0x08, 0x43, 0x08, 0x43, 0x08, 0x43, 0x08,
  0x83, 0x10, 0x43, 0x08, 0x43, 0x08, 0x43, 0x08, 0x43, 0x08, 0x43, 0x08, 0x43, 0x08, 0x43, 0x08, 0x43, 0x08, 0x43, 0x08, 0x43, 0x08, 0x43, 0x08, 0x43, 0x08, 0x43, 0x08, 0x43, 0x08, 0x43, 0x08,
  0x43, 0x08, 0x43, 0x08, 0x43, 0x08, 0x43, 0x08, 0x43, 0x08, 0x43, 0x08, 0x43, 0x08, 0x43, 0x08, 0x43, 0x08, 0x43, 0x08, 0x43, 0x08, 0x43, 0x08, 0x43, 0x08, 0x43, 0x08, 0x43, 0x08, 0x43, 0x08,
  0x83, 0x10, 0x43, 0x08, 0x43, 0x08, 0x43, 0x08, 0x43, 0x08, 0x43, 0x08, 0x43, 0x08, 0x43, 0x08, 0x43, 0x08, 0x43, 0x08, 0x43, 0x08, 0x43, 0x08, 0x43, 0x08, 0x43, 0x08, 0x43, 0x08, 0x43, 0x08,
  0x43, 0x08, 0x43, 0x08, 0x43, 0x08, 0x43, 0x08, 0x43, 0x08, 0x43, 0x08, 0x43, 0x08, 0x43, 0x08, 0x43, 0x08, 0x43, 0x08, 0x43, 0x08, 0x43, 0x08, 0x43, 0x08, 0x43, 0x08, 0x43, 0x08, 0x43, 0x08,
  0x83, 0x10, 0x43, 0x08, 0x43, 0x08, 0x43, 0x08, 0x43, 0x08, 0x43, 0x08, 0x43, 0x08, 0x43, 0x08, 0x43, 0x08, 0x43, 0x08, 0x43, 0x08, 0x43, 0x08, 0x43, 0x08, 0x43, 0x08, 0x43, 0x08, 0x43, 0x08,
  0x43, 0x08, 0x43, 0x08, 0x43, 0x08, 0x43, 0x08, 0x43, 0x08, 0x43, 0x08, 0x43, 0x08, 0x43, 0x08, 0x43, 0x08, 0x43, 0x08, 0x43, 0x08, 0x43, 0x08, 0x43, 0x08, 0x43, 0x08, 0x43, 0x08, 0x43, 0x08,
  0x83, 0x10, 0x43, 0x08, 0x43, 0x08, 0x43, 0x08, 0x43, 0x08, 0x43, 0x08, 0x43, 0x08, 0x43, 0x08, 0x43, 0x08, 0x43, 0x08, 0x43, 0x08, 0x43, 0x08, 0x43, 0x08, 0x43, 0x08, 0x43, 0x08, 0x43, 0x08,
  0x43, 0x08, 0x43, 0x08, 0x43, 0x08, 0x43, 0x08, 0x43, 0x08, 0x43, 0x08, 0x43, 0x08, 0x43, 0x08, 0x43, 0x08, 0x43, 0x08, 0x43, 0x08, 0x43, 0x08, 0x43, 0x08, 0x43, 0x08, 0x43, 0x08, 0x43, 0x08,
  0x83, 0x10, 0x43, 0x08, 0x43, 0x08, 0x43, 0x08, 0x43, 0x08, 0x43, 0x08, 0x43, 0x08, 0x43, 0x08, 0x43, 0x08, 0x43, 0x08, 0x43, 0x08, 0x43, 0x08, 0x43, 0x08, 0x43, 0x08, 0x43, 0x08, 0x43, 0x08,
  0x43, 0x08, 0x43, 0x08, 0x43, 0x08, 0x43, 0x08, 0x43, 0x08, 0x43, 0x08, 0x43, 0x08, 0x43, 0x08, 0x43, 0x08, 0x43, 0x08, 0x43, 0x08, 0x43, 0x08, 0x43, 0x08, 0x43, 0x08, 0x43, 0x08, 0x43, 0x08,
  0x83, 0x10, 0x43, 0x08, 0x43, 0x08, 0x43, 0x08, 0x43, 0x08, 0x43, 0x08, 0x43, 0x08, 0x43, 0x08, 0x43, 0x08, 0x43, 0x08, 0x43, 0x08, 0x43, 0x08, 0x43, 0x08, 0x43, 0x08, 0x43, 0x08, 0x43, 0x08,
  0x43, 0x08, 0x43, 0x08, 0x43, 0x08, 0x43, 0x08, 0x43, 0x08, 0x43, 0x08, 0x43, 0x08, 0x43, 0x08, 0x43, 0x08, 0x43, 0x08, 0x43, 0x08, 0x43, 0x08, 0x43, 0x08, 0x43, 0x08, 0x43, 0x08, 0x43, 0x08,
  0x83, 0x10, 0x43, 0x08, 0x43, 0x08, 0x43, 0x08, 0x43, 0x08, 0x43, 0x08, 0x43, 0x08, 0x43, 0x08, 0x43, 0x08, 0x43, 0x08, 0x43, 0x08, 0x43, 0x08, 0x43, 0x08, 0x43, 0x08, 0x43, 0x08, 0x43, 0x08,
  0x43, 0x08, 0x43, 0x08, 0x43, 0x08, 0x43, 0x08, 0x43, 0x08, 0x43, 0x08, 0x43, 0x08, 0x43, 0x08, 0x43, 0x08, 0x43, 0x08, 0x43, 0x08, 0x43, 0x08, 0x43, 0x08, 0x43, 0x08, 0x43, 0x08, 0x43, 0x08,
  0x83, 0x10, 0x43, 0x08, 0x43, 0x08, 0x43, 0x08, 0x43, 0x08, 0x43, 0x08, 0x43, 0x08, 0x43, 0x08, 0x43, 0x08, 0x43, 0x08, 0x43, 0x08, 0x43, 0x08, 0x43, 0x08, 0x43, 0x08, 0x43, 0x08, 0x43, 0x08,
  0x43, 0x08, 0x43, 0x08, 0x43, 0x08, 0x43, 0x08, 0x43, 0x08, 0x43, 0x08, 0x43, 0x08, 0x43, 0x08, 0x43, 0x08, 0x43, 0x08, 0x43, 0x08, 0x43, 0x08, 0x43, 0x08, 0x43, 0x08, 0x43, 0x08, 0x43, 0x08,
  0x83, 0x10, 0x43, 0x08, 0x43, 0x08, 0x43, 0x08, 0x43, 0x08, 0x43, 0x08, 0x43, 0x08, 0x43, 0x08, 0x43, 0x08, 0x43, 0x08, 0x43, 0x08, 0x43, 0x08, 0x43, 0x08, 0x43, 0x08, 0x43, 0x08, 0x43, 0x08,
  0x43, 0x08, 0x43, 0x08, 0x43, 0x08, 0x43, 0x08, 0x43, 0x08, 0x43, 0x08, 0x43, 0x08, 0x43, 0x08, 0x43, 0x08, 0x43, 0x08, 0x43, 0x08, 0x43, 0x08, 0x43, 0x08, 0x43, 0x08, 0x43, 0x08, 0x43, 0x08,
  0x83, 0x10, 0x43, 0x08, 0x43, 0x08, 0x43, 0x08, 0x43, 0x08, 0x43, 0x08, 0x43, 0x08, 0x43, 0x08, 0x43, 0x08, 0x43, 0x08, 0x43, 0x08, 0x43, 0x08, 0x43, 0x08, 0x43, 0x08, 0x43, 0x08, 0x43, 0x08,
  0x43, 0x08, 0x43, 0x08, 0x43, 0x08, 0x43, 0x08, 0x43, 0x08, 0x43, 0x08, 0x43, 0x08, 0x43, 0x08, 0x43, 0x08, 0x43, 0x08, 0x43, 0x08, 0x43, 0x08, 0x43, 0x08, 0x43, 0x08, 0x43, 0x08, 0x43, 0x08,
  0x83, 0x10, 0x43, 0x08, 0x43, 0x08, 0x43, 0x08, 0x43, 0x08, 0x43, 0x08, 0x43, 0x08, 0x43, 0x08, 0x43, 0x08, 0x43, 0x08, 0x43, 0x08, 0x43, 0x08, 0x43, 0x08, 0x43, 0x08, 0x43, 0x08, 0x43, 0x08,
  0x43, 0x08, 0x43, 0x08, 0x43, 0x08, 0x43, 0x08, 0x43, 0x08, 0x43, 0x08, 0x43, 0x08, 0x43, 0x08, 0x43, 0x08, 0x43, 0x08, 0x43, 0x08, 0x43, 0x08, 0x43, 0x08, 0x43, 0x08, 0x43, 0x08, 0x43, 0x08,
  0x83, 0x10, 0x43, 0x08, 0x43, 0x08, 0x43, 0x08, 0x43, 0x08, 0x43, 0x08, 0x43, 0x08, 0x43, 0x08, 0x43, 0x08, 0x43, 0x08, 0x43, 0x08, 0x43, 0x08, 0x43, 0x08, 0x43, 0x08, 0x43, 0x08, 0x43, 0x08,
  0x43, 0x08, 0x43, 0x08, 0x43, 0x08, 0x43, 0x08, 0x43, 0x08, 0x43, 0x08, 0x43, 0x08, 0x43, 0x08, 0x43, 0x08, 0x43, 0x08, 0x43, 0x08, 0x43, 0x08, 0x43, 0x08, 0x43, 0x08, 0x43, 0x08, 0x43, 0x08,
  0x83, 0x10, 0x43, 0x08, 0x43, 0x08, 0x43, 0x08, 0x43, 0x08, 0x43, 0x08, 0x43, 0x08, 0x43, 0x08, 0x43, 0x08, 0x43, 0x08, 0x43, 0x08, 0x43, 0x08, 0x43, 0x08, 0x43, 0x08, 0x8f, 0x3a, 0x8f, 0x3a,
  0x8f, 0x3a, 0x8f, 0x3a, 0x8f, 0x3a, 0x8f, 0x3a, 0x8f, 0x3a, 0x8f, 0x3a, 0x8f, 0x3a, 0x8f, 0x3a, 0x8f, 0x3a, 0x8f, 0x3a, 0x8f, 0x3a, 0x8f, 0x3a, 0x8f, 0x3a, 0x8f, 0x3a, 0x8f, 0x3a, 0x8f, 0x3a,
  0x8f, 0x3a, 0x8f, 0x3a, 0x8f, 0x3a, 0x8f, 0x3a, 0x8f, 0x3a, 0x8f, 0x3a, 0x8f, 0x3a, 0x8f, 0x3a, 0x8f, 0x3a, 0x8f, 0x3a, 0x8f, 0x3a, 0x8f, 0x3a, 0x8f, 0x3a, 0x8f, 0x3a, 0x8f, 0x3a, 0x8f, 0x3a,
  0x8f, 0x3a, 0x8f, 0x3a, 0x8f, 0x3a, 0x8f, 0x3a, 0x8f, 0x3a, 0x8f, 0x3a, 0x8f, 0x3a, 0x8f, 0x3a, 0x8f, 0x3a, 0x8f, 0x3a, 0x8f, 0x3a, 0x8f, 0x3a, 0x8f, 0x3a, 0x8f, 0x3a, 0x8f, 0x3a, 0x8f, 0x3a,
  0x8f, 0x3a, 0x8f, 0x3a, 0x8f, 0x3a, 0x8f, 0x3a, 0x8f, 0x3a, 0x8f, 0x3a, 0x8f, 0x3a, 0x8f, 0x3a, 0x8f, 0x3a, 0x8f, 0x3a, 0x8f, 0x3a, 0x8f, 0x3a, 0x8f, 0x3a, 0x8f, 0x3a, 0x8f, 0x3a, 0x8f, 0x3a,
  0x8f, 0x3a, 0x8f, 0x3a, 0x8f, 0x3a, 0x8f, 0x3a, 0x8f, 0x3a, 0x8f, 0x3a, 0x8f, 0x3a, 0x8f, 0x3a, 0x8f, 0x3a, 0x8f, 0x3a, 0x8f, 0x3a, 0x8f, 0x3a, 0x8f, 0x3a, 0x8f, 0x3a, 0x8f, 0x3a, 0x8f, 0x3a,
  0x8f, 0x3a, 0x8f, 0x3a, 0x8f, 0x3a, 0x8f, 0x3a, 0x8f, 0x3a, 0x8f, 0x3a, 0x8f, 0x3a, 0x8f, 0x3a, 0x8f, 0x3a, 0x8f, 0x3a, 0x8f, 0x3a, 0x8f, 0x3a, 0x8f, 0x3a, 0x8f, 0x3a, 0x8f, 0x3a, 0x8f, 0x3a,
  0x8f, 0x3a, 0x8f, 0x3a, 0x8f, 0x3a, 0x8f, 0x3a, 0x8f, 0x3a, 0x8f, 0x3a, 0x8f, 0x3a, 0x8f, 0x3a, 0x8f, 0x3a, 0x8f, 0x3a, 0x8f, 0x3a, 0x8f, 0x3a, 0x8f, 0x3a, 0x8f, 0x3a, 0x8f, 0x3a, 0x8f, 0x3a,
  0x8f, 0x3a, 0x8f, 0x3a, 0x8f, 0x3a, 0x8f, 0x3a, 0x8f, 0x3a, 0x8f, 0x3a, 0x8f, 0x3a, 0x8f, 0x3a, 0x8f, 0x3a, 0x8f, 0x3a, 0x8f, 0x3a, 0x8f, 0x3a, 0x8f, 0x3a, 0x8f, 0x3a, 0x8f, 0x3a, 0x8f, 0x3a,
  0x8f, 0x3a, 0x8f, 0x3a, 0x8f, 0x3a, 0x8f, 0x3a, 0x8f, 0x3a, 0x8f, 0x3a, 0x8f, 0x3a, 0x8f, 0x3a, 0x8f, 0x3a, 0x8f, 0x3a, 0x8f, 0x3a, 0x8f, 0x3a, 0x8f, 0x3a, 0x8f, 0x3a, 0x8f, 0x3a, 0x8f, 0x3a,
  0x8f, 0x3a, 0x8f, 0x3a, 0x8f, 0x3a, 0x8f, 0x3a, 0x8f, 0x3a, 0x8f, 0x3a, 0x8f, 0x3a, 0x8f, 0x3a, 0x8f, 0x3a, 0x8f, 0x3a, 0x8f, 0x3a, 0x8f, 0x3a, 0x8f, 0x3a, 0x8f, 0x3a, 0x8f, 0x3a, 0x8f, 0x3a,
  0x8f, 0x3a, 0x8f, 0x3a, 0x8f, 0x3a, 0x8f, 0x3a, 0x8f, 0x3a, 0x8f, 0x3a, 0x8f, 0x3a, 0x8f, 0x3a, 0x8f, 0x3a, 0x8f, 0x3a, 0x8f, 0x3a, 0x8f, 0x3a, 0x8f, 0x3a, 0x8f, 0x3a, 0x8f, 0x3a, 0x8f, 0x3a,
  0x8f, 0x3a, 0x8f, 0x3a, 0x8f, 0x3a, 0x8f, 0x3a, 0x8f, 0x3a, 0x8f, 0x3a, 0x8f, 0x3a, 0x8f, 0x3a, 0x8f, 0x3a, 0x8f, 0x3a, 0x8f, 0x3a, 0x8f, 0x3a, 0x8f, 0x3a, 0x8f, 0x3a, 0x8f, 0x3a, 0x8f, 0x3a,
  0x8f, 0x3a, 0x8f, 0x3a, 0x8f, 0x3a, 0x8f, 0x3a, 0x8f, 0x3a, 0x8f, 0x3a, 0x8f, 0x3a, 0x8f, 0x3a, 0x8f, 0x3a, 0x8f, 0x3a, 0x8f, 0x3a, 0x8f, 0x3a, 0x8f, 0x3a, 0x8f, 0x3a, 0x8f, 0x3a, 0x8f, 0x3a,
  0x8f, 0x3a, 0x8f, 0x3a, 0x8f, 0x3a, 0x8f, 0x3a, 0x8f, 0x3a, 0x8f, 0x3a, 0x8f, 0x3a, 0x8f, 0x3a, 0x8f, 0x3a, 0x8f, 0x3a, 0x8f, 0x3a, 0x8f, 0x3a, 0x8f, 0x3a, 0x8f, 0x3a, 0x8f, 0x3a, 0x8f, 0x3a,
  0x8f, 0x3a, 0x8f, 0x3a, 0x8f, 0x3a, 0x8f, 0x3a, 0x8f, 0x3a, 0x8f, 0x3a, 0x8f, 0x3a, 0x8f, 0x3a, 0x8f, 0x3a, 0x8f, 0x3a, 0x8f, 0x3a, 0x8f, 0x3a, 0x8f, 0x3a, 0x8f, 0x3a, 0x8f, 0x3a, 0x8f, 0x3a,
  0x8f, 0x3a, 0x8f, 0x3a, 0x8f, 0x3a, 0x8f, 0x3a, 0x8f, 0x3a, 0x8f, 0x3a, 0x8f, 0x3a, 0x8f, 0x3a, 0x8f, 0x3a, 0x8f, 0x3a, 0x8f, 0x3a, 0x8f, 0x3a, 0x8f, 0x3a, 0x8f, 0x3a, 0x8f, 0x3a, 0x8f, 0x3a,
  0x8f, 0x3a, 0x8f, 0x3a, 0x8f, 0x3a, 0x8f, 0x3a, 0x8f, 0x3a, 0x8f, 0x3a, 0x8f, 0x3a, 0x8f, 0x3a, 0x8f, 0x3a, 0x8f, 0x3a, 0x8f, 0x3a, 0x8f, 0x3a, 0x8f, 0x3a, 0x8f, 0x3a, 0x8f, 0x3a, 0x8f, 0x3a,
  0x8f, 0x3a, 0x8f, 0x3a, 0x8f, 0x3a, 0x8f, 0x3a, 0x8f, 0x3a, 0x8f, 0x3a, 0x8f, 0x3a, 0x8f, 0x3a, 0x8f, 0x3a, 0x8f, 0x3a, 0x8f, 0x3a, 0x8f, 0x3a, 0x8f, 0x3a, 0x8f, 0x3a, 0x8f, 0x3a, 0x8f, 0x3a,
  0x8f, 0x3a, 0x8f, 0x3a, 0x8f, 0x3a, 0x43, 0x08, 0x43, 0x08, 0x43, 0x08, 0x43, 0x08, 0x43, 0x08, 0x43, 0x08, 0x43, 0x08, 0x43, 0x08, 0x43, 0x08, 0x43, 0x08, 0x43, 0x08, 0x43, 0x08, 0x43, 0x08,
  0x83, 0x10, 0x43, 0x08, 0x43, 0x08, 0x43, 0x08, 0x43, 0x08, 0x43, 0x08, 0x43, 0x08, 0x43, 0x08, 0x43, 0x08, 0x43, 0x08, 0x43, 0x08, 0x43, 0x08, 0x43, 0x08, 0x43, 0x08, 0x43, 0x08, 0x43, 0x08,
  0x43, 0x08, 0x43, 0x08, 0x43, 0x08, 0x43, 0x08, 0x43, 0x08, 0x43, 0x08, 0x43, 0x08, 0x43, 0x08, 0x43, 0x08, 0x43, 0x08, 0x43, 0x08, 0x43, 0x08, 0x43, 0x08, 0x43, 0x08, 0x43, 0x08, 0x43, 0x08,
  0x83, 0x10, 0x43, 0x08, 0x43, 0x08, 0x43, 0x08, 0x43, 0x08, 0x43, 0x08, 0x43, 0x08, 0x43, 0x08, 0x43, 0x08, 0x43, 0x08, 0x43, 0x08, 0x43, 0x08, 0x43, 0x08, 0x43, 0x08, 0x43, 0x08, 0x43, 0x08,
  0x43, 0x08, 0x43, 0x08, 0x43, 0x08, 0x43, 0x08, 0x43, 0x08, 0x43, 0x08, 0x43, 0x08, 0x43, 0x08, 0x43, 0x08, 0x43, 0x08, 0x43, 0x08, 0x43, 0x08, 0x43, 0x08, 0x43, 0x08, 0x43, 0x08, 0x43, 0x08,
  0x83, 0x10, 0x43, 0x08, 0x43, 0x08, 0x43, 0x08, 0x43, 0x08, 0x43, 0x08, 0x43, 0x08, 0x43, 0x08, 0x43, 0x08, 0x43, 0x08, 0x43, 0x08, 0x43, 0x08, 0x43, 0x08, 0x43, 0x08, 0x43, 0x08, 0x43, 0x08,
  0x43, 0x08, 0x43, 0x08, 0x43, 0x08, 0x43, 0x08, 0x43, 0x08, 0x43, 0x08, 0x43, 0x08, 0x43, 0x08, 0x43, 0x08, 0x43, 0x08, 0x43, 0x08, 0x43, 0x08, 0x43, 0x08, 0x43, 0x08, 0x43, 0x08, 0x43, 0x08,
  0x83, 0x10, 0x43, 0x08, 0x43, 0x08, 0x43, 0x08, 0x43, 0x08, 0x43, 0x08, 0x43, 0x08, 0x43, 0x08, 0x43, 0x08, 0x43, 0x08, 0x43, 0x08, 0x43, 0x08, 0x43, 0x08, 0x43, 0x08, 0x43, 0x08, 0x43, 0x08,
  0x43, 0x08, 0x43, 0x08, 0x43, 0x08, 0x43, 0x08, 0x43, 0x08, 0x43, 0x08, 0x43, 0x08, 0x43, 0x08, 0x43, 0x08, 0x43, 0x08, 0x43, 0x08, 0x43, 0x08, 0x43, 0x08, 0x43, 0x08, 0x43, 0x08, 0x43, 0x08,
  0x83, 0x10, 0x43, 0x08, 0x43, 0x08, 0x43, 0x08, 0x43, 0x08, 0x43, 0x08, 0x43, 0x08, 0x43, 0x08, 0x43, 0x08, 0x43, 0x08, 0x43, 0x08, 0x43, 0x08, 0x43, 0x08, 0x43, 0x08, 0x43, 0x08, 0x43, 0x08,
  0x43, 0x08, 0x43, 0x08, 0x43, 0x08, 0x43, 0x08, 0x43, 0x08, 0x43, 0x08, 0x43, 0x08, 0x43, 0x08, 0x43, 0x08, 0x43, 0x08, 0x43, 0x08, 0x43, 0x08, 0x43, 0x08, 0x43, 0x08, 0x43, 0x08, 0x43, 0x08,
  0x83, 0x10, 0x43, 0x08, 0x43, 0x08, 0x43, 0x08, 0x43, 0x08, 0x43, 0x08, 0x43, 0x08, 0x43, 0x08, 0x43, 0x08, 0x43, 0x08, 0x43, 0x08, 0x43, 0x08, 0x43, 0x08, 0x43, 0x08, 0x43, 0x08, 0x43, 0x08,
  0x43, 0x08, 0x43, 0x08, 0x43, 0x08, 0x43, 0x08, 0x43, 0x08, 0x43, 0x08, 0x43, 0x08, 0x43, 0x08, 0x43, 0x08, 0x43, 0x08, 0x43, 0x08, 0x43, 0x08, 0x43, 0x08, 0x43, 0x08, 0x43, 0x08, 0x43, 0x08,
  0x83, 0x10, 0x43, 0x08, 0x43, 0x08, 0x43, 0x08, 0x43, 0x08, 0x43, 0x08, 0x43, 0x08, 0x43, 0x08, 0x43, 0x08, 0x43, 0x08, 0x43, 0x08, 0x43, 0x08, 0x43, 0x08, 0x43, 0x08, 0x43, 0x08, 0x43, 0x08,
  0x43, 0x08, 0x43, 0x08, 0x43, 0x08, 0x43, 0x08, 0x43, 0x08, 0x43, 0x08, 0x43, 0x08, 0x43, 0x08, 0x43, 0x08, 0x43, 0x08, 0x43, 0x08, 0x43, 0x08, 0x43, 0x08, 0x43, 0x08, 0x43, 0x08, 0x43, 0x08,
  0x83, 0x10, 0x43, 0x08, 0x43, 0x08, 0x43, 0x08, 0x43, 0x08, 0x43, 0x08, 0x43, 0x08, 0x43, 0x08, 0x43, 0x08, 0x43, 0x08, 0x43, 0x08, 0x43, 0x08, 0x43, 0x08, 0x43, 0x08, 0x43, 0x08, 0x43, 0x08,
  0x43, 0x08, 0x43, 0x08, 0x43, 0x08, 0x43, 0x08, 0x43, 0x08, 0x43, 0x08, 0x43, 0x08, 0x43, 0x08, 0x43, 0x08, 0x43, 0x08, 0x43, 0x08, 0x43, 0x08, 0x43, 0x08, 0x43, 0x08, 0x43, 0x08, 0x43, 0x08,
  0x83, 0x10, 0x43, 0x08, 0x43, 0x08, 0x43, 0x08, 0x43, 0x08, 0x43, 0x08, 0x43, 0x08, 0x43, 0x08, 0x43, 0x08, 0x43, 0x08, 0x43, 0x08, 0x43, 0x08, 0x43, 0x08, 0x43, 0x08, 0x43, 0x08, 0x43, 0x08,
  0x43, 0x08, 0x43, 0x08, 0x43, 0x08, 0x43, 0x08, 0x43, 0x08, 0x43, 0x08, 0x43, 0x08, 0x43, 0x08, 0x43, 0x08, 0x43, 0x08, 0x43, 0x08, 0x43, 0x08, 0x43, 0x08, 0x43, 0x08, 0x43, 0x08, 0x43, 0x08,
  0x83, 0x10, 0x43, 0x08, 0x43, 0x08, 0x43, 0x08, 0x43, 0x08, 0x43, 0x08, 0x43, 0x08, 0x43, 0x08, 0x43, 0x08, 0x43, 0x08, 0x43, 0x08, 0x43, 0x08, 0x43, 0x08, 0x43, 0x08, 0x43, 0x08, 0x43, 0x08,
  0x43, 0x08, 0x43, 0x08, 0x43, 0x08, 0x43, 0x08, 0x43, 0x08, 0x43, 0x08, 0x43, 0x08, 0x43, 0x08, 0x43, 0x08, 0x43, 0x08, 0x43, 0x08, 0x43, 0x08, 0x43, 0x08, 0x43, 0x08, 0x43, 0x08, 0x43, 0x08,
  0x83, 0x10, 0x43, 0x08, 0x43, 0x08, 0x43, 0x08, 0x43, 0x08, 0x43, 0x08, 0x43, 0x08, 0x43, 0x08, 0x43, 0x08, 0x43, 0x08, 0x43, 0x08, 0x43, 0x08, 0x43, 0x08, 0x43, 0x08, 0x43, 0x08, 0x43, 0x08,
  0x43, 0x08, 0x43, 0x08, 0x43, 0x08, 0x43, 0x08, 0x43, 0x08, 0x43, 0x08, 0x43, 0x08, 0x43, 0x08, 0x43, 0x08, 0x43, 0x08, 0x43, 0x08, 0x43, 0x08, 0x43, 0x08, 0x43, 0x08, 0x43, 0x08, 0x43, 0x08,
  0x83, 0x10, 0x43, 0x08, 0x43, 0x08, 0x43, 0x08, 0x43, 0x08, 0x43, 0x08, 0x43, 0x08, 0x43, 0x08, 0x43, 0x08, 0x43, 0x08, 0x43, 0x08, 0x43, 0x08, 0x43, 0x08, 0x43, 0x08, 0x43, 0x08, 0x43, 0x08,
  0x43, 0x08, 0x43, 0x08, 0x43, 0x08, 0x43, 0x08, 0x43, 0x08, 0x43, 0x08, 0x43, 0x08, 0x43, 0x08, 0x43, 0x08, 0x43, 0x08, 0x43, 0x08, 0x43, 0x08, 0x43, 0x08, 0x43, 0x08, 0x43, 0x08, 0x43, 0x08,
  0x83, 0x10, 0x43, 0x08, 0x43, 0x08, 0x43, 0x08, 0x43, 0x08, 0x43, 0x08, 0x43, 0x08, 0x43, 0x08, 0x43, 0x08, 0x43, 0x08, 0x43, 0x08, 0x43, 0x08, 0x43, 0x08, 0x43, 0x08, 0x43, 0x08, 0x43, 0x08,
  0x43, 0x08, 0x43, 0x08, 0x43, 0x08, 0x43, 0x08, 0x43, 0x08, 0x43, 0x08, 0x43, 0x08, 0x43, 0x08, 0x43, 0x08, 0x43, 0x08, 0x43, 0x08, 0x43, 0x08, 0x43, 0x08, 0x43, 0x08, 0x43, 0x08, 0x43, 0x08,
  0x83, 0x10, 0x43, 0x08, 0x43, 0x08, 0x43, 0x08, 0x43, 0x08, 0x43, 0x08, 0x43, 0x08, 0x43, 0x08, 0x43, 0x08, 0x43, 0x08, 0x43, 0x08, 0x43, 0x08, 0x43, 0x08, 0x43, 0x08, 0x43, 0x08, 0x43, 0x08,
  0x43, 0x08, 0x43, 0x08, 0x43, 0x08, 0x43, 0x08, 0x43, 0x08, 0x43, 0x08, 0x43, 0x08, 0x43, 0x08, 0x43, 0x08, 0x43, 0x08, 0x43, 0x08, 0x43, 0x08, 0x43, 0x08, 0x43, 0x08, 0x43, 0x08, 0x43, 0x08,
  0x83, 0x10, 0x43, 0x08, 0x43, 0x08, 0x43, 0x08, 0x43, 0x08, 0x43, 0x08, 0x43, 0x08, 0x43, 0x08, 0x43, 0x08, 0x43, 0x08, 0x43, 0x08, 0x43, 0x08, 0x43, 0x08, 0x43, 0x08, 0x43, 0x08, 0x43, 0x08,
  0x43, 0x08, 0x43, 0x08, 0x43, 0x08, 0x43, 0x08, 0x43, 0x08, 0x43, 0x08, 0x43, 0x08, 0x43, 0x08, 0x43, 0x08, 0x43, 0x08, 0x43, 0x08, 0x43, 0x08, 0x43, 0x08, 0x43, 0x08, 0x43, 0x08, 0x43, 0x08,
  0x83, 0x10, 0x43, 0x08, 0x43, 0x08, 0x43, 0x08, 0x43, 0x08, 0x43, 0x08, 0x43, 0x08, 0x43, 0x08, 0x43, 0x08, 0x43, 0x08, 0x43, 0x08, 0x43, 0x08, 0x43, 0x08, 0x43, 0x08, 0x43, 0x08, 0x43, 0x08,
  0x43, 0x08, 0x43, 0x08, 0x43, 0x08, 0x43, 0x08, 0x43, 0x08, 0x43, 0x08, 0x43, 0x08, 0x43, 0x08, 0x43, 0x08, 0x43, 0x08, 0x43, 0x08, 0x43, 0x08, 0x43, 0x08, 0x43, 0x08, 0x43, 0x08, 0x43, 0x08,
  0x83, 0x10, 0x43, 0x08, 0x43, 0x08, 0x43, 0x08, 0x43, 0x08, 0x43, 0x08, 0x43, 0x08, 0x43, 0x08, 0x43, 0x08, 0x43, 0x08, 0x43, 0x08, 0x43, 0x08, 0x43, 0x08, 0x43, 0x08, 0x43, 0x08, 0x43, 0x08,
  0x43, 0x08, 0x43, 0x08, 0x43, 0x08, 0x43, 0x08, 0x43, 0x08, 0x43, 0x08, 0x43, 0x08, 0x43, 0x08, 0x43, 0x08, 0x43, 0x08, 0x43, 0x08, 0x43, 0x08, 0x43, 0x08, 0x43, 0x08, 0x43, 0x08, 0x43, 0x08,
  0x83, 0x10, 0x43, 0x08, 0x43, 0x08, 0x43, 0x08, 0x43, 0x08, 0x43, 0x08, 0x43, 0x08, 0x43, 0x08, 0x43, 0x08, 0x43, 0x08, 0x43, 0x08, 0x43, 0x08, 0x43, 0x08, 0x43, 0x08, 0x43, 0x08, 0x43, 0x08,
  0x43, 0x08, 0x43, 0x08, 0x43, 0x08, 0x43, 0x08, 0x43, 0x08, 0x43, 0x08, 0x43, 0x08, 0x43, 0x08, 0x43, 0x08, 0x43, 0x08, 0x43, 0x08, 0x43, 0x08, 0x43, 0x08, 0x43, 0x08, 0x43, 0x08, 0x43, 0x08,
  0x83, 0x10, 0x43, 0x08, 0x43, 0x08, 0x43, 0x08, 0x43, 0x08, 0x43, 0x08, 0x43, 0x08, 0x43, 0x08, 0x43, 0x08, 0x43, 0x08, 0x43, 0x08, 0x43, 0x08, 0x43, 0x08, 0x43, 0x08, 0x43, 0x08, 0x43, 0x08,
  0x43, 0x08, 0x43, 0x08, 0x43, 0x08, 0x43, 0x08, 0x43, 0x08, 0x43, 0x08, 0x43, 0x08, 0x43, 0x08, 0x43, 0x08, 0x43, 0x08, 0x43, 0x08, 0x43, 0x08, 0x43, 0x08, 0x43, 0x08, 0x43, 0x08, 0x43, 0x08,
  0x83, 0x10, 0x43, 0x08, 0x43, 0x08, 0x43, 0x08, 0x43, 0x08, 0x43, 0x08, 0x43, 0x08, 0x43, 0x08, 0x43, 0x08, 0x43, 0x08, 0x43, 0x08, 0x43, 0x08, 0x43, 0x08, 0x43, 0x08, 0x43, 0x08, 0x43, 0x08,
  0x43, 0x08, 0x43, 0x08, 0x43, 0x08, 0x43, 0x08, 0x43, 0x08, 0x43, 0x08, 0x43, 0x08, 0x43, 0x08, 0x43, 0x08, 0x43, 0x08, 0x43, 0x08, 0x43, 0x08, 0x43, 0x08, 0x43, 0x08, 0x43, 0x08, 0x43, 0x08,
  0x83, 0x10, 0x43, 0x08, 0x43, 0x08, 0x43, 0x08, 0x43, 0x08, 0x43, 0x08, 0x43, 0x08, 0x43, 0x08, 0x43, 0x08, 0x43, 0x08, 0x43, 0x08, 0x43, 0x08, 0x43, 0x08, 0x43, 0x08, 0x43, 0x08, 0x43, 0x08,
  0x43, 0x08, 0x43, 0x08, 0x43, 0x08, 0x43, 0x08, 0x43, 0x08, 0x43, 0x08, 0x43, 0x08, 0x43, 0x08, 0x43, 0x08, 0x43, 0x08, 0x43, 0x08, 0x43, 0x08, 0x43, 0x08, 0x43, 0x08, 0x43, 0x08, 0x43, 0x08,
  0x83, 0x10, 0x43, 0x08, 0x43, 0x08, 0x43, 0x08, 0x43, 0x08, 0x43, 0x08, 0x43, 0x08, 0x43, 0x08, 0x43, 0x08, 0x43, 0x08, 0x43, 0x08, 0x43, 0x08, 0x43, 0x08, 0x43, 0x08, 0x43, 0x08, 0x43, 0x08,
  0x43, 0x08, 0x43, 0x08, 0x43, 0x08, 0x43, 0x08, 0x43, 0x08, 0x43, 0x08, 0x43, 0x08, 0x43, 0x08, 0x43, 0x08, 0x43, 0x08, 0x43, 0x08, 0x43, 0x08, 0x43, 0x08, 0x43, 0x08, 0x43, 0x08, 0x43, 0x08,
  0x83, 0x10, 0x43, 0x08, 0x43, 0x08, 0x43, 0x08, 0x43, 0x08, 0x43, 0x08, 0x43, 0x08, 0x43, 0x08, 0x43, 0x08, 0x43, 0x08, 0x43, 0x08, 0x43, 0x08, 0x43, 0x08, 0x43, 0x08, 0x43, 0x08, 0x43, 0x08,
  0x43, 0x08, 0x43, 0x08, 0x43, 0x08, 0x43, 0x08, 0x43, 0x08, 0x43, 0x08, 0x43, 0x08, 0x43, 0x08, 0x43, 0x08, 0x43, 0x08, 0x43, 0x08, 0x43, 0x08, 0x43, 0x08, 0x43, 0x08, 0x43, 0x08, 0x43, 0x08,
  0x83, 0x10, 0x43, 0x08, 0x43, 0x08, 0x43, 0x08, 0x43, 0x08, 0x43, 0x08, 0x43, 0x08, 0x43, 0x08, 0x43, 0x08, 0x43, 0x08, 0x43, 0x08, 0x43, 0x08, 0x43, 0x08, 0x43, 0x08, 0x43, 0x08, 0x43, 0x08,
  0x43, 0x08, 0x43, 0x08, 0x43, 0x08, 0x43, 0x08, 0x43, 0x08, 0x43, 0x08, 0x43, 0x08, 0x43, 0x08, 0x43, 0x08, 0x43, 0x08, 0x43, 0x08, 0x43, 0x08, 0x43, 0x08, 0x43, 0x08, 0x43, 0x08, 0x43, 0x08,
  0x83, 0x10, 0x43, 0x08, 0x43, 0x08, 0x43, 0x08, 0x43, 0x08, 0x43, 0x08, 0x43, 0x08, 0x43, 0x08, 0x43, 0x08, 0x43, 0x08, 0x43, 0x08, 0x43, 0x08, 0x43, 0x08, 0x43, 0x08, 0x43, 0x08, 0x43, 0x08,
  0x43, 0x08, 0x43, 0x08, 0x43, 0x08, 0x43, 0x08, 0x43, 0x08, 0x43, 0x08, 0x43, 0x08, 0x43, 0x08, 0x43, 0x08, 0x43, 0x08, 0x43, 0x08, 0x43, 0x08, 0x43, 0x08, 0x43, 0x08, 0x43, 0x08, 0x43, 0x08,
  0x83, 0x10, 0x43, 0x08, 0x43, 0x08, 0x43, 0x08, 0x43, 0x08, 0x43, 0x08, 0x43, 0x08, 0x43, 0x08, 0x43, 0x08, 0x43, 0x08, 0x43, 0x08, 0x43, 0x08, 0x43, 0x08, 0x43, 0x08, 0x43, 0x08, 0x43, 0x08,
  0x43, 0x08, 0x43, 0x08, 0x43, 0x08, 0x43, 0x08, 0x43, 0x08, 0x43, 0x08, 0x43, 0x08, 0x43, 0x08, 0x43, 0x08, 0x43, 0x08, 0x43, 0x08, 0x43, 0x08, 0x43, 0x08, 0x43, 0x08, 0x43, 0x08, 0x43, 0x08,
  0x83, 0x10, 0x43, 0x08, 0x43, 0x08, 0x43, 0x08, 0x43, 0x08, 0x43, 0x08, 0x43, 0x08, 0x43, 0x08, 0x43, 0x08, 0x43, 0x08, 0x43, 0x08, 0x43, 0x08, 0x43, 0x08, 0x43, 0x08, 0x43, 0x08, 0x43, 0x08,
  0x43, 0x08, 0x43, 0x08, 0x43, 0x08, 0x43, 0x08, 0x43, 0x08, 0x43, 0x08, 0x43, 0x08, 0x43, 0x08, 0x43, 0x08, 0x43, 0x08, 0x43, 0x08, 0x43, 0x08, 0x43, 0x08, 0x43, 0x08, 0x43, 0x08, 0x43, 0x08,
  0x83, 0x10, 0x43, 0x08, 0x43, 0x08, 0x43, 0x08, 0x43, 0x08, 0x43, 0x08, 0x43, 0x08, 0x43, 0x08, 0x43, 0x08, 0x43, 0x08, 0x43, 0x08, 0x43, 0x08, 0x43, 0x08, 0x43, 0x08, 0x43, 0x08, 0x43, 0x08,
  0x43, 0x08, 0x43, 0x08, 0x43, 0x08, 0x43, 0x08, 0x43, 0x08, 0x43, 0x08, 0x43, 0x08, 0x43, 0x08, 0x43, 0x08, 0x43, 0x08, 0x43, 0x08, 0x43, 0x08, 0x43, 0x08, 0x43, 0x08, 0x43, 0x08, 0x43, 0x08,
  0x83, 0x10, 0x43, 0x08, 0x43, 0x08, 0x43, 0x08, 0x43, 0x08, 0x43, 0x08, 0x43, 0x08, 0x43, 0x08, 0x43, 0x08, 0x43, 0x08, 0x43, 0x08, 0x43, 0x08, 0x43, 0x08, 0x43, 0x08, 0x43, 0x08, 0x43, 0x08,
  0x43, 0x08, 0x43, 0x08, 0x43, 0x08, 0x43, 0x08, 0x43, 0x08, 0x43, 0x08, 0x43, 0x08, 0x43, 0x08, 0x43, 0x08, 0x43, 0x08, 0x43, 0x08, 0x43, 0x08, 0x43, 0x08, 0x43, 0x08, 0x43, 0x08, 0x43, 0x08,
  0x83, 0x10, 0x43, 0x08, 0x43, 0x08, 0x43, 0x08, 0x43, 0x08, 0x43, 0x08, 0x43, 0x08, 0x43, 0x08, 0x43, 0x08, 0x43, 0x08, 0x43, 0x08, 0x43, 0x08, 0x43, 0x08, 0x43, 0x08, 0x43, 0x08, 0x43, 0x08,
  0x43, 0x08, 0x43, 0x08, 0x43, 0x08, 0x43, 0x08, 0x43, 0x08, 0x43, 0x08, 0x43, 0x08, 0x43, 0x08, 0x43, 0x08, 0x43, 0x08, 0x43, 0x08, 0x43, 0x08, 0x43, 0x08, 0x43, 0x08, 0x43, 0x08, 0x43, 0x08,
  0x83, 0x10, 0x43, 0x08, 0x43, 0x08, 0x43, 0x08, 0x43, 0x08, 0x43, 0x08, 0x43, 0x08, 0x43, 0x08, 0x43, 0x08, 0x43, 0x08, 0x43, 0x08, 0x43, 0x08, 0x43, 0x08, 0x43, 0x08, 0x43, 0x08, 0x43, 0x08,
  0x43, 0x08, 0x43, 0x08, 0x43, 0x08, 0x43, 0x08, 0x43, 0x08, 0x43, 0x08, 0x43, 0x08, 0x43, 0x08, 0x43, 0x08, 0x43, 0x08, 0x43, 0x08, 0x43, 0x08, 0x43, 0x08, 0x43, 0x08, 0x43, 0x08, 0x43, 0x08,
  0x83, 0x10, 0x43, 0x08, 0x43, 0x08, 0x43, 0x08, 0x43, 0x08, 0x43, 0x08, 0x43, 0x08, 0x43, 0x08, 0x43, 0x08, 0x43, 0x08, 0x43, 0x08, 0x43, 0x08, 0x43, 0x08, 0x43, 0x08, 0x43, 0x08, 0x43, 0x08,
  0x43, 0x08, 0x43, 0x08, 0x43, 0x08, 0x43, 0x08, 0x43, 0x08, 0x43, 0x08, 0x43, 0x08, 0x43, 0x08, 0x43, 0x08, 0x43, 0x08, 0x43, 0x08, 0x43, 0x08, 0x43, 0x08, 0x43, 0x08, 0x43, 0x08, 0x43, 0x08,
  0x83, 0x10, 0x43, 0x08, 0x43, 0x08, 0x43, 0x08, 0x43, 0x08, 0x43, 0x08, 0x43, 0x08, 0x43, 0x08, 0x43, 0x08, 0x43, 0x08, 0x43, 0x08, 0x43, 0x08, 0x43, 0x08, 0x43, 0x08, 0x43, 0x08, 0x43, 0x08,
  0x43, 0x08, 0x43, 0x08, 0x43, 0x08, 0x43, 0x08, 0x43, 0x08, 0x43, 0x08, 0x43, 0x08, 0x43, 0x08, 0x43, 0x08, 0x43, 0x08, 0x43, 0x08, 0x43, 0x08, 0x43, 0x08, 0x43, 0x08, 0x43, 0x08, 0x43, 0x08,
  0x83, 0x10, 0x43, 0x08, 0x43, 0x08, 0x43, 0x08, 0x43, 0x08, 0x43, 0x08, 0x43, 0x08, 0x43, 0x08, 0x43, 0x08, 0x43, 0x08, 0x43, 0x08, 0x43, 0x08, 0x43, 0x08, 0x43, 0x08, 0x43, 0x08, 0x43, 0x08,
  0x43, 0x08, 0x43, 0x08, 0x43, 0x08, 0x43, 0x08, 0x43, 0x08, 0x43, 0x08, 0x43, 0x08, 0x43, 0x08, 0x43, 0x08, 0x43, 0x08, 0x43, 0x08, 0x43, 0x08, 0x43, 0x08, 0x43, 0x08, 0x43, 0x08, 0x43, 0x08,
  0x83, 0x10, 0x43, 0x08, 0x43, 0x08, 0x43, 0x08, 0x43, 0x08, 0x43, 0x08, 0x43, 0x08, 0x43, 0x08, 0x43, 0x08, 0x43, 0x08, 0x43, 0x08, 0x43, 0x08, 0x43, 0x08, 0x43, 0x08, 0x43, 0x08, 0x43, 0x08,
  0x43, 0x08, 0x43, 0x08, 0x43, 0x08, 0x43, 0x08, 0x43, 0x08, 0x43, 0x08, 0x43, 0x08, 0x43, 0x08, 0x43, 0x08, 0x43, 0x08, 0x43, 0x08, 0x43, 0x08, 0x43, 0x08, 0x43, 0x08, 0x43, 0x08, 0x43, 0x08,
  0x83, 0x10, 0x43, 0x08, 0x43, 0x08, 0x43, 0x08, 0x43, 0x08, 0x43, 0x08, 0x43, 0x08, 0x43, 0x08, 0x43, 0x08, 0x43, 0x08, 0x43, 0x08, 0x43, 0x08, 0x43, 0x08, 0x43, 0x08, 0x43, 0x08, 0x43, 0x08,
  0x43, 0x08, 0x43, 0x08, 0x43, 0x08, 0x43, 0x08, 0x43, 0x08, 0x43, 0x08, 0x43, 0x08, 0x43, 0x08, 0x43, 0x08, 0x43, 0x08, 0x43, 0x08, 0x43, 0x08, 0x43, 0x08, 0x43, 0x08, 0x43, 0x08, 0x43, 0x08,
  0x83, 0x10, 0x43, 0x08, 0x43, 0x08, 0x43, 0x08, 0x43, 0x08, 0x43, 0x08, 0x43, 0x08, 0x43, 0x08, 0x43, 0x08, 0x43, 0x08, 0x43, 0x08, 0x43, 0x08, 0x43, 0x08, 0x43, 0x08, 0x43, 0x08, 0x43, 0x08,
  0x43, 0x08, 0x43, 0x08, 0x43, 0x08, 0x43, 0x08, 0x43, 0x08, 0x43, 0x08, 0x43, 0x08, 0x43, 0x08, 0x43, 0x08, 0x43, 0x08, 0x43, 0x08, 0x43, 0x08, 0x43, 0x08, 0x43, 0x08, 0x43, 0x08, 0x43, 0x08,
  0x83, 0x10, 0x43, 0x08, 0x43, 0x08, 0x43, 0x08, 0x43, 0x08, 0x43, 0x08, 0x43, 0x08, 0x43, 0x08, 0x43, 0x08, 0x43, 0x08, 0x43, 0x08, 0x43, 0x08, 0x43, 0x08, 0x43, 0x08, 0x43, 0x08, 0x43, 0x08,
  0x43, 0x08, 0x43, 0x08, 0x43, 0x08, 0x43, 0x08, 0x43, 0x08, 0x43, 0x08, 0x43, 0x08, 0x43, 0x08, 0x43, 0x08, 0x43, 0x08, 0x43, 0x08, 0x43, 0x08, 0x43, 0x08, 0x43, 0x08, 0x43, 0x08, 0x43, 0x08,
  0x83, 0x10, 0x43, 0x08, 0x43, 0x08, 0x43, 0x08, 0x43, 0x08, 0x43, 0x08, 0x43, 0x08, 0x43, 0x08, 0x43, 0x08, 0x43, 0x08, 0x43, 0x08, 0x43, 0x08, 0x43, 0x08, 0x43, 0x08, 0x43, 0x08, 0x43, 0x08,
  0x43, 0x08, 0x43, 0x08, 0x43, 0x08, 0x43, 0x08, 0x43, 0x08, 0x43, 0x08, 0x43, 0x08, 0x43, 0x08, 0x43, 0x08, 0x43, 0x08, 0x43, 0x08, 0x43, 0x08, 0x43, 0x08, 0x43, 0x08, 0x43, 0x08, 0x43, 0x08,
  0x83, 0x10, 0x43, 0x08, 0x43, 0x08, 0x43, 0x08, 0x43, 0x08, 0x43, 0x08, 0x43, 0x08, 0x43, 0x08, 0x43, 0x08, 0x43, 0x08, 0x43, 0x08, 0x43, 0x08, 0x43, 0x08, 0x43, 0x08, 0x43, 0x08, 0x43, 0x08,
  0x43, 0x08, 0x43, 0x08, 0x43, 0x08, 0x43, 0x08, 0x43, 0x08, 0x43, 0x08, 0x43, 0x08, 0x43, 0x08, 0x43, 0x08, 0x43, 0x08, 0x43, 0x08, 0x43, 0x08, 0x43, 0x08, 0x43, 0x08, 0x43, 0x08, 0x43, 0x08,
  0x83, 0x10, 0x43, 0x08, 0x43, 0x08, 0x43, 0x08, 0x43, 0x08, 0x43, 0x08, 0x43, 0x08, 0x43, 0x08, 0x43, 0x08, 0x43, 0x08, 0x43, 0x08, 0x43, 0x08, 0x43, 0x08, 0x43, 0x08, 0x43, 0x08, 0x43, 0x08,
  0x43, 0x08, 0x43, 0x08, 0x43, 0x08, 0x43, 0x08, 0x43, 0x08, 0x43, 0x08, 0x43, 0x08, 0x43, 0x08, 0x43, 0x08, 0x43, 0x08, 0x43, 0x08, 0x43, 0x08, 0x43, 0x08, 0x43, 0x08, 0x43, 0x08, 0x43, 0x08,
  0x83, 0x10, 0x43, 0x08, 0x43, 0x08, 0x43, 0x08, 0x43, 0x08, 0x43, 0x08, 0x43, 0x08, 0x43, 0x08, 0x43, 0x08, 0x43, 0x08, 0x43, 0x08, 0x43, 0x08, 0x43, 0x08, 0x43, 0x08, 0x43, 0x08, 0x43, 0x08,
  0x43, 0x08, 0x43, 0x08, 0x43, 0x08, 0x43, 0x08, 0x43, 0x08, 0x43, 0x08, 0x43, 0x08, 0x43, 0x08, 0x43, 0x08, 0x43, 0x08, 0x43, 0x08, 0x43, 0x08, 0x43, 0x08, 0x43, 0x08, 0x43, 0x08, 0x43, 0x08,
  0x83, 0x10, 0x43, 0x08, 0x43, 0x08, 0x43, 0x08, 0x43, 0x08, 0x43, 0x08, 0x43, 0x08, 0x43, 0x08, 0x43, 0x08, 0x43, 0x08, 0x43, 0x08, 0x43, 0x08, 0x43, 0x08, 0x43, 0x08, 0x43, 0x08, 0x43, 0x08,
  0x43, 0x08, 0x43, 0x08, 0x43, 0x08, 0x43, 0x08, 0x43, 0x08, 0x43, 0x08, 0x43, 0x08, 0x43, 0x08, 0x43, 0x08, 0x43, 0x08, 0x43, 0x08, 0x43, 0x08, 0x43, 0x08, 0x43, 0x08, 0x43, 0x08, 0x43, 0x08,
  0x83, 0x10, 0x43, 0x08, 0x43, 0x08, 0x43, 0x08, 0x43, 0x08, 0x43, 0x08, 0x43, 0x08, 0x43, 0x08, 0x43, 0x08, 0x43, 0x08, 0x43, 0x08, 0x43, 0x08, 0x43, 0x08, 0x43, 0x08, 0x43, 0x08, 0x43, 0x08,
  0x43, 0x08, 0x43, 0x08, 0x43, 0x08, 0x43, 0x08, 0x43, 0x08, 0x43, 0x08, 0x43, 0x08, 0x43, 0x08, 0x43, 0x08, 0x43, 0x08, 0x43, 0x08, 0x43, 0x08, 0x43, 0x08, 0x43, 0x08, 0x43, 0x08, 0x43, 0x08,
  0x83, 0x10, 0x43, 0x08, 0x43, 0x08, 0x43, 0x08, 0x43, 0x08, 0x43, 0x08, 0x43, 0x08, 0x43, 0x08, 0x43, 0x08, 0x43, 0x08, 0x43, 0x08, 0x43, 0x08, 0x43, 0x08, 0x43, 0x08, 0x43, 0x08, 0x43, 0x08,
  0x43, 0x08, 0x43, 0x08, 0x43, 0x08, 0x43, 0x08, 0x43, 0x08, 0x43, 0x08, 0x43, 0x08, 0x43, 0x08, 0x43, 0x08, 0x43, 0x08, 0x43, 0x08, 0x43, 0x08, 0x43, 0x08, 0x43, 0x08, 0x43, 0x08, 0x43, 0x08,
  0x83, 0x10, 0x43, 0x08, 0x43, 0x08, 0x43, 0x08, 0x43, 0x08, 0x43, 0x08, 0x43, 0x08, 0x43, 0x08, 0x43, 0x08, 0x43, 0x08, 0x43, 0x08, 0x43, 0x08, 0x43, 0x08, 0x43, 0x08, 0x43, 0x08, 0x43, 0x08,
  0x43, 0x08, 0x43, 0x08, 0x43, 0x08, 0x43, 0x08, 0x43, 0x08, 0x43, 0x08, 0x43, 0x08, 0x43, 0x08, 0x43, 0x08, 0x43, 0x08, 0x43, 0x08, 0x43, 0x08, 0x43, 0x08, 0x43, 0x08, 0x43, 0x08, 0x43, 0x08,
  0x83, 0x10, 0x43, 0x08, 0x43, 0x08, 0x43, 0x08, 0x43, 0x08, 0x43, 0x08, 0x43, 0x08, 0x43, 0x08, 0x43, 0x08, 0x43, 0x08, 0x43, 0x08, 0x43, 0x08, 0x43, 0x08, 0x43, 0x08, 0x43, 0x08, 0x43, 0x08,
  0x43, 0x08, 0x43, 0x08, 0x43, 0x08, 0x43, 0x08, 0x43, 0x08, 0x43, 0x08, 0x43, 0x08, 0x43, 0x08, 0x43, 0x08, 0x43, 0x08, 0x43, 0x08, 0x43, 0x08, 0x43, 0x08, 0x43, 0x08, 0x43, 0x08, 0x43, 0x08,
  0x83, 0x10, 0x43, 0x08, 0x43, 0x08, 0x43, 0x08, 0x43, 0x08, 0x43, 0x08, 0x43, 0x08, 0x43, 0x08, 0x43, 0x08, 0x43, 0x08, 0x43, 0x08, 0x43, 0x08, 0x43, 0x08, 0x43, 0x08, 0x43, 0x08, 0x43, 0x08,
  0x43, 0x08, 0x43, 0x08, 0x43, 0x08, 0x43, 0x08, 0x43, 0x08, 0x43, 0x08, 0x43, 0x08, 0x43, 0x08, 0x43, 0x08, 0x43, 0x08, 0x43, 0x08, 0x43, 0x08, 0x43, 0x08, 0x43, 0x08, 0x43, 0x08, 0x43, 0x08,
  0x83, 0x10, 0x43, 0x08, 0x43, 0x08, 0x43, 0x08, 0x43, 0x08, 0x43, 0x08, 0x43, 0x08, 0x43, 0x08, 0x43, 0x08, 0x43, 0x08, 0x43, 0x08, 0x43, 0x08, 0x43, 0x08, 0x43, 0x08, 0x43, 0x08, 0x43, 0x08,
  0x43, 0x08, 0x43, 0x08, 0x43, 0x08, 0x43, 0x08, 0x43, 0x08, 0x43, 0x08, 0x43, 0x08, 0x43, 0x08, 0x43, 0x08, 0x43, 0x08, 0x43, 0x08, 0x43, 0x08, 0x43, 0x08, 0x43, 0x08, 0x43, 0x08, 0x43, 0x08,
  0x83, 0x10, 0x43, 0x08, 0x43, 0x08, 0x43, 0x08, 0x43, 0x08, 0x43, 0x08, 0x43, 0x08, 0x43, 0x08, 0x43, 0x08, 0x43, 0x08, 0x43, 0x08, 0x43, 0x08, 0x43, 0x08, 0x43, 0x08, 0x43, 0x08, 0x43, 0x08,
  0x43, 0x08, 0x43, 0x08, 0x43, 0x08, 0x43, 0x08, 0x43, 0x08, 0x43, 0x08, 0x43, 0x08, 0x43, 0x08, 0x43, 0x08, 0x43, 0x08, 0x43, 0x08, 0x43, 0x08, 0x43, 0x08, 0x43, 0x08, 0x43, 0x08, 0x43, 0x08,
  0x83, 0x10, 0x42, 0x08, 0x42, 0x08, 0x42, 0x08, 0x42, 0x08, 0x42, 0x08, 0x42, 0x08, 0x42, 0x08, 0x42, 0x08, 0x42, 0x08, 0x42, 0x08, 0x42, 0x08, 0x42, 0x08, 0x42, 0x08, 0x42, 0x08, 0x42, 0x08,
  0x42, 0x08, 0x42, 0x08, 0x42, 0x08, 0x42, 0x08, 0x42, 0x08, 0x42, 0x08, 0x42, 0x08, 0x42, 0x08, 0x42, 0x08, 0x42, 0x08, 0x42, 0x08, 0x42, 0x08, 0x42, 0x08, 0x42, 0x08, 0x42, 0x08, 0x42, 0x08,
  0x83, 0x10, 0x42, 0x08, 0x42, 0x08, 0x42, 0x08, 0x42, 0x08, 0x42, 0x08, 0x42, 0x08, 0x42, 0x08, 0x42, 0x08, 0x42, 0x08, 0x42, 0x08, 0x42, 0x08, 0x42, 0x08, 0x42, 0x08, 0x42, 0x08, 0x42, 0x08,
  0x42, 0x08, 0x42, 0x08, 0x42, 0x08, 0x42, 0x08, 0x42, 0x08, 0x42, 0x08, 0x42, 0x08, 0x42, 0x08, 0x42, 0x08, 0x42, 0x08, 0x42, 0x08, 0x42, 0x08, 0x42, 0x08, 0x42, 0x08, 0x42, 0x08, 0x42, 0x08,
  0x83, 0x10, 0x42, 0x08, 0x42, 0x08, 0x42, 0x08, 0x42, 0x08, 0x42, 0x08, 0x42, 0x08, 0x42, 0x08, 0x42, 0x08, 0x42, 0x08, 0x42, 0x08, 0x42, 0x08, 0x42, 0x08, 0x42, 0x08, 0x42, 0x08, 0x42, 0x08,
  0x42, 0x08, 0x42, 0x08, 0x42, 0x08, 0x42, 0x08, 0x42, 0x08, 0x42, 0x08, 0x42, 0x08, 0x42, 0x08, 0x42, 0x08, 0x42, 0x08, 0x42, 0x08, 0x42, 0x08, 0x42, 0x08, 0x42, 0x08, 0x42, 0x08, 0x42, 0x08,
  0x83, 0x10, 0x42, 0x08, 0x42, 0x08, 0x42, 0x08, 0x42, 0x08, 0x42, 0x08, 0x42, 0x08, 0x42, 0x08, 0x42, 0x08, 0x42, 0x08, 0x42, 0x08, 0x42, 0x08, 0x42, 0x08, 0x42, 0x08, 0x42, 0x08, 0x42, 0x08,
  0x42, 0x08, 0x42, 0x08, 0x42, 0x08, 0x42, 0x08, 0x42, 0x08, 0x42, 0x08, 0x42, 0x08, 0x42, 0x08, 0x42, 0x08, 0x42, 0x08, 0x42, 0x08, 0x42, 0x08, 0x42, 0x08, 0x42, 0x08, 0x42, 0x08, 0x42, 0x08,
  0x83, 0x10, 0x42, 0x08, 0x42, 0x08, 0x42, 0x08, 0x42, 0x08, 0x42, 0x08, 0x42, 0x08, 0x42, 0x08, 0x42, 0x08, 0x42, 0x08, 0x42, 0x08, 0x42, 0x08, 0x42, 0x08, 0x42, 0x08, 0x42, 0x08, 0x42, 0x08,
  0x42, 0x08, 0x42, 0x08, 0x42, 0x08, 0x42, 0x08, 0x42, 0x08, 0x42, 0x08, 0x42, 0x08, 0x42, 0x08, 0x42, 0x08, 0x42, 0x08, 0x42, 0x08, 0x42, 0x08, 0x42, 0x08, 0x42, 0x08, 0x42, 0x08, 0x42, 0x08,
  0x83, 0x10, 0x42, 0x08, 0x42, 0x08, 0x42, 0x08, 0x42, 0x08, 0x42, 0x08, 0x42, 0x08, 0x42, 0x08, 0x42, 0x08, 0x42, 0x08, 0x42, 0x08, 0x42, 0x08, 0x42, 0x08, 0x42, 0x08, 0x42, 0x08, 0x42, 0x08,
  0x42, 0x08, 0x42, 0x08, 0x42, 0x08, 0x42, 0x08, 0x42, 0x08, 0x42, 0x08, 0x42, 0x08, 0x42, 0x08, 0x42, 0x08, 0x42, 0x08, 0x42, 0x08, 0x42, 0x08, 0x42, 0x08, 0x42, 0x08, 0x42, 0x08, 0x42, 0x08,
  0x83, 0x10, 0x42, 0x08, 0x42, 0x08, 0x42, 0x08, 0x42, 0x08, 0x42, 0x08, 0x42, 0x08, 0x42, 0x08, 0x42, 0x08, 0x42, 0x08, 0x42, 0x08, 0x42, 0x08, 0x42, 0x08, 0x42, 0x08, 0x42, 0x08, 0x42, 0x08,
  0x42, 0x08, 0x42, 0x08, 0x42, 0x08, 0x42, 0x08, 0x42, 0x08, 0x42, 0x08, 0x42, 0x08, 0x42, 0x08, 0x42, 0x08, 0x42, 0x08, 0x42, 0x08, 0x42, 0x08, 0x42, 0x08, 0x42, 0x08, 0x42, 0x08, 0x42, 0x08,
  0x83, 0x10, 0x42, 0x08, 0x42, 0x08, 0x42, 0x08, 0x42, 0x08, 0x42, 0x08, 0x42, 0x08, 0x42, 0x08, 0x42, 0x08, 0x42, 0x08, 0x42, 0x08, 0x42, 0x08, 0x42, 0x08, 0x42, 0x08, 0x42, 0x08, 0x42, 0x08,
  0x42, 0x08, 0x42, 0x08, 0x42, 0x08, 0x42, 0x08, 0x42, 0x08, 0x42, 0x08, 0x42, 0x08, 0x42, 0x08, 0x42, 0x08, 0x42, 0x08, 0x42, 0x08, 0x42, 0x08, 0x42, 0x08, 0x42, 0x08, 0x42, 0x08, 0x42, 0x08,
  0x83, 0x10, 0x42, 0x08, 0x42, 0x08, 0x42, 0x08, 0x42, 0x08, 0x42, 0x08, 0x42, 0x08, 0x42, 0x08, 0x42, 0x08, 0x42, 0x08, 0x42, 0x08, 0x42, 0x08, 0x42, 0x08, 0x42, 0x08, 0x42, 0x08, 0x42, 0x08,
  0x42, 0x08, 0x42, 0x08, 0x42, 0x08, 0x42, 0x08, 0x42, 0x08, 0x42, 0x08, 0x42, 0x08, 0x42, 0x08, 0x42, 0x08, 0x42, 0x08, 0x42, 0x08, 0x42, 0x08, 0x42, 0x08, 0x42, 0x08, 0x42, 0x08, 0x42, 0x08,
  0x83, 0x10, 0x42, 0x08, 0x42, 0x08, 0x42, 0x08, 0x42, 0x08, 0x42, 0x08, 0x42, 0x08, 0x42, 0x08, 0x42, 0x08, 0x42, 0x08, 0x42, 0x08, 0x42, 0x08, 0x42, 0x08, 0x42, 0x08, 0x42, 0x08, 0x42, 0x08,
  0x42, 0x08, 0x42, 0x08, 0x42, 0x08, 0x42, 0x08, 0x42, 0x08, 0x42, 0x08, 0x42, 0x08, 0x42, 0x08, 0x42, 0x08, 0x42, 0x08, 0x42, 0x08, 0x42, 0x08, 0x42, 0x08, 0x42, 0x08, 0x42, 0x08, 0x42, 0x08,
  0x83, 0x10, 0x42, 0x08, 0x42, 0x08, 0x42, 0x08, 0x42, 0x08, 0x42, 0x08, 0x42, 0x08, 0x42, 0x08, 0x42, 0x08, 0x42, 0x08, 0x42, 0x08, 0x42, 0x08, 0x42, 0x08, 0x42, 0x08, 0x42, 0x08, 0x42, 0x08,
  0x42, 0x08, 0x42, 0x08, 0x42, 0x08, 0x42, 0x08, 0x42, 0x08, 0x42, 0x08, 0x42, 0x08, 0x42, 0x08, 0x42, 0x08, 0x42, 0x08, 0x42, 0x08, 0x42, 0x08, 0x42, 0x08, 0x42, 0x08, 0x42, 0x08, 0x42, 0x08,
  0x83, 0x10, 0x42, 0x08, 0x42, 0x08, 0x42, 0x08, 0x42, 0x08, 0x42, 0x08, 0x42, 0x08, 0x42, 0x08, 0x42, 0x08, 0x42, 0x08, 0x42, 0x08, 0x42, 0x08, 0x42, 0x08, 0x42, 0x08, 0x42, 0x08, 0x42, 0x08,
  0x42, 0x08, 0x42, 0x08, 0x42, 0x08, 0x42, 0x08, 0x42, 0x08, 0x42, 0x08, 0x42, 0x08, 0x42, 0x08, 0x42, 0x08, 0x42, 0x08, 0x42, 0x08, 0x42, 0x08, 0x42, 0x08, 0x42, 0x08, 0x42, 0x08, 0x42, 0x08,
  0x83, 0x10, 0x42, 0x08, 0x42, 0x08, 0x42, 0x08, 0x42, 0x08, 0x42, 0x08, 0x42, 0x08, 0x42, 0x08, 0x42, 0x08, 0x42, 0x08, 0x42, 0x08, 0x42, 0x08, 0x42, 0x08, 0x42, 0x08, 0x42, 0x08, 0x42, 0x08,
  0x42, 0x08, 0x42, 0x08, 0x42, 0x08, 0x42, 0x08, 0x42, 0x08, 0x42, 0x08, 0x42, 0x08, 0x42, 0x08, 0x42, 0x08, 0x42, 0x08, 0x42, 0x08, 0x42, 0x08, 0x42, 0x08, 0x42, 0x08, 0x42, 0x08, 0x42, 0x08,
  0x83, 0x10, 0x42, 0x08, 0x42, 0x08, 0x42, 0x08, 0x42, 0x08, 0x42, 0x08, 0x42, 0x08, 0x42, 0x08, 0x42, 0x08, 0x42, 0x08, 0x42, 0x08, 0x42, 0x08, 0x42, 0x08, 0x42, 0x08, 0x42, 0x08, 0x42, 0x08,
  0x42, 0x08, 0x42, 0x08, 0x42, 0x08, 0x42, 0x08, 0x42, 0x08, 0x42, 0x08, 0x42, 0x08, 0x42, 0x08, 0x42, 0x08, 0x42, 0x08, 0x42, 0x08, 0x42, 0x08, 0x42, 0x08, 0x42, 0x08, 0x42, 0x08, 0x42, 0x08,
  0x83, 0x10, 0x42, 0x08, 0x42, 0x08, 0x42, 0x08, 0x42, 0x08, 0x42, 0x08, 0x42, 0x08, 0x42, 0x08, 0x42, 0x08, 0x42, 0x08, 0x42, 0x08, 0x42, 0x08, 0x42, 0x08, 0x42, 0x08, 0x42, 0x08, 0x42, 0x08,
  0x42, 0x08, 0x42, 0x08, 0x42, 0x08, 0x42, 0x08, 0x42, 0x08, 0x42, 0x08, 0x42, 0x08, 0x42, 0x08, 0x42, 0x08, 0x42, 0x08, 0x42, 0x08, 0x42, 0x08, 0x42, 0x08, 0x42, 0x08, 0x42, 0x08, 0x42, 0x08,
  0x83, 0x10, 0x42, 0x08, 0x42, 0x08, 0x42, 0x08, 0x42, 0x08, 0x42, 0x08, 0x42, 0x08, 0x42, 0x08, 0x42, 0x08, 0x42, 0x08, 0x42, 0x08, 0x42, 0x08, 0x42, 0x08, 0x42, 0x08, 0x42, 0x08, 0x42, 0x08,
  0x42, 0x08, 0x42, 0x08, 0x42, 0x08, 0x42, 0x08, 0x42, 0x08, 0x42, 0x08, 0x42, 0x08, 0x42, 0x08, 0x42, 0x08, 0x42, 0x08, 0x42, 0x08, 0x42, 0x08, 0x42, 0x08, 0x42, 0x08, 0x42, 0x08, 0x42, 0x08,
  0x83, 0x10, 0x42, 0x08, 0x42, 0x08, 0x42, 0x08, 0x42, 0x08, 0x42, 0x08, 0x42, 0x08, 0x42, 0x08, 0x42, 0x08, 0x42, 0x08, 0x42, 0x08, 0x42, 0x08, 0x42, 0x08, 0x42, 0x08, 0x42, 0x08, 0x42, 0x08,
  0x42, 0x08, 0x42, 0x08, 0x42, 0x08, 0x42, 0x08, 0x42, 0x08, 0x42, 0x08, 0x42, 0x08, 0x42, 0x08, 0x42, 0x08, 0x42, 0x08, 0x42, 0x08, 0x42, 0x08, 0x42, 0x08, 0x42, 0x08, 0x42, 0x08, 0x42, 0x08,
  0x83, 0x10, 0x42, 0x08, 0x42, 0x08, 0x42, 0x08, 0x42, 0x08, 0x42, 0x08, 0x42, 0x08, 0x42, 0x08, 0x42, 0x08, 0x42, 0x08, 0x42, 0x08, 0x42, 0x08, 0x42, 0x08, 0x42, 0x08, 0x42, 0x08, 0x42, 0x08,
  0x42, 0x08, 0x42, 0x08, 0x42, 0x08, 0x42, 0x08, 0x42, 0x08, 0x42, 0x08, 0x42, 0x08, 0x42, 0x08, 0x42, 0x08, 0x42, 0x08, 0x42, 0x08, 0x42, 0x08, 0x42, 0x08, 0x42, 0x08, 0x42, 0x08, 0x42, 0x08,
  0x83, 0x10, 0x42, 0x08, 0x42, 0x08, 0x42, 0x08, 0x42, 0x08, 0x42, 0x08, 0x42, 0x08, 0x42, 0x08, 0x42, 0x08, 0x42, 0x08, 0x42, 0x08, 0x42, 0x08, 0x42, 0x08, 0x42, 0x08, 0x42, 0x08, 0x42, 0x08,
  0x42, 0x08, 0x42, 0x08, 0x42, 0x08, 0x42, 0x08, 0x42, 0x08, 0x42, 0x08, 0x42, 0x08, 0x42, 0x08, 0x42, 0x08, 0x42, 0x08, 0x42, 0x08, 0x42, 0x08, 0x42, 0x08, 0x42, 0x08, 0x42, 0x08, 0x42, 0x08,
  0x83, 0x10, 0x42, 0x08, 0x42, 0x08, 0x42, 0x08, 0x42, 0x08, 0x42, 0x08, 0x42, 0x08, 0x42, 0x08, 0x42, 0x08, 0x42, 0x08, 0x42, 0x08, 0x42, 0x08, 0x42, 0x08, 0x42, 0x08, 0x42, 0x08, 0x42, 0x08,
  0x42, 0x08, 0x42, 0x08, 0x42, 0x08, 0x42, 0x08, 0x42, 0x08, 0x42, 0x08, 0x42, 0x08, 0x42, 0x08, 0x42, 0x08, 0x42, 0x08, 0x42, 0x08, 0x42, 0x08, 0x42, 0x08, 0x42, 0x08, 0x42, 0x08, 0x42, 0x08,
  0x83, 0x10, 0x42, 0x08, 0x42, 0x08, 0x42, 0x08, 0x42, 0x08, 0x42, 0x08, 0x42, 0x08, 0x42, 0x08, 0x42, 0x08, 0x42, 0x08, 0x42, 0x08, 0x42, 0x08, 0x42, 0x08, 0x42, 0x08, 0x42, 0x08, 0x42, 0x08,
  0x42, 0x08, 0x42, 0x08, 0x42, 0x08, 0x42, 0x08, 0x42, 0x08, 0x42, 0x08, 0x42, 0x08, 0x42, 0x08, 0x42, 0x08, 0x42, 0x08, 0x42, 0x08, 0x42, 0x08, 0x42, 0x08, 0x42, 0x08, 0x42, 0x08, 0x42, 0x08,
  0x83, 0x10, 0x42, 0x08, 0x42, 0x08, 0x42, 0x08, 0x42, 0x08, 0x42, 0x08, 0x42, 0x08, 0x42, 0x08, 0x42, 0x08, 0x42, 0x08, 0x42, 0x08, 0x42, 0x08, 0x42, 0x08, 0x42, 0x08, 0x42, 0x08, 0x42, 0x08,
  0x42, 0x08, 0x42, 0x08, 0x42, 0x08, 0x42, 0x08, 0x42, 0x08, 0x42, 0x08, 0x42, 0x08, 0x42, 0x08, 0x42, 0x08, 0x42, 0x08, 0x42, 0x08, 0x42, 0x08, 0x42, 0x08, 0x42, 0x08, 0x42, 0x08, 0x42, 0x08,
  0x83, 0x10, 0x42, 0x08, 0x42, 0x08, 0x42, 0x08, 0x42, 0x08, 0x42, 0x08, 0x42, 0x08, 0x42, 0x08, 0x42, 0x08, 0x42, 0x08, 0x42, 0x08, 0x42, 0x08, 0x42, 0x08, 0x42, 0x08, 0x42, 0x08, 0x42, 0x08,
  0x42, 0x08, 0x42, 0x08, 0x42, 0x08, 0x42, 0x08, 0x42, 0x08, 0x42, 0x08, 0x42, 0x08, 0x42, 0x08, 0x42, 0x08, 0x42, 0x08, 0x42, 0x08, 0x42, 0x08, 0x42, 0x08, 0x42, 0x08, 0x42, 0x08, 0x42, 0x08,
  0x83, 0x10, 0x42, 0x08, 0x42, 0x08, 0x42, 0x08, 0x42, 0x08, 0x42, 0x08, 0x42, 0x08, 0x42, 0x08, 0x42, 0x08, 0x42, 0x08, 0x42, 0x08, 0x42, 0x08, 0x42, 0x08, 0x42, 0x08, 0x42, 0x08, 0x42, 0x08,
  0x42, 0x08, 0x42, 0x08, 0x42, 0x08, 0x42, 0x08, 0x42, 0x08, 0x42, 0x08, 0x42, 0x08, 0x42, 0x08, 0x42, 0x08, 0x42, 0x08, 0x42, 0x08, 0x42, 0x08, 0x42, 0x08, 0x42, 0x08, 0x42, 0x08, 0x42, 0x08,
  0x83, 0x10, 0x42, 0x08, 0x42, 0x08, 0x42, 0x08, 0x42, 0x08, 0x42, 0x08, 0x42, 0x08, 0x42, 0x08, 0x42, 0x08, 0x42, 0x08, 0x42, 0x08, 0x42, 0x08, 0x42, 0x08, 0x42, 0x08, 0x42, 0x08, 0x42, 0x08,
  0x42, 0x08, 0x42, 0x08, 0x42, 0x08, 0x42, 0x08, 0x42, 0x08, 0x42, 0x08, 0x42, 0x08, 0x42, 0x08, 0x42, 0x08, 0x42, 0x08, 0x42, 0x08, 0x42, 0x08, 0x42, 0x08, 0x42, 0x08, 0x42, 0x08, 0x42, 0x08,
  0x83, 0x10, 0x42, 0x08, 0x42, 0x08, 0x42, 0x08, 0x42, 0x08, 0x42, 0x08, 0x42, 0x08, 0x42, 0x08, 0x42, 0x08, 0x42, 0x08, 0x42, 0x08, 0x42, 0x08, 0x42, 0x08, 0x42, 0x08, 0x42, 0x08, 0x42, 0x08,
  0x42, 0x08, 0x42, 0x08, 0x42, 0x08, 0x42, 0x08, 0x42, 0x08, 0x42, 0x08, 0x42, 0x08, 0x42, 0x08, 0x42, 0x08, 0x42, 0x08, 0x42, 0x08, 0x42, 0x08, 0x42, 0x08, 0x42, 0x08, 0x42, 0x08, 0x42, 0x08,
  0x83, 0x10, 0x42, 0x08, 0x42, 0x08, 0x42, 0x08, 0x42, 0x08, 0x42, 0x08, 0x42, 0x08, 0x42, 0x08, 0x42, 0x08, 0x42, 0x08, 0x42, 0x08, 0x42, 0x08, 0x42, 0x08, 0x42, 0x08, 0x42, 0x08, 0x42, 0x08,
  0x42, 0x08, 0x42, 0x08, 0x42, 0x08, 0x42, 0x08, 0x42, 0x08, 0x42, 0x08, 0x42, 0x08, 0x42, 0x08, 0x42, 0x08, 0x42, 0x08, 0x42, 0x08, 0x42, 0x08, 0x42, 0x08, 0x42, 0x08, 0x42, 0x08, 0x42, 0x08,
  0x83, 0x10, 0x42, 0x08, 0x42, 0x08, 0x42, 0x08, 0x42, 0x08, 0x42, 0x08, 0x42, 0x08, 0x42, 0x08, 0x42, 0x08, 0x42, 0x08, 0x42, 0x08, 0x42, 0x08, 0x42, 0x08, 0x42, 0x08, 0x42, 0x08, 0x42, 0x08,
  0x42, 0x08, 0x42, 0x08, 0x42, 0x08, 0x42, 0x08, 0x42, 0x08, 0x42, 0x08, 0x42, 0x08, 0x42, 0x08, 0x42, 0x08, 0x42, 0x08, 0x42, 0x08, 0x42, 0x08, 0x42, 0x08, 0x42, 0x08, 0x42, 0x08, 0x42, 0x08,
  0x83, 0x10, 0x42, 0x08, 0x42, 0x08, 0x42, 0x08, 0x42, 0x08, 0x42, 0x08, 0x42, 0x08, 0x42, 0x08, 0x42, 0x08, 0x42, 0x08, 0x42, 0x08, 0x42, 0x08, 0x42, 0x08, 0x42, 0x08, 0x42, 0x08, 0x42, 0x08,
  0x42, 0x08, 0x42, 0x08, 0x42, 0x08, 0x42, 0x08, 0x42, 0x08, 0x42, 0x08, 0x42, 0x08, 0x42, 0x08, 0x42, 0x08, 0x42, 0x08, 0x42, 0x08, 0x42, 0x08, 0x42, 0x08, 0x42, 0x08, 0x42, 0x08, 0x42, 0x08,
  0x83, 0x10, 0x42, 0x08, 0x42, 0x08, 0x42, 0x08, 0x42, 0x08, 0x42, 0x08, 0x42, 0x08, 0x42, 0x08, 0x42, 0x08, 0x42, 0x08, 0x42, 0x08, 0x42, 0x08, 0x42, 0x08, 0x42, 0x08, 0x42, 0x08, 0x42, 0x08,
  0x42, 0x08, 0x42, 0x08, 0x42, 0x08, 0x42, 0x08, 0x42, 0x08, 0x42, 0x08, 0x42, 0x08, 0x42, 0x08, 0x42, 0x08, 0x42, 0x08, 0x42, 0x08, 0x42, 0x08, 0x42, 0x08, 0x42, 0x08, 0x42, 0x08, 0x42, 0x08,
  0x83, 0x10, 0x42, 0x08, 0x42, 0x08, 0x42, 0x08, 0x42, 0x08, 0x42, 0x08, 0x42, 0x08, 0x42, 0x08, 0x42, 0x08, 0x42, 0x08, 0x42, 0x08, 0x42, 0x08, 0x42, 0x08, 0x42, 0x08, 0x42, 0x08, 0x42, 0x08,
  0x42, 0x08, 0x42, 0x08, 0x42, 0x08, 0x42, 0x08, 0x42, 0x08, 0x42, 0x08, 0x42, 0x08, 0x42, 0x08, 0x42, 0x08, 0x42, 0x08, 0x42, 0x08, 0x42, 0x08, 0x42, 0x08, 0x42, 0x08, 0x42, 0x08, 0x42, 0x08,
  0x83, 0x10, 0x42, 0x08, 0x42, 0x08, 0x42, 0x08, 0x42, 0x08, 0x42, 0x08, 0x42, 0x08, 0x42, 0x08, 0x42, 0x08, 0x42, 0x08, 0x42, 0x08, 0x42, 0x08, 0x42, 0x08, 0x42, 0x08, 0x42, 0x08, 0x42, 0x08,
  0x42, 0x08, 0x42, 0x08, 0x42, 0x08, 0x42, 0x08, 0x42, 0x08, 0x42, 0x08, 0x42, 0x08, 0x42, 0x08, 0x42, 0x08, 0x42, 0x08, 0x42, 0x08, 0x42, 0x08, 0x42, 0x08, 0x42, 0x08, 0x42, 0x08, 0x42, 0x08,
  0x83, 0x10, 0x42, 0x08, 0x42, 0x08, 0x42, 0x08, 0x42, 0x08, 0x42, 0x08, 0x42, 0x08, 0x42, 0x08, 0x42, 0x08, 0x42, 0x08, 0x42, 0x08, 0x42, 0x08, 0x42, 0x08, 0x42, 0x08, 0x42, 0x08, 0x42, 0x08,
  0x42, 0x08, 0x42, 0x08, 0x42, 0x08, 0x42, 0x08, 0x42, 0x08, 0x42, 0x08, 0x42, 0x08, 0x42, 0x08, 0x42, 0x08, 0x42, 0x08, 0x42, 0x08, 0x42, 0x08, 0x42, 0x08, 0x42, 0x08, 0x42, 0x08, 0x42, 0x08,
  0x83, 0x10, 0x42, 0x08, 0x42, 0x08, 0x42, 0x08, 0x42, 0x08, 0x42, 0x08, 0x42, 0x08, 0x42, 0x08, 0x42, 0x08, 0x42, 0x08, 0x42, 0x08, 0x42, 0x08, 0x42, 0x08, 0x42, 0x08, 0x42, 0x08, 0x42, 0x08,
  0x42, 0x08, 0x42, 0x08, 0x42, 0x08, 0x42, 0x08, 0x42, 0x08, 0x42, 0x08, 0x42, 0x08, 0x42, 0x08, 0x42, 0x08, 0x42, 0x08, 0x42, 0x08, 0x42, 0x08, 0x42, 0x08, 0x42, 0x08, 0x42, 0x08, 0x42, 0x08,
  0x83, 0x10, 0x42, 0x08, 0x42, 0x08, 0x42, 0x08, 0x42, 0x08, 0x42, 0x08, 0x42, 0x08, 0x42, 0x08, 0x42, 0x08, 0x42, 0x08, 0x42, 0x08, 0x42, 0x08, 0x42, 0x08, 0x42, 0x08, 0x42, 0x08, 0x42, 0x08,
  0x42, 0x08, 0x42, 0x08, 0x42, 0x08, 0x42, 0x08, 0x42, 0x08, 0x42, 0x08, 0x42, 0x08, 0x42, 0x08, 0x42, 0x08, 0x42, 0x08, 0x42, 0x08, 0x42, 0x08, 0x42, 0x08, 0x42, 0x08, 0x42, 0x08, 0x42, 0x08,
  0x83, 0x10, 0x42, 0x08, 0x42, 0x08, 0x42, 0x08, 0x42, 0x08, 0x42, 0x08, 0x42, 0x08, 0x42, 0x08, 0x42, 0x08, 0x42, 0x08, 0x42, 0x08, 0x42, 0x08, 0x42, 0x08, 0x42, 0x08, 0x42, 0x08, 0x42, 0x08,
  0x42, 0x08, 0x42, 0x08, 0x42, 0x08, 0x42, 0x08, 0x42, 0x08, 0x42, 0x08, 0x42, 0x08, 0x42, 0x08, 0x42, 0x08, 0x42, 0x08, 0x42, 0x08, 0x42, 0x08, 0x42, 0x08, 0x42, 0x08, 0x42, 0x08, 0x42, 0x08,
  0x83, 0x10, 0x42, 0x08, 0x42, 0x08, 0x42, 0x08, 0x42, 0x08, 0x42, 0x08, 0x42, 0x08, 0x42, 0x08, 0x42, 0x08, 0x42, 0x08, 0x42, 0x08, 0x42, 0x08, 0x42, 0x08, 0x42, 0x08, 0x42, 0x08, 0x42, 0x08,
  0x42, 0x08, 0x42, 0x08, 0x42, 0x08, 0x42, 0x08, 0x42, 0x08, 0x42, 0x08, 0x42, 0x08, 0x42, 0x08, 0x42, 0x08, 0x42, 0x08, 0x42, 0x08, 0x42, 0x08, 0x42, 0x08, 0x42, 0x08, 0x42, 0x08, 0x42, 0x08,
  0x83, 0x10, 0x42, 0x08, 0x42, 0x08, 0x42, 0x08, 0x42, 0x08, 0x42, 0x08, 0x42, 0x08, 0x42, 0x08, 0x42, 0x08, 0x42, 0x08, 0x42, 0x08, 0x42, 0x08, 0x42, 0x08, 0x42, 0x08, 0x42, 0x08, 0x42, 0x08,
  0x42, 0x08, 0x42, 0x08, 0x42, 0x08, 0x42, 0x08, 0x42, 0x08, 0x42, 0x08, 0x42, 0x08, 0x42, 0x08, 0x42, 0x08, 0x42, 0x08, 0x42, 0x08, 0x42, 0x08, 0x42, 0x08, 0x42, 0x08, 0x42, 0x08, 0x42, 0x08,
  0x83, 0x10, 0x42, 0x08, 0x42, 0x08, 0x42, 0x08, 0x42, 0x08, 0x42, 0x08, 0x42, 0x08, 0x42, 0x08, 0x42, 0x08, 0x42, 0x08, 0x42, 0x08, 0x42, 0x08, 0x42, 0x08, 0x42, 0x08, 0x42, 0x08, 0x42, 0x08,
  0x42, 0x08, 0x42, 0x08, 0x42, 0x08, 0x42, 0x08, 0x42, 0x08, 0x42, 0x08, 0x42, 0x08, 0x42, 0x08, 0x42, 0x08, 0x42, 0x08, 0x42, 0x08, 0x42, 0x08, 0x42, 0x08, 0x42, 0x08, 0x42, 0x08, 0x42, 0x08,
  0x83, 0x10, 0x42, 0x08, 0x42, 0x08, 0x42, 0x08, 0x42, 0x08, 0x42, 0x08, 0x42, 0x08, 0x42, 0x08, 0x42, 0x08, 0x42, 0x08, 0x42, 0x08, 0x42, 0x08, 0x42, 0x08, 0x42, 0x08, 0x42, 0x08, 0x42, 0x08,
  0x42, 0x08, 0x42, 0x08, 0x42, 0x08, 0x42, 0x08, 0x42, 0x08, 0x42, 0x08, 0x42, 0x08, 0x42, 0x08, 0x42, 0x08, 0x42, 0x08, 0x42, 0x08, 0x42, 0x08, 0x42, 0x08, 0x42, 0x08, 0x42, 0x08, 0x42, 0x08,
  0x83, 0x10, 0x42, 0x08, 0x42, 0x08, 0x42, 0x08, 0x42, 0x08, 0x42, 0x08, 0x42, 0x08, 0x42, 0x08, 0x42, 0x08, 0x42, 0x08, 0x42, 0x08, 0x42, 0x08, 0x42, 0x08, 0x42, 0x08, 0x42, 0x08, 0x42, 0x08,
  0x42, 0x08, 0x42, 0x08, 0x42, 0x08, 0x42, 0x08, 0x42, 0x08, 0x42, 0x08, 0x42, 0x08, 0x42, 0x08, 0x42, 0x08, 0x42, 0x08, 0x42, 0x08, 0x42, 0x08, 0x42, 0x08, 0x42, 0x08, 0x42, 0x08, 0x42, 0x08,
  0x83, 0x10, 0x42, 0x08, 0x42, 0x08, 0x42, 0x08, 0x42, 0x08, 0x42, 0x08, 0x42, 0x08, 0x42, 0x08, 0x42, 0x08, 0x42, 0x08, 0x42, 0x08, 0x42, 0x08, 0x42, 0x08, 0x42, 0x08, 0x42, 0x08, 0x42, 0x08,
  0x42, 0x08, 0x42, 0x08, 0x42, 0x08, 0x42, 0x08, 0x42, 0x08, 0x42, 0x08, 0x42, 0x08, 0x42, 0x08, 0x42, 0x08, 0x42, 0x08, 0x42, 0x08, 0x42, 0x08, 0x42, 0x08, 0x42, 0x08, 0x42, 0x08, 0x42, 0x08,
  0x83, 0x10, 0x42, 0x08, 0x42, 0x08, 0x42, 0x08, 0x42, 0x08, 0x42, 0x08, 0x42, 0x08, 0x42, 0x08, 0x42, 0x08, 0x42, 0x08, 0x42, 0x08, 0x42, 0x08, 0x42, 0x08, 0x42, 0x08, 0x42, 0x08, 0x42, 0x08,
  0x42, 0x08, 0x42, 0x08, 0x42, 0x08, 0x42, 0x08, 0x42, 0x08, 0x42, 0x08, 0x42, 0x08, 0x42, 0x08, 0x42, 0x08, 0x42, 0x08, 0x42, 0x08, 0x42, 0x08, 0x42, 0x08, 0x42, 0x08, 0x42, 0x08, 0x42, 0x08,
  0x83, 0x10, 0x42, 0x08, 0x42, 0x08, 0x42, 0x08, 0x42, 0x08, 0x42, 0x08, 0x42, 0x08, 0x42, 0x08, 0x42, 0x08, 0x42, 0x08, 0x42, 0x08, 0x42, 0x08, 0x42, 0x08, 0x42, 0x08, 0x42, 0x08, 0x42, 0x08,
  0x42, 0x08, 0x42, 0x08, 0x42, 0x08, 0x42, 0x08, 0x42, 0x08, 0x42, 0x08, 0x42, 0x08, 0x42, 0x08, 0x42, 0x08, 0x42, 0x08, 0x42, 0x08, 0x42, 0x08, 0x42, 0x08, 0x42, 0x08, 0x42, 0x08, 0x42, 0x08,
  0x83, 0x10, 0x42, 0x08, 0x42, 0x08, 0x42, 0x08, 0x42, 0x08, 0x42, 0x08, 0x42, 0x08, 0x42, 0x08, 0x42, 0x08, 0x42, 0x08, 0x42, 0x08, 0x42, 0x08, 0x42, 0x08, 0x42, 0x08, 0x42, 0x08, 0x42, 0x08,
  0x42, 0x08, 0x42, 0x08, 0x42, 0x08, 0x42, 0x08, 0x42, 0x08, 0x42, 0x08, 0x42, 0x08, 0x42, 0x08, 0x42, 0x08, 0x42, 0x08, 0x42, 0x08, 0x42, 0x08, 0x42, 0x08, 0x42, 0x08, 0x42, 0x08, 0x42, 0x08,
  0x83, 0x10, 0x42, 0x08, 0x42, 0x08, 0x42, 0x08, 0x42, 0x08, 0x42, 0x08, 0x42, 0x08, 0x42, 0x08, 0x42, 0x08, 0x42, 0x08, 0x42, 0x08, 0x42, 0x08, 0x42, 0x08, 0x42, 0x08, 0x42, 0x08, 0x42, 0x08,
  0x42, 0x08, 0x42, 0x08, 0x42, 0x08, 0x42, 0x08, 0x42, 0x08, 0x42, 0x08, 0x42, 0x08, 0x42, 0x08, 0x42, 0x08, 0x42, 0x08, 0x42, 0x08, 0x42, 0x08, 0x42, 0x08, 0x42, 0x08, 0x42, 0x08, 0x42, 0x08,
  0x83, 0x10, 0x42, 0x08, 0x42, 0x08, 0x42, 0x08, 0x42, 0x08, 0x42, 0x08, 0x42, 0x08, 0x42, 0x08, 0x42, 0x08, 0x42, 0x08, 0x42, 0x08, 0x42, 0x08, 0x42, 0x08, 0x42, 0x08, 0x42, 0x08, 0x42, 0x08,
  0x42, 0x08, 0x42, 0x08, 0x42, 0x08, 0x42, 0x08, 0x42, 0x08, 0x42, 0x08, 0x42, 0x08, 0x42, 0x08, 0x42, 0x08, 0x42, 0x08, 0x42, 0x08, 0x42, 0x08, 0x42, 0x08, 0x42, 0x08, 0x42, 0x08, 0x42, 0x08,
  0x83, 0x10, 0x42, 0x08, 0x42, 0x08, 0x42, 0x08, 0x42, 0x08, 0x42, 0x08, 0x42, 0x08, 0x42, 0x08, 0x42, 0x08, 0x42, 0x08, 0x42, 0x08, 0x42, 0x08, 0x42, 0x08, 0x42, 0x08, 0x42, 0x08, 0x42, 0x08,
  0x42, 0x08, 0x42, 0x08, 0x42, 0x08, 0x42, 0x08, 0x42, 0x08, 0x42, 0x08, 0x42, 0x08, 0x42, 0x08, 0x42, 0x08, 0x42, 0x08, 0x42, 0x08, 0x42, 0x08, 0x42, 0x08, 0x42, 0x08, 0x42, 0x08, 0x42, 0x08,
  0x83, 0x10, 0x42, 0x08, 0x42, 0x08, 0x42, 0x08, 0x42, 0x08, 0x42, 0x08, 0x42, 0x08, 0x42, 0x08, 0x42, 0x08, 0x42, 0x08, 0x42, 0x08, 0x42, 0x08, 0x42, 0x08, 0x42, 0x08, 0x42, 0x08, 0x42, 0x08,
  0x42, 0x08, 0x42, 0x08, 0x42, 0x08, 0x42, 0x08, 0x42, 0x08, 0x42, 0x08, 0x42, 0x08, 0x42, 0x08, 0x42, 0x08, 0x42, 0x08, 0x42, 0x08, 0x42, 0x08, 0x42, 0x08, 0x42, 0x08, 0x42, 0x08, 0x42, 0x08,
  0x83, 0x10, 0x42, 0x08, 0x42, 0x08, 0x42, 0x08, 0x42, 0x08, 0x42, 0x08, 0x42, 0x08, 0x42, 0x08, 0x42, 0x08, 0x42, 0x08, 0x42, 0x08, 0x42, 0x08, 0x42, 0x08, 0x42, 0x08, 0x42, 0x08, 0x42, 0x08,
  0x42, 0x08, 0x42, 0x08, 0x42, 0x08, 0x42, 0x08, 0x42, 0x08, 0x42, 0x08, 0x42, 0x08, 0x42, 0x08, 0x42, 0x08, 0x42, 0x08, 0x42, 0x08, 0x42, 0x08, 0x42, 0x08, 0x42, 0x08, 0x42, 0x08, 0x42, 0x08,
  0x83, 0x10, 0x42, 0x08, 0x42, 0x08, 0x42, 0x08, 0x42, 0x08, 0x42, 0x08, 0x42, 0x08, 0x42, 0x08, 0x42, 0x08, 0x42, 0x08, 0x42, 0x08, 0x42, 0x08, 0x42, 0x08, 0x42, 0x08, 0x42, 0x08, 0x42, 0x08,
  0xa8, 0x29, 0x58, 0x95, 0x26, 0x21, 0x42, 0x08, 0x42, 0x08, 0x58, 0x95, 0xac, 0x4a, 0x42, 0x08, 0x42, 0x08, 0x6c, 0x42, 0x58, 0x95, 0xee, 0x52, 0x42, 0x08, 0x42, 0x08, 0x63, 0x08, 0x0e, 0x53,
  0xd6, 0x84, 0x37, 0x95, 0x54, 0x7c, 0x67, 0x21, 0x42, 0x08, 0xa8, 0x29, 0x58, 0x95, 0x26, 0x21, 0x42, 0x08, 0x42, 0x08, 0x58, 0x95, 0xac, 0x4a, 0xa8, 0x29, 0x58, 0x95, 0x58, 0x95, 0x58, 0x95,
  0x37, 0x95, 0x13, 0x74, 0xc4, 0x10, 0x42, 0x08, 0x42, 0x08, 0x6c, 0x42, 0x58, 0x95, 0xee, 0x52, 0x42, 0x08, 0x42, 0x08, 0x34, 0x74, 0x58, 0x95, 0x58, 0x95, 0x58, 0x95, 0x58, 0x95, 0xf6, 0x8c,
  0xe9, 0x31, 0x58, 0x95, 0x58, 0x95, 0x58, 0x95, 0x58, 0x95, 0x58, 0x95, 0x83, 0x08, 0x42, 0x08, 0x42, 0x08, 0x42, 0x08, 0x42, 0x08, 0x42, 0x08, 0x42, 0x08, 0x42, 0x08, 0x42, 0x08, 0x42, 0x08,
  0x42, 0x08, 0x42, 0x08, 0x42, 0x08, 0x42, 0x08, 0x42, 0x08, 0x42, 0x08, 0x42, 0x08, 0x42, 0x08, 0x42, 0x08, 0x42, 0x08, 0x42, 0x08, 0x42, 0x08, 0x42, 0x08, 0x42, 0x08, 0x42, 0x08, 0x42, 0x08,
  0x83, 0x10, 0x42, 0x08, 0x42, 0x08, 0x42, 0x08, 0x42, 0x08, 0x42, 0x08, 0x42, 0x08, 0x42, 0x08, 0x42, 0x08, 0x42, 0x08, 0x42, 0x08, 0x42, 0x08, 0x42, 0x08, 0x42, 0x08, 0x42, 0x08, 0x42, 0x08,
  0x42, 0x08, 0x42, 0x08, 0x42, 0x08, 0x42, 0x08, 0x42, 0x08, 0x42, 0x08, 0x42, 0x08, 0x42, 0x08, 0x42, 0x08, 0x42, 0x08, 0x42, 0x08, 0x42, 0x08, 0x42, 0x08, 0x42, 0x08, 0x42, 0x08, 0x42, 0x08,
  0x83, 0x10, 0x42, 0x08, 0x42, 0x08, 0x42, 0x08, 0x42, 0x08, 0x42, 0x08, 0x42, 0x08, 0x42, 0x08, 0x42, 0x08, 0x42, 0x08, 0x42, 0x08, 0x42, 0x08, 0x42, 0x08, 0x42, 0x08, 0x42, 0x08, 0x42, 0x08,
  0x42, 0x08, 0x42, 0x08, 0x42, 0x08, 0x42, 0x08, 0x42, 0x08, 0x42, 0x08, 0x42, 0x08, 0x42, 0x08, 0x42, 0x08, 0x42, 0x08, 0x42, 0x08, 0x42, 0x08, 0x42, 0x08, 0x42, 0x08, 0x42, 0x08, 0x42, 0x08,
  0x83, 0x10, 0x42, 0x08, 0x42, 0x08, 0x42, 0x08, 0x42, 0x08, 0x42, 0x08, 0x42, 0x08, 0x42, 0x08, 0x42, 0x08, 0x42, 0x08, 0x42, 0x08, 0x42, 0x08, 0x42, 0x08, 0x42, 0x08, 0x42, 0x08, 0x42, 0x08,
  0x42, 0x08, 0x42, 0x08, 0x42, 0x08, 0x42, 0x08, 0x42, 0x08, 0x42, 0x08, 0x42, 0x08, 0x42, 0x08, 0x42, 0x08, 0x42, 0x08, 0x42, 0x08, 0x42, 0x08, 0x42, 0x08, 0x42, 0x08, 0x42, 0x08, 0x42, 0x08,
  0x83, 0x10, 0x42, 0x08, 0x42, 0x08, 0x42, 0x08, 0x42, 0x08, 0x42, 0x08, 0x42, 0x08, 0x42, 0x08, 0x42, 0x08, 0x42, 0x08, 0x42, 0x08, 0x42, 0x08, 0x42, 0x08, 0x42, 0x08, 0x42, 0x08, 0x42, 0x08,
  0x42, 0x08, 0x42, 0x08, 0x42, 0x08, 0x42, 0x08, 0x42, 0x08, 0x42, 0x08, 0x42, 0x08, 0x42, 0x08, 0x42, 0x08, 0x42, 0x08, 0x42, 0x08, 0x42, 0x08, 0x42, 0x08, 0x42, 0x08, 0x42, 0x08, 0x42, 0x08,
  0x83, 0x10, 0x42, 0x08, 0x42, 0x08, 0x42, 0x08, 0x42, 0x08, 0x42, 0x08, 0x42, 0x08, 0x42, 0x08, 0x42, 0x08, 0x42, 0x08, 0x42, 0x08, 0x42, 0x08, 0x42, 0x08, 0x42, 0x08, 0x42, 0x08, 0x42, 0x08,
  0x42, 0x08, 0x42, 0x08, 0x42, 0x08, 0x42, 0x08, 0x42, 0x08, 0x42, 0x08, 0x42, 0x08, 0x42, 0x08, 0x42, 0x08, 0x42, 0x08, 0x42, 0x08, 0x42, 0x08, 0x42, 0x08, 0x42, 0x08, 0x42, 0x08, 0x42, 0x08,
  0x83, 0x10, 0x42, 0x08, 0x42, 0x08, 0x42, 0x08, 0x42, 0x08, 0x42, 0x08, 0x42, 0x08, 0x42, 0x08, 0x42, 0x08, 0x42, 0x08, 0x42, 0x08, 0x42, 0x08, 0x42, 0x08, 0x42, 0x08, 0x42, 0x08, 0x42, 0x08,
  0x42, 0x08, 0x42, 0x08, 0x42, 0x08, 0x42, 0x08, 0x42, 0x08, 0x42, 0x08, 0x42, 0x08, 0x42, 0x08, 0x42, 0x08, 0x42, 0x08, 0x42, 0x08, 0x42, 0x08, 0x42, 0x08, 0x42, 0x08, 0x42, 0x08, 0x42, 0x08,
  0x83, 0x10, 0x42, 0x08, 0x42, 0x08, 0x42, 0x08, 0x42, 0x08, 0x42, 0x08, 0x42, 0x08, 0x42, 0x08, 0x42, 0x08, 0x42, 0x08, 0x42, 0x08, 0x42, 0x08, 0x42, 0x08, 0x42, 0x08, 0x42, 0x08, 0x42, 0x08,
  0x42, 0x08, 0x42, 0x08, 0x42, 0x08, 0x42, 0x08, 0x42, 0x08, 0x42, 0x08, 0x42, 0x08, 0x42, 0x08, 0x42, 0x08, 0x42, 0x08, 0x42, 0x08, 0x42, 0x08, 0x42, 0x08, 0x42, 0x08, 0x42, 0x08, 0x42, 0x08,
  0x83, 0x10, 0x42, 0x08, 0x42, 0x08, 0x42, 0x08, 0x42, 0x08, 0x42, 0x08, 0x42, 0x08, 0x42, 0x08, 0x42, 0x08, 0x42, 0x08, 0x42, 0x08, 0x42, 0x08, 0x42, 0x08, 0x42, 0x08, 0x42, 0x08, 0x42, 0x08,
  0xa8, 0x29, 0x58, 0x95, 0x26, 0x21, 0x42, 0x08, 0x42, 0x08, 0x58, 0x95, 0xac, 0x4a, 0x42, 0x08, 0x42, 0x08, 0x74, 0x7c, 0xb1, 0x6b, 0xf6, 0x8c, 0x63, 0x08, 0x42, 0x08, 0xc9, 0x31, 0x58, 0x95,
  0xa8, 0x31, 0x83, 0x08, 0xf2, 0x6b, 0x95, 0x84, 0x42, 0x08, 0xa8, 0x29, 0x58, 0x95, 0x26, 0x21, 0x42, 0x08, 0x42, 0x08, 0x58, 0x95, 0xac, 0x4a, 0xa8, 0x29, 0x58, 0x95, 0x26, 0x21, 0x42, 0x08,
  0x26, 0x19, 0x58, 0x95, 0xee, 0x52, 0x42, 0x08, 0x42, 0x08, 0x74, 0x7c, 0xb1, 0x6b, 0xf6, 0x8c, 0x63, 0x08, 0x42, 0x08, 0x42, 0x08, 0x42, 0x08, 0x91, 0x63, 0x34, 0x74, 0x42, 0x08, 0x42, 0x08,
  0xe9, 0x31, 0x58, 0x95, 0x26, 0x21, 0x42, 0x08, 0x42, 0x08, 0x42, 0x08, 0x42, 0x08, 0x42, 0x08, 0x42, 0x08, 0x42, 0x08, 0x42, 0x08, 0x42, 0x08, 0x42, 0x08, 0x42, 0x08, 0x42, 0x08, 0x42, 0x08,
  0x42, 0x08, 0x42, 0x08, 0x42, 0x08, 0x42, 0x08, 0x42, 0x08, 0x42, 0x08, 0x42, 0x08, 0x42, 0x08, 0x42, 0x08, 0x42, 0x08, 0x42, 0x08, 0x42, 0x08, 0x42, 0x08, 0x42, 0x08, 0x42, 0x08, 0x42, 0x08,
  0x83, 0x10, 0x42, 0x08, 0x42, 0x08, 0x42, 0x08, 0x42, 0x08, 0x42, 0x08, 0x42, 0x08, 0x42, 0x08, 0x42, 0x08, 0x42, 0x08, 0x42, 0x08, 0x42, 0x08, 0x42, 0x08, 0x42, 0x08, 0x42, 0x08, 0x42, 0x08,
  0x42, 0x08, 0x42, 0x08, 0x42, 0x08, 0x42, 0x08, 0x42, 0x08, 0x42, 0x08, 0x42, 0x08, 0x42, 0x08, 0x42, 0x08, 0x42, 0x08, 0x42, 0x08, 0x42, 0x08, 0x42, 0x08, 0x42, 0x08, 0x42, 0x08, 0x42, 0x08,
  0x83, 0x10, 0x42, 0x08, 0x42, 0x08, 0x42, 0x08, 0x42, 0x08, 0x42, 0x08, 0x42, 0x08, 0x42, 0x08, 0x42, 0x08, 0x42, 0x08, 0x42, 0x08, 0x42, 0x08, 0x42, 0x08, 0x42, 0x08, 0x42, 0x08, 0x42, 0x08,
  0x42, 0x08, 0x42, 0x08, 0x42, 0x08, 0x42, 0x08, 0x42, 0x08, 0x42, 0x08, 0x42, 0x08, 0x42, 0x08, 0x42, 0x08, 0x42, 0x08, 0x42, 0x08, 0x42, 0x08, 0x42, 0x08, 0x42, 0x08, 0x42, 0x08, 0x42, 0x08,
  0x83, 0x10, 0x42, 0x08, 0x42, 0x08, 0x42, 0x08, 0x42, 0x08, 0x42, 0x08, 0x42, 0x08, 0x42, 0x08, 0x42, 0x08, 0x42, 0x08, 0x42, 0x08, 0x42, 0x08, 0x42, 0x08, 0x42, 0x08, 0x42, 0x08, 0x42, 0x08,
  0x42, 0x08, 0x42, 0x08, 0x42, 0x08, 0x42, 0x08, 0x42, 0x08, 0x42, 0x08, 0x42, 0x08, 0x42, 0x08, 0x42, 0x08, 0x42, 0x08, 0x42, 0x08, 0x42, 0x08, 0x42, 0x08, 0x42, 0x08, 0x42, 0x08, 0x42, 0x08,
  0x83, 0x10, 0x42, 0x08, 0x42, 0x08, 0x42, 0x08, 0x42, 0x08, 0x42, 0x08, 0x42, 0x08, 0x42, 0x08, 0x42, 0x08, 0x42, 0x08, 0x42, 0x08, 0x42, 0x08, 0x42, 0x08, 0x42, 0x08, 0x42, 0x08, 0x42, 0x08,
  0x42, 0x08, 0x42, 0x08, 0x42, 0x08, 0x42, 0x08, 0x42, 0x08, 0x42, 0x08, 0x42, 0x08, 0x42, 0x08, 0x42, 0x08, 0x42, 0x08, 0x42, 0x08, 0x42, 0x08, 0x42, 0x08, 0x42, 0x08, 0x42, 0x08, 0x42, 0x08,
  0x83, 0x10, 0x42, 0x08, 0x42, 0x08, 0x42, 0x08, 0x42, 0x08, 0x42, 0x08, 0x42, 0x08, 0x42, 0x08, 0x42, 0x08, 0x42, 0x08, 0x42, 0x08, 0x42, 0x08, 0x42, 0x08, 0x42, 0x08, 0x42, 0x08, 0x42, 0x08,
  0x42, 0x08, 0x42, 0x08, 0x42, 0x08, 0x42, 0x08, 0x42, 0x08, 0x42, 0x08, 0x42, 0x08, 0x42, 0x08, 0x42, 0x08, 0x42, 0x08, 0x42, 0x08, 0x42, 0x08, 0x42, 0x08, 0x42, 0x08, 0x42, 0x08, 0x42, 0x08,
  0x83, 0x10, 0x42, 0x08, 0x42, 0x08, 0x42, 0x08, 0x42, 0x08, 0x42, 0x08, 0x42, 0x08, 0x42, 0x08, 0x42, 0x08, 0x42, 0x08, 0x42, 0x08, 0x42, 0x08, 0x42, 0x08, 0x42, 0x08, 0x42, 0x08, 0x42, 0x08,
  0x42, 0x08, 0x42, 0x08, 0x42, 0x08, 0x42, 0x08, 0x42, 0x08, 0x42, 0x08, 0x42, 0x08, 0x42, 0x08, 0x42, 0x08, 0x42, 0x08, 0x42, 0x08, 0x42, 0x08, 0x42, 0x08, 0x42, 0x08, 0x42, 0x08, 0x42, 0x08,
  0x83, 0x10, 0x42, 0x08, 0x42, 0x08, 0x42, 0x08, 0x42, 0x08, 0x42, 0x08, 0x42, 0x08, 0x42, 0x08, 0x42, 0x08, 0x42, 0x08, 0x42, 0x08, 0x42, 0x08, 0x42, 0x08, 0x42, 0x08, 0x42, 0x08, 0x42, 0x08,
  0x42, 0x08, 0x42, 0x08, 0x42, 0x08, 0x42, 0x08, 0x42, 0x08, 0x42, 0x08, 0x42, 0x08, 0x42, 0x08, 0x42, 0x08, 0x42, 0x08, 0x42, 0x08, 0x42, 0x08, 0x42, 0x08, 0x42, 0x08, 0x42, 0x08, 0x42, 0x08,
  0x83, 0x10, 0x42, 0x08, 0x42, 0x08, 0x42, 0x08, 0x42, 0x08, 0x42, 0x08, 0x42, 0x08, 0x42, 0x08, 0x42, 0x08, 0x42, 0x08, 0x42, 0x08, 0x42, 0x08, 0x42, 0x08, 0x42, 0x08, 0x42, 0x08, 0x42, 0x08,
  0xa8, 0x29, 0x58, 0x95, 0x26, 0x21, 0x42, 0x08, 0x42, 0x08, 0x58, 0x95, 0x8c, 0x4a, 0x42, 0x08, 0x67, 0x21, 0x38, 0x95, 0xc5, 0x10, 0x17, 0x8d, 0x0a, 0x3a, 0x42, 0x08, 0x47, 0x21, 0x58, 0x95,
  0x2f, 0x5b, 0x47, 0x21, 0x63, 0x08, 0x42, 0x08, 0x42, 0x08, 0xa8, 0x29, 0x58, 0x95, 0x26, 0x21, 0x42, 0x08, 0x42, 0x08, 0x58, 0x95, 0x8c, 0x4a, 0xa8, 0x29, 0x58, 0x95, 0x26, 0x21, 0x43, 0x08,
  0x26, 0x21, 0x58, 0x95, 0xad, 0x4a, 0x42, 0x08, 0x67, 0x21, 0x38, 0x95, 0xc5, 0x10, 0x17, 0x8d, 0x0a, 0x3a, 0x42, 0x08, 0x42, 0x08, 0x42, 0x08, 0x91, 0x63, 0x34, 0x74, 0x42, 0x08, 0x42, 0x08,
  0xc9, 0x31, 0x58, 0x95, 0x26, 0x21, 0x42, 0x08, 0x42, 0x08, 0x42, 0x08, 0x42, 0x08, 0x42, 0x08, 0x42, 0x08, 0x42, 0x08, 0x42, 0x08, 0x42, 0x08, 0x42, 0x08, 0x42, 0x08, 0x42, 0x08, 0x42, 0x08,
  0x42, 0x08, 0x42, 0x08, 0x42, 0x08, 0x42, 0x08, 0x42, 0x08, 0x42, 0x08, 0x42, 0x08, 0x42, 0x08, 0x42, 0x08, 0x42, 0x08, 0x42, 0x08, 0x42, 0x08, 0x42, 0x08, 0x42, 0x08, 0x42, 0x08, 0x42, 0x08,
  0x83, 0x10, 0x42, 0x08, 0x42, 0x08, 0x42, 0x08, 0x42, 0x08, 0x42, 0x08, 0x42, 0x08, 0x42, 0x08, 0x42, 0x08, 0x42, 0x08, 0x42, 0x08, 0x42, 0x08, 0x42, 0x08, 0x42, 0x08, 0x42, 0x08, 0x42, 0x08,
  0x42, 0x08, 0x42, 0x08, 0x42, 0x08, 0x42, 0x08, 0x42, 0x08, 0x42, 0x08, 0x42, 0x08, 0x42, 0x08, 0x42, 0x08, 0x42, 0x08, 0x42, 0x08, 0x42, 0x08, 0x42, 0x08, 0x42, 0x08, 0x42, 0x08, 0x42, 0x08,
  0x83, 0x10, 0x42, 0x08, 0x42, 0x08, 0x42, 0x08, 0x42, 0x08, 0x42, 0x08, 0x42, 0x08, 0x42, 0x08, 0x42, 0x08, 0x42, 0x08, 0x42, 0x08, 0x42, 0x08, 0x42, 0x08, 0x42, 0x08, 0x42, 0x08, 0x42, 0x08,
  0x42, 0x08, 0x42, 0x08, 0x42, 0x08, 0x42, 0x08, 0x42, 0x08, 0x42, 0x08, 0x42, 0x08, 0x42, 0x08, 0x42, 0x08, 0x42, 0x08, 0x42, 0x08, 0x42, 0x08, 0x42, 0x08, 0x42, 0x08, 0x42, 0x08, 0x42, 0x08,
  0x83, 0x10, 0x42, 0x08, 0x42, 0x08, 0x42, 0x08, 0x42, 0x08, 0x42, 0x08, 0x42, 0x08, 0x42, 0x08, 0x42, 0x08, 0x42, 0x08, 0x42, 0x08, 0x42, 0x08, 0x42, 0x08, 0x42, 0x08, 0x42, 0x08, 0x42, 0x08,
  0x42, 0x08, 0x42, 0x08, 0x42, 0x08, 0x42, 0x08, 0x42, 0x08, 0x42, 0x08, 0x42, 0x08, 0x42, 0x08, 0x42, 0x08, 0x42, 0x08, 0x42, 0x08, 0x42, 0x08, 0x42, 0x08, 0x42, 0x08, 0x42, 0x08, 0x42, 0x08,
  0x83, 0x10, 0x42, 0x08, 0x42, 0x08, 0x42, 0x08, 0x42, 0x08, 0x42, 0x08, 0x42, 0x08, 0x42, 0x08, 0x42, 0x08, 0x42, 0x08, 0x42, 0x08, 0x42, 0x08, 0x42, 0x08, 0x42, 0x08, 0x42, 0x08, 0x42, 0x08,
  0x42, 0x08, 0x42, 0x08, 0x42, 0x08, 0x42, 0x08, 0x42, 0x08, 0x42, 0x08, 0x42, 0x08, 0x42, 0x08, 0x42, 0x08, 0x42, 0x08, 0x42, 0x08, 0x42, 0x08, 0x42, 0x08, 0x42, 0x08, 0x42, 0x08, 0x42, 0x08,
  0x83, 0x10, 0x42, 0x08, 0x42, 0x08, 0x42, 0x08, 0x42, 0x08, 0x42, 0x08, 0x42, 0x08, 0x42, 0x08, 0x42, 0x08, 0x42, 0x08, 0x42, 0x08, 0x42, 0x08, 0x42, 0x08, 0x42, 0x08, 0x42, 0x08, 0x42, 0x08,
  0x42, 0x08, 0x42, 0x08, 0x42, 0x08, 0x42, 0x08, 0x42, 0x08, 0x42, 0x08, 0x42, 0x08, 0x42, 0x08, 0x42, 0x08, 0x42, 0x08, 0x42, 0x08, 0x42, 0x08, 0x42, 0x08, 0x42, 0x08, 0x42, 0x08, 0x42, 0x08,
  0x83, 0x10, 0x42, 0x08, 0x42, 0x08, 0x42, 0x08, 0x42, 0x08, 0x42, 0x08, 0x42, 0x08, 0x42, 0x08, 0x42, 0x08, 0x42, 0x08, 0x42, 0x08, 0x42, 0x08, 0x42, 0x08, 0x42, 0x08, 0x42, 0x08, 0x42, 0x08,
  0x42, 0x08, 0x42, 0x08, 0x42, 0x08, 0x42, 0x08, 0x42, 0x08, 0x42, 0x08, 0x42, 0x08, 0x42, 0x08, 0x42, 0x08, 0x42, 0x08, 0x42, 0x08, 0x42, 0x08, 0x42, 0x08, 0x42, 0x08, 0x42, 0x08, 0x42, 0x08,
  0x83, 0x10, 0x42, 0x08, 0x42, 0x08, 0x42, 0x08, 0x42, 0x08, 0x42, 0x08, 0x42, 0x08, 0x42, 0x08, 0x42, 0x08, 0x42, 0x08, 0x42, 0x08, 0x42, 0x08, 0x42, 0x08, 0x42, 0x08, 0x42, 0x08, 0x42, 0x08,
  0x42, 0x08, 0x42, 0x08, 0x42, 0x08, 0x42, 0x08, 0x42, 0x08, 0x42, 0x08, 0x42, 0x08, 0x42, 0x08, 0x42, 0x08, 0x42, 0x08, 0x42, 0x08, 0x42, 0x08, 0x42, 0x08, 0x42, 0x08, 0x42, 0x08, 0x42, 0x08,
  0x83, 0x10, 0x42, 0x08, 0x42, 0x08, 0x42, 0x08, 0x42, 0x08, 0x42, 0x08, 0x42, 0x08, 0x42, 0x08, 0x42, 0x08, 0x42, 0x08, 0x42, 0x08, 0x42, 0x08, 0x42, 0x08, 0x42, 0x08, 0x42, 0x08, 0x42, 0x08,
  0xa8, 0x29, 0x58, 0x95, 0x58, 0x95, 0x58, 0x95, 0x58, 0x95, 0x58, 0x95, 0x8c, 0x4a, 0x42, 0x08, 0x50, 0x5b, 0xf2, 0x6b, 0x42, 0x08, 0x91, 0x63, 0x13, 0x74, 0x42, 0x08, 0x42, 0x08, 0x0a, 0x3a,
  0x95, 0x84, 0x58, 0x95, 0x17, 0x8d, 0x8c, 0x42, 0x42, 0x08, 0xa8, 0x29, 0x58, 0x95, 0x58, 0x95, 0x58, 0x95, 0x58, 0x95, 0x58, 0x95, 0x8c, 0x4a, 0xa8, 0x29, 0x58, 0x95, 0x58, 0x95, 0x58, 0x95,
  0x37, 0x95, 0x2f, 0x5b, 0x83, 0x08, 0x42, 0x08, 0x50, 0x5b, 0xf2, 0x6b, 0x42, 0x08, 0x91, 0x63, 0x13, 0x74, 0x42, 0x08, 0x42, 0x08, 0x42, 0x08, 0x91, 0x63, 0x34, 0x74, 0x42, 0x08, 0x42, 0x08,
  0xc9, 0x31, 0x58, 0x95, 0x58, 0x95, 0x58, 0x95, 0x58, 0x95, 0x33, 0x74, 0x42, 0x08, 0x42, 0x08, 0x42, 0x08, 0x42, 0x08, 0x42, 0x08, 0x42, 0x08, 0x42, 0x08, 0x42, 0x08, 0x42, 0x08, 0x42, 0x08,
  0x42, 0x08, 0x42, 0x08, 0x42, 0x08, 0x42, 0x08, 0x42, 0x08, 0x42, 0x08, 0x42, 0x08, 0x42, 0x08, 0x42, 0x08, 0x42, 0x08, 0x42, 0x08, 0x42, 0x08, 0x42, 0x08, 0x42, 0x08, 0x42, 0x08, 0x42, 0x08,
  0x83, 0x10, 0x42, 0x08, 0x42, 0x08, 0x42, 0x08, 0x42, 0x08, 0x42, 0x08, 0x42, 0x08, 0x42, 0x08, 0x42, 0x08, 0x42, 0x08, 0x42, 0x08, 0x42, 0x08, 0x42, 0x08, 0x42, 0x08, 0x42, 0x08, 0x42, 0x08,
  0x42, 0x08, 0x42, 0x08, 0x42, 0x08, 0x42, 0x08, 0x42, 0x08, 0x42, 0x08, 0x42, 0x08, 0x42, 0x08, 0x42, 0x08, 0x42, 0x08, 0x42, 0x08, 0x42, 0x08, 0x42, 0x08, 0x42, 0x08, 0x42, 0x08, 0x42, 0x08,
  0x83, 0x10, 0x42, 0x08, 0x42, 0x08, 0x42, 0x08, 0x42, 0x08, 0x42, 0x08, 0x42, 0x08, 0x42, 0x08, 0x42, 0x08, 0x42, 0x08, 0x42, 0x08, 0x42, 0x08, 0x42, 0x08, 0x42, 0x08, 0x42, 0x08, 0x42, 0x08,
  0x42, 0x08, 0x42, 0x08, 0x42, 0x08, 0x42, 0x08, 0x42, 0x08, 0x42, 0x08, 0x42, 0x08, 0x42, 0x08, 0x42, 0x08, 0x42, 0x08, 0x42, 0x08, 0x42, 0x08, 0x42, 0x08, 0x42, 0x08, 0x42, 0x08, 0x42, 0x08,
  0x83, 0x10, 0x42, 0x08, 0x42, 0x08, 0x42, 0x08, 0x42, 0x08, 0x42, 0x08, 0x42, 0x08, 0x42, 0x08, 0x42, 0x08, 0x42, 0x08, 0x42, 0x08, 0x42, 0x08, 0x42, 0x08, 0x42, 0x08, 0x42, 0x08, 0x42, 0x08,
  0x42, 0x08, 0x42, 0x08, 0x42, 0x08, 0x42, 0x08, 0x42, 0x08, 0x42, 0x08, 0x42, 0x08, 0x42, 0x08, 0x42, 0x08, 0x42, 0x08, 0x42, 0x08, 0x42, 0x08, 0x42, 0x08, 0x42, 0x08, 0x42, 0x08, 0x42, 0x08,
  0x83, 0x10, 0x42, 0x08, 0x42, 0x08, 0x42, 0x08, 0x42, 0x08, 0x42, 0x08, 0x42, 0x08, 0x42, 0x08, 0x42, 0x08, 0x42, 0x08, 0x42, 0x08, 0x42, 0x08, 0x42, 0x08, 0x42, 0x08, 0x42, 0x08, 0x42, 0x08,
  0x42, 0x08, 0x42, 0x08, 0x42, 0x08, 0x42, 0x08, 0x42, 0x08, 0x42, 0x08, 0x42, 0x08, 0x42, 0x08, 0x42, 0x08, 0x42, 0x08, 0x42, 0x08, 0x42, 0x08, 0x42, 0x08, 0x42, 0x08, 0x42, 0x08, 0x42, 0x08,
  0x83, 0x10, 0x42, 0x08, 0x42, 0x08, 0x42, 0x08, 0x42, 0x08, 0x42, 0x08, 0x42, 0x08, 0x42, 0x08, 0x42, 0x08, 0x42, 0x08, 0x42, 0x08, 0x42, 0x08, 0x42, 0x08, 0x42, 0x08, 0x42, 0x08, 0x42, 0x08,
  0x42, 0x08, 0x42, 0x08, 0x42, 0x08, 0x42, 0x08, 0x42, 0x08, 0x42, 0x08, 0x42, 0x08, 0x42, 0x08, 0x42, 0x08, 0x42, 0x08, 0x42, 0x08, 0x42, 0x08, 0x42, 0x08, 0x42, 0x08, 0x42, 0x08, 0x42, 0x08,
  0x83, 0x10, 0x42, 0x08, 0x42, 0x08, 0x42, 0x08, 0x42, 0x08, 0x42, 0x08, 0x42, 0x08, 0x42, 0x08, 0x42, 0x08, 0x42, 0x08, 0x42, 0x08, 0x42, 0x08, 0x42, 0x08, 0x42, 0x08, 0x42, 0x08, 0x42, 0x08,
  0x42, 0x08, 0x42, 0x08, 0x42, 0x08, 0x42, 0x08, 0x42, 0x08, 0x42, 0x08, 0x42, 0x08, 0x42, 0x08, 0x42, 0x08, 0x42, 0x08, 0x42, 0x08, 0x42, 0x08, 0x42, 0x08, 0x42, 0x08, 0x42, 0x08, 0x42, 0x08,
  0x83, 0x10, 0x42, 0x08, 0x42, 0x08, 0x42, 0x08, 0x42, 0x08, 0x42, 0x08, 0x42, 0x08, 0x42, 0x08, 0x42, 0x08, 0x42, 0x08, 0x42, 0x08, 0x42, 0x08, 0x42, 0x08, 0x42, 0x08, 0x42, 0x08, 0x42, 0x08,
  0x42, 0x08, 0x42, 0x08, 0x42, 0x08, 0x42, 0x08, 0x42, 0x08, 0x42, 0x08, 0x42, 0x08, 0x42, 0x08, 0x42, 0x08, 0x42, 0x08, 0x42, 0x08, 0x42, 0x08, 0x42, 0x08, 0x42, 0x08, 0x42, 0x08, 0x42, 0x08,
  0x83, 0x10, 0x42, 0x08, 0x42, 0x08, 0x42, 0x08, 0x42, 0x08, 0x42, 0x08, 0x42, 0x08, 0x42, 0x08, 0x42, 0x08, 0x42, 0x08, 0x42, 0x08, 0x42, 0x08, 0x42, 0x08, 0x42, 0x08, 0x42, 0x08, 0x42, 0x08,
  0xa8, 0x29, 0x58, 0x95, 0x26, 0x21, 0x42, 0x08, 0x42, 0x08, 0x58, 0x95, 0x8c, 0x4a, 0x84, 0x08, 0x17, 0x95, 0x58, 0x95, 0x58, 0x95, 0x58, 0x95, 0x58, 0x95, 0x26, 0x19, 0x42, 0x08, 0x42, 0x08,
  0x83, 0x10, 0x26, 0x19, 0xb1, 0x6b, 0x58, 0x95, 0xe5, 0x18, 0xa8, 0x29, 0x58, 0x95, 0x26, 0x21, 0x42, 0x08, 0x42, 0x08, 0x58, 0x95, 0x8c, 0x4a, 0xa8, 0x29, 0x58, 0x95, 0x26, 0x21, 0x0a, 0x3a,
  0x58, 0x95, 0xad, 0x4a, 0x42, 0x08, 0x84, 0x08, 0x17, 0x95, 0x58, 0x95, 0x58, 0x95, 0x58, 0x95, 0x58, 0x95, 0x26, 0x19, 0x42, 0x08, 0x42, 0x08, 0x91, 0x63, 0x34, 0x74, 0x42, 0x08, 0x42, 0x08,
  0xc9, 0x31, 0x58, 0x95, 0x26, 0x21, 0x42, 0x08, 0x42, 0x08, 0x42, 0x08, 0x42, 0x08, 0x42, 0x08, 0x42, 0x08, 0x42, 0x08, 0x42, 0x08, 0x42, 0x08, 0x42, 0x08, 0x42, 0x08, 0x42, 0x08, 0x42, 0x08,
  0x42, 0x08, 0x42, 0x08, 0x42, 0x08, 0x42, 0x08, 0x42, 0x08, 0x42, 0x08, 0x42, 0x08, 0x42, 0x08, 0x42, 0x08, 0x42, 0x08, 0x42, 0x08, 0x42, 0x08, 0x42, 0x08, 0x42, 0x08, 0x42, 0x08, 0x42, 0x08,
  0x83, 0x10, 0x42, 0x08, 0x42, 0x08, 0x42, 0x08, 0x42, 0x08, 0x42, 0x08, 0x42, 0x08, 0x42, 0x08, 0x42, 0x08, 0x42, 0x08, 0x42, 0x08, 0x42, 0x08, 0x42, 0x08, 0x42, 0x08, 0x42, 0x08, 0x42, 0x08,
  0x42, 0x08, 0x42, 0x08, 0x42, 0x08, 0x42, 0x08, 0x42, 0x08, 0x42, 0x08, 0x42, 0x08, 0x42, 0x08, 0x42, 0x08, 0x42, 0x08, 0x42, 0x08, 0x42, 0x08, 0x42, 0x08, 0x42, 0x08, 0x42, 0x08, 0x42, 0x08,
  0x83, 0x10, 0x42, 0x08, 0x42, 0x08, 0x42, 0x08, 0x42, 0x08, 0x42, 0x08, 0x42, 0x08, 0x42, 0x08, 0x42, 0x08, 0x42, 0x08, 0x42, 0x08, 0x42, 0x08, 0x42, 0x08, 0x42, 0x08, 0x42, 0x08, 0x42, 0x08,
  0x42, 0x08, 0x42, 0x08, 0x42, 0x08, 0x42, 0x08, 0x42, 0x08, 0x42, 0x08, 0x42, 0x08, 0x42, 0x08, 0x42, 0x08, 0x42, 0x08, 0x42, 0x08, 0x42, 0x08, 0x42, 0x08, 0x42, 0x08, 0x42, 0x08, 0x42, 0x08,
  0x83, 0x10, 0x42, 0x08, 0x42, 0x08, 0x42, 0x08, 0x42, 0x08, 0x42, 0x08, 0x42, 0x08, 0x42, 0x08, 0x42, 0x08, 0x42, 0x08, 0x42, 0x08, 0x42, 0x08, 0x42, 0x08, 0x42, 0x08, 0x42, 0x08, 0x42, 0x08,
  0x42, 0x08, 0x42, 0x08, 0x42, 0x08, 0x42, 0x08, 0x42, 0x08, 0x42, 0x08, 0x42, 0x08, 0x42, 0x08, 0x42, 0x08, 0x42, 0x08, 0x42, 0x08, 0x42, 0x08, 0x42, 0x08, 0x42, 0x08, 0x42, 0x08, 0x42, 0x08,
  0x83, 0x10, 0x42, 0x08, 0x42, 0x08, 0x42, 0x08, 0x42, 0x08, 0x42, 0x08, 0x42, 0x08, 0x42, 0x08, 0x42, 0x08, 0x42, 0x08, 0x42, 0x08, 0x42, 0x08, 0x42, 0x08, 0x42, 0x08, 0x42, 0x08, 0x42, 0x08,
  0x42, 0x08, 0x42, 0x08, 0x42, 0x08, 0x42, 0x08, 0x42, 0x08, 0x42, 0x08, 0x42, 0x08, 0x42, 0x08, 0x42, 0x08, 0x42, 0x08, 0x42, 0x08, 0x42, 0x08, 0x42, 0x08, 0x42, 0x08, 0x42, 0x08, 0x42, 0x08,
  0x83, 0x10, 0x42, 0x08, 0x42, 0x08, 0x42, 0x08, 0x42, 0x08, 0x42, 0x08, 0x42, 0x08, 0x42, 0x08, 0x42, 0x08, 0x42, 0x08, 0x42, 0x08, 0x42, 0x08, 0x42, 0x08, 0x42, 0x08, 0x42, 0x08, 0x42, 0x08,
  0x42, 0x08, 0x42, 0x08, 0x42, 0x08, 0x42, 0x08, 0x42, 0x08, 0x42, 0x08, 0x42, 0x08, 0x42, 0x08, 0x42, 0x08, 0x42, 0x08, 0x42, 0x08, 0x42, 0x08, 0x42, 0x08, 0x42, 0x08, 0x42, 0x08, 0x42, 0x08,
  0x83, 0x10, 0x42, 0x08, 0x42, 0x08, 0x42, 0x08, 0x42, 0x08, 0x42, 0x08, 0x42, 0x08, 0x42, 0x08, 0x42, 0x08, 0x42, 0x08, 0x42, 0x08, 0x42, 0x08, 0x42, 0x08, 0x42, 0x08, 0x42, 0x08, 0x42, 0x08,
  0x42, 0x08, 0x42, 0x08, 0x42, 0x08, 0x42, 0x08, 0x42, 0x08, 0x42, 0x08, 0x42, 0x08, 0x42, 0x08, 0x42, 0x08, 0x42, 0x08, 0x42, 0x08, 0x42, 0x08, 0x42, 0x08, 0x42, 0x08, 0x42, 0x08, 0x42, 0x08,
  0x83, 0x10, 0x42, 0x08, 0x42, 0x08, 0x42, 0x08, 0x42, 0x08, 0x42, 0x08, 0x42, 0x08, 0x42, 0x08, 0x42, 0x08, 0x42, 0x08, 0x42, 0x08, 0x42, 0x08, 0x42, 0x08, 0x42, 0x08, 0x42, 0x08, 0x42, 0x08,
  0x42, 0x08, 0x42, 0x08, 0x42, 0x08, 0x42, 0x08, 0x42, 0x08, 0x42, 0x08, 0x42, 0x08, 0x42, 0x08, 0x42, 0x08, 0x42, 0x08, 0x42, 0x08, 0x42, 0x08, 0x42, 0x08, 0x42, 0x08, 0x42, 0x08, 0x42, 0x08,
  0x83, 0x10, 0x42, 0x08, 0x42, 0x08, 0x42, 0x08, 0x42, 0x08, 0x42, 0x08, 0x42, 0x08, 0x42, 0x08, 0x42, 0x08, 0x42, 0x08, 0x42, 0x08, 0x42, 0x08, 0x42, 0x08, 0x42, 0x08, 0x42, 0x08, 0x42, 0x08,
  0xa8, 0x29, 0x58, 0x95, 0x26, 0x21, 0x42, 0x08, 0x42, 0x08, 0x58, 0x95, 0x8c, 0x4a, 0x6b, 0x42, 0x17, 0x8d, 0x63, 0x08, 0x42, 0x08, 0x42, 0x08, 0xb5, 0x84, 0x2f, 0x5b, 0xad, 0x4a, 0x17, 0x8d,
  0x67, 0x29, 0x63, 0x08, 0xee, 0x52, 0x38, 0x95, 0xa4, 0x10, 0xa8, 0x29, 0x58, 0x95, 0x26, 0x21, 0x42, 0x08, 0x42, 0x08, 0x58, 0x95, 0x8c, 0x4a, 0xa8, 0x29, 0x58, 0x95, 0x26, 0x21, 0x42, 0x08,
  0x0e, 0x53, 0x58, 0x95, 0x67, 0x29, 0x6b, 0x42, 0x17, 0x8d, 0x63, 0x08, 0x42, 0x08, 0x42, 0x08, 0xb5, 0x84, 0x2f, 0x5b, 0x42, 0x08, 0x42, 0x08, 0x91, 0x63, 0x34, 0x74, 0x42, 0x08, 0x42, 0x08,
  0xc9, 0x31, 0x58, 0x95, 0x26, 0x21, 0x42, 0x08, 0x42, 0x08, 0x42, 0x08, 0x42, 0x08, 0x42, 0x08, 0x42, 0x08, 0x42, 0x08, 0x42, 0x08, 0x42, 0x08, 0x42, 0x08, 0x42, 0x08, 0x42, 0x08, 0x42, 0x08,
  0x42, 0x08, 0x42, 0x08, 0x42, 0x08, 0x42, 0x08, 0x42, 0x08, 0x42, 0x08, 0x42, 0x08, 0x42, 0x08, 0x42, 0x08, 0x42, 0x08, 0x42, 0x08, 0x42, 0x08, 0x42, 0x08, 0x42, 0x08, 0x42, 0x08, 0x42, 0x08,
  0x83, 0x10, 0x42, 0x08, 0x42, 0x08, 0x42, 0x08, 0x42, 0x08, 0x42, 0x08, 0x42, 0x08, 0x42, 0x08, 0x42, 0x08, 0x42, 0x08, 0x42, 0x08, 0x42, 0x08, 0x42, 0x08, 0x42, 0x08, 0x42, 0x08, 0x42, 0x08,
  0x42, 0x08, 0x42, 0x08, 0x42, 0x08, 0x42, 0x08, 0x42, 0x08, 0x42, 0x08, 0x42, 0x08, 0x42, 0x08, 0x42, 0x08, 0x42, 0x08, 0x42, 0x08, 0x42, 0x08, 0x42, 0x08, 0x42, 0x08, 0x42, 0x08, 0x42, 0x08,
  0x83, 0x10, 0x42, 0x08, 0x42, 0x08, 0x42, 0x08, 0x42, 0x08, 0x42, 0x08, 0x42, 0x08, 0x42, 0x08, 0x42, 0x08, 0x42, 0x08, 0x42, 0x08, 0x42, 0x08, 0x42, 0x08, 0x42, 0x08, 0x42, 0x08, 0x42, 0x08,
  0x42, 0x08, 0x42, 0x08, 0x42, 0x08, 0x42, 0x08, 0x42, 0x08, 0x42, 0x08, 0x42, 0x08, 0x42, 0x08, 0x42, 0x08, 0x42, 0x08, 0x42, 0x08, 0x42, 0x08, 0x42, 0x08, 0x42, 0x08, 0x42, 0x08, 0x42, 0x08,
  0x83, 0x10, 0x42, 0x08, 0x42, 0x08, 0x42, 0x08, 0x42, 0x08, 0x42, 0x08, 0x42, 0x08, 0x42, 0x08, 0x42, 0x08, 0x42, 0x08, 0x42, 0x08, 0x42, 0x08, 0x42, 0x08, 0x42, 0x08, 0x42, 0x08, 0x42, 0x08,
  0x42, 0x08, 0x42, 0x08, 0x42, 0x08, 0x42, 0x08, 0x42, 0x08, 0x42, 0x08, 0x42, 0x08, 0x42, 0x08, 0x42, 0x08, 0x42, 0x08, 0x42, 0x08, 0x42, 0x08, 0x42, 0x08, 0x42, 0x08, 0x42, 0x08, 0x42, 0x08,
  0x83, 0x10, 0x42, 0x08, 0x42, 0x08, 0x42, 0x08, 0x42, 0x08, 0x42, 0x08, 0x42, 0x08, 0x42, 0x08, 0x42, 0x08, 0x42, 0x08, 0x42, 0x08, 0x42, 0x08, 0x42, 0x08, 0x42, 0x08, 0x42, 0x08, 0x42, 0x08,
  0x42, 0x08, 0x42, 0x08, 0x42, 0x08, 0x42, 0x08, 0x42, 0x08, 0x42, 0x08, 0x42, 0x08, 0x42, 0x08, 0x42, 0x08, 0x42, 0x08, 0x42, 0x08, 0x42, 0x08, 0x42, 0x08, 0x42, 0x08, 0x42, 0x08, 0x42, 0x08,
  0x83, 0x10, 0x42, 0x08, 0x42, 0x08, 0x42, 0x08, 0x42, 0x08, 0x42, 0x08, 0x42, 0x08, 0x42, 0x08, 0x42, 0x08, 0x42, 0x08, 0x42, 0x08, 0x42, 0x08, 0x42, 0x08, 0x42, 0x08, 0x42, 0x08, 0x42, 0x08,
  0x42, 0x08, 0x42, 0x08, 0x42, 0x08, 0x42, 0x08, 0x42, 0x08, 0x42, 0x08, 0x42, 0x08, 0x42, 0x08, 0x42, 0x08, 0x42, 0x08, 0x42, 0x08, 0x42, 0x08, 0x42, 0x08, 0x42, 0x08, 0x42, 0x08, 0x42, 0x08,
  0x83, 0x10, 0x42, 0x08, 0x42, 0x08, 0x42, 0x08, 0x42, 0x08, 0x42, 0x08, 0x42, 0x08, 0x42, 0x08, 0x42, 0x08, 0x42, 0x08, 0x42, 0x08, 0x42, 0x08, 0x42, 0x08, 0x42, 0x08, 0x42, 0x08, 0x42, 0x08,
  0x42, 0x08, 0x42, 0x08, 0x42, 0x08, 0x42, 0x08, 0x42, 0x08, 0x42, 0x08, 0x42, 0x08, 0x42, 0x08, 0x42, 0x08, 0x42, 0x08, 0x42, 0x08, 0x42, 0x08, 0x42, 0x08, 0x42, 0x08, 0x42, 0x08, 0x42, 0x08,
  0x83, 0x10, 0x42, 0x08, 0x42, 0x08, 0x42, 0x08, 0x42, 0x08, 0x42, 0x08, 0x42, 0x08, 0x42, 0x08, 0x42, 0x08, 0x42, 0x08, 0x42, 0x08, 0x42, 0x08, 0x42, 0x08, 0x42, 0x08, 0x42, 0x08, 0x42, 0x08,
  0x42, 0x08, 0x42, 0x08, 0x42, 0x08, 0x42, 0x08, 0x42, 0x08, 0x42, 0x08, 0x42, 0x08, 0x42, 0x08, 0x42, 0x08, 0x42, 0x08, 0x42, 0x08, 0x42, 0x08, 0x42, 0x08, 0x42, 0x08, 0x42, 0x08, 0x42, 0x08,
  0x83, 0x10, 0x42, 0x08, 0x42, 0x08, 0x42, 0x08, 0x42, 0x08, 0x42, 0x08, 0x42, 0x08, 0x42, 0x08, 0x42, 0x08, 0x42, 0x08, 0x42, 0x08, 0x42, 0x08, 0x42, 0x08, 0x42, 0x08, 0x42, 0x08, 0x42, 0x08,
  0xa8, 0x29, 0x58, 0x95, 0x26, 0x21, 0x42, 0x08, 0x42, 0x08, 0x58, 0x95, 0x8c, 0x4a, 0x54, 0x7c, 0xb1, 0x6b, 0x42, 0x08, 0x42, 0x08, 0x42, 0x08, 0x0e, 0x53, 0x17, 0x8d, 0xa4, 0x10, 0x50, 0x5b,
  0xf7, 0x8c, 0x38, 0x95, 0x95, 0x84, 0x0a, 0x3a, 0x42, 0x08, 0xa8, 0x29, 0x58, 0x95, 0x26, 0x21, 0x42, 0x08, 0x42, 0x08, 0x58, 0x95, 0x8c, 0x4a, 0xa8, 0x29, 0x58, 0x95, 0x26, 0x21, 0x42, 0x08,
  0x83, 0x08, 0x95, 0x84, 0x75, 0x7c, 0x54, 0x7c, 0xb1, 0x6b, 0x42, 0x08, 0x42, 0x08, 0x42, 0x08, 0x0e, 0x53, 0x17, 0x8d, 0x83, 0x08, 0x42, 0x08, 0x91, 0x63, 0x34, 0x74, 0x42, 0x08, 0x42, 0x08,
  0xc9, 0x31, 0x58, 0x95, 0x58, 0x95, 0x58, 0x95, 0x58, 0x95, 0x58, 0x95, 0x26, 0x21, 0x42, 0x08, 0x42, 0x08, 0x42, 0x08, 0x42, 0x08, 0x42, 0x08, 0x42, 0x08, 0x42, 0x08, 0x42, 0x08, 0x42, 0x08,
  0x42, 0x08, 0x42, 0x08, 0x42, 0x08, 0x42, 0x08, 0x42, 0x08, 0x42, 0x08, 0x42, 0x08, 0x42, 0x08, 0x42, 0x08, 0x42, 0x08, 0x42, 0x08, 0x42, 0x08, 0x42, 0x08, 0x42, 0x08, 0x42, 0x08, 0x42, 0x08,
  0x83, 0x10, 0x42, 0x08, 0x42, 0x08, 0x42, 0x08, 0x42, 0x08, 0x42, 0x08, 0x42, 0x08, 0x42, 0x08, 0x42, 0x08, 0x42, 0x08, 0x42, 0x08, 0x42, 0x08, 0x42, 0x08, 0x42, 0x08, 0x42, 0x08, 0x42, 0x08,
  0x42, 0x08, 0x42, 0x08, 0x42, 0x08, 0x42, 0x08, 0x42, 0x08, 0x42, 0x08, 0x42, 0x08, 0x42, 0x08, 0x42, 0x08, 0x42, 0x08, 0x42, 0x08, 0x42, 0x08, 0x42, 0x08, 0x42, 0x08, 0x42, 0x08, 0x42, 0x08,
  0x83, 0x10, 0x42, 0x08, 0x42, 0x08, 0x42, 0x08, 0x42, 0x08, 0x42, 0x08, 0x42, 0x08, 0x42, 0x08, 0x42, 0x08, 0x42, 0x08, 0x42, 0x08, 0x42, 0x08, 0x42, 0x08, 0x42, 0x08, 0x42, 0x08, 0x42, 0x08,
  0x42, 0x08, 0x42, 0x08, 0x42, 0x08, 0x42, 0x08, 0x42, 0x08, 0x42, 0x08, 0x42, 0x08, 0x42, 0x08, 0x42, 0x08, 0x42, 0x08, 0x42, 0x08, 0x42, 0x08, 0x42, 0x08, 0x42, 0x08, 0x42, 0x08, 0x42, 0x08,
  0x83, 0x10, 0x42, 0x08, 0x42, 0x08, 0x42, 0x08, 0x42, 0x08, 0x42, 0x08, 0x42, 0x08, 0x42, 0x08, 0x42, 0x08, 0x42, 0x08, 0x42, 0x08, 0x42, 0x08, 0x42, 0x08, 0x42, 0x08, 0x42, 0x08, 0x42, 0x08,
  0x42, 0x08, 0x42, 0x08, 0x42, 0x08, 0x42, 0x08, 0x42, 0x08, 0x42, 0x08, 0x42, 0x08, 0x42, 0x08, 0x42, 0x08, 0x42, 0x08, 0x42, 0x08, 0x42, 0x08, 0x42, 0x08, 0x42, 0x08, 0x42, 0x08, 0x42, 0x08,
  0x83, 0x10, 0x42, 0x08, 0x42, 0x08, 0x42, 0x08, 0x42, 0x08, 0x42, 0x08, 0x42, 0x08, 0x42, 0x08, 0x42, 0x08, 0x42, 0x08, 0x42, 0x08, 0x42, 0x08, 0x42, 0x08, 0x42, 0x08, 0x42, 0x08, 0x42, 0x08,
  0x42, 0x08, 0x42, 0x08, 0x42, 0x08, 0x42, 0x08, 0x42, 0x08, 0x42, 0x08, 0x42, 0x08, 0x42, 0x08, 0x42, 0x08, 0x42, 0x08, 0x42, 0x08, 0x42, 0x08, 0x42, 0x08, 0x42, 0x08, 0x42, 0x08, 0x42, 0x08,
  0x83, 0x10, 0x42, 0x08, 0x42, 0x08, 0x42, 0x08, 0x42, 0x08, 0x42, 0x08, 0x42, 0x08, 0x42, 0x08, 0x42, 0x08, 0x42, 0x08, 0x42, 0x08, 0x42, 0x08, 0x42, 0x08, 0x42, 0x08, 0x42, 0x08, 0x42, 0x08,
  0x42, 0x08, 0x42, 0x08, 0x42, 0x08, 0x42, 0x08, 0x42, 0x08, 0x42, 0x08, 0x42, 0x08, 0x42, 0x08, 0x42, 0x08, 0x42, 0x08, 0x42, 0x08, 0x42, 0x08, 0x42, 0x08, 0x42, 0x08, 0x42, 0x08, 0x42, 0x08,
  0x83, 0x10, 0x42, 0x08, 0x42, 0x08, 0x42, 0x08, 0x42, 0x08, 0x42, 0x08, 0x42, 0x08, 0x42, 0x08, 0x42, 0x08, 0x42, 0x08, 0x42, 0x08, 0x42, 0x08, 0x42, 0x08, 0x42, 0x08, 0x42, 0x08, 0x42, 0x08,
  0x42, 0x08, 0x42, 0x08, 0x42, 0x08, 0x42, 0x08, 0x42, 0x08, 0x42, 0x08, 0x42, 0x08, 0x42, 0x08, 0x42, 0x08, 0x42, 0x08, 0x42, 0x08, 0x42, 0x08, 0x42, 0x08, 0x42, 0x08, 0x42, 0x08, 0x42, 0x08,
  0x83, 0x10, 0x42, 0x08, 0x42, 0x08, 0x42, 0x08, 0x42, 0x08, 0x42, 0x08, 0x42, 0x08, 0x42, 0x08, 0x42, 0x08, 0x42, 0x08, 0x42, 0x08, 0x42, 0x08, 0x42, 0x08, 0x42, 0x08, 0x42, 0x08, 0x42, 0x08,
  0x42, 0x08, 0x42, 0x08, 0x42, 0x08, 0x42, 0x08, 0x42, 0x08, 0x42, 0x08, 0x42, 0x08, 0x42, 0x08, 0x42, 0x08, 0x42, 0x08, 0x42, 0x08, 0x42, 0x08, 0x42, 0x08, 0x42, 0x08, 0x42, 0x08, 0x42, 0x08,
  0x83, 0x10, 0x42, 0x08, 0x42, 0x08, 0x42, 0x08, 0x42, 0x08, 0x42, 0x08, 0x42, 0x08, 0x42, 0x08, 0x42, 0x08, 0x42, 0x08, 0x42, 0x08, 0x42, 0x08, 0x42, 0x08, 0x42, 0x08, 0x42, 0x08, 0x42, 0x08,
  0x42, 0x08, 0x42, 0x08, 0x42, 0x08, 0x42, 0x08, 0x42, 0x08, 0x42, 0x08, 0x42, 0x08, 0x42, 0x08, 0x42, 0x08, 0x42, 0x08, 0x42, 0x08, 0x42, 0x08, 0x42, 0x08, 0x42, 0x08, 0x42, 0x08, 0x42, 0x08,
  0x83, 0x10, 0x42, 0x08, 0x42, 0x08, 0x42, 0x08, 0x42, 0x08, 0x42, 0x08, 0x42, 0x08, 0x42, 0x08, 0x42, 0x08, 0x42, 0x08, 0x42, 0x08, 0x42, 0x08, 0x42, 0x08, 0x42, 0x08, 0x42, 0x08, 0x42, 0x08,
  0x42, 0x08, 0x42, 0x08, 0x42, 0x08, 0x42, 0x08, 0x42, 0x08, 0x42, 0x08, 0x42, 0x08, 0x42, 0x08, 0x42, 0x08, 0x42, 0x08, 0x42, 0x08, 0x42, 0x08, 0x42, 0x08, 0x42, 0x08, 0x42, 0x08, 0x42, 0x08,
  0x83, 0x10, 0x42, 0x08, 0x42, 0x08, 0x42, 0x08, 0x42, 0x08, 0x42, 0x08, 0x42, 0x08, 0x42, 0x08, 0x42, 0x08, 0x42, 0x08, 0x42, 0x08, 0x42, 0x08, 0x42, 0x08, 0x42, 0x08, 0x42, 0x08, 0x42, 0x08,
  0x42, 0x08, 0x42, 0x08, 0x42, 0x08, 0x42, 0x08, 0x42, 0x08, 0x42, 0x08, 0x42, 0x08, 0x42, 0x08, 0x42, 0x08, 0x42, 0x08, 0x42, 0x08, 0x42, 0x08, 0x42, 0x08, 0x42, 0x08, 0x42, 0x08, 0x42, 0x08,
  0x83, 0x10, 0x42, 0x08, 0x42, 0x08, 0x42, 0x08, 0x42, 0x08, 0x42, 0x08, 0x42, 0x08, 0x42, 0x08, 0x42, 0x08, 0x42, 0x08, 0x42, 0x08, 0x42, 0x08, 0x42, 0x08, 0x42, 0x08, 0x42, 0x08, 0x42, 0x08,
  0x42, 0x08, 0x42, 0x08, 0x42, 0x08, 0x42, 0x08, 0x42, 0x08, 0x42, 0x08, 0x42, 0x08, 0x42, 0x08, 0x42, 0x08, 0x42, 0x08, 0x42, 0x08, 0x42, 0x08, 0x42, 0x08, 0x42, 0x08, 0x42, 0x08, 0x42, 0x08,
  0x83, 0x10, 0x42, 0x08, 0x42, 0x08, 0x42, 0x08, 0x42, 0x08, 0x42, 0x08, 0x42, 0x08, 0x42, 0x08, 0x42, 0x08, 0x42, 0x08, 0x42, 0x08, 0x42, 0x08, 0x42, 0x08, 0x42, 0x08, 0x42, 0x08, 0x42, 0x08,
  0x42, 0x08, 0x42, 0x08, 0x42, 0x08, 0x42, 0x08, 0x42, 0x08, 0x42, 0x08, 0x42, 0x08, 0x42, 0x08, 0x42, 0x08, 0x42, 0x08, 0x42, 0x08, 0x42, 0x08, 0x42, 0x08, 0x42, 0x08, 0x42, 0x08, 0x42, 0x08,
  0x83, 0x10, 0x42, 0x08, 0x42, 0x08, 0x42, 0x08, 0x42, 0x08, 0x42, 0x08, 0x42, 0x08, 0x42, 0x08, 0x42, 0x08, 0x42, 0x08, 0x42, 0x08, 0x42, 0x08, 0x42, 0x08, 0x42, 0x08, 0x42, 0x08, 0x42, 0x08,
  0x42, 0x08, 0x42, 0x08, 0x42, 0x08, 0x42, 0x08, 0x42, 0x08, 0x42, 0x08, 0x42, 0x08, 0x42, 0x08, 0x42, 0x08, 0x42, 0x08, 0x42, 0x08, 0x42, 0x08, 0x42, 0x08, 0x42, 0x08, 0x42, 0x08, 0x42, 0x08,
  0x83, 0x10, 0x42, 0x08, 0x42, 0x08, 0x42, 0x08, 0x42, 0x08, 0x42, 0x08, 0x42, 0x08, 0x42, 0x08, 0x42, 0x08, 0x42, 0x08, 0x42, 0x08, 0x42, 0x08, 0x42, 0x08, 0x42, 0x08, 0x42, 0x08, 0x42, 0x08,
  0x42, 0x08, 0x42, 0x08, 0x42, 0x08, 0x42, 0x08, 0x42, 0x08, 0x42, 0x08, 0x42, 0x08, 0x42, 0x08, 0x42, 0x08, 0x42, 0x08, 0x42, 0x08, 0x42, 0x08, 0x42, 0x08, 0x42, 0x08, 0x42, 0x08, 0x42, 0x08,
  0x83, 0x10, 0x42, 0x08, 0x42, 0x08, 0x42, 0x08, 0x42, 0x08, 0x42, 0x08, 0x42, 0x08, 0x42, 0x08, 0x42, 0x08, 0x42, 0x08, 0x42, 0x08, 0x42, 0x08, 0x42, 0x08, 0x42, 0x08, 0x42, 0x08, 0x42, 0x08,
  0x42, 0x08, 0x42, 0x08, 0x42, 0x08, 0x42, 0x08, 0x42, 0x08, 0x42, 0x08, 0x42, 0x08, 0x42, 0x08, 0x42, 0x08, 0x42, 0x08, 0x42, 0x08, 0x42, 0x08, 0x42, 0x08, 0x42, 0x08, 0x42, 0x08, 0x42, 0x08,
  0x83, 0x10, 0x42, 0x08, 0x42, 0x08, 0x42, 0x08, 0x42, 0x08, 0x42, 0x08, 0x42, 0x08, 0x42, 0x08, 0x42, 0x08, 0x42, 0x08, 0x42, 0x08, 0x42, 0x08, 0x42, 0x08, 0x42, 0x08, 0x42, 0x08, 0x42, 0x08,
  0x42, 0x08, 0x42, 0x08, 0x42, 0x08, 0x42, 0x08, 0x42, 0x08, 0x42, 0x08, 0x42, 0x08, 0x42, 0x08, 0x42, 0x08, 0x42, 0x08, 0x42, 0x08, 0x42, 0x08, 0x42, 0x08, 0x42, 0x08, 0x42, 0x08, 0x42, 0x08,
  0x83, 0x10, 0x42, 0x08, 0x42, 0x08, 0x42, 0x08, 0x42, 0x08, 0x42, 0x08, 0x42, 0x08, 0x42, 0x08, 0x42, 0x08, 0x42, 0x08, 0x42, 0x08, 0x42, 0x08, 0x42, 0x08, 0x42, 0x08, 0x42, 0x08, 0x42, 0x08,
  0x42, 0x08, 0x42, 0x08, 0x42, 0x08, 0x42, 0x08, 0x42, 0x08, 0x42, 0x08, 0x42, 0x08, 0x42, 0x08, 0x42, 0x08, 0x42, 0x08, 0x42, 0x08, 0x42, 0x08, 0x42, 0x08, 0x42, 0x08, 0x42, 0x08, 0x42, 0x08,
  0x83, 0x10, 0x42, 0x08, 0x42, 0x08, 0x42, 0x08, 0x42, 0x08, 0x42, 0x08, 0x42, 0x08, 0x42, 0x08, 0x42, 0x08, 0x42, 0x08, 0x42, 0x08, 0x42, 0x08, 0x42, 0x08, 0x42, 0x08, 0x42, 0x08, 0x42, 0x08,
  0x42, 0x08, 0x42, 0x08, 0x42, 0x08, 0x42, 0x08, 0x42, 0x08, 0x42, 0x08, 0x42, 0x08, 0x42, 0x08, 0x42, 0x08, 0x42, 0x08, 0x42, 0x08, 0x42, 0x08, 0x42, 0x08, 0x42, 0x08, 0x42, 0x08, 0x42, 0x08,
  0x83, 0x10, 0x42, 0x08, 0x42, 0x08, 0x42, 0x08, 0x42, 0x08, 0x42, 0x08, 0x42, 0x08, 0x42, 0x08, 0x42, 0x08, 0x42, 0x08, 0x42, 0x08, 0x42, 0x08, 0x42, 0x08, 0x42, 0x08, 0x42, 0x08, 0x42, 0x08,
  0x42, 0x08, 0x42, 0x08, 0x42, 0x08, 0x42, 0x08, 0x42, 0x08, 0x42, 0x08, 0x42, 0x08, 0x42, 0x08, 0x42, 0x08, 0x42, 0x08, 0x42, 0x08, 0x42, 0x08, 0x42, 0x08, 0x42, 0x08, 0x42, 0x08, 0x42, 0x08,
  0x83, 0x10, 0x42, 0x08, 0x42, 0x08, 0x42, 0x08, 0x42, 0x08, 0x42, 0x08, 0x42, 0x08, 0x42, 0x08, 0x42, 0x08, 0x42, 0x08, 0x42, 0x08, 0x42, 0x08, 0x42, 0x08, 0x42, 0x08, 0x42, 0x08, 0x42, 0x08,
  0x42, 0x08, 0x42, 0x08, 0x42, 0x08, 0x42, 0x08, 0x42, 0x08, 0x42, 0x08, 0x42, 0x08, 0x42, 0x08, 0x42, 0x08, 0x42, 0x08, 0x42, 0x08, 0x42, 0x08, 0x42, 0x08, 0x42, 0x08, 0x42, 0x08, 0x42, 0x08,
  0x83, 0x10, 0x42, 0x08, 0x42, 0x08, 0x42, 0x08, 0x42, 0x08, 0x42, 0x08, 0x42, 0x08, 0x42, 0x08, 0x42, 0x08, 0x42, 0x08, 0x42, 0x08, 0x42, 0x08, 0x42, 0x08, 0x42, 0x08, 0x42, 0x08, 0x42, 0x08,
  0x42, 0x08, 0x42, 0x08, 0x42, 0x08, 0x42, 0x08, 0x42, 0x08, 0x42, 0x08, 0x42, 0x08, 0x42, 0x08, 0x42, 0x08, 0x42, 0x08, 0x42, 0x08, 0x42, 0x08, 0x42, 0x08, 0x42, 0x08, 0x42, 0x08, 0x42, 0x08,
  0x83, 0x10, 0x42, 0x08, 0x42, 0x08, 0x42, 0x08, 0x42, 0x08, 0x42, 0x08, 0x42, 0x08, 0x42, 0x08, 0x42, 0x08, 0x42, 0x08, 0x42, 0x08, 0x42, 0x08, 0x42, 0x08, 0x42, 0x08, 0x42, 0x08, 0x42, 0x08,
  0x42, 0x08, 0x42, 0x08, 0x42, 0x08, 0x42, 0x08, 0x42, 0x08, 0x42, 0x08, 0x42, 0x08, 0x42, 0x08, 0x42, 0x08, 0x42, 0x08, 0x42, 0x08, 0x42, 0x08, 0x42, 0x08, 0x42, 0x08, 0x42, 0x08, 0x42, 0x08,
  0x83, 0x10, 0x42, 0x08, 0x42, 0x08, 0x42, 0x08, 0x42, 0x08, 0x42, 0x08, 0x42, 0x08, 0x42, 0x08, 0x42, 0x08, 0x42, 0x08, 0x42, 0x08, 0x42, 0x08, 0x42, 0x08, 0x42, 0x08, 0x42, 0x08, 0x42, 0x08,
  0x42, 0x08, 0x42, 0x08, 0x42, 0x08, 0x42, 0x08, 0x42, 0x08, 0x42, 0x08, 0x42, 0x08, 0x42, 0x08, 0x42, 0x08, 0x42, 0x08, 0x42, 0x08, 0x42, 0x08, 0x42, 0x08, 0x42, 0x08, 0x42, 0x08, 0x42, 0x08,
  0x83, 0x10, 0x42, 0x08, 0x42, 0x08, 0x42, 0x08, 0x42, 0x08, 0x42, 0x08, 0x42, 0x08, 0x42, 0x08, 0x42, 0x08, 0x42, 0x08, 0x42, 0x08, 0x42, 0x08, 0x42, 0x08, 0x42, 0x08, 0x42, 0x08, 0x42, 0x08,
  0x42, 0x08, 0x42, 0x08, 0x42, 0x08, 0x42, 0x08, 0x42, 0x08, 0x42, 0x08, 0x42, 0x08, 0x42, 0x08, 0x42, 0x08, 0x42, 0x08, 0x42, 0x08, 0x42, 0x08, 0x42, 0x08, 0x42, 0x08, 0x42, 0x08, 0x42, 0x08,
  0x83, 0x10, 0x42, 0x08, 0x42, 0x08, 0x42, 0x08, 0x42, 0x08, 0x42, 0x08, 0x42, 0x08, 0x42, 0x08, 0x42, 0x08, 0x42, 0x08, 0x42, 0x08, 0x42, 0x08, 0x42, 0x08, 0x42, 0x08, 0x42, 0x08, 0x42, 0x08,
  0x42, 0x08, 0x42, 0x08, 0x42, 0x08, 0x42, 0x08, 0x42, 0x08, 0x42, 0x08, 0x42, 0x08, 0x42, 0x08, 0x42, 0x08, 0x42, 0x08, 0x42, 0x08, 0x42, 0x08, 0x42, 0x08, 0x42, 0x08, 0x42, 0x08, 0x42, 0x08,
  0x83, 0x10, 0x42, 0x08, 0x42, 0x08, 0x42, 0x08, 0x42, 0x08, 0x42, 0x08, 0x42, 0x08, 0x42, 0x08, 0x42, 0x08, 0x42, 0x08, 0x42, 0x08, 0x42, 0x08, 0x42, 0x08, 0x42, 0x08, 0x42, 0x08, 0x42, 0x08,
  0x42, 0x08, 0x42, 0x08, 0x42, 0x08, 0x42, 0x08, 0x42, 0x08, 0x42, 0x08, 0x42, 0x08, 0x42, 0x08, 0x42, 0x08, 0x42, 0x08, 0x42, 0x08, 0x42, 0x08, 0x42, 0x08, 0x42, 0x08, 0x42, 0x08, 0x42, 0x08,
  0x83, 0x10, 0x42, 0x08, 0x42, 0x08, 0x42, 0x08, 0x42, 0x08, 0x42, 0x08, 0x42, 0x08, 0x42, 0x08, 0x42, 0x08, 0x42, 0x08, 0x42, 0x08, 0x42, 0x08, 0x42, 0x08, 0x42, 0x08, 0x42, 0x08, 0x42, 0x08,
  0x42, 0x08, 0x42, 0x08, 0x42, 0x08, 0x42, 0x08, 0x42, 0x08, 0x42, 0x08, 0x42, 0x08, 0x42, 0x08, 0x42, 0x08, 0x42, 0x08, 0x42, 0x08, 0x42, 0x08, 0x42, 0x08, 0x42, 0x08, 0x42, 0x08, 0x42, 0x08,
  0x83, 0x10, 0x42, 0x08, 0x42, 0x08, 0x42, 0x08, 0x42, 0x08, 0x42, 0x08, 0x42, 0x08, 0x42, 0x08, 0x42, 0x08, 0x42, 0x08, 0x42, 0x08, 0x42, 0x08, 0x42, 0x08, 0x42, 0x08, 0x42, 0x08, 0x42, 0x08,
  0x42, 0x08, 0x42, 0x08, 0x42, 0x08, 0x42, 0x08, 0x42, 0x08, 0x42, 0x08, 0x42, 0x08, 0x42, 0x08, 0x42, 0x08, 0x42, 0x08, 0x42, 0x08, 0x42, 0x08, 0x42, 0x08, 0x42, 0x08, 0x42, 0x08, 0x42, 0x08,
  0x83, 0x10, 0x42, 0x08, 0x42, 0x08, 0x42, 0x08, 0x42, 0x08, 0x42, 0x08, 0x42, 0x08, 0x42, 0x08, 0x42, 0x08, 0x42, 0x08, 0x42, 0x08, 0x42, 0x08, 0x42, 0x08, 0x42, 0x08, 0x42, 0x08, 0x42, 0x08,
  0x42, 0x08, 0x42, 0x08, 0x42, 0x08, 0x42, 0x08, 0x42, 0x08, 0x42, 0x08, 0x42, 0x08, 0x42, 0x08, 0x42, 0x08, 0x42, 0x08, 0x42, 0x08, 0x42, 0x08, 0x42, 0x08, 0x42, 0x08, 0x42, 0x08, 0x42, 0x08,
  0x83, 0x10, 0x42, 0x08, 0x42, 0x08, 0x42, 0x08, 0x42, 0x08, 0x42, 0x08, 0x42, 0x08, 0x42, 0x08, 0x42, 0x08, 0x42, 0x08, 0x42, 0x08, 0x42, 0x08, 0x42, 0x08, 0x42, 0x08, 0x42, 0x08, 0x42, 0x08,
  0x42, 0x08, 0x42, 0x08, 0x42, 0x08, 0x42, 0x08, 0x42, 0x08, 0x42, 0x08, 0x42, 0x08, 0x42, 0x08, 0x42, 0x08, 0x42, 0x08, 0x42, 0x08, 0x42, 0x08, 0x42, 0x08, 0x42, 0x08, 0x42, 0x08, 0x42, 0x08,
  0x83, 0x10, 0x42, 0x08, 0x42, 0x08, 0x42, 0x08, 0x42, 0x08, 0x42, 0x08, 0x42, 0x08, 0x42, 0x08, 0x42, 0x08, 0x42, 0x08, 0x42, 0x08, 0x42, 0x08, 0x42, 0x08, 0x42, 0x08, 0x42, 0x08, 0x42, 0x08,
  0x42, 0x08, 0x42, 0x08, 0x42, 0x08, 0x42, 0x08, 0x42, 0x08, 0x42, 0x08, 0x42, 0x08, 0x42, 0x08, 0x42, 0x08, 0x42, 0x08, 0x42, 0x08, 0x42, 0x08, 0x42, 0x08, 0x42, 0x08, 0x42, 0x08, 0x42, 0x08,
  0x83, 0x10, 0x42, 0x08, 0x42, 0x08, 0x42, 0x08, 0x42, 0x08, 0x42, 0x08, 0x42, 0x08, 0x42, 0x08, 0x42, 0x08, 0x42, 0x08, 0x42, 0x08, 0x42, 0x08, 0x42, 0x08, 0x42, 0x08, 0x42, 0x08, 0x42, 0x08,
  0x42, 0x08, 0x42, 0x08, 0x42, 0x08, 0x42, 0x08, 0x42, 0x08, 0x42, 0x08, 0x42, 0x08, 0x42, 0x08, 0x42, 0x08, 0x42, 0x08, 0x42, 0x08, 0x42, 0x08, 0x42, 0x08, 0x42, 0x08, 0x42, 0x08, 0x42, 0x08,
  0x83, 0x10, 0x42, 0x08, 0x42, 0x08, 0x42, 0x08, 0x42, 0x08, 0x42, 0x08, 0x42, 0x08, 0x42, 0x08, 0x42, 0x08, 0x42, 0x08, 0x42, 0x08, 0x42, 0x08, 0x42, 0x08, 0x42, 0x08, 0x42, 0x08, 0x42, 0x08,
  0x42, 0x08, 0x42, 0x08, 0x42, 0x08, 0x42, 0x08, 0x42, 0x08, 0x42, 0x08, 0x42, 0x08, 0x42, 0x08, 0x42, 0x08, 0x42, 0x08, 0x42, 0x08, 0x42, 0x08, 0x42, 0x08, 0x42, 0x08, 0x42, 0x08, 0x42, 0x08,
  0x83, 0x10, 0x42, 0x08, 0x42, 0x08, 0x42, 0x08, 0x42, 0x08, 0x42, 0x08, 0x42, 0x08, 0x42, 0x08, 0x42, 0x08, 0x42, 0x08, 0x42, 0x08, 0x42, 0x08, 0x42, 0x08, 0x42, 0x08, 0x42, 0x08, 0x42, 0x08,
  0x42, 0x08, 0x42, 0x08, 0x42, 0x08, 0x42, 0x08, 0x42, 0x08, 0x42, 0x08, 0x42, 0x08, 0x42, 0x08, 0x42, 0x08, 0x42, 0x08, 0x42, 0x08, 0x42, 0x08, 0x42, 0x08, 0x42, 0x08, 0x42, 0x08, 0x42, 0x08,
  0x83, 0x10, 0x42, 0x08, 0x42, 0x08, 0x42, 0x08, 0x42, 0x08, 0x42, 0x08, 0x42, 0x08, 0x42, 0x08, 0x42, 0x08, 0x42, 0x08, 0x42, 0x08, 0x42, 0x08, 0x42, 0x08, 0x42, 0x08, 0x42, 0x08, 0x42, 0x08,
  0x42, 0x08, 0x42, 0x08, 0x42, 0x08, 0x42, 0x08, 0x42, 0x08, 0x42, 0x08, 0x42, 0x08, 0x42, 0x08, 0x42, 0x08, 0x42, 0x08, 0x42, 0x08, 0x42, 0x08, 0x42, 0x08, 0x42, 0x08, 0x42, 0x08, 0x42, 0x08,
  0x83, 0x10, 0x42, 0x08, 0x42, 0x08, 0x42, 0x08, 0x42, 0x08, 0x42, 0x08, 0x42, 0x08, 0x42, 0x08, 0x42, 0x08, 0x42, 0x08, 0x42, 0x08, 0x42, 0x08, 0x42, 0x08, 0x42, 0x08, 0x42, 0x08, 0x42, 0x08,
  0x42, 0x08, 0x42, 0x08, 0x42, 0x08, 0x42, 0x08, 0x42, 0x08, 0x42, 0x08, 0x42, 0x08, 0x42, 0x08, 0x42, 0x08, 0x42, 0x08, 0x42, 0x08, 0x42, 0x08, 0x42, 0x08, 0x42, 0x08, 0x42, 0x08, 0x42, 0x08,
  0x83, 0x10, 0x42, 0x08, 0x42, 0x08, 0x42, 0x08, 0x42, 0x08, 0x42, 0x08, 0x42, 0x08, 0x42, 0x08, 0x42, 0x08, 0x42, 0x08, 0x42, 0x08, 0x42, 0x08, 0x42, 0x08, 0x42, 0x08, 0x42, 0x08, 0x42, 0x08,
  0x42, 0x08, 0x42, 0x08, 0x42, 0x08, 0x42, 0x08, 0x42, 0x08, 0x42, 0x08, 0x42, 0x08, 0x42, 0x08, 0x42, 0x08, 0x42, 0x08, 0x42, 0x08, 0x42, 0x08, 0x42, 0x08, 0x42, 0x08, 0x42, 0x08, 0x42, 0x08,
  0x83, 0x10, 0x42, 0x08, 0x42, 0x08, 0x42, 0x08, 0x42, 0x08, 0x42, 0x08, 0x42, 0x08, 0x42, 0x08, 0x42, 0x08, 0x42, 0x08, 0x42, 0x08, 0x42, 0x08, 0x42, 0x08, 0x42, 0x08, 0x42, 0x08, 0x42, 0x08,
  0x42, 0x08, 0x42, 0x08, 0x42, 0x08, 0x42, 0x08, 0x42, 0x08, 0x42, 0x08, 0x42, 0x08, 0x42, 0x08, 0x42, 0x08, 0x42, 0x08, 0x42, 0x08, 0x42, 0x08, 0x42, 0x08, 0x42, 0x08, 0x42, 0x08, 0x42, 0x08,
  0x83, 0x10, 0x42, 0x08, 0x42, 0x08, 0x42, 0x08, 0x42, 0x08, 0x42, 0x08, 0x42, 0x08, 0x42, 0x08, 0x42, 0x08, 0x42, 0x08, 0x42, 0x08, 0x42, 0x08, 0x42, 0x08, 0x42, 0x08, 0x42, 0x08, 0x42, 0x08,
  0x42, 0x08, 0x42, 0x08, 0x42, 0x08, 0x42, 0x08, 0x42, 0x08, 0x42, 0x08, 0x42, 0x08, 0x42, 0x08, 0x42, 0x08, 0x42, 0x08, 0x42, 0x08, 0x42, 0x08, 0x42, 0x08, 0x42, 0x08, 0x42, 0x08, 0x42, 0x08,
  0x83, 0x10, 0x42, 0x08, 0x42, 0x08, 0x42, 0x08, 0x42, 0x08, 0x42, 0x08, 0x42, 0x08, 0x42, 0x08, 0x42, 0x08, 0x42, 0x08, 0x42, 0x08, 0x42, 0x08, 0x42, 0x08, 0x42, 0x08, 0x42, 0x08, 0x42, 0x08,
  0x42, 0x08, 0x42, 0x08, 0x42, 0x08, 0x42, 0x08, 0x42, 0x08, 0x42, 0x08, 0x42, 0x08, 0x42, 0x08, 0x42, 0x08, 0x42, 0x08, 0x42, 0x08, 0x42, 0x08, 0x42, 0x08, 0x42, 0x08, 0x42, 0x08, 0x42, 0x08,
  0x83, 0x10, 0x42, 0x08, 0x42, 0x08, 0x42, 0x08, 0x42, 0x08, 0x42, 0x08, 0x42, 0x08, 0x42, 0x08, 0x42, 0x08, 0x42, 0x08, 0x42, 0x08, 0x42, 0x08, 0x42, 0x08, 0x42, 0x08, 0x42, 0x08, 0x42, 0x08,
  0x42, 0x08, 0x42, 0x08, 0x42, 0x08, 0x42, 0x08, 0x42, 0x08, 0x42, 0x08, 0x42, 0x08, 0x42, 0x08, 0x42, 0x08, 0x42, 0x08, 0x42, 0x08, 0x42, 0x08, 0x42, 0x08, 0x42, 0x08, 0x42, 0x08, 0x42, 0x08,
  0x83, 0x10, 0x42, 0x08, 0x42, 0x08, 0x42, 0x08, 0x42, 0x08, 0x42, 0x08, 0x42, 0x08, 0x42, 0x08, 0x42, 0x08, 0x42, 0x08, 0x42, 0x08, 0x42, 0x08, 0x42, 0x08, 0x42, 0x08, 0x42, 0x08, 0x42, 0x08,
  0x42, 0x08, 0x42, 0x08, 0x42, 0x08, 0x42, 0x08, 0x42, 0x08, 0x42, 0x08, 0x42, 0x08, 0x42, 0x08, 0x42, 0x08, 0x42, 0x08, 0x42, 0x08, 0x42, 0x08, 0x42, 0x08, 0x42, 0x08, 0x42, 0x08, 0x42, 0x08,
  0x83, 0x10, 0x42, 0x08, 0x42, 0x08, 0x42, 0x08, 0x42, 0x08, 0x42, 0x08, 0x42, 0x08, 0x42, 0x08, 0x42, 0x08, 0x42, 0x08, 0x42, 0x08, 0x42, 0x08, 0x42, 0x08, 0x42, 0x08, 0x42, 0x08, 0x42, 0x08,
  0x42, 0x08, 0x42, 0x08, 0x42, 0x08, 0x42, 0x08, 0x42, 0x08, 0x42, 0x08, 0x42, 0x08, 0x42, 0x08, 0x42, 0x08, 0x42, 0x08, 0x42, 0x08, 0x42, 0x08, 0x42, 0x08, 0x42, 0x08, 0x42, 0x08, 0x42, 0x08,
  0x83, 0x10, 0x42, 0x08, 0x42, 0x08, 0x42, 0x08, 0x42, 0x08, 0x42, 0x08, 0x42, 0x08, 0x42, 0x08, 0x42, 0x08, 0x42, 0x08, 0x42, 0x08, 0x42, 0x08, 0x42, 0x08, 0x42, 0x08, 0x42, 0x08, 0x42, 0x08,
  0x42, 0x08, 0x42, 0x08, 0x42, 0x08, 0x42, 0x08, 0x42, 0x08, 0x42, 0x08, 0x42, 0x08, 0x42, 0x08, 0x42, 0x08, 0x42, 0x08, 0x42, 0x08, 0x42, 0x08, 0x42, 0x08, 0x42, 0x08, 0x42, 0x08, 0x42, 0x08,
  0x83, 0x10, 0x42, 0x08, 0x42, 0x08, 0x42, 0x08, 0x42, 0x08, 0x42, 0x08, 0x42, 0x08, 0x42, 0x08, 0x42, 0x08, 0x42, 0x08, 0x42, 0x08, 0x42, 0x08, 0x42, 0x08, 0x42, 0x08, 0x42, 0x08, 0x42, 0x08,
  0x42, 0x08, 0x42, 0x08, 0x42, 0x08, 0x42, 0x08, 0x42, 0x08, 0x42, 0x08, 0x42, 0x08, 0x42, 0x08, 0x42, 0x08, 0x42, 0x08, 0x42, 0x08, 0x42, 0x08, 0x42, 0x08, 0x42, 0x08, 0x42, 0x08, 0x42, 0x08,
  0x83, 0x10, 0x42, 0x08, 0x42, 0x08, 0x42, 0x08, 0x42, 0x08, 0x42, 0x08, 0x42, 0x08, 0x42, 0x08, 0x42, 0x08, 0x42, 0x08, 0x42, 0x08, 0x42, 0x08, 0x42, 0x08, 0x42, 0x08, 0x42, 0x08, 0x42, 0x08,
  0x42, 0x08, 0x42, 0x08, 0x42, 0x08, 0x42, 0x08, 0x42, 0x08, 0x42, 0x08, 0x42, 0x08, 0x42, 0x08, 0x42, 0x08, 0x42, 0x08, 0x42, 0x08, 0x42, 0x08, 0x42, 0x08, 0x42, 0x08, 0x42, 0x08, 0x42, 0x08,
  0x83, 0x10, 0x42, 0x08, 0x42, 0x08, 0x42, 0x08, 0x42, 0x08, 0x42, 0x08, 0x42, 0x08, 0x42, 0x08, 0x42, 0x08, 0x42, 0x08, 0x42, 0x08, 0x42, 0x08, 0x42, 0x08, 0x42, 0x08, 0x42, 0x08, 0x42, 0x08,
  0x42, 0x08, 0x42, 0x08, 0x42, 0x08, 0x42, 0x08, 0x42, 0x08, 0x42, 0x08, 0x42, 0x08, 0x42, 0x08, 0x42, 0x08, 0x42, 0x08, 0x42, 0x08, 0x42, 0x08, 0x42, 0x08, 0x42, 0x08, 0x42, 0x08, 0x42, 0x08,
  0x83, 0x10, 0x42, 0x08, 0x42, 0x08, 0x42, 0x08, 0x42, 0x08, 0x42, 0x08, 0x42, 0x08, 0x42, 0x08, 0x42, 0x08, 0x42, 0x08, 0x42, 0x08, 0x42, 0x08, 0x42, 0x08, 0x42, 0x08, 0x42, 0x08, 0x42, 0x08,
  0x42, 0x08, 0x42, 0x08, 0x42, 0x08, 0x42, 0x08, 0x42, 0x08, 0x42, 0x08, 0x42, 0x08, 0x42, 0x08, 0x42, 0x08, 0x42, 0x08, 0x42, 0x08, 0x42, 0x08, 0x42, 0x08, 0x42, 0x08, 0x42, 0x08, 0x42, 0x08,
  0x83, 0x10, 0x42, 0x08, 0x42, 0x08, 0x42, 0x08, 0x42, 0x08, 0x42, 0x08, 0x42, 0x08, 0x42, 0x08, 0x42, 0x08, 0x42, 0x08, 0x42, 0x08, 0x42, 0x08, 0x42, 0x08, 0x42, 0x08, 0x42, 0x08, 0x42, 0x08,
  0x42, 0x08, 0x42, 0x08, 0x42, 0x08, 0x42, 0x08, 0x42, 0x08, 0x42, 0x08, 0x42, 0x08, 0x42, 0x08, 0x42, 0x08, 0x42, 0x08, 0x42, 0x08, 0x42, 0x08, 0x42, 0x08, 0x42, 0x08, 0x42, 0x08, 0x42, 0x08,
  0x83, 0x10, 0x42, 0x08, 0x42, 0x08, 0x42, 0x08, 0x42, 0x08, 0x42, 0x08, 0x42, 0x08, 0x42, 0x08, 0x42, 0x08, 0x42, 0x08, 0x42, 0x08, 0x42, 0x08, 0x42, 0x08, 0x42, 0x08, 0x42, 0x08, 0x42, 0x08,
  0x42, 0x08, 0x42, 0x08, 0x42, 0x08, 0x42, 0x08, 0x42, 0x08, 0x42, 0x08, 0x42, 0x08, 0x42, 0x08, 0x42, 0x08, 0x42, 0x08, 0x42, 0x08, 0x42, 0x08, 0x42, 0x08, 0x42, 0x08, 0x42, 0x08, 0x42, 0x08,
  0x83, 0x10, 0x42, 0x08, 0x42, 0x08, 0x42, 0x08, 0x42, 0x08, 0x42, 0x08, 0x42, 0x08, 0x42, 0x08, 0x42, 0x08, 0x42, 0x08, 0x42, 0x08, 0x42, 0x08, 0x42, 0x08, 0x42, 0x08, 0x42, 0x08, 0x42, 0x08,
  0x42, 0x08, 0x42, 0x08, 0x42, 0x08, 0x42, 0x08, 0x42, 0x08, 0x42, 0x08, 0x42, 0x08, 0x42, 0x08, 0x42, 0x08, 0x42, 0x08, 0x42, 0x08, 0x42, 0x08, 0x42, 0x08, 0x42, 0x08, 0x42, 0x08, 0x42, 0x08,
  0x83, 0x10, 0x42, 0x08, 0x42, 0x08, 0x42, 0x08, 0x42, 0x08, 0x42, 0x08, 0x42, 0x08, 0x42, 0x08, 0x42, 0x08, 0x42, 0x08, 0x42, 0x08, 0x42, 0x08, 0x42, 0x08, 0x42, 0x08, 0x42, 0x08, 0x42, 0x08,
  0x42, 0x08, 0x42, 0x08, 0x42, 0x08, 0x42, 0x08, 0x42, 0x08, 0x42, 0x08, 0x42, 0x08, 0x42, 0x08, 0x42, 0x08, 0x42, 0x08, 0x42, 0x08, 0x42, 0x08, 0x42, 0x08, 0x42, 0x08, 0x42, 0x08, 0x42, 0x08,
  0x83, 0x10, 0x42, 0x08, 0x42, 0x08, 0x42, 0x08, 0x42, 0x08, 0x42, 0x08, 0x42, 0x08, 0x42, 0x08, 0x42, 0x08, 0x42, 0x08, 0x42, 0x08, 0x42, 0x08, 0x42, 0x08, 0x42, 0x08, 0x42, 0x08, 0x42, 0x08,
  0x42, 0x08, 0x42, 0x08, 0x42, 0x08, 0x42, 0x08, 0x42, 0x08, 0x42, 0x08, 0x42, 0x08, 0x42, 0x08, 0x42, 0x08, 0x42, 0x08, 0x42, 0x08, 0x42, 0x08, 0x42, 0x08, 0x42, 0x08, 0x42, 0x08, 0x42, 0x08,
  0x83, 0x10, 0x42, 0x08, 0x42, 0x08, 0x42, 0x08, 0x42, 0x08, 0x42, 0x08, 0x42, 0x08, 0x42, 0x08, 0x42, 0x08, 0x42, 0x08, 0x42, 0x08, 0x42, 0x08, 0x42, 0x08, 0x42, 0x08, 0x42, 0x08, 0x42, 0x08,
  0x42, 0x08, 0x42, 0x08, 0x42, 0x08, 0x42, 0x08, 0x42, 0x08, 0x42, 0x08, 0x42, 0x08, 0x42, 0x08, 0x42, 0x08, 0x42, 0x08, 0x42, 0x08, 0x42, 0x08, 0x42, 0x08, 0x42, 0x08, 0x42, 0x08, 0x42, 0x08,
  0x83, 0x10, 0x42, 0x08, 0x42, 0x08, 0x42, 0x08, 0x42, 0x08, 0x42, 0x08, 0x42, 0x08, 0x42, 0x08, 0x42, 0x08, 0x42, 0x08, 0x42, 0x08, 0x42, 0x08, 0x42, 0x08, 0x42, 0x08, 0x42, 0x08, 0x42, 0x08,
  0x42, 0x08, 0x42, 0x08, 0x42, 0x08, 0x42, 0x08, 0x42, 0x08, 0x42, 0x08, 0x42, 0x08, 0x42, 0x08, 0x42, 0x08, 0x42, 0x08, 0x42, 0x08, 0x42, 0x08, 0x42, 0x08, 0x42, 0x08, 0x42, 0x08, 0x42, 0x08,
  0x83, 0x10, 0x42, 0x08, 0x42, 0x08, 0x42, 0x08, 0x42, 0x08, 0x42, 0x08, 0x42, 0x08, 0x42, 0x08, 0x42, 0x08, 0x42, 0x08, 0x42, 0x08, 0x42, 0x08, 0x42, 0x08, 0x42, 0x08, 0x42, 0x08, 0x42, 0x08,
  0x42, 0x08, 0x42, 0x08, 0x42, 0x08, 0x42, 0x08, 0x42, 0x08, 0x42, 0x08, 0x42, 0x08, 0x42, 0x08, 0x42, 0x08, 0x42, 0x08, 0x42, 0x08, 0x42, 0x08, 0x42, 0x08, 0x42, 0x08, 0x42, 0x08, 0x42, 0x08,
  0x83, 0x10, 0x42, 0x08, 0x42, 0x08, 0x42, 0x08, 0x42, 0x08, 0x42, 0x08, 0x42, 0x08, 0x42, 0x08, 0x42, 0x08, 0x42, 0x08, 0x42, 0x08, 0x42, 0x08, 0x42, 0x08, 0x42, 0x08, 0x42, 0x08, 0x42, 0x08,
  0x42, 0x08, 0x42, 0x08, 0x42, 0x08, 0x42, 0x08, 0x42, 0x08, 0x42, 0x08, 0x42, 0x08, 0x42, 0x08, 0x42, 0x08, 0x42, 0x08, 0x42, 0x08, 0x42, 0x08, 0x42, 0x08, 0x42, 0x08, 0x42, 0x08, 0x42, 0x08,
  0x83, 0x10, 0x42, 0x08, 0x42, 0x08, 0x42, 0x08, 0x42, 0x08, 0x42, 0x08, 0x42, 0x08, 0x42, 0x08, 0x42, 0x08, 0x42, 0x08, 0x42, 0x08, 0x42, 0x08, 0x42, 0x08, 0x42, 0x08, 0x42, 0x08, 0x42, 0x08,
  0x42, 0x08, 0x42, 0x08, 0x42, 0x08, 0x42, 0x08, 0x42, 0x08, 0x42, 0x08, 0x42, 0x08, 0x42, 0x08, 0x42, 0x08, 0x42, 0x08, 0x42, 0x08, 0x42, 0x08, 0x42, 0x08, 0x42, 0x08, 0x42, 0x08, 0x42, 0x08,
  0x83, 0x10, 0x42, 0x08, 0x42, 0x08, 0x42, 0x08, 0x42, 0x08, 0x42, 0x08, 0x42, 0x08, 0x42, 0x08, 0x42, 0x08, 0x42, 0x08, 0x42, 0x08, 0x42, 0x08, 0x42, 0x08, 0x42, 0x08, 0x42, 0x08, 0x42, 0x08,
  0x42, 0x08, 0x42, 0x08, 0x42, 0x08, 0x42, 0x08, 0x42, 0x08, 0x42, 0x08, 0x42, 0x08, 0x42, 0x08, 0x42, 0x08, 0x42, 0x08, 0x42, 0x08, 0x42, 0x08, 0x42, 0x08, 0x42, 0x08, 0x42, 0x08, 0x42, 0x08,
  0x83, 0x10, 0x42, 0x08, 0x42, 0x08, 0x42, 0x08, 0x42, 0x08, 0x42, 0x08, 0x42, 0x08, 0x42, 0x08, 0x42, 0x08, 0x42, 0x08, 0x42, 0x08, 0x42, 0x08, 0x42, 0x08, 0x42, 0x08, 0x42, 0x08, 0x42, 0x08,
  0x42, 0x08, 0x42, 0x08, 0x42, 0x08, 0x42, 0x08, 0x42, 0x08, 0x42, 0x08, 0x42, 0x08, 0x42, 0x08, 0x42, 0x08, 0x42, 0x08, 0x42, 0x08, 0x42, 0x08, 0x42, 0x08, 0x42, 0x08, 0x42, 0x08, 0x42, 0x08,
  0x83, 0x10, 0x42, 0x08, 0x42, 0x08, 0x42, 0x08, 0x42, 0x08, 0x42, 0x08, 0x42, 0x08, 0x42, 0x08, 0x42, 0x08, 0x42, 0x08, 0x42, 0x08, 0x42, 0x08, 0x42, 0x08, 0x42, 0x08, 0x42, 0x08, 0x42, 0x08,
  0x42, 0x08, 0x42, 0x08, 0x42, 0x08, 0x42, 0x08, 0x42, 0x08, 0x42, 0x08, 0x42, 0x08, 0x42, 0x08, 0x42, 0x08, 0x42, 0x08, 0x42, 0x08, 0x42, 0x08, 0x42, 0x08, 0x42, 0x08, 0x42, 0x08, 0x42, 0x08,
  0x83, 0x10, 0x42, 0x08, 0x42, 0x08, 0x42, 0x08, 0x42, 0x08, 0x42, 0x08, 0x42, 0x08, 0x42, 0x08, 0x42, 0x08, 0x42, 0x08, 0x42, 0x08, 0x42, 0x08, 0x42, 0x08, 0x42, 0x08, 0x42, 0x08, 0x42, 0x08,
  0x42, 0x08, 0x42, 0x08, 0x42, 0x08, 0x42, 0x08, 0x42, 0x08, 0x42, 0x08, 0x42, 0x08, 0x42, 0x08, 0x42, 0x08, 0x42, 0x08, 0x42, 0x08, 0x42, 0x08, 0x42, 0x08, 0x42, 0x08, 0x42, 0x08, 0x42, 0x08,
  0x83, 0x10, 0x42, 0x08, 0x42, 0x08, 0x42, 0x08, 0x42, 0x08, 0x42, 0x08, 0x42, 0x08, 0x42, 0x08, 0x42, 0x08, 0x42, 0x08, 0x42, 0x08, 0x42, 0x08, 0x42, 0x08, 0x42, 0x08, 0x42, 0x08, 0x42, 0x08,
  0x42, 0x08, 0x42, 0x08, 0x42, 0x08, 0x42, 0x08, 0x42, 0x08, 0x42, 0x08, 0x42, 0x08, 0x42, 0x08, 0x42, 0x08, 0x42, 0x08, 0x42, 0x08, 0x42, 0x08, 0x42, 0x08, 0x42, 0x08, 0x42, 0x08, 0x42, 0x08,
  0x83, 0x10, 0x42, 0x08, 0x42, 0x08, 0x42, 0x08, 0x42, 0x08, 0x42, 0x08, 0x42, 0x08, 0x42, 0x08, 0x42, 0x08, 0x42, 0x08, 0x42, 0x08, 0x42, 0x08, 0x42, 0x08, 0x42, 0x08, 0x42, 0x08, 0x42, 0x08,
  0x42, 0x08, 0x42, 0x08, 0x42, 0x08, 0x42, 0x08, 0x42, 0x08, 0x42, 0x08, 0x42, 0x08, 0x42, 0x08, 0x42, 0x08, 0x42, 0x08, 0x42, 0x08, 0x42, 0x08, 0x42, 0x08, 0x42, 0x08, 0x42, 0x08, 0x42, 0x08,
  0x83, 0x10, 0x42, 0x08, 0x42, 0x08, 0x42, 0x08, 0x42, 0x08, 0x42, 0x08, 0x42, 0x08, 0x42, 0x08, 0x42, 0x08, 0x42, 0x08, 0x42, 0x08, 0x42, 0x08, 0x42, 0x08, 0x42, 0x08, 0x42, 0x08, 0x42, 0x08,
  0x42, 0x08, 0x42, 0x08, 0x42, 0x08, 0x42, 0x08, 0x42, 0x08, 0x42, 0x08, 0x42, 0x08, 0x42, 0x08, 0x42, 0x08, 0x42, 0x08, 0x42, 0x08, 0x42, 0x08, 0x42, 0x08, 0x42, 0x08, 0x42, 0x08, 0x42, 0x08,
  0x83, 0x10, 0x42, 0x08, 0x42, 0x08, 0x42, 0x08, 0x42, 0x08, 0x42, 0x08, 0x42, 0x08, 0x42, 0x08, 0x42, 0x08, 0x42, 0x08, 0x42, 0x08, 0x42, 0x08, 0x42, 0x08, 0x42, 0x08, 0x42, 0x08, 0x42, 0x08,
  0x42, 0x08, 0x42, 0x08, 0x42, 0x08, 0x42, 0x08, 0x42, 0x08, 0x42, 0x08, 0x42, 0x08, 0x42, 0x08, 0x42, 0x08, 0x42, 0x08, 0x42, 0x08, 0x42, 0x08, 0x42, 0x08, 0x42, 0x08, 0x42, 0x08, 0x42, 0x08,
  0x83, 0x10, 0x42, 0x08, 0x42, 0x08, 0x42, 0x08, 0x42, 0x08, 0x42, 0x08, 0x42, 0x08, 0x42, 0x08, 0x42, 0x08, 0x42, 0x08, 0x42, 0x08, 0x42, 0x08, 0x42, 0x08, 0x42, 0x08, 0x42, 0x08, 0x42, 0x08,
  0x42, 0x08, 0x42, 0x08, 0x42, 0x08, 0x42, 0x08, 0x42, 0x08, 0x42, 0x08, 0x42, 0x08, 0x42, 0x08, 0x42, 0x08, 0x42, 0x08, 0x42, 0x08, 0x42, 0x08, 0x42, 0x08, 0x42, 0x08, 0x42, 0x08, 0x42, 0x08,
  0x83, 0x10, 0x42, 0x08, 0x42, 0x08, 0x42, 0x08, 0x42, 0x08, 0x42, 0x08, 0x42, 0x08, 0x42, 0x08, 0x42, 0x08, 0x42, 0x08, 0x42, 0x08, 0x42, 0x08, 0x42, 0x08, 0x42, 0x08, 0x42, 0x08, 0x42, 0x08,
  0x42, 0x08, 0x42, 0x08, 0x42, 0x08, 0x42, 0x08, 0x42, 0x08, 0x42, 0x08, 0x42, 0x08, 0x42, 0x08, 0x42, 0x08, 0x42, 0x08, 0x42, 0x08, 0x42, 0x08, 0x42, 0x08, 0x42, 0x08, 0x42, 0x08, 0x42, 0x08,
  0x83, 0x10, 0x42, 0x08, 0x42, 0x08, 0x42, 0x08, 0x42, 0x08, 0x42, 0x08, 0x42, 0x08, 0x42, 0x08, 0x42, 0x08, 0x42, 0x08, 0x42, 0x08, 0x42, 0x08, 0x42, 0x08, 0x42, 0x08, 0x42, 0x08, 0x42, 0x08,
  0x42, 0x08, 0x42, 0x08, 0x42, 0x08, 0x42, 0x08, 0x42, 0x08, 0x42, 0x08, 0x42, 0x08, 0x42, 0x08, 0x42, 0x08, 0x42, 0x08, 0x42, 0x08, 0x42, 0x08, 0x42, 0x08, 0x42, 0x08, 0x42, 0x08, 0x42, 0x08,
  0x83, 0x10, 0x42, 0x08, 0x42, 0x08, 0x42, 0x08, 0x42, 0x08, 0x42, 0x08, 0x42, 0x08, 0x42, 0x08, 0x42, 0x08, 0x42, 0x08, 0x42, 0x08, 0x42, 0x08, 0x42, 0x08, 0x42, 0x08, 0x42, 0x08, 0x42, 0x08,
  0x42, 0x08, 0x42, 0x08, 0x42, 0x08, 0x42, 0x08, 0x42, 0x08, 0x42, 0x08, 0x42, 0x08, 0x42, 0x08, 0x42, 0x08, 0x42, 0x08, 0x42, 0x08, 0x42, 0x08, 0x42, 0x08, 0x42, 0x08, 0x42, 0x08, 0x42, 0x08,
  0x83, 0x10, 0x42, 0x08, 0x42, 0x08, 0x42, 0x08, 0x42, 0x08, 0x42, 0x08, 0x42, 0x08, 0x42, 0x08, 0x42, 0x08, 0x42, 0x08, 0x42, 0x08, 0x42, 0x08, 0x42, 0x08, 0x42, 0x08, 0x42, 0x08, 0x42, 0x08,
  0x42, 0x08, 0x42, 0x08, 0x42, 0x08, 0x42, 0x08, 0x42, 0x08, 0x42, 0x08, 0x42, 0x08, 0x42, 0x08, 0x42, 0x08, 0x42, 0x08, 0x42, 0x08, 0x42, 0x08, 0x42, 0x08, 0x42, 0x08, 0x42, 0x08, 0x42, 0x08,
  0x83, 0x10, 0x42, 0x08, 0x42, 0x08, 0x42, 0x08, 0x42, 0x08, 0x42, 0x08, 0x42, 0x08, 0x42, 0x08, 0x42, 0x08, 0x42, 0x08, 0x42, 0x08, 0x42, 0x08, 0x42, 0x08, 0x42, 0x08, 0x42, 0x08, 0x42, 0x08,
  0x42, 0x08, 0x42, 0x08, 0x42, 0x08, 0x42, 0x08, 0x42, 0x08, 0x42, 0x08, 0x42, 0x08, 0x42, 0x08, 0x42, 0x08, 0x42, 0x08, 0x42, 0x08, 0x42, 0x08, 0x42, 0x08, 0x42, 0x08, 0x42, 0x08, 0x42, 0x08,
  0x83, 0x10, 0x42, 0x08, 0x42, 0x08, 0x42, 0x08, 0x42, 0x08, 0x42, 0x08, 0x42, 0x08, 0x42, 0x08, 0x42, 0x08, 0x42, 0x08, 0x42, 0x08, 0x42, 0x08, 0x42, 0x08, 0x42, 0x08, 0x42, 0x08, 0x42, 0x08,
  0x42, 0x08, 0x42, 0x08, 0x42, 0x08, 0x42, 0x08, 0x42, 0x08, 0x42, 0x08, 0x42, 0x08, 0x42, 0x08, 0x42, 0x08, 0x42, 0x08, 0x42, 0x08, 0x42, 0x08, 0x42, 0x08, 0x42, 0x08, 0x42, 0x08, 0x42, 0x08,
  0x83, 0x10, 0x42, 0x08, 0x42, 0x08, 0x42, 0x08, 0x42, 0x08, 0x42, 0x08, 0x42, 0x08, 0x42, 0x08, 0x42, 0x08, 0x42, 0x08, 0x42, 0x08, 0x42, 0x08, 0x42, 0x08, 0x42, 0x08, 0x42, 0x08, 0x42, 0x08,
  0x42, 0x08, 0x42, 0x08, 0x42, 0x08, 0x42, 0x08, 0x42, 0x08, 0x42, 0x08, 0x42, 0x08, 0x42, 0x08, 0x42, 0x08, 0x42, 0x08, 0x42, 0x08, 0x42, 0x08, 0x42, 0x08, 0x42, 0x08, 0x42, 0x08, 0x42, 0x08,
  0x83, 0x10, 0x42, 0x08, 0x42, 0x08, 0x42, 0x08, 0x42, 0x08, 0x42, 0x08, 0x42, 0x08, 0x42, 0x08, 0x42, 0x08, 0x42, 0x08, 0x42, 0x08, 0x42, 0x08, 0x42, 0x08, 0x42, 0x08, 0x42, 0x08, 0x42, 0x08,
  0x42, 0x08, 0x42, 0x08, 0x42, 0x08, 0x42, 0x08, 0x42, 0x08, 0x42, 0x08, 0x42, 0x08, 0x42, 0x08, 0x42, 0x08, 0x42, 0x08, 0x42, 0x08, 0x42, 0x08, 0x42, 0x08, 0x42, 0x08, 0x42, 0x08, 0x42, 0x08,
  0x83, 0x10, 0x42, 0x08, 0x42, 0x08, 0x42, 0x08, 0x42, 0x08, 0x42, 0x08, 0x42, 0x08, 0x42, 0x08, 0x42, 0x08, 0x42, 0x08, 0x42, 0x08, 0x42, 0x08, 0x42, 0x08, 0x42, 0x08, 0x42, 0x08, 0x42, 0x08,
  0x42, 0x08, 0x42, 0x08, 0x42, 0x08, 0x42, 0x08, 0x42, 0x08, 0x42, 0x08, 0x42, 0x08, 0x42, 0x08, 0x42, 0x08, 0x42, 0x08, 0x42, 0x08, 0x42, 0x08, 0x42, 0x08, 0x42, 0x08, 0x42, 0x08, 0x42, 0x08,
  0x83, 0x10, 0x42, 0x08, 0x42, 0x08, 0x42, 0x08, 0x42, 0x08, 0x42, 0x08, 0x42, 0x08, 0x42, 0x08, 0x42, 0x08, 0x42, 0x08, 0x42, 0x08, 0x42, 0x08, 0x42, 0x08, 0x42, 0x08, 0x42, 0x08, 0x42, 0x08,
  0x42, 0x08, 0x42, 0x08, 0x42, 0x08, 0x42, 0x08, 0x42, 0x08, 0x42, 0x08, 0x42, 0x08, 0x42, 0x08, 0x42, 0x08, 0x42, 0x08, 0x42, 0x08, 0x42, 0x08, 0x42, 0x08, 0x42, 0x08, 0x42, 0x08, 0x42, 0x08,
  0x83, 0x10, 0x42, 0x08, 0x42, 0x08, 0x42, 0x08, 0x42, 0x08, 0x42, 0x08, 0x42, 0x08, 0x42, 0x08, 0x42, 0x08, 0x42, 0x08, 0x42, 0x08, 0x42, 0x08, 0x42, 0x08, 0x42, 0x08, 0x42, 0x08, 0x42, 0x08,
  0x42, 0x08, 0x42, 0x08, 0x42, 0x08, 0x42, 0x08, 0x42, 0x08, 0x42, 0x08, 0x42, 0x08, 0x42, 0x08, 0x42, 0x08, 0x42, 0x08, 0x42, 0x08, 0x42, 0x08, 0x42, 0x08, 0x42, 0x08, 0x42, 0x08, 0x42, 0x08,
  0x83, 0x10, 0x42, 0x08, 0x42, 0x08, 0x42, 0x08, 0x42, 0x08, 0x42, 0x08, 0x42, 0x08, 0x42, 0x08, 0x42, 0x08, 0x42, 0x08, 0x42, 0x08, 0x42, 0x08, 0x42, 0x08, 0x42, 0x08, 0x42, 0x08, 0x42, 0x08,
  0x42, 0x08, 0x42, 0x08, 0x42, 0x08, 0x42, 0x08, 0x42, 0x08, 0x42, 0x08, 0x42, 0x08, 0x42, 0x08, 0x42, 0x08, 0x42, 0x08, 0x42, 0x08, 0x42, 0x08, 0x42, 0x08, 0x42, 0x08, 0x42, 0x08, 0x42, 0x08,
  0x83, 0x10, 0x42, 0x08, 0x42, 0x08, 0x42, 0x08, 0x42, 0x08, 0x42, 0x08, 0x42, 0x08, 0x42, 0x08, 0x42, 0x08, 0x42, 0x08, 0x42, 0x08, 0x42, 0x08, 0x42, 0x08, 0x42, 0x08, 0x42, 0x08, 0x42, 0x08,
  0x42, 0x08, 0x42, 0x08, 0x42, 0x08, 0x42, 0x08, 0x42, 0x08, 0x42, 0x08, 0x42, 0x08, 0x42, 0x08, 0x42, 0x08, 0x42, 0x08, 0x42, 0x08, 0x42, 0x08, 0x42, 0x08, 0x42, 0x08, 0x42, 0x08, 0x42, 0x08,
  0x83, 0x10, 0x42, 0x08, 0x42, 0x08, 0x42, 0x08, 0x42, 0x08, 0x42, 0x08, 0x42, 0x08, 0x42, 0x08, 0x42, 0x08, 0x42, 0x08, 0x42, 0x08, 0x42, 0x08, 0x42, 0x08, 0x42, 0x08, 0x42, 0x08, 0x42, 0x08,
  0x42, 0x08, 0x42, 0x08, 0x42, 0x08, 0x42, 0x08, 0x42, 0x08, 0x42, 0x08, 0x42, 0x08, 0x42, 0x08, 0x42, 0x08, 0x42, 0x08, 0x42, 0x08, 0x42, 0x08, 0x42, 0x08, 0x42, 0x08, 0x42, 0x08, 0x42, 0x08,
  0x83, 0x10, 0x42, 0x08, 0x42, 0x08, 0x42, 0x08, 0x42, 0x08, 0x42, 0x08, 0x42, 0x08, 0x42, 0x08, 0x42, 0x08, 0x42, 0x08, 0x42, 0x08, 0x42, 0x08, 0x42, 0x08, 0x42, 0x08, 0x42, 0x08, 0x42, 0x08,
  0x42, 0x08, 0x42, 0x08, 0x42, 0x08, 0x42, 0x08, 0x42, 0x08, 0x42, 0x08, 0x42, 0x08, 0x42, 0x08, 0x42, 0x08, 0x42, 0x08, 0x42, 0x08, 0x42, 0x08, 0x42, 0x08, 0x42, 0x08, 0x42, 0x08, 0x42, 0x08,
  0x83, 0x10, 0x42, 0x08, 0x42, 0x08, 0x42, 0x08, 0x42, 0x08, 0x42, 0x08, 0x42, 0x08, 0x42, 0x08, 0x42, 0x08, 0x42, 0x08, 0x42, 0x08, 0x42, 0x08, 0x42, 0x08, 0x42, 0x08, 0x42, 0x08, 0x42, 0x08,
  0x42, 0x08, 0x42, 0x08, 0x42, 0x08, 0x42, 0x08, 0x42, 0x08, 0x42, 0x08, 0x42, 0x08, 0x42, 0x08, 0x42, 0x08, 0x42, 0x08, 0x42, 0x08, 0x42, 0x08, 0x42, 0x08, 0x42, 0x08, 0x42, 0x08, 0x42, 0x08,
  0x83, 0x10, 0x42, 0x08, 0x42, 0x08, 0x42, 0x08, 0x42, 0x08, 0x42, 0x08, 0x42, 0x08, 0x42, 0x08, 0x42, 0x08, 0x42, 0x08, 0x42, 0x08, 0x42, 0x08, 0x42, 0x08, 0x42, 0x08, 0x42, 0x08, 0x42, 0x08,
  0x42, 0x08, 0x42, 0x08, 0x42, 0x08, 0x42, 0x08, 0x42, 0x08, 0x42, 0x08, 0x42, 0x08, 0x42, 0x08, 0x42, 0x08, 0x42, 0x08, 0x42, 0x08, 0x42, 0x08, 0x42, 0x08, 0x42, 0x08, 0x42, 0x08, 0x42, 0x08,
  0x83, 0x10, 0x42, 0x08, 0x42, 0x08, 0x42, 0x08, 0x42, 0x08, 0x42, 0x08, 0x42, 0x08, 0x42, 0x08, 0x42, 0x08, 0x42, 0x08, 0x42, 0x08, 0x42, 0x08, 0x42, 0x08, 0x42, 0x08, 0x42, 0x08, 0x42, 0x08,
  0x42, 0x08, 0x42, 0x08, 0x42, 0x08, 0x42, 0x08, 0x42, 0x08, 0x42, 0x08, 0x42, 0x08, 0x42, 0x08, 0x42, 0x08, 0x42, 0x08, 0x42, 0x08, 0x42, 0x08, 0x42, 0x08, 0x42, 0x08, 0x42, 0x08, 0x42, 0x08,
  0x83, 0x10, 0x42, 0x08, 0x42, 0x08, 0x42, 0x08, 0x42, 0x08, 0x42, 0x08, 0x42, 0x08, 0x42, 0x08, 0x42, 0x08, 0x42, 0x08, 0x42, 0x08, 0x42, 0x08, 0x42, 0x08, 0x42, 0x08, 0x42, 0x08, 0x42, 0x08,
  0x42, 0x08, 0x42, 0x08, 0x42, 0x08, 0x42, 0x08, 0x42, 0x08, 0x42, 0x08, 0x42, 0x08, 0x42, 0x08, 0x42, 0x08, 0x42, 0x08, 0x42, 0x08, 0x42, 0x08, 0x42, 0x08, 0x42, 0x08, 0x42, 0x08, 0x42, 0x08,
  0x83, 0x10, 0x42, 0x08, 0x42, 0x08, 0x42, 0x08, 0x42, 0x08, 0x42, 0x08, 0x42, 0x08, 0x42, 0x08, 0x42, 0x08, 0x42, 0x08, 0x42, 0x08, 0x42, 0x08, 0x42, 0x08, 0x42, 0x08, 0x42, 0x08, 0x42, 0x08,
  0x42, 0x08, 0x42, 0x08, 0x42, 0x08, 0x42, 0x08, 0x42, 0x08, 0x42, 0x08, 0x42, 0x08, 0x42, 0x08, 0x42, 0x08, 0x42, 0x08, 0x42, 0x08, 0x42, 0x08, 0x42, 0x08, 0x42, 0x08, 0x42, 0x08, 0x42, 0x08,
  0x83, 0x10, 0x42, 0x08, 0x42, 0x08, 0x42, 0x08, 0x42, 0x08, 0x42, 0x08, 0x42, 0x08, 0x42, 0x08, 0x42, 0x08, 0x42, 0x08, 0x42, 0x08, 0x42, 0x08, 0x42, 0x08, 0x42, 0x08, 0x42, 0x08, 0x42, 0x08,
  0x42, 0x08, 0x42, 0x08, 0x42, 0x08, 0x42, 0x08, 0x42, 0x08, 0x42, 0x08, 0x42, 0x08, 0x42, 0x08, 0x42, 0x08, 0x42, 0x08, 0x42, 0x08, 0x42, 0x08, 0x42, 0x08, 0x42, 0x08, 0x42, 0x08, 0x42, 0x08,
  0x83, 0x10, 0x42, 0x08, 0x42, 0x08, 0x42, 0x08, 0x42, 0x08, 0x42, 0x08, 0x42, 0x08, 0x42, 0x08, 0x42, 0x08, 0x42, 0x08, 0x42, 0x08, 0x42, 0x08, 0x42, 0x08, 0x42, 0x08, 0x42, 0x08, 0x42, 0x08,
  0x42, 0x08, 0x42, 0x08, 0x42, 0x08, 0x42, 0x08, 0x42, 0x08, 0x42, 0x08, 0x42, 0x08, 0x42, 0x08, 0x42, 0x08, 0x42, 0x08, 0x42, 0x08, 0x42, 0x08, 0x42, 0x08, 0x42, 0x08, 0x42, 0x08, 0x42, 0x08,
  0x83, 0x10, 0x42, 0x08, 0x42, 0x08, 0x42, 0x08, 0x42, 0x08, 0x42, 0x08, 0x42, 0x08, 0x42, 0x08, 0x42, 0x08, 0x42, 0x08, 0x42, 0x08, 0x42, 0x08, 0x42, 0x08, 0x42, 0x08, 0x42, 0x08, 0x42, 0x08,
  0x42, 0x08, 0x42, 0x08, 0x42, 0x08, 0x42, 0x08, 0x42, 0x08, 0x42, 0x08, 0x42, 0x08, 0x42, 0x08, 0x42, 0x08, 0x42, 0x08, 0x42, 0x08, 0x42, 0x08, 0x42, 0x08, 0x42, 0x08, 0x42, 0x08, 0x42, 0x08,
  0x83, 0x10, 0x42, 0x08, 0x42, 0x08, 0x42, 0x08, 0x42, 0x08, 0x42, 0x08, 0x42, 0x08, 0x42, 0x08, 0x42, 0x08, 0x42, 0x08, 0x42, 0x08, 0x42, 0x08, 0x42, 0x08, 0x42, 0x08, 0x42, 0x08, 0x42, 0x08,
  0x42, 0x08, 0x42, 0x08, 0x42, 0x08, 0x42, 0x08, 0x42, 0x08, 0x42, 0x08, 0x42, 0x08, 0x42, 0x08, 0x42, 0x08, 0x42, 0x08, 0x42, 0x08, 0x42, 0x08, 0x42, 0x08, 0x42, 0x08, 0x42, 0x08, 0x42, 0x08,
  0x83, 0x10, 0x42, 0x08, 0x42, 0x08, 0x42, 0x08, 0x42, 0x08, 0x42, 0x08, 0x42, 0x08, 0x42, 0x08, 0x42, 0x08, 0x42, 0x08, 0x42, 0x08, 0x42, 0x08, 0x42, 0x08, 0x42, 0x08, 0x42, 0x08, 0x42, 0x08,
  0x42, 0x08, 0x42, 0x08, 0x42, 0x08, 0x42, 0x08, 0x42, 0x08, 0x42, 0x08, 0x42, 0x08, 0x42, 0x08, 0x42, 0x08, 0x42, 0x08, 0x42, 0x08, 0x42, 0x08, 0x42, 0x08, 0x42, 0x08, 0x42, 0x08, 0x42, 0x08,
  0x83, 0x10, 0x42, 0x08, 0x42, 0x08, 0x42, 0x08, 0x42, 0x08, 0x42, 0x08, 0x42, 0x08, 0x42, 0x08, 0x42, 0x08, 0x42, 0x08, 0x42, 0x08, 0x42, 0x08, 0x42, 0x08, 0x42, 0x08, 0x42, 0x08, 0x42, 0x08,
  0x42, 0x08, 0x42, 0x08, 0x42, 0x08, 0x42, 0x08, 0x42, 0x08, 0x42, 0x08, 0x42, 0x08, 0x42, 0x08, 0x42, 0x08, 0x42, 0x08, 0x42, 0x08, 0x42, 0x08, 0x42, 0x08, 0x42, 0x08, 0x42, 0x08, 0x42, 0x08,
  0x83, 0x10, 0x42, 0x08, 0x42, 0x08, 0x42, 0x08, 0x42, 0x08, 0x42, 0x08, 0x42, 0x08, 0x42, 0x08, 0x42, 0x08, 0x42, 0x08, 0x42, 0x08, 0x42, 0x08, 0x42, 0x08, 0x42, 0x08, 0x42, 0x08, 0x42, 0x08,
  0x42, 0x08, 0x42, 0x08, 0x42, 0x08, 0x42, 0x08, 0x42, 0x08, 0x42, 0x08, 0x42, 0x08, 0x42, 0x08, 0x42, 0x08, 0x42, 0x08, 0x42, 0x08, 0x42, 0x08, 0x42, 0x08, 0x42, 0x08, 0x42, 0x08, 0x42, 0x08,
  0x83, 0x10, 0x42, 0x08, 0x42, 0x08, 0x42, 0x08, 0x42, 0x08, 0x42, 0x08, 0x42, 0x08, 0x42, 0x08, 0x42, 0x08, 0x42, 0x08, 0x42, 0x08, 0x42, 0x08, 0x42, 0x08, 0x42, 0x08, 0x42, 0x08, 0x42, 0x08,
  0x42, 0x08, 0x42, 0x08, 0x42, 0x08, 0x42, 0x08, 0x42, 0x08, 0x42, 0x08, 0x42, 0x08, 0x42, 0x08, 0x42, 0x08, 0x42, 0x08, 0x42, 0x08, 0x42, 0x08, 0x42, 0x08, 0x42, 0x08, 0x42, 0x08, 0x42, 0x08,
  0x83, 0x10, 0x42, 0x08, 0x42, 0x08, 0x42, 0x08, 0x42, 0x08, 0x42, 0x08, 0x42, 0x08, 0x42, 0x08, 0x42, 0x08, 0x42, 0x08, 0x42, 0x08, 0x42, 0x08, 0x42, 0x08, 0x42, 0x08, 0x42, 0x08, 0x42, 0x08,
  0x42, 0x08, 0x42, 0x08, 0x42, 0x08, 0x42, 0x08, 0x42, 0x08, 0x42, 0x08, 0x42, 0x08, 0x42, 0x08, 0x42, 0x08, 0x42, 0x08, 0x42, 0x08, 0x42, 0x08, 0x42, 0x08, 0x42, 0x08, 0x42, 0x08, 0x42, 0x08,
  0x83, 0x10, 0x42, 0x08, 0x42, 0x08, 0x42, 0x08, 0x42, 0x08, 0x42, 0x08, 0x42, 0x08, 0x42, 0x08, 0x42, 0x08, 0x42, 0x08, 0x42, 0x08, 0x42, 0x08, 0x42, 0x08, 0x42, 0x08, 0x42, 0x08, 0x42, 0x08,
  0x42, 0x08, 0x42, 0x08, 0x42, 0x08, 0x42, 0x08, 0x42, 0x08, 0x42, 0x08, 0x42, 0x08, 0x42, 0x08, 0x42, 0x08, 0x42, 0x08, 0x42, 0x08, 0x42, 0x08, 0x42, 0x08, 0x42, 0x08, 0x42, 0x08, 0x42, 0x08,
  0x83, 0x10, 0x42, 0x08, 0x42, 0x08, 0x42, 0x08, 0x42, 0x08, 0x42, 0x08, 0x42, 0x08, 0x42, 0x08, 0x42, 0x08, 0x42, 0x08, 0x42, 0x08, 0x42, 0x08, 0x42, 0x08, 0x42, 0x08, 0x42, 0x08, 0x42, 0x08,
  0x42, 0x08, 0x42, 0x08, 0x42, 0x08, 0x42, 0x08, 0x42, 0x08, 0x42, 0x08, 0x42, 0x08, 0x42, 0x08, 0x42, 0x08, 0x42, 0x08, 0x42, 0x08, 0x42, 0x08, 0x42, 0x08, 0x42, 0x08, 0x42, 0x08, 0x42, 0x08,
  0x83, 0x10, 0x42, 0x08, 0x42, 0x08, 0x42, 0x08, 0x42, 0x08, 0x42, 0x08, 0x42, 0x08, 0x42, 0x08, 0x42, 0x08, 0x42, 0x08, 0x42, 0x08, 0x42, 0x08, 0x42, 0x08, 0x42, 0x08, 0x42, 0x08, 0x42, 0x08,
  0x42, 0x08, 0x42, 0x08, 0x42, 0x08, 0x42, 0x08, 0x42, 0x08, 0x42, 0x08, 0x42, 0x08, 0x42, 0x08, 0x42, 0x08, 0x42, 0x08, 0x42, 0x08, 0x42, 0x08, 0x42, 0x08, 0x42, 0x08, 0x42, 0x08, 0x42, 0x08,
  0x83, 0x10, 0x42, 0x08, 0x42, 0x08, 0x42, 0x08, 0x42, 0x08, 0x42, 0x08, 0x42, 0x08, 0x42, 0x08, 0x42, 0x08, 0x42, 0x08, 0x42, 0x08, 0x42, 0x08, 0x42, 0x08, 0x42, 0x08, 0x42, 0x08, 0x42, 0x08,
  0x42, 0x08, 0x42, 0x08, 0x42, 0x08, 0x42, 0x08, 0x42, 0x08, 0x42, 0x08, 0x42, 0x08, 0x42, 0x08, 0x42, 0x08, 0x42, 0x08, 0x42, 0x08, 0x42, 0x08, 0x42, 0x08, 0x42, 0x08, 0x42, 0x08, 0x42, 0x08,
  0x83, 0x10, 0x42, 0x08, 0x42, 0x08, 0x42, 0x08, 0x42, 0x08, 0x42, 0x08, 0x42, 0x08, 0x42, 0x08, 0x42, 0x08, 0x42, 0x08, 0x42, 0x08, 0x42, 0x08, 0x42, 0x08, 0x42, 0x08, 0x42, 0x08, 0x42, 0x08,
  0x42, 0x08, 0x42, 0x08, 0x42, 0x08, 0x42, 0x08, 0x42, 0x08, 0x42, 0x08, 0x42, 0x08, 0x42, 0x08, 0x42, 0x08, 0x42, 0x08, 0x42, 0x08, 0x42, 0x08, 0x42, 0x08, 0x42, 0x08, 0x42, 0x08, 0x42, 0x08,
  0x83, 0x10, 0x42, 0x08, 0x42, 0x08, 0x42, 0x08, 0x42, 0x08, 0x42, 0x08, 0x42, 0x08, 0x42, 0x08, 0x42, 0x08, 0x42, 0x08, 0x42, 0x08, 0x42, 0x08, 0x42, 0x08, 0x42, 0x08, 0x42, 0x08, 0x42, 0x08,
  0x42, 0x08, 0x42, 0x08, 0x42, 0x08, 0x42, 0x08, 0x42, 0x08, 0x42, 0x08, 0x42, 0x08, 0x42, 0x08, 0x42, 0x08, 0x42, 0x08, 0x42, 0x08, 0x42, 0x08, 0x42, 0x08, 0x42, 0x08, 0x42, 0x08, 0x42, 0x08,
  0x83, 0x10, 0x42, 0x08, 0x42, 0x08, 0x42, 0x08, 0x42, 0x08, 0x42, 0x08, 0x42, 0x08, 0x42, 0x08, 0x42, 0x08, 0x42, 0x08, 0x42, 0x08, 0x42, 0x08, 0x42, 0x08, 0x42, 0x08, 0x42, 0x08, 0x42, 0x08,
  0x42, 0x08, 0x42, 0x08, 0x42, 0x08, 0x42, 0x08, 0x42, 0x08, 0x42, 0x08, 0x42, 0x08, 0x42, 0x08, 0x42, 0x08, 0x42, 0x08, 0x42, 0x08, 0x42, 0x08, 0x42, 0x08, 0x42, 0x08, 0x42, 0x08, 0x42, 0x08,
  0x83, 0x10, 0x42, 0x08, 0x42, 0x08, 0x42, 0x08, 0x42, 0x08, 0x42, 0x08, 0x42, 0x08, 0x42, 0x08, 0x42, 0x08, 0x42, 0x08, 0x42, 0x08, 0x42, 0x08, 0x42, 0x08, 0x42, 0x08, 0x42, 0x08, 0x42, 0x08,
  0x42, 0x08, 0x42, 0x08, 0x42, 0x08, 0x42, 0x08, 0x42, 0x08, 0x42, 0x08, 0x42, 0x08, 0x42, 0x08, 0x42, 0x08, 0x42, 0x08, 0x42, 0x08, 0x42, 0x08, 0x42, 0x08, 0x42, 0x08, 0x42, 0x08, 0x42, 0x08,
  0x83, 0x10, 0x42, 0x08, 0x42, 0x08, 0x42, 0x08, 0x42, 0x08, 0x42, 0x08, 0x42, 0x08, 0x42, 0x08, 0x42, 0x08, 0x42, 0x08, 0x42, 0x08, 0x42, 0x08, 0x42, 0x08, 0x42, 0x08, 0x42, 0x08, 0x42, 0x08,
  0x42, 0x08, 0x42, 0x08, 0x42, 0x08, 0x42, 0x08, 0x42, 0x08, 0x42, 0x08, 0x42, 0x08, 0x42, 0x08, 0x42, 0x08, 0x42, 0x08, 0x42, 0x08, 0x42, 0x08, 0x42, 0x08, 0x42, 0x08, 0x42, 0x08, 0x42, 0x08,
  0x83, 0x10, 0x42, 0x08, 0x42, 0x08, 0x42, 0x08, 0x42, 0x08, 0x42, 0x08, 0x42, 0x08, 0x42, 0x08, 0x42, 0x08, 0x42, 0x08, 0x42, 0x08, 0x42, 0x08, 0x42, 0x08, 0x42, 0x08, 0x42, 0x08, 0x42, 0x08,
  0x42, 0x08, 0x42, 0x08, 0x42, 0x08, 0x42, 0x08, 0x42, 0x08, 0x42, 0x08, 0x42, 0x08, 0x42, 0x08, 0x42, 0x08, 0x42, 0x08, 0x42, 0x08, 0x42, 0x08, 0x42, 0x08, 0x42, 0x08, 0x42, 0x08, 0x42, 0x08,
  0x83, 0x10, 0x42, 0x08, 0x42, 0x08, 0x42, 0x08, 0x42, 0x08, 0x42, 0x08, 0x42, 0x08, 0x42, 0x08, 0x42, 0x08, 0x42, 0x08, 0x42, 0x08, 0x42, 0x08, 0x42, 0x08, 0x42, 0x08, 0x42, 0x08, 0x42, 0x08,
  0x42, 0x08, 0x42, 0x08, 0x42, 0x08, 0x42, 0x08, 0x42, 0x08, 0x42, 0x08, 0x42, 0x08, 0x42, 0x08, 0x42, 0x08, 0x42, 0x08, 0x42, 0x08, 0x42, 0x08, 0x42, 0x08, 0x42, 0x08, 0x42, 0x08, 0x42, 0x08,
  0xc4, 0x18, 0x83, 0x10, 0x83, 0x10, 0x83, 0x10, 0x83, 0x10, 0x83, 0x10, 0x83, 0x10, 0x83, 0x10, 0x83, 0x10, 0x83, 0x10, 0x83, 0x10, 0x83, 0x10, 0x83, 0x10, 0x83, 0x10, 0x83, 0x10, 0x83, 0x10,
  0x83, 0x10, 0x83, 0x10, 0x83, 0x10, 0x83, 0x10, 0x83, 0x10, 0x83, 0x10, 0x83, 0x10, 0x83, 0x10, 0x83, 0x10, 0x83, 0x10, 0x83, 0x10, 0x83, 0x10, 0x83, 0x10, 0x83, 0x10, 0x83, 0x10, 0x83, 0x10,
  0xc4, 0x18, 0x83, 0x10, 0x83, 0x10, 0x83, 0x10, 0x83, 0x10, 0x83, 0x10, 0x83, 0x10, 0x83, 0x10, 0x83, 0x10, 0x83, 0x10, 0x83, 0x10, 0x83, 0x10, 0x83, 0x10, 0x83, 0x10, 0x83, 0x10, 0x83, 0x10,
  0x83, 0x10, 0x83, 0x10, 0x83, 0x10, 0x83, 0x10, 0x83, 0x10, 0x83, 0x10, 0x83, 0x10, 0x83, 0x10, 0x83, 0x10, 0x83, 0x10, 0x83, 0x10, 0x83, 0x10, 0x83, 0x10, 0x83, 0x10, 0x83, 0x10, 0x83, 0x10,
  0xc4, 0x18, 0x83, 0x10, 0x83, 0x10, 0x83, 0x10, 0x83, 0x10, 0x83, 0x10, 0x83, 0x10, 0x83, 0x10, 0x83, 0x10, 0x83, 0x10, 0x83, 0x10, 0x83, 0x10, 0x83, 0x10, 0x83, 0x10, 0x83, 0x10, 0x83, 0x10,
  0x83, 0x10, 0x83, 0x10, 0x83, 0x10, 0x83, 0x10, 0x83, 0x10, 0x83, 0x10, 0x83, 0x10, 0x83, 0x10, 0x83, 0x10, 0x83, 0x10, 0x83, 0x10, 0x83, 0x10, 0x83, 0x10, 0x83, 0x10, 0x83, 0x10, 0x83, 0x10,
  0xc4, 0x18, 0x83, 0x10, 0x83, 0x10, 0x83, 0x10, 0x83, 0x10, 0x83, 0x10, 0x83, 0x10, 0x83, 0x10, 0x83, 0x10, 0x83, 0x10, 0x83, 0x10, 0x83, 0x10, 0x83, 0x10, 0x83, 0x10, 0x83, 0x10, 0x83, 0x10,
  0x83, 0x10, 0x83, 0x10, 0x83, 0x10, 0x83, 0x10, 0x83, 0x10, 0x83, 0x10, 0x83, 0x10, 0x83, 0x10, 0x83, 0x10, 0x83, 0x10, 0x83, 0x10, 0x83, 0x10, 0x83, 0x10, 0x83, 0x10, 0x83, 0x10, 0x83, 0x10,
  0xc4, 0x18, 0x83, 0x10, 0x83, 0x10, 0x83, 0x10, 0x83, 0x10, 0x83, 0x10, 0x83, 0x10, 0x83, 0x10, 0x83, 0x10, 0x83, 0x10, 0x83, 0x10, 0x83, 0x10, 0x83, 0x10, 0x83, 0x10, 0x83, 0x10, 0x83, 0x10,
  0x83, 0x10, 0x83, 0x10, 0x83, 0x10, 0x83, 0x10, 0x83, 0x10, 0x83, 0x10, 0x83, 0x10, 0x83, 0x10, 0x83, 0x10, 0x83, 0x10, 0x83, 0x10, 0x83, 0x10, 0x83, 0x10, 0x83, 0x10, 0x83, 0x10, 0x83, 0x10,
  0xc4, 0x18, 0x83, 0x10, 0x83, 0x10, 0x83, 0x10, 0x83, 0x10, 0x83, 0x10, 0x83, 0x10, 0x83, 0x10, 0x83, 0x10, 0x83, 0x10, 0x83, 0x10, 0x83, 0x10, 0x83, 0x10, 0x83, 0x10, 0x83, 0x10, 0x83, 0x10,
  0x83, 0x10, 0x83, 0x10, 0x83, 0x10, 0x83, 0x10, 0x83, 0x10, 0x83, 0x10, 0x83, 0x10, 0x83, 0x10, 0x83, 0x10, 0x83, 0x10, 0x83, 0x10, 0x83, 0x10, 0x83, 0x10, 0x83, 0x10, 0x83, 0x10, 0x83, 0x10,
  0xc4, 0x18, 0x83, 0x10, 0x83, 0x10, 0x83, 0x10, 0x83, 0x10, 0x83, 0x10, 0x83, 0x10, 0x83, 0x10, 0x83, 0x10, 0x83, 0x10, 0x83, 0x10, 0x83, 0x10, 0x83, 0x10, 0x83, 0x10, 0x83, 0x10, 0x83, 0x10,
  0x83, 0x10, 0x83, 0x10, 0x83, 0x10, 0x83, 0x10, 0x83, 0x10, 0x83, 0x10, 0x83, 0x10, 0x83, 0x10, 0x83, 0x10, 0x83, 0x10, 0x83, 0x10, 0x83, 0x10, 0x83, 0x10, 0x83, 0x10, 0x83, 0x10, 0x83, 0x10,
  0xc4, 0x18, 0x83, 0x10, 0x83, 0x10, 0x83, 0x10, 0x83, 0x10, 0x83, 0x10, 0x83, 0x10, 0x83, 0x10, 0x83, 0x10, 0x83, 0x10, 0x83, 0x10, 0x83, 0x10, 0x83, 0x10, 0x83, 0x10, 0x83, 0x10, 0x83, 0x10,
  0x83, 0x10, 0x83, 0x10, 0x83, 0x10, 0x83, 0x10, 0x83, 0x10, 0x83, 0x10, 0x83, 0x10, 0x83, 0x10, 0x83, 0x10, 0x83, 0x10, 0x83, 0x10, 0x83, 0x10, 0x83, 0x10, 0x83, 0x10, 0x83, 0x10, 0x83, 0x10,
  0xc4, 0x18, 0x83, 0x10, 0x83, 0x10, 0x83, 0x10, 0x83, 0x10, 0x83, 0x10, 0x83, 0x10, 0x83, 0x10, 0x83, 0x10, 0x83, 0x10, 0x83, 0x10, 0x83, 0x10, 0x83, 0x10, 0x83, 0x10, 0x83, 0x10, 0x83, 0x10,
  0x83, 0x10, 0x83, 0x10, 0x83, 0x10, 0x83, 0x10, 0x83, 0x10, 0x83, 0x10, 0x83, 0x10, 0x83, 0x10, 0x83, 0x10, 0x83, 0x10, 0x83, 0x10, 0x83, 0x10, 0x83, 0x10, 0x83, 0x10, 0x83, 0x10, 0x83, 0x10,
  0xc4, 0x18, 0x83, 0x10, 0x83, 0x10, 0x83, 0x10, 0x83, 0x10, 0x83, 0x10, 0x83, 0x10, 0x83, 0x10, 0x83, 0x10, 0x83, 0x10, 0x83, 0x10, 0x83, 0x10, 0x83, 0x10, 0x83, 0x10, 0x83, 0x10, 0x83, 0x10,
  0x83, 0x10, 0x83, 0x10, 0x83, 0x10, 0x83, 0x10, 0x83, 0x10, 0x83, 0x10, 0x83, 0x10, 0x83, 0x10, 0x83, 0x10, 0x83, 0x10, 0x83, 0x10, 0x83, 0x10, 0x83, 0x10, 0x83, 0x10, 0x83, 0x10, 0x83, 0x10,
  0x83, 0x10, 0x42, 0x08, 0x42, 0x08, 0x42, 0x08, 0x42, 0x08, 0x42, 0x08, 0x42, 0x08, 0x42, 0x08, 0x42, 0x08, 0x42, 0x08, 0x42, 0x08, 0x42, 0x08, 0x42, 0x08, 0x42, 0x08, 0x42, 0x08, 0x42, 0x08,
  0x42, 0x08, 0x42, 0x08, 0x42, 0x08, 0x42, 0x08, 0x42, 0x08, 0x42, 0x08, 0x42, 0x08, 0x42, 0x08, 0x42, 0x08, 0x42, 0x08, 0x42, 0x08, 0x42, 0x08, 0x42, 0x08, 0x42, 0x08, 0x42, 0x08, 0x42, 0x08,
  0x83, 0x10, 0x42, 0x08, 0x42, 0x08, 0x42, 0x08, 0x42, 0x08, 0x42, 0x08, 0x42, 0x08, 0x42, 0x08, 0x42, 0x08, 0x42, 0x08, 0x42, 0x08, 0x42, 0x08, 0x42, 0x08, 0x42, 0x08, 0x42, 0x08, 0x42, 0x08,
  0x42, 0x08, 0x42, 0x08, 0x42, 0x08, 0x42, 0x08, 0x42, 0x08, 0x42, 0x08, 0x42, 0x08, 0x42, 0x08, 0x42, 0x08, 0x42, 0x08, 0x42, 0x08, 0x42, 0x08, 0x42, 0x08, 0x42, 0x08, 0x42, 0x08, 0x42, 0x08,
  0x83, 0x10, 0x42, 0x08, 0x42, 0x08, 0x42, 0x08, 0x42, 0x08, 0x42, 0x08, 0x42, 0x08, 0x42, 0x08, 0x42, 0x08, 0x42, 0x08, 0x42, 0x08, 0x42, 0x08, 0x42, 0x08, 0x42, 0x08, 0x42, 0x08, 0x42, 0x08,
  0x42, 0x08, 0x42, 0x08, 0x42, 0x08, 0x42, 0x08, 0x42, 0x08, 0x42, 0x08, 0x42, 0x08, 0x42, 0x08, 0x42, 0x08, 0x42, 0x08, 0x42, 0x08, 0x42, 0x08, 0x42, 0x08, 0x42, 0x08, 0x42, 0x08, 0x42, 0x08,
  0x83, 0x10, 0x42, 0x08, 0x42, 0x08, 0x42, 0x08, 0x42, 0x08, 0x42, 0x08, 0x42, 0x08, 0x42, 0x08, 0x42, 0x08, 0x42, 0x08, 0x42, 0x08, 0x42, 0x08, 0x42, 0x08, 0x42, 0x08, 0x42, 0x08, 0x42, 0x08,
  0x42, 0x08, 0x42, 0x08, 0x42, 0x08, 0x42, 0x08, 0x42, 0x08, 0x42, 0x08, 0x42, 0x08, 0x42, 0x08, 0x42, 0x08, 0x42, 0x08, 0x42, 0x08, 0x42, 0x08, 0x42, 0x08, 0x42, 0x08, 0x42, 0x08, 0x42, 0x08,
  0x83, 0x10, 0x42, 0x08, 0x42, 0x08, 0x42, 0x08, 0x42, 0x08, 0x42, 0x08, 0x42, 0x08, 0x42, 0x08, 0x42, 0x08, 0x42, 0x08, 0x42, 0x08, 0x42, 0x08, 0x42, 0x08, 0x42, 0x08, 0x42, 0x08, 0x42, 0x08,
  0x42, 0x08, 0x42, 0x08, 0x42, 0x08, 0x42, 0x08, 0x42, 0x08, 0x42, 0x08, 0x42, 0x08, 0x42, 0x08, 0x42, 0x08, 0x42, 0x08, 0x42, 0x08, 0x42, 0x08, 0x42, 0x08, 0x42, 0x08, 0x42, 0x08, 0x42, 0x08,
  0x83, 0x10, 0x42, 0x08, 0x42, 0x08, 0x42, 0x08, 0x42, 0x08, 0x42, 0x08, 0x42, 0x08, 0x42, 0x08, 0x42, 0x08, 0x42, 0x08, 0x42, 0x08, 0x42, 0x08, 0x42, 0x08, 0x42, 0x08, 0x42, 0x08, 0x42, 0x08,
  0x42, 0x08, 0x42, 0x08, 0x42, 0x08, 0x42, 0x08, 0x42, 0x08, 0x42, 0x08, 0x42, 0x08, 0x42, 0x08, 0x42, 0x08, 0x42, 0x08, 0x42, 0x08, 0x42, 0x08, 0x42, 0x08, 0x42, 0x08, 0x42, 0x08, 0x42, 0x08,
  0x83, 0x10, 0x42, 0x08, 0x42, 0x08, 0x42, 0x08, 0x42, 0x08, 0x42, 0x08, 0x42, 0x08, 0x42, 0x08, 0x42, 0x08, 0x42, 0x08, 0x42, 0x08, 0x42, 0x08, 0x42, 0x08, 0x42, 0x08, 0x42, 0x08, 0x42, 0x08,
  0x42, 0x08, 0x42, 0x08, 0x42, 0x08, 0x42, 0x08, 0x42, 0x08, 0x42, 0x08, 0x42, 0x08, 0x42, 0x08, 0x42, 0x08, 0x42, 0x08, 0x42, 0x08, 0x42, 0x08, 0x42, 0x08, 0x42, 0x08, 0x42, 0x08, 0x42, 0x08,
  0x83, 0x10, 0x42, 0x08, 0x42, 0x08, 0x42, 0x08, 0x42, 0x08, 0x42, 0x08, 0x42, 0x08, 0x42, 0x08, 0x42, 0x08, 0x42, 0x08, 0x42, 0x08, 0x42, 0x08, 0x42, 0x08, 0x42, 0x08, 0x42, 0x08, 0x42, 0x08,
  0x42, 0x08, 0x42, 0x08, 0x42, 0x08, 0x42, 0x08, 0x42, 0x08, 0x42, 0x08, 0x42, 0x08, 0x42, 0x08, 0x42, 0x08, 0x42, 0x08, 0x42, 0x08, 0x42, 0x08, 0x42, 0x08, 0x42, 0x08, 0x42, 0x08, 0x42, 0x08,
  0x83, 0x10, 0x42, 0x08, 0x42, 0x08, 0x42, 0x08, 0x42, 0x08, 0x42, 0x08, 0x42, 0x08, 0x42, 0x08, 0x42, 0x08, 0x42, 0x08, 0x42, 0x08, 0x42, 0x08, 0x42, 0x08, 0x42, 0x08, 0x42, 0x08, 0x42, 0x08,
  0x42, 0x08, 0x42, 0x08, 0x42, 0x08, 0x42, 0x08, 0x42, 0x08, 0x42, 0x08, 0x42, 0x08, 0x42, 0x08, 0x42, 0x08, 0x42, 0x08, 0x42, 0x08, 0x42, 0x08, 0x42, 0x08, 0x42, 0x08, 0x42, 0x08, 0x42, 0x08,
  0x83, 0x10, 0x42, 0x08, 0x42, 0x08, 0x42, 0x08, 0x42, 0x08, 0x42, 0x08, 0x42, 0x08, 0x42, 0x08, 0x42, 0x08, 0x42, 0x08, 0x42, 0x08, 0x42, 0x08, 0x42, 0x08, 0x42, 0x08, 0x42, 0x08, 0x42, 0x08,
  0x42, 0x08, 0x42, 0x08, 0x42, 0x08, 0x42, 0x08, 0x42, 0x08, 0x42, 0x08, 0x42, 0x08, 0x42, 0x08, 0x42, 0x08, 0x42, 0x08, 0x42, 0x08, 0x42, 0x08, 0x42, 0x08, 0x42, 0x08, 0x42, 0x08, 0x42, 0x08,
  0x83, 0x10, 0x42, 0x08, 0x42, 0x08, 0x42, 0x08, 0x42, 0x08, 0x42, 0x08, 0x42, 0x08, 0x42, 0x08, 0x42, 0x08, 0x42, 0x08, 0x42, 0x08, 0x42, 0x08, 0x42, 0x08, 0x42, 0x08, 0x42, 0x08, 0x42, 0x08,
  0x42, 0x08, 0x42, 0x08, 0x42, 0x08, 0x42, 0x08, 0x42, 0x08, 0x42, 0x08, 0x42, 0x08, 0x42, 0x08, 0x42, 0x08, 0x42, 0x08, 0x42, 0x08, 0x42, 0x08, 0x42, 0x08, 0x42, 0x08, 0x42, 0x08, 0x42, 0x08,
  0x83, 0x10, 0x42, 0x08, 0x42, 0x08, 0x42, 0x08, 0x42, 0x08, 0x42, 0x08, 0x42, 0x08, 0x42, 0x08, 0x42, 0x08, 0x42, 0x08, 0x42, 0x08, 0x42, 0x08, 0x42, 0x08, 0x42, 0x08, 0x42, 0x08, 0x42, 0x08,
  0x42, 0x08, 0x42, 0x08, 0x42, 0x08, 0x42, 0x08, 0x42, 0x08, 0x42, 0x08, 0x42, 0x08, 0x42, 0x08, 0x42, 0x08, 0x42, 0x08, 0x42, 0x08, 0x42, 0x08, 0x42, 0x08, 0x42, 0x08, 0x42, 0x08, 0x42, 0x08,
  0x83, 0x10, 0x42, 0x08, 0x42, 0x08, 0x42, 0x08, 0x42, 0x08, 0x42, 0x08, 0x42, 0x08, 0x42, 0x08, 0x42, 0x08, 0x42, 0x08, 0x42, 0x08, 0x42, 0x08, 0x42, 0x08, 0x42, 0x08, 0x42, 0x08, 0x42, 0x08,
  0x42, 0x08, 0x42, 0x08, 0x42, 0x08, 0x42, 0x08, 0x42, 0x08, 0x42, 0x08, 0x42, 0x08, 0x42, 0x08, 0x42, 0x08, 0x42, 0x08, 0x42, 0x08, 0x42, 0x08, 0x42, 0x08, 0x42, 0x08, 0x42, 0x08, 0x42, 0x08,
  0x83, 0x10, 0x42, 0x08, 0x42, 0x08, 0x42, 0x08, 0x42, 0x08, 0x42, 0x08, 0x42, 0x08, 0x42, 0x08, 0x42, 0x08, 0x42, 0x08, 0x42, 0x08, 0x42, 0x08, 0x42, 0x08, 0x42, 0x08, 0x42, 0x08, 0x42, 0x08,
  0x42, 0x08, 0x42, 0x08, 0x42, 0x08, 0x42, 0x08, 0x42, 0x08, 0x42, 0x08, 0x42, 0x08, 0x42, 0x08, 0x42, 0x08, 0x42, 0x08, 0x42, 0x08, 0x42, 0x08, 0x42, 0x08, 0x42, 0x08, 0x42, 0x08, 0x42, 0x08,
  0x83, 0x10, 0x42, 0x08, 0x42, 0x08, 0x42, 0x08, 0x42, 0x08, 0x42, 0x08, 0x42, 0x08, 0x42, 0x08, 0x42, 0x08, 0x42, 0x08, 0x42, 0x08, 0x42, 0x08, 0x42, 0x08, 0x42, 0x08, 0x42, 0x08, 0x42, 0x08,
  0x42, 0x08, 0x42, 0x08, 0x42, 0x08, 0x42, 0x08, 0x42, 0x08, 0x42, 0x08, 0x42, 0x08, 0x42, 0x08, 0x42, 0x08, 0x42, 0x08, 0x42, 0x08, 0x42, 0x08, 0x42, 0x08, 0x42, 0x08, 0x42, 0x08, 0x42, 0x08,
  0x83, 0x10, 0x42, 0x08, 0x42, 0x08, 0x42, 0x08, 0x42, 0x08, 0x42, 0x08, 0x42, 0x08, 0x42, 0x08, 0x42, 0x08, 0x42, 0x08, 0x42, 0x08, 0x42, 0x08, 0x42, 0x08, 0x42, 0x08, 0x42, 0x08, 0x42, 0x08,
  0x42, 0x08, 0x42, 0x08, 0x42, 0x08, 0x42, 0x08, 0x42, 0x08, 0x42, 0x08, 0x42, 0x08, 0x42, 0x08, 0x42, 0x08, 0x42, 0x08, 0x42, 0x08, 0x42, 0x08, 0x42, 0x08, 0x42, 0x08, 0x42, 0x08, 0x42, 0x08,
  0x83, 0x10, 0x42, 0x08, 0x42, 0x08, 0x42, 0x08, 0x42, 0x08, 0x42, 0x08, 0x42, 0x08, 0x42, 0x08, 0x42, 0x08, 0x42, 0x08, 0x42, 0x08, 0x42, 0x08, 0x42, 0x08, 0x42, 0x08, 0x42, 0x08, 0x42, 0x08,
  0x42, 0x08, 0x42, 0x08, 0x42, 0x08, 0x42, 0x08, 0x42, 0x08, 0x42, 0x08, 0x42, 0x08, 0x42, 0x08, 0x42, 0x08, 0x42, 0x08, 0x42, 0x08, 0x42, 0x08, 0x42, 0x08, 0x42, 0x08, 0x42, 0x08, 0x42, 0x08,
  0x83, 0x10, 0x42, 0x08, 0x42, 0x08, 0x42, 0x08, 0x42, 0x08, 0x42, 0x08, 0x42, 0x08, 0x42, 0x08, 0x42, 0x08, 0x42, 0x08, 0x42, 0x08, 0x42, 0x08, 0x42, 0x08, 0x42, 0x08, 0x42, 0x08, 0x42, 0x08,
  0x42, 0x08, 0x42, 0x08, 0x42, 0x08, 0x42, 0x08, 0x42, 0x08, 0x42, 0x08, 0x42, 0x08, 0x42, 0x08, 0x42, 0x08, 0x42, 0x08, 0x42, 0x08, 0x42, 0x08, 0x42, 0x08, 0x42, 0x08, 0x42, 0x08, 0x42, 0x08,
  0x83, 0x10, 0x42, 0x08, 0x42, 0x08, 0x42, 0x08, 0x42, 0x08, 0x42, 0x08, 0x42, 0x08, 0x42, 0x08, 0x42, 0x08, 0x42, 0x08, 0x42, 0x08, 0x42, 0x08, 0x42, 0x08, 0x42, 0x08, 0x42, 0x08, 0x42, 0x08,
  0x42, 0x08, 0x42, 0x08, 0x42, 0x08, 0x42, 0x08, 0x42, 0x08, 0x42, 0x08, 0x42, 0x08, 0x42, 0x08, 0x42, 0x08, 0x42, 0x08, 0x42, 0x08, 0x42, 0x08, 0x42, 0x08, 0x42, 0x08, 0x42, 0x08, 0x42, 0x08,
  0x83, 0x10, 0x42, 0x08, 0x42, 0x08, 0x42, 0x08, 0x42, 0x08, 0x42, 0x08, 0x42, 0x08, 0x42, 0x08, 0x42, 0x08, 0x42, 0x08, 0x42, 0x08, 0x42, 0x08, 0x42, 0x08, 0x42, 0x08, 0x42, 0x08, 0x42, 0x08,
  0x42, 0x08, 0x42, 0x08, 0x42, 0x08, 0x42, 0x08, 0x42, 0x08, 0x42, 0x08, 0x42, 0x08, 0x42, 0x08, 0x42, 0x08, 0x42, 0x08, 0x42, 0x08, 0x42, 0x08, 0x42, 0x08, 0x42, 0x08, 0x42, 0x08, 0x42, 0x08,
  0x83, 0x10, 0x42, 0x08, 0x42, 0x08, 0x42, 0x08, 0x42, 0x08, 0x42, 0x08, 0x42, 0x08, 0x42, 0x08, 0x42, 0x08, 0x42, 0x08, 0x42, 0x08, 0x42, 0x08, 0x42, 0x08, 0x42, 0x08, 0x42, 0x08, 0x42, 0x08,
  0x42, 0x08, 0x42, 0x08, 0x42, 0x08, 0x42, 0x08, 0x42, 0x08, 0x42, 0x08, 0x42, 0x08, 0x42, 0x08, 0x42, 0x08, 0x42, 0x08, 0x42, 0x08, 0x42, 0x08, 0x42, 0x08, 0x42, 0x08, 0x42, 0x08, 0x42, 0x08,
  0x83, 0x10, 0x42, 0x08, 0x42, 0x08, 0x42, 0x08, 0x42, 0x08, 0x42, 0x08, 0x42, 0x08, 0x42, 0x08, 0x42, 0x08, 0x42, 0x08, 0x42, 0x08, 0x42, 0x08, 0x42, 0x08, 0x42, 0x08, 0x42, 0x08, 0x42, 0x08,
  0x42, 0x08, 0x42, 0x08, 0x42, 0x08, 0x42, 0x08, 0x42, 0x08, 0x42, 0x08, 0x42, 0x08, 0x42, 0x08, 0x42, 0x08, 0x42, 0x08, 0x42, 0x08, 0x42, 0x08, 0x42, 0x08, 0x42, 0x08, 0x42, 0x08, 0x42, 0x08,
  0x83, 0x10, 0x42, 0x08, 0x42, 0x08, 0x42, 0x08, 0x42, 0x08, 0x42, 0x08, 0x42, 0x08, 0x42, 0x08, 0x42, 0x08, 0x42, 0x08, 0x42, 0x08, 0x42, 0x08, 0x42, 0x08, 0x42, 0x08, 0x42, 0x08, 0x42, 0x08,
  0x42, 0x08, 0x42, 0x08, 0x42, 0x08, 0x42, 0x08, 0x42, 0x08, 0x42, 0x08, 0x42, 0x08, 0x42, 0x08, 0x42, 0x08, 0x42, 0x08, 0x42, 0x08, 0x42, 0x08, 0x42, 0x08, 0x42, 0x08, 0x42, 0x08, 0x42, 0x08,
  0x83, 0x10, 0x42, 0x08, 0x42, 0x08, 0x42, 0x08, 0x42, 0x08, 0x42, 0x08, 0x42, 0x08, 0x42, 0x08, 0x42, 0x08, 0x42, 0x08, 0x42, 0x08, 0x42, 0x08, 0x42, 0x08, 0x42, 0x08, 0x42, 0x08, 0x42, 0x08,
  0x42, 0x08, 0x42, 0x08, 0x42, 0x08, 0x42, 0x08, 0x42, 0x08, 0x42, 0x08, 0x42, 0x08, 0x42, 0x08, 0x42, 0x08, 0x42, 0x08, 0x42, 0x08, 0x42, 0x08, 0x42, 0x08, 0x42, 0x08, 0x42, 0x08, 0x42, 0x08,
  0x83, 0x10, 0x42, 0x08, 0x42, 0x08, 0x42, 0x08, 0x42, 0x08, 0x42, 0x08, 0x42, 0x08, 0x42, 0x08, 0x42, 0x08, 0x42, 0x08, 0x42, 0x08, 0x42, 0x08, 0x42, 0x08, 0x42, 0x08, 0x42, 0x08, 0x42, 0x08,
  0x42, 0x08, 0x42, 0x08, 0x42, 0x08, 0x42, 0x08, 0x42, 0x08, 0x42, 0x08, 0x42, 0x08, 0x42, 0x08, 0x42, 0x08, 0x42, 0x08, 0x42, 0x08, 0x42, 0x08, 0x42, 0x08, 0x42, 0x08, 0x42, 0x08, 0x42, 0x08,
  0x83, 0x10, 0x42, 0x08, 0x42, 0x08, 0x42, 0x08, 0x42, 0x08, 0x42, 0x08, 0x42, 0x08, 0x42, 0x08, 0x42, 0x08, 0x42, 0x08, 0x42, 0x08, 0x42, 0x08, 0x42, 0x08, 0x42, 0x08, 0x42, 0x08, 0x42, 0x08,
  0x42, 0x08, 0x42, 0x08, 0x42, 0x08, 0x42, 0x08, 0x42, 0x08, 0x42, 0x08, 0x42, 0x08, 0x42, 0x08, 0x42, 0x08, 0x42, 0x08, 0x42, 0x08, 0x42, 0x08, 0x42, 0x08, 0x42, 0x08, 0x42, 0x08, 0x42, 0x08,
  0x83, 0x10, 0x42, 0x08, 0x42, 0x08, 0x42, 0x08, 0x42, 0x08, 0x42, 0x08, 0x42, 0x08, 0x42, 0x08, 0x42, 0x08, 0x42, 0x08, 0x42, 0x08, 0x42, 0x08, 0x42, 0x08, 0x42, 0x08, 0x42, 0x08, 0x42, 0x08,
  0x42, 0x08, 0x42, 0x08, 0x42, 0x08, 0x42, 0x08, 0x42, 0x08, 0x42, 0x08, 0x42, 0x08, 0x42, 0x08, 0x42, 0x08, 0x42, 0x08, 0x42, 0x08, 0x42, 0x08, 0x42, 0x08, 0x42, 0x08, 0x42, 0x08, 0x42, 0x08,
  0x83, 0x10, 0x42, 0x08, 0x42, 0x08, 0x42, 0x08, 0x42, 0x08, 0x42, 0x08, 0x42, 0x08, 0x42, 0x08, 0x42, 0x08, 0x42, 0x08, 0x42, 0x08, 0x42, 0x08, 0x42, 0x08, 0x42, 0x08, 0x42, 0x08, 0x42, 0x08,
  0x42, 0x08, 0x42, 0x08, 0x42, 0x08, 0x42, 0x08, 0x42, 0x08, 0x42, 0x08, 0x42, 0x08, 0x42, 0x08, 0x42, 0x08, 0x42, 0x08, 0x42, 0x08, 0x42, 0x08, 0x42, 0x08, 0x42, 0x08, 0x42, 0x08, 0x42, 0x08,
  0x83, 0x10, 0x42, 0x08, 0x42, 0x08, 0x42, 0x08, 0x42, 0x08, 0x42, 0x08, 0x42, 0x08, 0x42, 0x08, 0x42, 0x08, 0x42, 0x08, 0x42, 0x08, 0x42, 0x08, 0x42, 0x08, 0x42, 0x08, 0x42, 0x08, 0x42, 0x08,
  0x42, 0x08, 0x42, 0x08, 0x42, 0x08, 0x42, 0x08, 0x42, 0x08, 0x42, 0x08, 0x42, 0x08, 0x42, 0x08, 0x42, 0x08, 0x42, 0x08, 0x42, 0x08, 0x42, 0x08, 0x42, 0x08, 0x42, 0x08, 0x42, 0x08, 0x42, 0x08,
  0x83, 0x10, 0x42, 0x08, 0x42, 0x08, 0x42, 0x08, 0x42, 0x08, 0x42, 0x08, 0x42, 0x08, 0x42, 0x08, 0x42, 0x08, 0x42, 0x08, 0x42, 0x08, 0x42, 0x08, 0x42, 0x08, 0x42, 0x08, 0x42, 0x08, 0x42, 0x08,
  0x42, 0x08, 0x42, 0x08, 0x42, 0x08, 0x42, 0x08, 0x42, 0x08, 0x42, 0x08, 0x42, 0x08, 0x42, 0x08, 0x42, 0x08, 0x42, 0x08, 0x42, 0x08, 0x42, 0x08, 0x42, 0x08, 0x42, 0x08, 0x42, 0x08, 0x42, 0x08,
  0x83, 0x10, 0x42, 0x08, 0x42, 0x08, 0x42, 0x08, 0x42, 0x08, 0x42, 0x08, 0x42, 0x08, 0x42, 0x08, 0x42, 0x08, 0x42, 0x08, 0x42, 0x08, 0x42, 0x08, 0x42, 0x08, 0x42, 0x08, 0x42, 0x08, 0x42, 0x08,
  0x42, 0x08, 0x42, 0x08, 0x42, 0x08, 0x42, 0x08, 0x42, 0x08, 0x42, 0x08, 0x42, 0x08, 0x42, 0x08, 0x42, 0x08, 0x42, 0x08, 0x42, 0x08, 0x42, 0x08, 0x42, 0x08, 0x42, 0x08, 0x42, 0x08, 0x42, 0x08,
  0x83, 0x10, 0x42, 0x08, 0x42, 0x08, 0x42, 0x08, 0x42, 0x08, 0x42, 0x08, 0x42, 0x08, 0x42, 0x08, 0x42, 0x08, 0x42, 0x08, 0x42, 0x08, 0x42, 0x08, 0x42, 0x08, 0x42, 0x08, 0x42, 0x08, 0x42, 0x08,
  0x42, 0x08, 0x42, 0x08, 0x42, 0x08, 0x42, 0x08, 0x42, 0x08, 0x42, 0x08, 0x42, 0x08, 0x42, 0x08, 0x42, 0x08, 0x42, 0x08, 0x42, 0x08, 0x42, 0x08, 0x42, 0x08, 0x42, 0x08, 0x42, 0x08, 0x42, 0x08,
  0x83, 0x10, 0x42, 0x08, 0x42, 0x08, 0x42, 0x08, 0x42, 0x08, 0x42, 0x08, 0x42, 0x08, 0x42, 0x08, 0x42, 0x08, 0x42, 0x08, 0x42, 0x08, 0x42, 0x08, 0x42, 0x08, 0x42, 0x08, 0x42, 0x08, 0x42, 0x08,
  0x42, 0x08, 0x42, 0x08, 0x42, 0x08, 0x42, 0x08, 0x42, 0x08, 0x42, 0x08, 0x42, 0x08, 0x42, 0x08, 0x42, 0x08, 0x42, 0x08, 0x42, 0x08, 0x42, 0x08, 0x42, 0x08, 0x42, 0x08, 0x42, 0x08, 0x42, 0x08,
  0x83, 0x10, 0x42, 0x08, 0x42, 0x08, 0x42, 0x08, 0x42, 0x08, 0x42, 0x08, 0x42, 0x08, 0x42, 0x08, 0x42, 0x08, 0x42, 0x08, 0x42, 0x08, 0x42, 0x08, 0x42, 0x08, 0x42, 0x08, 0x42, 0x08, 0x42, 0x08,
  0x42, 0x08, 0x42, 0x08, 0x42, 0x08, 0x42, 0x08, 0x42, 0x08, 0x42, 0x08, 0x42, 0x08, 0x42, 0x08, 0x42, 0x08, 0x42, 0x08, 0x42, 0x08, 0x42, 0x08, 0x42, 0x08, 0x42, 0x08, 0x42, 0x08, 0x42, 0x08,
  0x83, 0x10, 0x42, 0x08, 0x42, 0x08, 0x42, 0x08, 0x42, 0x08, 0x42, 0x08, 0x42, 0x08, 0x42, 0x08, 0x42, 0x08, 0x42, 0x08, 0x42, 0x08, 0x42, 0x08, 0x42, 0x08, 0x42, 0x08, 0x42, 0x08, 0x42, 0x08,
  0x42, 0x08, 0x42, 0x08, 0x42, 0x08, 0x42, 0x08, 0x42, 0x08, 0x42, 0x08, 0x42, 0x08, 0x42, 0x08, 0x42, 0x08, 0x42, 0x08, 0x42, 0x08, 0x42, 0x08, 0x42, 0x08, 0x42, 0x08, 0x42, 0x08, 0x42, 0x08,
  0x83, 0x10, 0x42, 0x08, 0x42, 0x08, 0x42, 0x08, 0x42, 0x08, 0x42, 0x08, 0x42, 0x08, 0x42, 0x08, 0x42, 0x08, 0x42, 0x08, 0x42, 0x08, 0x42, 0x08, 0x42, 0x08, 0x42, 0x08, 0x42, 0x08, 0x42, 0x08,
  0x42, 0x08, 0x42, 0x08, 0x42, 0x08, 0x42, 0x08, 0x42, 0x08, 0x42, 0x08, 0x42, 0x08, 0x42, 0x08, 0x42, 0x08, 0x42, 0x08, 0x42, 0x08, 0x42, 0x08, 0x42, 0x08, 0x42, 0x08, 0x42, 0x08, 0x42, 0x08,
  0x83, 0x10, 0x42, 0x08, 0x42, 0x08, 0x42, 0x08, 0x42, 0x08, 0x42, 0x08, 0x42, 0x08, 0x42, 0x08, 0x42, 0x08, 0x42, 0x08, 0x42, 0x08, 0x42, 0x08, 0x42, 0x08, 0x42, 0x08, 0x42, 0x08, 0x42, 0x08,
  0x42, 0x08, 0x42, 0x08, 0x42, 0x08, 0x42, 0x08, 0x42, 0x08, 0x42, 0x08, 0x42, 0x08, 0x42, 0x08, 0x42, 0x08, 0x42, 0x08, 0x42, 0x08, 0x42, 0x08, 0x42, 0x08, 0x42, 0x08, 0x42, 0x08, 0x42, 0x08,
  0x83, 0x10, 0x42, 0x08, 0x42, 0x08, 0x42, 0x08, 0x42, 0x08, 0x42, 0x08, 0x42, 0x08, 0x42, 0x08, 0x42, 0x08, 0x42, 0x08, 0x42, 0x08, 0x42, 0x08, 0x42, 0x08, 0x42, 0x08, 0x42, 0x08, 0x42, 0x08,
  0x42, 0x08, 0x42, 0x08, 0x42, 0x08, 0x42, 0x08, 0x42, 0x08, 0x42, 0x08, 0x42, 0x08, 0x42, 0x08, 0x42, 0x08, 0x42, 0x08, 0x42, 0x08, 0x42, 0x08, 0x42, 0x08, 0x42, 0x08, 0x42, 0x08, 0x42, 0x08,
  0x83, 0x10, 0x42, 0x08, 0x42, 0x08, 0x42, 0x08, 0x42, 0x08, 0x42, 0x08, 0x42, 0x08, 0x42, 0x08, 0x42, 0x08, 0x42, 0x08, 0x42, 0x08, 0x42, 0x08, 0x42, 0x08, 0x42, 0x08, 0x42, 0x08, 0x42, 0x08,
  0x42, 0x08, 0x42, 0x08, 0x42, 0x08, 0x42, 0x08, 0x42, 0x08, 0x42, 0x08, 0x42, 0x08, 0x42, 0x08, 0x42, 0x08, 0x42, 0x08, 0x42, 0x08, 0x42, 0x08, 0x42, 0x08, 0x42, 0x08, 0x42, 0x08, 0x42, 0x08,
  0x83, 0x10, 0x42, 0x08, 0x42, 0x08, 0x42, 0x08, 0x42, 0x08, 0x42, 0x08, 0x42, 0x08, 0x42, 0x08, 0x42, 0x08, 0x42, 0x08, 0x42, 0x08, 0x42, 0x08, 0x42, 0x08, 0x42, 0x08, 0x42, 0x08, 0x42, 0x08,
  0x42, 0x08, 0x42, 0x08, 0x42, 0x08, 0x42, 0x08, 0x42, 0x08, 0x42, 0x08, 0x42, 0x08, 0x42, 0x08, 0x42, 0x08, 0x42, 0x08, 0x42, 0x08, 0x42, 0x08, 0x42, 0x08, 0x42, 0x08, 0x42, 0x08, 0x42, 0x08,
  0x83, 0x10, 0x42, 0x08, 0x42, 0x08, 0x42, 0x08, 0x42, 0x08, 0x42, 0x08, 0x42, 0x08, 0x42, 0x08, 0x42, 0x08, 0x42, 0x08, 0x42, 0x08, 0x42, 0x08, 0x42, 0x08, 0x42, 0x08, 0x42, 0x08, 0x42, 0x08,
  0x42, 0x08, 0x42, 0x08, 0x42, 0x08, 0x42, 0x08, 0x42, 0x08, 0x42, 0x08, 0x42, 0x08, 0x42, 0x08, 0x42, 0x08, 0x42, 0x08, 0x42, 0x08, 0x42, 0x08, 0x42, 0x08, 0x42, 0x08, 0x42, 0x08, 0x42, 0x08,
  0x83, 0x10, 0x42, 0x08, 0x42, 0x08, 0x42, 0x08, 0x42, 0x08, 0x42, 0x08, 0x42, 0x08, 0x42, 0x08, 0x42, 0x08, 0x42, 0x08, 0x42, 0x08, 0x42, 0x08, 0x42, 0x08, 0x42, 0x08, 0x42, 0x08, 0x42, 0x08,
  0x42, 0x08, 0x42, 0x08, 0x42, 0x08, 0x42, 0x08, 0x42, 0x08, 0x42, 0x08, 0x42, 0x08, 0x42, 0x08, 0x42, 0x08, 0x42, 0x08, 0x42, 0x08, 0x42, 0x08, 0x42, 0x08, 0x42, 0x08, 0x42, 0x08, 0x42, 0x08,
  0x83, 0x10, 0x42, 0x08, 0x42, 0x08, 0x42, 0x08, 0x42, 0x08, 0x42, 0x08, 0x42, 0x08, 0x42, 0x08, 0x42, 0x08, 0x42, 0x08, 0x42, 0x08, 0x42, 0x08, 0x42, 0x08, 0x42, 0x08, 0x42, 0x08, 0x42, 0x08,
  0x42, 0x08, 0x42, 0x08, 0x42, 0x08, 0x42, 0x08, 0x42, 0x08, 0x42, 0x08, 0x42, 0x08, 0x42, 0x08, 0x42, 0x08, 0x42, 0x08, 0x42, 0x08, 0x42, 0x08, 0x42, 0x08, 0x42, 0x08, 0x42, 0x08, 0x42, 0x08,
  0x83, 0x10, 0x42, 0x08, 0x42, 0x08, 0x42, 0x08, 0x42, 0x08, 0x42, 0x08, 0x42, 0x08, 0x42, 0x08, 0x42, 0x08, 0x42, 0x08, 0x42, 0x08, 0x42, 0x08, 0x42, 0x08, 0x42, 0x08, 0x42, 0x08, 0x42, 0x08,
  0x42, 0x08, 0x42, 0x08, 0x42, 0x08, 0x42, 0x08, 0x42, 0x08, 0x42, 0x08, 0x42, 0x08, 0x42, 0x08, 0x42, 0x08, 0x42, 0x08, 0x42, 0x08, 0x42, 0x08, 0x42, 0x08, 0x42, 0x08, 0x42, 0x08, 0x42, 0x08,
  0x83, 0x10, 0x42, 0x08, 0x42, 0x08, 0x42, 0x08, 0x42, 0x08, 0x42, 0x08, 0x42, 0x08, 0x42, 0x08, 0x42, 0x08, 0x42, 0x08, 0x42, 0x08, 0x42, 0x08, 0x42, 0x08, 0x42, 0x08, 0x42, 0x08, 0x42, 0x08,
  0x42, 0x08, 0x42, 0x08, 0x42, 0x08, 0x42, 0x08, 0x42, 0x08, 0x42, 0x08, 0x42, 0x08, 0x42, 0x08, 0x42, 0x08, 0x42, 0x08, 0x42, 0x08, 0x42, 0x08, 0x42, 0x08, 0x42, 0x08, 0x42, 0x08, 0x42, 0x08,
  0x83, 0x10, 0x42, 0x08, 0x42, 0x08, 0x42, 0x08, 0x42, 0x08, 0x42, 0x08, 0x42, 0x08, 0x42, 0x08, 0x42, 0x08, 0x42, 0x08, 0x42, 0x08, 0x42, 0x08, 0x42, 0x08, 0x42, 0x08, 0x42, 0x08, 0x42, 0x08,
  0x42, 0x08, 0x42, 0x08, 0x42, 0x08, 0x42, 0x08, 0x42, 0x08, 0x42, 0x08, 0x42, 0x08, 0x42, 0x08, 0x42, 0x08, 0x42, 0x08, 0x42, 0x08, 0x42, 0x08, 0x42, 0x08, 0x42, 0x08, 0x42, 0x08, 0x42, 0x08,
  0x83, 0x10, 0x42, 0x08, 0x42, 0x08, 0x42, 0x08, 0x42, 0x08, 0x42, 0x08, 0x42, 0x08, 0x42, 0x08, 0x42, 0x08, 0x42, 0x08, 0x42, 0x08, 0x42, 0x08, 0x42, 0x08, 0x42, 0x08, 0x42, 0x08, 0x42, 0x08,
  0x42, 0x08, 0x42, 0x08, 0x42, 0x08, 0x42, 0x08, 0x42, 0x08, 0x42, 0x08, 0x42, 0x08, 0x42, 0x08, 0x42, 0x08, 0x42, 0x08, 0x42, 0x08, 0x42, 0x08, 0x42, 0x08, 0x42, 0x08, 0x42, 0x08, 0x42, 0x08,
  0x83, 0x10, 0x42, 0x08, 0x42, 0x08, 0x42, 0x08, 0x42, 0x08, 0x42, 0x08, 0x42, 0x08, 0x42, 0x08, 0x42, 0x08, 0x42, 0x08, 0x42, 0x08, 0x42, 0x08, 0x42, 0x08, 0x42, 0x08, 0x42, 0x08, 0x42, 0x08,
  0x42, 0x08, 0x42, 0x08, 0x42, 0x08, 0x42, 0x08, 0x42, 0x08, 0x42, 0x08, 0x42, 0x08, 0x42, 0x08, 0x42, 0x08, 0x42, 0x08, 0x42, 0x08, 0x42, 0x08, 0x42, 0x08, 0x42, 0x08, 0x42, 0x08, 0x42, 0x08,
  0x83, 0x10, 0x42, 0x08, 0x42, 0x08, 0x42, 0x08, 0x42, 0x08, 0x42, 0x08, 0x42, 0x08, 0x42, 0x08, 0x42, 0x08, 0x42, 0x08, 0x42, 0x08, 0x42, 0x08, 0x42, 0x08, 0x42, 0x08, 0x42, 0x08, 0x42, 0x08,
  0x42, 0x08, 0x42, 0x08, 0x42, 0x08, 0x42, 0x08, 0x42, 0x08, 0x42, 0x08, 0x42, 0x08, 0x42, 0x08, 0x42, 0x08, 0x42, 0x08, 0x42, 0x08, 0x42, 0x08, 0x42, 0x08, 0x42, 0x08, 0x42, 0x08, 0x42, 0x08,
  0x83, 0x10, 0x42, 0x08, 0x42, 0x08, 0x42, 0x08, 0x42, 0x08, 0x42, 0x08, 0x42, 0x08, 0x42, 0x08, 0x42, 0x08, 0x42, 0x08, 0x42, 0x08, 0x42, 0x08, 0x42, 0x08, 0x42, 0x08, 0x42, 0x08, 0x42, 0x08,
  0x42, 0x08, 0x42, 0x08, 0x42, 0x08, 0x42, 0x08, 0x42, 0x08, 0x42, 0x08, 0x42, 0x08, 0x42, 0x08, 0x42, 0x08, 0x42, 0x08, 0x42, 0x08, 0x42, 0x08, 0x42, 0x08, 0x42, 0x08, 0x42, 0x08, 0x42, 0x08,
  0x83, 0x10, 0x42, 0x08, 0x42, 0x08, 0x42, 0x08, 0x42, 0x08, 0x42, 0x08, 0x42, 0x08, 0x42, 0x08, 0x42, 0x08, 0x42, 0x08, 0x42, 0x08, 0x42, 0x08, 0x42, 0x08, 0x42, 0x08, 0x42, 0x08, 0x42, 0x08,
  0x42, 0x08, 0x42, 0x08, 0x42, 0x08, 0x42, 0x08, 0x42, 0x08, 0x42, 0x08, 0x42, 0x08, 0x42, 0x08, 0x42, 0x08, 0x42, 0x08, 0x42, 0x08, 0x42, 0x08, 0x42, 0x08, 0x42, 0x08, 0x42, 0x08, 0x42, 0x08,
  0x83, 0x10, 0x42, 0x08, 0x42, 0x08, 0x42, 0x08, 0x42, 0x08, 0x42, 0x08, 0x42, 0x08, 0x42, 0x08, 0x42, 0x08, 0x42, 0x08, 0x42, 0x08, 0x42, 0x08, 0x42, 0x08, 0x42, 0x08, 0x42, 0x08, 0x42, 0x08,
  0x42, 0x08, 0x42, 0x08, 0x42, 0x08, 0x42, 0x08, 0x42, 0x08, 0x42, 0x08, 0x42, 0x08, 0x42, 0x08, 0x42, 0x08, 0x42, 0x08, 0x42, 0x08, 0x42, 0x08, 0x42, 0x08, 0x42, 0x08, 0x42, 0x08, 0x42, 0x08,
  0x83, 0x10, 0x42, 0x08, 0x42, 0x08, 0x42, 0x08, 0x42, 0x08, 0x42, 0x08, 0x42, 0x08, 0x42, 0x08, 0x42, 0x08, 0x42, 0x08, 0x42, 0x08, 0x42, 0x08, 0x42, 0x08, 0x42, 0x08, 0x42, 0x08, 0x42, 0x08,
  0x42, 0x08, 0x42, 0x08, 0x42, 0x08, 0x42, 0x08, 0x42, 0x08, 0x42, 0x08, 0x42, 0x08, 0x42, 0x08, 0x42, 0x08, 0x42, 0x08, 0x42, 0x08, 0x42, 0x08, 0x42, 0x08, 0x42, 0x08, 0x42, 0x08, 0x42, 0x08,
  0x83, 0x10, 0x42, 0x08, 0x42, 0x08, 0x42, 0x08, 0x42, 0x08, 0x42, 0x08, 0x42, 0x08, 0x42, 0x08, 0x42, 0x08, 0x42, 0x08, 0x42, 0x08, 0x42, 0x08, 0x42, 0x08, 0x42, 0x08, 0x42, 0x08, 0x42, 0x08,
  0x42, 0x08, 0x42, 0x08, 0x42, 0x08, 0x42, 0x08, 0x42, 0x08, 0x42, 0x08, 0x42, 0x08, 0x42, 0x08, 0x42, 0x08, 0x42, 0x08, 0x42, 0x08, 0x42, 0x08, 0x42, 0x08, 0x42, 0x08, 0x42, 0x08, 0x42, 0x08,
  0x83, 0x10, 0x42, 0x08, 0x42, 0x08, 0x42, 0x08, 0x42, 0x08, 0x42, 0x08, 0x42, 0x08, 0x42, 0x08, 0x42, 0x08, 0x42, 0x08, 0x42, 0x08, 0x42, 0x08, 0x42, 0x08, 0x42, 0x08, 0x42, 0x08, 0x42, 0x08,
  0x42, 0x08, 0x42, 0x08, 0x42, 0x08, 0x42, 0x08, 0x42, 0x08, 0x42, 0x08, 0x42, 0x08, 0x42, 0x08, 0x42, 0x08, 0x42, 0x08, 0x42, 0x08, 0x42, 0x08, 0x42, 0x08, 0x42, 0x08, 0x42, 0x08, 0x42, 0x08,
  0x83, 0x10, 0x42, 0x08, 0x42, 0x08, 0x42, 0x08, 0x42, 0x08, 0x42, 0x08, 0x42, 0x08, 0x42, 0x08, 0x42, 0x08, 0x42, 0x08, 0x42, 0x08, 0x42, 0x08, 0x42, 0x08, 0x42, 0x08, 0x42, 0x08, 0x42, 0x08,
  0x42, 0x08, 0x42, 0x08, 0x42, 0x08, 0x42, 0x08, 0x42, 0x08, 0x42, 0x08, 0x42, 0x08, 0x42, 0x08, 0x42, 0x08, 0x42, 0x08, 0x42, 0x08, 0x42, 0x08, 0x42, 0x08, 0x42, 0x08, 0x42, 0x08, 0x42, 0x08,
  0x83, 0x10, 0x42, 0x08, 0x42, 0x08, 0x42, 0x08, 0x42, 0x08, 0x42, 0x08, 0x42, 0x08, 0x42, 0x08, 0x42, 0x08, 0x42, 0x08, 0x42, 0x08, 0x42, 0x08, 0x42, 0x08, 0x42, 0x08, 0x42, 0x08, 0x42, 0x08,
  0x42, 0x08, 0x42, 0x08, 0x42, 0x08, 0x42, 0x08, 0x42, 0x08, 0x42, 0x08, 0x42, 0x08, 0x42, 0x08, 0x42, 0x08, 0x42, 0x08, 0x42, 0x08, 0x42, 0x08, 0x42, 0x08, 0x42, 0x08, 0x42, 0x08, 0x42, 0x08,
  0x83, 0x10, 0x42, 0x08, 0x42, 0x08, 0x42, 0x08, 0x42, 0x08, 0x42, 0x08, 0x42, 0x08, 0x42, 0x08, 0x42, 0x08, 0x42, 0x08, 0x42, 0x08, 0x42, 0x08, 0x42, 0x08, 0x42, 0x08, 0x42, 0x08, 0x42, 0x08,
  0x42, 0x08, 0x42, 0x08, 0x42, 0x08, 0x42, 0x08, 0x42, 0x08, 0x42, 0x08, 0x42, 0x08, 0x42, 0x08, 0x42, 0x08, 0x42, 0x08, 0x42, 0x08, 0x42, 0x08, 0x42, 0x08, 0x42, 0x08, 0x42, 0x08, 0x42, 0x08,
  0x83, 0x10, 0x42, 0x08, 0x42, 0x08, 0x42, 0x08, 0x42, 0x08, 0x42, 0x08, 0x42, 0x08, 0x42, 0x08, 0x42, 0x08, 0x42, 0x08, 0x42, 0x08, 0x42, 0x08, 0x42, 0x08, 0x42, 0x08, 0x42, 0x08, 0x42, 0x08,
  0x42, 0x08, 0x42, 0x08, 0x42, 0x08, 0x42, 0x08, 0x42, 0x08, 0x42, 0x08, 0x42, 0x08, 0x42, 0x08, 0x42, 0x08, 0x42, 0x08, 0x42, 0x08, 0x42, 0x08, 0x42, 0x08, 0x42, 0x08, 0x42, 0x08, 0x42, 0x08,
  0x83, 0x10, 0x42, 0x08, 0x42, 0x08, 0x42, 0x08, 0x42, 0x08, 0x42, 0x08, 0x42, 0x08, 0x42, 0x08, 0x42, 0x08, 0x42, 0x08, 0x42, 0x08, 0x42, 0x08, 0x42, 0x08, 0x42, 0x08, 0x42, 0x08, 0x42, 0x08,
  0x42, 0x08, 0x42, 0x08, 0x42, 0x08, 0x42, 0x08, 0x42, 0x08, 0x42, 0x08, 0x42, 0x08, 0x42, 0x08, 0x42, 0x08, 0x42, 0x08, 0x42, 0x08, 0x42, 0x08, 0x42, 0x08, 0x42, 0x08, 0x42, 0x08, 0x42, 0x08,
  0x83, 0x10, 0x42, 0x08, 0x42, 0x08, 0x42, 0x08, 0x42, 0x08, 0x42, 0x08, 0x42, 0x08, 0x42, 0x08, 0x42, 0x08, 0x42, 0x08, 0x42, 0x08, 0x42, 0x08, 0x42, 0x08, 0x42, 0x08, 0x42, 0x08, 0x42, 0x08,
  0x42, 0x08, 0x42, 0x08, 0x42, 0x08, 0x42, 0x08, 0x42, 0x08, 0x42, 0x08, 0x42, 0x08, 0x42, 0x08, 0x42, 0x08, 0x42, 0x08, 0x42, 0x08, 0x42, 0x08, 0x42, 0x08, 0x42, 0x08, 0x42, 0x08, 0x42, 0x08,
  0x83, 0x10, 0x42, 0x08, 0x42, 0x08, 0x42, 0x08, 0x42, 0x08, 0x42, 0x08, 0x42, 0x08, 0x42, 0x08, 0x42, 0x08, 0x42, 0x08, 0x42, 0x08, 0x42, 0x08, 0x42, 0x08, 0x42, 0x08, 0x42, 0x08, 0x42, 0x08,
  0x42, 0x08, 0x42, 0x08, 0x42, 0x08, 0x42, 0x08, 0x42, 0x08, 0x42, 0x08, 0x42, 0x08, 0x42, 0x08, 0x42, 0x08, 0x42, 0x08, 0x42, 0x08, 0x42, 0x08, 0x42, 0x08, 0x42, 0x08, 0x42, 0x08, 0x42, 0x08,
  0x83, 0x10, 0x42, 0x08, 0x42, 0x08, 0x42, 0x08, 0x42, 0x08, 0x42, 0x08, 0x42, 0x08, 0x42, 0x08, 0x42, 0x08, 0x42, 0x08, 0x42, 0x08, 0x42, 0x08, 0x42, 0x08, 0x42, 0x08, 0x42, 0x08, 0x42, 0x08,
  0x42, 0x08, 0x42, 0x08, 0x42, 0x08, 0x42, 0x08, 0x42, 0x08, 0x42, 0x08, 0x42, 0x08, 0x42, 0x08, 0x42, 0x08, 0x42, 0x08, 0x42, 0x08, 0x42, 0x08, 0x42, 0x08, 0x42, 0x08, 0x42, 0x08, 0x42, 0x08,
  0x83, 0x10, 0x42, 0x08, 0x42, 0x08, 0x42, 0x08, 0x42, 0x08, 0x42, 0x08, 0x42, 0x08, 0x42, 0x08, 0x42, 0x08, 0x42, 0x08, 0x42, 0x08, 0x42, 0x08, 0x42, 0x08, 0x42, 0x08, 0x42, 0x08, 0x42, 0x08,
  0x42, 0x08, 0x42, 0x08, 0x42, 0x08, 0x42, 0x08, 0x42, 0x08, 0x42, 0x08, 0x42, 0x08, 0x42, 0x08, 0x42, 0x08, 0x42, 0x08, 0x42, 0x08, 0x42, 0x08, 0x42, 0x08, 0x42, 0x08, 0x42, 0x08, 0x42, 0x08,
  0x83, 0x10, 0x42, 0x08, 0x42, 0x08, 0x42, 0x08, 0x42, 0x08, 0x42, 0x08, 0x42, 0x08, 0x42, 0x08, 0x42, 0x08, 0x42, 0x08, 0x42, 0x08, 0x42, 0x08, 0x42, 0x08, 0x42, 0x08, 0x42, 0x08, 0x42, 0x08,
  0x42, 0x08, 0x42, 0x08, 0x42, 0x08, 0x42, 0x08, 0x42, 0x08, 0x42, 0x08, 0x42, 0x08, 0x42, 0x08, 0x42, 0x08, 0x42, 0x08, 0x42, 0x08, 0x42, 0x08, 0x42, 0x08, 0x42, 0x08, 0x42, 0x08, 0x42, 0x08,
  0x83, 0x10, 0x42, 0x08, 0x42, 0x08, 0x42, 0x08, 0x42, 0x08, 0x42, 0x08, 0x42, 0x08, 0x42, 0x08, 0x42, 0x08, 0x42, 0x08, 0x42, 0x08, 0x42, 0x08, 0x42, 0x08, 0x42, 0x08, 0x42, 0x08, 0x42, 0x08,
  0x42, 0x08, 0x42, 0x08, 0x42, 0x08, 0x42, 0x08, 0x42, 0x08, 0x42, 0x08, 0x42, 0x08, 0x42, 0x08, 0x42, 0x08, 0x42, 0x08, 0x42, 0x08, 0x42, 0x08, 0x42, 0x08, 0x42, 0x08, 0x42, 0x08, 0x42, 0x08,
  0x83, 0x10, 0x42, 0x08, 0x42, 0x08, 0x42, 0x08, 0x42, 0x08, 0x42, 0x08, 0x42, 0x08, 0x42, 0x08, 0x42, 0x08, 0x42, 0x08, 0x42, 0x08, 0x42, 0x08, 0x42, 0x08, 0x42, 0x08, 0x42, 0x08, 0x42, 0x08,
  0x42, 0x08, 0x42, 0x08, 0x42, 0x08, 0x42, 0x08, 0x42, 0x08, 0x42, 0x08, 0x42, 0x08, 0x42, 0x08, 0x42, 0x08, 0x42, 0x08, 0x42, 0x08, 0x42, 0x08, 0x42, 0x08, 0x42, 0x08, 0x42, 0x08, 0x42, 0x08,
  0x83, 0x10, 0x42, 0x08, 0x42, 0x08, 0x42, 0x08, 0x42, 0x08, 0x42, 0x08, 0x42, 0x08, 0x42, 0x08, 0x42, 0x08, 0x42, 0x08, 0x42, 0x08, 0x42, 0x08, 0x42, 0x08, 0x42, 0x08, 0x42, 0x08, 0x42, 0x08,
  0x42, 0x08, 0x42, 0x08, 0x42, 0x08, 0x42, 0x08, 0x42, 0x08, 0x42, 0x08, 0x42, 0x08, 0x42, 0x08, 0x42, 0x08, 0x42, 0x08, 0x42, 0x08, 0x42, 0x08, 0x42, 0x08, 0x42, 0x08, 0x42, 0x08, 0x42, 0x08,
  0x83, 0x10, 0x42, 0x08, 0x42, 0x08, 0x42, 0x08, 0x42, 0x08, 0x42, 0x08, 0x42, 0x08, 0x42, 0x08, 0x42, 0x08, 0x42, 0x08, 0x42, 0x08, 0x42, 0x08, 0x42, 0x08, 0x42, 0x08, 0x42, 0x08, 0x42, 0x08,
  0x42, 0x08, 0x42, 0x08, 0x42, 0x08, 0x42, 0x08, 0x42, 0x08, 0x42, 0x08, 0x42, 0x08, 0x42, 0x08, 0x42, 0x08, 0x42, 0x08, 0x42, 0x08, 0x42, 0x08, 0x42, 0x08, 0x42, 0x08, 0x42, 0x08, 0x42, 0x08,
  0x83, 0x10, 0x42, 0x08, 0x42, 0x08, 0x42, 0x08, 0x42, 0x08, 0x42, 0x08, 0x42, 0x08, 0x42, 0x08, 0x42, 0x08, 0x42, 0x08, 0x42, 0x08, 0x42, 0x08, 0x42, 0x08, 0x42, 0x08, 0x42, 0x08, 0x42, 0x08,
  0x42, 0x08, 0x42, 0x08, 0x42, 0x08, 0x42, 0x08, 0x42, 0x08, 0x42, 0x08, 0x42, 0x08, 0x42, 0x08, 0x42, 0x08, 0x42, 0x08, 0x42, 0x08, 0x42, 0x08, 0x42, 0x08, 0x42, 0x08, 0x42, 0x08, 0x42, 0x08,
  0x83, 0x10, 0x42, 0x08, 0x42, 0x08, 0x42, 0x08, 0x42, 0x08, 0x42, 0x08, 0x42, 0x08, 0x42, 0x08, 0x42, 0x08, 0x42, 0x08, 0x42, 0x08, 0x42, 0x08, 0x42, 0x08, 0x42, 0x08, 0x42, 0x08, 0x42, 0x08,
  0x42, 0x08, 0x42, 0x08, 0x42, 0x08, 0x42, 0x08, 0x42, 0x08, 0x42, 0x08, 0x42, 0x08, 0x42, 0x08, 0x42, 0x08, 0x42, 0x08, 0x42, 0x08, 0x42, 0x08, 0x42, 0x08, 0x42, 0x08, 0x42, 0x08, 0x42, 0x08,
  0x83, 0x10, 0x42, 0x08, 0x42, 0x08, 0x42, 0x08, 0x42, 0x08, 0x42, 0x08, 0x42, 0x08, 0x42, 0x08, 0x42, 0x08, 0x42, 0x08, 0x42, 0x08, 0x42, 0x08, 0x42, 0x08, 0x42, 0x08, 0x42, 0x08, 0x42, 0x08,
  0x42, 0x08, 0x42, 0x08, 0x42, 0x08, 0x42, 0x08, 0x42, 0x08, 0x42, 0x08, 0x42, 0x08, 0x42, 0x08, 0x42, 0x08, 0x42, 0x08, 0x42, 0x08, 0x42, 0x08, 0x42, 0x08, 0x42, 0x08, 0x42, 0x08, 0x42, 0x08,
  0x83, 0x10, 0x42, 0x08, 0x42, 0x08, 0x42, 0x08, 0x42, 0x08, 0x42, 0x08, 0x42, 0x08, 0x42, 0x08, 0x42, 0x08, 0x42, 0x08, 0x42, 0x08, 0x42, 0x08, 0x42, 0x08, 0x42, 0x08, 0x42, 0x08, 0x42, 0x08,
  0x42, 0x08, 0x42, 0x08, 0x42, 0x08, 0x42, 0x08, 0x42, 0x08, 0x42, 0x08, 0x42, 0x08, 0x42, 0x08, 0x42, 0x08, 0x42, 0x08, 0x42, 0x08, 0x42, 0x08, 0x42, 0x08, 0x42, 0x08, 0x42, 0x08, 0x42, 0x08,
  0x83, 0x10, 0x42, 0x08, 0x42, 0x08, 0x42, 0x08, 0x42, 0x08, 0x42, 0x08, 0x42, 0x08, 0x42, 0x08, 0x42, 0x08, 0x42, 0x08, 0x42, 0x08, 0x42, 0x08, 0x42, 0x08, 0x42, 0x08, 0x42, 0x08, 0x42, 0x08,
  0x42, 0x08, 0x42, 0x08, 0x42, 0x08, 0x42, 0x08, 0x42, 0x08, 0x42, 0x08, 0x42, 0x08, 0x42, 0x08, 0x42, 0x08, 0x42, 0x08, 0x42, 0x08, 0x42, 0x08, 0x42, 0x08, 0x42, 0x08, 0x42, 0x08, 0x42, 0x08,
  0x83, 0x10, 0x42, 0x08, 0x42, 0x08, 0x42, 0x08, 0x42, 0x08, 0x42, 0x08, 0x42, 0x08, 0x42, 0x08, 0x42, 0x08, 0x42, 0x08, 0x42, 0x08, 0x42, 0x08, 0x42, 0x08, 0x42, 0x08, 0x42, 0x08, 0x42, 0x08,
  0x42, 0x08, 0x42, 0x08, 0x42, 0x08, 0x42, 0x08, 0x42, 0x08, 0x42, 0x08, 0x42, 0x08, 0x42, 0x08, 0x42, 0x08, 0x42, 0x08, 0x42, 0x08, 0x42, 0x08, 0x42, 0x08, 0x42, 0x08, 0x42, 0x08, 0x42, 0x08,
  0x83, 0x10, 0x42, 0x08, 0x42, 0x08, 0x42, 0x08, 0x42, 0x08, 0x42, 0x08, 0x42, 0x08, 0x42, 0x08, 0x42, 0x08, 0x42, 0x08, 0x42, 0x08, 0x42, 0x08, 0x42, 0x08, 0x42, 0x08, 0x42, 0x08, 0x42, 0x08,
  0x42, 0x08, 0x42, 0x08, 0x42, 0x08, 0x42, 0x08, 0x42, 0x08, 0x42, 0x08, 0x42, 0x08, 0x42, 0x08, 0x42, 0x08, 0x42, 0x08, 0x42, 0x08, 0x42, 0x08, 0x42, 0x08, 0x42, 0x08, 0x42, 0x08, 0x42, 0x08,
  0x83, 0x10, 0x42, 0x08, 0x42, 0x08, 0x42, 0x08, 0x42, 0x08, 0x42, 0x08, 0x42, 0x08, 0x42, 0x08, 0x42, 0x08, 0x42, 0x08, 0x42, 0x08, 0x42, 0x08, 0x42, 0x08, 0x42, 0x08, 0x42, 0x08, 0x42, 0x08,
  0x42, 0x08, 0x42, 0x08, 0x42, 0x08, 0x42, 0x08, 0x42, 0x08, 0x42, 0x08, 0x42, 0x08, 0x42, 0x08, 0x42, 0x08, 0x42, 0x08, 0x42, 0x08, 0x42, 0x08, 0x42, 0x08, 0x42, 0x08, 0x42, 0x08, 0x42, 0x08,
  0x83, 0x10, 0x42, 0x08, 0x42, 0x08, 0x42, 0x08, 0x42, 0x08, 0x42, 0x08, 0x42, 0x08, 0x42, 0x08, 0x42, 0x08, 0x42, 0x08, 0x42, 0x08, 0x42, 0x08, 0x42, 0x08, 0x42, 0x08, 0x42, 0x08, 0x42, 0x08,
  0x42, 0x08, 0x42, 0x08, 0x42, 0x08, 0x42, 0x08, 0x42, 0x08, 0x42, 0x08, 0x42, 0x08, 0x42, 0x08, 0x42, 0x08, 0x42, 0x08, 0x42, 0x08, 0x42, 0x08, 0x42, 0x08, 0x42, 0x08, 0x42, 0x08, 0x42, 0x08,
  0x83, 0x10, 0x42, 0x08, 0x42, 0x08, 0x42, 0x08, 0x42, 0x08, 0x42, 0x08, 0x42, 0x08, 0x42, 0x08, 0x42, 0x08, 0x42, 0x08, 0x42, 0x08, 0x42, 0x08, 0x42, 0x08, 0x42, 0x08, 0x42, 0x08, 0x42, 0x08,
  0x42, 0x08, 0x42, 0x08, 0x42, 0x08, 0x42, 0x08, 0x42, 0x08, 0x42, 0x08, 0x42, 0x08, 0x42, 0x08, 0x42, 0x08, 0x42, 0x08, 0x42, 0x08, 0x42, 0x08, 0x42, 0x08, 0x42, 0x08, 0x42, 0x08, 0x42, 0x08,
  0x83, 0x10, 0x42, 0x08, 0x42, 0x08, 0x42, 0x08, 0x42, 0x08, 0x42, 0x08, 0x42, 0x08, 0x42, 0x08, 0x42, 0x08, 0x42, 0x08, 0x42, 0x08, 0x42, 0x08, 0x42, 0x08, 0x42, 0x08, 0x42, 0x08, 0x42, 0x08,
  0x42, 0x08, 0x42, 0x08, 0x42, 0x08, 0x42, 0x08, 0x42, 0x08, 0x42, 0x08, 0x42, 0x08, 0x42, 0x08, 0x42, 0x08, 0x42, 0x08, 0x42, 0x08, 0x42, 0x08, 0x42, 0x08, 0x42, 0x08, 0x42, 0x08, 0x42, 0x08,
  0x83, 0x10, 0x42, 0x08, 0x42, 0x08, 0x42, 0x08, 0x42, 0x08, 0x42, 0x08, 0x42, 0x08, 0x42, 0x08, 0x42, 0x08, 0x42, 0x08, 0x42, 0x08, 0x42, 0x08, 0x42, 0x08, 0x42, 0x08, 0x42, 0x08, 0x42, 0x08,
  0x42, 0x08, 0x42, 0x08, 0x42, 0x08, 0x42, 0x08, 0x42, 0x08, 0x42, 0x08, 0x42, 0x08, 0x42, 0x08, 0x42, 0x08, 0x42, 0x08, 0x42, 0x08, 0x42, 0x08, 0x42, 0x08, 0x42, 0x08, 0x42, 0x08, 0x42, 0x08,
  0x83, 0x10, 0x42, 0x08, 0x42, 0x08, 0x42, 0x08, 0x42, 0x08, 0x42, 0x08, 0x42, 0x08, 0x42, 0x08, 0x42, 0x08, 0x42, 0x08, 0x42, 0x08, 0x42, 0x08, 0x42, 0x08, 0x42, 0x08, 0x42, 0x08, 0x42, 0x08,
  0x42, 0x08, 0x42, 0x08, 0x42, 0x08, 0x42, 0x08, 0x42, 0x08, 0x42, 0x08, 0x42, 0x08, 0x42, 0x08, 0x42, 0x08, 0x42, 0x08, 0x42, 0x08, 0x42, 0x08, 0x42, 0x08, 0x42, 0x08, 0x42, 0x08, 0x42, 0x08,
  0x83, 0x10, 0x42, 0x08, 0x42, 0x08, 0x42, 0x08, 0x42, 0x08, 0x42, 0x08, 0x42, 0x08, 0x42, 0x08, 0x42, 0x08, 0x42, 0x08, 0x42, 0x08, 0x42, 0x08, 0x42, 0x08, 0x42, 0x08, 0x42, 0x08, 0x42, 0x08,
  0x42, 0x08, 0x42, 0x08, 0x42, 0x08, 0x42, 0x08, 0x42, 0x08, 0x42, 0x08, 0x42, 0x08, 0x42, 0x08, 0x42, 0x08, 0x42, 0x08, 0x42, 0x08, 0x42, 0x08, 0x42, 0x08, 0x42, 0x08, 0x42, 0x08, 0x42, 0x08,
  0x83, 0x10, 0x42, 0x08, 0x42, 0x08, 0x42, 0x08, 0x42, 0x08, 0x42, 0x08, 0x42, 0x08, 0x42, 0x08, 0x42, 0x08, 0x42, 0x08, 0x42, 0x08, 0x42, 0x08, 0x42, 0x08, 0x42, 0x08, 0x42, 0x08, 0x42, 0x08,
  0x42, 0x08, 0x42, 0x08, 0x42, 0x08, 0x42, 0x08, 0x42, 0x08, 0x42, 0x08, 0x42, 0x08, 0x42, 0x08, 0x42, 0x08, 0x42, 0x08, 0x42, 0x08, 0x42, 0x08, 0x42, 0x08, 0x42, 0x08, 0x42, 0x08, 0x42, 0x08,
  0x83, 0x10, 0x42, 0x08, 0x42, 0x08, 0x42, 0x08, 0x42, 0x08, 0x42, 0x08, 0x42, 0x08, 0x42, 0x08, 0x42, 0x08, 0x42, 0x08, 0x42, 0x08, 0x42, 0x08, 0x42, 0x08, 0x42, 0x08, 0x42, 0x08, 0x42, 0x08,
  0x42, 0x08, 0x42, 0x08, 0x42, 0x08, 0x42, 0x08, 0x42, 0x08, 0x42, 0x08, 0x42, 0x08, 0x42, 0x08, 0x42, 0x08, 0x42, 0x08, 0x42, 0x08, 0x42, 0x08, 0x42, 0x08, 0x42, 0x08, 0x42, 0x08, 0x42, 0x08,
  0x83, 0x10, 0x42, 0x08, 0x42, 0x08, 0x42, 0x08, 0x42, 0x08, 0x42, 0x08, 0x42, 0x08, 0x42, 0x08, 0x42, 0x08, 0x42, 0x08, 0x42, 0x08, 0x42, 0x08, 0x42, 0x08, 0x42, 0x08, 0x42, 0x08, 0x42, 0x08,
  0x42, 0x08, 0x42, 0x08, 0x42, 0x08, 0x42, 0x08, 0x42, 0x08, 0x42, 0x08, 0x42, 0x08, 0x42, 0x08, 0x42, 0x08, 0x42, 0x08, 0x42, 0x08, 0x42, 0x08, 0x42, 0x08, 0x42, 0x08, 0x42, 0x08, 0x42, 0x08,
  0x83, 0x10, 0x42, 0x08, 0x42, 0x08, 0x42, 0x08, 0x42, 0x08, 0x42, 0x08, 0x42, 0x08, 0x42, 0x08, 0x42, 0x08, 0x42, 0x08, 0x42, 0x08, 0x42, 0x08, 0x42, 0x08, 0x42, 0x08, 0x42, 0x08, 0x42, 0x08,
  0x42, 0x08, 0x42, 0x08, 0x42, 0x08, 0x42, 0x08, 0x42, 0x08, 0x42, 0x08, 0x42, 0x08, 0x42, 0x08, 0x42, 0x08, 0x42, 0x08, 0x42, 0x08, 0x42, 0x08, 0x42, 0x08, 0x42, 0x08, 0x42, 0x08, 0x42, 0x08,
  0x83, 0x10, 0x42, 0x08, 0x42, 0x08, 0x42, 0x08, 0x42, 0x08, 0x42, 0x08, 0x42, 0x08, 0x42, 0x08, 0x42, 0x08, 0x42, 0x08, 0x42, 0x08, 0x42, 0x08, 0x42, 0x08, 0x42, 0x08, 0x42, 0x08, 0x42, 0x08,
  0x42, 0x08, 0x42, 0x08, 0x42, 0x08, 0x42, 0x08, 0x42, 0x08, 0x42, 0x08, 0x42, 0x08, 0x42, 0x08, 0x42, 0x08, 0x42, 0x08, 0x42, 0x08, 0x42, 0x08, 0x42, 0x08, 0x42, 0x08, 0x42, 0x08, 0x42, 0x08,
  0x83, 0x10, 0x42, 0x08, 0x42, 0x08, 0x42, 0x08, 0x42, 0x08, 0x42, 0x08, 0x42, 0x08, 0x42, 0x08, 0x42, 0x08, 0x42, 0x08, 0x42, 0x08, 0x42, 0x08, 0x42, 0x08, 0x42, 0x08, 0x42, 0x08, 0x42, 0x08,
  0x42, 0x08, 0x42, 0x08, 0x42, 0x08, 0x42, 0x08, 0x42, 0x08, 0x42, 0x08, 0x42, 0x08, 0x42, 0x08, 0x42, 0x08, 0x42, 0x08, 0x42, 0x08, 0x42, 0x08, 0x42, 0x08, 0x42, 0x08, 0x42, 0x08, 0x42, 0x08,
  0x83, 0x10, 0x42, 0x08, 0x42, 0x08, 0x42, 0x08, 0x42, 0x08, 0x42, 0x08, 0x42, 0x08, 0x42, 0x08, 0x42, 0x08, 0x42, 0x08, 0x42, 0x08, 0x42, 0x08, 0x42, 0x08, 0x42, 0x08, 0x42, 0x08, 0x42, 0x08,
  0x42, 0x08, 0x42, 0x08, 0x42, 0x08, 0x42, 0x08, 0x42, 0x08, 0x42, 0x08, 0x42, 0x08, 0x42, 0x08, 0x42, 0x08, 0x42, 0x08, 0x42, 0x08, 0x42, 0x08, 0x42, 0x08, 0x42, 0x08, 0x42, 0x08, 0x42, 0x08,
};

const lv_image_dsc_t clockscreen = {
  .header.cf = LV_COLOR_FORMAT_RGB565,
  .header.magic = LV_IMAGE_HEADER_MAGIC,
  .header.w = 320,
  .header.h = 170,
  .data_size = 54400 * 2,
  .data = clockscreen_map,
};
