#ifdef __has_include
    #if __has_include("lvgl.h")
        #ifndef LV_LVGL_H_INCLUDE_SIMPLE
            #define LV_LVGL_H_INCLUDE_SIMPLE
        #endif
    #endif
#endif

#if defined(LV_LVGL_H_INCLUDE_SIMPLE)
    #include "lvgl.h"
#else
    #include "lvgl/lvgl.h"
#endif


#ifndef LV_ATTRIBUTE_MEM_ALIGN
#define LV_ATTRIBUTE_MEM_ALIGN
#endif

#ifndef LV_ATTRIBUTE_IMAGE_INITSCREEN2
#define LV_ATTRIBUTE_IMAGE_INITSCREEN2
#endif

const LV_ATTRIBUTE_MEM_ALIGN LV_ATTRIBUTE_LARGE_CONST LV_ATTRIBUTE_IMAGE_INITSCREEN2 uint8_t initscreen2_map[] = {
  0x1f, 0x33, 0x1f, 0x33, 0x1f, 0x33, 0x1f, 0x33, 0x1f, 0x33, 0x1f, 0x33, 0x1f, 0x33, 0x1f, 0x33, 0x1f, 0x33, 0x1f, 0x33, 0x7f, 0x43, 0x1f, 0x33, 0x1f, 0x33, 0x1f, 0x33, 0x1f, 0x33, 0x1f, 0x33,
  0x1f, 0x33, 0x1f, 0x33, 0x1f, 0x33, 0x1f, 0x33, 0x1f, 0x33, 0x1f, 0x33, 0x1f, 0x33, 0x1f, 0x33, 0x1f, 0x33, 0x1f, 0x33, 0x1f, 0x33, 0x1f, 0x33, 0x1f, 0x33, 0x1f, 0x33, 0x1f, 0x33, 0x1f, 0x33,
  0x1f, 0x33, 0x1f, 0x33, 0x1f, 0x33, 0x1f, 0x33, 0x1f, 0x33, 0x1f, 0x33, 0x1f, 0x33, 0x1f, 0x33, 0x1f, 0x33, 0x1f, 0x33, 0x1f, 0x33, 0x1f, 0x33, 0x7f, 0x43, 0x1f, 0x33, 0x1f, 0x33, 0x1f, 0x33,
  0x1f, 0x33, 0x1f, 0x33, 0x1f, 0x33, 0x1f, 0x33, 0x1f, 0x33, 0x1f, 0x33, 0x1f, 0x33, 0x1f, 0x33, 0x1f, 0x33, 0x1f, 0x33, 0x1f, 0x33, 0x1f, 0x33, 0x1f, 0x33, 0x1f, 0x33, 0x1f, 0x33, 0x1f, 0x33,
  0x1f, 0x33, 0x1f, 0x33, 0x1f, 0x33, 0x1f, 0x33, 0x1f, 0x33, 0x1f, 0x33, 0x1f, 0x33, 0x1f, 0x33, 0x1f, 0x33, 0x1f, 0x33, 0x1f, 0x33, 0x1f, 0x33, 0x1f, 0x33, 0x1f, 0x33, 0x7f, 0x43, 0x1f, 0x33,
  0x1f, 0x33, 0x1f, 0x33, 0x1f, 0x33, 0x1f, 0x33, 0x1f, 0x33, 0x1f, 0x33, 0x1f, 0x33, 0x1f, 0x33, 0x1f, 0x33, 0x1f, 0x33, 0x1f, 0x33, 0x1f, 0x33, 0x1f, 0x33, 0x1f, 0x33, 0x1f, 0x33, 0x1f, 0x33,
  0x1f, 0x33, 0x1f, 0x33, 0x1f, 0x33, 0x1f, 0x33, 0x1f, 0x33, 0x1f, 0x33, 0x1f, 0x33, 0x1f, 0x33, 0x1f, 0x33, 0x1f, 0x33, 0x1f, 0x33, 0x1f, 0x33, 0x1f, 0x33, 0x1f, 0x33, 0x1f, 0x33, 0x1f, 0x33,
  0x7f, 0x43, 0x1f, 0x33, 0x1f, 0x33, 0x1f, 0x33, 0x1f, 0x33, 0x1f, 0x33, 0x1f, 0x33, 0x1f, 0x33, 0x1f, 0x33, 0x1f, 0x33, 0x1f, 0x33, 0x1f, 0x33, 0x1f, 0x33, 0x1f, 0x33, 0x1f, 0x33, 0x1f, 0x33,
  0x1f, 0x33, 0x1f, 0x33, 0x1f, 0x33, 0x1f, 0x33, 0x1f, 0x33, 0x1f, 0x33, 0x1f, 0x33, 0x1f, 0x33, 0x1f, 0x33, 0x1f, 0x33, 0x1f, 0x33, 0x1f, 0x33, 0x1f, 0x33, 0x1f, 0x33, 0x1f, 0x33, 0x1f, 0x33,
  0x1f, 0x33, 0x1f, 0x33, 0x7f, 0x43, 0x1f, 0x33, 0x1f, 0x33, 0x1f, 0x33, 0x1f, 0x33, 0x1f, 0x33, 0x1f, 0x33, 0x1f, 0x33, 0x1f, 0x33, 0x1f, 0x33, 0x1f, 0x33, 0x1f, 0x33, 0x1f, 0x33, 0x1f, 0x33,
  0x1f, 0x33, 0x1f, 0x33, 0x1f, 0x33, 0x1f, 0x33, 0x1f, 0x33, 0x1f, 0x33, 0x1f, 0x33, 0x1f, 0x33, 0x1f, 0x33, 0x1f, 0x33, 0x1f, 0x33, 0x1f, 0x33, 0x1f, 0x33, 0x1f, 0x33, 0x1f, 0x33, 0x1f, 0x33,
  0x1f, 0x33, 0x1f, 0x33, 0x1f, 0x33, 0x1f, 0x33, 0x7f, 0x43, 0x1f, 0x33, 0x1f, 0x33, 0x1f, 0x33, 0x1f, 0x33, 0x1f, 0x33, 0x1f, 0x33, 0x1f, 0x33, 0x1f, 0x33, 0x1f, 0x33, 0x1f, 0x33, 0x1f, 0x33,
  0x1f, 0x33, 0x1f, 0x33, 0x1f, 0x33, 0x1f, 0x33, 0x1f, 0x33, 0x1f, 0x33, 0x1f, 0x33, 0x1f, 0x33, 0x1f, 0x33, 0x1f, 0x33, 0x1f, 0x33, 0x1f, 0x33, 0x1f, 0x33, 0x1f, 0x33, 0x1f, 0x33, 0x1f, 0x33,
  0x1f, 0x33, 0x1f, 0x33, 0x1f, 0x33, 0x1f, 0x33, 0x1f, 0x33, 0x1f, 0x33, 0x7f, 0x43, 0x1f, 0x33, 0x1f, 0x33, 0x1f, 0x33, 0x1f, 0x33, 0x1f, 0x33, 0x1f, 0x33, 0x1f, 0x33, 0x1f, 0x33, 0x1f, 0x33,
  0x1f, 0x33, 0x1f, 0x33, 0x1f, 0x33, 0x1f, 0x33, 0x1f, 0x33, 0x1f, 0x33, 0x1f, 0x33, 0x1f, 0x33, 0x1f, 0x33, 0x1f, 0x33, 0x1f, 0x33, 0x1f, 0x33, 0x1f, 0x33, 0x1f, 0x33, 0x1f, 0x33, 0x1f, 0x33,
  0x1f, 0x33, 0x1f, 0x33, 0x1f, 0x33, 0x1f, 0x33, 0x1f, 0x33, 0x1f, 0x33, 0x1f, 0x33, 0x1f, 0x33, 0x7f, 0x43, 0x1f, 0x33, 0x1f, 0x33, 0x1f, 0x33, 0x1f, 0x33, 0x1f, 0x33, 0x1f, 0x33, 0x1f, 0x33,
  0x1f, 0x33, 0x1f, 0x33, 0x1f, 0x33, 0x1f, 0x33, 0x1f, 0x33, 0x1f, 0x33, 0x1f, 0x33, 0x1f, 0x33, 0x1f, 0x33, 0x1f, 0x33, 0x1f, 0x33, 0x1f, 0x33, 0x1f, 0x33, 0x1f, 0x33, 0x1f, 0x33, 0x1f, 0x33,
  0x1f, 0x33, 0x1f, 0x33, 0x1f, 0x33, 0x1f, 0x33, 0x1f, 0x33, 0x1f, 0x33, 0x1f, 0x33, 0x1f, 0x33, 0x1f, 0x33, 0x1f, 0x33, 0x7f, 0x43, 0x1f, 0x33, 0x1f, 0x33, 0x1f, 0x33, 0x1f, 0x33, 0x1f, 0x33,
  0x1f, 0x33, 0x1f, 0x33, 0x1f, 0x33, 0x1f, 0x33, 0x1f, 0x33, 0x1f, 0x33, 0x1f, 0x33, 0x1f, 0x33, 0x1f, 0x33, 0x1f, 0x33, 0x1f, 0x33, 0x1f, 0x33, 0x1f, 0x33, 0x1f, 0x33, 0x1f, 0x33, 0x1f, 0x33,
  0x1f, 0x33, 0x1f, 0x33, 0x1f, 0x33, 0x1f, 0x33, 0x1f, 0x33, 0x1f, 0x33, 0x1f, 0x33, 0x1f, 0x33, 0x1f, 0x33, 0x1f, 0x33, 0x1f, 0x33, 0x1f, 0x33, 0x7f, 0x43, 0x1f, 0x33, 0x1f, 0x33, 0x1f, 0x33,
  0xff, 0x3a, 0xff, 0x3a, 0xff, 0x3a, 0xff, 0x3a, 0xff, 0x3a, 0xff, 0x3a, 0xff, 0x3a, 0xff, 0x3a, 0xff, 0x3a, 0x5f, 0x4b, 0xff, 0x3a, 0xff, 0x3a, 0xff, 0x3a, 0xff, 0x3a, 0xff, 0x3a, 0xff, 0x3a,
  0xff, 0x3a, 0xff, 0x3a, 0xff, 0x3a, 0xff, 0x3a, 0xff, 0x3a, 0xff, 0x3a, 0xff, 0x3a, 0xff, 0x3a, 0xff, 0x3a, 0xff, 0x3a, 0xff, 0x3a, 0xff, 0x3a, 0xff, 0x3a, 0xff, 0x3a, 0xff, 0x3a, 0xff, 0x3a,
  0xff, 0x3a, 0xff, 0x3a, 0xff, 0x3a, 0xff, 0x3a, 0xff, 0x3a, 0xff, 0x3a, 0xff, 0x3a, 0xff, 0x3a, 0xff, 0x3a, 0xff, 0x3a, 0xff, 0x3a, 0x5f, 0x4b, 0xff, 0x3a, 0xff, 0x3a, 0xff, 0x3a, 0xff, 0x3a,
  0xff, 0x3a, 0xff, 0x3a, 0xff, 0x3a, 0xff, 0x3a, 0xff, 0x3a, 0xff, 0x3a, 0xff, 0x3a, 0xff, 0x3a, 0xff, 0x3a, 0xff, 0x3a, 0xff, 0x3a, 0xff, 0x3a, 0xff, 0x3a, 0xff, 0x3a, 0xff, 0x3a, 0xff, 0x3a,
  0xff, 0x3a, 0xff, 0x3a, 0xff, 0x3a, 0xff, 0x3a, 0xff, 0x3a, 0xff, 0x3a, 0xff, 0x3a, 0xff, 0x3a, 0xff, 0x3a, 0xff, 0x3a, 0xff, 0x3a, 0xff, 0x3a, 0xff, 0x3a, 0x5f, 0x4b, 0xff, 0x3a, 0xff, 0x3a,
  0xff, 0x3a, 0xff, 0x3a, 0xff, 0x3a, 0xff, 0x3a, 0xff, 0x3a, 0xff, 0x3a, 0xff, 0x3a, 0xff, 0x3a, 0xff, 0x3a, 0xff, 0x3a, 0xff, 0x3a, 0xff, 0x3a, 0xff, 0x3a, 0xff, 0x3a, 0xff, 0x3a, 0xff, 0x3a,
  0xff, 0x3a, 0xff, 0x3a, 0xff, 0x3a, 0xff, 0x3a, 0xff, 0x3a, 0xff, 0x3a, 0xff, 0x3a, 0xff, 0x3a, 0xff, 0x3a, 0xff, 0x3a, 0xff, 0x3a, 0xff, 0x3a, 0xff, 0x3a, 0xff, 0x3a, 0xff, 0x3a, 0x5f, 0x4b,
  0xff, 0x3a, 0xff, 0x3a, 0xff, 0x3a, 0xff, 0x3a, 0xff, 0x3a, 0xff, 0x3a, 0xff, 0x3a, 0xff, 0x3a, 0xff, 0x3a, 0xff, 0x3a, 0xff, 0x3a, 0xff, 0x3a, 0xff, 0x3a, 0xff, 0x3a, 0xff, 0x3a, 0xff, 0x3a,
  0xff, 0x3a, 0xff, 0x3a, 0xff, 0x3a, 0xff, 0x3a, 0xff, 0x3a, 0xff, 0x3a, 0xff, 0x3a, 0xff, 0x3a, 0xff, 0x3a, 0xff, 0x3a, 0xff, 0x3a, 0xff, 0x3a, 0xff, 0x3a, 0xff, 0x3a, 0xff, 0x3a, 0xff, 0x3a,
  0xff, 0x3a, 0x5f, 0x4b, 0xff, 0x3a, 0xff, 0x3a, 0xff, 0x3a, 0xff, 0x3a, 0xff, 0x3a, 0xff, 0x3a, 0xff, 0x3a, 0xff, 0x3a, 0xff, 0x3a, 0xff, 0x3a, 0xff, 0x3a, 0xff, 0x3a, 0xff, 0x3a, 0xff, 0x3a,
  0xff, 0x3a, 0xff, 0x3a, 0xff, 0x3a, 0xff, 0x3a, 0xff, 0x3a, 0xff, 0x3a, 0xff, 0x3a, 0xff, 0x3a, 0xff, 0x3a, 0xff, 0x3a, 0xff, 0x3a, 0xff, 0x3a, 0xff, 0x3a, 0xff, 0x3a, 0xff, 0x3a, 0xff, 0x3a,
  0xff, 0x3a, 0xff, 0x3a, 0xff, 0x3a, 0x5f, 0x4b, 0xff, 0x3a, 0xff, 0x3a, 0xff, 0x3a, 0xff, 0x3a, 0xff, 0x3a, 0xff, 0x3a, 0xff, 0x3a, 0xff, 0x3a, 0xff, 0x3a, 0xff, 0x3a, 0xff, 0x3a, 0xff, 0x3a,
  0xff, 0x3a, 0xff, 0x3a, 0xff, 0x3a, 0xff, 0x3a, 0xff, 0x3a, 0xff, 0x3a, 0xff, 0x3a, 0xff, 0x3a, 0xff, 0x3a, 0xff, 0x3a, 0xff, 0x3a, 0xff, 0x3a, 0xff, 0x3a, 0xff, 0x3a, 0xff, 0x3a, 0xff, 0x3a,
  0xff, 0x3a, 0xff, 0x3a, 0xff, 0x3a, 0xff, 0x3a, 0xff, 0x3a, 0x5f, 0x4b, 0xff, 0x3a, 0xff, 0x3a, 0xff, 0x3a, 0xff, 0x3a, 0xff, 0x3a, 0xff, 0x3a, 0xff, 0x3a, 0xff, 0x3a, 0xff, 0x3a, 0xff, 0x3a,
  0xff, 0x3a, 0xff, 0x3a, 0xff, 0x3a, 0xff, 0x3a, 0xff, 0x3a, 0xff, 0x3a, 0xff, 0x3a, 0xff, 0x3a, 0xff, 0x3a, 0xff, 0x3a, 0xff, 0x3a, 0xff, 0x3a, 0xff, 0x3a, 0xff, 0x3a, 0xff, 0x3a, 0xff, 0x3a,
  0xff, 0x3a, 0xff, 0x3a, 0xff, 0x3a, 0xff, 0x3a, 0xff, 0x3a, 0xff, 0x3a, 0xff, 0x3a, 0x5f, 0x4b, 0xff, 0x3a, 0xff, 0x3a, 0xff, 0x3a, 0xff, 0x3a, 0xff, 0x3a, 0xff, 0x3a, 0xff, 0x3a, 0xff, 0x3a,
  0xff, 0x3a, 0xff, 0x3a, 0xff, 0x3a, 0xff, 0x3a, 0xff, 0x3a, 0xff, 0x3a, 0xff, 0x3a, 0xff, 0x3a, 0xff, 0x3a, 0xff, 0x3a, 0xff, 0x3a, 0xff, 0x3a, 0xff, 0x3a, 0xff, 0x3a, 0xff, 0x3a, 0xff, 0x3a,
  0xff, 0x3a, 0xff, 0x3a, 0xff, 0x3a, 0xff, 0x3a, 0xff, 0x3a, 0xff, 0x3a, 0xff, 0x3a, 0xff, 0x3a, 0xff, 0x3a, 0x5f, 0x4b, 0xff, 0x3a, 0xff, 0x3a, 0xff, 0x3a, 0xff, 0x3a, 0xff, 0x3a, 0xff, 0x3a,
  0xff, 0x3a, 0xff, 0x3a, 0xff, 0x3a, 0xff, 0x3a, 0xff, 0x3a, 0xff, 0x3a, 0xff, 0x3a, 0xff, 0x3a, 0xff, 0x3a, 0xff, 0x3a, 0xff, 0x3a, 0xff, 0x3a, 0xff, 0x3a, 0xff, 0x3a, 0xff, 0x3a, 0xff, 0x3a,
  0xff, 0x3a, 0xff, 0x3a, 0xff, 0x3a, 0xff, 0x3a, 0xff, 0x3a, 0xff, 0x3a, 0xff, 0x3a, 0xff, 0x3a, 0xff, 0x3a, 0xff, 0x3a, 0xff, 0x3a, 0x5f, 0x4b, 0xff, 0x3a, 0xff, 0x3a, 0xff, 0x3a, 0xff, 0x3a,
  0xff, 0x3a, 0xff, 0x3a, 0xff, 0x3a, 0xff, 0x3a, 0xff, 0x3a, 0xff, 0x3a, 0xff, 0x3a, 0xff, 0x3a, 0x5f, 0x4b, 0xff, 0x3a, 0xff, 0x3a, 0xff, 0x3a, 0xff, 0x3a, 0xff, 0x3a, 0xff, 0x3a, 0xff, 0x3a,
  0xff, 0x3a, 0xff, 0x3a, 0xff, 0x3a, 0xff, 0x3a, 0xff, 0x3a, 0xff, 0x3a, 0xff, 0x3a, 0xff, 0x3a, 0xff, 0x3a, 0xff, 0x3a, 0xff, 0x3a, 0xff, 0x3a, 0xff, 0x3a, 0xff, 0x3a, 0xff, 0x3a, 0xff, 0x3a,
  0xff, 0x3a, 0xff, 0x3a, 0xff, 0x3a, 0xff, 0x3a, 0xff, 0x3a, 0xff, 0x3a, 0xff, 0x3a, 0xff, 0x3a, 0xff, 0x3a, 0xff, 0x3a, 0x5f, 0x4b, 0xff, 0x3a, 0xff, 0x3a, 0xff, 0x3a, 0xff, 0x3a, 0xff, 0x3a,
  0xff, 0x3a, 0xff, 0x3a, 0xff, 0x3a, 0xff, 0x3a, 0xff, 0x3a, 0xff, 0x3a, 0xff, 0x3a, 0xff, 0x3a, 0xff, 0x3a, 0xff, 0x3a, 0xff, 0x3a, 0xff, 0x3a, 0xff, 0x3a, 0xff, 0x3a, 0xff, 0x3a, 0xff, 0x3a,
  0xff, 0x3a, 0xff, 0x3a, 0xff, 0x3a, 0xff, 0x3a, 0xff, 0x3a, 0xff, 0x3a, 0xff, 0x3a, 0xff, 0x3a, 0xff, 0x3a, 0xff, 0x3a, 0xff, 0x3a, 0xff, 0x3a, 0x5f, 0x4b, 0xff, 0x3a, 0xff, 0x3a, 0xff, 0x3a,
  0xff, 0x3a, 0xff, 0x3a, 0xff, 0x3a, 0xff, 0x3a, 0xff, 0x3a, 0xff, 0x3a, 0xff, 0x3a, 0xff, 0x3a, 0xff, 0x3a, 0xff, 0x3a, 0xff, 0x3a, 0xff, 0x3a, 0xff, 0x3a, 0xff, 0x3a, 0xff, 0x3a, 0xff, 0x3a,
  0xff, 0x3a, 0xff, 0x3a, 0xff, 0x3a, 0xff, 0x3a, 0xff, 0x3a, 0xff, 0x3a, 0xff, 0x3a, 0xff, 0x3a, 0xff, 0x3a, 0xff, 0x3a, 0xff, 0x3a, 0xff, 0x3a, 0xff, 0x3a, 0xff, 0x3a, 0x5f, 0x4b, 0xff, 0x3a,
  0xff, 0x3a, 0xff, 0x3a, 0xff, 0x3a, 0xff, 0x3a, 0xff, 0x3a, 0xff, 0x3a, 0xff, 0x3a, 0xff, 0x3a, 0xff, 0x3a, 0xff, 0x3a, 0xff, 0x3a, 0xff, 0x3a, 0xff, 0x3a, 0xff, 0x3a, 0xff, 0x3a, 0xff, 0x3a,
  0xff, 0x3a, 0xff, 0x3a, 0xff, 0x3a, 0xff, 0x3a, 0xff, 0x3a, 0xff, 0x3a, 0xff, 0x3a, 0xff, 0x3a, 0xff, 0x3a, 0xff, 0x3a, 0xff, 0x3a, 0xff, 0x3a, 0xff, 0x3a, 0xff, 0x3a, 0xff, 0x3a, 0xff, 0x3a,
  0x5f, 0x4b, 0xff, 0x3a, 0xff, 0x3a, 0xff, 0x3a, 0xff, 0x3a, 0xff, 0x3a, 0xff, 0x3a, 0xff, 0x3a, 0xff, 0x3a, 0xff, 0x3a, 0xff, 0x3a, 0xff, 0x3a, 0xff, 0x3a, 0xff, 0x3a, 0xff, 0x3a, 0xff, 0x3a,
  0xff, 0x3a, 0xff, 0x3a, 0xff, 0x3a, 0xff, 0x3a, 0xff, 0x3a, 0xff, 0x3a, 0xff, 0x3a, 0xff, 0x3a, 0xff, 0x3a, 0xff, 0x3a, 0xff, 0x3a, 0xff, 0x3a, 0xff, 0x3a, 0xff, 0x3a, 0xff, 0x3a, 0xff, 0x3a,
  0xff, 0x3a, 0xff, 0x3a, 0x5f, 0x4b, 0xff, 0x3a, 0xff, 0x3a, 0xff, 0x3a, 0xff, 0x3a, 0xff, 0x3a, 0xff, 0x3a, 0xff, 0x3a, 0xff, 0x3a, 0xff, 0x3a, 0xff, 0x3a, 0xff, 0x3a, 0xff, 0x3a, 0xff, 0x3a,
  0xff, 0x3a, 0xff, 0x3a, 0xff, 0x3a, 0xff, 0x3a, 0xff, 0x3a, 0xff, 0x3a, 0xff, 0x3a, 0xff, 0x3a, 0xff, 0x3a, 0xff, 0x3a, 0xff, 0x3a, 0xff, 0x3a, 0xff, 0x3a, 0xff, 0x3a, 0xff, 0x3a, 0xff, 0x3a,
  0xff, 0x3a, 0xff, 0x3a, 0xff, 0x3a, 0xff, 0x3a, 0x5f, 0x4b, 0xff, 0x3a, 0xff, 0x3a, 0xff, 0x3a, 0xff, 0x3a, 0xff, 0x3a, 0xff, 0x3a, 0xff, 0x3a, 0xff, 0x3a, 0xff, 0x3a, 0xff, 0x3a, 0xff, 0x3a,
  0xff, 0x3a, 0xff, 0x3a, 0xff, 0x3a, 0xff, 0x3a, 0xff, 0x3a, 0xff, 0x3a, 0xff, 0x3a, 0xff, 0x3a, 0xff, 0x3a, 0xff, 0x3a, 0xff, 0x3a, 0xff, 0x3a, 0xff, 0x3a, 0xff, 0x3a, 0xff, 0x3a, 0xff, 0x3a,
  0xff, 0x3a, 0xff, 0x3a, 0xff, 0x3a, 0xff, 0x3a, 0xff, 0x3a, 0xff, 0x3a, 0x5f, 0x4b, 0xff, 0x3a, 0xff, 0x3a, 0xff, 0x3a, 0xff, 0x3a, 0xff, 0x3a, 0xff, 0x3a, 0xff, 0x3a, 0xff, 0x3a, 0xff, 0x3a,
  0xff, 0x3a, 0xff, 0x3a, 0xff, 0x3a, 0xff, 0x3a, 0xff, 0x3a, 0xff, 0x3a, 0xff, 0x3a, 0xff, 0x3a, 0xff, 0x3a, 0xff, 0x3a, 0xff, 0x3a, 0xff, 0x3a, 0xff, 0x3a, 0xff, 0x3a, 0xff, 0x3a, 0xff, 0x3a,
  0xff, 0x3a, 0xff, 0x3a, 0xff, 0x3a, 0xff, 0x3a, 0xff, 0x3a, 0xff, 0x3a, 0xff, 0x3a, 0xff, 0x3a, 0x5f, 0x4b, 0xff, 0x3a, 0xff, 0x3a, 0xff, 0x3a, 0xff, 0x3a, 0xff, 0x3a, 0xff, 0x3a, 0xff, 0x3a,
  0xff, 0x3a, 0xff, 0x3a, 0xff, 0x3a, 0xff, 0x3a, 0xff, 0x3a, 0xff, 0x3a, 0xff, 0x3a, 0xff, 0x3a, 0xff, 0x3a, 0xff, 0x3a, 0xff, 0x3a, 0xff, 0x3a, 0xff, 0x3a, 0xff, 0x3a, 0xff, 0x3a, 0xff, 0x3a,
  0xff, 0x3a, 0xff, 0x3a, 0xff, 0x3a, 0xff, 0x3a, 0xff, 0x3a, 0xff, 0x3a, 0xff, 0x3a, 0xff, 0x3a, 0xff, 0x3a, 0xff, 0x3a, 0x5f, 0x4b, 0xff, 0x3a, 0xff, 0x3a, 0xff, 0x3a, 0xff, 0x3a, 0xff, 0x3a,
  0x1f, 0x3b, 0x1f, 0x3b, 0x1f, 0x3b, 0x1f, 0x3b, 0x1f, 0x3b, 0x1f, 0x3b, 0x1f, 0x3b, 0x7f, 0x4b, 0x1f, 0x3b, 0x1f, 0x3b, 0x1f, 0x3b, 0x1f, 0x3b, 0x1f, 0x3b, 0x1f, 0x3b, 0x1f, 0x3b, 0x1f, 0x3b,
  0x1f, 0x3b, 0x1f, 0x3b, 0x1f, 0x3b, 0x1f, 0x3b, 0x1f, 0x3b, 0x1f, 0x3b, 0x1f, 0x3b, 0x1f, 0x3b, 0x1f, 0x3b, 0x1f, 0x3b, 0x1f, 0x3b, 0x1f, 0x3b, 0x1f, 0x3b, 0x1f, 0x3b, 0x1f, 0x3b, 0x1f, 0x3b,
  0x1f, 0x3b, 0x1f, 0x3b, 0x1f, 0x3b, 0x1f, 0x3b, 0x1f, 0x3b, 0x1f, 0x3b, 0x1f, 0x3b, 0x1f, 0x3b, 0x1f, 0x3b, 0x7f, 0x4b, 0x1f, 0x3b, 0x1f, 0x3b, 0x1f, 0x3b, 0x1f, 0x3b, 0x1f, 0x3b, 0x1f, 0x3b,
  0x1f, 0x3b, 0x1f, 0x3b, 0x1f, 0x3b, 0x1f, 0x3b, 0x1f, 0x3b, 0x1f, 0x3b, 0x1f, 0x3b, 0x1f, 0x3b, 0x1f, 0x3b, 0x1f, 0x3b, 0x1f, 0x3b, 0x1f, 0x3b, 0x1f, 0x3b, 0x1f, 0x3b, 0x1f, 0x3b, 0x1f, 0x3b,
  0x1f, 0x3b, 0x1f, 0x3b, 0x1f, 0x3b, 0x1f, 0x3b, 0x1f, 0x3b, 0x1f, 0x3b, 0x1f, 0x3b, 0x1f, 0x3b, 0x1f, 0x3b, 0x1f, 0x3b, 0x1f, 0x3b, 0x7f, 0x4b, 0x1f, 0x3b, 0x1f, 0x3b, 0x1f, 0x3b, 0x1f, 0x3b,
  0x1f, 0x3b, 0x1f, 0x3b, 0x1f, 0x3b, 0x1f, 0x3b, 0x1f, 0x3b, 0x1f, 0x3b, 0x1f, 0x3b, 0x1f, 0x3b, 0x1f, 0x3b, 0x1f, 0x3b, 0x1f, 0x3b, 0x1f, 0x3b, 0x1f, 0x3b, 0x1f, 0x3b, 0x1f, 0x3b, 0x1f, 0x3b,
  0x1f, 0x3b, 0x1f, 0x3b, 0x1f, 0x3b, 0x1f, 0x3b, 0x1f, 0x3b, 0x1f, 0x3b, 0x1f, 0x3b, 0x1f, 0x3b, 0x1f, 0x3b, 0x1f, 0x3b, 0x1f, 0x3b, 0x1f, 0x3b, 0x1f, 0x3b, 0x7f, 0x4b, 0x1f, 0x3b, 0x1f, 0x3b,
  0x1f, 0x3b, 0x1f, 0x3b, 0x1f, 0x3b, 0x1f, 0x3b, 0x1f, 0x3b, 0x1f, 0x3b, 0x1f, 0x3b, 0x1f, 0x3b, 0x1f, 0x3b, 0x1f, 0x3b, 0x1f, 0x3b, 0x1f, 0x3b, 0x1f, 0x3b, 0x1f, 0x3b, 0x1f, 0x3b, 0x1f, 0x3b,
  0x1f, 0x3b, 0x1f, 0x3b, 0x1f, 0x3b, 0x1f, 0x3b, 0x1f, 0x3b, 0x1f, 0x3b, 0x1f, 0x3b, 0x1f, 0x3b, 0x1f, 0x3b, 0x1f, 0x3b, 0x1f, 0x3b, 0x1f, 0x3b, 0x1f, 0x3b, 0x1f, 0x3b, 0x1f, 0x3b, 0x7f, 0x4b,
  0x1f, 0x3b, 0x1f, 0x3b, 0x1f, 0x3b, 0x1f, 0x3b, 0x1f, 0x3b, 0x1f, 0x3b, 0x1f, 0x3b, 0x1f, 0x3b, 0x1f, 0x3b, 0x1f, 0x3b, 0x1f, 0x3b, 0x1f, 0x3b, 0x1f, 0x3b, 0x1f, 0x3b, 0x1f, 0x3b, 0x1f, 0x3b,
  0x1f, 0x3b, 0x1f, 0x3b, 0x1f, 0x3b, 0x1f, 0x3b, 0x1f, 0x3b, 0x1f, 0x3b, 0x1f, 0x3b, 0x1f, 0x3b, 0x1f, 0x3b, 0x1f, 0x3b, 0x1f, 0x3b, 0x1f, 0x3b, 0x1f, 0x3b, 0x1f, 0x3b, 0x1f, 0x3b, 0x1f, 0x3b,
  0x1f, 0x3b, 0x7f, 0x4b, 0x1f, 0x3b, 0x1f, 0x3b, 0x1f, 0x3b, 0x1f, 0x3b, 0x1f, 0x3b, 0x1f, 0x3b, 0x1f, 0x3b, 0x1f, 0x3b, 0x1f, 0x3b, 0x1f, 0x3b, 0x1f, 0x3b, 0x1f, 0x3b, 0x1f, 0x3b, 0x1f, 0x3b,
  0x1f, 0x3b, 0x1f, 0x3b, 0x1f, 0x3b, 0x1f, 0x3b, 0x1f, 0x3b, 0x1f, 0x3b, 0x1f, 0x3b, 0x1f, 0x3b, 0x1f, 0x3b, 0x1f, 0x3b, 0x1f, 0x3b, 0x1f, 0x3b, 0x1f, 0x3b, 0x1f, 0x3b, 0x1f, 0x3b, 0x1f, 0x3b,
  0x1f, 0x3b, 0x1f, 0x3b, 0x1f, 0x3b, 0x7f, 0x4b, 0x1f, 0x3b, 0x1f, 0x3b, 0x1f, 0x3b, 0x1f, 0x3b, 0x1f, 0x3b, 0x1f, 0x3b, 0x1f, 0x3b, 0x1f, 0x3b, 0x1f, 0x3b, 0x1f, 0x3b, 0x1f, 0x3b, 0x1f, 0x3b,
  0x1f, 0x3b, 0x1f, 0x3b, 0x1f, 0x3b, 0x1f, 0x3b, 0x1f, 0x3b, 0x1f, 0x3b, 0x1f, 0x3b, 0x1f, 0x3b, 0x1f, 0x3b, 0x1f, 0x3b, 0x1f, 0x3b, 0x1f, 0x3b, 0x1f, 0x3b, 0x1f, 0x3b, 0x1f, 0x3b, 0x1f, 0x3b,
  0x1f, 0x3b, 0x1f, 0x3b, 0x1f, 0x3b, 0x1f, 0x3b, 0x1f, 0x3b, 0x7f, 0x4b, 0x1f, 0x3b, 0x1f, 0x3b, 0x1f, 0x3b, 0x1f, 0x3b, 0x1f, 0x3b, 0x1f, 0x3b, 0x1f, 0x3b, 0x1f, 0x3b, 0x1f, 0x3b, 0x1f, 0x3b,
  0x1f, 0x3b, 0x1f, 0x3b, 0x1f, 0x3b, 0x1f, 0x3b, 0x1f, 0x3b, 0x1f, 0x3b, 0x1f, 0x3b, 0x1f, 0x3b, 0x1f, 0x3b, 0x1f, 0x3b, 0x1f, 0x3b, 0x1f, 0x3b, 0x1f, 0x3b, 0x1f, 0x3b, 0x1f, 0x3b, 0x1f, 0x3b,
  0x1f, 0x3b, 0x1f, 0x3b, 0x1f, 0x3b, 0x1f, 0x3b, 0x1f, 0x3b, 0x1f, 0x3b, 0x1f, 0x3b, 0x7f, 0x4b, 0x1f, 0x3b, 0x1f, 0x3b, 0x1f, 0x3b, 0x1f, 0x3b, 0x1f, 0x3b, 0x1f, 0x3b, 0x1f, 0x3b, 0x1f, 0x3b,
  0x1f, 0x3b, 0x1f, 0x3b, 0x1f, 0x3b, 0x1f, 0x3b, 0x1f, 0x3b, 0x1f, 0x3b, 0x1f, 0x3b, 0x1f, 0x3b, 0x1f, 0x3b, 0x1f, 0x3b, 0x1f, 0x3b, 0x1f, 0x3b, 0x1f, 0x3b, 0x1f, 0x3b, 0x1f, 0x3b, 0x1f, 0x3b,
  0x1f, 0x3b, 0x1f, 0x3b, 0x1f, 0x3b, 0x1f, 0x3b, 0x1f, 0x3b, 0x1f, 0x3b, 0x1f, 0x3b, 0x1f, 0x3b, 0x1f, 0x3b, 0x7f, 0x4b, 0x1f, 0x3b, 0x1f, 0x3b, 0x1f, 0x3b, 0x1f, 0x3b, 0x1f, 0x3b, 0x1f, 0x3b,
  0x1f, 0x3b, 0x1f, 0x3b, 0x1f, 0x3b, 0x1f, 0x3b, 0x1f, 0x3b, 0x1f, 0x3b, 0x7f, 0x4b, 0x1f, 0x3b, 0x1f, 0x3b, 0x1f, 0x3b, 0x1f, 0x3b, 0x1f, 0x3b, 0x1f, 0x3b, 0x1f, 0x3b, 0x1f, 0x3b, 0x1f, 0x3b,
  0x1f, 0x3b, 0x1f, 0x3b, 0x1f, 0x3b, 0x1f, 0x3b, 0x1f, 0x3b, 0x1f, 0x3b, 0x1f, 0x3b, 0x1f, 0x3b, 0x1f, 0x3b, 0x1f, 0x3b, 0x1f, 0x3b, 0x1f, 0x3b, 0x1f, 0x3b, 0x1f, 0x3b, 0x1f, 0x3b, 0x1f, 0x3b,
  0x1f, 0x3b, 0x1f, 0x3b, 0x1f, 0x3b, 0x1f, 0x3b, 0x1f, 0x3b, 0x1f, 0x3b, 0x1f, 0x3b, 0x1f, 0x3b, 0x7f, 0x4b, 0x1f, 0x3b, 0x1f, 0x3b, 0x1f, 0x3b, 0x1f, 0x3b, 0x1f, 0x3b, 0x1f, 0x3b, 0x1f, 0x3b,
  0x1f, 0x3b, 0x1f, 0x3b, 0x1f, 0x3b, 0x1f, 0x3b, 0x1f, 0x3b, 0x1f, 0x3b, 0x1f, 0x3b, 0x1f, 0x3b, 0x1f, 0x3b, 0x1f, 0x3b, 0x1f, 0x3b, 0x1f, 0x3b, 0x1f, 0x3b, 0x1f, 0x3b, 0x1f, 0x3b, 0x1f, 0x3b,
  0x1f, 0x3b, 0x1f, 0x3b, 0x1f, 0x3b, 0x1f, 0x3b, 0x1f, 0x3b, 0x1f, 0x3b, 0x1f, 0x3b, 0x1f, 0x3b, 0x1f, 0x3b, 0x1f, 0x3b, 0x7f, 0x4b, 0x1f, 0x3b, 0x1f, 0x3b, 0x1f, 0x3b, 0x1f, 0x3b, 0x1f, 0x3b,
  0x1f, 0x3b, 0x1f, 0x3b, 0x1f, 0x3b, 0x1f, 0x3b, 0x1f, 0x3b, 0x1f, 0x3b, 0x1f, 0x3b, 0x1f, 0x3b, 0x1f, 0x3b, 0x1f, 0x3b, 0x1f, 0x3b, 0x1f, 0x3b, 0x1f, 0x3b, 0x1f, 0x3b, 0x1f, 0x3b, 0x1f, 0x3b,
  0x1f, 0x3b, 0x1f, 0x3b, 0x1f, 0x3b, 0x1f, 0x3b, 0x1f, 0x3b, 0x1f, 0x3b, 0x1f, 0x3b, 0x1f, 0x3b, 0x1f, 0x3b, 0x1f, 0x3b, 0x1f, 0x3b, 0x1f, 0x3b, 0x7f, 0x4b, 0x1f, 0x3b, 0x1f, 0x3b, 0x1f, 0x3b,
  0x1f, 0x3b, 0x1f, 0x3b, 0x1f, 0x3b, 0x1f, 0x3b, 0x1f, 0x3b, 0x1f, 0x3b, 0x1f, 0x3b, 0x1f, 0x3b, 0x1f, 0x3b, 0x1f, 0x3b, 0x1f, 0x3b, 0x1f, 0x3b, 0x1f, 0x3b, 0x1f, 0x3b, 0x1f, 0x3b, 0x1f, 0x3b,
  0x1f, 0x3b, 0x1f, 0x3b, 0x1f, 0x3b, 0x1f, 0x3b, 0x1f, 0x3b, 0x1f, 0x3b, 0x1f, 0x3b, 0x1f, 0x3b, 0x1f, 0x3b, 0x1f, 0x3b, 0x1f, 0x3b, 0x1f, 0x3b, 0x1f, 0x3b, 0x1f, 0x3b, 0x7f, 0x4b, 0x1f, 0x3b,
  0x1f, 0x3b, 0x1f, 0x3b, 0x1f, 0x3b, 0x1f, 0x3b, 0x1f, 0x3b, 0x1f, 0x3b, 0x1f, 0x3b, 0x1f, 0x3b, 0x1f, 0x3b, 0x1f, 0x3b, 0x1f, 0x3b, 0x1f, 0x3b, 0x1f, 0x3b, 0x1f, 0x3b, 0x1f, 0x3b, 0x1f, 0x3b,
  0x1f, 0x3b, 0x1f, 0x3b, 0x1f, 0x3b, 0x1f, 0x3b, 0x1f, 0x3b, 0x1f, 0x3b, 0x1f, 0x3b, 0x1f, 0x3b, 0x1f, 0x3b, 0x1f, 0x3b, 0x1f, 0x3b, 0x1f, 0x3b, 0x1f, 0x3b, 0x1f, 0x3b, 0x1f, 0x3b, 0x1f, 0x3b,
  0x7f, 0x4b, 0x1f, 0x3b, 0x1f, 0x3b, 0x1f, 0x3b, 0x1f, 0x3b, 0x1f, 0x3b, 0x1f, 0x3b, 0x1f, 0x3b, 0x1f, 0x3b, 0x1f, 0x3b, 0x1f, 0x3b, 0x1f, 0x3b, 0x1f, 0x3b, 0x1f, 0x3b, 0x1f, 0x3b, 0x1f, 0x3b,
  0x1f, 0x3b, 0x1f, 0x3b, 0x1f, 0x3b, 0x1f, 0x3b, 0x1f, 0x3b, 0x1f, 0x3b, 0x1f, 0x3b, 0x1f, 0x3b, 0x1f, 0x3b, 0x1f, 0x3b, 0x1f, 0x3b, 0x1f, 0x3b, 0x1f, 0x3b, 0x1f, 0x3b, 0x1f, 0x3b, 0x1f, 0x3b,
  0x1f, 0x3b, 0x1f, 0x3b, 0x7f, 0x4b, 0x1f, 0x3b, 0x1f, 0x3b, 0x1f, 0x3b, 0x1f, 0x3b, 0x1f, 0x3b, 0x1f, 0x3b, 0x1f, 0x3b, 0x1f, 0x3b, 0x1f, 0x3b, 0x1f, 0x3b, 0x1f, 0x3b, 0x1f, 0x3b, 0x1f, 0x3b,
  0x1f, 0x3b, 0x1f, 0x3b, 0x1f, 0x3b, 0x1f, 0x3b, 0x1f, 0x3b, 0x1f, 0x3b, 0x1f, 0x3b, 0x1f, 0x3b, 0x1f, 0x3b, 0x1f, 0x3b, 0x1f, 0x3b, 0x1f, 0x3b, 0x1f, 0x3b, 0x1f, 0x3b, 0x1f, 0x3b, 0x1f, 0x3b,
  0x1f, 0x3b, 0x1f, 0x3b, 0x1f, 0x3b, 0x1f, 0x3b, 0x7f, 0x4b, 0x1f, 0x3b, 0x1f, 0x3b, 0x1f, 0x3b, 0x1f, 0x3b, 0x1f, 0x3b, 0x1f, 0x3b, 0x1f, 0x3b, 0x1f, 0x3b, 0x1f, 0x3b, 0x1f, 0x3b, 0x1f, 0x3b,
  0x1f, 0x3b, 0x1f, 0x3b, 0x1f, 0x3b, 0x1f, 0x3b, 0x1f, 0x3b, 0x1f, 0x3b, 0x1f, 0x3b, 0x1f, 0x3b, 0x1f, 0x3b, 0x1f, 0x3b, 0x1f, 0x3b, 0x1f, 0x3b, 0x1f, 0x3b, 0x1f, 0x3b, 0x1f, 0x3b, 0x1f, 0x3b,
  0x1f, 0x3b, 0x1f, 0x3b, 0x1f, 0x3b, 0x1f, 0x3b, 0x1f, 0x3b, 0x1f, 0x3b, 0x7f, 0x4b, 0x1f, 0x3b, 0x1f, 0x3b, 0x1f, 0x3b, 0x1f, 0x3b, 0x1f, 0x3b, 0x1f, 0x3b, 0x1f, 0x3b, 0x1f, 0x3b, 0x1f, 0x3b,
  0x1f, 0x3b, 0x1f, 0x3b, 0x1f, 0x3b, 0x1f, 0x3b, 0x1f, 0x3b, 0x1f, 0x3b, 0x1f, 0x3b, 0x1f, 0x3b, 0x1f, 0x3b, 0x1f, 0x3b, 0x1f, 0x3b, 0x1f, 0x3b, 0x1f, 0x3b, 0x1f, 0x3b, 0x1f, 0x3b, 0x1f, 0x3b,
  0x1f, 0x3b, 0x1f, 0x3b, 0x1f, 0x3b, 0x1f, 0x3b, 0x1f, 0x3b, 0x1f, 0x3b, 0x1f, 0x3b, 0x1f, 0x3b, 0x7f, 0x4b, 0x1f, 0x3b, 0x1f, 0x3b, 0x1f, 0x3b, 0x1f, 0x3b, 0x1f, 0x3b, 0x1f, 0x3b, 0x1f, 0x3b,
  0x3f, 0x43, 0x3f, 0x43, 0x3f, 0x43, 0x3f, 0x43, 0x3f, 0x43, 0x9f, 0x4b, 0x3f, 0x43, 0x3f, 0x43, 0x3f, 0x43, 0x3f, 0x43, 0x3f, 0x43, 0x3f, 0x43, 0x3f, 0x43, 0x3f, 0x43, 0x3f, 0x43, 0x3f, 0x43,
  0x3f, 0x43, 0x3f, 0x43, 0x3f, 0x43, 0x3f, 0x43, 0x3f, 0x43, 0x3f, 0x43, 0x3f, 0x43, 0x3f, 0x43, 0x3f, 0x43, 0x3f, 0x43, 0x3f, 0x43, 0x3f, 0x43, 0x3f, 0x43, 0x3f, 0x43, 0x3f, 0x43, 0x3f, 0x43,
  0x3f, 0x43, 0x3f, 0x43, 0x3f, 0x43, 0x3f, 0x43, 0x3f, 0x43, 0x3f, 0x43, 0x3f, 0x43, 0x9f, 0x4b, 0x3f, 0x43, 0x3f, 0x43, 0x3f, 0x43, 0x3f, 0x43, 0x3f, 0x43, 0x3f, 0x43, 0x3f, 0x43, 0x3f, 0x43,
  0x3f, 0x43, 0x3f, 0x43, 0x3f, 0x43, 0x3f, 0x43, 0x3f, 0x43, 0x3f, 0x43, 0x3f, 0x43, 0x3f, 0x43, 0x3f, 0x43, 0x3f, 0x43, 0x3f, 0x43, 0x3f, 0x43, 0x3f, 0x43, 0x3f, 0x43, 0x3f, 0x43, 0x3f, 0x43,
  0x3f, 0x43, 0x3f, 0x43, 0x3f, 0x43, 0x3f, 0x43, 0x3f, 0x43, 0x3f, 0x43, 0x3f, 0x43, 0x3f, 0x43, 0x3f, 0x43, 0x9f, 0x4b, 0x3f, 0x43, 0x3f, 0x43, 0x3f, 0x43, 0x3f, 0x43, 0x3f, 0x43, 0x3f, 0x43,
  0x3f, 0x43, 0x3f, 0x43, 0x3f, 0x43, 0x3f, 0x43, 0x3f, 0x43, 0x3f, 0x43, 0x3f, 0x43, 0x3f, 0x43, 0x3f, 0x43, 0x3f, 0x43, 0x3f, 0x43, 0x3f, 0x43, 0x3f, 0x43, 0x3f, 0x43, 0x3f, 0x43, 0x3f, 0x43,
  0x3f, 0x43, 0x3f, 0x43, 0x3f, 0x43, 0x3f, 0x43, 0x3f, 0x43, 0x3f, 0x43, 0x3f, 0x43, 0x3f, 0x43, 0x3f, 0x43, 0x3f, 0x43, 0x3f, 0x43, 0x9f, 0x4b, 0x3f, 0x43, 0x3f, 0x43, 0x3f, 0x43, 0x3f, 0x43,
  0x3f, 0x43, 0x3f, 0x43, 0x3f, 0x43, 0x3f, 0x43, 0x3f, 0x43, 0x3f, 0x43, 0x3f, 0x43, 0x3f, 0x43, 0x3f, 0x43, 0x3f, 0x43, 0x3f, 0x43, 0x3f, 0x43, 0x3f, 0x43, 0x3f, 0x43, 0x3f, 0x43, 0x3f, 0x43,
  0x3f, 0x43, 0x3f, 0x43, 0x3f, 0x43, 0x3f, 0x43, 0x3f, 0x43, 0x3f, 0x43, 0x3f, 0x43, 0x3f, 0x43, 0x3f, 0x43, 0x3f, 0x43, 0x3f, 0x43, 0x3f, 0x43, 0x3f, 0x43, 0x9f, 0x4b, 0x3f, 0x43, 0x3f, 0x43,
  0x3f, 0x43, 0x3f, 0x43, 0x3f, 0x43, 0x3f, 0x43, 0x3f, 0x43, 0x3f, 0x43, 0x3f, 0x43, 0x3f, 0x43, 0x3f, 0x43, 0x3f, 0x43, 0x3f, 0x43, 0x3f, 0x43, 0x3f, 0x43, 0x3f, 0x43, 0x3f, 0x43, 0x3f, 0x43,
  0x3f, 0x43, 0x3f, 0x43, 0x3f, 0x43, 0x3f, 0x43, 0x3f, 0x43, 0x3f, 0x43, 0x3f, 0x43, 0x3f, 0x43, 0x3f, 0x43, 0x3f, 0x43, 0x3f, 0x43, 0x3f, 0x43, 0x3f, 0x43, 0x3f, 0x43, 0x3f, 0x43, 0x9f, 0x4b,
  0x3f, 0x43, 0x3f, 0x43, 0x3f, 0x43, 0x3f, 0x43, 0x3f, 0x43, 0x3f, 0x43, 0x3f, 0x43, 0x3f, 0x43, 0x3f, 0x43, 0x3f, 0x43, 0x3f, 0x43, 0x3f, 0x43, 0x3f, 0x43, 0x3f, 0x43, 0x3f, 0x43, 0x3f, 0x43,
  0x3f, 0x43, 0x3f, 0x43, 0x3f, 0x43, 0x3f, 0x43, 0x3f, 0x43, 0x3f, 0x43, 0x3f, 0x43, 0x3f, 0x43, 0x3f, 0x43, 0x3f, 0x43, 0x3f, 0x43, 0x3f, 0x43, 0x3f, 0x43, 0x3f, 0x43, 0x3f, 0x43, 0x3f, 0x43,
  0x3f, 0x43, 0x9f, 0x4b, 0x3f, 0x43, 0x3f, 0x43, 0x3f, 0x43, 0x3f, 0x43, 0x3f, 0x43, 0x3f, 0x43, 0x3f, 0x43, 0x3f, 0x43, 0x3f, 0x43, 0x3f, 0x43, 0x3f, 0x43, 0x3f, 0x43, 0x3f, 0x43, 0x3f, 0x43,
  0x3f, 0x43, 0x3f, 0x43, 0x3f, 0x43, 0x3f, 0x43, 0x3f, 0x43, 0x3f, 0x43, 0x3f, 0x43, 0x3f, 0x43, 0x3f, 0x43, 0x3f, 0x43, 0x3f, 0x43, 0x3f, 0x43, 0x3f, 0x43, 0x3f, 0x43, 0x3f, 0x43, 0x3f, 0x43,
  0x3f, 0x43, 0x3f, 0x43, 0x3f, 0x43, 0x9f, 0x4b, 0x3f, 0x43, 0x3f, 0x43, 0x3f, 0x43, 0x3f, 0x43, 0x3f, 0x43, 0x3f, 0x43, 0x3f, 0x43, 0x3f, 0x43, 0x3f, 0x43, 0x3f, 0x43, 0x3f, 0x43, 0x3f, 0x43,
  0x3f, 0x43, 0x3f, 0x43, 0x3f, 0x43, 0x3f, 0x43, 0x3f, 0x43, 0x3f, 0x43, 0x3f, 0x43, 0x3f, 0x43, 0x3f, 0x43, 0x3f, 0x43, 0x3f, 0x43, 0x3f, 0x43, 0x3f, 0x43, 0x3f, 0x43, 0x3f, 0x43, 0x3f, 0x43,
  0x3f, 0x43, 0x3f, 0x43, 0x3f, 0x43, 0x3f, 0x43, 0x3f, 0x43, 0x9f, 0x4b, 0x3f, 0x43, 0x3f, 0x43, 0x3f, 0x43, 0x3f, 0x43, 0x3f, 0x43, 0x3f, 0x43, 0x3f, 0x43, 0x3f, 0x43, 0x3f, 0x43, 0x3f, 0x43,
  0x3f, 0x43, 0x3f, 0x43, 0x3f, 0x43, 0x3f, 0x43, 0x3f, 0x43, 0x3f, 0x43, 0x3f, 0x43, 0x3f, 0x43, 0x3f, 0x43, 0x3f, 0x43, 0x3f, 0x43, 0x3f, 0x43, 0x3f, 0x43, 0x3f, 0x43, 0x3f, 0x43, 0x3f, 0x43,
  0x3f, 0x43, 0x3f, 0x43, 0x3f, 0x43, 0x3f, 0x43, 0x3f, 0x43, 0x3f, 0x43, 0x3f, 0x43, 0x9f, 0x4b, 0x3f, 0x43, 0x3f, 0x43, 0x3f, 0x43, 0x3f, 0x43, 0x3f, 0x43, 0x3f, 0x43, 0x3f, 0x43, 0x3f, 0x43,
  0x1f, 0x3b, 0x1f, 0x3b, 0x1f, 0x3b, 0x1f, 0x3b, 0x7f, 0x4b, 0x1f, 0x3b, 0x1f, 0x3b, 0x1f, 0x3b, 0x1f, 0x3b, 0x1f, 0x3b, 0x1f, 0x3b, 0x1f, 0x3b, 0x1f, 0x3b, 0x1f, 0x3b, 0x1f, 0x3b, 0x1f, 0x3b,
  0x1f, 0x3b, 0x1f, 0x3b, 0x1f, 0x3b, 0x1f, 0x3b, 0x1f, 0x3b, 0x1f, 0x3b, 0x1f, 0x3b, 0x1f, 0x3b, 0x1f, 0x3b, 0x1f, 0x3b, 0x1f, 0x3b, 0x1f, 0x3b, 0x1f, 0x3b, 0x1f, 0x3b, 0x1f, 0x3b, 0x1f, 0x3b,
  0x1f, 0x3b, 0x1f, 0x3b, 0x1f, 0x3b, 0x1f, 0x3b, 0x1f, 0x3b, 0x1f, 0x3b, 0x7f, 0x4b, 0x1f, 0x3b, 0x1f, 0x3b, 0x1f, 0x3b, 0x1f, 0x3b, 0x1f, 0x3b, 0x1f, 0x3b, 0x1f, 0x3b, 0x1f, 0x3b, 0x1f, 0x3b,
  0x1f, 0x3b, 0x1f, 0x3b, 0x1f, 0x3b, 0x1f, 0x3b, 0x1f, 0x3b, 0x1f, 0x3b, 0x1f, 0x3b, 0x1f, 0x3b, 0x1f, 0x3b, 0x1f, 0x3b, 0x1f, 0x3b, 0x1f, 0x3b, 0x1f, 0x3b, 0x1f, 0x3b, 0x1f, 0x3b, 0x1f, 0x3b,
  0x1f, 0x3b, 0x1f, 0x3b, 0x1f, 0x3b, 0x1f, 0x3b, 0x1f, 0x3b, 0x1f, 0x3b, 0x1f, 0x3b, 0x1f, 0x3b, 0x7f, 0x4b, 0x1f, 0x3b, 0x1f, 0x3b, 0x1f, 0x3b, 0x1f, 0x3b, 0x1f, 0x3b, 0x1f, 0x3b, 0x1f, 0x3b,
  0x1f, 0x3b, 0x1f, 0x3b, 0x1f, 0x3b, 0x1f, 0x3b, 0x1f, 0x3b, 0x1f, 0x3b, 0x1f, 0x3b, 0x1f, 0x3b, 0x1f, 0x3b, 0x1f, 0x3b, 0x1f, 0x3b, 0x1f, 0x3b, 0x1f, 0x3b, 0x1f, 0x3b, 0x1f, 0x3b, 0x1f, 0x3b,
  0x1f, 0x3b, 0x1f, 0x3b, 0x1f, 0x3b, 0x1f, 0x3b, 0x1f, 0x3b, 0x1f, 0x3b, 0x1f, 0x3b, 0x1f, 0x3b, 0x1f, 0x3b, 0x1f, 0x3b, 0x7f, 0x4b, 0x1f, 0x3b, 0x1f, 0x3b, 0x1f, 0x3b, 0x1f, 0x3b, 0x1f, 0x3b,
  0x1f, 0x3b, 0x1f, 0x3b, 0x1f, 0x3b, 0x1f, 0x3b, 0x1f, 0x3b, 0x1f, 0x3b, 0x1f, 0x3b, 0x1f, 0x3b, 0x1f, 0x3b, 0x1f, 0x3b, 0x1f, 0x3b, 0x1f, 0x3b, 0x1f, 0x3b, 0x1f, 0x3b, 0x1f, 0x3b, 0x1f, 0x3b,
  0x1f, 0x3b, 0x1f, 0x3b, 0x1f, 0x3b, 0x1f, 0x3b, 0x1f, 0x3b, 0x1f, 0x3b, 0x1f, 0x3b, 0x1f, 0x3b, 0x1f, 0x3b, 0x1f, 0x3b, 0x1f, 0x3b, 0x1f, 0x3b, 0x7f, 0x4b, 0x1f, 0x3b, 0x1f, 0x3b, 0x1f, 0x3b,
  0x1f, 0x3b, 0x1f, 0x3b, 0x1f, 0x3b, 0x1f, 0x3b, 0x1f, 0x3b, 0x1f, 0x3b, 0x1f, 0x3b, 0x1f, 0x3b, 0x1f, 0x3b, 0x1f, 0x3b, 0x1f, 0x3b, 0x1f, 0x3b, 0x1f, 0x3b, 0x1f, 0x3b, 0x1f, 0x3b, 0x1f, 0x3b,
  0x1f, 0x3b, 0x1f, 0x3b, 0x1f, 0x3b, 0x1f, 0x3b, 0x1f, 0x3b, 0x1f, 0x3b, 0x1f, 0x3b, 0x1f, 0x3b, 0x1f, 0x3b, 0x1f, 0x3b, 0x1f, 0x3b, 0x1f, 0x3b, 0x1f, 0x3b, 0x1f, 0x3b, 0x7f, 0x4b, 0x1f, 0x3b,
  0x1f, 0x3b, 0x1f, 0x3b, 0x1f, 0x3b, 0x1f, 0x3b, 0x1f, 0x3b, 0x1f, 0x3b, 0x1f, 0x3b, 0x1f, 0x3b, 0x1f, 0x3b, 0x1f, 0x3b, 0x1f, 0x3b, 0x1f, 0x3b, 0x1f, 0x3b, 0x1f, 0x3b, 0x1f, 0x3b, 0x1f, 0x3b,
  0x1f, 0x3b, 0x1f, 0x3b, 0x1f, 0x3b, 0x1f, 0x3b, 0x1f, 0x3b, 0x1f, 0x3b, 0x1f, 0x3b, 0x1f, 0x3b, 0x1f, 0x3b, 0x1f, 0x3b, 0x1f, 0x3b, 0x1f, 0x3b, 0x1f, 0x3b, 0x1f, 0x3b, 0x1f, 0x3b, 0x1f, 0x3b,
  0x7f, 0x4b, 0x1f, 0x3b, 0x1f, 0x3b, 0x1f, 0x3b, 0x1f, 0x3b, 0x1f, 0x3b, 0x1f, 0x3b, 0x1f, 0x3b, 0x1f, 0x3b, 0x1f, 0x3b, 0x1f, 0x3b, 0x1f, 0x3b, 0x1f, 0x3b, 0x1f, 0x3b, 0x1f, 0x3b, 0x1f, 0x3b,
  0x1f, 0x3b, 0x1f, 0x3b, 0x1f, 0x3b, 0x1f, 0x3b, 0x1f, 0x3b, 0x1f, 0x3b, 0x1f, 0x3b, 0x1f, 0x3b, 0x1f, 0x3b, 0x1f, 0x3b, 0x1f, 0x3b, 0x1f, 0x3b, 0x1f, 0x3b, 0x1f, 0x3b, 0x1f, 0x3b, 0x1f, 0x3b,
  0x1f, 0x3b, 0x1f, 0x3b, 0x7f, 0x4b, 0x1f, 0x3b, 0x1f, 0x3b, 0x1f, 0x3b, 0x1f, 0x3b, 0x1f, 0x3b, 0x1f, 0x3b, 0x1f, 0x3b, 0x1f, 0x3b, 0x1f, 0x3b, 0x1f, 0x3b, 0x1f, 0x3b, 0x1f, 0x3b, 0x1f, 0x3b,
  0x1f, 0x3b, 0x1f, 0x3b, 0x1f, 0x3b, 0x1f, 0x3b, 0x1f, 0x3b, 0x1f, 0x3b, 0x1f, 0x3b, 0x1f, 0x3b, 0x1f, 0x3b, 0x1f, 0x3b, 0x1f, 0x3b, 0x1f, 0x3b, 0x1f, 0x3b, 0x1f, 0x3b, 0x1f, 0x3b, 0x1f, 0x3b,
  0x1f, 0x3b, 0x1f, 0x3b, 0x1f, 0x3b, 0x1f, 0x3b, 0x7f, 0x4b, 0x1f, 0x3b, 0x1f, 0x3b, 0x1f, 0x3b, 0x1f, 0x3b, 0x1f, 0x3b, 0x1f, 0x3b, 0x1f, 0x3b, 0x1f, 0x3b, 0x1f, 0x3b, 0x1f, 0x3b, 0x1f, 0x3b,
  0x1f, 0x3b, 0x1f, 0x3b, 0x1f, 0x3b, 0x1f, 0x3b, 0x1f, 0x3b, 0x1f, 0x3b, 0x1f, 0x3b, 0x1f, 0x3b, 0x1f, 0x3b, 0x1f, 0x3b, 0x1f, 0x3b, 0x1f, 0x3b, 0x1f, 0x3b, 0x1f, 0x3b, 0x1f, 0x3b, 0x1f, 0x3b,
  0x1f, 0x3b, 0x1f, 0x3b, 0x1f, 0x3b, 0x1f, 0x3b, 0x1f, 0x3b, 0x1f, 0x3b, 0x7f, 0x4b, 0x1f, 0x3b, 0x1f, 0x3b, 0x1f, 0x3b, 0x1f, 0x3b, 0x1f, 0x3b, 0x1f, 0x3b, 0x1f, 0x3b, 0x1f, 0x3b, 0x1f, 0x3b,
  0xff, 0x3a, 0xff, 0x3a, 0xff, 0x3a, 0x5f, 0x4b, 0xff, 0x3a, 0xff, 0x3a, 0xff, 0x3a, 0xff, 0x3a, 0xff, 0x3a, 0xff, 0x3a, 0xff, 0x3a, 0xff, 0x3a, 0xff, 0x3a, 0xff, 0x3a, 0xff, 0x3a, 0xff, 0x3a,
  0xff, 0x3a, 0xff, 0x3a, 0xff, 0x3a, 0xff, 0x3a, 0xff, 0x3a, 0xff, 0x3a, 0xff, 0x3a, 0xff, 0x3a, 0xff, 0x3a, 0xff, 0x3a, 0xff, 0x3a, 0xff, 0x3a, 0xff, 0x3a, 0xff, 0x3a, 0xff, 0x3a, 0xff, 0x3a,
  0xff, 0x3a, 0xff, 0x3a, 0xff, 0x3a, 0xff, 0x3a, 0xff, 0x3a, 0x5f, 0x4b, 0xff, 0x3a, 0xff, 0x3a, 0xff, 0x3a, 0xff, 0x3a, 0xff, 0x3a, 0xff, 0x3a, 0xff, 0x3a, 0xff, 0x3a, 0xff, 0x3a, 0xff, 0x3a,
  0xff, 0x3a, 0xff, 0x3a, 0xff, 0x3a, 0xff, 0x3a, 0xff, 0x3a, 0xff, 0x3a, 0xff, 0x3a, 0xff, 0x3a, 0xff, 0x3a, 0xff, 0x3a, 0xff, 0x3a, 0xff, 0x3a, 0xff, 0x3a, 0xff, 0x3a, 0xff, 0x3a, 0xff, 0x3a,
  0xff, 0x3a, 0xff, 0x3a, 0xff, 0x3a, 0xff, 0x3a, 0xff, 0x3a, 0xff, 0x3a, 0xff, 0x3a, 0x5f, 0x4b, 0xff, 0x3a, 0xff, 0x3a, 0xff, 0x3a, 0xff, 0x3a, 0xff, 0x3a, 0xff, 0x3a, 0xff, 0x3a, 0xff, 0x3a,
  0xff, 0x3a, 0xff, 0x3a, 0xff, 0x3a, 0xff, 0x3a, 0xff, 0x3a, 0xff, 0x3a, 0xff, 0x3a, 0xff, 0x3a, 0xff, 0x3a, 0xff, 0x3a, 0xff, 0x3a, 0xff, 0x3a, 0xff, 0x3a, 0xff, 0x3a, 0xff, 0x3a, 0xff, 0x3a,
  0xff, 0x3a, 0xff, 0x3a, 0xff, 0x3a, 0xff, 0x3a, 0xff, 0x3a, 0xff, 0x3a, 0xff, 0x3a, 0xff, 0x3a, 0xff, 0x3a, 0x5f, 0x4b, 0xff, 0x3a, 0xff, 0x3a, 0xff, 0x3a, 0xff, 0x3a, 0xff, 0x3a, 0xff, 0x3a,
  0xff, 0x3a, 0xff, 0x3a, 0xff, 0x3a, 0xff, 0x3a, 0xff, 0x3a, 0xff, 0x3a, 0xff, 0x3a, 0xff, 0x3a, 0xff, 0x3a, 0xff, 0x3a, 0xff, 0x3a, 0xff, 0x3a, 0xff, 0x3a, 0xff, 0x3a, 0xff, 0x3a, 0xff, 0x3a,
  0xff, 0x3a, 0xff, 0x3a, 0xff, 0x3a, 0xff, 0x3a, 0xff, 0x3a, 0xff, 0x3a, 0xff, 0x3a, 0xff, 0x3a, 0xff, 0x3a, 0xff, 0x3a, 0xff, 0x3a, 0x5f, 0x4b, 0xff, 0x3a, 0xff, 0x3a, 0xff, 0x3a, 0xff, 0x3a,
  0xff, 0x3a, 0xff, 0x3a, 0xff, 0x3a, 0xff, 0x3a, 0xff, 0x3a, 0xff, 0x3a, 0xff, 0x3a, 0xff, 0x3a, 0xff, 0x3a, 0xff, 0x3a, 0xff, 0x3a, 0xff, 0x3a, 0xff, 0x3a, 0xff, 0x3a, 0xff, 0x3a, 0xff, 0x3a,
  0xff, 0x3a, 0xff, 0x3a, 0xff, 0x3a, 0xff, 0x3a, 0xff, 0x3a, 0xff, 0x3a, 0xff, 0x3a, 0xff, 0x3a, 0xff, 0x3a, 0xff, 0x3a, 0xff, 0x3a, 0xff, 0x3a, 0xff, 0x3a, 0x5f, 0x4b, 0xff, 0x3a, 0xff, 0x3a,
  0xff, 0x3a, 0xff, 0x3a, 0xff, 0x3a, 0xff, 0x3a, 0xff, 0x3a, 0xff, 0x3a, 0xff, 0x3a, 0xff, 0x3a, 0xff, 0x3a, 0xff, 0x3a, 0xff, 0x3a, 0xff, 0x3a, 0xff, 0x3a, 0xff, 0x3a, 0xff, 0x3a, 0xff, 0x3a,
  0xff, 0x3a, 0xff, 0x3a, 0xff, 0x3a, 0xff, 0x3a, 0xff, 0x3a, 0xff, 0x3a, 0xff, 0x3a, 0xff, 0x3a, 0xff, 0x3a, 0xff, 0x3a, 0xff, 0x3a, 0xff, 0x3a, 0xff, 0x3a, 0xff, 0x3a, 0xff, 0x3a, 0x5f, 0x4b,
  0xff, 0x3a, 0xff, 0x3a, 0xff, 0x3a, 0xff, 0x3a, 0xff, 0x3a, 0xff, 0x3a, 0xff, 0x3a, 0xff, 0x3a, 0xff, 0x3a, 0xff, 0x3a, 0xff, 0x3a, 0xff, 0x3a, 0xff, 0x3a, 0xff, 0x3a, 0xff, 0x3a, 0xff, 0x3a,
  0xff, 0x3a, 0xff, 0x3a, 0xff, 0x3a, 0xff, 0x3a, 0xff, 0x3a, 0xff, 0x3a, 0xff, 0x3a, 0xff, 0x3a, 0xff, 0x3a, 0xff, 0x3a, 0xff, 0x3a, 0xff, 0x3a, 0xff, 0x3a, 0xff, 0x3a, 0xff, 0x3a, 0xff, 0x3a,
  0xff, 0x3a, 0x5f, 0x4b, 0xff, 0x3a, 0xff, 0x3a, 0xff, 0x3a, 0xff, 0x3a, 0xff, 0x3a, 0xff, 0x3a, 0xff, 0x3a, 0xff, 0x3a, 0xff, 0x3a, 0xff, 0x3a, 0xff, 0x3a, 0xff, 0x3a, 0xff, 0x3a, 0xff, 0x3a,
  0xff, 0x3a, 0xff, 0x3a, 0xff, 0x3a, 0xff, 0x3a, 0xff, 0x3a, 0xff, 0x3a, 0xff, 0x3a, 0xff, 0x3a, 0xff, 0x3a, 0xff, 0x3a, 0xff, 0x3a, 0xff, 0x3a, 0xff, 0x3a, 0xff, 0x3a, 0xff, 0x3a, 0xff, 0x3a,
  0xff, 0x3a, 0xff, 0x3a, 0xff, 0x3a, 0x5f, 0x4b, 0xff, 0x3a, 0xff, 0x3a, 0xff, 0x3a, 0xff, 0x3a, 0xff, 0x3a, 0xff, 0x3a, 0xff, 0x3a, 0xff, 0x3a, 0xff, 0x3a, 0xff, 0x3a, 0xff, 0x3a, 0xff, 0x3a,
  0xff, 0x3a, 0xff, 0x3a, 0xff, 0x3a, 0xff, 0x3a, 0xff, 0x3a, 0xff, 0x3a, 0xff, 0x3a, 0xff, 0x3a, 0xff, 0x3a, 0xff, 0x3a, 0xff, 0x3a, 0xff, 0x3a, 0xff, 0x3a, 0xff, 0x3a, 0xff, 0x3a, 0xff, 0x3a,
  0xff, 0x3a, 0xff, 0x3a, 0xff, 0x3a, 0xff, 0x3a, 0xff, 0x3a, 0x5f, 0x4b, 0xff, 0x3a, 0xff, 0x3a, 0xff, 0x3a, 0xff, 0x3a, 0xff, 0x3a, 0xff, 0x3a, 0xff, 0x3a, 0xff, 0x3a, 0xff, 0x3a, 0xff, 0x3a,
  0x1f, 0x3b, 0x1f, 0x3b, 0x7f, 0x4b, 0x1f, 0x3b, 0x1f, 0x3b, 0x1f, 0x3b, 0x1f, 0x3b, 0x1f, 0x3b, 0x1f, 0x3b, 0x1f, 0x3b, 0x1f, 0x3b, 0x1f, 0x3b, 0x1f, 0x3b, 0x1f, 0x3b, 0x1f, 0x3b, 0x1f, 0x3b,
  0x1f, 0x3b, 0x1f, 0x3b, 0x1f, 0x3b, 0x1f, 0x3b, 0x1f, 0x3b, 0x1f, 0x3b, 0x1f, 0x3b, 0x1f, 0x3b, 0x1f, 0x3b, 0x1f, 0x3b, 0x1f, 0x3b, 0x1f, 0x3b, 0x1f, 0x3b, 0x1f, 0x3b, 0x1f, 0x3b, 0x1f, 0x3b,
  0x1f, 0x3b, 0x1f, 0x3b, 0x1f, 0x3b, 0x1f, 0x3b, 0x7f, 0x4b, 0x1f, 0x3b, 0x1f, 0x3b, 0x1f, 0x3b, 0x1f, 0x3b, 0x1f, 0x3b, 0x1f, 0x3b, 0x1f, 0x3b, 0x1f, 0x3b, 0x1f, 0x3b, 0x1f, 0x3b, 0x1f, 0x3b,
  0x1f, 0x3b, 0x1f, 0x3b, 0x1f, 0x3b, 0x1f, 0x3b, 0x1f, 0x3b, 0x1f, 0x3b, 0x1f, 0x3b, 0x1f, 0x3b, 0x1f, 0x3b, 0x1f, 0x3b, 0x1f, 0x3b, 0x1f, 0x3b, 0x1f, 0x3b, 0x1f, 0x3b, 0x1f, 0x3b, 0x1f, 0x3b,
  0x1f, 0x3b, 0x1f, 0x3b, 0x1f, 0x3b, 0x1f, 0x3b, 0x1f, 0x3b, 0x1f, 0x3b, 0x7f, 0x4b, 0x1f, 0x3b, 0x1f, 0x3b, 0x1f, 0x3b, 0x1f, 0x3b, 0x1f, 0x3b, 0x1f, 0x3b, 0x1f, 0x3b, 0x1f, 0x3b, 0x1f, 0x3b,
  0x1f, 0x3b, 0x1f, 0x3b, 0x1f, 0x3b, 0x1f, 0x3b, 0x1f, 0x3b, 0x1f, 0x3b, 0x1f, 0x3b, 0x1f, 0x3b, 0x1f, 0x3b, 0x1f, 0x3b, 0x1f, 0x3b, 0x1f, 0x3b, 0x1f, 0x3b, 0x1f, 0x3b, 0x1f, 0x3b, 0x1f, 0x3b,
  0x1f, 0x3b, 0x1f, 0x3b, 0x1f, 0x3b, 0x1f, 0x3b, 0x1f, 0x3b, 0x1f, 0x3b, 0x1f, 0x3b, 0x1f, 0x3b, 0x7f, 0x4b, 0x1f, 0x3b, 0x1f, 0x3b, 0x1f, 0x3b, 0x1f, 0x3b, 0x1f, 0x3b, 0x1f, 0x3b, 0x1f, 0x3b,
  0x1f, 0x3b, 0x1f, 0x3b, 0x1f, 0x3b, 0x1f, 0x3b, 0x1f, 0x3b, 0x1f, 0x3b, 0x1f, 0x3b, 0x1f, 0x3b, 0x1f, 0x3b, 0x1f, 0x3b, 0x1f, 0x3b, 0x1f, 0x3b, 0x1f, 0x3b, 0x1f, 0x3b, 0x1f, 0x3b, 0x1f, 0x3b,
  0x1f, 0x3b, 0x1f, 0x3b, 0x1f, 0x3b, 0x1f, 0x3b, 0x1f, 0x3b, 0x1f, 0x3b, 0x1f, 0x3b, 0x1f, 0x3b, 0x1f, 0x3b, 0x1f, 0x3b, 0x7f, 0x4b, 0x1f, 0x3b, 0x1f, 0x3b, 0x1f, 0x3b, 0x1f, 0x3b, 0x1f, 0x3b,
  0x1f, 0x3b, 0x1f, 0x3b, 0x1f, 0x3b, 0x1f, 0x3b, 0x1f, 0x3b, 0x1f, 0x3b, 0x1f, 0x3b, 0x1f, 0x3b, 0x1f, 0x3b, 0x1f, 0x3b, 0x1f, 0x3b, 0x1f, 0x3b, 0x1f, 0x3b, 0x1f, 0x3b, 0x1f, 0x3b, 0x1f, 0x3b,
  0x1f, 0x3b, 0x1f, 0x3b, 0x1f, 0x3b, 0x1f, 0x3b, 0x1f, 0x3b, 0x1f, 0x3b, 0x1f, 0x3b, 0x1f, 0x3b, 0x1f, 0x3b, 0x1f, 0x3b, 0x1f, 0x3b, 0x1f, 0x3b, 0x7f, 0x4b, 0x1f, 0x3b, 0x1f, 0x3b, 0x1f, 0x3b,
  0x1f, 0x3b, 0x1f, 0x3b, 0x1f, 0x3b, 0x1f, 0x3b, 0x1f, 0x3b, 0x1f, 0x3b, 0x1f, 0x3b, 0x1f, 0x3b, 0x1f, 0x3b, 0x1f, 0x3b, 0x1f, 0x3b, 0x1f, 0x3b, 0x1f, 0x3b, 0x1f, 0x3b, 0x1f, 0x3b, 0x1f, 0x3b,
  0x1f, 0x3b, 0x1f, 0x3b, 0x1f, 0x3b, 0x1f, 0x3b, 0x1f, 0x3b, 0x1f, 0x3b, 0x1f, 0x3b, 0x1f, 0x3b, 0x1f, 0x3b, 0x1f, 0x3b, 0x1f, 0x3b, 0x1f, 0x3b, 0x1f, 0x3b, 0x1f, 0x3b, 0x7f, 0x4b, 0x1f, 0x3b,
  0x1f, 0x3b, 0x1f, 0x3b, 0x1f, 0x3b, 0x1f, 0x3b, 0x1f, 0x3b, 0x1f, 0x3b, 0x1f, 0x3b, 0x1f, 0x3b, 0x1f, 0x3b, 0x1f, 0x3b, 0x1f, 0x3b, 0x1f, 0x3b, 0x1f, 0x3b, 0x1f, 0x3b, 0x1f, 0x3b, 0x1f, 0x3b,
  0x1f, 0x3b, 0x1f, 0x3b, 0x1f, 0x3b, 0x1f, 0x3b, 0x1f, 0x3b, 0x1f, 0x3b, 0x1f, 0x3b, 0x1f, 0x3b, 0x1f, 0x3b, 0x1f, 0x3b, 0x1f, 0x3b, 0x1f, 0x3b, 0x1f, 0x3b, 0x1f, 0x3b, 0x1f, 0x3b, 0x1f, 0x3b,
  0x7f, 0x4b, 0x1f, 0x3b, 0x1f, 0x3b, 0x1f, 0x3b, 0x1f, 0x3b, 0x1f, 0x3b, 0x1f, 0x3b, 0x1f, 0x3b, 0x1f, 0x3b, 0x1f, 0x3b, 0x1f, 0x3b, 0x1f, 0x3b, 0x1f, 0x3b, 0x1f, 0x3b, 0x1f, 0x3b, 0x1f, 0x3b,
  0x1f, 0x3b, 0x1f, 0x3b, 0x1f, 0x3b, 0x1f, 0x3b, 0x1f, 0x3b, 0x1f, 0x3b, 0x1f, 0x3b, 0x1f, 0x3b, 0x1f, 0x3b, 0x1f, 0x3b, 0x1f, 0x3b, 0x1f, 0x3b, 0x1f, 0x3b, 0x1f, 0x3b, 0x1f, 0x3b, 0x1f, 0x3b,
  0x1f, 0x3b, 0x1f, 0x3b, 0x7f, 0x4b, 0x1f, 0x3b, 0x1f, 0x3b, 0x1f, 0x3b, 0x1f, 0x3b, 0x1f, 0x3b, 0x1f, 0x3b, 0x1f, 0x3b, 0x1f, 0x3b, 0x1f, 0x3b, 0x1f, 0x3b, 0x1f, 0x3b, 0x1f, 0x3b, 0x1f, 0x3b,
  0x1f, 0x3b, 0x1f, 0x3b, 0x1f, 0x3b, 0x1f, 0x3b, 0x1f, 0x3b, 0x1f, 0x3b, 0x1f, 0x3b, 0x1f, 0x3b, 0x1f, 0x3b, 0x1f, 0x3b, 0x1f, 0x3b, 0x1f, 0x3b, 0x1f, 0x3b, 0x1f, 0x3b, 0x1f, 0x3b, 0x1f, 0x3b,
  0x1f, 0x3b, 0x1f, 0x3b, 0x1f, 0x3b, 0x1f, 0x3b, 0x7f, 0x4b, 0x1f, 0x3b, 0x1f, 0x3b, 0x1f, 0x3b, 0x1f, 0x3b, 0x1f, 0x3b, 0x1f, 0x3b, 0x1f, 0x3b, 0x1f, 0x3b, 0x1f, 0x3b, 0x1f, 0x3b, 0x1f, 0x3b,
  0xff, 0x32, 0xff, 0x32, 0x5f, 0x43, 0xff, 0x32, 0xff, 0x32, 0xff, 0x32, 0xff, 0x32, 0xff, 0x32, 0xff, 0x32, 0xff, 0x32, 0xff, 0x32, 0xff, 0x32, 0xff, 0x32, 0xff, 0x32, 0xff, 0x32, 0xff, 0x32,
  0xff, 0x32, 0xff, 0x32, 0xff, 0x32, 0xff, 0x32, 0xff, 0x32, 0xff, 0x32, 0xff, 0x32, 0xff, 0x32, 0xff, 0x32, 0xff, 0x32, 0xff, 0x32, 0xff, 0x32, 0xff, 0x32, 0xff, 0x32, 0xff, 0x32, 0xff, 0x32,
  0xff, 0x32, 0xff, 0x32, 0xff, 0x32, 0xff, 0x32, 0x5f, 0x43, 0xff, 0x32, 0xff, 0x32, 0xff, 0x32, 0xff, 0x32, 0xff, 0x32, 0xff, 0x32, 0xff, 0x32, 0xff, 0x32, 0xff, 0x32, 0xff, 0x32, 0xff, 0x32,
  0xff, 0x32, 0xff, 0x32, 0xff, 0x32, 0xff, 0x32, 0xff, 0x32, 0xff, 0x32, 0xff, 0x32, 0xff, 0x32, 0xff, 0x32, 0xff, 0x32, 0xff, 0x32, 0xff, 0x32, 0xff, 0x32, 0xff, 0x32, 0xff, 0x32, 0xff, 0x32,
  0xff, 0x32, 0xff, 0x32, 0xff, 0x32, 0xff, 0x32, 0xff, 0x32, 0xff, 0x32, 0x5f, 0x43, 0xff, 0x32, 0xff, 0x32, 0xff, 0x32, 0xff, 0x32, 0xff, 0x32, 0xff, 0x32, 0xff, 0x32, 0xff, 0x32, 0xff, 0x32,
  0xff, 0x32, 0xff, 0x32, 0xff, 0x32, 0xff, 0x32, 0xff, 0x32, 0xff, 0x32, 0xff, 0x32, 0xff, 0x32, 0xff, 0x32, 0xff, 0x32, 0xff, 0x32, 0xff, 0x32, 0xff, 0x32, 0xff, 0x32, 0xff, 0x32, 0xff, 0x32,
  0xff, 0x32, 0xff, 0x32, 0xff, 0x32, 0xff, 0x32, 0xff, 0x32, 0xff, 0x32, 0xff, 0x32, 0xff, 0x32, 0x5f, 0x43, 0xff, 0x32, 0xff, 0x32, 0xff, 0x32, 0xff, 0x32, 0xff, 0x32, 0xff, 0x32, 0xff, 0x32,
  0xff, 0x32, 0xff, 0x32, 0xff, 0x32, 0xff, 0x32, 0xff, 0x32, 0xff, 0x32, 0xff, 0x32, 0xff, 0x32, 0xff, 0x32, 0xff, 0x32, 0xff, 0x32, 0xff, 0x32, 0xff, 0x32, 0xff, 0x32, 0xff, 0x32, 0xff, 0x32,
  0xff, 0x32, 0xff, 0x32, 0xff, 0x32, 0xff, 0x32, 0xff, 0x32, 0xff, 0x32, 0xff, 0x32, 0xff, 0x32, 0xff, 0x32, 0xff, 0x32, 0x5f, 0x43, 0xff, 0x32, 0xff, 0x32, 0xff, 0x32, 0xff, 0x32, 0xff, 0x32,
  0xff, 0x32, 0xff, 0x32, 0xff, 0x32, 0xff, 0x32, 0xff, 0x32, 0xff, 0x32, 0xff, 0x32, 0xff, 0x32, 0xff, 0x32, 0xff, 0x32, 0xff, 0x32, 0xff, 0x32, 0xff, 0x32, 0xff, 0x32, 0xff, 0x32, 0xff, 0x32,
  0xff, 0x32, 0xff, 0x32, 0xff, 0x32, 0xff, 0x32, 0xff, 0x32, 0xff, 0x32, 0xff, 0x32, 0xff, 0x32, 0xff, 0x32, 0xff, 0x32, 0xff, 0x32, 0xff, 0x32, 0x5f, 0x43, 0xff, 0x32, 0xff, 0x32, 0xff, 0x32,
  0xff, 0x32, 0xff, 0x32, 0xff, 0x32, 0xff, 0x32, 0xff, 0x32, 0xff, 0x32, 0xff, 0x32, 0xff, 0x32, 0xff, 0x32, 0xff, 0x32, 0xff, 0x32, 0xff, 0x32, 0xff, 0x32, 0xff, 0x32, 0xff, 0x32, 0xff, 0x32,
  0xff, 0x32, 0xff, 0x32, 0xff, 0x32, 0xff, 0x32, 0xff, 0x32, 0xff, 0x32, 0xff, 0x32, 0xff, 0x32, 0xff, 0x32, 0xff, 0x32, 0xff, 0x32, 0xff, 0x32, 0xff, 0x32, 0xff, 0x32, 0x5f, 0x43, 0xff, 0x32,
  0xff, 0x32, 0xff, 0x32, 0xff, 0x32, 0xff, 0x32, 0xff, 0x32, 0xff, 0x32, 0xff, 0x32, 0xff, 0x32, 0xff, 0x32, 0xff, 0x32, 0xff, 0x32, 0xff, 0x32, 0xff, 0x32, 0xff, 0x32, 0xff, 0x32, 0xff, 0x32,
  0xff, 0x32, 0xff, 0x32, 0xff, 0x32, 0xff, 0x32, 0xff, 0x32, 0xff, 0x32, 0xff, 0x32, 0xff, 0x32, 0xff, 0x32, 0xff, 0x32, 0xff, 0x32, 0xff, 0x32, 0xff, 0x32, 0xff, 0x32, 0xff, 0x32, 0xff, 0x32,
  0x5f, 0x43, 0xff, 0x32, 0xff, 0x32, 0xff, 0x32, 0xff, 0x32, 0xff, 0x32, 0xff, 0x32, 0xff, 0x32, 0xff, 0x32, 0xff, 0x32, 0xff, 0x32, 0xff, 0x32, 0xff, 0x32, 0xff, 0x32, 0xff, 0x32, 0xff, 0x32,
  0xff, 0x32, 0xff, 0x32, 0xff, 0x32, 0xff, 0x32, 0xff, 0x32, 0xff, 0x32, 0xff, 0x32, 0xff, 0x32, 0xff, 0x32, 0xff, 0x32, 0xff, 0x32, 0xff, 0x32, 0xff, 0x32, 0xff, 0x32, 0xff, 0x32, 0xff, 0x32,
  0xff, 0x32, 0xff, 0x32, 0x5f, 0x43, 0xff, 0x32, 0xff, 0x32, 0xff, 0x32, 0xff, 0x32, 0xff, 0x32, 0xff, 0x32, 0xff, 0x32, 0xff, 0x32, 0xff, 0x32, 0xff, 0x32, 0xff, 0x32, 0xff, 0x32, 0xff, 0x32,
  0xff, 0x32, 0xff, 0x32, 0xff, 0x32, 0xff, 0x32, 0xff, 0x32, 0xff, 0x32, 0xff, 0x32, 0xff, 0x32, 0xff, 0x32, 0xff, 0x32, 0xff, 0x32, 0xff, 0x32, 0xff, 0x32, 0xff, 0x32, 0xff, 0x32, 0xff, 0x32,
  0xff, 0x32, 0xff, 0x32, 0xff, 0x32, 0xff, 0x32, 0x5f, 0x43, 0xff, 0x32, 0xff, 0x32, 0xff, 0x32, 0xff, 0x32, 0xff, 0x32, 0xff, 0x32, 0xff, 0x32, 0xff, 0x32, 0xff, 0x32, 0xff, 0x32, 0xff, 0x32,
  0x5f, 0x43, 0xbf, 0x53, 0x5f, 0x43, 0x5f, 0x43, 0x5f, 0x43, 0x5f, 0x43, 0x5f, 0x43, 0x5f, 0x43, 0x5f, 0x43, 0x5f, 0x43, 0x5f, 0x43, 0x5f, 0x43, 0x5f, 0x43, 0x5f, 0x43, 0x5f, 0x43, 0x5f, 0x43,
  0x5f, 0x43, 0x5f, 0x43, 0x5f, 0x43, 0x5f, 0x43, 0x5f, 0x43, 0x5f, 0x43, 0x5f, 0x43, 0x5f, 0x43, 0x5f, 0x43, 0x5f, 0x43, 0x5f, 0x43, 0x5f, 0x43, 0x5f, 0x43, 0x5f, 0x43, 0x5f, 0x43, 0x5f, 0x43,
  0x5f, 0x43, 0x5f, 0x43, 0x5f, 0x43, 0xbf, 0x53, 0x5f, 0x43, 0x5f, 0x43, 0x5f, 0x43, 0x5f, 0x43, 0x5f, 0x43, 0x5f, 0x43, 0x5f, 0x43, 0x5f, 0x43, 0x5f, 0x43, 0x5f, 0x43, 0x5f, 0x43, 0x5f, 0x43,
  0x5f, 0x43, 0x5f, 0x43, 0x5f, 0x43, 0x5f, 0x43, 0x5f, 0x43, 0x5f, 0x43, 0x5f, 0x43, 0x5f, 0x43, 0x5f, 0x43, 0x5f, 0x43, 0x5f, 0x43, 0x5f, 0x43, 0x5f, 0x43, 0x5f, 0x43, 0x5f, 0x43, 0x5f, 0x43,
  0x5f, 0x43, 0x5f, 0x43, 0x5f, 0x43, 0x5f, 0x43, 0x5f, 0x43, 0xbf, 0x53, 0x5f, 0x43, 0x5f, 0x43, 0x5f, 0x43, 0x5f, 0x43, 0x5f, 0x43, 0x5f, 0x43, 0x5f, 0x43, 0x5f, 0x43, 0x5f, 0x43, 0x5f, 0x43,
  0x5f, 0x43, 0x5f, 0x43, 0x5f, 0x43, 0x5f, 0x43, 0x5f, 0x43, 0x5f, 0x43, 0x5f, 0x43, 0x5f, 0x43, 0x5f, 0x43, 0x5f, 0x43, 0x5f, 0x43, 0x5f, 0x43, 0x5f, 0x43, 0x5f, 0x43, 0x5f, 0x43, 0x5f, 0x43,
  0x5f, 0x43, 0x5f, 0x43, 0x5f, 0x43, 0x5f, 0x43, 0x5f, 0x43, 0x5f, 0x43, 0x5f, 0x43, 0xbf, 0x53, 0x5f, 0x43, 0x5f, 0x43, 0x5f, 0x43, 0x5f, 0x43, 0x5f, 0x43, 0x5f, 0x43, 0x5f, 0x43, 0x5f, 0x43,
  0x5f, 0x43, 0x5f, 0x43, 0x5f, 0x43, 0x5f, 0x43, 0x5f, 0x43, 0x5f, 0x43, 0x5f, 0x43, 0x5f, 0x43, 0x5f, 0x43, 0x5f, 0x43, 0x5f, 0x43, 0x5f, 0x43, 0x5f, 0x43, 0x5f, 0x43, 0x5f, 0x43, 0x5f, 0x43,
  0x5f, 0x43, 0x5f, 0x43, 0x5f, 0x43, 0x5f, 0x43, 0x5f, 0x43, 0x5f, 0x43, 0x5f, 0x43, 0x5f, 0x43, 0x5f, 0x43, 0xbf, 0x53, 0x5f, 0x43, 0x5f, 0x43, 0x5f, 0x43, 0x5f, 0x43, 0x5f, 0x43, 0x5f, 0x43,
  0x5f, 0x43, 0x5f, 0x43, 0x5f, 0x43, 0x5f, 0x43, 0x5f, 0x43, 0x5f, 0x43, 0x5f, 0x43, 0x5f, 0x43, 0x5f, 0x43, 0x5f, 0x43, 0x5f, 0x43, 0x5f, 0x43, 0x5f, 0x43, 0x5f, 0x43, 0x5f, 0x43, 0x5f, 0x43,
  0x5f, 0x43, 0x5f, 0x43, 0x5f, 0x43, 0x5f, 0x43, 0x5f, 0x43, 0x5f, 0x43, 0x5f, 0x43, 0x5f, 0x43, 0x5f, 0x43, 0x5f, 0x43, 0x5f, 0x43, 0xbf, 0x53, 0x5f, 0x43, 0x5f, 0x43, 0x5f, 0x43, 0x5f, 0x43,
  0x5f, 0x43, 0x5f, 0x43, 0x5f, 0x43, 0x5f, 0x43, 0x5f, 0x43, 0x5f, 0x43, 0x5f, 0x43, 0x5f, 0x43, 0x5f, 0x43, 0x5f, 0x43, 0x5f, 0x43, 0x5f, 0x43, 0x5f, 0x43, 0x5f, 0x43, 0x5f, 0x43, 0x5f, 0x43,
  0x5f, 0x43, 0x5f, 0x43, 0x5f, 0x43, 0x5f, 0x43, 0x5f, 0x43, 0x5f, 0x43, 0x5f, 0x43, 0x5f, 0x43, 0x5f, 0x43, 0x5f, 0x43, 0x5f, 0x43, 0x5f, 0x43, 0x5f, 0x43, 0xbf, 0x53, 0x5f, 0x43, 0x5f, 0x43,
  0x5f, 0x43, 0x5f, 0x43, 0x5f, 0x43, 0x5f, 0x43, 0x5f, 0x43, 0x5f, 0x43, 0x5f, 0x43, 0x5f, 0x43, 0x5f, 0x43, 0x5f, 0x43, 0x5f, 0x43, 0x5f, 0x43, 0x5f, 0x43, 0x5f, 0x43, 0x5f, 0x43, 0x5f, 0x43,
  0x5f, 0x43, 0x5f, 0x43, 0x5f, 0x43, 0x5f, 0x43, 0x5f, 0x43, 0x5f, 0x43, 0x5f, 0x43, 0x5f, 0x43, 0x5f, 0x43, 0x5f, 0x43, 0x5f, 0x43, 0x5f, 0x43, 0x5f, 0x43, 0x5f, 0x43, 0x5f, 0x43, 0xbf, 0x53,
  0x5f, 0x43, 0x5f, 0x43, 0x5f, 0x43, 0x5f, 0x43, 0x5f, 0x43, 0x5f, 0x43, 0x5f, 0x43, 0x5f, 0x43, 0x5f, 0x43, 0x5f, 0x43, 0x5f, 0x43, 0x5f, 0x43, 0x5f, 0x43, 0x5f, 0x43, 0x5f, 0x43, 0x5f, 0x43,
  0x5f, 0x43, 0x5f, 0x43, 0x5f, 0x43, 0x5f, 0x43, 0x5f, 0x43, 0x5f, 0x43, 0x5f, 0x43, 0x5f, 0x43, 0x5f, 0x43, 0x5f, 0x43, 0x5f, 0x43, 0x5f, 0x43, 0x5f, 0x43, 0x5f, 0x43, 0x5f, 0x43, 0x5f, 0x43,
  0x5f, 0x43, 0xbf, 0x53, 0x5f, 0x43, 0x5f, 0x43, 0x5f, 0x43, 0x5f, 0x43, 0x5f, 0x43, 0x5f, 0x43, 0x5f, 0x43, 0x5f, 0x43, 0x5f, 0x43, 0x5f, 0x43, 0x5f, 0x43, 0x5f, 0x43, 0x5f, 0x43, 0x5f, 0x43,
  0x5f, 0x43, 0x5f, 0x43, 0x5f, 0x43, 0x5f, 0x43, 0x5f, 0x43, 0x5f, 0x43, 0x5f, 0x43, 0x5f, 0x43, 0x5f, 0x43, 0x5f, 0x43, 0x5f, 0x43, 0x5f, 0x43, 0x5f, 0x43, 0x5f, 0x43, 0x5f, 0x43, 0x5f, 0x43,
  0x5f, 0x43, 0x5f, 0x43, 0x5f, 0x43, 0xbf, 0x53, 0x5f, 0x43, 0x5f, 0x43, 0x5f, 0x43, 0x5f, 0x43, 0x5f, 0x43, 0x5f, 0x43, 0x5f, 0x43, 0x5f, 0x43, 0x5f, 0x43, 0x5f, 0x43, 0x5f, 0x43, 0x5f, 0x43,
  0x5f, 0x4b, 0xff, 0x3a, 0xff, 0x3a, 0xff, 0x3a, 0xff, 0x3a, 0xff, 0x3a, 0xff, 0x3a, 0xff, 0x3a, 0xff, 0x3a, 0xff, 0x3a, 0xff, 0x3a, 0xff, 0x3a, 0xff, 0x3a, 0xff, 0x3a, 0xff, 0x3a, 0xff, 0x3a,
  0xff, 0x3a, 0xff, 0x3a, 0xff, 0x3a, 0xff, 0x3a, 0xff, 0x3a, 0xff, 0x3a, 0xff, 0x3a, 0xff, 0x3a, 0xff, 0x3a, 0xff, 0x3a, 0xff, 0x3a, 0xff, 0x3a, 0xff, 0x3a, 0xff, 0x3a, 0xff, 0x3a, 0xff, 0x3a,
  0xff, 0x3a, 0xff, 0x3a, 0x5f, 0x4b, 0xff, 0x3a, 0xff, 0x3a, 0xff, 0x3a, 0xff, 0x3a, 0xff, 0x3a, 0xff, 0x3a, 0xff, 0x3a, 0xff, 0x3a, 0xff, 0x3a, 0xff, 0x3a, 0xff, 0x3a, 0xff, 0x3a, 0xff, 0x3a,
  0xff, 0x3a, 0xff, 0x3a, 0xff, 0x3a, 0xff, 0x3a, 0xff, 0x3a, 0xff, 0x3a, 0xff, 0x3a, 0xff, 0x3a, 0xff, 0x3a, 0xff, 0x3a, 0xff, 0x3a, 0xff, 0x3a, 0xff, 0x3a, 0xff, 0x3a, 0xff, 0x3a, 0xff, 0x3a,
  0xff, 0x3a, 0xff, 0x3a, 0xff, 0x3a, 0xff, 0x3a, 0x5f, 0x4b, 0xff, 0x3a, 0xff, 0x3a, 0xff, 0x3a, 0xff, 0x3a, 0xff, 0x3a, 0xff, 0x3a, 0xff, 0x3a, 0xff, 0x3a, 0xff, 0x3a, 0xff, 0x3a, 0xff, 0x3a,
  0xff, 0x3a, 0xff, 0x3a, 0xff, 0x3a, 0xff, 0x3a, 0xff, 0x3a, 0xff, 0x3a, 0xff, 0x3a, 0xff, 0x3a, 0xff, 0x3a, 0xff, 0x3a, 0xff, 0x3a, 0xff, 0x3a, 0xff, 0x3a, 0xff, 0x3a, 0xff, 0x3a, 0xff, 0x3a,
  0xff, 0x3a, 0xff, 0x3a, 0xff, 0x3a, 0xff, 0x3a, 0xff, 0x3a, 0xff, 0x3a, 0x5f, 0x4b, 0xff, 0x3a, 0xff, 0x3a, 0xff, 0x3a, 0xff, 0x3a, 0xff, 0x3a, 0xff, 0x3a, 0xff, 0x3a, 0xff, 0x3a, 0xff, 0x3a,
  0xff, 0x3a, 0xff, 0x3a, 0xff, 0x3a, 0xff, 0x3a, 0xff, 0x3a, 0xff, 0x3a, 0xff, 0x3a, 0xff, 0x3a, 0xff, 0x3a, 0xff, 0x3a, 0xff, 0x3a, 0xff, 0x3a, 0xff, 0x3a, 0xff, 0x3a, 0xff, 0x3a, 0xff, 0x3a,
  0xff, 0x3a, 0xff, 0x3a, 0xff, 0x3a, 0xff, 0x3a, 0xff, 0x3a, 0xff, 0x3a, 0xff, 0x3a, 0xff, 0x3a, 0x5f, 0x4b, 0xff, 0x3a, 0xff, 0x3a, 0xff, 0x3a, 0xff, 0x3a, 0xff, 0x3a, 0xff, 0x3a, 0xff, 0x3a,
  0xff, 0x3a, 0xff, 0x3a, 0xff, 0x3a, 0xff, 0x3a, 0xff, 0x3a, 0xff, 0x3a, 0xff, 0x3a, 0xff, 0x3a, 0xff, 0x3a, 0xff, 0x3a, 0xff, 0x3a, 0xff, 0x3a, 0xff, 0x3a, 0xff, 0x3a, 0xff, 0x3a, 0xff, 0x3a,
  0xff, 0x3a, 0xff, 0x3a, 0xff, 0x3a, 0xff, 0x3a, 0xff, 0x3a, 0xff, 0x3a, 0xff, 0x3a, 0xff, 0x3a, 0xff, 0x3a, 0xff, 0x3a, 0x5f, 0x4b, 0xff, 0x3a, 0xff, 0x3a, 0xff, 0x3a, 0xff, 0x3a, 0xff, 0x3a,
  0xff, 0x3a, 0xff, 0x3a, 0xff, 0x3a, 0xff, 0x3a, 0xff, 0x3a, 0xff, 0x3a, 0xff, 0x3a, 0xff, 0x3a, 0xff, 0x3a, 0xff, 0x3a, 0xff, 0x3a, 0xff, 0x3a, 0xff, 0x3a, 0xff, 0x3a, 0xff, 0x3a, 0xff, 0x3a,
  0xff, 0x3a, 0xff, 0x3a, 0xff, 0x3a, 0xff, 0x3a, 0xff, 0x3a, 0xff, 0x3a, 0xff, 0x3a, 0xff, 0x3a, 0xff, 0x3a, 0xff, 0x3a, 0xff, 0x3a, 0xff, 0x3a, 0x5f, 0x4b, 0xff, 0x3a, 0xff, 0x3a, 0xff, 0x3a,
  0xff, 0x3a, 0xff, 0x3a, 0xff, 0x3a, 0xff, 0x3a, 0xff, 0x3a, 0xff, 0x3a, 0xff, 0x3a, 0xff, 0x3a, 0xff, 0x3a, 0xff, 0x3a, 0xff, 0x3a, 0xff, 0x3a, 0xff, 0x3a, 0xff, 0x3a, 0xff, 0x3a, 0xff, 0x3a,
  0xff, 0x3a, 0xff, 0x3a, 0xff, 0x3a, 0xff, 0x3a, 0xff, 0x3a, 0xff, 0x3a, 0xff, 0x3a, 0xff, 0x3a, 0xff, 0x3a, 0xff, 0x3a, 0xff, 0x3a, 0xff, 0x3a, 0xff, 0x3a, 0xff, 0x3a, 0x5f, 0x4b, 0xff, 0x3a,
  0xff, 0x3a, 0xff, 0x3a, 0xff, 0x3a, 0xff, 0x3a, 0xff, 0x3a, 0xff, 0x3a, 0xff, 0x3a, 0xff, 0x3a, 0xff, 0x3a, 0xff, 0x3a, 0xff, 0x3a, 0xff, 0x3a, 0xff, 0x3a, 0xff, 0x3a, 0xff, 0x3a, 0xff, 0x3a,
  0xff, 0x3a, 0xff, 0x3a, 0xff, 0x3a, 0xff, 0x3a, 0xff, 0x3a, 0xff, 0x3a, 0xff, 0x3a, 0xff, 0x3a, 0xff, 0x3a, 0xff, 0x3a, 0xff, 0x3a, 0xff, 0x3a, 0xff, 0x3a, 0xff, 0x3a, 0xff, 0x3a, 0xff, 0x3a,
  0x5f, 0x4b, 0xff, 0x3a, 0xff, 0x3a, 0xff, 0x3a, 0xff, 0x3a, 0xff, 0x3a, 0xff, 0x3a, 0xff, 0x3a, 0xff, 0x3a, 0xff, 0x3a, 0xff, 0x3a, 0xff, 0x3a, 0xff, 0x3a, 0xff, 0x3a, 0xff, 0x3a, 0xff, 0x3a,
  0xff, 0x3a, 0xff, 0x3a, 0xff, 0x3a, 0xff, 0x3a, 0xff, 0x3a, 0xff, 0x3a, 0xff, 0x3a, 0xff, 0x3a, 0xff, 0x3a, 0xff, 0x3a, 0xff, 0x3a, 0xff, 0x3a, 0xff, 0x3a, 0xff, 0x3a, 0xff, 0x3a, 0xff, 0x3a,
  0xff, 0x3a, 0xff, 0x3a, 0x5f, 0x4b, 0xff, 0x3a, 0xff, 0x3a, 0xff, 0x3a, 0xff, 0x3a, 0xff, 0x3a, 0xff, 0x3a, 0xff, 0x3a, 0xff, 0x3a, 0xff, 0x3a, 0xff, 0x3a, 0xff, 0x3a, 0xff, 0x3a, 0xff, 0x3a,
  0x1f, 0x3b, 0x1f, 0x3b, 0x1f, 0x3b, 0x1f, 0x3b, 0x1f, 0x3b, 0x1f, 0x3b, 0x1f, 0x3b, 0x1f, 0x3b, 0x1f, 0x3b, 0x1f, 0x3b, 0x1f, 0x3b, 0x1f, 0x3b, 0x1f, 0x3b, 0x1f, 0x3b, 0x1f, 0x3b, 0x1f, 0x3b,
  0x1f, 0x3b, 0x1f, 0x3b, 0x1f, 0x3b, 0x1f, 0x3b, 0x1f, 0x3b, 0x1f, 0x3b, 0x1f, 0x3b, 0x1f, 0x3b, 0x1f, 0x3b, 0x1f, 0x3b, 0x1f, 0x3b, 0x1f, 0x3b, 0x1f, 0x3b, 0x1f, 0x3b, 0x1f, 0x3b, 0x1f, 0x3b,
  0x1f, 0x3b, 0x7f, 0x4b, 0x1f, 0x3b, 0x1f, 0x3b, 0x1f, 0x3b, 0x1f, 0x3b, 0x1f, 0x3b, 0x1f, 0x3b, 0x1f, 0x3b, 0x1f, 0x3b, 0x1f, 0x3b, 0x1f, 0x3b, 0x1f, 0x3b, 0x1f, 0x3b, 0x1f, 0x3b, 0x1f, 0x3b,
  0x1f, 0x3b, 0x1f, 0x3b, 0x1f, 0x3b, 0x1f, 0x3b, 0x1f, 0x3b, 0x1f, 0x3b, 0x1f, 0x3b, 0x1f, 0x3b, 0x1f, 0x3b, 0x1f, 0x3b, 0x1f, 0x3b, 0x1f, 0x3b, 0x1f, 0x3b, 0x1f, 0x3b, 0x1f, 0x3b, 0x1f, 0x3b,
  0x1f, 0x3b, 0x1f, 0x3b, 0x1f, 0x3b, 0x7f, 0x4b, 0x1f, 0x3b, 0x1f, 0x3b, 0x1f, 0x3b, 0x1f, 0x3b, 0x1f, 0x3b, 0x1f, 0x3b, 0x1f, 0x3b, 0x1f, 0x3b, 0x1f, 0x3b, 0x1f, 0x3b, 0x1f, 0x3b, 0x1f, 0x3b,
  0x1f, 0x3b, 0x1f, 0x3b, 0x1f, 0x3b, 0x1f, 0x3b, 0x1f, 0x3b, 0x1f, 0x3b, 0x1f, 0x3b, 0x1f, 0x3b, 0x1f, 0x3b, 0x1f, 0x3b, 0x1f, 0x3b, 0x1f, 0x3b, 0x1f, 0x3b, 0x1f, 0x3b, 0x1f, 0x3b, 0x1f, 0x3b,
  0x1f, 0x3b, 0x1f, 0x3b, 0x1f, 0x3b, 0x1f, 0x3b, 0x1f, 0x3b, 0x7f, 0x4b, 0x1f, 0x3b, 0x1f, 0x3b, 0x1f, 0x3b, 0x1f, 0x3b, 0x1f, 0x3b, 0x1f, 0x3b, 0x1f, 0x3b, 0x1f, 0x3b, 0x1f, 0x3b, 0x1f, 0x3b,
  0x1f, 0x3b, 0x1f, 0x3b, 0x1f, 0x3b, 0x1f, 0x3b, 0x1f, 0x3b, 0x1f, 0x3b, 0x1f, 0x3b, 0x1f, 0x3b, 0x1f, 0x3b, 0x1f, 0x3b, 0x1f, 0x3b, 0x1f, 0x3b, 0x1f, 0x3b, 0x1f, 0x3b, 0x1f, 0x3b, 0x1f, 0x3b,
  0x1f, 0x3b, 0x1f, 0x3b, 0x1f, 0x3b, 0x1f, 0x3b, 0x1f, 0x3b, 0x1f, 0x3b, 0x1f, 0x3b, 0x7f, 0x4b, 0x1f, 0x3b, 0x1f, 0x3b, 0x1f, 0x3b, 0x1f, 0x3b, 0x1f, 0x3b, 0x1f, 0x3b, 0x1f, 0x3b, 0x1f, 0x3b,
  0x1f, 0x3b, 0x1f, 0x3b, 0x1f, 0x3b, 0x1f, 0x3b, 0x1f, 0x3b, 0x1f, 0x3b, 0x1f, 0x3b, 0x1f, 0x3b, 0x1f, 0x3b, 0x1f, 0x3b, 0x1f, 0x3b, 0x1f, 0x3b, 0x1f, 0x3b, 0x1f, 0x3b, 0x1f, 0x3b, 0x1f, 0x3b,
  0x1f, 0x3b, 0x1f, 0x3b, 0x1f, 0x3b, 0x1f, 0x3b, 0x1f, 0x3b, 0x1f, 0x3b, 0x1f, 0x3b, 0x1f, 0x3b, 0x1f, 0x3b, 0x7f, 0x4b, 0x1f, 0x3b, 0x1f, 0x3b, 0x1f, 0x3b, 0x1f, 0x3b, 0x1f, 0x3b, 0x1f, 0x3b,
  0x1f, 0x3b, 0x1f, 0x3b, 0x1f, 0x3b, 0x1f, 0x3b, 0x1f, 0x3b, 0x1f, 0x3b, 0x1f, 0x3b, 0x1f, 0x3b, 0x1f, 0x3b, 0x1f, 0x3b, 0x1f, 0x3b, 0x1f, 0x3b, 0x1f, 0x3b, 0x1f, 0x3b, 0x1f, 0x3b, 0x1f, 0x3b,
  0x1f, 0x3b, 0x1f, 0x3b, 0x1f, 0x3b, 0x1f, 0x3b, 0x1f, 0x3b, 0x1f, 0x3b, 0x1f, 0x3b, 0x1f, 0x3b, 0x1f, 0x3b, 0x1f, 0x3b, 0x1f, 0x3b, 0x7f, 0x4b, 0x1f, 0x3b, 0x1f, 0x3b, 0x1f, 0x3b, 0x1f, 0x3b,
  0x1f, 0x3b, 0x1f, 0x3b, 0x1f, 0x3b, 0x1f, 0x3b, 0x1f, 0x3b, 0x1f, 0x3b, 0x1f, 0x3b, 0x1f, 0x3b, 0x1f, 0x3b, 0x1f, 0x3b, 0x1f, 0x3b, 0x1f, 0x3b, 0x1f, 0x3b, 0x1f, 0x3b, 0x1f, 0x3b, 0x1f, 0x3b,
  0x1f, 0x3b, 0x1f, 0x3b, 0x1f, 0x3b, 0x1f, 0x3b, 0x1f, 0x3b, 0x1f, 0x3b, 0x1f, 0x3b, 0x1f, 0x3b, 0x1f, 0x3b, 0x1f, 0x3b, 0x1f, 0x3b, 0x1f, 0x3b, 0x1f, 0x3b, 0x7f, 0x4b, 0x1f, 0x3b, 0x1f, 0x3b,
  0x1f, 0x3b, 0x1f, 0x3b, 0x1f, 0x3b, 0x1f, 0x3b, 0x1f, 0x3b, 0x1f, 0x3b, 0x1f, 0x3b, 0x1f, 0x3b, 0x1f, 0x3b, 0x1f, 0x3b, 0x1f, 0x3b, 0x1f, 0x3b, 0x1f, 0x3b, 0x1f, 0x3b, 0x1f, 0x3b, 0x1f, 0x3b,
  0x1f, 0x3b, 0x1f, 0x3b, 0x1f, 0x3b, 0x1f, 0x3b, 0x1f, 0x3b, 0x1f, 0x3b, 0x1f, 0x3b, 0x1f, 0x3b, 0x1f, 0x3b, 0x1f, 0x3b, 0x1f, 0x3b, 0x1f, 0x3b, 0x1f, 0x3b, 0x1f, 0x3b, 0x1f, 0x3b, 0x7f, 0x4b,
  0x1f, 0x3b, 0x1f, 0x3b, 0x1f, 0x3b, 0x1f, 0x3b, 0x1f, 0x3b, 0x1f, 0x3b, 0x1f, 0x3b, 0x1f, 0x3b, 0x1f, 0x3b, 0x1f, 0x3b, 0x1f, 0x3b, 0x1f, 0x3b, 0x1f, 0x3b, 0x1f, 0x3b, 0x1f, 0x3b, 0x1f, 0x3b,
  0x1f, 0x3b, 0x1f, 0x3b, 0x1f, 0x3b, 0x1f, 0x3b, 0x1f, 0x3b, 0x1f, 0x3b, 0x1f, 0x3b, 0x1f, 0x3b, 0x1f, 0x3b, 0x1f, 0x3b, 0x1f, 0x3b, 0x1f, 0x3b, 0x1f, 0x3b, 0x1f, 0x3b, 0x1f, 0x3b, 0x1f, 0x3b,
  0x1f, 0x3b, 0x7f, 0x4b, 0x1f, 0x3b, 0x1f, 0x3b, 0x1f, 0x3b, 0x1f, 0x3b, 0x1f, 0x3b, 0x1f, 0x3b, 0x1f, 0x3b, 0x1f, 0x3b, 0x1f, 0x3b, 0x1f, 0x3b, 0x1f, 0x3b, 0x1f, 0x3b, 0x1f, 0x3b, 0x1f, 0x3b,
  0xff, 0x3a, 0xff, 0x3a, 0xff, 0x3a, 0xff, 0x3a, 0xff, 0x3a, 0xff, 0x3a, 0xff, 0x3a, 0xff, 0x3a, 0xff, 0x3a, 0xff, 0x3a, 0xff, 0x3a, 0xff, 0x3a, 0xff, 0x3a, 0xff, 0x3a, 0xff, 0x3a, 0xff, 0x3a,
  0xff, 0x3a, 0xff, 0x3a, 0xff, 0x3a, 0xff, 0x3a, 0xff, 0x3a, 0xff, 0x3a, 0xff, 0x3a, 0xff, 0x3a, 0xff, 0x3a, 0xff, 0x3a, 0xff, 0x3a, 0xff, 0x3a, 0xff, 0x3a, 0xff, 0x3a, 0xff, 0x3a, 0xff, 0x3a,
  0x5f, 0x4b, 0xff, 0x3a, 0xff, 0x3a, 0xff, 0x3a, 0xff, 0x3a, 0xff, 0x3a, 0xff, 0x3a, 0xff, 0x3a, 0xff, 0x3a, 0xff, 0x3a, 0xff, 0x3a, 0xff, 0x3a, 0xff, 0x3a, 0xff, 0x3a, 0xff, 0x3a, 0xff, 0x3a,
  0xff, 0x3a, 0xff, 0x3a, 0xff, 0x3a, 0xff, 0x3a, 0xff, 0x3a, 0xff, 0x3a, 0xff, 0x3a, 0xff, 0x3a, 0xff, 0x3a, 0xff, 0x3a, 0xff, 0x3a, 0xff, 0x3a, 0xff, 0x3a, 0xff, 0x3a, 0xff, 0x3a, 0xff, 0x3a,
  0xff, 0x3a, 0xff, 0x3a, 0x5f, 0x4b, 0xff, 0x3a, 0xff, 0x3a, 0xff, 0x3a, 0xff, 0x3a, 0xff, 0x3a, 0xff, 0x3a, 0xff, 0x3a, 0xff, 0x3a, 0xff, 0x3a, 0xff, 0x3a, 0xff, 0x3a, 0xff, 0x3a, 0xff, 0x3a,
  0xff, 0x3a, 0xff, 0x3a, 0xff, 0x3a, 0xff, 0x3a, 0xff, 0x3a, 0xff, 0x3a, 0xff, 0x3a, 0xff, 0x3a, 0xff, 0x3a, 0xff, 0x3a, 0xff, 0x3a, 0xff, 0x3a, 0xff, 0x3a, 0xff, 0x3a, 0xff, 0x3a, 0xff, 0x3a,
  0xff, 0x3a, 0xff, 0x3a, 0xff, 0x3a, 0xff, 0x3a, 0x5f, 0x4b, 0xff, 0x3a, 0xff, 0x3a, 0xff, 0x3a, 0xff, 0x3a, 0xff, 0x3a, 0xff, 0x3a, 0xff, 0x3a, 0xff, 0x3a, 0xff, 0x3a, 0xff, 0x3a, 0xff, 0x3a,
  0xff, 0x3a, 0xff, 0x3a, 0xff, 0x3a, 0xff, 0x3a, 0xff, 0x3a, 0xff, 0x3a, 0xff, 0x3a, 0xff, 0x3a, 0xff, 0x3a, 0xff, 0x3a, 0xff, 0x3a, 0xff, 0x3a, 0xff, 0x3a, 0xff, 0x3a, 0xff, 0x3a, 0xff, 0x3a,
  0xff, 0x3a, 0xff, 0x3a, 0xff, 0x3a, 0xff, 0x3a, 0xff, 0x3a, 0xff, 0x3a, 0x5f, 0x4b, 0xff, 0x3a, 0xff, 0x3a, 0xff, 0x3a, 0xff, 0x3a, 0xff, 0x3a, 0xff, 0x3a, 0xff, 0x3a, 0xff, 0x3a, 0xff, 0x3a,
  0xff, 0x3a, 0xff, 0x3a, 0xff, 0x3a, 0xff, 0x3a, 0xff, 0x3a, 0xff, 0x3a, 0xff, 0x3a, 0xff, 0x3a, 0xff, 0x3a, 0xff, 0x3a, 0xff, 0x3a, 0xff, 0x3a, 0xff, 0x3a, 0xff, 0x3a, 0xff, 0x3a, 0xff, 0x3a,
  0xff, 0x3a, 0xff, 0x3a, 0xff, 0x3a, 0xff, 0x3a, 0xff, 0x3a, 0xff, 0x3a, 0xff, 0x3a, 0xff, 0x3a, 0x5f, 0x4b, 0xff, 0x3a, 0xff, 0x3a, 0xff, 0x3a, 0xff, 0x3a, 0xff, 0x3a, 0xff, 0x3a, 0xff, 0x3a,
  0xff, 0x3a, 0xff, 0x3a, 0xff, 0x3a, 0xff, 0x3a, 0xff, 0x3a, 0xff, 0x3a, 0xff, 0x3a, 0xff, 0x3a, 0xff, 0x3a, 0xff, 0x3a, 0xff, 0x3a, 0xff, 0x3a, 0xff, 0x3a, 0xff, 0x3a, 0xff, 0x3a, 0xff, 0x3a,
  0xff, 0x3a, 0xff, 0x3a, 0xff, 0x3a, 0xff, 0x3a, 0xff, 0x3a, 0xff, 0x3a, 0xff, 0x3a, 0xff, 0x3a, 0xff, 0x3a, 0xff, 0x3a, 0x5f, 0x4b, 0xff, 0x3a, 0xff, 0x3a, 0xff, 0x3a, 0xff, 0x3a, 0xff, 0x3a,
  0xff, 0x3a, 0xff, 0x3a, 0xff, 0x3a, 0xff, 0x3a, 0xff, 0x3a, 0xff, 0x3a, 0xff, 0x3a, 0xff, 0x3a, 0xff, 0x3a, 0xff, 0x3a, 0xff, 0x3a, 0xff, 0x3a, 0xff, 0x3a, 0xff, 0x3a, 0xff, 0x3a, 0xff, 0x3a,
  0xff, 0x3a, 0xff, 0x3a, 0xff, 0x3a, 0xff, 0x3a, 0xff, 0x3a, 0xff, 0x3a, 0xff, 0x3a, 0xff, 0x3a, 0xff, 0x3a, 0xff, 0x3a, 0xff, 0x3a, 0xff, 0x3a, 0x5f, 0x4b, 0xff, 0x3a, 0xff, 0x3a, 0xff, 0x3a,
  0xff, 0x3a, 0xff, 0x3a, 0xff, 0x3a, 0xff, 0x3a, 0xff, 0x3a, 0xff, 0x3a, 0xff, 0x3a, 0xff, 0x3a, 0xff, 0x3a, 0xff, 0x3a, 0xff, 0x3a, 0xff, 0x3a, 0xff, 0x3a, 0xff, 0x3a, 0xff, 0x3a, 0xff, 0x3a,
  0xff, 0x3a, 0xff, 0x3a, 0xff, 0x3a, 0xff, 0x3a, 0xff, 0x3a, 0xff, 0x3a, 0xff, 0x3a, 0xff, 0x3a, 0xff, 0x3a, 0xff, 0x3a, 0xff, 0x3a, 0xff, 0x3a, 0xff, 0x3a, 0xff, 0x3a, 0x5f, 0x4b, 0xff, 0x3a,
  0xff, 0x3a, 0xff, 0x3a, 0xff, 0x3a, 0xff, 0x3a, 0xff, 0x3a, 0xff, 0x3a, 0xff, 0x3a, 0xff, 0x3a, 0xff, 0x3a, 0xff, 0x3a, 0xff, 0x3a, 0xff, 0x3a, 0xff, 0x3a, 0xff, 0x3a, 0xff, 0x3a, 0xff, 0x3a,
  0xff, 0x3a, 0xff, 0x3a, 0xff, 0x3a, 0xff, 0x3a, 0xff, 0x3a, 0xff, 0x3a, 0xff, 0x3a, 0xff, 0x3a, 0xff, 0x3a, 0xff, 0x3a, 0xff, 0x3a, 0xff, 0x3a, 0xff, 0x3a, 0xff, 0x3a, 0xff, 0x3a, 0xff, 0x3a,
  0x5f, 0x4b, 0xff, 0x3a, 0xff, 0x3a, 0xff, 0x3a, 0xff, 0x3a, 0xff, 0x3a, 0xff, 0x3a, 0xff, 0x3a, 0xff, 0x3a, 0xff, 0x3a, 0xff, 0x3a, 0xff, 0x3a, 0xff, 0x3a, 0xff, 0x3a, 0xff, 0x3a, 0xff, 0x3a,
  0xff, 0x3a, 0xff, 0x3a, 0xff, 0x3a, 0xff, 0x3a, 0xff, 0x3a, 0xff, 0x3a, 0xff, 0x3a, 0xff, 0x3a, 0xff, 0x3a, 0xff, 0x3a, 0xff, 0x3a, 0xff, 0x3a, 0xff, 0x3a, 0xff, 0x3a, 0xff, 0x3a, 0xff, 0x3a,
  0xff, 0x3a, 0xff, 0x3a, 0xff, 0x3a, 0xff, 0x3a, 0xff, 0x3a, 0xff, 0x3a, 0xff, 0x3a, 0xff, 0x3a, 0xff, 0x3a, 0xff, 0x3a, 0xff, 0x3a, 0xff, 0x3a, 0xff, 0x3a, 0xff, 0x3a, 0xff, 0x3a, 0x5f, 0x4b,
  0xff, 0x3a, 0xff, 0x3a, 0xff, 0x3a, 0xff, 0x3a, 0xff, 0x3a, 0xff, 0x3a, 0xff, 0x3a, 0xff, 0x3a, 0xff, 0x3a, 0xff, 0x3a, 0xff, 0x3a, 0xff, 0x3a, 0xff, 0x3a, 0xff, 0x3a, 0xff, 0x3a, 0xff, 0x3a,
  0xff, 0x3a, 0xff, 0x3a, 0xff, 0x3a, 0xff, 0x3a, 0xff, 0x3a, 0xff, 0x3a, 0xff, 0x3a, 0xff, 0x3a, 0xff, 0x3a, 0xff, 0x3a, 0xff, 0x3a, 0xff, 0x3a, 0xff, 0x3a, 0xff, 0x3a, 0xff, 0x3a, 0xff, 0x3a,
  0xff, 0x3a, 0x5f, 0x4b, 0xff, 0x3a, 0xff, 0x3a, 0xff, 0x3a, 0xff, 0x3a, 0xff, 0x3a, 0xff, 0x3a, 0xff, 0x3a, 0xff, 0x3a, 0xff, 0x3a, 0xff, 0x3a, 0xff, 0x3a, 0xff, 0x3a, 0xff, 0x3a, 0xff, 0x3a,
  0xff, 0x3a, 0xff, 0x3a, 0xff, 0x3a, 0xff, 0x3a, 0xff, 0x3a, 0xff, 0x3a, 0xff, 0x3a, 0xff, 0x3a, 0xff, 0x3a, 0xff, 0x3a, 0xff, 0x3a, 0xff, 0x3a, 0xff, 0x3a, 0xff, 0x3a, 0xff, 0x3a, 0xff, 0x3a,
  0xff, 0x3a, 0xff, 0x3a, 0xff, 0x3a, 0x5f, 0x4b, 0xff, 0x3a, 0xff, 0x3a, 0xff, 0x3a, 0xff, 0x3a, 0xff, 0x3a, 0xff, 0x3a, 0xff, 0x3a, 0xff, 0x3a, 0xff, 0x3a, 0xff, 0x3a, 0xff, 0x3a, 0xff, 0x3a,
  0xff, 0x3a, 0xff, 0x3a, 0xff, 0x3a, 0xff, 0x3a, 0xff, 0x3a, 0xff, 0x3a, 0xff, 0x3a, 0xff, 0x3a, 0xff, 0x3a, 0xff, 0x3a, 0xff, 0x3a, 0xff, 0x3a, 0xff, 0x3a, 0xff, 0x3a, 0xff, 0x3a, 0xff, 0x3a,
  0xff, 0x3a, 0xff, 0x3a, 0xff, 0x3a, 0xff, 0x3a, 0xff, 0x3a, 0x5f, 0x4b, 0xff, 0x3a, 0xff, 0x3a, 0xff, 0x3a, 0xff, 0x3a, 0xff, 0x3a, 0xff, 0x3a, 0xff, 0x3a, 0xff, 0x3a, 0xff, 0x3a, 0xff, 0x3a,
  0xff, 0x3a, 0xff, 0x3a, 0xff, 0x3a, 0xff, 0x3a, 0xff, 0x3a, 0xff, 0x3a, 0xff, 0x3a, 0xff, 0x3a, 0xff, 0x3a, 0xff, 0x3a, 0xff, 0x3a, 0xff, 0x3a, 0xff, 0x3a, 0xff, 0x3a, 0xff, 0x3a, 0xff, 0x3a,
  0xff, 0x3a, 0xff, 0x3a, 0xff, 0x3a, 0xff, 0x3a, 0xff, 0x3a, 0xff, 0x3a, 0xff, 0x3a, 0x5f, 0x4b, 0xff, 0x3a, 0xff, 0x3a, 0xff, 0x3a, 0xff, 0x3a, 0xff, 0x3a, 0xff, 0x3a, 0xff, 0x3a, 0xff, 0x3a,
  0xff, 0x3a, 0xff, 0x3a, 0xff, 0x3a, 0xff, 0x3a, 0xff, 0x3a, 0xff, 0x3a, 0xff, 0x3a, 0xff, 0x3a, 0xff, 0x3a, 0xff, 0x3a, 0xff, 0x3a, 0xff, 0x3a, 0xff, 0x3a, 0xff, 0x3a, 0xff, 0x3a, 0xff, 0x3a,
  0xff, 0x3a, 0xff, 0x3a, 0xff, 0x3a, 0xff, 0x3a, 0xff, 0x3a, 0xff, 0x3a, 0xff, 0x3a, 0xff, 0x3a, 0xff, 0x3a, 0x5f, 0x4b, 0xff, 0x3a, 0xff, 0x3a, 0xff, 0x3a, 0xff, 0x3a, 0xff, 0x3a, 0xff, 0x3a,
  0xff, 0x3a, 0xff, 0x3a, 0xff, 0x3a, 0xff, 0x3a, 0xff, 0x3a, 0xff, 0x3a, 0xff, 0x3a, 0xff, 0x3a, 0xff, 0x3a, 0xff, 0x3a, 0xff, 0x3a, 0xff, 0x3a, 0xff, 0x3a, 0xff, 0x3a, 0xff, 0x3a, 0xff, 0x3a,
  0xff, 0x3a, 0xff, 0x3a, 0xff, 0x3a, 0xff, 0x3a, 0xff, 0x3a, 0xff, 0x3a, 0xff, 0x3a, 0xff, 0x3a, 0xff, 0x3a, 0xff, 0x3a, 0xff, 0x3a, 0x5f, 0x4b, 0xff, 0x3a, 0xff, 0x3a, 0xff, 0x3a, 0xff, 0x3a,
  0xff, 0x3a, 0xff, 0x3a, 0xff, 0x3a, 0xff, 0x3a, 0xff, 0x3a, 0xff, 0x3a, 0xff, 0x3a, 0xff, 0x3a, 0xff, 0x3a, 0xff, 0x3a, 0xff, 0x3a, 0xff, 0x3a, 0xff, 0x3a, 0xff, 0x3a, 0xff, 0x3a, 0xff, 0x3a,
  0xff, 0x3a, 0xff, 0x3a, 0xff, 0x3a, 0xff, 0x3a, 0xff, 0x3a, 0xff, 0x3a, 0xff, 0x3a, 0xff, 0x3a, 0xff, 0x3a, 0xff, 0x3a, 0xff, 0x3a, 0xff, 0x3a, 0xff, 0x3a, 0x5f, 0x4b, 0xff, 0x3a, 0xff, 0x3a,
  0xff, 0x3a, 0xff, 0x3a, 0xff, 0x3a, 0xff, 0x3a, 0xff, 0x3a, 0xff, 0x3a, 0xff, 0x3a, 0xff, 0x3a, 0xff, 0x3a, 0xff, 0x3a, 0xff, 0x3a, 0xff, 0x3a, 0xff, 0x3a, 0xff, 0x3a, 0xff, 0x3a, 0xff, 0x3a,
  0xff, 0x3a, 0xff, 0x3a, 0xff, 0x3a, 0xff, 0x3a, 0xff, 0x3a, 0xff, 0x3a, 0xff, 0x3a, 0xff, 0x3a, 0xff, 0x3a, 0xff, 0x3a, 0xff, 0x3a, 0xff, 0x3a, 0xff, 0x3a, 0xff, 0x3a, 0xff, 0x3a, 0x5f, 0x4b,
  0xff, 0x3a, 0xff, 0x3a, 0xff, 0x3a, 0xff, 0x3a, 0xff, 0x3a, 0xff, 0x3a, 0xff, 0x3a, 0xff, 0x3a, 0xff, 0x3a, 0xff, 0x3a, 0xff, 0x3a, 0xff, 0x3a, 0xff, 0x3a, 0xff, 0x3a, 0xff, 0x3a, 0xff, 0x3a,
  0x5f, 0x43, 0x5f, 0x43, 0x5f, 0x43, 0x5f, 0x43, 0x5f, 0x43, 0x5f, 0x43, 0x5f, 0x43, 0x5f, 0x43, 0x5f, 0x43, 0x5f, 0x43, 0x5f, 0x43, 0x5f, 0x43, 0x5f, 0x43, 0x5f, 0x43, 0x5f, 0x43, 0x5f, 0x43,
  0x5f, 0x43, 0x5f, 0x43, 0x5f, 0x43, 0x5f, 0x43, 0x5f, 0x43, 0x5f, 0x43, 0x5f, 0x43, 0x5f, 0x43, 0x5f, 0x43, 0x5f, 0x43, 0x5f, 0x43, 0x5f, 0x43, 0x5f, 0x43, 0x5f, 0x43, 0xbf, 0x53, 0x5f, 0x43,
  0x5f, 0x43, 0x5f, 0x43, 0x5f, 0x43, 0x5f, 0x43, 0x5f, 0x43, 0x5f, 0x43, 0x5f, 0x43, 0x5f, 0x43, 0x5f, 0x43, 0x5f, 0x43, 0x5f, 0x43, 0x5f, 0x43, 0x5f, 0x43, 0x5f, 0x43, 0x5f, 0x43, 0x5f, 0x43,
  0x5f, 0x43, 0x5f, 0x43, 0x5f, 0x43, 0x5f, 0x43, 0x5f, 0x43, 0x5f, 0x43, 0x5f, 0x43, 0x5f, 0x43, 0x5f, 0x43, 0x5f, 0x43, 0x5f, 0x43, 0x5f, 0x43, 0x5f, 0x43, 0x5f, 0x43, 0x5f, 0x43, 0x5f, 0x43,
  0xbf, 0x53, 0x5f, 0x43, 0x5f, 0x43, 0x5f, 0x43, 0x5f, 0x43, 0x5f, 0x43, 0x5f, 0x43, 0x5f, 0x43, 0x5f, 0x43, 0x5f, 0x43, 0x5f, 0x43, 0x5f, 0x43, 0x5f, 0x43, 0x5f, 0x43, 0x5f, 0x43, 0x5f, 0x43,
  0x5f, 0x43, 0x5f, 0x43, 0x5f, 0x43, 0x5f, 0x43, 0x5f, 0x43, 0x5f, 0x43, 0x5f, 0x43, 0x5f, 0x43, 0x5f, 0x43, 0x5f, 0x43, 0x5f, 0x43, 0x5f, 0x43, 0x5f, 0x43, 0x5f, 0x43, 0x5f, 0x43, 0x5f, 0x43,
  0x5f, 0x43, 0x5f, 0x43, 0xbf, 0x53, 0x5f, 0x43, 0x5f, 0x43, 0x5f, 0x43, 0x5f, 0x43, 0x5f, 0x43, 0x5f, 0x43, 0x5f, 0x43, 0x5f, 0x43, 0x5f, 0x43, 0x5f, 0x43, 0x5f, 0x43, 0x5f, 0x43, 0x5f, 0x43,
  0x5f, 0x43, 0x5f, 0x43, 0x5f, 0x43, 0x5f, 0x43, 0x5f, 0x43, 0x5f, 0x43, 0x5f, 0x43, 0x5f, 0x43, 0x5f, 0x43, 0x5f, 0x43, 0x5f, 0x43, 0x5f, 0x43, 0x5f, 0x43, 0x5f, 0x43, 0x5f, 0x43, 0x5f, 0x43,
  0x5f, 0x43, 0x5f, 0x43, 0x5f, 0x43, 0x5f, 0x43, 0xbf, 0x53, 0x5f, 0x43, 0x5f, 0x43, 0x5f, 0x43, 0x5f, 0x43, 0x5f, 0x43, 0x5f, 0x43, 0x5f, 0x43, 0x5f, 0x43, 0x5f, 0x43, 0x5f, 0x43, 0x5f, 0x43,
  0x5f, 0x43, 0x5f, 0x43, 0x5f, 0x43, 0x5f, 0x43, 0x5f, 0x43, 0x5f, 0x43, 0x5f, 0x43, 0x5f, 0x43, 0x5f, 0x43, 0x5f, 0x43, 0x5f, 0x43, 0x5f, 0x43, 0x5f, 0x43, 0x5f, 0x43, 0x5f, 0x43, 0x5f, 0x43,
  0x5f, 0x43, 0x5f, 0x43, 0x5f, 0x43, 0x5f, 0x43, 0x5f, 0x43, 0x5f, 0x43, 0xbf, 0x53, 0x5f, 0x43, 0x5f, 0x43, 0x5f, 0x43, 0x5f, 0x43, 0x5f, 0x43, 0x5f, 0x43, 0x5f, 0x43, 0x5f, 0x43, 0x5f, 0x43,
  0x5f, 0x43, 0x5f, 0x43, 0x5f, 0x43, 0x5f, 0x43, 0x5f, 0x43, 0x5f, 0x43, 0x5f, 0x43, 0x5f, 0x43, 0x5f, 0x43, 0x5f, 0x43, 0x5f, 0x43, 0x5f, 0x43, 0x5f, 0x43, 0x5f, 0x43, 0x5f, 0x43, 0x5f, 0x43,
  0x5f, 0x43, 0x5f, 0x43, 0x5f, 0x43, 0x5f, 0x43, 0x5f, 0x43, 0x5f, 0x43, 0x5f, 0x43, 0x5f, 0x43, 0xbf, 0x53, 0x5f, 0x43, 0x5f, 0x43, 0x5f, 0x43, 0x5f, 0x43, 0x5f, 0x43, 0x5f, 0x43, 0x5f, 0x43,
  0x5f, 0x43, 0x5f, 0x43, 0x5f, 0x43, 0x5f, 0x43, 0x5f, 0x43, 0x5f, 0x43, 0x5f, 0x43, 0x5f, 0x43, 0x5f, 0x43, 0x5f, 0x43, 0x5f, 0x43, 0x5f, 0x43, 0x5f, 0x43, 0x5f, 0x43, 0x5f, 0x43, 0x5f, 0x43,
  0x5f, 0x43, 0x5f, 0x43, 0x5f, 0x43, 0x5f, 0x43, 0x5f, 0x43, 0x5f, 0x43, 0x5f, 0x43, 0x5f, 0x43, 0x5f, 0x43, 0x5f, 0x43, 0xbf, 0x53, 0x5f, 0x43, 0x5f, 0x43, 0x5f, 0x43, 0x5f, 0x43, 0x5f, 0x43,
  0x5f, 0x43, 0x5f, 0x43, 0x5f, 0x43, 0x5f, 0x43, 0x5f, 0x43, 0x5f, 0x43, 0x5f, 0x43, 0x5f, 0x43, 0x5f, 0x43, 0x5f, 0x43, 0x5f, 0x43, 0x5f, 0x43, 0x5f, 0x43, 0x5f, 0x43, 0x5f, 0x43, 0x5f, 0x43,
  0x5f, 0x43, 0x5f, 0x43, 0x5f, 0x43, 0x5f, 0x43, 0x5f, 0x43, 0x5f, 0x43, 0x5f, 0x43, 0x5f, 0x43, 0x5f, 0x43, 0x5f, 0x43, 0x5f, 0x43, 0x5f, 0x43, 0xbf, 0x53, 0x5f, 0x43, 0x5f, 0x43, 0x5f, 0x43,
  0x5f, 0x43, 0x5f, 0x43, 0x5f, 0x43, 0x5f, 0x43, 0x5f, 0x43, 0x5f, 0x43, 0x5f, 0x43, 0x5f, 0x43, 0x5f, 0x43, 0x5f, 0x43, 0x5f, 0x43, 0x5f, 0x43, 0x5f, 0x43, 0x5f, 0x43, 0x5f, 0x43, 0x5f, 0x43,
  0x5f, 0x43, 0x5f, 0x43, 0x5f, 0x43, 0x5f, 0x43, 0x5f, 0x43, 0x5f, 0x43, 0x5f, 0x43, 0x5f, 0x43, 0x5f, 0x43, 0x5f, 0x43, 0x5f, 0x43, 0x5f, 0x43, 0x5f, 0x43, 0x5f, 0x43, 0xbf, 0x53, 0x5f, 0x43,
  0x5f, 0x43, 0x5f, 0x43, 0x5f, 0x43, 0x5f, 0x43, 0x5f, 0x43, 0x5f, 0x43, 0x5f, 0x43, 0x5f, 0x43, 0x5f, 0x43, 0x5f, 0x43, 0x5f, 0x43, 0x5f, 0x43, 0x5f, 0x43, 0x5f, 0x43, 0x5f, 0x43, 0x5f, 0x43,
  0xfe, 0x3a, 0xfe, 0x3a, 0xfe, 0x3a, 0xfe, 0x3a, 0xfe, 0x3a, 0xfe, 0x3a, 0xfe, 0x3a, 0xfe, 0x3a, 0xfe, 0x3a, 0xfe, 0x3a, 0xfe, 0x3a, 0xfe, 0x3a, 0xfe, 0x3a, 0xfe, 0x3a, 0xfe, 0x3a, 0xfe, 0x3a,
  0xfe, 0x3a, 0xfe, 0x3a, 0xfe, 0x3a, 0xfe, 0x3a, 0xfe, 0x3a, 0xfe, 0x3a, 0xfe, 0x3a, 0xfe, 0x3a, 0xfe, 0x3a, 0xfe, 0x3a, 0xfe, 0x3a, 0xfe, 0x3a, 0xfe, 0x3a, 0x5e, 0x4b, 0xfe, 0x3a, 0xfe, 0x3a,
  0xfe, 0x3a, 0xfe, 0x3a, 0xfe, 0x3a, 0xfe, 0x3a, 0xfe, 0x3a, 0xfe, 0x3a, 0xfe, 0x3a, 0xfe, 0x3a, 0xfe, 0x3a, 0xfe, 0x3a, 0xfe, 0x3a, 0xfe, 0x3a, 0xfe, 0x3a, 0xfe, 0x3a, 0xfe, 0x3a, 0xfe, 0x3a,
  0xfe, 0x3a, 0xfe, 0x3a, 0xfe, 0x3a, 0xfe, 0x3a, 0xfe, 0x3a, 0xfe, 0x3a, 0xfe, 0x3a, 0xfe, 0x3a, 0xfe, 0x3a, 0xfe, 0x3a, 0xfe, 0x3a, 0xfe, 0x3a, 0xfe, 0x3a, 0xfe, 0x3a, 0xfe, 0x3a, 0x5e, 0x4b,
  0xfe, 0x3a, 0xfe, 0x3a, 0xfe, 0x3a, 0xfe, 0x3a, 0xfe, 0x3a, 0xfe, 0x3a, 0xfe, 0x3a, 0xfe, 0x3a, 0xfe, 0x3a, 0xfe, 0x3a, 0xfe, 0x3a, 0xfe, 0x3a, 0xfe, 0x3a, 0xfe, 0x3a, 0xfe, 0x3a, 0xfe, 0x3a,
  0xfe, 0x3a, 0xfe, 0x3a, 0xfe, 0x3a, 0xfe, 0x3a, 0xfe, 0x3a, 0xfe, 0x3a, 0xfe, 0x3a, 0xfe, 0x3a, 0xfe, 0x3a, 0xfe, 0x3a, 0xfe, 0x3a, 0xfe, 0x3a, 0xfe, 0x3a, 0xfe, 0x3a, 0xfe, 0x3a, 0xfe, 0x3a,
  0xfe, 0x3a, 0x5e, 0x4b, 0xfe, 0x3a, 0xfe, 0x3a, 0xfe, 0x3a, 0xfe, 0x3a, 0xfe, 0x3a, 0xfe, 0x3a, 0xfe, 0x3a, 0xfe, 0x3a, 0xfe, 0x3a, 0xfe, 0x3a, 0xfe, 0x3a, 0xfe, 0x3a, 0xfe, 0x3a, 0xfe, 0x3a,
  0xfe, 0x3a, 0xfe, 0x3a, 0xfe, 0x3a, 0xfe, 0x3a, 0xfe, 0x3a, 0xfe, 0x3a, 0xfe, 0x3a, 0xfe, 0x3a, 0xfe, 0x3a, 0xfe, 0x3a, 0xfe, 0x3a, 0xfe, 0x3a, 0xfe, 0x3a, 0xfe, 0x3a, 0xfe, 0x3a, 0xfe, 0x3a,
  0xfe, 0x3a, 0xfe, 0x3a, 0xfe, 0x3a, 0x5e, 0x4b, 0xfe, 0x3a, 0xfe, 0x3a, 0xfe, 0x3a, 0xfe, 0x3a, 0xfe, 0x3a, 0xfe, 0x3a, 0xfe, 0x3a, 0xfe, 0x3a, 0xfe, 0x3a, 0xfe, 0x3a, 0xfe, 0x3a, 0xfe, 0x3a,
  0xfe, 0x3a, 0xfe, 0x3a, 0xfe, 0x3a, 0xfe, 0x3a, 0xfe, 0x3a, 0xfe, 0x3a, 0xfe, 0x3a, 0xfe, 0x3a, 0xfe, 0x3a, 0xfe, 0x3a, 0xfe, 0x3a, 0xfe, 0x3a, 0xfe, 0x3a, 0xfe, 0x3a, 0xfe, 0x3a, 0xfe, 0x3a,
  0xfe, 0x3a, 0xfe, 0x3a, 0xfe, 0x3a, 0xfe, 0x3a, 0xfe, 0x3a, 0x5e, 0x4b, 0xfe, 0x3a, 0xfe, 0x3a, 0xfe, 0x3a, 0xfe, 0x3a, 0xfe, 0x3a, 0xfe, 0x3a, 0xfe, 0x3a, 0xfe, 0x3a, 0xfe, 0x3a, 0xfe, 0x3a,
  0xfe, 0x3a, 0xfe, 0x3a, 0xfe, 0x3a, 0xfe, 0x3a, 0xfe, 0x3a, 0xfe, 0x3a, 0xfe, 0x3a, 0xfe, 0x3a, 0xfe, 0x3a, 0xfe, 0x3a, 0xfe, 0x3a, 0xfe, 0x3a, 0xfe, 0x3a, 0xfe, 0x3a, 0xfe, 0x3a, 0xfe, 0x3a,
  0xfe, 0x3a, 0xfe, 0x3a, 0xfe, 0x3a, 0xfe, 0x3a, 0xfe, 0x3a, 0xfe, 0x3a, 0xfe, 0x3a, 0x5e, 0x4b, 0xfe, 0x3a, 0xfe, 0x3a, 0xfe, 0x3a, 0xfe, 0x3a, 0xfe, 0x3a, 0xfe, 0x3a, 0xfe, 0x3a, 0xfe, 0x3a,
  0xfe, 0x3a, 0xfe, 0x3a, 0xfe, 0x3a, 0xfe, 0x3a, 0xfe, 0x3a, 0xfe, 0x3a, 0xfe, 0x3a, 0xfe, 0x3a, 0xfe, 0x3a, 0xfe, 0x3a, 0xfe, 0x3a, 0xfe, 0x3a, 0xfe, 0x3a, 0xfe, 0x3a, 0xfe, 0x3a, 0xfe, 0x3a,
  0xfe, 0x3a, 0xfe, 0x3a, 0xfe, 0x3a, 0xfe, 0x3a, 0xfe, 0x3a, 0xfe, 0x3a, 0xfe, 0x3a, 0xfe, 0x3a, 0xfe, 0x3a, 0x5e, 0x4b, 0xfe, 0x3a, 0xfe, 0x3a, 0xfe, 0x3a, 0xfe, 0x3a, 0xfe, 0x3a, 0xfe, 0x3a,
  0xfe, 0x3a, 0xfe, 0x3a, 0xfe, 0x3a, 0xfe, 0x3a, 0xfe, 0x3a, 0xfe, 0x3a, 0xfe, 0x3a, 0xfe, 0x3a, 0xfe, 0x3a, 0xfe, 0x3a, 0xfe, 0x3a, 0xfe, 0x3a, 0xfe, 0x3a, 0xfe, 0x3a, 0xfe, 0x3a, 0xfe, 0x3a,
  0xfe, 0x3a, 0xfe, 0x3a, 0xfe, 0x3a, 0xfe, 0x3a, 0xfe, 0x3a, 0xfe, 0x3a, 0xfe, 0x3a, 0xfe, 0x3a, 0xfe, 0x3a, 0xfe, 0x3a, 0xfe, 0x3a, 0x5e, 0x4b, 0xfe, 0x3a, 0xfe, 0x3a, 0xfe, 0x3a, 0xfe, 0x3a,
  0xfe, 0x3a, 0xfe, 0x3a, 0xfe, 0x3a, 0xfe, 0x3a, 0xfe, 0x3a, 0xfe, 0x3a, 0xfe, 0x3a, 0xfe, 0x3a, 0xfe, 0x3a, 0xfe, 0x3a, 0xfe, 0x3a, 0xfe, 0x3a, 0xfe, 0x3a, 0xfe, 0x3a, 0xfe, 0x3a, 0xfe, 0x3a,
  0xfe, 0x3a, 0xfe, 0x3a, 0xfe, 0x3a, 0xfe, 0x3a, 0xfe, 0x3a, 0xfe, 0x3a, 0xfe, 0x3a, 0xfe, 0x3a, 0xfe, 0x3a, 0xfe, 0x3a, 0xfe, 0x3a, 0xfe, 0x3a, 0xfe, 0x3a, 0x5e, 0x4b, 0xfe, 0x3a, 0xfe, 0x3a,
  0xfe, 0x3a, 0xfe, 0x3a, 0xfe, 0x3a, 0xfe, 0x3a, 0xfe, 0x3a, 0xfe, 0x3a, 0xfe, 0x3a, 0xfe, 0x3a, 0xfe, 0x3a, 0xfe, 0x3a, 0xfe, 0x3a, 0xfe, 0x3a, 0xfe, 0x3a, 0xfe, 0x3a, 0xfe, 0x3a, 0xfe, 0x3a,
  0x3f, 0x43, 0x3f, 0x43, 0x3f, 0x43, 0x3f, 0x43, 0x3f, 0x43, 0x3f, 0x43, 0x3f, 0x43, 0x3f, 0x43, 0x3f, 0x43, 0x3f, 0x43, 0x3f, 0x43, 0x3f, 0x43, 0x3f, 0x43, 0x3f, 0x43, 0x3f, 0x43, 0x3f, 0x43,
  0x3f, 0x43, 0x3f, 0x43, 0x3f, 0x43, 0x3f, 0x43, 0x3f, 0x43, 0x3f, 0x43, 0x3f, 0x43, 0x3f, 0x43, 0x3f, 0x43, 0x3f, 0x43, 0x3f, 0x43, 0x3f, 0x43, 0x9f, 0x53, 0x3f, 0x43, 0x3f, 0x43, 0x3f, 0x43,
  0x3f, 0x43, 0x3f, 0x43, 0x3f, 0x43, 0x3f, 0x43, 0x3f, 0x43, 0x3f, 0x43, 0x3f, 0x43, 0x3f, 0x43, 0x3f, 0x43, 0x3f, 0x43, 0x3f, 0x43, 0x3f, 0x43, 0x3f, 0x43, 0x3f, 0x43, 0x3f, 0x43, 0x3f, 0x43,
  0x3f, 0x43, 0x3f, 0x43, 0x3f, 0x43, 0x3f, 0x43, 0x3f, 0x43, 0x3f, 0x43, 0x3f, 0x43, 0x3f, 0x43, 0x3f, 0x43, 0x3f, 0x43, 0x3f, 0x43, 0x3f, 0x43, 0x3f, 0x43, 0x3f, 0x43, 0x9f, 0x53, 0x3f, 0x43,
  0x3f, 0x43, 0x3f, 0x43, 0x3f, 0x43, 0x3f, 0x43, 0x3f, 0x43, 0x3f, 0x43, 0x3f, 0x43, 0x3f, 0x43, 0x3f, 0x43, 0x3f, 0x43, 0x3f, 0x43, 0x3f, 0x43, 0x3f, 0x43, 0x3f, 0x43, 0x3f, 0x43, 0x3f, 0x43,
  0x3f, 0x43, 0x3f, 0x43, 0x3f, 0x43, 0x3f, 0x43, 0x3f, 0x43, 0x3f, 0x43, 0x3f, 0x43, 0x3f, 0x43, 0x3f, 0x43, 0x3f, 0x43, 0x3f, 0x43, 0x3f, 0x43, 0x3f, 0x43, 0x3f, 0x43, 0x3f, 0x43, 0x3f, 0x43,
  0x9f, 0x53, 0x3f, 0x43, 0x3f, 0x43, 0x3f, 0x43, 0x3f, 0x43, 0x3f, 0x43, 0x3f, 0x43, 0x3f, 0x43, 0x3f, 0x43, 0x3f, 0x43, 0x3f, 0x43, 0x3f, 0x43, 0x3f, 0x43, 0x3f, 0x43, 0x3f, 0x43, 0x3f, 0x43,
  0x3f, 0x43, 0x3f, 0x43, 0x3f, 0x43, 0x3f, 0x43, 0x3f, 0x43, 0x3f, 0x43, 0x3f, 0x43, 0x3f, 0x43, 0x3f, 0x43, 0x3f, 0x43, 0x3f, 0x43, 0x3f, 0x43, 0x3f, 0x43, 0x3f, 0x43, 0x3f, 0x43, 0x3f, 0x43,
  0x3f, 0x43, 0x3f, 0x43, 0x9f, 0x53, 0x3f, 0x43, 0x3f, 0x43, 0x3f, 0x43, 0x3f, 0x43, 0x3f, 0x43, 0x3f, 0x43, 0x3f, 0x43, 0x3f, 0x43, 0x3f, 0x43, 0x3f, 0x43, 0x3f, 0x43, 0x3f, 0x43, 0x3f, 0x43,
  0x3f, 0x43, 0x3f, 0x43, 0x3f, 0x43, 0x3f, 0x43, 0x3f, 0x43, 0x3f, 0x43, 0x3f, 0x43, 0x3f, 0x43, 0x3f, 0x43, 0x3f, 0x43, 0x3f, 0x43, 0x3f, 0x43, 0x3f, 0x43, 0x3f, 0x43, 0x3f, 0x43, 0x3f, 0x43,
  0x3f, 0x43, 0x3f, 0x43, 0x3f, 0x43, 0x3f, 0x43, 0x9f, 0x53, 0x3f, 0x43, 0x3f, 0x43, 0x3f, 0x43, 0x3f, 0x43, 0x3f, 0x43, 0x3f, 0x43, 0x3f, 0x43, 0x3f, 0x43, 0x3f, 0x43, 0x3f, 0x43, 0x3f, 0x43,
  0x3f, 0x43, 0x3f, 0x43, 0x3f, 0x43, 0x3f, 0x43, 0x3f, 0x43, 0x3f, 0x43, 0x3f, 0x43, 0x3f, 0x43, 0x3f, 0x43, 0x3f, 0x43, 0x3f, 0x43, 0x3f, 0x43, 0x3f, 0x43, 0x3f, 0x43, 0x3f, 0x43, 0x3f, 0x43,
  0x3f, 0x43, 0x3f, 0x43, 0x3f, 0x43, 0x3f, 0x43, 0x3f, 0x43, 0x3f, 0x43, 0x9f, 0x53, 0x3f, 0x43, 0x3f, 0x43, 0x3f, 0x43, 0x3f, 0x43, 0x3f, 0x43, 0x3f, 0x43, 0x3f, 0x43, 0x3f, 0x43, 0x3f, 0x43,
  0x3f, 0x43, 0x3f, 0x43, 0x3f, 0x43, 0x3f, 0x43, 0x3f, 0x43, 0x3f, 0x43, 0x3f, 0x43, 0x3f, 0x43, 0x3f, 0x43, 0x3f, 0x43, 0x3f, 0x43, 0x3f, 0x43, 0x3f, 0x43, 0x3f, 0x43, 0x3f, 0x43, 0x3f, 0x43,
  0x3f, 0x43, 0x3f, 0x43, 0x3f, 0x43, 0x3f, 0x43, 0x3f, 0x43, 0x3f, 0x43, 0x3f, 0x43, 0x3f, 0x43, 0x9f, 0x53, 0x3f, 0x43, 0x3f, 0x43, 0x3f, 0x43, 0x3f, 0x43, 0x3f, 0x43, 0x3f, 0x43, 0x3f, 0x43,
  0x3f, 0x43, 0x3f, 0x43, 0x3f, 0x43, 0x3f, 0x43, 0x3f, 0x43, 0x3f, 0x43, 0x3f, 0x43, 0x3f, 0x43, 0x3f, 0x43, 0x3f, 0x43, 0x3f, 0x43, 0x3f, 0x43, 0x3f, 0x43, 0x3f, 0x43, 0x3f, 0x43, 0x3f, 0x43,
  0x3f, 0x43, 0x3f, 0x43, 0x3f, 0x43, 0x3f, 0x43, 0x3f, 0x43, 0x3f, 0x43, 0x3f, 0x43, 0x3f, 0x43, 0x3f, 0x43, 0x3f, 0x43, 0x9f, 0x53, 0x3f, 0x43, 0x3f, 0x43, 0x3f, 0x43, 0x3f, 0x43, 0x3f, 0x43,
  0x3f, 0x43, 0x3f, 0x43, 0x3f, 0x43, 0x3f, 0x43, 0x3f, 0x43, 0x3f, 0x43, 0x3f, 0x43, 0x3f, 0x43, 0x3f, 0x43, 0x3f, 0x43, 0x3f, 0x43, 0x3f, 0x43, 0x3f, 0x43, 0x3f, 0x43, 0x3f, 0x43, 0x3f, 0x43,
  0x3f, 0x43, 0x3f, 0x43, 0x3f, 0x43, 0x3f, 0x43, 0x3f, 0x43, 0x3f, 0x43, 0x3f, 0x43, 0x3f, 0x43, 0x3f, 0x43, 0x3f, 0x43, 0x3f, 0x43, 0x3f, 0x43, 0x9f, 0x53, 0x3f, 0x43, 0x3f, 0x43, 0x3f, 0x43,
  0x3f, 0x43, 0x3f, 0x43, 0x3f, 0x43, 0x3f, 0x43, 0x3f, 0x43, 0x3f, 0x43, 0x3f, 0x43, 0x3f, 0x43, 0x3f, 0x43, 0x3f, 0x43, 0x3f, 0x43, 0x3f, 0x43, 0x3f, 0x43, 0x3f, 0x43, 0x3f, 0x43, 0x3f, 0x43,
  0xfe, 0x32, 0xfe, 0x32, 0xfe, 0x32, 0xfe, 0x32, 0xfe, 0x32, 0xfe, 0x32, 0xfe, 0x32, 0xfe, 0x32, 0xfe, 0x32, 0xfe, 0x32, 0xfe, 0x32, 0xfe, 0x32, 0xfe, 0x32, 0xfe, 0x32, 0xfe, 0x32, 0xfe, 0x32,
  0xfe, 0x32, 0xfe, 0x32, 0xfe, 0x32, 0xfe, 0x32, 0xfe, 0x32, 0xfe, 0x32, 0xfe, 0x32, 0xfe, 0x32, 0xfe, 0x32, 0xfe, 0x32, 0xfe, 0x32, 0x5e, 0x43, 0xfe, 0x32, 0xfe, 0x32, 0xfe, 0x32, 0xfe, 0x32,
  0xfe, 0x32, 0xfe, 0x32, 0xfe, 0x32, 0xfe, 0x32, 0xfe, 0x32, 0xfe, 0x32, 0xfe, 0x32, 0xfe, 0x32, 0xfe, 0x32, 0xfe, 0x32, 0xfe, 0x32, 0xfe, 0x32, 0xfe, 0x32, 0xfe, 0x32, 0xfe, 0x32, 0xfe, 0x32,
  0xfe, 0x32, 0xfe, 0x32, 0xfe, 0x32, 0xfe, 0x32, 0xfe, 0x32, 0xfe, 0x32, 0xfe, 0x32, 0xfe, 0x32, 0xfe, 0x32, 0xfe, 0x32, 0xfe, 0x32, 0xfe, 0x32, 0xfe, 0x32, 0x5e, 0x43, 0xfe, 0x32, 0xfe, 0x32,
  0xfe, 0x32, 0xfe, 0x32, 0xfe, 0x32, 0xfe, 0x32, 0xfe, 0x32, 0xfe, 0x32, 0xfe, 0x32, 0xfe, 0x32, 0xfe, 0x32, 0xfe, 0x32, 0xfe, 0x32, 0xfe, 0x32, 0xfe, 0x32, 0xfe, 0x32, 0xfe, 0x32, 0xfe, 0x32,
  0xfe, 0x32, 0xfe, 0x32, 0xfe, 0x32, 0xfe, 0x32, 0xfe, 0x32, 0xfe, 0x32, 0xfe, 0x32, 0xfe, 0x32, 0xfe, 0x32, 0xfe, 0x32, 0xfe, 0x32, 0xfe, 0x32, 0xfe, 0x32, 0xfe, 0x32, 0xfe, 0x32, 0x5e, 0x43,
  0xfe, 0x32, 0xfe, 0x32, 0xfe, 0x32, 0xfe, 0x32, 0xfe, 0x32, 0xfe, 0x32, 0xfe, 0x32, 0xfe, 0x32, 0xfe, 0x32, 0xfe, 0x32, 0xfe, 0x32, 0xfe, 0x32, 0xfe, 0x32, 0xfe, 0x32, 0xfe, 0x32, 0xfe, 0x32,
  0xfe, 0x32, 0xfe, 0x32, 0xfe, 0x32, 0xfe, 0x32, 0xfe, 0x32, 0xfe, 0x32, 0xfe, 0x32, 0xfe, 0x32, 0xfe, 0x32, 0xfe, 0x32, 0xfe, 0x32, 0xfe, 0x32, 0xfe, 0x32, 0xfe, 0x32, 0xfe, 0x32, 0xfe, 0x32,
  0xfe, 0x32, 0x5e, 0x43, 0xfe, 0x32, 0xfe, 0x32, 0xfe, 0x32, 0xfe, 0x32, 0xfe, 0x32, 0xfe, 0x32, 0xfe, 0x32, 0xfe, 0x32, 0xfe, 0x32, 0xfe, 0x32, 0xfe, 0x32, 0xfe, 0x32, 0xfe, 0x32, 0xfe, 0x32,
  0xfe, 0x32, 0xfe, 0x32, 0xfe, 0x32, 0xfe, 0x32, 0xfe, 0x32, 0xfe, 0x32, 0xfe, 0x32, 0xfe, 0x32, 0xfe, 0x32, 0xfe, 0x32, 0xfe, 0x32, 0xfe, 0x32, 0xfe, 0x32, 0xfe, 0x32, 0xfe, 0x32, 0xfe, 0x32,
  0xfe, 0x32, 0xfe, 0x32, 0xfe, 0x32, 0x5e, 0x43, 0xfe, 0x32, 0xfe, 0x32, 0xfe, 0x32, 0xfe, 0x32, 0xfe, 0x32, 0xfe, 0x32, 0xfe, 0x32, 0xfe, 0x32, 0xfe, 0x32, 0xfe, 0x32, 0xfe, 0x32, 0xfe, 0x32,
  0xfe, 0x32, 0xfe, 0x32, 0xfe, 0x32, 0xfe, 0x32, 0xfe, 0x32, 0xfe, 0x32, 0xfe, 0x32, 0xfe, 0x32, 0xfe, 0x32, 0xfe, 0x32, 0xfe, 0x32, 0xfe, 0x32, 0xfe, 0x32, 0xfe, 0x32, 0xfe, 0x32, 0xfe, 0x32,
  0xfe, 0x32, 0xfe, 0x32, 0xfe, 0x32, 0xfe, 0x32, 0xfe, 0x32, 0x5e, 0x43, 0xfe, 0x32, 0xfe, 0x32, 0xfe, 0x32, 0xfe, 0x32, 0xfe, 0x32, 0xfe, 0x32, 0xfe, 0x32, 0xfe, 0x32, 0xfe, 0x32, 0xfe, 0x32,
  0xfe, 0x32, 0xfe, 0x32, 0xfe, 0x32, 0xfe, 0x32, 0xfe, 0x32, 0xfe, 0x32, 0xfe, 0x32, 0xfe, 0x32, 0xfe, 0x32, 0xfe, 0x32, 0xfe, 0x32, 0xfe, 0x32, 0xfe, 0x32, 0xfe, 0x32, 0xfe, 0x32, 0xfe, 0x32,
  0xfe, 0x32, 0xfe, 0x32, 0xfe, 0x32, 0xfe, 0x32, 0xfe, 0x32, 0xfe, 0x32, 0xfe, 0x32, 0x5e, 0x43, 0xfe, 0x32, 0xfe, 0x32, 0xfe, 0x32, 0xfe, 0x32, 0xfe, 0x32, 0xfe, 0x32, 0xfe, 0x32, 0xfe, 0x32,
  0xfe, 0x32, 0xfe, 0x32, 0xfe, 0x32, 0xfe, 0x32, 0xfe, 0x32, 0xfe, 0x32, 0xfe, 0x32, 0xfe, 0x32, 0xfe, 0x32, 0xfe, 0x32, 0xfe, 0x32, 0xfe, 0x32, 0xfe, 0x32, 0xfe, 0x32, 0xfe, 0x32, 0xfe, 0x32,
  0xfe, 0x32, 0xfe, 0x32, 0xfe, 0x32, 0xfe, 0x32, 0xfe, 0x32, 0xfe, 0x32, 0xfe, 0x32, 0xfe, 0x32, 0xfe, 0x32, 0x5e, 0x43, 0xfe, 0x32, 0xfe, 0x32, 0xfe, 0x32, 0xfe, 0x32, 0xfe, 0x32, 0xfe, 0x32,
  0xfe, 0x32, 0xfe, 0x32, 0xfe, 0x32, 0xfe, 0x32, 0xfe, 0x32, 0xfe, 0x32, 0xfe, 0x32, 0xfe, 0x32, 0xfe, 0x32, 0xfe, 0x32, 0xfe, 0x32, 0xfe, 0x32, 0xfe, 0x32, 0xfe, 0x32, 0xfe, 0x32, 0xfe, 0x32,
  0xfe, 0x32, 0xfe, 0x32, 0xfe, 0x32, 0xfe, 0x32, 0xfe, 0x32, 0xfe, 0x32, 0xfe, 0x32, 0xfe, 0x32, 0xfe, 0x32, 0xfe, 0x32, 0xfe, 0x32, 0x5e, 0x43, 0xfe, 0x32, 0xfe, 0x32, 0xfe, 0x32, 0xfe, 0x32,
  0xfe, 0x32, 0xfe, 0x32, 0xfe, 0x32, 0xfe, 0x32, 0xfe, 0x32, 0xfe, 0x32, 0xfe, 0x32, 0xfe, 0x32, 0xfe, 0x32, 0xfe, 0x32, 0xfe, 0x32, 0xfe, 0x32, 0xfe, 0x32, 0xfe, 0x32, 0xfe, 0x32, 0xfe, 0x32,
  0x1f, 0x3b, 0x1f, 0x3b, 0x1f, 0x3b, 0x1f, 0x3b, 0x1f, 0x3b, 0x1f, 0x3b, 0x1f, 0x3b, 0x1f, 0x3b, 0x1f, 0x3b, 0x1f, 0x3b, 0x1f, 0x3b, 0x1f, 0x3b, 0x1f, 0x3b, 0x1f, 0x3b, 0x1f, 0x3b, 0x1f, 0x3b,
  0x1f, 0x3b, 0x1f, 0x3b, 0x1f, 0x3b, 0x1f, 0x3b, 0x1f, 0x3b, 0x1f, 0x3b, 0x1f, 0x3b, 0x1f, 0x3b, 0x1f, 0x3b, 0x1f, 0x3b, 0x7f, 0x4b, 0x1f, 0x3b, 0x1f, 0x3b, 0x1f, 0x3b, 0x1f, 0x3b, 0x1f, 0x3b,
  0x1f, 0x3b, 0x1f, 0x3b, 0x1f, 0x3b, 0x1f, 0x3b, 0x1f, 0x3b, 0x1f, 0x3b, 0x1f, 0x3b, 0x1f, 0x3b, 0x1f, 0x3b, 0x1f, 0x3b, 0x1f, 0x3b, 0x1f, 0x3b, 0x1f, 0x3b, 0x1f, 0x3b, 0x1f, 0x3b, 0x1f, 0x3b,
  0x1f, 0x3b, 0x1f, 0x3b, 0x1f, 0x3b, 0x1f, 0x3b, 0x1f, 0x3b, 0x1f, 0x3b, 0x1f, 0x3b, 0x1f, 0x3b, 0x1f, 0x3b, 0x1f, 0x3b, 0x1f, 0x3b, 0x1f, 0x3b, 0x7f, 0x4b, 0x1f, 0x3b, 0x1f, 0x3b, 0x1f, 0x3b,
  0x1f, 0x3b, 0x1f, 0x3b, 0x1f, 0x3b, 0x1f, 0x3b, 0x1f, 0x3b, 0x1f, 0x3b, 0x1f, 0x3b, 0x1f, 0x3b, 0x1f, 0x3b, 0x1f, 0x3b, 0x1f, 0x3b, 0x1f, 0x3b, 0x1f, 0x3b, 0x1f, 0x3b, 0x1f, 0x3b, 0x1f, 0x3b,
  0x1f, 0x3b, 0x1f, 0x3b, 0x1f, 0x3b, 0x1f, 0x3b, 0x1f, 0x3b, 0x1f, 0x3b, 0x1f, 0x3b, 0x1f, 0x3b, 0x1f, 0x3b, 0x1f, 0x3b, 0x1f, 0x3b, 0x1f, 0x3b, 0x1f, 0x3b, 0x1f, 0x3b, 0x7f, 0x4b, 0x1f, 0x3b,
  0x1f, 0x3b, 0x1f, 0x3b, 0x1f, 0x3b, 0x1f, 0x3b, 0x1f, 0x3b, 0x1f, 0x3b, 0x1f, 0x3b, 0x1f, 0x3b, 0x1f, 0x3b, 0x1f, 0x3b, 0x1f, 0x3b, 0x1f, 0x3b, 0x1f, 0x3b, 0x1f, 0x3b, 0x1f, 0x3b, 0x1f, 0x3b,
  0x1f, 0x3b, 0x1f, 0x3b, 0x1f, 0x3b, 0x1f, 0x3b, 0x1f, 0x3b, 0x1f, 0x3b, 0x1f, 0x3b, 0x1f, 0x3b, 0x1f, 0x3b, 0x1f, 0x3b, 0x1f, 0x3b, 0x1f, 0x3b, 0x1f, 0x3b, 0x1f, 0x3b, 0x1f, 0x3b, 0x1f, 0x3b,
  0x7f, 0x4b, 0x1f, 0x3b, 0x1f, 0x3b, 0x1f, 0x3b, 0x1f, 0x3b, 0x1f, 0x3b, 0x1f, 0x3b, 0x1f, 0x3b, 0x1f, 0x3b, 0x1f, 0x3b, 0x1f, 0x3b, 0x1f, 0x3b, 0x1f, 0x3b, 0x1f, 0x3b, 0x1f, 0x3b, 0x1f, 0x3b,
  0x1f, 0x3b, 0x1f, 0x3b, 0x1f, 0x3b, 0x1f, 0x3b, 0x1f, 0x3b, 0x1f, 0x3b, 0x1f, 0x3b, 0x1f, 0x3b, 0x1f, 0x3b, 0x1f, 0x3b, 0x1f, 0x3b, 0x1f, 0x3b, 0x1f, 0x3b, 0x1f, 0x3b, 0x1f, 0x3b, 0x1f, 0x3b,
  0x1f, 0x3b, 0x1f, 0x3b, 0x7f, 0x4b, 0x1f, 0x3b, 0x1f, 0x3b, 0x1f, 0x3b, 0x1f, 0x3b, 0x1f, 0x3b, 0x1f, 0x3b, 0x1f, 0x3b, 0x1f, 0x3b, 0x1f, 0x3b, 0x1f, 0x3b, 0x1f, 0x3b, 0x1f, 0x3b, 0x1f, 0x3b,
  0x1f, 0x3b, 0x1f, 0x3b, 0x1f, 0x3b, 0x1f, 0x3b, 0x1f, 0x3b, 0x1f, 0x3b, 0x1f, 0x3b, 0x1f, 0x3b, 0x1f, 0x3b, 0x1f, 0x3b, 0x1f, 0x3b, 0x1f, 0x3b, 0x1f, 0x3b, 0x1f, 0x3b, 0x1f, 0x3b, 0x1f, 0x3b,
  0x1f, 0x3b, 0x1f, 0x3b, 0x1f, 0x3b, 0x1f, 0x3b, 0x7f, 0x4b, 0x1f, 0x3b, 0x1f, 0x3b, 0x1f, 0x3b, 0x1f, 0x3b, 0x1f, 0x3b, 0x1f, 0x3b, 0x1f, 0x3b, 0x1f, 0x3b, 0x1f, 0x3b, 0x1f, 0x3b, 0x1f, 0x3b,
  0x1f, 0x3b, 0x1f, 0x3b, 0x1f, 0x3b, 0x1f, 0x3b, 0x1f, 0x3b, 0x1f, 0x3b, 0x1f, 0x3b, 0x1f, 0x3b, 0x1f, 0x3b, 0x1f, 0x3b, 0x1f, 0x3b, 0x1f, 0x3b, 0x1f, 0x3b, 0x1f, 0x3b, 0x1f, 0x3b, 0x1f, 0x3b,
  0x1f, 0x3b, 0x1f, 0x3b, 0x1f, 0x3b, 0x1f, 0x3b, 0x1f, 0x3b, 0x1f, 0x3b, 0x7f, 0x4b, 0x1f, 0x3b, 0x1f, 0x3b, 0x1f, 0x3b, 0x1f, 0x3b, 0x1f, 0x3b, 0x1f, 0x3b, 0x1f, 0x3b, 0x1f, 0x3b, 0x1f, 0x3b,
  0x1f, 0x3b, 0x1f, 0x3b, 0x1f, 0x3b, 0x1f, 0x3b, 0x1f, 0x3b, 0x1f, 0x3b, 0x1f, 0x3b, 0x1f, 0x3b, 0x1f, 0x3b, 0x1f, 0x3b, 0x1f, 0x3b, 0x1f, 0x3b, 0x1f, 0x3b, 0x1f, 0x3b, 0x1f, 0x3b, 0x1f, 0x3b,
  0x1f, 0x3b, 0x1f, 0x3b, 0x1f, 0x3b, 0x1f, 0x3b, 0x1f, 0x3b, 0x1f, 0x3b, 0x1f, 0x3b, 0x1f, 0x3b, 0x7f, 0x4b, 0x1f, 0x3b, 0x1f, 0x3b, 0x1f, 0x3b, 0x1f, 0x3b, 0x1f, 0x3b, 0x1f, 0x3b, 0x1f, 0x3b,
  0x1f, 0x3b, 0x1f, 0x3b, 0x1f, 0x3b, 0x1f, 0x3b, 0x1f, 0x3b, 0x1f, 0x3b, 0x1f, 0x3b, 0x1f, 0x3b, 0x1f, 0x3b, 0x1f, 0x3b, 0x1f, 0x3b, 0x1f, 0x3b, 0x1f, 0x3b, 0x1f, 0x3b, 0x1f, 0x3b, 0x1f, 0x3b,
  0x1f, 0x3b, 0x1f, 0x3b, 0x1f, 0x3b, 0x1f, 0x3b, 0x1f, 0x3b, 0x1f, 0x3b, 0x1f, 0x3b, 0x1f, 0x3b, 0x1f, 0x3b, 0x1f, 0x3b, 0x7f, 0x4b, 0x1f, 0x3b, 0x1f, 0x3b, 0x1f, 0x3b, 0x1f, 0x3b, 0x1f, 0x3b,
  0x1f, 0x3b, 0x1f, 0x3b, 0x1f, 0x3b, 0x1f, 0x3b, 0x1f, 0x3b, 0x1f, 0x3b, 0x1f, 0x3b, 0x1f, 0x3b, 0x1f, 0x3b, 0x1f, 0x3b, 0x1f, 0x3b, 0x1f, 0x3b, 0x1f, 0x3b, 0x1f, 0x3b, 0x1f, 0x3b, 0x1f, 0x3b,
  0xff, 0x3a, 0xff, 0x3a, 0xff, 0x3a, 0xff, 0x3a, 0xff, 0x3a, 0xff, 0x3a, 0xff, 0x3a, 0xff, 0x3a, 0xff, 0x3a, 0xff, 0x3a, 0xff, 0x3a, 0xff, 0x3a, 0xff, 0x3a, 0xff, 0x3a, 0xff, 0x3a, 0xff, 0x3a,
  0xff, 0x3a, 0xff, 0x3a, 0xff, 0x3a, 0xff, 0x3a, 0xff, 0x3a, 0xff, 0x3a, 0xff, 0x3a, 0xff, 0x3a, 0xff, 0x3a, 0x5f, 0x4b, 0xff, 0x3a, 0xff, 0x3a, 0xff, 0x3a, 0xff, 0x3a, 0xff, 0x3a, 0xff, 0x3a,
  0xff, 0x3a, 0xff, 0x3a, 0xff, 0x3a, 0xff, 0x3a, 0xff, 0x3a, 0xff, 0x3a, 0xff, 0x3a, 0xff, 0x3a, 0xff, 0x3a, 0xff, 0x3a, 0xff, 0x3a, 0xff, 0x3a, 0xff, 0x3a, 0xff, 0x3a, 0xff, 0x3a, 0xff, 0x3a,
  0xff, 0x3a, 0xff, 0x3a, 0xff, 0x3a, 0xff, 0x3a, 0xff, 0x3a, 0xff, 0x3a, 0xff, 0x3a, 0xff, 0x3a, 0xff, 0x3a, 0xff, 0x3a, 0xff, 0x3a, 0x5f, 0x4b, 0xff, 0x3a, 0xff, 0x3a, 0xff, 0x3a, 0xff, 0x3a,
  0xff, 0x3a, 0xff, 0x3a, 0xff, 0x3a, 0xff, 0x3a, 0xff, 0x3a, 0xff, 0x3a, 0xff, 0x3a, 0xff, 0x3a, 0xff, 0x3a, 0xff, 0x3a, 0xff, 0x3a, 0xff, 0x3a, 0xff, 0x3a, 0xff, 0x3a, 0xff, 0x3a, 0xff, 0x3a,
  0xff, 0x3a, 0xff, 0x3a, 0xff, 0x3a, 0xff, 0x3a, 0xff, 0x3a, 0xff, 0x3a, 0xff, 0x3a, 0xff, 0x3a, 0xff, 0x3a, 0xff, 0x3a, 0xff, 0x3a, 0xff, 0x3a, 0xff, 0x3a, 0x5f, 0x4b, 0xff, 0x3a, 0xff, 0x3a,
  0xff, 0x3a, 0xff, 0x3a, 0xff, 0x3a, 0xff, 0x3a, 0xff, 0x3a, 0xff, 0x3a, 0xff, 0x3a, 0xff, 0x3a, 0xff, 0x3a, 0xff, 0x3a, 0xff, 0x3a, 0xff, 0x3a, 0xff, 0x3a, 0xff, 0x3a, 0xff, 0x3a, 0xff, 0x3a,
  0xff, 0x3a, 0xff, 0x3a, 0xff, 0x3a, 0xff, 0x3a, 0xff, 0x3a, 0xff, 0x3a, 0xff, 0x3a, 0xff, 0x3a, 0xff, 0x3a, 0xff, 0x3a, 0xff, 0x3a, 0xff, 0x3a, 0xff, 0x3a, 0xff, 0x3a, 0xff, 0x3a, 0x5f, 0x4b,
  0xff, 0x3a, 0xff, 0x3a, 0xff, 0x3a, 0xff, 0x3a, 0xff, 0x3a, 0xff, 0x3a, 0xff, 0x3a, 0xff, 0x3a, 0xff, 0x3a, 0xff, 0x3a, 0xff, 0x3a, 0xff, 0x3a, 0xff, 0x3a, 0xff, 0x3a, 0xff, 0x3a, 0xff, 0x3a,
  0xff, 0x3a, 0xff, 0x3a, 0xff, 0x3a, 0xff, 0x3a, 0xff, 0x3a, 0xff, 0x3a, 0xff, 0x3a, 0xff, 0x3a, 0xff, 0x3a, 0xff, 0x3a, 0xff, 0x3a, 0xff, 0x3a, 0xff, 0x3a, 0xff, 0x3a, 0xff, 0x3a, 0xff, 0x3a,
  0xff, 0x3a, 0x5f, 0x4b, 0xff, 0x3a, 0xff, 0x3a, 0xff, 0x3a, 0xff, 0x3a, 0xff, 0x3a, 0xff, 0x3a, 0xff, 0x3a, 0xff, 0x3a, 0xff, 0x3a, 0xff, 0x3a, 0xff, 0x3a, 0xff, 0x3a, 0xff, 0x3a, 0xff, 0x3a,
  0xff, 0x3a, 0xff, 0x3a, 0xff, 0x3a, 0xff, 0x3a, 0xff, 0x3a, 0xff, 0x3a, 0xff, 0x3a, 0xff, 0x3a, 0xff, 0x3a, 0xff, 0x3a, 0xff, 0x3a, 0xff, 0x3a, 0xff, 0x3a, 0xff, 0x3a, 0xff, 0x3a, 0xff, 0x3a,
  0xff, 0x3a, 0xff, 0x3a, 0xff, 0x3a, 0x5f, 0x4b, 0xff, 0x3a, 0xff, 0x3a, 0xff, 0x3a, 0xff, 0x3a, 0xff, 0x3a, 0xff, 0x3a, 0xff, 0x3a, 0xff, 0x3a, 0xff, 0x3a, 0xff, 0x3a, 0xff, 0x3a, 0xff, 0x3a,
  0xff, 0x3a, 0xff, 0x3a, 0xff, 0x3a, 0xff, 0x3a, 0xff, 0x3a, 0xff, 0x3a, 0xff, 0x3a, 0xff, 0x3a, 0xff, 0x3a, 0xff, 0x3a, 0xff, 0x3a, 0xff, 0x3a, 0xff, 0x3a, 0xff, 0x3a, 0xff, 0x3a, 0xff, 0x3a,
  0xff, 0x3a, 0xff, 0x3a, 0xff, 0x3a, 0xff, 0x3a, 0xff, 0x3a, 0x5f, 0x4b, 0xff, 0x3a, 0xff, 0x3a, 0xff, 0x3a, 0xff, 0x3a, 0xff, 0x3a, 0xff, 0x3a, 0xff, 0x3a, 0xff, 0x3a, 0xff, 0x3a, 0xff, 0x3a,
  0xff, 0x3a, 0xff, 0x3a, 0xff, 0x3a, 0xff, 0x3a, 0xff, 0x3a, 0xff, 0x3a, 0xff, 0x3a, 0xff, 0x3a, 0xff, 0x3a, 0xff, 0x3a, 0xff, 0x3a, 0xff, 0x3a, 0xff, 0x3a, 0xff, 0x3a, 0xff, 0x3a, 0xff, 0x3a,
  0xff, 0x3a, 0xff, 0x3a, 0xff, 0x3a, 0xff, 0x3a, 0xff, 0x3a, 0xff, 0x3a, 0xff, 0x3a, 0x5f, 0x4b, 0xff, 0x3a, 0xff, 0x3a, 0xff, 0x3a, 0xff, 0x3a, 0xff, 0x3a, 0xff, 0x3a, 0xff, 0x3a, 0xff, 0x3a,
  0xff, 0x3a, 0xff, 0x3a, 0xff, 0x3a, 0xff, 0x3a, 0xff, 0x3a, 0xff, 0x3a, 0xff, 0x3a, 0xff, 0x3a, 0xff, 0x3a, 0xff, 0x3a, 0xff, 0x3a, 0xff, 0x3a, 0xff, 0x3a, 0xff, 0x3a, 0xff, 0x3a, 0xff, 0x3a,
  0xff, 0x3a, 0xff, 0x3a, 0xff, 0x3a, 0xff, 0x3a, 0xff, 0x3a, 0xff, 0x3a, 0xff, 0x3a, 0xff, 0x3a, 0xff, 0x3a, 0x5f, 0x4b, 0xff, 0x3a, 0xff, 0x3a, 0xff, 0x3a, 0xff, 0x3a, 0xff, 0x3a, 0xff, 0x3a,
  0xff, 0x3a, 0xff, 0x3a, 0xff, 0x3a, 0xff, 0x3a, 0xff, 0x3a, 0xff, 0x3a, 0xff, 0x3a, 0xff, 0x3a, 0xff, 0x3a, 0xff, 0x3a, 0xff, 0x3a, 0xff, 0x3a, 0xff, 0x3a, 0xff, 0x3a, 0xff, 0x3a, 0xff, 0x3a,
  0xfe, 0x32, 0xfe, 0x32, 0xfe, 0x32, 0xfe, 0x32, 0xfe, 0x32, 0xfe, 0x32, 0xfe, 0x32, 0xfe, 0x32, 0xfe, 0x32, 0xfe, 0x32, 0xfe, 0x32, 0xfe, 0x32, 0xfe, 0x32, 0xfe, 0x32, 0xfe, 0x32, 0xfe, 0x32,
  0xfe, 0x32, 0xfe, 0x32, 0xfe, 0x32, 0xfe, 0x32, 0xfe, 0x32, 0xfe, 0x32, 0xfe, 0x32, 0xfe, 0x32, 0x5e, 0x43, 0xfe, 0x32, 0xfe, 0x32, 0xfe, 0x32, 0xfe, 0x32, 0xfe, 0x32, 0xfe, 0x32, 0xfe, 0x32,
  0xfe, 0x32, 0xfe, 0x32, 0xfe, 0x32, 0xfe, 0x32, 0xfe, 0x32, 0xfe, 0x32, 0xfe, 0x32, 0xfe, 0x32, 0xfe, 0x32, 0xfe, 0x32, 0xfe, 0x32, 0xfe, 0x32, 0xfe, 0x32, 0xfe, 0x32, 0xfe, 0x32, 0xfe, 0x32,
  0xfe, 0x32, 0xfe, 0x32, 0xfe, 0x32, 0xfe, 0x32, 0xfe, 0x32, 0xfe, 0x32, 0xfe, 0x32, 0xfe, 0x32, 0xfe, 0x32, 0xfe, 0x32, 0x5e, 0x43, 0xfe, 0x32, 0xfe, 0x32, 0xfe, 0x32, 0xfe, 0x32, 0xfe, 0x32,
  0xfe, 0x32, 0xfe, 0x32, 0xfe, 0x32, 0xfe, 0x32, 0xfe, 0x32, 0xfe, 0x32, 0xfe, 0x32, 0xfe, 0x32, 0xfe, 0x32, 0xfe, 0x32, 0xfe, 0x32, 0xfe, 0x32, 0xfe, 0x32, 0xfe, 0x32, 0xfe, 0x32, 0xfe, 0x32,
  0xfe, 0x32, 0xfe, 0x32, 0xfe, 0x32, 0xfe, 0x32, 0xfe, 0x32, 0xfe, 0x32, 0xfe, 0x32, 0xfe, 0x32, 0xfe, 0x32, 0xfe, 0x32, 0xfe, 0x32, 0xfe, 0x32, 0x5e, 0x43, 0xfe, 0x32, 0xfe, 0x32, 0xfe, 0x32,
  0xfe, 0x32, 0xfe, 0x32, 0xfe, 0x32, 0xfe, 0x32, 0xfe, 0x32, 0xfe, 0x32, 0xfe, 0x32, 0xfe, 0x32, 0xfe, 0x32, 0xfe, 0x32, 0xfe, 0x32, 0xfe, 0x32, 0xfe, 0x32, 0xfe, 0x32, 0xfe, 0x32, 0xfe, 0x32,
  0xfe, 0x32, 0xfe, 0x32, 0xfe, 0x32, 0xfe, 0x32, 0xfe, 0x32, 0xfe, 0x32, 0xfe, 0x32, 0xfe, 0x32, 0xfe, 0x32, 0xfe, 0x32, 0xfe, 0x32, 0xfe, 0x32, 0xfe, 0x32, 0xfe, 0x32, 0x5e, 0x43, 0xfe, 0x32,
  0xfe, 0x32, 0xfe, 0x32, 0xfe, 0x32, 0xfe, 0x32, 0xfe, 0x32, 0xfe, 0x32, 0xfe, 0x32, 0xfe, 0x32, 0xfe, 0x32, 0xfe, 0x32, 0xfe, 0x32, 0xfe, 0x32, 0xfe, 0x32, 0xfe, 0x32, 0xfe, 0x32, 0xfe, 0x32,
  0xfe, 0x32, 0xfe, 0x32, 0xfe, 0x32, 0xfe, 0x32, 0xfe, 0x32, 0xfe, 0x32, 0xfe, 0x32, 0xfe, 0x32, 0xfe, 0x32, 0xfe, 0x32, 0xfe, 0x32, 0xfe, 0x32, 0xfe, 0x32, 0xfe, 0x32, 0xfe, 0x32, 0xfe, 0x32,
  0x5e, 0x43, 0xfe, 0x32, 0xfe, 0x32, 0xfe, 0x32, 0xfe, 0x32, 0xfe, 0x32, 0xfe, 0x32, 0xfe, 0x32, 0xfe, 0x32, 0xfe, 0x32, 0xfe, 0x32, 0xfe, 0x32, 0xfe, 0x32, 0xfe, 0x32, 0xfe, 0x32, 0xfe, 0x32,
  0xfe, 0x32, 0xfe, 0x32, 0xfe, 0x32, 0xfe, 0x32, 0xfe, 0x32, 0xfe, 0x32, 0xfe, 0x32, 0xfe, 0x32, 0xfe, 0x32, 0xfe, 0x32, 0xfe, 0x32, 0xfe, 0x32, 0xfe, 0x32, 0xfe, 0x32, 0xfe, 0x32, 0xfe, 0x32,
  0xfe, 0x32, 0xfe, 0x32, 0x5e, 0x43, 0xfe, 0x32, 0xfe, 0x32, 0xfe, 0x32, 0xfe, 0x32, 0xfe, 0x32, 0xfe, 0x32, 0xfe, 0x32, 0xfe, 0x32, 0xfe, 0x32, 0xfe, 0x32, 0xfe, 0x32, 0xfe, 0x32, 0xfe, 0x32,
  0xfe, 0x32, 0xfe, 0x32, 0xfe, 0x32, 0xfe, 0x32, 0xfe, 0x32, 0xfe, 0x32, 0xfe, 0x32, 0xfe, 0x32, 0xfe, 0x32, 0xfe, 0x32, 0xfe, 0x32, 0xfe, 0x32, 0xfe, 0x32, 0xfe, 0x32, 0xfe, 0x32, 0xfe, 0x32,
  0xfe, 0x32, 0xfe, 0x32, 0xfe, 0x32, 0xfe, 0x32, 0x5e, 0x43, 0xfe, 0x32, 0xfe, 0x32, 0xfe, 0x32, 0xfe, 0x32, 0xfe, 0x32, 0xfe, 0x32, 0xfe, 0x32, 0xfe, 0x32, 0xfe, 0x32, 0xfe, 0x32, 0xfe, 0x32,
  0xfe, 0x32, 0xfe, 0x32, 0xfe, 0x32, 0xfe, 0x32, 0xfe, 0x32, 0xfe, 0x32, 0xfe, 0x32, 0xfe, 0x32, 0xfe, 0x32, 0xfe, 0x32, 0xfe, 0x32, 0xfe, 0x32, 0xfe, 0x32, 0xfe, 0x32, 0xfe, 0x32, 0xfe, 0x32,
  0xfe, 0x32, 0xfe, 0x32, 0xfe, 0x32, 0xfe, 0x32, 0xfe, 0x32, 0xfe, 0x32, 0x5e, 0x43, 0xfe, 0x32, 0xfe, 0x32, 0xfe, 0x32, 0xfe, 0x32, 0xfe, 0x32, 0xfe, 0x32, 0xfe, 0x32, 0xfe, 0x32, 0xfe, 0x32,
  0xfe, 0x32, 0xfe, 0x32, 0xfe, 0x32, 0xfe, 0x32, 0xfe, 0x32, 0xfe, 0x32, 0xfe, 0x32, 0xfe, 0x32, 0xfe, 0x32, 0xfe, 0x32, 0xfe, 0x32, 0xfe, 0x32, 0xfe, 0x32, 0xfe, 0x32, 0xfe, 0x32, 0xfe, 0x32,
  0xfe, 0x32, 0xfe, 0x32, 0xfe, 0x32, 0xfe, 0x32, 0xfe, 0x32, 0xfe, 0x32, 0xfe, 0x32, 0xfe, 0x32, 0x5e, 0x43, 0xfe, 0x32, 0xfe, 0x32, 0xfe, 0x32, 0xfe, 0x32, 0xfe, 0x32, 0xfe, 0x32, 0xfe, 0x32,
  0xfe, 0x32, 0xfe, 0x32, 0xfe, 0x32, 0xfe, 0x32, 0xfe, 0x32, 0xfe, 0x32, 0xfe, 0x32, 0xfe, 0x32, 0xfe, 0x32, 0xfe, 0x32, 0xfe, 0x32, 0xfe, 0x32, 0xfe, 0x32, 0xfe, 0x32, 0xfe, 0x32, 0xfe, 0x32,
  0xfe, 0x3a, 0xfe, 0x3a, 0xfe, 0x3a, 0xfe, 0x3a, 0xfe, 0x3a, 0xfe, 0x3a, 0xfe, 0x3a, 0xfe, 0x3a, 0xfe, 0x3a, 0xfe, 0x3a, 0xfe, 0x3a, 0xfe, 0x3a, 0xfe, 0x3a, 0xfe, 0x3a, 0xfe, 0x3a, 0xfe, 0x3a,
  0xfe, 0x3a, 0xfe, 0x3a, 0xfe, 0x3a, 0xfe, 0x3a, 0xfe, 0x3a, 0xfe, 0x3a, 0xfe, 0x3a, 0x5e, 0x4b, 0xfe, 0x3a, 0xfe, 0x3a, 0xfe, 0x3a, 0xfe, 0x3a, 0xfe, 0x3a, 0xfe, 0x3a, 0xfe, 0x3a, 0xfe, 0x3a,
  0xfe, 0x3a, 0xfe, 0x3a, 0xfe, 0x3a, 0xfe, 0x3a, 0xfe, 0x3a, 0xfe, 0x3a, 0xfe, 0x3a, 0xfe, 0x3a, 0xfe, 0x3a, 0xfe, 0x3a, 0xfe, 0x3a, 0xfe, 0x3a, 0xfe, 0x3a, 0xfe, 0x3a, 0xfe, 0x3a, 0xfe, 0x3a,
  0xfe, 0x3a, 0xfe, 0x3a, 0xfe, 0x3a, 0xfe, 0x3a, 0xfe, 0x3a, 0xfe, 0x3a, 0xfe, 0x3a, 0xfe, 0x3a, 0xfe, 0x3a, 0x5e, 0x4b, 0xfe, 0x3a, 0xfe, 0x3a, 0xfe, 0x3a, 0xfe, 0x3a, 0xfe, 0x3a, 0xfe, 0x3a,
  0xfe, 0x3a, 0xfe, 0x3a, 0xfe, 0x3a, 0xfe, 0x3a, 0xfe, 0x3a, 0xfe, 0x3a, 0xfe, 0x3a, 0xfe, 0x3a, 0xfe, 0x3a, 0xfe, 0x3a, 0xfe, 0x3a, 0xfe, 0x3a, 0xfe, 0x3a, 0xfe, 0x3a, 0xfe, 0x3a, 0xfe, 0x3a,
  0xfe, 0x3a, 0xfe, 0x3a, 0xfe, 0x3a, 0xfe, 0x3a, 0xfe, 0x3a, 0xfe, 0x3a, 0xfe, 0x3a, 0xfe, 0x3a, 0xfe, 0x3a, 0xfe, 0x3a, 0xfe, 0x3a, 0x5e, 0x4b, 0xfe, 0x3a, 0xfe, 0x3a, 0xfe, 0x3a, 0xfe, 0x3a,
  0xfe, 0x3a, 0xfe, 0x3a, 0xfe, 0x3a, 0xfe, 0x3a, 0xfe, 0x3a, 0xfe, 0x3a, 0xfe, 0x3a, 0xfe, 0x3a, 0xfe, 0x3a, 0xfe, 0x3a, 0xfe, 0x3a, 0xfe, 0x3a, 0xfe, 0x3a, 0xfe, 0x3a, 0xfe, 0x3a, 0xfe, 0x3a,
  0xfe, 0x3a, 0xfe, 0x3a, 0xfe, 0x3a, 0xfe, 0x3a, 0xfe, 0x3a, 0xfe, 0x3a, 0xfe, 0x3a, 0xfe, 0x3a, 0xfe, 0x3a, 0xfe, 0x3a, 0xfe, 0x3a, 0xfe, 0x3a, 0xfe, 0x3a, 0x5e, 0x4b, 0xfe, 0x3a, 0xfe, 0x3a,
  0xfe, 0x3a, 0xfe, 0x3a, 0xfe, 0x3a, 0xfe, 0x3a, 0xfe, 0x3a, 0xfe, 0x3a, 0xfe, 0x3a, 0xfe, 0x3a, 0xfe, 0x3a, 0xfe, 0x3a, 0xfe, 0x3a, 0xfe, 0x3a, 0xfe, 0x3a, 0xfe, 0x3a, 0xfe, 0x3a, 0xfe, 0x3a,
  0xfe, 0x3a, 0xfe, 0x3a, 0xfe, 0x3a, 0xfe, 0x3a, 0xfe, 0x3a, 0xfe, 0x3a, 0xfe, 0x3a, 0xfe, 0x3a, 0xfe, 0x3a, 0xfe, 0x3a, 0xfe, 0x3a, 0xfe, 0x3a, 0xfe, 0x3a, 0xfe, 0x3a, 0xfe, 0x3a, 0x5e, 0x4b,
  0xfe, 0x3a, 0xfe, 0x3a, 0xfe, 0x3a, 0xfe, 0x3a, 0xfe, 0x3a, 0xfe, 0x3a, 0xfe, 0x3a, 0xfe, 0x3a, 0xfe, 0x3a, 0xfe, 0x3a, 0xfe, 0x3a, 0xfe, 0x3a, 0xfe, 0x3a, 0xfe, 0x3a, 0xfe, 0x3a, 0xfe, 0x3a,
  0xfe, 0x3a, 0xfe, 0x3a, 0xfe, 0x3a, 0xfe, 0x3a, 0xfe, 0x3a, 0xfe, 0x3a, 0xfe, 0x3a, 0xfe, 0x3a, 0xfe, 0x3a, 0xfe, 0x3a, 0xfe, 0x3a, 0xfe, 0x3a, 0xfe, 0x3a, 0xfe, 0x3a, 0xfe, 0x3a, 0xfe, 0x3a,
  0xfe, 0x3a, 0x5e, 0x4b, 0xfe, 0x3a, 0xfe, 0x3a, 0xfe, 0x3a, 0xfe, 0x3a, 0xfe, 0x3a, 0xfe, 0x3a, 0xfe, 0x3a, 0xfe, 0x3a, 0xfe, 0x3a, 0xfe, 0x3a, 0xfe, 0x3a, 0xfe, 0x3a, 0xfe, 0x3a, 0xfe, 0x3a,
  0xfe, 0x3a, 0xfe, 0x3a, 0xfe, 0x3a, 0xfe, 0x3a, 0xfe, 0x3a, 0xfe, 0x3a, 0xfe, 0x3a, 0xfe, 0x3a, 0xfe, 0x3a, 0xfe, 0x3a, 0xfe, 0x3a, 0xfe, 0x3a, 0xfe, 0x3a, 0xfe, 0x3a, 0xfe, 0x3a, 0xfe, 0x3a,
  0xfe, 0x3a, 0xfe, 0x3a, 0xfe, 0x3a, 0x5e, 0x4b, 0xfe, 0x3a, 0xfe, 0x3a, 0xfe, 0x3a, 0xfe, 0x3a, 0xfe, 0x3a, 0xfe, 0x3a, 0xfe, 0x3a, 0xfe, 0x3a, 0xfe, 0x3a, 0xfe, 0x3a, 0xfe, 0x3a, 0xfe, 0x3a,
  0xfe, 0x3a, 0xfe, 0x3a, 0xfe, 0x3a, 0xfe, 0x3a, 0xfe, 0x3a, 0xfe, 0x3a, 0xfe, 0x3a, 0xfe, 0x3a, 0xfe, 0x3a, 0xfe, 0x3a, 0xfe, 0x3a, 0xfe, 0x3a, 0xfe, 0x3a, 0xfe, 0x3a, 0xfe, 0x3a, 0xfe, 0x3a,
  0xfe, 0x3a, 0xfe, 0x3a, 0xfe, 0x3a, 0xfe, 0x3a, 0xfe, 0x3a, 0x5e, 0x4b, 0xfe, 0x3a, 0xfe, 0x3a, 0xfe, 0x3a, 0xfe, 0x3a, 0xfe, 0x3a, 0xfe, 0x3a, 0xfe, 0x3a, 0xfe, 0x3a, 0xfe, 0x3a, 0xfe, 0x3a,
  0xfe, 0x3a, 0xfe, 0x3a, 0xfe, 0x3a, 0xfe, 0x3a, 0xfe, 0x3a, 0xfe, 0x3a, 0xfe, 0x3a, 0xfe, 0x3a, 0xfe, 0x3a, 0xfe, 0x3a, 0xfe, 0x3a, 0xfe, 0x3a, 0xfe, 0x3a, 0xfe, 0x3a, 0xfe, 0x3a, 0xfe, 0x3a,
  0xfe, 0x3a, 0xfe, 0x3a, 0xfe, 0x3a, 0xfe, 0x3a, 0xfe, 0x3a, 0xfe, 0x3a, 0xfe, 0x3a, 0x5e, 0x4b, 0xfe, 0x3a, 0xfe, 0x3a, 0xfe, 0x3a, 0xfe, 0x3a, 0xfe, 0x3a, 0xfe, 0x3a, 0xfe, 0x3a, 0xfe, 0x3a,
  0xfe, 0x3a, 0xfe, 0x3a, 0xfe, 0x3a, 0xfe, 0x3a, 0xfe, 0x3a, 0xfe, 0x3a, 0xfe, 0x3a, 0xfe, 0x3a, 0xfe, 0x3a, 0xfe, 0x3a, 0xfe, 0x3a, 0xfe, 0x3a, 0xfe, 0x3a, 0xfe, 0x3a, 0xfe, 0x3a, 0xfe, 0x3a,
  0xfe, 0x32, 0xfe, 0x32, 0xfe, 0x32, 0xfe, 0x32, 0xfe, 0x32, 0xfe, 0x32, 0xfe, 0x32, 0xfe, 0x32, 0xfe, 0x32, 0xfe, 0x32, 0xfe, 0x32, 0xfe, 0x32, 0xfe, 0x32, 0xfe, 0x32, 0xfe, 0x32, 0xfe, 0x32,
  0xfe, 0x32, 0xfe, 0x32, 0xfe, 0x32, 0xfe, 0x32, 0xfe, 0x32, 0xfe, 0x32, 0x5e, 0x43, 0xfe, 0x32, 0xfe, 0x32, 0xfe, 0x32, 0xfe, 0x32, 0xfe, 0x32, 0xfe, 0x32, 0xfe, 0x32, 0xfe, 0x32, 0xfe, 0x32,
  0xfe, 0x32, 0xfe, 0x32, 0xfe, 0x32, 0xfe, 0x32, 0xfe, 0x32, 0xfe, 0x32, 0xfe, 0x32, 0xfe, 0x32, 0xfe, 0x32, 0xfe, 0x32, 0xfe, 0x32, 0xfe, 0x32, 0xfe, 0x32, 0xfe, 0x32, 0xfe, 0x32, 0xfe, 0x32,
  0xfe, 0x32, 0xfe, 0x32, 0xfe, 0x32, 0xfe, 0x32, 0xfe, 0x32, 0xfe, 0x32, 0xfe, 0x32, 0xfe, 0x32, 0x5e, 0x43, 0xfe, 0x32, 0xfe, 0x32, 0xfe, 0x32, 0xfe, 0x32, 0xfe, 0x32, 0xfe, 0x32, 0xfe, 0x32,
  0xfe, 0x32, 0xfe, 0x32, 0xfe, 0x32, 0xfe, 0x32, 0xfe, 0x32, 0xfe, 0x32, 0xfe, 0x32, 0xfe, 0x32, 0xfe, 0x32, 0xfe, 0x32, 0xfe, 0x32, 0xfe, 0x32, 0xfe, 0x32, 0xfe, 0x32, 0xfe, 0x32, 0xfe, 0x32,
  0xfe, 0x32, 0xfe, 0x32, 0xfe, 0x32, 0xfe, 0x32, 0xfe, 0x32, 0xfe, 0x32, 0xfe, 0x32, 0xfe, 0x32, 0xfe, 0x32, 0xfe, 0x32, 0x5e, 0x43, 0xfe, 0x32, 0xfe, 0x32, 0xfe, 0x32, 0xfe, 0x32, 0xfe, 0x32,
  0xfe, 0x32, 0xfe, 0x32, 0xfe, 0x32, 0xfe, 0x32, 0xfe, 0x32, 0xfe, 0x32, 0xfe, 0x32, 0xfe, 0x32, 0xfe, 0x32, 0xfe, 0x32, 0xfe, 0x32, 0xfe, 0x32, 0xfe, 0x32, 0xfe, 0x32, 0xfe, 0x32, 0xfe, 0x32,
  0xfe, 0x32, 0xfe, 0x32, 0xfe, 0x32, 0xfe, 0x32, 0xfe, 0x32, 0xfe, 0x32, 0xfe, 0x32, 0xfe, 0x32, 0xfe, 0x32, 0xfe, 0x32, 0xfe, 0x32, 0xfe, 0x32, 0x5e, 0x43, 0xfe, 0x32, 0xfe, 0x32, 0xfe, 0x32,
  0xfe, 0x32, 0xfe, 0x32, 0xfe, 0x32, 0xfe, 0x32, 0xfe, 0x32, 0xfe, 0x32, 0xfe, 0x32, 0xfe, 0x32, 0xfe, 0x32, 0xfe, 0x32, 0xfe, 0x32, 0xfe, 0x32, 0xfe, 0x32, 0xfe, 0x32, 0xfe, 0x32, 0xfe, 0x32,
  0xfe, 0x32, 0xfe, 0x32, 0xfe, 0x32, 0xfe, 0x32, 0xfe, 0x32, 0xfe, 0x32, 0xfe, 0x32, 0xfe, 0x32, 0xfe, 0x32, 0xfe, 0x32, 0xfe, 0x32, 0xfe, 0x32, 0xfe, 0x32, 0xfe, 0x32, 0x5e, 0x43, 0xfe, 0x32,
  0xfe, 0x32, 0xfe, 0x32, 0xfe, 0x32, 0xfe, 0x32, 0xfe, 0x32, 0xfe, 0x32, 0xfe, 0x32, 0xfe, 0x32, 0xfe, 0x32, 0xfe, 0x32, 0xfe, 0x32, 0xfe, 0x32, 0xfe, 0x32, 0xfe, 0x32, 0xfe, 0x32, 0xfe, 0x32,
  0xfe, 0x32, 0xfe, 0x32, 0xfe, 0x32, 0xfe, 0x32, 0xfe, 0x32, 0xfe, 0x32, 0xfe, 0x32, 0xfe, 0x32, 0xfe, 0x32, 0xfe, 0x32, 0xfe, 0x32, 0xfe, 0x32, 0xfe, 0x32, 0xfe, 0x32, 0xfe, 0x32, 0xfe, 0x32,
  0x5e, 0x43, 0xfe, 0x32, 0xfe, 0x32, 0xfe, 0x32, 0xfe, 0x32, 0xfe, 0x32, 0xfe, 0x32, 0xfe, 0x32, 0xfe, 0x32, 0xfe, 0x32, 0xfe, 0x32, 0xfe, 0x32, 0xfe, 0x32, 0xfe, 0x32, 0xfe, 0x32, 0xfe, 0x32,
  0xfe, 0x32, 0xfe, 0x32, 0xfe, 0x32, 0xfe, 0x32, 0xfe, 0x32, 0xfe, 0x32, 0xfe, 0x32, 0xfe, 0x32, 0xfe, 0x32, 0xfe, 0x32, 0xfe, 0x32, 0xfe, 0x32, 0xfe, 0x32, 0xfe, 0x32, 0xfe, 0x32, 0xfe, 0x32,
  0xfe, 0x32, 0xfe, 0x32, 0x5e, 0x43, 0xfe, 0x32, 0xfe, 0x32, 0xfe, 0x32, 0xfe, 0x32, 0xfe, 0x32, 0xfe, 0x32, 0xfe, 0x32, 0xfe, 0x32, 0xfe, 0x32, 0xfe, 0x32, 0xfe, 0x32, 0xfe, 0x32, 0xfe, 0x32,
  0xfe, 0x32, 0xfe, 0x32, 0xfe, 0x32, 0xfe, 0x32, 0xfe, 0x32, 0xfe, 0x32, 0xfe, 0x32, 0xfe, 0x32, 0xfe, 0x32, 0xfe, 0x32, 0xfe, 0x32, 0xfe, 0x32, 0xfe, 0x32, 0xfe, 0x32, 0xfe, 0x32, 0xfe, 0x32,
  0xfe, 0x32, 0xfe, 0x32, 0xfe, 0x32, 0xfe, 0x32, 0x5e, 0x43, 0xfe, 0x32, 0xfe, 0x32, 0xfe, 0x32, 0xfe, 0x32, 0xfe, 0x32, 0xfe, 0x32, 0xfe, 0x32, 0xfe, 0x32, 0xfe, 0x32, 0xfe, 0x32, 0xfe, 0x32,
  0xfe, 0x32, 0xfe, 0x32, 0xfe, 0x32, 0xfe, 0x32, 0xfe, 0x32, 0xfe, 0x32, 0xfe, 0x32, 0xfe, 0x32, 0xfe, 0x32, 0xfe, 0x32, 0xfe, 0x32, 0xfe, 0x32, 0xfe, 0x32, 0xfe, 0x32, 0xfe, 0x32, 0xfe, 0x32,
  0xfe, 0x32, 0xfe, 0x32, 0xfe, 0x32, 0xfe, 0x32, 0xfe, 0x32, 0xfe, 0x32, 0x5e, 0x43, 0xfe, 0x32, 0xfe, 0x32, 0xfe, 0x32, 0xfe, 0x32, 0xfe, 0x32, 0xfe, 0x32, 0xfe, 0x32, 0xfe, 0x32, 0xfe, 0x32,
  0xfe, 0x32, 0xfe, 0x32, 0xfe, 0x32, 0xfe, 0x32, 0xfe, 0x32, 0xfe, 0x32, 0xfe, 0x32, 0xfe, 0x32, 0xfe, 0x32, 0xfe, 0x32, 0xfe, 0x32, 0xfe, 0x32, 0xfe, 0x32, 0xfe, 0x32, 0xfe, 0x32, 0xfe, 0x32,
  0x3e, 0x43, 0x3e, 0x43, 0x3e, 0x43, 0x3e, 0x43, 0x3e, 0x43, 0x3e, 0x43, 0x3e, 0x43, 0x3e, 0x43, 0x3e, 0x43, 0x3e, 0x43, 0x3e, 0x43, 0x3e, 0x43, 0x3e, 0x43, 0x3e, 0x43, 0x3e, 0x43, 0x3e, 0x43,
  0x3e, 0x43, 0x3e, 0x43, 0x3e, 0x43, 0x3e, 0x43, 0x3e, 0x43, 0x9e, 0x53, 0x3e, 0x43, 0x3e, 0x43, 0x3e, 0x43, 0x3e, 0x43, 0x3e, 0x43, 0x3e, 0x43, 0x3e, 0x43, 0x3e, 0x43, 0x3e, 0x43, 0x3e, 0x43,
  0x3e, 0x43, 0x3e, 0x43, 0x3e, 0x43, 0x3e, 0x43, 0x3e, 0x43, 0x3e, 0x43, 0x3e, 0x43, 0x3e, 0x43, 0x3e, 0x43, 0x3e, 0x43, 0x3e, 0x43, 0x3e, 0x43, 0x3e, 0x43, 0x3e, 0x43, 0x3e, 0x43, 0x3e, 0x43,
  0x3e, 0x43, 0x3e, 0x43, 0x3e, 0x43, 0x3e, 0x43, 0x3e, 0x43, 0x3e, 0x43, 0x3e, 0x43, 0x9e, 0x53, 0x3e, 0x43, 0x3e, 0x43, 0x3e, 0x43, 0x3e, 0x43, 0x3e, 0x43, 0x3e, 0x43, 0x3e, 0x43, 0x3e, 0x43,
  0x3e, 0x43, 0x3e, 0x43, 0x3e, 0x43, 0x3e, 0x43, 0x3e, 0x43, 0x3e, 0x43, 0x3e, 0x43, 0x3e, 0x43, 0x3e, 0x43, 0x3e, 0x43, 0x3e, 0x43, 0x3e, 0x43, 0x3e, 0x43, 0x3e, 0x43, 0x3e, 0x43, 0x3e, 0x43,
  0x3e, 0x43, 0x3e, 0x43, 0x3e, 0x43, 0x3e, 0x43, 0x3e, 0x43, 0x3e, 0x43, 0x3e, 0x43, 0x3e, 0x43, 0x3e, 0x43, 0x9e, 0x53, 0x3e, 0x43, 0x3e, 0x43, 0x3e, 0x43, 0x3e, 0x43, 0x3e, 0x43, 0x3e, 0x43,
  0x3e, 0x43, 0x3e, 0x43, 0x3e, 0x43, 0x3e, 0x43, 0x3e, 0x43, 0x3e, 0x43, 0x3e, 0x43, 0x3e, 0x43, 0x3e, 0x43, 0x3e, 0x43, 0x3e, 0x43, 0x3e, 0x43, 0x3e, 0x43, 0x3e, 0x43, 0x3e, 0x43, 0x3e, 0x43,
  0x3e, 0x43, 0x3e, 0x43, 0x3e, 0x43, 0x3e, 0x43, 0x3e, 0x43, 0x3e, 0x43, 0x3e, 0x43, 0x3e, 0x43, 0x3e, 0x43, 0x3e, 0x43, 0x3e, 0x43, 0x9e, 0x53, 0x3e, 0x43, 0x3e, 0x43, 0x3e, 0x43, 0x3e, 0x43,
  0x3e, 0x43, 0x3e, 0x43, 0x3e, 0x43, 0x3e, 0x43, 0x3e, 0x43, 0x3e, 0x43, 0x3e, 0x43, 0x3e, 0x43, 0x3e, 0x43, 0x3e, 0x43, 0x3e, 0x43, 0x3e, 0x43, 0x3e, 0x43, 0x3e, 0x43, 0x3e, 0x43, 0x3e, 0x43,
  0x3e, 0x43, 0x3e, 0x43, 0x3e, 0x43, 0x3e, 0x43, 0x3e, 0x43, 0x3e, 0x43, 0x3e, 0x43, 0x3e, 0x43, 0x3e, 0x43, 0x3e, 0x43, 0x3e, 0x43, 0x3e, 0x43, 0x3e, 0x43, 0x9e, 0x53, 0x3e, 0x43, 0x3e, 0x43,
  0x3e, 0x43, 0x3e, 0x43, 0x3e, 0x43, 0x3e, 0x43, 0x3e, 0x43, 0x3e, 0x43, 0x3e, 0x43, 0x3e, 0x43, 0x3e, 0x43, 0x3e, 0x43, 0x3e, 0x43, 0x3e, 0x43, 0x3e, 0x43, 0x3e, 0x43, 0x3e, 0x43, 0x3e, 0x43,
  0x3e, 0x43, 0x3e, 0x43, 0x3e, 0x43, 0x3e, 0x43, 0x3e, 0x43, 0x3e, 0x43, 0x3e, 0x43, 0x3e, 0x43, 0x3e, 0x43, 0x3e, 0x43, 0x3e, 0x43, 0x3e, 0x43, 0x3e, 0x43, 0x3e, 0x43, 0x3e, 0x43, 0x9e, 0x53,
  0x3e, 0x43, 0x3e, 0x43, 0x3e, 0x43, 0x3e, 0x43, 0x3e, 0x43, 0x3e, 0x43, 0x3e, 0x43, 0x3e, 0x43, 0x3e, 0x43, 0x3e, 0x43, 0x3e, 0x43, 0x3e, 0x43, 0x3e, 0x43, 0x3e, 0x43, 0x3e, 0x43, 0x3e, 0x43,
  0x3e, 0x43, 0x3e, 0x43, 0x3e, 0x43, 0x3e, 0x43, 0x3e, 0x43, 0x3e, 0x43, 0x3e, 0x43, 0x3e, 0x43, 0x3e, 0x43, 0x3e, 0x43, 0x3e, 0x43, 0x3e, 0x43, 0x3e, 0x43, 0x3e, 0x43, 0x3e, 0x43, 0x3e, 0x43,
  0x3e, 0x43, 0x9e, 0x53, 0x3e, 0x43, 0x3e, 0x43, 0x3e, 0x43, 0x3e, 0x43, 0x3e, 0x43, 0x3e, 0x43, 0x3e, 0x43, 0x3e, 0x43, 0x3e, 0x43, 0x3e, 0x43, 0x3e, 0x43, 0x3e, 0x43, 0x3e, 0x43, 0x3e, 0x43,
  0x3e, 0x43, 0x3e, 0x43, 0x3e, 0x43, 0x3e, 0x43, 0x3e, 0x43, 0x3e, 0x43, 0x3e, 0x43, 0x3e, 0x43, 0x3e, 0x43, 0x3e, 0x43, 0x3e, 0x43, 0x3e, 0x43, 0x3e, 0x43, 0x3e, 0x43, 0x3e, 0x43, 0x3e, 0x43,
  0x3e, 0x43, 0x3e, 0x43, 0x3e, 0x43, 0x9e, 0x53, 0x3e, 0x43, 0x3e, 0x43, 0x3e, 0x43, 0x3e, 0x43, 0x3e, 0x43, 0x3e, 0x43, 0x3e, 0x43, 0x3e, 0x43, 0x3e, 0x43, 0x3e, 0x43, 0x3e, 0x43, 0x3e, 0x43,
  0x3e, 0x43, 0x3e, 0x43, 0x3e, 0x43, 0x3e, 0x43, 0x3e, 0x43, 0x3e, 0x43, 0x3e, 0x43, 0x3e, 0x43, 0x3e, 0x43, 0x3e, 0x43, 0x3e, 0x43, 0x3e, 0x43, 0x3e, 0x43, 0x3e, 0x43, 0x3e, 0x43, 0x3e, 0x43,
  0x3e, 0x43, 0x3e, 0x43, 0x3e, 0x43, 0x3e, 0x43, 0x3e, 0x43, 0x9e, 0x53, 0x3e, 0x43, 0x3e, 0x43, 0x3e, 0x43, 0x3e, 0x43, 0x3e, 0x43, 0x3e, 0x43, 0x3e, 0x43, 0x3e, 0x43, 0x3e, 0x43, 0x3e, 0x43,
  0x3e, 0x43, 0x3e, 0x43, 0x3e, 0x43, 0x3e, 0x43, 0x3e, 0x43, 0x3e, 0x43, 0x3e, 0x43, 0x3e, 0x43, 0x3e, 0x43, 0x3e, 0x43, 0x3e, 0x43, 0x3e, 0x43, 0x3e, 0x43, 0x3e, 0x43, 0x3e, 0x43, 0x3e, 0x43,
  0xfe, 0x32, 0xfe, 0x32, 0xfe, 0x32, 0xfe, 0x32, 0xfe, 0x32, 0xfe, 0x32, 0xfe, 0x32, 0xfe, 0x32, 0xfe, 0x32, 0xfe, 0x32, 0xfe, 0x32, 0xfe, 0x32, 0xfe, 0x32, 0xfe, 0x32, 0xfe, 0x32, 0xfe, 0x32,
  0xfe, 0x32, 0xfe, 0x32, 0xfe, 0x32, 0xfe, 0x32, 0x5e, 0x43, 0xfe, 0x32, 0xfe, 0x32, 0xfe, 0x32, 0xfe, 0x32, 0xfe, 0x32, 0xfe, 0x32, 0xfe, 0x32, 0xfe, 0x32, 0xfe, 0x32, 0xfe, 0x32, 0xfe, 0x32,
  0xfe, 0x32, 0xfe, 0x32, 0xfe, 0x32, 0xfe, 0x32, 0xfe, 0x32, 0xfe, 0x32, 0xfe, 0x32, 0xfe, 0x32, 0xfe, 0x32, 0xfe, 0x32, 0xfe, 0x32, 0xfe, 0x32, 0xfe, 0x32, 0xfe, 0x32, 0xfe, 0x32, 0xfe, 0x32,
  0xfe, 0x32, 0xfe, 0x32, 0xfe, 0x32, 0xfe, 0x32, 0xfe, 0x32, 0xfe, 0x32, 0x5e, 0x43, 0xfe, 0x32, 0xfe, 0x32, 0xfe, 0x32, 0xfe, 0x32, 0xfe, 0x32, 0xfe, 0x32, 0xfe, 0x32, 0xfe, 0x32, 0xfe, 0x32,
  0xfe, 0x32, 0xfe, 0x32, 0xfe, 0x32, 0xfe, 0x32, 0xfe, 0x32, 0xfe, 0x32, 0xfe, 0x32, 0xfe, 0x32, 0xfe, 0x32, 0xfe, 0x32, 0xfe, 0x32, 0xfe, 0x32, 0xfe, 0x32, 0xfe, 0x32, 0xfe, 0x32, 0xfe, 0x32,
  0xfe, 0x32, 0xfe, 0x32, 0xfe, 0x32, 0xfe, 0x32, 0xfe, 0x32, 0xfe, 0x32, 0xfe, 0x32, 0xfe, 0x32, 0x5e, 0x43, 0xfe, 0x32, 0xfe, 0x32, 0xfe, 0x32, 0xfe, 0x32, 0xfe, 0x32, 0xfe, 0x32, 0xfe, 0x32,
  0xfe, 0x32, 0xfe, 0x32, 0xfe, 0x32, 0xfe, 0x32, 0xfe, 0x32, 0xfe, 0x32, 0xfe, 0x32, 0xfe, 0x32, 0xfe, 0x32, 0xfe, 0x32, 0xfe, 0x32, 0xfe, 0x32, 0xfe, 0x32, 0xfe, 0x32, 0xfe, 0x32, 0xfe, 0x32,
  0xfe, 0x32, 0xfe, 0x32, 0xfe, 0x32, 0xfe, 0x32, 0xfe, 0x32, 0xfe, 0x32, 0xfe, 0x32, 0xfe, 0x32, 0xfe, 0x32, 0xfe, 0x32, 0x5e, 0x43, 0xfe, 0x32, 0xfe, 0x32, 0xfe, 0x32, 0xfe, 0x32, 0xfe, 0x32,
  0xfe, 0x32, 0xfe, 0x32, 0xfe, 0x32, 0xfe, 0x32, 0xfe, 0x32, 0xfe, 0x32, 0xfe, 0x32, 0xfe, 0x32, 0xfe, 0x32, 0xfe, 0x32, 0xfe, 0x32, 0xfe, 0x32, 0xfe, 0x32, 0xfe, 0x32, 0xfe, 0x32, 0xfe, 0x32,
  0xfe, 0x32, 0xfe, 0x32, 0xfe, 0x32, 0xfe, 0x32, 0xfe, 0x32, 0xfe, 0x32, 0xfe, 0x32, 0xfe, 0x32, 0xfe, 0x32, 0xfe, 0x32, 0xfe, 0x32, 0xfe, 0x32, 0x5e, 0x43, 0xfe, 0x32, 0xfe, 0x32, 0xfe, 0x32,
  0xfe, 0x32, 0xfe, 0x32, 0xfe, 0x32, 0xfe, 0x32, 0xfe, 0x32, 0xfe, 0x32, 0xfe, 0x32, 0xfe, 0x32, 0xfe, 0x32, 0xfe, 0x32, 0xfe, 0x32, 0xfe, 0x32, 0xfe, 0x32, 0xfe, 0x32, 0xfe, 0x32, 0xfe, 0x32,
  0xfe, 0x32, 0xfe, 0x32, 0xfe, 0x32, 0xfe, 0x32, 0xfe, 0x32, 0xfe, 0x32, 0xfe, 0x32, 0xfe, 0x32, 0xfe, 0x32, 0xfe, 0x32, 0xfe, 0x32, 0xfe, 0x32, 0xfe, 0x32, 0xfe, 0x32, 0x5e, 0x43, 0xfe, 0x32,
  0xfe, 0x32, 0xfe, 0x32, 0xfe, 0x32, 0xfe, 0x32, 0xfe, 0x32, 0xfe, 0x32, 0xfe, 0x32, 0xfe, 0x32, 0xfe, 0x32, 0xfe, 0x32, 0xfe, 0x32, 0xfe, 0x32, 0xfe, 0x32, 0xfe, 0x32, 0xfe, 0x32, 0xfe, 0x32,
  0xfe, 0x32, 0xfe, 0x32, 0xfe, 0x32, 0xfe, 0x32, 0xfe, 0x32, 0xfe, 0x32, 0xfe, 0x32, 0xfe, 0x32, 0xfe, 0x32, 0xfe, 0x32, 0xfe, 0x32, 0xfe, 0x32, 0xfe, 0x32, 0xfe, 0x32, 0xfe, 0x32, 0xfe, 0x32,
  0x5e, 0x43, 0xfe, 0x32, 0xfe, 0x32, 0xfe, 0x32, 0xfe, 0x32, 0xfe, 0x32, 0xfe, 0x32, 0xfe, 0x32, 0xfe, 0x32, 0xfe, 0x32, 0xfe, 0x32, 0xfe, 0x32, 0xfe, 0x32, 0xfe, 0x32, 0xfe, 0x32, 0xfe, 0x32,
  0xfe, 0x32, 0xfe, 0x32, 0xfe, 0x32, 0xfe, 0x32, 0xfe, 0x32, 0xfe, 0x32, 0xfe, 0x32, 0xfe, 0x32, 0xfe, 0x32, 0xfe, 0x32, 0xfe, 0x32, 0xfe, 0x32, 0xfe, 0x32, 0xfe, 0x32, 0xfe, 0x32, 0xfe, 0x32,
  0xfe, 0x32, 0xfe, 0x32, 0x5e, 0x43, 0xfe, 0x32, 0xfe, 0x32, 0xfe, 0x32, 0xfe, 0x32, 0xfe, 0x32, 0xfe, 0x32, 0xfe, 0x32, 0xfe, 0x32, 0xfe, 0x32, 0xfe, 0x32, 0xfe, 0x32, 0xfe, 0x32, 0xfe, 0x32,
  0xfe, 0x32, 0xfe, 0x32, 0xfe, 0x32, 0xfe, 0x32, 0xfe, 0x32, 0xfe, 0x32, 0xfe, 0x32, 0xfe, 0x32, 0xfe, 0x32, 0xfe, 0x32, 0xfe, 0x32, 0xfe, 0x32, 0xfe, 0x32, 0xfe, 0x32, 0xfe, 0x32, 0xfe, 0x32,
  0xfe, 0x32, 0xfe, 0x32, 0xfe, 0x32, 0xfe, 0x32, 0x5e, 0x43, 0xfe, 0x32, 0xfe, 0x32, 0xfe, 0x32, 0xfe, 0x32, 0xfe, 0x32, 0xfe, 0x32, 0xfe, 0x32, 0xfe, 0x32, 0xfe, 0x32, 0xfe, 0x32, 0xfe, 0x32,
  0xfe, 0x32, 0xfe, 0x32, 0xfe, 0x32, 0xfe, 0x32, 0xfe, 0x32, 0xfe, 0x32, 0xfe, 0x32, 0xfe, 0x32, 0xfe, 0x32, 0xfe, 0x32, 0xfe, 0x32, 0xfe, 0x32, 0xfe, 0x32, 0xfe, 0x32, 0xfe, 0x32, 0xfe, 0x32,
  0xde, 0x32, 0xde, 0x32, 0xde, 0x32, 0xde, 0x32, 0xde, 0x32, 0xde, 0x32, 0xde, 0x32, 0xde, 0x32, 0xde, 0x32, 0xde, 0x32, 0xde, 0x32, 0xde, 0x32, 0xde, 0x32, 0xde, 0x32, 0xde, 0x32, 0xde, 0x32,
  0xde, 0x32, 0xde, 0x32, 0xde, 0x32, 0xde, 0x32, 0x3e, 0x43, 0xde, 0x32, 0xde, 0x32, 0xde, 0x32, 0xde, 0x32, 0xde, 0x32, 0xde, 0x32, 0xde, 0x32, 0xde, 0x32, 0xde, 0x32, 0xde, 0x32, 0xde, 0x32,
  0xde, 0x32, 0xde, 0x32, 0xde, 0x32, 0xde, 0x32, 0xde, 0x32, 0xde, 0x32, 0xde, 0x32, 0xde, 0x32, 0xde, 0x32, 0xde, 0x32, 0xde, 0x32, 0xde, 0x32, 0xde, 0x32, 0xde, 0x32, 0xde, 0x32, 0xde, 0x32,
  0xde, 0x32, 0xde, 0x32, 0xde, 0x32, 0xde, 0x32, 0xde, 0x32, 0xde, 0x32, 0x3e, 0x43, 0xde, 0x32, 0xde, 0x32, 0xde, 0x32, 0xde, 0x32, 0xde, 0x32, 0xde, 0x32, 0xde, 0x32, 0xde, 0x32, 0xde, 0x32,
  0xde, 0x32, 0xde, 0x32, 0xde, 0x32, 0xde, 0x32, 0xde, 0x32, 0xde, 0x32, 0xde, 0x32, 0xde, 0x32, 0xde, 0x32, 0xde, 0x32, 0xde, 0x32, 0xde, 0x32, 0xde, 0x32, 0xde, 0x32, 0xde, 0x32, 0xde, 0x32,
  0xde, 0x32, 0xde, 0x32, 0xde, 0x32, 0xde, 0x32, 0xde, 0x32, 0xde, 0x32, 0xde, 0x32, 0xde, 0x32, 0x3e, 0x43, 0xde, 0x32, 0xde, 0x32, 0xde, 0x32, 0xde, 0x32, 0xde, 0x32, 0xde, 0x32, 0xde, 0x32,
  0xde, 0x32, 0xde, 0x32, 0xde, 0x32, 0xde, 0x32, 0xde, 0x32, 0xde, 0x32, 0xde, 0x32, 0xde, 0x32, 0xde, 0x32, 0xde, 0x32, 0xde, 0x32, 0xde, 0x32, 0xde, 0x32, 0xde, 0x32, 0xde, 0x32, 0xde, 0x32,
  0xde, 0x32, 0xde, 0x32, 0xde, 0x32, 0xde, 0x32, 0xde, 0x32, 0xde, 0x32, 0xde, 0x32, 0xde, 0x32, 0xde, 0x32, 0xde, 0x32, 0x3e, 0x43, 0xde, 0x32, 0xde, 0x32, 0xde, 0x32, 0xde, 0x32, 0xde, 0x32,
  0xde, 0x32, 0xde, 0x32, 0xde, 0x32, 0xde, 0x32, 0xde, 0x32, 0xde, 0x32, 0xde, 0x32, 0xde, 0x32, 0xde, 0x32, 0xde, 0x32, 0xde, 0x32, 0xde, 0x32, 0xde, 0x32, 0xde, 0x32, 0xde, 0x32, 0xde, 0x32,
  0xde, 0x32, 0xde, 0x32, 0xde, 0x32, 0xde, 0x32, 0xde, 0x32, 0xde, 0x32, 0xde, 0x32, 0xde, 0x32, 0xde, 0x32, 0xde, 0x32, 0xde, 0x32, 0xde, 0x32, 0x3e, 0x43, 0xde, 0x32, 0xde, 0x32, 0xde, 0x32,
  0xde, 0x32, 0xde, 0x32, 0xde, 0x32, 0xde, 0x32, 0xde, 0x32, 0xde, 0x32, 0xde, 0x32, 0xde, 0x32, 0xde, 0x32, 0xde, 0x32, 0xde, 0x32, 0xde, 0x32, 0xde, 0x32, 0xde, 0x32, 0xde, 0x32, 0xde, 0x32,
  0xde, 0x32, 0xde, 0x32, 0xde, 0x32, 0xde, 0x32, 0xde, 0x32, 0xde, 0x32, 0xde, 0x32, 0xde, 0x32, 0xde, 0x32, 0xde, 0x32, 0xde, 0x32, 0xde, 0x32, 0xde, 0x32, 0xde, 0x32, 0x3e, 0x43, 0xde, 0x32,
  0xde, 0x32, 0xde, 0x32, 0xde, 0x32, 0xde, 0x32, 0xde, 0x32, 0xde, 0x32, 0xde, 0x32, 0xde, 0x32, 0xde, 0x32, 0xde, 0x32, 0xde, 0x32, 0xde, 0x32, 0xde, 0x32, 0xde, 0x32, 0xde, 0x32, 0xde, 0x32,
  0xde, 0x32, 0xde, 0x32, 0xde, 0x32, 0xde, 0x32, 0xde, 0x32, 0xde, 0x32, 0xde, 0x32, 0xde, 0x32, 0xde, 0x32, 0xde, 0x32, 0xde, 0x32, 0xde, 0x32, 0xde, 0x32, 0xde, 0x32, 0xde, 0x32, 0xde, 0x32,
  0x3e, 0x43, 0xde, 0x32, 0xde, 0x32, 0xde, 0x32, 0xde, 0x32, 0xde, 0x32, 0xde, 0x32, 0xde, 0x32, 0xde, 0x32, 0xde, 0x32, 0xde, 0x32, 0xde, 0x32, 0xde, 0x32, 0xde, 0x32, 0xde, 0x32, 0xde, 0x32,
  0xde, 0x32, 0xde, 0x32, 0xde, 0x32, 0xde, 0x32, 0xde, 0x32, 0xde, 0x32, 0xde, 0x32, 0xde, 0x32, 0xde, 0x32, 0xde, 0x32, 0xde, 0x32, 0xde, 0x32, 0xde, 0x32, 0xde, 0x32, 0xde, 0x32, 0xde, 0x32,
  0xde, 0x32, 0xde, 0x32, 0x3e, 0x43, 0xde, 0x32, 0xde, 0x32, 0xde, 0x32, 0xde, 0x32, 0xde, 0x32, 0xde, 0x32, 0xde, 0x32, 0xde, 0x32, 0xde, 0x32, 0xde, 0x32, 0xde, 0x32, 0xde, 0x32, 0xde, 0x32,
  0xde, 0x32, 0xde, 0x32, 0xde, 0x32, 0xde, 0x32, 0xde, 0x32, 0xde, 0x32, 0xde, 0x32, 0xde, 0x32, 0xde, 0x32, 0xde, 0x32, 0xde, 0x32, 0xde, 0x32, 0xde, 0x32, 0xde, 0x32, 0xde, 0x32, 0xde, 0x32,
  0xde, 0x32, 0xde, 0x32, 0xde, 0x32, 0xde, 0x32, 0x3e, 0x43, 0xde, 0x32, 0xde, 0x32, 0xde, 0x32, 0xde, 0x32, 0xde, 0x32, 0xde, 0x32, 0xde, 0x32, 0xde, 0x32, 0xde, 0x32, 0xde, 0x32, 0xde, 0x32,
  0xde, 0x32, 0xde, 0x32, 0xde, 0x32, 0xde, 0x32, 0xde, 0x32, 0xde, 0x32, 0xde, 0x32, 0xde, 0x32, 0xde, 0x32, 0xde, 0x32, 0xde, 0x32, 0xde, 0x32, 0xde, 0x32, 0xde, 0x32, 0xde, 0x32, 0xde, 0x32,
  0xfe, 0x32, 0xfe, 0x32, 0xfe, 0x32, 0xfe, 0x32, 0xfe, 0x32, 0xfe, 0x32, 0xfe, 0x32, 0xfe, 0x32, 0xfe, 0x32, 0xfe, 0x32, 0xfe, 0x32, 0xfe, 0x32, 0xfe, 0x32, 0xfe, 0x32, 0xfe, 0x32, 0xfe, 0x32,
  0xfe, 0x32, 0xfe, 0x32, 0xfe, 0x32, 0x5e, 0x43, 0xfe, 0x32, 0xfe, 0x32, 0xfe, 0x32, 0xfe, 0x32, 0xfe, 0x32, 0xfe, 0x32, 0xfe, 0x32, 0xfe, 0x32, 0xfe, 0x32, 0xfe, 0x32, 0xfe, 0x32, 0xfe, 0x32,
  0xfe, 0x32, 0xfe, 0x32, 0xfe, 0x32, 0xfe, 0x32, 0xfe, 0x32, 0xfe, 0x32, 0xfe, 0x32, 0xfe, 0x32, 0xfe, 0x32, 0xfe, 0x32, 0xfe, 0x32, 0xfe, 0x32, 0xfe, 0x32, 0xfe, 0x32, 0xfe, 0x32, 0xfe, 0x32,
  0xfe, 0x32, 0xfe, 0x32, 0xfe, 0x32, 0xfe, 0x32, 0xfe, 0x32, 0x5e, 0x43, 0xfe, 0x32, 0xfe, 0x32, 0xfe, 0x32, 0xfe, 0x32, 0xfe, 0x32, 0xfe, 0x32, 0xfe, 0x32, 0xfe, 0x32, 0xfe, 0x32, 0xfe, 0x32,
  0xfe, 0x32, 0xfe, 0x32, 0xfe, 0x32, 0xfe, 0x32, 0xfe, 0x32, 0xfe, 0x32, 0xfe, 0x32, 0xfe, 0x32, 0xfe, 0x32, 0xfe, 0x32, 0xfe, 0x32, 0xfe, 0x32, 0xfe, 0x32, 0xfe, 0x32, 0xfe, 0x32, 0xfe, 0x32,
  0xfe, 0x32, 0xfe, 0x32, 0xfe, 0x32, 0xfe, 0x32, 0xfe, 0x32, 0xfe, 0x32, 0xfe, 0x32, 0x5e, 0x43, 0xfe, 0x32, 0xfe, 0x32, 0xfe, 0x32, 0xfe, 0x32, 0xfe, 0x32, 0xfe, 0x32, 0xfe, 0x32, 0xfe, 0x32,
  0xfe, 0x32, 0xfe, 0x32, 0xfe, 0x32, 0xfe, 0x32, 0xfe, 0x32, 0xfe, 0x32, 0xfe, 0x32, 0xfe, 0x32, 0xfe, 0x32, 0xfe, 0x32, 0xfe, 0x32, 0xfe, 0x32, 0xfe, 0x32, 0xfe, 0x32, 0xfe, 0x32, 0xfe, 0x32,
  0xfe, 0x32, 0xfe, 0x32, 0xfe, 0x32, 0xfe, 0x32, 0xfe, 0x32, 0xfe, 0x32, 0xfe, 0x32, 0xfe, 0x32, 0xfe, 0x32, 0x5e, 0x43, 0xfe, 0x32, 0xfe, 0x32, 0xfe, 0x32, 0xfe, 0x32, 0xfe, 0x32, 0xfe, 0x32,
  0xfe, 0x32, 0xfe, 0x32, 0xfe, 0x32, 0xfe, 0x32, 0xfe, 0x32, 0xfe, 0x32, 0xfe, 0x32, 0xfe, 0x32, 0xfe, 0x32, 0xfe, 0x32, 0xfe, 0x32, 0xfe, 0x32, 0xfe, 0x32, 0xfe, 0x32, 0xfe, 0x32, 0xfe, 0x32,
  0xfe, 0x32, 0xfe, 0x32, 0xfe, 0x32, 0xfe, 0x32, 0xfe, 0x32, 0xfe, 0x32, 0xfe, 0x32, 0xfe, 0x32, 0xfe, 0x32, 0xfe, 0x32, 0xfe, 0x32, 0x5e, 0x43, 0xfe, 0x32, 0xfe, 0x32, 0xfe, 0x32, 0xfe, 0x32,
  0xfe, 0x32, 0xfe, 0x32, 0xfe, 0x32, 0xfe, 0x32, 0xfe, 0x32, 0xfe, 0x32, 0xfe, 0x32, 0xfe, 0x32, 0xfe, 0x32, 0xfe, 0x32, 0xfe, 0x32, 0xfe, 0x32, 0xfe, 0x32, 0xfe, 0x32, 0xfe, 0x32, 0xfe, 0x32,
  0xfe, 0x32, 0xfe, 0x32, 0xfe, 0x32, 0xfe, 0x32, 0xfe, 0x32, 0xfe, 0x32, 0xfe, 0x32, 0xfe, 0x32, 0xfe, 0x32, 0xfe, 0x32, 0xfe, 0x32, 0xfe, 0x32, 0xfe, 0x32, 0x5e, 0x43, 0xfe, 0x32, 0xfe, 0x32,
  0xfe, 0x32, 0xfe, 0x32, 0xfe, 0x32, 0xfe, 0x32, 0xfe, 0x32, 0xfe, 0x32, 0xfe, 0x32, 0xfe, 0x32, 0xfe, 0x32, 0xfe, 0x32, 0xfe, 0x32, 0xfe, 0x32, 0xfe, 0x32, 0xfe, 0x32, 0xfe, 0x32, 0xfe, 0x32,
  0xfe, 0x32, 0xfe, 0x32, 0xfe, 0x32, 0xfe, 0x32, 0xfe, 0x32, 0xfe, 0x32, 0xfe, 0x32, 0xfe, 0x32, 0xfe, 0x32, 0xfe, 0x32, 0xfe, 0x32, 0xfe, 0x32, 0xfe, 0x32, 0xfe, 0x32, 0xfe, 0x32, 0x5e, 0x43,
  0xfe, 0x32, 0xfe, 0x32, 0xfe, 0x32, 0xfe, 0x32, 0xfe, 0x32, 0xfe, 0x32, 0xfe, 0x32, 0xfe, 0x32, 0xfe, 0x32, 0xfe, 0x32, 0xfe, 0x32, 0xfe, 0x32, 0xfe, 0x32, 0xfe, 0x32, 0xfe, 0x32, 0xfe, 0x32,
  0xfe, 0x32, 0xfe, 0x32, 0xfe, 0x32, 0xfe, 0x32, 0xfe, 0x32, 0xfe, 0x32, 0xfe, 0x32, 0xfe, 0x32, 0xfe, 0x32, 0xfe, 0x32, 0xfe, 0x32, 0xfe, 0x32, 0xfe, 0x32, 0xfe, 0x32, 0xfe, 0x32, 0xfe, 0x32,
  0xfe, 0x32, 0x5e, 0x43, 0xfe, 0x32, 0xfe, 0x32, 0xfe, 0x32, 0xfe, 0x32, 0xfe, 0x32, 0xfe, 0x32, 0xfe, 0x32, 0xfe, 0x32, 0xfe, 0x32, 0xfe, 0x32, 0xfe, 0x32, 0xfe, 0x32, 0xfe, 0x32, 0xfe, 0x32,
  0xfe, 0x32, 0xfe, 0x32, 0xfe, 0x32, 0xfe, 0x32, 0xfe, 0x32, 0xfe, 0x32, 0xfe, 0x32, 0xfe, 0x32, 0xfe, 0x32, 0xfe, 0x32, 0xfe, 0x32, 0xfe, 0x32, 0xfe, 0x32, 0xfe, 0x32, 0xfe, 0x32, 0xfe, 0x32,
  0xfe, 0x32, 0xfe, 0x32, 0xfe, 0x32, 0x5e, 0x43, 0xfe, 0x32, 0xfe, 0x32, 0xfe, 0x32, 0xfe, 0x32, 0xfe, 0x32, 0xfe, 0x32, 0xfe, 0x32, 0xfe, 0x32, 0xfe, 0x32, 0xfe, 0x32, 0xfe, 0x32, 0xfe, 0x32,
  0xfe, 0x32, 0xfe, 0x32, 0xfe, 0x32, 0xfe, 0x32, 0xfe, 0x32, 0xfe, 0x32, 0xfe, 0x32, 0xfe, 0x32, 0xfe, 0x32, 0xfe, 0x32, 0xfe, 0x32, 0xfe, 0x32, 0xfe, 0x32, 0xfe, 0x32, 0xfe, 0x32, 0xfe, 0x32,
  0xde, 0x32, 0xde, 0x32, 0xde, 0x32, 0xde, 0x32, 0xde, 0x32, 0xde, 0x32, 0xde, 0x32, 0xde, 0x32, 0xde, 0x32, 0xde, 0x32, 0xde, 0x32, 0xde, 0x32, 0xde, 0x32, 0xde, 0x32, 0xde, 0x32, 0xde, 0x32,
  0xde, 0x32, 0xde, 0x32, 0x3e, 0x43, 0xde, 0x32, 0xde, 0x32, 0xde, 0x32, 0xde, 0x32, 0xde, 0x32, 0xde, 0x32, 0xde, 0x32, 0xde, 0x32, 0xde, 0x32, 0xde, 0x32, 0xde, 0x32, 0xde, 0x32, 0xde, 0x32,
  0xde, 0x32, 0xde, 0x32, 0xde, 0x32, 0xde, 0x32, 0xde, 0x32, 0xde, 0x32, 0xde, 0x32, 0xde, 0x32, 0xde, 0x32, 0xde, 0x32, 0xde, 0x32, 0xde, 0x32, 0xde, 0x32, 0xde, 0x32, 0xde, 0x32, 0xde, 0x32,
  0xde, 0x32, 0xde, 0x32, 0xde, 0x32, 0xde, 0x32, 0x3e, 0x43, 0xde, 0x32, 0xde, 0x32, 0xde, 0x32, 0xde, 0x32, 0xde, 0x32, 0xde, 0x32, 0xde, 0x32, 0xde, 0x32, 0xde, 0x32, 0xde, 0x32, 0xde, 0x32,
  0xde, 0x32, 0xde, 0x32, 0xde, 0x32, 0xde, 0x32, 0xde, 0x32, 0xde, 0x32, 0xde, 0x32, 0xde, 0x32, 0xde, 0x32, 0xde, 0x32, 0xde, 0x32, 0xde, 0x32, 0xde, 0x32, 0xde, 0x32, 0xde, 0x32, 0xde, 0x32,
  0xde, 0x32, 0xde, 0x32, 0xde, 0x32, 0xde, 0x32, 0xde, 0x32, 0xde, 0x32, 0x3e, 0x43, 0xde, 0x32, 0xde, 0x32, 0xde, 0x32, 0xde, 0x32, 0xde, 0x32, 0xde, 0x32, 0xde, 0x32, 0xde, 0x32, 0xde, 0x32,
  0xde, 0x32, 0xde, 0x32, 0xde, 0x32, 0xde, 0x32, 0xde, 0x32, 0xde, 0x32, 0xde, 0x32, 0xde, 0x32, 0xde, 0x32, 0xde, 0x32, 0xde, 0x32, 0xde, 0x32, 0xde, 0x32, 0xde, 0x32, 0xde, 0x32, 0xde, 0x32,
  0xde, 0x32, 0xde, 0x32, 0xde, 0x32, 0xde, 0x32, 0xde, 0x32, 0xde, 0x32, 0xde, 0x32, 0xde, 0x32, 0x3e, 0x43, 0xde, 0x32, 0xde, 0x32, 0xde, 0x32, 0xde, 0x32, 0xde, 0x32, 0xde, 0x32, 0xde, 0x32,
  0xde, 0x32, 0xde, 0x32, 0xde, 0x32, 0xde, 0x32, 0xde, 0x32, 0xde, 0x32, 0xde, 0x32, 0xde, 0x32, 0xde, 0x32, 0xde, 0x32, 0xde, 0x32, 0xde, 0x32, 0xde, 0x32, 0xde, 0x32, 0xde, 0x32, 0xde, 0x32,
  0xde, 0x32, 0xde, 0x32, 0xde, 0x32, 0xde, 0x32, 0xde, 0x32, 0xde, 0x32, 0xde, 0x32, 0xde, 0x32, 0xde, 0x32, 0xde, 0x32, 0x3e, 0x43, 0xde, 0x32, 0xde, 0x32, 0xde, 0x32, 0xde, 0x32, 0xde, 0x32,
  0xde, 0x32, 0xde, 0x32, 0xde, 0x32, 0xde, 0x32, 0xde, 0x32, 0xde, 0x32, 0xde, 0x32, 0xde, 0x32, 0xde, 0x32, 0xde, 0x32, 0xde, 0x32, 0xde, 0x32, 0xde, 0x32, 0xde, 0x32, 0xde, 0x32, 0xde, 0x32,
  0xde, 0x32, 0xde, 0x32, 0xde, 0x32, 0xde, 0x32, 0xde, 0x32, 0xde, 0x32, 0xde, 0x32, 0xde, 0x32, 0xde, 0x32, 0xde, 0x32, 0xde, 0x32, 0xde, 0x32, 0x3e, 0x43, 0xde, 0x32, 0xde, 0x32, 0xde, 0x32,
  0xde, 0x32, 0xde, 0x32, 0xde, 0x32, 0xde, 0x32, 0xde, 0x32, 0xde, 0x32, 0xde, 0x32, 0xde, 0x32, 0xde, 0x32, 0xde, 0x32, 0xde, 0x32, 0xde, 0x32, 0xde, 0x32, 0xde, 0x32, 0xde, 0x32, 0xde, 0x32,
  0xde, 0x32, 0xde, 0x32, 0xde, 0x32, 0xde, 0x32, 0xde, 0x32, 0xde, 0x32, 0xde, 0x32, 0xde, 0x32, 0xde, 0x32, 0xde, 0x32, 0xde, 0x32, 0xde, 0x32, 0xde, 0x32, 0xde, 0x32, 0x3e, 0x43, 0xde, 0x32,
  0xde, 0x32, 0xde, 0x32, 0xde, 0x32, 0xde, 0x32, 0xde, 0x32, 0xde, 0x32, 0xde, 0x32, 0xde, 0x32, 0xde, 0x32, 0xde, 0x32, 0xde, 0x32, 0xde, 0x32, 0xde, 0x32, 0xde, 0x32, 0xde, 0x32, 0xde, 0x32,
  0xde, 0x32, 0xde, 0x32, 0xde, 0x32, 0xde, 0x32, 0xde, 0x32, 0xde, 0x32, 0xde, 0x32, 0xde, 0x32, 0xde, 0x32, 0xde, 0x32, 0xde, 0x32, 0xde, 0x32, 0xde, 0x32, 0xde, 0x32, 0xde, 0x32, 0xde, 0x32,
  0x3e, 0x43, 0xde, 0x32, 0xde, 0x32, 0xde, 0x32, 0xde, 0x32, 0xde, 0x32, 0xde, 0x32, 0xde, 0x32, 0xde, 0x32, 0xde, 0x32, 0xde, 0x32, 0xde, 0x32, 0xde, 0x32, 0xde, 0x32, 0xde, 0x32, 0xde, 0x32,
  0xde, 0x32, 0xde, 0x32, 0xde, 0x32, 0xde, 0x32, 0xde, 0x32, 0xde, 0x32, 0xde, 0x32, 0xde, 0x32, 0xde, 0x32, 0xde, 0x32, 0xde, 0x32, 0xde, 0x32, 0xde, 0x32, 0xde, 0x32, 0xde, 0x32, 0xde, 0x32,
  0xde, 0x32, 0xde, 0x32, 0x3e, 0x43, 0xde, 0x32, 0xde, 0x32, 0xde, 0x32, 0xde, 0x32, 0xde, 0x32, 0xde, 0x32, 0xde, 0x32, 0xde, 0x32, 0xde, 0x32, 0xde, 0x32, 0xde, 0x32, 0xde, 0x32, 0xde, 0x32,
  0xde, 0x32, 0xde, 0x32, 0xde, 0x32, 0xde, 0x32, 0xde, 0x32, 0xde, 0x32, 0xde, 0x32, 0xde, 0x32, 0xde, 0x32, 0xde, 0x32, 0xde, 0x32, 0xde, 0x32, 0xde, 0x32, 0xde, 0x32, 0xde, 0x32, 0xde, 0x32,
  0x1e, 0x43, 0x1e, 0x43, 0x1e, 0x43, 0x1e, 0x43, 0x1e, 0x43, 0x1e, 0x43, 0x1e, 0x43, 0x1e, 0x43, 0x1e, 0x43, 0x1e, 0x43, 0x1e, 0x43, 0x1e, 0x43, 0x1e, 0x43, 0x1e, 0x43, 0x1e, 0x43, 0x1e, 0x43,
  0x1e, 0x43, 0x7e, 0x4b, 0x1e, 0x43, 0x1e, 0x43, 0x1e, 0x43, 0x1e, 0x43, 0x1e, 0x43, 0x1e, 0x43, 0x1e, 0x43, 0x1e, 0x43, 0x1e, 0x43, 0x1e, 0x43, 0x1e, 0x43, 0x1e, 0x43, 0x1e, 0x43, 0x1e, 0x43,
  0x1e, 0x43, 0x1e, 0x43, 0x1e, 0x43, 0x1e, 0x43, 0x1e, 0x43, 0x1e, 0x43, 0x1e, 0x43, 0x1e, 0x43, 0x1e, 0x43, 0x1e, 0x43, 0x1e, 0x43, 0x1e, 0x43, 0x1e, 0x43, 0x1e, 0x43, 0x1e, 0x43, 0x1e, 0x43,
  0x1e, 0x43, 0x1e, 0x43, 0x1e, 0x43, 0x7e, 0x4b, 0x1e, 0x43, 0x1e, 0x43, 0x1e, 0x43, 0x1e, 0x43, 0x1e, 0x43, 0x1e, 0x43, 0x1e, 0x43, 0x1e, 0x43, 0x1e, 0x43, 0x1e, 0x43, 0x1e, 0x43, 0x1e, 0x43,
  0x1e, 0x43, 0x1e, 0x43, 0x1e, 0x43, 0x1e, 0x43, 0x1e, 0x43, 0x1e, 0x43, 0x1e, 0x43, 0x1e, 0x43, 0x1e, 0x43, 0x1e, 0x43, 0x1e, 0x43, 0x1e, 0x43, 0x1e, 0x43, 0x1e, 0x43, 0x1e, 0x43, 0x1e, 0x43,
  0x1e, 0x43, 0x1e, 0x43, 0x1e, 0x43, 0x1e, 0x43, 0x1e, 0x43, 0x7e, 0x4b, 0x1e, 0x43, 0x1e, 0x43, 0x1e, 0x43, 0x1e, 0x43, 0x1e, 0x43, 0x1e, 0x43, 0x1e, 0x43, 0x1e, 0x43, 0x1e, 0x43, 0x1e, 0x43,
  0x1e, 0x43, 0x1e, 0x43, 0x1e, 0x43, 0x1e, 0x43, 0x1e, 0x43, 0x1e, 0x43, 0x1e, 0x43, 0x1e, 0x43, 0x1e, 0x43, 0x1e, 0x43, 0x1e, 0x43, 0x1e, 0x43, 0x1e, 0x43, 0x1e, 0x43, 0x1e, 0x43, 0x1e, 0x43,
  0x1e, 0x43, 0x1e, 0x43, 0x1e, 0x43, 0x1e, 0x43, 0x1e, 0x43, 0x1e, 0x43, 0x1e, 0x43, 0x7e, 0x4b, 0x1e, 0x43, 0x1e, 0x43, 0x1e, 0x43, 0x1e, 0x43, 0x1e, 0x43, 0x1e, 0x43, 0x1e, 0x43, 0x1e, 0x43,
  0x1e, 0x43, 0x1e, 0x43, 0x1e, 0x43, 0x1e, 0x43, 0x1e, 0x43, 0x1e, 0x43, 0x1e, 0x43, 0x1e, 0x43, 0x1e, 0x43, 0x1e, 0x43, 0x1e, 0x43, 0x1e, 0x43, 0x1e, 0x43, 0x1e, 0x43, 0x1e, 0x43, 0x1e, 0x43,
  0x1e, 0x43, 0x1e, 0x43, 0x1e, 0x43, 0x1e, 0x43, 0x1e, 0x43, 0x1e, 0x43, 0x1e, 0x43, 0x1e, 0x43, 0x1e, 0x43, 0x7e, 0x4b, 0x1e, 0x43, 0x1e, 0x43, 0x1e, 0x43, 0x1e, 0x43, 0x1e, 0x43, 0x1e, 0x43,
  0x1e, 0x43, 0x1e, 0x43, 0x1e, 0x43, 0x1e, 0x43, 0x1e, 0x43, 0x1e, 0x43, 0x1e, 0x43, 0x1e, 0x43, 0x1e, 0x43, 0x1e, 0x43, 0x1e, 0x43, 0x1e, 0x43, 0x1e, 0x43, 0x1e, 0x43, 0x1e, 0x43, 0x1e, 0x43,
  0x1e, 0x43, 0x1e, 0x43, 0x1e, 0x43, 0x1e, 0x43, 0x1e, 0x43, 0x1e, 0x43, 0x1e, 0x43, 0x1e, 0x43, 0x1e, 0x43, 0x1e, 0x43, 0x1e, 0x43, 0x7e, 0x4b, 0x1e, 0x43, 0x1e, 0x43, 0x1e, 0x43, 0x1e, 0x43,
  0x1e, 0x43, 0x1e, 0x43, 0x1e, 0x43, 0x1e, 0x43, 0x1e, 0x43, 0x1e, 0x43, 0x1e, 0x43, 0x1e, 0x43, 0x1e, 0x43, 0x1e, 0x43, 0x1e, 0x43, 0x1e, 0x43, 0x1e, 0x43, 0x1e, 0x43, 0x1e, 0x43, 0x1e, 0x43,
  0x1e, 0x43, 0x1e, 0x43, 0x1e, 0x43, 0x1e, 0x43, 0x1e, 0x43, 0x1e, 0x43, 0x1e, 0x43, 0x1e, 0x43, 0x1e, 0x43, 0x1e, 0x43, 0x1e, 0x43, 0x1e, 0x43, 0x1e, 0x43, 0x7e, 0x4b, 0x1e, 0x43, 0x1e, 0x43,
  0x1e, 0x43, 0x1e, 0x43, 0x1e, 0x43, 0x1e, 0x43, 0x1e, 0x43, 0x1e, 0x43, 0x1e, 0x43, 0x1e, 0x43, 0x1e, 0x43, 0x1e, 0x43, 0x1e, 0x43, 0x1e, 0x43, 0x1e, 0x43, 0x1e, 0x43, 0x1e, 0x43, 0x1e, 0x43,
  0x1e, 0x43, 0x1e, 0x43, 0x1e, 0x43, 0x1e, 0x43, 0x1e, 0x43, 0x1e, 0x43, 0x1e, 0x43, 0x1e, 0x43, 0x1e, 0x43, 0x1e, 0x43, 0x1e, 0x43, 0x1e, 0x43, 0x1e, 0x43, 0x1e, 0x43, 0x1e, 0x43, 0x7e, 0x4b,
  0x1e, 0x43, 0x1e, 0x43, 0x1e, 0x43, 0x1e, 0x43, 0x1e, 0x43, 0x1e, 0x43, 0x1e, 0x43, 0x1e, 0x43, 0x1e, 0x43, 0x1e, 0x43, 0x1e, 0x43, 0x1e, 0x43, 0x1e, 0x43, 0x1e, 0x43, 0x1e, 0x43, 0x1e, 0x43,
  0x1e, 0x43, 0x1e, 0x43, 0x1e, 0x43, 0x1e, 0x43, 0x1e, 0x43, 0x1e, 0x43, 0x1e, 0x43, 0x1e, 0x43, 0x1e, 0x43, 0x1e, 0x43, 0x1e, 0x43, 0x1e, 0x43, 0x1e, 0x43, 0x1e, 0x43, 0x1e, 0x43, 0x1e, 0x43,
  0x1e, 0x43, 0x7e, 0x4b, 0x1e, 0x43, 0x1e, 0x43, 0x1e, 0x43, 0x1e, 0x43, 0x1e, 0x43, 0x1e, 0x43, 0x1e, 0x43, 0x1e, 0x43, 0x1e, 0x43, 0x1e, 0x43, 0x1e, 0x43, 0x1e, 0x43, 0x1e, 0x43, 0x1e, 0x43,
  0x1e, 0x43, 0x1e, 0x43, 0x1e, 0x43, 0x1e, 0x43, 0x1e, 0x43, 0x1e, 0x43, 0x1e, 0x43, 0x1e, 0x43, 0x1e, 0x43, 0x1e, 0x43, 0x1e, 0x43, 0x1e, 0x43, 0x1e, 0x43, 0x1e, 0x43, 0x1e, 0x43, 0x1e, 0x43,
  0xde, 0x32, 0xde, 0x32, 0xde, 0x32, 0xde, 0x32, 0xde, 0x32, 0xde, 0x32, 0xde, 0x32, 0xde, 0x32, 0xde, 0x32, 0xde, 0x32, 0xde, 0x32, 0xde, 0x32, 0xde, 0x32, 0xde, 0x32, 0xde, 0x32, 0xde, 0x32,
  0x3e, 0x43, 0xde, 0x32, 0xde, 0x32, 0xde, 0x32, 0xde, 0x32, 0xde, 0x32, 0xde, 0x32, 0xde, 0x32, 0xde, 0x32, 0xde, 0x32, 0xde, 0x32, 0xde, 0x32, 0xde, 0x32, 0xde, 0x32, 0xde, 0x32, 0xde, 0x32,
  0xde, 0x32, 0xde, 0x32, 0xde, 0x32, 0xde, 0x32, 0xde, 0x32, 0xde, 0x32, 0xde, 0x32, 0xde, 0x32, 0xde, 0x32, 0xde, 0x32, 0xde, 0x32, 0xde, 0x32, 0xde, 0x32, 0xde, 0x32, 0xde, 0x32, 0xde, 0x32,
  0xde, 0x32, 0xde, 0x32, 0x3e, 0x43, 0xde, 0x32, 0xde, 0x32, 0xde, 0x32, 0xde, 0x32, 0xde, 0x32, 0xde, 0x32, 0xde, 0x32, 0xde, 0x32, 0xde, 0x32, 0xde, 0x32, 0xde, 0x32, 0xde, 0x32, 0xde, 0x32,
  0xde, 0x32, 0xde, 0x32, 0xde, 0x32, 0xde, 0x32, 0xde, 0x32, 0xde, 0x32, 0xde, 0x32, 0xde, 0x32, 0xde, 0x32, 0xde, 0x32, 0xde, 0x32, 0xde, 0x32, 0xde, 0x32, 0xde, 0x32, 0xde, 0x32, 0xde, 0x32,
  0xde, 0x32, 0xde, 0x32, 0xde, 0x32, 0xde, 0x32, 0x3e, 0x43, 0xde, 0x32, 0xde, 0x32, 0xde, 0x32, 0xde, 0x32, 0xde, 0x32, 0xde, 0x32, 0xde, 0x32, 0xde, 0x32, 0xde, 0x32, 0xde, 0x32, 0xde, 0x32,
  0xde, 0x32, 0xde, 0x32, 0xde, 0x32, 0xde, 0x32, 0xde, 0x32, 0xde, 0x32, 0xde, 0x32, 0xde, 0x32, 0xde, 0x32, 0xde, 0x32, 0xde, 0x32, 0xde, 0x32, 0xde, 0x32, 0xde, 0x32, 0xde, 0x32, 0xde, 0x32,
  0xde, 0x32, 0xde, 0x32, 0xde, 0x32, 0xde, 0x32, 0xde, 0x32, 0xde, 0x32, 0x3e, 0x43, 0xde, 0x32, 0xde, 0x32, 0xde, 0x32, 0xde, 0x32, 0xde, 0x32, 0xde, 0x32, 0xde, 0x32, 0xde, 0x32, 0xde, 0x32,
  0xde, 0x32, 0xde, 0x32, 0xde, 0x32, 0xde, 0x32, 0xde, 0x32, 0xde, 0x32, 0xde, 0x32, 0xde, 0x32, 0xde, 0x32, 0xde, 0x32, 0xde, 0x32, 0xde, 0x32, 0xde, 0x32, 0xde, 0x32, 0xde, 0x32, 0xde, 0x32,
  0xde, 0x32, 0xde, 0x32, 0xde, 0x32, 0xde, 0x32, 0xde, 0x32, 0xde, 0x32, 0xde, 0x32, 0xde, 0x32, 0x3e, 0x43, 0xde, 0x32, 0xde, 0x32, 0xde, 0x32, 0xde, 0x32, 0xde, 0x32, 0xde, 0x32, 0xde, 0x32,
  0xde, 0x32, 0xde, 0x32, 0xde, 0x32, 0xde, 0x32, 0xde, 0x32, 0xde, 0x32, 0xde, 0x32, 0xde, 0x32, 0xde, 0x32, 0xde, 0x32, 0xde, 0x32, 0xde, 0x32, 0xde, 0x32, 0xde, 0x32, 0xde, 0x32, 0xde, 0x32,
  0xde, 0x32, 0xde, 0x32, 0xde, 0x32, 0xde, 0x32, 0xde, 0x32, 0xde, 0x32, 0xde, 0x32, 0xde, 0x32, 0xde, 0x32, 0xde, 0x32, 0x3e, 0x43, 0xde, 0x32, 0xde, 0x32, 0xde, 0x32, 0xde, 0x32, 0xde, 0x32,
  0xde, 0x32, 0xde, 0x32, 0xde, 0x32, 0xde, 0x32, 0xde, 0x32, 0xde, 0x32, 0xde, 0x32, 0xde, 0x32, 0xde, 0x32, 0xde, 0x32, 0xde, 0x32, 0xde, 0x32, 0xde, 0x32, 0xde, 0x32, 0xde, 0x32, 0xde, 0x32,
  0xde, 0x32, 0xde, 0x32, 0xde, 0x32, 0xde, 0x32, 0xde, 0x32, 0xde, 0x32, 0xde, 0x32, 0xde, 0x32, 0xde, 0x32, 0xde, 0x32, 0xde, 0x32, 0xde, 0x32, 0x3e, 0x43, 0xde, 0x32, 0xde, 0x32, 0xde, 0x32,
  0xde, 0x32, 0xde, 0x32, 0xde, 0x32, 0xde, 0x32, 0xde, 0x32, 0xde, 0x32, 0xde, 0x32, 0xde, 0x32, 0xde, 0x32, 0xde, 0x32, 0xde, 0x32, 0xde, 0x32, 0xde, 0x32, 0xde, 0x32, 0xde, 0x32, 0xde, 0x32,
  0xde, 0x32, 0xde, 0x32, 0xde, 0x32, 0xde, 0x32, 0xde, 0x32, 0xde, 0x32, 0xde, 0x32, 0xde, 0x32, 0xde, 0x32, 0xde, 0x32, 0xde, 0x32, 0xde, 0x32, 0xde, 0x32, 0xde, 0x32, 0x3e, 0x43, 0xde, 0x32,
  0xde, 0x32, 0xde, 0x32, 0xde, 0x32, 0xde, 0x32, 0xde, 0x32, 0xde, 0x32, 0xde, 0x32, 0xde, 0x32, 0xde, 0x32, 0xde, 0x32, 0xde, 0x32, 0xde, 0x32, 0xde, 0x32, 0xde, 0x32, 0xde, 0x32, 0xde, 0x32,
  0xde, 0x32, 0xde, 0x32, 0xde, 0x32, 0xde, 0x32, 0xde, 0x32, 0xde, 0x32, 0xde, 0x32, 0xde, 0x32, 0xde, 0x32, 0xde, 0x32, 0xde, 0x32, 0xde, 0x32, 0xde, 0x32, 0xde, 0x32, 0xde, 0x32, 0xde, 0x32,
  0x3e, 0x43, 0xde, 0x32, 0xde, 0x32, 0xde, 0x32, 0xde, 0x32, 0xde, 0x32, 0xde, 0x32, 0xde, 0x32, 0xde, 0x32, 0xde, 0x32, 0xde, 0x32, 0xde, 0x32, 0xde, 0x32, 0xde, 0x32, 0xde, 0x32, 0xde, 0x32,
  0xde, 0x32, 0xde, 0x32, 0xde, 0x32, 0xde, 0x32, 0xde, 0x32, 0xde, 0x32, 0xde, 0x32, 0xde, 0x32, 0xde, 0x32, 0xde, 0x32, 0xde, 0x32, 0xde, 0x32, 0xde, 0x32, 0xde, 0x32, 0xde, 0x32, 0xde, 0x32,
  0xfe, 0x3a, 0xfe, 0x3a, 0xfe, 0x3a, 0xfe, 0x3a, 0xfe, 0x3a, 0xfe, 0x3a, 0xfe, 0x3a, 0xfe, 0x3a, 0xfe, 0x3a, 0xfe, 0x3a, 0xfe, 0x3a, 0xfe, 0x3a, 0xfe, 0x3a, 0xfe, 0x3a, 0xfe, 0x3a, 0x5e, 0x4b,
  0xfe, 0x3a, 0xfe, 0x3a, 0xfe, 0x3a, 0xfe, 0x3a, 0xfe, 0x3a, 0xfe, 0x3a, 0xfe, 0x3a, 0xfe, 0x3a, 0xfe, 0x3a, 0xfe, 0x3a, 0xfe, 0x3a, 0xfe, 0x3a, 0xfe, 0x3a, 0xfe, 0x3a, 0xfe, 0x3a, 0xfe, 0x3a,
  0xfe, 0x3a, 0xfe, 0x3a, 0xfe, 0x3a, 0xfe, 0x3a, 0xfe, 0x3a, 0xfe, 0x3a, 0xfe, 0x3a, 0xfe, 0x3a, 0xfe, 0x3a, 0xfe, 0x3a, 0xfe, 0x3a, 0xfe, 0x3a, 0xfe, 0x3a, 0xfe, 0x3a, 0xfe, 0x3a, 0xfe, 0x3a,
  0xfe, 0x3a, 0x5e, 0x4b, 0xfe, 0x3a, 0xfe, 0x3a, 0xfe, 0x3a, 0xfe, 0x3a, 0xfe, 0x3a, 0xfe, 0x3a, 0xfe, 0x3a, 0xfe, 0x3a, 0xfe, 0x3a, 0xfe, 0x3a, 0xfe, 0x3a, 0xfe, 0x3a, 0xfe, 0x3a, 0xfe, 0x3a,
  0xfe, 0x3a, 0xfe, 0x3a, 0xfe, 0x3a, 0xfe, 0x3a, 0xfe, 0x3a, 0xfe, 0x3a, 0xfe, 0x3a, 0xfe, 0x3a, 0xfe, 0x3a, 0xfe, 0x3a, 0xfe, 0x3a, 0xfe, 0x3a, 0xfe, 0x3a, 0xfe, 0x3a, 0xfe, 0x3a, 0xfe, 0x3a,
  0xfe, 0x3a, 0xfe, 0x3a, 0xfe, 0x3a, 0x5e, 0x4b, 0xfe, 0x3a, 0xfe, 0x3a, 0xfe, 0x3a, 0xfe, 0x3a, 0xfe, 0x3a, 0xfe, 0x3a, 0xfe, 0x3a, 0xfe, 0x3a, 0xfe, 0x3a, 0xfe, 0x3a, 0xfe, 0x3a, 0xfe, 0x3a,
  0xfe, 0x3a, 0xfe, 0x3a, 0xfe, 0x3a, 0xfe, 0x3a, 0xfe, 0x3a, 0xfe, 0x3a, 0xfe, 0x3a, 0xfe, 0x3a, 0xfe, 0x3a, 0xfe, 0x3a, 0xfe, 0x3a, 0xfe, 0x3a, 0xfe, 0x3a, 0xfe, 0x3a, 0xfe, 0x3a, 0xfe, 0x3a,
  0xfe, 0x3a, 0xfe, 0x3a, 0xfe, 0x3a, 0xfe, 0x3a, 0xfe, 0x3a, 0x5e, 0x4b, 0xfe, 0x3a, 0xfe, 0x3a, 0xfe, 0x3a, 0xfe, 0x3a, 0xfe, 0x3a, 0xfe, 0x3a, 0xfe, 0x3a, 0xfe, 0x3a, 0xfe, 0x3a, 0xfe, 0x3a,
  0xfe, 0x3a, 0xfe, 0x3a, 0xfe, 0x3a, 0xfe, 0x3a, 0xfe, 0x3a, 0xfe, 0x3a, 0xfe, 0x3a, 0xfe, 0x3a, 0xfe, 0x3a, 0xfe, 0x3a, 0xfe, 0x3a, 0xfe, 0x3a, 0xfe, 0x3a, 0xfe, 0x3a, 0xfe, 0x3a, 0xfe, 0x3a,
  0xfe, 0x3a, 0xfe, 0x3a, 0xfe, 0x3a, 0xfe, 0x3a, 0xfe, 0x3a, 0xfe, 0x3a, 0xfe, 0x3a, 0x5e, 0x4b, 0xfe, 0x3a, 0xfe, 0x3a, 0xfe, 0x3a, 0xfe, 0x3a, 0xfe, 0x3a, 0xfe, 0x3a, 0xfe, 0x3a, 0xfe, 0x3a,
  0xfe, 0x3a, 0xfe, 0x3a, 0xfe, 0x3a, 0xfe, 0x3a, 0xfe, 0x3a, 0xfe, 0x3a, 0xfe, 0x3a, 0xfe, 0x3a, 0xfe, 0x3a, 0xfe, 0x3a, 0xfe, 0x3a, 0xfe, 0x3a, 0xfe, 0x3a, 0xfe, 0x3a, 0xfe, 0x3a, 0xfe, 0x3a,
  0xfe, 0x3a, 0xfe, 0x3a, 0xfe, 0x3a, 0xfe, 0x3a, 0xfe, 0x3a, 0xfe, 0x3a, 0xfe, 0x3a, 0xfe, 0x3a, 0xfe, 0x3a, 0x5e, 0x4b, 0xfe, 0x3a, 0xfe, 0x3a, 0xfe, 0x3a, 0xfe, 0x3a, 0xfe, 0x3a, 0xfe, 0x3a,
  0xfe, 0x3a, 0xfe, 0x3a, 0xfe, 0x3a, 0xfe, 0x3a, 0xfe, 0x3a, 0xfe, 0x3a, 0xfe, 0x3a, 0xfe, 0x3a, 0xfe, 0x3a, 0xfe, 0x3a, 0xfe, 0x3a, 0xfe, 0x3a, 0xfe, 0x3a, 0xfe, 0x3a, 0xfe, 0x3a, 0xfe, 0x3a,
  0xfe, 0x3a, 0xfe, 0x3a, 0xfe, 0x3a, 0xfe, 0x3a, 0xfe, 0x3a, 0xfe, 0x3a, 0xfe, 0x3a, 0xfe, 0x3a, 0xfe, 0x3a, 0xfe, 0x3a, 0xfe, 0x3a, 0x5e, 0x4b, 0xfe, 0x3a, 0xfe, 0x3a, 0xfe, 0x3a, 0xfe, 0x3a,
  0xfe, 0x3a, 0xfe, 0x3a, 0xfe, 0x3a, 0xfe, 0x3a, 0xfe, 0x3a, 0xfe, 0x3a, 0xfe, 0x3a, 0xfe, 0x3a, 0xfe, 0x3a, 0xfe, 0x3a, 0xfe, 0x3a, 0xfe, 0x3a, 0xfe, 0x3a, 0xfe, 0x3a, 0xfe, 0x3a, 0xfe, 0x3a,
  0xfe, 0x3a, 0xfe, 0x3a, 0xfe, 0x3a, 0xfe, 0x3a, 0xfe, 0x3a, 0xfe, 0x3a, 0xfe, 0x3a, 0xfe, 0x3a, 0xfe, 0x3a, 0xfe, 0x3a, 0xfe, 0x3a, 0xfe, 0x3a, 0xfe, 0x3a, 0x5e, 0x4b, 0xfe, 0x3a, 0xfe, 0x3a,
  0xfe, 0x3a, 0xfe, 0x3a, 0xfe, 0x3a, 0xfe, 0x3a, 0xfe, 0x3a, 0xfe, 0x3a, 0xfe, 0x3a, 0xfe, 0x3a, 0xfe, 0x3a, 0xfe, 0x3a, 0xfe, 0x3a, 0xfe, 0x3a, 0xfe, 0x3a, 0xfe, 0x3a, 0xfe, 0x3a, 0xfe, 0x3a,
  0xfe, 0x3a, 0xfe, 0x3a, 0xfe, 0x3a, 0xfe, 0x3a, 0xfe, 0x3a, 0xfe, 0x3a, 0xfe, 0x3a, 0xfe, 0x3a, 0xfe, 0x3a, 0xfe, 0x3a, 0xfe, 0x3a, 0xfe, 0x3a, 0xfe, 0x3a, 0xfe, 0x3a, 0xfe, 0x3a, 0x5e, 0x4b,
  0xfe, 0x3a, 0xfe, 0x3a, 0xfe, 0x3a, 0xfe, 0x3a, 0xfe, 0x3a, 0xfe, 0x3a, 0xfe, 0x3a, 0xfe, 0x3a, 0xfe, 0x3a, 0xfe, 0x3a, 0xfe, 0x3a, 0xfe, 0x3a, 0xfe, 0x3a, 0xfe, 0x3a, 0xfe, 0x3a, 0xfe, 0x3a,
  0xfe, 0x3a, 0xfe, 0x3a, 0xfe, 0x3a, 0xfe, 0x3a, 0xfe, 0x3a, 0xfe, 0x3a, 0xfe, 0x3a, 0xfe, 0x3a, 0xfe, 0x3a, 0xfe, 0x3a, 0xfe, 0x3a, 0xfe, 0x3a, 0xfe, 0x3a, 0xfe, 0x3a, 0xfe, 0x3a, 0xfe, 0x3a,
  0xbe, 0x2a, 0xbe, 0x2a, 0xbe, 0x2a, 0xbe, 0x2a, 0xbe, 0x2a, 0xbe, 0x2a, 0xbe, 0x2a, 0xbe, 0x2a, 0xbe, 0x2a, 0xbe, 0x2a, 0xbe, 0x2a, 0xbe, 0x2a, 0xbe, 0x2a, 0xbe, 0x2a, 0x1e, 0x3b, 0xbe, 0x2a,
  0xbe, 0x2a, 0xbe, 0x2a, 0xbe, 0x2a, 0xbe, 0x2a, 0xbe, 0x2a, 0xbe, 0x2a, 0xbe, 0x2a, 0xbe, 0x2a, 0xbe, 0x2a, 0xbe, 0x2a, 0xbe, 0x2a, 0xbe, 0x2a, 0xbe, 0x2a, 0xbe, 0x2a, 0xbe, 0x2a, 0xbe, 0x2a,
  0xbe, 0x2a, 0xbe, 0x2a, 0xbe, 0x2a, 0xbe, 0x2a, 0xbe, 0x2a, 0xbe, 0x2a, 0xbe, 0x2a, 0xbe, 0x2a, 0xbe, 0x2a, 0xbe, 0x2a, 0xbe, 0x2a, 0xbe, 0x2a, 0xbe, 0x2a, 0xbe, 0x2a, 0xbe, 0x2a, 0xbe, 0x2a,
  0x1e, 0x3b, 0xbe, 0x2a, 0xbe, 0x2a, 0xbe, 0x2a, 0xbe, 0x2a, 0xbe, 0x2a, 0xbe, 0x2a, 0xbe, 0x2a, 0xbe, 0x2a, 0xbe, 0x2a, 0xbe, 0x2a, 0xbe, 0x2a, 0xbe, 0x2a, 0xbe, 0x2a, 0xbe, 0x2a, 0xbe, 0x2a,
  0xbe, 0x2a, 0xbe, 0x2a, 0xbe, 0x2a, 0xbe, 0x2a, 0xbe, 0x2a, 0xbe, 0x2a, 0xbe, 0x2a, 0xbe, 0x2a, 0xbe, 0x2a, 0xbe, 0x2a, 0xbe, 0x2a, 0xbe, 0x2a, 0xbe, 0x2a, 0xbe, 0x2a, 0xbe, 0x2a, 0xbe, 0x2a,
  0xbe, 0x2a, 0xbe, 0x2a, 0x1e, 0x3b, 0xbe, 0x2a, 0xbe, 0x2a, 0xbe, 0x2a, 0xbe, 0x2a, 0xbe, 0x2a, 0xbe, 0x2a, 0xbe, 0x2a, 0xbe, 0x2a, 0xbe, 0x2a, 0xbe, 0x2a, 0xbe, 0x2a, 0xbe, 0x2a, 0xbe, 0x2a,
  0xbe, 0x2a, 0xbe, 0x2a, 0xbe, 0x2a, 0xbe, 0x2a, 0xbe, 0x2a, 0xbe, 0x2a, 0xbe, 0x2a, 0xbe, 0x2a, 0xbe, 0x2a, 0xbe, 0x2a, 0xbe, 0x2a, 0xbe, 0x2a, 0xbe, 0x2a, 0xbe, 0x2a, 0xbe, 0x2a, 0xbe, 0x2a,
  0xbe, 0x2a, 0xbe, 0x2a, 0xbe, 0x2a, 0xbe, 0x2a, 0x1e, 0x3b, 0xbe, 0x2a, 0xbe, 0x2a, 0xbe, 0x2a, 0xbe, 0x2a, 0xbe, 0x2a, 0xbe, 0x2a, 0xbe, 0x2a, 0xbe, 0x2a, 0xbe, 0x2a, 0xbe, 0x2a, 0xbe, 0x2a,
  0xbe, 0x2a, 0xbe, 0x2a, 0xbe, 0x2a, 0xbe, 0x2a, 0xbe, 0x2a, 0xbe, 0x2a, 0xbe, 0x2a, 0xbe, 0x2a, 0xbe, 0x2a, 0xbe, 0x2a, 0xbe, 0x2a, 0xbe, 0x2a, 0xbe, 0x2a, 0xbe, 0x2a, 0xbe, 0x2a, 0xbe, 0x2a,
  0xbe, 0x2a, 0xbe, 0x2a, 0xbe, 0x2a, 0xbe, 0x2a, 0xbe, 0x2a, 0xbe, 0x2a, 0x1e, 0x3b, 0xbe, 0x2a, 0xbe, 0x2a, 0xbe, 0x2a, 0xbe, 0x2a, 0xbe, 0x2a, 0xbe, 0x2a, 0xbe, 0x2a, 0xbe, 0x2a, 0xbe, 0x2a,
  0xbe, 0x2a, 0xbe, 0x2a, 0xbe, 0x2a, 0xbe, 0x2a, 0xbe, 0x2a, 0xbe, 0x2a, 0xbe, 0x2a, 0xbe, 0x2a, 0xbe, 0x2a, 0xbe, 0x2a, 0xbe, 0x2a, 0xbe, 0x2a, 0xbe, 0x2a, 0xbe, 0x2a, 0xbe, 0x2a, 0xbe, 0x2a,
  0xbe, 0x2a, 0xbe, 0x2a, 0xbe, 0x2a, 0xbe, 0x2a, 0xbe, 0x2a, 0xbe, 0x2a, 0xbe, 0x2a, 0xbe, 0x2a, 0x1e, 0x3b, 0xbe, 0x2a, 0xbe, 0x2a, 0xbe, 0x2a, 0xbe, 0x2a, 0xbe, 0x2a, 0xbe, 0x2a, 0xbe, 0x2a,
  0xbe, 0x2a, 0xbe, 0x2a, 0xbe, 0x2a, 0xbe, 0x2a, 0xbe, 0x2a, 0xbe, 0x2a, 0xbe, 0x2a, 0xbe, 0x2a, 0xbe, 0x2a, 0xbe, 0x2a, 0xbe, 0x2a, 0xbe, 0x2a, 0xbe, 0x2a, 0xbe, 0x2a, 0xbe, 0x2a, 0xbe, 0x2a,
  0xbe, 0x2a, 0xbe, 0x2a, 0xbe, 0x2a, 0xbe, 0x2a, 0xbe, 0x2a, 0xbe, 0x2a, 0xbe, 0x2a, 0xbe, 0x2a, 0xbe, 0x2a, 0xbe, 0x2a, 0x1e, 0x3b, 0xbe, 0x2a, 0xbe, 0x2a, 0xbe, 0x2a, 0xbe, 0x2a, 0xbe, 0x2a,
  0xbe, 0x2a, 0xbe, 0x2a, 0xbe, 0x2a, 0xbe, 0x2a, 0xbe, 0x2a, 0xbe, 0x2a, 0xbe, 0x2a, 0xbe, 0x2a, 0xbe, 0x2a, 0xbe, 0x2a, 0xbe, 0x2a, 0xbe, 0x2a, 0xbe, 0x2a, 0xbe, 0x2a, 0xbe, 0x2a, 0xbe, 0x2a,
  0xbe, 0x2a, 0xbe, 0x2a, 0xbe, 0x2a, 0xbe, 0x2a, 0xbe, 0x2a, 0xbe, 0x2a, 0xbe, 0x2a, 0xbe, 0x2a, 0xbe, 0x2a, 0xbe, 0x2a, 0xbe, 0x2a, 0xbe, 0x2a, 0x1e, 0x3b, 0xbe, 0x2a, 0xbe, 0x2a, 0xbe, 0x2a,
  0xbe, 0x2a, 0xbe, 0x2a, 0xbe, 0x2a, 0xbe, 0x2a, 0xbe, 0x2a, 0xbe, 0x2a, 0xbe, 0x2a, 0xbe, 0x2a, 0xbe, 0x2a, 0xbe, 0x2a, 0xbe, 0x2a, 0xbe, 0x2a, 0xbe, 0x2a, 0xbe, 0x2a, 0xbe, 0x2a, 0xbe, 0x2a,
  0xbe, 0x2a, 0xbe, 0x2a, 0xbe, 0x2a, 0xbe, 0x2a, 0xbe, 0x2a, 0xbe, 0x2a, 0xbe, 0x2a, 0xbe, 0x2a, 0xbe, 0x2a, 0xbe, 0x2a, 0xbe, 0x2a, 0xbe, 0x2a, 0xbe, 0x2a, 0xbe, 0x2a, 0x1e, 0x3b, 0xbe, 0x2a,
  0xbe, 0x2a, 0xbe, 0x2a, 0xbe, 0x2a, 0xbe, 0x2a, 0xbe, 0x2a, 0xbe, 0x2a, 0xbe, 0x2a, 0xbe, 0x2a, 0xbe, 0x2a, 0xbe, 0x2a, 0xbe, 0x2a, 0xbe, 0x2a, 0xbe, 0x2a, 0xbe, 0x2a, 0xbe, 0x2a, 0xbe, 0x2a,
  0xbe, 0x2a, 0xbe, 0x2a, 0xbe, 0x2a, 0xbe, 0x2a, 0xbe, 0x2a, 0xbe, 0x2a, 0xbe, 0x2a, 0xbe, 0x2a, 0xbe, 0x2a, 0xbe, 0x2a, 0xbe, 0x2a, 0xbe, 0x2a, 0xbe, 0x2a, 0xbe, 0x2a, 0xbe, 0x2a, 0xbe, 0x2a,
  0xbe, 0x2a, 0xbe, 0x2a, 0xbe, 0x2a, 0xbe, 0x2a, 0xbe, 0x2a, 0xbe, 0x2a, 0xbe, 0x2a, 0xbe, 0x2a, 0xbe, 0x2a, 0xbe, 0x2a, 0xbe, 0x2a, 0xbe, 0x2a, 0xbe, 0x2a, 0x1e, 0x3b, 0xbe, 0x2a, 0xbe, 0x2a,
  0xbe, 0x2a, 0xbe, 0x2a, 0xbe, 0x2a, 0xbe, 0x2a, 0xbe, 0x2a, 0xbe, 0x2a, 0xbe, 0x2a, 0xbe, 0x2a, 0xbe, 0x2a, 0xbe, 0x2a, 0xbe, 0x2a, 0xbe, 0x2a, 0xbe, 0x2a, 0xbe, 0x2a, 0xbe, 0x2a, 0xbe, 0x2a,
  0xbe, 0x2a, 0xbe, 0x2a, 0xbe, 0x2a, 0xbe, 0x2a, 0xbe, 0x2a, 0xbe, 0x2a, 0xbe, 0x2a, 0xbe, 0x2a, 0xbe, 0x2a, 0xbe, 0x2a, 0xbe, 0x2a, 0xbe, 0x2a, 0xbe, 0x2a, 0xbe, 0x2a, 0xbe, 0x2a, 0x1e, 0x3b,
  0xbe, 0x2a, 0xbe, 0x2a, 0xbe, 0x2a, 0xbe, 0x2a, 0xbe, 0x2a, 0xbe, 0x2a, 0xbe, 0x2a, 0xbe, 0x2a, 0xbe, 0x2a, 0xbe, 0x2a, 0xbe, 0x2a, 0xbe, 0x2a, 0xbe, 0x2a, 0xbe, 0x2a, 0xbe, 0x2a, 0xbe, 0x2a,
  0xbe, 0x2a, 0xbe, 0x2a, 0xbe, 0x2a, 0xbe, 0x2a, 0xbe, 0x2a, 0xbe, 0x2a, 0xbe, 0x2a, 0xbe, 0x2a, 0xbe, 0x2a, 0xbe, 0x2a, 0xbe, 0x2a, 0xbe, 0x2a, 0xbe, 0x2a, 0xbe, 0x2a, 0xbe, 0x2a, 0xbe, 0x2a,
  0xbe, 0x2a, 0x1e, 0x3b, 0xbe, 0x2a, 0xbe, 0x2a, 0xbe, 0x2a, 0xbe, 0x2a, 0xbe, 0x2a, 0xbe, 0x2a, 0xbe, 0x2a, 0xbe, 0x2a, 0xbe, 0x2a, 0xbe, 0x2a, 0xbe, 0x2a, 0xbe, 0x2a, 0xbe, 0x2a, 0xbe, 0x2a,
  0xbe, 0x2a, 0xbe, 0x2a, 0xbe, 0x2a, 0xbe, 0x2a, 0xbe, 0x2a, 0xbe, 0x2a, 0xbe, 0x2a, 0xbe, 0x2a, 0xbe, 0x2a, 0xbe, 0x2a, 0xbe, 0x2a, 0xbe, 0x2a, 0xbe, 0x2a, 0xbe, 0x2a, 0xbe, 0x2a, 0xbe, 0x2a,
  0xbe, 0x2a, 0xbe, 0x2a, 0xbe, 0x2a, 0x1e, 0x3b, 0xbe, 0x2a, 0xbe, 0x2a, 0xbe, 0x2a, 0xbe, 0x2a, 0xbe, 0x2a, 0xbe, 0x2a, 0xbe, 0x2a, 0xbe, 0x2a, 0xbe, 0x2a, 0xbe, 0x2a, 0xbe, 0x2a, 0xbe, 0x2a,
  0xbe, 0x2a, 0xbe, 0x2a, 0xbe, 0x2a, 0xbe, 0x2a, 0xbe, 0x2a, 0xbe, 0x2a, 0xbe, 0x2a, 0xbe, 0x2a, 0xbe, 0x2a, 0xbe, 0x2a, 0xbe, 0x2a, 0xbe, 0x2a, 0xbe, 0x2a, 0xbe, 0x2a, 0xbe, 0x2a, 0xbe, 0x2a,
  0xbe, 0x2a, 0xbe, 0x2a, 0xbe, 0x2a, 0xbe, 0x2a, 0xbe, 0x2a, 0x1e, 0x3b, 0xbe, 0x2a, 0xbe, 0x2a, 0xbe, 0x2a, 0xbe, 0x2a, 0xbe, 0x2a, 0xbe, 0x2a, 0xbe, 0x2a, 0xbe, 0x2a, 0xbe, 0x2a, 0xbe, 0x2a,
  0xbe, 0x2a, 0xbe, 0x2a, 0xbe, 0x2a, 0xbe, 0x2a, 0xbe, 0x2a, 0xbe, 0x2a, 0xbe, 0x2a, 0xbe, 0x2a, 0xbe, 0x2a, 0xbe, 0x2a, 0xbe, 0x2a, 0xbe, 0x2a, 0xbe, 0x2a, 0xbe, 0x2a, 0xbe, 0x2a, 0xbe, 0x2a,
  0xbe, 0x2a, 0xbe, 0x2a, 0xbe, 0x2a, 0xbe, 0x2a, 0xbe, 0x2a, 0xbe, 0x2a, 0xbe, 0x2a, 0x1e, 0x3b, 0xbe, 0x2a, 0xbe, 0x2a, 0xbe, 0x2a, 0xbe, 0x2a, 0xbe, 0x2a, 0xbe, 0x2a, 0xbe, 0x2a, 0xbe, 0x2a,
  0xbe, 0x2a, 0xbe, 0x2a, 0xbe, 0x2a, 0xbe, 0x2a, 0xbe, 0x2a, 0xbe, 0x2a, 0xbe, 0x2a, 0xbe, 0x2a, 0xbe, 0x2a, 0xbe, 0x2a, 0xbe, 0x2a, 0xbe, 0x2a, 0xbe, 0x2a, 0xbe, 0x2a, 0xbe, 0x2a, 0xbe, 0x2a,
  0xbe, 0x2a, 0xbe, 0x2a, 0xbe, 0x2a, 0xbe, 0x2a, 0xbe, 0x2a, 0xbe, 0x2a, 0xbe, 0x2a, 0xbe, 0x2a, 0xbe, 0x2a, 0x1e, 0x3b, 0xbe, 0x2a, 0xbe, 0x2a, 0xbe, 0x2a, 0xbe, 0x2a, 0xbe, 0x2a, 0xbe, 0x2a,
  0xbe, 0x2a, 0xbe, 0x2a, 0xbe, 0x2a, 0xbe, 0x2a, 0xbe, 0x2a, 0xbe, 0x2a, 0xbe, 0x2a, 0xbe, 0x2a, 0xbe, 0x2a, 0xbe, 0x2a, 0xbe, 0x2a, 0xbe, 0x2a, 0xbe, 0x2a, 0xbe, 0x2a, 0xbe, 0x2a, 0xbe, 0x2a,
  0xbe, 0x2a, 0xbe, 0x2a, 0xbe, 0x2a, 0xbe, 0x2a, 0xbe, 0x2a, 0xbe, 0x2a, 0xbe, 0x2a, 0xbe, 0x2a, 0xbe, 0x2a, 0xbe, 0x2a, 0xbe, 0x2a, 0x1e, 0x3b, 0xbe, 0x2a, 0xbe, 0x2a, 0xbe, 0x2a, 0xbe, 0x2a,
  0xbe, 0x2a, 0xbe, 0x2a, 0xbe, 0x2a, 0xbe, 0x2a, 0xbe, 0x2a, 0xbe, 0x2a, 0xbe, 0x2a, 0xbe, 0x2a, 0xbe, 0x2a, 0xbe, 0x2a, 0xbe, 0x2a, 0xbe, 0x2a, 0xbe, 0x2a, 0xbe, 0x2a, 0xbe, 0x2a, 0xbe, 0x2a,
  0xbe, 0x2a, 0xbe, 0x2a, 0xbe, 0x2a, 0xbe, 0x2a, 0xbe, 0x2a, 0xbe, 0x2a, 0xbe, 0x2a, 0xbe, 0x2a, 0xbe, 0x2a, 0xbe, 0x2a, 0xbe, 0x2a, 0xbe, 0x2a, 0xbe, 0x2a, 0x1e, 0x3b, 0xbe, 0x2a, 0xbe, 0x2a,
  0xbe, 0x2a, 0xbe, 0x2a, 0xbe, 0x2a, 0xbe, 0x2a, 0xbe, 0x2a, 0xbe, 0x2a, 0xbe, 0x2a, 0xbe, 0x2a, 0xbe, 0x2a, 0xbe, 0x2a, 0xbe, 0x2a, 0xbe, 0x2a, 0xbe, 0x2a, 0xbe, 0x2a, 0xbe, 0x2a, 0xbe, 0x2a,
  0xbe, 0x2a, 0xbe, 0x2a, 0xbe, 0x2a, 0xbe, 0x2a, 0xbe, 0x2a, 0xbe, 0x2a, 0xbe, 0x2a, 0xbe, 0x2a, 0xbe, 0x2a, 0xbe, 0x2a, 0xbe, 0x2a, 0xbe, 0x2a, 0xbe, 0x2a, 0xbe, 0x2a, 0xbe, 0x2a, 0x1e, 0x3b,
  0xbe, 0x2a, 0xbe, 0x2a, 0xbe, 0x2a, 0xbe, 0x2a, 0xbe, 0x2a, 0xbe, 0x2a, 0xbe, 0x2a, 0xbe, 0x2a, 0xbe, 0x2a, 0xbe, 0x2a, 0xbe, 0x2a, 0xbe, 0x2a, 0x1e, 0x3b, 0xbe, 0x2a, 0xbe, 0x2a, 0xbe, 0x2a,
  0xbe, 0x2a, 0xbe, 0x2a, 0xbe, 0x2a, 0xbe, 0x2a, 0xbe, 0x2a, 0xbe, 0x2a, 0xbe, 0x2a, 0xbe, 0x2a, 0xbe, 0x2a, 0xbe, 0x2a, 0xbe, 0x2a, 0xbe, 0x2a, 0xbe, 0x2a, 0xbe, 0x2a, 0xbe, 0x2a, 0xbe, 0x2a,
  0xbe, 0x2a, 0xbe, 0x2a, 0xbe, 0x2a, 0xbe, 0x2a, 0xbe, 0x2a, 0xbe, 0x2a, 0xbe, 0x2a, 0xbe, 0x2a, 0xbe, 0x2a, 0xbe, 0x2a, 0xbe, 0x2a, 0xbe, 0x2a, 0xbe, 0x2a, 0xbe, 0x2a, 0x1e, 0x3b, 0xbe, 0x2a,
  0xbe, 0x2a, 0xbe, 0x2a, 0xbe, 0x2a, 0xbe, 0x2a, 0xbe, 0x2a, 0xbe, 0x2a, 0xbe, 0x2a, 0xbe, 0x2a, 0xbe, 0x2a, 0xbe, 0x2a, 0xbe, 0x2a, 0xbe, 0x2a, 0xbe, 0x2a, 0xbe, 0x2a, 0xbe, 0x2a, 0xbe, 0x2a,
  0xbe, 0x2a, 0xbe, 0x2a, 0xbe, 0x2a, 0xbe, 0x2a, 0xbe, 0x2a, 0xbe, 0x2a, 0xbe, 0x2a, 0xbe, 0x2a, 0xbe, 0x2a, 0xbe, 0x2a, 0xbe, 0x2a, 0xbe, 0x2a, 0xbe, 0x2a, 0xbe, 0x2a, 0xbe, 0x2a, 0xbe, 0x2a,
  0x1e, 0x3b, 0xbe, 0x2a, 0xbe, 0x2a, 0xbe, 0x2a, 0xbe, 0x2a, 0xbe, 0x2a, 0xbe, 0x2a, 0xbe, 0x2a, 0xbe, 0x2a, 0xbe, 0x2a, 0xbe, 0x2a, 0xbe, 0x2a, 0xbe, 0x2a, 0xbe, 0x2a, 0xbe, 0x2a, 0xbe, 0x2a,
  0xbe, 0x2a, 0xbe, 0x2a, 0xbe, 0x2a, 0xbe, 0x2a, 0xbe, 0x2a, 0xbe, 0x2a, 0xbe, 0x2a, 0xbe, 0x2a, 0xbe, 0x2a, 0xbe, 0x2a, 0xbe, 0x2a, 0xbe, 0x2a, 0xbe, 0x2a, 0xbe, 0x2a, 0xbe, 0x2a, 0xbe, 0x2a,
  0xbe, 0x2a, 0xbe, 0x2a, 0x1e, 0x3b, 0xbe, 0x2a, 0xbe, 0x2a, 0xbe, 0x2a, 0xbe, 0x2a, 0xbe, 0x2a, 0xbe, 0x2a, 0xbe, 0x2a, 0xbe, 0x2a, 0xbe, 0x2a, 0xbe, 0x2a, 0xbe, 0x2a, 0xbe, 0x2a, 0xbe, 0x2a,
  0xbe, 0x2a, 0xbe, 0x2a, 0xbe, 0x2a, 0xbe, 0x2a, 0xbe, 0x2a, 0xbe, 0x2a, 0xbe, 0x2a, 0xbe, 0x2a, 0xbe, 0x2a, 0xbe, 0x2a, 0xbe, 0x2a, 0xbe, 0x2a, 0xbe, 0x2a, 0xbe, 0x2a, 0xbe, 0x2a, 0xbe, 0x2a,
  0xbe, 0x2a, 0xbe, 0x2a, 0xbe, 0x2a, 0xbe, 0x2a, 0x1e, 0x3b, 0xbe, 0x2a, 0xbe, 0x2a, 0xbe, 0x2a, 0xbe, 0x2a, 0xbe, 0x2a, 0xbe, 0x2a, 0xbe, 0x2a, 0xbe, 0x2a, 0xbe, 0x2a, 0xbe, 0x2a, 0xbe, 0x2a,
  0xbe, 0x2a, 0xbe, 0x2a, 0xbe, 0x2a, 0xbe, 0x2a, 0xbe, 0x2a, 0xbe, 0x2a, 0xbe, 0x2a, 0xbe, 0x2a, 0xbe, 0x2a, 0xbe, 0x2a, 0xbe, 0x2a, 0xbe, 0x2a, 0xbe, 0x2a, 0xbe, 0x2a, 0xbe, 0x2a, 0xbe, 0x2a,
  0xbe, 0x2a, 0xbe, 0x2a, 0xbe, 0x2a, 0xbe, 0x2a, 0xbe, 0x2a, 0xbe, 0x2a, 0x1e, 0x3b, 0xbe, 0x2a, 0xbe, 0x2a, 0xbe, 0x2a, 0xbe, 0x2a, 0xbe, 0x2a, 0xbe, 0x2a, 0xbe, 0x2a, 0xbe, 0x2a, 0xbe, 0x2a,
  0xbe, 0x2a, 0xbe, 0x2a, 0xbe, 0x2a, 0xbe, 0x2a, 0xbe, 0x2a, 0xbe, 0x2a, 0xbe, 0x2a, 0xbe, 0x2a, 0xbe, 0x2a, 0xbe, 0x2a, 0xbe, 0x2a, 0xbe, 0x2a, 0xbe, 0x2a, 0xbe, 0x2a, 0xbe, 0x2a, 0xbe, 0x2a,
  0xbe, 0x2a, 0xbe, 0x2a, 0xbe, 0x2a, 0xbe, 0x2a, 0xbe, 0x2a, 0xbe, 0x2a, 0xbe, 0x2a, 0xbe, 0x2a, 0x1e, 0x3b, 0xbe, 0x2a, 0xbe, 0x2a, 0xbe, 0x2a, 0xbe, 0x2a, 0xbe, 0x2a, 0xbe, 0x2a, 0xbe, 0x2a,
  0xbe, 0x2a, 0xbe, 0x2a, 0xbe, 0x2a, 0xbe, 0x2a, 0xbe, 0x2a, 0xbe, 0x2a, 0xbe, 0x2a, 0xbe, 0x2a, 0xbe, 0x2a, 0xbe, 0x2a, 0xbe, 0x2a, 0xbe, 0x2a, 0xbe, 0x2a, 0xbe, 0x2a, 0xbe, 0x2a, 0xbe, 0x2a,
  0xbe, 0x2a, 0xbe, 0x2a, 0xbe, 0x2a, 0xbe, 0x2a, 0xbe, 0x2a, 0xbe, 0x2a, 0xbe, 0x2a, 0xbe, 0x2a, 0xbe, 0x2a, 0xbe, 0x2a, 0x1e, 0x3b, 0xbe, 0x2a, 0xbe, 0x2a, 0xbe, 0x2a, 0xbe, 0x2a, 0xbe, 0x2a,
  0xbe, 0x2a, 0xbe, 0x2a, 0xbe, 0x2a, 0xbe, 0x2a, 0xbe, 0x2a, 0xbe, 0x2a, 0xbe, 0x2a, 0xbe, 0x2a, 0xbe, 0x2a, 0xbe, 0x2a, 0xbe, 0x2a, 0xbe, 0x2a, 0xbe, 0x2a, 0xbe, 0x2a, 0xbe, 0x2a, 0xbe, 0x2a,
  0xbe, 0x2a, 0xbe, 0x2a, 0xbe, 0x2a, 0xbe, 0x2a, 0xbe, 0x2a, 0xbe, 0x2a, 0xbe, 0x2a, 0xbe, 0x2a, 0xbe, 0x2a, 0xbe, 0x2a, 0xbe, 0x2a, 0xbe, 0x2a, 0x1e, 0x3b, 0xbe, 0x2a, 0xbe, 0x2a, 0xbe, 0x2a,
  0xbe, 0x2a, 0xbe, 0x2a, 0xbe, 0x2a, 0xbe, 0x2a, 0xbe, 0x2a, 0xbe, 0x2a, 0xbe, 0x2a, 0xbe, 0x2a, 0xbe, 0x2a, 0xbe, 0x2a, 0xbe, 0x2a, 0xbe, 0x2a, 0xbe, 0x2a, 0xbe, 0x2a, 0xbe, 0x2a, 0xbe, 0x2a,
  0xbe, 0x2a, 0xbe, 0x2a, 0xbe, 0x2a, 0xbe, 0x2a, 0xbe, 0x2a, 0xbe, 0x2a, 0xbe, 0x2a, 0xbe, 0x2a, 0xbe, 0x2a, 0xbe, 0x2a, 0xbe, 0x2a, 0xbe, 0x2a, 0xbe, 0x2a, 0xbe, 0x2a, 0x1e, 0x3b, 0xbe, 0x2a,
  0xbd, 0x2a, 0xbd, 0x2a, 0xbd, 0x2a, 0xbd, 0x2a, 0xbd, 0x2a, 0xbd, 0x2a, 0xbd, 0x2a, 0xbd, 0x2a, 0xbd, 0x2a, 0xbd, 0x2a, 0xbd, 0x2a, 0x1d, 0x3b, 0xbd, 0x2a, 0xbd, 0x2a, 0xbd, 0x2a, 0xbd, 0x2a,
  0xbd, 0x2a, 0xbd, 0x2a, 0xbd, 0x2a, 0xbd, 0x2a, 0xbd, 0x2a, 0xbd, 0x2a, 0xbd, 0x2a, 0xbd, 0x2a, 0xbd, 0x2a, 0xbd, 0x2a, 0xbd, 0x2a, 0xbd, 0x2a, 0xbd, 0x2a, 0xbd, 0x2a, 0xbd, 0x2a, 0xbd, 0x2a,
  0xbd, 0x2a, 0xbd, 0x2a, 0xbd, 0x2a, 0xbd, 0x2a, 0xbd, 0x2a, 0xbd, 0x2a, 0xbd, 0x2a, 0xbd, 0x2a, 0xbd, 0x2a, 0xbd, 0x2a, 0xbd, 0x2a, 0xbd, 0x2a, 0xbd, 0x2a, 0x1d, 0x3b, 0xbd, 0x2a, 0xbd, 0x2a,
  0xbd, 0x2a, 0xbd, 0x2a, 0xbd, 0x2a, 0xbd, 0x2a, 0xbd, 0x2a, 0xbd, 0x2a, 0xbd, 0x2a, 0xbd, 0x2a, 0xbd, 0x2a, 0xbd, 0x2a, 0xbd, 0x2a, 0xbd, 0x2a, 0xbd, 0x2a, 0xbd, 0x2a, 0xbd, 0x2a, 0xbd, 0x2a,
  0xbd, 0x2a, 0xbd, 0x2a, 0xbd, 0x2a, 0xbd, 0x2a, 0xbd, 0x2a, 0xbd, 0x2a, 0xbd, 0x2a, 0xbd, 0x2a, 0xbd, 0x2a, 0xbd, 0x2a, 0xbd, 0x2a, 0xbd, 0x2a, 0xbd, 0x2a, 0xbd, 0x2a, 0xbd, 0x2a, 0x1d, 0x3b,
  0xbd, 0x2a, 0xbd, 0x2a, 0xbd, 0x2a, 0xbd, 0x2a, 0xbd, 0x2a, 0xbd, 0x2a, 0xbd, 0x2a, 0xbd, 0x2a, 0xbd, 0x2a, 0xbd, 0x2a, 0xbd, 0x2a, 0xbd, 0x2a, 0xbd, 0x2a, 0xbd, 0x2a, 0xbd, 0x2a, 0xbd, 0x2a,
  0xbd, 0x2a, 0xbd, 0x2a, 0xbd, 0x2a, 0xbd, 0x2a, 0xbd, 0x2a, 0xbd, 0x2a, 0xbd, 0x2a, 0xbd, 0x2a, 0xbd, 0x2a, 0xbd, 0x2a, 0xbd, 0x2a, 0xbd, 0x2a, 0xbd, 0x2a, 0xbd, 0x2a, 0xbd, 0x2a, 0xbd, 0x2a,
  0xbd, 0x2a, 0x1d, 0x3b, 0xbd, 0x2a, 0xbd, 0x2a, 0xbd, 0x2a, 0xbd, 0x2a, 0xbd, 0x2a, 0xbd, 0x2a, 0xbd, 0x2a, 0xbd, 0x2a, 0xbd, 0x2a, 0xbd, 0x2a, 0xbd, 0x2a, 0xbd, 0x2a, 0xbd, 0x2a, 0xbd, 0x2a,
  0xbd, 0x2a, 0xbd, 0x2a, 0xbd, 0x2a, 0xbd, 0x2a, 0xbd, 0x2a, 0xbd, 0x2a, 0xbd, 0x2a, 0xbd, 0x2a, 0xbd, 0x2a, 0xbd, 0x2a, 0xbd, 0x2a, 0xbd, 0x2a, 0xbd, 0x2a, 0xbd, 0x2a, 0xbd, 0x2a, 0xbd, 0x2a,
  0xbd, 0x2a, 0xbd, 0x2a, 0xbd, 0x2a, 0x1d, 0x3b, 0xbd, 0x2a, 0xbd, 0x2a, 0xbd, 0x2a, 0xbd, 0x2a, 0xbd, 0x2a, 0xbd, 0x2a, 0xbd, 0x2a, 0xbd, 0x2a, 0xbd, 0x2a, 0xbd, 0x2a, 0xbd, 0x2a, 0xbd, 0x2a,
  0xbd, 0x2a, 0xbd, 0x2a, 0xbd, 0x2a, 0xbd, 0x2a, 0xbd, 0x2a, 0xbd, 0x2a, 0xbd, 0x2a, 0xbd, 0x2a, 0xbd, 0x2a, 0xbd, 0x2a, 0xbd, 0x2a, 0xbd, 0x2a, 0xbd, 0x2a, 0xbd, 0x2a, 0xbd, 0x2a, 0xbd, 0x2a,
  0xbd, 0x2a, 0xbd, 0x2a, 0xbd, 0x2a, 0xbd, 0x2a, 0xbd, 0x2a, 0x1d, 0x3b, 0xbd, 0x2a, 0xbd, 0x2a, 0xbd, 0x2a, 0xbd, 0x2a, 0xbd, 0x2a, 0xbd, 0x2a, 0xbd, 0x2a, 0xbd, 0x2a, 0xbd, 0x2a, 0xbd, 0x2a,
  0xbd, 0x2a, 0xbd, 0x2a, 0xbd, 0x2a, 0xbd, 0x2a, 0xbd, 0x2a, 0xbd, 0x2a, 0xbd, 0x2a, 0xbd, 0x2a, 0xbd, 0x2a, 0xbd, 0x2a, 0xbd, 0x2a, 0xbd, 0x2a, 0xbd, 0x2a, 0xbd, 0x2a, 0xbd, 0x2a, 0xbd, 0x2a,
  0xbd, 0x2a, 0xbd, 0x2a, 0xbd, 0x2a, 0xbd, 0x2a, 0xbd, 0x2a, 0xbd, 0x2a, 0xbd, 0x2a, 0x1d, 0x3b, 0xbd, 0x2a, 0xbd, 0x2a, 0xbd, 0x2a, 0xbd, 0x2a, 0xbd, 0x2a, 0xbd, 0x2a, 0xbd, 0x2a, 0xbd, 0x2a,
  0xbd, 0x2a, 0xbd, 0x2a, 0xbd, 0x2a, 0xbd, 0x2a, 0xbd, 0x2a, 0xbd, 0x2a, 0xbd, 0x2a, 0xbd, 0x2a, 0xbd, 0x2a, 0xbd, 0x2a, 0xbd, 0x2a, 0xbd, 0x2a, 0xbd, 0x2a, 0xbd, 0x2a, 0xbd, 0x2a, 0xbd, 0x2a,
  0xbd, 0x2a, 0xbd, 0x2a, 0xbd, 0x2a, 0xbd, 0x2a, 0xbd, 0x2a, 0xbd, 0x2a, 0xbd, 0x2a, 0xbd, 0x2a, 0xbd, 0x2a, 0x1d, 0x3b, 0xbd, 0x2a, 0xbd, 0x2a, 0xbd, 0x2a, 0xbd, 0x2a, 0xbd, 0x2a, 0xbd, 0x2a,
  0xbd, 0x2a, 0xbd, 0x2a, 0xbd, 0x2a, 0xbd, 0x2a, 0xbd, 0x2a, 0xbd, 0x2a, 0xbd, 0x2a, 0xbd, 0x2a, 0xbd, 0x2a, 0xbd, 0x2a, 0xbd, 0x2a, 0xbd, 0x2a, 0xbd, 0x2a, 0xbd, 0x2a, 0xbd, 0x2a, 0xbd, 0x2a,
  0xbd, 0x2a, 0xbd, 0x2a, 0xbd, 0x2a, 0xbd, 0x2a, 0xbd, 0x2a, 0xbd, 0x2a, 0xbd, 0x2a, 0xbd, 0x2a, 0xbd, 0x2a, 0xbd, 0x2a, 0xbd, 0x2a, 0x1d, 0x3b, 0xbd, 0x2a, 0xbd, 0x2a, 0xbd, 0x2a, 0xbd, 0x2a,
  0xbd, 0x2a, 0xbd, 0x2a, 0xbd, 0x2a, 0xbd, 0x2a, 0xbd, 0x2a, 0xbd, 0x2a, 0xbd, 0x2a, 0xbd, 0x2a, 0xbd, 0x2a, 0xbd, 0x2a, 0xbd, 0x2a, 0xbd, 0x2a, 0xbd, 0x2a, 0xbd, 0x2a, 0xbd, 0x2a, 0xbd, 0x2a,
  0xbd, 0x2a, 0xbd, 0x2a, 0xbd, 0x2a, 0xbd, 0x2a, 0xbd, 0x2a, 0xbd, 0x2a, 0xbd, 0x2a, 0xbd, 0x2a, 0xbd, 0x2a, 0xbd, 0x2a, 0xbd, 0x2a, 0xbd, 0x2a, 0xbd, 0x2a, 0x1d, 0x3b, 0xbd, 0x2a, 0xbd, 0x2a,
  0xbe, 0x2a, 0xbe, 0x2a, 0xbe, 0x2a, 0xbe, 0x2a, 0xbe, 0x2a, 0xbe, 0x2a, 0xbe, 0x2a, 0xbe, 0x2a, 0xbe, 0x2a, 0xbe, 0x2a, 0x1e, 0x3b, 0xbe, 0x2a, 0xbe, 0x2a, 0xbe, 0x2a, 0xbe, 0x2a, 0xbe, 0x2a,
  0xbe, 0x2a, 0xbe, 0x2a, 0xbe, 0x2a, 0xbe, 0x2a, 0xbe, 0x2a, 0xbe, 0x2a, 0xbe, 0x2a, 0xbe, 0x2a, 0xbe, 0x2a, 0xbe, 0x2a, 0xbe, 0x2a, 0xbe, 0x2a, 0xbe, 0x2a, 0xbe, 0x2a, 0xbe, 0x2a, 0xbe, 0x2a,
  0xbe, 0x2a, 0xbe, 0x2a, 0xbe, 0x2a, 0xbe, 0x2a, 0xbe, 0x2a, 0xbe, 0x2a, 0xbe, 0x2a, 0xbe, 0x2a, 0xbe, 0x2a, 0xbe, 0x2a, 0xbe, 0x2a, 0xbe, 0x2a, 0x1e, 0x3b, 0xbe, 0x2a, 0xbe, 0x2a, 0xbe, 0x2a,
  0xbe, 0x2a, 0xbe, 0x2a, 0xbe, 0x2a, 0xbe, 0x2a, 0xbe, 0x2a, 0xbe, 0x2a, 0xbe, 0x2a, 0xbe, 0x2a, 0xbe, 0x2a, 0xbe, 0x2a, 0xbe, 0x2a, 0xbe, 0x2a, 0xbe, 0x2a, 0xbe, 0x2a, 0xbe, 0x2a, 0xbe, 0x2a,
  0xbe, 0x2a, 0xbe, 0x2a, 0xbe, 0x2a, 0xbe, 0x2a, 0xbe, 0x2a, 0xbe, 0x2a, 0xbe, 0x2a, 0xbe, 0x2a, 0xbe, 0x2a, 0xbe, 0x2a, 0xbe, 0x2a, 0xbe, 0x2a, 0xbe, 0x2a, 0xbe, 0x2a, 0x1e, 0x3b, 0xbe, 0x2a,
  0xbe, 0x2a, 0xbe, 0x2a, 0xbe, 0x2a, 0xbe, 0x2a, 0xbe, 0x2a, 0xbe, 0x2a, 0xbe, 0x2a, 0xbe, 0x2a, 0xbe, 0x2a, 0xbe, 0x2a, 0xbe, 0x2a, 0xbe, 0x2a, 0xbe, 0x2a, 0xbe, 0x2a, 0xbe, 0x2a, 0xbe, 0x2a,
  0xbe, 0x2a, 0xbe, 0x2a, 0xbe, 0x2a, 0xbe, 0x2a, 0xbe, 0x2a, 0xbe, 0x2a, 0xbe, 0x2a, 0xbe, 0x2a, 0xbe, 0x2a, 0xbe, 0x2a, 0xbe, 0x2a, 0xbe, 0x2a, 0xbe, 0x2a, 0xbe, 0x2a, 0xbe, 0x2a, 0xbe, 0x2a,
  0x1e, 0x3b, 0xbe, 0x2a, 0xbe, 0x2a, 0xbe, 0x2a, 0xbe, 0x2a, 0xbe, 0x2a, 0xbe, 0x2a, 0xbe, 0x2a, 0xbe, 0x2a, 0xbe, 0x2a, 0xbe, 0x2a, 0xbe, 0x2a, 0xbe, 0x2a, 0xbe, 0x2a, 0xbe, 0x2a, 0xbe, 0x2a,
  0xbe, 0x2a, 0xbe, 0x2a, 0xbe, 0x2a, 0xbe, 0x2a, 0xbe, 0x2a, 0xbe, 0x2a, 0xbe, 0x2a, 0xbe, 0x2a, 0xbe, 0x2a, 0xbe, 0x2a, 0xbe, 0x2a, 0xbe, 0x2a, 0xbe, 0x2a, 0xbe, 0x2a, 0xbe, 0x2a, 0xbe, 0x2a,
  0xbe, 0x2a, 0xbe, 0x2a, 0x1e, 0x3b, 0xbe, 0x2a, 0xbe, 0x2a, 0xbe, 0x2a, 0xbe, 0x2a, 0xbe, 0x2a, 0xbe, 0x2a, 0xbe, 0x2a, 0xbe, 0x2a, 0xbe, 0x2a, 0xbe, 0x2a, 0xbe, 0x2a, 0xbe, 0x2a, 0xbe, 0x2a,
  0xbe, 0x2a, 0xbe, 0x2a, 0xbe, 0x2a, 0xbe, 0x2a, 0xbe, 0x2a, 0xbe, 0x2a, 0xbe, 0x2a, 0xbe, 0x2a, 0xbe, 0x2a, 0xbe, 0x2a, 0xbe, 0x2a, 0xbe, 0x2a, 0xbe, 0x2a, 0xbe, 0x2a, 0xbe, 0x2a, 0xbe, 0x2a,
  0xbe, 0x2a, 0xbe, 0x2a, 0xbe, 0x2a, 0xbe, 0x2a, 0x1e, 0x3b, 0xbe, 0x2a, 0xbe, 0x2a, 0xbe, 0x2a, 0xbe, 0x2a, 0xbe, 0x2a, 0xbe, 0x2a, 0xbe, 0x2a, 0xbe, 0x2a, 0xbe, 0x2a, 0xbe, 0x2a, 0xbe, 0x2a,
  0xbe, 0x2a, 0xbe, 0x2a, 0xbe, 0x2a, 0xbe, 0x2a, 0xbe, 0x2a, 0xbe, 0x2a, 0xbe, 0x2a, 0xbe, 0x2a, 0xbe, 0x2a, 0xbe, 0x2a, 0xbe, 0x2a, 0xbe, 0x2a, 0xbe, 0x2a, 0xbe, 0x2a, 0xbe, 0x2a, 0xbe, 0x2a,
  0xbe, 0x2a, 0xbe, 0x2a, 0xbe, 0x2a, 0xbe, 0x2a, 0xbe, 0x2a, 0xbe, 0x2a, 0x1e, 0x3b, 0xbe, 0x2a, 0xbe, 0x2a, 0xbe, 0x2a, 0xbe, 0x2a, 0xbe, 0x2a, 0xbe, 0x2a, 0xbe, 0x2a, 0xbe, 0x2a, 0xbe, 0x2a,
  0xbe, 0x2a, 0xbe, 0x2a, 0xbe, 0x2a, 0xbe, 0x2a, 0xbe, 0x2a, 0xbe, 0x2a, 0xbe, 0x2a, 0xbe, 0x2a, 0xbe, 0x2a, 0xbe, 0x2a, 0xbe, 0x2a, 0xbe, 0x2a, 0xbe, 0x2a, 0xbe, 0x2a, 0xbe, 0x2a, 0xbe, 0x2a,
  0xbe, 0x2a, 0xbe, 0x2a, 0xbe, 0x2a, 0xbe, 0x2a, 0xbe, 0x2a, 0xbe, 0x2a, 0xbe, 0x2a, 0xbe, 0x2a, 0x1e, 0x3b, 0xbe, 0x2a, 0xbe, 0x2a, 0xbe, 0x2a, 0xbe, 0x2a, 0xbe, 0x2a, 0xbe, 0x2a, 0xbe, 0x2a,
  0xbe, 0x2a, 0xbe, 0x2a, 0xbe, 0x2a, 0xbe, 0x2a, 0xbe, 0x2a, 0xbe, 0x2a, 0xbe, 0x2a, 0xbe, 0x2a, 0xbe, 0x2a, 0xbe, 0x2a, 0xbe, 0x2a, 0xbe, 0x2a, 0xbe, 0x2a, 0xbe, 0x2a, 0xbe, 0x2a, 0xbe, 0x2a,
  0xbe, 0x2a, 0xbe, 0x2a, 0xbe, 0x2a, 0xbe, 0x2a, 0xbe, 0x2a, 0xbe, 0x2a, 0xbe, 0x2a, 0xbe, 0x2a, 0xbe, 0x2a, 0xbe, 0x2a, 0x1e, 0x3b, 0xbe, 0x2a, 0xbe, 0x2a, 0xbe, 0x2a, 0xbe, 0x2a, 0xbe, 0x2a,
  0xbe, 0x2a, 0xbe, 0x2a, 0xbe, 0x2a, 0xbe, 0x2a, 0xbe, 0x2a, 0xbe, 0x2a, 0xbe, 0x2a, 0xbe, 0x2a, 0xbe, 0x2a, 0xbe, 0x2a, 0xbe, 0x2a, 0xbe, 0x2a, 0xbe, 0x2a, 0xbe, 0x2a, 0xbe, 0x2a, 0xbe, 0x2a,
  0xbe, 0x2a, 0xbe, 0x2a, 0xbe, 0x2a, 0xbe, 0x2a, 0xbe, 0x2a, 0xbe, 0x2a, 0xbe, 0x2a, 0xbe, 0x2a, 0xbe, 0x2a, 0xbe, 0x2a, 0xbe, 0x2a, 0xbe, 0x2a, 0x1e, 0x3b, 0xbe, 0x2a, 0xbe, 0x2a, 0xbe, 0x2a,
  0xfe, 0x32, 0xfe, 0x32, 0xfe, 0x32, 0xfe, 0x32, 0xfe, 0x32, 0xfe, 0x32, 0xfe, 0x32, 0xfe, 0x32, 0xfe, 0x32, 0x5e, 0x43, 0xfe, 0x32, 0xfe, 0x32, 0xfe, 0x32, 0xfe, 0x32, 0xfe, 0x32, 0xfe, 0x32,
  0xfe, 0x32, 0xfe, 0x32, 0xfe, 0x32, 0xfe, 0x32, 0xfe, 0x32, 0xfe, 0x32, 0xfe, 0x32, 0xfe, 0x32, 0xfe, 0x32, 0xfe, 0x32, 0xfe, 0x32, 0xfe, 0x32, 0xfe, 0x32, 0xfe, 0x32, 0xfe, 0x32, 0xfe, 0x32,
  0xfe, 0x32, 0xfe, 0x32, 0xfe, 0x32, 0xfe, 0x32, 0xfe, 0x32, 0xfe, 0x32, 0xfe, 0x32, 0xfe, 0x32, 0xfe, 0x32, 0xfe, 0x32, 0xfe, 0x32, 0x5e, 0x43, 0xfe, 0x32, 0xfe, 0x32, 0xfe, 0x32, 0xfe, 0x32,
  0xfe, 0x32, 0xfe, 0x32, 0xfe, 0x32, 0xfe, 0x32, 0xfe, 0x32, 0xfe, 0x32, 0xfe, 0x32, 0xfe, 0x32, 0xfe, 0x32, 0xfe, 0x32, 0xfe, 0x32, 0xfe, 0x32, 0xfe, 0x32, 0xfe, 0x32, 0xfe, 0x32, 0xfe, 0x32,
  0xfe, 0x32, 0xfe, 0x32, 0xfe, 0x32, 0xfe, 0x32, 0xfe, 0x32, 0xfe, 0x32, 0xfe, 0x32, 0xfe, 0x32, 0xfe, 0x32, 0xfe, 0x32, 0xfe, 0x32, 0xfe, 0x32, 0xfe, 0x32, 0x5e, 0x43, 0xfe, 0x32, 0xfe, 0x32,
  0xfe, 0x32, 0xfe, 0x32, 0xfe, 0x32, 0xfe, 0x32, 0xfe, 0x32, 0xfe, 0x32, 0xfe, 0x32, 0xfe, 0x32, 0xfe, 0x32, 0xfe, 0x32, 0xfe, 0x32, 0xfe, 0x32, 0xfe, 0x32, 0xfe, 0x32, 0xfe, 0x32, 0xfe, 0x32,
  0xfe, 0x32, 0xfe, 0x32, 0xfe, 0x32, 0xfe, 0x32, 0xfe, 0x32, 0xfe, 0x32, 0xfe, 0x32, 0xfe, 0x32, 0xfe, 0x32, 0xfe, 0x32, 0xfe, 0x32, 0xfe, 0x32, 0xfe, 0x32, 0xfe, 0x32, 0xfe, 0x32, 0x5e, 0x43,
  0xfe, 0x32, 0xfe, 0x32, 0xfe, 0x32, 0xfe, 0x32, 0xfe, 0x32, 0xfe, 0x32, 0xfe, 0x32, 0xfe, 0x32, 0xfe, 0x32, 0xfe, 0x32, 0xfe, 0x32, 0xfe, 0x32, 0xfe, 0x32, 0xfe, 0x32, 0xfe, 0x32, 0xfe, 0x32,
  0xfe, 0x32, 0xfe, 0x32, 0xfe, 0x32, 0xfe, 0x32, 0xfe, 0x32, 0xfe, 0x32, 0xfe, 0x32, 0xfe, 0x32, 0xfe, 0x32, 0xfe, 0x32, 0xfe, 0x32, 0xfe, 0x32, 0xfe, 0x32, 0xfe, 0x32, 0xfe, 0x32, 0xfe, 0x32,
  0xfe, 0x32, 0x5e, 0x43, 0xfe, 0x32, 0xfe, 0x32, 0xfe, 0x32, 0xfe, 0x32, 0xfe, 0x32, 0xfe, 0x32, 0xfe, 0x32, 0xfe, 0x32, 0xfe, 0x32, 0xfe, 0x32, 0xfe, 0x32, 0xfe, 0x32, 0xfe, 0x32, 0xfe, 0x32,
  0xfe, 0x32, 0xfe, 0x32, 0xfe, 0x32, 0xfe, 0x32, 0xfe, 0x32, 0xfe, 0x32, 0xfe, 0x32, 0xfe, 0x32, 0xfe, 0x32, 0xfe, 0x32, 0xfe, 0x32, 0xfe, 0x32, 0xfe, 0x32, 0xfe, 0x32, 0xfe, 0x32, 0xfe, 0x32,
  0xfe, 0x32, 0xfe, 0x32, 0xfe, 0x32, 0x5e, 0x43, 0xfe, 0x32, 0xfe, 0x32, 0xfe, 0x32, 0xfe, 0x32, 0xfe, 0x32, 0xfe, 0x32, 0xfe, 0x32, 0xfe, 0x32, 0xfe, 0x32, 0xfe, 0x32, 0xfe, 0x32, 0xfe, 0x32,
  0xfe, 0x32, 0xfe, 0x32, 0xfe, 0x32, 0xfe, 0x32, 0xfe, 0x32, 0xfe, 0x32, 0xfe, 0x32, 0xfe, 0x32, 0xfe, 0x32, 0xfe, 0x32, 0xfe, 0x32, 0xfe, 0x32, 0xfe, 0x32, 0xfe, 0x32, 0xfe, 0x32, 0xfe, 0x32,
  0xfe, 0x32, 0xfe, 0x32, 0xfe, 0x32, 0xfe, 0x32, 0xfe, 0x32, 0x5e, 0x43, 0xfe, 0x32, 0xfe, 0x32, 0xfe, 0x32, 0xfe, 0x32, 0xfe, 0x32, 0xfe, 0x32, 0xfe, 0x32, 0xfe, 0x32, 0xfe, 0x32, 0xfe, 0x32,
  0xfe, 0x32, 0xfe, 0x32, 0xfe, 0x32, 0xfe, 0x32, 0xfe, 0x32, 0xfe, 0x32, 0xfe, 0x32, 0xfe, 0x32, 0xfe, 0x32, 0xfe, 0x32, 0xfe, 0x32, 0xfe, 0x32, 0xfe, 0x32, 0xfe, 0x32, 0xfe, 0x32, 0xfe, 0x32,
  0xfe, 0x32, 0xfe, 0x32, 0xfe, 0x32, 0xfe, 0x32, 0xfe, 0x32, 0xfe, 0x32, 0xfe, 0x32, 0x5e, 0x43, 0xfe, 0x32, 0xfe, 0x32, 0xfe, 0x32, 0xfe, 0x32, 0xfe, 0x32, 0xfe, 0x32, 0xfe, 0x32, 0xfe, 0x32,
  0xfe, 0x32, 0xfe, 0x32, 0xfe, 0x32, 0xfe, 0x32, 0xfe, 0x32, 0xfe, 0x32, 0xfe, 0x32, 0xfe, 0x32, 0xfe, 0x32, 0xfe, 0x32, 0xfe, 0x32, 0xfe, 0x32, 0xfe, 0x32, 0xfe, 0x32, 0xfe, 0x32, 0xfe, 0x32,
  0xfe, 0x32, 0xfe, 0x32, 0xfe, 0x32, 0xfe, 0x32, 0xfe, 0x32, 0xfe, 0x32, 0xfe, 0x32, 0xfe, 0x32, 0xfe, 0x32, 0x5e, 0x43, 0xfe, 0x32, 0xfe, 0x32, 0xfe, 0x32, 0xfe, 0x32, 0xfe, 0x32, 0xfe, 0x32,
  0xfe, 0x32, 0xfe, 0x32, 0xfe, 0x32, 0xfe, 0x32, 0xfe, 0x32, 0xfe, 0x32, 0xfe, 0x32, 0xfe, 0x32, 0xfe, 0x32, 0xfe, 0x32, 0xfe, 0x32, 0xfe, 0x32, 0xfe, 0x32, 0xfe, 0x32, 0xfe, 0x32, 0xfe, 0x32,
  0xfe, 0x32, 0xfe, 0x32, 0xfe, 0x32, 0xfe, 0x32, 0xfe, 0x32, 0xfe, 0x32, 0xfe, 0x32, 0xfe, 0x32, 0xfe, 0x32, 0xfe, 0x32, 0xfe, 0x32, 0x5e, 0x43, 0xfe, 0x32, 0xfe, 0x32, 0xfe, 0x32, 0xfe, 0x32,
  0xbd, 0x2a, 0xbd, 0x2a, 0xbd, 0x2a, 0xbd, 0x2a, 0xbd, 0x2a, 0xbd, 0x2a, 0xbd, 0x2a, 0xbd, 0x2a, 0x1d, 0x3b, 0xbd, 0x2a, 0xbd, 0x2a, 0xbd, 0x2a, 0xbd, 0x2a, 0xbd, 0x2a, 0xbd, 0x2a, 0xbd, 0x2a,
  0xbd, 0x2a, 0xbd, 0x2a, 0xbd, 0x2a, 0xbd, 0x2a, 0xbd, 0x2a, 0xbd, 0x2a, 0xbd, 0x2a, 0xbd, 0x2a, 0xbd, 0x2a, 0xbd, 0x2a, 0xbd, 0x2a, 0xbd, 0x2a, 0xbd, 0x2a, 0xbd, 0x2a, 0xbd, 0x2a, 0xbd, 0x2a,
  0xbd, 0x2a, 0xbd, 0x2a, 0xbd, 0x2a, 0xbd, 0x2a, 0xbd, 0x2a, 0xbd, 0x2a, 0xbd, 0x2a, 0xbd, 0x2a, 0xbd, 0x2a, 0xbd, 0x2a, 0x1d, 0x3b, 0xbd, 0x2a, 0xbd, 0x2a, 0xbd, 0x2a, 0xbd, 0x2a, 0xbd, 0x2a,
  0xbd, 0x2a, 0xbd, 0x2a, 0xbd, 0x2a, 0xbd, 0x2a, 0xbd, 0x2a, 0xbd, 0x2a, 0xbd, 0x2a, 0xbd, 0x2a, 0xbd, 0x2a, 0xbd, 0x2a, 0xbd, 0x2a, 0xbd, 0x2a, 0xbd, 0x2a, 0xbd, 0x2a, 0xbd, 0x2a, 0xbd, 0x2a,
  0xbd, 0x2a, 0xbd, 0x2a, 0xbd, 0x2a, 0xbd, 0x2a, 0xbd, 0x2a, 0xbd, 0x2a, 0xbd, 0x2a, 0xbd, 0x2a, 0xbd, 0x2a, 0xbd, 0x2a, 0xbd, 0x2a, 0xbd, 0x2a, 0x1d, 0x3b, 0xbd, 0x2a, 0xbd, 0x2a, 0xbd, 0x2a,
  0xbd, 0x2a, 0xbd, 0x2a, 0xbd, 0x2a, 0xbd, 0x2a, 0xbd, 0x2a, 0xbd, 0x2a, 0xbd, 0x2a, 0xbd, 0x2a, 0xbd, 0x2a, 0xbd, 0x2a, 0xbd, 0x2a, 0xbd, 0x2a, 0xbd, 0x2a, 0xbd, 0x2a, 0xbd, 0x2a, 0xbd, 0x2a,
  0xbd, 0x2a, 0xbd, 0x2a, 0xbd, 0x2a, 0xbd, 0x2a, 0xbd, 0x2a, 0xbd, 0x2a, 0xbd, 0x2a, 0xbd, 0x2a, 0xbd, 0x2a, 0xbd, 0x2a, 0xbd, 0x2a, 0xbd, 0x2a, 0xbd, 0x2a, 0xbd, 0x2a, 0x1d, 0x3b, 0xbd, 0x2a,
  0xbd, 0x2a, 0xbd, 0x2a, 0xbd, 0x2a, 0xbd, 0x2a, 0xbd, 0x2a, 0xbd, 0x2a, 0xbd, 0x2a, 0xbd, 0x2a, 0xbd, 0x2a, 0xbd, 0x2a, 0xbd, 0x2a, 0xbd, 0x2a, 0xbd, 0x2a, 0xbd, 0x2a, 0xbd, 0x2a, 0xbd, 0x2a,
  0xbd, 0x2a, 0xbd, 0x2a, 0xbd, 0x2a, 0xbd, 0x2a, 0xbd, 0x2a, 0xbd, 0x2a, 0xbd, 0x2a, 0xbd, 0x2a, 0xbd, 0x2a, 0xbd, 0x2a, 0xbd, 0x2a, 0xbd, 0x2a, 0xbd, 0x2a, 0xbd, 0x2a, 0xbd, 0x2a, 0xbd, 0x2a,
  0x1d, 0x3b, 0xbd, 0x2a, 0xbd, 0x2a, 0xbd, 0x2a, 0xbd, 0x2a, 0xbd, 0x2a, 0xbd, 0x2a, 0xbd, 0x2a, 0xbd, 0x2a, 0xbd, 0x2a, 0xbd, 0x2a, 0xbd, 0x2a, 0xbd, 0x2a, 0xbd, 0x2a, 0xbd, 0x2a, 0xbd, 0x2a,
  0xbd, 0x2a, 0xbd, 0x2a, 0xbd, 0x2a, 0xbd, 0x2a, 0xbd, 0x2a, 0xbd, 0x2a, 0xbd, 0x2a, 0xbd, 0x2a, 0xbd, 0x2a, 0xbd, 0x2a, 0xbd, 0x2a, 0xbd, 0x2a, 0xbd, 0x2a, 0xbd, 0x2a, 0xbd, 0x2a, 0xbd, 0x2a,
  0xbd, 0x2a, 0xbd, 0x2a, 0x1d, 0x3b, 0xbd, 0x2a, 0xbd, 0x2a, 0xbd, 0x2a, 0xbd, 0x2a, 0xbd, 0x2a, 0xbd, 0x2a, 0xbd, 0x2a, 0xbd, 0x2a, 0xbd, 0x2a, 0xbd, 0x2a, 0xbd, 0x2a, 0xbd, 0x2a, 0xbd, 0x2a,
  0xbd, 0x2a, 0xbd, 0x2a, 0xbd, 0x2a, 0xbd, 0x2a, 0xbd, 0x2a, 0xbd, 0x2a, 0xbd, 0x2a, 0xbd, 0x2a, 0xbd, 0x2a, 0xbd, 0x2a, 0xbd, 0x2a, 0xbd, 0x2a, 0xbd, 0x2a, 0xbd, 0x2a, 0xbd, 0x2a, 0xbd, 0x2a,
  0xbd, 0x2a, 0xbd, 0x2a, 0xbd, 0x2a, 0xbd, 0x2a, 0x1d, 0x3b, 0xbd, 0x2a, 0xbd, 0x2a, 0xbd, 0x2a, 0xbd, 0x2a, 0xbd, 0x2a, 0xbd, 0x2a, 0xbd, 0x2a, 0xbd, 0x2a, 0xbd, 0x2a, 0xbd, 0x2a, 0xbd, 0x2a,
  0xbd, 0x2a, 0xbd, 0x2a, 0xbd, 0x2a, 0xbd, 0x2a, 0xbd, 0x2a, 0xbd, 0x2a, 0xbd, 0x2a, 0xbd, 0x2a, 0xbd, 0x2a, 0xbd, 0x2a, 0xbd, 0x2a, 0xbd, 0x2a, 0xbd, 0x2a, 0xbd, 0x2a, 0xbd, 0x2a, 0xbd, 0x2a,
  0xbd, 0x2a, 0xbd, 0x2a, 0xbd, 0x2a, 0xbd, 0x2a, 0xbd, 0x2a, 0xbd, 0x2a, 0x1d, 0x3b, 0xbd, 0x2a, 0xbd, 0x2a, 0xbd, 0x2a, 0xbd, 0x2a, 0xbd, 0x2a, 0xbd, 0x2a, 0xbd, 0x2a, 0xbd, 0x2a, 0xbd, 0x2a,
  0xbd, 0x2a, 0xbd, 0x2a, 0xbd, 0x2a, 0xbd, 0x2a, 0xbd, 0x2a, 0xbd, 0x2a, 0xbd, 0x2a, 0xbd, 0x2a, 0xbd, 0x2a, 0xbd, 0x2a, 0xbd, 0x2a, 0xbd, 0x2a, 0xbd, 0x2a, 0xbd, 0x2a, 0xbd, 0x2a, 0xbd, 0x2a,
  0xbd, 0x2a, 0xbd, 0x2a, 0xbd, 0x2a, 0xbd, 0x2a, 0xbd, 0x2a, 0xbd, 0x2a, 0xbd, 0x2a, 0xbd, 0x2a, 0x1d, 0x3b, 0xbd, 0x2a, 0xbd, 0x2a, 0xbd, 0x2a, 0xbd, 0x2a, 0xbd, 0x2a, 0xbd, 0x2a, 0xbd, 0x2a,
  0xbd, 0x2a, 0xbd, 0x2a, 0xbd, 0x2a, 0xbd, 0x2a, 0xbd, 0x2a, 0xbd, 0x2a, 0xbd, 0x2a, 0xbd, 0x2a, 0xbd, 0x2a, 0xbd, 0x2a, 0xbd, 0x2a, 0xbd, 0x2a, 0xbd, 0x2a, 0xbd, 0x2a, 0xbd, 0x2a, 0xbd, 0x2a,
  0xbd, 0x2a, 0xbd, 0x2a, 0xbd, 0x2a, 0xbd, 0x2a, 0xbd, 0x2a, 0xbd, 0x2a, 0xbd, 0x2a, 0xbd, 0x2a, 0xbd, 0x2a, 0xbd, 0x2a, 0x1d, 0x3b, 0xbd, 0x2a, 0xbd, 0x2a, 0xbd, 0x2a, 0xbd, 0x2a, 0xbd, 0x2a,
  0xbd, 0x2a, 0xbd, 0x2a, 0xbd, 0x2a, 0xbd, 0x2a, 0xbd, 0x2a, 0xbd, 0x2a, 0xbd, 0x2a, 0x1d, 0x3b, 0xbd, 0x2a, 0xbd, 0x2a, 0xbd, 0x2a, 0xbd, 0x2a, 0xbd, 0x2a, 0xbd, 0x2a, 0xbd, 0x2a, 0xbd, 0x2a,
  0xbd, 0x2a, 0xbd, 0x2a, 0xbd, 0x2a, 0xbd, 0x2a, 0xbd, 0x2a, 0xbd, 0x2a, 0xbd, 0x2a, 0xbd, 0x2a, 0xbd, 0x2a, 0xbd, 0x2a, 0xbd, 0x2a, 0xbd, 0x2a, 0xbd, 0x2a, 0xbd, 0x2a, 0xbd, 0x2a, 0xbd, 0x2a,
  0xbd, 0x2a, 0xbd, 0x2a, 0xbd, 0x2a, 0xbd, 0x2a, 0xbd, 0x2a, 0xbd, 0x2a, 0xbd, 0x2a, 0xbd, 0x2a, 0xbd, 0x2a, 0x1d, 0x3b, 0xbd, 0x2a, 0xbd, 0x2a, 0xbd, 0x2a, 0xbd, 0x2a, 0xbd, 0x2a, 0xbd, 0x2a,
  0xbd, 0x2a, 0xbd, 0x2a, 0xbd, 0x2a, 0xbd, 0x2a, 0xbd, 0x2a, 0xbd, 0x2a, 0xbd, 0x2a, 0xbd, 0x2a, 0xbd, 0x2a, 0xbd, 0x2a, 0xbd, 0x2a, 0xbd, 0x2a, 0xbd, 0x2a, 0xbd, 0x2a, 0xbd, 0x2a, 0xbd, 0x2a,
  0xbd, 0x2a, 0xbd, 0x2a, 0xbd, 0x2a, 0xbd, 0x2a, 0xbd, 0x2a, 0xbd, 0x2a, 0xbd, 0x2a, 0xbd, 0x2a, 0xbd, 0x2a, 0xbd, 0x2a, 0xbd, 0x2a, 0x1d, 0x3b, 0xbd, 0x2a, 0xbd, 0x2a, 0xbd, 0x2a, 0xbd, 0x2a,
  0xbd, 0x2a, 0xbd, 0x2a, 0xbd, 0x2a, 0xbd, 0x2a, 0xbd, 0x2a, 0xbd, 0x2a, 0xbd, 0x2a, 0xbd, 0x2a, 0xbd, 0x2a, 0xbd, 0x2a, 0xbd, 0x2a, 0xbd, 0x2a, 0xbd, 0x2a, 0xbd, 0x2a, 0xbd, 0x2a, 0xbd, 0x2a,
  0xbd, 0x2a, 0xbd, 0x2a, 0xbd, 0x2a, 0xbd, 0x2a, 0xbd, 0x2a, 0xbd, 0x2a, 0xbd, 0x2a, 0xbd, 0x2a, 0xbd, 0x2a, 0xbd, 0x2a, 0xbd, 0x2a, 0xbd, 0x2a, 0xbd, 0x2a, 0x1d, 0x3b, 0xbd, 0x2a, 0xbd, 0x2a,
  0xbd, 0x2a, 0xbd, 0x2a, 0xbd, 0x2a, 0xbd, 0x2a, 0xbd, 0x2a, 0xbd, 0x2a, 0xbd, 0x2a, 0xbd, 0x2a, 0xbd, 0x2a, 0xbd, 0x2a, 0xbd, 0x2a, 0xbd, 0x2a, 0xbd, 0x2a, 0xbd, 0x2a, 0xbd, 0x2a, 0xbd, 0x2a,
  0xbd, 0x2a, 0xbd, 0x2a, 0xbd, 0x2a, 0xbd, 0x2a, 0xbd, 0x2a, 0xbd, 0x2a, 0xbd, 0x2a, 0xbd, 0x2a, 0xbd, 0x2a, 0xbd, 0x2a, 0xbd, 0x2a, 0xbd, 0x2a, 0xbd, 0x2a, 0xbd, 0x2a, 0xbd, 0x2a, 0x1d, 0x3b,
  0xbd, 0x2a, 0xbd, 0x2a, 0xbd, 0x2a, 0xbd, 0x2a, 0xbd, 0x2a, 0xbd, 0x2a, 0xbd, 0x2a, 0xbd, 0x2a, 0xbd, 0x2a, 0xbd, 0x2a, 0xbd, 0x2a, 0xbd, 0x2a, 0xbd, 0x2a, 0xbd, 0x2a, 0xbd, 0x2a, 0xbd, 0x2a,
  0xbd, 0x2a, 0xbd, 0x2a, 0xbd, 0x2a, 0xbd, 0x2a, 0xbd, 0x2a, 0xbd, 0x2a, 0xbd, 0x2a, 0xbd, 0x2a, 0xbd, 0x2a, 0xbd, 0x2a, 0xbd, 0x2a, 0xbd, 0x2a, 0xbd, 0x2a, 0xbd, 0x2a, 0xbd, 0x2a, 0xbd, 0x2a,
  0xbd, 0x2a, 0x1d, 0x3b, 0xbd, 0x2a, 0xbd, 0x2a, 0xbd, 0x2a, 0xbd, 0x2a, 0xbd, 0x2a, 0xbd, 0x2a, 0xbd, 0x2a, 0xbd, 0x2a, 0xbd, 0x2a, 0xbd, 0x2a, 0xbd, 0x2a, 0xbd, 0x2a, 0xbd, 0x2a, 0xbd, 0x2a,
  0xbd, 0x2a, 0xbd, 0x2a, 0xbd, 0x2a, 0xbd, 0x2a, 0xbd, 0x2a, 0xbd, 0x2a, 0xbd, 0x2a, 0xbd, 0x2a, 0xbd, 0x2a, 0xbd, 0x2a, 0xbd, 0x2a, 0xbd, 0x2a, 0xbd, 0x2a, 0xbd, 0x2a, 0xbd, 0x2a, 0xbd, 0x2a,
  0xbd, 0x2a, 0xbd, 0x2a, 0xbd, 0x2a, 0x1d, 0x3b, 0xbd, 0x2a, 0xbd, 0x2a, 0xbd, 0x2a, 0xbd, 0x2a, 0xbd, 0x2a, 0xbd, 0x2a, 0xbd, 0x2a, 0xbd, 0x2a, 0xbd, 0x2a, 0xbd, 0x2a, 0xbd, 0x2a, 0xbd, 0x2a,
  0xbd, 0x2a, 0xbd, 0x2a, 0xbd, 0x2a, 0xbd, 0x2a, 0xbd, 0x2a, 0xbd, 0x2a, 0xbd, 0x2a, 0xbd, 0x2a, 0xbd, 0x2a, 0xbd, 0x2a, 0xbd, 0x2a, 0xbd, 0x2a, 0xbd, 0x2a, 0xbd, 0x2a, 0xbd, 0x2a, 0xbd, 0x2a,
  0xbd, 0x2a, 0xbd, 0x2a, 0xbd, 0x2a, 0xbd, 0x2a, 0xbd, 0x2a, 0x1d, 0x3b, 0xbd, 0x2a, 0xbd, 0x2a, 0xbd, 0x2a, 0xbd, 0x2a, 0xbd, 0x2a, 0xbd, 0x2a, 0xbd, 0x2a, 0xbd, 0x2a, 0xbd, 0x2a, 0xbd, 0x2a,
  0xbd, 0x2a, 0xbd, 0x2a, 0xbd, 0x2a, 0xbd, 0x2a, 0xbd, 0x2a, 0xbd, 0x2a, 0xbd, 0x2a, 0xbd, 0x2a, 0xbd, 0x2a, 0xbd, 0x2a, 0xbd, 0x2a, 0xbd, 0x2a, 0xbd, 0x2a, 0xbd, 0x2a, 0xbd, 0x2a, 0xbd, 0x2a,
  0xbd, 0x2a, 0xbd, 0x2a, 0xbd, 0x2a, 0xbd, 0x2a, 0xbd, 0x2a, 0xbd, 0x2a, 0xbd, 0x2a, 0x1d, 0x3b, 0xbd, 0x2a, 0xbd, 0x2a, 0xbd, 0x2a, 0xbd, 0x2a, 0xbd, 0x2a, 0xbd, 0x2a, 0xbd, 0x2a, 0xbd, 0x2a,
  0xbd, 0x2a, 0xbd, 0x2a, 0xbd, 0x2a, 0xbd, 0x2a, 0xbd, 0x2a, 0xbd, 0x2a, 0xbd, 0x2a, 0xbd, 0x2a, 0xbd, 0x2a, 0xbd, 0x2a, 0xbd, 0x2a, 0xbd, 0x2a, 0xbd, 0x2a, 0xbd, 0x2a, 0xbd, 0x2a, 0xbd, 0x2a,
  0xbd, 0x2a, 0xbd, 0x2a, 0xbd, 0x2a, 0xbd, 0x2a, 0xbd, 0x2a, 0xbd, 0x2a, 0xbd, 0x2a, 0xbd, 0x2a, 0xbd, 0x2a, 0x1d, 0x3b, 0xbd, 0x2a, 0xbd, 0x2a, 0xbd, 0x2a, 0xbd, 0x2a, 0xbd, 0x2a, 0xbd, 0x2a,
  0x9d, 0x2a, 0x9d, 0x2a, 0x9d, 0x2a, 0x9d, 0x2a, 0x9d, 0x2a, 0x9d, 0x2a, 0xfd, 0x3a, 0x9d, 0x2a, 0x9d, 0x2a, 0x9d, 0x2a, 0x9d, 0x2a, 0x9d, 0x2a, 0x9d, 0x2a, 0x9d, 0x2a, 0x9d, 0x2a, 0x9d, 0x2a,
  0x9d, 0x2a, 0x9d, 0x2a, 0x9d, 0x2a, 0x9d, 0x2a, 0x9d, 0x2a, 0x9d, 0x2a, 0x9d, 0x2a, 0x9d, 0x2a, 0x9d, 0x2a, 0x9d, 0x2a, 0x9d, 0x2a, 0x9d, 0x2a, 0x9d, 0x2a, 0x9d, 0x2a, 0x9d, 0x2a, 0x9d, 0x2a,
  0x9d, 0x2a, 0x9d, 0x2a, 0x9d, 0x2a, 0x9d, 0x2a, 0x9d, 0x2a, 0x9d, 0x2a, 0x9d, 0x2a, 0x9d, 0x2a, 0xfd, 0x3a, 0x9d, 0x2a, 0x9d, 0x2a, 0x9d, 0x2a, 0x9d, 0x2a, 0x9d, 0x2a, 0x9d, 0x2a, 0x9d, 0x2a,
  0x9d, 0x2a, 0x9d, 0x2a, 0x9d, 0x2a, 0x9d, 0x2a, 0x9d, 0x2a, 0x9d, 0x2a, 0x9d, 0x2a, 0x9d, 0x2a, 0x9d, 0x2a, 0x9d, 0x2a, 0x9d, 0x2a, 0x9d, 0x2a, 0x9d, 0x2a, 0x9d, 0x2a, 0x9d, 0x2a, 0x9d, 0x2a,
  0x9d, 0x2a, 0x9d, 0x2a, 0x9d, 0x2a, 0x9d, 0x2a, 0x9d, 0x2a, 0x9d, 0x2a, 0x9d, 0x2a, 0x9d, 0x2a, 0x9d, 0x2a, 0x9d, 0x2a, 0xfd, 0x3a, 0x9d, 0x2a, 0x9d, 0x2a, 0x9d, 0x2a, 0x9d, 0x2a, 0x9d, 0x2a,
  0x9d, 0x2a, 0x9d, 0x2a, 0x9d, 0x2a, 0x9d, 0x2a, 0x9d, 0x2a, 0x9d, 0x2a, 0x9d, 0x2a, 0x9d, 0x2a, 0x9d, 0x2a, 0x9d, 0x2a, 0x9d, 0x2a, 0x9d, 0x2a, 0x9d, 0x2a, 0x9d, 0x2a, 0x9d, 0x2a, 0x9d, 0x2a,
  0x9d, 0x2a, 0x9d, 0x2a, 0x9d, 0x2a, 0x9d, 0x2a, 0x9d, 0x2a, 0x9d, 0x2a, 0x9d, 0x2a, 0x9d, 0x2a, 0x9d, 0x2a, 0x9d, 0x2a, 0x9d, 0x2a, 0x9d, 0x2a, 0xfd, 0x3a, 0x9d, 0x2a, 0x9d, 0x2a, 0x9d, 0x2a,
  0x9d, 0x2a, 0x9d, 0x2a, 0x9d, 0x2a, 0x9d, 0x2a, 0x9d, 0x2a, 0x9d, 0x2a, 0x9d, 0x2a, 0x9d, 0x2a, 0x9d, 0x2a, 0x9d, 0x2a, 0x9d, 0x2a, 0x9d, 0x2a, 0x9d, 0x2a, 0x9d, 0x2a, 0x9d, 0x2a, 0x9d, 0x2a,
  0x9d, 0x2a, 0x9d, 0x2a, 0x9d, 0x2a, 0x9d, 0x2a, 0x9d, 0x2a, 0x9d, 0x2a, 0x9d, 0x2a, 0x9d, 0x2a, 0x9d, 0x2a, 0x9d, 0x2a, 0x9d, 0x2a, 0x9d, 0x2a, 0x9d, 0x2a, 0x9d, 0x2a, 0xfd, 0x3a, 0x9d, 0x2a,
  0x9d, 0x2a, 0x9d, 0x2a, 0x9d, 0x2a, 0x9d, 0x2a, 0x9d, 0x2a, 0x9d, 0x2a, 0x9d, 0x2a, 0x9d, 0x2a, 0x9d, 0x2a, 0x9d, 0x2a, 0x9d, 0x2a, 0x9d, 0x2a, 0x9d, 0x2a, 0x9d, 0x2a, 0x9d, 0x2a, 0x9d, 0x2a,
  0x9d, 0x2a, 0x9d, 0x2a, 0x9d, 0x2a, 0x9d, 0x2a, 0x9d, 0x2a, 0x9d, 0x2a, 0x9d, 0x2a, 0x9d, 0x2a, 0x9d, 0x2a, 0x9d, 0x2a, 0x9d, 0x2a, 0x9d, 0x2a, 0x9d, 0x2a, 0x9d, 0x2a, 0x9d, 0x2a, 0x9d, 0x2a,
  0xfd, 0x3a, 0x9d, 0x2a, 0x9d, 0x2a, 0x9d, 0x2a, 0x9d, 0x2a, 0x9d, 0x2a, 0x9d, 0x2a, 0x9d, 0x2a, 0x9d, 0x2a, 0x9d, 0x2a, 0x9d, 0x2a, 0x9d, 0x2a, 0x9d, 0x2a, 0x9d, 0x2a, 0x9d, 0x2a, 0x9d, 0x2a,
  0x9d, 0x2a, 0x9d, 0x2a, 0x9d, 0x2a, 0x9d, 0x2a, 0x9d, 0x2a, 0x9d, 0x2a, 0x9d, 0x2a, 0x9d, 0x2a, 0x9d, 0x2a, 0x9d, 0x2a, 0x9d, 0x2a, 0x9d, 0x2a, 0x9d, 0x2a, 0x9d, 0x2a, 0x9d, 0x2a, 0x9d, 0x2a,
  0x9d, 0x2a, 0x9d, 0x2a, 0xfd, 0x3a, 0x9d, 0x2a, 0x9d, 0x2a, 0x9d, 0x2a, 0x9d, 0x2a, 0x9d, 0x2a, 0x9d, 0x2a, 0x9d, 0x2a, 0x9d, 0x2a, 0x9d, 0x2a, 0x9d, 0x2a, 0x9d, 0x2a, 0x9d, 0x2a, 0x9d, 0x2a,
  0x9d, 0x2a, 0x9d, 0x2a, 0x9d, 0x2a, 0x9d, 0x2a, 0x9d, 0x2a, 0x9d, 0x2a, 0x9d, 0x2a, 0x9d, 0x2a, 0x9d, 0x2a, 0x9d, 0x2a, 0x9d, 0x2a, 0x9d, 0x2a, 0x9d, 0x2a, 0x9d, 0x2a, 0x9d, 0x2a, 0x9d, 0x2a,
  0x9d, 0x2a, 0x9d, 0x2a, 0x9d, 0x2a, 0x9d, 0x2a, 0xfd, 0x3a, 0x9d, 0x2a, 0x9d, 0x2a, 0x9d, 0x2a, 0x9d, 0x2a, 0x9d, 0x2a, 0x9d, 0x2a, 0x9d, 0x2a, 0x9d, 0x2a, 0x9d, 0x2a, 0x9d, 0x2a, 0x9d, 0x2a,
  0x9d, 0x2a, 0x9d, 0x2a, 0x9d, 0x2a, 0x9d, 0x2a, 0x9d, 0x2a, 0x9d, 0x2a, 0x9d, 0x2a, 0x9d, 0x2a, 0x9d, 0x2a, 0x9d, 0x2a, 0x9d, 0x2a, 0x9d, 0x2a, 0x9d, 0x2a, 0x9d, 0x2a, 0x9d, 0x2a, 0x9d, 0x2a,
  0x9d, 0x2a, 0x9d, 0x2a, 0x9d, 0x2a, 0x9d, 0x2a, 0x9d, 0x2a, 0x9d, 0x2a, 0xfd, 0x3a, 0x9d, 0x2a, 0x9d, 0x2a, 0x9d, 0x2a, 0x9d, 0x2a, 0x9d, 0x2a, 0x9d, 0x2a, 0x9d, 0x2a, 0x9d, 0x2a, 0x9d, 0x2a,
  0x9d, 0x2a, 0x9d, 0x2a, 0x9d, 0x2a, 0x9d, 0x2a, 0x9d, 0x2a, 0x9d, 0x2a, 0x9d, 0x2a, 0x9d, 0x2a, 0x9d, 0x2a, 0x9d, 0x2a, 0x9d, 0x2a, 0x9d, 0x2a, 0x9d, 0x2a, 0x9d, 0x2a, 0x9d, 0x2a, 0x9d, 0x2a,
  0x9d, 0x2a, 0x9d, 0x2a, 0x9d, 0x2a, 0x9d, 0x2a, 0x9d, 0x2a, 0x9d, 0x2a, 0x9d, 0x2a, 0x9d, 0x2a, 0xfd, 0x3a, 0x9d, 0x2a, 0x9d, 0x2a, 0x9d, 0x2a, 0x9d, 0x2a, 0x9d, 0x2a, 0x9d, 0x2a, 0x9d, 0x2a,
  0xbd, 0x2a, 0xbd, 0x2a, 0xbd, 0x2a, 0xbd, 0x2a, 0xbd, 0x2a, 0x1d, 0x3b, 0xbd, 0x2a, 0xbd, 0x2a, 0xbd, 0x2a, 0xbd, 0x2a, 0xbd, 0x2a, 0xbd, 0x2a, 0xbd, 0x2a, 0xbd, 0x2a, 0xbd, 0x2a, 0xbd, 0x2a,
  0xbd, 0x2a, 0xbd, 0x2a, 0xbd, 0x2a, 0xbd, 0x2a, 0xbd, 0x2a, 0xbd, 0x2a, 0xbd, 0x2a, 0xbd, 0x2a, 0xbd, 0x2a, 0xbd, 0x2a, 0xbd, 0x2a, 0xbd, 0x2a, 0xbd, 0x2a, 0xbd, 0x2a, 0xbd, 0x2a, 0xbd, 0x2a,
  0xbd, 0x2a, 0xbd, 0x2a, 0xbd, 0x2a, 0xbd, 0x2a, 0xbd, 0x2a, 0xbd, 0x2a, 0xbd, 0x2a, 0x1d, 0x3b, 0xbd, 0x2a, 0xbd, 0x2a, 0xbd, 0x2a, 0xbd, 0x2a, 0xbd, 0x2a, 0xbd, 0x2a, 0xbd, 0x2a, 0xbd, 0x2a,
  0xbd, 0x2a, 0xbd, 0x2a, 0xbd, 0x2a, 0xbd, 0x2a, 0xbd, 0x2a, 0xbd, 0x2a, 0xbd, 0x2a, 0xbd, 0x2a, 0xbd, 0x2a, 0xbd, 0x2a, 0xbd, 0x2a, 0xbd, 0x2a, 0xbd, 0x2a, 0xbd, 0x2a, 0xbd, 0x2a, 0xbd, 0x2a,
  0xbd, 0x2a, 0xbd, 0x2a, 0xbd, 0x2a, 0xbd, 0x2a, 0xbd, 0x2a, 0xbd, 0x2a, 0xbd, 0x2a, 0xbd, 0x2a, 0xbd, 0x2a, 0x1d, 0x3b, 0xbd, 0x2a, 0xbd, 0x2a, 0xbd, 0x2a, 0xbd, 0x2a, 0xbd, 0x2a, 0xbd, 0x2a,
  0xbd, 0x2a, 0xbd, 0x2a, 0xbd, 0x2a, 0xbd, 0x2a, 0xbd, 0x2a, 0xbd, 0x2a, 0xbd, 0x2a, 0xbd, 0x2a, 0xbd, 0x2a, 0xbd, 0x2a, 0xbd, 0x2a, 0xbd, 0x2a, 0xbd, 0x2a, 0xbd, 0x2a, 0xbd, 0x2a, 0xbd, 0x2a,
  0xbd, 0x2a, 0xbd, 0x2a, 0xbd, 0x2a, 0xbd, 0x2a, 0xbd, 0x2a, 0xbd, 0x2a, 0xbd, 0x2a, 0xbd, 0x2a, 0xbd, 0x2a, 0xbd, 0x2a, 0xbd, 0x2a, 0x1d, 0x3b, 0xbd, 0x2a, 0xbd, 0x2a, 0xbd, 0x2a, 0xbd, 0x2a,
  0xbd, 0x2a, 0xbd, 0x2a, 0xbd, 0x2a, 0xbd, 0x2a, 0xbd, 0x2a, 0xbd, 0x2a, 0xbd, 0x2a, 0xbd, 0x2a, 0xbd, 0x2a, 0xbd, 0x2a, 0xbd, 0x2a, 0xbd, 0x2a, 0xbd, 0x2a, 0xbd, 0x2a, 0xbd, 0x2a, 0xbd, 0x2a,
  0xbd, 0x2a, 0xbd, 0x2a, 0xbd, 0x2a, 0xbd, 0x2a, 0xbd, 0x2a, 0xbd, 0x2a, 0xbd, 0x2a, 0xbd, 0x2a, 0xbd, 0x2a, 0xbd, 0x2a, 0xbd, 0x2a, 0xbd, 0x2a, 0xbd, 0x2a, 0x1d, 0x3b, 0xbd, 0x2a, 0xbd, 0x2a,
  0xbd, 0x2a, 0xbd, 0x2a, 0xbd, 0x2a, 0xbd, 0x2a, 0xbd, 0x2a, 0xbd, 0x2a, 0xbd, 0x2a, 0xbd, 0x2a, 0xbd, 0x2a, 0xbd, 0x2a, 0xbd, 0x2a, 0xbd, 0x2a, 0xbd, 0x2a, 0xbd, 0x2a, 0xbd, 0x2a, 0xbd, 0x2a,
  0xbd, 0x2a, 0xbd, 0x2a, 0xbd, 0x2a, 0xbd, 0x2a, 0xbd, 0x2a, 0xbd, 0x2a, 0xbd, 0x2a, 0xbd, 0x2a, 0xbd, 0x2a, 0xbd, 0x2a, 0xbd, 0x2a, 0xbd, 0x2a, 0xbd, 0x2a, 0xbd, 0x2a, 0xbd, 0x2a, 0x1d, 0x3b,
  0xbd, 0x2a, 0xbd, 0x2a, 0xbd, 0x2a, 0xbd, 0x2a, 0xbd, 0x2a, 0xbd, 0x2a, 0xbd, 0x2a, 0xbd, 0x2a, 0xbd, 0x2a, 0xbd, 0x2a, 0xbd, 0x2a, 0xbd, 0x2a, 0xbd, 0x2a, 0xbd, 0x2a, 0xbd, 0x2a, 0xbd, 0x2a,
  0xbd, 0x2a, 0xbd, 0x2a, 0xbd, 0x2a, 0xbd, 0x2a, 0xbd, 0x2a, 0xbd, 0x2a, 0xbd, 0x2a, 0xbd, 0x2a, 0xbd, 0x2a, 0xbd, 0x2a, 0xbd, 0x2a, 0xbd, 0x2a, 0xbd, 0x2a, 0xbd, 0x2a, 0xbd, 0x2a, 0xbd, 0x2a,
  0xbd, 0x2a, 0x1d, 0x3b, 0xbd, 0x2a, 0xbd, 0x2a, 0xbd, 0x2a, 0xbd, 0x2a, 0xbd, 0x2a, 0xbd, 0x2a, 0xbd, 0x2a, 0xbd, 0x2a, 0xbd, 0x2a, 0xbd, 0x2a, 0xbd, 0x2a, 0xbd, 0x2a, 0xbd, 0x2a, 0xbd, 0x2a,
  0xbd, 0x2a, 0xbd, 0x2a, 0xbd, 0x2a, 0xbd, 0x2a, 0xbd, 0x2a, 0xbd, 0x2a, 0xbd, 0x2a, 0xbd, 0x2a, 0xbd, 0x2a, 0xbd, 0x2a, 0xbd, 0x2a, 0xbd, 0x2a, 0xbd, 0x2a, 0xbd, 0x2a, 0xbd, 0x2a, 0xbd, 0x2a,
  0xbd, 0x2a, 0xbd, 0x2a, 0xbd, 0x2a, 0x1d, 0x3b, 0xbd, 0x2a, 0xbd, 0x2a, 0xbd, 0x2a, 0xbd, 0x2a, 0xbd, 0x2a, 0xbd, 0x2a, 0xbd, 0x2a, 0xbd, 0x2a, 0xbd, 0x2a, 0xbd, 0x2a, 0xbd, 0x2a, 0xbd, 0x2a,
  0xbd, 0x2a, 0xbd, 0x2a, 0xbd, 0x2a, 0xbd, 0x2a, 0xbd, 0x2a, 0xbd, 0x2a, 0xbd, 0x2a, 0xbd, 0x2a, 0xbd, 0x2a, 0xbd, 0x2a, 0xbd, 0x2a, 0xbd, 0x2a, 0xbd, 0x2a, 0xbd, 0x2a, 0xbd, 0x2a, 0xbd, 0x2a,
  0xbd, 0x2a, 0xbd, 0x2a, 0xbd, 0x2a, 0xbd, 0x2a, 0xbd, 0x2a, 0x1d, 0x3b, 0xbd, 0x2a, 0xbd, 0x2a, 0xbd, 0x2a, 0xbd, 0x2a, 0xbd, 0x2a, 0xbd, 0x2a, 0xbd, 0x2a, 0xbd, 0x2a, 0xbd, 0x2a, 0xbd, 0x2a,
  0xbd, 0x2a, 0xbd, 0x2a, 0xbd, 0x2a, 0xbd, 0x2a, 0xbd, 0x2a, 0xbd, 0x2a, 0xbd, 0x2a, 0xbd, 0x2a, 0xbd, 0x2a, 0xbd, 0x2a, 0xbd, 0x2a, 0xbd, 0x2a, 0xbd, 0x2a, 0xbd, 0x2a, 0xbd, 0x2a, 0xbd, 0x2a,
  0xbd, 0x2a, 0xbd, 0x2a, 0xbd, 0x2a, 0xbd, 0x2a, 0xbd, 0x2a, 0xbd, 0x2a, 0xbd, 0x2a, 0x1d, 0x3b, 0xbd, 0x2a, 0xbd, 0x2a, 0xbd, 0x2a, 0xbd, 0x2a, 0xbd, 0x2a, 0xbd, 0x2a, 0xbd, 0x2a, 0xbd, 0x2a,
  0x9d, 0x2a, 0x9d, 0x2a, 0x9d, 0x2a, 0x9d, 0x2a, 0xfd, 0x3a, 0x9d, 0x2a, 0x9d, 0x2a, 0x9d, 0x2a, 0x9d, 0x2a, 0x9d, 0x2a, 0x9d, 0x2a, 0x9d, 0x2a, 0x9d, 0x2a, 0x9d, 0x2a, 0x9d, 0x2a, 0x9d, 0x2a,
  0x9d, 0x2a, 0x9d, 0x2a, 0x9d, 0x2a, 0x9d, 0x2a, 0x9d, 0x2a, 0x9d, 0x2a, 0x9d, 0x2a, 0x9d, 0x2a, 0x9d, 0x2a, 0x9d, 0x2a, 0x9d, 0x2a, 0x9d, 0x2a, 0x9d, 0x2a, 0x9d, 0x2a, 0x9d, 0x2a, 0x9d, 0x2a,
  0x9d, 0x2a, 0x9d, 0x2a, 0x9d, 0x2a, 0x9d, 0x2a, 0x9d, 0x2a, 0x9d, 0x2a, 0xfd, 0x3a, 0x9d, 0x2a, 0x9d, 0x2a, 0x9d, 0x2a, 0x9d, 0x2a, 0x9d, 0x2a, 0x9d, 0x2a, 0x9d, 0x2a, 0x9d, 0x2a, 0x9d, 0x2a,
  0x9d, 0x2a, 0x9d, 0x2a, 0x9d, 0x2a, 0x9d, 0x2a, 0x9d, 0x2a, 0x9d, 0x2a, 0x9d, 0x2a, 0x9d, 0x2a, 0x9d, 0x2a, 0x9d, 0x2a, 0x9d, 0x2a, 0x9d, 0x2a, 0x9d, 0x2a, 0x9d, 0x2a, 0x9d, 0x2a, 0x9d, 0x2a,
  0x9d, 0x2a, 0x9d, 0x2a, 0x9d, 0x2a, 0x9d, 0x2a, 0x9d, 0x2a, 0x9d, 0x2a, 0x9d, 0x2a, 0x9d, 0x2a, 0xfd, 0x3a, 0x9d, 0x2a, 0x9d, 0x2a, 0x9d, 0x2a, 0x9d, 0x2a, 0x9d, 0x2a, 0x9d, 0x2a, 0x9d, 0x2a,
  0x9d, 0x2a, 0x9d, 0x2a, 0x9d, 0x2a, 0x9d, 0x2a, 0x9d, 0x2a, 0x9d, 0x2a, 0x9d, 0x2a, 0x9d, 0x2a, 0x9d, 0x2a, 0x9d, 0x2a, 0x9d, 0x2a, 0x9d, 0x2a, 0x9d, 0x2a, 0x9d, 0x2a, 0x9d, 0x2a, 0x9d, 0x2a,
  0x9d, 0x2a, 0x9d, 0x2a, 0x9d, 0x2a, 0x9d, 0x2a, 0x9d, 0x2a, 0x9d, 0x2a, 0x9d, 0x2a, 0x9d, 0x2a, 0x9d, 0x2a, 0x9d, 0x2a, 0xfd, 0x3a, 0x9d, 0x2a, 0x9d, 0x2a, 0x9d, 0x2a, 0x9d, 0x2a, 0x9d, 0x2a,
  0x9d, 0x2a, 0x9d, 0x2a, 0x9d, 0x2a, 0x9d, 0x2a, 0x9d, 0x2a, 0x9d, 0x2a, 0x9d, 0x2a, 0x9d, 0x2a, 0x9d, 0x2a, 0x9d, 0x2a, 0x9d, 0x2a, 0x9d, 0x2a, 0x9d, 0x2a, 0x9d, 0x2a, 0x9d, 0x2a, 0x9d, 0x2a,
  0x9d, 0x2a, 0x9d, 0x2a, 0x9d, 0x2a, 0x9d, 0x2a, 0x9d, 0x2a, 0x9d, 0x2a, 0x9d, 0x2a, 0x9d, 0x2a, 0x9d, 0x2a, 0x9d, 0x2a, 0x9d, 0x2a, 0x9d, 0x2a, 0xfd, 0x3a, 0x9d, 0x2a, 0x9d, 0x2a, 0x9d, 0x2a,
  0x9d, 0x2a, 0x9d, 0x2a, 0x9d, 0x2a, 0x9d, 0x2a, 0x9d, 0x2a, 0x9d, 0x2a, 0x9d, 0x2a, 0x9d, 0x2a, 0x9d, 0x2a, 0x9d, 0x2a, 0x9d, 0x2a, 0x9d, 0x2a, 0x9d, 0x2a, 0x9d, 0x2a, 0x9d, 0x2a, 0x9d, 0x2a,
  0x9d, 0x2a, 0x9d, 0x2a, 0x9d, 0x2a, 0x9d, 0x2a, 0x9d, 0x2a, 0x9d, 0x2a, 0x9d, 0x2a, 0x9d, 0x2a, 0x9d, 0x2a, 0x9d, 0x2a, 0x9d, 0x2a, 0x9d, 0x2a, 0x9d, 0x2a, 0x9d, 0x2a, 0xfd, 0x3a, 0x9d, 0x2a,
  0x9d, 0x2a, 0x9d, 0x2a, 0x9d, 0x2a, 0x9d, 0x2a, 0x9d, 0x2a, 0x9d, 0x2a, 0x9d, 0x2a, 0x9d, 0x2a, 0x9d, 0x2a, 0x9d, 0x2a, 0x9d, 0x2a, 0x9d, 0x2a, 0x9d, 0x2a, 0x9d, 0x2a, 0x9d, 0x2a, 0x9d, 0x2a,
  0x9d, 0x2a, 0x9d, 0x2a, 0x9d, 0x2a, 0x9d, 0x2a, 0x9d, 0x2a, 0x9d, 0x2a, 0x9d, 0x2a, 0x9d, 0x2a, 0x9d, 0x2a, 0x9d, 0x2a, 0x9d, 0x2a, 0x9d, 0x2a, 0x9d, 0x2a, 0x9d, 0x2a, 0x9d, 0x2a, 0x9d, 0x2a,
  0xfd, 0x3a, 0x9d, 0x2a, 0x9d, 0x2a, 0x9d, 0x2a, 0x9d, 0x2a, 0x9d, 0x2a, 0x9d, 0x2a, 0x9d, 0x2a, 0x9d, 0x2a, 0x9d, 0x2a, 0x9d, 0x2a, 0x9d, 0x2a, 0x9d, 0x2a, 0x9d, 0x2a, 0x9d, 0x2a, 0x9d, 0x2a,
  0x9d, 0x2a, 0x9d, 0x2a, 0x9d, 0x2a, 0x9d, 0x2a, 0x9d, 0x2a, 0x9d, 0x2a, 0x9d, 0x2a, 0x9d, 0x2a, 0x9d, 0x2a, 0x9d, 0x2a, 0x9d, 0x2a, 0x9d, 0x2a, 0x9d, 0x2a, 0x9d, 0x2a, 0x9d, 0x2a, 0x9d, 0x2a,
  0x9d, 0x2a, 0x9d, 0x2a, 0xfd, 0x3a, 0x9d, 0x2a, 0x9d, 0x2a, 0x9d, 0x2a, 0x9d, 0x2a, 0x9d, 0x2a, 0x9d, 0x2a, 0x9d, 0x2a, 0x9d, 0x2a, 0x9d, 0x2a, 0x9d, 0x2a, 0x9d, 0x2a, 0x9d, 0x2a, 0x9d, 0x2a,
  0x9d, 0x2a, 0x9d, 0x2a, 0x9d, 0x2a, 0x9d, 0x2a, 0x9d, 0x2a, 0x9d, 0x2a, 0x9d, 0x2a, 0x9d, 0x2a, 0x9d, 0x2a, 0x9d, 0x2a, 0x9d, 0x2a, 0x9d, 0x2a, 0x9d, 0x2a, 0x9d, 0x2a, 0x9d, 0x2a, 0x9d, 0x2a,
  0x9d, 0x2a, 0x9d, 0x2a, 0x9d, 0x2a, 0x9d, 0x2a, 0xfd, 0x3a, 0x9d, 0x2a, 0x9d, 0x2a, 0x9d, 0x2a, 0x9d, 0x2a, 0x9d, 0x2a, 0x9d, 0x2a, 0x9d, 0x2a, 0x9d, 0x2a, 0x9d, 0x2a, 0x9d, 0x2a, 0x9d, 0x2a,
  0x9d, 0x2a, 0x9d, 0x2a, 0x9d, 0x2a, 0x9d, 0x2a, 0x9d, 0x2a, 0x9d, 0x2a, 0x9d, 0x2a, 0x9d, 0x2a, 0x9d, 0x2a, 0x9d, 0x2a, 0x9d, 0x2a, 0x9d, 0x2a, 0x9d, 0x2a, 0x9d, 0x2a, 0x9d, 0x2a, 0x9d, 0x2a,
  0x9d, 0x2a, 0x9d, 0x2a, 0x9d, 0x2a, 0x9d, 0x2a, 0x9d, 0x2a, 0x9d, 0x2a, 0xfd, 0x3a, 0x9d, 0x2a, 0x9d, 0x2a, 0x9d, 0x2a, 0x9d, 0x2a, 0x9d, 0x2a, 0x9d, 0x2a, 0x9d, 0x2a, 0x9d, 0x2a, 0x9d, 0x2a,
  0xbd, 0x2a, 0xbd, 0x2a, 0xbd, 0x2a, 0xbd, 0x2a, 0x1d, 0x3b, 0xbd, 0x2a, 0xbd, 0x2a, 0xbd, 0x2a, 0xbd, 0x2a, 0xbd, 0x2a, 0xbd, 0x2a, 0xbd, 0x2a, 0xbd, 0x2a, 0xbd, 0x2a, 0xbd, 0x2a, 0xbd, 0x2a,
  0xbd, 0x2a, 0xbd, 0x2a, 0xbd, 0x2a, 0xbd, 0x2a, 0xbd, 0x2a, 0xbd, 0x2a, 0xbd, 0x2a, 0xbd, 0x2a, 0xbd, 0x2a, 0xbd, 0x2a, 0xbd, 0x2a, 0xbd, 0x2a, 0xbd, 0x2a, 0xbd, 0x2a, 0xbd, 0x2a, 0xbd, 0x2a,
  0xbd, 0x2a, 0xbd, 0x2a, 0xbd, 0x2a, 0xbd, 0x2a, 0xbd, 0x2a, 0xbd, 0x2a, 0x1d, 0x3b, 0xbd, 0x2a, 0xbd, 0x2a, 0xbd, 0x2a, 0xbd, 0x2a, 0xbd, 0x2a, 0xbd, 0x2a, 0xbd, 0x2a, 0xbd, 0x2a, 0xbd, 0x2a,
  0xbd, 0x2a, 0xbd, 0x2a, 0xbd, 0x2a, 0xbd, 0x2a, 0xbd, 0x2a, 0xbd, 0x2a, 0xbd, 0x2a, 0xbd, 0x2a, 0xbd, 0x2a, 0xbd, 0x2a, 0xbd, 0x2a, 0xbd, 0x2a, 0xbd, 0x2a, 0xbd, 0x2a, 0xbd, 0x2a, 0xbd, 0x2a,
  0xbd, 0x2a, 0xbd, 0x2a, 0xbd, 0x2a, 0xbd, 0x2a, 0xbd, 0x2a, 0xbd, 0x2a, 0xbd, 0x2a, 0xbd, 0x2a, 0x1d, 0x3b, 0xbd, 0x2a, 0xbd, 0x2a, 0xbd, 0x2a, 0xbd, 0x2a, 0xbd, 0x2a, 0xbd, 0x2a, 0xbd, 0x2a,
  0xbd, 0x2a, 0xbd, 0x2a, 0xbd, 0x2a, 0xbd, 0x2a, 0xbd, 0x2a, 0xbd, 0x2a, 0xbd, 0x2a, 0xbd, 0x2a, 0xbd, 0x2a, 0xbd, 0x2a, 0xbd, 0x2a, 0xbd, 0x2a, 0xbd, 0x2a, 0xbd, 0x2a, 0xbd, 0x2a, 0xbd, 0x2a,
  0xbd, 0x2a, 0xbd, 0x2a, 0xbd, 0x2a, 0xbd, 0x2a, 0xbd, 0x2a, 0xbd, 0x2a, 0xbd, 0x2a, 0xbd, 0x2a, 0xbd, 0x2a, 0xbd, 0x2a, 0x1d, 0x3b, 0xbd, 0x2a, 0xbd, 0x2a, 0xbd, 0x2a, 0xbd, 0x2a, 0xbd, 0x2a,
  0xbd, 0x2a, 0xbd, 0x2a, 0xbd, 0x2a, 0xbd, 0x2a, 0xbd, 0x2a, 0xbd, 0x2a, 0xbd, 0x2a, 0xbd, 0x2a, 0xbd, 0x2a, 0xbd, 0x2a, 0xbd, 0x2a, 0xbd, 0x2a, 0xbd, 0x2a, 0xbd, 0x2a, 0xbd, 0x2a, 0xbd, 0x2a,
  0xbd, 0x2a, 0xbd, 0x2a, 0xbd, 0x2a, 0xbd, 0x2a, 0xbd, 0x2a, 0xbd, 0x2a, 0xbd, 0x2a, 0xbd, 0x2a, 0xbd, 0x2a, 0xbd, 0x2a, 0xbd, 0x2a, 0xbd, 0x2a, 0x1d, 0x3b, 0xbd, 0x2a, 0xbd, 0x2a, 0xbd, 0x2a,
  0xbd, 0x2a, 0xbd, 0x2a, 0xbd, 0x2a, 0xbd, 0x2a, 0xbd, 0x2a, 0xbd, 0x2a, 0xbd, 0x2a, 0xbd, 0x2a, 0xbd, 0x2a, 0xbd, 0x2a, 0xbd, 0x2a, 0xbd, 0x2a, 0xbd, 0x2a, 0xbd, 0x2a, 0xbd, 0x2a, 0xbd, 0x2a,
  0xbd, 0x2a, 0xbd, 0x2a, 0xbd, 0x2a, 0xbd, 0x2a, 0xbd, 0x2a, 0xbd, 0x2a, 0xbd, 0x2a, 0xbd, 0x2a, 0xbd, 0x2a, 0xbd, 0x2a, 0xbd, 0x2a, 0xbd, 0x2a, 0xbd, 0x2a, 0xbd, 0x2a, 0x1d, 0x3b, 0xbd, 0x2a,
  0xbd, 0x2a, 0xbd, 0x2a, 0xbd, 0x2a, 0xbd, 0x2a, 0xbd, 0x2a, 0xbd, 0x2a, 0xbd, 0x2a, 0xbd, 0x2a, 0xbd, 0x2a, 0xbd, 0x2a, 0xbd, 0x2a, 0xbd, 0x2a, 0xbd, 0x2a, 0xbd, 0x2a, 0xbd, 0x2a, 0xbd, 0x2a,
  0xbd, 0x2a, 0xbd, 0x2a, 0xbd, 0x2a, 0xbd, 0x2a, 0xbd, 0x2a, 0xbd, 0x2a, 0xbd, 0x2a, 0xbd, 0x2a, 0xbd, 0x2a, 0xbd, 0x2a, 0xbd, 0x2a, 0xbd, 0x2a, 0xbd, 0x2a, 0xbd, 0x2a, 0xbd, 0x2a, 0xbd, 0x2a,
  0x1d, 0x3b, 0xbd, 0x2a, 0xbd, 0x2a, 0xbd, 0x2a, 0xbd, 0x2a, 0xbd, 0x2a, 0xbd, 0x2a, 0xbd, 0x2a, 0xbd, 0x2a, 0xbd, 0x2a, 0xbd, 0x2a, 0xbd, 0x2a, 0xbd, 0x2a, 0xbd, 0x2a, 0xbd, 0x2a, 0xbd, 0x2a,
  0xbd, 0x2a, 0xbd, 0x2a, 0xbd, 0x2a, 0xbd, 0x2a, 0xbd, 0x2a, 0xbd, 0x2a, 0xbd, 0x2a, 0xbd, 0x2a, 0xbd, 0x2a, 0xbd, 0x2a, 0xbd, 0x2a, 0xbd, 0x2a, 0xbd, 0x2a, 0xbd, 0x2a, 0xbd, 0x2a, 0xbd, 0x2a,
  0xbd, 0x2a, 0xbd, 0x2a, 0x1d, 0x3b, 0xbd, 0x2a, 0xbd, 0x2a, 0xbd, 0x2a, 0xbd, 0x2a, 0xbd, 0x2a, 0xbd, 0x2a, 0xbd, 0x2a, 0xbd, 0x2a, 0xbd, 0x2a, 0xbd, 0x2a, 0xbd, 0x2a, 0xbd, 0x2a, 0xbd, 0x2a,
  0xbd, 0x2a, 0xbd, 0x2a, 0xbd, 0x2a, 0xbd, 0x2a, 0xbd, 0x2a, 0xbd, 0x2a, 0xbd, 0x2a, 0xbd, 0x2a, 0xbd, 0x2a, 0xbd, 0x2a, 0xbd, 0x2a, 0xbd, 0x2a, 0xbd, 0x2a, 0xbd, 0x2a, 0xbd, 0x2a, 0xbd, 0x2a,
  0xbd, 0x2a, 0xbd, 0x2a, 0xbd, 0x2a, 0xbd, 0x2a, 0x1d, 0x3b, 0xbd, 0x2a, 0xbd, 0x2a, 0xbd, 0x2a, 0xbd, 0x2a, 0xbd, 0x2a, 0xbd, 0x2a, 0xbd, 0x2a, 0xbd, 0x2a, 0xbd, 0x2a, 0xbd, 0x2a, 0xbd, 0x2a,
  0xbd, 0x2a, 0xbd, 0x2a, 0xbd, 0x2a, 0xbd, 0x2a, 0xbd, 0x2a, 0xbd, 0x2a, 0xbd, 0x2a, 0xbd, 0x2a, 0xbd, 0x2a, 0xbd, 0x2a, 0xbd, 0x2a, 0xbd, 0x2a, 0xbd, 0x2a, 0xbd, 0x2a, 0xbd, 0x2a, 0xbd, 0x2a,
  0xbd, 0x2a, 0xbd, 0x2a, 0xbd, 0x2a, 0xbd, 0x2a, 0xbd, 0x2a, 0xbd, 0x2a, 0x1d, 0x3b, 0xbd, 0x2a, 0xbd, 0x2a, 0xbd, 0x2a, 0xbd, 0x2a, 0xbd, 0x2a, 0xbd, 0x2a, 0xbd, 0x2a, 0xbd, 0x2a, 0xbd, 0x2a,
  0xdd, 0x32, 0xdd, 0x32, 0xdd, 0x32, 0x3d, 0x43, 0xdd, 0x32, 0xdd, 0x32, 0xdd, 0x32, 0xdd, 0x32, 0xdd, 0x32, 0xdd, 0x32, 0xdd, 0x32, 0xdd, 0x32, 0xdd, 0x32, 0xdd, 0x32, 0xdd, 0x32, 0xdd, 0x32,
  0xdd, 0x32, 0xdd, 0x32, 0xdd, 0x32, 0xdd, 0x32, 0xdd, 0x32, 0xdd, 0x32, 0xdd, 0x32, 0xdd, 0x32, 0xdd, 0x32, 0xdd, 0x32, 0xdd, 0x32, 0xdd, 0x32, 0xdd, 0x32, 0xdd, 0x32, 0xdd, 0x32, 0xdd, 0x32,
  0xdd, 0x32, 0xdd, 0x32, 0xdd, 0x32, 0xdd, 0x32, 0xdd, 0x32, 0x3d, 0x43, 0xdd, 0x32, 0xdd, 0x32, 0xdd, 0x32, 0xdd, 0x32, 0xdd, 0x32, 0xdd, 0x32, 0xdd, 0x32, 0xdd, 0x32, 0xdd, 0x32, 0xdd, 0x32,
  0xdd, 0x32, 0xdd, 0x32, 0xdd, 0x32, 0xdd, 0x32, 0xdd, 0x32, 0xdd, 0x32, 0xdd, 0x32, 0xdd, 0x32, 0xdd, 0x32, 0xdd, 0x32, 0xdd, 0x32, 0xdd, 0x32, 0xdd, 0x32, 0xdd, 0x32, 0xdd, 0x32, 0xdd, 0x32,
  0xdd, 0x32, 0xdd, 0x32, 0xdd, 0x32, 0xdd, 0x32, 0xdd, 0x32, 0xdd, 0x32, 0xdd, 0x32, 0x3d, 0x43, 0xdd, 0x32, 0xdd, 0x32, 0xdd, 0x32, 0xdd, 0x32, 0xdd, 0x32, 0xdd, 0x32, 0xdd, 0x32, 0xdd, 0x32,
  0xdd, 0x32, 0xdd, 0x32, 0xdd, 0x32, 0xdd, 0x32, 0xdd, 0x32, 0xdd, 0x32, 0xdd, 0x32, 0xdd, 0x32, 0xdd, 0x32, 0xdd, 0x32, 0xdd, 0x32, 0xdd, 0x32, 0xdd, 0x32, 0xdd, 0x32, 0xdd, 0x32, 0xdd, 0x32,
  0xdd, 0x32, 0xdd, 0x32, 0xdd, 0x32, 0xdd, 0x32, 0xdd, 0x32, 0xdd, 0x32, 0xdd, 0x32, 0xdd, 0x32, 0xdd, 0x32, 0x3d, 0x43, 0xdd, 0x32, 0xdd, 0x32, 0xdd, 0x32, 0xdd, 0x32, 0xdd, 0x32, 0xdd, 0x32,
  0xdd, 0x32, 0xdd, 0x32, 0xdd, 0x32, 0xdd, 0x32, 0xdd, 0x32, 0xdd, 0x32, 0xdd, 0x32, 0xdd, 0x32, 0xdd, 0x32, 0xdd, 0x32, 0xdd, 0x32, 0xdd, 0x32, 0xdd, 0x32, 0xdd, 0x32, 0xdd, 0x32, 0xdd, 0x32,
  0xdd, 0x32, 0xdd, 0x32, 0xdd, 0x32, 0xdd, 0x32, 0xdd, 0x32, 0xdd, 0x32, 0xdd, 0x32, 0xdd, 0x32, 0xdd, 0x32, 0xdd, 0x32, 0xdd, 0x32, 0x3d, 0x43, 0xdd, 0x32, 0xdd, 0x32, 0xdd, 0x32, 0xdd, 0x32,
  0xdd, 0x32, 0xdd, 0x32, 0xdd, 0x32, 0xdd, 0x32, 0xdd, 0x32, 0xdd, 0x32, 0xdd, 0x32, 0xdd, 0x32, 0xdd, 0x32, 0xdd, 0x32, 0xdd, 0x32, 0xdd, 0x32, 0xdd, 0x32, 0xdd, 0x32, 0xdd, 0x32, 0xdd, 0x32,
  0xdd, 0x32, 0xdd, 0x32, 0xdd, 0x32, 0xdd, 0x32, 0xdd, 0x32, 0xdd, 0x32, 0xdd, 0x32, 0xdd, 0x32, 0xdd, 0x32, 0xdd, 0x32, 0xdd, 0x32, 0xdd, 0x32, 0xdd, 0x32, 0x3d, 0x43, 0xdd, 0x32, 0xdd, 0x32,
  0xdd, 0x32, 0xdd, 0x32, 0xdd, 0x32, 0xdd, 0x32, 0xdd, 0x32, 0xdd, 0x32, 0xdd, 0x32, 0xdd, 0x32, 0xdd, 0x32, 0xdd, 0x32, 0xdd, 0x32, 0xdd, 0x32, 0xdd, 0x32, 0xdd, 0x32, 0xdd, 0x32, 0xdd, 0x32,
  0xdd, 0x32, 0xdd, 0x32, 0xdd, 0x32, 0xdd, 0x32, 0xdd, 0x32, 0xdd, 0x32, 0xdd, 0x32, 0xdd, 0x32, 0xdd, 0x32, 0xdd, 0x32, 0xdd, 0x32, 0xdd, 0x32, 0xdd, 0x32, 0xdd, 0x32, 0xdd, 0x32, 0x3d, 0x43,
  0xdd, 0x32, 0xdd, 0x32, 0xdd, 0x32, 0xdd, 0x32, 0xdd, 0x32, 0xdd, 0x32, 0xdd, 0x32, 0xdd, 0x32, 0xdd, 0x32, 0xdd, 0x32, 0xdd, 0x32, 0xdd, 0x32, 0xdd, 0x32, 0xdd, 0x32, 0xdd, 0x32, 0xdd, 0x32,
  0xdd, 0x32, 0xdd, 0x32, 0xdd, 0x32, 0xdd, 0x32, 0xdd, 0x32, 0xdd, 0x32, 0xdd, 0x32, 0xdd, 0x32, 0xdd, 0x32, 0xdd, 0x32, 0xdd, 0x32, 0xdd, 0x32, 0xdd, 0x32, 0xdd, 0x32, 0xdd, 0x32, 0xdd, 0x32,
  0xdd, 0x32, 0x3d, 0x43, 0xdd, 0x32, 0xdd, 0x32, 0xdd, 0x32, 0xdd, 0x32, 0xdd, 0x32, 0xdd, 0x32, 0xdd, 0x32, 0xdd, 0x32, 0xdd, 0x32, 0xdd, 0x32, 0xdd, 0x32, 0xdd, 0x32, 0xdd, 0x32, 0xdd, 0x32,
  0xdd, 0x32, 0xdd, 0x32, 0xdd, 0x32, 0xdd, 0x32, 0xdd, 0x32, 0xdd, 0x32, 0xdd, 0x32, 0xdd, 0x32, 0xdd, 0x32, 0xdd, 0x32, 0xdd, 0x32, 0xdd, 0x32, 0xdd, 0x32, 0xdd, 0x32, 0xdd, 0x32, 0xdd, 0x32,
  0xdd, 0x32, 0xdd, 0x32, 0xdd, 0x32, 0x3d, 0x43, 0xdd, 0x32, 0xdd, 0x32, 0xdd, 0x32, 0xdd, 0x32, 0xdd, 0x32, 0xdd, 0x32, 0xdd, 0x32, 0xdd, 0x32, 0xdd, 0x32, 0xdd, 0x32, 0xdd, 0x32, 0xdd, 0x32,
  0xdd, 0x32, 0xdd, 0x32, 0xdd, 0x32, 0xdd, 0x32, 0xdd, 0x32, 0xdd, 0x32, 0xdd, 0x32, 0xdd, 0x32, 0xdd, 0x32, 0xdd, 0x32, 0xdd, 0x32, 0xdd, 0x32, 0xdd, 0x32, 0xdd, 0x32, 0xdd, 0x32, 0xdd, 0x32,
  0xdd, 0x32, 0xdd, 0x32, 0xdd, 0x32, 0xdd, 0x32, 0xdd, 0x32, 0x3d, 0x43, 0xdd, 0x32, 0xdd, 0x32, 0xdd, 0x32, 0xdd, 0x32, 0xdd, 0x32, 0xdd, 0x32, 0xdd, 0x32, 0xdd, 0x32, 0xdd, 0x32, 0xdd, 0x32,
  0xbd, 0x2a, 0xbd, 0x2a, 0x1d, 0x3b, 0xbd, 0x2a, 0xbd, 0x2a, 0xbd, 0x2a, 0xbd, 0x2a, 0xbd, 0x2a, 0xbd, 0x2a, 0xbd, 0x2a, 0xbd, 0x2a, 0xbd, 0x2a, 0xbd, 0x2a, 0xbd, 0x2a, 0xbd, 0x2a, 0xbd, 0x2a,
  0xbd, 0x2a, 0xbd, 0x2a, 0xbd, 0x2a, 0xbd, 0x2a, 0xbd, 0x2a, 0xbd, 0x2a, 0xbd, 0x2a, 0xbd, 0x2a, 0xbd, 0x2a, 0xbd, 0x2a, 0xbd, 0x2a, 0xbd, 0x2a, 0xbd, 0x2a, 0xbd, 0x2a, 0xbd, 0x2a, 0xbd, 0x2a,
  0xbd, 0x2a, 0xbd, 0x2a, 0xbd, 0x2a, 0xbd, 0x2a, 0x1d, 0x3b, 0xbd, 0x2a, 0xbd, 0x2a, 0xbd, 0x2a, 0xbd, 0x2a, 0xbd, 0x2a, 0xbd, 0x2a, 0xbd, 0x2a, 0xbd, 0x2a, 0xbd, 0x2a, 0xbd, 0x2a, 0xbd, 0x2a,
  0xbd, 0x2a, 0xbd, 0x2a, 0xbd, 0x2a, 0xbd, 0x2a, 0xbd, 0x2a, 0xbd, 0x2a, 0xbd, 0x2a, 0xbd, 0x2a, 0xbd, 0x2a, 0xbd, 0x2a, 0xbd, 0x2a, 0xbd, 0x2a, 0xbd, 0x2a, 0xbd, 0x2a, 0xbd, 0x2a, 0xbd, 0x2a,
  0xbd, 0x2a, 0xbd, 0x2a, 0xbd, 0x2a, 0xbd, 0x2a, 0xbd, 0x2a, 0xbd, 0x2a, 0x1d, 0x3b, 0xbd, 0x2a, 0xbd, 0x2a, 0xbd, 0x2a, 0xbd, 0x2a, 0xbd, 0x2a, 0xbd, 0x2a, 0xbd, 0x2a, 0xbd, 0x2a, 0xbd, 0x2a,
  0xbd, 0x2a, 0xbd, 0x2a, 0xbd, 0x2a, 0xbd, 0x2a, 0xbd, 0x2a, 0xbd, 0x2a, 0xbd, 0x2a, 0xbd, 0x2a, 0xbd, 0x2a, 0xbd, 0x2a, 0xbd, 0x2a, 0xbd, 0x2a, 0xbd, 0x2a, 0xbd, 0x2a, 0xbd, 0x2a, 0xbd, 0x2a,
  0xbd, 0x2a, 0xbd, 0x2a, 0xbd, 0x2a, 0xbd, 0x53, 0xde, 0xad, 0x3f, 0xdf, 0xbf, 0xf7, 0xdf, 0xf7, 0x7f, 0xef, 0x5e, 0xbe, 0x7e, 0x6c, 0xbd, 0x2a, 0xbd, 0x2a, 0xbd, 0x2a, 0xbd, 0x2a, 0x7e, 0x9d,
  0xff, 0xff, 0xff, 0xff, 0xff, 0xff, 0xff, 0xff, 0xff, 0xff, 0xff, 0xff, 0xff, 0xff, 0xff, 0xff, 0xff, 0xff, 0xff, 0xff, 0xff, 0xff, 0xff, 0xff, 0xbd, 0x2a, 0xbd, 0x2a, 0xbd, 0x2a, 0xbd, 0x2a,
  0xbd, 0x2a, 0x1d, 0x3b, 0xdf, 0xf7, 0xff, 0xff, 0xff, 0xff, 0x5e, 0xbe, 0xbd, 0x2a, 0xbd, 0x2a, 0xbd, 0x2a, 0xbd, 0x2a, 0x1d, 0x3b, 0xbd, 0x2a, 0x7f, 0xc6, 0xff, 0xff, 0xff, 0xff, 0x9f, 0xef,
  0x1d, 0x3b, 0xbd, 0x2a, 0xbd, 0x2a, 0xbd, 0x2a, 0xbd, 0x2a, 0xbd, 0x2a, 0x1e, 0x64, 0xff, 0xff, 0xff, 0xff, 0xff, 0xff, 0xbe, 0x7c, 0xbd, 0x2a, 0xbd, 0x2a, 0xbd, 0x2a, 0xbd, 0x2a, 0xbd, 0x2a,
  0xbd, 0x2a, 0xbd, 0x2a, 0xbd, 0x2a, 0xbd, 0x2a, 0xbd, 0x2a, 0x1d, 0x3b, 0x3e, 0x8d, 0xbf, 0xce, 0x7f, 0xef, 0xdf, 0xff, 0x9f, 0xef, 0xdf, 0xd6, 0x9e, 0x9d, 0x3d, 0x43, 0xbd, 0x2a, 0xbd, 0x2a,
  0xbd, 0x2a, 0xbd, 0x2a, 0xbd, 0x2a, 0xde, 0x84, 0xff, 0xff, 0xff, 0xff, 0xff, 0xff, 0xff, 0xff, 0xff, 0xff, 0xff, 0xff, 0xdf, 0xf7, 0x7f, 0xef, 0x7f, 0xc6, 0x3e, 0x64, 0xbd, 0x2a, 0xbd, 0x2a,
  0xbd, 0x2a, 0xbd, 0x2a, 0xde, 0x84, 0xff, 0xff, 0xff, 0xff, 0xff, 0xff, 0xff, 0xff, 0xff, 0xff, 0xff, 0xff, 0xff, 0xff, 0xff, 0xff, 0xff, 0xff, 0xff, 0xff, 0xff, 0xff, 0x7e, 0x74, 0xbd, 0x2a,
  0xbd, 0x2a, 0x9e, 0x74, 0xff, 0xff, 0xff, 0xff, 0xbf, 0xef, 0x3d, 0x3b, 0xbd, 0x2a, 0xbd, 0x2a, 0xbd, 0x2a, 0xbd, 0x2a, 0xbd, 0x2a, 0x1f, 0xdf, 0xff, 0xff, 0xff, 0xff, 0x5d, 0x43, 0xbd, 0x2a,
  0xbd, 0x2a, 0xbd, 0x2a, 0xbd, 0x2a, 0xbd, 0x2a, 0xbd, 0x2a, 0xbd, 0x2a, 0xbd, 0x2a, 0xbd, 0x2a, 0xbd, 0x2a, 0xbd, 0x2a, 0xbd, 0x2a, 0xbd, 0x2a, 0xbd, 0x2a, 0xbd, 0x2a, 0xbd, 0x2a, 0xbd, 0x2a,
  0x1d, 0x3b, 0xbd, 0x2a, 0xbd, 0x2a, 0xbd, 0x2a, 0xbd, 0x2a, 0xbd, 0x2a, 0xbd, 0x2a, 0xbd, 0x2a, 0xbd, 0x2a, 0xbd, 0x2a, 0xbd, 0x2a, 0xbd, 0x2a, 0xbd, 0x2a, 0xbd, 0x2a, 0xbd, 0x2a, 0xbd, 0x2a,
  0xbd, 0x2a, 0xbd, 0x2a, 0xbd, 0x2a, 0xbd, 0x2a, 0xbd, 0x2a, 0xbd, 0x2a, 0xbd, 0x2a, 0xbd, 0x2a, 0xbd, 0x2a, 0xbd, 0x2a, 0xbd, 0x2a, 0xbd, 0x2a, 0xbd, 0x2a, 0xbd, 0x2a, 0xbd, 0x2a, 0xbd, 0x2a,
  0xbd, 0x2a, 0xbd, 0x2a, 0x1d, 0x3b, 0xbd, 0x2a, 0xbd, 0x2a, 0xbd, 0x2a, 0xbd, 0x2a, 0xbd, 0x2a, 0xbd, 0x2a, 0xbd, 0x2a, 0xbd, 0x2a, 0xbd, 0x2a, 0xbd, 0x2a, 0xbd, 0x2a, 0xbd, 0x2a, 0xbd, 0x2a,
  0xbd, 0x2a, 0xbd, 0x2a, 0xbd, 0x2a, 0xbd, 0x2a, 0xbd, 0x2a, 0xbd, 0x2a, 0xbd, 0x2a, 0xbd, 0x2a, 0xbd, 0x2a, 0xbd, 0x2a, 0xbd, 0x2a, 0xbd, 0x2a, 0xbd, 0x2a, 0xbd, 0x2a, 0xbd, 0x2a, 0xbd, 0x2a,
  0xbd, 0x2a, 0xbd, 0x2a, 0xbd, 0x2a, 0xbd, 0x2a, 0x1d, 0x3b, 0xbd, 0x2a, 0xbd, 0x2a, 0xbd, 0x2a, 0xbd, 0x2a, 0xbd, 0x2a, 0xbd, 0x2a, 0xbd, 0x2a, 0xbd, 0x2a, 0xbd, 0x2a, 0xbd, 0x2a, 0xbd, 0x2a,
  0xfd, 0x3a, 0x3d, 0x43, 0xfd, 0x3a, 0xfd, 0x3a, 0xfd, 0x3a, 0xfd, 0x3a, 0xfd, 0x3a, 0xfd, 0x3a, 0xfd, 0x3a, 0xfd, 0x3a, 0xfd, 0x3a, 0xfd, 0x3a, 0xfd, 0x3a, 0xfd, 0x3a, 0xfd, 0x3a, 0xfd, 0x3a,
  0xfd, 0x3a, 0xfd, 0x3a, 0xfd, 0x3a, 0xfd, 0x3a, 0xfd, 0x3a, 0xfd, 0x3a, 0xfd, 0x3a, 0xfd, 0x3a, 0xfd, 0x3a, 0xfd, 0x3a, 0xfd, 0x3a, 0xfd, 0x3a, 0xfd, 0x3a, 0xfd, 0x3a, 0xfd, 0x3a, 0xfd, 0x3a,
  0xfd, 0x3a, 0xfd, 0x3a, 0xfd, 0x3a, 0x3d, 0x43, 0xfd, 0x3a, 0xfd, 0x3a, 0xfd, 0x3a, 0xfd, 0x3a, 0xfd, 0x3a, 0xfd, 0x3a, 0xfd, 0x3a, 0xfd, 0x3a, 0xfd, 0x3a, 0xfd, 0x3a, 0xfd, 0x3a, 0xfd, 0x3a,
  0xfd, 0x3a, 0xfd, 0x3a, 0xfd, 0x3a, 0xfd, 0x3a, 0xfd, 0x3a, 0xfd, 0x3a, 0xfd, 0x3a, 0xfd, 0x3a, 0xfd, 0x3a, 0xfd, 0x3a, 0xfd, 0x3a, 0xfd, 0x3a, 0xfd, 0x3a, 0xfd, 0x3a, 0xfd, 0x3a, 0xfd, 0x3a,
  0xfd, 0x3a, 0xfd, 0x3a, 0xfd, 0x3a, 0xfd, 0x3a, 0xfd, 0x3a, 0x3d, 0x43, 0xfd, 0x3a, 0xfd, 0x3a, 0xfd, 0x3a, 0xfd, 0x3a, 0xfd, 0x3a, 0xfd, 0x3a, 0xfd, 0x3a, 0xfd, 0x3a, 0xfd, 0x3a, 0xfd, 0x3a,
  0xfd, 0x3a, 0xfd, 0x3a, 0xfd, 0x3a, 0xfd, 0x3a, 0xfd, 0x3a, 0xfd, 0x3a, 0xfd, 0x3a, 0xfd, 0x3a, 0xfd, 0x3a, 0xfd, 0x3a, 0xfd, 0x3a, 0xfd, 0x3a, 0xfd, 0x3a, 0xfd, 0x3a, 0xfd, 0x3a, 0xfd, 0x3a,
  0xfd, 0x3a, 0xfd, 0x3a, 0x1e, 0x8d, 0xff, 0xff, 0xff, 0xff, 0xff, 0xff, 0xff, 0xff, 0xff, 0xff, 0xff, 0xff, 0xff, 0xff, 0xff, 0xff, 0x3e, 0xbe, 0xfd, 0x3a, 0xfd, 0x3a, 0xfd, 0x3a, 0x9e, 0xa5,
  0xff, 0xff, 0xff, 0xff, 0xff, 0xff, 0xff, 0xff, 0xff, 0xff, 0xff, 0xff, 0xff, 0xff, 0xff, 0xff, 0xff, 0xff, 0xff, 0xff, 0xff, 0xff, 0xff, 0xff, 0xfd, 0x3a, 0xfd, 0x3a, 0xfd, 0x3a, 0xfd, 0x3a,
  0xfd, 0x3a, 0x3e, 0x8d, 0xff, 0xff, 0xff, 0xff, 0xff, 0xff, 0xff, 0xff, 0x7d, 0x4b, 0xfd, 0x3a, 0xfd, 0x3a, 0x3d, 0x43, 0xfd, 0x3a, 0xfd, 0x3a, 0x9d, 0x53, 0xdf, 0xf7, 0xff, 0xff, 0xff, 0xff,
  0xde, 0xad, 0xfd, 0x3a, 0xfd, 0x3a, 0xfd, 0x3a, 0xfd, 0x3a, 0xfd, 0x3a, 0xff, 0xd6, 0xff, 0xff, 0xff, 0xff, 0xdf, 0xce, 0xfd, 0x3a, 0xfd, 0x3a, 0xfd, 0x3a, 0xfd, 0x3a, 0xfd, 0x3a, 0xfd, 0x3a,
  0xfd, 0x3a, 0xfd, 0x3a, 0xfd, 0x3a, 0xfd, 0x3a, 0x9e, 0x74, 0xbf, 0xf7, 0xff, 0xff, 0xff, 0xff, 0xff, 0xff, 0xff, 0xff, 0xff, 0xff, 0xff, 0xff, 0xff, 0xff, 0xdf, 0xf7, 0xfe, 0x84, 0xfd, 0x3a,
  0xfd, 0x3a, 0xfd, 0x3a, 0xfd, 0x3a, 0xfe, 0x8c, 0xff, 0xff, 0xff, 0xff, 0xff, 0xff, 0xff, 0xff, 0xff, 0xff, 0xff, 0xff, 0xff, 0xff, 0xff, 0xff, 0xff, 0xff, 0xff, 0xff, 0x1e, 0x8d, 0xfd, 0x3a,
  0xfd, 0x3a, 0xfd, 0x3a, 0xfe, 0x8c, 0xff, 0xff, 0xff, 0xff, 0xff, 0xff, 0xff, 0xff, 0xff, 0xff, 0xff, 0xff, 0xff, 0xff, 0xff, 0xff, 0xff, 0xff, 0xff, 0xff, 0xff, 0xff, 0x5e, 0x6c, 0xfd, 0x3a,
  0xfd, 0x3a, 0xbe, 0x7c, 0xff, 0xff, 0xff, 0xff, 0xff, 0xff, 0x1e, 0xb6, 0xfd, 0x3a, 0xfd, 0x3a, 0xfd, 0x3a, 0xfd, 0x3a, 0xfd, 0x3a, 0x1f, 0xdf, 0xff, 0xff, 0xff, 0xff, 0x9d, 0x53, 0xfd, 0x3a,
  0xfd, 0x3a, 0xfd, 0x3a, 0xfd, 0x3a, 0xfd, 0x3a, 0xfd, 0x3a, 0xfd, 0x3a, 0xfd, 0x3a, 0xfd, 0x3a, 0xfd, 0x3a, 0xfd, 0x3a, 0xfd, 0x3a, 0xfd, 0x3a, 0xfd, 0x3a, 0xfd, 0x3a, 0xfd, 0x3a, 0x3d, 0x43,
  0xfd, 0x3a, 0xfd, 0x3a, 0xfd, 0x3a, 0xfd, 0x3a, 0xfd, 0x3a, 0xfd, 0x3a, 0xfd, 0x3a, 0xfd, 0x3a, 0xfd, 0x3a, 0xfd, 0x3a, 0xfd, 0x3a, 0xfd, 0x3a, 0xfd, 0x3a, 0xfd, 0x3a, 0xfd, 0x3a, 0xfd, 0x3a,
  0xfd, 0x3a, 0xfd, 0x3a, 0xfd, 0x3a, 0xfd, 0x3a, 0xfd, 0x3a, 0xfd, 0x3a, 0xfd, 0x3a, 0xfd, 0x3a, 0xfd, 0x3a, 0xfd, 0x3a, 0xfd, 0x3a, 0xfd, 0x3a, 0xfd, 0x3a, 0xfd, 0x3a, 0xfd, 0x3a, 0xfd, 0x3a,
  0xfd, 0x3a, 0x3d, 0x43, 0xfd, 0x3a, 0xfd, 0x3a, 0xfd, 0x3a, 0xfd, 0x3a, 0xfd, 0x3a, 0xfd, 0x3a, 0xfd, 0x3a, 0xfd, 0x3a, 0xfd, 0x3a, 0xfd, 0x3a, 0xfd, 0x3a, 0xfd, 0x3a, 0xfd, 0x3a, 0xfd, 0x3a,
  0xfd, 0x3a, 0xfd, 0x3a, 0xfd, 0x3a, 0xfd, 0x3a, 0xfd, 0x3a, 0xfd, 0x3a, 0xfd, 0x3a, 0xfd, 0x3a, 0xfd, 0x3a, 0xfd, 0x3a, 0xfd, 0x3a, 0xfd, 0x3a, 0xfd, 0x3a, 0xfd, 0x3a, 0xfd, 0x3a, 0xfd, 0x3a,
  0xfd, 0x3a, 0xfd, 0x3a, 0xfd, 0x3a, 0x3d, 0x43, 0xfd, 0x3a, 0xfd, 0x3a, 0xfd, 0x3a, 0xfd, 0x3a, 0xfd, 0x3a, 0xfd, 0x3a, 0xfd, 0x3a, 0xfd, 0x3a, 0xfd, 0x3a, 0xfd, 0x3a, 0xfd, 0x3a, 0xfd, 0x3a,
  0xfd, 0x3a, 0x9d, 0x2a, 0x9d, 0x2a, 0x9d, 0x2a, 0x9d, 0x2a, 0x9d, 0x2a, 0x9d, 0x2a, 0x9d, 0x2a, 0x9d, 0x2a, 0x9d, 0x2a, 0x9d, 0x2a, 0x9d, 0x2a, 0x9d, 0x2a, 0x9d, 0x2a, 0x9d, 0x2a, 0x9d, 0x2a,
  0x9d, 0x2a, 0x9d, 0x2a, 0x9d, 0x2a, 0x9d, 0x2a, 0x9d, 0x2a, 0x9d, 0x2a, 0x9d, 0x2a, 0x9d, 0x2a, 0x9d, 0x2a, 0x9d, 0x2a, 0x9d, 0x2a, 0x9d, 0x2a, 0x9d, 0x2a, 0x9d, 0x2a, 0x9d, 0x2a, 0x9d, 0x2a,
  0x9d, 0x2a, 0x9d, 0x2a, 0xfd, 0x3a, 0x9d, 0x2a, 0x9d, 0x2a, 0x9d, 0x2a, 0x9d, 0x2a, 0x9d, 0x2a, 0x9d, 0x2a, 0x9d, 0x2a, 0x9d, 0x2a, 0x9d, 0x2a, 0x9d, 0x2a, 0x9d, 0x2a, 0x9d, 0x2a, 0x9d, 0x2a,
  0x9d, 0x2a, 0x9d, 0x2a, 0x9d, 0x2a, 0x9d, 0x2a, 0x9d, 0x2a, 0x9d, 0x2a, 0x9d, 0x2a, 0x9d, 0x2a, 0x9d, 0x2a, 0x9d, 0x2a, 0x9d, 0x2a, 0x9d, 0x2a, 0x9d, 0x2a, 0x9d, 0x2a, 0x9d, 0x2a, 0x9d, 0x2a,
  0x9d, 0x2a, 0x9d, 0x2a, 0x9d, 0x2a, 0x9d, 0x2a, 0xfd, 0x3a, 0x9d, 0x2a, 0x9d, 0x2a, 0x9d, 0x2a, 0x9d, 0x2a, 0x9d, 0x2a, 0x9d, 0x2a, 0x9d, 0x2a, 0x9d, 0x2a, 0x9d, 0x2a, 0x9d, 0x2a, 0x9d, 0x2a,
  0x9d, 0x2a, 0x9d, 0x2a, 0x9d, 0x2a, 0x9d, 0x2a, 0x9d, 0x2a, 0x9d, 0x2a, 0x9d, 0x2a, 0x9d, 0x2a, 0x9d, 0x2a, 0x9d, 0x2a, 0x9d, 0x2a, 0x9d, 0x2a, 0x9d, 0x2a, 0x9d, 0x2a, 0x9d, 0x2a, 0x9d, 0x2a,
  0x9d, 0x2a, 0x9d, 0x53, 0xff, 0xff, 0xff, 0xff, 0xff, 0xff, 0xff, 0xff, 0xff, 0xff, 0xff, 0xff, 0xff, 0xff, 0xff, 0xff, 0xff, 0xff, 0xff, 0xff, 0x1e, 0x8d, 0x9d, 0x2a, 0x9d, 0x2a, 0x7e, 0x9d,
  0xff, 0xff, 0xff, 0xff, 0xff, 0xff, 0xff, 0xff, 0xff, 0xff, 0xff, 0xff, 0xff, 0xff, 0xff, 0xff, 0xff, 0xff, 0xff, 0xff, 0xff, 0xff, 0xff, 0xff, 0x9d, 0x2a, 0x9d, 0x2a, 0x9d, 0x2a, 0x9d, 0x2a,
  0x9d, 0x2a, 0xff, 0xd6, 0xff, 0xff, 0xff, 0xff, 0xff, 0xff, 0xff, 0xff, 0x3e, 0x95, 0x9d, 0x2a, 0xfd, 0x3a, 0x9d, 0x2a, 0x9d, 0x2a, 0x9d, 0x2a, 0x9d, 0x2a, 0x3e, 0x8d, 0xff, 0xff, 0xff, 0xff,
  0xdf, 0xff, 0x7d, 0x4b, 0x9d, 0x2a, 0x9d, 0x2a, 0x9d, 0x2a, 0xbe, 0x7c, 0xff, 0xff, 0xff, 0xff, 0xdf, 0xff, 0x7d, 0x4b, 0x9d, 0x2a, 0x9d, 0x2a, 0x9d, 0x2a, 0x9d, 0x2a, 0x9d, 0x2a, 0x9d, 0x2a,
  0x9d, 0x2a, 0x9d, 0x2a, 0x9d, 0x2a, 0x3e, 0x6c, 0xff, 0xff, 0xff, 0xff, 0xff, 0xff, 0xff, 0xff, 0xff, 0xff, 0xff, 0xff, 0xff, 0xff, 0xff, 0xff, 0xff, 0xff, 0xff, 0xff, 0xff, 0xff, 0xfe, 0x84,
  0x9d, 0x2a, 0x9d, 0x2a, 0x9d, 0x2a, 0xde, 0x84, 0xff, 0xff, 0xff, 0xff, 0xff, 0xff, 0xff, 0xff, 0xff, 0xff, 0xff, 0xff, 0xff, 0xff, 0xff, 0xff, 0xff, 0xff, 0xff, 0xff, 0xdf, 0xf7, 0x3d, 0x43,
  0x9d, 0x2a, 0x9d, 0x2a, 0xde, 0x84, 0xff, 0xff, 0xff, 0xff, 0xff, 0xff, 0xff, 0xff, 0xff, 0xff, 0xff, 0xff, 0xff, 0xff, 0xff, 0xff, 0xff, 0xff, 0xff, 0xff, 0xff, 0xff, 0x1e, 0x64, 0x9d, 0x2a,
  0x9d, 0x2a, 0x9e, 0x74, 0xff, 0xff, 0xff, 0xff, 0xff, 0xff, 0xff, 0xff, 0xbe, 0x5b, 0x9d, 0x2a, 0x9d, 0x2a, 0x9d, 0x2a, 0x9d, 0x2a, 0x1f, 0xdf, 0xff, 0xff, 0xff, 0xff, 0x3d, 0x43, 0x9d, 0x2a,
  0x9d, 0x2a, 0x9d, 0x2a, 0x9d, 0x2a, 0x9d, 0x2a, 0x9d, 0x2a, 0x9d, 0x2a, 0x9d, 0x2a, 0x9d, 0x2a, 0x9d, 0x2a, 0x9d, 0x2a, 0x9d, 0x2a, 0x9d, 0x2a, 0x9d, 0x2a, 0x9d, 0x2a, 0xfd, 0x3a, 0x9d, 0x2a,
  0x9d, 0x2a, 0x9d, 0x2a, 0x9d, 0x2a, 0x9d, 0x2a, 0x9d, 0x2a, 0x9d, 0x2a, 0x9d, 0x2a, 0x9d, 0x2a, 0x9d, 0x2a, 0x9d, 0x2a, 0x9d, 0x2a, 0x9d, 0x2a, 0x9d, 0x2a, 0x9d, 0x2a, 0x9d, 0x2a, 0x9d, 0x2a,
  0x9d, 0x2a, 0x9d, 0x2a, 0x9d, 0x2a, 0x9d, 0x2a, 0x9d, 0x2a, 0x9d, 0x2a, 0x9d, 0x2a, 0x9d, 0x2a, 0x9d, 0x2a, 0x9d, 0x2a, 0x9d, 0x2a, 0x9d, 0x2a, 0x9d, 0x2a, 0x9d, 0x2a, 0x9d, 0x2a, 0x9d, 0x2a,
  0xfd, 0x3a, 0x9d, 0x2a, 0x9d, 0x2a, 0x9d, 0x2a, 0x9d, 0x2a, 0x9d, 0x2a, 0x9d, 0x2a, 0x9d, 0x2a, 0x9d, 0x2a, 0x9d, 0x2a, 0x9d, 0x2a, 0x9d, 0x2a, 0x9d, 0x2a, 0x9d, 0x2a, 0x9d, 0x2a, 0x9d, 0x2a,
  0x9d, 0x2a, 0x9d, 0x2a, 0x9d, 0x2a, 0x9d, 0x2a, 0x9d, 0x2a, 0x9d, 0x2a, 0x9d, 0x2a, 0x9d, 0x2a, 0x9d, 0x2a, 0x9d, 0x2a, 0x9d, 0x2a, 0x9d, 0x2a, 0x9d, 0x2a, 0x9d, 0x2a, 0x9d, 0x2a, 0x9d, 0x2a,
  0x9d, 0x2a, 0x9d, 0x2a, 0xfd, 0x3a, 0x9d, 0x2a, 0x9d, 0x2a, 0x9d, 0x2a, 0x9d, 0x2a, 0x9d, 0x2a, 0x9d, 0x2a, 0x9d, 0x2a, 0x9d, 0x2a, 0x9d, 0x2a, 0x9d, 0x2a, 0x9d, 0x2a, 0x9d, 0x2a, 0x9d, 0x2a,
  0x9d, 0x2a, 0x9d, 0x2a, 0x9d, 0x2a, 0x9d, 0x2a, 0x9d, 0x2a, 0x9d, 0x2a, 0x9d, 0x2a, 0x9d, 0x2a, 0x9d, 0x2a, 0x9d, 0x2a, 0x9d, 0x2a, 0x9d, 0x2a, 0x9d, 0x2a, 0x9d, 0x2a, 0x9d, 0x2a, 0x9d, 0x2a,
  0x9d, 0x2a, 0x9d, 0x2a, 0x9d, 0x2a, 0x9d, 0x2a, 0x9d, 0x2a, 0x9d, 0x2a, 0x9d, 0x2a, 0x9d, 0x2a, 0x9d, 0x2a, 0x9d, 0x2a, 0x9d, 0x2a, 0x9d, 0x2a, 0x9d, 0x2a, 0x9d, 0x2a, 0x9d, 0x2a, 0x9d, 0x2a,
  0x9d, 0x2a, 0xfd, 0x3a, 0x9d, 0x2a, 0x9d, 0x2a, 0x9d, 0x2a, 0x9d, 0x2a, 0x9d, 0x2a, 0x9d, 0x2a, 0x9d, 0x2a, 0x9d, 0x2a, 0x9d, 0x2a, 0x9d, 0x2a, 0x9d, 0x2a, 0x9d, 0x2a, 0x9d, 0x2a, 0x9d, 0x2a,
  0x9d, 0x2a, 0x9d, 0x2a, 0x9d, 0x2a, 0x9d, 0x2a, 0x9d, 0x2a, 0x9d, 0x2a, 0x9d, 0x2a, 0x9d, 0x2a, 0x9d, 0x2a, 0x9d, 0x2a, 0x9d, 0x2a, 0x9d, 0x2a, 0x9d, 0x2a, 0x9d, 0x2a, 0x9d, 0x2a, 0x9d, 0x2a,
  0x9d, 0x2a, 0x9d, 0x2a, 0x9d, 0x2a, 0xfd, 0x3a, 0x9d, 0x2a, 0x9d, 0x2a, 0x9d, 0x2a, 0x9d, 0x2a, 0x9d, 0x2a, 0x9d, 0x2a, 0x9d, 0x2a, 0x9d, 0x2a, 0x9d, 0x2a, 0x9d, 0x2a, 0x9d, 0x2a, 0x9d, 0x2a,
  0x9d, 0x2a, 0x9d, 0x2a, 0x9d, 0x2a, 0x9d, 0x2a, 0x9d, 0x2a, 0x9d, 0x2a, 0x9d, 0x2a, 0x9d, 0x2a, 0x9d, 0x2a, 0x9d, 0x2a, 0x9d, 0x2a, 0x9d, 0x2a, 0x9d, 0x2a, 0x9d, 0x2a, 0x9d, 0x2a, 0x9d, 0x2a,
  0x9d, 0x2a, 0x7e, 0x9d, 0xff, 0xff, 0xff, 0xff, 0x1f, 0xdf, 0x5e, 0x6c, 0xdd, 0x3a, 0xdd, 0x32, 0xde, 0x5b, 0xff, 0xd6, 0xff, 0xff, 0xff, 0xff, 0x7f, 0xe7, 0x9d, 0x2a, 0x9d, 0x2a, 0x9d, 0x2a,
  0x9d, 0x2a, 0x9d, 0x2a, 0x9d, 0x2a, 0x9d, 0x2a, 0x3f, 0xdf, 0xff, 0xff, 0xff, 0xff, 0x5e, 0x6c, 0x9d, 0x2a, 0x9d, 0x2a, 0x9d, 0x2a, 0x9d, 0x2a, 0x9d, 0x2a, 0x9d, 0x2a, 0x9d, 0x2a, 0x9d, 0x2a,
  0xbd, 0x53, 0xff, 0xff, 0xff, 0xff, 0x3e, 0xb6, 0xdf, 0xf7, 0xff, 0xff, 0x3f, 0xe7, 0xfd, 0x3a, 0x9d, 0x2a, 0x9d, 0x2a, 0x9d, 0x2a, 0x9d, 0x2a, 0x9d, 0x2a, 0xbd, 0x2a, 0x1f, 0xdf, 0xff, 0xff,
  0xff, 0xff, 0x9f, 0xc6, 0x9d, 0x2a, 0x9d, 0x2a, 0xdd, 0x32, 0x7f, 0xef, 0xff, 0xff, 0xff, 0xff, 0x5e, 0x95, 0x9d, 0x2a, 0x9d, 0x2a, 0x9d, 0x2a, 0x9d, 0x2a, 0x9d, 0x2a, 0x9d, 0x2a, 0x9d, 0x2a,
  0x9d, 0x2a, 0x9d, 0x2a, 0xdd, 0x3a, 0x9f, 0xef, 0xff, 0xff, 0xff, 0xff, 0xdf, 0xf7, 0x3e, 0x95, 0x5d, 0x4b, 0x1d, 0x3b, 0x1d, 0x3b, 0xbe, 0x7c, 0x7f, 0xef, 0xff, 0xff, 0xff, 0xff, 0xdf, 0xff,
  0x7d, 0x4b, 0x9d, 0x2a, 0x9d, 0x2a, 0xde, 0x84, 0xff, 0xff, 0xff, 0xff, 0xdf, 0xce, 0x9d, 0x2a, 0x9d, 0x2a, 0xbd, 0x2a, 0x1d, 0x43, 0x3e, 0x8d, 0xff, 0xff, 0xff, 0xff, 0xff, 0xff, 0x3e, 0x8d,
  0x9d, 0x2a, 0x9d, 0x2a, 0xde, 0x84, 0xff, 0xff, 0xff, 0xff, 0xdf, 0xce, 0x9d, 0x2a, 0x9d, 0x2a, 0x9d, 0x2a, 0x9d, 0x2a, 0x9d, 0x2a, 0xfd, 0x3a, 0x9d, 0x2a, 0x9d, 0x2a, 0x9d, 0x2a, 0x9d, 0x2a,
  0x9d, 0x2a, 0x9e, 0x74, 0xff, 0xff, 0xff, 0xff, 0xff, 0xff, 0xff, 0xff, 0xdf, 0xd6, 0x9d, 0x2a, 0x9d, 0x2a, 0x9d, 0x2a, 0x9d, 0x2a, 0x1f, 0xdf, 0xff, 0xff, 0xff, 0xff, 0x3d, 0x43, 0x9d, 0x2a,
  0x9d, 0x2a, 0x9d, 0x2a, 0x9d, 0x2a, 0x9d, 0x2a, 0x9d, 0x2a, 0x9d, 0x2a, 0x9d, 0x2a, 0x9d, 0x2a, 0x9d, 0x2a, 0x9d, 0x2a, 0x9d, 0x2a, 0x9d, 0x2a, 0x9d, 0x2a, 0xfd, 0x3a, 0x9d, 0x2a, 0x9d, 0x2a,
  0x9d, 0x2a, 0x9d, 0x2a, 0x9d, 0x2a, 0x9d, 0x2a, 0x9d, 0x2a, 0x9d, 0x2a, 0x9d, 0x2a, 0x9d, 0x2a, 0x9d, 0x2a, 0x9d, 0x2a, 0x9d, 0x2a, 0x9d, 0x2a, 0x9d, 0x2a, 0x9d, 0x2a, 0x9d, 0x2a, 0x9d, 0x2a,
  0x9d, 0x2a, 0x9d, 0x2a, 0x9d, 0x2a, 0x9d, 0x2a, 0x9d, 0x2a, 0x9d, 0x2a, 0x9d, 0x2a, 0x9d, 0x2a, 0x9d, 0x2a, 0x9d, 0x2a, 0x9d, 0x2a, 0x9d, 0x2a, 0x9d, 0x2a, 0x9d, 0x2a, 0x9d, 0x2a, 0xfd, 0x3a,
  0x9d, 0x2a, 0x9d, 0x2a, 0x9d, 0x2a, 0x9d, 0x2a, 0x9d, 0x2a, 0x9d, 0x2a, 0x9d, 0x2a, 0x9d, 0x2a, 0x9d, 0x2a, 0x9d, 0x2a, 0x9d, 0x2a, 0x9d, 0x2a, 0x9d, 0x2a, 0x9d, 0x2a, 0x9d, 0x2a, 0x9d, 0x2a,
  0x9d, 0x2a, 0x9d, 0x2a, 0x9d, 0x2a, 0x9d, 0x2a, 0x9d, 0x2a, 0x9d, 0x2a, 0x9d, 0x2a, 0x9d, 0x2a, 0x9d, 0x2a, 0x9d, 0x2a, 0x9d, 0x2a, 0x9d, 0x2a, 0x9d, 0x2a, 0x9d, 0x2a, 0x9d, 0x2a, 0x9d, 0x2a,
  0x9d, 0x2a, 0xfd, 0x3a, 0x9d, 0x2a, 0x9d, 0x2a, 0x9d, 0x2a, 0x9d, 0x2a, 0x9d, 0x2a, 0x9d, 0x2a, 0x9d, 0x2a, 0x9d, 0x2a, 0x9d, 0x2a, 0x9d, 0x2a, 0x9d, 0x2a, 0x9d, 0x2a, 0x9d, 0x2a, 0x9d, 0x2a,
  0x9d, 0x2a, 0x9d, 0x2a, 0x9d, 0x2a, 0x9d, 0x2a, 0x9d, 0x2a, 0x9d, 0x2a, 0x9d, 0x2a, 0x9d, 0x2a, 0x9d, 0x2a, 0x9d, 0x2a, 0x9d, 0x2a, 0x9d, 0x2a, 0x9d, 0x2a, 0x9d, 0x2a, 0x9d, 0x2a, 0x9d, 0x2a,
  0x9d, 0x2a, 0x9d, 0x2a, 0x9d, 0x2a, 0x9d, 0x2a, 0x9d, 0x2a, 0x9d, 0x2a, 0x9d, 0x2a, 0x9d, 0x2a, 0x9d, 0x2a, 0x9d, 0x2a, 0x9d, 0x2a, 0x9d, 0x2a, 0x9d, 0x2a, 0x9d, 0x2a, 0x9d, 0x2a, 0x9d, 0x2a,
  0xfd, 0x3a, 0x9d, 0x2a, 0x9d, 0x2a, 0x9d, 0x2a, 0x9d, 0x2a, 0x9d, 0x2a, 0x9d, 0x2a, 0x9d, 0x2a, 0x9d, 0x2a, 0x9d, 0x2a, 0x9d, 0x2a, 0x9d, 0x2a, 0x9d, 0x2a, 0x9d, 0x2a, 0x9d, 0x2a, 0x9d, 0x2a,
  0x9d, 0x2a, 0x9d, 0x2a, 0x9d, 0x2a, 0x9d, 0x2a, 0x9d, 0x2a, 0x9d, 0x2a, 0x9d, 0x2a, 0x9d, 0x2a, 0x9d, 0x2a, 0x9d, 0x2a, 0x9d, 0x2a, 0x9d, 0x2a, 0x9d, 0x2a, 0x9d, 0x2a, 0x9d, 0x2a, 0x9d, 0x2a,
  0x9d, 0x2a, 0x9d, 0x2a, 0xfd, 0x3a, 0x9d, 0x2a, 0x9d, 0x2a, 0x9d, 0x2a, 0x9d, 0x2a, 0x9d, 0x2a, 0x9d, 0x2a, 0x9d, 0x2a, 0x9d, 0x2a, 0x9d, 0x2a, 0x9d, 0x2a, 0x9d, 0x2a, 0x9d, 0x2a, 0x9d, 0x2a,
  0x9d, 0x2a, 0x9d, 0x2a, 0x9d, 0x2a, 0x9d, 0x2a, 0x9d, 0x2a, 0x9d, 0x2a, 0x9d, 0x2a, 0x9d, 0x2a, 0x9d, 0x2a, 0x9d, 0x2a, 0x9d, 0x2a, 0x9d, 0x2a, 0x9d, 0x2a, 0x9d, 0x2a, 0x9d, 0x2a, 0x9d, 0x2a,
  0x9d, 0x2a, 0xde, 0xad, 0xff, 0xff, 0xff, 0xff, 0x5e, 0x9d, 0x9d, 0x2a, 0x9d, 0x2a, 0x9d, 0x2a, 0x9d, 0x2a, 0xbd, 0x53, 0xff, 0xff, 0xff, 0xff, 0xff, 0xff, 0x1d, 0x3b, 0x9d, 0x2a, 0x9d, 0x2a,
  0x9d, 0x2a, 0x9d, 0x2a, 0x9d, 0x2a, 0x9d, 0x2a, 0x3f, 0xdf, 0xff, 0xff, 0xff, 0xff, 0x5e, 0x6c, 0x9d, 0x2a, 0x9d, 0x2a, 0x9d, 0x2a, 0x9d, 0x2a, 0x9d, 0x2a, 0x9d, 0x2a, 0x9d, 0x2a, 0x9d, 0x2a,
  0xbe, 0xa5, 0xff, 0xff, 0xff, 0xff, 0xfe, 0x5b, 0x3e, 0xbe, 0xff, 0xff, 0xff, 0xff, 0xfe, 0x63, 0x9d, 0x2a, 0x9d, 0x2a, 0x9d, 0x2a, 0x9d, 0x2a, 0x9d, 0x2a, 0x9d, 0x2a, 0xde, 0x5b, 0xff, 0xff,
  0xff, 0xff, 0xff, 0xff, 0x3e, 0x6c, 0x9d, 0x2a, 0x5e, 0x9d, 0xff, 0xff, 0xff, 0xff, 0x3f, 0xdf, 0xbd, 0x32, 0x9d, 0x2a, 0x9d, 0x2a, 0x9d, 0x2a, 0x9d, 0x2a, 0x9d, 0x2a, 0x9d, 0x2a, 0x9d, 0x2a,
  0x9d, 0x2a, 0x9d, 0x2a, 0xfe, 0x84, 0xff, 0xff, 0xff, 0xff, 0xff, 0xff, 0x1e, 0x64, 0x9d, 0x2a, 0xfd, 0x3a, 0x9d, 0x2a, 0x9d, 0x2a, 0x9d, 0x2a, 0x5d, 0x4b, 0x9f, 0xef, 0xff, 0xff, 0xff, 0xff,
  0xfe, 0xad, 0x9d, 0x2a, 0x9d, 0x2a, 0xde, 0x84, 0xff, 0xff, 0xff, 0xff, 0xdf, 0xce, 0x9d, 0x2a, 0x9d, 0x2a, 0x9d, 0x2a, 0x9d, 0x2a, 0x9d, 0x2a, 0x7f, 0xc6, 0xff, 0xff, 0xff, 0xff, 0xde, 0xad,
  0x9d, 0x2a, 0x9d, 0x2a, 0xde, 0x84, 0xff, 0xff, 0xff, 0xff, 0xdf, 0xce, 0x9d, 0x2a, 0x9d, 0x2a, 0x9d, 0x2a, 0x9d, 0x2a, 0xfd, 0x3a, 0x9d, 0x2a, 0x9d, 0x2a, 0x9d, 0x2a, 0x9d, 0x2a, 0x9d, 0x2a,
  0x9d, 0x2a, 0x9e, 0x74, 0xff, 0xff, 0xff, 0xff, 0xff, 0xff, 0xff, 0xff, 0xff, 0xff, 0xbe, 0x7c, 0x9d, 0x2a, 0x9d, 0x2a, 0x9d, 0x2a, 0x1f, 0xdf, 0xff, 0xff, 0xff, 0xff, 0x3d, 0x43, 0x9d, 0x2a,
  0x9d, 0x2a, 0x9d, 0x2a, 0x9d, 0x2a, 0x9d, 0x2a, 0x9d, 0x2a, 0x9d, 0x2a, 0x9d, 0x2a, 0x9d, 0x2a, 0x9d, 0x2a, 0x9d, 0x2a, 0x9d, 0x2a, 0x9d, 0x2a, 0xfd, 0x3a, 0x9d, 0x2a, 0x9d, 0x2a, 0x9d, 0x2a,
  0x9d, 0x2a, 0x9d, 0x2a, 0x9d, 0x2a, 0x9d, 0x2a, 0x9d, 0x2a, 0x9d, 0x2a, 0x9d, 0x2a, 0x9d, 0x2a, 0x9d, 0x2a, 0x9d, 0x2a, 0x9d, 0x2a, 0x9d, 0x2a, 0x9d, 0x2a, 0x9d, 0x2a, 0x9d, 0x2a, 0x9d, 0x2a,
  0x9d, 0x2a, 0x9d, 0x2a, 0x9d, 0x2a, 0x9d, 0x2a, 0x9d, 0x2a, 0x9d, 0x2a, 0x9d, 0x2a, 0x9d, 0x2a, 0x9d, 0x2a, 0x9d, 0x2a, 0x9d, 0x2a, 0x9d, 0x2a, 0x9d, 0x2a, 0x9d, 0x2a, 0xfd, 0x3a, 0x9d, 0x2a,
  0x9d, 0x2a, 0x9d, 0x2a, 0x9d, 0x2a, 0x9d, 0x2a, 0x9d, 0x2a, 0x9d, 0x2a, 0x9d, 0x2a, 0x9d, 0x2a, 0x9d, 0x2a, 0x9d, 0x2a, 0x9d, 0x2a, 0x9d, 0x2a, 0x9d, 0x2a, 0x9d, 0x2a, 0x9d, 0x2a, 0x9d, 0x2a,
  0x9d, 0x2a, 0x9d, 0x2a, 0x9d, 0x2a, 0x9d, 0x2a, 0x9d, 0x2a, 0x9d, 0x2a, 0x9d, 0x2a, 0x9d, 0x2a, 0x9d, 0x2a, 0x9d, 0x2a, 0x9d, 0x2a, 0x9d, 0x2a, 0x9d, 0x2a, 0x9d, 0x2a, 0x9d, 0x2a, 0x9d, 0x2a,
  0xfd, 0x3a, 0x9d, 0x2a, 0x9d, 0x2a, 0x9d, 0x2a, 0x9d, 0x2a, 0x9d, 0x2a, 0x9d, 0x2a, 0x9d, 0x2a, 0x9d, 0x2a, 0x9d, 0x2a, 0x9d, 0x2a, 0x9d, 0x2a, 0x9d, 0x2a, 0x9d, 0x2a, 0x9d, 0x2a, 0x9d, 0x2a,
  0x9d, 0x2a, 0x9d, 0x2a, 0x9d, 0x2a, 0x9d, 0x2a, 0x9d, 0x2a, 0x9d, 0x2a, 0x9d, 0x2a, 0x9d, 0x2a, 0x9d, 0x2a, 0x9d, 0x2a, 0x9d, 0x2a, 0x9d, 0x2a, 0x9d, 0x2a, 0x9d, 0x2a, 0x9d, 0x2a, 0x9d, 0x2a,
  0x9d, 0x2a, 0x9d, 0x2a, 0x9d, 0x2a, 0x9d, 0x2a, 0x9d, 0x2a, 0x9d, 0x2a, 0x9d, 0x2a, 0x9d, 0x2a, 0x9d, 0x2a, 0x9d, 0x2a, 0x9d, 0x2a, 0x9d, 0x2a, 0x9d, 0x2a, 0x9d, 0x2a, 0x9d, 0x2a, 0xfd, 0x3a,
  0x9d, 0x2a, 0x9d, 0x2a, 0x9d, 0x2a, 0x9d, 0x2a, 0x9d, 0x2a, 0x9d, 0x2a, 0x9d, 0x2a, 0x9d, 0x2a, 0x9d, 0x2a, 0x9d, 0x2a, 0x9d, 0x2a, 0x9d, 0x2a, 0x9d, 0x2a, 0x9d, 0x2a, 0x9d, 0x2a, 0x9d, 0x2a,
  0x9d, 0x2a, 0x9d, 0x2a, 0x9d, 0x2a, 0x9d, 0x2a, 0x9d, 0x2a, 0x9d, 0x2a, 0x9d, 0x2a, 0x9d, 0x2a, 0x9d, 0x2a, 0x9d, 0x2a, 0x9d, 0x2a, 0x9d, 0x2a, 0x9d, 0x2a, 0x9d, 0x2a, 0x9d, 0x2a, 0x9d, 0x2a,
  0x9d, 0x2a, 0xfd, 0x3a, 0x9d, 0x2a, 0x9d, 0x2a, 0x9d, 0x2a, 0x9d, 0x2a, 0x9d, 0x2a, 0x9d, 0x2a, 0x9d, 0x2a, 0x9d, 0x2a, 0x9d, 0x2a, 0x9d, 0x2a, 0x9d, 0x2a, 0x9d, 0x2a, 0x9d, 0x2a, 0x9d, 0x2a,
  0x9d, 0x2a, 0x9d, 0x2a, 0x9d, 0x2a, 0x9d, 0x2a, 0x9d, 0x2a, 0x9d, 0x2a, 0x9d, 0x2a, 0x9d, 0x2a, 0x9d, 0x2a, 0x9d, 0x2a, 0x9d, 0x2a, 0x9d, 0x2a, 0x9d, 0x2a, 0x9d, 0x2a, 0x9d, 0x2a, 0x9d, 0x2a,
  0x9d, 0x2a, 0xbe, 0x7c, 0xff, 0xff, 0xff, 0xff, 0xbf, 0xf7, 0x5e, 0x95, 0x9d, 0x53, 0x9d, 0x2a, 0x9d, 0x2a, 0x9d, 0x2a, 0x9d, 0x2a, 0x9d, 0x2a, 0x9d, 0x2a, 0x9d, 0x2a, 0x9d, 0x2a, 0x9d, 0x2a,
  0x9d, 0x2a, 0x9d, 0x2a, 0x9d, 0x2a, 0x9d, 0x2a, 0x3f, 0xdf, 0xff, 0xff, 0xff, 0xff, 0x5e, 0x6c, 0x9d, 0x2a, 0x9d, 0x2a, 0x9d, 0x2a, 0x9d, 0x2a, 0x9d, 0x2a, 0x9d, 0x2a, 0x9d, 0x2a, 0xbd, 0x32,
  0x9f, 0xef, 0xff, 0xff, 0x5f, 0xe7, 0x9d, 0x2a, 0x5e, 0x6c, 0xff, 0xff, 0xff, 0xff, 0x1e, 0xb6, 0x9d, 0x2a, 0x9d, 0x2a, 0x9d, 0x2a, 0x9d, 0x2a, 0x9d, 0x2a, 0x9d, 0x2a, 0x9d, 0x2a, 0xde, 0xad,
  0xff, 0xff, 0xff, 0xff, 0x3f, 0xdf, 0x5d, 0x4b, 0xdf, 0xf7, 0xff, 0xff, 0xff, 0xff, 0xfe, 0x63, 0x9d, 0x2a, 0x9d, 0x2a, 0x9d, 0x2a, 0x9d, 0x2a, 0x9d, 0x2a, 0x9d, 0x2a, 0x9d, 0x2a, 0x9d, 0x2a,
  0x9d, 0x2a, 0x9d, 0x2a, 0x9f, 0xc6, 0xff, 0xff, 0xff, 0xff, 0x3e, 0xb6, 0x9d, 0x2a, 0xfd, 0x3a, 0x9d, 0x2a, 0x9d, 0x2a, 0x9d, 0x2a, 0x9d, 0x2a, 0x9d, 0x2a, 0x3e, 0x95, 0xff, 0xff, 0xff, 0xff,
  0x9f, 0xef, 0x9d, 0x2a, 0x9d, 0x2a, 0xde, 0x84, 0xff, 0xff, 0xff, 0xff, 0xdf, 0xce, 0x9d, 0x2a, 0x9d, 0x2a, 0x9d, 0x2a, 0x9d, 0x2a, 0x9d, 0x2a, 0x7f, 0xc6, 0xff, 0xff, 0xff, 0xff, 0xde, 0xad,
  0x9d, 0x2a, 0x9d, 0x2a, 0xde, 0x84, 0xff, 0xff, 0xff, 0xff, 0xdf, 0xce, 0x9d, 0x2a, 0x9d, 0x2a, 0x9d, 0x2a, 0xfd, 0x3a, 0x9d, 0x2a, 0x9d, 0x2a, 0x9d, 0x2a, 0x9d, 0x2a, 0x9d, 0x2a, 0x9d, 0x2a,
  0x9d, 0x2a, 0x9e, 0x74, 0xff, 0xff, 0xff, 0xff, 0x3f, 0xdf, 0xff, 0xff, 0xff, 0xff, 0x9f, 0xef, 0xfd, 0x3a, 0x9d, 0x2a, 0x9d, 0x2a, 0x1f, 0xdf, 0xff, 0xff, 0xff, 0xff, 0x3d, 0x43, 0x9d, 0x2a,
  0x9d, 0x2a, 0x9d, 0x2a, 0x9d, 0x2a, 0x9d, 0x2a, 0x9d, 0x2a, 0x9d, 0x2a, 0x9d, 0x2a, 0x9d, 0x2a, 0x9d, 0x2a, 0x9d, 0x2a, 0x9d, 0x2a, 0xfd, 0x3a, 0x9d, 0x2a, 0x9d, 0x2a, 0x9d, 0x2a, 0x9d, 0x2a,
  0x9d, 0x2a, 0x9d, 0x2a, 0x9d, 0x2a, 0x9d, 0x2a, 0x9d, 0x2a, 0x9d, 0x2a, 0x9d, 0x2a, 0x9d, 0x2a, 0x9d, 0x2a, 0x9d, 0x2a, 0x9d, 0x2a, 0x9d, 0x2a, 0x9d, 0x2a, 0x9d, 0x2a, 0x9d, 0x2a, 0x9d, 0x2a,
  0x9d, 0x2a, 0x9d, 0x2a, 0x9d, 0x2a, 0x9d, 0x2a, 0x9d, 0x2a, 0x9d, 0x2a, 0x9d, 0x2a, 0x9d, 0x2a, 0x9d, 0x2a, 0x9d, 0x2a, 0x9d, 0x2a, 0x9d, 0x2a, 0x9d, 0x2a, 0xfd, 0x3a, 0x9d, 0x2a, 0x9d, 0x2a,
  0x9d, 0x2a, 0x9d, 0x2a, 0x9d, 0x2a, 0x9d, 0x2a, 0x9d, 0x2a, 0x9d, 0x2a, 0x9d, 0x2a, 0x9d, 0x2a, 0x9d, 0x2a, 0x9d, 0x2a, 0x9d, 0x2a, 0x9d, 0x2a, 0x9d, 0x2a, 0x9d, 0x2a, 0x9d, 0x2a, 0x9d, 0x2a,
  0x9d, 0x2a, 0x9d, 0x2a, 0x9d, 0x2a, 0x9d, 0x2a, 0x9d, 0x2a, 0x9d, 0x2a, 0x9d, 0x2a, 0x9d, 0x2a, 0x9d, 0x2a, 0x9d, 0x2a, 0x9d, 0x2a, 0x9d, 0x2a, 0x9d, 0x2a, 0x9d, 0x2a, 0x9d, 0x2a, 0xfd, 0x3a,
  0x9d, 0x2a, 0x9d, 0x2a, 0x9d, 0x2a, 0x9d, 0x2a, 0x9d, 0x2a, 0x9d, 0x2a, 0x9d, 0x2a, 0x9d, 0x2a, 0x9d, 0x2a, 0x9d, 0x2a, 0x9d, 0x2a, 0x9d, 0x2a, 0x9d, 0x2a, 0x9d, 0x2a, 0x9d, 0x2a, 0x9d, 0x2a,
  0xbd, 0x32, 0xbd, 0x32, 0xbd, 0x32, 0xbd, 0x32, 0xbd, 0x32, 0xbd, 0x32, 0xbd, 0x32, 0xbd, 0x32, 0xbd, 0x32, 0xbd, 0x32, 0xbd, 0x32, 0xbd, 0x32, 0xbd, 0x32, 0xbd, 0x32, 0xbd, 0x32, 0xbd, 0x32,
  0xbd, 0x32, 0xbd, 0x32, 0xbd, 0x32, 0xbd, 0x32, 0xbd, 0x32, 0xbd, 0x32, 0xbd, 0x32, 0xbd, 0x32, 0xbd, 0x32, 0xbd, 0x32, 0xbd, 0x32, 0xbd, 0x32, 0xbd, 0x32, 0xbd, 0x32, 0x1d, 0x43, 0xbd, 0x32,
  0xbd, 0x32, 0xbd, 0x32, 0xbd, 0x32, 0xbd, 0x32, 0xbd, 0x32, 0xbd, 0x32, 0xbd, 0x32, 0xbd, 0x32, 0xbd, 0x32, 0xbd, 0x32, 0xbd, 0x32, 0xbd, 0x32, 0xbd, 0x32, 0xbd, 0x32, 0xbd, 0x32, 0xbd, 0x32,
  0xbd, 0x32, 0xbd, 0x32, 0xbd, 0x32, 0xbd, 0x32, 0xbd, 0x32, 0xbd, 0x32, 0xbd, 0x32, 0xbd, 0x32, 0xbd, 0x32, 0xbd, 0x32, 0xbd, 0x32, 0xbd, 0x32, 0xbd, 0x32, 0xbd, 0x32, 0xbd, 0x32, 0xbd, 0x32,
  0x1d, 0x43, 0xbd, 0x32, 0xbd, 0x32, 0xbd, 0x32, 0xbd, 0x32, 0xbd, 0x32, 0xbd, 0x32, 0xbd, 0x32, 0xbd, 0x32, 0xbd, 0x32, 0xbd, 0x32, 0xbd, 0x32, 0xbd, 0x32, 0xbd, 0x32, 0xbd, 0x32, 0xbd, 0x32,
  0xbd, 0x32, 0xbd, 0x32, 0xbd, 0x32, 0xbd, 0x32, 0xbd, 0x32, 0xbd, 0x32, 0xbd, 0x32, 0xbd, 0x32, 0xbd, 0x32, 0xbd, 0x32, 0xbd, 0x32, 0xbd, 0x32, 0xbd, 0x32, 0xbd, 0x32, 0xbd, 0x32, 0xbd, 0x32,
  0xbd, 0x32, 0xdd, 0x3a, 0x1f, 0xdf, 0xff, 0xff, 0xff, 0xff, 0xff, 0xff, 0xff, 0xff, 0x9f, 0xef, 0x7e, 0xc6, 0x1e, 0x8d, 0x5d, 0x4b, 0xbd, 0x32, 0xbd, 0x32, 0xbd, 0x32, 0xbd, 0x32, 0xbd, 0x32,
  0xbd, 0x32, 0xbd, 0x32, 0xbd, 0x32, 0xbd, 0x32, 0x3f, 0xe7, 0xff, 0xff, 0xff, 0xff, 0x7e, 0x74, 0xbd, 0x32, 0xbd, 0x32, 0xbd, 0x32, 0xbd, 0x32, 0xbd, 0x32, 0xbd, 0x32, 0xbd, 0x32, 0x9e, 0x7c,
  0xff, 0xff, 0xff, 0xff, 0x9e, 0x9d, 0xbd, 0x32, 0x3d, 0x43, 0x9f, 0xef, 0xff, 0xff, 0xdf, 0xf7, 0x1d, 0x43, 0xbd, 0x32, 0xbd, 0x32, 0xbd, 0x32, 0xbd, 0x32, 0xbd, 0x32, 0xbd, 0x32, 0x1d, 0x43,
  0x9f, 0xef, 0xff, 0xff, 0xff, 0xff, 0x7f, 0xef, 0xff, 0xff, 0xff, 0xff, 0x1e, 0xb6, 0xbd, 0x32, 0xbd, 0x32, 0xbd, 0x32, 0xbd, 0x32, 0xbd, 0x32, 0xbd, 0x32, 0xbd, 0x32, 0xbd, 0x32, 0xbd, 0x32,
  0xbd, 0x32, 0xbd, 0x32, 0x9f, 0xef, 0xff, 0xff, 0xff, 0xff, 0xbe, 0x7c, 0x1d, 0x43, 0xbd, 0x32, 0xbd, 0x32, 0xbd, 0x32, 0xbd, 0x32, 0xbd, 0x32, 0xbd, 0x32, 0xdd, 0x5b, 0xff, 0xff, 0xff, 0xff,
  0xff, 0xff, 0x5d, 0x4b, 0xbd, 0x32, 0xde, 0x84, 0xff, 0xff, 0xff, 0xff, 0xdf, 0xd6, 0xbd, 0x32, 0xbd, 0x32, 0xdd, 0x32, 0x5d, 0x4b, 0x5e, 0x95, 0xff, 0xff, 0xff, 0xff, 0xff, 0xff, 0x1e, 0x95,
  0xbd, 0x32, 0xbd, 0x32, 0xde, 0x84, 0xff, 0xff, 0xff, 0xff, 0xff, 0xff, 0xff, 0xff, 0xff, 0xff, 0xff, 0xff, 0xff, 0xff, 0xff, 0xff, 0xff, 0xff, 0xff, 0xff, 0x5e, 0xbe, 0xbd, 0x32, 0xbd, 0x32,
  0xbd, 0x32, 0x9e, 0x7c, 0xff, 0xff, 0xff, 0xff, 0xde, 0xad, 0x7e, 0xc6, 0xff, 0xff, 0xff, 0xff, 0xde, 0xad, 0xbd, 0x32, 0xbd, 0x32, 0x1f, 0xdf, 0xff, 0xff, 0xff, 0xff, 0x5d, 0x4b, 0xbd, 0x32,
  0xbd, 0x32, 0xbd, 0x32, 0xbd, 0x32, 0xbd, 0x32, 0xbd, 0x32, 0xbd, 0x32, 0xbd, 0x32, 0xbd, 0x32, 0xbd, 0x32, 0xbd, 0x32, 0x1d, 0x43, 0xbd, 0x32, 0xbd, 0x32, 0xbd, 0x32, 0xbd, 0x32, 0xbd, 0x32,
  0xbd, 0x32, 0xbd, 0x32, 0xbd, 0x32, 0xbd, 0x32, 0xbd, 0x32, 0xbd, 0x32, 0xbd, 0x32, 0xbd, 0x32, 0xbd, 0x32, 0xbd, 0x32, 0xbd, 0x32, 0xbd, 0x32, 0xbd, 0x32, 0xbd, 0x32, 0xbd, 0x32, 0xbd, 0x32,
  0xbd, 0x32, 0xbd, 0x32, 0xbd, 0x32, 0xbd, 0x32, 0xbd, 0x32, 0xbd, 0x32, 0xbd, 0x32, 0xbd, 0x32, 0xbd, 0x32, 0xbd, 0x32, 0xbd, 0x32, 0xbd, 0x32, 0x1d, 0x43, 0xbd, 0x32, 0xbd, 0x32, 0xbd, 0x32,
  0xbd, 0x32, 0xbd, 0x32, 0xbd, 0x32, 0xbd, 0x32, 0xbd, 0x32, 0xbd, 0x32, 0xbd, 0x32, 0xbd, 0x32, 0xbd, 0x32, 0xbd, 0x32, 0xbd, 0x32, 0xbd, 0x32, 0xbd, 0x32, 0xbd, 0x32, 0xbd, 0x32, 0xbd, 0x32,
  0xbd, 0x32, 0xbd, 0x32, 0xbd, 0x32, 0xbd, 0x32, 0xbd, 0x32, 0xbd, 0x32, 0xbd, 0x32, 0xbd, 0x32, 0xbd, 0x32, 0xbd, 0x32, 0xbd, 0x32, 0xbd, 0x32, 0xbd, 0x32, 0xbd, 0x32, 0x1d, 0x43, 0xbd, 0x32,
  0xbd, 0x32, 0xbd, 0x32, 0xbd, 0x32, 0xbd, 0x32, 0xbd, 0x32, 0xbd, 0x32, 0xbd, 0x32, 0xbd, 0x32, 0xbd, 0x32, 0xbd, 0x32, 0xbd, 0x32, 0xbd, 0x32, 0xbd, 0x32, 0xbd, 0x32, 0xbd, 0x32, 0xbd, 0x32,
  0xdd, 0x32, 0xdd, 0x32, 0xdd, 0x32, 0xdd, 0x32, 0xdd, 0x32, 0xdd, 0x32, 0xdd, 0x32, 0xdd, 0x32, 0xdd, 0x32, 0xdd, 0x32, 0xdd, 0x32, 0xdd, 0x32, 0xdd, 0x32, 0xdd, 0x32, 0xdd, 0x32, 0xdd, 0x32,
  0xdd, 0x32, 0xdd, 0x32, 0xdd, 0x32, 0xdd, 0x32, 0xdd, 0x32, 0xdd, 0x32, 0xdd, 0x32, 0xdd, 0x32, 0xdd, 0x32, 0xdd, 0x32, 0xdd, 0x32, 0xdd, 0x32, 0xdd, 0x32, 0x3d, 0x43, 0xdd, 0x32, 0xdd, 0x32,
  0xdd, 0x32, 0xdd, 0x32, 0xdd, 0x32, 0xdd, 0x32, 0xdd, 0x32, 0xdd, 0x32, 0xdd, 0x32, 0xdd, 0x32, 0xdd, 0x32, 0xdd, 0x32, 0xdd, 0x32, 0xdd, 0x32, 0xdd, 0x32, 0xdd, 0x32, 0xdd, 0x32, 0xdd, 0x32,
  0xdd, 0x32, 0xdd, 0x32, 0xdd, 0x32, 0xdd, 0x32, 0xdd, 0x32, 0xdd, 0x32, 0xdd, 0x32, 0xdd, 0x32, 0xdd, 0x32, 0xdd, 0x32, 0xdd, 0x32, 0xdd, 0x32, 0xdd, 0x32, 0xdd, 0x32, 0xdd, 0x32, 0x3d, 0x43,
  0xdd, 0x32, 0xdd, 0x32, 0xdd, 0x32, 0xdd, 0x32, 0xdd, 0x32, 0xdd, 0x32, 0xdd, 0x32, 0xdd, 0x32, 0xdd, 0x32, 0xdd, 0x32, 0xdd, 0x32, 0xdd, 0x32, 0xdd, 0x32, 0xdd, 0x32, 0xdd, 0x32, 0xdd, 0x32,
  0xdd, 0x32, 0xdd, 0x32, 0xdd, 0x32, 0xdd, 0x32, 0xdd, 0x32, 0xdd, 0x32, 0xdd, 0x32, 0xdd, 0x32, 0xdd, 0x32, 0xdd, 0x32, 0xdd, 0x32, 0xdd, 0x32, 0xdd, 0x32, 0xdd, 0x32, 0xdd, 0x32, 0xdd, 0x32,
  0xdd, 0x32, 0x3d, 0x43, 0x5d, 0x43, 0x5e, 0xbe, 0xff, 0xff, 0xff, 0xff, 0xff, 0xff, 0xff, 0xff, 0xff, 0xff, 0xff, 0xff, 0xff, 0xff, 0xfe, 0xad, 0x1d, 0x3b, 0xdd, 0x32, 0xdd, 0x32, 0xdd, 0x32,
  0xdd, 0x32, 0xdd, 0x32, 0xdd, 0x32, 0xdd, 0x32, 0x3f, 0xe7, 0xff, 0xff, 0xff, 0xff, 0x9e, 0x74, 0xdd, 0x32, 0xdd, 0x32, 0xdd, 0x32, 0xdd, 0x32, 0xdd, 0x32, 0xdd, 0x32, 0xdd, 0x32, 0x9f, 0xce,
  0xff, 0xff, 0xff, 0xff, 0xdd, 0x5b, 0x3d, 0x43, 0xdd, 0x32, 0xde, 0xad, 0xff, 0xff, 0xff, 0xff, 0x3e, 0x8d, 0xdd, 0x32, 0xdd, 0x32, 0xdd, 0x32, 0xdd, 0x32, 0xdd, 0x32, 0xdd, 0x32, 0xdd, 0x32,
  0xbe, 0x7c, 0xff, 0xff, 0xff, 0xff, 0xff, 0xff, 0xff, 0xff, 0x9f, 0xef, 0x3d, 0x43, 0xdd, 0x32, 0xdd, 0x32, 0xdd, 0x32, 0xdd, 0x32, 0xdd, 0x32, 0xdd, 0x32, 0xdd, 0x32, 0xdd, 0x32, 0xdd, 0x32,
  0xdd, 0x32, 0xdd, 0x32, 0xff, 0xff, 0xff, 0xff, 0xff, 0xff, 0x7e, 0x74, 0xdd, 0x32, 0xdd, 0x32, 0xdd, 0x32, 0xdd, 0x32, 0xdd, 0x32, 0xdd, 0x32, 0xdd, 0x32, 0x5d, 0x43, 0xff, 0xff, 0xff, 0xff,
  0xff, 0xff, 0xdd, 0x5b, 0xdd, 0x32, 0xfe, 0x84, 0xff, 0xff, 0xff, 0xff, 0xff, 0xff, 0xff, 0xff, 0xff, 0xff, 0xff, 0xff, 0xff, 0xff, 0xff, 0xff, 0xff, 0xff, 0xff, 0xff, 0xbf, 0xf7, 0x5d, 0x4b,
  0xdd, 0x32, 0xdd, 0x32, 0xfe, 0x84, 0xff, 0xff, 0xff, 0xff, 0xff, 0xff, 0xff, 0xff, 0xff, 0xff, 0xff, 0xff, 0xff, 0xff, 0xff, 0xff, 0xff, 0xff, 0xff, 0xff, 0x5e, 0xbe, 0xdd, 0x32, 0xdd, 0x32,
  0xdd, 0x32, 0xbe, 0x7c, 0xff, 0xff, 0xff, 0xff, 0xde, 0xad, 0x9d, 0x4b, 0xdf, 0xf7, 0xff, 0xff, 0xff, 0xff, 0xdd, 0x5b, 0xdd, 0x32, 0x1f, 0xdf, 0xff, 0xff, 0xff, 0xff, 0x7d, 0x4b, 0xdd, 0x32,
  0xdd, 0x32, 0xdd, 0x32, 0xdd, 0x32, 0xdd, 0x32, 0xdd, 0x32, 0xdd, 0x32, 0xdd, 0x32, 0xdd, 0x32, 0xdd, 0x32, 0x3d, 0x43, 0xdd, 0x32, 0xdd, 0x32, 0xdd, 0x32, 0xdd, 0x32, 0xdd, 0x32, 0xdd, 0x32,
  0xdd, 0x32, 0xdd, 0x32, 0xdd, 0x32, 0xdd, 0x32, 0xdd, 0x32, 0xdd, 0x32, 0xdd, 0x32, 0xdd, 0x32, 0xdd, 0x32, 0xdd, 0x32, 0xdd, 0x32, 0xdd, 0x32, 0xdd, 0x32, 0xdd, 0x32, 0xdd, 0x32, 0xdd, 0x32,
  0xdd, 0x32, 0xdd, 0x32, 0xdd, 0x32, 0xdd, 0x32, 0xdd, 0x32, 0xdd, 0x32, 0xdd, 0x32, 0xdd, 0x32, 0xdd, 0x32, 0xdd, 0x32, 0xdd, 0x32, 0x3d, 0x43, 0xdd, 0x32, 0xdd, 0x32, 0xdd, 0x32, 0xdd, 0x32,
  0xdd, 0x32, 0xdd, 0x32, 0xdd, 0x32, 0xdd, 0x32, 0xdd, 0x32, 0xdd, 0x32, 0xdd, 0x32, 0xdd, 0x32, 0xdd, 0x32, 0xdd, 0x32, 0xdd, 0x32, 0xdd, 0x32, 0xdd, 0x32, 0xdd, 0x32, 0xdd, 0x32, 0xdd, 0x32,
  0xdd, 0x32, 0xdd, 0x32, 0xdd, 0x32, 0xdd, 0x32, 0xdd, 0x32, 0xdd, 0x32, 0xdd, 0x32, 0xdd, 0x32, 0xdd, 0x32, 0xdd, 0x32, 0xdd, 0x32, 0xdd, 0x32, 0xdd, 0x32, 0x3d, 0x43, 0xdd, 0x32, 0xdd, 0x32,
  0xdd, 0x32, 0xdd, 0x32, 0xdd, 0x32, 0xdd, 0x32, 0xdd, 0x32, 0xdd, 0x32, 0xdd, 0x32, 0xdd, 0x32, 0xdd, 0x32, 0xdd, 0x32, 0xdd, 0x32, 0xdd, 0x32, 0xdd, 0x32, 0xdd, 0x32, 0xdd, 0x32, 0xdd, 0x32,
  0x9c, 0x2a, 0x9c, 0x2a, 0x9c, 0x2a, 0x9c, 0x2a, 0x9c, 0x2a, 0x9c, 0x2a, 0x9c, 0x2a, 0x9c, 0x2a, 0x9c, 0x2a, 0x9c, 0x2a, 0x9c, 0x2a, 0x9c, 0x2a, 0x9c, 0x2a, 0x9c, 0x2a, 0x9c, 0x2a, 0x9c, 0x2a,
  0x9c, 0x2a, 0x9c, 0x2a, 0x9c, 0x2a, 0x9c, 0x2a, 0x9c, 0x2a, 0x9c, 0x2a, 0x9c, 0x2a, 0x9c, 0x2a, 0x9c, 0x2a, 0x9c, 0x2a, 0x9c, 0x2a, 0x9c, 0x2a, 0xfc, 0x3a, 0x9c, 0x2a, 0x9c, 0x2a, 0x9c, 0x2a,
  0x9c, 0x2a, 0x9c, 0x2a, 0x9c, 0x2a, 0x9c, 0x2a, 0x9c, 0x2a, 0x9c, 0x2a, 0x9c, 0x2a, 0x9c, 0x2a, 0x9c, 0x2a, 0x9c, 0x2a, 0x9c, 0x2a, 0x9c, 0x2a, 0x9c, 0x2a, 0x9c, 0x2a, 0x9c, 0x2a, 0x9c, 0x2a,
  0x9c, 0x2a, 0x9c, 0x2a, 0x9c, 0x2a, 0x9c, 0x2a, 0x9c, 0x2a, 0x9c, 0x2a, 0x9c, 0x2a, 0x9c, 0x2a, 0x9c, 0x2a, 0x9c, 0x2a, 0x9c, 0x2a, 0x9c, 0x2a, 0x9c, 0x2a, 0x9c, 0x2a, 0xfc, 0x3a, 0x9c, 0x2a,
  0x9c, 0x2a, 0x9c, 0x2a, 0x9c, 0x2a, 0x9c, 0x2a, 0x9c, 0x2a, 0x9c, 0x2a, 0x9c, 0x2a, 0x9c, 0x2a, 0x9c, 0x2a, 0x9c, 0x2a, 0x9c, 0x2a, 0x9c, 0x2a, 0x9c, 0x2a, 0x9c, 0x2a, 0x9c, 0x2a, 0x9c, 0x2a,
  0x9c, 0x2a, 0x9c, 0x2a, 0x9c, 0x2a, 0x9c, 0x2a, 0x9c, 0x2a, 0x9c, 0x2a, 0x9c, 0x2a, 0x9c, 0x2a, 0x9c, 0x2a, 0x9c, 0x2a, 0x9c, 0x2a, 0x9c, 0x2a, 0x9c, 0x2a, 0x9c, 0x2a, 0x9c, 0x2a, 0x9c, 0x2a,
  0xfc, 0x3a, 0x9c, 0x2a, 0x9c, 0x2a, 0x9c, 0x2a, 0x7d, 0x4b, 0x1d, 0x8d, 0x7e, 0xc6, 0xbf, 0xf7, 0xff, 0xff, 0xff, 0xff, 0xff, 0xff, 0xff, 0xff, 0x7e, 0xc6, 0x9c, 0x2a, 0x9c, 0x2a, 0x9c, 0x2a,
  0x9c, 0x2a, 0x9c, 0x2a, 0x9c, 0x2a, 0x9c, 0x2a, 0x3f, 0xdf, 0xff, 0xff, 0xff, 0xff, 0x5d, 0x6c, 0x9c, 0x2a, 0x9c, 0x2a, 0x9c, 0x2a, 0x9c, 0x2a, 0x9c, 0x2a, 0x9c, 0x2a, 0x5c, 0x43, 0xff, 0xff,
  0xff, 0xff, 0x1f, 0xdf, 0xfc, 0x3a, 0x9c, 0x2a, 0x9c, 0x2a, 0xdd, 0x5b, 0xff, 0xff, 0xff, 0xff, 0x1f, 0xdf, 0x9c, 0x2a, 0x9c, 0x2a, 0x9c, 0x2a, 0x9c, 0x2a, 0x9c, 0x2a, 0x9c, 0x2a, 0x9c, 0x2a,
  0x9c, 0x2a, 0x9e, 0xc6, 0xff, 0xff, 0xff, 0xff, 0xff, 0xff, 0xbd, 0x7c, 0x9c, 0x2a, 0x9c, 0x2a, 0x9c, 0x2a, 0x9c, 0x2a, 0x9c, 0x2a, 0x9c, 0x2a, 0x9c, 0x2a, 0x9c, 0x2a, 0x9c, 0x2a, 0x9c, 0x2a,
  0x9c, 0x2a, 0xbc, 0x2a, 0xff, 0xff, 0xff, 0xff, 0xff, 0xff, 0xfd, 0x63, 0x9c, 0x2a, 0x9c, 0x2a, 0x9c, 0x2a, 0x9c, 0x2a, 0x9c, 0x2a, 0x9c, 0x2a, 0x9c, 0x2a, 0x1c, 0x43, 0xff, 0xff, 0xff, 0xff,
  0xff, 0xff, 0x9d, 0x53, 0x9c, 0x2a, 0xdd, 0x84, 0xff, 0xff, 0xff, 0xff, 0xff, 0xff, 0xff, 0xff, 0xff, 0xff, 0xff, 0xff, 0xff, 0xff, 0xff, 0xff, 0xff, 0xff, 0xff, 0xff, 0x9d, 0x74, 0x9c, 0x2a,
  0x9c, 0x2a, 0x9c, 0x2a, 0xdd, 0x84, 0xff, 0xff, 0xff, 0xff, 0xff, 0xff, 0xff, 0xff, 0xff, 0xff, 0xff, 0xff, 0xff, 0xff, 0xff, 0xff, 0xff, 0xff, 0xff, 0xff, 0x5e, 0xbe, 0x9c, 0x2a, 0x9c, 0x2a,
  0x9c, 0x2a, 0x9d, 0x74, 0xff, 0xff, 0xff, 0xff, 0xde, 0xad, 0x9c, 0x2a, 0x5e, 0x95, 0xff, 0xff, 0xff, 0xff, 0xbe, 0xce, 0x9c, 0x2a, 0x1f, 0xdf, 0xff, 0xff, 0xff, 0xff, 0x3c, 0x43, 0x9c, 0x2a,
  0x9c, 0x2a, 0x9c, 0x2a, 0x9c, 0x2a, 0x9c, 0x2a, 0x9c, 0x2a, 0x9c, 0x2a, 0x9c, 0x2a, 0x9c, 0x2a, 0xfc, 0x3a, 0x9c, 0x2a, 0x9c, 0x2a, 0x9c, 0x2a, 0x9c, 0x2a, 0x9c, 0x2a, 0x9c, 0x2a, 0x9c, 0x2a,
  0x9c, 0x2a, 0x9c, 0x2a, 0x9c, 0x2a, 0x9c, 0x2a, 0x9c, 0x2a, 0x9c, 0x2a, 0x9c, 0x2a, 0x9c, 0x2a, 0x9c, 0x2a, 0x9c, 0x2a, 0x9c, 0x2a, 0x9c, 0x2a, 0x9c, 0x2a, 0x9c, 0x2a, 0x9c, 0x2a, 0x9c, 0x2a,
  0x9c, 0x2a, 0x9c, 0x2a, 0x9c, 0x2a, 0x9c, 0x2a, 0x9c, 0x2a, 0x9c, 0x2a, 0x9c, 0x2a, 0x9c, 0x2a, 0x9c, 0x2a, 0x9c, 0x2a, 0xfc, 0x3a, 0x9c, 0x2a, 0x9c, 0x2a, 0x9c, 0x2a, 0x9c, 0x2a, 0x9c, 0x2a,
  0x9c, 0x2a, 0x9c, 0x2a, 0x9c, 0x2a, 0x9c, 0x2a, 0x9c, 0x2a, 0x9c, 0x2a, 0x9c, 0x2a, 0x9c, 0x2a, 0x9c, 0x2a, 0x9c, 0x2a, 0x9c, 0x2a, 0x9c, 0x2a, 0x9c, 0x2a, 0x9c, 0x2a, 0x9c, 0x2a, 0x9c, 0x2a,
  0x9c, 0x2a, 0x9c, 0x2a, 0x9c, 0x2a, 0x9c, 0x2a, 0x9c, 0x2a, 0x9c, 0x2a, 0x9c, 0x2a, 0x9c, 0x2a, 0x9c, 0x2a, 0x9c, 0x2a, 0x9c, 0x2a, 0x9c, 0x2a, 0xfc, 0x3a, 0x9c, 0x2a, 0x9c, 0x2a, 0x9c, 0x2a,
  0x9c, 0x2a, 0x9c, 0x2a, 0x9c, 0x2a, 0x9c, 0x2a, 0x9c, 0x2a, 0x9c, 0x2a, 0x9c, 0x2a, 0x9c, 0x2a, 0x9c, 0x2a, 0x9c, 0x2a, 0x9c, 0x2a, 0x9c, 0x2a, 0x9c, 0x2a, 0x9c, 0x2a, 0x9c, 0x2a, 0x9c, 0x2a,
  0xbc, 0x32, 0xbc, 0x32, 0xbc, 0x32, 0xbc, 0x32, 0xbc, 0x32, 0xbc, 0x32, 0xbc, 0x32, 0xbc, 0x32, 0xbc, 0x32, 0xbc, 0x32, 0xbc, 0x32, 0xbc, 0x32, 0xbc, 0x32, 0xbc, 0x32, 0xbc, 0x32, 0xbc, 0x32,
  0xbc, 0x32, 0xbc, 0x32, 0xbc, 0x32, 0xbc, 0x32, 0xbc, 0x32, 0xbc, 0x32, 0xbc, 0x32, 0xbc, 0x32, 0xbc, 0x32, 0xbc, 0x32, 0xbc, 0x32, 0x1c, 0x43, 0xbc, 0x32, 0xbc, 0x32, 0xbc, 0x32, 0xbc, 0x32,
  0xbc, 0x32, 0xbc, 0x32, 0xbc, 0x32, 0xbc, 0x32, 0xbc, 0x32, 0xbc, 0x32, 0xbc, 0x32, 0xbc, 0x32, 0xbc, 0x32, 0xbc, 0x32, 0xbc, 0x32, 0xbc, 0x32, 0xbc, 0x32, 0xbc, 0x32, 0xbc, 0x32, 0xbc, 0x32,
  0xbc, 0x32, 0xbc, 0x32, 0xbc, 0x32, 0xbc, 0x32, 0xbc, 0x32, 0xbc, 0x32, 0xbc, 0x32, 0xbc, 0x32, 0xbc, 0x32, 0xbc, 0x32, 0xbc, 0x32, 0xbc, 0x32, 0xbc, 0x32, 0x1c, 0x43, 0xbc, 0x32, 0xbc, 0x32,
  0xbc, 0x32, 0xbc, 0x32, 0xbc, 0x32, 0xbc, 0x32, 0xbc, 0x32, 0xbc, 0x32, 0xbc, 0x32, 0xbc, 0x32, 0xbc, 0x32, 0xbc, 0x32, 0xbc, 0x32, 0xbc, 0x32, 0xbc, 0x32, 0xbc, 0x32, 0xbc, 0x32, 0xbc, 0x32,
  0xbc, 0x32, 0xbc, 0x32, 0xbc, 0x32, 0xbc, 0x32, 0xbc, 0x32, 0xbc, 0x32, 0xbc, 0x32, 0xbc, 0x32, 0xbc, 0x32, 0xbc, 0x32, 0xbc, 0x32, 0xbc, 0x32, 0xbc, 0x32, 0xbc, 0x32, 0xbc, 0x32, 0x1c, 0x43,
  0xbc, 0x32, 0xbc, 0x32, 0xbc, 0x32, 0xbc, 0x32, 0xbc, 0x32, 0xbc, 0x32, 0xbc, 0x32, 0xbc, 0x32, 0xbd, 0x5b, 0xbe, 0xad, 0xff, 0xff, 0xff, 0xff, 0xff, 0xff, 0x3d, 0x6c, 0xbc, 0x32, 0xbc, 0x32,
  0xbc, 0x32, 0xbc, 0x32, 0xbc, 0x32, 0xbc, 0x32, 0x3f, 0xe7, 0xff, 0xff, 0xff, 0xff, 0x7d, 0x74, 0xbc, 0x32, 0xbc, 0x32, 0xbc, 0x32, 0xbc, 0x32, 0xbc, 0x32, 0xbc, 0x32, 0x5e, 0x9d, 0xff, 0xff,
  0xff, 0xff, 0xff, 0xff, 0xff, 0xff, 0xff, 0xff, 0xff, 0xff, 0xff, 0xff, 0xff, 0xff, 0xff, 0xff, 0xff, 0xff, 0xfd, 0x63, 0xbc, 0x32, 0xbc, 0x32, 0xbc, 0x32, 0xbc, 0x32, 0xbc, 0x32, 0xbc, 0x32,
  0xbc, 0x32, 0x3d, 0x6c, 0xff, 0xff, 0xff, 0xff, 0x9f, 0xef, 0xbc, 0x32, 0xbc, 0x32, 0xbc, 0x32, 0xbc, 0x32, 0xbc, 0x32, 0xbc, 0x32, 0xbc, 0x32, 0xbc, 0x32, 0xbc, 0x32, 0xbc, 0x32, 0xbc, 0x32,
  0xbc, 0x32, 0xbc, 0x32, 0xbf, 0xf7, 0xff, 0xff, 0xff, 0xff, 0xdd, 0x84, 0xbc, 0x32, 0xbc, 0x32, 0xbc, 0x32, 0xbc, 0x32, 0xbc, 0x32, 0xbc, 0x32, 0xbc, 0x32, 0xdd, 0x63, 0xff, 0xff, 0xff, 0xff,
  0xff, 0xff, 0x5c, 0x4b, 0xbc, 0x32, 0xdd, 0x84, 0xff, 0xff, 0xff, 0xff, 0xff, 0xff, 0xff, 0xff, 0xff, 0xff, 0xff, 0xff, 0xbf, 0xf7, 0x3f, 0xe7, 0x1e, 0xb6, 0xbd, 0x5b, 0xbc, 0x32, 0xbc, 0x32,
  0xbc, 0x32, 0xbc, 0x32, 0xdd, 0x84, 0xff, 0xff, 0xff, 0xff, 0xfe, 0xd6, 0xbc, 0x32, 0xbc, 0x32, 0xbc, 0x32, 0xbc, 0x32, 0xbc, 0x32, 0xbc, 0x32, 0xbc, 0x32, 0xbc, 0x32, 0xbc, 0x32, 0xbc, 0x32,
  0xbc, 0x32, 0x9d, 0x7c, 0xff, 0xff, 0xff, 0xff, 0xde, 0xad, 0xbc, 0x32, 0xfc, 0x3a, 0x5f, 0xe7, 0xff, 0xff, 0xff, 0xff, 0xbd, 0x7c, 0x1f, 0xdf, 0xff, 0xff, 0xff, 0xff, 0x5c, 0x4b, 0xbc, 0x32,
  0xbc, 0x32, 0xbc, 0x32, 0xbc, 0x32, 0xbc, 0x32, 0xbc, 0x32, 0xbc, 0x32, 0xbc, 0x32, 0x1c, 0x43, 0xbc, 0x32, 0xbc, 0x32, 0xbc, 0x32, 0xbc, 0x32, 0xbc, 0x32, 0xbc, 0x32, 0xbc, 0x32, 0xbc, 0x32,
  0xbc, 0x32, 0xbc, 0x32, 0xbc, 0x32, 0xbc, 0x32, 0xbc, 0x32, 0xbc, 0x32, 0xbc, 0x32, 0xbc, 0x32, 0xbc, 0x32, 0xbc, 0x32, 0xbc, 0x32, 0xbc, 0x32, 0xbc, 0x32, 0xbc, 0x32, 0xbc, 0x32, 0xbc, 0x32,
  0xbc, 0x32, 0xbc, 0x32, 0xbc, 0x32, 0xbc, 0x32, 0xbc, 0x32, 0xbc, 0x32, 0xbc, 0x32, 0xbc, 0x32, 0xbc, 0x32, 0x1c, 0x43, 0xbc, 0x32, 0xbc, 0x32, 0xbc, 0x32, 0xbc, 0x32, 0xbc, 0x32, 0xbc, 0x32,
  0xbc, 0x32, 0xbc, 0x32, 0xbc, 0x32, 0xbc, 0x32, 0xbc, 0x32, 0xbc, 0x32, 0xbc, 0x32, 0xbc, 0x32, 0xbc, 0x32, 0xbc, 0x32, 0xbc, 0x32, 0xbc, 0x32, 0xbc, 0x32, 0xbc, 0x32, 0xbc, 0x32, 0xbc, 0x32,
  0xbc, 0x32, 0xbc, 0x32, 0xbc, 0x32, 0xbc, 0x32, 0xbc, 0x32, 0xbc, 0x32, 0xbc, 0x32, 0xbc, 0x32, 0xbc, 0x32, 0xbc, 0x32, 0xbc, 0x32, 0x1c, 0x43, 0xbc, 0x32, 0xbc, 0x32, 0xbc, 0x32, 0xbc, 0x32,
  0xbc, 0x32, 0xbc, 0x32, 0xbc, 0x32, 0xbc, 0x32, 0xbc, 0x32, 0xbc, 0x32, 0xbc, 0x32, 0xbc, 0x32, 0xbc, 0x32, 0xbc, 0x32, 0xbc, 0x32, 0xbc, 0x32, 0xbc, 0x32, 0xbc, 0x32, 0xbc, 0x32, 0xbc, 0x32,
  0x9c, 0x2a, 0x9c, 0x2a, 0x9c, 0x2a, 0x9c, 0x2a, 0x9c, 0x2a, 0x9c, 0x2a, 0x9c, 0x2a, 0x9c, 0x2a, 0x9c, 0x2a, 0x9c, 0x2a, 0x9c, 0x2a, 0x9c, 0x2a, 0x9c, 0x2a, 0x9c, 0x2a, 0x9c, 0x2a, 0x9c, 0x2a,
  0x9c, 0x2a, 0x9c, 0x2a, 0x9c, 0x2a, 0x9c, 0x2a, 0x9c, 0x2a, 0x9c, 0x2a, 0x9c, 0x2a, 0x9c, 0x2a, 0x9c, 0x2a, 0x9c, 0x2a, 0xfc, 0x3a, 0x9c, 0x2a, 0x9c, 0x2a, 0x9c, 0x2a, 0x9c, 0x2a, 0x9c, 0x2a,
  0x9c, 0x2a, 0x9c, 0x2a, 0x9c, 0x2a, 0x9c, 0x2a, 0x9c, 0x2a, 0x9c, 0x2a, 0x9c, 0x2a, 0x9c, 0x2a, 0x9c, 0x2a, 0x9c, 0x2a, 0x9c, 0x2a, 0x9c, 0x2a, 0x9c, 0x2a, 0x9c, 0x2a, 0x9c, 0x2a, 0x9c, 0x2a,
  0x9c, 0x2a, 0x9c, 0x2a, 0x9c, 0x2a, 0x9c, 0x2a, 0x9c, 0x2a, 0x9c, 0x2a, 0x9c, 0x2a, 0x9c, 0x2a, 0x9c, 0x2a, 0x9c, 0x2a, 0x9c, 0x2a, 0x9c, 0x2a, 0xfc, 0x3a, 0x9c, 0x2a, 0x9c, 0x2a, 0x9c, 0x2a,
  0x9c, 0x2a, 0x9c, 0x2a, 0x9c, 0x2a, 0x9c, 0x2a, 0x9c, 0x2a, 0x9c, 0x2a, 0x9c, 0x2a, 0x9c, 0x2a, 0x9c, 0x2a, 0x9c, 0x2a, 0x9c, 0x2a, 0x9c, 0x2a, 0x9c, 0x2a, 0x9c, 0x2a, 0x9c, 0x2a, 0x9c, 0x2a,
  0x9c, 0x2a, 0x9c, 0x2a, 0x9c, 0x2a, 0x9c, 0x2a, 0x9c, 0x2a, 0x9c, 0x2a, 0x9c, 0x2a, 0x9c, 0x2a, 0x9c, 0x2a, 0x9c, 0x2a, 0x9c, 0x2a, 0x9c, 0x2a, 0x9c, 0x2a, 0x9c, 0x2a, 0xfc, 0x3a, 0x9c, 0x2a,
  0x3c, 0x43, 0xff, 0xff, 0xff, 0xff, 0xdf, 0xff, 0xfc, 0x3a, 0x9c, 0x2a, 0x9c, 0x2a, 0x9c, 0x2a, 0x9c, 0x2a, 0x9c, 0x2a, 0x3e, 0xbe, 0xff, 0xff, 0xff, 0xff, 0x5e, 0x95, 0x9c, 0x2a, 0x9c, 0x2a,
  0x9c, 0x2a, 0x9c, 0x2a, 0x9c, 0x2a, 0x9c, 0x2a, 0x3f, 0xdf, 0xff, 0xff, 0xff, 0xff, 0x5d, 0x6c, 0x9c, 0x2a, 0x9c, 0x2a, 0x9c, 0x2a, 0x9c, 0x2a, 0x9c, 0x2a, 0x9c, 0x2a, 0x5f, 0xe7, 0xff, 0xff,
  0xff, 0xff, 0xff, 0xff, 0xff, 0xff, 0xff, 0xff, 0xff, 0xff, 0xff, 0xff, 0xff, 0xff, 0xff, 0xff, 0xff, 0xff, 0xfe, 0xad, 0x9c, 0x2a, 0x9c, 0x2a, 0x9c, 0x2a, 0x9c, 0x2a, 0x9c, 0x2a, 0x9c, 0x2a,
  0x9c, 0x2a, 0xfd, 0x63, 0xff, 0xff, 0xff, 0xff, 0x7f, 0xef, 0x9c, 0x2a, 0x9c, 0x2a, 0x9c, 0x2a, 0x9c, 0x2a, 0x9c, 0x2a, 0x9c, 0x2a, 0x9c, 0x2a, 0x9c, 0x2a, 0x9c, 0x2a, 0x9c, 0x2a, 0x9c, 0x2a,
  0x9c, 0x2a, 0x9c, 0x2a, 0xbe, 0xce, 0xff, 0xff, 0xff, 0xff, 0x5e, 0xbe, 0x9c, 0x2a, 0x9c, 0x2a, 0x9c, 0x2a, 0x9c, 0x2a, 0x9c, 0x2a, 0x9c, 0x2a, 0x9c, 0x2a, 0x5e, 0x9d, 0xff, 0xff, 0xff, 0xff,
  0x9f, 0xef, 0x9c, 0x2a, 0x9c, 0x2a, 0xdd, 0x84, 0xff, 0xff, 0xff, 0xff, 0xde, 0xce, 0x9c, 0x2a, 0x9c, 0x2a, 0x9c, 0x2a, 0x9c, 0x2a, 0x9c, 0x2a, 0x9c, 0x2a, 0x9c, 0x2a, 0x9c, 0x2a, 0x9c, 0x2a,
  0x9c, 0x2a, 0x9c, 0x2a, 0xdd, 0x84, 0xff, 0xff, 0xff, 0xff, 0xde, 0xce, 0x9c, 0x2a, 0x9c, 0x2a, 0x9c, 0x2a, 0x9c, 0x2a, 0x9c, 0x2a, 0x9c, 0x2a, 0x9c, 0x2a, 0x9c, 0x2a, 0x9c, 0x2a, 0x9c, 0x2a,
  0x9c, 0x2a, 0x9d, 0x74, 0xff, 0xff, 0xff, 0xff, 0xde, 0xad, 0x9c, 0x2a, 0x9c, 0x2a, 0x5d, 0x6c, 0xff, 0xff, 0xff, 0xff, 0x7f, 0xef, 0x5f, 0xe7, 0xff, 0xff, 0xff, 0xff, 0x3c, 0x43, 0x9c, 0x2a,
  0x9c, 0x2a, 0x9c, 0x2a, 0x9c, 0x2a, 0x9c, 0x2a, 0x9c, 0x2a, 0x9c, 0x2a, 0xfc, 0x3a, 0x9c, 0x2a, 0x9c, 0x2a, 0x9c, 0x2a, 0x9c, 0x2a, 0x9c, 0x2a, 0x9c, 0x2a, 0x9c, 0x2a, 0x9c, 0x2a, 0x9c, 0x2a,
  0x9c, 0x2a, 0x9c, 0x2a, 0x9c, 0x2a, 0x9c, 0x2a, 0x9c, 0x2a, 0x9c, 0x2a, 0x9c, 0x2a, 0x9c, 0x2a, 0x9c, 0x2a, 0x9c, 0x2a, 0x9c, 0x2a, 0x9c, 0x2a, 0x9c, 0x2a, 0x9c, 0x2a, 0x9c, 0x2a, 0x9c, 0x2a,
  0x9c, 0x2a, 0x9c, 0x2a, 0x9c, 0x2a, 0x9c, 0x2a, 0x9c, 0x2a, 0x9c, 0x2a, 0x9c, 0x2a, 0x9c, 0x2a, 0xfc, 0x3a, 0x9c, 0x2a, 0x9c, 0x2a, 0x9c, 0x2a, 0x9c, 0x2a, 0x9c, 0x2a, 0x9c, 0x2a, 0x9c, 0x2a,
  0x9c, 0x2a, 0x9c, 0x2a, 0x9c, 0x2a, 0x9c, 0x2a, 0x9c, 0x2a, 0x9c, 0x2a, 0x9c, 0x2a, 0x9c, 0x2a, 0x9c, 0x2a, 0x9c, 0x2a, 0x9c, 0x2a, 0x9c, 0x2a, 0x9c, 0x2a, 0x9c, 0x2a, 0x9c, 0x2a, 0x9c, 0x2a,
  0x9c, 0x2a, 0x9c, 0x2a, 0x9c, 0x2a, 0x9c, 0x2a, 0x9c, 0x2a, 0x9c, 0x2a, 0x9c, 0x2a, 0x9c, 0x2a, 0x9c, 0x2a, 0x9c, 0x2a, 0xfc, 0x3a, 0x9c, 0x2a, 0x9c, 0x2a, 0x9c, 0x2a, 0x9c, 0x2a, 0x9c, 0x2a,
  0x9c, 0x2a, 0x9c, 0x2a, 0x9c, 0x2a, 0x9c, 0x2a, 0x9c, 0x2a, 0x9c, 0x2a, 0x9c, 0x2a, 0x9c, 0x2a, 0x9c, 0x2a, 0x9c, 0x2a, 0x9c, 0x2a, 0x9c, 0x2a, 0x9c, 0x2a, 0x9c, 0x2a, 0x9c, 0x2a, 0x9c, 0x2a,
  0x9c, 0x2a, 0x9c, 0x2a, 0x9c, 0x2a, 0x9c, 0x2a, 0x9c, 0x2a, 0x9c, 0x2a, 0x9c, 0x2a, 0x9c, 0x2a, 0x9c, 0x2a, 0x9c, 0x2a, 0x9c, 0x2a, 0x9c, 0x2a, 0x9c, 0x2a, 0x9c, 0x2a, 0x9c, 0x2a, 0x9c, 0x2a,
  0x9c, 0x2a, 0x9c, 0x2a, 0x9c, 0x2a, 0x9c, 0x2a, 0x9c, 0x2a, 0x9c, 0x2a, 0x9c, 0x2a, 0x9c, 0x2a, 0x9c, 0x2a, 0xfc, 0x3a, 0x9c, 0x2a, 0x9c, 0x2a, 0x9c, 0x2a, 0x9c, 0x2a, 0x9c, 0x2a, 0x9c, 0x2a,
  0x9c, 0x2a, 0x9c, 0x2a, 0x9c, 0x2a, 0x9c, 0x2a, 0x9c, 0x2a, 0x9c, 0x2a, 0x9c, 0x2a, 0x9c, 0x2a, 0x9c, 0x2a, 0x9c, 0x2a, 0x9c, 0x2a, 0x9c, 0x2a, 0x9c, 0x2a, 0x9c, 0x2a, 0x9c, 0x2a, 0x9c, 0x2a,
  0x9c, 0x2a, 0x9c, 0x2a, 0x9c, 0x2a, 0x9c, 0x2a, 0x9c, 0x2a, 0x9c, 0x2a, 0x9c, 0x2a, 0x9c, 0x2a, 0x9c, 0x2a, 0x9c, 0x2a, 0x9c, 0x2a, 0xfc, 0x3a, 0x9c, 0x2a, 0x9c, 0x2a, 0x9c, 0x2a, 0x9c, 0x2a,
  0x9c, 0x2a, 0x9c, 0x2a, 0x9c, 0x2a, 0x9c, 0x2a, 0x9c, 0x2a, 0x9c, 0x2a, 0x9c, 0x2a, 0x9c, 0x2a, 0x9c, 0x2a, 0x9c, 0x2a, 0x9c, 0x2a, 0x9c, 0x2a, 0x9c, 0x2a, 0x9c, 0x2a, 0x9c, 0x2a, 0x9c, 0x2a,
  0x9c, 0x2a, 0x9c, 0x2a, 0x9c, 0x2a, 0x9c, 0x2a, 0x9c, 0x2a, 0x9c, 0x2a, 0x9c, 0x2a, 0x9c, 0x2a, 0x9c, 0x2a, 0x9c, 0x2a, 0x9c, 0x2a, 0x9c, 0x2a, 0x9c, 0x2a, 0xfc, 0x3a, 0x9c, 0x2a, 0x9c, 0x2a,
  0x9c, 0x2a, 0x9f, 0xef, 0xff, 0xff, 0xff, 0xff, 0x1d, 0x8d, 0x9c, 0x2a, 0x9c, 0x2a, 0x9c, 0x2a, 0x9c, 0x2a, 0x9c, 0x2a, 0xbe, 0xce, 0xff, 0xff, 0xff, 0xff, 0x7e, 0x9d, 0x9c, 0x2a, 0x9c, 0x2a,
  0x9c, 0x2a, 0x9c, 0x2a, 0x9c, 0x2a, 0x9c, 0x2a, 0x3f, 0xdf, 0xff, 0xff, 0xff, 0xff, 0x5d, 0x6c, 0x9c, 0x2a, 0x9c, 0x2a, 0x9c, 0x2a, 0x9c, 0x2a, 0x9c, 0x2a, 0x1d, 0x64, 0xff, 0xff, 0xff, 0xff,
  0xff, 0xff, 0xff, 0xff, 0xff, 0xff, 0xff, 0xff, 0xff, 0xff, 0xff, 0xff, 0xff, 0xff, 0xff, 0xff, 0xff, 0xff, 0xdf, 0xf7, 0xdc, 0x3a, 0x9c, 0x2a, 0x9c, 0x2a, 0x9c, 0x2a, 0x9c, 0x2a, 0x9c, 0x2a,
  0x9c, 0x2a, 0xfd, 0x63, 0xff, 0xff, 0xff, 0xff, 0x7f, 0xef, 0x9c, 0x2a, 0x9c, 0x2a, 0x9c, 0x2a, 0x9c, 0x2a, 0x9c, 0x2a, 0x9c, 0x2a, 0x9c, 0x2a, 0x9c, 0x2a, 0x9c, 0x2a, 0x9c, 0x2a, 0x9c, 0x2a,
  0x9c, 0x2a, 0xfc, 0x3a, 0x1d, 0x8d, 0xff, 0xff, 0xff, 0xff, 0xff, 0xff, 0x3d, 0x6c, 0x9c, 0x2a, 0x9c, 0x2a, 0x9c, 0x2a, 0x9c, 0x2a, 0x9c, 0x2a, 0x7d, 0x4b, 0xbf, 0xf7, 0xff, 0xff, 0xff, 0xff,
  0xfe, 0xad, 0x9c, 0x2a, 0x9c, 0x2a, 0xdd, 0x84, 0xff, 0xff, 0xff, 0xff, 0xde, 0xce, 0x9c, 0x2a, 0x9c, 0x2a, 0x9c, 0x2a, 0x9c, 0x2a, 0x9c, 0x2a, 0x9c, 0x2a, 0x9c, 0x2a, 0x9c, 0x2a, 0x9c, 0x2a,
  0x9c, 0x2a, 0x9c, 0x2a, 0xdd, 0x84, 0xff, 0xff, 0xff, 0xff, 0xde, 0xce, 0x9c, 0x2a, 0x9c, 0x2a, 0x9c, 0x2a, 0x9c, 0x2a, 0x9c, 0x2a, 0x9c, 0x2a, 0x9c, 0x2a, 0x9c, 0x2a, 0x9c, 0x2a, 0x9c, 0x2a,
  0x9c, 0x2a, 0x9d, 0x74, 0xff, 0xff, 0xff, 0xff, 0xde, 0xad, 0x9c, 0x2a, 0x9c, 0x2a, 0x9c, 0x2a, 0x9e, 0xc6, 0xff, 0xff, 0xff, 0xff, 0xff, 0xff, 0xff, 0xff, 0xff, 0xff, 0x3c, 0x43, 0x9c, 0x2a,
  0x9c, 0x2a, 0x9c, 0x2a, 0x9c, 0x2a, 0x9c, 0x2a, 0x9c, 0x2a, 0xfc, 0x3a, 0x9c, 0x2a, 0x9c, 0x2a, 0x9c, 0x2a, 0x9c, 0x2a, 0x9c, 0x2a, 0x9c, 0x2a, 0x9c, 0x2a, 0x9c, 0x2a, 0x9c, 0x2a, 0x9c, 0x2a,
  0x9c, 0x2a, 0x9c, 0x2a, 0x9c, 0x2a, 0x9c, 0x2a, 0x9c, 0x2a, 0x9c, 0x2a, 0x9c, 0x2a, 0x9c, 0x2a, 0x9c, 0x2a, 0x9c, 0x2a, 0x9c, 0x2a, 0x9c, 0x2a, 0x9c, 0x2a, 0x9c, 0x2a, 0x9c, 0x2a, 0x9c, 0x2a,
  0x9c, 0x2a, 0x9c, 0x2a, 0x9c, 0x2a, 0x9c, 0x2a, 0x9c, 0x2a, 0x9c, 0x2a, 0x9c, 0x2a, 0xfc, 0x3a, 0x9c, 0x2a, 0x9c, 0x2a, 0x9c, 0x2a, 0x9c, 0x2a, 0x9c, 0x2a, 0x9c, 0x2a, 0x9c, 0x2a, 0x9c, 0x2a,
  0x9c, 0x2a, 0x9c, 0x2a, 0x9c, 0x2a, 0x9c, 0x2a, 0x9c, 0x2a, 0x9c, 0x2a, 0x9c, 0x2a, 0x9c, 0x2a, 0x9c, 0x2a, 0x9c, 0x2a, 0x9c, 0x2a, 0x9c, 0x2a, 0x9c, 0x2a, 0x9c, 0x2a, 0x9c, 0x2a, 0x9c, 0x2a,
  0x9c, 0x2a, 0x9c, 0x2a, 0x9c, 0x2a, 0x9c, 0x2a, 0x9c, 0x2a, 0x9c, 0x2a, 0x9c, 0x2a, 0x9c, 0x2a, 0x9c, 0x2a, 0xfc, 0x3a, 0x9c, 0x2a, 0x9c, 0x2a, 0x9c, 0x2a, 0x9c, 0x2a, 0x9c, 0x2a, 0x9c, 0x2a,
  0x9c, 0x2a, 0x9c, 0x2a, 0x9c, 0x2a, 0x9c, 0x2a, 0x9c, 0x2a, 0x9c, 0x2a, 0x9c, 0x2a, 0x9c, 0x2a, 0x9c, 0x2a, 0x9c, 0x2a, 0x9c, 0x2a, 0x9c, 0x2a, 0x9c, 0x2a, 0x9c, 0x2a, 0x9c, 0x2a, 0x9c, 0x2a,
  0x9c, 0x2a, 0x9c, 0x2a, 0x9c, 0x2a, 0x9c, 0x2a, 0x9c, 0x2a, 0x9c, 0x2a, 0x9c, 0x2a, 0x9c, 0x2a, 0x9c, 0x2a, 0x9c, 0x2a, 0x9c, 0x2a, 0x9c, 0x2a, 0x9c, 0x2a, 0x9c, 0x2a, 0x9c, 0x2a, 0x9c, 0x2a,
  0x9c, 0x2a, 0x9c, 0x2a, 0x9c, 0x2a, 0x9c, 0x2a, 0x9c, 0x2a, 0x9c, 0x2a, 0x9c, 0x2a, 0x9c, 0x2a, 0xfc, 0x3a, 0x9c, 0x2a, 0x9c, 0x2a, 0x9c, 0x2a, 0x9c, 0x2a, 0x9c, 0x2a, 0x9c, 0x2a, 0x9c, 0x2a,
  0x9c, 0x2a, 0x9c, 0x2a, 0x9c, 0x2a, 0x9c, 0x2a, 0x9c, 0x2a, 0x9c, 0x2a, 0x9c, 0x2a, 0x9c, 0x2a, 0x9c, 0x2a, 0x9c, 0x2a, 0x9c, 0x2a, 0x9c, 0x2a, 0x9c, 0x2a, 0x9c, 0x2a, 0x9c, 0x2a, 0x9c, 0x2a,
  0x9c, 0x2a, 0x9c, 0x2a, 0x9c, 0x2a, 0x9c, 0x2a, 0x9c, 0x2a, 0x9c, 0x2a, 0x9c, 0x2a, 0x9c, 0x2a, 0x9c, 0x2a, 0x9c, 0x2a, 0xfc, 0x3a, 0x9c, 0x2a, 0x9c, 0x2a, 0x9c, 0x2a, 0x9c, 0x2a, 0x9c, 0x2a,
  0x9c, 0x2a, 0x9c, 0x2a, 0x9c, 0x2a, 0x9c, 0x2a, 0x9c, 0x2a, 0x9c, 0x2a, 0x9c, 0x2a, 0x9c, 0x2a, 0x9c, 0x2a, 0x9c, 0x2a, 0x9c, 0x2a, 0x9c, 0x2a, 0x9c, 0x2a, 0x9c, 0x2a, 0x9c, 0x2a, 0x9c, 0x2a,
  0x9c, 0x2a, 0x9c, 0x2a, 0x9c, 0x2a, 0x9c, 0x2a, 0x9c, 0x2a, 0x9c, 0x2a, 0x9c, 0x2a, 0x9c, 0x2a, 0x9c, 0x2a, 0x9c, 0x2a, 0x9c, 0x2a, 0x9c, 0x2a, 0xfc, 0x3a, 0x9c, 0x2a, 0x9c, 0x2a, 0x9c, 0x2a,
  0x9c, 0x2a, 0xbe, 0xa5, 0xff, 0xff, 0xff, 0xff, 0xdf, 0xf7, 0x1d, 0x8d, 0x3c, 0x43, 0xbc, 0x32, 0x7d, 0x4b, 0xde, 0xad, 0xff, 0xff, 0xff, 0xff, 0xff, 0xff, 0x9d, 0x7c, 0x9c, 0x2a, 0x9c, 0x2a,
  0x9c, 0x2a, 0x9c, 0x2a, 0x9c, 0x2a, 0x9c, 0x2a, 0x3f, 0xdf, 0xff, 0xff, 0xff, 0xff, 0x5d, 0x6c, 0x9c, 0x2a, 0x9c, 0x2a, 0x9c, 0x2a, 0x9c, 0x2a, 0x9c, 0x2a, 0x1e, 0xb6, 0xff, 0xff, 0xff, 0xff,
  0x5e, 0x95, 0x9c, 0x2a, 0x9c, 0x2a, 0x9c, 0x2a, 0x9c, 0x2a, 0x9c, 0x2a, 0x9c, 0x2a, 0x3f, 0xdf, 0xff, 0xff, 0xff, 0xff, 0xdd, 0x84, 0x9c, 0x2a, 0x9c, 0x2a, 0x9c, 0x2a, 0x9c, 0x2a, 0x9c, 0x2a,
  0x9c, 0x2a, 0xfd, 0x63, 0xff, 0xff, 0xff, 0xff, 0x7f, 0xef, 0x9c, 0x2a, 0x9c, 0x2a, 0x9c, 0x2a, 0x9c, 0x2a, 0x9c, 0x2a, 0x9c, 0x2a, 0x9c, 0x2a, 0x9c, 0x2a, 0x9c, 0x2a, 0x9c, 0x2a, 0x9c, 0x2a,
  0xfc, 0x3a, 0x9c, 0x2a, 0xdc, 0x3a, 0x9f, 0xef, 0xff, 0xff, 0xff, 0xff, 0xdf, 0xff, 0x5e, 0x95, 0x5c, 0x4b, 0xbc, 0x2a, 0x1c, 0x43, 0xdd, 0x84, 0x9f, 0xef, 0xff, 0xff, 0xff, 0xff, 0xff, 0xff,
  0x7d, 0x4b, 0x9c, 0x2a, 0x9c, 0x2a, 0xdd, 0x84, 0xff, 0xff, 0xff, 0xff, 0xde, 0xce, 0x9c, 0x2a, 0x9c, 0x2a, 0x9c, 0x2a, 0x9c, 0x2a, 0x9c, 0x2a, 0x9c, 0x2a, 0x9c, 0x2a, 0x9c, 0x2a, 0x9c, 0x2a,
  0x9c, 0x2a, 0x9c, 0x2a, 0xfd, 0x8c, 0xff, 0xff, 0xff, 0xff, 0xde, 0xce, 0x9c, 0x2a, 0x9c, 0x2a, 0x9c, 0x2a, 0x9c, 0x2a, 0x9c, 0x2a, 0x9c, 0x2a, 0x9c, 0x2a, 0x9c, 0x2a, 0x9c, 0x2a, 0x9c, 0x2a,
  0x9c, 0x2a, 0x9d, 0x74, 0xff, 0xff, 0xff, 0xff, 0xde, 0xad, 0x9c, 0x2a, 0x9c, 0x2a, 0x9c, 0x2a, 0x7d, 0x4b, 0xdf, 0xff, 0xff, 0xff, 0xff, 0xff, 0xff, 0xff, 0xff, 0xff, 0x3c, 0x43, 0x9c, 0x2a,
  0x9c, 0x2a, 0x9c, 0x2a, 0x9c, 0x2a, 0x9c, 0x2a, 0xfc, 0x3a, 0x9c, 0x2a, 0x9c, 0x2a, 0x9c, 0x2a, 0x9c, 0x2a, 0x9c, 0x2a, 0x9c, 0x2a, 0x9c, 0x2a, 0x9c, 0x2a, 0x9c, 0x2a, 0x9c, 0x2a, 0x9c, 0x2a,
  0x9c, 0x2a, 0x9c, 0x2a, 0x9c, 0x2a, 0x9c, 0x2a, 0x9c, 0x2a, 0x9c, 0x2a, 0x9c, 0x2a, 0x9c, 0x2a, 0x9c, 0x2a, 0x9c, 0x2a, 0x9c, 0x2a, 0x9c, 0x2a, 0x9c, 0x2a, 0x9c, 0x2a, 0x9c, 0x2a, 0x9c, 0x2a,
  0x9c, 0x2a, 0x9c, 0x2a, 0x9c, 0x2a, 0x9c, 0x2a, 0x9c, 0x2a, 0x9c, 0x2a, 0xfc, 0x3a, 0x9c, 0x2a, 0x9c, 0x2a, 0x9c, 0x2a, 0x9c, 0x2a, 0x9c, 0x2a, 0x9c, 0x2a, 0x9c, 0x2a, 0x9c, 0x2a, 0x9c, 0x2a,
  0x9c, 0x2a, 0x9c, 0x2a, 0x9c, 0x2a, 0x9c, 0x2a, 0x9c, 0x2a, 0x9c, 0x2a, 0x9c, 0x2a, 0x9c, 0x2a, 0x9c, 0x2a, 0x9c, 0x2a, 0x9c, 0x2a, 0x9c, 0x2a, 0x9c, 0x2a, 0x9c, 0x2a, 0x9c, 0x2a, 0x9c, 0x2a,
  0x9c, 0x2a, 0x9c, 0x2a, 0x9c, 0x2a, 0x9c, 0x2a, 0x9c, 0x2a, 0x9c, 0x2a, 0x9c, 0x2a, 0x9c, 0x2a, 0xfc, 0x3a, 0x9c, 0x2a, 0x9c, 0x2a, 0x9c, 0x2a, 0x9c, 0x2a, 0x9c, 0x2a, 0x9c, 0x2a, 0x9c, 0x2a,
  0x9c, 0x2a, 0x9c, 0x2a, 0x9c, 0x2a, 0x9c, 0x2a, 0x9c, 0x2a, 0x9c, 0x2a, 0x9c, 0x2a, 0x9c, 0x2a, 0x9c, 0x2a, 0x9c, 0x2a, 0x9c, 0x2a, 0x9c, 0x2a, 0x9c, 0x2a, 0x9c, 0x2a, 0x9c, 0x2a, 0x9c, 0x2a,
  0x9c, 0x2a, 0x9c, 0x2a, 0x9c, 0x2a, 0x9c, 0x2a, 0x9c, 0x2a, 0x9c, 0x2a, 0x9c, 0x2a, 0x9c, 0x2a, 0x9c, 0x2a, 0x9c, 0x2a, 0x9c, 0x2a, 0x9c, 0x2a, 0x9c, 0x2a, 0x9c, 0x2a, 0x9c, 0x2a, 0x9c, 0x2a,
  0x9c, 0x2a, 0x9c, 0x2a, 0x9c, 0x2a, 0x9c, 0x2a, 0x9c, 0x2a, 0x9c, 0x2a, 0x9c, 0x2a, 0xfc, 0x3a, 0x9c, 0x2a, 0x9c, 0x2a, 0x9c, 0x2a, 0x9c, 0x2a, 0x9c, 0x2a, 0x9c, 0x2a, 0x9c, 0x2a, 0x9c, 0x2a,
  0x9c, 0x2a, 0x9c, 0x2a, 0x9c, 0x2a, 0x9c, 0x2a, 0x9c, 0x2a, 0x9c, 0x2a, 0x9c, 0x2a, 0x9c, 0x2a, 0x9c, 0x2a, 0x9c, 0x2a, 0x9c, 0x2a, 0x9c, 0x2a, 0x9c, 0x2a, 0x9c, 0x2a, 0x9c, 0x2a, 0x9c, 0x2a,
  0x9c, 0x2a, 0x9c, 0x2a, 0x9c, 0x2a, 0x9c, 0x2a, 0x9c, 0x2a, 0x9c, 0x2a, 0x9c, 0x2a, 0x9c, 0x2a, 0x9c, 0x2a, 0xfc, 0x3a, 0x9c, 0x2a, 0x9c, 0x2a, 0x9c, 0x2a, 0x9c, 0x2a, 0x9c, 0x2a, 0x9c, 0x2a,
  0x9c, 0x2a, 0x9c, 0x2a, 0x9c, 0x2a, 0x9c, 0x2a, 0x9c, 0x2a, 0x9c, 0x2a, 0x9c, 0x2a, 0x9c, 0x2a, 0x9c, 0x2a, 0x9c, 0x2a, 0x9c, 0x2a, 0x9c, 0x2a, 0x9c, 0x2a, 0x9c, 0x2a, 0x9c, 0x2a, 0x9c, 0x2a,
  0x9c, 0x2a, 0x9c, 0x2a, 0x9c, 0x2a, 0x9c, 0x2a, 0x9c, 0x2a, 0x9c, 0x2a, 0x9c, 0x2a, 0x9c, 0x2a, 0x9c, 0x2a, 0x9c, 0x2a, 0x9c, 0x2a, 0xfc, 0x3a, 0x9c, 0x2a, 0x9c, 0x2a, 0x9c, 0x2a, 0x9c, 0x2a,
  0x9c, 0x2a, 0x3c, 0x43, 0xbf, 0xf7, 0xff, 0xff, 0xff, 0xff, 0xff, 0xff, 0xff, 0xff, 0xff, 0xff, 0xff, 0xff, 0xff, 0xff, 0xff, 0xff, 0xff, 0xff, 0x7f, 0xe7, 0xbc, 0x32, 0x9c, 0x2a, 0x9c, 0x2a,
  0x9c, 0x2a, 0x9c, 0x2a, 0x9c, 0x2a, 0x9c, 0x2a, 0x3f, 0xdf, 0xff, 0xff, 0xff, 0xff, 0x5d, 0x6c, 0x9c, 0x2a, 0x9c, 0x2a, 0x9c, 0x2a, 0x9c, 0x2a, 0xfc, 0x3a, 0xdf, 0xf7, 0xff, 0xff, 0xff, 0xff,
  0x9d, 0x53, 0x9c, 0x2a, 0x9c, 0x2a, 0x9c, 0x2a, 0x9c, 0x2a, 0x9c, 0x2a, 0x9c, 0x2a, 0x5e, 0x9d, 0xff, 0xff, 0xff, 0xff, 0xfe, 0xd6, 0x9c, 0x2a, 0x9c, 0x2a, 0x9c, 0x2a, 0x9c, 0x2a, 0x9c, 0x2a,
  0x9c, 0x2a, 0xfd, 0x63, 0xff, 0xff, 0xff, 0xff, 0x7f, 0xef, 0x9c, 0x2a, 0x9c, 0x2a, 0x9c, 0x2a, 0x9c, 0x2a, 0x9c, 0x2a, 0x9c, 0x2a, 0x9c, 0x2a, 0x9c, 0x2a, 0x9c, 0x2a, 0x9c, 0x2a, 0xfc, 0x3a,
  0x9c, 0x2a, 0x9c, 0x2a, 0x9c, 0x2a, 0x3d, 0x6c, 0xff, 0xff, 0xff, 0xff, 0xff, 0xff, 0xff, 0xff, 0xff, 0xff, 0xff, 0xff, 0xff, 0xff, 0xff, 0xff, 0xff, 0xff, 0xff, 0xff, 0xff, 0xff, 0x1d, 0x8d,
  0x9c, 0x2a, 0x9c, 0x2a, 0x9c, 0x2a, 0xdd, 0x84, 0xff, 0xff, 0xff, 0xff, 0xde, 0xce, 0x9c, 0x2a, 0x9c, 0x2a, 0x9c, 0x2a, 0x9c, 0x2a, 0x9c, 0x2a, 0x9c, 0x2a, 0x9c, 0x2a, 0x9c, 0x2a, 0x9c, 0x2a,
  0x9c, 0x2a, 0xfc, 0x3a, 0xdd, 0x84, 0xff, 0xff, 0xff, 0xff, 0xff, 0xff, 0xff, 0xff, 0xff, 0xff, 0xff, 0xff, 0xff, 0xff, 0xff, 0xff, 0xff, 0xff, 0xff, 0xff, 0xff, 0xff, 0xbe, 0xa5, 0x9c, 0x2a,
  0x9c, 0x2a, 0x9d, 0x74, 0xff, 0xff, 0xff, 0xff, 0xde, 0xad, 0x9c, 0x2a, 0x9c, 0x2a, 0x9c, 0x2a, 0x9c, 0x2a, 0x9e, 0x9d, 0xff, 0xff, 0xff, 0xff, 0xff, 0xff, 0xff, 0xff, 0x3c, 0x43, 0x9c, 0x2a,
  0x9c, 0x2a, 0x9c, 0x2a, 0x9c, 0x2a, 0xfc, 0x3a, 0x9c, 0x2a, 0x9c, 0x2a, 0x9c, 0x2a, 0x9c, 0x2a, 0x9c, 0x2a, 0x9c, 0x2a, 0x9c, 0x2a, 0x9c, 0x2a, 0x9c, 0x2a, 0x9c, 0x2a, 0x9c, 0x2a, 0x9c, 0x2a,
  0x9c, 0x2a, 0x9c, 0x2a, 0x9c, 0x2a, 0x9c, 0x2a, 0x9c, 0x2a, 0x9c, 0x2a, 0x9c, 0x2a, 0x9c, 0x2a, 0x9c, 0x2a, 0x9c, 0x2a, 0x9c, 0x2a, 0x9c, 0x2a, 0x9c, 0x2a, 0x9c, 0x2a, 0x9c, 0x2a, 0x9c, 0x2a,
  0x9c, 0x2a, 0x9c, 0x2a, 0x9c, 0x2a, 0x9c, 0x2a, 0x9c, 0x2a, 0xfc, 0x3a, 0x9c, 0x2a, 0x9c, 0x2a, 0x9c, 0x2a, 0x9c, 0x2a, 0x9c, 0x2a, 0x9c, 0x2a, 0x9c, 0x2a, 0x9c, 0x2a, 0x9c, 0x2a, 0x9c, 0x2a,
  0x9c, 0x2a, 0x9c, 0x2a, 0x9c, 0x2a, 0x9c, 0x2a, 0x9c, 0x2a, 0x9c, 0x2a, 0x9c, 0x2a, 0x9c, 0x2a, 0x9c, 0x2a, 0x9c, 0x2a, 0x9c, 0x2a, 0x9c, 0x2a, 0x9c, 0x2a, 0x9c, 0x2a, 0x9c, 0x2a, 0x9c, 0x2a,
  0x9c, 0x2a, 0x9c, 0x2a, 0x9c, 0x2a, 0x9c, 0x2a, 0x9c, 0x2a, 0x9c, 0x2a, 0x9c, 0x2a, 0xfc, 0x3a, 0x9c, 0x2a, 0x9c, 0x2a, 0x9c, 0x2a, 0x9c, 0x2a, 0x9c, 0x2a, 0x9c, 0x2a, 0x9c, 0x2a, 0x9c, 0x2a,
  0x9c, 0x2a, 0x9c, 0x2a, 0x9c, 0x2a, 0x9c, 0x2a, 0x9c, 0x2a, 0x9c, 0x2a, 0x9c, 0x2a, 0x9c, 0x2a, 0x9c, 0x2a, 0x9c, 0x2a, 0x9c, 0x2a, 0x9c, 0x2a, 0x9c, 0x2a, 0x9c, 0x2a, 0x9c, 0x2a, 0x9c, 0x2a,
  0x9c, 0x32, 0x9c, 0x32, 0x9c, 0x32, 0x9c, 0x32, 0x9c, 0x32, 0x9c, 0x32, 0x9c, 0x32, 0x9c, 0x32, 0x9c, 0x32, 0x9c, 0x32, 0x9c, 0x32, 0x9c, 0x32, 0x9c, 0x32, 0x9c, 0x32, 0x9c, 0x32, 0x9c, 0x32,
  0x9c, 0x32, 0x9c, 0x32, 0x9c, 0x32, 0x9c, 0x32, 0x9c, 0x32, 0x9c, 0x32, 0xfc, 0x42, 0x9c, 0x32, 0x9c, 0x32, 0x9c, 0x32, 0x9c, 0x32, 0x9c, 0x32, 0x9c, 0x32, 0x9c, 0x32, 0x9c, 0x32, 0x9c, 0x32,
  0x9c, 0x32, 0x9c, 0x32, 0x9c, 0x32, 0x9c, 0x32, 0x9c, 0x32, 0x9c, 0x32, 0x9c, 0x32, 0x9c, 0x32, 0x9c, 0x32, 0x9c, 0x32, 0x9c, 0x32, 0x9c, 0x32, 0x9c, 0x32, 0x9c, 0x32, 0x9c, 0x32, 0x9c, 0x32,
  0x9c, 0x32, 0x9c, 0x32, 0x9c, 0x32, 0x9c, 0x32, 0x9c, 0x32, 0x9c, 0x32, 0x9c, 0x32, 0x9c, 0x32, 0xfc, 0x42, 0x9c, 0x32, 0x9c, 0x32, 0x9c, 0x32, 0x9c, 0x32, 0x9c, 0x32, 0x9c, 0x32, 0x9c, 0x32,
  0x9c, 0x32, 0x9c, 0x32, 0x9c, 0x32, 0x9c, 0x32, 0x9c, 0x32, 0x9c, 0x32, 0x9c, 0x32, 0x9c, 0x32, 0x9c, 0x32, 0x9c, 0x32, 0x9c, 0x32, 0x9c, 0x32, 0x9c, 0x32, 0x9c, 0x32, 0x9c, 0x32, 0x9c, 0x32,
  0x9c, 0x32, 0x9c, 0x32, 0x9c, 0x32, 0x9c, 0x32, 0x9c, 0x32, 0x9c, 0x32, 0x9c, 0x32, 0x9c, 0x32, 0x9c, 0x32, 0x9c, 0x32, 0xfc, 0x42, 0x9c, 0x32, 0x9c, 0x32, 0x9c, 0x32, 0x9c, 0x32, 0x9c, 0x32,
  0x9c, 0x32, 0x9c, 0x32, 0xfd, 0x6b, 0xbf, 0xf7, 0xff, 0xff, 0xff, 0xff, 0xff, 0xff, 0xff, 0xff, 0xff, 0xff, 0xff, 0xff, 0xff, 0xff, 0x9f, 0xef, 0x9d, 0x5b, 0x9c, 0x32, 0x9c, 0x32, 0x9c, 0x32,
  0x9c, 0x32, 0x9c, 0x32, 0x9c, 0x32, 0x9c, 0x32, 0x3f, 0xe7, 0xff, 0xff, 0xff, 0xff, 0x5d, 0x74, 0x9c, 0x32, 0x9c, 0x32, 0x9c, 0x32, 0x9c, 0x32, 0x1d, 0x95, 0xff, 0xff, 0xff, 0xff, 0x3f, 0xdf,
  0x9c, 0x32, 0x9c, 0x32, 0x9c, 0x32, 0x9c, 0x32, 0x9c, 0x32, 0x9c, 0x32, 0x9c, 0x32, 0x7d, 0x53, 0xff, 0xff, 0xff, 0xff, 0xff, 0xff, 0xbd, 0x5b, 0x9c, 0x32, 0x9c, 0x32, 0x9c, 0x32, 0x9c, 0x32,
  0x9c, 0x32, 0xfd, 0x6b, 0xff, 0xff, 0xff, 0xff, 0x7f, 0xef, 0x9c, 0x32, 0x9c, 0x32, 0x9c, 0x32, 0x9c, 0x32, 0x9c, 0x32, 0x9c, 0x32, 0x9c, 0x32, 0x9c, 0x32, 0x9c, 0x32, 0xfc, 0x42, 0x9c, 0x32,
  0x9c, 0x32, 0x9c, 0x32, 0x9c, 0x32, 0x9c, 0x32, 0x3d, 0x6c, 0x9f, 0xef, 0xff, 0xff, 0xff, 0xff, 0xff, 0xff, 0xff, 0xff, 0xff, 0xff, 0xff, 0xff, 0xff, 0xff, 0xdf, 0xf7, 0xfd, 0x8c, 0x9c, 0x32,
  0x9c, 0x32, 0x9c, 0x32, 0x9c, 0x32, 0xdd, 0x84, 0xff, 0xff, 0xff, 0xff, 0xde, 0xd6, 0x9c, 0x32, 0x9c, 0x32, 0x9c, 0x32, 0x9c, 0x32, 0x9c, 0x32, 0x9c, 0x32, 0x9c, 0x32, 0x9c, 0x32, 0x9c, 0x32,
  0xfc, 0x42, 0x9c, 0x32, 0xdd, 0x84, 0xff, 0xff, 0xff, 0xff, 0xff, 0xff, 0xff, 0xff, 0xff, 0xff, 0xff, 0xff, 0xff, 0xff, 0xff, 0xff, 0xff, 0xff, 0xff, 0xff, 0xff, 0xff, 0xbe, 0xad, 0x9c, 0x32,
  0x9c, 0x32, 0x9d, 0x7c, 0xff, 0xff, 0xff, 0xff, 0xde, 0xad, 0x9c, 0x32, 0x9c, 0x32, 0x9c, 0x32, 0x9c, 0x32, 0xdc, 0x3a, 0x7f, 0xef, 0xff, 0xff, 0xff, 0xff, 0xff, 0xff, 0x3c, 0x4b, 0x9c, 0x32,
  0x9c, 0x32, 0x9c, 0x32, 0xfc, 0x42, 0x9c, 0x32, 0x9c, 0x32, 0x9c, 0x32, 0x9c, 0x32, 0x9c, 0x32, 0x9c, 0x32, 0x9c, 0x32, 0x9c, 0x32, 0x9c, 0x32, 0x9c, 0x32, 0x9c, 0x32, 0x9c, 0x32, 0x9c, 0x32,
  0x9c, 0x32, 0x9c, 0x32, 0x9c, 0x32, 0x9c, 0x32, 0x9c, 0x32, 0x9c, 0x32, 0x9c, 0x32, 0x9c, 0x32, 0x9c, 0x32, 0x9c, 0x32, 0x9c, 0x32, 0x9c, 0x32, 0x9c, 0x32, 0x9c, 0x32, 0x9c, 0x32, 0x9c, 0x32,
  0x9c, 0x32, 0x9c, 0x32, 0x9c, 0x32, 0x9c, 0x32, 0xfc, 0x42, 0x9c, 0x32, 0x9c, 0x32, 0x9c, 0x32, 0x9c, 0x32, 0x9c, 0x32, 0x9c, 0x32, 0x9c, 0x32, 0x9c, 0x32, 0x9c, 0x32, 0x9c, 0x32, 0x9c, 0x32,
  0x9c, 0x32, 0x9c, 0x32, 0x9c, 0x32, 0x9c, 0x32, 0x9c, 0x32, 0x9c, 0x32, 0x9c, 0x32, 0x9c, 0x32, 0x9c, 0x32, 0x9c, 0x32, 0x9c, 0x32, 0x9c, 0x32, 0x9c, 0x32, 0x9c, 0x32, 0x9c, 0x32, 0x9c, 0x32,
  0x9c, 0x32, 0x9c, 0x32, 0x9c, 0x32, 0x9c, 0x32, 0x9c, 0x32, 0x9c, 0x32, 0xfc, 0x42, 0x9c, 0x32, 0x9c, 0x32, 0x9c, 0x32, 0x9c, 0x32, 0x9c, 0x32, 0x9c, 0x32, 0x9c, 0x32, 0x9c, 0x32, 0x9c, 0x32,
  0x9c, 0x32, 0x9c, 0x32, 0x9c, 0x32, 0x9c, 0x32, 0x9c, 0x32, 0x9c, 0x32, 0x9c, 0x32, 0x9c, 0x32, 0x9c, 0x32, 0x9c, 0x32, 0x9c, 0x32, 0x9c, 0x32, 0x9c, 0x32, 0x9c, 0x32, 0x9c, 0x32, 0x9c, 0x32,
  0xdc, 0x32, 0xdc, 0x32, 0xdc, 0x32, 0xdc, 0x32, 0xdc, 0x32, 0xdc, 0x32, 0xdc, 0x32, 0xdc, 0x32, 0xdc, 0x32, 0xdc, 0x32, 0xdc, 0x32, 0xdc, 0x32, 0xdc, 0x32, 0xdc, 0x32, 0xdc, 0x32, 0xdc, 0x32,
  0xdc, 0x32, 0xdc, 0x32, 0xdc, 0x32, 0xdc, 0x32, 0xdc, 0x32, 0xdc, 0x32, 0x3c, 0x43, 0xdc, 0x32, 0xdc, 0x32, 0xdc, 0x32, 0xdc, 0x32, 0xdc, 0x32, 0xdc, 0x32, 0xdc, 0x32, 0xdc, 0x32, 0xdc, 0x32,
  0xdc, 0x32, 0xdc, 0x32, 0xdc, 0x32, 0xdc, 0x32, 0xdc, 0x32, 0xdc, 0x32, 0xdc, 0x32, 0xdc, 0x32, 0xdc, 0x32, 0xdc, 0x32, 0xdc, 0x32, 0xdc, 0x32, 0xdc, 0x32, 0xdc, 0x32, 0xdc, 0x32, 0xdc, 0x32,
  0xdc, 0x32, 0xdc, 0x32, 0xdc, 0x32, 0xdc, 0x32, 0xdc, 0x32, 0xdc, 0x32, 0xdc, 0x32, 0xdc, 0x32, 0x3c, 0x43, 0xdc, 0x32, 0xdc, 0x32, 0xdc, 0x32, 0xdc, 0x32, 0xdc, 0x32, 0xdc, 0x32, 0xdc, 0x32,
  0xdc, 0x32, 0xdc, 0x32, 0xdc, 0x32, 0xdc, 0x32, 0xdc, 0x32, 0xdc, 0x32, 0xdc, 0x32, 0xdc, 0x32, 0xdc, 0x32, 0xdc, 0x32, 0xdc, 0x32, 0xdc, 0x32, 0xdc, 0x32, 0xdc, 0x32, 0xdc, 0x32, 0xdc, 0x32,
  0xdc, 0x32, 0xdc, 0x32, 0xdc, 0x32, 0xdc, 0x32, 0xdc, 0x32, 0xdc, 0x32, 0xdc, 0x32, 0xdc, 0x32, 0xdc, 0x32, 0xdc, 0x32, 0x3c, 0x43, 0xdc, 0x32, 0xdc, 0x32, 0xdc, 0x32, 0xdc, 0x32, 0xdc, 0x32,
  0xdc, 0x32, 0xdc, 0x32, 0xdc, 0x32, 0x5c, 0x4b, 0x9e, 0x9d, 0xff, 0xd6, 0xbf, 0xf7, 0xdf, 0xff, 0x9f, 0xef, 0xde, 0xce, 0x5e, 0x95, 0x1c, 0x43, 0xdc, 0x32, 0xdc, 0x32, 0xdc, 0x32, 0xdc, 0x32,
  0xdc, 0x32, 0xdc, 0x32, 0xdc, 0x32, 0xdc, 0x32, 0x3f, 0xe7, 0xff, 0xff, 0xff, 0xff, 0x9d, 0x74, 0xdc, 0x32, 0xdc, 0x32, 0xdc, 0x32, 0xdc, 0x32, 0x1f, 0xdf, 0xff, 0xff, 0xff, 0xff, 0x9e, 0x9d,
  0xdc, 0x32, 0xdc, 0x32, 0xdc, 0x32, 0xdc, 0x32, 0xdc, 0x32, 0xdc, 0x32, 0xdc, 0x32, 0xdc, 0x32, 0x1f, 0xdf, 0xff, 0xff, 0xff, 0xff, 0xfe, 0xad, 0xdc, 0x32, 0xdc, 0x32, 0xdc, 0x32, 0xdc, 0x32,
  0xdc, 0x32, 0x3d, 0x6c, 0xff, 0xff, 0xff, 0xff, 0x7f, 0xef, 0xdc, 0x32, 0xdc, 0x32, 0xdc, 0x32, 0xdc, 0x32, 0xdc, 0x32, 0xdc, 0x32, 0xdc, 0x32, 0xdc, 0x32, 0xdc, 0x32, 0x3c, 0x43, 0xdc, 0x32,
  0xdc, 0x32, 0xdc, 0x32, 0xdc, 0x32, 0xdc, 0x32, 0xdc, 0x32, 0x1c, 0x3b, 0x3d, 0x95, 0xbe, 0xce, 0x9f, 0xef, 0xdf, 0xff, 0xbf, 0xef, 0xfe, 0xd6, 0x9e, 0x9d, 0x7c, 0x4b, 0xdc, 0x32, 0xdc, 0x32,
  0xdc, 0x32, 0xdc, 0x32, 0xdc, 0x32, 0xfd, 0x84, 0xff, 0xff, 0xff, 0xff, 0xde, 0xd6, 0xdc, 0x32, 0xdc, 0x32, 0xdc, 0x32, 0xdc, 0x32, 0xdc, 0x32, 0xdc, 0x32, 0xdc, 0x32, 0xdc, 0x32, 0xdc, 0x32,
  0x3c, 0x43, 0xdc, 0x32, 0xfd, 0x84, 0xff, 0xff, 0xff, 0xff, 0xff, 0xff, 0xff, 0xff, 0xff, 0xff, 0xff, 0xff, 0xff, 0xff, 0xff, 0xff, 0xff, 0xff, 0xff, 0xff, 0xff, 0xff, 0xde, 0xad, 0xdc, 0x32,
  0xdc, 0x32, 0xbd, 0x7c, 0xff, 0xff, 0xff, 0xff, 0xde, 0xad, 0xdc, 0x32, 0xdc, 0x32, 0xdc, 0x32, 0xdc, 0x32, 0xdc, 0x32, 0xbd, 0x7c, 0xff, 0xff, 0xff, 0xff, 0xff, 0xff, 0x7c, 0x4b, 0xdc, 0x32,
  0xdc, 0x32, 0xdc, 0x32, 0x3c, 0x43, 0xdc, 0x32, 0xdc, 0x32, 0xdc, 0x32, 0xdc, 0x32, 0xdc, 0x32, 0xdc, 0x32, 0xdc, 0x32, 0xdc, 0x32, 0xdc, 0x32, 0xdc, 0x32, 0xdc, 0x32, 0xdc, 0x32, 0xdc, 0x32,
  0xdc, 0x32, 0xdc, 0x32, 0xdc, 0x32, 0xdc, 0x32, 0xdc, 0x32, 0xdc, 0x32, 0xdc, 0x32, 0xdc, 0x32, 0xdc, 0x32, 0xdc, 0x32, 0xdc, 0x32, 0xdc, 0x32, 0xdc, 0x32, 0xdc, 0x32, 0xdc, 0x32, 0xdc, 0x32,
  0xdc, 0x32, 0xdc, 0x32, 0xdc, 0x32, 0xdc, 0x32, 0x3c, 0x43, 0xdc, 0x32, 0xdc, 0x32, 0xdc, 0x32, 0xdc, 0x32, 0xdc, 0x32, 0xdc, 0x32, 0xdc, 0x32, 0xdc, 0x32, 0xdc, 0x32, 0xdc, 0x32, 0xdc, 0x32,
  0xdc, 0x32, 0xdc, 0x32, 0xdc, 0x32, 0xdc, 0x32, 0xdc, 0x32, 0xdc, 0x32, 0xdc, 0x32, 0xdc, 0x32, 0xdc, 0x32, 0xdc, 0x32, 0xdc, 0x32, 0xdc, 0x32, 0xdc, 0x32, 0xdc, 0x32, 0xdc, 0x32, 0xdc, 0x32,
  0xdc, 0x32, 0xdc, 0x32, 0xdc, 0x32, 0xdc, 0x32, 0xdc, 0x32, 0xdc, 0x32, 0x3c, 0x43, 0xdc, 0x32, 0xdc, 0x32, 0xdc, 0x32, 0xdc, 0x32, 0xdc, 0x32, 0xdc, 0x32, 0xdc, 0x32, 0xdc, 0x32, 0xdc, 0x32,
  0xdc, 0x32, 0xdc, 0x32, 0xdc, 0x32, 0xdc, 0x32, 0xdc, 0x32, 0xdc, 0x32, 0xdc, 0x32, 0xdc, 0x32, 0xdc, 0x32, 0xdc, 0x32, 0xdc, 0x32, 0xdc, 0x32, 0xdc, 0x32, 0xdc, 0x32, 0xdc, 0x32, 0xdc, 0x32,
  0x7c, 0x2a, 0x7c, 0x2a, 0x7c, 0x2a, 0x7c, 0x2a, 0x7c, 0x2a, 0x7c, 0x2a, 0x7c, 0x2a, 0x7c, 0x2a, 0x7c, 0x2a, 0x7c, 0x2a, 0x7c, 0x2a, 0x7c, 0x2a, 0x7c, 0x2a, 0x7c, 0x2a, 0x7c, 0x2a, 0x7c, 0x2a,
  0x7c, 0x2a, 0x7c, 0x2a, 0x7c, 0x2a, 0x7c, 0x2a, 0x7c, 0x2a, 0xdc, 0x3a, 0x7c, 0x2a, 0x7c, 0x2a, 0x7c, 0x2a, 0x7c, 0x2a, 0x7c, 0x2a, 0x7c, 0x2a, 0x7c, 0x2a, 0x7c, 0x2a, 0x7c, 0x2a, 0x7c, 0x2a,
  0x7c, 0x2a, 0x7c, 0x2a, 0x7c, 0x2a, 0x7c, 0x2a, 0x7c, 0x2a, 0x7c, 0x2a, 0x7c, 0x2a, 0x7c, 0x2a, 0x7c, 0x2a, 0x7c, 0x2a, 0x7c, 0x2a, 0x7c, 0x2a, 0x7c, 0x2a, 0x7c, 0x2a, 0x7c, 0x2a, 0x7c, 0x2a,
  0x7c, 0x2a, 0x7c, 0x2a, 0x7c, 0x2a, 0x7c, 0x2a, 0x7c, 0x2a, 0x7c, 0x2a, 0x7c, 0x2a, 0xdc, 0x3a, 0x7c, 0x2a, 0x7c, 0x2a, 0x7c, 0x2a, 0x7c, 0x2a, 0x7c, 0x2a, 0x7c, 0x2a, 0x7c, 0x2a, 0x7c, 0x2a,
  0x7c, 0x2a, 0x7c, 0x2a, 0x7c, 0x2a, 0x7c, 0x2a, 0x7c, 0x2a, 0x7c, 0x2a, 0x7c, 0x2a, 0x7c, 0x2a, 0x7c, 0x2a, 0x7c, 0x2a, 0x7c, 0x2a, 0x7c, 0x2a, 0x7c, 0x2a, 0x7c, 0x2a, 0x7c, 0x2a, 0x7c, 0x2a,
  0x7c, 0x2a, 0x7c, 0x2a, 0x7c, 0x2a, 0x7c, 0x2a, 0x7c, 0x2a, 0x7c, 0x2a, 0x7c, 0x2a, 0x7c, 0x2a, 0x7c, 0x2a, 0xdc, 0x3a, 0x7c, 0x2a, 0x7c, 0x2a, 0x7c, 0x2a, 0x7c, 0x2a, 0x7c, 0x2a, 0x7c, 0x2a,
  0x7c, 0x2a, 0x7c, 0x2a, 0x7c, 0x2a, 0x7c, 0x2a, 0x7c, 0x2a, 0x7c, 0x2a, 0x7c, 0x2a, 0x7c, 0x2a, 0x7c, 0x2a, 0x7c, 0x2a, 0x7c, 0x2a, 0x7c, 0x2a, 0x7c, 0x2a, 0x7c, 0x2a, 0x7c, 0x2a, 0x7c, 0x2a,
  0x7c, 0x2a, 0x7c, 0x2a, 0x7c, 0x2a, 0x7c, 0x2a, 0x7c, 0x2a, 0x7c, 0x2a, 0x7c, 0x2a, 0x7c, 0x2a, 0x7c, 0x2a, 0x7c, 0x2a, 0x7c, 0x2a, 0xdc, 0x3a, 0x7c, 0x2a, 0x7c, 0x2a, 0x7c, 0x2a, 0x7c, 0x2a,
  0x7c, 0x2a, 0x7c, 0x2a, 0x7c, 0x2a, 0x7c, 0x2a, 0x7c, 0x2a, 0x7c, 0x2a, 0x7c, 0x2a, 0x7c, 0x2a, 0x7c, 0x2a, 0x7c, 0x2a, 0x7c, 0x2a, 0x7c, 0x2a, 0x7c, 0x2a, 0x7c, 0x2a, 0x7c, 0x2a, 0x7c, 0x2a,
  0x7c, 0x2a, 0x7c, 0x2a, 0x7c, 0x2a, 0x7c, 0x2a, 0x7c, 0x2a, 0x7c, 0x2a, 0x7c, 0x2a, 0x7c, 0x2a, 0x7c, 0x2a, 0x7c, 0x2a, 0x7c, 0x2a, 0x7c, 0x2a, 0x7c, 0x2a, 0xdc, 0x3a, 0x7c, 0x2a, 0x7c, 0x2a,
  0x7c, 0x2a, 0x7c, 0x2a, 0x7c, 0x2a, 0x7c, 0x2a, 0x7c, 0x2a, 0x7c, 0x2a, 0x7c, 0x2a, 0x7c, 0x2a, 0x7c, 0x2a, 0x7c, 0x2a, 0x7c, 0x2a, 0x7c, 0x2a, 0x7c, 0x2a, 0x7c, 0x2a, 0x7c, 0x2a, 0x7c, 0x2a,
  0x7c, 0x2a, 0x7c, 0x2a, 0x7c, 0x2a, 0x7c, 0x2a, 0x7c, 0x2a, 0x7c, 0x2a, 0x7c, 0x2a, 0x7c, 0x2a, 0x7c, 0x2a, 0x7c, 0x2a, 0x7c, 0x2a, 0x7c, 0x2a, 0x7c, 0x2a, 0x7c, 0x2a, 0x7c, 0x2a, 0xdc, 0x3a,
  0x7c, 0x2a, 0x7c, 0x2a, 0x7c, 0x2a, 0x7c, 0x2a, 0x7c, 0x2a, 0x7c, 0x2a, 0x7c, 0x2a, 0x7c, 0x2a, 0x7c, 0x2a, 0x7c, 0x2a, 0x7c, 0x2a, 0x7c, 0x2a, 0x7c, 0x2a, 0x7c, 0x2a, 0x7c, 0x2a, 0x7c, 0x2a,
  0x7c, 0x2a, 0x7c, 0x2a, 0x7c, 0x2a, 0x7c, 0x2a, 0x7c, 0x2a, 0x7c, 0x2a, 0x7c, 0x2a, 0x7c, 0x2a, 0x7c, 0x2a, 0x7c, 0x2a, 0x7c, 0x2a, 0x7c, 0x2a, 0x7c, 0x2a, 0x7c, 0x2a, 0x7c, 0x2a, 0x7c, 0x2a,
  0x7c, 0x2a, 0xdc, 0x3a, 0x7c, 0x2a, 0x7c, 0x2a, 0x7c, 0x2a, 0x7c, 0x2a, 0x7c, 0x2a, 0x7c, 0x2a, 0x7c, 0x2a, 0x7c, 0x2a, 0x7c, 0x2a, 0x7c, 0x2a, 0x7c, 0x2a, 0x7c, 0x2a, 0x7c, 0x2a, 0x7c, 0x2a,
  0x7c, 0x2a, 0x7c, 0x2a, 0x7c, 0x2a, 0x7c, 0x2a, 0x7c, 0x2a, 0x7c, 0x2a, 0x7c, 0x2a, 0x7c, 0x2a, 0x7c, 0x2a, 0x7c, 0x2a, 0x7c, 0x2a, 0x7c, 0x2a, 0x7c, 0x2a, 0x7c, 0x2a, 0x7c, 0x2a, 0x7c, 0x2a,
  0x7c, 0x2a, 0x7c, 0x2a, 0x7c, 0x2a, 0xdc, 0x3a, 0x7c, 0x2a, 0x7c, 0x2a, 0x7c, 0x2a, 0x7c, 0x2a, 0x7c, 0x2a, 0x7c, 0x2a, 0x7c, 0x2a, 0x7c, 0x2a, 0x7c, 0x2a, 0x7c, 0x2a, 0x7c, 0x2a, 0x7c, 0x2a,
  0x7c, 0x2a, 0x7c, 0x2a, 0x7c, 0x2a, 0x7c, 0x2a, 0x7c, 0x2a, 0x7c, 0x2a, 0x7c, 0x2a, 0x7c, 0x2a, 0x7c, 0x2a, 0x7c, 0x2a, 0x7c, 0x2a, 0x7c, 0x2a, 0x7c, 0x2a, 0x7c, 0x2a, 0x7c, 0x2a, 0x7c, 0x2a,
  0x7c, 0x2a, 0x7c, 0x2a, 0x7c, 0x2a, 0x7c, 0x2a, 0x7c, 0x2a, 0xdc, 0x3a, 0x7c, 0x2a, 0x7c, 0x2a, 0x7c, 0x2a, 0x7c, 0x2a, 0x7c, 0x2a, 0x7c, 0x2a, 0x7c, 0x2a, 0x7c, 0x2a, 0x7c, 0x2a, 0x7c, 0x2a,
  0x7c, 0x2a, 0x7c, 0x2a, 0x7c, 0x2a, 0x7c, 0x2a, 0x7c, 0x2a, 0x7c, 0x2a, 0x7c, 0x2a, 0x7c, 0x2a, 0x7c, 0x2a, 0x7c, 0x2a, 0x7c, 0x2a, 0x7c, 0x2a, 0x7c, 0x2a, 0x7c, 0x2a, 0x7c, 0x2a, 0x7c, 0x2a,
  0x7c, 0x2a, 0x7c, 0x2a, 0x7c, 0x2a, 0x7c, 0x2a, 0x7c, 0x2a, 0x7c, 0x2a, 0x7c, 0x2a, 0x7c, 0x2a, 0x7c, 0x2a, 0x7c, 0x2a, 0x7c, 0x2a, 0x7c, 0x2a, 0x7c, 0x2a, 0x7c, 0x2a, 0x7c, 0x2a, 0x7c, 0x2a,
  0x7c, 0x2a, 0x7c, 0x2a, 0x7c, 0x2a, 0x7c, 0x2a, 0xdc, 0x3a, 0x7c, 0x2a, 0x7c, 0x2a, 0x7c, 0x2a, 0x7c, 0x2a, 0x7c, 0x2a, 0x7c, 0x2a, 0x7c, 0x2a, 0x7c, 0x2a, 0x7c, 0x2a, 0x7c, 0x2a, 0x7c, 0x2a,
  0x7c, 0x2a, 0x7c, 0x2a, 0x7c, 0x2a, 0x7c, 0x2a, 0x7c, 0x2a, 0x7c, 0x2a, 0x7c, 0x2a, 0x7c, 0x2a, 0x7c, 0x2a, 0x7c, 0x2a, 0x7c, 0x2a, 0x7c, 0x2a, 0x7c, 0x2a, 0x7c, 0x2a, 0x7c, 0x2a, 0x7c, 0x2a,
  0x7c, 0x2a, 0x7c, 0x2a, 0x7c, 0x2a, 0x7c, 0x2a, 0x7c, 0x2a, 0x7c, 0x2a, 0xdc, 0x3a, 0x7c, 0x2a, 0x7c, 0x2a, 0x7c, 0x2a, 0x7c, 0x2a, 0x7c, 0x2a, 0x7c, 0x2a, 0x7c, 0x2a, 0x7c, 0x2a, 0x7c, 0x2a,
  0x7c, 0x2a, 0x7c, 0x2a, 0x7c, 0x2a, 0x7c, 0x2a, 0x7c, 0x2a, 0x7c, 0x2a, 0x7c, 0x2a, 0x7c, 0x2a, 0x7c, 0x2a, 0x7c, 0x2a, 0x7c, 0x2a, 0x7c, 0x2a, 0x7c, 0x2a, 0x7c, 0x2a, 0x7c, 0x2a, 0x7c, 0x2a,
  0x7c, 0x2a, 0x7c, 0x2a, 0x7c, 0x2a, 0x7c, 0x2a, 0x7c, 0x2a, 0x7c, 0x2a, 0x7c, 0x2a, 0x7c, 0x2a, 0xdc, 0x3a, 0x7c, 0x2a, 0x7c, 0x2a, 0x7c, 0x2a, 0x7c, 0x2a, 0x7c, 0x2a, 0x7c, 0x2a, 0x7c, 0x2a,
  0x7c, 0x2a, 0x7c, 0x2a, 0x7c, 0x2a, 0x7c, 0x2a, 0x7c, 0x2a, 0x7c, 0x2a, 0x7c, 0x2a, 0x7c, 0x2a, 0x7c, 0x2a, 0x7c, 0x2a, 0x7c, 0x2a, 0x7c, 0x2a, 0x7c, 0x2a, 0x7c, 0x2a, 0x7c, 0x2a, 0x7c, 0x2a,
  0x7c, 0x2a, 0x7c, 0x2a, 0x7c, 0x2a, 0x7c, 0x2a, 0x7c, 0x2a, 0x7c, 0x2a, 0x7c, 0x2a, 0x7c, 0x2a, 0x7c, 0x2a, 0x7c, 0x2a, 0xdc, 0x3a, 0x7c, 0x2a, 0x7c, 0x2a, 0x7c, 0x2a, 0x7c, 0x2a, 0x7c, 0x2a,
  0x7c, 0x2a, 0x7c, 0x2a, 0x7c, 0x2a, 0x7c, 0x2a, 0x7c, 0x2a, 0x7c, 0x2a, 0x7c, 0x2a, 0x7c, 0x2a, 0x7c, 0x2a, 0x7c, 0x2a, 0x7c, 0x2a, 0x7c, 0x2a, 0x7c, 0x2a, 0x7c, 0x2a, 0x7c, 0x2a, 0x7c, 0x2a,
  0x7c, 0x2a, 0x7c, 0x2a, 0x7c, 0x2a, 0x7c, 0x2a, 0x7c, 0x2a, 0x7c, 0x2a, 0x7c, 0x2a, 0x7c, 0x2a, 0x7c, 0x2a, 0x7c, 0x2a, 0x7c, 0x2a, 0x7c, 0x2a, 0xdc, 0x3a, 0x7c, 0x2a, 0x7c, 0x2a, 0x7c, 0x2a,
  0x7c, 0x2a, 0x7c, 0x2a, 0x7c, 0x2a, 0x7c, 0x2a, 0x7c, 0x2a, 0x7c, 0x2a, 0x7c, 0x2a, 0x7c, 0x2a, 0x7c, 0x2a, 0x7c, 0x2a, 0x7c, 0x2a, 0x7c, 0x2a, 0x7c, 0x2a, 0x7c, 0x2a, 0x7c, 0x2a, 0x7c, 0x2a,
  0x7c, 0x2a, 0x7c, 0x2a, 0x7c, 0x2a, 0x7c, 0x2a, 0x7c, 0x2a, 0x7c, 0x2a, 0x7c, 0x2a, 0x7c, 0x2a, 0x7c, 0x2a, 0x7c, 0x2a, 0x7c, 0x2a, 0x7c, 0x2a, 0x7c, 0x2a, 0x7c, 0x2a, 0xdc, 0x3a, 0x7c, 0x2a,
  0x7c, 0x2a, 0x7c, 0x2a, 0x7c, 0x2a, 0x7c, 0x2a, 0x7c, 0x2a, 0x7c, 0x2a, 0x7c, 0x2a, 0x7c, 0x2a, 0x7c, 0x2a, 0x7c, 0x2a, 0x7c, 0x2a, 0x7c, 0x2a, 0x7c, 0x2a, 0x7c, 0x2a, 0x7c, 0x2a, 0x7c, 0x2a,
  0x7c, 0x2a, 0x7c, 0x2a, 0x7c, 0x2a, 0x7c, 0x2a, 0x7c, 0x2a, 0x7c, 0x2a, 0x7c, 0x2a, 0x7c, 0x2a, 0x7c, 0x2a, 0x7c, 0x2a, 0x7c, 0x2a, 0x7c, 0x2a, 0x7c, 0x2a, 0x7c, 0x2a, 0x7c, 0x2a, 0x7c, 0x2a,
  0xdc, 0x3a, 0x7c, 0x2a, 0x7c, 0x2a, 0x7c, 0x2a, 0x7c, 0x2a, 0x7c, 0x2a, 0x7c, 0x2a, 0x7c, 0x2a, 0x7c, 0x2a, 0x7c, 0x2a, 0x7c, 0x2a, 0x7c, 0x2a, 0x7c, 0x2a, 0x7c, 0x2a, 0x7c, 0x2a, 0x7c, 0x2a,
  0x7c, 0x2a, 0x7c, 0x2a, 0x7c, 0x2a, 0x7c, 0x2a, 0x7c, 0x2a, 0x7c, 0x2a, 0x7c, 0x2a, 0x7c, 0x2a, 0x7c, 0x2a, 0x7c, 0x2a, 0x7c, 0x2a, 0x7c, 0x2a, 0x7c, 0x2a, 0x7c, 0x2a, 0x7c, 0x2a, 0x7c, 0x2a,
  0x7c, 0x2a, 0x7c, 0x2a, 0xdc, 0x3a, 0x7c, 0x2a, 0x7c, 0x2a, 0x7c, 0x2a, 0x7c, 0x2a, 0x7c, 0x2a, 0x7c, 0x2a, 0x7c, 0x2a, 0x7c, 0x2a, 0x7c, 0x2a, 0x7c, 0x2a, 0x7c, 0x2a, 0x7c, 0x2a, 0x7c, 0x2a,
  0x7c, 0x2a, 0x7c, 0x2a, 0x7c, 0x2a, 0x7c, 0x2a, 0x7c, 0x2a, 0x7c, 0x2a, 0x7c, 0x2a, 0x7c, 0x2a, 0x7c, 0x2a, 0x7c, 0x2a, 0x7c, 0x2a, 0x7c, 0x2a, 0x7c, 0x2a, 0x7c, 0x2a, 0x7c, 0x2a, 0x7c, 0x2a,
  0x7c, 0x2a, 0x7c, 0x2a, 0x7c, 0x2a, 0x7c, 0x2a, 0xdc, 0x3a, 0x7c, 0x2a, 0x7c, 0x2a, 0x7c, 0x2a, 0x7c, 0x2a, 0x7c, 0x2a, 0x7c, 0x2a, 0x7c, 0x2a, 0x7c, 0x2a, 0x7c, 0x2a, 0x7c, 0x2a, 0x7c, 0x2a,
  0x7c, 0x2a, 0x7c, 0x2a, 0x7c, 0x2a, 0x7c, 0x2a, 0x7c, 0x2a, 0x7c, 0x2a, 0x7c, 0x2a, 0x7c, 0x2a, 0x7c, 0x2a, 0x7c, 0x2a, 0x7c, 0x2a, 0x7c, 0x2a, 0x7c, 0x2a, 0x7c, 0x2a, 0x7c, 0x2a, 0x7c, 0x2a,
  0x9c, 0x2a, 0x9c, 0x2a, 0x9c, 0x2a, 0x9c, 0x2a, 0x9c, 0x2a, 0x9c, 0x2a, 0x9c, 0x2a, 0x9c, 0x2a, 0x9c, 0x2a, 0x9c, 0x2a, 0x9c, 0x2a, 0x9c, 0x2a, 0x9c, 0x2a, 0x9c, 0x2a, 0x9c, 0x2a, 0x9c, 0x2a,
  0x9c, 0x2a, 0x9c, 0x2a, 0x9c, 0x2a, 0xfc, 0x3a, 0x9c, 0x2a, 0x9c, 0x2a, 0x9c, 0x2a, 0x9c, 0x2a, 0x9c, 0x2a, 0x9c, 0x2a, 0x9c, 0x2a, 0x9c, 0x2a, 0x9c, 0x2a, 0x9c, 0x2a, 0x9c, 0x2a, 0x9c, 0x2a,
  0x9c, 0x2a, 0x9c, 0x2a, 0x9c, 0x2a, 0x9c, 0x2a, 0x9c, 0x2a, 0x9c, 0x2a, 0x9c, 0x2a, 0x9c, 0x2a, 0x9c, 0x2a, 0x9c, 0x2a, 0x9c, 0x2a, 0x9c, 0x2a, 0x9c, 0x2a, 0x9c, 0x2a, 0x9c, 0x2a, 0x9c, 0x2a,
  0x9c, 0x2a, 0x9c, 0x2a, 0x9c, 0x2a, 0x9c, 0x2a, 0x9c, 0x2a, 0xfc, 0x3a, 0x9c, 0x2a, 0x9c, 0x2a, 0x9c, 0x2a, 0x9c, 0x2a, 0x9c, 0x2a, 0x9c, 0x2a, 0x9c, 0x2a, 0x9c, 0x2a, 0x9c, 0x2a, 0x9c, 0x2a,
  0x9c, 0x2a, 0x9c, 0x2a, 0x9c, 0x2a, 0x9c, 0x2a, 0x9c, 0x2a, 0x9c, 0x2a, 0x9c, 0x2a, 0x9c, 0x2a, 0x9c, 0x2a, 0x9c, 0x2a, 0x9c, 0x2a, 0x9c, 0x2a, 0x9c, 0x2a, 0x9c, 0x2a, 0x9c, 0x2a, 0x9c, 0x2a,
  0x9c, 0x2a, 0x9c, 0x2a, 0x9c, 0x2a, 0x9c, 0x2a, 0x9c, 0x2a, 0x9c, 0x2a, 0x9c, 0x2a, 0xfc, 0x3a, 0x9c, 0x2a, 0x9c, 0x2a, 0x9c, 0x2a, 0x9c, 0x2a, 0x9c, 0x2a, 0x9c, 0x2a, 0x9c, 0x2a, 0x9c, 0x2a,
  0x9c, 0x2a, 0x9c, 0x2a, 0x9c, 0x2a, 0x9c, 0x2a, 0x9c, 0x2a, 0x9c, 0x2a, 0x9c, 0x2a, 0x9c, 0x2a, 0x9c, 0x2a, 0x9c, 0x2a, 0x9c, 0x2a, 0x9c, 0x2a, 0x9c, 0x2a, 0x9c, 0x2a, 0x9c, 0x2a, 0x9c, 0x2a,
  0x9c, 0x2a, 0x9c, 0x2a, 0x9c, 0x2a, 0x9c, 0x2a, 0x9c, 0x2a, 0x9c, 0x2a, 0x9c, 0x2a, 0x9c, 0x2a, 0x9c, 0x2a, 0xfc, 0x3a, 0x9c, 0x2a, 0x9c, 0x2a, 0x9c, 0x2a, 0x9c, 0x2a, 0x9c, 0x2a, 0x9c, 0x2a,
  0x9c, 0x2a, 0x9c, 0x2a, 0x9c, 0x2a, 0x9c, 0x2a, 0x9c, 0x2a, 0x9c, 0x2a, 0x9c, 0x2a, 0x9c, 0x2a, 0x9c, 0x2a, 0x9c, 0x2a, 0x9c, 0x2a, 0x9c, 0x2a, 0x9c, 0x2a, 0x9c, 0x2a, 0x9c, 0x2a, 0x9c, 0x2a,
  0x9c, 0x2a, 0x9c, 0x2a, 0x9c, 0x2a, 0x9c, 0x2a, 0x9c, 0x2a, 0x9c, 0x2a, 0x9c, 0x2a, 0x9c, 0x2a, 0x9c, 0x2a, 0x9c, 0x2a, 0x9c, 0x2a, 0xfc, 0x3a, 0x9c, 0x2a, 0x9c, 0x2a, 0x9c, 0x2a, 0x9c, 0x2a,
  0x9c, 0x2a, 0x9c, 0x2a, 0x9c, 0x2a, 0x9c, 0x2a, 0x9c, 0x2a, 0x9c, 0x2a, 0x9c, 0x2a, 0x9c, 0x2a, 0x9c, 0x2a, 0x9c, 0x2a, 0x9c, 0x2a, 0x9c, 0x2a, 0x9c, 0x2a, 0x9c, 0x2a, 0x9c, 0x2a, 0x9c, 0x2a,
  0x9c, 0x2a, 0x9c, 0x2a, 0x9c, 0x2a, 0x9c, 0x2a, 0x9c, 0x2a, 0x9c, 0x2a, 0x9c, 0x2a, 0x9c, 0x2a, 0x9c, 0x2a, 0x9c, 0x2a, 0x9c, 0x2a, 0x9c, 0x2a, 0x9c, 0x2a, 0xfc, 0x3a, 0x9c, 0x2a, 0x9c, 0x2a,
  0x9c, 0x2a, 0x9c, 0x2a, 0x9c, 0x2a, 0x9c, 0x2a, 0x9c, 0x2a, 0x9c, 0x2a, 0x9c, 0x2a, 0x9c, 0x2a, 0x9c, 0x2a, 0x9c, 0x2a, 0x9c, 0x2a, 0x9c, 0x2a, 0x9c, 0x2a, 0x9c, 0x2a, 0x9c, 0x2a, 0x9c, 0x2a,
  0x9c, 0x2a, 0x9c, 0x2a, 0x9c, 0x2a, 0x9c, 0x2a, 0x9c, 0x2a, 0x9c, 0x2a, 0x9c, 0x2a, 0x9c, 0x2a, 0x9c, 0x2a, 0x9c, 0x2a, 0x9c, 0x2a, 0x9c, 0x2a, 0x9c, 0x2a, 0x9c, 0x2a, 0x9c, 0x2a, 0xfc, 0x3a,
  0x9c, 0x2a, 0x9c, 0x2a, 0x9c, 0x2a, 0x9c, 0x2a, 0x9c, 0x2a, 0x9c, 0x2a, 0x9c, 0x2a, 0x9c, 0x2a, 0x9c, 0x2a, 0x9c, 0x2a, 0x9c, 0x2a, 0x9c, 0x2a, 0x9c, 0x2a, 0x9c, 0x2a, 0x9c, 0x2a, 0x9c, 0x2a,
  0x9c, 0x2a, 0x9c, 0x2a, 0x9c, 0x2a, 0x9c, 0x2a, 0x9c, 0x2a, 0x9c, 0x2a, 0x9c, 0x2a, 0x9c, 0x2a, 0x9c, 0x2a, 0x9c, 0x2a, 0x9c, 0x2a, 0x9c, 0x2a, 0x9c, 0x2a, 0x9c, 0x2a, 0x9c, 0x2a, 0x9c, 0x2a,
  0x9c, 0x2a, 0xfc, 0x3a, 0x9c, 0x2a, 0x9c, 0x2a, 0x9c, 0x2a, 0x9c, 0x2a, 0x9c, 0x2a, 0x9c, 0x2a, 0x9c, 0x2a, 0x9c, 0x2a, 0x9c, 0x2a, 0x9c, 0x2a, 0x9c, 0x2a, 0x9c, 0x2a, 0x9c, 0x2a, 0x9c, 0x2a,
  0x9c, 0x2a, 0x9c, 0x2a, 0x9c, 0x2a, 0x9c, 0x2a, 0x9c, 0x2a, 0x9c, 0x2a, 0x9c, 0x2a, 0x9c, 0x2a, 0x9c, 0x2a, 0x9c, 0x2a, 0x9c, 0x2a, 0x9c, 0x2a, 0x9c, 0x2a, 0x9c, 0x2a, 0x9c, 0x2a, 0x9c, 0x2a,
  0x9c, 0x2a, 0x9c, 0x2a, 0x9c, 0x2a, 0xfc, 0x3a, 0x9c, 0x2a, 0x9c, 0x2a, 0x9c, 0x2a, 0x9c, 0x2a, 0x9c, 0x2a, 0x9c, 0x2a, 0x9c, 0x2a, 0x9c, 0x2a, 0x9c, 0x2a, 0x9c, 0x2a, 0x9c, 0x2a, 0x9c, 0x2a,
  0x9c, 0x2a, 0x9c, 0x2a, 0x9c, 0x2a, 0x9c, 0x2a, 0x9c, 0x2a, 0x9c, 0x2a, 0x9c, 0x2a, 0x9c, 0x2a, 0x9c, 0x2a, 0x9c, 0x2a, 0x9c, 0x2a, 0x9c, 0x2a, 0x9c, 0x2a, 0x9c, 0x2a, 0x9c, 0x2a, 0x9c, 0x2a,
  0x9c, 0x2a, 0x9c, 0x2a, 0x9c, 0x2a, 0x9c, 0x2a, 0x9c, 0x2a, 0x9c, 0x2a, 0x9c, 0x2a, 0x9c, 0x2a, 0x9c, 0x2a, 0x9c, 0x2a, 0x9c, 0x2a, 0x9c, 0x2a, 0x9c, 0x2a, 0x9c, 0x2a, 0x9c, 0x2a, 0x9c, 0x2a,
  0x9c, 0x2a, 0x9c, 0x2a, 0xfc, 0x3a, 0x9c, 0x2a, 0x9c, 0x2a, 0x9c, 0x2a, 0x9c, 0x2a, 0x9c, 0x2a, 0x9c, 0x2a, 0x9c, 0x2a, 0x9c, 0x2a, 0x9c, 0x2a, 0x9c, 0x2a, 0x9c, 0x2a, 0x9c, 0x2a, 0x9c, 0x2a,
  0x9c, 0x2a, 0x9c, 0x2a, 0x9c, 0x2a, 0x9c, 0x2a, 0x9c, 0x2a, 0x9c, 0x2a, 0x9c, 0x2a, 0x9c, 0x2a, 0x9c, 0x2a, 0x9c, 0x2a, 0x9c, 0x2a, 0x9c, 0x2a, 0x9c, 0x2a, 0x9c, 0x2a, 0x9c, 0x2a, 0x9c, 0x2a,
  0x9c, 0x2a, 0x9c, 0x2a, 0x9c, 0x2a, 0x9c, 0x2a, 0xfc, 0x3a, 0x9c, 0x2a, 0x9c, 0x2a, 0x9c, 0x2a, 0x9c, 0x2a, 0x9c, 0x2a, 0x9c, 0x2a, 0x9c, 0x2a, 0x9c, 0x2a, 0x9c, 0x2a, 0x9c, 0x2a, 0x9c, 0x2a,
  0x9c, 0x2a, 0x9c, 0x2a, 0x9c, 0x2a, 0x9c, 0x2a, 0x9c, 0x2a, 0x9c, 0x2a, 0x9c, 0x2a, 0x9c, 0x2a, 0x9c, 0x2a, 0x9c, 0x2a, 0x9c, 0x2a, 0x9c, 0x2a, 0x9c, 0x2a, 0x9c, 0x2a, 0x9c, 0x2a, 0x9c, 0x2a,
  0x9c, 0x2a, 0x9c, 0x2a, 0x9c, 0x2a, 0x9c, 0x2a, 0x9c, 0x2a, 0x9c, 0x2a, 0xfc, 0x3a, 0x9c, 0x2a, 0x9c, 0x2a, 0x9c, 0x2a, 0x9c, 0x2a, 0x9c, 0x2a, 0x9c, 0x2a, 0x9c, 0x2a, 0x9c, 0x2a, 0x9c, 0x2a,
  0x9c, 0x2a, 0x9c, 0x2a, 0x9c, 0x2a, 0x9c, 0x2a, 0x9c, 0x2a, 0x9c, 0x2a, 0x9c, 0x2a, 0x9c, 0x2a, 0x9c, 0x2a, 0x9c, 0x2a, 0x9c, 0x2a, 0x9c, 0x2a, 0x9c, 0x2a, 0x9c, 0x2a, 0x9c, 0x2a, 0x9c, 0x2a,
  0x9c, 0x2a, 0x9c, 0x2a, 0x9c, 0x2a, 0x9c, 0x2a, 0x9c, 0x2a, 0x9c, 0x2a, 0x9c, 0x2a, 0x9c, 0x2a, 0xfc, 0x3a, 0x9c, 0x2a, 0x9c, 0x2a, 0x9c, 0x2a, 0x9c, 0x2a, 0x9c, 0x2a, 0x9c, 0x2a, 0x9c, 0x2a,
  0x9c, 0x2a, 0x9c, 0x2a, 0x9c, 0x2a, 0x9c, 0x2a, 0x9c, 0x2a, 0x9c, 0x2a, 0x9c, 0x2a, 0x9c, 0x2a, 0x9c, 0x2a, 0x9c, 0x2a, 0x9c, 0x2a, 0x9c, 0x2a, 0x9c, 0x2a, 0x9c, 0x2a, 0x9c, 0x2a, 0x9c, 0x2a,
  0x9c, 0x2a, 0x9c, 0x2a, 0x9c, 0x2a, 0x9c, 0x2a, 0x9c, 0x2a, 0x9c, 0x2a, 0x9c, 0x2a, 0x9c, 0x2a, 0x9c, 0x2a, 0x9c, 0x2a, 0xfc, 0x3a, 0x9c, 0x2a, 0x9c, 0x2a, 0x9c, 0x2a, 0x9c, 0x2a, 0x9c, 0x2a,
  0x9c, 0x2a, 0x9c, 0x2a, 0x9c, 0x2a, 0x9c, 0x2a, 0x9c, 0x2a, 0x9c, 0x2a, 0x9c, 0x2a, 0x9c, 0x2a, 0x9c, 0x2a, 0x9c, 0x2a, 0x9c, 0x2a, 0x9c, 0x2a, 0x9c, 0x2a, 0x9c, 0x2a, 0x9c, 0x2a, 0x9c, 0x2a,
  0x9c, 0x2a, 0x9c, 0x2a, 0x9c, 0x2a, 0x9c, 0x2a, 0x9c, 0x2a, 0x9c, 0x2a, 0x9c, 0x2a, 0x9c, 0x2a, 0x9c, 0x2a, 0x9c, 0x2a, 0x9c, 0x2a, 0x9c, 0x2a, 0xfc, 0x3a, 0x9c, 0x2a, 0x9c, 0x2a, 0x9c, 0x2a,
  0x9c, 0x2a, 0x9c, 0x2a, 0x9c, 0x2a, 0x9c, 0x2a, 0x9c, 0x2a, 0x9c, 0x2a, 0x9c, 0x2a, 0x9c, 0x2a, 0x9c, 0x2a, 0x9c, 0x2a, 0x9c, 0x2a, 0x9c, 0x2a, 0x9c, 0x2a, 0x9c, 0x2a, 0x9c, 0x2a, 0x9c, 0x2a,
  0x9c, 0x2a, 0x9c, 0x2a, 0x9c, 0x2a, 0x9c, 0x2a, 0x9c, 0x2a, 0x9c, 0x2a, 0x9c, 0x2a, 0x9c, 0x2a, 0x9c, 0x2a, 0x9c, 0x2a, 0x9c, 0x2a, 0x9c, 0x2a, 0x9c, 0x2a, 0x9c, 0x2a, 0xfc, 0x3a, 0x9c, 0x2a,
  0x9c, 0x2a, 0x9c, 0x2a, 0x9c, 0x2a, 0x9c, 0x2a, 0x9c, 0x2a, 0x9c, 0x2a, 0x9c, 0x2a, 0x9c, 0x2a, 0x9c, 0x2a, 0x9c, 0x2a, 0x9c, 0x2a, 0x9c, 0x2a, 0x9c, 0x2a, 0x9c, 0x2a, 0x9c, 0x2a, 0x9c, 0x2a,
  0x9c, 0x2a, 0x9c, 0x2a, 0x9c, 0x2a, 0x9c, 0x2a, 0x9c, 0x2a, 0x9c, 0x2a, 0x9c, 0x2a, 0x9c, 0x2a, 0x9c, 0x2a, 0x9c, 0x2a, 0x9c, 0x2a, 0x9c, 0x2a, 0x9c, 0x2a, 0x9c, 0x2a, 0x9c, 0x2a, 0x9c, 0x2a,
  0xfc, 0x3a, 0x9c, 0x2a, 0x9c, 0x2a, 0x9c, 0x2a, 0x9c, 0x2a, 0x9c, 0x2a, 0x9c, 0x2a, 0x9c, 0x2a, 0x9c, 0x2a, 0x9c, 0x2a, 0x9c, 0x2a, 0x9c, 0x2a, 0x9c, 0x2a, 0x9c, 0x2a, 0x9c, 0x2a, 0x9c, 0x2a,
  0x9c, 0x2a, 0x9c, 0x2a, 0x9c, 0x2a, 0x9c, 0x2a, 0x9c, 0x2a, 0x9c, 0x2a, 0x9c, 0x2a, 0x9c, 0x2a, 0x9c, 0x2a, 0x9c, 0x2a, 0x9c, 0x2a, 0x9c, 0x2a, 0x9c, 0x2a, 0x9c, 0x2a, 0x9c, 0x2a, 0x9c, 0x2a,
  0x9c, 0x2a, 0x9c, 0x2a, 0xfc, 0x3a, 0x9c, 0x2a, 0x9c, 0x2a, 0x9c, 0x2a, 0x9c, 0x2a, 0x9c, 0x2a, 0x9c, 0x2a, 0x9c, 0x2a, 0x9c, 0x2a, 0x9c, 0x2a, 0x9c, 0x2a, 0x9c, 0x2a, 0x9c, 0x2a, 0x9c, 0x2a,
  0x9c, 0x2a, 0x9c, 0x2a, 0x9c, 0x2a, 0x9c, 0x2a, 0x9c, 0x2a, 0x9c, 0x2a, 0x9c, 0x2a, 0x9c, 0x2a, 0x9c, 0x2a, 0x9c, 0x2a, 0x9c, 0x2a, 0x9c, 0x2a, 0x9c, 0x2a, 0x9c, 0x2a, 0x9c, 0x2a, 0x9c, 0x2a,
  0x9c, 0x2a, 0x9c, 0x2a, 0x9c, 0x2a, 0x9c, 0x2a, 0x9c, 0x2a, 0x9c, 0x2a, 0x9c, 0x2a, 0x9c, 0x2a, 0x9c, 0x2a, 0x9c, 0x2a, 0x9c, 0x2a, 0x9c, 0x2a, 0x9c, 0x2a, 0x9c, 0x2a, 0x9c, 0x2a, 0x9c, 0x2a,
  0x9c, 0x2a, 0xfc, 0x3a, 0x9c, 0x2a, 0x9c, 0x2a, 0x9c, 0x2a, 0x9c, 0x2a, 0x9c, 0x2a, 0x9c, 0x2a, 0x9c, 0x2a, 0x9c, 0x2a, 0x9c, 0x2a, 0x9c, 0x2a, 0x9c, 0x2a, 0x9c, 0x2a, 0x9c, 0x2a, 0x9c, 0x2a,
  0x9c, 0x2a, 0x9c, 0x2a, 0x9c, 0x2a, 0x9c, 0x2a, 0x9c, 0x2a, 0x9c, 0x2a, 0x9c, 0x2a, 0x9c, 0x2a, 0x9c, 0x2a, 0x9c, 0x2a, 0x9c, 0x2a, 0x9c, 0x2a, 0x9c, 0x2a, 0x9c, 0x2a, 0x9c, 0x2a, 0x9c, 0x2a,
  0x9c, 0x2a, 0x9c, 0x2a, 0x9c, 0x2a, 0xfc, 0x3a, 0x9c, 0x2a, 0x9c, 0x2a, 0x9c, 0x2a, 0x9c, 0x2a, 0x9c, 0x2a, 0x9c, 0x2a, 0x9c, 0x2a, 0x9c, 0x2a, 0x9c, 0x2a, 0x9c, 0x2a, 0x9c, 0x2a, 0x9c, 0x2a,
  0x9c, 0x2a, 0x9c, 0x2a, 0x9c, 0x2a, 0x9c, 0x2a, 0x9c, 0x2a, 0x9c, 0x2a, 0x9c, 0x2a, 0x9c, 0x2a, 0x9c, 0x2a, 0x9c, 0x2a, 0x9c, 0x2a, 0x9c, 0x2a, 0x9c, 0x2a, 0x9c, 0x2a, 0x9c, 0x2a, 0x9c, 0x2a,
  0x9c, 0x2a, 0x9c, 0x2a, 0x9c, 0x2a, 0x9c, 0x2a, 0x9c, 0x2a, 0xfc, 0x3a, 0x9c, 0x2a, 0x9c, 0x2a, 0x9c, 0x2a, 0x9c, 0x2a, 0x9c, 0x2a, 0x9c, 0x2a, 0x9c, 0x2a, 0x9c, 0x2a, 0x9c, 0x2a, 0x9c, 0x2a,
  0x9c, 0x2a, 0x9c, 0x2a, 0x9c, 0x2a, 0x9c, 0x2a, 0x9c, 0x2a, 0x9c, 0x2a, 0x9c, 0x2a, 0x9c, 0x2a, 0x9c, 0x2a, 0x9c, 0x2a, 0x9c, 0x2a, 0x9c, 0x2a, 0x9c, 0x2a, 0x9c, 0x2a, 0x9c, 0x2a, 0x9c, 0x2a,
  0x9c, 0x2a, 0x9c, 0x2a, 0x9c, 0x2a, 0x9c, 0x2a, 0x9c, 0x2a, 0x9c, 0x2a, 0x9c, 0x2a, 0xfc, 0x3a, 0x9c, 0x2a, 0x9c, 0x2a, 0x9c, 0x2a, 0x9c, 0x2a, 0x9c, 0x2a, 0x9c, 0x2a, 0x9c, 0x2a, 0x9c, 0x2a,
  0x9c, 0x2a, 0x9c, 0x2a, 0x9c, 0x2a, 0x9c, 0x2a, 0x9c, 0x2a, 0x9c, 0x2a, 0x9c, 0x2a, 0x9c, 0x2a, 0x9c, 0x2a, 0x9c, 0x2a, 0x9c, 0x2a, 0x9c, 0x2a, 0x9c, 0x2a, 0x9c, 0x2a, 0x9c, 0x2a, 0x9c, 0x2a,
  0x9c, 0x2a, 0x9c, 0x2a, 0x9c, 0x2a, 0x9c, 0x2a, 0x9c, 0x2a, 0x9c, 0x2a, 0x9c, 0x2a, 0x9c, 0x2a, 0x9c, 0x2a, 0xfc, 0x3a, 0x9c, 0x2a, 0x9c, 0x2a, 0x9c, 0x2a, 0x9c, 0x2a, 0x9c, 0x2a, 0x9c, 0x2a,
  0x9c, 0x2a, 0x9c, 0x2a, 0x9c, 0x2a, 0x9c, 0x2a, 0x9c, 0x2a, 0x9c, 0x2a, 0x9c, 0x2a, 0x9c, 0x2a, 0x9c, 0x2a, 0x9c, 0x2a, 0x9c, 0x2a, 0x9c, 0x2a, 0x9c, 0x2a, 0x9c, 0x2a, 0x9c, 0x2a, 0x9c, 0x2a,
  0x9c, 0x2a, 0x9c, 0x2a, 0x9c, 0x2a, 0x9c, 0x2a, 0x9c, 0x2a, 0x9c, 0x2a, 0x9c, 0x2a, 0x9c, 0x2a, 0x9c, 0x2a, 0x9c, 0x2a, 0x9c, 0x2a, 0xfc, 0x3a, 0x9c, 0x2a, 0x9c, 0x2a, 0x9c, 0x2a, 0x9c, 0x2a,
  0x9c, 0x2a, 0x9c, 0x2a, 0x9c, 0x2a, 0x9c, 0x2a, 0x9c, 0x2a, 0x9c, 0x2a, 0x9c, 0x2a, 0x9c, 0x2a, 0x9c, 0x2a, 0x9c, 0x2a, 0x9c, 0x2a, 0x9c, 0x2a, 0x9c, 0x2a, 0x9c, 0x2a, 0x9c, 0x2a, 0x9c, 0x2a,
  0x9c, 0x2a, 0x9c, 0x2a, 0x9c, 0x2a, 0x9c, 0x2a, 0x9c, 0x2a, 0x9c, 0x2a, 0x9c, 0x2a, 0x9c, 0x2a, 0x9c, 0x2a, 0x9c, 0x2a, 0x9c, 0x2a, 0x9c, 0x2a, 0x9c, 0x2a, 0xfc, 0x3a, 0x9c, 0x2a, 0x9c, 0x2a,
  0x9c, 0x2a, 0x9c, 0x2a, 0x9c, 0x2a, 0x9c, 0x2a, 0x9c, 0x2a, 0x9c, 0x2a, 0x9c, 0x2a, 0x9c, 0x2a, 0x9c, 0x2a, 0x9c, 0x2a, 0x9c, 0x2a, 0x9c, 0x2a, 0x9c, 0x2a, 0x9c, 0x2a, 0x9c, 0x2a, 0x9c, 0x2a,
  0x9c, 0x2a, 0x9c, 0x2a, 0x9c, 0x2a, 0x9c, 0x2a, 0x9c, 0x2a, 0x9c, 0x2a, 0x9c, 0x2a, 0x9c, 0x2a, 0x9c, 0x2a, 0x9c, 0x2a, 0x9c, 0x2a, 0x9c, 0x2a, 0x9c, 0x2a, 0x9c, 0x2a, 0x9c, 0x2a, 0xfc, 0x3a,
  0x9c, 0x2a, 0x9c, 0x2a, 0x9c, 0x2a, 0x9c, 0x2a, 0x9c, 0x2a, 0x9c, 0x2a, 0x9c, 0x2a, 0x9c, 0x2a, 0x9c, 0x2a, 0x9c, 0x2a, 0x9c, 0x2a, 0x9c, 0x2a, 0x9c, 0x2a, 0x9c, 0x2a, 0x9c, 0x2a, 0x9c, 0x2a,
  0x9c, 0x2a, 0x9c, 0x2a, 0x9c, 0x2a, 0x9c, 0x2a, 0x9c, 0x2a, 0x9c, 0x2a, 0x9c, 0x2a, 0x9c, 0x2a, 0x9c, 0x2a, 0x9c, 0x2a, 0x9c, 0x2a, 0x9c, 0x2a, 0x9c, 0x2a, 0x9c, 0x2a, 0x9c, 0x2a, 0x9c, 0x2a,
  0x9c, 0x2a, 0xfc, 0x3a, 0x9c, 0x2a, 0x9c, 0x2a, 0x9c, 0x2a, 0x9c, 0x2a, 0x9c, 0x2a, 0x9c, 0x2a, 0x9c, 0x2a, 0x9c, 0x2a, 0x9c, 0x2a, 0x9c, 0x2a, 0x9c, 0x2a, 0x9c, 0x2a, 0x9c, 0x2a, 0x9c, 0x2a,
  0x9c, 0x2a, 0x9c, 0x2a, 0x9c, 0x2a, 0x9c, 0x2a, 0x9c, 0x2a, 0x9c, 0x2a, 0x9c, 0x2a, 0x9c, 0x2a, 0x9c, 0x2a, 0x9c, 0x2a, 0x9c, 0x2a, 0x9c, 0x2a, 0x9c, 0x2a, 0x9c, 0x2a, 0x9c, 0x2a, 0x9c, 0x2a,
  0xdc, 0x3a, 0xdc, 0x3a, 0xdc, 0x3a, 0xdc, 0x3a, 0xdc, 0x3a, 0xdc, 0x3a, 0xdc, 0x3a, 0xdc, 0x3a, 0xdc, 0x3a, 0xdc, 0x3a, 0xdc, 0x3a, 0xdc, 0x3a, 0xdc, 0x3a, 0xdc, 0x3a, 0xdc, 0x3a, 0xdc, 0x3a,
  0x3c, 0x43, 0xdc, 0x3a, 0xdc, 0x3a, 0xdc, 0x3a, 0xdc, 0x3a, 0xdc, 0x3a, 0xdc, 0x3a, 0xdc, 0x3a, 0xdc, 0x3a, 0xdc, 0x3a, 0xdc, 0x3a, 0xdc, 0x3a, 0xdc, 0x3a, 0xdc, 0x3a, 0xdc, 0x3a, 0xdc, 0x3a,
  0xdc, 0x3a, 0xdc, 0x3a, 0xdc, 0x3a, 0xdc, 0x3a, 0xdc, 0x3a, 0xdc, 0x3a, 0xdc, 0x3a, 0xdc, 0x3a, 0xdc, 0x3a, 0xdc, 0x3a, 0xdc, 0x3a, 0xdc, 0x3a, 0xdc, 0x3a, 0xdc, 0x3a, 0xdc, 0x3a, 0xdc, 0x3a,
  0xdc, 0x3a, 0xdc, 0x3a, 0x3c, 0x43, 0xdc, 0x3a, 0xdc, 0x3a, 0xdc, 0x3a, 0xdc, 0x3a, 0xdc, 0x3a, 0xdc, 0x3a, 0xdc, 0x3a, 0xdc, 0x3a, 0xdc, 0x3a, 0xdc, 0x3a, 0xdc, 0x3a, 0xdc, 0x3a, 0xdc, 0x3a,
  0xdc, 0x3a, 0xdc, 0x3a, 0xdc, 0x3a, 0xdc, 0x3a, 0xdc, 0x3a, 0xdc, 0x3a, 0xdc, 0x3a, 0xdc, 0x3a, 0xdc, 0x3a, 0xdc, 0x3a, 0xdc, 0x3a, 0xdc, 0x3a, 0xdc, 0x3a, 0xdc, 0x3a, 0xdc, 0x3a, 0xdc, 0x3a,
  0xdc, 0x3a, 0xdc, 0x3a, 0xdc, 0x3a, 0xdc, 0x3a, 0x3c, 0x43, 0xdc, 0x3a, 0xdc, 0x3a, 0xdc, 0x3a, 0xdc, 0x3a, 0xdc, 0x3a, 0xdc, 0x3a, 0xdc, 0x3a, 0xdc, 0x3a, 0xdc, 0x3a, 0xdc, 0x3a, 0xdc, 0x3a,
  0xdc, 0x3a, 0xdc, 0x3a, 0xdc, 0x3a, 0xdc, 0x3a, 0xdc, 0x3a, 0xdc, 0x3a, 0xdc, 0x3a, 0xdc, 0x3a, 0xdc, 0x3a, 0xdc, 0x3a, 0xdc, 0x3a, 0xdc, 0x3a, 0xdc, 0x3a, 0xdc, 0x3a, 0xdc, 0x3a, 0xdc, 0x3a,
  0xdc, 0x3a, 0xdc, 0x3a, 0xdc, 0x3a, 0xdc, 0x3a, 0xdc, 0x3a, 0xdc, 0x3a, 0x3c, 0x43, 0xdc, 0x3a, 0xdc, 0x3a, 0xdc, 0x3a, 0xdc, 0x3a, 0xdc, 0x3a, 0xdc, 0x3a, 0xdc, 0x3a, 0xdc, 0x3a, 0xdc, 0x3a,
  0xdc, 0x3a, 0xdc, 0x3a, 0xdc, 0x3a, 0xdc, 0x3a, 0xdc, 0x3a, 0xdc, 0x3a, 0xdc, 0x3a, 0xdc, 0x3a, 0xdc, 0x3a, 0xdc, 0x3a, 0xdc, 0x3a, 0xdc, 0x3a, 0xdc, 0x3a, 0xdc, 0x3a, 0xdc, 0x3a, 0xdc, 0x3a,
  0xdc, 0x3a, 0xdc, 0x3a, 0xdc, 0x3a, 0xdc, 0x3a, 0xdc, 0x3a, 0xdc, 0x3a, 0xdc, 0x3a, 0xdc, 0x3a, 0x3c, 0x43, 0xdc, 0x3a, 0xdc, 0x3a, 0xdc, 0x3a, 0xdc, 0x3a, 0xdc, 0x3a, 0xdc, 0x3a, 0xdc, 0x3a,
  0xdc, 0x3a, 0xdc, 0x3a, 0xdc, 0x3a, 0xdc, 0x3a, 0xdc, 0x3a, 0xdc, 0x3a, 0xdc, 0x3a, 0xdc, 0x3a, 0xdc, 0x3a, 0xdc, 0x3a, 0xdc, 0x3a, 0xdc, 0x3a, 0xdc, 0x3a, 0xdc, 0x3a, 0xdc, 0x3a, 0xdc, 0x3a,
  0xdc, 0x3a, 0xdc, 0x3a, 0xdc, 0x3a, 0xdc, 0x3a, 0xdc, 0x3a, 0xdc, 0x3a, 0xdc, 0x3a, 0xdc, 0x3a, 0xdc, 0x3a, 0xdc, 0x3a, 0x3c, 0x43, 0xdc, 0x3a, 0xdc, 0x3a, 0xdc, 0x3a, 0xdc, 0x3a, 0xdc, 0x3a,
  0xdc, 0x3a, 0xdc, 0x3a, 0xdc, 0x3a, 0xdc, 0x3a, 0xdc, 0x3a, 0xdc, 0x3a, 0xdc, 0x3a, 0xdc, 0x3a, 0xdc, 0x3a, 0xdc, 0x3a, 0xdc, 0x3a, 0xdc, 0x3a, 0xdc, 0x3a, 0xdc, 0x3a, 0xdc, 0x3a, 0xdc, 0x3a,
  0xdc, 0x3a, 0xdc, 0x3a, 0xdc, 0x3a, 0xdc, 0x3a, 0xdc, 0x3a, 0xdc, 0x3a, 0xdc, 0x3a, 0xdc, 0x3a, 0xdc, 0x3a, 0xdc, 0x3a, 0xdc, 0x3a, 0xdc, 0x3a, 0x3c, 0x43, 0xdc, 0x3a, 0xdc, 0x3a, 0xdc, 0x3a,
  0xdc, 0x3a, 0xdc, 0x3a, 0xdc, 0x3a, 0xdc, 0x3a, 0xdc, 0x3a, 0xdc, 0x3a, 0xdc, 0x3a, 0xdc, 0x3a, 0xdc, 0x3a, 0xdc, 0x3a, 0xdc, 0x3a, 0xdc, 0x3a, 0xdc, 0x3a, 0xdc, 0x3a, 0xdc, 0x3a, 0xdc, 0x3a,
  0xdc, 0x3a, 0xdc, 0x3a, 0xdc, 0x3a, 0xdc, 0x3a, 0xdc, 0x3a, 0xdc, 0x3a, 0xdc, 0x3a, 0xdc, 0x3a, 0xdc, 0x3a, 0xdc, 0x3a, 0xdc, 0x3a, 0xdc, 0x3a, 0xdc, 0x3a, 0xdc, 0x3a, 0x3c, 0x43, 0xdc, 0x3a,
  0xdc, 0x3a, 0xdc, 0x3a, 0xdc, 0x3a, 0xdc, 0x3a, 0xdc, 0x3a, 0xdc, 0x3a, 0xdc, 0x3a, 0xdc, 0x3a, 0xdc, 0x3a, 0xdc, 0x3a, 0xdc, 0x3a, 0xdc, 0x3a, 0xdc, 0x3a, 0xdc, 0x3a, 0xdc, 0x3a, 0xdc, 0x3a,
  0xdc, 0x3a, 0xdc, 0x3a, 0xdc, 0x3a, 0xdc, 0x3a, 0xdc, 0x3a, 0xdc, 0x3a, 0xdc, 0x3a, 0xdc, 0x3a, 0xdc, 0x3a, 0xdc, 0x3a, 0xdc, 0x3a, 0xdc, 0x3a, 0xdc, 0x3a, 0xdc, 0x3a, 0xdc, 0x3a, 0xdc, 0x3a,
  0x3c, 0x43, 0xdc, 0x3a, 0xdc, 0x3a, 0xdc, 0x3a, 0xdc, 0x3a, 0xdc, 0x3a, 0xdc, 0x3a, 0xdc, 0x3a, 0xdc, 0x3a, 0xdc, 0x3a, 0xdc, 0x3a, 0xdc, 0x3a, 0xdc, 0x3a, 0xdc, 0x3a, 0xdc, 0x3a, 0xdc, 0x3a,
  0xdc, 0x3a, 0xdc, 0x3a, 0xdc, 0x3a, 0xdc, 0x3a, 0xdc, 0x3a, 0xdc, 0x3a, 0xdc, 0x3a, 0xdc, 0x3a, 0xdc, 0x3a, 0xdc, 0x3a, 0xdc, 0x3a, 0xdc, 0x3a, 0xdc, 0x3a, 0xdc, 0x3a, 0xdc, 0x3a, 0xdc, 0x3a,
  0x9c, 0x32, 0x9c, 0x32, 0x9c, 0x32, 0x9c, 0x32, 0x9c, 0x32, 0x9c, 0x32, 0x9c, 0x32, 0x9c, 0x32, 0x9c, 0x32, 0x9c, 0x32, 0x9c, 0x32, 0x9c, 0x32, 0x9c, 0x32, 0x9c, 0x32, 0x9c, 0x32, 0xfc, 0x42,
  0x9c, 0x32, 0x9c, 0x32, 0x9c, 0x32, 0x9c, 0x32, 0x9c, 0x32, 0x9c, 0x32, 0x9c, 0x32, 0x9c, 0x32, 0x9c, 0x32, 0x9c, 0x32, 0x9c, 0x32, 0x9c, 0x32, 0x9c, 0x32, 0x9c, 0x32, 0x9c, 0x32, 0x9c, 0x32,
  0x9c, 0x32, 0x9c, 0x32, 0x9c, 0x32, 0x9c, 0x32, 0x9c, 0x32, 0x9c, 0x32, 0x9c, 0x32, 0x9c, 0x32, 0x9c, 0x32, 0x9c, 0x32, 0x9c, 0x32, 0x9c, 0x32, 0x9c, 0x32, 0x9c, 0x32, 0x9c, 0x32, 0x9c, 0x32,
  0x9c, 0x32, 0xfc, 0x42, 0x9c, 0x32, 0x9c, 0x32, 0x9c, 0x32, 0x9c, 0x32, 0x9c, 0x32, 0x9c, 0x32, 0x9c, 0x32, 0x9c, 0x32, 0x9c, 0x32, 0x9c, 0x32, 0x9c, 0x32, 0x9c, 0x32, 0x9c, 0x32, 0x9c, 0x32,
  0x9c, 0x32, 0x9c, 0x32, 0x9c, 0x32, 0x9c, 0x32, 0x9c, 0x32, 0x9c, 0x32, 0x9c, 0x32, 0x9c, 0x32, 0x9c, 0x32, 0x9c, 0x32, 0x9c, 0x32, 0x9c, 0x32, 0x9c, 0x32, 0x9c, 0x32, 0x9c, 0x32, 0x9c, 0x32,
  0x9c, 0x32, 0x9c, 0x32, 0x9c, 0x32, 0xfc, 0x42, 0x9c, 0x32, 0x9c, 0x32, 0x9c, 0x32, 0x9c, 0x32, 0x9c, 0x32, 0x9c, 0x32, 0x9c, 0x32, 0x9c, 0x32, 0x9c, 0x32, 0x9c, 0x32, 0x9c, 0x32, 0x9c, 0x32,
  0x9c, 0x32, 0x9c, 0x32, 0x9c, 0x32, 0x9c, 0x32, 0x9c, 0x32, 0x9c, 0x32, 0x9c, 0x32, 0x9c, 0x32, 0x9c, 0x32, 0x9c, 0x32, 0x9c, 0x32, 0x9c, 0x32, 0x9c, 0x32, 0x9c, 0x32, 0x9c, 0x32, 0x9c, 0x32,
  0x9c, 0x32, 0x9c, 0x32, 0x9c, 0x32, 0x9c, 0x32, 0x9c, 0x32, 0xfc, 0x42, 0x9c, 0x32, 0x9c, 0x32, 0x9c, 0x32, 0x9c, 0x32, 0x9c, 0x32, 0x9c, 0x32, 0x9c, 0x32, 0x9c, 0x32, 0x9c, 0x32, 0x9c, 0x32,
  0x9c, 0x32, 0x9c, 0x32, 0x9c, 0x32, 0x9c, 0x32, 0x9c, 0x32, 0x9c, 0x32, 0x9c, 0x32, 0x9c, 0x32, 0x9c, 0x32, 0x9c, 0x32, 0x9c, 0x32, 0x9c, 0x32, 0x9c, 0x32, 0x9c, 0x32, 0x9c, 0x32, 0x9c, 0x32,
  0x9c, 0x32, 0x9c, 0x32, 0x9c, 0x32, 0x9c, 0x32, 0x9c, 0x32, 0x9c, 0x32, 0x9c, 0x32, 0xfc, 0x42, 0x9c, 0x32, 0x9c, 0x32, 0x9c, 0x32, 0x9c, 0x32, 0x9c, 0x32, 0x9c, 0x32, 0x9c, 0x32, 0x9c, 0x32,
  0x9c, 0x32, 0x9c, 0x32, 0x9c, 0x32, 0x9c, 0x32, 0x9c, 0x32, 0x9c, 0x32, 0x9c, 0x32, 0x9c, 0x32, 0x9c, 0x32, 0x9c, 0x32, 0x9c, 0x32, 0x9c, 0x32, 0x9c, 0x32, 0x9c, 0x32, 0x9c, 0x32, 0x9c, 0x32,
  0x9c, 0x32, 0x9c, 0x32, 0x9c, 0x32, 0x9c, 0x32, 0x9c, 0x32, 0x9c, 0x32, 0x9c, 0x32, 0x9c, 0x32, 0x9c, 0x32, 0xfc, 0x42, 0x9c, 0x32, 0x9c, 0x32, 0x9c, 0x32, 0x9c, 0x32, 0x9c, 0x32, 0x9c, 0x32,
  0x9c, 0x32, 0x9c, 0x32, 0x9c, 0x32, 0x9c, 0x32, 0x9c, 0x32, 0x9c, 0x32, 0x9c, 0x32, 0x9c, 0x32, 0x9c, 0x32, 0x9c, 0x32, 0x9c, 0x32, 0x9c, 0x32, 0x9c, 0x32, 0x9c, 0x32, 0x9c, 0x32, 0x9c, 0x32,
  0x9c, 0x32, 0x9c, 0x32, 0x9c, 0x32, 0x9c, 0x32, 0x9c, 0x32, 0x9c, 0x32, 0x9c, 0x32, 0x9c, 0x32, 0x9c, 0x32, 0x9c, 0x32, 0x9c, 0x32, 0xfc, 0x42, 0x9c, 0x32, 0x9c, 0x32, 0x9c, 0x32, 0x9c, 0x32,
  0x9c, 0x32, 0x9c, 0x32, 0x9c, 0x32, 0x9c, 0x32, 0x9c, 0x32, 0x9c, 0x32, 0x9c, 0x32, 0x9c, 0x32, 0x9c, 0x32, 0x9c, 0x32, 0x9c, 0x32, 0x9c, 0x32, 0x9c, 0x32, 0x9c, 0x32, 0x9c, 0x32, 0x9c, 0x32,
  0x9c, 0x32, 0x9c, 0x32, 0x9c, 0x32, 0x9c, 0x32, 0x9c, 0x32, 0x9c, 0x32, 0x9c, 0x32, 0x9c, 0x32, 0x9c, 0x32, 0x9c, 0x32, 0x9c, 0x32, 0x9c, 0x32, 0x9c, 0x32, 0xfc, 0x42, 0x9c, 0x32, 0x9c, 0x32,
  0x9c, 0x32, 0x9c, 0x32, 0x9c, 0x32, 0x9c, 0x32, 0x9c, 0x32, 0x9c, 0x32, 0x9c, 0x32, 0x9c, 0x32, 0x9c, 0x32, 0x9c, 0x32, 0x9c, 0x32, 0x9c, 0x32, 0x9c, 0x32, 0x9c, 0x32, 0x9c, 0x32, 0x9c, 0x32,
  0x9c, 0x32, 0x9c, 0x32, 0x9c, 0x32, 0x9c, 0x32, 0x9c, 0x32, 0x9c, 0x32, 0x9c, 0x32, 0x9c, 0x32, 0x9c, 0x32, 0x9c, 0x32, 0x9c, 0x32, 0x9c, 0x32, 0x9c, 0x32, 0x9c, 0x32, 0x9c, 0x32, 0xfc, 0x42,
  0x9c, 0x32, 0x9c, 0x32, 0x9c, 0x32, 0x9c, 0x32, 0x9c, 0x32, 0x9c, 0x32, 0x9c, 0x32, 0x9c, 0x32, 0x9c, 0x32, 0x9c, 0x32, 0x9c, 0x32, 0x9c, 0x32, 0x9c, 0x32, 0x9c, 0x32, 0x9c, 0x32, 0x9c, 0x32,
  0x9c, 0x32, 0x9c, 0x32, 0x9c, 0x32, 0x9c, 0x32, 0x9c, 0x32, 0x9c, 0x32, 0x9c, 0x32, 0x9c, 0x32, 0x9c, 0x32, 0x9c, 0x32, 0x9c, 0x32, 0x9c, 0x32, 0x9c, 0x32, 0x9c, 0x32, 0x9c, 0x32, 0x9c, 0x32,
  0xbc, 0x32, 0xbc, 0x32, 0xbc, 0x32, 0xbc, 0x32, 0xbc, 0x32, 0xbc, 0x32, 0xbc, 0x32, 0xbc, 0x32, 0xbc, 0x32, 0xbc, 0x32, 0xbc, 0x32, 0xbc, 0x32, 0xbc, 0x32, 0xbc, 0x32, 0x1c, 0x43, 0xbc, 0x32,
  0xbc, 0x32, 0xbc, 0x32, 0xbc, 0x32, 0xbc, 0x32, 0xbc, 0x32, 0xbc, 0x32, 0xbc, 0x32, 0xbc, 0x32, 0xbc, 0x32, 0xbc, 0x32, 0xbc, 0x32, 0xbc, 0x32, 0xbc, 0x32, 0xbc, 0x32, 0xbc, 0x32, 0xbc, 0x32,
  0xbc, 0x32, 0xbc, 0x32, 0xbc, 0x32, 0xbc, 0x32, 0xbc, 0x32, 0xbc, 0x32, 0xbc, 0x32, 0xbc, 0x32, 0xbc, 0x32, 0xbc, 0x32, 0xbc, 0x32, 0xbc, 0x32, 0xbc, 0x32, 0xbc, 0x32, 0xbc, 0x32, 0xbc, 0x32,
  0x1c, 0x43, 0xbc, 0x32, 0xbc, 0x32, 0xbc, 0x32, 0xbc, 0x32, 0xbc, 0x32, 0xbc, 0x32, 0xbc, 0x32, 0xbc, 0x32, 0xbc, 0x32, 0xbc, 0x32, 0xbc, 0x32, 0xbc, 0x32, 0xbc, 0x32, 0xbc, 0x32, 0xbc, 0x32,
  0xbc, 0x32, 0xbc, 0x32, 0xbc, 0x32, 0xbc, 0x32, 0xbc, 0x32, 0xbc, 0x32, 0xbc, 0x32, 0xbc, 0x32, 0xbc, 0x32, 0xbc, 0x32, 0xbc, 0x32, 0xbc, 0x32, 0xbc, 0x32, 0xbc, 0x32, 0xbc, 0x32, 0xbc, 0x32,
  0xbc, 0x32, 0xbc, 0x32, 0x1c, 0x43, 0xbc, 0x32, 0xbc, 0x32, 0xbc, 0x32, 0xbc, 0x32, 0xbc, 0x32, 0xbc, 0x32, 0xbc, 0x32, 0xbc, 0x32, 0xbc, 0x32, 0xbc, 0x32, 0xbc, 0x32, 0xbc, 0x32, 0xbc, 0x32,
  0xbc, 0x32, 0xbc, 0x32, 0xbc, 0x32, 0xbc, 0x32, 0xbc, 0x32, 0xbc, 0x32, 0xbc, 0x32, 0xbc, 0x32, 0xbc, 0x32, 0xbc, 0x32, 0xbc, 0x32, 0xbc, 0x32, 0xbc, 0x32, 0xbc, 0x32, 0xbc, 0x32, 0xbc, 0x32,
  0xbc, 0x32, 0xbc, 0x32, 0xbc, 0x32, 0xbc, 0x32, 0x1c, 0x43, 0xbc, 0x32, 0xbc, 0x32, 0xbc, 0x32, 0xbc, 0x32, 0xbc, 0x32, 0xbc, 0x32, 0xbc, 0x32, 0xbc, 0x32, 0xbc, 0x32, 0xbc, 0x32, 0xbc, 0x32,
  0xbc, 0x32, 0xbc, 0x32, 0xbc, 0x32, 0xbc, 0x32, 0xbc, 0x32, 0xbc, 0x32, 0xbc, 0x32, 0xbc, 0x32, 0xbc, 0x32, 0xbc, 0x32, 0xbc, 0x32, 0xbc, 0x32, 0xbc, 0x32, 0xbc, 0x32, 0xbc, 0x32, 0xbc, 0x32,
  0xbc, 0x32, 0xbc, 0x32, 0xbc, 0x32, 0xbc, 0x32, 0xbc, 0x32, 0xbc, 0x32, 0x1c, 0x43, 0xbc, 0x32, 0xbc, 0x32, 0xbc, 0x32, 0xbc, 0x32, 0xbc, 0x32, 0xbc, 0x32, 0xbc, 0x32, 0xbc, 0x32, 0xbc, 0x32,
  0xbc, 0x32, 0xbc, 0x32, 0xbc, 0x32, 0xbc, 0x32, 0xbc, 0x32, 0xbc, 0x32, 0xbc, 0x32, 0xbc, 0x32, 0xbc, 0x32, 0xbc, 0x32, 0xbc, 0x32, 0xbc, 0x32, 0xbc, 0x32, 0xbc, 0x32, 0xbc, 0x32, 0xbc, 0x32,
  0xbc, 0x32, 0xbc, 0x32, 0xbc, 0x32, 0xbc, 0x32, 0xbc, 0x32, 0xbc, 0x32, 0xbc, 0x32, 0xbc, 0x32, 0x1c, 0x43, 0xbc, 0x32, 0xbc, 0x32, 0xbc, 0x32, 0xbc, 0x32, 0xbc, 0x32, 0xbc, 0x32, 0xbc, 0x32,
  0xbc, 0x32, 0xbc, 0x32, 0xbc, 0x32, 0xbc, 0x32, 0xbc, 0x32, 0xbc, 0x32, 0xbc, 0x32, 0xbc, 0x32, 0xbc, 0x32, 0xbc, 0x32, 0xbc, 0x32, 0xbc, 0x32, 0xbc, 0x32, 0xbc, 0x32, 0xbc, 0x32, 0xbc, 0x32,
  0xbc, 0x32, 0xbc, 0x32, 0xbc, 0x32, 0xbc, 0x32, 0xbc, 0x32, 0xbc, 0x32, 0xbc, 0x32, 0xbc, 0x32, 0xbc, 0x32, 0xbc, 0x32, 0x1c, 0x43, 0xbc, 0x32, 0xbc, 0x32, 0xbc, 0x32, 0xbc, 0x32, 0xbc, 0x32,
  0xbc, 0x32, 0xbc, 0x32, 0xbc, 0x32, 0xbc, 0x32, 0xbc, 0x32, 0xbc, 0x32, 0xbc, 0x32, 0xbc, 0x32, 0xbc, 0x32, 0xbc, 0x32, 0xbc, 0x32, 0xbc, 0x32, 0xbc, 0x32, 0xbc, 0x32, 0xbc, 0x32, 0xbc, 0x32,
  0xbc, 0x32, 0xbc, 0x32, 0xbc, 0x32, 0xbc, 0x32, 0xbc, 0x32, 0xbc, 0x32, 0xbc, 0x32, 0xbc, 0x32, 0xbc, 0x32, 0xbc, 0x32, 0xbc, 0x32, 0xbc, 0x32, 0x1c, 0x43, 0xbc, 0x32, 0xbc, 0x32, 0xbc, 0x32,
  0xbc, 0x32, 0xbc, 0x32, 0xbc, 0x32, 0xbc, 0x32, 0xbc, 0x32, 0xbc, 0x32, 0xbc, 0x32, 0xbc, 0x32, 0xbc, 0x32, 0xbc, 0x32, 0xbc, 0x32, 0xbc, 0x32, 0xbc, 0x32, 0xbc, 0x32, 0xbc, 0x32, 0xbc, 0x32,
  0xbc, 0x32, 0xbc, 0x32, 0xbc, 0x32, 0xbc, 0x32, 0xbc, 0x32, 0xbc, 0x32, 0xbc, 0x32, 0xbc, 0x32, 0xbc, 0x32, 0xbc, 0x32, 0xbc, 0x32, 0xbc, 0x32, 0xbc, 0x32, 0xbc, 0x32, 0x1c, 0x43, 0xbc, 0x32,
  0xbc, 0x32, 0xbc, 0x32, 0xbc, 0x32, 0xbc, 0x32, 0xbc, 0x32, 0xbc, 0x32, 0xbc, 0x32, 0xbc, 0x32, 0xbc, 0x32, 0xbc, 0x32, 0xbc, 0x32, 0xbc, 0x32, 0xbc, 0x32, 0xbc, 0x32, 0xbc, 0x32, 0xbc, 0x32,
  0xbc, 0x32, 0xbc, 0x32, 0xbc, 0x32, 0xbc, 0x32, 0xbc, 0x32, 0xbc, 0x32, 0xbc, 0x32, 0xbc, 0x32, 0xbc, 0x32, 0xbc, 0x32, 0xbc, 0x32, 0xbc, 0x32, 0xbc, 0x32, 0xbc, 0x32, 0xbc, 0x32, 0xbc, 0x32,
  0x7b, 0x2a, 0x7b, 0x2a, 0x7b, 0x2a, 0x7b, 0x2a, 0x7b, 0x2a, 0x7b, 0x2a, 0x7b, 0x2a, 0x7b, 0x2a, 0x7b, 0x2a, 0x7b, 0x2a, 0x7b, 0x2a, 0x7b, 0x2a, 0x7b, 0x2a, 0xdb, 0x3a, 0x7b, 0x2a, 0x7b, 0x2a,
  0x7b, 0x2a, 0x7b, 0x2a, 0x7b, 0x2a, 0x7b, 0x2a, 0x7b, 0x2a, 0x7b, 0x2a, 0x7b, 0x2a, 0x7b, 0x2a, 0x7b, 0x2a, 0x7b, 0x2a, 0x7b, 0x2a, 0x7b, 0x2a, 0x7b, 0x2a, 0x7b, 0x2a, 0x7b, 0x2a, 0x7b, 0x2a,
  0x7b, 0x2a, 0x7b, 0x2a, 0x7b, 0x2a, 0x7b, 0x2a, 0x7b, 0x2a, 0x7b, 0x2a, 0x7b, 0x2a, 0x7b, 0x2a, 0x7b, 0x2a, 0x7b, 0x2a, 0x7b, 0x2a, 0x7b, 0x2a, 0x7b, 0x2a, 0x7b, 0x2a, 0x7b, 0x2a, 0xdb, 0x3a,
  0x7b, 0x2a, 0x7b, 0x2a, 0x7b, 0x2a, 0x7b, 0x2a, 0x7b, 0x2a, 0x7b, 0x2a, 0x7b, 0x2a, 0x7b, 0x2a, 0x7b, 0x2a, 0x7b, 0x2a, 0x7b, 0x2a, 0x7b, 0x2a, 0x7b, 0x2a, 0x7b, 0x2a, 0x7b, 0x2a, 0x7b, 0x2a,
  0x7b, 0x2a, 0x7b, 0x2a, 0x7b, 0x2a, 0x7b, 0x2a, 0x7b, 0x2a, 0x7b, 0x2a, 0x7b, 0x2a, 0x7b, 0x2a, 0x7b, 0x2a, 0x7b, 0x2a, 0x7b, 0x2a, 0x7b, 0x2a, 0x7b, 0x2a, 0x7b, 0x2a, 0x7b, 0x2a, 0x7b, 0x2a,
  0x7b, 0x2a, 0xdb, 0x3a, 0x7b, 0x2a, 0x7b, 0x2a, 0x7b, 0x2a, 0x7b, 0x2a, 0x7b, 0x2a, 0x7b, 0x2a, 0x7b, 0x2a, 0x7b, 0x2a, 0x7b, 0x2a, 0x7b, 0x2a, 0x7b, 0x2a, 0x7b, 0x2a, 0x7b, 0x2a, 0x7b, 0x2a,
  0x7b, 0x2a, 0x7b, 0x2a, 0x7b, 0x2a, 0x7b, 0x2a, 0x7b, 0x2a, 0x7b, 0x2a, 0x7b, 0x2a, 0x7b, 0x2a, 0x7b, 0x2a, 0x7b, 0x2a, 0x7b, 0x2a, 0x7b, 0x2a, 0x7b, 0x2a, 0x7b, 0x2a, 0x7b, 0x2a, 0x7b, 0x2a,
  0x7b, 0x2a, 0x7b, 0x2a, 0x7b, 0x2a, 0xdb, 0x3a, 0x7b, 0x2a, 0x7b, 0x2a, 0x7b, 0x2a, 0x7b, 0x2a, 0x7b, 0x2a, 0x7b, 0x2a, 0x7b, 0x2a, 0x7b, 0x2a, 0x7b, 0x2a, 0x7b, 0x2a, 0x7b, 0x2a, 0x7b, 0x2a,
  0x7b, 0x2a, 0x7b, 0x2a, 0x7b, 0x2a, 0x7b, 0x2a, 0x7b, 0x2a, 0x7b, 0x2a, 0x7b, 0x2a, 0x7b, 0x2a, 0x7b, 0x2a, 0x7b, 0x2a, 0x7b, 0x2a, 0x7b, 0x2a, 0x7b, 0x2a, 0x7b, 0x2a, 0x7b, 0x2a, 0x7b, 0x2a,
  0x7b, 0x2a, 0x7b, 0x2a, 0x7b, 0x2a, 0x7b, 0x2a, 0x7b, 0x2a, 0xdb, 0x3a, 0x7b, 0x2a, 0x7b, 0x2a, 0x7b, 0x2a, 0x7b, 0x2a, 0x7b, 0x2a, 0x7b, 0x2a, 0x7b, 0x2a, 0x7b, 0x2a, 0x7b, 0x2a, 0x7b, 0x2a,
  0x7b, 0x2a, 0x7b, 0x2a, 0x7b, 0x2a, 0x7b, 0x2a, 0x7b, 0x2a, 0x7b, 0x2a, 0x7b, 0x2a, 0x7b, 0x2a, 0x7b, 0x2a, 0x7b, 0x2a, 0x7b, 0x2a, 0x7b, 0x2a, 0x7b, 0x2a, 0x7b, 0x2a, 0x7b, 0x2a, 0x7b, 0x2a,
  0x7b, 0x2a, 0x7b, 0x2a, 0x7b, 0x2a, 0x7b, 0x2a, 0x7b, 0x2a, 0x7b, 0x2a, 0x7b, 0x2a, 0xdb, 0x3a, 0x7b, 0x2a, 0x7b, 0x2a, 0x7b, 0x2a, 0x7b, 0x2a, 0x7b, 0x2a, 0x7b, 0x2a, 0x7b, 0x2a, 0x7b, 0x2a,
  0x7b, 0x2a, 0x7b, 0x2a, 0x7b, 0x2a, 0x7b, 0x2a, 0x7b, 0x2a, 0x7b, 0x2a, 0x7b, 0x2a, 0x7b, 0x2a, 0x7b, 0x2a, 0x7b, 0x2a, 0x7b, 0x2a, 0x7b, 0x2a, 0x7b, 0x2a, 0x7b, 0x2a, 0x7b, 0x2a, 0x7b, 0x2a,
  0x7b, 0x2a, 0x7b, 0x2a, 0x7b, 0x2a, 0x7b, 0x2a, 0x7b, 0x2a, 0x7b, 0x2a, 0x7b, 0x2a, 0x7b, 0x2a, 0x7b, 0x2a, 0xdb, 0x3a, 0x7b, 0x2a, 0x7b, 0x2a, 0x7b, 0x2a, 0x7b, 0x2a, 0x7b, 0x2a, 0x7b, 0x2a,
  0x7b, 0x2a, 0x7b, 0x2a, 0x7b, 0x2a, 0x7b, 0x2a, 0x7b, 0x2a, 0x7b, 0x2a, 0x7b, 0x2a, 0x7b, 0x2a, 0x7b, 0x2a, 0x7b, 0x2a, 0x7b, 0x2a, 0x7b, 0x2a, 0x7b, 0x2a, 0x7b, 0x2a, 0x7b, 0x2a, 0x7b, 0x2a,
  0x7b, 0x2a, 0x7b, 0x2a, 0x7b, 0x2a, 0x7b, 0x2a, 0x7b, 0x2a, 0x7b, 0x2a, 0x7b, 0x2a, 0x7b, 0x2a, 0x7b, 0x2a, 0x7b, 0x2a, 0x7b, 0x2a, 0xdb, 0x3a, 0x7b, 0x2a, 0x7b, 0x2a, 0x7b, 0x2a, 0x7b, 0x2a,
  0x7b, 0x2a, 0x7b, 0x2a, 0x7b, 0x2a, 0x7b, 0x2a, 0x7b, 0x2a, 0x7b, 0x2a, 0x7b, 0x2a, 0x7b, 0x2a, 0x7b, 0x2a, 0x7b, 0x2a, 0x7b, 0x2a, 0x7b, 0x2a, 0x7b, 0x2a, 0x7b, 0x2a, 0x7b, 0x2a, 0x7b, 0x2a,
  0x7b, 0x2a, 0x7b, 0x2a, 0x7b, 0x2a, 0x7b, 0x2a, 0x7b, 0x2a, 0x7b, 0x2a, 0x7b, 0x2a, 0x7b, 0x2a, 0x7b, 0x2a, 0x7b, 0x2a, 0x7b, 0x2a, 0x7b, 0x2a, 0x7b, 0x2a, 0xdb, 0x3a, 0x7b, 0x2a, 0x7b, 0x2a,
  0x7b, 0x2a, 0x7b, 0x2a, 0x7b, 0x2a, 0x7b, 0x2a, 0x7b, 0x2a, 0x7b, 0x2a, 0x7b, 0x2a, 0x7b, 0x2a, 0x7b, 0x2a, 0x7b, 0x2a, 0x7b, 0x2a, 0x7b, 0x2a, 0x7b, 0x2a, 0x7b, 0x2a, 0x7b, 0x2a, 0x7b, 0x2a,
  0x7b, 0x2a, 0x7b, 0x2a, 0x7b, 0x2a, 0x7b, 0x2a, 0x7b, 0x2a, 0x7b, 0x2a, 0x7b, 0x2a, 0x7b, 0x2a, 0x7b, 0x2a, 0x7b, 0x2a, 0x7b, 0x2a, 0x7b, 0x2a, 0x7b, 0x2a, 0x7b, 0x2a, 0x7b, 0x2a, 0xdb, 0x3a,
  0x7b, 0x2a, 0x7b, 0x2a, 0x7b, 0x2a, 0x7b, 0x2a, 0x7b, 0x2a, 0x7b, 0x2a, 0x7b, 0x2a, 0x7b, 0x2a, 0x7b, 0x2a, 0x7b, 0x2a, 0x7b, 0x2a, 0x7b, 0x2a, 0xdb, 0x3a, 0x7b, 0x2a, 0x7b, 0x2a, 0x7b, 0x2a,
  0x7b, 0x2a, 0x7b, 0x2a, 0x7b, 0x2a, 0x7b, 0x2a, 0x7b, 0x2a, 0x7b, 0x2a, 0x7b, 0x2a, 0x7b, 0x2a, 0x7b, 0x2a, 0x7b, 0x2a, 0x7b, 0x2a, 0x7b, 0x2a, 0x7b, 0x2a, 0x7b, 0x2a, 0x7b, 0x2a, 0x7b, 0x2a,
  0x7b, 0x2a, 0x7b, 0x2a, 0x7b, 0x2a, 0x7b, 0x2a, 0x7b, 0x2a, 0x7b, 0x2a, 0x7b, 0x2a, 0x7b, 0x2a, 0x7b, 0x2a, 0x7b, 0x2a, 0x7b, 0x2a, 0x7b, 0x2a, 0x7b, 0x2a, 0x7b, 0x2a, 0xdb, 0x3a, 0x7b, 0x2a,
  0x7b, 0x2a, 0x7b, 0x2a, 0x7b, 0x2a, 0x7b, 0x2a, 0x7b, 0x2a, 0x7b, 0x2a, 0x7b, 0x2a, 0x7b, 0x2a, 0x7b, 0x2a, 0x7b, 0x2a, 0x7b, 0x2a, 0x7b, 0x2a, 0x7b, 0x2a, 0x7b, 0x2a, 0x7b, 0x2a, 0x7b, 0x2a,
  0x7b, 0x2a, 0x7b, 0x2a, 0x7b, 0x2a, 0x7b, 0x2a, 0x7b, 0x2a, 0x7b, 0x2a, 0x7b, 0x2a, 0x7b, 0x2a, 0x7b, 0x2a, 0x7b, 0x2a, 0x7b, 0x2a, 0x7b, 0x2a, 0x7b, 0x2a, 0x7b, 0x2a, 0x7b, 0x2a, 0x7b, 0x2a,
  0xdb, 0x3a, 0x7b, 0x2a, 0x7b, 0x2a, 0x7b, 0x2a, 0x7b, 0x2a, 0x7b, 0x2a, 0x7b, 0x2a, 0x7b, 0x2a, 0x7b, 0x2a, 0x7b, 0x2a, 0x7b, 0x2a, 0x7b, 0x2a, 0x7b, 0x2a, 0x7b, 0x2a, 0x7b, 0x2a, 0x7b, 0x2a,
  0x7b, 0x2a, 0x7b, 0x2a, 0x7b, 0x2a, 0x7b, 0x2a, 0x7b, 0x2a, 0x7b, 0x2a, 0x7b, 0x2a, 0x7b, 0x2a, 0x7b, 0x2a, 0x7b, 0x2a, 0x7b, 0x2a, 0x7b, 0x2a, 0x7b, 0x2a, 0x7b, 0x2a, 0x7b, 0x2a, 0x7b, 0x2a,
  0x7b, 0x2a, 0x7b, 0x2a, 0xdb, 0x3a, 0x7b, 0x2a, 0x7b, 0x2a, 0x7b, 0x2a, 0x7b, 0x2a, 0x7b, 0x2a, 0x7b, 0x2a, 0x7b, 0x2a, 0x7b, 0x2a, 0x7b, 0x2a, 0x7b, 0x2a, 0x7b, 0x2a, 0x7b, 0x2a, 0x7b, 0x2a,
  0x7b, 0x2a, 0x7b, 0x2a, 0x7b, 0x2a, 0x7b, 0x2a, 0x7b, 0x2a, 0x7b, 0x2a, 0x7b, 0x2a, 0x7b, 0x2a, 0x7b, 0x2a, 0x7b, 0x2a, 0x7b, 0x2a, 0x7b, 0x2a, 0x7b, 0x2a, 0x7b, 0x2a, 0x7b, 0x2a, 0x7b, 0x2a,
  0x7b, 0x2a, 0x7b, 0x2a, 0x7b, 0x2a, 0x7b, 0x2a, 0xdb, 0x3a, 0x7b, 0x2a, 0x7b, 0x2a, 0x7b, 0x2a, 0x7b, 0x2a, 0x7b, 0x2a, 0x7b, 0x2a, 0x7b, 0x2a, 0x7b, 0x2a, 0x7b, 0x2a, 0x7b, 0x2a, 0x7b, 0x2a,
  0x7b, 0x2a, 0x7b, 0x2a, 0x7b, 0x2a, 0x7b, 0x2a, 0x7b, 0x2a, 0x7b, 0x2a, 0x7b, 0x2a, 0x7b, 0x2a, 0x7b, 0x2a, 0x7b, 0x2a, 0x7b, 0x2a, 0x7b, 0x2a, 0x7b, 0x2a, 0x7b, 0x2a, 0x7b, 0x2a, 0x7b, 0x2a,
  0x7b, 0x2a, 0x7b, 0x2a, 0x7b, 0x2a, 0x7b, 0x2a, 0x7b, 0x2a, 0x7b, 0x2a, 0xdb, 0x3a, 0x7b, 0x2a, 0x7b, 0x2a, 0x7b, 0x2a, 0x7b, 0x2a, 0x7b, 0x2a, 0x7b, 0x2a, 0x7b, 0x2a, 0x7b, 0x2a, 0x7b, 0x2a,
  0x7b, 0x2a, 0x7b, 0x2a, 0x7b, 0x2a, 0x7b, 0x2a, 0x7b, 0x2a, 0x7b, 0x2a, 0x7b, 0x2a, 0x7b, 0x2a, 0x7b, 0x2a, 0x7b, 0x2a, 0x7b, 0x2a, 0x7b, 0x2a, 0x7b, 0x2a, 0x7b, 0x2a, 0x7b, 0x2a, 0x7b, 0x2a,
  0x7b, 0x2a, 0x7b, 0x2a, 0x7b, 0x2a, 0x7b, 0x2a, 0x7b, 0x2a, 0x7b, 0x2a, 0x7b, 0x2a, 0x7b, 0x2a, 0xdb, 0x3a, 0x7b, 0x2a, 0x7b, 0x2a, 0x7b, 0x2a, 0x7b, 0x2a, 0x7b, 0x2a, 0x7b, 0x2a, 0x7b, 0x2a,
  0x7b, 0x2a, 0x7b, 0x2a, 0x7b, 0x2a, 0x7b, 0x2a, 0x7b, 0x2a, 0x7b, 0x2a, 0x7b, 0x2a, 0x7b, 0x2a, 0x7b, 0x2a, 0x7b, 0x2a, 0x7b, 0x2a, 0x7b, 0x2a, 0x7b, 0x2a, 0x7b, 0x2a, 0x7b, 0x2a, 0x7b, 0x2a,
  0x7b, 0x2a, 0x7b, 0x2a, 0x7b, 0x2a, 0x7b, 0x2a, 0x7b, 0x2a, 0x7b, 0x2a, 0x7b, 0x2a, 0x7b, 0x2a, 0x7b, 0x2a, 0x7b, 0x2a, 0xdb, 0x3a, 0x7b, 0x2a, 0x7b, 0x2a, 0x7b, 0x2a, 0x7b, 0x2a, 0x7b, 0x2a,
  0x7b, 0x2a, 0x7b, 0x2a, 0x7b, 0x2a, 0x7b, 0x2a, 0x7b, 0x2a, 0x7b, 0x2a, 0x7b, 0x2a, 0x7b, 0x2a, 0x7b, 0x2a, 0x7b, 0x2a, 0x7b, 0x2a, 0x7b, 0x2a, 0x7b, 0x2a, 0x7b, 0x2a, 0x7b, 0x2a, 0x7b, 0x2a,
  0x7b, 0x2a, 0x7b, 0x2a, 0x7b, 0x2a, 0x7b, 0x2a, 0x7b, 0x2a, 0x7b, 0x2a, 0x7b, 0x2a, 0x7b, 0x2a, 0x7b, 0x2a, 0x7b, 0x2a, 0x7b, 0x2a, 0x7b, 0x2a, 0xdb, 0x3a, 0x7b, 0x2a, 0x7b, 0x2a, 0x7b, 0x2a,
  0x7b, 0x2a, 0x7b, 0x2a, 0x7b, 0x2a, 0x7b, 0x2a, 0x7b, 0x2a, 0x7b, 0x2a, 0x7b, 0x2a, 0x7b, 0x2a, 0x7b, 0x2a, 0x7b, 0x2a, 0x7b, 0x2a, 0x7b, 0x2a, 0x7b, 0x2a, 0x7b, 0x2a, 0x7b, 0x2a, 0x7b, 0x2a,
  0x7b, 0x2a, 0x7b, 0x2a, 0x7b, 0x2a, 0x7b, 0x2a, 0x7b, 0x2a, 0x7b, 0x2a, 0x7b, 0x2a, 0x7b, 0x2a, 0x7b, 0x2a, 0x7b, 0x2a, 0x7b, 0x2a, 0x7b, 0x2a, 0x7b, 0x2a, 0x7b, 0x2a, 0xdb, 0x3a, 0x7b, 0x2a,
  0x7b, 0x2a, 0x7b, 0x2a, 0x7b, 0x2a, 0x7b, 0x2a, 0x7b, 0x2a, 0x7b, 0x2a, 0x7b, 0x2a, 0x7b, 0x2a, 0x7b, 0x2a, 0x7b, 0x2a, 0x7b, 0x2a, 0xdb, 0x3a, 0x7b, 0x2a, 0x7b, 0x2a, 0x7b, 0x2a, 0x7b, 0x2a,
  0x7b, 0x2a, 0x7b, 0x2a, 0x7b, 0x2a, 0x7b, 0x2a, 0x7b, 0x2a, 0x7b, 0x2a, 0x7b, 0x2a, 0x7b, 0x2a, 0x7b, 0x2a, 0x7b, 0x2a, 0x7b, 0x2a, 0x7b, 0x2a, 0x7b, 0x2a, 0x7b, 0x2a, 0x7b, 0x2a, 0x7b, 0x2a,
  0x7b, 0x2a, 0x7b, 0x2a, 0x7b, 0x2a, 0x7b, 0x2a, 0x7b, 0x2a, 0x7b, 0x2a, 0x7b, 0x2a, 0x7b, 0x2a, 0x7b, 0x2a, 0x7b, 0x2a, 0x7b, 0x2a, 0x7b, 0x2a, 0x7b, 0x2a, 0xdb, 0x3a, 0x7b, 0x2a, 0x7b, 0x2a,
  0x7b, 0x2a, 0x7b, 0x2a, 0x7b, 0x2a, 0x7b, 0x2a, 0x7b, 0x2a, 0x7b, 0x2a, 0x7b, 0x2a, 0x7b, 0x2a, 0x7b, 0x2a, 0x7b, 0x2a, 0x7b, 0x2a, 0x7b, 0x2a, 0x7b, 0x2a, 0x7b, 0x2a, 0x7b, 0x2a, 0x7b, 0x2a,
  0x7b, 0x2a, 0x7b, 0x2a, 0x7b, 0x2a, 0x7b, 0x2a, 0x7b, 0x2a, 0x7b, 0x2a, 0x7b, 0x2a, 0x7b, 0x2a, 0x7b, 0x2a, 0x7b, 0x2a, 0x7b, 0x2a, 0x7b, 0x2a, 0x7b, 0x2a, 0x7b, 0x2a, 0x7b, 0x2a, 0xdb, 0x3a,
  0x7b, 0x2a, 0x7b, 0x2a, 0x7b, 0x2a, 0x7b, 0x2a, 0x7b, 0x2a, 0x7b, 0x2a, 0x7b, 0x2a, 0x7b, 0x2a, 0x7b, 0x2a, 0x7b, 0x2a, 0x7b, 0x2a, 0x7b, 0x2a, 0x7b, 0x2a, 0x7b, 0x2a, 0x7b, 0x2a, 0x7b, 0x2a,
  0x7b, 0x2a, 0x7b, 0x2a, 0x7b, 0x2a, 0x7b, 0x2a, 0x7b, 0x2a, 0x7b, 0x2a, 0x7a, 0x2a, 0x7a, 0x2a, 0x7b, 0x2a, 0x7b, 0x2a, 0x7b, 0x2a, 0x7b, 0x2a, 0x7b, 0x2a, 0x7b, 0x2a, 0x7b, 0x2a, 0x7b, 0x2a,
  0x7b, 0x2a, 0xdb, 0x3a, 0x7b, 0x2a, 0x7b, 0x2a, 0x7b, 0x2a, 0x7b, 0x2a, 0x7b, 0x2a, 0x7b, 0x2a, 0x7b, 0x2a, 0x7b, 0x2a, 0x7b, 0x2a, 0x7b, 0x2a, 0x7b, 0x2a, 0x7b, 0x2a, 0x7b, 0x2a, 0x7b, 0x2a,
  0x7b, 0x2a, 0x7b, 0x2a, 0x7b, 0x2a, 0x7b, 0x2a, 0x7b, 0x2a, 0x7b, 0x2a, 0x7b, 0x2a, 0x7b, 0x2a, 0x7b, 0x2a, 0x7b, 0x2a, 0x7b, 0x2a, 0x7b, 0x2a, 0x7b, 0x2a, 0x7b, 0x2a, 0x7b, 0x2a, 0x7b, 0x2a,
  0x7b, 0x2a, 0x7b, 0x2a, 0x7b, 0x2a, 0xdb, 0x3a, 0x7b, 0x2a, 0x7b, 0x2a, 0x7b, 0x2a, 0x7b, 0x2a, 0x7b, 0x2a, 0x7b, 0x2a, 0x7b, 0x2a, 0x7b, 0x2a, 0x7b, 0x2a, 0x7b, 0x2a, 0x7b, 0x2a, 0x7b, 0x2a,
  0x7b, 0x2a, 0x7b, 0x2a, 0x7b, 0x2a, 0x7b, 0x2a, 0x7b, 0x2a, 0x7b, 0x2a, 0x7b, 0x2a, 0x7b, 0x2a, 0x7b, 0x2a, 0x7b, 0x2a, 0x7b, 0x2a, 0x7b, 0x2a, 0x7b, 0x2a, 0x7b, 0x2a, 0x7b, 0x2a, 0x7b, 0x2a,
  0x7b, 0x2a, 0x7b, 0x2a, 0x7b, 0x2a, 0x7b, 0x2a, 0x7b, 0x2a, 0xdb, 0x3a, 0x7b, 0x2a, 0x7b, 0x2a, 0x7b, 0x2a, 0x7b, 0x2a, 0x7b, 0x2a, 0x7b, 0x2a, 0x7b, 0x2a, 0x7b, 0x2a, 0x7b, 0x2a, 0x7b, 0x2a,
  0x7b, 0x2a, 0x7b, 0x2a, 0x7b, 0x2a, 0x7b, 0x2a, 0x7b, 0x2a, 0x7b, 0x2a, 0x7b, 0x2a, 0x7b, 0x2a, 0x7b, 0x2a, 0x7b, 0x2a, 0x7b, 0x2a, 0x7b, 0x2a, 0x7b, 0x2a, 0x7b, 0x2a, 0x7b, 0x2a, 0x7b, 0x2a,
  0x7b, 0x2a, 0x7b, 0x2a, 0x7b, 0x2a, 0x7b, 0x2a, 0x7b, 0x2a, 0x7b, 0x2a, 0x7b, 0x2a, 0xdb, 0x3a, 0x7b, 0x2a, 0x7b, 0x2a, 0x7b, 0x2a, 0x7b, 0x2a, 0x7b, 0x2a, 0x7b, 0x2a, 0x7b, 0x2a, 0x7b, 0x2a,
  0x7b, 0x2a, 0x7b, 0x2a, 0x7b, 0x2a, 0x7b, 0x2a, 0x7b, 0x2a, 0x7b, 0x2a, 0x7b, 0x2a, 0x7b, 0x2a, 0x7b, 0x2a, 0x7b, 0x2a, 0x7b, 0x2a, 0x7b, 0x2a, 0x7b, 0x2a, 0x7b, 0x2a, 0x7b, 0x2a, 0x7b, 0x2a,
  0x7b, 0x2a, 0x7b, 0x2a, 0x7b, 0x2a, 0x7b, 0x2a, 0x7b, 0x2a, 0x7b, 0x2a, 0x7b, 0x2a, 0x7b, 0x2a, 0x7b, 0x2a, 0xdb, 0x3a, 0x7b, 0x2a, 0x7b, 0x2a, 0x7b, 0x2a, 0x7b, 0x2a, 0x7b, 0x2a, 0x7b, 0x2a,
  0x7b, 0x2a, 0x7b, 0x2a, 0x7b, 0x2a, 0x7b, 0x2a, 0x7b, 0x2a, 0x7b, 0x2a, 0x7b, 0x2a, 0x7b, 0x2a, 0x7b, 0x2a, 0x7b, 0x2a, 0x7b, 0x2a, 0x7b, 0x2a, 0x7b, 0x2a, 0x7b, 0x2a, 0x7b, 0x2a, 0x7b, 0x2a,
  0x7b, 0x2a, 0x7b, 0x2a, 0x7b, 0x2a, 0x7b, 0x2a, 0x7b, 0x2a, 0x7b, 0x2a, 0x7b, 0x2a, 0x7b, 0x2a, 0x7b, 0x2a, 0x7b, 0x2a, 0x7b, 0x2a, 0xdb, 0x3a, 0x7b, 0x2a, 0x7b, 0x2a, 0x7b, 0x2a, 0x7b, 0x2a,
  0x7b, 0x2a, 0x7b, 0x2a, 0x7b, 0x2a, 0x7b, 0x2a, 0x7b, 0x2a, 0x7b, 0x2a, 0x7b, 0x2a, 0x7b, 0x2a, 0x7b, 0x2a, 0x7b, 0x2a, 0x7b, 0x2a, 0x7b, 0x2a, 0x7b, 0x2a, 0x7b, 0x2a, 0x7b, 0x2a, 0x7b, 0x2a,
  0x7b, 0x2a, 0x7b, 0x2a, 0x7b, 0x2a, 0x7b, 0x2a, 0x7b, 0x2a, 0x7b, 0x2a, 0x7b, 0x2a, 0x7b, 0x2a, 0x7b, 0x2a, 0x7b, 0x2a, 0x7b, 0x2a, 0x7b, 0x2a, 0x7b, 0x2a, 0xdb, 0x3a, 0x7b, 0x2a, 0x7b, 0x2a,
  0x7b, 0x2a, 0x7b, 0x2a, 0x7b, 0x2a, 0x7b, 0x2a, 0x7b, 0x2a, 0x7b, 0x2a, 0x7b, 0x2a, 0x7b, 0x2a, 0x7b, 0x2a, 0x7b, 0x2a, 0xdb, 0x3a, 0x7b, 0x2a, 0x7b, 0x2a, 0x7b, 0x2a, 0x7b, 0x2a, 0x7b, 0x2a,
  0x7b, 0x2a, 0x7b, 0x2a, 0x7b, 0x2a, 0x7b, 0x2a, 0x7b, 0x2a, 0x7b, 0x2a, 0x7b, 0x2a, 0x7b, 0x2a, 0x7b, 0x2a, 0x7b, 0x2a, 0x7b, 0x2a, 0x7b, 0x2a, 0x7b, 0x2a, 0x7b, 0x2a, 0x7b, 0x2a, 0x7b, 0x2a,
  0x7b, 0x2a, 0x7b, 0x2a, 0x7b, 0x2a, 0x7b, 0x2a, 0x7b, 0x2a, 0x7b, 0x2a, 0x7b, 0x2a, 0x7b, 0x2a, 0x36, 0x2a, 0x32, 0x32, 0xee, 0x39, 0xee, 0x39, 0x0d, 0x42, 0xed, 0x39, 0xed, 0x39, 0xed, 0x39,
  0xed, 0x39, 0xed, 0x39, 0xee, 0x39, 0xee, 0x39, 0xee, 0x39, 0xee, 0x39, 0xee, 0x39, 0x11, 0x32, 0x0f, 0x3a, 0x11, 0x32, 0x0e, 0x32, 0x32, 0x32, 0x37, 0x2a, 0x7b, 0x2a, 0x7b, 0x2a, 0x7b, 0x2a,
  0x7b, 0x2a, 0x7b, 0x2a, 0x7b, 0x2a, 0x7b, 0x2a, 0x7b, 0x2a, 0x79, 0x2a, 0x34, 0x32, 0x32, 0x32, 0xf0, 0x39, 0xcd, 0x39, 0xcc, 0x39, 0xee, 0x39, 0x0e, 0x3a, 0x0f, 0x3a, 0x2f, 0x42, 0xee, 0x39,
  0xee, 0x39, 0xee, 0x39, 0xee, 0x39, 0xee, 0x39, 0xee, 0x39, 0xee, 0x39, 0xee, 0x39, 0xee, 0x39, 0xee, 0x39, 0xee, 0x39, 0xee, 0x39, 0xef, 0x39, 0xef, 0x39, 0xef, 0x39, 0x12, 0x3a, 0x77, 0x32,
  0x7a, 0x2a, 0x7b, 0x2a, 0x7a, 0x2a, 0x34, 0x32, 0xef, 0x39, 0xcd, 0x39, 0xed, 0x39, 0xcc, 0x39, 0xcc, 0x39, 0xcc, 0x39, 0xed, 0x39, 0xee, 0x39, 0xee, 0x39, 0xed, 0x39, 0xee, 0x39, 0xee, 0x39,
  0x2e, 0x42, 0xee, 0x39, 0xee, 0x39, 0xee, 0x39, 0xef, 0x39, 0xef, 0x39, 0x0f, 0x3a, 0x11, 0x32, 0x0f, 0x3a, 0x31, 0x32, 0x32, 0x32, 0x38, 0x2a, 0x7b, 0x2a, 0x7b, 0x2a, 0x7b, 0x2a, 0x7b, 0x2a,
  0x7b, 0x2a, 0x7b, 0x2a, 0x7b, 0x2a, 0x7b, 0x2a, 0x57, 0x32, 0x10, 0x3a, 0x11, 0x3a, 0x11, 0x32, 0x31, 0x32, 0x0f, 0x3a, 0xed, 0x39, 0x0e, 0x3a, 0x0f, 0x3a, 0x0f, 0x3a, 0xcc, 0x39, 0xcc, 0x39,
  0xee, 0x39, 0xee, 0x39, 0x2e, 0x42, 0xee, 0x39, 0xee, 0x39, 0xee, 0x39, 0xee, 0x39, 0xee, 0x39, 0xee, 0x39, 0xee, 0x39, 0xee, 0x39, 0x10, 0x3a, 0x35, 0x32, 0x5a, 0x2a, 0x7b, 0x2a, 0x7b, 0x2a,
  0x7b, 0x2a, 0x7b, 0x2a, 0x7b, 0x2a, 0x7b, 0x2a, 0x7b, 0x2a, 0x9b, 0x2a, 0x54, 0x32, 0x12, 0x32, 0xef, 0x39, 0xed, 0x39, 0xee, 0x39, 0xed, 0x39, 0xed, 0x39, 0xee, 0x39, 0xee, 0x39, 0xee, 0x39,
  0xed, 0x39, 0xed, 0x39, 0xed, 0x39, 0xed, 0x39, 0x2e, 0x42, 0xee, 0x39, 0x0f, 0x3a, 0x0f, 0x3a, 0x0f, 0x3a, 0x0f, 0x3a, 0xef, 0x39, 0xee, 0x39, 0xee, 0x39, 0x11, 0x3a, 0x32, 0x32, 0x56, 0x32,
  0x7b, 0x2a, 0x7b, 0x2a, 0x7b, 0x2a, 0x33, 0x32, 0x32, 0x32, 0xee, 0x39, 0xcd, 0x39, 0xcc, 0x39, 0xf0, 0x39, 0x10, 0x32, 0x77, 0x32, 0x7b, 0x2a, 0x7b, 0x2a, 0x7b, 0x2a, 0x7b, 0x2a, 0x7b, 0x2a,
  0x7b, 0x2a, 0x7b, 0x2a, 0x7b, 0x2a, 0x7b, 0x2a, 0x7b, 0x2a, 0x7b, 0x2a, 0xdb, 0x3a, 0x7b, 0x2a, 0x7b, 0x2a, 0x7b, 0x2a, 0x7b, 0x2a, 0x7b, 0x2a, 0x55, 0x32, 0x11, 0x32, 0x11, 0x32, 0x11, 0x32,
  0xef, 0x39, 0xee, 0x39, 0x33, 0x32, 0x77, 0x32, 0x7b, 0x2a, 0x7a, 0x2a, 0x31, 0x32, 0xee, 0x39, 0xee, 0x39, 0xee, 0x39, 0xee, 0x39, 0xee, 0x39, 0xee, 0x39, 0xef, 0x39, 0xef, 0x39, 0xee, 0x39,
  0x0f, 0x3a, 0xef, 0x39, 0xef, 0x39, 0x10, 0x3a, 0xef, 0x39, 0xee, 0x39, 0xee, 0x39, 0xee, 0x39, 0x2e, 0x42, 0xee, 0x39, 0xee, 0x39, 0xed, 0x39, 0x0e, 0x3a, 0xef, 0x39, 0x0f, 0x3a, 0x0f, 0x3a,
  0x10, 0x3a, 0x10, 0x3a, 0xee, 0x39, 0x10, 0x3a, 0x12, 0x32, 0x10, 0x32, 0x11, 0x32, 0x10, 0x3a, 0xf0, 0x39, 0xf0, 0x31, 0x54, 0x32, 0x78, 0x32, 0x7b, 0x2a, 0x7b, 0x2a, 0x7b, 0x2a, 0x7b, 0x2a,
  0x7b, 0x2a, 0x7b, 0x2a, 0x7b, 0x2a, 0x7b, 0x2a, 0x7b, 0x2a, 0x7b, 0x2a, 0x7b, 0x2a, 0x7b, 0x2a, 0x7b, 0x2a, 0x7b, 0x2a, 0xdb, 0x3a, 0x55, 0x32, 0x0f, 0x3a, 0x10, 0x3a, 0xf0, 0x39, 0x11, 0x3a,
  0x33, 0x32, 0x34, 0x32, 0x7b, 0x2a, 0x7b, 0x2a, 0x7b, 0x2a, 0x7b, 0x2a, 0x7b, 0x2a, 0x7b, 0x2a, 0x7b, 0x2a, 0x7b, 0x2a, 0x7b, 0x2a, 0x7b, 0x2a, 0x7b, 0x2a, 0x7b, 0x2a, 0x7b, 0x2a, 0x7b, 0x2a,
  0x7b, 0x2a, 0x7b, 0x2a, 0x7b, 0x2a, 0x7b, 0x2a, 0x7b, 0x2a, 0x7b, 0x2a, 0x7b, 0x2a, 0x7b, 0x2a, 0x7b, 0x2a, 0x7b, 0x2a, 0x7b, 0x2a, 0x7b, 0x2a, 0xdb, 0x3a, 0x7b, 0x2a, 0x7b, 0x2a, 0x7b, 0x2a,
  0x7b, 0x2a, 0x7b, 0x2a, 0x7b, 0x2a, 0x7b, 0x2a, 0x7b, 0x2a, 0x7b, 0x2a, 0x7b, 0x2a, 0x7b, 0x2a, 0x7b, 0x2a, 0xdb, 0x3a, 0x7b, 0x2a, 0x7b, 0x2a, 0x7b, 0x2a, 0x7b, 0x2a, 0x7b, 0x2a, 0x7b, 0x2a,
  0x7b, 0x2a, 0x7b, 0x2a, 0x7b, 0x2a, 0x7b, 0x2a, 0x7b, 0x2a, 0x7b, 0x2a, 0x7b, 0x2a, 0x7b, 0x2a, 0x7b, 0x2a, 0x7b, 0x2a, 0x7b, 0x2a, 0x7b, 0x2a, 0x7b, 0x2a, 0x7b, 0x2a, 0x7b, 0x2a, 0x7b, 0x2a,
  0x7b, 0x2a, 0x7b, 0x2a, 0x7b, 0x2a, 0x7b, 0x2a, 0x7b, 0x2a, 0x7b, 0x2a, 0x7b, 0x2a, 0xee, 0x39, 0xc7, 0x9b, 0x8b, 0xdd, 0x69, 0xd5, 0x69, 0xdd, 0x69, 0xdd, 0x49, 0xdd, 0x48, 0xd5, 0x49, 0xd5,
  0x49, 0xdd, 0x49, 0xdd, 0x49, 0xdd, 0x49, 0xdd, 0x49, 0xdd, 0x49, 0xdd, 0x49, 0xdd, 0x49, 0xdd, 0x49, 0xd5, 0x69, 0xd5, 0x49, 0xd5, 0x8b, 0xd5, 0xc8, 0x8b, 0xf6, 0x21, 0x7b, 0x2a, 0x7b, 0x2a,
  0x7b, 0x2a, 0x7b, 0x2a, 0x7b, 0x2a, 0x9b, 0x2a, 0x59, 0x2a, 0xee, 0x5a, 0x4a, 0xc5, 0x6a, 0xd5, 0x49, 0xdd, 0x29, 0xdd, 0x48, 0xdd, 0x48, 0xd5, 0x48, 0xd5, 0x49, 0xd5, 0x49, 0xd5, 0x49, 0xdd,
  0x49, 0xdd, 0x49, 0xdd, 0x49, 0xdd, 0x49, 0xdd, 0x49, 0xdd, 0x49, 0xdd, 0x49, 0xdd, 0x49, 0xdd, 0x49, 0xdd, 0x49, 0xdd, 0x49, 0xd5, 0x48, 0xd5, 0x29, 0xd5, 0x29, 0xd5, 0x8d, 0xd5, 0x6a, 0x9c,
  0x75, 0x32, 0x7b, 0x2a, 0x2f, 0x42, 0xaa, 0xbc, 0x6a, 0xd5, 0x29, 0xd5, 0x49, 0xdd, 0x49, 0xdd, 0x49, 0xdd, 0x49, 0xdd, 0x48, 0xd5, 0x48, 0xd5, 0x48, 0xd5, 0x48, 0xdd, 0x49, 0xdd, 0x49, 0xdd,
  0x49, 0xdd, 0x49, 0xdd, 0x49, 0xd5, 0x49, 0xd5, 0x49, 0xd5, 0x49, 0xd5, 0x49, 0xd5, 0x48, 0xd5, 0x49, 0xd5, 0x6a, 0xd5, 0x6b, 0xd5, 0xe7, 0x72, 0x17, 0x22, 0x7b, 0x2a, 0x7b, 0x2a, 0x7b, 0x2a,
  0x7b, 0x2a, 0x7b, 0x2a, 0x7b, 0x2a, 0x16, 0x22, 0xaa, 0x8b, 0xab, 0xdd, 0x28, 0xd5, 0x49, 0xd5, 0x49, 0xd5, 0x68, 0xd5, 0x48, 0xdd, 0x48, 0xd5, 0x48, 0xd5, 0x48, 0xd5, 0x49, 0xdd, 0x49, 0xdd,
  0x49, 0xdd, 0x49, 0xdd, 0x49, 0xdd, 0x69, 0xdd, 0x49, 0xdd, 0x49, 0xdd, 0x49, 0xd5, 0x49, 0xdd, 0x49, 0xd5, 0x49, 0xd5, 0x49, 0xd5, 0x49, 0xd5, 0x09, 0xc5, 0x08, 0x4a, 0x59, 0x2a, 0x7b, 0x2a,
  0x7b, 0x2a, 0x7b, 0x2a, 0x7b, 0x2a, 0x9b, 0x2a, 0x7b, 0x2a, 0xf0, 0x5a, 0x6b, 0xcd, 0x49, 0xd5, 0x29, 0xdd, 0x48, 0xdd, 0x48, 0xdd, 0x48, 0xdd, 0x48, 0xdd, 0x48, 0xd5, 0x48, 0xd5, 0x49, 0xdd,
  0x49, 0xdd, 0x48, 0xdd, 0x48, 0xdd, 0x48, 0xdd, 0x49, 0xdd, 0x49, 0xdd, 0x48, 0xd5, 0x48, 0xd5, 0x48, 0xd5, 0x48, 0xd5, 0x49, 0xdd, 0x29, 0xd5, 0x29, 0xd5, 0x2a, 0xcd, 0x8d, 0xcd, 0x4a, 0x9c,
  0x14, 0x2a, 0x7b, 0x2a, 0x30, 0x42, 0xaa, 0xb4, 0x8a, 0xd5, 0x48, 0xd5, 0x28, 0xdd, 0x08, 0xd5, 0x29, 0xd5, 0x6b, 0xcd, 0xec, 0xb4, 0x75, 0x3a, 0x7b, 0x2a, 0x7b, 0x2a, 0x7b, 0x2a, 0x7b, 0x2a,
  0x7b, 0x2a, 0x7b, 0x2a, 0x7b, 0x2a, 0x7b, 0x2a, 0x7b, 0x2a, 0xdb, 0x3a, 0x7b, 0x2a, 0x7b, 0x2a, 0x7b, 0x2a, 0x7b, 0x2a, 0x7b, 0x2a, 0x55, 0x32, 0x69, 0xac, 0x8b, 0xd5, 0x49, 0xd5, 0x49, 0xd5,
  0x49, 0xd5, 0x28, 0xd5, 0x8b, 0xd5, 0xcc, 0xb4, 0xee, 0x31, 0x6b, 0x52, 0x4b, 0xd5, 0x49, 0xd5, 0x48, 0xd5, 0x49, 0xd5, 0x49, 0xd5, 0x49, 0xd5, 0x49, 0xd5, 0x49, 0xd5, 0x49, 0xdd, 0x49, 0xdd,
  0x49, 0xd5, 0x48, 0xdd, 0x48, 0xd5, 0x48, 0xdd, 0x49, 0xdd, 0x49, 0xdd, 0x49, 0xdd, 0x49, 0xdd, 0x49, 0xdd, 0x49, 0xdd, 0x49, 0xdd, 0x48, 0xdd, 0x48, 0xdd, 0x48, 0xd5, 0x49, 0xd5, 0x49, 0xd5,
  0x49, 0xd5, 0x29, 0xd5, 0x49, 0xd5, 0x08, 0xcd, 0x28, 0xcd, 0x49, 0xd5, 0x48, 0xd5, 0x49, 0xdd, 0x29, 0xd5, 0x29, 0xd5, 0x8d, 0xd5, 0x0e, 0x84, 0x7b, 0x2a, 0x7b, 0x2a, 0x7b, 0x2a, 0x7b, 0x2a,
  0x7b, 0x2a, 0x7b, 0x2a, 0x7b, 0x2a, 0x7b, 0x2a, 0x7b, 0x2a, 0x7b, 0x2a, 0x7b, 0x2a, 0x7b, 0x2a, 0x7b, 0x2a, 0xdb, 0x3a, 0x35, 0x2a, 0xc7, 0x93, 0x8a, 0xdd, 0x29, 0xdd, 0x49, 0xdd, 0x69, 0xdd,
  0x8b, 0xdd, 0xce, 0xac, 0x7b, 0x2a, 0x7b, 0x2a, 0x7b, 0x2a, 0x7b, 0x2a, 0x7b, 0x2a, 0x7b, 0x2a, 0x7b, 0x2a, 0x7b, 0x2a, 0x7b, 0x2a, 0x7b, 0x2a, 0x7b, 0x2a, 0x7b, 0x2a, 0x7b, 0x2a, 0x7b, 0x2a,
  0x7b, 0x2a, 0x7b, 0x2a, 0x7b, 0x2a, 0x7b, 0x2a, 0x7b, 0x2a, 0x7b, 0x2a, 0x7b, 0x2a, 0x7b, 0x2a, 0x7b, 0x2a, 0x7b, 0x2a, 0x7b, 0x2a, 0xdb, 0x3a, 0x7b, 0x2a, 0x7b, 0x2a, 0x7b, 0x2a, 0x7b, 0x2a,
  0x7b, 0x2a, 0x7b, 0x2a, 0x7b, 0x2a, 0x7b, 0x2a, 0x7b, 0x2a, 0x7b, 0x2a, 0x7b, 0x2a, 0x7b, 0x2a, 0xdb, 0x3a, 0x7b, 0x2a, 0x7b, 0x2a, 0x7b, 0x2a, 0x7b, 0x2a, 0x7b, 0x2a, 0x7b, 0x2a, 0x7b, 0x2a,
  0x7b, 0x2a, 0x7b, 0x2a, 0x7b, 0x2a, 0x7b, 0x2a, 0x7b, 0x2a, 0x7b, 0x2a, 0x7b, 0x2a, 0x7b, 0x2a, 0x7b, 0x2a, 0x7b, 0x2a, 0x7b, 0x2a, 0x7b, 0x2a, 0x7b, 0x2a, 0x7b, 0x2a, 0x7b, 0x2a, 0x7b, 0x2a,
  0x7b, 0x2a, 0x7b, 0x2a, 0x7b, 0x2a, 0x7b, 0x2a, 0x7b, 0x2a, 0x90, 0x21, 0xcc, 0x62, 0x08, 0xc5, 0xc8, 0xed, 0x64, 0xed, 0x83, 0xed, 0x84, 0xf5, 0x84, 0xed, 0x63, 0xed, 0x63, 0xed, 0x63, 0xed,
  0x64, 0xed, 0x64, 0xf5, 0x64, 0xf5, 0x64, 0xf5, 0x64, 0xf5, 0x64, 0xf5, 0x64, 0xf5, 0x64, 0xf5, 0x64, 0xf5, 0x63, 0xed, 0x64, 0xed, 0x86, 0xed, 0x89, 0xe5, 0x46, 0x83, 0x15, 0x2a, 0x7b, 0x2a,
  0x7b, 0x2a, 0x7b, 0x2a, 0x7b, 0x2a, 0x7b, 0x2a, 0xb2, 0x21, 0x86, 0x93, 0x08, 0xee, 0x64, 0xe5, 0x64, 0xed, 0x65, 0xf5, 0x64, 0xf5, 0x83, 0xed, 0x83, 0xed, 0x84, 0xed, 0x64, 0xf5, 0x64, 0xf5,
  0x64, 0xf5, 0x64, 0xf5, 0x64, 0xf5, 0x84, 0xf5, 0x84, 0xf5, 0x64, 0xf5, 0x64, 0xf5, 0x64, 0xf5, 0x64, 0xf5, 0x64, 0xf5, 0x64, 0xf5, 0x64, 0xf5, 0x64, 0xf5, 0x64, 0xed, 0xc9, 0xe5, 0x89, 0x83,
  0x36, 0x2a, 0x16, 0x2a, 0xe7, 0x72, 0xa9, 0xe5, 0x64, 0xe5, 0x64, 0xed, 0x64, 0xed, 0x64, 0xed, 0x83, 0xed, 0x83, 0xed, 0x84, 0xed, 0x84, 0xed, 0x84, 0xed, 0x84, 0xf5, 0x64, 0xed, 0x64, 0xed,
  0x84, 0xf5, 0x64, 0xf5, 0x64, 0xed, 0x64, 0xed, 0x64, 0xed, 0x64, 0xed, 0x83, 0xed, 0x83, 0xf5, 0x63, 0xed, 0x64, 0xed, 0x66, 0xed, 0x89, 0xdd, 0xc6, 0x72, 0x15, 0x22, 0x7b, 0x2a, 0x7b, 0x2a,
  0x7b, 0x2a, 0x7b, 0x2a, 0x7b, 0x2a, 0x52, 0x3a, 0x86, 0xbc, 0xc6, 0xf5, 0x64, 0xf5, 0x64, 0xf5, 0x64, 0xed, 0x63, 0xf5, 0x63, 0xf5, 0x64, 0xf5, 0x64, 0xed, 0x64, 0xed, 0x64, 0xf5, 0x64, 0xf5,
  0x64, 0xed, 0x64, 0xf5, 0x84, 0xf5, 0x84, 0xf5, 0x63, 0xed, 0x63, 0xed, 0x63, 0xed, 0x64, 0xed, 0x63, 0xed, 0x63, 0xed, 0x63, 0xed, 0x64, 0xed, 0xa7, 0xe5, 0x09, 0xc5, 0x08, 0x4a, 0x5a, 0x2a,
  0x7b, 0x2a, 0x7b, 0x2a, 0x7b, 0x2a, 0x7b, 0x2a, 0x16, 0x2a, 0xa8, 0x8b, 0xc8, 0xed, 0x24, 0xed, 0x44, 0xfd, 0x64, 0xf5, 0x64, 0xf5, 0x64, 0xf5, 0x64, 0xf5, 0x84, 0xf5, 0x84, 0xf5, 0x63, 0xf5,
  0x63, 0xf5, 0x63, 0xf5, 0x63, 0xf5, 0x63, 0xf5, 0x63, 0xf5, 0x64, 0xf5, 0x64, 0xf5, 0x63, 0xf5, 0x63, 0xf5, 0x64, 0xf5, 0x64, 0xf5, 0x44, 0xf5, 0x64, 0xed, 0x45, 0xe5, 0xca, 0xe5, 0x89, 0x83,
  0x37, 0x2a, 0x38, 0x2a, 0xa7, 0x6a, 0xa9, 0xe5, 0x85, 0xe5, 0x63, 0xed, 0x64, 0xf5, 0x44, 0xf5, 0x64, 0xe5, 0xe9, 0xed, 0xa9, 0x8b, 0x15, 0x2a, 0x7b, 0x2a, 0x7b, 0x2a, 0x7b, 0x2a, 0x7b, 0x2a,
  0x7b, 0x2a, 0x7b, 0x2a, 0x7b, 0x2a, 0x7b, 0x2a, 0xdb, 0x3a, 0x7b, 0x2a, 0x7b, 0x2a, 0x7b, 0x2a, 0x7b, 0x2a, 0x7b, 0x2a, 0x7b, 0x2a, 0x47, 0x5a, 0x89, 0xe5, 0x65, 0xe5, 0x64, 0xed, 0x64, 0xf5,
  0x63, 0xed, 0x43, 0xe5, 0xc8, 0xed, 0x6a, 0xac, 0xa6, 0x28, 0xe9, 0xa3, 0x88, 0xed, 0x64, 0xed, 0x64, 0xed, 0x64, 0xf5, 0x64, 0xf5, 0x64, 0xf5, 0x64, 0xf5, 0x64, 0xf5, 0x64, 0xf5, 0x64, 0xf5,
  0x84, 0xf5, 0x83, 0xf5, 0x83, 0xf5, 0x83, 0xf5, 0x64, 0xf5, 0x64, 0xf5, 0x64, 0xf5, 0x64, 0xf5, 0x64, 0xf5, 0x64, 0xf5, 0x63, 0xf5, 0x63, 0xf5, 0x64, 0xed, 0x64, 0xed, 0x84, 0xed, 0x64, 0xed,
  0x64, 0xf5, 0x64, 0xed, 0x65, 0xed, 0xe2, 0xdc, 0x84, 0xed, 0x83, 0xed, 0x63, 0xed, 0x43, 0xed, 0x63, 0xf5, 0x65, 0xed, 0xc9, 0xe5, 0xc6, 0x6a, 0x7b, 0x2a, 0x7b, 0x2a, 0x7b, 0x2a, 0x7b, 0x2a,
  0x7b, 0x2a, 0x7b, 0x2a, 0x7b, 0x2a, 0x7b, 0x2a, 0x7b, 0x2a, 0x7b, 0x2a, 0x7b, 0x2a, 0x7b, 0x2a, 0xdb, 0x3a, 0x7b, 0x2a, 0x72, 0x42, 0x49, 0xd5, 0x85, 0xed, 0x64, 0xf5, 0x63, 0xf5, 0x64, 0xed,
  0xa6, 0xed, 0xcb, 0xb4, 0x38, 0x22, 0x7b, 0x2a, 0x7b, 0x2a, 0x7b, 0x2a, 0x7b, 0x2a, 0x7b, 0x2a, 0x7b, 0x2a, 0x7b, 0x2a, 0x7b, 0x2a, 0x7b, 0x2a, 0x7b, 0x2a, 0x7b, 0x2a, 0x7b, 0x2a, 0x7b, 0x2a,
  0x7b, 0x2a, 0x7b, 0x2a, 0x7b, 0x2a, 0x7b, 0x2a, 0x7b, 0x2a, 0x7b, 0x2a, 0x7b, 0x2a, 0x7b, 0x2a, 0x7b, 0x2a, 0x7b, 0x2a, 0xdb, 0x3a, 0x7b, 0x2a, 0x7b, 0x2a, 0x7b, 0x2a, 0x7b, 0x2a, 0x7b, 0x2a,
  0x9b, 0x32, 0x9b, 0x32, 0x9b, 0x32, 0x9b, 0x32, 0x9b, 0x32, 0x9b, 0x32, 0x9b, 0x32, 0xfb, 0x42, 0x9b, 0x32, 0x9b, 0x32, 0x9b, 0x32, 0x9b, 0x32, 0x9b, 0x32, 0x9b, 0x32, 0x9b, 0x32, 0x9b, 0x32,
  0x9b, 0x32, 0x9b, 0x32, 0x9b, 0x32, 0x9b, 0x32, 0x9b, 0x32, 0x9b, 0x32, 0x9b, 0x32, 0x9b, 0x32, 0x9b, 0x32, 0x9b, 0x32, 0x9b, 0x32, 0x9b, 0x32, 0x9b, 0x32, 0x9b, 0x32, 0x9b, 0x32, 0x9b, 0x32,
  0x9b, 0x32, 0x9b, 0x32, 0x9b, 0x32, 0x59, 0x2a, 0x4c, 0x4a, 0x26, 0xac, 0x88, 0xe5, 0xa7, 0xed, 0x63, 0xed, 0x62, 0xf5, 0x62, 0xf5, 0x62, 0xf5, 0x62, 0xf5, 0x62, 0xf5, 0x62, 0xf5, 0x62, 0xf5,
  0x62, 0xf5, 0x42, 0xf5, 0x42, 0xf5, 0x42, 0xf5, 0x62, 0xf5, 0x61, 0xf5, 0x61, 0xf5, 0x61, 0xf5, 0x41, 0xf5, 0x42, 0xf5, 0x42, 0xf5, 0x43, 0xed, 0x65, 0xed, 0xc9, 0xed, 0xa7, 0x8b, 0x57, 0x32,
  0x9b, 0x32, 0x9b, 0x32, 0x9b, 0x32, 0x9b, 0x32, 0x71, 0x4a, 0x28, 0xd5, 0x85, 0xed, 0x62, 0xed, 0x42, 0xf5, 0x43, 0xfd, 0x43, 0xf5, 0x82, 0xf5, 0x61, 0xed, 0x82, 0xf5, 0x62, 0xf5, 0x42, 0xfd,
  0x42, 0xfd, 0x62, 0xf5, 0x61, 0xf5, 0x61, 0xf5, 0x61, 0xf5, 0x62, 0xf5, 0x62, 0xf5, 0x62, 0xf5, 0x62, 0xf5, 0x42, 0xf5, 0x42, 0xf5, 0x42, 0xf5, 0x42, 0xf5, 0x63, 0xf5, 0x47, 0xdd, 0xef, 0x62,
  0x7a, 0x32, 0x33, 0x3a, 0x45, 0xb4, 0xc7, 0xed, 0x43, 0xed, 0x63, 0xf5, 0x62, 0xf5, 0x61, 0xf5, 0x62, 0xf5, 0x42, 0xf5, 0x62, 0xf5, 0x62, 0xf5, 0x62, 0xf5, 0x62, 0xf5, 0x42, 0xf5, 0x62, 0xf5,
  0x61, 0xf5, 0x61, 0xf5, 0x62, 0xf5, 0x62, 0xf5, 0x62, 0xf5, 0x62, 0xf5, 0x62, 0xf5, 0x62, 0xf5, 0x62, 0xf5, 0x63, 0xf5, 0x44, 0xf5, 0x65, 0xed, 0xa8, 0xe5, 0xa4, 0x72, 0x37, 0x2a, 0x9b, 0x32,
  0x9b, 0x32, 0x9b, 0x32, 0x9b, 0x32, 0xb0, 0x52, 0x68, 0xdd, 0x64, 0xed, 0x62, 0xed, 0x61, 0xed, 0x82, 0xf5, 0x62, 0xfd, 0x42, 0xf5, 0x42, 0xf5, 0x61, 0xf5, 0x61, 0xf5, 0x62, 0xf5, 0x62, 0xf5,
  0x62, 0xf5, 0x62, 0xf5, 0x62, 0xf5, 0x61, 0xf5, 0x42, 0xf5, 0x41, 0xf5, 0x62, 0xf5, 0x62, 0xf5, 0x62, 0xfd, 0x61, 0xf5, 0x62, 0xfd, 0x62, 0xf5, 0x63, 0xed, 0xa7, 0xed, 0x28, 0xcd, 0x0a, 0x42,
  0x9b, 0x32, 0x9b, 0x32, 0x9b, 0x32, 0x9b, 0x32, 0x50, 0x42, 0x07, 0xcd, 0xa6, 0xf5, 0x63, 0xf5, 0x43, 0xf5, 0x43, 0xfd, 0x42, 0xf5, 0x62, 0xf5, 0x62, 0xf5, 0x42, 0xf5, 0x62, 0xf5, 0x42, 0xf5,
  0x62, 0xf5, 0x62, 0xf5, 0x62, 0xf5, 0x62, 0xf5, 0x61, 0xf5, 0x62, 0xf5, 0x62, 0xf5, 0x42, 0xfd, 0x42, 0xfd, 0x42, 0xf5, 0x42, 0xf5, 0x62, 0xf5, 0x42, 0xf5, 0x64, 0xed, 0x68, 0xe5, 0xce, 0x62,
  0x9b, 0x32, 0x54, 0x3a, 0x05, 0xac, 0xa7, 0xed, 0x43, 0xed, 0x42, 0xf5, 0x62, 0xf5, 0x62, 0xf5, 0x64, 0xe5, 0xa8, 0xdd, 0xad, 0x5a, 0x9b, 0x32, 0xbb, 0x32, 0x9b, 0x32, 0x9b, 0x32, 0x9b, 0x32,
  0x9b, 0x32, 0x9b, 0x32, 0x9b, 0x32, 0xfb, 0x42, 0x9b, 0x32, 0x9b, 0x32, 0x9b, 0x32, 0x9b, 0x32, 0x9b, 0x32, 0x9b, 0x32, 0x7a, 0x32, 0xa4, 0x9b, 0xa7, 0xed, 0x43, 0xed, 0x42, 0xed, 0x62, 0xf5,
  0x62, 0xf5, 0x63, 0xed, 0xa8, 0xed, 0xe9, 0x72, 0xa7, 0x49, 0x06, 0xd5, 0x64, 0xed, 0x63, 0xf5, 0x62, 0xf5, 0x62, 0xf5, 0x62, 0xf5, 0x62, 0xf5, 0x62, 0xf5, 0x42, 0xf5, 0x62, 0xf5, 0x62, 0xf5,
  0x62, 0xf5, 0x62, 0xf5, 0x41, 0xf5, 0x62, 0xfd, 0x62, 0xfd, 0x62, 0xfd, 0x42, 0xf5, 0x62, 0xf5, 0x62, 0xfd, 0x41, 0xfd, 0x42, 0xfd, 0x42, 0xfd, 0x62, 0xf5, 0x62, 0xf5, 0x62, 0xf5, 0x62, 0xf5,
  0x62, 0xf5, 0x63, 0xf5, 0x43, 0xed, 0x02, 0xe5, 0x83, 0xf5, 0x63, 0xf5, 0x62, 0xf5, 0x62, 0xfd, 0x62, 0xf5, 0x43, 0xe5, 0x89, 0xd5, 0x0d, 0x42, 0x9b, 0x32, 0x9b, 0x32, 0x9b, 0x32, 0x9b, 0x32,
  0x9b, 0x32, 0x9b, 0x32, 0x9b, 0x32, 0x9b, 0x32, 0x9b, 0x32, 0x9b, 0x32, 0x9b, 0x32, 0xfb, 0x42, 0x9b, 0x32, 0x7a, 0x32, 0xc6, 0x6a, 0xe9, 0xed, 0x42, 0xed, 0x62, 0xfd, 0x62, 0xf5, 0x82, 0xf5,
  0x85, 0xed, 0xaa, 0xbc, 0x58, 0x2a, 0x9b, 0x32, 0x9b, 0x32, 0x9b, 0x32, 0x9b, 0x32, 0x9b, 0x32, 0x9b, 0x32, 0x9b, 0x32, 0x9b, 0x32, 0x9b, 0x32, 0x9b, 0x32, 0x9b, 0x32, 0x9b, 0x32, 0x9b, 0x32,
  0x9b, 0x32, 0x9b, 0x32, 0x9b, 0x32, 0x9b, 0x32, 0x9b, 0x32, 0x9b, 0x32, 0x9b, 0x32, 0x9b, 0x32, 0x9b, 0x32, 0xfb, 0x42, 0x9b, 0x32, 0x9b, 0x32, 0x9b, 0x32, 0x9b, 0x32, 0x9b, 0x32, 0x9b, 0x32,
  0xbb, 0x32, 0xbb, 0x32, 0xbb, 0x32, 0xbb, 0x32, 0xbb, 0x32, 0xbb, 0x32, 0x1b, 0x43, 0xbb, 0x32, 0xbb, 0x32, 0xbb, 0x32, 0xbb, 0x32, 0xbb, 0x32, 0xbb, 0x32, 0xbb, 0x32, 0xbb, 0x32, 0xbb, 0x32,
  0xbb, 0x32, 0xbb, 0x32, 0xbb, 0x32, 0xbb, 0x32, 0xbb, 0x32, 0xbb, 0x32, 0xbb, 0x32, 0xbb, 0x32, 0xbb, 0x32, 0xbb, 0x32, 0xbb, 0x32, 0xbb, 0x32, 0xbb, 0x32, 0xbb, 0x32, 0xbb, 0x32, 0xbb, 0x32,
  0xbb, 0x32, 0xbb, 0x32, 0x9a, 0x32, 0x6b, 0x52, 0x4a, 0xd5, 0xa7, 0xf5, 0x65, 0xed, 0x42, 0xf5, 0x62, 0xfd, 0x62, 0xfd, 0x42, 0xf5, 0x42, 0xed, 0x43, 0xed, 0x43, 0xed, 0x43, 0xed, 0x43, 0xed,
  0x43, 0xed, 0x43, 0xed, 0x43, 0xed, 0x22, 0xed, 0x43, 0xed, 0x43, 0xed, 0x42, 0xed, 0x62, 0xf5, 0x62, 0xf5, 0x42, 0xf5, 0x42, 0xf5, 0x63, 0xf5, 0x43, 0xf5, 0x45, 0xed, 0xc9, 0xe5, 0xe7, 0x6a,
  0xbb, 0x32, 0xbb, 0x32, 0xbb, 0x32, 0x79, 0x32, 0x89, 0x62, 0xa9, 0xe5, 0x43, 0xed, 0x62, 0xf5, 0x62, 0xfd, 0x42, 0xfd, 0x43, 0xfd, 0x42, 0xf5, 0x42, 0xed, 0x42, 0xed, 0x62, 0xf5, 0x42, 0xf5,
  0x42, 0xfd, 0x42, 0xf5, 0x42, 0xf5, 0x42, 0xf5, 0x62, 0xf5, 0x62, 0xf5, 0x63, 0xf5, 0x43, 0xf5, 0x43, 0xf5, 0x43, 0xf5, 0x42, 0xf5, 0x42, 0xf5, 0x42, 0xf5, 0x64, 0xed, 0xe7, 0xcc, 0x6d, 0x4a,
  0xbb, 0x32, 0x2c, 0x4a, 0x26, 0xdd, 0x64, 0xed, 0x83, 0xf5, 0x43, 0xf5, 0x62, 0xf5, 0x82, 0xfd, 0x41, 0xf5, 0x43, 0xfd, 0x42, 0xf5, 0x43, 0xed, 0x43, 0xed, 0x43, 0xed, 0x43, 0xed, 0x43, 0xed,
  0x42, 0xed, 0x42, 0xed, 0x43, 0xed, 0x43, 0xed, 0x43, 0xed, 0x42, 0xf5, 0x42, 0xf5, 0x42, 0xf5, 0x62, 0xf5, 0x63, 0xf5, 0x42, 0xf5, 0x42, 0xf5, 0x85, 0xed, 0x69, 0xdd, 0x67, 0x62, 0xbb, 0x32,
  0xbb, 0x32, 0xbb, 0x32, 0x78, 0x2a, 0x84, 0x72, 0xa8, 0xed, 0x42, 0xed, 0x82, 0xf5, 0x61, 0xed, 0x62, 0xf5, 0x42, 0xfd, 0x42, 0xfd, 0x42, 0xf5, 0x41, 0xf5, 0x62, 0xf5, 0x42, 0xed, 0x62, 0xf5,
  0x43, 0xf5, 0x42, 0xf5, 0x62, 0xf5, 0x61, 0xf5, 0x42, 0xf5, 0x42, 0xf5, 0x62, 0xed, 0x42, 0xf5, 0x62, 0xfd, 0x61, 0xf5, 0x61, 0xf5, 0x62, 0xfd, 0x62, 0xf5, 0x43, 0xed, 0xa7, 0xed, 0xa9, 0xb4,
  0x51, 0x3a, 0xbb, 0x32, 0xbb, 0x32, 0x9a, 0x32, 0x69, 0x62, 0xa9, 0xed, 0x43, 0xed, 0x63, 0xf5, 0x63, 0xf5, 0x63, 0xfd, 0x62, 0xf5, 0x42, 0xf5, 0x63, 0xf5, 0x41, 0xed, 0x62, 0xf5, 0x43, 0xf5,
  0x43, 0xf5, 0x62, 0xed, 0x63, 0xed, 0x62, 0xed, 0x62, 0xed, 0x62, 0xed, 0x42, 0xf5, 0x42, 0xf5, 0x43, 0xf5, 0x42, 0xf5, 0x62, 0xed, 0x62, 0xf5, 0x42, 0xed, 0x85, 0xed, 0xe7, 0xcc, 0x0b, 0x4a,
  0x9a, 0x32, 0x6f, 0x42, 0x26, 0xd5, 0x64, 0xf5, 0x43, 0xf5, 0x42, 0xf5, 0x62, 0xf5, 0x62, 0xed, 0xa6, 0xed, 0xa7, 0xbc, 0xee, 0x31, 0xbb, 0x32, 0xbb, 0x32, 0xbb, 0x32, 0xbb, 0x32, 0xbb, 0x32,
  0xbb, 0x32, 0xbb, 0x32, 0x1b, 0x43, 0xbb, 0x32, 0xbb, 0x32, 0xbb, 0x32, 0xbb, 0x32, 0xbb, 0x32, 0xbb, 0x32, 0xbb, 0x32, 0x0d, 0x32, 0xe7, 0xcc, 0x84, 0xf5, 0x62, 0xf5, 0x62, 0xf5, 0x61, 0xf5,
  0x62, 0xf5, 0x84, 0xed, 0x48, 0xdd, 0x45, 0x39, 0x09, 0x73, 0xa6, 0xed, 0x43, 0xed, 0x42, 0xed, 0x42, 0xed, 0x42, 0xf5, 0x42, 0xf5, 0x42, 0xf5, 0x63, 0xed, 0x43, 0xed, 0x42, 0xf5, 0x62, 0xf5,
  0x42, 0xf5, 0x82, 0xf5, 0x62, 0xf5, 0x42, 0xfd, 0x42, 0xfd, 0x62, 0xfd, 0x62, 0xf5, 0x62, 0xf5, 0x62, 0xf5, 0x62, 0xf5, 0x42, 0xf5, 0x42, 0xf5, 0x42, 0xf5, 0x42, 0xf5, 0x42, 0xf5, 0x42, 0xf5,
  0x42, 0xf5, 0x63, 0xf5, 0xe2, 0xe4, 0x43, 0xe5, 0x83, 0xf5, 0x63, 0xf5, 0x43, 0xf5, 0x42, 0xfd, 0x42, 0xf5, 0xe6, 0xf5, 0x67, 0xac, 0x77, 0x32, 0xbb, 0x32, 0xbb, 0x32, 0xbb, 0x32, 0xbb, 0x32,
  0xbb, 0x32, 0xbb, 0x32, 0xbb, 0x32, 0xbb, 0x32, 0xbb, 0x32, 0xbb, 0x32, 0x1b, 0x43, 0xbb, 0x32, 0xbb, 0x32, 0xba, 0x32, 0xc4, 0x9b, 0xc6, 0xed, 0x62, 0xed, 0x62, 0xf5, 0x42, 0xf5, 0x42, 0xf5,
  0xa4, 0xf5, 0xca, 0xbc, 0x99, 0x2a, 0xbb, 0x32, 0xbb, 0x32, 0xbb, 0x32, 0xbb, 0x32, 0xbb, 0x32, 0xbb, 0x32, 0xbb, 0x32, 0xbb, 0x32, 0xbb, 0x32, 0xbb, 0x32, 0xbb, 0x32, 0xbb, 0x32, 0xbb, 0x32,
  0xbb, 0x32, 0xbb, 0x32, 0xbb, 0x32, 0xbb, 0x32, 0xbb, 0x32, 0xbb, 0x32, 0xbb, 0x32, 0xbb, 0x32, 0x1b, 0x43, 0xbb, 0x32, 0xbb, 0x32, 0xbb, 0x32, 0xbb, 0x32, 0xbb, 0x32, 0xbb, 0x32, 0xbb, 0x32,
  0x7b, 0x2a, 0x7b, 0x2a, 0x7b, 0x2a, 0x7b, 0x2a, 0x7b, 0x2a, 0x7b, 0x2a, 0xdb, 0x3a, 0x7b, 0x2a, 0x7b, 0x2a, 0x7b, 0x2a, 0x7b, 0x2a, 0x7b, 0x2a, 0x7b, 0x2a, 0x7b, 0x2a, 0x7b, 0x2a, 0x7b, 0x2a,
  0x7b, 0x2a, 0x7b, 0x2a, 0x7b, 0x2a, 0x7b, 0x2a, 0x7b, 0x2a, 0x7b, 0x2a, 0x7b, 0x2a, 0x7b, 0x2a, 0x7b, 0x2a, 0x7b, 0x2a, 0x7b, 0x2a, 0x7b, 0x2a, 0x7b, 0x2a, 0x7b, 0x2a, 0x7b, 0x2a, 0x7b, 0x2a,
  0x7b, 0x2a, 0x7b, 0x2a, 0x37, 0x2a, 0xa5, 0x9b, 0xc8, 0xf5, 0x43, 0xed, 0x43, 0xf5, 0x63, 0xfd, 0x42, 0xfd, 0x43, 0xf5, 0x64, 0xed, 0xc7, 0xfd, 0xc8, 0xf5, 0xe8, 0xf5, 0xe8, 0xf5, 0xe8, 0xf5,
  0xe8, 0xf5, 0xe8, 0xf5, 0x07, 0xf6, 0xe6, 0xf5, 0xe7, 0xf5, 0xc8, 0xfd, 0xe8, 0xfd, 0x84, 0xf5, 0x42, 0xf5, 0x62, 0xfd, 0x41, 0xfd, 0x42, 0xfd, 0x43, 0xfd, 0x43, 0xed, 0xc8, 0xed, 0x08, 0x9c,
  0x7a, 0x2a, 0x7b, 0x2a, 0x7b, 0x2a, 0xf5, 0x21, 0x23, 0x8b, 0xc7, 0xf5, 0x42, 0xf5, 0x42, 0xfd, 0x42, 0xfd, 0x42, 0xfd, 0x41, 0xf5, 0x83, 0xf5, 0x84, 0xed, 0xa5, 0xf5, 0x65, 0xed, 0x84, 0xed,
  0x85, 0xf5, 0x85, 0xf5, 0x85, 0xf5, 0x85, 0xf5, 0x85, 0xf5, 0x85, 0xf5, 0x65, 0xf5, 0x85, 0xed, 0x85, 0xed, 0x85, 0xed, 0x84, 0xed, 0x84, 0xed, 0x85, 0xed, 0xe9, 0xed, 0x89, 0xb4, 0xd2, 0x29,
  0x59, 0x2a, 0x42, 0x6a, 0xa7, 0xed, 0x62, 0xed, 0x61, 0xf5, 0x42, 0xf5, 0x62, 0xfd, 0x41, 0xf5, 0x63, 0xf5, 0xa5, 0xf5, 0xe7, 0xf5, 0xe7, 0xf5, 0xe8, 0xf5, 0x07, 0xf6, 0xe8, 0xf5, 0xe8, 0xf5,
  0xe8, 0xf5, 0xe8, 0xf5, 0xc8, 0xf5, 0xc7, 0xf5, 0xa7, 0xf5, 0xc6, 0xfd, 0x63, 0xf5, 0x62, 0xf5, 0x62, 0xf5, 0x62, 0xf5, 0x41, 0xf5, 0x61, 0xf5, 0x43, 0xe5, 0xc9, 0xe5, 0x87, 0x8b, 0x7b, 0x2a,
  0x7b, 0x2a, 0x7b, 0x2a, 0x37, 0x2a, 0x04, 0xac, 0xa6, 0xf5, 0x41, 0xf5, 0x61, 0xf5, 0x41, 0xf5, 0x42, 0xfd, 0x42, 0xfd, 0x43, 0xfd, 0x64, 0xf5, 0x65, 0xf5, 0x85, 0xf5, 0x65, 0xf5, 0x86, 0xf5,
  0x65, 0xf5, 0x65, 0xf5, 0x85, 0xf5, 0x84, 0xf5, 0x85, 0xf5, 0x85, 0xf5, 0xa5, 0xf5, 0xa4, 0xf5, 0x61, 0xf5, 0x81, 0xf5, 0x61, 0xf5, 0x42, 0xf5, 0x42, 0xf5, 0x43, 0xf5, 0x24, 0xe5, 0xaa, 0xdd,
  0x26, 0x52, 0x7b, 0x2a, 0x7b, 0x2a, 0x16, 0x22, 0x03, 0x8b, 0xc7, 0xfd, 0x21, 0xf5, 0x61, 0xfd, 0x61, 0xf5, 0x41, 0xf5, 0x82, 0xf5, 0x62, 0xed, 0x64, 0xed, 0x85, 0xed, 0xa4, 0xed, 0x85, 0xed,
  0x85, 0xf5, 0x85, 0xf5, 0xa4, 0xed, 0xa5, 0xed, 0xa5, 0xed, 0x84, 0xed, 0x84, 0xf5, 0x85, 0xf5, 0x85, 0xf5, 0x84, 0xf5, 0xa5, 0xed, 0xa4, 0xed, 0x85, 0xe5, 0x08, 0xee, 0x48, 0xac, 0x6d, 0x29,
  0x5a, 0x2a, 0x43, 0x62, 0xc8, 0xed, 0x43, 0xf5, 0x42, 0xfd, 0x42, 0xf5, 0x62, 0xf5, 0x43, 0xed, 0xa6, 0xf5, 0x86, 0x9b, 0x91, 0x21, 0x9b, 0x2a, 0x7b, 0x2a, 0x7b, 0x2a, 0x7b, 0x2a, 0x7b, 0x2a,
  0x7b, 0x2a, 0x7b, 0x2a, 0xdb, 0x3a, 0x7b, 0x2a, 0x7b, 0x2a, 0x7b, 0x2a, 0x7b, 0x2a, 0x7b, 0x2a, 0x7b, 0x2a, 0x7b, 0x2a, 0xa8, 0x62, 0xa7, 0xed, 0x42, 0xed, 0x41, 0xf5, 0x42, 0xf5, 0x42, 0xf5,
  0x62, 0xf5, 0xa5, 0xed, 0x46, 0xac, 0x0b, 0x21, 0xe6, 0x9b, 0x09, 0xee, 0x64, 0xed, 0x84, 0xf5, 0x85, 0xf5, 0x84, 0xf5, 0x84, 0xfd, 0x85, 0xf5, 0x85, 0xed, 0xa5, 0xf5, 0x84, 0xf5, 0x62, 0xf5,
  0x61, 0xf5, 0x61, 0xf5, 0x41, 0xf5, 0x42, 0xf5, 0x62, 0xfd, 0x42, 0xf5, 0x62, 0xf5, 0x84, 0xed, 0x85, 0xed, 0x84, 0xed, 0x85, 0xf5, 0x64, 0xf5, 0x85, 0xf5, 0x85, 0xf5, 0x85, 0xf5, 0x65, 0xf5,
  0x85, 0xf5, 0x85, 0xed, 0xe1, 0xdc, 0x42, 0xed, 0x82, 0xfd, 0x42, 0xfd, 0x42, 0xfd, 0x42, 0xf5, 0x63, 0xed, 0xc7, 0xed, 0xe6, 0x72, 0x38, 0x2a, 0x7b, 0x2a, 0x7b, 0x2a, 0x7b, 0x2a, 0x7b, 0x2a,
  0x7b, 0x2a, 0x7b, 0x2a, 0x7b, 0x2a, 0x7b, 0x2a, 0x7b, 0x2a, 0x7b, 0x2a, 0xdb, 0x3a, 0x7b, 0x2a, 0x7b, 0x2a, 0xb1, 0x29, 0xa6, 0xc4, 0x64, 0xed, 0x61, 0xf5, 0x62, 0xf5, 0x62, 0xf5, 0x43, 0xed,
  0xa4, 0xed, 0x89, 0xac, 0x59, 0x2a, 0x7b, 0x2a, 0x7b, 0x2a, 0x7b, 0x2a, 0x7b, 0x2a, 0x7b, 0x2a, 0x7b, 0x2a, 0x7b, 0x2a, 0x7b, 0x2a, 0x7b, 0x2a, 0x7b, 0x2a, 0x7b, 0x2a, 0x7b, 0x2a, 0x7b, 0x2a,
  0x7b, 0x2a, 0x7b, 0x2a, 0x7b, 0x2a, 0x7b, 0x2a, 0x7b, 0x2a, 0x7b, 0x2a, 0x7b, 0x2a, 0x7b, 0x2a, 0xdb, 0x3a, 0x7b, 0x2a, 0x7b, 0x2a, 0x7b, 0x2a, 0x7b, 0x2a, 0x7b, 0x2a, 0x7b, 0x2a, 0x7b, 0x2a,
  0x9b, 0x2a, 0x9b, 0x2a, 0x9b, 0x2a, 0x9b, 0x2a, 0x9b, 0x2a, 0xfb, 0x3a, 0x9b, 0x2a, 0x9b, 0x2a, 0x9b, 0x2a, 0x9b, 0x2a, 0x9b, 0x2a, 0x9b, 0x2a, 0x9b, 0x2a, 0x9b, 0x2a, 0x9b, 0x2a, 0x9b, 0x2a,
  0x9b, 0x2a, 0x9b, 0x2a, 0x9b, 0x2a, 0x9b, 0x2a, 0x9b, 0x2a, 0x9b, 0x2a, 0x9b, 0x2a, 0x9b, 0x2a, 0x9b, 0x2a, 0x9b, 0x2a, 0x9b, 0x2a, 0x9b, 0x2a, 0x9b, 0x2a, 0x9b, 0x2a, 0x9b, 0x2a, 0x9b, 0x2a,
  0x9b, 0x2a, 0x9b, 0x2a, 0x0e, 0x3a, 0xe7, 0xd4, 0x64, 0xed, 0x62, 0xf5, 0x43, 0xf5, 0x43, 0xf5, 0x63, 0xf5, 0x64, 0xed, 0x06, 0xd5, 0xe4, 0x8a, 0x49, 0x83, 0x4c, 0x7b, 0x6c, 0x7b, 0x6c, 0x7b,
  0x4c, 0x7b, 0x6d, 0x7b, 0x6d, 0x73, 0x6b, 0x7b, 0x4b, 0x7b, 0x29, 0x83, 0xc6, 0x8a, 0x85, 0xd4, 0x63, 0xf5, 0x42, 0xf5, 0x41, 0xf5, 0x41, 0xfd, 0x42, 0xf5, 0x63, 0xed, 0xa7, 0xed, 0x6a, 0x52,
  0x9b, 0x2a, 0x9b, 0x2a, 0x9b, 0x2a, 0x55, 0x32, 0x66, 0xbc, 0x85, 0xf5, 0x42, 0xf5, 0x41, 0xfd, 0x41, 0xf5, 0x62, 0xf5, 0x62, 0xf5, 0x44, 0xe5, 0xc5, 0xcc, 0xe7, 0xcc, 0xe7, 0xcc, 0x07, 0xcd,
  0xe6, 0xc4, 0xc6, 0xcc, 0xc7, 0xcc, 0xc7, 0xcc, 0xc7, 0xcc, 0xc7, 0xcc, 0xc6, 0xcc, 0xc6, 0xcc, 0xc6, 0xcc, 0xc6, 0xcc, 0xc6, 0xc4, 0xc6, 0xc4, 0xc7, 0xc4, 0xe8, 0xc4, 0xea, 0x6a, 0x7a, 0x2a,
  0x14, 0x2a, 0xa7, 0x9b, 0x85, 0xf5, 0x62, 0xf5, 0x40, 0xf5, 0x61, 0xf5, 0x41, 0xf5, 0x42, 0xf5, 0x44, 0xe5, 0x44, 0xbc, 0x24, 0x8b, 0x26, 0x83, 0x27, 0x83, 0x48, 0x7b, 0x49, 0x7b, 0x28, 0x7b,
  0x29, 0x83, 0x4b, 0x7b, 0x6b, 0x7b, 0x4a, 0x7b, 0xe6, 0x82, 0x43, 0xa3, 0x04, 0xe5, 0x83, 0xfd, 0x62, 0xf5, 0x61, 0xf5, 0x41, 0xf5, 0x61, 0xf5, 0x64, 0xed, 0x68, 0xdd, 0x4c, 0x42, 0x9b, 0x2a,
  0x9b, 0x2a, 0x9b, 0x2a, 0x2a, 0x4a, 0x48, 0xdd, 0x64, 0xed, 0x62, 0xf5, 0x21, 0xf5, 0x42, 0xfd, 0x43, 0xfd, 0x43, 0xf5, 0x45, 0xed, 0xc6, 0xd4, 0xe7, 0xd4, 0xc7, 0xcc, 0xc7, 0xcc, 0xa7, 0xcc,
  0xc7, 0xcc, 0xc6, 0xcc, 0xc6, 0xcc, 0xc7, 0xcc, 0xc7, 0xcc, 0xc7, 0xcc, 0xa6, 0xcc, 0xe3, 0xdc, 0x63, 0xf5, 0x62, 0xf5, 0x42, 0xf5, 0x62, 0xf5, 0x62, 0xf5, 0x42, 0xf5, 0x86, 0xf5, 0x27, 0xac,
  0x13, 0x2a, 0x9b, 0x2a, 0x9b, 0x2a, 0x56, 0x32, 0x65, 0xbc, 0x64, 0xf5, 0x42, 0xfd, 0x41, 0xfd, 0x41, 0xf5, 0x61, 0xf5, 0x62, 0xed, 0x44, 0xe5, 0xc6, 0xd4, 0xe7, 0xcc, 0xc6, 0xc4, 0xe7, 0xcc,
  0xc7, 0xcc, 0xc6, 0xcc, 0xc6, 0xcc, 0xe6, 0xc4, 0xe7, 0xc4, 0xe6, 0xcc, 0xc6, 0xcc, 0xc7, 0xcc, 0xc7, 0xcc, 0xc6, 0xc4, 0xe6, 0xc4, 0xc6, 0xbc, 0xe7, 0xc4, 0xe8, 0xbc, 0xc8, 0x62, 0x79, 0x2a,
  0x57, 0x2a, 0xa7, 0x93, 0xa6, 0xed, 0x41, 0xf5, 0x41, 0xfd, 0x41, 0xfd, 0x41, 0xf5, 0x42, 0xf5, 0x44, 0xed, 0xe6, 0xd4, 0x08, 0x52, 0x58, 0x22, 0x9b, 0x2a, 0x9b, 0x2a, 0x9b, 0x2a, 0x9b, 0x2a,
  0x9b, 0x2a, 0xfb, 0x3a, 0x9b, 0x2a, 0x9b, 0x2a, 0x9b, 0x2a, 0x9b, 0x2a, 0x9b, 0x2a, 0x9b, 0x2a, 0x9b, 0x2a, 0xf3, 0x21, 0x09, 0xa4, 0xa6, 0xf5, 0x42, 0xf5, 0x42, 0xf5, 0x42, 0xf5, 0x43, 0xf5,
  0x43, 0xf5, 0xa7, 0xed, 0x47, 0x5a, 0xf0, 0x29, 0x29, 0x9c, 0x29, 0xc5, 0xc6, 0xc4, 0xe6, 0xcc, 0xc6, 0xcc, 0xa6, 0xcc, 0xa6, 0xcc, 0xa6, 0xcc, 0xa7, 0xc4, 0x85, 0xc4, 0xa4, 0xd4, 0x44, 0xf5,
  0x62, 0xf5, 0x60, 0xed, 0x62, 0xf5, 0x43, 0xf5, 0x43, 0xfd, 0x43, 0xf5, 0x64, 0xe5, 0x05, 0xd5, 0xe6, 0xcc, 0xc7, 0xcc, 0xc6, 0xcc, 0xa6, 0xcc, 0xc6, 0xc4, 0xc6, 0xc4, 0xc6, 0xc4, 0xa7, 0xc4,
  0xa5, 0xcc, 0x63, 0xc4, 0x23, 0xdd, 0x83, 0xf5, 0x41, 0xf5, 0x42, 0xfd, 0x43, 0xfd, 0x42, 0xf5, 0x64, 0xf5, 0x25, 0xdd, 0xc9, 0x49, 0x58, 0x22, 0x9b, 0x2a, 0x9b, 0x2a, 0x9b, 0x2a, 0x9b, 0x2a,
  0x9b, 0x2a, 0x9b, 0x2a, 0x9b, 0x2a, 0x9b, 0x2a, 0x9b, 0x2a, 0xfb, 0x3a, 0x9b, 0x2a, 0x9b, 0x2a, 0xb0, 0x29, 0xa4, 0x7a, 0x66, 0xe5, 0x43, 0xed, 0x42, 0xf5, 0x62, 0xf5, 0x62, 0xf5, 0x43, 0xed,
  0x85, 0xe5, 0x28, 0xa4, 0x7a, 0x2a, 0x9b, 0x2a, 0x9b, 0x2a, 0x9b, 0x2a, 0x9b, 0x2a, 0x9b, 0x2a, 0x9b, 0x2a, 0x9b, 0x2a, 0x9b, 0x2a, 0x9b, 0x2a, 0x9b, 0x2a, 0x9b, 0x2a, 0x9b, 0x2a, 0x9b, 0x2a,
  0x9b, 0x2a, 0x9b, 0x2a, 0x9b, 0x2a, 0x9b, 0x2a, 0x9b, 0x2a, 0x9b, 0x2a, 0x9b, 0x2a, 0xfb, 0x3a, 0x9b, 0x2a, 0x9b, 0x2a, 0x9b, 0x2a, 0x9b, 0x2a, 0x9b, 0x2a, 0x9b, 0x2a, 0x9b, 0x2a, 0x9b, 0x2a,
  0x9b, 0x32, 0x9b, 0x32, 0x9b, 0x32, 0x9b, 0x32, 0xfb, 0x42, 0x9b, 0x32, 0x9b, 0x32, 0x9b, 0x32, 0x9b, 0x32, 0x9b, 0x32, 0x9b, 0x32, 0x9b, 0x32, 0x9b, 0x32, 0x9b, 0x32, 0x9b, 0x32, 0x9b, 0x32,
  0x9b, 0x32, 0x9b, 0x32, 0x9b, 0x32, 0x9b, 0x32, 0x9b, 0x32, 0x9b, 0x32, 0x9b, 0x32, 0x9b, 0x32, 0x9b, 0x32, 0x9b, 0x32, 0x9b, 0x32, 0x9b, 0x32, 0x9b, 0x32, 0x9b, 0x32, 0x9b, 0x32, 0x9b, 0x32,
  0x9b, 0x32, 0x9b, 0x32, 0x85, 0x6a, 0xa7, 0xed, 0x63, 0xf5, 0x41, 0xf5, 0x23, 0xf5, 0x43, 0xf5, 0x63, 0xed, 0xa6, 0xed, 0xc7, 0x9b, 0x90, 0x21, 0x36, 0x2a, 0x79, 0x32, 0x7a, 0x32, 0x7a, 0x32,
  0x79, 0x32, 0x7a, 0x32, 0x9a, 0x32, 0x7a, 0x32, 0x79, 0x2a, 0xf4, 0x21, 0xc8, 0x28, 0xe4, 0xbb, 0x84, 0xf5, 0x41, 0xed, 0x61, 0xf5, 0x41, 0xf5, 0x41, 0xf5, 0x64, 0xed, 0x06, 0xd5, 0x95, 0x42,
  0x9b, 0x32, 0x9b, 0x32, 0x9b, 0x32, 0xc8, 0x49, 0x48, 0xdd, 0x64, 0xf5, 0x61, 0xf5, 0x41, 0xf5, 0x61, 0xf5, 0x62, 0xed, 0xa4, 0xed, 0x25, 0xb4, 0xaa, 0x41, 0x50, 0x42, 0x72, 0x42, 0x72, 0x42,
  0x72, 0x42, 0x72, 0x42, 0x71, 0x42, 0x51, 0x42, 0x50, 0x42, 0x50, 0x42, 0x51, 0x42, 0x51, 0x42, 0x51, 0x42, 0x51, 0x42, 0x51, 0x42, 0x52, 0x42, 0x72, 0x42, 0x72, 0x42, 0x57, 0x32, 0x7a, 0x32,
  0xae, 0x31, 0x88, 0xc4, 0x64, 0xf5, 0x41, 0xfd, 0x40, 0xf5, 0x61, 0xf5, 0x41, 0xf5, 0x84, 0xf5, 0x46, 0xdd, 0x23, 0x62, 0xf2, 0x29, 0xf5, 0x21, 0x36, 0x2a, 0x57, 0x2a, 0x58, 0x2a, 0x37, 0x2a,
  0x58, 0x2a, 0x79, 0x32, 0x79, 0x2a, 0x58, 0x2a, 0x91, 0x21, 0xe6, 0x59, 0x25, 0xe5, 0x63, 0xf5, 0x42, 0xed, 0x42, 0xf5, 0x41, 0xf5, 0x42, 0xf5, 0xa6, 0xed, 0x25, 0xb4, 0x56, 0x32, 0x9b, 0x32,
  0x9b, 0x32, 0x58, 0x2a, 0xe4, 0x82, 0xa8, 0xf5, 0x43, 0xed, 0x41, 0xf5, 0x41, 0xf5, 0x41, 0xf5, 0x43, 0xf5, 0x86, 0xed, 0x26, 0xac, 0xcc, 0x41, 0xb3, 0x52, 0x2f, 0x42, 0x0d, 0x42, 0x51, 0x42,
  0x72, 0x42, 0x50, 0x42, 0x51, 0x42, 0x72, 0x42, 0x51, 0x42, 0x2e, 0x42, 0x48, 0x41, 0x02, 0x93, 0x64, 0xf5, 0x63, 0xf5, 0x42, 0xf5, 0x42, 0xf5, 0x61, 0xf5, 0x42, 0xed, 0xa8, 0xf5, 0xa3, 0x7a,
  0x7a, 0x32, 0x9b, 0x32, 0x9b, 0x32, 0x0d, 0x3a, 0x47, 0xdd, 0x63, 0xf5, 0x42, 0xf5, 0x42, 0xfd, 0x21, 0xf5, 0x62, 0xf5, 0x84, 0xf5, 0x65, 0xc4, 0x88, 0x49, 0x71, 0x42, 0x6f, 0x4a, 0x72, 0x42,
  0x51, 0x42, 0x2f, 0x42, 0x2f, 0x42, 0x50, 0x42, 0x72, 0x42, 0x71, 0x42, 0x50, 0x42, 0x51, 0x42, 0x51, 0x42, 0x72, 0x42, 0x93, 0x42, 0x93, 0x42, 0x73, 0x42, 0x73, 0x42, 0x56, 0x32, 0x9b, 0x32,
  0xcf, 0x31, 0x87, 0xbc, 0x84, 0xed, 0x61, 0xf5, 0x40, 0xfd, 0x41, 0xfd, 0x41, 0xfd, 0x41, 0xfd, 0x43, 0xf5, 0x87, 0xf5, 0xe8, 0xc4, 0x2e, 0x42, 0x9b, 0x32, 0x9b, 0x32, 0x9b, 0x32, 0x9b, 0x32,
  0xfb, 0x42, 0x9b, 0x32, 0x9b, 0x32, 0x9b, 0x32, 0x9b, 0x32, 0x9b, 0x32, 0x9b, 0x32, 0x9b, 0x32, 0x9b, 0x32, 0xab, 0x39, 0xc8, 0xcc, 0x65, 0xf5, 0x42, 0xf5, 0x22, 0xf5, 0x43, 0xf5, 0x43, 0xf5,
  0x44, 0xf5, 0x08, 0xd5, 0x10, 0x3a, 0x79, 0x32, 0xb6, 0x42, 0x93, 0x42, 0x72, 0x42, 0x94, 0x42, 0x73, 0x42, 0x2f, 0x42, 0x0f, 0x42, 0x52, 0x42, 0x72, 0x42, 0xcd, 0x39, 0x21, 0x7a, 0x45, 0xed,
  0x62, 0xf5, 0x61, 0xf5, 0x61, 0xf5, 0x42, 0xf5, 0x23, 0xf5, 0x86, 0xf5, 0x05, 0xcd, 0x27, 0x5a, 0x30, 0x42, 0x50, 0x42, 0x2f, 0x42, 0x51, 0x42, 0x52, 0x42, 0x73, 0x42, 0x72, 0x42, 0x72, 0x42,
  0xcd, 0x39, 0xc4, 0x7a, 0xa7, 0xed, 0x63, 0xed, 0x42, 0xf5, 0x42, 0xfd, 0x42, 0xfd, 0x42, 0xf5, 0x42, 0xed, 0x66, 0xed, 0x86, 0x9b, 0xf2, 0x31, 0x9b, 0x32, 0x9b, 0x32, 0x9b, 0x32, 0x9b, 0x32,
  0x9b, 0x32, 0x9b, 0x32, 0x9b, 0x32, 0x9b, 0x32, 0xfb, 0x42, 0x9b, 0x32, 0x7a, 0x32, 0x0e, 0x3a, 0xe5, 0xa3, 0x87, 0xed, 0x43, 0xed, 0x63, 0xfd, 0x21, 0xf5, 0x42, 0xfd, 0x43, 0xf5, 0x65, 0xed,
  0xc8, 0xed, 0x09, 0x94, 0x9b, 0x32, 0x9b, 0x32, 0x9b, 0x32, 0x9b, 0x32, 0x9b, 0x32, 0x9b, 0x32, 0x9b, 0x32, 0x9b, 0x32, 0x9b, 0x32, 0x9b, 0x32, 0x9b, 0x32, 0x9b, 0x32, 0x9b, 0x32, 0x9b, 0x32,
  0x9b, 0x32, 0x9b, 0x32, 0x9b, 0x32, 0x9b, 0x32, 0x9b, 0x32, 0x9b, 0x32, 0xfb, 0x42, 0x9b, 0x32, 0x9b, 0x32, 0x9b, 0x32, 0x9b, 0x32, 0x9b, 0x32, 0x9b, 0x32, 0x9b, 0x32, 0x9b, 0x32, 0x9b, 0x32,
  0x9b, 0x32, 0x9b, 0x32, 0x9b, 0x32, 0xfb, 0x42, 0x9b, 0x32, 0x9b, 0x32, 0x9b, 0x32, 0x9b, 0x32, 0x9b, 0x32, 0x9b, 0x32, 0x9b, 0x32, 0x9b, 0x32, 0x9b, 0x32, 0x9b, 0x32, 0x9b, 0x32, 0x9b, 0x32,
  0x9b, 0x32, 0x9b, 0x32, 0x9b, 0x32, 0x9b, 0x32, 0x9b, 0x32, 0x9b, 0x32, 0x9b, 0x32, 0x9b, 0x32, 0x9b, 0x32, 0x9b, 0x32, 0x9b, 0x32, 0x9b, 0x32, 0x9b, 0x32, 0x9b, 0x32, 0x9b, 0x32, 0x9b, 0x32,
  0x9b, 0x32, 0x36, 0x2a, 0x28, 0xa4, 0x85, 0xed, 0x42, 0xed, 0x42, 0xf5, 0x43, 0xf5, 0x42, 0xed, 0x83, 0xed, 0x87, 0xdd, 0x26, 0x52, 0x9b, 0x32, 0x9b, 0x32, 0x9b, 0x32, 0x9b, 0x32, 0x9b, 0x32,
  0x9b, 0x32, 0x9b, 0x32, 0x9b, 0x32, 0x9b, 0x32, 0x9b, 0x32, 0x9a, 0x32, 0x6a, 0x5a, 0x06, 0xdd, 0x63, 0xf5, 0x41, 0xf5, 0x41, 0xf5, 0x41, 0xf5, 0x41, 0xed, 0xa6, 0xed, 0xe5, 0xa3, 0x34, 0x32,
  0x9b, 0x32, 0x9b, 0x32, 0x58, 0x2a, 0xe5, 0x7a, 0x67, 0xed, 0x42, 0xed, 0x41, 0xf5, 0x40, 0xed, 0x61, 0xf5, 0x63, 0xed, 0x66, 0xe5, 0x06, 0x83, 0x7a, 0x32, 0x9b, 0x32, 0x9b, 0x32, 0x9b, 0x32,
  0x9b, 0x32, 0x9b, 0x32, 0x9b, 0x32, 0x9b, 0x32, 0x9b, 0x32, 0x9b, 0x32, 0x9b, 0x32, 0x9b, 0x32, 0x9b, 0x32, 0x9b, 0x32, 0x9b, 0x32, 0x9b, 0x32, 0x9b, 0x32, 0x9b, 0x32, 0x9b, 0x32, 0x9b, 0x32,
  0x68, 0x62, 0x48, 0xe5, 0x64, 0xf5, 0x41, 0xfd, 0x41, 0xfd, 0x20, 0xf5, 0x42, 0xf5, 0x64, 0xed, 0x29, 0xcd, 0xec, 0x39, 0x9b, 0x32, 0x9b, 0x32, 0x9b, 0x32, 0x9b, 0x32, 0x9b, 0x32, 0x9b, 0x32,
  0x9b, 0x32, 0x9b, 0x32, 0x9b, 0x32, 0x9b, 0x32, 0xd2, 0x29, 0x45, 0x93, 0xa7, 0xf5, 0x42, 0xf5, 0x42, 0xf5, 0x42, 0xf5, 0x42, 0xf5, 0x23, 0xed, 0xa8, 0xed, 0xc5, 0x72, 0x36, 0x2a, 0x9b, 0x32,
  0x9b, 0x32, 0xd1, 0x31, 0xa9, 0xbc, 0x65, 0xed, 0x42, 0xed, 0x41, 0xf5, 0x41, 0xfd, 0x21, 0xf5, 0x43, 0xed, 0x87, 0xe5, 0xa8, 0x62, 0xfb, 0x42, 0x9b, 0x32, 0x9b, 0x32, 0x9b, 0x32, 0x9b, 0x32,
  0x9b, 0x32, 0x9b, 0x32, 0x9b, 0x32, 0x9b, 0x32, 0x9b, 0x32, 0x7a, 0x32, 0x4d, 0x21, 0xa4, 0xa3, 0x84, 0xf5, 0x42, 0xf5, 0x41, 0xf5, 0x41, 0xf5, 0x61, 0xf5, 0x63, 0xed, 0x27, 0xdd, 0x6f, 0x4a,
  0x9b, 0x32, 0x9b, 0x32, 0x9b, 0x32, 0x06, 0x73, 0x86, 0xe5, 0x63, 0xed, 0x21, 0xf5, 0x42, 0xf5, 0x42, 0xfd, 0x42, 0xf5, 0x66, 0xed, 0x26, 0x8b, 0x37, 0x2a, 0xfb, 0x42, 0x9b, 0x32, 0x9b, 0x32,
  0x9b, 0x32, 0x9b, 0x32, 0x9b, 0x32, 0x9b, 0x32, 0x9b, 0x32, 0x9b, 0x32, 0x9b, 0x32, 0x9b, 0x32, 0x9b, 0x32, 0x9b, 0x32, 0x9b, 0x32, 0x9b, 0x32, 0x9b, 0x32, 0x9b, 0x32, 0x9b, 0x32, 0x9b, 0x32,
  0x67, 0x5a, 0x46, 0xdd, 0x84, 0xed, 0x41, 0xf5, 0x40, 0xf5, 0x42, 0xfd, 0x41, 0xf5, 0x41, 0xf5, 0x21, 0xf5, 0x42, 0xed, 0x86, 0xed, 0x05, 0xac, 0x11, 0x32, 0x9b, 0x32, 0x9b, 0x32, 0xfb, 0x42,
  0x9b, 0x32, 0x9b, 0x32, 0x9b, 0x32, 0x9b, 0x32, 0x9b, 0x32, 0x9b, 0x32, 0x9b, 0x32, 0x9b, 0x32, 0x9b, 0x32, 0xcc, 0x62, 0x26, 0xe5, 0x44, 0xf5, 0x21, 0xf5, 0x42, 0xfd, 0x42, 0xf5, 0x22, 0xf5,
  0x85, 0xf5, 0xe5, 0xa3, 0x56, 0x32, 0x9b, 0x32, 0x9b, 0x32, 0x9b, 0x32, 0x9b, 0x32, 0x9b, 0x32, 0x9b, 0x32, 0x9b, 0x32, 0x9b, 0x32, 0x9b, 0x32, 0x9b, 0x32, 0xf4, 0x29, 0x23, 0x93, 0x86, 0xf5,
  0x42, 0xed, 0x61, 0xf5, 0x41, 0xf5, 0x42, 0xf5, 0x24, 0xf5, 0x88, 0xed, 0xc7, 0x9b, 0xd2, 0x29, 0x9b, 0x32, 0x9b, 0x32, 0x9b, 0x32, 0x9b, 0x32, 0x9b, 0x32, 0x9b, 0x32, 0x9b, 0x32, 0x9b, 0x32,
  0x79, 0x32, 0x6b, 0x52, 0x29, 0xd5, 0x46, 0xe5, 0x43, 0xed, 0x42, 0xf5, 0x21, 0xf5, 0x42, 0xf5, 0x22, 0xed, 0x44, 0xed, 0xa8, 0xed, 0x67, 0x8b, 0x78, 0x32, 0x9b, 0x32, 0x9b, 0x32, 0x9b, 0x32,
  0x9b, 0x32, 0x9b, 0x32, 0x9b, 0x32, 0xfb, 0x42, 0x7a, 0x32, 0x52, 0x3a, 0xe4, 0x7a, 0xc6, 0xcc, 0x66, 0xed, 0x44, 0xed, 0x42, 0xed, 0x41, 0xf5, 0x42, 0xfd, 0x02, 0xed, 0x66, 0xed, 0x28, 0xdd,
  0xc8, 0x93, 0x2e, 0x3a, 0x9b, 0x32, 0x9b, 0x32, 0x9b, 0x32, 0x9b, 0x32, 0x9b, 0x32, 0x9b, 0x32, 0x9b, 0x32, 0x9b, 0x32, 0x9b, 0x32, 0x9b, 0x32, 0x9b, 0x32, 0x9b, 0x32, 0x9b, 0x32, 0x9b, 0x32,
  0x9b, 0x32, 0x9b, 0x32, 0x9b, 0x32, 0x9b, 0x32, 0x9b, 0x32, 0xfb, 0x42, 0x9b, 0x32, 0x9b, 0x32, 0x9b, 0x32, 0x9b, 0x32, 0x9b, 0x32, 0x9b, 0x32, 0x9b, 0x32, 0x9b, 0x32, 0x9b, 0x32, 0x9b, 0x32,
  0xbb, 0x32, 0xbb, 0x32, 0x1b, 0x43, 0xbb, 0x32, 0xbb, 0x32, 0xbb, 0x32, 0xbb, 0x32, 0xbb, 0x32, 0xbb, 0x32, 0xbb, 0x32, 0xbb, 0x32, 0xbb, 0x32, 0xbb, 0x32, 0xbb, 0x32, 0xbb, 0x32, 0xbb, 0x32,
  0xbb, 0x32, 0xbb, 0x32, 0xbb, 0x32, 0xbb, 0x32, 0xbb, 0x32, 0xbb, 0x32, 0xbb, 0x32, 0xbb, 0x32, 0xbb, 0x32, 0xbb, 0x32, 0xbb, 0x32, 0xbb, 0x32, 0xbb, 0x32, 0xbb, 0x32, 0xbb, 0x32, 0xbb, 0x32,
  0xba, 0x32, 0xa8, 0x41, 0x48, 0xd5, 0x63, 0xed, 0x42, 0xf5, 0x42, 0xf5, 0x42, 0xf5, 0x41, 0xed, 0xa3, 0xed, 0x87, 0xb4, 0x13, 0x2a, 0xbb, 0x32, 0xbb, 0x32, 0xbb, 0x32, 0xbb, 0x32, 0xbb, 0x32,
  0xbb, 0x32, 0xbb, 0x32, 0xbb, 0x32, 0xbb, 0x32, 0xbb, 0x32, 0x35, 0x2a, 0x47, 0x83, 0xc7, 0xed, 0x22, 0xed, 0x41, 0xf5, 0x21, 0xf5, 0x41, 0xf5, 0x42, 0xe5, 0xe9, 0xed, 0x08, 0x7b, 0x78, 0x2a,
  0xbb, 0x32, 0xbb, 0x32, 0x8d, 0x31, 0x67, 0xbc, 0x65, 0xf5, 0x42, 0xf5, 0x41, 0xf5, 0x41, 0xf5, 0x41, 0xf5, 0x44, 0xed, 0x69, 0xe5, 0xe6, 0x49, 0x9a, 0x32, 0xbb, 0x32, 0xbb, 0x32, 0xbb, 0x32,
  0xbb, 0x32, 0xbb, 0x32, 0xbb, 0x32, 0xbb, 0x32, 0xbb, 0x32, 0xbb, 0x32, 0xbb, 0x32, 0xbb, 0x32, 0xbb, 0x32, 0xbb, 0x32, 0xbb, 0x32, 0xbb, 0x32, 0xbb, 0x32, 0xbb, 0x32, 0xbb, 0x32, 0x57, 0x2a,
  0x87, 0x93, 0x86, 0xed, 0x43, 0xed, 0x21, 0xfd, 0x21, 0xfd, 0x42, 0xfd, 0x42, 0xf5, 0x86, 0xed, 0x08, 0xa4, 0x99, 0x2a, 0xbb, 0x32, 0xbb, 0x32, 0xbb, 0x32, 0xbb, 0x32, 0xbb, 0x32, 0xbb, 0x32,
  0xbb, 0x32, 0xbb, 0x32, 0xbb, 0x32, 0xbb, 0x32, 0x32, 0x3a, 0x24, 0xb4, 0x85, 0xf5, 0x21, 0xf5, 0x42, 0xf5, 0x41, 0xf5, 0x21, 0xf5, 0x44, 0xed, 0x28, 0xdd, 0xd1, 0x52, 0xbb, 0x32, 0xbb, 0x32,
  0xbb, 0x32, 0xc6, 0x49, 0x27, 0xdd, 0x64, 0xed, 0x41, 0xf5, 0x61, 0xf5, 0x41, 0xf5, 0x41, 0xf5, 0x64, 0xed, 0xc8, 0xc4, 0x31, 0x3a, 0xbb, 0x32, 0xbb, 0x32, 0xbb, 0x32, 0xbb, 0x32, 0xbb, 0x32,
  0xbb, 0x32, 0xbb, 0x32, 0xbb, 0x32, 0xbb, 0x32, 0xbb, 0x32, 0xbb, 0x32, 0x2e, 0x4a, 0xe6, 0xcc, 0x84, 0xed, 0x41, 0xf5, 0x41, 0xf5, 0x41, 0xf5, 0x40, 0xed, 0x85, 0xed, 0x65, 0xbc, 0x53, 0x3a,
  0xbb, 0x32, 0xbb, 0x32, 0xf1, 0x29, 0x69, 0xb4, 0x65, 0xed, 0x42, 0xed, 0x41, 0xf5, 0x42, 0xf5, 0x41, 0xf5, 0x43, 0xed, 0xa9, 0xe5, 0x06, 0x52, 0x1b, 0x43, 0xbb, 0x32, 0xbb, 0x32, 0xbb, 0x32,
  0xbb, 0x32, 0xbb, 0x32, 0xbb, 0x32, 0xbb, 0x32, 0xbb, 0x32, 0xbb, 0x32, 0xbb, 0x32, 0xbb, 0x32, 0xbb, 0x32, 0xbb, 0x32, 0xbb, 0x32, 0xbb, 0x32, 0xbb, 0x32, 0xbb, 0x32, 0xbb, 0x32, 0x78, 0x2a,
  0xa7, 0x8b, 0x85, 0xed, 0x43, 0xed, 0x41, 0xf5, 0x41, 0xf5, 0x42, 0xfd, 0x42, 0xf5, 0x41, 0xf5, 0x41, 0xf5, 0x41, 0xf5, 0x42, 0xed, 0xa7, 0xed, 0x85, 0x93, 0x55, 0x32, 0x1b, 0x43, 0xbb, 0x32,
  0xbb, 0x32, 0xbb, 0x32, 0xbb, 0x32, 0xbb, 0x32, 0xbb, 0x32, 0xbb, 0x32, 0xbb, 0x32, 0xbb, 0x32, 0x78, 0x2a, 0x69, 0x8b, 0x86, 0xf5, 0x22, 0xed, 0x41, 0xf5, 0x41, 0xf5, 0x41, 0xf5, 0x21, 0xe5,
  0xc7, 0xf5, 0xe6, 0x72, 0x79, 0x2a, 0xbb, 0x32, 0xbb, 0x32, 0xbb, 0x32, 0xbb, 0x32, 0xbb, 0x32, 0xbb, 0x32, 0xbb, 0x32, 0xbb, 0x32, 0xbb, 0x32, 0xbb, 0x32, 0x75, 0x3a, 0xc6, 0xc4, 0x65, 0xed,
  0x42, 0xf5, 0x41, 0xfd, 0x41, 0xf5, 0x42, 0xf5, 0x44, 0xf5, 0x67, 0xe5, 0xcc, 0x5a, 0xbb, 0x32, 0xba, 0x32, 0xbb, 0x32, 0xbb, 0x32, 0xbb, 0x32, 0xbb, 0x32, 0xbb, 0x32, 0xbb, 0x32, 0xbb, 0x32,
  0xbb, 0x32, 0x79, 0x2a, 0x48, 0x5a, 0x28, 0xd5, 0x65, 0xed, 0x22, 0xf5, 0x41, 0xf5, 0x41, 0xf5, 0x41, 0xf5, 0x42, 0xf5, 0x44, 0xed, 0x68, 0xe5, 0x48, 0x7b, 0x57, 0x2a, 0xbb, 0x32, 0xbb, 0x32,
  0xbb, 0x32, 0xbb, 0x32, 0x1b, 0x43, 0x56, 0x2a, 0x08, 0x4a, 0xc7, 0xbc, 0xa8, 0xe5, 0x85, 0xed, 0x43, 0xed, 0x22, 0xed, 0x62, 0xf5, 0x42, 0xf5, 0x03, 0xed, 0xa7, 0xf5, 0x08, 0xd5, 0x49, 0x5a,
  0x56, 0x2a, 0xbb, 0x32, 0xbb, 0x32, 0xbb, 0x32, 0xbb, 0x32, 0xbb, 0x32, 0xbb, 0x32, 0xbb, 0x32, 0xbb, 0x32, 0xbb, 0x32, 0xbb, 0x32, 0xbb, 0x32, 0xbb, 0x32, 0xbb, 0x32, 0xbb, 0x32, 0xbb, 0x32,
  0xbb, 0x32, 0xbb, 0x32, 0xbb, 0x32, 0xbb, 0x32, 0x1b, 0x43, 0xbb, 0x32, 0xbb, 0x32, 0xbb, 0x32, 0xbb, 0x32, 0xbb, 0x32, 0xbb, 0x32, 0xbb, 0x32, 0xbb, 0x32, 0xbb, 0x32, 0xbb, 0x32, 0xbb, 0x32,
  0xbb, 0x3a, 0x1b, 0x4b, 0xbb, 0x3a, 0xbb, 0x3a, 0xbb, 0x3a, 0xbb, 0x3a, 0xbb, 0x3a, 0xbb, 0x3a, 0xbb, 0x3a, 0xbb, 0x3a, 0xbb, 0x3a, 0xbb, 0x3a, 0xbb, 0x3a, 0xbb, 0x3a, 0xbb, 0x3a, 0xbb, 0x3a,
  0xbb, 0x3a, 0xbb, 0x3a, 0xbb, 0x3a, 0xbb, 0x3a, 0xbb, 0x3a, 0xbb, 0x3a, 0xbb, 0x3a, 0xbb, 0x3a, 0xbb, 0x3a, 0xbb, 0x3a, 0xbb, 0x3a, 0xbb, 0x3a, 0xbb, 0x3a, 0xbb, 0x3a, 0xbb, 0x3a, 0xbb, 0x3a,
  0x79, 0x32, 0x86, 0x6a, 0x46, 0xe5, 0x43, 0xf5, 0x41, 0xf5, 0x41, 0xf5, 0x41, 0xf5, 0x41, 0xed, 0x84, 0xed, 0xe3, 0x7a, 0xbb, 0x3a, 0xbb, 0x3a, 0xbb, 0x3a, 0xbb, 0x3a, 0xbb, 0x3a, 0xbb, 0x3a,
  0xbb, 0x3a, 0xbb, 0x3a, 0xbb, 0x3a, 0xbb, 0x3a, 0xbb, 0x3a, 0x73, 0x42, 0xa7, 0xb4, 0xc8, 0xe5, 0x44, 0xe5, 0x43, 0xed, 0x44, 0xed, 0x23, 0xe5, 0x66, 0xed, 0x49, 0xdd, 0xb0, 0x5a, 0xbb, 0x3a,
  0xbb, 0x3a, 0xbb, 0x3a, 0x27, 0x5a, 0x47, 0xdd, 0x44, 0xf5, 0x21, 0xf5, 0x41, 0xf5, 0x21, 0xf5, 0x42, 0xf5, 0x65, 0xed, 0x68, 0xc4, 0xf2, 0x39, 0xbb, 0x3a, 0xbb, 0x3a, 0xbb, 0x3a, 0xbb, 0x3a,
  0xbb, 0x3a, 0xbb, 0x3a, 0xbb, 0x3a, 0xbb, 0x3a, 0xbb, 0x3a, 0xbb, 0x3a, 0xbb, 0x3a, 0xbb, 0x3a, 0xbb, 0x3a, 0xbb, 0x3a, 0xbb, 0x3a, 0xbb, 0x3a, 0xbb, 0x3a, 0xbb, 0x3a, 0xbb, 0x3a, 0xed, 0x39,
  0xa6, 0xbc, 0xa5, 0xed, 0x42, 0xed, 0x21, 0xf5, 0x21, 0xfd, 0x22, 0xf5, 0x23, 0xed, 0xa8, 0xed, 0x64, 0x62, 0xbb, 0x3a, 0xbb, 0x3a, 0xbb, 0x3a, 0xbb, 0x3a, 0xbb, 0x3a, 0xbb, 0x3a, 0xbb, 0x3a,
  0xbb, 0x3a, 0xbb, 0x3a, 0xbb, 0x3a, 0xbb, 0x3a, 0x91, 0x52, 0x05, 0xdd, 0x43, 0xf5, 0x21, 0xf5, 0x21, 0xfd, 0x41, 0xf5, 0x41, 0xed, 0x65, 0xf5, 0x86, 0xc4, 0x51, 0x42, 0xbb, 0x3a, 0xbb, 0x3a,
  0x9a, 0x3a, 0xe7, 0x72, 0x65, 0xe5, 0x42, 0xed, 0x20, 0xed, 0x41, 0xf5, 0x21, 0xf5, 0x22, 0xf5, 0x86, 0xf5, 0x03, 0x83, 0x79, 0x32, 0xbb, 0x3a, 0xbb, 0x3a, 0xbb, 0x3a, 0xbb, 0x3a, 0xbb, 0x3a,
  0xbb, 0x3a, 0xbb, 0x3a, 0xbb, 0x3a, 0xbb, 0x3a, 0xbb, 0x3a, 0x57, 0x32, 0xc7, 0x72, 0x66, 0xe5, 0x42, 0xed, 0x41, 0xf5, 0x41, 0xf5, 0x21, 0xf5, 0x21, 0xf5, 0xc7, 0xf5, 0x44, 0x8b, 0xf2, 0x29,
  0xbb, 0x3a, 0xbb, 0x3a, 0x28, 0x5a, 0x08, 0xdd, 0x44, 0xf5, 0x20, 0xf5, 0x40, 0xfd, 0x20, 0xf5, 0x41, 0xf5, 0x63, 0xed, 0xc8, 0xbc, 0x51, 0x42, 0xbb, 0x3a, 0xbb, 0x3a, 0xbb, 0x3a, 0xbb, 0x3a,
  0xbb, 0x3a, 0xbb, 0x3a, 0xbb, 0x3a, 0xbb, 0x3a, 0xbb, 0x3a, 0xbb, 0x3a, 0xbb, 0x3a, 0xbb, 0x3a, 0xbb, 0x3a, 0xbb, 0x3a, 0xbb, 0x3a, 0xbb, 0x3a, 0xbb, 0x3a, 0xba, 0x3a, 0xbb, 0x3a, 0xee, 0x39,
  0x86, 0xbc, 0x65, 0xf5, 0x22, 0xf5, 0x42, 0xfd, 0x41, 0xf5, 0x42, 0xf5, 0x42, 0xf5, 0x41, 0xf5, 0x41, 0xf5, 0x41, 0xf5, 0x21, 0xf5, 0x43, 0xed, 0xa8, 0xe5, 0x05, 0x83, 0x14, 0x32, 0xbb, 0x3a,
  0xbb, 0x3a, 0xbb, 0x3a, 0xbb, 0x3a, 0xbb, 0x3a, 0xbb, 0x3a, 0xbb, 0x3a, 0xbb, 0x3a, 0xbb, 0x3a, 0x11, 0x3a, 0x05, 0xb4, 0x85, 0xf5, 0x41, 0xf5, 0x41, 0xf5, 0x41, 0xed, 0x61, 0xed, 0x64, 0xed,
  0x67, 0xdd, 0xd1, 0x5a, 0xbb, 0x3a, 0xbb, 0x3a, 0xbb, 0x3a, 0xbb, 0x3a, 0xbb, 0x3a, 0xbb, 0x3a, 0xbb, 0x3a, 0xbb, 0x3a, 0xbb, 0x3a, 0xbb, 0x3a, 0xbb, 0x3a, 0x29, 0x52, 0x86, 0xe5, 0x42, 0xed,
  0x21, 0xf5, 0x41, 0xfd, 0x61, 0xfd, 0x22, 0xed, 0x64, 0xf5, 0x87, 0xbc, 0x11, 0x32, 0xbb, 0x3a, 0xbb, 0x3a, 0xbb, 0x3a, 0xbb, 0x3a, 0xbb, 0x3a, 0xbb, 0x3a, 0xbb, 0x3a, 0xbb, 0x3a, 0xbb, 0x3a,
  0xbb, 0x3a, 0xbb, 0x3a, 0x57, 0x32, 0x45, 0x62, 0x27, 0xdd, 0x44, 0xed, 0x21, 0xf5, 0x41, 0xf5, 0x20, 0xed, 0x41, 0xf5, 0x22, 0xf5, 0x24, 0xed, 0x68, 0xe5, 0xa6, 0x6a, 0x78, 0x32, 0xbb, 0x3a,
  0xbb, 0x3a, 0x1b, 0x4b, 0x8b, 0x39, 0xe7, 0x82, 0xc7, 0xcc, 0xa7, 0xed, 0x43, 0xe5, 0x22, 0xed, 0x42, 0xf5, 0x42, 0xf5, 0x21, 0xe5, 0x65, 0xed, 0x48, 0xe5, 0xa5, 0xa3, 0x4f, 0x4a, 0x99, 0x32,
  0xbb, 0x3a, 0xbb, 0x3a, 0xbb, 0x3a, 0xbb, 0x3a, 0xbb, 0x3a, 0xbb, 0x3a, 0xbb, 0x3a, 0xbb, 0x3a, 0xbb, 0x3a, 0xbb, 0x3a, 0xbb, 0x3a, 0xbb, 0x3a, 0xbb, 0x3a, 0xbb, 0x3a, 0xbb, 0x3a, 0xbb, 0x3a,
  0xbb, 0x3a, 0xbb, 0x3a, 0xbb, 0x3a, 0x1b, 0x4b, 0xbb, 0x3a, 0xbb, 0x3a, 0xbb, 0x3a, 0xbb, 0x3a, 0xbb, 0x3a, 0xbb, 0x3a, 0xbb, 0x3a, 0xbb, 0x3a, 0xbb, 0x3a, 0xbb, 0x3a, 0xbb, 0x3a, 0xbb, 0x3a,
  0x1b, 0x43, 0xbb, 0x32, 0xbb, 0x32, 0xbb, 0x32, 0xbb, 0x32, 0xbb, 0x32, 0xbb, 0x32, 0xbb, 0x32, 0xbb, 0x32, 0xbb, 0x32, 0xbb, 0x32, 0xbb, 0x32, 0xbb, 0x32, 0xbb, 0x32, 0xbb, 0x32, 0xbb, 0x32,
  0xbb, 0x32, 0xbb, 0x32, 0xbb, 0x32, 0xbb, 0x32, 0xbb, 0x32, 0xbb, 0x32, 0xbb, 0x32, 0xbb, 0x32, 0xbb, 0x32, 0xbb, 0x32, 0xbb, 0x32, 0xbb, 0x32, 0xbb, 0x32, 0xbb, 0x32, 0xbb, 0x32, 0xbb, 0x32,
  0x15, 0x2a, 0x87, 0x9b, 0x65, 0xed, 0x22, 0xf5, 0x21, 0xf5, 0x42, 0xf5, 0x22, 0xf5, 0x23, 0xed, 0x26, 0xdd, 0x70, 0x4a, 0xbb, 0x32, 0xbb, 0x32, 0xbb, 0x32, 0xbb, 0x32, 0xbb, 0x32, 0xbb, 0x32,
  0xbb, 0x32, 0xbb, 0x32, 0xbb, 0x32, 0xbb, 0x32, 0xbb, 0x32, 0xd2, 0x4a, 0x6e, 0xc5, 0x4b, 0xcd, 0x29, 0xcd, 0x29, 0xd5, 0x08, 0xd5, 0x29, 0xd5, 0x6b, 0xdd, 0xca, 0x93, 0x14, 0x2a, 0xbb, 0x32,
  0xbb, 0x32, 0x36, 0x2a, 0x87, 0x93, 0x86, 0xed, 0x22, 0xed, 0x41, 0xf5, 0x61, 0xfd, 0x20, 0xf5, 0x22, 0xed, 0xa7, 0xed, 0xa3, 0x7a, 0x99, 0x32, 0xbb, 0x32, 0xbb, 0x32, 0xbb, 0x32, 0xbb, 0x32,
  0xbb, 0x32, 0xbb, 0x32, 0xbb, 0x32, 0xbb, 0x32, 0xbb, 0x32, 0xbb, 0x32, 0xbb, 0x32, 0xbb, 0x32, 0xbb, 0x32, 0xbb, 0x32, 0xbb, 0x32, 0xbb, 0x32, 0xbb, 0x32, 0xbb, 0x32, 0x9a, 0x32, 0xca, 0x6a,
  0x87, 0xdd, 0x62, 0xed, 0x41, 0xed, 0x41, 0xf5, 0x01, 0xf5, 0x02, 0xf5, 0x66, 0xed, 0xa6, 0xc4, 0x73, 0x3a, 0xbb, 0x32, 0xbb, 0x32, 0xbb, 0x32, 0xbb, 0x32, 0xbb, 0x32, 0xbb, 0x32, 0xbb, 0x32,
  0xbb, 0x32, 0xbb, 0x32, 0xbb, 0x32, 0x99, 0x32, 0x85, 0x6a, 0x86, 0xed, 0x22, 0xed, 0x41, 0xfd, 0x01, 0xf5, 0x41, 0xf5, 0x41, 0xed, 0xa6, 0xf5, 0xc9, 0x93, 0x56, 0x2a, 0xbb, 0x32, 0xbb, 0x32,
  0x36, 0x2a, 0xa7, 0x9b, 0x84, 0xf5, 0x22, 0xf5, 0x41, 0xf5, 0x41, 0xf5, 0x21, 0xf5, 0x23, 0xed, 0x47, 0xe5, 0x2c, 0x4a, 0xbb, 0x32, 0xbb, 0x32, 0xbb, 0x32, 0xbb, 0x32, 0xbb, 0x32, 0xbb, 0x32,
  0xbb, 0x32, 0xbb, 0x32, 0xbb, 0x32, 0xbb, 0x32, 0xbb, 0x32, 0x33, 0x32, 0x05, 0xac, 0x86, 0xed, 0x41, 0xf5, 0x21, 0xf5, 0x41, 0xf5, 0x21, 0xf5, 0x22, 0xed, 0x67, 0xe5, 0xee, 0x62, 0x9a, 0x32,
  0xbb, 0x32, 0x56, 0x2a, 0x68, 0x93, 0x66, 0xf5, 0x22, 0xf5, 0x20, 0xfd, 0x20, 0xfd, 0x20, 0xfd, 0x21, 0xf5, 0xa6, 0xf5, 0xe4, 0x82, 0x99, 0x32, 0xbb, 0x32, 0xbb, 0x32, 0xbb, 0x32, 0xbb, 0x32,
  0xbb, 0x32, 0xbb, 0x32, 0xbb, 0x32, 0xbb, 0x32, 0xbb, 0x32, 0xbb, 0x32, 0xbb, 0x32, 0xbb, 0x32, 0xbb, 0x32, 0xbb, 0x32, 0xbb, 0x32, 0xbb, 0x32, 0xbb, 0x32, 0xbb, 0x32, 0xbb, 0x32, 0xcc, 0x62,
  0x47, 0xe5, 0x24, 0xf5, 0x02, 0xf5, 0x41, 0xfd, 0x41, 0xf5, 0x60, 0xfd, 0x20, 0xf5, 0x20, 0xf5, 0x40, 0xf5, 0x40, 0xf5, 0x21, 0xfd, 0x42, 0xf5, 0x44, 0xed, 0x48, 0xe5, 0xaa, 0x62, 0x9a, 0x32,
  0xbb, 0x32, 0xbb, 0x32, 0xbb, 0x32, 0xbb, 0x32, 0xbb, 0x32, 0xbb, 0x32, 0xbb, 0x32, 0xbb, 0x32, 0xad, 0x52, 0x27, 0xdd, 0x24, 0xf5, 0x21, 0xf5, 0x21, 0xf5, 0x41, 0xf5, 0x21, 0xed, 0xa6, 0xed,
  0x05, 0xb4, 0x32, 0x3a, 0xbb, 0x32, 0xbb, 0x32, 0xbb, 0x32, 0xbb, 0x32, 0xbb, 0x32, 0xbb, 0x32, 0xbb, 0x32, 0xbb, 0x32, 0xbb, 0x32, 0xbb, 0x32, 0x99, 0x32, 0xc5, 0x7a, 0xa6, 0xed, 0x22, 0xed,
  0x21, 0xf5, 0x21, 0xfd, 0x20, 0xf5, 0x42, 0xed, 0x65, 0xed, 0xc8, 0x93, 0x9a, 0x32, 0xbb, 0x32, 0xbb, 0x32, 0xbb, 0x32, 0xbb, 0x32, 0xbb, 0x32, 0xbb, 0x32, 0xbb, 0x32, 0xbb, 0x32, 0xbb, 0x32,
  0xbb, 0x32, 0xbb, 0x32, 0xbb, 0x32, 0x15, 0x2a, 0xa3, 0x7a, 0x88, 0xe5, 0x23, 0xed, 0x41, 0xf5, 0x41, 0xf5, 0x41, 0xf5, 0x01, 0xf5, 0x22, 0xf5, 0x44, 0xed, 0x48, 0xdd, 0x25, 0x5a, 0x15, 0x2a,
  0x97, 0x3a, 0x49, 0x52, 0x66, 0xc4, 0x67, 0xed, 0x45, 0xed, 0x23, 0xed, 0x42, 0xf5, 0x41, 0xf5, 0x20, 0xed, 0x22, 0xe5, 0xa7, 0xed, 0xe8, 0xc4, 0xab, 0x62, 0x35, 0x2a, 0xbb, 0x32, 0xbb, 0x32,
  0xbb, 0x32, 0xbb, 0x32, 0xbb, 0x32, 0xbb, 0x32, 0xbb, 0x32, 0xbb, 0x32, 0xbb, 0x32, 0xbb, 0x32, 0xbb, 0x32, 0xbb, 0x32, 0xbb, 0x32, 0xbb, 0x32, 0xbb, 0x32, 0xbb, 0x32, 0xbb, 0x32, 0xbb, 0x32,
  0xbb, 0x32, 0xbb, 0x32, 0x1b, 0x43, 0xbb, 0x32, 0xbb, 0x32, 0xbb, 0x32, 0xbb, 0x32, 0xbb, 0x32, 0xbb, 0x32, 0xbb, 0x32, 0xbb, 0x32, 0xbb, 0x32, 0xbb, 0x32, 0xbb, 0x32, 0xbb, 0x32, 0xbb, 0x32,
  0x9b, 0x32, 0x9b, 0x32, 0x9b, 0x32, 0x9b, 0x32, 0x9b, 0x32, 0x9b, 0x32, 0x9b, 0x32, 0x9b, 0x32, 0x9b, 0x32, 0x9b, 0x32, 0x9b, 0x32, 0x9b, 0x32, 0x9b, 0x32, 0x9b, 0x32, 0x9b, 0x32, 0x9b, 0x32,
  0x9b, 0x32, 0x9b, 0x32, 0x9b, 0x32, 0x9b, 0x32, 0x9b, 0x32, 0x9b, 0x32, 0x9b, 0x32, 0x9b, 0x32, 0x9b, 0x32, 0x9b, 0x32, 0x9b, 0x32, 0x9b, 0x32, 0x9b, 0x32, 0x9b, 0x32, 0x9b, 0x32, 0x9b, 0x32,
  0x8c, 0x39, 0x66, 0xc4, 0x85, 0xf5, 0x21, 0xf5, 0x21, 0xf5, 0x41, 0xf5, 0x01, 0xed, 0x85, 0xf5, 0x45, 0xc4, 0x53, 0x3a, 0x9b, 0x32, 0xbb, 0x32, 0x9b, 0x32, 0x9b, 0x32, 0x9b, 0x32, 0x9b, 0x32,
  0x9b, 0x32, 0x9b, 0x32, 0x9b, 0x32, 0x9b, 0x32, 0x9b, 0x32, 0x78, 0x32, 0x33, 0x32, 0xf0, 0x39, 0xcc, 0x39, 0xce, 0x31, 0xce, 0x31, 0xf0, 0x39, 0xf0, 0x31, 0x56, 0x32, 0x9b, 0x32, 0x9a, 0x32,
  0x9b, 0x32, 0x0f, 0x3a, 0x86, 0xc4, 0x64, 0xed, 0x41, 0xf5, 0x20, 0xf5, 0x20, 0xf5, 0x41, 0xfd, 0x44, 0xed, 0x47, 0xdd, 0x6e, 0x4a, 0x9b, 0x32, 0xbb, 0x32, 0x9b, 0x32, 0x9b, 0x32, 0x9b, 0x32,
  0x9b, 0x32, 0x9b, 0x32, 0x9b, 0x32, 0x9b, 0x32, 0x9b, 0x32, 0x9b, 0x32, 0x9b, 0x32, 0x9b, 0x32, 0x9b, 0x32, 0x9b, 0x32, 0x9b, 0x32, 0x9b, 0x32, 0x9b, 0x32, 0x9b, 0x32, 0xb2, 0x29, 0x65, 0x93,
  0xa6, 0xed, 0x41, 0xed, 0x40, 0xf5, 0x20, 0xf5, 0x21, 0xf5, 0x03, 0xf5, 0x88, 0xed, 0x24, 0x8b, 0x37, 0x2a, 0x9b, 0x32, 0x9b, 0x32, 0x9b, 0x32, 0x9b, 0x32, 0x9b, 0x32, 0x9b, 0x32, 0x9b, 0x32,
  0x9b, 0x32, 0x9b, 0x32, 0x9b, 0x32, 0x36, 0x32, 0x85, 0x9b, 0x65, 0xf5, 0x22, 0xf5, 0x21, 0xf5, 0x21, 0xfd, 0x41, 0xf5, 0x43, 0xed, 0x87, 0xe5, 0x0c, 0x6b, 0x9b, 0x32, 0x9a, 0x32, 0x9b, 0x32,
  0xcd, 0x39, 0x85, 0xc4, 0x84, 0xf5, 0xe1, 0xf4, 0x21, 0xfd, 0x21, 0xf5, 0x21, 0xf5, 0x44, 0xed, 0xa5, 0xc4, 0x53, 0x42, 0x9b, 0x32, 0x9b, 0x32, 0x9b, 0x32, 0x9b, 0x32, 0x9b, 0x32, 0x9b, 0x32,
  0x9b, 0x32, 0x9b, 0x32, 0x9b, 0x32, 0x9b, 0x32, 0x9b, 0x32, 0x70, 0x4a, 0x07, 0xd5, 0x44, 0xf5, 0x01, 0xf5, 0x21, 0xf5, 0x21, 0xf5, 0x21, 0xf5, 0x65, 0xf5, 0xa7, 0xc4, 0x30, 0x3a, 0x9b, 0x32,
  0x9b, 0x32, 0xee, 0x31, 0x45, 0xc4, 0x44, 0xf5, 0x01, 0xf5, 0x21, 0xfd, 0x21, 0xf5, 0x21, 0xf5, 0x22, 0xed, 0x67, 0xed, 0x4c, 0x52, 0x7a, 0x32, 0x9b, 0x32, 0x9b, 0x32, 0x9b, 0x32, 0x9b, 0x32,
  0x9b, 0x32, 0x9b, 0x32, 0x9b, 0x32, 0x9b, 0x32, 0x9b, 0x32, 0x9b, 0x32, 0x9b, 0x32, 0x9b, 0x32, 0x9b, 0x32, 0x9b, 0x32, 0x9b, 0x32, 0x9b, 0x32, 0x9b, 0x32, 0x9b, 0x32, 0xf4, 0x29, 0x26, 0x93,
  0x67, 0xf5, 0x02, 0xf5, 0x22, 0xf5, 0x41, 0xf5, 0x20, 0xf5, 0x20, 0xfd, 0x20, 0xf5, 0x41, 0xf5, 0x40, 0xf5, 0x00, 0xf5, 0x01, 0xfd, 0x41, 0xfd, 0x21, 0xed, 0x45, 0xed, 0xa7, 0xc4, 0x2c, 0x4a,
  0x9b, 0x32, 0x9b, 0x32, 0x9b, 0x32, 0x9b, 0x32, 0x9b, 0x32, 0x9b, 0x32, 0x9b, 0x32, 0x37, 0x2a, 0x03, 0x83, 0x67, 0xed, 0x23, 0xf5, 0x21, 0xf5, 0x41, 0xfd, 0x21, 0xf5, 0x42, 0xed, 0x87, 0xed,
  0x07, 0x83, 0x16, 0x2a, 0x9b, 0x32, 0x9b, 0x32, 0x9b, 0x32, 0x9b, 0x32, 0x9b, 0x32, 0x9b, 0x32, 0x9b, 0x32, 0x9b, 0x32, 0x9b, 0x32, 0x9b, 0x32, 0x16, 0x2a, 0xc8, 0xa3, 0x44, 0xed, 0x42, 0xf5,
  0x22, 0xf5, 0x21, 0xfd, 0x20, 0xf5, 0x22, 0xed, 0x66, 0xe5, 0x84, 0x6a, 0x9a, 0x32, 0x9b, 0x32, 0x9b, 0x32, 0x9b, 0x32, 0x9b, 0x32, 0x9b, 0x32, 0x9b, 0x32, 0x9b, 0x32, 0x9b, 0x32, 0x9b, 0x32,
  0x9b, 0x32, 0x9b, 0x32, 0x9b, 0x32, 0x9b, 0x32, 0x13, 0x32, 0x86, 0x93, 0x88, 0xed, 0x22, 0xe5, 0x21, 0xed, 0x21, 0xf5, 0x01, 0xf5, 0x21, 0xfd, 0x42, 0xf5, 0x44, 0xed, 0xc6, 0xd4, 0x81, 0x59,
  0xa4, 0x7a, 0x47, 0xdd, 0x85, 0xed, 0x23, 0xed, 0x43, 0xf5, 0x21, 0xf5, 0x41, 0xf5, 0x21, 0xed, 0x43, 0xed, 0xc7, 0xed, 0x05, 0xa4, 0xee, 0x39, 0x9b, 0x32, 0x9b, 0x32, 0x9b, 0x32, 0x9b, 0x32,
  0x9b, 0x32, 0x9b, 0x32, 0x9b, 0x32, 0x9b, 0x32, 0x9b, 0x32, 0x9b, 0x32, 0x9b, 0x32, 0x9b, 0x32, 0x9b, 0x32, 0x9b, 0x32, 0x9b, 0x32, 0x9b, 0x32, 0x9b, 0x32, 0x9b, 0x32, 0x9b, 0x32, 0x9b, 0x32,
  0x9b, 0x32, 0xfb, 0x42, 0x9b, 0x32, 0x9b, 0x32, 0x9b, 0x32, 0x9b, 0x32, 0x9b, 0x32, 0x9b, 0x32, 0x9b, 0x32, 0x9b, 0x32, 0x9b, 0x32, 0x9b, 0x32, 0x9b, 0x32, 0x9b, 0x32, 0x9b, 0x32, 0x9b, 0x32,
  0xbb, 0x32, 0xbb, 0x32, 0xbb, 0x32, 0xbb, 0x32, 0xbb, 0x32, 0xbb, 0x32, 0xbb, 0x32, 0xbb, 0x32, 0xbb, 0x32, 0xbb, 0x32, 0xbb, 0x32, 0xbb, 0x32, 0xbb, 0x32, 0xbb, 0x32, 0xbb, 0x32, 0xbb, 0x32,
  0xbb, 0x32, 0xbb, 0x32, 0xbb, 0x32, 0xbb, 0x32, 0xbb, 0x32, 0xbb, 0x32, 0xbb, 0x32, 0xbb, 0x32, 0xbb, 0x32, 0xbb, 0x32, 0xbb, 0x32, 0xbb, 0x32, 0xbb, 0x32, 0xbb, 0x32, 0xbb, 0x32, 0xbb, 0x32,
  0xac, 0x62, 0x47, 0xdd, 0x43, 0xed, 0x40, 0xf5, 0x40, 0xf5, 0x20, 0xf5, 0x02, 0xf5, 0x86, 0xfd, 0x03, 0x9b, 0x6e, 0x29, 0xbb, 0x32, 0xbb, 0x32, 0xbb, 0x32, 0xbb, 0x32, 0xbb, 0x32, 0xbb, 0x32,
  0xbb, 0x32, 0xbb, 0x32, 0xba, 0x32, 0xba, 0x32, 0xbb, 0x32, 0xbb, 0x32, 0x36, 0x2a, 0x57, 0x2a, 0x9a, 0x32, 0x9a, 0x32, 0xbb, 0x32, 0xbb, 0x32, 0xbb, 0x32, 0xbb, 0x32, 0xbb, 0x32, 0xbb, 0x32,
  0x9a, 0x32, 0xad, 0x5a, 0x47, 0xdd, 0x42, 0xed, 0x21, 0xf5, 0x21, 0xf5, 0x21, 0xf5, 0x01, 0xf5, 0x66, 0xf5, 0xc4, 0xab, 0xf2, 0x31, 0xbb, 0x32, 0xbb, 0x32, 0xbb, 0x32, 0xbb, 0x32, 0xbb, 0x32,
  0xbb, 0x32, 0xbb, 0x32, 0xbb, 0x32, 0xbb, 0x32, 0xbb, 0x32, 0xbb, 0x32, 0xbb, 0x32, 0xbb, 0x32, 0xbb, 0x32, 0xbb, 0x32, 0xbb, 0x32, 0xbb, 0x32, 0xbb, 0x32, 0xbb, 0x32, 0x31, 0x3a, 0x24, 0xbc,
  0x64, 0xed, 0x20, 0xed, 0x40, 0xf5, 0x20, 0xf5, 0x21, 0xf5, 0x04, 0xed, 0x48, 0xdd, 0x8d, 0x52, 0x99, 0x32, 0xbb, 0x32, 0xbb, 0x32, 0xbb, 0x32, 0xbb, 0x32, 0xbb, 0x32, 0xbb, 0x32, 0xbb, 0x32,
  0xbb, 0x32, 0xbb, 0x32, 0x9a, 0x32, 0xca, 0x41, 0xc8, 0xcc, 0x24, 0xed, 0x01, 0xf5, 0x21, 0xf5, 0x21, 0xf5, 0x01, 0xf5, 0x65, 0xed, 0xc8, 0xc4, 0xed, 0x39, 0xbb, 0x32, 0xbb, 0x32, 0x99, 0x32,
  0x89, 0x62, 0x26, 0xe5, 0x23, 0xf5, 0x21, 0xfd, 0x00, 0xf5, 0x21, 0xf5, 0x21, 0xed, 0x85, 0xed, 0x83, 0x93, 0x34, 0x2a, 0xbb, 0x32, 0xbb, 0x32, 0xbb, 0x32, 0xbb, 0x32, 0xbb, 0x32, 0xbb, 0x32,
  0xbb, 0x32, 0xbb, 0x32, 0xbb, 0x32, 0xbb, 0x32, 0x9a, 0x32, 0x66, 0x62, 0x67, 0xed, 0x22, 0xf5, 0x01, 0xf5, 0x21, 0xf5, 0x21, 0xf5, 0x22, 0xed, 0x66, 0xed, 0xa9, 0x93, 0x57, 0x2a, 0xbb, 0x32,
  0x9a, 0x32, 0xad, 0x5a, 0x26, 0xdd, 0x22, 0xf5, 0x21, 0xf5, 0x21, 0xf5, 0x22, 0xf5, 0x01, 0xed, 0x64, 0xf5, 0xe4, 0xbb, 0xaf, 0x39, 0x9a, 0x32, 0xbb, 0x32, 0xbb, 0x32, 0xbb, 0x32, 0xbb, 0x32,
  0xbb, 0x32, 0xbb, 0x32, 0xbb, 0x32, 0xbb, 0x32, 0xbb, 0x32, 0xbb, 0x32, 0xbb, 0x32, 0xbb, 0x32, 0xbb, 0x32, 0xbb, 0x32, 0xbb, 0x32, 0xbb, 0x32, 0xbb, 0x32, 0xbb, 0x32, 0x11, 0x3a, 0x05, 0xb4,
  0x66, 0xfd, 0x01, 0xf5, 0x21, 0xf5, 0x00, 0xed, 0x41, 0xfd, 0x20, 0xf5, 0x42, 0xf5, 0x44, 0xed, 0x22, 0xed, 0x21, 0xfd, 0x01, 0xfd, 0x21, 0xf5, 0x21, 0xf5, 0x22, 0xf5, 0x67, 0xed, 0x46, 0xb4,
  0xcd, 0x39, 0xbb, 0x32, 0xbb, 0x32, 0xbb, 0x32, 0xbb, 0x32, 0xbb, 0x32, 0xbb, 0x32, 0x76, 0x3a, 0x45, 0xbc, 0x45, 0xed, 0x02, 0xf5, 0x21, 0xf5, 0x21, 0xf5, 0x00, 0xf5, 0x43, 0xf5, 0x06, 0xdd,
  0x29, 0x52, 0xbb, 0x32, 0xbb, 0x32, 0xbb, 0x32, 0xbb, 0x32, 0xbb, 0x32, 0xbb, 0x32, 0xbb, 0x32, 0xbb, 0x32, 0xbb, 0x32, 0xbb, 0x32, 0xbb, 0x32, 0xed, 0x39, 0x87, 0xc4, 0x44, 0xed, 0x22, 0xf5,
  0x22, 0xf5, 0x01, 0xf5, 0x21, 0xf5, 0x43, 0xed, 0x27, 0xd5, 0xc8, 0x41, 0xbb, 0x32, 0xbb, 0x32, 0xbb, 0x32, 0xbb, 0x32, 0xbb, 0x32, 0xbb, 0x32, 0xbb, 0x32, 0xbb, 0x32, 0xbb, 0x32, 0xbb, 0x32,
  0xbb, 0x32, 0xbb, 0x32, 0xbb, 0x32, 0xbb, 0x32, 0xbb, 0x32, 0x31, 0x3a, 0x06, 0xa4, 0x87, 0xe5, 0x03, 0xed, 0x02, 0xf5, 0x22, 0xfd, 0x21, 0xf5, 0x00, 0xed, 0x02, 0xf5, 0x24, 0xed, 0xe4, 0xdc,
  0x45, 0xe5, 0x44, 0xed, 0x01, 0xed, 0x42, 0xf5, 0x21, 0xed, 0x42, 0xf5, 0x23, 0xed, 0x86, 0xed, 0x27, 0xdd, 0x89, 0x83, 0xef, 0x31, 0xbb, 0x32, 0xbb, 0x32, 0xbb, 0x32, 0xbb, 0x32, 0xbb, 0x32,
  0xbb, 0x32, 0xbb, 0x32, 0xbb, 0x32, 0xbb, 0x32, 0xbb, 0x32, 0xbb, 0x32, 0xbb, 0x32, 0xbb, 0x32, 0xbb, 0x32, 0xbb, 0x32, 0xbb, 0x32, 0xbb, 0x32, 0xbb, 0x32, 0xbb, 0x32, 0xbb, 0x32, 0xbb, 0x32,
  0x1b, 0x43, 0xbb, 0x32, 0xbb, 0x32, 0xbb, 0x32, 0xbb, 0x32, 0xbb, 0x32, 0xbb, 0x32, 0xbb, 0x32, 0xbb, 0x32, 0xbb, 0x32, 0xbb, 0x32, 0xbb, 0x32, 0xbb, 0x32, 0xbb, 0x32, 0xbb, 0x32, 0xbb, 0x32,
  0xbb, 0x32, 0xbb, 0x32, 0xbb, 0x32, 0xbb, 0x32, 0xbb, 0x32, 0xbb, 0x32, 0xbb, 0x32, 0xbb, 0x32, 0xbb, 0x32, 0xbb, 0x32, 0xbb, 0x32, 0xbb, 0x32, 0xbb, 0x32, 0xbb, 0x32, 0xbb, 0x32, 0xbb, 0x32,
  0xbb, 0x32, 0xbb, 0x32, 0xbb, 0x32, 0xbb, 0x32, 0xbb, 0x32, 0xbb, 0x32, 0xbb, 0x32, 0xbb, 0x32, 0xbb, 0x32, 0xbb, 0x32, 0xbb, 0x32, 0xbb, 0x32, 0xbb, 0x32, 0xbb, 0x32, 0xbb, 0x32, 0x74, 0x3a,
  0x66, 0x93, 0x87, 0xed, 0x21, 0xe5, 0x21, 0xf5, 0x20, 0xf5, 0x20, 0xf5, 0x01, 0xf5, 0x44, 0xf5, 0xa2, 0xb3, 0xa4, 0x72, 0x29, 0x73, 0x0a, 0x6b, 0x0b, 0x6b, 0x0a, 0x6b, 0xea, 0x72, 0xe9, 0x72,
  0xea, 0x72, 0xea, 0x72, 0xe9, 0x72, 0xc8, 0x6a, 0xea, 0x72, 0x0a, 0x73, 0xc7, 0x72, 0x0a, 0x73, 0x87, 0x41, 0x9a, 0x32, 0xbb, 0x32, 0xbb, 0x32, 0xbb, 0x32, 0xbb, 0x32, 0xbb, 0x32, 0xbb, 0x32,
  0x15, 0x2a, 0x26, 0x83, 0x87, 0xed, 0x01, 0xed, 0x01, 0xf5, 0x01, 0xf5, 0x21, 0xf5, 0x20, 0xf5, 0x64, 0xf5, 0x42, 0xa3, 0x05, 0x5a, 0x68, 0x5a, 0x68, 0x5a, 0x48, 0x52, 0x48, 0x52, 0x28, 0x52,
  0x48, 0x52, 0x69, 0x52, 0x48, 0x52, 0x48, 0x52, 0x28, 0x52, 0x28, 0x52, 0x49, 0x4a, 0x6b, 0x52, 0x94, 0x3a, 0xbb, 0x32, 0xbb, 0x32, 0xbb, 0x32, 0xbb, 0x32, 0xbb, 0x32, 0x6e, 0x4a, 0xc5, 0xd4,
  0x43, 0xf5, 0x00, 0xf5, 0x01, 0xf5, 0x01, 0xf5, 0xe1, 0xec, 0x85, 0xf5, 0x25, 0xb4, 0x11, 0x32, 0xbb, 0x32, 0xbb, 0x32, 0xbb, 0x32, 0xbb, 0x32, 0xbb, 0x32, 0xbb, 0x32, 0xbb, 0x32, 0xbb, 0x32,
  0xbb, 0x32, 0xbb, 0x32, 0x9a, 0x32, 0xc4, 0x72, 0x67, 0xe5, 0x02, 0xed, 0x01, 0xf5, 0x21, 0xf5, 0x20, 0xed, 0x02, 0xed, 0x66, 0xed, 0x68, 0x8b, 0x79, 0x2a, 0xbb, 0x32, 0xbb, 0x32, 0x14, 0x2a,
  0x64, 0x93, 0x66, 0xed, 0xe1, 0xec, 0x00, 0xf5, 0x01, 0xf5, 0x01, 0xed, 0x02, 0xe5, 0x87, 0xe5, 0xcb, 0x62, 0x99, 0x32, 0xbb, 0x32, 0xbb, 0x32, 0xbb, 0x32, 0xbb, 0x32, 0xbb, 0x32, 0xbb, 0x32,
  0xbb, 0x32, 0xbb, 0x32, 0xbb, 0x32, 0xbb, 0x32, 0x99, 0x2a, 0x44, 0x8b, 0x65, 0xf5, 0x01, 0xf5, 0x01, 0xf5, 0x01, 0xf5, 0x01, 0xf5, 0x23, 0xed, 0x07, 0xdd, 0x4a, 0x52, 0xbb, 0x32, 0xbb, 0x32,
  0x36, 0x2a, 0x25, 0x83, 0x86, 0xed, 0x01, 0xed, 0x00, 0xf5, 0x01, 0xf5, 0x21, 0xf5, 0x01, 0xed, 0x44, 0xf5, 0x22, 0xab, 0xa4, 0x59, 0x47, 0x52, 0x69, 0x52, 0x69, 0x5a, 0x48, 0x5a, 0x69, 0x52,
  0x69, 0x52, 0x48, 0x52, 0x28, 0x5a, 0x48, 0x5a, 0x49, 0x52, 0x48, 0x52, 0x28, 0x4a, 0x6a, 0x52, 0x93, 0x3a, 0xbb, 0x32, 0xbb, 0x32, 0xbb, 0x32, 0xbb, 0x32, 0xbb, 0x32, 0xb2, 0x4a, 0xe5, 0xd4,
  0x23, 0xed, 0x00, 0xf5, 0x20, 0xf5, 0x21, 0xf5, 0xe1, 0xf4, 0x63, 0xf5, 0x82, 0xab, 0xe5, 0xb3, 0x65, 0xed, 0x02, 0xf5, 0x02, 0xfd, 0x00, 0xf5, 0x20, 0xed, 0x21, 0xf5, 0x02, 0xed, 0x67, 0xed,
  0x85, 0x93, 0xf3, 0x29, 0xbb, 0x32, 0xbb, 0x32, 0xbb, 0x32, 0xbb, 0x32, 0xbb, 0x32, 0x08, 0x4a, 0x27, 0xdd, 0x22, 0xed, 0x00, 0xed, 0x21, 0xf5, 0x00, 0xed, 0x21, 0xed, 0x43, 0xed, 0x05, 0xac,
  0xd1, 0x29, 0xbb, 0x32, 0xbb, 0x32, 0xbb, 0x32, 0xbb, 0x32, 0xbb, 0x32, 0xbb, 0x32, 0xbb, 0x32, 0xbb, 0x32, 0xbb, 0x32, 0xbb, 0x32, 0x1b, 0x43, 0xa9, 0x62, 0x26, 0xe5, 0x23, 0xed, 0x21, 0xed,
  0x21, 0xed, 0x00, 0xf5, 0x01, 0xed, 0x65, 0xed, 0x27, 0xac, 0x35, 0x32, 0xbb, 0x32, 0xbb, 0x32, 0xbb, 0x32, 0xbb, 0x32, 0xbb, 0x32, 0xbb, 0x32, 0xbb, 0x32, 0xbb, 0x32, 0xbb, 0x32, 0xbb, 0x32,
  0xbb, 0x32, 0xbb, 0x32, 0xbb, 0x32, 0xbb, 0x32, 0xbb, 0x32, 0xbb, 0x32, 0x0e, 0x3a, 0x66, 0xbc, 0x46, 0xed, 0xe2, 0xec, 0x21, 0xf5, 0x21, 0xed, 0x21, 0xf5, 0x21, 0xf5, 0x01, 0xf5, 0x23, 0xed,
  0x22, 0xed, 0x21, 0xf5, 0x21, 0xf5, 0x00, 0xed, 0x22, 0xe5, 0x44, 0xe5, 0xa8, 0xed, 0xe6, 0xab, 0x2d, 0x4a, 0x78, 0x2a, 0xbb, 0x32, 0xbb, 0x32, 0xbb, 0x32, 0xbb, 0x32, 0xbb, 0x32, 0xbb, 0x32,
  0xbb, 0x32, 0xbb, 0x32, 0xbb, 0x32, 0xbb, 0x32, 0xbb, 0x32, 0xbb, 0x32, 0xbb, 0x32, 0xbb, 0x32, 0xbb, 0x32, 0xbb, 0x32, 0xbb, 0x32, 0xbb, 0x32, 0xbb, 0x32, 0xbb, 0x32, 0xbb, 0x32, 0x1b, 0x43,
  0xbb, 0x32, 0xbb, 0x32, 0xbb, 0x32, 0xbb, 0x32, 0xbb, 0x32, 0xbb, 0x32, 0xbb, 0x32, 0xbb, 0x32, 0xbb, 0x32, 0xbb, 0x32, 0xbb, 0x32, 0xbb, 0x32, 0xbb, 0x32, 0xbb, 0x32, 0xbb, 0x32, 0xbb, 0x32,
  0xba, 0x32, 0xba, 0x32, 0xba, 0x32, 0xba, 0x32, 0xba, 0x32, 0xba, 0x32, 0xba, 0x32, 0xba, 0x32, 0xba, 0x32, 0xba, 0x32, 0xba, 0x32, 0xba, 0x32, 0xba, 0x32, 0xba, 0x32, 0xba, 0x32, 0xba, 0x32,
  0xba, 0x32, 0xba, 0x32, 0xba, 0x32, 0xba, 0x32, 0xba, 0x32, 0xba, 0x32, 0xba, 0x32, 0xba, 0x32, 0xba, 0x32, 0xba, 0x32, 0xba, 0x32, 0xba, 0x32, 0xba, 0x32, 0xba, 0x32, 0x1a, 0x43, 0x71, 0x42,
  0xe9, 0xcc, 0x67, 0xed, 0x23, 0xed, 0x42, 0xf5, 0x22, 0xfd, 0x23, 0xfd, 0x23, 0xf5, 0x44, 0xf5, 0x45, 0xed, 0x67, 0xe5, 0x47, 0xdd, 0x68, 0xe5, 0x49, 0xe5, 0x49, 0xe5, 0x48, 0xe5, 0x48, 0xe5,
  0x48, 0xe5, 0x48, 0xed, 0x27, 0xe5, 0x48, 0xe5, 0x48, 0xe5, 0x68, 0xed, 0x68, 0xe5, 0x8a, 0xe5, 0x8a, 0xbc, 0xe9, 0x41, 0x99, 0x32, 0xba, 0x32, 0xba, 0x32, 0xba, 0x32, 0xba, 0x32, 0xba, 0x32,
  0x92, 0x42, 0x26, 0xb4, 0x87, 0xf5, 0x22, 0xf5, 0x02, 0xfd, 0x43, 0xfd, 0x43, 0xf5, 0x42, 0xfd, 0x23, 0xf5, 0x26, 0xe5, 0x27, 0xdd, 0x27, 0xdd, 0x28, 0xdd, 0x08, 0xd5, 0x09, 0xdd, 0x09, 0xdd,
  0x09, 0xdd, 0x29, 0xd5, 0x09, 0xdd, 0x08, 0xdd, 0x08, 0xdd, 0x08, 0xd5, 0x09, 0xcd, 0x4d, 0xcd, 0xf1, 0x5a, 0xba, 0x32, 0xba, 0x32, 0xba, 0x32, 0xba, 0x32, 0x98, 0x32, 0x87, 0x6a, 0x67, 0xed,
  0x24, 0xf5, 0x23, 0xfd, 0x23, 0xfd, 0x23, 0xfd, 0x23, 0xf5, 0x86, 0xf5, 0x28, 0x83, 0x34, 0x2a, 0xba, 0x32, 0xba, 0x32, 0xba, 0x32, 0xba, 0x32, 0xba, 0x32, 0xba, 0x32, 0xba, 0x32, 0xba, 0x32,
  0xba, 0x32, 0xba, 0x32, 0xf2, 0x29, 0x69, 0xb4, 0x66, 0xed, 0x44, 0xf5, 0x23, 0xf5, 0x43, 0xf5, 0x43, 0xf5, 0x44, 0xed, 0x28, 0xdd, 0x06, 0x52, 0xba, 0x32, 0xba, 0x32, 0xba, 0x32, 0x93, 0x42,
  0xa7, 0xcc, 0x66, 0xf5, 0x23, 0xf5, 0x22, 0xf5, 0x23, 0xf5, 0x24, 0xed, 0x66, 0xed, 0xc7, 0xcc, 0x4e, 0x42, 0xba, 0x32, 0xba, 0x32, 0xba, 0x32, 0xba, 0x32, 0xba, 0x32, 0xba, 0x32, 0xba, 0x32,
  0xba, 0x32, 0xba, 0x32, 0xba, 0x32, 0xb9, 0x32, 0x32, 0x32, 0x68, 0xbc, 0x45, 0xf5, 0x22, 0xfd, 0x23, 0xfd, 0x24, 0xf5, 0x03, 0xf5, 0x65, 0xf5, 0x69, 0xbc, 0xd0, 0x29, 0xba, 0x32, 0xba, 0x32,
  0x32, 0x32, 0xe5, 0xab, 0xa7, 0xf5, 0x23, 0xf5, 0x02, 0xfd, 0x23, 0xfd, 0x23, 0xf5, 0x23, 0xf5, 0x44, 0xf5, 0x06, 0xed, 0x27, 0xdd, 0x47, 0xd5, 0x48, 0xd5, 0x28, 0xdd, 0x08, 0xdd, 0x27, 0xdd,
  0x27, 0xdd, 0x08, 0xdd, 0x08, 0xdd, 0x08, 0xdd, 0x09, 0xd5, 0x28, 0xd5, 0x07, 0xcd, 0x8c, 0xd5, 0x50, 0x63, 0xba, 0x32, 0xba, 0x32, 0xba, 0x32, 0xba, 0x32, 0x99, 0x32, 0xaa, 0x62, 0x88, 0xf5,
  0x24, 0xf5, 0x22, 0xf5, 0x22, 0xf5, 0x23, 0xf5, 0x25, 0xf5, 0x25, 0xe5, 0x44, 0x6a, 0x65, 0x41, 0xe7, 0xcc, 0x46, 0xed, 0x24, 0xfd, 0x23, 0xf5, 0x43, 0xf5, 0x23, 0xf5, 0x23, 0xf5, 0x24, 0xed,
  0x4a, 0xdd, 0x0a, 0x73, 0x98, 0x32, 0xba, 0x32, 0xba, 0x32, 0xba, 0x32, 0x99, 0x32, 0x84, 0x72, 0x67, 0xed, 0x23, 0xed, 0x42, 0xf5, 0x43, 0xf5, 0x22, 0xf5, 0x44, 0xf5, 0x66, 0xed, 0x47, 0x83,
  0xba, 0x32, 0xba, 0x32, 0xba, 0x32, 0xba, 0x32, 0xba, 0x32, 0xba, 0x32, 0xba, 0x32, 0xba, 0x32, 0xba, 0x32, 0xba, 0x32, 0x1a, 0x43, 0x35, 0x2a, 0xc8, 0x93, 0x66, 0xf5, 0x23, 0xed, 0x42, 0xf5,
  0x42, 0xf5, 0x22, 0xf5, 0x24, 0xf5, 0x68, 0xed, 0x84, 0x6a, 0x98, 0x32, 0xba, 0x32, 0xba, 0x32, 0xba, 0x32, 0xba, 0x32, 0xba, 0x32, 0xba, 0x32, 0xba, 0x32, 0xba, 0x32, 0xba, 0x32, 0xba, 0x32,
  0xba, 0x32, 0xba, 0x32, 0xba, 0x32, 0xba, 0x32, 0xba, 0x32, 0xba, 0x32, 0xb9, 0x32, 0xc5, 0x49, 0xc7, 0xd4, 0x45, 0xf5, 0x23, 0xed, 0x43, 0xf5, 0x43, 0xf5, 0x43, 0xf5, 0x23, 0xf5, 0x43, 0xf5,
  0x23, 0xf5, 0x22, 0xf5, 0x23, 0xf5, 0x44, 0xf5, 0x66, 0xe5, 0x27, 0xd5, 0x06, 0x7b, 0xf1, 0x31, 0xba, 0x32, 0xba, 0x32, 0xba, 0x32, 0xba, 0x32, 0xba, 0x32, 0xba, 0x32, 0xba, 0x32, 0xba, 0x32,
  0xba, 0x32, 0xba, 0x32, 0xba, 0x32, 0xba, 0x32, 0xba, 0x32, 0xba, 0x32, 0xba, 0x32, 0xba, 0x32, 0xba, 0x32, 0xba, 0x32, 0xba, 0x32, 0xba, 0x32, 0xba, 0x32, 0xba, 0x32, 0x1a, 0x43, 0xba, 0x32,
  0xba, 0x32, 0xba, 0x32, 0xba, 0x32, 0xba, 0x32, 0xba, 0x32, 0xba, 0x32, 0xba, 0x32, 0xba, 0x32, 0xba, 0x32, 0xba, 0x32, 0xba, 0x32, 0xba, 0x32, 0xba, 0x32, 0xba, 0x32, 0xba, 0x32, 0xba, 0x32,
  0xfb, 0x42, 0xfb, 0x42, 0xfb, 0x42, 0xfb, 0x42, 0xfb, 0x42, 0xfb, 0x42, 0xfb, 0x42, 0xfb, 0x42, 0xfb, 0x42, 0xfb, 0x42, 0xfb, 0x42, 0xfb, 0x42, 0xfb, 0x42, 0xfb, 0x42, 0xfb, 0x42, 0xfb, 0x42,
  0xfb, 0x42, 0xfb, 0x42, 0xfb, 0x42, 0xfb, 0x42, 0xfb, 0x42, 0xfb, 0x42, 0xfb, 0x42, 0xfb, 0x42, 0xfb, 0x42, 0xfb, 0x42, 0xfb, 0x42, 0xfb, 0x42, 0xfb, 0x42, 0x3b, 0x4b, 0xfb, 0x42, 0xd4, 0x4a,
  0x49, 0xb4, 0x46, 0xc4, 0x43, 0xd4, 0x03, 0xd4, 0x03, 0xdc, 0x04, 0xdc, 0x04, 0xd4, 0x24, 0xd4, 0x04, 0xd4, 0x04, 0xd4, 0x05, 0xd4, 0x05, 0xcc, 0x05, 0xcc, 0x05, 0xcc, 0x05, 0xcc, 0x25, 0xcc,
  0x05, 0xcc, 0x04, 0xd4, 0x05, 0xd4, 0x05, 0xcc, 0x25, 0xcc, 0x04, 0xcc, 0x24, 0xcc, 0x05, 0xc4, 0x48, 0xcc, 0x27, 0x9b, 0xcd, 0x39, 0xfb, 0x42, 0xfb, 0x42, 0xfb, 0x42, 0xfb, 0x42, 0x3b, 0x4b,
  0xb4, 0x4a, 0xe6, 0xbb, 0x25, 0xd4, 0x23, 0xd4, 0x03, 0xdc, 0x04, 0xdc, 0x24, 0xdc, 0x03, 0xdc, 0x23, 0xd4, 0x44, 0xcc, 0x45, 0xcc, 0x25, 0xcc, 0x25, 0xcc, 0x25, 0xcc, 0x26, 0xcc, 0x26, 0xd4,
  0x26, 0xcc, 0x46, 0xcc, 0x26, 0xd4, 0x06, 0xd4, 0x06, 0xd4, 0x26, 0xcc, 0x47, 0xc4, 0x08, 0xac, 0xb2, 0x4a, 0xfb, 0x42, 0xfb, 0x42, 0xfb, 0x42, 0xfb, 0x42, 0x55, 0x3a, 0xe5, 0x92, 0x87, 0xd4,
  0x04, 0xd4, 0x23, 0xd4, 0x23, 0xdc, 0x23, 0xdc, 0x24, 0xd4, 0x24, 0xcc, 0x45, 0x7a, 0xce, 0x39, 0x0e, 0x42, 0x10, 0x42, 0x31, 0x42, 0x52, 0x42, 0x31, 0x42, 0x30, 0x42, 0x0f, 0x42, 0x30, 0x42,
  0x31, 0x42, 0x0f, 0x42, 0xe4, 0x61, 0x27, 0xc4, 0x45, 0xd4, 0x24, 0xd4, 0x04, 0xd4, 0x24, 0xd4, 0x23, 0xd4, 0x65, 0xcc, 0xc5, 0xa3, 0x75, 0x3a, 0xfb, 0x42, 0xfb, 0x42, 0xdb, 0x3a, 0x4d, 0x52,
  0x47, 0xd4, 0x24, 0xd4, 0x24, 0xd4, 0x24, 0xd4, 0x23, 0xd4, 0x24, 0xd4, 0x66, 0xd4, 0x06, 0x8b, 0xd1, 0x29, 0xfb, 0x42, 0xfb, 0x42, 0xfb, 0x42, 0xfb, 0x42, 0xfb, 0x42, 0xfb, 0x42, 0xfb, 0x42,
  0xfb, 0x42, 0xfb, 0x42, 0x77, 0x3a, 0xcc, 0x41, 0x23, 0x72, 0x27, 0xc4, 0x25, 0xd4, 0x24, 0xd4, 0x24, 0xd4, 0x24, 0xd4, 0x24, 0xd4, 0x45, 0xd4, 0xc6, 0x7a, 0x98, 0x3a, 0xfb, 0x42, 0xfb, 0x42,
  0x72, 0x4a, 0xc6, 0xb3, 0x45, 0xd4, 0x23, 0xd4, 0x43, 0xdc, 0x23, 0xd4, 0x24, 0xd4, 0x23, 0xdc, 0x24, 0xdc, 0x24, 0xd4, 0x45, 0xd4, 0x25, 0xd4, 0x25, 0xd4, 0x25, 0xd4, 0x26, 0xd4, 0x25, 0xcc,
  0x25, 0xd4, 0x25, 0xd4, 0x26, 0xd4, 0x25, 0xd4, 0x26, 0xcc, 0x25, 0xcc, 0x46, 0xc4, 0x27, 0xb4, 0xf3, 0x52, 0xfb, 0x42, 0xfb, 0x42, 0xfb, 0x42, 0xfb, 0x42, 0x55, 0x3a, 0xe4, 0x8a, 0x86, 0xd4,
  0x24, 0xd4, 0x24, 0xdc, 0x43, 0xdc, 0x03, 0xd4, 0x45, 0xd4, 0x06, 0xb4, 0x09, 0x4a, 0xd8, 0x42, 0x89, 0x62, 0x67, 0xc4, 0x64, 0xcc, 0x23, 0xd4, 0x44, 0xd4, 0x04, 0xd4, 0x03, 0xd4, 0x04, 0xd4,
  0x26, 0xcc, 0x07, 0xbc, 0x29, 0x52, 0xda, 0x3a, 0xfb, 0x42, 0xfb, 0x42, 0x98, 0x3a, 0x06, 0x8b, 0x66, 0xd4, 0x24, 0xd4, 0x44, 0xd4, 0x23, 0xd4, 0x03, 0xd4, 0x44, 0xd4, 0x46, 0xc4, 0x49, 0x5a,
  0xfb, 0x42, 0xfb, 0x42, 0xfb, 0x42, 0xfb, 0x42, 0xfb, 0x42, 0xfb, 0x42, 0xfb, 0x42, 0xfb, 0x42, 0xfb, 0x42, 0x3b, 0x4b, 0xfb, 0x42, 0xed, 0x41, 0xa5, 0xab, 0x66, 0xd4, 0x24, 0xd4, 0x43, 0xd4,
  0x22, 0xd4, 0x23, 0xd4, 0x44, 0xd4, 0x26, 0xbc, 0x71, 0x4a, 0xfb, 0x42, 0xfb, 0x42, 0xfb, 0x42, 0xfb, 0x42, 0xfb, 0x42, 0xfb, 0x42, 0xfb, 0x42, 0xfb, 0x42, 0xfb, 0x42, 0xfb, 0x42, 0xfb, 0x42,
  0xfb, 0x42, 0xfb, 0x42, 0xfb, 0x42, 0xfb, 0x42, 0xfb, 0x42, 0xfb, 0x42, 0xfb, 0x42, 0x98, 0x3a, 0xe6, 0x51, 0x26, 0xc4, 0x64, 0xdc, 0x23, 0xdc, 0x23, 0xd4, 0x23, 0xd4, 0x23, 0xdc, 0x24, 0xdc,
  0x03, 0xd4, 0x03, 0xd4, 0x44, 0xd4, 0x66, 0xcc, 0x87, 0x9b, 0xe7, 0x49, 0xb9, 0x3a, 0xfb, 0x42, 0xfb, 0x42, 0xdb, 0x42, 0xfb, 0x42, 0xfb, 0x42, 0xfb, 0x42, 0xfb, 0x42, 0xfb, 0x42, 0xfb, 0x42,
  0xfb, 0x42, 0xfb, 0x42, 0xfb, 0x42, 0xfb, 0x42, 0xfb, 0x42, 0xfb, 0x42, 0xfb, 0x42, 0xfb, 0x42, 0xfb, 0x42, 0xfb, 0x42, 0xfb, 0x42, 0xfb, 0x42, 0xfb, 0x42, 0x3b, 0x4b, 0xfb, 0x42, 0xfb, 0x42,
  0xfb, 0x42, 0xfb, 0x42, 0xfb, 0x42, 0xfb, 0x42, 0xfb, 0x42, 0xfb, 0x42, 0xfb, 0x42, 0xfb, 0x42, 0xfb, 0x42, 0xfb, 0x42, 0xfb, 0x42, 0xfb, 0x42, 0xfb, 0x42, 0xfb, 0x42, 0xfb, 0x42, 0xfb, 0x42,
  0xbb, 0x3a, 0xbb, 0x3a, 0xbb, 0x3a, 0xbb, 0x3a, 0xbb, 0x3a, 0xbb, 0x3a, 0xbb, 0x3a, 0xbb, 0x3a, 0xbb, 0x3a, 0xbb, 0x3a, 0xbb, 0x3a, 0xbb, 0x3a, 0xbb, 0x3a, 0xbb, 0x3a, 0xbb, 0x3a, 0xbb, 0x3a,
  0xbb, 0x3a, 0xbb, 0x3a, 0xbb, 0x3a, 0xbb, 0x3a, 0xbb, 0x3a, 0xbb, 0x3a, 0xbb, 0x3a, 0xbb, 0x3a, 0xbb, 0x3a, 0xbb, 0x3a, 0xbb, 0x3a, 0xbb, 0x3a, 0x1b, 0x4b, 0xbb, 0x3a, 0xbb, 0x3a, 0x78, 0x32,
  0x67, 0x39, 0x21, 0x7a, 0x40, 0x8a, 0x20, 0x92, 0x00, 0x9a, 0x00, 0x9a, 0x00, 0x92, 0x20, 0x92, 0x20, 0x9a, 0x20, 0x9a, 0x20, 0x9a, 0x20, 0x92, 0x00, 0x9a, 0x00, 0x9a, 0x20, 0x9a, 0x20, 0x92,
  0x00, 0x92, 0x20, 0x9a, 0x00, 0x9a, 0x00, 0x9a, 0x40, 0x92, 0x20, 0x92, 0x20, 0x92, 0x20, 0x92, 0x00, 0x92, 0x42, 0x8a, 0x47, 0x72, 0x75, 0x3a, 0xbb, 0x3a, 0xbb, 0x3a, 0x1b, 0x4b, 0xba, 0x3a,
  0xc8, 0x49, 0x41, 0x92, 0x20, 0x92, 0x20, 0x92, 0x20, 0x92, 0x20, 0x92, 0x20, 0x9a, 0x20, 0x9a, 0x20, 0x92, 0x20, 0x92, 0x20, 0x92, 0x20, 0x92, 0x20, 0x9a, 0x20, 0x92, 0x20, 0x92, 0x20, 0x92,
  0x20, 0x92, 0x20, 0x92, 0x00, 0x9a, 0xe0, 0x99, 0x00, 0x9a, 0x00, 0x92, 0x20, 0x8a, 0xc2, 0x61, 0x13, 0x32, 0xbb, 0x3a, 0xbb, 0x3a, 0xbb, 0x3a, 0xbb, 0x3a, 0xcd, 0x39, 0x42, 0x7a, 0x40, 0x92,
  0x20, 0x92, 0x40, 0x92, 0x40, 0x9a, 0x20, 0x9a, 0x20, 0x9a, 0x20, 0x92, 0x41, 0x8a, 0x44, 0x82, 0x43, 0x82, 0x43, 0x82, 0x43, 0x82, 0x44, 0x82, 0x44, 0x8a, 0x43, 0x8a, 0x43, 0x82, 0x44, 0x82,
  0x44, 0x82, 0x43, 0x82, 0x83, 0x92, 0x40, 0x92, 0x40, 0x9a, 0x40, 0xa2, 0x20, 0x9a, 0x40, 0x92, 0x61, 0x92, 0x41, 0x82, 0xa9, 0x41, 0xbb, 0x3a, 0xbb, 0x3a, 0xbb, 0x3a, 0x9a, 0x3a, 0xa2, 0x59,
  0x40, 0x92, 0x20, 0x92, 0x40, 0x9a, 0x20, 0x9a, 0x20, 0x9a, 0x20, 0x9a, 0x20, 0x92, 0x63, 0x61, 0x8a, 0x41, 0xcc, 0x41, 0xcc, 0x41, 0xac, 0x41, 0xcd, 0x41, 0xed, 0x41, 0xcc, 0x41, 0xed, 0x41,
  0x0d, 0x4a, 0xcc, 0x41, 0x85, 0x51, 0x83, 0x82, 0xa3, 0x92, 0x20, 0x8a, 0x20, 0x9a, 0x20, 0x9a, 0x20, 0x9a, 0x40, 0x92, 0x20, 0x92, 0x61, 0x8a, 0x87, 0x41, 0xbb, 0x3a, 0xbb, 0x3a, 0xba, 0x3a,
  0x87, 0x49, 0x41, 0x92, 0x20, 0x92, 0x20, 0x9a, 0x20, 0x9a, 0x20, 0x9a, 0x20, 0x9a, 0x20, 0x9a, 0x00, 0x9a, 0x20, 0x9a, 0x00, 0x92, 0x00, 0x92, 0x20, 0x92, 0x00, 0x92, 0x20, 0x92, 0x00, 0x92,
  0x00, 0x92, 0x20, 0x92, 0x20, 0x92, 0x20, 0x92, 0x00, 0x92, 0x00, 0x92, 0x21, 0x92, 0xc1, 0x71, 0xf1, 0x39, 0xbb, 0x3a, 0xbb, 0x3a, 0xbb, 0x3a, 0xbb, 0x3a, 0xcd, 0x41, 0x83, 0x8a, 0x40, 0x92,
  0x40, 0x9a, 0x20, 0x9a, 0x20, 0x9a, 0x40, 0x9a, 0x40, 0x92, 0x64, 0x72, 0x55, 0x3a, 0xba, 0x3a, 0x57, 0x32, 0xa4, 0x51, 0xa1, 0x8a, 0x61, 0x92, 0x40, 0x9a, 0x20, 0x92, 0x20, 0x9a, 0x20, 0x9a,
  0x20, 0x92, 0x21, 0x8a, 0x23, 0x7a, 0xcd, 0x39, 0xbb, 0x3a, 0xbb, 0x3a, 0xad, 0x39, 0x22, 0x7a, 0x40, 0x92, 0x40, 0x9a, 0x40, 0x9a, 0x20, 0x9a, 0x40, 0xa2, 0x40, 0x9a, 0x62, 0x7a, 0x13, 0x32,
  0xbb, 0x3a, 0xbb, 0x3a, 0xbb, 0x3a, 0xbb, 0x3a, 0xbb, 0x3a, 0xbb, 0x3a, 0xbb, 0x3a, 0xbb, 0x3a, 0x1b, 0x4b, 0xbb, 0x3a, 0xbb, 0x3a, 0x2c, 0x52, 0x81, 0x8a, 0x60, 0x92, 0x40, 0x9a, 0x20, 0x9a,
  0x40, 0x9a, 0x20, 0x9a, 0x61, 0x92, 0xe0, 0x71, 0x35, 0x3a, 0xbb, 0x3a, 0xbb, 0x3a, 0xbb, 0x3a, 0xbb, 0x3a, 0xbb, 0x3a, 0xbb, 0x3a, 0xbb, 0x3a, 0xbb, 0x3a, 0xbb, 0x3a, 0xbb, 0x3a, 0xbb, 0x3a,
  0xbb, 0x3a, 0xbb, 0x3a, 0xbb, 0x3a, 0xbb, 0x3a, 0xbb, 0x3a, 0xbb, 0x3a, 0xbb, 0x3a, 0x78, 0x32, 0x28, 0x39, 0xe1, 0x81, 0x41, 0x9a, 0x00, 0x9a, 0x40, 0x9a, 0x40, 0x9a, 0x20, 0x9a, 0x20, 0x9a,
  0x00, 0x9a, 0x20, 0x9a, 0x60, 0x92, 0xc0, 0x71, 0xc8, 0x28, 0x79, 0x32, 0xbb, 0x3a, 0xbb, 0x3a, 0xbb, 0x3a, 0xbb, 0x3a, 0xbb, 0x3a, 0xbb, 0x3a, 0xbb, 0x3a, 0xbb, 0x3a, 0xbb, 0x3a, 0xbb, 0x3a,
  0xbb, 0x3a, 0xbb, 0x3a, 0xbb, 0x3a, 0xbb, 0x3a, 0xbb, 0x3a, 0xbb, 0x3a, 0xbb, 0x3a, 0xbb, 0x3a, 0xbb, 0x3a, 0xbb, 0x3a, 0xbb, 0x3a, 0xbb, 0x3a, 0x1b, 0x4b, 0xbb, 0x3a, 0xbb, 0x3a, 0xbb, 0x3a,
  0xbb, 0x3a, 0xbb, 0x3a, 0xbb, 0x3a, 0xbb, 0x3a, 0xbb, 0x3a, 0xbb, 0x3a, 0xbb, 0x3a, 0xbb, 0x3a, 0xbb, 0x3a, 0xbb, 0x3a, 0xbb, 0x3a, 0xbb, 0x3a, 0xbb, 0x3a, 0xbb, 0x3a, 0xbb, 0x3a, 0xbb, 0x3a,
  0xba, 0x32, 0xba, 0x32, 0xba, 0x32, 0xba, 0x32, 0xba, 0x32, 0xba, 0x32, 0xba, 0x32, 0xba, 0x32, 0xba, 0x32, 0xba, 0x32, 0xba, 0x32, 0xba, 0x32, 0xba, 0x32, 0xba, 0x32, 0xba, 0x32, 0xba, 0x32,
  0xba, 0x32, 0xba, 0x32, 0xba, 0x32, 0xba, 0x32, 0xba, 0x32, 0xba, 0x32, 0xba, 0x32, 0xba, 0x32, 0xba, 0x32, 0xba, 0x32, 0xba, 0x32, 0x1a, 0x43, 0xba, 0x32, 0xba, 0x32, 0xba, 0x32, 0xba, 0x32,
  0x78, 0x2a, 0xa5, 0x51, 0x84, 0x8a, 0x83, 0x92, 0x22, 0x9a, 0x42, 0x9a, 0x42, 0x9a, 0x62, 0x9a, 0x62, 0x9a, 0x82, 0x92, 0x81, 0x92, 0x61, 0x92, 0x61, 0x9a, 0x41, 0x9a, 0x41, 0x9a, 0x42, 0x9a,
  0x42, 0x9a, 0x42, 0x9a, 0x42, 0x9a, 0x42, 0x9a, 0x61, 0x9a, 0x61, 0x9a, 0x41, 0x9a, 0x41, 0x9a, 0x41, 0x9a, 0x22, 0x9a, 0x85, 0x92, 0xe6, 0x59, 0x99, 0x32, 0x1a, 0x43, 0xba, 0x32, 0x77, 0x2a,
  0xe3, 0x69, 0x63, 0x9a, 0x61, 0x9a, 0x61, 0x9a, 0x61, 0x9a, 0x60, 0x9a, 0x61, 0x9a, 0x41, 0x9a, 0x82, 0x9a, 0x62, 0x9a, 0x42, 0x9a, 0x62, 0x9a, 0x61, 0x9a, 0x61, 0x9a, 0x62, 0x9a, 0x62, 0x9a,
  0x62, 0x9a, 0x62, 0x9a, 0x42, 0xa2, 0x41, 0xa2, 0x61, 0x9a, 0x62, 0x92, 0xa4, 0x92, 0x28, 0x62, 0x99, 0x32, 0xba, 0x32, 0xba, 0x32, 0xba, 0x32, 0xba, 0x32, 0xc5, 0x51, 0xa3, 0x92, 0x61, 0x9a,
  0x61, 0x9a, 0x61, 0x9a, 0x41, 0x9a, 0x61, 0xa2, 0x60, 0xa2, 0x40, 0xa2, 0x62, 0x9a, 0x63, 0x92, 0x62, 0x92, 0x82, 0x9a, 0x61, 0x9a, 0x62, 0x9a, 0x62, 0x9a, 0x62, 0x9a, 0x62, 0x9a, 0x63, 0x9a,
  0x63, 0x9a, 0x63, 0x9a, 0x62, 0x9a, 0x40, 0x9a, 0x60, 0xa2, 0x60, 0xa2, 0x81, 0xa2, 0xa3, 0x92, 0x44, 0x82, 0xa8, 0x49, 0x99, 0x32, 0xba, 0x32, 0xba, 0x32, 0xba, 0x32, 0x97, 0x32, 0x23, 0x6a,
  0x82, 0x92, 0x41, 0x9a, 0x61, 0xa2, 0x61, 0xa2, 0x40, 0xa2, 0x61, 0xa2, 0x41, 0x9a, 0x22, 0x92, 0x44, 0x8a, 0x44, 0x8a, 0x44, 0x8a, 0x44, 0x8a, 0x44, 0x8a, 0x64, 0x82, 0x44, 0x8a, 0x44, 0x8a,
  0x64, 0x8a, 0x62, 0x8a, 0x82, 0x8a, 0x82, 0x8a, 0x61, 0x92, 0x61, 0x9a, 0x41, 0xa2, 0x61, 0xa2, 0x41, 0x9a, 0x62, 0x92, 0xa4, 0x92, 0x85, 0x7a, 0x75, 0x32, 0xba, 0x32, 0xba, 0x32, 0x56, 0x2a,
  0xa3, 0x69, 0x83, 0x9a, 0x41, 0xa2, 0x61, 0xa2, 0x41, 0xa2, 0x41, 0x9a, 0x61, 0xa2, 0x41, 0x9a, 0x62, 0xa2, 0x62, 0x9a, 0x62, 0x9a, 0x62, 0x9a, 0x62, 0x9a, 0x62, 0x9a, 0x62, 0x9a, 0x62, 0x9a,
  0x62, 0x9a, 0x62, 0x9a, 0x62, 0x9a, 0x62, 0x9a, 0x62, 0x9a, 0x42, 0x92, 0xa5, 0x9a, 0xe6, 0x61, 0x56, 0x2a, 0xba, 0x32, 0xba, 0x32, 0xba, 0x32, 0xba, 0x32, 0x85, 0x51, 0xa4, 0x92, 0x81, 0x9a,
  0x60, 0xa2, 0x61, 0xa2, 0x61, 0xa2, 0x61, 0x9a, 0xa3, 0x9a, 0x47, 0x62, 0xba, 0x32, 0xba, 0x32, 0xba, 0x32, 0x34, 0x2a, 0x05, 0x62, 0xa3, 0x92, 0x62, 0x9a, 0x61, 0xa2, 0x40, 0x9a, 0x61, 0xa2,
  0x41, 0x9a, 0x62, 0x9a, 0x84, 0x92, 0xc3, 0x61, 0xcf, 0x31, 0x56, 0x2a, 0x85, 0x51, 0x84, 0x8a, 0x82, 0x9a, 0x61, 0xa2, 0x41, 0xa2, 0x41, 0xa2, 0x61, 0xa2, 0xa2, 0x9a, 0x24, 0x6a, 0x77, 0x32,
  0xba, 0x32, 0xba, 0x32, 0xba, 0x32, 0xba, 0x32, 0xba, 0x32, 0xba, 0x32, 0xba, 0x32, 0x1a, 0x43, 0xba, 0x32, 0xba, 0x32, 0x56, 0x2a, 0xc5, 0x59, 0xc4, 0x9a, 0x41, 0x9a, 0x40, 0xa2, 0x61, 0xa2,
  0x80, 0xa2, 0x41, 0x9a, 0xa4, 0x9a, 0xe8, 0x59, 0x98, 0x32, 0xba, 0x32, 0xba, 0x32, 0xba, 0x32, 0xba, 0x32, 0xba, 0x32, 0xba, 0x32, 0xba, 0x32, 0xba, 0x32, 0xba, 0x32, 0xba, 0x32, 0xba, 0x32,
  0xba, 0x32, 0xba, 0x32, 0xba, 0x32, 0xba, 0x32, 0xba, 0x32, 0xba, 0x32, 0x77, 0x2a, 0x66, 0x49, 0x03, 0x7a, 0x64, 0x9a, 0x22, 0xa2, 0x41, 0xa2, 0x61, 0xa2, 0x41, 0x9a, 0x61, 0x9a, 0x61, 0xa2,
  0x41, 0xa2, 0x42, 0xa2, 0x62, 0x92, 0x63, 0x8a, 0xa5, 0x51, 0x35, 0x2a, 0xba, 0x32, 0xba, 0x32, 0xba, 0x32, 0xba, 0x32, 0xba, 0x32, 0xba, 0x32, 0xba, 0x32, 0xba, 0x32, 0xba, 0x32, 0xba, 0x32,
  0xba, 0x32, 0xba, 0x32, 0xba, 0x32, 0xba, 0x32, 0xba, 0x32, 0xba, 0x32, 0xba, 0x32, 0xba, 0x32, 0xba, 0x32, 0xba, 0x32, 0xba, 0x32, 0x1a, 0x43, 0xba, 0x32, 0xba, 0x32, 0xba, 0x32, 0xba, 0x32,
  0xba, 0x32, 0xba, 0x32, 0xba, 0x32, 0xba, 0x32, 0xba, 0x32, 0xba, 0x32, 0xba, 0x32, 0xba, 0x32, 0xba, 0x32, 0xba, 0x32, 0xba, 0x32, 0xba, 0x32, 0xba, 0x32, 0xba, 0x32, 0xba, 0x32, 0xba, 0x32,
  0x9a, 0x32, 0x9a, 0x32, 0x9a, 0x32, 0x9a, 0x32, 0x9a, 0x32, 0x9a, 0x32, 0x9a, 0x32, 0x9a, 0x32, 0x9a, 0x32, 0x9a, 0x32, 0x9a, 0x32, 0x9a, 0x32, 0x9a, 0x32, 0x9a, 0x32, 0x9a, 0x32, 0x9a, 0x32,
  0x9a, 0x32, 0x9a, 0x32, 0x9a, 0x32, 0x9a, 0x32, 0x9a, 0x32, 0x9a, 0x32, 0x9a, 0x32, 0x9a, 0x32, 0x9a, 0x32, 0x9a, 0x32, 0xfa, 0x42, 0x9a, 0x32, 0x9a, 0x32, 0x9a, 0x32, 0x9a, 0x32, 0x9a, 0x32,
  0x9a, 0x32, 0x35, 0x32, 0xa6, 0x51, 0x24, 0x7a, 0x44, 0x8a, 0x43, 0x8a, 0x24, 0x8a, 0x24, 0x8a, 0x44, 0x82, 0x64, 0x82, 0x63, 0x82, 0x63, 0x82, 0x62, 0x8a, 0x42, 0x8a, 0x43, 0x8a, 0x44, 0x8a,
  0x44, 0x8a, 0x44, 0x8a, 0x43, 0x8a, 0x42, 0x92, 0x22, 0x9a, 0x21, 0x9a, 0x01, 0x9a, 0x21, 0x92, 0x21, 0x92, 0x00, 0x9a, 0x64, 0x92, 0xa7, 0x49, 0xd9, 0x42, 0x9a, 0x32, 0x9a, 0x32, 0xd0, 0x31,
  0x24, 0x82, 0x22, 0x9a, 0x22, 0x9a, 0x42, 0x9a, 0x21, 0x9a, 0x41, 0x9a, 0x21, 0x92, 0x43, 0x92, 0x44, 0x8a, 0x24, 0x82, 0x04, 0x82, 0x04, 0x82, 0x24, 0x82, 0x23, 0x82, 0x23, 0x82, 0x24, 0x82,
  0x24, 0x82, 0x24, 0x7a, 0x24, 0x82, 0x43, 0x82, 0x43, 0x7a, 0x43, 0x7a, 0x45, 0x72, 0xcc, 0x39, 0x9a, 0x32, 0x9a, 0x32, 0x9a, 0x32, 0x9a, 0x32, 0x57, 0x2a, 0x04, 0x6a, 0x62, 0x9a, 0x21, 0x9a,
  0x21, 0x9a, 0x41, 0x92, 0x41, 0x9a, 0x20, 0x9a, 0x40, 0x9a, 0x41, 0xa2, 0x21, 0x9a, 0x21, 0x92, 0x41, 0x9a, 0x20, 0x9a, 0x20, 0x9a, 0x20, 0x9a, 0x20, 0x9a, 0x41, 0x9a, 0x41, 0x9a, 0x41, 0x9a,
  0x21, 0x9a, 0x41, 0x9a, 0x21, 0x9a, 0x61, 0xa2, 0x41, 0xa2, 0x21, 0x9a, 0x43, 0x8a, 0xa3, 0x59, 0xce, 0x31, 0x99, 0x32, 0x9a, 0x32, 0x9a, 0x32, 0x9a, 0x32, 0x9a, 0x32, 0xcf, 0x31, 0x43, 0x7a,
  0x62, 0x92, 0x21, 0x9a, 0x21, 0xa2, 0x21, 0x9a, 0x21, 0x9a, 0x41, 0x9a, 0x01, 0x9a, 0x43, 0x9a, 0x43, 0x9a, 0x43, 0x9a, 0x22, 0x9a, 0x22, 0x9a, 0x43, 0x9a, 0x43, 0x9a, 0x43, 0x9a, 0x23, 0x9a,
  0x43, 0x9a, 0x63, 0x9a, 0x21, 0x92, 0x40, 0x9a, 0x40, 0x9a, 0x20, 0x9a, 0x21, 0x9a, 0x22, 0x9a, 0x63, 0x92, 0x64, 0x82, 0xe7, 0x51, 0x13, 0x32, 0x9a, 0x32, 0x9a, 0x32, 0x9a, 0x32, 0xae, 0x39,
  0x24, 0x82, 0x42, 0x9a, 0x01, 0x9a, 0x21, 0x9a, 0x21, 0x9a, 0x41, 0x9a, 0x21, 0x9a, 0x42, 0x92, 0x43, 0x8a, 0x44, 0x82, 0x23, 0x82, 0x23, 0x82, 0x24, 0x82, 0x44, 0x82, 0x24, 0x82, 0x24, 0x82,
  0x24, 0x82, 0x24, 0x82, 0x24, 0x82, 0x24, 0x82, 0x24, 0x82, 0x44, 0x7a, 0x46, 0x72, 0xed, 0x41, 0x9a, 0x32, 0x9a, 0x32, 0x9a, 0x32, 0x9a, 0x32, 0x58, 0x2a, 0x05, 0x6a, 0x83, 0x9a, 0x41, 0x9a,
  0x20, 0x9a, 0x21, 0xa2, 0x41, 0x9a, 0x22, 0x92, 0x84, 0x8a, 0xa9, 0x41, 0x9a, 0x32, 0x9a, 0x32, 0x9a, 0x32, 0x9a, 0x32, 0xf3, 0x29, 0xc4, 0x61, 0x63, 0x92, 0x21, 0x92, 0x41, 0x9a, 0x21, 0x9a,
  0x22, 0x9a, 0x01, 0x92, 0x21, 0x8a, 0x84, 0x92, 0xa4, 0x61, 0xe9, 0x30, 0xc4, 0x69, 0x63, 0x92, 0x41, 0x9a, 0x21, 0x9a, 0x22, 0xa2, 0x41, 0xa2, 0x41, 0x92, 0x84, 0x92, 0xa7, 0x49, 0x79, 0x32,
  0x9a, 0x32, 0x9a, 0x32, 0x9a, 0x32, 0x9a, 0x32, 0x9a, 0x32, 0x9a, 0x32, 0xfa, 0x42, 0x9a, 0x32, 0x9a, 0x32, 0x9a, 0x32, 0xf1, 0x31, 0xe2, 0x71, 0x63, 0x92, 0x41, 0x9a, 0x21, 0x9a, 0x21, 0x9a,
  0x41, 0x9a, 0x63, 0x9a, 0x44, 0x8a, 0x0e, 0x42, 0x9a, 0x32, 0x9a, 0x32, 0x9a, 0x32, 0x9a, 0x32, 0x9a, 0x32, 0x9a, 0x32, 0x9a, 0x32, 0x9a, 0x32, 0x9a, 0x32, 0x9a, 0x32, 0x9a, 0x32, 0x9a, 0x32,
  0x9a, 0x32, 0x9a, 0x32, 0x9a, 0x32, 0x9a, 0x32, 0x9a, 0x32, 0xd0, 0x39, 0xa5, 0x59, 0x43, 0x8a, 0x63, 0x92, 0x22, 0x92, 0x42, 0x9a, 0x22, 0xa2, 0x21, 0x9a, 0x01, 0x9a, 0x41, 0x9a, 0x20, 0x9a,
  0x20, 0x9a, 0x22, 0x9a, 0x21, 0x92, 0x43, 0x92, 0x63, 0x82, 0xcc, 0x41, 0x79, 0x32, 0x9a, 0x32, 0x9a, 0x32, 0x9a, 0x32, 0x9a, 0x32, 0x9a, 0x32, 0x9a, 0x32, 0x9a, 0x32, 0x9a, 0x32, 0x9a, 0x32,
  0x9a, 0x32, 0x9a, 0x32, 0x9a, 0x32, 0x9a, 0x32, 0x9a, 0x32, 0x9a, 0x32, 0x9a, 0x32, 0x9a, 0x32, 0x9a, 0x32, 0x9a, 0x32, 0xfa, 0x42, 0x9a, 0x32, 0x9a, 0x32, 0x9a, 0x32, 0x9a, 0x32, 0x9a, 0x32,
  0x9a, 0x32, 0x9a, 0x32, 0x9a, 0x32, 0x9a, 0x32, 0x9a, 0x32, 0x9a, 0x32, 0x9a, 0x32, 0x9a, 0x32, 0x9a, 0x32, 0x9a, 0x32, 0x9a, 0x32, 0x9a, 0x32, 0x9a, 0x32, 0x9a, 0x32, 0x9a, 0x32, 0x9a, 0x32,
  0x7a, 0x2a, 0x7a, 0x2a, 0x7a, 0x2a, 0x7a, 0x2a, 0x7a, 0x2a, 0x7a, 0x2a, 0x7a, 0x2a, 0x7a, 0x2a, 0x7a, 0x2a, 0x7a, 0x2a, 0x7a, 0x2a, 0x7a, 0x2a, 0x7a, 0x2a, 0x7a, 0x2a, 0x7a, 0x2a, 0x7a, 0x2a,
  0x7a, 0x2a, 0x7a, 0x2a, 0x7a, 0x2a, 0x7a, 0x2a, 0x7a, 0x2a, 0x7a, 0x2a, 0x7a, 0x2a, 0x7a, 0x2a, 0x7a, 0x2a, 0xda, 0x3a, 0x7a, 0x2a, 0x7a, 0x2a, 0x7a, 0x2a, 0x7a, 0x2a, 0x7a, 0x2a, 0x7a, 0x2a,
  0x7a, 0x2a, 0x7a, 0x2a, 0x59, 0x2a, 0xad, 0x39, 0xca, 0x49, 0xa9, 0x49, 0xa9, 0x49, 0xa9, 0x49, 0xaa, 0x49, 0xca, 0x41, 0xca, 0x41, 0xc9, 0x41, 0xa8, 0x41, 0x88, 0x49, 0x89, 0x49, 0xaa, 0x49,
  0xa9, 0x41, 0x88, 0x49, 0x23, 0x51, 0xe2, 0x81, 0x42, 0x9a, 0xe1, 0x91, 0x22, 0x9a, 0x01, 0x92, 0x21, 0x92, 0x01, 0x9a, 0x43, 0x8a, 0x0f, 0x42, 0x7a, 0x2a, 0x7a, 0x2a, 0x7a, 0x2a, 0x86, 0x49,
  0x44, 0x8a, 0x22, 0x9a, 0x21, 0x9a, 0x01, 0x9a, 0x21, 0x9a, 0x01, 0x9a, 0x42, 0x92, 0x24, 0x7a, 0x27, 0x39, 0x6c, 0x31, 0x6c, 0x39, 0x6b, 0x39, 0x8d, 0x31, 0x8c, 0x31, 0x8c, 0x31, 0x8c, 0x31,
  0x8d, 0x31, 0xad, 0x31, 0xad, 0x31, 0x8c, 0x31, 0x8b, 0x31, 0xad, 0x31, 0xf2, 0x29, 0x7a, 0x2a, 0x7a, 0x2a, 0x7a, 0x2a, 0x7a, 0x2a, 0x7a, 0x2a, 0xae, 0x31, 0x23, 0x82, 0x42, 0x9a, 0x01, 0x9a,
  0x01, 0x9a, 0x21, 0x92, 0x20, 0x92, 0x20, 0x92, 0x41, 0x9a, 0x21, 0x9a, 0x01, 0x92, 0x42, 0x92, 0x21, 0x92, 0x20, 0x9a, 0x21, 0x9a, 0x41, 0x9a, 0x21, 0x92, 0x21, 0x9a, 0x41, 0x9a, 0x21, 0x92,
  0x21, 0x9a, 0x01, 0x9a, 0x00, 0x9a, 0x21, 0x9a, 0x22, 0x9a, 0x42, 0x92, 0xe2, 0x50, 0x91, 0x21, 0x58, 0x2a, 0x7a, 0x2a, 0x7a, 0x2a, 0x7a, 0x2a, 0x7a, 0x2a, 0x7a, 0x2a, 0x65, 0x49, 0x64, 0x8a,
  0x22, 0x8a, 0x22, 0x9a, 0x01, 0xa2, 0x21, 0x9a, 0x00, 0x92, 0x20, 0x9a, 0x21, 0x9a, 0x21, 0x9a, 0x01, 0x92, 0x00, 0x9a, 0x00, 0xa2, 0x00, 0xa2, 0x01, 0x9a, 0x21, 0x9a, 0x01, 0x9a, 0x01, 0xa2,
  0x01, 0x9a, 0x01, 0x9a, 0x20, 0x9a, 0x40, 0x9a, 0x20, 0x9a, 0x00, 0x92, 0x42, 0x92, 0x64, 0x92, 0xc3, 0x71, 0x8b, 0x39, 0x59, 0x2a, 0x7a, 0x2a, 0x7a, 0x2a, 0x7a, 0x2a, 0x7a, 0x2a, 0xa6, 0x51,
  0x43, 0x92, 0x01, 0x9a, 0x01, 0xa2, 0x21, 0x9a, 0x21, 0x9a, 0x20, 0x9a, 0x62, 0x9a, 0x44, 0x82, 0x26, 0x41, 0x68, 0x39, 0x69, 0x39, 0x69, 0x39, 0x69, 0x39, 0x69, 0x39, 0x6a, 0x39, 0x6a, 0x39,
  0x6a, 0x39, 0x6a, 0x39, 0x69, 0x39, 0x6a, 0x39, 0x6a, 0x39, 0x8d, 0x31, 0xf3, 0x29, 0x7a, 0x2a, 0x7a, 0x2a, 0x7a, 0x2a, 0x7a, 0x2a, 0x7a, 0x2a, 0xaf, 0x29, 0x44, 0x82, 0x42, 0x9a, 0x21, 0x9a,
  0x21, 0xa2, 0x01, 0x9a, 0x21, 0x9a, 0x63, 0x9a, 0x03, 0x72, 0x15, 0x2a, 0x7a, 0x2a, 0x7a, 0x2a, 0x7a, 0x2a, 0x7a, 0x2a, 0x7a, 0x2a, 0x8d, 0x31, 0x24, 0x7a, 0x63, 0x92, 0x21, 0x92, 0x21, 0x9a,
  0x01, 0x9a, 0x21, 0x9a, 0x20, 0x92, 0x42, 0x92, 0x22, 0x8a, 0x20, 0x69, 0xe2, 0x81, 0x62, 0x92, 0x20, 0x92, 0x21, 0x9a, 0x02, 0x9a, 0x01, 0x9a, 0x42, 0x92, 0x64, 0x82, 0x34, 0x32, 0x7a, 0x2a,
  0x7a, 0x2a, 0x7a, 0x2a, 0x7a, 0x2a, 0x7a, 0x2a, 0x7a, 0x2a, 0xda, 0x3a, 0x7a, 0x2a, 0x7a, 0x2a, 0x7a, 0x2a, 0x7a, 0x2a, 0xf1, 0x39, 0x43, 0x8a, 0x22, 0x92, 0x21, 0x9a, 0x21, 0xa2, 0x21, 0x9a,
  0x21, 0x92, 0x42, 0x92, 0x04, 0x7a, 0xd1, 0x31, 0x7a, 0x2a, 0x7a, 0x2a, 0x7a, 0x2a, 0x7a, 0x2a, 0x7a, 0x2a, 0x7a, 0x2a, 0x7a, 0x2a, 0x7a, 0x2a, 0x7a, 0x2a, 0x7a, 0x2a, 0x7a, 0x2a, 0x7a, 0x2a,
  0x7a, 0x2a, 0x7a, 0x2a, 0x7a, 0x2a, 0x37, 0x22, 0xca, 0x49, 0x45, 0x82, 0x43, 0x8a, 0x22, 0x92, 0x21, 0x92, 0x41, 0x9a, 0x21, 0x92, 0x01, 0x92, 0x01, 0x8a, 0x22, 0x92, 0x22, 0x9a, 0x20, 0x92,
  0x20, 0x92, 0x21, 0x9a, 0x01, 0x92, 0x22, 0x92, 0x42, 0x8a, 0x44, 0x7a, 0xcd, 0x39, 0x7a, 0x2a, 0x7a, 0x2a, 0x7a, 0x2a, 0x7a, 0x2a, 0x7a, 0x2a, 0x7a, 0x2a, 0x7a, 0x2a, 0x7a, 0x2a, 0x7a, 0x2a,
  0x7a, 0x2a, 0x7a, 0x2a, 0x7a, 0x2a, 0x7a, 0x2a, 0x7a, 0x2a, 0x7a, 0x2a, 0x7a, 0x2a, 0x7a, 0x2a, 0x7a, 0x2a, 0xda, 0x3a, 0x7a, 0x2a, 0x7a, 0x2a, 0x7a, 0x2a, 0x7a, 0x2a, 0x7a, 0x2a, 0x7a, 0x2a,
  0x7a, 0x2a, 0x7a, 0x2a, 0x7a, 0x2a, 0x7a, 0x2a, 0x7a, 0x2a, 0x7a, 0x2a, 0x7a, 0x2a, 0x7a, 0x2a, 0x7a, 0x2a, 0x7a, 0x2a, 0x7a, 0x2a, 0x7a, 0x2a, 0x7a, 0x2a, 0x7a, 0x2a, 0x7a, 0x2a, 0x7a, 0x2a,
  0x5a, 0x2a, 0x5a, 0x2a, 0x5a, 0x2a, 0x5a, 0x2a, 0x5a, 0x2a, 0x5a, 0x2a, 0x5a, 0x2a, 0x5a, 0x2a, 0x5a, 0x2a, 0x5a, 0x2a, 0x5a, 0x2a, 0x5a, 0x2a, 0x5a, 0x2a, 0x5a, 0x2a, 0x5a, 0x2a, 0x5a, 0x2a,
  0x5a, 0x2a, 0x5a, 0x2a, 0x5a, 0x2a, 0x5a, 0x2a, 0x5a, 0x2a, 0x5a, 0x2a, 0x5a, 0x2a, 0x5a, 0x2a, 0xba, 0x3a, 0x5a, 0x2a, 0x5a, 0x2a, 0x5a, 0x2a, 0x5a, 0x2a, 0x5a, 0x2a, 0x5a, 0x2a, 0x5a, 0x2a,
  0x5a, 0x2a, 0x5a, 0x2a, 0x5a, 0x2a, 0x5a, 0x2a, 0x5a, 0x2a, 0x5a, 0x2a, 0x5a, 0x2a, 0x5a, 0x2a, 0x5a, 0x2a, 0x5a, 0x2a, 0x5a, 0x2a, 0x5a, 0x2a, 0x5a, 0x2a, 0x5a, 0x2a, 0x5a, 0x2a, 0x5a, 0x2a,
  0x5a, 0x2a, 0x5a, 0x2a, 0x6c, 0x31, 0xe2, 0x79, 0x22, 0x92, 0xe1, 0x99, 0x01, 0x92, 0x01, 0x92, 0x01, 0x92, 0x42, 0x9a, 0xc4, 0x69, 0xf4, 0x29, 0x5a, 0x2a, 0x5a, 0x2a, 0x38, 0x2a, 0x07, 0x62,
  0x43, 0x92, 0x01, 0x9a, 0x00, 0x9a, 0x00, 0x9a, 0x01, 0x9a, 0x01, 0x92, 0x22, 0x92, 0x86, 0x49, 0x5a, 0x2a, 0x5a, 0x2a, 0x5a, 0x2a, 0x5a, 0x2a, 0x5a, 0x2a, 0x5a, 0x2a, 0x5a, 0x2a, 0x5a, 0x2a,
  0x5a, 0x2a, 0x5a, 0x2a, 0x5a, 0x2a, 0x5a, 0x2a, 0x5a, 0x2a, 0x5a, 0x2a, 0x5a, 0x2a, 0x5a, 0x2a, 0x5a, 0x2a, 0x5a, 0x2a, 0x5a, 0x2a, 0x59, 0x2a, 0x88, 0x49, 0x43, 0x8a, 0x02, 0x9a, 0x02, 0x92,
  0x21, 0x92, 0x21, 0x92, 0x20, 0x92, 0x21, 0x92, 0x22, 0x92, 0x23, 0x92, 0x43, 0x92, 0x43, 0x8a, 0x42, 0x92, 0x42, 0x92, 0x43, 0x92, 0x43, 0x92, 0x64, 0x92, 0x44, 0x8a, 0x43, 0x8a, 0x42, 0x92,
  0x21, 0x9a, 0x21, 0x9a, 0x00, 0x9a, 0x21, 0x92, 0x22, 0x92, 0x43, 0x92, 0x03, 0x7a, 0x8d, 0x31, 0x5a, 0x2a, 0x5a, 0x2a, 0x5a, 0x2a, 0x5a, 0x2a, 0x5a, 0x2a, 0xd5, 0x29, 0xc4, 0x69, 0x43, 0x92,
  0x01, 0x8a, 0x21, 0x9a, 0xe0, 0x99, 0x00, 0x9a, 0x20, 0x9a, 0x20, 0x92, 0x20, 0x92, 0x01, 0x92, 0x21, 0x92, 0x21, 0x92, 0x00, 0x9a, 0x01, 0x9a, 0x02, 0x92, 0x22, 0x92, 0x21, 0x92, 0x21, 0x92,
  0x01, 0x92, 0x02, 0x9a, 0x22, 0x9a, 0x01, 0x92, 0x02, 0x92, 0x43, 0x92, 0x23, 0x82, 0x86, 0x51, 0x8f, 0x29, 0x5a, 0x2a, 0x5a, 0x2a, 0x5a, 0x2a, 0x5a, 0x2a, 0x5a, 0x2a, 0x17, 0x2a, 0xe5, 0x61,
  0x42, 0x92, 0x01, 0x9a, 0x01, 0x9a, 0xe1, 0x99, 0x01, 0x9a, 0x01, 0x92, 0x63, 0x92, 0x84, 0x51, 0x38, 0x2a, 0x5a, 0x2a, 0x5a, 0x2a, 0x5a, 0x2a, 0x5a, 0x2a, 0x5a, 0x2a, 0x5a, 0x2a, 0x5a, 0x2a,
  0x5a, 0x2a, 0x5a, 0x2a, 0x5a, 0x2a, 0x5a, 0x2a, 0x5a, 0x2a, 0x5a, 0x2a, 0x5a, 0x2a, 0x5a, 0x2a, 0x5a, 0x2a, 0x5a, 0x2a, 0x5a, 0x2a, 0x5a, 0x2a, 0x88, 0x41, 0x43, 0x92, 0x21, 0x92, 0x20, 0x92,
  0x01, 0x9a, 0x01, 0x9a, 0x21, 0x9a, 0x84, 0x92, 0x65, 0x51, 0x38, 0x2a, 0x5a, 0x2a, 0x5a, 0x2a, 0x5a, 0x2a, 0x5a, 0x2a, 0x5a, 0x2a, 0x5a, 0x2a, 0x8a, 0x41, 0x24, 0x7a, 0x22, 0x8a, 0x00, 0x9a,
  0x00, 0x9a, 0x00, 0x9a, 0x00, 0x92, 0x00, 0x92, 0x01, 0x92, 0xe2, 0x91, 0x02, 0x92, 0x21, 0x92, 0x20, 0x92, 0x00, 0x92, 0x21, 0x9a, 0x21, 0x9a, 0x63, 0x92, 0xa4, 0x61, 0xf6, 0x29, 0x5a, 0x2a,
  0x5a, 0x2a, 0x5a, 0x2a, 0x5a, 0x2a, 0x5a, 0x2a, 0xba, 0x3a, 0x5a, 0x2a, 0x5a, 0x2a, 0x5a, 0x2a, 0x5a, 0x2a, 0x39, 0x2a, 0x89, 0x49, 0x63, 0x92, 0x42, 0x9a, 0x00, 0x9a, 0x00, 0x9a, 0x00, 0x9a,
  0x01, 0x92, 0x62, 0x92, 0x07, 0x62, 0x17, 0x22, 0x5a, 0x2a, 0x5a, 0x2a, 0x5a, 0x2a, 0x5a, 0x2a, 0x5a, 0x2a, 0x5a, 0x2a, 0x5a, 0x2a, 0x5a, 0x2a, 0x5a, 0x2a, 0x5a, 0x2a, 0x5a, 0x2a, 0x5a, 0x2a,
  0x5a, 0x2a, 0x39, 0x2a, 0x8d, 0x31, 0xc7, 0x59, 0x43, 0x8a, 0x22, 0x92, 0x21, 0x92, 0x00, 0x92, 0x00, 0x9a, 0x00, 0x92, 0x01, 0x92, 0x43, 0x8a, 0x64, 0x8a, 0xc2, 0x79, 0x03, 0x8a, 0x21, 0x92,
  0x20, 0x92, 0x20, 0x92, 0x01, 0x92, 0x01, 0x9a, 0xe1, 0x91, 0x43, 0x8a, 0x24, 0x7a, 0xad, 0x39, 0x39, 0x2a, 0x5a, 0x2a, 0x5a, 0x2a, 0x5a, 0x2a, 0x5a, 0x2a, 0x5a, 0x2a, 0x5a, 0x2a, 0x5a, 0x2a,
  0x5a, 0x2a, 0x5a, 0x2a, 0x5a, 0x2a, 0x5a, 0x2a, 0x5a, 0x2a, 0x5a, 0x2a, 0x5a, 0x2a, 0x5a, 0x2a, 0xba, 0x3a, 0x5a, 0x2a, 0x5a, 0x2a, 0x5a, 0x2a, 0x5a, 0x2a, 0x5a, 0x2a, 0x5a, 0x2a, 0x5a, 0x2a,
  0x5a, 0x2a, 0x5a, 0x2a, 0x5a, 0x2a, 0x5a, 0x2a, 0x5a, 0x2a, 0x5a, 0x2a, 0x5a, 0x2a, 0x5a, 0x2a, 0x5a, 0x2a, 0x5a, 0x2a, 0x5a, 0x2a, 0x5a, 0x2a, 0x5a, 0x2a, 0x5a, 0x2a, 0x5a, 0x2a, 0x5a, 0x2a,
  0x5a, 0x2a, 0x5a, 0x2a, 0x5a, 0x2a, 0x5a, 0x2a, 0x5a, 0x2a, 0x5a, 0x2a, 0x5a, 0x2a, 0x5a, 0x2a, 0x5a, 0x2a, 0x5a, 0x2a, 0x5a, 0x2a, 0x5a, 0x2a, 0x5a, 0x2a, 0x5a, 0x2a, 0x5a, 0x2a, 0x5a, 0x2a,
  0x5a, 0x2a, 0x5a, 0x2a, 0x5a, 0x2a, 0x5a, 0x2a, 0x5a, 0x2a, 0x5a, 0x2a, 0x5a, 0x2a, 0x5a, 0x2a, 0xba, 0x3a, 0x5a, 0x2a, 0x5a, 0x2a, 0x5a, 0x2a, 0x5a, 0x2a, 0x5a, 0x2a, 0x5a, 0x2a, 0x5a, 0x2a,
  0x5a, 0x2a, 0x5a, 0x2a, 0x5a, 0x2a, 0x5a, 0x2a, 0x5a, 0x2a, 0x5a, 0x2a, 0x5a, 0x2a, 0x5a, 0x2a, 0x5a, 0x2a, 0x5a, 0x2a, 0x5a, 0x2a, 0x5a, 0x2a, 0x5a, 0x2a, 0x5a, 0x2a, 0x5a, 0x2a, 0x5a, 0x2a,
  0x5a, 0x2a, 0x5a, 0x2a, 0xce, 0x41, 0x23, 0x82, 0xe2, 0x91, 0xe1, 0x99, 0xe1, 0x91, 0xe1, 0x91, 0xe2, 0x91, 0x43, 0x92, 0x0c, 0x52, 0x5a, 0x2a, 0x5a, 0x2a, 0x5a, 0x2a, 0xaf, 0x31, 0x04, 0x72,
  0x22, 0x92, 0xe1, 0x91, 0x00, 0x9a, 0xe0, 0x99, 0x01, 0x9a, 0x02, 0x92, 0x03, 0x82, 0xd1, 0x31, 0x5a, 0x2a, 0x5a, 0x2a, 0x5a, 0x2a, 0x5a, 0x2a, 0x5a, 0x2a, 0x5a, 0x2a, 0x5a, 0x2a, 0x5a, 0x2a,
  0x5a, 0x2a, 0x5a, 0x2a, 0x5a, 0x2a, 0x5a, 0x2a, 0x5a, 0x2a, 0x5a, 0x2a, 0x5a, 0x2a, 0x5a, 0x2a, 0x5a, 0x2a, 0x5a, 0x2a, 0x5a, 0x2a, 0x17, 0x22, 0xc6, 0x59, 0x22, 0x92, 0x22, 0x92, 0xe1, 0x91,
  0x01, 0x92, 0x00, 0x92, 0x01, 0x92, 0x23, 0x8a, 0xa2, 0x71, 0x63, 0x69, 0x83, 0x61, 0x82, 0x59, 0x82, 0x59, 0xa2, 0x61, 0x62, 0x61, 0x62, 0x61, 0x63, 0x59, 0x62, 0x59, 0x62, 0x61, 0xe2, 0x71,
  0x42, 0x92, 0x01, 0x92, 0x00, 0x9a, 0x00, 0x92, 0x21, 0x92, 0xe1, 0x89, 0x44, 0x92, 0xc6, 0x61, 0x16, 0x2a, 0x5a, 0x2a, 0x5a, 0x2a, 0x5a, 0x2a, 0x5a, 0x2a, 0x69, 0x39, 0x03, 0x82, 0x01, 0x92,
  0x21, 0x92, 0xe1, 0x91, 0xe1, 0x99, 0xc1, 0x99, 0xe1, 0x91, 0x21, 0x8a, 0x22, 0x92, 0x23, 0x8a, 0x23, 0x8a, 0x23, 0x8a, 0x22, 0x92, 0x23, 0x8a, 0x43, 0x8a, 0x43, 0x82, 0x42, 0x8a, 0x42, 0x8a,
  0x62, 0x92, 0x22, 0x8a, 0x43, 0x8a, 0x64, 0x8a, 0x44, 0x82, 0xc5, 0x59, 0xaf, 0x31, 0xf6, 0x29, 0x5a, 0x2a, 0x5a, 0x2a, 0x5a, 0x2a, 0x5a, 0x2a, 0x5a, 0x2a, 0x5a, 0x2a, 0xae, 0x31, 0x03, 0x72,
  0x01, 0x92, 0x01, 0x9a, 0xe1, 0x99, 0xc1, 0x99, 0x02, 0x9a, 0x02, 0x92, 0x44, 0x8a, 0xd1, 0x31, 0x5a, 0x2a, 0x5a, 0x2a, 0x5a, 0x2a, 0x5a, 0x2a, 0x5a, 0x2a, 0x5a, 0x2a, 0x5a, 0x2a, 0x5a, 0x2a,
  0x5a, 0x2a, 0x5a, 0x2a, 0x5a, 0x2a, 0x5a, 0x2a, 0x5a, 0x2a, 0x5a, 0x2a, 0x5a, 0x2a, 0x5a, 0x2a, 0x5a, 0x2a, 0x5a, 0x2a, 0x5a, 0x2a, 0x38, 0x22, 0xc8, 0x61, 0x23, 0x9a, 0xe1, 0x91, 0x20, 0x92,
  0x01, 0x9a, 0xe1, 0x99, 0x01, 0x92, 0x44, 0x8a, 0xae, 0x39, 0x5a, 0x2a, 0x5a, 0x2a, 0x5a, 0x2a, 0x5a, 0x2a, 0x5a, 0x2a, 0x5a, 0x2a, 0x5a, 0x2a, 0x39, 0x2a, 0x89, 0x41, 0x23, 0x82, 0x01, 0x92,
  0x01, 0x92, 0x01, 0x92, 0xe1, 0x91, 0xe1, 0x99, 0xe1, 0x99, 0xe2, 0x99, 0x01, 0x9a, 0x00, 0x92, 0x00, 0x92, 0x00, 0x92, 0x01, 0x9a, 0xe2, 0x91, 0x44, 0x92, 0xab, 0x41, 0x59, 0x2a, 0x5a, 0x2a,
  0x5a, 0x2a, 0x5a, 0x2a, 0x5a, 0x2a, 0x5a, 0x2a, 0xba, 0x3a, 0x5a, 0x2a, 0x5a, 0x2a, 0x5a, 0x2a, 0x5a, 0x2a, 0x16, 0x2a, 0xa3, 0x69, 0x22, 0x92, 0xe1, 0x91, 0x01, 0x9a, 0xe0, 0x99, 0x01, 0x9a,
  0x02, 0x92, 0x63, 0x8a, 0xa8, 0x49, 0x5a, 0x2a, 0x5a, 0x2a, 0x5a, 0x2a, 0x5a, 0x2a, 0x5a, 0x2a, 0x5a, 0x2a, 0x5a, 0x2a, 0x5a, 0x2a, 0x5a, 0x2a, 0x5a, 0x2a, 0x5a, 0x2a, 0x5a, 0x2a, 0x5a, 0x2a,
  0xf4, 0x29, 0x86, 0x51, 0x03, 0x7a, 0x43, 0x92, 0x22, 0x92, 0x00, 0x92, 0x01, 0x9a, 0x00, 0x9a, 0xe0, 0x91, 0x02, 0x92, 0x43, 0x92, 0xe3, 0x71, 0x89, 0x41, 0x8f, 0x31, 0x63, 0x59, 0x43, 0x8a,
  0x22, 0x8a, 0x01, 0x92, 0xe0, 0x91, 0xe1, 0x91, 0x01, 0x92, 0x01, 0x92, 0x23, 0x8a, 0x23, 0x7a, 0xaf, 0x31, 0x5a, 0x2a, 0x5a, 0x2a, 0x5a, 0x2a, 0x5a, 0x2a, 0x5a, 0x2a, 0x5a, 0x2a, 0x5a, 0x2a,
  0x5a, 0x2a, 0x5a, 0x2a, 0x5a, 0x2a, 0x5a, 0x2a, 0x5a, 0x2a, 0x5a, 0x2a, 0x5a, 0x2a, 0x5a, 0x2a, 0xba, 0x3a, 0x5a, 0x2a, 0x5a, 0x2a, 0x5a, 0x2a, 0x5a, 0x2a, 0x5a, 0x2a, 0x5a, 0x2a, 0x5a, 0x2a,
  0x5a, 0x2a, 0x5a, 0x2a, 0x5a, 0x2a, 0x5a, 0x2a, 0x5a, 0x2a, 0x5a, 0x2a, 0x5a, 0x2a, 0x5a, 0x2a, 0x5a, 0x2a, 0x5a, 0x2a, 0x5a, 0x2a, 0x5a, 0x2a, 0x5a, 0x2a, 0x5a, 0x2a, 0x5a, 0x2a, 0x5a, 0x2a,
  0x5a, 0x2a, 0x5a, 0x2a, 0x5a, 0x2a, 0x5a, 0x2a, 0x5a, 0x2a, 0x5a, 0x2a, 0x5a, 0x2a, 0x5a, 0x2a, 0x5a, 0x2a, 0x5a, 0x2a, 0x5a, 0x2a, 0x5a, 0x2a, 0x5a, 0x2a, 0x5a, 0x2a, 0x5a, 0x2a, 0x5a, 0x2a,
  0x5a, 0x2a, 0x5a, 0x2a, 0x5a, 0x2a, 0x5a, 0x2a, 0x5a, 0x2a, 0x5a, 0x2a, 0x5a, 0x2a, 0xba, 0x3a, 0x5a, 0x2a, 0x5a, 0x2a, 0x5a, 0x2a, 0x5a, 0x2a, 0x5a, 0x2a, 0x15, 0x32, 0xf0, 0x39, 0xd0, 0x39,
  0xf1, 0x39, 0xd0, 0x39, 0xce, 0x39, 0xf2, 0x39, 0x56, 0x32, 0x59, 0x2a, 0x5a, 0x2a, 0x5a, 0x2a, 0x5a, 0x2a, 0x5a, 0x2a, 0x5a, 0x2a, 0x5a, 0x2a, 0x5a, 0x2a, 0x5a, 0x2a, 0x5a, 0x2a, 0x5a, 0x2a,
  0x5a, 0x2a, 0x38, 0x2a, 0xa8, 0x49, 0x23, 0x8a, 0xc1, 0x91, 0xc1, 0x99, 0xe1, 0x91, 0xe1, 0x99, 0xe3, 0x91, 0x04, 0x8a, 0xad, 0x41, 0x5a, 0x2a, 0x5a, 0x2a, 0x5a, 0x2a, 0xa9, 0x41, 0x23, 0x82,
  0x01, 0x92, 0xe1, 0x99, 0xe0, 0x99, 0xe1, 0x99, 0xe1, 0x91, 0x02, 0x92, 0xc2, 0x71, 0x15, 0x2a, 0x5a, 0x2a, 0x5a, 0x2a, 0x5a, 0x2a, 0x5a, 0x2a, 0x5a, 0x2a, 0x5a, 0x2a, 0x5a, 0x2a, 0x5a, 0x2a,
  0x5a, 0x2a, 0x5a, 0x2a, 0x5a, 0x2a, 0x5a, 0x2a, 0x5a, 0x2a, 0x5a, 0x2a, 0x5a, 0x2a, 0x5a, 0x2a, 0x5a, 0x2a, 0x5a, 0x2a, 0x5a, 0x2a, 0xad, 0x39, 0xc2, 0x71, 0x22, 0x92, 0xe1, 0x91, 0xe1, 0x91,
  0xe0, 0x91, 0x01, 0x92, 0xe1, 0x91, 0x04, 0x82, 0x29, 0x39, 0x70, 0x29, 0xd3, 0x29, 0xf5, 0x29, 0x16, 0x2a, 0x16, 0x2a, 0xf5, 0x29, 0xd4, 0x29, 0xf5, 0x29, 0xf6, 0x29, 0xd3, 0x29, 0x28, 0x39,
  0xe2, 0x79, 0x22, 0x92, 0x01, 0x9a, 0xe0, 0x91, 0x01, 0x92, 0xe1, 0x91, 0xe2, 0x91, 0x24, 0x8a, 0xea, 0x49, 0x5a, 0x2a, 0x5a, 0x2a, 0x5a, 0x2a, 0x39, 0x2a, 0xc8, 0x51, 0x23, 0x8a, 0x01, 0x92,
  0x00, 0x92, 0xe1, 0x91, 0xe1, 0x99, 0xc2, 0x99, 0x23, 0x92, 0x02, 0x7a, 0xa3, 0x61, 0xc5, 0x61, 0xa5, 0x61, 0xc5, 0x61, 0xc5, 0x61, 0xc5, 0x61, 0xe6, 0x61, 0xe6, 0x59, 0xe5, 0x61, 0xe5, 0x61,
  0x05, 0x62, 0xe6, 0x61, 0xc6, 0x61, 0x09, 0x62, 0xa8, 0x49, 0x16, 0x2a, 0x5a, 0x2a, 0x5a, 0x2a, 0x5a, 0x2a, 0x5a, 0x2a, 0x5a, 0x2a, 0x5a, 0x2a, 0x5a, 0x2a, 0x5a, 0x2a, 0xab, 0x41, 0x23, 0x82,
  0x02, 0x92, 0xe1, 0x91, 0xc1, 0x91, 0xe2, 0x99, 0xe1, 0x91, 0x02, 0x8a, 0x03, 0x72, 0x37, 0x2a, 0x5a, 0x2a, 0x5a, 0x2a, 0x5a, 0x2a, 0x5a, 0x2a, 0x5a, 0x2a, 0x5a, 0x2a, 0x5a, 0x2a, 0x5a, 0x2a,
  0x5a, 0x2a, 0x5a, 0x2a, 0x5a, 0x2a, 0x5a, 0x2a, 0x5a, 0x2a, 0x5a, 0x2a, 0x5a, 0x2a, 0x5a, 0x2a, 0x5a, 0x2a, 0x5a, 0x2a, 0x5a, 0x2a, 0x91, 0x29, 0x83, 0x71, 0x02, 0x9a, 0x00, 0x92, 0x20, 0x92,
  0x01, 0x92, 0xe1, 0x99, 0x02, 0x92, 0x04, 0x7a, 0xf2, 0x31, 0x5a, 0x2a, 0x5a, 0x2a, 0x5a, 0x2a, 0x5a, 0x2a, 0x5a, 0x2a, 0x5a, 0x2a, 0x5a, 0x2a, 0x5a, 0x2a, 0xf5, 0x29, 0xa4, 0x61, 0x44, 0x92,
  0xe2, 0x89, 0x02, 0x92, 0xe1, 0x91, 0xe1, 0x99, 0xc1, 0x99, 0xc1, 0x99, 0xe1, 0x91, 0x01, 0x92, 0x01, 0x92, 0xe0, 0x91, 0xe0, 0x91, 0xe2, 0x91, 0x04, 0x82, 0xae, 0x39, 0x5a, 0x2a, 0x5a, 0x2a,
  0x5a, 0x2a, 0x5a, 0x2a, 0x5a, 0x2a, 0xba, 0x3a, 0x5a, 0x2a, 0x5a, 0x2a, 0x5a, 0x2a, 0x5a, 0x2a, 0x5a, 0x2a, 0xd1, 0x29, 0x25, 0x7a, 0x02, 0x92, 0xe1, 0x99, 0xe1, 0x99, 0xe1, 0x99, 0xe1, 0x91,
  0x02, 0x92, 0x44, 0x82, 0x8d, 0x31, 0x5a, 0x2a, 0x5a, 0x2a, 0x5a, 0x2a, 0x5a, 0x2a, 0x5a, 0x2a, 0x5a, 0x2a, 0x5a, 0x2a, 0x5a, 0x2a, 0x5a, 0x2a, 0x5a, 0x2a, 0x5a, 0x2a, 0x38, 0x2a, 0xd1, 0x31,
  0xa4, 0x61, 0x24, 0x8a, 0x23, 0x92, 0xe1, 0x91, 0xe0, 0x99, 0xe1, 0x99, 0xe1, 0x91, 0xe1, 0x91, 0x23, 0x92, 0x43, 0x8a, 0xa4, 0x69, 0x8d, 0x31, 0x5a, 0x2a, 0x5a, 0x2a, 0xd2, 0x29, 0x84, 0x59,
  0x24, 0x8a, 0xe1, 0x89, 0x01, 0x92, 0xe0, 0x91, 0xe1, 0x91, 0xe1, 0x91, 0xe1, 0x89, 0x43, 0x8a, 0xc3, 0x61, 0xb1, 0x29, 0x5a, 0x2a, 0x5a, 0x2a, 0x5a, 0x2a, 0x5a, 0x2a, 0x5a, 0x2a, 0x5a, 0x2a,
  0x5a, 0x2a, 0x5a, 0x2a, 0x5a, 0x2a, 0x5a, 0x2a, 0x5a, 0x2a, 0x5a, 0x2a, 0x5a, 0x2a, 0xba, 0x3a, 0x5a, 0x2a, 0x5a, 0x2a, 0x5a, 0x2a, 0x5a, 0x2a, 0x5a, 0x2a, 0x5a, 0x2a, 0x5a, 0x2a, 0x5a, 0x2a,
  0x5a, 0x2a, 0x5a, 0x2a, 0x5a, 0x2a, 0x5a, 0x2a, 0x5a, 0x2a, 0x5a, 0x2a, 0x5a, 0x2a, 0x5a, 0x2a, 0x5a, 0x2a, 0x5a, 0x2a, 0x5a, 0x2a, 0x5a, 0x2a, 0x5a, 0x2a, 0x5a, 0x2a, 0x5a, 0x2a, 0x5a, 0x2a,
  0x9a, 0x32, 0x9a, 0x32, 0x9a, 0x32, 0x9a, 0x32, 0x9a, 0x32, 0x9a, 0x32, 0x9a, 0x32, 0x9a, 0x32, 0x9a, 0x32, 0x9a, 0x32, 0x9a, 0x32, 0x9a, 0x32, 0x9a, 0x32, 0x9a, 0x32, 0x9a, 0x32, 0x9a, 0x32,
  0x9a, 0x32, 0x9a, 0x32, 0x9a, 0x32, 0x9a, 0x32, 0x9a, 0x32, 0x9a, 0x32, 0xfa, 0x42, 0x9a, 0x32, 0x9a, 0x32, 0x9a, 0x32, 0x9a, 0x32, 0x9a, 0x32, 0x14, 0x32, 0xe6, 0x61, 0x65, 0x8a, 0x45, 0x8a,
  0x45, 0x8a, 0x24, 0x8a, 0x04, 0x82, 0x46, 0x8a, 0x88, 0x72, 0x75, 0x3a, 0x9a, 0x32, 0x9a, 0x32, 0x9a, 0x32, 0x9a, 0x32, 0x9a, 0x32, 0x9a, 0x32, 0x9a, 0x32, 0x9a, 0x32, 0x9a, 0x32, 0x9a, 0x32,
  0x9a, 0x32, 0xf1, 0x31, 0xc3, 0x71, 0x02, 0x92, 0xa0, 0x91, 0xc0, 0x99, 0xe0, 0x91, 0xc1, 0x99, 0xe3, 0x99, 0xc4, 0x79, 0xd0, 0x31, 0x9a, 0x32, 0x9a, 0x32, 0x78, 0x32, 0xc7, 0x51, 0x22, 0x92,
  0xc0, 0x91, 0xe1, 0x99, 0xc1, 0x91, 0xe2, 0x91, 0xc1, 0x91, 0x43, 0x92, 0x85, 0x59, 0x57, 0x32, 0x9a, 0x32, 0x9a, 0x32, 0x9a, 0x32, 0x9a, 0x32, 0x9a, 0x32, 0x9a, 0x32, 0x9a, 0x32, 0x9a, 0x32,
  0x9a, 0x32, 0x9a, 0x32, 0x9a, 0x32, 0x9a, 0x32, 0x9a, 0x32, 0x9a, 0x32, 0x9a, 0x32, 0x9a, 0x32, 0x9a, 0x32, 0x9a, 0x32, 0xfa, 0x42, 0xcc, 0x41, 0x02, 0x82, 0x02, 0x92, 0xe0, 0x91, 0xe0, 0x91,
  0xe0, 0x91, 0xe0, 0x91, 0x21, 0x92, 0xa3, 0x69, 0xf2, 0x31, 0x9a, 0x32, 0x9a, 0x32, 0x9a, 0x32, 0x9a, 0x32, 0x9a, 0x32, 0x9a, 0x32, 0x9a, 0x32, 0x9a, 0x32, 0x9a, 0x32, 0x9a, 0x32, 0x14, 0x2a,
  0x21, 0x59, 0x23, 0x92, 0x01, 0x92, 0xe1, 0x91, 0xe1, 0x91, 0xe1, 0x99, 0xc1, 0x91, 0x24, 0x92, 0x6b, 0x62, 0x79, 0x32, 0x9a, 0x32, 0x9a, 0x32, 0x97, 0x3a, 0xe7, 0x61, 0x03, 0x92, 0xc1, 0x91,
  0xe0, 0x91, 0xc1, 0x91, 0xc2, 0x91, 0xc2, 0x91, 0x44, 0x8a, 0x86, 0x49, 0xd3, 0x29, 0x15, 0x2a, 0x36, 0x2a, 0x36, 0x2a, 0x36, 0x2a, 0x36, 0x2a, 0x58, 0x2a, 0x78, 0x2a, 0x36, 0x2a, 0x36, 0x2a,
  0x36, 0x2a, 0x57, 0x2a, 0x58, 0x2a, 0x9a, 0x32, 0x9a, 0x32, 0x9a, 0x32, 0x9a, 0x32, 0x9a, 0x32, 0x9a, 0x32, 0x9a, 0x32, 0x9a, 0x32, 0x9a, 0x32, 0x9a, 0x32, 0x78, 0x32, 0xc8, 0x59, 0x23, 0x8a,
  0xe1, 0x91, 0xc1, 0x91, 0xe1, 0x91, 0xc0, 0x91, 0xc0, 0x91, 0x43, 0x92, 0x83, 0x59, 0x78, 0x32, 0x9a, 0x32, 0x9a, 0x32, 0x9a, 0x32, 0x9a, 0x32, 0x9a, 0x32, 0x9a, 0x32, 0x9a, 0x32, 0x9a, 0x32,
  0x9a, 0x32, 0x9a, 0x32, 0x9a, 0x32, 0x9a, 0x32, 0x9a, 0x32, 0x9a, 0x32, 0x9a, 0x32, 0x9a, 0x32, 0x9a, 0x32, 0x9a, 0x32, 0x9a, 0x32, 0xcd, 0x41, 0xe4, 0x89, 0x02, 0x92, 0xe0, 0x91, 0x01, 0x8a,
  0xe1, 0x91, 0xe1, 0x91, 0x43, 0x92, 0xc6, 0x61, 0x56, 0x32, 0x9a, 0x32, 0x9a, 0x32, 0x9a, 0x32, 0x9a, 0x32, 0x9a, 0x32, 0x9a, 0x32, 0x9a, 0x32, 0x9a, 0x32, 0x9a, 0x32, 0xcf, 0x39, 0xe4, 0x71,
  0x04, 0x8a, 0xc1, 0x89, 0xe1, 0x91, 0xc1, 0x91, 0xc1, 0x99, 0xc1, 0x91, 0xc1, 0x91, 0xe1, 0x91, 0xe1, 0x91, 0xe0, 0x91, 0xc0, 0x91, 0x23, 0x92, 0xe5, 0x71, 0xf2, 0x31, 0x9a, 0x32, 0x9a, 0x32,
  0x9a, 0x32, 0x9a, 0x32, 0xfa, 0x42, 0x9a, 0x32, 0x9a, 0x32, 0x9a, 0x32, 0x9a, 0x32, 0x9a, 0x32, 0x9a, 0x32, 0xa9, 0x49, 0x24, 0x8a, 0xe1, 0x91, 0xe1, 0x91, 0xc1, 0x91, 0xe1, 0x91, 0xc1, 0x91,
  0x03, 0x8a, 0xe5, 0x61, 0x58, 0x2a, 0x9a, 0x32, 0x9a, 0x32, 0x9a, 0x32, 0x9a, 0x32, 0x9a, 0x32, 0x9a, 0x32, 0x9a, 0x32, 0x9a, 0x32, 0x9a, 0x32, 0x9a, 0x32, 0x14, 0x32, 0x8a, 0x41, 0xc4, 0x71,
  0x04, 0x8a, 0xc2, 0x91, 0xc1, 0x91, 0xe1, 0x99, 0xe1, 0x99, 0xe2, 0x91, 0xe3, 0x89, 0x24, 0x8a, 0x03, 0x7a, 0x86, 0x51, 0xd2, 0x31, 0x9a, 0x32, 0x9a, 0x32, 0x9a, 0x32, 0x9a, 0x32, 0xd1, 0x31,
  0xc4, 0x71, 0x23, 0x8a, 0xe1, 0x89, 0xe1, 0x91, 0xc1, 0x91, 0xc1, 0x91, 0xe1, 0x91, 0x01, 0x8a, 0x43, 0x8a, 0x84, 0x59, 0xf3, 0x31, 0x9a, 0x32, 0x9a, 0x32, 0x9a, 0x32, 0x9a, 0x32, 0x9a, 0x32,
  0x9a, 0x32, 0x9a, 0x32, 0x9a, 0x32, 0x9a, 0x32, 0x9a, 0x32, 0x9a, 0x32, 0xfa, 0x42, 0x9a, 0x32, 0x9a, 0x32, 0x9a, 0x32, 0x9a, 0x32, 0x9a, 0x32, 0x9a, 0x32, 0x9a, 0x32, 0x9a, 0x32, 0x9a, 0x32,
  0x9a, 0x32, 0x9a, 0x32, 0x9a, 0x32, 0x9a, 0x32, 0x9a, 0x32, 0x9a, 0x32, 0x9a, 0x32, 0x9a, 0x32, 0x9a, 0x32, 0x9a, 0x32, 0x9a, 0x32, 0x9a, 0x32, 0x9a, 0x32, 0x9a, 0x32, 0x9a, 0x32, 0x9a, 0x32,
  0x7a, 0x2a, 0x7a, 0x2a, 0x7a, 0x2a, 0x7a, 0x2a, 0x7a, 0x2a, 0x7a, 0x2a, 0x7a, 0x2a, 0x7a, 0x2a, 0x7a, 0x2a, 0x7a, 0x2a, 0x7a, 0x2a, 0x7a, 0x2a, 0x7a, 0x2a, 0x7a, 0x2a, 0x7a, 0x2a, 0x7a, 0x2a,
  0x7a, 0x2a, 0x7a, 0x2a, 0x7a, 0x2a, 0x7a, 0x2a, 0x7a, 0x2a, 0xda, 0x3a, 0x7a, 0x2a, 0x7a, 0x2a, 0x7a, 0x2a, 0x7a, 0x2a, 0x7a, 0x2a, 0x7a, 0x2a, 0xcd, 0x39, 0xe4, 0x79, 0xe4, 0x89, 0xc2, 0x89,
  0xa2, 0x89, 0xc2, 0x89, 0xc2, 0x89, 0x05, 0x92, 0xea, 0x59, 0x58, 0x2a, 0x7a, 0x2a, 0x7a, 0x2a, 0x7a, 0x2a, 0x7a, 0x2a, 0x7a, 0x2a, 0x7a, 0x2a, 0x7a, 0x2a, 0x7a, 0x2a, 0x7a, 0x2a, 0x7a, 0x2a,
  0x58, 0x2a, 0x69, 0x41, 0x04, 0x82, 0xc2, 0x89, 0xa0, 0x91, 0xc0, 0x91, 0xc1, 0x91, 0xa1, 0x91, 0xe3, 0x91, 0xc8, 0x61, 0x58, 0x2a, 0x7a, 0x2a, 0x7a, 0x2a, 0xb0, 0x29, 0xa3, 0x69, 0xe2, 0x89,
  0xc0, 0x91, 0xe1, 0x99, 0xc1, 0x91, 0xe2, 0x91, 0xe3, 0x91, 0x24, 0x8a, 0xef, 0x39, 0x7a, 0x2a, 0x7a, 0x2a, 0x7a, 0x2a, 0x7a, 0x2a, 0x7a, 0x2a, 0x7a, 0x2a, 0x7a, 0x2a, 0x7a, 0x2a, 0x7a, 0x2a,
  0x7a, 0x2a, 0x7a, 0x2a, 0x7a, 0x2a, 0x7a, 0x2a, 0x7a, 0x2a, 0x7a, 0x2a, 0x7a, 0x2a, 0x7a, 0x2a, 0x7a, 0x2a, 0xda, 0x3a, 0x58, 0x2a, 0xc8, 0x51, 0x44, 0x8a, 0xe1, 0x89, 0xe1, 0x91, 0xe0, 0x89,
  0xe0, 0x91, 0xc1, 0x89, 0x43, 0x92, 0xa8, 0x51, 0x58, 0x2a, 0x7a, 0x2a, 0x7a, 0x2a, 0x7a, 0x2a, 0x7a, 0x2a, 0x7a, 0x2a, 0x7a, 0x2a, 0x7a, 0x2a, 0x7a, 0x2a, 0x7a, 0x2a, 0x7a, 0x2a, 0x15, 0x2a,
  0x42, 0x59, 0x23, 0x92, 0xe1, 0x89, 0xe1, 0x91, 0xe1, 0x91, 0xc1, 0x91, 0xc2, 0x91, 0xe3, 0x89, 0xca, 0x41, 0x7a, 0x2a, 0x79, 0x2a, 0xda, 0x3a, 0xaf, 0x31, 0xc3, 0x71, 0xe3, 0x89, 0xa1, 0x91,
  0xc0, 0x91, 0xc1, 0x91, 0xc1, 0x91, 0xe2, 0x91, 0x03, 0x72, 0x13, 0x32, 0x7a, 0x2a, 0x7a, 0x2a, 0x7a, 0x2a, 0x7a, 0x2a, 0x7a, 0x2a, 0x7a, 0x2a, 0x7a, 0x2a, 0x7a, 0x2a, 0x7a, 0x2a, 0x7a, 0x2a,
  0x7a, 0x2a, 0x7a, 0x2a, 0x7a, 0x2a, 0x7a, 0x2a, 0x7a, 0x2a, 0x7a, 0x2a, 0x7a, 0x2a, 0x7a, 0x2a, 0x7a, 0x2a, 0x7a, 0x2a, 0x7a, 0x2a, 0x7a, 0x2a, 0x7a, 0x2a, 0xf0, 0x39, 0xa2, 0x69, 0x02, 0x8a,
  0xc1, 0x89, 0xc1, 0x91, 0xc1, 0x91, 0xa1, 0x91, 0xc1, 0x91, 0x44, 0x92, 0xab, 0x41, 0x7a, 0x2a, 0x7a, 0x2a, 0x7a, 0x2a, 0x7a, 0x2a, 0x7a, 0x2a, 0x7a, 0x2a, 0x7a, 0x2a, 0x7a, 0x2a, 0x7a, 0x2a,
  0x7a, 0x2a, 0x7a, 0x2a, 0x7a, 0x2a, 0x7a, 0x2a, 0x7a, 0x2a, 0x7a, 0x2a, 0x7a, 0x2a, 0x7a, 0x2a, 0x7a, 0x2a, 0x7a, 0x2a, 0x59, 0x2a, 0xa9, 0x51, 0x04, 0x92, 0xc2, 0x91, 0xc1, 0x91, 0xe1, 0x91,
  0xe1, 0x91, 0xe2, 0x91, 0x44, 0x92, 0x0e, 0x4a, 0x7a, 0x2a, 0x7a, 0x2a, 0x7a, 0x2a, 0x7a, 0x2a, 0x7a, 0x2a, 0x7a, 0x2a, 0x7a, 0x2a, 0x7a, 0x2a, 0x7a, 0x2a, 0x7a, 0x2a, 0x7a, 0x2a, 0xad, 0x31,
  0xe4, 0x71, 0x03, 0x82, 0xc1, 0x89, 0xc1, 0x91, 0xe1, 0x91, 0xc1, 0x91, 0xc1, 0x91, 0xe1, 0x89, 0xe1, 0x91, 0xc0, 0x91, 0xa1, 0x91, 0x23, 0x92, 0x2a, 0x5a, 0x7a, 0x2a, 0x7a, 0x2a, 0x7a, 0x2a,
  0x7a, 0x2a, 0xda, 0x3a, 0x7a, 0x2a, 0x7a, 0x2a, 0x7a, 0x2a, 0x7a, 0x2a, 0x7a, 0x2a, 0x7a, 0x2a, 0x59, 0x2a, 0x07, 0x6a, 0x02, 0x8a, 0xe1, 0x91, 0xc0, 0x91, 0xc1, 0x91, 0xc1, 0x91, 0xe2, 0x91,
  0x03, 0x8a, 0x8a, 0x39, 0x7a, 0x2a, 0x7a, 0x2a, 0x7a, 0x2a, 0x7a, 0x2a, 0x7a, 0x2a, 0x7a, 0x2a, 0x7a, 0x2a, 0x7a, 0x2a, 0x7a, 0x2a, 0x7a, 0x2a, 0xd0, 0x31, 0xc5, 0x61, 0x04, 0x82, 0xe3, 0x89,
  0xc2, 0x91, 0xe1, 0x99, 0xc0, 0x91, 0xe0, 0x91, 0xe1, 0x89, 0xe2, 0x81, 0x24, 0x82, 0x85, 0x59, 0xae, 0x31, 0x37, 0x22, 0x7a, 0x2a, 0x7a, 0x2a, 0x7a, 0x2a, 0x7a, 0x2a, 0x7a, 0x2a, 0x59, 0x2a,
  0x8d, 0x31, 0xc4, 0x69, 0xe3, 0x89, 0xc1, 0x91, 0xc1, 0x91, 0xa1, 0x91, 0xc1, 0x91, 0xe1, 0x91, 0xc2, 0x89, 0x24, 0x8a, 0x87, 0x51, 0x38, 0x22, 0x7a, 0x2a, 0x7a, 0x2a, 0x7a, 0x2a, 0x7a, 0x2a,
  0x7a, 0x2a, 0x7a, 0x2a, 0x7a, 0x2a, 0x7a, 0x2a, 0x7a, 0x2a, 0xda, 0x3a, 0x7a, 0x2a, 0x7a, 0x2a, 0x7a, 0x2a, 0x7a, 0x2a, 0x7a, 0x2a, 0x7a, 0x2a, 0x7a, 0x2a, 0x7a, 0x2a, 0x7a, 0x2a, 0x7a, 0x2a,
  0x7a, 0x2a, 0x7a, 0x2a, 0x7a, 0x2a, 0x7a, 0x2a, 0x7a, 0x2a, 0x7a, 0x2a, 0x7a, 0x2a, 0x7a, 0x2a, 0x7a, 0x2a, 0x7a, 0x2a, 0x7a, 0x2a, 0x7a, 0x2a, 0x7a, 0x2a, 0x7a, 0x2a, 0x7a, 0x2a, 0x7a, 0x2a,
  0x5a, 0x2a, 0x5a, 0x2a, 0x5a, 0x2a, 0x5a, 0x2a, 0x5a, 0x2a, 0x5a, 0x2a, 0x5a, 0x2a, 0x5a, 0x2a, 0x5a, 0x2a, 0x5a, 0x2a, 0x5a, 0x2a, 0x5a, 0x2a, 0x5a, 0x2a, 0x5a, 0x2a, 0x5a, 0x2a, 0x5a, 0x2a,
  0x5a, 0x2a, 0x5a, 0x2a, 0x5a, 0x2a, 0x5a, 0x2a, 0xba, 0x3a, 0x5a, 0x2a, 0x5a, 0x2a, 0x5a, 0x2a, 0x5a, 0x2a, 0x5a, 0x2a, 0x5a, 0x2a, 0x39, 0x2a, 0xaa, 0x49, 0x04, 0x92, 0xa2, 0x89, 0xa1, 0x91,
  0xc1, 0x91, 0xc1, 0x91, 0xc1, 0x89, 0xe3, 0x91, 0xcb, 0x49, 0x5a, 0x2a, 0x5a, 0x2a, 0x5a, 0x2a, 0x5a, 0x2a, 0x5a, 0x2a, 0x5a, 0x2a, 0x5a, 0x2a, 0x5a, 0x2a, 0x5a, 0x2a, 0x5a, 0x2a, 0x5a, 0x2a,
  0xd3, 0x29, 0x63, 0x61, 0xe3, 0x89, 0xa1, 0x89, 0xc1, 0x91, 0xc0, 0x91, 0xa1, 0x91, 0xc2, 0x91, 0x03, 0x8a, 0x89, 0x41, 0x5a, 0x2a, 0x5a, 0x2a, 0x5a, 0x2a, 0x8c, 0x39, 0xe4, 0x81, 0xc2, 0x89,
  0xc0, 0x91, 0xc0, 0x91, 0xc1, 0x91, 0xc1, 0x89, 0xe3, 0x89, 0xe4, 0x71, 0xaf, 0x31, 0x5a, 0x2a, 0x5a, 0x2a, 0x5a, 0x2a, 0x5a, 0x2a, 0x5a, 0x2a, 0x5a, 0x2a, 0x5a, 0x2a, 0x5a, 0x2a, 0x5a, 0x2a,
  0x5a, 0x2a, 0x5a, 0x2a, 0x5a, 0x2a, 0x5a, 0x2a, 0x5a, 0x2a, 0x5a, 0x2a, 0x5a, 0x2a, 0x5a, 0x2a, 0xba, 0x3a, 0x5a, 0x2a, 0xf2, 0x31, 0xc4, 0x69, 0x03, 0x8a, 0xc1, 0x89, 0xe1, 0x91, 0xe0, 0x89,
  0xe1, 0x89, 0xc2, 0x89, 0x23, 0x8a, 0xee, 0x41, 0x5a, 0x2a, 0x5a, 0x2a, 0x5a, 0x2a, 0x5a, 0x2a, 0x5a, 0x2a, 0x5a, 0x2a, 0x5a, 0x2a, 0x5a, 0x2a, 0x5a, 0x2a, 0x5a, 0x2a, 0x5a, 0x2a, 0xf4, 0x29,
  0xc3, 0x69, 0xe2, 0x89, 0xc1, 0x89, 0x02, 0x92, 0xc1, 0x89, 0xc1, 0x91, 0xe2, 0x91, 0xe4, 0x79, 0xd2, 0x29, 0x5a, 0x2a, 0xba, 0x3a, 0x5a, 0x2a, 0xac, 0x41, 0xe3, 0x81, 0xc3, 0x89, 0xa2, 0x91,
  0xc0, 0x91, 0xc0, 0x91, 0xa1, 0x91, 0x22, 0x92, 0xea, 0x51, 0x39, 0x2a, 0x5a, 0x2a, 0x5a, 0x2a, 0x5a, 0x2a, 0x5a, 0x2a, 0x5a, 0x2a, 0x5a, 0x2a, 0x5a, 0x2a, 0x5a, 0x2a, 0x5a, 0x2a, 0x5a, 0x2a,
  0x5a, 0x2a, 0x5a, 0x2a, 0x5a, 0x2a, 0x5a, 0x2a, 0x5a, 0x2a, 0x5a, 0x2a, 0x5a, 0x2a, 0x5a, 0x2a, 0x5a, 0x2a, 0x5a, 0x2a, 0x5a, 0x2a, 0x5a, 0x2a, 0xba, 0x3a, 0x8c, 0x39, 0x03, 0x82, 0xe2, 0x89,
  0xa0, 0x91, 0xc1, 0x91, 0xc1, 0x91, 0xc1, 0x91, 0xe2, 0x91, 0xe4, 0x81, 0x6d, 0x39, 0x5a, 0x2a, 0x5a, 0x2a, 0x5a, 0x2a, 0x5a, 0x2a, 0x5a, 0x2a, 0x5a, 0x2a, 0x5a, 0x2a, 0x5a, 0x2a, 0x5a, 0x2a,
  0x5a, 0x2a, 0x5a, 0x2a, 0x5a, 0x2a, 0x5a, 0x2a, 0x5a, 0x2a, 0x5a, 0x2a, 0x5a, 0x2a, 0x5a, 0x2a, 0x5a, 0x2a, 0x5a, 0x2a, 0xf4, 0x29, 0xa4, 0x71, 0xc3, 0x89, 0xc1, 0x91, 0xc1, 0x91, 0xc2, 0x91,
  0xc1, 0x91, 0xe3, 0x89, 0x04, 0x82, 0xaf, 0x39, 0x5a, 0x2a, 0x5a, 0x2a, 0x5a, 0x2a, 0x5a, 0x2a, 0x5a, 0x2a, 0x5a, 0x2a, 0x5a, 0x2a, 0x5a, 0x2a, 0x5a, 0x2a, 0x5a, 0x2a, 0x5a, 0x2a, 0x5a, 0x2a,
  0x89, 0x41, 0x24, 0x82, 0xe2, 0x89, 0xe1, 0x91, 0xc1, 0x91, 0xc1, 0x91, 0xc0, 0x91, 0xc0, 0x91, 0xe0, 0x89, 0xc0, 0x91, 0xc2, 0x91, 0x23, 0x8a, 0x89, 0x41, 0x5a, 0x2a, 0x5a, 0x2a, 0x5a, 0x2a,
  0xba, 0x3a, 0x5a, 0x2a, 0x5a, 0x2a, 0x5a, 0x2a, 0x5a, 0x2a, 0x5a, 0x2a, 0x5a, 0x2a, 0x5a, 0x2a, 0xb1, 0x29, 0xe4, 0x71, 0xe1, 0x89, 0xc0, 0x91, 0xc0, 0x91, 0xc1, 0x91, 0xe1, 0x91, 0xe2, 0x91,
  0xe3, 0x79, 0xf4, 0x29, 0x5a, 0x2a, 0x5a, 0x2a, 0x5a, 0x2a, 0x5a, 0x2a, 0x5a, 0x2a, 0x5a, 0x2a, 0x5a, 0x2a, 0x5a, 0x2a, 0x5a, 0x2a, 0x8b, 0x39, 0xe4, 0x71, 0x03, 0x82, 0xe2, 0x89, 0xa1, 0x91,
  0xc1, 0x91, 0xa1, 0x91, 0xe1, 0x91, 0xe1, 0x81, 0x02, 0x82, 0x24, 0x7a, 0xa9, 0x49, 0xd4, 0x21, 0x5a, 0x2a, 0x5a, 0x2a, 0x5a, 0x2a, 0x5a, 0x2a, 0x5a, 0x2a, 0x5a, 0x2a, 0x5a, 0x2a, 0x5a, 0x2a,
  0x5a, 0x2a, 0x8e, 0x31, 0xc3, 0x71, 0xe2, 0x89, 0xa0, 0x91, 0xa1, 0x91, 0xa1, 0x91, 0xc1, 0x91, 0xc1, 0x91, 0xe3, 0x89, 0x25, 0x82, 0xcd, 0x41, 0x5a, 0x2a, 0x5a, 0x2a, 0x5a, 0x2a, 0x5a, 0x2a,
  0x5a, 0x2a, 0x5a, 0x2a, 0x5a, 0x2a, 0x5a, 0x2a, 0xba, 0x3a, 0x5a, 0x2a, 0x5a, 0x2a, 0x5a, 0x2a, 0x5a, 0x2a, 0x5a, 0x2a, 0x5a, 0x2a, 0x5a, 0x2a, 0x5a, 0x2a, 0x5a, 0x2a, 0x5a, 0x2a, 0x5a, 0x2a,
  0x5a, 0x2a, 0x5a, 0x2a, 0x5a, 0x2a, 0x5a, 0x2a, 0x5a, 0x2a, 0x5a, 0x2a, 0x5a, 0x2a, 0x5a, 0x2a, 0x5a, 0x2a, 0x5a, 0x2a, 0x5a, 0x2a, 0x5a, 0x2a, 0x5a, 0x2a, 0x5a, 0x2a, 0x5a, 0x2a, 0x5a, 0x2a,
  0x5a, 0x2a, 0x5a, 0x2a, 0x5a, 0x2a, 0x5a, 0x2a, 0x5a, 0x2a, 0x5a, 0x2a, 0x5a, 0x2a, 0x5a, 0x2a, 0x5a, 0x2a, 0x5a, 0x2a, 0x5a, 0x2a, 0x5a, 0x2a, 0x5a, 0x2a, 0x5a, 0x2a, 0x5a, 0x2a, 0x5a, 0x2a,
  0x5a, 0x2a, 0x5a, 0x2a, 0x5a, 0x2a, 0xba, 0x3a, 0x5a, 0x2a, 0x5a, 0x2a, 0x5a, 0x2a, 0x5a, 0x2a, 0x5a, 0x2a, 0x5a, 0x2a, 0x5a, 0x2a, 0xf4, 0x29, 0x83, 0x69, 0xc2, 0x91, 0xc1, 0x91, 0xa1, 0x89,
  0xa1, 0x89, 0xc0, 0x89, 0xe1, 0x91, 0xc2, 0x89, 0x08, 0x39, 0xf5, 0x21, 0x39, 0x2a, 0x39, 0x2a, 0x38, 0x2a, 0x39, 0x2a, 0x39, 0x2a, 0x38, 0x2a, 0x39, 0x2a, 0x39, 0x2a, 0x38, 0x2a, 0xf5, 0x21,
  0x0a, 0x31, 0xc3, 0x79, 0xe2, 0x89, 0xc1, 0x89, 0xc0, 0x89, 0xc0, 0x89, 0xa1, 0x89, 0xe2, 0x91, 0xe5, 0x71, 0x16, 0x2a, 0x5a, 0x2a, 0x5a, 0x2a, 0x17, 0x2a, 0x87, 0x51, 0xe3, 0x89, 0xc1, 0x89,
  0xa0, 0x91, 0xa0, 0x91, 0xc1, 0x91, 0xc1, 0x89, 0x02, 0x92, 0x23, 0x59, 0x2d, 0x29, 0xd4, 0x29, 0xd4, 0x29, 0xf5, 0x29, 0xd3, 0x29, 0xb2, 0x29, 0xb2, 0x29, 0xf5, 0x29, 0x16, 0x2a, 0xf4, 0x29,
  0xf6, 0x29, 0x16, 0x2a, 0xf4, 0x29, 0xf5, 0x29, 0x16, 0x2a, 0x16, 0x2a, 0x17, 0x22, 0x99, 0x32, 0x5a, 0x2a, 0x5a, 0x2a, 0xce, 0x39, 0x24, 0x82, 0xa2, 0x89, 0xa1, 0x91, 0xa1, 0x91, 0xc1, 0x89,
  0xc2, 0x89, 0xe3, 0x89, 0xc4, 0x79, 0x90, 0x31, 0x5a, 0x2a, 0x5a, 0x2a, 0x5a, 0x2a, 0x5a, 0x2a, 0x5a, 0x2a, 0x5a, 0x2a, 0x5a, 0x2a, 0x5a, 0x2a, 0x5a, 0x2a, 0x5a, 0x2a, 0x5a, 0x2a, 0xae, 0x31,
  0xc3, 0x71, 0xc2, 0x89, 0xc0, 0x89, 0xe1, 0x89, 0xc1, 0x89, 0xc1, 0x89, 0xe1, 0x89, 0xe5, 0x69, 0x5a, 0x2a, 0xba, 0x3a, 0x5a, 0x2a, 0x17, 0x2a, 0x66, 0x51, 0x03, 0x8a, 0xa2, 0x89, 0xc1, 0x89,
  0xe0, 0x89, 0xc0, 0x89, 0xc1, 0x89, 0xe2, 0x89, 0xcc, 0x49, 0x5a, 0x2a, 0x5a, 0x2a, 0x5a, 0x2a, 0x5a, 0x2a, 0x5a, 0x2a, 0x5a, 0x2a, 0x5a, 0x2a, 0x5a, 0x2a, 0x5a, 0x2a, 0x5a, 0x2a, 0x5a, 0x2a,
  0x5a, 0x2a, 0x5a, 0x2a, 0x5a, 0x2a, 0x5a, 0x2a, 0x5a, 0x2a, 0x5a, 0x2a, 0x5a, 0x2a, 0x5a, 0x2a, 0x5a, 0x2a, 0x5a, 0x2a, 0x5a, 0x2a, 0xba, 0x3a, 0x38, 0x2a, 0x86, 0x51, 0xe3, 0x89, 0xa1, 0x89,
  0xa0, 0x91, 0xa0, 0x91, 0xc1, 0x91, 0xa1, 0x89, 0xe2, 0x91, 0x42, 0x69, 0xc8, 0x28, 0xb3, 0x29, 0x17, 0x22, 0xf6, 0x29, 0xf5, 0x29, 0xf6, 0x21, 0x17, 0x2a, 0x16, 0x2a, 0x16, 0x2a, 0xf6, 0x29,
  0xf6, 0x29, 0xf6, 0x29, 0xf6, 0x29, 0xf6, 0x29, 0xf6, 0x29, 0xf5, 0x29, 0x16, 0x2a, 0x38, 0x2a, 0x5a, 0x2a, 0x5a, 0x2a, 0xae, 0x39, 0x04, 0x82, 0xa1, 0x89, 0xc1, 0x91, 0xc1, 0x91, 0xa0, 0x91,
  0xc1, 0x91, 0x03, 0x8a, 0xa5, 0x61, 0xd4, 0x29, 0x5a, 0x2a, 0x5a, 0x2a, 0x5a, 0x2a, 0x5a, 0x2a, 0x5a, 0x2a, 0x5a, 0x2a, 0x5a, 0x2a, 0x5a, 0x2a, 0x5a, 0x2a, 0x5a, 0x2a, 0x5a, 0x2a, 0x5a, 0x2a,
  0xd3, 0x29, 0x43, 0x51, 0x23, 0x82, 0xe2, 0x81, 0xc1, 0x91, 0xa1, 0x91, 0xa0, 0x91, 0xc0, 0x91, 0xc0, 0x89, 0xc1, 0x89, 0xe3, 0x91, 0xc5, 0x71, 0x91, 0x29, 0x5a, 0x2a, 0x5a, 0x2a, 0xba, 0x3a,
  0x5a, 0x2a, 0x5a, 0x2a, 0x5a, 0x2a, 0x5a, 0x2a, 0x5a, 0x2a, 0x5a, 0x2a, 0x5a, 0x2a, 0x5a, 0x2a, 0x8a, 0x41, 0xe3, 0x81, 0xc2, 0x89, 0xa1, 0x91, 0xc1, 0x91, 0xc1, 0x91, 0xc1, 0x89, 0xe2, 0x89,
  0x82, 0x69, 0x16, 0x2a, 0x5a, 0x2a, 0x5a, 0x2a, 0x5a, 0x2a, 0x5a, 0x2a, 0x5a, 0x2a, 0x5a, 0x2a, 0x5a, 0x2a, 0x5a, 0x2a, 0xf5, 0x29, 0xa6, 0x61, 0xe3, 0x89, 0xc2, 0x89, 0xc0, 0x89, 0xc0, 0x89,
  0xa0, 0x89, 0xc1, 0x91, 0xc1, 0x81, 0xe3, 0x79, 0xc5, 0x61, 0x8e, 0x31, 0x5a, 0x2a, 0x5a, 0x2a, 0x5a, 0x2a, 0x5a, 0x2a, 0x5a, 0x2a, 0x5a, 0x2a, 0x5a, 0x2a, 0x5a, 0x2a, 0x5a, 0x2a, 0x5a, 0x2a,
  0x5a, 0x2a, 0x5a, 0x2a, 0x68, 0x41, 0x02, 0x82, 0xe0, 0x89, 0xa0, 0x91, 0xa1, 0x91, 0xa1, 0x91, 0xc1, 0x89, 0xc3, 0x89, 0x25, 0x8a, 0x2b, 0x5a, 0x5a, 0x2a, 0x5a, 0x2a, 0x5a, 0x2a, 0x5a, 0x2a,
  0x5a, 0x2a, 0x5a, 0x2a, 0x5a, 0x2a, 0xba, 0x3a, 0x5a, 0x2a, 0x5a, 0x2a, 0x5a, 0x2a, 0x5a, 0x2a, 0x5a, 0x2a, 0x5a, 0x2a, 0x5a, 0x2a, 0x5a, 0x2a, 0x5a, 0x2a, 0x5a, 0x2a, 0x5a, 0x2a, 0x5a, 0x2a,
  0x5a, 0x2a, 0x5a, 0x2a, 0x5a, 0x2a, 0x5a, 0x2a, 0x5a, 0x2a, 0x5a, 0x2a, 0x5a, 0x2a, 0x5a, 0x2a, 0x5a, 0x2a, 0x5a, 0x2a, 0x5a, 0x2a, 0x5a, 0x2a, 0x5a, 0x2a, 0x5a, 0x2a, 0x5a, 0x2a, 0x5a, 0x2a,
  0x59, 0x2a, 0x59, 0x2a, 0x59, 0x2a, 0x59, 0x2a, 0x59, 0x2a, 0x59, 0x2a, 0x59, 0x2a, 0x59, 0x2a, 0x59, 0x2a, 0x59, 0x2a, 0x59, 0x2a, 0x59, 0x2a, 0x59, 0x2a, 0x59, 0x2a, 0x59, 0x2a, 0x59, 0x2a,
  0x59, 0x2a, 0x59, 0x2a, 0xb9, 0x3a, 0x59, 0x2a, 0x59, 0x2a, 0x59, 0x2a, 0x59, 0x2a, 0x59, 0x2a, 0x59, 0x2a, 0x59, 0x2a, 0x59, 0x2a, 0xad, 0x39, 0x04, 0x82, 0x82, 0x91, 0xa1, 0x91, 0xa1, 0x91,
  0xa1, 0x89, 0xa1, 0x89, 0xc1, 0x91, 0xa1, 0x89, 0x23, 0x61, 0x86, 0x51, 0xa9, 0x51, 0x89, 0x51, 0xa8, 0x51, 0xa9, 0x51, 0xa9, 0x51, 0xa8, 0x51, 0xa9, 0x51, 0xa9, 0x51, 0xa8, 0x51, 0x86, 0x51,
  0x22, 0x61, 0xc2, 0x81, 0xc1, 0x89, 0xa1, 0x89, 0xa0, 0x89, 0xa1, 0x91, 0xa1, 0x89, 0xe3, 0x89, 0x44, 0x59, 0x38, 0x2a, 0x59, 0x2a, 0x59, 0x2a, 0xd1, 0x31, 0xc4, 0x71, 0xc2, 0x89, 0xc1, 0x89,
  0xa1, 0x89, 0xa1, 0x91, 0xc1, 0x91, 0xa1, 0x89, 0xc1, 0x89, 0x61, 0x71, 0x22, 0x61, 0x64, 0x59, 0x64, 0x59, 0x63, 0x59, 0x42, 0x59, 0x42, 0x61, 0x41, 0x61, 0x63, 0x59, 0x84, 0x59, 0x63, 0x59,
  0x84, 0x51, 0x85, 0x51, 0x64, 0x59, 0x64, 0x59, 0x64, 0x59, 0x65, 0x59, 0xc7, 0x59, 0x0f, 0x42, 0x59, 0x2a, 0x38, 0x2a, 0x64, 0x49, 0x03, 0x82, 0xa1, 0x89, 0xa1, 0x91, 0xa0, 0x91, 0xa0, 0x89,
  0xa2, 0x89, 0x24, 0x8a, 0xa7, 0x59, 0x37, 0x22, 0x59, 0x2a, 0x59, 0x2a, 0x59, 0x2a, 0x59, 0x2a, 0x59, 0x2a, 0x59, 0x2a, 0x59, 0x2a, 0x59, 0x2a, 0x59, 0x2a, 0x59, 0x2a, 0x38, 0x2a, 0x65, 0x51,
  0xc3, 0x81, 0xc2, 0x89, 0xc1, 0x89, 0xa0, 0x89, 0xc1, 0x91, 0xc0, 0x89, 0xe2, 0x89, 0x64, 0x51, 0xb9, 0x3a, 0x59, 0x2a, 0x59, 0x2a, 0x8f, 0x31, 0x82, 0x69, 0xe2, 0x89, 0xa1, 0x89, 0xa1, 0x89,
  0xc0, 0x89, 0xc0, 0x89, 0xe3, 0x89, 0xe4, 0x79, 0x6b, 0x39, 0x59, 0x2a, 0x59, 0x2a, 0x59, 0x2a, 0x59, 0x2a, 0x59, 0x2a, 0x59, 0x2a, 0x59, 0x2a, 0x59, 0x2a, 0x59, 0x2a, 0x59, 0x2a, 0x59, 0x2a,
  0x59, 0x2a, 0x59, 0x2a, 0x59, 0x2a, 0x59, 0x2a, 0x59, 0x2a, 0x59, 0x2a, 0x59, 0x2a, 0x59, 0x2a, 0x59, 0x2a, 0x59, 0x2a, 0xb9, 0x3a, 0x59, 0x2a, 0xf2, 0x31, 0xc4, 0x71, 0xa2, 0x89, 0xa1, 0x91,
  0xa1, 0x91, 0xa1, 0x91, 0xa1, 0x89, 0xa1, 0x89, 0xc1, 0x91, 0x82, 0x79, 0x21, 0x61, 0x65, 0x59, 0x86, 0x51, 0x65, 0x51, 0x64, 0x59, 0x85, 0x51, 0x65, 0x51, 0x65, 0x51, 0x65, 0x59, 0x65, 0x59,
  0x64, 0x59, 0x65, 0x59, 0x64, 0x59, 0x65, 0x59, 0x64, 0x59, 0x64, 0x59, 0x85, 0x59, 0x2d, 0x42, 0x59, 0x2a, 0x16, 0x2a, 0x44, 0x51, 0xe3, 0x89, 0xa0, 0x89, 0xc0, 0x91, 0xa0, 0x89, 0xa0, 0x89,
  0xa1, 0x89, 0x03, 0x8a, 0x89, 0x49, 0x59, 0x2a, 0x59, 0x2a, 0x59, 0x2a, 0x59, 0x2a, 0x59, 0x2a, 0x59, 0x2a, 0x59, 0x2a, 0x59, 0x2a, 0x59, 0x2a, 0x59, 0x2a, 0x59, 0x2a, 0x59, 0x2a, 0x59, 0x2a,
  0x59, 0x2a, 0xb1, 0x29, 0x84, 0x61, 0xe2, 0x81, 0xc1, 0x91, 0xa0, 0x91, 0xa0, 0x91, 0xa0, 0x91, 0xa0, 0x89, 0xa1, 0x89, 0x04, 0x8a, 0x86, 0x51, 0x38, 0x2a, 0x59, 0x2a, 0xb9, 0x3a, 0x59, 0x2a,
  0x59, 0x2a, 0x59, 0x2a, 0x59, 0x2a, 0x59, 0x2a, 0x59, 0x2a, 0x59, 0x2a, 0x59, 0x2a, 0x38, 0x2a, 0x88, 0x49, 0x03, 0x8a, 0xa1, 0x89, 0xa1, 0x91, 0xa1, 0x91, 0xa1, 0x91, 0xa1, 0x89, 0x03, 0x8a,
  0x44, 0x51, 0x38, 0x2a, 0x59, 0x2a, 0x59, 0x2a, 0x59, 0x2a, 0x59, 0x2a, 0x59, 0x2a, 0x59, 0x2a, 0x59, 0x2a, 0x59, 0x2a, 0xad, 0x41, 0xc4, 0x79, 0xc3, 0x91, 0xa0, 0x91, 0xa0, 0x89, 0xc1, 0x89,
  0xa1, 0x89, 0xc1, 0x89, 0x04, 0x82, 0x88, 0x49, 0xd4, 0x29, 0x59, 0x2a, 0x59, 0x2a, 0x59, 0x2a, 0x59, 0x2a, 0x59, 0x2a, 0x59, 0x2a, 0x59, 0x2a, 0x59, 0x2a, 0x59, 0x2a, 0x59, 0x2a, 0x59, 0x2a,
  0x59, 0x2a, 0x59, 0x2a, 0xd2, 0x29, 0x61, 0x61, 0x01, 0x8a, 0xc0, 0x89, 0xc0, 0x91, 0xc1, 0x91, 0xa1, 0x89, 0xc3, 0x89, 0xe4, 0x81, 0xab, 0x41, 0x59, 0x2a, 0x59, 0x2a, 0x59, 0x2a, 0x59, 0x2a,
  0x59, 0x2a, 0x59, 0x2a, 0xb9, 0x3a, 0x59, 0x2a, 0x59, 0x2a, 0x59, 0x2a, 0x59, 0x2a, 0x59, 0x2a, 0x59, 0x2a, 0x59, 0x2a, 0x59, 0x2a, 0x59, 0x2a, 0x59, 0x2a, 0x59, 0x2a, 0x59, 0x2a, 0x59, 0x2a,
  0x59, 0x2a, 0x59, 0x2a, 0x59, 0x2a, 0x59, 0x2a, 0x59, 0x2a, 0x59, 0x2a, 0x59, 0x2a, 0x59, 0x2a, 0x59, 0x2a, 0x59, 0x2a, 0x59, 0x2a, 0x59, 0x2a, 0x59, 0x2a, 0x59, 0x2a, 0x59, 0x2a, 0x59, 0x2a,
  0x59, 0x2a, 0x59, 0x2a, 0x59, 0x2a, 0x59, 0x2a, 0x59, 0x2a, 0x59, 0x2a, 0x59, 0x2a, 0x59, 0x2a, 0x59, 0x2a, 0x59, 0x2a, 0x59, 0x2a, 0x59, 0x2a, 0x59, 0x2a, 0x59, 0x2a, 0x59, 0x2a, 0x59, 0x2a,
  0x59, 0x2a, 0xb9, 0x3a, 0x59, 0x2a, 0x59, 0x2a, 0x59, 0x2a, 0x59, 0x2a, 0x59, 0x2a, 0x59, 0x2a, 0x59, 0x2a, 0x59, 0x2a, 0x59, 0x2a, 0x84, 0x59, 0xc4, 0x81, 0x81, 0x89, 0x81, 0x91, 0xa1, 0x91,
  0x81, 0x89, 0x81, 0x89, 0xa1, 0x89, 0xa2, 0x89, 0xc2, 0x89, 0xe3, 0x89, 0xe3, 0x89, 0xe3, 0x89, 0xe3, 0x89, 0xe3, 0x89, 0xe3, 0x89, 0xe2, 0x89, 0xe3, 0x81, 0xe3, 0x81, 0xe3, 0x89, 0xe3, 0x89,
  0xc2, 0x89, 0xa1, 0x89, 0xa1, 0x91, 0x80, 0x91, 0xa1, 0x91, 0x81, 0x89, 0xa2, 0x89, 0x05, 0x82, 0x6a, 0x39, 0x58, 0x2a, 0x59, 0x2a, 0x59, 0x2a, 0x8c, 0x39, 0xe4, 0x81, 0xa1, 0x89, 0xa0, 0x91,
  0xa0, 0x89, 0xa1, 0x89, 0xa1, 0x89, 0x81, 0x89, 0xa1, 0x89, 0xc1, 0x89, 0xe3, 0x89, 0xe3, 0x89, 0xc3, 0x89, 0xe3, 0x89, 0xc2, 0x89, 0xe2, 0x89, 0xc2, 0x89, 0xc2, 0x89, 0xc2, 0x89, 0xc3, 0x89,
  0xe3, 0x89, 0xe2, 0x81, 0xe3, 0x81, 0xc3, 0x89, 0xe3, 0x89, 0xc2, 0x89, 0x45, 0x8a, 0x2b, 0x5a, 0x59, 0x2a, 0x14, 0x2a, 0x83, 0x61, 0xe2, 0x81, 0xc1, 0x89, 0xa1, 0x89, 0xa0, 0x89, 0xa0, 0x89,
  0xc2, 0x89, 0xc3, 0x71, 0x8c, 0x31, 0x59, 0x2a, 0x59, 0x2a, 0x59, 0x2a, 0x59, 0x2a, 0x59, 0x2a, 0x59, 0x2a, 0x59, 0x2a, 0x59, 0x2a, 0x59, 0x2a, 0x59, 0x2a, 0x59, 0x2a, 0xb1, 0x29, 0xa4, 0x69,
  0xa2, 0x89, 0xa2, 0x89, 0xa1, 0x89, 0xa1, 0x89, 0xa0, 0x91, 0xc0, 0x89, 0x03, 0x82, 0x8b, 0x41, 0x59, 0x2a, 0x59, 0x2a, 0x59, 0x2a, 0x69, 0x41, 0xe3, 0x79, 0xa1, 0x81, 0xa1, 0x89, 0x80, 0x89,
  0x80, 0x91, 0xa1, 0x89, 0xe4, 0x89, 0xe7, 0x61, 0xd4, 0x21, 0x59, 0x2a, 0x59, 0x2a, 0x59, 0x2a, 0x59, 0x2a, 0x59, 0x2a, 0x59, 0x2a, 0x59, 0x2a, 0x59, 0x2a, 0x59, 0x2a, 0x59, 0x2a, 0x59, 0x2a,
  0x59, 0x2a, 0x59, 0x2a, 0x59, 0x2a, 0x59, 0x2a, 0x59, 0x2a, 0x59, 0x2a, 0x59, 0x2a, 0x59, 0x2a, 0x59, 0x2a, 0xb9, 0x3a, 0x59, 0x2a, 0x59, 0x2a, 0x6b, 0x39, 0xc4, 0x81, 0x82, 0x89, 0xa1, 0x91,
  0xa0, 0x89, 0xa1, 0x89, 0xa1, 0x89, 0x81, 0x91, 0x81, 0x91, 0xa1, 0x89, 0xc2, 0x89, 0xe3, 0x89, 0xe3, 0x89, 0xc3, 0x89, 0xc3, 0x89, 0xc3, 0x89, 0xc3, 0x89, 0xc3, 0x89, 0xc3, 0x89, 0xc3, 0x89,
  0xc3, 0x89, 0xc3, 0x89, 0xc3, 0x89, 0xc3, 0x89, 0xc3, 0x89, 0xa3, 0x89, 0x25, 0x8a, 0x2b, 0x5a, 0x58, 0x2a, 0xd2, 0x29, 0x43, 0x69, 0xc3, 0x89, 0xa1, 0x91, 0x80, 0x89, 0xa0, 0x89, 0xa1, 0x89,
  0xa2, 0x89, 0xe5, 0x79, 0xb0, 0x29, 0x59, 0x2a, 0x59, 0x2a, 0x59, 0x2a, 0x59, 0x2a, 0x59, 0x2a, 0x59, 0x2a, 0x59, 0x2a, 0x59, 0x2a, 0x59, 0x2a, 0x59, 0x2a, 0x59, 0x2a, 0x59, 0x2a, 0x59, 0x2a,
  0x59, 0x2a, 0x59, 0x2a, 0x27, 0x39, 0xe2, 0x81, 0xa1, 0x89, 0xa1, 0x91, 0x81, 0x91, 0x81, 0x91, 0xa1, 0x91, 0xe2, 0x89, 0x04, 0x7a, 0xae, 0x31, 0x59, 0x2a, 0xb9, 0x3a, 0x59, 0x2a, 0x59, 0x2a,
  0x59, 0x2a, 0x59, 0x2a, 0x59, 0x2a, 0x59, 0x2a, 0x59, 0x2a, 0x59, 0x2a, 0x59, 0x2a, 0xd1, 0x29, 0x63, 0x61, 0xe3, 0x89, 0xa1, 0x89, 0xa1, 0x91, 0x80, 0x91, 0x80, 0x91, 0x81, 0x89, 0x24, 0x8a,
  0xad, 0x41, 0x59, 0x2a, 0x59, 0x2a, 0x59, 0x2a, 0x59, 0x2a, 0x59, 0x2a, 0x59, 0x2a, 0x59, 0x2a, 0x59, 0x2a, 0x59, 0x2a, 0xcb, 0x49, 0xe4, 0x89, 0x81, 0x89, 0x80, 0x91, 0xa0, 0x91, 0x80, 0x89,
  0xa1, 0x89, 0xc2, 0x91, 0x63, 0x61, 0xf5, 0x21, 0x59, 0x2a, 0x59, 0x2a, 0x59, 0x2a, 0x59, 0x2a, 0x59, 0x2a, 0x59, 0x2a, 0x59, 0x2a, 0x59, 0x2a, 0x59, 0x2a, 0x59, 0x2a, 0x59, 0x2a, 0x59, 0x2a,
  0x59, 0x2a, 0x59, 0x2a, 0xb1, 0x31, 0xa3, 0x69, 0xc2, 0x81, 0xa1, 0x89, 0xa0, 0x89, 0xa1, 0x89, 0xa2, 0x89, 0xc3, 0x89, 0xa5, 0x69, 0xb1, 0x29, 0x59, 0x2a, 0x59, 0x2a, 0x59, 0x2a, 0x59, 0x2a,
  0x59, 0x2a, 0xb9, 0x3a, 0x59, 0x2a, 0x59, 0x2a, 0x59, 0x2a, 0x59, 0x2a, 0x59, 0x2a, 0x59, 0x2a, 0x59, 0x2a, 0x59, 0x2a, 0x59, 0x2a, 0x59, 0x2a, 0x59, 0x2a, 0x59, 0x2a, 0x59, 0x2a, 0x59, 0x2a,
  0x59, 0x2a, 0x59, 0x2a, 0x59, 0x2a, 0x59, 0x2a, 0x59, 0x2a, 0x59, 0x2a, 0x59, 0x2a, 0x59, 0x2a, 0x59, 0x2a, 0x59, 0x2a, 0x59, 0x2a, 0x59, 0x2a, 0x59, 0x2a, 0x59, 0x2a, 0x59, 0x2a, 0x59, 0x2a,
  0x59, 0x2a, 0x59, 0x2a, 0x59, 0x2a, 0x59, 0x2a, 0x59, 0x2a, 0x59, 0x2a, 0x59, 0x2a, 0x59, 0x2a, 0x59, 0x2a, 0x59, 0x2a, 0x59, 0x2a, 0x59, 0x2a, 0x59, 0x2a, 0x59, 0x2a, 0x59, 0x2a, 0x59, 0x2a,
  0xb9, 0x3a, 0x59, 0x2a, 0x59, 0x2a, 0x59, 0x2a, 0x59, 0x2a, 0x59, 0x2a, 0x59, 0x2a, 0x59, 0x2a, 0x59, 0x2a, 0x59, 0x2a, 0x59, 0x2a, 0xa5, 0x59, 0x04, 0x7a, 0xa2, 0x81, 0x81, 0x89, 0x81, 0x89,
  0x81, 0x89, 0xa1, 0x91, 0x81, 0x89, 0x81, 0x89, 0xa1, 0x89, 0x82, 0x81, 0xa2, 0x81, 0xa2, 0x81, 0x82, 0x81, 0x82, 0x81, 0x81, 0x81, 0x81, 0x89, 0x81, 0x89, 0x81, 0x81, 0x81, 0x89, 0x81, 0x89,
  0x81, 0x89, 0x80, 0x91, 0x80, 0x91, 0x81, 0x91, 0x61, 0x81, 0xa2, 0x89, 0x04, 0x8a, 0x85, 0x59, 0x36, 0x2a, 0x59, 0x2a, 0x59, 0x2a, 0x59, 0x2a, 0x64, 0x51, 0xc3, 0x81, 0x81, 0x89, 0x80, 0x91,
  0x80, 0x89, 0xa1, 0x89, 0xa1, 0x89, 0x81, 0x89, 0xa0, 0x89, 0xa1, 0x89, 0x81, 0x89, 0x82, 0x89, 0x82, 0x81, 0x82, 0x81, 0x81, 0x81, 0xa1, 0x81, 0xa1, 0x81, 0xa1, 0x89, 0xa1, 0x89, 0x82, 0x89,
  0x81, 0x89, 0x81, 0x89, 0xa2, 0x91, 0x61, 0x89, 0x81, 0x89, 0xa2, 0x81, 0x04, 0x82, 0x49, 0x39, 0x37, 0x2a, 0x8e, 0x31, 0xc3, 0x79, 0xa1, 0x89, 0x80, 0x89, 0xa0, 0x89, 0x80, 0x89, 0xa1, 0x89,
  0xe2, 0x89, 0xc5, 0x69, 0xd4, 0x21, 0x59, 0x2a, 0x59, 0x2a, 0x59, 0x2a, 0x59, 0x2a, 0x59, 0x2a, 0x59, 0x2a, 0x59, 0x2a, 0x59, 0x2a, 0x59, 0x2a, 0x59, 0x2a, 0x59, 0x2a, 0x8a, 0x39, 0xe3, 0x79,
  0xa2, 0x89, 0x80, 0x89, 0x81, 0x89, 0xa1, 0x91, 0x81, 0x89, 0xa1, 0x89, 0xc4, 0x69, 0x15, 0x2a, 0x59, 0x2a, 0x59, 0x2a, 0x37, 0x2a, 0x43, 0x51, 0xe3, 0x81, 0x81, 0x81, 0x81, 0x89, 0xa1, 0x91,
  0xa1, 0x91, 0x81, 0x81, 0x04, 0x82, 0xa9, 0x49, 0x59, 0x2a, 0x59, 0x2a, 0x59, 0x2a, 0x59, 0x2a, 0x59, 0x2a, 0x59, 0x2a, 0x59, 0x2a, 0x59, 0x2a, 0x59, 0x2a, 0x59, 0x2a, 0x59, 0x2a, 0x59, 0x2a,
  0x59, 0x2a, 0x59, 0x2a, 0x59, 0x2a, 0x59, 0x2a, 0x59, 0x2a, 0x59, 0x2a, 0x59, 0x2a, 0x59, 0x2a, 0xb9, 0x3a, 0x59, 0x2a, 0x59, 0x2a, 0x58, 0x2a, 0x44, 0x51, 0xc3, 0x81, 0x82, 0x91, 0x81, 0x91,
  0x80, 0x89, 0xa0, 0x89, 0x81, 0x89, 0x81, 0x91, 0x81, 0x91, 0xa1, 0x89, 0x81, 0x81, 0x81, 0x81, 0x82, 0x81, 0x82, 0x81, 0x82, 0x81, 0x82, 0x81, 0x82, 0x81, 0x82, 0x81, 0x82, 0x81, 0x82, 0x81,
  0x82, 0x81, 0x82, 0x81, 0x82, 0x81, 0x82, 0x81, 0x82, 0x81, 0xa2, 0x81, 0x05, 0x7a, 0x8c, 0x31, 0x59, 0x2a, 0x8e, 0x31, 0xa4, 0x71, 0xa2, 0x89, 0x81, 0x89, 0x80, 0x89, 0x80, 0x89, 0xa1, 0x89,
  0xa2, 0x89, 0xa6, 0x69, 0x16, 0x22, 0x59, 0x2a, 0x59, 0x2a, 0x59, 0x2a, 0x59, 0x2a, 0x59, 0x2a, 0x59, 0x2a, 0x59, 0x2a, 0x59, 0x2a, 0x59, 0x2a, 0x59, 0x2a, 0x59, 0x2a, 0x59, 0x2a, 0x59, 0x2a,
  0x59, 0x2a, 0x59, 0x2a, 0x48, 0x41, 0xc3, 0x79, 0xc2, 0x81, 0xa2, 0x89, 0x81, 0x89, 0x81, 0x89, 0x81, 0x89, 0xc2, 0x89, 0x82, 0x69, 0xf4, 0x29, 0xb9, 0x3a, 0x59, 0x2a, 0x59, 0x2a, 0x59, 0x2a,
  0x59, 0x2a, 0x59, 0x2a, 0x59, 0x2a, 0x59, 0x2a, 0x59, 0x2a, 0x59, 0x2a, 0x59, 0x2a, 0xce, 0x39, 0xc3, 0x79, 0xc2, 0x81, 0xa1, 0x89, 0xa1, 0x91, 0x81, 0x91, 0xa1, 0x89, 0xe3, 0x89, 0xa4, 0x69,
  0xf3, 0x31, 0x59, 0x2a, 0x59, 0x2a, 0x59, 0x2a, 0x59, 0x2a, 0x59, 0x2a, 0x59, 0x2a, 0x59, 0x2a, 0x59, 0x2a, 0xf5, 0x29, 0x64, 0x59, 0xe3, 0x89, 0x80, 0x89, 0x80, 0x91, 0xa0, 0x91, 0x80, 0x89,
  0xa1, 0x89, 0xe3, 0x89, 0x8a, 0x49, 0x59, 0x2a, 0x59, 0x2a, 0x59, 0x2a, 0x59, 0x2a, 0x59, 0x2a, 0x59, 0x2a, 0x59, 0x2a, 0x59, 0x2a, 0x59, 0x2a, 0x59, 0x2a, 0x59, 0x2a, 0x59, 0x2a, 0x59, 0x2a,
  0x59, 0x2a, 0x59, 0x2a, 0xae, 0x31, 0xe4, 0x79, 0xa2, 0x81, 0xa1, 0x89, 0xc1, 0x89, 0xa1, 0x89, 0xa1, 0x89, 0xc3, 0x89, 0xa6, 0x59, 0x38, 0x2a, 0x59, 0x2a, 0x59, 0x2a, 0x59, 0x2a, 0x59, 0x2a,
  0xb9, 0x3a, 0x59, 0x2a, 0x59, 0x2a, 0x59, 0x2a, 0x59, 0x2a, 0x59, 0x2a, 0x59, 0x2a, 0x59, 0x2a, 0x59, 0x2a, 0x59, 0x2a, 0x59, 0x2a, 0x59, 0x2a, 0x59, 0x2a, 0x59, 0x2a, 0x59, 0x2a, 0x59, 0x2a,
  0x59, 0x2a, 0x59, 0x2a, 0x59, 0x2a, 0x59, 0x2a, 0x59, 0x2a, 0x59, 0x2a, 0x59, 0x2a, 0x59, 0x2a, 0x59, 0x2a, 0x59, 0x2a, 0x59, 0x2a, 0x59, 0x2a, 0x59, 0x2a, 0x59, 0x2a, 0x59, 0x2a, 0x59, 0x2a,
  0x79, 0x2a, 0x79, 0x2a, 0x79, 0x2a, 0x79, 0x2a, 0x79, 0x2a, 0x79, 0x2a, 0x79, 0x2a, 0x79, 0x2a, 0x79, 0x2a, 0x79, 0x2a, 0x79, 0x2a, 0x79, 0x2a, 0x79, 0x2a, 0x79, 0x2a, 0x79, 0x2a, 0xd9, 0x3a,
  0x79, 0x2a, 0x79, 0x2a, 0x79, 0x2a, 0x79, 0x2a, 0x79, 0x2a, 0x79, 0x2a, 0x79, 0x2a, 0x79, 0x2a, 0x79, 0x2a, 0x79, 0x2a, 0x79, 0x2a, 0xf2, 0x29, 0x85, 0x61, 0xe4, 0x79, 0x81, 0x81, 0x81, 0x91,
  0x80, 0x89, 0x80, 0x89, 0xa1, 0x91, 0x81, 0x89, 0x81, 0x89, 0xa1, 0x89, 0xa1, 0x89, 0x81, 0x89, 0x81, 0x89, 0x81, 0x89, 0x81, 0x89, 0x81, 0x89, 0x81, 0x89, 0x81, 0x89, 0x81, 0x89, 0x81, 0x89,
  0x81, 0x91, 0x81, 0x91, 0x81, 0x89, 0xc2, 0x89, 0xe3, 0x81, 0x04, 0x7a, 0x86, 0x59, 0xd2, 0x29, 0x79, 0x2a, 0x79, 0x2a, 0x79, 0x2a, 0x36, 0x2a, 0x83, 0x61, 0xc2, 0x89, 0x80, 0x91, 0x80, 0x91,
  0xa1, 0x89, 0xa1, 0x89, 0xa1, 0x89, 0xa1, 0x91, 0xa0, 0x91, 0xa0, 0x89, 0xa1, 0x89, 0xa1, 0x89, 0xa1, 0x89, 0xa1, 0x89, 0x81, 0x89, 0x81, 0x89, 0xa0, 0x89, 0xa0, 0x89, 0xa1, 0x89, 0x81, 0x89,
  0x81, 0x91, 0x81, 0x91, 0x81, 0x91, 0xa1, 0x91, 0x81, 0x89, 0xc2, 0x89, 0xe5, 0x71, 0x8f, 0x29, 0xf3, 0x29, 0x47, 0x41, 0xe3, 0x81, 0xa1, 0x89, 0x80, 0x91, 0x80, 0x89, 0xa0, 0x89, 0xa1, 0x81,
  0xc2, 0x81, 0x85, 0x59, 0x57, 0x2a, 0x79, 0x2a, 0x79, 0x2a, 0x79, 0x2a, 0x79, 0x2a, 0x79, 0x2a, 0x79, 0x2a, 0x79, 0x2a, 0x79, 0x2a, 0x79, 0x2a, 0x79, 0x2a, 0x79, 0x2a, 0xeb, 0x51, 0xe3, 0x81,
  0xa1, 0x89, 0xa0, 0x89, 0xa0, 0x89, 0x61, 0x89, 0x82, 0x89, 0xe3, 0x89, 0x88, 0x49, 0x78, 0x2a, 0x79, 0x2a, 0x79, 0x2a, 0x14, 0x2a, 0xa4, 0x69, 0xa2, 0x81, 0xa1, 0x89, 0x81, 0x91, 0x80, 0x91,
  0x80, 0x89, 0xc2, 0x89, 0x05, 0x7a, 0xae, 0x31, 0x79, 0x2a, 0x79, 0x2a, 0x79, 0x2a, 0x79, 0x2a, 0x79, 0x2a, 0x79, 0x2a, 0x79, 0x2a, 0x79, 0x2a, 0x79, 0x2a, 0x79, 0x2a, 0x79, 0x2a, 0x79, 0x2a,
  0x79, 0x2a, 0x79, 0x2a, 0x79, 0x2a, 0x79, 0x2a, 0x79, 0x2a, 0x79, 0x2a, 0x79, 0x2a, 0xd9, 0x3a, 0x79, 0x2a, 0x79, 0x2a, 0x79, 0x2a, 0x58, 0x2a, 0x84, 0x61, 0xa2, 0x81, 0x61, 0x89, 0x80, 0x91,
  0x80, 0x91, 0x80, 0x89, 0xa0, 0x89, 0x81, 0x91, 0x81, 0x91, 0x81, 0x89, 0xa1, 0x89, 0xa1, 0x89, 0xa1, 0x89, 0x81, 0x89, 0x81, 0x89, 0x81, 0x89, 0x81, 0x89, 0x81, 0x89, 0x81, 0x89, 0x81, 0x89,
  0x81, 0x89, 0x81, 0x89, 0x81, 0x89, 0x81, 0x89, 0x81, 0x89, 0xc2, 0x81, 0x06, 0x72, 0xd2, 0x29, 0x37, 0x2a, 0x87, 0x49, 0xc3, 0x79, 0x82, 0x89, 0x81, 0x89, 0xa1, 0x89, 0xa1, 0x89, 0x81, 0x81,
  0xc3, 0x81, 0x65, 0x59, 0x58, 0x2a, 0x79, 0x2a, 0x79, 0x2a, 0x79, 0x2a, 0x79, 0x2a, 0x79, 0x2a, 0x79, 0x2a, 0x79, 0x2a, 0x79, 0x2a, 0x79, 0x2a, 0x79, 0x2a, 0x79, 0x2a, 0x79, 0x2a, 0x79, 0x2a,
  0x79, 0x2a, 0x58, 0x2a, 0x88, 0x49, 0xc2, 0x79, 0xa2, 0x81, 0x81, 0x81, 0xa1, 0x91, 0xa1, 0x91, 0xa1, 0x89, 0xe3, 0x89, 0x24, 0x51, 0x96, 0x32, 0x79, 0x2a, 0x79, 0x2a, 0x79, 0x2a, 0x79, 0x2a,
  0x79, 0x2a, 0x79, 0x2a, 0x79, 0x2a, 0x79, 0x2a, 0x79, 0x2a, 0x79, 0x2a, 0x58, 0x2a, 0xa9, 0x49, 0x03, 0x82, 0xa0, 0x89, 0x80, 0x91, 0x80, 0x91, 0xa1, 0x91, 0x81, 0x81, 0x03, 0x8a, 0xe9, 0x51,
  0x58, 0x2a, 0x79, 0x2a, 0x79, 0x2a, 0x79, 0x2a, 0x79, 0x2a, 0x79, 0x2a, 0x79, 0x2a, 0x79, 0x2a, 0x79, 0x2a, 0xd0, 0x31, 0xa4, 0x71, 0xa2, 0x89, 0x80, 0x89, 0x80, 0x89, 0xa0, 0x91, 0x80, 0x89,
  0xa2, 0x89, 0xc3, 0x79, 0xad, 0x39, 0x79, 0x2a, 0x79, 0x2a, 0x79, 0x2a, 0x79, 0x2a, 0x79, 0x2a, 0x79, 0x2a, 0x79, 0x2a, 0x79, 0x2a, 0x79, 0x2a, 0x79, 0x2a, 0x79, 0x2a, 0x79, 0x2a, 0x79, 0x2a,
  0x79, 0x2a, 0x78, 0x2a, 0x66, 0x49, 0xe4, 0x81, 0xa1, 0x89, 0x80, 0x89, 0xa0, 0x89, 0xa1, 0x89, 0xa1, 0x91, 0xc3, 0x89, 0x67, 0x49, 0x79, 0x2a, 0x79, 0x2a, 0x79, 0x2a, 0x79, 0x2a, 0xd9, 0x3a,
  0x79, 0x2a, 0x79, 0x2a, 0x79, 0x2a, 0x79, 0x2a, 0x79, 0x2a, 0x79, 0x2a, 0x79, 0x2a, 0x79, 0x2a, 0x79, 0x2a, 0x79, 0x2a, 0x79, 0x2a, 0x79, 0x2a, 0x79, 0x2a, 0x79, 0x2a, 0x79, 0x2a, 0x79, 0x2a,
  0x79, 0x2a, 0x79, 0x2a, 0x79, 0x2a, 0x79, 0x2a, 0x79, 0x2a, 0x79, 0x2a, 0x79, 0x2a, 0x79, 0x2a, 0x79, 0x2a, 0x79, 0x2a, 0x79, 0x2a, 0x79, 0x2a, 0x79, 0x2a, 0x79, 0x2a, 0x79, 0x2a, 0x79, 0x2a,
  0x59, 0x2a, 0x59, 0x2a, 0x59, 0x2a, 0x59, 0x2a, 0x59, 0x2a, 0x59, 0x2a, 0x59, 0x2a, 0x59, 0x2a, 0x59, 0x2a, 0x59, 0x2a, 0x59, 0x2a, 0x59, 0x2a, 0x59, 0x2a, 0x59, 0x2a, 0xb9, 0x3a, 0x59, 0x2a,
  0x59, 0x2a, 0x59, 0x2a, 0x59, 0x2a, 0x59, 0x2a, 0x59, 0x2a, 0x59, 0x2a, 0x59, 0x2a, 0x59, 0x2a, 0x59, 0x2a, 0x59, 0x2a, 0x59, 0x2a, 0x59, 0x2a, 0xb0, 0x29, 0xc4, 0x61, 0xe3, 0x81, 0x80, 0x81,
  0x80, 0x81, 0xa1, 0x89, 0x81, 0x89, 0x80, 0x89, 0x81, 0x89, 0x80, 0x81, 0x80, 0x89, 0x81, 0x89, 0x81, 0x89, 0x61, 0x89, 0x81, 0x89, 0x61, 0x89, 0x81, 0x89, 0x81, 0x89, 0x81, 0x89, 0x81, 0x81,
  0x81, 0x81, 0x81, 0x81, 0xa2, 0x79, 0x04, 0x7a, 0xa4, 0x61, 0xad, 0x39, 0x16, 0x22, 0x59, 0x2a, 0x59, 0x2a, 0x59, 0x2a, 0x59, 0x2a, 0xf3, 0x29, 0xa3, 0x69, 0xa2, 0x89, 0x60, 0x89, 0x81, 0x89,
  0x81, 0x89, 0x81, 0x81, 0x81, 0x89, 0x80, 0x89, 0x80, 0x89, 0x80, 0x89, 0x81, 0x89, 0x81, 0x89, 0x81, 0x89, 0xa1, 0x89, 0x81, 0x89, 0x80, 0x89, 0x80, 0x89, 0x80, 0x89, 0x80, 0x89, 0x81, 0x89,
  0x81, 0x89, 0x81, 0x89, 0x61, 0x89, 0x81, 0x89, 0x81, 0x81, 0x04, 0x82, 0x66, 0x49, 0xf5, 0x21, 0xd3, 0x29, 0x84, 0x59, 0xa2, 0x79, 0x81, 0x81, 0x81, 0x81, 0x81, 0x81, 0x61, 0x81, 0x81, 0x79,
  0x04, 0x7a, 0x69, 0x41, 0x59, 0x2a, 0x59, 0x2a, 0x59, 0x2a, 0x59, 0x2a, 0x59, 0x2a, 0x59, 0x2a, 0x59, 0x2a, 0x59, 0x2a, 0x59, 0x2a, 0x59, 0x2a, 0x59, 0x2a, 0x38, 0x2a, 0xe8, 0x51, 0xe2, 0x79,
  0x80, 0x81, 0x80, 0x81, 0xa1, 0x81, 0x81, 0x81, 0x82, 0x79, 0xe3, 0x81, 0xcd, 0x39, 0x59, 0x2a, 0x59, 0x2a, 0x59, 0x2a, 0x69, 0x39, 0xe4, 0x79, 0x82, 0x79, 0x81, 0x89, 0x81, 0x89, 0x81, 0x89,
  0x60, 0x81, 0xc2, 0x81, 0xe5, 0x69, 0x38, 0x2a, 0x59, 0x2a, 0x59, 0x2a, 0x59, 0x2a, 0x59, 0x2a, 0x59, 0x2a, 0x59, 0x2a, 0x59, 0x2a, 0x59, 0x2a, 0x59, 0x2a, 0x59, 0x2a, 0x59, 0x2a, 0x59, 0x2a,
  0x59, 0x2a, 0x59, 0x2a, 0x59, 0x2a, 0x59, 0x2a, 0x59, 0x2a, 0x59, 0x2a, 0xb9, 0x3a, 0x59, 0x2a, 0x59, 0x2a, 0x59, 0x2a, 0x59, 0x2a, 0x15, 0x2a, 0xc4, 0x69, 0xa1, 0x81, 0x61, 0x89, 0x80, 0x89,
  0x80, 0x89, 0x80, 0x81, 0x80, 0x89, 0x60, 0x89, 0x60, 0x89, 0x80, 0x89, 0x80, 0x81, 0x80, 0x81, 0x80, 0x81, 0x80, 0x81, 0x80, 0x89, 0x80, 0x89, 0x80, 0x89, 0x80, 0x89, 0x80, 0x89, 0x80, 0x89,
  0x80, 0x89, 0x80, 0x89, 0x80, 0x89, 0x80, 0x89, 0x81, 0x81, 0xe3, 0x81, 0x64, 0x59, 0xf5, 0x21, 0x34, 0x32, 0x64, 0x51, 0xe2, 0x81, 0x81, 0x89, 0x81, 0x89, 0x81, 0x81, 0xa1, 0x89, 0xa1, 0x81,
  0x04, 0x82, 0x28, 0x39, 0x59, 0x2a, 0x59, 0x2a, 0x59, 0x2a, 0x59, 0x2a, 0x59, 0x2a, 0x59, 0x2a, 0x59, 0x2a, 0x59, 0x2a, 0x59, 0x2a, 0x59, 0x2a, 0x59, 0x2a, 0x59, 0x2a, 0x59, 0x2a, 0x59, 0x2a,
  0x59, 0x2a, 0xf5, 0x21, 0x85, 0x51, 0xc2, 0x79, 0xa1, 0x81, 0xa1, 0x89, 0xa1, 0x89, 0x60, 0x89, 0x81, 0x81, 0xc3, 0x81, 0xab, 0x41, 0x59, 0x2a, 0x59, 0x2a, 0x59, 0x2a, 0x59, 0x2a, 0x59, 0x2a,
  0x59, 0x2a, 0x59, 0x2a, 0x59, 0x2a, 0x59, 0x2a, 0x59, 0x2a, 0x59, 0x2a, 0x36, 0x2a, 0xa4, 0x59, 0xc2, 0x81, 0x80, 0x89, 0x80, 0x89, 0x60, 0x89, 0x81, 0x89, 0xa2, 0x79, 0x03, 0x82, 0xa9, 0x41,
  0x59, 0x2a, 0x59, 0x2a, 0x59, 0x2a, 0x59, 0x2a, 0x59, 0x2a, 0x59, 0x2a, 0x59, 0x2a, 0x59, 0x2a, 0x59, 0x2a, 0x8d, 0x39, 0xc4, 0x81, 0x82, 0x81, 0xa0, 0x89, 0xa0, 0x81, 0x81, 0x81, 0x61, 0x89,
  0xc3, 0x89, 0xa5, 0x59, 0xf4, 0x29, 0x59, 0x2a, 0x59, 0x2a, 0x59, 0x2a, 0x59, 0x2a, 0x59, 0x2a, 0x59, 0x2a, 0x59, 0x2a, 0x59, 0x2a, 0x59, 0x2a, 0x59, 0x2a, 0x59, 0x2a, 0x59, 0x2a, 0x59, 0x2a,
  0x59, 0x2a, 0x17, 0x22, 0xa5, 0x59, 0xa2, 0x79, 0x81, 0x81, 0x80, 0x89, 0xc1, 0x89, 0x81, 0x81, 0xa1, 0x89, 0xe4, 0x81, 0xb0, 0x29, 0x59, 0x2a, 0x59, 0x2a, 0x59, 0x2a, 0xb9, 0x3a, 0x59, 0x2a,
  0x59, 0x2a, 0x59, 0x2a, 0x59, 0x2a, 0x59, 0x2a, 0x59, 0x2a, 0x59, 0x2a, 0x59, 0x2a, 0x59, 0x2a, 0x59, 0x2a, 0x59, 0x2a, 0x59, 0x2a, 0x59, 0x2a, 0x59, 0x2a, 0x59, 0x2a, 0x59, 0x2a, 0x59, 0x2a,
  0x59, 0x2a, 0x59, 0x2a, 0x59, 0x2a, 0x59, 0x2a, 0x59, 0x2a, 0x59, 0x2a, 0x59, 0x2a, 0x59, 0x2a, 0x59, 0x2a, 0x59, 0x2a, 0x59, 0x2a, 0x59, 0x2a, 0x59, 0x2a, 0x59, 0x2a, 0x59, 0x2a, 0x59, 0x2a,
  0x39, 0x2a, 0x39, 0x2a, 0x39, 0x2a, 0x39, 0x2a, 0x39, 0x2a, 0x39, 0x2a, 0x39, 0x2a, 0x39, 0x2a, 0x39, 0x2a, 0x39, 0x2a, 0x39, 0x2a, 0x39, 0x2a, 0x39, 0x2a, 0x99, 0x3a, 0x39, 0x2a, 0x39, 0x2a,
  0x39, 0x2a, 0x39, 0x2a, 0x39, 0x2a, 0x39, 0x2a, 0x39, 0x2a, 0x39, 0x2a, 0x39, 0x2a, 0x39, 0x2a, 0x39, 0x2a, 0x39, 0x2a, 0x39, 0x2a, 0x39, 0x2a, 0x39, 0x2a, 0xd3, 0x29, 0xa5, 0x61, 0x45, 0x82,
  0x65, 0x8a, 0x25, 0x82, 0x45, 0x82, 0x45, 0x82, 0x25, 0x82, 0x45, 0x82, 0x45, 0x82, 0x25, 0x8a, 0x25, 0x8a, 0x25, 0x8a, 0x25, 0x8a, 0x25, 0x8a, 0x25, 0x8a, 0x45, 0x82, 0x45, 0x82, 0x45, 0x82,
  0x45, 0x82, 0x66, 0x82, 0x66, 0x7a, 0xcb, 0x49, 0xf4, 0x29, 0x39, 0x2a, 0x39, 0x2a, 0x39, 0x2a, 0x39, 0x2a, 0x39, 0x2a, 0x39, 0x2a, 0xcb, 0x39, 0xa7, 0x7a, 0x25, 0x82, 0x25, 0x8a, 0x25, 0x8a,
  0x25, 0x82, 0x45, 0x82, 0x25, 0x82, 0x24, 0x82, 0x44, 0x8a, 0x45, 0x8a, 0x45, 0x82, 0x45, 0x82, 0x45, 0x82, 0x25, 0x82, 0x25, 0x82, 0x25, 0x82, 0x25, 0x82, 0x25, 0x82, 0x25, 0x82, 0x25, 0x82,
  0x25, 0x82, 0x25, 0x82, 0x45, 0x8a, 0x25, 0x82, 0x66, 0x82, 0x26, 0x72, 0xd2, 0x31, 0x38, 0x2a, 0xd2, 0x29, 0x47, 0x6a, 0x66, 0x82, 0x65, 0x82, 0x45, 0x82, 0x46, 0x8a, 0x46, 0x8a, 0x46, 0x82,
  0x26, 0x6a, 0xd3, 0x29, 0x39, 0x2a, 0x39, 0x2a, 0x39, 0x2a, 0x39, 0x2a, 0x39, 0x2a, 0x39, 0x2a, 0x39, 0x2a, 0x39, 0x2a, 0x39, 0x2a, 0x39, 0x2a, 0x39, 0x2a, 0xf3, 0x31, 0x47, 0x6a, 0x86, 0x82,
  0x24, 0x8a, 0x45, 0x8a, 0x24, 0x82, 0x66, 0x82, 0x87, 0x82, 0xc6, 0x59, 0xf5, 0x29, 0x39, 0x2a, 0x39, 0x2a, 0x39, 0x2a, 0xe9, 0x51, 0x87, 0x7a, 0x45, 0x7a, 0x66, 0x82, 0x45, 0x8a, 0x04, 0x82,
  0x45, 0x8a, 0x45, 0x7a, 0xac, 0x39, 0x39, 0x2a, 0x39, 0x2a, 0x39, 0x2a, 0x39, 0x2a, 0x39, 0x2a, 0x39, 0x2a, 0x39, 0x2a, 0x39, 0x2a, 0x39, 0x2a, 0x39, 0x2a, 0x39, 0x2a, 0x39, 0x2a, 0x39, 0x2a,
  0x39, 0x2a, 0x39, 0x2a, 0x39, 0x2a, 0x39, 0x2a, 0x39, 0x2a, 0x99, 0x3a, 0x39, 0x2a, 0x39, 0x2a, 0x39, 0x2a, 0x39, 0x2a, 0x39, 0x2a, 0x0e, 0x42, 0x87, 0x7a, 0x45, 0x82, 0x25, 0x8a, 0x25, 0x8a,
  0x44, 0x82, 0x44, 0x82, 0x45, 0x82, 0x25, 0x82, 0x25, 0x82, 0x25, 0x82, 0x45, 0x82, 0x25, 0x82, 0x25, 0x82, 0x45, 0x82, 0x45, 0x82, 0x45, 0x82, 0x45, 0x82, 0x45, 0x82, 0x45, 0x82, 0x24, 0x82,
  0x24, 0x82, 0x45, 0x82, 0x45, 0x82, 0x45, 0x82, 0x45, 0x82, 0x46, 0x7a, 0x8d, 0x31, 0x99, 0x3a, 0xd2, 0x29, 0x47, 0x62, 0x65, 0x82, 0x25, 0x8a, 0x25, 0x8a, 0x25, 0x8a, 0x25, 0x82, 0x65, 0x82,
  0x25, 0x72, 0xd3, 0x29, 0x39, 0x2a, 0x39, 0x2a, 0x39, 0x2a, 0x39, 0x2a, 0x39, 0x2a, 0x39, 0x2a, 0x39, 0x2a, 0x39, 0x2a, 0x39, 0x2a, 0x39, 0x2a, 0x39, 0x2a, 0x39, 0x2a, 0x39, 0x2a, 0x39, 0x2a,
  0x39, 0x2a, 0xf1, 0x31, 0x47, 0x72, 0x66, 0x82, 0x24, 0x82, 0x24, 0x82, 0x24, 0x82, 0x44, 0x8a, 0x66, 0x82, 0xe5, 0x61, 0xd2, 0x31, 0x39, 0x2a, 0x39, 0x2a, 0x39, 0x2a, 0x39, 0x2a, 0x39, 0x2a,
  0x39, 0x2a, 0x39, 0x2a, 0x39, 0x2a, 0x39, 0x2a, 0x39, 0x2a, 0x39, 0x2a, 0x14, 0x32, 0xa8, 0x72, 0x45, 0x7a, 0x44, 0x82, 0x24, 0x8a, 0x25, 0x8a, 0x45, 0x82, 0x66, 0x82, 0x07, 0x62, 0xd3, 0x21,
  0x39, 0x2a, 0x39, 0x2a, 0x39, 0x2a, 0x39, 0x2a, 0x39, 0x2a, 0x39, 0x2a, 0x39, 0x2a, 0x39, 0x2a, 0x18, 0x2a, 0xa6, 0x51, 0x87, 0x8a, 0x45, 0x82, 0x44, 0x82, 0x45, 0x82, 0x45, 0x82, 0x46, 0x8a,
  0x66, 0x82, 0xcc, 0x41, 0x39, 0x2a, 0x39, 0x2a, 0x39, 0x2a, 0x39, 0x2a, 0x39, 0x2a, 0x39, 0x2a, 0x39, 0x2a, 0x39, 0x2a, 0x39, 0x2a, 0x39, 0x2a, 0x39, 0x2a, 0x39, 0x2a, 0x39, 0x2a, 0x39, 0x2a,
  0x39, 0x2a, 0xd3, 0x29, 0x27, 0x6a, 0x66, 0x82, 0x45, 0x82, 0x45, 0x8a, 0x45, 0x82, 0x46, 0x82, 0x45, 0x82, 0xa5, 0x61, 0x17, 0x2a, 0x39, 0x2a, 0x39, 0x2a, 0x99, 0x3a, 0x39, 0x2a, 0x39, 0x2a,
  0x39, 0x2a, 0x39, 0x2a, 0x39, 0x2a, 0x39, 0x2a, 0x39, 0x2a, 0x39, 0x2a, 0x39, 0x2a, 0x39, 0x2a, 0x39, 0x2a, 0x39, 0x2a, 0x39, 0x2a, 0x39, 0x2a, 0x39, 0x2a, 0x39, 0x2a, 0x39, 0x2a, 0x39, 0x2a,
  0x39, 0x2a, 0x39, 0x2a, 0x39, 0x2a, 0x39, 0x2a, 0x39, 0x2a, 0x39, 0x2a, 0x39, 0x2a, 0x39, 0x2a, 0x39, 0x2a, 0x39, 0x2a, 0x39, 0x2a, 0x39, 0x2a, 0x39, 0x2a, 0x39, 0x2a, 0x39, 0x2a, 0x99, 0x3a,
  0x59, 0x2a, 0x59, 0x2a, 0x59, 0x2a, 0x59, 0x2a, 0x59, 0x2a, 0x59, 0x2a, 0x59, 0x2a, 0x59, 0x2a, 0x59, 0x2a, 0x59, 0x2a, 0x59, 0x2a, 0x59, 0x2a, 0xb9, 0x3a, 0x59, 0x2a, 0x59, 0x2a, 0x59, 0x2a,
  0x59, 0x2a, 0x59, 0x2a, 0x59, 0x2a, 0x59, 0x2a, 0x59, 0x2a, 0x59, 0x2a, 0x59, 0x2a, 0x59, 0x2a, 0x59, 0x2a, 0x59, 0x2a, 0x59, 0x2a, 0x59, 0x2a, 0x59, 0x2a, 0x59, 0x2a, 0x15, 0x2a, 0xf2, 0x31,
  0xf3, 0x31, 0xd1, 0x31, 0xd1, 0x31, 0xd1, 0x31, 0xf2, 0x31, 0xd2, 0x31, 0xd1, 0x31, 0xd0, 0x31, 0xd0, 0x31, 0xb0, 0x31, 0xd0, 0x31, 0xd1, 0x31, 0xd1, 0x31, 0xf2, 0x31, 0x32, 0x3a, 0xd2, 0x31,
  0xf2, 0x31, 0xf2, 0x31, 0x35, 0x32, 0x58, 0x2a, 0x59, 0x2a, 0x59, 0x2a, 0x59, 0x2a, 0x59, 0x2a, 0x59, 0x2a, 0x59, 0x2a, 0x59, 0x2a, 0x58, 0x2a, 0x35, 0x32, 0xd0, 0x31, 0xaf, 0x31, 0xd0, 0x31,
  0xd1, 0x31, 0xf2, 0x31, 0xd1, 0x31, 0xb0, 0x31, 0xd0, 0x31, 0xd0, 0x31, 0xd1, 0x31, 0xd1, 0x31, 0xd1, 0x31, 0xd2, 0x31, 0xd2, 0x31, 0xf2, 0x31, 0xf2, 0x31, 0xd1, 0x31, 0xd1, 0x31, 0xd1, 0x31,
  0x11, 0x3a, 0xf2, 0x31, 0xd1, 0x31, 0xd1, 0x31, 0xf3, 0x31, 0x36, 0x2a, 0x59, 0x2a, 0x59, 0x2a, 0x58, 0x2a, 0x36, 0x32, 0xf3, 0x31, 0xf2, 0x31, 0xf2, 0x31, 0xd1, 0x31, 0xd0, 0x31, 0xd1, 0x31,
  0x14, 0x2a, 0x59, 0x2a, 0x59, 0x2a, 0x59, 0x2a, 0x59, 0x2a, 0x59, 0x2a, 0x59, 0x2a, 0x59, 0x2a, 0x59, 0x2a, 0x59, 0x2a, 0x59, 0x2a, 0x59, 0x2a, 0x59, 0x2a, 0x58, 0x2a, 0x36, 0x32, 0xd1, 0x31,
  0x8f, 0x31, 0xd0, 0x31, 0x11, 0x3a, 0xf3, 0x31, 0x13, 0x32, 0x15, 0x2a, 0x59, 0x2a, 0x59, 0x2a, 0x59, 0x2a, 0x59, 0x2a, 0x58, 0x2a, 0x14, 0x32, 0xf3, 0x31, 0xf3, 0x31, 0xd1, 0x31, 0xaf, 0x31,
  0xf2, 0x31, 0xf2, 0x31, 0x38, 0x2a, 0x59, 0x2a, 0x59, 0x2a, 0x59, 0x2a, 0x59, 0x2a, 0x59, 0x2a, 0x59, 0x2a, 0x59, 0x2a, 0x59, 0x2a, 0x59, 0x2a, 0x59, 0x2a, 0x59, 0x2a, 0x59, 0x2a, 0x59, 0x2a,
  0x59, 0x2a, 0x59, 0x2a, 0x59, 0x2a, 0x59, 0x2a, 0xb9, 0x3a, 0x59, 0x2a, 0x59, 0x2a, 0x59, 0x2a, 0x59, 0x2a, 0x59, 0x2a, 0x59, 0x2a, 0x58, 0x2a, 0x56, 0x32, 0xd2, 0x31, 0x8f, 0x31, 0xb0, 0x31,
  0xd1, 0x31, 0xf2, 0x31, 0xf2, 0x31, 0xd1, 0x31, 0xd0, 0x31, 0xd1, 0x31, 0xd1, 0x31, 0xd1, 0x31, 0xd1, 0x31, 0xd1, 0x31, 0xd1, 0x31, 0xd1, 0x31, 0xd1, 0x31, 0xd1, 0x31, 0xd1, 0x31, 0xd1, 0x31,
  0xd0, 0x31, 0xd0, 0x31, 0xd0, 0x31, 0xd0, 0x31, 0xd1, 0x31, 0xf3, 0x31, 0xb9, 0x3a, 0x59, 0x2a, 0x58, 0x2a, 0x57, 0x32, 0xf1, 0x31, 0xb0, 0x31, 0x8f, 0x31, 0xaf, 0x31, 0xb0, 0x31, 0xf3, 0x31,
  0x16, 0x2a, 0x59, 0x2a, 0x59, 0x2a, 0x59, 0x2a, 0x59, 0x2a, 0x59, 0x2a, 0x59, 0x2a, 0x59, 0x2a, 0x59, 0x2a, 0x59, 0x2a, 0x59, 0x2a, 0x59, 0x2a, 0x59, 0x2a, 0x59, 0x2a, 0x59, 0x2a, 0x59, 0x2a,
  0x59, 0x2a, 0x58, 0x2a, 0x35, 0x32, 0xf2, 0x31, 0xaf, 0x31, 0xd1, 0x31, 0xae, 0x31, 0xd0, 0x31, 0x53, 0x3a, 0x37, 0x2a, 0x59, 0x2a, 0x59, 0x2a, 0x59, 0x2a, 0x59, 0x2a, 0x59, 0x2a, 0x59, 0x2a,
  0x59, 0x2a, 0x59, 0x2a, 0x59, 0x2a, 0x59, 0x2a, 0x59, 0x2a, 0x59, 0x2a, 0x59, 0x2a, 0x56, 0x32, 0xf2, 0x31, 0xd1, 0x31, 0xd0, 0x31, 0xb0, 0x31, 0xd1, 0x31, 0xf2, 0x31, 0x36, 0x2a, 0x59, 0x2a,
  0x59, 0x2a, 0x59, 0x2a, 0x59, 0x2a, 0x59, 0x2a, 0x59, 0x2a, 0x59, 0x2a, 0x59, 0x2a, 0x59, 0x2a, 0x59, 0x2a, 0x36, 0x2a, 0x11, 0x3a, 0xd1, 0x31, 0xf2, 0x31, 0x13, 0x32, 0x13, 0x32, 0xd2, 0x31,
  0xf3, 0x31, 0x58, 0x2a, 0x59, 0x2a, 0x59, 0x2a, 0x59, 0x2a, 0x59, 0x2a, 0x59, 0x2a, 0x59, 0x2a, 0x59, 0x2a, 0x59, 0x2a, 0x59, 0x2a, 0x59, 0x2a, 0x59, 0x2a, 0x59, 0x2a, 0x59, 0x2a, 0x59, 0x2a,
  0x59, 0x2a, 0x58, 0x2a, 0x13, 0x32, 0xf2, 0x31, 0xd0, 0x31, 0xd1, 0x31, 0xf3, 0x31, 0x13, 0x32, 0xf2, 0x31, 0x15, 0x2a, 0x59, 0x2a, 0x59, 0x2a, 0xb9, 0x3a, 0x59, 0x2a, 0x59, 0x2a, 0x59, 0x2a,
  0x59, 0x2a, 0x59, 0x2a, 0x59, 0x2a, 0x59, 0x2a, 0x59, 0x2a, 0x59, 0x2a, 0x59, 0x2a, 0x59, 0x2a, 0x59, 0x2a, 0x59, 0x2a, 0x59, 0x2a, 0x59, 0x2a, 0x59, 0x2a, 0x59, 0x2a, 0x59, 0x2a, 0x59, 0x2a,
  0x59, 0x2a, 0x59, 0x2a, 0x59, 0x2a, 0x59, 0x2a, 0x59, 0x2a, 0x59, 0x2a, 0x59, 0x2a, 0x59, 0x2a, 0x59, 0x2a, 0x59, 0x2a, 0x59, 0x2a, 0x59, 0x2a, 0x59, 0x2a, 0x59, 0x2a, 0xb9, 0x3a, 0x59, 0x2a,
  0x39, 0x2a, 0x39, 0x2a, 0x39, 0x2a, 0x39, 0x2a, 0x39, 0x2a, 0x39, 0x2a, 0x39, 0x2a, 0x39, 0x2a, 0x39, 0x2a, 0x39, 0x2a, 0x39, 0x2a, 0x99, 0x3a, 0x39, 0x2a, 0x39, 0x2a, 0x39, 0x2a, 0x39, 0x2a,
  0x39, 0x2a, 0x39, 0x2a, 0x39, 0x2a, 0x39, 0x2a, 0x39, 0x2a, 0x39, 0x2a, 0x39, 0x2a, 0x39, 0x2a, 0x39, 0x2a, 0x39, 0x2a, 0x39, 0x2a, 0x39, 0x2a, 0x39, 0x2a, 0x39, 0x2a, 0x39, 0x2a, 0x39, 0x2a,
  0x39, 0x2a, 0x39, 0x2a, 0x39, 0x2a, 0x39, 0x2a, 0x39, 0x2a, 0x39, 0x2a, 0x39, 0x2a, 0x39, 0x2a, 0x39, 0x2a, 0x39, 0x2a, 0x39, 0x2a, 0x39, 0x2a, 0x39, 0x2a, 0x99, 0x3a, 0x39, 0x2a, 0x39, 0x2a,
  0x39, 0x2a, 0x39, 0x2a, 0x39, 0x2a, 0x39, 0x2a, 0x39, 0x2a, 0x39, 0x2a, 0x39, 0x2a, 0x39, 0x2a, 0x39, 0x2a, 0x39, 0x2a, 0x39, 0x2a, 0x39, 0x2a, 0x39, 0x2a, 0x39, 0x2a, 0x39, 0x2a, 0x39, 0x2a,
  0x39, 0x2a, 0x39, 0x2a, 0x39, 0x2a, 0x39, 0x2a, 0x39, 0x2a, 0x39, 0x2a, 0x39, 0x2a, 0x39, 0x2a, 0x39, 0x2a, 0x39, 0x2a, 0x39, 0x2a, 0x39, 0x2a, 0x39, 0x2a, 0x39, 0x2a, 0x39, 0x2a, 0x99, 0x3a,
  0x39, 0x2a, 0x39, 0x2a, 0x39, 0x2a, 0x39, 0x2a, 0x39, 0x2a, 0x39, 0x2a, 0x39, 0x2a, 0x39, 0x2a, 0x39, 0x2a, 0x39, 0x2a, 0x39, 0x2a, 0x39, 0x2a, 0x39, 0x2a, 0x39, 0x2a, 0x39, 0x2a, 0x39, 0x2a,
  0x39, 0x2a, 0x39, 0x2a, 0x39, 0x2a, 0x39, 0x2a, 0x39, 0x2a, 0x39, 0x2a, 0x39, 0x2a, 0x39, 0x2a, 0x39, 0x2a, 0x39, 0x2a, 0x39, 0x2a, 0x39, 0x2a, 0x39, 0x2a, 0x39, 0x2a, 0x39, 0x2a, 0x39, 0x2a,
  0x39, 0x2a, 0x99, 0x3a, 0x39, 0x2a, 0x39, 0x2a, 0x39, 0x2a, 0x39, 0x2a, 0x39, 0x2a, 0x39, 0x2a, 0x39, 0x2a, 0x39, 0x2a, 0x39, 0x2a, 0x39, 0x2a, 0x39, 0x2a, 0x39, 0x2a, 0x39, 0x2a, 0x39, 0x2a,
  0x39, 0x2a, 0x39, 0x2a, 0x39, 0x2a, 0x39, 0x2a, 0x39, 0x2a, 0x39, 0x2a, 0x39, 0x2a, 0x39, 0x2a, 0x39, 0x2a, 0x39, 0x2a, 0x39, 0x2a, 0x39, 0x2a, 0x39, 0x2a, 0x39, 0x2a, 0x39, 0x2a, 0x39, 0x2a,
  0x39, 0x2a, 0x39, 0x2a, 0x39, 0x2a, 0x99, 0x3a, 0x39, 0x2a, 0x39, 0x2a, 0x39, 0x2a, 0x39, 0x2a, 0x39, 0x2a, 0x39, 0x2a, 0x39, 0x2a, 0x39, 0x2a, 0x39, 0x2a, 0x39, 0x2a, 0x39, 0x2a, 0x39, 0x2a,
  0x39, 0x2a, 0x39, 0x2a, 0x39, 0x2a, 0x39, 0x2a, 0x39, 0x2a, 0x39, 0x2a, 0x39, 0x2a, 0x39, 0x2a, 0x39, 0x2a, 0x39, 0x2a, 0x39, 0x2a, 0x39, 0x2a, 0x39, 0x2a, 0x39, 0x2a, 0x39, 0x2a, 0x39, 0x2a,
  0x39, 0x2a, 0x39, 0x2a, 0x39, 0x2a, 0x39, 0x2a, 0x39, 0x2a, 0x99, 0x3a, 0x39, 0x2a, 0x39, 0x2a, 0x39, 0x2a, 0x39, 0x2a, 0x39, 0x2a, 0x39, 0x2a, 0x39, 0x2a, 0x39, 0x2a, 0x39, 0x2a, 0x39, 0x2a,
  0x39, 0x2a, 0x39, 0x2a, 0x39, 0x2a, 0x39, 0x2a, 0x39, 0x2a, 0x39, 0x2a, 0x39, 0x2a, 0x39, 0x2a, 0x39, 0x2a, 0x39, 0x2a, 0x39, 0x2a, 0x39, 0x2a, 0x39, 0x2a, 0x39, 0x2a, 0x39, 0x2a, 0x39, 0x2a,
  0x39, 0x2a, 0x39, 0x2a, 0x39, 0x2a, 0x39, 0x2a, 0x39, 0x2a, 0x39, 0x2a, 0x39, 0x2a, 0x99, 0x3a, 0x39, 0x2a, 0x39, 0x2a, 0x39, 0x2a, 0x39, 0x2a, 0x39, 0x2a, 0x39, 0x2a, 0x39, 0x2a, 0x39, 0x2a,
  0x39, 0x2a, 0x39, 0x2a, 0x39, 0x2a, 0x39, 0x2a, 0x39, 0x2a, 0x39, 0x2a, 0x39, 0x2a, 0x39, 0x2a, 0x39, 0x2a, 0x39, 0x2a, 0x39, 0x2a, 0x39, 0x2a, 0x39, 0x2a, 0x39, 0x2a, 0x39, 0x2a, 0x39, 0x2a,
  0x39, 0x2a, 0x39, 0x2a, 0x39, 0x2a, 0x39, 0x2a, 0x39, 0x2a, 0x39, 0x2a, 0x39, 0x2a, 0x39, 0x2a, 0x39, 0x2a, 0x99, 0x3a, 0x39, 0x2a, 0x39, 0x2a, 0x39, 0x2a, 0x39, 0x2a, 0x39, 0x2a, 0x39, 0x2a,
  0x39, 0x2a, 0x39, 0x2a, 0x39, 0x2a, 0x39, 0x2a, 0x39, 0x2a, 0x39, 0x2a, 0x39, 0x2a, 0x39, 0x2a, 0x39, 0x2a, 0x39, 0x2a, 0x39, 0x2a, 0x39, 0x2a, 0x39, 0x2a, 0x39, 0x2a, 0x39, 0x2a, 0x39, 0x2a,
  0x39, 0x2a, 0x39, 0x2a, 0x39, 0x2a, 0x39, 0x2a, 0x39, 0x2a, 0x39, 0x2a, 0x39, 0x2a, 0x39, 0x2a, 0x39, 0x2a, 0x39, 0x2a, 0x39, 0x2a, 0x99, 0x3a, 0x39, 0x2a, 0x39, 0x2a, 0x39, 0x2a, 0x39, 0x2a,
  0x39, 0x2a, 0x39, 0x2a, 0x39, 0x2a, 0x39, 0x2a, 0x39, 0x2a, 0x39, 0x2a, 0x39, 0x2a, 0x39, 0x2a, 0x39, 0x2a, 0x39, 0x2a, 0x39, 0x2a, 0x39, 0x2a, 0x39, 0x2a, 0x39, 0x2a, 0x39, 0x2a, 0x39, 0x2a,
  0x39, 0x2a, 0x39, 0x2a, 0x39, 0x2a, 0x39, 0x2a, 0x39, 0x2a, 0x39, 0x2a, 0x39, 0x2a, 0x39, 0x2a, 0x39, 0x2a, 0x39, 0x2a, 0x39, 0x2a, 0x39, 0x2a, 0x39, 0x2a, 0x99, 0x3a, 0x39, 0x2a, 0x39, 0x2a,
  0x39, 0x22, 0x39, 0x22, 0x39, 0x22, 0x39, 0x22, 0x39, 0x22, 0x39, 0x22, 0x39, 0x22, 0x39, 0x22, 0x39, 0x22, 0x39, 0x22, 0x99, 0x32, 0x39, 0x22, 0x39, 0x22, 0x39, 0x22, 0x39, 0x22, 0x39, 0x22,
  0x39, 0x22, 0x39, 0x22, 0x39, 0x22, 0x39, 0x22, 0x39, 0x22, 0x39, 0x22, 0x39, 0x22, 0x39, 0x22, 0x39, 0x22, 0x39, 0x22, 0x39, 0x22, 0x39, 0x22, 0x39, 0x22, 0x39, 0x22, 0x39, 0x22, 0x39, 0x22,
  0x39, 0x22, 0x39, 0x22, 0x39, 0x22, 0x39, 0x22, 0x39, 0x22, 0x39, 0x22, 0x39, 0x22, 0x39, 0x22, 0x39, 0x22, 0x39, 0x22, 0x39, 0x22, 0x39, 0x22, 0x99, 0x32, 0x39, 0x22, 0x39, 0x22, 0x39, 0x22,
  0x39, 0x22, 0x39, 0x22, 0x39, 0x22, 0x39, 0x22, 0x39, 0x22, 0x39, 0x22, 0x39, 0x22, 0x39, 0x22, 0x39, 0x22, 0x39, 0x22, 0x39, 0x22, 0x39, 0x22, 0x39, 0x22, 0x39, 0x22, 0x39, 0x22, 0x39, 0x22,
  0x39, 0x22, 0x39, 0x22, 0x39, 0x22, 0x39, 0x22, 0x39, 0x22, 0x39, 0x22, 0x39, 0x22, 0x39, 0x22, 0x39, 0x22, 0x39, 0x22, 0x39, 0x22, 0x39, 0x22, 0x39, 0x22, 0x39, 0x22, 0x99, 0x32, 0x39, 0x22,
  0x39, 0x22, 0x39, 0x22, 0x39, 0x22, 0x39, 0x22, 0x39, 0x22, 0x39, 0x22, 0x39, 0x22, 0x39, 0x22, 0x39, 0x22, 0x39, 0x22, 0x39, 0x22, 0x39, 0x22, 0x39, 0x22, 0x39, 0x22, 0x39, 0x22, 0x39, 0x22,
  0x39, 0x22, 0x39, 0x22, 0x39, 0x22, 0x39, 0x22, 0x39, 0x22, 0x39, 0x22, 0x39, 0x22, 0x39, 0x22, 0x39, 0x22, 0x39, 0x22, 0x39, 0x22, 0x39, 0x22, 0x39, 0x22, 0x39, 0x22, 0x39, 0x22, 0x39, 0x22,
  0x99, 0x32, 0x39, 0x22, 0x39, 0x22, 0x39, 0x22, 0x39, 0x22, 0x39, 0x22, 0x39, 0x22, 0x39, 0x22, 0x39, 0x22, 0x39, 0x22, 0x39, 0x22, 0x39, 0x22, 0x39, 0x22, 0x39, 0x22, 0x39, 0x22, 0x39, 0x22,
  0x39, 0x22, 0x39, 0x22, 0x39, 0x22, 0x39, 0x22, 0x39, 0x22, 0x39, 0x22, 0x39, 0x22, 0x39, 0x22, 0x39, 0x22, 0x39, 0x22, 0x39, 0x22, 0x39, 0x22, 0x39, 0x22, 0x39, 0x22, 0x39, 0x22, 0x39, 0x22,
  0x39, 0x22, 0x39, 0x22, 0x99, 0x32, 0x39, 0x22, 0x39, 0x22, 0x39, 0x22, 0x39, 0x22, 0x39, 0x22, 0x39, 0x22, 0x39, 0x22, 0x39, 0x22, 0x39, 0x22, 0x39, 0x22, 0x39, 0x22, 0x39, 0x22, 0x39, 0x22,
  0x39, 0x22, 0x39, 0x22, 0x39, 0x22, 0x39, 0x22, 0x39, 0x22, 0x39, 0x22, 0x39, 0x22, 0x39, 0x22, 0x39, 0x22, 0x39, 0x22, 0x39, 0x22, 0x39, 0x22, 0x39, 0x22, 0x39, 0x22, 0x39, 0x22, 0x39, 0x22,
  0x39, 0x22, 0x39, 0x22, 0x39, 0x22, 0x39, 0x22, 0x99, 0x32, 0x39, 0x22, 0x39, 0x22, 0x39, 0x22, 0x39, 0x22, 0x39, 0x22, 0x39, 0x22, 0x39, 0x22, 0x39, 0x22, 0x39, 0x22, 0x39, 0x22, 0x39, 0x22,
  0x39, 0x22, 0x39, 0x22, 0x39, 0x22, 0x39, 0x22, 0x39, 0x22, 0x39, 0x22, 0x39, 0x22, 0x39, 0x22, 0x39, 0x22, 0x39, 0x22, 0x39, 0x22, 0x39, 0x22, 0x39, 0x22, 0x39, 0x22, 0x39, 0x22, 0x39, 0x22,
  0x39, 0x22, 0x39, 0x22, 0x39, 0x22, 0x39, 0x22, 0x39, 0x22, 0x39, 0x22, 0x99, 0x32, 0x39, 0x22, 0x39, 0x22, 0x39, 0x22, 0x39, 0x22, 0x39, 0x22, 0x39, 0x22, 0x39, 0x22, 0x39, 0x22, 0x39, 0x22,
  0x39, 0x22, 0x39, 0x22, 0x39, 0x22, 0x39, 0x22, 0x39, 0x22, 0x39, 0x22, 0x39, 0x22, 0x39, 0x22, 0x39, 0x22, 0x39, 0x22, 0x39, 0x22, 0x39, 0x22, 0x39, 0x22, 0x39, 0x22, 0x39, 0x22, 0x39, 0x22,
  0x39, 0x22, 0x39, 0x22, 0x39, 0x22, 0x39, 0x22, 0x39, 0x22, 0x39, 0x22, 0x39, 0x22, 0x39, 0x22, 0x99, 0x32, 0x39, 0x22, 0x39, 0x22, 0x39, 0x22, 0x39, 0x22, 0x39, 0x22, 0x39, 0x22, 0x39, 0x22,
  0x39, 0x22, 0x39, 0x22, 0x39, 0x22, 0x39, 0x22, 0x39, 0x22, 0x39, 0x22, 0x39, 0x22, 0x39, 0x22, 0x39, 0x22, 0x39, 0x22, 0x39, 0x22, 0x39, 0x22, 0x39, 0x22, 0x39, 0x22, 0x39, 0x22, 0x39, 0x22,
  0x39, 0x22, 0x39, 0x22, 0x39, 0x22, 0x39, 0x22, 0x39, 0x22, 0x39, 0x22, 0x39, 0x22, 0x39, 0x22, 0x39, 0x22, 0x39, 0x22, 0x99, 0x32, 0x39, 0x22, 0x39, 0x22, 0x39, 0x22, 0x39, 0x22, 0x39, 0x22,
  0x39, 0x22, 0x39, 0x22, 0x39, 0x22, 0x39, 0x22, 0x39, 0x22, 0x39, 0x22, 0x39, 0x22, 0x39, 0x22, 0x39, 0x22, 0x39, 0x22, 0x39, 0x22, 0x39, 0x22, 0x39, 0x22, 0x39, 0x22, 0x39, 0x22, 0x39, 0x22,
  0x39, 0x22, 0x39, 0x22, 0x39, 0x22, 0x39, 0x22, 0x39, 0x22, 0x39, 0x22, 0x39, 0x22, 0x39, 0x22, 0x39, 0x22, 0x39, 0x22, 0x39, 0x22, 0x39, 0x22, 0x99, 0x32, 0x39, 0x22, 0x39, 0x22, 0x39, 0x22,
  0x79, 0x2a, 0x79, 0x2a, 0x79, 0x2a, 0x79, 0x2a, 0x79, 0x2a, 0x79, 0x2a, 0x79, 0x2a, 0x79, 0x2a, 0x79, 0x2a, 0xd9, 0x3a, 0x79, 0x2a, 0x79, 0x2a, 0x79, 0x2a, 0x79, 0x2a, 0x79, 0x2a, 0x79, 0x2a,
  0x79, 0x2a, 0x79, 0x2a, 0x79, 0x2a, 0x79, 0x2a, 0x79, 0x2a, 0x79, 0x2a, 0x79, 0x2a, 0x79, 0x2a, 0x79, 0x2a, 0x79, 0x2a, 0x79, 0x2a, 0x79, 0x2a, 0x79, 0x2a, 0x79, 0x2a, 0x79, 0x2a, 0x79, 0x2a,
  0x79, 0x2a, 0x79, 0x2a, 0x79, 0x2a, 0x79, 0x2a, 0x79, 0x2a, 0x79, 0x2a, 0x79, 0x2a, 0x79, 0x2a, 0x79, 0x2a, 0x79, 0x2a, 0x79, 0x2a, 0xd9, 0x3a, 0x79, 0x2a, 0x79, 0x2a, 0x79, 0x2a, 0x79, 0x2a,
  0x79, 0x2a, 0x79, 0x2a, 0x79, 0x2a, 0x79, 0x2a, 0x79, 0x2a, 0x79, 0x2a, 0x79, 0x2a, 0x79, 0x2a, 0x79, 0x2a, 0x79, 0x2a, 0x79, 0x2a, 0x79, 0x2a, 0x79, 0x2a, 0x79, 0x2a, 0x79, 0x2a, 0x79, 0x2a,
  0x79, 0x2a, 0x79, 0x2a, 0x79, 0x2a, 0x79, 0x2a, 0x79, 0x2a, 0x79, 0x2a, 0x79, 0x2a, 0x79, 0x2a, 0x79, 0x2a, 0x79, 0x2a, 0x79, 0x2a, 0x79, 0x2a, 0x79, 0x2a, 0xd9, 0x3a, 0x79, 0x2a, 0x79, 0x2a,
  0x79, 0x2a, 0x79, 0x2a, 0x79, 0x2a, 0x79, 0x2a, 0x79, 0x2a, 0x79, 0x2a, 0x79, 0x2a, 0x79, 0x2a, 0x79, 0x2a, 0x79, 0x2a, 0x79, 0x2a, 0x79, 0x2a, 0x79, 0x2a, 0x79, 0x2a, 0x79, 0x2a, 0x79, 0x2a,
  0x79, 0x2a, 0x79, 0x2a, 0x79, 0x2a, 0x79, 0x2a, 0x79, 0x2a, 0x79, 0x2a, 0x79, 0x2a, 0x79, 0x2a, 0x79, 0x2a, 0x79, 0x2a, 0x79, 0x2a, 0x79, 0x2a, 0x79, 0x2a, 0x79, 0x2a, 0x79, 0x2a, 0xd9, 0x3a,
  0x79, 0x2a, 0x79, 0x2a, 0x79, 0x2a, 0x79, 0x2a, 0x79, 0x2a, 0x79, 0x2a, 0x79, 0x2a, 0x79, 0x2a, 0x79, 0x2a, 0x79, 0x2a, 0x79, 0x2a, 0x79, 0x2a, 0x79, 0x2a, 0x79, 0x2a, 0x79, 0x2a, 0x79, 0x2a,
  0x79, 0x2a, 0x79, 0x2a, 0x79, 0x2a, 0x79, 0x2a, 0x79, 0x2a, 0x79, 0x2a, 0x79, 0x2a, 0x79, 0x2a, 0x79, 0x2a, 0x79, 0x2a, 0x79, 0x2a, 0x79, 0x2a, 0x79, 0x2a, 0x79, 0x2a, 0x79, 0x2a, 0x79, 0x2a,
  0x79, 0x2a, 0xd9, 0x3a, 0x79, 0x2a, 0x79, 0x2a, 0x79, 0x2a, 0x79, 0x2a, 0x79, 0x2a, 0x79, 0x2a, 0x79, 0x2a, 0x79, 0x2a, 0x79, 0x2a, 0x79, 0x2a, 0x79, 0x2a, 0x79, 0x2a, 0x79, 0x2a, 0x79, 0x2a,
  0x79, 0x2a, 0x79, 0x2a, 0x79, 0x2a, 0x79, 0x2a, 0x79, 0x2a, 0x79, 0x2a, 0x79, 0x2a, 0x79, 0x2a, 0x79, 0x2a, 0x79, 0x2a, 0x79, 0x2a, 0x79, 0x2a, 0x79, 0x2a, 0x79, 0x2a, 0x79, 0x2a, 0x79, 0x2a,
  0x79, 0x2a, 0x79, 0x2a, 0x79, 0x2a, 0xd9, 0x3a, 0x79, 0x2a, 0x79, 0x2a, 0x79, 0x2a, 0x79, 0x2a, 0x79, 0x2a, 0x79, 0x2a, 0x79, 0x2a, 0x79, 0x2a, 0x79, 0x2a, 0x79, 0x2a, 0x79, 0x2a, 0x79, 0x2a,
  0x79, 0x2a, 0x79, 0x2a, 0x79, 0x2a, 0x79, 0x2a, 0x79, 0x2a, 0x79, 0x2a, 0x79, 0x2a, 0x79, 0x2a, 0x79, 0x2a, 0x79, 0x2a, 0x79, 0x2a, 0x79, 0x2a, 0x79, 0x2a, 0x79, 0x2a, 0x79, 0x2a, 0x79, 0x2a,
  0x79, 0x2a, 0x79, 0x2a, 0x79, 0x2a, 0x79, 0x2a, 0x79, 0x2a, 0xd9, 0x3a, 0x79, 0x2a, 0x79, 0x2a, 0x79, 0x2a, 0x79, 0x2a, 0x79, 0x2a, 0x79, 0x2a, 0x79, 0x2a, 0x79, 0x2a, 0x79, 0x2a, 0x79, 0x2a,
  0x79, 0x2a, 0x79, 0x2a, 0x79, 0x2a, 0x79, 0x2a, 0x79, 0x2a, 0x79, 0x2a, 0x79, 0x2a, 0x79, 0x2a, 0x79, 0x2a, 0x79, 0x2a, 0x79, 0x2a, 0x79, 0x2a, 0x79, 0x2a, 0x79, 0x2a, 0x79, 0x2a, 0x79, 0x2a,
  0x79, 0x2a, 0x79, 0x2a, 0x79, 0x2a, 0x79, 0x2a, 0x79, 0x2a, 0x79, 0x2a, 0x79, 0x2a, 0xd9, 0x3a, 0x79, 0x2a, 0x79, 0x2a, 0x79, 0x2a, 0x79, 0x2a, 0x79, 0x2a, 0x79, 0x2a, 0x79, 0x2a, 0x79, 0x2a,
  0x79, 0x2a, 0x79, 0x2a, 0x79, 0x2a, 0x79, 0x2a, 0x79, 0x2a, 0x79, 0x2a, 0x79, 0x2a, 0x79, 0x2a, 0x79, 0x2a, 0x79, 0x2a, 0x79, 0x2a, 0x79, 0x2a, 0x79, 0x2a, 0x79, 0x2a, 0x79, 0x2a, 0x79, 0x2a,
  0x79, 0x2a, 0x79, 0x2a, 0x79, 0x2a, 0x79, 0x2a, 0x79, 0x2a, 0x79, 0x2a, 0x79, 0x2a, 0x79, 0x2a, 0x79, 0x2a, 0xd9, 0x3a, 0x79, 0x2a, 0x79, 0x2a, 0x79, 0x2a, 0x79, 0x2a, 0x79, 0x2a, 0x79, 0x2a,
  0x79, 0x2a, 0x79, 0x2a, 0x79, 0x2a, 0x79, 0x2a, 0x79, 0x2a, 0x79, 0x2a, 0x79, 0x2a, 0x79, 0x2a, 0x79, 0x2a, 0x79, 0x2a, 0x79, 0x2a, 0x79, 0x2a, 0x79, 0x2a, 0x79, 0x2a, 0x79, 0x2a, 0x79, 0x2a,
  0x79, 0x2a, 0x79, 0x2a, 0x79, 0x2a, 0x79, 0x2a, 0x79, 0x2a, 0x79, 0x2a, 0x79, 0x2a, 0x79, 0x2a, 0x79, 0x2a, 0x79, 0x2a, 0x79, 0x2a, 0xd9, 0x3a, 0x79, 0x2a, 0x79, 0x2a, 0x79, 0x2a, 0x79, 0x2a,
  0x59, 0x2a, 0x59, 0x2a, 0x59, 0x2a, 0x59, 0x2a, 0x59, 0x2a, 0x59, 0x2a, 0x59, 0x2a, 0x59, 0x2a, 0xb9, 0x3a, 0x59, 0x2a, 0x59, 0x2a, 0x59, 0x2a, 0x59, 0x2a, 0x59, 0x2a, 0x59, 0x2a, 0x59, 0x2a,
  0x59, 0x2a, 0x59, 0x2a, 0x59, 0x2a, 0x59, 0x2a, 0x59, 0x2a, 0x59, 0x2a, 0x59, 0x2a, 0x59, 0x2a, 0x59, 0x2a, 0x59, 0x2a, 0x59, 0x2a, 0x59, 0x2a, 0x59, 0x2a, 0x59, 0x2a, 0x59, 0x2a, 0x59, 0x2a,
  0x59, 0x2a, 0x59, 0x2a, 0x59, 0x2a, 0x59, 0x2a, 0x59, 0x2a, 0x59, 0x2a, 0x59, 0x2a, 0x59, 0x2a, 0x59, 0x2a, 0x59, 0x2a, 0xb9, 0x3a, 0x59, 0x2a, 0x59, 0x2a, 0x59, 0x2a, 0x59, 0x2a, 0x59, 0x2a,
  0x59, 0x2a, 0x59, 0x2a, 0x59, 0x2a, 0x59, 0x2a, 0x59, 0x2a, 0x59, 0x2a, 0x59, 0x2a, 0x59, 0x2a, 0x59, 0x2a, 0x59, 0x2a, 0x59, 0x2a, 0x59, 0x2a, 0x59, 0x2a, 0x59, 0x2a, 0x59, 0x2a, 0x59, 0x2a,
  0x59, 0x2a, 0x59, 0x2a, 0x59, 0x2a, 0x59, 0x2a, 0x59, 0x2a, 0x59, 0x2a, 0x59, 0x2a, 0x59, 0x2a, 0x59, 0x2a, 0x59, 0x2a, 0x59, 0x2a, 0x59, 0x2a, 0xb9, 0x3a, 0x59, 0x2a, 0x59, 0x2a, 0x59, 0x2a,
  0x59, 0x2a, 0x59, 0x2a, 0x59, 0x2a, 0x59, 0x2a, 0x59, 0x2a, 0x59, 0x2a, 0x59, 0x2a, 0x59, 0x2a, 0x59, 0x2a, 0x59, 0x2a, 0x59, 0x2a, 0x59, 0x2a, 0x59, 0x2a, 0x59, 0x2a, 0x59, 0x2a, 0x59, 0x2a,
  0x59, 0x2a, 0x59, 0x2a, 0x59, 0x2a, 0x59, 0x2a, 0x59, 0x2a, 0x59, 0x2a, 0x59, 0x2a, 0x59, 0x2a, 0x59, 0x2a, 0x59, 0x2a, 0x59, 0x2a, 0x59, 0x2a, 0x59, 0x2a, 0x59, 0x2a, 0xb9, 0x3a, 0x59, 0x2a,
  0x59, 0x2a, 0x59, 0x2a, 0x59, 0x2a, 0x59, 0x2a, 0x59, 0x2a, 0x59, 0x2a, 0x59, 0x2a, 0x59, 0x2a, 0x59, 0x2a, 0x59, 0x2a, 0x59, 0x2a, 0x59, 0x2a, 0x59, 0x2a, 0x59, 0x2a, 0x59, 0x2a, 0x59, 0x2a,
  0x59, 0x2a, 0x59, 0x2a, 0x59, 0x2a, 0x59, 0x2a, 0x59, 0x2a, 0x59, 0x2a, 0x59, 0x2a, 0x59, 0x2a, 0x59, 0x2a, 0x59, 0x2a, 0x59, 0x2a, 0x59, 0x2a, 0x59, 0x2a, 0x59, 0x2a, 0x59, 0x2a, 0x59, 0x2a,
  0xb9, 0x3a, 0x59, 0x2a, 0x59, 0x2a, 0x59, 0x2a, 0x59, 0x2a, 0x59, 0x2a, 0x59, 0x2a, 0x59, 0x2a, 0x59, 0x2a, 0x59, 0x2a, 0x59, 0x2a, 0x59, 0x2a, 0x59, 0x2a, 0x59, 0x2a, 0x59, 0x2a, 0x59, 0x2a,
  0x59, 0x2a, 0x59, 0x2a, 0x59, 0x2a, 0x59, 0x2a, 0x59, 0x2a, 0x59, 0x2a, 0x59, 0x2a, 0x59, 0x2a, 0x59, 0x2a, 0x59, 0x2a, 0x59, 0x2a, 0x59, 0x2a, 0x59, 0x2a, 0x59, 0x2a, 0x59, 0x2a, 0x59, 0x2a,
  0x59, 0x2a, 0x59, 0x2a, 0xb9, 0x3a, 0x59, 0x2a, 0x59, 0x2a, 0x59, 0x2a, 0x59, 0x2a, 0x59, 0x2a, 0x59, 0x2a, 0x59, 0x2a, 0x59, 0x2a, 0x59, 0x2a, 0x59, 0x2a, 0x59, 0x2a, 0x59, 0x2a, 0x59, 0x2a,
  0x59, 0x2a, 0x59, 0x2a, 0x59, 0x2a, 0x59, 0x2a, 0x59, 0x2a, 0x59, 0x2a, 0x59, 0x2a, 0x59, 0x2a, 0x59, 0x2a, 0x59, 0x2a, 0x59, 0x2a, 0x59, 0x2a, 0x59, 0x2a, 0x59, 0x2a, 0x59, 0x2a, 0x59, 0x2a,
  0x59, 0x2a, 0x59, 0x2a, 0x59, 0x2a, 0x59, 0x2a, 0xb9, 0x3a, 0x59, 0x2a, 0x59, 0x2a, 0x59, 0x2a, 0x59, 0x2a, 0x59, 0x2a, 0x59, 0x2a, 0x59, 0x2a, 0x59, 0x2a, 0x59, 0x2a, 0x59, 0x2a, 0x59, 0x2a,
  0x59, 0x2a, 0x59, 0x2a, 0x59, 0x2a, 0x59, 0x2a, 0x59, 0x2a, 0x59, 0x2a, 0x59, 0x2a, 0x59, 0x2a, 0x59, 0x2a, 0x59, 0x2a, 0x59, 0x2a, 0x59, 0x2a, 0x59, 0x2a, 0x59, 0x2a, 0x59, 0x2a, 0x59, 0x2a,
  0x59, 0x2a, 0x59, 0x2a, 0x59, 0x2a, 0x59, 0x2a, 0x59, 0x2a, 0x59, 0x2a, 0xb9, 0x3a, 0x59, 0x2a, 0x59, 0x2a, 0x59, 0x2a, 0x59, 0x2a, 0x59, 0x2a, 0x59, 0x2a, 0x59, 0x2a, 0x59, 0x2a, 0x59, 0x2a,
  0x59, 0x2a, 0x59, 0x2a, 0x59, 0x2a, 0x59, 0x2a, 0x59, 0x2a, 0x59, 0x2a, 0x59, 0x2a, 0x59, 0x2a, 0x59, 0x2a, 0x59, 0x2a, 0x59, 0x2a, 0x59, 0x2a, 0x59, 0x2a, 0x59, 0x2a, 0x59, 0x2a, 0x59, 0x2a,
  0x59, 0x2a, 0x59, 0x2a, 0x59, 0x2a, 0x59, 0x2a, 0x59, 0x2a, 0x59, 0x2a, 0x59, 0x2a, 0x59, 0x2a, 0xb9, 0x3a, 0x59, 0x2a, 0x59, 0x2a, 0x59, 0x2a, 0x59, 0x2a, 0x59, 0x2a, 0x59, 0x2a, 0x59, 0x2a,
  0x59, 0x2a, 0x59, 0x2a, 0x59, 0x2a, 0x59, 0x2a, 0x59, 0x2a, 0x59, 0x2a, 0x59, 0x2a, 0x59, 0x2a, 0x59, 0x2a, 0x59, 0x2a, 0x59, 0x2a, 0x59, 0x2a, 0x59, 0x2a, 0x59, 0x2a, 0x59, 0x2a, 0x59, 0x2a,
  0x59, 0x2a, 0x59, 0x2a, 0x59, 0x2a, 0x59, 0x2a, 0x59, 0x2a, 0x59, 0x2a, 0x59, 0x2a, 0x59, 0x2a, 0x59, 0x2a, 0x59, 0x2a, 0xb9, 0x3a, 0x59, 0x2a, 0x59, 0x2a, 0x59, 0x2a, 0x59, 0x2a, 0x59, 0x2a,
  0x39, 0x22, 0x39, 0x22, 0x39, 0x22, 0x39, 0x22, 0x39, 0x22, 0x39, 0x22, 0x39, 0x22, 0x39, 0x22, 0x99, 0x32, 0x39, 0x22, 0x39, 0x22, 0x39, 0x22, 0x39, 0x22, 0x39, 0x22, 0x39, 0x22, 0x39, 0x22,
  0x39, 0x22, 0x39, 0x22, 0x39, 0x22, 0x39, 0x22, 0x39, 0x22, 0x39, 0x22, 0x39, 0x22, 0x39, 0x22, 0x39, 0x22, 0x39, 0x22, 0x39, 0x22, 0x39, 0x22, 0x39, 0x22, 0x39, 0x22, 0x39, 0x22, 0x39, 0x22,
  0x39, 0x22, 0x39, 0x22, 0x39, 0x22, 0x39, 0x22, 0x39, 0x22, 0x39, 0x22, 0x39, 0x22, 0x39, 0x22, 0x39, 0x22, 0x39, 0x22, 0x99, 0x32, 0x39, 0x22, 0x39, 0x22, 0x39, 0x22, 0x39, 0x22, 0x39, 0x22,
  0x39, 0x22, 0x39, 0x22, 0x39, 0x22, 0x39, 0x22, 0x39, 0x22, 0x39, 0x22, 0x39, 0x22, 0x39, 0x22, 0x39, 0x22, 0x39, 0x22, 0x39, 0x22, 0x39, 0x22, 0x39, 0x22, 0x39, 0x22, 0x39, 0x22, 0x39, 0x22,
  0x39, 0x22, 0x39, 0x22, 0x39, 0x22, 0x39, 0x22, 0x39, 0x22, 0x39, 0x22, 0x39, 0x22, 0x39, 0x22, 0x39, 0x22, 0x39, 0x22, 0x39, 0x22, 0x39, 0x22, 0x99, 0x32, 0x39, 0x22, 0x39, 0x22, 0x39, 0x22,
  0x39, 0x22, 0x39, 0x22, 0x39, 0x22, 0x39, 0x22, 0x39, 0x22, 0x39, 0x22, 0x39, 0x22, 0x39, 0x22, 0x39, 0x22, 0x39, 0x22, 0x39, 0x22, 0x39, 0x22, 0x39, 0x22, 0x39, 0x22, 0x39, 0x22, 0x39, 0x22,
  0x39, 0x22, 0x39, 0x22, 0x39, 0x22, 0x39, 0x22, 0x39, 0x22, 0x39, 0x22, 0x39, 0x22, 0x39, 0x22, 0x39, 0x22, 0x39, 0x22, 0x39, 0x22, 0x39, 0x22, 0x39, 0x22, 0x39, 0x22, 0x99, 0x32, 0x39, 0x22,
  0x39, 0x22, 0x39, 0x22, 0x39, 0x22, 0x39, 0x22, 0x39, 0x22, 0x39, 0x22, 0x39, 0x22, 0x39, 0x22, 0x39, 0x22, 0x39, 0x22, 0x39, 0x22, 0x39, 0x22, 0x39, 0x22, 0x39, 0x22, 0x39, 0x22, 0x39, 0x22,
  0x39, 0x22, 0x39, 0x22, 0x39, 0x22, 0x39, 0x22, 0x39, 0x22, 0x39, 0x22, 0x39, 0x22, 0x39, 0x22, 0x39, 0x22, 0x39, 0x22, 0x39, 0x22, 0x39, 0x22, 0x39, 0x22, 0x39, 0x22, 0x39, 0x22, 0x39, 0x22,
  0x99, 0x32, 0x39, 0x22, 0x39, 0x22, 0x39, 0x22, 0x39, 0x22, 0x39, 0x22, 0x39, 0x22, 0x39, 0x22, 0x39, 0x22, 0x39, 0x22, 0x39, 0x22, 0x39, 0x22, 0x39, 0x22, 0x39, 0x22, 0x39, 0x22, 0x39, 0x22,
  0x39, 0x22, 0x39, 0x22, 0x39, 0x22, 0x39, 0x22, 0x39, 0x22, 0x39, 0x22, 0x39, 0x22, 0x39, 0x22, 0x39, 0x22, 0x39, 0x22, 0x39, 0x22, 0x39, 0x22, 0x39, 0x22, 0x39, 0x22, 0x39, 0x22, 0x39, 0x22,
  0x39, 0x22, 0x39, 0x22, 0x99, 0x32, 0x39, 0x22, 0x39, 0x22, 0x39, 0x22, 0x39, 0x22, 0x39, 0x22, 0x39, 0x22, 0x39, 0x22, 0x39, 0x22, 0x39, 0x22, 0x39, 0x22, 0x39, 0x22, 0x39, 0x22, 0x39, 0x22,
  0x39, 0x22, 0x39, 0x22, 0x39, 0x22, 0x39, 0x22, 0x39, 0x22, 0x39, 0x22, 0x39, 0x22, 0x39, 0x22, 0x39, 0x22, 0x39, 0x22, 0x39, 0x22, 0x39, 0x22, 0x39, 0x22, 0x39, 0x22, 0x39, 0x22, 0x39, 0x22,
  0x39, 0x22, 0x39, 0x22, 0x39, 0x22, 0x39, 0x22, 0x99, 0x32, 0x39, 0x22, 0x39, 0x22, 0x39, 0x22, 0x39, 0x22, 0x39, 0x22, 0x39, 0x22, 0x39, 0x22, 0x39, 0x22, 0x39, 0x22, 0x39, 0x22, 0x39, 0x22,
  0x39, 0x22, 0x39, 0x22, 0x39, 0x22, 0x39, 0x22, 0x39, 0x22, 0x39, 0x22, 0x39, 0x22, 0x39, 0x22, 0x39, 0x22, 0x39, 0x22, 0x39, 0x22, 0x39, 0x22, 0x39, 0x22, 0x39, 0x22, 0x39, 0x22, 0x39, 0x22,
  0x39, 0x22, 0x39, 0x22, 0x39, 0x22, 0x39, 0x22, 0x39, 0x22, 0x39, 0x22, 0x99, 0x32, 0x39, 0x22, 0x39, 0x22, 0x39, 0x22, 0x39, 0x22, 0x39, 0x22, 0x39, 0x22, 0x39, 0x22, 0x39, 0x22, 0x39, 0x22,
  0x39, 0x22, 0x39, 0x22, 0x39, 0x22, 0x39, 0x22, 0x39, 0x22, 0x39, 0x22, 0x39, 0x22, 0x39, 0x22, 0x39, 0x22, 0x39, 0x22, 0x39, 0x22, 0x39, 0x22, 0x39, 0x22, 0x39, 0x22, 0x39, 0x22, 0x39, 0x22,
  0x39, 0x22, 0x39, 0x22, 0x39, 0x22, 0x39, 0x22, 0x39, 0x22, 0x39, 0x22, 0x39, 0x22, 0x39, 0x22, 0x99, 0x32, 0x39, 0x22, 0x39, 0x22, 0x39, 0x22, 0x39, 0x22, 0x39, 0x22, 0x39, 0x22, 0x39, 0x22,
  0x39, 0x22, 0x39, 0x22, 0x39, 0x22, 0x39, 0x22, 0x39, 0x22, 0x39, 0x22, 0x39, 0x22, 0x39, 0x22, 0x39, 0x22, 0x39, 0x22, 0x39, 0x22, 0x39, 0x22, 0x39, 0x22, 0x39, 0x22, 0x39, 0x22, 0x39, 0x22,
  0x39, 0x22, 0x39, 0x22, 0x39, 0x22, 0x39, 0x22, 0x39, 0x22, 0x39, 0x22, 0x39, 0x22, 0x39, 0x22, 0x39, 0x22, 0x39, 0x22, 0x99, 0x32, 0x39, 0x22, 0x39, 0x22, 0x39, 0x22, 0x39, 0x22, 0x39, 0x22,
  0x39, 0x2a, 0x39, 0x2a, 0x39, 0x2a, 0x39, 0x2a, 0x39, 0x2a, 0x39, 0x2a, 0x39, 0x2a, 0x99, 0x3a, 0x39, 0x2a, 0x39, 0x2a, 0x39, 0x2a, 0x39, 0x2a, 0x39, 0x2a, 0x39, 0x2a, 0x39, 0x2a, 0x39, 0x2a,
  0x39, 0x2a, 0x39, 0x2a, 0x39, 0x2a, 0x39, 0x2a, 0x39, 0x2a, 0x39, 0x2a, 0x39, 0x2a, 0x39, 0x2a, 0x39, 0x2a, 0x39, 0x2a, 0x39, 0x2a, 0x39, 0x2a, 0x39, 0x2a, 0x39, 0x2a, 0x39, 0x2a, 0x39, 0x2a,
  0x39, 0x2a, 0x39, 0x2a, 0x39, 0x2a, 0x39, 0x2a, 0x39, 0x2a, 0x39, 0x2a, 0x39, 0x2a, 0x39, 0x2a, 0x39, 0x2a, 0x99, 0x3a, 0x39, 0x2a, 0x39, 0x2a, 0x39, 0x2a, 0x39, 0x2a, 0x39, 0x2a, 0x39, 0x2a,
  0x39, 0x2a, 0x39, 0x2a, 0x39, 0x2a, 0x39, 0x2a, 0x39, 0x2a, 0x39, 0x2a, 0x39, 0x2a, 0x39, 0x2a, 0x39, 0x2a, 0x39, 0x2a, 0x39, 0x2a, 0x39, 0x2a, 0x39, 0x2a, 0x39, 0x2a, 0x39, 0x2a, 0x39, 0x2a,
  0x39, 0x2a, 0x39, 0x2a, 0x39, 0x2a, 0x39, 0x2a, 0x39, 0x2a, 0x39, 0x2a, 0x39, 0x2a, 0x39, 0x2a, 0x39, 0x2a, 0x39, 0x2a, 0x39, 0x2a, 0x99, 0x3a, 0x39, 0x2a, 0x39, 0x2a, 0x39, 0x2a, 0x39, 0x2a,
  0x39, 0x2a, 0x39, 0x2a, 0x39, 0x2a, 0x39, 0x2a, 0x39, 0x2a, 0x39, 0x2a, 0x39, 0x2a, 0x39, 0x2a, 0x39, 0x2a, 0x39, 0x2a, 0x39, 0x2a, 0x39, 0x2a, 0x39, 0x2a, 0x39, 0x2a, 0x39, 0x2a, 0x39, 0x2a,
  0x39, 0x2a, 0x39, 0x2a, 0x39, 0x2a, 0x39, 0x2a, 0x39, 0x2a, 0x39, 0x2a, 0x39, 0x2a, 0x39, 0x2a, 0x39, 0x2a, 0x39, 0x2a, 0x39, 0x2a, 0x39, 0x2a, 0x39, 0x2a, 0x99, 0x3a, 0x39, 0x2a, 0x39, 0x2a,
  0x39, 0x2a, 0x39, 0x2a, 0x39, 0x2a, 0x39, 0x2a, 0x39, 0x2a, 0x39, 0x2a, 0x39, 0x2a, 0x39, 0x2a, 0x39, 0x2a, 0x39, 0x2a, 0x39, 0x2a, 0x39, 0x2a, 0x39, 0x2a, 0x39, 0x2a, 0x39, 0x2a, 0x39, 0x2a,
  0x39, 0x2a, 0x39, 0x2a, 0x39, 0x2a, 0x39, 0x2a, 0x39, 0x2a, 0x39, 0x2a, 0x39, 0x2a, 0x39, 0x2a, 0x39, 0x2a, 0x39, 0x2a, 0x39, 0x2a, 0x39, 0x2a, 0x39, 0x2a, 0x39, 0x2a, 0x39, 0x2a, 0x99, 0x3a,
  0x39, 0x2a, 0x39, 0x2a, 0x39, 0x2a, 0x39, 0x2a, 0x39, 0x2a, 0x39, 0x2a, 0x39, 0x2a, 0x39, 0x2a, 0x39, 0x2a, 0x39, 0x2a, 0x39, 0x2a, 0x39, 0x2a, 0x39, 0x2a, 0x39, 0x2a, 0x39, 0x2a, 0x39, 0x2a,
  0x39, 0x2a, 0x39, 0x2a, 0x39, 0x2a, 0x39, 0x2a, 0x39, 0x2a, 0x39, 0x2a, 0x39, 0x2a, 0x39, 0x2a, 0x39, 0x2a, 0x39, 0x2a, 0x39, 0x2a, 0x39, 0x2a, 0x39, 0x2a, 0x39, 0x2a, 0x39, 0x2a, 0x39, 0x2a,
  0x39, 0x2a, 0x99, 0x3a, 0x39, 0x2a, 0x39, 0x2a, 0x39, 0x2a, 0x39, 0x2a, 0x39, 0x2a, 0x39, 0x2a, 0x39, 0x2a, 0x39, 0x2a, 0x39, 0x2a, 0x39, 0x2a, 0x39, 0x2a, 0x39, 0x2a, 0x39, 0x2a, 0x39, 0x2a,
  0x39, 0x2a, 0x39, 0x2a, 0x39, 0x2a, 0x39, 0x2a, 0x39, 0x2a, 0x39, 0x2a, 0x39, 0x2a, 0x39, 0x2a, 0x39, 0x2a, 0x39, 0x2a, 0x39, 0x2a, 0x39, 0x2a, 0x39, 0x2a, 0x39, 0x2a, 0x39, 0x2a, 0x39, 0x2a,
  0x39, 0x2a, 0x39, 0x2a, 0x39, 0x2a, 0x99, 0x3a, 0x39, 0x2a, 0x39, 0x2a, 0x39, 0x2a, 0x39, 0x2a, 0x39, 0x2a, 0x39, 0x2a, 0x39, 0x2a, 0x39, 0x2a, 0x39, 0x2a, 0x39, 0x2a, 0x39, 0x2a, 0x39, 0x2a,
  0x39, 0x2a, 0x39, 0x2a, 0x39, 0x2a, 0x39, 0x2a, 0x39, 0x2a, 0x39, 0x2a, 0x39, 0x2a, 0x39, 0x2a, 0x39, 0x2a, 0x39, 0x2a, 0x39, 0x2a, 0x39, 0x2a, 0x39, 0x2a, 0x39, 0x2a, 0x39, 0x2a, 0x39, 0x2a,
  0x39, 0x2a, 0x39, 0x2a, 0x39, 0x2a, 0x39, 0x2a, 0x39, 0x2a, 0x99, 0x3a, 0x39, 0x2a, 0x39, 0x2a, 0x39, 0x2a, 0x39, 0x2a, 0x39, 0x2a, 0x39, 0x2a, 0x39, 0x2a, 0x39, 0x2a, 0x39, 0x2a, 0x39, 0x2a,
  0x39, 0x2a, 0x39, 0x2a, 0x39, 0x2a, 0x39, 0x2a, 0x39, 0x2a, 0x39, 0x2a, 0x39, 0x2a, 0x39, 0x2a, 0x39, 0x2a, 0x39, 0x2a, 0x39, 0x2a, 0x39, 0x2a, 0x39, 0x2a, 0x39, 0x2a, 0x39, 0x2a, 0x39, 0x2a,
  0x39, 0x2a, 0x39, 0x2a, 0x39, 0x2a, 0x39, 0x2a, 0x39, 0x2a, 0x39, 0x2a, 0x39, 0x2a, 0x99, 0x3a, 0x39, 0x2a, 0x39, 0x2a, 0x39, 0x2a, 0x39, 0x2a, 0x39, 0x2a, 0x39, 0x2a, 0x39, 0x2a, 0x39, 0x2a,
  0x39, 0x2a, 0x39, 0x2a, 0x39, 0x2a, 0x39, 0x2a, 0x39, 0x2a, 0x39, 0x2a, 0x39, 0x2a, 0x39, 0x2a, 0x39, 0x2a, 0x39, 0x2a, 0x39, 0x2a, 0x39, 0x2a, 0x39, 0x2a, 0x39, 0x2a, 0x39, 0x2a, 0x39, 0x2a,
  0x39, 0x2a, 0x39, 0x2a, 0x39, 0x2a, 0x39, 0x2a, 0x39, 0x2a, 0x39, 0x2a, 0x39, 0x2a, 0x39, 0x2a, 0x39, 0x2a, 0x99, 0x3a, 0x39, 0x2a, 0x39, 0x2a, 0x39, 0x2a, 0x39, 0x2a, 0x39, 0x2a, 0x39, 0x2a,
  0x99, 0x3a, 0x99, 0x3a, 0x99, 0x3a, 0x99, 0x3a, 0x99, 0x3a, 0x99, 0x3a, 0xfa, 0x42, 0x99, 0x3a, 0x99, 0x3a, 0x99, 0x3a, 0x99, 0x3a, 0x99, 0x3a, 0x99, 0x3a, 0x99, 0x3a, 0x99, 0x3a, 0x99, 0x3a,
  0x99, 0x3a, 0x99, 0x3a, 0x99, 0x3a, 0x99, 0x3a, 0x99, 0x3a, 0x99, 0x3a, 0x99, 0x3a, 0x99, 0x3a, 0x99, 0x3a, 0x99, 0x3a, 0x99, 0x3a, 0x99, 0x3a, 0x99, 0x3a, 0x99, 0x3a, 0x99, 0x3a, 0x99, 0x3a,
  0x99, 0x3a, 0x99, 0x3a, 0x99, 0x3a, 0x99, 0x3a, 0x99, 0x3a, 0x99, 0x3a, 0x99, 0x3a, 0x99, 0x3a, 0xfa, 0x42, 0x99, 0x3a, 0x99, 0x3a, 0x99, 0x3a, 0x99, 0x3a, 0x99, 0x3a, 0x99, 0x3a, 0x99, 0x3a,
  0x99, 0x3a, 0x99, 0x3a, 0x99, 0x3a, 0x99, 0x3a, 0x99, 0x3a, 0x99, 0x3a, 0x99, 0x3a, 0x99, 0x3a, 0x99, 0x3a, 0x99, 0x3a, 0x99, 0x3a, 0x99, 0x3a, 0x99, 0x3a, 0x99, 0x3a, 0x99, 0x3a, 0x99, 0x3a,
  0x99, 0x3a, 0x99, 0x3a, 0x99, 0x3a, 0x99, 0x3a, 0x99, 0x3a, 0x99, 0x3a, 0x99, 0x3a, 0x99, 0x3a, 0x99, 0x3a, 0x99, 0x3a, 0xfa, 0x42, 0x99, 0x3a, 0x99, 0x3a, 0x99, 0x3a, 0x99, 0x3a, 0x99, 0x3a,
  0x99, 0x3a, 0x99, 0x3a, 0x99, 0x3a, 0x99, 0x3a, 0x99, 0x3a, 0x99, 0x3a, 0x99, 0x3a, 0x99, 0x3a, 0x99, 0x3a, 0x99, 0x3a, 0x99, 0x3a, 0x99, 0x3a, 0x99, 0x3a, 0x99, 0x3a, 0x99, 0x3a, 0x99, 0x3a,
  0x99, 0x3a, 0x99, 0x3a, 0x99, 0x3a, 0x99, 0x3a, 0x99, 0x3a, 0x99, 0x3a, 0x99, 0x3a, 0x99, 0x3a, 0x99, 0x3a, 0x99, 0x3a, 0x99, 0x3a, 0x99, 0x3a, 0xfa, 0x42, 0x99, 0x3a, 0x99, 0x3a, 0x99, 0x3a,
  0x99, 0x3a, 0x99, 0x3a, 0x99, 0x3a, 0x99, 0x3a, 0x99, 0x3a, 0x99, 0x3a, 0x99, 0x3a, 0x99, 0x3a, 0x99, 0x3a, 0x99, 0x3a, 0x99, 0x3a, 0x99, 0x3a, 0x99, 0x3a, 0x99, 0x3a, 0x99, 0x3a, 0x99, 0x3a,
  0x99, 0x3a, 0x99, 0x3a, 0x99, 0x3a, 0x99, 0x3a, 0x99, 0x3a, 0x99, 0x3a, 0x99, 0x3a, 0x99, 0x3a, 0x99, 0x3a, 0x99, 0x3a, 0x99, 0x3a, 0x99, 0x3a, 0x99, 0x3a, 0x99, 0x3a, 0xfa, 0x42, 0x99, 0x3a,
  0x99, 0x3a, 0x99, 0x3a, 0x99, 0x3a, 0x99, 0x3a, 0x99, 0x3a, 0x99, 0x3a, 0x99, 0x3a, 0x99, 0x3a, 0x99, 0x3a, 0x99, 0x3a, 0x99, 0x3a, 0x99, 0x3a, 0x99, 0x3a, 0x99, 0x3a, 0x99, 0x3a, 0x99, 0x3a,
  0x99, 0x3a, 0x99, 0x3a, 0x99, 0x3a, 0x99, 0x3a, 0x99, 0x3a, 0x99, 0x3a, 0x99, 0x3a, 0x99, 0x3a, 0x99, 0x3a, 0x99, 0x3a, 0x99, 0x3a, 0x99, 0x3a, 0x99, 0x3a, 0x99, 0x3a, 0x99, 0x3a, 0x99, 0x3a,
  0xfa, 0x42, 0x99, 0x3a, 0x99, 0x3a, 0x99, 0x3a, 0x99, 0x3a, 0x99, 0x3a, 0x99, 0x3a, 0x99, 0x3a, 0x99, 0x3a, 0x99, 0x3a, 0x99, 0x3a, 0x99, 0x3a, 0x99, 0x3a, 0x99, 0x3a, 0x99, 0x3a, 0x99, 0x3a,
  0x99, 0x3a, 0x99, 0x3a, 0x99, 0x3a, 0x99, 0x3a, 0x99, 0x3a, 0x99, 0x3a, 0x99, 0x3a, 0x99, 0x3a, 0x99, 0x3a, 0x99, 0x3a, 0x99, 0x3a, 0x99, 0x3a, 0x99, 0x3a, 0x99, 0x3a, 0x99, 0x3a, 0x99, 0x3a,
  0x99, 0x3a, 0x99, 0x3a, 0xfa, 0x42, 0x99, 0x3a, 0x99, 0x3a, 0x99, 0x3a, 0x99, 0x3a, 0x99, 0x3a, 0x99, 0x3a, 0x99, 0x3a, 0x99, 0x3a, 0x99, 0x3a, 0x99, 0x3a, 0x99, 0x3a, 0x99, 0x3a, 0x99, 0x3a,
  0x99, 0x3a, 0x99, 0x3a, 0x99, 0x3a, 0x99, 0x3a, 0x99, 0x3a, 0x99, 0x3a, 0x99, 0x3a, 0x99, 0x3a, 0x99, 0x3a, 0x99, 0x3a, 0x99, 0x3a, 0x99, 0x3a, 0x99, 0x3a, 0x99, 0x3a, 0x99, 0x3a, 0x99, 0x3a,
  0x99, 0x3a, 0x99, 0x3a, 0x99, 0x3a, 0x99, 0x3a, 0xfa, 0x42, 0x99, 0x3a, 0x99, 0x3a, 0x99, 0x3a, 0x99, 0x3a, 0x99, 0x3a, 0x99, 0x3a, 0x99, 0x3a, 0x99, 0x3a, 0x99, 0x3a, 0x99, 0x3a, 0x99, 0x3a,
  0x99, 0x3a, 0x99, 0x3a, 0x99, 0x3a, 0x99, 0x3a, 0x99, 0x3a, 0x99, 0x3a, 0x99, 0x3a, 0x99, 0x3a, 0x99, 0x3a, 0x99, 0x3a, 0x99, 0x3a, 0x99, 0x3a, 0x99, 0x3a, 0x99, 0x3a, 0x99, 0x3a, 0x99, 0x3a,
  0x99, 0x3a, 0x99, 0x3a, 0x99, 0x3a, 0x99, 0x3a, 0x99, 0x3a, 0x99, 0x3a, 0xfa, 0x42, 0x99, 0x3a, 0x99, 0x3a, 0x99, 0x3a, 0x99, 0x3a, 0x99, 0x3a, 0x99, 0x3a, 0x99, 0x3a, 0x99, 0x3a, 0x99, 0x3a,
  0x99, 0x3a, 0x99, 0x3a, 0x99, 0x3a, 0x99, 0x3a, 0x99, 0x3a, 0x99, 0x3a, 0x99, 0x3a, 0x99, 0x3a, 0x99, 0x3a, 0x99, 0x3a, 0x99, 0x3a, 0x99, 0x3a, 0x99, 0x3a, 0x99, 0x3a, 0x99, 0x3a, 0x99, 0x3a,
  0x99, 0x3a, 0x99, 0x3a, 0x99, 0x3a, 0x99, 0x3a, 0x99, 0x3a, 0x99, 0x3a, 0x99, 0x3a, 0x99, 0x3a, 0xfa, 0x42, 0x99, 0x3a, 0x99, 0x3a, 0x99, 0x3a, 0x99, 0x3a, 0x99, 0x3a, 0x99, 0x3a, 0x99, 0x3a,
  0x38, 0x2a, 0x38, 0x2a, 0x38, 0x2a, 0x38, 0x2a, 0x38, 0x2a, 0x99, 0x3a, 0x38, 0x2a, 0x38, 0x2a, 0x38, 0x2a, 0x38, 0x2a, 0x38, 0x2a, 0x38, 0x2a, 0x38, 0x2a, 0x38, 0x2a, 0x38, 0x2a, 0x38, 0x2a,
  0x38, 0x2a, 0x38, 0x2a, 0x38, 0x2a, 0x38, 0x2a, 0x38, 0x2a, 0x38, 0x2a, 0x38, 0x2a, 0x38, 0x2a, 0x38, 0x2a, 0x38, 0x2a, 0x38, 0x2a, 0x38, 0x2a, 0x38, 0x2a, 0x38, 0x2a, 0x38, 0x2a, 0x38, 0x2a,
  0x38, 0x2a, 0x38, 0x2a, 0x38, 0x2a, 0x38, 0x2a, 0x38, 0x2a, 0x38, 0x2a, 0x38, 0x2a, 0x99, 0x3a, 0x38, 0x2a, 0x38, 0x2a, 0x38, 0x2a, 0x38, 0x2a, 0x38, 0x2a, 0x38, 0x2a, 0x38, 0x2a, 0x38, 0x2a,
  0x38, 0x2a, 0x38, 0x2a, 0x38, 0x2a, 0x38, 0x2a, 0x38, 0x2a, 0x38, 0x2a, 0x38, 0x2a, 0x38, 0x2a, 0x38, 0x2a, 0x38, 0x2a, 0x38, 0x2a, 0x38, 0x2a, 0x38, 0x2a, 0x38, 0x2a, 0x38, 0x2a, 0x38, 0x2a,
  0x38, 0x2a, 0x38, 0x2a, 0x38, 0x2a, 0x38, 0x2a, 0x38, 0x2a, 0x38, 0x2a, 0x38, 0x2a, 0x38, 0x2a, 0x38, 0x2a, 0x99, 0x3a, 0x38, 0x2a, 0x38, 0x2a, 0x38, 0x2a, 0x38, 0x2a, 0x38, 0x2a, 0x38, 0x2a,
  0x38, 0x2a, 0x38, 0x2a, 0x38, 0x2a, 0x38, 0x2a, 0x38, 0x2a, 0x38, 0x2a, 0x38, 0x2a, 0x38, 0x2a, 0x38, 0x2a, 0x38, 0x2a, 0x38, 0x2a, 0x38, 0x2a, 0x38, 0x2a, 0x38, 0x2a, 0x38, 0x2a, 0x38, 0x2a,
  0x38, 0x2a, 0x38, 0x2a, 0x38, 0x2a, 0x38, 0x2a, 0x38, 0x2a, 0x38, 0x2a, 0x38, 0x2a, 0x38, 0x2a, 0x38, 0x2a, 0x38, 0x2a, 0x38, 0x2a, 0x99, 0x3a, 0x38, 0x2a, 0x38, 0x2a, 0x38, 0x2a, 0x38, 0x2a,
  0x38, 0x2a, 0x38, 0x2a, 0x38, 0x2a, 0x38, 0x2a, 0x38, 0x2a, 0x38, 0x2a, 0x38, 0x2a, 0x38, 0x2a, 0x38, 0x2a, 0x38, 0x2a, 0x38, 0x2a, 0x38, 0x2a, 0x38, 0x2a, 0x38, 0x2a, 0x38, 0x2a, 0x38, 0x2a,
  0x38, 0x2a, 0x38, 0x2a, 0x38, 0x2a, 0x38, 0x2a, 0x38, 0x2a, 0x38, 0x2a, 0x38, 0x2a, 0x38, 0x2a, 0x38, 0x2a, 0x38, 0x2a, 0x38, 0x2a, 0x38, 0x2a, 0x38, 0x2a, 0x99, 0x3a, 0x38, 0x2a, 0x38, 0x2a,
  0x38, 0x2a, 0x38, 0x2a, 0x38, 0x2a, 0x38, 0x2a, 0x38, 0x2a, 0x38, 0x2a, 0x38, 0x2a, 0x38, 0x2a, 0x38, 0x2a, 0x38, 0x2a, 0x38, 0x2a, 0x38, 0x2a, 0x38, 0x2a, 0x38, 0x2a, 0x38, 0x2a, 0x38, 0x2a,
  0x38, 0x2a, 0x38, 0x2a, 0x38, 0x2a, 0x38, 0x2a, 0x38, 0x2a, 0x38, 0x2a, 0x38, 0x2a, 0x38, 0x2a, 0x38, 0x2a, 0x38, 0x2a, 0x38, 0x2a, 0x38, 0x2a, 0x38, 0x2a, 0x38, 0x2a, 0x38, 0x2a, 0x99, 0x3a,
  0x38, 0x2a, 0x38, 0x2a, 0x38, 0x2a, 0x38, 0x2a, 0x38, 0x2a, 0x38, 0x2a, 0x38, 0x2a, 0x38, 0x2a, 0x38, 0x2a, 0x38, 0x2a, 0x38, 0x2a, 0x38, 0x2a, 0x38, 0x2a, 0x38, 0x2a, 0x38, 0x2a, 0x38, 0x2a,
  0x38, 0x2a, 0x38, 0x2a, 0x38, 0x2a, 0x38, 0x2a, 0x38, 0x2a, 0x38, 0x2a, 0x38, 0x2a, 0x38, 0x2a, 0x38, 0x2a, 0x38, 0x2a, 0x38, 0x2a, 0x38, 0x2a, 0x38, 0x2a, 0x38, 0x2a, 0x38, 0x2a, 0x38, 0x2a,
  0x38, 0x2a, 0x99, 0x3a, 0x38, 0x2a, 0x38, 0x2a, 0x38, 0x2a, 0x38, 0x2a, 0x38, 0x2a, 0x38, 0x2a, 0x38, 0x2a, 0x38, 0x2a, 0x38, 0x2a, 0x38, 0x2a, 0x38, 0x2a, 0x38, 0x2a, 0x38, 0x2a, 0x38, 0x2a,
  0x38, 0x2a, 0x38, 0x2a, 0x38, 0x2a, 0x38, 0x2a, 0x38, 0x2a, 0x38, 0x2a, 0x38, 0x2a, 0x38, 0x2a, 0x38, 0x2a, 0x38, 0x2a, 0x38, 0x2a, 0x38, 0x2a, 0x38, 0x2a, 0x38, 0x2a, 0x38, 0x2a, 0x38, 0x2a,
  0x38, 0x2a, 0x38, 0x2a, 0x38, 0x2a, 0x99, 0x3a, 0x38, 0x2a, 0x38, 0x2a, 0x38, 0x2a, 0x38, 0x2a, 0x38, 0x2a, 0x38, 0x2a, 0x38, 0x2a, 0x38, 0x2a, 0x38, 0x2a, 0x38, 0x2a, 0x38, 0x2a, 0x38, 0x2a,
  0x38, 0x2a, 0x38, 0x2a, 0x38, 0x2a, 0x38, 0x2a, 0x38, 0x2a, 0x38, 0x2a, 0x38, 0x2a, 0x38, 0x2a, 0x38, 0x2a, 0x38, 0x2a, 0x38, 0x2a, 0x38, 0x2a, 0x38, 0x2a, 0x38, 0x2a, 0x38, 0x2a, 0x38, 0x2a,
  0x38, 0x2a, 0x38, 0x2a, 0x38, 0x2a, 0x38, 0x2a, 0x38, 0x2a, 0x99, 0x3a, 0x38, 0x2a, 0x38, 0x2a, 0x38, 0x2a, 0x38, 0x2a, 0x38, 0x2a, 0x38, 0x2a, 0x38, 0x2a, 0x38, 0x2a, 0x38, 0x2a, 0x38, 0x2a,
  0x38, 0x2a, 0x38, 0x2a, 0x38, 0x2a, 0x38, 0x2a, 0x38, 0x2a, 0x38, 0x2a, 0x38, 0x2a, 0x38, 0x2a, 0x38, 0x2a, 0x38, 0x2a, 0x38, 0x2a, 0x38, 0x2a, 0x38, 0x2a, 0x38, 0x2a, 0x38, 0x2a, 0x38, 0x2a,
  0x38, 0x2a, 0x38, 0x2a, 0x38, 0x2a, 0x38, 0x2a, 0x38, 0x2a, 0x38, 0x2a, 0x38, 0x2a, 0x99, 0x3a, 0x38, 0x2a, 0x38, 0x2a, 0x38, 0x2a, 0x38, 0x2a, 0x38, 0x2a, 0x38, 0x2a, 0x38, 0x2a, 0x38, 0x2a,
  0x38, 0x22, 0x38, 0x22, 0x38, 0x22, 0x38, 0x22, 0x99, 0x32, 0x38, 0x22, 0x38, 0x22, 0x38, 0x22, 0x38, 0x22, 0x38, 0x22, 0x38, 0x22, 0x38, 0x22, 0x38, 0x22, 0x38, 0x22, 0x38, 0x22, 0x38, 0x22,
  0x38, 0x22, 0x38, 0x22, 0x38, 0x22, 0x38, 0x22, 0x38, 0x22, 0x38, 0x22, 0x38, 0x22, 0x38, 0x22, 0x38, 0x22, 0x38, 0x22, 0x38, 0x22, 0x38, 0x22, 0x38, 0x22, 0x38, 0x22, 0x38, 0x22, 0x38, 0x22,
  0x38, 0x22, 0x38, 0x22, 0x38, 0x22, 0x38, 0x22, 0x38, 0x22, 0x38, 0x22, 0x99, 0x32, 0x38, 0x22, 0x38, 0x22, 0x38, 0x22, 0x38, 0x22, 0x38, 0x22, 0x38, 0x22, 0x38, 0x22, 0x38, 0x22, 0x38, 0x22,
  0x38, 0x22, 0x38, 0x22, 0x38, 0x22, 0x38, 0x22, 0x38, 0x22, 0x38, 0x22, 0x38, 0x22, 0x38, 0x22, 0x38, 0x22, 0x38, 0x22, 0x38, 0x22, 0x38, 0x22, 0x38, 0x22, 0x38, 0x22, 0x38, 0x22, 0x38, 0x22,
  0x38, 0x22, 0x38, 0x22, 0x38, 0x22, 0x38, 0x22, 0x38, 0x22, 0x38, 0x22, 0x38, 0x22, 0x38, 0x22, 0x99, 0x32, 0x38, 0x22, 0x38, 0x22, 0x38, 0x22, 0x38, 0x22, 0x38, 0x22, 0x38, 0x22, 0x38, 0x22,
  0x38, 0x22, 0x38, 0x22, 0x38, 0x22, 0x38, 0x22, 0x38, 0x22, 0x38, 0x22, 0x38, 0x22, 0x38, 0x22, 0x38, 0x22, 0x38, 0x22, 0x38, 0x22, 0x38, 0x22, 0x38, 0x22, 0x38, 0x22, 0x38, 0x22, 0x38, 0x22,
  0x38, 0x22, 0x38, 0x22, 0x38, 0x22, 0x38, 0x22, 0x38, 0x22, 0x38, 0x22, 0x38, 0x22, 0x38, 0x22, 0x38, 0x22, 0x38, 0x22, 0x99, 0x32, 0x38, 0x22, 0x38, 0x22, 0x38, 0x22, 0x38, 0x22, 0x38, 0x22,
  0x38, 0x22, 0x38, 0x22, 0x38, 0x22, 0x38, 0x22, 0x38, 0x22, 0x38, 0x22, 0x38, 0x22, 0x38, 0x22, 0x38, 0x22, 0x38, 0x22, 0x38, 0x22, 0x38, 0x22, 0x38, 0x22, 0x38, 0x22, 0x38, 0x22, 0x38, 0x22,
  0x38, 0x22, 0x38, 0x22, 0x38, 0x22, 0x38, 0x22, 0x38, 0x22, 0x38, 0x22, 0x38, 0x22, 0x38, 0x22, 0x38, 0x22, 0x38, 0x22, 0x38, 0x22, 0x38, 0x22, 0x99, 0x32, 0x38, 0x22, 0x38, 0x22, 0x38, 0x22,
  0x38, 0x22, 0x38, 0x22, 0x38, 0x22, 0x38, 0x22, 0x38, 0x22, 0x38, 0x22, 0x38, 0x22, 0x38, 0x22, 0x38, 0x22, 0x38, 0x22, 0x38, 0x22, 0x38, 0x22, 0x38, 0x22, 0x38, 0x22, 0x38, 0x22, 0x38, 0x22,
  0x38, 0x22, 0x38, 0x22, 0x38, 0x22, 0x38, 0x22, 0x38, 0x22, 0x38, 0x22, 0x38, 0x22, 0x38, 0x22, 0x38, 0x22, 0x38, 0x22, 0x38, 0x22, 0x38, 0x22, 0x38, 0x22, 0x38, 0x22, 0x99, 0x32, 0x38, 0x22,
  0x38, 0x22, 0x38, 0x22, 0x38, 0x22, 0x38, 0x22, 0x38, 0x22, 0x38, 0x22, 0x38, 0x22, 0x38, 0x22, 0x38, 0x22, 0x38, 0x22, 0x38, 0x22, 0x38, 0x22, 0x38, 0x22, 0x38, 0x22, 0x38, 0x22, 0x38, 0x22,
  0x38, 0x22, 0x38, 0x22, 0x38, 0x22, 0x38, 0x22, 0x38, 0x22, 0x38, 0x22, 0x38, 0x22, 0x38, 0x22, 0x38, 0x22, 0x38, 0x22, 0x38, 0x22, 0x38, 0x22, 0x38, 0x22, 0x38, 0x22, 0x38, 0x22, 0x38, 0x22,
  0x99, 0x32, 0x38, 0x22, 0x38, 0x22, 0x38, 0x22, 0x38, 0x22, 0x38, 0x22, 0x38, 0x22, 0x38, 0x22, 0x38, 0x22, 0x38, 0x22, 0x38, 0x22, 0x38, 0x22, 0x38, 0x22, 0x38, 0x22, 0x38, 0x22, 0x38, 0x22,
  0x38, 0x22, 0x38, 0x22, 0x38, 0x22, 0x38, 0x22, 0x38, 0x22, 0x38, 0x22, 0x38, 0x22, 0x38, 0x22, 0x38, 0x22, 0x38, 0x22, 0x38, 0x22, 0x38, 0x22, 0x38, 0x22, 0x38, 0x22, 0x38, 0x22, 0x38, 0x22,
  0x38, 0x22, 0x38, 0x22, 0x99, 0x32, 0x38, 0x22, 0x38, 0x22, 0x38, 0x22, 0x38, 0x22, 0x38, 0x22, 0x38, 0x22, 0x38, 0x22, 0x38, 0x22, 0x38, 0x22, 0x38, 0x22, 0x38, 0x22, 0x38, 0x22, 0x38, 0x22,
  0x38, 0x22, 0x38, 0x22, 0x38, 0x22, 0x38, 0x22, 0x38, 0x22, 0x38, 0x22, 0x38, 0x22, 0x38, 0x22, 0x38, 0x22, 0x38, 0x22, 0x38, 0x22, 0x38, 0x22, 0x38, 0x22, 0x38, 0x22, 0x38, 0x22, 0x38, 0x22,
  0x38, 0x22, 0x38, 0x22, 0x38, 0x22, 0x38, 0x22, 0x99, 0x32, 0x38, 0x22, 0x38, 0x22, 0x38, 0x22, 0x38, 0x22, 0x38, 0x22, 0x38, 0x22, 0x38, 0x22, 0x38, 0x22, 0x38, 0x22, 0x38, 0x22, 0x38, 0x22,
  0x38, 0x22, 0x38, 0x22, 0x38, 0x22, 0x38, 0x22, 0x38, 0x22, 0x38, 0x22, 0x38, 0x22, 0x38, 0x22, 0x38, 0x22, 0x38, 0x22, 0x38, 0x22, 0x38, 0x22, 0x38, 0x22, 0x38, 0x22, 0x38, 0x22, 0x38, 0x22,
  0x38, 0x22, 0x38, 0x22, 0x38, 0x22, 0x38, 0x22, 0x38, 0x22, 0x38, 0x22, 0x99, 0x32, 0x38, 0x22, 0x38, 0x22, 0x38, 0x22, 0x38, 0x22, 0x38, 0x22, 0x38, 0x22, 0x38, 0x22, 0x38, 0x22, 0x38, 0x22,
  0x79, 0x32, 0x79, 0x32, 0x79, 0x32, 0xd9, 0x42, 0x79, 0x32, 0x79, 0x32, 0x79, 0x32, 0x79, 0x32, 0x79, 0x32, 0x79, 0x32, 0x79, 0x32, 0x79, 0x32, 0x79, 0x32, 0x79, 0x32, 0x79, 0x32, 0x79, 0x32,
  0x79, 0x32, 0x79, 0x32, 0x79, 0x32, 0x79, 0x32, 0x79, 0x32, 0x79, 0x32, 0x79, 0x32, 0x79, 0x32, 0x79, 0x32, 0x79, 0x32, 0x79, 0x32, 0x79, 0x32, 0x79, 0x32, 0x79, 0x32, 0x79, 0x32, 0x79, 0x32,
  0x79, 0x32, 0x79, 0x32, 0x79, 0x32, 0x79, 0x32, 0x79, 0x32, 0xd9, 0x42, 0x79, 0x32, 0x79, 0x32, 0x79, 0x32, 0x79, 0x32, 0x79, 0x32, 0x79, 0x32, 0x79, 0x32, 0x79, 0x32, 0x79, 0x32, 0x79, 0x32,
  0x79, 0x32, 0x79, 0x32, 0x79, 0x32, 0x79, 0x32, 0x79, 0x32, 0x79, 0x32, 0x79, 0x32, 0x79, 0x32, 0x79, 0x32, 0x79, 0x32, 0x79, 0x32, 0x79, 0x32, 0x79, 0x32, 0x79, 0x32, 0x79, 0x32, 0x79, 0x32,
  0x79, 0x32, 0x79, 0x32, 0x79, 0x32, 0x79, 0x32, 0x79, 0x32, 0x79, 0x32, 0x79, 0x32, 0xd9, 0x42, 0x79, 0x32, 0x79, 0x32, 0x79, 0x32, 0x79, 0x32, 0x79, 0x32, 0x79, 0x32, 0x79, 0x32, 0x79, 0x32,
  0x79, 0x32, 0x79, 0x32, 0x79, 0x32, 0x79, 0x32, 0x79, 0x32, 0x79, 0x32, 0x79, 0x32, 0x79, 0x32, 0x79, 0x32, 0x79, 0x32, 0x79, 0x32, 0x79, 0x32, 0x79, 0x32, 0x79, 0x32, 0x79, 0x32, 0x79, 0x32,
  0x79, 0x32, 0x79, 0x32, 0x79, 0x32, 0x79, 0x32, 0x79, 0x32, 0x79, 0x32, 0x79, 0x32, 0x79, 0x32, 0x79, 0x32, 0xd9, 0x42, 0x79, 0x32, 0x79, 0x32, 0x79, 0x32, 0x79, 0x32, 0x79, 0x32, 0x79, 0x32,
  0x79, 0x32, 0x79, 0x32, 0x79, 0x32, 0x79, 0x32, 0x79, 0x32, 0x79, 0x32, 0x79, 0x32, 0x79, 0x32, 0x79, 0x32, 0x79, 0x32, 0x79, 0x32, 0x79, 0x32, 0x79, 0x32, 0x79, 0x32, 0x79, 0x32, 0x79, 0x32,
  0x79, 0x32, 0x79, 0x32, 0x79, 0x32, 0x79, 0x32, 0x79, 0x32, 0x79, 0x32, 0x79, 0x32, 0x79, 0x32, 0x79, 0x32, 0x79, 0x32, 0x79, 0x32, 0xd9, 0x42, 0x79, 0x32, 0x79, 0x32, 0x79, 0x32, 0x79, 0x32,
  0x79, 0x32, 0x79, 0x32, 0x79, 0x32, 0x79, 0x32, 0x79, 0x32, 0x79, 0x32, 0x79, 0x32, 0x79, 0x32, 0x79, 0x32, 0x79, 0x32, 0x79, 0x32, 0x79, 0x32, 0x79, 0x32, 0x79, 0x32, 0x79, 0x32, 0x79, 0x32,
  0x79, 0x32, 0x79, 0x32, 0x79, 0x32, 0x79, 0x32, 0x79, 0x32, 0x79, 0x32, 0x79, 0x32, 0x79, 0x32, 0x79, 0x32, 0x79, 0x32, 0x79, 0x32, 0x79, 0x32, 0x79, 0x32, 0xd9, 0x42, 0x79, 0x32, 0x79, 0x32,
  0x79, 0x32, 0x79, 0x32, 0x79, 0x32, 0x79, 0x32, 0x79, 0x32, 0x79, 0x32, 0x79, 0x32, 0x79, 0x32, 0x79, 0x32, 0x79, 0x32, 0x79, 0x32, 0x79, 0x32, 0x79, 0x32, 0x79, 0x32, 0x79, 0x32, 0x79, 0x32,
  0x79, 0x32, 0x79, 0x32, 0x79, 0x32, 0x79, 0x32, 0x79, 0x32, 0x79, 0x32, 0x79, 0x32, 0x79, 0x32, 0x79, 0x32, 0x79, 0x32, 0x79, 0x32, 0x79, 0x32, 0x79, 0x32, 0x79, 0x32, 0x79, 0x32, 0xd9, 0x42,
  0x79, 0x32, 0x79, 0x32, 0x79, 0x32, 0x79, 0x32, 0x79, 0x32, 0x79, 0x32, 0x79, 0x32, 0x79, 0x32, 0x79, 0x32, 0x79, 0x32, 0x79, 0x32, 0x79, 0x32, 0x79, 0x32, 0x79, 0x32, 0x79, 0x32, 0x79, 0x32,
  0x79, 0x32, 0x79, 0x32, 0x79, 0x32, 0x79, 0x32, 0x79, 0x32, 0x79, 0x32, 0x79, 0x32, 0x79, 0x32, 0x79, 0x32, 0x79, 0x32, 0x79, 0x32, 0x79, 0x32, 0x79, 0x32, 0x79, 0x32, 0x79, 0x32, 0x79, 0x32,
  0x79, 0x32, 0xd9, 0x42, 0x79, 0x32, 0x79, 0x32, 0x79, 0x32, 0x79, 0x32, 0x79, 0x32, 0x79, 0x32, 0x79, 0x32, 0x79, 0x32, 0x79, 0x32, 0x79, 0x32, 0x79, 0x32, 0x79, 0x32, 0x79, 0x32, 0x79, 0x32,
  0x79, 0x32, 0x79, 0x32, 0x79, 0x32, 0x79, 0x32, 0x79, 0x32, 0x79, 0x32, 0x79, 0x32, 0x79, 0x32, 0x79, 0x32, 0x79, 0x32, 0x79, 0x32, 0x79, 0x32, 0x79, 0x32, 0x79, 0x32, 0x79, 0x32, 0x79, 0x32,
  0x79, 0x32, 0x79, 0x32, 0x79, 0x32, 0xd9, 0x42, 0x79, 0x32, 0x79, 0x32, 0x79, 0x32, 0x79, 0x32, 0x79, 0x32, 0x79, 0x32, 0x79, 0x32, 0x79, 0x32, 0x79, 0x32, 0x79, 0x32, 0x79, 0x32, 0x79, 0x32,
  0x79, 0x32, 0x79, 0x32, 0x79, 0x32, 0x79, 0x32, 0x79, 0x32, 0x79, 0x32, 0x79, 0x32, 0x79, 0x32, 0x79, 0x32, 0x79, 0x32, 0x79, 0x32, 0x79, 0x32, 0x79, 0x32, 0x79, 0x32, 0x79, 0x32, 0x79, 0x32,
  0x79, 0x32, 0x79, 0x32, 0x79, 0x32, 0x79, 0x32, 0x79, 0x32, 0xd9, 0x42, 0x79, 0x32, 0x79, 0x32, 0x79, 0x32, 0x79, 0x32, 0x79, 0x32, 0x79, 0x32, 0x79, 0x32, 0x79, 0x32, 0x79, 0x32, 0x79, 0x32,
  0x38, 0x2a, 0x38, 0x2a, 0x99, 0x3a, 0x38, 0x2a, 0x38, 0x2a, 0x38, 0x2a, 0x38, 0x2a, 0x38, 0x2a, 0x38, 0x2a, 0x38, 0x2a, 0x38, 0x2a, 0x38, 0x2a, 0x38, 0x2a, 0x38, 0x2a, 0x38, 0x2a, 0x38, 0x2a,
  0x38, 0x2a, 0x38, 0x2a, 0x38, 0x2a, 0x38, 0x2a, 0x38, 0x2a, 0x38, 0x2a, 0x38, 0x2a, 0x38, 0x2a, 0x38, 0x2a, 0x38, 0x2a, 0x38, 0x2a, 0x38, 0x2a, 0x38, 0x2a, 0x38, 0x2a, 0x38, 0x2a, 0x38, 0x2a,
  0x38, 0x2a, 0x38, 0x2a, 0x38, 0x2a, 0x38, 0x2a, 0x99, 0x3a, 0x38, 0x2a, 0x38, 0x2a, 0x38, 0x2a, 0x38, 0x2a, 0x38, 0x2a, 0x38, 0x2a, 0x38, 0x2a, 0x38, 0x2a, 0x38, 0x2a, 0x38, 0x2a, 0x38, 0x2a,
  0x38, 0x2a, 0x38, 0x2a, 0x38, 0x2a, 0x38, 0x2a, 0x38, 0x2a, 0x38, 0x2a, 0x38, 0x2a, 0x38, 0x2a, 0x38, 0x2a, 0x38, 0x2a, 0x38, 0x2a, 0x38, 0x2a, 0x38, 0x2a, 0x38, 0x2a, 0x38, 0x2a, 0x38, 0x2a,
  0x38, 0x2a, 0x38, 0x2a, 0x38, 0x2a, 0x38, 0x2a, 0x38, 0x2a, 0x38, 0x2a, 0x99, 0x3a, 0x38, 0x2a, 0x38, 0x2a, 0x38, 0x2a, 0x38, 0x2a, 0x38, 0x2a, 0x38, 0x2a, 0x38, 0x2a, 0x38, 0x2a, 0x38, 0x2a,
  0x38, 0x2a, 0x38, 0x2a, 0x38, 0x2a, 0x38, 0x2a, 0x38, 0x2a, 0x38, 0x2a, 0x38, 0x2a, 0x38, 0x2a, 0x38, 0x2a, 0x38, 0x2a, 0x38, 0x2a, 0x38, 0x2a, 0x38, 0x2a, 0x38, 0x2a, 0x38, 0x2a, 0x38, 0x2a,
  0x38, 0x2a, 0x38, 0x2a, 0x38, 0x2a, 0x38, 0x2a, 0x38, 0x2a, 0x38, 0x2a, 0x38, 0x2a, 0x38, 0x2a, 0x99, 0x3a, 0x38, 0x2a, 0x38, 0x2a, 0x38, 0x2a, 0x38, 0x2a, 0x38, 0x2a, 0x38, 0x2a, 0x38, 0x2a,
  0x38, 0x2a, 0x38, 0x2a, 0x38, 0x2a, 0x38, 0x2a, 0x38, 0x2a, 0x38, 0x2a, 0x38, 0x2a, 0x38, 0x2a, 0x38, 0x2a, 0x38, 0x2a, 0x38, 0x2a, 0x38, 0x2a, 0x38, 0x2a, 0x38, 0x2a, 0x38, 0x2a, 0x38, 0x2a,
  0x38, 0x2a, 0x38, 0x2a, 0x38, 0x2a, 0x38, 0x2a, 0x38, 0x2a, 0x38, 0x2a, 0x38, 0x2a, 0x38, 0x2a, 0x38, 0x2a, 0x38, 0x2a, 0x99, 0x3a, 0x38, 0x2a, 0x38, 0x2a, 0x38, 0x2a, 0x38, 0x2a, 0x38, 0x2a,
  0x38, 0x2a, 0x38, 0x2a, 0x38, 0x2a, 0x38, 0x2a, 0x38, 0x2a, 0x38, 0x2a, 0x38, 0x2a, 0x38, 0x2a, 0x38, 0x2a, 0x38, 0x2a, 0x38, 0x2a, 0x38, 0x2a, 0x38, 0x2a, 0x38, 0x2a, 0x38, 0x2a, 0x38, 0x2a,
  0x38, 0x2a, 0x38, 0x2a, 0x38, 0x2a, 0x38, 0x2a, 0x38, 0x2a, 0x38, 0x2a, 0x38, 0x2a, 0x38, 0x2a, 0x38, 0x2a, 0x38, 0x2a, 0x38, 0x2a, 0x38, 0x2a, 0x99, 0x3a, 0x38, 0x2a, 0x38, 0x2a, 0x38, 0x2a,
  0x38, 0x2a, 0x38, 0x2a, 0x38, 0x2a, 0x38, 0x2a, 0x38, 0x2a, 0x38, 0x2a, 0x38, 0x2a, 0x38, 0x2a, 0x38, 0x2a, 0x38, 0x2a, 0x38, 0x2a, 0x38, 0x2a, 0x38, 0x2a, 0x38, 0x2a, 0x38, 0x2a, 0x38, 0x2a,
  0x38, 0x2a, 0x38, 0x2a, 0x38, 0x2a, 0x38, 0x2a, 0x38, 0x2a, 0x38, 0x2a, 0x38, 0x2a, 0x38, 0x2a, 0x38, 0x2a, 0x38, 0x2a, 0x38, 0x2a, 0x38, 0x2a, 0x38, 0x2a, 0x38, 0x2a, 0x99, 0x3a, 0x38, 0x2a,
  0x38, 0x2a, 0x38, 0x2a, 0x38, 0x2a, 0x38, 0x2a, 0x38, 0x2a, 0x38, 0x2a, 0x38, 0x2a, 0x38, 0x2a, 0x38, 0x2a, 0x38, 0x2a, 0x38, 0x2a, 0x38, 0x2a, 0x38, 0x2a, 0x38, 0x2a, 0x38, 0x2a, 0x38, 0x2a,
  0x38, 0x2a, 0x38, 0x2a, 0x38, 0x2a, 0x38, 0x2a, 0x38, 0x2a, 0x38, 0x2a, 0x38, 0x2a, 0x38, 0x2a, 0x38, 0x2a, 0x38, 0x2a, 0x38, 0x2a, 0x38, 0x2a, 0x38, 0x2a, 0x38, 0x2a, 0x38, 0x2a, 0x38, 0x2a,
  0x99, 0x3a, 0x38, 0x2a, 0x38, 0x2a, 0x38, 0x2a, 0x38, 0x2a, 0x38, 0x2a, 0x38, 0x2a, 0x38, 0x2a, 0x38, 0x2a, 0x38, 0x2a, 0x38, 0x2a, 0x38, 0x2a, 0x38, 0x2a, 0x38, 0x2a, 0x38, 0x2a, 0x38, 0x2a,
  0x38, 0x2a, 0x38, 0x2a, 0x38, 0x2a, 0x38, 0x2a, 0x38, 0x2a, 0x38, 0x2a, 0x38, 0x2a, 0x38, 0x2a, 0x38, 0x2a, 0x38, 0x2a, 0x38, 0x2a, 0x38, 0x2a, 0x38, 0x2a, 0x38, 0x2a, 0x38, 0x2a, 0x38, 0x2a,
  0x38, 0x2a, 0x38, 0x2a, 0x99, 0x3a, 0x38, 0x2a, 0x38, 0x2a, 0x38, 0x2a, 0x38, 0x2a, 0x38, 0x2a, 0x38, 0x2a, 0x38, 0x2a, 0x38, 0x2a, 0x38, 0x2a, 0x38, 0x2a, 0x38, 0x2a, 0x38, 0x2a, 0x38, 0x2a,
  0x38, 0x2a, 0x38, 0x2a, 0x38, 0x2a, 0x38, 0x2a, 0x38, 0x2a, 0x38, 0x2a, 0x38, 0x2a, 0x38, 0x2a, 0x38, 0x2a, 0x38, 0x2a, 0x38, 0x2a, 0x38, 0x2a, 0x38, 0x2a, 0x38, 0x2a, 0x38, 0x2a, 0x38, 0x2a,
  0x38, 0x2a, 0x38, 0x2a, 0x38, 0x2a, 0x38, 0x2a, 0x99, 0x3a, 0x38, 0x2a, 0x38, 0x2a, 0x38, 0x2a, 0x38, 0x2a, 0x38, 0x2a, 0x38, 0x2a, 0x38, 0x2a, 0x38, 0x2a, 0x38, 0x2a, 0x38, 0x2a, 0x38, 0x2a,
  0x38, 0x22, 0x99, 0x32, 0x38, 0x22, 0x38, 0x22, 0x38, 0x22, 0x38, 0x22, 0x38, 0x22, 0x38, 0x22, 0x38, 0x22, 0x38, 0x22, 0x38, 0x22, 0x38, 0x22, 0x38, 0x22, 0x38, 0x22, 0x38, 0x22, 0x38, 0x22,
  0x38, 0x22, 0x38, 0x22, 0x38, 0x22, 0x38, 0x22, 0x38, 0x22, 0x38, 0x22, 0x38, 0x22, 0x38, 0x22, 0x38, 0x22, 0x38, 0x22, 0x38, 0x22, 0x38, 0x22, 0x38, 0x22, 0x38, 0x22, 0x38, 0x22, 0x38, 0x22,
  0x38, 0x22, 0x38, 0x22, 0x38, 0x22, 0x99, 0x32, 0x38, 0x22, 0x38, 0x22, 0x38, 0x22, 0x38, 0x22, 0x38, 0x22, 0x38, 0x22, 0x38, 0x22, 0x38, 0x22, 0x38, 0x22, 0x38, 0x22, 0x38, 0x22, 0x38, 0x22,
  0x38, 0x22, 0x38, 0x22, 0x38, 0x22, 0x38, 0x22, 0x38, 0x22, 0x38, 0x22, 0x38, 0x22, 0x38, 0x22, 0x38, 0x22, 0x38, 0x22, 0x38, 0x22, 0x38, 0x22, 0x38, 0x22, 0x38, 0x22, 0x38, 0x22, 0x38, 0x22,
  0x38, 0x22, 0x38, 0x22, 0x38, 0x22, 0x38, 0x22, 0x38, 0x22, 0x99, 0x32, 0x38, 0x22, 0x38, 0x22, 0x38, 0x22, 0x38, 0x22, 0x38, 0x22, 0x38, 0x22, 0x38, 0x22, 0x38, 0x22, 0x38, 0x22, 0x38, 0x22,
  0x38, 0x22, 0x38, 0x22, 0x38, 0x22, 0x38, 0x22, 0x38, 0x22, 0x38, 0x22, 0x38, 0x22, 0x38, 0x22, 0x38, 0x22, 0x38, 0x22, 0x38, 0x22, 0x38, 0x22, 0x38, 0x22, 0x38, 0x22, 0x38, 0x22, 0x38, 0x22,
  0x38, 0x22, 0x38, 0x22, 0x38, 0x22, 0x38, 0x22, 0x38, 0x22, 0x38, 0x22, 0x38, 0x22, 0x99, 0x32, 0x38, 0x22, 0x38, 0x22, 0x38, 0x22, 0x38, 0x22, 0x38, 0x22, 0x38, 0x22, 0x38, 0x22, 0x38, 0x22,
  0x38, 0x22, 0x38, 0x22, 0x38, 0x22, 0x38, 0x22, 0x38, 0x22, 0x38, 0x22, 0x38, 0x22, 0x38, 0x22, 0x38, 0x22, 0x38, 0x22, 0x38, 0x22, 0x38, 0x22, 0x38, 0x22, 0x38, 0x22, 0x38, 0x22, 0x38, 0x22,
  0x38, 0x22, 0x38, 0x22, 0x38, 0x22, 0x38, 0x22, 0x38, 0x22, 0x38, 0x22, 0x38, 0x22, 0x38, 0x22, 0x38, 0x22, 0x99, 0x32, 0x38, 0x22, 0x38, 0x22, 0x38, 0x22, 0x38, 0x22, 0x38, 0x22, 0x38, 0x22,
  0x38, 0x22, 0x38, 0x22, 0x38, 0x22, 0x38, 0x22, 0x38, 0x22, 0x38, 0x22, 0x38, 0x22, 0x38, 0x22, 0x38, 0x22, 0x38, 0x22, 0x38, 0x22, 0x38, 0x22, 0x38, 0x22, 0x38, 0x22, 0x38, 0x22, 0x38, 0x22,
  0x38, 0x22, 0x38, 0x22, 0x38, 0x22, 0x38, 0x22, 0x38, 0x22, 0x38, 0x22, 0x38, 0x22, 0x38, 0x22, 0x38, 0x22, 0x38, 0x22, 0x38, 0x22, 0x99, 0x32, 0x38, 0x22, 0x38, 0x22, 0x38, 0x22, 0x38, 0x22,
  0x38, 0x22, 0x38, 0x22, 0x38, 0x22, 0x38, 0x22, 0x38, 0x22, 0x38, 0x22, 0x38, 0x22, 0x38, 0x22, 0x38, 0x22, 0x38, 0x22, 0x38, 0x22, 0x38, 0x22, 0x38, 0x22, 0x38, 0x22, 0x38, 0x22, 0x38, 0x22,
  0x38, 0x22, 0x38, 0x22, 0x38, 0x22, 0x38, 0x22, 0x38, 0x22, 0x38, 0x22, 0x38, 0x22, 0x38, 0x22, 0x38, 0x22, 0x38, 0x22, 0x38, 0x22, 0x38, 0x22, 0x38, 0x22, 0x99, 0x32, 0x38, 0x22, 0x38, 0x22,
  0x38, 0x22, 0x38, 0x22, 0x38, 0x22, 0x38, 0x22, 0x38, 0x22, 0x38, 0x22, 0x38, 0x22, 0x38, 0x22, 0x38, 0x22, 0x38, 0x22, 0x38, 0x22, 0x38, 0x22, 0x38, 0x22, 0x38, 0x22, 0x38, 0x22, 0x38, 0x22,
  0x38, 0x22, 0x38, 0x22, 0x38, 0x22, 0x38, 0x22, 0x38, 0x22, 0x38, 0x22, 0x38, 0x22, 0x38, 0x22, 0x38, 0x22, 0x38, 0x22, 0x38, 0x22, 0x38, 0x22, 0x38, 0x22, 0x38, 0x22, 0x38, 0x22, 0x99, 0x32,
  0x38, 0x22, 0x38, 0x22, 0x38, 0x22, 0x38, 0x22, 0x38, 0x22, 0x38, 0x22, 0x38, 0x22, 0x38, 0x22, 0x38, 0x22, 0x38, 0x22, 0x38, 0x22, 0x38, 0x22, 0x38, 0x22, 0x38, 0x22, 0x38, 0x22, 0x38, 0x22,
  0x38, 0x22, 0x38, 0x22, 0x38, 0x22, 0x38, 0x22, 0x38, 0x22, 0x38, 0x22, 0x38, 0x22, 0x38, 0x22, 0x38, 0x22, 0x38, 0x22, 0x38, 0x22, 0x38, 0x22, 0x38, 0x22, 0x38, 0x22, 0x38, 0x22, 0x38, 0x22,
  0x38, 0x22, 0x99, 0x32, 0x38, 0x22, 0x38, 0x22, 0x38, 0x22, 0x38, 0x22, 0x38, 0x22, 0x38, 0x22, 0x38, 0x22, 0x38, 0x22, 0x38, 0x22, 0x38, 0x22, 0x38, 0x22, 0x38, 0x22, 0x38, 0x22, 0x38, 0x22,
  0x38, 0x22, 0x38, 0x22, 0x38, 0x22, 0x38, 0x22, 0x38, 0x22, 0x38, 0x22, 0x38, 0x22, 0x38, 0x22, 0x38, 0x22, 0x38, 0x22, 0x38, 0x22, 0x38, 0x22, 0x38, 0x22, 0x38, 0x22, 0x38, 0x22, 0x38, 0x22,
  0x38, 0x22, 0x38, 0x22, 0x38, 0x22, 0x99, 0x32, 0x38, 0x22, 0x38, 0x22, 0x38, 0x22, 0x38, 0x22, 0x38, 0x22, 0x38, 0x22, 0x38, 0x22, 0x38, 0x22, 0x38, 0x22, 0x38, 0x22, 0x38, 0x22, 0x38, 0x22,
  0x99, 0x32, 0x38, 0x22, 0x38, 0x22, 0x38, 0x22, 0x38, 0x22, 0x38, 0x22, 0x38, 0x22, 0x38, 0x22, 0x38, 0x22, 0x38, 0x22, 0x38, 0x22, 0x38, 0x22, 0x38, 0x22, 0x38, 0x22, 0x38, 0x22, 0x38, 0x22,
  0x38, 0x22, 0x38, 0x22, 0x38, 0x22, 0x38, 0x22, 0x38, 0x22, 0x38, 0x22, 0x38, 0x22, 0x38, 0x22, 0x38, 0x22, 0x38, 0x22, 0x38, 0x22, 0x38, 0x22, 0x38, 0x22, 0x38, 0x22, 0x38, 0x22, 0x38, 0x22,
  0x38, 0x22, 0x38, 0x22, 0x99, 0x32, 0x38, 0x22, 0x38, 0x22, 0x38, 0x22, 0x38, 0x22, 0x38, 0x22, 0x38, 0x22, 0x38, 0x22, 0x38, 0x22, 0x38, 0x22, 0x38, 0x22, 0x38, 0x22, 0x38, 0x22, 0x38, 0x22,
  0x38, 0x22, 0x38, 0x22, 0x38, 0x22, 0x38, 0x22, 0x38, 0x22, 0x38, 0x22, 0x38, 0x22, 0x38, 0x22, 0x38, 0x22, 0x38, 0x22, 0x38, 0x22, 0x38, 0x22, 0x38, 0x22, 0x38, 0x22, 0x38, 0x22, 0x38, 0x22,
  0x38, 0x22, 0x38, 0x22, 0x38, 0x22, 0x38, 0x22, 0x99, 0x32, 0x38, 0x22, 0x38, 0x22, 0x38, 0x22, 0x38, 0x22, 0x38, 0x22, 0x38, 0x22, 0x38, 0x22, 0x38, 0x22, 0x38, 0x22, 0x38, 0x22, 0x38, 0x22,
  0x38, 0x22, 0x38, 0x22, 0x38, 0x22, 0x38, 0x22, 0x38, 0x22, 0x38, 0x22, 0x38, 0x22, 0x38, 0x22, 0x38, 0x22, 0x38, 0x22, 0x38, 0x22, 0x38, 0x22, 0x38, 0x22, 0x38, 0x22, 0x38, 0x22, 0x38, 0x22,
  0x38, 0x22, 0x38, 0x22, 0x38, 0x22, 0x38, 0x22, 0x38, 0x22, 0x38, 0x22, 0x99, 0x32, 0x38, 0x22, 0x38, 0x22, 0x38, 0x22, 0x38, 0x22, 0x38, 0x22, 0x38, 0x22, 0x38, 0x22, 0x38, 0x22, 0x38, 0x22,
  0x38, 0x22, 0x38, 0x22, 0x38, 0x22, 0x38, 0x22, 0x38, 0x22, 0x38, 0x22, 0x38, 0x22, 0x38, 0x22, 0x38, 0x22, 0x38, 0x22, 0x38, 0x22, 0x38, 0x22, 0x38, 0x22, 0x38, 0x22, 0x38, 0x22, 0x38, 0x22,
  0x38, 0x22, 0x38, 0x22, 0x38, 0x22, 0x38, 0x22, 0x38, 0x22, 0x38, 0x22, 0x38, 0x22, 0x38, 0x22, 0x99, 0x32, 0x38, 0x22, 0x38, 0x22, 0x38, 0x22, 0x38, 0x22, 0x38, 0x22, 0x38, 0x22, 0x38, 0x22,
  0x38, 0x22, 0x38, 0x22, 0x38, 0x22, 0x38, 0x22, 0x38, 0x22, 0x38, 0x22, 0x38, 0x22, 0x38, 0x22, 0x38, 0x22, 0x38, 0x22, 0x38, 0x22, 0x38, 0x22, 0x38, 0x22, 0x38, 0x22, 0x38, 0x22, 0x38, 0x22,
  0x38, 0x22, 0x38, 0x22, 0x38, 0x22, 0x38, 0x22, 0x38, 0x22, 0x38, 0x22, 0x38, 0x22, 0x38, 0x22, 0x38, 0x22, 0x38, 0x22, 0x99, 0x32, 0x38, 0x22, 0x38, 0x22, 0x38, 0x22, 0x38, 0x22, 0x38, 0x22,
  0x38, 0x22, 0x38, 0x22, 0x38, 0x22, 0x38, 0x22, 0x38, 0x22, 0x38, 0x22, 0x38, 0x22, 0x38, 0x22, 0x38, 0x22, 0x38, 0x22, 0x38, 0x22, 0x38, 0x22, 0x38, 0x22, 0x38, 0x22, 0x38, 0x22, 0x38, 0x22,
  0x38, 0x22, 0x38, 0x22, 0x38, 0x22, 0x38, 0x22, 0x38, 0x22, 0x38, 0x22, 0x38, 0x22, 0x38, 0x22, 0x38, 0x22, 0x38, 0x22, 0x38, 0x22, 0x38, 0x22, 0x99, 0x32, 0x38, 0x22, 0x38, 0x22, 0x38, 0x22,
  0x38, 0x22, 0x38, 0x22, 0x38, 0x22, 0x38, 0x22, 0x38, 0x22, 0x38, 0x22, 0x38, 0x22, 0x38, 0x22, 0x38, 0x22, 0x38, 0x22, 0x38, 0x22, 0x38, 0x22, 0x38, 0x22, 0x38, 0x22, 0x38, 0x22, 0x38, 0x22,
  0x38, 0x22, 0x38, 0x22, 0x38, 0x22, 0x38, 0x22, 0x38, 0x22, 0x38, 0x22, 0x38, 0x22, 0x38, 0x22, 0x38, 0x22, 0x38, 0x22, 0x38, 0x22, 0x38, 0x22, 0x38, 0x22, 0x38, 0x22, 0x99, 0x32, 0x38, 0x22,
  0x38, 0x22, 0x38, 0x22, 0x38, 0x22, 0x38, 0x22, 0x38, 0x22, 0x38, 0x22, 0x38, 0x22, 0x38, 0x22, 0x38, 0x22, 0x38, 0x22, 0x38, 0x22, 0x38, 0x22, 0x38, 0x22, 0x38, 0x22, 0x38, 0x22, 0x38, 0x22,
  0x38, 0x22, 0x38, 0x22, 0x38, 0x22, 0x38, 0x22, 0x38, 0x22, 0x38, 0x22, 0x38, 0x22, 0x38, 0x22, 0x38, 0x22, 0x38, 0x22, 0x38, 0x22, 0x38, 0x22, 0x38, 0x22, 0x38, 0x22, 0x38, 0x22, 0x38, 0x22,
  0x99, 0x32, 0x38, 0x22, 0x38, 0x22, 0x38, 0x22, 0x38, 0x22, 0x38, 0x22, 0x38, 0x22, 0x38, 0x22, 0x38, 0x22, 0x38, 0x22, 0x38, 0x22, 0x38, 0x22, 0x38, 0x22, 0x38, 0x22, 0x38, 0x22, 0x38, 0x22,
  0x38, 0x22, 0x38, 0x22, 0x38, 0x22, 0x38, 0x22, 0x38, 0x22, 0x38, 0x22, 0x38, 0x22, 0x38, 0x22, 0x38, 0x22, 0x38, 0x22, 0x38, 0x22, 0x38, 0x22, 0x38, 0x22, 0x38, 0x22, 0x38, 0x22, 0x38, 0x22,
  0x38, 0x22, 0x38, 0x22, 0x99, 0x32, 0x38, 0x22, 0x38, 0x22, 0x38, 0x22, 0x38, 0x22, 0x38, 0x22, 0x38, 0x22, 0x38, 0x22, 0x38, 0x22, 0x38, 0x22, 0x38, 0x22, 0x38, 0x22, 0x38, 0x22, 0x38, 0x22,
  0x38, 0x22, 0x38, 0x22, 0x38, 0x22, 0x38, 0x22, 0x38, 0x22, 0x38, 0x22, 0x38, 0x22, 0x38, 0x22, 0x38, 0x22, 0x38, 0x22, 0x38, 0x22, 0x38, 0x22, 0x38, 0x22, 0x38, 0x22, 0x38, 0x22, 0x38, 0x22,
  0x38, 0x22, 0x38, 0x22, 0x38, 0x22, 0x38, 0x22, 0x38, 0x22, 0x38, 0x22, 0x38, 0x22, 0x38, 0x22, 0x38, 0x22, 0x38, 0x22, 0x38, 0x22, 0x38, 0x22, 0x38, 0x22, 0x38, 0x22, 0x38, 0x22, 0x38, 0x22,
  0x38, 0x22, 0x99, 0x32, 0x38, 0x22, 0x38, 0x22, 0x38, 0x22, 0x38, 0x22, 0x38, 0x22, 0x38, 0x22, 0x38, 0x22, 0x38, 0x22, 0x38, 0x22, 0x38, 0x22, 0x38, 0x22, 0x38, 0x22, 0x38, 0x22, 0x38, 0x22,
  0x38, 0x22, 0x38, 0x22, 0x38, 0x22, 0x38, 0x22, 0x38, 0x22, 0x38, 0x22, 0x38, 0x22, 0x38, 0x22, 0x38, 0x22, 0x38, 0x22, 0x38, 0x22, 0x38, 0x22, 0x38, 0x22, 0x38, 0x22, 0x38, 0x22, 0x38, 0x22,
  0x38, 0x22, 0x38, 0x22, 0x38, 0x22, 0x99, 0x32, 0x38, 0x22, 0x38, 0x22, 0x38, 0x22, 0x38, 0x22, 0x38, 0x22, 0x38, 0x22, 0x38, 0x22, 0x38, 0x22, 0x38, 0x22, 0x38, 0x22, 0x38, 0x22, 0x38, 0x22,
  0x38, 0x22, 0x38, 0x22, 0x38, 0x22, 0x38, 0x22, 0x38, 0x22, 0x38, 0x22, 0x38, 0x22, 0x38, 0x22, 0x38, 0x22, 0x38, 0x22, 0x38, 0x22, 0x38, 0x22, 0x38, 0x22, 0x38, 0x22, 0x38, 0x22, 0x38, 0x22,
  0x38, 0x22, 0x38, 0x22, 0x38, 0x22, 0x38, 0x22, 0x38, 0x22, 0x99, 0x32, 0x38, 0x22, 0x38, 0x22, 0x38, 0x22, 0x38, 0x22, 0x38, 0x22, 0x38, 0x22, 0x38, 0x22, 0x38, 0x22, 0x38, 0x22, 0x38, 0x22,
  0x38, 0x22, 0x38, 0x22, 0x38, 0x22, 0x38, 0x22, 0x38, 0x22, 0x38, 0x22, 0x38, 0x22, 0x38, 0x22, 0x38, 0x22, 0x38, 0x22, 0x38, 0x22, 0x38, 0x22, 0x38, 0x22, 0x38, 0x22, 0x38, 0x22, 0x38, 0x22,
  0x38, 0x22, 0x38, 0x22, 0x38, 0x22, 0x38, 0x22, 0x38, 0x22, 0x38, 0x22, 0x38, 0x22, 0x99, 0x32, 0x38, 0x22, 0x38, 0x22, 0x38, 0x22, 0x38, 0x22, 0x38, 0x22, 0x38, 0x22, 0x38, 0x22, 0x38, 0x22,
  0x38, 0x22, 0x38, 0x22, 0x38, 0x22, 0x38, 0x22, 0x38, 0x22, 0x38, 0x22, 0x38, 0x22, 0x38, 0x22, 0x38, 0x22, 0x38, 0x22, 0x38, 0x22, 0x38, 0x22, 0x38, 0x22, 0x38, 0x22, 0x38, 0x22, 0x38, 0x22,
  0x38, 0x22, 0x38, 0x22, 0x38, 0x22, 0x38, 0x22, 0x38, 0x22, 0x38, 0x22, 0x38, 0x22, 0x38, 0x22, 0x38, 0x22, 0x99, 0x32, 0x38, 0x22, 0x38, 0x22, 0x38, 0x22, 0x38, 0x22, 0x38, 0x22, 0x38, 0x22,
  0x38, 0x22, 0x38, 0x22, 0x38, 0x22, 0x38, 0x22, 0x38, 0x22, 0x38, 0x22, 0x38, 0x22, 0x38, 0x22, 0x38, 0x22, 0x38, 0x22, 0x38, 0x22, 0x38, 0x22, 0x38, 0x22, 0x38, 0x22, 0x38, 0x22, 0x38, 0x22,
  0x38, 0x22, 0x38, 0x22, 0x38, 0x22, 0x38, 0x22, 0x38, 0x22, 0x38, 0x22, 0x38, 0x22, 0x38, 0x22, 0x38, 0x22, 0x38, 0x22, 0x38, 0x22, 0x99, 0x32, 0x38, 0x22, 0x38, 0x22, 0x38, 0x22, 0x38, 0x22,
  0x38, 0x22, 0x38, 0x22, 0x38, 0x22, 0x38, 0x22, 0x38, 0x22, 0x38, 0x22, 0x38, 0x22, 0x38, 0x22, 0x38, 0x22, 0x38, 0x22, 0x38, 0x22, 0x38, 0x22, 0x38, 0x22, 0x38, 0x22, 0x38, 0x22, 0x38, 0x22,
  0x38, 0x22, 0x38, 0x22, 0x38, 0x22, 0x38, 0x22, 0x38, 0x22, 0x38, 0x22, 0x38, 0x22, 0x38, 0x22, 0x38, 0x22, 0x38, 0x22, 0x38, 0x22, 0x38, 0x22, 0x38, 0x22, 0x99, 0x32, 0x38, 0x22, 0x38, 0x22,
  0x38, 0x22, 0x38, 0x22, 0x38, 0x22, 0x38, 0x22, 0x38, 0x22, 0x38, 0x22, 0x38, 0x22, 0x38, 0x22, 0x38, 0x22, 0x38, 0x22, 0x38, 0x22, 0x38, 0x22, 0x38, 0x22, 0x38, 0x22, 0x38, 0x22, 0x38, 0x22,
  0x38, 0x22, 0x38, 0x22, 0x38, 0x22, 0x38, 0x22, 0x38, 0x22, 0x38, 0x22, 0x38, 0x22, 0x38, 0x22, 0x38, 0x22, 0x38, 0x22, 0x38, 0x22, 0x38, 0x22, 0x38, 0x22, 0x38, 0x22, 0x38, 0x22, 0x99, 0x32,
  0x38, 0x22, 0x38, 0x22, 0x38, 0x22, 0x38, 0x22, 0x38, 0x22, 0x38, 0x22, 0x38, 0x22, 0x38, 0x22, 0x38, 0x22, 0x38, 0x22, 0x38, 0x22, 0x38, 0x22, 0x38, 0x22, 0x38, 0x22, 0x38, 0x22, 0x38, 0x22,
  0x38, 0x22, 0x38, 0x22, 0x38, 0x22, 0x38, 0x22, 0x38, 0x22, 0x38, 0x22, 0x38, 0x22, 0x38, 0x22, 0x38, 0x22, 0x38, 0x22, 0x38, 0x22, 0x38, 0x22, 0x38, 0x22, 0x38, 0x22, 0x38, 0x22, 0x38, 0x22,
  0x38, 0x22, 0x99, 0x32, 0x38, 0x22, 0x38, 0x22, 0x38, 0x22, 0x38, 0x22, 0x38, 0x22, 0x38, 0x22, 0x38, 0x22, 0x38, 0x22, 0x38, 0x22, 0x38, 0x22, 0x38, 0x22, 0x38, 0x22, 0x38, 0x22, 0x38, 0x22,
  0x38, 0x22, 0x38, 0x22, 0x38, 0x22, 0x38, 0x22, 0x38, 0x22, 0x38, 0x22, 0x38, 0x22, 0x38, 0x22, 0x38, 0x22, 0x38, 0x22, 0x38, 0x22, 0x38, 0x22, 0x38, 0x22, 0x38, 0x22, 0x38, 0x22, 0x38, 0x22,
  0x38, 0x22, 0x38, 0x22, 0x38, 0x22, 0x38, 0x22, 0x38, 0x22, 0x38, 0x22, 0x38, 0x22, 0x38, 0x22, 0x38, 0x22, 0x38, 0x22, 0x38, 0x22, 0x38, 0x22, 0x38, 0x22, 0x38, 0x22, 0x38, 0x22, 0x38, 0x22,
  0x99, 0x32, 0x38, 0x22, 0x38, 0x22, 0x38, 0x22, 0x38, 0x22, 0x38, 0x22, 0x38, 0x22, 0x38, 0x22, 0x38, 0x22, 0x38, 0x22, 0x38, 0x22, 0x38, 0x22, 0x38, 0x22, 0x38, 0x22, 0x38, 0x22, 0x38, 0x22,
  0x38, 0x22, 0x38, 0x22, 0x38, 0x22, 0x38, 0x22, 0x38, 0x22, 0x38, 0x22, 0x38, 0x22, 0x38, 0x22, 0x38, 0x22, 0x38, 0x22, 0x38, 0x22, 0x38, 0x22, 0x38, 0x22, 0x38, 0x22, 0x38, 0x22, 0x38, 0x22,
  0x38, 0x22, 0x38, 0x22, 0x99, 0x32, 0x38, 0x22, 0x38, 0x22, 0x38, 0x22, 0x38, 0x22, 0x38, 0x22, 0x38, 0x22, 0x38, 0x22, 0x38, 0x22, 0x38, 0x22, 0x38, 0x22, 0x38, 0x22, 0x38, 0x22, 0x38, 0x22,
  0x38, 0x22, 0x38, 0x22, 0x38, 0x22, 0x38, 0x22, 0x38, 0x22, 0x38, 0x22, 0x38, 0x22, 0x38, 0x22, 0x38, 0x22, 0x38, 0x22, 0x38, 0x22, 0x38, 0x22, 0x38, 0x22, 0x38, 0x22, 0x38, 0x22, 0x38, 0x22,
  0x38, 0x22, 0x38, 0x22, 0x38, 0x22, 0x38, 0x22, 0x99, 0x32, 0x38, 0x22, 0x38, 0x22, 0x38, 0x22, 0x38, 0x22, 0x38, 0x22, 0x38, 0x22, 0x38, 0x22, 0x38, 0x22, 0x38, 0x22, 0x38, 0x22, 0x38, 0x22,
  0x38, 0x22, 0x38, 0x22, 0x38, 0x22, 0x38, 0x22, 0x38, 0x22, 0x38, 0x22, 0x38, 0x22, 0x38, 0x22, 0x38, 0x22, 0x38, 0x22, 0x38, 0x22, 0x38, 0x22, 0x38, 0x22, 0x38, 0x22, 0x38, 0x22, 0x38, 0x22,
  0x38, 0x22, 0x38, 0x22, 0x38, 0x22, 0x38, 0x22, 0x38, 0x22, 0x38, 0x22, 0x99, 0x32, 0x38, 0x22, 0x38, 0x22, 0x38, 0x22, 0x38, 0x22, 0x38, 0x22, 0x38, 0x22, 0x38, 0x22, 0x38, 0x22, 0x38, 0x22,
  0x38, 0x22, 0x38, 0x22, 0x38, 0x22, 0x38, 0x22, 0x38, 0x22, 0x38, 0x22, 0x38, 0x22, 0x38, 0x22, 0x38, 0x22, 0x38, 0x22, 0x38, 0x22, 0x38, 0x22, 0x38, 0x22, 0x38, 0x22, 0x38, 0x22, 0x38, 0x22,
  0x38, 0x22, 0x38, 0x22, 0x38, 0x22, 0x38, 0x22, 0x38, 0x22, 0x38, 0x22, 0x38, 0x22, 0x38, 0x22, 0x99, 0x32, 0x38, 0x22, 0x38, 0x22, 0x38, 0x22, 0x38, 0x22, 0x38, 0x22, 0x38, 0x22, 0x38, 0x22,
  0x38, 0x22, 0x38, 0x22, 0x38, 0x22, 0x38, 0x22, 0x38, 0x22, 0x38, 0x22, 0x38, 0x22, 0x38, 0x22, 0x38, 0x22, 0x38, 0x22, 0x38, 0x22, 0x38, 0x22, 0x38, 0x22, 0x38, 0x22, 0x38, 0x22, 0x38, 0x22,
  0x38, 0x22, 0x38, 0x22, 0x38, 0x22, 0x38, 0x22, 0x38, 0x22, 0x38, 0x22, 0x38, 0x22, 0x38, 0x22, 0x38, 0x22, 0x38, 0x22, 0x99, 0x32, 0x38, 0x22, 0x38, 0x22, 0x38, 0x22, 0x38, 0x22, 0x38, 0x22,
  0x38, 0x22, 0x38, 0x22, 0x38, 0x22, 0x38, 0x22, 0x38, 0x22, 0x38, 0x22, 0x38, 0x22, 0x38, 0x22, 0x38, 0x22, 0x38, 0x22, 0x38, 0x22, 0x38, 0x22, 0x38, 0x22, 0x38, 0x22, 0x38, 0x22, 0x38, 0x22,
  0x38, 0x22, 0x38, 0x22, 0x38, 0x22, 0x38, 0x22, 0x38, 0x22, 0x38, 0x22, 0x38, 0x22, 0x38, 0x22, 0x38, 0x22, 0x38, 0x22, 0x38, 0x22, 0x38, 0x22, 0x99, 0x32, 0x38, 0x22, 0x38, 0x22, 0x38, 0x22,
  0x38, 0x22, 0x38, 0x22, 0x38, 0x22, 0x38, 0x22, 0x38, 0x22, 0x38, 0x22, 0x38, 0x22, 0x38, 0x22, 0x38, 0x22, 0x38, 0x22, 0x38, 0x22, 0x38, 0x22, 0x38, 0x22, 0x38, 0x22, 0x38, 0x22, 0x38, 0x22,
  0x38, 0x22, 0x38, 0x22, 0x38, 0x22, 0x38, 0x22, 0x38, 0x22, 0x38, 0x22, 0x38, 0x22, 0x38, 0x22, 0x38, 0x22, 0x38, 0x22, 0x38, 0x22, 0x38, 0x22, 0x38, 0x22, 0x38, 0x22, 0x99, 0x32, 0x38, 0x22,
  0x38, 0x22, 0x38, 0x22, 0x38, 0x22, 0x38, 0x22, 0x38, 0x22, 0x38, 0x22, 0x38, 0x22, 0x38, 0x22, 0x38, 0x22, 0x38, 0x22, 0x38, 0x22, 0x38, 0x22, 0x38, 0x22, 0x38, 0x22, 0x38, 0x22, 0x38, 0x22,
  0x38, 0x22, 0x38, 0x22, 0x38, 0x22, 0x38, 0x22, 0x38, 0x22, 0x38, 0x22, 0x38, 0x22, 0x38, 0x22, 0x38, 0x22, 0x38, 0x22, 0x38, 0x22, 0x38, 0x22, 0x38, 0x22, 0x38, 0x22, 0x38, 0x22, 0x38, 0x22,
  0x99, 0x32, 0x38, 0x22, 0x38, 0x22, 0x38, 0x22, 0x38, 0x22, 0x38, 0x22, 0x38, 0x22, 0x38, 0x22, 0x38, 0x22, 0x38, 0x22, 0x38, 0x22, 0x38, 0x22, 0x38, 0x22, 0x38, 0x22, 0x38, 0x22, 0x38, 0x22,
  0x18, 0x22, 0x18, 0x22, 0x18, 0x22, 0x18, 0x22, 0x18, 0x22, 0x18, 0x22, 0x18, 0x22, 0x18, 0x22, 0x18, 0x22, 0x18, 0x22, 0x18, 0x22, 0x18, 0x22, 0x18, 0x22, 0x18, 0x22, 0x18, 0x22, 0x18, 0x22,
  0x18, 0x22, 0x18, 0x22, 0x18, 0x22, 0x18, 0x22, 0x18, 0x22, 0x18, 0x22, 0x18, 0x22, 0x18, 0x22, 0x18, 0x22, 0x18, 0x22, 0x18, 0x22, 0x18, 0x22, 0x18, 0x22, 0x18, 0x22, 0x18, 0x22, 0x79, 0x32,
  0x18, 0x22, 0x18, 0x22, 0x18, 0x22, 0x18, 0x22, 0x18, 0x22, 0x18, 0x22, 0x18, 0x22, 0x18, 0x22, 0x18, 0x22, 0x18, 0x22, 0x18, 0x22, 0x18, 0x22, 0x18, 0x22, 0x18, 0x22, 0x18, 0x22, 0x18, 0x22,
  0x18, 0x22, 0x18, 0x22, 0x18, 0x22, 0x18, 0x22, 0x18, 0x22, 0x18, 0x22, 0x18, 0x22, 0x18, 0x22, 0x18, 0x22, 0x18, 0x22, 0x18, 0x22, 0x18, 0x22, 0x18, 0x22, 0x18, 0x22, 0x18, 0x22, 0x18, 0x22,
  0x18, 0x22, 0x79, 0x32, 0x18, 0x22, 0x18, 0x22, 0x18, 0x22, 0x18, 0x22, 0x18, 0x22, 0x18, 0x22, 0x18, 0x22, 0x18, 0x22, 0x18, 0x22, 0x18, 0x22, 0x18, 0x22, 0x18, 0x22, 0x18, 0x22, 0x18, 0x22,
  0x18, 0x22, 0x18, 0x22, 0x18, 0x22, 0x18, 0x22, 0x18, 0x22, 0x18, 0x22, 0x18, 0x22, 0x18, 0x22, 0x18, 0x22, 0x18, 0x22, 0x18, 0x22, 0x18, 0x22, 0x18, 0x22, 0x18, 0x22, 0x18, 0x22, 0x18, 0x22,
  0x18, 0x22, 0x18, 0x22, 0x18, 0x22, 0x79, 0x32, 0x18, 0x22, 0x18, 0x22, 0x18, 0x22, 0x18, 0x22, 0x18, 0x22, 0x18, 0x22, 0x18, 0x22, 0x18, 0x22, 0x18, 0x22, 0x18, 0x22, 0x18, 0x22, 0x18, 0x22,
  0x18, 0x22, 0x18, 0x22, 0x18, 0x22, 0x18, 0x22, 0x18, 0x22, 0x18, 0x22, 0x18, 0x22, 0x18, 0x22, 0x18, 0x22, 0x18, 0x22, 0x18, 0x22, 0x18, 0x22, 0x18, 0x22, 0x18, 0x22, 0x18, 0x22, 0x18, 0x22,
  0x18, 0x22, 0x18, 0x22, 0x18, 0x22, 0x18, 0x22, 0x18, 0x22, 0x79, 0x32, 0x18, 0x22, 0x18, 0x22, 0x18, 0x22, 0x18, 0x22, 0x18, 0x22, 0x18, 0x22, 0x18, 0x22, 0x18, 0x22, 0x18, 0x22, 0x18, 0x22,
  0x18, 0x22, 0x18, 0x22, 0x18, 0x22, 0x18, 0x22, 0x18, 0x22, 0x18, 0x22, 0x18, 0x22, 0x18, 0x22, 0x18, 0x22, 0x18, 0x22, 0x18, 0x22, 0x18, 0x22, 0x18, 0x22, 0x18, 0x22, 0x18, 0x22, 0x18, 0x22,
  0x18, 0x22, 0x18, 0x22, 0x18, 0x22, 0x18, 0x22, 0x18, 0x22, 0x18, 0x22, 0x18, 0x22, 0x79, 0x32, 0x18, 0x22, 0x18, 0x22, 0x18, 0x22, 0x18, 0x22, 0x18, 0x22, 0x18, 0x22, 0x18, 0x22, 0x18, 0x22,
  0x18, 0x22, 0x18, 0x22, 0x18, 0x22, 0x18, 0x22, 0x18, 0x22, 0x18, 0x22, 0x18, 0x22, 0x18, 0x22, 0x18, 0x22, 0x18, 0x22, 0x18, 0x22, 0x18, 0x22, 0x18, 0x22, 0x18, 0x22, 0x18, 0x22, 0x18, 0x22,
  0x18, 0x22, 0x18, 0x22, 0x18, 0x22, 0x18, 0x22, 0x18, 0x22, 0x18, 0x22, 0x18, 0x22, 0x18, 0x22, 0x18, 0x22, 0x79, 0x32, 0x18, 0x22, 0x18, 0x22, 0x18, 0x22, 0x18, 0x22, 0x18, 0x22, 0x18, 0x22,
  0x18, 0x22, 0x18, 0x22, 0x18, 0x22, 0x18, 0x22, 0x18, 0x22, 0x18, 0x22, 0x18, 0x22, 0x18, 0x22, 0x18, 0x22, 0x18, 0x22, 0x18, 0x22, 0x18, 0x22, 0x18, 0x22, 0x18, 0x22, 0x18, 0x22, 0x18, 0x22,
  0x18, 0x22, 0x18, 0x22, 0x18, 0x22, 0x18, 0x22, 0x18, 0x22, 0x18, 0x22, 0x18, 0x22, 0x18, 0x22, 0x18, 0x22, 0x18, 0x22, 0x18, 0x22, 0x79, 0x32, 0x18, 0x22, 0x18, 0x22, 0x18, 0x22, 0x18, 0x22,
  0x18, 0x22, 0x18, 0x22, 0x18, 0x22, 0x18, 0x22, 0x18, 0x22, 0x18, 0x22, 0x18, 0x22, 0x18, 0x22, 0x18, 0x22, 0x18, 0x22, 0x18, 0x22, 0x18, 0x22, 0x18, 0x22, 0x18, 0x22, 0x18, 0x22, 0x18, 0x22,
  0x18, 0x22, 0x18, 0x22, 0x18, 0x22, 0x18, 0x22, 0x18, 0x22, 0x18, 0x22, 0x18, 0x22, 0x18, 0x22, 0x18, 0x22, 0x18, 0x22, 0x18, 0x22, 0x18, 0x22, 0x18, 0x22, 0x79, 0x32, 0x18, 0x22, 0x18, 0x22,
  0x18, 0x22, 0x18, 0x22, 0x18, 0x22, 0x18, 0x22, 0x18, 0x22, 0x18, 0x22, 0x18, 0x22, 0x18, 0x22, 0x18, 0x22, 0x18, 0x22, 0x18, 0x22, 0x18, 0x22, 0x18, 0x22, 0x18, 0x22, 0x18, 0x22, 0x18, 0x22,
  0x18, 0x22, 0x18, 0x22, 0x18, 0x22, 0x18, 0x22, 0x18, 0x22, 0x18, 0x22, 0x18, 0x22, 0x18, 0x22, 0x18, 0x22, 0x18, 0x22, 0x18, 0x22, 0x18, 0x22, 0x18, 0x22, 0x18, 0x22, 0x18, 0x22, 0x79, 0x32,
  0x18, 0x22, 0x18, 0x22, 0x18, 0x22, 0x18, 0x22, 0x18, 0x22, 0x18, 0x22, 0x18, 0x22, 0x18, 0x22, 0x18, 0x22, 0x18, 0x22, 0x18, 0x22, 0x18, 0x22, 0x18, 0x22, 0x18, 0x22, 0x18, 0x22, 0x18, 0x22,
  0x78, 0x32, 0x78, 0x32, 0x78, 0x32, 0x78, 0x32, 0x78, 0x32, 0x78, 0x32, 0x78, 0x32, 0x78, 0x32, 0x78, 0x32, 0x78, 0x32, 0x78, 0x32, 0x78, 0x32, 0x78, 0x32, 0x78, 0x32, 0x78, 0x32, 0x78, 0x32,
  0x78, 0x32, 0x78, 0x32, 0x78, 0x32, 0x78, 0x32, 0x78, 0x32, 0x78, 0x32, 0x78, 0x32, 0x78, 0x32, 0x78, 0x32, 0x78, 0x32, 0x78, 0x32, 0x78, 0x32, 0x78, 0x32, 0x78, 0x32, 0xd9, 0x42, 0x78, 0x32,
  0x78, 0x32, 0x78, 0x32, 0x78, 0x32, 0x78, 0x32, 0x78, 0x32, 0x78, 0x32, 0x78, 0x32, 0x78, 0x32, 0x78, 0x32, 0x78, 0x32, 0x78, 0x32, 0x78, 0x32, 0x78, 0x32, 0x78, 0x32, 0x78, 0x32, 0x78, 0x32,
  0x78, 0x32, 0x78, 0x32, 0x78, 0x32, 0x78, 0x32, 0x78, 0x32, 0x78, 0x32, 0x78, 0x32, 0x78, 0x32, 0x78, 0x32, 0x78, 0x32, 0x78, 0x32, 0x78, 0x32, 0x78, 0x32, 0x78, 0x32, 0x78, 0x32, 0x78, 0x32,
  0xd9, 0x42, 0x78, 0x32, 0x78, 0x32, 0x78, 0x32, 0x78, 0x32, 0x78, 0x32, 0x78, 0x32, 0x78, 0x32, 0x78, 0x32, 0x78, 0x32, 0x78, 0x32, 0x78, 0x32, 0x78, 0x32, 0x78, 0x32, 0x78, 0x32, 0x78, 0x32,
  0x78, 0x32, 0x78, 0x32, 0x78, 0x32, 0x78, 0x32, 0x78, 0x32, 0x78, 0x32, 0x78, 0x32, 0x78, 0x32, 0x78, 0x32, 0x78, 0x32, 0x78, 0x32, 0x78, 0x32, 0x78, 0x32, 0x78, 0x32, 0x78, 0x32, 0x78, 0x32,
  0x78, 0x32, 0x78, 0x32, 0xd9, 0x42, 0x78, 0x32, 0x78, 0x32, 0x78, 0x32, 0x78, 0x32, 0x78, 0x32, 0x78, 0x32, 0x78, 0x32, 0x78, 0x32, 0x78, 0x32, 0x78, 0x32, 0x78, 0x32, 0x78, 0x32, 0x78, 0x32,
  0x78, 0x32, 0x78, 0x32, 0x78, 0x32, 0x78, 0x32, 0x78, 0x32, 0x78, 0x32, 0x78, 0x32, 0x78, 0x32, 0x78, 0x32, 0x78, 0x32, 0x78, 0x32, 0x78, 0x32, 0x78, 0x32, 0x78, 0x32, 0x78, 0x32, 0x78, 0x32,
  0x78, 0x32, 0x78, 0x32, 0x78, 0x32, 0x78, 0x32, 0xd9, 0x42, 0x78, 0x32, 0x78, 0x32, 0x78, 0x32, 0x78, 0x32, 0x78, 0x32, 0x78, 0x32, 0x78, 0x32, 0x78, 0x32, 0x78, 0x32, 0x78, 0x32, 0x78, 0x32,
  0x78, 0x32, 0x78, 0x32, 0x78, 0x32, 0x78, 0x32, 0x78, 0x32, 0x78, 0x32, 0x78, 0x32, 0x78, 0x32, 0x78, 0x32, 0x78, 0x32, 0x78, 0x32, 0x78, 0x32, 0x78, 0x32, 0x78, 0x32, 0x78, 0x32, 0x78, 0x32,
  0x78, 0x32, 0x78, 0x32, 0x78, 0x32, 0x78, 0x32, 0x78, 0x32, 0x78, 0x32, 0xd9, 0x42, 0x78, 0x32, 0x78, 0x32, 0x78, 0x32, 0x78, 0x32, 0x78, 0x32, 0x78, 0x32, 0x78, 0x32, 0x78, 0x32, 0x78, 0x32,
  0x78, 0x32, 0x78, 0x32, 0x78, 0x32, 0x78, 0x32, 0x78, 0x32, 0x78, 0x32, 0x78, 0x32, 0x78, 0x32, 0x78, 0x32, 0x78, 0x32, 0x78, 0x32, 0x78, 0x32, 0x78, 0x32, 0x78, 0x32, 0x78, 0x32, 0x78, 0x32,
  0x78, 0x32, 0x78, 0x32, 0x78, 0x32, 0x78, 0x32, 0x78, 0x32, 0x78, 0x32, 0x78, 0x32, 0x78, 0x32, 0xd9, 0x42, 0x78, 0x32, 0x78, 0x32, 0x78, 0x32, 0x78, 0x32, 0x78, 0x32, 0x78, 0x32, 0x78, 0x32,
  0x78, 0x32, 0x78, 0x32, 0x78, 0x32, 0x78, 0x32, 0x78, 0x32, 0x78, 0x32, 0x78, 0x32, 0x78, 0x32, 0x78, 0x32, 0x78, 0x32, 0x78, 0x32, 0x78, 0x32, 0x78, 0x32, 0x78, 0x32, 0x78, 0x32, 0x78, 0x32,
  0x78, 0x32, 0x78, 0x32, 0x78, 0x32, 0x78, 0x32, 0x78, 0x32, 0x78, 0x32, 0x78, 0x32, 0x78, 0x32, 0x78, 0x32, 0x78, 0x32, 0xd9, 0x42, 0x78, 0x32, 0x78, 0x32, 0x78, 0x32, 0x78, 0x32, 0x78, 0x32,
  0x78, 0x32, 0x78, 0x32, 0x78, 0x32, 0x78, 0x32, 0x78, 0x32, 0x78, 0x32, 0x78, 0x32, 0x78, 0x32, 0x78, 0x32, 0x78, 0x32, 0x78, 0x32, 0x78, 0x32, 0x78, 0x32, 0x78, 0x32, 0x78, 0x32, 0x78, 0x32,
  0x78, 0x32, 0x78, 0x32, 0x78, 0x32, 0x78, 0x32, 0x78, 0x32, 0x78, 0x32, 0x78, 0x32, 0x78, 0x32, 0x78, 0x32, 0x78, 0x32, 0x78, 0x32, 0x78, 0x32, 0xd9, 0x42, 0x78, 0x32, 0x78, 0x32, 0x78, 0x32,
  0x78, 0x32, 0x78, 0x32, 0x78, 0x32, 0x78, 0x32, 0x78, 0x32, 0x78, 0x32, 0x78, 0x32, 0x78, 0x32, 0x78, 0x32, 0x78, 0x32, 0x78, 0x32, 0x78, 0x32, 0x78, 0x32, 0x78, 0x32, 0x78, 0x32, 0x78, 0x32,
  0x78, 0x32, 0x78, 0x32, 0x78, 0x32, 0x78, 0x32, 0x78, 0x32, 0x78, 0x32, 0x78, 0x32, 0x78, 0x32, 0x78, 0x32, 0x78, 0x32, 0x78, 0x32, 0x78, 0x32, 0x78, 0x32, 0x78, 0x32, 0xd9, 0x42, 0x78, 0x32,
  0x78, 0x32, 0x78, 0x32, 0x78, 0x32, 0x78, 0x32, 0x78, 0x32, 0x78, 0x32, 0x78, 0x32, 0x78, 0x32, 0x78, 0x32, 0x78, 0x32, 0x78, 0x32, 0x78, 0x32, 0x78, 0x32, 0x78, 0x32, 0x78, 0x32, 0x78, 0x32,
  0x38, 0x2a, 0x38, 0x2a, 0x38, 0x2a, 0x38, 0x2a, 0x38, 0x2a, 0x38, 0x2a, 0x38, 0x2a, 0x38, 0x2a, 0x38, 0x2a, 0x38, 0x2a, 0x38, 0x2a, 0x38, 0x2a, 0x38, 0x2a, 0x38, 0x2a, 0x38, 0x2a, 0x38, 0x2a,
  0x38, 0x2a, 0x38, 0x2a, 0x38, 0x2a, 0x38, 0x2a, 0x38, 0x2a, 0x38, 0x2a, 0x38, 0x2a, 0x38, 0x2a, 0x38, 0x2a, 0x38, 0x2a, 0x38, 0x2a, 0x38, 0x2a, 0x38, 0x2a, 0x99, 0x3a, 0x38, 0x2a, 0x38, 0x2a,
  0x38, 0x2a, 0x38, 0x2a, 0x38, 0x2a, 0x38, 0x2a, 0x38, 0x2a, 0x38, 0x2a, 0x38, 0x2a, 0x38, 0x2a, 0x38, 0x2a, 0x38, 0x2a, 0x38, 0x2a, 0x38, 0x2a, 0x38, 0x2a, 0x38, 0x2a, 0x38, 0x2a, 0x38, 0x2a,
  0x38, 0x2a, 0x38, 0x2a, 0x38, 0x2a, 0x38, 0x2a, 0x38, 0x2a, 0x38, 0x2a, 0x38, 0x2a, 0x38, 0x2a, 0x38, 0x2a, 0x38, 0x2a, 0x38, 0x2a, 0x38, 0x2a, 0x38, 0x2a, 0x38, 0x2a, 0x38, 0x2a, 0x99, 0x3a,
  0x38, 0x2a, 0x38, 0x2a, 0x38, 0x2a, 0x38, 0x2a, 0x38, 0x2a, 0x38, 0x2a, 0x38, 0x2a, 0x38, 0x2a, 0x38, 0x2a, 0x38, 0x2a, 0x38, 0x2a, 0x38, 0x2a, 0x38, 0x2a, 0x38, 0x2a, 0x38, 0x2a, 0x38, 0x2a,
  0x38, 0x2a, 0x38, 0x2a, 0x38, 0x2a, 0x38, 0x2a, 0x38, 0x2a, 0x38, 0x2a, 0x38, 0x2a, 0x38, 0x2a, 0x38, 0x2a, 0x38, 0x2a, 0x38, 0x2a, 0x38, 0x2a, 0x38, 0x2a, 0x38, 0x2a, 0x38, 0x2a, 0x38, 0x2a,
  0x38, 0x2a, 0x99, 0x3a, 0x38, 0x2a, 0x38, 0x2a, 0x38, 0x2a, 0x38, 0x2a, 0x38, 0x2a, 0x38, 0x2a, 0x38, 0x2a, 0x38, 0x2a, 0x38, 0x2a, 0x38, 0x2a, 0x38, 0x2a, 0x38, 0x2a, 0x38, 0x2a, 0x38, 0x2a,
  0x38, 0x2a, 0x38, 0x2a, 0x38, 0x2a, 0x38, 0x2a, 0x38, 0x2a, 0x38, 0x2a, 0x38, 0x2a, 0x38, 0x2a, 0x38, 0x2a, 0x38, 0x2a, 0x38, 0x2a, 0x38, 0x2a, 0x38, 0x2a, 0x38, 0x2a, 0x38, 0x2a, 0x38, 0x2a,
  0x38, 0x2a, 0x38, 0x2a, 0x38, 0x2a, 0x99, 0x3a, 0x38, 0x2a, 0x38, 0x2a, 0x38, 0x2a, 0x38, 0x2a, 0x38, 0x2a, 0x38, 0x2a, 0x38, 0x2a, 0x38, 0x2a, 0x38, 0x2a, 0x38, 0x2a, 0x38, 0x2a, 0x38, 0x2a,
  0x38, 0x2a, 0x38, 0x2a, 0x38, 0x2a, 0x38, 0x2a, 0x38, 0x2a, 0x38, 0x2a, 0x38, 0x2a, 0x38, 0x2a, 0x38, 0x2a, 0x38, 0x2a, 0x38, 0x2a, 0x38, 0x2a, 0x38, 0x2a, 0x38, 0x2a, 0x38, 0x2a, 0x38, 0x2a,
  0x38, 0x2a, 0x38, 0x2a, 0x38, 0x2a, 0x38, 0x2a, 0x38, 0x2a, 0x99, 0x3a, 0x38, 0x2a, 0x38, 0x2a, 0x38, 0x2a, 0x38, 0x2a, 0x38, 0x2a, 0x38, 0x2a, 0x38, 0x2a, 0x38, 0x2a, 0x38, 0x2a, 0x38, 0x2a,
  0x38, 0x2a, 0x38, 0x2a, 0x38, 0x2a, 0x38, 0x2a, 0x38, 0x2a, 0x38, 0x2a, 0x38, 0x2a, 0x38, 0x2a, 0x38, 0x2a, 0x38, 0x2a, 0x38, 0x2a, 0x38, 0x2a, 0x38, 0x2a, 0x38, 0x2a, 0x38, 0x2a, 0x38, 0x2a,
  0x38, 0x2a, 0x38, 0x2a, 0x38, 0x2a, 0x38, 0x2a, 0x38, 0x2a, 0x38, 0x2a, 0x38, 0x2a, 0x99, 0x3a, 0x38, 0x2a, 0x38, 0x2a, 0x38, 0x2a, 0x38, 0x2a, 0x38, 0x2a, 0x38, 0x2a, 0x38, 0x2a, 0x38, 0x2a,
  0x38, 0x2a, 0x38, 0x2a, 0x38, 0x2a, 0x38, 0x2a, 0x38, 0x2a, 0x38, 0x2a, 0x38, 0x2a, 0x38, 0x2a, 0x38, 0x2a, 0x38, 0x2a, 0x38, 0x2a, 0x38, 0x2a, 0x38, 0x2a, 0x38, 0x2a, 0x38, 0x2a, 0x38, 0x2a,
  0x38, 0x2a, 0x38, 0x2a, 0x38, 0x2a, 0x38, 0x2a, 0x38, 0x2a, 0x38, 0x2a, 0x38, 0x2a, 0x38, 0x2a, 0x38, 0x2a, 0x99, 0x3a, 0x38, 0x2a, 0x38, 0x2a, 0x38, 0x2a, 0x38, 0x2a, 0x38, 0x2a, 0x38, 0x2a,
  0x38, 0x2a, 0x38, 0x2a, 0x38, 0x2a, 0x38, 0x2a, 0x38, 0x2a, 0x38, 0x2a, 0x38, 0x2a, 0x38, 0x2a, 0x38, 0x2a, 0x38, 0x2a, 0x38, 0x2a, 0x38, 0x2a, 0x38, 0x2a, 0x38, 0x2a, 0x38, 0x2a, 0x38, 0x2a,
  0x38, 0x2a, 0x38, 0x2a, 0x38, 0x2a, 0x38, 0x2a, 0x38, 0x2a, 0x38, 0x2a, 0x38, 0x2a, 0x38, 0x2a, 0x38, 0x2a, 0x38, 0x2a, 0x38, 0x2a, 0x99, 0x3a, 0x38, 0x2a, 0x38, 0x2a, 0x38, 0x2a, 0x38, 0x2a,
  0x38, 0x2a, 0x38, 0x2a, 0x38, 0x2a, 0x38, 0x2a, 0x38, 0x2a, 0x38, 0x2a, 0x38, 0x2a, 0x38, 0x2a, 0x38, 0x2a, 0x38, 0x2a, 0x38, 0x2a, 0x38, 0x2a, 0x38, 0x2a, 0x38, 0x2a, 0x38, 0x2a, 0x38, 0x2a,
  0x38, 0x2a, 0x38, 0x2a, 0x38, 0x2a, 0x38, 0x2a, 0x38, 0x2a, 0x38, 0x2a, 0x38, 0x2a, 0x38, 0x2a, 0x38, 0x2a, 0x38, 0x2a, 0x38, 0x2a, 0x38, 0x2a, 0x38, 0x2a, 0x99, 0x3a, 0x38, 0x2a, 0x38, 0x2a,
  0x38, 0x2a, 0x38, 0x2a, 0x38, 0x2a, 0x38, 0x2a, 0x38, 0x2a, 0x38, 0x2a, 0x38, 0x2a, 0x38, 0x2a, 0x38, 0x2a, 0x38, 0x2a, 0x38, 0x2a, 0x38, 0x2a, 0x38, 0x2a, 0x38, 0x2a, 0x38, 0x2a, 0x38, 0x2a,
  0x18, 0x22, 0x18, 0x22, 0x18, 0x22, 0x18, 0x22, 0x18, 0x22, 0x18, 0x22, 0x18, 0x22, 0x18, 0x22, 0x18, 0x22, 0x18, 0x22, 0x18, 0x22, 0x18, 0x22, 0x18, 0x22, 0x18, 0x22, 0x18, 0x22, 0x18, 0x22,
  0x18, 0x22, 0x18, 0x22, 0x18, 0x22, 0x18, 0x22, 0x18, 0x22, 0x18, 0x22, 0x18, 0x22, 0x18, 0x22, 0x18, 0x22, 0x18, 0x22, 0x18, 0x22, 0x18, 0x22, 0x79, 0x32, 0x18, 0x22, 0x18, 0x22, 0x18, 0x22,
  0x18, 0x22, 0x18, 0x22, 0x18, 0x22, 0x18, 0x22, 0x18, 0x22, 0x18, 0x22, 0x18, 0x22, 0x18, 0x22, 0x18, 0x22, 0x18, 0x22, 0x18, 0x22, 0x18, 0x22, 0x18, 0x22, 0x18, 0x22, 0x18, 0x22, 0x18, 0x22,
  0x18, 0x22, 0x18, 0x22, 0x18, 0x22, 0x18, 0x22, 0x18, 0x22, 0x18, 0x22, 0x18, 0x22, 0x18, 0x22, 0x18, 0x22, 0x18, 0x22, 0x18, 0x22, 0x18, 0x22, 0x18, 0x22, 0x18, 0x22, 0x79, 0x32, 0x18, 0x22,
  0x18, 0x22, 0x18, 0x22, 0x18, 0x22, 0x18, 0x22, 0x18, 0x22, 0x18, 0x22, 0x18, 0x22, 0x18, 0x22, 0x18, 0x22, 0x18, 0x22, 0x18, 0x22, 0x18, 0x22, 0x18, 0x22, 0x18, 0x22, 0x18, 0x22, 0x18, 0x22,
  0x18, 0x22, 0x18, 0x22, 0x18, 0x22, 0x18, 0x22, 0x18, 0x22, 0x18, 0x22, 0x18, 0x22, 0x18, 0x22, 0x18, 0x22, 0x18, 0x22, 0x18, 0x22, 0x18, 0x22, 0x18, 0x22, 0x18, 0x22, 0x18, 0x22, 0x18, 0x22,
  0x79, 0x32, 0x18, 0x22, 0x18, 0x22, 0x18, 0x22, 0x18, 0x22, 0x18, 0x22, 0x18, 0x22, 0x18, 0x22, 0x18, 0x22, 0x18, 0x22, 0x18, 0x22, 0x18, 0x22, 0x18, 0x22, 0x18, 0x22, 0x18, 0x22, 0x18, 0x22,
  0x18, 0x22, 0x18, 0x22, 0x18, 0x22, 0x18, 0x22, 0x18, 0x22, 0x18, 0x22, 0x18, 0x22, 0x18, 0x22, 0x18, 0x22, 0x18, 0x22, 0x18, 0x22, 0x18, 0x22, 0x18, 0x22, 0x18, 0x22, 0x18, 0x22, 0x18, 0x22,
  0x18, 0x22, 0x18, 0x22, 0x79, 0x32, 0x18, 0x22, 0x18, 0x22, 0x18, 0x22, 0x18, 0x22, 0x18, 0x22, 0x18, 0x22, 0x18, 0x22, 0x18, 0x22, 0x18, 0x22, 0x18, 0x22, 0x18, 0x22, 0x18, 0x22, 0x18, 0x22,
  0x18, 0x22, 0x18, 0x22, 0x18, 0x22, 0x18, 0x22, 0x18, 0x22, 0x18, 0x22, 0x18, 0x22, 0x18, 0x22, 0x18, 0x22, 0x18, 0x22, 0x18, 0x22, 0x18, 0x22, 0x18, 0x22, 0x18, 0x22, 0x18, 0x22, 0x18, 0x22,
  0x18, 0x22, 0x18, 0x22, 0x18, 0x22, 0x18, 0x22, 0x79, 0x32, 0x18, 0x22, 0x18, 0x22, 0x18, 0x22, 0x18, 0x22, 0x18, 0x22, 0x18, 0x22, 0x18, 0x22, 0x18, 0x22, 0x18, 0x22, 0x18, 0x22, 0x18, 0x22,
  0x18, 0x22, 0x18, 0x22, 0x18, 0x22, 0x18, 0x22, 0x18, 0x22, 0x18, 0x22, 0x18, 0x22, 0x18, 0x22, 0x18, 0x22, 0x18, 0x22, 0x18, 0x22, 0x18, 0x22, 0x18, 0x22, 0x18, 0x22, 0x18, 0x22, 0x18, 0x22,
  0x18, 0x22, 0x18, 0x22, 0x18, 0x22, 0x18, 0x22, 0x18, 0x22, 0x18, 0x22, 0x79, 0x32, 0x18, 0x22, 0x18, 0x22, 0x18, 0x22, 0x18, 0x22, 0x18, 0x22, 0x18, 0x22, 0x18, 0x22, 0x18, 0x22, 0x18, 0x22,
  0x18, 0x22, 0x18, 0x22, 0x18, 0x22, 0x18, 0x22, 0x18, 0x22, 0x18, 0x22, 0x18, 0x22, 0x18, 0x22, 0x18, 0x22, 0x18, 0x22, 0x18, 0x22, 0x18, 0x22, 0x18, 0x22, 0x18, 0x22, 0x18, 0x22, 0x18, 0x22,
  0x18, 0x22, 0x18, 0x22, 0x18, 0x22, 0x18, 0x22, 0x18, 0x22, 0x18, 0x22, 0x18, 0x22, 0x18, 0x22, 0x79, 0x32, 0x18, 0x22, 0x18, 0x22, 0x18, 0x22, 0x18, 0x22, 0x18, 0x22, 0x18, 0x22, 0x18, 0x22,
  0x18, 0x22, 0x18, 0x22, 0x18, 0x22, 0x18, 0x22, 0x18, 0x22, 0x18, 0x22, 0x18, 0x22, 0x18, 0x22, 0x18, 0x22, 0x18, 0x22, 0x18, 0x22, 0x18, 0x22, 0x18, 0x22, 0x18, 0x22, 0x18, 0x22, 0x18, 0x22,
  0x18, 0x22, 0x18, 0x22, 0x18, 0x22, 0x18, 0x22, 0x18, 0x22, 0x18, 0x22, 0x18, 0x22, 0x18, 0x22, 0x18, 0x22, 0x18, 0x22, 0x79, 0x32, 0x18, 0x22, 0x18, 0x22, 0x18, 0x22, 0x18, 0x22, 0x18, 0x22,
  0x18, 0x22, 0x18, 0x22, 0x18, 0x22, 0x18, 0x22, 0x18, 0x22, 0x18, 0x22, 0x18, 0x22, 0x18, 0x22, 0x18, 0x22, 0x18, 0x22, 0x18, 0x22, 0x18, 0x22, 0x18, 0x22, 0x18, 0x22, 0x18, 0x22, 0x18, 0x22,
  0x18, 0x22, 0x18, 0x22, 0x18, 0x22, 0x18, 0x22, 0x18, 0x22, 0x18, 0x22, 0x18, 0x22, 0x18, 0x22, 0x18, 0x22, 0x18, 0x22, 0x18, 0x22, 0x18, 0x22, 0x79, 0x32, 0x18, 0x22, 0x18, 0x22, 0x18, 0x22,
  0x18, 0x22, 0x18, 0x22, 0x18, 0x22, 0x18, 0x22, 0x18, 0x22, 0x18, 0x22, 0x18, 0x22, 0x18, 0x22, 0x18, 0x22, 0x18, 0x22, 0x18, 0x22, 0x18, 0x22, 0x18, 0x22, 0x18, 0x22, 0x18, 0x22, 0x18, 0x22,
  0x18, 0x22, 0x18, 0x22, 0x18, 0x22, 0x18, 0x22, 0x18, 0x22, 0x18, 0x22, 0x18, 0x22, 0x18, 0x22, 0x18, 0x22, 0x18, 0x22, 0x18, 0x22, 0x18, 0x22, 0x18, 0x22, 0x18, 0x22, 0x18, 0x22, 0x18, 0x22,
  0x18, 0x22, 0x18, 0x22, 0x18, 0x22, 0x18, 0x22, 0x18, 0x22, 0x18, 0x22, 0x18, 0x22, 0x18, 0x22, 0x18, 0x22, 0x18, 0x22, 0x18, 0x22, 0x79, 0x32, 0x18, 0x22, 0x18, 0x22, 0x18, 0x22, 0x18, 0x22,
  0x18, 0x22, 0x18, 0x22, 0x18, 0x22, 0x18, 0x22, 0x18, 0x22, 0x18, 0x22, 0x18, 0x22, 0x18, 0x22, 0x18, 0x22, 0x18, 0x22, 0x18, 0x22, 0x18, 0x22, 0x18, 0x22, 0x18, 0x22, 0x18, 0x22, 0x18, 0x22,
  0x18, 0x22, 0x18, 0x22, 0x18, 0x22, 0x18, 0x22, 0x18, 0x22, 0x18, 0x22, 0x18, 0x22, 0x18, 0x22, 0x18, 0x22, 0x18, 0x22, 0x18, 0x22, 0x18, 0x22, 0x18, 0x22, 0x79, 0x32, 0x18, 0x22, 0x18, 0x22,
  0x18, 0x22, 0x18, 0x22, 0x18, 0x22, 0x18, 0x22, 0x18, 0x22, 0x18, 0x22, 0x18, 0x22, 0x18, 0x22, 0x18, 0x22, 0x18, 0x22, 0x18, 0x22, 0x18, 0x22, 0x18, 0x22, 0x18, 0x22, 0x18, 0x22, 0x18, 0x22,
  0x18, 0x22, 0x18, 0x22, 0x18, 0x22, 0x18, 0x22, 0x18, 0x22, 0x18, 0x22, 0x18, 0x22, 0x18, 0x22, 0x18, 0x22, 0x18, 0x22, 0x18, 0x22, 0x18, 0x22, 0x18, 0x22, 0x18, 0x22, 0x18, 0x22, 0x79, 0x32,
  0x18, 0x22, 0x18, 0x22, 0x18, 0x22, 0x18, 0x22, 0x18, 0x22, 0x18, 0x22, 0x18, 0x22, 0x18, 0x22, 0x18, 0x22, 0x18, 0x22, 0x18, 0x22, 0x18, 0x22, 0x18, 0x22, 0x18, 0x22, 0x18, 0x22, 0x18, 0x22,
  0x18, 0x22, 0x18, 0x22, 0x18, 0x22, 0x18, 0x22, 0x18, 0x22, 0x18, 0x22, 0x18, 0x22, 0x18, 0x22, 0x18, 0x22, 0x18, 0x22, 0x18, 0x22, 0x18, 0x22, 0x18, 0x22, 0x18, 0x22, 0x18, 0x22, 0x18, 0x22,
  0x18, 0x22, 0x79, 0x32, 0x18, 0x22, 0x18, 0x22, 0x18, 0x22, 0x18, 0x22, 0x18, 0x22, 0x18, 0x22, 0x18, 0x22, 0x18, 0x22, 0x18, 0x22, 0x18, 0x22, 0x18, 0x22, 0x18, 0x22, 0x18, 0x22, 0x18, 0x22,
  0x18, 0x22, 0x18, 0x22, 0x18, 0x22, 0x18, 0x22, 0x18, 0x22, 0x18, 0x22, 0x18, 0x22, 0x18, 0x22, 0x18, 0x22, 0x18, 0x22, 0x18, 0x22, 0x18, 0x22, 0x18, 0x22, 0x18, 0x22, 0x18, 0x22, 0x18, 0x22,
  0x18, 0x22, 0x18, 0x22, 0x18, 0x22, 0x79, 0x32, 0x18, 0x22, 0x18, 0x22, 0x18, 0x22, 0x18, 0x22, 0x18, 0x22, 0x18, 0x22, 0x18, 0x22, 0x18, 0x22, 0x18, 0x22, 0x18, 0x22, 0x18, 0x22, 0x18, 0x22,
  0x18, 0x22, 0x18, 0x22, 0x18, 0x22, 0x18, 0x22, 0x18, 0x22, 0x18, 0x22, 0x18, 0x22, 0x18, 0x22, 0x18, 0x22, 0x18, 0x22, 0x18, 0x22, 0x18, 0x22, 0x18, 0x22, 0x18, 0x22, 0x18, 0x22, 0x18, 0x22,
  0x18, 0x22, 0x18, 0x22, 0x18, 0x22, 0x18, 0x22, 0x18, 0x22, 0x79, 0x32, 0x18, 0x22, 0x18, 0x22, 0x18, 0x22, 0x18, 0x22, 0x18, 0x22, 0x18, 0x22, 0x18, 0x22, 0x18, 0x22, 0x18, 0x22, 0x18, 0x22,
  0x18, 0x22, 0x18, 0x22, 0x18, 0x22, 0x18, 0x22, 0x18, 0x22, 0x18, 0x22, 0x18, 0x22, 0x18, 0x22, 0x18, 0x22, 0x18, 0x22, 0x18, 0x22, 0x18, 0x22, 0x18, 0x22, 0x18, 0x22, 0x18, 0x22, 0x18, 0x22,
  0x18, 0x22, 0x18, 0x22, 0x18, 0x22, 0x18, 0x22, 0x18, 0x22, 0x18, 0x22, 0x18, 0x22, 0x79, 0x32, 0x18, 0x22, 0x18, 0x22, 0x18, 0x22, 0x18, 0x22, 0x18, 0x22, 0x18, 0x22, 0x18, 0x22, 0x18, 0x22,
  0x18, 0x22, 0x18, 0x22, 0x18, 0x22, 0x18, 0x22, 0x18, 0x22, 0x18, 0x22, 0x18, 0x22, 0x18, 0x22, 0x18, 0x22, 0x18, 0x22, 0x18, 0x22, 0x18, 0x22, 0x18, 0x22, 0x18, 0x22, 0x18, 0x22, 0x18, 0x22,
  0x18, 0x22, 0x18, 0x22, 0x18, 0x22, 0x18, 0x22, 0x18, 0x22, 0x18, 0x22, 0x18, 0x22, 0x18, 0x22, 0x18, 0x22, 0x79, 0x32, 0x18, 0x22, 0x18, 0x22, 0x18, 0x22, 0x18, 0x22, 0x18, 0x22, 0x18, 0x22,
  0x18, 0x22, 0x18, 0x22, 0x18, 0x22, 0x18, 0x22, 0x18, 0x22, 0x18, 0x22, 0x18, 0x22, 0x18, 0x22, 0x18, 0x22, 0x18, 0x22, 0x18, 0x22, 0x18, 0x22, 0x18, 0x22, 0x18, 0x22, 0x18, 0x22, 0x18, 0x22,
  0x18, 0x22, 0x18, 0x22, 0x18, 0x22, 0x18, 0x22, 0x18, 0x22, 0x18, 0x22, 0x18, 0x22, 0x18, 0x22, 0x18, 0x22, 0x18, 0x22, 0x18, 0x22, 0x79, 0x32, 0x18, 0x22, 0x18, 0x22, 0x18, 0x22, 0x18, 0x22,
  0x18, 0x22, 0x18, 0x22, 0x18, 0x22, 0x18, 0x22, 0x18, 0x22, 0x18, 0x22, 0x18, 0x22, 0x18, 0x22, 0x18, 0x22, 0x18, 0x22, 0x18, 0x22, 0x18, 0x22, 0x18, 0x22, 0x18, 0x22, 0x18, 0x22, 0x18, 0x22,
  0x18, 0x22, 0x18, 0x22, 0x18, 0x22, 0x18, 0x22, 0x18, 0x22, 0x18, 0x22, 0x18, 0x22, 0x18, 0x22, 0x18, 0x22, 0x18, 0x22, 0x18, 0x22, 0x18, 0x22, 0x18, 0x22, 0x18, 0x22, 0x18, 0x22, 0x18, 0x22,
  0x18, 0x22, 0x18, 0x22, 0x18, 0x22, 0x18, 0x22, 0x18, 0x22, 0x18, 0x22, 0x18, 0x22, 0x18, 0x22, 0x18, 0x22, 0x18, 0x22, 0x79, 0x32, 0x18, 0x22, 0x18, 0x22, 0x18, 0x22, 0x18, 0x22, 0x18, 0x22,
  0x18, 0x22, 0x18, 0x22, 0x18, 0x22, 0x18, 0x22, 0x18, 0x22, 0x18, 0x22, 0x18, 0x22, 0x18, 0x22, 0x18, 0x22, 0x18, 0x22, 0x18, 0x22, 0x18, 0x22, 0x18, 0x22, 0x18, 0x22, 0x18, 0x22, 0x18, 0x22,
  0x18, 0x22, 0x18, 0x22, 0x18, 0x22, 0x18, 0x22, 0x18, 0x22, 0x18, 0x22, 0x18, 0x22, 0x18, 0x22, 0x18, 0x22, 0x18, 0x22, 0x18, 0x22, 0x18, 0x22, 0x79, 0x32, 0x18, 0x22, 0x18, 0x22, 0x18, 0x22,
  0x18, 0x22, 0x18, 0x22, 0x18, 0x22, 0x18, 0x22, 0x18, 0x22, 0x18, 0x22, 0x18, 0x22, 0x18, 0x22, 0x18, 0x22, 0x18, 0x22, 0x18, 0x22, 0x18, 0x22, 0x18, 0x22, 0x18, 0x22, 0x18, 0x22, 0x18, 0x22,
  0x18, 0x22, 0x18, 0x22, 0x18, 0x22, 0x18, 0x22, 0x18, 0x22, 0x18, 0x22, 0x18, 0x22, 0x18, 0x22, 0x18, 0x22, 0x18, 0x22, 0x18, 0x22, 0x18, 0x22, 0x18, 0x22, 0x18, 0x22, 0x79, 0x32, 0x18, 0x22,
  0x18, 0x22, 0x18, 0x22, 0x18, 0x22, 0x18, 0x22, 0x18, 0x22, 0x18, 0x22, 0x18, 0x22, 0x18, 0x22, 0x18, 0x22, 0x18, 0x22, 0x18, 0x22, 0x18, 0x22, 0x18, 0x22, 0x18, 0x22, 0x18, 0x22, 0x18, 0x22,
  0x18, 0x22, 0x18, 0x22, 0x18, 0x22, 0x18, 0x22, 0x18, 0x22, 0x18, 0x22, 0x18, 0x22, 0x18, 0x22, 0x18, 0x22, 0x18, 0x22, 0x18, 0x22, 0x18, 0x22, 0x18, 0x22, 0x18, 0x22, 0x18, 0x22, 0x18, 0x22,
  0x79, 0x32, 0x18, 0x22, 0x18, 0x22, 0x18, 0x22, 0x18, 0x22, 0x18, 0x22, 0x18, 0x22, 0x18, 0x22, 0x18, 0x22, 0x18, 0x22, 0x18, 0x22, 0x18, 0x22, 0x18, 0x22, 0x18, 0x22, 0x18, 0x22, 0x18, 0x22,
  0x18, 0x22, 0x18, 0x22, 0x18, 0x22, 0x18, 0x22, 0x18, 0x22, 0x18, 0x22, 0x18, 0x22, 0x18, 0x22, 0x18, 0x22, 0x18, 0x22, 0x18, 0x22, 0x18, 0x22, 0x18, 0x22, 0x18, 0x22, 0x18, 0x22, 0x18, 0x22,
  0x18, 0x22, 0x18, 0x22, 0x79, 0x32, 0x18, 0x22, 0x18, 0x22, 0x18, 0x22, 0x18, 0x22, 0x18, 0x22, 0x18, 0x22, 0x18, 0x22, 0x18, 0x22, 0x18, 0x22, 0x18, 0x22, 0x18, 0x22, 0x18, 0x22, 0x18, 0x22,
  0x18, 0x22, 0x18, 0x22, 0x18, 0x22, 0x18, 0x22, 0x18, 0x22, 0x18, 0x22, 0x18, 0x22, 0x18, 0x22, 0x18, 0x22, 0x18, 0x22, 0x18, 0x22, 0x18, 0x22, 0x18, 0x22, 0x18, 0x22, 0x18, 0x22, 0x18, 0x22,
  0x18, 0x22, 0x18, 0x22, 0x18, 0x22, 0x18, 0x22, 0x79, 0x32, 0x18, 0x22, 0x18, 0x22, 0x18, 0x22, 0x18, 0x22, 0x18, 0x22, 0x18, 0x22, 0x18, 0x22, 0x18, 0x22, 0x18, 0x22, 0x18, 0x22, 0x18, 0x22,
  0x18, 0x22, 0x18, 0x22, 0x18, 0x22, 0x18, 0x22, 0x18, 0x22, 0x18, 0x22, 0x18, 0x22, 0x18, 0x22, 0x18, 0x22, 0x18, 0x22, 0x18, 0x22, 0x18, 0x22, 0x18, 0x22, 0x18, 0x22, 0x18, 0x22, 0x18, 0x22,
  0x18, 0x22, 0x18, 0x22, 0x18, 0x22, 0x18, 0x22, 0x18, 0x22, 0x18, 0x22, 0x79, 0x32, 0x18, 0x22, 0x18, 0x22, 0x18, 0x22, 0x18, 0x22, 0x18, 0x22, 0x18, 0x22, 0x18, 0x22, 0x18, 0x22, 0x18, 0x22,
  0x18, 0x22, 0x18, 0x22, 0x18, 0x22, 0x18, 0x22, 0x18, 0x22, 0x18, 0x22, 0x18, 0x22, 0x18, 0x22, 0x18, 0x22, 0x18, 0x22, 0x18, 0x22, 0x18, 0x22, 0x18, 0x22, 0x18, 0x22, 0x18, 0x22, 0x18, 0x22,
  0x18, 0x22, 0x18, 0x22, 0x18, 0x22, 0x18, 0x22, 0x18, 0x22, 0x18, 0x22, 0x18, 0x22, 0x18, 0x22, 0x79, 0x32, 0x18, 0x22, 0x18, 0x22, 0x18, 0x22, 0x18, 0x22, 0x18, 0x22, 0x18, 0x22, 0x18, 0x22,
  0x18, 0x22, 0x18, 0x22, 0x18, 0x22, 0x18, 0x22, 0x18, 0x22, 0x18, 0x22, 0x18, 0x22, 0x18, 0x22, 0x18, 0x22, 0x18, 0x22, 0x18, 0x22, 0x18, 0x22, 0x18, 0x22, 0x18, 0x22, 0x18, 0x22, 0x18, 0x22,
  0x18, 0x22, 0x18, 0x22, 0x18, 0x22, 0x18, 0x22, 0x18, 0x22, 0x18, 0x22, 0x18, 0x22, 0x18, 0x22, 0x18, 0x22, 0x18, 0x22, 0x79, 0x32, 0x18, 0x22, 0x18, 0x22, 0x18, 0x22, 0x18, 0x22, 0x18, 0x22,
  0x18, 0x22, 0x18, 0x22, 0x18, 0x22, 0x18, 0x22, 0x18, 0x22, 0x18, 0x22, 0x18, 0x22, 0x18, 0x22, 0x18, 0x22, 0x18, 0x22, 0x18, 0x22, 0x18, 0x22, 0x18, 0x22, 0x18, 0x22, 0x18, 0x22, 0x18, 0x22,
  0x18, 0x22, 0x18, 0x22, 0x18, 0x22, 0x18, 0x22, 0x18, 0x22, 0x18, 0x22, 0x18, 0x22, 0x18, 0x22, 0x18, 0x22, 0x18, 0x22, 0x18, 0x22, 0x18, 0x22, 0x18, 0x22, 0x18, 0x22, 0x18, 0x22, 0x18, 0x22,
  0x18, 0x22, 0x18, 0x22, 0x18, 0x22, 0x18, 0x22, 0x18, 0x22, 0x18, 0x22, 0x18, 0x22, 0x18, 0x22, 0x18, 0x22, 0x18, 0x22, 0x79, 0x32, 0x18, 0x22, 0x18, 0x22, 0x18, 0x22, 0x18, 0x22, 0x18, 0x22,
  0x18, 0x22, 0x18, 0x22, 0x18, 0x22, 0x18, 0x22, 0x18, 0x22, 0x18, 0x22, 0x18, 0x22, 0x18, 0x22, 0x18, 0x22, 0x18, 0x22, 0x18, 0x22, 0x18, 0x22, 0x18, 0x22, 0x18, 0x22, 0x18, 0x22, 0x18, 0x22,
  0x18, 0x22, 0x18, 0x22, 0x18, 0x22, 0x18, 0x22, 0x18, 0x22, 0x18, 0x22, 0x18, 0x22, 0x18, 0x22, 0x18, 0x22, 0x18, 0x22, 0x18, 0x22, 0x18, 0x22, 0x79, 0x32, 0x18, 0x22, 0x18, 0x22, 0x18, 0x22,
  0x18, 0x22, 0x18, 0x22, 0x18, 0x22, 0x18, 0x22, 0x18, 0x22, 0x18, 0x22, 0x18, 0x22, 0x18, 0x22, 0x18, 0x22, 0x18, 0x22, 0x18, 0x22, 0x18, 0x22, 0x18, 0x22, 0x18, 0x22, 0x18, 0x22, 0x18, 0x22,
  0x18, 0x22, 0x18, 0x22, 0x18, 0x22, 0x18, 0x22, 0x18, 0x22, 0x18, 0x22, 0x18, 0x22, 0x18, 0x22, 0x18, 0x22, 0x18, 0x22, 0x18, 0x22, 0x18, 0x22, 0x18, 0x22, 0x18, 0x22, 0x79, 0x32, 0x18, 0x22,
  0x18, 0x22, 0x18, 0x22, 0x18, 0x22, 0x18, 0x22, 0x18, 0x22, 0x18, 0x22, 0x18, 0x22, 0x18, 0x22, 0x18, 0x22, 0x18, 0x22, 0x18, 0x22, 0x18, 0x22, 0x18, 0x22, 0x18, 0x22, 0x18, 0x22, 0x18, 0x22,
  0x18, 0x22, 0x18, 0x22, 0x18, 0x22, 0x18, 0x22, 0x18, 0x22, 0x18, 0x22, 0x18, 0x22, 0x18, 0x22, 0x18, 0x22, 0x18, 0x22, 0x18, 0x22, 0x18, 0x22, 0x18, 0x22, 0x18, 0x22, 0x18, 0x22, 0x18, 0x22,
  0x79, 0x32, 0x18, 0x22, 0x18, 0x22, 0x18, 0x22, 0x18, 0x22, 0x18, 0x22, 0x18, 0x22, 0x18, 0x22, 0x18, 0x22, 0x18, 0x22, 0x18, 0x22, 0x18, 0x22, 0x18, 0x22, 0x18, 0x22, 0x18, 0x22, 0x18, 0x22,
  0x18, 0x22, 0x18, 0x22, 0x18, 0x22, 0x18, 0x22, 0x18, 0x22, 0x18, 0x22, 0x18, 0x22, 0x18, 0x22, 0x18, 0x22, 0x18, 0x22, 0x18, 0x22, 0x18, 0x22, 0x18, 0x22, 0x18, 0x22, 0x18, 0x22, 0x18, 0x22,
  0x18, 0x22, 0x18, 0x22, 0x79, 0x32, 0x18, 0x22, 0x18, 0x22, 0x18, 0x22, 0x18, 0x22, 0x18, 0x22, 0x18, 0x22, 0x18, 0x22, 0x18, 0x22, 0x18, 0x22, 0x18, 0x22, 0x18, 0x22, 0x18, 0x22, 0x18, 0x22,
  0x18, 0x22, 0x18, 0x22, 0x18, 0x22, 0x18, 0x22, 0x18, 0x22, 0x18, 0x22, 0x18, 0x22, 0x18, 0x22, 0x18, 0x22, 0x18, 0x22, 0x18, 0x22, 0x18, 0x22, 0x18, 0x22, 0x18, 0x22, 0x18, 0x22, 0x18, 0x22,
  0x18, 0x22, 0x18, 0x22, 0x18, 0x22, 0x18, 0x22, 0x79, 0x32, 0x18, 0x22, 0x18, 0x22, 0x18, 0x22, 0x18, 0x22, 0x18, 0x22, 0x18, 0x22, 0x18, 0x22, 0x18, 0x22, 0x18, 0x22, 0x18, 0x22, 0x18, 0x22,
  0x18, 0x22, 0x18, 0x22, 0x18, 0x22, 0x18, 0x22, 0x18, 0x22, 0x18, 0x22, 0x18, 0x22, 0x18, 0x22, 0x18, 0x22, 0x18, 0x22, 0x18, 0x22, 0x18, 0x22, 0x18, 0x22, 0x18, 0x22, 0x18, 0x22, 0x18, 0x22,
  0x18, 0x22, 0x18, 0x22, 0x18, 0x22, 0x18, 0x22, 0x18, 0x22, 0x18, 0x22, 0x79, 0x32, 0x18, 0x22, 0x18, 0x22, 0x18, 0x22, 0x18, 0x22, 0x18, 0x22, 0x18, 0x22, 0x18, 0x22, 0x18, 0x22, 0x18, 0x22,
  0x18, 0x22, 0x18, 0x22, 0x18, 0x22, 0x18, 0x22, 0x18, 0x22, 0x18, 0x22, 0x18, 0x22, 0x18, 0x22, 0x18, 0x22, 0x18, 0x22, 0x18, 0x22, 0x18, 0x22, 0x18, 0x22, 0x18, 0x22, 0x18, 0x22, 0x18, 0x22,
  0x18, 0x22, 0x18, 0x22, 0x18, 0x22, 0x18, 0x22, 0x18, 0x22, 0x18, 0x22, 0x18, 0x22, 0x18, 0x22, 0x79, 0x32, 0x18, 0x22, 0x18, 0x22, 0x18, 0x22, 0x18, 0x22, 0x18, 0x22, 0x18, 0x22, 0x18, 0x22,
  0x18, 0x22, 0x18, 0x22, 0x18, 0x22, 0x18, 0x22, 0x18, 0x22, 0x18, 0x22, 0x18, 0x22, 0x18, 0x22, 0x18, 0x22, 0x18, 0x22, 0x18, 0x22, 0x18, 0x22, 0x18, 0x22, 0x18, 0x22, 0x18, 0x22, 0x18, 0x22,
  0x18, 0x22, 0x18, 0x22, 0x18, 0x22, 0x18, 0x22, 0x18, 0x22, 0x18, 0x22, 0x18, 0x22, 0x18, 0x22, 0x18, 0x22, 0x18, 0x22, 0x79, 0x32, 0x18, 0x22, 0x18, 0x22, 0x18, 0x22, 0x18, 0x22, 0x18, 0x22,
  0x18, 0x22, 0x18, 0x22, 0x18, 0x22, 0x18, 0x22, 0x18, 0x22, 0x18, 0x22, 0x18, 0x22, 0x18, 0x22, 0x18, 0x22, 0x18, 0x22, 0x18, 0x22, 0x18, 0x22, 0x18, 0x22, 0x18, 0x22, 0x18, 0x22, 0x18, 0x22,
  0x17, 0x22, 0x17, 0x22, 0x17, 0x22, 0x17, 0x22, 0x17, 0x22, 0x17, 0x22, 0x17, 0x22, 0x17, 0x22, 0x17, 0x22, 0x17, 0x22, 0x17, 0x22, 0x17, 0x22, 0x17, 0x22, 0x17, 0x22, 0x17, 0x22, 0x17, 0x22,
  0x17, 0x22, 0x17, 0x22, 0x17, 0x22, 0x17, 0x22, 0x17, 0x22, 0x17, 0x22, 0x17, 0x22, 0x17, 0x22, 0x17, 0x22, 0x78, 0x32, 0x17, 0x22, 0x17, 0x22, 0x17, 0x22, 0x17, 0x22, 0x17, 0x22, 0x17, 0x22,
  0x17, 0x22, 0x17, 0x22, 0x17, 0x22, 0x17, 0x22, 0x17, 0x22, 0x17, 0x22, 0x17, 0x22, 0x17, 0x22, 0x17, 0x22, 0x17, 0x22, 0x17, 0x22, 0x17, 0x22, 0x17, 0x22, 0x17, 0x22, 0x17, 0x22, 0x17, 0x22,
  0x17, 0x22, 0x17, 0x22, 0x17, 0x22, 0x17, 0x22, 0x17, 0x22, 0x17, 0x22, 0x17, 0x22, 0x17, 0x22, 0x17, 0x22, 0x17, 0x22, 0x17, 0x22, 0x78, 0x32, 0x17, 0x22, 0x17, 0x22, 0x17, 0x22, 0x17, 0x22,
  0x17, 0x22, 0x17, 0x22, 0x17, 0x22, 0x17, 0x22, 0x17, 0x22, 0x17, 0x22, 0x17, 0x22, 0x17, 0x22, 0x17, 0x22, 0x17, 0x22, 0x17, 0x22, 0x17, 0x22, 0x17, 0x22, 0x17, 0x22, 0x17, 0x22, 0x17, 0x22,
  0x17, 0x22, 0x17, 0x22, 0x17, 0x22, 0x17, 0x22, 0x17, 0x22, 0x17, 0x22, 0x17, 0x22, 0x17, 0x22, 0x17, 0x22, 0x17, 0x22, 0x17, 0x22, 0x17, 0x22, 0x17, 0x22, 0x78, 0x32, 0x17, 0x22, 0x17, 0x22,
  0x17, 0x22, 0x17, 0x22, 0x17, 0x22, 0x17, 0x22, 0x17, 0x22, 0x17, 0x22, 0x17, 0x22, 0x17, 0x22, 0x17, 0x22, 0x17, 0x22, 0x17, 0x22, 0x17, 0x22, 0x17, 0x22, 0x17, 0x22, 0x17, 0x22, 0x17, 0x22,
  0x17, 0x22, 0x17, 0x22, 0x17, 0x22, 0x17, 0x22, 0x17, 0x22, 0x17, 0x22, 0x17, 0x22, 0x17, 0x22, 0x17, 0x22, 0x17, 0x22, 0x17, 0x22, 0x17, 0x22, 0x17, 0x22, 0x17, 0x22, 0x17, 0x22, 0x78, 0x32,
  0x17, 0x22, 0x17, 0x22, 0x17, 0x22, 0x17, 0x22, 0x17, 0x22, 0x17, 0x22, 0x17, 0x22, 0x17, 0x22, 0x17, 0x22, 0x17, 0x22, 0x17, 0x22, 0x17, 0x22, 0x17, 0x22, 0x17, 0x22, 0x17, 0x22, 0x17, 0x22,
  0x17, 0x22, 0x17, 0x22, 0x17, 0x22, 0x17, 0x22, 0x17, 0x22, 0x17, 0x22, 0x17, 0x22, 0x17, 0x22, 0x17, 0x22, 0x17, 0x22, 0x17, 0x22, 0x17, 0x22, 0x17, 0x22, 0x17, 0x22, 0x17, 0x22, 0x17, 0x22,
  0x17, 0x22, 0x78, 0x32, 0x17, 0x22, 0x17, 0x22, 0x17, 0x22, 0x17, 0x22, 0x17, 0x22, 0x17, 0x22, 0x17, 0x22, 0x17, 0x22, 0x17, 0x22, 0x17, 0x22, 0x17, 0x22, 0x17, 0x22, 0x17, 0x22, 0x17, 0x22,
  0x17, 0x22, 0x17, 0x22, 0x17, 0x22, 0x17, 0x22, 0x17, 0x22, 0x17, 0x22, 0x17, 0x22, 0x17, 0x22, 0x17, 0x22, 0x17, 0x22, 0x17, 0x22, 0x17, 0x22, 0x17, 0x22, 0x17, 0x22, 0x17, 0x22, 0x17, 0x22,
  0x17, 0x22, 0x17, 0x22, 0x17, 0x22, 0x78, 0x32, 0x17, 0x22, 0x17, 0x22, 0x17, 0x22, 0x17, 0x22, 0x17, 0x22, 0x17, 0x22, 0x17, 0x22, 0x17, 0x22, 0x17, 0x22, 0x17, 0x22, 0x17, 0x22, 0x17, 0x22,
  0x17, 0x22, 0x17, 0x22, 0x17, 0x22, 0x17, 0x22, 0x17, 0x22, 0x17, 0x22, 0x17, 0x22, 0x17, 0x22, 0x17, 0x22, 0x17, 0x22, 0x17, 0x22, 0x17, 0x22, 0x17, 0x22, 0x17, 0x22, 0x17, 0x22, 0x17, 0x22,
  0x17, 0x22, 0x17, 0x22, 0x17, 0x22, 0x17, 0x22, 0x17, 0x22, 0x78, 0x32, 0x17, 0x22, 0x17, 0x22, 0x17, 0x22, 0x17, 0x22, 0x17, 0x22, 0x17, 0x22, 0x17, 0x22, 0x17, 0x22, 0x17, 0x22, 0x17, 0x22,
  0x17, 0x22, 0x17, 0x22, 0x17, 0x22, 0x17, 0x22, 0x17, 0x22, 0x17, 0x22, 0x17, 0x22, 0x17, 0x22, 0x17, 0x22, 0x17, 0x22, 0x17, 0x22, 0x17, 0x22, 0x17, 0x22, 0x17, 0x22, 0x17, 0x22, 0x17, 0x22,
  0x17, 0x22, 0x17, 0x22, 0x17, 0x22, 0x17, 0x22, 0x17, 0x22, 0x17, 0x22, 0x17, 0x22, 0x78, 0x32, 0x17, 0x22, 0x17, 0x22, 0x17, 0x22, 0x17, 0x22, 0x17, 0x22, 0x17, 0x22, 0x17, 0x22, 0x17, 0x22,
  0x17, 0x22, 0x17, 0x22, 0x17, 0x22, 0x17, 0x22, 0x17, 0x22, 0x17, 0x22, 0x17, 0x22, 0x17, 0x22, 0x17, 0x22, 0x17, 0x22, 0x17, 0x22, 0x17, 0x22, 0x17, 0x22, 0x17, 0x22, 0x17, 0x22, 0x17, 0x22,
  0x17, 0x22, 0x17, 0x22, 0x17, 0x22, 0x17, 0x22, 0x17, 0x22, 0x17, 0x22, 0x17, 0x22, 0x17, 0x22, 0x17, 0x22, 0x78, 0x32, 0x17, 0x22, 0x17, 0x22, 0x17, 0x22, 0x17, 0x22, 0x17, 0x22, 0x17, 0x22,
  0x17, 0x22, 0x17, 0x22, 0x17, 0x22, 0x17, 0x22, 0x17, 0x22, 0x17, 0x22, 0x17, 0x22, 0x17, 0x22, 0x17, 0x22, 0x17, 0x22, 0x17, 0x22, 0x17, 0x22, 0x17, 0x22, 0x17, 0x22, 0x17, 0x22, 0x17, 0x22,
  0x58, 0x2a, 0x58, 0x2a, 0x58, 0x2a, 0x58, 0x2a, 0x58, 0x2a, 0x58, 0x2a, 0x58, 0x2a, 0x58, 0x2a, 0x58, 0x2a, 0x58, 0x2a, 0x58, 0x2a, 0x58, 0x2a, 0x58, 0x2a, 0x58, 0x2a, 0x58, 0x2a, 0x58, 0x2a,
  0x58, 0x2a, 0x58, 0x2a, 0x58, 0x2a, 0x58, 0x2a, 0x58, 0x2a, 0x58, 0x2a, 0x58, 0x2a, 0x58, 0x2a, 0xb9, 0x3a, 0x58, 0x2a, 0x58, 0x2a, 0x58, 0x2a, 0x58, 0x2a, 0x58, 0x2a, 0x58, 0x2a, 0x58, 0x2a,
  0x58, 0x2a, 0x58, 0x2a, 0x58, 0x2a, 0x58, 0x2a, 0x58, 0x2a, 0x58, 0x2a, 0x58, 0x2a, 0x58, 0x2a, 0x58, 0x2a, 0x58, 0x2a, 0x58, 0x2a, 0x58, 0x2a, 0x58, 0x2a, 0x58, 0x2a, 0x58, 0x2a, 0x58, 0x2a,
  0x58, 0x2a, 0x58, 0x2a, 0x58, 0x2a, 0x58, 0x2a, 0x58, 0x2a, 0x58, 0x2a, 0x58, 0x2a, 0x58, 0x2a, 0x58, 0x2a, 0x58, 0x2a, 0xb9, 0x3a, 0x58, 0x2a, 0x58, 0x2a, 0x58, 0x2a, 0x58, 0x2a, 0x58, 0x2a,
  0x58, 0x2a, 0x58, 0x2a, 0x58, 0x2a, 0x58, 0x2a, 0x58, 0x2a, 0x58, 0x2a, 0x58, 0x2a, 0x58, 0x2a, 0x58, 0x2a, 0x58, 0x2a, 0x58, 0x2a, 0x58, 0x2a, 0x58, 0x2a, 0x58, 0x2a, 0x58, 0x2a, 0x58, 0x2a,
  0x58, 0x2a, 0x58, 0x2a, 0x58, 0x2a, 0x58, 0x2a, 0x58, 0x2a, 0x58, 0x2a, 0x58, 0x2a, 0x58, 0x2a, 0x58, 0x2a, 0x58, 0x2a, 0x58, 0x2a, 0x58, 0x2a, 0xb9, 0x3a, 0x58, 0x2a, 0x58, 0x2a, 0x58, 0x2a,
  0x58, 0x2a, 0x58, 0x2a, 0x58, 0x2a, 0x58, 0x2a, 0x58, 0x2a, 0x58, 0x2a, 0x58, 0x2a, 0x58, 0x2a, 0x58, 0x2a, 0x58, 0x2a, 0x58, 0x2a, 0x58, 0x2a, 0x58, 0x2a, 0x58, 0x2a, 0x58, 0x2a, 0x58, 0x2a,
  0x58, 0x2a, 0x58, 0x2a, 0x58, 0x2a, 0x58, 0x2a, 0x58, 0x2a, 0x58, 0x2a, 0x58, 0x2a, 0x58, 0x2a, 0x58, 0x2a, 0x58, 0x2a, 0x58, 0x2a, 0x58, 0x2a, 0x58, 0x2a, 0x58, 0x2a, 0xb9, 0x3a, 0x58, 0x2a,
  0x58, 0x2a, 0x58, 0x2a, 0x58, 0x2a, 0x58, 0x2a, 0x58, 0x2a, 0x58, 0x2a, 0x58, 0x2a, 0x58, 0x2a, 0x58, 0x2a, 0x58, 0x2a, 0x58, 0x2a, 0x58, 0x2a, 0x58, 0x2a, 0x58, 0x2a, 0x58, 0x2a, 0x58, 0x2a,
  0x58, 0x2a, 0x58, 0x2a, 0x58, 0x2a, 0x58, 0x2a, 0x58, 0x2a, 0x58, 0x2a, 0x58, 0x2a, 0x58, 0x2a, 0x58, 0x2a, 0x58, 0x2a, 0x58, 0x2a, 0x58, 0x2a, 0x58, 0x2a, 0x58, 0x2a, 0x58, 0x2a, 0x58, 0x2a,
  0xb9, 0x3a, 0x58, 0x2a, 0x58, 0x2a, 0x58, 0x2a, 0x58, 0x2a, 0x58, 0x2a, 0x58, 0x2a, 0x58, 0x2a, 0x58, 0x2a, 0x58, 0x2a, 0x58, 0x2a, 0x58, 0x2a, 0x58, 0x2a, 0x58, 0x2a, 0x58, 0x2a, 0x58, 0x2a,
  0x58, 0x2a, 0x58, 0x2a, 0x58, 0x2a, 0x58, 0x2a, 0x58, 0x2a, 0x58, 0x2a, 0x58, 0x2a, 0x58, 0x2a, 0x58, 0x2a, 0x58, 0x2a, 0x58, 0x2a, 0x58, 0x2a, 0x58, 0x2a, 0x58, 0x2a, 0x58, 0x2a, 0x58, 0x2a,
  0x58, 0x2a, 0x58, 0x2a, 0xb9, 0x3a, 0x58, 0x2a, 0x58, 0x2a, 0x58, 0x2a, 0x58, 0x2a, 0x58, 0x2a, 0x58, 0x2a, 0x58, 0x2a, 0x58, 0x2a, 0x58, 0x2a, 0x58, 0x2a, 0x58, 0x2a, 0x58, 0x2a, 0x58, 0x2a,
  0x58, 0x2a, 0x58, 0x2a, 0x58, 0x2a, 0x58, 0x2a, 0x58, 0x2a, 0x58, 0x2a, 0x58, 0x2a, 0x58, 0x2a, 0x58, 0x2a, 0x58, 0x2a, 0x58, 0x2a, 0x58, 0x2a, 0x58, 0x2a, 0x58, 0x2a, 0x58, 0x2a, 0x58, 0x2a,
  0x58, 0x2a, 0x58, 0x2a, 0x58, 0x2a, 0x58, 0x2a, 0xb9, 0x3a, 0x58, 0x2a, 0x58, 0x2a, 0x58, 0x2a, 0x58, 0x2a, 0x58, 0x2a, 0x58, 0x2a, 0x58, 0x2a, 0x58, 0x2a, 0x58, 0x2a, 0x58, 0x2a, 0x58, 0x2a,
  0x58, 0x2a, 0x58, 0x2a, 0x58, 0x2a, 0x58, 0x2a, 0x58, 0x2a, 0x58, 0x2a, 0x58, 0x2a, 0x58, 0x2a, 0x58, 0x2a, 0x58, 0x2a, 0x58, 0x2a, 0x58, 0x2a, 0x58, 0x2a, 0x58, 0x2a, 0x58, 0x2a, 0x58, 0x2a,
  0x58, 0x2a, 0x58, 0x2a, 0x58, 0x2a, 0x58, 0x2a, 0x58, 0x2a, 0x58, 0x2a, 0xb9, 0x3a, 0x58, 0x2a, 0x58, 0x2a, 0x58, 0x2a, 0x58, 0x2a, 0x58, 0x2a, 0x58, 0x2a, 0x58, 0x2a, 0x58, 0x2a, 0x58, 0x2a,
  0x58, 0x2a, 0x58, 0x2a, 0x58, 0x2a, 0x58, 0x2a, 0x58, 0x2a, 0x58, 0x2a, 0x58, 0x2a, 0x58, 0x2a, 0x58, 0x2a, 0x58, 0x2a, 0x58, 0x2a, 0x58, 0x2a, 0x58, 0x2a, 0x58, 0x2a, 0x58, 0x2a, 0x58, 0x2a,
  0x58, 0x2a, 0x58, 0x2a, 0x58, 0x2a, 0x58, 0x2a, 0x58, 0x2a, 0x58, 0x2a, 0x58, 0x2a, 0x58, 0x2a, 0xb9, 0x3a, 0x58, 0x2a, 0x58, 0x2a, 0x58, 0x2a, 0x58, 0x2a, 0x58, 0x2a, 0x58, 0x2a, 0x58, 0x2a,
  0x58, 0x2a, 0x58, 0x2a, 0x58, 0x2a, 0x58, 0x2a, 0x58, 0x2a, 0x58, 0x2a, 0x58, 0x2a, 0x58, 0x2a, 0x58, 0x2a, 0x58, 0x2a, 0x58, 0x2a, 0x58, 0x2a, 0x58, 0x2a, 0x58, 0x2a, 0x58, 0x2a, 0x58, 0x2a,
  0x17, 0x22, 0x17, 0x22, 0x17, 0x22, 0x17, 0x22, 0x17, 0x22, 0x17, 0x22, 0x17, 0x22, 0x17, 0x22, 0x17, 0x22, 0x17, 0x22, 0x17, 0x22, 0x17, 0x22, 0x17, 0x22, 0x17, 0x22, 0x17, 0x22, 0x17, 0x22,
  0x17, 0x22, 0x17, 0x22, 0x17, 0x22, 0x17, 0x22, 0x17, 0x22, 0x17, 0x22, 0x17, 0x22, 0x78, 0x32, 0x17, 0x22, 0x17, 0x22, 0x17, 0x22, 0x17, 0x22, 0x17, 0x22, 0x17, 0x22, 0x17, 0x22, 0x17, 0x22,
  0x17, 0x22, 0x17, 0x22, 0x17, 0x22, 0x17, 0x22, 0x17, 0x22, 0x17, 0x22, 0x17, 0x22, 0x17, 0x22, 0x17, 0x22, 0x17, 0x22, 0x17, 0x22, 0x17, 0x22, 0x17, 0x22, 0x17, 0x22, 0x17, 0x22, 0x17, 0x22,
  0x17, 0x22, 0x17, 0x22, 0x17, 0x22, 0x17, 0x22, 0x17, 0x22, 0x17, 0x22, 0x17, 0x22, 0x17, 0x22, 0x17, 0x22, 0x78, 0x32, 0x17, 0x22, 0x17, 0x22, 0x17, 0x22, 0x17, 0x22, 0x17, 0x22, 0x17, 0x22,
  0x17, 0x22, 0x17, 0x22, 0x17, 0x22, 0x17, 0x22, 0x17, 0x22, 0x17, 0x22, 0x17, 0x22, 0x17, 0x22, 0x17, 0x22, 0x17, 0x22, 0x17, 0x22, 0x17, 0x22, 0x17, 0x22, 0x17, 0x22, 0x17, 0x22, 0x17, 0x22,
  0x17, 0x22, 0x17, 0x22, 0x17, 0x22, 0x17, 0x22, 0x17, 0x22, 0x17, 0x22, 0x17, 0x22, 0x17, 0x22, 0x17, 0x22, 0x17, 0x22, 0x17, 0x22, 0x78, 0x32, 0x17, 0x22, 0x17, 0x22, 0x17, 0x22, 0x17, 0x22,
  0x17, 0x22, 0x17, 0x22, 0x17, 0x22, 0x17, 0x22, 0x17, 0x22, 0x17, 0x22, 0x17, 0x22, 0x17, 0x22, 0x17, 0x22, 0x17, 0x22, 0x17, 0x22, 0x17, 0x22, 0x17, 0x22, 0x17, 0x22, 0x17, 0x22, 0x17, 0x22,
  0x17, 0x22, 0x17, 0x22, 0x17, 0x22, 0x17, 0x22, 0x17, 0x22, 0x17, 0x22, 0x17, 0x22, 0x17, 0x22, 0x17, 0x22, 0x17, 0x22, 0x17, 0x22, 0x17, 0x22, 0x17, 0x22, 0x78, 0x32, 0x17, 0x22, 0x17, 0x22,
  0x17, 0x22, 0x17, 0x22, 0x17, 0x22, 0x17, 0x22, 0x17, 0x22, 0x17, 0x22, 0x17, 0x22, 0x17, 0x22, 0x17, 0x22, 0x17, 0x22, 0x17, 0x22, 0x17, 0x22, 0x17, 0x22, 0x17, 0x22, 0x17, 0x22, 0x17, 0x22,
  0x17, 0x22, 0x17, 0x22, 0x17, 0x22, 0x17, 0x22, 0x17, 0x22, 0x17, 0x22, 0x17, 0x22, 0x17, 0x22, 0x17, 0x22, 0x17, 0x22, 0x17, 0x22, 0x17, 0x22, 0x17, 0x22, 0x17, 0x22, 0x17, 0x22, 0x78, 0x32,
  0x17, 0x22, 0x17, 0x22, 0x17, 0x22, 0x17, 0x22, 0x17, 0x22, 0x17, 0x22, 0x17, 0x22, 0x17, 0x22, 0x17, 0x22, 0x17, 0x22, 0x17, 0x22, 0x17, 0x22, 0x17, 0x22, 0x17, 0x22, 0x17, 0x22, 0x17, 0x22,
  0x17, 0x22, 0x17, 0x22, 0x17, 0x22, 0x17, 0x22, 0x17, 0x22, 0x17, 0x22, 0x17, 0x22, 0x17, 0x22, 0x17, 0x22, 0x17, 0x22, 0x17, 0x22, 0x17, 0x22, 0x17, 0x22, 0x17, 0x22, 0x17, 0x22, 0x17, 0x22,
  0x17, 0x22, 0x78, 0x32, 0x17, 0x22, 0x17, 0x22, 0x17, 0x22, 0x17, 0x22, 0x17, 0x22, 0x17, 0x22, 0x17, 0x22, 0x17, 0x22, 0x17, 0x22, 0x17, 0x22, 0x17, 0x22, 0x17, 0x22, 0x17, 0x22, 0x17, 0x22,
  0x17, 0x22, 0x17, 0x22, 0x17, 0x22, 0x17, 0x22, 0x17, 0x22, 0x17, 0x22, 0x17, 0x22, 0x17, 0x22, 0x17, 0x22, 0x17, 0x22, 0x17, 0x22, 0x17, 0x22, 0x17, 0x22, 0x17, 0x22, 0x17, 0x22, 0x17, 0x22,
  0x17, 0x22, 0x17, 0x22, 0x17, 0x22, 0x78, 0x32, 0x17, 0x22, 0x17, 0x22, 0x17, 0x22, 0x17, 0x22, 0x17, 0x22, 0x17, 0x22, 0x17, 0x22, 0x17, 0x22, 0x17, 0x22, 0x17, 0x22, 0x17, 0x22, 0x17, 0x22,
  0x17, 0x22, 0x17, 0x22, 0x17, 0x22, 0x17, 0x22, 0x17, 0x22, 0x17, 0x22, 0x17, 0x22, 0x17, 0x22, 0x17, 0x22, 0x17, 0x22, 0x17, 0x22, 0x17, 0x22, 0x17, 0x22, 0x17, 0x22, 0x17, 0x22, 0x17, 0x22,
  0x17, 0x22, 0x17, 0x22, 0x17, 0x22, 0x17, 0x22, 0x17, 0x22, 0x78, 0x32, 0x17, 0x22, 0x17, 0x22, 0x17, 0x22, 0x17, 0x22, 0x17, 0x22, 0x17, 0x22, 0x17, 0x22, 0x17, 0x22, 0x17, 0x22, 0x17, 0x22,
  0x17, 0x22, 0x17, 0x22, 0x17, 0x22, 0x17, 0x22, 0x17, 0x22, 0x17, 0x22, 0x17, 0x22, 0x17, 0x22, 0x17, 0x22, 0x17, 0x22, 0x17, 0x22, 0x17, 0x22, 0x17, 0x22, 0x17, 0x22, 0x17, 0x22, 0x17, 0x22,
  0x17, 0x22, 0x17, 0x22, 0x17, 0x22, 0x17, 0x22, 0x17, 0x22, 0x17, 0x22, 0x17, 0x22, 0x78, 0x32, 0x17, 0x22, 0x17, 0x22, 0x17, 0x22, 0x17, 0x22, 0x17, 0x22, 0x17, 0x22, 0x17, 0x22, 0x17, 0x22,
  0x17, 0x22, 0x17, 0x22, 0x17, 0x22, 0x17, 0x22, 0x17, 0x22, 0x17, 0x22, 0x17, 0x22, 0x17, 0x22, 0x17, 0x22, 0x17, 0x22, 0x17, 0x22, 0x17, 0x22, 0x17, 0x22, 0x17, 0x22, 0x17, 0x22, 0x17, 0x22,
  0x17, 0x22, 0x17, 0x22, 0x17, 0x22, 0x17, 0x22, 0x17, 0x22, 0x17, 0x22, 0x17, 0x22, 0x17, 0x22, 0x17, 0x22, 0x17, 0x22, 0x17, 0x22, 0x17, 0x22, 0x17, 0x22, 0x17, 0x22, 0x17, 0x22, 0x17, 0x22,
  0x17, 0x22, 0x17, 0x22, 0x17, 0x22, 0x17, 0x22, 0x17, 0x22, 0x17, 0x22, 0x78, 0x32, 0x17, 0x22, 0x17, 0x22, 0x17, 0x22, 0x17, 0x22, 0x17, 0x22, 0x17, 0x22, 0x17, 0x22, 0x17, 0x22, 0x17, 0x22,
  0x17, 0x22, 0x17, 0x22, 0x17, 0x22, 0x17, 0x22, 0x17, 0x22, 0x17, 0x22, 0x17, 0x22, 0x17, 0x22, 0x17, 0x22, 0x17, 0x22, 0x17, 0x22, 0x17, 0x22, 0x17, 0x22, 0x17, 0x22, 0x17, 0x22, 0x17, 0x22,
  0x17, 0x22, 0x17, 0x22, 0x17, 0x22, 0x17, 0x22, 0x17, 0x22, 0x17, 0x22, 0x17, 0x22, 0x17, 0x22, 0x78, 0x32, 0x17, 0x22, 0x17, 0x22, 0x17, 0x22, 0x17, 0x22, 0x17, 0x22, 0x17, 0x22, 0x17, 0x22,
  0x17, 0x22, 0x17, 0x22, 0x17, 0x22, 0x17, 0x22, 0x17, 0x22, 0x17, 0x22, 0x17, 0x22, 0x17, 0x22, 0x17, 0x22, 0x17, 0x22, 0x17, 0x22, 0x17, 0x22, 0x17, 0x22, 0x17, 0x22, 0x17, 0x22, 0x17, 0x22,
  0x17, 0x22, 0x17, 0x22, 0x17, 0x22, 0x17, 0x22, 0x17, 0x22, 0x17, 0x22, 0x17, 0x22, 0x17, 0x22, 0x17, 0x22, 0x17, 0x22, 0x78, 0x32, 0x17, 0x22, 0x17, 0x22, 0x17, 0x22, 0x17, 0x22, 0x17, 0x22,
  0x17, 0x22, 0x17, 0x22, 0x17, 0x22, 0x17, 0x22, 0x17, 0x22, 0x17, 0x22, 0x17, 0x22, 0x17, 0x22, 0x17, 0x22, 0x17, 0x22, 0x17, 0x22, 0x17, 0x22, 0x17, 0x22, 0x17, 0x22, 0x17, 0x22, 0x17, 0x22,
  0x17, 0x22, 0x17, 0x22, 0x17, 0x22, 0x17, 0x22, 0x17, 0x22, 0x17, 0x22, 0x17, 0x22, 0x17, 0x22, 0x17, 0x22, 0x17, 0x22, 0x17, 0x22, 0x17, 0x22, 0x78, 0x32, 0x17, 0x22, 0x17, 0x22, 0x17, 0x22,
  0x17, 0x22, 0x17, 0x22, 0x17, 0x22, 0x17, 0x22, 0x17, 0x22, 0x17, 0x22, 0x17, 0x22, 0x17, 0x22, 0x17, 0x22, 0x17, 0x22, 0x17, 0x22, 0x17, 0x22, 0x17, 0x22, 0x17, 0x22, 0x17, 0x22, 0x17, 0x22,
  0x17, 0x22, 0x17, 0x22, 0x17, 0x22, 0x17, 0x22, 0x17, 0x22, 0x17, 0x22, 0x17, 0x22, 0x17, 0x22, 0x17, 0x22, 0x17, 0x22, 0x17, 0x22, 0x17, 0x22, 0x17, 0x22, 0x17, 0x22, 0x78, 0x32, 0x17, 0x22,
  0x17, 0x22, 0x17, 0x22, 0x17, 0x22, 0x17, 0x22, 0x17, 0x22, 0x17, 0x22, 0x17, 0x22, 0x17, 0x22, 0x17, 0x22, 0x17, 0x22, 0x17, 0x22, 0x17, 0x22, 0x17, 0x22, 0x17, 0x22, 0x17, 0x22, 0x17, 0x22,
  0x17, 0x22, 0x17, 0x22, 0x17, 0x22, 0x17, 0x22, 0x17, 0x22, 0x17, 0x22, 0x17, 0x22, 0x17, 0x22, 0x17, 0x22, 0x17, 0x22, 0x17, 0x22, 0x17, 0x22, 0x17, 0x22, 0x17, 0x22, 0x17, 0x22, 0x17, 0x22,
  0x78, 0x32, 0x17, 0x22, 0x17, 0x22, 0x17, 0x22, 0x17, 0x22, 0x17, 0x22, 0x17, 0x22, 0x17, 0x22, 0x17, 0x22, 0x17, 0x22, 0x17, 0x22, 0x17, 0x22, 0x17, 0x22, 0x17, 0x22, 0x17, 0x22, 0x17, 0x22,
  0x17, 0x22, 0x17, 0x22, 0x17, 0x22, 0x17, 0x22, 0x17, 0x22, 0x17, 0x22, 0x17, 0x22, 0x17, 0x22, 0x17, 0x22, 0x17, 0x22, 0x17, 0x22, 0x17, 0x22, 0x17, 0x22, 0x17, 0x22, 0x17, 0x22, 0x17, 0x22,
  0x17, 0x22, 0x17, 0x22, 0x78, 0x32, 0x17, 0x22, 0x17, 0x22, 0x17, 0x22, 0x17, 0x22, 0x17, 0x22, 0x17, 0x22, 0x17, 0x22, 0x17, 0x22, 0x17, 0x22, 0x17, 0x22, 0x17, 0x22, 0x17, 0x22, 0x17, 0x22,
  0x17, 0x22, 0x17, 0x22, 0x17, 0x22, 0x17, 0x22, 0x17, 0x22, 0x17, 0x22, 0x17, 0x22, 0x17, 0x22, 0x17, 0x22, 0x17, 0x22, 0x17, 0x22, 0x17, 0x22, 0x17, 0x22, 0x17, 0x22, 0x17, 0x22, 0x17, 0x22,
  0x17, 0x22, 0x17, 0x22, 0x17, 0x22, 0x17, 0x22, 0x78, 0x32, 0x17, 0x22, 0x17, 0x22, 0x17, 0x22, 0x17, 0x22, 0x17, 0x22, 0x17, 0x22, 0x17, 0x22, 0x17, 0x22, 0x17, 0x22, 0x17, 0x22, 0x17, 0x22,
  0x17, 0x22, 0x17, 0x22, 0x17, 0x22, 0x17, 0x22, 0x17, 0x22, 0x17, 0x22, 0x17, 0x22, 0x17, 0x22, 0x17, 0x22, 0x17, 0x22, 0x17, 0x22, 0x17, 0x22, 0x17, 0x22, 0x17, 0x22, 0x17, 0x22, 0x17, 0x22,
  0x17, 0x22, 0x17, 0x22, 0x17, 0x22, 0x17, 0x22, 0x17, 0x22, 0x17, 0x22, 0x78, 0x32, 0x17, 0x22, 0x17, 0x22, 0x17, 0x22, 0x17, 0x22, 0x17, 0x22, 0x17, 0x22, 0x17, 0x22, 0x17, 0x22, 0x17, 0x22,
  0x17, 0x22, 0x17, 0x22, 0x17, 0x22, 0x17, 0x22, 0x17, 0x22, 0x17, 0x22, 0x17, 0x22, 0x17, 0x22, 0x17, 0x22, 0x17, 0x22, 0x17, 0x22, 0x17, 0x22, 0x17, 0x22, 0x17, 0x22, 0x17, 0x22, 0x17, 0x22,
  0x17, 0x22, 0x17, 0x22, 0x17, 0x22, 0x17, 0x22, 0x17, 0x22, 0x17, 0x22, 0x17, 0x22, 0x17, 0x22, 0x17, 0x22, 0x17, 0x22, 0x17, 0x22, 0x17, 0x22, 0x17, 0x22, 0x17, 0x22, 0x17, 0x22, 0x17, 0x22,
  0x17, 0x22, 0x17, 0x22, 0x17, 0x22, 0x17, 0x22, 0x17, 0x22, 0x78, 0x32, 0x17, 0x22, 0x17, 0x22, 0x17, 0x22, 0x17, 0x22, 0x17, 0x22, 0x17, 0x22, 0x17, 0x22, 0x17, 0x22, 0x17, 0x22, 0x17, 0x22,
  0x17, 0x22, 0x17, 0x22, 0x17, 0x22, 0x17, 0x22, 0x17, 0x22, 0x17, 0x22, 0x17, 0x22, 0x17, 0x22, 0x17, 0x22, 0x17, 0x22, 0x17, 0x22, 0x17, 0x22, 0x17, 0x22, 0x17, 0x22, 0x17, 0x22, 0x17, 0x22,
  0x17, 0x22, 0x17, 0x22, 0x17, 0x22, 0x17, 0x22, 0x17, 0x22, 0x17, 0x22, 0x17, 0x22, 0x78, 0x32, 0x17, 0x22, 0x17, 0x22, 0x17, 0x22, 0x17, 0x22, 0x17, 0x22, 0x17, 0x22, 0x17, 0x22, 0x17, 0x22,
  0x17, 0x22, 0x17, 0x22, 0x17, 0x22, 0x17, 0x22, 0x17, 0x22, 0x17, 0x22, 0x17, 0x22, 0x17, 0x22, 0x17, 0x22, 0x17, 0x22, 0x17, 0x22, 0x17, 0x22, 0x17, 0x22, 0x17, 0x22, 0x17, 0x22, 0x17, 0x22,
  0x17, 0x22, 0x17, 0x22, 0x17, 0x22, 0x17, 0x22, 0x17, 0x22, 0x17, 0x22, 0x17, 0x22, 0x17, 0x22, 0x17, 0x22, 0x78, 0x32, 0x17, 0x22, 0x17, 0x22, 0x17, 0x22, 0x17, 0x22, 0x17, 0x22, 0x17, 0x22,
  0x17, 0x22, 0x17, 0x22, 0x17, 0x22, 0x17, 0x22, 0x17, 0x22, 0x17, 0x22, 0x17, 0x22, 0x17, 0x22, 0x17, 0x22, 0x17, 0x22, 0x17, 0x22, 0x17, 0x22, 0x17, 0x22, 0x17, 0x22, 0x17, 0x22, 0x17, 0x22,
  0x17, 0x22, 0x17, 0x22, 0x17, 0x22, 0x17, 0x22, 0x17, 0x22, 0x17, 0x22, 0x17, 0x22, 0x17, 0x22, 0x17, 0x22, 0x17, 0x22, 0x17, 0x22, 0x78, 0x32, 0x17, 0x22, 0x17, 0x22, 0x17, 0x22, 0x17, 0x22,
  0x17, 0x22, 0x17, 0x22, 0x17, 0x22, 0x17, 0x22, 0x17, 0x22, 0x17, 0x22, 0x17, 0x22, 0x17, 0x22, 0x17, 0x22, 0x17, 0x22, 0x17, 0x22, 0x17, 0x22, 0x17, 0x22, 0x17, 0x22, 0x17, 0x22, 0x17, 0x22,
  0x17, 0x22, 0x17, 0x22, 0x17, 0x22, 0x17, 0x22, 0x17, 0x22, 0x17, 0x22, 0x17, 0x22, 0x17, 0x22, 0x17, 0x22, 0x17, 0x22, 0x17, 0x22, 0x17, 0x22, 0x17, 0x22, 0x78, 0x32, 0x17, 0x22, 0x17, 0x22,
  0x17, 0x22, 0x17, 0x22, 0x17, 0x22, 0x17, 0x22, 0x17, 0x22, 0x17, 0x22, 0x17, 0x22, 0x17, 0x22, 0x17, 0x22, 0x17, 0x22, 0x17, 0x22, 0x17, 0x22, 0x17, 0x22, 0x17, 0x22, 0x17, 0x22, 0x17, 0x22,
  0x17, 0x22, 0x17, 0x22, 0x17, 0x22, 0x17, 0x22, 0x17, 0x22, 0x17, 0x22, 0x17, 0x22, 0x17, 0x22, 0x17, 0x22, 0x17, 0x22, 0x17, 0x22, 0x17, 0x22, 0x17, 0x22, 0x17, 0x22, 0x17, 0x22, 0x78, 0x32,
  0x17, 0x22, 0x17, 0x22, 0x17, 0x22, 0x17, 0x22, 0x17, 0x22, 0x17, 0x22, 0x17, 0x22, 0x17, 0x22, 0x17, 0x22, 0x17, 0x22, 0x17, 0x22, 0x17, 0x22, 0x17, 0x22, 0x17, 0x22, 0x17, 0x22, 0x17, 0x22,
  0x17, 0x22, 0x17, 0x22, 0x17, 0x22, 0x17, 0x22, 0x17, 0x22, 0x17, 0x22, 0x17, 0x22, 0x17, 0x22, 0x17, 0x22, 0x17, 0x22, 0x17, 0x22, 0x17, 0x22, 0x17, 0x22, 0x17, 0x22, 0x17, 0x22, 0x17, 0x22,
  0x17, 0x22, 0x78, 0x32, 0x17, 0x22, 0x17, 0x22, 0x17, 0x22, 0x17, 0x22, 0x17, 0x22, 0x17, 0x22, 0x17, 0x22, 0x17, 0x22, 0x17, 0x22, 0x17, 0x22, 0x17, 0x22, 0x17, 0x22, 0x17, 0x22, 0x17, 0x22,
  0x17, 0x22, 0x17, 0x22, 0x17, 0x22, 0x17, 0x22, 0x17, 0x22, 0x17, 0x22, 0x17, 0x22, 0x17, 0x22, 0x17, 0x22, 0x17, 0x22, 0x17, 0x22, 0x17, 0x22, 0x17, 0x22, 0x17, 0x22, 0x17, 0x22, 0x17, 0x22,
  0x17, 0x22, 0x17, 0x22, 0x17, 0x22, 0x78, 0x32, 0x17, 0x22, 0x17, 0x22, 0x17, 0x22, 0x17, 0x22, 0x17, 0x22, 0x17, 0x22, 0x17, 0x22, 0x17, 0x22, 0x17, 0x22, 0x17, 0x22, 0x17, 0x22, 0x17, 0x22,
  0x17, 0x22, 0x17, 0x22, 0x17, 0x22, 0x17, 0x22, 0x17, 0x22, 0x17, 0x22, 0x17, 0x22, 0x17, 0x22, 0x17, 0x22, 0x17, 0x22, 0x17, 0x22, 0x17, 0x22, 0x17, 0x22, 0x17, 0x22, 0x17, 0x22, 0x17, 0x22,
  0x17, 0x22, 0x17, 0x22, 0x17, 0x22, 0x17, 0x22, 0x17, 0x22, 0x78, 0x32, 0x17, 0x22, 0x17, 0x22, 0x17, 0x22, 0x17, 0x22, 0x17, 0x22, 0x17, 0x22, 0x17, 0x22, 0x17, 0x22, 0x17, 0x22, 0x17, 0x22,
  0x17, 0x22, 0x17, 0x22, 0x17, 0x22, 0x17, 0x22, 0x17, 0x22, 0x17, 0x22, 0x17, 0x22, 0x17, 0x22, 0x17, 0x22, 0x17, 0x22, 0x17, 0x22, 0x17, 0x22, 0x17, 0x22, 0x17, 0x22, 0x17, 0x22, 0x17, 0x22,
  0x17, 0x22, 0x17, 0x22, 0x17, 0x22, 0x17, 0x22, 0x17, 0x22, 0x17, 0x22, 0x17, 0x22, 0x17, 0x22, 0x17, 0x22, 0x17, 0x22, 0x17, 0x22, 0x17, 0x22, 0x17, 0x22, 0x17, 0x22, 0x17, 0x22, 0x17, 0x22,
  0x17, 0x22, 0x17, 0x22, 0x17, 0x22, 0x17, 0x22, 0x78, 0x32, 0x17, 0x22, 0x17, 0x22, 0x17, 0x22, 0x17, 0x22, 0x17, 0x22, 0x17, 0x22, 0x17, 0x22, 0x17, 0x22, 0x17, 0x22, 0x17, 0x22, 0x17, 0x22,
  0x17, 0x22, 0x17, 0x22, 0x17, 0x22, 0x17, 0x22, 0x17, 0x22, 0x17, 0x22, 0x17, 0x22, 0x17, 0x22, 0x17, 0x22, 0x17, 0x22, 0x17, 0x22, 0x17, 0x22, 0x17, 0x22, 0x17, 0x22, 0x17, 0x22, 0x17, 0x22,
  0x17, 0x22, 0x17, 0x22, 0x17, 0x22, 0x17, 0x22, 0x17, 0x22, 0x17, 0x22, 0x78, 0x32, 0x17, 0x22, 0x17, 0x22, 0x17, 0x22, 0x17, 0x22, 0x17, 0x22, 0x17, 0x22, 0x17, 0x22, 0x17, 0x22, 0x17, 0x22,
  0x17, 0x22, 0x17, 0x22, 0x17, 0x22, 0x17, 0x22, 0x17, 0x22, 0x17, 0x22, 0x17, 0x22, 0x17, 0x22, 0x17, 0x22, 0x17, 0x22, 0x17, 0x22, 0x17, 0x22, 0x17, 0x22, 0x17, 0x22, 0x17, 0x22, 0x17, 0x22,
  0x17, 0x22, 0x17, 0x22, 0x17, 0x22, 0x17, 0x22, 0x17, 0x22, 0x17, 0x22, 0x17, 0x22, 0x17, 0x22, 0x78, 0x32, 0x17, 0x22, 0x17, 0x22, 0x17, 0x22, 0x17, 0x22, 0x17, 0x22, 0x17, 0x22, 0x17, 0x22,
  0x17, 0x22, 0x17, 0x22, 0x17, 0x22, 0x17, 0x22, 0x17, 0x22, 0x17, 0x22, 0x17, 0x22, 0x17, 0x22, 0x17, 0x22, 0x17, 0x22, 0x17, 0x22, 0x17, 0x22, 0x17, 0x22, 0x17, 0x22, 0x17, 0x22, 0x17, 0x22,
  0x17, 0x22, 0x17, 0x22, 0x17, 0x22, 0x17, 0x22, 0x17, 0x22, 0x17, 0x22, 0x17, 0x22, 0x17, 0x22, 0x17, 0x22, 0x17, 0x22, 0x78, 0x32, 0x17, 0x22, 0x17, 0x22, 0x17, 0x22, 0x17, 0x22, 0x17, 0x22,
  0x17, 0x22, 0x17, 0x22, 0x17, 0x22, 0x17, 0x22, 0x17, 0x22, 0x17, 0x22, 0x17, 0x22, 0x17, 0x22, 0x17, 0x22, 0x17, 0x22, 0x17, 0x22, 0x17, 0x22, 0x17, 0x22, 0x17, 0x22, 0x17, 0x22, 0x17, 0x22,
  0x17, 0x22, 0x17, 0x22, 0x17, 0x22, 0x17, 0x22, 0x17, 0x22, 0x17, 0x22, 0x17, 0x22, 0x17, 0x22, 0x17, 0x22, 0x17, 0x22, 0x17, 0x22, 0x17, 0x22, 0x78, 0x32, 0x17, 0x22, 0x17, 0x22, 0x17, 0x22,
  0x17, 0x22, 0x17, 0x22, 0x17, 0x22, 0x17, 0x22, 0x17, 0x22, 0x17, 0x22, 0x17, 0x22, 0x17, 0x22, 0x17, 0x22, 0x17, 0x22, 0x17, 0x22, 0x17, 0x22, 0x17, 0x22, 0x17, 0x22, 0x17, 0x22, 0x17, 0x22,
  0x17, 0x22, 0x17, 0x22, 0x17, 0x22, 0x17, 0x22, 0x17, 0x22, 0x17, 0x22, 0x17, 0x22, 0x17, 0x22, 0x17, 0x22, 0x17, 0x22, 0x17, 0x22, 0x17, 0x22, 0x17, 0x22, 0x17, 0x22, 0x78, 0x32, 0x17, 0x22,
  0x17, 0x22, 0x17, 0x22, 0x17, 0x22, 0x17, 0x22, 0x17, 0x22, 0x17, 0x22, 0x17, 0x22, 0x17, 0x22, 0x17, 0x22, 0x17, 0x22, 0x17, 0x22, 0x17, 0x22, 0x17, 0x22, 0x17, 0x22, 0x17, 0x22, 0x17, 0x22,
  0x17, 0x22, 0x17, 0x22, 0x17, 0x22, 0x17, 0x22, 0x17, 0x22, 0x17, 0x22, 0x17, 0x22, 0x17, 0x22, 0x17, 0x22, 0x17, 0x22, 0x17, 0x22, 0x17, 0x22, 0x17, 0x22, 0x17, 0x22, 0x17, 0x22, 0x17, 0x22,
  0x78, 0x32, 0x17, 0x22, 0x17, 0x22, 0x17, 0x22, 0x17, 0x22, 0x17, 0x22, 0x17, 0x22, 0x17, 0x22, 0x17, 0x22, 0x17, 0x22, 0x17, 0x22, 0x17, 0x22, 0x17, 0x22, 0x17, 0x22, 0x17, 0x22, 0x17, 0x22,
  0x17, 0x22, 0x17, 0x22, 0x17, 0x22, 0x17, 0x22, 0x17, 0x22, 0x17, 0x22, 0x17, 0x22, 0x17, 0x22, 0x17, 0x22, 0x17, 0x22, 0x17, 0x22, 0x17, 0x22, 0x17, 0x22, 0x17, 0x22, 0x17, 0x22, 0x17, 0x22,
  0x17, 0x22, 0x17, 0x22, 0x78, 0x32, 0x17, 0x22, 0x17, 0x22, 0x17, 0x22, 0x17, 0x22, 0x17, 0x22, 0x17, 0x22, 0x17, 0x22, 0x17, 0x22, 0x17, 0x22, 0x17, 0x22, 0x17, 0x22, 0x17, 0x22, 0x17, 0x22,
  0x17, 0x22, 0x17, 0x22, 0x17, 0x22, 0x17, 0x22, 0x17, 0x22, 0x17, 0x22, 0x17, 0x22, 0x17, 0x22, 0x17, 0x22, 0x17, 0x22, 0x17, 0x22, 0x17, 0x22, 0x17, 0x22, 0x17, 0x22, 0x17, 0x22, 0x17, 0x22,
  0x17, 0x22, 0x17, 0x22, 0x17, 0x22, 0x17, 0x22, 0x78, 0x32, 0x17, 0x22, 0x17, 0x22, 0x17, 0x22, 0x17, 0x22, 0x17, 0x22, 0x17, 0x22, 0x17, 0x22, 0x17, 0x22, 0x17, 0x22, 0x17, 0x22, 0x17, 0x22,
  0x17, 0x22, 0x17, 0x22, 0x17, 0x22, 0x17, 0x22, 0x17, 0x22, 0x17, 0x22, 0x17, 0x22, 0x17, 0x22, 0x17, 0x22, 0x17, 0x22, 0x17, 0x22, 0x17, 0x22, 0x17, 0x22, 0x17, 0x22, 0x17, 0x22, 0x17, 0x22,
  0x17, 0x22, 0x17, 0x22, 0x17, 0x22, 0x17, 0x22, 0x17, 0x22, 0x17, 0x22, 0x17, 0x22, 0x17, 0x22, 0x17, 0x22, 0x17, 0x22, 0x17, 0x22, 0x17, 0x22, 0x17, 0x22, 0x17, 0x22, 0x17, 0x22, 0x17, 0x22,
  0x17, 0x22, 0x17, 0x22, 0x17, 0x22, 0x78, 0x32, 0x17, 0x22, 0x17, 0x22, 0x17, 0x22, 0x17, 0x22, 0x17, 0x22, 0x17, 0x22, 0x17, 0x22, 0x17, 0x22, 0x17, 0x22, 0x17, 0x22, 0x17, 0x22, 0x17, 0x22,
  0x17, 0x22, 0x17, 0x22, 0x17, 0x22, 0x17, 0x22, 0x17, 0x22, 0x17, 0x22, 0x17, 0x22, 0x17, 0x22, 0x17, 0x22, 0x17, 0x22, 0x17, 0x22, 0x17, 0x22, 0x17, 0x22, 0x17, 0x22, 0x17, 0x22, 0x17, 0x22,
  0x17, 0x22, 0x17, 0x22, 0x17, 0x22, 0x17, 0x22, 0x17, 0x22, 0x78, 0x32, 0x17, 0x22, 0x17, 0x22, 0x17, 0x22, 0x17, 0x22, 0x17, 0x22, 0x17, 0x22, 0x17, 0x22, 0x17, 0x22, 0x17, 0x22, 0x17, 0x22,
  0x17, 0x22, 0x17, 0x22, 0x17, 0x22, 0x17, 0x22, 0x17, 0x22, 0x17, 0x22, 0x17, 0x22, 0x17, 0x22, 0x17, 0x22, 0x17, 0x22, 0x17, 0x22, 0x17, 0x22, 0x17, 0x22, 0x17, 0x22, 0x17, 0x22, 0x17, 0x22,
  0x17, 0x22, 0x17, 0x22, 0x17, 0x22, 0x17, 0x22, 0x17, 0x22, 0x17, 0x22, 0x17, 0x22, 0x78, 0x32, 0x17, 0x22, 0x17, 0x22, 0x17, 0x22, 0x17, 0x22, 0x17, 0x22, 0x17, 0x22, 0x17, 0x22, 0x17, 0x22,
  0x17, 0x22, 0x17, 0x22, 0x17, 0x22, 0x17, 0x22, 0x17, 0x22, 0x17, 0x22, 0x17, 0x22, 0x17, 0x22, 0x17, 0x22, 0x17, 0x22, 0x17, 0x22, 0x17, 0x22, 0x17, 0x22, 0x17, 0x22, 0x17, 0x22, 0x17, 0x22,
  0x17, 0x22, 0x17, 0x22, 0x17, 0x22, 0x17, 0x22, 0x17, 0x22, 0x17, 0x22, 0x17, 0x22, 0x17, 0x22, 0x17, 0x22, 0x78, 0x32, 0x17, 0x22, 0x17, 0x22, 0x17, 0x22, 0x17, 0x22, 0x17, 0x22, 0x17, 0x22,
  0x17, 0x22, 0x17, 0x22, 0x17, 0x22, 0x17, 0x22, 0x17, 0x22, 0x17, 0x22, 0x17, 0x22, 0x17, 0x22, 0x17, 0x22, 0x17, 0x22, 0x17, 0x22, 0x17, 0x22, 0x17, 0x22, 0x17, 0x22, 0x17, 0x22, 0x17, 0x22,
  0x17, 0x22, 0x17, 0x22, 0x17, 0x22, 0x17, 0x22, 0x17, 0x22, 0x17, 0x22, 0x17, 0x22, 0x17, 0x22, 0x17, 0x22, 0x17, 0x22, 0x17, 0x22, 0x78, 0x32, 0x17, 0x22, 0x17, 0x22, 0x17, 0x22, 0x17, 0x22,
  0x17, 0x22, 0x17, 0x22, 0x17, 0x22, 0x17, 0x22, 0x17, 0x22, 0x17, 0x22, 0x17, 0x22, 0x17, 0x22, 0x17, 0x22, 0x17, 0x22, 0x17, 0x22, 0x17, 0x22, 0x17, 0x22, 0x17, 0x22, 0x17, 0x22, 0x17, 0x22,
  0x17, 0x22, 0x17, 0x22, 0x17, 0x22, 0x17, 0x22, 0x17, 0x22, 0x17, 0x22, 0x17, 0x22, 0x17, 0x22, 0x17, 0x22, 0x17, 0x22, 0x17, 0x22, 0x17, 0x22, 0x17, 0x22, 0x78, 0x32, 0x17, 0x22, 0x17, 0x22,
  0x17, 0x22, 0x17, 0x22, 0x17, 0x22, 0x17, 0x22, 0x17, 0x22, 0x17, 0x22, 0x17, 0x22, 0x17, 0x22, 0x17, 0x22, 0x17, 0x22, 0x17, 0x22, 0x17, 0x22, 0x17, 0x22, 0x17, 0x22, 0x17, 0x22, 0x17, 0x22,
  0x17, 0x22, 0x17, 0x22, 0x17, 0x22, 0x17, 0x22, 0x17, 0x22, 0x17, 0x22, 0x17, 0x22, 0x17, 0x22, 0x17, 0x22, 0x17, 0x22, 0x17, 0x22, 0x17, 0x22, 0x17, 0x22, 0x17, 0x22, 0x17, 0x22, 0x78, 0x32,
  0x17, 0x22, 0x17, 0x22, 0x17, 0x22, 0x17, 0x22, 0x17, 0x22, 0x17, 0x22, 0x17, 0x22, 0x17, 0x22, 0x17, 0x22, 0x17, 0x22, 0x17, 0x22, 0x17, 0x22, 0x17, 0x22, 0x17, 0x22, 0x17, 0x22, 0x17, 0x22,
  0x17, 0x22, 0x17, 0x22, 0x17, 0x22, 0x17, 0x22, 0x17, 0x22, 0x17, 0x22, 0x17, 0x22, 0x17, 0x22, 0x17, 0x22, 0x17, 0x22, 0x17, 0x22, 0x17, 0x22, 0x17, 0x22, 0x17, 0x22, 0x17, 0x22, 0x17, 0x22,
  0x17, 0x22, 0x78, 0x32, 0x17, 0x22, 0x17, 0x22, 0x17, 0x22, 0x17, 0x22, 0x17, 0x22, 0x17, 0x22, 0x17, 0x22, 0x17, 0x22, 0x17, 0x22, 0x17, 0x22, 0x17, 0x22, 0x17, 0x22, 0x17, 0x22, 0x17, 0x22,
  0x17, 0x22, 0x17, 0x22, 0x17, 0x22, 0x17, 0x22, 0x17, 0x22, 0x17, 0x22, 0x17, 0x22, 0x17, 0x22, 0x17, 0x22, 0x17, 0x22, 0x17, 0x22, 0x17, 0x22, 0x17, 0x22, 0x17, 0x22, 0x17, 0x22, 0x17, 0x22,
  0x17, 0x22, 0x17, 0x22, 0x17, 0x22, 0x78, 0x32, 0x17, 0x22, 0x17, 0x22, 0x17, 0x22, 0x17, 0x22, 0x17, 0x22, 0x17, 0x22, 0x17, 0x22, 0x17, 0x22, 0x17, 0x22, 0x17, 0x22, 0x17, 0x22, 0x17, 0x22,
  0x17, 0x22, 0x17, 0x22, 0x17, 0x22, 0x17, 0x22, 0x17, 0x22, 0x17, 0x22, 0x17, 0x22, 0x17, 0x22, 0x17, 0x22, 0x17, 0x22, 0x17, 0x22, 0x17, 0x22, 0x17, 0x22, 0x17, 0x22, 0x17, 0x22, 0x17, 0x22,
  0xf7, 0x21, 0xf7, 0x21, 0xf7, 0x21, 0xf7, 0x21, 0xf7, 0x21, 0xf7, 0x21, 0xf7, 0x21, 0xf7, 0x21, 0xf7, 0x21, 0xf7, 0x21, 0xf7, 0x21, 0xf7, 0x21, 0xf7, 0x21, 0xf7, 0x21, 0xf7, 0x21, 0xf7, 0x21,
  0xf7, 0x21, 0xf7, 0x21, 0x58, 0x32, 0xf7, 0x21, 0xf7, 0x21, 0xf7, 0x21, 0xf7, 0x21, 0xf7, 0x21, 0xf7, 0x21, 0xf7, 0x21, 0xf7, 0x21, 0xf7, 0x21, 0xf7, 0x21, 0xf7, 0x21, 0xf7, 0x21, 0xf7, 0x21,
  0xf7, 0x21, 0xf7, 0x21, 0xf7, 0x21, 0xf7, 0x21, 0xf7, 0x21, 0xf7, 0x21, 0xf7, 0x21, 0xf7, 0x21, 0xf7, 0x21, 0xf7, 0x21, 0xf7, 0x21, 0xf7, 0x21, 0xf7, 0x21, 0xf7, 0x21, 0xf7, 0x21, 0xf7, 0x21,
  0xf7, 0x21, 0xf7, 0x21, 0xf7, 0x21, 0xf7, 0x21, 0x58, 0x32, 0xf7, 0x21, 0xf7, 0x21, 0xf7, 0x21, 0xf7, 0x21, 0xf7, 0x21, 0xf7, 0x21, 0xf7, 0x21, 0xf7, 0x21, 0xf7, 0x21, 0xf7, 0x21, 0xf7, 0x21,
  0xf7, 0x21, 0xf7, 0x21, 0xf7, 0x21, 0xf7, 0x21, 0xf7, 0x21, 0xf7, 0x21, 0xf7, 0x21, 0xf7, 0x21, 0xf7, 0x21, 0xf7, 0x21, 0xf7, 0x21, 0xf7, 0x21, 0xf7, 0x21, 0xf7, 0x21, 0xf7, 0x21, 0xf7, 0x21,
  0xf7, 0x21, 0xf7, 0x21, 0xf7, 0x21, 0xf7, 0x21, 0xf7, 0x21, 0xf7, 0x21, 0x58, 0x32, 0xf7, 0x21, 0xf7, 0x21, 0xf7, 0x21, 0xf7, 0x21, 0xf7, 0x21, 0xf7, 0x21, 0xf7, 0x21, 0xf7, 0x21, 0xf7, 0x21,
  0xf7, 0x21, 0xf7, 0x21, 0xf7, 0x21, 0xf7, 0x21, 0xf7, 0x21, 0xf7, 0x21, 0xf7, 0x21, 0xf7, 0x21, 0xf7, 0x21, 0xf7, 0x21, 0xf7, 0x21, 0xf7, 0x21, 0xf7, 0x21, 0xf7, 0x21, 0xf7, 0x21, 0xf7, 0x21,
  0xf7, 0x21, 0xf7, 0x21, 0xf7, 0x21, 0xf7, 0x21, 0xf7, 0x21, 0xf7, 0x21, 0xf7, 0x21, 0xf7, 0x21, 0x58, 0x32, 0xf7, 0x21, 0xf7, 0x21, 0xf7, 0x21, 0xf7, 0x21, 0xf7, 0x21, 0xf7, 0x21, 0xf7, 0x21,
  0xf7, 0x21, 0xf7, 0x21, 0xf7, 0x21, 0xf7, 0x21, 0xf7, 0x21, 0xf7, 0x21, 0xf7, 0x21, 0xf7, 0x21, 0xf7, 0x21, 0xf7, 0x21, 0xf7, 0x21, 0xf7, 0x21, 0xf7, 0x21, 0xf7, 0x21, 0xf7, 0x21, 0xf7, 0x21,
  0xf7, 0x21, 0xf7, 0x21, 0xf7, 0x21, 0xf7, 0x21, 0xf7, 0x21, 0xf7, 0x21, 0xf7, 0x21, 0xf7, 0x21, 0xf7, 0x21, 0xf7, 0x21, 0x58, 0x32, 0xf7, 0x21, 0xf7, 0x21, 0xf7, 0x21, 0xf7, 0x21, 0xf7, 0x21,
  0xf7, 0x21, 0xf7, 0x21, 0xf7, 0x21, 0xf7, 0x21, 0xf7, 0x21, 0xf7, 0x21, 0xf7, 0x21, 0xf7, 0x21, 0xf7, 0x21, 0xf7, 0x21, 0xf7, 0x21, 0xf7, 0x21, 0xf7, 0x21, 0xf7, 0x21, 0xf7, 0x21, 0xf7, 0x21,
  0xf7, 0x21, 0xf7, 0x21, 0xf7, 0x21, 0xf7, 0x21, 0xf7, 0x21, 0xf7, 0x21, 0xf7, 0x21, 0xf7, 0x21, 0xf7, 0x21, 0xf7, 0x21, 0xf7, 0x21, 0xf7, 0x21, 0x58, 0x32, 0xf7, 0x21, 0xf7, 0x21, 0xf7, 0x21,
  0xf7, 0x21, 0xf7, 0x21, 0xf7, 0x21, 0xf7, 0x21, 0xf7, 0x21, 0xf7, 0x21, 0xf7, 0x21, 0xf7, 0x21, 0xf7, 0x21, 0xf7, 0x21, 0xf7, 0x21, 0xf7, 0x21, 0xf7, 0x21, 0xf7, 0x21, 0xf7, 0x21, 0xf7, 0x21,
  0xf7, 0x21, 0xf7, 0x21, 0xf7, 0x21, 0xf7, 0x21, 0xf7, 0x21, 0xf7, 0x21, 0xf7, 0x21, 0xf7, 0x21, 0xf7, 0x21, 0xf7, 0x21, 0xf7, 0x21, 0xf7, 0x21, 0xf7, 0x21, 0xf7, 0x21, 0x58, 0x32, 0xf7, 0x21,
  0xf7, 0x21, 0xf7, 0x21, 0xf7, 0x21, 0xf7, 0x21, 0xf7, 0x21, 0xf7, 0x21, 0xf7, 0x21, 0xf7, 0x21, 0xf7, 0x21, 0xf7, 0x21, 0xf7, 0x21, 0xf7, 0x21, 0xf7, 0x21, 0xf7, 0x21, 0xf7, 0x21, 0xf7, 0x21,
  0xf7, 0x21, 0xf7, 0x21, 0xf7, 0x21, 0xf7, 0x21, 0xf7, 0x21, 0xf7, 0x21, 0xf7, 0x21, 0xf7, 0x21, 0xf7, 0x21, 0xf7, 0x21, 0xf7, 0x21, 0xf7, 0x21, 0xf7, 0x21, 0xf7, 0x21, 0xf7, 0x21, 0xf7, 0x21,
  0x58, 0x32, 0xf7, 0x21, 0xf7, 0x21, 0xf7, 0x21, 0xf7, 0x21, 0xf7, 0x21, 0xf7, 0x21, 0xf7, 0x21, 0xf7, 0x21, 0xf7, 0x21, 0xf7, 0x21, 0xf7, 0x21, 0xf7, 0x21, 0xf7, 0x21, 0xf7, 0x21, 0xf7, 0x21,
  0xf7, 0x21, 0xf7, 0x21, 0xf7, 0x21, 0xf7, 0x21, 0xf7, 0x21, 0xf7, 0x21, 0xf7, 0x21, 0xf7, 0x21, 0xf7, 0x21, 0xf7, 0x21, 0xf7, 0x21, 0xf7, 0x21, 0xf7, 0x21, 0xf7, 0x21, 0xf7, 0x21, 0xf7, 0x21,
  0xf7, 0x21, 0xf7, 0x21, 0x58, 0x32, 0xf7, 0x21, 0xf7, 0x21, 0xf7, 0x21, 0xf7, 0x21, 0xf7, 0x21, 0xf7, 0x21, 0xf7, 0x21, 0xf7, 0x21, 0xf7, 0x21, 0xf7, 0x21, 0xf7, 0x21, 0xf7, 0x21, 0xf7, 0x21,
  0xf7, 0x21, 0xf7, 0x21, 0xf7, 0x21, 0xf7, 0x21, 0xf7, 0x21, 0xf7, 0x21, 0xf7, 0x21, 0xf7, 0x21, 0xf7, 0x21, 0xf7, 0x21, 0xf7, 0x21, 0xf7, 0x21, 0xf7, 0x21, 0xf7, 0x21, 0xf7, 0x21, 0xf7, 0x21,
  0x57, 0x32, 0x57, 0x32, 0x57, 0x32, 0x57, 0x32, 0x57, 0x32, 0x57, 0x32, 0x57, 0x32, 0x57, 0x32, 0x57, 0x32, 0x57, 0x32, 0x57, 0x32, 0x57, 0x32, 0x57, 0x32, 0x57, 0x32, 0x57, 0x32, 0x57, 0x32,
  0x57, 0x32, 0xb8, 0x42, 0x57, 0x32, 0x57, 0x32, 0x57, 0x32, 0x57, 0x32, 0x57, 0x32, 0x57, 0x32, 0x57, 0x32, 0x57, 0x32, 0x57, 0x32, 0x57, 0x32, 0x57, 0x32, 0x57, 0x32, 0x57, 0x32, 0x57, 0x32,
  0x57, 0x32, 0x57, 0x32, 0x57, 0x32, 0x57, 0x32, 0x57, 0x32, 0x57, 0x32, 0x57, 0x32, 0x57, 0x32, 0x57, 0x32, 0x57, 0x32, 0x57, 0x32, 0x57, 0x32, 0x57, 0x32, 0x57, 0x32, 0x57, 0x32, 0x57, 0x32,
  0x57, 0x32, 0x57, 0x32, 0x57, 0x32, 0xb8, 0x42, 0x57, 0x32, 0x57, 0x32, 0x57, 0x32, 0x57, 0x32, 0x57, 0x32, 0x57, 0x32, 0x57, 0x32, 0x57, 0x32, 0x57, 0x32, 0x57, 0x32, 0x57, 0x32, 0x57, 0x32,
  0x57, 0x32, 0x57, 0x32, 0x57, 0x32, 0x57, 0x32, 0x57, 0x32, 0x57, 0x32, 0x57, 0x32, 0x57, 0x32, 0x57, 0x32, 0x57, 0x32, 0x57, 0x32, 0x57, 0x32, 0x57, 0x32, 0x57, 0x32, 0x57, 0x32, 0x57, 0x32,
  0x57, 0x32, 0x57, 0x32, 0x57, 0x32, 0x57, 0x32, 0x57, 0x32, 0xb8, 0x42, 0x57, 0x32, 0x57, 0x32, 0x57, 0x32, 0x57, 0x32, 0x57, 0x32, 0x57, 0x32, 0x57, 0x32, 0x57, 0x32, 0x57, 0x32, 0x57, 0x32,
  0x57, 0x32, 0x57, 0x32, 0x57, 0x32, 0x57, 0x32, 0x57, 0x32, 0x57, 0x32, 0x57, 0x32, 0x57, 0x32, 0x57, 0x32, 0x57, 0x32, 0x57, 0x32, 0x57, 0x32, 0x57, 0x32, 0x57, 0x32, 0x57, 0x32, 0x57, 0x32,
  0x57, 0x32, 0x57, 0x32, 0x57, 0x32, 0x57, 0x32, 0x57, 0x32, 0x57, 0x32, 0x57, 0x32, 0xb8, 0x42, 0x57, 0x32, 0x57, 0x32, 0x57, 0x32, 0x57, 0x32, 0x57, 0x32, 0x57, 0x32, 0x57, 0x32, 0x57, 0x32,
  0x57, 0x32, 0x57, 0x32, 0x57, 0x32, 0x57, 0x32, 0x57, 0x32, 0x57, 0x32, 0x57, 0x32, 0x57, 0x32, 0x57, 0x32, 0x57, 0x32, 0x57, 0x32, 0x57, 0x32, 0x57, 0x32, 0x57, 0x32, 0x57, 0x32, 0x57, 0x32,
  0x57, 0x32, 0x57, 0x32, 0x57, 0x32, 0x57, 0x32, 0x57, 0x32, 0x57, 0x32, 0x57, 0x32, 0x57, 0x32, 0x57, 0x32, 0xb8, 0x42, 0x57, 0x32, 0x57, 0x32, 0x57, 0x32, 0x57, 0x32, 0x57, 0x32, 0x57, 0x32,
  0x57, 0x32, 0x57, 0x32, 0x57, 0x32, 0x57, 0x32, 0x57, 0x32, 0x57, 0x32, 0x57, 0x32, 0x57, 0x32, 0x57, 0x32, 0x57, 0x32, 0x57, 0x32, 0x57, 0x32, 0x57, 0x32, 0x57, 0x32, 0x57, 0x32, 0x57, 0x32,
  0x57, 0x32, 0x57, 0x32, 0x57, 0x32, 0x57, 0x32, 0x57, 0x32, 0x57, 0x32, 0x57, 0x32, 0x57, 0x32, 0x57, 0x32, 0x57, 0x32, 0x57, 0x32, 0xb8, 0x42, 0x57, 0x32, 0x57, 0x32, 0x57, 0x32, 0x57, 0x32,
  0x57, 0x32, 0x57, 0x32, 0x57, 0x32, 0x57, 0x32, 0x57, 0x32, 0x57, 0x32, 0x57, 0x32, 0x57, 0x32, 0x57, 0x32, 0x57, 0x32, 0x57, 0x32, 0x57, 0x32, 0x57, 0x32, 0x57, 0x32, 0x57, 0x32, 0x57, 0x32,
  0x57, 0x32, 0x57, 0x32, 0x57, 0x32, 0x57, 0x32, 0x57, 0x32, 0x57, 0x32, 0x57, 0x32, 0x57, 0x32, 0x57, 0x32, 0x57, 0x32, 0x57, 0x32, 0x57, 0x32, 0x57, 0x32, 0xb8, 0x42, 0x57, 0x32, 0x57, 0x32,
  0x57, 0x32, 0x57, 0x32, 0x57, 0x32, 0x57, 0x32, 0x57, 0x32, 0x57, 0x32, 0x57, 0x32, 0x57, 0x32, 0x57, 0x32, 0x57, 0x32, 0x57, 0x32, 0x57, 0x32, 0x57, 0x32, 0x57, 0x32, 0x57, 0x32, 0x57, 0x32,
  0x57, 0x32, 0x57, 0x32, 0x57, 0x32, 0x57, 0x32, 0x57, 0x32, 0x57, 0x32, 0x57, 0x32, 0x57, 0x32, 0x57, 0x32, 0x57, 0x32, 0x57, 0x32, 0x57, 0x32, 0x57, 0x32, 0x57, 0x32, 0x57, 0x32, 0xb8, 0x42,
  0x57, 0x32, 0x57, 0x32, 0x57, 0x32, 0x57, 0x32, 0x57, 0x32, 0x57, 0x32, 0x57, 0x32, 0x57, 0x32, 0x57, 0x32, 0x57, 0x32, 0x57, 0x32, 0x57, 0x32, 0x57, 0x32, 0x57, 0x32, 0x57, 0x32, 0x57, 0x32,
  0x57, 0x32, 0x57, 0x32, 0x57, 0x32, 0x57, 0x32, 0x57, 0x32, 0x57, 0x32, 0x57, 0x32, 0x57, 0x32, 0x57, 0x32, 0x57, 0x32, 0x57, 0x32, 0x57, 0x32, 0x57, 0x32, 0x57, 0x32, 0x57, 0x32, 0x57, 0x32,
  0x57, 0x32, 0xb8, 0x42, 0x57, 0x32, 0x57, 0x32, 0x57, 0x32, 0x57, 0x32, 0x57, 0x32, 0x57, 0x32, 0x57, 0x32, 0x57, 0x32, 0x57, 0x32, 0x57, 0x32, 0x57, 0x32, 0x57, 0x32, 0x57, 0x32, 0x57, 0x32,
  0x57, 0x32, 0x57, 0x32, 0x57, 0x32, 0x57, 0x32, 0x57, 0x32, 0x57, 0x32, 0x57, 0x32, 0x57, 0x32, 0x57, 0x32, 0x57, 0x32, 0x57, 0x32, 0x57, 0x32, 0x57, 0x32, 0x57, 0x32, 0x57, 0x32, 0x57, 0x32,
  0x17, 0x22, 0x17, 0x22, 0x17, 0x22, 0x17, 0x22, 0x17, 0x22, 0x17, 0x22, 0x17, 0x22, 0x17, 0x22, 0x17, 0x22, 0x17, 0x22, 0x17, 0x22, 0x17, 0x22, 0x17, 0x22, 0x17, 0x22, 0x17, 0x22, 0x17, 0x22,
  0x78, 0x32, 0x17, 0x22, 0x17, 0x22, 0x17, 0x22, 0x17, 0x22, 0x17, 0x22, 0x17, 0x22, 0x17, 0x22, 0x17, 0x22, 0x17, 0x22, 0x17, 0x22, 0x17, 0x22, 0x17, 0x22, 0x17, 0x22, 0x17, 0x22, 0x17, 0x22,
  0x17, 0x22, 0x17, 0x22, 0x17, 0x22, 0x17, 0x22, 0x17, 0x22, 0x17, 0x22, 0x17, 0x22, 0x17, 0x22, 0x17, 0x22, 0x17, 0x22, 0x17, 0x22, 0x17, 0x22, 0x17, 0x22, 0x17, 0x22, 0x17, 0x22, 0x17, 0x22,
  0x17, 0x22, 0x17, 0x22, 0x78, 0x32, 0x17, 0x22, 0x17, 0x22, 0x17, 0x22, 0x17, 0x22, 0x17, 0x22, 0x17, 0x22, 0x18, 0x43, 0x1e, 0xd7, 0x1e, 0xd7, 0x1e, 0xd7, 0xdd, 0xce, 0x9c, 0x9d, 0x98, 0x32,
  0x17, 0x22, 0x18, 0x43, 0x1e, 0xd7, 0x1e, 0xd7, 0x1e, 0xd7, 0x1e, 0xd7, 0x1e, 0xd7, 0x5b, 0x95, 0x17, 0x22, 0x57, 0x2a, 0x1b, 0x8d, 0x9d, 0xc6, 0xdd, 0xce, 0xfc, 0xad, 0x59, 0x4b, 0x17, 0x22,
  0x18, 0x43, 0x1e, 0xd7, 0x1e, 0xd7, 0x1e, 0xd7, 0x1e, 0xd7, 0x1e, 0xd7, 0x5b, 0x95, 0xf8, 0x42, 0x1e, 0xd7, 0x7c, 0x9d, 0x17, 0x22, 0x17, 0x22, 0x1a, 0x6c, 0x1e, 0xd7, 0x77, 0x2a, 0xdc, 0xad,
  0x1e, 0xd7, 0x1e, 0xd7, 0x1e, 0xd7, 0x1e, 0xd7, 0x1e, 0xd7, 0x9a, 0x7c, 0xf8, 0x42, 0x1e, 0xd7, 0x1e, 0xd7, 0x1e, 0xd7, 0xfe, 0xce, 0x7d, 0xbe, 0xfa, 0x63, 0x17, 0x22, 0x17, 0x22, 0x17, 0x22,
  0xb8, 0x3a, 0xfe, 0xce, 0x9d, 0xc6, 0x37, 0x22, 0x17, 0x22, 0x17, 0x22, 0x39, 0x4b, 0x1e, 0xd7, 0x3a, 0x6c, 0x17, 0x22, 0x17, 0x22, 0x17, 0x22, 0x17, 0x22, 0x59, 0x4b, 0x1e, 0xd7, 0xd9, 0x5b,
  0x3a, 0x6c, 0x1e, 0xd7, 0x1e, 0xd7, 0x1e, 0xd7, 0x1e, 0xd7, 0x1e, 0xd7, 0xd9, 0x5b, 0x59, 0x4b, 0x1e, 0xd7, 0xd9, 0x5b, 0xf8, 0x42, 0x1e, 0xd7, 0x7c, 0x9d, 0x17, 0x22, 0x17, 0x22, 0x1a, 0x6c,
  0x1e, 0xd7, 0x77, 0x2a, 0x17, 0x22, 0x57, 0x2a, 0xbb, 0x84, 0x7d, 0xbe, 0xfe, 0xce, 0x7d, 0xbe, 0xfb, 0x84, 0x37, 0x22, 0x17, 0x22, 0x17, 0x22, 0x17, 0x22, 0x17, 0x22, 0x38, 0x4b, 0x1e, 0xd7,
  0x1e, 0xd7, 0x79, 0x53, 0x17, 0x22, 0xb8, 0x3a, 0x1e, 0xd7, 0x1e, 0xd7, 0x1a, 0x64, 0x59, 0x4b, 0x1e, 0xd7, 0xd9, 0x5b, 0xf8, 0x42, 0x1e, 0xd7, 0x7c, 0x9d, 0x17, 0x22, 0x17, 0x22, 0x1a, 0x6c,
  0x1e, 0xd7, 0x77, 0x2a, 0x59, 0x4b, 0x1e, 0xd7, 0xd9, 0x5b, 0xf8, 0x42, 0x1e, 0xd7, 0x7c, 0x9d, 0x17, 0x22, 0x17, 0x22, 0x5a, 0x74, 0x1e, 0xd7, 0x77, 0x2a, 0x17, 0x22, 0x57, 0x2a, 0xbb, 0x84,
  0x7d, 0xbe, 0xfe, 0xce, 0x7d, 0xbe, 0xbb, 0x84, 0x37, 0x22, 0x17, 0x22, 0x17, 0x22, 0x17, 0x22, 0x17, 0x22, 0xdc, 0xad, 0x1e, 0xd7, 0x1e, 0xd7, 0x1e, 0xd7, 0x1e, 0xd7, 0x1e, 0xd7, 0x9a, 0x7c,
  0x17, 0x22, 0x57, 0x2a, 0x1b, 0x8d, 0x9d, 0xc6, 0xfe, 0xce, 0x3d, 0xb6, 0xd9, 0x63, 0x17, 0x22, 0x17, 0x22, 0x17, 0x22, 0x57, 0x2a, 0xbb, 0x84, 0x9d, 0xbe, 0xfe, 0xce, 0x7d, 0xbe, 0xbb, 0x84,
  0x37, 0x22, 0x17, 0x22, 0x18, 0x43, 0x1e, 0xd7, 0x1e, 0xd7, 0x1e, 0xd7, 0x1e, 0xd7, 0x1e, 0xd7, 0x5b, 0x95, 0xdc, 0xad, 0x1e, 0xd7, 0x1e, 0xd7, 0x1e, 0xd7, 0x1e, 0xd7, 0x1e, 0xd7, 0x9a, 0x7c,
  0xf8, 0x42, 0x1e, 0xd7, 0x1a, 0x64, 0x17, 0x22, 0x17, 0x22, 0x7a, 0x74, 0x1e, 0xd7, 0x98, 0x32, 0x18, 0x43, 0x1e, 0xd7, 0x1e, 0xd7, 0x1e, 0xd7, 0x1e, 0xd7, 0x1e, 0xd7, 0x7c, 0x9d, 0xf8, 0x42,
  0x1e, 0xd7, 0x1e, 0xd7, 0x1e, 0xd7, 0xfe, 0xce, 0x7d, 0xbe, 0xfa, 0x63, 0x17, 0x22, 0x17, 0x22, 0x17, 0x22, 0x17, 0x22, 0x17, 0x22, 0x17, 0x22, 0x17, 0x22, 0x17, 0x22, 0x17, 0x22, 0x17, 0x22,
  0x17, 0x22, 0x17, 0x22, 0x17, 0x22, 0x17, 0x22, 0x17, 0x22, 0x17, 0x22, 0x17, 0x22, 0x17, 0x22, 0x17, 0x22, 0x17, 0x22, 0x17, 0x22, 0x17, 0x22, 0x17, 0x22, 0x17, 0x22, 0x17, 0x22, 0x17, 0x22,
  0x78, 0x32, 0x17, 0x22, 0x17, 0x22, 0x17, 0x22, 0x17, 0x22, 0x17, 0x22, 0x17, 0x22, 0x17, 0x22, 0x17, 0x22, 0x17, 0x22, 0x17, 0x22, 0x17, 0x22, 0x17, 0x22, 0x17, 0x22, 0x17, 0x22, 0x17, 0x22,
  0x17, 0x22, 0x17, 0x22, 0x17, 0x22, 0x17, 0x22, 0x17, 0x22, 0x17, 0x22, 0x17, 0x22, 0x17, 0x22, 0x17, 0x22, 0x17, 0x22, 0x17, 0x22, 0x17, 0x22, 0x17, 0x22, 0x17, 0x22, 0x17, 0x22, 0x17, 0x22,
  0x17, 0x22, 0x17, 0x22, 0x17, 0x22, 0x17, 0x22, 0x17, 0x22, 0x17, 0x22, 0x17, 0x22, 0x17, 0x22, 0x17, 0x22, 0x17, 0x22, 0x17, 0x22, 0x17, 0x22, 0x17, 0x22, 0x17, 0x22, 0x17, 0x22, 0x78, 0x32,
  0x17, 0x22, 0x17, 0x22, 0x17, 0x22, 0x17, 0x22, 0x17, 0x22, 0x17, 0x22, 0x17, 0x22, 0x17, 0x22, 0x17, 0x22, 0x17, 0x22, 0x17, 0x22, 0x17, 0x22, 0x17, 0x22, 0x17, 0x22, 0x17, 0x22, 0x17, 0x22,
  0x17, 0x22, 0x17, 0x22, 0x17, 0x22, 0x17, 0x22, 0x17, 0x22, 0x17, 0x22, 0x17, 0x22, 0x17, 0x22, 0x17, 0x22, 0x17, 0x22, 0x17, 0x22, 0x17, 0x22, 0x17, 0x22, 0x17, 0x22, 0x17, 0x22, 0x17, 0x22,
  0x17, 0x22, 0x78, 0x32, 0x17, 0x22, 0x17, 0x22, 0x17, 0x22, 0x17, 0x22, 0x17, 0x22, 0x17, 0x22, 0x17, 0x22, 0x18, 0x43, 0x1e, 0xd7, 0x1a, 0x64, 0x37, 0x22, 0xf8, 0x42, 0x7d, 0xbe, 0xbc, 0xa5,
  0x17, 0x22, 0x18, 0x43, 0x1e, 0xd7, 0x1a, 0x64, 0x17, 0x22, 0x17, 0x22, 0x17, 0x22, 0x17, 0x22, 0x17, 0x22, 0xdc, 0xad, 0x5d, 0xb6, 0xf8, 0x42, 0x57, 0x2a, 0x1b, 0x8d, 0xfe, 0xce, 0xb8, 0x3a,
  0x18, 0x43, 0x1e, 0xd7, 0x1a, 0x64, 0x78, 0x32, 0x17, 0x22, 0x17, 0x22, 0x17, 0x22, 0xf8, 0x42, 0x1e, 0xd7, 0x1e, 0xd7, 0xd9, 0x63, 0x17, 0x22, 0x1a, 0x6c, 0x1e, 0xd7, 0x77, 0x2a, 0x17, 0x22,
  0x17, 0x22, 0x3a, 0x6c, 0x1e, 0xd7, 0xd8, 0x3a, 0x17, 0x22, 0x17, 0x22, 0xf8, 0x42, 0x1e, 0xd7, 0x1a, 0x64, 0x17, 0x22, 0x37, 0x2a, 0x9c, 0x9d, 0xfe, 0xce, 0x98, 0x32, 0x17, 0x22, 0x17, 0x22,
  0xbb, 0x7c, 0x1e, 0xd7, 0x1e, 0xd7, 0xb9, 0x5b, 0x17, 0x22, 0x78, 0x32, 0xd8, 0x3a, 0x1e, 0xd7, 0x3a, 0x6c, 0x17, 0x22, 0x17, 0x22, 0x17, 0x22, 0x17, 0x22, 0x59, 0x4b, 0x1e, 0xd7, 0xd9, 0x5b,
  0x17, 0x22, 0x17, 0x22, 0x17, 0x22, 0xb8, 0x3a, 0xde, 0xce, 0x9d, 0xbe, 0x77, 0x32, 0x59, 0x4b, 0x1e, 0xd7, 0xd9, 0x5b, 0xf8, 0x42, 0x1e, 0xd7, 0x1e, 0xd7, 0xd9, 0x63, 0x17, 0x22, 0x1a, 0x6c,
  0x1e, 0xd7, 0x77, 0x2a, 0x17, 0x22, 0x9c, 0x9d, 0x9d, 0xbe, 0x59, 0x4b, 0x57, 0x2a, 0xb9, 0x5b, 0xde, 0xce, 0xdb, 0x84, 0x17, 0x22, 0x17, 0x22, 0x17, 0x22, 0x17, 0x22, 0x38, 0x4b, 0x1e, 0xd7,
  0xfe, 0xce, 0xdb, 0x84, 0x17, 0x22, 0x1a, 0x64, 0xfe, 0xce, 0x1e, 0xd7, 0x1a, 0x64, 0x59, 0x4b, 0x1e, 0xd7, 0xd9, 0x5b, 0xf8, 0x42, 0x1e, 0xd7, 0x1e, 0xd7, 0xd9, 0x63, 0x17, 0x22, 0x1a, 0x6c,
  0x1e, 0xd7, 0x77, 0x2a, 0x59, 0x4b, 0x1e, 0xd7, 0xd9, 0x5b, 0xf8, 0x42, 0x1e, 0xd7, 0x1e, 0xd7, 0xd9, 0x63, 0x78, 0x32, 0x1a, 0x6c, 0x1e, 0xd7, 0x77, 0x2a, 0x17, 0x22, 0x9c, 0x9d, 0x9d, 0xbe,
  0x59, 0x4b, 0x57, 0x2a, 0x79, 0x53, 0xde, 0xce, 0xdb, 0x84, 0x17, 0x22, 0x17, 0x22, 0x17, 0x22, 0x17, 0x22, 0x17, 0x22, 0x17, 0x22, 0x3a, 0x6c, 0x1e, 0xd7, 0xd8, 0x3a, 0x17, 0x22, 0x17, 0x22,
  0x17, 0x22, 0xdc, 0xa5, 0x7d, 0xbe, 0x38, 0x4b, 0x57, 0x2a, 0x5a, 0x74, 0x1e, 0xd7, 0xfa, 0x63, 0x17, 0x22, 0x17, 0x22, 0x9c, 0x9d, 0x9d, 0xc6, 0x59, 0x4b, 0x57, 0x2a, 0x79, 0x53, 0xde, 0xce,
  0xdb, 0x84, 0x17, 0x22, 0x18, 0x43, 0x1e, 0xd7, 0x1a, 0x64, 0x17, 0x22, 0x17, 0x22, 0x17, 0x22, 0x17, 0x22, 0x17, 0x22, 0x17, 0x22, 0x3a, 0x6c, 0x1e, 0xd7, 0xd8, 0x3a, 0x17, 0x22, 0x17, 0x22,
  0xf8, 0x42, 0x1e, 0xd7, 0x1a, 0x64, 0x17, 0x22, 0x17, 0x22, 0x7a, 0x74, 0x1e, 0xd7, 0x98, 0x32, 0x18, 0x43, 0x1e, 0xd7, 0x1a, 0x64, 0x17, 0x22, 0x17, 0x22, 0x78, 0x32, 0x17, 0x22, 0xf8, 0x42,
  0x1e, 0xd7, 0x1a, 0x64, 0x17, 0x22, 0x37, 0x2a, 0x9c, 0x9d, 0xfe, 0xce, 0x98, 0x32, 0x17, 0x22, 0x17, 0x22, 0x17, 0x22, 0x17, 0x22, 0x17, 0x22, 0x17, 0x22, 0x17, 0x22, 0x17, 0x22, 0x17, 0x22,
  0x17, 0x22, 0x17, 0x22, 0x17, 0x22, 0x17, 0x22, 0x17, 0x22, 0x17, 0x22, 0x17, 0x22, 0x17, 0x22, 0x17, 0x22, 0x17, 0x22, 0x17, 0x22, 0x17, 0x22, 0x17, 0x22, 0x17, 0x22, 0x17, 0x22, 0x78, 0x32,
  0x17, 0x22, 0x17, 0x22, 0x17, 0x22, 0x17, 0x22, 0x17, 0x22, 0x17, 0x22, 0x17, 0x22, 0x17, 0x22, 0x17, 0x22, 0x17, 0x22, 0x17, 0x22, 0x17, 0x22, 0x17, 0x22, 0x17, 0x22, 0x17, 0x22, 0x17, 0x22,
  0x17, 0x22, 0x17, 0x22, 0x17, 0x22, 0x17, 0x22, 0x17, 0x22, 0x17, 0x22, 0x17, 0x22, 0x17, 0x22, 0x17, 0x22, 0x17, 0x22, 0x17, 0x22, 0x17, 0x22, 0x17, 0x22, 0x17, 0x22, 0x17, 0x22, 0x17, 0x22,
  0x77, 0x32, 0x77, 0x32, 0x77, 0x32, 0x77, 0x32, 0x77, 0x32, 0x77, 0x32, 0x77, 0x32, 0x77, 0x32, 0x77, 0x32, 0x77, 0x32, 0x77, 0x32, 0x77, 0x32, 0x77, 0x32, 0x77, 0x32, 0xd8, 0x42, 0x77, 0x32,
  0x77, 0x32, 0x77, 0x32, 0x77, 0x32, 0x77, 0x32, 0x77, 0x32, 0x77, 0x32, 0x77, 0x32, 0x77, 0x32, 0x77, 0x32, 0x77, 0x32, 0x77, 0x32, 0x77, 0x32, 0x77, 0x32, 0x77, 0x32, 0x77, 0x32, 0x77, 0x32,
  0x77, 0x32, 0x77, 0x32, 0x77, 0x32, 0x77, 0x32, 0x77, 0x32, 0x77, 0x32, 0x77, 0x32, 0x77, 0x32, 0x77, 0x32, 0x77, 0x32, 0x77, 0x32, 0x77, 0x32, 0x77, 0x32, 0x77, 0x32, 0x77, 0x32, 0x77, 0x32,
  0xd8, 0x42, 0x77, 0x32, 0x77, 0x32, 0x77, 0x32, 0x77, 0x32, 0x77, 0x32, 0x77, 0x32, 0x77, 0x32, 0x77, 0x32, 0x59, 0x53, 0x1e, 0xd7, 0x3a, 0x6c, 0x77, 0x32, 0x77, 0x32, 0x7a, 0x74, 0x1e, 0xd7,
  0x59, 0x4b, 0x59, 0x53, 0x1e, 0xd7, 0x3a, 0x6c, 0x77, 0x32, 0x77, 0x32, 0x77, 0x32, 0x77, 0x32, 0x99, 0x5b, 0x1e, 0xd7, 0x3a, 0x6c, 0x77, 0x32, 0x77, 0x32, 0x77, 0x32, 0x77, 0x32, 0x77, 0x32,
  0x59, 0x53, 0x1e, 0xd7, 0x7a, 0x7c, 0x77, 0x32, 0x77, 0x32, 0x77, 0x32, 0x77, 0x32, 0x59, 0x4b, 0x1e, 0xd7, 0x1e, 0xd7, 0xbd, 0xc6, 0xd8, 0x42, 0x5a, 0x74, 0x1e, 0xd7, 0xb8, 0x3a, 0x77, 0x32,
  0x77, 0x32, 0x7a, 0x74, 0x1e, 0xd7, 0x38, 0x4b, 0x77, 0x32, 0x77, 0x32, 0x59, 0x4b, 0x1e, 0xd7, 0x3a, 0x6c, 0x77, 0x32, 0x77, 0x32, 0x7a, 0x74, 0x1e, 0xd7, 0x79, 0x53, 0x77, 0x32, 0x77, 0x32,
  0x7d, 0xbe, 0xdc, 0xa5, 0xbd, 0xc6, 0xdc, 0xa5, 0xd8, 0x42, 0x77, 0x32, 0x38, 0x4b, 0x1e, 0xd7, 0x7a, 0x74, 0x77, 0x32, 0x77, 0x32, 0x77, 0x32, 0x77, 0x32, 0x99, 0x5b, 0x1e, 0xd7, 0x1a, 0x6c,
  0x77, 0x32, 0x77, 0x32, 0x77, 0x32, 0xfc, 0xad, 0xfe, 0xce, 0xb9, 0x5b, 0x77, 0x32, 0x99, 0x5b, 0x1e, 0xd7, 0x1a, 0x6c, 0x59, 0x4b, 0x1e, 0xd7, 0x1e, 0xd7, 0xbd, 0xc6, 0xd8, 0x42, 0x5a, 0x74,
  0x1e, 0xd7, 0xb8, 0x3a, 0x79, 0x53, 0x1e, 0xd7, 0x5a, 0x74, 0x77, 0x32, 0xd8, 0x42, 0x77, 0x32, 0x77, 0x32, 0x77, 0x32, 0x77, 0x32, 0x77, 0x32, 0x77, 0x32, 0x77, 0x32, 0x79, 0x53, 0x1e, 0xd7,
  0x3d, 0xb6, 0x3d, 0xb6, 0x77, 0x32, 0x7c, 0x9d, 0x1d, 0xb6, 0x1e, 0xd7, 0x3a, 0x6c, 0x99, 0x5b, 0x1e, 0xd7, 0x1a, 0x6c, 0x59, 0x4b, 0x1e, 0xd7, 0x1e, 0xd7, 0xbd, 0xc6, 0xd8, 0x42, 0x5a, 0x74,
  0x1e, 0xd7, 0xb8, 0x3a, 0x99, 0x5b, 0x1e, 0xd7, 0x1a, 0x6c, 0x59, 0x4b, 0x1e, 0xd7, 0x1e, 0xd7, 0xbd, 0xc6, 0xd8, 0x42, 0x5a, 0x74, 0x1e, 0xd7, 0xb8, 0x3a, 0x79, 0x53, 0x1e, 0xd7, 0x5a, 0x74,
  0x77, 0x32, 0x77, 0x32, 0x77, 0x32, 0x77, 0x32, 0x77, 0x32, 0x77, 0x32, 0x77, 0x32, 0x77, 0x32, 0x77, 0x32, 0x77, 0x32, 0x77, 0x32, 0x7a, 0x74, 0x1e, 0xd7, 0x38, 0x4b, 0x77, 0x32, 0x77, 0x32,
  0xb9, 0x5b, 0x1e, 0xd7, 0x1a, 0x6c, 0x77, 0x32, 0x77, 0x32, 0x77, 0x32, 0xfc, 0xad, 0x7d, 0xbe, 0x77, 0x32, 0x79, 0x53, 0x1e, 0xd7, 0x5a, 0x74, 0x77, 0x32, 0x77, 0x32, 0x77, 0x32, 0x77, 0x32,
  0x77, 0x32, 0x77, 0x32, 0x59, 0x53, 0x1e, 0xd7, 0x3a, 0x6c, 0x77, 0x32, 0x77, 0x32, 0x77, 0x32, 0x77, 0x32, 0x77, 0x32, 0x77, 0x32, 0x7a, 0x74, 0x1e, 0xd7, 0x38, 0x4b, 0x77, 0x32, 0x77, 0x32,
  0x59, 0x4b, 0x1e, 0xd7, 0x3a, 0x6c, 0x77, 0x32, 0x77, 0x32, 0xbb, 0x7c, 0x1e, 0xd7, 0xd8, 0x42, 0x59, 0x53, 0x1e, 0xd7, 0x3a, 0x6c, 0x77, 0x32, 0xd8, 0x42, 0x77, 0x32, 0x77, 0x32, 0x59, 0x4b,
  0x1e, 0xd7, 0x3a, 0x6c, 0x77, 0x32, 0x77, 0x32, 0x7a, 0x74, 0x1e, 0xd7, 0x79, 0x53, 0x77, 0x32, 0x77, 0x32, 0x77, 0x32, 0x77, 0x32, 0x77, 0x32, 0x77, 0x32, 0x77, 0x32, 0x77, 0x32, 0x77, 0x32,
  0x77, 0x32, 0x77, 0x32, 0x77, 0x32, 0x77, 0x32, 0x77, 0x32, 0x77, 0x32, 0x77, 0x32, 0x77, 0x32, 0x77, 0x32, 0x77, 0x32, 0x77, 0x32, 0x77, 0x32, 0x77, 0x32, 0x77, 0x32, 0xd8, 0x42, 0x77, 0x32,
  0x77, 0x32, 0x77, 0x32, 0x77, 0x32, 0x77, 0x32, 0x77, 0x32, 0x77, 0x32, 0x77, 0x32, 0x77, 0x32, 0x77, 0x32, 0x77, 0x32, 0x77, 0x32, 0x77, 0x32, 0x77, 0x32, 0x77, 0x32, 0x77, 0x32, 0x77, 0x32,
  0x77, 0x32, 0x77, 0x32, 0x77, 0x32, 0x77, 0x32, 0x77, 0x32, 0x77, 0x32, 0x77, 0x32, 0x77, 0x32, 0x77, 0x32, 0x77, 0x32, 0x77, 0x32, 0x77, 0x32, 0x77, 0x32, 0x77, 0x32, 0x77, 0x32, 0x77, 0x32,
  0x17, 0x22, 0x17, 0x22, 0x17, 0x22, 0x17, 0x22, 0x17, 0x22, 0x17, 0x22, 0x17, 0x22, 0x17, 0x22, 0x17, 0x22, 0x17, 0x22, 0x17, 0x22, 0x17, 0x22, 0x17, 0x22, 0x78, 0x32, 0x17, 0x22, 0x17, 0x22,
  0x17, 0x22, 0x17, 0x22, 0x17, 0x22, 0x17, 0x22, 0x17, 0x22, 0x17, 0x22, 0x17, 0x22, 0x17, 0x22, 0x17, 0x22, 0x17, 0x22, 0x17, 0x22, 0x17, 0x22, 0x17, 0x22, 0x17, 0x22, 0x17, 0x22, 0x17, 0x22,
  0x17, 0x22, 0x17, 0x22, 0x17, 0x22, 0x17, 0x22, 0x17, 0x22, 0x17, 0x22, 0x17, 0x22, 0x17, 0x22, 0x17, 0x22, 0x17, 0x22, 0x17, 0x22, 0x17, 0x22, 0x17, 0x22, 0x17, 0x22, 0x17, 0x22, 0x78, 0x32,
  0x17, 0x22, 0x17, 0x22, 0x17, 0x22, 0x17, 0x22, 0x17, 0x22, 0x17, 0x22, 0x17, 0x22, 0x17, 0x22, 0x17, 0x22, 0x18, 0x43, 0x1e, 0xd7, 0x1a, 0x64, 0x17, 0x22, 0x17, 0x22, 0x79, 0x53, 0x1e, 0xd7,
  0xd9, 0x63, 0x18, 0x43, 0x1e, 0xd7, 0x1e, 0xd7, 0x1e, 0xd7, 0x1e, 0xd7, 0x1e, 0xd7, 0xd9, 0x5b, 0x5a, 0x6c, 0x1e, 0xd7, 0x18, 0x43, 0x17, 0x22, 0x17, 0x22, 0x17, 0x22, 0x17, 0x22, 0x17, 0x22,
  0x18, 0x43, 0x1e, 0xd7, 0x1e, 0xd7, 0x1e, 0xd7, 0x1e, 0xd7, 0x1e, 0xd7, 0xd9, 0x5b, 0xf8, 0x42, 0x1e, 0xd7, 0x1c, 0xae, 0x1e, 0xd7, 0x7c, 0x9d, 0x1a, 0x6c, 0x1e, 0xd7, 0x77, 0x2a, 0x17, 0x22,
  0x17, 0x22, 0x3a, 0x6c, 0x1e, 0xd7, 0xd8, 0x3a, 0x17, 0x22, 0x17, 0x22, 0xf8, 0x42, 0x1e, 0xd7, 0x1a, 0x64, 0x17, 0x22, 0x57, 0x2a, 0x9c, 0xa5, 0xbd, 0xc6, 0x57, 0x2a, 0x17, 0x22, 0x79, 0x53,
  0x1e, 0xd7, 0xd9, 0x63, 0xfb, 0x84, 0xfe, 0xce, 0xb8, 0x3a, 0x17, 0x22, 0xd8, 0x3a, 0x1e, 0xd7, 0x3a, 0x6c, 0x17, 0x22, 0x17, 0x22, 0x17, 0x22, 0x17, 0x22, 0x59, 0x4b, 0x1e, 0xd7, 0xd9, 0x5b,
  0x17, 0x22, 0x17, 0x22, 0x7a, 0x74, 0x1e, 0xd7, 0xdb, 0x84, 0x17, 0x22, 0x17, 0x22, 0x59, 0x4b, 0x1e, 0xd7, 0xd9, 0x5b, 0xf8, 0x42, 0x1e, 0xd7, 0x1c, 0xae, 0x1e, 0xd7, 0x7c, 0x9d, 0x1a, 0x6c,
  0x1e, 0xd7, 0x77, 0x2a, 0x3a, 0x6c, 0x1e, 0xd7, 0x38, 0x4b, 0x78, 0x32, 0x17, 0x22, 0x17, 0x22, 0x17, 0x22, 0x17, 0x22, 0x17, 0x22, 0x17, 0x22, 0x17, 0x22, 0x17, 0x22, 0x38, 0x4b, 0x1e, 0xd7,
  0xdb, 0x84, 0xfe, 0xce, 0x78, 0x32, 0x9d, 0xbe, 0xdb, 0x84, 0x1e, 0xd7, 0x1a, 0x64, 0x59, 0x4b, 0x1e, 0xd7, 0xd9, 0x5b, 0xf8, 0x42, 0x1e, 0xd7, 0x1c, 0xae, 0x1e, 0xd7, 0x7c, 0x9d, 0x1a, 0x6c,
  0x1e, 0xd7, 0x77, 0x2a, 0x59, 0x4b, 0x1e, 0xd7, 0xd9, 0x5b, 0xf8, 0x42, 0x1e, 0xd7, 0x3d, 0xb6, 0x1e, 0xd7, 0x7c, 0x9d, 0x1a, 0x6c, 0x1e, 0xd7, 0x77, 0x2a, 0x3a, 0x6c, 0x1e, 0xd7, 0x38, 0x4b,
  0x17, 0x22, 0x17, 0x22, 0x17, 0x22, 0x17, 0x22, 0x17, 0x22, 0x17, 0x22, 0x17, 0x22, 0x17, 0x22, 0x17, 0x22, 0x17, 0x22, 0x17, 0x22, 0x3a, 0x6c, 0x1e, 0xd7, 0xd8, 0x3a, 0x17, 0x22, 0x17, 0x22,
  0x7a, 0x74, 0x1e, 0xd7, 0xd8, 0x42, 0x17, 0x22, 0x17, 0x22, 0x17, 0x22, 0xfb, 0x8c, 0x1e, 0xd7, 0x77, 0x2a, 0x5a, 0x74, 0x1e, 0xd7, 0x38, 0x4b, 0x17, 0x22, 0x17, 0x22, 0x17, 0x22, 0x17, 0x22,
  0x17, 0x22, 0x17, 0x22, 0x18, 0x43, 0x1e, 0xd7, 0x1e, 0xd7, 0x1e, 0xd7, 0x1e, 0xd7, 0x1e, 0xd7, 0xd9, 0x5b, 0x17, 0x22, 0x17, 0x22, 0x3a, 0x6c, 0x1e, 0xd7, 0xd8, 0x3a, 0x17, 0x22, 0x17, 0x22,
  0xf8, 0x42, 0x1e, 0xd7, 0x1e, 0xd7, 0x1e, 0xd7, 0x1e, 0xd7, 0x1e, 0xd7, 0x1e, 0xd7, 0x98, 0x32, 0x18, 0x43, 0x1e, 0xd7, 0x1e, 0xd7, 0x1e, 0xd7, 0x1e, 0xd7, 0x1e, 0xd7, 0xd9, 0x5b, 0xf8, 0x42,
  0x1e, 0xd7, 0x1a, 0x64, 0x17, 0x22, 0x57, 0x2a, 0x9c, 0xa5, 0xbd, 0xc6, 0x57, 0x2a, 0x17, 0x22, 0x17, 0x22, 0x17, 0x22, 0x17, 0x22, 0x17, 0x22, 0x17, 0x22, 0x17, 0x22, 0x17, 0x22, 0x17, 0x22,
  0x17, 0x22, 0x17, 0x22, 0x17, 0x22, 0x17, 0x22, 0x17, 0x22, 0x17, 0x22, 0x17, 0x22, 0x17, 0x22, 0x17, 0x22, 0x17, 0x22, 0x17, 0x22, 0x17, 0x22, 0x17, 0x22, 0x78, 0x32, 0x17, 0x22, 0x17, 0x22,
  0x17, 0x22, 0x17, 0x22, 0x17, 0x22, 0x17, 0x22, 0x17, 0x22, 0x17, 0x22, 0x17, 0x22, 0x17, 0x22, 0x17, 0x22, 0x17, 0x22, 0x17, 0x22, 0x17, 0x22, 0x17, 0x22, 0x17, 0x22, 0x17, 0x22, 0x17, 0x22,
  0x17, 0x22, 0x17, 0x22, 0x17, 0x22, 0x17, 0x22, 0x17, 0x22, 0x17, 0x22, 0x17, 0x22, 0x17, 0x22, 0x17, 0x22, 0x17, 0x22, 0x17, 0x22, 0x17, 0x22, 0x17, 0x22, 0x17, 0x22, 0x17, 0x22, 0x78, 0x32,
  0xf7, 0x21, 0xf7, 0x21, 0xf7, 0x21, 0xf7, 0x21, 0xf7, 0x21, 0xf7, 0x21, 0xf7, 0x21, 0xf7, 0x21, 0xf7, 0x21, 0xf7, 0x21, 0xf7, 0x21, 0xf7, 0x21, 0x58, 0x32, 0xf7, 0x21, 0xf7, 0x21, 0xf7, 0x21,
  0xf7, 0x21, 0xf7, 0x21, 0xf7, 0x21, 0xf7, 0x21, 0xf7, 0x21, 0xf7, 0x21, 0xf7, 0x21, 0xf7, 0x21, 0xf7, 0x21, 0xf7, 0x21, 0xf7, 0x21, 0xf7, 0x21, 0xf7, 0x21, 0xf7, 0x21, 0xf7, 0x21, 0xf7, 0x21,
  0xf7, 0x21, 0xf7, 0x21, 0xf7, 0x21, 0xf7, 0x21, 0xf7, 0x21, 0xf7, 0x21, 0xf7, 0x21, 0xf7, 0x21, 0xf7, 0x21, 0xf7, 0x21, 0xf7, 0x21, 0xf7, 0x21, 0xf7, 0x21, 0xf7, 0x21, 0x58, 0x32, 0xf7, 0x21,
  0xf7, 0x21, 0xf7, 0x21, 0xf7, 0x21, 0xf7, 0x21, 0xf7, 0x21, 0xf7, 0x21, 0xf7, 0x21, 0xf7, 0x21, 0xf7, 0x21, 0xf8, 0x42, 0x1e, 0xd7, 0xfa, 0x63, 0xf7, 0x21, 0xf7, 0x21, 0x59, 0x53, 0x1e, 0xd7,
  0xd9, 0x63, 0xf8, 0x42, 0x1e, 0xd7, 0xfa, 0x63, 0xf7, 0x21, 0xf7, 0x21, 0xf7, 0x21, 0xf7, 0x21, 0x1a, 0x6c, 0x1e, 0xd7, 0xf8, 0x4a, 0xf7, 0x21, 0xf7, 0x21, 0xf7, 0x21, 0xf7, 0x21, 0xf7, 0x21,
  0x59, 0x53, 0x1e, 0xd7, 0xfa, 0x63, 0xf7, 0x21, 0xf7, 0x21, 0xf7, 0x21, 0xf7, 0x21, 0xd8, 0x42, 0x1e, 0xd7, 0x99, 0x5b, 0x3d, 0xb6, 0x1e, 0xd7, 0xbc, 0xa5, 0x1e, 0xd7, 0x37, 0x2a, 0xf7, 0x21,
  0xf7, 0x21, 0x1a, 0x6c, 0x1e, 0xd7, 0xb8, 0x3a, 0xf7, 0x21, 0xf7, 0x21, 0xd8, 0x42, 0x1e, 0xd7, 0x1e, 0xd7, 0x1e, 0xd7, 0x1e, 0xd7, 0xfc, 0xad, 0x19, 0x4b, 0xf7, 0x21, 0xf7, 0x21, 0x5b, 0x95,
  0xde, 0xce, 0x37, 0x2a, 0x59, 0x53, 0x1e, 0xd7, 0x9b, 0x7c, 0xf7, 0x21, 0xb8, 0x3a, 0x1e, 0xd7, 0x3a, 0x6c, 0xf7, 0x21, 0xf7, 0x21, 0xf7, 0x21, 0xf7, 0x21, 0x39, 0x4b, 0x1e, 0xd7, 0xb9, 0x5b,
  0xf7, 0x21, 0xd8, 0x42, 0xfe, 0xce, 0x1c, 0xae, 0x17, 0x22, 0xf7, 0x21, 0xf7, 0x21, 0x39, 0x4b, 0x1e, 0xd7, 0xb9, 0x5b, 0xd8, 0x42, 0x1e, 0xd7, 0x99, 0x5b, 0x3d, 0xb6, 0x1e, 0xd7, 0xbc, 0xa5,
  0x1e, 0xd7, 0x37, 0x2a, 0x1a, 0x6c, 0x1e, 0xd7, 0x79, 0x5b, 0xf7, 0x21, 0xbb, 0x7c, 0x1e, 0xd7, 0x1e, 0xd7, 0x7d, 0xbe, 0xf7, 0x21, 0xf7, 0x21, 0xf7, 0x21, 0xf7, 0x21, 0x18, 0x4b, 0x1e, 0xd7,
  0x99, 0x5b, 0xfe, 0xce, 0x7a, 0x7c, 0x1e, 0xd7, 0x79, 0x5b, 0x1e, 0xd7, 0xfa, 0x63, 0x39, 0x4b, 0x1e, 0xd7, 0xb9, 0x5b, 0xd8, 0x42, 0x1e, 0xd7, 0x99, 0x5b, 0x3d, 0xb6, 0x1e, 0xd7, 0xbc, 0xa5,
  0x1e, 0xd7, 0x37, 0x2a, 0x39, 0x4b, 0x1e, 0xd7, 0xb9, 0x5b, 0xd8, 0x42, 0x1e, 0xd7, 0x99, 0x5b, 0x3d, 0xb6, 0x1e, 0xd7, 0xbc, 0xa5, 0x1e, 0xd7, 0x37, 0x2a, 0x1a, 0x6c, 0x1e, 0xd7, 0x19, 0x4b,
  0xf7, 0x21, 0xbb, 0x7c, 0x1e, 0xd7, 0x1e, 0xd7, 0x7d, 0xbe, 0xf7, 0x21, 0xf7, 0x21, 0xf7, 0x21, 0xf7, 0x21, 0xf7, 0x21, 0xf7, 0x21, 0x1a, 0x6c, 0x1e, 0xd7, 0xb8, 0x3a, 0xf7, 0x21, 0xf7, 0x21,
  0x7a, 0x74, 0x1e, 0xd7, 0xb8, 0x42, 0xf7, 0x21, 0xf7, 0x21, 0xf7, 0x21, 0xfb, 0x8c, 0x1e, 0xd7, 0xb8, 0x3a, 0x1a, 0x6c, 0x1e, 0xd7, 0x19, 0x4b, 0xf7, 0x21, 0xbb, 0x7c, 0x1e, 0xd7, 0x1e, 0xd7,
  0x7d, 0xbe, 0xf7, 0x21, 0xf8, 0x42, 0x1e, 0xd7, 0xfa, 0x63, 0xf7, 0x21, 0xf7, 0x21, 0xf7, 0x21, 0xf7, 0x21, 0xf7, 0x21, 0xf7, 0x21, 0x1a, 0x6c, 0x1e, 0xd7, 0xb8, 0x3a, 0xf7, 0x21, 0xf7, 0x21,
  0xd8, 0x42, 0x1e, 0xd7, 0xfa, 0x63, 0xf7, 0x21, 0xf7, 0x21, 0x7a, 0x74, 0x1e, 0xd7, 0x78, 0x32, 0xf8, 0x42, 0x1e, 0xd7, 0x3a, 0x74, 0xf7, 0x21, 0xf7, 0x21, 0xf7, 0x21, 0xf7, 0x21, 0xd8, 0x42,
  0x1e, 0xd7, 0x1e, 0xd7, 0x1e, 0xd7, 0x1e, 0xd7, 0xfc, 0xad, 0x19, 0x4b, 0xf7, 0x21, 0xf7, 0x21, 0xf7, 0x21, 0xf7, 0x21, 0xf7, 0x21, 0xf7, 0x21, 0xf7, 0x21, 0xf7, 0x21, 0xf7, 0x21, 0xf7, 0x21,
  0xf7, 0x21, 0xf7, 0x21, 0xf7, 0x21, 0xf7, 0x21, 0xf7, 0x21, 0xf7, 0x21, 0xf7, 0x21, 0xf7, 0x21, 0xf7, 0x21, 0xf7, 0x21, 0xf7, 0x21, 0xf7, 0x21, 0x58, 0x32, 0xf7, 0x21, 0xf7, 0x21, 0xf7, 0x21,
  0xf7, 0x21, 0xf7, 0x21, 0xf7, 0x21, 0xf7, 0x21, 0xf7, 0x21, 0xf7, 0x21, 0xf7, 0x21, 0xf7, 0x21, 0xf7, 0x21, 0xf7, 0x21, 0xf7, 0x21, 0xf7, 0x21, 0xf7, 0x21, 0xf7, 0x21, 0xf7, 0x21, 0xf7, 0x21,
  0xf7, 0x21, 0xf7, 0x21, 0xf7, 0x21, 0xf7, 0x21, 0xf7, 0x21, 0xf7, 0x21, 0xf7, 0x21, 0xf7, 0x21, 0xf7, 0x21, 0xf7, 0x21, 0xf7, 0x21, 0xf7, 0x21, 0xf7, 0x21, 0xf7, 0x21, 0x58, 0x32, 0xf7, 0x21,
  0xf6, 0x21, 0xf6, 0x21, 0xf6, 0x21, 0xf6, 0x21, 0xf6, 0x21, 0xf6, 0x21, 0xf6, 0x21, 0xf6, 0x21, 0xf6, 0x21, 0xf6, 0x21, 0xf6, 0x21, 0x57, 0x32, 0xf6, 0x21, 0xf6, 0x21, 0xf6, 0x21, 0xf6, 0x21,
  0xf6, 0x21, 0xf6, 0x21, 0xf6, 0x21, 0xf6, 0x21, 0xf6, 0x21, 0xf6, 0x21, 0xf6, 0x21, 0xf6, 0x21, 0xf6, 0x21, 0xf6, 0x21, 0xf6, 0x21, 0xf6, 0x21, 0xf6, 0x21, 0xf6, 0x21, 0xf6, 0x21, 0xf6, 0x21,
  0xf6, 0x21, 0xf6, 0x21, 0xf6, 0x21, 0xf6, 0x21, 0xf6, 0x21, 0xf6, 0x21, 0xf6, 0x21, 0xf6, 0x21, 0xf6, 0x21, 0xf6, 0x21, 0xf6, 0x21, 0xf6, 0x21, 0xf6, 0x21, 0x57, 0x32, 0xf6, 0x21, 0xf6, 0x21,
  0xf6, 0x21, 0xf6, 0x21, 0xf6, 0x21, 0xf6, 0x21, 0xf6, 0x21, 0xf6, 0x21, 0xf6, 0x21, 0xf6, 0x21, 0xf6, 0x21, 0xf8, 0x42, 0x1e, 0xd7, 0xf9, 0x63, 0xf6, 0x21, 0xf6, 0x21, 0xf9, 0x6b, 0x1e, 0xd7,
  0xf8, 0x4a, 0xf8, 0x42, 0x1e, 0xd7, 0xf9, 0x63, 0xf6, 0x21, 0xf6, 0x21, 0xf6, 0x21, 0xf6, 0x21, 0x38, 0x4b, 0x1e, 0xd7, 0xd9, 0x63, 0xf6, 0x21, 0xf6, 0x21, 0xf6, 0x21, 0xf6, 0x21, 0x57, 0x32,
  0xf8, 0x42, 0x1e, 0xd7, 0xf9, 0x63, 0xf6, 0x21, 0xf6, 0x21, 0xf6, 0x21, 0xf6, 0x21, 0xd7, 0x42, 0x1e, 0xd7, 0x78, 0x53, 0xf8, 0x4a, 0xfe, 0xce, 0x1e, 0xd7, 0x1e, 0xd7, 0x36, 0x2a, 0xf6, 0x21,
  0xf6, 0x21, 0x19, 0x6c, 0x1e, 0xd7, 0xb7, 0x3a, 0xf6, 0x21, 0xf6, 0x21, 0xd7, 0x42, 0x1e, 0xd7, 0xf9, 0x63, 0x97, 0x3a, 0xfc, 0xad, 0x5d, 0xbe, 0xb7, 0x3a, 0xf6, 0x21, 0x57, 0x2a, 0xde, 0xce,
  0x1e, 0xd7, 0x1e, 0xd7, 0x1e, 0xd7, 0x1e, 0xd7, 0x9d, 0xbe, 0x16, 0x22, 0xb7, 0x3a, 0x1e, 0xd7, 0x39, 0x6c, 0xf6, 0x21, 0xf6, 0x21, 0xf6, 0x21, 0xf6, 0x21, 0x38, 0x4b, 0x1e, 0xd7, 0xb9, 0x5b,
  0x16, 0x22, 0x1c, 0xb6, 0xdd, 0xce, 0xb7, 0x3a, 0xf6, 0x21, 0xf6, 0x21, 0xf6, 0x21, 0x38, 0x4b, 0x1e, 0xd7, 0xb9, 0x5b, 0xd7, 0x42, 0x1e, 0xd7, 0x78, 0x53, 0xf8, 0x4a, 0xfe, 0xce, 0x1e, 0xd7,
  0x1e, 0xd7, 0x36, 0x2a, 0xf8, 0x42, 0x1e, 0xd7, 0x3a, 0x74, 0xf6, 0x21, 0xf6, 0x21, 0xf6, 0x21, 0x9c, 0xa5, 0x7d, 0xbe, 0xf6, 0x21, 0xf6, 0x21, 0xf6, 0x21, 0xf6, 0x21, 0x18, 0x4b, 0x1e, 0xd7,
  0x38, 0x4b, 0x1c, 0xb6, 0xdd, 0xc6, 0xdd, 0xc6, 0x77, 0x32, 0x1e, 0xd7, 0xf9, 0x63, 0x38, 0x4b, 0x1e, 0xd7, 0xb9, 0x5b, 0xd7, 0x42, 0x1e, 0xd7, 0x78, 0x53, 0xf8, 0x4a, 0xfe, 0xce, 0x1e, 0xd7,
  0x1e, 0xd7, 0x36, 0x2a, 0x38, 0x4b, 0x1e, 0xd7, 0xb9, 0x5b, 0x38, 0x53, 0x1e, 0xd7, 0x78, 0x53, 0xf8, 0x4a, 0xfe, 0xce, 0x1e, 0xd7, 0x1e, 0xd7, 0x36, 0x2a, 0xf8, 0x42, 0x1e, 0xd7, 0x3a, 0x74,
  0xf6, 0x21, 0xf6, 0x21, 0xf6, 0x21, 0x9c, 0xa5, 0x7d, 0xbe, 0xf6, 0x21, 0xf6, 0x21, 0xf6, 0x21, 0xf6, 0x21, 0xf6, 0x21, 0xf6, 0x21, 0x19, 0x6c, 0x1e, 0xd7, 0xb7, 0x3a, 0xf6, 0x21, 0xf6, 0x21,
  0x78, 0x53, 0x1e, 0xd7, 0xd9, 0x63, 0xf6, 0x21, 0xf6, 0x21, 0xf6, 0x21, 0xfc, 0xad, 0x7d, 0xbe, 0xf6, 0x21, 0xf8, 0x42, 0x1e, 0xd7, 0x3a, 0x74, 0xf6, 0x21, 0xf6, 0x21, 0xf6, 0x21, 0x9c, 0xa5,
  0x7d, 0xbe, 0xf6, 0x21, 0xf8, 0x42, 0x1e, 0xd7, 0xf9, 0x63, 0xf6, 0x21, 0xf6, 0x21, 0xf6, 0x21, 0xf6, 0x21, 0xf6, 0x21, 0xf6, 0x21, 0x19, 0x6c, 0x1e, 0xd7, 0xb7, 0x3a, 0xf6, 0x21, 0xf6, 0x21,
  0xd7, 0x42, 0x1e, 0xd7, 0xf9, 0x63, 0xf6, 0x21, 0xf6, 0x21, 0x7a, 0x74, 0x1e, 0xd7, 0x77, 0x32, 0xf8, 0x42, 0x1e, 0xd7, 0xf9, 0x63, 0xf6, 0x21, 0xf6, 0x21, 0xf6, 0x21, 0xf6, 0x21, 0xd7, 0x42,
  0x1e, 0xd7, 0xf9, 0x63, 0x97, 0x3a, 0xfc, 0xad, 0x5d, 0xbe, 0xb7, 0x3a, 0xf6, 0x21, 0xf6, 0x21, 0xf6, 0x21, 0xf6, 0x21, 0xf6, 0x21, 0xf6, 0x21, 0xf6, 0x21, 0xf6, 0x21, 0xf6, 0x21, 0xf6, 0x21,
  0xf6, 0x21, 0xf6, 0x21, 0xf6, 0x21, 0xf6, 0x21, 0xf6, 0x21, 0xf6, 0x21, 0xf6, 0x21, 0xf6, 0x21, 0xf6, 0x21, 0xf6, 0x21, 0xf6, 0x21, 0x57, 0x32, 0xf6, 0x21, 0xf6, 0x21, 0xf6, 0x21, 0xf6, 0x21,
  0xf6, 0x21, 0xf6, 0x21, 0xf6, 0x21, 0xf6, 0x21, 0xf6, 0x21, 0xf6, 0x21, 0xf6, 0x21, 0xf6, 0x21, 0xf6, 0x21, 0xf6, 0x21, 0xf6, 0x21, 0xf6, 0x21, 0xf6, 0x21, 0xf6, 0x21, 0xf6, 0x21, 0xf6, 0x21,
  0xf6, 0x21, 0xf6, 0x21, 0xf6, 0x21, 0xf6, 0x21, 0xf6, 0x21, 0xf6, 0x21, 0xf6, 0x21, 0xf6, 0x21, 0xf6, 0x21, 0xf6, 0x21, 0xf6, 0x21, 0xf6, 0x21, 0xf6, 0x21, 0x57, 0x32, 0xf6, 0x21, 0xf6, 0x21,
  0x57, 0x32, 0x57, 0x32, 0x57, 0x32, 0x57, 0x32, 0x57, 0x32, 0x57, 0x32, 0x57, 0x32, 0x57, 0x32, 0x57, 0x32, 0x57, 0x32, 0xb8, 0x42, 0x57, 0x32, 0x57, 0x32, 0x57, 0x32, 0x57, 0x32, 0x57, 0x32,
  0x57, 0x32, 0x57, 0x32, 0x57, 0x32, 0x57, 0x32, 0x57, 0x32, 0x57, 0x32, 0x57, 0x32, 0x57, 0x32, 0x57, 0x32, 0x57, 0x32, 0x57, 0x32, 0x57, 0x32, 0x57, 0x32, 0x57, 0x32, 0x57, 0x32, 0x57, 0x32,
  0x57, 0x32, 0x57, 0x32, 0x57, 0x32, 0x57, 0x32, 0x57, 0x32, 0x57, 0x32, 0x57, 0x32, 0x57, 0x32, 0x57, 0x32, 0x57, 0x32, 0x57, 0x32, 0x57, 0x32, 0xb8, 0x42, 0x57, 0x32, 0x57, 0x32, 0x57, 0x32,
  0x57, 0x32, 0x57, 0x32, 0x57, 0x32, 0x57, 0x32, 0x57, 0x32, 0x57, 0x32, 0x57, 0x32, 0x57, 0x32, 0x57, 0x32, 0x58, 0x53, 0x1e, 0xd7, 0x3a, 0x74, 0x57, 0x32, 0xf8, 0x4a, 0x3d, 0xb6, 0x1c, 0xb6,
  0x57, 0x32, 0x58, 0x53, 0x1e, 0xd7, 0x3a, 0x74, 0x57, 0x32, 0x57, 0x32, 0x57, 0x32, 0x57, 0x32, 0x57, 0x32, 0xdc, 0xad, 0x5d, 0xb6, 0x18, 0x4b, 0xb8, 0x42, 0xfb, 0x8c, 0xfe, 0xce, 0xf8, 0x4a,
  0x58, 0x53, 0x1e, 0xd7, 0x3a, 0x74, 0x57, 0x32, 0x57, 0x32, 0x57, 0x32, 0x57, 0x32, 0x38, 0x53, 0x1e, 0xd7, 0xb9, 0x63, 0x57, 0x32, 0xdb, 0x84, 0x1e, 0xd7, 0x1e, 0xd7, 0xb7, 0x3a, 0x57, 0x32,
  0x57, 0x32, 0x5a, 0x74, 0x1e, 0xd7, 0x18, 0x4b, 0x57, 0x32, 0x57, 0x32, 0x38, 0x53, 0x1e, 0xd7, 0x3a, 0x74, 0x57, 0x32, 0xb8, 0x42, 0xbd, 0xc6, 0x3d, 0xb6, 0x77, 0x32, 0x5a, 0x74, 0x1e, 0xd7,
  0x79, 0x5b, 0x57, 0x32, 0x57, 0x32, 0xf9, 0x6b, 0x1e, 0xd7, 0xd9, 0x63, 0x18, 0x4b, 0x1e, 0xd7, 0x7a, 0x7c, 0x57, 0x32, 0x57, 0x32, 0x57, 0x32, 0x57, 0x32, 0x79, 0x5b, 0x1e, 0xd7, 0xf9, 0x6b,
  0xdb, 0x84, 0x1e, 0xd7, 0x3a, 0x74, 0x57, 0x32, 0x57, 0x32, 0x57, 0x32, 0x57, 0x32, 0x79, 0x5b, 0x1e, 0xd7, 0xf9, 0x6b, 0x38, 0x53, 0x1e, 0xd7, 0xb9, 0x63, 0x57, 0x32, 0xdb, 0x84, 0x1e, 0xd7,
  0x1e, 0xd7, 0xb7, 0x3a, 0xb8, 0x42, 0x9c, 0xa5, 0xbd, 0xc6, 0x99, 0x5b, 0x97, 0x3a, 0xd9, 0x63, 0x9d, 0xc6, 0x9d, 0xbe, 0x57, 0x32, 0x57, 0x32, 0x57, 0x32, 0x57, 0x32, 0x58, 0x53, 0x1e, 0xd7,
  0x79, 0x5b, 0xfb, 0x8c, 0x1e, 0xd7, 0xbc, 0xa5, 0xb8, 0x42, 0x1e, 0xd7, 0x3a, 0x74, 0x79, 0x5b, 0x1e, 0xd7, 0xf9, 0x6b, 0x38, 0x53, 0x1e, 0xd7, 0xb9, 0x63, 0x57, 0x32, 0xdb, 0x84, 0x1e, 0xd7,
  0x1e, 0xd7, 0xb7, 0x3a, 0x79, 0x5b, 0x1e, 0xd7, 0x3a, 0x74, 0x38, 0x53, 0x1e, 0xd7, 0xb9, 0x63, 0x57, 0x32, 0xdb, 0x84, 0x1e, 0xd7, 0x1e, 0xd7, 0xb7, 0x3a, 0x57, 0x32, 0x9c, 0xa5, 0xbd, 0xc6,
  0x99, 0x5b, 0x97, 0x3a, 0xd9, 0x63, 0x9d, 0xc6, 0x9d, 0xbe, 0x57, 0x32, 0x57, 0x32, 0x57, 0x32, 0x57, 0x32, 0x57, 0x32, 0x57, 0x32, 0x5a, 0x74, 0x1e, 0xd7, 0x18, 0x4b, 0x57, 0x32, 0x57, 0x32,
  0x77, 0x32, 0x1c, 0xb6, 0x7d, 0xbe, 0x79, 0x53, 0x97, 0x3a, 0x9a, 0x7c, 0x1e, 0xd7, 0x3a, 0x74, 0x57, 0x32, 0x57, 0x32, 0x9c, 0xa5, 0xbd, 0xc6, 0x99, 0x5b, 0x97, 0x3a, 0xd9, 0x63, 0x9d, 0xc6,
  0x9d, 0xbe, 0x57, 0x32, 0x58, 0x53, 0x1e, 0xd7, 0x3a, 0x74, 0x57, 0x32, 0x57, 0x32, 0x57, 0x32, 0x57, 0x32, 0x57, 0x32, 0x57, 0x32, 0x5a, 0x74, 0x1e, 0xd7, 0x18, 0x4b, 0x57, 0x32, 0x57, 0x32,
  0x38, 0x53, 0x1e, 0xd7, 0x3a, 0x74, 0x57, 0x32, 0x57, 0x32, 0x9a, 0x7c, 0x1e, 0xd7, 0xb8, 0x42, 0x99, 0x5b, 0x1e, 0xd7, 0x3a, 0x74, 0x57, 0x32, 0x57, 0x32, 0x57, 0x32, 0x57, 0x32, 0x38, 0x53,
  0x1e, 0xd7, 0x3a, 0x74, 0x57, 0x32, 0xb8, 0x42, 0xbd, 0xc6, 0x3d, 0xb6, 0x77, 0x32, 0x57, 0x32, 0x57, 0x32, 0x57, 0x32, 0x57, 0x32, 0x57, 0x32, 0x57, 0x32, 0x57, 0x32, 0x57, 0x32, 0x57, 0x32,
  0x57, 0x32, 0x57, 0x32, 0x57, 0x32, 0x57, 0x32, 0x57, 0x32, 0x57, 0x32, 0x57, 0x32, 0x57, 0x32, 0x57, 0x32, 0x57, 0x32, 0xb8, 0x42, 0x57, 0x32, 0x57, 0x32, 0x57, 0x32, 0x57, 0x32, 0x57, 0x32,
  0x57, 0x32, 0x57, 0x32, 0x57, 0x32, 0x57, 0x32, 0x57, 0x32, 0x57, 0x32, 0x57, 0x32, 0x57, 0x32, 0x57, 0x32, 0x57, 0x32, 0x57, 0x32, 0x57, 0x32, 0x57, 0x32, 0x57, 0x32, 0x57, 0x32, 0x57, 0x32,
  0x57, 0x32, 0x57, 0x32, 0x57, 0x32, 0x57, 0x32, 0x57, 0x32, 0x57, 0x32, 0x57, 0x32, 0x57, 0x32, 0x57, 0x32, 0x57, 0x32, 0x57, 0x32, 0x57, 0x32, 0xb8, 0x42, 0x57, 0x32, 0x57, 0x32, 0x57, 0x32,
  0xf6, 0x21, 0xf6, 0x21, 0xf6, 0x21, 0xf6, 0x21, 0xf6, 0x21, 0xf6, 0x21, 0xf6, 0x21, 0xf6, 0x21, 0xf6, 0x21, 0xf6, 0x21, 0x57, 0x32, 0xf6, 0x21, 0xf6, 0x21, 0xf6, 0x21, 0xf6, 0x21, 0xf6, 0x21,
  0xf6, 0x21, 0xf6, 0x21, 0xf6, 0x21, 0xf6, 0x21, 0xf6, 0x21, 0xf6, 0x21, 0xf6, 0x21, 0xf6, 0x21, 0xf6, 0x21, 0xf6, 0x21, 0xf6, 0x21, 0xf6, 0x21, 0xf6, 0x21, 0xf6, 0x21, 0xf6, 0x21, 0xf6, 0x21,
  0xf6, 0x21, 0xf6, 0x21, 0xf6, 0x21, 0xf6, 0x21, 0xf6, 0x21, 0xf6, 0x21, 0xf6, 0x21, 0xf6, 0x21, 0xf6, 0x21, 0xf6, 0x21, 0xf6, 0x21, 0xf6, 0x21, 0x57, 0x32, 0xf6, 0x21, 0xf6, 0x21, 0xf6, 0x21,
  0xf6, 0x21, 0xf6, 0x21, 0xf6, 0x21, 0xf6, 0x21, 0xf6, 0x21, 0xf6, 0x21, 0xf6, 0x21, 0xf6, 0x21, 0xf6, 0x21, 0xf8, 0x42, 0x1e, 0xd7, 0x1e, 0xd7, 0x1e, 0xd7, 0xdd, 0xc6, 0x7b, 0x9d, 0x77, 0x32,
  0xf6, 0x21, 0xf8, 0x42, 0x1e, 0xd7, 0x1e, 0xd7, 0x1e, 0xd7, 0x1e, 0xd7, 0x1e, 0xd7, 0xfc, 0xad, 0xf6, 0x21, 0x57, 0x32, 0x3b, 0x95, 0xbd, 0xc6, 0xdd, 0xce, 0xdc, 0xad, 0x98, 0x5b, 0xf6, 0x21,
  0xf8, 0x42, 0x1e, 0xd7, 0x1e, 0xd7, 0x1e, 0xd7, 0x1e, 0xd7, 0x1e, 0xd7, 0xfc, 0xad, 0xd7, 0x42, 0x1e, 0xd7, 0x78, 0x53, 0xf6, 0x21, 0x16, 0x2a, 0x3c, 0xb6, 0x1e, 0xd7, 0x36, 0x2a, 0xf6, 0x21,
  0xf6, 0x21, 0x19, 0x6c, 0x1e, 0xd7, 0xb7, 0x3a, 0xf6, 0x21, 0xf6, 0x21, 0xd7, 0x42, 0x1e, 0xd7, 0xf9, 0x63, 0xf6, 0x21, 0xf6, 0x21, 0xb9, 0x63, 0x1e, 0xd7, 0xba, 0x84, 0x1c, 0xb6, 0x5d, 0xb6,
  0x57, 0x32, 0xf6, 0x21, 0xf6, 0x21, 0x36, 0x2a, 0xdd, 0xce, 0x9b, 0x9d, 0xb7, 0x3a, 0x1e, 0xd7, 0x1e, 0xd7, 0x1e, 0xd7, 0x1e, 0xd7, 0x1e, 0xd7, 0xf9, 0x63, 0x38, 0x4b, 0x1e, 0xd7, 0xb9, 0x5b,
  0x7d, 0xbe, 0x1e, 0xd7, 0x1e, 0xd7, 0x1e, 0xd7, 0x1e, 0xd7, 0x1e, 0xd7, 0x9a, 0x7c, 0x38, 0x4b, 0x1e, 0xd7, 0xb9, 0x5b, 0xd7, 0x42, 0x1e, 0xd7, 0x78, 0x53, 0xf6, 0x21, 0x16, 0x2a, 0x3c, 0xb6,
  0x1e, 0xd7, 0x36, 0x2a, 0x57, 0x32, 0x16, 0x2a, 0x9a, 0x7c, 0x5d, 0xbe, 0xfe, 0xce, 0x9d, 0xc6, 0x7b, 0x9d, 0x78, 0x5b, 0xf6, 0x21, 0xf6, 0x21, 0xf6, 0x21, 0xf6, 0x21, 0x18, 0x4b, 0x1e, 0xd7,
  0x38, 0x4b, 0x98, 0x5b, 0x1e, 0xd7, 0x5a, 0x74, 0x77, 0x32, 0x1e, 0xd7, 0xf9, 0x63, 0x38, 0x4b, 0x1e, 0xd7, 0xb9, 0x5b, 0xd7, 0x42, 0x1e, 0xd7, 0x78, 0x53, 0xf6, 0x21, 0x16, 0x2a, 0x3c, 0xb6,
  0x1e, 0xd7, 0x36, 0x2a, 0x38, 0x4b, 0x1e, 0xd7, 0xf9, 0x6b, 0xd7, 0x42, 0x1e, 0xd7, 0x78, 0x53, 0xf6, 0x21, 0x16, 0x2a, 0x3c, 0xb6, 0x1e, 0xd7, 0x36, 0x2a, 0xf6, 0x21, 0x16, 0x2a, 0x9a, 0x7c,
  0x5d, 0xbe, 0xfe, 0xce, 0x9d, 0xc6, 0x7b, 0x9d, 0x78, 0x5b, 0xf6, 0x21, 0xf6, 0x21, 0xf6, 0x21, 0xf6, 0x21, 0xf6, 0x21, 0xf6, 0x21, 0x19, 0x6c, 0x1e, 0xd7, 0xb7, 0x3a, 0xf6, 0x21, 0xf6, 0x21,
  0xf6, 0x21, 0x57, 0x32, 0x1b, 0x8d, 0x9d, 0xc6, 0xfe, 0xce, 0x3c, 0xb6, 0x39, 0x6c, 0xf6, 0x21, 0xf6, 0x21, 0xf6, 0x21, 0x16, 0x2a, 0x9a, 0x7c, 0x5d, 0xbe, 0xfe, 0xce, 0x9d, 0xc6, 0x7b, 0x9d,
  0x78, 0x5b, 0xf6, 0x21, 0xf8, 0x42, 0x1e, 0xd7, 0x1e, 0xd7, 0x1e, 0xd7, 0x1e, 0xd7, 0x1e, 0xd7, 0xfc, 0xad, 0xf6, 0x21, 0xf6, 0x21, 0x19, 0x6c, 0x1e, 0xd7, 0xb7, 0x3a, 0xf6, 0x21, 0xf6, 0x21,
  0xd7, 0x42, 0x1e, 0xd7, 0xf9, 0x63, 0xf6, 0x21, 0xf6, 0x21, 0x7a, 0x74, 0x1e, 0xd7, 0x77, 0x32, 0x58, 0x53, 0x1e, 0xd7, 0x1e, 0xd7, 0x1e, 0xd7, 0x1e, 0xd7, 0x1e, 0xd7, 0xfc, 0xad, 0xd7, 0x42,
  0x1e, 0xd7, 0xf9, 0x63, 0xf6, 0x21, 0xf6, 0x21, 0xb9, 0x63, 0x1e, 0xd7, 0xba, 0x84, 0xf6, 0x21, 0xf6, 0x21, 0xf6, 0x21, 0xf6, 0x21, 0xf6, 0x21, 0xf6, 0x21, 0xf6, 0x21, 0xf6, 0x21, 0xf6, 0x21,
  0xf6, 0x21, 0xf6, 0x21, 0xf6, 0x21, 0xf6, 0x21, 0xf6, 0x21, 0xf6, 0x21, 0xf6, 0x21, 0xf6, 0x21, 0xf6, 0x21, 0xf6, 0x21, 0x57, 0x32, 0xf6, 0x21, 0xf6, 0x21, 0xf6, 0x21, 0xf6, 0x21, 0xf6, 0x21,
  0xf6, 0x21, 0xf6, 0x21, 0xf6, 0x21, 0xf6, 0x21, 0xf6, 0x21, 0xf6, 0x21, 0xf6, 0x21, 0xf6, 0x21, 0xf6, 0x21, 0xf6, 0x21, 0xf6, 0x21, 0xf6, 0x21, 0xf6, 0x21, 0xf6, 0x21, 0xf6, 0x21, 0xf6, 0x21,
  0xf6, 0x21, 0xf6, 0x21, 0xf6, 0x21, 0xf6, 0x21, 0xf6, 0x21, 0xf6, 0x21, 0xf6, 0x21, 0xf6, 0x21, 0xf6, 0x21, 0xf6, 0x21, 0xf6, 0x21, 0xf6, 0x21, 0x57, 0x32, 0xf6, 0x21, 0xf6, 0x21, 0xf6, 0x21,
  0xf6, 0x21, 0xf6, 0x21, 0xf6, 0x21, 0xf6, 0x21, 0xf6, 0x21, 0xf6, 0x21, 0xf6, 0x21, 0xf6, 0x21, 0xf6, 0x21, 0x57, 0x32, 0xf6, 0x21, 0xf6, 0x21, 0xf6, 0x21, 0xf6, 0x21, 0xf6, 0x21, 0xf6, 0x21,
  0xf6, 0x21, 0xf6, 0x21, 0xf6, 0x21, 0xf6, 0x21, 0xf6, 0x21, 0xf6, 0x21, 0xf6, 0x21, 0xf6, 0x21, 0xf6, 0x21, 0xf6, 0x21, 0xf6, 0x21, 0xf6, 0x21, 0xf6, 0x21, 0xf6, 0x21, 0xf6, 0x21, 0xf6, 0x21,
  0xf6, 0x21, 0xf6, 0x21, 0xf6, 0x21, 0xf6, 0x21, 0xf6, 0x21, 0xf6, 0x21, 0xf6, 0x21, 0xf6, 0x21, 0xf6, 0x21, 0xf6, 0x21, 0xf6, 0x21, 0x57, 0x32, 0xf6, 0x21, 0xf6, 0x21, 0xf6, 0x21, 0xf6, 0x21,
  0xf6, 0x21, 0xf6, 0x21, 0xf6, 0x21, 0xf6, 0x21, 0xf6, 0x21, 0xf6, 0x21, 0xf6, 0x21, 0xf6, 0x21, 0xf6, 0x21, 0xf6, 0x21, 0xf6, 0x21, 0xf6, 0x21, 0xf6, 0x21, 0xf6, 0x21, 0xf6, 0x21, 0xf6, 0x21,
  0xf6, 0x21, 0xf6, 0x21, 0xf6, 0x21, 0xf6, 0x21, 0xf6, 0x21, 0xf6, 0x21, 0xf6, 0x21, 0xf6, 0x21, 0xf6, 0x21, 0xf6, 0x21, 0xf6, 0x21, 0xf6, 0x21, 0xf6, 0x21, 0x57, 0x32, 0xf6, 0x21, 0xf6, 0x21,
  0xf6, 0x21, 0xf6, 0x21, 0xf6, 0x21, 0xf6, 0x21, 0xf6, 0x21, 0xf6, 0x21, 0xf6, 0x21, 0xf6, 0x21, 0xf6, 0x21, 0xf6, 0x21, 0xf6, 0x21, 0xf6, 0x21, 0xf6, 0x21, 0xf6, 0x21, 0xf6, 0x21, 0xf6, 0x21,
  0xf6, 0x21, 0xf6, 0x21, 0xf6, 0x21, 0xf6, 0x21, 0xf6, 0x21, 0xf6, 0x21, 0xf6, 0x21, 0xf6, 0x21, 0xf6, 0x21, 0xf6, 0x21, 0xf6, 0x21, 0xf6, 0x21, 0xf6, 0x21, 0xf6, 0x21, 0xf6, 0x21, 0x57, 0x32,
  0xf6, 0x21, 0xf6, 0x21, 0xf6, 0x21, 0xf6, 0x21, 0xf6, 0x21, 0xf6, 0x21, 0xf6, 0x21, 0xf6, 0x21, 0xf6, 0x21, 0xf6, 0x21, 0xf6, 0x21, 0xf6, 0x21, 0xf6, 0x21, 0xf6, 0x21, 0xf6, 0x21, 0xf6, 0x21,
  0xf6, 0x21, 0xf6, 0x21, 0xf6, 0x21, 0xf6, 0x21, 0xf6, 0x21, 0xf6, 0x21, 0xf6, 0x21, 0xf6, 0x21, 0xf6, 0x21, 0xf6, 0x21, 0xf6, 0x21, 0xf6, 0x21, 0xf6, 0x21, 0xf6, 0x21, 0xf6, 0x21, 0xf6, 0x21,
  0xf6, 0x21, 0x57, 0x32, 0xf6, 0x21, 0xf6, 0x21, 0xf6, 0x21, 0xf6, 0x21, 0xf6, 0x21, 0xf6, 0x21, 0xf6, 0x21, 0xf6, 0x21, 0xf6, 0x21, 0xf6, 0x21, 0xf6, 0x21, 0xf6, 0x21, 0xf6, 0x21, 0xf6, 0x21,
  0xf6, 0x21, 0xf6, 0x21, 0xf6, 0x21, 0xf6, 0x21, 0xf6, 0x21, 0xf6, 0x21, 0xf6, 0x21, 0xf6, 0x21, 0xf6, 0x21, 0xf6, 0x21, 0xf6, 0x21, 0xf6, 0x21, 0xf6, 0x21, 0xf6, 0x21, 0xf6, 0x21, 0xf6, 0x21,
  0xf6, 0x21, 0xf6, 0x21, 0xf6, 0x21, 0x57, 0x32, 0xf6, 0x21, 0xf6, 0x21, 0xf6, 0x21, 0xf6, 0x21, 0xf6, 0x21, 0xf6, 0x21, 0xf6, 0x21, 0xf6, 0x21, 0xf6, 0x21, 0xf6, 0x21, 0xf6, 0x21, 0xf6, 0x21,
  0xf6, 0x21, 0xf6, 0x21, 0xf6, 0x21, 0xf6, 0x21, 0xf6, 0x21, 0xf6, 0x21, 0xf6, 0x21, 0xf6, 0x21, 0xf6, 0x21, 0xf6, 0x21, 0xf6, 0x21, 0xf6, 0x21, 0xf6, 0x21, 0xf6, 0x21, 0xf6, 0x21, 0xf6, 0x21,
  0xf6, 0x21, 0xf6, 0x21, 0xf6, 0x21, 0xf6, 0x21, 0xf6, 0x21, 0x57, 0x32, 0xf6, 0x21, 0xf6, 0x21, 0xf6, 0x21, 0xf6, 0x21, 0xf6, 0x21, 0xf6, 0x21, 0xf6, 0x21, 0xf6, 0x21, 0xf6, 0x21, 0xf6, 0x21,
  0xf6, 0x21, 0xf6, 0x21, 0xf6, 0x21, 0xf6, 0x21, 0xf6, 0x21, 0xf6, 0x21, 0xf6, 0x21, 0xf6, 0x21, 0xf6, 0x21, 0xf6, 0x21, 0xf6, 0x21, 0xf6, 0x21, 0xf6, 0x21, 0xf6, 0x21, 0xf6, 0x21, 0xf6, 0x21,
  0xf6, 0x21, 0xf6, 0x21, 0xf6, 0x21, 0xf6, 0x21, 0xf6, 0x21, 0xf6, 0x21, 0xf6, 0x21, 0x57, 0x32, 0xf6, 0x21, 0xf6, 0x21, 0xf6, 0x21, 0xf6, 0x21, 0xf6, 0x21, 0xf6, 0x21, 0xf6, 0x21, 0xf6, 0x21,
  0xf6, 0x21, 0xf6, 0x21, 0xf6, 0x21, 0xf6, 0x21, 0xf6, 0x21, 0xf6, 0x21, 0xf6, 0x21, 0xf6, 0x21, 0xf6, 0x21, 0xf6, 0x21, 0xf6, 0x21, 0xf6, 0x21, 0xf6, 0x21, 0xf6, 0x21, 0xf6, 0x21, 0xf6, 0x21,
  0xf6, 0x21, 0xf6, 0x21, 0xf6, 0x21, 0xf6, 0x21, 0xf6, 0x21, 0xf6, 0x21, 0xf6, 0x21, 0xf6, 0x21, 0xf6, 0x21, 0x57, 0x32, 0xf6, 0x21, 0xf6, 0x21, 0xf6, 0x21, 0xf6, 0x21, 0xf6, 0x21, 0xf6, 0x21,
  0xf6, 0x21, 0xf6, 0x21, 0xf6, 0x21, 0xf6, 0x21, 0xf6, 0x21, 0xf6, 0x21, 0xf6, 0x21, 0xf6, 0x21, 0xf6, 0x21, 0xf6, 0x21, 0xf6, 0x21, 0xf6, 0x21, 0xf6, 0x21, 0xf6, 0x21, 0xf6, 0x21, 0xf6, 0x21,
  0xf6, 0x21, 0xf6, 0x21, 0xf6, 0x21, 0xf6, 0x21, 0xf6, 0x21, 0xf6, 0x21, 0xf6, 0x21, 0xf6, 0x21, 0xf6, 0x21, 0xf6, 0x21, 0xf6, 0x21, 0x57, 0x32, 0xf6, 0x21, 0xf6, 0x21, 0xf6, 0x21, 0xf6, 0x21,
  0xf6, 0x21, 0xf6, 0x21, 0xf6, 0x21, 0xf6, 0x21, 0xf6, 0x21, 0xf6, 0x21, 0xf6, 0x21, 0xf6, 0x21, 0x57, 0x32, 0xf6, 0x21, 0xf6, 0x21, 0xf6, 0x21, 0xf6, 0x21, 0xf6, 0x21, 0xf6, 0x21, 0xf6, 0x21,
  0xf6, 0x21, 0xf6, 0x21, 0xf6, 0x21, 0xf6, 0x21, 0xf6, 0x21, 0xf6, 0x21, 0xf6, 0x21, 0xf6, 0x21, 0xf6, 0x21, 0xf6, 0x21, 0xf6, 0x21, 0xf6, 0x21, 0xf6, 0x21, 0xf6, 0x21, 0xf6, 0x21, 0xf6, 0x21,
  0xf6, 0x21, 0xf6, 0x21, 0xf6, 0x21, 0xf6, 0x21, 0xf6, 0x21, 0xf6, 0x21, 0xf6, 0x21, 0xf6, 0x21, 0xf6, 0x21, 0xf6, 0x21, 0x57, 0x32, 0xf6, 0x21, 0xf6, 0x21, 0xf6, 0x21, 0xf6, 0x21, 0xf6, 0x21,
  0xf6, 0x21, 0xf6, 0x21, 0xf6, 0x21, 0xf6, 0x21, 0xf6, 0x21, 0xf6, 0x21, 0xf6, 0x21, 0xf6, 0x21, 0xf6, 0x21, 0xf6, 0x21, 0xf6, 0x21, 0xf6, 0x21, 0xf6, 0x21, 0xf6, 0x21, 0xf6, 0x21, 0xf6, 0x21,
  0xf6, 0x21, 0xf6, 0x21, 0xf6, 0x21, 0xf6, 0x21, 0xf6, 0x21, 0xf6, 0x21, 0xf6, 0x21, 0xf6, 0x21, 0xf6, 0x21, 0xf6, 0x21, 0xf6, 0x21, 0xf6, 0x21, 0x57, 0x32, 0xf6, 0x21, 0xf6, 0x21, 0xf6, 0x21,
  0xf6, 0x21, 0xf6, 0x21, 0xf6, 0x21, 0xf6, 0x21, 0xf6, 0x21, 0xf6, 0x21, 0xf6, 0x21, 0xf6, 0x21, 0xf6, 0x21, 0xf6, 0x21, 0xf6, 0x21, 0xf6, 0x21, 0xf6, 0x21, 0xf6, 0x21, 0xf6, 0x21, 0xf6, 0x21,
  0xf6, 0x21, 0xf6, 0x21, 0xf6, 0x21, 0xf6, 0x21, 0xf6, 0x21, 0xf6, 0x21, 0xf6, 0x21, 0xf6, 0x21, 0xf6, 0x21, 0xf6, 0x21, 0xf6, 0x21, 0xf6, 0x21, 0xf6, 0x21, 0xf6, 0x21, 0x57, 0x32, 0xf6, 0x21,
  0xf6, 0x21, 0xf6, 0x21, 0xf6, 0x21, 0xf6, 0x21, 0xf6, 0x21, 0xf6, 0x21, 0xf6, 0x21, 0xf6, 0x21, 0xf6, 0x21, 0xf6, 0x21, 0xf6, 0x21, 0xf6, 0x21, 0xf6, 0x21, 0xf6, 0x21, 0xf6, 0x21, 0xf6, 0x21,
  0xf6, 0x21, 0xf6, 0x21, 0xf6, 0x21, 0xf6, 0x21, 0xf6, 0x21, 0xf6, 0x21, 0xf6, 0x21, 0xf6, 0x21, 0xf6, 0x21, 0xf6, 0x21, 0xf6, 0x21, 0xf6, 0x21, 0xf6, 0x21, 0xf6, 0x21, 0xf6, 0x21, 0xf6, 0x21,
  0x57, 0x32, 0xf6, 0x21, 0xf6, 0x21, 0xf6, 0x21, 0xf6, 0x21, 0xf6, 0x21, 0xf6, 0x21, 0xf6, 0x21, 0xf6, 0x21, 0xf6, 0x21, 0xf6, 0x21, 0xf6, 0x21, 0xf6, 0x21, 0xf6, 0x21, 0xf6, 0x21, 0xf6, 0x21,
  0xf6, 0x21, 0xf6, 0x21, 0xf6, 0x21, 0xf6, 0x21, 0xf6, 0x21, 0xf6, 0x21, 0xf6, 0x21, 0xf6, 0x21, 0xf6, 0x21, 0xf6, 0x21, 0xf6, 0x21, 0xf6, 0x21, 0xf6, 0x21, 0xf6, 0x21, 0xf6, 0x21, 0xf6, 0x21,
  0xf6, 0x21, 0xf6, 0x21, 0x57, 0x32, 0xf6, 0x21, 0xf6, 0x21, 0xf6, 0x21, 0xf6, 0x21, 0xf6, 0x21, 0xf6, 0x21, 0xf6, 0x21, 0xf6, 0x21, 0xf6, 0x21, 0xf6, 0x21, 0xf6, 0x21, 0xf6, 0x21, 0xf6, 0x21,
  0xf6, 0x21, 0xf6, 0x21, 0xf6, 0x21, 0xf6, 0x21, 0xf6, 0x21, 0xf6, 0x21, 0xf6, 0x21, 0xf6, 0x21, 0xf6, 0x21, 0xf6, 0x21, 0xf6, 0x21, 0xf6, 0x21, 0xf6, 0x21, 0xf6, 0x21, 0xf6, 0x21, 0xf6, 0x21,
  0xf6, 0x21, 0xf6, 0x21, 0xf6, 0x21, 0xf6, 0x21, 0x57, 0x32, 0xf6, 0x21, 0xf6, 0x21, 0xf6, 0x21, 0xf6, 0x21, 0xf6, 0x21, 0xf6, 0x21, 0xf6, 0x21, 0xf6, 0x21, 0xf6, 0x21, 0xf6, 0x21, 0xf6, 0x21,
  0xf6, 0x21, 0xf6, 0x21, 0xf6, 0x21, 0xf6, 0x21, 0xf6, 0x21, 0xf6, 0x21, 0xf6, 0x21, 0xf6, 0x21, 0xf6, 0x21, 0xf6, 0x21, 0xf6, 0x21, 0xf6, 0x21, 0xf6, 0x21, 0xf6, 0x21, 0xf6, 0x21, 0xf6, 0x21,
  0xf6, 0x21, 0xf6, 0x21, 0xf6, 0x21, 0xf6, 0x21, 0xf6, 0x21, 0xf6, 0x21, 0x57, 0x32, 0xf6, 0x21, 0xf6, 0x21, 0xf6, 0x21, 0xf6, 0x21, 0xf6, 0x21, 0xf6, 0x21, 0xf6, 0x21, 0xf6, 0x21, 0xf6, 0x21,
  0xf6, 0x21, 0xf6, 0x21, 0xf6, 0x21, 0xf6, 0x21, 0xf6, 0x21, 0xf6, 0x21, 0xf6, 0x21, 0xf6, 0x21, 0xf6, 0x21, 0xf6, 0x21, 0xf6, 0x21, 0xf6, 0x21, 0xf6, 0x21, 0xf6, 0x21, 0xf6, 0x21, 0xf6, 0x21,
  0xf6, 0x21, 0xf6, 0x21, 0xf6, 0x21, 0xf6, 0x21, 0xf6, 0x21, 0xf6, 0x21, 0xf6, 0x21, 0xf6, 0x21, 0x57, 0x32, 0xf6, 0x21, 0xf6, 0x21, 0xf6, 0x21, 0xf6, 0x21, 0xf6, 0x21, 0xf6, 0x21, 0xf6, 0x21,
  0xf6, 0x21, 0xf6, 0x21, 0xf6, 0x21, 0xf6, 0x21, 0xf6, 0x21, 0xf6, 0x21, 0xf6, 0x21, 0xf6, 0x21, 0xf6, 0x21, 0xf6, 0x21, 0xf6, 0x21, 0xf6, 0x21, 0xf6, 0x21, 0xf6, 0x21, 0xf6, 0x21, 0xf6, 0x21,
  0xf6, 0x21, 0xf6, 0x21, 0xf6, 0x21, 0xf6, 0x21, 0xf6, 0x21, 0xf6, 0x21, 0xf6, 0x21, 0xf6, 0x21, 0xf6, 0x21, 0xf6, 0x21, 0x57, 0x32, 0xf6, 0x21, 0xf6, 0x21, 0xf6, 0x21, 0xf6, 0x21, 0xf6, 0x21,
  0xf6, 0x21, 0xf6, 0x21, 0xf6, 0x21, 0xf6, 0x21, 0xf6, 0x21, 0xf6, 0x21, 0xf6, 0x21, 0x57, 0x32, 0xf6, 0x21, 0xf6, 0x21, 0xf6, 0x21, 0xf6, 0x21, 0xf6, 0x21, 0xf6, 0x21, 0xf6, 0x21, 0xf6, 0x21,
  0xf6, 0x21, 0xf6, 0x21, 0xf6, 0x21, 0xf6, 0x21, 0xf6, 0x21, 0xf6, 0x21, 0xf6, 0x21, 0xf6, 0x21, 0xf6, 0x21, 0xf6, 0x21, 0xf6, 0x21, 0xf6, 0x21, 0xf6, 0x21, 0xf6, 0x21, 0xf6, 0x21, 0xf6, 0x21,
  0xf6, 0x21, 0xf6, 0x21, 0xf6, 0x21, 0xf6, 0x21, 0xf6, 0x21, 0xf6, 0x21, 0xf6, 0x21, 0xf6, 0x21, 0xf6, 0x21, 0x57, 0x32, 0xf6, 0x21, 0xf6, 0x21, 0xf6, 0x21, 0xf6, 0x21, 0xf6, 0x21, 0xf6, 0x21,
  0xf6, 0x21, 0xf6, 0x21, 0xf6, 0x21, 0xf6, 0x21, 0xf6, 0x21, 0xf6, 0x21, 0xf6, 0x21, 0xf6, 0x21, 0xf6, 0x21, 0xf6, 0x21, 0xf6, 0x21, 0xf6, 0x21, 0xf6, 0x21, 0xf6, 0x21, 0xf6, 0x21, 0xf6, 0x21,
  0xf6, 0x21, 0xf6, 0x21, 0xf6, 0x21, 0xf6, 0x21, 0xf6, 0x21, 0xf6, 0x21, 0xf6, 0x21, 0xf6, 0x21, 0xf6, 0x21, 0xf6, 0x21, 0xf6, 0x21, 0x57, 0x32, 0xf6, 0x21, 0xf6, 0x21, 0xf6, 0x21, 0xf6, 0x21,
  0xf6, 0x21, 0xf6, 0x21, 0xf6, 0x21, 0xf6, 0x21, 0xf6, 0x21, 0xf6, 0x21, 0xf6, 0x21, 0xf6, 0x21, 0xf6, 0x21, 0xf6, 0x21, 0xf6, 0x21, 0xf6, 0x21, 0xf6, 0x21, 0xf6, 0x21, 0xf6, 0x21, 0xf6, 0x21,
  0xf6, 0x21, 0xf6, 0x21, 0xf6, 0x21, 0xf6, 0x21, 0xf6, 0x21, 0xf6, 0x21, 0xf6, 0x21, 0xf6, 0x21, 0xf6, 0x21, 0xf6, 0x21, 0xf6, 0x21, 0xf6, 0x21, 0xf6, 0x21, 0x57, 0x32, 0xf6, 0x21, 0xf6, 0x21,
  0xf6, 0x21, 0xf6, 0x21, 0xf6, 0x21, 0xf6, 0x21, 0xf6, 0x21, 0xf6, 0x21, 0xf6, 0x21, 0xf6, 0x21, 0xf6, 0x21, 0xf6, 0x21, 0xf6, 0x21, 0xf6, 0x21, 0xf6, 0x21, 0xf6, 0x21, 0xf6, 0x21, 0xf6, 0x21,
  0xf6, 0x21, 0xf6, 0x21, 0xf6, 0x21, 0xf6, 0x21, 0xf6, 0x21, 0xf6, 0x21, 0xf6, 0x21, 0xf6, 0x21, 0xf6, 0x21, 0xf6, 0x21, 0xf6, 0x21, 0xf6, 0x21, 0xf6, 0x21, 0xf6, 0x21, 0xf6, 0x21, 0x57, 0x32,
  0xf6, 0x21, 0xf6, 0x21, 0xf6, 0x21, 0xf6, 0x21, 0xf6, 0x21, 0xf6, 0x21, 0xf6, 0x21, 0xf6, 0x21, 0xf6, 0x21, 0xf6, 0x21, 0xf6, 0x21, 0xf6, 0x21, 0xf6, 0x21, 0xf6, 0x21, 0xf6, 0x21, 0xf6, 0x21,
  0xf6, 0x21, 0xf6, 0x21, 0xf6, 0x21, 0xf6, 0x21, 0xf6, 0x21, 0xf6, 0x21, 0xf6, 0x21, 0xf6, 0x21, 0xf6, 0x21, 0xf6, 0x21, 0xf6, 0x21, 0xf6, 0x21, 0xf6, 0x21, 0xf6, 0x21, 0xf6, 0x21, 0xf6, 0x21,
  0xf6, 0x21, 0x57, 0x32, 0xf6, 0x21, 0xf6, 0x21, 0xf6, 0x21, 0xf6, 0x21, 0xf6, 0x21, 0xf6, 0x21, 0xf6, 0x21, 0xf6, 0x21, 0xf6, 0x21, 0xf6, 0x21, 0xf6, 0x21, 0xf6, 0x21, 0xf6, 0x21, 0xf6, 0x21,
  0xf6, 0x21, 0xf6, 0x21, 0xf6, 0x21, 0xf6, 0x21, 0xf6, 0x21, 0xf6, 0x21, 0xf6, 0x21, 0xf6, 0x21, 0xf6, 0x21, 0xf6, 0x21, 0xf6, 0x21, 0xf6, 0x21, 0xf6, 0x21, 0xf6, 0x21, 0xf6, 0x21, 0xf6, 0x21,
  0xf6, 0x21, 0xf6, 0x21, 0xf6, 0x21, 0x57, 0x32, 0xf6, 0x21, 0xf6, 0x21, 0xf6, 0x21, 0xf6, 0x21, 0xf6, 0x21, 0xf6, 0x21, 0xf6, 0x21, 0xf6, 0x21, 0xf6, 0x21, 0xf6, 0x21, 0xf6, 0x21, 0xf6, 0x21,
  0xf6, 0x21, 0xf6, 0x21, 0xf6, 0x21, 0xf6, 0x21, 0xf6, 0x21, 0xf6, 0x21, 0xf6, 0x21, 0xf6, 0x21, 0xf6, 0x21, 0xf6, 0x21, 0xf6, 0x21, 0xf6, 0x21, 0xf6, 0x21, 0xf6, 0x21, 0xf6, 0x21, 0xf6, 0x21,
  0xf6, 0x21, 0xf6, 0x21, 0xf6, 0x21, 0xf6, 0x21, 0xf6, 0x21, 0x57, 0x32, 0xf6, 0x21, 0xf6, 0x21, 0xf6, 0x21, 0xf6, 0x21, 0xf6, 0x21, 0xf6, 0x21, 0xf6, 0x21, 0xf6, 0x21, 0xf6, 0x21, 0xf6, 0x21,
  0xf6, 0x21, 0xf6, 0x21, 0xf6, 0x21, 0xf6, 0x21, 0xf6, 0x21, 0xf6, 0x21, 0xf6, 0x21, 0xf6, 0x21, 0xf6, 0x21, 0xf6, 0x21, 0xf6, 0x21, 0xf6, 0x21, 0xf6, 0x21, 0xf6, 0x21, 0xf6, 0x21, 0xf6, 0x21,
  0xf6, 0x21, 0xf6, 0x21, 0xf6, 0x21, 0xf6, 0x21, 0xf6, 0x21, 0xf6, 0x21, 0xf6, 0x21, 0x57, 0x32, 0xf6, 0x21, 0xf6, 0x21, 0xf6, 0x21, 0xf6, 0x21, 0xf6, 0x21, 0xf6, 0x21, 0xf6, 0x21, 0xf6, 0x21,
  0xf6, 0x21, 0xf6, 0x21, 0xf6, 0x21, 0xf6, 0x21, 0xf6, 0x21, 0xf6, 0x21, 0xf6, 0x21, 0xf6, 0x21, 0xf6, 0x21, 0xf6, 0x21, 0xf6, 0x21, 0xf6, 0x21, 0xf6, 0x21, 0xf6, 0x21, 0xf6, 0x21, 0xf6, 0x21,
  0xf6, 0x21, 0xf6, 0x21, 0xf6, 0x21, 0xf6, 0x21, 0xf6, 0x21, 0xf6, 0x21, 0xf6, 0x21, 0xf6, 0x21, 0xf6, 0x21, 0x57, 0x32, 0xf6, 0x21, 0xf6, 0x21, 0xf6, 0x21, 0xf6, 0x21, 0xf6, 0x21, 0xf6, 0x21,
  0xf6, 0x21, 0xf6, 0x21, 0xf6, 0x21, 0xf6, 0x21, 0xf6, 0x21, 0xf6, 0x21, 0x57, 0x32, 0xf6, 0x21, 0xf6, 0x21, 0xf6, 0x21, 0xf6, 0x21, 0xf6, 0x21, 0xf6, 0x21, 0xf6, 0x21, 0xf6, 0x21, 0xf6, 0x21,
  0xf6, 0x21, 0xf6, 0x21, 0xf6, 0x21, 0xf6, 0x21, 0xf6, 0x21, 0xf6, 0x21, 0xf6, 0x21, 0xf6, 0x21, 0xf6, 0x21, 0xf6, 0x21, 0xf6, 0x21, 0xf6, 0x21, 0xf6, 0x21, 0xf6, 0x21, 0xf6, 0x21, 0xf6, 0x21,
  0xf6, 0x21, 0xf6, 0x21, 0xf6, 0x21, 0xf6, 0x21, 0xf6, 0x21, 0xf6, 0x21, 0xf6, 0x21, 0xf6, 0x21, 0x57, 0x32, 0xf6, 0x21, 0xf6, 0x21, 0xf6, 0x21, 0xf6, 0x21, 0xf6, 0x21, 0xf6, 0x21, 0xf6, 0x21,
  0xf6, 0x21, 0xf6, 0x21, 0xf6, 0x21, 0xf6, 0x21, 0xf6, 0x21, 0xf6, 0x21, 0xf6, 0x21, 0xf6, 0x21, 0xf6, 0x21, 0xf6, 0x21, 0xf6, 0x21, 0xf6, 0x21, 0xf6, 0x21, 0xf6, 0x21, 0xf6, 0x21, 0xf6, 0x21,
  0xf6, 0x21, 0xf6, 0x21, 0xf6, 0x21, 0xf6, 0x21, 0xf6, 0x21, 0xf6, 0x21, 0xf6, 0x21, 0xf6, 0x21, 0xf6, 0x21, 0xf6, 0x21, 0x57, 0x32, 0xf6, 0x21, 0xf6, 0x21, 0xf6, 0x21, 0xf6, 0x21, 0xf6, 0x21,
  0xf6, 0x21, 0xf6, 0x21, 0xf6, 0x21, 0xf6, 0x21, 0xf6, 0x21, 0xf6, 0x21, 0xf6, 0x21, 0xf6, 0x21, 0xf6, 0x21, 0xf6, 0x21, 0xf6, 0x21, 0xf6, 0x21, 0xf6, 0x21, 0xf6, 0x21, 0xf6, 0x21, 0xf6, 0x21,
  0xf6, 0x21, 0xf6, 0x21, 0xf6, 0x21, 0xf6, 0x21, 0xf6, 0x21, 0xf6, 0x21, 0xf6, 0x21, 0xf6, 0x21, 0xf6, 0x21, 0xf6, 0x21, 0xf6, 0x21, 0xf6, 0x21, 0x57, 0x32, 0xf6, 0x21, 0xf6, 0x21, 0xf6, 0x21,
  0xf6, 0x21, 0xf6, 0x21, 0xf6, 0x21, 0xf6, 0x21, 0xf6, 0x21, 0xf6, 0x21, 0xf6, 0x21, 0xf6, 0x21, 0xf6, 0x21, 0xf6, 0x21, 0xf6, 0x21, 0xf6, 0x21, 0xf6, 0x21, 0xf6, 0x21, 0xf6, 0x21, 0xf6, 0x21,
  0xf6, 0x21, 0xf6, 0x21, 0xf6, 0x21, 0xf6, 0x21, 0xf6, 0x21, 0xf6, 0x21, 0xf6, 0x21, 0xf6, 0x21, 0xf6, 0x21, 0xf6, 0x21, 0xf6, 0x21, 0xf6, 0x21, 0xf6, 0x21, 0xf6, 0x21, 0x57, 0x32, 0xf6, 0x21,
  0xf6, 0x21, 0xf6, 0x21, 0xf6, 0x21, 0xf6, 0x21, 0xf6, 0x21, 0xf6, 0x21, 0xf6, 0x21, 0xf6, 0x21, 0xf6, 0x21, 0xf6, 0x21, 0xf6, 0x21, 0xf6, 0x21, 0xf6, 0x21, 0xf6, 0x21, 0xf6, 0x21, 0xf6, 0x21,
  0xf6, 0x21, 0xf6, 0x21, 0xf6, 0x21, 0xf6, 0x21, 0xf6, 0x21, 0xf6, 0x21, 0xf6, 0x21, 0xf6, 0x21, 0xf6, 0x21, 0xf6, 0x21, 0xf6, 0x21, 0xf6, 0x21, 0xf6, 0x21, 0xf6, 0x21, 0xf6, 0x21, 0xf6, 0x21,
  0x57, 0x32, 0xf6, 0x21, 0xf6, 0x21, 0xf6, 0x21, 0xf6, 0x21, 0xf6, 0x21, 0xf6, 0x21, 0xf6, 0x21, 0xf6, 0x21, 0xf6, 0x21, 0xf6, 0x21, 0xf6, 0x21, 0xf6, 0x21, 0xf6, 0x21, 0xf6, 0x21, 0xf6, 0x21,
  0xf6, 0x21, 0xf6, 0x21, 0xf6, 0x21, 0xf6, 0x21, 0xf6, 0x21, 0xf6, 0x21, 0xf6, 0x21, 0xf6, 0x21, 0xf6, 0x21, 0xf6, 0x21, 0xf6, 0x21, 0xf6, 0x21, 0xf6, 0x21, 0xf6, 0x21, 0xf6, 0x21, 0xf6, 0x21,
  0xf6, 0x21, 0xf6, 0x21, 0x57, 0x32, 0xf6, 0x21, 0xf6, 0x21, 0xf6, 0x21, 0xf6, 0x21, 0xf6, 0x21, 0xf6, 0x21, 0xf6, 0x21, 0xf6, 0x21, 0xf6, 0x21, 0xf6, 0x21, 0xf6, 0x21, 0xf6, 0x21, 0xf6, 0x21,
  0xf6, 0x21, 0xf6, 0x21, 0xf6, 0x21, 0xf6, 0x21, 0xf6, 0x21, 0xf6, 0x21, 0xf6, 0x21, 0xf6, 0x21, 0xf6, 0x21, 0xf6, 0x21, 0xf6, 0x21, 0xf6, 0x21, 0xf6, 0x21, 0xf6, 0x21, 0xf6, 0x21, 0xf6, 0x21,
  0xf6, 0x21, 0xf6, 0x21, 0xf6, 0x21, 0xf6, 0x21, 0x57, 0x32, 0xf6, 0x21, 0xf6, 0x21, 0xf6, 0x21, 0xf6, 0x21, 0xf6, 0x21, 0xf6, 0x21, 0xf6, 0x21, 0xf6, 0x21, 0xf6, 0x21, 0xf6, 0x21, 0xf6, 0x21,
  0xf6, 0x21, 0xf6, 0x21, 0xf6, 0x21, 0xf6, 0x21, 0xf6, 0x21, 0xf6, 0x21, 0xf6, 0x21, 0xf6, 0x21, 0xf6, 0x21, 0xf6, 0x21, 0xf6, 0x21, 0xf6, 0x21, 0xf6, 0x21, 0xf6, 0x21, 0xf6, 0x21, 0xf6, 0x21,
  0xf6, 0x21, 0xf6, 0x21, 0xf6, 0x21, 0xf6, 0x21, 0xf6, 0x21, 0xf6, 0x21, 0x57, 0x32, 0xf6, 0x21, 0xf6, 0x21, 0xf6, 0x21, 0xf6, 0x21, 0xf6, 0x21, 0xf6, 0x21, 0xf6, 0x21, 0xf6, 0x21, 0xf6, 0x21,
  0xf6, 0x21, 0xf6, 0x21, 0xf6, 0x21, 0xf6, 0x21, 0xf6, 0x21, 0xf6, 0x21, 0xf6, 0x21, 0xf6, 0x21, 0xf6, 0x21, 0xf6, 0x21, 0xf6, 0x21, 0xf6, 0x21, 0xf6, 0x21, 0xf6, 0x21, 0xf6, 0x21, 0xf6, 0x21,
  0xf6, 0x21, 0xf6, 0x21, 0xf6, 0x21, 0xf6, 0x21, 0xf6, 0x21, 0xf6, 0x21, 0xf6, 0x21, 0xf6, 0x21, 0x57, 0x32, 0xf6, 0x21, 0xf6, 0x21, 0xf6, 0x21, 0xf6, 0x21, 0xf6, 0x21, 0xf6, 0x21, 0xf6, 0x21,
  0xd6, 0x21, 0xd6, 0x21, 0xd6, 0x21, 0xd6, 0x21, 0xd6, 0x21, 0x37, 0x32, 0xd6, 0x21, 0xd6, 0x21, 0xd6, 0x21, 0xd6, 0x21, 0xd6, 0x21, 0xd6, 0x21, 0xd6, 0x21, 0xd6, 0x21, 0xd6, 0x21, 0xd6, 0x21,
  0xd6, 0x21, 0xd6, 0x21, 0xd6, 0x21, 0xd6, 0x21, 0xd6, 0x21, 0xd6, 0x21, 0xd6, 0x21, 0xd6, 0x21, 0xd6, 0x21, 0xd6, 0x21, 0xd6, 0x21, 0xd6, 0x21, 0xd6, 0x21, 0xd6, 0x21, 0xd6, 0x21, 0xd6, 0x21,
  0xd6, 0x21, 0xd6, 0x21, 0xd6, 0x21, 0xd6, 0x21, 0xd6, 0x21, 0xd6, 0x21, 0xd6, 0x21, 0x37, 0x32, 0xd6, 0x21, 0xd6, 0x21, 0xd6, 0x21, 0xd6, 0x21, 0xd6, 0x21, 0xd6, 0x21, 0xd6, 0x21, 0xd6, 0x21,
  0xd6, 0x21, 0xd6, 0x21, 0xd6, 0x21, 0xd6, 0x21, 0xd6, 0x21, 0xd6, 0x21, 0xd6, 0x21, 0xd6, 0x21, 0xd6, 0x21, 0xd6, 0x21, 0xd6, 0x21, 0xd6, 0x21, 0xd6, 0x21, 0xd6, 0x21, 0xd6, 0x21, 0xd6, 0x21,
  0xd6, 0x21, 0xd6, 0x21, 0xd6, 0x21, 0xd6, 0x21, 0xd6, 0x21, 0xd6, 0x21, 0xd6, 0x21, 0xd6, 0x21, 0xd6, 0x21, 0x37, 0x32, 0xd6, 0x21, 0xd6, 0x21, 0xd6, 0x21, 0xd6, 0x21, 0xd6, 0x21, 0xd6, 0x21,
  0xd6, 0x21, 0xd6, 0x21, 0xd6, 0x21, 0xd6, 0x21, 0xd6, 0x21, 0xd6, 0x21, 0xd6, 0x21, 0xd6, 0x21, 0xd6, 0x21, 0xd6, 0x21, 0xd6, 0x21, 0xd6, 0x21, 0xd6, 0x21, 0xd6, 0x21, 0xd6, 0x21, 0xd6, 0x21,
  0xd6, 0x21, 0xd6, 0x21, 0xd6, 0x21, 0xd6, 0x21, 0xd6, 0x21, 0xd6, 0x21, 0xd6, 0x21, 0xd6, 0x21, 0xd6, 0x21, 0xd6, 0x21, 0xd6, 0x21, 0x37, 0x32, 0xd6, 0x21, 0xd6, 0x21, 0xd6, 0x21, 0xd6, 0x21,
  0xd6, 0x21, 0xd6, 0x21, 0xd6, 0x21, 0xd6, 0x21, 0xd6, 0x21, 0xd6, 0x21, 0xd6, 0x21, 0xd6, 0x21, 0xd6, 0x21, 0xd6, 0x21, 0xd6, 0x21, 0xd6, 0x21, 0xd6, 0x21, 0xd6, 0x21, 0xd6, 0x21, 0xd6, 0x21,
  0xd6, 0x21, 0xd6, 0x21, 0xd6, 0x21, 0xd6, 0x21, 0xd6, 0x21, 0xd6, 0x21, 0xd6, 0x21, 0xd6, 0x21, 0xd6, 0x21, 0xd6, 0x21, 0xd6, 0x21, 0xd6, 0x21, 0xd6, 0x21, 0x37, 0x32, 0xd6, 0x21, 0xd6, 0x21,
  0xd6, 0x21, 0xd6, 0x21, 0xd6, 0x21, 0xd6, 0x21, 0xd6, 0x21, 0xd6, 0x21, 0xd6, 0x21, 0xd6, 0x21, 0xd6, 0x21, 0xd6, 0x21, 0xd6, 0x21, 0xd6, 0x21, 0xd6, 0x21, 0xd6, 0x21, 0xd6, 0x21, 0xd6, 0x21,
  0xd6, 0x21, 0xd6, 0x21, 0xd6, 0x21, 0xd6, 0x21, 0xd6, 0x21, 0xd6, 0x21, 0xd6, 0x21, 0xd6, 0x21, 0xd6, 0x21, 0xd6, 0x21, 0xd6, 0x21, 0xd6, 0x21, 0xd6, 0x21, 0xd6, 0x21, 0xd6, 0x21, 0x37, 0x32,
  0xd6, 0x21, 0xd6, 0x21, 0xd6, 0x21, 0xd6, 0x21, 0xd6, 0x21, 0xd6, 0x21, 0xd6, 0x21, 0xd6, 0x21, 0xd6, 0x21, 0xd6, 0x21, 0xd6, 0x21, 0xd6, 0x21, 0xd6, 0x21, 0xd6, 0x21, 0xd6, 0x21, 0xd6, 0x21,
  0xd6, 0x21, 0xd6, 0x21, 0xd6, 0x21, 0xd6, 0x21, 0xd6, 0x21, 0xd6, 0x21, 0xd6, 0x21, 0xd6, 0x21, 0xd6, 0x21, 0xd6, 0x21, 0xd6, 0x21, 0xd6, 0x21, 0xd6, 0x21, 0xd6, 0x21, 0xd6, 0x21, 0xd6, 0x21,
  0xd6, 0x21, 0x37, 0x32, 0xd6, 0x21, 0xd6, 0x21, 0xd6, 0x21, 0xd6, 0x21, 0xd6, 0x21, 0xd6, 0x21, 0xd6, 0x21, 0xd6, 0x21, 0xd6, 0x21, 0xd6, 0x21, 0xd6, 0x21, 0xd6, 0x21, 0xd6, 0x21, 0xd6, 0x21,
  0xd6, 0x21, 0xd6, 0x21, 0xd6, 0x21, 0xd6, 0x21, 0xd6, 0x21, 0xd6, 0x21, 0xd6, 0x21, 0xd6, 0x21, 0xd6, 0x21, 0xd6, 0x21, 0xd6, 0x21, 0xd6, 0x21, 0xd6, 0x21, 0xd6, 0x21, 0xd6, 0x21, 0xd6, 0x21,
  0xd6, 0x21, 0xd6, 0x21, 0xd6, 0x21, 0x37, 0x32, 0xd6, 0x21, 0xd6, 0x21, 0xd6, 0x21, 0xd6, 0x21, 0xd6, 0x21, 0xd6, 0x21, 0xd6, 0x21, 0xd6, 0x21, 0xd6, 0x21, 0xd6, 0x21, 0xd6, 0x21, 0xd6, 0x21,
  0xd6, 0x21, 0xd6, 0x21, 0xd6, 0x21, 0xd6, 0x21, 0xd6, 0x21, 0xd6, 0x21, 0xd6, 0x21, 0xd6, 0x21, 0xd6, 0x21, 0xd6, 0x21, 0xd6, 0x21, 0xd6, 0x21, 0xd6, 0x21, 0xd6, 0x21, 0xd6, 0x21, 0xd6, 0x21,
  0xd6, 0x21, 0xd6, 0x21, 0xd6, 0x21, 0xd6, 0x21, 0xd6, 0x21, 0x37, 0x32, 0xd6, 0x21, 0xd6, 0x21, 0xd6, 0x21, 0xd6, 0x21, 0xd6, 0x21, 0xd6, 0x21, 0xd6, 0x21, 0xd6, 0x21, 0xd6, 0x21, 0xd6, 0x21,
  0xd6, 0x21, 0xd6, 0x21, 0xd6, 0x21, 0xd6, 0x21, 0xd6, 0x21, 0xd6, 0x21, 0xd6, 0x21, 0xd6, 0x21, 0xd6, 0x21, 0xd6, 0x21, 0xd6, 0x21, 0xd6, 0x21, 0xd6, 0x21, 0xd6, 0x21, 0xd6, 0x21, 0xd6, 0x21,
  0xd6, 0x21, 0xd6, 0x21, 0xd6, 0x21, 0xd6, 0x21, 0xd6, 0x21, 0xd6, 0x21, 0xd6, 0x21, 0x37, 0x32, 0xd6, 0x21, 0xd6, 0x21, 0xd6, 0x21, 0xd6, 0x21, 0xd6, 0x21, 0xd6, 0x21, 0xd6, 0x21, 0xd6, 0x21,
  0x57, 0x32, 0x57, 0x32, 0x57, 0x32, 0x57, 0x32, 0xb8, 0x42, 0x57, 0x32, 0x57, 0x32, 0x57, 0x32, 0x57, 0x32, 0x57, 0x32, 0x57, 0x32, 0x57, 0x32, 0x57, 0x32, 0x57, 0x32, 0x57, 0x32, 0x57, 0x32,
  0x57, 0x32, 0x57, 0x32, 0x57, 0x32, 0x57, 0x32, 0x57, 0x32, 0x57, 0x32, 0x57, 0x32, 0x57, 0x32, 0x57, 0x32, 0x57, 0x32, 0x57, 0x32, 0x57, 0x32, 0x57, 0x32, 0x57, 0x32, 0x57, 0x32, 0x57, 0x32,
  0x57, 0x32, 0x57, 0x32, 0x57, 0x32, 0x57, 0x32, 0x57, 0x32, 0x57, 0x32, 0xb8, 0x42, 0x57, 0x32, 0x57, 0x32, 0x57, 0x32, 0x57, 0x32, 0x57, 0x32, 0x57, 0x32, 0x57, 0x32, 0x57, 0x32, 0x57, 0x32,
  0x57, 0x32, 0x57, 0x32, 0x57, 0x32, 0x57, 0x32, 0x57, 0x32, 0x57, 0x32, 0x57, 0x32, 0x57, 0x32, 0x57, 0x32, 0x57, 0x32, 0x57, 0x32, 0x57, 0x32, 0x57, 0x32, 0x57, 0x32, 0x57, 0x32, 0x57, 0x32,
  0x57, 0x32, 0x57, 0x32, 0x57, 0x32, 0x57, 0x32, 0x57, 0x32, 0x57, 0x32, 0x57, 0x32, 0x57, 0x32, 0xb8, 0x42, 0x57, 0x32, 0x57, 0x32, 0x57, 0x32, 0x57, 0x32, 0x57, 0x32, 0x57, 0x32, 0x57, 0x32,
  0x57, 0x32, 0x57, 0x32, 0x57, 0x32, 0x57, 0x32, 0x57, 0x32, 0x57, 0x32, 0x57, 0x32, 0x57, 0x32, 0x57, 0x32, 0x57, 0x32, 0x57, 0x32, 0x57, 0x32, 0x57, 0x32, 0x57, 0x32, 0x57, 0x32, 0x57, 0x32,
  0x57, 0x32, 0x57, 0x32, 0x57, 0x32, 0x57, 0x32, 0x57, 0x32, 0x57, 0x32, 0x57, 0x32, 0x57, 0x32, 0x57, 0x32, 0x57, 0x32, 0xb8, 0x42, 0x57, 0x32, 0x57, 0x32, 0x57, 0x32, 0x57, 0x32, 0x57, 0x32,
  0x57, 0x32, 0x57, 0x32, 0x57, 0x32, 0x57, 0x32, 0x57, 0x32, 0x57, 0x32, 0x57, 0x32, 0x57, 0x32, 0x57, 0x32, 0x57, 0x32, 0x57, 0x32, 0x57, 0x32, 0x57, 0x32, 0x57, 0x32, 0x57, 0x32, 0x57, 0x32,
  0x57, 0x32, 0x57, 0x32, 0x57, 0x32, 0x57, 0x32, 0x57, 0x32, 0x57, 0x32, 0x57, 0x32, 0x57, 0x32, 0x57, 0x32, 0x57, 0x32, 0x57, 0x32, 0x57, 0x32, 0xb8, 0x42, 0x57, 0x32, 0x57, 0x32, 0x57, 0x32,
  0x57, 0x32, 0x57, 0x32, 0x57, 0x32, 0x57, 0x32, 0x57, 0x32, 0x57, 0x32, 0x57, 0x32, 0x57, 0x32, 0x57, 0x32, 0x57, 0x32, 0x57, 0x32, 0x57, 0x32, 0x57, 0x32, 0x57, 0x32, 0x57, 0x32, 0x57, 0x32,
  0x57, 0x32, 0x57, 0x32, 0x57, 0x32, 0x57, 0x32, 0x57, 0x32, 0x57, 0x32, 0x57, 0x32, 0x57, 0x32, 0x57, 0x32, 0x57, 0x32, 0x57, 0x32, 0x57, 0x32, 0x57, 0x32, 0x57, 0x32, 0xb8, 0x42, 0x57, 0x32,
  0x57, 0x32, 0x57, 0x32, 0x57, 0x32, 0x57, 0x32, 0x57, 0x32, 0x57, 0x32, 0x57, 0x32, 0x57, 0x32, 0x57, 0x32, 0x57, 0x32, 0x57, 0x32, 0x57, 0x32, 0x57, 0x32, 0x57, 0x32, 0x57, 0x32, 0x57, 0x32,
  0x57, 0x32, 0x57, 0x32, 0x57, 0x32, 0x57, 0x32, 0x57, 0x32, 0x57, 0x32, 0x57, 0x32, 0x57, 0x32, 0x57, 0x32, 0x57, 0x32, 0x57, 0x32, 0x57, 0x32, 0x57, 0x32, 0x57, 0x32, 0x57, 0x32, 0x57, 0x32,
  0xb8, 0x42, 0x57, 0x32, 0x57, 0x32, 0x57, 0x32, 0x57, 0x32, 0x57, 0x32, 0x57, 0x32, 0x57, 0x32, 0x57, 0x32, 0x57, 0x32, 0x57, 0x32, 0x57, 0x32, 0x57, 0x32, 0x57, 0x32, 0x57, 0x32, 0x57, 0x32,
  0x57, 0x32, 0x57, 0x32, 0x57, 0x32, 0x57, 0x32, 0x57, 0x32, 0x57, 0x32, 0x57, 0x32, 0x57, 0x32, 0x57, 0x32, 0x57, 0x32, 0x57, 0x32, 0x57, 0x32, 0x57, 0x32, 0x57, 0x32, 0x57, 0x32, 0x57, 0x32,
  0x57, 0x32, 0x57, 0x32, 0xb8, 0x42, 0x57, 0x32, 0x57, 0x32, 0x57, 0x32, 0x57, 0x32, 0x57, 0x32, 0x57, 0x32, 0x57, 0x32, 0x57, 0x32, 0x57, 0x32, 0x57, 0x32, 0x57, 0x32, 0x57, 0x32, 0x57, 0x32,
  0x57, 0x32, 0x57, 0x32, 0x57, 0x32, 0x57, 0x32, 0x57, 0x32, 0x57, 0x32, 0x57, 0x32, 0x57, 0x32, 0x57, 0x32, 0x57, 0x32, 0x57, 0x32, 0x57, 0x32, 0x57, 0x32, 0x57, 0x32, 0x57, 0x32, 0x57, 0x32,
  0x57, 0x32, 0x57, 0x32, 0x57, 0x32, 0x57, 0x32, 0xb8, 0x42, 0x57, 0x32, 0x57, 0x32, 0x57, 0x32, 0x57, 0x32, 0x57, 0x32, 0x57, 0x32, 0x57, 0x32, 0x57, 0x32, 0x57, 0x32, 0x57, 0x32, 0x57, 0x32,
  0x57, 0x32, 0x57, 0x32, 0x57, 0x32, 0x57, 0x32, 0x57, 0x32, 0x57, 0x32, 0x57, 0x32, 0x57, 0x32, 0x57, 0x32, 0x57, 0x32, 0x57, 0x32, 0x57, 0x32, 0x57, 0x32, 0x57, 0x32, 0x57, 0x32, 0x57, 0x32,
  0x57, 0x32, 0x57, 0x32, 0x57, 0x32, 0x57, 0x32, 0x57, 0x32, 0x57, 0x32, 0xb8, 0x42, 0x57, 0x32, 0x57, 0x32, 0x57, 0x32, 0x57, 0x32, 0x57, 0x32, 0x57, 0x32, 0x57, 0x32, 0x57, 0x32, 0x57, 0x32,
  0xf6, 0x21, 0xf6, 0x21, 0xf6, 0x21, 0x57, 0x32, 0xf6, 0x21, 0xf6, 0x21, 0xf6, 0x21, 0xf6, 0x21, 0xf6, 0x21, 0xf6, 0x21, 0xf6, 0x21, 0xf6, 0x21, 0xf6, 0x21, 0xf6, 0x21, 0xf6, 0x21, 0xf6, 0x21,
  0xf6, 0x21, 0xf6, 0x21, 0xf6, 0x21, 0xf6, 0x21, 0xf6, 0x21, 0xf6, 0x21, 0xf6, 0x21, 0xf6, 0x21, 0xf6, 0x21, 0xf6, 0x21, 0xf6, 0x21, 0xf6, 0x21, 0xf6, 0x21, 0xf6, 0x21, 0xf6, 0x21, 0xf6, 0x21,
  0xf6, 0x21, 0xf6, 0x21, 0xf6, 0x21, 0xf6, 0x21, 0xf6, 0x21, 0x57, 0x32, 0xf6, 0x21, 0xf6, 0x21, 0xf6, 0x21, 0xf6, 0x21, 0xf6, 0x21, 0xf6, 0x21, 0xf6, 0x21, 0xf6, 0x21, 0xf6, 0x21, 0xf6, 0x21,
  0xf6, 0x21, 0xf6, 0x21, 0xf6, 0x21, 0xf6, 0x21, 0xf6, 0x21, 0xf6, 0x21, 0xf6, 0x21, 0xf6, 0x21, 0xf6, 0x21, 0xf6, 0x21, 0xf6, 0x21, 0xf6, 0x21, 0xf6, 0x21, 0xf6, 0x21, 0xf6, 0x21, 0xf6, 0x21,
  0xf6, 0x21, 0xf6, 0x21, 0xf6, 0x21, 0xf6, 0x21, 0xf6, 0x21, 0xf6, 0x21, 0xf6, 0x21, 0x57, 0x32, 0xf6, 0x21, 0xf6, 0x21, 0xf6, 0x21, 0xf6, 0x21, 0xf6, 0x21, 0xf6, 0x21, 0xf6, 0x21, 0xf6, 0x21,
  0xf6, 0x21, 0xf6, 0x21, 0xf6, 0x21, 0xf6, 0x21, 0xf6, 0x21, 0xf6, 0x21, 0xf6, 0x21, 0xf6, 0x21, 0xf6, 0x21, 0xf6, 0x21, 0xf6, 0x21, 0xf6, 0x21, 0xf6, 0x21, 0xf6, 0x21, 0xf6, 0x21, 0xf6, 0x21,
  0xf6, 0x21, 0xf6, 0x21, 0xf6, 0x21, 0xf6, 0x21, 0xf6, 0x21, 0xf6, 0x21, 0xf6, 0x21, 0xf6, 0x21, 0xf6, 0x21, 0x57, 0x32, 0xf6, 0x21, 0xf6, 0x21, 0xf6, 0x21, 0xf6, 0x21, 0xf6, 0x21, 0xf6, 0x21,
  0xf6, 0x21, 0xf6, 0x21, 0xf6, 0x21, 0xf6, 0x21, 0xf6, 0x21, 0xf6, 0x21, 0xf6, 0x21, 0xf6, 0x21, 0xf6, 0x21, 0xf6, 0x21, 0xf6, 0x21, 0xf6, 0x21, 0xf6, 0x21, 0xf6, 0x21, 0xf6, 0x21, 0xf6, 0x21,
  0xf6, 0x21, 0xf6, 0x21, 0xf6, 0x21, 0xf6, 0x21, 0xf6, 0x21, 0xf6, 0x21, 0xf6, 0x21, 0xf6, 0x21, 0xf6, 0x21, 0xf6, 0x21, 0xf6, 0x21, 0x57, 0x32, 0xf6, 0x21, 0xf6, 0x21, 0xf6, 0x21, 0xf6, 0x21,
  0xf6, 0x21, 0xf6, 0x21, 0xf6, 0x21, 0xf6, 0x21, 0xf6, 0x21, 0xf6, 0x21, 0xf6, 0x21, 0xf6, 0x21, 0xf6, 0x21, 0xf6, 0x21, 0xf6, 0x21, 0xf6, 0x21, 0xf6, 0x21, 0xf6, 0x21, 0xf6, 0x21, 0xf6, 0x21,
  0xf6, 0x21, 0xf6, 0x21, 0xf6, 0x21, 0xf6, 0x21, 0xf6, 0x21, 0xf6, 0x21, 0xf6, 0x21, 0xf6, 0x21, 0xf6, 0x21, 0xf6, 0x21, 0xf6, 0x21, 0xf6, 0x21, 0xf6, 0x21, 0x57, 0x32, 0xf6, 0x21, 0xf6, 0x21,
  0xf6, 0x21, 0xf6, 0x21, 0xf6, 0x21, 0xf6, 0x21, 0xf6, 0x21, 0xf6, 0x21, 0xf6, 0x21, 0xf6, 0x21, 0xf6, 0x21, 0xf6, 0x21, 0xf6, 0x21, 0xf6, 0x21, 0xf6, 0x21, 0xf6, 0x21, 0xf6, 0x21, 0xf6, 0x21,
  0xf6, 0x21, 0xf6, 0x21, 0xf6, 0x21, 0xf6, 0x21, 0xf6, 0x21, 0xf6, 0x21, 0xf6, 0x21, 0xf6, 0x21, 0xf6, 0x21, 0xf6, 0x21, 0xf6, 0x21, 0xf6, 0x21, 0xf6, 0x21, 0xf6, 0x21, 0xf6, 0x21, 0x57, 0x32,
  0xf6, 0x21, 0xf6, 0x21, 0xf6, 0x21, 0xf6, 0x21, 0xf6, 0x21, 0xf6, 0x21, 0xf6, 0x21, 0xf6, 0x21, 0xf6, 0x21, 0xf6, 0x21, 0xf6, 0x21, 0xf6, 0x21, 0xf6, 0x21, 0xf6, 0x21, 0xf6, 0x21, 0xf6, 0x21,
  0xf6, 0x21, 0xf6, 0x21, 0xf6, 0x21, 0xf6, 0x21, 0xf6, 0x21, 0xf6, 0x21, 0xf6, 0x21, 0xf6, 0x21, 0xf6, 0x21, 0xf6, 0x21, 0xf6, 0x21, 0xf6, 0x21, 0xf6, 0x21, 0xf6, 0x21, 0xf6, 0x21, 0xf6, 0x21,
  0xf6, 0x21, 0x57, 0x32, 0xf6, 0x21, 0xf6, 0x21, 0xf6, 0x21, 0xf6, 0x21, 0xf6, 0x21, 0xf6, 0x21, 0xf6, 0x21, 0xf6, 0x21, 0xf6, 0x21, 0xf6, 0x21, 0xf6, 0x21, 0xf6, 0x21, 0xf6, 0x21, 0xf6, 0x21,
  0xf6, 0x21, 0xf6, 0x21, 0xf6, 0x21, 0xf6, 0x21, 0xf6, 0x21, 0xf6, 0x21, 0xf6, 0x21, 0xf6, 0x21, 0xf6, 0x21, 0xf6, 0x21, 0xf6, 0x21, 0xf6, 0x21, 0xf6, 0x21, 0xf6, 0x21, 0xf6, 0x21, 0xf6, 0x21,
  0xf6, 0x21, 0xf6, 0x21, 0xf6, 0x21, 0x57, 0x32, 0xf6, 0x21, 0xf6, 0x21, 0xf6, 0x21, 0xf6, 0x21, 0xf6, 0x21, 0xf6, 0x21, 0xf6, 0x21, 0xf6, 0x21, 0xf6, 0x21, 0xf6, 0x21, 0xf6, 0x21, 0xf6, 0x21,
  0xf6, 0x21, 0xf6, 0x21, 0xf6, 0x21, 0xf6, 0x21, 0xf6, 0x21, 0xf6, 0x21, 0xf6, 0x21, 0xf6, 0x21, 0xf6, 0x21, 0xf6, 0x21, 0xf6, 0x21, 0xf6, 0x21, 0xf6, 0x21, 0xf6, 0x21, 0xf6, 0x21, 0xf6, 0x21,
  0xf6, 0x21, 0xf6, 0x21, 0xf6, 0x21, 0xf6, 0x21, 0xf6, 0x21, 0x57, 0x32, 0xf6, 0x21, 0xf6, 0x21, 0xf6, 0x21, 0xf6, 0x21, 0xf6, 0x21, 0xf6, 0x21, 0xf6, 0x21, 0xf6, 0x21, 0xf6, 0x21, 0xf6, 0x21,
  0xf6, 0x21, 0xf6, 0x21, 0x57, 0x32, 0xf6, 0x21, 0xf6, 0x21, 0xf6, 0x21, 0xf6, 0x21, 0xf6, 0x21, 0xf6, 0x21, 0xf6, 0x21, 0xf6, 0x21, 0xf6, 0x21, 0xf6, 0x21, 0xf6, 0x21, 0xf6, 0x21, 0xf6, 0x21,
  0xf6, 0x21, 0xf6, 0x21, 0xf6, 0x21, 0xf6, 0x21, 0xf6, 0x21, 0xf6, 0x21, 0xf6, 0x21, 0xf6, 0x21, 0xf6, 0x21, 0xf6, 0x21, 0xf6, 0x21, 0xf6, 0x21, 0xf6, 0x21, 0xf6, 0x21, 0xf6, 0x21, 0xf6, 0x21,
  0xf6, 0x21, 0xf6, 0x21, 0xf6, 0x21, 0xf6, 0x21, 0x57, 0x32, 0xf6, 0x21, 0xf6, 0x21, 0xf6, 0x21, 0xf6, 0x21, 0xf6, 0x21, 0xf6, 0x21, 0xf6, 0x21, 0xf6, 0x21, 0xf6, 0x21, 0xf6, 0x21, 0xf6, 0x21,
  0xf6, 0x21, 0xf6, 0x21, 0xf6, 0x21, 0xf6, 0x21, 0xf6, 0x21, 0xf6, 0x21, 0xf6, 0x21, 0xf6, 0x21, 0xf6, 0x21, 0xf6, 0x21, 0xf6, 0x21, 0xf6, 0x21, 0xf6, 0x21, 0xf6, 0x21, 0xf6, 0x21, 0xf6, 0x21,
  0xf6, 0x21, 0xf6, 0x21, 0xf6, 0x21, 0xf6, 0x21, 0xf6, 0x21, 0xf6, 0x21, 0x57, 0x32, 0xf6, 0x21, 0xf6, 0x21, 0xf6, 0x21, 0xf6, 0x21, 0xf6, 0x21, 0xf6, 0x21, 0xf6, 0x21, 0xf6, 0x21, 0xf6, 0x21,
  0xf6, 0x21, 0xf6, 0x21, 0xf6, 0x21, 0xf6, 0x21, 0xf6, 0x21, 0xf6, 0x21, 0xf6, 0x21, 0xf6, 0x21, 0xf6, 0x21, 0xf6, 0x21, 0xf6, 0x21, 0xf6, 0x21, 0xf6, 0x21, 0xf6, 0x21, 0xf6, 0x21, 0xf6, 0x21,
  0xf6, 0x21, 0xf6, 0x21, 0xf6, 0x21, 0xf6, 0x21, 0xf6, 0x21, 0xf6, 0x21, 0xf6, 0x21, 0xf6, 0x21, 0x57, 0x32, 0xf6, 0x21, 0xf6, 0x21, 0xf6, 0x21, 0xf6, 0x21, 0xf6, 0x21, 0xf6, 0x21, 0xf6, 0x21,
  0xf6, 0x21, 0xf6, 0x21, 0xf6, 0x21, 0xf6, 0x21, 0xf6, 0x21, 0xf6, 0x21, 0xf6, 0x21, 0xf6, 0x21, 0xf6, 0x21, 0xf6, 0x21, 0xf6, 0x21, 0xf6, 0x21, 0xf6, 0x21, 0xf6, 0x21, 0xf6, 0x21, 0xf6, 0x21,
  0xf6, 0x21, 0xf6, 0x21, 0xf6, 0x21, 0xf6, 0x21, 0xf6, 0x21, 0xf6, 0x21, 0xf6, 0x21, 0xf6, 0x21, 0xf6, 0x21, 0xf6, 0x21, 0x57, 0x32, 0xf6, 0x21, 0xf6, 0x21, 0xf6, 0x21, 0xf6, 0x21, 0xf6, 0x21,
  0xf6, 0x21, 0xf6, 0x21, 0xf6, 0x21, 0xf6, 0x21, 0xf6, 0x21, 0xf6, 0x21, 0xf6, 0x21, 0xf6, 0x21, 0xf6, 0x21, 0xf6, 0x21, 0xf6, 0x21, 0xf6, 0x21, 0xf6, 0x21, 0xf6, 0x21, 0xf6, 0x21, 0xf6, 0x21,
  0xf6, 0x21, 0xf6, 0x21, 0xf6, 0x21, 0xf6, 0x21, 0xf6, 0x21, 0xf6, 0x21, 0xf6, 0x21, 0xf6, 0x21, 0xf6, 0x21, 0xf6, 0x21, 0xf6, 0x21, 0xf6, 0x21, 0x57, 0x32, 0xf6, 0x21, 0xf6, 0x21, 0xf6, 0x21,
  0xf6, 0x21, 0xf6, 0x21, 0xf6, 0x21, 0xf6, 0x21, 0xf6, 0x21, 0xf6, 0x21, 0xf6, 0x21, 0xf6, 0x21, 0xf6, 0x21, 0xf6, 0x21, 0xf6, 0x21, 0xf6, 0x21, 0xf6, 0x21, 0xf6, 0x21, 0xf6, 0x21, 0xf6, 0x21,
  0xf6, 0x21, 0xf6, 0x21, 0xf6, 0x21, 0xf6, 0x21, 0xf6, 0x21, 0xf6, 0x21, 0xf6, 0x21, 0xf6, 0x21, 0xf6, 0x21, 0xf6, 0x21, 0xf6, 0x21, 0xf6, 0x21, 0xf6, 0x21, 0xf6, 0x21, 0x57, 0x32, 0xf6, 0x21,
  0xf6, 0x21, 0xf6, 0x21, 0xf6, 0x21, 0xf6, 0x21, 0xf6, 0x21, 0xf6, 0x21, 0xf6, 0x21, 0xf6, 0x21, 0xf6, 0x21, 0xf6, 0x21, 0xf6, 0x21, 0xf6, 0x21, 0xf6, 0x21, 0xf6, 0x21, 0xf6, 0x21, 0xf6, 0x21,
  0xf6, 0x21, 0xf6, 0x21, 0xf6, 0x21, 0xf6, 0x21, 0xf6, 0x21, 0xf6, 0x21, 0xf6, 0x21, 0xf6, 0x21, 0xf6, 0x21, 0xf6, 0x21, 0xf6, 0x21, 0xf6, 0x21, 0xf6, 0x21, 0xf6, 0x21, 0xf6, 0x21, 0xf6, 0x21,
  0x57, 0x32, 0xf6, 0x21, 0xf6, 0x21, 0xf6, 0x21, 0xf6, 0x21, 0xf6, 0x21, 0xf6, 0x21, 0xf6, 0x21, 0xf6, 0x21, 0xf6, 0x21, 0xf6, 0x21, 0xf6, 0x21, 0xf6, 0x21, 0xf6, 0x21, 0xf6, 0x21, 0xf6, 0x21,
  0xf6, 0x21, 0xf6, 0x21, 0xf6, 0x21, 0xf6, 0x21, 0xf6, 0x21, 0xf6, 0x21, 0xf6, 0x21, 0xf6, 0x21, 0xf6, 0x21, 0xf6, 0x21, 0xf6, 0x21, 0xf6, 0x21, 0xf6, 0x21, 0xf6, 0x21, 0xf6, 0x21, 0xf6, 0x21,
  0xf6, 0x21, 0xf6, 0x21, 0x57, 0x32, 0xf6, 0x21, 0xf6, 0x21, 0xf6, 0x21, 0xf6, 0x21, 0xf6, 0x21, 0xf6, 0x21, 0xf6, 0x21, 0xf6, 0x21, 0xf6, 0x21, 0xf6, 0x21, 0xf6, 0x21, 0xf6, 0x21, 0xf6, 0x21,
  0xf6, 0x21, 0xf6, 0x21, 0xf6, 0x21, 0xf6, 0x21, 0xf6, 0x21, 0xf6, 0x21, 0xf6, 0x21, 0xf6, 0x21, 0xf6, 0x21, 0xf6, 0x21, 0xf6, 0x21, 0xf6, 0x21, 0xf6, 0x21, 0xf6, 0x21, 0xf6, 0x21, 0xf6, 0x21,
  0xf6, 0x21, 0xf6, 0x21, 0xf6, 0x21, 0xf6, 0x21, 0x57, 0x32, 0xf6, 0x21, 0xf6, 0x21, 0xf6, 0x21, 0xf6, 0x21, 0xf6, 0x21, 0xf6, 0x21, 0xf6, 0x21, 0xf6, 0x21, 0xf6, 0x21, 0xf6, 0x21, 0xf6, 0x21,
  0xd5, 0x21, 0x36, 0x32, 0xd5, 0x21, 0xd5, 0x21, 0xd5, 0x21, 0xd5, 0x21, 0xd5, 0x21, 0xd5, 0x21, 0xd5, 0x21, 0xd5, 0x21, 0xd5, 0x21, 0xd5, 0x21, 0xd5, 0x21, 0xd5, 0x21, 0xd5, 0x21, 0xd5, 0x21,
  0xd5, 0x21, 0xd5, 0x21, 0xd5, 0x21, 0xd5, 0x21, 0xd5, 0x21, 0xd5, 0x21, 0xd5, 0x21, 0xd5, 0x21, 0xd5, 0x21, 0xd5, 0x21, 0xd5, 0x21, 0xd5, 0x21, 0xd5, 0x21, 0xd5, 0x21, 0xd5, 0x21, 0xd5, 0x21,
  0xd5, 0x21, 0xd5, 0x21, 0xd5, 0x21, 0x36, 0x32, 0xd5, 0x21, 0xd5, 0x21, 0xd5, 0x21, 0xd5, 0x21, 0xd5, 0x21, 0xd5, 0x21, 0xd5, 0x21, 0xd5, 0x21, 0xd5, 0x21, 0xd5, 0x21, 0xd5, 0x21, 0xd5, 0x21,
  0xd5, 0x21, 0xd5, 0x21, 0xd5, 0x21, 0xd5, 0x21, 0xd5, 0x21, 0xd5, 0x21, 0xd5, 0x21, 0xd5, 0x21, 0xd5, 0x21, 0xd5, 0x21, 0xd5, 0x21, 0xd5, 0x21, 0xd5, 0x21, 0xd5, 0x21, 0xd5, 0x21, 0xd5, 0x21,
  0xd5, 0x21, 0xd5, 0x21, 0xd5, 0x21, 0xd5, 0x21, 0xd5, 0x21, 0x36, 0x32, 0xd5, 0x21, 0xd5, 0x21, 0xd5, 0x21, 0xd5, 0x21, 0xd5, 0x21, 0xd5, 0x21, 0xd5, 0x21, 0xd5, 0x21, 0xd5, 0x21, 0xd5, 0x21,
  0xd5, 0x21, 0xd5, 0x21, 0xd5, 0x21, 0xd5, 0x21, 0xd5, 0x21, 0xd5, 0x21, 0xd5, 0x21, 0xd5, 0x21, 0xd5, 0x21, 0xd5, 0x21, 0xd5, 0x21, 0xd5, 0x21, 0xd5, 0x21, 0xd5, 0x21, 0xd5, 0x21, 0xd5, 0x21,
  0xd5, 0x21, 0xd5, 0x21, 0xd5, 0x21, 0xd5, 0x21, 0xd5, 0x21, 0xd5, 0x21, 0xd5, 0x21, 0x36, 0x32, 0xd5, 0x21, 0xd5, 0x21, 0xd5, 0x21, 0xd5, 0x21, 0xd5, 0x21, 0xd5, 0x21, 0xd5, 0x21, 0xd5, 0x21,
  0xd5, 0x21, 0xd5, 0x21, 0xd5, 0x21, 0xd5, 0x21, 0xd5, 0x21, 0xd5, 0x21, 0xd5, 0x21, 0xd5, 0x21, 0xd5, 0x21, 0xd5, 0x21, 0xd5, 0x21, 0xd5, 0x21, 0xd5, 0x21, 0xd5, 0x21, 0xd5, 0x21, 0xd5, 0x21,
  0xd5, 0x21, 0xd5, 0x21, 0xd5, 0x21, 0xd5, 0x21, 0xd5, 0x21, 0xd5, 0x21, 0xd5, 0x21, 0xd5, 0x21, 0xd5, 0x21, 0x36, 0x32, 0xd5, 0x21, 0xd5, 0x21, 0xd5, 0x21, 0xd5, 0x21, 0xd5, 0x21, 0xd5, 0x21,
  0xd5, 0x21, 0xd5, 0x21, 0xd5, 0x21, 0xd5, 0x21, 0xd5, 0x21, 0xd5, 0x21, 0xd5, 0x21, 0xd5, 0x21, 0xd5, 0x21, 0xd5, 0x21, 0xd5, 0x21, 0xd5, 0x21, 0xd5, 0x21, 0xd5, 0x21, 0xd5, 0x21, 0xd5, 0x21,
  0xd5, 0x21, 0xd5, 0x21, 0xd5, 0x21, 0xd5, 0x21, 0xd5, 0x21, 0xd5, 0x21, 0xd5, 0x21, 0xd5, 0x21, 0xd5, 0x21, 0xd5, 0x21, 0xd5, 0x21, 0x36, 0x32, 0xd5, 0x21, 0xd5, 0x21, 0xd5, 0x21, 0xd5, 0x21,
  0xd5, 0x21, 0xd5, 0x21, 0xd5, 0x21, 0xd5, 0x21, 0xd5, 0x21, 0xd5, 0x21, 0xd5, 0x21, 0xd5, 0x21, 0xd5, 0x21, 0xd5, 0x21, 0xd5, 0x21, 0xd5, 0x21, 0xd5, 0x21, 0xd5, 0x21, 0xd5, 0x21, 0xd5, 0x21,
  0xd5, 0x21, 0xd5, 0x21, 0xd5, 0x21, 0xd5, 0x21, 0xd5, 0x21, 0xd5, 0x21, 0xd5, 0x21, 0xd5, 0x21, 0xd5, 0x21, 0xd5, 0x21, 0xd5, 0x21, 0xd5, 0x21, 0xd5, 0x21, 0x36, 0x32, 0xd5, 0x21, 0xd5, 0x21,
  0xd5, 0x21, 0xd5, 0x21, 0xd5, 0x21, 0xd5, 0x21, 0xd5, 0x21, 0xd5, 0x21, 0xd5, 0x21, 0xd5, 0x21, 0xd5, 0x21, 0xd5, 0x21, 0xd5, 0x21, 0xd5, 0x21, 0xd5, 0x21, 0xd5, 0x21, 0xd5, 0x21, 0xd5, 0x21,
  0xd5, 0x21, 0xd5, 0x21, 0xd5, 0x21, 0xd5, 0x21, 0xd5, 0x21, 0xd5, 0x21, 0xd5, 0x21, 0xd5, 0x21, 0xd5, 0x21, 0xd5, 0x21, 0xd5, 0x21, 0xd5, 0x21, 0xd5, 0x21, 0xd5, 0x21, 0xd5, 0x21, 0x36, 0x32,
  0xd5, 0x21, 0xd5, 0x21, 0xd5, 0x21, 0xd5, 0x21, 0xd5, 0x21, 0xd5, 0x21, 0xd5, 0x21, 0xd5, 0x21, 0xd5, 0x21, 0xd5, 0x21, 0xd5, 0x21, 0xd5, 0x21, 0xd5, 0x21, 0xd5, 0x21, 0xd5, 0x21, 0xd5, 0x21,
  0xd5, 0x21, 0xd5, 0x21, 0xd5, 0x21, 0xd5, 0x21, 0xd5, 0x21, 0xd5, 0x21, 0xd5, 0x21, 0xd5, 0x21, 0xd5, 0x21, 0xd5, 0x21, 0xd5, 0x21, 0xd5, 0x21, 0xd5, 0x21, 0xd5, 0x21, 0xd5, 0x21, 0xd5, 0x21,
  0xd5, 0x21, 0x36, 0x32, 0xd5, 0x21, 0xd5, 0x21, 0xd5, 0x21, 0xd5, 0x21, 0xd5, 0x21, 0xd5, 0x21, 0xd5, 0x21, 0xd5, 0x21, 0xd5, 0x21, 0xd5, 0x21, 0xd5, 0x21, 0xd5, 0x21, 0xd5, 0x21, 0xd5, 0x21,
  0xd5, 0x21, 0xd5, 0x21, 0xd5, 0x21, 0xd5, 0x21, 0xd5, 0x21, 0xd5, 0x21, 0xd5, 0x21, 0xd5, 0x21, 0xd5, 0x21, 0xd5, 0x21, 0xd5, 0x21, 0xd5, 0x21, 0xd5, 0x21, 0xd5, 0x21, 0xd5, 0x21, 0xd5, 0x21,
  0xd5, 0x21, 0xd5, 0x21, 0xd5, 0x21, 0x36, 0x32, 0xd5, 0x21, 0xd5, 0x21, 0xd5, 0x21, 0xd5, 0x21, 0xd5, 0x21, 0xd5, 0x21, 0xd5, 0x21, 0xd5, 0x21, 0xd5, 0x21, 0xd5, 0x21, 0xd5, 0x21, 0xd5, 0x21,
  0x56, 0x32, 0xf5, 0x21, 0xf5, 0x21, 0xf5, 0x21, 0xf5, 0x21, 0xf5, 0x21, 0xf5, 0x21, 0xf5, 0x21, 0xf5, 0x21, 0xf5, 0x21, 0xf5, 0x21, 0xf5, 0x21, 0xf5, 0x21, 0xf5, 0x21, 0xf5, 0x21, 0xf5, 0x21,
  0xf5, 0x21, 0xf5, 0x21, 0xf5, 0x21, 0xf5, 0x21, 0xf5, 0x21, 0xf5, 0x21, 0xf5, 0x21, 0xf5, 0x21, 0xf5, 0x21, 0xf5, 0x21, 0xf5, 0x21, 0xf5, 0x21, 0xf5, 0x21, 0xf5, 0x21, 0xf5, 0x21, 0xf5, 0x21,
  0xf5, 0x21, 0xf5, 0x21, 0x56, 0x32, 0xf5, 0x21, 0xf5, 0x21, 0xf5, 0x21, 0xf5, 0x21, 0xf5, 0x21, 0xf5, 0x21, 0xf5, 0x21, 0xf5, 0x21, 0xf5, 0x21, 0xf5, 0x21, 0xf5, 0x21, 0xf5, 0x21, 0xf5, 0x21,
  0xf5, 0x21, 0xf5, 0x21, 0xf5, 0x21, 0xf5, 0x21, 0xf5, 0x21, 0xf5, 0x21, 0xf5, 0x21, 0xf5, 0x21, 0xf5, 0x21, 0xf5, 0x21, 0xf5, 0x21, 0xf5, 0x21, 0xf5, 0x21, 0xf5, 0x21, 0xf5, 0x21, 0xf5, 0x21,
  0xf5, 0x21, 0xf5, 0x21, 0xf5, 0x21, 0xf5, 0x21, 0x56, 0x32, 0xf5, 0x21, 0xf5, 0x21, 0xf5, 0x21, 0xf5, 0x21, 0xf5, 0x21, 0xf5, 0x21, 0xf5, 0x21, 0xf5, 0x21, 0xf5, 0x21, 0xf5, 0x21, 0xf5, 0x21,
  0xf5, 0x21, 0xf5, 0x21, 0xf5, 0x21, 0xf5, 0x21, 0xf5, 0x21, 0xf5, 0x21, 0xf5, 0x21, 0xf5, 0x21, 0xf5, 0x21, 0xf5, 0x21, 0xf5, 0x21, 0xf5, 0x21, 0xf5, 0x21, 0xf5, 0x21, 0xf5, 0x21, 0xf5, 0x21,
  0xf5, 0x21, 0xf5, 0x21, 0xf5, 0x21, 0xf5, 0x21, 0xf5, 0x21, 0xf5, 0x21, 0x56, 0x32, 0xf5, 0x21, 0xf5, 0x21, 0xf5, 0x21, 0xf5, 0x21, 0xf5, 0x21, 0xf5, 0x21, 0xf5, 0x21, 0xf5, 0x21, 0xf5, 0x21,
  0xf5, 0x21, 0xf5, 0x21, 0xf5, 0x21, 0xf5, 0x21, 0xf5, 0x21, 0xf5, 0x21, 0xf5, 0x21, 0xf5, 0x21, 0xf5, 0x21, 0xf5, 0x21, 0xf5, 0x21, 0xf5, 0x21, 0xf5, 0x21, 0xf5, 0x21, 0xf5, 0x21, 0xf5, 0x21,
  0xf5, 0x21, 0xf5, 0x21, 0xf5, 0x21, 0xf5, 0x21, 0xf5, 0x21, 0xf5, 0x21, 0xf5, 0x21, 0xf5, 0x21, 0x56, 0x32, 0xf5, 0x21, 0xf5, 0x21, 0xf5, 0x21, 0xf5, 0x21, 0xf5, 0x21, 0xf5, 0x21, 0xf5, 0x21,
  0xf5, 0x21, 0xf5, 0x21, 0xf5, 0x21, 0xf5, 0x21, 0xf5, 0x21, 0xf5, 0x21, 0xf5, 0x21, 0xf5, 0x21, 0xf5, 0x21, 0xf5, 0x21, 0xf5, 0x21, 0xf5, 0x21, 0xf5, 0x21, 0xf5, 0x21, 0xf5, 0x21, 0xf5, 0x21,
  0xf5, 0x21, 0xf5, 0x21, 0xf5, 0x21, 0xf5, 0x21, 0xf5, 0x21, 0xf5, 0x21, 0xf5, 0x21, 0xf5, 0x21, 0xf5, 0x21, 0xf5, 0x21, 0x56, 0x32, 0xf5, 0x21, 0xf5, 0x21, 0xf5, 0x21, 0xf5, 0x21, 0xf5, 0x21,
  0xf5, 0x21, 0xf5, 0x21, 0xf5, 0x21, 0xf5, 0x21, 0xf5, 0x21, 0xf5, 0x21, 0xf5, 0x21, 0xf5, 0x21, 0xf5, 0x21, 0xf5, 0x21, 0xf5, 0x21, 0xf5, 0x21, 0xf5, 0x21, 0xf5, 0x21, 0xf5, 0x21, 0xf5, 0x21,
  0xf5, 0x21, 0xf5, 0x21, 0xf5, 0x21, 0xf5, 0x21, 0xf5, 0x21, 0xf5, 0x21, 0xf5, 0x21, 0xf5, 0x21, 0xf5, 0x21, 0xf5, 0x21, 0xf5, 0x21, 0xf5, 0x21, 0x56, 0x32, 0xf5, 0x21, 0xf5, 0x21, 0xf5, 0x21,
  0xf5, 0x21, 0xf5, 0x21, 0xf5, 0x21, 0xf5, 0x21, 0xf5, 0x21, 0xf5, 0x21, 0xf5, 0x21, 0xf5, 0x21, 0xf5, 0x21, 0xf5, 0x21, 0xf5, 0x21, 0xf5, 0x21, 0xf5, 0x21, 0xf5, 0x21, 0xf5, 0x21, 0xf5, 0x21,
  0xf5, 0x21, 0xf5, 0x21, 0xf5, 0x21, 0xf5, 0x21, 0xf5, 0x21, 0xf5, 0x21, 0xf5, 0x21, 0xf5, 0x21, 0xf5, 0x21, 0xf5, 0x21, 0xf5, 0x21, 0xf5, 0x21, 0xf5, 0x21, 0xf5, 0x21, 0x56, 0x32, 0xf5, 0x21,
  0xf5, 0x21, 0xf5, 0x21, 0xf5, 0x21, 0xf5, 0x21, 0xf5, 0x21, 0xf5, 0x21, 0xf5, 0x21, 0xf5, 0x21, 0xf5, 0x21, 0xf5, 0x21, 0xf5, 0x21, 0xf5, 0x21, 0xf5, 0x21, 0xf5, 0x21, 0xf5, 0x21, 0xf5, 0x21,
  0xf5, 0x21, 0xf5, 0x21, 0xf5, 0x21, 0xf5, 0x21, 0xf5, 0x21, 0xf5, 0x21, 0xf5, 0x21, 0xf5, 0x21, 0xf5, 0x21, 0xf5, 0x21, 0xf5, 0x21, 0xf5, 0x21, 0xf5, 0x21, 0xf5, 0x21, 0xf5, 0x21, 0xf5, 0x21,
  0x56, 0x32, 0xf5, 0x21, 0xf5, 0x21, 0xf5, 0x21, 0xf5, 0x21, 0xf5, 0x21, 0xf5, 0x21, 0xf5, 0x21, 0xf5, 0x21, 0xf5, 0x21, 0xf5, 0x21, 0xf5, 0x21, 0xf5, 0x21, 0xf5, 0x21, 0xf5, 0x21, 0xf5, 0x21,
  0xf5, 0x21, 0xf5, 0x21, 0xf5, 0x21, 0xf5, 0x21, 0xf5, 0x21, 0xf5, 0x21, 0xf5, 0x21, 0xf5, 0x21, 0xf5, 0x21, 0xf5, 0x21, 0xf5, 0x21, 0xf5, 0x21, 0xf5, 0x21, 0xf5, 0x21, 0xf5, 0x21, 0xf5, 0x21,
  0xf5, 0x21, 0xf5, 0x21, 0x56, 0x32, 0xf5, 0x21, 0xf5, 0x21, 0xf5, 0x21, 0xf5, 0x21, 0xf5, 0x21, 0xf5, 0x21, 0xf5, 0x21, 0xf5, 0x21, 0xf5, 0x21, 0xf5, 0x21, 0xf5, 0x21, 0xf5, 0x21, 0xf5, 0x21,
  0xf6, 0x21, 0xf6, 0x21, 0xf6, 0x21, 0xf6, 0x21, 0xf6, 0x21, 0xf6, 0x21, 0xf6, 0x21, 0xf6, 0x21, 0xf6, 0x21, 0xf6, 0x21, 0xf6, 0x21, 0xf6, 0x21, 0xf6, 0x21, 0xf6, 0x21, 0xf6, 0x21, 0xf6, 0x21,
  0xf6, 0x21, 0xf6, 0x21, 0xf6, 0x21, 0xf6, 0x21, 0xf6, 0x21, 0xf6, 0x21, 0xf6, 0x21, 0xf6, 0x21, 0xf6, 0x21, 0xf6, 0x21, 0xf6, 0x21, 0xf6, 0x21, 0xf6, 0x21, 0xf6, 0x21, 0xf6, 0x21, 0xf6, 0x21,
  0xf6, 0x21, 0x57, 0x32, 0xf6, 0x21, 0xf6, 0x21, 0xf6, 0x21, 0xf6, 0x21, 0xf6, 0x21, 0xf6, 0x21, 0xf6, 0x21, 0xf6, 0x21, 0xf6, 0x21, 0xf6, 0x21, 0xf6, 0x21, 0xf6, 0x21, 0xf6, 0x21, 0xf6, 0x21,
  0xf6, 0x21, 0xf6, 0x21, 0xf6, 0x21, 0xf6, 0x21, 0xf6, 0x21, 0xf6, 0x21, 0xf6, 0x21, 0xf6, 0x21, 0xf6, 0x21, 0xf6, 0x21, 0xf6, 0x21, 0xf6, 0x21, 0xf6, 0x21, 0xf6, 0x21, 0xf6, 0x21, 0xf6, 0x21,
  0xf6, 0x21, 0xf6, 0x21, 0xf6, 0x21, 0x57, 0x32, 0xf6, 0x21, 0xf6, 0x21, 0xf6, 0x21, 0xf6, 0x21, 0xf6, 0x21, 0xf6, 0x21, 0xf6, 0x21, 0xf6, 0x21, 0xf6, 0x21, 0xf6, 0x21, 0xf6, 0x21, 0xf6, 0x21,
  0xf6, 0x21, 0xf6, 0x21, 0xf6, 0x21, 0xf6, 0x21, 0xf6, 0x21, 0xf6, 0x21, 0xf6, 0x21, 0xf6, 0x21, 0xf6, 0x21, 0xf6, 0x21, 0xf6, 0x21, 0xf6, 0x21, 0xf6, 0x21, 0xf6, 0x21, 0xf6, 0x21, 0xf6, 0x21,
  0xf6, 0x21, 0xf6, 0x21, 0xf6, 0x21, 0xf6, 0x21, 0xf6, 0x21, 0x57, 0x32, 0xf6, 0x21, 0xf6, 0x21, 0xf6, 0x21, 0xf6, 0x21, 0xf6, 0x21, 0xf6, 0x21, 0xf6, 0x21, 0xf6, 0x21, 0xf6, 0x21, 0xf6, 0x21,
  0xf6, 0x21, 0xf6, 0x21, 0xf6, 0x21, 0xf6, 0x21, 0xf6, 0x21, 0xf6, 0x21, 0xf6, 0x21, 0xf6, 0x21, 0xf6, 0x21, 0xf6, 0x21, 0xf6, 0x21, 0xf6, 0x21, 0xf6, 0x21, 0xf6, 0x21, 0xf6, 0x21, 0xf6, 0x21,
  0xf6, 0x21, 0xf6, 0x21, 0xf6, 0x21, 0xf6, 0x21, 0xf6, 0x21, 0xf6, 0x21, 0xf6, 0x21, 0x57, 0x32, 0xf6, 0x21, 0xf6, 0x21, 0xf6, 0x21, 0xf6, 0x21, 0xf6, 0x21, 0xf6, 0x21, 0xf6, 0x21, 0xf6, 0x21,
  0xf6, 0x21, 0xf6, 0x21, 0xf6, 0x21, 0xf6, 0x21, 0xf6, 0x21, 0xf6, 0x21, 0xf6, 0x21, 0xf6, 0x21, 0xf6, 0x21, 0xf6, 0x21, 0xf6, 0x21, 0xf6, 0x21, 0xf6, 0x21, 0xf6, 0x21, 0xf6, 0x21, 0xf6, 0x21,
  0xf6, 0x21, 0xf6, 0x21, 0xf6, 0x21, 0xf6, 0x21, 0xf6, 0x21, 0xf6, 0x21, 0xf6, 0x21, 0xf6, 0x21, 0xf6, 0x21, 0x57, 0x32, 0xf6, 0x21, 0xf6, 0x21, 0xf6, 0x21, 0xf6, 0x21, 0xf6, 0x21, 0xf6, 0x21,
  0xf6, 0x21, 0xf6, 0x21, 0xf6, 0x21, 0xf6, 0x21, 0xf6, 0x21, 0xf6, 0x21, 0xf6, 0x21, 0xf6, 0x21, 0xf6, 0x21, 0xf6, 0x21, 0xf6, 0x21, 0xf6, 0x21, 0xf6, 0x21, 0xf6, 0x21, 0xf6, 0x21, 0xf6, 0x21,
  0xf6, 0x21, 0xf6, 0x21, 0xf6, 0x21, 0xf6, 0x21, 0xf6, 0x21, 0xf6, 0x21, 0xf6, 0x21, 0xf6, 0x21, 0xf6, 0x21, 0xf6, 0x21, 0xf6, 0x21, 0x57, 0x32, 0xf6, 0x21, 0xf6, 0x21, 0xf6, 0x21, 0xf6, 0x21,
  0xf6, 0x21, 0xf6, 0x21, 0xf6, 0x21, 0xf6, 0x21, 0xf6, 0x21, 0xf6, 0x21, 0xf6, 0x21, 0xf6, 0x21, 0xf6, 0x21, 0xf6, 0x21, 0xf6, 0x21, 0xf6, 0x21, 0xf6, 0x21, 0xf6, 0x21, 0xf6, 0x21, 0xf6, 0x21,
  0xf6, 0x21, 0xf6, 0x21, 0xf6, 0x21, 0xf6, 0x21, 0xf6, 0x21, 0xf6, 0x21, 0xf6, 0x21, 0xf6, 0x21, 0xf6, 0x21, 0xf6, 0x21, 0xf6, 0x21, 0xf6, 0x21, 0xf6, 0x21, 0x57, 0x32, 0xf6, 0x21, 0xf6, 0x21,
  0xf6, 0x21, 0xf6, 0x21, 0xf6, 0x21, 0xf6, 0x21, 0xf6, 0x21, 0xf6, 0x21, 0xf6, 0x21, 0xf6, 0x21, 0xf6, 0x21, 0xf6, 0x21, 0xf6, 0x21, 0xf6, 0x21, 0xf6, 0x21, 0xf6, 0x21, 0xf6, 0x21, 0xf6, 0x21,
  0xf6, 0x21, 0xf6, 0x21, 0xf6, 0x21, 0xf6, 0x21, 0xf6, 0x21, 0xf6, 0x21, 0xf6, 0x21, 0xf6, 0x21, 0xf6, 0x21, 0xf6, 0x21, 0xf6, 0x21, 0xf6, 0x21, 0xf6, 0x21, 0xf6, 0x21, 0xf6, 0x21, 0x57, 0x32,
  0xf6, 0x21, 0xf6, 0x21, 0xf6, 0x21, 0xf6, 0x21, 0xf6, 0x21, 0xf6, 0x21, 0xf6, 0x21, 0xf6, 0x21, 0xf6, 0x21, 0xf6, 0x21, 0xf6, 0x21, 0xf6, 0x21, 0xf6, 0x21, 0xf6, 0x21, 0xf6, 0x21, 0xf6, 0x21,
  0xf6, 0x21, 0xf6, 0x21, 0xf6, 0x21, 0xf6, 0x21, 0xf6, 0x21, 0xf6, 0x21, 0xf6, 0x21, 0xf6, 0x21, 0xf6, 0x21, 0xf6, 0x21, 0xf6, 0x21, 0xf6, 0x21, 0xf6, 0x21, 0xf6, 0x21, 0xf6, 0x21, 0xf6, 0x21,
  0xf6, 0x21, 0x57, 0x32, 0xf6, 0x21, 0xf6, 0x21, 0xf6, 0x21, 0xf6, 0x21, 0xf6, 0x21, 0xf6, 0x21, 0xf6, 0x21, 0xf6, 0x21, 0xf6, 0x21, 0xf6, 0x21, 0xf6, 0x21, 0xf6, 0x21, 0xf6, 0x21, 0xf6, 0x21,
  0xd5, 0x21, 0xd5, 0x21, 0xd5, 0x21, 0xd5, 0x21, 0xd5, 0x21, 0xd5, 0x21, 0xd5, 0x21, 0xd5, 0x21, 0xd5, 0x21, 0xd5, 0x21, 0xd5, 0x21, 0xd5, 0x21, 0xd5, 0x21, 0xd5, 0x21, 0xd5, 0x21, 0xd5, 0x21,
  0xd5, 0x21, 0xd5, 0x21, 0xd5, 0x21, 0xd5, 0x21, 0xd5, 0x21, 0xd5, 0x21, 0xd5, 0x21, 0xd5, 0x21, 0xd5, 0x21, 0xd5, 0x21, 0xd5, 0x21, 0xd5, 0x21, 0xd5, 0x21, 0xd5, 0x21, 0xd5, 0x21, 0xd5, 0x21,
  0x36, 0x32, 0xd5, 0x21, 0xd5, 0x21, 0xd5, 0x21, 0xd5, 0x21, 0xd5, 0x21, 0xd5, 0x21, 0xd5, 0x21, 0xd5, 0x21, 0xd5, 0x21, 0xd5, 0x21, 0xd5, 0x21, 0xd5, 0x21, 0xd5, 0x21, 0xd5, 0x21, 0xd5, 0x21,
  0xd5, 0x21, 0xd5, 0x21, 0xd5, 0x21, 0xd5, 0x21, 0xd5, 0x21, 0xd5, 0x21, 0xd5, 0x21, 0xd5, 0x21, 0xd5, 0x21, 0xd5, 0x21, 0xd5, 0x21, 0xd5, 0x21, 0xd5, 0x21, 0xd5, 0x21, 0xd5, 0x21, 0xd5, 0x21,
  0xd5, 0x21, 0xd5, 0x21, 0x36, 0x32, 0xd5, 0x21, 0xd5, 0x21, 0xd5, 0x21, 0xd5, 0x21, 0xd5, 0x21, 0xd5, 0x21, 0xd5, 0x21, 0xd5, 0x21, 0xd5, 0x21, 0xd5, 0x21, 0xd5, 0x21, 0xd5, 0x21, 0xd5, 0x21,
  0xd5, 0x21, 0xd5, 0x21, 0xd5, 0x21, 0xd5, 0x21, 0xd5, 0x21, 0xd5, 0x21, 0xd5, 0x21, 0xd5, 0x21, 0xd5, 0x21, 0xd5, 0x21, 0xd5, 0x21, 0xd5, 0x21, 0xd5, 0x21, 0xd5, 0x21, 0xd5, 0x21, 0xd5, 0x21,
  0xd5, 0x21, 0xd5, 0x21, 0xd5, 0x21, 0xd5, 0x21, 0x36, 0x32, 0xd5, 0x21, 0xd5, 0x21, 0xd5, 0x21, 0xd5, 0x21, 0xd5, 0x21, 0xd5, 0x21, 0xd5, 0x21, 0xd5, 0x21, 0xd5, 0x21, 0xd5, 0x21, 0xd5, 0x21,
  0xd5, 0x21, 0xd5, 0x21, 0xd5, 0x21, 0xd5, 0x21, 0xd5, 0x21, 0xd5, 0x21, 0xd5, 0x21, 0xd5, 0x21, 0xd5, 0x21, 0xd5, 0x21, 0xd5, 0x21, 0xd5, 0x21, 0xd5, 0x21, 0xd5, 0x21, 0xd5, 0x21, 0xd5, 0x21,
  0xd5, 0x21, 0xd5, 0x21, 0xd5, 0x21, 0xd5, 0x21, 0xd5, 0x21, 0xd5, 0x21, 0x36, 0x32, 0xd5, 0x21, 0xd5, 0x21, 0xd5, 0x21, 0xd5, 0x21, 0xd5, 0x21, 0xd5, 0x21, 0xd5, 0x21, 0xd5, 0x21, 0xd5, 0x21,
  0xd5, 0x21, 0xd5, 0x21, 0xd5, 0x21, 0xd5, 0x21, 0xd5, 0x21, 0xd5, 0x21, 0xd5, 0x21, 0xd5, 0x21, 0xd5, 0x21, 0xd5, 0x21, 0xd5, 0x21, 0xd5, 0x21, 0xd5, 0x21, 0xd5, 0x21, 0xd5, 0x21, 0xd5, 0x21,
  0xd5, 0x21, 0xd5, 0x21, 0xd5, 0x21, 0xd5, 0x21, 0xd5, 0x21, 0xd5, 0x21, 0xd5, 0x21, 0xd5, 0x21, 0x36, 0x32, 0xd5, 0x21, 0xd5, 0x21, 0xd5, 0x21, 0xd5, 0x21, 0xd5, 0x21, 0xd5, 0x21, 0xd5, 0x21,
  0xd5, 0x21, 0xd5, 0x21, 0xd5, 0x21, 0xd5, 0x21, 0xd5, 0x21, 0xd5, 0x21, 0xd5, 0x21, 0xd5, 0x21, 0xd5, 0x21, 0xd5, 0x21, 0xd5, 0x21, 0xd5, 0x21, 0xd5, 0x21, 0xd5, 0x21, 0xd5, 0x21, 0xd5, 0x21,
  0xd5, 0x21, 0xd5, 0x21, 0xd5, 0x21, 0xd5, 0x21, 0xd5, 0x21, 0xd5, 0x21, 0xd5, 0x21, 0xd5, 0x21, 0xd5, 0x21, 0xd5, 0x21, 0x36, 0x32, 0xd5, 0x21, 0xd5, 0x21, 0xd5, 0x21, 0xd5, 0x21, 0xd5, 0x21,
  0xd5, 0x21, 0xd5, 0x21, 0xd5, 0x21, 0xd5, 0x21, 0xd5, 0x21, 0xd5, 0x21, 0xd5, 0x21, 0xd5, 0x21, 0xd5, 0x21, 0xd5, 0x21, 0xd5, 0x21, 0xd5, 0x21, 0xd5, 0x21, 0xd5, 0x21, 0xd5, 0x21, 0xd5, 0x21,
  0xd5, 0x21, 0xd5, 0x21, 0xd5, 0x21, 0xd5, 0x21, 0xd5, 0x21, 0xd5, 0x21, 0xd5, 0x21, 0xd5, 0x21, 0xd5, 0x21, 0xd5, 0x21, 0xd5, 0x21, 0xd5, 0x21, 0x36, 0x32, 0xd5, 0x21, 0xd5, 0x21, 0xd5, 0x21,
  0xd5, 0x21, 0xd5, 0x21, 0xd5, 0x21, 0xd5, 0x21, 0xd5, 0x21, 0xd5, 0x21, 0xd5, 0x21, 0xd5, 0x21, 0xd5, 0x21, 0xd5, 0x21, 0xd5, 0x21, 0xd5, 0x21, 0xd5, 0x21, 0xd5, 0x21, 0xd5, 0x21, 0xd5, 0x21,
  0xd5, 0x21, 0xd5, 0x21, 0xd5, 0x21, 0xd5, 0x21, 0xd5, 0x21, 0xd5, 0x21, 0xd5, 0x21, 0xd5, 0x21, 0xd5, 0x21, 0xd5, 0x21, 0xd5, 0x21, 0xd5, 0x21, 0xd5, 0x21, 0xd5, 0x21, 0x36, 0x32, 0xd5, 0x21,
  0xd5, 0x21, 0xd5, 0x21, 0xd5, 0x21, 0xd5, 0x21, 0xd5, 0x21, 0xd5, 0x21, 0xd5, 0x21, 0xd5, 0x21, 0xd5, 0x21, 0xd5, 0x21, 0xd5, 0x21, 0xd5, 0x21, 0xd5, 0x21, 0xd5, 0x21, 0xd5, 0x21, 0xd5, 0x21,
  0xd5, 0x21, 0xd5, 0x21, 0xd5, 0x21, 0xd5, 0x21, 0xd5, 0x21, 0xd5, 0x21, 0xd5, 0x21, 0xd5, 0x21, 0xd5, 0x21, 0xd5, 0x21, 0xd5, 0x21, 0xd5, 0x21, 0xd5, 0x21, 0xd5, 0x21, 0xd5, 0x21, 0xd5, 0x21,
  0x36, 0x32, 0xd5, 0x21, 0xd5, 0x21, 0xd5, 0x21, 0xd5, 0x21, 0xd5, 0x21, 0xd5, 0x21, 0xd5, 0x21, 0xd5, 0x21, 0xd5, 0x21, 0xd5, 0x21, 0xd5, 0x21, 0xd5, 0x21, 0xd5, 0x21, 0xd5, 0x21, 0xd5, 0x21,
  0x56, 0x32, 0x56, 0x32, 0x56, 0x32, 0x56, 0x32, 0x56, 0x32, 0x56, 0x32, 0x56, 0x32, 0x56, 0x32, 0x56, 0x32, 0x56, 0x32, 0x56, 0x32, 0x56, 0x32, 0x56, 0x32, 0x56, 0x32, 0x56, 0x32, 0x56, 0x32,
  0x56, 0x32, 0x56, 0x32, 0x56, 0x32, 0x56, 0x32, 0x56, 0x32, 0x56, 0x32, 0x56, 0x32, 0x56, 0x32, 0x56, 0x32, 0x56, 0x32, 0x56, 0x32, 0x56, 0x32, 0x56, 0x32, 0x56, 0x32, 0x56, 0x32, 0xb7, 0x42,
  0x56, 0x32, 0x56, 0x32, 0x56, 0x32, 0x56, 0x32, 0x56, 0x32, 0x56, 0x32, 0x56, 0x32, 0x56, 0x32, 0x56, 0x32, 0x56, 0x32, 0x56, 0x32, 0x56, 0x32, 0x56, 0x32, 0x56, 0x32, 0x56, 0x32, 0x56, 0x32,
  0x56, 0x32, 0x56, 0x32, 0x56, 0x32, 0x56, 0x32, 0x56, 0x32, 0x56, 0x32, 0x56, 0x32, 0x56, 0x32, 0x56, 0x32, 0x56, 0x32, 0x56, 0x32, 0x56, 0x32, 0x56, 0x32, 0x56, 0x32, 0x56, 0x32, 0x56, 0x32,
  0x56, 0x32, 0xb7, 0x42, 0x56, 0x32, 0x56, 0x32, 0x56, 0x32, 0x56, 0x32, 0x56, 0x32, 0x56, 0x32, 0x56, 0x32, 0x56, 0x32, 0x56, 0x32, 0x56, 0x32, 0x56, 0x32, 0x56, 0x32, 0x56, 0x32, 0x56, 0x32,
  0x56, 0x32, 0x56, 0x32, 0x56, 0x32, 0x56, 0x32, 0x56, 0x32, 0x56, 0x32, 0x56, 0x32, 0x56, 0x32, 0x56, 0x32, 0x56, 0x32, 0x56, 0x32, 0x56, 0x32, 0x56, 0x32, 0x56, 0x32, 0x56, 0x32, 0x56, 0x32,
  0x56, 0x32, 0x56, 0x32, 0x56, 0x32, 0xb7, 0x42, 0x56, 0x32, 0x56, 0x32, 0x56, 0x32, 0x56, 0x32, 0x56, 0x32, 0x56, 0x32, 0x56, 0x32, 0x56, 0x32, 0x56, 0x32, 0x56, 0x32, 0x56, 0x32, 0x56, 0x32,
  0x56, 0x32, 0x56, 0x32, 0x56, 0x32, 0x56, 0x32, 0x56, 0x32, 0x56, 0x32, 0x56, 0x32, 0x56, 0x32, 0x56, 0x32, 0x56, 0x32, 0x56, 0x32, 0x56, 0x32, 0x56, 0x32, 0x56, 0x32, 0x56, 0x32, 0x56, 0x32,
  0x56, 0x32, 0x56, 0x32, 0x56, 0x32, 0x56, 0x32, 0x56, 0x32, 0xb7, 0x42, 0x56, 0x32, 0x56, 0x32, 0x56, 0x32, 0x56, 0x32, 0x56, 0x32, 0x56, 0x32, 0x56, 0x32, 0x56, 0x32, 0x56, 0x32, 0x56, 0x32,
  0x56, 0x32, 0x56, 0x32, 0x56, 0x32, 0x56, 0x32, 0x56, 0x32, 0x56, 0x32, 0x56, 0x32, 0x56, 0x32, 0x56, 0x32, 0x56, 0x32, 0x56, 0x32, 0x56, 0x32, 0x56, 0x32, 0x56, 0x32, 0x56, 0x32, 0x56, 0x32,
  0x56, 0x32, 0x56, 0x32, 0x56, 0x32, 0x56, 0x32, 0x56, 0x32, 0x56, 0x32, 0x56, 0x32, 0xb7, 0x42, 0x56, 0x32, 0x56, 0x32, 0x56, 0x32, 0x56, 0x32, 0x56, 0x32, 0x56, 0x32, 0x56, 0x32, 0x56, 0x32,
  0x56, 0x32, 0x56, 0x32, 0x56, 0x32, 0x56, 0x32, 0x56, 0x32, 0x56, 0x32, 0x56, 0x32, 0x56, 0x32, 0x56, 0x32, 0x56, 0x32, 0x56, 0x32, 0x56, 0x32, 0x56, 0x32, 0x56, 0x32, 0x56, 0x32, 0x56, 0x32,
  0x56, 0x32, 0x56, 0x32, 0x56, 0x32, 0x56, 0x32, 0x56, 0x32, 0x56, 0x32, 0x56, 0x32, 0x56, 0x32, 0x56, 0x32, 0xb7, 0x42, 0x56, 0x32, 0x56, 0x32, 0x56, 0x32, 0x56, 0x32, 0x56, 0x32, 0x56, 0x32,
  0x56, 0x32, 0x56, 0x32, 0x56, 0x32, 0x56, 0x32, 0x56, 0x32, 0x56, 0x32, 0x56, 0x32, 0x56, 0x32, 0x56, 0x32, 0x56, 0x32, 0x56, 0x32, 0x56, 0x32, 0x56, 0x32, 0x56, 0x32, 0x56, 0x32, 0x56, 0x32,
  0x56, 0x32, 0x56, 0x32, 0x56, 0x32, 0x56, 0x32, 0x56, 0x32, 0x56, 0x32, 0x56, 0x32, 0x56, 0x32, 0x56, 0x32, 0x56, 0x32, 0x56, 0x32, 0xb7, 0x42, 0x56, 0x32, 0x56, 0x32, 0x56, 0x32, 0x56, 0x32,
  0x56, 0x32, 0x56, 0x32, 0x56, 0x32, 0x56, 0x32, 0x56, 0x32, 0x56, 0x32, 0x56, 0x32, 0x56, 0x32, 0x56, 0x32, 0x56, 0x32, 0x56, 0x32, 0x56, 0x32, 0x56, 0x32, 0x56, 0x32, 0x56, 0x32, 0x56, 0x32,
  0x56, 0x32, 0x56, 0x32, 0x56, 0x32, 0x56, 0x32, 0x56, 0x32, 0x56, 0x32, 0x56, 0x32, 0x56, 0x32, 0x56, 0x32, 0x56, 0x32, 0x56, 0x32, 0x56, 0x32, 0x56, 0x32, 0xb7, 0x42, 0x56, 0x32, 0x56, 0x32,
  0x56, 0x32, 0x56, 0x32, 0x56, 0x32, 0x56, 0x32, 0x56, 0x32, 0x56, 0x32, 0x56, 0x32, 0x56, 0x32, 0x56, 0x32, 0x56, 0x32, 0x56, 0x32, 0x56, 0x32, 0x56, 0x32, 0x56, 0x32, 0x56, 0x32, 0x56, 0x32,
  0x56, 0x32, 0x56, 0x32, 0x56, 0x32, 0x56, 0x32, 0x56, 0x32, 0x56, 0x32, 0x56, 0x32, 0x56, 0x32, 0x56, 0x32, 0x56, 0x32, 0x56, 0x32, 0x56, 0x32, 0x56, 0x32, 0x56, 0x32, 0x56, 0x32, 0xb7, 0x42,
  0x56, 0x32, 0x56, 0x32, 0x56, 0x32, 0x56, 0x32, 0x56, 0x32, 0x56, 0x32, 0x56, 0x32, 0x56, 0x32, 0x56, 0x32, 0x56, 0x32, 0x56, 0x32, 0x56, 0x32, 0x56, 0x32, 0x56, 0x32, 0x56, 0x32, 0x56, 0x32,
  0xd5, 0x21, 0xd5, 0x21, 0xd5, 0x21, 0xd5, 0x21, 0xd5, 0x21, 0xd5, 0x21, 0xd5, 0x21, 0xd5, 0x21, 0xd5, 0x21, 0xd5, 0x21, 0xd5, 0x21, 0xd5, 0x21, 0xd5, 0x21, 0xd5, 0x21, 0xd5, 0x21, 0xd5, 0x21,
  0xd5, 0x21, 0xd5, 0x21, 0xd5, 0x21, 0xd5, 0x21, 0xd5, 0x21, 0xd5, 0x21, 0xd5, 0x21, 0xd5, 0x21, 0xd5, 0x21, 0xd5, 0x21, 0xd5, 0x21, 0xd5, 0x21, 0xd5, 0x21, 0xd5, 0x21, 0x36, 0x32, 0xd5, 0x21,
  0xd5, 0x21, 0xd5, 0x21, 0xd5, 0x21, 0xd5, 0x21, 0xd5, 0x21, 0xd5, 0x21, 0xd5, 0x21, 0xd5, 0x21, 0xd5, 0x21, 0xd5, 0x21, 0xd5, 0x21, 0xd5, 0x21, 0xd5, 0x21, 0xd5, 0x21, 0xd5, 0x21, 0xd5, 0x21,
  0xd5, 0x21, 0xd5, 0x21, 0xd5, 0x21, 0xd5, 0x21, 0xd5, 0x21, 0xd5, 0x21, 0xd5, 0x21, 0xd5, 0x21, 0xd5, 0x21, 0xd5, 0x21, 0xd5, 0x21, 0xd5, 0x21, 0xd5, 0x21, 0xd5, 0x21, 0xd5, 0x21, 0xd5, 0x21,
  0x36, 0x32, 0xd5, 0x21, 0xd5, 0x21, 0xd5, 0x21, 0xd5, 0x21, 0xd5, 0x21, 0xd5, 0x21, 0xd5, 0x21, 0xd5, 0x21, 0xd5, 0x21, 0xd5, 0x21, 0xd5, 0x21, 0xd5, 0x21, 0xd5, 0x21, 0xd5, 0x21, 0xd5, 0x21,
  0xd5, 0x21, 0xd5, 0x21, 0xd5, 0x21, 0xd5, 0x21, 0xd5, 0x21, 0xd5, 0x21, 0xd5, 0x21, 0xd5, 0x21, 0xd5, 0x21, 0xd5, 0x21, 0xd5, 0x21, 0xd5, 0x21, 0xd5, 0x21, 0xd5, 0x21, 0xd5, 0x21, 0xd5, 0x21,
  0xd5, 0x21, 0xd5, 0x21, 0x36, 0x32, 0xd5, 0x21, 0xd5, 0x21, 0xd5, 0x21, 0xd5, 0x21, 0xd5, 0x21, 0xd5, 0x21, 0xd5, 0x21, 0xd5, 0x21, 0xd5, 0x21, 0xd5, 0x21, 0xd5, 0x21, 0xd5, 0x21, 0xd5, 0x21,
  0xd5, 0x21, 0xd5, 0x21, 0xd5, 0x21, 0xd5, 0x21, 0xd5, 0x21, 0xd5, 0x21, 0xd5, 0x21, 0xd5, 0x21, 0xd5, 0x21, 0xd5, 0x21, 0xd5, 0x21, 0xd5, 0x21, 0xd5, 0x21, 0xd5, 0x21, 0xd5, 0x21, 0xd5, 0x21,
  0xd5, 0x21, 0xd5, 0x21, 0xd5, 0x21, 0xd5, 0x21, 0x36, 0x32, 0xd5, 0x21, 0xd5, 0x21, 0xd5, 0x21, 0xd5, 0x21, 0xd5, 0x21, 0xd5, 0x21, 0xd5, 0x21, 0xd5, 0x21, 0xd5, 0x21, 0xd5, 0x21, 0xd5, 0x21,
  0xd5, 0x21, 0xd5, 0x21, 0xd5, 0x21, 0xd5, 0x21, 0xd5, 0x21, 0xd5, 0x21, 0xd5, 0x21, 0xd5, 0x21, 0xd5, 0x21, 0xd5, 0x21, 0xd5, 0x21, 0xd5, 0x21, 0xd5, 0x21, 0xd5, 0x21, 0xd5, 0x21, 0xd5, 0x21,
  0xd5, 0x21, 0xd5, 0x21, 0xd5, 0x21, 0xd5, 0x21, 0xd5, 0x21, 0xd5, 0x21, 0x36, 0x32, 0xd5, 0x21, 0xd5, 0x21, 0xd5, 0x21, 0xd5, 0x21, 0xd5, 0x21, 0xd5, 0x21, 0xd5, 0x21, 0xd5, 0x21, 0xd5, 0x21,
  0xd5, 0x21, 0xd5, 0x21, 0xd5, 0x21, 0xd5, 0x21, 0xd5, 0x21, 0xd5, 0x21, 0xd5, 0x21, 0xd5, 0x21, 0xd5, 0x21, 0xd5, 0x21, 0xd5, 0x21, 0xd5, 0x21, 0xd5, 0x21, 0xd5, 0x21, 0xd5, 0x21, 0xd5, 0x21,
  0xd5, 0x21, 0xd5, 0x21, 0xd5, 0x21, 0xd5, 0x21, 0xd5, 0x21, 0xd5, 0x21, 0xd5, 0x21, 0xd5, 0x21, 0x36, 0x32, 0xd5, 0x21, 0xd5, 0x21, 0xd5, 0x21, 0xd5, 0x21, 0xd5, 0x21, 0xd5, 0x21, 0xd5, 0x21,
  0xd5, 0x21, 0xd5, 0x21, 0xd5, 0x21, 0xd5, 0x21, 0xd5, 0x21, 0xd5, 0x21, 0xd5, 0x21, 0xd5, 0x21, 0xd5, 0x21, 0xd5, 0x21, 0xd5, 0x21, 0xd5, 0x21, 0xd5, 0x21, 0xd5, 0x21, 0xd5, 0x21, 0xd5, 0x21,
  0xd5, 0x21, 0xd5, 0x21, 0xd5, 0x21, 0xd5, 0x21, 0xd5, 0x21, 0xd5, 0x21, 0xd5, 0x21, 0xd5, 0x21, 0xd5, 0x21, 0xd5, 0x21, 0x36, 0x32, 0xd5, 0x21, 0xd5, 0x21, 0xd5, 0x21, 0xd5, 0x21, 0xd5, 0x21,
  0xd5, 0x21, 0xd5, 0x21, 0xd5, 0x21, 0xd5, 0x21, 0xd5, 0x21, 0xd5, 0x21, 0xd5, 0x21, 0xd5, 0x21, 0xd5, 0x21, 0xd5, 0x21, 0xd5, 0x21, 0xd5, 0x21, 0xd5, 0x21, 0xd5, 0x21, 0xd5, 0x21, 0xd5, 0x21,
  0xd5, 0x21, 0xd5, 0x21, 0xd5, 0x21, 0xd5, 0x21, 0xd5, 0x21, 0xd5, 0x21, 0xd5, 0x21, 0xd5, 0x21, 0xd5, 0x21, 0xd5, 0x21, 0xd5, 0x21, 0xd5, 0x21, 0x36, 0x32, 0xd5, 0x21, 0xd5, 0x21, 0xd5, 0x21,
  0xd5, 0x21, 0xd5, 0x21, 0xd5, 0x21, 0xd5, 0x21, 0xd5, 0x21, 0xd5, 0x21, 0xd5, 0x21, 0xd5, 0x21, 0xd5, 0x21, 0xd5, 0x21, 0xd5, 0x21, 0xd5, 0x21, 0xd5, 0x21, 0xd5, 0x21, 0xd5, 0x21, 0xd5, 0x21,
  0xd5, 0x21, 0xd5, 0x21, 0xd5, 0x21, 0xd5, 0x21, 0xd5, 0x21, 0xd5, 0x21, 0xd5, 0x21, 0xd5, 0x21, 0xd5, 0x21, 0xd5, 0x21, 0xd5, 0x21, 0xd5, 0x21, 0xd5, 0x21, 0xd5, 0x21, 0x36, 0x32, 0xd5, 0x21,
  0xd5, 0x21, 0xd5, 0x21, 0xd5, 0x21, 0xd5, 0x21, 0xd5, 0x21, 0xd5, 0x21, 0xd5, 0x21, 0xd5, 0x21, 0xd5, 0x21, 0xd5, 0x21, 0xd5, 0x21, 0xd5, 0x21, 0xd5, 0x21, 0xd5, 0x21, 0xd5, 0x21, 0xd5, 0x21,
  0xd5, 0x21, 0xd5, 0x21, 0xd5, 0x21, 0xd5, 0x21, 0xd5, 0x21, 0xd5, 0x21, 0xd5, 0x21, 0xd5, 0x21, 0xd5, 0x21, 0xd5, 0x21, 0xd5, 0x21, 0xd5, 0x21, 0xd5, 0x21, 0xd5, 0x21, 0xd5, 0x21, 0xd5, 0x21,
  0xd5, 0x21, 0xd5, 0x21, 0xd5, 0x21, 0xd5, 0x21, 0xd5, 0x21, 0xd5, 0x21, 0xd5, 0x21, 0xd5, 0x21, 0xd5, 0x21, 0xd5, 0x21, 0xd5, 0x21, 0xd5, 0x21, 0xd5, 0x21, 0x36, 0x32, 0xd5, 0x21, 0xd5, 0x21,
  0xd5, 0x21, 0xd5, 0x21, 0xd5, 0x21, 0xd5, 0x21, 0xd5, 0x21, 0xd5, 0x21, 0xd5, 0x21, 0xd5, 0x21, 0xd5, 0x21, 0xd5, 0x21, 0xd5, 0x21, 0xd5, 0x21, 0xd5, 0x21, 0xd5, 0x21, 0xd5, 0x21, 0xd5, 0x21,
  0xd5, 0x21, 0xd5, 0x21, 0xd5, 0x21, 0xd5, 0x21, 0xd5, 0x21, 0xd5, 0x21, 0xd5, 0x21, 0xd5, 0x21, 0xd5, 0x21, 0xd5, 0x21, 0xd5, 0x21, 0xd5, 0x21, 0xd5, 0x21, 0xd5, 0x21, 0xd5, 0x21, 0x36, 0x32,
  0xd5, 0x21, 0xd5, 0x21, 0xd5, 0x21, 0xd5, 0x21, 0xd5, 0x21, 0xd5, 0x21, 0xd5, 0x21, 0xd5, 0x21, 0xd5, 0x21, 0xd5, 0x21, 0xd5, 0x21, 0xd5, 0x21, 0xd5, 0x21, 0xd5, 0x21, 0xd5, 0x21, 0xd5, 0x21,
  0xd5, 0x21, 0xd5, 0x21, 0xd5, 0x21, 0xd5, 0x21, 0xd5, 0x21, 0xd5, 0x21, 0xd5, 0x21, 0xd5, 0x21, 0xd5, 0x21, 0xd5, 0x21, 0xd5, 0x21, 0xd5, 0x21, 0xd5, 0x21, 0xd5, 0x21, 0xd5, 0x21, 0xd5, 0x21,
  0xd5, 0x21, 0x36, 0x32, 0xd5, 0x21, 0xd5, 0x21, 0xd5, 0x21, 0xd5, 0x21, 0xd5, 0x21, 0xd5, 0x21, 0xd5, 0x21, 0xd5, 0x21, 0xd5, 0x21, 0xd5, 0x21, 0xd5, 0x21, 0xd5, 0x21, 0xd5, 0x21, 0xd5, 0x21,
  0xd5, 0x21, 0xd5, 0x21, 0xd5, 0x21, 0xd5, 0x21, 0xd5, 0x21, 0xd5, 0x21, 0xd5, 0x21, 0xd5, 0x21, 0xd5, 0x21, 0xd5, 0x21, 0xd5, 0x21, 0xd5, 0x21, 0xd5, 0x21, 0xd5, 0x21, 0xd5, 0x21, 0xd5, 0x21,
  0xd5, 0x21, 0xd5, 0x21, 0xd5, 0x21, 0x36, 0x32, 0xd5, 0x21, 0xd5, 0x21, 0xd5, 0x21, 0xd5, 0x21, 0xd5, 0x21, 0xd5, 0x21, 0xd5, 0x21, 0xd5, 0x21, 0xd5, 0x21, 0xd5, 0x21, 0xd5, 0x21, 0xd5, 0x21,
  0xd5, 0x21, 0xd5, 0x21, 0xd5, 0x21, 0xd5, 0x21, 0xd5, 0x21, 0xd5, 0x21, 0xd5, 0x21, 0xd5, 0x21, 0xd5, 0x21, 0xd5, 0x21, 0xd5, 0x21, 0xd5, 0x21, 0xd5, 0x21, 0xd5, 0x21, 0xd5, 0x21, 0xd5, 0x21,
  0xd5, 0x21, 0xd5, 0x21, 0xd5, 0x21, 0xd5, 0x21, 0xd5, 0x21, 0x36, 0x32, 0xd5, 0x21, 0xd5, 0x21, 0xd5, 0x21, 0xd5, 0x21, 0xd5, 0x21, 0xd5, 0x21, 0xd5, 0x21, 0xd5, 0x21, 0xd5, 0x21, 0xd5, 0x21,
  0xd5, 0x21, 0xd5, 0x21, 0xd5, 0x21, 0xd5, 0x21, 0xd5, 0x21, 0xd5, 0x21, 0xd5, 0x21, 0xd5, 0x21, 0xd5, 0x21, 0xd5, 0x21, 0xd5, 0x21, 0xd5, 0x21, 0xd5, 0x21, 0xd5, 0x21, 0xd5, 0x21, 0xd5, 0x21,
  0xd5, 0x21, 0xd5, 0x21, 0xd5, 0x21, 0xd5, 0x21, 0xd5, 0x21, 0xd5, 0x21, 0xd5, 0x21, 0x36, 0x32, 0xd5, 0x21, 0xd5, 0x21, 0xd5, 0x21, 0xd5, 0x21, 0xd5, 0x21, 0xd5, 0x21, 0xd5, 0x21, 0xd5, 0x21,
  0xd5, 0x21, 0xd5, 0x21, 0xd5, 0x21, 0xd5, 0x21, 0xd5, 0x21, 0xd5, 0x21, 0xd5, 0x21, 0xd5, 0x21, 0xd5, 0x21, 0xd5, 0x21, 0xd5, 0x21, 0xd5, 0x21, 0xd5, 0x21, 0xd5, 0x21, 0xd5, 0x21, 0xd5, 0x21,
  0xd5, 0x21, 0xd5, 0x21, 0xd5, 0x21, 0xd5, 0x21, 0xd5, 0x21, 0xd5, 0x21, 0xd5, 0x21, 0xd5, 0x21, 0xd5, 0x21, 0x36, 0x32, 0xd5, 0x21, 0xd5, 0x21, 0xd5, 0x21, 0xd5, 0x21, 0xd5, 0x21, 0xd5, 0x21,
  0xd5, 0x21, 0xd5, 0x21, 0xd5, 0x21, 0xd5, 0x21, 0xd5, 0x21, 0xd5, 0x21, 0xd5, 0x21, 0xd5, 0x21, 0xd5, 0x21, 0xd5, 0x21, 0xd5, 0x21, 0xd5, 0x21, 0xd5, 0x21, 0xd5, 0x21, 0xd5, 0x21, 0xd5, 0x21,
  0xd5, 0x21, 0xd5, 0x21, 0xd5, 0x21, 0xd5, 0x21, 0xd5, 0x21, 0xd5, 0x21, 0xd5, 0x21, 0xd5, 0x21, 0xd5, 0x21, 0xd5, 0x21, 0xd5, 0x21, 0x36, 0x32, 0xd5, 0x21, 0xd5, 0x21, 0xd5, 0x21, 0xd5, 0x21,
  0xd5, 0x21, 0xd5, 0x21, 0xd5, 0x21, 0xd5, 0x21, 0xd5, 0x21, 0xd5, 0x21, 0xd5, 0x21, 0xd5, 0x21, 0xd5, 0x21, 0xd5, 0x21, 0xd5, 0x21, 0xd5, 0x21, 0xd5, 0x21, 0xd5, 0x21, 0xd5, 0x21, 0xd5, 0x21,
  0xd5, 0x21, 0xd5, 0x21, 0xd5, 0x21, 0xd5, 0x21, 0xd5, 0x21, 0xd5, 0x21, 0xd5, 0x21, 0xd5, 0x21, 0xd5, 0x21, 0xd5, 0x21, 0xd5, 0x21, 0xd5, 0x21, 0xd5, 0x21, 0x36, 0x32, 0xd5, 0x21, 0xd5, 0x21,
  0xd5, 0x21, 0xd5, 0x21, 0xd5, 0x21, 0xd5, 0x21, 0xd5, 0x21, 0xd5, 0x21, 0xd5, 0x21, 0xd5, 0x21, 0xd5, 0x21, 0xd5, 0x21, 0xd5, 0x21, 0xd5, 0x21, 0xd5, 0x21, 0xd5, 0x21, 0xd5, 0x21, 0xd5, 0x21,
  0xf5, 0x21, 0xf5, 0x21, 0xf5, 0x21, 0xf5, 0x21, 0xf5, 0x21, 0xf5, 0x21, 0xf5, 0x21, 0xf5, 0x21, 0xf5, 0x21, 0xf5, 0x21, 0xf5, 0x21, 0xf5, 0x21, 0xf5, 0x21, 0xf5, 0x21, 0xf5, 0x21, 0xf5, 0x21,
  0xf5, 0x21, 0xf5, 0x21, 0xf5, 0x21, 0xf5, 0x21, 0xf5, 0x21, 0xf5, 0x21, 0xf5, 0x21, 0xf5, 0x21, 0xf5, 0x21, 0xf5, 0x21, 0xf5, 0x21, 0xf5, 0x21, 0x56, 0x32, 0xf5, 0x21, 0xf5, 0x21, 0xf5, 0x21,
  0xf5, 0x21, 0xf5, 0x21, 0xf5, 0x21, 0xf5, 0x21, 0xf5, 0x21, 0xf5, 0x21, 0xf5, 0x21, 0xf5, 0x21, 0xf5, 0x21, 0xf5, 0x21, 0xf5, 0x21, 0xf5, 0x21, 0xf5, 0x21, 0xf5, 0x21, 0xf5, 0x21, 0xf5, 0x21,
  0xf5, 0x21, 0xf5, 0x21, 0xf5, 0x21, 0xf5, 0x21, 0xf5, 0x21, 0xf5, 0x21, 0xf5, 0x21, 0xf5, 0x21, 0xf5, 0x21, 0xf5, 0x21, 0xf5, 0x21, 0xf5, 0x21, 0xf5, 0x21, 0xf5, 0x21, 0x56, 0x32, 0xf5, 0x21,
  0xf5, 0x21, 0xf5, 0x21, 0xf5, 0x21, 0xf5, 0x21, 0xf5, 0x21, 0xf5, 0x21, 0xf5, 0x21, 0xf5, 0x21, 0xf5, 0x21, 0xf5, 0x21, 0xf5, 0x21, 0xf5, 0x21, 0xf5, 0x21, 0xf5, 0x21, 0xf5, 0x21, 0xf5, 0x21,
  0xf5, 0x21, 0xf5, 0x21, 0xf5, 0x21, 0xf5, 0x21, 0xf5, 0x21, 0xf5, 0x21, 0xf5, 0x21, 0xf5, 0x21, 0xf5, 0x21, 0xf5, 0x21, 0xf5, 0x21, 0xf5, 0x21, 0xf5, 0x21, 0xf5, 0x21, 0xf5, 0x21, 0xf5, 0x21,
  0x56, 0x32, 0xf5, 0x21, 0xf5, 0x21, 0xf5, 0x21, 0xf5, 0x21, 0xf5, 0x21, 0xf5, 0x21, 0xf5, 0x21, 0xf5, 0x21, 0xf5, 0x21, 0xf5, 0x21, 0xf5, 0x21, 0xf5, 0x21, 0xf5, 0x21, 0xf5, 0x21, 0xf5, 0x21,
  0xf5, 0x21, 0xf5, 0x21, 0xf5, 0x21, 0xf5, 0x21, 0xf5, 0x21, 0xf5, 0x21, 0xf5, 0x21, 0xf5, 0x21, 0xf5, 0x21, 0xf5, 0x21, 0xf5, 0x21, 0xf5, 0x21, 0xf5, 0x21, 0xf5, 0x21, 0xf5, 0x21, 0xf5, 0x21,
  0xf5, 0x21, 0xf5, 0x21, 0x56, 0x32, 0xf5, 0x21, 0xf5, 0x21, 0xf5, 0x21, 0xf5, 0x21, 0xf5, 0x21, 0xf5, 0x21, 0xf5, 0x21, 0xf5, 0x21, 0xf5, 0x21, 0xf5, 0x21, 0xf5, 0x21, 0xf5, 0x21, 0xf5, 0x21,
  0xf5, 0x21, 0xf5, 0x21, 0xf5, 0x21, 0xf5, 0x21, 0xf5, 0x21, 0xf5, 0x21, 0xf5, 0x21, 0xf5, 0x21, 0xf5, 0x21, 0xf5, 0x21, 0xf5, 0x21, 0xf5, 0x21, 0xf5, 0x21, 0xf5, 0x21, 0xf5, 0x21, 0xf5, 0x21,
  0xf5, 0x21, 0xf5, 0x21, 0xf5, 0x21, 0xf5, 0x21, 0x56, 0x32, 0xf5, 0x21, 0xf5, 0x21, 0xf5, 0x21, 0xf5, 0x21, 0xf5, 0x21, 0xf5, 0x21, 0xf5, 0x21, 0xf5, 0x21, 0xf5, 0x21, 0xf5, 0x21, 0xf5, 0x21,
  0xf5, 0x21, 0xf5, 0x21, 0xf5, 0x21, 0xf5, 0x21, 0xf5, 0x21, 0xf5, 0x21, 0xf5, 0x21, 0xf5, 0x21, 0xf5, 0x21, 0xf5, 0x21, 0xf5, 0x21, 0xf5, 0x21, 0xf5, 0x21, 0xf5, 0x21, 0xf5, 0x21, 0xf5, 0x21,
  0xf5, 0x21, 0xf5, 0x21, 0xf5, 0x21, 0xf5, 0x21, 0xf5, 0x21, 0xf5, 0x21, 0x56, 0x32, 0xf5, 0x21, 0xf5, 0x21, 0xf5, 0x21, 0xf5, 0x21, 0xf5, 0x21, 0xf5, 0x21, 0xf5, 0x21, 0xf5, 0x21, 0xf5, 0x21,
  0xf5, 0x21, 0xf5, 0x21, 0xf5, 0x21, 0xf5, 0x21, 0xf5, 0x21, 0xf5, 0x21, 0xf5, 0x21, 0xf5, 0x21, 0xf5, 0x21, 0xf5, 0x21, 0xf5, 0x21, 0xf5, 0x21, 0xf5, 0x21, 0xf5, 0x21, 0xf5, 0x21, 0xf5, 0x21,
  0xf5, 0x21, 0xf5, 0x21, 0xf5, 0x21, 0xf5, 0x21, 0xf5, 0x21, 0xf5, 0x21, 0xf5, 0x21, 0xf5, 0x21, 0x56, 0x32, 0xf5, 0x21, 0xf5, 0x21, 0xf5, 0x21, 0xf5, 0x21, 0xf5, 0x21, 0xf5, 0x21, 0xf5, 0x21,
  0xf5, 0x21, 0xf5, 0x21, 0xf5, 0x21, 0xf5, 0x21, 0xf5, 0x21, 0xf5, 0x21, 0xf5, 0x21, 0xf5, 0x21, 0xf5, 0x21, 0xf5, 0x21, 0xf5, 0x21, 0xf5, 0x21, 0xf5, 0x21, 0xf5, 0x21, 0xf5, 0x21, 0xf5, 0x21,
  0xf5, 0x21, 0xf5, 0x21, 0xf5, 0x21, 0xf5, 0x21, 0xf5, 0x21, 0xf5, 0x21, 0xf5, 0x21, 0xf5, 0x21, 0xf5, 0x21, 0xf5, 0x21, 0x56, 0x32, 0xf5, 0x21, 0xf5, 0x21, 0xf5, 0x21, 0xf5, 0x21, 0xf5, 0x21,
  0xf5, 0x21, 0xf5, 0x21, 0xf5, 0x21, 0xf5, 0x21, 0xf5, 0x21, 0xf5, 0x21, 0xf5, 0x21, 0xf5, 0x21, 0xf5, 0x21, 0xf5, 0x21, 0xf5, 0x21, 0xf5, 0x21, 0xf5, 0x21, 0xf5, 0x21, 0xf5, 0x21, 0xf5, 0x21,
  0xf5, 0x21, 0xf5, 0x21, 0xf5, 0x21, 0xf5, 0x21, 0xf5, 0x21, 0xf5, 0x21, 0xf5, 0x21, 0xf5, 0x21, 0xf5, 0x21, 0xf5, 0x21, 0xf5, 0x21, 0xf5, 0x21, 0x56, 0x32, 0xf5, 0x21, 0xf5, 0x21, 0xf5, 0x21,
  0xf5, 0x21, 0xf5, 0x21, 0xf5, 0x21, 0xf5, 0x21, 0xf5, 0x21, 0xf5, 0x21, 0xf5, 0x21, 0xf5, 0x21, 0xf5, 0x21, 0xf5, 0x21, 0xf5, 0x21, 0xf5, 0x21, 0xf5, 0x21, 0xf5, 0x21, 0xf5, 0x21, 0xf5, 0x21,
  0xf5, 0x21, 0xf5, 0x21, 0xf5, 0x21, 0xf5, 0x21, 0xf5, 0x21, 0xf5, 0x21, 0xf5, 0x21, 0xf5, 0x21, 0xf5, 0x21, 0xf5, 0x21, 0xf5, 0x21, 0xf5, 0x21, 0xf5, 0x21, 0xf5, 0x21, 0xf5, 0x21, 0xf5, 0x21,
  0xf5, 0x21, 0xf5, 0x21, 0xf5, 0x21, 0xf5, 0x21, 0xf5, 0x21, 0xf5, 0x21, 0xf5, 0x21, 0xf5, 0x21, 0xf5, 0x21, 0xf5, 0x21, 0xf5, 0x21, 0xf5, 0x21, 0x56, 0x32, 0xf5, 0x21, 0xf5, 0x21, 0xf5, 0x21,
  0xf5, 0x21, 0xf5, 0x21, 0xf5, 0x21, 0xf5, 0x21, 0xf5, 0x21, 0xf5, 0x21, 0xf5, 0x21, 0xf5, 0x21, 0xf5, 0x21, 0xf5, 0x21, 0xf5, 0x21, 0xf5, 0x21, 0xf5, 0x21, 0xf5, 0x21, 0xf5, 0x21, 0xf5, 0x21,
  0xf5, 0x21, 0xf5, 0x21, 0xf5, 0x21, 0xf5, 0x21, 0xf5, 0x21, 0xf5, 0x21, 0xf5, 0x21, 0xf5, 0x21, 0xf5, 0x21, 0xf5, 0x21, 0xf5, 0x21, 0xf5, 0x21, 0xf5, 0x21, 0xf5, 0x21, 0x56, 0x32, 0xf5, 0x21,
  0xf5, 0x21, 0xf5, 0x21, 0xf5, 0x21, 0xf5, 0x21, 0xf5, 0x21, 0xf5, 0x21, 0xf5, 0x21, 0xf5, 0x21, 0xf5, 0x21, 0xf5, 0x21, 0xf5, 0x21, 0xf5, 0x21, 0xf5, 0x21, 0xf5, 0x21, 0xf5, 0x21, 0xf5, 0x21,
  0xf5, 0x21, 0xf5, 0x21, 0xf5, 0x21, 0xf5, 0x21, 0xf5, 0x21, 0xf5, 0x21, 0xf5, 0x21, 0xf5, 0x21, 0xf5, 0x21, 0xf5, 0x21, 0xf5, 0x21, 0xf5, 0x21, 0xf5, 0x21, 0xf5, 0x21, 0xf5, 0x21, 0xf5, 0x21,
  0x56, 0x32, 0xf5, 0x21, 0xf5, 0x21, 0xf5, 0x21, 0xf5, 0x21, 0xf5, 0x21, 0xf5, 0x21, 0xf5, 0x21, 0xf5, 0x21, 0xf5, 0x21, 0xf5, 0x21, 0xf5, 0x21, 0xf5, 0x21, 0xf5, 0x21, 0xf5, 0x21, 0xf5, 0x21,
  0xf5, 0x21, 0xf5, 0x21, 0xf5, 0x21, 0xf5, 0x21, 0xf5, 0x21, 0xf5, 0x21, 0xf5, 0x21, 0xf5, 0x21, 0xf5, 0x21, 0xf5, 0x21, 0xf5, 0x21, 0xf5, 0x21, 0xf5, 0x21, 0xf5, 0x21, 0xf5, 0x21, 0xf5, 0x21,
  0xf5, 0x21, 0xf5, 0x21, 0x56, 0x32, 0xf5, 0x21, 0xf5, 0x21, 0xf5, 0x21, 0xf5, 0x21, 0xf5, 0x21, 0xf5, 0x21, 0xf5, 0x21, 0xf5, 0x21, 0xf5, 0x21, 0xf5, 0x21, 0xf5, 0x21, 0xf5, 0x21, 0xf5, 0x21,
  0xf5, 0x21, 0xf5, 0x21, 0xf5, 0x21, 0xf5, 0x21, 0xf5, 0x21, 0xf5, 0x21, 0xf5, 0x21, 0xf5, 0x21, 0xf5, 0x21, 0xf5, 0x21, 0xf5, 0x21, 0xf5, 0x21, 0xf5, 0x21, 0xf5, 0x21, 0xf5, 0x21, 0xf5, 0x21,
  0xf5, 0x21, 0xf5, 0x21, 0xf5, 0x21, 0xf5, 0x21, 0x56, 0x32, 0xf5, 0x21, 0xf5, 0x21, 0xf5, 0x21, 0xf5, 0x21, 0xf5, 0x21, 0xf5, 0x21, 0xf5, 0x21, 0xf5, 0x21, 0xf5, 0x21, 0xf5, 0x21, 0xf5, 0x21,
  0xf5, 0x21, 0xf5, 0x21, 0xf5, 0x21, 0xf5, 0x21, 0xf5, 0x21, 0xf5, 0x21, 0xf5, 0x21, 0xf5, 0x21, 0xf5, 0x21, 0xf5, 0x21, 0xf5, 0x21, 0xf5, 0x21, 0xf5, 0x21, 0xf5, 0x21, 0xf5, 0x21, 0xf5, 0x21,
  0xf5, 0x21, 0xf5, 0x21, 0xf5, 0x21, 0xf5, 0x21, 0xf5, 0x21, 0xf5, 0x21, 0x56, 0x32, 0xf5, 0x21, 0xf5, 0x21, 0xf5, 0x21, 0xf5, 0x21, 0xf5, 0x21, 0xf5, 0x21, 0xf5, 0x21, 0xf5, 0x21, 0xf5, 0x21,
  0xf5, 0x21, 0xf5, 0x21, 0xf5, 0x21, 0xf5, 0x21, 0xf5, 0x21, 0xf5, 0x21, 0xf5, 0x21, 0xf5, 0x21, 0xf5, 0x21, 0xf5, 0x21, 0xf5, 0x21, 0xf5, 0x21, 0xf5, 0x21, 0xf5, 0x21, 0xf5, 0x21, 0xf5, 0x21,
  0xf5, 0x21, 0xf5, 0x21, 0xf5, 0x21, 0xf5, 0x21, 0xf5, 0x21, 0xf5, 0x21, 0xf5, 0x21, 0xf5, 0x21, 0x56, 0x32, 0xf5, 0x21, 0xf5, 0x21, 0xf5, 0x21, 0xf5, 0x21, 0xf5, 0x21, 0xf5, 0x21, 0xf5, 0x21,
  0xf5, 0x21, 0xf5, 0x21, 0xf5, 0x21, 0xf5, 0x21, 0xf5, 0x21, 0xf5, 0x21, 0xf5, 0x21, 0xf5, 0x21, 0xf5, 0x21, 0xf5, 0x21, 0xf5, 0x21, 0xf5, 0x21, 0xf5, 0x21, 0xf5, 0x21, 0xf5, 0x21, 0xf5, 0x21,
  0xf5, 0x21, 0xf5, 0x21, 0xf5, 0x21, 0xf5, 0x21, 0xf5, 0x21, 0xf5, 0x21, 0xf5, 0x21, 0xf5, 0x21, 0xf5, 0x21, 0xf5, 0x21, 0x56, 0x32, 0xf5, 0x21, 0xf5, 0x21, 0xf5, 0x21, 0xf5, 0x21, 0xf5, 0x21,
  0xf5, 0x21, 0xf5, 0x21, 0xf5, 0x21, 0xf5, 0x21, 0xf5, 0x21, 0xf5, 0x21, 0xf5, 0x21, 0xf5, 0x21, 0xf5, 0x21, 0xf5, 0x21, 0xf5, 0x21, 0xf5, 0x21, 0xf5, 0x21, 0xf5, 0x21, 0xf5, 0x21, 0xf5, 0x21,
  0xf5, 0x21, 0xf5, 0x21, 0xf5, 0x21, 0xf5, 0x21, 0xf5, 0x21, 0xf5, 0x21, 0xf5, 0x21, 0xf5, 0x21, 0xf5, 0x21, 0xf5, 0x21, 0xf5, 0x21, 0xf5, 0x21, 0x56, 0x32, 0xf5, 0x21, 0xf5, 0x21, 0xf5, 0x21,
  0xf5, 0x21, 0xf5, 0x21, 0xf5, 0x21, 0xf5, 0x21, 0xf5, 0x21, 0xf5, 0x21, 0xf5, 0x21, 0xf5, 0x21, 0xf5, 0x21, 0xf5, 0x21, 0xf5, 0x21, 0xf5, 0x21, 0xf5, 0x21, 0xf5, 0x21, 0xf5, 0x21, 0xf5, 0x21,
  0xf5, 0x21, 0xf5, 0x21, 0xf5, 0x21, 0xf5, 0x21, 0xf5, 0x21, 0xf5, 0x21, 0xf5, 0x21, 0xf5, 0x21, 0xf5, 0x21, 0xf5, 0x21, 0xf5, 0x21, 0xf5, 0x21, 0xf5, 0x21, 0xf5, 0x21, 0xf5, 0x21, 0xf5, 0x21,
  0xf5, 0x21, 0xf5, 0x21, 0xf5, 0x21, 0xf5, 0x21, 0xf5, 0x21, 0xf5, 0x21, 0xf5, 0x21, 0xf5, 0x21, 0xf5, 0x21, 0xf5, 0x21, 0xf5, 0x21, 0x56, 0x32, 0xf5, 0x21, 0xf5, 0x21, 0xf5, 0x21, 0xf5, 0x21,
  0xf5, 0x21, 0xf5, 0x21, 0xf5, 0x21, 0xf5, 0x21, 0xf5, 0x21, 0xf5, 0x21, 0xf5, 0x21, 0xf5, 0x21, 0xf5, 0x21, 0xf5, 0x21, 0xf5, 0x21, 0xf5, 0x21, 0xf5, 0x21, 0xf5, 0x21, 0xf5, 0x21, 0xf5, 0x21,
  0xf5, 0x21, 0xf5, 0x21, 0xf5, 0x21, 0xf5, 0x21, 0xf5, 0x21, 0xf5, 0x21, 0xf5, 0x21, 0xf5, 0x21, 0xf5, 0x21, 0xf5, 0x21, 0xf5, 0x21, 0xf5, 0x21, 0xf5, 0x21, 0x56, 0x32, 0xf5, 0x21, 0xf5, 0x21,
  0xf5, 0x21, 0xf5, 0x21, 0xf5, 0x21, 0xf5, 0x21, 0xf5, 0x21, 0xf5, 0x21, 0xf5, 0x21, 0xf5, 0x21, 0xf5, 0x21, 0xf5, 0x21, 0xf5, 0x21, 0xf5, 0x21, 0xf5, 0x21, 0xf5, 0x21, 0xf5, 0x21, 0xf5, 0x21,
  0xf5, 0x21, 0xf5, 0x21, 0xf5, 0x21, 0xf5, 0x21, 0xf5, 0x21, 0xf5, 0x21, 0xf5, 0x21, 0xf5, 0x21, 0xf5, 0x21, 0xf5, 0x21, 0xf5, 0x21, 0xf5, 0x21, 0xf5, 0x21, 0xf5, 0x21, 0xf5, 0x21, 0x56, 0x32,
  0xf5, 0x21, 0xf5, 0x21, 0xf5, 0x21, 0xf5, 0x21, 0xf5, 0x21, 0xf5, 0x21, 0xf5, 0x21, 0xf5, 0x21, 0xf5, 0x21, 0xf5, 0x21, 0xf5, 0x21, 0xf5, 0x21, 0xf5, 0x21, 0xf5, 0x21, 0xf5, 0x21, 0xf5, 0x21,
  0xf5, 0x21, 0xf5, 0x21, 0xf5, 0x21, 0xf5, 0x21, 0xf5, 0x21, 0xf5, 0x21, 0xf5, 0x21, 0xf5, 0x21, 0xf5, 0x21, 0xf5, 0x21, 0xf5, 0x21, 0xf5, 0x21, 0xf5, 0x21, 0xf5, 0x21, 0xf5, 0x21, 0xf5, 0x21,
  0xf5, 0x21, 0x56, 0x32, 0xf5, 0x21, 0xf5, 0x21, 0xf5, 0x21, 0xf5, 0x21, 0xf5, 0x21, 0xf5, 0x21, 0xf5, 0x21, 0xf5, 0x21, 0xf5, 0x21, 0xf5, 0x21, 0xf5, 0x21, 0xf5, 0x21, 0xf5, 0x21, 0xf5, 0x21,
  0xf5, 0x21, 0xf5, 0x21, 0xf5, 0x21, 0xf5, 0x21, 0xf5, 0x21, 0xf5, 0x21, 0xf5, 0x21, 0xf5, 0x21, 0xf5, 0x21, 0xf5, 0x21, 0xf5, 0x21, 0xf5, 0x21, 0xf5, 0x21, 0xf5, 0x21, 0xf5, 0x21, 0xf5, 0x21,
  0xf5, 0x21, 0xf5, 0x21, 0xf5, 0x21, 0x56, 0x32, 0xf5, 0x21, 0xf5, 0x21, 0xf5, 0x21, 0xf5, 0x21, 0xf5, 0x21, 0xf5, 0x21, 0xf5, 0x21, 0xf5, 0x21, 0xf5, 0x21, 0xf5, 0x21, 0xf5, 0x21, 0xf5, 0x21,
  0xf5, 0x21, 0xf5, 0x21, 0xf5, 0x21, 0xf5, 0x21, 0xf5, 0x21, 0xf5, 0x21, 0xf5, 0x21, 0xf5, 0x21, 0xf5, 0x21, 0xf5, 0x21, 0xf5, 0x21, 0xf5, 0x21, 0xf5, 0x21, 0xf5, 0x21, 0xf5, 0x21, 0xf5, 0x21,
  0xf5, 0x21, 0xf5, 0x21, 0xf5, 0x21, 0xf5, 0x21, 0xf5, 0x21, 0x56, 0x32, 0xf5, 0x21, 0xf5, 0x21, 0xf5, 0x21, 0xf5, 0x21, 0xf5, 0x21, 0xf5, 0x21, 0xf5, 0x21, 0xf5, 0x21, 0xf5, 0x21, 0xf5, 0x21,
  0xf5, 0x21, 0xf5, 0x21, 0xf5, 0x21, 0xf5, 0x21, 0xf5, 0x21, 0xf5, 0x21, 0xf5, 0x21, 0xf5, 0x21, 0xf5, 0x21, 0xf5, 0x21, 0xf5, 0x21, 0xf5, 0x21, 0xf5, 0x21, 0xf5, 0x21, 0xf5, 0x21, 0xf5, 0x21,
  0xf5, 0x21, 0xf5, 0x21, 0xf5, 0x21, 0xf5, 0x21, 0xf5, 0x21, 0xf5, 0x21, 0xf5, 0x21, 0x56, 0x32, 0xf5, 0x21, 0xf5, 0x21, 0xf5, 0x21, 0xf5, 0x21, 0xf5, 0x21, 0xf5, 0x21, 0xf5, 0x21, 0xf5, 0x21,
  0xf5, 0x21, 0xf5, 0x21, 0xf5, 0x21, 0xf5, 0x21, 0xf5, 0x21, 0xf5, 0x21, 0xf5, 0x21, 0xf5, 0x21, 0xf5, 0x21, 0xf5, 0x21, 0xf5, 0x21, 0xf5, 0x21, 0xf5, 0x21, 0xf5, 0x21, 0xf5, 0x21, 0xf5, 0x21,
  0xf5, 0x21, 0xf5, 0x21, 0xf5, 0x21, 0xf5, 0x21, 0xf5, 0x21, 0xf5, 0x21, 0xf5, 0x21, 0xf5, 0x21, 0xf5, 0x21, 0x56, 0x32, 0xf5, 0x21, 0xf5, 0x21, 0xf5, 0x21, 0xf5, 0x21, 0xf5, 0x21, 0xf5, 0x21,
  0xf5, 0x21, 0xf5, 0x21, 0xf5, 0x21, 0xf5, 0x21, 0xf5, 0x21, 0xf5, 0x21, 0xf5, 0x21, 0xf5, 0x21, 0xf5, 0x21, 0xf5, 0x21, 0xf5, 0x21, 0xf5, 0x21, 0xf5, 0x21, 0xf5, 0x21, 0xf5, 0x21, 0xf5, 0x21,
  0xf5, 0x21, 0xf5, 0x21, 0xf5, 0x21, 0xf5, 0x21, 0xf5, 0x21, 0xf5, 0x21, 0xf5, 0x21, 0xf5, 0x21, 0xf5, 0x21, 0xf5, 0x21, 0xf5, 0x21, 0x56, 0x32, 0xf5, 0x21, 0xf5, 0x21, 0xf5, 0x21, 0xf5, 0x21,
  0xf5, 0x21, 0xf5, 0x21, 0xf5, 0x21, 0xf5, 0x21, 0xf5, 0x21, 0xf5, 0x21, 0xf5, 0x21, 0xf5, 0x21, 0xf5, 0x21, 0xf5, 0x21, 0xf5, 0x21, 0xf5, 0x21, 0xf5, 0x21, 0xf5, 0x21, 0xf5, 0x21, 0xf5, 0x21,
  0xd5, 0x21, 0xd5, 0x21, 0xd5, 0x21, 0xd5, 0x21, 0xd5, 0x21, 0xd5, 0x21, 0xd5, 0x21, 0xd5, 0x21, 0xd5, 0x21, 0xd5, 0x21, 0xd5, 0x21, 0xd5, 0x21, 0xd5, 0x21, 0xd5, 0x21, 0xd5, 0x21, 0xd5, 0x21,
  0xd5, 0x21, 0xd5, 0x21, 0xd5, 0x21, 0xd5, 0x21, 0xd5, 0x21, 0xd5, 0x21, 0xd5, 0x21, 0xd5, 0x21, 0xd5, 0x21, 0xd5, 0x21, 0x36, 0x32, 0xd5, 0x21, 0xd5, 0x21, 0xd5, 0x21, 0xd5, 0x21, 0xd5, 0x21,
  0xd5, 0x21, 0xd5, 0x21, 0xd5, 0x21, 0xd5, 0x21, 0xd5, 0x21, 0xd5, 0x21, 0xd5, 0x21, 0xd5, 0x21, 0xd5, 0x21, 0xd5, 0x21, 0xd5, 0x21, 0xd5, 0x21, 0xd5, 0x21, 0xd5, 0x21, 0xd5, 0x21, 0xd5, 0x21,
  0xd5, 0x21, 0xd5, 0x21, 0xd5, 0x21, 0xd5, 0x21, 0xd5, 0x21, 0xd5, 0x21, 0xd5, 0x21, 0xd5, 0x21, 0xd5, 0x21, 0xd5, 0x21, 0xd5, 0x21, 0xd5, 0x21, 0x36, 0x32, 0xd5, 0x21, 0xd5, 0x21, 0xd5, 0x21,
  0xd5, 0x21, 0xd5, 0x21, 0xd5, 0x21, 0xd5, 0x21, 0xd5, 0x21, 0xd5, 0x21, 0xd5, 0x21, 0xd5, 0x21, 0xd5, 0x21, 0xd5, 0x21, 0xd5, 0x21, 0xd5, 0x21, 0xd5, 0x21, 0xd5, 0x21, 0xd5, 0x21, 0xd5, 0x21,
  0xd5, 0x21, 0xd5, 0x21, 0xd5, 0x21, 0xd5, 0x21, 0xd5, 0x21, 0xd5, 0x21, 0xd5, 0x21, 0xd5, 0x21, 0xd5, 0x21, 0xd5, 0x21, 0xd5, 0x21, 0xd5, 0x21, 0xd5, 0x21, 0xd5, 0x21, 0x36, 0x32, 0xd5, 0x21,
  0xd5, 0x21, 0xd5, 0x21, 0xd5, 0x21, 0xd5, 0x21, 0xd5, 0x21, 0xd5, 0x21, 0xd5, 0x21, 0xd5, 0x21, 0xd5, 0x21, 0xd5, 0x21, 0xd5, 0x21, 0xd5, 0x21, 0xd5, 0x21, 0xd5, 0x21, 0xd5, 0x21, 0xd5, 0x21,
  0xd5, 0x21, 0xd5, 0x21, 0xd5, 0x21, 0xd5, 0x21, 0xd5, 0x21, 0xd5, 0x21, 0xd5, 0x21, 0xd5, 0x21, 0xd5, 0x21, 0xd5, 0x21, 0xd5, 0x21, 0xd5, 0x21, 0xd5, 0x21, 0xd5, 0x21, 0xd5, 0x21, 0xd5, 0x21,
  0x36, 0x32, 0xd5, 0x21, 0xd5, 0x21, 0xd5, 0x21, 0xd5, 0x21, 0xd5, 0x21, 0xd5, 0x21, 0xd5, 0x21, 0xd5, 0x21, 0xd5, 0x21, 0xd5, 0x21, 0xd5, 0x21, 0xd5, 0x21, 0xd5, 0x21, 0xd5, 0x21, 0xd5, 0x21,
  0xd5, 0x21, 0xd5, 0x21, 0xd5, 0x21, 0xd5, 0x21, 0xd5, 0x21, 0xd5, 0x21, 0xd5, 0x21, 0xd5, 0x21, 0xd5, 0x21, 0xd5, 0x21, 0xd5, 0x21, 0xd5, 0x21, 0xd5, 0x21, 0xd5, 0x21, 0xd5, 0x21, 0xd5, 0x21,
  0xd5, 0x21, 0xd5, 0x21, 0x36, 0x32, 0xd5, 0x21, 0xd5, 0x21, 0xd5, 0x21, 0xd5, 0x21, 0xd5, 0x21, 0xd5, 0x21, 0xd5, 0x21, 0xd5, 0x21, 0xd5, 0x21, 0xd5, 0x21, 0xd5, 0x21, 0xd5, 0x21, 0xd5, 0x21,
  0xd5, 0x21, 0xd5, 0x21, 0xd5, 0x21, 0xd5, 0x21, 0xd5, 0x21, 0xd5, 0x21, 0xd5, 0x21, 0xd5, 0x21, 0xd5, 0x21, 0xd5, 0x21, 0xd5, 0x21, 0xd5, 0x21, 0xd5, 0x21, 0xd5, 0x21, 0xd5, 0x21, 0xd5, 0x21,
  0xd5, 0x21, 0xd5, 0x21, 0xd5, 0x21, 0xd5, 0x21, 0x36, 0x32, 0xd5, 0x21, 0xd5, 0x21, 0xd5, 0x21, 0xd5, 0x21, 0xd5, 0x21, 0xd5, 0x21, 0xd5, 0x21, 0xd5, 0x21, 0xd5, 0x21, 0xd5, 0x21, 0xd5, 0x21,
  0xd5, 0x21, 0xd5, 0x21, 0xd5, 0x21, 0xd5, 0x21, 0xd5, 0x21, 0xd5, 0x21, 0xd5, 0x21, 0xd5, 0x21, 0xd5, 0x21, 0xd5, 0x21, 0xd5, 0x21, 0xd5, 0x21, 0xd5, 0x21, 0xd5, 0x21, 0xd5, 0x21, 0xd5, 0x21,
  0xd5, 0x21, 0xd5, 0x21, 0xd5, 0x21, 0xd5, 0x21, 0xd5, 0x21, 0xd5, 0x21, 0x36, 0x32, 0xd5, 0x21, 0xd5, 0x21, 0xd5, 0x21, 0xd5, 0x21, 0xd5, 0x21, 0xd5, 0x21, 0xd5, 0x21, 0xd5, 0x21, 0xd5, 0x21,
  0xd5, 0x21, 0xd5, 0x21, 0xd5, 0x21, 0xd5, 0x21, 0xd5, 0x21, 0xd5, 0x21, 0xd5, 0x21, 0xd5, 0x21, 0xd5, 0x21, 0xd5, 0x21, 0xd5, 0x21, 0xd5, 0x21, 0xd5, 0x21, 0xd5, 0x21, 0xd5, 0x21, 0xd5, 0x21,
  0xd5, 0x21, 0xd5, 0x21, 0xd5, 0x21, 0xd5, 0x21, 0xd5, 0x21, 0xd5, 0x21, 0xd5, 0x21, 0xd5, 0x21, 0x36, 0x32, 0xd5, 0x21, 0xd5, 0x21, 0xd5, 0x21, 0xd5, 0x21, 0xd5, 0x21, 0xd5, 0x21, 0xd5, 0x21,
  0xd5, 0x21, 0xd5, 0x21, 0xd5, 0x21, 0xd5, 0x21, 0xd5, 0x21, 0xd5, 0x21, 0xd5, 0x21, 0xd5, 0x21, 0xd5, 0x21, 0xd5, 0x21, 0xd5, 0x21, 0xd5, 0x21, 0xd5, 0x21, 0xd5, 0x21, 0xd5, 0x21, 0xd5, 0x21,
  0xd5, 0x21, 0xd5, 0x21, 0xd5, 0x21, 0xd5, 0x21, 0xd5, 0x21, 0xd5, 0x21, 0xd5, 0x21, 0xd5, 0x21, 0xd5, 0x21, 0xd5, 0x21, 0x36, 0x32, 0xd5, 0x21, 0xd5, 0x21, 0xd5, 0x21, 0xd5, 0x21, 0xd5, 0x21,
  0xd5, 0x21, 0xd5, 0x21, 0xd5, 0x21, 0xd5, 0x21, 0xd5, 0x21, 0xd5, 0x21, 0xd5, 0x21, 0xd5, 0x21, 0xd5, 0x21, 0xd5, 0x21, 0xd5, 0x21, 0xd5, 0x21, 0xd5, 0x21, 0xd5, 0x21, 0xd5, 0x21, 0xd5, 0x21,
  0x56, 0x32, 0x56, 0x32, 0x56, 0x32, 0x56, 0x32, 0x56, 0x32, 0x56, 0x32, 0x56, 0x32, 0x56, 0x32, 0x56, 0x32, 0x56, 0x32, 0x56, 0x32, 0x56, 0x32, 0x56, 0x32, 0x56, 0x32, 0x56, 0x32, 0x56, 0x32,
  0x56, 0x32, 0x56, 0x32, 0x56, 0x32, 0x56, 0x32, 0x56, 0x32, 0x56, 0x32, 0x56, 0x32, 0x56, 0x32, 0x56, 0x32, 0xb7, 0x42, 0x56, 0x32, 0x56, 0x32, 0x56, 0x32, 0x56, 0x32, 0x56, 0x32, 0x56, 0x32,
  0x56, 0x32, 0x56, 0x32, 0x56, 0x32, 0x56, 0x32, 0x56, 0x32, 0x56, 0x32, 0x56, 0x32, 0x56, 0x32, 0x56, 0x32, 0x56, 0x32, 0x56, 0x32, 0x56, 0x32, 0x56, 0x32, 0x56, 0x32, 0x56, 0x32, 0x56, 0x32,
  0x56, 0x32, 0x56, 0x32, 0x56, 0x32, 0x56, 0x32, 0x56, 0x32, 0x56, 0x32, 0x56, 0x32, 0x56, 0x32, 0x56, 0x32, 0x56, 0x32, 0x56, 0x32, 0xb7, 0x42, 0x56, 0x32, 0x56, 0x32, 0x56, 0x32, 0x56, 0x32,
  0x56, 0x32, 0x56, 0x32, 0x56, 0x32, 0x56, 0x32, 0x56, 0x32, 0x56, 0x32, 0x56, 0x32, 0x56, 0x32, 0x56, 0x32, 0x56, 0x32, 0x56, 0x32, 0x56, 0x32, 0x56, 0x32, 0x56, 0x32, 0x56, 0x32, 0x56, 0x32,
  0x56, 0x32, 0x56, 0x32, 0x56, 0x32, 0x56, 0x32, 0x56, 0x32, 0x56, 0x32, 0x56, 0x32, 0x56, 0x32, 0x56, 0x32, 0x56, 0x32, 0x56, 0x32, 0x56, 0x32, 0x56, 0x32, 0xb7, 0x42, 0x56, 0x32, 0x56, 0x32,
  0x56, 0x32, 0x56, 0x32, 0x56, 0x32, 0x56, 0x32, 0x56, 0x32, 0x56, 0x32, 0x56, 0x32, 0x56, 0x32, 0x56, 0x32, 0x56, 0x32, 0x56, 0x32, 0x56, 0x32, 0x56, 0x32, 0x56, 0x32, 0x56, 0x32, 0x56, 0x32,
  0x56, 0x32, 0x56, 0x32, 0x56, 0x32, 0x56, 0x32, 0x56, 0x32, 0x56, 0x32, 0x56, 0x32, 0x56, 0x32, 0x56, 0x32, 0x56, 0x32, 0x56, 0x32, 0x56, 0x32, 0x56, 0x32, 0x56, 0x32, 0x56, 0x32, 0xb7, 0x42,
  0x56, 0x32, 0x56, 0x32, 0x56, 0x32, 0x56, 0x32, 0x56, 0x32, 0x56, 0x32, 0x56, 0x32, 0x56, 0x32, 0x56, 0x32, 0x56, 0x32, 0x56, 0x32, 0x56, 0x32, 0x56, 0x32, 0x56, 0x32, 0x56, 0x32, 0x56, 0x32,
  0x56, 0x32, 0x56, 0x32, 0x56, 0x32, 0x56, 0x32, 0x56, 0x32, 0x56, 0x32, 0x56, 0x32, 0x56, 0x32, 0x56, 0x32, 0x56, 0x32, 0x56, 0x32, 0x56, 0x32, 0x56, 0x32, 0x56, 0x32, 0x56, 0x32, 0x56, 0x32,
  0x56, 0x32, 0xb7, 0x42, 0x56, 0x32, 0x56, 0x32, 0x56, 0x32, 0x56, 0x32, 0x56, 0x32, 0x56, 0x32, 0x56, 0x32, 0x56, 0x32, 0x56, 0x32, 0x56, 0x32, 0x56, 0x32, 0x56, 0x32, 0x56, 0x32, 0x56, 0x32,
  0x56, 0x32, 0x56, 0x32, 0x56, 0x32, 0x56, 0x32, 0x56, 0x32, 0x56, 0x32, 0x56, 0x32, 0x56, 0x32, 0x56, 0x32, 0x56, 0x32, 0x56, 0x32, 0x56, 0x32, 0x56, 0x32, 0x56, 0x32, 0x56, 0x32, 0x56, 0x32,
  0x56, 0x32, 0x56, 0x32, 0x56, 0x32, 0xb7, 0x42, 0x56, 0x32, 0x56, 0x32, 0x56, 0x32, 0x56, 0x32, 0x56, 0x32, 0x56, 0x32, 0x56, 0x32, 0x56, 0x32, 0x56, 0x32, 0x56, 0x32, 0x56, 0x32, 0x56, 0x32,
  0x56, 0x32, 0x56, 0x32, 0x56, 0x32, 0x56, 0x32, 0x56, 0x32, 0x56, 0x32, 0x56, 0x32, 0x56, 0x32, 0x56, 0x32, 0x56, 0x32, 0x56, 0x32, 0x56, 0x32, 0x56, 0x32, 0x56, 0x32, 0x56, 0x32, 0x56, 0x32,
  0x56, 0x32, 0x56, 0x32, 0x56, 0x32, 0x56, 0x32, 0x56, 0x32, 0xb7, 0x42, 0x56, 0x32, 0x56, 0x32, 0x56, 0x32, 0x56, 0x32, 0x56, 0x32, 0x56, 0x32, 0x56, 0x32, 0x56, 0x32, 0x56, 0x32, 0x56, 0x32,
  0x56, 0x32, 0x56, 0x32, 0x56, 0x32, 0x56, 0x32, 0x56, 0x32, 0x56, 0x32, 0x56, 0x32, 0x56, 0x32, 0x56, 0x32, 0x56, 0x32, 0x56, 0x32, 0x56, 0x32, 0x56, 0x32, 0x56, 0x32, 0x56, 0x32, 0x56, 0x32,
  0x56, 0x32, 0x56, 0x32, 0x56, 0x32, 0x56, 0x32, 0x56, 0x32, 0x56, 0x32, 0x56, 0x32, 0xb7, 0x42, 0x56, 0x32, 0x56, 0x32, 0x56, 0x32, 0x56, 0x32, 0x56, 0x32, 0x56, 0x32, 0x56, 0x32, 0x56, 0x32,
  0x56, 0x32, 0x56, 0x32, 0x56, 0x32, 0x56, 0x32, 0x56, 0x32, 0x56, 0x32, 0x56, 0x32, 0x56, 0x32, 0x56, 0x32, 0x56, 0x32, 0x56, 0x32, 0x56, 0x32, 0x56, 0x32, 0x56, 0x32, 0x56, 0x32, 0x56, 0x32,
  0x56, 0x32, 0x56, 0x32, 0x56, 0x32, 0x56, 0x32, 0x56, 0x32, 0x56, 0x32, 0x56, 0x32, 0x56, 0x32, 0x56, 0x32, 0xb7, 0x42, 0x56, 0x32, 0x56, 0x32, 0x56, 0x32, 0x56, 0x32, 0x56, 0x32, 0x56, 0x32,
  0x56, 0x32, 0x56, 0x32, 0x56, 0x32, 0x56, 0x32, 0x56, 0x32, 0x56, 0x32, 0x56, 0x32, 0x56, 0x32, 0x56, 0x32, 0x56, 0x32, 0x56, 0x32, 0x56, 0x32, 0x56, 0x32, 0x56, 0x32, 0x56, 0x32, 0x56, 0x32,
  0xd5, 0x21, 0xd5, 0x21, 0xd5, 0x21, 0xd5, 0x21, 0xd5, 0x21, 0xd5, 0x21, 0xd5, 0x21, 0xd5, 0x21, 0xd5, 0x21, 0xd5, 0x21, 0xd5, 0x21, 0xd5, 0x21, 0xd5, 0x21, 0xd5, 0x21, 0xd5, 0x21, 0xd5, 0x21,
  0xd5, 0x21, 0xd5, 0x21, 0xd5, 0x21, 0xd5, 0x21, 0xd5, 0x21, 0xd5, 0x21, 0xd5, 0x21, 0xd5, 0x21, 0x36, 0x32, 0xd5, 0x21, 0xd5, 0x21, 0xd5, 0x21, 0xd5, 0x21, 0xd5, 0x21, 0xd5, 0x21, 0xd5, 0x21,
  0xd5, 0x21, 0xd5, 0x21, 0xd5, 0x21, 0xd5, 0x21, 0xd5, 0x21, 0xd5, 0x21, 0xd5, 0x21, 0xd5, 0x21, 0xd5, 0x21, 0xd5, 0x21, 0xd5, 0x21, 0xd5, 0x21, 0xd5, 0x21, 0xd5, 0x21, 0xd5, 0x21, 0xd5, 0x21,
  0xd5, 0x21, 0xd5, 0x21, 0xd5, 0x21, 0xd5, 0x21, 0xd5, 0x21, 0xd5, 0x21, 0xd5, 0x21, 0xd5, 0x21, 0xd5, 0x21, 0xd5, 0x21, 0x36, 0x32, 0xd5, 0x21, 0xd5, 0x21, 0xd5, 0x21, 0xd5, 0x21, 0xd5, 0x21,
  0xd5, 0x21, 0xd5, 0x21, 0xd5, 0x21, 0xd5, 0x21, 0xd5, 0x21, 0xd5, 0x21, 0xd5, 0x21, 0xd5, 0x21, 0xd5, 0x21, 0xd5, 0x21, 0xd5, 0x21, 0xd5, 0x21, 0xd5, 0x21, 0xd5, 0x21, 0xd5, 0x21, 0xd5, 0x21,
  0xd5, 0x21, 0xd5, 0x21, 0xd5, 0x21, 0xd5, 0x21, 0xd5, 0x21, 0xd5, 0x21, 0xd5, 0x21, 0xd5, 0x21, 0xd5, 0x21, 0xd5, 0x21, 0xd5, 0x21, 0xd5, 0x21, 0x36, 0x32, 0xd5, 0x21, 0xd5, 0x21, 0xd5, 0x21,
  0xd5, 0x21, 0xd5, 0x21, 0xd5, 0x21, 0xd5, 0x21, 0xd5, 0x21, 0xd5, 0x21, 0xd5, 0x21, 0xd5, 0x21, 0xd5, 0x21, 0xd5, 0x21, 0xd5, 0x21, 0xd5, 0x21, 0xd5, 0x21, 0xd5, 0x21, 0xd5, 0x21, 0xd5, 0x21,
  0xd5, 0x21, 0xd5, 0x21, 0xd5, 0x21, 0xd5, 0x21, 0xd5, 0x21, 0xd5, 0x21, 0xd5, 0x21, 0xd5, 0x21, 0xd5, 0x21, 0xd5, 0x21, 0xd5, 0x21, 0xd5, 0x21, 0xd5, 0x21, 0xd5, 0x21, 0x36, 0x32, 0xd5, 0x21,
  0xd5, 0x21, 0xd5, 0x21, 0xd5, 0x21, 0xd5, 0x21, 0xd5, 0x21, 0xd5, 0x21, 0xd5, 0x21, 0xd5, 0x21, 0xd5, 0x21, 0xd5, 0x21, 0xd5, 0x21, 0xd5, 0x21, 0xd5, 0x21, 0xd5, 0x21, 0xd5, 0x21, 0xd5, 0x21,
  0xd5, 0x21, 0xd5, 0x21, 0xd5, 0x21, 0xd5, 0x21, 0xd5, 0x21, 0xd5, 0x21, 0xd5, 0x21, 0xd5, 0x21, 0xd5, 0x21, 0xd5, 0x21, 0xd5, 0x21, 0xd5, 0x21, 0xd5, 0x21, 0xd5, 0x21, 0xd5, 0x21, 0xd5, 0x21,
  0x36, 0x32, 0xd5, 0x21, 0xd5, 0x21, 0xd5, 0x21, 0xd5, 0x21, 0xd5, 0x21, 0xd5, 0x21, 0xd5, 0x21, 0xd5, 0x21, 0xd5, 0x21, 0xd5, 0x21, 0xd5, 0x21, 0xd5, 0x21, 0xd5, 0x21, 0xd5, 0x21, 0xd5, 0x21,
  0xd5, 0x21, 0xd5, 0x21, 0xd5, 0x21, 0xd5, 0x21, 0xd5, 0x21, 0xd5, 0x21, 0xd5, 0x21, 0xd5, 0x21, 0xd5, 0x21, 0xd5, 0x21, 0xd5, 0x21, 0xd5, 0x21, 0xd5, 0x21, 0xd5, 0x21, 0xd5, 0x21, 0xd5, 0x21,
  0xd5, 0x21, 0xd5, 0x21, 0x36, 0x32, 0xd5, 0x21, 0xd5, 0x21, 0xd5, 0x21, 0xd5, 0x21, 0xd5, 0x21, 0xd5, 0x21, 0xd5, 0x21, 0xd5, 0x21, 0xd5, 0x21, 0xd5, 0x21, 0xd5, 0x21, 0xd5, 0x21, 0xd5, 0x21,
  0xd5, 0x21, 0xd5, 0x21, 0xd5, 0x21, 0xd5, 0x21, 0xd5, 0x21, 0xd5, 0x21, 0xd5, 0x21, 0xd5, 0x21, 0xd5, 0x21, 0xd5, 0x21, 0xd5, 0x21, 0xd5, 0x21, 0xd5, 0x21, 0xd5, 0x21, 0xd5, 0x21, 0xd5, 0x21,
  0xd5, 0x21, 0xd5, 0x21, 0xd5, 0x21, 0xd5, 0x21, 0x36, 0x32, 0xd5, 0x21, 0xd5, 0x21, 0xd5, 0x21, 0xd5, 0x21, 0xd5, 0x21, 0xd5, 0x21, 0xd5, 0x21, 0xd5, 0x21, 0xd5, 0x21, 0xd5, 0x21, 0xd5, 0x21,
  0xd5, 0x21, 0xd5, 0x21, 0xd5, 0x21, 0xd5, 0x21, 0xd5, 0x21, 0xd5, 0x21, 0xd5, 0x21, 0xd5, 0x21, 0xd5, 0x21, 0xd5, 0x21, 0xd5, 0x21, 0xd5, 0x21, 0xd5, 0x21, 0xd5, 0x21, 0xd5, 0x21, 0xd5, 0x21,
  0xd5, 0x21, 0xd5, 0x21, 0xd5, 0x21, 0xd5, 0x21, 0xd5, 0x21, 0xd5, 0x21, 0x36, 0x32, 0xd5, 0x21, 0xd5, 0x21, 0xd5, 0x21, 0xd5, 0x21, 0xd5, 0x21, 0xd5, 0x21, 0xd5, 0x21, 0xd5, 0x21, 0xd5, 0x21,
  0xd5, 0x21, 0xd5, 0x21, 0xd5, 0x21, 0xd5, 0x21, 0xd5, 0x21, 0xd5, 0x21, 0xd5, 0x21, 0xd5, 0x21, 0xd5, 0x21, 0xd5, 0x21, 0xd5, 0x21, 0xd5, 0x21, 0xd5, 0x21, 0xd5, 0x21, 0xd5, 0x21, 0xd5, 0x21,
  0xd5, 0x21, 0xd5, 0x21, 0xd5, 0x21, 0xd5, 0x21, 0xd5, 0x21, 0xd5, 0x21, 0xd5, 0x21, 0xd5, 0x21, 0x36, 0x32, 0xd5, 0x21, 0xd5, 0x21, 0xd5, 0x21, 0xd5, 0x21, 0xd5, 0x21, 0xd5, 0x21, 0xd5, 0x21,
  0xd5, 0x21, 0xd5, 0x21, 0xd5, 0x21, 0xd5, 0x21, 0xd5, 0x21, 0xd5, 0x21, 0xd5, 0x21, 0xd5, 0x21, 0xd5, 0x21, 0xd5, 0x21, 0xd5, 0x21, 0xd5, 0x21, 0xd5, 0x21, 0xd5, 0x21, 0xd5, 0x21, 0xd5, 0x21,
  0xd5, 0x21, 0xd5, 0x21, 0xd5, 0x21, 0xd5, 0x21, 0xd5, 0x21, 0xd5, 0x21, 0xd5, 0x21, 0xd5, 0x21, 0xd5, 0x21, 0xd5, 0x21, 0xd5, 0x21, 0xd5, 0x21, 0xd5, 0x21, 0xd5, 0x21, 0xd5, 0x21, 0xd5, 0x21,
  0xd5, 0x21, 0xd5, 0x21, 0xd5, 0x21, 0xd5, 0x21, 0xd5, 0x21, 0xd5, 0x21, 0xd5, 0x21, 0x36, 0x32, 0xd5, 0x21, 0xd5, 0x21, 0xd5, 0x21, 0xd5, 0x21, 0xd5, 0x21, 0xd5, 0x21, 0xd5, 0x21, 0xd5, 0x21,
  0xd5, 0x21, 0xd5, 0x21, 0xd5, 0x21, 0xd5, 0x21, 0xd5, 0x21, 0xd5, 0x21, 0xd5, 0x21, 0xd5, 0x21, 0xd5, 0x21, 0xd5, 0x21, 0xd5, 0x21, 0xd5, 0x21, 0xd5, 0x21, 0xd5, 0x21, 0xd5, 0x21, 0xd5, 0x21,
  0xd5, 0x21, 0xd5, 0x21, 0xd5, 0x21, 0xd5, 0x21, 0xd5, 0x21, 0xd5, 0x21, 0xd5, 0x21, 0xd5, 0x21, 0xd5, 0x21, 0x36, 0x32, 0xd5, 0x21, 0xd5, 0x21, 0xd5, 0x21, 0xd5, 0x21, 0xd5, 0x21, 0xd5, 0x21,
  0xd5, 0x21, 0xd5, 0x21, 0xd5, 0x21, 0xd5, 0x21, 0xd5, 0x21, 0xd5, 0x21, 0xd5, 0x21, 0xd5, 0x21, 0xd5, 0x21, 0xd5, 0x21, 0xd5, 0x21, 0xd5, 0x21, 0xd5, 0x21, 0xd5, 0x21, 0xd5, 0x21, 0xd5, 0x21,
  0xd5, 0x21, 0xd5, 0x21, 0xd5, 0x21, 0xd5, 0x21, 0xd5, 0x21, 0xd5, 0x21, 0xd5, 0x21, 0xd5, 0x21, 0xd5, 0x21, 0xd5, 0x21, 0xd5, 0x21, 0x36, 0x32, 0xd5, 0x21, 0xd5, 0x21, 0xd5, 0x21, 0xd5, 0x21,
  0xd5, 0x21, 0xd5, 0x21, 0xd5, 0x21, 0xd5, 0x21, 0xd5, 0x21, 0xd5, 0x21, 0xd5, 0x21, 0xd5, 0x21, 0xd5, 0x21, 0xd5, 0x21, 0xd5, 0x21, 0xd5, 0x21, 0xd5, 0x21, 0xd5, 0x21, 0xd5, 0x21, 0xd5, 0x21,
  0xd5, 0x21, 0xd5, 0x21, 0xd5, 0x21, 0xd5, 0x21, 0xd5, 0x21, 0xd5, 0x21, 0xd5, 0x21, 0xd5, 0x21, 0xd5, 0x21, 0xd5, 0x21, 0xd5, 0x21, 0xd5, 0x21, 0xd5, 0x21, 0x36, 0x32, 0xd5, 0x21, 0xd5, 0x21,
  0xd5, 0x21, 0xd5, 0x21, 0xd5, 0x21, 0xd5, 0x21, 0xd5, 0x21, 0xd5, 0x21, 0xd5, 0x21, 0xd5, 0x21, 0xd5, 0x21, 0xd5, 0x21, 0xd5, 0x21, 0xd5, 0x21, 0xd5, 0x21, 0xd5, 0x21, 0xd5, 0x21, 0xd5, 0x21,
  0xd5, 0x21, 0xd5, 0x21, 0xd5, 0x21, 0xd5, 0x21, 0xd5, 0x21, 0xd5, 0x21, 0xd5, 0x21, 0xd5, 0x21, 0xd5, 0x21, 0xd5, 0x21, 0xd5, 0x21, 0xd5, 0x21, 0xd5, 0x21, 0xd5, 0x21, 0xd5, 0x21, 0x36, 0x32,
  0xd5, 0x21, 0xd5, 0x21, 0xd5, 0x21, 0xd5, 0x21, 0xd5, 0x21, 0xd5, 0x21, 0xd5, 0x21, 0xd5, 0x21, 0xd5, 0x21, 0xd5, 0x21, 0xd5, 0x21, 0xd5, 0x21, 0xd5, 0x21, 0xd5, 0x21, 0xd5, 0x21, 0xd5, 0x21,
  0xd5, 0x21, 0xd5, 0x21, 0xd5, 0x21, 0xd5, 0x21, 0xd5, 0x21, 0xd5, 0x21, 0xd5, 0x21, 0xd5, 0x21, 0xd5, 0x21, 0xd5, 0x21, 0xd5, 0x21, 0xd5, 0x21, 0xd5, 0x21, 0xd5, 0x21, 0xd5, 0x21, 0xd5, 0x21,
  0xd5, 0x21, 0x36, 0x32, 0xd5, 0x21, 0xd5, 0x21, 0xd5, 0x21, 0xd5, 0x21, 0xd5, 0x21, 0xd5, 0x21, 0xd5, 0x21, 0xd5, 0x21, 0xd5, 0x21, 0xd5, 0x21, 0xd5, 0x21, 0xd5, 0x21, 0xd5, 0x21, 0xd5, 0x21,
  0xd5, 0x21, 0xd5, 0x21, 0xd5, 0x21, 0xd5, 0x21, 0xd5, 0x21, 0xd5, 0x21, 0xd5, 0x21, 0xd5, 0x21, 0xd5, 0x21, 0xd5, 0x21, 0xd5, 0x21, 0xd5, 0x21, 0xd5, 0x21, 0xd5, 0x21, 0xd5, 0x21, 0xd5, 0x21,
  0xd5, 0x21, 0xd5, 0x21, 0xd5, 0x21, 0x36, 0x32, 0xd5, 0x21, 0xd5, 0x21, 0xd5, 0x21, 0xd5, 0x21, 0xd5, 0x21, 0xd5, 0x21, 0xd5, 0x21, 0xd5, 0x21, 0xd5, 0x21, 0xd5, 0x21, 0xd5, 0x21, 0xd5, 0x21,
  0xd5, 0x21, 0xd5, 0x21, 0xd5, 0x21, 0xd5, 0x21, 0xd5, 0x21, 0xd5, 0x21, 0xd5, 0x21, 0xd5, 0x21, 0xd5, 0x21, 0xd5, 0x21, 0xd5, 0x21, 0xd5, 0x21, 0xd5, 0x21, 0xd5, 0x21, 0xd5, 0x21, 0xd5, 0x21,
  0xd5, 0x21, 0xd5, 0x21, 0xd5, 0x21, 0xd5, 0x21, 0xd5, 0x21, 0x36, 0x32, 0xd5, 0x21, 0xd5, 0x21, 0xd5, 0x21, 0xd5, 0x21, 0xd5, 0x21, 0xd5, 0x21, 0xd5, 0x21, 0xd5, 0x21, 0xd5, 0x21, 0xd5, 0x21,
  0xd5, 0x21, 0xd5, 0x21, 0xd5, 0x21, 0xd5, 0x21, 0xd5, 0x21, 0xd5, 0x21, 0xd5, 0x21, 0xd5, 0x21, 0xd5, 0x21, 0xd5, 0x21, 0xd5, 0x21, 0xd5, 0x21, 0xd5, 0x21, 0xd5, 0x21, 0xd5, 0x21, 0xd5, 0x21,
  0xd5, 0x21, 0xd5, 0x21, 0xd5, 0x21, 0xd5, 0x21, 0xd5, 0x21, 0xd5, 0x21, 0xd5, 0x21, 0x36, 0x32, 0xd5, 0x21, 0xd5, 0x21, 0xd5, 0x21, 0xd5, 0x21, 0xd5, 0x21, 0xd5, 0x21, 0xd5, 0x21, 0xd5, 0x21,
  0xd5, 0x21, 0xd5, 0x21, 0xd5, 0x21, 0xd5, 0x21, 0xd5, 0x21, 0xd5, 0x21, 0xd5, 0x21, 0xd5, 0x21, 0xd5, 0x21, 0xd5, 0x21, 0xd5, 0x21, 0xd5, 0x21, 0xd5, 0x21, 0xd5, 0x21, 0xd5, 0x21, 0xd5, 0x21,
  0xd5, 0x21, 0xd5, 0x21, 0xd5, 0x21, 0xd5, 0x21, 0xd5, 0x21, 0xd5, 0x21, 0xd5, 0x21, 0xd5, 0x21, 0xd5, 0x21, 0xd5, 0x21, 0xd5, 0x21, 0xd5, 0x21, 0xd5, 0x21, 0xd5, 0x21, 0xd5, 0x21, 0xd5, 0x21,
  0xd5, 0x21, 0xd5, 0x21, 0xd5, 0x21, 0xd5, 0x21, 0xd5, 0x21, 0xd5, 0x21, 0x36, 0x32, 0xd5, 0x21, 0xd5, 0x21, 0xd5, 0x21, 0xd5, 0x21, 0xd5, 0x21, 0xd5, 0x21, 0xd5, 0x21, 0xd5, 0x21, 0xd5, 0x21,
  0xd5, 0x21, 0xd5, 0x21, 0xd5, 0x21, 0xd5, 0x21, 0xd5, 0x21, 0xd5, 0x21, 0xd5, 0x21, 0xd5, 0x21, 0xd5, 0x21, 0xd5, 0x21, 0xd5, 0x21, 0xd5, 0x21, 0xd5, 0x21, 0xd5, 0x21, 0xd5, 0x21, 0xd5, 0x21,
  0xd5, 0x21, 0xd5, 0x21, 0xd5, 0x21, 0xd5, 0x21, 0xd5, 0x21, 0xd5, 0x21, 0xd5, 0x21, 0xd5, 0x21, 0x36, 0x32, 0xd5, 0x21, 0xd5, 0x21, 0xd5, 0x21, 0xd5, 0x21, 0xd5, 0x21, 0xd5, 0x21, 0xd5, 0x21,
  0xd5, 0x21, 0xd5, 0x21, 0xd5, 0x21, 0xd5, 0x21, 0xd5, 0x21, 0xd5, 0x21, 0xd5, 0x21, 0xd5, 0x21, 0xd5, 0x21, 0xd5, 0x21, 0xd5, 0x21, 0xd5, 0x21, 0xd5, 0x21, 0xd5, 0x21, 0xd5, 0x21, 0xd5, 0x21,
  0xd5, 0x21, 0xd5, 0x21, 0xd5, 0x21, 0xd5, 0x21, 0xd5, 0x21, 0xd5, 0x21, 0xd5, 0x21, 0xd5, 0x21, 0xd5, 0x21, 0xd5, 0x21, 0x36, 0x32, 0xd5, 0x21, 0xd5, 0x21, 0xd5, 0x21, 0xd5, 0x21, 0xd5, 0x21,
  0xd5, 0x21, 0xd5, 0x21, 0xd5, 0x21, 0xd5, 0x21, 0xd5, 0x21, 0xd5, 0x21, 0xd5, 0x21, 0xd5, 0x21, 0xd5, 0x21, 0xd5, 0x21, 0xd5, 0x21, 0xd5, 0x21, 0xd5, 0x21, 0xd5, 0x21, 0xd5, 0x21, 0xd5, 0x21,
  0xd5, 0x21, 0xd5, 0x21, 0xd5, 0x21, 0xd5, 0x21, 0xd5, 0x21, 0xd5, 0x21, 0xd5, 0x21, 0xd5, 0x21, 0xd5, 0x21, 0xd5, 0x21, 0xd5, 0x21, 0xd5, 0x21, 0x36, 0x32, 0xd5, 0x21, 0xd5, 0x21, 0xd5, 0x21,
  0xd5, 0x21, 0xd5, 0x21, 0xd5, 0x21, 0xd5, 0x21, 0xd5, 0x21, 0xd5, 0x21, 0xd5, 0x21, 0xd5, 0x21, 0xd5, 0x21, 0xd5, 0x21, 0xd5, 0x21, 0xd5, 0x21, 0xd5, 0x21, 0xd5, 0x21, 0xd5, 0x21, 0xd5, 0x21,
  0xd5, 0x21, 0xd5, 0x21, 0xd5, 0x21, 0xd5, 0x21, 0xd5, 0x21, 0xd5, 0x21, 0xd5, 0x21, 0xd5, 0x21, 0xd5, 0x21, 0xd5, 0x21, 0xd5, 0x21, 0xd5, 0x21, 0xd5, 0x21, 0xd5, 0x21, 0x36, 0x32, 0xd5, 0x21,
  0xd5, 0x21, 0xd5, 0x21, 0xd5, 0x21, 0xd5, 0x21, 0xd5, 0x21, 0xd5, 0x21, 0xd5, 0x21, 0xd5, 0x21, 0xd5, 0x21, 0xd5, 0x21, 0xd5, 0x21, 0xd5, 0x21, 0xd5, 0x21, 0xd5, 0x21, 0xd5, 0x21, 0xd5, 0x21,
  0xd5, 0x21, 0xd5, 0x21, 0xd5, 0x21, 0xd5, 0x21, 0xd5, 0x21, 0xd5, 0x21, 0xd5, 0x21, 0xd5, 0x21, 0xd5, 0x21, 0xd5, 0x21, 0xd5, 0x21, 0xd5, 0x21, 0xd5, 0x21, 0xd5, 0x21, 0xd5, 0x21, 0xd5, 0x21,
  0x36, 0x32, 0xd5, 0x21, 0xd5, 0x21, 0xd5, 0x21, 0xd5, 0x21, 0xd5, 0x21, 0xd5, 0x21, 0xd5, 0x21, 0xd5, 0x21, 0xd5, 0x21, 0xd5, 0x21, 0xd5, 0x21, 0xd5, 0x21, 0xd5, 0x21, 0xd5, 0x21, 0xd5, 0x21,
  0xd5, 0x21, 0xd5, 0x21, 0xd5, 0x21, 0xd5, 0x21, 0xd5, 0x21, 0xd5, 0x21, 0xd5, 0x21, 0xd5, 0x21, 0xd5, 0x21, 0xd5, 0x21, 0xd5, 0x21, 0xd5, 0x21, 0xd5, 0x21, 0xd5, 0x21, 0xd5, 0x21, 0xd5, 0x21,
  0xd5, 0x21, 0xd5, 0x21, 0x36, 0x32, 0xd5, 0x21, 0xd5, 0x21, 0xd5, 0x21, 0xd5, 0x21, 0xd5, 0x21, 0xd5, 0x21, 0xd5, 0x21, 0xd5, 0x21, 0xd5, 0x21, 0xd5, 0x21, 0xd5, 0x21, 0xd5, 0x21, 0xd5, 0x21,
  0xd5, 0x21, 0xd5, 0x21, 0xd5, 0x21, 0xd5, 0x21, 0xd5, 0x21, 0xd5, 0x21, 0xd5, 0x21, 0xd5, 0x21, 0xd5, 0x21, 0xd5, 0x21, 0xd5, 0x21, 0xd5, 0x21, 0xd5, 0x21, 0xd5, 0x21, 0xd5, 0x21, 0xd5, 0x21,
  0xd5, 0x21, 0xd5, 0x21, 0xd5, 0x21, 0xd5, 0x21, 0x36, 0x32, 0xd5, 0x21, 0xd5, 0x21, 0xd5, 0x21, 0xd5, 0x21, 0xd5, 0x21, 0xd5, 0x21, 0xd5, 0x21, 0xd5, 0x21, 0xd5, 0x21, 0xd5, 0x21, 0xd5, 0x21,
  0xd5, 0x21, 0xd5, 0x21, 0xd5, 0x21, 0xd5, 0x21, 0xd5, 0x21, 0xd5, 0x21, 0xd5, 0x21, 0xd5, 0x21, 0xd5, 0x21, 0xd5, 0x21, 0xd5, 0x21, 0xd5, 0x21, 0xd5, 0x21, 0xd5, 0x21, 0xd5, 0x21, 0xd5, 0x21,
  0xd5, 0x21, 0xd5, 0x21, 0xd5, 0x21, 0xd5, 0x21, 0xd5, 0x21, 0xd5, 0x21, 0x36, 0x32, 0xd5, 0x21, 0xd5, 0x21, 0xd5, 0x21, 0xd5, 0x21, 0xd5, 0x21, 0xd5, 0x21, 0xd5, 0x21, 0xd5, 0x21, 0xd5, 0x21,
  0xd5, 0x21, 0xd5, 0x21, 0xd5, 0x21, 0xd5, 0x21, 0xd5, 0x21, 0xd5, 0x21, 0xd5, 0x21, 0xd5, 0x21, 0xd5, 0x21, 0xd5, 0x21, 0xd5, 0x21, 0xd5, 0x21, 0xd5, 0x21, 0xd5, 0x21, 0xd5, 0x21, 0xd5, 0x21,
  0xd5, 0x21, 0xd5, 0x21, 0xd5, 0x21, 0xd5, 0x21, 0xd5, 0x21, 0xd5, 0x21, 0xd5, 0x21, 0xd5, 0x21, 0xd5, 0x21, 0xd5, 0x21, 0xd5, 0x21, 0xd5, 0x21, 0xd5, 0x21, 0xd5, 0x21, 0xd5, 0x21, 0xd5, 0x21,
  0xd5, 0x21, 0xd5, 0x21, 0xd5, 0x21, 0xd5, 0x21, 0xd5, 0x21, 0x36, 0x32, 0xd5, 0x21, 0xd5, 0x21, 0xd5, 0x21, 0xd5, 0x21, 0xd5, 0x21, 0xd5, 0x21, 0xd5, 0x21, 0xd5, 0x21, 0xd5, 0x21, 0xd5, 0x21,
  0xd5, 0x21, 0xd5, 0x21, 0xd5, 0x21, 0xd5, 0x21, 0xd5, 0x21, 0xd5, 0x21, 0xd5, 0x21, 0xd5, 0x21, 0xd5, 0x21, 0xd5, 0x21, 0xd5, 0x21, 0xd5, 0x21, 0xd5, 0x21, 0xd5, 0x21, 0xd5, 0x21, 0xd5, 0x21,
  0xd5, 0x21, 0xd5, 0x21, 0xd5, 0x21, 0xd5, 0x21, 0xd5, 0x21, 0xd5, 0x21, 0xd5, 0x21, 0x36, 0x32, 0xd5, 0x21, 0xd5, 0x21, 0xd5, 0x21, 0xd5, 0x21, 0xd5, 0x21, 0xd5, 0x21, 0xd5, 0x21, 0xd5, 0x21,
  0xd5, 0x21, 0xd5, 0x21, 0xd5, 0x21, 0xd5, 0x21, 0xd5, 0x21, 0xd5, 0x21, 0xd5, 0x21, 0xd5, 0x21, 0xd5, 0x21, 0xd5, 0x21, 0xd5, 0x21, 0xd5, 0x21, 0xd5, 0x21, 0xd5, 0x21, 0xd5, 0x21, 0xd5, 0x21,
  0xd5, 0x21, 0xd5, 0x21, 0xd5, 0x21, 0xd5, 0x21, 0xd5, 0x21, 0xd5, 0x21, 0xd5, 0x21, 0xd5, 0x21, 0xd5, 0x21, 0x36, 0x32, 0xd5, 0x21, 0xd5, 0x21, 0xd5, 0x21, 0xd5, 0x21, 0xd5, 0x21, 0xd5, 0x21,
  0xd5, 0x21, 0xd5, 0x21, 0xd5, 0x21, 0xd5, 0x21, 0xd5, 0x21, 0xd5, 0x21, 0xd5, 0x21, 0xd5, 0x21, 0xd5, 0x21, 0xd5, 0x21, 0xd5, 0x21, 0xd5, 0x21, 0xd5, 0x21, 0xd5, 0x21, 0xd5, 0x21, 0xd5, 0x21,
  0xd5, 0x21, 0xd5, 0x21, 0xd5, 0x21, 0xd5, 0x21, 0xd5, 0x21, 0xd5, 0x21, 0xd5, 0x21, 0xd5, 0x21, 0xd5, 0x21, 0xd5, 0x21, 0xd5, 0x21, 0x36, 0x32, 0xd5, 0x21, 0xd5, 0x21, 0xd5, 0x21, 0xd5, 0x21,
  0xd5, 0x21, 0xd5, 0x21, 0xd5, 0x21, 0xd5, 0x21, 0xd5, 0x21, 0xd5, 0x21, 0xd5, 0x21, 0xd5, 0x21, 0xd5, 0x21, 0xd5, 0x21, 0xd5, 0x21, 0xd5, 0x21, 0xd5, 0x21, 0xd5, 0x21, 0xd5, 0x21, 0xd5, 0x21,
  0xd5, 0x21, 0xd5, 0x21, 0xd5, 0x21, 0xd5, 0x21, 0xd5, 0x21, 0xd5, 0x21, 0xd5, 0x21, 0xd5, 0x21, 0xd5, 0x21, 0xd5, 0x21, 0xd5, 0x21, 0xd5, 0x21, 0xd5, 0x21, 0x36, 0x32, 0xd5, 0x21, 0xd5, 0x21,
  0xd5, 0x21, 0xd5, 0x21, 0xd5, 0x21, 0xd5, 0x21, 0xd5, 0x21, 0xd5, 0x21, 0xd5, 0x21, 0xd5, 0x21, 0xd5, 0x21, 0xd5, 0x21, 0xd5, 0x21, 0xd5, 0x21, 0xd5, 0x21, 0xd5, 0x21, 0xd5, 0x21, 0xd5, 0x21,
  0xd5, 0x21, 0xd5, 0x21, 0xd5, 0x21, 0xd5, 0x21, 0xd5, 0x21, 0xd5, 0x21, 0xd5, 0x21, 0xd5, 0x21, 0xd5, 0x21, 0xd5, 0x21, 0xd5, 0x21, 0xd5, 0x21, 0xd5, 0x21, 0xd5, 0x21, 0xd5, 0x21, 0x36, 0x32,
  0xd5, 0x21, 0xd5, 0x21, 0xd5, 0x21, 0xd5, 0x21, 0xd5, 0x21, 0xd5, 0x21, 0xd5, 0x21, 0xd5, 0x21, 0xd5, 0x21, 0xd5, 0x21, 0xd5, 0x21, 0xd5, 0x21, 0xd5, 0x21, 0xd5, 0x21, 0xd5, 0x21, 0xd5, 0x21,
  0xd5, 0x21, 0xd5, 0x21, 0xd5, 0x21, 0xd5, 0x21, 0xd5, 0x21, 0xd5, 0x21, 0xd5, 0x21, 0xd5, 0x21, 0xd5, 0x21, 0xd5, 0x21, 0xd5, 0x21, 0xd5, 0x21, 0xd5, 0x21, 0xd5, 0x21, 0xd5, 0x21, 0xd5, 0x21,
  0xd5, 0x21, 0x36, 0x32, 0xd5, 0x21, 0xd5, 0x21, 0xd5, 0x21, 0xd5, 0x21, 0xd5, 0x21, 0xd5, 0x21, 0xd5, 0x21, 0xd5, 0x21, 0xd5, 0x21, 0xd5, 0x21, 0xd5, 0x21, 0xd5, 0x21, 0xd5, 0x21, 0xd5, 0x21,
  0xd5, 0x21, 0xd5, 0x21, 0xd5, 0x21, 0xd5, 0x21, 0xd5, 0x21, 0xd5, 0x21, 0xd5, 0x21, 0xd5, 0x21, 0xd5, 0x21, 0xd5, 0x21, 0xd5, 0x21, 0xd5, 0x21, 0xd5, 0x21, 0xd5, 0x21, 0xd5, 0x21, 0xd5, 0x21,
  0xd5, 0x21, 0xd5, 0x21, 0xd5, 0x21, 0x36, 0x32, 0xd5, 0x21, 0xd5, 0x21, 0xd5, 0x21, 0xd5, 0x21, 0xd5, 0x21, 0xd5, 0x21, 0xd5, 0x21, 0xd5, 0x21, 0xd5, 0x21, 0xd5, 0x21, 0xd5, 0x21, 0xd5, 0x21,
  0xd5, 0x21, 0xd5, 0x21, 0xd5, 0x21, 0xd5, 0x21, 0xd5, 0x21, 0xd5, 0x21, 0xd5, 0x21, 0xd5, 0x21, 0xd5, 0x21, 0xd5, 0x21, 0xd5, 0x21, 0xd5, 0x21, 0xd5, 0x21, 0xd5, 0x21, 0xd5, 0x21, 0xd5, 0x21,
  0xd5, 0x21, 0xd5, 0x21, 0xd5, 0x21, 0xd5, 0x21, 0xd5, 0x21, 0x36, 0x32, 0xd5, 0x21, 0xd5, 0x21, 0xd5, 0x21, 0xd5, 0x21, 0xd5, 0x21, 0xd5, 0x21, 0xd5, 0x21, 0xd5, 0x21, 0xd5, 0x21, 0xd5, 0x21,
  0xd5, 0x21, 0xd5, 0x21, 0xd5, 0x21, 0xd5, 0x21, 0xd5, 0x21, 0xd5, 0x21, 0xd5, 0x21, 0xd5, 0x21, 0xd5, 0x21, 0xd5, 0x21, 0xd5, 0x21, 0xd5, 0x21, 0xd5, 0x21, 0xd5, 0x21, 0xd5, 0x21, 0xd5, 0x21,
};

const lv_image_dsc_t initscreen2 = {
  .header.cf = LV_COLOR_FORMAT_RGB565,
  .header.magic = LV_IMAGE_HEADER_MAGIC,
  .header.w = 320,
  .header.h = 170,
  .data_size = 54400 * 2,
  .data = initscreen2_map,
};
