#ifdef __has_include
    #if __has_include("lvgl.h")
        #ifndef LV_LVGL_H_INCLUDE_SIMPLE
            #define LV_LVGL_H_INCLUDE_SIMPLE
        #endif
    #endif
#endif

#if defined(LV_LVGL_H_INCLUDE_SIMPLE)
    #include "lvgl.h"
#else
    #include "lvgl/lvgl.h"
#endif


#ifndef LV_ATTRIBUTE_MEM_ALIGN
#define LV_ATTRIBUTE_MEM_ALIGN
#endif

#ifndef LV_ATTRIBUTE_IMAGE_MININGSCREEN2
#define LV_ATTRIBUTE_IMAGE_MININGSCREEN2
#endif

const LV_ATTRIBUTE_MEM_ALIGN LV_ATTRIBUTE_LARGE_CONST LV_ATTRIBUTE_IMAGE_MININGSCREEN2 uint8_t miningscreen2_map[] = {
  0xdf, 0x32, 0xdf, 0x32, 0xdf, 0x32, 0xdf, 0x32, 0xbf, 0x32, 0xdf, 0x32, 0xdf, 0x32, 0xdf, 0x32, 0xbf, 0x32, 0xbf, 0x2a, 0x5f, 0x4b, 0xdf, 0x32, 0xbf, 0x32, 0xdf, 0x2a, 0xdf, 0x32, 0xdf, 0x32,
  0xbf, 0x32, 0xbf, 0x32, 0xbf, 0x32, 0xbe, 0x32, 0xbf, 0x32, 0xbf, 0x32, 0xbf, 0x32, 0xbf, 0x32, 0xbe, 0x32, 0xbe, 0x32, 0xbe, 0x32, 0xbe, 0x32, 0xbe, 0x32, 0xbe, 0x32, 0xbe, 0x2a, 0xbe, 0x32,
  0x3e, 0x43, 0xbe, 0x2a, 0xbe, 0x32, 0xbe, 0x32, 0xbe, 0x32, 0xbe, 0x32, 0xbe, 0x32, 0xbe, 0x2a, 0xbe, 0x2a, 0xbe, 0x2a, 0xbe, 0x2a, 0xbe, 0x2a, 0xbe, 0x2a, 0xbe, 0x2a, 0xbe, 0x2a, 0xbe, 0x2a,
  0xbe, 0x2a, 0xbe, 0x2a, 0xbe, 0x2a, 0xbe, 0x32, 0x1e, 0x43, 0xbe, 0x2a, 0x9d, 0x2a, 0xbe, 0x2a, 0xbe, 0x2a, 0xbd, 0x2a, 0xbd, 0x2a, 0xbd, 0x2a, 0xbd, 0x2a, 0xbd, 0x2a, 0xbd, 0x2a, 0x9d, 0x2a,
  0x9d, 0x2a, 0x9d, 0x2a, 0x9d, 0x2a, 0x9d, 0x2a, 0x9d, 0x2a, 0x9d, 0x2a, 0x9d, 0x2a, 0x9d, 0x2a, 0x9d, 0x2a, 0xbd, 0x32, 0xfd, 0x42, 0xbd, 0x32, 0x9d, 0x2a, 0x9d, 0x2a, 0x9d, 0x2a, 0x9d, 0x2a,
  0x9d, 0x2a, 0x9d, 0x2a, 0x9d, 0x2a, 0x9d, 0x2a, 0x9d, 0x2a, 0x9d, 0x2a, 0x9c, 0x2a, 0x9d, 0x2a, 0x9d, 0x2a, 0x9d, 0x2a, 0x9d, 0x2a, 0x9d, 0x2a, 0x9c, 0x2a, 0x9c, 0x2a, 0x9c, 0x2a, 0xbc, 0x32,
  0xfd, 0x3a, 0x7c, 0x2a, 0x7c, 0x2a, 0x9c, 0x2a, 0x9c, 0x2a, 0x9c, 0x2a, 0x9c, 0x2a, 0x9c, 0x2a, 0x9c, 0x2a, 0x9c, 0x2a, 0x9c, 0x2a, 0x9c, 0x2a, 0x9c, 0x2a, 0x7c, 0x2a, 0x7c, 0x2a, 0x7c, 0x2a,
  0x7c, 0x2a, 0x7c, 0x2a, 0x7c, 0x2a, 0x9c, 0x2a, 0xdc, 0x3a, 0xbc, 0x32, 0x7c, 0x2a, 0x7c, 0x2a, 0x7c, 0x2a, 0x7b, 0x2a, 0x7c, 0x2a, 0x7c, 0x2a, 0x7b, 0x2a, 0x7b, 0x2a, 0x7b, 0x2a, 0x7b, 0x2a,
  0x7b, 0x2a, 0x7b, 0x2a, 0x7b, 0x2a, 0x7b, 0x2a, 0x7b, 0x2a, 0x7b, 0x2a, 0x7b, 0x2a, 0x7b, 0x2a, 0x7b, 0x2a, 0x9b, 0x32, 0xdb, 0x3a, 0x9b, 0x32, 0x7b, 0x2a, 0x7b, 0x2a, 0x7b, 0x2a, 0x7b, 0x2a,
  0x5b, 0x2a, 0x7b, 0x2a, 0x7b, 0x2a, 0x7b, 0x2a, 0x7b, 0x2a, 0x7b, 0x2a, 0x7b, 0x2a, 0x7b, 0x2a, 0x7b, 0x2a, 0x5b, 0x2a, 0x5b, 0x2a, 0x5b, 0x2a, 0x5a, 0x2a, 0x5b, 0x2a, 0x5a, 0x2a, 0xbb, 0x32,
  0xbb, 0x32, 0x5a, 0x2a, 0x5a, 0x2a, 0x5a, 0x2a, 0x5a, 0x2a, 0x5a, 0x2a, 0x5a, 0x2a, 0x5a, 0x2a, 0x5a, 0x2a, 0x5a, 0x2a, 0x5a, 0x2a, 0x5a, 0x2a, 0x5a, 0x2a, 0x5a, 0x2a, 0x5a, 0x2a, 0x5a, 0x2a,
  0x5a, 0x2a, 0x5a, 0x2a, 0x5a, 0x2a, 0x7a, 0x2a, 0xba, 0x32, 0x7a, 0x32, 0x5a, 0x2a, 0x5a, 0x2a, 0x5a, 0x2a, 0x5a, 0x2a, 0x5a, 0x2a, 0x39, 0x2a, 0x5a, 0x2a, 0x5a, 0x2a, 0x39, 0x2a, 0xf5, 0x21,
  0xd5, 0x21, 0xd5, 0x21, 0xb5, 0x19, 0xb4, 0x19, 0xb4, 0x19, 0xb4, 0x19, 0xb4, 0x19, 0xb4, 0x19, 0xb4, 0x19, 0xd5, 0x21, 0xf5, 0x29, 0xd4, 0x21, 0xb4, 0x19, 0xb4, 0x19, 0xb4, 0x19, 0xb4, 0x19,
  0xb4, 0x19, 0xb4, 0x19, 0xb4, 0x19, 0x94, 0x19, 0x94, 0x19, 0x94, 0x19, 0x94, 0x19, 0x94, 0x19, 0x94, 0x19, 0x94, 0x19, 0x94, 0x19, 0x94, 0x19, 0x94, 0x19, 0x94, 0x19, 0x94, 0x19, 0xf4, 0x29,
  0xd4, 0x21, 0x94, 0x19, 0x94, 0x19, 0x94, 0x19, 0x94, 0x19, 0x94, 0x19, 0x94, 0x19, 0x93, 0x19, 0x94, 0x19, 0x94, 0x19, 0x94, 0x19, 0x94, 0x19, 0x94, 0x19, 0x94, 0x19, 0x94, 0x19, 0x94, 0x19,
  0x93, 0x19, 0x93, 0x19, 0x93, 0x19, 0xb4, 0x21, 0xd4, 0x21, 0x93, 0x19, 0x93, 0x19, 0x93, 0x19, 0x93, 0x19, 0x93, 0x19, 0x93, 0x19, 0x93, 0x19, 0x93, 0x19, 0x93, 0x19, 0x93, 0x19, 0x93, 0x19,
  0x93, 0x19, 0x93, 0x19, 0x93, 0x19, 0x93, 0x19, 0x93, 0x19, 0x93, 0x19, 0x93, 0x19, 0x93, 0x19, 0x73, 0x19, 0xb3, 0x21, 0xd3, 0x29, 0x93, 0x19, 0x93, 0x19, 0x73, 0x19, 0x73, 0x19, 0x73, 0x19,
  0x73, 0x19, 0x73, 0x19, 0x73, 0x19, 0x73, 0x19, 0x73, 0x19, 0x73, 0x19, 0x72, 0x19, 0x72, 0x19, 0x72, 0x19, 0x72, 0x19, 0x72, 0x19, 0x72, 0x19, 0x72, 0x19, 0x72, 0x19, 0x72, 0x19, 0xf3, 0x29,
  0x92, 0x19, 0x72, 0x19, 0x72, 0x19, 0x72, 0x19, 0x72, 0x19, 0x72, 0x19, 0x72, 0x19, 0x72, 0x19, 0x72, 0x19, 0x72, 0x19, 0x72, 0x19, 0x72, 0x19, 0x72, 0x19, 0x72, 0x19, 0x72, 0x19, 0x72, 0x19,
  0x72, 0x19, 0x72, 0x19, 0x72, 0x19, 0x92, 0x19, 0xf3, 0x29, 0x52, 0x19, 0x72, 0x19, 0x72, 0x19, 0x72, 0x19, 0x52, 0x19, 0x52, 0x19, 0xb1, 0x21, 0x51, 0x19, 0x51, 0x19, 0x51, 0x19, 0xb5, 0x19,
  0xdf, 0x32, 0xdf, 0x32, 0xbf, 0x32, 0xbf, 0x32, 0xdf, 0x32, 0xdf, 0x32, 0xdf, 0x32, 0xdf, 0x32, 0xbf, 0x32, 0xbf, 0x32, 0x5f, 0x43, 0xdf, 0x32, 0xbf, 0x2a, 0xbf, 0x32, 0xbf, 0x32, 0xbf, 0x32,
  0xbe, 0x32, 0xbe, 0x32, 0xbe, 0x32, 0xbf, 0x32, 0xbf, 0x32, 0xbf, 0x32, 0xbe, 0x32, 0xbe, 0x32, 0xbe, 0x32, 0xbe, 0x32, 0xbe, 0x32, 0xbe, 0x32, 0xbe, 0x32, 0xbe, 0x32, 0xbe, 0x2a, 0xbe, 0x32,
  0x3e, 0x43, 0xbe, 0x2a, 0xbe, 0x32, 0xbe, 0x32, 0xbe, 0x32, 0xbe, 0x2a, 0xbe, 0x2a, 0xbe, 0x2a, 0xbe, 0x2a, 0xbe, 0x2a, 0xbe, 0x2a, 0xbe, 0x2a, 0xbe, 0x2a, 0xbe, 0x2a, 0xbe, 0x2a, 0xbe, 0x2a,
  0x9e, 0x2a, 0x9e, 0x2a, 0x9e, 0x2a, 0xbd, 0x32, 0x1e, 0x43, 0xbd, 0x2a, 0x9d, 0x2a, 0xbd, 0x2a, 0xbd, 0x2a, 0xbd, 0x2a, 0xbd, 0x2a, 0xbd, 0x2a, 0x9d, 0x2a, 0x9d, 0x2a, 0x9d, 0x2a, 0x9d, 0x2a,
  0x9d, 0x2a, 0x9d, 0x2a, 0x9d, 0x2a, 0x9d, 0x2a, 0x9d, 0x2a, 0x9d, 0x2a, 0x9d, 0x2a, 0x9d, 0x2a, 0x9d, 0x2a, 0xbd, 0x32, 0x1d, 0x43, 0xbd, 0x32, 0x9d, 0x2a, 0x9d, 0x2a, 0x9d, 0x2a, 0x9d, 0x2a,
  0x9d, 0x2a, 0x9d, 0x2a, 0x9d, 0x2a, 0x9d, 0x2a, 0x9d, 0x2a, 0x9d, 0x2a, 0x9d, 0x2a, 0x9d, 0x2a, 0x9d, 0x2a, 0x9c, 0x2a, 0x9c, 0x2a, 0x9c, 0x2a, 0x9c, 0x2a, 0x9c, 0x2a, 0x9c, 0x2a, 0xbc, 0x32,
  0xfd, 0x3a, 0x7c, 0x2a, 0x9c, 0x2a, 0x9c, 0x2a, 0x9c, 0x2a, 0x9c, 0x2a, 0x9c, 0x2a, 0x9c, 0x2a, 0x9c, 0x2a, 0x9c, 0x2a, 0x9c, 0x2a, 0x7c, 0x2a, 0x7c, 0x2a, 0x7c, 0x2a, 0x7c, 0x2a, 0x7c, 0x2a,
  0x7c, 0x2a, 0x7c, 0x2a, 0x7c, 0x2a, 0x9c, 0x2a, 0xdc, 0x3a, 0xbc, 0x32, 0x7c, 0x2a, 0x7c, 0x2a, 0x7c, 0x2a, 0x7b, 0x2a, 0x7b, 0x2a, 0x7b, 0x2a, 0x7b, 0x2a, 0x7b, 0x2a, 0x7b, 0x2a, 0x7b, 0x2a,
  0x7b, 0x2a, 0x7b, 0x2a, 0x7b, 0x2a, 0x7b, 0x2a, 0x7b, 0x2a, 0x7b, 0x2a, 0x7b, 0x2a, 0x7b, 0x2a, 0x7b, 0x2a, 0x9b, 0x32, 0xdb, 0x3a, 0x9b, 0x2a, 0x7b, 0x2a, 0x7b, 0x2a, 0x5b, 0x2a, 0x5b, 0x2a,
  0x7b, 0x2a, 0x7b, 0x2a, 0x7b, 0x2a, 0x7b, 0x2a, 0x7b, 0x2a, 0x7b, 0x2a, 0x7b, 0x2a, 0x5b, 0x2a, 0x5b, 0x2a, 0x5b, 0x2a, 0x5b, 0x2a, 0x5b, 0x2a, 0x5b, 0x2a, 0x5a, 0x2a, 0x5a, 0x2a, 0xbb, 0x32,
  0xbb, 0x32, 0x5a, 0x2a, 0x5a, 0x2a, 0x5a, 0x2a, 0x5a, 0x2a, 0x5a, 0x2a, 0x5a, 0x2a, 0x5a, 0x2a, 0x5a, 0x2a, 0x5a, 0x2a, 0x5a, 0x2a, 0x5a, 0x2a, 0x5a, 0x2a, 0x5a, 0x2a, 0x5a, 0x2a, 0x5a, 0x2a,
  0x5a, 0x2a, 0x5a, 0x2a, 0x5a, 0x2a, 0x7a, 0x2a, 0xba, 0x32, 0x7a, 0x32, 0x5a, 0x2a, 0x5a, 0x2a, 0x5a, 0x2a, 0x39, 0x2a, 0x39, 0x2a, 0x5a, 0x2a, 0x5a, 0x2a, 0x5a, 0x2a, 0x5b, 0x2a, 0x6f, 0x19,
  0x00, 0x00, 0xa0, 0x10, 0x63, 0x29, 0x43, 0x29, 0x43, 0x21, 0x43, 0x21, 0x43, 0x21, 0x43, 0x21, 0x43, 0x21, 0x43, 0x21, 0x43, 0x21, 0x43, 0x21, 0x43, 0x21, 0x43, 0x21, 0x43, 0x21, 0x43, 0x21,
  0x43, 0x21, 0x43, 0x21, 0x43, 0x21, 0x43, 0x21, 0x43, 0x21, 0x43, 0x21, 0x43, 0x21, 0x43, 0x21, 0x43, 0x21, 0x43, 0x21, 0x43, 0x21, 0x43, 0x21, 0x43, 0x21, 0x43, 0x21, 0x43, 0x21, 0x43, 0x21,
  0x43, 0x21, 0x43, 0x21, 0x43, 0x21, 0x43, 0x21, 0x43, 0x21, 0x43, 0x21, 0x43, 0x21, 0x43, 0x21, 0x43, 0x21, 0x43, 0x21, 0x43, 0x21, 0x43, 0x21, 0x43, 0x21, 0x43, 0x21, 0x43, 0x21, 0x43, 0x21,
  0x43, 0x21, 0x43, 0x21, 0x43, 0x21, 0x43, 0x21, 0x43, 0x21, 0x43, 0x21, 0x43, 0x21, 0x43, 0x21, 0x43, 0x21, 0x43, 0x21, 0x43, 0x21, 0x43, 0x21, 0x43, 0x21, 0x43, 0x21, 0x43, 0x21, 0x43, 0x21,
  0x43, 0x21, 0x43, 0x21, 0x43, 0x21, 0x43, 0x21, 0x43, 0x21, 0x43, 0x21, 0x43, 0x21, 0x43, 0x21, 0x43, 0x21, 0x43, 0x21, 0x43, 0x21, 0x43, 0x21, 0x43, 0x21, 0x43, 0x29, 0x43, 0x29, 0x43, 0x29,
  0x43, 0x29, 0x43, 0x29, 0x43, 0x29, 0x43, 0x29, 0x43, 0x29, 0x43, 0x29, 0x43, 0x29, 0x43, 0x29, 0x43, 0x29, 0x43, 0x29, 0x43, 0x29, 0x43, 0x29, 0x43, 0x29, 0x43, 0x29, 0x43, 0x29, 0x43, 0x21,
  0x43, 0x21, 0x43, 0x29, 0x43, 0x29, 0x43, 0x29, 0x43, 0x29, 0x43, 0x29, 0x43, 0x29, 0x43, 0x29, 0x43, 0x29, 0x43, 0x29, 0x43, 0x29, 0x43, 0x29, 0x43, 0x29, 0x43, 0x29, 0x43, 0x29, 0x43, 0x29,
  0x43, 0x29, 0x43, 0x29, 0x43, 0x29, 0x43, 0x21, 0x43, 0x21, 0x43, 0x21, 0x43, 0x29, 0x43, 0x29, 0x43, 0x29, 0x43, 0x29, 0x23, 0x21, 0x04, 0x63, 0x23, 0x21, 0x43, 0x29, 0x41, 0x21, 0xd3, 0x42,
  0xbf, 0x32, 0xbf, 0x32, 0xdf, 0x32, 0xdf, 0x32, 0xdf, 0x32, 0xdf, 0x32, 0xdf, 0x32, 0xdf, 0x32, 0xdf, 0x2a, 0xbf, 0x2a, 0x5f, 0x43, 0xdf, 0x32, 0xbf, 0x2a, 0xbf, 0x32, 0xbf, 0x32, 0xbf, 0x32,
  0xbf, 0x32, 0xbf, 0x32, 0xbf, 0x32, 0xbf, 0x32, 0xbe, 0x32, 0xbe, 0x32, 0xbe, 0x32, 0xbe, 0x32, 0xbe, 0x32, 0xbe, 0x32, 0xbe, 0x32, 0xbe, 0x32, 0xbe, 0x32, 0xbe, 0x32, 0xbe, 0x2a, 0xbe, 0x32,
  0x3e, 0x43, 0xbe, 0x2a, 0xbe, 0x2a, 0xbe, 0x2a, 0xbe, 0x2a, 0xbe, 0x2a, 0xbe, 0x2a, 0xbe, 0x2a, 0xbe, 0x2a, 0xbe, 0x2a, 0xbe, 0x2a, 0xbe, 0x2a, 0xbe, 0x2a, 0xbe, 0x2a, 0x9e, 0x2a, 0xbe, 0x2a,
  0xbe, 0x2a, 0xbe, 0x2a, 0x9e, 0x2a, 0xbe, 0x32, 0x1e, 0x43, 0xbd, 0x2a, 0x9d, 0x2a, 0xbd, 0x2a, 0xbd, 0x2a, 0xbd, 0x2a, 0x9d, 0x2a, 0x9d, 0x2a, 0xbe, 0x2a, 0xbf, 0x32, 0xbf, 0x32, 0xbf, 0x32,
  0xbf, 0x32, 0xbf, 0x32, 0xbf, 0x32, 0xbf, 0x32, 0xbf, 0x32, 0xbf, 0x32, 0xbf, 0x32, 0xbf, 0x32, 0xbf, 0x32, 0xdf, 0x32, 0x3f, 0x43, 0xdf, 0x32, 0xbf, 0x32, 0xbf, 0x32, 0xbf, 0x32, 0xbf, 0x32,
  0xbf, 0x32, 0xbf, 0x32, 0xbf, 0x32, 0xbf, 0x32, 0xbf, 0x2a, 0xbf, 0x2a, 0xbf, 0x32, 0xbf, 0x32, 0xbf, 0x32, 0xbf, 0x32, 0xbe, 0x32, 0xbe, 0x32, 0xbe, 0x32, 0x9e, 0x32, 0x9e, 0x2a, 0xdf, 0x32,
  0x1f, 0x43, 0x9e, 0x2a, 0x9e, 0x32, 0x9e, 0x32, 0x9e, 0x32, 0x9e, 0x32, 0x9e, 0x32, 0x9e, 0x32, 0x9e, 0x32, 0x9e, 0x32, 0x9e, 0x32, 0x9e, 0x32, 0x9e, 0x32, 0x9e, 0x32, 0x9e, 0x2a, 0x9e, 0x2a,
  0x9e, 0x2a, 0x9e, 0x2a, 0x9e, 0x2a, 0xbe, 0x32, 0xde, 0x3a, 0xbe, 0x32, 0x9e, 0x2a, 0x9d, 0x2a, 0x9d, 0x2a, 0x9d, 0x2a, 0x9d, 0x2a, 0x9d, 0x2a, 0x9d, 0x2a, 0x9d, 0x2a, 0x9d, 0x2a, 0x9d, 0x2a,
  0x7d, 0x2a, 0x9d, 0x2a, 0x9d, 0x2a, 0x9d, 0x2a, 0x9d, 0x2a, 0x9d, 0x2a, 0x9d, 0x2a, 0x9d, 0x2a, 0x7d, 0x2a, 0xbd, 0x32, 0xfd, 0x3a, 0x9d, 0x32, 0x7d, 0x2a, 0x7d, 0x2a, 0x7d, 0x2a, 0x7d, 0x2a,
  0x7d, 0x2a, 0x7d, 0x2a, 0x7d, 0x2a, 0x7d, 0x2a, 0x7d, 0x2a, 0x7d, 0x2a, 0x7d, 0x2a, 0x7c, 0x2a, 0x7c, 0x2a, 0x7d, 0x2a, 0x7c, 0x2a, 0x7c, 0x2a, 0x7c, 0x2a, 0x7c, 0x2a, 0x7c, 0x2a, 0xbd, 0x3a,
  0xbd, 0x3a, 0x5c, 0x2a, 0x7c, 0x2a, 0x7c, 0x2a, 0x7c, 0x2a, 0x7c, 0x2a, 0x7c, 0x2a, 0x7c, 0x2a, 0x7c, 0x2a, 0x7c, 0x2a, 0x7c, 0x2a, 0x5c, 0x2a, 0x5c, 0x2a, 0x5c, 0x2a, 0x5b, 0x2a, 0x5a, 0x2a,
  0x5a, 0x2a, 0x5a, 0x2a, 0x5a, 0x2a, 0x7a, 0x2a, 0xba, 0x32, 0x7a, 0x32, 0x39, 0x2a, 0x39, 0x2a, 0x39, 0x2a, 0x5a, 0x2a, 0x5a, 0x2a, 0x5a, 0x2a, 0x59, 0x2a, 0x59, 0x2a, 0x59, 0x2a, 0x7c, 0x2a,
  0x6d, 0x19, 0x85, 0x29, 0x96, 0xb6, 0xfd, 0xef, 0xfc, 0xe7, 0xfc, 0xe7, 0xfc, 0xe7, 0xfc, 0xe7, 0xfc, 0xe7, 0xfc, 0xe7, 0xfc, 0xe7, 0xfc, 0xe7, 0xfc, 0xe7, 0xfc, 0xe7, 0xfc, 0xe7, 0xfc, 0xe7,
  0xfc, 0xe7, 0xfc, 0xe7, 0xfc, 0xe7, 0xfc, 0xe7, 0xfc, 0xe7, 0xfc, 0xe7, 0xfc, 0xe7, 0xfc, 0xe7, 0xfc, 0xe7, 0xfc, 0xe7, 0xfc, 0xe7, 0xfc, 0xe7, 0xfc, 0xe7, 0xfc, 0xe7, 0xfc, 0xe7, 0xfc, 0xe7,
  0xfc, 0xe7, 0xfc, 0xe7, 0xfc, 0xe7, 0xfc, 0xe7, 0xfc, 0xe7, 0xfc, 0xe7, 0xfc, 0xe7, 0xfc, 0xe7, 0xfc, 0xe7, 0xfc, 0xe7, 0xfc, 0xe7, 0xfc, 0xe7, 0xfc, 0xe7, 0xfc, 0xe7, 0xfc, 0xe7, 0xfc, 0xe7,
  0xfc, 0xe7, 0xfc, 0xe7, 0xfc, 0xe7, 0xfc, 0xe7, 0xfc, 0xe7, 0xfc, 0xe7, 0xfc, 0xe7, 0xfc, 0xe7, 0xfc, 0xe7, 0xfc, 0xe7, 0xfc, 0xe7, 0xfc, 0xe7, 0xfc, 0xe7, 0xfc, 0xe7, 0xfc, 0xe7, 0xfc, 0xe7,
  0xfc, 0xe7, 0xfc, 0xe7, 0xfc, 0xe7, 0xfc, 0xe7, 0xfc, 0xe7, 0xfc, 0xe7, 0xfc, 0xe7, 0xfc, 0xe7, 0xfc, 0xe7, 0xfc, 0xe7, 0xfc, 0xe7, 0xfc, 0xe7, 0xfc, 0xe7, 0xfc, 0xe7, 0xfc, 0xe7, 0xfc, 0xe7,
  0xfc, 0xe7, 0xfc, 0xe7, 0xfc, 0xe7, 0xfc, 0xe7, 0xfc, 0xe7, 0xfc, 0xe7, 0xfc, 0xe7, 0xfc, 0xe7, 0xfc, 0xe7, 0xfc, 0xe7, 0xfc, 0xe7, 0xfc, 0xe7, 0xfc, 0xe7, 0xfc, 0xe7, 0xfc, 0xe7, 0xfc, 0xe7,
  0xfc, 0xe7, 0xfc, 0xe7, 0xfc, 0xe7, 0xfc, 0xe7, 0xfc, 0xe7, 0xfc, 0xe7, 0xfc, 0xe7, 0xfc, 0xe7, 0xfc, 0xe7, 0xfc, 0xe7, 0xfc, 0xe7, 0xfc, 0xe7, 0xfc, 0xe7, 0xfc, 0xe7, 0xfc, 0xe7, 0xfc, 0xe7,
  0xfc, 0xe7, 0xfc, 0xe7, 0xfc, 0xe7, 0xfc, 0xe7, 0xfc, 0xe7, 0xfc, 0xe7, 0xfc, 0xe7, 0xfc, 0xe7, 0xfc, 0xe7, 0xfc, 0xe7, 0xfc, 0xe7, 0xfb, 0xdf, 0xfc, 0xe7, 0xfc, 0xe7, 0xfc, 0xf7, 0xd7, 0x42,
  0xdf, 0x32, 0xdf, 0x32, 0xdf, 0x32, 0xdf, 0x32, 0xdf, 0x32, 0xdf, 0x2a, 0xdf, 0x2a, 0xdf, 0x32, 0xdf, 0x32, 0xdf, 0x32, 0x7f, 0x4b, 0xff, 0x32, 0xdf, 0x32, 0xdf, 0x32, 0xdf, 0x32, 0xdf, 0x32,
  0xdf, 0x32, 0xdf, 0x32, 0xdf, 0x32, 0xdf, 0x32, 0xdf, 0x32, 0xdf, 0x32, 0xdf, 0x32, 0xdf, 0x32, 0xdf, 0x32, 0xdf, 0x32, 0xdf, 0x32, 0xdf, 0x32, 0xdf, 0x32, 0xdf, 0x32, 0xdf, 0x32, 0xdf, 0x32,
  0x5f, 0x43, 0xbf, 0x2a, 0xdf, 0x32, 0xdf, 0x32, 0xdf, 0x32, 0xdf, 0x32, 0xdf, 0x32, 0xdf, 0x32, 0xdf, 0x32, 0xdf, 0x32, 0xdf, 0x32, 0xdf, 0x32, 0xdf, 0x32, 0xdf, 0x32, 0xdf, 0x32, 0xdf, 0x32,
  0xdf, 0x32, 0xdf, 0x32, 0xbf, 0x32, 0xdf, 0x32, 0x3f, 0x43, 0xbd, 0x2a, 0xbd, 0x2a, 0x9d, 0x2a, 0x9d, 0x2a, 0x9d, 0x2a, 0x9d, 0x2a, 0xbe, 0x2a, 0x5a, 0x2a, 0xa2, 0x08, 0xc3, 0x08, 0xa3, 0x08,
  0xa3, 0x08, 0xa3, 0x08, 0xa3, 0x08, 0xa3, 0x08, 0xa3, 0x08, 0xc3, 0x08, 0xc3, 0x08, 0xc3, 0x08, 0xc3, 0x08, 0xa3, 0x08, 0xa3, 0x08, 0xc3, 0x08, 0xa3, 0x08, 0xc3, 0x08, 0xc3, 0x08, 0xc3, 0x08,
  0xc3, 0x08, 0xc3, 0x08, 0xc3, 0x08, 0xc3, 0x08, 0xc3, 0x08, 0xc3, 0x08, 0xc3, 0x08, 0xc3, 0x08, 0xc3, 0x08, 0xc3, 0x08, 0xc3, 0x08, 0xc3, 0x08, 0xc3, 0x08, 0xc3, 0x08, 0xc3, 0x08, 0xa3, 0x08,
  0xc3, 0x08, 0xc3, 0x08, 0xc3, 0x08, 0xc3, 0x08, 0xc3, 0x08, 0xc3, 0x08, 0xa3, 0x08, 0xa3, 0x08, 0xa3, 0x08, 0xa3, 0x08, 0xa3, 0x08, 0xa3, 0x08, 0xa3, 0x08, 0xa3, 0x08, 0xa3, 0x08, 0xa3, 0x08,
  0xa3, 0x08, 0xa3, 0x08, 0xa3, 0x08, 0xc3, 0x08, 0xc3, 0x08, 0xa3, 0x08, 0xa3, 0x08, 0xa3, 0x08, 0xa3, 0x08, 0xa3, 0x08, 0xa3, 0x08, 0xa3, 0x08, 0xa3, 0x08, 0xa3, 0x08, 0xa3, 0x08, 0xa3, 0x08,
  0xa3, 0x08, 0xa3, 0x08, 0xa3, 0x08, 0xa3, 0x08, 0xa3, 0x08, 0xa3, 0x08, 0xa3, 0x08, 0xa3, 0x08, 0xa3, 0x08, 0xa3, 0x08, 0xc3, 0x08, 0xc3, 0x08, 0xa3, 0x08, 0xa3, 0x08, 0xa3, 0x08, 0xa3, 0x08,
  0xa3, 0x08, 0xa3, 0x08, 0xa3, 0x08, 0xa3, 0x08, 0xa3, 0x08, 0xa3, 0x08, 0xa3, 0x08, 0xa3, 0x08, 0xa3, 0x08, 0xa3, 0x08, 0xa3, 0x08, 0xa3, 0x08, 0xa3, 0x08, 0xa3, 0x08, 0xa3, 0x08, 0xc3, 0x08,
  0xc3, 0x08, 0xa3, 0x08, 0xa3, 0x08, 0xa3, 0x08, 0xa3, 0x08, 0xa3, 0x08, 0xa3, 0x08, 0xa3, 0x08, 0xa3, 0x08, 0xa3, 0x08, 0xa3, 0x08, 0xa3, 0x08, 0xa3, 0x08, 0xc3, 0x08, 0x26, 0x09, 0x13, 0x22,
  0x5b, 0x2a, 0x5a, 0x2a, 0x5a, 0x2a, 0x7a, 0x2a, 0x9a, 0x32, 0x7a, 0x32, 0x39, 0x2a, 0x5a, 0x2a, 0x5a, 0x2a, 0x5a, 0x2a, 0x59, 0x2a, 0x59, 0x2a, 0x59, 0x2a, 0x59, 0x2a, 0x59, 0x2a, 0x59, 0x2a,
  0x5b, 0x2a, 0x0b, 0x11, 0x44, 0x21, 0xf4, 0xa5, 0xfa, 0xdf, 0x99, 0xd7, 0x99, 0xd7, 0x99, 0xd7, 0x99, 0xd7, 0x99, 0xd7, 0x99, 0xd7, 0x99, 0xd7, 0x99, 0xd7, 0x99, 0xd7, 0x99, 0xd7, 0x99, 0xd7,
  0x99, 0xd7, 0x99, 0xd7, 0x99, 0xd7, 0x99, 0xd7, 0x99, 0xd7, 0x99, 0xd7, 0x99, 0xd7, 0x99, 0xd7, 0x99, 0xd7, 0x99, 0xd7, 0x99, 0xd7, 0x99, 0xd7, 0x99, 0xd7, 0x99, 0xd7, 0x99, 0xd7, 0x99, 0xd7,
  0x99, 0xd7, 0x99, 0xd7, 0x99, 0xd7, 0x99, 0xd7, 0x99, 0xd7, 0x99, 0xd7, 0x99, 0xd7, 0x99, 0xd7, 0x99, 0xd7, 0x99, 0xd7, 0x99, 0xd7, 0x99, 0xd7, 0x99, 0xd7, 0x99, 0xd7, 0x99, 0xd7, 0x99, 0xd7,
  0x99, 0xd7, 0x99, 0xd7, 0x99, 0xd7, 0x99, 0xd7, 0x99, 0xd7, 0x99, 0xd7, 0x99, 0xd7, 0x99, 0xd7, 0x99, 0xd7, 0x99, 0xd7, 0x99, 0xd7, 0x99, 0xd7, 0x99, 0xd7, 0x99, 0xd7, 0x99, 0xd7, 0x99, 0xd7,
  0x99, 0xd7, 0x99, 0xd7, 0x99, 0xd7, 0x99, 0xd7, 0x99, 0xd7, 0x99, 0xd7, 0x99, 0xd7, 0x99, 0xd7, 0x99, 0xd7, 0x99, 0xd7, 0x99, 0xd7, 0x99, 0xd7, 0x99, 0xd7, 0x99, 0xd7, 0x99, 0xd7, 0x99, 0xd7,
  0x99, 0xd7, 0x99, 0xd7, 0x99, 0xd7, 0x99, 0xd7, 0x99, 0xd7, 0x99, 0xd7, 0x99, 0xd7, 0x99, 0xd7, 0x99, 0xd7, 0x99, 0xd7, 0x99, 0xd7, 0x99, 0xd7, 0x99, 0xd7, 0x99, 0xd7, 0x99, 0xd7, 0x99, 0xd7,
  0x99, 0xd7, 0x99, 0xd7, 0x99, 0xd7, 0x99, 0xd7, 0x99, 0xd7, 0x99, 0xd7, 0x99, 0xd7, 0x99, 0xcf, 0x99, 0xd7, 0x99, 0xd7, 0x99, 0xd7, 0x99, 0xd7, 0x99, 0xd7, 0x99, 0xd7, 0x99, 0xd7, 0x99, 0xd7,
  0x99, 0xd7, 0x99, 0xd7, 0x99, 0xd7, 0x99, 0xd7, 0x99, 0xd7, 0x99, 0xd7, 0x99, 0xd7, 0x99, 0xd7, 0x99, 0xd7, 0x99, 0xd7, 0x99, 0xd7, 0x99, 0xd7, 0x99, 0xd7, 0x99, 0xd7, 0xfa, 0xe7, 0xd6, 0x3a,
  0xdf, 0x32, 0xdf, 0x32, 0xdf, 0x32, 0xdf, 0x2a, 0xdf, 0x2a, 0xdf, 0x32, 0xdf, 0x32, 0xbf, 0x32, 0xb2, 0x19, 0x08, 0x09, 0x63, 0x08, 0x63, 0x08, 0x63, 0x08, 0x63, 0x08, 0x63, 0x08, 0x63, 0x08,
  0x63, 0x08, 0x63, 0x08, 0x63, 0x08, 0x63, 0x08, 0x63, 0x08, 0x63, 0x08, 0x63, 0x08, 0x63, 0x08, 0x63, 0x08, 0x63, 0x08, 0x63, 0x08, 0x63, 0x08, 0x63, 0x08, 0x63, 0x08, 0x63, 0x08, 0x43, 0x08,
  0x63, 0x08, 0x63, 0x08, 0x63, 0x08, 0x63, 0x08, 0x63, 0x08, 0x63, 0x08, 0x63, 0x08, 0x63, 0x08, 0x63, 0x08, 0x63, 0x08, 0x63, 0x08, 0x63, 0x08, 0x63, 0x08, 0x63, 0x08, 0x63, 0x08, 0x63, 0x08,
  0x63, 0x08, 0x63, 0x08, 0x64, 0x08, 0x29, 0x11, 0xf4, 0x29, 0xdf, 0x32, 0xbe, 0x2a, 0x9d, 0x2a, 0x9d, 0x2a, 0x9d, 0x2a, 0x9d, 0x2a, 0xbe, 0x2a, 0x39, 0x2a, 0x60, 0x00, 0xf7, 0x2e, 0x55, 0x2e,
  0x55, 0x2e, 0x55, 0x2e, 0x55, 0x2e, 0x55, 0x2e, 0x55, 0x2e, 0x55, 0x2e, 0x55, 0x2e, 0x55, 0x2e, 0x55, 0x2e, 0x55, 0x2e, 0x55, 0x2e, 0x55, 0x2e, 0x55, 0x2e, 0x55, 0x2e, 0x55, 0x2e, 0x55, 0x2e,
  0x55, 0x2e, 0x55, 0x2e, 0x55, 0x2e, 0x55, 0x2e, 0x55, 0x2e, 0x55, 0x2e, 0x55, 0x2e, 0x55, 0x2e, 0x55, 0x2e, 0x55, 0x2e, 0x55, 0x2e, 0x55, 0x2e, 0x55, 0x2e, 0x55, 0x2e, 0x55, 0x2e, 0x55, 0x2e,
  0x55, 0x2e, 0x55, 0x2e, 0x55, 0x2e, 0x55, 0x2e, 0x55, 0x2e, 0x55, 0x2e, 0x55, 0x2e, 0x55, 0x2e, 0x55, 0x2e, 0x55, 0x2e, 0x55, 0x2e, 0x55, 0x2e, 0x55, 0x2e, 0x55, 0x2e, 0x55, 0x2e, 0x55, 0x2e,
  0x55, 0x2e, 0x55, 0x2e, 0x55, 0x2e, 0x55, 0x2e, 0x55, 0x2e, 0x55, 0x2e, 0x55, 0x2e, 0x55, 0x2e, 0x55, 0x2e, 0x55, 0x2e, 0x55, 0x2e, 0x55, 0x2e, 0x55, 0x2e, 0x55, 0x2e, 0x55, 0x2e, 0x55, 0x2e,
  0x55, 0x2e, 0x55, 0x2e, 0x55, 0x2e, 0x55, 0x2e, 0x55, 0x2e, 0x55, 0x2e, 0x55, 0x2e, 0x55, 0x2e, 0x55, 0x2e, 0x55, 0x2e, 0x55, 0x2e, 0x55, 0x2e, 0x55, 0x2e, 0x55, 0x2e, 0x55, 0x2e, 0x55, 0x2e,
  0x55, 0x2e, 0x55, 0x2e, 0x55, 0x2e, 0x55, 0x2e, 0x55, 0x2e, 0x55, 0x2e, 0x55, 0x2e, 0x55, 0x2e, 0x55, 0x2e, 0x55, 0x2e, 0x55, 0x2e, 0x55, 0x2e, 0x55, 0x2e, 0x55, 0x2e, 0x55, 0x2e, 0x55, 0x2e,
  0x55, 0x2e, 0x55, 0x2e, 0x55, 0x2e, 0x55, 0x2e, 0x55, 0x2e, 0x55, 0x2e, 0x55, 0x2e, 0x55, 0x2e, 0x55, 0x2e, 0x55, 0x2e, 0x55, 0x2e, 0x55, 0x2e, 0x76, 0x2e, 0xb3, 0x25, 0x89, 0x12, 0xb0, 0x19,
  0x5b, 0x2a, 0x39, 0x2a, 0x39, 0x2a, 0x5a, 0x2a, 0x9a, 0x32, 0x7a, 0x2a, 0x3a, 0x2a, 0x59, 0x2a, 0x59, 0x2a, 0x59, 0x2a, 0x59, 0x2a, 0x59, 0x2a, 0x59, 0x2a, 0x39, 0x2a, 0x39, 0x2a, 0x39, 0x2a,
  0x39, 0x2a, 0x7b, 0x2a, 0x68, 0x00, 0x46, 0x42, 0xb6, 0xbe, 0xda, 0xd7, 0x99, 0xd7, 0x99, 0xd7, 0x99, 0xd7, 0x99, 0xd7, 0x99, 0xd7, 0x99, 0xd7, 0x99, 0xd7, 0x99, 0xd7, 0x99, 0xd7, 0x99, 0xd7,
  0x99, 0xd7, 0x99, 0xd7, 0x99, 0xd7, 0x99, 0xd7, 0x99, 0xd7, 0x99, 0xd7, 0x99, 0xd7, 0x99, 0xd7, 0x99, 0xd7, 0x99, 0xd7, 0x99, 0xd7, 0x99, 0xd7, 0x99, 0xd7, 0x99, 0xd7, 0x99, 0xd7, 0x99, 0xd7,
  0x99, 0xd7, 0x99, 0xd7, 0x99, 0xd7, 0x99, 0xd7, 0x99, 0xd7, 0x99, 0xd7, 0x99, 0xd7, 0x99, 0xd7, 0x99, 0xd7, 0x99, 0xd7, 0x99, 0xd7, 0x99, 0xd7, 0x99, 0xd7, 0x99, 0xd7, 0x99, 0xd7, 0x99, 0xd7,
  0x99, 0xd7, 0x99, 0xd7, 0x99, 0xd7, 0x99, 0xd7, 0x99, 0xd7, 0x99, 0xd7, 0x99, 0xd7, 0x99, 0xd7, 0x99, 0xd7, 0x99, 0xd7, 0x99, 0xd7, 0x99, 0xd7, 0x99, 0xd7, 0x99, 0xd7, 0x99, 0xd7, 0x99, 0xd7,
  0x99, 0xd7, 0x99, 0xd7, 0x99, 0xd7, 0x99, 0xd7, 0x99, 0xd7, 0x99, 0xd7, 0x99, 0xd7, 0x99, 0xd7, 0x99, 0xd7, 0x99, 0xd7, 0x99, 0xd7, 0x99, 0xd7, 0x99, 0xd7, 0x99, 0xd7, 0x99, 0xd7, 0x99, 0xd7,
  0x99, 0xd7, 0x99, 0xd7, 0x99, 0xd7, 0x99, 0xd7, 0x99, 0xd7, 0x99, 0xd7, 0x99, 0xd7, 0x99, 0xd7, 0x99, 0xd7, 0x99, 0xd7, 0x99, 0xd7, 0x99, 0xd7, 0x99, 0xd7, 0x99, 0xd7, 0x99, 0xd7, 0x99, 0xd7,
  0x99, 0xd7, 0xda, 0xdf, 0xfb, 0xdf, 0xfb, 0xdf, 0xb9, 0xd7, 0x99, 0xd7, 0x99, 0xcf, 0x99, 0xcf, 0x99, 0xcf, 0x99, 0xd7, 0x99, 0xd7, 0xb9, 0xd7, 0xda, 0xd7, 0xfb, 0xdf, 0xfb, 0xdf, 0xfb, 0xe7,
  0xfb, 0xe7, 0xfb, 0xdf, 0xfb, 0xdf, 0xda, 0xd7, 0x99, 0xd7, 0x99, 0xd7, 0x99, 0xd7, 0x99, 0xd7, 0x99, 0xd7, 0x99, 0xd7, 0x99, 0xd7, 0x99, 0xd7, 0x99, 0xd7, 0x99, 0xd7, 0xfa, 0xe7, 0xd6, 0x3a,
  0xdf, 0x2a, 0xdf, 0x2a, 0xdf, 0x2a, 0xbf, 0x32, 0xbf, 0x32, 0xff, 0x32, 0xf3, 0x19, 0x00, 0x00, 0x83, 0x09, 0xaf, 0x1c, 0x96, 0x2e, 0x55, 0x2e, 0x55, 0x2e, 0x55, 0x2e, 0x55, 0x2e, 0x55, 0x2e,
  0x55, 0x2e, 0x55, 0x2e, 0x55, 0x2e, 0x55, 0x2e, 0x55, 0x2e, 0x55, 0x2e, 0x55, 0x2e, 0x55, 0x2e, 0x55, 0x2e, 0x55, 0x2e, 0x55, 0x2e, 0x55, 0x2e, 0x55, 0x2e, 0x55, 0x2e, 0x55, 0x2e, 0x55, 0x2e,
  0x55, 0x2e, 0x55, 0x2e, 0x55, 0x2e, 0x55, 0x2e, 0x55, 0x2e, 0x55, 0x2e, 0x55, 0x2e, 0x55, 0x2e, 0x55, 0x2e, 0x55, 0x2e, 0x55, 0x2e, 0x55, 0x2e, 0x55, 0x2e, 0x55, 0x2e, 0x55, 0x2e, 0x55, 0x2e,
  0x55, 0x2e, 0x75, 0x2e, 0x35, 0x26, 0x6b, 0x13, 0x80, 0x00, 0x41, 0x00, 0x39, 0x22, 0xbf, 0x32, 0x9d, 0x2a, 0x9d, 0x2a, 0x9d, 0x2a, 0xbe, 0x2a, 0x39, 0x2a, 0xc0, 0x00, 0xff, 0x3f, 0xfc, 0x37,
  0xfc, 0x37, 0xfc, 0x37, 0xfc, 0x37, 0xfc, 0x37, 0xfc, 0x37, 0xfc, 0x37, 0xfc, 0x37, 0xfc, 0x37, 0xfc, 0x37, 0xfc, 0x37, 0xfc, 0x37, 0xfc, 0x37, 0xfc, 0x37, 0xfc, 0x37, 0xfc, 0x37, 0xfc, 0x37,
  0xfc, 0x37, 0xfc, 0x37, 0xfc, 0x37, 0xfc, 0x37, 0xfc, 0x37, 0xfc, 0x37, 0xfc, 0x37, 0xfc, 0x37, 0xfc, 0x37, 0xfc, 0x37, 0xfc, 0x37, 0xfc, 0x37, 0xfc, 0x37, 0xfc, 0x37, 0xfc, 0x37, 0xfc, 0x37,
  0xfc, 0x37, 0xfc, 0x37, 0xfc, 0x37, 0xfc, 0x37, 0xfc, 0x37, 0xfc, 0x37, 0xfc, 0x37, 0xfc, 0x37, 0xfc, 0x37, 0xfc, 0x37, 0xfc, 0x37, 0xfc, 0x37, 0xfc, 0x37, 0xfc, 0x37, 0xfc, 0x37, 0xfc, 0x37,
  0xfc, 0x37, 0xfc, 0x37, 0xfc, 0x37, 0xfc, 0x37, 0xfc, 0x37, 0xfc, 0x37, 0xfc, 0x37, 0xfc, 0x37, 0xfc, 0x37, 0xfc, 0x37, 0xfc, 0x37, 0xfc, 0x37, 0xfc, 0x37, 0xfc, 0x37, 0xfc, 0x37, 0xfc, 0x37,
  0xfc, 0x37, 0xfc, 0x37, 0xfc, 0x37, 0xfc, 0x37, 0xfc, 0x37, 0xfc, 0x37, 0xfc, 0x37, 0xfc, 0x37, 0xfc, 0x37, 0xfc, 0x37, 0xfc, 0x37, 0xfc, 0x37, 0xfc, 0x37, 0xfc, 0x37, 0xfc, 0x37, 0xfc, 0x37,
  0xfc, 0x37, 0xfc, 0x37, 0xfc, 0x37, 0xfc, 0x37, 0xfc, 0x37, 0xfc, 0x37, 0xfc, 0x37, 0xfc, 0x37, 0xfc, 0x37, 0xfc, 0x37, 0xfc, 0x37, 0xfc, 0x37, 0xfc, 0x37, 0xfc, 0x37, 0xfc, 0x37, 0xfc, 0x37,
  0xfc, 0x37, 0xfc, 0x37, 0xfc, 0x37, 0xfc, 0x37, 0xfc, 0x37, 0xfc, 0x37, 0xfc, 0x37, 0xfc, 0x37, 0xfc, 0x37, 0xfc, 0x37, 0xfc, 0x37, 0xfc, 0x37, 0xfc, 0x37, 0x59, 0x2f, 0x4b, 0x13, 0x90, 0x19,
  0x5b, 0x2a, 0x5a, 0x2a, 0x39, 0x2a, 0x5a, 0x2a, 0x9a, 0x32, 0x7a, 0x2a, 0x39, 0x2a, 0x59, 0x2a, 0x59, 0x2a, 0x59, 0x2a, 0x59, 0x2a, 0x39, 0x2a, 0x39, 0x2a, 0x39, 0x2a, 0x39, 0x2a, 0x39, 0x2a,
  0x39, 0x2a, 0x59, 0x2a, 0x39, 0x22, 0x46, 0x00, 0xa8, 0x4a, 0xf7, 0xbe, 0xda, 0xd7, 0x99, 0xd7, 0x99, 0xd7, 0x99, 0xd7, 0x99, 0xd7, 0x99, 0xd7, 0x99, 0xd7, 0x99, 0xd7, 0x99, 0xd7, 0x99, 0xd7,
  0x99, 0xd7, 0x99, 0xd7, 0x99, 0xd7, 0x99, 0xd7, 0x99, 0xd7, 0x99, 0xd7, 0x99, 0xd7, 0x99, 0xd7, 0x99, 0xd7, 0x99, 0xd7, 0x99, 0xd7, 0x99, 0xd7, 0x99, 0xd7, 0x99, 0xd7, 0x99, 0xd7, 0x99, 0xd7,
  0x99, 0xd7, 0x99, 0xd7, 0x99, 0xd7, 0x99, 0xd7, 0x99, 0xd7, 0x99, 0xd7, 0x99, 0xd7, 0x99, 0xd7, 0x99, 0xd7, 0x99, 0xd7, 0x99, 0xd7, 0x99, 0xd7, 0x99, 0xd7, 0x99, 0xd7, 0x99, 0xd7, 0x99, 0xd7,
  0x99, 0xd7, 0x99, 0xd7, 0x99, 0xd7, 0x99, 0xd7, 0x99, 0xd7, 0x99, 0xd7, 0x99, 0xd7, 0x99, 0xd7, 0x99, 0xd7, 0x99, 0xd7, 0x99, 0xd7, 0x99, 0xd7, 0x99, 0xd7, 0x99, 0xd7, 0x99, 0xd7, 0x99, 0xd7,
  0x99, 0xd7, 0x99, 0xd7, 0x99, 0xd7, 0x99, 0xd7, 0x99, 0xd7, 0x99, 0xd7, 0x99, 0xd7, 0x99, 0xd7, 0x99, 0xd7, 0x99, 0xd7, 0x99, 0xd7, 0x99, 0xd7, 0x99, 0xd7, 0x99, 0xd7, 0x99, 0xd7, 0x99, 0xd7,
  0x99, 0xd7, 0x99, 0xd7, 0x99, 0xd7, 0x99, 0xd7, 0x99, 0xd7, 0x99, 0xd7, 0x99, 0xd7, 0x99, 0xd7, 0x99, 0xd7, 0x99, 0xd7, 0x99, 0xd7, 0x99, 0xd7, 0x99, 0xd7, 0x99, 0xd7, 0x99, 0xd7, 0xfb, 0xdf,
  0xfd, 0xef, 0x2e, 0x74, 0x00, 0x00, 0x41, 0x08, 0xb9, 0xd7, 0xb9, 0xd7, 0x99, 0xcf, 0x98, 0xd7, 0x99, 0xcf, 0x99, 0xd7, 0xfa, 0xdf, 0xda, 0xd7, 0xf0, 0x8c, 0xe6, 0x31, 0x00, 0x00, 0x00, 0x00,
  0x00, 0x00, 0x00, 0x00, 0xa6, 0x31, 0x8f, 0x7c, 0xfc, 0xe7, 0xda, 0xd7, 0x99, 0xd7, 0x99, 0xd7, 0x99, 0xd7, 0x99, 0xd7, 0x99, 0xd7, 0x99, 0xd7, 0x99, 0xd7, 0x99, 0xd7, 0xfa, 0xe7, 0xd6, 0x3a,
  0xdf, 0x32, 0xbf, 0x32, 0xbf, 0x32, 0xbf, 0x32, 0xff, 0x32, 0x0a, 0x11, 0x00, 0x00, 0xf8, 0x2e, 0xfe, 0x3f, 0xfc, 0x37, 0xfc, 0x37, 0xfc, 0x37, 0xfc, 0x37, 0xfc, 0x37, 0xfc, 0x37, 0xfc, 0x37,
  0xfc, 0x37, 0xfc, 0x37, 0xfc, 0x37, 0xfc, 0x37, 0xfc, 0x37, 0xfc, 0x37, 0xfc, 0x37, 0xfc, 0x37, 0xfc, 0x37, 0xfc, 0x37, 0xfc, 0x37, 0xfc, 0x37, 0xfc, 0x37, 0xfc, 0x37, 0xfc, 0x37, 0xfc, 0x37,
  0xfc, 0x37, 0xfc, 0x37, 0xfc, 0x37, 0xfc, 0x37, 0xfc, 0x37, 0xfc, 0x37, 0xfc, 0x37, 0xfc, 0x37, 0xfc, 0x37, 0xfc, 0x37, 0xfc, 0x37, 0xfc, 0x37, 0xfc, 0x37, 0xfc, 0x37, 0xfc, 0x37, 0xfc, 0x37,
  0xfc, 0x37, 0xfc, 0x37, 0xfc, 0x37, 0xfd, 0x37, 0xfd, 0x37, 0xcc, 0x1b, 0x00, 0x00, 0x15, 0x22, 0xdf, 0x32, 0xbf, 0x2a, 0xbf, 0x2a, 0xbf, 0x32, 0x3a, 0x2a, 0xc0, 0x00, 0xff, 0x3f, 0xfc, 0x37,
  0xfc, 0x37, 0xfc, 0x37, 0xfc, 0x37, 0xfc, 0x37, 0xfc, 0x37, 0xfc, 0x37, 0xfc, 0x37, 0xfc, 0x37, 0xfc, 0x37, 0xfc, 0x37, 0xfc, 0x37, 0xfc, 0x37, 0xfc, 0x37, 0xfc, 0x37, 0xfc, 0x37, 0xfc, 0x37,
  0xfc, 0x37, 0xfc, 0x37, 0xfc, 0x37, 0xfc, 0x37, 0xfc, 0x37, 0xfc, 0x37, 0xfc, 0x37, 0xfc, 0x37, 0xfc, 0x37, 0xfc, 0x37, 0xfc, 0x37, 0xfc, 0x37, 0xfc, 0x37, 0xfc, 0x37, 0xfc, 0x37, 0xfc, 0x37,
  0xfc, 0x37, 0xfc, 0x37, 0xfc, 0x37, 0xfc, 0x37, 0xfc, 0x37, 0xfc, 0x37, 0xfc, 0x37, 0xfc, 0x37, 0xfc, 0x37, 0xfc, 0x37, 0xfc, 0x37, 0xfc, 0x37, 0xfc, 0x37, 0xfc, 0x37, 0xfc, 0x37, 0xfc, 0x37,
  0xfc, 0x37, 0xfc, 0x37, 0xfc, 0x37, 0xfc, 0x37, 0xfc, 0x37, 0xfc, 0x37, 0xfc, 0x37, 0xfc, 0x37, 0xfc, 0x37, 0xfc, 0x37, 0xfc, 0x37, 0xfc, 0x37, 0xfc, 0x37, 0xfc, 0x37, 0xfc, 0x37, 0xfc, 0x37,
  0xfc, 0x37, 0xfc, 0x37, 0xfc, 0x37, 0xfc, 0x37, 0xfc, 0x37, 0xfc, 0x37, 0xfc, 0x37, 0xfc, 0x37, 0xfc, 0x37, 0xfc, 0x37, 0xfc, 0x37, 0xfc, 0x37, 0xfc, 0x37, 0xfc, 0x37, 0xfc, 0x37, 0xfc, 0x37,
  0xfc, 0x37, 0xfc, 0x37, 0xfc, 0x37, 0xfc, 0x37, 0xfc, 0x37, 0xfc, 0x37, 0xfc, 0x37, 0xfc, 0x37, 0xfc, 0x37, 0xfc, 0x37, 0xfc, 0x37, 0xfc, 0x37, 0xfc, 0x37, 0xfc, 0x37, 0xfc, 0x37, 0xfc, 0x37,
  0xfc, 0x37, 0xfc, 0x37, 0xfc, 0x37, 0xfc, 0x37, 0xfc, 0x37, 0xfc, 0x37, 0xfc, 0x37, 0xfc, 0x37, 0xfc, 0x37, 0xfc, 0x37, 0xdb, 0x37, 0xdb, 0x37, 0xfb, 0x37, 0x18, 0x2f, 0x2b, 0x13, 0x90, 0x19,
  0x5b, 0x2a, 0x5a, 0x2a, 0x39, 0x2a, 0x59, 0x2a, 0x9a, 0x32, 0x79, 0x2a, 0x39, 0x2a, 0x59, 0x2a, 0x39, 0x2a, 0x39, 0x2a, 0x39, 0x2a, 0x39, 0x2a, 0x39, 0x2a, 0x39, 0x2a, 0x39, 0x2a, 0x39, 0x2a,
  0x39, 0x2a, 0x39, 0x2a, 0x5a, 0x2a, 0x39, 0x2a, 0x05, 0x00, 0x4a, 0x5b, 0x58, 0xcf, 0xba, 0xd7, 0x99, 0xd7, 0x99, 0xd7, 0x99, 0xd7, 0x99, 0xd7, 0x99, 0xd7, 0x99, 0xd7, 0x99, 0xd7, 0x99, 0xd7,
  0x99, 0xd7, 0x99, 0xd7, 0x99, 0xd7, 0x99, 0xd7, 0x99, 0xd7, 0x99, 0xd7, 0x99, 0xd7, 0x99, 0xd7, 0x99, 0xd7, 0x99, 0xd7, 0x99, 0xd7, 0x99, 0xd7, 0x99, 0xd7, 0x99, 0xd7, 0x99, 0xd7, 0x99, 0xd7,
  0x99, 0xd7, 0x99, 0xd7, 0x99, 0xd7, 0x99, 0xd7, 0x99, 0xd7, 0x99, 0xd7, 0x99, 0xd7, 0x99, 0xd7, 0x99, 0xd7, 0x99, 0xd7, 0x99, 0xd7, 0x99, 0xd7, 0x99, 0xd7, 0x99, 0xd7, 0x99, 0xd7, 0x99, 0xd7,
  0x99, 0xd7, 0x99, 0xd7, 0x99, 0xd7, 0x99, 0xd7, 0x99, 0xd7, 0x99, 0xd7, 0x99, 0xd7, 0x99, 0xd7, 0x99, 0xd7, 0x99, 0xd7, 0x99, 0xd7, 0x99, 0xd7, 0x99, 0xd7, 0x99, 0xd7, 0x99, 0xd7, 0x99, 0xd7,
  0x99, 0xd7, 0x99, 0xd7, 0x99, 0xd7, 0x99, 0xd7, 0x99, 0xd7, 0x99, 0xd7, 0x99, 0xd7, 0x99, 0xd7, 0x99, 0xd7, 0x99, 0xd7, 0x99, 0xd7, 0x99, 0xd7, 0x99, 0xd7, 0x99, 0xd7, 0x99, 0xd7, 0x99, 0xd7,
  0x99, 0xd7, 0x99, 0xd7, 0x99, 0xd7, 0x99, 0xd7, 0x99, 0xd7, 0x99, 0xd7, 0x99, 0xd7, 0x99, 0xd7, 0x99, 0xd7, 0x99, 0xd7, 0x99, 0xd7, 0x99, 0xd7, 0x99, 0xd7, 0xfa, 0xdf, 0xfd, 0xf7, 0xc2, 0x10,
  0x00, 0x00, 0x00, 0x00, 0x00, 0x00, 0x00, 0x00, 0x99, 0xd7, 0xba, 0xd7, 0x9a, 0xcf, 0x75, 0xd7, 0x99, 0xcf, 0xfb, 0xe7, 0x6f, 0x7c, 0x00, 0x00, 0x00, 0x00, 0x00, 0x00, 0x85, 0x29, 0x8c, 0x63,
  0xea, 0x52, 0xc6, 0x31, 0x00, 0x00, 0x00, 0x00, 0x00, 0x00, 0xf4, 0xa5, 0xfb, 0xdf, 0x99, 0xd7, 0x99, 0xd7, 0x99, 0xd7, 0x99, 0xd7, 0x99, 0xd7, 0x99, 0xd7, 0x99, 0xd7, 0xfa, 0xe7, 0xd6, 0x3a,
  0xbf, 0x32, 0xbe, 0x32, 0xbf, 0x32, 0xdf, 0x32, 0x18, 0x22, 0x00, 0x00, 0x9a, 0x37, 0xfc, 0x37, 0xdb, 0x37, 0xdb, 0x37, 0xdb, 0x37, 0xdb, 0x37, 0xdb, 0x37, 0xdb, 0x37, 0xdb, 0x37, 0xdb, 0x37,
  0xdb, 0x37, 0xdb, 0x37, 0xdb, 0x37, 0xdb, 0x37, 0xdb, 0x37, 0xdb, 0x37, 0xdb, 0x37, 0xdb, 0x37, 0xdb, 0x37, 0xdb, 0x37, 0xdb, 0x37, 0xdb, 0x37, 0xdb, 0x37, 0xdb, 0x37, 0xdb, 0x37, 0xdb, 0x37,
  0xdb, 0x37, 0xdb, 0x37, 0xdb, 0x37, 0xdb, 0x37, 0xdb, 0x37, 0xdb, 0x37, 0xdb, 0x37, 0xdb, 0x37, 0xdb, 0x37, 0xdb, 0x37, 0xdb, 0x37, 0xdb, 0x37, 0xdb, 0x37, 0xdb, 0x37, 0xdb, 0x37, 0xdb, 0x37,
  0xdb, 0x37, 0xdb, 0x37, 0xdb, 0x37, 0xdb, 0x37, 0xfb, 0x37, 0xfc, 0x37, 0x11, 0x25, 0x00, 0x00, 0x0a, 0x11, 0x84, 0x08, 0x64, 0x08, 0x64, 0x08, 0x63, 0x08, 0x20, 0x00, 0x24, 0x09, 0xe3, 0x08,
  0xe3, 0x08, 0xe3, 0x08, 0xe3, 0x08, 0xe3, 0x08, 0xe3, 0x08, 0xe3, 0x08, 0xe3, 0x08, 0xe3, 0x08, 0xe3, 0x08, 0xe3, 0x08, 0xe3, 0x08, 0xe3, 0x08, 0xe3, 0x08, 0xe3, 0x08, 0xe3, 0x08, 0xe3, 0x08,
  0xe3, 0x08, 0xe3, 0x08, 0xe3, 0x08, 0xe3, 0x08, 0xe3, 0x08, 0xe3, 0x08, 0xe3, 0x08, 0xe3, 0x08, 0xe3, 0x08, 0xe3, 0x08, 0xe3, 0x08, 0xe3, 0x08, 0xe3, 0x08, 0xe3, 0x08, 0xe3, 0x08, 0xe3, 0x08,
  0xe3, 0x08, 0xe3, 0x08, 0xe3, 0x08, 0xe3, 0x08, 0xe3, 0x08, 0xe3, 0x08, 0xe3, 0x08, 0xe3, 0x08, 0xe3, 0x08, 0xe3, 0x08, 0xe3, 0x08, 0xe3, 0x08, 0xe3, 0x08, 0xe3, 0x08, 0xe3, 0x08, 0xe3, 0x08,
  0xe3, 0x08, 0xe3, 0x08, 0xe3, 0x08, 0xe3, 0x08, 0xe3, 0x08, 0xe3, 0x08, 0xe3, 0x08, 0xe3, 0x08, 0xe3, 0x08, 0xe3, 0x08, 0xe3, 0x08, 0xe3, 0x08, 0xe3, 0x08, 0xe3, 0x08, 0xe3, 0x08, 0xe3, 0x08,
  0xe3, 0x08, 0xe3, 0x08, 0xe3, 0x08, 0xe3, 0x08, 0xe3, 0x08, 0xe3, 0x08, 0xe3, 0x08, 0xe3, 0x08, 0xe3, 0x08, 0xe3, 0x08, 0xe3, 0x08, 0xe3, 0x08, 0xe3, 0x08, 0xe3, 0x08, 0xe3, 0x08, 0xe3, 0x08,
  0xe3, 0x08, 0xe3, 0x08, 0xe3, 0x08, 0xe3, 0x08, 0xe3, 0x08, 0xe3, 0x08, 0xe3, 0x08, 0xe3, 0x08, 0xe3, 0x08, 0xe3, 0x08, 0xe3, 0x08, 0xe3, 0x08, 0xe3, 0x08, 0xe3, 0x08, 0xe3, 0x08, 0xe3, 0x08,
  0xe3, 0x08, 0xe3, 0x08, 0xe3, 0x08, 0xe3, 0x08, 0xe3, 0x08, 0xe3, 0x08, 0xe3, 0x08, 0x03, 0x09, 0xc3, 0x08, 0xd1, 0x24, 0xfc, 0x37, 0xdb, 0x37, 0xfb, 0x37, 0x18, 0x2f, 0x2b, 0x13, 0x90, 0x19,
  0x5a, 0x2a, 0x59, 0x2a, 0x39, 0x2a, 0x5a, 0x2a, 0x9a, 0x32, 0x79, 0x2a, 0x39, 0x2a, 0x39, 0x2a, 0x39, 0x2a, 0x39, 0x2a, 0x39, 0x2a, 0x39, 0x2a, 0x39, 0x2a, 0x39, 0x2a, 0x39, 0x2a, 0x39, 0x2a,
  0x39, 0x2a, 0x39, 0x2a, 0x39, 0x2a, 0x5a, 0x2a, 0xf5, 0x21, 0x03, 0x00, 0xcc, 0x6b, 0x79, 0xcf, 0xba, 0xd7, 0x99, 0xd7, 0x99, 0xd7, 0x99, 0xd7, 0x99, 0xd7, 0x99, 0xd7, 0x99, 0xd7, 0x99, 0xd7,
  0x99, 0xd7, 0x99, 0xd7, 0x99, 0xd7, 0x99, 0xd7, 0x99, 0xd7, 0x99, 0xd7, 0x99, 0xd7, 0x99, 0xd7, 0x99, 0xd7, 0x99, 0xd7, 0x99, 0xd7, 0x99, 0xd7, 0x99, 0xd7, 0x99, 0xd7, 0x99, 0xd7, 0x99, 0xd7,
  0x99, 0xd7, 0x99, 0xd7, 0x99, 0xd7, 0x99, 0xd7, 0x99, 0xd7, 0x99, 0xd7, 0x99, 0xd7, 0x99, 0xd7, 0x99, 0xd7, 0x99, 0xd7, 0x99, 0xd7, 0x99, 0xd7, 0x99, 0xd7, 0x99, 0xd7, 0x99, 0xd7, 0x99, 0xd7,
  0x99, 0xd7, 0x99, 0xd7, 0x99, 0xd7, 0x99, 0xd7, 0x99, 0xd7, 0x99, 0xd7, 0x99, 0xd7, 0x99, 0xd7, 0x99, 0xd7, 0x99, 0xd7, 0x99, 0xd7, 0x99, 0xd7, 0x99, 0xd7, 0x99, 0xd7, 0x99, 0xd7, 0x99, 0xd7,
  0x99, 0xd7, 0x99, 0xd7, 0x99, 0xd7, 0x99, 0xd7, 0x99, 0xd7, 0x99, 0xd7, 0x99, 0xd7, 0x99, 0xd7, 0x99, 0xd7, 0x99, 0xd7, 0x99, 0xd7, 0x99, 0xd7, 0x99, 0xd7, 0x99, 0xd7, 0x99, 0xd7, 0x99, 0xd7,
  0x99, 0xd7, 0x99, 0xd7, 0x99, 0xd7, 0x99, 0xd7, 0x99, 0xd7, 0x99, 0xd7, 0x99, 0xd7, 0x99, 0xd7, 0x99, 0xd7, 0x99, 0xd7, 0x99, 0xd7, 0x99, 0xd7, 0xfb, 0xdf, 0xc9, 0x4a, 0x00, 0x00, 0x00, 0x00,
  0x00, 0x00, 0x40, 0x00, 0xfc, 0xe7, 0xfc, 0xef, 0xba, 0xd7, 0x99, 0xd7, 0x99, 0xcf, 0x99, 0xd7, 0xfb, 0xdf, 0x4e, 0x74, 0x00, 0x00, 0x21, 0x00, 0x11, 0x8d, 0xfe, 0xf7, 0xfd, 0xef, 0xfd, 0xef,
  0xfd, 0xef, 0xfd, 0xef, 0xfc, 0xef, 0x4e, 0x74, 0x00, 0x00, 0x00, 0x00, 0x6f, 0x7c, 0xda, 0xd7, 0x99, 0xd7, 0x99, 0xd7, 0x99, 0xd7, 0x99, 0xd7, 0x99, 0xd7, 0x99, 0xd7, 0xfa, 0xe7, 0xb6, 0x3a,
  0xbe, 0x2a, 0xbf, 0x2a, 0xbf, 0x32, 0xff, 0x32, 0x00, 0x00, 0x93, 0x25, 0xfd, 0x37, 0xdb, 0x37, 0xdb, 0x37, 0xdb, 0x37, 0xdb, 0x37, 0xdb, 0x37, 0xdb, 0x37, 0xdb, 0x37, 0xdb, 0x37, 0xdb, 0x37,
  0xdb, 0x37, 0xdb, 0x37, 0xdb, 0x37, 0xdb, 0x37, 0xdb, 0x37, 0xdb, 0x37, 0xdb, 0x37, 0xdb, 0x37, 0xdb, 0x37, 0xdb, 0x37, 0xdb, 0x37, 0xdb, 0x37, 0xdb, 0x37, 0xdb, 0x37, 0xdb, 0x37, 0xdb, 0x37,
  0xdb, 0x37, 0xdb, 0x37, 0xdb, 0x37, 0xdb, 0x37, 0xdb, 0x37, 0xdb, 0x37, 0xdb, 0x37, 0xdb, 0x37, 0xdb, 0x37, 0xdb, 0x37, 0xdb, 0x37, 0xdb, 0x37, 0xdb, 0x37, 0xdb, 0x37, 0xdb, 0x37, 0xdb, 0x37,
  0xdb, 0x37, 0xdb, 0x37, 0xdb, 0x37, 0xdb, 0x37, 0xdb, 0x37, 0xfc, 0x37, 0xba, 0x37, 0x48, 0x12, 0x04, 0x11, 0x34, 0x4d, 0x79, 0x5e, 0x59, 0x5e, 0x59, 0x5e, 0x59, 0x5e, 0x39, 0x5e, 0x39, 0x5e,
  0x39, 0x5e, 0x39, 0x5e, 0x39, 0x5e, 0x39, 0x5e, 0x39, 0x5e, 0x39, 0x5e, 0x39, 0x5e, 0x39, 0x5e, 0x39, 0x5e, 0x39, 0x5e, 0x39, 0x5e, 0x39, 0x5e, 0x39, 0x5e, 0x39, 0x5e, 0x39, 0x5e, 0x39, 0x5e,
  0x39, 0x5e, 0x39, 0x5e, 0x39, 0x5e, 0x39, 0x5e, 0x39, 0x5e, 0x39, 0x5e, 0x39, 0x5e, 0x39, 0x5e, 0x39, 0x5e, 0x39, 0x5e, 0x39, 0x5e, 0x39, 0x5e, 0x39, 0x5e, 0x39, 0x5e, 0x39, 0x5e, 0x39, 0x5e,
  0x39, 0x5e, 0x39, 0x5e, 0x39, 0x5e, 0x39, 0x5e, 0x39, 0x5e, 0x39, 0x5e, 0x39, 0x5e, 0x39, 0x5e, 0x39, 0x5e, 0x39, 0x5e, 0x39, 0x5e, 0x39, 0x5e, 0x39, 0x5e, 0x39, 0x5e, 0x39, 0x5e, 0x39, 0x5e,
  0x39, 0x5e, 0x39, 0x5e, 0x39, 0x5e, 0x39, 0x5e, 0x39, 0x5e, 0x39, 0x5e, 0x39, 0x5e, 0x39, 0x5e, 0x39, 0x5e, 0x39, 0x5e, 0x39, 0x5e, 0x39, 0x5e, 0x39, 0x5e, 0x39, 0x5e, 0x39, 0x5e, 0x39, 0x5e,
  0x39, 0x5e, 0x39, 0x5e, 0x39, 0x5e, 0x39, 0x5e, 0x39, 0x5e, 0x39, 0x5e, 0x39, 0x5e, 0x39, 0x5e, 0x39, 0x5e, 0x39, 0x5e, 0x39, 0x5e, 0x39, 0x5e, 0x39, 0x5e, 0x39, 0x5e, 0x39, 0x5e, 0x39, 0x5e,
  0x39, 0x5e, 0x39, 0x5e, 0x39, 0x5e, 0x39, 0x5e, 0x39, 0x5e, 0x39, 0x5e, 0x39, 0x5e, 0x39, 0x5e, 0x39, 0x5e, 0x39, 0x5e, 0x39, 0x5e, 0x39, 0x5e, 0x39, 0x5e, 0x39, 0x5e, 0x39, 0x5e, 0x39, 0x5e,
  0x39, 0x5e, 0x39, 0x5e, 0x39, 0x5e, 0x39, 0x5e, 0x39, 0x5e, 0x39, 0x5e, 0x39, 0x5e, 0x9a, 0x66, 0x49, 0x2a, 0xcd, 0x13, 0xfd, 0x37, 0xdb, 0x37, 0xfb, 0x37, 0x18, 0x2f, 0x2b, 0x13, 0x90, 0x19,
  0x5a, 0x2a, 0x59, 0x2a, 0x39, 0x2a, 0x59, 0x2a, 0x9a, 0x32, 0x59, 0x2a, 0x39, 0x2a, 0x39, 0x2a, 0x39, 0x2a, 0x39, 0x2a, 0x39, 0x2a, 0x39, 0x2a, 0x39, 0x2a, 0x39, 0x2a, 0x39, 0x2a, 0x39, 0x2a,
  0x39, 0x2a, 0x39, 0x2a, 0x39, 0x2a, 0x39, 0x2a, 0x5a, 0x2a, 0xd4, 0x21, 0x02, 0x00, 0x8f, 0x7c, 0xda, 0xd7, 0xb9, 0xd7, 0x99, 0xd7, 0x99, 0xd7, 0x99, 0xd7, 0x99, 0xd7, 0x99, 0xd7, 0x99, 0xd7,
  0x99, 0xd7, 0x99, 0xd7, 0x99, 0xd7, 0x99, 0xd7, 0x99, 0xd7, 0x99, 0xd7, 0x99, 0xd7, 0x99, 0xd7, 0x99, 0xd7, 0x99, 0xd7, 0x99, 0xd7, 0x99, 0xd7, 0x99, 0xd7, 0x99, 0xd7, 0x99, 0xd7, 0x99, 0xd7,
  0x99, 0xd7, 0x99, 0xd7, 0x99, 0xd7, 0x99, 0xd7, 0x99, 0xd7, 0x99, 0xd7, 0x99, 0xd7, 0x99, 0xd7, 0x99, 0xd7, 0x99, 0xd7, 0x99, 0xd7, 0x99, 0xd7, 0x99, 0xd7, 0x99, 0xd7, 0x99, 0xd7, 0x99, 0xd7,
  0x99, 0xd7, 0x99, 0xd7, 0x99, 0xd7, 0x99, 0xd7, 0x99, 0xd7, 0x99, 0xd7, 0x99, 0xd7, 0x99, 0xd7, 0x99, 0xd7, 0x99, 0xd7, 0x99, 0xd7, 0x99, 0xd7, 0x99, 0xd7, 0x99, 0xd7, 0x99, 0xd7, 0x99, 0xd7,
  0x99, 0xd7, 0x99, 0xd7, 0x99, 0xd7, 0x99, 0xd7, 0x99, 0xd7, 0x99, 0xd7, 0x99, 0xd7, 0x99, 0xd7, 0x99, 0xd7, 0x99, 0xd7, 0x99, 0xd7, 0x99, 0xd7, 0x99, 0xd7, 0x99, 0xd7, 0x99, 0xd7, 0x99, 0xd7,
  0x99, 0xd7, 0x99, 0xd7, 0x99, 0xd7, 0x99, 0xd7, 0x99, 0xd7, 0x99, 0xd7, 0x99, 0xd7, 0x99, 0xd7, 0x99, 0xd7, 0x99, 0xd7, 0x99, 0xd7, 0x99, 0xd7, 0xfc, 0xef, 0x00, 0x00, 0x00, 0x00, 0x00, 0x00,
  0x00, 0x00, 0xf7, 0xbe, 0xda, 0xd7, 0x99, 0xd7, 0x99, 0xd7, 0x99, 0xd7, 0x9a, 0xcf, 0x76, 0xd7, 0xfb, 0xdf, 0x8c, 0x63, 0x48, 0x42, 0xfb, 0xdf, 0x17, 0xc7, 0x88, 0x42, 0x00, 0x00, 0x00, 0x00,
  0x00, 0x00, 0x61, 0x08, 0x4b, 0x5b, 0xfb, 0xdf, 0xfb, 0xdf, 0xa2, 0x10, 0x88, 0x42, 0xfa, 0xdf, 0x99, 0xd7, 0x99, 0xd7, 0x99, 0xd7, 0x99, 0xd7, 0x99, 0xd7, 0x99, 0xd7, 0xfa, 0xe7, 0xb6, 0x3a,
  0xbf, 0x2a, 0xbf, 0x2a, 0xdf, 0x32, 0x7c, 0x2a, 0x00, 0x00, 0xff, 0x3f, 0xdb, 0x37, 0xdb, 0x37, 0xdb, 0x37, 0xdb, 0x37, 0xdb, 0x37, 0xdb, 0x37, 0xdb, 0x37, 0xdb, 0x37, 0xdb, 0x37, 0xdb, 0x37,
  0xdb, 0x37, 0xdb, 0x37, 0xdb, 0x37, 0xdb, 0x37, 0xdb, 0x37, 0xdb, 0x37, 0xdb, 0x37, 0xdb, 0x37, 0xdb, 0x37, 0xdb, 0x37, 0xdb, 0x37, 0xdb, 0x37, 0xdb, 0x37, 0xdb, 0x37, 0xdb, 0x37, 0xdb, 0x37,
  0xdb, 0x37, 0xdb, 0x37, 0xdb, 0x37, 0xdb, 0x37, 0xdb, 0x37, 0xdb, 0x37, 0xdb, 0x37, 0xdb, 0x37, 0xdb, 0x37, 0xdb, 0x37, 0xdb, 0x37, 0xdb, 0x37, 0xdb, 0x37, 0xdb, 0x37, 0xdb, 0x37, 0xdb, 0x37,
  0xdb, 0x37, 0xdb, 0x37, 0xdb, 0x37, 0xdb, 0x37, 0xdb, 0x37, 0xdb, 0x37, 0xfb, 0x37, 0x76, 0x2e, 0x01, 0x08, 0xdb, 0x66, 0xff, 0x7f, 0xff, 0x77, 0xff, 0x77, 0xff, 0x77, 0xff, 0x77, 0xff, 0x77,
  0xff, 0x77, 0xff, 0x77, 0xff, 0x77, 0xff, 0x77, 0xff, 0x77, 0xff, 0x77, 0xff, 0x77, 0xff, 0x77, 0xff, 0x77, 0xff, 0x77, 0xff, 0x77, 0xff, 0x77, 0xff, 0x77, 0xff, 0x77, 0xff, 0x77, 0xff, 0x77,
  0xff, 0x77, 0xff, 0x77, 0xff, 0x77, 0xff, 0x77, 0xff, 0x77, 0xff, 0x77, 0xff, 0x77, 0xff, 0x77, 0xff, 0x77, 0xff, 0x77, 0xff, 0x77, 0xff, 0x77, 0xff, 0x77, 0xff, 0x77, 0xff, 0x77, 0xff, 0x77,
  0xff, 0x77, 0xff, 0x77, 0xff, 0x77, 0xff, 0x77, 0xff, 0x77, 0xff, 0x77, 0xff, 0x77, 0xff, 0x77, 0xff, 0x77, 0xff, 0x77, 0xff, 0x77, 0xff, 0x77, 0xff, 0x77, 0xff, 0x77, 0xff, 0x77, 0xff, 0x77,
  0xff, 0x77, 0xff, 0x77, 0xff, 0x77, 0xff, 0x77, 0xff, 0x77, 0xff, 0x77, 0xff, 0x77, 0xff, 0x77, 0xff, 0x77, 0xff, 0x77, 0xff, 0x77, 0xff, 0x77, 0xff, 0x77, 0xff, 0x77, 0xff, 0x77, 0xff, 0x77,
  0xff, 0x77, 0xff, 0x77, 0xff, 0x77, 0xff, 0x77, 0xff, 0x77, 0xff, 0x77, 0xff, 0x77, 0xff, 0x77, 0xff, 0x77, 0xff, 0x77, 0xff, 0x77, 0xff, 0x77, 0xff, 0x77, 0xff, 0x77, 0xff, 0x77, 0xff, 0x77,
  0xff, 0x77, 0xff, 0x77, 0xff, 0x77, 0xff, 0x77, 0xff, 0x77, 0xff, 0x77, 0xff, 0x77, 0xff, 0x77, 0xff, 0x77, 0xff, 0x77, 0xff, 0x77, 0xff, 0x77, 0xff, 0x77, 0xff, 0x77, 0xff, 0x77, 0xff, 0x77,
  0xff, 0x77, 0xff, 0x77, 0xff, 0x77, 0xff, 0x77, 0xff, 0x77, 0xff, 0x77, 0xff, 0x77, 0xff, 0x7f, 0x2d, 0x33, 0xcd, 0x13, 0xfd, 0x37, 0xdb, 0x37, 0xfb, 0x37, 0x18, 0x2f, 0x2b, 0x13, 0x90, 0x19,
  0x5a, 0x2a, 0x39, 0x2a, 0x39, 0x2a, 0x59, 0x2a, 0x9a, 0x32, 0x59, 0x2a, 0x39, 0x22, 0x39, 0x2a, 0x39, 0x2a, 0x39, 0x2a, 0x39, 0x2a, 0x39, 0x2a, 0x39, 0x2a, 0x39, 0x2a, 0x39, 0x2a, 0x39, 0x2a,
  0x39, 0x2a, 0x39, 0x2a, 0x39, 0x22, 0x39, 0x22, 0x39, 0x22, 0x5b, 0x2a, 0x90, 0x21, 0x63, 0x08, 0xf0, 0x8c, 0xda, 0xd7, 0x99, 0xd7, 0x99, 0xd7, 0x99, 0xd7, 0x99, 0xd7, 0x99, 0xd7, 0x99, 0xd7,
  0x99, 0xd7, 0x99, 0xd7, 0x99, 0xd7, 0x99, 0xd7, 0x99, 0xd7, 0x99, 0xd7, 0x99, 0xd7, 0x99, 0xd7, 0x99, 0xd7, 0x99, 0xd7, 0x99, 0xd7, 0x99, 0xd7, 0x99, 0xd7, 0x99, 0xd7, 0x99, 0xd7, 0x99, 0xd7,
  0x99, 0xd7, 0x99, 0xd7, 0x99, 0xd7, 0x99, 0xd7, 0x99, 0xd7, 0x99, 0xd7, 0x99, 0xd7, 0x99, 0xd7, 0x99, 0xd7, 0x99, 0xd7, 0x99, 0xd7, 0x99, 0xd7, 0x99, 0xd7, 0x99, 0xd7, 0x99, 0xd7, 0x99, 0xd7,
  0x99, 0xd7, 0x99, 0xd7, 0x99, 0xd7, 0x99, 0xd7, 0x99, 0xd7, 0x99, 0xd7, 0x99, 0xd7, 0x99, 0xd7, 0x99, 0xd7, 0x99, 0xd7, 0x99, 0xd7, 0x99, 0xd7, 0x99, 0xd7, 0x99, 0xd7, 0x99, 0xd7, 0x99, 0xd7,
  0x99, 0xd7, 0x99, 0xd7, 0x99, 0xd7, 0x99, 0xd7, 0x99, 0xd7, 0x99, 0xd7, 0x99, 0xd7, 0x99, 0xd7, 0x99, 0xd7, 0x99, 0xd7, 0x99, 0xd7, 0x99, 0xd7, 0x99, 0xd7, 0x99, 0xd7, 0x99, 0xd7, 0x99, 0xd7,
  0x99, 0xd7, 0x99, 0xd7, 0x99, 0xd7, 0x99, 0xd7, 0x99, 0xd7, 0x99, 0xd7, 0x99, 0xd7, 0x99, 0xd7, 0x99, 0xd7, 0x99, 0xd7, 0x99, 0xd7, 0xda, 0xd7, 0x76, 0xb6, 0x20, 0x00, 0x00, 0x00, 0x00, 0x00,
  0x00, 0x00, 0x00, 0x00, 0xda, 0xd7, 0xda, 0xd7, 0x99, 0xd7, 0x99, 0xd7, 0x99, 0xd7, 0x9a, 0xcf, 0x99, 0xd7, 0xfb, 0xdf, 0xfc, 0xe7, 0x93, 0x9d, 0x00, 0x00, 0x00, 0x00, 0x03, 0x21, 0x6f, 0x7c,
  0xed, 0x6b, 0xa2, 0x10, 0x00, 0x00, 0x00, 0x00, 0x75, 0xb6, 0xfc, 0xe7, 0xfb, 0xdf, 0x99, 0xd7, 0x99, 0xcf, 0x99, 0xcf, 0x99, 0xd7, 0x99, 0xd7, 0x99, 0xd7, 0x99, 0xd7, 0xfa, 0xe7, 0xb6, 0x3a,
  0xbe, 0x32, 0xbe, 0x32, 0xdf, 0x32, 0xf7, 0x21, 0x83, 0x09, 0xfe, 0x37, 0xdb, 0x37, 0xdb, 0x37, 0xdb, 0x37, 0xdb, 0x37, 0xdb, 0x37, 0xdb, 0x37, 0xdb, 0x37, 0xdb, 0x37, 0xdb, 0x37, 0xdb, 0x37,
  0xdb, 0x37, 0xdb, 0x37, 0xdb, 0x37, 0xdb, 0x37, 0xdb, 0x37, 0xdb, 0x37, 0xdb, 0x37, 0xdb, 0x37, 0xdb, 0x37, 0xdb, 0x37, 0xdb, 0x37, 0xdb, 0x37, 0xdb, 0x37, 0xdb, 0x37, 0xdb, 0x37, 0xdb, 0x37,
  0xdb, 0x37, 0xdb, 0x37, 0xdb, 0x37, 0xdb, 0x37, 0xdb, 0x37, 0xdb, 0x37, 0xdb, 0x37, 0xdb, 0x37, 0xdb, 0x37, 0xdb, 0x37, 0xdb, 0x37, 0xdb, 0x37, 0xdb, 0x37, 0xdb, 0x37, 0xdb, 0x37, 0xdb, 0x37,
  0xdb, 0x37, 0xdb, 0x37, 0xdb, 0x37, 0xdb, 0x37, 0xdb, 0x37, 0xdb, 0x37, 0xfc, 0x37, 0x38, 0x2f, 0x00, 0x00, 0xd7, 0x55, 0xff, 0x77, 0xdf, 0x77, 0xdf, 0x77, 0xdf, 0x77, 0xdf, 0x77, 0xdf, 0x77,
  0xdf, 0x77, 0xdf, 0x77, 0xdf, 0x77, 0xdf, 0x77, 0xdf, 0x77, 0xdf, 0x77, 0xdf, 0x77, 0xdf, 0x77, 0xdf, 0x77, 0xdf, 0x77, 0xdf, 0x77, 0xdf, 0x77, 0xdf, 0x77, 0xdf, 0x77, 0xdf, 0x77, 0xdf, 0x77,
  0xdf, 0x77, 0xdf, 0x77, 0xdf, 0x77, 0xdf, 0x77, 0xdf, 0x77, 0xdf, 0x77, 0xdf, 0x77, 0xdf, 0x77, 0xdf, 0x77, 0xdf, 0x77, 0xdf, 0x77, 0xdf, 0x77, 0xdf, 0x77, 0xdf, 0x77, 0xdf, 0x77, 0xdf, 0x77,
  0xdf, 0x77, 0xdf, 0x77, 0xdf, 0x77, 0xdf, 0x77, 0xdf, 0x77, 0xdf, 0x77, 0xdf, 0x77, 0xdf, 0x77, 0xdf, 0x77, 0xdf, 0x77, 0xdf, 0x77, 0xdf, 0x77, 0xdf, 0x77, 0xdf, 0x77, 0xdf, 0x77, 0xdf, 0x77,
  0xdf, 0x77, 0xdf, 0x77, 0xdf, 0x77, 0xdf, 0x77, 0xdf, 0x77, 0xdf, 0x77, 0xdf, 0x77, 0xdf, 0x77, 0xdf, 0x77, 0xdf, 0x77, 0xdf, 0x77, 0xdf, 0x77, 0xdf, 0x77, 0xdf, 0x77, 0xdf, 0x77, 0xdf, 0x77,
  0xdf, 0x77, 0xdf, 0x77, 0xdf, 0x77, 0xdf, 0x77, 0xdf, 0x77, 0xdf, 0x77, 0xdf, 0x77, 0xdf, 0x77, 0xdf, 0x77, 0xdf, 0x77, 0xdf, 0x77, 0xdf, 0x77, 0xdf, 0x77, 0xdf, 0x77, 0xdf, 0x77, 0xdf, 0x77,
  0xdf, 0x77, 0xdf, 0x77, 0xdf, 0x77, 0xdf, 0x77, 0xdf, 0x77, 0xdf, 0x77, 0xdf, 0x77, 0xdf, 0x77, 0xdf, 0x77, 0xdf, 0x77, 0xdf, 0x77, 0xdf, 0x77, 0xdf, 0x77, 0xdf, 0x77, 0xdf, 0x77, 0xdf, 0x77,
  0xdf, 0x77, 0xdf, 0x77, 0xdf, 0x77, 0xdf, 0x77, 0xdf, 0x77, 0xdf, 0x77, 0xdf, 0x77, 0xff, 0x7f, 0x0d, 0x33, 0xcd, 0x13, 0xfd, 0x37, 0xdb, 0x37, 0xfb, 0x37, 0x18, 0x2f, 0x2b, 0x13, 0x90, 0x19,
  0x7a, 0x2a, 0x59, 0x2a, 0x59, 0x2a, 0x79, 0x32, 0xba, 0x3a, 0x79, 0x32, 0x59, 0x2a, 0x59, 0x2a, 0x59, 0x2a, 0x59, 0x2a, 0x59, 0x2a, 0x59, 0x2a, 0x59, 0x2a, 0x59, 0x2a, 0x59, 0x2a, 0x59, 0x2a,
  0x59, 0x2a, 0x59, 0x2a, 0x59, 0x2a, 0x59, 0x2a, 0x59, 0x2a, 0x59, 0x2a, 0x7b, 0x2a, 0x90, 0x21, 0x62, 0x08, 0x52, 0x95, 0xfb, 0xdf, 0x99, 0xd7, 0x99, 0xd7, 0x99, 0xd7, 0x99, 0xd7, 0x99, 0xd7,
  0x99, 0xd7, 0x99, 0xd7, 0x99, 0xd7, 0x99, 0xd7, 0x99, 0xd7, 0x99, 0xd7, 0x99, 0xd7, 0x99, 0xd7, 0x99, 0xd7, 0x99, 0xd7, 0x99, 0xd7, 0x99, 0xd7, 0x99, 0xd7, 0x99, 0xd7, 0x99, 0xd7, 0x99, 0xd7,
  0x99, 0xd7, 0x99, 0xd7, 0x99, 0xd7, 0x99, 0xd7, 0x99, 0xd7, 0x99, 0xd7, 0x99, 0xd7, 0x99, 0xd7, 0x99, 0xd7, 0x99, 0xd7, 0x99, 0xd7, 0x99, 0xd7, 0x99, 0xd7, 0x99, 0xd7, 0x99, 0xd7, 0x99, 0xd7,
  0x99, 0xd7, 0x99, 0xd7, 0x99, 0xd7, 0x99, 0xd7, 0x99, 0xd7, 0x99, 0xd7, 0x99, 0xd7, 0x99, 0xd7, 0x99, 0xd7, 0x99, 0xd7, 0x99, 0xd7, 0x99, 0xd7, 0x99, 0xd7, 0x99, 0xd7, 0x99, 0xd7, 0x99, 0xd7,
  0x99, 0xd7, 0x99, 0xd7, 0x99, 0xd7, 0x99, 0xd7, 0x99, 0xd7, 0x99, 0xd7, 0x99, 0xd7, 0x99, 0xd7, 0x99, 0xd7, 0x99, 0xd7, 0x99, 0xd7, 0x99, 0xd7, 0x99, 0xd7, 0x99, 0xd7, 0x99, 0xd7, 0x99, 0xd7,
  0x99, 0xd7, 0x99, 0xd7, 0x99, 0xd7, 0x99, 0xd7, 0x99, 0xd7, 0x99, 0xd7, 0x99, 0xd7, 0x99, 0xd7, 0x99, 0xd7, 0x99, 0xd7, 0x99, 0xd7, 0xfc, 0xe7, 0xc3, 0x10, 0x00, 0x00, 0x44, 0x21, 0x00, 0x00,
  0x00, 0x00, 0x00, 0x00, 0x00, 0x00, 0xda, 0xd7, 0xba, 0xd7, 0x99, 0xd7, 0x99, 0xd7, 0x99, 0xd7, 0x99, 0xd7, 0x99, 0xcf, 0xfb, 0xdf, 0xec, 0x6b, 0xa2, 0x10, 0xf7, 0xbe, 0xfe, 0xf7, 0xf0, 0x84,
  0x72, 0x95, 0xda, 0xd7, 0x55, 0xae, 0x00, 0x00, 0x88, 0x42, 0xda, 0xdf, 0x99, 0xd7, 0x99, 0xcf, 0x97, 0xd7, 0x99, 0xcf, 0x99, 0xcf, 0x99, 0xd7, 0x99, 0xd7, 0x99, 0xd7, 0xfa, 0xdf, 0xd6, 0x42,
  0x3e, 0x43, 0x3e, 0x43, 0x5f, 0x43, 0x57, 0x32, 0x43, 0x09, 0xfe, 0x37, 0xdb, 0x37, 0xdb, 0x37, 0xdb, 0x37, 0xdb, 0x37, 0xdb, 0x37, 0xdb, 0x37, 0xdb, 0x37, 0xdb, 0x37, 0xdb, 0x37, 0xdb, 0x37,
  0xdb, 0x37, 0xdb, 0x37, 0xdb, 0x37, 0xdb, 0x37, 0xdb, 0x37, 0xdb, 0x37, 0xdb, 0x37, 0xdb, 0x37, 0xdb, 0x37, 0xdb, 0x37, 0xdb, 0x37, 0xdb, 0x37, 0xdb, 0x37, 0xdb, 0x37, 0xdb, 0x37, 0xdb, 0x37,
  0xdb, 0x37, 0xdb, 0x37, 0xdb, 0x37, 0xdb, 0x37, 0xdb, 0x37, 0xdb, 0x37, 0xdb, 0x37, 0xdb, 0x37, 0xdb, 0x37, 0xdb, 0x37, 0xdb, 0x37, 0xdb, 0x37, 0xdb, 0x37, 0xdb, 0x37, 0xdb, 0x37, 0xdb, 0x37,
  0xdb, 0x37, 0xdb, 0x37, 0xdb, 0x37, 0xdb, 0x37, 0xdb, 0x37, 0xdb, 0x37, 0xfb, 0x37, 0x39, 0x2f, 0x24, 0x09, 0xf4, 0x4c, 0xff, 0x77, 0xdf, 0x77, 0xdf, 0x77, 0xdf, 0x77, 0xdf, 0x77, 0xdf, 0x77,
  0xdf, 0x77, 0xdf, 0x77, 0xdf, 0x77, 0xdf, 0x77, 0xdf, 0x77, 0xdf, 0x77, 0xdf, 0x77, 0xdf, 0x77, 0xdf, 0x77, 0xdf, 0x77, 0xdf, 0x77, 0xdf, 0x77, 0xdf, 0x77, 0xdf, 0x77, 0xdf, 0x77, 0xdf, 0x77,
  0xdf, 0x77, 0xdf, 0x77, 0xdf, 0x77, 0xdf, 0x77, 0xdf, 0x77, 0xdf, 0x77, 0xdf, 0x77, 0xdf, 0x77, 0xdf, 0x77, 0xdf, 0x77, 0xdf, 0x77, 0xdf, 0x77, 0xdf, 0x77, 0xdf, 0x77, 0xdf, 0x77, 0xdf, 0x77,
  0xdf, 0x77, 0xdf, 0x77, 0xdf, 0x77, 0xdf, 0x77, 0xdf, 0x77, 0xdf, 0x77, 0xdf, 0x77, 0xdf, 0x77, 0xdf, 0x77, 0xdf, 0x77, 0xdf, 0x77, 0xdf, 0x77, 0xdf, 0x77, 0xdf, 0x77, 0xdf, 0x77, 0xdf, 0x77,
  0xdf, 0x77, 0xdf, 0x77, 0xdf, 0x77, 0xdf, 0x77, 0xdf, 0x77, 0xdf, 0x77, 0xdf, 0x77, 0xdf, 0x77, 0xdf, 0x77, 0xdf, 0x77, 0xdf, 0x77, 0xdf, 0x77, 0xdf, 0x77, 0xdf, 0x77, 0xdf, 0x77, 0xdf, 0x77,
  0xdf, 0x77, 0xdf, 0x77, 0xdf, 0x77, 0xdf, 0x77, 0xdf, 0x77, 0xdf, 0x77, 0xdf, 0x77, 0xdf, 0x77, 0xdf, 0x77, 0xdf, 0x77, 0xdf, 0x77, 0xdf, 0x77, 0xdf, 0x77, 0xdf, 0x77, 0xdf, 0x77, 0xdf, 0x77,
  0xdf, 0x77, 0xdf, 0x77, 0xdf, 0x77, 0xdf, 0x77, 0xdf, 0x77, 0xdf, 0x77, 0xdf, 0x77, 0xdf, 0x77, 0xdf, 0x77, 0xdf, 0x77, 0xdf, 0x77, 0xdf, 0x77, 0xdf, 0x77, 0xdf, 0x77, 0xdf, 0x77, 0xdf, 0x77,
  0xdf, 0x77, 0xdf, 0x77, 0xdf, 0x77, 0xdf, 0x77, 0xdf, 0x77, 0xdf, 0x77, 0xdf, 0x77, 0xff, 0x7f, 0x0d, 0x33, 0xcd, 0x13, 0xfd, 0x37, 0xdb, 0x37, 0xfb, 0x37, 0x18, 0x2f, 0x2b, 0x13, 0xf0, 0x29,
  0xfb, 0x42, 0xda, 0x3a, 0xda, 0x3a, 0xda, 0x3a, 0xfa, 0x42, 0xda, 0x3a, 0xda, 0x3a, 0xda, 0x3a, 0xda, 0x3a, 0xda, 0x3a, 0xd9, 0x3a, 0xd9, 0x3a, 0xd9, 0x3a, 0xd9, 0x3a, 0xd9, 0x3a, 0xd9, 0x3a,
  0xd9, 0x3a, 0xd9, 0x3a, 0xd9, 0x3a, 0xb9, 0x3a, 0xb9, 0x3a, 0xb9, 0x3a, 0xb9, 0x3a, 0xda, 0x3a, 0x4b, 0x19, 0x64, 0x29, 0xf4, 0xa5, 0xda, 0xdf, 0x99, 0xd7, 0x99, 0xd7, 0x99, 0xd7, 0x99, 0xd7,
  0x99, 0xd7, 0x99, 0xd7, 0x99, 0xd7, 0x99, 0xd7, 0x99, 0xd7, 0x99, 0xd7, 0x99, 0xd7, 0x99, 0xd7, 0x99, 0xd7, 0x99, 0xd7, 0x99, 0xd7, 0x99, 0xd7, 0x99, 0xd7, 0x99, 0xd7, 0x99, 0xd7, 0x99, 0xd7,
  0x99, 0xd7, 0x99, 0xd7, 0x99, 0xd7, 0x99, 0xd7, 0x99, 0xd7, 0x99, 0xd7, 0x99, 0xd7, 0x99, 0xd7, 0x99, 0xd7, 0x99, 0xd7, 0x99, 0xd7, 0x99, 0xd7, 0x99, 0xd7, 0x99, 0xd7, 0x99, 0xd7, 0x99, 0xd7,
  0x99, 0xd7, 0x99, 0xd7, 0x99, 0xd7, 0x99, 0xd7, 0x99, 0xd7, 0x99, 0xd7, 0x99, 0xd7, 0x99, 0xd7, 0x99, 0xd7, 0x99, 0xd7, 0x99, 0xd7, 0x99, 0xd7, 0x99, 0xd7, 0x99, 0xd7, 0x99, 0xd7, 0x99, 0xd7,
  0x99, 0xd7, 0x99, 0xd7, 0x99, 0xd7, 0x99, 0xd7, 0x99, 0xd7, 0x99, 0xd7, 0x99, 0xd7, 0x99, 0xd7, 0x99, 0xd7, 0x99, 0xd7, 0x99, 0xd7, 0x99, 0xd7, 0x99, 0xd7, 0x99, 0xd7, 0x99, 0xd7, 0x99, 0xd7,
  0x99, 0xd7, 0x99, 0xd7, 0x99, 0xd7, 0x99, 0xd7, 0x99, 0xd7, 0x99, 0xd7, 0x99, 0xd7, 0x99, 0xd7, 0x99, 0xd7, 0x99, 0xd7, 0x99, 0xd7, 0xfc, 0xe7, 0x00, 0x00, 0x00, 0x00, 0xfc, 0xe7, 0xfa, 0xdf,
  0xea, 0x52, 0x00, 0x00, 0x00, 0x00, 0x41, 0x08, 0xba, 0xd7, 0xda, 0xd7, 0x99, 0xd7, 0x99, 0xd7, 0x99, 0xcf, 0x99, 0xcf, 0x99, 0xcf, 0xfb, 0xdf, 0xfd, 0xf7, 0x0a, 0x53, 0x00, 0x00, 0x00, 0x00,
  0x00, 0x00, 0x00, 0x00, 0x0e, 0x74, 0x79, 0xcf, 0xfb, 0xdf, 0x99, 0xd7, 0x99, 0xcf, 0x99, 0xd7, 0x99, 0xcf, 0x99, 0xcf, 0x99, 0xcf, 0x99, 0xcf, 0x99, 0xd7, 0x99, 0xd7, 0xfa, 0xdf, 0x57, 0x53,
  0xbe, 0x2a, 0xbe, 0x2a, 0xbf, 0x2a, 0xf7, 0x21, 0x63, 0x09, 0xfe, 0x37, 0xdb, 0x37, 0xdb, 0x37, 0xdb, 0x37, 0xdb, 0x37, 0xdb, 0x37, 0xdb, 0x37, 0xdb, 0x37, 0xdb, 0x37, 0xdb, 0x37, 0xdb, 0x37,
  0xdb, 0x37, 0xdb, 0x37, 0xdb, 0x37, 0xdb, 0x37, 0xdb, 0x37, 0xdb, 0x37, 0xdb, 0x37, 0xdb, 0x37, 0xdb, 0x37, 0xdb, 0x37, 0xdb, 0x37, 0xdb, 0x37, 0xdb, 0x37, 0xdb, 0x37, 0xdb, 0x37, 0xdb, 0x37,
  0xdb, 0x37, 0xdb, 0x37, 0xdb, 0x37, 0xdb, 0x37, 0xdb, 0x37, 0xdb, 0x37, 0xdb, 0x37, 0xdb, 0x37, 0xdb, 0x37, 0xdb, 0x37, 0xdb, 0x37, 0xdb, 0x37, 0xdb, 0x37, 0xdb, 0x37, 0xdb, 0x37, 0xdb, 0x37,
  0xdb, 0x37, 0xdb, 0x37, 0xdb, 0x37, 0xdb, 0x37, 0xdb, 0x37, 0xdb, 0x37, 0xfb, 0x37, 0x39, 0x2f, 0x24, 0x09, 0x14, 0x4d, 0xff, 0x77, 0xdf, 0x77, 0xdf, 0x77, 0xdf, 0x77, 0xdf, 0x77, 0xdf, 0x77,
  0xdf, 0x77, 0xdf, 0x77, 0xdf, 0x77, 0xdf, 0x77, 0xdf, 0x77, 0xdf, 0x77, 0xdf, 0x77, 0xdf, 0x77, 0xdf, 0x77, 0xdf, 0x77, 0xdf, 0x77, 0xdf, 0x77, 0xdf, 0x77, 0xdf, 0x77, 0xdf, 0x77, 0xdf, 0x77,
  0xdf, 0x77, 0xdf, 0x77, 0xdf, 0x77, 0xdf, 0x77, 0xdf, 0x77, 0xdf, 0x77, 0xdf, 0x77, 0xdf, 0x77, 0xdf, 0x77, 0xdf, 0x77, 0xdf, 0x77, 0xdf, 0x77, 0xdf, 0x77, 0xdf, 0x77, 0xdf, 0x77, 0xdf, 0x77,
  0xdf, 0x77, 0xdf, 0x77, 0xdf, 0x77, 0xdf, 0x77, 0xdf, 0x77, 0xdf, 0x77, 0xdf, 0x77, 0xdf, 0x77, 0xdf, 0x77, 0xdf, 0x77, 0xdf, 0x77, 0xdf, 0x77, 0xdf, 0x77, 0xdf, 0x77, 0xdf, 0x77, 0xdf, 0x77,
  0xdf, 0x77, 0xdf, 0x77, 0xdf, 0x77, 0xdf, 0x77, 0xdf, 0x77, 0xdf, 0x77, 0xdf, 0x77, 0xdf, 0x77, 0xdf, 0x77, 0xdf, 0x77, 0xdf, 0x77, 0xdf, 0x77, 0xdf, 0x77, 0xdf, 0x77, 0xdf, 0x77, 0xdf, 0x77,
  0xdf, 0x77, 0xdf, 0x77, 0xdf, 0x77, 0xdf, 0x77, 0xdf, 0x77, 0xdf, 0x77, 0xdf, 0x77, 0xdf, 0x77, 0xdf, 0x77, 0xdf, 0x77, 0xdf, 0x77, 0xdf, 0x77, 0xdf, 0x77, 0xdf, 0x77, 0xdf, 0x77, 0xdf, 0x77,
  0xdf, 0x77, 0xdf, 0x77, 0xdf, 0x77, 0xdf, 0x77, 0xdf, 0x77, 0xdf, 0x77, 0xdf, 0x77, 0xdf, 0x77, 0xdf, 0x77, 0xdf, 0x77, 0xdf, 0x77, 0xdf, 0x77, 0xdf, 0x77, 0xdf, 0x77, 0xdf, 0x77, 0xdf, 0x77,
  0xdf, 0x77, 0xdf, 0x77, 0xdf, 0x77, 0xdf, 0x77, 0xdf, 0x77, 0xdf, 0x77, 0xdf, 0x77, 0xff, 0x7f, 0x0d, 0x33, 0xcd, 0x13, 0xfd, 0x37, 0xdb, 0x37, 0xfb, 0x37, 0x18, 0x2f, 0x2b, 0x13, 0x70, 0x19,
  0x3a, 0x2a, 0x39, 0x22, 0x39, 0x22, 0x59, 0x2a, 0x99, 0x32, 0x59, 0x2a, 0x19, 0x22, 0x19, 0x22, 0x39, 0x22, 0x39, 0x22, 0x39, 0x22, 0x39, 0x22, 0x39, 0x22, 0x39, 0x22, 0x39, 0x22, 0x39, 0x22,
  0x39, 0x22, 0x18, 0x22, 0x18, 0x22, 0x18, 0x22, 0x18, 0x22, 0x18, 0x22, 0x18, 0x22, 0x19, 0x22, 0x3a, 0x2a, 0xeb, 0x10, 0xa5, 0x31, 0x34, 0xae, 0xda, 0xd7, 0x99, 0xd7, 0x99, 0xd7, 0x99, 0xd7,
  0x99, 0xd7, 0x99, 0xd7, 0x99, 0xd7, 0x99, 0xd7, 0x99, 0xd7, 0x99, 0xd7, 0x99, 0xd7, 0x99, 0xd7, 0x99, 0xd7, 0x99, 0xd7, 0x99, 0xd7, 0x99, 0xd7, 0x99, 0xd7, 0x99, 0xd7, 0x99, 0xd7, 0x99, 0xd7,
  0x99, 0xd7, 0x99, 0xd7, 0x99, 0xd7, 0x99, 0xd7, 0x99, 0xd7, 0x99, 0xd7, 0x99, 0xd7, 0x99, 0xd7, 0x99, 0xd7, 0x99, 0xd7, 0x99, 0xd7, 0x99, 0xd7, 0x99, 0xd7, 0x99, 0xd7, 0x99, 0xd7, 0x99, 0xd7,
  0x99, 0xd7, 0x99, 0xd7, 0x99, 0xd7, 0x99, 0xd7, 0x99, 0xd7, 0x99, 0xd7, 0x99, 0xd7, 0x99, 0xd7, 0x99, 0xd7, 0x99, 0xd7, 0x99, 0xd7, 0x99, 0xd7, 0x99, 0xd7, 0x99, 0xd7, 0x99, 0xd7, 0x99, 0xd7,
  0x99, 0xd7, 0x99, 0xd7, 0x99, 0xd7, 0x99, 0xd7, 0x99, 0xd7, 0x99, 0xd7, 0x99, 0xd7, 0x99, 0xd7, 0x99, 0xd7, 0x99, 0xd7, 0x99, 0xd7, 0x99, 0xd7, 0x99, 0xd7, 0x99, 0xd7, 0x99, 0xd7, 0x99, 0xd7,
  0x99, 0xd7, 0x99, 0xd7, 0x99, 0xd7, 0x99, 0xd7, 0x99, 0xd7, 0x99, 0xd7, 0x99, 0xd7, 0x99, 0xd7, 0x99, 0xd7, 0x99, 0xd7, 0x99, 0xd7, 0xfc, 0xe7, 0x00, 0x00, 0x4e, 0x7c, 0xb9, 0xd7, 0xba, 0xd7,
  0xfd, 0xef, 0xcd, 0x6b, 0x00, 0x00, 0x00, 0x00, 0x00, 0x00, 0xba, 0xd7, 0xba, 0xd7, 0x99, 0xd7, 0x99, 0xcf, 0xba, 0xdf, 0x99, 0xcf, 0x99, 0xd7, 0xfb, 0xdf, 0xc6, 0x31, 0xa9, 0x4a, 0x96, 0xb6,
  0x55, 0xae, 0x03, 0x21, 0xa9, 0x4a, 0xfa, 0xdf, 0x99, 0xd7, 0x99, 0xcf, 0x99, 0xcf, 0x99, 0xcf, 0x99, 0xd7, 0x99, 0xcf, 0xba, 0xdf, 0x99, 0xcf, 0x99, 0xd7, 0x99, 0xd7, 0xfa, 0xe7, 0xb6, 0x3a,
  0xbe, 0x32, 0xbe, 0x32, 0xdf, 0x32, 0xf7, 0x21, 0x63, 0x09, 0xfe, 0x37, 0xdb, 0x37, 0xdb, 0x37, 0xdb, 0x37, 0xdb, 0x37, 0xdb, 0x37, 0xdb, 0x37, 0xdb, 0x37, 0xdb, 0x37, 0xdb, 0x37, 0xdb, 0x37,
  0xdb, 0x37, 0xdb, 0x37, 0xdb, 0x37, 0xdb, 0x37, 0xdb, 0x37, 0xdb, 0x37, 0xdb, 0x37, 0xdb, 0x37, 0xdb, 0x37, 0xdb, 0x37, 0xdb, 0x37, 0xdb, 0x37, 0xdb, 0x37, 0xdb, 0x37, 0xdb, 0x37, 0xdb, 0x37,
  0xdb, 0x37, 0xdb, 0x37, 0xdb, 0x37, 0xdb, 0x37, 0xdb, 0x37, 0xdb, 0x37, 0xdb, 0x37, 0xdb, 0x37, 0xdb, 0x37, 0xdb, 0x37, 0xdb, 0x37, 0xdb, 0x37, 0xdb, 0x37, 0xdb, 0x37, 0xdb, 0x37, 0xdb, 0x37,
  0xdb, 0x37, 0xdb, 0x37, 0xdb, 0x37, 0xdb, 0x37, 0xdb, 0x37, 0xdb, 0x37, 0xfb, 0x37, 0x39, 0x2f, 0x24, 0x09, 0x14, 0x4d, 0xff, 0x77, 0xdf, 0x77, 0xdf, 0x77, 0xdf, 0x77, 0xdf, 0x77, 0xdf, 0x77,
  0xdf, 0x77, 0xdf, 0x77, 0xdf, 0x77, 0xdf, 0x77, 0xdf, 0x77, 0xdf, 0x77, 0xdf, 0x77, 0xdf, 0x77, 0xdf, 0x77, 0xdf, 0x77, 0xdf, 0x77, 0xdf, 0x77, 0xdf, 0x77, 0xdf, 0x77, 0xdf, 0x77, 0xdf, 0x77,
  0xdf, 0x77, 0xdf, 0x77, 0xdf, 0x77, 0xdf, 0x77, 0xdf, 0x77, 0xdf, 0x77, 0xdf, 0x77, 0xdf, 0x77, 0xdf, 0x77, 0xdf, 0x77, 0xdf, 0x77, 0xdf, 0x77, 0xdf, 0x77, 0xdf, 0x77, 0xdf, 0x77, 0xdf, 0x77,
  0xdf, 0x77, 0xdf, 0x77, 0xdf, 0x77, 0xdf, 0x77, 0xdf, 0x77, 0xdf, 0x77, 0xdf, 0x77, 0xdf, 0x77, 0xdf, 0x77, 0xdf, 0x77, 0xdf, 0x77, 0xdf, 0x77, 0xdf, 0x77, 0xdf, 0x77, 0xdf, 0x77, 0xdf, 0x77,
  0xdf, 0x77, 0xdf, 0x77, 0xdf, 0x77, 0xdf, 0x77, 0xdf, 0x77, 0xdf, 0x77, 0xdf, 0x77, 0xdf, 0x77, 0xdf, 0x77, 0xdf, 0x77, 0xdf, 0x77, 0xdf, 0x77, 0xdf, 0x77, 0xdf, 0x77, 0xdf, 0x77, 0xdf, 0x77,
  0xdf, 0x77, 0xdf, 0x77, 0xdf, 0x77, 0xdf, 0x77, 0xdf, 0x77, 0xdf, 0x77, 0xdf, 0x77, 0xdf, 0x77, 0xdf, 0x77, 0xdf, 0x77, 0xdf, 0x77, 0xdf, 0x77, 0xdf, 0x77, 0xdf, 0x77, 0xdf, 0x77, 0xdf, 0x77,
  0xdf, 0x77, 0xdf, 0x77, 0xdf, 0x77, 0xdf, 0x77, 0xdf, 0x77, 0xdf, 0x77, 0xdf, 0x77, 0xdf, 0x77, 0xdf, 0x77, 0xdf, 0x77, 0xdf, 0x77, 0xdf, 0x77, 0xdf, 0x77, 0xdf, 0x77, 0xdf, 0x77, 0xdf, 0x77,
  0xdf, 0x77, 0xdf, 0x77, 0xdf, 0x77, 0xdf, 0x77, 0xdf, 0x77, 0xdf, 0x77, 0xdf, 0x77, 0xff, 0x7f, 0x0d, 0x33, 0xcd, 0x13, 0xfd, 0x37, 0xdb, 0x37, 0xfb, 0x37, 0x18, 0x2f, 0x2b, 0x13, 0x90, 0x19,
  0x5a, 0x2a, 0x39, 0x2a, 0x39, 0x2a, 0x59, 0x2a, 0x99, 0x32, 0x59, 0x2a, 0x39, 0x2a, 0x39, 0x2a, 0x39, 0x22, 0x39, 0x22, 0x39, 0x22, 0x39, 0x2a, 0x39, 0x2a, 0x39, 0x2a, 0x38, 0x2a, 0x38, 0x2a,
  0x39, 0x2a, 0x38, 0x2a, 0x38, 0x2a, 0x38, 0x2a, 0x38, 0x2a, 0x38, 0x2a, 0x38, 0x2a, 0x38, 0x2a, 0x39, 0x22, 0x58, 0x2a, 0x66, 0x08, 0xa8, 0x4a, 0xd7, 0xbe, 0xda, 0xd7, 0x99, 0xd7, 0x99, 0xd7,
  0x99, 0xd7, 0x99, 0xd7, 0x99, 0xd7, 0x99, 0xd7, 0x99, 0xd7, 0x99, 0xd7, 0x99, 0xd7, 0x99, 0xd7, 0x99, 0xd7, 0x99, 0xd7, 0x99, 0xd7, 0x99, 0xd7, 0x99, 0xd7, 0x99, 0xd7, 0x99, 0xd7, 0x99, 0xd7,
  0x99, 0xd7, 0x99, 0xd7, 0x99, 0xd7, 0x99, 0xd7, 0x99, 0xd7, 0x99, 0xd7, 0x99, 0xd7, 0x99, 0xd7, 0x99, 0xd7, 0x99, 0xd7, 0x99, 0xd7, 0x99, 0xd7, 0x99, 0xd7, 0x99, 0xd7, 0x99, 0xd7, 0x99, 0xd7,
  0x99, 0xd7, 0x99, 0xd7, 0x99, 0xd7, 0x99, 0xd7, 0x99, 0xd7, 0x99, 0xd7, 0x99, 0xd7, 0x99, 0xd7, 0x99, 0xd7, 0x99, 0xd7, 0x99, 0xd7, 0x99, 0xd7, 0x99, 0xd7, 0x99, 0xd7, 0x99, 0xd7, 0x99, 0xd7,
  0x99, 0xd7, 0x99, 0xd7, 0x99, 0xd7, 0x99, 0xd7, 0x99, 0xd7, 0x99, 0xd7, 0x99, 0xd7, 0x99, 0xd7, 0x99, 0xd7, 0x99, 0xd7, 0x99, 0xd7, 0x99, 0xd7, 0x99, 0xd7, 0x99, 0xd7, 0x99, 0xd7, 0x99, 0xd7,
  0x99, 0xd7, 0x99, 0xd7, 0x99, 0xd7, 0x99, 0xd7, 0x99, 0xd7, 0x99, 0xd7, 0x99, 0xd7, 0x99, 0xd7, 0x99, 0xd7, 0x99, 0xd7, 0x99, 0xd7, 0xda, 0xd7, 0x10, 0x8d, 0xda, 0xd7, 0xb9, 0xd7, 0x99, 0xd7,
  0x99, 0xd7, 0xfd, 0xef, 0x47, 0x3a, 0x00, 0x00, 0x00, 0x00, 0x00, 0x00, 0xba, 0xd7, 0xb9, 0xd7, 0x99, 0xd7, 0x99, 0xcf, 0x99, 0xd7, 0x99, 0xd7, 0x99, 0xd7, 0xfc, 0xe7, 0x99, 0xcf, 0xa5, 0x29,
  0xe6, 0x31, 0xfd, 0xef, 0xfb, 0xdf, 0xba, 0xdf, 0x99, 0xcf, 0xba, 0xd7, 0xbc, 0xe7, 0x99, 0xcf, 0x99, 0xd7, 0x99, 0xd7, 0x99, 0xcf, 0x99, 0xd7, 0x99, 0xd7, 0x99, 0xd7, 0xfa, 0xe7, 0xb5, 0x3a,
  0xbe, 0x32, 0xbe, 0x32, 0xdf, 0x32, 0xf7, 0x21, 0x63, 0x09, 0xfe, 0x37, 0xdb, 0x37, 0xdb, 0x37, 0xdb, 0x37, 0xdb, 0x37, 0xdb, 0x37, 0xdb, 0x37, 0xdb, 0x37, 0xdb, 0x37, 0xdb, 0x37, 0xdb, 0x37,
  0xdb, 0x37, 0xdb, 0x37, 0xdb, 0x37, 0xdb, 0x37, 0xdb, 0x37, 0xdb, 0x37, 0xdb, 0x37, 0xdb, 0x37, 0xdb, 0x37, 0xdb, 0x37, 0xdb, 0x37, 0xdb, 0x37, 0xdb, 0x37, 0xdb, 0x37, 0xdb, 0x37, 0xdb, 0x37,
  0xdb, 0x37, 0xdb, 0x37, 0xdb, 0x37, 0xdb, 0x37, 0xdb, 0x37, 0xdb, 0x37, 0xdb, 0x37, 0xdb, 0x37, 0xdb, 0x37, 0xdb, 0x37, 0xdb, 0x37, 0xdb, 0x37, 0xdb, 0x37, 0xdb, 0x37, 0xdb, 0x37, 0xdb, 0x37,
  0xdb, 0x37, 0xdb, 0x37, 0xdb, 0x37, 0xdb, 0x37, 0xdb, 0x37, 0xdb, 0x37, 0xfb, 0x37, 0x39, 0x2f, 0x24, 0x09, 0x14, 0x4d, 0xff, 0x77, 0xdf, 0x77, 0xdf, 0x77, 0xdf, 0x77, 0xdf, 0x77, 0xdf, 0x77,
  0xdf, 0x77, 0xdf, 0x77, 0xdf, 0x77, 0xdf, 0x77, 0xdf, 0x77, 0xdf, 0x77, 0xdf, 0x77, 0xdf, 0x77, 0xdf, 0x77, 0xdf, 0x77, 0xdf, 0x77, 0xdf, 0x77, 0xdf, 0x77, 0xdf, 0x77, 0xdf, 0x77, 0xdf, 0x77,
  0xdf, 0x77, 0xdf, 0x77, 0xdf, 0x77, 0xdf, 0x77, 0xdf, 0x77, 0xdf, 0x77, 0xdf, 0x77, 0xdf, 0x77, 0xdf, 0x77, 0xdf, 0x77, 0xdf, 0x77, 0xdf, 0x77, 0xdf, 0x77, 0xdf, 0x77, 0xdf, 0x77, 0xdf, 0x77,
  0xdf, 0x77, 0xdf, 0x77, 0xdf, 0x77, 0xdf, 0x77, 0xdf, 0x77, 0xdf, 0x77, 0xdf, 0x77, 0xdf, 0x77, 0xdf, 0x77, 0xdf, 0x77, 0xdf, 0x77, 0xdf, 0x77, 0xdf, 0x77, 0xdf, 0x77, 0xdf, 0x77, 0xdf, 0x77,
  0xdf, 0x77, 0xdf, 0x77, 0xdf, 0x77, 0xdf, 0x77, 0xdf, 0x77, 0xdf, 0x77, 0xdf, 0x77, 0xdf, 0x77, 0xdf, 0x77, 0xdf, 0x77, 0xdf, 0x77, 0xdf, 0x77, 0xdf, 0x77, 0xdf, 0x77, 0xdf, 0x77, 0xdf, 0x77,
  0xdf, 0x77, 0xdf, 0x77, 0xdf, 0x77, 0xdf, 0x77, 0xdf, 0x77, 0xdf, 0x77, 0xdf, 0x77, 0xdf, 0x77, 0xdf, 0x77, 0xdf, 0x77, 0xdf, 0x77, 0xdf, 0x77, 0xdf, 0x77, 0xdf, 0x77, 0xdf, 0x77, 0xdf, 0x77,
  0xdf, 0x77, 0xdf, 0x77, 0xdf, 0x77, 0xdf, 0x77, 0xdf, 0x77, 0xdf, 0x77, 0xdf, 0x77, 0xdf, 0x77, 0xdf, 0x77, 0xdf, 0x77, 0xdf, 0x77, 0xdf, 0x77, 0xdf, 0x77, 0xdf, 0x77, 0xdf, 0x77, 0xdf, 0x77,
  0xdf, 0x77, 0xdf, 0x77, 0xdf, 0x77, 0xdf, 0x77, 0xdf, 0x77, 0xdf, 0x77, 0xdf, 0x77, 0xff, 0x7f, 0x0d, 0x33, 0xcd, 0x13, 0xfd, 0x37, 0xdb, 0x37, 0xfb, 0x37, 0x18, 0x2f, 0x2b, 0x13, 0x90, 0x19,
  0x3a, 0x2a, 0x39, 0x2a, 0x39, 0x2a, 0x59, 0x2a, 0x99, 0x32, 0x59, 0x2a, 0x39, 0x22, 0x39, 0x22, 0x39, 0x2a, 0x39, 0x2a, 0x39, 0x2a, 0x39, 0x2a, 0x38, 0x2a, 0x38, 0x2a, 0x39, 0x2a, 0x38, 0x2a,
  0x38, 0x2a, 0x38, 0x2a, 0x38, 0x2a, 0x38, 0x2a, 0x38, 0x2a, 0x38, 0x2a, 0x38, 0x2a, 0x38, 0x2a, 0x18, 0x22, 0x79, 0x32, 0x78, 0x32, 0x46, 0x00, 0x88, 0x4a, 0xd7, 0xbe, 0xba, 0xd7, 0x99, 0xd7,
  0x99, 0xd7, 0x99, 0xd7, 0x99, 0xd7, 0x99, 0xd7, 0x99, 0xd7, 0x99, 0xd7, 0x99, 0xd7, 0x99, 0xd7, 0x99, 0xd7, 0x99, 0xd7, 0x99, 0xd7, 0x99, 0xd7, 0x99, 0xd7, 0x99, 0xd7, 0x99, 0xd7, 0x99, 0xd7,
  0x99, 0xd7, 0x99, 0xd7, 0x99, 0xd7, 0x99, 0xd7, 0x99, 0xd7, 0x99, 0xd7, 0x99, 0xd7, 0x99, 0xd7, 0x99, 0xd7, 0x99, 0xd7, 0x99, 0xd7, 0x99, 0xd7, 0x99, 0xd7, 0x99, 0xd7, 0x99, 0xd7, 0x99, 0xd7,
  0x99, 0xd7, 0x99, 0xd7, 0x99, 0xd7, 0x99, 0xd7, 0x99, 0xd7, 0x99, 0xd7, 0x99, 0xd7, 0x99, 0xd7, 0x99, 0xd7, 0x99, 0xd7, 0x99, 0xd7, 0x99, 0xd7, 0x99, 0xd7, 0x99, 0xd7, 0x99, 0xd7, 0x99, 0xd7,
  0x99, 0xd7, 0x99, 0xd7, 0x99, 0xd7, 0x99, 0xd7, 0x99, 0xd7, 0x99, 0xd7, 0x99, 0xd7, 0x99, 0xd7, 0x99, 0xd7, 0x99, 0xd7, 0x99, 0xd7, 0x99, 0xd7, 0x99, 0xd7, 0x99, 0xd7, 0x99, 0xd7, 0x99, 0xd7,
  0x99, 0xd7, 0x99, 0xd7, 0x99, 0xd7, 0x99, 0xd7, 0x99, 0xd7, 0x99, 0xd7, 0x99, 0xd7, 0x99, 0xd7, 0x99, 0xd7, 0x99, 0xd7, 0x99, 0xd7, 0x99, 0xd7, 0xda, 0xd7, 0x99, 0xd7, 0x99, 0xd7, 0x99, 0xd7,
  0x99, 0xd7, 0x99, 0xd7, 0xfd, 0xf7, 0x47, 0x42, 0x00, 0x00, 0x00, 0x00, 0xba, 0xd7, 0xb9, 0xd7, 0x99, 0xd7, 0x99, 0xd7, 0x99, 0xd7, 0x99, 0xd7, 0x99, 0xd7, 0x99, 0xd7, 0xba, 0xd7, 0xc3, 0x18,
  0x48, 0x42, 0xda, 0xd7, 0x99, 0xd7, 0x99, 0xcf, 0xbb, 0xe7, 0x9a, 0xdf, 0xba, 0xd7, 0x99, 0xcf, 0x99, 0xd7, 0x99, 0xd7, 0x99, 0xd7, 0x99, 0xd7, 0x99, 0xd7, 0x99, 0xd7, 0xfa, 0xe7, 0xb5, 0x3a,
  0xbe, 0x32, 0xbe, 0x32, 0xbf, 0x32, 0xf7, 0x21, 0x63, 0x09, 0xfe, 0x37, 0xdb, 0x37, 0xdb, 0x37, 0xdb, 0x37, 0xdb, 0x37, 0xdb, 0x37, 0xdb, 0x37, 0xdb, 0x37, 0xdb, 0x37, 0xdb, 0x37, 0xdb, 0x37,
  0xdb, 0x37, 0xdb, 0x37, 0xdb, 0x37, 0xdb, 0x37, 0xdb, 0x37, 0xdb, 0x37, 0xdb, 0x37, 0xdb, 0x37, 0xdb, 0x37, 0xdb, 0x37, 0xdb, 0x37, 0xdb, 0x37, 0xdb, 0x37, 0xdb, 0x37, 0xdb, 0x37, 0xdb, 0x37,
  0xdb, 0x37, 0xdb, 0x37, 0xdb, 0x37, 0xdb, 0x37, 0xdb, 0x37, 0xdb, 0x37, 0xdb, 0x37, 0xdb, 0x37, 0xdb, 0x37, 0xdb, 0x37, 0xdb, 0x37, 0xdb, 0x37, 0xdb, 0x37, 0xdb, 0x37, 0xdb, 0x37, 0xdb, 0x37,
  0xdb, 0x37, 0xdb, 0x37, 0xdb, 0x37, 0xdb, 0x37, 0xdb, 0x37, 0xdb, 0x37, 0xfb, 0x37, 0x39, 0x2f, 0x24, 0x09, 0x14, 0x4d, 0xff, 0x77, 0xdf, 0x77, 0xdf, 0x77, 0xdf, 0x77, 0xdf, 0x77, 0xdf, 0x77,
  0xdf, 0x77, 0xdf, 0x77, 0xdf, 0x77, 0xdf, 0x77, 0xdf, 0x77, 0xdf, 0x77, 0xdf, 0x77, 0xdf, 0x77, 0xdf, 0x77, 0xdf, 0x77, 0xdf, 0x77, 0xdf, 0x77, 0xdf, 0x77, 0xdf, 0x77, 0xdf, 0x77, 0xdf, 0x77,
  0xdf, 0x77, 0xdf, 0x77, 0xdf, 0x77, 0xdf, 0x77, 0xdf, 0x77, 0xdf, 0x77, 0xdf, 0x77, 0xdf, 0x77, 0xdf, 0x77, 0xdf, 0x77, 0xdf, 0x77, 0xdf, 0x77, 0xdf, 0x77, 0xdf, 0x77, 0xdf, 0x77, 0xdf, 0x77,
  0xdf, 0x77, 0xdf, 0x77, 0xdf, 0x77, 0xdf, 0x77, 0xdf, 0x77, 0xdf, 0x77, 0xdf, 0x77, 0xdf, 0x77, 0xdf, 0x77, 0xdf, 0x77, 0xdf, 0x77, 0xdf, 0x77, 0xdf, 0x77, 0xdf, 0x77, 0xdf, 0x77, 0xdf, 0x77,
  0xdf, 0x77, 0xdf, 0x77, 0xdf, 0x77, 0xdf, 0x77, 0xdf, 0x77, 0xdf, 0x77, 0xdf, 0x77, 0xdf, 0x77, 0xdf, 0x77, 0xdf, 0x77, 0xdf, 0x77, 0xdf, 0x77, 0xdf, 0x77, 0xdf, 0x77, 0xdf, 0x77, 0xdf, 0x77,
  0xdf, 0x77, 0xdf, 0x77, 0xdf, 0x77, 0xdf, 0x77, 0xdf, 0x77, 0xdf, 0x77, 0xdf, 0x77, 0xdf, 0x77, 0xdf, 0x77, 0xdf, 0x77, 0xdf, 0x77, 0xdf, 0x77, 0xdf, 0x77, 0xdf, 0x77, 0xdf, 0x77, 0xdf, 0x77,
  0xdf, 0x77, 0xdf, 0x77, 0xdf, 0x77, 0xdf, 0x77, 0xdf, 0x77, 0xdf, 0x77, 0xdf, 0x77, 0xdf, 0x77, 0xdf, 0x77, 0xdf, 0x77, 0xdf, 0x77, 0xdf, 0x77, 0xdf, 0x77, 0xdf, 0x77, 0xdf, 0x77, 0xdf, 0x77,
  0xdf, 0x77, 0xdf, 0x77, 0xdf, 0x77, 0xdf, 0x77, 0xdf, 0x77, 0xdf, 0x77, 0xdf, 0x77, 0xff, 0x7f, 0x0d, 0x33, 0xcd, 0x13, 0xfd, 0x37, 0xdb, 0x37, 0xfb, 0x37, 0x18, 0x2f, 0x2b, 0x13, 0x90, 0x19,
  0x3a, 0x2a, 0x39, 0x2a, 0x39, 0x2a, 0x59, 0x2a, 0x99, 0x32, 0x59, 0x2a, 0x39, 0x22, 0x39, 0x2a, 0x39, 0x2a, 0x38, 0x2a, 0x38, 0x2a, 0x39, 0x2a, 0x38, 0x2a, 0x38, 0x2a, 0x38, 0x2a, 0x38, 0x2a,
  0x38, 0x2a, 0x38, 0x2a, 0x38, 0x2a, 0x38, 0x2a, 0x38, 0x2a, 0x18, 0x2a, 0x18, 0x2a, 0x18, 0x2a, 0x18, 0x22, 0x58, 0x32, 0x9a, 0x3a, 0xf6, 0x29, 0x04, 0x00, 0xcc, 0x6b, 0x59, 0xcf, 0xba, 0xd7,
  0x99, 0xd7, 0x99, 0xd7, 0x99, 0xd7, 0x99, 0xd7, 0x99, 0xd7, 0x99, 0xd7, 0x99, 0xd7, 0x99, 0xd7, 0x99, 0xd7, 0x99, 0xd7, 0x99, 0xd7, 0x99, 0xd7, 0x99, 0xd7, 0x99, 0xd7, 0x99, 0xd7, 0x99, 0xd7,
  0x99, 0xd7, 0x99, 0xd7, 0x99, 0xd7, 0x99, 0xd7, 0x99, 0xd7, 0x99, 0xd7, 0x99, 0xd7, 0x99, 0xd7, 0x99, 0xd7, 0x99, 0xd7, 0x99, 0xd7, 0x99, 0xd7, 0x99, 0xd7, 0x99, 0xd7, 0x99, 0xd7, 0x99, 0xd7,
  0x99, 0xd7, 0x99, 0xd7, 0x99, 0xd7, 0x99, 0xd7, 0x99, 0xd7, 0x99, 0xd7, 0x99, 0xd7, 0x99, 0xd7, 0x99, 0xd7, 0x99, 0xd7, 0x99, 0xd7, 0x99, 0xd7, 0x99, 0xd7, 0x99, 0xd7, 0x99, 0xd7, 0x99, 0xd7,
  0x99, 0xd7, 0x99, 0xd7, 0x99, 0xd7, 0x99, 0xd7, 0x99, 0xd7, 0x99, 0xd7, 0x99, 0xd7, 0x99, 0xd7, 0x99, 0xd7, 0x99, 0xd7, 0x99, 0xd7, 0x99, 0xd7, 0x99, 0xd7, 0x99, 0xd7, 0x99, 0xd7, 0x99, 0xd7,
  0x99, 0xd7, 0x99, 0xd7, 0x99, 0xd7, 0x99, 0xd7, 0x99, 0xd7, 0x99, 0xd7, 0x99, 0xd7, 0x99, 0xd7, 0x99, 0xd7, 0x99, 0xd7, 0x99, 0xd7, 0x99, 0xd7, 0x99, 0xd7, 0x99, 0xd7, 0x99, 0xd7, 0x99, 0xd7,
  0x99, 0xd7, 0x99, 0xd7, 0x99, 0xd7, 0xfd, 0xf7, 0xc6, 0x31, 0xe7, 0x31, 0xba, 0xd7, 0x99, 0xd7, 0x99, 0xd7, 0x99, 0xd7, 0x99, 0xd7, 0x99, 0xd7, 0x99, 0xd7, 0x99, 0xd7, 0x99, 0xd7, 0xfb, 0xe7,
  0xfb, 0xdf, 0x99, 0xd7, 0x99, 0xd7, 0x99, 0xd7, 0x99, 0xcf, 0x99, 0xcf, 0x99, 0xcf, 0x99, 0xd7, 0x99, 0xd7, 0x99, 0xd7, 0x99, 0xd7, 0x99, 0xd7, 0x99, 0xd7, 0x99, 0xd7, 0xfa, 0xe7, 0xb5, 0x3a,
  0xbe, 0x2a, 0xbe, 0x2a, 0xbf, 0x32, 0xf7, 0x21, 0x63, 0x09, 0xfe, 0x37, 0xdb, 0x37, 0xdb, 0x37, 0xdb, 0x37, 0xdb, 0x37, 0xdb, 0x37, 0xdb, 0x37, 0xdb, 0x37, 0xdb, 0x37, 0xdb, 0x37, 0xdb, 0x37,
  0xdb, 0x37, 0xdb, 0x37, 0xdb, 0x37, 0xdb, 0x37, 0xdb, 0x37, 0xdb, 0x37, 0xdb, 0x37, 0xdb, 0x37, 0xdb, 0x37, 0xdb, 0x37, 0xdb, 0x37, 0xdb, 0x37, 0xdb, 0x37, 0xdb, 0x37, 0xdb, 0x37, 0xdb, 0x37,
  0xdb, 0x37, 0xdb, 0x37, 0xdb, 0x37, 0xdb, 0x37, 0xdb, 0x37, 0xdb, 0x37, 0xdb, 0x37, 0xdb, 0x37, 0xdb, 0x37, 0xdb, 0x37, 0xdb, 0x37, 0xdb, 0x37, 0xdb, 0x37, 0xdb, 0x37, 0xdb, 0x37, 0xdb, 0x37,
  0xdb, 0x37, 0xdb, 0x37, 0xdb, 0x37, 0xdb, 0x37, 0xdb, 0x37, 0xdb, 0x37, 0xfb, 0x37, 0x39, 0x2f, 0x24, 0x09, 0x14, 0x4d, 0xff, 0x77, 0xdf, 0x77, 0xdf, 0x77, 0xdf, 0x77, 0xdf, 0x77, 0xdf, 0x77,
  0xdf, 0x77, 0xdf, 0x77, 0xdf, 0x77, 0xdf, 0x77, 0xdf, 0x77, 0xdf, 0x77, 0xdf, 0x77, 0xdf, 0x77, 0xdf, 0x77, 0xdf, 0x77, 0xdf, 0x77, 0xdf, 0x77, 0xdf, 0x77, 0xdf, 0x77, 0xdf, 0x77, 0xdf, 0x77,
  0xdf, 0x77, 0xdf, 0x77, 0xdf, 0x77, 0xdf, 0x77, 0xdf, 0x77, 0xdf, 0x77, 0xdf, 0x77, 0xdf, 0x77, 0xdf, 0x77, 0xdf, 0x77, 0xdf, 0x77, 0xdf, 0x77, 0xdf, 0x77, 0xdf, 0x77, 0xdf, 0x77, 0xdf, 0x77,
  0xdf, 0x77, 0xdf, 0x77, 0xdf, 0x77, 0xdf, 0x77, 0xdf, 0x77, 0xdf, 0x77, 0xdf, 0x77, 0xdf, 0x77, 0xdf, 0x77, 0xdf, 0x77, 0xdf, 0x77, 0xdf, 0x77, 0xdf, 0x77, 0xdf, 0x77, 0xdf, 0x77, 0xdf, 0x77,
  0xdf, 0x77, 0xdf, 0x77, 0xdf, 0x77, 0xdf, 0x77, 0xdf, 0x77, 0xdf, 0x77, 0xdf, 0x77, 0xdf, 0x77, 0xdf, 0x77, 0xdf, 0x77, 0xdf, 0x77, 0xdf, 0x77, 0xdf, 0x77, 0xdf, 0x77, 0xdf, 0x77, 0xdf, 0x77,
  0xdf, 0x77, 0xdf, 0x77, 0xdf, 0x77, 0xdf, 0x77, 0xdf, 0x77, 0xdf, 0x77, 0xdf, 0x77, 0xdf, 0x77, 0xdf, 0x77, 0xdf, 0x77, 0xdf, 0x77, 0xdf, 0x77, 0xdf, 0x77, 0xdf, 0x77, 0xdf, 0x77, 0xdf, 0x77,
  0xdf, 0x77, 0xdf, 0x77, 0xdf, 0x77, 0xdf, 0x77, 0xdf, 0x77, 0xdf, 0x77, 0xdf, 0x77, 0xdf, 0x77, 0xdf, 0x77, 0xdf, 0x77, 0xdf, 0x77, 0xdf, 0x77, 0xdf, 0x77, 0xdf, 0x77, 0xdf, 0x77, 0xdf, 0x77,
  0xdf, 0x77, 0xdf, 0x77, 0xdf, 0x77, 0xdf, 0x77, 0xdf, 0x77, 0xdf, 0x77, 0xdf, 0x77, 0xff, 0x7f, 0x0d, 0x33, 0xcd, 0x13, 0xfd, 0x37, 0xdb, 0x37, 0xfb, 0x37, 0x18, 0x2f, 0x2b, 0x13, 0x90, 0x19,
  0x3a, 0x2a, 0x39, 0x22, 0x39, 0x22, 0x59, 0x2a, 0x99, 0x32, 0x59, 0x2a, 0x39, 0x22, 0x38, 0x2a, 0x38, 0x2a, 0x39, 0x2a, 0x38, 0x2a, 0x38, 0x2a, 0x38, 0x2a, 0x38, 0x2a, 0x38, 0x2a, 0x38, 0x2a,
  0x38, 0x2a, 0x38, 0x2a, 0x38, 0x2a, 0x18, 0x2a, 0x18, 0x2a, 0x38, 0x2a, 0x38, 0x2a, 0x38, 0x2a, 0x18, 0x22, 0x58, 0x32, 0x99, 0x32, 0x59, 0x2a, 0xf4, 0x21, 0x03, 0x00, 0xcc, 0x6b, 0x59, 0xcf,
  0xba, 0xd7, 0x99, 0xd7, 0x99, 0xd7, 0x99, 0xd7, 0x99, 0xd7, 0x99, 0xd7, 0x99, 0xd7, 0x99, 0xd7, 0x99, 0xd7, 0x99, 0xd7, 0x99, 0xd7, 0x99, 0xd7, 0x99, 0xd7, 0x99, 0xd7, 0x99, 0xd7, 0x99, 0xd7,
  0x99, 0xd7, 0x99, 0xd7, 0x99, 0xd7, 0x99, 0xd7, 0x99, 0xd7, 0x99, 0xd7, 0x99, 0xd7, 0x99, 0xd7, 0x99, 0xd7, 0x99, 0xd7, 0x99, 0xd7, 0x99, 0xd7, 0x99, 0xd7, 0x99, 0xd7, 0x99, 0xd7, 0x99, 0xd7,
  0x99, 0xd7, 0x99, 0xd7, 0x99, 0xd7, 0x99, 0xd7, 0x99, 0xd7, 0x99, 0xd7, 0x99, 0xd7, 0x99, 0xd7, 0x99, 0xd7, 0x99, 0xd7, 0x99, 0xd7, 0x99, 0xd7, 0x99, 0xd7, 0x99, 0xd7, 0x99, 0xd7, 0x99, 0xd7,
  0x99, 0xd7, 0x99, 0xd7, 0x99, 0xd7, 0x99, 0xd7, 0x99, 0xd7, 0x99, 0xd7, 0x99, 0xd7, 0x99, 0xd7, 0x99, 0xd7, 0x99, 0xd7, 0x99, 0xd7, 0x99, 0xd7, 0x99, 0xd7, 0x99, 0xd7, 0x99, 0xd7, 0x99, 0xd7,
  0x99, 0xd7, 0x99, 0xd7, 0x99, 0xd7, 0x99, 0xd7, 0x99, 0xd7, 0x99, 0xd7, 0x99, 0xd7, 0x99, 0xd7, 0x99, 0xd7, 0x99, 0xd7, 0x99, 0xd7, 0x99, 0xd7, 0x99, 0xd7, 0x99, 0xd7, 0x99, 0xd7, 0x99, 0xd7,
  0x99, 0xd7, 0x99, 0xd7, 0x99, 0xd7, 0x99, 0xd7, 0xfb, 0xe7, 0xfb, 0xe7, 0xb9, 0xd7, 0x99, 0xd7, 0x99, 0xd7, 0x99, 0xd7, 0x99, 0xd7, 0x99, 0xd7, 0x99, 0xd7, 0x99, 0xd7, 0x99, 0xd7, 0x99, 0xd7,
  0x99, 0xd7, 0x99, 0xd7, 0x99, 0xd7, 0x99, 0xd7, 0x99, 0xd7, 0x99, 0xd7, 0x99, 0xd7, 0x99, 0xd7, 0x99, 0xd7, 0x99, 0xd7, 0x99, 0xd7, 0x99, 0xd7, 0x99, 0xd7, 0x99, 0xd7, 0xfa, 0xe7, 0xb5, 0x3a,
  0xbe, 0x2a, 0xbe, 0x2a, 0xbf, 0x32, 0xf7, 0x21, 0x63, 0x09, 0xfe, 0x37, 0xdb, 0x37, 0xdb, 0x37, 0xdb, 0x37, 0xdb, 0x37, 0xdb, 0x37, 0xdb, 0x37, 0xdb, 0x37, 0xdb, 0x37, 0xdb, 0x37, 0xdb, 0x37,
  0xdb, 0x37, 0xdb, 0x37, 0xdb, 0x37, 0xdb, 0x37, 0xdb, 0x37, 0xdb, 0x37, 0xdb, 0x37, 0xdb, 0x37, 0xdb, 0x37, 0xdb, 0x37, 0xdb, 0x37, 0xdb, 0x37, 0xdb, 0x37, 0xdb, 0x37, 0xdb, 0x37, 0xdb, 0x37,
  0xdb, 0x37, 0xdb, 0x37, 0xdb, 0x37, 0xdb, 0x37, 0xdb, 0x37, 0xdb, 0x37, 0xdb, 0x37, 0xdb, 0x37, 0xdb, 0x37, 0xdb, 0x37, 0xdb, 0x37, 0xdb, 0x37, 0xdb, 0x37, 0xdb, 0x37, 0xdb, 0x37, 0xdb, 0x37,
  0xdb, 0x37, 0xdb, 0x37, 0xdb, 0x37, 0xdb, 0x37, 0xdb, 0x37, 0xdb, 0x37, 0xfb, 0x37, 0x39, 0x2f, 0x24, 0x09, 0x14, 0x4d, 0xff, 0x77, 0xdf, 0x77, 0xdf, 0x77, 0xdf, 0x77, 0xdf, 0x77, 0xdf, 0x77,
  0xdf, 0x77, 0xdf, 0x77, 0xdf, 0x77, 0xdf, 0x77, 0xdf, 0x77, 0xdf, 0x77, 0xdf, 0x77, 0xdf, 0x77, 0xdf, 0x77, 0xdf, 0x77, 0xdf, 0x77, 0xdf, 0x77, 0xdf, 0x77, 0xdf, 0x77, 0xdf, 0x77, 0xdf, 0x77,
  0xdf, 0x77, 0xdf, 0x77, 0xdf, 0x77, 0xdf, 0x77, 0xdf, 0x77, 0xdf, 0x77, 0xdf, 0x77, 0xdf, 0x77, 0xdf, 0x77, 0xdf, 0x77, 0xdf, 0x77, 0xdf, 0x77, 0xdf, 0x77, 0xdf, 0x77, 0xdf, 0x77, 0xdf, 0x77,
  0xdf, 0x77, 0xdf, 0x77, 0xdf, 0x77, 0xdf, 0x77, 0xdf, 0x77, 0xdf, 0x77, 0xdf, 0x77, 0xdf, 0x77, 0xdf, 0x77, 0xdf, 0x77, 0xdf, 0x77, 0xdf, 0x77, 0xdf, 0x77, 0xdf, 0x77, 0xdf, 0x77, 0xdf, 0x77,
  0xdf, 0x77, 0xdf, 0x77, 0xdf, 0x77, 0xdf, 0x77, 0xdf, 0x77, 0xdf, 0x77, 0xdf, 0x77, 0xdf, 0x77, 0xdf, 0x77, 0xdf, 0x77, 0xdf, 0x77, 0xdf, 0x77, 0xdf, 0x77, 0xdf, 0x77, 0xdf, 0x77, 0xdf, 0x77,
  0xdf, 0x77, 0xdf, 0x77, 0xdf, 0x77, 0xdf, 0x77, 0xdf, 0x77, 0xdf, 0x77, 0xdf, 0x77, 0xdf, 0x77, 0xdf, 0x77, 0xdf, 0x77, 0xdf, 0x77, 0xdf, 0x77, 0xdf, 0x77, 0xdf, 0x77, 0xdf, 0x77, 0xdf, 0x77,
  0xdf, 0x77, 0xdf, 0x77, 0xdf, 0x77, 0xdf, 0x77, 0xdf, 0x77, 0xdf, 0x77, 0xdf, 0x77, 0xdf, 0x77, 0xdf, 0x77, 0xdf, 0x77, 0xdf, 0x77, 0xdf, 0x77, 0xdf, 0x77, 0xdf, 0x77, 0xdf, 0x77, 0xdf, 0x77,
  0xdf, 0x77, 0xdf, 0x77, 0xdf, 0x77, 0xdf, 0x77, 0xdf, 0x77, 0xdf, 0x77, 0xdf, 0x77, 0xff, 0x7f, 0x0d, 0x33, 0xcd, 0x13, 0xfd, 0x37, 0xdb, 0x37, 0xfb, 0x37, 0x18, 0x2f, 0x2b, 0x13, 0x90, 0x19,
  0x3a, 0x2a, 0x39, 0x2a, 0x39, 0x22, 0x59, 0x2a, 0x99, 0x32, 0x59, 0x2a, 0x38, 0x22, 0x38, 0x2a, 0x38, 0x2a, 0x38, 0x2a, 0x38, 0x2a, 0x38, 0x2a, 0x38, 0x2a, 0x38, 0x2a, 0x38, 0x2a, 0x38, 0x2a,
  0x18, 0x2a, 0x18, 0x2a, 0x18, 0x2a, 0x38, 0x2a, 0x38, 0x2a, 0x38, 0x2a, 0x38, 0x22, 0x38, 0x22, 0x18, 0x22, 0x58, 0x2a, 0x98, 0x32, 0x38, 0x2a, 0x39, 0x22, 0x90, 0x21, 0x84, 0x08, 0xf0, 0x8c,
  0xb9, 0xd7, 0xba, 0xd7, 0x99, 0xd7, 0x99, 0xd7, 0x99, 0xd7, 0x99, 0xd7, 0x99, 0xd7, 0x99, 0xd7, 0x99, 0xd7, 0x99, 0xd7, 0x99, 0xd7, 0x99, 0xd7, 0x99, 0xd7, 0x99, 0xd7, 0x99, 0xd7, 0x99, 0xd7,
  0x99, 0xd7, 0x99, 0xd7, 0x99, 0xd7, 0x99, 0xd7, 0x99, 0xd7, 0x99, 0xd7, 0x99, 0xd7, 0x99, 0xd7, 0x99, 0xd7, 0x99, 0xd7, 0x99, 0xd7, 0x99, 0xd7, 0x99, 0xd7, 0x99, 0xd7, 0x99, 0xd7, 0x99, 0xd7,
  0x99, 0xd7, 0x99, 0xd7, 0x99, 0xd7, 0x99, 0xd7, 0x99, 0xd7, 0x99, 0xd7, 0x99, 0xd7, 0x99, 0xd7, 0x99, 0xd7, 0x99, 0xd7, 0x99, 0xd7, 0x99, 0xd7, 0x99, 0xd7, 0x99, 0xd7, 0x99, 0xd7, 0x99, 0xd7,
  0x99, 0xd7, 0x99, 0xd7, 0x99, 0xd7, 0x99, 0xd7, 0x99, 0xd7, 0x99, 0xd7, 0x99, 0xd7, 0x99, 0xd7, 0x99, 0xd7, 0x99, 0xd7, 0x99, 0xd7, 0x99, 0xd7, 0x99, 0xd7, 0x99, 0xd7, 0x99, 0xd7, 0x99, 0xd7,
  0x99, 0xd7, 0x99, 0xd7, 0x99, 0xd7, 0x99, 0xd7, 0x99, 0xd7, 0x99, 0xd7, 0x99, 0xd7, 0x99, 0xd7, 0x99, 0xd7, 0x99, 0xd7, 0x99, 0xd7, 0x99, 0xd7, 0x99, 0xd7, 0x99, 0xd7, 0x99, 0xd7, 0x99, 0xd7,
  0x99, 0xd7, 0x99, 0xd7, 0x99, 0xd7, 0x99, 0xd7, 0x99, 0xd7, 0x99, 0xd7, 0x99, 0xd7, 0x99, 0xd7, 0x99, 0xd7, 0x99, 0xd7, 0x99, 0xd7, 0x99, 0xd7, 0x99, 0xd7, 0x99, 0xd7, 0x99, 0xd7, 0x99, 0xd7,
  0x99, 0xd7, 0x99, 0xd7, 0x99, 0xd7, 0x99, 0xd7, 0x99, 0xd7, 0x99, 0xd7, 0x99, 0xd7, 0x99, 0xd7, 0x99, 0xd7, 0x99, 0xd7, 0x99, 0xd7, 0x99, 0xd7, 0x99, 0xd7, 0x99, 0xd7, 0xfa, 0xe7, 0xb5, 0x3a,
  0xbe, 0x2a, 0xbe, 0x2a, 0xbf, 0x32, 0xf7, 0x21, 0x63, 0x09, 0xfe, 0x37, 0xdb, 0x37, 0xdb, 0x37, 0xdb, 0x37, 0xdb, 0x37, 0xdb, 0x37, 0xdb, 0x37, 0xdb, 0x37, 0xdb, 0x37, 0xdb, 0x37, 0xdb, 0x37,
  0xdb, 0x37, 0xdb, 0x37, 0xdb, 0x37, 0xdb, 0x37, 0xdb, 0x37, 0xdb, 0x37, 0xdb, 0x37, 0xdb, 0x37, 0xdb, 0x37, 0xdb, 0x37, 0xdb, 0x37, 0xdb, 0x37, 0xdb, 0x37, 0xdb, 0x37, 0xdb, 0x37, 0xdb, 0x37,
  0xdb, 0x37, 0xdb, 0x37, 0xdb, 0x37, 0xdb, 0x37, 0xdb, 0x37, 0xdb, 0x37, 0xdb, 0x37, 0xdb, 0x37, 0xdb, 0x37, 0xdb, 0x37, 0xdb, 0x37, 0xdb, 0x37, 0xdb, 0x37, 0xdb, 0x37, 0xdb, 0x37, 0xdb, 0x37,
  0xdb, 0x37, 0xdb, 0x37, 0xdb, 0x37, 0xdb, 0x37, 0xdb, 0x37, 0xdb, 0x37, 0xfb, 0x37, 0x39, 0x2f, 0x24, 0x09, 0x14, 0x4d, 0xff, 0x77, 0xdf, 0x77, 0xdf, 0x77, 0xdf, 0x77, 0xdf, 0x77, 0xdf, 0x77,
  0xdf, 0x77, 0xdf, 0x77, 0xdf, 0x77, 0xdf, 0x77, 0xdf, 0x77, 0xdf, 0x77, 0xdf, 0x77, 0xdf, 0x77, 0xdf, 0x77, 0xdf, 0x77, 0xdf, 0x77, 0xdf, 0x77, 0xdf, 0x77, 0xdf, 0x77, 0xdf, 0x77, 0xdf, 0x77,
  0xdf, 0x77, 0xdf, 0x77, 0xdf, 0x77, 0xdf, 0x77, 0xdf, 0x77, 0xdf, 0x77, 0xdf, 0x77, 0xdf, 0x77, 0xdf, 0x77, 0xdf, 0x77, 0xdf, 0x77, 0xdf, 0x77, 0xdf, 0x77, 0xdf, 0x77, 0xdf, 0x77, 0xdf, 0x77,
  0xdf, 0x77, 0xdf, 0x77, 0xdf, 0x77, 0xdf, 0x77, 0xdf, 0x77, 0xdf, 0x77, 0xdf, 0x77, 0xdf, 0x77, 0xdf, 0x77, 0xdf, 0x77, 0xdf, 0x77, 0xdf, 0x77, 0xdf, 0x77, 0xdf, 0x77, 0xdf, 0x77, 0xdf, 0x77,
  0xdf, 0x77, 0xdf, 0x77, 0xdf, 0x77, 0xdf, 0x77, 0xdf, 0x77, 0xdf, 0x77, 0xdf, 0x77, 0xdf, 0x77, 0xdf, 0x77, 0xdf, 0x77, 0xdf, 0x77, 0xdf, 0x77, 0xdf, 0x77, 0xdf, 0x77, 0xdf, 0x77, 0xdf, 0x77,
  0xdf, 0x77, 0xdf, 0x77, 0xdf, 0x77, 0xdf, 0x77, 0xdf, 0x77, 0xdf, 0x77, 0xdf, 0x77, 0xdf, 0x77, 0xdf, 0x77, 0xdf, 0x77, 0xdf, 0x77, 0xdf, 0x77, 0xdf, 0x77, 0xdf, 0x77, 0xdf, 0x77, 0xdf, 0x77,
  0xdf, 0x77, 0xdf, 0x77, 0xdf, 0x77, 0xdf, 0x77, 0xdf, 0x77, 0xdf, 0x77, 0xdf, 0x77, 0xdf, 0x77, 0xdf, 0x77, 0xdf, 0x77, 0xdf, 0x77, 0xdf, 0x77, 0xdf, 0x77, 0xdf, 0x77, 0xdf, 0x77, 0xdf, 0x77,
  0xdf, 0x77, 0xdf, 0x77, 0xdf, 0x77, 0xdf, 0x77, 0xdf, 0x77, 0xdf, 0x77, 0xdf, 0x77, 0xff, 0x7f, 0x0d, 0x33, 0xcd, 0x13, 0xfd, 0x37, 0xdb, 0x37, 0xfb, 0x37, 0x18, 0x2f, 0x2b, 0x13, 0x90, 0x19,
  0x3a, 0x2a, 0x39, 0x2a, 0x38, 0x22, 0x59, 0x2a, 0x99, 0x32, 0x59, 0x2a, 0x38, 0x22, 0x38, 0x2a, 0x38, 0x2a, 0x38, 0x2a, 0x38, 0x2a, 0x38, 0x2a, 0x38, 0x2a, 0x38, 0x2a, 0x18, 0x2a, 0x18, 0x2a,
  0x38, 0x2a, 0x38, 0x2a, 0x38, 0x2a, 0x38, 0x2a, 0x38, 0x22, 0x38, 0x2a, 0x38, 0x22, 0x18, 0x22, 0x18, 0x22, 0x58, 0x2a, 0x78, 0x32, 0x38, 0x2a, 0x18, 0x22, 0x3a, 0x2a, 0x8f, 0x19, 0x83, 0x08,
  0xed, 0x6b, 0x92, 0x9d, 0x72, 0x95, 0x72, 0x95, 0x72, 0x95, 0x72, 0x95, 0x72, 0x95, 0x72, 0x95, 0x72, 0x95, 0x72, 0x95, 0x72, 0x95, 0x72, 0x95, 0x72, 0x95, 0x72, 0x95, 0x72, 0x95, 0x72, 0x95,
  0x72, 0x95, 0x72, 0x95, 0x72, 0x95, 0x72, 0x95, 0x72, 0x95, 0x72, 0x95, 0x72, 0x95, 0x72, 0x95, 0x72, 0x95, 0x72, 0x95, 0x72, 0x95, 0x72, 0x95, 0x72, 0x95, 0x72, 0x95, 0x72, 0x95, 0x72, 0x95,
  0x72, 0x95, 0x72, 0x95, 0x72, 0x95, 0x72, 0x95, 0x72, 0x95, 0x72, 0x95, 0x72, 0x95, 0x72, 0x95, 0x72, 0x95, 0x72, 0x95, 0x72, 0x95, 0x72, 0x95, 0x72, 0x95, 0x72, 0x95, 0x72, 0x95, 0x72, 0x95,
  0x72, 0x95, 0x72, 0x95, 0x72, 0x95, 0x72, 0x95, 0x72, 0x95, 0x72, 0x95, 0x72, 0x95, 0x72, 0x95, 0x72, 0x95, 0x72, 0x95, 0x72, 0x95, 0x72, 0x95, 0x72, 0x95, 0x72, 0x95, 0x72, 0x95, 0x72, 0x95,
  0x72, 0x95, 0x72, 0x95, 0x72, 0x95, 0x72, 0x95, 0x72, 0x95, 0x72, 0x95, 0x72, 0x95, 0x72, 0x95, 0x72, 0x95, 0x72, 0x95, 0x72, 0x95, 0x72, 0x95, 0x72, 0x95, 0x72, 0x95, 0x72, 0x95, 0x72, 0x95,
  0x72, 0x95, 0x72, 0x95, 0x72, 0x95, 0x72, 0x95, 0x72, 0x95, 0x72, 0x95, 0x72, 0x95, 0x72, 0x95, 0x72, 0x95, 0x72, 0x95, 0x72, 0x95, 0x72, 0x95, 0x72, 0x95, 0x72, 0x95, 0x72, 0x95, 0x72, 0x95,
  0x72, 0x95, 0x72, 0x95, 0x72, 0x95, 0x72, 0x95, 0x72, 0x95, 0x72, 0x95, 0x72, 0x95, 0x72, 0x95, 0x72, 0x95, 0x72, 0x95, 0x72, 0x95, 0x72, 0x95, 0x72, 0x95, 0x72, 0x95, 0xb1, 0x9d, 0xb4, 0x3a,
  0xbe, 0x2a, 0xbe, 0x2a, 0xbe, 0x32, 0xf7, 0x21, 0x63, 0x09, 0xfe, 0x37, 0xdb, 0x37, 0xdb, 0x37, 0xdb, 0x37, 0xdb, 0x37, 0xdb, 0x37, 0xdb, 0x37, 0xdb, 0x37, 0xdb, 0x37, 0xdb, 0x37, 0xdb, 0x37,
  0xdb, 0x37, 0xdb, 0x37, 0xdb, 0x37, 0xdb, 0x37, 0xdb, 0x37, 0xdb, 0x37, 0xdb, 0x37, 0xdb, 0x37, 0xdb, 0x37, 0xdb, 0x37, 0xdb, 0x37, 0xdb, 0x37, 0xdb, 0x37, 0xdb, 0x37, 0xdb, 0x37, 0xdb, 0x37,
  0xdb, 0x37, 0xdb, 0x37, 0xdb, 0x37, 0xdb, 0x37, 0xdb, 0x37, 0xdb, 0x37, 0xdb, 0x37, 0xdb, 0x37, 0xdb, 0x37, 0xdb, 0x37, 0xdb, 0x37, 0xdb, 0x37, 0xdb, 0x37, 0xdb, 0x37, 0xdb, 0x37, 0xdb, 0x37,
  0xdb, 0x37, 0xdb, 0x37, 0xdb, 0x37, 0xdb, 0x37, 0xdb, 0x37, 0xdb, 0x37, 0xfb, 0x37, 0x39, 0x2f, 0x24, 0x09, 0x14, 0x4d, 0xff, 0x77, 0xdf, 0x77, 0xdf, 0x77, 0xdf, 0x77, 0xdf, 0x77, 0xdf, 0x77,
  0xdf, 0x77, 0xdf, 0x77, 0xdf, 0x77, 0xdf, 0x77, 0xdf, 0x77, 0xdf, 0x77, 0xdf, 0x77, 0xdf, 0x77, 0xdf, 0x77, 0xdf, 0x77, 0xdf, 0x77, 0xdf, 0x77, 0xdf, 0x77, 0xdf, 0x77, 0xdf, 0x77, 0xdf, 0x77,
  0xdf, 0x77, 0xdf, 0x77, 0xdf, 0x77, 0xdf, 0x77, 0xdf, 0x77, 0xdf, 0x77, 0xdf, 0x77, 0xdf, 0x77, 0xdf, 0x77, 0xdf, 0x77, 0xdf, 0x77, 0xdf, 0x77, 0xdf, 0x77, 0xdf, 0x77, 0xdf, 0x77, 0xdf, 0x77,
  0xdf, 0x77, 0xdf, 0x77, 0xdf, 0x77, 0xdf, 0x77, 0xdf, 0x77, 0xdf, 0x77, 0xdf, 0x77, 0xdf, 0x77, 0xdf, 0x77, 0xdf, 0x77, 0xdf, 0x77, 0xdf, 0x77, 0xdf, 0x77, 0xdf, 0x77, 0xdf, 0x77, 0xdf, 0x77,
  0xdf, 0x77, 0xdf, 0x77, 0xdf, 0x77, 0xdf, 0x77, 0xdf, 0x77, 0xdf, 0x77, 0xdf, 0x77, 0xdf, 0x77, 0xdf, 0x77, 0xdf, 0x77, 0xdf, 0x77, 0xdf, 0x77, 0xdf, 0x77, 0xdf, 0x77, 0xdf, 0x77, 0xdf, 0x77,
  0xdf, 0x77, 0xdf, 0x77, 0xdf, 0x77, 0xdf, 0x77, 0xdf, 0x77, 0xdf, 0x77, 0xdf, 0x77, 0xdf, 0x77, 0xdf, 0x77, 0xdf, 0x77, 0xdf, 0x77, 0xdf, 0x77, 0xdf, 0x77, 0xdf, 0x77, 0xdf, 0x77, 0xdf, 0x77,
  0xdf, 0x77, 0xdf, 0x77, 0xdf, 0x77, 0xdf, 0x77, 0xdf, 0x77, 0xdf, 0x77, 0xdf, 0x77, 0xdf, 0x77, 0xdf, 0x77, 0xdf, 0x77, 0xdf, 0x77, 0xdf, 0x77, 0xdf, 0x77, 0xdf, 0x77, 0xdf, 0x77, 0xdf, 0x77,
  0xdf, 0x77, 0xdf, 0x77, 0xdf, 0x77, 0xdf, 0x77, 0xdf, 0x77, 0xdf, 0x77, 0xdf, 0x77, 0xff, 0x7f, 0x0d, 0x33, 0xcd, 0x13, 0xfd, 0x37, 0xdb, 0x37, 0xfb, 0x37, 0x18, 0x2f, 0x2b, 0x13, 0x70, 0x19,
  0x39, 0x2a, 0x38, 0x2a, 0x38, 0x22, 0x59, 0x2a, 0x99, 0x32, 0x59, 0x2a, 0x38, 0x22, 0x38, 0x2a, 0x38, 0x2a, 0x38, 0x2a, 0x38, 0x2a, 0x18, 0x2a, 0x18, 0x2a, 0x18, 0x2a, 0x38, 0x2a, 0x38, 0x2a,
  0x38, 0x2a, 0x38, 0x22, 0x38, 0x22, 0x38, 0x2a, 0x18, 0x22, 0x18, 0x22, 0x38, 0x22, 0x18, 0x22, 0x18, 0x22, 0x58, 0x2a, 0x78, 0x32, 0x38, 0x2a, 0x18, 0x22, 0x18, 0x22, 0x3a, 0x2a, 0x6f, 0x19,
  0x86, 0x08, 0x65, 0x08, 0x65, 0x08, 0x65, 0x08, 0x65, 0x08, 0x65, 0x08, 0x65, 0x08, 0x65, 0x08, 0x65, 0x08, 0x65, 0x08, 0x65, 0x08, 0x65, 0x08, 0x65, 0x08, 0x65, 0x08, 0x45, 0x00, 0x65, 0x08,
  0x65, 0x08, 0x45, 0x08, 0x45, 0x08, 0x45, 0x08, 0x45, 0x08, 0x45, 0x08, 0x45, 0x08, 0x45, 0x08, 0x45, 0x08, 0x45, 0x08, 0x45, 0x08, 0x45, 0x08, 0x45, 0x08, 0x45, 0x08, 0x45, 0x08, 0x45, 0x08,
  0x45, 0x08, 0x45, 0x08, 0x45, 0x08, 0x65, 0x08, 0x65, 0x08, 0x65, 0x08, 0x45, 0x08, 0x45, 0x08, 0x45, 0x08, 0x45, 0x08, 0x45, 0x08, 0x45, 0x08, 0x44, 0x08, 0x45, 0x08, 0x45, 0x08, 0x45, 0x08,
  0x45, 0x08, 0x45, 0x08, 0x45, 0x08, 0x45, 0x08, 0x45, 0x08, 0x45, 0x08, 0x45, 0x08, 0x45, 0x08, 0x44, 0x08, 0x65, 0x08, 0x85, 0x08, 0x44, 0x08, 0x44, 0x08, 0x44, 0x08, 0x44, 0x08, 0x45, 0x08,
  0x44, 0x08, 0x44, 0x08, 0x45, 0x08, 0x44, 0x08, 0x44, 0x08, 0x44, 0x08, 0x44, 0x08, 0x44, 0x08, 0x44, 0x08, 0x44, 0x08, 0x44, 0x08, 0x44, 0x08, 0x44, 0x08, 0x44, 0x08, 0x44, 0x00, 0x85, 0x08,
  0x44, 0x08, 0x44, 0x08, 0x44, 0x08, 0x44, 0x08, 0x44, 0x08, 0x44, 0x08, 0x44, 0x08, 0x44, 0x08, 0x44, 0x08, 0x44, 0x08, 0x44, 0x00, 0x44, 0x00, 0x44, 0x00, 0x44, 0x00, 0x44, 0x00, 0x44, 0x00,
  0x44, 0x00, 0x44, 0x00, 0x44, 0x00, 0x44, 0x08, 0x84, 0x08, 0x44, 0x00, 0x44, 0x00, 0x44, 0x00, 0x44, 0x00, 0x44, 0x00, 0x44, 0x00, 0x44, 0x00, 0x44, 0x00, 0x44, 0x00, 0x23, 0x00, 0xb2, 0x21,
  0xbe, 0x2a, 0x9e, 0x2a, 0xbe, 0x32, 0xd7, 0x21, 0x63, 0x09, 0xfe, 0x37, 0xdb, 0x37, 0xdb, 0x37, 0xdb, 0x37, 0xdb, 0x37, 0xdb, 0x37, 0xdb, 0x37, 0xdb, 0x37, 0xdb, 0x37, 0xdb, 0x37, 0xdb, 0x37,
  0xdb, 0x37, 0xdb, 0x37, 0xdb, 0x37, 0xdb, 0x37, 0xdb, 0x37, 0xdb, 0x37, 0xdb, 0x37, 0xdb, 0x37, 0xdb, 0x37, 0xdb, 0x37, 0xdb, 0x37, 0xdb, 0x37, 0xdb, 0x37, 0xdb, 0x37, 0xdb, 0x37, 0xdb, 0x37,
  0xdb, 0x37, 0xdb, 0x37, 0xdb, 0x37, 0xdb, 0x37, 0xdb, 0x37, 0xdb, 0x37, 0xdb, 0x37, 0xdb, 0x37, 0xdb, 0x37, 0xdb, 0x37, 0xdb, 0x37, 0xdb, 0x37, 0xdb, 0x37, 0xdb, 0x37, 0xdb, 0x37, 0xdb, 0x37,
  0xdb, 0x37, 0xdb, 0x37, 0xdb, 0x37, 0xdb, 0x37, 0xdb, 0x37, 0xdb, 0x37, 0xfb, 0x37, 0x39, 0x2f, 0x24, 0x09, 0x14, 0x4d, 0xff, 0x77, 0xdf, 0x77, 0xdf, 0x77, 0xdf, 0x77, 0xdf, 0x77, 0xdf, 0x77,
  0xdf, 0x77, 0xdf, 0x77, 0xdf, 0x77, 0xdf, 0x77, 0xdf, 0x77, 0xdf, 0x77, 0xdf, 0x77, 0xdf, 0x77, 0xdf, 0x77, 0xdf, 0x77, 0xdf, 0x77, 0xdf, 0x77, 0xdf, 0x77, 0xdf, 0x77, 0xdf, 0x77, 0xdf, 0x77,
  0xdf, 0x77, 0xdf, 0x77, 0xdf, 0x77, 0xdf, 0x77, 0xdf, 0x77, 0xdf, 0x77, 0xdf, 0x77, 0xdf, 0x77, 0xdf, 0x77, 0xdf, 0x77, 0xdf, 0x77, 0xdf, 0x77, 0xdf, 0x77, 0xdf, 0x77, 0xdf, 0x77, 0xdf, 0x77,
  0xdf, 0x77, 0xdf, 0x77, 0xdf, 0x77, 0xdf, 0x77, 0xdf, 0x77, 0xdf, 0x77, 0xdf, 0x77, 0xdf, 0x77, 0xdf, 0x77, 0xdf, 0x77, 0xdf, 0x77, 0xdf, 0x77, 0xdf, 0x77, 0xdf, 0x77, 0xdf, 0x77, 0xdf, 0x77,
  0xdf, 0x77, 0xdf, 0x77, 0xdf, 0x77, 0xdf, 0x77, 0xdf, 0x77, 0xdf, 0x77, 0xdf, 0x77, 0xdf, 0x77, 0xdf, 0x77, 0xdf, 0x77, 0xdf, 0x77, 0xdf, 0x77, 0xdf, 0x77, 0xdf, 0x77, 0xdf, 0x77, 0xdf, 0x77,
  0xdf, 0x77, 0xdf, 0x77, 0xdf, 0x77, 0xdf, 0x77, 0xdf, 0x77, 0xdf, 0x77, 0xdf, 0x77, 0xdf, 0x77, 0xdf, 0x77, 0xdf, 0x77, 0xdf, 0x77, 0xdf, 0x77, 0xdf, 0x77, 0xdf, 0x77, 0xdf, 0x77, 0xdf, 0x77,
  0xdf, 0x77, 0xdf, 0x77, 0xdf, 0x77, 0xdf, 0x77, 0xdf, 0x77, 0xdf, 0x77, 0xdf, 0x77, 0xdf, 0x77, 0xdf, 0x77, 0xdf, 0x77, 0xdf, 0x77, 0xdf, 0x77, 0xdf, 0x77, 0xdf, 0x77, 0xdf, 0x77, 0xdf, 0x77,
  0xdf, 0x77, 0xdf, 0x77, 0xdf, 0x77, 0xdf, 0x77, 0xdf, 0x77, 0xdf, 0x77, 0xdf, 0x77, 0xff, 0x7f, 0x0d, 0x33, 0xcd, 0x13, 0xfd, 0x37, 0xdb, 0x37, 0xfb, 0x37, 0x18, 0x2f, 0x2b, 0x13, 0x70, 0x19,
  0x39, 0x2a, 0x38, 0x2a, 0x38, 0x22, 0x59, 0x2a, 0x99, 0x32, 0x59, 0x2a, 0x38, 0x22, 0x38, 0x2a, 0x38, 0x2a, 0x18, 0x2a, 0x18, 0x2a, 0x38, 0x2a, 0x38, 0x2a, 0x38, 0x2a, 0x38, 0x2a, 0x38, 0x22,
  0x38, 0x2a, 0x38, 0x22, 0x18, 0x22, 0x38, 0x22, 0x18, 0x22, 0x18, 0x22, 0x18, 0x22, 0x18, 0x22, 0x18, 0x22, 0x58, 0x2a, 0x78, 0x32, 0x38, 0x2a, 0x18, 0x22, 0x18, 0x22, 0x18, 0x22, 0x39, 0x22,
  0x39, 0x2a, 0x39, 0x2a, 0x39, 0x2a, 0x39, 0x2a, 0x39, 0x2a, 0x39, 0x2a, 0x39, 0x2a, 0x39, 0x2a, 0x39, 0x2a, 0x39, 0x2a, 0x39, 0x2a, 0x39, 0x2a, 0x39, 0x22, 0x39, 0x22, 0x19, 0x22, 0xba, 0x3a,
  0x59, 0x32, 0x39, 0x2a, 0x39, 0x22, 0x39, 0x22, 0x39, 0x22, 0x39, 0x22, 0x39, 0x22, 0x19, 0x22, 0x19, 0x22, 0x19, 0x22, 0x19, 0x22, 0x19, 0x22, 0x19, 0x22, 0x18, 0x22, 0x18, 0x22, 0x18, 0x22,
  0x38, 0x22, 0x18, 0x22, 0x18, 0x22, 0x59, 0x2a, 0x99, 0x32, 0x38, 0x2a, 0x18, 0x22, 0x18, 0x22, 0x18, 0x22, 0x18, 0x22, 0x18, 0x22, 0x18, 0x22, 0x18, 0x22, 0x18, 0x22, 0x18, 0x22, 0x18, 0x22,
  0x18, 0x22, 0x18, 0x22, 0x18, 0x22, 0x18, 0x22, 0x18, 0x22, 0x18, 0x22, 0x18, 0x22, 0x18, 0x22, 0xf8, 0x21, 0x38, 0x2a, 0x98, 0x3a, 0x18, 0x2a, 0x18, 0x22, 0x18, 0x22, 0x18, 0x22, 0x18, 0x22,
  0x17, 0x22, 0x17, 0x22, 0x17, 0x22, 0xf7, 0x21, 0xf7, 0x21, 0xf7, 0x21, 0xf7, 0x21, 0xf7, 0x21, 0xf7, 0x21, 0xf7, 0x21, 0xf7, 0x21, 0xf7, 0x21, 0xf7, 0x21, 0xf7, 0x21, 0xf7, 0x21, 0x98, 0x3a,
  0x37, 0x2a, 0xf7, 0x21, 0xf7, 0x21, 0xf7, 0x21, 0xf7, 0x21, 0xf7, 0x21, 0xf7, 0x21, 0xf7, 0x21, 0xf7, 0x21, 0xf7, 0x21, 0xf7, 0x21, 0xf7, 0x21, 0xf7, 0x21, 0xf7, 0x21, 0xf6, 0x21, 0xf6, 0x21,
  0xf6, 0x21, 0xf6, 0x21, 0xf6, 0x21, 0x17, 0x2a, 0xb8, 0x3a, 0xf6, 0x21, 0xf6, 0x21, 0xf6, 0x21, 0xf6, 0x21, 0xf6, 0x21, 0xf6, 0x21, 0xf6, 0x21, 0xf6, 0x21, 0xf6, 0x21, 0xf6, 0x21, 0xd5, 0x21,
  0x9e, 0x2a, 0xbe, 0x2a, 0xbe, 0x32, 0xd7, 0x21, 0x63, 0x09, 0xfe, 0x37, 0xdb, 0x37, 0xdb, 0x37, 0xdb, 0x37, 0xdb, 0x37, 0xdb, 0x37, 0xdb, 0x37, 0xdb, 0x37, 0xdb, 0x37, 0xdb, 0x37, 0xdb, 0x37,
  0xdb, 0x37, 0xdb, 0x37, 0xdb, 0x37, 0xdb, 0x37, 0xdb, 0x37, 0xdb, 0x37, 0xdb, 0x37, 0xdb, 0x37, 0xdb, 0x37, 0xdb, 0x37, 0xdb, 0x37, 0xdb, 0x37, 0xdb, 0x37, 0xdb, 0x37, 0xdb, 0x37, 0xdb, 0x37,
  0xdb, 0x37, 0xdb, 0x37, 0xdb, 0x37, 0xdb, 0x37, 0xdb, 0x37, 0xdb, 0x37, 0xdb, 0x37, 0xdb, 0x37, 0xdb, 0x37, 0xdb, 0x37, 0xdb, 0x37, 0xdb, 0x37, 0xdb, 0x37, 0xdb, 0x37, 0xdb, 0x37, 0xdb, 0x37,
  0xdb, 0x37, 0xdb, 0x37, 0xdb, 0x37, 0xdb, 0x37, 0xdb, 0x37, 0xdb, 0x37, 0xfb, 0x37, 0x39, 0x2f, 0x24, 0x09, 0x14, 0x4d, 0xff, 0x77, 0xdf, 0x77, 0xdf, 0x77, 0xdf, 0x77, 0xdf, 0x77, 0xdf, 0x77,
  0xdf, 0x77, 0xdf, 0x77, 0xdf, 0x77, 0xdf, 0x77, 0xdf, 0x77, 0xdf, 0x77, 0xdf, 0x77, 0xdf, 0x77, 0xdf, 0x77, 0xdf, 0x77, 0xdf, 0x77, 0xdf, 0x77, 0xdf, 0x77, 0xdf, 0x77, 0xdf, 0x77, 0xdf, 0x77,
  0xdf, 0x77, 0xdf, 0x77, 0xdf, 0x77, 0xdf, 0x77, 0xdf, 0x77, 0xdf, 0x77, 0xdf, 0x77, 0xdf, 0x77, 0xdf, 0x77, 0xdf, 0x77, 0xdf, 0x77, 0xdf, 0x77, 0xdf, 0x77, 0xdf, 0x77, 0xdf, 0x77, 0xdf, 0x77,
  0xdf, 0x77, 0xdf, 0x77, 0xdf, 0x77, 0xdf, 0x77, 0xdf, 0x77, 0xdf, 0x77, 0xdf, 0x77, 0xdf, 0x77, 0xdf, 0x77, 0xdf, 0x77, 0xdf, 0x77, 0xdf, 0x77, 0xdf, 0x77, 0xdf, 0x77, 0xdf, 0x77, 0xdf, 0x77,
  0xdf, 0x77, 0xdf, 0x77, 0xdf, 0x77, 0xdf, 0x77, 0xdf, 0x77, 0xdf, 0x77, 0xdf, 0x77, 0xdf, 0x77, 0xdf, 0x77, 0xdf, 0x77, 0xdf, 0x77, 0xdf, 0x77, 0xdf, 0x77, 0xdf, 0x77, 0xdf, 0x77, 0xdf, 0x77,
  0xdf, 0x77, 0xdf, 0x77, 0xdf, 0x77, 0xdf, 0x77, 0xdf, 0x77, 0xdf, 0x77, 0xdf, 0x77, 0xdf, 0x77, 0xdf, 0x77, 0xdf, 0x77, 0xdf, 0x77, 0xdf, 0x77, 0xdf, 0x77, 0xdf, 0x77, 0xdf, 0x77, 0xdf, 0x77,
  0xdf, 0x77, 0xdf, 0x77, 0xdf, 0x77, 0xdf, 0x77, 0xdf, 0x77, 0xdf, 0x77, 0xdf, 0x77, 0xdf, 0x77, 0xdf, 0x77, 0xdf, 0x77, 0xdf, 0x77, 0xdf, 0x77, 0xdf, 0x77, 0xdf, 0x77, 0xdf, 0x77, 0xdf, 0x77,
  0xdf, 0x77, 0xdf, 0x77, 0xdf, 0x77, 0xdf, 0x77, 0xdf, 0x77, 0xdf, 0x77, 0xdf, 0x77, 0xff, 0x7f, 0x0d, 0x33, 0xcd, 0x13, 0xfd, 0x37, 0xdb, 0x37, 0xfb, 0x37, 0x18, 0x2f, 0x2b, 0x13, 0x70, 0x19,
  0x39, 0x2a, 0x38, 0x2a, 0x38, 0x22, 0x58, 0x2a, 0x99, 0x32, 0x58, 0x2a, 0x18, 0x22, 0x18, 0x2a, 0x18, 0x2a, 0x38, 0x2a, 0x38, 0x2a, 0x38, 0x2a, 0x38, 0x22, 0x38, 0x22, 0x38, 0x2a, 0x18, 0x22,
  0x18, 0x22, 0x38, 0x22, 0x18, 0x22, 0x18, 0x22, 0x18, 0x22, 0x18, 0x22, 0x18, 0x22, 0x18, 0x22, 0x18, 0x22, 0x58, 0x2a, 0x78, 0x32, 0x38, 0x2a, 0x18, 0x22, 0x18, 0x22, 0x17, 0x22, 0x17, 0x22,
  0x18, 0x22, 0x17, 0x22, 0x17, 0x22, 0x17, 0x22, 0x17, 0x22, 0x17, 0x22, 0x17, 0x22, 0x17, 0x22, 0x17, 0x22, 0x17, 0x22, 0x17, 0x22, 0x17, 0x22, 0x17, 0x22, 0x17, 0x22, 0xf7, 0x21, 0x98, 0x32,
  0x37, 0x2a, 0x17, 0x22, 0x17, 0x22, 0x17, 0x22, 0x17, 0x22, 0xf7, 0x21, 0xf7, 0x21, 0x17, 0x22, 0x17, 0x22, 0x17, 0x22, 0x17, 0x22, 0x17, 0x22, 0x17, 0x22, 0x17, 0x22, 0xf6, 0x21, 0xf6, 0x21,
  0x17, 0x22, 0xf6, 0x21, 0xf6, 0x21, 0x37, 0x2a, 0x57, 0x32, 0x16, 0x22, 0xf6, 0x21, 0xf6, 0x21, 0xf6, 0x21, 0xf6, 0x21, 0xf6, 0x21, 0xf6, 0x21, 0xf6, 0x21, 0xf6, 0x21, 0xf6, 0x21, 0xf6, 0x21,
  0xf6, 0x21, 0xf6, 0x21, 0xf6, 0x21, 0xf6, 0x21, 0xf6, 0x21, 0xf6, 0x21, 0xf6, 0x21, 0xf6, 0x21, 0xf6, 0x21, 0x16, 0x2a, 0x76, 0x32, 0xf6, 0x21, 0xf6, 0x21, 0xf6, 0x21, 0xf6, 0x21, 0xf6, 0x21,
  0xf6, 0x21, 0xd5, 0x21, 0xd5, 0x21, 0xf6, 0x21, 0xf5, 0x21, 0xf5, 0x21, 0xf5, 0x21, 0xf5, 0x21, 0xf5, 0x21, 0xf5, 0x21, 0xd5, 0x21, 0xd5, 0x21, 0xf5, 0x21, 0xd5, 0x21, 0xd5, 0x21, 0x76, 0x3a,
  0x15, 0x2a, 0xd5, 0x21, 0xd5, 0x21, 0xd5, 0x21, 0xd5, 0x21, 0xd5, 0x21, 0xd5, 0x21, 0xd5, 0x21, 0xd5, 0x21, 0xd5, 0x21, 0xd5, 0x21, 0xd5, 0x21, 0xd5, 0x21, 0xd5, 0x21, 0xd5, 0x21, 0xd5, 0x21,
  0xd5, 0x21, 0xd5, 0x21, 0xd5, 0x21, 0xf5, 0x29, 0x76, 0x3a, 0xb4, 0x21, 0xd5, 0x21, 0xd4, 0x21, 0xd4, 0x21, 0xd4, 0x21, 0xd4, 0x21, 0xd4, 0x21, 0xd4, 0x21, 0xd4, 0x21, 0xd4, 0x21, 0xd4, 0x21,
  0xbd, 0x2a, 0xbe, 0x2a, 0xbe, 0x32, 0xd7, 0x21, 0x63, 0x09, 0xfe, 0x37, 0xdb, 0x37, 0xdb, 0x37, 0xdb, 0x37, 0xdb, 0x37, 0xdb, 0x37, 0xdb, 0x37, 0xdb, 0x37, 0xdb, 0x37, 0xdb, 0x37, 0xdb, 0x37,
  0xdb, 0x37, 0xdb, 0x37, 0xdb, 0x37, 0xdb, 0x37, 0xdb, 0x37, 0xdb, 0x37, 0xdb, 0x37, 0xdb, 0x37, 0xdb, 0x37, 0xdb, 0x37, 0xdb, 0x37, 0xdb, 0x37, 0xdb, 0x37, 0xdb, 0x37, 0xdb, 0x37, 0xdb, 0x37,
  0xdb, 0x37, 0xdb, 0x37, 0xdb, 0x37, 0xdb, 0x37, 0xdb, 0x37, 0xdb, 0x37, 0xdb, 0x37, 0xdb, 0x37, 0xdb, 0x37, 0xdb, 0x37, 0xdb, 0x37, 0xdb, 0x37, 0xdb, 0x37, 0xdb, 0x37, 0xdb, 0x37, 0xdb, 0x37,
  0xdb, 0x37, 0xdb, 0x37, 0xdb, 0x37, 0xdb, 0x37, 0xdb, 0x37, 0xdb, 0x37, 0xfb, 0x37, 0x39, 0x2f, 0x24, 0x09, 0x14, 0x4d, 0xff, 0x77, 0xdf, 0x77, 0xdf, 0x77, 0xdf, 0x77, 0xdf, 0x77, 0xdf, 0x77,
  0xdf, 0x77, 0xdf, 0x77, 0xdf, 0x77, 0xdf, 0x77, 0xdf, 0x77, 0xdf, 0x77, 0xdf, 0x77, 0xdf, 0x77, 0xdf, 0x77, 0xdf, 0x77, 0xdf, 0x77, 0xdf, 0x77, 0xdf, 0x77, 0xdf, 0x77, 0xdf, 0x77, 0xdf, 0x77,
  0xdf, 0x77, 0xdf, 0x77, 0xdf, 0x77, 0xdf, 0x77, 0xdf, 0x77, 0xdf, 0x77, 0xdf, 0x77, 0xdf, 0x77, 0xdf, 0x77, 0xdf, 0x77, 0xdf, 0x77, 0xdf, 0x77, 0xdf, 0x77, 0xdf, 0x77, 0xdf, 0x77, 0xdf, 0x77,
  0xdf, 0x77, 0xdf, 0x77, 0xdf, 0x77, 0xdf, 0x77, 0xdf, 0x77, 0xdf, 0x77, 0xdf, 0x77, 0xdf, 0x77, 0xdf, 0x77, 0xdf, 0x77, 0xdf, 0x77, 0xdf, 0x77, 0xdf, 0x77, 0xdf, 0x77, 0xdf, 0x77, 0xdf, 0x77,
  0xdf, 0x77, 0xdf, 0x77, 0xdf, 0x77, 0xdf, 0x77, 0xdf, 0x77, 0xdf, 0x77, 0xdf, 0x77, 0xdf, 0x77, 0xdf, 0x77, 0xdf, 0x77, 0xdf, 0x77, 0xdf, 0x77, 0xdf, 0x77, 0xdf, 0x77, 0xdf, 0x77, 0xdf, 0x77,
  0xdf, 0x77, 0xdf, 0x77, 0xdf, 0x77, 0xdf, 0x77, 0xdf, 0x77, 0xdf, 0x77, 0xdf, 0x77, 0xdf, 0x77, 0xdf, 0x77, 0xdf, 0x77, 0xdf, 0x77, 0xdf, 0x77, 0xdf, 0x77, 0xdf, 0x77, 0xdf, 0x77, 0xdf, 0x77,
  0xdf, 0x77, 0xdf, 0x77, 0xdf, 0x77, 0xdf, 0x77, 0xdf, 0x77, 0xdf, 0x77, 0xdf, 0x77, 0xdf, 0x77, 0xdf, 0x77, 0xdf, 0x77, 0xdf, 0x77, 0xdf, 0x77, 0xdf, 0x77, 0xdf, 0x77, 0xdf, 0x77, 0xdf, 0x77,
  0xdf, 0x77, 0xdf, 0x77, 0xdf, 0x77, 0xdf, 0x77, 0xdf, 0x77, 0xdf, 0x77, 0xdf, 0x77, 0xff, 0x7f, 0x0d, 0x33, 0xcd, 0x13, 0xfd, 0x37, 0xdb, 0x37, 0xfb, 0x37, 0x18, 0x2f, 0x2b, 0x13, 0x70, 0x19,
  0x39, 0x2a, 0x38, 0x2a, 0x38, 0x22, 0x59, 0x2a, 0x79, 0x32, 0x58, 0x2a, 0x18, 0x22, 0x38, 0x2a, 0x38, 0x2a, 0x38, 0x2a, 0x38, 0x22, 0x38, 0x2a, 0x38, 0x22, 0x18, 0x22, 0x38, 0x22, 0x18, 0x22,
  0x18, 0x22, 0x18, 0x22, 0x18, 0x22, 0x18, 0x22, 0x18, 0x22, 0x18, 0x22, 0x18, 0x22, 0x18, 0x22, 0x18, 0x22, 0x58, 0x2a, 0x78, 0x32, 0x38, 0x2a, 0x17, 0x22, 0x17, 0x22, 0x17, 0x22, 0x17, 0x22,
  0x17, 0x22, 0x17, 0x22, 0x17, 0x22, 0x17, 0x22, 0x17, 0x22, 0x17, 0x22, 0x17, 0x22, 0x17, 0x22, 0x17, 0x22, 0x17, 0x22, 0x17, 0x22, 0x17, 0x22, 0x17, 0x22, 0x17, 0x22, 0xf7, 0x21, 0x98, 0x32,
  0x57, 0x2a, 0x17, 0x22, 0x17, 0x22, 0xf7, 0x21, 0xf7, 0x21, 0x17, 0x22, 0x17, 0x22, 0x17, 0x22, 0x17, 0x22, 0x17, 0x22, 0x17, 0x22, 0x16, 0x22, 0xf6, 0x21, 0x16, 0x22, 0xf7, 0x21, 0xf6, 0x21,
  0xf7, 0x21, 0xf6, 0x21, 0xf6, 0x21, 0x37, 0x2a, 0x57, 0x32, 0x16, 0x22, 0xf6, 0x21, 0xf6, 0x21, 0xf6, 0x21, 0xf6, 0x21, 0xf6, 0x21, 0xf6, 0x21, 0xf6, 0x21, 0xf6, 0x21, 0xf6, 0x21, 0xf6, 0x21,
  0xf6, 0x21, 0xf6, 0x21, 0xf6, 0x21, 0xf6, 0x21, 0xf6, 0x21, 0xf6, 0x21, 0xf6, 0x21, 0xf6, 0x21, 0xf6, 0x21, 0x16, 0x2a, 0x76, 0x32, 0xf6, 0x21, 0xf6, 0x21, 0xf6, 0x21, 0xd5, 0x21, 0xd5, 0x21,
  0xd5, 0x21, 0xf5, 0x21, 0xf5, 0x21, 0xf5, 0x21, 0xf5, 0x21, 0xf5, 0x21, 0xf5, 0x21, 0xf5, 0x21, 0xd5, 0x21, 0xf5, 0x21, 0xd5, 0x21, 0xd5, 0x21, 0xd5, 0x21, 0xd5, 0x21, 0xd5, 0x21, 0x76, 0x3a,
  0x15, 0x2a, 0xd5, 0x21, 0xd5, 0x21, 0xd5, 0x21, 0xd5, 0x21, 0xd5, 0x21, 0xd5, 0x21, 0xd5, 0x21, 0xd5, 0x21, 0xd5, 0x21, 0xd5, 0x21, 0xd5, 0x21, 0xd5, 0x21, 0xd5, 0x21, 0xd5, 0x21, 0xd5, 0x21,
  0xd5, 0x21, 0xd5, 0x21, 0xd4, 0x21, 0xf5, 0x29, 0x76, 0x3a, 0xd4, 0x21, 0xd4, 0x21, 0xd4, 0x21, 0xd4, 0x21, 0xd4, 0x21, 0xd4, 0x21, 0xd4, 0x21, 0xd4, 0x21, 0xb4, 0x21, 0xb4, 0x21, 0xb4, 0x21,
  0xbd, 0x2a, 0xbd, 0x2a, 0xbe, 0x32, 0xd7, 0x21, 0x63, 0x09, 0xfe, 0x37, 0xdb, 0x37, 0xdb, 0x37, 0xdb, 0x37, 0xdb, 0x37, 0xdb, 0x37, 0xdb, 0x37, 0xdb, 0x37, 0xdb, 0x37, 0xdb, 0x37, 0xdb, 0x37,
  0xdb, 0x37, 0xdb, 0x37, 0xdb, 0x37, 0xdb, 0x37, 0xdb, 0x37, 0xdb, 0x37, 0xdb, 0x37, 0xdb, 0x37, 0xdb, 0x37, 0xdb, 0x37, 0xdb, 0x37, 0xdb, 0x37, 0xdb, 0x37, 0xdb, 0x37, 0xdb, 0x37, 0xdb, 0x37,
  0xdb, 0x37, 0xdb, 0x37, 0xdb, 0x37, 0xdb, 0x37, 0xdb, 0x37, 0xdb, 0x37, 0xdb, 0x37, 0xdb, 0x37, 0xdb, 0x37, 0xdb, 0x37, 0xdb, 0x37, 0xdb, 0x37, 0xdb, 0x37, 0xdb, 0x37, 0xdb, 0x37, 0xdb, 0x37,
  0xdb, 0x37, 0xdb, 0x37, 0xdb, 0x37, 0xdb, 0x37, 0xdb, 0x37, 0xdb, 0x37, 0xfb, 0x37, 0x39, 0x2f, 0x24, 0x09, 0x14, 0x4d, 0xff, 0x77, 0xdf, 0x77, 0xdf, 0x77, 0xdf, 0x77, 0xdf, 0x77, 0xdf, 0x77,
  0xdf, 0x77, 0xdf, 0x77, 0xdf, 0x77, 0xdf, 0x77, 0xdf, 0x77, 0xdf, 0x77, 0xdf, 0x77, 0xdf, 0x77, 0xdf, 0x77, 0xdf, 0x77, 0xdf, 0x77, 0xdf, 0x77, 0xdf, 0x77, 0xdf, 0x77, 0xdf, 0x77, 0xdf, 0x77,
  0xdf, 0x77, 0xdf, 0x77, 0xdf, 0x77, 0xdf, 0x77, 0xdf, 0x77, 0xdf, 0x77, 0xdf, 0x77, 0xdf, 0x77, 0xdf, 0x77, 0xdf, 0x77, 0xdf, 0x77, 0xdf, 0x77, 0xdf, 0x77, 0xdf, 0x77, 0xdf, 0x77, 0xdf, 0x77,
  0xdf, 0x77, 0xdf, 0x77, 0xdf, 0x77, 0xdf, 0x77, 0xdf, 0x77, 0xdf, 0x77, 0xdf, 0x77, 0xdf, 0x77, 0xdf, 0x77, 0xdf, 0x77, 0xdf, 0x77, 0xdf, 0x77, 0xdf, 0x77, 0xdf, 0x77, 0xdf, 0x77, 0xdf, 0x77,
  0xdf, 0x77, 0xdf, 0x77, 0xdf, 0x77, 0xdf, 0x77, 0xdf, 0x77, 0xdf, 0x77, 0xdf, 0x77, 0xdf, 0x77, 0xdf, 0x77, 0xdf, 0x77, 0xdf, 0x77, 0xdf, 0x77, 0xdf, 0x77, 0xdf, 0x77, 0xdf, 0x77, 0xdf, 0x77,
  0xdf, 0x77, 0xdf, 0x77, 0xdf, 0x77, 0xdf, 0x77, 0xdf, 0x77, 0xdf, 0x77, 0xdf, 0x77, 0xdf, 0x77, 0xdf, 0x77, 0xdf, 0x77, 0xdf, 0x77, 0xdf, 0x77, 0xdf, 0x77, 0xdf, 0x77, 0xdf, 0x77, 0xdf, 0x77,
  0xdf, 0x77, 0xdf, 0x77, 0xdf, 0x77, 0xdf, 0x77, 0xdf, 0x77, 0xdf, 0x77, 0xdf, 0x77, 0xdf, 0x77, 0xdf, 0x77, 0xdf, 0x77, 0xdf, 0x77, 0xdf, 0x77, 0xdf, 0x77, 0xdf, 0x77, 0xdf, 0x77, 0xdf, 0x77,
  0xdf, 0x77, 0xdf, 0x77, 0xdf, 0x77, 0xdf, 0x77, 0xdf, 0x77, 0xdf, 0x77, 0xdf, 0x77, 0xff, 0x7f, 0x0d, 0x33, 0xcd, 0x13, 0xfd, 0x37, 0xdb, 0x37, 0xfb, 0x37, 0x18, 0x2f, 0x2b, 0x13, 0x70, 0x19,
  0x39, 0x2a, 0x18, 0x2a, 0x18, 0x22, 0x38, 0x2a, 0x79, 0x32, 0x58, 0x2a, 0x18, 0x22, 0x38, 0x2a, 0x38, 0x22, 0x38, 0x2a, 0x18, 0x22, 0x18, 0x22, 0x38, 0x22, 0x18, 0x22, 0x18, 0x22, 0x18, 0x22,
  0x18, 0x22, 0x18, 0x22, 0x18, 0x22, 0x18, 0x22, 0x18, 0x22, 0x18, 0x22, 0x18, 0x22, 0x18, 0x22, 0x18, 0x22, 0x58, 0x2a, 0x78, 0x32, 0x38, 0x2a, 0x17, 0x22, 0x17, 0x22, 0x17, 0x22, 0x17, 0x22,
  0x17, 0x22, 0x17, 0x22, 0x17, 0x22, 0x17, 0x22, 0x17, 0x22, 0x17, 0x22, 0x17, 0x22, 0x17, 0x22, 0x17, 0x22, 0x17, 0x22, 0x17, 0x22, 0x17, 0x22, 0x17, 0x22, 0x17, 0x22, 0xf7, 0x21, 0x98, 0x3a,
  0x37, 0x2a, 0x17, 0x22, 0xf7, 0x21, 0x17, 0x22, 0x17, 0x22, 0x17, 0x22, 0x17, 0x22, 0x17, 0x22, 0x17, 0x22, 0xf6, 0x21, 0xf6, 0x21, 0x17, 0x22, 0xf6, 0x21, 0xf6, 0x21, 0xf7, 0x21, 0xf6, 0x21,
  0xf6, 0x21, 0xf6, 0x21, 0xf6, 0x21, 0x36, 0x2a, 0x57, 0x32, 0x16, 0x22, 0xf6, 0x21, 0xf6, 0x21, 0xf6, 0x21, 0xf6, 0x21, 0xf6, 0x21, 0xf6, 0x21, 0xf6, 0x21, 0xf6, 0x21, 0xf6, 0x21, 0xf6, 0x21,
  0xf6, 0x21, 0xf6, 0x21, 0xf6, 0x21, 0xf6, 0x21, 0xf6, 0x21, 0xf6, 0x21, 0xf6, 0x21, 0xf6, 0x21, 0xf6, 0x21, 0x16, 0x2a, 0x76, 0x32, 0xf6, 0x21, 0xd5, 0x21, 0xd5, 0x21, 0xf6, 0x21, 0xf5, 0x21,
  0xf5, 0x21, 0xf5, 0x21, 0xf5, 0x21, 0xf5, 0x21, 0xf5, 0x21, 0xd5, 0x21, 0xd5, 0x21, 0xf5, 0x21, 0xd5, 0x21, 0xd5, 0x21, 0xd5, 0x21, 0xd5, 0x21, 0xd5, 0x21, 0xd5, 0x21, 0xd5, 0x21, 0x76, 0x3a,
  0x15, 0x2a, 0xd5, 0x21, 0xd5, 0x21, 0xd5, 0x21, 0xd5, 0x21, 0xd5, 0x21, 0xd5, 0x21, 0xd5, 0x21, 0xd5, 0x21, 0xd5, 0x21, 0xd5, 0x21, 0xd5, 0x21, 0xd5, 0x21, 0xd5, 0x21, 0xd5, 0x21, 0xd4, 0x21,
  0xd4, 0x21, 0xd4, 0x21, 0xd4, 0x21, 0xf5, 0x29, 0x76, 0x3a, 0xd4, 0x21, 0xd4, 0x21, 0xd4, 0x21, 0xd4, 0x21, 0xd4, 0x21, 0xd4, 0x21, 0xb4, 0x21, 0xb4, 0x21, 0xd4, 0x21, 0xd4, 0x21, 0xd4, 0x21,
  0xbd, 0x2a, 0x9d, 0x2a, 0xbe, 0x32, 0xd6, 0x21, 0x63, 0x09, 0xfe, 0x37, 0xdb, 0x37, 0xdb, 0x37, 0xdb, 0x37, 0xdb, 0x37, 0xdb, 0x37, 0xdb, 0x37, 0xdb, 0x37, 0xdb, 0x37, 0xdb, 0x37, 0xdb, 0x37,
  0xdb, 0x37, 0xdb, 0x37, 0xdb, 0x37, 0xdb, 0x37, 0xdb, 0x37, 0xdb, 0x37, 0xdb, 0x37, 0xdb, 0x37, 0xdb, 0x37, 0xdb, 0x37, 0xdb, 0x37, 0xdb, 0x37, 0xdb, 0x37, 0xdb, 0x37, 0xdb, 0x37, 0xdb, 0x37,
  0xdb, 0x37, 0xdb, 0x37, 0xdb, 0x37, 0xdb, 0x37, 0xdb, 0x37, 0xdb, 0x37, 0xdb, 0x37, 0xdb, 0x37, 0xdb, 0x37, 0xdb, 0x37, 0xdb, 0x37, 0xdb, 0x37, 0xdb, 0x37, 0xdb, 0x37, 0xdb, 0x37, 0xdb, 0x37,
  0xdb, 0x37, 0xdb, 0x37, 0xdb, 0x37, 0xdb, 0x37, 0xdb, 0x37, 0xdb, 0x37, 0xfb, 0x37, 0x39, 0x2f, 0x24, 0x09, 0x14, 0x4d, 0xff, 0x77, 0xdf, 0x77, 0xdf, 0x77, 0xdf, 0x77, 0xdf, 0x77, 0xdf, 0x77,
  0xdf, 0x77, 0xdf, 0x77, 0xdf, 0x77, 0xdf, 0x77, 0xdf, 0x77, 0xdf, 0x77, 0xdf, 0x77, 0xdf, 0x77, 0xdf, 0x77, 0xdf, 0x77, 0xdf, 0x77, 0xdf, 0x77, 0xdf, 0x77, 0xdf, 0x77, 0xdf, 0x77, 0xdf, 0x77,
  0xdf, 0x77, 0xdf, 0x77, 0xdf, 0x77, 0xdf, 0x77, 0xdf, 0x77, 0xdf, 0x77, 0xdf, 0x77, 0xdf, 0x77, 0xdf, 0x77, 0xdf, 0x77, 0xdf, 0x77, 0xdf, 0x77, 0xdf, 0x77, 0xdf, 0x77, 0xdf, 0x77, 0xdf, 0x77,
  0xdf, 0x77, 0xdf, 0x77, 0xdf, 0x77, 0xdf, 0x77, 0xdf, 0x77, 0xdf, 0x77, 0xdf, 0x77, 0xdf, 0x77, 0xdf, 0x77, 0xdf, 0x77, 0xdf, 0x77, 0xdf, 0x77, 0xdf, 0x77, 0xdf, 0x77, 0xdf, 0x77, 0xdf, 0x77,
  0xdf, 0x77, 0xdf, 0x77, 0xdf, 0x77, 0xdf, 0x77, 0xdf, 0x77, 0xdf, 0x77, 0xdf, 0x77, 0xdf, 0x77, 0xdf, 0x77, 0xdf, 0x77, 0xdf, 0x77, 0xdf, 0x77, 0xdf, 0x77, 0xdf, 0x77, 0xdf, 0x77, 0xdf, 0x77,
  0xdf, 0x77, 0xdf, 0x77, 0xdf, 0x77, 0xdf, 0x77, 0xdf, 0x77, 0xdf, 0x77, 0xdf, 0x77, 0xdf, 0x77, 0xdf, 0x77, 0xdf, 0x77, 0xdf, 0x77, 0xdf, 0x77, 0xdf, 0x77, 0xdf, 0x77, 0xdf, 0x77, 0xdf, 0x77,
  0xdf, 0x77, 0xdf, 0x77, 0xdf, 0x77, 0xdf, 0x77, 0xdf, 0x77, 0xdf, 0x77, 0xdf, 0x77, 0xdf, 0x77, 0xdf, 0x77, 0xdf, 0x77, 0xdf, 0x77, 0xdf, 0x77, 0xdf, 0x77, 0xdf, 0x77, 0xdf, 0x77, 0xdf, 0x77,
  0xdf, 0x77, 0xdf, 0x77, 0xdf, 0x77, 0xdf, 0x77, 0xdf, 0x77, 0xdf, 0x77, 0xdf, 0x77, 0xff, 0x7f, 0x0d, 0x33, 0xcd, 0x13, 0xfd, 0x37, 0xdb, 0x37, 0xfb, 0x37, 0x18, 0x2f, 0x2b, 0x13, 0x90, 0x19,
  0x39, 0x2a, 0x38, 0x2a, 0x18, 0x22, 0x38, 0x2a, 0x79, 0x32, 0x58, 0x2a, 0x18, 0x22, 0x38, 0x2a, 0x18, 0x22, 0x38, 0x22, 0x18, 0x22, 0x18, 0x22, 0x18, 0x22, 0x18, 0x22, 0x18, 0x22, 0x18, 0x22,
  0x18, 0x22, 0x18, 0x22, 0x18, 0x22, 0x18, 0x22, 0x18, 0x22, 0x18, 0x22, 0x17, 0x22, 0x17, 0x22, 0x17, 0x22, 0x58, 0x2a, 0x78, 0x32, 0x37, 0x2a, 0x17, 0x22, 0x17, 0x22, 0x17, 0x22, 0x17, 0x22,
  0x17, 0x22, 0x17, 0x22, 0x17, 0x22, 0x17, 0x22, 0x17, 0x22, 0x17, 0x22, 0x17, 0x22, 0x17, 0x22, 0x17, 0x22, 0x17, 0x22, 0x17, 0x22, 0x17, 0x22, 0x17, 0x22, 0x17, 0x22, 0xf7, 0x21, 0x97, 0x3a,
  0x37, 0x2a, 0x17, 0x22, 0xf7, 0x21, 0x17, 0x22, 0x17, 0x22, 0x17, 0x22, 0x16, 0x22, 0xf6, 0x21, 0x16, 0x22, 0xf7, 0x21, 0xf6, 0x21, 0xf7, 0x21, 0xf6, 0x21, 0xf6, 0x21, 0xf6, 0x21, 0xf6, 0x21,
  0xf6, 0x21, 0xf6, 0x21, 0xf6, 0x21, 0x36, 0x2a, 0x57, 0x32, 0x16, 0x22, 0xf6, 0x21, 0xf6, 0x21, 0xf6, 0x21, 0xf6, 0x21, 0xf6, 0x21, 0xf6, 0x21, 0xf6, 0x21, 0xf6, 0x21, 0xf6, 0x21, 0xf6, 0x21,
  0xf6, 0x21, 0xf6, 0x21, 0xf6, 0x21, 0xf6, 0x21, 0xf6, 0x21, 0xf6, 0x21, 0xf6, 0x21, 0xf6, 0x21, 0xf6, 0x21, 0x16, 0x2a, 0x76, 0x32, 0xf6, 0x21, 0xd5, 0x21, 0xf5, 0x21, 0xf5, 0x21, 0xf5, 0x21,
  0xf5, 0x21, 0xf5, 0x21, 0xf5, 0x21, 0xd5, 0x21, 0xf5, 0x21, 0xd5, 0x21, 0xd5, 0x21, 0xd5, 0x21, 0xd5, 0x21, 0xd5, 0x21, 0xd5, 0x21, 0xd5, 0x21, 0xd5, 0x21, 0xd5, 0x21, 0xd5, 0x21, 0x76, 0x3a,
  0x15, 0x2a, 0xd5, 0x21, 0xd5, 0x21, 0xd5, 0x21, 0xd5, 0x21, 0xd5, 0x21, 0xd5, 0x21, 0xd5, 0x21, 0xd5, 0x21, 0xd5, 0x21, 0xd5, 0x21, 0xd5, 0x21, 0xd5, 0x21, 0xd4, 0x21, 0xd4, 0x21, 0xd5, 0x21,
  0xd4, 0x21, 0xd4, 0x21, 0xd4, 0x21, 0xf5, 0x29, 0x76, 0x3a, 0xd4, 0x21, 0xd4, 0x21, 0xd4, 0x21, 0xb4, 0x21, 0xb4, 0x21, 0xb4, 0x21, 0xd4, 0x21, 0xd4, 0x21, 0xd4, 0x21, 0xd4, 0x21, 0xd4, 0x21,
  0xbd, 0x2a, 0x9d, 0x2a, 0xbe, 0x2a, 0xf7, 0x21, 0x63, 0x09, 0xfe, 0x37, 0xdb, 0x37, 0xdb, 0x37, 0xdb, 0x37, 0xdb, 0x37, 0xdb, 0x37, 0xdb, 0x37, 0xdb, 0x37, 0xdb, 0x37, 0xdb, 0x37, 0xdb, 0x37,
  0xdb, 0x37, 0xdb, 0x37, 0xdb, 0x37, 0xdb, 0x37, 0xdb, 0x37, 0xdb, 0x37, 0xdb, 0x37, 0xdb, 0x37, 0xdb, 0x37, 0xdb, 0x37, 0xdb, 0x37, 0xdb, 0x37, 0xdb, 0x37, 0xdb, 0x37, 0xdb, 0x37, 0xdb, 0x37,
  0xdb, 0x37, 0xdb, 0x37, 0xdb, 0x37, 0xdb, 0x37, 0xdb, 0x37, 0xdb, 0x37, 0xdb, 0x37, 0xdb, 0x37, 0xdb, 0x37, 0xdb, 0x37, 0xdb, 0x37, 0xdb, 0x37, 0xdb, 0x37, 0xdb, 0x37, 0xdb, 0x37, 0xdb, 0x37,
  0xdb, 0x37, 0xdb, 0x37, 0xdb, 0x37, 0xdb, 0x37, 0xdb, 0x37, 0xdb, 0x37, 0xfb, 0x37, 0x39, 0x2f, 0x24, 0x09, 0x14, 0x4d, 0xff, 0x77, 0xdf, 0x77, 0xdf, 0x77, 0xdf, 0x77, 0xdf, 0x77, 0xdf, 0x77,
  0xdf, 0x77, 0xdf, 0x77, 0xdf, 0x77, 0xdf, 0x77, 0xdf, 0x77, 0xdf, 0x77, 0xdf, 0x77, 0xdf, 0x77, 0xdf, 0x77, 0xdf, 0x77, 0xdf, 0x77, 0xdf, 0x77, 0xdf, 0x77, 0xdf, 0x77, 0xdf, 0x77, 0xdf, 0x77,
  0xdf, 0x77, 0xdf, 0x77, 0xdf, 0x77, 0xdf, 0x77, 0xdf, 0x77, 0xdf, 0x77, 0xdf, 0x77, 0xdf, 0x77, 0xdf, 0x77, 0xdf, 0x77, 0xdf, 0x77, 0xdf, 0x77, 0xdf, 0x77, 0xdf, 0x77, 0xdf, 0x77, 0xdf, 0x77,
  0xdf, 0x77, 0xdf, 0x77, 0xdf, 0x77, 0xdf, 0x77, 0xdf, 0x77, 0xdf, 0x77, 0xdf, 0x77, 0xdf, 0x77, 0xdf, 0x77, 0xdf, 0x77, 0xdf, 0x77, 0xdf, 0x77, 0xdf, 0x77, 0xdf, 0x77, 0xdf, 0x77, 0xdf, 0x77,
  0xdf, 0x77, 0xdf, 0x77, 0xdf, 0x77, 0xdf, 0x77, 0xdf, 0x77, 0xdf, 0x77, 0xdf, 0x77, 0xdf, 0x77, 0xdf, 0x77, 0xdf, 0x77, 0xdf, 0x77, 0xdf, 0x77, 0xdf, 0x77, 0xdf, 0x77, 0xdf, 0x77, 0xdf, 0x77,
  0xdf, 0x77, 0xdf, 0x77, 0xdf, 0x77, 0xdf, 0x77, 0xdf, 0x77, 0xdf, 0x77, 0xdf, 0x77, 0xdf, 0x77, 0xdf, 0x77, 0xdf, 0x77, 0xdf, 0x77, 0xdf, 0x77, 0xdf, 0x77, 0xdf, 0x77, 0xdf, 0x77, 0xdf, 0x77,
  0xdf, 0x77, 0xdf, 0x77, 0xdf, 0x77, 0xdf, 0x77, 0xdf, 0x77, 0xdf, 0x77, 0xdf, 0x77, 0xdf, 0x77, 0xdf, 0x77, 0xdf, 0x77, 0xdf, 0x77, 0xdf, 0x77, 0xdf, 0x77, 0xdf, 0x77, 0xdf, 0x77, 0xdf, 0x77,
  0xdf, 0x77, 0xdf, 0x77, 0xdf, 0x77, 0xdf, 0x77, 0xdf, 0x77, 0xdf, 0x77, 0xdf, 0x77, 0xff, 0x7f, 0x0d, 0x33, 0xcd, 0x13, 0xfd, 0x37, 0xdb, 0x37, 0xfb, 0x37, 0x18, 0x2f, 0x2b, 0x13, 0x90, 0x19,
  0xd4, 0x21, 0xd4, 0x21, 0xd4, 0x21, 0xd4, 0x21, 0xd4, 0x21, 0xd4, 0x21, 0xd4, 0x21, 0xd4, 0x21, 0xd4, 0x21, 0xd4, 0x21, 0xd4, 0x21, 0xd4, 0x21, 0xd4, 0x21, 0xd4, 0x21, 0xd4, 0x21, 0xd4, 0x21,
  0xd4, 0x21, 0xd4, 0x21, 0xd4, 0x21, 0xd4, 0x21, 0xd4, 0x21, 0xd4, 0x21, 0xd4, 0x21, 0xd4, 0x21, 0xd4, 0x21, 0xd4, 0x21, 0xd4, 0x21, 0xd4, 0x21, 0xd4, 0x21, 0xd4, 0x21, 0xd4, 0x21, 0xd4, 0x21,
  0xd4, 0x21, 0xd4, 0x21, 0xd4, 0x21, 0xd4, 0x21, 0xd4, 0x21, 0xd4, 0x21, 0xd4, 0x21, 0xd4, 0x21, 0xd4, 0x21, 0xd4, 0x21, 0xd4, 0x21, 0xd4, 0x21, 0xd4, 0x21, 0xd4, 0x21, 0xd4, 0x21, 0xd4, 0x21,
  0xd4, 0x21, 0xd4, 0x21, 0xd4, 0x21, 0xd4, 0x21, 0xd4, 0x21, 0xd4, 0x21, 0xd4, 0x21, 0xd4, 0x21, 0xd4, 0x21, 0xd4, 0x21, 0xd4, 0x21, 0xd4, 0x21, 0xd4, 0x21, 0xd4, 0x21, 0xd4, 0x21, 0xd4, 0x21,
  0xd4, 0x21, 0xd4, 0x21, 0xd4, 0x21, 0xd4, 0x21, 0xd4, 0x21, 0xd4, 0x21, 0xd4, 0x21, 0xd4, 0x21, 0xd4, 0x21, 0xd4, 0x21, 0xd4, 0x21, 0xd4, 0x21, 0xd4, 0x21, 0xd4, 0x21, 0xd4, 0x21, 0xd4, 0x21,
  0xd4, 0x21, 0xd4, 0x21, 0xd4, 0x21, 0xd4, 0x21, 0xd4, 0x21, 0xd4, 0x21, 0xd4, 0x21, 0xd4, 0x21, 0xd4, 0x21, 0xd4, 0x21, 0xd4, 0x21, 0xd4, 0x21, 0xd4, 0x21, 0xd4, 0x21, 0xd4, 0x21, 0xd4, 0x21,
  0xd4, 0x21, 0xd4, 0x21, 0xd4, 0x21, 0xd4, 0x21, 0xd4, 0x21, 0xd4, 0x21, 0xd4, 0x21, 0xd4, 0x21, 0xd4, 0x21, 0xd4, 0x21, 0xd4, 0x21, 0xd4, 0x21, 0xd4, 0x21, 0xd4, 0x21, 0xd4, 0x21, 0xd4, 0x21,
  0xd4, 0x21, 0xd4, 0x21, 0xd4, 0x21, 0xd4, 0x21, 0xd4, 0x21, 0xd4, 0x21, 0xd4, 0x21, 0xd4, 0x21, 0xd4, 0x21, 0xd4, 0x21, 0xd4, 0x21, 0xd4, 0x21, 0xd4, 0x21, 0xd4, 0x21, 0xd4, 0x21, 0xd4, 0x21,
  0xd4, 0x21, 0xd4, 0x21, 0xd4, 0x21, 0xd4, 0x21, 0xd4, 0x21, 0xd4, 0x21, 0xd4, 0x21, 0xd4, 0x21, 0xd4, 0x21, 0xd4, 0x21, 0xd4, 0x21, 0xd4, 0x21, 0xd4, 0x21, 0xd4, 0x21, 0xd4, 0x21, 0xb4, 0x21,
  0x9d, 0x2a, 0x9d, 0x2a, 0xbe, 0x2a, 0xf7, 0x21, 0x63, 0x09, 0xfe, 0x37, 0xdb, 0x37, 0xdb, 0x37, 0xdb, 0x37, 0xdb, 0x37, 0xdb, 0x37, 0xdb, 0x37, 0xdb, 0x37, 0xdb, 0x37, 0xdb, 0x37, 0xdb, 0x37,
  0xdb, 0x37, 0xdb, 0x37, 0xdb, 0x37, 0xdb, 0x37, 0xdb, 0x37, 0xdb, 0x37, 0xdb, 0x37, 0xdb, 0x37, 0xdb, 0x37, 0xdb, 0x37, 0xdb, 0x37, 0xdb, 0x37, 0xdb, 0x37, 0xdb, 0x37, 0xdb, 0x37, 0xdb, 0x37,
  0xdb, 0x37, 0xdb, 0x37, 0xdb, 0x37, 0xdb, 0x37, 0xdb, 0x37, 0xdb, 0x37, 0xdb, 0x37, 0xdb, 0x37, 0xdb, 0x37, 0xdb, 0x37, 0xdb, 0x37, 0xdb, 0x37, 0xdb, 0x37, 0xdb, 0x37, 0xdb, 0x37, 0xdb, 0x37,
  0xdb, 0x37, 0xdb, 0x37, 0xdb, 0x37, 0xdb, 0x37, 0xdb, 0x37, 0xdb, 0x37, 0xfb, 0x37, 0x39, 0x2f, 0x24, 0x09, 0x14, 0x4d, 0xff, 0x77, 0xdf, 0x77, 0xdf, 0x77, 0xdf, 0x77, 0xdf, 0x77, 0xdf, 0x77,
  0xdf, 0x77, 0xdf, 0x77, 0xdf, 0x77, 0xdf, 0x77, 0xdf, 0x77, 0xdf, 0x77, 0xdf, 0x77, 0xdf, 0x77, 0xdf, 0x77, 0xdf, 0x77, 0xdf, 0x77, 0xdf, 0x77, 0xdf, 0x77, 0xdf, 0x77, 0xdf, 0x77, 0xdf, 0x77,
  0xdf, 0x77, 0xdf, 0x77, 0xdf, 0x77, 0xdf, 0x77, 0xdf, 0x77, 0xdf, 0x77, 0xdf, 0x77, 0xdf, 0x77, 0xdf, 0x77, 0xdf, 0x77, 0xdf, 0x77, 0xdf, 0x77, 0xdf, 0x77, 0xdf, 0x77, 0xdf, 0x77, 0xdf, 0x77,
  0xdf, 0x77, 0xdf, 0x77, 0xdf, 0x77, 0xdf, 0x77, 0xdf, 0x77, 0xdf, 0x77, 0xdf, 0x77, 0xdf, 0x77, 0xdf, 0x77, 0xdf, 0x77, 0xdf, 0x77, 0xdf, 0x77, 0xdf, 0x77, 0xdf, 0x77, 0xdf, 0x77, 0xdf, 0x77,
  0xdf, 0x77, 0xdf, 0x77, 0xdf, 0x77, 0xdf, 0x77, 0xdf, 0x77, 0xdf, 0x77, 0xdf, 0x77, 0xdf, 0x77, 0xdf, 0x77, 0xdf, 0x77, 0xdf, 0x77, 0xdf, 0x77, 0xdf, 0x77, 0xdf, 0x77, 0xdf, 0x77, 0xdf, 0x77,
  0xdf, 0x77, 0xdf, 0x77, 0xdf, 0x77, 0xdf, 0x77, 0xdf, 0x77, 0xdf, 0x77, 0xdf, 0x77, 0xdf, 0x77, 0xdf, 0x77, 0xdf, 0x77, 0xdf, 0x77, 0xdf, 0x77, 0xdf, 0x77, 0xdf, 0x77, 0xdf, 0x77, 0xdf, 0x77,
  0xdf, 0x77, 0xdf, 0x77, 0xdf, 0x77, 0xdf, 0x77, 0xdf, 0x77, 0xdf, 0x77, 0xdf, 0x77, 0xdf, 0x77, 0xdf, 0x77, 0xdf, 0x77, 0xdf, 0x77, 0xdf, 0x77, 0xdf, 0x77, 0xdf, 0x77, 0xdf, 0x77, 0xdf, 0x77,
  0xdf, 0x77, 0xdf, 0x77, 0xdf, 0x77, 0xdf, 0x77, 0xdf, 0x77, 0xdf, 0x77, 0xdf, 0x77, 0xff, 0x7f, 0x0d, 0x33, 0xcd, 0x13, 0xfd, 0x37, 0xdb, 0x37, 0xfb, 0x37, 0x18, 0x2f, 0x2b, 0x13, 0x90, 0x19,
  0xd4, 0x21, 0xd4, 0x21, 0xd4, 0x21, 0xd4, 0x21, 0xd4, 0x21, 0xd4, 0x21, 0xd4, 0x21, 0xd4, 0x21, 0xd4, 0x21, 0xd4, 0x21, 0xd4, 0x21, 0xd4, 0x21, 0xd4, 0x21, 0xd4, 0x21, 0xd4, 0x21, 0xd4, 0x21,
  0xd4, 0x21, 0xd4, 0x21, 0xd4, 0x21, 0xd4, 0x21, 0xd4, 0x21, 0xd4, 0x21, 0xd4, 0x21, 0xd4, 0x21, 0xd4, 0x21, 0xd4, 0x21, 0xd4, 0x21, 0xd4, 0x21, 0xd4, 0x21, 0xd4, 0x21, 0xd4, 0x21, 0xd4, 0x21,
  0xd4, 0x21, 0xd4, 0x21, 0xd4, 0x21, 0xd4, 0x21, 0xd4, 0x21, 0xd4, 0x21, 0xd4, 0x21, 0xd4, 0x21, 0xd4, 0x21, 0xd4, 0x21, 0xd4, 0x21, 0xd4, 0x21, 0xd4, 0x21, 0xd4, 0x21, 0xd4, 0x21, 0xd4, 0x21,
  0xd4, 0x21, 0xd4, 0x21, 0xd4, 0x21, 0xd4, 0x21, 0xd4, 0x21, 0xd4, 0x21, 0xd4, 0x21, 0xd4, 0x21, 0xd4, 0x21, 0xd4, 0x21, 0xd4, 0x21, 0xd4, 0x21, 0xd4, 0x21, 0xd4, 0x21, 0xd4, 0x21, 0xd4, 0x21,
  0xd4, 0x21, 0xd4, 0x21, 0xd4, 0x21, 0xd4, 0x21, 0xd4, 0x21, 0xd4, 0x21, 0xd4, 0x21, 0xd4, 0x21, 0xd4, 0x21, 0xd4, 0x21, 0xd4, 0x21, 0xd4, 0x21, 0xd4, 0x21, 0xd4, 0x21, 0xd4, 0x21, 0xd4, 0x21,
  0xd4, 0x21, 0xd4, 0x21, 0xd4, 0x21, 0xd4, 0x21, 0xd4, 0x21, 0xd4, 0x21, 0xd4, 0x21, 0xd4, 0x21, 0xd4, 0x21, 0xd4, 0x21, 0xd4, 0x21, 0xd4, 0x21, 0xd4, 0x21, 0xd4, 0x21, 0xd4, 0x21, 0xd4, 0x21,
  0xd4, 0x21, 0xd4, 0x21, 0xd4, 0x21, 0xd4, 0x21, 0xd4, 0x21, 0xd4, 0x21, 0xd4, 0x21, 0xd4, 0x21, 0xd4, 0x21, 0xd4, 0x21, 0xd4, 0x21, 0xd4, 0x21, 0xd4, 0x21, 0xd4, 0x21, 0xd4, 0x21, 0xd4, 0x21,
  0xd4, 0x21, 0xd4, 0x21, 0xd4, 0x21, 0xd4, 0x21, 0xd4, 0x21, 0xd4, 0x21, 0xd4, 0x21, 0xd4, 0x21, 0xd4, 0x21, 0xd4, 0x21, 0xd4, 0x21, 0xd4, 0x21, 0xd4, 0x21, 0xd4, 0x21, 0xd4, 0x21, 0xd4, 0x21,
  0xd4, 0x21, 0xd4, 0x21, 0xd4, 0x21, 0xd4, 0x21, 0xd4, 0x21, 0xd4, 0x21, 0xd4, 0x21, 0xd4, 0x21, 0xd4, 0x21, 0xd4, 0x21, 0xd4, 0x21, 0xd4, 0x21, 0xd4, 0x21, 0xd4, 0x21, 0xd4, 0x21, 0xb4, 0x21,
  0x9d, 0x2a, 0x9d, 0x2a, 0xbe, 0x2a, 0xf7, 0x21, 0x63, 0x09, 0xfe, 0x37, 0xdb, 0x37, 0xdb, 0x37, 0xdb, 0x37, 0xdb, 0x37, 0xdb, 0x37, 0xdb, 0x37, 0xdb, 0x37, 0xdb, 0x37, 0xdb, 0x37, 0xdb, 0x37,
  0xdb, 0x37, 0xdb, 0x37, 0xdb, 0x37, 0xdb, 0x37, 0xdb, 0x37, 0xdb, 0x37, 0xdb, 0x37, 0xdb, 0x37, 0xdb, 0x37, 0xdb, 0x37, 0xdb, 0x37, 0xdb, 0x37, 0xdb, 0x37, 0xdb, 0x37, 0xdb, 0x37, 0xdb, 0x37,
  0xdb, 0x37, 0xdb, 0x37, 0xdb, 0x37, 0xdb, 0x37, 0xdb, 0x37, 0xdb, 0x37, 0xdb, 0x37, 0xdb, 0x37, 0xdb, 0x37, 0xdb, 0x37, 0xdb, 0x37, 0xdb, 0x37, 0xdb, 0x37, 0xdb, 0x37, 0xdb, 0x37, 0xdb, 0x37,
  0xdb, 0x37, 0xdb, 0x37, 0xdb, 0x37, 0xdb, 0x37, 0xdb, 0x37, 0xdb, 0x37, 0xfb, 0x37, 0x39, 0x2f, 0x24, 0x09, 0x14, 0x4d, 0xff, 0x77, 0xdf, 0x77, 0xdf, 0x77, 0xdf, 0x77, 0xdf, 0x77, 0xdf, 0x77,
  0xdf, 0x77, 0xdf, 0x77, 0xdf, 0x77, 0xdf, 0x77, 0xdf, 0x77, 0xdf, 0x77, 0xdf, 0x77, 0xdf, 0x77, 0xdf, 0x77, 0xdf, 0x77, 0xdf, 0x77, 0xdf, 0x77, 0xdf, 0x77, 0xdf, 0x77, 0xdf, 0x77, 0xdf, 0x77,
  0xdf, 0x77, 0xdf, 0x77, 0xdf, 0x77, 0xdf, 0x77, 0xdf, 0x77, 0xdf, 0x77, 0xdf, 0x77, 0xdf, 0x77, 0xdf, 0x77, 0xdf, 0x77, 0xdf, 0x77, 0xdf, 0x77, 0xdf, 0x77, 0xdf, 0x77, 0xdf, 0x77, 0xdf, 0x77,
  0xdf, 0x77, 0xdf, 0x77, 0xdf, 0x77, 0xdf, 0x77, 0xdf, 0x77, 0xdf, 0x77, 0xdf, 0x77, 0xdf, 0x77, 0xdf, 0x77, 0xdf, 0x77, 0xdf, 0x77, 0xdf, 0x77, 0xdf, 0x77, 0xdf, 0x77, 0xdf, 0x77, 0xdf, 0x77,
  0xdf, 0x77, 0xdf, 0x77, 0xdf, 0x77, 0xdf, 0x77, 0xdf, 0x77, 0xdf, 0x77, 0xdf, 0x77, 0xdf, 0x77, 0xdf, 0x77, 0xdf, 0x77, 0xdf, 0x77, 0xdf, 0x77, 0xdf, 0x77, 0xdf, 0x77, 0xdf, 0x77, 0xdf, 0x77,
  0xdf, 0x77, 0xdf, 0x77, 0xdf, 0x77, 0xdf, 0x77, 0xdf, 0x77, 0xdf, 0x77, 0xdf, 0x77, 0xdf, 0x77, 0xdf, 0x77, 0xdf, 0x77, 0xdf, 0x77, 0xdf, 0x77, 0xdf, 0x77, 0xdf, 0x77, 0xdf, 0x77, 0xdf, 0x77,
  0xdf, 0x77, 0xdf, 0x77, 0xdf, 0x77, 0xdf, 0x77, 0xdf, 0x77, 0xdf, 0x77, 0xdf, 0x77, 0xdf, 0x77, 0xdf, 0x77, 0xdf, 0x77, 0xdf, 0x77, 0xdf, 0x77, 0xdf, 0x77, 0xdf, 0x77, 0xdf, 0x77, 0xdf, 0x77,
  0xdf, 0x77, 0xdf, 0x77, 0xdf, 0x77, 0xdf, 0x77, 0xdf, 0x77, 0xdf, 0x77, 0xdf, 0x77, 0xff, 0x7f, 0x0d, 0x33, 0xcd, 0x13, 0xfd, 0x37, 0xdb, 0x37, 0xfb, 0x37, 0x18, 0x2f, 0x2b, 0x13, 0x8f, 0x19,
  0xb4, 0x21, 0xb4, 0x21, 0xb4, 0x21, 0xb4, 0x21, 0xb4, 0x21, 0xb4, 0x21, 0xb4, 0x21, 0xb4, 0x21, 0xb4, 0x21, 0xb4, 0x21, 0xb4, 0x21, 0xb4, 0x21, 0xb4, 0x21, 0xb4, 0x21, 0xb4, 0x21, 0xb4, 0x21,
  0xb4, 0x21, 0xb4, 0x21, 0xb4, 0x21, 0xb4, 0x21, 0xb4, 0x21, 0xb4, 0x21, 0xb4, 0x21, 0xb4, 0x21, 0xb4, 0x21, 0xb4, 0x21, 0xb4, 0x21, 0xb4, 0x21, 0xb4, 0x21, 0xb4, 0x21, 0xb4, 0x21, 0xb4, 0x21,
  0xb4, 0x21, 0xb4, 0x21, 0xb4, 0x21, 0xb4, 0x21, 0xb4, 0x21, 0xb4, 0x21, 0xb4, 0x21, 0xb4, 0x21, 0xb4, 0x21, 0xb4, 0x21, 0xb4, 0x21, 0xb4, 0x21, 0xb4, 0x21, 0xb4, 0x21, 0xb4, 0x21, 0xb4, 0x21,
  0xb4, 0x21, 0xb4, 0x21, 0xb4, 0x21, 0xb4, 0x21, 0xb4, 0x21, 0xb4, 0x21, 0xb4, 0x21, 0xb4, 0x21, 0xb4, 0x21, 0xb4, 0x21, 0xb4, 0x21, 0xb4, 0x21, 0xb4, 0x21, 0xb4, 0x21, 0xb4, 0x21, 0xb4, 0x21,
  0xb4, 0x21, 0xb4, 0x21, 0xb4, 0x21, 0xb4, 0x21, 0xb4, 0x21, 0xb4, 0x21, 0xb4, 0x21, 0xb4, 0x21, 0xb4, 0x21, 0xb4, 0x21, 0xb4, 0x21, 0xb4, 0x21, 0xb4, 0x21, 0xb4, 0x21, 0xb4, 0x21, 0xb4, 0x21,
  0xb4, 0x21, 0xb4, 0x21, 0xb4, 0x21, 0xb4, 0x21, 0xb4, 0x21, 0xb4, 0x21, 0xb4, 0x21, 0xb4, 0x21, 0xb4, 0x21, 0xb4, 0x21, 0xb4, 0x21, 0xb4, 0x21, 0xb4, 0x21, 0xb4, 0x21, 0xb4, 0x21, 0xb4, 0x21,
  0xb4, 0x21, 0xb4, 0x21, 0xb4, 0x21, 0xb4, 0x21, 0xb4, 0x21, 0xb4, 0x21, 0xb4, 0x21, 0xb4, 0x21, 0xb4, 0x21, 0xb4, 0x21, 0xb4, 0x21, 0xb4, 0x21, 0xb4, 0x21, 0xb4, 0x21, 0xb4, 0x21, 0xb4, 0x21,
  0xb4, 0x21, 0xb4, 0x21, 0xb4, 0x21, 0xb4, 0x21, 0xb4, 0x21, 0xb4, 0x21, 0xb4, 0x21, 0xb4, 0x21, 0xb4, 0x21, 0xb4, 0x21, 0xb4, 0x21, 0xb4, 0x21, 0xb4, 0x21, 0xb4, 0x21, 0xb4, 0x21, 0xb4, 0x21,
  0xb4, 0x21, 0xb4, 0x21, 0xb4, 0x21, 0xb4, 0x21, 0xb4, 0x21, 0xb4, 0x21, 0xb4, 0x21, 0xb4, 0x21, 0xb4, 0x21, 0xb4, 0x21, 0xb4, 0x21, 0xb4, 0x21, 0xb4, 0x21, 0xb4, 0x21, 0xb4, 0x21, 0xb4, 0x21,
  0x9d, 0x2a, 0x9d, 0x2a, 0xbe, 0x2a, 0xd6, 0x21, 0x63, 0x09, 0xfe, 0x37, 0xdb, 0x37, 0xdb, 0x37, 0xdb, 0x37, 0xdb, 0x37, 0xdb, 0x37, 0xdb, 0x37, 0xdb, 0x37, 0xdb, 0x37, 0xdb, 0x37, 0xdb, 0x37,
  0xdb, 0x37, 0xdb, 0x37, 0xdb, 0x37, 0xfb, 0x37, 0xfc, 0x37, 0xfc, 0x37, 0xfc, 0x37, 0xfb, 0x37, 0xfb, 0x37, 0xdb, 0x37, 0xfb, 0x37, 0xfc, 0x37, 0xfc, 0x37, 0xfc, 0x37, 0xfb, 0x37, 0xdb, 0x37,
  0xfb, 0x37, 0xfc, 0x37, 0xfb, 0x37, 0xdb, 0x37, 0xdb, 0x37, 0xdb, 0x37, 0xdb, 0x37, 0xfb, 0x37, 0xfc, 0x37, 0xfb, 0x37, 0xdb, 0x37, 0xdb, 0x37, 0xdb, 0x37, 0xdb, 0x37, 0xdb, 0x37, 0xdb, 0x37,
  0xdb, 0x37, 0xdb, 0x37, 0xdb, 0x37, 0xdb, 0x37, 0xdb, 0x37, 0xdb, 0x37, 0xfb, 0x37, 0x39, 0x2f, 0x24, 0x09, 0x14, 0x4d, 0xff, 0x77, 0xdf, 0x77, 0xdf, 0x77, 0xdf, 0x77, 0xdf, 0x77, 0xdf, 0x77,
  0xdf, 0x77, 0xdf, 0x77, 0xdf, 0x77, 0xdf, 0x77, 0xdf, 0x77, 0xdf, 0x77, 0xdf, 0x77, 0xdf, 0x77, 0xdf, 0x77, 0xdf, 0x77, 0xdf, 0x77, 0xdf, 0x77, 0xdf, 0x77, 0xdf, 0x77, 0xdf, 0x77, 0xdf, 0x77,
  0xdf, 0x77, 0xdf, 0x77, 0xdf, 0x77, 0xdf, 0x77, 0xdf, 0x77, 0xdf, 0x77, 0xdf, 0x77, 0xdf, 0x77, 0xdf, 0x77, 0xdf, 0x77, 0xdf, 0x77, 0xdf, 0x77, 0xdf, 0x77, 0xdf, 0x77, 0xdf, 0x77, 0xdf, 0x77,
  0xdf, 0x77, 0xdf, 0x77, 0xdf, 0x77, 0xdf, 0x77, 0xdf, 0x77, 0xdf, 0x77, 0xdf, 0x77, 0xdf, 0x77, 0xdf, 0x77, 0xdf, 0x77, 0xdf, 0x77, 0xdf, 0x77, 0xdf, 0x77, 0xdf, 0x77, 0xdf, 0x77, 0xdf, 0x77,
  0xdf, 0x77, 0xdf, 0x77, 0xdf, 0x77, 0xdf, 0x77, 0xdf, 0x77, 0xdf, 0x77, 0xdf, 0x77, 0xdf, 0x77, 0xdf, 0x77, 0xdf, 0x77, 0xdf, 0x77, 0xdf, 0x77, 0xdf, 0x77, 0xdf, 0x77, 0xdf, 0x77, 0xdf, 0x77,
  0xdf, 0x77, 0xdf, 0x77, 0xdf, 0x77, 0xdf, 0x77, 0xdf, 0x77, 0xdf, 0x77, 0xdf, 0x77, 0xdf, 0x77, 0xdf, 0x77, 0xdf, 0x77, 0xdf, 0x77, 0xdf, 0x77, 0xdf, 0x77, 0xdf, 0x77, 0xdf, 0x77, 0xdf, 0x77,
  0xdf, 0x77, 0xdf, 0x77, 0xdf, 0x77, 0xdf, 0x77, 0xdf, 0x77, 0xdf, 0x77, 0xdf, 0x77, 0xdf, 0x77, 0xdf, 0x77, 0xdf, 0x77, 0xdf, 0x77, 0xdf, 0x77, 0xdf, 0x77, 0xdf, 0x77, 0xdf, 0x77, 0xdf, 0x77,
  0xdf, 0x77, 0xdf, 0x77, 0xdf, 0x77, 0xdf, 0x77, 0xdf, 0x77, 0xdf, 0x77, 0xdf, 0x77, 0xff, 0x7f, 0x0d, 0x33, 0xcd, 0x13, 0xfd, 0x37, 0xdb, 0x37, 0xfb, 0x37, 0x18, 0x2f, 0x2b, 0x13, 0x6f, 0x19,
  0xb4, 0x21, 0xb4, 0x21, 0xb4, 0x21, 0xb4, 0x21, 0xb4, 0x21, 0xb4, 0x21, 0xb4, 0x21, 0xb4, 0x21, 0xb4, 0x21, 0xb4, 0x21, 0xb4, 0x21, 0xb4, 0x21, 0xb4, 0x21, 0xb4, 0x21, 0xb4, 0x21, 0xb4, 0x21,
  0xb4, 0x21, 0xb4, 0x21, 0xb4, 0x21, 0xb4, 0x21, 0xb4, 0x21, 0xb4, 0x21, 0xb4, 0x21, 0xb4, 0x21, 0xb4, 0x21, 0xb4, 0x21, 0xb4, 0x21, 0xb4, 0x21, 0xb4, 0x21, 0xb4, 0x21, 0xb4, 0x21, 0xb4, 0x21,
  0xb4, 0x21, 0xb4, 0x21, 0xb4, 0x21, 0xb4, 0x21, 0xb4, 0x21, 0xb4, 0x21, 0xb4, 0x21, 0xb4, 0x21, 0xb4, 0x21, 0xb4, 0x21, 0xb4, 0x21, 0xb4, 0x21, 0xb4, 0x21, 0xb4, 0x21, 0xb4, 0x21, 0xb4, 0x21,
  0xb4, 0x21, 0xb4, 0x21, 0xb4, 0x21, 0xb4, 0x21, 0xb4, 0x21, 0xb4, 0x21, 0xb4, 0x21, 0xb4, 0x21, 0xb4, 0x21, 0xb4, 0x21, 0xb4, 0x21, 0xb4, 0x21, 0xb4, 0x21, 0xb4, 0x21, 0xb4, 0x21, 0xb4, 0x21,
  0xb4, 0x21, 0xb4, 0x21, 0xb4, 0x21, 0xb4, 0x21, 0xb4, 0x21, 0xb4, 0x21, 0xb4, 0x21, 0xb4, 0x21, 0xb4, 0x21, 0xb4, 0x21, 0xb4, 0x21, 0xb4, 0x21, 0xb4, 0x21, 0xb4, 0x21, 0xb4, 0x21, 0xb4, 0x21,
  0xb4, 0x21, 0xb4, 0x21, 0xb4, 0x21, 0xb4, 0x21, 0xb4, 0x21, 0xb4, 0x21, 0xb4, 0x21, 0xb4, 0x21, 0xb4, 0x21, 0xb4, 0x21, 0xb4, 0x21, 0xb4, 0x21, 0xb4, 0x21, 0xb4, 0x21, 0xb4, 0x21, 0xb4, 0x21,
  0xb4, 0x21, 0xb4, 0x21, 0xb4, 0x21, 0xb4, 0x21, 0xb4, 0x21, 0xb4, 0x21, 0xb4, 0x21, 0xb4, 0x21, 0xb4, 0x21, 0xb4, 0x21, 0xb4, 0x21, 0xb4, 0x21, 0xb4, 0x21, 0xb4, 0x21, 0xb4, 0x21, 0xb4, 0x21,
  0xb4, 0x21, 0xb4, 0x21, 0xb4, 0x21, 0xb4, 0x21, 0xb4, 0x21, 0xb4, 0x21, 0xb4, 0x21, 0xb4, 0x21, 0xb4, 0x21, 0xb4, 0x21, 0xb4, 0x21, 0xb4, 0x21, 0xb4, 0x21, 0xb4, 0x21, 0xb4, 0x21, 0xb4, 0x21,
  0xb4, 0x21, 0xb4, 0x21, 0xb4, 0x21, 0xb4, 0x21, 0xb4, 0x21, 0xb4, 0x21, 0xb4, 0x21, 0xb4, 0x21, 0xb4, 0x21, 0xb4, 0x21, 0xb4, 0x21, 0xb4, 0x21, 0xb4, 0x21, 0xb4, 0x21, 0xb4, 0x21, 0xb4, 0x21,
  0x9d, 0x2a, 0x9d, 0x2a, 0xbe, 0x2a, 0xd6, 0x21, 0x63, 0x09, 0xfe, 0x37, 0xdb, 0x37, 0xdb, 0x37, 0xdb, 0x37, 0xdb, 0x37, 0xdb, 0x37, 0xdb, 0x37, 0xdb, 0x37, 0xdb, 0x37, 0xdb, 0x37, 0xdb, 0x37,
  0xdb, 0x37, 0xdb, 0x37, 0xfb, 0x37, 0x9a, 0x37, 0x18, 0x2f, 0xf8, 0x2e, 0xf8, 0x2e, 0x39, 0x2f, 0xdb, 0x37, 0xfb, 0x37, 0x59, 0x2f, 0xf8, 0x2e, 0xf8, 0x2e, 0xf8, 0x2e, 0x7a, 0x37, 0xfc, 0x37,
  0x7a, 0x37, 0xf8, 0x2e, 0x59, 0x2f, 0xfc, 0x37, 0xdb, 0x37, 0xdb, 0x37, 0xfb, 0x37, 0x7a, 0x37, 0x18, 0x2f, 0x7a, 0x37, 0xfb, 0x37, 0xdb, 0x37, 0xdb, 0x37, 0xdb, 0x37, 0xdb, 0x37, 0xdb, 0x37,
  0xdb, 0x37, 0xdb, 0x37, 0xdb, 0x37, 0xdb, 0x37, 0xdb, 0x37, 0xdb, 0x37, 0xfb, 0x37, 0x39, 0x2f, 0x24, 0x09, 0x14, 0x4d, 0xff, 0x77, 0xdf, 0x77, 0xdf, 0x77, 0xdf, 0x77, 0xdf, 0x77, 0xdf, 0x77,
  0xdf, 0x77, 0xdf, 0x77, 0xdf, 0x77, 0xdf, 0x77, 0xdf, 0x77, 0xdf, 0x77, 0xdf, 0x77, 0xdf, 0x77, 0xdf, 0x77, 0xdf, 0x77, 0xdf, 0x77, 0xdf, 0x77, 0xdf, 0x77, 0xdf, 0x77, 0xdf, 0x77, 0xdf, 0x77,
  0xdf, 0x77, 0xdf, 0x77, 0xdf, 0x77, 0xdf, 0x77, 0xdf, 0x77, 0xdf, 0x77, 0xdf, 0x77, 0xdf, 0x77, 0xdf, 0x77, 0xdf, 0x77, 0xdf, 0x77, 0xdf, 0x77, 0xdf, 0x77, 0xdf, 0x77, 0xdf, 0x77, 0xdf, 0x77,
  0xdf, 0x77, 0xdf, 0x77, 0xdf, 0x77, 0xdf, 0x77, 0xdf, 0x77, 0xdf, 0x77, 0xdf, 0x77, 0xdf, 0x77, 0xdf, 0x77, 0xdf, 0x77, 0xdf, 0x77, 0xdf, 0x77, 0xdf, 0x77, 0xdf, 0x77, 0xdf, 0x77, 0xdf, 0x77,
  0xdf, 0x77, 0xdf, 0x77, 0xdf, 0x77, 0xdf, 0x77, 0xdf, 0x77, 0xdf, 0x77, 0xdf, 0x77, 0xdf, 0x77, 0xdf, 0x77, 0xdf, 0x77, 0xdf, 0x77, 0xdf, 0x77, 0xdf, 0x77, 0xdf, 0x77, 0xdf, 0x77, 0xdf, 0x77,
  0xdf, 0x77, 0xdf, 0x77, 0xdf, 0x77, 0xdf, 0x77, 0xdf, 0x77, 0xdf, 0x77, 0xdf, 0x77, 0xdf, 0x77, 0xdf, 0x77, 0xdf, 0x77, 0xdf, 0x77, 0xdf, 0x77, 0xdf, 0x77, 0xdf, 0x77, 0xdf, 0x77, 0xdf, 0x77,
  0xdf, 0x77, 0xdf, 0x77, 0xdf, 0x77, 0xdf, 0x77, 0xdf, 0x77, 0xdf, 0x77, 0xdf, 0x77, 0xdf, 0x77, 0xdf, 0x77, 0xdf, 0x77, 0xdf, 0x77, 0xdf, 0x77, 0xdf, 0x77, 0xdf, 0x77, 0xdf, 0x77, 0xdf, 0x77,
  0xdf, 0x77, 0xdf, 0x77, 0xdf, 0x77, 0xdf, 0x77, 0xdf, 0x77, 0xdf, 0x77, 0xdf, 0x77, 0xff, 0x7f, 0x0d, 0x33, 0xcd, 0x13, 0xfd, 0x37, 0xdb, 0x37, 0xfb, 0x37, 0x18, 0x2f, 0x2b, 0x13, 0x6f, 0x19,
  0xb4, 0x21, 0xb4, 0x21, 0xb4, 0x21, 0xb4, 0x21, 0xb4, 0x21, 0xb4, 0x21, 0xb4, 0x21, 0xb4, 0x21, 0xb4, 0x21, 0xb4, 0x21, 0xb4, 0x21, 0xb4, 0x21, 0xb4, 0x21, 0xb4, 0x21, 0xb4, 0x21, 0xb4, 0x21,
  0xb4, 0x21, 0xb4, 0x21, 0xb4, 0x21, 0xb4, 0x21, 0xb4, 0x21, 0xb4, 0x21, 0xb4, 0x21, 0xb4, 0x21, 0xb4, 0x21, 0xb4, 0x21, 0xb4, 0x21, 0xb4, 0x21, 0xb4, 0x21, 0xb4, 0x21, 0xb4, 0x21, 0xb4, 0x21,
  0xb4, 0x21, 0xb4, 0x21, 0xb4, 0x21, 0xb4, 0x21, 0xb4, 0x21, 0xb4, 0x21, 0xb4, 0x21, 0xb4, 0x21, 0xb4, 0x21, 0xb4, 0x21, 0xb4, 0x21, 0xb4, 0x21, 0xb4, 0x21, 0xb4, 0x21, 0xb4, 0x21, 0xb4, 0x21,
  0xb4, 0x21, 0xb4, 0x21, 0xb4, 0x21, 0xb4, 0x21, 0xb4, 0x21, 0xb4, 0x21, 0xb4, 0x21, 0xb4, 0x21, 0xb4, 0x21, 0xb4, 0x21, 0xb4, 0x21, 0xb4, 0x21, 0xb4, 0x21, 0xb4, 0x21, 0xb4, 0x21, 0xb4, 0x21,
  0xb4, 0x21, 0xb4, 0x21, 0xb4, 0x21, 0xb4, 0x21, 0xb4, 0x21, 0xb4, 0x21, 0xb4, 0x21, 0xb4, 0x21, 0xb4, 0x21, 0xb4, 0x21, 0xb4, 0x21, 0xb4, 0x21, 0xb4, 0x21, 0xb4, 0x21, 0xb4, 0x21, 0xb4, 0x21,
  0xb4, 0x21, 0xb4, 0x21, 0xb4, 0x21, 0xb4, 0x21, 0xb4, 0x21, 0xb4, 0x21, 0xb4, 0x21, 0xb4, 0x21, 0xb4, 0x21, 0xb4, 0x21, 0xb4, 0x21, 0xb4, 0x21, 0xb4, 0x21, 0xb4, 0x21, 0xb4, 0x21, 0xb4, 0x21,
  0xb4, 0x21, 0xb4, 0x21, 0xb4, 0x21, 0xb4, 0x21, 0xb4, 0x21, 0xb4, 0x21, 0xb4, 0x21, 0xb4, 0x21, 0xb4, 0x21, 0xb4, 0x21, 0xb4, 0x21, 0xb4, 0x21, 0xb4, 0x21, 0xb4, 0x21, 0xb4, 0x21, 0xb4, 0x21,
  0xb4, 0x21, 0xb4, 0x21, 0xb4, 0x21, 0xb4, 0x21, 0xb4, 0x21, 0xb4, 0x21, 0xb4, 0x21, 0xb4, 0x21, 0xb4, 0x21, 0xb4, 0x21, 0xb4, 0x21, 0xb4, 0x21, 0xb4, 0x21, 0xb4, 0x21, 0xb4, 0x21, 0xb4, 0x21,
  0xb4, 0x21, 0xb4, 0x21, 0xb4, 0x21, 0xb4, 0x21, 0xb4, 0x21, 0xb4, 0x21, 0xb4, 0x21, 0xb4, 0x21, 0xb4, 0x21, 0xb4, 0x21, 0xb4, 0x21, 0xb4, 0x21, 0xb4, 0x21, 0xb4, 0x21, 0xb4, 0x21, 0xb4, 0x21,
  0x9d, 0x2a, 0x9d, 0x2a, 0xbe, 0x2a, 0xd6, 0x21, 0x63, 0x09, 0xfe, 0x37, 0xdb, 0x37, 0xdb, 0x37, 0xdb, 0x37, 0xdb, 0x37, 0xdb, 0x37, 0xdb, 0x37, 0xdb, 0x37, 0xdb, 0x37, 0xdb, 0x37, 0xdb, 0x37,
  0xdb, 0x37, 0xdb, 0x37, 0xfc, 0x37, 0x2f, 0x1c, 0x00, 0x00, 0x21, 0x00, 0x00, 0x00, 0xc3, 0x08, 0x35, 0x2e, 0xfc, 0x37, 0x27, 0x12, 0x00, 0x00, 0x20, 0x00, 0x00, 0x00, 0x07, 0x12, 0xfc, 0x37,
  0x6c, 0x13, 0x00, 0x00, 0x03, 0x09, 0xfd, 0x37, 0xdb, 0x37, 0xfb, 0x37, 0xdb, 0x37, 0x27, 0x12, 0x00, 0x00, 0x4b, 0x1b, 0xfd, 0x37, 0xdb, 0x37, 0xdb, 0x37, 0xdb, 0x37, 0xdb, 0x37, 0xdb, 0x37,
  0xdb, 0x37, 0xdb, 0x37, 0xdb, 0x37, 0xdb, 0x37, 0xdb, 0x37, 0xdb, 0x37, 0xfb, 0x37, 0x39, 0x2f, 0x24, 0x09, 0x14, 0x4d, 0xff, 0x7f, 0xff, 0x77, 0xff, 0x77, 0xff, 0x77, 0xff, 0x77, 0xff, 0x77,
  0xff, 0x77, 0xff, 0x77, 0xff, 0x77, 0xff, 0x77, 0xff, 0x77, 0xff, 0x77, 0xff, 0x77, 0xff, 0x77, 0xff, 0x77, 0xff, 0x77, 0xff, 0x77, 0xff, 0x77, 0xff, 0x77, 0xff, 0x77, 0xff, 0x77, 0xff, 0x77,
  0xff, 0x77, 0xff, 0x77, 0xff, 0x77, 0xff, 0x77, 0xff, 0x77, 0xff, 0x77, 0xff, 0x77, 0xff, 0x77, 0xff, 0x77, 0xff, 0x77, 0xff, 0x77, 0xff, 0x77, 0xff, 0x77, 0xff, 0x77, 0xff, 0x77, 0xff, 0x77,
  0xff, 0x77, 0xff, 0x77, 0xff, 0x77, 0xff, 0x77, 0xff, 0x77, 0xff, 0x77, 0xff, 0x77, 0xff, 0x77, 0xff, 0x77, 0xff, 0x77, 0xff, 0x77, 0xff, 0x77, 0xff, 0x77, 0xff, 0x77, 0xff, 0x77, 0xff, 0x77,
  0xff, 0x77, 0xff, 0x77, 0xff, 0x77, 0xff, 0x77, 0xff, 0x77, 0xff, 0x77, 0xff, 0x77, 0xff, 0x77, 0xff, 0x77, 0xff, 0x77, 0xff, 0x77, 0xff, 0x77, 0xff, 0x77, 0xff, 0x77, 0xff, 0x77, 0xff, 0x77,
  0xff, 0x77, 0xff, 0x77, 0xff, 0x77, 0xff, 0x77, 0xff, 0x77, 0xff, 0x77, 0xff, 0x77, 0xff, 0x77, 0xff, 0x77, 0xff, 0x77, 0xff, 0x77, 0xff, 0x77, 0xff, 0x77, 0xff, 0x77, 0xff, 0x77, 0xff, 0x77,
  0xff, 0x77, 0xff, 0x77, 0xff, 0x77, 0xff, 0x77, 0xff, 0x77, 0xff, 0x77, 0xff, 0x77, 0xff, 0x77, 0xff, 0x77, 0xff, 0x77, 0xff, 0x77, 0xff, 0x77, 0xff, 0x77, 0xff, 0x77, 0xff, 0x77, 0xff, 0x77,
  0xff, 0x77, 0xff, 0x77, 0xff, 0x77, 0xff, 0x77, 0xff, 0x77, 0xff, 0x77, 0xff, 0x77, 0xff, 0x7f, 0x2d, 0x33, 0xcd, 0x13, 0xfd, 0x37, 0xdb, 0x37, 0xfb, 0x37, 0x18, 0x2f, 0x2b, 0x13, 0x6f, 0x19,
  0xb3, 0x21, 0xb3, 0x21, 0xb3, 0x21, 0xb3, 0x21, 0xb3, 0x21, 0xb3, 0x21, 0xb3, 0x21, 0xb3, 0x21, 0xb3, 0x21, 0xb3, 0x21, 0xb3, 0x21, 0xb3, 0x21, 0xb3, 0x21, 0xb3, 0x21, 0xb3, 0x21, 0xb3, 0x21,
  0xb3, 0x21, 0xb3, 0x21, 0xb3, 0x21, 0xb3, 0x21, 0xb3, 0x21, 0xb3, 0x21, 0xb3, 0x21, 0xb3, 0x21, 0xb3, 0x21, 0xb3, 0x21, 0xb3, 0x21, 0xb3, 0x21, 0xb3, 0x21, 0xb3, 0x21, 0xb3, 0x21, 0xb3, 0x21,
  0xb3, 0x21, 0xb3, 0x21, 0xb3, 0x21, 0xb3, 0x21, 0xb3, 0x21, 0xb3, 0x21, 0xb3, 0x21, 0xb3, 0x21, 0xb3, 0x21, 0xb3, 0x21, 0xb3, 0x21, 0xb3, 0x21, 0xb3, 0x21, 0xb3, 0x21, 0xb3, 0x21, 0xb3, 0x21,
  0xb3, 0x21, 0xb3, 0x21, 0xb3, 0x21, 0xb3, 0x21, 0xb3, 0x21, 0xb3, 0x21, 0xb3, 0x21, 0xb3, 0x21, 0xb3, 0x21, 0xb3, 0x21, 0xb3, 0x21, 0xb3, 0x21, 0xb3, 0x21, 0xb3, 0x21, 0xb3, 0x21, 0xb3, 0x21,
  0xb3, 0x21, 0xb3, 0x21, 0xb3, 0x21, 0xb3, 0x21, 0xb3, 0x21, 0xb3, 0x21, 0xb3, 0x21, 0xb3, 0x21, 0xb3, 0x21, 0xb3, 0x21, 0xb3, 0x21, 0xb3, 0x21, 0xb3, 0x21, 0xb3, 0x21, 0xb3, 0x21, 0xb3, 0x21,
  0xb3, 0x21, 0xb3, 0x21, 0xb3, 0x21, 0xb3, 0x21, 0xb3, 0x21, 0xb3, 0x21, 0xb3, 0x21, 0xb3, 0x21, 0xb3, 0x21, 0xb3, 0x21, 0xb3, 0x21, 0xb3, 0x21, 0xb3, 0x21, 0xb3, 0x21, 0xb3, 0x21, 0xb3, 0x21,
  0xb3, 0x21, 0xb3, 0x21, 0xb3, 0x21, 0xb3, 0x21, 0xb3, 0x21, 0xb3, 0x21, 0xb3, 0x21, 0xb3, 0x21, 0xb3, 0x21, 0xb3, 0x21, 0xb3, 0x21, 0xb3, 0x21, 0xb3, 0x21, 0xb3, 0x21, 0xb3, 0x21, 0xb3, 0x21,
  0xb3, 0x21, 0xb3, 0x21, 0xb3, 0x21, 0xb3, 0x21, 0xb3, 0x21, 0xb3, 0x21, 0xb3, 0x21, 0xb3, 0x21, 0xb3, 0x21, 0xb3, 0x21, 0xb3, 0x21, 0xb3, 0x21, 0xb3, 0x21, 0xb3, 0x21, 0xb3, 0x21, 0xb3, 0x21,
  0xb3, 0x21, 0xb3, 0x21, 0xb3, 0x21, 0xb3, 0x21, 0xb3, 0x21, 0xb3, 0x21, 0xb3, 0x21, 0xb3, 0x21, 0xb3, 0x21, 0xb3, 0x21, 0xb3, 0x21, 0xb3, 0x21, 0xb3, 0x21, 0xb3, 0x21, 0xb3, 0x21, 0xb3, 0x21,
  0x9d, 0x2a, 0x9d, 0x2a, 0xbe, 0x32, 0xf6, 0x21, 0x63, 0x09, 0xfe, 0x37, 0xdb, 0x37, 0xdb, 0x37, 0xdb, 0x37, 0xdb, 0x37, 0xdb, 0x37, 0xdb, 0x37, 0xdb, 0x37, 0xdb, 0x37, 0xdb, 0x37, 0xdb, 0x37,
  0xdb, 0x37, 0xdb, 0x37, 0xfc, 0x37, 0x90, 0x1c, 0x00, 0x00, 0xff, 0x3f, 0xfc, 0x37, 0x44, 0x09, 0x65, 0x09, 0xfe, 0x3f, 0x89, 0x12, 0x28, 0x12, 0xff, 0x3f, 0x76, 0x2e, 0x00, 0x00, 0xf1, 0x24,
  0x2e, 0x1c, 0x20, 0x00, 0x20, 0x00, 0x76, 0x2e, 0xfc, 0x37, 0xfb, 0x37, 0x39, 0x2f, 0x00, 0x00, 0xc3, 0x08, 0x8c, 0x1b, 0xfd, 0x37, 0xdb, 0x37, 0xdb, 0x37, 0xdb, 0x37, 0xdb, 0x37, 0xdb, 0x37,
  0xdb, 0x37, 0xdb, 0x37, 0xdb, 0x37, 0xdb, 0x37, 0xdb, 0x37, 0xdb, 0x37, 0xfb, 0x37, 0x39, 0x2f, 0x24, 0x09, 0x92, 0x44, 0x5d, 0x6f, 0x1c, 0x67, 0x1c, 0x67, 0x1c, 0x67, 0x1c, 0x67, 0x1c, 0x67,
  0x1c, 0x67, 0x1c, 0x67, 0x1c, 0x67, 0x1c, 0x67, 0x1c, 0x67, 0x1c, 0x67, 0x1c, 0x67, 0x1c, 0x67, 0x1c, 0x67, 0x1c, 0x67, 0x1c, 0x67, 0x1c, 0x67, 0x1c, 0x67, 0x1c, 0x67, 0x1c, 0x67, 0x1c, 0x67,
  0x1c, 0x67, 0x1c, 0x67, 0x1c, 0x67, 0x1c, 0x67, 0x1c, 0x67, 0x1c, 0x67, 0x1c, 0x67, 0x1c, 0x67, 0x1c, 0x67, 0x1c, 0x67, 0x1c, 0x67, 0x1c, 0x67, 0x1c, 0x67, 0x1c, 0x67, 0x1c, 0x67, 0x1c, 0x67,
  0x1c, 0x67, 0x1c, 0x67, 0x1c, 0x67, 0x1c, 0x67, 0x1c, 0x67, 0x1c, 0x67, 0x1c, 0x67, 0x1c, 0x67, 0x1c, 0x67, 0x1c, 0x67, 0x1c, 0x67, 0x1c, 0x67, 0x1c, 0x67, 0x1c, 0x67, 0x1c, 0x67, 0x1c, 0x67,
  0x1c, 0x67, 0x1c, 0x67, 0x1c, 0x67, 0x1c, 0x67, 0x1c, 0x67, 0x1c, 0x67, 0x1c, 0x67, 0x1c, 0x67, 0x1c, 0x67, 0x1c, 0x67, 0x1c, 0x67, 0x1c, 0x67, 0x1c, 0x67, 0x1c, 0x67, 0x1c, 0x67, 0x1c, 0x67,
  0x1c, 0x67, 0x1c, 0x67, 0x1c, 0x67, 0x1c, 0x67, 0x1c, 0x67, 0x1c, 0x67, 0x1c, 0x67, 0x1c, 0x67, 0x1c, 0x67, 0x1c, 0x67, 0x1c, 0x67, 0x1c, 0x67, 0x1c, 0x67, 0x1c, 0x67, 0x1c, 0x67, 0x1c, 0x67,
  0x1c, 0x67, 0x1c, 0x67, 0x1c, 0x67, 0x1c, 0x67, 0x1c, 0x67, 0x1c, 0x67, 0x1c, 0x67, 0x1c, 0x67, 0x1c, 0x67, 0x1c, 0x67, 0x1c, 0x67, 0x1c, 0x67, 0x1c, 0x67, 0x1c, 0x67, 0x1c, 0x67, 0x1c, 0x67,
  0x1c, 0x67, 0x1c, 0x67, 0x1c, 0x67, 0x1c, 0x67, 0x1c, 0x67, 0x1c, 0x67, 0x1c, 0x67, 0x7e, 0x6f, 0xcb, 0x2a, 0xcd, 0x13, 0xfd, 0x37, 0xdb, 0x37, 0xfb, 0x37, 0x18, 0x2f, 0x2b, 0x13, 0x8f, 0x19,
  0xb4, 0x21, 0xb4, 0x21, 0xb4, 0x21, 0xb4, 0x21, 0xb4, 0x21, 0xb4, 0x21, 0xb4, 0x21, 0xb4, 0x21, 0xb4, 0x21, 0xb4, 0x21, 0xb4, 0x21, 0xb4, 0x21, 0xb4, 0x21, 0xb4, 0x21, 0xb4, 0x21, 0xb4, 0x21,
  0xb4, 0x21, 0xb4, 0x21, 0xb4, 0x21, 0xb4, 0x21, 0xb4, 0x21, 0xb4, 0x21, 0xb4, 0x21, 0xb4, 0x21, 0xb4, 0x21, 0xb4, 0x21, 0xb4, 0x21, 0xb4, 0x21, 0xb4, 0x21, 0xb4, 0x21, 0xb4, 0x21, 0xb4, 0x21,
  0xb4, 0x21, 0xb4, 0x21, 0xb4, 0x21, 0xb4, 0x21, 0xb4, 0x21, 0xb4, 0x21, 0xb4, 0x21, 0xb4, 0x21, 0xb4, 0x21, 0xb4, 0x21, 0xb4, 0x21, 0xb4, 0x21, 0xb4, 0x21, 0xb4, 0x21, 0xb4, 0x21, 0xb4, 0x21,
  0xb4, 0x21, 0xb4, 0x21, 0xb4, 0x21, 0xb4, 0x21, 0xb4, 0x21, 0xb4, 0x21, 0xb4, 0x21, 0xb4, 0x21, 0xb4, 0x21, 0xb4, 0x21, 0xb4, 0x21, 0xb4, 0x21, 0xb4, 0x21, 0xb4, 0x21, 0xb4, 0x21, 0xb4, 0x21,
  0xb4, 0x21, 0xb4, 0x21, 0xb4, 0x21, 0xb4, 0x21, 0xb4, 0x21, 0xb4, 0x21, 0xb4, 0x21, 0xb4, 0x21, 0xb4, 0x21, 0xb4, 0x21, 0xb4, 0x21, 0xb4, 0x21, 0xb4, 0x21, 0xb4, 0x21, 0xb4, 0x21, 0xb4, 0x21,
  0xb4, 0x21, 0xb4, 0x21, 0xb4, 0x21, 0xb4, 0x21, 0xb4, 0x21, 0xb4, 0x21, 0xb4, 0x21, 0xb4, 0x21, 0xb4, 0x21, 0xb4, 0x21, 0xb4, 0x21, 0xb4, 0x21, 0xb4, 0x21, 0xb4, 0x21, 0xb4, 0x21, 0xb4, 0x21,
  0xb4, 0x21, 0xb4, 0x21, 0xb4, 0x21, 0xb4, 0x21, 0xb4, 0x21, 0xb4, 0x21, 0xb4, 0x21, 0xb4, 0x21, 0xb4, 0x21, 0xb4, 0x21, 0xb4, 0x21, 0xb4, 0x21, 0xb4, 0x21, 0xb4, 0x21, 0xb4, 0x21, 0xb4, 0x21,
  0xb4, 0x21, 0xb4, 0x21, 0xb4, 0x21, 0xb4, 0x21, 0xb4, 0x21, 0xb4, 0x21, 0xb4, 0x21, 0xb4, 0x21, 0xb4, 0x21, 0xb4, 0x21, 0xb4, 0x21, 0xb4, 0x21, 0xb4, 0x21, 0xb4, 0x21, 0xb4, 0x21, 0xb4, 0x21,
  0xb4, 0x21, 0xb4, 0x21, 0xb4, 0x21, 0xb4, 0x21, 0xb4, 0x21, 0xb4, 0x21, 0xb4, 0x21, 0xb4, 0x21, 0xb4, 0x21, 0xb4, 0x21, 0xb4, 0x21, 0xb4, 0x21, 0xb4, 0x21, 0xb4, 0x21, 0xb4, 0x21, 0xb4, 0x21,
  0xfd, 0x3a, 0xfd, 0x3a, 0x1e, 0x3b, 0x36, 0x32, 0x43, 0x09, 0xfe, 0x37, 0xdb, 0x37, 0xdb, 0x37, 0xdb, 0x37, 0xdb, 0x37, 0xdb, 0x37, 0xdb, 0x37, 0xdb, 0x37, 0xdb, 0x37, 0xdb, 0x37, 0xdb, 0x37,
  0xdb, 0x37, 0xdb, 0x37, 0xfc, 0x37, 0x90, 0x1c, 0x00, 0x00, 0xff, 0x3f, 0xfc, 0x37, 0x8c, 0x1b, 0xe3, 0x08, 0xfe, 0x3f, 0x89, 0x12, 0xe7, 0x11, 0xfe, 0x3f, 0xfb, 0x37, 0x21, 0x00, 0x90, 0x1c,
  0x2e, 0x1c, 0xc3, 0x08, 0xc9, 0x12, 0xa9, 0x12, 0xfd, 0x37, 0xdb, 0x37, 0xad, 0x1b, 0x24, 0x09, 0x48, 0x12, 0x6c, 0x1b, 0xfd, 0x37, 0xdb, 0x37, 0xdb, 0x37, 0xdb, 0x37, 0xdb, 0x37, 0xdb, 0x37,
  0xdb, 0x37, 0xdb, 0x37, 0xdb, 0x37, 0xdb, 0x37, 0xdb, 0x37, 0xdb, 0x37, 0xfb, 0x37, 0x59, 0x2f, 0xc3, 0x08, 0x04, 0x19, 0xe7, 0x29, 0xc6, 0x21, 0xc6, 0x21, 0xc6, 0x21, 0xc6, 0x21, 0xc6, 0x21,
  0xc6, 0x21, 0xc6, 0x21, 0xc6, 0x21, 0xc6, 0x21, 0xc6, 0x21, 0xc6, 0x21, 0xc6, 0x21, 0xc6, 0x21, 0xc6, 0x21, 0xc6, 0x21, 0xc6, 0x21, 0xc6, 0x21, 0xc6, 0x21, 0xc6, 0x21, 0xc6, 0x21, 0xc6, 0x21,
  0xc6, 0x21, 0xc6, 0x21, 0xc6, 0x21, 0xc6, 0x21, 0xc6, 0x21, 0xc6, 0x21, 0xc6, 0x21, 0xc6, 0x21, 0xc6, 0x21, 0xc6, 0x21, 0xc6, 0x21, 0xc6, 0x21, 0xc6, 0x21, 0xc6, 0x21, 0xc6, 0x21, 0xc6, 0x21,
  0xc6, 0x21, 0xc6, 0x21, 0xc6, 0x21, 0xc6, 0x21, 0xc6, 0x21, 0xc6, 0x21, 0xc6, 0x21, 0xc6, 0x21, 0xc6, 0x21, 0xc6, 0x21, 0xc6, 0x21, 0xc6, 0x21, 0xc6, 0x21, 0xc6, 0x21, 0xc6, 0x21, 0xc6, 0x21,
  0xc6, 0x21, 0xc6, 0x21, 0xc6, 0x21, 0xc6, 0x21, 0xc6, 0x21, 0xc6, 0x21, 0xc6, 0x21, 0xc6, 0x21, 0xc6, 0x21, 0xc6, 0x21, 0xc6, 0x21, 0xc6, 0x21, 0xc6, 0x21, 0xc6, 0x21, 0xc6, 0x21, 0xc6, 0x21,
  0xc6, 0x21, 0xc6, 0x21, 0xc6, 0x21, 0xc6, 0x21, 0xc6, 0x21, 0xc6, 0x21, 0xc6, 0x21, 0xc6, 0x21, 0xc6, 0x21, 0xc6, 0x21, 0xc6, 0x21, 0xc6, 0x21, 0xc6, 0x21, 0xc6, 0x21, 0xc6, 0x21, 0xc6, 0x21,
  0xc6, 0x21, 0xc6, 0x21, 0xa6, 0x21, 0xa6, 0x21, 0xa6, 0x21, 0xc6, 0x21, 0xc6, 0x21, 0xc6, 0x21, 0xc6, 0x21, 0xc6, 0x21, 0xc6, 0x21, 0xa6, 0x21, 0xa6, 0x21, 0xa6, 0x21, 0xa6, 0x21, 0xa6, 0x21,
  0xa6, 0x21, 0xa6, 0x21, 0xa6, 0x21, 0xa6, 0x21, 0xa6, 0x21, 0xa6, 0x21, 0xa6, 0x21, 0xe7, 0x21, 0x41, 0x10, 0x0e, 0x1c, 0xfd, 0x37, 0xdb, 0x37, 0xfb, 0x37, 0x18, 0x2f, 0x2b, 0x13, 0xd0, 0x21,
  0x34, 0x32, 0x34, 0x32, 0x34, 0x32, 0x34, 0x32, 0x34, 0x32, 0x34, 0x32, 0x34, 0x32, 0x34, 0x32, 0x34, 0x32, 0x34, 0x32, 0x34, 0x32, 0x34, 0x32, 0x34, 0x32, 0x34, 0x32, 0x34, 0x32, 0x34, 0x32,
  0x34, 0x32, 0x34, 0x32, 0x34, 0x32, 0x34, 0x32, 0x34, 0x32, 0x34, 0x32, 0x34, 0x32, 0x34, 0x32, 0x34, 0x32, 0x34, 0x32, 0x34, 0x32, 0x34, 0x32, 0x34, 0x32, 0x34, 0x32, 0x34, 0x32, 0x34, 0x32,
  0x34, 0x32, 0x34, 0x32, 0x34, 0x32, 0x34, 0x32, 0x34, 0x32, 0x34, 0x32, 0x34, 0x32, 0x34, 0x32, 0x34, 0x32, 0x34, 0x32, 0x34, 0x32, 0x34, 0x32, 0x34, 0x32, 0x34, 0x32, 0x34, 0x32, 0x34, 0x32,
  0x34, 0x32, 0x34, 0x32, 0x34, 0x32, 0x34, 0x32, 0x34, 0x32, 0x34, 0x32, 0x34, 0x32, 0x34, 0x32, 0x34, 0x32, 0x34, 0x32, 0x34, 0x32, 0x34, 0x32, 0x34, 0x32, 0x34, 0x32, 0x34, 0x32, 0x34, 0x32,
  0x34, 0x32, 0x34, 0x32, 0x34, 0x32, 0x34, 0x32, 0x34, 0x32, 0x34, 0x32, 0x34, 0x32, 0x34, 0x32, 0x34, 0x32, 0x34, 0x32, 0x34, 0x32, 0x34, 0x32, 0x34, 0x32, 0x34, 0x32, 0x34, 0x32, 0x34, 0x32,
  0x34, 0x32, 0x34, 0x32, 0x34, 0x32, 0x34, 0x32, 0x34, 0x32, 0x34, 0x32, 0x34, 0x32, 0x34, 0x32, 0x34, 0x32, 0x34, 0x32, 0x34, 0x32, 0x34, 0x32, 0x34, 0x32, 0x34, 0x32, 0x34, 0x32, 0x34, 0x32,
  0x34, 0x32, 0x34, 0x32, 0x34, 0x32, 0x34, 0x32, 0x34, 0x32, 0x34, 0x32, 0x34, 0x32, 0x34, 0x32, 0x34, 0x32, 0x34, 0x32, 0x34, 0x32, 0x34, 0x32, 0x34, 0x32, 0x34, 0x32, 0x34, 0x32, 0x34, 0x32,
  0x34, 0x32, 0x34, 0x32, 0x34, 0x32, 0x34, 0x32, 0x34, 0x32, 0x34, 0x32, 0x34, 0x32, 0x34, 0x32, 0x34, 0x32, 0x34, 0x32, 0x34, 0x32, 0x34, 0x32, 0x34, 0x32, 0x34, 0x32, 0x34, 0x32, 0x34, 0x32,
  0x34, 0x32, 0x34, 0x32, 0x34, 0x32, 0x34, 0x32, 0x34, 0x32, 0x34, 0x32, 0x34, 0x32, 0x34, 0x32, 0x34, 0x32, 0x34, 0x32, 0x34, 0x32, 0x34, 0x32, 0x34, 0x32, 0x34, 0x32, 0x34, 0x32, 0x34, 0x32,
  0x9d, 0x32, 0x9d, 0x32, 0xbd, 0x32, 0xf6, 0x21, 0x63, 0x09, 0xfe, 0x37, 0xdb, 0x37, 0xdb, 0x37, 0xdb, 0x37, 0xdb, 0x37, 0xdb, 0x37, 0xdb, 0x37, 0xdb, 0x37, 0xdb, 0x37, 0xdb, 0x37, 0xdb, 0x37,
  0xdb, 0x37, 0xdb, 0x37, 0xfc, 0x37, 0x90, 0x1c, 0x00, 0x00, 0x7a, 0x37, 0xb4, 0x25, 0x61, 0x00, 0x72, 0x25, 0xfd, 0x37, 0xa9, 0x12, 0x86, 0x09, 0x39, 0x2f, 0x6f, 0x1c, 0x00, 0x00, 0xb4, 0x25,
  0x0e, 0x1c, 0xc3, 0x08, 0x35, 0x2e, 0x00, 0x00, 0xdb, 0x37, 0x9a, 0x37, 0x04, 0x09, 0x32, 0x25, 0xc6, 0x09, 0x6c, 0x1b, 0xfd, 0x37, 0xdb, 0x37, 0xdb, 0x37, 0xdb, 0x37, 0xdb, 0x37, 0xdb, 0x37,
  0xdb, 0x37, 0xdb, 0x37, 0xdb, 0x37, 0xdb, 0x37, 0xdb, 0x37, 0xdb, 0x37, 0xfb, 0x37, 0x39, 0x2f, 0x24, 0x11, 0x4d, 0x84, 0xd5, 0xce, 0x94, 0xc6, 0x94, 0xc6, 0x94, 0xc6, 0x94, 0xc6, 0x94, 0xc6,
  0x94, 0xc6, 0x94, 0xc6, 0x94, 0xc6, 0x94, 0xbe, 0x94, 0xc6, 0x94, 0xbe, 0x94, 0xc6, 0x94, 0xbe, 0x94, 0xbe, 0x94, 0xbe, 0x94, 0xbe, 0x94, 0xbe, 0x94, 0xbe, 0x94, 0xbe, 0x94, 0xbe, 0x94, 0xbe,
  0x94, 0xbe, 0x94, 0xbe, 0x94, 0xbe, 0x94, 0xbe, 0x94, 0xbe, 0x74, 0xbe, 0x74, 0xbe, 0x74, 0xbe, 0x74, 0xbe, 0x74, 0xbe, 0x74, 0xbe, 0x74, 0xbe, 0x74, 0xbe, 0x74, 0xbe, 0x75, 0xbe, 0x75, 0xbe,
  0x75, 0xbe, 0x75, 0xb6, 0x75, 0xb6, 0x75, 0xbe, 0x75, 0xb6, 0x75, 0xb6, 0x75, 0xb6, 0x75, 0xb6, 0x75, 0xb6, 0x75, 0xb6, 0x75, 0xb6, 0x55, 0xb6, 0x55, 0xb6, 0x55, 0xb6, 0x55, 0xb6, 0x55, 0xb6,
  0x55, 0xb6, 0x55, 0xb6, 0x55, 0xb6, 0x55, 0xb6, 0x55, 0xb6, 0x55, 0xb6, 0x55, 0xb6, 0x55, 0xb6, 0x55, 0xb6, 0x55, 0xae, 0x55, 0xae, 0x55, 0xae, 0x55, 0xae, 0x55, 0xae, 0x55, 0xae, 0x55, 0xae,
  0x55, 0xae, 0x55, 0xae, 0x35, 0xae, 0x35, 0xae, 0x35, 0xae, 0x35, 0xae, 0x35, 0xae, 0x35, 0xae, 0x35, 0xae, 0x35, 0xae, 0x35, 0xae, 0x35, 0xae, 0x35, 0xae, 0x35, 0xa6, 0x35, 0xae, 0x35, 0xa6,
  0x35, 0xa6, 0x35, 0xa6, 0x15, 0xa6, 0x15, 0xa6, 0x15, 0xa6, 0x15, 0xa6, 0x15, 0xa6, 0x15, 0xa6, 0x15, 0xa6, 0x15, 0xa6, 0x16, 0xa6, 0x16, 0xa6, 0x15, 0xa6, 0x15, 0xa6, 0x16, 0xa6, 0x16, 0x9e,
  0x16, 0x9e, 0x16, 0xa6, 0x16, 0x9e, 0x16, 0x9e, 0x16, 0x9e, 0x16, 0x9e, 0x16, 0x9e, 0x57, 0xa6, 0xaa, 0x5a, 0x2e, 0x24, 0xfc, 0x37, 0xdb, 0x37, 0xfb, 0x37, 0x18, 0x2f, 0x2b, 0x13, 0x8f, 0x19,
  0xd4, 0x21, 0xd4, 0x21, 0xd4, 0x21, 0xd4, 0x21, 0xd4, 0x21, 0xd4, 0x21, 0xd4, 0x21, 0xd4, 0x21, 0xd4, 0x21, 0xd4, 0x21, 0xd4, 0x21, 0xd4, 0x21, 0xd4, 0x21, 0xd4, 0x21, 0xd4, 0x21, 0xd4, 0x21,
  0xd4, 0x21, 0xd4, 0x21, 0xd4, 0x21, 0xd4, 0x21, 0xd4, 0x21, 0xd4, 0x21, 0xd4, 0x21, 0xd4, 0x21, 0xd4, 0x21, 0xd4, 0x21, 0xd4, 0x21, 0xd4, 0x21, 0xd4, 0x21, 0xd4, 0x21, 0xd4, 0x21, 0xd4, 0x21,
  0xd4, 0x21, 0xd4, 0x21, 0xd4, 0x21, 0xd4, 0x21, 0xd4, 0x21, 0xd4, 0x21, 0xd4, 0x21, 0xd4, 0x21, 0xd4, 0x21, 0xd4, 0x21, 0xd4, 0x21, 0xd4, 0x21, 0xd4, 0x21, 0xd4, 0x21, 0xd4, 0x21, 0xd4, 0x21,
  0xd4, 0x21, 0xd4, 0x21, 0xd4, 0x21, 0xd4, 0x21, 0xd4, 0x21, 0xd4, 0x21, 0xd4, 0x21, 0xd4, 0x21, 0xd4, 0x21, 0xd4, 0x21, 0xd4, 0x21, 0xd4, 0x21, 0xd4, 0x21, 0xd4, 0x21, 0xd4, 0x21, 0xd4, 0x21,
  0xd4, 0x21, 0xd4, 0x21, 0xd4, 0x21, 0xd4, 0x21, 0xd4, 0x21, 0xd4, 0x21, 0xd4, 0x21, 0xd4, 0x21, 0xd4, 0x21, 0xd4, 0x21, 0xd4, 0x21, 0xd4, 0x21, 0xd4, 0x21, 0xd4, 0x21, 0xd4, 0x21, 0xd4, 0x21,
  0xd4, 0x21, 0xd4, 0x21, 0xd4, 0x21, 0xd4, 0x21, 0xd4, 0x21, 0xd4, 0x21, 0xd4, 0x21, 0xd4, 0x21, 0xd4, 0x21, 0xd4, 0x21, 0xd4, 0x21, 0xd4, 0x21, 0xd4, 0x21, 0xd4, 0x21, 0xd4, 0x21, 0xd4, 0x21,
  0xd4, 0x21, 0xd4, 0x21, 0xd4, 0x21, 0xd4, 0x21, 0xd4, 0x21, 0xd4, 0x21, 0xd4, 0x21, 0xd4, 0x21, 0xd4, 0x21, 0xd4, 0x21, 0xd4, 0x21, 0xd4, 0x21, 0xd4, 0x21, 0xd4, 0x21, 0xd4, 0x21, 0xd4, 0x21,
  0xd4, 0x21, 0xd4, 0x21, 0xd4, 0x21, 0xd4, 0x21, 0xd4, 0x21, 0xd4, 0x21, 0xd4, 0x21, 0xd4, 0x21, 0xd4, 0x21, 0xd4, 0x21, 0xd4, 0x21, 0xd4, 0x21, 0xd4, 0x21, 0xd4, 0x21, 0xd4, 0x21, 0xd4, 0x21,
  0xd4, 0x21, 0xd4, 0x21, 0xd4, 0x21, 0xd4, 0x21, 0xd4, 0x21, 0xd4, 0x21, 0xd4, 0x21, 0xd4, 0x21, 0xd4, 0x21, 0xd4, 0x21, 0xd4, 0x21, 0xd4, 0x21, 0xd4, 0x21, 0xd4, 0x21, 0xd4, 0x21, 0xd3, 0x21,
  0x9d, 0x2a, 0x9d, 0x2a, 0x9d, 0x2a, 0xd6, 0x21, 0x63, 0x09, 0xfe, 0x37, 0xdb, 0x37, 0xdb, 0x37, 0xdb, 0x37, 0xdb, 0x37, 0xdb, 0x37, 0xdb, 0x37, 0xdb, 0x37, 0xdb, 0x37, 0xdb, 0x37, 0xdb, 0x37,
  0xdb, 0x37, 0xdb, 0x37, 0xfc, 0x37, 0x90, 0x1c, 0x00, 0x00, 0x82, 0x00, 0x00, 0x00, 0x48, 0x12, 0xfe, 0x3f, 0xfb, 0x37, 0xa9, 0x12, 0x00, 0x00, 0x61, 0x00, 0x82, 0x00, 0xf1, 0x24, 0xfd, 0x37,
  0xad, 0x1b, 0xe3, 0x08, 0xfe, 0x37, 0x21, 0x00, 0xb0, 0x1c, 0xb4, 0x25, 0x00, 0x00, 0xfc, 0x37, 0x65, 0x09, 0x6c, 0x1b, 0xfd, 0x37, 0xdb, 0x37, 0xdb, 0x37, 0xdb, 0x37, 0xdb, 0x37, 0xdb, 0x37,
  0xdb, 0x37, 0xdb, 0x37, 0xdb, 0x37, 0xdb, 0x37, 0xdb, 0x37, 0xdb, 0x37, 0xfb, 0x37, 0x39, 0x2f, 0x24, 0x11, 0x50, 0xa5, 0xfa, 0xf7, 0xf9, 0xef, 0xf9, 0xef, 0xf9, 0xef, 0xf9, 0xef, 0xf9, 0xef,
  0xf9, 0xef, 0xf9, 0xef, 0xf9, 0xef, 0xf9, 0xef, 0xf9, 0xef, 0xf9, 0xe7, 0xf9, 0xe7, 0xf9, 0xe7, 0xf9, 0xe7, 0xf9, 0xe7, 0xf9, 0xe7, 0xf9, 0xe7, 0xf9, 0xe7, 0xf9, 0xe7, 0xf9, 0xe7, 0xf9, 0xe7,
  0xf9, 0xe7, 0xf9, 0xe7, 0xf9, 0xe7, 0xf9, 0xe7, 0xf9, 0xe7, 0xf9, 0xe7, 0xf9, 0xe7, 0xf9, 0xe7, 0xf9, 0xe7, 0xf9, 0xe7, 0xf9, 0xe7, 0xf9, 0xe7, 0xfa, 0xe7, 0xfa, 0xdf, 0xfa, 0xdf, 0xfa, 0xdf,
  0xf9, 0xdf, 0xf9, 0xdf, 0xfa, 0xdf, 0xfa, 0xdf, 0xda, 0xdf, 0xfa, 0xdf, 0xfa, 0xdf, 0xda, 0xdf, 0xfa, 0xdf, 0xda, 0xdf, 0xda, 0xdf, 0xda, 0xdf, 0xda, 0xdf, 0xda, 0xdf, 0xda, 0xdf, 0xda, 0xdf,
  0xda, 0xdf, 0xda, 0xd7, 0xda, 0xdf, 0xda, 0xd7, 0xda, 0xd7, 0xda, 0xd7, 0xda, 0xd7, 0xba, 0xd7, 0xba, 0xd7, 0xda, 0xd7, 0xba, 0xd7, 0xba, 0xd7, 0xba, 0xd7, 0xba, 0xd7, 0xba, 0xd7, 0xba, 0xd7,
  0xba, 0xd7, 0xba, 0xd7, 0xba, 0xd7, 0xba, 0xcf, 0xba, 0xd7, 0xba, 0xcf, 0xba, 0xcf, 0xba, 0xcf, 0xba, 0xcf, 0x9a, 0xcf, 0x9a, 0xcf, 0x9a, 0xcf, 0x9a, 0xcf, 0x9a, 0xcf, 0x9a, 0xcf, 0x9a, 0xcf,
  0x9a, 0xcf, 0x9a, 0xcf, 0x9b, 0xcf, 0x9b, 0xc7, 0x9b, 0xc7, 0x9b, 0xc7, 0x9b, 0xc7, 0x9b, 0xc7, 0x9b, 0xc7, 0x9b, 0xc7, 0x7b, 0xc7, 0x7b, 0xc7, 0x7b, 0xc7, 0x7b, 0xc7, 0x7b, 0xc7, 0x7b, 0xc7,
  0x7b, 0xc7, 0x7b, 0xc7, 0x7b, 0xbf, 0x7b, 0xbf, 0x7b, 0xbf, 0x7b, 0xbf, 0x7b, 0xbf, 0xdc, 0xc7, 0x6c, 0x6b, 0x2e, 0x24, 0xfc, 0x37, 0xdb, 0x37, 0xfb, 0x37, 0x18, 0x2f, 0x2b, 0x13, 0x6f, 0x19,
  0xb3, 0x21, 0xb3, 0x21, 0xb3, 0x21, 0xb3, 0x21, 0xb3, 0x21, 0xb3, 0x21, 0xb3, 0x21, 0xb3, 0x21, 0xb3, 0x21, 0xb3, 0x21, 0xb3, 0x21, 0xb3, 0x21, 0xb3, 0x21, 0xb3, 0x21, 0xb3, 0x21, 0xb3, 0x21,
  0xb3, 0x21, 0xb3, 0x21, 0xb3, 0x21, 0xb3, 0x21, 0xb3, 0x21, 0xb3, 0x21, 0xb3, 0x21, 0xb3, 0x21, 0xb3, 0x21, 0xb3, 0x21, 0xb3, 0x21, 0xb3, 0x21, 0xb3, 0x21, 0xb3, 0x21, 0xb3, 0x21, 0xb3, 0x21,
  0xb3, 0x21, 0xb3, 0x21, 0xb3, 0x21, 0xb3, 0x21, 0xb3, 0x21, 0xb3, 0x21, 0xb3, 0x21, 0xb3, 0x21, 0xb3, 0x21, 0xb3, 0x21, 0xb3, 0x21, 0xb3, 0x21, 0xb3, 0x21, 0xb3, 0x21, 0xb3, 0x21, 0xb3, 0x21,
  0xb3, 0x21, 0xb3, 0x21, 0xb3, 0x21, 0xb3, 0x21, 0xb3, 0x21, 0xb3, 0x21, 0xb3, 0x21, 0xb3, 0x21, 0xb3, 0x21, 0xb3, 0x21, 0xb3, 0x21, 0xb3, 0x21, 0xb3, 0x21, 0xb3, 0x21, 0xb3, 0x21, 0xb3, 0x21,
  0xb3, 0x21, 0xb3, 0x21, 0xb3, 0x21, 0xb3, 0x21, 0xb3, 0x21, 0xb3, 0x21, 0xb3, 0x21, 0xb3, 0x21, 0xb3, 0x21, 0xb3, 0x21, 0xb3, 0x21, 0xb3, 0x21, 0xb3, 0x21, 0xb3, 0x21, 0xb3, 0x21, 0xb3, 0x21,
  0xb3, 0x21, 0xb3, 0x21, 0xb3, 0x21, 0xb3, 0x21, 0xb3, 0x21, 0xb3, 0x21, 0xb3, 0x21, 0xb3, 0x21, 0xb3, 0x21, 0xb3, 0x21, 0xb3, 0x21, 0xb3, 0x21, 0xb3, 0x21, 0xb3, 0x21, 0xb3, 0x21, 0xb3, 0x21,
  0xb3, 0x21, 0xb3, 0x21, 0xb3, 0x21, 0xb3, 0x21, 0xb3, 0x21, 0xb3, 0x21, 0xb3, 0x21, 0xb3, 0x21, 0xb3, 0x21, 0xb3, 0x21, 0xb3, 0x21, 0xb3, 0x21, 0xb3, 0x21, 0xb3, 0x21, 0xb3, 0x21, 0xb3, 0x21,
  0xb3, 0x21, 0xb3, 0x21, 0xb3, 0x21, 0xb3, 0x21, 0xb3, 0x21, 0xb3, 0x21, 0xb3, 0x21, 0xb3, 0x21, 0xb3, 0x21, 0xb3, 0x21, 0xb3, 0x21, 0xb3, 0x21, 0xb3, 0x21, 0xb3, 0x21, 0xb3, 0x21, 0xb3, 0x21,
  0xb3, 0x21, 0xb3, 0x21, 0xb3, 0x21, 0xb3, 0x21, 0xb3, 0x21, 0xb3, 0x21, 0xb3, 0x21, 0xb3, 0x21, 0xb3, 0x21, 0xb3, 0x21, 0xb3, 0x21, 0xb3, 0x21, 0xb3, 0x21, 0xb3, 0x21, 0xb3, 0x21, 0xb3, 0x21,
  0x9c, 0x2a, 0x9d, 0x2a, 0x9d, 0x2a, 0xd6, 0x21, 0x63, 0x09, 0xfe, 0x37, 0xdb, 0x37, 0xdb, 0x37, 0xdb, 0x37, 0xdb, 0x37, 0xdb, 0x37, 0xdb, 0x37, 0xdb, 0x37, 0xdb, 0x37, 0xdb, 0x37, 0xdb, 0x37,
  0xdb, 0x37, 0xdb, 0x37, 0xfc, 0x37, 0x90, 0x1c, 0x00, 0x00, 0xff, 0x3f, 0xf5, 0x25, 0x00, 0x00, 0xf8, 0x2e, 0xfc, 0x37, 0x89, 0x12, 0x27, 0x12, 0xff, 0x3f, 0xfe, 0x37, 0xfc, 0x37, 0xdb, 0x37,
  0xad, 0x1b, 0xc3, 0x08, 0xfe, 0x37, 0xed, 0x1b, 0x44, 0x09, 0x0b, 0x13, 0x8c, 0x1b, 0xfc, 0x37, 0x65, 0x09, 0x6c, 0x1b, 0xfd, 0x37, 0xdb, 0x37, 0xdb, 0x37, 0xdb, 0x37, 0xdb, 0x37, 0xdb, 0x37,
  0xdb, 0x37, 0xdb, 0x37, 0xdb, 0x37, 0xdb, 0x37, 0xdb, 0x37, 0xdb, 0x37, 0xfb, 0x37, 0x39, 0x2f, 0x24, 0x11, 0x30, 0x9d, 0xf9, 0xef, 0xf8, 0xe7, 0xf8, 0xe7, 0xd8, 0xe7, 0xd9, 0xe7, 0xf9, 0xe7,
  0xf9, 0xe7, 0xf9, 0xe7, 0xf9, 0xe7, 0xd9, 0xe7, 0xd9, 0xe7, 0xd8, 0xe7, 0xd8, 0xe7, 0xd9, 0xe7, 0xd9, 0xe7, 0xd9, 0xe7, 0xd9, 0xdf, 0xd9, 0xe7, 0xd9, 0xdf, 0xd9, 0xdf, 0xd9, 0xdf, 0xd9, 0xdf,
  0xd9, 0xdf, 0xd9, 0xdf, 0xd9, 0xdf, 0xd9, 0xdf, 0xd9, 0xdf, 0xd9, 0xdf, 0xd9, 0xdf, 0xd9, 0xdf, 0xb9, 0xdf, 0xd9, 0xdf, 0xd9, 0xdf, 0xb9, 0xdf, 0xb9, 0xdf, 0xb9, 0xdf, 0xb9, 0xdf, 0xb9, 0xdf,
  0xb9, 0xdf, 0xb9, 0xdf, 0xb9, 0xd7, 0xb9, 0xd7, 0xb9, 0xdf, 0xb9, 0xd7, 0xb9, 0xd7, 0xb9, 0xd7, 0xb9, 0xd7, 0xb9, 0xd7, 0xb9, 0xd7, 0xb9, 0xd7, 0x99, 0xd7, 0x99, 0xd7, 0xb9, 0xd7, 0xb9, 0xd7,
  0x99, 0xd7, 0x99, 0xd7, 0x99, 0xd7, 0x99, 0xd7, 0x99, 0xd7, 0x99, 0xcf, 0x99, 0xcf, 0x99, 0xcf, 0x99, 0xcf, 0x99, 0xcf, 0x99, 0xcf, 0x99, 0xcf, 0x99, 0xcf, 0x99, 0xcf, 0x7a, 0xcf, 0x7a, 0xcf,
  0x9a, 0xcf, 0x99, 0xcf, 0x79, 0xcf, 0x7a, 0xcf, 0x7a, 0xcf, 0x7a, 0xcf, 0x7a, 0xcf, 0x7a, 0xc7, 0x7a, 0xc7, 0x7a, 0xc7, 0x7a, 0xc7, 0x7a, 0xc7, 0x7a, 0xc7, 0x7a, 0xc7, 0x7a, 0xc7, 0x5a, 0xc7,
  0x5a, 0xc7, 0x5a, 0xc7, 0x5a, 0xc7, 0x5a, 0xc7, 0x5a, 0xc7, 0x5a, 0xc7, 0x5a, 0xc7, 0x5a, 0xc7, 0x5a, 0xbf, 0x5a, 0xbf, 0x5a, 0xbf, 0x5a, 0xbf, 0x5a, 0xbf, 0x5a, 0xbf, 0x3a, 0xbf, 0x3a, 0xbf,
  0x3a, 0xbf, 0x3a, 0xbf, 0x3a, 0xbf, 0x3a, 0xbf, 0x3a, 0xbf, 0x3a, 0xbf, 0x3a, 0xb7, 0x9c, 0xc7, 0x4c, 0x6b, 0x2e, 0x24, 0xfc, 0x37, 0xdb, 0x37, 0xfb, 0x37, 0x18, 0x2f, 0x2b, 0x13, 0x6f, 0x19,
  0xb3, 0x21, 0xb3, 0x21, 0xb3, 0x21, 0xb3, 0x21, 0xb3, 0x21, 0xb3, 0x21, 0xb3, 0x21, 0xb3, 0x21, 0xb3, 0x21, 0xb3, 0x21, 0xb3, 0x21, 0xb3, 0x21, 0xb3, 0x21, 0xb3, 0x21, 0xb3, 0x21, 0xb3, 0x21,
  0xb3, 0x21, 0xb3, 0x21, 0xb3, 0x21, 0xb3, 0x21, 0xb3, 0x21, 0xb3, 0x21, 0xb3, 0x21, 0xb3, 0x21, 0xb3, 0x21, 0xb3, 0x21, 0xb3, 0x21, 0xb3, 0x21, 0xb3, 0x21, 0xb3, 0x21, 0xb3, 0x21, 0xb3, 0x21,
  0xb3, 0x21, 0xb3, 0x21, 0xb3, 0x21, 0xb3, 0x21, 0xb3, 0x21, 0xb3, 0x21, 0xb3, 0x21, 0xb3, 0x21, 0xb3, 0x21, 0xb3, 0x21, 0xb3, 0x21, 0xb3, 0x21, 0xb3, 0x21, 0xb3, 0x21, 0xb3, 0x21, 0xb3, 0x21,
  0xb3, 0x21, 0xb3, 0x21, 0xb3, 0x21, 0xb3, 0x21, 0xb3, 0x21, 0xb3, 0x21, 0xb3, 0x21, 0xb3, 0x21, 0xb3, 0x21, 0xb3, 0x21, 0xb3, 0x21, 0xb3, 0x21, 0xb3, 0x21, 0xb3, 0x21, 0xb3, 0x21, 0xb3, 0x21,
  0xb3, 0x21, 0xb3, 0x21, 0xb3, 0x21, 0xb3, 0x21, 0xb3, 0x21, 0xb3, 0x21, 0xb3, 0x21, 0xb3, 0x21, 0xb3, 0x21, 0xb3, 0x21, 0xb3, 0x21, 0xb3, 0x21, 0xb3, 0x21, 0xb3, 0x21, 0xb3, 0x21, 0xb3, 0x21,
  0xb3, 0x21, 0xb3, 0x21, 0xb3, 0x21, 0xb3, 0x21, 0xb3, 0x21, 0xb3, 0x21, 0xb3, 0x21, 0xb3, 0x21, 0xb3, 0x21, 0xb3, 0x21, 0xb3, 0x21, 0xb3, 0x21, 0xb3, 0x21, 0xb3, 0x21, 0xb3, 0x21, 0xb3, 0x21,
  0xb3, 0x21, 0xb3, 0x21, 0xb3, 0x21, 0xb3, 0x21, 0xb3, 0x21, 0xb3, 0x21, 0xb3, 0x21, 0xb3, 0x21, 0xb3, 0x21, 0xb3, 0x21, 0xb3, 0x21, 0xb3, 0x21, 0xb3, 0x21, 0xb3, 0x21, 0xb3, 0x21, 0xb3, 0x21,
  0xb3, 0x21, 0xb3, 0x21, 0xb3, 0x21, 0xb3, 0x21, 0xb3, 0x21, 0xb3, 0x21, 0xb3, 0x21, 0xb3, 0x21, 0xb3, 0x21, 0xb3, 0x21, 0xb3, 0x21, 0xb3, 0x21, 0xb3, 0x21, 0xb3, 0x21, 0xb3, 0x21, 0xb3, 0x21,
  0xb3, 0x21, 0xb3, 0x21, 0xb3, 0x21, 0xb3, 0x21, 0xb3, 0x21, 0xb3, 0x21, 0xb3, 0x21, 0xb3, 0x21, 0xb3, 0x21, 0xb3, 0x21, 0xb3, 0x21, 0xb3, 0x21, 0xb3, 0x21, 0xb3, 0x21, 0xb3, 0x21, 0xb3, 0x21,
  0x9c, 0x2a, 0x9d, 0x2a, 0x9d, 0x2a, 0xd6, 0x21, 0x63, 0x09, 0xfe, 0x37, 0xdb, 0x37, 0xdb, 0x37, 0xdb, 0x37, 0xdb, 0x37, 0xdb, 0x37, 0xdb, 0x37, 0xdb, 0x37, 0xdb, 0x37, 0xdb, 0x37, 0xdb, 0x37,
  0xdb, 0x37, 0xdb, 0x37, 0xfc, 0x37, 0x6f, 0x1c, 0x00, 0x00, 0xfe, 0x3f, 0xfc, 0x37, 0x27, 0x12, 0x07, 0x0a, 0xfc, 0x37, 0x88, 0x12, 0xc6, 0x09, 0xfd, 0x37, 0xdb, 0x37, 0xfb, 0x37, 0xdb, 0x37,
  0x8c, 0x1b, 0xa2, 0x00, 0xfe, 0x37, 0x18, 0x2f, 0x00, 0x00, 0x61, 0x00, 0x18, 0x2f, 0xdb, 0x37, 0x44, 0x09, 0x4b, 0x1b, 0xfd, 0x37, 0xdb, 0x37, 0xdb, 0x37, 0xdb, 0x37, 0xdb, 0x37, 0xdb, 0x37,
  0xdb, 0x37, 0xdb, 0x37, 0xdb, 0x37, 0xdb, 0x37, 0xdb, 0x37, 0xdb, 0x37, 0xfb, 0x37, 0x39, 0x2f, 0x24, 0x11, 0x30, 0x9d, 0xf9, 0xef, 0xd8, 0xe7, 0xd9, 0xe7, 0xf9, 0xe7, 0xf9, 0xe7, 0xf9, 0xe7,
  0xf9, 0xe7, 0xf9, 0xe7, 0xf9, 0xe7, 0xf9, 0xe7, 0xf9, 0xe7, 0xf9, 0xe7, 0xf9, 0xe7, 0xf9, 0xe7, 0xf9, 0xe7, 0xf9, 0xe7, 0xf9, 0xe7, 0xf9, 0xe7, 0xf9, 0xe7, 0xf9, 0xe7, 0xf9, 0xe7, 0xd9, 0xdf,
  0xd9, 0xdf, 0xd9, 0xdf, 0xd9, 0xdf, 0xd9, 0xdf, 0xd9, 0xdf, 0xd9, 0xdf, 0xb9, 0xdf, 0xb9, 0xdf, 0xd9, 0xdf, 0xb9, 0xdf, 0xb9, 0xdf, 0xb9, 0xdf, 0xb9, 0xdf, 0xb9, 0xdf, 0xb9, 0xdf, 0xb9, 0xdf,
  0xb9, 0xd7, 0xb9, 0xd7, 0xb9, 0xd7, 0xb9, 0xd7, 0xb9, 0xd7, 0xb9, 0xd7, 0xb9, 0xd7, 0xb9, 0xd7, 0xb9, 0xd7, 0xb9, 0xd7, 0xb9, 0xd7, 0x99, 0xd7, 0xb9, 0xd7, 0xb9, 0xd7, 0x99, 0xd7, 0x99, 0xd7,
  0x99, 0xd7, 0x99, 0xd7, 0x99, 0xd7, 0x99, 0xd7, 0x99, 0xcf, 0x99, 0xcf, 0x99, 0xcf, 0x99, 0xcf, 0x99, 0xcf, 0x99, 0xcf, 0x99, 0xcf, 0x99, 0xcf, 0x99, 0xcf, 0x7a, 0xcf, 0x9a, 0xcf, 0x99, 0xcf,
  0x79, 0xcf, 0x7a, 0xcf, 0x7a, 0xcf, 0x7a, 0xcf, 0x7a, 0xcf, 0x7a, 0xcf, 0x7a, 0xc7, 0x7a, 0xcf, 0x7a, 0xc7, 0x7a, 0xc7, 0x7a, 0xc7, 0x7a, 0xc7, 0x7a, 0xc7, 0x5a, 0xc7, 0x5a, 0xc7, 0x5a, 0xc7,
  0x5a, 0xc7, 0x5a, 0xc7, 0x5a, 0xc7, 0x5a, 0xc7, 0x5a, 0xc7, 0x5a, 0xc7, 0x5a, 0xbf, 0x5a, 0xbf, 0x5a, 0xbf, 0x5a, 0xbf, 0x5a, 0xbf, 0x5a, 0xbf, 0x5a, 0xbf, 0x3a, 0xbf, 0x5a, 0xbf, 0x3a, 0xbf,
  0x3a, 0xbf, 0x3a, 0xbf, 0x3a, 0xbf, 0x3a, 0xbf, 0x3a, 0xbf, 0x3a, 0xb7, 0x3a, 0xb7, 0x9c, 0xbf, 0x4c, 0x6b, 0x2e, 0x24, 0xfc, 0x37, 0xdb, 0x37, 0xfb, 0x37, 0x18, 0x2f, 0x2b, 0x13, 0x6f, 0x19,
  0xb3, 0x21, 0xb3, 0x21, 0xb3, 0x21, 0xb3, 0x21, 0xb3, 0x21, 0xb3, 0x21, 0xb3, 0x21, 0xb3, 0x21, 0xb3, 0x21, 0xb3, 0x21, 0xb3, 0x21, 0xb3, 0x21, 0xb3, 0x21, 0xb3, 0x21, 0xb3, 0x21, 0xb3, 0x21,
  0xb3, 0x21, 0xb3, 0x21, 0xb3, 0x21, 0xb3, 0x21, 0xb3, 0x21, 0xb3, 0x21, 0xb3, 0x21, 0xb3, 0x21, 0xb3, 0x21, 0xb3, 0x21, 0xb3, 0x21, 0xb3, 0x21, 0xb3, 0x21, 0xb3, 0x21, 0xb3, 0x21, 0xb3, 0x21,
  0xb3, 0x21, 0xb3, 0x21, 0xb3, 0x21, 0xb3, 0x21, 0xb3, 0x21, 0xb3, 0x21, 0xb3, 0x21, 0xb3, 0x21, 0xb3, 0x21, 0xb3, 0x21, 0xb3, 0x21, 0xb3, 0x21, 0xb3, 0x21, 0xb3, 0x21, 0xb3, 0x21, 0xb3, 0x21,
  0xb3, 0x21, 0xb3, 0x21, 0xb3, 0x21, 0xb3, 0x21, 0xb3, 0x21, 0xb3, 0x21, 0xb3, 0x21, 0xb3, 0x21, 0xb3, 0x21, 0xb3, 0x21, 0xb3, 0x21, 0xb3, 0x21, 0xb3, 0x21, 0xb3, 0x21, 0xb3, 0x21, 0xb3, 0x21,
  0xb3, 0x21, 0xb3, 0x21, 0xb3, 0x21, 0xb3, 0x21, 0xb3, 0x21, 0xb3, 0x21, 0xb3, 0x21, 0xb3, 0x21, 0xb3, 0x21, 0xb3, 0x21, 0xb3, 0x21, 0xb3, 0x21, 0xb3, 0x21, 0xb3, 0x21, 0xb3, 0x21, 0xb3, 0x21,
  0xb3, 0x21, 0xb3, 0x21, 0xb3, 0x21, 0xb3, 0x21, 0xb3, 0x21, 0xb3, 0x21, 0xb3, 0x21, 0xb3, 0x21, 0xb3, 0x21, 0xb3, 0x21, 0xb3, 0x21, 0xb3, 0x21, 0xb3, 0x21, 0xb3, 0x21, 0xb3, 0x21, 0xb3, 0x21,
  0xb3, 0x21, 0xb3, 0x21, 0xb3, 0x21, 0xb3, 0x21, 0xb3, 0x21, 0xb3, 0x21, 0xb3, 0x21, 0xb3, 0x21, 0xb3, 0x21, 0xb3, 0x21, 0xb3, 0x21, 0xb3, 0x21, 0xb3, 0x21, 0xb3, 0x21, 0xb3, 0x21, 0xb3, 0x21,
  0xb3, 0x21, 0xb3, 0x21, 0xb3, 0x21, 0xb3, 0x21, 0xb3, 0x21, 0xb3, 0x21, 0xb3, 0x21, 0xb3, 0x21, 0xb3, 0x21, 0xb3, 0x21, 0xb3, 0x21, 0xb3, 0x21, 0xb3, 0x21, 0xb3, 0x21, 0xb3, 0x21, 0xb3, 0x21,
  0xb3, 0x21, 0xb3, 0x21, 0xb3, 0x21, 0xb3, 0x21, 0xb3, 0x21, 0xb3, 0x21, 0xb3, 0x21, 0xb3, 0x21, 0xb3, 0x21, 0xb3, 0x21, 0xb3, 0x21, 0xb3, 0x21, 0xb3, 0x21, 0xb3, 0x21, 0xb3, 0x21, 0xb3, 0x21,
  0x9c, 0x2a, 0x9c, 0x2a, 0x9d, 0x2a, 0xd6, 0x21, 0x63, 0x09, 0xfe, 0x37, 0xdb, 0x37, 0xdb, 0x37, 0xdb, 0x37, 0xdb, 0x37, 0xdb, 0x37, 0xdb, 0x37, 0xdb, 0x37, 0xdb, 0x37, 0xdb, 0x37, 0xdb, 0x37,
  0xdb, 0x37, 0xdb, 0x37, 0xfb, 0x37, 0x11, 0x25, 0x82, 0x00, 0xfe, 0x37, 0xfb, 0x37, 0x55, 0x2e, 0x61, 0x00, 0xf8, 0x2e, 0x8c, 0x1b, 0xca, 0x12, 0xfd, 0x37, 0xdb, 0x37, 0xfb, 0x37, 0xdb, 0x37,
  0x4f, 0x1c, 0xe7, 0x09, 0xfd, 0x37, 0xdb, 0x37, 0x89, 0x12, 0x48, 0x12, 0xfe, 0x37, 0xba, 0x37, 0x69, 0x12, 0x2e, 0x1c, 0xfc, 0x37, 0xdb, 0x37, 0xdb, 0x37, 0xdb, 0x37, 0xdb, 0x37, 0xdb, 0x37,
  0xdb, 0x37, 0xdb, 0x37, 0xdb, 0x37, 0xdb, 0x37, 0xdb, 0x37, 0xdb, 0x37, 0xfb, 0x37, 0x39, 0x2f, 0x24, 0x11, 0x30, 0x9d, 0xf9, 0xef, 0xf9, 0xe7, 0xf9, 0xe7, 0xf9, 0xe7, 0xf9, 0xe7, 0xb8, 0xdf,
  0xd5, 0xc6, 0xd5, 0xc6, 0xd5, 0xc6, 0xd5, 0xc6, 0xd5, 0xc6, 0xd5, 0xc6, 0xd5, 0xc6, 0xd5, 0xc6, 0xd5, 0xc6, 0xd5, 0xc6, 0xd5, 0xc6, 0xd5, 0xc6, 0xd5, 0xc6, 0xd5, 0xc6, 0xf6, 0xc6, 0xb8, 0xdf,
  0xf9, 0xe7, 0xd9, 0xdf, 0xd9, 0xdf, 0xd9, 0xdf, 0xb9, 0xdf, 0xb9, 0xdf, 0xd9, 0xdf, 0xd9, 0xdf, 0xb9, 0xdf, 0xb9, 0xdf, 0xb9, 0xdf, 0xb9, 0xdf, 0xb9, 0xdf, 0xb9, 0xdf, 0xb9, 0xdf, 0xb9, 0xd7,
  0xb9, 0xd7, 0xb9, 0xd7, 0xb9, 0xd7, 0xb9, 0xd7, 0xb9, 0xd7, 0xb9, 0xd7, 0xb9, 0xd7, 0xb9, 0xd7, 0xb9, 0xd7, 0x99, 0xd7, 0x99, 0xd7, 0xb9, 0xd7, 0x99, 0xd7, 0x99, 0xd7, 0x99, 0xd7, 0x99, 0xd7,
  0x99, 0xd7, 0x99, 0xd7, 0x99, 0xcf, 0x99, 0xcf, 0x99, 0xcf, 0x99, 0xcf, 0x99, 0xcf, 0x99, 0xcf, 0x99, 0xcf, 0x99, 0xcf, 0x99, 0xcf, 0x7a, 0xcf, 0x7a, 0xcf, 0x9a, 0xcf, 0x79, 0xcf, 0x7a, 0xcf,
  0x7a, 0xcf, 0x7a, 0xcf, 0x7a, 0xcf, 0x7a, 0xcf, 0x7a, 0xc7, 0x7a, 0xc7, 0x7a, 0xc7, 0x7a, 0xc7, 0x7a, 0xc7, 0x7a, 0xc7, 0x7a, 0xc7, 0x5a, 0xc7, 0x5a, 0xc7, 0x7a, 0xc7, 0x5a, 0xc7, 0x5a, 0xc7,
  0x5a, 0xc7, 0x5a, 0xc7, 0x5a, 0xc7, 0x5a, 0xc7, 0x5a, 0xbf, 0x5a, 0xbf, 0x5a, 0xbf, 0x5a, 0xbf, 0x5a, 0xbf, 0x5a, 0xbf, 0x5a, 0xbf, 0x3a, 0xbf, 0x3a, 0xbf, 0x3a, 0xbf, 0x3a, 0xbf, 0x3a, 0xbf,
  0x3a, 0xbf, 0x3a, 0xbf, 0x3a, 0xbf, 0x3a, 0xb7, 0x3a, 0xb7, 0x3a, 0xb7, 0x3a, 0xb7, 0x9c, 0xbf, 0x4c, 0x6b, 0x2e, 0x24, 0xfc, 0x37, 0xdb, 0x37, 0xfb, 0x37, 0x18, 0x2f, 0x2b, 0x13, 0x6f, 0x19,
  0xb3, 0x21, 0xb3, 0x21, 0xb3, 0x21, 0xb3, 0x21, 0xb3, 0x21, 0xb3, 0x21, 0xb3, 0x21, 0xb3, 0x21, 0xb3, 0x21, 0xb3, 0x21, 0xb3, 0x21, 0xb3, 0x21, 0xb3, 0x21, 0xb3, 0x21, 0xb3, 0x21, 0xb3, 0x21,
  0xb3, 0x21, 0xb3, 0x21, 0xb3, 0x21, 0xb3, 0x21, 0xb3, 0x21, 0xb3, 0x21, 0xb3, 0x21, 0xb3, 0x21, 0xb3, 0x21, 0xb3, 0x21, 0xb3, 0x21, 0xb3, 0x21, 0xb3, 0x21, 0xb3, 0x21, 0xb3, 0x21, 0xb3, 0x21,
  0xb3, 0x21, 0xb3, 0x21, 0xb3, 0x21, 0xb3, 0x21, 0xb3, 0x21, 0xb3, 0x21, 0xb3, 0x21, 0xb3, 0x21, 0xb3, 0x21, 0xb3, 0x21, 0xb3, 0x21, 0xb3, 0x21, 0xb3, 0x21, 0xb3, 0x21, 0xb3, 0x21, 0xb3, 0x21,
  0xb3, 0x21, 0xb3, 0x21, 0xb3, 0x21, 0xb3, 0x21, 0xb3, 0x21, 0xb3, 0x21, 0xb3, 0x21, 0xb3, 0x21, 0xb3, 0x21, 0xb3, 0x21, 0xb3, 0x21, 0xb3, 0x21, 0xb3, 0x21, 0xb3, 0x21, 0xb3, 0x21, 0xb3, 0x21,
  0xb3, 0x21, 0xb3, 0x21, 0xb3, 0x21, 0xb3, 0x21, 0xb3, 0x21, 0xb3, 0x21, 0xb3, 0x21, 0xb3, 0x21, 0xb3, 0x21, 0xb3, 0x21, 0xb3, 0x21, 0xb3, 0x21, 0xb3, 0x21, 0xb3, 0x21, 0xb3, 0x21, 0xb3, 0x21,
  0xb3, 0x21, 0xb3, 0x21, 0xb3, 0x21, 0xb3, 0x21, 0xb3, 0x21, 0xb3, 0x21, 0xb3, 0x21, 0xb3, 0x21, 0xb3, 0x21, 0xb3, 0x21, 0xb3, 0x21, 0xb3, 0x21, 0xb3, 0x21, 0xb3, 0x21, 0xb3, 0x21, 0xb3, 0x21,
  0xb3, 0x21, 0xb3, 0x21, 0xb3, 0x21, 0xb3, 0x21, 0xb3, 0x21, 0xb3, 0x21, 0xb3, 0x21, 0xb3, 0x21, 0xb3, 0x21, 0xb3, 0x21, 0xb3, 0x21, 0xb3, 0x21, 0xb3, 0x21, 0xb3, 0x21, 0xb3, 0x21, 0xb3, 0x21,
  0xb3, 0x21, 0xb3, 0x21, 0xb3, 0x21, 0xb3, 0x21, 0xb3, 0x21, 0xb3, 0x21, 0xb3, 0x21, 0xb3, 0x21, 0xb3, 0x21, 0xb3, 0x21, 0xb3, 0x21, 0xb3, 0x21, 0xb3, 0x21, 0xb3, 0x21, 0xb3, 0x21, 0xb3, 0x21,
  0xb3, 0x21, 0xb3, 0x21, 0xb3, 0x21, 0xb3, 0x21, 0xb3, 0x21, 0xb3, 0x21, 0xb3, 0x21, 0xb3, 0x21, 0xb3, 0x21, 0xb3, 0x21, 0xb3, 0x21, 0xb3, 0x21, 0xb3, 0x21, 0xb3, 0x21, 0xb3, 0x21, 0xb3, 0x21,
  0x9c, 0x2a, 0x9c, 0x2a, 0x9d, 0x2a, 0xd6, 0x21, 0x63, 0x09, 0xfe, 0x37, 0xdb, 0x37, 0xdb, 0x37, 0xdb, 0x37, 0xdb, 0x37, 0xdb, 0x37, 0xdb, 0x37, 0xdb, 0x37, 0xdb, 0x37, 0xdb, 0x37, 0xdb, 0x37,
  0xdb, 0x37, 0xdb, 0x37, 0xdb, 0x37, 0xfc, 0x37, 0xfd, 0x37, 0xdb, 0x37, 0xdb, 0x37, 0xfc, 0x37, 0xfd, 0x37, 0xfc, 0x37, 0xfd, 0x37, 0xfd, 0x37, 0xdb, 0x37, 0xdb, 0x37, 0xdb, 0x37, 0xfb, 0x37,
  0xfc, 0x37, 0xfd, 0x37, 0xdb, 0x37, 0xfb, 0x37, 0xfd, 0x37, 0xfd, 0x37, 0xdb, 0x37, 0xfb, 0x37, 0xfd, 0x37, 0xfc, 0x37, 0xdb, 0x37, 0xdb, 0x37, 0xdb, 0x37, 0xdb, 0x37, 0xdb, 0x37, 0xdb, 0x37,
  0xdb, 0x37, 0xdb, 0x37, 0xdb, 0x37, 0xdb, 0x37, 0xdb, 0x37, 0xdb, 0x37, 0xfb, 0x37, 0x39, 0x2f, 0x24, 0x11, 0x30, 0x9d, 0xfa, 0xef, 0xf9, 0xe7, 0xf9, 0xe7, 0xf9, 0xe7, 0x77, 0xd7, 0x4e, 0x7c,
  0x61, 0x08, 0x20, 0x00, 0x20, 0x00, 0x20, 0x00, 0x20, 0x00, 0x20, 0x00, 0x20, 0x00, 0x20, 0x00, 0x20, 0x00, 0x20, 0x00, 0x20, 0x08, 0x20, 0x08, 0x20, 0x00, 0x20, 0x08, 0x44, 0x21, 0x30, 0x95,
  0xb9, 0xdf, 0xd9, 0xdf, 0xd9, 0xdf, 0xb9, 0xdf, 0xd9, 0xdf, 0xd9, 0xdf, 0xb9, 0xdf, 0xb9, 0xdf, 0xb9, 0xdf, 0xb9, 0xdf, 0xb9, 0xdf, 0xb9, 0xdf, 0xb9, 0xdf, 0xb9, 0xd7, 0xb9, 0xd7, 0xb9, 0xd7,
  0xb9, 0xd7, 0xb9, 0xd7, 0xb9, 0xd7, 0xb9, 0xd7, 0xb9, 0xd7, 0xb9, 0xd7, 0xb9, 0xd7, 0x99, 0xd7, 0x99, 0xd7, 0xb9, 0xd7, 0x99, 0xd7, 0x99, 0xd7, 0x99, 0xd7, 0x99, 0xd7, 0x99, 0xd7, 0x99, 0xd7,
  0x99, 0xcf, 0x99, 0xcf, 0x99, 0xcf, 0x99, 0xcf, 0x99, 0xcf, 0x99, 0xcf, 0x99, 0xcf, 0x99, 0xcf, 0x99, 0xcf, 0x7a, 0xcf, 0x7a, 0xcf, 0x9a, 0xcf, 0x79, 0xcf, 0x79, 0xcf, 0x7a, 0xcf, 0x7a, 0xcf,
  0x7a, 0xcf, 0x7a, 0xcf, 0x7a, 0xc7, 0x7a, 0xc7, 0x7a, 0xc7, 0x7a, 0xc7, 0x7a, 0xc7, 0x7a, 0xc7, 0x7a, 0xc7, 0x7a, 0xc7, 0x5a, 0xc7, 0x7a, 0xc7, 0x5a, 0xc7, 0x5a, 0xc7, 0x5a, 0xc7, 0x5a, 0xc7,
  0x5a, 0xc7, 0x5a, 0xc7, 0x5a, 0xc7, 0x5a, 0xbf, 0x5a, 0xbf, 0x5a, 0xbf, 0x5a, 0xbf, 0x5a, 0xbf, 0x5a, 0xbf, 0x3a, 0xbf, 0x3a, 0xbf, 0x3a, 0xbf, 0x3a, 0xbf, 0x3a, 0xbf, 0x3a, 0xbf, 0x3a, 0xbf,
  0x3a, 0xbf, 0x3a, 0xb7, 0x3a, 0xb7, 0x3a, 0xb7, 0x3a, 0xb7, 0x3a, 0xb7, 0x3b, 0xb7, 0x9c, 0xbf, 0x4c, 0x6b, 0x2e, 0x24, 0xfc, 0x37, 0xdb, 0x37, 0xfb, 0x37, 0x18, 0x2f, 0x2b, 0x13, 0x6f, 0x19,
  0xb3, 0x21, 0xb3, 0x21, 0xb3, 0x21, 0xb3, 0x21, 0xb3, 0x21, 0xb3, 0x21, 0xb3, 0x21, 0xb3, 0x21, 0xb3, 0x21, 0xb3, 0x21, 0xb3, 0x21, 0xb3, 0x21, 0xb3, 0x21, 0xb3, 0x21, 0xb3, 0x21, 0xb3, 0x21,
  0xb3, 0x21, 0xb3, 0x21, 0xb3, 0x21, 0xb3, 0x21, 0xb3, 0x21, 0xb3, 0x21, 0xb3, 0x21, 0xb3, 0x21, 0xb3, 0x21, 0xb3, 0x21, 0xb3, 0x21, 0xb3, 0x21, 0xb3, 0x21, 0xb3, 0x21, 0xb3, 0x21, 0xb3, 0x21,
  0xb3, 0x21, 0xb3, 0x21, 0xb3, 0x21, 0xb3, 0x21, 0xb3, 0x21, 0xb3, 0x21, 0xb3, 0x21, 0xb3, 0x21, 0xb3, 0x21, 0xb3, 0x21, 0xb3, 0x21, 0xb3, 0x21, 0xb3, 0x21, 0xb3, 0x21, 0xb3, 0x21, 0xb3, 0x21,
  0xb3, 0x21, 0xb3, 0x21, 0xb3, 0x21, 0xb3, 0x21, 0xb3, 0x21, 0xb3, 0x21, 0xb3, 0x21, 0xb3, 0x21, 0xb3, 0x21, 0xb3, 0x21, 0xb3, 0x21, 0xb3, 0x21, 0xb3, 0x21, 0xb3, 0x21, 0xb3, 0x21, 0xb3, 0x21,
  0xb3, 0x21, 0xb3, 0x21, 0xb3, 0x21, 0xb3, 0x21, 0xb3, 0x21, 0xb3, 0x21, 0xb3, 0x21, 0xb3, 0x21, 0xb3, 0x21, 0xb3, 0x21, 0xb3, 0x21, 0xb3, 0x21, 0xb3, 0x21, 0xb3, 0x21, 0xb3, 0x21, 0xb3, 0x21,
  0xb3, 0x21, 0xb3, 0x21, 0xb3, 0x21, 0xb3, 0x21, 0xb3, 0x21, 0xb3, 0x21, 0xb3, 0x21, 0xb3, 0x21, 0xb3, 0x21, 0xb3, 0x21, 0xb3, 0x21, 0xb3, 0x21, 0xb3, 0x21, 0xb3, 0x21, 0xb3, 0x21, 0xb3, 0x21,
  0xb3, 0x21, 0xb3, 0x21, 0xb3, 0x21, 0xb3, 0x21, 0xb3, 0x21, 0xb3, 0x21, 0xb3, 0x21, 0xb3, 0x21, 0xb3, 0x21, 0xb3, 0x21, 0xb3, 0x21, 0xb3, 0x21, 0xb3, 0x21, 0xb3, 0x21, 0xb3, 0x21, 0xb3, 0x21,
  0xb3, 0x21, 0xb3, 0x21, 0xb3, 0x21, 0xb3, 0x21, 0xb3, 0x21, 0xb3, 0x21, 0xb3, 0x21, 0xb3, 0x21, 0xb3, 0x21, 0xb3, 0x21, 0xb3, 0x21, 0xb3, 0x21, 0xb3, 0x21, 0xb3, 0x21, 0xb3, 0x21, 0xb3, 0x21,
  0xb3, 0x21, 0xb3, 0x21, 0xb3, 0x21, 0xb3, 0x21, 0xb3, 0x21, 0xb3, 0x21, 0xb3, 0x21, 0xb3, 0x21, 0xb3, 0x21, 0xb3, 0x21, 0xb3, 0x21, 0xb3, 0x21, 0xb3, 0x21, 0xb3, 0x21, 0xb3, 0x21, 0xb3, 0x21,
  0x9c, 0x2a, 0x7c, 0x2a, 0x9d, 0x2a, 0xd6, 0x21, 0x63, 0x09, 0xfe, 0x37, 0xdb, 0x37, 0xdb, 0x37, 0xdb, 0x37, 0xdb, 0x37, 0xdb, 0x37, 0xdb, 0x37, 0xdb, 0x37, 0xdb, 0x37, 0xdb, 0x37, 0xdb, 0x37,
  0xdb, 0x37, 0xdb, 0x37, 0xdb, 0x37, 0xdb, 0x37, 0xdb, 0x37, 0xdb, 0x37, 0xdb, 0x37, 0xdb, 0x37, 0xdb, 0x37, 0xdb, 0x37, 0xdb, 0x37, 0xdb, 0x37, 0xdb, 0x37, 0xdb, 0x37, 0xdb, 0x37, 0xdb, 0x37,
  0xdb, 0x37, 0xdb, 0x37, 0xdb, 0x37, 0xdb, 0x37, 0xdb, 0x37, 0xdb, 0x37, 0xdb, 0x37, 0xdb, 0x37, 0xdb, 0x37, 0xdb, 0x37, 0xdb, 0x37, 0xdb, 0x37, 0xdb, 0x37, 0xdb, 0x37, 0xdb, 0x37, 0xdb, 0x37,
  0xdb, 0x37, 0xdb, 0x37, 0xdb, 0x37, 0xdb, 0x37, 0xdb, 0x37, 0xdb, 0x37, 0xfb, 0x37, 0x39, 0x2f, 0x24, 0x11, 0x30, 0x9d, 0xfa, 0xef, 0xf9, 0xe7, 0xf9, 0xe7, 0xb8, 0xdf, 0xcc, 0x6b, 0x00, 0x00,
  0x00, 0x00, 0x00, 0x00, 0x00, 0x00, 0x00, 0x00, 0x00, 0x00, 0x00, 0x00, 0x00, 0x00, 0x00, 0x00, 0x00, 0x00, 0x00, 0x00, 0x00, 0x00, 0x00, 0x00, 0x00, 0x00, 0x00, 0x00, 0x00, 0x00, 0x41, 0x08,
  0xaf, 0x84, 0xfa, 0xef, 0xb9, 0xdf, 0xd9, 0xdf, 0xb9, 0xdf, 0xb9, 0xdf, 0xb9, 0xdf, 0xb9, 0xdf, 0xb9, 0xdf, 0xb9, 0xdf, 0xb9, 0xdf, 0xb9, 0xd7, 0xb9, 0xd7, 0xb9, 0xd7, 0xb9, 0xd7, 0xb9, 0xd7,
  0xb9, 0xd7, 0xb9, 0xd7, 0xb9, 0xd7, 0xb9, 0xd7, 0xb9, 0xd7, 0x99, 0xd7, 0x99, 0xd7, 0xb9, 0xd7, 0xb9, 0xd7, 0x99, 0xd7, 0x99, 0xd7, 0x99, 0xd7, 0x99, 0xd7, 0x99, 0xd7, 0x99, 0xcf, 0x99, 0xcf,
  0x99, 0xcf, 0x99, 0xcf, 0x99, 0xcf, 0x99, 0xcf, 0x99, 0xcf, 0x99, 0xcf, 0x99, 0xcf, 0x7a, 0xcf, 0x7a, 0xcf, 0x9a, 0xcf, 0x99, 0xcf, 0x79, 0xcf, 0x7a, 0xcf, 0x7a, 0xcf, 0x7a, 0xcf, 0x7a, 0xcf,
  0x7a, 0xc7, 0x7a, 0xc7, 0x7a, 0xc7, 0x7a, 0xc7, 0x7a, 0xc7, 0x7a, 0xc7, 0x7a, 0xc7, 0x7a, 0xc7, 0x5a, 0xc7, 0x5a, 0xc7, 0x5a, 0xc7, 0x5a, 0xc7, 0x5a, 0xc7, 0x5a, 0xc7, 0x5a, 0xc7, 0x5a, 0xc7,
  0x5a, 0xc7, 0x5a, 0xbf, 0x5a, 0xbf, 0x5a, 0xbf, 0x5a, 0xbf, 0x5a, 0xbf, 0x5a, 0xbf, 0x3a, 0xbf, 0x3a, 0xbf, 0x5a, 0xbf, 0x3a, 0xbf, 0x3a, 0xbf, 0x3a, 0xbf, 0x3a, 0xbf, 0x3a, 0xbf, 0x3a, 0xbf,
  0x3a, 0xb7, 0x3a, 0xb7, 0x3a, 0xb7, 0x3a, 0xb7, 0x3a, 0xb7, 0x3b, 0xb7, 0x1a, 0xb7, 0x9c, 0xbf, 0x4c, 0x6b, 0x2e, 0x24, 0xfc, 0x37, 0xdb, 0x37, 0xfb, 0x37, 0x18, 0x2f, 0x2b, 0x13, 0x6f, 0x19,
  0xb3, 0x21, 0xb3, 0x21, 0xb3, 0x21, 0xb3, 0x21, 0xb3, 0x21, 0xb3, 0x21, 0xb3, 0x21, 0xb3, 0x21, 0xb3, 0x21, 0xb3, 0x21, 0xb3, 0x21, 0xb3, 0x21, 0xb3, 0x21, 0xb3, 0x21, 0xb3, 0x21, 0xb3, 0x21,
  0xb3, 0x21, 0xb3, 0x21, 0xb3, 0x21, 0xb3, 0x21, 0xb3, 0x21, 0xb3, 0x21, 0xb3, 0x21, 0xb3, 0x21, 0xb3, 0x21, 0xb3, 0x21, 0xb3, 0x21, 0xb3, 0x21, 0xb3, 0x21, 0xb3, 0x21, 0xb3, 0x21, 0xb3, 0x21,
  0xb3, 0x21, 0xb3, 0x21, 0xb3, 0x21, 0xb3, 0x21, 0xb3, 0x21, 0xb3, 0x21, 0xb3, 0x21, 0xb3, 0x21, 0xb3, 0x21, 0xb3, 0x21, 0xb3, 0x21, 0xb3, 0x21, 0xb3, 0x21, 0xb3, 0x21, 0xb3, 0x21, 0xb3, 0x21,
  0xb3, 0x21, 0xb3, 0x21, 0xb3, 0x21, 0xb3, 0x21, 0xb3, 0x21, 0xb3, 0x21, 0xb3, 0x21, 0xb3, 0x21, 0xb3, 0x21, 0xb3, 0x21, 0xb3, 0x21, 0xb3, 0x21, 0xb3, 0x21, 0xb3, 0x21, 0xb3, 0x21, 0xb3, 0x21,
  0xb3, 0x21, 0xb3, 0x21, 0xb3, 0x21, 0xb3, 0x21, 0xb3, 0x21, 0xb3, 0x21, 0xb3, 0x21, 0xb3, 0x21, 0xb3, 0x21, 0xb3, 0x21, 0xb3, 0x21, 0xb3, 0x21, 0xb3, 0x21, 0xb3, 0x21, 0xb3, 0x21, 0xb3, 0x21,
  0xb3, 0x21, 0xb3, 0x21, 0xb3, 0x21, 0xb3, 0x21, 0xb3, 0x21, 0xb3, 0x21, 0xb3, 0x21, 0xb3, 0x21, 0xb3, 0x21, 0xb3, 0x21, 0xb3, 0x21, 0xb3, 0x21, 0xb3, 0x21, 0xb3, 0x21, 0xb3, 0x21, 0xb3, 0x21,
  0xb3, 0x21, 0xb3, 0x21, 0xb3, 0x21, 0xb3, 0x21, 0xb3, 0x21, 0xb3, 0x21, 0xb3, 0x21, 0xb3, 0x21, 0xb3, 0x21, 0xb3, 0x21, 0xb3, 0x21, 0xb3, 0x21, 0xb3, 0x21, 0xb3, 0x21, 0xb3, 0x21, 0xb3, 0x21,
  0xb3, 0x21, 0xb3, 0x21, 0xb3, 0x21, 0xb3, 0x21, 0xb3, 0x21, 0xb3, 0x21, 0xb3, 0x21, 0xb3, 0x21, 0xb3, 0x21, 0xb3, 0x21, 0xb3, 0x21, 0xb3, 0x21, 0xb3, 0x21, 0xb3, 0x21, 0xb3, 0x21, 0xb3, 0x21,
  0xb3, 0x21, 0xb3, 0x21, 0xb3, 0x21, 0xb3, 0x21, 0xb3, 0x21, 0xb3, 0x21, 0xb3, 0x21, 0xb3, 0x21, 0xb3, 0x21, 0xb3, 0x21, 0xb3, 0x21, 0xb3, 0x21, 0xb3, 0x21, 0xb3, 0x21, 0xb3, 0x21, 0xb3, 0x21,
  0x7c, 0x2a, 0x9c, 0x2a, 0x9d, 0x2a, 0xd6, 0x21, 0x63, 0x09, 0xfe, 0x37, 0xdb, 0x37, 0xdb, 0x37, 0xdb, 0x37, 0xdb, 0x37, 0xdb, 0x37, 0xdb, 0x37, 0xdb, 0x37, 0xdb, 0x37, 0xdb, 0x37, 0xdb, 0x37,
  0xdb, 0x37, 0xdb, 0x37, 0xdb, 0x37, 0xdb, 0x37, 0xdb, 0x37, 0xdb, 0x37, 0xdb, 0x37, 0xdb, 0x37, 0xdb, 0x37, 0xdb, 0x37, 0xdb, 0x37, 0xdb, 0x37, 0xdb, 0x37, 0xdb, 0x37, 0xdb, 0x37, 0xdb, 0x37,
  0xdb, 0x37, 0xdb, 0x37, 0xdb, 0x37, 0xdb, 0x37, 0xdb, 0x37, 0xdb, 0x37, 0xdb, 0x37, 0xdb, 0x37, 0xdb, 0x37, 0xdb, 0x37, 0xdb, 0x37, 0xdb, 0x37, 0xdb, 0x37, 0xdb, 0x37, 0xdb, 0x37, 0xdb, 0x37,
  0xdb, 0x37, 0xdb, 0x37, 0xdb, 0x37, 0xdb, 0x37, 0xdb, 0x37, 0xdb, 0x37, 0xfb, 0x37, 0x39, 0x2f, 0x24, 0x11, 0x30, 0x9d, 0xfa, 0xef, 0xd9, 0xe7, 0xf9, 0xe7, 0xf6, 0xce, 0x00, 0x00, 0x00, 0x00,
  0x00, 0x00, 0x00, 0x00, 0x00, 0x00, 0x00, 0x00, 0x00, 0x00, 0x00, 0x00, 0x00, 0x00, 0x00, 0x00, 0x00, 0x00, 0x00, 0x00, 0x00, 0x00, 0x00, 0x00, 0x00, 0x00, 0x00, 0x00, 0x00, 0x00, 0x00, 0x00,
  0x44, 0x21, 0xfa, 0xe7, 0xd9, 0xdf, 0xb9, 0xdf, 0xb9, 0xdf, 0xb9, 0xdf, 0xb9, 0xdf, 0xb9, 0xdf, 0xb9, 0xdf, 0xb9, 0xd7, 0xb9, 0xd7, 0xb9, 0xd7, 0xb9, 0xd7, 0xb9, 0xd7, 0xb9, 0xd7, 0xb9, 0xd7,
  0xb9, 0xd7, 0xb9, 0xd7, 0xb9, 0xd7, 0xb9, 0xd7, 0x99, 0xd7, 0xb9, 0xd7, 0xb9, 0xd7, 0x99, 0xd7, 0x99, 0xd7, 0x99, 0xd7, 0x99, 0xd7, 0x99, 0xd7, 0x99, 0xd7, 0x99, 0xcf, 0x99, 0xcf, 0x99, 0xcf,
  0x99, 0xcf, 0x99, 0xcf, 0x99, 0xcf, 0x99, 0xcf, 0x99, 0xcf, 0x99, 0xcf, 0x7a, 0xcf, 0x9a, 0xcf, 0x9a, 0xcf, 0x79, 0xcf, 0x7a, 0xcf, 0x7a, 0xcf, 0x7a, 0xcf, 0x7a, 0xcf, 0x7a, 0xcf, 0x7a, 0xc7,
  0x7a, 0xc7, 0x7a, 0xc7, 0x7a, 0xc7, 0x7a, 0xc7, 0x7a, 0xc7, 0x7a, 0xc7, 0x5a, 0xc7, 0x5a, 0xc7, 0x5a, 0xc7, 0x5a, 0xc7, 0x5a, 0xc7, 0x5a, 0xc7, 0x5a, 0xc7, 0x5a, 0xc7, 0x5a, 0xc7, 0x5a, 0xbf,
  0x5a, 0xbf, 0x5a, 0xbf, 0x5a, 0xbf, 0x5a, 0xbf, 0x5a, 0xbf, 0x5a, 0xbf, 0x3a, 0xbf, 0x5a, 0xbf, 0x3a, 0xbf, 0x3a, 0xbf, 0x3a, 0xbf, 0x3a, 0xbf, 0x3a, 0xbf, 0x3a, 0xbf, 0x3a, 0xbf, 0x3a, 0xb7,
  0x3a, 0xb7, 0x3a, 0xb7, 0x3a, 0xb7, 0x3b, 0xb7, 0x1b, 0xb7, 0x1a, 0xb7, 0x1b, 0xb7, 0x9c, 0xbf, 0x4c, 0x63, 0x2e, 0x24, 0xfc, 0x37, 0xdb, 0x37, 0xfb, 0x37, 0x18, 0x2f, 0x2b, 0x13, 0x6f, 0x19,
  0xb3, 0x21, 0xb3, 0x21, 0xb3, 0x21, 0xb3, 0x21, 0xb3, 0x21, 0xb3, 0x21, 0xb3, 0x21, 0xb3, 0x21, 0xb3, 0x21, 0xb3, 0x21, 0xb3, 0x21, 0xb3, 0x21, 0xb3, 0x21, 0xb3, 0x21, 0xb3, 0x21, 0xb3, 0x21,
  0xb3, 0x21, 0xb3, 0x21, 0xb3, 0x21, 0xb3, 0x21, 0xb3, 0x21, 0xb3, 0x21, 0xb3, 0x21, 0xb3, 0x21, 0xb3, 0x21, 0xb3, 0x21, 0xb3, 0x21, 0xb3, 0x21, 0xb3, 0x21, 0xb3, 0x21, 0xb3, 0x21, 0xb3, 0x21,
  0xb3, 0x21, 0xb3, 0x21, 0xb3, 0x21, 0xb3, 0x21, 0xb3, 0x21, 0xb3, 0x21, 0xb3, 0x21, 0xb3, 0x21, 0xb3, 0x21, 0xb3, 0x21, 0xb3, 0x21, 0xb3, 0x21, 0xb3, 0x21, 0xb3, 0x21, 0xb3, 0x21, 0xb3, 0x21,
  0xb3, 0x21, 0xb3, 0x21, 0xb3, 0x21, 0xb3, 0x21, 0xb3, 0x21, 0xb3, 0x21, 0xb3, 0x21, 0xb3, 0x21, 0xb3, 0x21, 0xb3, 0x21, 0xb3, 0x21, 0xb3, 0x21, 0xb3, 0x21, 0xb3, 0x21, 0xb3, 0x21, 0xb3, 0x21,
  0xb3, 0x21, 0xb3, 0x21, 0xb3, 0x21, 0xb3, 0x21, 0xb3, 0x21, 0xb3, 0x21, 0xb3, 0x21, 0xb3, 0x21, 0xb3, 0x21, 0xb3, 0x21, 0xb3, 0x21, 0xb3, 0x21, 0xb3, 0x21, 0xb3, 0x21, 0xb3, 0x21, 0xb3, 0x21,
  0xb3, 0x21, 0xb3, 0x21, 0xb3, 0x21, 0xb3, 0x21, 0xb3, 0x21, 0xb3, 0x21, 0xb3, 0x21, 0xb3, 0x21, 0xb3, 0x21, 0xb3, 0x21, 0xb3, 0x21, 0xb3, 0x21, 0xb3, 0x21, 0xb3, 0x21, 0xb3, 0x21, 0xb3, 0x21,
  0xb3, 0x21, 0xb3, 0x21, 0xb3, 0x21, 0xb3, 0x21, 0xb3, 0x21, 0xb3, 0x21, 0xb3, 0x21, 0xb3, 0x21, 0xb3, 0x21, 0xb3, 0x21, 0xb3, 0x21, 0xb3, 0x21, 0xb3, 0x21, 0xb3, 0x21, 0xb3, 0x21, 0xb3, 0x21,
  0xb3, 0x21, 0xb3, 0x21, 0xb3, 0x21, 0xb3, 0x21, 0xb3, 0x21, 0xb3, 0x21, 0xb3, 0x21, 0xb3, 0x21, 0xb3, 0x21, 0xb3, 0x21, 0xb3, 0x21, 0xb3, 0x21, 0xb3, 0x21, 0xb3, 0x21, 0xb3, 0x21, 0xb3, 0x21,
  0xb3, 0x21, 0xb3, 0x21, 0xb3, 0x21, 0xb3, 0x21, 0xb3, 0x21, 0xb3, 0x21, 0xb3, 0x21, 0xb3, 0x21, 0xb3, 0x21, 0xb3, 0x21, 0xb3, 0x21, 0xb3, 0x21, 0xb3, 0x21, 0xb3, 0x21, 0xb3, 0x21, 0x93, 0x21,
  0x9c, 0x2a, 0x9c, 0x2a, 0x9d, 0x2a, 0xd6, 0x21, 0x63, 0x09, 0xfe, 0x37, 0xdb, 0x37, 0xdb, 0x37, 0xdb, 0x37, 0xdb, 0x37, 0xdb, 0x37, 0xdb, 0x37, 0xdb, 0x37, 0xdb, 0x37, 0xdb, 0x37, 0xdb, 0x37,
  0xdb, 0x37, 0xdb, 0x37, 0xdb, 0x37, 0xdb, 0x37, 0xdb, 0x37, 0xdb, 0x37, 0xdb, 0x37, 0xdb, 0x37, 0xdb, 0x37, 0xdb, 0x37, 0xfb, 0x37, 0xfb, 0x37, 0xfb, 0x37, 0xfb, 0x37, 0xfb, 0x37, 0xdb, 0x37,
  0xdb, 0x37, 0xdb, 0x37, 0xdb, 0x37, 0xdb, 0x37, 0xdb, 0x37, 0xdb, 0x37, 0xdb, 0x37, 0xdb, 0x37, 0xdb, 0x37, 0xdb, 0x37, 0xdb, 0x37, 0xdb, 0x37, 0xdb, 0x37, 0xdb, 0x37, 0xdb, 0x37, 0xdb, 0x37,
  0xdb, 0x37, 0xdb, 0x37, 0xdb, 0x37, 0xdb, 0x37, 0xdb, 0x37, 0xdb, 0x37, 0xfb, 0x37, 0x39, 0x2f, 0x24, 0x11, 0x30, 0x9d, 0xfa, 0xef, 0xd8, 0xe7, 0xf9, 0xe7, 0xf6, 0xc6, 0x00, 0x00, 0x00, 0x00,
  0x00, 0x00, 0x00, 0x00, 0x00, 0x00, 0x00, 0x00, 0x00, 0x00, 0x00, 0x00, 0x00, 0x00, 0x00, 0x00, 0x00, 0x00, 0x00, 0x00, 0x00, 0x00, 0x00, 0x00, 0x00, 0x00, 0x00, 0x00, 0x00, 0x00, 0x00, 0x00,
  0x44, 0x21, 0x95, 0xbe, 0xf9, 0xdf, 0xb9, 0xdf, 0xb9, 0xdf, 0xb9, 0xdf, 0xb9, 0xdf, 0xb9, 0xdf, 0xb9, 0xd7, 0xb9, 0xd7, 0xb9, 0xd7, 0xb9, 0xd7, 0xb9, 0xd7, 0xb9, 0xd7, 0xb9, 0xd7, 0xb9, 0xd7,
  0xb9, 0xd7, 0xb9, 0xd7, 0x99, 0xd7, 0x99, 0xd7, 0xb9, 0xd7, 0x99, 0xd7, 0x99, 0xd7, 0x99, 0xd7, 0x99, 0xd7, 0x99, 0xd7, 0x99, 0xd7, 0x99, 0xcf, 0x99, 0xcf, 0x99, 0xcf, 0x99, 0xcf, 0x99, 0xcf,
  0x99, 0xcf, 0x99, 0xcf, 0x99, 0xcf, 0x99, 0xcf, 0x7a, 0xcf, 0x7a, 0xcf, 0x9a, 0xcf, 0x79, 0xcf, 0x79, 0xcf, 0x7a, 0xcf, 0x7a, 0xcf, 0x7a, 0xcf, 0x7a, 0xcf, 0x7a, 0xc7, 0x7a, 0xc7, 0x7a, 0xc7,
  0x7a, 0xc7, 0x7a, 0xc7, 0x7a, 0xc7, 0x7a, 0xc7, 0x7a, 0xc7, 0x5a, 0xc7, 0x7a, 0xc7, 0x5a, 0xc7, 0x5a, 0xc7, 0x5a, 0xc7, 0x5a, 0xc7, 0x5a, 0xc7, 0x5a, 0xc7, 0x5a, 0xc7, 0x5a, 0xbf, 0x5a, 0xbf,
  0x5a, 0xbf, 0x5a, 0xbf, 0x5a, 0xbf, 0x5a, 0xbf, 0x3a, 0xbf, 0x3a, 0xbf, 0x3a, 0xbf, 0x3a, 0xbf, 0x3a, 0xbf, 0x3a, 0xbf, 0x3a, 0xbf, 0x3a, 0xbf, 0x3a, 0xbf, 0x3a, 0xb7, 0x3a, 0xb7, 0x3a, 0xb7,
  0x3a, 0xb7, 0x3b, 0xb7, 0x1b, 0xb7, 0x1a, 0xb7, 0x1b, 0xb7, 0x1b, 0xb7, 0x1b, 0xb7, 0x9c, 0xbf, 0x4c, 0x63, 0x2e, 0x24, 0xfc, 0x37, 0xdb, 0x37, 0xfb, 0x37, 0x18, 0x2f, 0x2b, 0x13, 0x6f, 0x19,
  0x93, 0x21, 0x93, 0x21, 0x93, 0x21, 0x93, 0x21, 0x93, 0x21, 0x93, 0x21, 0x93, 0x21, 0x93, 0x21, 0x93, 0x21, 0x93, 0x21, 0x93, 0x21, 0x93, 0x21, 0x93, 0x21, 0x93, 0x21, 0x93, 0x21, 0x93, 0x21,
  0x93, 0x21, 0x93, 0x21, 0x93, 0x21, 0x93, 0x21, 0x93, 0x21, 0x93, 0x21, 0x93, 0x21, 0x93, 0x21, 0x93, 0x21, 0x93, 0x21, 0x93, 0x21, 0x93, 0x21, 0x93, 0x21, 0x93, 0x21, 0x93, 0x21, 0x93, 0x21,
  0x93, 0x21, 0x93, 0x21, 0x93, 0x21, 0x93, 0x21, 0x93, 0x21, 0x93, 0x21, 0x93, 0x21, 0x93, 0x21, 0x93, 0x21, 0x93, 0x21, 0x93, 0x21, 0x93, 0x21, 0x93, 0x21, 0x93, 0x21, 0x93, 0x21, 0x93, 0x21,
  0x93, 0x21, 0x93, 0x21, 0x93, 0x21, 0x93, 0x21, 0x93, 0x21, 0x93, 0x21, 0x93, 0x21, 0x93, 0x21, 0x93, 0x21, 0x93, 0x21, 0x93, 0x21, 0x93, 0x21, 0x93, 0x21, 0x93, 0x21, 0x93, 0x21, 0x93, 0x21,
  0x93, 0x21, 0x93, 0x21, 0x93, 0x21, 0x93, 0x21, 0x93, 0x21, 0x93, 0x21, 0x93, 0x21, 0x93, 0x21, 0x93, 0x21, 0x93, 0x21, 0x93, 0x21, 0x93, 0x21, 0x93, 0x21, 0x93, 0x21, 0x93, 0x21, 0x93, 0x21,
  0x93, 0x21, 0x93, 0x21, 0x93, 0x21, 0x93, 0x21, 0x93, 0x21, 0x93, 0x21, 0x93, 0x21, 0x93, 0x21, 0x93, 0x21, 0x93, 0x21, 0x93, 0x21, 0x93, 0x21, 0x93, 0x21, 0x93, 0x21, 0x93, 0x21, 0x93, 0x21,
  0x93, 0x21, 0x93, 0x21, 0x93, 0x21, 0x93, 0x21, 0x93, 0x21, 0x93, 0x21, 0x93, 0x21, 0x93, 0x21, 0x93, 0x21, 0x93, 0x21, 0x93, 0x21, 0x93, 0x21, 0x93, 0x21, 0x93, 0x21, 0x93, 0x21, 0x93, 0x21,
  0x93, 0x21, 0x93, 0x21, 0x93, 0x21, 0x93, 0x21, 0x93, 0x21, 0x93, 0x21, 0x93, 0x21, 0x93, 0x21, 0x93, 0x21, 0x93, 0x21, 0x93, 0x21, 0x93, 0x21, 0x93, 0x21, 0x93, 0x21, 0x93, 0x21, 0x93, 0x21,
  0x93, 0x21, 0x93, 0x21, 0x93, 0x21, 0x93, 0x21, 0x93, 0x21, 0x93, 0x21, 0x93, 0x21, 0x93, 0x21, 0x93, 0x21, 0x93, 0x21, 0x93, 0x21, 0x93, 0x21, 0x93, 0x21, 0x93, 0x21, 0x93, 0x21, 0xb3, 0x21,
  0x9c, 0x2a, 0x9c, 0x2a, 0x9d, 0x2a, 0xd6, 0x21, 0x63, 0x09, 0xfe, 0x37, 0xdb, 0x37, 0xdb, 0x37, 0xdb, 0x37, 0xdb, 0x37, 0xdb, 0x37, 0xdb, 0x37, 0xdb, 0x37, 0xdb, 0x37, 0xdb, 0x37, 0xdb, 0x37,
  0xdb, 0x37, 0xdb, 0x37, 0xdb, 0x37, 0xdb, 0x37, 0xdb, 0x37, 0xdb, 0x37, 0xdb, 0x37, 0xdb, 0x37, 0xfb, 0x37, 0xfc, 0x37, 0xba, 0x37, 0x39, 0x2f, 0x39, 0x2f, 0x39, 0x2f, 0xbb, 0x37, 0xfc, 0x37,
  0xfc, 0x37, 0xdb, 0x37, 0xdb, 0x37, 0xdb, 0x37, 0xdb, 0x37, 0xdb, 0x37, 0xdb, 0x37, 0xdb, 0x37, 0xdb, 0x37, 0xdb, 0x37, 0xdb, 0x37, 0xdb, 0x37, 0xdb, 0x37, 0xdb, 0x37, 0xdb, 0x37, 0xdb, 0x37,
  0xdb, 0x37, 0xdb, 0x37, 0xdb, 0x37, 0xdb, 0x37, 0xdb, 0x37, 0xdb, 0x37, 0xfb, 0x37, 0x39, 0x2f, 0x24, 0x11, 0x30, 0x9d, 0xfa, 0xef, 0xd9, 0xe7, 0xf9, 0xe7, 0xf6, 0xc6, 0x00, 0x00, 0x00, 0x00,
  0x00, 0x00, 0xe4, 0x20, 0x86, 0x31, 0x41, 0x08, 0x00, 0x00, 0x00, 0x00, 0x00, 0x00, 0x20, 0x00, 0x04, 0x21, 0x65, 0x29, 0x82, 0x10, 0xc7, 0x39, 0xa2, 0x10, 0x00, 0x00, 0x00, 0x00, 0x00, 0x00,
  0x85, 0x29, 0xb5, 0xbe, 0xf9, 0xdf, 0xb9, 0xdf, 0xb9, 0xdf, 0xb9, 0xdf, 0xb9, 0xd7, 0xb9, 0xd7, 0xb9, 0xd7, 0xb9, 0xd7, 0xb9, 0xd7, 0xb9, 0xd7, 0xb9, 0xd7, 0xb9, 0xd7, 0xb9, 0xd7, 0xb9, 0xd7,
  0x99, 0xd7, 0x99, 0xd7, 0xb9, 0xd7, 0xb9, 0xd7, 0x99, 0xd7, 0x99, 0xd7, 0x99, 0xd7, 0x99, 0xd7, 0x99, 0xd7, 0x99, 0xcf, 0x99, 0xcf, 0x99, 0xcf, 0x99, 0xcf, 0x99, 0xcf, 0x99, 0xcf, 0x99, 0xcf,
  0x99, 0xcf, 0x99, 0xcf, 0x7a, 0xcf, 0x7a, 0xcf, 0x9a, 0xcf, 0x99, 0xcf, 0x79, 0xcf, 0x7a, 0xcf, 0x7a, 0xcf, 0x7a, 0xcf, 0x7a, 0xcf, 0x7a, 0xc7, 0x7a, 0xc7, 0x7a, 0xc7, 0x7a, 0xc7, 0x7a, 0xc7,
  0x7a, 0xc7, 0x7a, 0xc7, 0x7a, 0xc7, 0x5a, 0xc7, 0x5a, 0xc7, 0x5a, 0xc7, 0x5a, 0xc7, 0x5a, 0xc7, 0x5a, 0xc7, 0x5a, 0xc7, 0x5a, 0xc7, 0x5a, 0xc7, 0x5a, 0xbf, 0x5a, 0xbf, 0x5a, 0xbf, 0x5a, 0xbf,
  0x5a, 0xbf, 0x5a, 0xbf, 0x3a, 0xbf, 0x3a, 0xbf, 0x3a, 0xbf, 0x3a, 0xbf, 0x3a, 0xbf, 0x3a, 0xbf, 0x3a, 0xbf, 0x3a, 0xbf, 0x3a, 0xbf, 0x3a, 0xb7, 0x3a, 0xb7, 0x3a, 0xb7, 0x3a, 0xb7, 0x3a, 0xb7,
  0x3b, 0xb7, 0x1a, 0xb7, 0x1a, 0xb7, 0x1b, 0xb7, 0x1b, 0xb7, 0x1b, 0xb7, 0x1b, 0xb7, 0x7c, 0xbf, 0x4c, 0x63, 0x2e, 0x24, 0xfc, 0x37, 0xdb, 0x37, 0xfb, 0x37, 0x18, 0x2f, 0x2b, 0x13, 0x6f, 0x19,
  0xb3, 0x21, 0xb3, 0x21, 0xb3, 0x21, 0xb3, 0x21, 0xb3, 0x21, 0xb3, 0x21, 0xb3, 0x21, 0xb3, 0x21, 0xb3, 0x21, 0xb3, 0x21, 0xb3, 0x21, 0xb3, 0x21, 0xb3, 0x21, 0xb3, 0x21, 0xb3, 0x21, 0xb3, 0x21,
  0xb3, 0x21, 0xb3, 0x21, 0xb3, 0x21, 0xb3, 0x21, 0xb3, 0x21, 0xb3, 0x21, 0xb3, 0x21, 0xb3, 0x21, 0xb3, 0x21, 0xb3, 0x21, 0xb3, 0x21, 0xb3, 0x21, 0xb3, 0x21, 0xb3, 0x21, 0xb3, 0x21, 0xb3, 0x21,
  0xb3, 0x21, 0xb3, 0x21, 0xb3, 0x21, 0xb3, 0x21, 0xb3, 0x21, 0xb3, 0x21, 0xb3, 0x21, 0xb3, 0x21, 0xb3, 0x21, 0xb3, 0x21, 0xb3, 0x21, 0xb3, 0x21, 0xb3, 0x21, 0xb3, 0x21, 0xb3, 0x21, 0xb3, 0x21,
  0xb3, 0x21, 0xb3, 0x21, 0xb3, 0x21, 0xb3, 0x21, 0xb3, 0x21, 0xb3, 0x21, 0xb3, 0x21, 0xb3, 0x21, 0xb3, 0x21, 0xb3, 0x21, 0xb3, 0x21, 0xb3, 0x21, 0xb3, 0x21, 0xb3, 0x21, 0xb3, 0x21, 0xb3, 0x21,
  0xb3, 0x21, 0xb3, 0x21, 0xb3, 0x21, 0xb3, 0x21, 0xb3, 0x21, 0xb3, 0x21, 0xb3, 0x21, 0xb3, 0x21, 0xb3, 0x21, 0xb3, 0x21, 0xb3, 0x21, 0xb3, 0x21, 0xb3, 0x21, 0xb3, 0x21, 0xb3, 0x21, 0xb3, 0x21,
  0xb3, 0x21, 0xb3, 0x21, 0xb3, 0x21, 0xb3, 0x21, 0xb3, 0x21, 0xb3, 0x21, 0xb3, 0x21, 0xb3, 0x21, 0xb3, 0x21, 0xb3, 0x21, 0xb3, 0x21, 0xb3, 0x21, 0xb3, 0x21, 0xb3, 0x21, 0xb3, 0x21, 0xb3, 0x21,
  0xb3, 0x21, 0xb3, 0x21, 0xb3, 0x21, 0xb3, 0x21, 0xb3, 0x21, 0xb3, 0x21, 0xb3, 0x21, 0xb3, 0x21, 0xb3, 0x21, 0xb3, 0x21, 0xb3, 0x21, 0xb3, 0x21, 0xb3, 0x21, 0xb3, 0x21, 0xb3, 0x21, 0xb3, 0x21,
  0xb3, 0x21, 0xb3, 0x21, 0xb3, 0x21, 0xb3, 0x21, 0xb3, 0x21, 0xb3, 0x21, 0xb3, 0x21, 0xb3, 0x21, 0xb3, 0x21, 0xb3, 0x21, 0xb3, 0x21, 0xb3, 0x21, 0xb3, 0x21, 0xb3, 0x21, 0xb3, 0x21, 0xb3, 0x21,
  0xb3, 0x21, 0xb3, 0x21, 0xb3, 0x21, 0xb3, 0x21, 0xb3, 0x21, 0xb3, 0x21, 0xb3, 0x21, 0xb3, 0x21, 0xb3, 0x21, 0xb3, 0x21, 0xb3, 0x21, 0xb3, 0x21, 0xb3, 0x21, 0xb3, 0x21, 0xb3, 0x21, 0xb3, 0x21,
  0x7c, 0x2a, 0x7c, 0x2a, 0x9d, 0x2a, 0xd6, 0x21, 0x63, 0x09, 0xfe, 0x37, 0xdb, 0x37, 0xdb, 0x37, 0xdb, 0x37, 0xdb, 0x37, 0xdb, 0x37, 0xdb, 0x37, 0xdb, 0x37, 0xdb, 0x37, 0xdb, 0x37, 0xdb, 0x37,
  0xdb, 0x37, 0xdb, 0x37, 0xdb, 0x37, 0xdb, 0x37, 0xdb, 0x37, 0xdb, 0x37, 0xdb, 0x37, 0xfb, 0x37, 0x39, 0x2f, 0x56, 0x2e, 0x6f, 0x1c, 0xa9, 0x12, 0xca, 0x12, 0xca, 0x12, 0xb0, 0x24, 0x15, 0x2e,
  0x18, 0x2f, 0xfc, 0x37, 0xdb, 0x37, 0xdb, 0x37, 0xdb, 0x37, 0xdb, 0x37, 0xdb, 0x37, 0xdb, 0x37, 0xdb, 0x37, 0xdb, 0x37, 0xdb, 0x37, 0xdb, 0x37, 0xdb, 0x37, 0xdb, 0x37, 0xdb, 0x37, 0xdb, 0x37,
  0xdb, 0x37, 0xdb, 0x37, 0xdb, 0x37, 0xdb, 0x37, 0xdb, 0x37, 0xdb, 0x37, 0xfb, 0x37, 0x39, 0x2f, 0x24, 0x11, 0x30, 0x9d, 0xfa, 0xef, 0xd9, 0xe7, 0xf9, 0xe7, 0xf6, 0xc6, 0x00, 0x00, 0x00, 0x00,
  0x41, 0x08, 0x10, 0x84, 0xff, 0xff, 0x8a, 0x52, 0x00, 0x00, 0x00, 0x00, 0x00, 0x00, 0xc3, 0x18, 0x79, 0xce, 0xbb, 0xde, 0x08, 0x42, 0x1c, 0xe7, 0x6a, 0x52, 0x00, 0x00, 0x00, 0x00, 0x00, 0x00,
  0x85, 0x29, 0xb5, 0xbe, 0xf9, 0xdf, 0xb9, 0xdf, 0xb9, 0xd7, 0xb9, 0xd7, 0xb9, 0xd7, 0xb9, 0xd7, 0xb9, 0xd7, 0xb9, 0xd7, 0xb9, 0xd7, 0xb9, 0xd7, 0xb9, 0xd7, 0xb9, 0xd7, 0x99, 0xd7, 0x99, 0xd7,
  0xb9, 0xd7, 0xb9, 0xd7, 0x99, 0xd7, 0x99, 0xd7, 0x99, 0xd7, 0x99, 0xd7, 0x99, 0xd7, 0x99, 0xcf, 0x99, 0xcf, 0x99, 0xcf, 0x99, 0xcf, 0x99, 0xcf, 0x99, 0xcf, 0x99, 0xcf, 0x99, 0xcf, 0x99, 0xcf,
  0x7a, 0xcf, 0x7a, 0xcf, 0x9a, 0xcf, 0x99, 0xcf, 0x79, 0xcf, 0x7a, 0xcf, 0x7a, 0xcf, 0x7a, 0xcf, 0x7a, 0xcf, 0x7a, 0xc7, 0x7a, 0xc7, 0x7a, 0xc7, 0x7a, 0xc7, 0x7a, 0xc7, 0x7a, 0xc7, 0x7a, 0xc7,
  0x7a, 0xc7, 0x5a, 0xc7, 0x5a, 0xc7, 0x5a, 0xc7, 0x5a, 0xc7, 0x5a, 0xc7, 0x5a, 0xc7, 0x5a, 0xc7, 0x5a, 0xc7, 0x5a, 0xc7, 0x5a, 0xbf, 0x5a, 0xbf, 0x5a, 0xbf, 0x5a, 0xbf, 0x5a, 0xbf, 0x5a, 0xbf,
  0x5a, 0xbf, 0x3a, 0xbf, 0x5a, 0xbf, 0x3a, 0xbf, 0x3a, 0xbf, 0x3a, 0xbf, 0x3a, 0xbf, 0x3a, 0xbf, 0x3a, 0xbf, 0x3a, 0xb7, 0x3a, 0xb7, 0x3a, 0xb7, 0x3a, 0xb7, 0x3a, 0xb7, 0x3a, 0xb7, 0x3b, 0xb7,
  0x1a, 0xb7, 0x1b, 0xb7, 0x1b, 0xb7, 0x1b, 0xb7, 0x1b, 0xb7, 0x1b, 0xb7, 0x1b, 0xb7, 0x7c, 0xbf, 0x4c, 0x63, 0x2e, 0x24, 0xfc, 0x37, 0xdb, 0x37, 0xfb, 0x37, 0x18, 0x2f, 0x2b, 0x13, 0x6f, 0x19,
  0xb3, 0x19, 0xb3, 0x19, 0xb3, 0x19, 0xb3, 0x19, 0xb3, 0x19, 0xb3, 0x19, 0xb3, 0x19, 0xb3, 0x19, 0xb3, 0x19, 0xb3, 0x19, 0xb3, 0x19, 0xb3, 0x19, 0xb3, 0x19, 0xb3, 0x19, 0xb3, 0x19, 0xb3, 0x19,
  0xb3, 0x19, 0xb3, 0x19, 0xb3, 0x19, 0xb3, 0x19, 0xb3, 0x19, 0xb3, 0x19, 0xb3, 0x19, 0xb3, 0x19, 0xb3, 0x19, 0xb3, 0x19, 0xb3, 0x19, 0xb3, 0x19, 0xb3, 0x19, 0xb3, 0x19, 0xb3, 0x19, 0xb3, 0x19,
  0xb3, 0x19, 0xb3, 0x19, 0x74, 0x32, 0xdb, 0xb5, 0x9e, 0xef, 0xdf, 0xf7, 0x3e, 0xdf, 0x3a, 0x9d, 0xf3, 0x21, 0xb3, 0x19, 0x3c, 0xbe, 0xff, 0xff, 0xff, 0xff, 0xff, 0xff, 0xff, 0xff, 0xff, 0xff,
  0xff, 0xff, 0xfb, 0xb5, 0xb3, 0x19, 0xb3, 0x19, 0xb3, 0x19, 0x3a, 0x9d, 0xff, 0xff, 0xbd, 0xce, 0xb3, 0x19, 0xb3, 0x19, 0xb3, 0x19, 0x3c, 0xbe, 0xff, 0xff, 0x98, 0x84, 0xb3, 0x19, 0xb3, 0x19,
  0xb3, 0x19, 0x7c, 0xc6, 0xff, 0xff, 0x38, 0x74, 0xb3, 0x19, 0xb3, 0x19, 0xb3, 0x19, 0xb3, 0x19, 0xb3, 0x19, 0xb3, 0x19, 0x76, 0x5b, 0x7c, 0xc6, 0xbe, 0xf7, 0xbf, 0xf7, 0x9c, 0xce, 0xd7, 0x63,
  0xb3, 0x19, 0xb3, 0x19, 0xf4, 0x21, 0xff, 0xff, 0xff, 0xff, 0xff, 0xff, 0xff, 0xff, 0xbe, 0xf7, 0x1b, 0xbe, 0x54, 0x32, 0xb3, 0x19, 0xf4, 0x21, 0xff, 0xff, 0xff, 0xff, 0xff, 0xff, 0xff, 0xff,
  0xff, 0xff, 0xff, 0xff, 0xfd, 0xde, 0xb3, 0x19, 0xd3, 0x21, 0xff, 0xff, 0xbf, 0xf7, 0x74, 0x32, 0xb3, 0x19, 0xb3, 0x19, 0x38, 0x74, 0xff, 0xff, 0xd7, 0x6b, 0xb3, 0x19, 0xb3, 0x19, 0xb3, 0x19,
  0xb3, 0x19, 0xb3, 0x19, 0xb3, 0x19, 0xb3, 0x19, 0xb3, 0x19, 0xb3, 0x19, 0xb3, 0x19, 0xb3, 0x19, 0xb3, 0x19, 0xb3, 0x19, 0xb3, 0x19, 0xb3, 0x19, 0xb3, 0x19, 0xb3, 0x19, 0xb3, 0x19, 0xb3, 0x19,
  0xb3, 0x19, 0xb3, 0x19, 0xb3, 0x19, 0xb3, 0x19, 0xb3, 0x19, 0xb3, 0x19, 0xb3, 0x19, 0xb3, 0x19, 0xb3, 0x19, 0xb3, 0x19, 0xb3, 0x19, 0xb3, 0x19, 0xb3, 0x19, 0xb3, 0x19, 0xb3, 0x19, 0xb3, 0x19,
  0x7c, 0x2a, 0x7c, 0x2a, 0x9d, 0x2a, 0xd5, 0x21, 0x63, 0x09, 0xfe, 0x37, 0xdb, 0x37, 0xdb, 0x37, 0xdb, 0x37, 0xdb, 0x37, 0xdb, 0x37, 0xdb, 0x37, 0xdb, 0x37, 0xdb, 0x37, 0xdb, 0x37, 0xdb, 0x37,
  0xdb, 0x37, 0xdb, 0x37, 0xdb, 0x37, 0xdb, 0x37, 0xdb, 0x37, 0xdb, 0x37, 0xfb, 0x37, 0xfb, 0x37, 0x0a, 0x13, 0x00, 0x00, 0x00, 0x00, 0x00, 0x00, 0x00, 0x00, 0x00, 0x00, 0x00, 0x00, 0x00, 0x00,
  0x48, 0x12, 0xba, 0x37, 0xfb, 0x37, 0xdb, 0x37, 0xdb, 0x37, 0xfc, 0x37, 0xfc, 0x37, 0xfb, 0x37, 0xdb, 0x37, 0xdb, 0x37, 0xdb, 0x37, 0xdb, 0x37, 0xdb, 0x37, 0xdb, 0x37, 0xdb, 0x37, 0xdb, 0x37,
  0xdb, 0x37, 0xdb, 0x37, 0xdb, 0x37, 0xdb, 0x37, 0xdb, 0x37, 0xdb, 0x37, 0xfb, 0x37, 0x39, 0x2f, 0x24, 0x11, 0x30, 0x9d, 0xfa, 0xef, 0xd9, 0xdf, 0xf9, 0xe7, 0xf6, 0xc6, 0x00, 0x00, 0x00, 0x00,
  0x00, 0x00, 0xc3, 0x18, 0xbe, 0xf7, 0x14, 0xa5, 0x00, 0x00, 0x00, 0x00, 0x00, 0x00, 0xc7, 0x39, 0xff, 0xff, 0x2d, 0x6b, 0x00, 0x00, 0x00, 0x00, 0x00, 0x00, 0x00, 0x00, 0x00, 0x00, 0x00, 0x00,
  0x85, 0x29, 0xb5, 0xbe, 0xda, 0xdf, 0xb9, 0xd7, 0xb9, 0xd7, 0xb9, 0xd7, 0xb9, 0xd7, 0xb9, 0xd7, 0xb9, 0xd7, 0xb9, 0xd7, 0xb9, 0xd7, 0xb9, 0xd7, 0xb9, 0xd7, 0x99, 0xd7, 0xb9, 0xd7, 0xb9, 0xd7,
  0x99, 0xd7, 0x99, 0xd7, 0x99, 0xd7, 0x99, 0xd7, 0x99, 0xd7, 0x99, 0xd7, 0x99, 0xcf, 0x99, 0xcf, 0x99, 0xcf, 0x99, 0xcf, 0x99, 0xcf, 0x99, 0xcf, 0x99, 0xcf, 0x99, 0xcf, 0x99, 0xcf, 0x7a, 0xcf,
  0x9a, 0xcf, 0x9a, 0xcf, 0x79, 0xcf, 0x7a, 0xcf, 0x7a, 0xcf, 0x7a, 0xcf, 0x7a, 0xcf, 0x7a, 0xcf, 0x7a, 0xc7, 0x7a, 0xc7, 0x7a, 0xc7, 0x7a, 0xc7, 0x7a, 0xc7, 0x7a, 0xc7, 0x7a, 0xc7, 0x5a, 0xc7,
  0x5a, 0xc7, 0x5a, 0xc7, 0x5a, 0xc7, 0x5a, 0xc7, 0x5a, 0xc7, 0x5a, 0xc7, 0x5a, 0xc7, 0x5a, 0xc7, 0x5a, 0xbf, 0x5a, 0xbf, 0x5a, 0xbf, 0x5a, 0xbf, 0x5a, 0xbf, 0x5a, 0xbf, 0x5a, 0xbf, 0x3a, 0xbf,
  0x3a, 0xbf, 0x3a, 0xbf, 0x3a, 0xbf, 0x3a, 0xbf, 0x3a, 0xbf, 0x3a, 0xbf, 0x3a, 0xbf, 0x3a, 0xbf, 0x3a, 0xb7, 0x3a, 0xb7, 0x3a, 0xb7, 0x3a, 0xb7, 0x3a, 0xb7, 0x3b, 0xb7, 0x1b, 0xb7, 0x1a, 0xb7,
  0x1b, 0xb7, 0x1b, 0xb7, 0x1b, 0xb7, 0x1b, 0xb7, 0x1b, 0xb7, 0x1b, 0xaf, 0x1b, 0xaf, 0x7c, 0xb7, 0x2c, 0x63, 0x2e, 0x24, 0xfc, 0x37, 0xdb, 0x37, 0xfb, 0x37, 0x18, 0x2f, 0x2b, 0x13, 0x6f, 0x19,
  0xb2, 0x21, 0xb2, 0x21, 0xb2, 0x21, 0xb2, 0x21, 0xb2, 0x21, 0xb2, 0x21, 0xb2, 0x21, 0xb2, 0x21, 0xb2, 0x21, 0xb2, 0x21, 0xb2, 0x21, 0xb2, 0x21, 0xb2, 0x21, 0xb2, 0x21, 0xb2, 0x21, 0xb2, 0x21,
  0xb2, 0x21, 0xb2, 0x21, 0xb2, 0x21, 0xb2, 0x21, 0xb2, 0x21, 0xb2, 0x21, 0xb2, 0x21, 0xb2, 0x21, 0xb2, 0x21, 0xb2, 0x21, 0xb2, 0x21, 0xb2, 0x21, 0xb2, 0x21, 0xb2, 0x21, 0xb2, 0x21, 0xb2, 0x21,
  0xb2, 0x21, 0xb2, 0x21, 0xdd, 0xd6, 0xfd, 0xde, 0x94, 0x42, 0xd2, 0x29, 0x78, 0x84, 0xff, 0xff, 0x7a, 0xa5, 0xb2, 0x21, 0xb2, 0x21, 0xb2, 0x21, 0xb2, 0x21, 0xbe, 0xf7, 0x7e, 0xef, 0xb2, 0x21,
  0xb2, 0x21, 0xb2, 0x21, 0xb2, 0x21, 0xb2, 0x21, 0xb2, 0x21, 0x5e, 0xe7, 0xff, 0xff, 0xff, 0xff, 0xb4, 0x4a, 0xb2, 0x21, 0xb2, 0x21, 0xb4, 0x42, 0xdf, 0xff, 0x9e, 0xef, 0x13, 0x32, 0xb2, 0x21,
  0x96, 0x63, 0xff, 0xff, 0xbc, 0xd6, 0xb2, 0x21, 0xb2, 0x21, 0xb2, 0x21, 0xb2, 0x21, 0xb2, 0x21, 0xb2, 0x21, 0x76, 0x63, 0xff, 0xff, 0x3b, 0xbe, 0x94, 0x42, 0x53, 0x3a, 0x5a, 0xa5, 0xff, 0xff,
  0x98, 0x8c, 0xb2, 0x21, 0xf3, 0x29, 0xff, 0xff, 0xfd, 0xde, 0xb2, 0x21, 0xd2, 0x29, 0x37, 0x7c, 0xff, 0xff, 0x3b, 0xc6, 0xb2, 0x21, 0xf3, 0x29, 0xff, 0xff, 0xfd, 0xde, 0xb2, 0x21, 0xb2, 0x21,
  0xb2, 0x21, 0xb2, 0x21, 0xb2, 0x21, 0xb2, 0x21, 0xd2, 0x29, 0xff, 0xff, 0xff, 0xff, 0xba, 0xad, 0xb2, 0x21, 0xb2, 0x21, 0x37, 0x7c, 0xff, 0xff, 0xd6, 0x6b, 0xb2, 0x21, 0xb2, 0x21, 0xb2, 0x21,
  0xb2, 0x21, 0xb2, 0x21, 0xb2, 0x21, 0xb2, 0x21, 0xb2, 0x21, 0xb2, 0x21, 0xb2, 0x21, 0xb2, 0x21, 0xb2, 0x21, 0xb2, 0x21, 0xb2, 0x21, 0xb2, 0x21, 0xb2, 0x21, 0xb2, 0x21, 0xb2, 0x21, 0xb2, 0x21,
  0xb2, 0x21, 0xb2, 0x21, 0xb2, 0x21, 0xb2, 0x21, 0xb2, 0x21, 0xb2, 0x21, 0xb2, 0x21, 0xb2, 0x21, 0xb2, 0x21, 0xb2, 0x21, 0xb2, 0x21, 0xb2, 0x21, 0xb2, 0x21, 0xb2, 0x21, 0xb2, 0x21, 0x92, 0x21,
  0x7c, 0x2a, 0x7c, 0x2a, 0x9c, 0x2a, 0xd5, 0x21, 0x63, 0x09, 0xfe, 0x37, 0xdb, 0x37, 0xdb, 0x37, 0xdb, 0x37, 0xdb, 0x37, 0xdb, 0x37, 0xdb, 0x37, 0xdb, 0x37, 0xdb, 0x37, 0xdb, 0x37, 0xdb, 0x37,
  0xdb, 0x37, 0xdb, 0x37, 0xdb, 0x37, 0xdb, 0x37, 0xdb, 0x37, 0xdb, 0x37, 0xfb, 0x37, 0xfc, 0x37, 0x82, 0x00, 0x00, 0x00, 0x00, 0x00, 0x00, 0x00, 0x00, 0x00, 0x00, 0x00, 0x00, 0x00, 0x00, 0x00,
  0x00, 0x00, 0x0e, 0x1c, 0xfd, 0x37, 0xfb, 0x37, 0xfb, 0x37, 0x56, 0x2e, 0x35, 0x2e, 0x39, 0x2f, 0xfc, 0x37, 0xdb, 0x37, 0xdb, 0x37, 0xdb, 0x37, 0xdb, 0x37, 0xdb, 0x37, 0xdb, 0x37, 0xdb, 0x37,
  0xdb, 0x37, 0xdb, 0x37, 0xdb, 0x37, 0xdb, 0x37, 0xdb, 0x37, 0xdb, 0x37, 0xfb, 0x37, 0x39, 0x2f, 0x24, 0x11, 0x30, 0x9d, 0xfa, 0xef, 0xd9, 0xdf, 0xf9, 0xe7, 0xf6, 0xc6, 0x00, 0x00, 0x00, 0x00,
  0x00, 0x00, 0x82, 0x10, 0x55, 0xad, 0x3c, 0xe7, 0x00, 0x00, 0x00, 0x00, 0x41, 0x08, 0x10, 0x84, 0x9e, 0xf7, 0x04, 0x21, 0x61, 0x08, 0xc7, 0x39, 0x82, 0x10, 0x00, 0x00, 0x00, 0x00, 0x00, 0x00,
  0x65, 0x29, 0xb6, 0xbe, 0xda, 0xdf, 0xb9, 0xd7, 0xb9, 0xd7, 0xb9, 0xd7, 0xb9, 0xd7, 0xb9, 0xd7, 0xb9, 0xd7, 0xb9, 0xd7, 0xb9, 0xd7, 0x99, 0xd7, 0x99, 0xd7, 0xb9, 0xd7, 0x99, 0xd7, 0x99, 0xd7,
  0x99, 0xd7, 0x99, 0xd7, 0x99, 0xd7, 0x99, 0xd7, 0x99, 0xcf, 0x99, 0xcf, 0x99, 0xcf, 0x99, 0xcf, 0x99, 0xcf, 0x99, 0xcf, 0x99, 0xcf, 0x99, 0xcf, 0x99, 0xcf, 0x7a, 0xcf, 0x7a, 0xcf, 0x9a, 0xcf,
  0x79, 0xcf, 0x79, 0xcf, 0x7a, 0xcf, 0x7a, 0xcf, 0x7a, 0xcf, 0x7a, 0xcf, 0x7a, 0xc7, 0x7a, 0xc7, 0x7a, 0xc7, 0x7a, 0xc7, 0x7a, 0xc7, 0x7a, 0xc7, 0x7a, 0xc7, 0x7a, 0xc7, 0x5a, 0xc7, 0x7a, 0xc7,
  0x5a, 0xc7, 0x5a, 0xc7, 0x5a, 0xc7, 0x5a, 0xc7, 0x5a, 0xc7, 0x5a, 0xc7, 0x5a, 0xc7, 0x5a, 0xbf, 0x5a, 0xbf, 0x5a, 0xbf, 0x5a, 0xbf, 0x5a, 0xbf, 0x5a, 0xbf, 0x3a, 0xbf, 0x3a, 0xbf, 0x3a, 0xbf,
  0x3a, 0xbf, 0x3a, 0xbf, 0x3a, 0xbf, 0x3a, 0xbf, 0x3a, 0xbf, 0x3a, 0xbf, 0x3a, 0xb7, 0x3a, 0xb7, 0x3a, 0xb7, 0x3a, 0xb7, 0x3a, 0xb7, 0x3b, 0xb7, 0x1b, 0xb7, 0x1a, 0xb7, 0x1a, 0xb7, 0x1b, 0xb7,
  0x1b, 0xb7, 0x1b, 0xb7, 0x1b, 0xb7, 0x1b, 0xaf, 0x1b, 0xaf, 0x1b, 0xaf, 0x1b, 0xaf, 0x7c, 0xb7, 0x2c, 0x63, 0x2e, 0x24, 0xfc, 0x37, 0xdb, 0x37, 0xfb, 0x37, 0x18, 0x2f, 0x2b, 0x13, 0x6f, 0x19,
  0x92, 0x21, 0x92, 0x21, 0x92, 0x21, 0x92, 0x21, 0x92, 0x21, 0x92, 0x21, 0x92, 0x21, 0x92, 0x21, 0x92, 0x21, 0x92, 0x21, 0x92, 0x21, 0x92, 0x21, 0x92, 0x21, 0x92, 0x21, 0x92, 0x21, 0x92, 0x21,
  0x92, 0x21, 0x92, 0x21, 0x92, 0x21, 0x92, 0x21, 0x92, 0x21, 0x92, 0x21, 0x92, 0x21, 0x92, 0x21, 0x92, 0x21, 0x92, 0x21, 0x92, 0x21, 0x92, 0x21, 0x92, 0x21, 0x92, 0x21, 0x92, 0x21, 0x92, 0x21,
  0x92, 0x21, 0x74, 0x42, 0xff, 0xff, 0x3b, 0xbe, 0x92, 0x21, 0x92, 0x21, 0x92, 0x21, 0x92, 0x21, 0x92, 0x21, 0x92, 0x21, 0x92, 0x21, 0x92, 0x21, 0x92, 0x21, 0xbe, 0xf7, 0x7e, 0xef, 0x92, 0x21,
  0x92, 0x21, 0x92, 0x21, 0x92, 0x21, 0x92, 0x21, 0x56, 0x63, 0xff, 0xff, 0x5c, 0xc6, 0xff, 0xff, 0x19, 0x9d, 0x92, 0x21, 0x92, 0x21, 0x92, 0x21, 0x19, 0x9d, 0xff, 0xff, 0x39, 0x9d, 0x92, 0x21,
  0xdd, 0xd6, 0xff, 0xff, 0xf5, 0x52, 0x92, 0x21, 0x92, 0x21, 0x92, 0x21, 0x92, 0x21, 0x92, 0x21, 0xb2, 0x29, 0x5e, 0xe7, 0x7e, 0xef, 0xd2, 0x29, 0x92, 0x21, 0x92, 0x21, 0x92, 0x21, 0xdd, 0xd6,
  0xdf, 0xff, 0x53, 0x3a, 0xd3, 0x29, 0xff, 0xff, 0xdd, 0xde, 0x92, 0x21, 0x92, 0x21, 0x92, 0x21, 0x7e, 0xef, 0xff, 0xff, 0xb2, 0x29, 0xd3, 0x29, 0xff, 0xff, 0xdd, 0xde, 0x92, 0x21, 0x92, 0x21,
  0x92, 0x21, 0x92, 0x21, 0x92, 0x21, 0x92, 0x21, 0xb2, 0x29, 0xff, 0xff, 0xff, 0xff, 0xff, 0xff, 0xf5, 0x52, 0x92, 0x21, 0x17, 0x7c, 0xff, 0xff, 0xb6, 0x6b, 0x92, 0x21, 0x92, 0x21, 0x92, 0x21,
  0x92, 0x21, 0x92, 0x21, 0x92, 0x21, 0x92, 0x21, 0x92, 0x21, 0x92, 0x21, 0x92, 0x21, 0x92, 0x21, 0x92, 0x21, 0x92, 0x21, 0x92, 0x21, 0x92, 0x21, 0x92, 0x21, 0x92, 0x21, 0x92, 0x21, 0x92, 0x21,
  0x92, 0x21, 0x92, 0x21, 0x92, 0x21, 0x92, 0x21, 0x92, 0x21, 0x92, 0x21, 0x92, 0x21, 0x92, 0x21, 0x92, 0x21, 0x92, 0x21, 0x92, 0x21, 0x92, 0x21, 0x92, 0x21, 0x92, 0x21, 0x92, 0x21, 0x92, 0x21,
  0x7c, 0x2a, 0x7c, 0x2a, 0x9c, 0x2a, 0xd5, 0x21, 0x63, 0x09, 0xfe, 0x37, 0xdb, 0x37, 0xdb, 0x37, 0xdb, 0x37, 0xdb, 0x37, 0xdb, 0x37, 0xdb, 0x37, 0xdb, 0x37, 0xdb, 0x37, 0xdb, 0x37, 0xdb, 0x37,
  0xdb, 0x37, 0xdb, 0x37, 0xdb, 0x37, 0xdb, 0x37, 0xdb, 0x37, 0xdb, 0x37, 0xfb, 0x37, 0xfc, 0x37, 0xc3, 0x08, 0x00, 0x00, 0x00, 0x00, 0x00, 0x00, 0x00, 0x00, 0x00, 0x00, 0x00, 0x00, 0x00, 0x00,
  0x00, 0x00, 0x85, 0x09, 0xfe, 0x37, 0xfb, 0x37, 0xf8, 0x2e, 0x00, 0x00, 0x00, 0x00, 0x0a, 0x13, 0xfb, 0x37, 0xfb, 0x37, 0xdb, 0x37, 0xdb, 0x37, 0xdb, 0x37, 0xdb, 0x37, 0xdb, 0x37, 0xdb, 0x37,
  0xdb, 0x37, 0xdb, 0x37, 0xdb, 0x37, 0xdb, 0x37, 0xdb, 0x37, 0xdb, 0x37, 0xfb, 0x37, 0x39, 0x2f, 0x24, 0x11, 0x30, 0x9d, 0xfa, 0xef, 0xd9, 0xdf, 0xf9, 0xe7, 0xf6, 0xc6, 0x00, 0x00, 0x00, 0x00,
  0x00, 0x00, 0x20, 0x00, 0x0c, 0x63, 0xff, 0xff, 0x69, 0x4a, 0x00, 0x00, 0xa3, 0x18, 0x38, 0xc6, 0xd7, 0xbd, 0x00, 0x00, 0xcb, 0x5a, 0xff, 0xff, 0xec, 0x62, 0x00, 0x00, 0x00, 0x00, 0x00, 0x00,
  0x65, 0x29, 0xb6, 0xbe, 0xda, 0xdf, 0xb9, 0xd7, 0xb9, 0xd7, 0xb9, 0xd7, 0xb9, 0xd7, 0xb9, 0xd7, 0xb9, 0xd7, 0x99, 0xd7, 0x99, 0xd7, 0xb9, 0xd7, 0xb9, 0xd7, 0x99, 0xd7, 0x99, 0xd7, 0x99, 0xd7,
  0x99, 0xd7, 0x99, 0xd7, 0x99, 0xcf, 0x99, 0xcf, 0x99, 0xcf, 0x99, 0xcf, 0x99, 0xcf, 0x99, 0xcf, 0x99, 0xcf, 0x99, 0xcf, 0x99, 0xcf, 0x7a, 0xcf, 0x7a, 0xcf, 0x9a, 0xcf, 0x99, 0xcf, 0x79, 0xcf,
  0x7a, 0xcf, 0x7a, 0xcf, 0x7a, 0xcf, 0x7a, 0xcf, 0x7a, 0xc7, 0x7a, 0xc7, 0x7a, 0xc7, 0x7a, 0xc7, 0x7a, 0xc7, 0x7a, 0xc7, 0x7a, 0xc7, 0x7a, 0xc7, 0x5a, 0xc7, 0x5a, 0xc7, 0x5a, 0xc7, 0x5a, 0xc7,
  0x5a, 0xc7, 0x5a, 0xc7, 0x5a, 0xc7, 0x5a, 0xc7, 0x5a, 0xc7, 0x5a, 0xbf, 0x5a, 0xbf, 0x5a, 0xbf, 0x5a, 0xbf, 0x5a, 0xbf, 0x5a, 0xbf, 0x3a, 0xbf, 0x3a, 0xbf, 0x3a, 0xbf, 0x3a, 0xbf, 0x3a, 0xbf,
  0x3a, 0xbf, 0x3a, 0xbf, 0x3a, 0xbf, 0x3a, 0xbf, 0x3a, 0xb7, 0x3a, 0xb7, 0x3a, 0xb7, 0x3a, 0xb7, 0x3a, 0xb7, 0x3b, 0xb7, 0x3b, 0xb7, 0x1a, 0xb7, 0x1a, 0xb7, 0x1b, 0xb7, 0x1b, 0xb7, 0x1b, 0xb7,
  0x1b, 0xb7, 0x1b, 0xaf, 0x1b, 0xaf, 0x1b, 0xaf, 0x1b, 0xaf, 0x1b, 0xaf, 0x1b, 0xaf, 0x7c, 0xb7, 0x2c, 0x63, 0x2e, 0x24, 0xfc, 0x37, 0xdb, 0x37, 0xfb, 0x37, 0x18, 0x2f, 0x2b, 0x13, 0x6f, 0x19,
  0x92, 0x21, 0x92, 0x21, 0x92, 0x21, 0x92, 0x21, 0x92, 0x21, 0x92, 0x21, 0x92, 0x21, 0x92, 0x21, 0x92, 0x21, 0x92, 0x21, 0x92, 0x21, 0x92, 0x21, 0x92, 0x21, 0x92, 0x21, 0x92, 0x21, 0x92, 0x21,
  0x92, 0x21, 0x92, 0x21, 0x92, 0x21, 0x92, 0x21, 0x92, 0x21, 0x92, 0x21, 0x92, 0x21, 0x92, 0x21, 0x92, 0x21, 0x92, 0x21, 0x92, 0x21, 0x92, 0x21, 0x92, 0x21, 0x92, 0x21, 0x92, 0x21, 0x92, 0x21,
  0x92, 0x21, 0xd3, 0x29, 0xdf, 0xff, 0xff, 0xff, 0xfb, 0xbd, 0x94, 0x42, 0x92, 0x21, 0x92, 0x21, 0x92, 0x21, 0x92, 0x21, 0x92, 0x21, 0x92, 0x21, 0x92, 0x21, 0xbe, 0xf7, 0x7e, 0xef, 0x92, 0x21,
  0x92, 0x21, 0x92, 0x21, 0x92, 0x21, 0x92, 0x21, 0xba, 0xb5, 0xff, 0xff, 0x35, 0x5b, 0xdf, 0xff, 0x5e, 0xe7, 0x92, 0x21, 0x92, 0x21, 0x92, 0x21, 0xf3, 0x29, 0x5e, 0xe7, 0xdf, 0xf7, 0xb8, 0x94,
  0xff, 0xff, 0x9a, 0xad, 0x92, 0x21, 0x92, 0x21, 0x92, 0x21, 0x92, 0x21, 0x92, 0x21, 0x92, 0x21, 0x36, 0x5b, 0xff, 0xff, 0x9a, 0xad, 0x92, 0x21, 0x92, 0x21, 0x92, 0x21, 0x92, 0x21, 0xb8, 0x94,
  0xff, 0xff, 0x37, 0x7c, 0xd3, 0x29, 0xff, 0xff, 0xdd, 0xde, 0x92, 0x21, 0x92, 0x21, 0x92, 0x21, 0xbe, 0xf7, 0xff, 0xff, 0xb2, 0x29, 0xd3, 0x29, 0xff, 0xff, 0xdd, 0xde, 0x92, 0x21, 0x92, 0x21,
  0x92, 0x21, 0x92, 0x21, 0x92, 0x21, 0x92, 0x21, 0xb2, 0x29, 0xff, 0xff, 0x3e, 0xe7, 0xff, 0xff, 0x7c, 0xce, 0x92, 0x21, 0x17, 0x7c, 0xff, 0xff, 0xb6, 0x6b, 0x92, 0x21, 0x92, 0x21, 0x92, 0x21,
  0x92, 0x21, 0x92, 0x21, 0x92, 0x21, 0x92, 0x21, 0x92, 0x21, 0x92, 0x21, 0x92, 0x21, 0x92, 0x21, 0x92, 0x21, 0x92, 0x21, 0x92, 0x21, 0x92, 0x21, 0x92, 0x21, 0x92, 0x21, 0x92, 0x21, 0x92, 0x21,
  0x92, 0x21, 0x92, 0x21, 0x92, 0x21, 0x92, 0x21, 0x92, 0x21, 0x92, 0x21, 0x92, 0x21, 0x92, 0x21, 0x92, 0x21, 0x92, 0x21, 0x92, 0x21, 0x92, 0x21, 0x92, 0x21, 0x92, 0x21, 0x92, 0x21, 0x92, 0x21,
  0x7c, 0x2a, 0x7c, 0x2a, 0x9c, 0x2a, 0xd5, 0x21, 0x63, 0x09, 0xfe, 0x37, 0xdb, 0x37, 0xdb, 0x37, 0xdb, 0x37, 0xdb, 0x37, 0xdb, 0x37, 0xdb, 0x37, 0xdb, 0x37, 0xdb, 0x37, 0xdb, 0x37, 0xdb, 0x37,
  0xdb, 0x37, 0xdb, 0x37, 0xdb, 0x37, 0xdb, 0x37, 0xdb, 0x37, 0xfb, 0x37, 0xfb, 0x37, 0xfc, 0x37, 0xd7, 0x2e, 0xa6, 0x09, 0x21, 0x00, 0x00, 0x00, 0x00, 0x00, 0x00, 0x00, 0x00, 0x00, 0x00, 0x00,
  0x00, 0x00, 0x41, 0x00, 0xfe, 0x3f, 0xdb, 0x37, 0xac, 0x1b, 0x00, 0x00, 0x00, 0x00, 0x00, 0x00, 0xb0, 0x1c, 0xfc, 0x37, 0xdb, 0x37, 0xdb, 0x37, 0xdb, 0x37, 0xdb, 0x37, 0xdb, 0x37, 0xdb, 0x37,
  0xdb, 0x37, 0xdb, 0x37, 0xdb, 0x37, 0xdb, 0x37, 0xdb, 0x37, 0xdb, 0x37, 0xfb, 0x37, 0x39, 0x2f, 0x24, 0x11, 0x30, 0x9d, 0xfa, 0xe7, 0xd9, 0xdf, 0xf9, 0xe7, 0xd6, 0xc6, 0x00, 0x00, 0x00, 0x00,
  0x00, 0x00, 0x00, 0x00, 0xc3, 0x18, 0x9e, 0xf7, 0xb2, 0x94, 0x00, 0x00, 0xc7, 0x39, 0xff, 0xff, 0xaa, 0x52, 0x00, 0x00, 0x8a, 0x52, 0xff, 0xff, 0xab, 0x5a, 0x00, 0x00, 0x00, 0x00, 0x00, 0x00,
  0x85, 0x29, 0x96, 0xbe, 0xda, 0xdf, 0xb9, 0xd7, 0xb9, 0xd7, 0xb9, 0xd7, 0xb9, 0xd7, 0xb9, 0xd7, 0x99, 0xd7, 0xb9, 0xd7, 0xb9, 0xd7, 0x99, 0xd7, 0x99, 0xd7, 0x99, 0xd7, 0x99, 0xd7, 0x99, 0xd7,
  0x99, 0xcf, 0x99, 0xcf, 0x99, 0xcf, 0x99, 0xcf, 0x99, 0xcf, 0x99, 0xcf, 0x99, 0xcf, 0x99, 0xcf, 0x99, 0xcf, 0x7a, 0xcf, 0x7a, 0xcf, 0x9a, 0xcf, 0x99, 0xcf, 0x79, 0xcf, 0x7a, 0xcf, 0x7a, 0xcf,
  0x7a, 0xcf, 0x7a, 0xcf, 0x7a, 0xc7, 0x7a, 0xc7, 0x7a, 0xc7, 0x7a, 0xc7, 0x7a, 0xc7, 0x7a, 0xc7, 0x7a, 0xc7, 0x7a, 0xc7, 0x5a, 0xc7, 0x5a, 0xc7, 0x5a, 0xc7, 0x5a, 0xc7, 0x5a, 0xc7, 0x5a, 0xc7,
  0x5a, 0xc7, 0x5a, 0xc7, 0x5a, 0xc7, 0x5a, 0xbf, 0x5a, 0xbf, 0x5a, 0xbf, 0x5a, 0xbf, 0x5a, 0xbf, 0x5a, 0xbf, 0x5a, 0xbf, 0x3a, 0xbf, 0x5a, 0xbf, 0x3a, 0xbf, 0x3a, 0xbf, 0x3a, 0xbf, 0x3a, 0xbf,
  0x3a, 0xbf, 0x3a, 0xbf, 0x3a, 0xbf, 0x3a, 0xb7, 0x3a, 0xb7, 0x3a, 0xb7, 0x3a, 0xb7, 0x3a, 0xb7, 0x3b, 0xb7, 0x1a, 0xb7, 0x1a, 0xb7, 0x1b, 0xb7, 0x1b, 0xb7, 0x1b, 0xb7, 0x1b, 0xb7, 0x1b, 0xb7,
  0x1b, 0xaf, 0x1b, 0xaf, 0x1b, 0xaf, 0x1b, 0xaf, 0x1b, 0xaf, 0xfb, 0xae, 0xfb, 0xae, 0x7c, 0xb7, 0x2c, 0x63, 0x2e, 0x24, 0xfc, 0x37, 0xdb, 0x37, 0xfb, 0x37, 0x18, 0x2f, 0x2b, 0x13, 0x6f, 0x19,
  0x92, 0x21, 0x92, 0x21, 0x92, 0x21, 0x92, 0x21, 0x92, 0x21, 0x92, 0x21, 0x92, 0x21, 0x92, 0x21, 0x92, 0x21, 0x92, 0x21, 0x92, 0x21, 0x92, 0x21, 0x92, 0x21, 0x92, 0x21, 0x92, 0x21, 0x92, 0x21,
  0x92, 0x21, 0x92, 0x21, 0x92, 0x21, 0x92, 0x21, 0x92, 0x21, 0x92, 0x21, 0x92, 0x21, 0x92, 0x21, 0x92, 0x21, 0x92, 0x21, 0x92, 0x21, 0x92, 0x21, 0x92, 0x21, 0x92, 0x21, 0x92, 0x21, 0x92, 0x21,
  0x92, 0x21, 0x92, 0x21, 0x78, 0x84, 0xff, 0xff, 0xff, 0xff, 0xff, 0xff, 0xdb, 0xb5, 0xb4, 0x4a, 0x92, 0x21, 0x92, 0x21, 0x92, 0x21, 0x92, 0x21, 0x92, 0x21, 0xbe, 0xf7, 0x7e, 0xef, 0x92, 0x21,
  0x92, 0x21, 0x92, 0x21, 0x92, 0x21, 0xd3, 0x29, 0xbf, 0xf7, 0xbe, 0xf7, 0xb2, 0x21, 0x7c, 0xce, 0xff, 0xff, 0x56, 0x63, 0x92, 0x21, 0x92, 0x21, 0x92, 0x21, 0xf7, 0x73, 0xff, 0xff, 0xff, 0xff,
  0x9e, 0xf7, 0x33, 0x3a, 0x92, 0x21, 0x92, 0x21, 0x92, 0x21, 0x92, 0x21, 0x92, 0x21, 0x92, 0x21, 0x17, 0x7c, 0xff, 0xff, 0xf9, 0x94, 0x92, 0x21, 0x92, 0x21, 0x92, 0x21, 0x92, 0x21, 0x17, 0x74,
  0xff, 0xff, 0x19, 0x9d, 0xd3, 0x29, 0xff, 0xff, 0xdd, 0xde, 0x92, 0x21, 0xd3, 0x29, 0x78, 0x84, 0xff, 0xff, 0x1b, 0xbe, 0x92, 0x21, 0xd3, 0x29, 0xff, 0xff, 0xff, 0xff, 0xff, 0xff, 0xff, 0xff,
  0xff, 0xff, 0xff, 0xff, 0xd9, 0x94, 0x92, 0x21, 0xb2, 0x29, 0xff, 0xff, 0x1b, 0xbe, 0xbb, 0xb5, 0xff, 0xff, 0xb6, 0x6b, 0x17, 0x7c, 0xff, 0xff, 0xb6, 0x6b, 0x92, 0x21, 0x92, 0x21, 0x92, 0x21,
  0x92, 0x21, 0x92, 0x21, 0x92, 0x21, 0x92, 0x21, 0x92, 0x21, 0x92, 0x21, 0x92, 0x21, 0x92, 0x21, 0x92, 0x21, 0x92, 0x21, 0x92, 0x21, 0x92, 0x21, 0x92, 0x21, 0x92, 0x21, 0x92, 0x21, 0x92, 0x21,
  0x92, 0x21, 0x92, 0x21, 0x92, 0x21, 0x92, 0x21, 0x92, 0x21, 0x92, 0x21, 0x92, 0x21, 0x92, 0x21, 0x92, 0x21, 0x92, 0x21, 0x92, 0x21, 0x92, 0x21, 0x92, 0x21, 0x92, 0x21, 0x92, 0x21, 0x92, 0x21,
  0x7c, 0x2a, 0x7c, 0x2a, 0x9c, 0x2a, 0xb5, 0x21, 0x63, 0x09, 0xfe, 0x37, 0xdb, 0x37, 0xdb, 0x37, 0xdb, 0x37, 0xdb, 0x37, 0xdb, 0x37, 0xdb, 0x37, 0xdb, 0x37, 0xdb, 0x37, 0xdb, 0x37, 0xdb, 0x37,
  0xdb, 0x37, 0xdb, 0x37, 0xdb, 0x37, 0xdb, 0x37, 0xfc, 0x37, 0xdb, 0x37, 0x39, 0x2f, 0xdb, 0x37, 0xfd, 0x37, 0xfc, 0x37, 0x6c, 0x1b, 0xa2, 0x00, 0x00, 0x00, 0x00, 0x00, 0x00, 0x00, 0x00, 0x00,
  0x00, 0x00, 0x27, 0x12, 0xfe, 0x37, 0xbb, 0x37, 0x65, 0x09, 0x00, 0x00, 0x00, 0x00, 0x00, 0x00, 0x20, 0x00, 0x9a, 0x37, 0xfb, 0x37, 0xdb, 0x37, 0xdb, 0x37, 0xdb, 0x37, 0xdb, 0x37, 0xdb, 0x37,
  0xdb, 0x37, 0xdb, 0x37, 0xdb, 0x37, 0xdb, 0x37, 0xdb, 0x37, 0xdb, 0x37, 0xfb, 0x37, 0x39, 0x2f, 0x24, 0x11, 0x30, 0x9d, 0xfa, 0xe7, 0xd9, 0xdf, 0xf9, 0xe7, 0xd6, 0xc6, 0x00, 0x00, 0x00, 0x00,
  0x00, 0x00, 0x00, 0x00, 0x82, 0x10, 0x55, 0xad, 0x1c, 0xe7, 0x00, 0x00, 0xef, 0x7b, 0x7d, 0xef, 0xa2, 0x10, 0x00, 0x00, 0x8a, 0x52, 0xff, 0xff, 0xab, 0x5a, 0x00, 0x00, 0x00, 0x00, 0x00, 0x00,
  0x85, 0x29, 0xb6, 0xbe, 0xda, 0xdf, 0xb9, 0xd7, 0xb9, 0xd7, 0xb9, 0xd7, 0x99, 0xd7, 0x99, 0xd7, 0xb9, 0xd7, 0x99, 0xd7, 0x99, 0xd7, 0x99, 0xd7, 0x99, 0xd7, 0x99, 0xd7, 0x99, 0xd7, 0x99, 0xcf,
  0x99, 0xcf, 0x99, 0xcf, 0x99, 0xcf, 0x99, 0xcf, 0x99, 0xcf, 0x99, 0xcf, 0x99, 0xcf, 0x99, 0xcf, 0x7a, 0xcf, 0x9a, 0xcf, 0x9a, 0xcf, 0x79, 0xcf, 0x7a, 0xcf, 0x7a, 0xcf, 0x7a, 0xcf, 0x7a, 0xcf,
  0x7a, 0xcf, 0x7a, 0xc7, 0x7a, 0xc7, 0x7a, 0xc7, 0x7a, 0xc7, 0x7a, 0xc7, 0x7a, 0xc7, 0x7a, 0xc7, 0x5a, 0xc7, 0x5a, 0xc7, 0x7a, 0xc7, 0x5a, 0xc7, 0x5a, 0xc7, 0x5a, 0xc7, 0x5a, 0xc7, 0x5a, 0xc7,
  0x5a, 0xc7, 0x5a, 0xbf, 0x5a, 0xbf, 0x5a, 0xbf, 0x5a, 0xbf, 0x5a, 0xbf, 0x5a, 0xbf, 0x5a, 0xbf, 0x3a, 0xbf, 0x3a, 0xbf, 0x3a, 0xbf, 0x3a, 0xbf, 0x3a, 0xbf, 0x3a, 0xbf, 0x3a, 0xbf, 0x3a, 0xbf,
  0x3a, 0xbf, 0x3a, 0xb7, 0x3a, 0xb7, 0x3a, 0xb7, 0x3a, 0xb7, 0x3a, 0xb7, 0x3b, 0xb7, 0x1b, 0xb7, 0x1a, 0xb7, 0x1b, 0xb7, 0x1b, 0xb7, 0x1b, 0xb7, 0x1b, 0xb7, 0x1b, 0xb7, 0x1b, 0xb7, 0x1b, 0xaf,
  0x1b, 0xaf, 0x1b, 0xaf, 0x1b, 0xaf, 0xfb, 0xae, 0xfb, 0xae, 0xfb, 0xae, 0xfb, 0xae, 0x5d, 0xb7, 0x2c, 0x63, 0x2e, 0x24, 0xfc, 0x37, 0xdb, 0x37, 0xfb, 0x37, 0x18, 0x2f, 0x2b, 0x13, 0x6e, 0x19,
  0x92, 0x21, 0x92, 0x21, 0x92, 0x21, 0x92, 0x21, 0x92, 0x21, 0x92, 0x21, 0x92, 0x21, 0x92, 0x21, 0x92, 0x21, 0x92, 0x21, 0x92, 0x21, 0x92, 0x21, 0x92, 0x21, 0x92, 0x21, 0x92, 0x21, 0x92, 0x21,
  0x92, 0x21, 0x92, 0x21, 0x92, 0x21, 0x92, 0x21, 0x92, 0x21, 0x92, 0x21, 0x92, 0x21, 0x92, 0x21, 0x92, 0x21, 0x92, 0x21, 0x92, 0x21, 0x92, 0x21, 0x92, 0x21, 0x92, 0x21, 0x92, 0x21, 0x92, 0x21,
  0x92, 0x21, 0x92, 0x21, 0x92, 0x21, 0x56, 0x63, 0xbc, 0xd6, 0xff, 0xff, 0xff, 0xff, 0xff, 0xff, 0x17, 0x74, 0x92, 0x21, 0x92, 0x21, 0x92, 0x21, 0x92, 0x21, 0xbe, 0xf7, 0x7e, 0xef, 0x92, 0x21,
  0x92, 0x21, 0x92, 0x21, 0x92, 0x21, 0xf7, 0x73, 0xff, 0xff, 0x3b, 0xbe, 0x92, 0x21, 0xd9, 0x94, 0xff, 0xff, 0xdb, 0xb5, 0x92, 0x21, 0x92, 0x21, 0x92, 0x21, 0x92, 0x21, 0x9c, 0xce, 0xff, 0xff,
  0x78, 0x84, 0x92, 0x21, 0x92, 0x21, 0x92, 0x21, 0x92, 0x21, 0x92, 0x21, 0x92, 0x21, 0x92, 0x21, 0x37, 0x7c, 0xff, 0xff, 0x19, 0x9d, 0x92, 0x21, 0x92, 0x21, 0x92, 0x21, 0x92, 0x21, 0xf7, 0x73,
  0xff, 0xff, 0x39, 0x9d, 0xd3, 0x29, 0xff, 0xff, 0xff, 0xff, 0xff, 0xff, 0xff, 0xff, 0x7e, 0xef, 0x9a, 0xad, 0x13, 0x32, 0x92, 0x21, 0xd3, 0x29, 0xff, 0xff, 0xdd, 0xde, 0x92, 0x21, 0x92, 0x21,
  0x92, 0x21, 0x92, 0x21, 0x92, 0x21, 0x92, 0x21, 0xb2, 0x29, 0xff, 0xff, 0x1b, 0xbe, 0x54, 0x3a, 0xdf, 0xf7, 0x3d, 0xe7, 0x57, 0x7c, 0xff, 0xff, 0xb6, 0x6b, 0x92, 0x21, 0x92, 0x21, 0x92, 0x21,
  0x92, 0x21, 0x92, 0x21, 0x92, 0x21, 0x92, 0x21, 0x92, 0x21, 0x92, 0x21, 0x92, 0x21, 0x92, 0x21, 0x92, 0x21, 0x92, 0x21, 0x92, 0x21, 0x92, 0x21, 0x92, 0x21, 0x92, 0x21, 0x92, 0x21, 0x92, 0x21,
  0x92, 0x21, 0x92, 0x21, 0x92, 0x21, 0x92, 0x21, 0x92, 0x21, 0x92, 0x21, 0x92, 0x21, 0x92, 0x21, 0x92, 0x21, 0x92, 0x21, 0x92, 0x21, 0x92, 0x21, 0x92, 0x21, 0x92, 0x21, 0x92, 0x21, 0x92, 0x21,
  0x7b, 0x2a, 0x7b, 0x2a, 0x9c, 0x2a, 0xb5, 0x21, 0x63, 0x09, 0xfe, 0x37, 0xdb, 0x37, 0xdb, 0x37, 0xdb, 0x37, 0xdb, 0x37, 0xdb, 0x37, 0xdb, 0x37, 0xdb, 0x37, 0xdb, 0x37, 0xdb, 0x37, 0xdb, 0x37,
  0xdb, 0x37, 0xdb, 0x37, 0xdb, 0x37, 0xfc, 0x37, 0x39, 0x2f, 0x11, 0x25, 0x0a, 0x13, 0xd0, 0x24, 0xb7, 0x2e, 0xfb, 0x37, 0xfe, 0x37, 0x72, 0x25, 0x61, 0x00, 0x00, 0x00, 0x00, 0x00, 0x00, 0x00,
  0x00, 0x00, 0x0e, 0x1c, 0xfd, 0x37, 0x96, 0x2e, 0x00, 0x00, 0x00, 0x00, 0x00, 0x00, 0x00, 0x00, 0x00, 0x00, 0xb0, 0x1c, 0xfc, 0x37, 0xdb, 0x37, 0xdb, 0x37, 0xdb, 0x37, 0xdb, 0x37, 0xdb, 0x37,
  0xdb, 0x37, 0xdb, 0x37, 0xdb, 0x37, 0xdb, 0x37, 0xdb, 0x37, 0xdb, 0x37, 0xfb, 0x37, 0x39, 0x2f, 0x24, 0x11, 0x30, 0x9d, 0xfa, 0xe7, 0xd9, 0xdf, 0xf9, 0xe7, 0xd6, 0xc6, 0x00, 0x00, 0x00, 0x00,
  0x00, 0x00, 0x00, 0x00, 0x20, 0x00, 0x0c, 0x63, 0xdf, 0xff, 0x8a, 0x52, 0xd7, 0xbd, 0x75, 0xad, 0x00, 0x00, 0x00, 0x00, 0x8a, 0x52, 0xff, 0xff, 0xab, 0x5a, 0x00, 0x00, 0x00, 0x00, 0x00, 0x00,
  0x85, 0x29, 0x96, 0xbe, 0xda, 0xdf, 0xb9, 0xd7, 0x99, 0xd7, 0x99, 0xd7, 0xb9, 0xd7, 0x99, 0xd7, 0x99, 0xd7, 0x99, 0xd7, 0x99, 0xd7, 0x99, 0xd7, 0x99, 0xd7, 0x99, 0xcf, 0x99, 0xcf, 0x99, 0xcf,
  0x99, 0xcf, 0x99, 0xcf, 0x99, 0xcf, 0x99, 0xcf, 0x99, 0xcf, 0x99, 0xcf, 0x7a, 0xcf, 0x7a, 0xcf, 0x9a, 0xcf, 0x79, 0xcf, 0x79, 0xcf, 0x7a, 0xcf, 0x7a, 0xcf, 0x7a, 0xcf, 0x7a, 0xcf, 0x7a, 0xc7,
  0x7a, 0xc7, 0x7a, 0xc7, 0x7a, 0xc7, 0x7a, 0xc7, 0x7a, 0xc7, 0x7a, 0xc7, 0x7a, 0xc7, 0x5a, 0xc7, 0x7a, 0xc7, 0x5a, 0xc7, 0x5a, 0xc7, 0x5a, 0xc7, 0x5a, 0xc7, 0x5a, 0xc7, 0x5a, 0xc7, 0x5a, 0xc7,
  0x5a, 0xbf, 0x5a, 0xbf, 0x5a, 0xbf, 0x5a, 0xbf, 0x5a, 0xbf, 0x5a, 0xbf, 0x3a, 0xbf, 0x3a, 0xbf, 0x3a, 0xbf, 0x3a, 0xbf, 0x3a, 0xbf, 0x3a, 0xbf, 0x3a, 0xbf, 0x3a, 0xbf, 0x3a, 0xbf, 0x3a, 0xb7,
  0x3a, 0xb7, 0x3a, 0xb7, 0x3a, 0xb7, 0x3a, 0xb7, 0x3b, 0xb7, 0x3b, 0xb7, 0x1a, 0xb7, 0x1a, 0xb7, 0x1b, 0xb7, 0x1b, 0xb7, 0x1b, 0xb7, 0x1b, 0xb7, 0x1b, 0xb7, 0x1b, 0xaf, 0x1b, 0xaf, 0x1b, 0xaf,
  0x1b, 0xaf, 0xfb, 0xae, 0xfb, 0xae, 0xfb, 0xae, 0xfb, 0xae, 0xfb, 0xae, 0xfb, 0xae, 0x5d, 0xb7, 0x2c, 0x63, 0x2e, 0x24, 0xfc, 0x37, 0xdb, 0x37, 0xfb, 0x37, 0x18, 0x2f, 0x2b, 0x13, 0x6e, 0x19,
  0x92, 0x21, 0x92, 0x21, 0x92, 0x21, 0x92, 0x21, 0x92, 0x21, 0x92, 0x21, 0x92, 0x21, 0x92, 0x21, 0x92, 0x21, 0x92, 0x21, 0x92, 0x21, 0x92, 0x21, 0x92, 0x21, 0x92, 0x21, 0x92, 0x21, 0x92, 0x21,
  0x92, 0x21, 0x92, 0x21, 0x92, 0x21, 0x92, 0x21, 0x92, 0x21, 0x92, 0x21, 0x92, 0x21, 0x92, 0x21, 0x92, 0x21, 0x92, 0x21, 0x92, 0x21, 0x92, 0x21, 0x92, 0x21, 0x92, 0x21, 0x92, 0x21, 0x92, 0x21,
  0x92, 0x21, 0x92, 0x21, 0x92, 0x21, 0x92, 0x21, 0x92, 0x21, 0x56, 0x63, 0x9c, 0xce, 0xff, 0xff, 0x7e, 0xef, 0x92, 0x21, 0x92, 0x21, 0x92, 0x21, 0x92, 0x21, 0xbe, 0xf7, 0x7e, 0xef, 0x92, 0x21,
  0x92, 0x21, 0x92, 0x21, 0x92, 0x21, 0x3b, 0xc6, 0xff, 0xff, 0x98, 0x8c, 0x92, 0x21, 0x35, 0x5b, 0xff, 0xff, 0xdf, 0xf7, 0xf3, 0x31, 0x92, 0x21, 0x92, 0x21, 0x92, 0x21, 0x7a, 0xad, 0xff, 0xff,
  0x36, 0x5b, 0x92, 0x21, 0x92, 0x21, 0x92, 0x21, 0x92, 0x21, 0x92, 0x21, 0x92, 0x21, 0x92, 0x21, 0x56, 0x63, 0xff, 0xff, 0xdb, 0xb5, 0x92, 0x21, 0x92, 0x21, 0x92, 0x21, 0x92, 0x21, 0xb8, 0x8c,
  0xff, 0xff, 0x57, 0x7c, 0xd3, 0x29, 0xff, 0xff, 0xdd, 0xde, 0x92, 0x21, 0x92, 0x21, 0x92, 0x21, 0x92, 0x21, 0x92, 0x21, 0x92, 0x21, 0xd3, 0x29, 0xff, 0xff, 0xdd, 0xde, 0x92, 0x21, 0x92, 0x21,
  0x92, 0x21, 0x92, 0x21, 0x92, 0x21, 0x92, 0x21, 0xb2, 0x29, 0xff, 0xff, 0x1b, 0xbe, 0x92, 0x21, 0xd9, 0x94, 0xff, 0xff, 0xfd, 0xde, 0xff, 0xff, 0xb6, 0x6b, 0x92, 0x21, 0x92, 0x21, 0x92, 0x21,
  0x92, 0x21, 0x92, 0x21, 0x92, 0x21, 0x92, 0x21, 0x92, 0x21, 0x92, 0x21, 0x92, 0x21, 0x92, 0x21, 0x92, 0x21, 0x92, 0x21, 0x92, 0x21, 0x92, 0x21, 0x92, 0x21, 0x92, 0x21, 0x92, 0x21, 0x92, 0x21,
  0x92, 0x21, 0x92, 0x21, 0x92, 0x21, 0x92, 0x21, 0x92, 0x21, 0x92, 0x21, 0x92, 0x21, 0x92, 0x21, 0x92, 0x21, 0x92, 0x21, 0x92, 0x21, 0x92, 0x21, 0x92, 0x21, 0x92, 0x21, 0x92, 0x21, 0x92, 0x21,
  0x7b, 0x2a, 0x7b, 0x2a, 0x9c, 0x2a, 0xb5, 0x21, 0x63, 0x09, 0xfe, 0x37, 0xdb, 0x37, 0xdb, 0x37, 0xdb, 0x37, 0xdb, 0x37, 0xdb, 0x37, 0xdb, 0x37, 0xdb, 0x37, 0xdb, 0x37, 0xdb, 0x37, 0xdb, 0x37,
  0xdb, 0x37, 0xdb, 0x37, 0xfc, 0x37, 0x18, 0x2f, 0xa9, 0x12, 0x00, 0x00, 0x00, 0x00, 0x00, 0x00, 0x04, 0x09, 0x11, 0x25, 0xd7, 0x2e, 0xfe, 0x37, 0x32, 0x25, 0x00, 0x00, 0x00, 0x00, 0x00, 0x00,
  0x00, 0x00, 0xf8, 0x2e, 0xfc, 0x37, 0x8c, 0x1b, 0x00, 0x00, 0x00, 0x00, 0x00, 0x00, 0x00, 0x00, 0x00, 0x00, 0x89, 0x12, 0xfd, 0x37, 0xdb, 0x37, 0xdb, 0x37, 0xdb, 0x37, 0xdb, 0x37, 0xdb, 0x37,
  0xdb, 0x37, 0xdb, 0x37, 0xdb, 0x37, 0xdb, 0x37, 0xdb, 0x37, 0xdb, 0x37, 0xfb, 0x37, 0x39, 0x2f, 0x24, 0x11, 0x30, 0x9d, 0xfa, 0xe7, 0xd9, 0xdf, 0xf9, 0xe7, 0xd6, 0xc6, 0x00, 0x00, 0x00, 0x00,
  0x00, 0x00, 0x00, 0x00, 0x00, 0x00, 0xc3, 0x18, 0x3d, 0xef, 0xb6, 0xb5, 0x9e, 0xf7, 0x8a, 0x52, 0x00, 0x00, 0x00, 0x00, 0x8a, 0x52, 0xff, 0xff, 0xab, 0x5a, 0x00, 0x00, 0x00, 0x00, 0x00, 0x00,
  0x85, 0x29, 0x96, 0xbe, 0xda, 0xdf, 0x99, 0xd7, 0xb9, 0xd7, 0xb9, 0xd7, 0x99, 0xd7, 0x99, 0xd7, 0x99, 0xd7, 0x99, 0xd7, 0x99, 0xd7, 0x99, 0xcf, 0x99, 0xcf, 0x99, 0xcf, 0x99, 0xcf, 0x99, 0xcf,
  0x99, 0xcf, 0x99, 0xcf, 0x99, 0xcf, 0x99, 0xcf, 0x7a, 0xcf, 0x7a, 0xcf, 0x9a, 0xcf, 0x99, 0xcf, 0x79, 0xcf, 0x7a, 0xcf, 0x7a, 0xcf, 0x7a, 0xcf, 0x7a, 0xcf, 0x7a, 0xc7, 0x7a, 0xc7, 0x7a, 0xc7,
  0x7a, 0xc7, 0x7a, 0xc7, 0x7a, 0xc7, 0x7a, 0xc7, 0x7a, 0xc7, 0x5a, 0xc7, 0x5a, 0xc7, 0x5a, 0xc7, 0x5a, 0xc7, 0x5a, 0xc7, 0x5a, 0xc7, 0x5a, 0xc7, 0x5a, 0xc7, 0x5a, 0xc7, 0x5a, 0xbf, 0x5a, 0xbf,
  0x5a, 0xbf, 0x5a, 0xbf, 0x5a, 0xbf, 0x5a, 0xbf, 0x3a, 0xbf, 0x3a, 0xbf, 0x3a, 0xbf, 0x3a, 0xbf, 0x3a, 0xbf, 0x3a, 0xbf, 0x3a, 0xbf, 0x3a, 0xbf, 0x3a, 0xbf, 0x3a, 0xb7, 0x3a, 0xb7, 0x3a, 0xb7,
  0x3a, 0xb7, 0x3a, 0xb7, 0x3b, 0xb7, 0x3b, 0xb7, 0x1a, 0xb7, 0x1a, 0xb7, 0x1b, 0xb7, 0x1b, 0xb7, 0x1b, 0xb7, 0x1b, 0xb7, 0x1b, 0xb7, 0x1b, 0xaf, 0x1b, 0xaf, 0x1b, 0xaf, 0x1b, 0xaf, 0x1b, 0xaf,
  0xfb, 0xae, 0x1b, 0xaf, 0xfb, 0xae, 0xfb, 0xae, 0xfb, 0xae, 0xfb, 0xae, 0xfb, 0xae, 0x5d, 0xb7, 0x2c, 0x63, 0x2e, 0x24, 0xfc, 0x37, 0xdb, 0x37, 0xfb, 0x37, 0x18, 0x2f, 0x2b, 0x13, 0x6e, 0x19,
  0x92, 0x21, 0x92, 0x21, 0x92, 0x21, 0x92, 0x21, 0x92, 0x21, 0x92, 0x21, 0x92, 0x21, 0x92, 0x21, 0x92, 0x21, 0x92, 0x21, 0x92, 0x21, 0x92, 0x21, 0x92, 0x21, 0x92, 0x21, 0x92, 0x21, 0x92, 0x21,
  0x92, 0x21, 0x92, 0x21, 0x92, 0x21, 0x92, 0x21, 0x92, 0x21, 0x92, 0x21, 0x92, 0x21, 0x92, 0x21, 0x92, 0x21, 0x92, 0x21, 0x92, 0x21, 0x92, 0x21, 0x92, 0x21, 0x92, 0x21, 0x92, 0x21, 0x92, 0x21,
  0x92, 0x21, 0x92, 0x21, 0x92, 0x21, 0x92, 0x21, 0x92, 0x21, 0x92, 0x21, 0x92, 0x21, 0x7e, 0xef, 0xdf, 0xf7, 0x92, 0x21, 0x92, 0x21, 0x92, 0x21, 0x92, 0x21, 0xbe, 0xf7, 0x7e, 0xef, 0x92, 0x21,
  0x92, 0x21, 0x92, 0x21, 0x33, 0x3a, 0xff, 0xff, 0xff, 0xff, 0xff, 0xff, 0xff, 0xff, 0xff, 0xff, 0xff, 0xff, 0xff, 0xff, 0x37, 0x7c, 0x92, 0x21, 0x92, 0x21, 0x92, 0x21, 0x7a, 0xad, 0xff, 0xff,
  0x36, 0x5b, 0x92, 0x21, 0x92, 0x21, 0x92, 0x21, 0x92, 0x21, 0x92, 0x21, 0x92, 0x21, 0x92, 0x21, 0xd2, 0x29, 0x7e, 0xef, 0xbe, 0xf7, 0xf3, 0x31, 0x92, 0x21, 0x92, 0x21, 0x92, 0x21, 0xbc, 0xd6,
  0xdf, 0xff, 0x54, 0x3a, 0xd3, 0x29, 0xff, 0xff, 0xdd, 0xde, 0x92, 0x21, 0x92, 0x21, 0x92, 0x21, 0x92, 0x21, 0x92, 0x21, 0x92, 0x21, 0xd3, 0x29, 0xff, 0xff, 0xdd, 0xde, 0x92, 0x21, 0x92, 0x21,
  0x92, 0x21, 0x92, 0x21, 0x92, 0x21, 0x92, 0x21, 0xb2, 0x29, 0xff, 0xff, 0x1b, 0xbe, 0x92, 0x21, 0xd3, 0x29, 0x5e, 0xe7, 0xff, 0xff, 0xff, 0xff, 0xb6, 0x6b, 0x92, 0x21, 0x92, 0x21, 0x92, 0x21,
  0x92, 0x21, 0x92, 0x21, 0x92, 0x21, 0x92, 0x21, 0x92, 0x21, 0x92, 0x21, 0x92, 0x21, 0x92, 0x21, 0x92, 0x21, 0x92, 0x21, 0x92, 0x21, 0x92, 0x21, 0x92, 0x21, 0x92, 0x21, 0x92, 0x21, 0x92, 0x21,
  0x92, 0x21, 0x92, 0x21, 0x92, 0x21, 0x92, 0x21, 0x92, 0x21, 0x92, 0x21, 0x92, 0x21, 0x92, 0x21, 0x92, 0x21, 0x92, 0x21, 0x92, 0x21, 0x92, 0x21, 0x92, 0x21, 0x92, 0x21, 0x92, 0x21, 0x92, 0x21,
  0x7b, 0x2a, 0x7b, 0x2a, 0x7c, 0x2a, 0xb5, 0x21, 0x63, 0x09, 0xfe, 0x37, 0xdb, 0x37, 0xdb, 0x37, 0xdb, 0x37, 0xdb, 0x37, 0xdb, 0x37, 0xdb, 0x37, 0xdb, 0x37, 0xdb, 0x37, 0xdb, 0x37, 0xdb, 0x37,
  0xdb, 0x37, 0xfb, 0x37, 0xfb, 0x37, 0x27, 0x12, 0x00, 0x00, 0x00, 0x00, 0x00, 0x00, 0x00, 0x00, 0x00, 0x00, 0x00, 0x00, 0xa6, 0x09, 0x59, 0x2f, 0xfd, 0x37, 0x2b, 0x13, 0xc3, 0x08, 0x82, 0x00,
  0xa5, 0x09, 0xff, 0x3f, 0x79, 0x2f, 0x82, 0x00, 0x00, 0x00, 0x00, 0x00, 0x00, 0x00, 0x00, 0x00, 0x00, 0x00, 0x44, 0x09, 0xfe, 0x37, 0xdb, 0x37, 0xdb, 0x37, 0xdb, 0x37, 0xdb, 0x37, 0xdb, 0x37,
  0xdb, 0x37, 0xdb, 0x37, 0xdb, 0x37, 0xdb, 0x37, 0xdb, 0x37, 0xdb, 0x37, 0xfb, 0x37, 0x39, 0x2f, 0x24, 0x11, 0x30, 0x9d, 0xfa, 0xe7, 0xd9, 0xdf, 0xf9, 0xe7, 0xd6, 0xc6, 0x00, 0x00, 0x00, 0x00,
  0x00, 0x00, 0x00, 0x00, 0x00, 0x00, 0x82, 0x10, 0x35, 0xad, 0xff, 0xff, 0xdb, 0xde, 0x41, 0x08, 0x00, 0x00, 0x00, 0x00, 0x8a, 0x52, 0xff, 0xff, 0xcb, 0x5a, 0x00, 0x00, 0x00, 0x00, 0x00, 0x00,
  0x85, 0x29, 0x96, 0xb6, 0xda, 0xdf, 0xb9, 0xd7, 0x99, 0xd7, 0x99, 0xd7, 0x99, 0xd7, 0x99, 0xd7, 0x99, 0xd7, 0x99, 0xd7, 0x99, 0xcf, 0x99, 0xcf, 0x99, 0xcf, 0x99, 0xcf, 0x99, 0xcf, 0x99, 0xcf,
  0x99, 0xcf, 0x99, 0xcf, 0x99, 0xcf, 0x7a, 0xcf, 0x9a, 0xcf, 0x9a, 0xcf, 0x79, 0xcf, 0x7a, 0xcf, 0x7a, 0xcf, 0x7a, 0xcf, 0x7a, 0xcf, 0x7a, 0xcf, 0x7a, 0xc7, 0x7a, 0xc7, 0x7a, 0xc7, 0x7a, 0xc7,
  0x7a, 0xc7, 0x7a, 0xc7, 0x7a, 0xc7, 0x5a, 0xc7, 0x5a, 0xc7, 0x5a, 0xc7, 0x5a, 0xc7, 0x5a, 0xc7, 0x5a, 0xc7, 0x5a, 0xc7, 0x5a, 0xc7, 0x5a, 0xc7, 0x5a, 0xbf, 0x5a, 0xbf, 0x5a, 0xbf, 0x5a, 0xbf,
  0x5a, 0xbf, 0x5a, 0xbf, 0x5a, 0xbf, 0x3a, 0xbf, 0x5a, 0xbf, 0x3a, 0xbf, 0x3a, 0xbf, 0x3a, 0xbf, 0x3a, 0xbf, 0x3a, 0xbf, 0x3a, 0xbf, 0x3a, 0xbf, 0x3a, 0xb7, 0x3a, 0xb7, 0x3a, 0xb7, 0x3a, 0xb7,
  0x3a, 0xb7, 0x3b, 0xb7, 0x1a, 0xb7, 0x1a, 0xb7, 0x1b, 0xb7, 0x1b, 0xb7, 0x1b, 0xb7, 0x1b, 0xb7, 0x1b, 0xb7, 0x1b, 0xb7, 0x1b, 0xaf, 0x1b, 0xaf, 0x1b, 0xaf, 0x1b, 0xaf, 0x1b, 0xaf, 0xfb, 0xae,
  0xfb, 0xae, 0xfb, 0xae, 0xfb, 0xae, 0xfb, 0xae, 0xfb, 0xae, 0xfb, 0xae, 0xfb, 0xa6, 0x5d, 0xb7, 0x2c, 0x63, 0x2e, 0x24, 0xfc, 0x37, 0xdb, 0x37, 0xfb, 0x37, 0x18, 0x2f, 0x2b, 0x13, 0x4e, 0x19,
  0x92, 0x19, 0x92, 0x19, 0x92, 0x19, 0x92, 0x19, 0x92, 0x19, 0x92, 0x19, 0x92, 0x19, 0x92, 0x19, 0x92, 0x19, 0x92, 0x19, 0x92, 0x19, 0x92, 0x19, 0x92, 0x19, 0x92, 0x19, 0x92, 0x19, 0x92, 0x19,
  0x92, 0x19, 0x92, 0x19, 0x92, 0x19, 0x92, 0x19, 0x92, 0x19, 0x92, 0x19, 0x92, 0x19, 0x92, 0x19, 0x92, 0x19, 0x92, 0x19, 0x92, 0x19, 0x92, 0x19, 0x92, 0x19, 0x92, 0x19, 0x92, 0x19, 0x92, 0x19,
  0x92, 0x19, 0x96, 0x63, 0xff, 0xff, 0xdb, 0xb5, 0x33, 0x32, 0xb2, 0x21, 0xb6, 0x63, 0xff, 0xff, 0x9a, 0xad, 0x92, 0x19, 0x92, 0x19, 0x92, 0x19, 0x92, 0x19, 0xbe, 0xf7, 0x7e, 0xef, 0x92, 0x19,
  0x92, 0x19, 0x92, 0x19, 0x78, 0x84, 0xff, 0xff, 0x39, 0x9d, 0x92, 0x19, 0x92, 0x19, 0x92, 0x19, 0x96, 0x63, 0xff, 0xff, 0x9c, 0xce, 0x92, 0x19, 0x92, 0x19, 0x92, 0x19, 0x7a, 0xa5, 0xff, 0xff,
  0x36, 0x53, 0x92, 0x19, 0x92, 0x19, 0x92, 0x19, 0x92, 0x19, 0x92, 0x19, 0x92, 0x19, 0x92, 0x19, 0x92, 0x19, 0xd6, 0x6b, 0xff, 0xff, 0x1b, 0xbe, 0x53, 0x32, 0x33, 0x32, 0x7a, 0xa5, 0xff, 0xff,
  0x98, 0x84, 0x92, 0x19, 0xd3, 0x21, 0xff, 0xff, 0xdd, 0xd6, 0x92, 0x19, 0x92, 0x19, 0x92, 0x19, 0x92, 0x19, 0x92, 0x19, 0x92, 0x19, 0xd3, 0x21, 0xff, 0xff, 0xdd, 0xd6, 0x92, 0x19, 0x92, 0x19,
  0x92, 0x19, 0x92, 0x19, 0x92, 0x19, 0x92, 0x19, 0xb2, 0x21, 0xff, 0xff, 0x1b, 0xbe, 0x92, 0x19, 0x92, 0x19, 0x17, 0x74, 0xff, 0xff, 0xff, 0xff, 0xb6, 0x6b, 0x92, 0x19, 0x92, 0x19, 0x92, 0x19,
  0x92, 0x19, 0x92, 0x19, 0x92, 0x19, 0x92, 0x19, 0x92, 0x19, 0x92, 0x19, 0x92, 0x19, 0x92, 0x19, 0x92, 0x19, 0x92, 0x19, 0x92, 0x19, 0x92, 0x19, 0x92, 0x19, 0x92, 0x19, 0x92, 0x19, 0x92, 0x19,
  0x92, 0x19, 0x92, 0x19, 0x92, 0x19, 0x92, 0x19, 0x92, 0x19, 0x92, 0x19, 0x92, 0x19, 0x92, 0x19, 0x92, 0x19, 0x92, 0x19, 0x92, 0x19, 0x92, 0x19, 0x92, 0x19, 0x92, 0x19, 0x92, 0x19, 0x92, 0x19,
  0x9b, 0x2a, 0x9b, 0x2a, 0x9c, 0x32, 0xd5, 0x21, 0x63, 0x09, 0xfe, 0x37, 0xdb, 0x37, 0xdb, 0x37, 0xdb, 0x37, 0xdb, 0x37, 0xdb, 0x37, 0xdb, 0x37, 0xdb, 0x37, 0xdb, 0x37, 0xdb, 0x37, 0xdb, 0x37,
  0xdb, 0x37, 0xfc, 0x37, 0x15, 0x2e, 0x00, 0x00, 0x00, 0x00, 0x00, 0x00, 0x00, 0x00, 0x00, 0x00, 0x00, 0x00, 0x21, 0x00, 0x00, 0x00, 0xc6, 0x09, 0xfd, 0x37, 0x96, 0x2e, 0xad, 0x1b, 0xad, 0x1b,
  0x15, 0x26, 0xdb, 0x37, 0xed, 0x1b, 0x00, 0x00, 0x00, 0x00, 0x00, 0x00, 0x00, 0x00, 0x00, 0x00, 0x00, 0x00, 0xe3, 0x08, 0xfe, 0x37, 0xdb, 0x37, 0xdb, 0x37, 0xdb, 0x37, 0xdb, 0x37, 0xdb, 0x37,
  0xdb, 0x37, 0xdb, 0x37, 0xdb, 0x37, 0xdb, 0x37, 0xdb, 0x37, 0xdb, 0x37, 0xfb, 0x37, 0x39, 0x2f, 0x24, 0x11, 0x30, 0x9d, 0xfa, 0xe7, 0xb9, 0xdf, 0xf9, 0xdf, 0xd6, 0xc6, 0x00, 0x00, 0x00, 0x00,
  0x00, 0x00, 0x00, 0x00, 0x00, 0x00, 0x21, 0x08, 0xab, 0x5a, 0x39, 0xce, 0xcf, 0x7b, 0x00, 0x00, 0x00, 0x00, 0x00, 0x00, 0xe7, 0x39, 0xf7, 0xbd, 0x08, 0x42, 0x00, 0x00, 0x00, 0x00, 0x00, 0x00,
  0x85, 0x29, 0x96, 0xb6, 0xda, 0xd7, 0x99, 0xd7, 0x99, 0xd7, 0x99, 0xd7, 0x99, 0xd7, 0x99, 0xd7, 0x99, 0xcf, 0x99, 0xcf, 0x99, 0xcf, 0x99, 0xcf, 0x99, 0xcf, 0x99, 0xcf, 0x99, 0xcf, 0x99, 0xcf,
  0x99, 0xcf, 0x7a, 0xcf, 0x7a, 0xcf, 0x9a, 0xcf, 0x79, 0xcf, 0x79, 0xcf, 0x7a, 0xcf, 0x7a, 0xcf, 0x7a, 0xcf, 0x7a, 0xcf, 0x7a, 0xc7, 0x7a, 0xc7, 0x7a, 0xc7, 0x7a, 0xc7, 0x7a, 0xc7, 0x7a, 0xc7,
  0x7a, 0xc7, 0x7a, 0xc7, 0x5a, 0xc7, 0x7a, 0xc7, 0x5a, 0xc7, 0x5a, 0xc7, 0x5a, 0xc7, 0x5a, 0xc7, 0x5a, 0xc7, 0x5a, 0xc7, 0x5a, 0xbf, 0x5a, 0xbf, 0x5a, 0xbf, 0x5a, 0xbf, 0x5a, 0xbf, 0x5a, 0xbf,
  0x5a, 0xbf, 0x3a, 0xbf, 0x3a, 0xbf, 0x3a, 0xbf, 0x3a, 0xbf, 0x3a, 0xbf, 0x3a, 0xbf, 0x3a, 0xbf, 0x3a, 0xbf, 0x3a, 0xbf, 0x3a, 0xb7, 0x3a, 0xb7, 0x3a, 0xb7, 0x3a, 0xb7, 0x3a, 0xb7, 0x3b, 0xb7,
  0x1b, 0xb7, 0x1a, 0xb7, 0x1b, 0xb7, 0x1b, 0xb7, 0x1b, 0xb7, 0x1b, 0xb7, 0x1b, 0xb7, 0x1b, 0xb7, 0x1b, 0xaf, 0x1b, 0xaf, 0x1b, 0xaf, 0x1b, 0xaf, 0x1b, 0xaf, 0xfb, 0xae, 0xfb, 0xae, 0xfb, 0xae,
  0xfb, 0xae, 0xfb, 0xae, 0xfb, 0xae, 0xfb, 0xae, 0xfb, 0xa6, 0xfb, 0xa6, 0xfb, 0xa6, 0x5d, 0xaf, 0x2c, 0x63, 0x2e, 0x24, 0xfc, 0x37, 0xdb, 0x37, 0xfb, 0x37, 0x18, 0x2f, 0x2b, 0x13, 0x6e, 0x19,
  0xb2, 0x21, 0xb2, 0x21, 0xb2, 0x21, 0xb2, 0x21, 0xb2, 0x21, 0xb2, 0x21, 0xb2, 0x21, 0xb2, 0x21, 0xb2, 0x21, 0xb2, 0x21, 0xb2, 0x21, 0xb2, 0x21, 0xb2, 0x21, 0xb2, 0x21, 0xb2, 0x21, 0xb2, 0x21,
  0xb2, 0x21, 0xb2, 0x21, 0xb2, 0x21, 0xb2, 0x21, 0xb2, 0x21, 0xb2, 0x21, 0xb2, 0x21, 0xb2, 0x21, 0xb2, 0x21, 0xb2, 0x21, 0xb2, 0x21, 0xb2, 0x21, 0xb2, 0x21, 0xb2, 0x21, 0xb2, 0x21, 0xb2, 0x21,
  0xb2, 0x21, 0xb2, 0x21, 0x17, 0x74, 0x9c, 0xce, 0x9e, 0xef, 0xdf, 0xff, 0x3d, 0xe7, 0x39, 0x9d, 0xf2, 0x29, 0xb2, 0x21, 0xb2, 0x21, 0xb2, 0x21, 0xb2, 0x21, 0xbe, 0xf7, 0x7e, 0xef, 0xb2, 0x21,
  0xb2, 0x21, 0xb2, 0x21, 0xdd, 0xd6, 0xff, 0xff, 0xd4, 0x4a, 0xb2, 0x21, 0xb2, 0x21, 0xb2, 0x21, 0xb2, 0x21, 0x5e, 0xe7, 0xff, 0xff, 0xb4, 0x42, 0xb2, 0x21, 0xb2, 0x21, 0x7a, 0xad, 0xff, 0xff,
  0x56, 0x5b, 0xb2, 0x21, 0xb2, 0x21, 0xb2, 0x21, 0xb2, 0x21, 0xb2, 0x21, 0xb2, 0x21, 0xb2, 0x21, 0xb2, 0x21, 0xb2, 0x21, 0x55, 0x5b, 0x5c, 0xc6, 0xbe, 0xf7, 0xdf, 0xf7, 0xbc, 0xd6, 0xf7, 0x6b,
  0xb2, 0x21, 0xb2, 0x21, 0xf3, 0x29, 0xff, 0xff, 0xfd, 0xde, 0xb2, 0x21, 0xb2, 0x21, 0xb2, 0x21, 0xb2, 0x21, 0xb2, 0x21, 0xb2, 0x21, 0xf3, 0x29, 0xff, 0xff, 0xff, 0xff, 0xff, 0xff, 0xff, 0xff,
  0xff, 0xff, 0xff, 0xff, 0xff, 0xff, 0xd2, 0x29, 0xd2, 0x29, 0xff, 0xff, 0x1b, 0xbe, 0xb2, 0x21, 0xb2, 0x21, 0xb2, 0x21, 0xbc, 0xd6, 0xff, 0xff, 0xd6, 0x6b, 0xb2, 0x21, 0xb2, 0x21, 0xb2, 0x21,
  0xb2, 0x21, 0xb2, 0x21, 0xb2, 0x21, 0xb2, 0x21, 0xb2, 0x21, 0xb2, 0x21, 0xb2, 0x21, 0xb2, 0x21, 0xb2, 0x21, 0xb2, 0x21, 0xb2, 0x21, 0xb2, 0x21, 0xb2, 0x21, 0xb2, 0x21, 0xb2, 0x21, 0xb2, 0x21,
  0xb2, 0x21, 0xb2, 0x21, 0xb2, 0x21, 0xb2, 0x21, 0xb2, 0x21, 0xb2, 0x21, 0xb2, 0x21, 0xb2, 0x21, 0xb2, 0x21, 0xb2, 0x21, 0xb2, 0x21, 0xb2, 0x21, 0xb2, 0x21, 0xb2, 0x21, 0xb2, 0x21, 0xb2, 0x21,
  0xdb, 0x3a, 0xdb, 0x3a, 0xdc, 0x3a, 0xf5, 0x29, 0x63, 0x09, 0xfe, 0x37, 0xdb, 0x37, 0xdb, 0x37, 0xdb, 0x37, 0xdb, 0x37, 0xdb, 0x37, 0xdb, 0x37, 0xdb, 0x37, 0xdb, 0x37, 0xdb, 0x37, 0xdb, 0x37,
  0xfb, 0x37, 0xfc, 0x37, 0x07, 0x12, 0x00, 0x00, 0x00, 0x00, 0x00, 0x00, 0x00, 0x00, 0x00, 0x00, 0x00, 0x00, 0x00, 0x00, 0x00, 0x00, 0x82, 0x00, 0x35, 0x2e, 0x44, 0x09, 0xa6, 0x09, 0xee, 0x1b,
  0x56, 0x2e, 0x72, 0x25, 0x00, 0x00, 0x00, 0x00, 0x00, 0x00, 0x00, 0x00, 0x00, 0x00, 0x00, 0x00, 0x00, 0x00, 0xac, 0x1b, 0xfd, 0x37, 0xdb, 0x37, 0xdb, 0x37, 0xdb, 0x37, 0xdb, 0x37, 0xdb, 0x37,
  0xdb, 0x37, 0xdb, 0x37, 0xdb, 0x37, 0xdb, 0x37, 0xdb, 0x37, 0xdb, 0x37, 0xfb, 0x37, 0x39, 0x2f, 0x24, 0x11, 0x30, 0x9d, 0xfa, 0xe7, 0xd9, 0xdf, 0xf9, 0xdf, 0xd6, 0xc6, 0x00, 0x00, 0x00, 0x00,
  0x00, 0x00, 0x00, 0x00, 0x00, 0x00, 0x00, 0x00, 0x00, 0x00, 0x00, 0x00, 0x00, 0x00, 0x00, 0x00, 0x00, 0x00, 0x00, 0x00, 0x00, 0x00, 0x00, 0x00, 0x00, 0x00, 0x00, 0x00, 0x00, 0x00, 0x00, 0x00,
  0x64, 0x29, 0xd6, 0xbe, 0xba, 0xd7, 0x99, 0xd7, 0x99, 0xd7, 0x99, 0xd7, 0x99, 0xcf, 0x99, 0xcf, 0x99, 0xcf, 0x99, 0xcf, 0x99, 0xcf, 0x99, 0xcf, 0x99, 0xcf, 0x99, 0xcf, 0x99, 0xcf, 0x7a, 0xcf,
  0x7a, 0xcf, 0x9a, 0xcf, 0x79, 0xcf, 0x79, 0xcf, 0x7a, 0xcf, 0x7a, 0xcf, 0x7a, 0xcf, 0x7a, 0xcf, 0x7a, 0xc7, 0x7a, 0xc7, 0x7a, 0xc7, 0x7a, 0xc7, 0x7a, 0xc7, 0x7a, 0xc7, 0x7a, 0xc7, 0x7a, 0xc7,
  0x5a, 0xc7, 0x5a, 0xc7, 0x5a, 0xc7, 0x5a, 0xc7, 0x5a, 0xc7, 0x5a, 0xc7, 0x5a, 0xc7, 0x5a, 0xc7, 0x5a, 0xc7, 0x5a, 0xbf, 0x5a, 0xbf, 0x5a, 0xbf, 0x5a, 0xbf, 0x5a, 0xbf, 0x5a, 0xbf, 0x3a, 0xbf,
  0x3a, 0xbf, 0x3a, 0xbf, 0x3a, 0xbf, 0x3a, 0xbf, 0x3a, 0xbf, 0x3a, 0xbf, 0x3a, 0xbf, 0x3a, 0xbf, 0x3a, 0xb7, 0x3a, 0xb7, 0x3a, 0xb7, 0x3a, 0xb7, 0x3a, 0xb7, 0x3b, 0xb7, 0x3b, 0xb7, 0x1a, 0xb7,
  0x1a, 0xb7, 0x1b, 0xb7, 0x1b, 0xb7, 0x1b, 0xb7, 0x1b, 0xb7, 0x1b, 0xb7, 0x1b, 0xaf, 0x1b, 0xaf, 0x1b, 0xaf, 0x1b, 0xaf, 0x1b, 0xaf, 0xfb, 0xae, 0xfb, 0xae, 0x1b, 0xaf, 0xfb, 0xae, 0xfb, 0xae,
  0xfb, 0xae, 0xfb, 0xae, 0xfb, 0xa6, 0xfb, 0xa6, 0xfb, 0xa6, 0xfb, 0xa6, 0xfb, 0xa6, 0x5d, 0xaf, 0x2c, 0x63, 0x2e, 0x24, 0xfc, 0x37, 0xdb, 0x37, 0xfb, 0x37, 0x18, 0x2f, 0x2b, 0x13, 0xaf, 0x21,
  0xf3, 0x29, 0xf3, 0x29, 0xf3, 0x29, 0xf3, 0x29, 0xf3, 0x29, 0xf3, 0x29, 0xf3, 0x29, 0xf3, 0x29, 0xf3, 0x29, 0xf3, 0x29, 0xf3, 0x29, 0xf3, 0x29, 0xf3, 0x29, 0xf3, 0x29, 0xf3, 0x29, 0xf3, 0x29,
  0xf3, 0x29, 0xf3, 0x29, 0xf3, 0x29, 0xf3, 0x29, 0xf3, 0x29, 0xf3, 0x29, 0xf3, 0x29, 0xf3, 0x29, 0xf3, 0x29, 0xf3, 0x29, 0xf3, 0x29, 0xf3, 0x29, 0xf3, 0x29, 0xf3, 0x29, 0xf3, 0x29, 0xf3, 0x29,
  0xf3, 0x29, 0xf3, 0x29, 0xf3, 0x29, 0xf3, 0x29, 0xf3, 0x29, 0xf3, 0x29, 0xf3, 0x29, 0xf3, 0x29, 0xf3, 0x29, 0xf3, 0x29, 0xf3, 0x29, 0xf3, 0x29, 0xf3, 0x29, 0xf3, 0x29, 0xf3, 0x29, 0xf3, 0x29,
  0xf3, 0x29, 0xf3, 0x29, 0xf3, 0x29, 0xf3, 0x29, 0xf3, 0x29, 0xf3, 0x29, 0xf3, 0x29, 0xf3, 0x29, 0xf3, 0x29, 0xf3, 0x29, 0xf3, 0x29, 0xf3, 0x29, 0xf3, 0x29, 0xf3, 0x29, 0xf3, 0x29, 0xf3, 0x29,
  0xf3, 0x29, 0xf3, 0x29, 0xf3, 0x29, 0xf3, 0x29, 0xf3, 0x29, 0xf3, 0x29, 0xf3, 0x29, 0xf3, 0x29, 0xf3, 0x29, 0xf3, 0x29, 0xf3, 0x29, 0xf3, 0x29, 0xf3, 0x29, 0xf3, 0x29, 0xf3, 0x29, 0xf3, 0x29,
  0xf3, 0x29, 0xf3, 0x29, 0xf3, 0x29, 0xf3, 0x29, 0xf3, 0x29, 0xf3, 0x29, 0xf3, 0x29, 0xf3, 0x29, 0xf3, 0x29, 0xf3, 0x29, 0xf3, 0x29, 0xf3, 0x29, 0xf3, 0x29, 0xf3, 0x29, 0xf3, 0x29, 0xf3, 0x29,
  0xf3, 0x29, 0xf3, 0x29, 0xf3, 0x29, 0xf3, 0x29, 0xf3, 0x29, 0xf3, 0x29, 0xf3, 0x29, 0xf3, 0x29, 0xf3, 0x29, 0xf3, 0x29, 0xf3, 0x29, 0xf3, 0x29, 0xf3, 0x29, 0xf3, 0x29, 0xf3, 0x29, 0xf3, 0x29,
  0xf3, 0x29, 0xf3, 0x29, 0xf3, 0x29, 0xf3, 0x29, 0xf3, 0x29, 0xf3, 0x29, 0xf3, 0x29, 0xf3, 0x29, 0xf3, 0x29, 0xf3, 0x29, 0xf3, 0x29, 0xf3, 0x29, 0xf3, 0x29, 0xf3, 0x29, 0xf3, 0x29, 0xf3, 0x29,
  0xf3, 0x29, 0xf3, 0x29, 0xf3, 0x29, 0xf3, 0x29, 0xf3, 0x29, 0xf3, 0x29, 0xf3, 0x29, 0xf3, 0x29, 0xf3, 0x29, 0xf3, 0x29, 0xf3, 0x29, 0xf3, 0x29, 0xf3, 0x29, 0xf3, 0x29, 0xf3, 0x29, 0xf3, 0x29,
  0x9b, 0x32, 0x9b, 0x32, 0xbc, 0x32, 0xd5, 0x21, 0x63, 0x09, 0xfe, 0x37, 0xdb, 0x37, 0xdb, 0x37, 0xdb, 0x37, 0xdb, 0x37, 0xdb, 0x37, 0xdb, 0x37, 0xdb, 0x37, 0xdb, 0x37, 0xdb, 0x37, 0xdb, 0x37,
  0xfb, 0x37, 0xfc, 0x37, 0x00, 0x00, 0x00, 0x00, 0x00, 0x00, 0x00, 0x00, 0x00, 0x00, 0x00, 0x00, 0x00, 0x00, 0x21, 0x00, 0x04, 0x09, 0xd0, 0x24, 0xe3, 0x08, 0x00, 0x00, 0x00, 0x00, 0x00, 0x00,
  0xe3, 0x08, 0x6c, 0x13, 0x00, 0x00, 0x00, 0x00, 0x00, 0x00, 0x00, 0x00, 0x00, 0x00, 0x00, 0x00, 0x82, 0x00, 0xd4, 0x25, 0xfc, 0x37, 0xdb, 0x37, 0xdb, 0x37, 0xdb, 0x37, 0xdb, 0x37, 0xdb, 0x37,
  0xdb, 0x37, 0xdb, 0x37, 0xdb, 0x37, 0xdb, 0x37, 0xdb, 0x37, 0xdb, 0x37, 0xfb, 0x37, 0x39, 0x2f, 0x24, 0x11, 0x30, 0x95, 0xfa, 0xe7, 0xb9, 0xdf, 0xd9, 0xdf, 0xf6, 0xc6, 0x00, 0x00, 0x00, 0x00,
  0x00, 0x00, 0x00, 0x00, 0x00, 0x00, 0x00, 0x00, 0x00, 0x00, 0x00, 0x00, 0x00, 0x00, 0x00, 0x00, 0x00, 0x00, 0x00, 0x00, 0x00, 0x00, 0x00, 0x00, 0x00, 0x00, 0x00, 0x00, 0x00, 0x00, 0x00, 0x00,
  0x85, 0x29, 0xba, 0xd7, 0xb9, 0xd7, 0x99, 0xd7, 0x99, 0xcf, 0x99, 0xcf, 0x99, 0xcf, 0x99, 0xcf, 0x99, 0xcf, 0x99, 0xcf, 0x99, 0xcf, 0x99, 0xcf, 0x99, 0xcf, 0x7a, 0xcf, 0x7a, 0xcf, 0x9a, 0xcf,
  0x99, 0xcf, 0x79, 0xcf, 0x7a, 0xcf, 0x7a, 0xcf, 0x7a, 0xcf, 0x7a, 0xcf, 0x7a, 0xc7, 0x7a, 0xc7, 0x7a, 0xc7, 0x7a, 0xc7, 0x7a, 0xc7, 0x7a, 0xc7, 0x7a, 0xc7, 0x7a, 0xc7, 0x5a, 0xc7, 0x5a, 0xc7,
  0x5a, 0xc7, 0x5a, 0xc7, 0x5a, 0xc7, 0x5a, 0xc7, 0x5a, 0xc7, 0x5a, 0xc7, 0x5a, 0xc7, 0x5a, 0xbf, 0x5a, 0xbf, 0x5a, 0xbf, 0x5a, 0xbf, 0x5a, 0xbf, 0x5a, 0xbf, 0x3a, 0xbf, 0x3a, 0xbf, 0x5a, 0xbf,
  0x3a, 0xbf, 0x3a, 0xbf, 0x3a, 0xbf, 0x3a, 0xbf, 0x3a, 0xbf, 0x3a, 0xbf, 0x3a, 0xb7, 0x3a, 0xb7, 0x3a, 0xb7, 0x3a, 0xb7, 0x3a, 0xb7, 0x3a, 0xb7, 0x3b, 0xb7, 0x1a, 0xb7, 0x1a, 0xb7, 0x1b, 0xb7,
  0x1b, 0xb7, 0x1b, 0xb7, 0x1b, 0xb7, 0x1b, 0xb7, 0x1b, 0xb7, 0x1b, 0xaf, 0x1b, 0xaf, 0x1b, 0xaf, 0x1b, 0xaf, 0x1b, 0xaf, 0xfb, 0xae, 0x1b, 0xaf, 0xfb, 0xae, 0xfb, 0xae, 0xfb, 0xae, 0xfb, 0xae,
  0xfb, 0xa6, 0xfb, 0xa6, 0xfb, 0xa6, 0xfb, 0xa6, 0xfb, 0xa6, 0xfb, 0xa6, 0xfb, 0xa6, 0x5d, 0xaf, 0x2c, 0x63, 0x2e, 0x24, 0xfc, 0x37, 0xdb, 0x37, 0xfb, 0x37, 0x18, 0x2f, 0x2b, 0x13, 0x6e, 0x19,
  0xb2, 0x21, 0xb2, 0x21, 0xb2, 0x21, 0xb2, 0x21, 0xb2, 0x21, 0xb2, 0x21, 0xb2, 0x21, 0xb2, 0x21, 0xb2, 0x21, 0xb2, 0x21, 0xb2, 0x21, 0xb2, 0x21, 0xb2, 0x21, 0xb2, 0x21, 0xb2, 0x21, 0xb2, 0x21,
  0xb2, 0x21, 0xb2, 0x21, 0xb2, 0x21, 0xb2, 0x21, 0xb2, 0x21, 0xb2, 0x21, 0xb2, 0x21, 0xb2, 0x21, 0xb2, 0x21, 0xb2, 0x21, 0xb2, 0x21, 0xb2, 0x21, 0xb2, 0x21, 0xb2, 0x21, 0xb2, 0x21, 0xb2, 0x21,
  0xb2, 0x21, 0xb2, 0x21, 0xb2, 0x21, 0xb2, 0x21, 0xb2, 0x21, 0xb2, 0x21, 0xb2, 0x21, 0xb2, 0x21, 0xb2, 0x21, 0xb2, 0x21, 0xb2, 0x21, 0xb2, 0x21, 0xb2, 0x21, 0xb2, 0x21, 0xb2, 0x21, 0xb2, 0x21,
  0xb2, 0x21, 0xb2, 0x21, 0xb2, 0x21, 0xb2, 0x21, 0xb2, 0x21, 0xb2, 0x21, 0xb2, 0x21, 0xb2, 0x21, 0xb2, 0x21, 0xb2, 0x21, 0xb2, 0x21, 0xb2, 0x21, 0xb2, 0x21, 0xb2, 0x21, 0xb2, 0x21, 0xb2, 0x21,
  0xb2, 0x21, 0xb2, 0x21, 0xb2, 0x21, 0xb2, 0x21, 0xb2, 0x21, 0xb2, 0x21, 0xb2, 0x21, 0xb2, 0x21, 0xb2, 0x21, 0xb2, 0x21, 0xb2, 0x21, 0xb2, 0x21, 0xb2, 0x21, 0xb2, 0x21, 0xb2, 0x21, 0xb2, 0x21,
  0xb2, 0x21, 0xb2, 0x21, 0xb2, 0x21, 0xb2, 0x21, 0xb2, 0x21, 0xb2, 0x21, 0xb2, 0x21, 0xb2, 0x21, 0xb2, 0x21, 0xb2, 0x21, 0xb2, 0x21, 0xb2, 0x21, 0xb2, 0x21, 0xb2, 0x21, 0xb2, 0x21, 0xb2, 0x21,
  0xb2, 0x21, 0xb2, 0x21, 0xb2, 0x21, 0xb2, 0x21, 0xb2, 0x21, 0xb2, 0x21, 0xb2, 0x21, 0xb2, 0x21, 0xb2, 0x21, 0xb2, 0x21, 0xb2, 0x21, 0xb2, 0x21, 0xb2, 0x21, 0xb2, 0x21, 0xb2, 0x21, 0xb2, 0x21,
  0xb2, 0x21, 0xb2, 0x21, 0xb2, 0x21, 0xb2, 0x21, 0xb2, 0x21, 0xb2, 0x21, 0xb2, 0x21, 0xb2, 0x21, 0xb2, 0x21, 0xb2, 0x21, 0xb2, 0x21, 0xb2, 0x21, 0xb2, 0x21, 0xb2, 0x21, 0xb2, 0x21, 0xb2, 0x21,
  0xb2, 0x21, 0xb2, 0x21, 0xb2, 0x21, 0xb2, 0x21, 0xb2, 0x21, 0xb2, 0x21, 0xb2, 0x21, 0xb2, 0x21, 0xb2, 0x21, 0xb2, 0x21, 0xb2, 0x21, 0xb2, 0x21, 0xb2, 0x21, 0xb2, 0x21, 0xb2, 0x21, 0xb2, 0x21,
  0x7b, 0x2a, 0x7b, 0x2a, 0x7c, 0x2a, 0xb5, 0x21, 0x63, 0x09, 0xfe, 0x37, 0xdb, 0x37, 0xdb, 0x37, 0xdb, 0x37, 0xdb, 0x37, 0xdb, 0x37, 0xdb, 0x37, 0xdb, 0x37, 0xdb, 0x37, 0xdb, 0x37, 0xdb, 0x37,
  0xfb, 0x37, 0xfc, 0x37, 0x00, 0x00, 0x00, 0x00, 0x00, 0x00, 0x00, 0x00, 0x00, 0x00, 0x41, 0x00, 0xe7, 0x09, 0x8c, 0x1b, 0xd4, 0x25, 0xfd, 0x37, 0x00, 0x00, 0x00, 0x00, 0x00, 0x00, 0x00, 0x00,
  0x00, 0x00, 0x52, 0x25, 0x82, 0x00, 0x03, 0x09, 0x03, 0x09, 0xe3, 0x08, 0xe3, 0x08, 0x85, 0x09, 0x2e, 0x1c, 0xbb, 0x37, 0xfb, 0x37, 0xdb, 0x37, 0xdb, 0x37, 0xdb, 0x37, 0xdb, 0x37, 0xdb, 0x37,
  0xdb, 0x37, 0xdb, 0x37, 0xdb, 0x37, 0xdb, 0x37, 0xdb, 0x37, 0xdb, 0x37, 0xfb, 0x37, 0x39, 0x2f, 0x24, 0x11, 0x30, 0x9d, 0xfa, 0xe7, 0xb9, 0xdf, 0xd9, 0xdf, 0x78, 0xd7, 0x8b, 0x63, 0x00, 0x00,
  0x00, 0x00, 0x00, 0x00, 0x00, 0x00, 0x00, 0x00, 0x00, 0x00, 0x00, 0x00, 0x00, 0x00, 0x00, 0x00, 0x00, 0x00, 0x00, 0x00, 0x00, 0x00, 0x00, 0x00, 0x00, 0x00, 0x00, 0x00, 0x00, 0x00, 0x82, 0x10,
  0x4e, 0x74, 0xfb, 0xdf, 0x99, 0xd7, 0x99, 0xcf, 0x99, 0xcf, 0x99, 0xcf, 0x99, 0xcf, 0x99, 0xcf, 0x99, 0xcf, 0x99, 0xcf, 0x99, 0xcf, 0x99, 0xcf, 0x7a, 0xcf, 0x9a, 0xcf, 0x9a, 0xcf, 0x79, 0xcf,
  0x7a, 0xcf, 0x7a, 0xcf, 0x7a, 0xcf, 0x7a, 0xcf, 0x7a, 0xcf, 0x7a, 0xc7, 0x7a, 0xc7, 0x7a, 0xc7, 0x7a, 0xc7, 0x7a, 0xc7, 0x7a, 0xc7, 0x7a, 0xc7, 0x5a, 0xc7, 0x5a, 0xc7, 0x5a, 0xc7, 0x5a, 0xc7,
  0x5a, 0xc7, 0x5a, 0xc7, 0x5a, 0xc7, 0x5a, 0xc7, 0x5a, 0xc7, 0x5a, 0xbf, 0x5a, 0xbf, 0x5a, 0xbf, 0x5a, 0xbf, 0x5a, 0xbf, 0x5a, 0xbf, 0x5a, 0xbf, 0x3a, 0xbf, 0x5a, 0xbf, 0x3a, 0xbf, 0x3a, 0xbf,
  0x3a, 0xbf, 0x3a, 0xbf, 0x3a, 0xbf, 0x3a, 0xbf, 0x3a, 0xbf, 0x3a, 0xb7, 0x3a, 0xb7, 0x3a, 0xb7, 0x3a, 0xb7, 0x3a, 0xb7, 0x3b, 0xb7, 0x1b, 0xb7, 0x1a, 0xb7, 0x1b, 0xb7, 0x1b, 0xb7, 0x1b, 0xb7,
  0x1b, 0xb7, 0x1b, 0xb7, 0x1b, 0xb7, 0x1b, 0xaf, 0x1b, 0xaf, 0x1b, 0xaf, 0x1b, 0xaf, 0x1b, 0xaf, 0xfb, 0xae, 0xfb, 0xae, 0xfb, 0xae, 0xfb, 0xae, 0xfb, 0xae, 0xfb, 0xae, 0xfb, 0xae, 0xfb, 0xae,
  0xfb, 0xa6, 0xfb, 0xa6, 0xfb, 0xa6, 0xfb, 0xa6, 0xfb, 0xa6, 0xdb, 0xa6, 0xdb, 0xa6, 0x5d, 0xaf, 0x2c, 0x63, 0x2e, 0x24, 0xfc, 0x37, 0xdb, 0x37, 0xfb, 0x37, 0x18, 0x2f, 0x2b, 0x13, 0x4e, 0x19,
  0x92, 0x19, 0x92, 0x19, 0x92, 0x19, 0x92, 0x19, 0x92, 0x19, 0x92, 0x19, 0x92, 0x19, 0x92, 0x19, 0x92, 0x19, 0x92, 0x19, 0x92, 0x19, 0x92, 0x19, 0x92, 0x19, 0x92, 0x19, 0x92, 0x19, 0x92, 0x19,
  0x92, 0x19, 0x92, 0x19, 0x92, 0x19, 0x92, 0x19, 0x92, 0x19, 0x92, 0x19, 0x92, 0x19, 0x92, 0x19, 0x92, 0x19, 0x92, 0x19, 0x92, 0x19, 0x92, 0x19, 0x92, 0x19, 0x92, 0x19, 0x92, 0x19, 0x92, 0x19,
  0x92, 0x19, 0x92, 0x19, 0x92, 0x19, 0x92, 0x19, 0x92, 0x19, 0x92, 0x19, 0x92, 0x19, 0x92, 0x19, 0x92, 0x19, 0x92, 0x19, 0x92, 0x19, 0x92, 0x19, 0x92, 0x19, 0x92, 0x19, 0x92, 0x19, 0x92, 0x19,
  0x92, 0x19, 0x92, 0x19, 0x92, 0x19, 0x92, 0x19, 0x92, 0x19, 0x92, 0x19, 0x92, 0x19, 0x92, 0x19, 0x92, 0x19, 0x92, 0x19, 0x92, 0x19, 0x92, 0x19, 0x92, 0x19, 0x92, 0x19, 0x92, 0x19, 0x92, 0x19,
  0x92, 0x19, 0x92, 0x19, 0x92, 0x19, 0x92, 0x19, 0x92, 0x19, 0x92, 0x19, 0x92, 0x19, 0x92, 0x19, 0x92, 0x19, 0x92, 0x19, 0x92, 0x19, 0x92, 0x19, 0x92, 0x19, 0x92, 0x19, 0x92, 0x19, 0x92, 0x19,
  0x92, 0x19, 0x92, 0x19, 0x92, 0x19, 0x92, 0x19, 0x92, 0x19, 0x92, 0x19, 0x92, 0x19, 0x92, 0x19, 0x92, 0x19, 0x92, 0x19, 0x92, 0x19, 0x92, 0x19, 0x92, 0x19, 0x92, 0x19, 0x92, 0x19, 0x92, 0x19,
  0x92, 0x19, 0x92, 0x19, 0x92, 0x19, 0x92, 0x19, 0x92, 0x19, 0x92, 0x19, 0x92, 0x19, 0x92, 0x19, 0x92, 0x19, 0x92, 0x19, 0x92, 0x19, 0x92, 0x19, 0x92, 0x19, 0x92, 0x19, 0x92, 0x19, 0x92, 0x19,
  0x92, 0x19, 0x92, 0x19, 0x92, 0x19, 0x92, 0x19, 0x92, 0x19, 0x92, 0x19, 0x92, 0x19, 0x92, 0x19, 0x92, 0x19, 0x92, 0x19, 0x92, 0x19, 0x92, 0x19, 0x92, 0x19, 0x92, 0x19, 0x92, 0x19, 0x92, 0x19,
  0x92, 0x19, 0x92, 0x19, 0x92, 0x19, 0x92, 0x19, 0x92, 0x19, 0x92, 0x19, 0x92, 0x19, 0x92, 0x19, 0x92, 0x19, 0x92, 0x19, 0x92, 0x19, 0x92, 0x19, 0x92, 0x19, 0x92, 0x19, 0x92, 0x19, 0x92, 0x19,
  0x7b, 0x2a, 0x7b, 0x2a, 0x7c, 0x2a, 0xb5, 0x21, 0x63, 0x09, 0xfe, 0x37, 0xdb, 0x37, 0xdb, 0x37, 0xdb, 0x37, 0xdb, 0x37, 0xdb, 0x37, 0xdb, 0x37, 0xdb, 0x37, 0xdb, 0x37, 0xdb, 0x37, 0xdb, 0x37,
  0xfb, 0x37, 0xfc, 0x37, 0x00, 0x00, 0x00, 0x00, 0x00, 0x00, 0x00, 0x00, 0x61, 0x00, 0xed, 0x1b, 0xdb, 0x37, 0xfe, 0x3f, 0xd7, 0x2e, 0xf4, 0x25, 0x27, 0x12, 0x00, 0x00, 0x00, 0x00, 0x21, 0x00,
  0x68, 0x12, 0xfc, 0x37, 0x52, 0x25, 0x73, 0x25, 0x73, 0x25, 0x73, 0x25, 0x73, 0x25, 0xb7, 0x2e, 0xfd, 0x37, 0xfb, 0x37, 0xdb, 0x37, 0xdb, 0x37, 0xdb, 0x37, 0xdb, 0x37, 0xdb, 0x37, 0xdb, 0x37,
  0xdb, 0x37, 0xdb, 0x37, 0xdb, 0x37, 0xdb, 0x37, 0xdb, 0x37, 0xdb, 0x37, 0xfb, 0x37, 0x39, 0x2f, 0x24, 0x11, 0x30, 0x95, 0xfa, 0xe7, 0xb9, 0xdf, 0xb9, 0xdf, 0xd9, 0xdf, 0x37, 0xcf, 0x0a, 0x5b,
  0xa5, 0x31, 0x85, 0x29, 0xa5, 0x29, 0xa5, 0x29, 0xa5, 0x29, 0xa5, 0x29, 0xa5, 0x29, 0xa5, 0x29, 0xa5, 0x29, 0xa5, 0x29, 0xa5, 0x29, 0xa5, 0x29, 0xa5, 0x29, 0xa5, 0x29, 0xe6, 0x39, 0x0d, 0x6c,
  0xfb, 0xdf, 0x99, 0xd7, 0x99, 0xcf, 0x99, 0xcf, 0x99, 0xcf, 0x99, 0xcf, 0x99, 0xcf, 0x99, 0xcf, 0x99, 0xcf, 0x99, 0xcf, 0x7a, 0xcf, 0x7a, 0xcf, 0x9a, 0xcf, 0x79, 0xcf, 0x79, 0xcf, 0x7a, 0xcf,
  0x7a, 0xcf, 0x7a, 0xcf, 0x7a, 0xcf, 0x7a, 0xc7, 0x7a, 0xc7, 0x7a, 0xc7, 0x7a, 0xc7, 0x7a, 0xc7, 0x7a, 0xc7, 0x7a, 0xc7, 0x7a, 0xc7, 0x5a, 0xc7, 0x7a, 0xc7, 0x5a, 0xc7, 0x5a, 0xc7, 0x5a, 0xc7,
  0x5a, 0xc7, 0x5a, 0xc7, 0x5a, 0xc7, 0x5a, 0xc7, 0x5a, 0xbf, 0x5a, 0xbf, 0x5a, 0xbf, 0x5a, 0xbf, 0x5a, 0xbf, 0x5a, 0xbf, 0x3a, 0xbf, 0x5a, 0xbf, 0x3a, 0xbf, 0x3a, 0xbf, 0x3a, 0xbf, 0x3a, 0xbf,
  0x3a, 0xbf, 0x3a, 0xbf, 0x3a, 0xbf, 0x3a, 0xb7, 0x3a, 0xb7, 0x3a, 0xb7, 0x3a, 0xb7, 0x3a, 0xb7, 0x3b, 0xb7, 0x1b, 0xb7, 0x1a, 0xb7, 0x1a, 0xb7, 0x1b, 0xb7, 0x1b, 0xb7, 0x1b, 0xb7, 0x1b, 0xb7,
  0x1b, 0xb7, 0x1b, 0xaf, 0x1b, 0xaf, 0x1b, 0xaf, 0x1b, 0xaf, 0x1b, 0xaf, 0xfb, 0xae, 0x1b, 0xaf, 0xfb, 0xae, 0xfb, 0xae, 0xfb, 0xae, 0xfb, 0xae, 0xfb, 0xae, 0xfb, 0xae, 0xfb, 0xa6, 0xfb, 0xa6,
  0xfb, 0xa6, 0xfb, 0xa6, 0xfb, 0xa6, 0xdb, 0xa6, 0xdb, 0xa6, 0xdb, 0xa6, 0xdb, 0xa6, 0x3d, 0xaf, 0x2d, 0x5b, 0x2e, 0x24, 0xfc, 0x37, 0xdb, 0x37, 0xfb, 0x37, 0x18, 0x2f, 0x2b, 0x13, 0x4e, 0x19,
  0x92, 0x19, 0x92, 0x19, 0x92, 0x19, 0x92, 0x19, 0x92, 0x19, 0x92, 0x19, 0x92, 0x19, 0x92, 0x19, 0x92, 0x19, 0x92, 0x19, 0x92, 0x19, 0x92, 0x19, 0x92, 0x19, 0x92, 0x19, 0x92, 0x19, 0x92, 0x19,
  0x92, 0x19, 0x92, 0x19, 0x92, 0x19, 0x92, 0x19, 0x92, 0x19, 0x92, 0x19, 0x92, 0x19, 0x92, 0x19, 0x92, 0x19, 0x92, 0x19, 0x92, 0x19, 0x92, 0x19, 0x92, 0x19, 0x92, 0x19, 0x92, 0x19, 0x92, 0x19,
  0x92, 0x19, 0x92, 0x19, 0x92, 0x19, 0x92, 0x19, 0x92, 0x19, 0x92, 0x19, 0x92, 0x19, 0x92, 0x19, 0x92, 0x19, 0x92, 0x19, 0x92, 0x19, 0x92, 0x19, 0x92, 0x19, 0x92, 0x19, 0x92, 0x19, 0x92, 0x19,
  0x92, 0x19, 0x92, 0x19, 0x92, 0x19, 0x92, 0x19, 0x92, 0x19, 0x92, 0x19, 0x92, 0x19, 0x92, 0x19, 0x92, 0x19, 0x92, 0x19, 0x92, 0x19, 0x92, 0x19, 0x92, 0x19, 0x92, 0x19, 0x92, 0x19, 0x92, 0x19,
  0x92, 0x19, 0x92, 0x19, 0x92, 0x19, 0x92, 0x19, 0x92, 0x19, 0x92, 0x19, 0x92, 0x19, 0x92, 0x19, 0x92, 0x19, 0x92, 0x19, 0x92, 0x19, 0x92, 0x19, 0x92, 0x19, 0x92, 0x19, 0x92, 0x19, 0x92, 0x19,
  0x92, 0x19, 0x92, 0x19, 0x92, 0x19, 0x92, 0x19, 0x92, 0x19, 0x92, 0x19, 0x92, 0x19, 0x92, 0x19, 0x92, 0x19, 0x92, 0x19, 0x92, 0x19, 0x92, 0x19, 0x92, 0x19, 0x92, 0x19, 0x92, 0x19, 0x92, 0x19,
  0x92, 0x19, 0x92, 0x19, 0x92, 0x19, 0x92, 0x19, 0x92, 0x19, 0x92, 0x19, 0x92, 0x19, 0x92, 0x19, 0x92, 0x19, 0x92, 0x19, 0x92, 0x19, 0x92, 0x19, 0x92, 0x19, 0x92, 0x19, 0x92, 0x19, 0x92, 0x19,
  0x92, 0x19, 0x92, 0x19, 0x92, 0x19, 0x92, 0x19, 0x92, 0x19, 0x92, 0x19, 0x92, 0x19, 0x92, 0x19, 0x92, 0x19, 0x92, 0x19, 0x92, 0x19, 0x92, 0x19, 0x92, 0x19, 0x92, 0x19, 0x92, 0x19, 0x92, 0x19,
  0x92, 0x19, 0x92, 0x19, 0x92, 0x19, 0x92, 0x19, 0x92, 0x19, 0x92, 0x19, 0x92, 0x19, 0x92, 0x19, 0x92, 0x19, 0x92, 0x19, 0x92, 0x19, 0x92, 0x19, 0x92, 0x19, 0x92, 0x19, 0x92, 0x19, 0x92, 0x19,
  0x7b, 0x2a, 0x7b, 0x2a, 0x7c, 0x2a, 0xb5, 0x21, 0x63, 0x09, 0xfe, 0x37, 0xdb, 0x37, 0xdb, 0x37, 0xdb, 0x37, 0xdb, 0x37, 0xdb, 0x37, 0xdb, 0x37, 0xdb, 0x37, 0xdb, 0x37, 0xdb, 0x37, 0xdb, 0x37,
  0xfb, 0x37, 0xfc, 0x37, 0x00, 0x00, 0x00, 0x00, 0x00, 0x00, 0xe7, 0x09, 0x4f, 0x1c, 0xff, 0x3f, 0xdb, 0x37, 0x93, 0x25, 0x65, 0x09, 0x00, 0x00, 0x4f, 0x1c, 0xa9, 0x12, 0x68, 0x12, 0xa5, 0x09,
  0x4f, 0x1c, 0x35, 0x2e, 0x7a, 0x37, 0xfb, 0x37, 0xfd, 0x37, 0xfd, 0x37, 0xfd, 0x37, 0xfd, 0x37, 0xfc, 0x37, 0xfc, 0x37, 0xdb, 0x37, 0xdb, 0x37, 0xdb, 0x37, 0xdb, 0x37, 0xdb, 0x37, 0xdb, 0x37,
  0xdb, 0x37, 0xdb, 0x37, 0xdb, 0x37, 0xdb, 0x37, 0xdb, 0x37, 0xdb, 0x37, 0xfb, 0x37, 0x39, 0x2f, 0x24, 0x11, 0x30, 0x95, 0xfa, 0xe7, 0xb9, 0xdf, 0xb9, 0xd7, 0xb9, 0xd7, 0xda, 0xdf, 0xfa, 0xe7,
  0x17, 0xc7, 0xd6, 0xbe, 0xd6, 0xbe, 0xd6, 0xbe, 0xd6, 0xbe, 0xd6, 0xbe, 0xd6, 0xbe, 0xd6, 0xbe, 0xd6, 0xbe, 0xd6, 0xbe, 0xb6, 0xbe, 0xd6, 0xbe, 0xb6, 0xbe, 0xd6, 0xbe, 0x58, 0xcf, 0xfb, 0xdf,
  0x99, 0xd7, 0x99, 0xcf, 0x99, 0xcf, 0x99, 0xcf, 0x99, 0xcf, 0x99, 0xcf, 0x99, 0xcf, 0x99, 0xcf, 0x7a, 0xcf, 0x7a, 0xcf, 0x9a, 0xcf, 0x99, 0xcf, 0x79, 0xcf, 0x7a, 0xcf, 0x7a, 0xcf, 0x7a, 0xcf,
  0x7a, 0xcf, 0x7a, 0xc7, 0x7a, 0xc7, 0x7a, 0xc7, 0x7a, 0xc7, 0x7a, 0xc7, 0x7a, 0xc7, 0x7a, 0xc7, 0x7a, 0xc7, 0x5a, 0xc7, 0x7a, 0xc7, 0x5a, 0xc7, 0x5a, 0xc7, 0x5a, 0xc7, 0x5a, 0xc7, 0x5a, 0xc7,
  0x5a, 0xc7, 0x5a, 0xc7, 0x5a, 0xbf, 0x5a, 0xbf, 0x5a, 0xbf, 0x5a, 0xbf, 0x5a, 0xbf, 0x5a, 0xbf, 0x3a, 0xbf, 0x5a, 0xbf, 0x3a, 0xbf, 0x3a, 0xbf, 0x3a, 0xbf, 0x3a, 0xbf, 0x3a, 0xbf, 0x3a, 0xbf,
  0x3a, 0xbf, 0x3a, 0xb7, 0x3a, 0xb7, 0x3a, 0xb7, 0x3a, 0xb7, 0x3a, 0xb7, 0x3b, 0xb7, 0x3b, 0xb7, 0x1a, 0xb7, 0x1a, 0xb7, 0x1b, 0xb7, 0x1b, 0xb7, 0x1b, 0xb7, 0x1b, 0xb7, 0x1b, 0xb7, 0x1b, 0xaf,
  0x1b, 0xaf, 0x1b, 0xaf, 0x1b, 0xaf, 0x1b, 0xaf, 0xfb, 0xae, 0xfb, 0xae, 0x1b, 0xaf, 0xfb, 0xae, 0xfb, 0xae, 0xfb, 0xae, 0xfb, 0xae, 0xfb, 0xae, 0xfb, 0xa6, 0xfb, 0xa6, 0xfb, 0xa6, 0xfb, 0xa6,
  0xfb, 0xa6, 0xfb, 0xa6, 0xdb, 0xa6, 0xdb, 0xa6, 0xdb, 0xa6, 0xdb, 0xa6, 0xdb, 0xa6, 0x3d, 0xaf, 0x2d, 0x5b, 0x2e, 0x24, 0xfc, 0x37, 0xdb, 0x37, 0xfb, 0x37, 0x18, 0x2f, 0x2b, 0x13, 0x4e, 0x19,
  0x92, 0x19, 0x92, 0x19, 0x92, 0x19, 0x92, 0x19, 0x92, 0x19, 0x92, 0x19, 0x92, 0x19, 0x92, 0x19, 0x92, 0x19, 0x92, 0x19, 0x92, 0x19, 0x92, 0x19, 0x92, 0x19, 0x92, 0x19, 0x92, 0x19, 0x92, 0x19,
  0x92, 0x19, 0x92, 0x19, 0x92, 0x19, 0x92, 0x19, 0x92, 0x19, 0x92, 0x19, 0x92, 0x19, 0x92, 0x19, 0x92, 0x19, 0x92, 0x19, 0x92, 0x19, 0x92, 0x19, 0x92, 0x19, 0x92, 0x19, 0x92, 0x19, 0x92, 0x19,
  0x92, 0x19, 0x92, 0x19, 0x92, 0x19, 0x92, 0x19, 0x92, 0x19, 0x92, 0x19, 0x92, 0x19, 0x92, 0x19, 0x92, 0x19, 0x92, 0x19, 0x92, 0x19, 0x92, 0x19, 0x92, 0x19, 0x92, 0x19, 0x92, 0x19, 0x92, 0x19,
  0x92, 0x19, 0x92, 0x19, 0x92, 0x19, 0x92, 0x19, 0x92, 0x19, 0x92, 0x19, 0x92, 0x19, 0x92, 0x19, 0x92, 0x19, 0x92, 0x19, 0x92, 0x19, 0x92, 0x19, 0x92, 0x19, 0x92, 0x19, 0x92, 0x19, 0x92, 0x19,
  0x92, 0x19, 0x92, 0x19, 0x92, 0x19, 0x92, 0x19, 0x92, 0x19, 0x92, 0x19, 0x92, 0x19, 0x92, 0x19, 0x92, 0x19, 0x92, 0x19, 0x92, 0x19, 0x92, 0x19, 0x92, 0x19, 0x92, 0x19, 0x92, 0x19, 0x92, 0x19,
  0x92, 0x19, 0x92, 0x19, 0x92, 0x19, 0x92, 0x19, 0x92, 0x19, 0x92, 0x19, 0x92, 0x19, 0x92, 0x19, 0x92, 0x19, 0x92, 0x19, 0x92, 0x19, 0x92, 0x19, 0x92, 0x19, 0x92, 0x19, 0x92, 0x19, 0x92, 0x19,
  0x92, 0x19, 0x92, 0x19, 0x92, 0x19, 0x92, 0x19, 0x92, 0x19, 0x92, 0x19, 0x92, 0x19, 0x92, 0x19, 0x92, 0x19, 0x92, 0x19, 0x92, 0x19, 0x92, 0x19, 0x92, 0x19, 0x92, 0x19, 0x92, 0x19, 0x92, 0x19,
  0x92, 0x19, 0x92, 0x19, 0x92, 0x19, 0x92, 0x19, 0x92, 0x19, 0x92, 0x19, 0x92, 0x19, 0x92, 0x19, 0x92, 0x19, 0x92, 0x19, 0x92, 0x19, 0x92, 0x19, 0x92, 0x19, 0x92, 0x19, 0x92, 0x19, 0x92, 0x19,
  0x92, 0x19, 0x92, 0x19, 0x92, 0x19, 0x92, 0x19, 0x92, 0x19, 0x92, 0x19, 0x92, 0x19, 0x92, 0x19, 0x92, 0x19, 0x92, 0x19, 0x92, 0x19, 0x92, 0x19, 0x92, 0x19, 0x92, 0x19, 0x92, 0x19, 0x92, 0x19,
  0x7b, 0x2a, 0x5b, 0x2a, 0x7c, 0x2a, 0xb5, 0x21, 0x63, 0x09, 0xfe, 0x37, 0xdb, 0x37, 0xdb, 0x37, 0xdb, 0x37, 0xdb, 0x37, 0xdb, 0x37, 0xdb, 0x37, 0xdb, 0x37, 0xdb, 0x37, 0xdb, 0x37, 0xdb, 0x37,
  0xdb, 0x37, 0xfc, 0x37, 0xcd, 0x1b, 0x65, 0x09, 0x6c, 0x1b, 0xbb, 0x37, 0xfd, 0x37, 0x19, 0x2f, 0x0e, 0x1c, 0x00, 0x00, 0x00, 0x00, 0x00, 0x00, 0x00, 0x00, 0xfe, 0x37, 0xfe, 0x37, 0x65, 0x09,
  0x00, 0x00, 0x41, 0x00, 0x0a, 0x13, 0x0e, 0x1c, 0x32, 0x25, 0x73, 0x25, 0x73, 0x25, 0x73, 0x25, 0x73, 0x25, 0x35, 0x2e, 0xfc, 0x37, 0xdb, 0x37, 0xdb, 0x37, 0xdb, 0x37, 0xdb, 0x37, 0xdb, 0x37,
  0xdb, 0x37, 0xdb, 0x37, 0xdb, 0x37, 0xdb, 0x37, 0xdb, 0x37, 0xdb, 0x37, 0xfb, 0x37, 0x39, 0x2f, 0x24, 0x11, 0x10, 0x95, 0xfa, 0xe7, 0xb9, 0xd7, 0xb9, 0xd7, 0xb9, 0xd7, 0xb9, 0xd7, 0xb9, 0xd7,
  0xd9, 0xdf, 0xda, 0xdf, 0xda, 0xdf, 0xda, 0xdf, 0xda, 0xdf, 0xda, 0xd7, 0xda, 0xdf, 0xda, 0xd7, 0xda, 0xd7, 0xda, 0xd7, 0xba, 0xd7, 0xda, 0xd7, 0xba, 0xd7, 0xba, 0xd7, 0xba, 0xd7, 0x99, 0xcf,
  0x99, 0xcf, 0x99, 0xcf, 0x99, 0xcf, 0x99, 0xcf, 0x99, 0xcf, 0x99, 0xcf, 0x7a, 0xcf, 0x7a, 0xcf, 0x9a, 0xcf, 0x99, 0xcf, 0x79, 0xcf, 0x7a, 0xcf, 0x7a, 0xcf, 0x7a, 0xcf, 0x7a, 0xcf, 0x7a, 0xc7,
  0x7a, 0xc7, 0x7a, 0xc7, 0x7a, 0xc7, 0x7a, 0xc7, 0x7a, 0xc7, 0x7a, 0xc7, 0x7a, 0xc7, 0x5a, 0xc7, 0x7a, 0xc7, 0x5a, 0xc7, 0x5a, 0xc7, 0x5a, 0xc7, 0x5a, 0xc7, 0x5a, 0xc7, 0x5a, 0xc7, 0x5a, 0xc7,
  0x5a, 0xbf, 0x5a, 0xbf, 0x5a, 0xbf, 0x5a, 0xbf, 0x5a, 0xbf, 0x5a, 0xbf, 0x5a, 0xbf, 0x3a, 0xbf, 0x5a, 0xbf, 0x3a, 0xbf, 0x3a, 0xbf, 0x3a, 0xbf, 0x3a, 0xbf, 0x3a, 0xbf, 0x3a, 0xbf, 0x3a, 0xbf,
  0x3a, 0xb7, 0x3a, 0xb7, 0x3a, 0xb7, 0x3a, 0xb7, 0x3a, 0xb7, 0x3b, 0xb7, 0x1a, 0xb7, 0x1a, 0xb7, 0x1b, 0xb7, 0x1b, 0xb7, 0x1b, 0xb7, 0x1b, 0xb7, 0x1b, 0xb7, 0x1b, 0xb7, 0x1b, 0xaf, 0x1b, 0xaf,
  0x1b, 0xaf, 0x1b, 0xaf, 0x1b, 0xaf, 0xfb, 0xae, 0x1b, 0xaf, 0xfb, 0xae, 0xfb, 0xae, 0xfb, 0xae, 0xfb, 0xae, 0xfb, 0xae, 0xfb, 0xa6, 0xfb, 0xa6, 0xfb, 0xa6, 0xfb, 0xa6, 0xfb, 0xa6, 0xfb, 0xa6,
  0xdb, 0xa6, 0xdb, 0xa6, 0xdb, 0xa6, 0xdb, 0xa6, 0xdb, 0xa6, 0xdb, 0xa6, 0xdb, 0x9e, 0x3d, 0xa7, 0x2d, 0x5b, 0x2e, 0x24, 0xfc, 0x37, 0xdb, 0x37, 0xfb, 0x37, 0x18, 0x2f, 0x2b, 0x13, 0x4e, 0x19,
  0x92, 0x19, 0x92, 0x19, 0x92, 0x19, 0x92, 0x19, 0x92, 0x19, 0x92, 0x19, 0x92, 0x19, 0x92, 0x19, 0x92, 0x19, 0x92, 0x19, 0x92, 0x19, 0x92, 0x19, 0x92, 0x19, 0x92, 0x19, 0x92, 0x19, 0x92, 0x19,
  0x92, 0x19, 0x92, 0x19, 0x92, 0x19, 0x92, 0x19, 0x92, 0x19, 0x92, 0x19, 0x92, 0x19, 0x92, 0x19, 0x92, 0x19, 0x92, 0x19, 0x92, 0x19, 0x92, 0x19, 0x92, 0x19, 0x92, 0x19, 0x92, 0x19, 0x92, 0x19,
  0x92, 0x19, 0x92, 0x19, 0x92, 0x19, 0x92, 0x19, 0x92, 0x19, 0x92, 0x19, 0x92, 0x19, 0x92, 0x19, 0x92, 0x19, 0x92, 0x19, 0x92, 0x19, 0x92, 0x19, 0x92, 0x19, 0x92, 0x19, 0x92, 0x19, 0x92, 0x19,
  0x92, 0x19, 0x92, 0x19, 0x92, 0x19, 0x92, 0x19, 0x92, 0x19, 0x92, 0x19, 0x92, 0x19, 0x92, 0x19, 0x92, 0x19, 0x92, 0x19, 0x92, 0x19, 0x92, 0x19, 0x92, 0x19, 0x92, 0x19, 0x92, 0x19, 0x92, 0x19,
  0x92, 0x19, 0x92, 0x19, 0x92, 0x19, 0x92, 0x19, 0x92, 0x19, 0x92, 0x19, 0x92, 0x19, 0x92, 0x19, 0x92, 0x19, 0x92, 0x19, 0x92, 0x19, 0x92, 0x19, 0x92, 0x19, 0x92, 0x19, 0x92, 0x19, 0x92, 0x19,
  0x92, 0x19, 0x92, 0x19, 0x92, 0x19, 0x92, 0x19, 0x92, 0x19, 0x92, 0x19, 0x92, 0x19, 0x92, 0x19, 0x92, 0x19, 0x92, 0x19, 0x92, 0x19, 0x92, 0x19, 0x92, 0x19, 0x92, 0x19, 0x92, 0x19, 0x92, 0x19,
  0x92, 0x19, 0x92, 0x19, 0x92, 0x19, 0x92, 0x19, 0x92, 0x19, 0x92, 0x19, 0x92, 0x19, 0x92, 0x19, 0x92, 0x19, 0x92, 0x19, 0x92, 0x19, 0x92, 0x19, 0x92, 0x19, 0x92, 0x19, 0x92, 0x19, 0x92, 0x19,
  0x92, 0x19, 0x92, 0x19, 0x92, 0x19, 0x92, 0x19, 0x92, 0x19, 0x92, 0x19, 0x92, 0x19, 0x92, 0x19, 0x92, 0x19, 0x92, 0x19, 0x92, 0x19, 0x92, 0x19, 0x92, 0x19, 0x92, 0x19, 0x92, 0x19, 0x92, 0x19,
  0x92, 0x19, 0x92, 0x19, 0x92, 0x19, 0x92, 0x19, 0x92, 0x19, 0x92, 0x19, 0x92, 0x19, 0x92, 0x19, 0x92, 0x19, 0x92, 0x19, 0x92, 0x19, 0x92, 0x19, 0x92, 0x19, 0x92, 0x19, 0x92, 0x19, 0x71, 0x19,
  0x5b, 0x2a, 0x7b, 0x2a, 0x7b, 0x2a, 0xb5, 0x21, 0x63, 0x09, 0xfe, 0x37, 0xdb, 0x37, 0xdb, 0x37, 0xdb, 0x37, 0xdb, 0x37, 0xdb, 0x37, 0xdb, 0x37, 0xdb, 0x37, 0xdb, 0x37, 0xdb, 0x37, 0xdb, 0x37,
  0xdb, 0x37, 0xfb, 0x37, 0xfd, 0x37, 0xf8, 0x2e, 0xfd, 0x37, 0xfc, 0x37, 0x9a, 0x37, 0xa9, 0x12, 0x00, 0x00, 0x00, 0x00, 0x00, 0x00, 0x00, 0x00, 0x00, 0x00, 0xff, 0x3f, 0xdb, 0x37, 0x00, 0x00,
  0x00, 0x00, 0x00, 0x00, 0x00, 0x00, 0x00, 0x00, 0x00, 0x00, 0x00, 0x00, 0x00, 0x00, 0x00, 0x00, 0x00, 0x00, 0x24, 0x09, 0xfc, 0x37, 0xfb, 0x37, 0xdb, 0x37, 0xdb, 0x37, 0xdb, 0x37, 0xdb, 0x37,
  0xdb, 0x37, 0xdb, 0x37, 0xdb, 0x37, 0xdb, 0x37, 0xdb, 0x37, 0xdb, 0x37, 0xfb, 0x37, 0x39, 0x2f, 0x24, 0x11, 0x10, 0x95, 0xfa, 0xe7, 0xb9, 0xd7, 0xb9, 0xd7, 0xb9, 0xd7, 0xb9, 0xd7, 0xb9, 0xd7,
  0xb9, 0xd7, 0xb9, 0xd7, 0xb9, 0xd7, 0x99, 0xd7, 0xb9, 0xd7, 0xb9, 0xd7, 0x99, 0xd7, 0x99, 0xd7, 0x99, 0xd7, 0x99, 0xd7, 0x99, 0xd7, 0x99, 0xd7, 0x99, 0xcf, 0x99, 0xcf, 0x99, 0xcf, 0x99, 0xcf,
  0x99, 0xcf, 0x99, 0xcf, 0x99, 0xcf, 0x99, 0xcf, 0x99, 0xcf, 0x7a, 0xcf, 0x9a, 0xcf, 0x9a, 0xcf, 0x79, 0xcf, 0x7a, 0xcf, 0x7a, 0xcf, 0x7a, 0xcf, 0x7a, 0xcf, 0x7a, 0xcf, 0x7a, 0xc7, 0x7a, 0xc7,
  0x7a, 0xc7, 0x7a, 0xc7, 0x7a, 0xc7, 0x7a, 0xc7, 0x7a, 0xc7, 0x5a, 0xc7, 0x5a, 0xc7, 0x7a, 0xc7, 0x5a, 0xc7, 0x5a, 0xc7, 0x5a, 0xc7, 0x5a, 0xc7, 0x5a, 0xc7, 0x5a, 0xc7, 0x5a, 0xbf, 0x5a, 0xbf,
  0x5a, 0xbf, 0x5a, 0xbf, 0x5a, 0xbf, 0x5a, 0xbf, 0x5a, 0xbf, 0x3a, 0xbf, 0x5a, 0xbf, 0x3a, 0xbf, 0x3a, 0xbf, 0x3a, 0xbf, 0x3a, 0xbf, 0x3a, 0xbf, 0x3a, 0xbf, 0x3a, 0xbf, 0x3a, 0xb7, 0x3a, 0xb7,
  0x3a, 0xb7, 0x3a, 0xb7, 0x3a, 0xb7, 0x3b, 0xb7, 0x1b, 0xb7, 0x1a, 0xb7, 0x1b, 0xb7, 0x1b, 0xb7, 0x1b, 0xb7, 0x1b, 0xb7, 0x1b, 0xb7, 0x1b, 0xb7, 0x1b, 0xaf, 0x1b, 0xaf, 0x1b, 0xaf, 0x1b, 0xaf,
  0x1b, 0xaf, 0xfb, 0xae, 0x1b, 0xaf, 0xfb, 0xae, 0xfb, 0xae, 0xfb, 0xae, 0xfb, 0xae, 0xfb, 0xae, 0xfb, 0xae, 0xfb, 0xa6, 0xfb, 0xa6, 0xfb, 0xa6, 0xfb, 0xa6, 0xfb, 0xa6, 0xfb, 0xa6, 0xdb, 0xa6,
  0xdb, 0xa6, 0xdb, 0xa6, 0xdb, 0xa6, 0xdb, 0xa6, 0xdb, 0xa6, 0xdb, 0x9e, 0xdb, 0x9e, 0x3d, 0xa7, 0x0d, 0x5b, 0x2e, 0x24, 0xfc, 0x37, 0xdb, 0x37, 0xfb, 0x37, 0x18, 0x2f, 0x2b, 0x13, 0x4e, 0x19,
  0x71, 0x19, 0x71, 0x19, 0x71, 0x19, 0x71, 0x19, 0x71, 0x19, 0x71, 0x19, 0x71, 0x19, 0x71, 0x19, 0x71, 0x19, 0x71, 0x19, 0x71, 0x19, 0x71, 0x19, 0x71, 0x19, 0x71, 0x19, 0x71, 0x19, 0x71, 0x19,
  0xee, 0x31, 0x0d, 0x42, 0x0c, 0x42, 0x0c, 0x42, 0x0d, 0x42, 0xed, 0x41, 0x0d, 0x42, 0x0d, 0x3a, 0x0d, 0x42, 0x6f, 0x21, 0x71, 0x19, 0x71, 0x19, 0x71, 0x19, 0x90, 0x21, 0x0e, 0x42, 0xec, 0x41,
  0x0c, 0x3a, 0xed, 0x39, 0x0d, 0x42, 0x0d, 0x42, 0x0d, 0x42, 0x0d, 0x42, 0x0d, 0x42, 0xed, 0x39, 0x0d, 0x42, 0xcf, 0x29, 0x71, 0x19, 0xed, 0x39, 0xec, 0x41, 0xec, 0x41, 0x0c, 0x42, 0x0d, 0x42,
  0x0d, 0x42, 0xed, 0x41, 0xed, 0x39, 0x0d, 0x3a, 0x0d, 0x3a, 0x0e, 0x3a, 0x50, 0x19, 0x71, 0x19, 0x71, 0x19, 0x71, 0x19, 0xce, 0x29, 0x0d, 0x42, 0x0d, 0x3a, 0x0d, 0x42, 0x0d, 0x42, 0xec, 0x41,
  0x0d, 0x42, 0x0d, 0x42, 0x0d, 0x42, 0x0d, 0x3a, 0x0d, 0x42, 0xae, 0x29, 0x71, 0x19, 0x71, 0x19, 0x71, 0x19, 0x90, 0x21, 0x0e, 0x42, 0xec, 0x41, 0x0c, 0x42, 0x0d, 0x42, 0x0d, 0x42, 0x0c, 0x42,
  0x0d, 0x42, 0x0d, 0x3a, 0x0d, 0x3a, 0xed, 0x39, 0x0d, 0x3a, 0xcf, 0x29, 0x71, 0x19, 0xee, 0x31, 0xec, 0x41, 0xed, 0x41, 0xef, 0x31, 0x71, 0x19, 0x71, 0x19, 0x71, 0x19, 0x71, 0x19, 0x71, 0x19,
  0x71, 0x19, 0x71, 0x19, 0x90, 0x21, 0x0e, 0x3a, 0x0d, 0x3a, 0x0e, 0x3a, 0x90, 0x21, 0xed, 0x31, 0x0d, 0x42, 0xed, 0x39, 0xed, 0x39, 0x0d, 0x42, 0x0d, 0x3a, 0x0d, 0x3a, 0x0d, 0x42, 0x0d, 0x42,
  0x0d, 0x42, 0x0d, 0x3a, 0x0d, 0x3a, 0x0d, 0x3a, 0xed, 0x39, 0x0d, 0x3a, 0xed, 0x39, 0x0e, 0x3a, 0xd1, 0x21, 0x71, 0x19, 0x71, 0x19, 0x71, 0x19, 0x71, 0x19, 0x71, 0x19, 0x71, 0x19, 0xaf, 0x21,
  0x0d, 0x42, 0x0e, 0x42, 0xd0, 0x29, 0x71, 0x19, 0x71, 0x19, 0x71, 0x19, 0x71, 0x19, 0x71, 0x19, 0x71, 0x19, 0x71, 0x19, 0x71, 0x19, 0x71, 0x19, 0x71, 0x19, 0x71, 0x19, 0x71, 0x19, 0x91, 0x19,
  0x7b, 0x2a, 0x7b, 0x2a, 0x7b, 0x2a, 0xb5, 0x21, 0x63, 0x09, 0xfe, 0x37, 0xdb, 0x37, 0xdb, 0x37, 0xdb, 0x37, 0xdb, 0x37, 0xdb, 0x37, 0xdb, 0x37, 0xdb, 0x37, 0xdb, 0x37, 0xdb, 0x37, 0xdb, 0x37,
  0xdb, 0x37, 0xdb, 0x37, 0xdb, 0x37, 0xfb, 0x37, 0xdb, 0x37, 0xfb, 0x37, 0xf4, 0x25, 0x00, 0x00, 0x00, 0x00, 0x00, 0x00, 0x00, 0x00, 0x00, 0x00, 0x00, 0x00, 0xfd, 0x37, 0xfb, 0x37, 0xe6, 0x09,
  0x00, 0x00, 0x00, 0x00, 0x00, 0x00, 0x00, 0x00, 0x00, 0x00, 0x00, 0x00, 0x00, 0x00, 0x00, 0x00, 0x00, 0x00, 0xa2, 0x00, 0xdb, 0x37, 0xfb, 0x37, 0xdb, 0x37, 0xdb, 0x37, 0xdb, 0x37, 0xdb, 0x37,
  0xdb, 0x37, 0xdb, 0x37, 0xdb, 0x37, 0xdb, 0x37, 0xdb, 0x37, 0xdb, 0x37, 0xfb, 0x37, 0x39, 0x2f, 0x24, 0x11, 0x10, 0x95, 0xfa, 0xdf, 0xb9, 0xd7, 0xb9, 0xd7, 0xb9, 0xd7, 0xb9, 0xd7, 0xb9, 0xd7,
  0xb9, 0xd7, 0xb9, 0xd7, 0xb9, 0xd7, 0xb9, 0xd7, 0xb9, 0xd7, 0xb9, 0xd7, 0xba, 0xd7, 0xba, 0xd7, 0xba, 0xd7, 0xba, 0xd7, 0xba, 0xd7, 0xba, 0xd7, 0xba, 0xd7, 0xba, 0xd7, 0x99, 0xcf, 0x99, 0xcf,
  0x99, 0xcf, 0x99, 0xcf, 0x99, 0xcf, 0x7a, 0xcf, 0x7a, 0xcf, 0x9a, 0xcf, 0x79, 0xcf, 0x79, 0xcf, 0x7a, 0xcf, 0x7a, 0xcf, 0x7a, 0xcf, 0x7a, 0xcf, 0x7a, 0xc7, 0x7a, 0xc7, 0x7a, 0xc7, 0x7a, 0xc7,
  0x7a, 0xc7, 0x7a, 0xc7, 0x7a, 0xc7, 0x7a, 0xc7, 0x5a, 0xc7, 0x7a, 0xc7, 0x5a, 0xc7, 0x5a, 0xc7, 0x5a, 0xc7, 0x5a, 0xc7, 0x5a, 0xc7, 0x5a, 0xc7, 0x5a, 0xc7, 0x5a, 0xbf, 0x5a, 0xbf, 0x5a, 0xbf,
  0x5a, 0xbf, 0x5a, 0xbf, 0x5a, 0xbf, 0x3a, 0xbf, 0x5a, 0xbf, 0x3a, 0xbf, 0x3a, 0xbf, 0x3a, 0xbf, 0x3a, 0xbf, 0x3a, 0xbf, 0x3a, 0xbf, 0x3a, 0xbf, 0x3a, 0xb7, 0x3a, 0xb7, 0x3a, 0xb7, 0x3a, 0xb7,
  0x3a, 0xb7, 0x3b, 0xb7, 0x1b, 0xb7, 0x1a, 0xb7, 0x1a, 0xb7, 0x1b, 0xb7, 0x1b, 0xb7, 0x1b, 0xb7, 0x1b, 0xb7, 0x1b, 0xb7, 0x1b, 0xaf, 0x1b, 0xaf, 0x1b, 0xaf, 0x1b, 0xaf, 0x1b, 0xaf, 0xfb, 0xae,
  0x1b, 0xaf, 0xfb, 0xae, 0xfb, 0xae, 0xfb, 0xae, 0xfb, 0xae, 0xfb, 0xae, 0xfb, 0xae, 0xfb, 0xa6, 0xfb, 0xa6, 0xfb, 0xa6, 0xfb, 0xa6, 0xfb, 0xa6, 0xfb, 0xa6, 0xdb, 0xa6, 0xdb, 0xa6, 0xdb, 0xa6,
  0xdb, 0xa6, 0xdb, 0xa6, 0xdb, 0xa6, 0xdb, 0x9e, 0xdb, 0x9e, 0xdb, 0x9e, 0xdb, 0x9e, 0x3d, 0xa7, 0x0d, 0x5b, 0x2e, 0x24, 0xfc, 0x37, 0xdb, 0x37, 0xfb, 0x37, 0x18, 0x2f, 0x2b, 0x13, 0x4e, 0x19,
  0x91, 0x19, 0x91, 0x19, 0x91, 0x19, 0x91, 0x19, 0x91, 0x19, 0x91, 0x19, 0x91, 0x19, 0x91, 0x19, 0x91, 0x19, 0x91, 0x19, 0x91, 0x19, 0x91, 0x19, 0x91, 0x19, 0x91, 0x19, 0x8e, 0x21, 0x69, 0x83,
  0x86, 0xe5, 0x84, 0xed, 0x84, 0xed, 0x64, 0xed, 0x65, 0xed, 0x65, 0xf5, 0x65, 0xed, 0x85, 0xed, 0xc6, 0xf5, 0x68, 0xac, 0xae, 0x21, 0x91, 0x19, 0x91, 0x19, 0x88, 0x83, 0xe7, 0xf5, 0x65, 0xf5,
  0x84, 0xed, 0x65, 0xed, 0x65, 0xf5, 0x65, 0xed, 0x85, 0xed, 0x65, 0xed, 0x65, 0xed, 0x44, 0xed, 0xc7, 0xf5, 0x0b, 0x6b, 0xab, 0x31, 0x87, 0xe5, 0x85, 0xf5, 0x85, 0xed, 0x84, 0xed, 0x85, 0xed,
  0x65, 0xed, 0x64, 0xed, 0x65, 0xed, 0x65, 0xed, 0x84, 0xed, 0xa7, 0xf5, 0xa8, 0x93, 0x6f, 0x19, 0x91, 0x19, 0x70, 0x19, 0x47, 0xb4, 0xc6, 0xfd, 0x85, 0xed, 0x84, 0xed, 0x65, 0xed, 0x85, 0xed,
  0x85, 0xed, 0x85, 0xed, 0x64, 0xed, 0x85, 0xed, 0xa5, 0xf5, 0x27, 0xd5, 0x0c, 0x3a, 0x91, 0x19, 0x91, 0x19, 0x69, 0x7b, 0xc7, 0xfd, 0x65, 0xf5, 0x85, 0xf5, 0x65, 0xed, 0x85, 0xed, 0x85, 0xf5,
  0x64, 0xf5, 0x65, 0xed, 0x65, 0xed, 0x45, 0xed, 0xc8, 0xf5, 0x2b, 0x6b, 0x8c, 0x29, 0x88, 0xe5, 0x64, 0xf5, 0xe7, 0xf5, 0xaa, 0x83, 0x91, 0x19, 0x91, 0x19, 0x91, 0x19, 0x91, 0x19, 0x91, 0x19,
  0x91, 0x19, 0x91, 0x19, 0x89, 0x8b, 0xc7, 0xf5, 0x84, 0xed, 0x48, 0xd5, 0x67, 0x62, 0x47, 0xe5, 0x85, 0xed, 0x65, 0xed, 0x65, 0xed, 0x85, 0xf5, 0x85, 0xf5, 0x85, 0xf5, 0x85, 0xf5, 0x65, 0xf5,
  0x64, 0xf5, 0x65, 0xed, 0x85, 0xed, 0x66, 0xed, 0x45, 0xe5, 0x85, 0xed, 0x64, 0xf5, 0xc8, 0xf5, 0x8d, 0x52, 0x91, 0x19, 0x91, 0x19, 0x91, 0x19, 0x91, 0x19, 0x91, 0x19, 0x91, 0x19, 0xc9, 0x8b,
  0xc6, 0xfd, 0xe7, 0xfd, 0x8c, 0x83, 0x91, 0x19, 0x91, 0x19, 0x91, 0x19, 0x91, 0x19, 0x91, 0x19, 0x91, 0x19, 0x91, 0x19, 0x91, 0x19, 0x91, 0x19, 0x91, 0x19, 0x91, 0x19, 0x91, 0x19, 0x91, 0x19,
  0x5b, 0x2a, 0x5b, 0x2a, 0x7b, 0x2a, 0xb5, 0x21, 0x63, 0x09, 0xfe, 0x37, 0xdb, 0x37, 0xdb, 0x37, 0xdb, 0x37, 0xdb, 0x37, 0xdb, 0x37, 0xdb, 0x37, 0xdb, 0x37, 0xdb, 0x37, 0xdb, 0x37, 0xdb, 0x37,
  0xdb, 0x37, 0xdb, 0x37, 0xdb, 0x37, 0xdb, 0x37, 0xfb, 0x37, 0xfc, 0x37, 0xad, 0x1b, 0x00, 0x00, 0x00, 0x00, 0x00, 0x00, 0x00, 0x00, 0x00, 0x00, 0x00, 0x00, 0xf8, 0x2e, 0xfc, 0x37, 0x0e, 0x1c,
  0x00, 0x00, 0x00, 0x00, 0x00, 0x00, 0x00, 0x00, 0x00, 0x00, 0x00, 0x00, 0x00, 0x00, 0x00, 0x00, 0x00, 0x00, 0x0e, 0x1c, 0xfd, 0x37, 0xdb, 0x37, 0xdb, 0x37, 0xdb, 0x37, 0xdb, 0x37, 0xdb, 0x37,
  0xdb, 0x37, 0xdb, 0x37, 0xdb, 0x37, 0xdb, 0x37, 0xdb, 0x37, 0xdb, 0x37, 0xfb, 0x37, 0x39, 0x2f, 0x24, 0x11, 0x10, 0x95, 0xfa, 0xdf, 0xb9, 0xd7, 0xb9, 0xd7, 0xb9, 0xd7, 0xb9, 0xd7, 0xda, 0xdf,
  0xb9, 0xd7, 0x38, 0xc7, 0x38, 0xcf, 0x38, 0xcf, 0x38, 0xc7, 0x38, 0xc7, 0x38, 0xc7, 0x38, 0xc7, 0x38, 0xc7, 0x38, 0xc7, 0x38, 0xc7, 0x38, 0xc7, 0x38, 0xc7, 0x38, 0xc7, 0x9a, 0xcf, 0xba, 0xd7,
  0x99, 0xcf, 0x7a, 0xcf, 0x7a, 0xcf, 0x9a, 0xcf, 0x99, 0xcf, 0x79, 0xcf, 0x7a, 0xcf, 0x7a, 0xcf, 0x7a, 0xcf, 0x7a, 0xcf, 0x7a, 0xc7, 0x7a, 0xc7, 0x7a, 0xc7, 0x7a, 0xc7, 0x7a, 0xc7, 0x7a, 0xc7,
  0x7a, 0xc7, 0x7a, 0xc7, 0x5a, 0xc7, 0x7a, 0xc7, 0x5a, 0xc7, 0x5a, 0xc7, 0x5a, 0xc7, 0x5a, 0xc7, 0x5a, 0xc7, 0x5a, 0xc7, 0x5a, 0xc7, 0x5a, 0xbf, 0x5a, 0xbf, 0x5a, 0xbf, 0x5a, 0xbf, 0x5a, 0xbf,
  0x5a, 0xbf, 0x3a, 0xbf, 0x5a, 0xbf, 0x3a, 0xbf, 0x3a, 0xbf, 0x3a, 0xbf, 0x3a, 0xbf, 0x3a, 0xbf, 0x3a, 0xbf, 0x3a, 0xbf, 0x3a, 0xb7, 0x3a, 0xb7, 0x3a, 0xb7, 0x3a, 0xb7, 0x3a, 0xb7, 0x3b, 0xb7,
  0x3b, 0xb7, 0x1a, 0xb7, 0x1a, 0xb7, 0x1b, 0xb7, 0x1b, 0xb7, 0x1b, 0xb7, 0x1b, 0xb7, 0x1b, 0xb7, 0x1b, 0xaf, 0x1b, 0xaf, 0x1b, 0xaf, 0x1b, 0xaf, 0x1b, 0xaf, 0x1b, 0xaf, 0xfb, 0xae, 0x1b, 0xaf,
  0xfb, 0xae, 0xfb, 0xae, 0xfb, 0xae, 0xfb, 0xae, 0xfb, 0xae, 0xfb, 0xa6, 0xfb, 0xa6, 0xfb, 0xa6, 0xfb, 0xa6, 0xfb, 0xa6, 0xfb, 0xa6, 0xfb, 0xa6, 0xdb, 0xa6, 0xdb, 0xa6, 0xdb, 0xa6, 0xdb, 0xa6,
  0xdb, 0xa6, 0xdb, 0x9e, 0xdb, 0x9e, 0xdb, 0x9e, 0xdb, 0x9e, 0xdc, 0x9e, 0xbb, 0x9e, 0x3d, 0xa7, 0x0d, 0x5b, 0x2e, 0x24, 0xfc, 0x37, 0xdb, 0x37, 0xfb, 0x37, 0x18, 0x2f, 0x2b, 0x13, 0x4e, 0x19,
  0x91, 0x19, 0x91, 0x19, 0x91, 0x19, 0x91, 0x19, 0x91, 0x19, 0x91, 0x19, 0x91, 0x19, 0x91, 0x19, 0x91, 0x19, 0x91, 0x19, 0x91, 0x19, 0x91, 0x19, 0x91, 0x19, 0xae, 0x29, 0x87, 0xc4, 0xc4, 0xfd,
  0x62, 0xf5, 0xa3, 0xfd, 0xc4, 0xfd, 0xc4, 0xfd, 0xc4, 0xfd, 0xc3, 0xfd, 0xc3, 0xfd, 0x62, 0xf5, 0x42, 0xf5, 0xc5, 0xfd, 0x08, 0x9c, 0x91, 0x19, 0x6e, 0x21, 0xc6, 0xcc, 0x82, 0xfd, 0x42, 0xf5,
  0xa2, 0xfd, 0xa3, 0xfd, 0xa3, 0xfd, 0xa2, 0xfd, 0xa3, 0xfd, 0xa3, 0xfd, 0xa3, 0xfd, 0xa2, 0xfd, 0xe5, 0xfd, 0xcb, 0x39, 0x08, 0x73, 0xe4, 0xfd, 0x42, 0xf5, 0x62, 0xfd, 0xa4, 0xfd, 0xc4, 0xfd,
  0xc4, 0xfd, 0xc4, 0xfd, 0xc4, 0xfd, 0x83, 0xfd, 0x62, 0xf5, 0x42, 0xf5, 0xc5, 0xfd, 0x48, 0x7b, 0x91, 0x19, 0xcd, 0x31, 0x25, 0xe5, 0x81, 0xf5, 0x42, 0xf5, 0x82, 0xfd, 0xc2, 0xfd, 0xa3, 0xfd,
  0xa3, 0xfd, 0xa2, 0xfd, 0xa3, 0xfd, 0x62, 0xf5, 0x41, 0xf5, 0xa3, 0xfd, 0xe7, 0xcc, 0xaf, 0x21, 0x6f, 0x19, 0xa5, 0xc4, 0x82, 0xfd, 0x42, 0xf5, 0x82, 0xfd, 0xa2, 0xfd, 0xa3, 0xfd, 0xc3, 0xfd,
  0xc3, 0xfd, 0xa3, 0xfd, 0xa3, 0xfd, 0xc2, 0xfd, 0xe5, 0xfd, 0xea, 0x41, 0xe9, 0x6a, 0xc4, 0xfd, 0x42, 0xf5, 0x84, 0xed, 0x0b, 0x42, 0x91, 0x19, 0x91, 0x19, 0x91, 0x19, 0x91, 0x19, 0x91, 0x19,
  0x91, 0x19, 0xaf, 0x21, 0xe5, 0xd4, 0x62, 0xf5, 0xa2, 0xfd, 0xe5, 0xab, 0x45, 0x93, 0x24, 0xfe, 0xa2, 0xfd, 0xa3, 0xfd, 0xa3, 0xfd, 0x62, 0xfd, 0x61, 0xf5, 0x62, 0xfd, 0x62, 0xf5, 0xc3, 0xfd,
  0xa3, 0xfd, 0xa3, 0xfd, 0xc3, 0xfd, 0x83, 0xfd, 0x22, 0xe5, 0x62, 0xf5, 0x62, 0xfd, 0x05, 0xcd, 0xae, 0x21, 0x91, 0x19, 0x91, 0x19, 0x91, 0x19, 0x91, 0x19, 0x91, 0x19, 0x6f, 0x19, 0xc5, 0xc4,
  0x62, 0xf5, 0xa3, 0xfd, 0x6a, 0x83, 0x91, 0x19, 0x91, 0x19, 0x91, 0x19, 0x91, 0x19, 0x91, 0x19, 0x91, 0x19, 0x91, 0x19, 0x91, 0x19, 0x91, 0x19, 0x91, 0x19, 0x91, 0x19, 0x91, 0x19, 0x91, 0x19,
  0x5b, 0x2a, 0x5b, 0x2a, 0x7b, 0x2a, 0xb4, 0x21, 0x63, 0x09, 0xfe, 0x37, 0xdb, 0x37, 0xdb, 0x37, 0xdb, 0x37, 0xdb, 0x37, 0xdb, 0x37, 0xdb, 0x37, 0xdb, 0x37, 0xdb, 0x37, 0xdb, 0x37, 0xdb, 0x37,
  0xdb, 0x37, 0xdb, 0x37, 0xdb, 0x37, 0xdb, 0x37, 0xfb, 0x37, 0xfc, 0x37, 0xc6, 0x09, 0x00, 0x00, 0x00, 0x00, 0x00, 0x00, 0x00, 0x00, 0x00, 0x00, 0x00, 0x00, 0xb0, 0x24, 0xfd, 0x37, 0xf8, 0x2e,
  0x00, 0x00, 0x00, 0x00, 0x00, 0x00, 0x00, 0x00, 0x00, 0x00, 0x00, 0x00, 0x00, 0x00, 0x00, 0x00, 0xa6, 0x09, 0xdb, 0x37, 0xfb, 0x37, 0xdb, 0x37, 0xdb, 0x37, 0xdb, 0x37, 0xdb, 0x37, 0xdb, 0x37,
  0xdb, 0x37, 0xdb, 0x37, 0xdb, 0x37, 0xdb, 0x37, 0xdb, 0x37, 0xdb, 0x37, 0xfb, 0x37, 0x39, 0x2f, 0x24, 0x11, 0x11, 0x95, 0xfa, 0xdf, 0xb9, 0xd7, 0xb9, 0xd7, 0xb9, 0xd7, 0xb9, 0xd7, 0xd3, 0xa5,
  0x6f, 0x7c, 0xcc, 0x6b, 0xcd, 0x6b, 0xcd, 0x6b, 0xcd, 0x6b, 0xcd, 0x6b, 0xcd, 0x6b, 0xcd, 0x6b, 0xcd, 0x6b, 0xcd, 0x6b, 0xcd, 0x6b, 0xcd, 0x6b, 0xcd, 0x6b, 0xcd, 0x6b, 0x8f, 0x7c, 0x35, 0xa6,
  0xba, 0xd7, 0x9a, 0xcf, 0x99, 0xcf, 0x79, 0xcf, 0x7a, 0xcf, 0x7a, 0xcf, 0x7a, 0xcf, 0x7a, 0xcf, 0x7a, 0xc7, 0x7a, 0xc7, 0x7a, 0xc7, 0x7a, 0xc7, 0x7a, 0xc7, 0x7a, 0xc7, 0x7a, 0xc7, 0x7a, 0xc7,
  0x5a, 0xc7, 0x7a, 0xc7, 0x5a, 0xc7, 0x5a, 0xc7, 0x5a, 0xc7, 0x5a, 0xc7, 0x5a, 0xc7, 0x5a, 0xc7, 0x5a, 0xc7, 0x5a, 0xbf, 0x5a, 0xbf, 0x5a, 0xbf, 0x5a, 0xbf, 0x5a, 0xbf, 0x5a, 0xbf, 0x5a, 0xbf,
  0x3a, 0xbf, 0x5a, 0xbf, 0x3a, 0xbf, 0x3a, 0xbf, 0x3a, 0xbf, 0x3a, 0xbf, 0x3a, 0xbf, 0x3a, 0xbf, 0x3a, 0xbf, 0x3a, 0xb7, 0x3a, 0xb7, 0x3a, 0xb7, 0x3a, 0xb7, 0x3a, 0xb7, 0x3b, 0xb7, 0x1a, 0xb7,
  0x1a, 0xb7, 0x1b, 0xb7, 0x1b, 0xb7, 0x1b, 0xb7, 0x1b, 0xb7, 0x1b, 0xb7, 0x1b, 0xb7, 0x1b, 0xaf, 0x1b, 0xaf, 0x1b, 0xaf, 0x1b, 0xaf, 0x1b, 0xaf, 0xfb, 0xae, 0x1b, 0xaf, 0xfb, 0xae, 0xfb, 0xae,
  0xfb, 0xae, 0xfb, 0xae, 0xfb, 0xae, 0xfb, 0xae, 0xfb, 0xa6, 0xfb, 0xa6, 0xfb, 0xa6, 0xfb, 0xa6, 0xfb, 0xa6, 0xfb, 0xa6, 0xdb, 0xa6, 0xdb, 0xa6, 0xdb, 0xa6, 0xdb, 0xa6, 0xdb, 0xa6, 0xdb, 0xa6,
  0xdb, 0x9e, 0xdb, 0x9e, 0xdb, 0x9e, 0xdc, 0x9e, 0xdb, 0x9e, 0xbc, 0x9e, 0xdc, 0x9e, 0x3d, 0xa7, 0x0d, 0x5b, 0x2e, 0x24, 0xfc, 0x37, 0xdb, 0x37, 0xfb, 0x37, 0x18, 0x2f, 0x2b, 0x13, 0x4e, 0x19,
  0x71, 0x19, 0x71, 0x19, 0x71, 0x19, 0x71, 0x19, 0x71, 0x19, 0x71, 0x19, 0x71, 0x19, 0x71, 0x19, 0x71, 0x19, 0x71, 0x19, 0x71, 0x19, 0x71, 0x19, 0x71, 0x19, 0xaa, 0x6a, 0xc4, 0xfd, 0x22, 0xf5,
  0x84, 0xf5, 0x47, 0x8b, 0xab, 0x62, 0xec, 0x6a, 0xeb, 0x62, 0xcb, 0x62, 0xc7, 0x7a, 0x23, 0xed, 0x41, 0xf5, 0x83, 0xfd, 0xe8, 0x9b, 0x71, 0x19, 0x0c, 0x42, 0x64, 0xed, 0x41, 0xf5, 0x82, 0xf5,
  0x45, 0xbc, 0xa8, 0x93, 0xc8, 0x93, 0xa8, 0x9b, 0xa8, 0x9b, 0xa8, 0x93, 0xa7, 0x93, 0xc8, 0x9b, 0x89, 0x83, 0x2d, 0x19, 0x26, 0xb4, 0xa1, 0xfd, 0x61, 0xf5, 0x04, 0xdd, 0xe6, 0x7a, 0xca, 0x6a,
  0xca, 0x6a, 0xcb, 0x6a, 0xaa, 0x62, 0x65, 0xa3, 0x83, 0xf5, 0x41, 0xf5, 0xa4, 0xfd, 0x49, 0x7b, 0x71, 0x19, 0xe9, 0x6a, 0xa4, 0xfd, 0x21, 0xf5, 0x64, 0xf5, 0x26, 0xb4, 0xa8, 0x93, 0xa8, 0x9b,
  0xc7, 0x9b, 0xa8, 0x93, 0x86, 0x9b, 0x03, 0xe5, 0x62, 0xf5, 0x62, 0xf5, 0xc6, 0xcc, 0x8f, 0x21, 0xcd, 0x31, 0x44, 0xed, 0x41, 0xf5, 0x82, 0xf5, 0x65, 0xc4, 0xa8, 0x93, 0xc8, 0x9b, 0xc7, 0x9b,
  0xc8, 0x93, 0xa8, 0x9b, 0xa8, 0x93, 0xe8, 0x93, 0x89, 0x83, 0x2d, 0x19, 0x07, 0xa4, 0xa2, 0xfd, 0x41, 0xf5, 0x64, 0xf5, 0xc9, 0x6a, 0x71, 0x19, 0x71, 0x19, 0x71, 0x19, 0x71, 0x19, 0x71, 0x19,
  0x71, 0x19, 0x6b, 0x52, 0x85, 0xf5, 0x22, 0xf5, 0xa4, 0xfd, 0xa8, 0x62, 0xea, 0x6a, 0x08, 0x9c, 0xa7, 0x9b, 0xa8, 0x9b, 0x86, 0x9b, 0x03, 0xe5, 0x61, 0xf5, 0x43, 0xfd, 0x44, 0xe5, 0xc6, 0x9b,
  0xa7, 0x93, 0xc7, 0x93, 0xa8, 0x93, 0xe5, 0xab, 0x63, 0xf5, 0x41, 0xf5, 0x83, 0xfd, 0x25, 0xb4, 0x4f, 0x19, 0x71, 0x19, 0x71, 0x19, 0x71, 0x19, 0x71, 0x19, 0x50, 0x19, 0xe8, 0x72, 0x44, 0xed,
  0x22, 0xed, 0x05, 0xfe, 0x4a, 0x73, 0x71, 0x19, 0x71, 0x19, 0x71, 0x19, 0x71, 0x19, 0x71, 0x19, 0x71, 0x19, 0x71, 0x19, 0x71, 0x19, 0x71, 0x19, 0x71, 0x19, 0x71, 0x19, 0x71, 0x19, 0x71, 0x19,
  0x5b, 0x2a, 0x5a, 0x2a, 0x7b, 0x2a, 0xb4, 0x21, 0x63, 0x09, 0xfe, 0x37, 0xdb, 0x37, 0xdb, 0x37, 0xdb, 0x37, 0xdb, 0x37, 0xdb, 0x37, 0xdb, 0x37, 0xdb, 0x37, 0xdb, 0x37, 0xdb, 0x37, 0xdb, 0x37,
  0xdb, 0x37, 0xdb, 0x37, 0xdb, 0x37, 0xdb, 0x37, 0xdb, 0x37, 0xfc, 0x37, 0x0e, 0x1c, 0x00, 0x00, 0x00, 0x00, 0x00, 0x00, 0x00, 0x00, 0x00, 0x00, 0x00, 0x00, 0x27, 0x12, 0xfe, 0x3f, 0xfb, 0x37,
  0xc6, 0x09, 0x00, 0x00, 0x00, 0x00, 0x00, 0x00, 0x00, 0x00, 0x00, 0x00, 0x82, 0x00, 0xa9, 0x12, 0x36, 0x2e, 0xfc, 0x37, 0xdb, 0x37, 0xdb, 0x37, 0xdb, 0x37, 0xdb, 0x37, 0xdb, 0x37, 0xdb, 0x37,
  0xdb, 0x37, 0xdb, 0x37, 0xdb, 0x37, 0xdb, 0x37, 0xdb, 0x37, 0xdb, 0x37, 0xfb, 0x37, 0x39, 0x2f, 0x24, 0x11, 0x11, 0x95, 0xfa, 0xdf, 0xb9, 0xd7, 0xb9, 0xd7, 0x99, 0xd7, 0x92, 0x9d, 0xc2, 0x10,
  0x00, 0x00, 0x00, 0x00, 0x00, 0x00, 0x00, 0x00, 0x00, 0x00, 0x00, 0x00, 0x00, 0x00, 0x00, 0x00, 0x00, 0x00, 0x00, 0x00, 0x00, 0x00, 0x00, 0x00, 0x00, 0x00, 0x00, 0x00, 0x00, 0x00, 0xc6, 0x31,
  0x35, 0xae, 0xba, 0xd7, 0x7a, 0xcf, 0x7a, 0xcf, 0x7a, 0xcf, 0x7a, 0xcf, 0x7a, 0xcf, 0x7a, 0xc7, 0x7a, 0xc7, 0x7a, 0xc7, 0x7a, 0xc7, 0x7a, 0xc7, 0x7a, 0xc7, 0x7a, 0xc7, 0x5a, 0xc7, 0x5a, 0xc7,
  0x7a, 0xc7, 0x5a, 0xc7, 0x5a, 0xc7, 0x5a, 0xc7, 0x5a, 0xc7, 0x5a, 0xc7, 0x5a, 0xc7, 0x5a, 0xbf, 0x5a, 0xbf, 0x5a, 0xbf, 0x5a, 0xbf, 0x5a, 0xbf, 0x5a, 0xbf, 0x5a, 0xbf, 0x3a, 0xbf, 0x5a, 0xbf,
  0x3a, 0xbf, 0x3a, 0xbf, 0x3a, 0xbf, 0x3a, 0xbf, 0x3a, 0xbf, 0x3a, 0xbf, 0x3a, 0xbf, 0x3a, 0xb7, 0x3a, 0xb7, 0x3a, 0xb7, 0x3a, 0xb7, 0x3a, 0xb7, 0x3b, 0xb7, 0x1b, 0xb7, 0x1a, 0xb7, 0x1b, 0xb7,
  0x1b, 0xb7, 0x1b, 0xb7, 0x1b, 0xb7, 0x1b, 0xb7, 0x1b, 0xb7, 0x1b, 0xaf, 0x1b, 0xaf, 0x1b, 0xaf, 0x1b, 0xaf, 0x1b, 0xaf, 0xfb, 0xae, 0x1b, 0xaf, 0xfb, 0xae, 0xfb, 0xae, 0xfb, 0xae, 0xfb, 0xae,
  0xfb, 0xae, 0xfb, 0xae, 0xfb, 0xa6, 0xfb, 0xa6, 0xfb, 0xa6, 0xfb, 0xa6, 0xfb, 0xa6, 0xfb, 0xa6, 0xdb, 0xa6, 0xdb, 0xa6, 0xdb, 0xa6, 0xdb, 0xa6, 0xdb, 0xa6, 0xdb, 0xa6, 0xdb, 0xa6, 0xdb, 0x9e,
  0xdb, 0x9e, 0xdc, 0x9e, 0xdc, 0x9e, 0xbb, 0x9e, 0xdc, 0x9e, 0xbc, 0x9e, 0xbc, 0x9e, 0x1d, 0xa7, 0x0d, 0x5b, 0x2e, 0x24, 0xfc, 0x37, 0xdb, 0x37, 0xfb, 0x37, 0x18, 0x2f, 0x2b, 0x13, 0x4e, 0x19,
  0x71, 0x19, 0x71, 0x19, 0x71, 0x19, 0x71, 0x19, 0x71, 0x19, 0x71, 0x19, 0x71, 0x19, 0x71, 0x19, 0x71, 0x19, 0x71, 0x19, 0x71, 0x19, 0x71, 0x19, 0x50, 0x19, 0x26, 0xac, 0x82, 0xfd, 0x62, 0xf5,
  0xe5, 0xcc, 0x2e, 0x19, 0x71, 0x19, 0x71, 0x19, 0x71, 0x19, 0x71, 0x19, 0x29, 0x52, 0xa4, 0xfd, 0x41, 0xf5, 0xc4, 0xfd, 0xaa, 0x62, 0x71, 0x19, 0x08, 0x83, 0xa3, 0xfd, 0x41, 0xed, 0x85, 0xed,
  0xca, 0x41, 0x71, 0x19, 0x71, 0x19, 0x71, 0x19, 0x71, 0x19, 0x71, 0x19, 0x71, 0x19, 0x71, 0x19, 0x71, 0x19, 0xad, 0x31, 0x25, 0xe5, 0x21, 0xfd, 0x82, 0xfd, 0x07, 0xac, 0x50, 0x19, 0x71, 0x19,
  0x71, 0x19, 0x71, 0x19, 0x71, 0x19, 0x06, 0x83, 0x83, 0xfd, 0x41, 0xf5, 0x45, 0xe5, 0xcd, 0x31, 0x50, 0x19, 0x26, 0xb4, 0x82, 0xfd, 0x41, 0xf5, 0xe5, 0xd4, 0x6e, 0x21, 0x71, 0x19, 0x71, 0x19,
  0x71, 0x19, 0x71, 0x19, 0x2b, 0x29, 0x04, 0xdd, 0x41, 0xf5, 0xa2, 0xfd, 0x67, 0x8b, 0x71, 0x19, 0x0a, 0x73, 0xa4, 0xfd, 0x21, 0xf5, 0x84, 0xf5, 0x0a, 0x4a, 0x71, 0x19, 0x71, 0x19, 0x71, 0x19,
  0x71, 0x19, 0x71, 0x19, 0x71, 0x19, 0x71, 0x19, 0x71, 0x19, 0xad, 0x29, 0x04, 0xdd, 0x61, 0xf5, 0x21, 0xf5, 0x41, 0xf5, 0x65, 0xed, 0x4b, 0x4a, 0x71, 0x19, 0x71, 0x19, 0x71, 0x19, 0x71, 0x19,
  0x71, 0x19, 0x47, 0x8b, 0x83, 0xfd, 0x41, 0xf5, 0x44, 0xe5, 0xcd, 0x31, 0x71, 0x19, 0x71, 0x19, 0x71, 0x19, 0x71, 0x19, 0x8c, 0x29, 0x24, 0xe5, 0x41, 0xf5, 0x83, 0xfd, 0xc7, 0xa3, 0x50, 0x19,
  0x71, 0x19, 0x71, 0x19, 0x71, 0x19, 0x6d, 0x21, 0xa6, 0xcc, 0x62, 0xfd, 0x21, 0xed, 0x84, 0xf5, 0x29, 0x7b, 0x71, 0x19, 0x71, 0x19, 0x71, 0x19, 0xec, 0x39, 0x27, 0xac, 0x64, 0xf5, 0x62, 0xf5,
  0x84, 0xfd, 0xe8, 0xa3, 0xce, 0x31, 0x71, 0x19, 0x71, 0x19, 0x71, 0x19, 0x71, 0x19, 0x71, 0x19, 0x71, 0x19, 0x71, 0x19, 0x71, 0x19, 0x71, 0x19, 0x71, 0x19, 0x71, 0x19, 0x71, 0x19, 0x71, 0x19,
  0x5a, 0x2a, 0x5a, 0x2a, 0x7b, 0x2a, 0xb4, 0x21, 0x63, 0x09, 0xfe, 0x37, 0xdb, 0x37, 0xdb, 0x37, 0xdb, 0x37, 0xdb, 0x37, 0xdb, 0x37, 0xdb, 0x37, 0xdb, 0x37, 0xdb, 0x37, 0xdb, 0x37, 0xdb, 0x37,
  0xdb, 0x37, 0xdb, 0x37, 0xdb, 0x37, 0xdb, 0x37, 0xdb, 0x37, 0xfb, 0x37, 0x9a, 0x37, 0x65, 0x09, 0x00, 0x00, 0x00, 0x00, 0x00, 0x00, 0x00, 0x00, 0x00, 0x00, 0x20, 0x00, 0xdb, 0x37, 0xfc, 0x37,
  0x76, 0x2e, 0x07, 0x12, 0xa2, 0x00, 0x61, 0x00, 0x44, 0x09, 0x07, 0x0a, 0x90, 0x1c, 0xfc, 0x37, 0xfc, 0x37, 0xdb, 0x37, 0xdb, 0x37, 0xdb, 0x37, 0xdb, 0x37, 0xdb, 0x37, 0xdb, 0x37, 0xdb, 0x37,
  0xdb, 0x37, 0xdb, 0x37, 0xdb, 0x37, 0xdb, 0x37, 0xdb, 0x37, 0xdb, 0x37, 0xfb, 0x37, 0x39, 0x2f, 0x24, 0x11, 0x11, 0x95, 0xfa, 0xdf, 0x99, 0xd7, 0xda, 0xd7, 0x17, 0xc7, 0x24, 0x21, 0x00, 0x00,
  0x00, 0x00, 0x00, 0x00, 0x00, 0x00, 0x00, 0x00, 0x00, 0x00, 0x00, 0x00, 0x00, 0x00, 0x00, 0x00, 0x00, 0x00, 0x00, 0x00, 0x00, 0x00, 0x00, 0x00, 0x00, 0x00, 0x00, 0x00, 0x00, 0x00, 0x00, 0x00,
  0x68, 0x42, 0xfb, 0xd7, 0x7a, 0xcf, 0x7a, 0xcf, 0x7a, 0xcf, 0x7a, 0xc7, 0x7a, 0xc7, 0x7a, 0xc7, 0x7a, 0xc7, 0x7a, 0xc7, 0x7a, 0xc7, 0x7a, 0xc7, 0x7a, 0xc7, 0x5a, 0xc7, 0x7a, 0xc7, 0x5a, 0xc7,
  0x5a, 0xc7, 0x5a, 0xc7, 0x5a, 0xc7, 0x5a, 0xc7, 0x5a, 0xc7, 0x5a, 0xc7, 0x5a, 0xbf, 0x5a, 0xbf, 0x5a, 0xbf, 0x5a, 0xbf, 0x5a, 0xbf, 0x5a, 0xbf, 0x3a, 0xbf, 0x5a, 0xbf, 0x3a, 0xbf, 0x3a, 0xbf,
  0x3a, 0xbf, 0x3a, 0xbf, 0x3a, 0xbf, 0x3a, 0xbf, 0x3a, 0xbf, 0x3a, 0xb7, 0x3a, 0xb7, 0x3a, 0xb7, 0x3a, 0xb7, 0x3a, 0xb7, 0x3b, 0xb7, 0x3b, 0xb7, 0x1a, 0xb7, 0x1a, 0xb7, 0x1b, 0xb7, 0x1b, 0xb7,
  0x1b, 0xb7, 0x1b, 0xb7, 0x1b, 0xb7, 0x1b, 0xaf, 0x1b, 0xaf, 0x1b, 0xaf, 0x1b, 0xaf, 0x1b, 0xaf, 0xfb, 0xae, 0x1b, 0xaf, 0xfb, 0xae, 0xfb, 0xae, 0xfb, 0xae, 0xfb, 0xae, 0xfb, 0xae, 0xfb, 0xae,
  0xfb, 0xa6, 0xfb, 0xa6, 0xfb, 0xa6, 0xfb, 0xa6, 0xfb, 0xa6, 0xfb, 0xa6, 0xdb, 0xa6, 0xdb, 0xa6, 0xdb, 0xa6, 0xdb, 0xa6, 0xdb, 0xa6, 0xdb, 0xa6, 0xdb, 0xa6, 0xdb, 0x9e, 0xdb, 0x9e, 0xdb, 0x9e,
  0xdc, 0x9e, 0xbb, 0x9e, 0xdc, 0x9e, 0xbc, 0x9e, 0xbc, 0x9e, 0xbc, 0x9e, 0xbc, 0x9e, 0x1d, 0x9f, 0x0d, 0x5b, 0x2e, 0x24, 0xfc, 0x37, 0xdb, 0x37, 0xfb, 0x37, 0x18, 0x2f, 0x2b, 0x13, 0x4e, 0x19,
  0x71, 0x19, 0x71, 0x19, 0x71, 0x19, 0x71, 0x19, 0x71, 0x19, 0x71, 0x19, 0x71, 0x19, 0x71, 0x19, 0x71, 0x19, 0x71, 0x19, 0x71, 0x19, 0x71, 0x19, 0x6d, 0x29, 0xe4, 0xdc, 0x41, 0xf5, 0x82, 0xfd,
  0x68, 0x8b, 0x71, 0x19, 0x71, 0x19, 0x71, 0x19, 0x71, 0x19, 0x71, 0x19, 0xab, 0x83, 0x47, 0xdd, 0xc5, 0xd4, 0xa8, 0xc4, 0xaf, 0x29, 0x70, 0x19, 0x65, 0xc4, 0x61, 0xfd, 0x41, 0xfd, 0x86, 0xc4,
  0x6f, 0x21, 0x71, 0x19, 0x71, 0x19, 0x71, 0x19, 0x71, 0x19, 0x71, 0x19, 0x71, 0x19, 0x71, 0x19, 0x71, 0x19, 0xe9, 0x6a, 0xa3, 0xf5, 0x01, 0xf5, 0x85, 0xfd, 0xca, 0x62, 0x71, 0x19, 0x91, 0x21,
  0x71, 0x19, 0x71, 0x19, 0x6f, 0x21, 0x65, 0xc4, 0x41, 0xfd, 0x61, 0xfd, 0x85, 0xbc, 0x70, 0x19, 0x8e, 0x29, 0xe4, 0xdc, 0x41, 0xf5, 0x82, 0xfd, 0x87, 0x93, 0x71, 0x19, 0x71, 0x19, 0x71, 0x19,
  0x71, 0x19, 0x71, 0x19, 0xc9, 0x6a, 0xa3, 0xfd, 0x21, 0xf5, 0x84, 0xfd, 0x6b, 0x52, 0x50, 0x19, 0x45, 0xbc, 0x61, 0xfd, 0x41, 0xfd, 0xc5, 0xcc, 0x8f, 0x21, 0x71, 0x19, 0x71, 0x19, 0x71, 0x19,
  0x71, 0x19, 0x71, 0x19, 0x71, 0x19, 0x91, 0x21, 0x71, 0x19, 0xaa, 0x62, 0x84, 0xfd, 0x21, 0xf5, 0x41, 0xf5, 0x20, 0xf5, 0x41, 0xfd, 0x05, 0xdd, 0xad, 0x31, 0x71, 0x19, 0x71, 0x19, 0x71, 0x19,
  0x6f, 0x19, 0x65, 0xc4, 0x41, 0xfd, 0x81, 0xf5, 0x65, 0xb4, 0x50, 0x19, 0x71, 0x19, 0x71, 0x19, 0x91, 0x19, 0x71, 0x19, 0xc9, 0x6a, 0xa3, 0xfd, 0x01, 0xf5, 0x83, 0xf5, 0x8b, 0x5a, 0x71, 0x19,
  0x91, 0x19, 0x71, 0x19, 0x71, 0x19, 0x71, 0x19, 0xcb, 0x39, 0x05, 0xdd, 0x61, 0xf5, 0x21, 0xf5, 0x85, 0xfd, 0xa9, 0x62, 0x2e, 0x19, 0xe8, 0x72, 0x05, 0xe5, 0x82, 0xf5, 0x62, 0xfd, 0x05, 0xd5,
  0xaa, 0x6a, 0x50, 0x19, 0x71, 0x19, 0x71, 0x19, 0x71, 0x19, 0x71, 0x19, 0x71, 0x19, 0x71, 0x19, 0x71, 0x19, 0x71, 0x19, 0x71, 0x19, 0x71, 0x19, 0x71, 0x19, 0x71, 0x19, 0x71, 0x19, 0x71, 0x19,
  0x5a, 0x2a, 0x5a, 0x2a, 0x7b, 0x2a, 0xb4, 0x21, 0x63, 0x09, 0xfe, 0x37, 0xdb, 0x37, 0xdb, 0x37, 0xdb, 0x37, 0xdb, 0x37, 0xdb, 0x37, 0xdb, 0x37, 0xdb, 0x37, 0xdb, 0x37, 0xdb, 0x37, 0xdb, 0x37,
  0xdb, 0x37, 0xdb, 0x37, 0xdb, 0x37, 0xdb, 0x37, 0xdb, 0x37, 0xdb, 0x37, 0xfc, 0x37, 0x35, 0x2e, 0x65, 0x09, 0x00, 0x00, 0x00, 0x00, 0x00, 0x00, 0x00, 0x00, 0x00, 0x00, 0x32, 0x25, 0xfc, 0x37,
  0xfc, 0x37, 0x39, 0x2f, 0xb0, 0x1c, 0x2e, 0x1c, 0xd4, 0x25, 0x39, 0x2f, 0xfd, 0x37, 0xfb, 0x37, 0xdb, 0x37, 0xdb, 0x37, 0xdb, 0x37, 0xdb, 0x37, 0xdb, 0x37, 0xdb, 0x37, 0xdb, 0x37, 0xdb, 0x37,
  0xdb, 0x37, 0xdb, 0x37, 0xdb, 0x37, 0xdb, 0x37, 0xdb, 0x37, 0xdb, 0x37, 0xfb, 0x37, 0x39, 0x2f, 0x24, 0x11, 0x11, 0x95, 0xfa, 0xdf, 0xb9, 0xd7, 0xda, 0xd7, 0xb6, 0xbe, 0x00, 0x00, 0x00, 0x00,
  0x00, 0x00, 0x00, 0x00, 0x00, 0x00, 0x00, 0x00, 0x00, 0x00, 0x00, 0x00, 0x00, 0x00, 0x00, 0x00, 0x00, 0x00, 0x00, 0x00, 0x00, 0x00, 0x00, 0x00, 0x00, 0x00, 0x00, 0x00, 0x00, 0x00, 0x00, 0x00,
  0x44, 0x21, 0x59, 0xc7, 0x9a, 0xcf, 0x7a, 0xc7, 0x7a, 0xc7, 0x7a, 0xc7, 0x7a, 0xc7, 0x7a, 0xc7, 0x7a, 0xc7, 0x7a, 0xc7, 0x7a, 0xc7, 0x5a, 0xc7, 0x7a, 0xc7, 0x5a, 0xc7, 0x5a, 0xc7, 0x5a, 0xc7,
  0x5a, 0xc7, 0x5a, 0xc7, 0x5a, 0xc7, 0x5a, 0xc7, 0x5a, 0xbf, 0x5a, 0xbf, 0x5a, 0xbf, 0x5a, 0xbf, 0x5a, 0xbf, 0x5a, 0xbf, 0x3a, 0xbf, 0x3a, 0xbf, 0x5a, 0xbf, 0x3a, 0xbf, 0x3a, 0xbf, 0x3a, 0xbf,
  0x3a, 0xbf, 0x3a, 0xbf, 0x3a, 0xbf, 0x3a, 0xb7, 0x3a, 0xb7, 0x3a, 0xb7, 0x3a, 0xb7, 0x3a, 0xb7, 0x3a, 0xb7, 0x3b, 0xb7, 0x1a, 0xb7, 0x1a, 0xb7, 0x1b, 0xb7, 0x1b, 0xb7, 0x1b, 0xb7, 0x1b, 0xb7,
  0x1b, 0xb7, 0x1b, 0xb7, 0x1b, 0xaf, 0x1b, 0xaf, 0x1b, 0xaf, 0x1b, 0xaf, 0x1b, 0xaf, 0xfb, 0xae, 0x1b, 0xaf, 0xfb, 0xae, 0xfb, 0xae, 0xfb, 0xae, 0xfb, 0xae, 0xfb, 0xae, 0xfb, 0xa6, 0xfb, 0xa6,
  0xfb, 0xa6, 0xfb, 0xa6, 0xfb, 0xa6, 0xfb, 0xa6, 0xfb, 0xa6, 0xdb, 0xa6, 0xdb, 0xa6, 0xdb, 0xa6, 0xdb, 0xa6, 0xdb, 0xa6, 0xdb, 0xa6, 0xdb, 0x9e, 0xdb, 0x9e, 0xdb, 0x9e, 0xdb, 0x9e, 0xdc, 0x9e,
  0xbc, 0x9e, 0xbc, 0x9e, 0xbc, 0x9e, 0xbc, 0x9e, 0xbc, 0x9e, 0xbc, 0x9e, 0xbc, 0x9e, 0x1d, 0x9f, 0x0d, 0x5b, 0x2e, 0x24, 0xfc, 0x37, 0xdb, 0x37, 0xfb, 0x37, 0x18, 0x2f, 0x2b, 0x13, 0x4e, 0x19,
  0x71, 0x19, 0x71, 0x19, 0x71, 0x19, 0x71, 0x19, 0x71, 0x19, 0x71, 0x19, 0x71, 0x19, 0x71, 0x19, 0x71, 0x19, 0x71, 0x19, 0x71, 0x19, 0x71, 0x19, 0x6a, 0x5a, 0x63, 0xf5, 0x20, 0xf5, 0x64, 0xfd,
  0x28, 0x5a, 0x70, 0x19, 0x70, 0x19, 0x50, 0x19, 0x4f, 0x19, 0x4f, 0x19, 0x6d, 0x21, 0x2c, 0x19, 0x6f, 0x21, 0x6f, 0x21, 0x71, 0x19, 0x0c, 0x42, 0x44, 0xed, 0x20, 0xf5, 0x83, 0xfd, 0x07, 0x7b,
  0x50, 0x19, 0x50, 0x19, 0x50, 0x19, 0x50, 0x19, 0x50, 0x19, 0x50, 0x19, 0x71, 0x19, 0x71, 0x19, 0x50, 0x19, 0xe5, 0xab, 0x81, 0xfd, 0x21, 0xf5, 0xe5, 0xdc, 0x8e, 0x29, 0x71, 0x19, 0x71, 0x19,
  0x71, 0x19, 0x71, 0x19, 0xcb, 0x39, 0x24, 0xed, 0x01, 0xf5, 0x83, 0xfd, 0x49, 0x83, 0x71, 0x19, 0x69, 0x5a, 0x43, 0xf5, 0x00, 0xf5, 0x83, 0xf5, 0x89, 0x5a, 0x71, 0x19, 0x91, 0x19, 0x71, 0x19,
  0x71, 0x19, 0x71, 0x19, 0xe6, 0xab, 0x62, 0xfd, 0x21, 0xf5, 0xc5, 0xd4, 0x70, 0x21, 0xcc, 0x39, 0x23, 0xed, 0x00, 0xf5, 0x82, 0xfd, 0x25, 0x8b, 0x50, 0x19, 0x50, 0x19, 0x50, 0x19, 0x50, 0x19,
  0x50, 0x19, 0x50, 0x19, 0x71, 0x19, 0x71, 0x19, 0x71, 0x19, 0xa6, 0xa3, 0x62, 0xfd, 0x20, 0xf5, 0x41, 0xf5, 0x42, 0xf5, 0x01, 0xf5, 0x62, 0xfd, 0x46, 0xbc, 0x6e, 0x21, 0x71, 0x19, 0x71, 0x19,
  0x2b, 0x4a, 0x44, 0xf5, 0x01, 0xf5, 0x82, 0xfd, 0xe8, 0x7a, 0x71, 0x19, 0x71, 0x19, 0x71, 0x19, 0x71, 0x19, 0x71, 0x19, 0x87, 0x9b, 0x83, 0xfd, 0x21, 0xf5, 0x24, 0xe5, 0xad, 0x31, 0x71, 0x19,
  0x71, 0x19, 0x71, 0x19, 0x71, 0x19, 0x71, 0x19, 0x71, 0x19, 0x4b, 0x52, 0x45, 0xed, 0x21, 0xf5, 0x41, 0xf5, 0x03, 0xe5, 0x04, 0xb4, 0x83, 0xfd, 0x42, 0xfd, 0x63, 0xfd, 0x46, 0xb4, 0xcc, 0x31,
  0x71, 0x19, 0x71, 0x19, 0x71, 0x19, 0x71, 0x19, 0x71, 0x19, 0x71, 0x19, 0x71, 0x19, 0x71, 0x19, 0x71, 0x19, 0x71, 0x19, 0x71, 0x19, 0x71, 0x19, 0x71, 0x19, 0x71, 0x19, 0x71, 0x19, 0x71, 0x19,
  0x5a, 0x2a, 0x5a, 0x2a, 0x7b, 0x2a, 0xb4, 0x21, 0x63, 0x09, 0xfe, 0x37, 0xdb, 0x37, 0xdb, 0x37, 0xdb, 0x37, 0xdb, 0x37, 0xdb, 0x37, 0xdb, 0x37, 0xdb, 0x37, 0xdb, 0x37, 0xdb, 0x37, 0xdb, 0x37,
  0xdb, 0x37, 0xdb, 0x37, 0xdb, 0x37, 0xdb, 0x37, 0xdb, 0x37, 0xdb, 0x37, 0xdb, 0x37, 0xfc, 0x37, 0x97, 0x2e, 0x68, 0x12, 0xa2, 0x08, 0x00, 0x00, 0x00, 0x00, 0x00, 0x00, 0x32, 0x25, 0xfc, 0x37,
  0xdb, 0x37, 0xfb, 0x37, 0xfc, 0x37, 0xfd, 0x37, 0xfc, 0x37, 0xfb, 0x37, 0xdb, 0x37, 0xdb, 0x37, 0xdb, 0x37, 0xdb, 0x37, 0xdb, 0x37, 0xdb, 0x37, 0xdb, 0x37, 0xdb, 0x37, 0xdb, 0x37, 0xdb, 0x37,
  0xdb, 0x37, 0xdb, 0x37, 0xdb, 0x37, 0xdb, 0x37, 0xdb, 0x37, 0xdb, 0x37, 0xfb, 0x37, 0x39, 0x2f, 0x24, 0x11, 0x11, 0x95, 0xfa, 0xdf, 0x99, 0xd7, 0xda, 0xd7, 0xb6, 0xbe, 0x00, 0x00, 0x00, 0x00,
  0x00, 0x00, 0x00, 0x00, 0x00, 0x00, 0x00, 0x00, 0x00, 0x00, 0x00, 0x00, 0x00, 0x00, 0x00, 0x00, 0x00, 0x00, 0x00, 0x00, 0x00, 0x00, 0x00, 0x00, 0x00, 0x00, 0x00, 0x00, 0x00, 0x00, 0x00, 0x00,
  0x65, 0x29, 0x56, 0xae, 0x9a, 0xcf, 0x7a, 0xc7, 0x7a, 0xc7, 0x7a, 0xc7, 0x7a, 0xc7, 0x7a, 0xc7, 0x7a, 0xc7, 0x5a, 0xc7, 0x7a, 0xc7, 0x5a, 0xc7, 0x5a, 0xc7, 0x5a, 0xc7, 0x5a, 0xc7, 0x5a, 0xc7,
  0x5a, 0xc7, 0x5a, 0xc7, 0x5a, 0xbf, 0x5a, 0xbf, 0x5a, 0xbf, 0x5a, 0xbf, 0x5a, 0xbf, 0x5a, 0xbf, 0x5a, 0xbf, 0x3a, 0xbf, 0x5a, 0xbf, 0x3a, 0xbf, 0x3a, 0xbf, 0x3a, 0xbf, 0x3a, 0xbf, 0x3a, 0xbf,
  0x3a, 0xbf, 0x3a, 0xbf, 0x3a, 0xb7, 0x3a, 0xb7, 0x3a, 0xb7, 0x3a, 0xb7, 0x3a, 0xb7, 0x3b, 0xb7, 0x1b, 0xb7, 0x1a, 0xb7, 0x1b, 0xb7, 0x1b, 0xb7, 0x1b, 0xb7, 0x1b, 0xb7, 0x1b, 0xb7, 0x1b, 0xb7,
  0x1b, 0xaf, 0x1b, 0xaf, 0x1b, 0xaf, 0x1b, 0xaf, 0x1b, 0xaf, 0xfb, 0xae, 0x1b, 0xaf, 0xfb, 0xae, 0xfb, 0xae, 0xfb, 0xae, 0xfb, 0xae, 0xfb, 0xae, 0xfb, 0xae, 0xfb, 0xa6, 0xfb, 0xa6, 0xfb, 0xa6,
  0xfb, 0xa6, 0xfb, 0xa6, 0xfb, 0xa6, 0xdb, 0xa6, 0xdb, 0xa6, 0xdb, 0xa6, 0xdb, 0xa6, 0xdb, 0xa6, 0xdb, 0xa6, 0xdb, 0x9e, 0xdb, 0x9e, 0xdb, 0x9e, 0xdb, 0x9e, 0xdc, 0x9e, 0xdb, 0x9e, 0xbc, 0x9e,
  0xbc, 0x9e, 0xbc, 0x9e, 0xbc, 0x9e, 0xbc, 0x9e, 0xbc, 0x9e, 0xbc, 0x96, 0xbc, 0x96, 0x1d, 0x9f, 0x0d, 0x5b, 0x2e, 0x24, 0xfc, 0x37, 0xdb, 0x37, 0xfb, 0x37, 0x18, 0x2f, 0x2b, 0x13, 0x4e, 0x19,
  0x71, 0x19, 0x71, 0x19, 0x71, 0x19, 0x71, 0x19, 0x71, 0x19, 0x71, 0x19, 0x71, 0x19, 0x71, 0x19, 0x71, 0x19, 0x71, 0x19, 0x71, 0x19, 0x71, 0x19, 0xc8, 0x9b, 0x63, 0xf5, 0xe2, 0xf4, 0x04, 0xed,
  0x44, 0xc4, 0x27, 0xb4, 0x27, 0xb4, 0x27, 0xb4, 0x26, 0xbc, 0x27, 0xb4, 0x67, 0xc4, 0x49, 0x8b, 0x50, 0x19, 0x71, 0x19, 0x71, 0x19, 0xe9, 0x72, 0x44, 0xfd, 0xe2, 0xf4, 0x23, 0xf5, 0x25, 0xbc,
  0xe6, 0xa3, 0xc6, 0xab, 0xc7, 0xab, 0xc6, 0xa3, 0xc6, 0xab, 0xc8, 0x9b, 0xaf, 0x29, 0x71, 0x19, 0x8e, 0x21, 0xa5, 0xd4, 0x02, 0xf5, 0x43, 0xfd, 0x86, 0x9b, 0x4f, 0x19, 0x51, 0x19, 0x50, 0x19,
  0x70, 0x19, 0x50, 0x19, 0x28, 0x83, 0x64, 0xfd, 0x02, 0xed, 0x25, 0xed, 0xec, 0x41, 0x71, 0x19, 0x87, 0x9b, 0x43, 0xfd, 0x02, 0xf5, 0xc5, 0xd4, 0x8e, 0x21, 0x71, 0x19, 0x71, 0x19, 0x71, 0x19,
  0x71, 0x19, 0x6d, 0x29, 0xa5, 0xd4, 0x02, 0xf5, 0x44, 0xfd, 0x67, 0x8b, 0x71, 0x19, 0xc9, 0x72, 0x64, 0xfd, 0xe2, 0xec, 0x23, 0xf5, 0x24, 0xc4, 0xe6, 0xa3, 0xe6, 0xab, 0xe6, 0xab, 0xc6, 0xab,
  0xc6, 0xa3, 0x07, 0xa4, 0xee, 0x31, 0x71, 0x19, 0x6f, 0x21, 0x85, 0xcc, 0x22, 0xf5, 0x43, 0xfd, 0x44, 0x9b, 0xa5, 0x9b, 0x64, 0xfd, 0xe2, 0xec, 0x64, 0xfd, 0x68, 0x8b, 0x70, 0x19, 0x71, 0x19,
  0x08, 0x7b, 0x64, 0xfd, 0xe2, 0xec, 0x24, 0xe5, 0xec, 0x39, 0x71, 0x19, 0x71, 0x19, 0x71, 0x19, 0x71, 0x19, 0x6e, 0x21, 0x85, 0xcc, 0x22, 0xf5, 0x43, 0xfd, 0xe7, 0xab, 0x50, 0x19, 0x71, 0x19,
  0x71, 0x19, 0x71, 0x19, 0x71, 0x19, 0x71, 0x19, 0x71, 0x19, 0x71, 0x19, 0xa9, 0x6a, 0x24, 0xed, 0x02, 0xed, 0x03, 0xf5, 0x43, 0xf5, 0x02, 0xed, 0x05, 0xdd, 0xe9, 0x72, 0x4f, 0x19, 0x71, 0x19,
  0x71, 0x19, 0x71, 0x19, 0x71, 0x19, 0x71, 0x19, 0x71, 0x19, 0x71, 0x19, 0x71, 0x19, 0x71, 0x19, 0x71, 0x19, 0x71, 0x19, 0x71, 0x19, 0x71, 0x19, 0x71, 0x19, 0x71, 0x19, 0x71, 0x19, 0x71, 0x19,
  0x5a, 0x2a, 0x5a, 0x2a, 0x7b, 0x2a, 0xb4, 0x21, 0x63, 0x09, 0xfe, 0x37, 0xdb, 0x37, 0xdb, 0x37, 0xdb, 0x37, 0xdb, 0x37, 0xdb, 0x37, 0xdb, 0x37, 0xdb, 0x37, 0xdb, 0x37, 0xdb, 0x37, 0xdb, 0x37,
  0xdb, 0x37, 0xdb, 0x37, 0xdb, 0x37, 0xdb, 0x37, 0xdb, 0x37, 0xdb, 0x37, 0xdb, 0x37, 0xdb, 0x37, 0xfc, 0x37, 0xba, 0x37, 0xb0, 0x24, 0x2b, 0x13, 0x68, 0x12, 0xea, 0x12, 0x9a, 0x37, 0xfb, 0x37,
  0xdb, 0x37, 0xdb, 0x37, 0xdb, 0x37, 0xdb, 0x37, 0xdb, 0x37, 0xdb, 0x37, 0xdb, 0x37, 0xdb, 0x37, 0xdb, 0x37, 0xdb, 0x37, 0xdb, 0x37, 0xdb, 0x37, 0xdb, 0x37, 0xdb, 0x37, 0xdb, 0x37, 0xdb, 0x37,
  0xdb, 0x37, 0xdb, 0x37, 0xdb, 0x37, 0xdb, 0x37, 0xdb, 0x37, 0xdb, 0x37, 0xfb, 0x37, 0x39, 0x2f, 0x24, 0x11, 0x11, 0x95, 0xfa, 0xdf, 0x99, 0xd7, 0xda, 0xd7, 0xb6, 0xbe, 0x00, 0x00, 0xe3, 0x18,
  0x0c, 0x63, 0x65, 0x29, 0x00, 0x00, 0x00, 0x00, 0x00, 0x00, 0x20, 0x00, 0x86, 0x31, 0xec, 0x62, 0x82, 0x10, 0x00, 0x00, 0x00, 0x00, 0x00, 0x00, 0x00, 0x00, 0x00, 0x00, 0x00, 0x00, 0x00, 0x00,
  0x65, 0x29, 0x76, 0xae, 0x9a, 0xcf, 0x7a, 0xc7, 0x7a, 0xc7, 0x7a, 0xc7, 0x7a, 0xc7, 0x7a, 0xc7, 0x5a, 0xc7, 0x7a, 0xc7, 0x5a, 0xc7, 0x5a, 0xc7, 0x5a, 0xc7, 0x5a, 0xc7, 0x5a, 0xc7, 0x5a, 0xc7,
  0x5a, 0xc7, 0x5a, 0xbf, 0x5a, 0xbf, 0x5a, 0xbf, 0x5a, 0xbf, 0x5a, 0xbf, 0x5a, 0xbf, 0x3a, 0xbf, 0x5a, 0xbf, 0x3a, 0xbf, 0x3a, 0xbf, 0x3a, 0xbf, 0x3a, 0xbf, 0x3a, 0xbf, 0x3a, 0xbf, 0x3a, 0xbf,
  0x3a, 0xb7, 0x3a, 0xb7, 0x3a, 0xb7, 0x3a, 0xb7, 0x3a, 0xb7, 0x3b, 0xb7, 0x1b, 0xb7, 0x1a, 0xb7, 0x1b, 0xb7, 0x1b, 0xb7, 0x1b, 0xb7, 0x1b, 0xb7, 0x1b, 0xb7, 0x1b, 0xb7, 0x1b, 0xaf, 0x1b, 0xaf,
  0x1b, 0xaf, 0x1b, 0xaf, 0x1b, 0xaf, 0xfb, 0xae, 0x1b, 0xaf, 0xfb, 0xae, 0xfb, 0xae, 0xfb, 0xae, 0xfb, 0xae, 0xfb, 0xae, 0xfb, 0xae, 0xfb, 0xa6, 0xfb, 0xa6, 0xfb, 0xa6, 0xfb, 0xa6, 0xfb, 0xa6,
  0xfb, 0xa6, 0xdb, 0xa6, 0xdb, 0xa6, 0xdb, 0xa6, 0xdb, 0xa6, 0xdb, 0xa6, 0xdb, 0xa6, 0xdb, 0xa6, 0xdb, 0x9e, 0xdb, 0x9e, 0xdb, 0x9e, 0xdb, 0x9e, 0xdc, 0x9e, 0xbb, 0x9e, 0xdc, 0x9e, 0xbc, 0x9e,
  0xbc, 0x9e, 0xbc, 0x9e, 0xbc, 0x9e, 0xbc, 0x9e, 0xbc, 0x96, 0xbc, 0x96, 0xbc, 0x96, 0x1e, 0x9f, 0x0d, 0x5b, 0x2e, 0x24, 0xfc, 0x37, 0xdb, 0x37, 0xfb, 0x37, 0x18, 0x2f, 0x2b, 0x13, 0x4e, 0x19,
  0x71, 0x19, 0x71, 0x19, 0x71, 0x19, 0x71, 0x19, 0x71, 0x19, 0x71, 0x19, 0x71, 0x19, 0x71, 0x19, 0x71, 0x19, 0x71, 0x19, 0x71, 0x19, 0x71, 0x19, 0xe9, 0x49, 0xe2, 0xaa, 0xa1, 0xb2, 0xa1, 0xaa,
  0xe1, 0xb2, 0xe1, 0xb2, 0xe1, 0xb2, 0xe2, 0xb2, 0xe2, 0xb2, 0xe2, 0xb2, 0xe1, 0xaa, 0xe3, 0xb2, 0xe7, 0x61, 0x71, 0x19, 0x71, 0x19, 0x44, 0x7a, 0xe1, 0xb2, 0xa1, 0xaa, 0xc1, 0xaa, 0x02, 0xb3,
  0x02, 0xb3, 0x02, 0xb3, 0x02, 0xb3, 0xe2, 0xba, 0x02, 0xbb, 0xc3, 0x92, 0x6f, 0x21, 0x71, 0x19, 0xa9, 0x41, 0xe2, 0xaa, 0xa1, 0xaa, 0xc1, 0xaa, 0x42, 0x92, 0x04, 0x72, 0x04, 0x72, 0xe4, 0x71,
  0x04, 0x72, 0x04, 0x72, 0xa2, 0x9a, 0xc1, 0xb2, 0x02, 0xb3, 0x45, 0x6a, 0x70, 0x19, 0x6f, 0x21, 0x82, 0x8a, 0xc1, 0xaa, 0xc1, 0xb2, 0x42, 0x8a, 0x68, 0x41, 0x89, 0x41, 0x89, 0x41, 0x8a, 0x41,
  0xa8, 0x49, 0x43, 0x82, 0xc2, 0xaa, 0xa1, 0xaa, 0x03, 0xab, 0xca, 0x41, 0x71, 0x19, 0x24, 0x72, 0xe1, 0xb2, 0xa1, 0xaa, 0xa1, 0xaa, 0x02, 0xb3, 0x02, 0xb3, 0x02, 0xb3, 0x02, 0xb3, 0x02, 0xb3,
  0x02, 0xbb, 0xe3, 0x9a, 0x6e, 0x21, 0x71, 0x19, 0xaa, 0x41, 0x02, 0xab, 0xa1, 0xaa, 0x02, 0xb3, 0xca, 0x41, 0x4e, 0x21, 0xc3, 0x92, 0xc1, 0xaa, 0xa1, 0xaa, 0xe3, 0xaa, 0xa8, 0x49, 0x4f, 0x19,
  0x43, 0x7a, 0xe1, 0xb2, 0xc1, 0xb2, 0xa3, 0x8a, 0x6f, 0x19, 0x71, 0x19, 0x71, 0x19, 0x71, 0x19, 0x71, 0x19, 0xaa, 0x39, 0xe2, 0xaa, 0xa1, 0xaa, 0x02, 0xb3, 0xc8, 0x51, 0x71, 0x19, 0x71, 0x19,
  0x71, 0x19, 0x71, 0x19, 0x71, 0x19, 0x71, 0x19, 0x71, 0x19, 0x71, 0x19, 0x0b, 0x21, 0x63, 0x92, 0xc1, 0xb2, 0xa1, 0xa2, 0xa1, 0xaa, 0xe2, 0xaa, 0x87, 0x41, 0x71, 0x19, 0x71, 0x19, 0x71, 0x19,
  0x71, 0x19, 0x71, 0x19, 0x71, 0x19, 0x71, 0x19, 0x71, 0x19, 0x71, 0x19, 0x71, 0x19, 0x71, 0x19, 0x71, 0x19, 0x71, 0x19, 0x71, 0x19, 0x71, 0x19, 0x71, 0x19, 0x71, 0x19, 0x71, 0x19, 0x71, 0x19,
  0x5a, 0x2a, 0x5a, 0x2a, 0x7b, 0x2a, 0xb4, 0x21, 0x63, 0x09, 0xfe, 0x37, 0xdb, 0x37, 0xdb, 0x37, 0xdb, 0x37, 0xdb, 0x37, 0xdb, 0x37, 0xdb, 0x37, 0xdb, 0x37, 0xdb, 0x37, 0xdb, 0x37, 0xdb, 0x37,
  0xdb, 0x37, 0xdb, 0x37, 0xdb, 0x37, 0xdb, 0x37, 0xdb, 0x37, 0xdb, 0x37, 0xdb, 0x37, 0xdb, 0x37, 0xdb, 0x37, 0xfb, 0x37, 0xfc, 0x37, 0xfd, 0x37, 0xba, 0x37, 0xba, 0x37, 0xfc, 0x37, 0xdb, 0x37,
  0xdb, 0x37, 0xdb, 0x37, 0xdb, 0x37, 0xdb, 0x37, 0xdb, 0x37, 0xdb, 0x37, 0xdb, 0x37, 0xdb, 0x37, 0xdb, 0x37, 0xdb, 0x37, 0xdb, 0x37, 0xdb, 0x37, 0xdb, 0x37, 0xdb, 0x37, 0xdb, 0x37, 0xdb, 0x37,
  0xdb, 0x37, 0xdb, 0x37, 0xdb, 0x37, 0xdb, 0x37, 0xdb, 0x37, 0xdb, 0x37, 0xfb, 0x37, 0x39, 0x2f, 0x24, 0x11, 0x11, 0x95, 0xfa, 0xdf, 0x99, 0xd7, 0xba, 0xd7, 0xb6, 0xb6, 0x00, 0x00, 0xa7, 0x39,
  0xbf, 0xff, 0x55, 0xad, 0x00, 0x00, 0x00, 0x00, 0x00, 0x00, 0x82, 0x10, 0x96, 0xb5, 0x7d, 0xef, 0xa3, 0x18, 0x00, 0x00, 0x00, 0x00, 0x00, 0x00, 0x00, 0x00, 0x00, 0x00, 0x00, 0x00, 0x00, 0x00,
  0x65, 0x29, 0x76, 0xae, 0x9a, 0xcf, 0x7a, 0xc7, 0x7a, 0xc7, 0x7a, 0xc7, 0x5a, 0xc7, 0x7a, 0xc7, 0x5a, 0xc7, 0x5a, 0xc7, 0x5a, 0xc7, 0x5a, 0xc7, 0x5a, 0xc7, 0x5a, 0xc7, 0x5a, 0xc7, 0x5a, 0xbf,
  0x5a, 0xbf, 0x5a, 0xbf, 0x5a, 0xbf, 0x5a, 0xbf, 0x5a, 0xbf, 0x3a, 0xbf, 0x5a, 0xbf, 0x3a, 0xbf, 0x3a, 0xbf, 0x3a, 0xbf, 0x3a, 0xbf, 0x3a, 0xbf, 0x3a, 0xbf, 0x3a, 0xbf, 0x3a, 0xb7, 0x3a, 0xb7,
  0x3a, 0xb7, 0x3a, 0xb7, 0x3a, 0xb7, 0x3b, 0xb7, 0x3b, 0xb7, 0x1a, 0xb7, 0x1a, 0xb7, 0x1b, 0xb7, 0x1b, 0xb7, 0x1b, 0xb7, 0x1b, 0xb7, 0x1b, 0xb7, 0x1b, 0xaf, 0x1b, 0xaf, 0x1b, 0xaf, 0x1b, 0xaf,
  0x1b, 0xaf, 0xfb, 0xae, 0xfb, 0xae, 0x1b, 0xaf, 0xfb, 0xae, 0xfb, 0xae, 0xfb, 0xae, 0xfb, 0xae, 0xfb, 0xae, 0xfb, 0xa6, 0xfb, 0xa6, 0xfb, 0xa6, 0xfb, 0xa6, 0xfb, 0xa6, 0xfb, 0xa6, 0xfb, 0xa6,
  0xdb, 0xa6, 0xdb, 0xa6, 0xdb, 0xa6, 0xdb, 0xa6, 0xdb, 0xa6, 0xdb, 0xa6, 0xdb, 0xa6, 0xdb, 0x9e, 0xdb, 0x9e, 0xdb, 0x9e, 0xdc, 0x9e, 0xbb, 0x9e, 0xdc, 0x9e, 0xbc, 0x9e, 0xbc, 0x9e, 0xbc, 0x9e,
  0xbc, 0x9e, 0xbc, 0x9e, 0xbc, 0x96, 0xbc, 0x96, 0xbc, 0x96, 0xbc, 0x96, 0xbc, 0x96, 0x1e, 0x9f, 0x0d, 0x5b, 0x2e, 0x24, 0xfc, 0x37, 0xdb, 0x37, 0xfb, 0x37, 0x18, 0x2f, 0x2b, 0x13, 0x4d, 0x19,
  0x71, 0x19, 0x71, 0x19, 0x71, 0x19, 0x71, 0x19, 0x71, 0x19, 0x71, 0x19, 0x71, 0x19, 0x71, 0x19, 0x71, 0x19, 0x71, 0x19, 0x71, 0x19, 0x71, 0x19, 0x71, 0x19, 0x88, 0x49, 0xe3, 0x71, 0xc3, 0x71,
  0xe4, 0x69, 0xe3, 0x69, 0xc2, 0x71, 0xc4, 0x71, 0xc3, 0x71, 0x01, 0x92, 0x01, 0x92, 0x01, 0x9a, 0x03, 0x82, 0x70, 0x19, 0x6d, 0x21, 0x23, 0x92, 0x21, 0x9a, 0x21, 0x92, 0x02, 0x82, 0x84, 0x61,
  0xa4, 0x61, 0xa4, 0x61, 0xa5, 0x61, 0xa4, 0x61, 0xc4, 0x61, 0x89, 0x41, 0x71, 0x19, 0x71, 0x19, 0xc5, 0x61, 0x41, 0xa2, 0x21, 0x92, 0x20, 0x9a, 0x41, 0xa2, 0x61, 0xa2, 0x60, 0xa2, 0x61, 0xa2,
  0x61, 0xa2, 0x41, 0xa2, 0x21, 0x9a, 0x01, 0x92, 0x67, 0x49, 0x4f, 0x19, 0x71, 0x19, 0x6c, 0x31, 0x42, 0x92, 0x01, 0x9a, 0x20, 0x92, 0x01, 0x9a, 0x42, 0x9a, 0x42, 0xa2, 0x42, 0x9a, 0x42, 0xa2,
  0x62, 0x9a, 0x40, 0x9a, 0x21, 0xa2, 0x23, 0x8a, 0xa9, 0x41, 0x71, 0x19, 0x6e, 0x21, 0x22, 0x8a, 0x00, 0x9a, 0x21, 0x9a, 0x02, 0x8a, 0xa3, 0x69, 0xa3, 0x69, 0xa4, 0x69, 0xa4, 0x61, 0xa3, 0x61,
  0xc4, 0x69, 0x89, 0x41, 0x71, 0x19, 0x71, 0x19, 0xe6, 0x61, 0x41, 0xa2, 0x21, 0x9a, 0x23, 0x8a, 0x6d, 0x21, 0x71, 0x19, 0x4b, 0x29, 0x22, 0x8a, 0x21, 0x9a, 0x01, 0x92, 0x42, 0x8a, 0x44, 0x51,
  0x22, 0x8a, 0x01, 0x9a, 0x42, 0xa2, 0xe6, 0x59, 0x71, 0x19, 0x71, 0x19, 0x71, 0x19, 0x71, 0x19, 0x71, 0x19, 0xa6, 0x59, 0x41, 0xa2, 0x21, 0x9a, 0x43, 0x92, 0x6d, 0x29, 0x71, 0x19, 0x71, 0x19,
  0x71, 0x19, 0x71, 0x19, 0x71, 0x19, 0x71, 0x19, 0x71, 0x19, 0x8a, 0x39, 0x23, 0x82, 0x22, 0x9a, 0x21, 0x9a, 0x41, 0x9a, 0x01, 0x92, 0x22, 0x92, 0xe4, 0x69, 0x6f, 0x21, 0x71, 0x19, 0x71, 0x19,
  0x71, 0x19, 0x71, 0x19, 0x71, 0x19, 0x71, 0x19, 0x71, 0x19, 0x71, 0x19, 0x71, 0x19, 0x71, 0x19, 0x71, 0x19, 0x71, 0x19, 0x71, 0x19, 0x71, 0x19, 0x71, 0x19, 0x71, 0x19, 0x71, 0x19, 0x71, 0x19,
  0x5a, 0x2a, 0x5a, 0x2a, 0x7b, 0x2a, 0x94, 0x21, 0x63, 0x09, 0xfe, 0x37, 0xdb, 0x37, 0xdb, 0x37, 0xdb, 0x37, 0xdb, 0x37, 0xdb, 0x37, 0xdb, 0x37, 0xdb, 0x37, 0xdb, 0x37, 0xdb, 0x37, 0xdb, 0x37,
  0xdb, 0x37, 0xdb, 0x37, 0xdb, 0x37, 0xdb, 0x37, 0xdb, 0x37, 0xdb, 0x37, 0xdb, 0x37, 0xdb, 0x37, 0xdb, 0x37, 0xdb, 0x37, 0xdb, 0x37, 0xdb, 0x37, 0xfb, 0x37, 0xfb, 0x37, 0xdb, 0x37, 0xdb, 0x37,
  0xdb, 0x37, 0xdb, 0x37, 0xdb, 0x37, 0xdb, 0x37, 0xdb, 0x37, 0xdb, 0x37, 0xdb, 0x37, 0xdb, 0x37, 0xdb, 0x37, 0xdb, 0x37, 0xdb, 0x37, 0xdb, 0x37, 0xdb, 0x37, 0xdb, 0x37, 0xdb, 0x37, 0xdb, 0x37,
  0xdb, 0x37, 0xdb, 0x37, 0xdb, 0x37, 0xdb, 0x37, 0xdb, 0x37, 0xdb, 0x37, 0xfb, 0x37, 0x39, 0x2f, 0x24, 0x11, 0x11, 0x95, 0xfa, 0xdf, 0x99, 0xcf, 0xba, 0xd7, 0xb6, 0xb6, 0x00, 0x00, 0x61, 0x08,
  0x14, 0xa5, 0x7d, 0xef, 0x21, 0x08, 0x00, 0x00, 0x00, 0x00, 0x65, 0x29, 0x7e, 0xf7, 0x71, 0x8c, 0x00, 0x00, 0xc3, 0x18, 0xeb, 0x5a, 0x8e, 0x73, 0x6d, 0x6b, 0x08, 0x42, 0x20, 0x00, 0x00, 0x00,
  0x65, 0x29, 0x76, 0xae, 0x9a, 0xcf, 0x7a, 0xc7, 0x5a, 0xc7, 0x7a, 0xc7, 0x5a, 0xc7, 0x5a, 0xc7, 0x5a, 0xc7, 0x5a, 0xc7, 0x5a, 0xc7, 0x5a, 0xc7, 0x5a, 0xc7, 0x5a, 0xbf, 0x5a, 0xbf, 0x5a, 0xbf,
  0x5a, 0xbf, 0x5a, 0xbf, 0x5a, 0xbf, 0x3a, 0xbf, 0x3a, 0xbf, 0x5a, 0xbf, 0x3a, 0xbf, 0x3a, 0xbf, 0x3a, 0xbf, 0x3a, 0xbf, 0x3a, 0xbf, 0x3a, 0xbf, 0x3a, 0xb7, 0x3a, 0xb7, 0x3a, 0xb7, 0x3a, 0xb7,
  0x3a, 0xb7, 0x3a, 0xb7, 0x3b, 0xb7, 0x1a, 0xb7, 0x1a, 0xb7, 0x1b, 0xb7, 0x1b, 0xb7, 0x1b, 0xb7, 0x1b, 0xb7, 0x1b, 0xb7, 0x1b, 0xb7, 0x1b, 0xaf, 0x1b, 0xaf, 0x1b, 0xaf, 0x1b, 0xaf, 0x1b, 0xaf,
  0xfb, 0xae, 0x1b, 0xaf, 0xfb, 0xae, 0xfb, 0xae, 0xfb, 0xae, 0xfb, 0xae, 0xfb, 0xae, 0xfb, 0xa6, 0xfb, 0xa6, 0xfb, 0xa6, 0xfb, 0xa6, 0xfb, 0xa6, 0xfb, 0xa6, 0xfb, 0xa6, 0xdb, 0xa6, 0xdb, 0xa6,
  0xdb, 0xa6, 0xdb, 0xa6, 0xdb, 0xa6, 0xdb, 0xa6, 0xdb, 0x9e, 0xdb, 0x9e, 0xdb, 0x9e, 0xdb, 0x9e, 0xdc, 0x9e, 0xbb, 0x9e, 0xbc, 0x9e, 0xdc, 0x9e, 0xbc, 0x9e, 0xbc, 0x9e, 0xbc, 0x9e, 0xbc, 0x9e,
  0xbc, 0x96, 0xbc, 0x96, 0xbc, 0x96, 0xbc, 0x96, 0xbc, 0x96, 0x9c, 0x96, 0x9c, 0x96, 0xfe, 0x9e, 0x0d, 0x5b, 0x2e, 0x24, 0xfc, 0x37, 0xdb, 0x37, 0xfb, 0x37, 0x18, 0x2f, 0x2b, 0x13, 0x4e, 0x19,
  0x71, 0x19, 0x71, 0x19, 0x71, 0x19, 0x71, 0x19, 0x71, 0x19, 0x71, 0x19, 0x71, 0x19, 0x71, 0x19, 0x71, 0x19, 0x71, 0x19, 0x71, 0x19, 0x71, 0x19, 0x71, 0x19, 0x71, 0x19, 0x71, 0x19, 0x50, 0x19,
  0x50, 0x19, 0x50, 0x19, 0x50, 0x19, 0x50, 0x19, 0x4c, 0x21, 0xe2, 0x89, 0x01, 0x9a, 0x22, 0x9a, 0xa7, 0x51, 0x71, 0x19, 0xa9, 0x41, 0x42, 0x9a, 0x01, 0x9a, 0x22, 0x9a, 0x89, 0x41, 0x71, 0x19,
  0x71, 0x19, 0x71, 0x19, 0x71, 0x19, 0x71, 0x19, 0x71, 0x19, 0x71, 0x19, 0x71, 0x19, 0x4e, 0x19, 0xe2, 0x81, 0x01, 0x9a, 0x21, 0x92, 0x02, 0x8a, 0xe3, 0x79, 0xe2, 0x79, 0xe2, 0x79, 0xe3, 0x71,
  0x02, 0x82, 0x21, 0x9a, 0x01, 0x9a, 0x23, 0x92, 0x6a, 0x31, 0x71, 0x19, 0x71, 0x19, 0xa6, 0x51, 0x42, 0x9a, 0xe1, 0x99, 0x21, 0x9a, 0x42, 0x9a, 0x21, 0x9a, 0x21, 0x9a, 0x42, 0x92, 0x41, 0x9a,
  0x22, 0x9a, 0x43, 0x92, 0xc4, 0x69, 0x4c, 0x29, 0x71, 0x19, 0x71, 0x19, 0x89, 0x41, 0x42, 0x9a, 0xe1, 0x99, 0x42, 0x9a, 0x89, 0x49, 0x50, 0x19, 0x50, 0x19, 0x50, 0x19, 0x50, 0x19, 0x50, 0x19,
  0x50, 0x19, 0x71, 0x19, 0x71, 0x19, 0x4f, 0x19, 0xe3, 0x79, 0x21, 0x9a, 0x21, 0xa2, 0xc5, 0x69, 0x71, 0x19, 0x71, 0x19, 0x71, 0x19, 0x89, 0x41, 0x42, 0x92, 0x01, 0x92, 0x01, 0x9a, 0x02, 0x9a,
  0x01, 0x92, 0x00, 0x92, 0x23, 0x9a, 0x6b, 0x31, 0x71, 0x19, 0x71, 0x19, 0x71, 0x19, 0x71, 0x19, 0x50, 0x19, 0xe3, 0x71, 0x21, 0x9a, 0x21, 0x9a, 0x03, 0x7a, 0x50, 0x19, 0x71, 0x19, 0x71, 0x19,
  0x71, 0x19, 0x71, 0x19, 0x71, 0x19, 0x4d, 0x21, 0xc6, 0x59, 0x42, 0x92, 0x20, 0x9a, 0x41, 0x9a, 0xe3, 0x71, 0xa4, 0x69, 0x41, 0x92, 0x01, 0x92, 0x42, 0x9a, 0xe5, 0x61, 0x4f, 0x19, 0x71, 0x19,
  0x71, 0x19, 0x71, 0x19, 0x71, 0x19, 0x71, 0x19, 0x71, 0x19, 0x71, 0x19, 0x71, 0x19, 0x71, 0x19, 0x71, 0x19, 0x71, 0x19, 0x71, 0x19, 0x71, 0x19, 0x71, 0x19, 0x71, 0x19, 0x71, 0x19, 0x71, 0x19,
  0x5a, 0x2a, 0x5a, 0x2a, 0x5b, 0x2a, 0x94, 0x21, 0x63, 0x09, 0xfe, 0x37, 0xdb, 0x37, 0xdb, 0x37, 0xdb, 0x37, 0xdb, 0x37, 0xdb, 0x37, 0xdb, 0x37, 0xdb, 0x37, 0xdb, 0x37, 0xdb, 0x37, 0xdb, 0x37,
  0xfb, 0x37, 0xfc, 0x37, 0xfc, 0x37, 0xfc, 0x37, 0xfc, 0x37, 0xfc, 0x37, 0xfc, 0x37, 0xfc, 0x37, 0xfc, 0x37, 0xfc, 0x37, 0xfc, 0x37, 0xfc, 0x37, 0xfc, 0x37, 0xfc, 0x37, 0xfc, 0x37, 0xfc, 0x37,
  0xfc, 0x37, 0xfc, 0x37, 0xfc, 0x37, 0xfc, 0x37, 0xfc, 0x37, 0xfc, 0x37, 0xfc, 0x37, 0xfc, 0x37, 0xfc, 0x37, 0xfc, 0x37, 0xfc, 0x37, 0xfc, 0x37, 0xfc, 0x37, 0xfc, 0x37, 0xfc, 0x37, 0xfc, 0x37,
  0xfc, 0x37, 0xfc, 0x37, 0xfc, 0x37, 0xfc, 0x37, 0xfc, 0x37, 0xfc, 0x37, 0xfc, 0x37, 0x39, 0x2f, 0x24, 0x11, 0xf1, 0x94, 0xfa, 0xdf, 0x99, 0xcf, 0xba, 0xd7, 0xb6, 0xb6, 0x00, 0x00, 0x00, 0x00,
  0x8a, 0x52, 0xff, 0xff, 0xeb, 0x5a, 0x00, 0x00, 0x21, 0x08, 0x6d, 0x6b, 0xff, 0xff, 0x45, 0x29, 0x62, 0x10, 0x14, 0xa5, 0x3c, 0xe7, 0x96, 0xb5, 0x18, 0xc6, 0xdb, 0xde, 0x0c, 0x63, 0x00, 0x00,
  0x65, 0x29, 0x76, 0xae, 0x9a, 0xcf, 0x7a, 0xc7, 0x5a, 0xc7, 0x5a, 0xc7, 0x5a, 0xc7, 0x5a, 0xc7, 0x5a, 0xc7, 0x5a, 0xc7, 0x5a, 0xc7, 0x5a, 0xbf, 0x5a, 0xbf, 0x5a, 0xbf, 0x5a, 0xbf, 0x5a, 0xbf,
  0x5a, 0xbf, 0x5a, 0xbf, 0x3a, 0xbf, 0x5a, 0xbf, 0x3a, 0xbf, 0x3a, 0xbf, 0x3a, 0xbf, 0x3a, 0xbf, 0x3a, 0xbf, 0x3a, 0xbf, 0x3a, 0xbf, 0x3a, 0xb7, 0x3a, 0xb7, 0x3a, 0xb7, 0x3a, 0xb7, 0x3a, 0xb7,
  0x3b, 0xb7, 0x1b, 0xb7, 0x1a, 0xb7, 0x1b, 0xb7, 0x1b, 0xb7, 0x1b, 0xb7, 0x1b, 0xb7, 0x1b, 0xb7, 0x1b, 0xb7, 0x1b, 0xaf, 0x1b, 0xaf, 0x1b, 0xaf, 0x1b, 0xaf, 0x1b, 0xaf, 0xfb, 0xae, 0x1b, 0xaf,
  0xfb, 0xae, 0xfb, 0xae, 0xfb, 0xae, 0xfb, 0xae, 0xfb, 0xae, 0xfb, 0xae, 0xfb, 0xae, 0xfb, 0xa6, 0xfb, 0xa6, 0xfb, 0xa6, 0xfb, 0xa6, 0xfb, 0xa6, 0xdb, 0xa6, 0xdb, 0xa6, 0xdb, 0xa6, 0xdb, 0xa6,
  0xdb, 0xa6, 0xdb, 0xa6, 0xdb, 0xa6, 0xdb, 0x9e, 0xdb, 0x9e, 0xdb, 0x9e, 0xdc, 0x9e, 0xdb, 0x9e, 0xbc, 0x9e, 0xdc, 0x9e, 0xbc, 0x9e, 0xbc, 0x9e, 0xbc, 0x9e, 0xbc, 0x9e, 0xbc, 0x9e, 0xbc, 0x96,
  0xbc, 0x96, 0xbc, 0x96, 0xbc, 0x96, 0x9c, 0x96, 0x9c, 0x96, 0x9c, 0x96, 0x9c, 0x96, 0xfe, 0x9e, 0x0d, 0x5b, 0x2e, 0x24, 0xfc, 0x37, 0xdb, 0x37, 0xfb, 0x37, 0x18, 0x2f, 0x2b, 0x13, 0x4d, 0x19,
  0x71, 0x19, 0x71, 0x19, 0x71, 0x19, 0x71, 0x19, 0x71, 0x19, 0x71, 0x19, 0x71, 0x19, 0x71, 0x19, 0x71, 0x19, 0x71, 0x19, 0x6f, 0x19, 0xa9, 0x49, 0xa8, 0x59, 0xc8, 0x59, 0xad, 0x39, 0x71, 0x19,
  0x71, 0x19, 0x71, 0x19, 0x71, 0x19, 0x71, 0x19, 0x6a, 0x39, 0xe2, 0x91, 0xc1, 0x91, 0xe2, 0x99, 0x6b, 0x31, 0x71, 0x19, 0xa4, 0x61, 0x01, 0x9a, 0xe1, 0x91, 0x02, 0x8a, 0x6e, 0x21, 0x71, 0x19,
  0x71, 0x19, 0x71, 0x19, 0x71, 0x19, 0x71, 0x19, 0x71, 0x19, 0x71, 0x19, 0x71, 0x19, 0x6a, 0x31, 0x02, 0x92, 0xe1, 0x91, 0x21, 0x92, 0x66, 0x51, 0x2e, 0x19, 0x4f, 0x19, 0x4e, 0x19, 0x2f, 0x19,
  0x2b, 0x21, 0xc2, 0x79, 0x01, 0x92, 0xe1, 0x99, 0xe4, 0x79, 0x71, 0x19, 0x50, 0x19, 0xc3, 0x71, 0xe0, 0x91, 0xe2, 0x99, 0xe3, 0x81, 0x68, 0x41, 0x89, 0x41, 0x89, 0x41, 0xaa, 0x39, 0x89, 0x41,
  0x8a, 0x41, 0x8c, 0x31, 0x50, 0x19, 0x71, 0x19, 0x71, 0x19, 0x71, 0x19, 0xa5, 0x59, 0x01, 0x9a, 0xc1, 0x91, 0x02, 0x8a, 0x6e, 0x29, 0x71, 0x19, 0x71, 0x19, 0x71, 0x19, 0x71, 0x19, 0x71, 0x19,
  0x71, 0x19, 0x71, 0x19, 0x71, 0x19, 0x4c, 0x31, 0x02, 0x92, 0x01, 0x92, 0x22, 0x9a, 0x89, 0x49, 0x71, 0x19, 0x71, 0x19, 0x71, 0x19, 0x71, 0x19, 0x86, 0x59, 0x22, 0x92, 0xc1, 0x91, 0xc1, 0x91,
  0xe1, 0x91, 0xe0, 0x99, 0xe3, 0x81, 0x4e, 0x21, 0x71, 0x19, 0x71, 0x19, 0x71, 0x19, 0x71, 0x19, 0x6d, 0x29, 0x03, 0x92, 0xe1, 0x91, 0x02, 0x9a, 0xa7, 0x51, 0x71, 0x19, 0x71, 0x19, 0x71, 0x19,
  0x71, 0x19, 0x71, 0x19, 0x6a, 0x39, 0xe3, 0x81, 0x01, 0x9a, 0xe1, 0x91, 0x02, 0x92, 0xa5, 0x61, 0x4e, 0x21, 0x4f, 0x19, 0xc4, 0x69, 0x01, 0x92, 0xc1, 0x91, 0x22, 0x92, 0xa6, 0x51, 0x50, 0x19,
  0x71, 0x19, 0x71, 0x19, 0x71, 0x19, 0x71, 0x19, 0x71, 0x19, 0x71, 0x19, 0x71, 0x19, 0x71, 0x19, 0x71, 0x19, 0x71, 0x19, 0x71, 0x19, 0x71, 0x19, 0x71, 0x19, 0x71, 0x19, 0x71, 0x19, 0x71, 0x19,
  0x5a, 0x2a, 0x5a, 0x2a, 0x5b, 0x2a, 0x94, 0x21, 0x63, 0x09, 0xfe, 0x37, 0xdb, 0x37, 0xdb, 0x37, 0xdb, 0x37, 0xdb, 0x37, 0xdb, 0x37, 0xdb, 0x37, 0xdb, 0x37, 0xdb, 0x37, 0xdb, 0x37, 0xfc, 0x37,
  0x9a, 0x37, 0xb4, 0x25, 0xb0, 0x1c, 0x4e, 0x1c, 0x4f, 0x1c, 0x4f, 0x1c, 0x4f, 0x1c, 0x4f, 0x1c, 0x4f, 0x1c, 0x4f, 0x1c, 0x4f, 0x1c, 0x4f, 0x1c, 0x4f, 0x1c, 0x4f, 0x1c, 0x4f, 0x1c, 0x4f, 0x1c,
  0x4f, 0x1c, 0x4f, 0x1c, 0x4f, 0x1c, 0x4f, 0x1c, 0x4f, 0x1c, 0x4f, 0x1c, 0x4f, 0x1c, 0x4f, 0x1c, 0x4f, 0x1c, 0x4f, 0x1c, 0x4f, 0x1c, 0x4f, 0x1c, 0x4f, 0x1c, 0x4f, 0x1c, 0x4f, 0x1c, 0x4f, 0x1c,
  0x4f, 0x1c, 0x4f, 0x1c, 0x4e, 0x1c, 0x6f, 0x1c, 0x52, 0x25, 0x97, 0x2e, 0xfc, 0x37, 0x59, 0x2f, 0x24, 0x11, 0x11, 0x95, 0xda, 0xd7, 0x99, 0xcf, 0xba, 0xd7, 0xb6, 0xb6, 0x00, 0x00, 0x00, 0x00,
  0xa3, 0x18, 0x1c, 0xe7, 0x96, 0xb5, 0x00, 0x00, 0xa2, 0x10, 0xf8, 0xc5, 0x38, 0xc6, 0x00, 0x00, 0x2c, 0x63, 0xff, 0xff, 0x6d, 0x6b, 0x00, 0x00, 0x82, 0x10, 0xd7, 0xbd, 0x5d, 0xef, 0xa3, 0x18,
  0x44, 0x21, 0x56, 0xae, 0x9a, 0xcf, 0x5a, 0xc7, 0x5a, 0xc7, 0x5a, 0xc7, 0x5a, 0xc7, 0x5a, 0xc7, 0x5a, 0xc7, 0x5a, 0xc7, 0x5a, 0xbf, 0x5a, 0xbf, 0x5a, 0xbf, 0x5a, 0xbf, 0x5a, 0xbf, 0x5a, 0xbf,
  0x3a, 0xbf, 0x5a, 0xbf, 0x3a, 0xbf, 0x3a, 0xbf, 0x3a, 0xbf, 0x3a, 0xbf, 0x3a, 0xbf, 0x3a, 0xbf, 0x3a, 0xbf, 0x3a, 0xb7, 0x3a, 0xb7, 0x3a, 0xb7, 0x3a, 0xb7, 0x3a, 0xb7, 0x3b, 0xb7, 0x1b, 0xb7,
  0x1a, 0xb7, 0x1a, 0xb7, 0x1b, 0xb7, 0x1b, 0xb7, 0x1b, 0xb7, 0x1b, 0xb7, 0x1b, 0xb7, 0x1b, 0xaf, 0x1b, 0xaf, 0x1b, 0xaf, 0x1b, 0xaf, 0x1b, 0xaf, 0xfb, 0xae, 0x1b, 0xaf, 0xfb, 0xae, 0xfb, 0xae,
  0xfb, 0xae, 0xfb, 0xae, 0xfb, 0xae, 0xfb, 0xae, 0xfb, 0xae, 0xfb, 0xa6, 0xfb, 0xa6, 0xfb, 0xa6, 0xfb, 0xa6, 0xfb, 0xa6, 0xdb, 0xa6, 0xdb, 0xa6, 0xdb, 0xa6, 0xdb, 0xa6, 0xdb, 0xa6, 0xdb, 0xa6,
  0xdb, 0xa6, 0xdb, 0xa6, 0xdb, 0x9e, 0xdb, 0x9e, 0xdb, 0x9e, 0xdc, 0x9e, 0xbb, 0x9e, 0xdc, 0x9e, 0xbc, 0x9e, 0xbc, 0x9e, 0xbc, 0x9e, 0xbc, 0x9e, 0xbc, 0x9e, 0xbc, 0x9e, 0xbc, 0x96, 0xbc, 0x96,
  0xbc, 0x96, 0xbc, 0x96, 0x9c, 0x96, 0x9c, 0x96, 0x9c, 0x96, 0x9c, 0x96, 0x9c, 0x96, 0xfe, 0x96, 0x0d, 0x53, 0x2e, 0x24, 0xfc, 0x37, 0xdb, 0x37, 0xfb, 0x37, 0x18, 0x2f, 0x2b, 0x13, 0x4d, 0x19,
  0x71, 0x19, 0x71, 0x19, 0x71, 0x19, 0x71, 0x19, 0x71, 0x19, 0x71, 0x19, 0x71, 0x19, 0x71, 0x19, 0x71, 0x19, 0x71, 0x19, 0x6b, 0x31, 0x03, 0x92, 0xe1, 0x91, 0x23, 0x9a, 0x6a, 0x41, 0x71, 0x19,
  0x71, 0x19, 0x71, 0x19, 0x71, 0x19, 0x50, 0x19, 0x84, 0x61, 0xe1, 0x91, 0xc1, 0x91, 0xc3, 0x81, 0x6f, 0x19, 0x4e, 0x21, 0xc2, 0x81, 0xc0, 0x99, 0xe1, 0x91, 0xa4, 0x61, 0x71, 0x19, 0x71, 0x19,
  0x71, 0x19, 0x71, 0x19, 0x71, 0x19, 0x71, 0x19, 0x71, 0x19, 0x71, 0x19, 0x71, 0x19, 0x88, 0x51, 0x02, 0x92, 0xe1, 0x89, 0x02, 0x92, 0x6c, 0x31, 0x71, 0x19, 0x71, 0x19, 0x71, 0x19, 0x71, 0x19,
  0x50, 0x19, 0xa2, 0x71, 0xe1, 0x91, 0xe1, 0x91, 0xa5, 0x69, 0x71, 0x19, 0x4c, 0x29, 0xc3, 0x89, 0xc1, 0x91, 0xe1, 0x99, 0x88, 0x49, 0x71, 0x19, 0x71, 0x19, 0x71, 0x19, 0x71, 0x19, 0x71, 0x19,
  0x71, 0x19, 0x71, 0x19, 0x71, 0x19, 0x71, 0x19, 0x71, 0x19, 0x4e, 0x21, 0xc2, 0x79, 0xc1, 0x91, 0xe1, 0x91, 0xa3, 0x71, 0x50, 0x19, 0x71, 0x19, 0x71, 0x19, 0x71, 0x19, 0x71, 0x19, 0x71, 0x19,
  0x71, 0x19, 0x71, 0x19, 0x71, 0x19, 0x88, 0x49, 0xe2, 0x99, 0xc1, 0x91, 0x03, 0x8a, 0x6d, 0x29, 0x71, 0x19, 0x71, 0x19, 0x71, 0x19, 0x71, 0x19, 0x4f, 0x19, 0xa4, 0x69, 0x01, 0x92, 0xc1, 0x91,
  0xc1, 0x89, 0xe1, 0x99, 0xa5, 0x69, 0x71, 0x19, 0x71, 0x19, 0x71, 0x19, 0x71, 0x19, 0x71, 0x19, 0xa8, 0x49, 0x01, 0x92, 0xc1, 0x91, 0xe2, 0x91, 0x6c, 0x31, 0x71, 0x19, 0x71, 0x19, 0x71, 0x19,
  0x50, 0x19, 0x87, 0x51, 0x03, 0x92, 0xc1, 0x91, 0xe1, 0x91, 0xe3, 0x79, 0x6a, 0x39, 0x50, 0x19, 0x71, 0x19, 0x71, 0x19, 0x4e, 0x21, 0xc4, 0x71, 0xc1, 0x91, 0xa1, 0x91, 0x03, 0x92, 0x8a, 0x41,
  0x71, 0x19, 0x71, 0x19, 0x71, 0x19, 0x71, 0x19, 0x71, 0x19, 0x71, 0x19, 0x71, 0x19, 0x71, 0x19, 0x71, 0x19, 0x71, 0x19, 0x71, 0x19, 0x71, 0x19, 0x71, 0x19, 0x71, 0x19, 0x71, 0x19, 0x70, 0x19,
  0x5a, 0x2a, 0x5a, 0x2a, 0x5b, 0x2a, 0x94, 0x21, 0x63, 0x09, 0xfe, 0x37, 0xdb, 0x37, 0xdb, 0x37, 0xdb, 0x37, 0xdb, 0x37, 0xdb, 0x37, 0xdb, 0x37, 0xdb, 0x37, 0xdb, 0x37, 0xfc, 0x37, 0xf8, 0x2e,
  0x0a, 0x13, 0xaa, 0x22, 0x8a, 0x2a, 0xab, 0x2a, 0xab, 0x2a, 0xab, 0x2a, 0xab, 0x2a, 0xab, 0x2a, 0xab, 0x2a, 0xab, 0x2a, 0xab, 0x2a, 0xab, 0x2a, 0xab, 0x2a, 0xab, 0x2a, 0xab, 0x2a, 0xab, 0x2a,
  0xab, 0x2a, 0xab, 0x2a, 0xab, 0x2a, 0xab, 0x2a, 0xab, 0x2a, 0xab, 0x2a, 0xab, 0x2a, 0xab, 0x2a, 0xab, 0x2a, 0xab, 0x2a, 0xab, 0x2a, 0xab, 0x2a, 0xab, 0x2a, 0xab, 0x2a, 0xab, 0x2a, 0xab, 0x2a,
  0xab, 0x2a, 0xab, 0x2a, 0xab, 0x2a, 0x6a, 0x2a, 0x8a, 0x22, 0xca, 0x1a, 0xd0, 0x1c, 0x39, 0x2f, 0x44, 0x11, 0xf1, 0x8c, 0xda, 0xd7, 0x99, 0xcf, 0xba, 0xd7, 0xb7, 0xb6, 0x00, 0x00, 0x00, 0x00,
  0x41, 0x08, 0x31, 0x8c, 0x9e, 0xf7, 0xa2, 0x10, 0x86, 0x31, 0x9e, 0xf7, 0xec, 0x62, 0x20, 0x00, 0x35, 0xad, 0x5d, 0xef, 0x00, 0x00, 0x00, 0x00, 0x00, 0x00, 0xaa, 0x52, 0xff, 0xff, 0x6a, 0x52,
  0x24, 0x19, 0x56, 0xae, 0x9a, 0xc7, 0x5a, 0xc7, 0x5a, 0xc7, 0x5a, 0xc7, 0x5a, 0xc7, 0x5a, 0xc7, 0x5a, 0xbf, 0x5a, 0xbf, 0x5a, 0xbf, 0x5a, 0xbf, 0x5a, 0xbf, 0x5a, 0xbf, 0x3a, 0xbf, 0x5a, 0xbf,
  0x3a, 0xbf, 0x3a, 0xbf, 0x3a, 0xbf, 0x3a, 0xbf, 0x3a, 0xbf, 0x3a, 0xbf, 0x3a, 0xbf, 0x3a, 0xb7, 0x3a, 0xb7, 0x3a, 0xb7, 0x3a, 0xb7, 0x3a, 0xb7, 0x3b, 0xb7, 0x3b, 0xb7, 0x1a, 0xb7, 0x1a, 0xb7,
  0x1b, 0xb7, 0x1b, 0xb7, 0x1b, 0xb7, 0x1b, 0xb7, 0x1b, 0xb7, 0x1b, 0xaf, 0x1b, 0xaf, 0x1b, 0xaf, 0x1b, 0xaf, 0x1b, 0xaf, 0x1b, 0xaf, 0xfb, 0xae, 0x1b, 0xaf, 0xfb, 0xae, 0xfb, 0xae, 0xfb, 0xae,
  0xfb, 0xae, 0xfb, 0xae, 0xfb, 0xa6, 0xfb, 0xa6, 0xfb, 0xa6, 0xfb, 0xa6, 0xfb, 0xa6, 0xfb, 0xa6, 0xfb, 0xa6, 0xdb, 0xa6, 0xdb, 0xa6, 0xdb, 0xa6, 0xdb, 0xa6, 0xdb, 0xa6, 0xdb, 0xa6, 0xdb, 0x9e,
  0xdb, 0x9e, 0xdb, 0x9e, 0xdb, 0x9e, 0xdc, 0x9e, 0xbb, 0x9e, 0xdc, 0x9e, 0xbc, 0x9e, 0xbc, 0x9e, 0xbc, 0x9e, 0xbc, 0x9e, 0xbc, 0x9e, 0xbc, 0x9e, 0xbc, 0x96, 0xbc, 0x96, 0xbc, 0x96, 0xbc, 0x96,
  0x9c, 0x96, 0x9c, 0x96, 0x9c, 0x96, 0x9c, 0x96, 0x9c, 0x96, 0x9c, 0x96, 0x9c, 0x8e, 0xfe, 0x96, 0x0d, 0x53, 0x2e, 0x24, 0xfc, 0x37, 0xdb, 0x37, 0xfb, 0x37, 0x18, 0x2f, 0x2b, 0x13, 0x4d, 0x19,
  0x70, 0x19, 0x70, 0x19, 0x70, 0x19, 0x70, 0x19, 0x70, 0x19, 0x70, 0x19, 0x70, 0x19, 0x70, 0x19, 0x70, 0x19, 0x70, 0x19, 0x85, 0x61, 0xa1, 0x91, 0xa1, 0x89, 0xa1, 0x89, 0x45, 0x51, 0x69, 0x41,
  0x69, 0x41, 0x69, 0x41, 0x69, 0x41, 0x46, 0x49, 0xc2, 0x81, 0xa1, 0x89, 0xc1, 0x91, 0x86, 0x59, 0x70, 0x19, 0x69, 0x41, 0xe2, 0x91, 0xa1, 0x89, 0xc1, 0x91, 0x62, 0x69, 0x47, 0x49, 0x66, 0x49,
  0x45, 0x51, 0x67, 0x49, 0x67, 0x49, 0x67, 0x49, 0x67, 0x49, 0x8a, 0x39, 0x4f, 0x19, 0xa3, 0x69, 0xc1, 0x91, 0xc1, 0x91, 0xa4, 0x71, 0x4e, 0x19, 0x70, 0x19, 0x70, 0x19, 0x70, 0x19, 0x70, 0x19,
  0x4b, 0x31, 0xc3, 0x89, 0xc1, 0x89, 0xe1, 0x91, 0x88, 0x49, 0x70, 0x19, 0x67, 0x49, 0xe2, 0x91, 0xa1, 0x89, 0xe2, 0x89, 0x4b, 0x31, 0x70, 0x19, 0x70, 0x19, 0x70, 0x19, 0x70, 0x19, 0x70, 0x19,
  0x70, 0x19, 0x70, 0x19, 0x70, 0x19, 0x70, 0x19, 0x70, 0x19, 0x6a, 0x39, 0xc2, 0x91, 0xa1, 0x89, 0xc1, 0x91, 0x62, 0x71, 0x46, 0x49, 0x67, 0x49, 0x67, 0x49, 0x67, 0x49, 0x67, 0x49, 0x67, 0x49,
  0x67, 0x51, 0x8a, 0x41, 0x4f, 0x19, 0xa3, 0x71, 0xc0, 0x91, 0xc1, 0x91, 0xa4, 0x69, 0x4f, 0x19, 0x70, 0x19, 0x70, 0x19, 0x70, 0x19, 0x70, 0x19, 0x70, 0x19, 0x4b, 0x21, 0xc2, 0x79, 0xa1, 0x91,
  0xa0, 0x91, 0xe2, 0x91, 0x6a, 0x39, 0x70, 0x19, 0x70, 0x19, 0x70, 0x19, 0x70, 0x19, 0x70, 0x19, 0x84, 0x61, 0xc1, 0x91, 0xa1, 0x91, 0xc2, 0x79, 0x4e, 0x21, 0x70, 0x19, 0x70, 0x19, 0x70, 0x19,
  0x6a, 0x39, 0xe3, 0x91, 0xa1, 0x89, 0xc1, 0x91, 0xa5, 0x61, 0x4d, 0x21, 0x70, 0x19, 0x70, 0x19, 0x70, 0x19, 0x70, 0x19, 0x70, 0x19, 0x49, 0x31, 0xe1, 0x89, 0xa1, 0x91, 0xe2, 0x91, 0xa7, 0x51,
  0x70, 0x19, 0x70, 0x19, 0x70, 0x19, 0x70, 0x19, 0x70, 0x19, 0x70, 0x19, 0x70, 0x19, 0x70, 0x19, 0x70, 0x19, 0x70, 0x19, 0x70, 0x19, 0x70, 0x19, 0x70, 0x19, 0x70, 0x19, 0x70, 0x19, 0x71, 0x19,
  0x3a, 0x2a, 0x3a, 0x2a, 0x5a, 0x2a, 0x94, 0x19, 0x63, 0x09, 0xfe, 0x37, 0xdb, 0x37, 0xdb, 0x37, 0xdb, 0x37, 0xdb, 0x37, 0xdb, 0x37, 0xdb, 0x37, 0xdb, 0x37, 0xfb, 0x37, 0x39, 0x2f, 0x27, 0x0a,
  0xe8, 0x21, 0xd7, 0x5d, 0x7e, 0x6f, 0xff, 0x7f, 0xff, 0x7f, 0xff, 0x7f, 0xff, 0x7f, 0xff, 0x7f, 0xff, 0x7f, 0xff, 0x7f, 0xff, 0x7f, 0xff, 0x7f, 0xff, 0x7f, 0xff, 0x7f, 0xff, 0x7f, 0xff, 0x7f,
  0xff, 0x7f, 0xff, 0x7f, 0xff, 0x7f, 0xff, 0x7f, 0xff, 0x7f, 0xff, 0x7f, 0xff, 0x7f, 0xff, 0x7f, 0xff, 0x7f, 0xff, 0x7f, 0xff, 0x7f, 0xff, 0x7f, 0xff, 0x7f, 0xff, 0x7f, 0xff, 0x7f, 0xff, 0x7f,
  0xff, 0x7f, 0xff, 0x7f, 0xff, 0x7f, 0xdf, 0x77, 0x59, 0x5e, 0x10, 0x3c, 0xa7, 0x19, 0x8c, 0x13, 0xe3, 0x10, 0x92, 0x9d, 0xda, 0xd7, 0x99, 0xcf, 0xba, 0xd7, 0xb7, 0xb6, 0x00, 0x00, 0x00, 0x00,
  0x00, 0x00, 0xe7, 0x39, 0xdf, 0xff, 0xcf, 0x7b, 0x6e, 0x73, 0x5d, 0xef, 0x21, 0x08, 0x62, 0x10, 0x34, 0xa5, 0x3d, 0xef, 0x00, 0x00, 0x00, 0x00, 0x00, 0x00, 0x8a, 0x52, 0xff, 0xff, 0x8a, 0x52,
  0x24, 0x19, 0x56, 0xa6, 0x9a, 0xc7, 0x5a, 0xc7, 0x5a, 0xc7, 0x5a, 0xc7, 0x5a, 0xbf, 0x5a, 0xbf, 0x5a, 0xbf, 0x5a, 0xbf, 0x5a, 0xbf, 0x5a, 0xbf, 0x5a, 0xbf, 0x3a, 0xbf, 0x5a, 0xbf, 0x3a, 0xbf,
  0x3a, 0xbf, 0x3a, 0xbf, 0x3a, 0xbf, 0x3a, 0xbf, 0x3a, 0xbf, 0x3a, 0xbf, 0x3a, 0xb7, 0x3a, 0xb7, 0x3a, 0xb7, 0x3a, 0xb7, 0x3a, 0xb7, 0x3b, 0xb7, 0x1a, 0xb7, 0x1a, 0xb7, 0x1b, 0xb7, 0x1b, 0xb7,
  0x1b, 0xb7, 0x1b, 0xb7, 0x1b, 0xb7, 0x1b, 0xb7, 0x1b, 0xaf, 0x1b, 0xaf, 0x1b, 0xaf, 0x1b, 0xaf, 0x1b, 0xaf, 0xfb, 0xae, 0x1b, 0xaf, 0xfb, 0xae, 0xfb, 0xae, 0xfb, 0xae, 0xfb, 0xae, 0xfb, 0xae,
  0xfb, 0xa6, 0xfb, 0xa6, 0xfb, 0xa6, 0xfb, 0xa6, 0xfb, 0xa6, 0xfb, 0xa6, 0xfb, 0xa6, 0xdb, 0xa6, 0xdb, 0xa6, 0xdb, 0xa6, 0xdb, 0xa6, 0xdb, 0xa6, 0xdb, 0xa6, 0xdb, 0x9e, 0xdb, 0x9e, 0xdb, 0x9e,
  0xdb, 0x9e, 0xdc, 0x9e, 0xbb, 0x9e, 0xbc, 0x9e, 0xdc, 0x9e, 0xbc, 0x9e, 0xbc, 0x9e, 0xbc, 0x9e, 0xbc, 0x9e, 0xbc, 0x9e, 0xbc, 0x96, 0xbc, 0x96, 0xbc, 0x96, 0xbc, 0x96, 0xbc, 0x96, 0x9c, 0x96,
  0x9c, 0x96, 0x9c, 0x96, 0x9c, 0x96, 0x9c, 0x96, 0x9c, 0x96, 0x9c, 0x96, 0x9c, 0x8e, 0xfe, 0x96, 0x0d, 0x53, 0x2e, 0x24, 0xfc, 0x37, 0xdb, 0x37, 0xfb, 0x37, 0x18, 0x2f, 0x2b, 0x13, 0x4d, 0x19,
  0x50, 0x19, 0x50, 0x19, 0x50, 0x19, 0x50, 0x19, 0x50, 0x19, 0x50, 0x19, 0x50, 0x19, 0x50, 0x19, 0x50, 0x19, 0x50, 0x19, 0xa4, 0x69, 0xa2, 0x89, 0x81, 0x89, 0x81, 0x89, 0xa1, 0x89, 0xc2, 0x89,
  0xa2, 0x89, 0xc1, 0x91, 0xa1, 0x89, 0xa1, 0x91, 0x80, 0x91, 0xa1, 0x91, 0xc3, 0x81, 0x4c, 0x29, 0x50, 0x19, 0x65, 0x59, 0xa1, 0x91, 0x81, 0x89, 0x81, 0x89, 0xa1, 0x91, 0xc2, 0x91, 0xa2, 0x91,
  0xc1, 0x91, 0xc1, 0x91, 0xa1, 0x91, 0xa1, 0x91, 0xe2, 0x99, 0x86, 0x59, 0x0b, 0x21, 0xa1, 0x89, 0x80, 0x89, 0xc1, 0x91, 0x67, 0x49, 0x50, 0x19, 0x50, 0x19, 0x50, 0x19, 0x50, 0x19, 0x50, 0x19,
  0x66, 0x51, 0xa1, 0x91, 0x81, 0x89, 0xc2, 0x89, 0x4c, 0x29, 0x50, 0x19, 0x83, 0x69, 0xa1, 0x91, 0x80, 0x91, 0xc4, 0x71, 0x4e, 0x19, 0x50, 0x19, 0x50, 0x19, 0x50, 0x19, 0x50, 0x19, 0x50, 0x19,
  0x50, 0x19, 0x50, 0x19, 0x50, 0x19, 0x50, 0x19, 0x50, 0x19, 0x65, 0x59, 0x81, 0x91, 0x80, 0x89, 0x81, 0x89, 0xa1, 0x91, 0xc1, 0x91, 0xa1, 0x91, 0xa1, 0x91, 0xa1, 0x91, 0xa2, 0x91, 0xa1, 0x89,
  0xc2, 0x91, 0xa6, 0x61, 0x0b, 0x21, 0xa2, 0x81, 0x80, 0x89, 0xc1, 0x91, 0x68, 0x49, 0x50, 0x19, 0x50, 0x19, 0x50, 0x19, 0x50, 0x19, 0x50, 0x19, 0x50, 0x19, 0x50, 0x19, 0x63, 0x61, 0xa1, 0x91,
  0x81, 0x91, 0xa2, 0x79, 0x4d, 0x21, 0x50, 0x19, 0x50, 0x19, 0x50, 0x19, 0x50, 0x19, 0x2d, 0x21, 0xa2, 0x79, 0x81, 0x91, 0xa1, 0x91, 0x86, 0x59, 0x50, 0x19, 0x50, 0x19, 0x50, 0x19, 0x50, 0x19,
  0x66, 0x51, 0xa1, 0x91, 0x80, 0x89, 0xa2, 0x89, 0x2c, 0x29, 0x50, 0x19, 0x50, 0x19, 0x50, 0x19, 0x50, 0x19, 0x50, 0x19, 0x50, 0x19, 0x4a, 0x39, 0xc2, 0x89, 0xa1, 0x89, 0xc2, 0x89, 0x4a, 0x31,
  0x50, 0x19, 0x50, 0x19, 0x50, 0x19, 0x50, 0x19, 0x50, 0x19, 0x50, 0x19, 0x50, 0x19, 0x50, 0x19, 0x50, 0x19, 0x50, 0x19, 0x50, 0x19, 0x50, 0x19, 0x50, 0x19, 0x50, 0x19, 0x50, 0x19, 0x50, 0x19,
  0x9a, 0x32, 0x9a, 0x32, 0xbb, 0x32, 0x36, 0x2a, 0x40, 0x00, 0xfe, 0x37, 0xdb, 0x37, 0xdb, 0x37, 0xdb, 0x37, 0xdb, 0x37, 0xdb, 0x37, 0xdb, 0x37, 0xdb, 0x37, 0xfc, 0x37, 0xca, 0x12, 0xc7, 0x21,
  0xdf, 0x77, 0xff, 0x77, 0xdf, 0x77, 0xdf, 0x77, 0xdf, 0x77, 0xdf, 0x77, 0xdf, 0x77, 0xdf, 0x77, 0xdf, 0x77, 0xdf, 0x77, 0xdf, 0x77, 0xdf, 0x77, 0xdf, 0x77, 0xdf, 0x77, 0xdf, 0x77, 0xdf, 0x77,
  0xdf, 0x77, 0xdf, 0x77, 0xdf, 0x77, 0xdf, 0x77, 0xdf, 0x77, 0xdf, 0x77, 0xdf, 0x77, 0xdf, 0x77, 0xdf, 0x77, 0xdf, 0x77, 0xdf, 0x77, 0xdf, 0x77, 0xdf, 0x77, 0xdf, 0x77, 0xdf, 0x77, 0xdf, 0x77,
  0xdf, 0x77, 0xdf, 0x77, 0xdf, 0x77, 0xdf, 0x77, 0xff, 0x77, 0xff, 0x77, 0xb7, 0x55, 0x41, 0x08, 0xa2, 0x10, 0x76, 0xb6, 0xba, 0xd7, 0x7a, 0xcf, 0xba, 0xd7, 0xb7, 0xb6, 0x00, 0x00, 0x00, 0x00,
  0x00, 0x00, 0xa2, 0x10, 0x38, 0xc6, 0xfc, 0xe6, 0xd7, 0xbd, 0xd3, 0x9c, 0x00, 0x00, 0x41, 0x08, 0xaf, 0x7b, 0xff, 0xff, 0xab, 0x5a, 0x00, 0x00, 0x62, 0x10, 0x14, 0xa5, 0x7e, 0xf7, 0x04, 0x21,
  0x44, 0x21, 0x56, 0xa6, 0x9b, 0xc7, 0x5a, 0xc7, 0x5a, 0xbf, 0x5a, 0xbf, 0x5a, 0xbf, 0x5a, 0xbf, 0x5a, 0xbf, 0x5a, 0xbf, 0x5a, 0xbf, 0x3a, 0xbf, 0x5a, 0xbf, 0x3a, 0xbf, 0x3a, 0xbf, 0x3a, 0xbf,
  0x3a, 0xbf, 0x3a, 0xbf, 0x3a, 0xbf, 0x3a, 0xbf, 0x3a, 0xb7, 0x3a, 0xb7, 0x3a, 0xb7, 0x3a, 0xb7, 0x3a, 0xb7, 0x3b, 0xb7, 0x1b, 0xb7, 0x1a, 0xb7, 0x1b, 0xb7, 0x1b, 0xb7, 0x1b, 0xb7, 0x1b, 0xb7,
  0x1b, 0xb7, 0x1b, 0xb7, 0x1b, 0xaf, 0x1b, 0xaf, 0x1b, 0xaf, 0x1b, 0xaf, 0x1b, 0xaf, 0xfb, 0xae, 0x1b, 0xaf, 0xfb, 0xae, 0xfb, 0xae, 0xfb, 0xae, 0xfb, 0xae, 0xfb, 0xae, 0xfb, 0xae, 0xfb, 0xae,
  0xfb, 0xa6, 0xfb, 0xa6, 0xfb, 0xa6, 0xfb, 0xa6, 0xfb, 0xa6, 0xdb, 0xa6, 0xdb, 0xa6, 0xdb, 0xa6, 0xdb, 0xa6, 0xdb, 0xa6, 0xdb, 0xa6, 0xdb, 0xa6, 0xdb, 0x9e, 0xdb, 0x9e, 0xdb, 0x9e, 0xdc, 0x9e,
  0xdc, 0x9e, 0xbb, 0x9e, 0xdc, 0x9e, 0xbc, 0x9e, 0xbc, 0x9e, 0xbc, 0x9e, 0xbc, 0x9e, 0xbc, 0x9e, 0xbc, 0x96, 0xbc, 0x96, 0xbc, 0x96, 0xbc, 0x96, 0xbc, 0x96, 0xbc, 0x96, 0x9c, 0x96, 0x9c, 0x96,
  0x9c, 0x96, 0x9c, 0x96, 0x9c, 0x96, 0x9c, 0x96, 0x9c, 0x8e, 0x9c, 0x8e, 0x9c, 0x8e, 0xfe, 0x96, 0x0d, 0x53, 0x2e, 0x24, 0xfc, 0x37, 0xdb, 0x37, 0xfb, 0x37, 0x18, 0x2f, 0x2b, 0x13, 0x8e, 0x21,
  0xd1, 0x29, 0xd1, 0x29, 0xd1, 0x29, 0xd1, 0x29, 0xd1, 0x29, 0xd1, 0x29, 0xd1, 0x29, 0xd1, 0x29, 0xd1, 0x29, 0xd1, 0x29, 0x8d, 0x31, 0xa4, 0x71, 0xe2, 0x91, 0xc2, 0x89, 0xc2, 0x89, 0xc2, 0x89,
  0xc2, 0x89, 0xc2, 0x89, 0xc2, 0x89, 0xc2, 0x89, 0xe3, 0x81, 0xc6, 0x61, 0x8d, 0x31, 0xd1, 0x29, 0xd0, 0x29, 0xc4, 0x71, 0xc2, 0x91, 0xc2, 0x89, 0xc2, 0x89, 0xe2, 0x89, 0xc2, 0x89, 0xc2, 0x89,
  0xc2, 0x89, 0xc2, 0x89, 0xc2, 0x89, 0xa2, 0x89, 0x04, 0x8a, 0x8b, 0x39, 0x88, 0x41, 0x03, 0x92, 0xc2, 0x89, 0x03, 0x82, 0xab, 0x39, 0xd1, 0x29, 0xd1, 0x29, 0xd1, 0x29, 0xd1, 0x29, 0xd1, 0x29,
  0xe5, 0x69, 0xe2, 0x91, 0xe3, 0x89, 0xa4, 0x69, 0xd1, 0x29, 0xad, 0x31, 0x04, 0x7a, 0xc2, 0x89, 0xe2, 0x91, 0xc8, 0x51, 0xd1, 0x29, 0xd1, 0x29, 0xd1, 0x29, 0xd1, 0x29, 0xd1, 0x29, 0xd1, 0x29,
  0xd1, 0x29, 0xd1, 0x29, 0xd1, 0x29, 0xd1, 0x29, 0xd0, 0x29, 0xc5, 0x69, 0xc2, 0x91, 0xc1, 0x89, 0xc2, 0x89, 0xc2, 0x89, 0xc2, 0x89, 0xc2, 0x89, 0xc2, 0x89, 0xc2, 0x89, 0xc2, 0x89, 0xc2, 0x89,
  0x03, 0x8a, 0x8a, 0x39, 0xa9, 0x41, 0x03, 0x92, 0xc2, 0x89, 0x03, 0x8a, 0x8b, 0x41, 0xd1, 0x29, 0xd1, 0x29, 0xd1, 0x29, 0xd1, 0x29, 0xd1, 0x29, 0xd1, 0x29, 0xae, 0x29, 0xe3, 0x71, 0xe2, 0x89,
  0xe2, 0x91, 0x85, 0x61, 0xb0, 0x29, 0xd1, 0x29, 0xd1, 0x29, 0xd1, 0x29, 0xd1, 0x29, 0xcb, 0x41, 0x03, 0x8a, 0xa2, 0x91, 0x03, 0x8a, 0xaa, 0x41, 0xd1, 0x29, 0xd1, 0x29, 0xd1, 0x29, 0xb0, 0x29,
  0xc4, 0x71, 0xe2, 0x89, 0xe2, 0x91, 0xa4, 0x69, 0xb0, 0x29, 0xd1, 0x29, 0xd1, 0x29, 0xd1, 0x29, 0xd1, 0x29, 0xd1, 0x29, 0xd1, 0x29, 0xa7, 0x59, 0x03, 0x92, 0xe2, 0x89, 0xc3, 0x79, 0xaf, 0x29,
  0xd1, 0x29, 0xd1, 0x29, 0xd1, 0x29, 0xd1, 0x29, 0xd1, 0x29, 0xd1, 0x29, 0xd1, 0x29, 0xd1, 0x29, 0xd1, 0x29, 0xd1, 0x29, 0xd1, 0x29, 0xd1, 0x29, 0xd1, 0x29, 0xd1, 0x29, 0xd1, 0x29, 0xd1, 0x29,
  0xba, 0x3a, 0xba, 0x3a, 0xba, 0x3a, 0xba, 0x3a, 0x00, 0x00, 0x76, 0x2e, 0xfc, 0x37, 0xdb, 0x37, 0xdb, 0x37, 0xdb, 0x37, 0xdb, 0x37, 0xdb, 0x37, 0xfb, 0x37, 0x59, 0x2f, 0x00, 0x00, 0x5d, 0x6f,
  0xff, 0x77, 0xdf, 0x77, 0xdf, 0x77, 0xdf, 0x77, 0xdf, 0x77, 0xdf, 0x77, 0xdf, 0x77, 0xdf, 0x77, 0xdf, 0x77, 0xdf, 0x77, 0xdf, 0x77, 0xdf, 0x77, 0xdf, 0x77, 0xdf, 0x77, 0xdf, 0x77, 0xdf, 0x77,
  0xdf, 0x77, 0xdf, 0x77, 0xdf, 0x77, 0xdf, 0x77, 0xdf, 0x77, 0xdf, 0x77, 0xdf, 0x77, 0xdf, 0x77, 0xdf, 0x77, 0xdf, 0x77, 0xdf, 0x77, 0xdf, 0x77, 0xdf, 0x77, 0xdf, 0x77, 0xdf, 0x77, 0xdf, 0x77,
  0xdf, 0x77, 0xdf, 0x77, 0xdf, 0x77, 0xdf, 0x77, 0xdf, 0x77, 0xdf, 0x77, 0xdf, 0x77, 0xf0, 0x3b, 0xa2, 0x10, 0x96, 0xb6, 0xba, 0xcf, 0x9a, 0xcf, 0xba, 0xcf, 0x97, 0xb6, 0x00, 0x00, 0x00, 0x00,
  0x00, 0x00, 0x20, 0x00, 0x6d, 0x6b, 0xff, 0xff, 0x9e, 0xf7, 0xa6, 0x31, 0x00, 0x00, 0x00, 0x00, 0xe3, 0x18, 0xf7, 0xbd, 0xdb, 0xde, 0xf0, 0x83, 0xd3, 0x9c, 0x1c, 0xe7, 0xf0, 0x83, 0x00, 0x00,
  0x65, 0x21, 0x56, 0xa6, 0x9b, 0xc7, 0x5a, 0xbf, 0x5a, 0xbf, 0x5a, 0xbf, 0x5a, 0xbf, 0x5a, 0xbf, 0x5a, 0xbf, 0x3a, 0xbf, 0x5a, 0xbf, 0x3a, 0xbf, 0x3a, 0xbf, 0x3a, 0xbf, 0x3a, 0xbf, 0x3a, 0xbf,
  0x3a, 0xbf, 0x3a, 0xbf, 0x3a, 0xb7, 0x3a, 0xb7, 0x3a, 0xb7, 0x3a, 0xb7, 0x3a, 0xb7, 0x3b, 0xb7, 0x1b, 0xb7, 0x1a, 0xb7, 0x1a, 0xb7, 0x1b, 0xb7, 0x1b, 0xb7, 0x1b, 0xb7, 0x1b, 0xb7, 0x1b, 0xb7,
  0x1b, 0xaf, 0x1b, 0xaf, 0x1b, 0xaf, 0x1b, 0xaf, 0x1b, 0xaf, 0xfb, 0xae, 0x1b, 0xaf, 0xfb, 0xae, 0xfb, 0xae, 0xfb, 0xae, 0xfb, 0xae, 0xfb, 0xae, 0xfb, 0xae, 0xfb, 0xae, 0xfb, 0xa6, 0xfb, 0xa6,
  0xfb, 0xa6, 0xfb, 0xa6, 0xfb, 0xa6, 0xdb, 0xa6, 0xdb, 0xa6, 0xdb, 0xa6, 0xdb, 0xa6, 0xdb, 0xa6, 0xdb, 0xa6, 0xdb, 0xa6, 0xdb, 0xa6, 0xdb, 0x9e, 0xdb, 0x9e, 0xdb, 0x9e, 0xdc, 0x9e, 0xbb, 0x9e,
  0xdc, 0x9e, 0xbc, 0x9e, 0xbc, 0x9e, 0xbc, 0x9e, 0xbc, 0x9e, 0xbc, 0x9e, 0xbc, 0x9e, 0xbc, 0x96, 0xbc, 0x96, 0xbc, 0x96, 0xbc, 0x96, 0xbc, 0x96, 0x9c, 0x96, 0x9c, 0x96, 0x9c, 0x96, 0x9c, 0x96,
  0x9c, 0x96, 0x9c, 0x8e, 0x9c, 0x8e, 0x9c, 0x8e, 0x9c, 0x8e, 0x9c, 0x8e, 0x7c, 0x8e, 0xde, 0x96, 0xed, 0x52, 0x2e, 0x24, 0xfc, 0x37, 0xdb, 0x37, 0xfb, 0x37, 0x18, 0x2f, 0x2b, 0x13, 0x8e, 0x21,
  0xf1, 0x29, 0xf1, 0x29, 0xf1, 0x29, 0xf1, 0x29, 0xf1, 0x29, 0xf1, 0x29, 0xf1, 0x29, 0xf1, 0x29, 0xf1, 0x29, 0xf1, 0x29, 0xf1, 0x29, 0xcf, 0x29, 0xed, 0x39, 0xcd, 0x39, 0xcd, 0x39, 0xcd, 0x39,
  0xcd, 0x39, 0xcd, 0x39, 0xcd, 0x39, 0xed, 0x39, 0xee, 0x39, 0xd1, 0x29, 0xf1, 0x29, 0xf1, 0x29, 0xf0, 0x29, 0xee, 0x39, 0xcd, 0x39, 0xcd, 0x39, 0xcd, 0x39, 0xcd, 0x39, 0xcd, 0x39, 0xcd, 0x39,
  0xcd, 0x39, 0xcd, 0x39, 0xcd, 0x39, 0xcd, 0x39, 0xee, 0x39, 0xf1, 0x29, 0xef, 0x31, 0xee, 0x39, 0xcd, 0x39, 0xed, 0x39, 0xf1, 0x29, 0xf1, 0x29, 0xf1, 0x29, 0xf1, 0x29, 0xf1, 0x29, 0xf1, 0x29,
  0xee, 0x39, 0xcd, 0x39, 0xed, 0x39, 0xef, 0x31, 0xf1, 0x29, 0xf0, 0x29, 0xee, 0x39, 0xcd, 0x39, 0xcd, 0x39, 0xd0, 0x29, 0xf1, 0x29, 0xf1, 0x29, 0xf1, 0x29, 0xf1, 0x29, 0xf1, 0x29, 0xf1, 0x29,
  0xf1, 0x29, 0xf1, 0x29, 0xf1, 0x29, 0xf1, 0x29, 0xf1, 0x29, 0xee, 0x39, 0xcc, 0x39, 0xcd, 0x39, 0xcd, 0x39, 0xcd, 0x39, 0xcd, 0x39, 0xcd, 0x39, 0xcd, 0x39, 0xcd, 0x39, 0xcd, 0x39, 0xcd, 0x39,
  0xcd, 0x39, 0xd0, 0x29, 0xf0, 0x31, 0xcd, 0x39, 0xcc, 0x39, 0xee, 0x39, 0xf1, 0x29, 0xf1, 0x29, 0xf1, 0x29, 0xf1, 0x29, 0xf1, 0x29, 0xf1, 0x29, 0xf1, 0x29, 0xf0, 0x29, 0xee, 0x39, 0xcc, 0x39,
  0xed, 0x39, 0xef, 0x31, 0xf1, 0x29, 0xf1, 0x29, 0xf1, 0x29, 0xf1, 0x29, 0xf1, 0x29, 0xf0, 0x31, 0xed, 0x39, 0xcd, 0x39, 0xee, 0x39, 0xd0, 0x29, 0xf1, 0x29, 0xf1, 0x29, 0xf1, 0x29, 0xf0, 0x29,
  0xed, 0x39, 0xed, 0x39, 0xee, 0x39, 0xef, 0x31, 0xf1, 0x29, 0xf1, 0x29, 0xf1, 0x29, 0xf1, 0x29, 0xf1, 0x29, 0xf1, 0x29, 0xf1, 0x29, 0xee, 0x31, 0xcd, 0x39, 0xee, 0x39, 0xce, 0x31, 0xf1, 0x29,
  0xf1, 0x29, 0xf1, 0x29, 0xf1, 0x29, 0xf1, 0x29, 0xf1, 0x29, 0xf1, 0x29, 0xf1, 0x29, 0xf1, 0x29, 0xf1, 0x29, 0xf1, 0x29, 0xf1, 0x29, 0xf1, 0x29, 0xf1, 0x29, 0xf1, 0x29, 0xf1, 0x29, 0xf1, 0x29,
  0x39, 0x2a, 0x39, 0x22, 0x39, 0x22, 0x5b, 0x2a, 0x2c, 0x11, 0x83, 0x09, 0xfc, 0x37, 0xfc, 0x37, 0xdb, 0x37, 0xdb, 0x37, 0xdb, 0x37, 0xdb, 0x37, 0xfc, 0x37, 0x11, 0x25, 0x04, 0x11, 0xff, 0x7f,
  0xdf, 0x77, 0xdf, 0x77, 0xdf, 0x77, 0xdf, 0x77, 0xdf, 0x77, 0xdf, 0x77, 0xdf, 0x77, 0xdf, 0x77, 0xdf, 0x77, 0xdf, 0x77, 0xdf, 0x77, 0xdf, 0x77, 0xdf, 0x77, 0xdf, 0x77, 0xdf, 0x77, 0xdf, 0x77,
  0xdf, 0x77, 0xdf, 0x77, 0xdf, 0x77, 0xdf, 0x77, 0xdf, 0x77, 0xdf, 0x77, 0xdf, 0x77, 0xdf, 0x77, 0xdf, 0x77, 0xdf, 0x77, 0xdf, 0x77, 0xdf, 0x77, 0xdf, 0x77, 0xdf, 0x77, 0xdf, 0x77, 0xdf, 0x77,
  0xdf, 0x77, 0xdf, 0x77, 0xdf, 0x77, 0xdf, 0x77, 0xdf, 0x77, 0xdf, 0x77, 0xff, 0x77, 0x9a, 0x5e, 0x00, 0x08, 0x96, 0xb6, 0xba, 0xcf, 0x79, 0xcf, 0xba, 0xcf, 0x97, 0xb6, 0x00, 0x00, 0x00, 0x00,
  0x00, 0x00, 0x00, 0x00, 0xc3, 0x18, 0x14, 0xa5, 0xf0, 0x83, 0x00, 0x00, 0x00, 0x00, 0x00, 0x00, 0x00, 0x00, 0x24, 0x21, 0x30, 0x84, 0x34, 0xa5, 0xd3, 0x9c, 0x0c, 0x63, 0x21, 0x08, 0x00, 0x00,
  0x65, 0x29, 0x56, 0xa6, 0x7b, 0xc7, 0x5a, 0xbf, 0x5a, 0xbf, 0x5a, 0xbf, 0x5a, 0xbf, 0x3a, 0xbf, 0x5a, 0xbf, 0x3a, 0xbf, 0x3a, 0xbf, 0x3a, 0xbf, 0x3a, 0xbf, 0x3a, 0xbf, 0x3a, 0xbf, 0x3a, 0xbf,
  0x3a, 0xb7, 0x3a, 0xb7, 0x3a, 0xb7, 0x3a, 0xb7, 0x3a, 0xb7, 0x3b, 0xb7, 0x3b, 0xb7, 0x1a, 0xb7, 0x1a, 0xb7, 0x1b, 0xb7, 0x1b, 0xb7, 0x1b, 0xb7, 0x1b, 0xb7, 0x1b, 0xb7, 0x1b, 0xaf, 0x1b, 0xaf,
  0x1b, 0xaf, 0x1b, 0xaf, 0x1b, 0xaf, 0x1b, 0xaf, 0xfb, 0xae, 0x1b, 0xaf, 0xfb, 0xae, 0xfb, 0xae, 0xfb, 0xae, 0xfb, 0xae, 0xfb, 0xae, 0xfb, 0xa6, 0xfb, 0xa6, 0xfb, 0xa6, 0xfb, 0xa6, 0xfb, 0xa6,
  0xfb, 0xa6, 0xfb, 0xa6, 0xdb, 0xa6, 0xdb, 0xa6, 0xdb, 0xa6, 0xdb, 0xa6, 0xdb, 0xa6, 0xdb, 0xa6, 0xdb, 0x9e, 0xdb, 0x9e, 0xdb, 0x9e, 0xdb, 0x9e, 0xdc, 0x9e, 0xbb, 0x9e, 0xdc, 0x9e, 0xbc, 0x9e,
  0xbc, 0x9e, 0xbc, 0x9e, 0xbc, 0x9e, 0xbc, 0x9e, 0xbc, 0x9e, 0xbc, 0x96, 0xbc, 0x96, 0xbc, 0x96, 0xbc, 0x96, 0xbc, 0x96, 0x9c, 0x96, 0x9c, 0x96, 0x9c, 0x96, 0x9c, 0x96, 0x9c, 0x96, 0x9c, 0x96,
  0x9c, 0x8e, 0x9c, 0x8e, 0x9c, 0x8e, 0x9c, 0x8e, 0x9c, 0x8e, 0x7c, 0x8e, 0x7c, 0x8e, 0xde, 0x96, 0x0d, 0x53, 0x2e, 0x24, 0xfc, 0x37, 0xdb, 0x37, 0xfb, 0x37, 0x18, 0x2f, 0x2b, 0x13, 0x2d, 0x11,
  0x50, 0x19, 0x50, 0x19, 0x50, 0x19, 0x50, 0x19, 0x50, 0x19, 0x50, 0x19, 0x50, 0x19, 0x50, 0x19, 0x50, 0x19, 0x50, 0x19, 0x50, 0x19, 0x50, 0x19, 0x50, 0x19, 0x50, 0x19, 0x50, 0x19, 0x50, 0x19,
  0x50, 0x19, 0x50, 0x19, 0x50, 0x19, 0x50, 0x19, 0x50, 0x19, 0x50, 0x19, 0x50, 0x19, 0x50, 0x19, 0x50, 0x19, 0x50, 0x19, 0x50, 0x19, 0x50, 0x19, 0x50, 0x19, 0x50, 0x19, 0x50, 0x19, 0x50, 0x19,
  0x50, 0x19, 0x50, 0x19, 0x50, 0x19, 0x50, 0x19, 0x50, 0x19, 0x50, 0x19, 0x50, 0x19, 0x50, 0x19, 0x50, 0x19, 0x50, 0x19, 0x50, 0x19, 0x50, 0x19, 0x50, 0x19, 0x50, 0x19, 0x50, 0x19, 0x50, 0x19,
  0x50, 0x19, 0x50, 0x19, 0x50, 0x19, 0x50, 0x19, 0x50, 0x19, 0x50, 0x19, 0x50, 0x19, 0x50, 0x19, 0x50, 0x19, 0x50, 0x19, 0x50, 0x19, 0x50, 0x19, 0x50, 0x19, 0x50, 0x19, 0x50, 0x19, 0x50, 0x19,
  0x50, 0x19, 0x50, 0x19, 0x50, 0x19, 0x50, 0x19, 0x50, 0x19, 0x50, 0x19, 0x50, 0x19, 0x50, 0x19, 0x50, 0x19, 0x50, 0x19, 0x50, 0x19, 0x50, 0x19, 0x50, 0x19, 0x50, 0x19, 0x50, 0x19, 0x50, 0x19,
  0x50, 0x19, 0x50, 0x19, 0x50, 0x19, 0x50, 0x19, 0x50, 0x19, 0x50, 0x19, 0x50, 0x19, 0x50, 0x19, 0x50, 0x19, 0x50, 0x19, 0x50, 0x19, 0x50, 0x19, 0x50, 0x19, 0x50, 0x19, 0x50, 0x19, 0x50, 0x19,
  0x50, 0x19, 0x50, 0x19, 0x50, 0x19, 0x50, 0x19, 0x50, 0x19, 0x50, 0x19, 0x50, 0x19, 0x50, 0x19, 0x50, 0x19, 0x50, 0x19, 0x50, 0x19, 0x50, 0x19, 0x50, 0x19, 0x50, 0x19, 0x50, 0x19, 0x50, 0x19,
  0x50, 0x19, 0x50, 0x19, 0x50, 0x19, 0x50, 0x19, 0x50, 0x19, 0x50, 0x19, 0x50, 0x19, 0x50, 0x19, 0x50, 0x19, 0x50, 0x19, 0x50, 0x19, 0x50, 0x19, 0x50, 0x19, 0x50, 0x19, 0x50, 0x19, 0x50, 0x19,
  0x50, 0x19, 0x50, 0x19, 0x50, 0x19, 0x50, 0x19, 0x50, 0x19, 0x50, 0x19, 0x50, 0x19, 0x50, 0x19, 0x50, 0x19, 0x50, 0x19, 0x50, 0x19, 0x50, 0x19, 0x50, 0x19, 0x50, 0x19, 0x50, 0x19, 0x50, 0x19,
  0x5a, 0x2a, 0x59, 0x2a, 0x59, 0x2a, 0x5a, 0x2a, 0x39, 0x2a, 0x03, 0x08, 0x6a, 0x13, 0xd7, 0x2e, 0xfd, 0x37, 0xfc, 0x37, 0xfc, 0x37, 0xfc, 0x37, 0xfd, 0x37, 0xcd, 0x1b, 0x0c, 0x33, 0xff, 0x7f,
  0xdf, 0x77, 0xdf, 0x77, 0xdf, 0x77, 0xdf, 0x77, 0xdf, 0x77, 0xdf, 0x77, 0xdf, 0x77, 0xdf, 0x77, 0xdf, 0x77, 0xdf, 0x77, 0xdf, 0x77, 0xdf, 0x77, 0xdf, 0x77, 0xdf, 0x77, 0xdf, 0x77, 0xdf, 0x77,
  0xdf, 0x77, 0xdf, 0x77, 0xdf, 0x77, 0xdf, 0x77, 0xdf, 0x77, 0xdf, 0x77, 0xdf, 0x77, 0xdf, 0x77, 0xff, 0x77, 0xff, 0x77, 0xff, 0x77, 0xdf, 0x77, 0xdf, 0x77, 0xdf, 0x77, 0xdf, 0x77, 0xdf, 0x77,
  0xff, 0x77, 0xdf, 0x77, 0xdf, 0x77, 0xdf, 0x77, 0xdf, 0x77, 0xdf, 0x77, 0xff, 0x77, 0xfc, 0x66, 0x00, 0x00, 0x96, 0xb6, 0xba, 0xcf, 0x7a, 0xcf, 0xba, 0xcf, 0x97, 0xb6, 0x00, 0x00, 0x00, 0x00,
  0x00, 0x00, 0x00, 0x00, 0x00, 0x00, 0x00, 0x00, 0x00, 0x00, 0x00, 0x00, 0x00, 0x00, 0x00, 0x00, 0x00, 0x00, 0x00, 0x00, 0x00, 0x00, 0x00, 0x00, 0x00, 0x00, 0x00, 0x00, 0x00, 0x00, 0x00, 0x00,
  0x45, 0x21, 0x36, 0xa6, 0x7b, 0xc7, 0x5a, 0xbf, 0x5a, 0xbf, 0x5a, 0xbf, 0x3a, 0xbf, 0x5a, 0xbf, 0x3a, 0xbf, 0x3a, 0xbf, 0x3a, 0xbf, 0x3a, 0xbf, 0x3a, 0xbf, 0x3a, 0xbf, 0x3a, 0xbf, 0x3a, 0xb7,
  0x3a, 0xb7, 0x3a, 0xb7, 0x3a, 0xb7, 0x3a, 0xb7, 0x3b, 0xb7, 0x1a, 0xb7, 0x1a, 0xb7, 0x1b, 0xb7, 0x1b, 0xb7, 0x1b, 0xb7, 0x1b, 0xb7, 0x1b, 0xb7, 0x1b, 0xb7, 0x1b, 0xaf, 0x1b, 0xaf, 0x1b, 0xaf,
  0x1b, 0xaf, 0x1b, 0xaf, 0xfb, 0xae, 0x1b, 0xaf, 0xfb, 0xae, 0xfb, 0xae, 0xfb, 0xae, 0xfb, 0xae, 0xfb, 0xae, 0xfb, 0xae, 0xfb, 0xa6, 0xfb, 0xa6, 0xfb, 0xa6, 0xfb, 0xa6, 0xfb, 0xa6, 0xfb, 0xa6,
  0xdb, 0xa6, 0xdb, 0xa6, 0xdb, 0xa6, 0xdb, 0xa6, 0xdb, 0xa6, 0xdb, 0xa6, 0xdb, 0x9e, 0xdb, 0x9e, 0xdb, 0x9e, 0xdb, 0x9e, 0xdc, 0x9e, 0xdb, 0x9e, 0xbc, 0x9e, 0xdc, 0x9e, 0xbc, 0x9e, 0xbc, 0x9e,
  0xbc, 0x9e, 0xbc, 0x9e, 0xbc, 0x9e, 0xbc, 0x96, 0xbc, 0x96, 0xbc, 0x96, 0xbc, 0x96, 0xbc, 0x96, 0x9c, 0x96, 0x9c, 0x96, 0x9c, 0x96, 0x9c, 0x96, 0x9c, 0x96, 0x9c, 0x96, 0x9c, 0x96, 0x9c, 0x96,
  0x9c, 0x8e, 0x9c, 0x8e, 0x9c, 0x8e, 0x7c, 0x8e, 0x7c, 0x8e, 0x7c, 0x8e, 0x7c, 0x8e, 0xde, 0x8e, 0xed, 0x52, 0x2e, 0x24, 0xfc, 0x37, 0xdb, 0x37, 0xfb, 0x37, 0x18, 0x2f, 0x2b, 0x13, 0x4d, 0x19,
  0x70, 0x19, 0x70, 0x19, 0x70, 0x19, 0x70, 0x19, 0x70, 0x19, 0x70, 0x19, 0x70, 0x19, 0x70, 0x19, 0x70, 0x19, 0x70, 0x19, 0x70, 0x19, 0x70, 0x19, 0x70, 0x19, 0x70, 0x19, 0x70, 0x19, 0x70, 0x19,
  0x70, 0x19, 0x70, 0x19, 0x70, 0x19, 0x70, 0x19, 0x70, 0x19, 0x70, 0x19, 0x70, 0x19, 0x70, 0x19, 0x70, 0x19, 0x70, 0x19, 0x70, 0x19, 0x70, 0x19, 0x70, 0x19, 0x70, 0x19, 0x70, 0x19, 0x70, 0x19,
  0x70, 0x19, 0x70, 0x19, 0x70, 0x19, 0x70, 0x19, 0x70, 0x19, 0x70, 0x19, 0x70, 0x19, 0x70, 0x19, 0x70, 0x19, 0x70, 0x19, 0x70, 0x19, 0x70, 0x19, 0x70, 0x19, 0x70, 0x19, 0x70, 0x19, 0x70, 0x19,
  0x70, 0x19, 0x70, 0x19, 0x70, 0x19, 0x70, 0x19, 0x70, 0x19, 0x70, 0x19, 0x70, 0x19, 0x70, 0x19, 0x70, 0x19, 0x70, 0x19, 0x70, 0x19, 0x70, 0x19, 0x70, 0x19, 0x70, 0x19, 0x70, 0x19, 0x70, 0x19,
  0x70, 0x19, 0x70, 0x19, 0x70, 0x19, 0x70, 0x19, 0x70, 0x19, 0x70, 0x19, 0x70, 0x19, 0x70, 0x19, 0x70, 0x19, 0x70, 0x19, 0x70, 0x19, 0x70, 0x19, 0x70, 0x19, 0x70, 0x19, 0x70, 0x19, 0x70, 0x19,
  0x70, 0x19, 0x70, 0x19, 0x70, 0x19, 0x70, 0x19, 0x70, 0x19, 0x70, 0x19, 0x70, 0x19, 0x70, 0x19, 0x70, 0x19, 0x70, 0x19, 0x70, 0x19, 0x70, 0x19, 0x70, 0x19, 0x70, 0x19, 0x70, 0x19, 0x70, 0x19,
  0x70, 0x19, 0x70, 0x19, 0x70, 0x19, 0x70, 0x19, 0x70, 0x19, 0x70, 0x19, 0x70, 0x19, 0x70, 0x19, 0x70, 0x19, 0x70, 0x19, 0x70, 0x19, 0x70, 0x19, 0x70, 0x19, 0x70, 0x19, 0x70, 0x19, 0x70, 0x19,
  0x70, 0x19, 0x70, 0x19, 0x70, 0x19, 0x70, 0x19, 0x70, 0x19, 0x70, 0x19, 0x70, 0x19, 0x70, 0x19, 0x70, 0x19, 0x70, 0x19, 0x70, 0x19, 0x70, 0x19, 0x70, 0x19, 0x70, 0x19, 0x70, 0x19, 0x70, 0x19,
  0x70, 0x19, 0x70, 0x19, 0x70, 0x19, 0x70, 0x19, 0x70, 0x19, 0x70, 0x19, 0x70, 0x19, 0x70, 0x19, 0x70, 0x19, 0x70, 0x19, 0x70, 0x19, 0x70, 0x19, 0x70, 0x19, 0x70, 0x19, 0x70, 0x19, 0x50, 0x19,
  0x59, 0x2a, 0x59, 0x2a, 0x59, 0x2a, 0x59, 0x2a, 0x5a, 0x2a, 0x16, 0x22, 0x05, 0x08, 0x67, 0x12, 0xd0, 0x1c, 0xd3, 0x25, 0x35, 0x2e, 0x35, 0x2e, 0x76, 0x2e, 0xa9, 0x0a, 0xcf, 0x3b, 0xff, 0x7f,
  0xdf, 0x77, 0xdf, 0x77, 0xdf, 0x77, 0xdf, 0x77, 0xdf, 0x77, 0xdf, 0x77, 0xdf, 0x77, 0xdf, 0x77, 0xdf, 0x77, 0xdf, 0x77, 0xdf, 0x77, 0xdf, 0x77, 0xdf, 0x77, 0xdf, 0x77, 0xdf, 0x77, 0xdf, 0x77,
  0xdf, 0x77, 0xdf, 0x77, 0xdf, 0x77, 0xdf, 0x77, 0xdf, 0x77, 0xdf, 0x77, 0xdf, 0x77, 0xdf, 0x77, 0xbb, 0x66, 0x10, 0x4c, 0x14, 0x55, 0xdf, 0x77, 0xdf, 0x77, 0xdf, 0x77, 0xff, 0x77, 0xff, 0x77,
  0xdb, 0x6e, 0x1c, 0x6f, 0xff, 0x77, 0xff, 0x77, 0xdf, 0x77, 0xdf, 0x77, 0xff, 0x77, 0xfc, 0x66, 0x00, 0x00, 0x96, 0xb6, 0xba, 0xcf, 0x7a, 0xcf, 0xba, 0xcf, 0x97, 0xb6, 0x00, 0x00, 0x00, 0x00,
  0x00, 0x00, 0x00, 0x00, 0x00, 0x00, 0x00, 0x00, 0x00, 0x00, 0x00, 0x00, 0x00, 0x00, 0x00, 0x00, 0x00, 0x00, 0x00, 0x00, 0x00, 0x00, 0x00, 0x00, 0x00, 0x00, 0x00, 0x00, 0x00, 0x00, 0x00, 0x00,
  0x44, 0x21, 0x19, 0xb7, 0x5a, 0xc7, 0x5a, 0xbf, 0x3a, 0xbf, 0x5a, 0xbf, 0x3a, 0xbf, 0x3a, 0xbf, 0x3a, 0xbf, 0x3a, 0xbf, 0x3a, 0xbf, 0x3a, 0xbf, 0x3a, 0xbf, 0x3a, 0xb7, 0x3a, 0xb7, 0x3a, 0xb7,
  0x3a, 0xb7, 0x3a, 0xb7, 0x3b, 0xb7, 0x1b, 0xb7, 0x1a, 0xb7, 0x1b, 0xb7, 0x1b, 0xb7, 0x1b, 0xb7, 0x1b, 0xb7, 0x1b, 0xb7, 0x1b, 0xb7, 0x1b, 0xaf, 0x1b, 0xaf, 0x1b, 0xaf, 0x1b, 0xaf, 0x1b, 0xaf,
  0xfb, 0xae, 0x1b, 0xaf, 0xfb, 0xae, 0xfb, 0xae, 0xfb, 0xae, 0xfb, 0xae, 0xfb, 0xae, 0xfb, 0xae, 0xfb, 0xae, 0xfb, 0xa6, 0xfb, 0xa6, 0xfb, 0xa6, 0xfb, 0xa6, 0xfb, 0xa6, 0xdb, 0xa6, 0xdb, 0xa6,
  0xdb, 0xa6, 0xdb, 0xa6, 0xdb, 0xa6, 0xdb, 0xa6, 0xdb, 0xa6, 0xdb, 0x9e, 0xdb, 0x9e, 0xdb, 0x9e, 0xdb, 0x9e, 0xdc, 0x9e, 0xbb, 0x9e, 0xdc, 0x9e, 0xbc, 0x9e, 0xbc, 0x9e, 0xbc, 0x9e, 0xbc, 0x9e,
  0xbc, 0x9e, 0xbc, 0x96, 0xbc, 0x96, 0xbc, 0x96, 0xbc, 0x96, 0xbc, 0x96, 0xbc, 0x96, 0x9c, 0x96, 0x9c, 0x96, 0x9c, 0x96, 0x9c, 0x96, 0x9c, 0x96, 0x9c, 0x96, 0x9c, 0x96, 0x9c, 0x8e, 0x9c, 0x8e,
  0x9c, 0x8e, 0x7c, 0x8e, 0x7c, 0x8e, 0x7c, 0x8e, 0x7c, 0x8e, 0x7c, 0x8e, 0x7c, 0x8e, 0xde, 0x8e, 0xed, 0x52, 0x4e, 0x24, 0xfc, 0x37, 0xdb, 0x37, 0xfb, 0x37, 0x18, 0x2f, 0x2b, 0x13, 0x4d, 0x19,
  0x50, 0x19, 0x50, 0x19, 0x50, 0x19, 0x50, 0x19, 0x50, 0x19, 0x50, 0x19, 0x50, 0x19, 0x50, 0x19, 0x50, 0x19, 0x50, 0x19, 0x50, 0x19, 0x50, 0x19, 0x50, 0x19, 0x50, 0x19, 0x50, 0x19, 0x50, 0x19,
  0x50, 0x19, 0x50, 0x19, 0x50, 0x19, 0x50, 0x19, 0x50, 0x19, 0x50, 0x19, 0x50, 0x19, 0x50, 0x19, 0x50, 0x19, 0x50, 0x19, 0x50, 0x19, 0x50, 0x19, 0x50, 0x19, 0x50, 0x19, 0x50, 0x19, 0x50, 0x19,
  0x50, 0x19, 0x50, 0x19, 0x50, 0x19, 0x50, 0x19, 0x50, 0x19, 0x50, 0x19, 0x50, 0x19, 0x50, 0x19, 0x50, 0x19, 0x50, 0x19, 0x50, 0x19, 0x50, 0x19, 0x50, 0x19, 0x50, 0x19, 0x50, 0x19, 0x50, 0x19,
  0x50, 0x19, 0x50, 0x19, 0x50, 0x19, 0x50, 0x19, 0x50, 0x19, 0x50, 0x19, 0x50, 0x19, 0x50, 0x19, 0x50, 0x19, 0x50, 0x19, 0x50, 0x19, 0x50, 0x19, 0x50, 0x19, 0x50, 0x19, 0x50, 0x19, 0x50, 0x19,
  0x50, 0x19, 0x50, 0x19, 0x50, 0x19, 0x50, 0x19, 0x50, 0x19, 0x50, 0x19, 0x50, 0x19, 0x50, 0x19, 0x50, 0x19, 0x50, 0x19, 0x50, 0x19, 0x50, 0x19, 0x50, 0x19, 0x50, 0x19, 0x50, 0x19, 0x50, 0x19,
  0x50, 0x19, 0x50, 0x19, 0x50, 0x19, 0x50, 0x19, 0x50, 0x19, 0x50, 0x19, 0x50, 0x19, 0x50, 0x19, 0x50, 0x19, 0x50, 0x19, 0x50, 0x19, 0x50, 0x19, 0x50, 0x19, 0x50, 0x19, 0x50, 0x19, 0x50, 0x19,
  0x50, 0x19, 0x50, 0x19, 0x50, 0x19, 0x50, 0x19, 0x50, 0x19, 0x50, 0x19, 0x50, 0x19, 0x50, 0x19, 0x50, 0x19, 0x50, 0x19, 0x50, 0x19, 0x50, 0x19, 0x50, 0x19, 0x50, 0x19, 0x50, 0x19, 0x50, 0x19,
  0x50, 0x19, 0x50, 0x19, 0x50, 0x19, 0x50, 0x19, 0x50, 0x19, 0x50, 0x19, 0x50, 0x19, 0x50, 0x19, 0x50, 0x19, 0x50, 0x19, 0x50, 0x19, 0x50, 0x19, 0x50, 0x19, 0x50, 0x19, 0x50, 0x19, 0x50, 0x19,
  0x50, 0x19, 0x50, 0x19, 0x50, 0x19, 0x50, 0x19, 0x50, 0x19, 0x50, 0x19, 0x50, 0x19, 0x50, 0x19, 0x50, 0x19, 0x50, 0x19, 0x50, 0x19, 0x50, 0x19, 0x50, 0x19, 0x50, 0x19, 0x50, 0x19, 0x70, 0x19,
  0x59, 0x2a, 0x59, 0x2a, 0x39, 0x2a, 0x39, 0x2a, 0x39, 0x2a, 0x5a, 0x2a, 0x17, 0x22, 0x0c, 0x11, 0xc9, 0x10, 0xc9, 0x11, 0xec, 0x1a, 0xac, 0x12, 0xcc, 0x1a, 0x04, 0x09, 0xf0, 0x3b, 0xff, 0x7f,
  0xdf, 0x77, 0xdf, 0x77, 0xdf, 0x77, 0xdf, 0x77, 0xdf, 0x77, 0xdf, 0x77, 0xdf, 0x77, 0xdf, 0x77, 0xdf, 0x77, 0xdf, 0x77, 0xdf, 0x77, 0xdf, 0x77, 0xdf, 0x77, 0xdf, 0x77, 0xdf, 0x77, 0xdf, 0x77,
  0xdf, 0x77, 0xdf, 0x77, 0xdf, 0x77, 0xdf, 0x77, 0xdf, 0x77, 0xdf, 0x77, 0xdf, 0x77, 0xbf, 0x77, 0x8a, 0x3a, 0x8a, 0x3a, 0x08, 0x32, 0x14, 0x55, 0xff, 0x77, 0xdf, 0x77, 0x7a, 0x66, 0x10, 0x4c,
  0xaa, 0x3a, 0xcb, 0x3a, 0xb2, 0x54, 0xbb, 0x66, 0xff, 0x77, 0xdf, 0x77, 0xff, 0x77, 0xfc, 0x66, 0x00, 0x00, 0x96, 0xb6, 0x9a, 0xcf, 0x7a, 0xcf, 0x9a, 0xcf, 0xf8, 0xbe, 0x85, 0x29, 0x00, 0x00,
  0x00, 0x00, 0x00, 0x00, 0x00, 0x00, 0x00, 0x00, 0x00, 0x00, 0x00, 0x00, 0x00, 0x00, 0x00, 0x00, 0x00, 0x00, 0x00, 0x00, 0x00, 0x00, 0x00, 0x00, 0x00, 0x00, 0x00, 0x00, 0x00, 0x00, 0x00, 0x00,
  0xca, 0x4a, 0xfc, 0xcf, 0x3a, 0xbf, 0x5a, 0xbf, 0x3a, 0xbf, 0x3a, 0xbf, 0x3a, 0xbf, 0x3a, 0xbf, 0x3a, 0xbf, 0x3a, 0xbf, 0x3a, 0xbf, 0x3a, 0xb7, 0x3a, 0xb7, 0x3a, 0xb7, 0x3a, 0xb7, 0x3a, 0xb7,
  0x3b, 0xb7, 0x3b, 0xb7, 0x1a, 0xb7, 0x1a, 0xb7, 0x1b, 0xb7, 0x1b, 0xb7, 0x1b, 0xb7, 0x1b, 0xb7, 0x1b, 0xb7, 0x1b, 0xaf, 0x1b, 0xaf, 0x1b, 0xaf, 0x1b, 0xaf, 0x1b, 0xaf, 0xfb, 0xae, 0xfb, 0xae,
  0x1b, 0xaf, 0xfb, 0xae, 0xfb, 0xae, 0xfb, 0xae, 0xfb, 0xae, 0xfb, 0xae, 0xfb, 0xa6, 0xfb, 0xa6, 0xfb, 0xa6, 0xfb, 0xa6, 0xfb, 0xa6, 0xfb, 0xa6, 0xfb, 0xa6, 0xdb, 0xa6, 0xdb, 0xa6, 0xdb, 0xa6,
  0xdb, 0xa6, 0xdb, 0xa6, 0xdb, 0xa6, 0xdb, 0xa6, 0xdb, 0x9e, 0xdb, 0x9e, 0xdb, 0x9e, 0xdc, 0x9e, 0xbb, 0x9e, 0xdc, 0x9e, 0xbc, 0x9e, 0xbc, 0x9e, 0xbc, 0x9e, 0xbc, 0x9e, 0xbc, 0x9e, 0xbc, 0x9e,
  0xbc, 0x96, 0xbc, 0x96, 0xbc, 0x96, 0xbc, 0x96, 0xbc, 0x96, 0x9c, 0x96, 0x9c, 0x96, 0x9c, 0x96, 0x9c, 0x96, 0x9c, 0x96, 0x9c, 0x96, 0x9c, 0x8e, 0x9c, 0x8e, 0x9c, 0x8e, 0x9c, 0x8e, 0x9c, 0x8e,
  0x7c, 0x8e, 0x7c, 0x8e, 0x7c, 0x8e, 0x7c, 0x8e, 0x7c, 0x8e, 0x7c, 0x8e, 0x7c, 0x8e, 0xde, 0x8e, 0xed, 0x52, 0x4e, 0x24, 0xfc, 0x37, 0xdb, 0x37, 0xfb, 0x37, 0x18, 0x2f, 0x2b, 0x13, 0x4d, 0x19,
  0x70, 0x19, 0x70, 0x19, 0x70, 0x19, 0x70, 0x19, 0x70, 0x19, 0x70, 0x19, 0x70, 0x19, 0x70, 0x19, 0x70, 0x19, 0x70, 0x19, 0x70, 0x19, 0x70, 0x19, 0x70, 0x19, 0x70, 0x19, 0x70, 0x19, 0x70, 0x19,
  0x70, 0x19, 0x70, 0x19, 0x70, 0x19, 0x70, 0x19, 0x70, 0x19, 0x70, 0x19, 0x70, 0x19, 0x70, 0x19, 0x70, 0x19, 0x70, 0x19, 0x70, 0x19, 0x70, 0x19, 0x70, 0x19, 0x70, 0x19, 0x70, 0x19, 0x70, 0x19,
  0x70, 0x19, 0x70, 0x19, 0x70, 0x19, 0x70, 0x19, 0x70, 0x19, 0x70, 0x19, 0x70, 0x19, 0x70, 0x19, 0x70, 0x19, 0x70, 0x19, 0x70, 0x19, 0x70, 0x19, 0x70, 0x19, 0x70, 0x19, 0x70, 0x19, 0x70, 0x19,
  0x70, 0x19, 0x70, 0x19, 0x70, 0x19, 0x70, 0x19, 0x70, 0x19, 0x70, 0x19, 0x70, 0x19, 0x70, 0x19, 0x70, 0x19, 0x70, 0x19, 0x70, 0x19, 0x70, 0x19, 0x70, 0x19, 0x70, 0x19, 0x70, 0x19, 0x70, 0x19,
  0x70, 0x19, 0x70, 0x19, 0x70, 0x19, 0x70, 0x19, 0x70, 0x19, 0x70, 0x19, 0x70, 0x19, 0x70, 0x19, 0x70, 0x19, 0x70, 0x19, 0x70, 0x19, 0x70, 0x19, 0x70, 0x19, 0x70, 0x19, 0x70, 0x19, 0x70, 0x19,
  0x70, 0x19, 0x70, 0x19, 0x70, 0x19, 0x70, 0x19, 0x70, 0x19, 0x70, 0x19, 0x70, 0x19, 0x70, 0x19, 0x70, 0x19, 0x70, 0x19, 0x70, 0x19, 0x70, 0x19, 0x70, 0x19, 0x70, 0x19, 0x70, 0x19, 0x70, 0x19,
  0x70, 0x19, 0x70, 0x19, 0x70, 0x19, 0x70, 0x19, 0x70, 0x19, 0x70, 0x19, 0x70, 0x19, 0x70, 0x19, 0x70, 0x19, 0x70, 0x19, 0x70, 0x19, 0x70, 0x19, 0x70, 0x19, 0x70, 0x19, 0x70, 0x19, 0x70, 0x19,
  0x70, 0x19, 0x70, 0x19, 0x70, 0x19, 0x70, 0x19, 0x70, 0x19, 0x70, 0x19, 0x70, 0x19, 0x70, 0x19, 0x70, 0x19, 0x70, 0x19, 0x70, 0x19, 0x70, 0x19, 0x70, 0x19, 0x70, 0x19, 0x70, 0x19, 0x70, 0x19,
  0x70, 0x19, 0x70, 0x19, 0x70, 0x19, 0x70, 0x19, 0x70, 0x19, 0x70, 0x19, 0x70, 0x19, 0x70, 0x19, 0x70, 0x19, 0x70, 0x19, 0x70, 0x19, 0x70, 0x19, 0x70, 0x19, 0x70, 0x19, 0x70, 0x19, 0x70, 0x19,
  0x39, 0x2a, 0x39, 0x2a, 0x39, 0x2a, 0x39, 0x2a, 0x39, 0x2a, 0x39, 0x2a, 0x5a, 0x2a, 0x5b, 0x2a, 0x18, 0x22, 0x92, 0x19, 0x53, 0x32, 0xf2, 0x21, 0xf3, 0x21, 0x87, 0x08, 0x0f, 0x3c, 0xff, 0x7f,
  0xdf, 0x77, 0xdf, 0x77, 0xdf, 0x77, 0xdf, 0x77, 0xdf, 0x77, 0xdf, 0x77, 0xdf, 0x77, 0xdf, 0x77, 0xdf, 0x77, 0xdf, 0x77, 0xdf, 0x77, 0xdf, 0x77, 0xdf, 0x77, 0xdf, 0x77, 0xdf, 0x77, 0xdf, 0x77,
  0xdf, 0x77, 0xdf, 0x77, 0xdf, 0x77, 0xdf, 0x77, 0xdf, 0x77, 0xdf, 0x77, 0xdf, 0x77, 0xdb, 0x6e, 0x00, 0x18, 0xdf, 0x77, 0xd3, 0x54, 0x24, 0x29, 0xff, 0x7f, 0x9a, 0x66, 0x28, 0x32, 0xe3, 0x28,
  0x4d, 0x43, 0x8e, 0x43, 0x24, 0x29, 0x2c, 0x43, 0xff, 0x77, 0xdf, 0x77, 0xff, 0x77, 0xfc, 0x66, 0x00, 0x00, 0x96, 0xb6, 0x9a, 0xcf, 0x7a, 0xc7, 0x7a, 0xc7, 0x7a, 0xc7, 0xb4, 0x95, 0x65, 0x29,
  0x00, 0x00, 0x00, 0x00, 0x00, 0x00, 0x00, 0x00, 0x00, 0x00, 0x00, 0x00, 0x00, 0x00, 0x00, 0x00, 0x00, 0x00, 0x00, 0x00, 0x00, 0x00, 0x00, 0x00, 0x00, 0x00, 0x00, 0x00, 0x20, 0x00, 0x69, 0x42,
  0x16, 0x9e, 0x7b, 0xc7, 0x5a, 0xbf, 0x3a, 0xbf, 0x3a, 0xbf, 0x3a, 0xbf, 0x3a, 0xbf, 0x3a, 0xbf, 0x3a, 0xbf, 0x3a, 0xb7, 0x3a, 0xb7, 0x3a, 0xb7, 0x3a, 0xb7, 0x3a, 0xb7, 0x3a, 0xb7, 0x3b, 0xb7,
  0x1a, 0xb7, 0x1a, 0xb7, 0x1b, 0xb7, 0x1b, 0xb7, 0x1b, 0xb7, 0x1b, 0xb7, 0x1b, 0xb7, 0x1b, 0xb7, 0x1b, 0xaf, 0x1b, 0xaf, 0x1b, 0xaf, 0x1b, 0xaf, 0x1b, 0xaf, 0xfb, 0xae, 0x1b, 0xaf, 0xfb, 0xae,
  0xfb, 0xae, 0xfb, 0xae, 0xfb, 0xae, 0xfb, 0xae, 0xfb, 0xa6, 0xfb, 0xa6, 0xfb, 0xa6, 0xfb, 0xa6, 0xfb, 0xa6, 0xfb, 0xa6, 0xfb, 0xa6, 0xdb, 0xa6, 0xdb, 0xa6, 0xdb, 0xa6, 0xdb, 0xa6, 0xdb, 0xa6,
  0xdb, 0xa6, 0xdb, 0x9e, 0xdb, 0x9e, 0xdb, 0x9e, 0xdb, 0x9e, 0xdc, 0x9e, 0xbb, 0x9e, 0xdc, 0x9e, 0xbc, 0x9e, 0xbc, 0x9e, 0xbc, 0x9e, 0xbc, 0x9e, 0xbc, 0x9e, 0xbc, 0x9e, 0xbc, 0x96, 0xbc, 0x96,
  0xbc, 0x96, 0xbc, 0x96, 0xbc, 0x96, 0x9c, 0x96, 0x9c, 0x96, 0x9c, 0x96, 0x9c, 0x96, 0x9c, 0x96, 0x9c, 0x96, 0x9c, 0x96, 0x9c, 0x8e, 0x9c, 0x8e, 0x9c, 0x8e, 0x9c, 0x8e, 0x9c, 0x8e, 0x9c, 0x8e,
  0x7c, 0x8e, 0x7c, 0x8e, 0x7c, 0x8e, 0x7c, 0x8e, 0x7c, 0x86, 0x7c, 0x86, 0x7c, 0x86, 0xde, 0x8e, 0xed, 0x52, 0x4e, 0x24, 0xfc, 0x37, 0xdb, 0x37, 0xfb, 0x37, 0x18, 0x2f, 0x2b, 0x13, 0x4d, 0x11,
  0x70, 0x19, 0x70, 0x19, 0x70, 0x19, 0x70, 0x19, 0x70, 0x19, 0x70, 0x19, 0x70, 0x19, 0x70, 0x19, 0x70, 0x19, 0x70, 0x19, 0x70, 0x19, 0x70, 0x19, 0x70, 0x19, 0x70, 0x19, 0x70, 0x19, 0x70, 0x19,
  0x70, 0x19, 0x70, 0x19, 0x70, 0x19, 0x70, 0x19, 0x70, 0x19, 0x70, 0x19, 0x70, 0x19, 0x70, 0x19, 0x70, 0x19, 0x70, 0x19, 0x70, 0x19, 0x70, 0x19, 0x70, 0x19, 0x70, 0x19, 0x70, 0x19, 0x70, 0x19,
  0x70, 0x19, 0x70, 0x19, 0x70, 0x19, 0x70, 0x19, 0x70, 0x19, 0x70, 0x19, 0x70, 0x19, 0x70, 0x19, 0x70, 0x19, 0x70, 0x19, 0x70, 0x19, 0x70, 0x19, 0x70, 0x19, 0x70, 0x19, 0x70, 0x19, 0x70, 0x19,
  0x70, 0x19, 0x70, 0x19, 0x70, 0x19, 0x70, 0x19, 0x70, 0x19, 0x70, 0x19, 0x70, 0x19, 0x70, 0x19, 0x70, 0x19, 0x70, 0x19, 0x70, 0x19, 0x70, 0x19, 0x70, 0x19, 0x70, 0x19, 0x70, 0x19, 0x70, 0x19,
  0x70, 0x19, 0x70, 0x19, 0x70, 0x19, 0x70, 0x19, 0x70, 0x19, 0x70, 0x19, 0x70, 0x19, 0x70, 0x19, 0x70, 0x19, 0x70, 0x19, 0x70, 0x19, 0x70, 0x19, 0x70, 0x19, 0x70, 0x19, 0x70, 0x19, 0x70, 0x19,
  0x70, 0x19, 0x70, 0x19, 0x70, 0x19, 0x70, 0x19, 0x70, 0x19, 0x70, 0x19, 0x70, 0x19, 0x70, 0x19, 0x70, 0x19, 0x70, 0x19, 0x70, 0x19, 0x70, 0x19, 0x70, 0x19, 0x70, 0x19, 0x70, 0x19, 0x70, 0x19,
  0x70, 0x19, 0x70, 0x19, 0x70, 0x19, 0x70, 0x19, 0x70, 0x19, 0x70, 0x19, 0x70, 0x19, 0x70, 0x19, 0x70, 0x19, 0x70, 0x19, 0x70, 0x19, 0x70, 0x19, 0x70, 0x19, 0x70, 0x19, 0x70, 0x19, 0x70, 0x19,
  0x70, 0x19, 0x70, 0x19, 0x70, 0x19, 0x70, 0x19, 0x70, 0x19, 0x70, 0x19, 0x70, 0x19, 0x70, 0x19, 0x70, 0x19, 0x70, 0x19, 0x70, 0x19, 0x70, 0x19, 0x70, 0x19, 0x70, 0x19, 0x70, 0x19, 0x70, 0x19,
  0x70, 0x19, 0x70, 0x19, 0x70, 0x19, 0x70, 0x19, 0x70, 0x19, 0x70, 0x19, 0x70, 0x19, 0x70, 0x19, 0x70, 0x19, 0x70, 0x19, 0x70, 0x19, 0x70, 0x19, 0x70, 0x19, 0x70, 0x19, 0x70, 0x19, 0x70, 0x19,
  0x39, 0x2a, 0x39, 0x2a, 0x39, 0x2a, 0x39, 0x2a, 0x39, 0x2a, 0x39, 0x2a, 0x39, 0x2a, 0x39, 0x2a, 0x39, 0x2a, 0x3a, 0x2a, 0xfb, 0x42, 0x3a, 0x2a, 0x5a, 0x2a, 0xcb, 0x10, 0xef, 0x3b, 0xff, 0x7f,
  0xdf, 0x77, 0xdf, 0x77, 0xdf, 0x77, 0xdf, 0x77, 0xdf, 0x77, 0xdf, 0x77, 0xdf, 0x77, 0xdf, 0x77, 0xdf, 0x77, 0xdf, 0x77, 0xdf, 0x77, 0xdf, 0x77, 0xdf, 0x77, 0xdf, 0x77, 0xdf, 0x77, 0xdf, 0x77,
  0xdf, 0x77, 0xdf, 0x77, 0xdf, 0x77, 0xdf, 0x77, 0xdf, 0x77, 0xdf, 0x77, 0xdf, 0x77, 0xdb, 0x6e, 0x20, 0x20, 0xff, 0x77, 0x55, 0x55, 0xc3, 0x20, 0xff, 0x7f, 0xaa, 0x3a, 0xc3, 0x20, 0xd7, 0x5d,
  0xbf, 0x77, 0xff, 0x77, 0x55, 0x55, 0x92, 0x54, 0xff, 0x77, 0xdf, 0x77, 0xff, 0x77, 0xfc, 0x66, 0x00, 0x00, 0x96, 0xb6, 0x9a, 0xcf, 0x7a, 0xc7, 0x7a, 0xc7, 0x7a, 0xc7, 0x7a, 0xc7, 0xd4, 0x9d,
  0x8c, 0x5b, 0x6c, 0x5b, 0x8c, 0x5b, 0x8c, 0x5b, 0x8c, 0x5b, 0x8c, 0x5b, 0x8c, 0x5b, 0x8c, 0x5b, 0x8c, 0x5b, 0x8c, 0x5b, 0x6c, 0x5b, 0x6c, 0x5b, 0x6c, 0x5b, 0x6c, 0x5b, 0x0f, 0x6c, 0x36, 0xa6,
  0x9b, 0xc7, 0x3a, 0xbf, 0x3a, 0xbf, 0x3a, 0xbf, 0x3a, 0xbf, 0x3a, 0xbf, 0x3a, 0xbf, 0x3a, 0xbf, 0x3a, 0xb7, 0x3a, 0xb7, 0x3a, 0xb7, 0x3a, 0xb7, 0x3a, 0xb7, 0x3b, 0xb7, 0x1b, 0xb7, 0x1a, 0xb7,
  0x1b, 0xb7, 0x1b, 0xb7, 0x1b, 0xb7, 0x1b, 0xb7, 0x1b, 0xb7, 0x1b, 0xb7, 0x1b, 0xaf, 0x1b, 0xaf, 0x1b, 0xaf, 0x1b, 0xaf, 0x1b, 0xaf, 0xfb, 0xae, 0x1b, 0xaf, 0xfb, 0xae, 0xfb, 0xae, 0xfb, 0xae,
  0xfb, 0xae, 0xfb, 0xae, 0xfb, 0xae, 0xfb, 0xa6, 0xfb, 0xa6, 0xfb, 0xa6, 0xfb, 0xa6, 0xfb, 0xa6, 0xfb, 0xa6, 0xdb, 0xa6, 0xdb, 0xa6, 0xdb, 0xa6, 0xdb, 0xa6, 0xdb, 0xa6, 0xdb, 0xa6, 0xdb, 0x9e,
  0xdb, 0x9e, 0xdb, 0x9e, 0xdb, 0x9e, 0xdc, 0x9e, 0xdb, 0x9e, 0xbc, 0x9e, 0xdc, 0x9e, 0xbc, 0x9e, 0xbc, 0x9e, 0xbc, 0x9e, 0xbc, 0x9e, 0xbc, 0x9e, 0xbc, 0x96, 0xbc, 0x96, 0xbc, 0x96, 0xbc, 0x96,
  0xbc, 0x96, 0x9c, 0x96, 0x9c, 0x96, 0x9c, 0x96, 0x9c, 0x96, 0x9c, 0x96, 0x9c, 0x96, 0x9c, 0x96, 0x9c, 0x96, 0x9c, 0x8e, 0x9c, 0x8e, 0x9c, 0x8e, 0x9c, 0x8e, 0x7c, 0x8e, 0x7c, 0x8e, 0x7c, 0x8e,
  0x7c, 0x8e, 0x7c, 0x8e, 0x7c, 0x86, 0x7c, 0x86, 0x7c, 0x86, 0x7d, 0x86, 0x7c, 0x86, 0xde, 0x8e, 0xed, 0x52, 0x4e, 0x24, 0xfc, 0x37, 0xdb, 0x37, 0xfb, 0x37, 0x18, 0x2f, 0x2b, 0x13, 0x4d, 0x11,
  0x50, 0x19, 0x50, 0x19, 0x50, 0x19, 0x50, 0x19, 0x50, 0x19, 0x50, 0x19, 0x50, 0x19, 0x50, 0x19, 0x50, 0x19, 0x50, 0x19, 0x50, 0x19, 0x50, 0x19, 0x50, 0x19, 0x50, 0x19, 0x50, 0x19, 0x50, 0x19,
  0x50, 0x19, 0x50, 0x19, 0x50, 0x19, 0x50, 0x19, 0x50, 0x19, 0x50, 0x19, 0x50, 0x19, 0x50, 0x19, 0x50, 0x19, 0x50, 0x19, 0x50, 0x19, 0x50, 0x19, 0x50, 0x19, 0x50, 0x19, 0x50, 0x19, 0x50, 0x19,
  0x50, 0x19, 0x50, 0x19, 0x50, 0x19, 0x50, 0x19, 0x50, 0x19, 0x50, 0x19, 0x50, 0x19, 0x50, 0x19, 0x50, 0x19, 0x50, 0x19, 0x50, 0x19, 0x50, 0x19, 0x50, 0x19, 0x50, 0x19, 0x50, 0x19, 0x50, 0x19,
  0x50, 0x19, 0x50, 0x19, 0x50, 0x19, 0x50, 0x19, 0x50, 0x19, 0x50, 0x19, 0x50, 0x19, 0x50, 0x19, 0x50, 0x19, 0x50, 0x19, 0x50, 0x19, 0x50, 0x19, 0x50, 0x19, 0x50, 0x19, 0x50, 0x19, 0x50, 0x19,
  0x50, 0x19, 0x50, 0x19, 0x50, 0x19, 0x50, 0x19, 0x50, 0x19, 0x50, 0x19, 0x50, 0x19, 0x50, 0x19, 0x50, 0x19, 0x50, 0x19, 0x50, 0x19, 0x50, 0x19, 0x50, 0x19, 0x50, 0x19, 0x50, 0x19, 0x50, 0x19,
  0x50, 0x19, 0x50, 0x19, 0x50, 0x19, 0x50, 0x19, 0x50, 0x19, 0x50, 0x19, 0x50, 0x19, 0x50, 0x19, 0x50, 0x19, 0x50, 0x19, 0x50, 0x19, 0x50, 0x19, 0x50, 0x19, 0x50, 0x19, 0x50, 0x19, 0x50, 0x19,
  0x50, 0x19, 0x50, 0x19, 0x50, 0x19, 0x50, 0x19, 0x50, 0x19, 0x50, 0x19, 0x50, 0x19, 0x50, 0x19, 0x50, 0x19, 0x50, 0x19, 0x50, 0x19, 0x50, 0x19, 0x50, 0x19, 0x50, 0x19, 0x50, 0x19, 0x50, 0x19,
  0x50, 0x19, 0x50, 0x19, 0x50, 0x19, 0x50, 0x19, 0x50, 0x19, 0x50, 0x19, 0x50, 0x19, 0x50, 0x19, 0x50, 0x19, 0x50, 0x19, 0x50, 0x19, 0x50, 0x19, 0x50, 0x19, 0x50, 0x19, 0x50, 0x19, 0x50, 0x19,
  0x50, 0x19, 0x50, 0x19, 0x50, 0x19, 0x50, 0x19, 0x50, 0x19, 0x50, 0x19, 0x50, 0x19, 0x50, 0x19, 0x50, 0x19, 0x50, 0x19, 0x50, 0x19, 0x50, 0x19, 0x50, 0x19, 0x50, 0x19, 0x50, 0x19, 0x50, 0x19,
  0x39, 0x2a, 0x39, 0x2a, 0x39, 0x2a, 0x39, 0x2a, 0x39, 0x2a, 0x39, 0x2a, 0x39, 0x2a, 0x39, 0x2a, 0x39, 0x2a, 0x39, 0x22, 0xda, 0x42, 0x39, 0x2a, 0x5a, 0x2a, 0xcb, 0x10, 0xef, 0x3b, 0xff, 0x7f,
  0xdf, 0x77, 0xdf, 0x77, 0xdf, 0x77, 0xdf, 0x77, 0xdf, 0x77, 0xdf, 0x77, 0xdf, 0x77, 0xdf, 0x77, 0xdf, 0x77, 0xdf, 0x77, 0xdf, 0x77, 0xdf, 0x77, 0xdf, 0x77, 0xdf, 0x77, 0xdf, 0x77, 0xdf, 0x77,
  0xdf, 0x77, 0xdf, 0x77, 0xdf, 0x77, 0xdf, 0x77, 0xdf, 0x77, 0xdf, 0x77, 0xdf, 0x77, 0xbf, 0x77, 0x69, 0x3a, 0x2c, 0x43, 0x69, 0x3a, 0x51, 0x4c, 0xfb, 0x6e, 0x20, 0x20, 0x8e, 0x43, 0xff, 0x7f,
  0xdf, 0x77, 0xdf, 0x77, 0xff, 0x77, 0xff, 0x77, 0xdf, 0x77, 0xdf, 0x77, 0xff, 0x77, 0xfc, 0x66, 0x00, 0x00, 0x97, 0xb6, 0x9a, 0xcf, 0x7a, 0xc7, 0x7a, 0xc7, 0x7a, 0xc7, 0x7a, 0xc7, 0x9b, 0xcf,
  0xdb, 0xcf, 0xdc, 0xcf, 0xdc, 0xcf, 0xdc, 0xcf, 0xdc, 0xcf, 0xdc, 0xcf, 0xdc, 0xcf, 0xdc, 0xcf, 0xdc, 0xcf, 0xdc, 0xcf, 0xdc, 0xcf, 0xbc, 0xcf, 0xbc, 0xcf, 0xbc, 0xcf, 0xbc, 0xc7, 0x7b, 0xbf,
  0x3a, 0xbf, 0x3a, 0xbf, 0x3a, 0xbf, 0x3a, 0xbf, 0x3a, 0xbf, 0x3a, 0xbf, 0x3a, 0xb7, 0x3a, 0xb7, 0x3a, 0xb7, 0x3a, 0xb7, 0x3a, 0xb7, 0x3b, 0xb7, 0x1b, 0xb7, 0x1a, 0xb7, 0x1b, 0xb7, 0x1b, 0xb7,
  0x1b, 0xb7, 0x1b, 0xb7, 0x1b, 0xb7, 0x1b, 0xb7, 0x1b, 0xaf, 0x1b, 0xaf, 0x1b, 0xaf, 0x1b, 0xaf, 0x1b, 0xaf, 0xfb, 0xae, 0x1b, 0xaf, 0xfb, 0xae, 0xfb, 0xae, 0xfb, 0xae, 0xfb, 0xae, 0xfb, 0xae,
  0xfb, 0xae, 0xfb, 0xae, 0xfb, 0xa6, 0xfb, 0xa6, 0xfb, 0xa6, 0xfb, 0xa6, 0xfb, 0xa6, 0xdb, 0xa6, 0xdb, 0xa6, 0xdb, 0xa6, 0xdb, 0xa6, 0xdb, 0xa6, 0xdb, 0xa6, 0xdb, 0xa6, 0xdb, 0xa6, 0xdb, 0x9e,
  0xdb, 0x9e, 0xdb, 0x9e, 0xdc, 0x9e, 0xbb, 0x9e, 0xdc, 0x9e, 0xbc, 0x9e, 0xbc, 0x9e, 0xbc, 0x9e, 0xbc, 0x9e, 0xbc, 0x9e, 0xbc, 0x9e, 0xbc, 0x96, 0xbc, 0x96, 0xbc, 0x96, 0xbc, 0x96, 0xbc, 0x96,
  0x9c, 0x96, 0x9c, 0x96, 0x9c, 0x96, 0x9c, 0x96, 0x9c, 0x96, 0x9c, 0x96, 0x9c, 0x8e, 0x9c, 0x8e, 0x9c, 0x8e, 0x9c, 0x8e, 0x9c, 0x8e, 0x7c, 0x8e, 0x7c, 0x8e, 0x7c, 0x8e, 0x7c, 0x8e, 0x7c, 0x8e,
  0x7c, 0x8e, 0x7c, 0x8e, 0x7c, 0x86, 0x7d, 0x86, 0x7c, 0x86, 0x7d, 0x86, 0x5d, 0x86, 0xbe, 0x8e, 0xed, 0x52, 0x4e, 0x24, 0xfc, 0x37, 0xdb, 0x37, 0xfb, 0x37, 0x18, 0x2f, 0x2b, 0x13, 0x4d, 0x11,
  0x50, 0x19, 0x50, 0x19, 0x50, 0x19, 0x50, 0x19, 0x50, 0x19, 0x50, 0x19, 0x50, 0x19, 0x50, 0x19, 0x50, 0x19, 0x50, 0x19, 0x50, 0x19, 0x50, 0x19, 0x50, 0x19, 0x50, 0x19, 0x50, 0x19, 0x50, 0x19,
  0x50, 0x19, 0x50, 0x19, 0x50, 0x19, 0x50, 0x19, 0x50, 0x19, 0x50, 0x19, 0x50, 0x19, 0x50, 0x19, 0x50, 0x19, 0x50, 0x19, 0x50, 0x19, 0x50, 0x19, 0x50, 0x19, 0x50, 0x19, 0x50, 0x19, 0x50, 0x19,
  0x50, 0x19, 0x50, 0x19, 0x50, 0x19, 0x50, 0x19, 0x50, 0x19, 0x50, 0x19, 0x50, 0x19, 0x50, 0x19, 0x50, 0x19, 0x50, 0x19, 0x50, 0x19, 0x50, 0x19, 0x50, 0x19, 0x50, 0x19, 0x50, 0x19, 0x50, 0x19,
  0x50, 0x19, 0x50, 0x19, 0x50, 0x19, 0x50, 0x19, 0x50, 0x19, 0x50, 0x19, 0x50, 0x19, 0x50, 0x19, 0x50, 0x19, 0x50, 0x19, 0x50, 0x19, 0x50, 0x19, 0x50, 0x19, 0x50, 0x19, 0x50, 0x19, 0x50, 0x19,
  0x50, 0x19, 0x50, 0x19, 0x50, 0x19, 0x50, 0x19, 0x50, 0x19, 0x50, 0x19, 0x50, 0x19, 0x50, 0x19, 0x50, 0x19, 0x50, 0x19, 0x50, 0x19, 0x50, 0x19, 0x50, 0x19, 0x50, 0x19, 0x50, 0x19, 0x50, 0x19,
  0x50, 0x19, 0x50, 0x19, 0x50, 0x19, 0x50, 0x19, 0x50, 0x19, 0x50, 0x19, 0x50, 0x19, 0x50, 0x19, 0x50, 0x19, 0x50, 0x19, 0x50, 0x19, 0x50, 0x19, 0x50, 0x19, 0x50, 0x19, 0x50, 0x19, 0x50, 0x19,
  0x50, 0x19, 0x50, 0x19, 0x50, 0x19, 0x50, 0x19, 0x50, 0x19, 0x50, 0x19, 0x50, 0x19, 0x50, 0x19, 0x50, 0x19, 0x50, 0x19, 0x50, 0x19, 0x50, 0x19, 0x50, 0x19, 0x50, 0x19, 0x50, 0x19, 0x50, 0x19,
  0x50, 0x19, 0x50, 0x19, 0x50, 0x19, 0x50, 0x19, 0x50, 0x19, 0x50, 0x19, 0x50, 0x19, 0x50, 0x19, 0x50, 0x19, 0x50, 0x19, 0x50, 0x19, 0x50, 0x19, 0x50, 0x19, 0x50, 0x19, 0x50, 0x19, 0x50, 0x19,
  0x50, 0x19, 0x50, 0x19, 0x50, 0x19, 0x50, 0x19, 0x50, 0x19, 0x50, 0x19, 0x50, 0x19, 0x50, 0x19, 0x50, 0x19, 0x50, 0x19, 0x50, 0x19, 0x50, 0x19, 0x50, 0x19, 0x50, 0x19, 0x50, 0x19, 0x50, 0x19,
  0x39, 0x2a, 0x39, 0x2a, 0x39, 0x2a, 0x39, 0x2a, 0x39, 0x2a, 0x39, 0x2a, 0x39, 0x2a, 0x39, 0x2a, 0x39, 0x2a, 0x39, 0x22, 0xda, 0x42, 0x39, 0x2a, 0x5a, 0x2a, 0xca, 0x10, 0xef, 0x3b, 0xff, 0x7f,
  0xdf, 0x77, 0xdf, 0x77, 0xdf, 0x77, 0xdf, 0x77, 0xdf, 0x77, 0xdf, 0x77, 0xdf, 0x77, 0xdf, 0x77, 0xdf, 0x77, 0xdf, 0x77, 0xdf, 0x77, 0xdf, 0x77, 0xdf, 0x77, 0xdf, 0x77, 0xdf, 0x77, 0xdf, 0x77,
  0xdf, 0x77, 0xdf, 0x77, 0xdf, 0x77, 0xdf, 0x77, 0xdf, 0x77, 0xdf, 0x77, 0xdf, 0x77, 0xdf, 0x77, 0x9a, 0x66, 0x8e, 0x43, 0xd3, 0x54, 0x9e, 0x6f, 0x92, 0x4c, 0x81, 0x20, 0xf7, 0x5d, 0xff, 0x77,
  0xdf, 0x77, 0xdf, 0x77, 0xdf, 0x77, 0xdf, 0x77, 0xdf, 0x77, 0xdf, 0x77, 0xff, 0x77, 0xfc, 0x66, 0x00, 0x00, 0x97, 0xb6, 0x9a, 0xcf, 0x7a, 0xc7, 0x5a, 0xc7, 0x7a, 0xc7, 0x5a, 0xc7, 0x5a, 0xc7,
  0x5a, 0xc7, 0x5a, 0xc7, 0x5a, 0xc7, 0x5a, 0xc7, 0x5a, 0xc7, 0x5a, 0xbf, 0x5a, 0xbf, 0x5a, 0xbf, 0x5a, 0xbf, 0x5a, 0xbf, 0x5a, 0xbf, 0x3a, 0xbf, 0x5a, 0xbf, 0x3a, 0xbf, 0x3a, 0xbf, 0x3a, 0xbf,
  0x3a, 0xbf, 0x3a, 0xbf, 0x3a, 0xbf, 0x3a, 0xbf, 0x3a, 0xb7, 0x3a, 0xb7, 0x3a, 0xb7, 0x3a, 0xb7, 0x3a, 0xb7, 0x3b, 0xb7, 0x3b, 0xb7, 0x1a, 0xb7, 0x1a, 0xb7, 0x1b, 0xb7, 0x1b, 0xb7, 0x1b, 0xb7,
  0x1b, 0xb7, 0x1b, 0xb7, 0x1b, 0xaf, 0x1b, 0xaf, 0x1b, 0xaf, 0x1b, 0xaf, 0x1b, 0xaf, 0xfb, 0xae, 0xfb, 0xae, 0x1b, 0xaf, 0xfb, 0xae, 0xfb, 0xae, 0xfb, 0xae, 0xfb, 0xae, 0xfb, 0xae, 0xfb, 0xa6,
  0xfb, 0xa6, 0xfb, 0xa6, 0xfb, 0xa6, 0xfb, 0xa6, 0xfb, 0xa6, 0xfb, 0xa6, 0xdb, 0xa6, 0xdb, 0xa6, 0xdb, 0xa6, 0xdb, 0xa6, 0xdb, 0xa6, 0xdb, 0xa6, 0xdb, 0xa6, 0xdb, 0x9e, 0xdb, 0x9e, 0xdb, 0x9e,
  0xdc, 0x9e, 0xbb, 0x9e, 0xdc, 0x9e, 0xbc, 0x9e, 0xbc, 0x9e, 0xbc, 0x9e, 0xbc, 0x9e, 0xbc, 0x9e, 0xbc, 0x96, 0xbc, 0x96, 0xbc, 0x96, 0xbc, 0x96, 0xbc, 0x96, 0xbc, 0x96, 0x9c, 0x96, 0x9c, 0x96,
  0x9c, 0x96, 0x9c, 0x96, 0x9c, 0x96, 0x9c, 0x96, 0x9c, 0x8e, 0x9c, 0x8e, 0x9c, 0x8e, 0x9c, 0x8e, 0x9c, 0x8e, 0x9c, 0x8e, 0x7c, 0x8e, 0x7c, 0x8e, 0x7c, 0x8e, 0x7c, 0x8e, 0x7c, 0x8e, 0x7c, 0x8e,
  0x7c, 0x86, 0x7c, 0x86, 0x7d, 0x86, 0x7c, 0x86, 0x5d, 0x86, 0x5d, 0x86, 0x5d, 0x86, 0xbe, 0x86, 0xed, 0x52, 0x4e, 0x24, 0xfc, 0x37, 0xdb, 0x37, 0xfb, 0x37, 0x18, 0x2f, 0x2b, 0x13, 0x4d, 0x11,
  0x71, 0x19, 0x71, 0x19, 0x71, 0x19, 0x71, 0x19, 0x71, 0x19, 0x71, 0x19, 0x71, 0x19, 0x71, 0x19, 0x71, 0x19, 0x71, 0x19, 0x71, 0x19, 0x71, 0x19, 0x71, 0x19, 0x71, 0x19, 0x71, 0x19, 0x71, 0x19,
  0x71, 0x19, 0x71, 0x19, 0x71, 0x19, 0x71, 0x19, 0x71, 0x19, 0x71, 0x19, 0x71, 0x19, 0x71, 0x19, 0x71, 0x19, 0x71, 0x19, 0x71, 0x19, 0x71, 0x19, 0x71, 0x19, 0x71, 0x19, 0x71, 0x19, 0x71, 0x19,
  0x71, 0x19, 0x71, 0x19, 0x71, 0x19, 0x71, 0x19, 0x71, 0x19, 0x71, 0x19, 0x71, 0x19, 0x71, 0x19, 0x71, 0x19, 0x71, 0x19, 0x71, 0x19, 0x71, 0x19, 0x71, 0x19, 0x71, 0x19, 0x71, 0x19, 0x71, 0x19,
  0x71, 0x19, 0x71, 0x19, 0x71, 0x19, 0x71, 0x19, 0x71, 0x19, 0x71, 0x19, 0x71, 0x19, 0x71, 0x19, 0x71, 0x19, 0x71, 0x19, 0x71, 0x19, 0x71, 0x19, 0x71, 0x19, 0x71, 0x19, 0x71, 0x19, 0x71, 0x19,
  0x71, 0x19, 0x71, 0x19, 0x71, 0x19, 0x71, 0x19, 0x71, 0x19, 0x71, 0x19, 0x71, 0x19, 0x71, 0x19, 0x71, 0x19, 0x71, 0x19, 0x71, 0x19, 0x71, 0x19, 0x71, 0x19, 0x71, 0x19, 0x71, 0x19, 0x71, 0x19,
  0x71, 0x19, 0x71, 0x19, 0x71, 0x19, 0x71, 0x19, 0x71, 0x19, 0x71, 0x19, 0x71, 0x19, 0x71, 0x19, 0x71, 0x19, 0x71, 0x19, 0x71, 0x19, 0x71, 0x19, 0x71, 0x19, 0x71, 0x19, 0x71, 0x19, 0x71, 0x19,
  0x71, 0x19, 0x71, 0x19, 0x71, 0x19, 0x71, 0x19, 0x71, 0x19, 0x71, 0x19, 0x71, 0x19, 0x71, 0x19, 0x71, 0x19, 0x71, 0x19, 0x71, 0x19, 0x71, 0x19, 0x71, 0x19, 0x71, 0x19, 0x71, 0x19, 0x71, 0x19,
  0x71, 0x19, 0x71, 0x19, 0x71, 0x19, 0x71, 0x19, 0x71, 0x19, 0x71, 0x19, 0x71, 0x19, 0x71, 0x19, 0x71, 0x19, 0x71, 0x19, 0x71, 0x19, 0x71, 0x19, 0x71, 0x19, 0x71, 0x19, 0x71, 0x19, 0x71, 0x19,
  0x71, 0x19, 0x71, 0x19, 0x71, 0x19, 0x71, 0x19, 0x71, 0x19, 0x71, 0x19, 0x71, 0x19, 0x71, 0x19, 0x71, 0x19, 0x71, 0x19, 0x71, 0x19, 0x71, 0x19, 0x71, 0x19, 0x71, 0x19, 0x71, 0x19, 0x50, 0x19,
  0x39, 0x2a, 0x39, 0x2a, 0x39, 0x2a, 0x39, 0x2a, 0x39, 0x2a, 0x39, 0x2a, 0x39, 0x2a, 0x39, 0x2a, 0x39, 0x2a, 0x39, 0x22, 0xd9, 0x42, 0x39, 0x2a, 0x5a, 0x2a, 0xca, 0x10, 0xef, 0x3b, 0xff, 0x7f,
  0xdf, 0x77, 0xdf, 0x77, 0xdf, 0x77, 0xdf, 0x77, 0xdf, 0x77, 0xdf, 0x77, 0xdf, 0x77, 0xdf, 0x77, 0xdf, 0x77, 0xdf, 0x77, 0xdf, 0x77, 0xdf, 0x77, 0xdf, 0x77, 0xdf, 0x77, 0xdf, 0x77, 0xdf, 0x77,
  0xdf, 0x77, 0xdf, 0x77, 0xdf, 0x77, 0xdf, 0x77, 0xdf, 0x77, 0xdf, 0x77, 0xdf, 0x77, 0xdf, 0x77, 0xff, 0x77, 0xff, 0x77, 0xff, 0x77, 0xbf, 0x77, 0xaf, 0x43, 0xa2, 0x20, 0x3d, 0x6f, 0xff, 0x77,
  0xdf, 0x77, 0xdf, 0x77, 0xdf, 0x77, 0xdf, 0x77, 0xdf, 0x77, 0xdf, 0x77, 0xff, 0x77, 0xfc, 0x66, 0x00, 0x00, 0x77, 0xb6, 0x9a, 0xcf, 0x7a, 0xc7, 0x5a, 0xc7, 0x5a, 0xc7, 0x5a, 0xc7, 0x5a, 0xc7,
  0x5a, 0xc7, 0x5a, 0xc7, 0x5a, 0xc7, 0x5a, 0xbf, 0x5a, 0xbf, 0x5a, 0xbf, 0x5a, 0xbf, 0x5a, 0xbf, 0x5a, 0xbf, 0x3a, 0xbf, 0x3a, 0xbf, 0x5a, 0xbf, 0x3a, 0xbf, 0x3a, 0xbf, 0x3a, 0xbf, 0x3a, 0xbf,
  0x3a, 0xbf, 0x3a, 0xbf, 0x3a, 0xb7, 0x3a, 0xb7, 0x3a, 0xb7, 0x3a, 0xb7, 0x3a, 0xb7, 0x3a, 0xb7, 0x3b, 0xb7, 0x1a, 0xb7, 0x1a, 0xb7, 0x1b, 0xb7, 0x1b, 0xb7, 0x1b, 0xb7, 0x1b, 0xb7, 0x1b, 0xb7,
  0x1b, 0xb7, 0x1b, 0xaf, 0x1b, 0xaf, 0x1b, 0xaf, 0x1b, 0xaf, 0x1b, 0xaf, 0xfb, 0xae, 0x1b, 0xaf, 0xfb, 0xae, 0xfb, 0xae, 0xfb, 0xae, 0xfb, 0xae, 0xfb, 0xae, 0xfb, 0xa6, 0xfb, 0xa6, 0xfb, 0xa6,
  0xfb, 0xa6, 0xfb, 0xa6, 0xfb, 0xa6, 0xfb, 0xa6, 0xdb, 0xa6, 0xdb, 0xa6, 0xdb, 0xa6, 0xdb, 0xa6, 0xdb, 0xa6, 0xdb, 0xa6, 0xdb, 0x9e, 0xdb, 0x9e, 0xdb, 0x9e, 0xdb, 0x9e, 0xdc, 0x9e, 0xbb, 0x9e,
  0xbc, 0x9e, 0xdc, 0x9e, 0xbc, 0x9e, 0xbc, 0x9e, 0xbc, 0x9e, 0xbc, 0x9e, 0xbc, 0x9e, 0xbc, 0x96, 0xbc, 0x96, 0xbc, 0x96, 0xbc, 0x96, 0xbc, 0x96, 0x9c, 0x96, 0x9c, 0x96, 0x9c, 0x96, 0x9c, 0x96,
  0x9c, 0x96, 0x9c, 0x96, 0x9c, 0x96, 0x9c, 0x8e, 0x9c, 0x8e, 0x9c, 0x8e, 0x9c, 0x8e, 0x9c, 0x8e, 0x7c, 0x8e, 0x7c, 0x8e, 0x7c, 0x8e, 0x7c, 0x8e, 0x7c, 0x8e, 0x7c, 0x8e, 0x7c, 0x86, 0x7c, 0x86,
  0x7d, 0x86, 0x7c, 0x86, 0x5d, 0x86, 0x5d, 0x86, 0x5d, 0x86, 0x5d, 0x86, 0x5d, 0x86, 0xbe, 0x86, 0xed, 0x52, 0x4e, 0x24, 0xfc, 0x37, 0xdb, 0x37, 0xfb, 0x37, 0x18, 0x2f, 0x2b, 0x13, 0x2d, 0x11,
  0x87, 0x08, 0x87, 0x08, 0x87, 0x08, 0x87, 0x08, 0x87, 0x08, 0x87, 0x08, 0x87, 0x08, 0x87, 0x08, 0x87, 0x08, 0x87, 0x08, 0x87, 0x08, 0x87, 0x08, 0x87, 0x08, 0x87, 0x08, 0x87, 0x08, 0x87, 0x08,
  0x87, 0x08, 0x87, 0x08, 0x87, 0x08, 0x87, 0x08, 0x87, 0x08, 0x87, 0x08, 0x87, 0x08, 0x87, 0x08, 0x87, 0x08, 0x87, 0x08, 0x87, 0x08, 0x87, 0x08, 0x87, 0x08, 0x87, 0x08, 0x87, 0x08, 0x87, 0x08,
  0x87, 0x08, 0x87, 0x08, 0x87, 0x08, 0x87, 0x08, 0x87, 0x08, 0x87, 0x08, 0x87, 0x08, 0x87, 0x08, 0x87, 0x08, 0x87, 0x08, 0x87, 0x08, 0x87, 0x08, 0x87, 0x08, 0x87, 0x08, 0x87, 0x08, 0x87, 0x08,
  0x87, 0x08, 0x87, 0x08, 0x87, 0x08, 0x87, 0x08, 0x87, 0x08, 0x87, 0x08, 0x87, 0x08, 0x87, 0x08, 0x87, 0x08, 0x87, 0x08, 0x87, 0x08, 0x87, 0x08, 0x87, 0x08, 0x87, 0x08, 0x87, 0x08, 0x87, 0x08,
  0x87, 0x08, 0x87, 0x08, 0x87, 0x08, 0x87, 0x08, 0x87, 0x08, 0x87, 0x08, 0x87, 0x08, 0x87, 0x08, 0x87, 0x08, 0x87, 0x08, 0x87, 0x08, 0x87, 0x08, 0x87, 0x08, 0x87, 0x08, 0x87, 0x08, 0x87, 0x08,
  0x87, 0x08, 0x87, 0x08, 0x87, 0x08, 0x87, 0x08, 0x87, 0x08, 0x87, 0x08, 0x87, 0x08, 0x87, 0x08, 0x87, 0x08, 0x87, 0x08, 0x87, 0x08, 0x87, 0x08, 0x87, 0x08, 0x87, 0x08, 0x87, 0x08, 0x87, 0x08,
  0x87, 0x08, 0x87, 0x08, 0x87, 0x08, 0x87, 0x08, 0x87, 0x08, 0x87, 0x08, 0x87, 0x08, 0x87, 0x08, 0x87, 0x08, 0x87, 0x08, 0x87, 0x08, 0x87, 0x08, 0x87, 0x08, 0x87, 0x08, 0x87, 0x08, 0x87, 0x08,
  0x87, 0x08, 0x87, 0x08, 0x87, 0x08, 0x87, 0x08, 0x87, 0x08, 0x87, 0x08, 0x87, 0x08, 0x87, 0x08, 0x87, 0x08, 0x87, 0x08, 0x87, 0x08, 0x87, 0x08, 0x87, 0x08, 0x87, 0x08, 0x87, 0x08, 0x87, 0x08,
  0x87, 0x08, 0x87, 0x08, 0x87, 0x08, 0x87, 0x08, 0x87, 0x08, 0x87, 0x08, 0x87, 0x08, 0x87, 0x08, 0x87, 0x08, 0x87, 0x08, 0x87, 0x08, 0x87, 0x08, 0x87, 0x08, 0x87, 0x08, 0x87, 0x08, 0x2e, 0x19,
  0x39, 0x2a, 0x39, 0x2a, 0x39, 0x2a, 0x39, 0x2a, 0x39, 0x2a, 0x39, 0x2a, 0x39, 0x2a, 0x39, 0x22, 0x39, 0x22, 0x39, 0x22, 0xd9, 0x42, 0x39, 0x2a, 0x39, 0x2a, 0xaa, 0x10, 0xef, 0x3b, 0xff, 0x7f,
  0xdf, 0x77, 0xdf, 0x77, 0xdf, 0x77, 0xdf, 0x77, 0xdf, 0x77, 0xdf, 0x77, 0xdf, 0x77, 0xdf, 0x77, 0xdf, 0x77, 0xdf, 0x77, 0xdf, 0x77, 0xdf, 0x77, 0xdf, 0x77, 0xdf, 0x77, 0xdf, 0x77, 0xdf, 0x77,
  0xdf, 0x77, 0xdf, 0x77, 0xdf, 0x77, 0xdf, 0x77, 0xdf, 0x77, 0xdf, 0x77, 0xdf, 0x77, 0xdf, 0x77, 0xdf, 0x77, 0xdf, 0x77, 0xdf, 0x77, 0xbf, 0x77, 0xf0, 0x4b, 0xa2, 0x20, 0xbb, 0x66, 0xff, 0x77,
  0xdf, 0x77, 0xdf, 0x77, 0xdf, 0x77, 0xdf, 0x77, 0xdf, 0x77, 0xdf, 0x77, 0xff, 0x77, 0xfc, 0x66, 0x00, 0x00, 0x77, 0xb6, 0x9a, 0xc7, 0x5a, 0xc7, 0x5a, 0xc7, 0x5a, 0xc7, 0x5a, 0xc7, 0x5a, 0xc7,
  0x7a, 0xc7, 0x7a, 0xc7, 0x7a, 0xc7, 0x7a, 0xc7, 0x7a, 0xc7, 0x7b, 0xc7, 0x7b, 0xbf, 0x7b, 0xbf, 0x5b, 0xbf, 0x5b, 0xbf, 0x5b, 0xbf, 0x5b, 0xbf, 0x5b, 0xbf, 0x5b, 0xbf, 0x5a, 0xbf, 0x3a, 0xbf,
  0x3a, 0xbf, 0x3a, 0xb7, 0x3a, 0xb7, 0x3a, 0xb7, 0x3a, 0xb7, 0x3a, 0xb7, 0x3b, 0xb7, 0x3b, 0xb7, 0x1a, 0xb7, 0x1b, 0xb7, 0x1b, 0xb7, 0x1b, 0xb7, 0x1b, 0xb7, 0x1b, 0xb7, 0x1b, 0xb7, 0x1b, 0xaf,
  0x1b, 0xaf, 0x1b, 0xaf, 0x1b, 0xaf, 0x1b, 0xaf, 0xfb, 0xae, 0x1b, 0xaf, 0xfb, 0xae, 0xfb, 0xae, 0xfb, 0xae, 0xfb, 0xae, 0xfb, 0xae, 0xfb, 0xae, 0xfb, 0xae, 0xfb, 0xa6, 0xfb, 0xa6, 0xfb, 0xa6,
  0xfb, 0xa6, 0xfb, 0xa6, 0xfb, 0xa6, 0xdb, 0xa6, 0xdb, 0xa6, 0xdb, 0xa6, 0xdb, 0xa6, 0xdb, 0xa6, 0xdb, 0xa6, 0xdb, 0x9e, 0xdb, 0x9e, 0xdb, 0x9e, 0xdc, 0x9e, 0xdb, 0x9e, 0xbb, 0x9e, 0xdc, 0x9e,
  0xbc, 0x9e, 0xbc, 0x9e, 0xbc, 0x9e, 0xbc, 0x9e, 0xbc, 0x9e, 0xbc, 0x96, 0xbc, 0x96, 0xbc, 0x96, 0xbc, 0x96, 0xbc, 0x96, 0xbc, 0x96, 0x9c, 0x96, 0x9c, 0x96, 0x9c, 0x96, 0x9c, 0x96, 0x9c, 0x96,
  0x9c, 0x96, 0x9c, 0x96, 0x9c, 0x8e, 0x9c, 0x8e, 0x9c, 0x8e, 0x9c, 0x8e, 0x9c, 0x8e, 0x7c, 0x8e, 0x7c, 0x8e, 0x7c, 0x8e, 0x7c, 0x8e, 0x7c, 0x8e, 0x7c, 0x86, 0x7c, 0x86, 0x7c, 0x86, 0x7c, 0x86,
  0x7d, 0x86, 0x5d, 0x86, 0x5d, 0x86, 0x5d, 0x86, 0x5d, 0x86, 0x5d, 0x86, 0x5d, 0x86, 0xbe, 0x86, 0xed, 0x4a, 0x4e, 0x24, 0xfc, 0x37, 0xdb, 0x37, 0xfb, 0x37, 0x18, 0x2f, 0x2b, 0x13, 0x2d, 0x11,
  0x80, 0x00, 0x80, 0x00, 0x80, 0x00, 0x80, 0x00, 0x80, 0x00, 0x80, 0x00, 0x80, 0x00, 0x80, 0x00, 0x80, 0x00, 0x80, 0x00, 0x80, 0x00, 0x80, 0x00, 0x80, 0x00, 0x80, 0x00, 0x80, 0x00, 0x80, 0x00,
  0x80, 0x00, 0x80, 0x00, 0x80, 0x00, 0x80, 0x00, 0x80, 0x00, 0x80, 0x00, 0x80, 0x00, 0x80, 0x00, 0x80, 0x00, 0x80, 0x00, 0x80, 0x00, 0x80, 0x00, 0x80, 0x00, 0x80, 0x00, 0x80, 0x00, 0x80, 0x00,
  0x80, 0x00, 0x80, 0x00, 0x80, 0x00, 0x80, 0x00, 0x80, 0x00, 0x80, 0x00, 0x80, 0x00, 0x80, 0x00, 0x80, 0x00, 0x80, 0x00, 0x80, 0x00, 0x80, 0x00, 0x80, 0x00, 0x80, 0x00, 0x80, 0x00, 0x80, 0x00,
  0x80, 0x00, 0x80, 0x00, 0x80, 0x00, 0x80, 0x00, 0x80, 0x00, 0x80, 0x00, 0x80, 0x00, 0x80, 0x00, 0x80, 0x00, 0x80, 0x00, 0x80, 0x00, 0x80, 0x00, 0x80, 0x00, 0x80, 0x00, 0x80, 0x00, 0x80, 0x00,
  0x80, 0x00, 0x80, 0x00, 0x80, 0x00, 0x80, 0x00, 0x80, 0x00, 0x80, 0x00, 0x80, 0x00, 0x80, 0x00, 0x80, 0x00, 0x80, 0x00, 0x80, 0x00, 0x80, 0x00, 0x80, 0x00, 0x80, 0x00, 0x80, 0x00, 0x80, 0x00,
  0x80, 0x00, 0x80, 0x00, 0x80, 0x00, 0x80, 0x00, 0x80, 0x00, 0x80, 0x00, 0x80, 0x00, 0x80, 0x00, 0x80, 0x00, 0x80, 0x00, 0x80, 0x00, 0x80, 0x00, 0x80, 0x00, 0x80, 0x00, 0x80, 0x00, 0x80, 0x00,
  0x80, 0x00, 0x80, 0x00, 0x80, 0x00, 0x80, 0x00, 0x80, 0x00, 0x80, 0x00, 0x80, 0x00, 0x80, 0x00, 0x80, 0x00, 0x80, 0x00, 0x80, 0x00, 0x80, 0x00, 0x80, 0x00, 0x80, 0x00, 0x80, 0x00, 0x80, 0x00,
  0x80, 0x00, 0x80, 0x00, 0x80, 0x00, 0x80, 0x00, 0x80, 0x00, 0x80, 0x00, 0x80, 0x00, 0x80, 0x00, 0x80, 0x00, 0x80, 0x00, 0x80, 0x00, 0x80, 0x00, 0x80, 0x00, 0x80, 0x00, 0x80, 0x00, 0x80, 0x00,
  0x80, 0x00, 0x80, 0x00, 0x80, 0x00, 0x80, 0x00, 0x80, 0x00, 0x80, 0x00, 0x80, 0x00, 0x80, 0x00, 0x80, 0x00, 0x80, 0x00, 0x80, 0x00, 0x80, 0x00, 0x80, 0x00, 0x80, 0x00, 0x80, 0x00, 0x0c, 0x11,
  0x39, 0x2a, 0x39, 0x2a, 0x39, 0x2a, 0x39, 0x2a, 0x39, 0x2a, 0x39, 0x22, 0x39, 0x22, 0x39, 0x2a, 0x39, 0x22, 0x38, 0x22, 0xd9, 0x42, 0x39, 0x2a, 0x39, 0x2a, 0xaa, 0x10, 0xef, 0x3b, 0xff, 0x7f,
  0xdf, 0x77, 0xdf, 0x77, 0xdf, 0x77, 0xdf, 0x77, 0xdf, 0x77, 0xdf, 0x77, 0xdf, 0x77, 0xdf, 0x77, 0xdf, 0x77, 0xdf, 0x77, 0xdf, 0x77, 0xdf, 0x77, 0xdf, 0x77, 0xdf, 0x77, 0xdf, 0x77, 0xdf, 0x77,
  0xdf, 0x77, 0xdf, 0x77, 0xdf, 0x77, 0xdf, 0x77, 0xdf, 0x77, 0xdf, 0x77, 0xdf, 0x77, 0xdf, 0x77, 0xdf, 0x77, 0xdf, 0x77, 0xdf, 0x77, 0xdf, 0x77, 0xf7, 0x5d, 0x00, 0x18, 0x71, 0x4c, 0xff, 0x7f,
  0xdf, 0x77, 0xdf, 0x77, 0xff, 0x77, 0xff, 0x77, 0xdf, 0x77, 0xdf, 0x77, 0xff, 0x77, 0xfc, 0x66, 0x00, 0x00, 0x77, 0xae, 0x9a, 0xc7, 0x5a, 0xc7, 0x5a, 0xc7, 0x5a, 0xc7, 0x7a, 0xc7, 0x9b, 0xc7,
  0xd8, 0xb6, 0xb8, 0xae, 0xb8, 0xae, 0xb8, 0xae, 0xb8, 0xae, 0xb8, 0xae, 0xb8, 0xae, 0xb8, 0xae, 0xb8, 0xae, 0xb8, 0xae, 0xb8, 0xae, 0xb8, 0xae, 0xb8, 0xae, 0xb8, 0xae, 0x1a, 0xb7, 0x9c, 0xc7,
  0x3a, 0xb7, 0x3a, 0xb7, 0x3a, 0xb7, 0x3a, 0xb7, 0x3b, 0xb7, 0x3b, 0xb7, 0x1a, 0xb7, 0x1a, 0xb7, 0x1b, 0xb7, 0x1b, 0xb7, 0x1b, 0xb7, 0x1b, 0xb7, 0x1b, 0xb7, 0x1b, 0xaf, 0x1b, 0xaf, 0x1b, 0xaf,
  0x1b, 0xaf, 0x1b, 0xaf, 0xfb, 0xae, 0x1b, 0xaf, 0xfb, 0xae, 0xfb, 0xae, 0xfb, 0xae, 0xfb, 0xae, 0xfb, 0xae, 0xfb, 0xae, 0xfb, 0xae, 0xfb, 0xa6, 0xfb, 0xa6, 0xfb, 0xa6, 0xfb, 0xa6, 0xfb, 0xa6,
  0xfb, 0xa6, 0xdb, 0xa6, 0xdb, 0xa6, 0xdb, 0xa6, 0xdb, 0xa6, 0xdb, 0xa6, 0xdb, 0xa6, 0xdb, 0xa6, 0xdb, 0x9e, 0xdb, 0x9e, 0xdb, 0x9e, 0xdc, 0x9e, 0xbb, 0x9e, 0xdc, 0x9e, 0xbc, 0x9e, 0xbc, 0x9e,
  0xbc, 0x9e, 0xbc, 0x9e, 0xbc, 0x9e, 0xbc, 0x9e, 0xbc, 0x96, 0xbc, 0x96, 0xbc, 0x96, 0xbc, 0x96, 0xbc, 0x96, 0xbc, 0x96, 0x9c, 0x96, 0x9c, 0x96, 0x9c, 0x96, 0x9c, 0x96, 0x9c, 0x96, 0x9c, 0x8e,
  0x9c, 0x8e, 0x9c, 0x8e, 0x9c, 0x8e, 0x9c, 0x8e, 0x9c, 0x8e, 0x7c, 0x8e, 0x7c, 0x8e, 0x7c, 0x8e, 0x7c, 0x8e, 0x7c, 0x8e, 0x7c, 0x8e, 0x7c, 0x8e, 0x7c, 0x86, 0x7d, 0x86, 0x7c, 0x86, 0x7d, 0x86,
  0x5d, 0x86, 0x5d, 0x86, 0x5d, 0x86, 0x5d, 0x86, 0x5d, 0x86, 0x5d, 0x7e, 0x5d, 0x7e, 0x9f, 0x86, 0xed, 0x4a, 0x4e, 0x24, 0xfc, 0x37, 0xdb, 0x37, 0xfb, 0x37, 0x18, 0x2f, 0x2b, 0x13, 0x2d, 0x11,
  0x47, 0x32, 0x47, 0x32, 0x47, 0x32, 0x47, 0x32, 0x47, 0x32, 0x47, 0x32, 0x47, 0x32, 0x47, 0x32, 0x47, 0x32, 0x47, 0x32, 0x47, 0x32, 0x47, 0x32, 0x47, 0x32, 0x47, 0x32, 0x47, 0x32, 0x47, 0x32,
  0x47, 0x32, 0x47, 0x32, 0x47, 0x32, 0x47, 0x32, 0x47, 0x32, 0x47, 0x32, 0x47, 0x32, 0x47, 0x32, 0x47, 0x32, 0x47, 0x32, 0x47, 0x32, 0x47, 0x32, 0x47, 0x32, 0x47, 0x32, 0x47, 0x32, 0x47, 0x32,
  0x47, 0x32, 0x47, 0x32, 0x47, 0x32, 0x47, 0x32, 0x47, 0x32, 0x47, 0x32, 0x47, 0x32, 0x47, 0x32, 0x47, 0x32, 0x47, 0x32, 0x47, 0x32, 0x47, 0x32, 0x47, 0x32, 0x47, 0x32, 0x47, 0x32, 0x47, 0x32,
  0x47, 0x32, 0x47, 0x32, 0x47, 0x32, 0x47, 0x32, 0x47, 0x32, 0x47, 0x32, 0x47, 0x32, 0x47, 0x32, 0x47, 0x32, 0x47, 0x32, 0x47, 0x32, 0x47, 0x32, 0x47, 0x32, 0x47, 0x32, 0x47, 0x32, 0x47, 0x32,
  0x47, 0x32, 0x47, 0x32, 0x47, 0x32, 0x47, 0x32, 0x47, 0x32, 0x47, 0x32, 0x47, 0x32, 0x47, 0x32, 0x47, 0x32, 0x47, 0x32, 0x47, 0x32, 0x47, 0x32, 0x47, 0x32, 0x47, 0x32, 0x47, 0x32, 0x47, 0x32,
  0x47, 0x32, 0x47, 0x32, 0x47, 0x32, 0x47, 0x32, 0x47, 0x32, 0x47, 0x32, 0x47, 0x32, 0x47, 0x32, 0x47, 0x32, 0x47, 0x32, 0x47, 0x32, 0x47, 0x32, 0x47, 0x32, 0x47, 0x32, 0x47, 0x32, 0x47, 0x32,
  0x47, 0x32, 0x47, 0x32, 0x47, 0x32, 0x47, 0x32, 0x47, 0x32, 0x47, 0x32, 0x47, 0x32, 0x47, 0x32, 0x47, 0x32, 0x47, 0x32, 0x47, 0x32, 0x47, 0x32, 0x47, 0x32, 0x47, 0x32, 0x47, 0x32, 0x47, 0x32,
  0x47, 0x32, 0x47, 0x32, 0x47, 0x32, 0x47, 0x32, 0x47, 0x32, 0x47, 0x32, 0x47, 0x32, 0x47, 0x32, 0x47, 0x32, 0x47, 0x32, 0x47, 0x32, 0x47, 0x32, 0x47, 0x32, 0x47, 0x32, 0x47, 0x32, 0x47, 0x32,
  0x47, 0x32, 0x47, 0x32, 0x47, 0x32, 0x47, 0x32, 0x47, 0x32, 0x47, 0x32, 0x47, 0x32, 0x47, 0x32, 0x47, 0x32, 0x47, 0x32, 0x47, 0x32, 0x47, 0x32, 0x47, 0x32, 0x47, 0x32, 0x47, 0x32, 0xcc, 0x10,
  0x39, 0x2a, 0x39, 0x2a, 0x39, 0x22, 0x39, 0x22, 0x39, 0x22, 0x39, 0x2a, 0x39, 0x2a, 0x39, 0x2a, 0x39, 0x22, 0x38, 0x22, 0xd9, 0x42, 0x38, 0x2a, 0x39, 0x2a, 0xaa, 0x10, 0xef, 0x3b, 0xff, 0x7f,
  0xdf, 0x77, 0xdf, 0x77, 0xdf, 0x77, 0xdf, 0x77, 0xdf, 0x77, 0xdf, 0x77, 0xdf, 0x77, 0xdf, 0x77, 0xdf, 0x77, 0xdf, 0x77, 0xdf, 0x77, 0xdf, 0x77, 0xdf, 0x77, 0xdf, 0x77, 0xdf, 0x77, 0xdf, 0x77,
  0xdf, 0x77, 0xdf, 0x77, 0xdf, 0x77, 0xdf, 0x77, 0xdf, 0x77, 0xdf, 0x77, 0xdf, 0x77, 0xdf, 0x77, 0xdf, 0x77, 0xdf, 0x77, 0xdf, 0x77, 0xdf, 0x77, 0xbe, 0x77, 0xc7, 0x31, 0x65, 0x29, 0x59, 0x66,
  0xff, 0x77, 0xff, 0x77, 0xf7, 0x5d, 0x51, 0x4c, 0x9e, 0x77, 0xdf, 0x77, 0xff, 0x77, 0xfc, 0x66, 0x00, 0x00, 0x77, 0xae, 0x9a, 0xc7, 0x5a, 0xc7, 0x5a, 0xc7, 0x7a, 0xc7, 0xf9, 0xb6, 0x0e, 0x6c,
  0xa9, 0x42, 0x89, 0x42, 0x89, 0x42, 0x89, 0x42, 0x89, 0x42, 0x89, 0x42, 0x89, 0x42, 0x89, 0x42, 0x89, 0x42, 0x89, 0x42, 0x89, 0x42, 0x89, 0x42, 0x89, 0x42, 0x89, 0x42, 0xeb, 0x4a, 0xd1, 0x7c,
  0x9c, 0xbf, 0x3b, 0xb7, 0x3b, 0xb7, 0x3b, 0xb7, 0x3a, 0xb7, 0x1a, 0xb7, 0x1b, 0xb7, 0x1b, 0xb7, 0x1b, 0xb7, 0x1b, 0xb7, 0x1b, 0xb7, 0x1b, 0xaf, 0x1b, 0xaf, 0x1b, 0xaf, 0x1b, 0xaf, 0x1b, 0xaf,
  0x1b, 0xaf, 0xfb, 0xae, 0x1b, 0xaf, 0xfb, 0xae, 0xfb, 0xae, 0xfb, 0xae, 0xfb, 0xae, 0xfb, 0xae, 0xfb, 0xa6, 0xfb, 0xa6, 0xfb, 0xa6, 0xfb, 0xa6, 0xfb, 0xa6, 0xfb, 0xa6, 0xfb, 0xa6, 0xdb, 0xa6,
  0xdb, 0xa6, 0xdb, 0xa6, 0xdb, 0xa6, 0xdb, 0xa6, 0xdb, 0xa6, 0xdb, 0xa6, 0xdb, 0x9e, 0xdb, 0x9e, 0xdb, 0x9e, 0xdc, 0x9e, 0xbb, 0x9e, 0xdc, 0x9e, 0xbc, 0x9e, 0xbc, 0x9e, 0xbc, 0x9e, 0xbc, 0x9e,
  0xbc, 0x9e, 0xbc, 0x96, 0xbc, 0x96, 0xbc, 0x96, 0xbc, 0x96, 0xbc, 0x96, 0xbc, 0x96, 0xbc, 0x96, 0x9c, 0x96, 0x9c, 0x96, 0x9c, 0x96, 0x9c, 0x96, 0x9c, 0x96, 0x9c, 0x8e, 0x9c, 0x8e, 0x9c, 0x8e,
  0x9c, 0x8e, 0x9c, 0x8e, 0x9c, 0x8e, 0x7c, 0x8e, 0x7c, 0x8e, 0x7c, 0x8e, 0x7c, 0x8e, 0x7c, 0x8e, 0x7c, 0x8e, 0x7c, 0x8e, 0x7c, 0x86, 0x7c, 0x86, 0x7d, 0x86, 0x7c, 0x86, 0x7d, 0x86, 0x5d, 0x86,
  0x5d, 0x86, 0x5d, 0x86, 0x5d, 0x86, 0x5d, 0x86, 0x5d, 0x7e, 0x5d, 0x7e, 0x5d, 0x7e, 0x9f, 0x86, 0xcd, 0x4a, 0x4e, 0x24, 0xfc, 0x37, 0xdb, 0x37, 0xfb, 0x37, 0x18, 0x2f, 0x2b, 0x13, 0x2d, 0x11,
  0xb3, 0x74, 0xb3, 0x74, 0xb3, 0x74, 0xb3, 0x74, 0xb3, 0x74, 0xb3, 0x74, 0xb3, 0x74, 0xb3, 0x74, 0xb3, 0x74, 0xb3, 0x74, 0xb3, 0x74, 0xb3, 0x74, 0xb3, 0x74, 0xb3, 0x74, 0xb3, 0x74, 0xb3, 0x74,
  0xb3, 0x74, 0xb3, 0x74, 0xb3, 0x74, 0xb3, 0x74, 0xb3, 0x74, 0xb3, 0x74, 0xb3, 0x74, 0xb3, 0x74, 0xb3, 0x74, 0xb3, 0x74, 0xb3, 0x74, 0xb3, 0x74, 0xb3, 0x74, 0xb3, 0x74, 0xb3, 0x74, 0xb3, 0x74,
  0xb3, 0x74, 0xb3, 0x74, 0xb3, 0x74, 0xb3, 0x74, 0xb3, 0x74, 0xb3, 0x74, 0xb3, 0x74, 0xb3, 0x74, 0xb3, 0x74, 0xb3, 0x74, 0xb3, 0x74, 0xb3, 0x74, 0xb3, 0x74, 0xb3, 0x74, 0xb3, 0x74, 0xb3, 0x74,
  0xb3, 0x74, 0xb3, 0x74, 0xb3, 0x74, 0xb3, 0x74, 0xb3, 0x74, 0xb3, 0x74, 0xb3, 0x74, 0xb3, 0x74, 0xb3, 0x74, 0xb3, 0x74, 0xb3, 0x74, 0xb3, 0x74, 0xb3, 0x74, 0xb3, 0x74, 0xb3, 0x74, 0xb3, 0x74,
  0xb3, 0x74, 0xb3, 0x74, 0xb3, 0x74, 0xb3, 0x74, 0xb3, 0x74, 0xb3, 0x74, 0xb3, 0x74, 0xb3, 0x74, 0xb3, 0x74, 0xb3, 0x74, 0xb3, 0x74, 0xb3, 0x74, 0xb3, 0x74, 0xb3, 0x74, 0xb3, 0x74, 0xb3, 0x74,
  0xb3, 0x74, 0xb3, 0x74, 0xb3, 0x74, 0xb3, 0x74, 0xb3, 0x74, 0xb3, 0x74, 0xb3, 0x74, 0xb3, 0x74, 0xb3, 0x74, 0xb3, 0x74, 0xb3, 0x74, 0xb3, 0x74, 0xb3, 0x74, 0xb3, 0x74, 0xb3, 0x74, 0xb3, 0x74,
  0xb3, 0x74, 0xb3, 0x74, 0xb3, 0x74, 0xb3, 0x74, 0xb3, 0x74, 0xb3, 0x74, 0xb3, 0x74, 0xb3, 0x74, 0xb3, 0x74, 0xb3, 0x74, 0xb3, 0x74, 0xb3, 0x74, 0xb3, 0x74, 0xb3, 0x74, 0xb3, 0x74, 0xb3, 0x74,
  0xb3, 0x74, 0xb3, 0x74, 0xb3, 0x74, 0xb3, 0x74, 0xb3, 0x74, 0xb3, 0x74, 0xb3, 0x74, 0xb3, 0x74, 0xb3, 0x74, 0xb3, 0x74, 0xb3, 0x74, 0xb3, 0x74, 0xb3, 0x74, 0xb3, 0x74, 0xb3, 0x74, 0xb3, 0x74,
  0xb3, 0x74, 0xb3, 0x74, 0xb3, 0x74, 0xb3, 0x74, 0xb3, 0x74, 0xb3, 0x74, 0xb3, 0x74, 0xb3, 0x74, 0xb3, 0x74, 0xb3, 0x74, 0xb3, 0x74, 0xb3, 0x74, 0xb3, 0x74, 0xb3, 0x74, 0xb3, 0x74, 0x8b, 0x08,
  0x39, 0x22, 0x39, 0x22, 0x39, 0x2a, 0x39, 0x2a, 0x39, 0x2a, 0x39, 0x2a, 0x38, 0x2a, 0x38, 0x2a, 0x38, 0x22, 0x38, 0x22, 0xd9, 0x42, 0x39, 0x2a, 0x39, 0x2a, 0xaa, 0x10, 0xef, 0x3b, 0xff, 0x7f,
  0xdf, 0x77, 0xdf, 0x77, 0xdf, 0x77, 0xdf, 0x77, 0xdf, 0x77, 0xdf, 0x77, 0xdf, 0x77, 0xdf, 0x77, 0xdf, 0x77, 0xdf, 0x77, 0xdf, 0x77, 0xdf, 0x77, 0xdf, 0x77, 0xdf, 0x77, 0xdf, 0x77, 0xdf, 0x77,
  0xdf, 0x77, 0xdf, 0x77, 0xdf, 0x77, 0xdf, 0x77, 0xdf, 0x77, 0xdf, 0x77, 0xdf, 0x77, 0xdf, 0x77, 0xdf, 0x77, 0xdf, 0x77, 0xdf, 0x77, 0xdf, 0x77, 0xdf, 0x77, 0x18, 0x5e, 0xe7, 0x31, 0x65, 0x29,
  0x8e, 0x43, 0xae, 0x43, 0xa6, 0x31, 0x8a, 0x3a, 0xdf, 0x77, 0xdf, 0x77, 0xff, 0x77, 0xfc, 0x66, 0x00, 0x00, 0x77, 0xae, 0x7b, 0xc7, 0x5a, 0xc7, 0x5a, 0xc7, 0x19, 0xbf, 0x0e, 0x6c, 0x00, 0x00,
  0x00, 0x00, 0x00, 0x00, 0x00, 0x00, 0x00, 0x00, 0x00, 0x00, 0x00, 0x00, 0x00, 0x00, 0x00, 0x00, 0x00, 0x00, 0x00, 0x00, 0x00, 0x00, 0x00, 0x00, 0x00, 0x00, 0x00, 0x00, 0x00, 0x00, 0xc3, 0x10,
  0xd2, 0x7c, 0x7c, 0xbf, 0x3a, 0xb7, 0x1a, 0xb7, 0x1b, 0xb7, 0x1b, 0xb7, 0x1b, 0xb7, 0x1b, 0xb7, 0x1b, 0xb7, 0x1b, 0xb7, 0x1b, 0xaf, 0x1b, 0xaf, 0x1b, 0xaf, 0x1b, 0xaf, 0x1b, 0xaf, 0xfb, 0xae,
  0x1b, 0xaf, 0xfb, 0xae, 0xfb, 0xae, 0xfb, 0xae, 0xfb, 0xae, 0xfb, 0xae, 0xfb, 0xae, 0xfb, 0xa6, 0xfb, 0xa6, 0xfb, 0xa6, 0xfb, 0xa6, 0xfb, 0xa6, 0xfb, 0xa6, 0xfb, 0xa6, 0xdb, 0xa6, 0xdb, 0xa6,
  0xdb, 0xa6, 0xdb, 0xa6, 0xdb, 0xa6, 0xdb, 0x9e, 0xdb, 0x9e, 0xdb, 0x9e, 0xdb, 0x9e, 0xdc, 0x9e, 0xbb, 0x9e, 0xdc, 0x9e, 0xdc, 0x9e, 0xbc, 0x9e, 0xbc, 0x9e, 0xbc, 0x9e, 0xbc, 0x9e, 0xbc, 0x9e,
  0xbc, 0x96, 0xbc, 0x96, 0xbc, 0x96, 0xbc, 0x96, 0xbc, 0x96, 0xbc, 0x96, 0x9c, 0x96, 0x9c, 0x96, 0x9c, 0x96, 0x9c, 0x96, 0x9c, 0x96, 0x9c, 0x96, 0x9c, 0x96, 0x9c, 0x8e, 0x9c, 0x8e, 0x9c, 0x8e,
  0x9c, 0x8e, 0x9c, 0x8e, 0x7c, 0x8e, 0x7c, 0x8e, 0x7c, 0x8e, 0x7c, 0x8e, 0x7c, 0x8e, 0x7c, 0x86, 0x7c, 0x86, 0x7c, 0x86, 0x7d, 0x86, 0x7c, 0x86, 0x7d, 0x86, 0x5d, 0x86, 0x5d, 0x86, 0x5d, 0x86,
  0x5d, 0x86, 0x5d, 0x7e, 0x5d, 0x7e, 0x5d, 0x7e, 0x5d, 0x7e, 0x5d, 0x7e, 0x5d, 0x7e, 0x9f, 0x86, 0xed, 0x4a, 0x4e, 0x2c, 0xfc, 0x37, 0xdb, 0x37, 0xfb, 0x37, 0x18, 0x2f, 0x2b, 0x13, 0x2d, 0x11,
  0x97, 0x95, 0x97, 0x95, 0x97, 0x95, 0x97, 0x95, 0x97, 0x95, 0x97, 0x95, 0x97, 0x95, 0x97, 0x95, 0x97, 0x95, 0x97, 0x95, 0x97, 0x95, 0x97, 0x95, 0x97, 0x95, 0x97, 0x95, 0x97, 0x95, 0x97, 0x95,
  0x97, 0x95, 0x97, 0x95, 0x97, 0x95, 0x97, 0x95, 0x97, 0x95, 0x97, 0x95, 0x97, 0x95, 0x97, 0x95, 0x97, 0x95, 0x97, 0x95, 0x97, 0x95, 0x97, 0x95, 0x97, 0x95, 0x97, 0x95, 0x97, 0x95, 0x97, 0x95,
  0x97, 0x95, 0x97, 0x95, 0x97, 0x95, 0x97, 0x95, 0x97, 0x95, 0x97, 0x95, 0x97, 0x95, 0x97, 0x95, 0x97, 0x95, 0x97, 0x95, 0x97, 0x95, 0x97, 0x95, 0x97, 0x95, 0x97, 0x95, 0x97, 0x95, 0x97, 0x95,
  0x97, 0x95, 0x97, 0x95, 0x97, 0x95, 0x97, 0x95, 0x97, 0x95, 0x97, 0x95, 0x97, 0x95, 0x97, 0x95, 0x97, 0x95, 0x97, 0x95, 0x97, 0x95, 0x97, 0x95, 0x97, 0x95, 0x97, 0x95, 0x97, 0x95, 0x97, 0x95,
  0x97, 0x95, 0x97, 0x95, 0x97, 0x95, 0x97, 0x95, 0x97, 0x95, 0x97, 0x95, 0x97, 0x95, 0x97, 0x95, 0x97, 0x95, 0x97, 0x95, 0x97, 0x95, 0x97, 0x95, 0x97, 0x95, 0x97, 0x95, 0x97, 0x95, 0x97, 0x95,
  0x97, 0x95, 0x97, 0x95, 0x97, 0x95, 0x97, 0x95, 0x97, 0x95, 0x97, 0x95, 0x97, 0x95, 0x97, 0x95, 0x97, 0x95, 0x97, 0x95, 0x97, 0x95, 0x97, 0x95, 0x97, 0x95, 0x97, 0x95, 0x97, 0x95, 0x97, 0x95,
  0x97, 0x95, 0x97, 0x95, 0x97, 0x95, 0x97, 0x95, 0x97, 0x95, 0x97, 0x95, 0x97, 0x95, 0x97, 0x95, 0x97, 0x95, 0x97, 0x95, 0x97, 0x95, 0x97, 0x95, 0x97, 0x95, 0x97, 0x95, 0x97, 0x95, 0x97, 0x95,
  0x97, 0x95, 0x97, 0x95, 0x97, 0x95, 0x97, 0x95, 0x97, 0x95, 0x97, 0x95, 0x97, 0x95, 0x97, 0x95, 0x97, 0x95, 0x97, 0x95, 0x97, 0x95, 0x97, 0x95, 0x97, 0x95, 0x97, 0x95, 0x97, 0x95, 0x97, 0x95,
  0x97, 0x95, 0x97, 0x95, 0x97, 0x95, 0x97, 0x95, 0x97, 0x95, 0x97, 0x95, 0x97, 0x95, 0x97, 0x95, 0x97, 0x95, 0x97, 0x95, 0x97, 0x95, 0x97, 0x95, 0x97, 0x95, 0x97, 0x95, 0x97, 0x95, 0x8a, 0x08,
  0x39, 0x2a, 0x39, 0x2a, 0x39, 0x2a, 0x39, 0x2a, 0x38, 0x2a, 0x38, 0x2a, 0x38, 0x2a, 0x38, 0x2a, 0x38, 0x22, 0x38, 0x22, 0xd9, 0x42, 0x38, 0x2a, 0x39, 0x2a, 0xaa, 0x10, 0xef, 0x3b, 0xff, 0x7f,
  0xdf, 0x77, 0xdf, 0x77, 0xdf, 0x77, 0xdf, 0x77, 0xdf, 0x77, 0xdf, 0x77, 0xdf, 0x77, 0xdf, 0x77, 0xdf, 0x77, 0xdf, 0x77, 0xdf, 0x77, 0xdf, 0x77, 0xdf, 0x77, 0xdf, 0x77, 0xdf, 0x77, 0xdf, 0x77,
  0xdf, 0x77, 0xdf, 0x77, 0xdf, 0x77, 0xdf, 0x77, 0xdf, 0x77, 0xdf, 0x77, 0xdf, 0x77, 0xdf, 0x77, 0xdf, 0x77, 0xdf, 0x77, 0xdf, 0x77, 0xdf, 0x77, 0xdf, 0x77, 0xff, 0x77, 0x38, 0x66, 0x10, 0x4c,
  0x8a, 0x3a, 0xcb, 0x3a, 0x51, 0x4c, 0x7a, 0x66, 0xff, 0x77, 0xdf, 0x77, 0xff, 0x77, 0xfc, 0x66, 0x00, 0x00, 0x77, 0xae, 0x7b, 0xc7, 0x5a, 0xbf, 0x7a, 0xc7, 0x98, 0xae, 0x62, 0x08, 0x00, 0x00,
  0x00, 0x00, 0x00, 0x00, 0x00, 0x00, 0x00, 0x00, 0x00, 0x00, 0x00, 0x00, 0x00, 0x00, 0x00, 0x00, 0x00, 0x00, 0x00, 0x00, 0x00, 0x00, 0x00, 0x00, 0x00, 0x00, 0x00, 0x00, 0x00, 0x00, 0x00, 0x00,
  0x86, 0x29, 0x5b, 0xbf, 0x3b, 0xb7, 0x1b, 0xb7, 0x1b, 0xb7, 0x1b, 0xb7, 0x1b, 0xb7, 0x1b, 0xaf, 0x1b, 0xaf, 0x1b, 0xaf, 0x1b, 0xaf, 0x1b, 0xaf, 0x1b, 0xaf, 0xfb, 0xae, 0x1b, 0xaf, 0xfb, 0xae,
  0xfb, 0xae, 0xfb, 0xae, 0xfb, 0xae, 0xfb, 0xae, 0xfb, 0xae, 0xfb, 0xae, 0xfb, 0xa6, 0xfb, 0xa6, 0xfb, 0xa6, 0xfb, 0xa6, 0xfb, 0xa6, 0xfb, 0xa6, 0xdb, 0xa6, 0xdb, 0xa6, 0xdb, 0xa6, 0xdb, 0xa6,
  0xdb, 0xa6, 0xdb, 0xa6, 0xdb, 0x9e, 0xdb, 0x9e, 0xdb, 0x9e, 0xdc, 0x9e, 0xdb, 0x9e, 0xbb, 0x9e, 0xdc, 0x9e, 0xbc, 0x9e, 0xbc, 0x9e, 0xbc, 0x9e, 0xbc, 0x9e, 0xbc, 0x9e, 0xbc, 0x96, 0xbc, 0x96,
  0xbc, 0x96, 0xbc, 0x96, 0xbc, 0x96, 0xbc, 0x96, 0x9c, 0x96, 0x9c, 0x96, 0x9c, 0x96, 0x9c, 0x96, 0x9c, 0x96, 0x9c, 0x96, 0x9c, 0x96, 0x9c, 0x8e, 0x9c, 0x8e, 0x9c, 0x8e, 0x9c, 0x8e, 0x9c, 0x8e,
  0x7c, 0x8e, 0x7c, 0x8e, 0x7c, 0x8e, 0x7c, 0x8e, 0x7c, 0x8e, 0x7c, 0x8e, 0x7c, 0x86, 0x7c, 0x86, 0x7d, 0x86, 0x7c, 0x86, 0x7d, 0x86, 0x7d, 0x86, 0x5d, 0x86, 0x5d, 0x86, 0x5d, 0x86, 0x5d, 0x86,
  0x5d, 0x7e, 0x5d, 0x7e, 0x5d, 0x7e, 0x5d, 0x7e, 0x5d, 0x7e, 0x3d, 0x7e, 0x3d, 0x7e, 0x9f, 0x86, 0xcd, 0x4a, 0x4e, 0x2c, 0xfc, 0x37, 0xdb, 0x37, 0xfb, 0x37, 0x18, 0x2f, 0x2b, 0x13, 0x2d, 0x11,
  0xeb, 0x4a, 0xeb, 0x4a, 0xeb, 0x4a, 0xeb, 0x4a, 0xeb, 0x4a, 0xeb, 0x4a, 0xeb, 0x4a, 0xeb, 0x4a, 0xeb, 0x4a, 0xeb, 0x4a, 0xeb, 0x4a, 0xeb, 0x4a, 0xeb, 0x4a, 0xeb, 0x4a, 0xeb, 0x4a, 0xeb, 0x4a,
  0xeb, 0x4a, 0xeb, 0x4a, 0xeb, 0x4a, 0xeb, 0x4a, 0xeb, 0x4a, 0xeb, 0x4a, 0xeb, 0x4a, 0xeb, 0x4a, 0xeb, 0x4a, 0xeb, 0x4a, 0xeb, 0x4a, 0xeb, 0x4a, 0xeb, 0x4a, 0xeb, 0x4a, 0xeb, 0x4a, 0xeb, 0x4a,
  0xeb, 0x4a, 0xeb, 0x4a, 0xeb, 0x4a, 0xeb, 0x4a, 0xeb, 0x4a, 0xeb, 0x4a, 0xeb, 0x4a, 0xeb, 0x4a, 0xeb, 0x4a, 0xeb, 0x4a, 0xeb, 0x4a, 0xeb, 0x4a, 0xeb, 0x4a, 0xeb, 0x4a, 0xeb, 0x4a, 0xeb, 0x4a,
  0xeb, 0x4a, 0xeb, 0x4a, 0xeb, 0x4a, 0xeb, 0x4a, 0xeb, 0x4a, 0xeb, 0x4a, 0xeb, 0x4a, 0xeb, 0x4a, 0xeb, 0x4a, 0xeb, 0x4a, 0xeb, 0x4a, 0xeb, 0x4a, 0xeb, 0x4a, 0xeb, 0x4a, 0xeb, 0x4a, 0xeb, 0x4a,
  0xeb, 0x4a, 0xeb, 0x4a, 0xeb, 0x4a, 0xeb, 0x4a, 0xeb, 0x4a, 0xeb, 0x4a, 0xeb, 0x4a, 0xeb, 0x4a, 0xeb, 0x4a, 0xeb, 0x4a, 0xeb, 0x4a, 0xeb, 0x4a, 0xeb, 0x4a, 0xeb, 0x4a, 0xeb, 0x4a, 0xeb, 0x4a,
  0xeb, 0x4a, 0xeb, 0x4a, 0xeb, 0x4a, 0xeb, 0x4a, 0xeb, 0x4a, 0xeb, 0x4a, 0xeb, 0x4a, 0xeb, 0x4a, 0xeb, 0x4a, 0xeb, 0x4a, 0xeb, 0x4a, 0xeb, 0x4a, 0xeb, 0x4a, 0xeb, 0x4a, 0xeb, 0x4a, 0xeb, 0x4a,
  0xeb, 0x4a, 0xeb, 0x4a, 0xeb, 0x4a, 0xeb, 0x4a, 0xeb, 0x4a, 0xeb, 0x4a, 0xeb, 0x4a, 0xeb, 0x4a, 0xeb, 0x4a, 0xeb, 0x4a, 0xeb, 0x4a, 0xeb, 0x4a, 0xeb, 0x4a, 0xeb, 0x4a, 0xeb, 0x4a, 0xeb, 0x4a,
  0xeb, 0x4a, 0xeb, 0x4a, 0xeb, 0x4a, 0xeb, 0x4a, 0xeb, 0x4a, 0xeb, 0x4a, 0xeb, 0x4a, 0xeb, 0x4a, 0xeb, 0x4a, 0xeb, 0x4a, 0xeb, 0x4a, 0xeb, 0x4a, 0xeb, 0x4a, 0xeb, 0x4a, 0xeb, 0x4a, 0xeb, 0x4a,
  0xeb, 0x4a, 0xeb, 0x4a, 0xeb, 0x4a, 0xeb, 0x4a, 0xeb, 0x4a, 0xeb, 0x4a, 0xeb, 0x4a, 0xeb, 0x4a, 0xeb, 0x4a, 0xeb, 0x4a, 0xeb, 0x4a, 0xeb, 0x4a, 0xeb, 0x4a, 0xeb, 0x4a, 0xeb, 0x4a, 0xab, 0x08,
  0x39, 0x2a, 0x38, 0x2a, 0x38, 0x2a, 0x38, 0x2a, 0x38, 0x2a, 0x38, 0x2a, 0x38, 0x2a, 0x38, 0x2a, 0x38, 0x22, 0x38, 0x22, 0xd9, 0x42, 0x38, 0x2a, 0x39, 0x2a, 0xca, 0x10, 0xef, 0x3b, 0xff, 0x7f,
  0xdf, 0x77, 0xdf, 0x77, 0xdf, 0x77, 0xdf, 0x77, 0xdf, 0x77, 0xdf, 0x77, 0xdf, 0x77, 0xdf, 0x77, 0xdf, 0x77, 0xdf, 0x77, 0xdf, 0x77, 0xdf, 0x77, 0xdf, 0x77, 0xdf, 0x77, 0xdf, 0x77, 0xdf, 0x77,
  0xdf, 0x77, 0xdf, 0x77, 0xdf, 0x77, 0xdf, 0x77, 0xdf, 0x77, 0xdf, 0x77, 0xdf, 0x77, 0xdf, 0x77, 0xdf, 0x77, 0xdf, 0x77, 0xdf, 0x77, 0xdf, 0x77, 0xdf, 0x77, 0xdf, 0x77, 0xff, 0x77, 0xff, 0x77,
  0xdb, 0x6e, 0x1c, 0x6f, 0xff, 0x77, 0xff, 0x77, 0xdf, 0x77, 0xdf, 0x77, 0xff, 0x77, 0xfc, 0x66, 0x00, 0x00, 0x77, 0xae, 0x7b, 0xc7, 0x5a, 0xbf, 0x7b, 0xc7, 0x77, 0xa6, 0x00, 0x00, 0x00, 0x00,
  0x00, 0x00, 0x00, 0x00, 0x00, 0x00, 0x00, 0x00, 0x00, 0x00, 0x00, 0x00, 0x00, 0x00, 0x00, 0x00, 0x00, 0x00, 0x00, 0x00, 0x00, 0x00, 0x00, 0x00, 0x00, 0x00, 0x00, 0x00, 0x00, 0x00, 0x00, 0x00,
  0x44, 0x21, 0x78, 0xa6, 0x3b, 0xb7, 0x1b, 0xb7, 0x1b, 0xb7, 0x1b, 0xb7, 0x1b, 0xaf, 0x1b, 0xaf, 0x1b, 0xaf, 0x1b, 0xaf, 0x1b, 0xaf, 0xfb, 0xae, 0x1b, 0xaf, 0xfb, 0xae, 0xfb, 0xae, 0xfb, 0xae,
  0xfb, 0xae, 0xfb, 0xae, 0xfb, 0xae, 0xfb, 0xae, 0xfb, 0xa6, 0xfb, 0xa6, 0xfb, 0xa6, 0xfb, 0xa6, 0xfb, 0xa6, 0xfb, 0xa6, 0xdb, 0xa6, 0xdb, 0xa6, 0xdb, 0xa6, 0xdb, 0xa6, 0xdb, 0xa6, 0xdb, 0xa6,
  0xdb, 0xa6, 0xdb, 0x9e, 0xdb, 0x9e, 0xdb, 0x9e, 0xdc, 0x9e, 0xbb, 0x9e, 0xdc, 0x9e, 0xbc, 0x9e, 0xbc, 0x9e, 0xbc, 0x9e, 0xbc, 0x9e, 0xbc, 0x9e, 0xbc, 0x96, 0xbc, 0x96, 0xbc, 0x96, 0xbc, 0x96,
  0xbc, 0x96, 0xbc, 0x96, 0xbc, 0x96, 0x9c, 0x96, 0x9c, 0x96, 0x9c, 0x96, 0x9c, 0x96, 0x9c, 0x96, 0x9c, 0x8e, 0x9c, 0x8e, 0x9c, 0x8e, 0x9c, 0x8e, 0x9c, 0x8e, 0x9c, 0x8e, 0x7c, 0x8e, 0x7c, 0x8e,
  0x7c, 0x8e, 0x7c, 0x8e, 0x7c, 0x8e, 0x7c, 0x8e, 0x7c, 0x8e, 0x7c, 0x86, 0x7d, 0x86, 0x7c, 0x86, 0x7c, 0x86, 0x7d, 0x86, 0x5d, 0x86, 0x5d, 0x86, 0x5d, 0x86, 0x5d, 0x86, 0x5d, 0x86, 0x5d, 0x7e,
  0x5d, 0x7e, 0x5d, 0x7e, 0x5d, 0x7e, 0x3d, 0x7e, 0x3d, 0x7e, 0x3d, 0x7e, 0x3d, 0x7e, 0x9f, 0x7e, 0xcd, 0x4a, 0x4e, 0x2c, 0xfc, 0x37, 0xdb, 0x37, 0xfb, 0x37, 0x18, 0x2f, 0x2b, 0x13, 0x2d, 0x11,
  0x44, 0x09, 0x44, 0x09, 0x44, 0x09, 0x44, 0x09, 0x44, 0x09, 0x44, 0x09, 0x44, 0x09, 0x44, 0x09, 0x44, 0x09, 0x44, 0x09, 0x44, 0x09, 0x44, 0x09, 0x44, 0x09, 0x44, 0x09, 0x44, 0x09, 0x44, 0x09,
  0x44, 0x09, 0x44, 0x09, 0x44, 0x09, 0x44, 0x09, 0x44, 0x09, 0x44, 0x09, 0x44, 0x09, 0x44, 0x09, 0x44, 0x09, 0x44, 0x09, 0x44, 0x09, 0x44, 0x09, 0x44, 0x09, 0x44, 0x09, 0x44, 0x09, 0x44, 0x09,
  0x44, 0x09, 0x44, 0x09, 0x44, 0x09, 0x44, 0x09, 0x44, 0x09, 0x44, 0x09, 0x44, 0x09, 0x44, 0x09, 0x44, 0x09, 0x44, 0x09, 0x44, 0x09, 0x44, 0x09, 0x44, 0x09, 0x44, 0x09, 0x44, 0x09, 0x44, 0x09,
  0x44, 0x09, 0x44, 0x09, 0x44, 0x09, 0x44, 0x09, 0x44, 0x09, 0x44, 0x09, 0x44, 0x09, 0x44, 0x09, 0x44, 0x09, 0x44, 0x09, 0x44, 0x09, 0x44, 0x09, 0x44, 0x09, 0x44, 0x09, 0x44, 0x09, 0x44, 0x09,
  0x44, 0x09, 0x44, 0x09, 0x44, 0x09, 0x44, 0x09, 0x44, 0x09, 0x44, 0x09, 0x44, 0x09, 0x44, 0x09, 0x44, 0x09, 0x44, 0x09, 0x44, 0x09, 0x44, 0x09, 0x44, 0x09, 0x44, 0x09, 0x44, 0x09, 0x44, 0x09,
  0x44, 0x09, 0x44, 0x09, 0x44, 0x09, 0x44, 0x09, 0x44, 0x09, 0x44, 0x09, 0x44, 0x09, 0x44, 0x09, 0x44, 0x09, 0x44, 0x09, 0x44, 0x09, 0x44, 0x09, 0x44, 0x09, 0x44, 0x09, 0x44, 0x09, 0x44, 0x09,
  0x44, 0x09, 0x44, 0x09, 0x44, 0x09, 0x44, 0x09, 0x44, 0x09, 0x44, 0x09, 0x44, 0x09, 0x44, 0x09, 0x44, 0x09, 0x44, 0x09, 0x44, 0x09, 0x44, 0x09, 0x44, 0x09, 0x44, 0x09, 0x44, 0x09, 0x44, 0x09,
  0x44, 0x09, 0x44, 0x09, 0x44, 0x09, 0x44, 0x09, 0x44, 0x09, 0x44, 0x09, 0x44, 0x09, 0x44, 0x09, 0x44, 0x09, 0x44, 0x09, 0x44, 0x09, 0x44, 0x09, 0x44, 0x09, 0x44, 0x09, 0x44, 0x09, 0x44, 0x09,
  0x44, 0x09, 0x44, 0x09, 0x44, 0x09, 0x44, 0x09, 0x44, 0x09, 0x44, 0x09, 0x44, 0x09, 0x44, 0x09, 0x44, 0x09, 0x44, 0x09, 0x44, 0x09, 0x44, 0x09, 0x44, 0x09, 0x44, 0x09, 0x44, 0x09, 0xcc, 0x10,
  0x38, 0x2a, 0x38, 0x2a, 0x38, 0x2a, 0x38, 0x2a, 0x38, 0x2a, 0x38, 0x2a, 0x38, 0x2a, 0x38, 0x2a, 0x38, 0x22, 0x18, 0x22, 0xd9, 0x42, 0x38, 0x2a, 0x39, 0x2a, 0xca, 0x10, 0xef, 0x3b, 0xff, 0x7f,
  0xdf, 0x77, 0xdf, 0x77, 0xdf, 0x77, 0xdf, 0x77, 0xdf, 0x77, 0xdf, 0x77, 0xdf, 0x77, 0xdf, 0x77, 0xdf, 0x77, 0xdf, 0x77, 0xdf, 0x77, 0xdf, 0x77, 0xdf, 0x77, 0xdf, 0x77, 0xdf, 0x77, 0xdf, 0x77,
  0xdf, 0x77, 0xdf, 0x77, 0xdf, 0x77, 0xdf, 0x77, 0xdf, 0x77, 0xdf, 0x77, 0xdf, 0x77, 0xdf, 0x77, 0xdf, 0x77, 0xdf, 0x77, 0xdf, 0x77, 0xdf, 0x77, 0xdf, 0x77, 0xdf, 0x77, 0xdf, 0x77, 0xdf, 0x77,
  0xff, 0x77, 0xdf, 0x77, 0xdf, 0x77, 0xdf, 0x77, 0xdf, 0x77, 0xdf, 0x77, 0xff, 0x77, 0xfc, 0x66, 0x00, 0x00, 0x77, 0xae, 0x7b, 0xc7, 0x5a, 0xbf, 0x7b, 0xc7, 0x77, 0xa6, 0x00, 0x00, 0x00, 0x00,
  0x00, 0x00, 0x00, 0x00, 0x00, 0x00, 0x00, 0x00, 0x00, 0x00, 0x61, 0x08, 0xaf, 0x7b, 0x31, 0x8c, 0x65, 0x29, 0x00, 0x00, 0x00, 0x00, 0x00, 0x00, 0x00, 0x00, 0x00, 0x00, 0x00, 0x00, 0x00, 0x00,
  0x65, 0x21, 0x17, 0x9e, 0x3b, 0xb7, 0x1b, 0xb7, 0x1b, 0xaf, 0x1b, 0xaf, 0x1b, 0xaf, 0x1b, 0xaf, 0x1b, 0xaf, 0x1b, 0xaf, 0xfb, 0xae, 0x1b, 0xaf, 0xfb, 0xae, 0xfb, 0xae, 0xfb, 0xae, 0xfb, 0xae,
  0xfb, 0xae, 0xfb, 0xa6, 0xfb, 0xa6, 0xfb, 0xa6, 0xfb, 0xa6, 0xfb, 0xa6, 0xfb, 0xa6, 0xfb, 0xa6, 0xfb, 0xa6, 0xdb, 0xa6, 0xdb, 0xa6, 0xdb, 0xa6, 0xdb, 0xa6, 0xdb, 0xa6, 0xdb, 0x9e, 0xdb, 0x9e,
  0xdb, 0x9e, 0xdb, 0x9e, 0xdc, 0x9e, 0xbb, 0x9e, 0xdc, 0x9e, 0xbc, 0x9e, 0xbc, 0x9e, 0xbc, 0x9e, 0xbc, 0x9e, 0xbc, 0x9e, 0xbc, 0x9e, 0xbc, 0x96, 0xbc, 0x96, 0xbc, 0x96, 0xbc, 0x96, 0xbc, 0x96,
  0xbc, 0x96, 0x9c, 0x96, 0x9c, 0x96, 0x9c, 0x96, 0x9c, 0x96, 0x9c, 0x96, 0x9c, 0x96, 0x9c, 0x8e, 0x9c, 0x8e, 0x9c, 0x8e, 0x9c, 0x8e, 0x9c, 0x8e, 0x9c, 0x8e, 0x7c, 0x8e, 0x7c, 0x8e, 0x7c, 0x8e,
  0x7c, 0x8e, 0x7c, 0x8e, 0x7c, 0x8e, 0x7c, 0x86, 0x7c, 0x86, 0x7d, 0x86, 0x7c, 0x86, 0x7d, 0x86, 0x5d, 0x86, 0x5d, 0x86, 0x5d, 0x86, 0x5d, 0x86, 0x5d, 0x86, 0x5d, 0x7e, 0x5d, 0x7e, 0x5d, 0x7e,
  0x3d, 0x7e, 0x3d, 0x7e, 0x3d, 0x7e, 0x3d, 0x7e, 0x3d, 0x7e, 0x3d, 0x7e, 0x3d, 0x7e, 0x9f, 0x7e, 0xcd, 0x4a, 0x4e, 0x2c, 0xfc, 0x37, 0xdb, 0x37, 0xfb, 0x37, 0x18, 0x2f, 0x2b, 0x13, 0x2d, 0x11,
  0x47, 0x2a, 0x47, 0x2a, 0x47, 0x2a, 0x47, 0x2a, 0x47, 0x2a, 0x47, 0x2a, 0x47, 0x2a, 0x47, 0x2a, 0x47, 0x2a, 0x47, 0x2a, 0x47, 0x2a, 0x47, 0x2a, 0x47, 0x2a, 0x47, 0x2a, 0x47, 0x2a, 0x47, 0x2a,
  0x47, 0x2a, 0x47, 0x2a, 0x47, 0x2a, 0x47, 0x2a, 0x47, 0x2a, 0x47, 0x2a, 0x47, 0x2a, 0x47, 0x2a, 0x47, 0x2a, 0x47, 0x2a, 0x47, 0x2a, 0x47, 0x2a, 0x47, 0x2a, 0x47, 0x2a, 0x47, 0x2a, 0x47, 0x2a,
  0x47, 0x2a, 0x47, 0x2a, 0x47, 0x2a, 0x47, 0x2a, 0x47, 0x2a, 0x47, 0x2a, 0x47, 0x2a, 0x47, 0x2a, 0x47, 0x2a, 0x47, 0x2a, 0x47, 0x2a, 0x47, 0x2a, 0x47, 0x2a, 0x47, 0x2a, 0x47, 0x2a, 0x47, 0x2a,
  0x47, 0x2a, 0x47, 0x2a, 0x47, 0x2a, 0x47, 0x2a, 0x47, 0x2a, 0x47, 0x2a, 0x47, 0x2a, 0x47, 0x2a, 0x47, 0x2a, 0x47, 0x2a, 0x47, 0x2a, 0x47, 0x2a, 0x47, 0x2a, 0x47, 0x2a, 0x47, 0x2a, 0x47, 0x2a,
  0x47, 0x2a, 0x47, 0x2a, 0x47, 0x2a, 0x47, 0x2a, 0x47, 0x2a, 0x47, 0x2a, 0x47, 0x2a, 0x47, 0x2a, 0x47, 0x2a, 0x47, 0x2a, 0x47, 0x2a, 0x47, 0x2a, 0x47, 0x2a, 0x47, 0x2a, 0x47, 0x2a, 0x47, 0x2a,
  0x47, 0x2a, 0x47, 0x2a, 0x47, 0x2a, 0x47, 0x2a, 0x47, 0x2a, 0x47, 0x2a, 0x47, 0x2a, 0x47, 0x2a, 0x47, 0x2a, 0x47, 0x2a, 0x47, 0x2a, 0x47, 0x2a, 0x47, 0x2a, 0x47, 0x2a, 0x47, 0x2a, 0x47, 0x2a,
  0x47, 0x2a, 0x47, 0x2a, 0x47, 0x2a, 0x47, 0x2a, 0x47, 0x2a, 0x47, 0x2a, 0x47, 0x2a, 0x47, 0x2a, 0x47, 0x2a, 0x47, 0x2a, 0x47, 0x2a, 0x47, 0x2a, 0x47, 0x2a, 0x47, 0x2a, 0x47, 0x2a, 0x47, 0x2a,
  0x47, 0x2a, 0x47, 0x2a, 0x47, 0x2a, 0x47, 0x2a, 0x47, 0x2a, 0x47, 0x2a, 0x47, 0x2a, 0x47, 0x2a, 0x47, 0x2a, 0x47, 0x2a, 0x47, 0x2a, 0x47, 0x2a, 0x47, 0x2a, 0x47, 0x2a, 0x47, 0x2a, 0x47, 0x2a,
  0x47, 0x2a, 0x47, 0x2a, 0x47, 0x2a, 0x47, 0x2a, 0x47, 0x2a, 0x47, 0x2a, 0x47, 0x2a, 0x47, 0x2a, 0x47, 0x2a, 0x47, 0x2a, 0x47, 0x2a, 0x47, 0x2a, 0x47, 0x2a, 0x47, 0x2a, 0x47, 0x2a, 0xcc, 0x10,
  0x38, 0x2a, 0x38, 0x2a, 0x38, 0x2a, 0x38, 0x2a, 0x38, 0x2a, 0x38, 0x2a, 0x38, 0x2a, 0x18, 0x2a, 0x18, 0x22, 0x18, 0x22, 0xd9, 0x42, 0x38, 0x2a, 0x39, 0x2a, 0xca, 0x10, 0xef, 0x3b, 0xff, 0x7f,
  0xdf, 0x77, 0xdf, 0x77, 0xdf, 0x77, 0xdf, 0x77, 0xdf, 0x77, 0xdf, 0x77, 0xdf, 0x77, 0xdf, 0x77, 0xdf, 0x77, 0xdf, 0x77, 0xdf, 0x77, 0xdf, 0x77, 0xdf, 0x77, 0xdf, 0x77, 0xdf, 0x77, 0xdf, 0x77,
  0xdf, 0x77, 0xdf, 0x77, 0xdf, 0x77, 0xdf, 0x77, 0xdf, 0x77, 0xdf, 0x77, 0xdf, 0x77, 0xdf, 0x77, 0xdf, 0x77, 0xdf, 0x77, 0xdf, 0x77, 0xdf, 0x77, 0xdf, 0x77, 0xdf, 0x77, 0xdf, 0x77, 0xdf, 0x77,
  0xdf, 0x77, 0xdf, 0x77, 0xdf, 0x77, 0xdf, 0x77, 0xdf, 0x77, 0xdf, 0x77, 0xff, 0x77, 0xfc, 0x66, 0x00, 0x00, 0x77, 0xae, 0x7b, 0xc7, 0x5a, 0xbf, 0x7b, 0xc7, 0x77, 0xa6, 0x00, 0x00, 0x00, 0x00,
  0x00, 0x00, 0x00, 0x00, 0x00, 0x00, 0x00, 0x00, 0x00, 0x00, 0x86, 0x31, 0xff, 0xff, 0xff, 0xff, 0x31, 0x8c, 0x00, 0x00, 0x00, 0x00, 0x00, 0x00, 0x00, 0x00, 0x00, 0x00, 0x00, 0x00, 0x00, 0x00,
  0x65, 0x21, 0x17, 0x9e, 0x3b, 0xb7, 0x1b, 0xaf, 0x1b, 0xaf, 0x1b, 0xaf, 0x1b, 0xaf, 0x1b, 0xaf, 0xfb, 0xae, 0x1b, 0xaf, 0xfb, 0xae, 0xfb, 0xae, 0xfb, 0xae, 0xfb, 0xae, 0xfb, 0xae, 0xfb, 0xae,
  0xfb, 0xa6, 0xfb, 0xa6, 0xfb, 0xa6, 0xfb, 0xa6, 0xfb, 0xa6, 0xfb, 0xa6, 0xfb, 0xa6, 0xdb, 0xa6, 0xdb, 0xa6, 0xdb, 0xa6, 0xdb, 0xa6, 0xdb, 0xa6, 0xdb, 0x9e, 0xdb, 0x9e, 0xdb, 0x9e, 0xdb, 0x9e,
  0xdc, 0x9e, 0xdb, 0x9e, 0xbc, 0x9e, 0xdc, 0x9e, 0xbc, 0x9e, 0xbc, 0x9e, 0xbc, 0x9e, 0xbc, 0x9e, 0xbc, 0x9e, 0xbc, 0x96, 0xbc, 0x96, 0xbc, 0x96, 0xbc, 0x96, 0xbc, 0x96, 0xbc, 0x96, 0x9c, 0x96,
  0x9c, 0x96, 0x9c, 0x96, 0x9c, 0x96, 0x9c, 0x96, 0x9c, 0x96, 0x9c, 0x96, 0x9c, 0x8e, 0x9c, 0x8e, 0x9c, 0x8e, 0x9c, 0x8e, 0x9c, 0x8e, 0x7c, 0x8e, 0x7c, 0x8e, 0x7c, 0x8e, 0x7c, 0x8e, 0x7c, 0x8e,
  0x7c, 0x86, 0x7c, 0x86, 0x7c, 0x86, 0x7d, 0x86, 0x7c, 0x86, 0x7d, 0x86, 0x5d, 0x86, 0x5d, 0x86, 0x5d, 0x86, 0x5d, 0x86, 0x5d, 0x86, 0x5d, 0x7e, 0x5d, 0x7e, 0x5d, 0x7e, 0x5d, 0x7e, 0x5d, 0x7e,
  0x3d, 0x7e, 0x3d, 0x7e, 0x3d, 0x7e, 0x3d, 0x7e, 0x3d, 0x7e, 0x3d, 0x7e, 0x3d, 0x76, 0x7f, 0x7e, 0xcd, 0x4a, 0x4e, 0x2c, 0xfc, 0x37, 0xdb, 0x37, 0xfb, 0x37, 0x18, 0x2f, 0x2b, 0x13, 0x2c, 0x11,
  0x0f, 0x6c, 0x0f, 0x6c, 0x0f, 0x6c, 0x0f, 0x6c, 0x0f, 0x6c, 0x0f, 0x6c, 0x0f, 0x6c, 0x0f, 0x6c, 0x0f, 0x6c, 0x0f, 0x6c, 0x0f, 0x6c, 0x0f, 0x6c, 0x0f, 0x6c, 0x0f, 0x6c, 0x0f, 0x6c, 0x0f, 0x6c,
  0x0f, 0x6c, 0x0f, 0x6c, 0x0f, 0x6c, 0x0f, 0x6c, 0x0f, 0x6c, 0x0f, 0x6c, 0x0f, 0x6c, 0x0f, 0x6c, 0x0f, 0x6c, 0x0f, 0x6c, 0x0f, 0x6c, 0x0f, 0x6c, 0x0f, 0x6c, 0x0f, 0x6c, 0x0f, 0x6c, 0x0f, 0x6c,
  0x0f, 0x6c, 0x0f, 0x6c, 0x0f, 0x6c, 0x0f, 0x6c, 0x0f, 0x6c, 0x0f, 0x6c, 0x0f, 0x6c, 0x0f, 0x6c, 0x0f, 0x6c, 0x0f, 0x6c, 0x0f, 0x6c, 0x0f, 0x6c, 0x0f, 0x6c, 0x0f, 0x6c, 0x0f, 0x6c, 0x0f, 0x6c,
  0x0f, 0x6c, 0x0f, 0x6c, 0x0f, 0x6c, 0x0f, 0x6c, 0x0f, 0x6c, 0x0f, 0x6c, 0x0f, 0x6c, 0x0f, 0x6c, 0x0f, 0x6c, 0x0f, 0x6c, 0x0f, 0x6c, 0x0f, 0x6c, 0x0f, 0x6c, 0x0f, 0x6c, 0x0f, 0x6c, 0x0f, 0x6c,
  0x0f, 0x6c, 0x0f, 0x6c, 0x0f, 0x6c, 0x0f, 0x6c, 0x0f, 0x6c, 0x0f, 0x6c, 0x0f, 0x6c, 0x0f, 0x6c, 0x0f, 0x6c, 0x0f, 0x6c, 0x0f, 0x6c, 0x0f, 0x6c, 0x0f, 0x6c, 0x0f, 0x6c, 0x0f, 0x6c, 0x0f, 0x6c,
  0x0f, 0x6c, 0x0f, 0x6c, 0x0f, 0x6c, 0x0f, 0x6c, 0x0f, 0x6c, 0x0f, 0x6c, 0x0f, 0x6c, 0x0f, 0x6c, 0x0f, 0x6c, 0x0f, 0x6c, 0x0f, 0x6c, 0x0f, 0x6c, 0x0f, 0x6c, 0x0f, 0x6c, 0x0f, 0x6c, 0x0f, 0x6c,
  0x0f, 0x6c, 0x0f, 0x6c, 0x0f, 0x6c, 0x0f, 0x6c, 0x0f, 0x6c, 0x0f, 0x6c, 0x0f, 0x6c, 0x0f, 0x6c, 0x0f, 0x6c, 0x0f, 0x6c, 0x0f, 0x6c, 0x0f, 0x6c, 0x0f, 0x6c, 0x0f, 0x6c, 0x0f, 0x6c, 0x0f, 0x6c,
  0x0f, 0x6c, 0x0f, 0x6c, 0x0f, 0x6c, 0x0f, 0x6c, 0x0f, 0x6c, 0x0f, 0x6c, 0x0f, 0x6c, 0x0f, 0x6c, 0x0f, 0x6c, 0x0f, 0x6c, 0x0f, 0x6c, 0x0f, 0x6c, 0x0f, 0x6c, 0x0f, 0x6c, 0x0f, 0x6c, 0x0f, 0x6c,
  0x0f, 0x6c, 0x0f, 0x6c, 0x0f, 0x6c, 0x0f, 0x6c, 0x0f, 0x6c, 0x0f, 0x6c, 0x0f, 0x6c, 0x0f, 0x6c, 0x0f, 0x6c, 0x0f, 0x6c, 0x0f, 0x6c, 0x0f, 0x6c, 0x0f, 0x6c, 0x0f, 0x6c, 0x0f, 0x6c, 0x8b, 0x08,
  0x38, 0x2a, 0x38, 0x2a, 0x38, 0x2a, 0x38, 0x2a, 0x38, 0x2a, 0x18, 0x2a, 0x18, 0x2a, 0x38, 0x2a, 0x18, 0x22, 0x18, 0x22, 0xd9, 0x42, 0x38, 0x2a, 0x39, 0x22, 0xca, 0x10, 0xef, 0x3b, 0xff, 0x7f,
  0xdf, 0x77, 0xdf, 0x77, 0xdf, 0x77, 0xdf, 0x77, 0xdf, 0x77, 0xdf, 0x77, 0xdf, 0x77, 0xdf, 0x77, 0xdf, 0x77, 0xdf, 0x77, 0xdf, 0x77, 0xdf, 0x77, 0xdf, 0x77, 0xdf, 0x77, 0xdf, 0x77, 0xdf, 0x77,
  0xdf, 0x77, 0xdf, 0x77, 0xdf, 0x77, 0xdf, 0x77, 0xdf, 0x77, 0xdf, 0x77, 0xdf, 0x77, 0xdf, 0x77, 0xdf, 0x77, 0xdf, 0x77, 0xdf, 0x77, 0xdf, 0x77, 0xdf, 0x77, 0xdf, 0x77, 0xdf, 0x77, 0xdf, 0x77,
  0xdf, 0x77, 0xdf, 0x77, 0xdf, 0x77, 0xdf, 0x77, 0xdf, 0x77, 0xdf, 0x77, 0xff, 0x77, 0xfc, 0x66, 0x00, 0x00, 0x57, 0xae, 0x7b, 0xc7, 0x5a, 0xbf, 0x7b, 0xbf, 0x77, 0xa6, 0x00, 0x00, 0x00, 0x00,
  0x00, 0x00, 0x00, 0x00, 0x00, 0x00, 0x00, 0x00, 0x41, 0x08, 0xae, 0x73, 0xff, 0xff, 0x55, 0xad, 0xbb, 0xde, 0x00, 0x00, 0x00, 0x00, 0x00, 0x00, 0x00, 0x00, 0x00, 0x00, 0x00, 0x00, 0x00, 0x00,
  0x65, 0x21, 0x17, 0x96, 0x3b, 0xb7, 0x1b, 0xaf, 0x1b, 0xaf, 0x1b, 0xaf, 0xfb, 0xae, 0x1b, 0xaf, 0xfb, 0xae, 0xfb, 0xae, 0xfb, 0xae, 0xfb, 0xae, 0xfb, 0xae, 0xfb, 0xae, 0xfb, 0xae, 0xfb, 0xa6,
  0xfb, 0xa6, 0xfb, 0xa6, 0xfb, 0xa6, 0xfb, 0xa6, 0xfb, 0xa6, 0xdb, 0xa6, 0xdb, 0xa6, 0xdb, 0xa6, 0xdb, 0xa6, 0xdb, 0xa6, 0xdb, 0xa6, 0xdb, 0xa6, 0xdb, 0x9e, 0xdb, 0x9e, 0xdb, 0x9e, 0xdc, 0x9e,
  0xbb, 0x9e, 0xdc, 0x9e, 0xbc, 0x9e, 0xbc, 0x9e, 0xbc, 0x9e, 0xbc, 0x9e, 0xbc, 0x9e, 0xbc, 0x96, 0xbc, 0x96, 0xbc, 0x96, 0xbc, 0x96, 0xbc, 0x96, 0xbc, 0x96, 0x9c, 0x96, 0x9c, 0x96, 0x9c, 0x96,
  0x9c, 0x96, 0x9c, 0x96, 0x9c, 0x96, 0x9c, 0x96, 0x9c, 0x8e, 0x9c, 0x8e, 0x9c, 0x8e, 0x9c, 0x8e, 0x9c, 0x8e, 0x7c, 0x8e, 0x7c, 0x8e, 0x7c, 0x8e, 0x7c, 0x8e, 0x7c, 0x8e, 0x7c, 0x8e, 0x7c, 0x86,
  0x7c, 0x86, 0x7d, 0x86, 0x7c, 0x86, 0x7d, 0x86, 0x7d, 0x86, 0x5d, 0x86, 0x5d, 0x86, 0x5d, 0x86, 0x5d, 0x86, 0x5d, 0x86, 0x5d, 0x7e, 0x5d, 0x7e, 0x5d, 0x7e, 0x5d, 0x7e, 0x5d, 0x7e, 0x3d, 0x7e,
  0x3d, 0x7e, 0x3d, 0x7e, 0x3d, 0x7e, 0x3d, 0x7e, 0x3d, 0x76, 0x3d, 0x76, 0x3d, 0x76, 0x7f, 0x7e, 0xcd, 0x4a, 0x4e, 0x2c, 0xfc, 0x37, 0xdb, 0x37, 0xfb, 0x37, 0x18, 0x2f, 0x2b, 0x13, 0x2c, 0x11,
  0xf5, 0x94, 0xf5, 0x94, 0xf5, 0x94, 0xf5, 0x94, 0xf5, 0x94, 0xf5, 0x94, 0xf5, 0x94, 0xf5, 0x94, 0xf5, 0x94, 0xf5, 0x94, 0xf5, 0x94, 0xf5, 0x94, 0xf5, 0x94, 0xf5, 0x94, 0xf5, 0x94, 0xf5, 0x94,
  0xf5, 0x94, 0xf5, 0x94, 0xf5, 0x94, 0xf5, 0x94, 0xf5, 0x94, 0xf5, 0x94, 0xf5, 0x94, 0xf5, 0x94, 0xf5, 0x94, 0xf5, 0x94, 0xf5, 0x94, 0xf5, 0x94, 0xf5, 0x94, 0xf5, 0x94, 0xf5, 0x94, 0xf5, 0x94,
  0xf5, 0x94, 0xf5, 0x94, 0xf5, 0x94, 0xf5, 0x94, 0xf5, 0x94, 0xf5, 0x94, 0xf5, 0x94, 0xf5, 0x94, 0xf5, 0x94, 0xf5, 0x94, 0xf5, 0x94, 0xf5, 0x94, 0xf5, 0x94, 0xf5, 0x94, 0xf5, 0x94, 0xf5, 0x94,
  0xf5, 0x94, 0xf5, 0x94, 0xf5, 0x94, 0xf5, 0x94, 0xf5, 0x94, 0xf5, 0x94, 0xf5, 0x94, 0xf5, 0x94, 0xf5, 0x94, 0xf5, 0x94, 0xf5, 0x94, 0xf5, 0x94, 0xf5, 0x94, 0xf5, 0x94, 0xf5, 0x94, 0xf5, 0x94,
  0xf5, 0x94, 0xf5, 0x94, 0xf5, 0x94, 0xf5, 0x94, 0xf5, 0x94, 0xf5, 0x94, 0xf5, 0x94, 0xf5, 0x94, 0xf5, 0x94, 0xf5, 0x94, 0xf5, 0x94, 0xf5, 0x94, 0xf5, 0x94, 0xf5, 0x94, 0xf5, 0x94, 0xf5, 0x94,
  0xf5, 0x94, 0xf5, 0x94, 0xf5, 0x94, 0xf5, 0x94, 0xf5, 0x94, 0xf5, 0x94, 0xf5, 0x94, 0xf5, 0x94, 0xf5, 0x94, 0xf5, 0x94, 0xf5, 0x94, 0xf5, 0x94, 0xf5, 0x94, 0xf5, 0x94, 0xf5, 0x94, 0xf5, 0x94,
  0xf5, 0x94, 0xf5, 0x94, 0xf5, 0x94, 0xf5, 0x94, 0xf5, 0x94, 0xf5, 0x94, 0xf5, 0x94, 0xf5, 0x94, 0xf5, 0x94, 0xf5, 0x94, 0xf5, 0x94, 0xf5, 0x94, 0xf5, 0x94, 0xf5, 0x94, 0xf5, 0x94, 0xf5, 0x94,
  0xf5, 0x94, 0xf5, 0x94, 0xf5, 0x94, 0xf5, 0x94, 0xf5, 0x94, 0xf5, 0x94, 0xf5, 0x94, 0xf5, 0x94, 0xf5, 0x94, 0xf5, 0x94, 0xf5, 0x94, 0xf5, 0x94, 0xf5, 0x94, 0xf5, 0x94, 0xf5, 0x94, 0xf5, 0x94,
  0xf5, 0x94, 0xf5, 0x94, 0xf5, 0x94, 0xf5, 0x94, 0xf5, 0x94, 0xf5, 0x94, 0xf5, 0x94, 0xf5, 0x94, 0xf5, 0x94, 0xf5, 0x94, 0xf5, 0x94, 0xf5, 0x94, 0xf5, 0x94, 0xf5, 0x94, 0xf5, 0x94, 0x8a, 0x08,
  0x18, 0x22, 0x18, 0x22, 0x18, 0x22, 0x18, 0x22, 0x18, 0x22, 0x18, 0x22, 0x18, 0x22, 0x18, 0x22, 0x18, 0x22, 0x18, 0x22, 0xd9, 0x3a, 0x38, 0x22, 0x19, 0x22, 0xaa, 0x08, 0xef, 0x3b, 0xff, 0x7f,
  0xdf, 0x77, 0xdf, 0x77, 0xdf, 0x77, 0xdf, 0x77, 0xdf, 0x77, 0xdf, 0x77, 0xdf, 0x77, 0xdf, 0x77, 0xdf, 0x77, 0xdf, 0x77, 0xdf, 0x77, 0xdf, 0x77, 0xdf, 0x77, 0xdf, 0x77, 0xdf, 0x77, 0xdf, 0x77,
  0xdf, 0x77, 0xdf, 0x77, 0xdf, 0x77, 0xdf, 0x77, 0xdf, 0x77, 0xdf, 0x77, 0xdf, 0x77, 0xdf, 0x77, 0xdf, 0x77, 0xdf, 0x77, 0xdf, 0x77, 0xdf, 0x77, 0xdf, 0x77, 0xdf, 0x77, 0xdf, 0x77, 0xdf, 0x77,
  0xdf, 0x77, 0xdf, 0x77, 0xdf, 0x77, 0xdf, 0x77, 0xdf, 0x77, 0xdf, 0x77, 0xff, 0x77, 0xfc, 0x66, 0x00, 0x00, 0x57, 0xae, 0x7b, 0xbf, 0x3a, 0xbf, 0x7b, 0xbf, 0x77, 0xa6, 0x00, 0x00, 0x00, 0x00,
  0x00, 0x00, 0x00, 0x00, 0x00, 0x00, 0x00, 0x00, 0xc3, 0x18, 0x59, 0xce, 0xf3, 0x9c, 0xc7, 0x39, 0xff, 0xff, 0x08, 0x42, 0x00, 0x00, 0x00, 0x00, 0x00, 0x00, 0x00, 0x00, 0x00, 0x00, 0x00, 0x00,
  0x65, 0x21, 0x17, 0x96, 0x3b, 0xb7, 0x1b, 0xaf, 0xfb, 0xae, 0x1b, 0xaf, 0x1b, 0xaf, 0xfb, 0xae, 0xfb, 0xae, 0xfb, 0xae, 0xfb, 0xae, 0xfb, 0xae, 0xfb, 0xae, 0xfb, 0xa6, 0xfb, 0xa6, 0xfb, 0xa6,
  0xfb, 0xa6, 0xfb, 0xa6, 0xfb, 0xa6, 0xdb, 0xa6, 0xdb, 0xa6, 0xdb, 0xa6, 0xdb, 0xa6, 0xdb, 0xa6, 0xdb, 0xa6, 0xdb, 0xa6, 0xdb, 0x9e, 0xdb, 0x9e, 0xdb, 0x9e, 0xdc, 0x9e, 0xbb, 0x9e, 0xdc, 0x9e,
  0xbc, 0x9e, 0xbc, 0x9e, 0xbc, 0x9e, 0xbc, 0x9e, 0xbc, 0x9e, 0xbc, 0x96, 0xbc, 0x96, 0xbc, 0x96, 0xbc, 0x96, 0xbc, 0x96, 0xbc, 0x96, 0xbc, 0x96, 0x9c, 0x96, 0x9c, 0x96, 0x9c, 0x96, 0x9c, 0x96,
  0x9c, 0x96, 0x9c, 0x8e, 0x9c, 0x8e, 0x9c, 0x8e, 0x9c, 0x8e, 0x9c, 0x8e, 0x9c, 0x8e, 0x7c, 0x8e, 0x7c, 0x8e, 0x7c, 0x8e, 0x7c, 0x8e, 0x7c, 0x8e, 0x7c, 0x8e, 0x7c, 0x8e, 0x7c, 0x86, 0x7d, 0x86,
  0x7c, 0x86, 0x7c, 0x86, 0x7d, 0x86, 0x5d, 0x86, 0x5d, 0x86, 0x5d, 0x86, 0x5d, 0x86, 0x5d, 0x86, 0x5d, 0x7e, 0x5d, 0x7e, 0x5d, 0x7e, 0x5d, 0x7e, 0x5d, 0x7e, 0x3d, 0x7e, 0x3d, 0x7e, 0x3d, 0x7e,
  0x3d, 0x7e, 0x3d, 0x7e, 0x3d, 0x7e, 0x3d, 0x76, 0x3d, 0x76, 0x3d, 0x76, 0x1d, 0x76, 0x7f, 0x7e, 0xcd, 0x4a, 0x4e, 0x2c, 0xfc, 0x37, 0xdb, 0x37, 0xfb, 0x37, 0x18, 0x2f, 0x2b, 0x13, 0x2c, 0x11,
  0xf7, 0x94, 0xf7, 0x94, 0xf7, 0x94, 0xf7, 0x94, 0xf7, 0x94, 0xf7, 0x94, 0xf7, 0x94, 0xf7, 0x94, 0xf7, 0x94, 0xf7, 0x94, 0xf7, 0x94, 0xf7, 0x94, 0xf7, 0x94, 0xf7, 0x94, 0xf7, 0x94, 0xf7, 0x94,
  0xf7, 0x94, 0xf7, 0x94, 0xf7, 0x94, 0xf7, 0x94, 0xf7, 0x94, 0xf7, 0x94, 0xf7, 0x94, 0xf7, 0x94, 0xf7, 0x94, 0xf7, 0x94, 0xf7, 0x94, 0xf7, 0x94, 0xf7, 0x94, 0xf7, 0x94, 0xf7, 0x94, 0xf7, 0x94,
  0xf7, 0x94, 0xf7, 0x94, 0xf7, 0x94, 0xf7, 0x94, 0xf7, 0x94, 0xf7, 0x94, 0xf7, 0x94, 0xf7, 0x94, 0xf7, 0x94, 0xf7, 0x94, 0xf7, 0x94, 0xf7, 0x94, 0xf7, 0x94, 0xf7, 0x94, 0xf7, 0x94, 0xf7, 0x94,
  0xf7, 0x94, 0xf7, 0x94, 0xf7, 0x94, 0xf7, 0x94, 0xf7, 0x94, 0xf7, 0x94, 0xf7, 0x94, 0xf7, 0x94, 0xf7, 0x94, 0xf7, 0x94, 0xf7, 0x94, 0xf7, 0x94, 0xf7, 0x94, 0xf7, 0x94, 0xf7, 0x94, 0xf7, 0x94,
  0xf7, 0x94, 0xf7, 0x94, 0xf7, 0x94, 0xf7, 0x94, 0xf7, 0x94, 0xf7, 0x94, 0xf7, 0x94, 0xf7, 0x94, 0xf7, 0x94, 0xf7, 0x94, 0xf7, 0x94, 0xf7, 0x94, 0xf7, 0x94, 0xf7, 0x94, 0xf7, 0x94, 0xf7, 0x94,
  0xf7, 0x94, 0xf7, 0x94, 0xf7, 0x94, 0xf7, 0x94, 0xf7, 0x94, 0xf7, 0x94, 0xf7, 0x94, 0xf7, 0x94, 0xf7, 0x94, 0xf7, 0x94, 0xf7, 0x94, 0xf7, 0x94, 0xf7, 0x94, 0xf7, 0x94, 0xf7, 0x94, 0xf7, 0x94,
  0xf7, 0x94, 0xf7, 0x94, 0xf7, 0x94, 0xf7, 0x94, 0xf7, 0x94, 0xf7, 0x94, 0xf7, 0x94, 0xf7, 0x94, 0xf7, 0x94, 0xf7, 0x94, 0xf7, 0x94, 0xf7, 0x94, 0xf7, 0x94, 0xf7, 0x94, 0xf7, 0x94, 0xf7, 0x94,
  0xf7, 0x94, 0xf7, 0x94, 0xf7, 0x94, 0xf7, 0x94, 0xf7, 0x94, 0xf7, 0x94, 0xf7, 0x94, 0xf7, 0x94, 0xf7, 0x94, 0xf7, 0x94, 0xf7, 0x94, 0xf7, 0x94, 0xf7, 0x94, 0xf7, 0x94, 0xf7, 0x94, 0xf7, 0x94,
  0xf7, 0x94, 0xf7, 0x94, 0xf7, 0x94, 0xf7, 0x94, 0xf7, 0x94, 0xf7, 0x94, 0xf7, 0x94, 0xf7, 0x94, 0xf7, 0x94, 0xf7, 0x94, 0xf7, 0x94, 0xf7, 0x94, 0xf7, 0x94, 0xf7, 0x94, 0xf7, 0x94, 0x8a, 0x00,
  0x99, 0x3a, 0x99, 0x3a, 0x99, 0x3a, 0x99, 0x3a, 0x99, 0x3a, 0x99, 0x3a, 0x98, 0x3a, 0x99, 0x3a, 0x99, 0x3a, 0x98, 0x32, 0xd9, 0x42, 0x99, 0x3a, 0x99, 0x3a, 0xea, 0x18, 0xef, 0x3b, 0xff, 0x7f,
  0xdf, 0x77, 0xdf, 0x77, 0xdf, 0x77, 0xdf, 0x77, 0xdf, 0x77, 0xdf, 0x77, 0xdf, 0x77, 0xdf, 0x77, 0xdf, 0x77, 0xdf, 0x77, 0xdf, 0x77, 0xdf, 0x77, 0xdf, 0x77, 0xdf, 0x77, 0xdf, 0x77, 0xdf, 0x77,
  0xdf, 0x77, 0xff, 0x77, 0xff, 0x77, 0xff, 0x77, 0xdf, 0x77, 0xdf, 0x77, 0xdf, 0x77, 0xdf, 0x77, 0xdf, 0x77, 0xdf, 0x77, 0xdf, 0x77, 0xdf, 0x77, 0xdf, 0x77, 0xdf, 0x77, 0xdf, 0x77, 0xdf, 0x77,
  0xdf, 0x77, 0xdf, 0x77, 0xdf, 0x77, 0xdf, 0x77, 0xdf, 0x77, 0xdf, 0x77, 0xff, 0x77, 0xfc, 0x66, 0x00, 0x00, 0x57, 0xae, 0x7b, 0xbf, 0x3a, 0xbf, 0x5b, 0xbf, 0x57, 0xa6, 0x00, 0x00, 0x00, 0x00,
  0x00, 0x00, 0x00, 0x00, 0x00, 0x00, 0x00, 0x00, 0x49, 0x4a, 0xdf, 0xff, 0xa6, 0x31, 0x82, 0x10, 0x9a, 0xd6, 0x35, 0xad, 0x00, 0x00, 0x00, 0x00, 0x00, 0x00, 0x00, 0x00, 0x00, 0x00, 0x00, 0x00,
  0x65, 0x21, 0x17, 0x96, 0x3b, 0xb7, 0xfb, 0xae, 0x1b, 0xaf, 0xfb, 0xae, 0xfb, 0xae, 0xfb, 0xae, 0xfb, 0xae, 0xfb, 0xae, 0xfb, 0xa6, 0xfb, 0xa6, 0xfb, 0xa6, 0xfb, 0xa6, 0xfb, 0xa6, 0xfb, 0xa6,
  0xfb, 0xa6, 0xfb, 0xa6, 0xdb, 0xa6, 0xdb, 0xa6, 0xdb, 0xa6, 0xdb, 0xa6, 0xdb, 0xa6, 0xdb, 0x9e, 0xdb, 0x9e, 0xdb, 0x9e, 0xdb, 0x9e, 0xdc, 0x9e, 0xbb, 0x9e, 0xdc, 0x9e, 0xbc, 0x9e, 0xbc, 0x9e,
  0xbc, 0x9e, 0xbc, 0x9e, 0xbc, 0x9e, 0xbc, 0x9e, 0xbc, 0x96, 0xbc, 0x96, 0xbc, 0x96, 0xbc, 0x96, 0xbc, 0x96, 0xbc, 0x96, 0x9c, 0x96, 0x9c, 0x96, 0x9c, 0x96, 0x9c, 0x96, 0x9c, 0x96, 0x9c, 0x96,
  0x9c, 0x8e, 0x9c, 0x8e, 0x9c, 0x8e, 0x9c, 0x8e, 0x9c, 0x8e, 0x9c, 0x8e, 0x7c, 0x8e, 0x7c, 0x8e, 0x7c, 0x8e, 0x7c, 0x8e, 0x7c, 0x8e, 0x7c, 0x86, 0x7c, 0x86, 0x7c, 0x86, 0x7d, 0x86, 0x7c, 0x86,
  0x7d, 0x86, 0x5d, 0x86, 0x5d, 0x86, 0x5d, 0x86, 0x5d, 0x86, 0x5d, 0x86, 0x5d, 0x7e, 0x5d, 0x7e, 0x5d, 0x7e, 0x5d, 0x7e, 0x5d, 0x7e, 0x3d, 0x7e, 0x3d, 0x7e, 0x3d, 0x7e, 0x3d, 0x7e, 0x3d, 0x7e,
  0x3d, 0x7e, 0x3d, 0x76, 0x3d, 0x76, 0x3d, 0x76, 0x3d, 0x76, 0x1d, 0x76, 0x1d, 0x76, 0x7f, 0x76, 0xcd, 0x4a, 0x4e, 0x2c, 0xfc, 0x37, 0xdb, 0x37, 0xfb, 0x37, 0x18, 0x2f, 0x2b, 0x13, 0x6d, 0x21,
  0x35, 0x32, 0x34, 0x32, 0x34, 0x32, 0x34, 0x32, 0x54, 0x32, 0x34, 0x32, 0x14, 0x32, 0x14, 0x32, 0x14, 0x32, 0x14, 0x32, 0x14, 0x32, 0x14, 0x32, 0x14, 0x32, 0x14, 0x32, 0x14, 0x32, 0x14, 0x32,
  0x13, 0x32, 0x13, 0x32, 0x13, 0x32, 0x13, 0x32, 0x13, 0x32, 0x13, 0x32, 0x13, 0x2a, 0x14, 0x32, 0x29, 0x19, 0x2d, 0x5c, 0x98, 0x9f, 0xfa, 0xaf, 0xf9, 0xa7, 0xf9, 0xa7, 0xf9, 0xa7, 0xf9, 0xa7,
  0xf9, 0xa7, 0xfa, 0xa7, 0xfa, 0xa7, 0xfa, 0xa7, 0xfa, 0xa7, 0xfa, 0xa7, 0xfa, 0xa7, 0xfa, 0xa7, 0xfa, 0xa7, 0xfa, 0xa7, 0xfa, 0xa7, 0xfa, 0xa7, 0xfa, 0xa7, 0xfa, 0xa7, 0xfa, 0x9f, 0xfa, 0x9f,
  0xfa, 0x9f, 0xfa, 0x9f, 0xfa, 0x9f, 0xfa, 0x9f, 0xfa, 0x9f, 0xfa, 0x9f, 0xdb, 0x9f, 0xdb, 0x9f, 0xfb, 0x9f, 0xfb, 0x9f, 0xfb, 0x9f, 0xfb, 0x9f, 0xfb, 0x9f, 0xfb, 0x9f, 0xfb, 0x9f, 0xfb, 0x9f,
  0xfb, 0x97, 0xfb, 0x97, 0xfb, 0x97, 0xfb, 0x97, 0xfb, 0x97, 0xfb, 0x97, 0xfb, 0x97, 0xdb, 0x97, 0xdb, 0x97, 0xdb, 0x97, 0xdb, 0x97, 0xdc, 0x97, 0xdc, 0x97, 0xdc, 0x97, 0xdc, 0x97, 0xdc, 0x97,
  0xdc, 0x97, 0xdc, 0x97, 0xdc, 0x8f, 0xdc, 0x8f, 0xdc, 0x8f, 0xdc, 0x8f, 0xdc, 0x8f, 0xdc, 0x8f, 0xdc, 0x8f, 0xdc, 0x8f, 0xdc, 0x8f, 0xdc, 0x8f, 0xdc, 0x8f, 0xdc, 0x8f, 0xdc, 0x8f, 0xdc, 0x8f,
  0xdd, 0x8f, 0xdd, 0x8f, 0xdd, 0x8f, 0xdd, 0x87, 0xdd, 0x87, 0xdd, 0x87, 0xdd, 0x87, 0xdd, 0x87, 0xdd, 0x87, 0xdd, 0x87, 0xdd, 0x87, 0xdd, 0x87, 0xdd, 0x87, 0xdd, 0x87, 0xdd, 0x87, 0xdd, 0x87,
  0xdd, 0x87, 0xdd, 0x87, 0xdd, 0x87, 0xdd, 0x87, 0xdd, 0x87, 0xdd, 0x7f, 0xde, 0x7f, 0xde, 0x7f, 0xde, 0x7f, 0xde, 0x7f, 0xde, 0x7f, 0xde, 0x7f, 0xde, 0x7f, 0xde, 0x7f, 0xde, 0x7f, 0xfe, 0x87,
  0xbf, 0x54, 0x1b, 0x32, 0xdf, 0xff, 0xff, 0xff, 0xff, 0xff, 0xff, 0xff, 0xbe, 0xf7, 0xff, 0xff, 0xff, 0xff, 0xff, 0xff, 0xff, 0xff, 0xdf, 0xd6, 0xfe, 0x33, 0xdc, 0x7b, 0x95, 0x84, 0xeb, 0x10,
  0x79, 0x32, 0x78, 0x32, 0x78, 0x32, 0x78, 0x32, 0x78, 0x32, 0x78, 0x32, 0x78, 0x32, 0x78, 0x32, 0x78, 0x32, 0x78, 0x32, 0xd9, 0x42, 0x78, 0x32, 0x99, 0x32, 0xea, 0x10, 0xef, 0x3b, 0xff, 0x7f,
  0xdf, 0x77, 0xdf, 0x77, 0xdf, 0x77, 0xdf, 0x77, 0xdf, 0x77, 0xdf, 0x77, 0xdf, 0x77, 0xdf, 0x77, 0xdf, 0x77, 0xdf, 0x77, 0xdf, 0x77, 0xdf, 0x77, 0xdf, 0x77, 0xdf, 0x77, 0xdf, 0x77, 0xdf, 0x77,
  0xff, 0x7f, 0x39, 0x5e, 0xb7, 0x55, 0xd7, 0x55, 0x3d, 0x6f, 0xff, 0x7f, 0xdf, 0x77, 0xdf, 0x77, 0xdf, 0x77, 0xdf, 0x77, 0xdf, 0x77, 0xdf, 0x77, 0xdf, 0x77, 0xdf, 0x77, 0xdf, 0x77, 0xdf, 0x77,
  0xdf, 0x77, 0xdf, 0x77, 0xdf, 0x77, 0xdf, 0x77, 0xdf, 0x77, 0xdf, 0x77, 0xff, 0x77, 0xfc, 0x66, 0x00, 0x00, 0x57, 0xa6, 0x7b, 0xbf, 0x3a, 0xbf, 0x5b, 0xbf, 0x57, 0xa6, 0x00, 0x00, 0x00, 0x00,
  0x00, 0x00, 0x00, 0x00, 0x00, 0x00, 0x61, 0x08, 0xb2, 0x94, 0x59, 0xce, 0x00, 0x00, 0x00, 0x00, 0x8e, 0x73, 0x7d, 0xef, 0x82, 0x10, 0x00, 0x00, 0x00, 0x00, 0x00, 0x00, 0x00, 0x00, 0x00, 0x00,
  0x65, 0x21, 0x17, 0x96, 0x3c, 0xaf, 0xfb, 0xae, 0xfb, 0xae, 0xfb, 0xae, 0xfb, 0xae, 0xfb, 0xae, 0xfb, 0xae, 0xfb, 0xa6, 0xfb, 0xa6, 0xfb, 0xa6, 0xfb, 0xa6, 0xfb, 0xa6, 0xfb, 0xa6, 0xfb, 0xa6,
  0xdb, 0xa6, 0xdb, 0xa6, 0xdb, 0xa6, 0xdb, 0xa6, 0xdb, 0xa6, 0xdb, 0x9e, 0xdb, 0x9e, 0xdb, 0x9e, 0xdb, 0x9e, 0xdc, 0x9e, 0xdb, 0x9e, 0xbc, 0x9e, 0xdc, 0x9e, 0xbc, 0x9e, 0xbc, 0x9e, 0xbc, 0x9e,
  0xbc, 0x9e, 0xbc, 0x9e, 0xbc, 0x96, 0xbc, 0x96, 0xbc, 0x96, 0xbc, 0x96, 0xbc, 0x96, 0xbc, 0x96, 0x9c, 0x96, 0x9c, 0x96, 0x9c, 0x96, 0x9c, 0x96, 0x9c, 0x96, 0x9c, 0x96, 0x9c, 0x96, 0x9c, 0x8e,
  0x9c, 0x8e, 0x9c, 0x8e, 0x9c, 0x8e, 0x9c, 0x8e, 0x7c, 0x8e, 0x7c, 0x8e, 0x7c, 0x8e, 0x7c, 0x8e, 0x7c, 0x8e, 0x7c, 0x86, 0x7c, 0x86, 0x7c, 0x86, 0x7d, 0x86, 0x7c, 0x86, 0x7d, 0x86, 0x5d, 0x86,
  0x5d, 0x86, 0x5d, 0x86, 0x5d, 0x86, 0x5d, 0x86, 0x5d, 0x86, 0x5d, 0x7e, 0x5d, 0x7e, 0x5d, 0x7e, 0x5d, 0x7e, 0x5d, 0x7e, 0x3d, 0x7e, 0x3d, 0x7e, 0x3d, 0x7e, 0x3d, 0x7e, 0x3d, 0x7e, 0x3d, 0x7e,
  0x3d, 0x76, 0x3d, 0x76, 0x3d, 0x76, 0x1d, 0x76, 0x1d, 0x76, 0x1d, 0x76, 0x1d, 0x76, 0x7f, 0x76, 0xcd, 0x4a, 0x4e, 0x2c, 0xfc, 0x37, 0xdb, 0x37, 0xfb, 0x37, 0x18, 0x2f, 0x2b, 0x13, 0x6d, 0x19,
  0x14, 0x32, 0x14, 0x2a, 0xf3, 0x29, 0x14, 0x32, 0x34, 0x32, 0x14, 0x32, 0xf3, 0x29, 0xf3, 0x29, 0xf3, 0x29, 0xf3, 0x29, 0xf3, 0x29, 0xf3, 0x29, 0xf3, 0x29, 0xf3, 0x29, 0xf3, 0x29, 0xf3, 0x29,
  0xf3, 0x29, 0xf3, 0x29, 0xf3, 0x29, 0xf3, 0x29, 0xf3, 0x29, 0xf3, 0x29, 0xf3, 0x29, 0xf4, 0x29, 0x09, 0x19, 0x2d, 0x5c, 0x98, 0x9f, 0xfa, 0xaf, 0xf9, 0xa7, 0xf9, 0xa7, 0xfa, 0xa7, 0xfa, 0xa7,
  0xfa, 0xa7, 0xfa, 0xa7, 0xfa, 0xa7, 0xfa, 0xa7, 0xfa, 0xa7, 0xfa, 0xa7, 0xfa, 0xa7, 0xfa, 0xa7, 0xfa, 0xa7, 0xfa, 0xa7, 0xfa, 0xa7, 0xfa, 0xa7, 0xfa, 0x9f, 0xfa, 0x9f, 0xfa, 0x9f, 0xfa, 0x9f,
  0xfa, 0x9f, 0xfa, 0x9f, 0xfa, 0x9f, 0xda, 0x9f, 0xdb, 0x9f, 0xdb, 0x9f, 0xfb, 0x9f, 0xfb, 0x9f, 0xfb, 0x9f, 0xfb, 0x9f, 0xfb, 0x9f, 0xfb, 0x9f, 0xfb, 0x9f, 0xfb, 0x97, 0xfb, 0x97, 0xfb, 0x97,
  0xfb, 0x97, 0xfb, 0x97, 0xfb, 0x97, 0xfb, 0x97, 0xdb, 0x97, 0xdb, 0x97, 0xdb, 0x97, 0xdb, 0x97, 0xdc, 0x97, 0xdc, 0x97, 0xdc, 0x97, 0xdc, 0x97, 0xdc, 0x97, 0xdc, 0x97, 0xdc, 0x97, 0xdc, 0x8f,
  0xdc, 0x8f, 0xdc, 0x8f, 0xdc, 0x8f, 0xdc, 0x8f, 0xdc, 0x8f, 0xdc, 0x8f, 0xdc, 0x8f, 0xdc, 0x8f, 0xdc, 0x8f, 0xdc, 0x8f, 0xdc, 0x8f, 0xdc, 0x8f, 0xdc, 0x8f, 0xdc, 0x8f, 0xdd, 0x8f, 0xdd, 0x8f,
  0xdd, 0x8f, 0xdd, 0x87, 0xdd, 0x87, 0xdd, 0x87, 0xdd, 0x87, 0xdd, 0x87, 0xdd, 0x87, 0xdd, 0x87, 0xdd, 0x87, 0xdd, 0x87, 0xdd, 0x87, 0xdd, 0x87, 0xdd, 0x87, 0xdd, 0x87, 0xdd, 0x87, 0xdd, 0x87,
  0xdd, 0x87, 0xdd, 0x87, 0xdd, 0x87, 0xde, 0x7f, 0xde, 0x7f, 0xde, 0x7f, 0xde, 0x7f, 0xde, 0x7f, 0xde, 0x7f, 0xde, 0x7f, 0xde, 0x7f, 0xde, 0x7f, 0xde, 0x7f, 0xde, 0x7f, 0xde, 0x7f, 0xfe, 0x7f,
  0x5f, 0x86, 0xbc, 0x2a, 0xdd, 0xbd, 0xff, 0xff, 0xff, 0xff, 0xff, 0xff, 0xff, 0xff, 0xff, 0xff, 0xdf, 0xff, 0xff, 0xff, 0xff, 0xff, 0x1f, 0x75, 0xbd, 0x43, 0xdc, 0x7b, 0xae, 0x5b, 0xeb, 0x18,
  0x18, 0x22, 0x18, 0x22, 0x18, 0x22, 0x18, 0x22, 0x18, 0x22, 0x18, 0x22, 0x18, 0x22, 0x18, 0x22, 0x18, 0x22, 0x18, 0x22, 0xb9, 0x3a, 0x38, 0x22, 0x38, 0x22, 0xaa, 0x10, 0xef, 0x3b, 0xff, 0x7f,
  0xdf, 0x77, 0xdf, 0x77, 0xdf, 0x77, 0xdf, 0x77, 0xdf, 0x77, 0xdf, 0x77, 0xdf, 0x77, 0xdf, 0x77, 0xdf, 0x77, 0xdf, 0x77, 0xdf, 0x77, 0xdf, 0x77, 0xdf, 0x77, 0xdf, 0x77, 0xdf, 0x77, 0xbf, 0x77,
  0xaf, 0x3b, 0xa6, 0x19, 0x45, 0x11, 0x65, 0x11, 0x6a, 0x22, 0x76, 0x55, 0xff, 0x7f, 0xdf, 0x77, 0xdf, 0x77, 0xdf, 0x77, 0xdf, 0x77, 0xdf, 0x77, 0xdf, 0x77, 0xdf, 0x77, 0xdf, 0x77, 0xdf, 0x77,
  0xdf, 0x77, 0xdf, 0x77, 0xdf, 0x77, 0xdf, 0x77, 0xdf, 0x77, 0xdf, 0x77, 0xff, 0x77, 0xfc, 0x66, 0x00, 0x00, 0x57, 0xa6, 0x5b, 0xbf, 0x3a, 0xbf, 0x5b, 0xbf, 0x57, 0xa6, 0x00, 0x00, 0x00, 0x00,
  0x00, 0x00, 0x00, 0x00, 0x00, 0x00, 0x04, 0x21, 0x7d, 0xef, 0x9e, 0xf7, 0x14, 0xa5, 0x55, 0xad, 0x79, 0xce, 0xff, 0xff, 0x2c, 0x63, 0x00, 0x00, 0x00, 0x00, 0x00, 0x00, 0x00, 0x00, 0x00, 0x00,
  0x65, 0x21, 0x17, 0x96, 0x3b, 0xaf, 0xfb, 0xae, 0xfb, 0xae, 0xfb, 0xae, 0xfb, 0xae, 0xfb, 0xae, 0xfb, 0xa6, 0xfb, 0xa6, 0xfb, 0xa6, 0xfb, 0xa6, 0xfb, 0xa6, 0xfb, 0xa6, 0xdb, 0xa6, 0xdb, 0xa6,
  0xdb, 0xa6, 0xdb, 0xa6, 0xdb, 0xa6, 0xdb, 0xa6, 0xdb, 0xa6, 0xdb, 0x9e, 0xdb, 0x9e, 0xdb, 0x9e, 0xdc, 0x9e, 0xbb, 0x9e, 0xdc, 0x9e, 0xbc, 0x9e, 0xbc, 0x9e, 0xbc, 0x9e, 0xbc, 0x9e, 0xbc, 0x9e,
  0xbc, 0x96, 0xbc, 0x96, 0xbc, 0x96, 0xbc, 0x96, 0xbc, 0x96, 0xbc, 0x96, 0xbc, 0x96, 0x9c, 0x96, 0x9c, 0x96, 0x9c, 0x96, 0x9c, 0x96, 0x9c, 0x96, 0x9c, 0x8e, 0x9c, 0x8e, 0x9c, 0x8e, 0x9c, 0x8e,
  0x9c, 0x8e, 0x9c, 0x8e, 0x7c, 0x8e, 0x7c, 0x8e, 0x7c, 0x8e, 0x7c, 0x8e, 0x7c, 0x8e, 0x7c, 0x8e, 0x7c, 0x8e, 0x7c, 0x86, 0x7d, 0x86, 0x7c, 0x86, 0x7d, 0x86, 0x7d, 0x86, 0x5d, 0x86, 0x5d, 0x86,
  0x5d, 0x86, 0x5d, 0x86, 0x5d, 0x86, 0x5d, 0x7e, 0x5d, 0x7e, 0x5d, 0x7e, 0x5d, 0x7e, 0x5d, 0x7e, 0x3d, 0x7e, 0x3d, 0x7e, 0x3d, 0x7e, 0x3d, 0x7e, 0x3d, 0x7e, 0x3d, 0x7e, 0x3d, 0x76, 0x3d, 0x76,
  0x1d, 0x76, 0x1d, 0x76, 0x1d, 0x76, 0x1d, 0x76, 0x1d, 0x76, 0x1d, 0x76, 0x1d, 0x76, 0x7f, 0x76, 0xce, 0x4a, 0x4e, 0x2c, 0xfc, 0x37, 0xdb, 0x37, 0xfb, 0x37, 0x18, 0x2f, 0x2b, 0x13, 0x2c, 0x11,
  0xb3, 0x21, 0x93, 0x19, 0x93, 0x19, 0xb3, 0x21, 0xf3, 0x29, 0xd3, 0x21, 0x92, 0x19, 0x93, 0x19, 0x93, 0x19, 0x92, 0x19, 0x92, 0x19, 0x92, 0x19, 0x92, 0x19, 0x92, 0x19, 0x92, 0x19, 0x92, 0x19,
  0x92, 0x19, 0x92, 0x19, 0x92, 0x19, 0x92, 0x19, 0x92, 0x19, 0x92, 0x19, 0x92, 0x19, 0x93, 0x19, 0xe8, 0x10, 0x4e, 0x5c, 0x98, 0x9f, 0xfa, 0xaf, 0xfa, 0xa7, 0xfa, 0xa7, 0xfa, 0xa7, 0xfa, 0xa7,
  0xfa, 0xa7, 0xfa, 0xa7, 0xfa, 0xa7, 0xfa, 0xa7, 0xfa, 0xa7, 0xfa, 0xa7, 0xfa, 0xa7, 0xfa, 0xa7, 0xfa, 0xa7, 0xfa, 0x9f, 0xfa, 0x9f, 0xfa, 0x9f, 0xfa, 0x9f, 0xfa, 0x9f, 0xfa, 0x9f, 0xfa, 0x9f,
  0xfa, 0x9f, 0xdb, 0x9f, 0xdb, 0x9f, 0xfb, 0x9f, 0xfb, 0x9f, 0xfb, 0x9f, 0xfb, 0x9f, 0xfb, 0x9f, 0xfb, 0x9f, 0xfb, 0x9f, 0xfb, 0x9f, 0xfb, 0x97, 0xfb, 0x97, 0xfb, 0x97, 0xfb, 0x97, 0xfb, 0x97,
  0xfb, 0x97, 0xfb, 0x97, 0xdb, 0x97, 0xdb, 0x97, 0xdb, 0x97, 0xdb, 0x97, 0xdc, 0x97, 0xdc, 0x97, 0xdc, 0x97, 0xdc, 0x97, 0xdc, 0x97, 0xdc, 0x97, 0xdc, 0x97, 0xdc, 0x8f, 0xdc, 0x8f, 0xdc, 0x8f,
  0xdc, 0x8f, 0xdc, 0x8f, 0xdc, 0x8f, 0xdc, 0x8f, 0xdc, 0x8f, 0xdc, 0x8f, 0xdc, 0x8f, 0xdc, 0x8f, 0xdc, 0x8f, 0xdc, 0x8f, 0xdc, 0x8f, 0xdd, 0x8f, 0xdd, 0x8f, 0xdd, 0x8f, 0xdd, 0x87, 0xdd, 0x87,
  0xdd, 0x87, 0xdd, 0x87, 0xdd, 0x87, 0xdd, 0x87, 0xdd, 0x87, 0xdd, 0x87, 0xdd, 0x87, 0xdd, 0x87, 0xdd, 0x87, 0xdd, 0x87, 0xdd, 0x87, 0xdd, 0x87, 0xdd, 0x87, 0xdd, 0x87, 0xdd, 0x87, 0xdd, 0x87,
  0xdd, 0x7f, 0xde, 0x7f, 0xde, 0x7f, 0xde, 0x7f, 0xde, 0x7f, 0xde, 0x7f, 0xde, 0x7f, 0xde, 0x7f, 0xde, 0x7f, 0xde, 0x7f, 0xde, 0x7f, 0xde, 0x7f, 0xde, 0x7f, 0xde, 0x7f, 0xde, 0x7f, 0xde, 0x77,
  0xdf, 0x97, 0x1e, 0x44, 0x9d, 0x53, 0xdf, 0xde, 0xff, 0xff, 0xff, 0xff, 0xff, 0xff, 0xff, 0xff, 0xff, 0xff, 0xdf, 0xff, 0xff, 0xa5, 0xfe, 0x3b, 0x7b, 0x63, 0x5e, 0x95, 0x27, 0x22, 0xab, 0x10,
  0x38, 0x22, 0x38, 0x22, 0x18, 0x22, 0x18, 0x22, 0x18, 0x22, 0x18, 0x22, 0x18, 0x22, 0x18, 0x22, 0x18, 0x22, 0x18, 0x22, 0xb9, 0x3a, 0x38, 0x2a, 0x38, 0x22, 0xaa, 0x10, 0x0f, 0x3c, 0xff, 0x7f,
  0xdf, 0x77, 0xdf, 0x77, 0xdf, 0x77, 0xdf, 0x77, 0xdf, 0x77, 0xdf, 0x77, 0xdf, 0x77, 0xdf, 0x77, 0xdf, 0x77, 0xdf, 0x77, 0xdf, 0x77, 0xdf, 0x77, 0xdf, 0x77, 0xdf, 0x77, 0xdf, 0x77, 0x72, 0x44,
  0x00, 0x00, 0x00, 0x00, 0x00, 0x00, 0x00, 0x00, 0x00, 0x00, 0x25, 0x11, 0xdb, 0x66, 0xff, 0x77, 0xdf, 0x77, 0xdf, 0x77, 0xdf, 0x77, 0xdf, 0x77, 0xdf, 0x77, 0xdf, 0x77, 0xdf, 0x77, 0xdf, 0x77,
  0xdf, 0x77, 0xdf, 0x77, 0xdf, 0x77, 0xdf, 0x77, 0xdf, 0x77, 0xdf, 0x77, 0xff, 0x77, 0xfc, 0x66, 0x00, 0x00, 0x57, 0xa6, 0x5b, 0xbf, 0x3a, 0xb7, 0x5b, 0xbf, 0x57, 0xa6, 0x00, 0x00, 0x00, 0x00,
  0x00, 0x00, 0x00, 0x00, 0x20, 0x00, 0x2d, 0x6b, 0xff, 0xff, 0x4d, 0x6b, 0xae, 0x73, 0x8e, 0x73, 0xef, 0x7b, 0x59, 0xce, 0x18, 0xc6, 0x00, 0x00, 0x00, 0x00, 0x00, 0x00, 0x00, 0x00, 0x00, 0x00,
  0x65, 0x21, 0x17, 0x96, 0x3c, 0xaf, 0xfb, 0xae, 0xfb, 0xae, 0xfb, 0xa6, 0xfb, 0xa6, 0xfb, 0xa6, 0xfb, 0xa6, 0xfb, 0xa6, 0xfb, 0xa6, 0xfb, 0xa6, 0xdb, 0xa6, 0xdb, 0xa6, 0xdb, 0xa6, 0xdb, 0xa6,
  0xdb, 0xa6, 0xdb, 0xa6, 0xdb, 0xa6, 0xdb, 0x9e, 0xdb, 0x9e, 0xdb, 0x9e, 0xdc, 0x9e, 0xbb, 0x9e, 0xdc, 0x9e, 0xbc, 0x9e, 0xbc, 0x9e, 0xbc, 0x9e, 0xbc, 0x9e, 0xbc, 0x9e, 0xbc, 0x96, 0xbc, 0x96,
  0xbc, 0x96, 0xbc, 0x96, 0xbc, 0x96, 0xbc, 0x96, 0xbc, 0x96, 0x9c, 0x96, 0x9c, 0x96, 0x9c, 0x96, 0x9c, 0x96, 0x9c, 0x96, 0x9c, 0x8e, 0x9c, 0x8e, 0x9c, 0x8e, 0x9c, 0x8e, 0x9c, 0x8e, 0x9c, 0x8e,
  0x7c, 0x8e, 0x7c, 0x8e, 0x7c, 0x8e, 0x7c, 0x8e, 0x7c, 0x8e, 0x7c, 0x8e, 0x7c, 0x8e, 0x7c, 0x86, 0x7c, 0x86, 0x7d, 0x86, 0x7c, 0x86, 0x7d, 0x86, 0x5d, 0x86, 0x5d, 0x86, 0x5d, 0x86, 0x5d, 0x86,
  0x5d, 0x86, 0x5d, 0x7e, 0x5d, 0x7e, 0x5d, 0x7e, 0x5d, 0x7e, 0x5d, 0x7e, 0x3d, 0x7e, 0x3d, 0x7e, 0x3d, 0x7e, 0x3d, 0x7e, 0x3d, 0x7e, 0x3d, 0x7e, 0x3d, 0x7e, 0x3d, 0x76, 0x3d, 0x76, 0x3d, 0x76,
  0x1d, 0x76, 0x1d, 0x76, 0x1d, 0x76, 0x1d, 0x76, 0x1d, 0x76, 0x1d, 0x76, 0x1e, 0x6e, 0x5f, 0x76, 0xce, 0x4a, 0x4e, 0x2c, 0xfc, 0x37, 0xdb, 0x37, 0xfb, 0x37, 0x18, 0x2f, 0x2b, 0x13, 0x2c, 0x11,
  0xb3, 0x21, 0x93, 0x21, 0x93, 0x21, 0xd3, 0x21, 0x13, 0x2a, 0xd3, 0x21, 0x92, 0x19, 0xb3, 0x19, 0xb3, 0x21, 0x92, 0x21, 0x92, 0x21, 0x92, 0x21, 0x92, 0x21, 0x92, 0x21, 0x92, 0x21, 0x92, 0x21,
  0x92, 0x21, 0x92, 0x21, 0x92, 0x21, 0x92, 0x21, 0x92, 0x21, 0x92, 0x21, 0x92, 0x21, 0x93, 0x21, 0xea, 0x10, 0xea, 0x3a, 0x16, 0x97, 0xfa, 0xaf, 0xfa, 0xa7, 0xfa, 0xa7, 0xfa, 0xa7, 0xfa, 0xa7,
  0xfa, 0xa7, 0xfa, 0xa7, 0xfa, 0xa7, 0xfa, 0xa7, 0xfa, 0xa7, 0xfa, 0xa7, 0xfa, 0xa7, 0xfa, 0x9f, 0xfa, 0x9f, 0xfa, 0x9f, 0xfa, 0x9f, 0xfa, 0x9f, 0xfa, 0x9f, 0xfa, 0x9f, 0xda, 0x9f, 0xdb, 0x9f,
  0xdb, 0x9f, 0xfb, 0x9f, 0xfb, 0x9f, 0xfb, 0x9f, 0xfb, 0x9f, 0xfb, 0x9f, 0xfb, 0x9f, 0xfb, 0x9f, 0xfb, 0x9f, 0xfb, 0x97, 0xfb, 0x97, 0xfb, 0x97, 0xfb, 0x97, 0xfb, 0x97, 0xfb, 0x97, 0xdb, 0x97,
  0xdb, 0x97, 0xdb, 0x97, 0xdb, 0x97, 0xdb, 0x97, 0xdc, 0x97, 0xdc, 0x97, 0xdc, 0x97, 0xdc, 0x97, 0xdc, 0x97, 0xdc, 0x97, 0xdc, 0x8f, 0xdc, 0x8f, 0xdc, 0x8f, 0xdc, 0x8f, 0xdc, 0x8f, 0xdc, 0x8f,
  0xdc, 0x8f, 0xdc, 0x8f, 0xdc, 0x8f, 0xdc, 0x8f, 0xdc, 0x8f, 0xdc, 0x8f, 0xdc, 0x8f, 0xdc, 0x8f, 0xdc, 0x8f, 0xdd, 0x8f, 0xdd, 0x8f, 0xdd, 0x8f, 0xdd, 0x87, 0xdd, 0x87, 0xdd, 0x87, 0xdd, 0x87,
  0xdd, 0x87, 0xdd, 0x87, 0xdd, 0x87, 0xdd, 0x87, 0xdd, 0x87, 0xdd, 0x87, 0xdd, 0x87, 0xdd, 0x87, 0xdd, 0x87, 0xdd, 0x87, 0xdd, 0x87, 0xdd, 0x87, 0xdd, 0x87, 0xdd, 0x87, 0xde, 0x7f, 0xde, 0x7f,
  0xde, 0x7f, 0xde, 0x7f, 0xde, 0x7f, 0xde, 0x7f, 0xde, 0x7f, 0xde, 0x7f, 0xde, 0x7f, 0xde, 0x7f, 0xde, 0x7f, 0xde, 0x7f, 0xde, 0x7f, 0xde, 0x7f, 0xbe, 0x7f, 0xbe, 0x7f, 0xbe, 0x7f, 0xde, 0x77,
  0xfe, 0x7f, 0xbf, 0x7e, 0xbe, 0x3b, 0x7e, 0x6c, 0x3f, 0xb6, 0x1f, 0xe7, 0x7f, 0xef, 0x3f, 0xef, 0xbf, 0xd6, 0x9f, 0x95, 0x1e, 0x44, 0x9c, 0x4b, 0xfb, 0x7b, 0xff, 0x97, 0x64, 0x11, 0xcb, 0x10,
  0x18, 0x22, 0x18, 0x22, 0x18, 0x22, 0x18, 0x22, 0x18, 0x22, 0x18, 0x22, 0x18, 0x22, 0x18, 0x22, 0x18, 0x22, 0x18, 0x22, 0xb9, 0x3a, 0x38, 0x2a, 0x38, 0x22, 0xaa, 0x10, 0x0f, 0x3c, 0xff, 0x7f,
  0xdf, 0x77, 0xdf, 0x77, 0xdf, 0x77, 0xdf, 0x77, 0xdf, 0x77, 0xdf, 0x77, 0xdf, 0x77, 0xdf, 0x77, 0xdf, 0x77, 0xdf, 0x77, 0xdf, 0x77, 0xdf, 0x77, 0xdf, 0x77, 0xdf, 0x77, 0xdf, 0x77, 0x41, 0x00,
  0x00, 0x00, 0x00, 0x00, 0x00, 0x00, 0x00, 0x00, 0x00, 0x00, 0x00, 0x00, 0x6e, 0x33, 0xff, 0x7f, 0xdf, 0x77, 0xdf, 0x77, 0xdf, 0x77, 0xdf, 0x77, 0xdf, 0x77, 0xdf, 0x77, 0xdf, 0x77, 0xdf, 0x77,
  0xdf, 0x77, 0xdf, 0x77, 0xdf, 0x77, 0xdf, 0x77, 0xdf, 0x77, 0xdf, 0x77, 0xff, 0x77, 0xfc, 0x66, 0x00, 0x00, 0x57, 0xa6, 0x5b, 0xbf, 0x3a, 0xb7, 0x5b, 0xbf, 0x57, 0xa6, 0x00, 0x00, 0x00, 0x00,
  0x00, 0x00, 0x00, 0x00, 0x82, 0x10, 0xb7, 0xbd, 0xb7, 0xbd, 0x00, 0x00, 0x00, 0x00, 0x00, 0x00, 0x00, 0x00, 0x6e, 0x73, 0xff, 0xff, 0x65, 0x29, 0x00, 0x00, 0x00, 0x00, 0x00, 0x00, 0x00, 0x00,
  0x65, 0x21, 0x17, 0x96, 0x1c, 0xaf, 0xfb, 0xa6, 0xfb, 0xa6, 0xfb, 0xa6, 0xfb, 0xa6, 0xfb, 0xa6, 0xfb, 0xa6, 0xfb, 0xa6, 0xfb, 0xa6, 0xdb, 0xa6, 0xdb, 0xa6, 0xdb, 0xa6, 0xdb, 0xa6, 0xdb, 0xa6,
  0xdb, 0x9e, 0xdb, 0x9e, 0xdb, 0x9e, 0xdb, 0x9e, 0xdc, 0x9e, 0xbb, 0x9e, 0xdc, 0x9e, 0xdc, 0x9e, 0xbc, 0x9e, 0xbc, 0x9e, 0xbc, 0x9e, 0xbc, 0x9e, 0xbc, 0x9e, 0xbc, 0x96, 0xbc, 0x96, 0xbc, 0x96,
  0xbc, 0x96, 0xbc, 0x96, 0xbc, 0x96, 0x9c, 0x96, 0x9c, 0x96, 0x9c, 0x96, 0x9c, 0x96, 0x9c, 0x96, 0x9c, 0x96, 0x9c, 0x96, 0x9c, 0x8e, 0x9c, 0x8e, 0x9c, 0x8e, 0x9c, 0x8e, 0x9c, 0x8e, 0x7c, 0x8e,
  0x7c, 0x8e, 0x7c, 0x8e, 0x7c, 0x8e, 0x7c, 0x8e, 0x7c, 0x86, 0x7c, 0x86, 0x7c, 0x86, 0x7d, 0x86, 0x7c, 0x86, 0x7d, 0x86, 0x5d, 0x86, 0x5d, 0x86, 0x5d, 0x86, 0x5d, 0x86, 0x5d, 0x86, 0x5d, 0x7e,
  0x5d, 0x7e, 0x5d, 0x7e, 0x5d, 0x7e, 0x5d, 0x7e, 0x3d, 0x7e, 0x3d, 0x7e, 0x3d, 0x7e, 0x3d, 0x7e, 0x3d, 0x7e, 0x3d, 0x7e, 0x3d, 0x7e, 0x3d, 0x76, 0x3d, 0x76, 0x3d, 0x76, 0x3d, 0x76, 0x1d, 0x76,
  0x1d, 0x76, 0x1d, 0x76, 0x1d, 0x76, 0x1d, 0x76, 0x1d, 0x6e, 0x1e, 0x6e, 0x1d, 0x6e, 0x5f, 0x76, 0xce, 0x42, 0x4e, 0x2c, 0xfc, 0x37, 0xdb, 0x37, 0xfb, 0x37, 0x18, 0x2f, 0x2b, 0x13, 0x2c, 0x11,
  0xb3, 0x21, 0xb3, 0x21, 0x93, 0x19, 0xd3, 0x21, 0x13, 0x2a, 0xd3, 0x21, 0x92, 0x19, 0x92, 0x21, 0x92, 0x21, 0x92, 0x21, 0x92, 0x21, 0x92, 0x21, 0x92, 0x21, 0x92, 0x21, 0x92, 0x21, 0x92, 0x21,
  0x92, 0x21, 0x92, 0x21, 0x92, 0x21, 0x92, 0x21, 0x92, 0x21, 0x92, 0x21, 0x92, 0x21, 0x92, 0x21, 0x4f, 0x19, 0xc5, 0x10, 0x8e, 0x5c, 0xfa, 0xa7, 0xfb, 0xaf, 0xfb, 0xaf, 0xfb, 0xaf, 0xfb, 0xa7,
  0xfb, 0xa7, 0xfb, 0xa7, 0xfb, 0xa7, 0xfb, 0xa7, 0xfb, 0xa7, 0xfb, 0xa7, 0xfb, 0xa7, 0xfb, 0xa7, 0xfb, 0xa7, 0xfb, 0xa7, 0xfb, 0xa7, 0xfb, 0xa7, 0xfc, 0xa7, 0xfc, 0xa7, 0xfc, 0xa7, 0xfc, 0x9f,
  0xfc, 0xa7, 0xfc, 0x9f, 0xfc, 0x9f, 0xfc, 0x9f, 0xfc, 0x9f, 0xfc, 0x9f, 0xfc, 0x9f, 0xfc, 0x9f, 0xfc, 0x9f, 0xfc, 0x9f, 0xfc, 0x9f, 0xfc, 0x9f, 0xfc, 0x9f, 0xfc, 0x9f, 0xfc, 0x9f, 0xfc, 0x9f,
  0xfc, 0x9f, 0xfd, 0x97, 0xfd, 0x97, 0xfd, 0x97, 0xfd, 0x97, 0xfd, 0x97, 0xfd, 0x97, 0xfd, 0x97, 0xfd, 0x97, 0xfd, 0x97, 0xfd, 0x97, 0xfd, 0x97, 0xfd, 0x97, 0xfd, 0x97, 0xfd, 0x97, 0xfd, 0x97,
  0xfd, 0x97, 0xfd, 0x97, 0xfd, 0x97, 0xfd, 0x8f, 0xfe, 0x8f, 0xfd, 0x8f, 0xfe, 0x8f, 0xfe, 0x8f, 0xfe, 0x8f, 0xfe, 0x8f, 0xfe, 0x8f, 0xfe, 0x8f, 0xfe, 0x8f, 0xfe, 0x8f, 0xfe, 0x8f, 0xfe, 0x8f,
  0xfe, 0x8f, 0xfe, 0x8f, 0xfe, 0x8f, 0xfe, 0x87, 0xfe, 0x8f, 0xfe, 0x87, 0xfe, 0x87, 0xfe, 0x87, 0xfe, 0x87, 0xff, 0x87, 0xff, 0x87, 0xff, 0x87, 0xff, 0x87, 0xff, 0x87, 0xff, 0x87, 0xff, 0x87,
  0xff, 0x87, 0xff, 0x87, 0xff, 0x87, 0xff, 0x87, 0xff, 0x7f, 0xff, 0x7f, 0xff, 0x7f, 0xff, 0x7f, 0xff, 0x7f, 0xff, 0x7f, 0xff, 0x7f, 0xff, 0x7f, 0xff, 0x7f, 0xff, 0x7f, 0xff, 0x7f, 0xff, 0x7f,
  0xff, 0x77, 0xff, 0x9f, 0xff, 0x85, 0x3e, 0x44, 0x3f, 0x54, 0xff, 0x74, 0x5f, 0x85, 0x1f, 0x7d, 0x9f, 0x5c, 0xde, 0x53, 0x5e, 0x4c, 0x7c, 0x54, 0x9e, 0x96, 0xff, 0x7f, 0x65, 0x11, 0xcb, 0x10,
  0x18, 0x22, 0x18, 0x22, 0x18, 0x22, 0x18, 0x22, 0x18, 0x22, 0x18, 0x22, 0x18, 0x22, 0x18, 0x22, 0x18, 0x22, 0x17, 0x22, 0xb8, 0x3a, 0x18, 0x2a, 0x18, 0x22, 0xaa, 0x10, 0x0f, 0x3c, 0xff, 0x7f,
  0xdf, 0x77, 0xdf, 0x77, 0xdf, 0x77, 0xdf, 0x77, 0xdf, 0x77, 0xdf, 0x77, 0xdf, 0x77, 0xdf, 0x77, 0xdf, 0x77, 0xdf, 0x77, 0xdf, 0x77, 0xdf, 0x77, 0xdf, 0x77, 0xdf, 0x77, 0xdf, 0x77, 0x00, 0x00,
  0x00, 0x00, 0x00, 0x00, 0x00, 0x00, 0x00, 0x00, 0x00, 0x00, 0x00, 0x00, 0x29, 0x22, 0xff, 0x7f, 0xff, 0x77, 0xff, 0x77, 0xff, 0x77, 0xff, 0x77, 0xdf, 0x77, 0xdf, 0x77, 0xdf, 0x77, 0xdf, 0x77,
  0xdf, 0x77, 0xdf, 0x77, 0xdf, 0x77, 0xdf, 0x77, 0xdf, 0x77, 0xdf, 0x77, 0xff, 0x77, 0xfc, 0x66, 0x00, 0x00, 0x57, 0xa6, 0x5b, 0xbf, 0x3a, 0xb7, 0x5b, 0xbf, 0x57, 0x9e, 0x00, 0x00, 0x00, 0x00,
  0x00, 0x00, 0x00, 0x00, 0x49, 0x4a, 0xff, 0xff, 0x8e, 0x73, 0x00, 0x00, 0x00, 0x00, 0x00, 0x00, 0x00, 0x00, 0xa6, 0x31, 0xff, 0xff, 0x34, 0xa5, 0x00, 0x00, 0x00, 0x00, 0x00, 0x00, 0x00, 0x00,
  0x45, 0x21, 0x17, 0x96, 0x1c, 0xaf, 0xfb, 0xa6, 0xfb, 0xa6, 0xfb, 0xa6, 0xfb, 0xa6, 0xfb, 0xa6, 0xfb, 0xa6, 0xdb, 0xa6, 0xdb, 0xa6, 0xdb, 0xa6, 0xdb, 0xa6, 0xdb, 0xa6, 0xdb, 0xa6, 0xdb, 0x9e,
  0xdb, 0x9e, 0xdb, 0x9e, 0xdc, 0x9e, 0xdb, 0x9e, 0xbb, 0x9e, 0xdc, 0x9e, 0xbc, 0x9e, 0xbc, 0x9e, 0xbc, 0x9e, 0xbc, 0x9e, 0xbc, 0x9e, 0xbc, 0x96, 0xbc, 0x96, 0xbc, 0x96, 0xbc, 0x96, 0xbc, 0x96,
  0xbc, 0x96, 0x9c, 0x96, 0x9c, 0x96, 0x9c, 0x96, 0x9c, 0x96, 0x9c, 0x96, 0x9c, 0x96, 0x9c, 0x96, 0x9c, 0x8e, 0x9c, 0x8e, 0x9c, 0x8e, 0x9c, 0x8e, 0x9c, 0x8e, 0x7c, 0x8e, 0x7c, 0x8e, 0x7c, 0x8e,
  0x7c, 0x8e, 0x7c, 0x8e, 0x7c, 0x86, 0x7c, 0x86, 0x7c, 0x86, 0x7d, 0x86, 0x7c, 0x86, 0x7d, 0x86, 0x5d, 0x86, 0x5d, 0x86, 0x5d, 0x86, 0x5d, 0x86, 0x5d, 0x86, 0x5d, 0x86, 0x5d, 0x7e, 0x5d, 0x7e,
  0x5d, 0x7e, 0x5d, 0x7e, 0x5d, 0x7e, 0x3d, 0x7e, 0x3d, 0x7e, 0x3d, 0x7e, 0x3d, 0x7e, 0x3d, 0x7e, 0x3d, 0x7e, 0x3d, 0x76, 0x3d, 0x76, 0x3d, 0x76, 0x3d, 0x76, 0x1d, 0x76, 0x1d, 0x76, 0x1d, 0x76,
  0x1d, 0x76, 0x1d, 0x76, 0x1d, 0x6e, 0x1e, 0x6e, 0x1d, 0x6e, 0x1e, 0x6e, 0xfe, 0x6d, 0x5f, 0x76, 0xce, 0x42, 0x4e, 0x2c, 0xfc, 0x37, 0xdb, 0x37, 0xfb, 0x37, 0x18, 0x2f, 0x2b, 0x13, 0x2c, 0x11,
  0xb3, 0x21, 0xb3, 0x19, 0x93, 0x19, 0xd3, 0x21, 0xf3, 0x29, 0xd3, 0x21, 0x92, 0x19, 0x92, 0x21, 0x92, 0x21, 0x92, 0x21, 0x92, 0x21, 0x92, 0x21, 0x92, 0x21, 0x92, 0x21, 0x92, 0x21, 0x92, 0x21,
  0x92, 0x21, 0x92, 0x21, 0x92, 0x21, 0x92, 0x21, 0x92, 0x21, 0x92, 0x21, 0x92, 0x19, 0x92, 0x19, 0x92, 0x19, 0x0c, 0x11, 0x66, 0x19, 0x6b, 0x4b, 0x51, 0x6d, 0xb3, 0x75, 0xb3, 0x75, 0xb3, 0x75,
  0xb3, 0x75, 0xb3, 0x75, 0xb3, 0x75, 0xb3, 0x75, 0xb3, 0x75, 0xb3, 0x75, 0xb3, 0x75, 0xb3, 0x75, 0xb3, 0x75, 0xb3, 0x75, 0xb3, 0x6d, 0xb3, 0x6d, 0xb3, 0x6d, 0xb3, 0x6d, 0xb3, 0x6d, 0xb3, 0x6d,
  0xb3, 0x6d, 0xb3, 0x6d, 0xb3, 0x6d, 0xb3, 0x6d, 0xb3, 0x6d, 0xb3, 0x6d, 0xb3, 0x6d, 0xb4, 0x6d, 0xb4, 0x6d, 0xb4, 0x6d, 0xb4, 0x6d, 0xb4, 0x6d, 0xb4, 0x6d, 0xb4, 0x6d, 0xb4, 0x6d, 0xb4, 0x6d,
  0xb4, 0x6d, 0xb4, 0x6d, 0xb4, 0x6d, 0xb4, 0x6d, 0xb4, 0x6d, 0xb4, 0x65, 0xb4, 0x65, 0xb4, 0x65, 0xb4, 0x65, 0xb4, 0x65, 0xb4, 0x65, 0xb4, 0x65, 0xb4, 0x65, 0xb4, 0x65, 0xb4, 0x65, 0xb4, 0x65,
  0xb4, 0x65, 0xb4, 0x65, 0xb4, 0x65, 0xb4, 0x65, 0xb4, 0x65, 0xb4, 0x65, 0xb5, 0x65, 0xb5, 0x65, 0xb5, 0x65, 0xb5, 0x65, 0xb5, 0x65, 0xb5, 0x65, 0xb5, 0x65, 0xb5, 0x65, 0xb5, 0x5d, 0xb5, 0x5d,
  0xb5, 0x5d, 0x95, 0x5d, 0x95, 0x5d, 0x95, 0x5d, 0x95, 0x5d, 0x95, 0x5d, 0x95, 0x5d, 0x95, 0x5d, 0x95, 0x5d, 0x95, 0x5d, 0x95, 0x5d, 0x95, 0x5d, 0x95, 0x5d, 0x95, 0x5d, 0x95, 0x5d, 0x95, 0x5d,
  0x95, 0x5d, 0x96, 0x5d, 0x96, 0x5d, 0x96, 0x5d, 0x96, 0x5d, 0x96, 0x5d, 0x96, 0x55, 0x96, 0x55, 0x96, 0x55, 0x96, 0x55, 0x96, 0x55, 0x96, 0x55, 0x96, 0x55, 0x96, 0x55, 0x96, 0x55, 0x96, 0x55,
  0x76, 0x4d, 0x79, 0x86, 0x9f, 0xa7, 0xbd, 0x7d, 0x77, 0x4c, 0xda, 0x5c, 0xfb, 0x64, 0xfb, 0x6c, 0xfc, 0x74, 0xda, 0x74, 0x5a, 0x7d, 0xff, 0x5d, 0x3f, 0x97, 0xf8, 0x55, 0xe3, 0x08, 0xcb, 0x10,
  0x18, 0x22, 0x18, 0x22, 0x18, 0x22, 0x18, 0x22, 0x18, 0x22, 0x18, 0x22, 0x18, 0x22, 0x18, 0x22, 0x18, 0x22, 0x17, 0x22, 0xb8, 0x3a, 0x18, 0x2a, 0x18, 0x22, 0xaa, 0x10, 0x0f, 0x3c, 0xff, 0x7f,
  0xdf, 0x77, 0xdf, 0x77, 0xdf, 0x77, 0xdf, 0x77, 0xdf, 0x77, 0xdf, 0x77, 0xdf, 0x77, 0xdf, 0x77, 0xdf, 0x77, 0xdf, 0x77, 0xdf, 0x77, 0xdf, 0x77, 0xdf, 0x77, 0xdf, 0x77, 0xdf, 0x77, 0x00, 0x00,
  0x00, 0x00, 0x00, 0x00, 0x00, 0x00, 0x00, 0x00, 0x00, 0x00, 0x00, 0x00, 0x49, 0x22, 0xff, 0x7f, 0x1c, 0x6f, 0x76, 0x55, 0x96, 0x55, 0xf7, 0x55, 0xff, 0x77, 0xdf, 0x77, 0xdf, 0x77, 0xdf, 0x77,
  0xdf, 0x77, 0xdf, 0x77, 0xdf, 0x77, 0xdf, 0x77, 0xdf, 0x77, 0xdf, 0x77, 0xff, 0x77, 0xfc, 0x66, 0x00, 0x00, 0x57, 0xa6, 0x5b, 0xbf, 0x3b, 0xb7, 0x5b, 0xb7, 0x57, 0x9e, 0x00, 0x00, 0x00, 0x00,
  0x00, 0x00, 0x00, 0x00, 0x25, 0x29, 0x2d, 0x6b, 0x04, 0x21, 0x00, 0x00, 0x00, 0x00, 0x00, 0x00, 0x00, 0x00, 0x61, 0x08, 0xcb, 0x5a, 0x69, 0x4a, 0x00, 0x00, 0x00, 0x00, 0x00, 0x00, 0x00, 0x00,
  0x45, 0x21, 0xf7, 0x95, 0x1c, 0xaf, 0xfb, 0xa6, 0xfb, 0xa6, 0xfb, 0xa6, 0xfb, 0xa6, 0xdb, 0xa6, 0xdb, 0xa6, 0xdb, 0xa6, 0xdb, 0xa6, 0xdb, 0xa6, 0xdb, 0xa6, 0xdb, 0xa6, 0xdb, 0x9e, 0xdb, 0x9e,
  0xdb, 0x9e, 0xdc, 0x9e, 0xbb, 0x9e, 0xdc, 0x9e, 0xbc, 0x9e, 0xbc, 0x9e, 0xbc, 0x9e, 0xbc, 0x9e, 0xbc, 0x9e, 0xbc, 0x96, 0xbc, 0x96, 0xbc, 0x96, 0xbc, 0x96, 0xbc, 0x96, 0xbc, 0x96, 0xbc, 0x96,
  0x9c, 0x96, 0x9c, 0x96, 0x9c, 0x96, 0x9c, 0x96, 0x9c, 0x96, 0x9c, 0x8e, 0x9c, 0x8e, 0x9c, 0x8e, 0x9c, 0x8e, 0x9c, 0x8e, 0x9c, 0x8e, 0x7c, 0x8e, 0x7c, 0x8e, 0x7c, 0x8e, 0x7c, 0x8e, 0x7c, 0x8e,
  0x7c, 0x8e, 0x7c, 0x8e, 0x7c, 0x86, 0x7d, 0x86, 0x7c, 0x86, 0x7d, 0x86, 0x7d, 0x86, 0x5d, 0x86, 0x5d, 0x86, 0x5d, 0x86, 0x5d, 0x86, 0x5d, 0x86, 0x5d, 0x7e, 0x5d, 0x7e, 0x5d, 0x7e, 0x5d, 0x7e,
  0x5d, 0x7e, 0x3d, 0x7e, 0x3d, 0x7e, 0x3d, 0x7e, 0x3d, 0x7e, 0x3d, 0x7e, 0x3d, 0x7e, 0x3d, 0x76, 0x3d, 0x76, 0x3d, 0x76, 0x3d, 0x76, 0x1d, 0x76, 0x1d, 0x76, 0x1d, 0x76, 0x1d, 0x76, 0x1d, 0x76,
  0x1d, 0x76, 0x1e, 0x6e, 0x1d, 0x6e, 0x1e, 0x6e, 0x1e, 0x6e, 0xfe, 0x6d, 0xfe, 0x6d, 0x5f, 0x6e, 0xce, 0x42, 0x4e, 0x2c, 0xfc, 0x37, 0xdb, 0x37, 0xfb, 0x37, 0x18, 0x2f, 0x2b, 0x13, 0x2c, 0x11,
  0xb3, 0x21, 0xb3, 0x21, 0x92, 0x19, 0xd3, 0x21, 0xf3, 0x29, 0xb3, 0x21, 0x92, 0x19, 0x92, 0x21, 0x92, 0x21, 0x92, 0x21, 0x92, 0x21, 0x92, 0x21, 0x92, 0x21, 0x92, 0x21, 0x92, 0x21, 0x92, 0x21,
  0x92, 0x21, 0x92, 0x21, 0x92, 0x21, 0x92, 0x19, 0x92, 0x19, 0x92, 0x19, 0x92, 0x19, 0x92, 0x19, 0x92, 0x19, 0xd3, 0x21, 0x4e, 0x19, 0xe7, 0x10, 0xa6, 0x29, 0x06, 0x32, 0xc5, 0x29, 0xc5, 0x29,
  0xc5, 0x29, 0xc5, 0x29, 0xc5, 0x29, 0xc5, 0x29, 0xc5, 0x29, 0xc5, 0x29, 0xc5, 0x29, 0xc5, 0x29, 0xc5, 0x29, 0xc5, 0x29, 0xc5, 0x29, 0xc5, 0x29, 0xc5, 0x29, 0xc5, 0x29, 0xc5, 0x29, 0xc5, 0x29,
  0xc5, 0x29, 0xc5, 0x29, 0xc5, 0x29, 0xc5, 0x29, 0xc5, 0x29, 0xc5, 0x29, 0xc5, 0x29, 0xc5, 0x29, 0xc5, 0x29, 0xc5, 0x29, 0xc5, 0x29, 0xc5, 0x29, 0xc5, 0x29, 0xc5, 0x29, 0xc5, 0x29, 0xc5, 0x29,
  0xc5, 0x29, 0xc5, 0x29, 0xc5, 0x29, 0xc5, 0x29, 0xc5, 0x29, 0xc5, 0x29, 0xc5, 0x29, 0xc5, 0x29, 0xc5, 0x29, 0xc5, 0x21, 0xc5, 0x21, 0xc5, 0x21, 0xc6, 0x21, 0xc6, 0x21, 0xc6, 0x21, 0xc6, 0x21,
  0xc6, 0x21, 0xc6, 0x21, 0xa6, 0x21, 0xa6, 0x21, 0xa6, 0x21, 0xa6, 0x21, 0xa6, 0x21, 0xa6, 0x21, 0xa6, 0x21, 0xa6, 0x21, 0xa6, 0x21, 0xa6, 0x21, 0xa6, 0x21, 0xa6, 0x21, 0xa6, 0x21, 0xa6, 0x21,
  0xa6, 0x21, 0xa6, 0x21, 0xa6, 0x21, 0xa6, 0x21, 0xa6, 0x21, 0xa6, 0x21, 0xa6, 0x21, 0xa6, 0x21, 0xa6, 0x21, 0xa6, 0x21, 0xa6, 0x21, 0xa6, 0x21, 0xa6, 0x21, 0xa6, 0x21, 0xa6, 0x21, 0xa6, 0x21,
  0xa6, 0x21, 0xa6, 0x21, 0xa6, 0x19, 0xa6, 0x19, 0xa6, 0x19, 0xa6, 0x19, 0xa6, 0x19, 0xa6, 0x19, 0xa6, 0x19, 0xa6, 0x19, 0xa6, 0x19, 0xa6, 0x19, 0xa6, 0x19, 0xc7, 0x19, 0xe7, 0x21, 0x08, 0x22,
  0x08, 0x22, 0x6a, 0x3a, 0x32, 0x64, 0xcc, 0x42, 0x07, 0x22, 0x49, 0x32, 0x4a, 0x32, 0x4a, 0x3a, 0x6a, 0x3a, 0x49, 0x32, 0x6a, 0x3a, 0x99, 0x7d, 0x53, 0x6c, 0x86, 0x11, 0xe3, 0x10, 0xeb, 0x18,
  0x18, 0x22, 0x18, 0x22, 0x18, 0x22, 0x18, 0x22, 0x18, 0x22, 0x18, 0x22, 0x18, 0x22, 0x17, 0x22, 0x17, 0x22, 0x17, 0x22, 0xb8, 0x3a, 0x18, 0x2a, 0x18, 0x22, 0xaa, 0x10, 0x0f, 0x3c, 0xff, 0x7f,
  0xdf, 0x77, 0xdf, 0x77, 0xdf, 0x77, 0xdf, 0x77, 0xdf, 0x77, 0xdf, 0x77, 0xdf, 0x77, 0xdf, 0x77, 0xdf, 0x77, 0xdf, 0x77, 0xdf, 0x77, 0xdf, 0x77, 0xdf, 0x77, 0xdf, 0x77, 0xdf, 0x77, 0x00, 0x00,
  0x00, 0x00, 0x00, 0x00, 0x00, 0x00, 0x00, 0x00, 0x00, 0x00, 0x00, 0x00, 0x69, 0x22, 0xdf, 0x77, 0x66, 0x11, 0x82, 0x08, 0xc3, 0x08, 0x6d, 0x33, 0xff, 0x7f, 0xdf, 0x77, 0xdf, 0x77, 0xdf, 0x77,
  0xdf, 0x77, 0xdf, 0x77, 0xdf, 0x77, 0xdf, 0x77, 0xdf, 0x77, 0xdf, 0x77, 0xff, 0x77, 0xfc, 0x66, 0x00, 0x00, 0x57, 0xa6, 0x5b, 0xb7, 0x1a, 0xb7, 0x5b, 0xb7, 0x57, 0x9e, 0x00, 0x00, 0x00, 0x00,
  0x00, 0x00, 0x00, 0x00, 0x00, 0x00, 0x00, 0x00, 0x00, 0x00, 0x00, 0x00, 0x00, 0x00, 0x00, 0x00, 0x00, 0x00, 0x00, 0x00, 0x00, 0x00, 0x00, 0x00, 0x00, 0x00, 0x00, 0x00, 0x00, 0x00, 0x00, 0x00,
  0x25, 0x19, 0xd7, 0x8d, 0x1c, 0xaf, 0xfb, 0xa6, 0xfb, 0xa6, 0xfb, 0xa6, 0xdb, 0xa6, 0xdb, 0xa6, 0xdb, 0xa6, 0xdb, 0xa6, 0xdb, 0xa6, 0xdb, 0xa6, 0xdb, 0x9e, 0xdb, 0x9e, 0xdb, 0x9e, 0xdc, 0x9e,
  0xbb, 0x9e, 0xdc, 0x9e, 0xbc, 0x9e, 0xbc, 0x9e, 0xbc, 0x9e, 0xbc, 0x9e, 0xbc, 0x9e, 0xbc, 0x96, 0xbc, 0x96, 0xbc, 0x96, 0xbc, 0x96, 0xbc, 0x96, 0xbc, 0x96, 0xbc, 0x96, 0x9c, 0x96, 0x9c, 0x96,
  0x9c, 0x96, 0x9c, 0x96, 0x9c, 0x96, 0x9c, 0x96, 0x9c, 0x8e, 0x9c, 0x8e, 0x9c, 0x8e, 0x9c, 0x8e, 0x9c, 0x8e, 0x7c, 0x8e, 0x7c, 0x8e, 0x7c, 0x8e, 0x7c, 0x8e, 0x7c, 0x8e, 0x7c, 0x8e, 0x7c, 0x8e,
  0x7c, 0x86, 0x7c, 0x86, 0x7d, 0x86, 0x7c, 0x86, 0x7d, 0x86, 0x5d, 0x86, 0x5d, 0x86, 0x5d, 0x86, 0x5d, 0x86, 0x5d, 0x86, 0x5d, 0x7e, 0x5d, 0x7e, 0x5d, 0x7e, 0x5d, 0x7e, 0x5d, 0x7e, 0x3d, 0x7e,
  0x3d, 0x7e, 0x3d, 0x7e, 0x3d, 0x7e, 0x3d, 0x7e, 0x3d, 0x7e, 0x3d, 0x7e, 0x3d, 0x76, 0x3d, 0x76, 0x3d, 0x76, 0x3d, 0x76, 0x1d, 0x76, 0x1d, 0x76, 0x1d, 0x76, 0x1d, 0x76, 0x1d, 0x76, 0x1d, 0x76,
  0x1e, 0x6e, 0x1d, 0x6e, 0x1e, 0x6e, 0xfe, 0x6d, 0xfe, 0x6d, 0xfe, 0x6d, 0xfe, 0x6d, 0x5f, 0x6e, 0xce, 0x42, 0x4e, 0x2c, 0xfc, 0x37, 0xdb, 0x37, 0xfb, 0x37, 0x18, 0x2f, 0x2b, 0x13, 0x2c, 0x11,
  0xb3, 0x21, 0x92, 0x21, 0x92, 0x19, 0xb3, 0x21, 0xf3, 0x29, 0xb3, 0x21, 0x92, 0x19, 0x92, 0x21, 0x92, 0x21, 0x92, 0x21, 0x92, 0x21, 0x92, 0x21, 0x92, 0x21, 0x92, 0x21, 0x92, 0x21, 0x92, 0x21,
  0x92, 0x21, 0x92, 0x19, 0x92, 0x19, 0x92, 0x19, 0x92, 0x19, 0x72, 0x19, 0x72, 0x19, 0x92, 0x19, 0x92, 0x19, 0xd2, 0x29, 0x4b, 0x29, 0x47, 0x21, 0x4d, 0x22, 0x12, 0x2b, 0x94, 0x2b, 0xb5, 0x33,
  0x95, 0x33, 0xb5, 0x33, 0xb5, 0x33, 0xb5, 0x33, 0xb5, 0x33, 0xb5, 0x33, 0xb5, 0x33, 0xb5, 0x33, 0xb5, 0x33, 0xb5, 0x33, 0xb5, 0x33, 0xb5, 0x3b, 0xd5, 0x3b, 0xd5, 0x3b, 0xd5, 0x3b, 0xd5, 0x3b,
  0xd5, 0x3b, 0xd5, 0x3b, 0xd5, 0x3b, 0xd4, 0x3b, 0xd4, 0x3b, 0xd4, 0x3b, 0xd4, 0x3b, 0xf4, 0x43, 0xf4, 0x43, 0xf4, 0x43, 0xf4, 0x43, 0xf4, 0x43, 0xf4, 0x43, 0xf4, 0x43, 0xf4, 0x43, 0xf4, 0x43,
  0xf4, 0x43, 0xf4, 0x43, 0x14, 0x44, 0xf4, 0x43, 0x14, 0x4c, 0x14, 0x4c, 0x14, 0x4c, 0x14, 0x4c, 0x14, 0x4c, 0x14, 0x4c, 0x14, 0x4c, 0x14, 0x4c, 0x14, 0x4c, 0x14, 0x4c, 0x14, 0x4c, 0x34, 0x54,
  0x34, 0x54, 0x34, 0x54, 0x34, 0x54, 0x34, 0x54, 0x34, 0x54, 0x34, 0x54, 0x33, 0x54, 0x34, 0x54, 0x34, 0x54, 0x33, 0x54, 0x53, 0x54, 0x53, 0x54, 0x53, 0x5c, 0x53, 0x5c, 0x53, 0x5c, 0x53, 0x5c,
  0x53, 0x5c, 0x53, 0x5c, 0x53, 0x5c, 0x53, 0x5c, 0x53, 0x5c, 0x73, 0x5c, 0x53, 0x5c, 0x73, 0x64, 0x73, 0x5c, 0x73, 0x64, 0x73, 0x64, 0x73, 0x64, 0x73, 0x64, 0x73, 0x64, 0x73, 0x64, 0x73, 0x64,
  0x73, 0x64, 0x73, 0x64, 0x93, 0x64, 0x93, 0x64, 0x93, 0x6c, 0x93, 0x6c, 0x93, 0x6c, 0x93, 0x6c, 0x93, 0x6c, 0x93, 0x6c, 0x93, 0x6c, 0xd3, 0x6c, 0xf3, 0x7c, 0xcf, 0x63, 0x6a, 0x42, 0x45, 0x21,
  0xe3, 0x18, 0x86, 0x29, 0xeb, 0x52, 0x8e, 0x63, 0xd3, 0x84, 0x34, 0x7d, 0xd3, 0x74, 0xb2, 0x74, 0xb2, 0x74, 0xb2, 0x74, 0xb2, 0x74, 0x59, 0xa6, 0xb5, 0x95, 0x13, 0x7d, 0xc5, 0x31, 0xeb, 0x18,
  0x18, 0x22, 0x18, 0x22, 0x18, 0x22, 0x18, 0x22, 0x17, 0x22, 0x17, 0x22, 0x17, 0x22, 0x17, 0x22, 0x17, 0x22, 0x17, 0x22, 0xb8, 0x3a, 0x37, 0x2a, 0x18, 0x22, 0xaa, 0x10, 0x0f, 0x3c, 0xff, 0x7f,
  0xdf, 0x77, 0xdf, 0x77, 0xdf, 0x77, 0xdf, 0x77, 0xdf, 0x77, 0xdf, 0x77, 0xdf, 0x77, 0xdf, 0x77, 0xdf, 0x77, 0xdf, 0x77, 0xdf, 0x77, 0xdf, 0x77, 0xdf, 0x77, 0xdf, 0x77, 0xdf, 0x77, 0x00, 0x00,
  0x00, 0x00, 0x00, 0x00, 0x00, 0x00, 0x00, 0x00, 0x00, 0x00, 0x00, 0x00, 0x69, 0x22, 0xff, 0x7f, 0x14, 0x4d, 0x55, 0x4d, 0x55, 0x4d, 0x9a, 0x66, 0xff, 0x77, 0xdf, 0x77, 0xdf, 0x77, 0xdf, 0x77,
  0xdf, 0x77, 0xdf, 0x77, 0xdf, 0x77, 0xdf, 0x77, 0xdf, 0x77, 0xdf, 0x77, 0xff, 0x77, 0xfc, 0x66, 0x00, 0x00, 0x37, 0xa6, 0x5b, 0xb7, 0x1b, 0xb7, 0x5b, 0xb7, 0x58, 0x9e, 0x00, 0x00, 0x00, 0x00,
  0x00, 0x00, 0x00, 0x00, 0x00, 0x00, 0x00, 0x00, 0x00, 0x00, 0x00, 0x00, 0x00, 0x00, 0x00, 0x00, 0x00, 0x00, 0x00, 0x00, 0x00, 0x00, 0x00, 0x00, 0x00, 0x00, 0x00, 0x00, 0x00, 0x00, 0x00, 0x00,
  0x24, 0x19, 0xfb, 0xa6, 0xfb, 0xa6, 0xfb, 0xa6, 0xdb, 0xa6, 0xdb, 0xa6, 0xdb, 0xa6, 0xdb, 0xa6, 0xdb, 0xa6, 0xdb, 0xa6, 0xdb, 0x9e, 0xdb, 0x9e, 0xdb, 0x9e, 0xdc, 0x9e, 0xbb, 0x9e, 0xdc, 0x9e,
  0xdc, 0x9e, 0xbc, 0x9e, 0xbc, 0x9e, 0xbc, 0x9e, 0xbc, 0x9e, 0xbc, 0x9e, 0xbc, 0x96, 0xbc, 0x96, 0xbc, 0x96, 0xbc, 0x96, 0xbc, 0x96, 0xbc, 0x96, 0x9c, 0x96, 0x9c, 0x96, 0x9c, 0x96, 0x9c, 0x96,
  0x9c, 0x96, 0x9c, 0x96, 0x9c, 0x96, 0x9c, 0x8e, 0x9c, 0x8e, 0x9c, 0x8e, 0x9c, 0x8e, 0x9c, 0x8e, 0x7c, 0x8e, 0x7c, 0x8e, 0x7c, 0x8e, 0x7c, 0x8e, 0x7c, 0x8e, 0x7c, 0x8e, 0x7c, 0x86, 0x7c, 0x86,
  0x7d, 0x86, 0x7c, 0x86, 0x7d, 0x86, 0x5d, 0x86, 0x5d, 0x86, 0x5d, 0x86, 0x5d, 0x86, 0x5d, 0x86, 0x5d, 0x7e, 0x5d, 0x7e, 0x5d, 0x7e, 0x5d, 0x7e, 0x5d, 0x7e, 0x5d, 0x7e, 0x3d, 0x7e, 0x3d, 0x7e,
  0x3d, 0x7e, 0x3d, 0x7e, 0x3d, 0x7e, 0x3d, 0x7e, 0x3d, 0x76, 0x3d, 0x76, 0x3d, 0x76, 0x3d, 0x76, 0x1d, 0x76, 0x1d, 0x76, 0x1d, 0x76, 0x1d, 0x76, 0x1d, 0x76, 0x1d, 0x76, 0x1d, 0x6e, 0x1d, 0x6e,
  0xfe, 0x6d, 0xfe, 0x6d, 0xfe, 0x6d, 0xfe, 0x6d, 0xfe, 0x6d, 0xfe, 0x6d, 0xfe, 0x6d, 0x5f, 0x6e, 0xae, 0x42, 0x4e, 0x2c, 0xfc, 0x37, 0xdb, 0x37, 0xfb, 0x37, 0x18, 0x2f, 0x2b, 0x13, 0x2c, 0x11,
  0x93, 0x21, 0x92, 0x21, 0x92, 0x19, 0xb3, 0x21, 0xf3, 0x29, 0xb3, 0x21, 0x92, 0x19, 0x92, 0x21, 0x92, 0x21, 0x92, 0x21, 0x92, 0x21, 0x92, 0x21, 0x92, 0x21, 0x92, 0x21, 0x92, 0x19, 0x92, 0x19,
  0x92, 0x19, 0x92, 0x19, 0x92, 0x19, 0x92, 0x19, 0x72, 0x19, 0x33, 0x32, 0xf3, 0x29, 0x72, 0x19, 0x92, 0x19, 0x2a, 0x21, 0xea, 0x29, 0x95, 0x33, 0x9c, 0x34, 0x1f, 0x3d, 0x5f, 0x3d, 0x7f, 0x3d,
  0x7f, 0x3d, 0x7f, 0x45, 0x7f, 0x45, 0x7f, 0x45, 0x9f, 0x45, 0x9f, 0x45, 0x9f, 0x45, 0x9f, 0x45, 0x9f, 0x4d, 0x9f, 0x4d, 0xbf, 0x4d, 0xbf, 0x4d, 0xbf, 0x4d, 0xbf, 0x4d, 0xbf, 0x4d, 0xbf, 0x4d,
  0xbf, 0x55, 0xbf, 0x55, 0xdf, 0x55, 0xdf, 0x55, 0xdf, 0x55, 0xdf, 0x55, 0xdf, 0x55, 0xdf, 0x5d, 0xff, 0x5d, 0xff, 0x5d, 0xff, 0x5d, 0xff, 0x5d, 0xff, 0x5d, 0xff, 0x5d, 0xff, 0x65, 0x1f, 0x66,
  0x1f, 0x66, 0x1f, 0x66, 0x1f, 0x66, 0x1f, 0x66, 0x1f, 0x66, 0x1f, 0x6e, 0x1f, 0x6e, 0x3f, 0x6e, 0x3f, 0x6e, 0x3f, 0x6e, 0x3f, 0x6e, 0x3f, 0x6e, 0x3f, 0x76, 0x3f, 0x76, 0x5f, 0x76, 0x5f, 0x76,
  0x5f, 0x76, 0x5f, 0x76, 0x5f, 0x76, 0x5f, 0x7e, 0x7e, 0x7e, 0x7e, 0x7e, 0x7e, 0x7e, 0x7e, 0x7e, 0x7e, 0x7e, 0x7e, 0x7e, 0x7e, 0x86, 0x9e, 0x86, 0x9e, 0x86, 0x9e, 0x86, 0x9e, 0x86, 0x9e, 0x86,
  0x9e, 0x86, 0x9e, 0x8e, 0xbe, 0x8e, 0xbe, 0x8e, 0xbe, 0x8e, 0xbe, 0x8e, 0xbe, 0x8e, 0xbd, 0x8e, 0xbd, 0x8e, 0xbd, 0x96, 0xdd, 0x96, 0xdd, 0x96, 0xdd, 0x96, 0xdd, 0x96, 0xdd, 0x96, 0xdd, 0x9e,
  0xdd, 0x9e, 0xfd, 0x9e, 0xfd, 0x9e, 0xfd, 0x9e, 0xfd, 0x9e, 0xfd, 0x9e, 0xfd, 0x9e, 0x1d, 0xa7, 0xfd, 0xa6, 0x1d, 0xa7, 0x3d, 0xa7, 0x7a, 0xa6, 0x6a, 0x42, 0xe8, 0x31, 0x25, 0x21, 0x62, 0x08,
  0x41, 0x08, 0xa3, 0x10, 0x45, 0x21, 0xe7, 0x31, 0x8a, 0x42, 0x0c, 0x4b, 0x18, 0x9e, 0xde, 0xc7, 0x7c, 0xb7, 0x5c, 0xb7, 0x5c, 0xb7, 0x3b, 0xb7, 0x7c, 0xbf, 0xfe, 0xcf, 0x06, 0x42, 0xec, 0x10,
  0x18, 0x22, 0x18, 0x22, 0x17, 0x22, 0x17, 0x22, 0x17, 0x22, 0x17, 0x22, 0x17, 0x22, 0x17, 0x22, 0x17, 0x22, 0x17, 0x22, 0xb8, 0x3a, 0x37, 0x2a, 0x18, 0x22, 0xaa, 0x10, 0x0f, 0x3c, 0xff, 0x7f,
  0xdf, 0x77, 0xdf, 0x77, 0xdf, 0x77, 0xdf, 0x77, 0xdf, 0x77, 0xdf, 0x77, 0xdf, 0x77, 0xdf, 0x77, 0xdf, 0x77, 0xdf, 0x77, 0xdf, 0x77, 0xdf, 0x77, 0xdf, 0x77, 0xdf, 0x77, 0xdf, 0x77, 0x00, 0x00,
  0x00, 0x00, 0x00, 0x00, 0x00, 0x00, 0x00, 0x00, 0x00, 0x00, 0x00, 0x00, 0x49, 0x22, 0x3d, 0x6f, 0x6a, 0x22, 0xeb, 0x2a, 0xcb, 0x2a, 0x8e, 0x33, 0xff, 0x7f, 0xdf, 0x77, 0xdf, 0x77, 0xdf, 0x77,
  0xdf, 0x77, 0xdf, 0x77, 0xdf, 0x77, 0xdf, 0x77, 0xdf, 0x77, 0xdf, 0x77, 0xff, 0x77, 0xfc, 0x66, 0x00, 0x00, 0x57, 0xa6, 0x5b, 0xb7, 0x1b, 0xb7, 0x3b, 0xb7, 0xb9, 0xae, 0xca, 0x42, 0x00, 0x00,
  0x00, 0x00, 0x00, 0x00, 0x00, 0x00, 0x00, 0x00, 0x00, 0x00, 0x00, 0x00, 0x00, 0x00, 0x00, 0x00, 0x00, 0x00, 0x00, 0x00, 0x00, 0x00, 0x00, 0x00, 0x00, 0x00, 0x00, 0x00, 0x00, 0x00, 0x00, 0x00,
  0x8e, 0x53, 0x5d, 0xaf, 0xdb, 0xa6, 0xdb, 0xa6, 0xdb, 0xa6, 0xdb, 0xa6, 0xdb, 0xa6, 0xdb, 0xa6, 0xdb, 0x9e, 0xdb, 0x9e, 0xdb, 0x9e, 0xdc, 0x9e, 0xdb, 0x9e, 0xbb, 0x9e, 0xdc, 0x9e, 0xbc, 0x9e,
  0xbc, 0x9e, 0xbc, 0x9e, 0xbc, 0x9e, 0xbc, 0x9e, 0xbc, 0x96, 0xbc, 0x96, 0xbc, 0x96, 0xbc, 0x96, 0xbc, 0x96, 0xbc, 0x96, 0x9c, 0x96, 0x9c, 0x96, 0x9c, 0x96, 0x9c, 0x96, 0x9c, 0x96, 0x9c, 0x96,
  0x9c, 0x96, 0x9c, 0x8e, 0x9c, 0x8e, 0x9c, 0x8e, 0x9c, 0x8e, 0x9c, 0x8e, 0x7c, 0x8e, 0x7c, 0x8e, 0x7c, 0x8e, 0x7c, 0x8e, 0x7c, 0x8e, 0x7c, 0x8e, 0x7c, 0x86, 0x7c, 0x86, 0x7d, 0x86, 0x7c, 0x86,
  0x7d, 0x86, 0x7d, 0x86, 0x5d, 0x86, 0x5d, 0x86, 0x5d, 0x86, 0x5d, 0x86, 0x5d, 0x86, 0x5d, 0x7e, 0x5d, 0x7e, 0x5d, 0x7e, 0x5d, 0x7e, 0x5d, 0x7e, 0x3d, 0x7e, 0x3d, 0x7e, 0x3d, 0x7e, 0x3d, 0x7e,
  0x3d, 0x7e, 0x3d, 0x7e, 0x3d, 0x76, 0x3d, 0x76, 0x3d, 0x76, 0x3d, 0x76, 0x1d, 0x76, 0x1d, 0x76, 0x1d, 0x76, 0x1d, 0x76, 0x1d, 0x76, 0x1d, 0x76, 0x1d, 0x6e, 0x1e, 0x6e, 0x1d, 0x6e, 0x1e, 0x6e,
  0xfe, 0x6d, 0xfe, 0x6d, 0xfe, 0x6d, 0xfe, 0x6d, 0xfe, 0x6d, 0xfe, 0x6d, 0xfe, 0x65, 0x3f, 0x6e, 0xae, 0x42, 0x4e, 0x2c, 0xfc, 0x37, 0xdb, 0x37, 0xfb, 0x37, 0x18, 0x2f, 0x2b, 0x13, 0x2c, 0x11,
  0x93, 0x21, 0x92, 0x21, 0x92, 0x19, 0xb3, 0x21, 0xf3, 0x29, 0xd3, 0x21, 0x92, 0x19, 0x92, 0x21, 0x92, 0x21, 0x92, 0x21, 0x92, 0x21, 0x92, 0x21, 0x92, 0x19, 0x92, 0x19, 0x92, 0x19, 0x92, 0x19,
  0x92, 0x19, 0x92, 0x19, 0x92, 0x19, 0x72, 0x19, 0x72, 0x19, 0xb8, 0x8c, 0x15, 0x53, 0x31, 0x11, 0x6f, 0x19, 0x27, 0x21, 0x95, 0x33, 0x5f, 0x3d, 0x5f, 0x3d, 0x5f, 0x3d, 0x5f, 0x3d, 0x5f, 0x3d,
  0x5f, 0x45, 0x5f, 0x45, 0x5f, 0x45, 0x5f, 0x45, 0x5f, 0x45, 0x7f, 0x45, 0x7f, 0x45, 0x7f, 0x4d, 0x7f, 0x4d, 0x7f, 0x4d, 0x7f, 0x4d, 0x7f, 0x4d, 0x7f, 0x4d, 0x9f, 0x4d, 0x9f, 0x4d, 0x9f, 0x55,
  0x9f, 0x55, 0x9f, 0x55, 0x9f, 0x55, 0x9f, 0x55, 0xbf, 0x55, 0xbf, 0x55, 0xbe, 0x55, 0xbe, 0x5d, 0xbe, 0x5d, 0xbe, 0x5d, 0xbe, 0x5d, 0xde, 0x5d, 0xde, 0x5d, 0xde, 0x5d, 0xde, 0x65, 0xde, 0x65,
  0xde, 0x65, 0xde, 0x65, 0xfe, 0x65, 0xfe, 0x65, 0xfe, 0x65, 0xfe, 0x6d, 0xfe, 0x6d, 0xfe, 0x6d, 0xfe, 0x6d, 0xfe, 0x6d, 0x1e, 0x6e, 0x1e, 0x6e, 0x1d, 0x6e, 0x1d, 0x76, 0x1d, 0x76, 0x1d, 0x76,
  0x1d, 0x76, 0x3d, 0x76, 0x3d, 0x76, 0x3d, 0x7e, 0x3d, 0x76, 0x3d, 0x7e, 0x3d, 0x7e, 0x3d, 0x7e, 0x3d, 0x7e, 0x5d, 0x7e, 0x5d, 0x7e, 0x5d, 0x7e, 0x5d, 0x86, 0x5d, 0x86, 0x5d, 0x86, 0x5d, 0x86,
  0x7d, 0x86, 0x7d, 0x86, 0x7c, 0x8e, 0x7c, 0x86, 0x7c, 0x8e, 0x7c, 0x8e, 0x7c, 0x8e, 0x9c, 0x8e, 0x9c, 0x8e, 0x9c, 0x8e, 0x9c, 0x8e, 0x9c, 0x96, 0x9c, 0x96, 0x9c, 0x96, 0x9c, 0x96, 0xbc, 0x96,
  0xbc, 0x96, 0xbc, 0x96, 0xbc, 0x9e, 0xbc, 0x9e, 0xbc, 0x9e, 0xbc, 0x9e, 0xdc, 0x9e, 0xdc, 0x9e, 0xdb, 0x9e, 0xdb, 0x9e, 0xfc, 0xa6, 0x9a, 0xa6, 0x92, 0x7c, 0x00, 0x00, 0x00, 0x00, 0x00, 0x00,
  0x00, 0x00, 0x00, 0x00, 0x00, 0x00, 0x00, 0x00, 0x00, 0x00, 0x00, 0x00, 0x86, 0x29, 0x69, 0x42, 0xda, 0xb6, 0xbd, 0xbf, 0x5b, 0xb7, 0x9c, 0xbf, 0x54, 0x95, 0x3b, 0xc7, 0x06, 0x42, 0xec, 0x10,
  0x17, 0x22, 0x17, 0x22, 0x17, 0x22, 0x17, 0x22, 0x17, 0x22, 0x17, 0x22, 0x17, 0x22, 0x17, 0x22, 0x17, 0x22, 0x17, 0x22, 0xb8, 0x3a, 0x17, 0x2a, 0x18, 0x22, 0xaa, 0x10, 0x0f, 0x3c, 0xff, 0x7f,
  0xdf, 0x77, 0xdf, 0x77, 0xdf, 0x77, 0xdf, 0x77, 0xdf, 0x77, 0xdf, 0x77, 0xdf, 0x77, 0xdf, 0x77, 0xdf, 0x77, 0xdf, 0x77, 0xdf, 0x77, 0xdf, 0x77, 0xdf, 0x77, 0xdf, 0x77, 0xdf, 0x77, 0x00, 0x00,
  0x00, 0x00, 0x00, 0x00, 0x00, 0x00, 0x00, 0x00, 0x00, 0x00, 0x00, 0x00, 0x69, 0x22, 0x3d, 0x6f, 0x66, 0x19, 0x08, 0x1a, 0x08, 0x22, 0x30, 0x3c, 0xff, 0x77, 0xdf, 0x77, 0xdf, 0x77, 0xdf, 0x77,
  0xdf, 0x77, 0xdf, 0x77, 0xdf, 0x77, 0xdf, 0x77, 0xdf, 0x77, 0xdf, 0x77, 0xff, 0x77, 0xfc, 0x66, 0x00, 0x00, 0x37, 0x9e, 0x3b, 0xb7, 0x1b, 0xb7, 0x1b, 0xaf, 0x1b, 0xaf, 0x58, 0x9e, 0xeb, 0x4a,
  0x41, 0x08, 0x00, 0x00, 0x20, 0x00, 0x20, 0x00, 0x20, 0x00, 0x20, 0x00, 0x20, 0x00, 0x20, 0x00, 0x20, 0x00, 0x20, 0x00, 0x20, 0x00, 0x20, 0x00, 0x20, 0x00, 0x20, 0x00, 0xe3, 0x10, 0xaf, 0x5b,
  0x7a, 0x9e, 0xfc, 0xa6, 0xdb, 0xa6, 0xdb, 0xa6, 0xdb, 0xa6, 0xdb, 0xa6, 0xdb, 0xa6, 0xdb, 0x9e, 0xdb, 0x9e, 0xdb, 0x9e, 0xdc, 0x9e, 0xbb, 0x9e, 0xdc, 0x9e, 0xbc, 0x9e, 0xbc, 0x9e, 0xbc, 0x9e,
  0xbc, 0x9e, 0xbc, 0x9e, 0xbc, 0x96, 0xbc, 0x96, 0xbc, 0x96, 0xbc, 0x96, 0xbc, 0x96, 0xbc, 0x96, 0xbc, 0x96, 0x9c, 0x96, 0x9c, 0x96, 0x9c, 0x96, 0x9c, 0x96, 0x9c, 0x96, 0x9c, 0x96, 0x9c, 0x8e,
  0x9c, 0x8e, 0x9c, 0x8e, 0x9c, 0x8e, 0x9c, 0x8e, 0x7c, 0x8e, 0x7c, 0x8e, 0x7c, 0x8e, 0x7c, 0x8e, 0x7c, 0x8e, 0x7c, 0x8e, 0x7c, 0x8e, 0x7c, 0x86, 0x7d, 0x86, 0x7c, 0x86, 0x7c, 0x86, 0x7d, 0x86,
  0x5d, 0x86, 0x5d, 0x86, 0x5d, 0x86, 0x5d, 0x86, 0x5d, 0x86, 0x5d, 0x7e, 0x5d, 0x7e, 0x5d, 0x7e, 0x5d, 0x7e, 0x5d, 0x7e, 0x3d, 0x7e, 0x3d, 0x7e, 0x3d, 0x7e, 0x3d, 0x7e, 0x3d, 0x7e, 0x3d, 0x7e,
  0x3d, 0x76, 0x3d, 0x76, 0x3d, 0x76, 0x3d, 0x76, 0x1d, 0x76, 0x1d, 0x76, 0x1d, 0x76, 0x1d, 0x76, 0x1d, 0x76, 0x1d, 0x76, 0x1d, 0x76, 0x1e, 0x6e, 0x1d, 0x6e, 0x1e, 0x6e, 0x1e, 0x6e, 0xfe, 0x6d,
  0xfe, 0x6d, 0xfe, 0x6d, 0xfe, 0x6d, 0xfe, 0x6d, 0xfe, 0x65, 0xfe, 0x65, 0xfe, 0x65, 0x3f, 0x6e, 0xae, 0x42, 0x4e, 0x2c, 0xfc, 0x37, 0xdb, 0x37, 0xfb, 0x37, 0x18, 0x2f, 0x2b, 0x13, 0x2c, 0x11,
  0x93, 0x21, 0x92, 0x21, 0x92, 0x19, 0xd2, 0x21, 0xf3, 0x29, 0xb3, 0x21, 0x92, 0x19, 0x92, 0x21, 0x92, 0x21, 0x92, 0x19, 0x92, 0x19, 0x92, 0x19, 0x92, 0x19, 0x92, 0x19, 0x92, 0x19, 0x92, 0x19,
  0x92, 0x19, 0x92, 0x19, 0x71, 0x19, 0xf2, 0x29, 0x17, 0x7c, 0x3e, 0xe7, 0x9a, 0xad, 0xb5, 0x42, 0x4b, 0x21, 0x4d, 0x2a, 0xbc, 0x3c, 0x7f, 0x3d, 0x5f, 0x3d, 0x5f, 0x45, 0x5f, 0x45, 0x5f, 0x45,
  0x5f, 0x45, 0x5f, 0x45, 0x5f, 0x45, 0x7f, 0x45, 0x7f, 0x45, 0x7f, 0x4d, 0x7f, 0x4d, 0x7f, 0x4d, 0x7f, 0x4d, 0x7f, 0x4d, 0x9f, 0x4d, 0x9f, 0x4d, 0x9f, 0x4d, 0x9f, 0x55, 0x9f, 0x55, 0x9f, 0x55,
  0x9f, 0x55, 0xbf, 0x55, 0xbf, 0x55, 0xbf, 0x55, 0xbe, 0x5d, 0xbe, 0x5d, 0xbe, 0x5d, 0xbe, 0x5d, 0xbe, 0x5d, 0xde, 0x5d, 0xde, 0x5d, 0xde, 0x65, 0xde, 0x65, 0xde, 0x65, 0xde, 0x65, 0xde, 0x65,
  0xfe, 0x65, 0xfe, 0x65, 0xfe, 0x65, 0xfe, 0x6d, 0xfe, 0x6d, 0xfe, 0x6d, 0xfe, 0x6d, 0xfe, 0x6d, 0x1e, 0x6e, 0x1e, 0x6e, 0x1d, 0x76, 0x1d, 0x76, 0x1d, 0x76, 0x1d, 0x76, 0x1d, 0x76, 0x3d, 0x76,
  0x3d, 0x76, 0x3d, 0x76, 0x3d, 0x7e, 0x3d, 0x7e, 0x3d, 0x7e, 0x3d, 0x7e, 0x5d, 0x7e, 0x5d, 0x7e, 0x5d, 0x7e, 0x5d, 0x86, 0x5d, 0x86, 0x5d, 0x86, 0x5d, 0x86, 0x7d, 0x86, 0x7d, 0x86, 0x7c, 0x86,
  0x7c, 0x86, 0x7c, 0x8e, 0x7c, 0x8e, 0x7c, 0x8e, 0x7c, 0x8e, 0x9c, 0x8e, 0x9c, 0x8e, 0x9c, 0x8e, 0x9c, 0x96, 0x9c, 0x96, 0x9c, 0x96, 0x9c, 0x96, 0x9c, 0x96, 0xbc, 0x96, 0xbc, 0x96, 0xbc, 0x96,
  0xbc, 0x9e, 0xbc, 0x9e, 0xbc, 0x9e, 0xbc, 0x9e, 0xdc, 0x9e, 0xdb, 0x9e, 0xdb, 0xa6, 0xdb, 0x9e, 0xdb, 0xa6, 0xdb, 0xa6, 0xdb, 0xa6, 0xfb, 0xa6, 0xff, 0xc7, 0x00, 0x00, 0x00, 0x00, 0x00, 0x00,
  0x00, 0x00, 0x00, 0x00, 0x00, 0x00, 0x00, 0x00, 0x00, 0x00, 0x00, 0x00, 0x00, 0x00, 0x00, 0x00, 0xe7, 0x39, 0x4d, 0x5b, 0x58, 0xae, 0x95, 0x95, 0xa3, 0x18, 0x91, 0x84, 0x47, 0x4a, 0xeb, 0x10,
  0x17, 0x22, 0x17, 0x22, 0x17, 0x22, 0x17, 0x22, 0x17, 0x22, 0x17, 0x22, 0x17, 0x22, 0x17, 0x22, 0x17, 0x22, 0xf7, 0x21, 0xb8, 0x3a, 0x17, 0x2a, 0x18, 0x22, 0xaa, 0x10, 0x0f, 0x3c, 0xff, 0x7f,
  0xdf, 0x77, 0xdf, 0x77, 0xdf, 0x77, 0xdf, 0x77, 0xdf, 0x77, 0xdf, 0x77, 0xdf, 0x77, 0xdf, 0x77, 0xdf, 0x77, 0xdf, 0x77, 0xdf, 0x77, 0xdf, 0x77, 0xdf, 0x77, 0xdf, 0x77, 0xdf, 0x77, 0x00, 0x00,
  0x00, 0x00, 0x00, 0x00, 0xe3, 0x18, 0xc3, 0x10, 0x00, 0x00, 0x00, 0x00, 0x49, 0x22, 0xff, 0x7f, 0x39, 0x5e, 0xb7, 0x55, 0xd7, 0x55, 0xdb, 0x66, 0xff, 0x77, 0xdf, 0x77, 0xdf, 0x77, 0xdf, 0x77,
  0xdf, 0x77, 0xdf, 0x77, 0xdf, 0x77, 0xdf, 0x77, 0xdf, 0x77, 0xdf, 0x77, 0xff, 0x77, 0xfc, 0x66, 0x00, 0x00, 0x37, 0x9e, 0x3b, 0xb7, 0x1b, 0xaf, 0x1b, 0xaf, 0x1b, 0xaf, 0x1b, 0xb7, 0x99, 0xa6,
  0x13, 0x7d, 0xf3, 0x7c, 0xf3, 0x7c, 0xf3, 0x7c, 0xf3, 0x7c, 0xf3, 0x7c, 0xf3, 0x74, 0xf3, 0x74, 0xf3, 0x74, 0xf3, 0x74, 0xf3, 0x74, 0xf3, 0x74, 0xd3, 0x74, 0xd3, 0x74, 0x55, 0x7d, 0x9a, 0x9e,
  0x1c, 0xa7, 0xdb, 0xa6, 0xdb, 0xa6, 0xdb, 0xa6, 0xdb, 0xa6, 0xdb, 0x9e, 0xdb, 0x9e, 0xdb, 0x9e, 0xdc, 0x9e, 0xbb, 0x9e, 0xdc, 0x9e, 0xbc, 0x9e, 0xbc, 0x9e, 0xbc, 0x9e, 0xbc, 0x9e, 0xbc, 0x9e,
  0xbc, 0x9e, 0xbc, 0x96, 0xbc, 0x96, 0xbc, 0x96, 0xbc, 0x96, 0xbc, 0x96, 0xbc, 0x96, 0x9c, 0x96, 0x9c, 0x96, 0x9c, 0x96, 0x9c, 0x96, 0x9c, 0x96, 0x9c, 0x96, 0x9c, 0x8e, 0x9c, 0x8e, 0x9c, 0x8e,
  0x9c, 0x8e, 0x9c, 0x8e, 0x9c, 0x8e, 0x7c, 0x8e, 0x7c, 0x8e, 0x7c, 0x8e, 0x7c, 0x8e, 0x7c, 0x8e, 0x7c, 0x8e, 0x7c, 0x86, 0x7c, 0x86, 0x7d, 0x86, 0x7c, 0x86, 0x7d, 0x86, 0x5d, 0x86, 0x5d, 0x86,
  0x5d, 0x86, 0x5d, 0x86, 0x5d, 0x86, 0x5d, 0x7e, 0x5d, 0x7e, 0x5d, 0x7e, 0x5d, 0x7e, 0x5d, 0x7e, 0x3d, 0x7e, 0x3d, 0x7e, 0x3d, 0x7e, 0x3d, 0x7e, 0x3d, 0x7e, 0x3d, 0x7e, 0x3d, 0x7e, 0x3d, 0x76,
  0x3d, 0x76, 0x3d, 0x76, 0x3d, 0x76, 0x1d, 0x76, 0x1d, 0x76, 0x1d, 0x76, 0x1d, 0x76, 0x1d, 0x76, 0x1d, 0x76, 0x1e, 0x6e, 0x1d, 0x6e, 0x1d, 0x6e, 0x1e, 0x6e, 0xfe, 0x6d, 0xfe, 0x6d, 0xfe, 0x6d,
  0xfe, 0x6d, 0xfe, 0x6d, 0xfe, 0x65, 0xfe, 0x65, 0xfe, 0x65, 0xfe, 0x65, 0xde, 0x65, 0x3f, 0x66, 0xae, 0x42, 0x4e, 0x2c, 0xfc, 0x37, 0xdb, 0x37, 0xfb, 0x37, 0x18, 0x2f, 0x2b, 0x13, 0x2c, 0x11,
  0x93, 0x21, 0x92, 0x21, 0x92, 0x19, 0xb3, 0x21, 0xf3, 0x29, 0xb2, 0x21, 0x92, 0x19, 0x92, 0x19, 0x92, 0x19, 0x92, 0x19, 0x92, 0x19, 0x92, 0x19, 0x92, 0x19, 0x92, 0x19, 0x92, 0x19, 0x92, 0x19,
  0x92, 0x19, 0x72, 0x19, 0xd2, 0x29, 0x17, 0x7c, 0xfd, 0xde, 0xff, 0xff, 0x9e, 0xf7, 0x9a, 0xb5, 0x4c, 0x4a, 0x12, 0x33, 0x1e, 0x3d, 0x5f, 0x45, 0x5f, 0x45, 0x5f, 0x45, 0x5f, 0x45, 0x5f, 0x45,
  0x7f, 0x45, 0x7f, 0x45, 0x7f, 0x45, 0x7f, 0x4d, 0x7f, 0x4d, 0x7f, 0x4d, 0x7f, 0x4d, 0x7f, 0x4d, 0x9f, 0x4d, 0x9f, 0x55, 0x9f, 0x55, 0x9f, 0x55, 0x9f, 0x55, 0x9f, 0x55, 0x9f, 0x55, 0xbf, 0x55,
  0xbf, 0x55, 0xbe, 0x55, 0xbe, 0x5d, 0xbe, 0x5d, 0xbe, 0x5d, 0xbe, 0x5d, 0xde, 0x5d, 0xde, 0x5d, 0xde, 0x5d, 0xde, 0x65, 0xde, 0x65, 0xde, 0x65, 0xde, 0x65, 0xfe, 0x65, 0xfe, 0x65, 0xfe, 0x65,
  0xfe, 0x6d, 0xfe, 0x6d, 0xfe, 0x6d, 0xfe, 0x6d, 0xfe, 0x6d, 0x1e, 0x6e, 0x1e, 0x6e, 0x1d, 0x6e, 0x1d, 0x76, 0x1d, 0x76, 0x1d, 0x76, 0x1d, 0x76, 0x3d, 0x76, 0x3d, 0x76, 0x3d, 0x7e, 0x3d, 0x76,
  0x3d, 0x7e, 0x3d, 0x7e, 0x3d, 0x7e, 0x3d, 0x7e, 0x5d, 0x7e, 0x5d, 0x7e, 0x5d, 0x7e, 0x5d, 0x86, 0x5d, 0x86, 0x5d, 0x86, 0x5d, 0x86, 0x7d, 0x86, 0x7d, 0x86, 0x7c, 0x86, 0x7c, 0x8e, 0x7c, 0x8e,
  0x7c, 0x8e, 0x7c, 0x8e, 0x9c, 0x8e, 0x9c, 0x8e, 0x9c, 0x8e, 0x9c, 0x8e, 0x9c, 0x96, 0x9c, 0x96, 0x9c, 0x96, 0x9c, 0x96, 0xbc, 0x96, 0xbc, 0x96, 0xbc, 0x96, 0xbc, 0x9e, 0xbc, 0x9e, 0xbc, 0x9e,
  0xbc, 0x9e, 0xdc, 0x9e, 0xdc, 0x9e, 0xdb, 0x9e, 0xdb, 0x9e, 0xdb, 0xa6, 0xdb, 0xa6, 0xdb, 0xa6, 0xdb, 0xa6, 0xfb, 0xa6, 0xfb, 0xa6, 0xfb, 0xa6, 0xdf, 0xc7, 0x00, 0x00, 0x00, 0x00, 0x00, 0x00,
  0x00, 0x00, 0x00, 0x00, 0x00, 0x00, 0x00, 0x00, 0x00, 0x00, 0x00, 0x00, 0x00, 0x00, 0x00, 0x00, 0x00, 0x00, 0x20, 0x00, 0xc7, 0x31, 0x45, 0x21, 0x00, 0x00, 0x04, 0x19, 0xc9, 0x5a, 0xeb, 0x10,
  0x17, 0x22, 0x17, 0x22, 0x17, 0x22, 0x17, 0x22, 0x17, 0x22, 0x17, 0x22, 0x17, 0x22, 0x17, 0x22, 0x17, 0x22, 0x17, 0x22, 0xb8, 0x3a, 0x17, 0x2a, 0x18, 0x22, 0xaa, 0x10, 0x0f, 0x3c, 0xff, 0x7f,
  0xdf, 0x77, 0xdf, 0x77, 0xdf, 0x77, 0xdf, 0x77, 0xdf, 0x77, 0xdf, 0x77, 0xdf, 0x77, 0xdf, 0x77, 0xdf, 0x77, 0xdf, 0x77, 0xdf, 0x77, 0xdf, 0x77, 0xdf, 0x77, 0xdf, 0x77, 0xdf, 0x77, 0x00, 0x00,
  0x00, 0x00, 0xcb, 0x4a, 0xb6, 0x95, 0x34, 0x8d, 0xa3, 0x10, 0x00, 0x00, 0x69, 0x22, 0xdf, 0x77, 0xa7, 0x19, 0x86, 0x19, 0x86, 0x19, 0x0c, 0x2b, 0xff, 0x7f, 0xdf, 0x77, 0xdf, 0x77, 0xdf, 0x77,
  0xdf, 0x77, 0xdf, 0x77, 0xdf, 0x77, 0xdf, 0x77, 0xdf, 0x77, 0xdf, 0x77, 0xff, 0x77, 0xfc, 0x66, 0x00, 0x00, 0x37, 0x9e, 0x3b, 0xb7, 0x1b, 0xaf, 0x1b, 0xaf, 0x1b, 0xaf, 0x1b, 0xaf, 0x1b, 0xaf,
  0x3c, 0xb7, 0x5c, 0xb7, 0x5c, 0xb7, 0x5c, 0xb7, 0x3c, 0xaf, 0x3c, 0xaf, 0x3c, 0xaf, 0x3c, 0xaf, 0x3c, 0xaf, 0x3c, 0xaf, 0x3c, 0xaf, 0x3c, 0xaf, 0x3c, 0xaf, 0x3c, 0xaf, 0x1c, 0xa7, 0xfc, 0xa6,
  0xdb, 0xa6, 0xdb, 0xa6, 0xdb, 0xa6, 0xdb, 0x9e, 0xdb, 0x9e, 0xdb, 0x9e, 0xdc, 0x9e, 0xdb, 0x9e, 0xbc, 0x9e, 0xdc, 0x9e, 0xbc, 0x9e, 0xbc, 0x9e, 0xbc, 0x9e, 0xbc, 0x9e, 0xbc, 0x9e, 0xbc, 0x96,
  0xbc, 0x96, 0xbc, 0x96, 0xbc, 0x96, 0xbc, 0x96, 0xbc, 0x96, 0x9c, 0x96, 0x9c, 0x96, 0x9c, 0x96, 0x9c, 0x96, 0x9c, 0x96, 0x9c, 0x96, 0x9c, 0x96, 0x9c, 0x8e, 0x9c, 0x8e, 0x9c, 0x8e, 0x9c, 0x8e,
  0x9c, 0x8e, 0x7c, 0x8e, 0x7c, 0x8e, 0x7c, 0x8e, 0x7c, 0x8e, 0x7c, 0x8e, 0x7c, 0x8e, 0x7c, 0x86, 0x7c, 0x86, 0x7d, 0x86, 0x7c, 0x86, 0x7d, 0x86, 0x5d, 0x86, 0x5d, 0x86, 0x5d, 0x86, 0x5d, 0x86,
  0x5d, 0x86, 0x5d, 0x7e, 0x5d, 0x7e, 0x5d, 0x7e, 0x5d, 0x7e, 0x5d, 0x7e, 0x5d, 0x7e, 0x3d, 0x7e, 0x3d, 0x7e, 0x3d, 0x7e, 0x3d, 0x7e, 0x3d, 0x7e, 0x3d, 0x7e, 0x3d, 0x76, 0x3d, 0x76, 0x3d, 0x76,
  0x3d, 0x76, 0x1d, 0x76, 0x1d, 0x76, 0x1d, 0x76, 0x1d, 0x76, 0x1d, 0x76, 0x1d, 0x76, 0x1d, 0x6e, 0x1e, 0x6e, 0x1d, 0x6e, 0x1e, 0x6e, 0xfe, 0x6d, 0xfe, 0x6d, 0xfe, 0x6d, 0xfe, 0x6d, 0xfe, 0x6d,
  0xfe, 0x6d, 0xfe, 0x65, 0xfe, 0x65, 0xfe, 0x65, 0xde, 0x65, 0xde, 0x65, 0xde, 0x65, 0x3f, 0x66, 0xae, 0x42, 0x4e, 0x2c, 0xfc, 0x37, 0xdb, 0x37, 0xfb, 0x37, 0x18, 0x2f, 0x2b, 0x13, 0x2c, 0x11,
  0x93, 0x21, 0x92, 0x21, 0x92, 0x19, 0xb2, 0x21, 0xf3, 0x29, 0xb2, 0x21, 0x92, 0x19, 0x92, 0x19, 0x92, 0x19, 0x92, 0x19, 0x92, 0x19, 0x92, 0x19, 0x92, 0x19, 0x92, 0x19, 0x92, 0x19, 0x92, 0x19,
  0x92, 0x19, 0x92, 0x19, 0xb2, 0x21, 0x94, 0x42, 0x37, 0x7c, 0x3d, 0xe7, 0x99, 0xad, 0x35, 0x5b, 0xab, 0x31, 0x32, 0x33, 0x1e, 0x3d, 0x7f, 0x45, 0x5f, 0x45, 0x5f, 0x45, 0x7f, 0x45, 0x7f, 0x45,
  0x7f, 0x4d, 0x7f, 0x4d, 0x5f, 0x45, 0x9f, 0x55, 0x9f, 0x55, 0x9f, 0x4d, 0x9f, 0x4d, 0x9f, 0x4d, 0x9f, 0x55, 0x9f, 0x55, 0x9f, 0x55, 0x9f, 0x55, 0xbf, 0x55, 0xbf, 0x55, 0xbf, 0x55, 0xbe, 0x5d,
  0xbe, 0x5d, 0xbe, 0x5d, 0xbe, 0x5d, 0xbe, 0x5d, 0xde, 0x5d, 0xde, 0x5d, 0xde, 0x65, 0xde, 0x65, 0xde, 0x65, 0xde, 0x65, 0xde, 0x65, 0xfe, 0x65, 0xfe, 0x65, 0xfe, 0x65, 0xfe, 0x6d, 0xfe, 0x6d,
  0xfe, 0x6d, 0xfe, 0x6d, 0xfe, 0x6d, 0x1e, 0x6e, 0x1e, 0x6e, 0x1d, 0x76, 0x1d, 0x76, 0x1d, 0x76, 0x1d, 0x76, 0x1d, 0x76, 0x3d, 0x76, 0x3d, 0x76, 0x3d, 0x76, 0x3d, 0x7e, 0x3d, 0x7e, 0x3d, 0x7e,
  0x3d, 0x7e, 0x5d, 0x7e, 0x5d, 0x7e, 0x5d, 0x7e, 0x5d, 0x86, 0x5d, 0x86, 0x5d, 0x86, 0x5d, 0x86, 0x7d, 0x86, 0x7d, 0x86, 0x7c, 0x86, 0x7c, 0x86, 0x7c, 0x8e, 0x7c, 0x8e, 0x7c, 0x8e, 0x7c, 0x8e,
  0x9c, 0x8e, 0x9c, 0x8e, 0x9c, 0x8e, 0x9c, 0x96, 0x9c, 0x96, 0x9c, 0x96, 0x9c, 0x96, 0x9c, 0x96, 0xbc, 0x96, 0xbc, 0x96, 0xbc, 0x96, 0xbc, 0x9e, 0xbc, 0x9e, 0xbc, 0x9e, 0xbc, 0x9e, 0xdc, 0x9e,
  0xdb, 0x9e, 0xdb, 0xa6, 0xdb, 0x9e, 0xdb, 0xa6, 0xdb, 0xa6, 0xdb, 0xa6, 0xfb, 0xa6, 0xfb, 0xa6, 0xfb, 0xa6, 0xfb, 0xa6, 0xfb, 0xae, 0x5c, 0xb7, 0xb2, 0x84, 0x00, 0x00, 0x00, 0x00, 0x00, 0x00,
  0x00, 0x00, 0x00, 0x00, 0x00, 0x00, 0x00, 0x00, 0x00, 0x00, 0x00, 0x00, 0x00, 0x00, 0x00, 0x00, 0x00, 0x00, 0x00, 0x00, 0x00, 0x00, 0x00, 0x00, 0x00, 0x00, 0x00, 0x00, 0x4b, 0x6b, 0xeb, 0x10,
  0x17, 0x22, 0x17, 0x22, 0x17, 0x22, 0x17, 0x22, 0x17, 0x22, 0x17, 0x22, 0x17, 0x22, 0x17, 0x22, 0x17, 0x22, 0x17, 0x22, 0xb8, 0x3a, 0x37, 0x2a, 0x18, 0x22, 0xaa, 0x10, 0x0f, 0x3c, 0xff, 0x7f,
  0xdf, 0x77, 0xdf, 0x77, 0xdf, 0x77, 0xdf, 0x77, 0xdf, 0x77, 0xdf, 0x77, 0xdf, 0x77, 0xdf, 0x77, 0xdf, 0x77, 0xdf, 0x77, 0xdf, 0x77, 0xdf, 0x77, 0xdf, 0x77, 0xdf, 0x77, 0xdf, 0x77, 0x00, 0x00,
  0x00, 0x00, 0x10, 0x6c, 0xbe, 0xc7, 0x1c, 0xbf, 0x25, 0x21, 0x00, 0x00, 0x49, 0x22, 0xff, 0x77, 0xb2, 0x44, 0xcf, 0x3b, 0xf0, 0x3b, 0xd7, 0x55, 0xff, 0x77, 0xdf, 0x77, 0xdf, 0x77, 0xdf, 0x77,
  0xdf, 0x77, 0xdf, 0x77, 0xdf, 0x77, 0xdf, 0x77, 0xdf, 0x77, 0xdf, 0x77, 0xff, 0x77, 0xfc, 0x66, 0x00, 0x00, 0x38, 0x9e, 0x3b, 0xb7, 0x1b, 0xaf, 0xfb, 0xae, 0x1b, 0xaf, 0xfb, 0xae, 0xfb, 0xae,
  0xfb, 0xae, 0xfb, 0xae, 0xfb, 0xae, 0xfb, 0xae, 0xfb, 0xae, 0xfb, 0xa6, 0xfb, 0xa6, 0xfb, 0xa6, 0xfb, 0xa6, 0xfb, 0xa6, 0xfb, 0xa6, 0xdb, 0xa6, 0xdb, 0xa6, 0xdb, 0xa6, 0xdb, 0xa6, 0xdb, 0xa6,
  0xdb, 0xa6, 0xdb, 0xa6, 0xdb, 0x9e, 0xdb, 0x9e, 0xdb, 0x9e, 0xdc, 0x9e, 0xbb, 0x9e, 0xdc, 0x9e, 0xbc, 0x9e, 0xbc, 0x9e, 0xbc, 0x9e, 0xbc, 0x9e, 0xbc, 0x9e, 0xbc, 0x96, 0xbc, 0x96, 0xbc, 0x96,
  0xbc, 0x96, 0xbc, 0x96, 0xbc, 0x96, 0xbc, 0x96, 0x9c, 0x96, 0x9c, 0x96, 0x9c, 0x96, 0x9c, 0x96, 0x9c, 0x96, 0x9c, 0x96, 0x9c, 0x8e, 0x9c, 0x8e, 0x9c, 0x8e, 0x9c, 0x8e, 0x9c, 0x8e, 0x7c, 0x8e,
  0x7c, 0x8e, 0x7c, 0x8e, 0x7c, 0x8e, 0x7c, 0x8e, 0x7c, 0x8e, 0x7c, 0x86, 0x7c, 0x86, 0x7d, 0x86, 0x7c, 0x86, 0x7d, 0x86, 0x7d, 0x86, 0x5d, 0x86, 0x5d, 0x86, 0x5d, 0x86, 0x5d, 0x86, 0x5d, 0x86,
  0x5d, 0x7e, 0x5d, 0x7e, 0x5d, 0x7e, 0x5d, 0x7e, 0x5d, 0x7e, 0x3d, 0x7e, 0x3d, 0x7e, 0x3d, 0x7e, 0x3d, 0x7e, 0x3d, 0x7e, 0x3d, 0x7e, 0x3d, 0x76, 0x3d, 0x76, 0x3d, 0x76, 0x3d, 0x76, 0x1d, 0x76,
  0x1d, 0x76, 0x1d, 0x76, 0x1d, 0x76, 0x1d, 0x76, 0x1d, 0x76, 0x1d, 0x76, 0x1e, 0x6e, 0x1d, 0x6e, 0x1e, 0x6e, 0xfe, 0x6d, 0xfe, 0x6d, 0xfe, 0x6d, 0xfe, 0x6d, 0xfe, 0x6d, 0xfe, 0x6d, 0xfe, 0x6d,
  0xfe, 0x65, 0xfe, 0x65, 0xfe, 0x65, 0xde, 0x65, 0xde, 0x65, 0xde, 0x65, 0xde, 0x65, 0x3f, 0x66, 0xae, 0x42, 0x4e, 0x2c, 0xfc, 0x37, 0xdb, 0x37, 0xfb, 0x37, 0x18, 0x2f, 0x2b, 0x13, 0x2c, 0x11,
  0x93, 0x21, 0x92, 0x21, 0x92, 0x19, 0xb2, 0x21, 0xf3, 0x29, 0xb2, 0x21, 0x92, 0x19, 0x92, 0x19, 0x92, 0x19, 0x92, 0x19, 0x92, 0x19, 0x92, 0x19, 0x92, 0x19, 0x92, 0x19, 0x92, 0x19, 0x92, 0x19,
  0x92, 0x19, 0x92, 0x19, 0x71, 0x19, 0x31, 0x11, 0x75, 0x63, 0x16, 0x7c, 0x33, 0x32, 0x52, 0x11, 0x2a, 0x21, 0x32, 0x33, 0x1e, 0x45, 0x7f, 0x45, 0x7f, 0x45, 0x7f, 0x45, 0x7f, 0x4d, 0x7f, 0x4d,
  0x7f, 0x4d, 0x9f, 0x4d, 0x7f, 0x96, 0x3f, 0x86, 0x9f, 0x55, 0x9f, 0x4d, 0x9f, 0x55, 0x9f, 0x55, 0x9f, 0x55, 0x9f, 0x55, 0xbf, 0x55, 0xbf, 0x55, 0xbf, 0x55, 0xbe, 0x5d, 0xbe, 0x5d, 0xbe, 0x5d,
  0xbe, 0x5d, 0xde, 0x5d, 0xde, 0x5d, 0xde, 0x5d, 0xde, 0x65, 0xde, 0x65, 0xde, 0x65, 0xde, 0x65, 0xfe, 0x65, 0xfe, 0x65, 0xfe, 0x65, 0xfe, 0x6d, 0xfe, 0x6d, 0xfe, 0x6d, 0xfe, 0x6d, 0xfe, 0x6d,
  0x1e, 0x6e, 0x1e, 0x6e, 0x1d, 0x6e, 0x1d, 0x76, 0x1d, 0x76, 0x1d, 0x76, 0x1d, 0x76, 0x3d, 0x76, 0x3d, 0x76, 0x3d, 0x7e, 0x3d, 0x76, 0x3d, 0x7e, 0x3d, 0x7e, 0x3d, 0x7e, 0x3d, 0x7e, 0x5d, 0x7e,
  0x5d, 0x7e, 0x5d, 0x7e, 0x5d, 0x86, 0x5d, 0x86, 0x5d, 0x86, 0x5d, 0x86, 0x7d, 0x86, 0x7d, 0x86, 0x7c, 0x86, 0x7c, 0x8e, 0x7c, 0x8e, 0x7c, 0x8e, 0x7c, 0x8e, 0x9c, 0x8e, 0x9c, 0x8e, 0x9c, 0x8e,
  0x9c, 0x8e, 0x9c, 0x96, 0x9c, 0x96, 0x9c, 0x96, 0x9c, 0x96, 0xbc, 0x96, 0xbc, 0x96, 0xbc, 0x96, 0xbc, 0x9e, 0xbc, 0x9e, 0xbc, 0x9e, 0xbc, 0x9e, 0xdc, 0x9e, 0xdc, 0x9e, 0xdb, 0x9e, 0xdb, 0x9e,
  0xdb, 0xa6, 0xdb, 0xa6, 0xdb, 0xa6, 0xdb, 0xa6, 0xfb, 0xa6, 0xfb, 0xa6, 0xfb, 0xa6, 0xfb, 0xae, 0xfb, 0xae, 0xfb, 0xae, 0x1b, 0xaf, 0x9d, 0xc7, 0xa2, 0x10, 0x00, 0x00, 0x00, 0x00, 0x00, 0x00,
  0x00, 0x00, 0x00, 0x00, 0x00, 0x00, 0x00, 0x00, 0x00, 0x00, 0x00, 0x00, 0x00, 0x00, 0x00, 0x00, 0x00, 0x00, 0x00, 0x00, 0x00, 0x00, 0x00, 0x00, 0x00, 0x00, 0x00, 0x00, 0xcd, 0x7b, 0xcb, 0x10,
  0x17, 0x22, 0x17, 0x22, 0x17, 0x22, 0x17, 0x22, 0x17, 0x22, 0x17, 0x22, 0x17, 0x22, 0x17, 0x22, 0x17, 0x22, 0x17, 0x22, 0xb8, 0x3a, 0x17, 0x2a, 0x18, 0x22, 0xaa, 0x10, 0x0f, 0x3c, 0xff, 0x7f,
  0xdf, 0x77, 0xdf, 0x77, 0xdf, 0x77, 0xdf, 0x77, 0xdf, 0x77, 0xdf, 0x77, 0xdf, 0x77, 0xdf, 0x77, 0xdf, 0x77, 0xdf, 0x77, 0xdf, 0x77, 0xdf, 0x77, 0xdf, 0x77, 0xdf, 0x77, 0xdf, 0x77, 0x00, 0x00,
  0x00, 0x00, 0xef, 0x63, 0x7d, 0xc7, 0xfb, 0xb6, 0x24, 0x21, 0x00, 0x00, 0x49, 0x22, 0xff, 0x7f, 0xd7, 0x55, 0x2d, 0x33, 0x6d, 0x33, 0x51, 0x44, 0xff, 0x77, 0xdf, 0x77, 0xdf, 0x77, 0xdf, 0x77,
  0xdf, 0x77, 0xdf, 0x77, 0xdf, 0x77, 0xdf, 0x77, 0xdf, 0x77, 0xdf, 0x77, 0xff, 0x77, 0xfc, 0x66, 0x00, 0x00, 0x38, 0x9e, 0x3b, 0xaf, 0x1b, 0xaf, 0x1b, 0xaf, 0xfb, 0xae, 0xfb, 0xae, 0xfb, 0xae,
  0xfb, 0xae, 0xfb, 0xae, 0xfb, 0xae, 0xfb, 0xa6, 0xfb, 0xa6, 0xfb, 0xa6, 0xfb, 0xa6, 0xfb, 0xa6, 0xfb, 0xa6, 0xdb, 0xa6, 0xdb, 0xa6, 0xdb, 0xa6, 0xdb, 0xa6, 0xdb, 0xa6, 0xdb, 0xa6, 0xdb, 0xa6,
  0xdb, 0x9e, 0xdb, 0x9e, 0xdb, 0x9e, 0xdc, 0x9e, 0xbb, 0x9e, 0xdc, 0x9e, 0xbc, 0x9e, 0xbc, 0x9e, 0xbc, 0x9e, 0xbc, 0x9e, 0xbc, 0x9e, 0xbc, 0x96, 0xbc, 0x96, 0xbc, 0x96, 0xbc, 0x96, 0xbc, 0x96,
  0xbc, 0x96, 0xbc, 0x96, 0x9c, 0x96, 0x9c, 0x96, 0x9c, 0x96, 0x9c, 0x96, 0x9c, 0x96, 0x9c, 0x96, 0x9c, 0x8e, 0x9c, 0x8e, 0x9c, 0x8e, 0x9c, 0x8e, 0x9c, 0x8e, 0x7c, 0x8e, 0x7c, 0x8e, 0x7c, 0x8e,
  0x7c, 0x8e, 0x7c, 0x8e, 0x7c, 0x8e, 0x7c, 0x8e, 0x7c, 0x86, 0x7d, 0x86, 0x7c, 0x86, 0x7c, 0x86, 0x7d, 0x86, 0x5d, 0x86, 0x5d, 0x86, 0x5d, 0x86, 0x5d, 0x86, 0x5d, 0x86, 0x5d, 0x7e, 0x5d, 0x7e,
  0x5d, 0x7e, 0x5d, 0x7e, 0x5d, 0x7e, 0x3d, 0x7e, 0x3d, 0x7e, 0x3d, 0x7e, 0x3d, 0x7e, 0x3d, 0x7e, 0x3d, 0x7e, 0x3d, 0x7e, 0x3d, 0x76, 0x3d, 0x76, 0x3d, 0x76, 0x1d, 0x76, 0x1d, 0x76, 0x1d, 0x76,
  0x1d, 0x76, 0x1d, 0x76, 0x1d, 0x76, 0x1d, 0x76, 0x1e, 0x6e, 0x1d, 0x6e, 0x1e, 0x6e, 0x1e, 0x6e, 0xfe, 0x6d, 0xfe, 0x6d, 0xfe, 0x6d, 0xfe, 0x6d, 0xfe, 0x6d, 0xfe, 0x6d, 0xfe, 0x65, 0xfe, 0x65,
  0xfe, 0x65, 0xde, 0x65, 0xde, 0x65, 0xde, 0x65, 0xde, 0x65, 0xde, 0x65, 0xde, 0x65, 0x1f, 0x66, 0xae, 0x42, 0x4e, 0x2c, 0xfc, 0x37, 0xdb, 0x37, 0xfb, 0x37, 0x18, 0x2f, 0x2b, 0x13, 0x2c, 0x11,
  0x93, 0x21, 0x92, 0x19, 0x92, 0x19, 0xb2, 0x21, 0xf3, 0x29, 0xb2, 0x21, 0x92, 0x19, 0x92, 0x19, 0x92, 0x19, 0x92, 0x19, 0x92, 0x19, 0x71, 0x19, 0x71, 0x19, 0x92, 0x19, 0x92, 0x19, 0x92, 0x19,
  0x92, 0x19, 0x71, 0x19, 0x71, 0x19, 0x71, 0x19, 0x53, 0x3a, 0xd2, 0x29, 0x31, 0x11, 0x32, 0x11, 0xca, 0x10, 0xf2, 0x2a, 0x1f, 0x3d, 0x5f, 0x3d, 0x5f, 0x3d, 0x7f, 0x45, 0x7f, 0x4d, 0x7f, 0x4d,
  0x7f, 0x4d, 0xff, 0x6d, 0x3e, 0xdf, 0xfe, 0xc6, 0xff, 0x6d, 0x9f, 0x55, 0x9f, 0x55, 0xbf, 0x55, 0xbf, 0x55, 0xbf, 0x5d, 0xbe, 0x5d, 0xbe, 0x5d, 0xbe, 0x5d, 0xbe, 0x5d, 0xbe, 0x5d, 0xde, 0x5d,
  0xde, 0x5d, 0xde, 0x65, 0xde, 0x65, 0xde, 0x65, 0xde, 0x65, 0xde, 0x65, 0xfe, 0x65, 0xfe, 0x65, 0xfe, 0x65, 0xfe, 0x6d, 0xfe, 0x6d, 0xfe, 0x6d, 0xfe, 0x6d, 0xfe, 0x6d, 0x1e, 0x6e, 0x1e, 0x6e,
  0x1d, 0x76, 0x1d, 0x76, 0x1d, 0x76, 0x1d, 0x76, 0x1d, 0x76, 0x3d, 0x76, 0x3d, 0x76, 0x3d, 0x76, 0x3d, 0x7e, 0x3d, 0x7e, 0x3d, 0x7e, 0x3d, 0x7e, 0x5d, 0x7e, 0x5d, 0x7e, 0x5d, 0x7e, 0x5d, 0x86,
  0x5d, 0x86, 0x5d, 0x86, 0x5d, 0x86, 0x7d, 0x86, 0x7d, 0x86, 0x7c, 0x86, 0x7c, 0x86, 0x7c, 0x8e, 0x7c, 0x8e, 0x7c, 0x8e, 0x7c, 0x8e, 0x9c, 0x8e, 0x9c, 0x8e, 0x9c, 0x8e, 0x9c, 0x8e, 0x9c, 0x96,
  0x9c, 0x96, 0x9c, 0x96, 0x9c, 0x96, 0xbc, 0x96, 0xbc, 0x96, 0xbc, 0x9e, 0xbc, 0x9e, 0xbc, 0x9e, 0xbc, 0x9e, 0xbc, 0x9e, 0xdc, 0x9e, 0xdb, 0x9e, 0xdb, 0xa6, 0xdb, 0x9e, 0xdb, 0xa6, 0xdb, 0xa6,
  0xdb, 0xa6, 0xfb, 0xa6, 0xfb, 0xa6, 0xfb, 0xa6, 0xfb, 0xae, 0xfb, 0xae, 0xfb, 0xae, 0xfb, 0xae, 0x1b, 0xaf, 0x1b, 0xaf, 0x7d, 0xbf, 0xce, 0x6b, 0x00, 0x00, 0x10, 0x84, 0xb7, 0xbd, 0x18, 0xc6,
  0x18, 0xc6, 0xcf, 0x7b, 0x00, 0x00, 0x00, 0x00, 0x14, 0xa5, 0xf7, 0xbd, 0x18, 0xc6, 0x39, 0xce, 0x4d, 0x6b, 0x00, 0x00, 0x00, 0x00, 0x00, 0x00, 0x00, 0x00, 0x00, 0x00, 0xee, 0x83, 0xcb, 0x10,
  0x17, 0x22, 0x17, 0x22, 0x17, 0x22, 0x17, 0x22, 0x17, 0x22, 0x17, 0x22, 0x17, 0x22, 0x17, 0x22, 0x17, 0x22, 0xf7, 0x21, 0xb8, 0x3a, 0x17, 0x2a, 0x18, 0x22, 0xa9, 0x10, 0x0f, 0x3c, 0xff, 0x7f,
  0xdf, 0x77, 0xdf, 0x77, 0xdf, 0x77, 0xdf, 0x77, 0xdf, 0x77, 0xdf, 0x77, 0xdf, 0x77, 0xdf, 0x77, 0xdf, 0x77, 0xdf, 0x77, 0xdf, 0x77, 0xdf, 0x77, 0xdf, 0x77, 0xdf, 0x77, 0xdf, 0x77, 0x00, 0x00,
  0x00, 0x00, 0xef, 0x63, 0x7d, 0xc7, 0xfb, 0xb6, 0x24, 0x21, 0x00, 0x00, 0x69, 0x22, 0xdf, 0x77, 0xc7, 0x19, 0x45, 0x11, 0x86, 0x19, 0x31, 0x3c, 0xff, 0x77, 0xdf, 0x77, 0xdf, 0x77, 0xdf, 0x77,
  0xdf, 0x77, 0xdf, 0x77, 0xdf, 0x77, 0xdf, 0x77, 0xdf, 0x77, 0xdf, 0x77, 0xff, 0x77, 0xfc, 0x66, 0x00, 0x00, 0x38, 0x9e, 0x3b, 0xaf, 0xfb, 0xae, 0xfb, 0xae, 0xfb, 0xae, 0x1b, 0xaf, 0x3c, 0xaf,
  0x7d, 0xb7, 0x7d, 0xb7, 0x7d, 0xb7, 0x7d, 0xb7, 0x7d, 0xb7, 0x7d, 0xb7, 0x7d, 0xb7, 0x7d, 0xb7, 0x7d, 0xb7, 0x7d, 0xaf, 0x5e, 0xaf, 0x7e, 0xaf, 0x5e, 0xaf, 0x5e, 0xaf, 0x5d, 0xaf, 0x1c, 0xa7,
  0xdb, 0x9e, 0xdc, 0x9e, 0xbb, 0x9e, 0xdc, 0x9e, 0xbc, 0x9e, 0xbc, 0x9e, 0xbc, 0x9e, 0xbc, 0x9e, 0xbc, 0x9e, 0xbc, 0x9e, 0xbc, 0x96, 0xbc, 0x96, 0xbc, 0x96, 0xbc, 0x96, 0xbc, 0x96, 0xbc, 0x96,
  0x9c, 0x96, 0x9c, 0x96, 0x9c, 0x96, 0x9c, 0x96, 0x9c, 0x96, 0x9c, 0x96, 0x9c, 0x8e, 0x9c, 0x8e, 0x9c, 0x8e, 0x9c, 0x8e, 0x9c, 0x8e, 0x9c, 0x8e, 0x7c, 0x8e, 0x7c, 0x8e, 0x7c, 0x8e, 0x7c, 0x8e,
  0x7c, 0x8e, 0x7c, 0x8e, 0x7c, 0x86, 0x7c, 0x86, 0x7d, 0x86, 0x7c, 0x86, 0x7d, 0x86, 0x5d, 0x86, 0x5d, 0x86, 0x5d, 0x86, 0x5d, 0x86, 0x5d, 0x86, 0x5d, 0x7e, 0x5d, 0x7e, 0x5d, 0x7e, 0x5d, 0x7e,
  0x5d, 0x7e, 0x3d, 0x7e, 0x3d, 0x7e, 0x3d, 0x7e, 0x3d, 0x7e, 0x3d, 0x7e, 0x3d, 0x7e, 0x3d, 0x7e, 0x3d, 0x76, 0x3d, 0x76, 0x3d, 0x76, 0x3d, 0x76, 0x1d, 0x76, 0x1d, 0x76, 0x1d, 0x76, 0x1d, 0x76,
  0x1d, 0x76, 0x1d, 0x76, 0x1d, 0x6e, 0x1e, 0x6e, 0x1d, 0x6e, 0x1e, 0x6e, 0xfe, 0x6d, 0xfe, 0x6d, 0xfe, 0x6d, 0xfe, 0x6d, 0xfe, 0x6d, 0xfe, 0x6d, 0xfe, 0x65, 0xfe, 0x65, 0xfe, 0x65, 0xfe, 0x65,
  0xde, 0x65, 0xde, 0x65, 0xde, 0x65, 0xde, 0x65, 0xde, 0x65, 0xde, 0x65, 0xde, 0x5d, 0x1f, 0x66, 0xae, 0x42, 0x4e, 0x2c, 0xfc, 0x37, 0xdb, 0x37, 0xfb, 0x37, 0x18, 0x2f, 0x2b, 0x13, 0x2c, 0x11,
  0x93, 0x19, 0x92, 0x19, 0x92, 0x19, 0xb2, 0x21, 0xf3, 0x29, 0xb2, 0x21, 0x92, 0x19, 0x92, 0x19, 0x92, 0x19, 0x92, 0x19, 0x71, 0x19, 0x33, 0x3a, 0x53, 0x3a, 0x92, 0x21, 0x71, 0x19, 0x71, 0x19,
  0x71, 0x19, 0x91, 0x19, 0x91, 0x19, 0x91, 0x19, 0x51, 0x11, 0x32, 0x11, 0x73, 0x42, 0xf2, 0x7b, 0xed, 0xac, 0xef, 0xc5, 0xb2, 0xce, 0xb4, 0xbe, 0x78, 0xa6, 0x1d, 0x7e, 0x9f, 0x4d, 0x7f, 0x45,
  0x7f, 0x4d, 0xbf, 0x55, 0x7e, 0x96, 0x3e, 0x86, 0xbf, 0x5d, 0xbf, 0x55, 0xbf, 0x55, 0xbf, 0x55, 0xbe, 0x5d, 0xbe, 0x5d, 0xbe, 0x5d, 0xbe, 0x5d, 0xde, 0x5d, 0xde, 0x5d, 0xde, 0x65, 0xde, 0x65,
  0xde, 0x65, 0xde, 0x65, 0xde, 0x65, 0xfe, 0x65, 0xfe, 0x65, 0xfe, 0x65, 0xfe, 0x65, 0xfe, 0x6d, 0xfe, 0x6d, 0xfe, 0x6d, 0xfe, 0x6d, 0x1e, 0x6e, 0x1e, 0x6e, 0x1d, 0x6e, 0x1d, 0x76, 0x1d, 0x76,
  0x1d, 0x76, 0x1d, 0x76, 0x1d, 0x76, 0x3d, 0x76, 0x3d, 0x76, 0x3d, 0x76, 0x3d, 0x7e, 0x3d, 0x7e, 0x3d, 0x7e, 0x3d, 0x7e, 0x5d, 0x7e, 0x5d, 0x7e, 0x5d, 0x86, 0x5d, 0x86, 0x5d, 0x86, 0x5d, 0x86,
  0x5d, 0x86, 0x7d, 0x86, 0x7d, 0x86, 0x7c, 0x86, 0x7c, 0x8e, 0x7c, 0x8e, 0x7c, 0x8e, 0x7c, 0x8e, 0x9c, 0x8e, 0x9c, 0x8e, 0x9c, 0x8e, 0x9c, 0x8e, 0x9c, 0x96, 0x9c, 0x96, 0x9c, 0x96, 0x9c, 0x96,
  0xbc, 0x96, 0xbc, 0x96, 0xbc, 0x96, 0xbc, 0x9e, 0xbc, 0x9e, 0xbc, 0x9e, 0xbc, 0x9e, 0xdc, 0x9e, 0xdc, 0x9e, 0xdb, 0x9e, 0xdb, 0x9e, 0xdb, 0xa6, 0xdb, 0xa6, 0xdb, 0xa6, 0xdb, 0xa6, 0xfb, 0xa6,
  0xfb, 0xa6, 0xfb, 0xa6, 0xfb, 0xae, 0xfb, 0xae, 0xfb, 0xae, 0xfb, 0xae, 0x1b, 0xaf, 0x1b, 0xaf, 0x1b, 0xaf, 0x1b, 0xb7, 0x9d, 0xc7, 0x41, 0x08, 0x00, 0x00, 0x59, 0xce, 0x7e, 0xf7, 0x8a, 0x52,
  0x92, 0x94, 0xff, 0xff, 0xc7, 0x39, 0x00, 0x00, 0xff, 0xff, 0xb6, 0xb5, 0x8a, 0x52, 0xf0, 0x83, 0xfc, 0xe6, 0x75, 0xad, 0x00, 0x00, 0x00, 0x00, 0x00, 0x00, 0x00, 0x00, 0xad, 0x7b, 0xcb, 0x10,
  0x17, 0x22, 0x17, 0x22, 0x17, 0x22, 0x17, 0x22, 0x17, 0x22, 0x17, 0x22, 0x17, 0x22, 0xf7, 0x21, 0xf7, 0x21, 0xf7, 0x21, 0xb8, 0x3a, 0x17, 0x2a, 0x17, 0x22, 0xa9, 0x10, 0x0f, 0x3c, 0xff, 0x7f,
  0xdf, 0x77, 0xdf, 0x77, 0xdf, 0x77, 0xdf, 0x77, 0xdf, 0x77, 0xdf, 0x77, 0xdf, 0x77, 0xdf, 0x77, 0xdf, 0x77, 0xdf, 0x77, 0xdf, 0x77, 0xdf, 0x77, 0xdf, 0x77, 0xdf, 0x77, 0xdf, 0x77, 0x00, 0x00,
  0x00, 0x00, 0xef, 0x63, 0x7d, 0xc7, 0xfb, 0xb6, 0x24, 0x21, 0x00, 0x00, 0x49, 0x22, 0xff, 0x7f, 0x76, 0x55, 0x14, 0x4d, 0x14, 0x4d, 0x9a, 0x66, 0xff, 0x77, 0xdf, 0x77, 0xdf, 0x77, 0xdf, 0x77,
  0xdf, 0x77, 0xdf, 0x77, 0xdf, 0x77, 0xdf, 0x77, 0xdf, 0x77, 0xdf, 0x77, 0xff, 0x77, 0xfc, 0x66, 0x00, 0x00, 0x38, 0x9e, 0x3c, 0xaf, 0xfb, 0xae, 0xfb, 0xae, 0x1b, 0xaf, 0x1b, 0xaf, 0x13, 0x7d,
  0x29, 0x32, 0x08, 0x32, 0x28, 0x32, 0x28, 0x32, 0x28, 0x32, 0x28, 0x32, 0x28, 0x32, 0x28, 0x32, 0x28, 0x32, 0x28, 0x32, 0x28, 0x32, 0x28, 0x32, 0x28, 0x32, 0x08, 0x32, 0xab, 0x3a, 0x35, 0x7d,
  0x3d, 0xa7, 0xbc, 0x9e, 0xdc, 0x9e, 0xbc, 0x9e, 0xbc, 0x9e, 0xbc, 0x9e, 0xbc, 0x9e, 0xbc, 0x9e, 0xbc, 0x96, 0xbc, 0x96, 0xbc, 0x96, 0xbc, 0x96, 0xbc, 0x96, 0xbc, 0x96, 0x9c, 0x96, 0x9c, 0x96,
  0x9c, 0x96, 0x9c, 0x96, 0x9c, 0x96, 0x9c, 0x96, 0x9c, 0x96, 0x9c, 0x8e, 0x9c, 0x8e, 0x9c, 0x8e, 0x9c, 0x8e, 0x9c, 0x8e, 0x7c, 0x8e, 0x7c, 0x8e, 0x7c, 0x8e, 0x7c, 0x8e, 0x7c, 0x8e, 0x7c, 0x8e,
  0x7c, 0x86, 0x7c, 0x86, 0x7d, 0x86, 0x7c, 0x86, 0x7d, 0x86, 0x5d, 0x86, 0x5d, 0x86, 0x5d, 0x86, 0x5d, 0x86, 0x5d, 0x86, 0x5d, 0x86, 0x5d, 0x7e, 0x5d, 0x7e, 0x5d, 0x7e, 0x5d, 0x7e, 0x5d, 0x7e,
  0x3d, 0x7e, 0x3d, 0x7e, 0x3d, 0x7e, 0x3d, 0x7e, 0x3d, 0x7e, 0x3d, 0x7e, 0x3d, 0x76, 0x3d, 0x76, 0x3d, 0x76, 0x3d, 0x76, 0x1d, 0x76, 0x1d, 0x76, 0x1d, 0x76, 0x1d, 0x76, 0x1d, 0x76, 0x1d, 0x76,
  0x1d, 0x6e, 0x1e, 0x6e, 0x1d, 0x6e, 0x1e, 0x6e, 0xfe, 0x6d, 0xfe, 0x6d, 0xfe, 0x6d, 0xfe, 0x6d, 0xfe, 0x6d, 0xfe, 0x6d, 0xfe, 0x6d, 0xfe, 0x65, 0xfe, 0x65, 0xfe, 0x65, 0xde, 0x65, 0xde, 0x65,
  0xde, 0x65, 0xde, 0x65, 0xde, 0x65, 0xde, 0x65, 0xde, 0x5d, 0xde, 0x5d, 0xde, 0x5d, 0x1f, 0x66, 0xae, 0x3a, 0x4e, 0x2c, 0xfc, 0x37, 0xdb, 0x37, 0xfb, 0x37, 0x18, 0x2f, 0x2b, 0x13, 0x0c, 0x11,
  0x92, 0x21, 0x92, 0x19, 0x92, 0x19, 0xb2, 0x21, 0xf3, 0x29, 0xb2, 0x21, 0x92, 0x19, 0x92, 0x19, 0x92, 0x19, 0x71, 0x19, 0xd2, 0x29, 0xf9, 0x9c, 0x5b, 0xc6, 0x35, 0x5b, 0x71, 0x19, 0x71, 0x19,
  0x91, 0x19, 0x91, 0x19, 0x91, 0x19, 0x31, 0x11, 0x33, 0x32, 0x90, 0x94, 0x2f, 0xd6, 0xce, 0xf6, 0x2d, 0xff, 0x0b, 0xff, 0x0a, 0xff, 0x0c, 0xff, 0x2e, 0xff, 0x11, 0xef, 0xb5, 0xc6, 0x3b, 0x96,
  0x3e, 0x7e, 0x1e, 0x76, 0x3f, 0x76, 0xdf, 0x5d, 0x9f, 0x4d, 0x9f, 0x4d, 0xbf, 0x55, 0xbe, 0x5d, 0xbe, 0x5d, 0xbe, 0x5d, 0xde, 0x5d, 0xde, 0x5d, 0xde, 0x5d, 0xde, 0x65, 0xde, 0x65, 0xde, 0x65,
  0xde, 0x65, 0xfe, 0x65, 0xfe, 0x65, 0xfe, 0x65, 0xfe, 0x6d, 0xfe, 0x6d, 0xfe, 0x6d, 0xfe, 0x6d, 0xfe, 0x6d, 0x1e, 0x6e, 0x1e, 0x6e, 0x1d, 0x6e, 0x1d, 0x76, 0x1d, 0x76, 0x1d, 0x76, 0x1d, 0x76,
  0x3d, 0x76, 0x3d, 0x76, 0x3d, 0x7e, 0x3d, 0x7e, 0x3d, 0x7e, 0x3d, 0x7e, 0x3d, 0x7e, 0x5d, 0x7e, 0x5d, 0x7e, 0x5d, 0x7e, 0x5d, 0x86, 0x5d, 0x86, 0x5d, 0x86, 0x5d, 0x86, 0x5d, 0x86, 0x7d, 0x86,
  0x7d, 0x86, 0x7c, 0x8e, 0x7c, 0x8e, 0x7c, 0x8e, 0x7c, 0x8e, 0x7c, 0x8e, 0x9c, 0x8e, 0x9c, 0x8e, 0x9c, 0x8e, 0x9c, 0x8e, 0x9c, 0x96, 0x9c, 0x96, 0x9c, 0x96, 0x9c, 0x96, 0xbc, 0x96, 0xbc, 0x96,
  0xbc, 0x9e, 0xbc, 0x9e, 0xbc, 0x9e, 0xbc, 0x9e, 0xbc, 0x9e, 0xdc, 0x9e, 0xdb, 0x9e, 0xdb, 0x9e, 0xdb, 0x9e, 0xdb, 0xa6, 0xdb, 0xa6, 0xdb, 0xa6, 0xfb, 0xa6, 0xfb, 0xa6, 0xfb, 0xa6, 0xfb, 0xae,
  0xfb, 0xae, 0xfb, 0xae, 0xfb, 0xae, 0x1b, 0xaf, 0x1b, 0xaf, 0x1b, 0xaf, 0x1b, 0xaf, 0x1b, 0xb7, 0x1b, 0xb7, 0x5b, 0xbf, 0x75, 0x9d, 0x00, 0x00, 0x00, 0x00, 0x39, 0xce, 0x79, 0xce, 0x00, 0x00,
  0x86, 0x31, 0xff, 0xff, 0x86, 0x31, 0x00, 0x00, 0xff, 0xff, 0xcf, 0x7b, 0x00, 0x00, 0x00, 0x00, 0x08, 0x42, 0xff, 0xff, 0x8a, 0x52, 0x00, 0x00, 0x00, 0x00, 0x41, 0x08, 0x0a, 0x63, 0xcb, 0x10,
  0x17, 0x22, 0x17, 0x22, 0x17, 0x22, 0x17, 0x22, 0x17, 0x22, 0xf7, 0x21, 0xf7, 0x21, 0x17, 0x22, 0xf7, 0x21, 0xf7, 0x21, 0xb8, 0x3a, 0x37, 0x2a, 0x17, 0x22, 0xa9, 0x10, 0x0f, 0x3c, 0xff, 0x7f,
  0xdf, 0x77, 0xdf, 0x77, 0xdf, 0x77, 0xdf, 0x77, 0xdf, 0x77, 0xdf, 0x77, 0xdf, 0x77, 0xdf, 0x77, 0xdf, 0x77, 0xdf, 0x77, 0xdf, 0x77, 0xdf, 0x77, 0xdf, 0x77, 0xdf, 0x77, 0xdf, 0x77, 0x00, 0x00,
  0x00, 0x00, 0xef, 0x63, 0x7d, 0xc7, 0xfb, 0xb6, 0x24, 0x21, 0x00, 0x00, 0x69, 0x22, 0xdf, 0x77, 0x86, 0x19, 0x65, 0x11, 0x65, 0x11, 0xec, 0x2a, 0xff, 0x7f, 0xdf, 0x77, 0xdf, 0x77, 0xdf, 0x77,
  0xdf, 0x77, 0xdf, 0x77, 0xdf, 0x77, 0xdf, 0x77, 0xdf, 0x77, 0xdf, 0x77, 0xff, 0x77, 0xfc, 0x66, 0x00, 0x00, 0x38, 0x9e, 0x3c, 0xaf, 0xfb, 0xae, 0xfb, 0xae, 0xfb, 0xa6, 0xd3, 0x74, 0xc3, 0x10,
  0x00, 0x00, 0x00, 0x00, 0x00, 0x00, 0x00, 0x00, 0x00, 0x00, 0x00, 0x00, 0x00, 0x00, 0x00, 0x00, 0x00, 0x00, 0x00, 0x00, 0x00, 0x00, 0x00, 0x00, 0x00, 0x00, 0x00, 0x00, 0x00, 0x00, 0x86, 0x21,
  0x15, 0x75, 0xfd, 0xa6, 0xbc, 0x9e, 0xbc, 0x9e, 0xbc, 0x9e, 0xbc, 0x9e, 0xbc, 0x96, 0xbc, 0x96, 0xbc, 0x96, 0xbc, 0x96, 0xbc, 0x96, 0xbc, 0x96, 0xbc, 0x96, 0x9c, 0x96, 0x9c, 0x96, 0x9c, 0x96,
  0x9c, 0x96, 0x9c, 0x96, 0x9c, 0x96, 0x9c, 0x8e, 0x9c, 0x8e, 0x9c, 0x8e, 0x9c, 0x8e, 0x9c, 0x8e, 0x7c, 0x8e, 0x7c, 0x8e, 0x7c, 0x8e, 0x7c, 0x8e, 0x7c, 0x8e, 0x7c, 0x8e, 0x7c, 0x8e, 0x7c, 0x86,
  0x7d, 0x86, 0x7c, 0x86, 0x7d, 0x86, 0x7d, 0x86, 0x5d, 0x86, 0x5d, 0x86, 0x5d, 0x86, 0x5d, 0x86, 0x5d, 0x86, 0x5d, 0x7e, 0x5d, 0x7e, 0x5d, 0x7e, 0x5d, 0x7e, 0x5d, 0x7e, 0x3d, 0x7e, 0x3d, 0x7e,
  0x3d, 0x7e, 0x3d, 0x7e, 0x3d, 0x7e, 0x3d, 0x7e, 0x3d, 0x76, 0x3d, 0x76, 0x3d, 0x76, 0x3d, 0x76, 0x1d, 0x76, 0x1d, 0x76, 0x1d, 0x76, 0x1d, 0x76, 0x1d, 0x76, 0x1d, 0x76, 0x1d, 0x76, 0x1e, 0x6e,
  0x1d, 0x6e, 0x1e, 0x6e, 0xfe, 0x6d, 0xfe, 0x6d, 0xfe, 0x6d, 0xfe, 0x6d, 0xfe, 0x6d, 0xfe, 0x6d, 0xfe, 0x6d, 0xfe, 0x65, 0xfe, 0x65, 0xfe, 0x65, 0xfe, 0x65, 0xde, 0x65, 0xde, 0x65, 0xde, 0x65,
  0xde, 0x65, 0xde, 0x65, 0xde, 0x5d, 0xde, 0x5d, 0xde, 0x5d, 0xde, 0x5d, 0xbe, 0x5d, 0x1f, 0x5e, 0xae, 0x3a, 0x4e, 0x2c, 0xfc, 0x37, 0xdb, 0x37, 0xfb, 0x37, 0x18, 0x2f, 0x2b, 0x13, 0x0c, 0x11,
  0x92, 0x21, 0x92, 0x19, 0x92, 0x19, 0xb2, 0x21, 0xf2, 0x29, 0xb2, 0x21, 0x92, 0x19, 0x92, 0x19, 0x92, 0x19, 0x71, 0x19, 0x91, 0x19, 0x96, 0x6b, 0x57, 0x84, 0x53, 0x3a, 0x51, 0x11, 0x51, 0x19,
  0x51, 0x19, 0x51, 0x19, 0x31, 0x11, 0x72, 0x42, 0x50, 0xb5, 0x2e, 0xff, 0x0b, 0xff, 0x68, 0xfe, 0x07, 0xfe, 0xe7, 0xfd, 0xe6, 0xfd, 0x27, 0xfe, 0x48, 0xfe, 0xca, 0xfe, 0x2d, 0xff, 0x10, 0xf7,
  0xb1, 0xe6, 0x4f, 0xde, 0x4f, 0xde, 0x4f, 0xd6, 0x72, 0xce, 0x79, 0xa6, 0xfe, 0x6d, 0xbe, 0x5d, 0xde, 0x5d, 0xde, 0x5d, 0xde, 0x65, 0xde, 0x65, 0xde, 0x65, 0xde, 0x65, 0xfe, 0x65, 0xfe, 0x65,
  0xfe, 0x65, 0xfe, 0x65, 0xfe, 0x6d, 0xfe, 0x6d, 0xfe, 0x6d, 0xfe, 0x6d, 0x1e, 0x6e, 0x1e, 0x6e, 0x1d, 0x6e, 0x1d, 0x76, 0x1d, 0x76, 0x1d, 0x76, 0x1d, 0x76, 0x1d, 0x76, 0x3d, 0x76, 0x3d, 0x76,
  0x3d, 0x76, 0x3d, 0x7e, 0x3d, 0x7e, 0x3d, 0x7e, 0x3d, 0x7e, 0x5d, 0x7e, 0x5d, 0x7e, 0x5d, 0x86, 0x5d, 0x86, 0x5d, 0x86, 0x5d, 0x86, 0x5d, 0x86, 0x7d, 0x86, 0x7d, 0x86, 0x7c, 0x86, 0x7c, 0x8e,
  0x7c, 0x8e, 0x7c, 0x8e, 0x7c, 0x8e, 0x9c, 0x8e, 0x9c, 0x8e, 0x9c, 0x8e, 0x9c, 0x8e, 0x9c, 0x96, 0x9c, 0x96, 0x9c, 0x96, 0x9c, 0x96, 0xbc, 0x96, 0xbc, 0x96, 0xbc, 0x96, 0xbc, 0x9e, 0xbc, 0x9e,
  0xbc, 0x9e, 0xbc, 0x9e, 0xdc, 0x9e, 0xdc, 0x9e, 0xdb, 0x9e, 0xdb, 0xa6, 0xdb, 0xa6, 0xdb, 0xa6, 0xdb, 0xa6, 0xdb, 0xa6, 0xfb, 0xa6, 0xfb, 0xa6, 0xfb, 0xa6, 0xfb, 0xae, 0xfb, 0xae, 0xfb, 0xae,
  0xfb, 0xae, 0x1b, 0xaf, 0x1b, 0xaf, 0x1b, 0xaf, 0x1b, 0xb7, 0x1b, 0xb7, 0x1b, 0xb7, 0x1b, 0xb7, 0x3b, 0xb7, 0xdd, 0xc7, 0xa6, 0x31, 0x00, 0x00, 0x00, 0x00, 0x18, 0xc6, 0xff, 0xff, 0x18, 0xc6,
  0x1c, 0xe7, 0xd7, 0xbd, 0x00, 0x00, 0x00, 0x00, 0xff, 0xff, 0xf0, 0x83, 0x00, 0x00, 0x00, 0x00, 0x00, 0x00, 0x3d, 0xef, 0x14, 0xa5, 0x00, 0x00, 0x00, 0x00, 0x6c, 0x63, 0x88, 0x52, 0xeb, 0x10,
  0x17, 0x22, 0x17, 0x22, 0xf7, 0x21, 0xf7, 0x21, 0xf7, 0x21, 0x17, 0x22, 0x17, 0x22, 0x17, 0x22, 0xf7, 0x21, 0xf6, 0x21, 0xb8, 0x3a, 0x37, 0x2a, 0x17, 0x22, 0xa9, 0x10, 0x0f, 0x3c, 0xff, 0x7f,
  0xdf, 0x77, 0xdf, 0x77, 0xdf, 0x77, 0xdf, 0x77, 0xdf, 0x77, 0xdf, 0x77, 0xdf, 0x77, 0xdf, 0x77, 0xdf, 0x77, 0xdf, 0x77, 0xdf, 0x77, 0xdf, 0x77, 0xdf, 0x77, 0xdf, 0x77, 0xdf, 0x77, 0x00, 0x00,
  0x00, 0x00, 0xef, 0x63, 0x7d, 0xc7, 0xfb, 0xb6, 0x24, 0x21, 0x00, 0x00, 0x69, 0x22, 0xff, 0x77, 0x51, 0x44, 0x31, 0x3c, 0x31, 0x44, 0x18, 0x5e, 0xff, 0x77, 0xdf, 0x77, 0xdf, 0x77, 0xdf, 0x77,
  0xdf, 0x77, 0xdf, 0x77, 0xdf, 0x77, 0xdf, 0x77, 0xdf, 0x77, 0xdf, 0x77, 0xff, 0x77, 0xfc, 0x66, 0x00, 0x00, 0x38, 0x9e, 0x1c, 0xaf, 0xfb, 0xae, 0x1c, 0xaf, 0x59, 0x9e, 0xe3, 0x18, 0x00, 0x00,
  0x00, 0x00, 0x00, 0x00, 0x00, 0x00, 0x00, 0x00, 0x00, 0x00, 0x00, 0x00, 0x00, 0x00, 0x00, 0x00, 0x00, 0x00, 0x00, 0x00, 0x00, 0x00, 0x00, 0x00, 0x00, 0x00, 0x00, 0x00, 0x00, 0x00, 0x00, 0x00,
  0x08, 0x2a, 0x5e, 0xaf, 0xbc, 0x9e, 0xbc, 0x9e, 0xbc, 0x96, 0xbc, 0x96, 0xbc, 0x96, 0xbc, 0x96, 0xbc, 0x96, 0xbc, 0x96, 0xbc, 0x96, 0x9c, 0x96, 0x9c, 0x96, 0x9c, 0x96, 0x9c, 0x96, 0x9c, 0x96,
  0x9c, 0x96, 0x9c, 0x8e, 0x9c, 0x8e, 0x9c, 0x8e, 0x9c, 0x8e, 0x9c, 0x8e, 0x7c, 0x8e, 0x7c, 0x8e, 0x7c, 0x8e, 0x7c, 0x8e, 0x7c, 0x8e, 0x7c, 0x8e, 0x7c, 0x8e, 0x7c, 0x86, 0x7c, 0x86, 0x7c, 0x86,
  0x7c, 0x86, 0x7d, 0x86, 0x5d, 0x86, 0x5d, 0x86, 0x5d, 0x86, 0x5d, 0x86, 0x5d, 0x86, 0x5d, 0x7e, 0x5d, 0x7e, 0x5d, 0x7e, 0x5d, 0x7e, 0x5d, 0x7e, 0x3d, 0x7e, 0x3d, 0x7e, 0x3d, 0x7e, 0x3d, 0x7e,
  0x3d, 0x7e, 0x3d, 0x7e, 0x3d, 0x7e, 0x3d, 0x76, 0x3d, 0x76, 0x3d, 0x76, 0x1d, 0x76, 0x1d, 0x76, 0x1d, 0x76, 0x1d, 0x76, 0x1d, 0x76, 0x1d, 0x76, 0x1d, 0x76, 0x1e, 0x6e, 0x1d, 0x6e, 0x1e, 0x6e,
  0x1e, 0x6e, 0xfe, 0x6d, 0xfe, 0x6d, 0xfe, 0x6d, 0xfe, 0x6d, 0xfe, 0x6d, 0xfe, 0x6d, 0xfe, 0x65, 0xfe, 0x65, 0xfe, 0x65, 0xfe, 0x65, 0xde, 0x65, 0xde, 0x65, 0xde, 0x65, 0xde, 0x65, 0xde, 0x65,
  0xde, 0x5d, 0xde, 0x5d, 0xde, 0x5d, 0xde, 0x5d, 0xbe, 0x5d, 0xbe, 0x5d, 0xbe, 0x5d, 0x1f, 0x5e, 0xae, 0x3a, 0x4e, 0x2c, 0xfc, 0x37, 0xdb, 0x37, 0xfb, 0x37, 0x18, 0x2f, 0x2b, 0x13, 0x0b, 0x11,
  0x92, 0x21, 0x92, 0x19, 0x92, 0x19, 0xb2, 0x21, 0xf2, 0x29, 0xb2, 0x21, 0x71, 0x19, 0x51, 0x19, 0x31, 0x11, 0x12, 0x09, 0x32, 0x11, 0xf4, 0x29, 0x74, 0x3a, 0x73, 0x3a, 0x93, 0x42, 0xb3, 0x42,
  0x93, 0x42, 0x73, 0x42, 0x73, 0x3a, 0x31, 0xad, 0x2d, 0xff, 0xca, 0xfe, 0x27, 0xfe, 0x07, 0xfe, 0x07, 0xfe, 0x07, 0xfe, 0x07, 0xfe, 0x27, 0xfe, 0x27, 0xfe, 0x48, 0xfe, 0xaa, 0xfe, 0x0c, 0xff,
  0x0c, 0xff, 0x89, 0xfe, 0x89, 0xfe, 0xa9, 0xfe, 0xca, 0xfe, 0xce, 0xf6, 0x1b, 0x86, 0xdf, 0x5d, 0xde, 0x65, 0xde, 0x65, 0xde, 0x65, 0xde, 0x65, 0xfe, 0x65, 0xfe, 0x65, 0xfe, 0x65, 0xfe, 0x6d,
  0xfe, 0x6d, 0xfe, 0x6d, 0xfe, 0x6d, 0xfe, 0x6d, 0x1e, 0x6e, 0x1e, 0x6e, 0x1d, 0x6e, 0x1d, 0x76, 0x1d, 0x76, 0x1d, 0x76, 0x1d, 0x76, 0x3d, 0x76, 0x3d, 0x76, 0x3d, 0x7e, 0x3d, 0x7e, 0x3d, 0x7e,
  0x3d, 0x7e, 0x3d, 0x7e, 0x5d, 0x7e, 0x5d, 0x7e, 0x5d, 0x7e, 0x5d, 0x86, 0x5d, 0x86, 0x5d, 0x86, 0x5d, 0x86, 0x5d, 0x86, 0x7d, 0x86, 0x7d, 0x86, 0x7c, 0x8e, 0x7c, 0x8e, 0x7c, 0x8e, 0x7c, 0x8e,
  0x7c, 0x8e, 0x9c, 0x8e, 0x9c, 0x8e, 0x9c, 0x8e, 0x9c, 0x8e, 0x9c, 0x96, 0x9c, 0x96, 0x9c, 0x96, 0x9c, 0x96, 0xbc, 0x96, 0xbc, 0x96, 0xbc, 0x9e, 0xbc, 0x9e, 0xbc, 0x9e, 0xbc, 0x9e, 0xbc, 0x9e,
  0xdc, 0x9e, 0xdb, 0x9e, 0xdb, 0x9e, 0xdb, 0x9e, 0xdb, 0xa6, 0xdb, 0xa6, 0xdb, 0xa6, 0xfb, 0xa6, 0xfb, 0xa6, 0xfb, 0xa6, 0xfb, 0xae, 0xfb, 0xae, 0xfb, 0xae, 0xfb, 0xae, 0x1b, 0xaf, 0x1b, 0xaf,
  0x1b, 0xaf, 0x1b, 0xaf, 0x1b, 0xb7, 0x1b, 0xb7, 0x1b, 0xb7, 0x1b, 0xb7, 0x3a, 0xb7, 0x3a, 0xb7, 0x3a, 0xb7, 0xfd, 0xd7, 0x00, 0x00, 0x00, 0x00, 0x00, 0x00, 0x18, 0xc6, 0x3c, 0xe7, 0x69, 0x4a,
  0x8e, 0x73, 0x3d, 0xef, 0x08, 0x42, 0x00, 0x00, 0xff, 0xff, 0xf0, 0x83, 0x00, 0x00, 0x00, 0x00, 0x00, 0x00, 0xfb, 0xde, 0x76, 0xb5, 0x00, 0x00, 0x00, 0x00, 0xf9, 0xc6, 0x47, 0x4a, 0xcb, 0x10,
  0xf7, 0x21, 0xf7, 0x21, 0x17, 0x22, 0x17, 0x22, 0x17, 0x22, 0x17, 0x22, 0x17, 0x22, 0x17, 0x22, 0x17, 0x22, 0xf6, 0x21, 0xb8, 0x3a, 0x17, 0x2a, 0x17, 0x22, 0xa9, 0x08, 0x0f, 0x3c, 0xff, 0x7f,
  0xdf, 0x77, 0xdf, 0x77, 0xdf, 0x77, 0xdf, 0x77, 0xdf, 0x77, 0xdf, 0x77, 0xdf, 0x77, 0xdf, 0x77, 0xdf, 0x77, 0xdf, 0x77, 0xdf, 0x77, 0xdf, 0x77, 0xdf, 0x77, 0xdf, 0x77, 0xdf, 0x77, 0x00, 0x00,
  0x00, 0x00, 0xef, 0x63, 0x7d, 0xc7, 0xfb, 0xb6, 0x24, 0x21, 0x00, 0x00, 0x69, 0x22, 0xff, 0x77, 0x6d, 0x33, 0x2d, 0x33, 0x4d, 0x33, 0x51, 0x44, 0xff, 0x77, 0xdf, 0x77, 0xdf, 0x77, 0xdf, 0x77,
  0xdf, 0x77, 0xdf, 0x77, 0xdf, 0x77, 0xdf, 0x77, 0xdf, 0x77, 0xdf, 0x77, 0xff, 0x77, 0xfc, 0x66, 0x00, 0x00, 0x18, 0x9e, 0x1c, 0xaf, 0xfb, 0xa6, 0x1c, 0xaf, 0x18, 0x96, 0x00, 0x00, 0x00, 0x00,
  0x00, 0x00, 0x00, 0x00, 0x00, 0x00, 0x00, 0x00, 0x00, 0x00, 0x20, 0x00, 0xc7, 0x39, 0xaa, 0x52, 0x8a, 0x52, 0xaa, 0x52, 0x6a, 0x52, 0x82, 0x10, 0x00, 0x00, 0x00, 0x00, 0x00, 0x00, 0x00, 0x00,
  0x25, 0x19, 0x5a, 0x8e, 0xdc, 0x9e, 0xbc, 0x96, 0xbc, 0x96, 0xbc, 0x96, 0xbc, 0x96, 0xbc, 0x96, 0xbc, 0x96, 0x9c, 0x96, 0x9c, 0x96, 0x9c, 0x96, 0x9c, 0x96, 0x9c, 0x96, 0x9c, 0x96, 0x9c, 0x96,
  0x9c, 0x8e, 0x9c, 0x8e, 0x9c, 0x8e, 0x9c, 0x8e, 0x9c, 0x8e, 0x7c, 0x8e, 0x7c, 0x8e, 0x7c, 0x8e, 0x7c, 0x8e, 0x7c, 0x8e, 0x7c, 0x8e, 0x7c, 0x86, 0x7c, 0x86, 0x7c, 0x86, 0x7c, 0x86, 0x7d, 0x86,
  0x5d, 0x86, 0x5d, 0x86, 0x5d, 0x86, 0x5d, 0x86, 0x5d, 0x86, 0x5d, 0x7e, 0x5d, 0x7e, 0x5d, 0x7e, 0x5d, 0x7e, 0x5d, 0x7e, 0x3d, 0x7e, 0x3d, 0x7e, 0x3d, 0x7e, 0x3d, 0x7e, 0x3d, 0x7e, 0x3d, 0x7e,
  0x3d, 0x7e, 0x3d, 0x76, 0x3d, 0x76, 0x3d, 0x76, 0x3d, 0x76, 0x1d, 0x76, 0x1d, 0x76, 0x1d, 0x76, 0x1d, 0x76, 0x1d, 0x76, 0x1d, 0x76, 0x1d, 0x6e, 0x1d, 0x6e, 0x1d, 0x6e, 0x1e, 0x6e, 0xfe, 0x6d,
  0xfe, 0x6d, 0xfe, 0x6d, 0xfe, 0x6d, 0xfe, 0x6d, 0xfe, 0x6d, 0xfe, 0x65, 0xfe, 0x65, 0xfe, 0x65, 0xfe, 0x65, 0xde, 0x65, 0xde, 0x65, 0xde, 0x65, 0xde, 0x65, 0xde, 0x65, 0xde, 0x65, 0xde, 0x65,
  0xde, 0x5d, 0xde, 0x5d, 0xde, 0x5d, 0xbe, 0x5d, 0xbe, 0x5d, 0xbe, 0x5d, 0xbe, 0x5d, 0x1f, 0x5e, 0xae, 0x3a, 0x4e, 0x2c, 0xfc, 0x37, 0xdb, 0x37, 0xfb, 0x37, 0x18, 0x2f, 0x2b, 0x13, 0x0b, 0x11,
  0x92, 0x21, 0x92, 0x19, 0x71, 0x19, 0xb2, 0x21, 0xf2, 0x29, 0x92, 0x21, 0x72, 0x19, 0xb3, 0x4a, 0x11, 0x84, 0xae, 0xa4, 0x0c, 0xbd, 0x2b, 0xc5, 0x2c, 0xcd, 0x4e, 0xcd, 0x4e, 0xcd, 0x6d, 0xd5,
  0x6f, 0xcd, 0xaf, 0xd5, 0xef, 0xd5, 0xee, 0xf6, 0xca, 0xfe, 0x27, 0xfe, 0x48, 0xfe, 0x28, 0xfe, 0xc7, 0xfd, 0x87, 0xfd, 0x87, 0xfd, 0xc7, 0xfd, 0x27, 0xfe, 0x68, 0xfe, 0x69, 0xfe, 0xaa, 0xfe,
  0x0c, 0xff, 0x0c, 0xff, 0xca, 0xfe, 0xca, 0xfe, 0x89, 0xfe, 0xac, 0xf6, 0x1a, 0x86, 0xdf, 0x5d, 0xde, 0x65, 0xde, 0x65, 0xfe, 0x65, 0xfe, 0x65, 0xfe, 0x65, 0xfe, 0x6d, 0xfe, 0x6d, 0xfe, 0x6d,
  0xfe, 0x6d, 0x1e, 0x6e, 0x1e, 0x6e, 0x1d, 0x6e, 0x1d, 0x76, 0x1d, 0x76, 0x1d, 0x76, 0x1d, 0x76, 0x1d, 0x76, 0x3d, 0x76, 0x3d, 0x76, 0x3d, 0x76, 0x3d, 0x7e, 0x3d, 0x7e, 0x3d, 0x7e, 0x3d, 0x7e,
  0x5d, 0x7e, 0x5d, 0x7e, 0x5d, 0x86, 0x5d, 0x86, 0x5d, 0x86, 0x5d, 0x86, 0x5d, 0x86, 0x7d, 0x86, 0x7d, 0x86, 0x7c, 0x86, 0x7c, 0x8e, 0x7c, 0x8e, 0x7c, 0x8e, 0x7c, 0x8e, 0x9c, 0x8e, 0x9c, 0x8e,
  0x9c, 0x8e, 0x9c, 0x8e, 0x9c, 0x96, 0x9c, 0x96, 0x9c, 0x96, 0x9c, 0x96, 0xbc, 0x96, 0xbc, 0x96, 0xbc, 0x96, 0xbc, 0x9e, 0xbc, 0x9e, 0xbc, 0x9e, 0xbc, 0x9e, 0xdc, 0x9e, 0xdc, 0x9e, 0xdb, 0x9e,
  0xdb, 0xa6, 0xdb, 0xa6, 0xdb, 0xa6, 0xdb, 0xa6, 0xdb, 0xa6, 0xfb, 0xa6, 0xfb, 0xa6, 0xfb, 0xa6, 0xfb, 0xae, 0xfb, 0xae, 0xfb, 0xae, 0xfb, 0xae, 0x1b, 0xaf, 0x1b, 0xaf, 0x1b, 0xaf, 0x1b, 0xb7,
  0x1b, 0xb7, 0x1b, 0xb7, 0x1b, 0xb7, 0x3b, 0xb7, 0x3a, 0xb7, 0x3a, 0xb7, 0x3a, 0xb7, 0x3a, 0xb7, 0x3a, 0xbf, 0xbc, 0xd7, 0x00, 0x00, 0x00, 0x00, 0x00, 0x00, 0x39, 0xce, 0x9a, 0xd6, 0x00, 0x00,
  0x00, 0x00, 0xfc, 0xe6, 0xf4, 0xa4, 0x00, 0x00, 0xff, 0xff, 0xf0, 0x83, 0x00, 0x00, 0x00, 0x00, 0x00, 0x00, 0xff, 0xff, 0x10, 0x84, 0x00, 0x00, 0x00, 0x00, 0xfe, 0xf7, 0x26, 0x4a, 0xcb, 0x10,
  0xf7, 0x21, 0xf7, 0x21, 0xf7, 0x21, 0xf7, 0x21, 0xf6, 0x21, 0xf7, 0x21, 0xf6, 0x21, 0xf6, 0x21, 0xf6, 0x21, 0xf6, 0x21, 0xb7, 0x3a, 0x17, 0x2a, 0xf7, 0x21, 0xa9, 0x08, 0x0f, 0x3c, 0xff, 0x7f,
  0xdf, 0x77, 0xdf, 0x77, 0xdf, 0x77, 0xdf, 0x77, 0xdf, 0x77, 0xdf, 0x77, 0xdf, 0x77, 0xdf, 0x77, 0xdf, 0x77, 0xdf, 0x77, 0xdf, 0x77, 0xdf, 0x77, 0xdf, 0x77, 0xdf, 0x77, 0xdf, 0x77, 0x00, 0x00,
  0x00, 0x00, 0xef, 0x63, 0x7d, 0xc7, 0xfb, 0xb6, 0x24, 0x21, 0x00, 0x00, 0x69, 0x22, 0x3d, 0x6f, 0xe3, 0x10, 0x45, 0x11, 0x25, 0x11, 0xc7, 0x19, 0xff, 0x7f, 0xdf, 0x77, 0xdf, 0x77, 0xdf, 0x77,
  0xdf, 0x77, 0xdf, 0x77, 0xdf, 0x77, 0xdf, 0x77, 0xdf, 0x77, 0xdf, 0x77, 0xff, 0x77, 0xfc, 0x66, 0x00, 0x00, 0x18, 0x9e, 0x1c, 0xaf, 0xfb, 0xa6, 0x1c, 0xaf, 0x18, 0x96, 0x00, 0x00, 0x00, 0x00,
  0x00, 0x00, 0x00, 0x00, 0x00, 0x00, 0x00, 0x00, 0x00, 0x00, 0x24, 0x21, 0x5d, 0xef, 0x3c, 0xe7, 0x3c, 0xe7, 0x3c, 0xe7, 0x14, 0xa5, 0x00, 0x00, 0x00, 0x00, 0x00, 0x00, 0x00, 0x00, 0x00, 0x00,
  0x45, 0x19, 0xb8, 0x85, 0xdc, 0x9e, 0xbc, 0x96, 0xbc, 0x96, 0xbc, 0x96, 0xbc, 0x96, 0x9c, 0x96, 0x9c, 0x96, 0x9c, 0x96, 0x9c, 0x96, 0x9c, 0x96, 0x9c, 0x96, 0x9c, 0x96, 0x9c, 0x8e, 0x9c, 0x8e,
  0x9c, 0x8e, 0x9c, 0x8e, 0x9c, 0x8e, 0x7c, 0x8e, 0x7c, 0x8e, 0x7c, 0x8e, 0x7c, 0x8e, 0x7c, 0x8e, 0x7c, 0x8e, 0x7c, 0x86, 0x7c, 0x86, 0x7c, 0x86, 0x7c, 0x86, 0x7d, 0x86, 0x5d, 0x86, 0x5d, 0x86,
  0x5d, 0x86, 0x5d, 0x86, 0x5d, 0x86, 0x5d, 0x86, 0x5d, 0x7e, 0x5d, 0x7e, 0x5d, 0x7e, 0x5d, 0x7e, 0x5d, 0x7e, 0x3d, 0x7e, 0x3d, 0x7e, 0x3d, 0x7e, 0x3d, 0x7e, 0x3d, 0x7e, 0x3d, 0x7e, 0x3d, 0x76,
  0x3d, 0x76, 0x3d, 0x76, 0x3d, 0x76, 0x1d, 0x76, 0x1d, 0x76, 0x1d, 0x76, 0x1d, 0x76, 0x1d, 0x76, 0x1d, 0x76, 0x1d, 0x6e, 0x1d, 0x6e, 0x1d, 0x6e, 0x1e, 0x6e, 0xfe, 0x6d, 0xfe, 0x6d, 0xfe, 0x6d,
  0xfe, 0x6d, 0xfe, 0x6d, 0xfe, 0x6d, 0xfe, 0x6d, 0xfe, 0x65, 0xfe, 0x65, 0xfe, 0x65, 0xfe, 0x65, 0xde, 0x65, 0xde, 0x65, 0xde, 0x65, 0xde, 0x65, 0xde, 0x65, 0xde, 0x65, 0xde, 0x5d, 0xde, 0x5d,
  0xde, 0x5d, 0xbe, 0x5d, 0xbe, 0x5d, 0xbe, 0x5d, 0xbe, 0x5d, 0xbe, 0x5d, 0xbf, 0x5d, 0xff, 0x5d, 0x8e, 0x3a, 0x4e, 0x2c, 0xfc, 0x37, 0xdb, 0x37, 0xfb, 0x37, 0x18, 0x2f, 0x2b, 0x13, 0x0b, 0x11,
  0x92, 0x19, 0x72, 0x19, 0x71, 0x19, 0xb2, 0x21, 0xf2, 0x29, 0x72, 0x19, 0x12, 0x5b, 0xd0, 0xcd, 0x6c, 0xf6, 0x49, 0xfe, 0x88, 0xfe, 0x26, 0xfe, 0xa6, 0xfd, 0xc9, 0xfd, 0x88, 0xfd, 0x88, 0xfd,
  0x67, 0xfd, 0x6a, 0xfe, 0x2d, 0xff, 0x0c, 0xff, 0x68, 0xfe, 0x68, 0xfe, 0x49, 0xfe, 0x6a, 0xfe, 0x6b, 0xfe, 0x4a, 0xfe, 0x4b, 0xfe, 0x6b, 0xfe, 0x6a, 0xfe, 0x69, 0xfe, 0x89, 0xfe, 0x89, 0xfe,
  0xcb, 0xfe, 0x2d, 0xff, 0xeb, 0xfe, 0xc9, 0xfe, 0x88, 0xfe, 0xc8, 0xf5, 0xf5, 0xb5, 0xfe, 0x6d, 0xfe, 0x65, 0xfe, 0x65, 0xfe, 0x6d, 0xfe, 0x6d, 0xfe, 0x6d, 0xfe, 0x6d, 0xfe, 0x6d, 0x1e, 0x6e,
  0x1e, 0x6e, 0x1d, 0x6e, 0x1d, 0x76, 0x1d, 0x76, 0x1d, 0x76, 0x1d, 0x76, 0x3d, 0x76, 0x3d, 0x76, 0x3d, 0x7e, 0x3d, 0x7e, 0x3d, 0x7e, 0x3d, 0x7e, 0x3d, 0x7e, 0x5d, 0x7e, 0x5d, 0x7e, 0x5d, 0x7e,
  0x5d, 0x7e, 0x5d, 0x86, 0x5d, 0x86, 0x5d, 0x86, 0x5d, 0x86, 0x7d, 0x86, 0x7d, 0x86, 0x7c, 0x8e, 0x7c, 0x8e, 0x7c, 0x8e, 0x7c, 0x8e, 0x7c, 0x8e, 0x9c, 0x8e, 0x9c, 0x8e, 0x9c, 0x8e, 0x9c, 0x8e,
  0x9c, 0x96, 0x9c, 0x96, 0x9c, 0x96, 0x9c, 0x96, 0xbc, 0x96, 0xbc, 0x96, 0xbc, 0x9e, 0xbc, 0x9e, 0xbc, 0x9e, 0xbc, 0x9e, 0xbc, 0x9e, 0xdc, 0x9e, 0xdb, 0x9e, 0xdb, 0x9e, 0xdb, 0x9e, 0xdb, 0xa6,
  0xdb, 0xa6, 0xdb, 0xa6, 0xfb, 0xa6, 0xfb, 0xa6, 0xfb, 0xa6, 0xfb, 0xa6, 0xfb, 0xae, 0xfb, 0xae, 0xfb, 0xae, 0x1b, 0xaf, 0x1b, 0xaf, 0x1b, 0xaf, 0x1b, 0xaf, 0x1b, 0xb7, 0x1b, 0xb7, 0x1b, 0xb7,
  0x1b, 0xb7, 0x3a, 0xb7, 0x3a, 0xb7, 0x3a, 0xb7, 0x3a, 0xb7, 0x3a, 0xbf, 0x3a, 0xbf, 0x3a, 0xbf, 0x5a, 0xbf, 0x7b, 0xcf, 0x00, 0x00, 0x00, 0x00, 0x00, 0x00, 0x39, 0xce, 0x7a, 0xd6, 0x00, 0x00,
  0x61, 0x08, 0xdf, 0xff, 0xd3, 0x9c, 0x00, 0x00, 0xff, 0xff, 0xae, 0x73, 0x00, 0x00, 0xc3, 0x18, 0x34, 0xa5, 0xff, 0xff, 0x61, 0x08, 0x00, 0x00, 0x91, 0x8c, 0xfd, 0xef, 0x06, 0x4a, 0xcb, 0x10,
  0x37, 0x2a, 0x37, 0x2a, 0x37, 0x2a, 0x37, 0x2a, 0x37, 0x2a, 0x37, 0x2a, 0x37, 0x2a, 0x37, 0x2a, 0x37, 0x2a, 0x17, 0x2a, 0xb7, 0x3a, 0x37, 0x2a, 0x37, 0x2a, 0xa9, 0x10, 0xef, 0x3b, 0xff, 0x7f,
  0xdf, 0x77, 0xdf, 0x77, 0xdf, 0x77, 0xdf, 0x77, 0xdf, 0x77, 0xdf, 0x77, 0xdf, 0x77, 0xdf, 0x77, 0xdf, 0x77, 0xdf, 0x77, 0xdf, 0x77, 0xdf, 0x77, 0xdf, 0x77, 0xff, 0x77, 0x7e, 0x6f, 0x00, 0x00,
  0x00, 0x00, 0xef, 0x63, 0x7d, 0xc7, 0xfb, 0xb6, 0x24, 0x21, 0x00, 0x00, 0x08, 0x22, 0xff, 0x7f, 0x18, 0x5e, 0x39, 0x5e, 0x39, 0x5e, 0x39, 0x5e, 0xff, 0x77, 0xdf, 0x77, 0xdf, 0x77, 0xdf, 0x77,
  0xdf, 0x77, 0xdf, 0x77, 0xdf, 0x77, 0xdf, 0x77, 0xdf, 0x77, 0xdf, 0x77, 0xff, 0x77, 0xfc, 0x66, 0x00, 0x00, 0x18, 0x96, 0x1c, 0xaf, 0xfb, 0xa6, 0x1c, 0xa7, 0x18, 0x96, 0x00, 0x00, 0x00, 0x00,
  0x00, 0x00, 0x00, 0x00, 0x00, 0x00, 0x00, 0x00, 0x41, 0x08, 0xae, 0x73, 0xff, 0xff, 0xff, 0xff, 0xff, 0xff, 0x5d, 0xef, 0x45, 0x29, 0x00, 0x00, 0x00, 0x00, 0x00, 0x00, 0x00, 0x00, 0x00, 0x00,
  0x45, 0x19, 0xd8, 0x85, 0xdc, 0x9e, 0xbc, 0x96, 0xbc, 0x96, 0xbc, 0x96, 0x9c, 0x96, 0x9c, 0x96, 0x9c, 0x96, 0x9c, 0x96, 0x9c, 0x96, 0x9c, 0x96, 0x9c, 0x8e, 0x9c, 0x8e, 0x9c, 0x8e, 0x9c, 0x8e,
  0x9c, 0x8e, 0x7c, 0x8e, 0x7c, 0x8e, 0x7c, 0x8e, 0x7c, 0x8e, 0x7c, 0x8e, 0x7c, 0x8e, 0x7c, 0x8e, 0x7c, 0x86, 0x7d, 0x86, 0x7c, 0x86, 0x7d, 0x86, 0x7d, 0x86, 0x5d, 0x86, 0x5d, 0x86, 0x5d, 0x86,
  0x5d, 0x86, 0x5d, 0x86, 0x5d, 0x7e, 0x5d, 0x7e, 0x5d, 0x7e, 0x5d, 0x7e, 0x5d, 0x7e, 0x3d, 0x7e, 0x3d, 0x7e, 0x3d, 0x7e, 0x3d, 0x7e, 0x3d, 0x7e, 0x3d, 0x7e, 0x3d, 0x76, 0x3d, 0x76, 0x3d, 0x76,
  0x3d, 0x76, 0x1d, 0x76, 0x1d, 0x76, 0x1d, 0x76, 0x1d, 0x76, 0x1d, 0x76, 0x1d, 0x76, 0x1d, 0x76, 0x1e, 0x6e, 0x1d, 0x6e, 0x1e, 0x6e, 0x1e, 0x6e, 0xfe, 0x6d, 0xfe, 0x6d, 0xfe, 0x6d, 0xfe, 0x6d,
  0xfe, 0x6d, 0xfe, 0x6d, 0xfe, 0x65, 0xfe, 0x65, 0xfe, 0x65, 0xfe, 0x65, 0xde, 0x65, 0xde, 0x65, 0xde, 0x65, 0xde, 0x65, 0xde, 0x65, 0xde, 0x65, 0xde, 0x5d, 0xde, 0x5d, 0xde, 0x5d, 0xde, 0x5d,
  0xbe, 0x5d, 0xbe, 0x5d, 0xbe, 0x5d, 0xbe, 0x5d, 0xbe, 0x5d, 0xbe, 0x5d, 0xbe, 0x55, 0xff, 0x5d, 0x8e, 0x3a, 0x4e, 0x2c, 0xfc, 0x37, 0xdb, 0x37, 0xfb, 0x37, 0x18, 0x2f, 0x2b, 0x13, 0x2c, 0x19,
  0xb2, 0x21, 0xb2, 0x21, 0xb2, 0x21, 0xd2, 0x29, 0xf2, 0x31, 0x72, 0x19, 0xd2, 0x73, 0xae, 0xee, 0x0b, 0xff, 0xec, 0xfe, 0xed, 0xfe, 0xcc, 0xfe, 0x6a, 0xfe, 0x4a, 0xfe, 0x09, 0xfe, 0xe8, 0xfd,
  0x45, 0xfd, 0x49, 0xfe, 0x4d, 0xff, 0xaa, 0xfe, 0x68, 0xfe, 0xaa, 0xfe, 0x48, 0xfe, 0x05, 0xfd, 0x09, 0xfe, 0x2a, 0xfe, 0x85, 0xf4, 0xa5, 0xf4, 0x2a, 0xfe, 0x6a, 0xfe, 0x69, 0xfe, 0x8a, 0xfe,
  0xaa, 0xfe, 0x0d, 0xff, 0x2d, 0xff, 0xe9, 0xf5, 0x47, 0xf5, 0x86, 0xfd, 0x70, 0xe6, 0x3c, 0x86, 0xfe, 0x65, 0xfe, 0x6d, 0xfe, 0x6d, 0xfe, 0x6d, 0x1e, 0x6e, 0x1e, 0x6e, 0x1d, 0x6e, 0x1d, 0x76,
  0x1d, 0x76, 0x1d, 0x76, 0x1d, 0x76, 0x1d, 0x76, 0x3d, 0x76, 0x3d, 0x76, 0x3d, 0x7e, 0x3d, 0x7e, 0x3d, 0x7e, 0x3d, 0x7e, 0x3d, 0x7e, 0x5d, 0x7e, 0x5d, 0x7e, 0x5d, 0x7e, 0x5d, 0x86, 0x5d, 0x86,
  0x5d, 0x86, 0x5d, 0x86, 0x7d, 0x86, 0x7d, 0x86, 0x7c, 0x86, 0x7c, 0x8e, 0x7c, 0x8e, 0x7c, 0x8e, 0x7c, 0x8e, 0x9c, 0x8e, 0x9c, 0x8e, 0x9c, 0x8e, 0x9c, 0x8e, 0x9c, 0x96, 0x9c, 0x96, 0x9c, 0x96,
  0x9c, 0x96, 0xbc, 0x96, 0xbc, 0x96, 0xbc, 0x96, 0xbc, 0x9e, 0xbc, 0x9e, 0xbc, 0x9e, 0xbc, 0x9e, 0xbc, 0x9e, 0xdc, 0x9e, 0xdb, 0x9e, 0xdb, 0xa6, 0xdb, 0xa6, 0xdb, 0xa6, 0xdb, 0xa6, 0xdb, 0xa6,
  0xfb, 0xa6, 0xfb, 0xa6, 0xfb, 0xa6, 0xfb, 0xa6, 0xfb, 0xae, 0xfb, 0xae, 0xfb, 0xae, 0x1b, 0xaf, 0x1b, 0xaf, 0x1b, 0xaf, 0x1b, 0xb7, 0x1b, 0xb7, 0x1b, 0xb7, 0x1b, 0xb7, 0x3b, 0xb7, 0x3a, 0xb7,
  0x3a, 0xb7, 0x3a, 0xb7, 0x3a, 0xb7, 0x3a, 0xbf, 0x3a, 0xbf, 0x3a, 0xbf, 0x5a, 0xbf, 0x5a, 0xbf, 0x5a, 0xbf, 0x5b, 0xcf, 0x00, 0x00, 0x00, 0x00, 0x00, 0x00, 0x9a, 0xd6, 0xff, 0xff, 0x79, 0xce,
  0x5d, 0xef, 0x1c, 0xe7, 0xc3, 0x18, 0x00, 0x00, 0xff, 0xff, 0xbf, 0xff, 0x79, 0xce, 0x7d, 0xef, 0x39, 0xce, 0x28, 0x42, 0x00, 0x00, 0x00, 0x00, 0xfb, 0xe7, 0xfb, 0xe7, 0x06, 0x4a, 0x0b, 0x19,
  0x77, 0x32, 0x77, 0x32, 0x77, 0x32, 0x77, 0x32, 0x77, 0x32, 0x77, 0x32, 0x77, 0x32, 0x77, 0x32, 0x77, 0x32, 0x77, 0x32, 0xb7, 0x42, 0x77, 0x3a, 0x78, 0x32, 0xea, 0x10, 0xef, 0x3b, 0xff, 0x7f,
  0xdf, 0x77, 0xdf, 0x77, 0xdf, 0x77, 0xdf, 0x77, 0xdf, 0x77, 0xdf, 0x77, 0xdf, 0x77, 0xdf, 0x77, 0xdf, 0x77, 0xdf, 0x77, 0xdf, 0x77, 0xdf, 0x77, 0xff, 0x77, 0x9e, 0x6f, 0x8a, 0x22, 0x00, 0x00,
  0x00, 0x00, 0xce, 0x63, 0x7d, 0xc7, 0xfb, 0xb6, 0x04, 0x19, 0x00, 0x00, 0xa2, 0x08, 0xbb, 0x66, 0xff, 0x7f, 0xff, 0x77, 0xff, 0x77, 0xff, 0x77, 0xdf, 0x77, 0xdf, 0x77, 0xdf, 0x77, 0xdf, 0x77,
  0xdf, 0x77, 0xdf, 0x77, 0xdf, 0x77, 0xdf, 0x77, 0xdf, 0x77, 0xdf, 0x77, 0xff, 0x77, 0xfc, 0x66, 0x00, 0x00, 0x18, 0x96, 0x1c, 0xa7, 0xfb, 0xa6, 0x1c, 0xa7, 0x18, 0x8e, 0x00, 0x00, 0x00, 0x00,
  0x00, 0x00, 0x00, 0x00, 0x00, 0x00, 0x00, 0x00, 0xa3, 0x18, 0xba, 0xd6, 0xff, 0xff, 0xff, 0xff, 0x9e, 0xf7, 0x6a, 0x52, 0x00, 0x00, 0x00, 0x00, 0x00, 0x00, 0x00, 0x00, 0x00, 0x00, 0x00, 0x00,
  0x45, 0x19, 0xb8, 0x85, 0xdd, 0x9e, 0xbc, 0x96, 0x9c, 0x96, 0x9c, 0x96, 0x9c, 0x96, 0x9c, 0x96, 0x9c, 0x96, 0x9c, 0x96, 0x9c, 0x8e, 0x9c, 0x8e, 0x9c, 0x8e, 0x9c, 0x8e, 0x9c, 0x8e, 0x7c, 0x8e,
  0x7c, 0x8e, 0x7c, 0x8e, 0x7c, 0x8e, 0x7c, 0x8e, 0x7c, 0x8e, 0x7c, 0x8e, 0x7c, 0x86, 0x7c, 0x86, 0x7c, 0x86, 0x7c, 0x86, 0x7d, 0x86, 0x5d, 0x86, 0x5d, 0x86, 0x5d, 0x86, 0x5d, 0x86, 0x5d, 0x86,
  0x5d, 0x7e, 0x5d, 0x7e, 0x5d, 0x7e, 0x5d, 0x7e, 0x5d, 0x7e, 0x3d, 0x7e, 0x3d, 0x7e, 0x3d, 0x7e, 0x3d, 0x7e, 0x3d, 0x7e, 0x3d, 0x7e, 0x3d, 0x7e, 0x3d, 0x76, 0x3d, 0x76, 0x3d, 0x76, 0x3d, 0x76,
  0x1d, 0x76, 0x1d, 0x76, 0x1d, 0x76, 0x1d, 0x76, 0x1d, 0x76, 0x1d, 0x76, 0x1e, 0x6e, 0x1d, 0x6e, 0x1d, 0x6e, 0x1e, 0x6e, 0xfe, 0x6d, 0xfe, 0x6d, 0xfe, 0x6d, 0xfe, 0x6d, 0xfe, 0x6d, 0xfe, 0x6d,
  0xfe, 0x65, 0xfe, 0x65, 0xfe, 0x65, 0xfe, 0x65, 0xde, 0x65, 0xde, 0x65, 0xde, 0x65, 0xde, 0x65, 0xde, 0x65, 0xde, 0x65, 0xde, 0x65, 0xde, 0x5d, 0xde, 0x5d, 0xde, 0x5d, 0xbe, 0x5d, 0xbe, 0x5d,
  0xbe, 0x5d, 0xbe, 0x5d, 0xbe, 0x5d, 0xbe, 0x5d, 0xbe, 0x55, 0xbf, 0x55, 0x9f, 0x55, 0xff, 0x55, 0x8e, 0x3a, 0x4e, 0x2c, 0xfc, 0x37, 0xdb, 0x37, 0xfb, 0x37, 0x18, 0x2f, 0x2b, 0x13, 0x6c, 0x21,
  0x13, 0x32, 0x13, 0x32, 0x13, 0x32, 0x13, 0x32, 0x33, 0x32, 0xf3, 0x29, 0x32, 0x8c, 0xad, 0xf6, 0x2c, 0xff, 0x2e, 0xff, 0x4f, 0xff, 0x4f, 0xff, 0x2d, 0xff, 0xeb, 0xfe, 0xca, 0xfe, 0x47, 0xfe,
  0x04, 0xfd, 0x29, 0xfe, 0x4d, 0xff, 0x89, 0xfe, 0x89, 0xfe, 0xeb, 0xfe, 0xa9, 0xfe, 0x24, 0xfd, 0x09, 0xfe, 0xe9, 0xfd, 0x03, 0xf4, 0x02, 0xfc, 0x09, 0xfe, 0x6a, 0xfe, 0x49, 0xfe, 0x8a, 0xfe,
  0x8a, 0xfe, 0xec, 0xfe, 0x2d, 0xff, 0x8a, 0xfe, 0x29, 0xfe, 0x48, 0xfe, 0xb0, 0xe6, 0x3b, 0x86, 0xfe, 0x6d, 0xfe, 0x6d, 0x1e, 0x6e, 0x1e, 0x6e, 0x1d, 0x76, 0x1d, 0x76, 0x1d, 0x76, 0x1d, 0x76,
  0x1d, 0x76, 0x3d, 0x76, 0x3d, 0x76, 0x3d, 0x76, 0x3d, 0x7e, 0x3d, 0x7e, 0x3d, 0x7e, 0x3d, 0x7e, 0x5d, 0x7e, 0x5d, 0x7e, 0x5d, 0x7e, 0x5d, 0x86, 0x5d, 0x86, 0x5d, 0x86, 0x5d, 0x86, 0x5d, 0x86,
  0x7d, 0x86, 0x7d, 0x86, 0x7c, 0x8e, 0x7c, 0x8e, 0x7c, 0x8e, 0x7c, 0x8e, 0x7c, 0x8e, 0x9c, 0x8e, 0x9c, 0x8e, 0x9c, 0x8e, 0x9c, 0x8e, 0x9c, 0x96, 0x9c, 0x96, 0x9c, 0x96, 0x9c, 0x96, 0xbc, 0x96,
  0xbc, 0x96, 0xbc, 0x9e, 0xbc, 0x9e, 0xbc, 0x9e, 0xbc, 0x9e, 0xbc, 0x9e, 0xdc, 0x9e, 0xdb, 0x9e, 0xdb, 0x9e, 0xdb, 0x9e, 0xdb, 0xa6, 0xdb, 0xa6, 0xdb, 0xa6, 0xfb, 0xa6, 0xfb, 0xa6, 0xfb, 0xa6,
  0xfb, 0xa6, 0xfb, 0xae, 0xfb, 0xae, 0xfb, 0xae, 0xfb, 0xae, 0x1b, 0xaf, 0x1b, 0xaf, 0x1b, 0xaf, 0x1b, 0xb7, 0x1b, 0xb7, 0x1b, 0xb7, 0x1b, 0xb7, 0x3a, 0xb7, 0x3a, 0xb7, 0x3a, 0xb7, 0x3a, 0xb7,
  0x3a, 0xbf, 0x3a, 0xbf, 0x3a, 0xbf, 0x3a, 0xbf, 0x5a, 0xbf, 0x5a, 0xbf, 0x5a, 0xbf, 0x5a, 0xc7, 0x5a, 0xc7, 0xdc, 0xd7, 0x00, 0x00, 0x00, 0x00, 0x00, 0x00, 0xa6, 0x31, 0x49, 0x4a, 0x6a, 0x52,
  0x6a, 0x52, 0x86, 0x31, 0x00, 0x00, 0x00, 0x00, 0x08, 0x42, 0x49, 0x4a, 0x6a, 0x52, 0x8a, 0x52, 0x45, 0x29, 0x00, 0x00, 0x00, 0x00, 0x73, 0xa5, 0xfa, 0xdf, 0xfb, 0xef, 0x06, 0x4a, 0x4c, 0x21,
  0x17, 0x2a, 0x17, 0x2a, 0x17, 0x2a, 0x17, 0x2a, 0x17, 0x2a, 0x16, 0x2a, 0x16, 0x2a, 0x16, 0x2a, 0x16, 0x2a, 0x16, 0x2a, 0xb7, 0x3a, 0x37, 0x2a, 0x17, 0x2a, 0xa9, 0x10, 0xef, 0x3b, 0xff, 0x7f,
  0xdf, 0x77, 0xdf, 0x77, 0xdf, 0x77, 0xdf, 0x77, 0xdf, 0x77, 0xdf, 0x77, 0xdf, 0x77, 0xdf, 0x77, 0xdf, 0x77, 0xdf, 0x77, 0xdf, 0x77, 0xdf, 0x77, 0x7e, 0x6f, 0x86, 0x19, 0x00, 0x00, 0x00, 0x00,
  0x00, 0x00, 0x95, 0x95, 0x3c, 0xbf, 0xfb, 0xb6, 0x49, 0x3a, 0x00, 0x00, 0x00, 0x00, 0x86, 0x19, 0x9a, 0x66, 0xff, 0x77, 0xdf, 0x77, 0xdf, 0x77, 0xdf, 0x77, 0xdf, 0x77, 0xdf, 0x77, 0xdf, 0x77,
  0xdf, 0x77, 0xdf, 0x77, 0xdf, 0x77, 0xdf, 0x77, 0xdf, 0x77, 0xdf, 0x77, 0xff, 0x77, 0xfc, 0x66, 0x00, 0x00, 0x18, 0x96, 0x1c, 0xa7, 0xdb, 0xa6, 0xfc, 0xa6, 0x18, 0x8e, 0x00, 0x00, 0x00, 0x00,
  0x00, 0x00, 0x00, 0x00, 0x00, 0x00, 0x00, 0x00, 0x08, 0x42, 0xff, 0xff, 0xff, 0xff, 0xdf, 0xff, 0x14, 0xa5, 0xe4, 0x20, 0x04, 0x21, 0x00, 0x00, 0x00, 0x00, 0x00, 0x00, 0x00, 0x00, 0x00, 0x00,
  0x45, 0x19, 0xb8, 0x85, 0xdd, 0x96, 0x9c, 0x96, 0x9c, 0x96, 0x9c, 0x96, 0x9c, 0x96, 0x9c, 0x96, 0x9c, 0x96, 0x9c, 0x8e, 0x9c, 0x8e, 0x9c, 0x8e, 0x9c, 0x8e, 0x9c, 0x8e, 0x7c, 0x8e, 0x7c, 0x8e,
  0x7c, 0x8e, 0x7c, 0x8e, 0x7c, 0x8e, 0x7c, 0x8e, 0x7c, 0x86, 0x7c, 0x86, 0x7c, 0x86, 0x7c, 0x86, 0x7d, 0x86, 0x5d, 0x86, 0x5d, 0x86, 0x5d, 0x86, 0x5d, 0x86, 0x5d, 0x86, 0x5d, 0x7e, 0x5d, 0x7e,
  0x5d, 0x7e, 0x5d, 0x7e, 0x5d, 0x7e, 0x5d, 0x7e, 0x3d, 0x7e, 0x3d, 0x7e, 0x3d, 0x7e, 0x3d, 0x7e, 0x3d, 0x7e, 0x3d, 0x7e, 0x3d, 0x76, 0x3d, 0x76, 0x3d, 0x76, 0x3d, 0x76, 0x1d, 0x76, 0x1d, 0x76,
  0x1d, 0x76, 0x1d, 0x76, 0x1d, 0x76, 0x1d, 0x76, 0x1d, 0x6e, 0x1d, 0x6e, 0x1d, 0x6e, 0x1e, 0x6e, 0xfe, 0x6d, 0xfe, 0x6d, 0xfe, 0x6d, 0xfe, 0x6d, 0xfe, 0x6d, 0xfe, 0x6d, 0xfe, 0x6d, 0xfe, 0x65,
  0xfe, 0x65, 0xfe, 0x65, 0xde, 0x65, 0xde, 0x65, 0xde, 0x65, 0xde, 0x65, 0xde, 0x65, 0xde, 0x65, 0xde, 0x65, 0xde, 0x5d, 0xde, 0x5d, 0xde, 0x5d, 0xde, 0x5d, 0xbe, 0x5d, 0xbe, 0x5d, 0xbe, 0x5d,
  0xbe, 0x5d, 0xbf, 0x5d, 0xbe, 0x55, 0xbf, 0x55, 0xbf, 0x55, 0x9f, 0x55, 0x9f, 0x55, 0xff, 0x55, 0x8e, 0x3a, 0x4e, 0x2c, 0xfc, 0x37, 0xdb, 0x37, 0xfb, 0x37, 0x18, 0x2f, 0x2b, 0x13, 0x2c, 0x19,
  0xb2, 0x21, 0xb2, 0x21, 0xb2, 0x21, 0xd2, 0x29, 0xd2, 0x21, 0x32, 0x63, 0xec, 0xcc, 0xc8, 0xfd, 0x8a, 0xfe, 0x0d, 0xff, 0x4f, 0xff, 0x4f, 0xff, 0x4e, 0xff, 0x2c, 0xff, 0xea, 0xfe, 0x68, 0xfe,
  0x03, 0xfd, 0x29, 0xfe, 0x4d, 0xff, 0x89, 0xfe, 0x8a, 0xfe, 0xeb, 0xfe, 0xeb, 0xfe, 0xc7, 0xfd, 0x29, 0xfe, 0x8b, 0xfe, 0xe9, 0xfd, 0x09, 0xfe, 0x8b, 0xfe, 0x09, 0xfe, 0x08, 0xfe, 0xaa, 0xfe,
  0xaa, 0xfe, 0xcb, 0xfe, 0x2c, 0xff, 0xeb, 0xfe, 0xca, 0xfe, 0xa8, 0xfe, 0xb2, 0xde, 0x3c, 0x86, 0xfe, 0x6d, 0x1d, 0x6e, 0x1d, 0x76, 0x1d, 0x76, 0x1d, 0x76, 0x1d, 0x76, 0x1d, 0x76, 0x3d, 0x76,
  0x3d, 0x76, 0x3d, 0x7e, 0x3d, 0x7e, 0x3d, 0x7e, 0x3d, 0x7e, 0x3d, 0x7e, 0x5d, 0x7e, 0x5d, 0x7e, 0x5d, 0x7e, 0x5d, 0x86, 0x5d, 0x86, 0x5d, 0x86, 0x5d, 0x86, 0x7d, 0x86, 0x7d, 0x86, 0x7c, 0x86,
  0x7c, 0x8e, 0x7c, 0x8e, 0x7c, 0x8e, 0x7c, 0x8e, 0x9c, 0x8e, 0x9c, 0x8e, 0x9c, 0x8e, 0x9c, 0x8e, 0x9c, 0x96, 0x9c, 0x96, 0x9c, 0x96, 0x9c, 0x96, 0xbc, 0x96, 0xbc, 0x96, 0xbc, 0x96, 0xbc, 0x9e,
  0xbc, 0x9e, 0xbc, 0x9e, 0xbc, 0x9e, 0xbc, 0x9e, 0xdc, 0x9e, 0xdb, 0x9e, 0xdb, 0xa6, 0xdb, 0xa6, 0xdb, 0xa6, 0xdb, 0xa6, 0xdb, 0xa6, 0xfb, 0xa6, 0xfb, 0xa6, 0xfb, 0xa6, 0xfb, 0xa6, 0xfb, 0xae,
  0xfb, 0xae, 0xfb, 0xae, 0x1b, 0xaf, 0x1b, 0xaf, 0x1b, 0xaf, 0x1b, 0xb7, 0x1b, 0xb7, 0x1b, 0xb7, 0x1b, 0xb7, 0x3b, 0xb7, 0x3a, 0xb7, 0x3a, 0xb7, 0x3a, 0xb7, 0x3a, 0xb7, 0x3a, 0xbf, 0x3a, 0xbf,
  0x3a, 0xbf, 0x5a, 0xbf, 0x5a, 0xbf, 0x5a, 0xbf, 0x5a, 0xc7, 0x5a, 0xc7, 0x5a, 0xc7, 0x5a, 0xc7, 0x7a, 0xc7, 0xfd, 0xdf, 0x00, 0x00, 0x00, 0x00, 0x00, 0x00, 0x00, 0x00, 0x00, 0x00, 0x00, 0x00,
  0x00, 0x00, 0x00, 0x00, 0x00, 0x00, 0x00, 0x00, 0x00, 0x00, 0x00, 0x00, 0x00, 0x00, 0x00, 0x00, 0x00, 0x00, 0x00, 0x00, 0x62, 0x08, 0xfb, 0xef, 0xd9, 0xdf, 0xfb, 0xef, 0x06, 0x4a, 0xeb, 0x18,
  0xf6, 0x21, 0xf6, 0x21, 0xf6, 0x21, 0xf6, 0x21, 0xf6, 0x21, 0xf6, 0x21, 0xf6, 0x21, 0xf6, 0x21, 0xf6, 0x21, 0xf6, 0x21, 0x97, 0x3a, 0x16, 0x2a, 0xf7, 0x21, 0xa9, 0x08, 0x0f, 0x3c, 0xff, 0x7f,
  0xdf, 0x77, 0xdf, 0x77, 0xdf, 0x77, 0xdf, 0x77, 0xdf, 0x77, 0xdf, 0x77, 0xdf, 0x77, 0xdf, 0x77, 0xdf, 0x77, 0xdf, 0x77, 0xdf, 0x77, 0xff, 0x77, 0xcb, 0x2a, 0x00, 0x00, 0x00, 0x00, 0xc7, 0x31,
  0x54, 0x8d, 0xfb, 0xb6, 0x1b, 0xb7, 0x1b, 0xb7, 0x17, 0x9e, 0x6d, 0x5b, 0x00, 0x00, 0x00, 0x00, 0x86, 0x19, 0x3d, 0x6f, 0xff, 0x77, 0xdf, 0x77, 0xdf, 0x77, 0xdf, 0x77, 0xdf, 0x77, 0xdf, 0x77,
  0xdf, 0x77, 0xdf, 0x77, 0xdf, 0x77, 0xdf, 0x77, 0xdf, 0x77, 0xdf, 0x77, 0xff, 0x77, 0xfc, 0x66, 0x00, 0x00, 0x18, 0x96, 0x1c, 0xa7, 0xdb, 0xa6, 0xfc, 0xa6, 0x18, 0x8e, 0x00, 0x00, 0x00, 0x00,
  0x00, 0x00, 0x00, 0x00, 0x00, 0x00, 0x62, 0x10, 0xb2, 0x94, 0xff, 0xff, 0xff, 0xff, 0xff, 0xff, 0x5d, 0xef, 0x59, 0xce, 0x0c, 0x63, 0x00, 0x00, 0x00, 0x00, 0x00, 0x00, 0x00, 0x00, 0x00, 0x00,
  0x45, 0x19, 0xb8, 0x7d, 0xdd, 0x96, 0x9c, 0x96, 0x9c, 0x96, 0x9c, 0x96, 0x9c, 0x96, 0x9c, 0x8e, 0x9c, 0x8e, 0x9c, 0x8e, 0x9c, 0x8e, 0x9c, 0x8e, 0x7c, 0x8e, 0x7c, 0x8e, 0x7c, 0x8e, 0x7c, 0x8e,
  0x7c, 0x8e, 0x7c, 0x8e, 0x7c, 0x86, 0x7c, 0x86, 0x7d, 0x86, 0x7c, 0x86, 0x7d, 0x86, 0x7d, 0x86, 0x5d, 0x86, 0x5d, 0x86, 0x5d, 0x86, 0x5d, 0x86, 0x5d, 0x86, 0x5d, 0x7e, 0x5d, 0x7e, 0x5d, 0x7e,
  0x5d, 0x7e, 0x5d, 0x7e, 0x3d, 0x7e, 0x3d, 0x7e, 0x3d, 0x7e, 0x3d, 0x7e, 0x3d, 0x7e, 0x3d, 0x7e, 0x3d, 0x76, 0x3d, 0x76, 0x3d, 0x76, 0x3d, 0x76, 0x1d, 0x76, 0x1d, 0x76, 0x1d, 0x76, 0x1d, 0x76,
  0x1d, 0x76, 0x1d, 0x76, 0x1d, 0x76, 0x1d, 0x6e, 0x1d, 0x6e, 0x1e, 0x6e, 0xfe, 0x6d, 0xfe, 0x6d, 0xfe, 0x6d, 0xfe, 0x6d, 0xfe, 0x6d, 0xfe, 0x6d, 0xfe, 0x6d, 0xfe, 0x65, 0xfe, 0x65, 0xfe, 0x65,
  0xfe, 0x65, 0xde, 0x65, 0xde, 0x65, 0xde, 0x65, 0xde, 0x65, 0xde, 0x65, 0xde, 0x65, 0xde, 0x5d, 0xde, 0x5d, 0xde, 0x5d, 0xde, 0x5d, 0xbe, 0x5d, 0xbe, 0x5d, 0xbe, 0x5d, 0xbe, 0x5d, 0xbe, 0x5d,
  0xbe, 0x55, 0xbe, 0x55, 0xbf, 0x55, 0x9f, 0x55, 0x9f, 0x55, 0x9f, 0x55, 0x9f, 0x55, 0xff, 0x55, 0x8e, 0x3a, 0x4e, 0x2c, 0xfc, 0x37, 0xdb, 0x37, 0xfb, 0x37, 0x18, 0x2f, 0x2b, 0x13, 0x0b, 0x11,
  0x72, 0x19, 0x71, 0x19, 0x71, 0x19, 0x91, 0x21, 0x92, 0x21, 0xb3, 0x73, 0x2d, 0xe6, 0x69, 0xfe, 0x09, 0xfe, 0x0a, 0xfe, 0x4b, 0xfe, 0x4b, 0xfe, 0x6b, 0xfe, 0x6a, 0xfe, 0x69, 0xfe, 0x07, 0xfe,
  0xa3, 0xf4, 0x29, 0xfe, 0x4d, 0xff, 0x89, 0xfe, 0xaa, 0xfe, 0xec, 0xfe, 0xeb, 0xfe, 0xc7, 0xfd, 0x4a, 0xfe, 0x2a, 0xfe, 0x85, 0xfc, 0x02, 0xfc, 0x87, 0xfd, 0x4b, 0xfe, 0x49, 0xfe, 0x89, 0xfe,
  0xaa, 0xfe, 0xcb, 0xfe, 0x2c, 0xff, 0xca, 0xfe, 0x48, 0xfe, 0x6d, 0xee, 0x59, 0x9e, 0x1e, 0x76, 0x1e, 0x76, 0x1d, 0x76, 0x1d, 0x76, 0x1d, 0x76, 0x3d, 0x76, 0x3d, 0x76, 0x3d, 0x76, 0x3d, 0x7e,
  0x3d, 0x7e, 0x3d, 0x7e, 0x3d, 0x7e, 0x5d, 0x7e, 0x5d, 0x7e, 0x5d, 0x7e, 0x5d, 0x86, 0x5d, 0x86, 0x5d, 0x86, 0x5d, 0x86, 0x5d, 0x86, 0x7d, 0x86, 0x7d, 0x86, 0x7c, 0x86, 0x7c, 0x8e, 0x7c, 0x8e,
  0x7c, 0x8e, 0x7c, 0x8e, 0x9c, 0x8e, 0x9c, 0x8e, 0x9c, 0x8e, 0x9c, 0x8e, 0x9c, 0x96, 0x9c, 0x96, 0x9c, 0x96, 0x9c, 0x96, 0xbc, 0x96, 0xbc, 0x96, 0xbc, 0x9e, 0xbc, 0x9e, 0xbc, 0x9e, 0xbc, 0x9e,
  0xbc, 0x9e, 0xdc, 0x9e, 0xdb, 0x9e, 0xdb, 0x9e, 0xdb, 0xa6, 0xdb, 0xa6, 0xdb, 0xa6, 0xdb, 0xa6, 0xfb, 0xa6, 0xfb, 0xa6, 0xfb, 0xa6, 0xfb, 0xa6, 0xfb, 0xae, 0xfb, 0xae, 0xfb, 0xae, 0xfb, 0xae,
  0x1b, 0xaf, 0x1b, 0xaf, 0x1b, 0xaf, 0x1b, 0xb7, 0x1b, 0xb7, 0x1b, 0xb7, 0x1b, 0xb7, 0x3a, 0xb7, 0x3a, 0xb7, 0x3a, 0xb7, 0x3a, 0xb7, 0x3a, 0xbf, 0x3a, 0xbf, 0x3a, 0xbf, 0x3a, 0xbf, 0x5a, 0xbf,
  0x5a, 0xbf, 0x5a, 0xbf, 0x5a, 0xc7, 0x5a, 0xc7, 0x5a, 0xc7, 0x5a, 0xc7, 0x7a, 0xc7, 0x7a, 0xc7, 0x7a, 0xc7, 0xfc, 0xd7, 0x69, 0x4a, 0x25, 0x21, 0xb4, 0x9d, 0xd4, 0xa5, 0xf2, 0x94, 0x41, 0x08,
  0x00, 0x00, 0x00, 0x00, 0x00, 0x00, 0x00, 0x00, 0x00, 0x00, 0x00, 0x00, 0x00, 0x00, 0x00, 0x00, 0x00, 0x00, 0x00, 0x00, 0x24, 0x21, 0xfc, 0xf7, 0xd9, 0xdf, 0xfb, 0xef, 0x06, 0x4a, 0xcb, 0x10,
  0xf6, 0x21, 0xf6, 0x21, 0xf6, 0x21, 0xf6, 0x21, 0xf6, 0x21, 0xf6, 0x21, 0xf6, 0x21, 0xf6, 0x21, 0xf6, 0x21, 0xf6, 0x21, 0x97, 0x3a, 0x16, 0x2a, 0xf7, 0x21, 0xa9, 0x08, 0x0f, 0x3c, 0xff, 0x7f,
  0xdf, 0x77, 0xdf, 0x77, 0xdf, 0x77, 0xdf, 0x77, 0xdf, 0x77, 0xdf, 0x77, 0xdf, 0x77, 0xdf, 0x77, 0xdf, 0x77, 0xdf, 0x77, 0xdf, 0x77, 0x7a, 0x5e, 0x00, 0x00, 0x00, 0x00, 0xe7, 0x31, 0x79, 0xa6,
  0x3c, 0xbf, 0x1b, 0xb7, 0xfb, 0xb6, 0xfb, 0xb6, 0x3c, 0xbf, 0xba, 0xae, 0xef, 0x63, 0x00, 0x00, 0x00, 0x00, 0x8e, 0x33, 0xff, 0x7f, 0xdf, 0x77, 0xdf, 0x77, 0xdf, 0x77, 0xdf, 0x77, 0xdf, 0x77,
  0xdf, 0x77, 0xdf, 0x77, 0xdf, 0x77, 0xdf, 0x77, 0xdf, 0x77, 0xdf, 0x77, 0xff, 0x77, 0xfc, 0x66, 0x00, 0x00, 0x18, 0x96, 0xfc, 0xa6, 0xdb, 0xa6, 0xfc, 0xa6, 0xf8, 0x8d, 0x00, 0x00, 0x00, 0x00,
  0x00, 0x00, 0x00, 0x00, 0x00, 0x00, 0x04, 0x21, 0xdf, 0xff, 0xff, 0xff, 0xff, 0xff, 0xff, 0xff, 0xff, 0xff, 0x55, 0xad, 0x62, 0x10, 0x00, 0x00, 0x00, 0x00, 0x00, 0x00, 0x00, 0x00, 0x00, 0x00,
  0x45, 0x19, 0xb8, 0x7d, 0xbd, 0x96, 0x9c, 0x96, 0x9c, 0x96, 0x9c, 0x8e, 0x9c, 0x8e, 0x9c, 0x8e, 0x9c, 0x8e, 0x9c, 0x8e, 0x7c, 0x8e, 0x7c, 0x8e, 0x7c, 0x8e, 0x7c, 0x8e, 0x7c, 0x8e, 0x7c, 0x8e,
  0x7c, 0x8e, 0x7c, 0x86, 0x7d, 0x86, 0x7c, 0x86, 0x7c, 0x86, 0x7d, 0x86, 0x5d, 0x86, 0x5d, 0x86, 0x5d, 0x86, 0x5d, 0x86, 0x5d, 0x86, 0x5d, 0x7e, 0x5d, 0x7e, 0x5d, 0x7e, 0x5d, 0x7e, 0x5d, 0x7e,
  0x3d, 0x7e, 0x3d, 0x7e, 0x3d, 0x7e, 0x3d, 0x7e, 0x3d, 0x7e, 0x3d, 0x7e, 0x3d, 0x7e, 0x3d, 0x76, 0x3d, 0x76, 0x3d, 0x76, 0x1d, 0x76, 0x1d, 0x76, 0x1d, 0x76, 0x1d, 0x76, 0x1d, 0x76, 0x1d, 0x76,
  0x1d, 0x76, 0x1e, 0x6e, 0x1d, 0x6e, 0x1e, 0x6e, 0x1e, 0x6e, 0xfe, 0x6d, 0xfe, 0x6d, 0xfe, 0x6d, 0xfe, 0x6d, 0xfe, 0x6d, 0xfe, 0x6d, 0xfe, 0x65, 0xfe, 0x65, 0xfe, 0x65, 0xfe, 0x65, 0xde, 0x65,
  0xde, 0x65, 0xde, 0x65, 0xde, 0x65, 0xde, 0x65, 0xde, 0x65, 0xde, 0x5d, 0xde, 0x5d, 0xde, 0x5d, 0xde, 0x5d, 0xbe, 0x5d, 0xbe, 0x5d, 0xbe, 0x5d, 0xbe, 0x5d, 0xbe, 0x5d, 0xbe, 0x5d, 0xbe, 0x5d,
  0xbf, 0x55, 0x9f, 0x55, 0x9f, 0x55, 0x9f, 0x55, 0x9f, 0x55, 0x9f, 0x55, 0x9f, 0x55, 0xdf, 0x55, 0x8e, 0x3a, 0x4e, 0x2c, 0xfc, 0x37, 0xdb, 0x37, 0xfb, 0x37, 0x18, 0x2f, 0x2b, 0x13, 0x0b, 0x11,
  0x72, 0x19, 0x71, 0x19, 0x71, 0x19, 0x91, 0x21, 0x92, 0x21, 0xb3, 0x6b, 0x8f, 0xe6, 0x2c, 0xff, 0xec, 0xfe, 0xed, 0xfe, 0xed, 0xfe, 0xec, 0xfe, 0xcb, 0xfe, 0xca, 0xfe, 0xa9, 0xfe, 0x47, 0xfe,
  0x23, 0xf5, 0x08, 0xfe, 0x2d, 0xff, 0xaa, 0xfe, 0xa9, 0xfe, 0xeb, 0xfe, 0xca, 0xfe, 0x86, 0xfd, 0x09, 0xfe, 0x09, 0xfe, 0x43, 0xfc, 0xa0, 0xfb, 0x47, 0xfd, 0x8c, 0xfe, 0x49, 0xfe, 0x69, 0xfe,
  0x89, 0xfe, 0xcb, 0xfe, 0x2d, 0xff, 0xaa, 0xfe, 0x68, 0xfe, 0x0f, 0xd6, 0x1b, 0x86, 0x1e, 0x6e, 0x1d, 0x76, 0x1d, 0x76, 0x3d, 0x76, 0x3d, 0x76, 0x3d, 0x7e, 0x3d, 0x7e, 0x3d, 0x7e, 0x3d, 0x7e,
  0x3d, 0x7e, 0x5d, 0x7e, 0x5d, 0x7e, 0x5d, 0x7e, 0x5d, 0x86, 0x5d, 0x86, 0x5d, 0x86, 0x5d, 0x86, 0x7d, 0x86, 0x7d, 0x86, 0x7c, 0x86, 0x7c, 0x8e, 0x7c, 0x8e, 0x7c, 0x8e, 0x7c, 0x8e, 0x9c, 0x8e,
  0x9c, 0x8e, 0x9c, 0x8e, 0x9c, 0x8e, 0x9c, 0x96, 0x9c, 0x96, 0x9c, 0x96, 0x9c, 0x96, 0xbc, 0x96, 0xbc, 0x96, 0xbc, 0x96, 0xbc, 0x9e, 0xbc, 0x9e, 0xbc, 0x9e, 0xbc, 0x9e, 0xbc, 0x9e, 0xdc, 0x9e,
  0xdb, 0x9e, 0xdb, 0xa6, 0xdb, 0xa6, 0xdb, 0xa6, 0xdb, 0xa6, 0xdb, 0xa6, 0xfb, 0xa6, 0xfb, 0xa6, 0xfb, 0xa6, 0xfb, 0xae, 0xfb, 0xae, 0xfb, 0xae, 0xfb, 0xae, 0x1b, 0xaf, 0x1b, 0xaf, 0x1b, 0xaf,
  0x1b, 0xb7, 0x1b, 0xb7, 0x1b, 0xb7, 0x1b, 0xb7, 0x3b, 0xb7, 0x3a, 0xb7, 0x3a, 0xb7, 0x3a, 0xb7, 0x3a, 0xbf, 0x3a, 0xbf, 0x3a, 0xbf, 0x3a, 0xbf, 0x5a, 0xbf, 0x5a, 0xbf, 0x5a, 0xbf, 0x5a, 0xbf,
  0x5a, 0xc7, 0x5a, 0xc7, 0x5a, 0xc7, 0x7a, 0xc7, 0x7a, 0xc7, 0x7a, 0xc7, 0x7a, 0xc7, 0x7a, 0xcf, 0x7a, 0xcf, 0xba, 0xcf, 0x15, 0xae, 0xd5, 0xad, 0xdb, 0xd7, 0xfa, 0xdf, 0x9a, 0xd7, 0x35, 0xae,
  0x70, 0x84, 0x00, 0x00, 0x00, 0x00, 0x00, 0x00, 0x00, 0x00, 0x00, 0x00, 0x00, 0x00, 0x00, 0x00, 0x00, 0x00, 0x00, 0x00, 0x00, 0x00, 0x52, 0x9d, 0xd9, 0xe7, 0xfb, 0xf7, 0x26, 0x4a, 0xcb, 0x10,
  0xf6, 0x21, 0xf6, 0x21, 0xf6, 0x21, 0xf6, 0x21, 0xf6, 0x21, 0xf6, 0x21, 0xf6, 0x21, 0xf6, 0x21, 0xf6, 0x21, 0xf6, 0x21, 0x97, 0x3a, 0x16, 0x2a, 0xf7, 0x21, 0xa9, 0x08, 0x0f, 0x3c, 0xff, 0x7f,
  0xdf, 0x77, 0xdf, 0x77, 0xdf, 0x77, 0xdf, 0x77, 0xdf, 0x77, 0xdf, 0x77, 0xdf, 0x77, 0xdf, 0x77, 0xdf, 0x77, 0xdf, 0x77, 0xdf, 0x77, 0x2d, 0x33, 0x00, 0x00, 0x00, 0x00, 0x58, 0xa6, 0x5c, 0xbf,
  0xfb, 0xb6, 0xfb, 0xb6, 0xfb, 0xb6, 0xfb, 0xb6, 0xfb, 0xb6, 0x1b, 0xbf, 0xba, 0xae, 0xc7, 0x29, 0x00, 0x00, 0xa2, 0x08, 0xdf, 0x77, 0xdf, 0x77, 0xdf, 0x77, 0xdf, 0x77, 0xdf, 0x77, 0xdf, 0x77,
  0xdf, 0x77, 0xdf, 0x77, 0xdf, 0x77, 0xdf, 0x77, 0xdf, 0x77, 0xdf, 0x77, 0xff, 0x77, 0xfc, 0x66, 0x00, 0x00, 0x18, 0x96, 0xfc, 0xa6, 0xdb, 0x9e, 0xfc, 0xa6, 0xf8, 0x8d, 0x00, 0x00, 0x00, 0x00,
  0x00, 0x00, 0x00, 0x00, 0x00, 0x00, 0x82, 0x10, 0xaf, 0x7b, 0x10, 0x84, 0xff, 0xff, 0xff, 0xff, 0x79, 0xce, 0xc3, 0x18, 0x00, 0x00, 0x00, 0x00, 0x00, 0x00, 0x00, 0x00, 0x00, 0x00, 0x00, 0x00,
  0x45, 0x19, 0xb8, 0x7d, 0xbd, 0x96, 0x9c, 0x8e, 0x9c, 0x8e, 0x9c, 0x8e, 0x9c, 0x8e, 0x9c, 0x8e, 0x9c, 0x8e, 0x7c, 0x8e, 0x7c, 0x8e, 0x7c, 0x8e, 0x7c, 0x8e, 0x7c, 0x8e, 0x7c, 0x8e, 0x7c, 0x86,
  0x7c, 0x86, 0x7c, 0x86, 0x7c, 0x86, 0x7d, 0x86, 0x5d, 0x86, 0x5d, 0x86, 0x5d, 0x86, 0x5d, 0x86, 0x5d, 0x86, 0x5d, 0x7e, 0x5d, 0x7e, 0x5d, 0x7e, 0x5d, 0x7e, 0x5d, 0x7e, 0x3d, 0x7e, 0x3d, 0x7e,
  0x3d, 0x7e, 0x3d, 0x7e, 0x3d, 0x7e, 0x3d, 0x7e, 0x3d, 0x7e, 0x3d, 0x76, 0x3d, 0x76, 0x3d, 0x76, 0x3d, 0x76, 0x1d, 0x76, 0x1d, 0x76, 0x1d, 0x76, 0x1d, 0x76, 0x1d, 0x76, 0x1d, 0x76, 0x1d, 0x6e,
  0x1d, 0x6e, 0x1d, 0x6e, 0x1e, 0x6e, 0xfe, 0x6d, 0xfe, 0x6d, 0xfe, 0x6d, 0xfe, 0x6d, 0xfe, 0x6d, 0xfe, 0x6d, 0xfe, 0x65, 0xfe, 0x65, 0xfe, 0x65, 0xfe, 0x65, 0xde, 0x65, 0xde, 0x65, 0xde, 0x65,
  0xde, 0x65, 0xde, 0x65, 0xde, 0x65, 0xde, 0x65, 0xde, 0x5d, 0xde, 0x5d, 0xde, 0x5d, 0xbe, 0x5d, 0xbe, 0x5d, 0xbe, 0x5d, 0xbe, 0x5d, 0xbe, 0x5d, 0xbe, 0x5d, 0xbe, 0x5d, 0xbe, 0x55, 0xbf, 0x55,
  0x9f, 0x55, 0x9f, 0x55, 0x9f, 0x55, 0x9f, 0x55, 0x9f, 0x55, 0x9f, 0x55, 0x9f, 0x4d, 0xdf, 0x55, 0x8e, 0x3a, 0x4e, 0x2c, 0xfc, 0x37, 0xdb, 0x37, 0xfb, 0x37, 0x18, 0x2f, 0x2b, 0x13, 0x0b, 0x11,
  0x72, 0x19, 0x71, 0x19, 0x71, 0x19, 0x91, 0x21, 0xb2, 0x21, 0x51, 0x3a, 0x8e, 0xc5, 0x6d, 0xff, 0x2e, 0xff, 0x4f, 0xff, 0x4e, 0xff, 0x4d, 0xff, 0x2b, 0xff, 0xeb, 0xfe, 0xea, 0xfe, 0xa8, 0xfe,
  0xe5, 0xfd, 0xe6, 0xf5, 0xeb, 0xfe, 0xcb, 0xfe, 0x89, 0xfe, 0xaa, 0xfe, 0x69, 0xfe, 0x29, 0xfe, 0x8b, 0xfe, 0x8b, 0xfe, 0x2a, 0xfe, 0x2a, 0xfe, 0x6b, 0xfe, 0x4a, 0xfe, 0x08, 0xfe, 0x69, 0xfe,
  0x69, 0xfe, 0xec, 0xfe, 0x4d, 0xff, 0xca, 0xfe, 0xaa, 0xfe, 0xca, 0xed, 0xd8, 0x8d, 0x1e, 0x76, 0x3d, 0x76, 0x3d, 0x76, 0x3d, 0x7e, 0x5d, 0x7e, 0x5e, 0x7e, 0x5d, 0x7e, 0x5e, 0x7e, 0x7d, 0x7e,
  0x7d, 0x86, 0x7d, 0x86, 0x7d, 0x86, 0x7d, 0x86, 0x7d, 0x86, 0x7d, 0x86, 0x9d, 0x86, 0x9d, 0x8e, 0x9d, 0x8e, 0x9d, 0x8e, 0x9d, 0x8e, 0x9d, 0x8e, 0x9d, 0x8e, 0xbd, 0x8e, 0xbd, 0x96, 0xbd, 0x96,
  0xbd, 0x96, 0xbd, 0x96, 0xbc, 0x96, 0xdc, 0x96, 0xbc, 0x96, 0xdc, 0x96, 0xdc, 0x9e, 0xdc, 0x9e, 0xdc, 0x9e, 0xdc, 0x9e, 0xdc, 0x9e, 0xdc, 0x9e, 0xfc, 0x9e, 0xfc, 0xa6, 0xfc, 0xa6, 0xfc, 0xa6,
  0xfc, 0xa6, 0xfc, 0xa6, 0x1c, 0xa7, 0x1c, 0xaf, 0x1c, 0xa7, 0x1c, 0xaf, 0x1c, 0xaf, 0x1c, 0xaf, 0x1b, 0xaf, 0x3b, 0xaf, 0x3b, 0xaf, 0x3b, 0xb7, 0x3b, 0xb7, 0x3b, 0xb7, 0x3b, 0xb7, 0x3b, 0xb7,
  0x3b, 0xb7, 0x5b, 0xb7, 0x5b, 0xb7, 0x5b, 0xbf, 0x5b, 0xbf, 0x5b, 0xbf, 0x5b, 0xbf, 0x5b, 0xbf, 0x7b, 0xbf, 0x7b, 0xbf, 0x7b, 0xc7, 0x7b, 0xc7, 0x7b, 0xc7, 0x7b, 0xc7, 0x7a, 0xc7, 0x9a, 0xc7,
  0x9a, 0xc7, 0x9a, 0xc7, 0x9a, 0xcf, 0x9a, 0xcf, 0x9a, 0xcf, 0x9a, 0xcf, 0xba, 0xcf, 0xba, 0xcf, 0xba, 0xd7, 0xba, 0xd7, 0xba, 0xd7, 0xba, 0xd7, 0xda, 0xd7, 0xda, 0xd7, 0xda, 0xd7, 0xfb, 0xe7,
  0xba, 0xd7, 0x55, 0xb6, 0x12, 0x95, 0xc7, 0x39, 0x00, 0x00, 0x00, 0x00, 0x00, 0x00, 0x00, 0x00, 0x00, 0x00, 0x00, 0x00, 0x00, 0x00, 0x4f, 0x84, 0xfa, 0xef, 0xfb, 0xff, 0x26, 0x4a, 0xcb, 0x10,
  0xf6, 0x21, 0xf6, 0x21, 0xf6, 0x21, 0xf6, 0x21, 0xf6, 0x21, 0xf6, 0x21, 0xf6, 0x21, 0xf6, 0x21, 0xf6, 0x21, 0xf6, 0x21, 0x97, 0x3a, 0x16, 0x2a, 0xf7, 0x21, 0x89, 0x08, 0x0f, 0x3c, 0xff, 0x7f,
  0xdf, 0x77, 0xdf, 0x77, 0xdf, 0x77, 0xdf, 0x77, 0xdf, 0x77, 0xdf, 0x77, 0xdf, 0x77, 0xdf, 0x77, 0xdf, 0x77, 0xdf, 0x77, 0xdf, 0x77, 0xa6, 0x19, 0x00, 0x00, 0x65, 0x21, 0xbd, 0xc7, 0xfb, 0xb6,
  0xfb, 0xb6, 0xfb, 0xb6, 0xfb, 0xb6, 0xfb, 0xb6, 0xfb, 0xb6, 0x1b, 0xb7, 0x1b, 0xb7, 0x51, 0x74, 0x00, 0x00, 0x21, 0x00, 0xdc, 0x66, 0xff, 0x77, 0xdf, 0x77, 0xdf, 0x77, 0xdf, 0x77, 0xdf, 0x77,
  0xdf, 0x77, 0xdf, 0x77, 0xdf, 0x77, 0xdf, 0x77, 0xdf, 0x77, 0xdf, 0x77, 0xff, 0x77, 0xfc, 0x66, 0x00, 0x00, 0xf8, 0x95, 0xfc, 0xa6, 0xdb, 0x9e, 0xfc, 0xa6, 0xf8, 0x8d, 0x00, 0x00, 0x00, 0x00,
  0x00, 0x00, 0x00, 0x00, 0x00, 0x00, 0x00, 0x00, 0x61, 0x08, 0xab, 0x5a, 0xff, 0xff, 0x3d, 0xef, 0x04, 0x21, 0x00, 0x00, 0x00, 0x00, 0x00, 0x00, 0x00, 0x00, 0x00, 0x00, 0x00, 0x00, 0x00, 0x00,
  0x45, 0x19, 0xb8, 0x7d, 0xbd, 0x96, 0x9c, 0x8e, 0x9c, 0x8e, 0x9c, 0x8e, 0x9c, 0x8e, 0x7c, 0x8e, 0x7c, 0x8e, 0x7c, 0x8e, 0x7c, 0x8e, 0x7c, 0x8e, 0x7c, 0x8e, 0x7c, 0x86, 0x7c, 0x86, 0x7c, 0x86,
  0x7c, 0x86, 0x7d, 0x86, 0x5d, 0x86, 0x5d, 0x86, 0x5d, 0x86, 0x5d, 0x86, 0x5d, 0x86, 0x5d, 0x7e, 0x5d, 0x7e, 0x5d, 0x7e, 0x5d, 0x7e, 0x5d, 0x7e, 0x5d, 0x7e, 0x3d, 0x7e, 0x3d, 0x7e, 0x3d, 0x7e,
  0x3d, 0x7e, 0x3d, 0x7e, 0x3d, 0x7e, 0x3d, 0x76, 0x3d, 0x76, 0x3d, 0x76, 0x3d, 0x76, 0x1d, 0x76, 0x1d, 0x76, 0x1d, 0x76, 0x1d, 0x76, 0x1d, 0x76, 0x1d, 0x76, 0x1d, 0x6e, 0x1d, 0x6e, 0x1d, 0x6e,
  0x1e, 0x6e, 0xfe, 0x6d, 0xfe, 0x6d, 0xfe, 0x6d, 0xfe, 0x6d, 0xfe, 0x6d, 0xfe, 0x6d, 0xfe, 0x6d, 0xfe, 0x65, 0xfe, 0x65, 0xfe, 0x65, 0xde, 0x65, 0xde, 0x65, 0xde, 0x65, 0xde, 0x65, 0xde, 0x65,
  0xde, 0x65, 0xde, 0x65, 0xde, 0x5d, 0xde, 0x5d, 0xde, 0x5d, 0xde, 0x5d, 0xbe, 0x5d, 0xbe, 0x5d, 0xbe, 0x5d, 0xbe, 0x5d, 0xbe, 0x5d, 0xbf, 0x5d, 0xbe, 0x55, 0xbf, 0x55, 0xbf, 0x55, 0x9f, 0x55,
  0x9f, 0x55, 0x9f, 0x55, 0x9f, 0x55, 0x9f, 0x55, 0x9f, 0x4d, 0x9f, 0x4d, 0x9f, 0x4d, 0xdf, 0x4d, 0x8e, 0x32, 0x4e, 0x2c, 0xfc, 0x37, 0xdb, 0x37, 0xfb, 0x37, 0x18, 0x2f, 0x2b, 0x13, 0x0b, 0x11,
  0x72, 0x19, 0x71, 0x19, 0x71, 0x19, 0xb1, 0x21, 0xd2, 0x29, 0x51, 0x19, 0xae, 0xa4, 0xeb, 0xfe, 0x8b, 0xfe, 0x8c, 0xfe, 0xac, 0xfe, 0xcb, 0xfe, 0xcb, 0xfe, 0xca, 0xfe, 0x69, 0xfe, 0xe7, 0xf5,
  0x25, 0xed, 0x83, 0xe4, 0x29, 0xf6, 0x2c, 0xff, 0xa9, 0xfe, 0x89, 0xfe, 0x48, 0xfe, 0x45, 0xfd, 0x05, 0xfd, 0x68, 0xfd, 0x48, 0xf5, 0x47, 0xfd, 0x25, 0xfd, 0x86, 0xfd, 0x28, 0xfe, 0x69, 0xfe,
  0xaa, 0xfe, 0x2c, 0xff, 0xcc, 0xfe, 0xe9, 0xf5, 0x88, 0xf5, 0x29, 0xfe, 0x54, 0x8d, 0x18, 0x65, 0x58, 0x6d, 0x59, 0x6d, 0x59, 0x6d, 0x79, 0x75, 0x99, 0x75, 0x99, 0x75, 0x99, 0x75, 0x99, 0x75,
  0x99, 0x75, 0xb9, 0x75, 0xb9, 0x7d, 0xb9, 0x7d, 0xb9, 0x7d, 0xb9, 0x7d, 0xb9, 0x7d, 0xb9, 0x7d, 0xb9, 0x7d, 0xb9, 0x7d, 0xb9, 0x7d, 0xd9, 0x85, 0xd9, 0x85, 0xd9, 0x85, 0xd9, 0x85, 0xd9, 0x85,
  0xd9, 0x85, 0xd9, 0x85, 0xf9, 0x85, 0xf9, 0x8d, 0xf9, 0x8d, 0xf8, 0x8d, 0xf8, 0x8d, 0xf8, 0x8d, 0xf8, 0x8d, 0xf8, 0x8d, 0x18, 0x8e, 0xf8, 0x8d, 0x18, 0x96, 0x18, 0x96, 0x18, 0x96, 0x18, 0x96,
  0x18, 0x96, 0x18, 0x96, 0x18, 0x96, 0x38, 0x96, 0x38, 0x96, 0x38, 0x9e, 0x38, 0x9e, 0x38, 0x9e, 0x38, 0x9e, 0x38, 0x9e, 0x38, 0x9e, 0x38, 0x9e, 0x58, 0x9e, 0x57, 0xa6, 0x57, 0xa6, 0x57, 0xa6,
  0x57, 0xa6, 0x57, 0xa6, 0x57, 0xa6, 0x77, 0xa6, 0x77, 0xa6, 0x77, 0xa6, 0x77, 0xae, 0x77, 0xae, 0x77, 0xae, 0x77, 0xae, 0x77, 0xae, 0x97, 0xae, 0x77, 0xae, 0x97, 0xae, 0x97, 0xae, 0x97, 0xb6,
  0x97, 0xb6, 0x97, 0xb6, 0x97, 0xb6, 0x97, 0xb6, 0x97, 0xb6, 0x97, 0xb6, 0xb6, 0xbe, 0xb6, 0xb6, 0xb6, 0xbe, 0xb6, 0xbe, 0xb6, 0xbe, 0xb6, 0xbe, 0xb6, 0xbe, 0xd6, 0xbe, 0xd6, 0xbe, 0xd6, 0xc6,
  0xd6, 0xc6, 0x17, 0xcf, 0xd6, 0xc6, 0xd3, 0xad, 0x31, 0x95, 0x31, 0x9d, 0xf1, 0x94, 0xf1, 0x94, 0x11, 0x95, 0x31, 0x9d, 0x51, 0x9d, 0x34, 0xbe, 0xf6, 0xce, 0x97, 0xdf, 0xe5, 0x49, 0xcb, 0x10,
  0xf6, 0x21, 0xf6, 0x21, 0xf6, 0x21, 0xf6, 0x21, 0xf6, 0x21, 0xf6, 0x21, 0xf6, 0x21, 0xf6, 0x21, 0xf6, 0x21, 0xf6, 0x21, 0x97, 0x3a, 0x16, 0x2a, 0xf6, 0x21, 0x89, 0x08, 0x0f, 0x3c, 0xff, 0x7f,
  0xdf, 0x77, 0xdf, 0x77, 0xdf, 0x77, 0xdf, 0x77, 0xdf, 0x77, 0xdf, 0x77, 0xdf, 0x77, 0xdf, 0x77, 0xdf, 0x77, 0xdf, 0x77, 0xdf, 0x77, 0x00, 0x00, 0x00, 0x00, 0x4c, 0x53, 0x7d, 0xc7, 0xfb, 0xb6,
  0xfb, 0xb6, 0xfb, 0xb6, 0xfb, 0xb6, 0xfb, 0xb6, 0xfb, 0xb6, 0xfb, 0xb6, 0x1b, 0xbf, 0x79, 0xae, 0x00, 0x00, 0x20, 0x00, 0xd3, 0x44, 0xff, 0x77, 0xdf, 0x77, 0xdf, 0x77, 0xdf, 0x77, 0xdf, 0x77,
  0xdf, 0x77, 0xdf, 0x77, 0xdf, 0x77, 0xdf, 0x77, 0xdf, 0x77, 0xdf, 0x77, 0xff, 0x77, 0xfc, 0x66, 0x00, 0x00, 0xf8, 0x8d, 0xfc, 0xa6, 0xdb, 0x9e, 0xfc, 0x9e, 0xf8, 0x8d, 0x00, 0x00, 0x00, 0x00,
  0x00, 0x00, 0x00, 0x00, 0x00, 0x00, 0x00, 0x00, 0x62, 0x10, 0x55, 0xad, 0xbf, 0xff, 0x08, 0x42, 0x00, 0x00, 0x00, 0x00, 0x00, 0x00, 0x00, 0x00, 0x00, 0x00, 0x00, 0x00, 0x00, 0x00, 0x00, 0x00,
  0x45, 0x19, 0xb8, 0x7d, 0xbd, 0x96, 0x9c, 0x8e, 0x9c, 0x8e, 0x7c, 0x8e, 0x7c, 0x8e, 0x7c, 0x8e, 0x7c, 0x8e, 0x7c, 0x8e, 0x7c, 0x8e, 0x7c, 0x86, 0x7c, 0x86, 0x7d, 0x86, 0x7c, 0x86, 0x7d, 0x86,
  0x7d, 0x86, 0x5d, 0x86, 0x5d, 0x86, 0x5d, 0x86, 0x5d, 0x86, 0x5d, 0x86, 0x5d, 0x7e, 0x5d, 0x7e, 0x5d, 0x7e, 0x5d, 0x7e, 0x5d, 0x7e, 0x3d, 0x7e, 0x3d, 0x7e, 0x3d, 0x7e, 0x3d, 0x7e, 0x3d, 0x7e,
  0x3d, 0x7e, 0x3d, 0x76, 0x3d, 0x76, 0x3d, 0x76, 0x3d, 0x76, 0x1d, 0x76, 0x1d, 0x76, 0x1d, 0x76, 0x1d, 0x76, 0x1d, 0x76, 0x1d, 0x76, 0x1d, 0x76, 0x1d, 0x6e, 0x1d, 0x6e, 0x1e, 0x6e, 0xfe, 0x6d,
  0xfe, 0x6d, 0xfe, 0x6d, 0xfe, 0x6d, 0xfe, 0x6d, 0xfe, 0x6d, 0xfe, 0x6d, 0xfe, 0x65, 0xfe, 0x65, 0xfe, 0x65, 0xfe, 0x65, 0xde, 0x65, 0xde, 0x65, 0xde, 0x65, 0xde, 0x65, 0xde, 0x65, 0xde, 0x65,
  0xde, 0x5d, 0xde, 0x5d, 0xde, 0x5d, 0xde, 0x5d, 0xbe, 0x5d, 0xbe, 0x5d, 0xbe, 0x5d, 0xbe, 0x5d, 0xbe, 0x5d, 0xbe, 0x5d, 0xbe, 0x55, 0xbe, 0x55, 0xbf, 0x55, 0x9f, 0x55, 0x9f, 0x55, 0x9f, 0x55,
  0x9f, 0x55, 0x9f, 0x55, 0x9f, 0x4d, 0x9f, 0x4d, 0x9f, 0x4d, 0x9f, 0x4d, 0x7f, 0x4d, 0xdf, 0x4d, 0x8e, 0x3a, 0x4e, 0x2c, 0xfc, 0x37, 0xdb, 0x37, 0xfb, 0x37, 0x18, 0x2f, 0x2b, 0x13, 0x0b, 0x11,
  0x72, 0x19, 0x71, 0x19, 0x71, 0x19, 0x91, 0x21, 0xd1, 0x29, 0x30, 0x11, 0xae, 0xa4, 0x0c, 0xff, 0xcc, 0xfe, 0xcc, 0xfe, 0xcc, 0xfe, 0xab, 0xfe, 0x8a, 0xfe, 0x6a, 0xfe, 0x49, 0xfe, 0x49, 0xfe,
  0x07, 0xfe, 0x44, 0xf5, 0x65, 0xf5, 0xcb, 0xfe, 0x0c, 0xff, 0x69, 0xfe, 0x48, 0xfe, 0xe7, 0xfd, 0x25, 0xfd, 0x06, 0xfd, 0xa5, 0xf4, 0xe5, 0xfc, 0x85, 0xfd, 0x07, 0xfe, 0x69, 0xfe, 0x89, 0xfe,
  0x0c, 0xff, 0x2d, 0xff, 0xcb, 0xfe, 0x69, 0xfe, 0x49, 0xfe, 0xcb, 0xfe, 0xa7, 0x62, 0xe6, 0x18, 0x26, 0x21, 0x26, 0x21, 0x26, 0x21, 0x27, 0x21, 0x27, 0x21, 0x27, 0x21, 0x27, 0x21, 0x47, 0x21,
  0x47, 0x21, 0x47, 0x21, 0x47, 0x21, 0x47, 0x21, 0x47, 0x29, 0x47, 0x29, 0x47, 0x29, 0x47, 0x29, 0x47, 0x29, 0x47, 0x29, 0x47, 0x29, 0x47, 0x29, 0x47, 0x29, 0x46, 0x29, 0x46, 0x29, 0x46, 0x29,
  0x46, 0x29, 0x46, 0x29, 0x46, 0x29, 0x46, 0x29, 0x46, 0x29, 0x46, 0x29, 0x46, 0x29, 0x46, 0x29, 0x46, 0x29, 0x46, 0x29, 0x46, 0x29, 0x46, 0x29, 0x46, 0x29, 0x46, 0x29, 0x46, 0x29, 0x46, 0x29,
  0x46, 0x29, 0x46, 0x29, 0x46, 0x31, 0x66, 0x31, 0x66, 0x31, 0x66, 0x31, 0x66, 0x31, 0x66, 0x31, 0x66, 0x31, 0x66, 0x31, 0x66, 0x31, 0x66, 0x31, 0x66, 0x31, 0x66, 0x31, 0x66, 0x31, 0x66, 0x31,
  0x66, 0x31, 0x66, 0x31, 0x66, 0x31, 0x66, 0x31, 0x66, 0x31, 0x66, 0x31, 0x66, 0x31, 0x66, 0x31, 0x66, 0x31, 0x66, 0x31, 0x66, 0x31, 0x66, 0x31, 0x66, 0x31, 0x66, 0x39, 0x66, 0x39, 0x66, 0x39,
  0x66, 0x39, 0x66, 0x39, 0x66, 0x39, 0x66, 0x39, 0x66, 0x39, 0x66, 0x39, 0x65, 0x39, 0x65, 0x39, 0x65, 0x39, 0x65, 0x39, 0x65, 0x39, 0x65, 0x39, 0x65, 0x39, 0x85, 0x39, 0x85, 0x39, 0x85, 0x39,
  0x85, 0x39, 0x85, 0x39, 0x85, 0x39, 0xa6, 0x41, 0xc6, 0x41, 0xc7, 0x41, 0xa6, 0x41, 0xa6, 0x41, 0xc6, 0x41, 0xc6, 0x49, 0xc6, 0x41, 0xa5, 0x41, 0x85, 0x41, 0xa6, 0x41, 0x23, 0x31, 0xc9, 0x10,
  0xf6, 0x21, 0xf6, 0x21, 0xf6, 0x21, 0xf6, 0x21, 0xf6, 0x21, 0xf6, 0x21, 0xf6, 0x21, 0xf6, 0x21, 0xf6, 0x21, 0xd6, 0x21, 0x97, 0x3a, 0x16, 0x2a, 0xf6, 0x21, 0x89, 0x08, 0x0f, 0x3c, 0xff, 0x7f,
  0xdf, 0x77, 0xdf, 0x77, 0xdf, 0x77, 0xdf, 0x77, 0xdf, 0x77, 0xdf, 0x77, 0xdf, 0x77, 0xdf, 0x77, 0xdf, 0x77, 0xdf, 0x77, 0xff, 0x77, 0x41, 0x00, 0x00, 0x00, 0x69, 0x3a, 0x9d, 0xc7, 0xfb, 0xb6,
  0xfb, 0xb6, 0xfb, 0xb6, 0xfb, 0xb6, 0xfb, 0xb6, 0xfb, 0xb6, 0xfb, 0xb6, 0x1b, 0xb7, 0xf7, 0x9d, 0x00, 0x00, 0x20, 0x00, 0x96, 0x55, 0xff, 0x77, 0xdf, 0x77, 0xdf, 0x77, 0xdf, 0x77, 0xdf, 0x77,
  0xdf, 0x77, 0xdf, 0x77, 0xdf, 0x77, 0xdf, 0x77, 0xdf, 0x77, 0xdf, 0x77, 0xff, 0x77, 0xfc, 0x66, 0x00, 0x00, 0xf8, 0x8d, 0xfc, 0x9e, 0xdc, 0x9e, 0xfc, 0x9e, 0xf8, 0x8d, 0x00, 0x00, 0x00, 0x00,
  0x00, 0x00, 0x00, 0x00, 0x00, 0x00, 0x00, 0x00, 0x66, 0x31, 0xff, 0xff, 0x4d, 0x6b, 0x00, 0x00, 0x00, 0x00, 0x00, 0x00, 0x00, 0x00, 0x00, 0x00, 0x00, 0x00, 0x00, 0x00, 0x00, 0x00, 0x00, 0x00,
  0x45, 0x19, 0x98, 0x7d, 0xbd, 0x8e, 0x7c, 0x8e, 0x7c, 0x8e, 0x7c, 0x8e, 0x7c, 0x8e, 0x7c, 0x8e, 0x7c, 0x8e, 0x7c, 0x8e, 0x7c, 0x86, 0x7d, 0x86, 0x7c, 0x86, 0x7c, 0x86, 0x7d, 0x86, 0x5d, 0x86,
  0x5d, 0x86, 0x5d, 0x86, 0x5d, 0x86, 0x5d, 0x86, 0x5d, 0x7e, 0x5d, 0x7e, 0x5d, 0x7e, 0x5d, 0x7e, 0x5d, 0x7e, 0x3d, 0x7e, 0x3d, 0x7e, 0x3d, 0x7e, 0x3d, 0x7e, 0x3d, 0x7e, 0x3d, 0x7e, 0x3d, 0x7e,
  0x3d, 0x76, 0x3d, 0x76, 0x3d, 0x76, 0x1d, 0x76, 0x1d, 0x76, 0x1d, 0x76, 0x1d, 0x76, 0x1d, 0x76, 0x1d, 0x76, 0x1d, 0x76, 0x1e, 0x6e, 0x1d, 0x6e, 0x1e, 0x6e, 0x1e, 0x6e, 0xfe, 0x6d, 0xfe, 0x6d,
  0xfe, 0x6d, 0xfe, 0x6d, 0xfe, 0x6d, 0xfe, 0x6d, 0xfe, 0x65, 0xfe, 0x65, 0xfe, 0x65, 0xfe, 0x65, 0xde, 0x65, 0xde, 0x65, 0xde, 0x65, 0xde, 0x65, 0xde, 0x65, 0xde, 0x65, 0xde, 0x5d, 0xde, 0x5d,
  0xde, 0x5d, 0xde, 0x5d, 0xbe, 0x5d, 0xbe, 0x5d, 0xbe, 0x5d, 0xbe, 0x5d, 0xbe, 0x5d, 0xbe, 0x5d, 0xbe, 0x5d, 0xbe, 0x55, 0xbf, 0x55, 0x9f, 0x55, 0x9f, 0x55, 0x9f, 0x55, 0x9f, 0x55, 0x9f, 0x55,
  0x9f, 0x55, 0x9f, 0x4d, 0x9f, 0x4d, 0x9f, 0x4d, 0x9f, 0x4d, 0x7f, 0x4d, 0x7f, 0x4d, 0xbf, 0x4d, 0x8e, 0x32, 0x4e, 0x2c, 0xfc, 0x37, 0xdb, 0x37, 0xfb, 0x37, 0x18, 0x2f, 0x2b, 0x13, 0x0b, 0x11,
  0x71, 0x19, 0x71, 0x19, 0x71, 0x19, 0x91, 0x21, 0xd2, 0x29, 0xeb, 0x10, 0xa6, 0x72, 0xc9, 0xf5, 0xcb, 0xfe, 0xeb, 0xfe, 0xec, 0xfe, 0xec, 0xfe, 0xcb, 0xfe, 0xaa, 0xfe, 0x89, 0xfe, 0x68, 0xfe,
  0x27, 0xfe, 0x84, 0xf5, 0xa2, 0xec, 0x49, 0xfe, 0x4e, 0xff, 0xec, 0xfe, 0x69, 0xfe, 0x27, 0xfe, 0xc6, 0xfd, 0x86, 0xfd, 0x45, 0xfd, 0xa6, 0xfd, 0x48, 0xfe, 0x68, 0xfe, 0x8a, 0xfe, 0xec, 0xfe,
  0x4d, 0xff, 0xeb, 0xfe, 0x88, 0xfe, 0x68, 0xfe, 0x28, 0xfe, 0x48, 0xe5, 0x67, 0x94, 0xa8, 0x84, 0x29, 0x8d, 0x69, 0x95, 0x8a, 0x9d, 0xca, 0xa5, 0xea, 0xa5, 0xca, 0xa5, 0xca, 0x9d, 0xeb, 0x9d,
  0xea, 0x9d, 0xcb, 0x9d, 0xcb, 0x9d, 0xeb, 0x9d, 0xeb, 0x9d, 0xeb, 0x9d, 0xeb, 0x9d, 0xeb, 0x9d, 0xeb, 0x9d, 0xeb, 0x9d, 0xeb, 0x9d, 0xeb, 0x9d, 0xeb, 0x95, 0xeb, 0x95, 0xeb, 0x95, 0xeb, 0x95,
  0xeb, 0x95, 0xec, 0x95, 0xec, 0x95, 0xec, 0x95, 0xec, 0x95, 0xec, 0x95, 0xec, 0x95, 0xec, 0x95, 0xec, 0x95, 0xec, 0x95, 0xec, 0x8d, 0xec, 0x8d, 0xec, 0x8d, 0xec, 0x8d, 0xec, 0x8d, 0xec, 0x8d,
  0xec, 0x8d, 0xec, 0x8d, 0xec, 0x8d, 0xec, 0x8d, 0xed, 0x8d, 0xed, 0x8d, 0xed, 0x8d, 0xed, 0x8d, 0xed, 0x85, 0xed, 0x85, 0xed, 0x85, 0xed, 0x85, 0xed, 0x85, 0xed, 0x85, 0xed, 0x85, 0xed, 0x85,
  0xed, 0x85, 0xed, 0x85, 0xed, 0x85, 0xed, 0x85, 0xee, 0x85, 0xed, 0x85, 0xee, 0x7d, 0xee, 0x7d, 0xee, 0x7d, 0xee, 0x7d, 0xee, 0x7d, 0xee, 0x7d, 0xee, 0x7d, 0xee, 0x7d, 0xee, 0x7d, 0xee, 0x7d,
  0xee, 0x7d, 0xee, 0x7d, 0xee, 0x7d, 0x0e, 0x76, 0x0e, 0x76, 0x0e, 0x76, 0x0e, 0x76, 0x0e, 0x76, 0x0f, 0x76, 0x0f, 0x76, 0x0f, 0x76, 0x0f, 0x76, 0x0f, 0x76, 0x0f, 0x76, 0xef, 0x75, 0x0f, 0x76,
  0x0f, 0x76, 0x0f, 0x6e, 0x0f, 0x6e, 0x0f, 0x6e, 0x0f, 0x6e, 0x0f, 0x6e, 0x0f, 0x6e, 0x0f, 0x6e, 0x0f, 0x6e, 0x0f, 0x6e, 0x0f, 0x6e, 0x10, 0x6e, 0x10, 0x6e, 0x91, 0x76, 0x43, 0x19, 0xaa, 0x10,
  0xf6, 0x21, 0xf6, 0x21, 0xf6, 0x21, 0xf6, 0x21, 0xf6, 0x21, 0xf6, 0x21, 0xf6, 0x21, 0xf6, 0x21, 0xf6, 0x21, 0xf6, 0x21, 0x97, 0x3a, 0x16, 0x22, 0xf6, 0x21, 0x89, 0x08, 0x0f, 0x3c, 0xff, 0x7f,
  0xdf, 0x77, 0xdf, 0x77, 0xdf, 0x77, 0xdf, 0x77, 0xdf, 0x77, 0xdf, 0x77, 0xdf, 0x77, 0xdf, 0x77, 0xdf, 0x77, 0xdf, 0x77, 0xff, 0x77, 0x66, 0x11, 0x00, 0x00, 0xc3, 0x10, 0xff, 0xcf, 0xfb, 0xb6,
  0xfb, 0xb6, 0xfb, 0xb6, 0xfb, 0xb6, 0xfb, 0xb6, 0xfb, 0xb6, 0x1b, 0xb7, 0x1b, 0xb7, 0x10, 0x6c, 0x00, 0x00, 0x20, 0x00, 0xbb, 0x66, 0xff, 0x77, 0xdf, 0x77, 0xdf, 0x77, 0xdf, 0x77, 0xdf, 0x77,
  0xdf, 0x77, 0xdf, 0x77, 0xdf, 0x77, 0xdf, 0x77, 0xdf, 0x77, 0xdf, 0x77, 0xff, 0x77, 0xfc, 0x66, 0x00, 0x00, 0xf8, 0x8d, 0xfc, 0x9e, 0xbc, 0x9e, 0xfc, 0x9e, 0xf8, 0x85, 0x00, 0x00, 0x00, 0x00,
  0x00, 0x00, 0x00, 0x00, 0x00, 0x00, 0x62, 0x10, 0xaf, 0x7b, 0xd3, 0x9c, 0x00, 0x00, 0x00, 0x00, 0x00, 0x00, 0x00, 0x00, 0x00, 0x00, 0x00, 0x00, 0x00, 0x00, 0x00, 0x00, 0x00, 0x00, 0x00, 0x00,
  0x45, 0x19, 0x98, 0x7d, 0xbd, 0x8e, 0x7c, 0x8e, 0x7c, 0x8e, 0x7c, 0x8e, 0x7c, 0x8e, 0x7c, 0x8e, 0x7c, 0x86, 0x7c, 0x86, 0x7c, 0x86, 0x7c, 0x86, 0x7d, 0x86, 0x5d, 0x86, 0x5d, 0x86, 0x5d, 0x86,
  0x5d, 0x86, 0x5d, 0x86, 0x5d, 0x7e, 0x5d, 0x7e, 0x5d, 0x7e, 0x5d, 0x7e, 0x5d, 0x7e, 0x3d, 0x7e, 0x3d, 0x7e, 0x3d, 0x7e, 0x3d, 0x7e, 0x3d, 0x7e, 0x3d, 0x7e, 0x3d, 0x7e, 0x3d, 0x76, 0x3d, 0x76,
  0x3d, 0x76, 0x3d, 0x76, 0x1d, 0x76, 0x1d, 0x76, 0x1d, 0x76, 0x1d, 0x76, 0x1d, 0x76, 0x1d, 0x76, 0x1d, 0x6e, 0x1d, 0x6e, 0x1d, 0x6e, 0x1e, 0x6e, 0xfe, 0x6d, 0xfe, 0x6d, 0xfe, 0x6d, 0xfe, 0x6d,
  0xfe, 0x6d, 0xfe, 0x6d, 0xfe, 0x65, 0xfe, 0x65, 0xfe, 0x65, 0xfe, 0x65, 0xde, 0x65, 0xde, 0x65, 0xde, 0x65, 0xde, 0x65, 0xde, 0x65, 0xde, 0x65, 0xde, 0x65, 0xde, 0x5d, 0xde, 0x5d, 0xde, 0x5d,
  0xde, 0x5d, 0xbe, 0x5d, 0xbe, 0x5d, 0xbe, 0x5d, 0xbe, 0x5d, 0xbe, 0x5d, 0xbe, 0x5d, 0xbe, 0x55, 0xbf, 0x55, 0xbf, 0x55, 0x9f, 0x55, 0x9f, 0x55, 0x9f, 0x55, 0x9f, 0x55, 0x9f, 0x55, 0x9f, 0x55,
  0x9f, 0x4d, 0x9f, 0x4d, 0x9f, 0x4d, 0x7f, 0x4d, 0x7f, 0x4d, 0x7f, 0x4d, 0x7f, 0x4d, 0xbf, 0x4d, 0x8e, 0x32, 0x4e, 0x2c, 0xfc, 0x37, 0xdb, 0x37, 0xfb, 0x37, 0x18, 0x2f, 0x2b, 0x13, 0x0b, 0x11,
  0x71, 0x19, 0x71, 0x19, 0x71, 0x19, 0x92, 0x21, 0x2b, 0x19, 0xe3, 0x18, 0xe6, 0x7b, 0x48, 0xbd, 0xc7, 0xc4, 0x27, 0xe5, 0xc8, 0xfd, 0x08, 0xfe, 0x28, 0xfe, 0x07, 0xfe, 0xe6, 0xfd, 0xa6, 0xfd,
  0x24, 0xfd, 0x42, 0xec, 0xe1, 0xc2, 0x84, 0xe4, 0xcb, 0xfe, 0x4d, 0xff, 0x2c, 0xff, 0xcb, 0xfe, 0x69, 0xfe, 0x07, 0xfe, 0xe7, 0xfd, 0x28, 0xfe, 0x89, 0xfe, 0xcb, 0xfe, 0x0c, 0xff, 0x6d, 0xff,
  0xab, 0xfe, 0x46, 0xfd, 0xa4, 0xec, 0x45, 0xcc, 0x26, 0xac, 0xe8, 0x9c, 0xea, 0xa5, 0x8b, 0xae, 0xcc, 0xbe, 0x0c, 0xbf, 0x4d, 0xc7, 0x6d, 0xc7, 0x8d, 0xcf, 0x8d, 0xc7, 0x8d, 0xc7, 0x8e, 0xc7,
  0x8e, 0xc7, 0x8e, 0xc7, 0x8e, 0xc7, 0x8e, 0xc7, 0x8e, 0xc7, 0x8e, 0xc7, 0x8e, 0xc7, 0x8e, 0xc7, 0x8e, 0xbf, 0x8e, 0xbf, 0x8e, 0xbf, 0x8e, 0xbf, 0x8f, 0xbf, 0x8f, 0xbf, 0x8f, 0xbf, 0x8f, 0xbf,
  0x8f, 0xbf, 0x8f, 0xbf, 0x8f, 0xbf, 0x8f, 0xb7, 0x8f, 0xb7, 0x8f, 0xb7, 0x8f, 0xb7, 0x8f, 0xb7, 0x8f, 0xb7, 0x8f, 0xb7, 0xb0, 0xb7, 0xb0, 0xb7, 0xb0, 0xb7, 0xb0, 0xb7, 0xb0, 0xaf, 0xb0, 0xaf,
  0xb0, 0xaf, 0xb0, 0xaf, 0xb0, 0xaf, 0xb0, 0xaf, 0xb0, 0xaf, 0xb0, 0xaf, 0xb0, 0xaf, 0xb0, 0xaf, 0xb0, 0xa7, 0xb1, 0xa7, 0xb1, 0xa7, 0xb1, 0xa7, 0xb1, 0xa7, 0xb1, 0xa7, 0xb1, 0xa7, 0xb1, 0xa7,
  0xb1, 0xa7, 0xb1, 0xa7, 0xb1, 0xa7, 0xb1, 0xa7, 0xb1, 0x9f, 0xb2, 0x9f, 0xb2, 0x9f, 0xb2, 0x9f, 0xb2, 0x9f, 0xb2, 0x9f, 0xb2, 0x9f, 0xb2, 0x9f, 0xb2, 0x9f, 0xb2, 0x9f, 0xb2, 0x97, 0xb2, 0x97,
  0xb2, 0x97, 0xb2, 0x97, 0xb2, 0x97, 0xb2, 0x97, 0xb3, 0x97, 0xb3, 0x97, 0xb3, 0x97, 0xb3, 0x97, 0xb3, 0x8f, 0xb3, 0x8f, 0xb3, 0x8f, 0xb3, 0x8f, 0xb3, 0x8f, 0xd3, 0x8f, 0xd3, 0x8f, 0xd3, 0x8f,
  0xd3, 0x8f, 0xd3, 0x8f, 0xd3, 0x8f, 0xd4, 0x8f, 0xd4, 0x87, 0xd4, 0x87, 0xd4, 0x87, 0xd4, 0x87, 0xd4, 0x87, 0xd4, 0x87, 0xd4, 0x87, 0xd4, 0x87, 0xd4, 0x87, 0xf6, 0x8f, 0x63, 0x19, 0xaa, 0x10,
  0xf6, 0x21, 0xf6, 0x21, 0xf6, 0x21, 0xf6, 0x21, 0xf6, 0x21, 0xf6, 0x21, 0xf6, 0x21, 0xf6, 0x21, 0xf6, 0x21, 0xf6, 0x21, 0x97, 0x3a, 0x16, 0x2a, 0xf6, 0x21, 0x89, 0x08, 0x0f, 0x3c, 0xff, 0x7f,
  0xdf, 0x77, 0xdf, 0x77, 0xdf, 0x77, 0xdf, 0x77, 0xdf, 0x77, 0xdf, 0x77, 0xdf, 0x77, 0xdf, 0x77, 0xdf, 0x77, 0xdf, 0x77, 0xdf, 0x77, 0xcf, 0x3b, 0x00, 0x00, 0x00, 0x00, 0x75, 0x8d, 0x7d, 0xc7,
  0xfb, 0xb6, 0xfb, 0xb6, 0xfb, 0xb6, 0xfb, 0xb6, 0xfb, 0xb6, 0x1b, 0xbf, 0xfb, 0xb6, 0xe4, 0x18, 0x00, 0x00, 0xc3, 0x08, 0xff, 0x7f, 0xdf, 0x77, 0xdf, 0x77, 0xdf, 0x77, 0xdf, 0x77, 0xdf, 0x77,
  0xdf, 0x77, 0xdf, 0x77, 0xdf, 0x77, 0xdf, 0x77, 0xdf, 0x77, 0xdf, 0x77, 0xff, 0x77, 0xfc, 0x66, 0x00, 0x00, 0xf8, 0x8d, 0xfc, 0x9e, 0xbc, 0x9e, 0xdc, 0x9e, 0xf8, 0x85, 0x00, 0x00, 0x00, 0x00,
  0x00, 0x00, 0x00, 0x00, 0x00, 0x00, 0x82, 0x10, 0x6d, 0x6b, 0x61, 0x08, 0x00, 0x00, 0x00, 0x00, 0x00, 0x00, 0x00, 0x00, 0x00, 0x00, 0x00, 0x00, 0x00, 0x00, 0x00, 0x00, 0x00, 0x00, 0x00, 0x00,
  0x45, 0x19, 0x98, 0x75, 0x9d, 0x8e, 0x7c, 0x8e, 0x7c, 0x8e, 0x7c, 0x8e, 0x7c, 0x86, 0x7c, 0x86, 0x7c, 0x86, 0x7c, 0x86, 0x7d, 0x86, 0x5d, 0x86, 0x5d, 0x86, 0x5d, 0x86, 0x5d, 0x86, 0x5d, 0x86,
  0x5d, 0x86, 0x5d, 0x7e, 0x5d, 0x7e, 0x5d, 0x7e, 0x5d, 0x7e, 0x5d, 0x7e, 0x3d, 0x7e, 0x3d, 0x7e, 0x3d, 0x7e, 0x3d, 0x7e, 0x3d, 0x7e, 0x3d, 0x7e, 0x3d, 0x76, 0x3d, 0x76, 0x3d, 0x76, 0x3d, 0x76,
  0x1d, 0x76, 0x1d, 0x76, 0x1d, 0x76, 0x1d, 0x76, 0x1d, 0x76, 0x1d, 0x76, 0x1d, 0x6e, 0x1d, 0x6e, 0x1d, 0x6e, 0x1e, 0x6e, 0xfe, 0x6d, 0xfe, 0x6d, 0xfe, 0x6d, 0xfe, 0x6d, 0xfe, 0x6d, 0xfe, 0x6d,
  0xfe, 0x6d, 0xfe, 0x65, 0xfe, 0x65, 0xfe, 0x65, 0xfe, 0x65, 0xde, 0x65, 0xde, 0x65, 0xde, 0x65, 0xde, 0x65, 0xde, 0x65, 0xde, 0x65, 0xde, 0x5d, 0xde, 0x5d, 0xde, 0x5d, 0xde, 0x5d, 0xbe, 0x5d,
  0xbe, 0x5d, 0xbe, 0x5d, 0xbe, 0x5d, 0xbe, 0x5d, 0xbf, 0x5d, 0xbe, 0x55, 0xbf, 0x55, 0xbf, 0x55, 0x9f, 0x55, 0x9f, 0x55, 0x9f, 0x55, 0x9f, 0x55, 0x9f, 0x55, 0x9f, 0x55, 0x9f, 0x4d, 0x9f, 0x4d,
  0x9f, 0x4d, 0x7f, 0x4d, 0x7f, 0x4d, 0x7f, 0x4d, 0x7f, 0x4d, 0x7f, 0x4d, 0x7f, 0x4d, 0xbf, 0x4d, 0x6e, 0x32, 0x4e, 0x2c, 0xfc, 0x37, 0xdb, 0x37, 0xfb, 0x37, 0x18, 0x2f, 0x2b, 0x13, 0x0b, 0x11,
  0x71, 0x19, 0x71, 0x19, 0x71, 0x19, 0x6d, 0x21, 0xe4, 0x18, 0x05, 0x7c, 0x0a, 0xd7, 0xea, 0xd6, 0xaa, 0xce, 0xaa, 0xd6, 0x69, 0xd6, 0xc8, 0xc5, 0x88, 0xbd, 0x27, 0xb5, 0x07, 0xb5, 0xe7, 0xac,
  0xc7, 0xa4, 0x66, 0x9c, 0xc5, 0x7b, 0x83, 0x82, 0x24, 0x93, 0xca, 0xe5, 0x2d, 0xff, 0x6d, 0xff, 0x2d, 0xff, 0x0c, 0xff, 0x0c, 0xff, 0x0c, 0xff, 0x2c, 0xff, 0x4d, 0xff, 0x6d, 0xff, 0x69, 0xc5,
  0xa6, 0x83, 0xc6, 0x83, 0x47, 0x8c, 0xc8, 0x94, 0x49, 0x95, 0xea, 0xa5, 0x6b, 0xae, 0xcc, 0xb6, 0xec, 0xbe, 0x0c, 0xbf, 0x2d, 0xc7, 0x4d, 0xc7, 0x4d, 0xc7, 0x4d, 0xc7, 0x4d, 0xbf, 0x4d, 0xbf,
  0x4e, 0xbf, 0x6e, 0xbf, 0x6e, 0xbf, 0x6e, 0xbf, 0x6e, 0xbf, 0x6e, 0xbf, 0x6e, 0xbf, 0x6e, 0xbf, 0x6e, 0xbf, 0x4e, 0xbf, 0x4e, 0xb7, 0x4e, 0xb7, 0x6e, 0xb7, 0x6e, 0xb7, 0x6e, 0xb7, 0x6f, 0xb7,
  0x6f, 0xb7, 0x6f, 0xb7, 0x6f, 0xb7, 0x6f, 0xb7, 0x6f, 0xb7, 0x6f, 0xaf, 0x6f, 0xaf, 0x6f, 0xaf, 0x6f, 0xaf, 0x6f, 0xaf, 0x6f, 0xaf, 0x6f, 0xaf, 0x6f, 0xaf, 0x70, 0xaf, 0x70, 0xaf, 0x70, 0xaf,
  0x70, 0xa7, 0x70, 0xa7, 0x70, 0xa7, 0x70, 0xa7, 0x70, 0xa7, 0x70, 0xa7, 0x70, 0xa7, 0x70, 0xa7, 0x70, 0xa7, 0x70, 0xa7, 0x70, 0xa7, 0x70, 0xa7, 0x71, 0x9f, 0x71, 0x9f, 0x71, 0x9f, 0x71, 0x9f,
  0x71, 0x9f, 0x71, 0x9f, 0x71, 0x9f, 0x71, 0x9f, 0x91, 0x9f, 0x91, 0x9f, 0x91, 0x9f, 0x91, 0x97, 0x91, 0x97, 0x91, 0x97, 0x91, 0x97, 0x92, 0x97, 0x72, 0x97, 0x72, 0x97, 0x92, 0x97, 0x92, 0x97,
  0x92, 0x97, 0x92, 0x8f, 0x92, 0x8f, 0x92, 0x8f, 0x92, 0x8f, 0x92, 0x8f, 0x92, 0x8f, 0x92, 0x8f, 0x92, 0x8f, 0x93, 0x8f, 0x93, 0x8f, 0x93, 0x8f, 0x93, 0x87, 0x93, 0x87, 0x93, 0x87, 0x93, 0x87,
  0x93, 0x87, 0x93, 0x87, 0x93, 0x87, 0x93, 0x87, 0x93, 0x87, 0x93, 0x87, 0x93, 0x87, 0x94, 0x87, 0x94, 0x7f, 0x94, 0x7f, 0x94, 0x7f, 0x94, 0x7f, 0x94, 0x7f, 0xf6, 0x87, 0x63, 0x19, 0xaa, 0x10,
  0xf6, 0x21, 0xf6, 0x21, 0xf6, 0x21, 0xf6, 0x21, 0xf6, 0x21, 0xf6, 0x21, 0xf6, 0x21, 0xf6, 0x21, 0xf6, 0x21, 0xd5, 0x21, 0x97, 0x3a, 0x16, 0x2a, 0xf6, 0x21, 0xa9, 0x08, 0x0f, 0x3c, 0xff, 0x7f,
  0xdf, 0x77, 0xdf, 0x77, 0xdf, 0x77, 0xdf, 0x77, 0xdf, 0x77, 0xdf, 0x77, 0xdf, 0x77, 0xdf, 0x77, 0xdf, 0x77, 0xdf, 0x77, 0xdf, 0x77, 0x3d, 0x6f, 0x00, 0x00, 0x00, 0x00, 0xc3, 0x10, 0xd6, 0x95,
  0xbe, 0xc7, 0x3c, 0xbf, 0x3b, 0xbf, 0x3c, 0xbf, 0x7d, 0xc7, 0x1b, 0xb7, 0xe7, 0x31, 0x00, 0x00, 0x00, 0x00, 0x72, 0x44, 0xff, 0x7f, 0xdf, 0x77, 0xdf, 0x77, 0xdf, 0x77, 0xdf, 0x77, 0xdf, 0x77,
  0xdf, 0x77, 0xdf, 0x77, 0xdf, 0x77, 0xdf, 0x77, 0xdf, 0x77, 0xdf, 0x77, 0xff, 0x77, 0xfc, 0x66, 0x00, 0x00, 0xf8, 0x8d, 0xdc, 0x9e, 0xbc, 0x9e, 0xdc, 0x9e, 0xd8, 0x85, 0x00, 0x00, 0x00, 0x00,
  0x00, 0x00, 0x00, 0x00, 0x00, 0x00, 0x20, 0x00, 0x82, 0x10, 0x00, 0x00, 0x00, 0x00, 0x00, 0x00, 0x00, 0x00, 0x00, 0x00, 0x00, 0x00, 0x00, 0x00, 0x00, 0x00, 0x00, 0x00, 0x00, 0x00, 0x00, 0x00,
  0x04, 0x19, 0x7c, 0x8e, 0x9d, 0x8e, 0x7c, 0x8e, 0x7c, 0x8e, 0x7c, 0x86, 0x7d, 0x86, 0x7c, 0x86, 0x7d, 0x86, 0x7d, 0x86, 0x5d, 0x86, 0x5d, 0x86, 0x5d, 0x86, 0x5d, 0x86, 0x5d, 0x86, 0x5d, 0x7e,
  0x5d, 0x7e, 0x5d, 0x7e, 0x5d, 0x7e, 0x5d, 0x7e, 0x3d, 0x7e, 0x3d, 0x7e, 0x3d, 0x7e, 0x3d, 0x7e, 0x3d, 0x7e, 0x3d, 0x7e, 0x3d, 0x76, 0x3d, 0x76, 0x3d, 0x76, 0x3d, 0x76, 0x1d, 0x76, 0x1d, 0x76,
  0x1d, 0x76, 0x1d, 0x76, 0x1d, 0x76, 0x1d, 0x76, 0x1d, 0x76, 0x1d, 0x6e, 0x1d, 0x6e, 0x1e, 0x6e, 0x1e, 0x6e, 0xfe, 0x6d, 0xfe, 0x6d, 0xfe, 0x6d, 0xfe, 0x6d, 0xfe, 0x6d, 0xfe, 0x6d, 0xfe, 0x65,
  0xfe, 0x65, 0xfe, 0x65, 0xfe, 0x65, 0xde, 0x65, 0xde, 0x65, 0xde, 0x65, 0xde, 0x65, 0xde, 0x65, 0xde, 0x65, 0xde, 0x5d, 0xde, 0x5d, 0xde, 0x5d, 0xde, 0x5d, 0xbe, 0x5d, 0xbe, 0x5d, 0xbe, 0x5d,
  0xbe, 0x5d, 0xbe, 0x5d, 0xbe, 0x5d, 0xbe, 0x55, 0xbe, 0x55, 0xbf, 0x55, 0x9f, 0x55, 0x9f, 0x55, 0x9f, 0x55, 0x9f, 0x55, 0x9f, 0x55, 0x9f, 0x55, 0x9f, 0x4d, 0x9f, 0x4d, 0x9f, 0x4d, 0x9f, 0x4d,
  0x7f, 0x4d, 0x7f, 0x4d, 0x7f, 0x4d, 0x7f, 0x4d, 0x7f, 0x4d, 0x7f, 0x4d, 0x7f, 0x45, 0xbf, 0x45, 0x6e, 0x32, 0x4e, 0x2c, 0xfc, 0x37, 0xdb, 0x37, 0xfb, 0x37, 0x18, 0x2f, 0x2b, 0x13, 0x0b, 0x11,
  0x71, 0x19, 0x71, 0x19, 0x71, 0x19, 0x26, 0x00, 0xe4, 0x5a, 0xca, 0xd6, 0x6b, 0xe7, 0x4b, 0xdf, 0x4b, 0xdf, 0x4b, 0xd7, 0x2b, 0xd7, 0x0b, 0xcf, 0xeb, 0xce, 0xeb, 0xce, 0xcb, 0xc6, 0xab, 0xc6,
  0x8a, 0xbe, 0x4a, 0xb6, 0x0a, 0xae, 0xc6, 0x73, 0x64, 0x4a, 0xa4, 0x62, 0x85, 0x9b, 0xe8, 0xe4, 0x09, 0xfe, 0x8a, 0xfe, 0xcb, 0xfe, 0xab, 0xfe, 0x2a, 0xfe, 0xc8, 0xd4, 0x46, 0x83, 0xa5, 0x52,
  0x05, 0x53, 0xe7, 0x6b, 0xe9, 0x84, 0xaa, 0x9d, 0x4b, 0xae, 0xac, 0xb6, 0xec, 0xb6, 0x2d, 0xbf, 0x2d, 0xc7, 0x4d, 0xc7, 0x4d, 0xc7, 0x4d, 0xc7, 0x4d, 0xbf, 0x4d, 0xbf, 0x6e, 0xbf, 0x6e, 0xbf,
  0x6e, 0xbf, 0x6e, 0xbf, 0x6e, 0xbf, 0x6e, 0xbf, 0x6e, 0xbf, 0x6e, 0xbf, 0x6e, 0xbf, 0x4e, 0xb7, 0x4e, 0xb7, 0x6e, 0xb7, 0x6e, 0xb7, 0x6e, 0xb7, 0x6e, 0xb7, 0x6f, 0xb7, 0x6f, 0xb7, 0x6f, 0xb7,
  0x6f, 0xb7, 0x6f, 0xb7, 0x6f, 0xaf, 0x6f, 0xaf, 0x6f, 0xaf, 0x6f, 0xaf, 0x6f, 0xaf, 0x6f, 0xaf, 0x6f, 0xaf, 0x6f, 0xaf, 0x6f, 0xaf, 0x70, 0xaf, 0x70, 0xaf, 0x70, 0xaf, 0x70, 0xa7, 0x70, 0xa7,
  0x70, 0xa7, 0x70, 0xa7, 0x70, 0xa7, 0x70, 0xa7, 0x70, 0xa7, 0x70, 0xa7, 0x70, 0xa7, 0x70, 0xa7, 0x70, 0xa7, 0x71, 0x9f, 0x71, 0x9f, 0x71, 0x9f, 0x71, 0x9f, 0x71, 0x9f, 0x71, 0x9f, 0x71, 0x9f,
  0x71, 0x9f, 0x91, 0x9f, 0x91, 0x9f, 0x91, 0x9f, 0x91, 0x97, 0x91, 0x97, 0x91, 0x97, 0x91, 0x97, 0x92, 0x97, 0x72, 0x97, 0x72, 0x97, 0x72, 0x97, 0x92, 0x97, 0x92, 0x97, 0x92, 0x97, 0x92, 0x8f,
  0x92, 0x8f, 0x92, 0x8f, 0x92, 0x8f, 0x92, 0x8f, 0x92, 0x8f, 0x92, 0x8f, 0x93, 0x8f, 0x93, 0x8f, 0x93, 0x8f, 0x93, 0x8f, 0x93, 0x87, 0x93, 0x87, 0x93, 0x87, 0x93, 0x87, 0x93, 0x87, 0x93, 0x87,
  0x93, 0x87, 0x93, 0x87, 0x93, 0x87, 0x93, 0x87, 0x94, 0x87, 0x94, 0x7f, 0x94, 0x7f, 0x94, 0x7f, 0x94, 0x7f, 0x94, 0x7f, 0x94, 0x7f, 0x94, 0x7f, 0x94, 0x7f, 0xf6, 0x87, 0x63, 0x19, 0xaa, 0x10,
  0xf6, 0x21, 0xf6, 0x21, 0xf6, 0x21, 0xf6, 0x21, 0xf6, 0x21, 0xf6, 0x21, 0xf6, 0x21, 0xf6, 0x21, 0xf6, 0x21, 0xd5, 0x21, 0x97, 0x3a, 0x16, 0x2a, 0xf6, 0x21, 0x89, 0x08, 0x30, 0x3c, 0xff, 0x7f,
  0xdf, 0x77, 0xdf, 0x77, 0xdf, 0x77, 0xdf, 0x77, 0xdf, 0x77, 0xdf, 0x77, 0xdf, 0x77, 0xdf, 0x77, 0xdf, 0x77, 0xdf, 0x77, 0xdf, 0x77, 0xff, 0x77, 0xf3, 0x4c, 0x00, 0x00, 0x00, 0x00, 0xc3, 0x18,
  0x2c, 0x53, 0x95, 0x8d, 0x38, 0xa6, 0x17, 0x9e, 0xcf, 0x63, 0x45, 0x21, 0x00, 0x00, 0x00, 0x00, 0x08, 0x1a, 0xff, 0x77, 0xdf, 0x77, 0xdf, 0x77, 0xdf, 0x77, 0xdf, 0x77, 0xdf, 0x77, 0xdf, 0x77,
  0xdf, 0x77, 0xdf, 0x77, 0xdf, 0x77, 0xdf, 0x77, 0xdf, 0x77, 0xdf, 0x77, 0xff, 0x77, 0xfc, 0x66, 0x00, 0x00, 0xf8, 0x8d, 0xdc, 0x9e, 0xbc, 0x96, 0xdc, 0x9e, 0x3a, 0x8e, 0x46, 0x21, 0x00, 0x00,
  0x00, 0x00, 0x00, 0x00, 0x00, 0x00, 0x00, 0x00, 0x00, 0x00, 0x00, 0x00, 0x00, 0x00, 0x00, 0x00, 0x00, 0x00, 0x00, 0x00, 0x00, 0x00, 0x00, 0x00, 0x00, 0x00, 0x00, 0x00, 0x00, 0x00, 0x00, 0x00,
  0x8b, 0x3a, 0xde, 0x96, 0x7c, 0x8e, 0x7c, 0x86, 0x7c, 0x86, 0x7c, 0x86, 0x7c, 0x86, 0x7d, 0x86, 0x5d, 0x86, 0x5d, 0x86, 0x5d, 0x86, 0x5d, 0x86, 0x5d, 0x86, 0x5d, 0x7e, 0x5d, 0x7e, 0x5d, 0x7e,
  0x5d, 0x7e, 0x5d, 0x7e, 0x3d, 0x7e, 0x3d, 0x7e, 0x3d, 0x7e, 0x3d, 0x7e, 0x3d, 0x7e, 0x3d, 0x7e, 0x3d, 0x7e, 0x3d, 0x76, 0x3d, 0x76, 0x3d, 0x76, 0x3d, 0x76, 0x1d, 0x76, 0x1d, 0x76, 0x1d, 0x76,
  0x1d, 0x76, 0x1d, 0x76, 0x1d, 0x76, 0x1e, 0x6e, 0x1d, 0x6e, 0x1e, 0x6e, 0x1e, 0x6e, 0xfe, 0x6d, 0xfe, 0x6d, 0xfe, 0x6d, 0xfe, 0x6d, 0xfe, 0x6d, 0xfe, 0x6d, 0xfe, 0x65, 0xfe, 0x65, 0xfe, 0x65,
  0xfe, 0x65, 0xde, 0x65, 0xde, 0x65, 0xde, 0x65, 0xde, 0x65, 0xde, 0x65, 0xde, 0x65, 0xde, 0x5d, 0xde, 0x5d, 0xde, 0x5d, 0xde, 0x5d, 0xbe, 0x5d, 0xbe, 0x5d, 0xbe, 0x5d, 0xbe, 0x5d, 0xbe, 0x5d,
  0xbe, 0x5d, 0xbe, 0x5d, 0xbe, 0x55, 0xbf, 0x55, 0x9f, 0x55, 0x9f, 0x55, 0x9f, 0x55, 0x9f, 0x55, 0x9f, 0x55, 0x9f, 0x55, 0x9f, 0x55, 0x9f, 0x4d, 0x9f, 0x4d, 0x9f, 0x4d, 0x9f, 0x4d, 0x7f, 0x4d,
  0x7f, 0x4d, 0x7f, 0x4d, 0x7f, 0x4d, 0x7f, 0x4d, 0x7f, 0x45, 0x7f, 0x45, 0x7f, 0x45, 0xbf, 0x45, 0x6e, 0x32, 0x4e, 0x2c, 0xfc, 0x37, 0xdb, 0x37, 0xfb, 0x37, 0x18, 0x2f, 0x2b, 0x13, 0x0b, 0x11,
  0x71, 0x19, 0x71, 0x19, 0x4d, 0x19, 0x45, 0x21, 0x07, 0x9d, 0x8b, 0xe7, 0x4b, 0xdf, 0x4b, 0xdf, 0x4b, 0xdf, 0x4b, 0xd7, 0x4b, 0xd7, 0x4b, 0xd7, 0x4b, 0xd7, 0x4c, 0xd7, 0x4c, 0xd7, 0x4c, 0xd7,
  0x4c, 0xd7, 0x4c, 0xd7, 0x4c, 0xd7, 0xe9, 0xa5, 0x67, 0x7c, 0x86, 0x63, 0xe5, 0x5a, 0x64, 0x5a, 0x43, 0x5a, 0x43, 0x6a, 0x23, 0x6a, 0x03, 0x62, 0x03, 0x52, 0x23, 0x4a, 0x84, 0x4a, 0x66, 0x63,
  0xa8, 0x7c, 0x8a, 0x95, 0x4b, 0xae, 0xcc, 0xb6, 0x0d, 0xbf, 0x2d, 0xbf, 0x4d, 0xc7, 0x4d, 0xc7, 0x4d, 0xc7, 0x6d, 0xc7, 0x4d, 0xbf, 0x4e, 0xbf, 0x6e, 0xbf, 0x6e, 0xbf, 0x6e, 0xbf, 0x6e, 0xbf,
  0x6e, 0xbf, 0x6e, 0xbf, 0x6e, 0xbf, 0x6e, 0xbf, 0x4e, 0xbf, 0x4e, 0xb7, 0x4e, 0xb7, 0x6e, 0xb7, 0x6e, 0xb7, 0x6e, 0xb7, 0x6f, 0xb7, 0x6f, 0xb7, 0x6f, 0xb7, 0x6f, 0xb7, 0x6f, 0xb7, 0x6f, 0xb7,
  0x6f, 0xaf, 0x6f, 0xaf, 0x6f, 0xaf, 0x6f, 0xaf, 0x6f, 0xaf, 0x6f, 0xaf, 0x6f, 0xaf, 0x6f, 0xaf, 0x70, 0xaf, 0x70, 0xaf, 0x70, 0xaf, 0x70, 0xa7, 0x70, 0xa7, 0x70, 0xa7, 0x70, 0xa7, 0x70, 0xa7,
  0x70, 0xa7, 0x70, 0xa7, 0x70, 0xa7, 0x70, 0xa7, 0x70, 0xa7, 0x70, 0xa7, 0x70, 0xa7, 0x71, 0x9f, 0x71, 0x9f, 0x71, 0x9f, 0x71, 0x9f, 0x71, 0x9f, 0x71, 0x9f, 0x71, 0x9f, 0x71, 0x9f, 0x91, 0x9f,
  0x91, 0x9f, 0x91, 0x9f, 0x91, 0x97, 0x91, 0x97, 0x91, 0x97, 0x91, 0x97, 0x92, 0x97, 0x72, 0x97, 0x72, 0x97, 0x92, 0x97, 0x92, 0x97, 0x92, 0x97, 0x92, 0x8f, 0x92, 0x8f, 0x92, 0x8f, 0x92, 0x8f,
  0x92, 0x8f, 0x92, 0x8f, 0x92, 0x8f, 0x92, 0x8f, 0x93, 0x8f, 0x93, 0x8f, 0x93, 0x8f, 0x93, 0x87, 0x93, 0x87, 0x93, 0x87, 0x93, 0x87, 0x93, 0x87, 0x93, 0x87, 0x93, 0x87, 0x93, 0x87, 0x93, 0x87,
  0x93, 0x87, 0x93, 0x87, 0x94, 0x87, 0x94, 0x7f, 0x94, 0x7f, 0x94, 0x7f, 0x94, 0x7f, 0x94, 0x7f, 0x94, 0x7f, 0x94, 0x7f, 0x94, 0x7f, 0x94, 0x7f, 0x94, 0x7f, 0xf6, 0x87, 0x63, 0x19, 0xaa, 0x10,
  0xf6, 0x21, 0xf6, 0x21, 0xf6, 0x21, 0xf6, 0x21, 0xf6, 0x21, 0xf6, 0x21, 0xf6, 0x21, 0xd5, 0x21, 0xd5, 0x21, 0xd5, 0x21, 0x96, 0x3a, 0x16, 0x2a, 0xf6, 0x21, 0xca, 0x10, 0xaa, 0x2a, 0xff, 0x7f,
  0xdf, 0x77, 0xdf, 0x77, 0xdf, 0x77, 0xdf, 0x77, 0xdf, 0x77, 0xdf, 0x77, 0xdf, 0x77, 0xdf, 0x77, 0xdf, 0x77, 0xdf, 0x77, 0xdf, 0x77, 0xdf, 0x77, 0xbf, 0x77, 0x31, 0x3c, 0x00, 0x00, 0x00, 0x00,
  0x21, 0x08, 0xc3, 0x10, 0xe3, 0x18, 0xe3, 0x18, 0x61, 0x08, 0x00, 0x00, 0x00, 0x00, 0xe7, 0x19, 0xfc, 0x66, 0xff, 0x77, 0xdf, 0x77, 0xdf, 0x77, 0xdf, 0x77, 0xdf, 0x77, 0xdf, 0x77, 0xdf, 0x77,
  0xdf, 0x77, 0xdf, 0x77, 0xdf, 0x77, 0xdf, 0x77, 0xdf, 0x77, 0xdf, 0x77, 0xff, 0x77, 0x1c, 0x67, 0x00, 0x00, 0xd8, 0x8d, 0xdc, 0x9e, 0xbc, 0x96, 0xbc, 0x96, 0xbc, 0x96, 0x97, 0x7d, 0x46, 0x21,
  0x00, 0x00, 0x00, 0x00, 0x00, 0x00, 0x00, 0x00, 0x00, 0x00, 0x00, 0x00, 0x00, 0x00, 0x00, 0x00, 0x00, 0x00, 0x00, 0x00, 0x00, 0x00, 0x00, 0x00, 0x00, 0x00, 0x00, 0x00, 0x00, 0x00, 0x6a, 0x32,
  0xda, 0x7d, 0x9d, 0x8e, 0x7c, 0x86, 0x7c, 0x86, 0x7c, 0x86, 0x7d, 0x86, 0x5d, 0x86, 0x5d, 0x86, 0x5d, 0x86, 0x5d, 0x86, 0x5d, 0x86, 0x5d, 0x7e, 0x5d, 0x7e, 0x5d, 0x7e, 0x5d, 0x7e, 0x5d, 0x7e,
  0x5d, 0x7e, 0x3d, 0x7e, 0x3d, 0x7e, 0x3d, 0x7e, 0x3d, 0x7e, 0x3d, 0x7e, 0x3d, 0x7e, 0x3d, 0x76, 0x3d, 0x76, 0x3d, 0x76, 0x3d, 0x76, 0x1d, 0x76, 0x1d, 0x76, 0x1d, 0x76, 0x1d, 0x76, 0x1d, 0x76,
  0x1d, 0x76, 0x1d, 0x6e, 0x1d, 0x6e, 0x1d, 0x6e, 0x1e, 0x6e, 0xfe, 0x6d, 0xfe, 0x6d, 0xfe, 0x6d, 0xfe, 0x6d, 0xfe, 0x6d, 0xfe, 0x6d, 0xfe, 0x65, 0xfe, 0x65, 0xfe, 0x65, 0xfe, 0x65, 0xde, 0x65,
  0xde, 0x65, 0xde, 0x65, 0xde, 0x65, 0xde, 0x65, 0xde, 0x65, 0xde, 0x65, 0xde, 0x5d, 0xde, 0x5d, 0xde, 0x5d, 0xde, 0x5d, 0xbe, 0x5d, 0xbe, 0x5d, 0xbe, 0x5d, 0xbe, 0x5d, 0xbe, 0x5d, 0xbf, 0x5d,
  0xbe, 0x55, 0xbf, 0x55, 0xbf, 0x55, 0x9f, 0x55, 0x9f, 0x55, 0x9f, 0x55, 0x9f, 0x55, 0x9f, 0x55, 0x9f, 0x55, 0x9f, 0x4d, 0x9f, 0x4d, 0x9f, 0x4d, 0x9f, 0x4d, 0x7f, 0x4d, 0x7f, 0x4d, 0x7f, 0x4d,
  0x7f, 0x4d, 0x7f, 0x4d, 0x7f, 0x45, 0x7f, 0x45, 0x7f, 0x45, 0x5f, 0x45, 0x5f, 0x45, 0x9f, 0x45, 0x6e, 0x32, 0x4e, 0x2c, 0xfc, 0x37, 0xdb, 0x37, 0xfb, 0x37, 0x18, 0x2f, 0x2b, 0x13, 0x0b, 0x11,
  0x71, 0x19, 0x71, 0x19, 0xca, 0x10, 0x85, 0x4a, 0x29, 0xbe, 0x6b, 0xdf, 0x4b, 0xd7, 0x4b, 0xd7, 0x4b, 0xd7, 0x4b, 0xd7, 0x4b, 0xd7, 0x4b, 0xd7, 0x4b, 0xd7, 0x4c, 0xd7, 0x4c, 0xd7, 0x4c, 0xd7,
  0x4c, 0xcf, 0x4c, 0xd7, 0x4c, 0xd7, 0x2c, 0xcf, 0xec, 0xc6, 0xab, 0xbe, 0x6b, 0xb6, 0x2b, 0xae, 0x0b, 0xae, 0xeb, 0xad, 0xeb, 0xad, 0xeb, 0xa5, 0x0b, 0xa6, 0x4b, 0xae, 0x8c, 0xb6, 0xcc, 0xbe,
  0x0c, 0xbf, 0x2d, 0xbf, 0x4d, 0xc7, 0x4d, 0xc7, 0x4d, 0xc7, 0x4d, 0xc7, 0x4d, 0xc7, 0x6d, 0xbf, 0x4d, 0xbf, 0x6e, 0xbf, 0x6e, 0xbf, 0x6e, 0xbf, 0x6e, 0xbf, 0x6e, 0xbf, 0x6e, 0xbf, 0x6e, 0xbf,
  0x6e, 0xbf, 0x6e, 0xbf, 0x4e, 0xb7, 0x4e, 0xb7, 0x6e, 0xb7, 0x6e, 0xb7, 0x6e, 0xb7, 0x6e, 0xb7, 0x6f, 0xb7, 0x6f, 0xb7, 0x6f, 0xb7, 0x6f, 0xb7, 0x6f, 0xb7, 0x6f, 0xb7, 0x6f, 0xaf, 0x6f, 0xaf,
  0x6f, 0xaf, 0x6f, 0xaf, 0x6f, 0xaf, 0x6f, 0xaf, 0x6f, 0xaf, 0x6f, 0xaf, 0x70, 0xaf, 0x70, 0xaf, 0x70, 0xaf, 0x70, 0xa7, 0x70, 0xa7, 0x70, 0xa7, 0x70, 0xa7, 0x70, 0xa7, 0x70, 0xa7, 0x70, 0xa7,
  0x70, 0xa7, 0x70, 0xa7, 0x70, 0xa7, 0x70, 0xa7, 0x71, 0x9f, 0x71, 0x9f, 0x71, 0x9f, 0x71, 0x9f, 0x71, 0x9f, 0x71, 0x9f, 0x71, 0x9f, 0x71, 0x9f, 0x91, 0x9f, 0x91, 0x9f, 0x91, 0x9f, 0x91, 0x97,
  0x91, 0x97, 0x91, 0x97, 0x91, 0x97, 0x92, 0x97, 0x72, 0x97, 0x72, 0x97, 0x72, 0x97, 0x92, 0x97, 0x92, 0x97, 0x92, 0x97, 0x92, 0x8f, 0x92, 0x8f, 0x92, 0x8f, 0x92, 0x8f, 0x92, 0x8f, 0x92, 0x8f,
  0x92, 0x8f, 0x93, 0x8f, 0x93, 0x8f, 0x93, 0x8f, 0x93, 0x8f, 0x93, 0x87, 0x93, 0x87, 0x93, 0x87, 0x93, 0x87, 0x93, 0x87, 0x93, 0x87, 0x93, 0x87, 0x93, 0x87, 0x93, 0x87, 0x93, 0x87, 0x94, 0x87,
  0x94, 0x7f, 0x94, 0x7f, 0x94, 0x7f, 0x94, 0x7f, 0x94, 0x7f, 0x94, 0x7f, 0x94, 0x7f, 0x94, 0x7f, 0x94, 0x7f, 0x94, 0x7f, 0x94, 0x7f, 0x94, 0x7f, 0x94, 0x77, 0xf6, 0x87, 0x63, 0x19, 0xaa, 0x10,
  0xf6, 0x21, 0xf6, 0x21, 0xf6, 0x21, 0xf6, 0x21, 0xd6, 0x21, 0xd5, 0x21, 0xd5, 0x21, 0xf5, 0x21, 0xd5, 0x21, 0xd5, 0x21, 0x96, 0x3a, 0x15, 0x22, 0xf6, 0x21, 0x50, 0x19, 0xa1, 0x08, 0xff, 0x87,
  0xdf, 0x77, 0xdf, 0x77, 0xdf, 0x77, 0xdf, 0x77, 0xdf, 0x77, 0xdf, 0x77, 0xdf, 0x77, 0xdf, 0x77, 0xdf, 0x77, 0xdf, 0x77, 0xdf, 0x77, 0xdf, 0x77, 0xdf, 0x77, 0x9f, 0x6f, 0xf7, 0x55, 0x86, 0x19,
  0x00, 0x00, 0x00, 0x00, 0x00, 0x00, 0x00, 0x00, 0x00, 0x00, 0xc3, 0x08, 0x31, 0x3c, 0x3d, 0x6f, 0xff, 0x77, 0xdf, 0x77, 0xdf, 0x77, 0xdf, 0x77, 0xdf, 0x77, 0xdf, 0x77, 0xdf, 0x77, 0xdf, 0x77,
  0xdf, 0x77, 0xdf, 0x77, 0xdf, 0x77, 0xdf, 0x77, 0xdf, 0x77, 0xdf, 0x77, 0xdf, 0x77, 0x18, 0x5e, 0x00, 0x00, 0xd8, 0x8d, 0xdd, 0x9e, 0xbc, 0x96, 0xbc, 0x96, 0xbc, 0x96, 0xbc, 0x96, 0xd9, 0x85,
  0xd5, 0x6c, 0xf1, 0x53, 0x11, 0x5c, 0x11, 0x5c, 0x11, 0x5c, 0x11, 0x5c, 0xf1, 0x5b, 0xf1, 0x5b, 0xf1, 0x53, 0xf1, 0x53, 0xf1, 0x53, 0x11, 0x54, 0xf1, 0x53, 0x32, 0x5c, 0x37, 0x6d, 0xfb, 0x7d,
  0x9d, 0x8e, 0x7d, 0x86, 0x7c, 0x86, 0x7d, 0x86, 0x7d, 0x86, 0x5d, 0x86, 0x5d, 0x86, 0x5d, 0x86, 0x5d, 0x86, 0x5d, 0x86, 0x5d, 0x7e, 0x5d, 0x7e, 0x5d, 0x7e, 0x5d, 0x7e, 0x5d, 0x7e, 0x3d, 0x7e,
  0x3d, 0x7e, 0x3d, 0x7e, 0x3d, 0x7e, 0x3d, 0x7e, 0x3d, 0x7e, 0x3d, 0x76, 0x3d, 0x76, 0x3d, 0x76, 0x3d, 0x76, 0x1d, 0x76, 0x1d, 0x76, 0x1d, 0x76, 0x1d, 0x76, 0x1d, 0x76, 0x1d, 0x76, 0x1d, 0x6e,
  0x1d, 0x6e, 0x1d, 0x6e, 0x1e, 0x6e, 0xfe, 0x6d, 0xfe, 0x6d, 0xfe, 0x6d, 0xfe, 0x6d, 0xfe, 0x6d, 0xfe, 0x6d, 0xfe, 0x6d, 0xfe, 0x65, 0xfe, 0x65, 0xfe, 0x65, 0xfe, 0x65, 0xde, 0x65, 0xde, 0x65,
  0xde, 0x65, 0xde, 0x65, 0xde, 0x65, 0xde, 0x65, 0xde, 0x5d, 0xde, 0x5d, 0xde, 0x5d, 0xde, 0x5d, 0xbe, 0x5d, 0xbe, 0x5d, 0xbe, 0x5d, 0xbe, 0x5d, 0xbe, 0x5d, 0xbf, 0x5d, 0xbe, 0x55, 0xbe, 0x55,
  0xbf, 0x55, 0x9f, 0x55, 0x9f, 0x55, 0x9f, 0x55, 0x9f, 0x55, 0x9f, 0x55, 0x9f, 0x55, 0x9f, 0x4d, 0x9f, 0x4d, 0x9f, 0x4d, 0x9f, 0x4d, 0x7f, 0x4d, 0x7f, 0x4d, 0x7f, 0x4d, 0x7f, 0x4d, 0x7f, 0x4d,
  0x7f, 0x4d, 0x7f, 0x45, 0x7f, 0x45, 0x5f, 0x45, 0x5f, 0x45, 0x5f, 0x45, 0x5f, 0x45, 0x9f, 0x45, 0x6e, 0x32, 0x4e, 0x2c, 0xfc, 0x37, 0xdb, 0x37, 0xfb, 0x37, 0x18, 0x2f, 0x2b, 0x13, 0x0b, 0x11,
  0x71, 0x19, 0x71, 0x19, 0xe9, 0x10, 0x45, 0x63, 0xaa, 0xc6, 0x6b, 0xdf, 0x4b, 0xd7, 0x4b, 0xd7, 0x4b, 0xd7, 0x4b, 0xd7, 0x4c, 0xd7, 0x4c, 0xd7, 0x4c, 0xd7, 0x4c, 0xd7, 0x4c, 0xcf, 0x4c, 0xcf,
  0x4c, 0xcf, 0x4c, 0xcf, 0x4c, 0xcf, 0x4c, 0xcf, 0x4c, 0xcf, 0x6c, 0xcf, 0x6d, 0xcf, 0x6d, 0xcf, 0x6d, 0xcf, 0x6d, 0xcf, 0x6d, 0xcf, 0x6d, 0xcf, 0x6d, 0xcf, 0x6d, 0xcf, 0x6d, 0xc7, 0x6d, 0xc7,
  0x6d, 0xc7, 0x6d, 0xc7, 0x4d, 0xc7, 0x4d, 0xc7, 0x6d, 0xc7, 0x4d, 0xbf, 0x4e, 0xbf, 0x6e, 0xbf, 0x6e, 0xbf, 0x6e, 0xbf, 0x6e, 0xbf, 0x6e, 0xbf, 0x6e, 0xbf, 0x6e, 0xbf, 0x6e, 0xbf, 0x4e, 0xbf,
  0x4e, 0xb7, 0x4e, 0xb7, 0x6e, 0xb7, 0x6e, 0xb7, 0x6e, 0xb7, 0x6f, 0xb7, 0x6f, 0xb7, 0x6f, 0xb7, 0x6f, 0xb7, 0x6f, 0xb7, 0x6f, 0xb7, 0x6f, 0xaf, 0x6f, 0xaf, 0x6f, 0xaf, 0x6f, 0xaf, 0x6f, 0xaf,
  0x6f, 0xaf, 0x6f, 0xaf, 0x6f, 0xaf, 0x6f, 0xaf, 0x70, 0xaf, 0x70, 0xaf, 0x70, 0xa7, 0x70, 0xa7, 0x70, 0xa7, 0x70, 0xa7, 0x70, 0xa7, 0x70, 0xa7, 0x70, 0xa7, 0x70, 0xa7, 0x70, 0xa7, 0x70, 0xa7,
  0x70, 0xa7, 0x70, 0xa7, 0x71, 0x9f, 0x71, 0x9f, 0x71, 0x9f, 0x71, 0x9f, 0x71, 0x9f, 0x71, 0x9f, 0x71, 0x9f, 0x71, 0x9f, 0x91, 0x9f, 0x91, 0x9f, 0x91, 0x9f, 0x91, 0x97, 0x91, 0x97, 0x91, 0x97,
  0x91, 0x97, 0x92, 0x97, 0x72, 0x97, 0x72, 0x97, 0x92, 0x97, 0x92, 0x97, 0x92, 0x97, 0x92, 0x8f, 0x92, 0x8f, 0x92, 0x8f, 0x92, 0x8f, 0x92, 0x8f, 0x92, 0x8f, 0x92, 0x8f, 0x92, 0x8f, 0x93, 0x8f,
  0x93, 0x8f, 0x93, 0x8f, 0x93, 0x87, 0x93, 0x87, 0x93, 0x87, 0x93, 0x87, 0x93, 0x87, 0x93, 0x87, 0x93, 0x87, 0x93, 0x87, 0x93, 0x87, 0x93, 0x87, 0x93, 0x87, 0x94, 0x87, 0x94, 0x7f, 0x94, 0x7f,
  0x94, 0x7f, 0x94, 0x7f, 0x94, 0x7f, 0x94, 0x7f, 0x94, 0x7f, 0x94, 0x7f, 0x94, 0x7f, 0x94, 0x7f, 0x94, 0x7f, 0x94, 0x77, 0x94, 0x77, 0x94, 0x77, 0xb5, 0x77, 0xf7, 0x7f, 0x63, 0x19, 0xaa, 0x10,
  0xf6, 0x21, 0xf6, 0x21, 0xd5, 0x21, 0xd5, 0x21, 0xf5, 0x21, 0xf5, 0x21, 0xf5, 0x21, 0xf5, 0x21, 0xd5, 0x21, 0xd5, 0x21, 0x96, 0x3a, 0xf5, 0x21, 0xd5, 0x21, 0xd6, 0x21, 0x00, 0x00, 0x39, 0x5e,
  0xff, 0x7f, 0xdf, 0x77, 0xdf, 0x77, 0xdf, 0x77, 0xdf, 0x77, 0xdf, 0x77, 0xdf, 0x77, 0xdf, 0x77, 0xdf, 0x77, 0xdf, 0x77, 0xdf, 0x77, 0xdf, 0x77, 0xdf, 0x77, 0xdf, 0x77, 0xff, 0x77, 0xfc, 0x66,
  0x9a, 0x66, 0x14, 0x4d, 0xb3, 0x44, 0xb3, 0x44, 0xb7, 0x55, 0xfc, 0x66, 0x9e, 0x6f, 0xff, 0x77, 0xdf, 0x77, 0xdf, 0x77, 0xdf, 0x77, 0xdf, 0x77, 0xdf, 0x77, 0xdf, 0x77, 0xdf, 0x77, 0xdf, 0x77,
  0xdf, 0x77, 0xdf, 0x77, 0xdf, 0x77, 0xdf, 0x77, 0xdf, 0x77, 0xff, 0x77, 0xbf, 0x77, 0x6a, 0x22, 0xe4, 0x18, 0xb8, 0x85, 0xdd, 0x96, 0xbc, 0x96, 0x9c, 0x96, 0x9c, 0x96, 0x9c, 0x96, 0xbd, 0x96,
  0xbc, 0x96, 0x7b, 0x8e, 0x7c, 0x8e, 0x7c, 0x8e, 0x7c, 0x8e, 0x7c, 0x8e, 0x5c, 0x8e, 0x5c, 0x8e, 0x5c, 0x8e, 0x5c, 0x86, 0x5c, 0x86, 0x5c, 0x86, 0x5c, 0x86, 0x5c, 0x86, 0x9d, 0x8e, 0x9d, 0x8e,
  0x7d, 0x86, 0x7d, 0x86, 0x7d, 0x86, 0x5d, 0x86, 0x5d, 0x86, 0x5d, 0x86, 0x5d, 0x86, 0x5d, 0x86, 0x5d, 0x7e, 0x5d, 0x7e, 0x5d, 0x7e, 0x5d, 0x7e, 0x5d, 0x7e, 0x3d, 0x7e, 0x3d, 0x7e, 0x3d, 0x7e,
  0x3d, 0x7e, 0x3d, 0x7e, 0x3d, 0x7e, 0x3d, 0x76, 0x3d, 0x76, 0x3d, 0x76, 0x3d, 0x76, 0x1d, 0x76, 0x1d, 0x76, 0x1d, 0x76, 0x1d, 0x76, 0x1d, 0x76, 0x1d, 0x76, 0x1d, 0x76, 0x1e, 0x6e, 0x1d, 0x6e,
  0x1e, 0x6e, 0x1e, 0x6e, 0xfe, 0x6d, 0xfe, 0x6d, 0xfe, 0x6d, 0xfe, 0x6d, 0xfe, 0x6d, 0xfe, 0x6d, 0xfe, 0x65, 0xfe, 0x65, 0xfe, 0x65, 0xfe, 0x65, 0xde, 0x65, 0xde, 0x65, 0xde, 0x65, 0xde, 0x65,
  0xde, 0x65, 0xde, 0x65, 0xde, 0x5d, 0xde, 0x5d, 0xde, 0x5d, 0xde, 0x5d, 0xbe, 0x5d, 0xbe, 0x5d, 0xbe, 0x5d, 0xbe, 0x5d, 0xbe, 0x5d, 0xbe, 0x5d, 0xbe, 0x5d, 0xbe, 0x55, 0xbf, 0x55, 0x9f, 0x55,
  0x9f, 0x55, 0x9f, 0x55, 0x9f, 0x55, 0x9f, 0x55, 0x9f, 0x55, 0x9f, 0x55, 0x9f, 0x4d, 0x9f, 0x4d, 0x9f, 0x4d, 0x7f, 0x4d, 0x7f, 0x4d, 0x7f, 0x4d, 0x7f, 0x4d, 0x7f, 0x4d, 0x7f, 0x4d, 0x7f, 0x45,
  0x7f, 0x45, 0x5f, 0x45, 0x5f, 0x45, 0x5f, 0x45, 0x5f, 0x45, 0x5f, 0x45, 0x5f, 0x45, 0x9f, 0x45, 0x6e, 0x32, 0x4e, 0x2c, 0xfc, 0x37, 0xdb, 0x37, 0xfb, 0x37, 0x18, 0x2f, 0x2b, 0x13, 0x0b, 0x11,
  0x71, 0x19, 0x71, 0x19, 0xe9, 0x10, 0x85, 0x6b, 0xca, 0xc6, 0x6b, 0xd7, 0x4b, 0xd7, 0x4b, 0xd7, 0x4c, 0xd7, 0x4c, 0xd7, 0x4c, 0xd7, 0x4c, 0xd7, 0x4c, 0xcf, 0x4c, 0xcf, 0x4c, 0xcf, 0x4c, 0xcf,
  0x4c, 0xcf, 0x4c, 0xcf, 0x4c, 0xcf, 0x4c, 0xcf, 0x4c, 0xcf, 0x4c, 0xcf, 0x4d, 0xcf, 0x4d, 0xc7, 0x4d, 0xc7, 0x4d, 0xc7, 0x4d, 0xc7, 0x4d, 0xc7, 0x4d, 0xc7, 0x4d, 0xc7, 0x4d, 0xc7, 0x4d, 0xc7,
  0x4d, 0xc7, 0x4d, 0xc7, 0x4d, 0xbf, 0x4d, 0xbf, 0x6e, 0xbf, 0x6e, 0xbf, 0x6e, 0xbf, 0x6e, 0xbf, 0x6e, 0xbf, 0x6e, 0xbf, 0x6e, 0xbf, 0x6e, 0xbf, 0x6e, 0xbf, 0x4e, 0xb7, 0x4e, 0xb7, 0x6e, 0xb7,
  0x6e, 0xb7, 0x6e, 0xb7, 0x6e, 0xb7, 0x6f, 0xb7, 0x6f, 0xb7, 0x6f, 0xb7, 0x6f, 0xb7, 0x6f, 0xb7, 0x6f, 0xb7, 0x6f, 0xaf, 0x6f, 0xaf, 0x6f, 0xaf, 0x6f, 0xaf, 0x6f, 0xaf, 0x6f, 0xaf, 0x6f, 0xaf,
  0x6f, 0xaf, 0x70, 0xaf, 0x70, 0xaf, 0x70, 0xaf, 0x70, 0xa7, 0x70, 0xa7, 0x70, 0xa7, 0x70, 0xa7, 0x70, 0xa7, 0x70, 0xa7, 0x70, 0xa7, 0x70, 0xa7, 0x70, 0xa7, 0x70, 0xa7, 0x70, 0xa7, 0x71, 0x9f,
  0x71, 0x9f, 0x71, 0x9f, 0x71, 0x9f, 0x71, 0x9f, 0x71, 0x9f, 0x71, 0x9f, 0x71, 0x9f, 0x91, 0x9f, 0x91, 0x9f, 0x91, 0x9f, 0x91, 0x97, 0x91, 0x97, 0x91, 0x97, 0x91, 0x97, 0x92, 0x97, 0x72, 0x97,
  0x72, 0x97, 0x72, 0x97, 0x92, 0x97, 0x92, 0x97, 0x92, 0x97, 0x92, 0x8f, 0x92, 0x8f, 0x92, 0x8f, 0x92, 0x8f, 0x92, 0x8f, 0x92, 0x8f, 0x92, 0x8f, 0x93, 0x8f, 0x93, 0x8f, 0x93, 0x8f, 0x93, 0x8f,
  0x93, 0x87, 0x93, 0x87, 0x93, 0x87, 0x93, 0x87, 0x93, 0x87, 0x93, 0x87, 0x93, 0x87, 0x93, 0x87, 0x93, 0x87, 0x93, 0x87, 0x94, 0x87, 0x94, 0x7f, 0x94, 0x7f, 0x94, 0x7f, 0x94, 0x7f, 0x94, 0x7f,
  0x94, 0x7f, 0x94, 0x7f, 0x94, 0x7f, 0x94, 0x7f, 0x94, 0x7f, 0x94, 0x7f, 0x94, 0x7f, 0x94, 0x77, 0x94, 0x77, 0x95, 0x77, 0xb5, 0x77, 0xb5, 0x77, 0xb5, 0x77, 0xf7, 0x7f, 0x63, 0x11, 0xaa, 0x10,
  0xd5, 0x21, 0xd5, 0x21, 0xf5, 0x21, 0xf5, 0x21, 0xf5, 0x21, 0xf5, 0x21, 0xf5, 0x21, 0xf5, 0x21, 0xd5, 0x21, 0xd5, 0x21, 0x96, 0x3a, 0xf5, 0x21, 0xd5, 0x21, 0xf6, 0x21, 0xeb, 0x10, 0xa1, 0x08,
  0x1c, 0x6f, 0xff, 0x7f, 0xff, 0x77, 0xff, 0x77, 0xff, 0x77, 0xff, 0x77, 0xff, 0x77, 0xff, 0x77, 0xff, 0x77, 0xff, 0x77, 0xff, 0x77, 0xff, 0x77, 0xff, 0x77, 0xff, 0x77, 0xff, 0x77, 0xff, 0x77,
  0xff, 0x77, 0xdf, 0x77, 0xdf, 0x77, 0xdf, 0x77, 0xff, 0x77, 0xff, 0x77, 0xff, 0x77, 0xff, 0x77, 0xff, 0x77, 0xff, 0x77, 0xff, 0x77, 0xff, 0x77, 0xff, 0x77, 0xff, 0x77, 0xff, 0x77, 0xff, 0x77,
  0xff, 0x77, 0xff, 0x77, 0xff, 0x77, 0xff, 0x77, 0xff, 0x77, 0xff, 0x77, 0x92, 0x44, 0x00, 0x00, 0xc8, 0x31, 0xb8, 0x85, 0xbd, 0x96, 0x9c, 0x96, 0x9c, 0x96, 0x9c, 0x96, 0x9c, 0x8e, 0x9c, 0x96,
  0x9c, 0x8e, 0x9c, 0x96, 0x9c, 0x8e, 0x9c, 0x8e, 0x9c, 0x8e, 0x9c, 0x8e, 0x9c, 0x8e, 0x9d, 0x8e, 0x7d, 0x8e, 0x7d, 0x8e, 0x7d, 0x8e, 0x7d, 0x8e, 0x7d, 0x8e, 0x7d, 0x86, 0x7d, 0x86, 0x7c, 0x86,
  0x7d, 0x86, 0x5d, 0x86, 0x5d, 0x86, 0x5d, 0x86, 0x5d, 0x86, 0x5d, 0x86, 0x5d, 0x7e, 0x5d, 0x7e, 0x5d, 0x7e, 0x5d, 0x7e, 0x5d, 0x7e, 0x3d, 0x7e, 0x3d, 0x7e, 0x3d, 0x7e, 0x3d, 0x7e, 0x3d, 0x7e,
  0x3d, 0x7e, 0x3d, 0x7e, 0x3d, 0x76, 0x3d, 0x76, 0x3d, 0x76, 0x3d, 0x76, 0x1d, 0x76, 0x1d, 0x76, 0x1d, 0x76, 0x1d, 0x76, 0x1d, 0x76, 0x1d, 0x76, 0x1e, 0x6e, 0x1d, 0x6e, 0x1d, 0x6e, 0x1e, 0x6e,
  0xfe, 0x6d, 0xfe, 0x6d, 0xfe, 0x6d, 0xfe, 0x6d, 0xfe, 0x6d, 0xfe, 0x6d, 0xfe, 0x65, 0xfe, 0x65, 0xfe, 0x65, 0xfe, 0x65, 0xde, 0x65, 0xde, 0x65, 0xde, 0x65, 0xde, 0x65, 0xde, 0x65, 0xde, 0x65,
  0xde, 0x65, 0xde, 0x5d, 0xde, 0x5d, 0xde, 0x5d, 0xbe, 0x5d, 0xbe, 0x5d, 0xbe, 0x5d, 0xbe, 0x5d, 0xbe, 0x5d, 0xbe, 0x5d, 0xbe, 0x5d, 0xbe, 0x55, 0xbf, 0x55, 0x9f, 0x55, 0x9f, 0x55, 0x9f, 0x55,
  0x9f, 0x55, 0x9f, 0x55, 0x9f, 0x55, 0x9f, 0x55, 0x9f, 0x4d, 0x9f, 0x4d, 0x9f, 0x4d, 0x9f, 0x4d, 0x7f, 0x4d, 0x7f, 0x4d, 0x7f, 0x4d, 0x7f, 0x4d, 0x7f, 0x4d, 0x7f, 0x45, 0x7f, 0x45, 0x7f, 0x45,
  0x5f, 0x45, 0x5f, 0x45, 0x5f, 0x45, 0x5f, 0x45, 0x5f, 0x45, 0x5f, 0x45, 0x5f, 0x3d, 0x9f, 0x3d, 0x6f, 0x32, 0x4e, 0x2c, 0xfc, 0x37, 0xdb, 0x37, 0xfb, 0x37, 0x18, 0x2f, 0x2b, 0x13, 0x0b, 0x11,
  0x71, 0x19, 0x71, 0x19, 0xe9, 0x10, 0x65, 0x63, 0xcb, 0xc6, 0x6c, 0xd7, 0x4c, 0xd7, 0x4c, 0xd7, 0x4c, 0xd7, 0x4c, 0xcf, 0x4c, 0xcf, 0x4c, 0xcf, 0x4c, 0xcf, 0x4c, 0xcf, 0x4c, 0xcf, 0x4c, 0xcf,
  0x4c, 0xcf, 0x4c, 0xcf, 0x4c, 0xcf, 0x4d, 0xcf, 0x4d, 0xc7, 0x4d, 0xc7, 0x4d, 0xc7, 0x4d, 0xc7, 0x4d, 0xc7, 0x4d, 0xc7, 0x4d, 0xc7, 0x4d, 0xc7, 0x4d, 0xc7, 0x4d, 0xc7, 0x4d, 0xc7, 0x4d, 0xc7,
  0x4d, 0xbf, 0x4e, 0xbf, 0x6e, 0xbf, 0x6e, 0xbf, 0x6e, 0xbf, 0x6e, 0xbf, 0x6e, 0xbf, 0x6e, 0xbf, 0x6e, 0xbf, 0x6e, 0xbf, 0x4e, 0xbf, 0x4e, 0xb7, 0x4e, 0xb7, 0x6e, 0xb7, 0x6e, 0xb7, 0x6e, 0xb7,
  0x6f, 0xb7, 0x6f, 0xb7, 0x6f, 0xb7, 0x6f, 0xb7, 0x6f, 0xb7, 0x6f, 0xb7, 0x6f, 0xaf, 0x6f, 0xaf, 0x6f, 0xaf, 0x6f, 0xaf, 0x6f, 0xaf, 0x6f, 0xaf, 0x6f, 0xaf, 0x6f, 0xaf, 0x6f, 0xaf, 0x70, 0xaf,
  0x70, 0xaf, 0x70, 0xa7, 0x70, 0xa7, 0x70, 0xa7, 0x70, 0xa7, 0x70, 0xa7, 0x70, 0xa7, 0x70, 0xa7, 0x70, 0xa7, 0x70, 0xa7, 0x70, 0xa7, 0x70, 0xa7, 0x70, 0xa7, 0x71, 0x9f, 0x71, 0x9f, 0x71, 0x9f,
  0x71, 0x9f, 0x71, 0x9f, 0x71, 0x9f, 0x71, 0x9f, 0x71, 0x9f, 0x91, 0x9f, 0x91, 0x9f, 0x91, 0x9f, 0x91, 0x97, 0x91, 0x97, 0x91, 0x97, 0x91, 0x97, 0x92, 0x97, 0x72, 0x97, 0x72, 0x97, 0x92, 0x97,
  0x92, 0x97, 0x92, 0x97, 0x92, 0x8f, 0x92, 0x8f, 0x92, 0x8f, 0x92, 0x8f, 0x92, 0x8f, 0x92, 0x8f, 0x92, 0x8f, 0x92, 0x8f, 0x93, 0x8f, 0x93, 0x8f, 0x93, 0x8f, 0x93, 0x8f, 0x93, 0x87, 0x93, 0x87,
  0x93, 0x87, 0x93, 0x87, 0x93, 0x87, 0x93, 0x87, 0x93, 0x87, 0x93, 0x87, 0x93, 0x87, 0x93, 0x87, 0x94, 0x87, 0x94, 0x7f, 0x94, 0x7f, 0x94, 0x7f, 0x94, 0x7f, 0x94, 0x7f, 0x94, 0x7f, 0x94, 0x7f,
  0x94, 0x7f, 0x94, 0x7f, 0x94, 0x7f, 0x94, 0x7f, 0x94, 0x77, 0x94, 0x77, 0x94, 0x77, 0x95, 0x77, 0xb5, 0x77, 0xb5, 0x77, 0xb5, 0x77, 0xb5, 0x77, 0xb5, 0x77, 0xf7, 0x7f, 0x63, 0x11, 0x8a, 0x10,
  0xf5, 0x21, 0xf5, 0x21, 0xf5, 0x21, 0xf6, 0x21, 0xf6, 0x21, 0xf6, 0x21, 0xf6, 0x21, 0xf6, 0x21, 0xf6, 0x21, 0xf6, 0x21, 0xb7, 0x3a, 0x16, 0x2a, 0xf6, 0x21, 0xf6, 0x21, 0xd6, 0x21, 0x0a, 0x11,
  0xe3, 0x10, 0x10, 0x3c, 0x59, 0x5e, 0x9a, 0x66, 0x9a, 0x66, 0x9a, 0x66, 0x9a, 0x66, 0x9a, 0x66, 0x9a, 0x66, 0x9a, 0x66, 0x9a, 0x66, 0x9a, 0x66, 0x9a, 0x66, 0x9a, 0x66, 0x9a, 0x66, 0x9a, 0x66,
  0x9a, 0x66, 0x9a, 0x66, 0x9a, 0x66, 0x9a, 0x66, 0x9a, 0x66, 0x9a, 0x66, 0x9a, 0x66, 0x9a, 0x66, 0x9a, 0x66, 0x9a, 0x66, 0x9a, 0x66, 0x9a, 0x66, 0x9a, 0x66, 0x9a, 0x66, 0x9a, 0x66, 0x9a, 0x66,
  0x9a, 0x66, 0x9a, 0x66, 0x9a, 0x66, 0x9a, 0x66, 0x55, 0x55, 0x69, 0x22, 0xe5, 0x10, 0x2e, 0x19, 0x09, 0x42, 0x19, 0x8e, 0x3f, 0x9f, 0x1e, 0x9f, 0x1e, 0x9f, 0x1e, 0x9f, 0x1e, 0x9f, 0xfe, 0x9e,
  0xfe, 0x96, 0xfe, 0x96, 0xfe, 0x96, 0xfe, 0x96, 0xfe, 0x96, 0xfe, 0x96, 0xfe, 0x96, 0xfe, 0x96, 0xfe, 0x96, 0xde, 0x96, 0xdf, 0x96, 0xdf, 0x8e, 0xdf, 0x8e, 0xdf, 0x8e, 0xdf, 0x8e, 0xdf, 0x8e,
  0xdf, 0x8e, 0xdf, 0x8e, 0xdf, 0x8e, 0xdf, 0x8e, 0xbf, 0x86, 0xbf, 0x86, 0xbf, 0x86, 0xbf, 0x86, 0xbf, 0x86, 0xbf, 0x86, 0xbf, 0x86, 0xbf, 0x86, 0x9f, 0x86, 0xbf, 0x86, 0xbf, 0x86, 0x9f, 0x7e,
  0x9f, 0x7e, 0x9f, 0x7e, 0x9f, 0x7e, 0x9f, 0x7e, 0x9f, 0x7e, 0x9f, 0x7e, 0x7f, 0x7e, 0x7f, 0x7e, 0x7f, 0x7e, 0x7f, 0x76, 0x7f, 0x76, 0x7f, 0x76, 0x7f, 0x76, 0x7f, 0x76, 0x7f, 0x76, 0x7f, 0x76,
  0x7f, 0x76, 0x5f, 0x76, 0x5f, 0x6e, 0x5f, 0x6e, 0x5f, 0x6e, 0x5f, 0x6e, 0x5f, 0x6e, 0x5f, 0x6e, 0x5f, 0x6e, 0x5f, 0x6e, 0x5f, 0x6e, 0x3f, 0x6e, 0x3f, 0x66, 0x3f, 0x66, 0x3f, 0x66, 0x3f, 0x66,
  0x3f, 0x66, 0x3f, 0x66, 0x3f, 0x66, 0x1f, 0x66, 0x1f, 0x66, 0x1f, 0x5e, 0x1f, 0x5e, 0x1f, 0x5e, 0x1f, 0x5e, 0x1f, 0x5e, 0x1f, 0x5e, 0x1f, 0x5e, 0xff, 0x5d, 0xff, 0x5d, 0xff, 0x55, 0xff, 0x55,
  0xff, 0x55, 0xff, 0x55, 0xff, 0x55, 0xff, 0x55, 0xff, 0x55, 0xff, 0x55, 0xdf, 0x55, 0xdf, 0x4d, 0xdf, 0x4d, 0xdf, 0x4d, 0xdf, 0x4d, 0xdf, 0x4d, 0xdf, 0x4d, 0xdf, 0x4d, 0xdf, 0x4d, 0xbf, 0x4d,
  0xbf, 0x45, 0xbf, 0x45, 0xbf, 0x45, 0xbf, 0x45, 0x9f, 0x45, 0x9f, 0x45, 0x9f, 0x45, 0xdf, 0x45, 0x90, 0x32, 0x4e, 0x2c, 0xfd, 0x37, 0xdb, 0x37, 0xfb, 0x37, 0x18, 0x2f, 0x2b, 0x13, 0x0b, 0x11,
  0x71, 0x19, 0x71, 0x19, 0xe9, 0x10, 0x66, 0x63, 0xcb, 0xc6, 0x6c, 0xd7, 0x4c, 0xd7, 0x4c, 0xcf, 0x4c, 0xcf, 0x4c, 0xcf, 0x4c, 0xcf, 0x4c, 0xcf, 0x4c, 0xcf, 0x4c, 0xcf, 0x4c, 0xcf, 0x4c, 0xcf,
  0x4c, 0xcf, 0x4d, 0xcf, 0x4d, 0xc7, 0x4d, 0xc7, 0x4d, 0xc7, 0x4d, 0xc7, 0x4d, 0xc7, 0x4d, 0xc7, 0x4d, 0xc7, 0x4d, 0xc7, 0x4d, 0xc7, 0x4d, 0xc7, 0x4d, 0xc7, 0x4d, 0xbf, 0x4d, 0xbf, 0x4e, 0xbf,
  0x6e, 0xbf, 0x6e, 0xbf, 0x6e, 0xbf, 0x6e, 0xbf, 0x6e, 0xbf, 0x6e, 0xbf, 0x6e, 0xbf, 0x6e, 0xbf, 0x4e, 0xb7, 0x4e, 0xb7, 0x6e, 0xb7, 0x6e, 0xb7, 0x6e, 0xb7, 0x6e, 0xb7, 0x6f, 0xb7, 0x6f, 0xb7,
  0x6f, 0xb7, 0x6f, 0xb7, 0x6f, 0xb7, 0x6f, 0xb7, 0x6f, 0xaf, 0x6f, 0xaf, 0x6f, 0xaf, 0x6f, 0xaf, 0x6f, 0xaf, 0x6f, 0xaf, 0x6f, 0xaf, 0x6f, 0xaf, 0x70, 0xaf, 0x70, 0xaf, 0x70, 0xaf, 0x70, 0xa7,
  0x70, 0xa7, 0x70, 0xa7, 0x70, 0xa7, 0x70, 0xa7, 0x70, 0xa7, 0x70, 0xa7, 0x70, 0xa7, 0x70, 0xa7, 0x70, 0xa7, 0x70, 0xa7, 0x71, 0x9f, 0x71, 0x9f, 0x71, 0x9f, 0x71, 0x9f, 0x71, 0x9f, 0x71, 0x9f,
  0x71, 0x9f, 0x71, 0x9f, 0x91, 0x9f, 0x91, 0x9f, 0x91, 0x9f, 0x91, 0x97, 0x91, 0x97, 0x91, 0x97, 0x91, 0x97, 0x92, 0x97, 0x72, 0x97, 0x72, 0x97, 0x72, 0x97, 0x92, 0x97, 0x92, 0x97, 0x92, 0x97,
  0x92, 0x8f, 0x92, 0x8f, 0x92, 0x8f, 0x92, 0x8f, 0x92, 0x8f, 0x92, 0x8f, 0x92, 0x8f, 0x93, 0x8f, 0x93, 0x8f, 0x93, 0x8f, 0x93, 0x8f, 0x93, 0x87, 0x93, 0x87, 0x93, 0x87, 0x93, 0x87, 0x93, 0x87,
  0x93, 0x87, 0x93, 0x87, 0x93, 0x87, 0x93, 0x87, 0x93, 0x87, 0x94, 0x87, 0x94, 0x7f, 0x94, 0x7f, 0x94, 0x7f, 0x94, 0x7f, 0x94, 0x7f, 0x94, 0x7f, 0x94, 0x7f, 0x94, 0x7f, 0x94, 0x7f, 0x94, 0x7f,
  0x94, 0x7f, 0x94, 0x7f, 0x94, 0x77, 0x94, 0x77, 0x95, 0x77, 0xb5, 0x77, 0xb5, 0x77, 0xb5, 0x77, 0xb5, 0x77, 0xb5, 0x77, 0xb5, 0x77, 0xb5, 0x77, 0x95, 0x77, 0xf7, 0x7f, 0x63, 0x11, 0x89, 0x10,
  0xf5, 0x21, 0xf5, 0x21, 0xf6, 0x21, 0xb4, 0x21, 0x0c, 0x11, 0xcc, 0x08, 0xcc, 0x08, 0xcc, 0x08, 0xcc, 0x08, 0xac, 0x08, 0x2d, 0x19, 0xcc, 0x10, 0xac, 0x08, 0xcc, 0x08, 0xcc, 0x08, 0xab, 0x08,
  0x27, 0x00, 0xa5, 0x08, 0x46, 0x11, 0x67, 0x11, 0x67, 0x11, 0x67, 0x11, 0x67, 0x11, 0x67, 0x11, 0x67, 0x11, 0x67, 0x11, 0x67, 0x11, 0x67, 0x11, 0x67, 0x11, 0x67, 0x11, 0x67, 0x11, 0x67, 0x11,
  0x67, 0x11, 0x67, 0x11, 0x67, 0x11, 0x67, 0x11, 0x67, 0x11, 0x67, 0x11, 0x67, 0x11, 0x67, 0x11, 0x67, 0x11, 0x67, 0x11, 0x67, 0x11, 0x67, 0x11, 0x67, 0x11, 0x67, 0x11, 0x67, 0x11, 0x67, 0x11,
  0x67, 0x11, 0x67, 0x11, 0x67, 0x11, 0x67, 0x11, 0xe5, 0x10, 0x65, 0x00, 0x48, 0x08, 0xaa, 0x10, 0xa3, 0x18, 0xe8, 0x31, 0x6a, 0x3a, 0x4a, 0x3a, 0x4a, 0x3a, 0x4a, 0x3a, 0x4a, 0x3a, 0x4a, 0x3a,
  0x4a, 0x3a, 0x4a, 0x32, 0x4a, 0x32, 0x4a, 0x32, 0x4a, 0x32, 0x4a, 0x32, 0x4a, 0x32, 0x2a, 0x32, 0x2a, 0x32, 0x2a, 0x32, 0x2a, 0x32, 0x2a, 0x32, 0x2a, 0x32, 0x2a, 0x32, 0x2a, 0x32, 0x2a, 0x32,
  0x2a, 0x32, 0x2a, 0x32, 0x2a, 0x32, 0x2a, 0x32, 0x2a, 0x32, 0x2a, 0x32, 0x2a, 0x32, 0x2a, 0x32, 0x2a, 0x32, 0x2a, 0x32, 0x2a, 0x32, 0x2a, 0x32, 0x2a, 0x32, 0x2a, 0x32, 0x2a, 0x32, 0x2a, 0x32,
  0x2a, 0x32, 0x2a, 0x32, 0x2a, 0x2a, 0x2a, 0x2a, 0x2a, 0x2a, 0x2a, 0x2a, 0x2a, 0x2a, 0x0a, 0x2a, 0x0a, 0x2a, 0x0a, 0x2a, 0x0a, 0x2a, 0x0a, 0x2a, 0x0a, 0x2a, 0x0a, 0x2a, 0x0a, 0x2a, 0x0a, 0x2a,
  0x0a, 0x2a, 0x0a, 0x2a, 0x0a, 0x2a, 0x0a, 0x2a, 0x0a, 0x2a, 0x0b, 0x2a, 0x0a, 0x2a, 0x0a, 0x2a, 0x0b, 0x2a, 0x0b, 0x2a, 0x0a, 0x2a, 0x0a, 0x2a, 0x0b, 0x2a, 0x0b, 0x2a, 0x0b, 0x2a, 0x0b, 0x2a,
  0xeb, 0x29, 0xeb, 0x21, 0xeb, 0x21, 0xeb, 0x21, 0xeb, 0x21, 0xeb, 0x21, 0xeb, 0x21, 0xeb, 0x21, 0xeb, 0x21, 0xeb, 0x21, 0xeb, 0x21, 0xeb, 0x21, 0xeb, 0x21, 0xeb, 0x21, 0xeb, 0x21, 0xeb, 0x21,
  0xeb, 0x21, 0xeb, 0x21, 0xeb, 0x21, 0xeb, 0x21, 0xeb, 0x21, 0xeb, 0x21, 0xeb, 0x21, 0xeb, 0x21, 0xcb, 0x21, 0xcb, 0x21, 0xcb, 0x19, 0xcb, 0x19, 0xcb, 0x19, 0xcb, 0x19, 0xcb, 0x19, 0xcb, 0x19,
  0xcb, 0x19, 0xcb, 0x19, 0xcb, 0x19, 0xcb, 0x19, 0xcb, 0x19, 0xcb, 0x19, 0xcb, 0x19, 0xec, 0x19, 0xa4, 0x18, 0x6f, 0x24, 0xfd, 0x37, 0xfb, 0x37, 0xfb, 0x37, 0x18, 0x2f, 0x2b, 0x13, 0x0b, 0x11,
  0x71, 0x19, 0x71, 0x19, 0xe8, 0x10, 0x86, 0x63, 0xcb, 0xc6, 0x6c, 0xd7, 0x4c, 0xcf, 0x4c, 0xcf, 0x4c, 0xcf, 0x4c, 0xcf, 0x4c, 0xcf, 0x4c, 0xcf, 0x4c, 0xcf, 0x4c, 0xcf, 0x4d, 0xcf, 0x4d, 0xc7,
  0x4d, 0xc7, 0x4d, 0xc7, 0x4d, 0xc7, 0x4d, 0xc7, 0x4d, 0xc7, 0x4d, 0xc7, 0x4d, 0xc7, 0x4d, 0xc7, 0x4d, 0xc7, 0x4d, 0xc7, 0x4d, 0xc7, 0x4d, 0xbf, 0x4e, 0xbf, 0x6e, 0xbf, 0x6e, 0xbf, 0x6e, 0xbf,
  0x6e, 0xbf, 0x6e, 0xbf, 0x6e, 0xbf, 0x6e, 0xbf, 0x6e, 0xbf, 0x4e, 0xbf, 0x4e, 0xb7, 0x4e, 0xb7, 0x6e, 0xb7, 0x6e, 0xb7, 0x6e, 0xb7, 0x6e, 0xb7, 0x6f, 0xb7, 0x6f, 0xb7, 0x6f, 0xb7, 0x6f, 0xb7,
  0x6f, 0xb7, 0x6f, 0xaf, 0x6f, 0xaf, 0x6f, 0xaf, 0x6f, 0xaf, 0x6f, 0xaf, 0x6f, 0xaf, 0x6f, 0xaf, 0x6f, 0xaf, 0x6f, 0xaf, 0x70, 0xaf, 0x70, 0xaf, 0x70, 0xa7, 0x70, 0xa7, 0x70, 0xa7, 0x70, 0xa7,
  0x70, 0xa7, 0x70, 0xa7, 0x70, 0xa7, 0x70, 0xa7, 0x70, 0xa7, 0x70, 0xa7, 0x70, 0xa7, 0x70, 0xa7, 0x71, 0x9f, 0x71, 0x9f, 0x71, 0x9f, 0x71, 0x9f, 0x71, 0x9f, 0x71, 0x9f, 0x71, 0x9f, 0x71, 0x9f,
  0x91, 0x9f, 0x91, 0x9f, 0x91, 0x9f, 0x91, 0x97, 0x91, 0x97, 0x91, 0x97, 0x91, 0x97, 0x92, 0x97, 0x72, 0x97, 0x72, 0x97, 0x92, 0x97, 0x92, 0x97, 0x92, 0x97, 0x92, 0x8f, 0x92, 0x8f, 0x92, 0x8f,
  0x92, 0x8f, 0x92, 0x8f, 0x92, 0x8f, 0x92, 0x8f, 0x92, 0x8f, 0x93, 0x8f, 0x93, 0x8f, 0x93, 0x8f, 0x93, 0x8f, 0x93, 0x87, 0x93, 0x87, 0x93, 0x87, 0x93, 0x87, 0x93, 0x87, 0x93, 0x87, 0x93, 0x87,
  0x93, 0x87, 0x93, 0x87, 0x93, 0x87, 0x94, 0x87, 0x94, 0x7f, 0x94, 0x7f, 0x94, 0x7f, 0x94, 0x7f, 0x94, 0x7f, 0x94, 0x7f, 0x94, 0x7f, 0x94, 0x7f, 0x94, 0x7f, 0x94, 0x7f, 0x94, 0x7f, 0x94, 0x77,
  0x94, 0x77, 0x94, 0x77, 0x95, 0x77, 0xb5, 0x77, 0xb5, 0x77, 0xb5, 0x77, 0xb5, 0x77, 0xb5, 0x77, 0xb5, 0x77, 0xb5, 0x77, 0x95, 0x6f, 0x95, 0x6f, 0xb5, 0x6f, 0xf7, 0x77, 0x63, 0x11, 0x89, 0x10,
  0xf5, 0x21, 0xd5, 0x21, 0xf6, 0x21, 0x71, 0x19, 0x61, 0x08, 0x6b, 0x4b, 0x2a, 0x4b, 0x2a, 0x4b, 0x2a, 0x43, 0x2a, 0x43, 0x2a, 0x4b, 0x2a, 0x43, 0x2b, 0x43, 0x2a, 0x43, 0x2b, 0x43, 0x2b, 0x43,
  0x2b, 0x43, 0x0a, 0x43, 0x0a, 0x43, 0x0a, 0x43, 0x0a, 0x43, 0x0a, 0x43, 0x0a, 0x43, 0x0a, 0x43, 0x0a, 0x43, 0x0a, 0x43, 0x0a, 0x43, 0x0a, 0x43, 0x0a, 0x43, 0x0a, 0x43, 0x0a, 0x43, 0x0a, 0x43,
  0x0a, 0x43, 0x0a, 0x43, 0x0a, 0x43, 0x0a, 0x43, 0x0a, 0x43, 0x0a, 0x43, 0x0a, 0x43, 0x0a, 0x43, 0x0a, 0x43, 0x0a, 0x43, 0x0a, 0x43, 0x0a, 0x43, 0x0a, 0x43, 0x0a, 0x43, 0x0a, 0x43, 0x0a, 0x43,
  0x0a, 0x43, 0x0a, 0x43, 0x0a, 0x43, 0x0a, 0x3b, 0x0a, 0x3b, 0x2b, 0x43, 0x2b, 0x43, 0x2b, 0x43, 0x2a, 0x43, 0x2b, 0x43, 0x2b, 0x43, 0x2b, 0x43, 0x2b, 0x43, 0x2b, 0x43, 0x2b, 0x43, 0x2b, 0x43,
  0x2b, 0x43, 0x2b, 0x3b, 0x2b, 0x3b, 0x2b, 0x3b, 0x2b, 0x3b, 0x2b, 0x43, 0x2b, 0x3b, 0x2b, 0x3b, 0x2b, 0x3b, 0x2b, 0x3b, 0x2b, 0x3b, 0x2b, 0x3b, 0x2b, 0x3b, 0x2b, 0x3b, 0x2b, 0x3b, 0x2b, 0x3b,
  0x2b, 0x3b, 0x2b, 0x3b, 0x2b, 0x3b, 0x2b, 0x3b, 0x2b, 0x3b, 0x2b, 0x3b, 0x2b, 0x3b, 0x2b, 0x3b, 0x2b, 0x3b, 0x2b, 0x3b, 0x2b, 0x3b, 0x2b, 0x3b, 0x2b, 0x3b, 0x2b, 0x3b, 0x2b, 0x3b, 0x2b, 0x3b,
  0x2b, 0x3b, 0x2b, 0x3b, 0x2b, 0x3b, 0x2b, 0x3b, 0x2b, 0x3b, 0x2b, 0x3b, 0x2b, 0x3b, 0x2b, 0x3b, 0x2b, 0x3b, 0x2b, 0x3b, 0x2b, 0x3b, 0x2c, 0x3b, 0x2c, 0x3b, 0x2c, 0x3b, 0x2c, 0x3b, 0x2c, 0x3b,
  0x2c, 0x33, 0x2c, 0x33, 0x2c, 0x33, 0x2c, 0x33, 0x2c, 0x33, 0x2c, 0x33, 0x2c, 0x33, 0x0c, 0x33, 0x0c, 0x33, 0x0c, 0x33, 0x0c, 0x33, 0x0c, 0x33, 0x0c, 0x33, 0x0c, 0x33, 0x0c, 0x33, 0x0c, 0x33,
  0x0c, 0x33, 0x0c, 0x33, 0x0c, 0x33, 0x0c, 0x33, 0x0c, 0x33, 0x0c, 0x33, 0x0c, 0x33, 0x0c, 0x33, 0x0c, 0x33, 0x0c, 0x33, 0x0c, 0x33, 0x0c, 0x33, 0x0c, 0x33, 0x0c, 0x33, 0x0c, 0x33, 0x0c, 0x33,
  0x0c, 0x33, 0x0c, 0x33, 0x0c, 0x33, 0x0c, 0x33, 0x0c, 0x33, 0x0c, 0x33, 0x0c, 0x33, 0x0c, 0x33, 0x0c, 0x33, 0x0c, 0x33, 0x0c, 0x33, 0x0c, 0x33, 0x0c, 0x33, 0x0c, 0x33, 0x0c, 0x33, 0x0c, 0x2b,
  0x0c, 0x2b, 0x0c, 0x2b, 0x0d, 0x2b, 0x0d, 0x2b, 0x0d, 0x2b, 0x0d, 0x2b, 0x0c, 0x2b, 0x4e, 0x33, 0x45, 0x11, 0x81, 0x08, 0x52, 0x25, 0xfd, 0x37, 0xfc, 0x37, 0x18, 0x2f, 0x2b, 0x13, 0x0b, 0x11,
  0x71, 0x19, 0x71, 0x19, 0xe8, 0x10, 0x86, 0x63, 0xcb, 0xbe, 0x6c, 0xd7, 0x4c, 0xcf, 0x4c, 0xcf, 0x4c, 0xcf, 0x4c, 0xcf, 0x4c, 0xcf, 0x4c, 0xcf, 0x4d, 0xcf, 0x4d, 0xc7, 0x4d, 0xc7, 0x4d, 0xc7,
  0x4d, 0xc7, 0x4d, 0xc7, 0x4d, 0xc7, 0x4d, 0xc7, 0x4d, 0xc7, 0x4d, 0xc7, 0x4d, 0xc7, 0x4d, 0xc7, 0x4d, 0xbf, 0x4d, 0xbf, 0x4e, 0xbf, 0x6e, 0xbf, 0x6e, 0xbf, 0x6e, 0xbf, 0x6e, 0xbf, 0x6e, 0xbf,
  0x6e, 0xbf, 0x6e, 0xbf, 0x6e, 0xbf, 0x4e, 0xb7, 0x4e, 0xb7, 0x6e, 0xb7, 0x6e, 0xb7, 0x6e, 0xb7, 0x6e, 0xb7, 0x6f, 0xb7, 0x6f, 0xb7, 0x6f, 0xb7, 0x6f, 0xb7, 0x6f, 0xb7, 0x6f, 0xb7, 0x6f, 0xaf,
  0x6f, 0xaf, 0x6f, 0xaf, 0x6f, 0xaf, 0x6f, 0xaf, 0x6f, 0xaf, 0x6f, 0xaf, 0x6f, 0xaf, 0x70, 0xaf, 0x70, 0xaf, 0x70, 0xaf, 0x70, 0xa7, 0x70, 0xa7, 0x70, 0xa7, 0x70, 0xa7, 0x70, 0xa7, 0x70, 0xa7,
  0x70, 0xa7, 0x70, 0xa7, 0x70, 0xa7, 0x70, 0xa7, 0x70, 0xa7, 0x71, 0x9f, 0x71, 0x9f, 0x71, 0x9f, 0x71, 0x9f, 0x71, 0x9f, 0x71, 0x9f, 0x71, 0x9f, 0x71, 0x9f, 0x91, 0x9f, 0x91, 0x9f, 0x91, 0x9f,
  0x91, 0x9f, 0x91, 0x97, 0x91, 0x97, 0x91, 0x97, 0x92, 0x97, 0x92, 0x97, 0x72, 0x97, 0x72, 0x97, 0x92, 0x97, 0x92, 0x97, 0x92, 0x97, 0x92, 0x8f, 0x92, 0x8f, 0x92, 0x8f, 0x92, 0x8f, 0x92, 0x8f,
  0x92, 0x8f, 0x92, 0x8f, 0x93, 0x8f, 0x93, 0x8f, 0x93, 0x8f, 0x93, 0x8f, 0x93, 0x87, 0x93, 0x87, 0x93, 0x87, 0x93, 0x87, 0x93, 0x87, 0x93, 0x87, 0x93, 0x87, 0x93, 0x87, 0x93, 0x87, 0x93, 0x87,
  0x94, 0x87, 0x94, 0x7f, 0x94, 0x7f, 0x94, 0x7f, 0x94, 0x7f, 0x94, 0x7f, 0x94, 0x7f, 0x94, 0x7f, 0x94, 0x7f, 0x94, 0x7f, 0x94, 0x7f, 0x94, 0x7f, 0x94, 0x7f, 0x94, 0x77, 0x94, 0x77, 0x95, 0x77,
  0xb5, 0x77, 0xb5, 0x77, 0xb5, 0x77, 0xb5, 0x77, 0xb5, 0x77, 0xb5, 0x77, 0xb5, 0x77, 0x95, 0x77, 0x95, 0x6f, 0x95, 0x6f, 0xb5, 0x6f, 0xb5, 0x6f, 0xb5, 0x6f, 0xf7, 0x77, 0x63, 0x11, 0x89, 0x10,
  0xd5, 0x21, 0xd5, 0x21, 0xf6, 0x21, 0x50, 0x19, 0xe2, 0x18, 0xf9, 0xbf, 0x97, 0xaf, 0x97, 0xaf, 0x97, 0xa7, 0x97, 0xaf, 0x97, 0xa7, 0x97, 0xa7, 0x97, 0xa7, 0x97, 0xa7, 0x97, 0xa7, 0x97, 0xa7,
  0x97, 0xa7, 0x97, 0xa7, 0x97, 0xa7, 0x97, 0xa7, 0x98, 0xa7, 0x98, 0xa7, 0x98, 0xa7, 0x98, 0xa7, 0x98, 0xa7, 0x98, 0xa7, 0x98, 0xa7, 0x98, 0xa7, 0x98, 0xa7, 0x98, 0xa7, 0x98, 0x9f, 0x98, 0x9f,
  0x98, 0x9f, 0x98, 0x9f, 0x98, 0x9f, 0x98, 0x9f, 0x78, 0x9f, 0x78, 0x9f, 0x78, 0x9f, 0x78, 0x9f, 0x78, 0x9f, 0x78, 0x9f, 0x78, 0x9f, 0x78, 0x9f, 0x78, 0x9f, 0x79, 0x9f, 0x79, 0x9f, 0x79, 0x9f,
  0x79, 0x9f, 0x79, 0x97, 0x79, 0x9f, 0x79, 0x97, 0x99, 0x97, 0x99, 0x97, 0x99, 0x97, 0x99, 0x97, 0x79, 0x97, 0x79, 0x97, 0x79, 0x97, 0x79, 0x97, 0x79, 0x97, 0x79, 0x97, 0x79, 0x97, 0x79, 0x97,
  0x79, 0x97, 0x79, 0x97, 0x79, 0x97, 0x79, 0x8f, 0x79, 0x8f, 0x79, 0x8f, 0x79, 0x8f, 0x7a, 0x8f, 0x7a, 0x8f, 0x7a, 0x8f, 0x7a, 0x8f, 0x7a, 0x8f, 0x7a, 0x8f, 0x7a, 0x8f, 0x7a, 0x8f, 0x7a, 0x8f,
  0x7a, 0x8f, 0x7a, 0x8f, 0x7a, 0x8f, 0x7a, 0x8f, 0x7a, 0x8f, 0x7a, 0x8f, 0x7a, 0x8f, 0x7a, 0x8f, 0x7a, 0x8f, 0x7a, 0x87, 0x7a, 0x87, 0x7a, 0x87, 0x7a, 0x87, 0x7b, 0x87, 0x7b, 0x87, 0x7b, 0x87,
  0x7b, 0x87, 0x7b, 0x87, 0x7b, 0x87, 0x7b, 0x87, 0x7b, 0x87, 0x7b, 0x87, 0x7b, 0x87, 0x7b, 0x87, 0x7b, 0x87, 0x7b, 0x87, 0x7b, 0x87, 0x7b, 0x7f, 0x7b, 0x7f, 0x7b, 0x7f, 0x7b, 0x7f, 0x7b, 0x7f,
  0x7b, 0x7f, 0x7b, 0x7f, 0x7b, 0x7f, 0x7b, 0x7f, 0x7b, 0x7f, 0x7b, 0x7f, 0x7b, 0x7f, 0x5c, 0x7f, 0x5c, 0x7f, 0x5c, 0x7f, 0x5c, 0x7f, 0x5c, 0x7f, 0x5c, 0x7f, 0x5c, 0x7f, 0x5c, 0x77, 0x5c, 0x7f,
  0x5c, 0x7f, 0x5c, 0x77, 0x5c, 0x77, 0x5c, 0x77, 0x5c, 0x77, 0x5c, 0x77, 0x5c, 0x77, 0x5c, 0x77, 0x5c, 0x77, 0x5c, 0x77, 0x5c, 0x77, 0x5c, 0x77, 0x5c, 0x77, 0x5d, 0x77, 0x5d, 0x77, 0x5d, 0x77,
  0x5d, 0x77, 0x5d, 0x77, 0x5d, 0x77, 0x5d, 0x77, 0x5d, 0x6f, 0x5d, 0x6f, 0x5d, 0x6f, 0x5d, 0x6f, 0x5d, 0x6f, 0x5d, 0x6f, 0x5d, 0x6f, 0x5d, 0x6f, 0x5d, 0x6f, 0x5d, 0x6f, 0x5d, 0x6f, 0x5d, 0x6f,
  0x5d, 0x6f, 0x5d, 0x6f, 0x5e, 0x6f, 0x5e, 0x6f, 0x5d, 0x6f, 0x5e, 0x6f, 0x5e, 0x6f, 0xdf, 0x6f, 0x2d, 0x2b, 0xa2, 0x39, 0xa5, 0x3a, 0x12, 0x25, 0xfd, 0x37, 0x18, 0x2f, 0x2b, 0x13, 0x0a, 0x11,
  0x51, 0x19, 0x51, 0x19, 0xe8, 0x10, 0x86, 0x63, 0xcb, 0xbe, 0x6c, 0xcf, 0x4c, 0xcf, 0x4c, 0xcf, 0x4c, 0xcf, 0x4d, 0xcf, 0x4d, 0xc7, 0x4d, 0xc7, 0x4d, 0xc7, 0x4d, 0xc7, 0x4d, 0xc7, 0x4d, 0xc7,
  0x4d, 0xc7, 0x4d, 0xc7, 0x4d, 0xc7, 0x4d, 0xc7, 0x4d, 0xc7, 0x4d, 0xc7, 0x4d, 0xbf, 0x4d, 0xbf, 0x6e, 0xbf, 0x6e, 0xbf, 0x6e, 0xbf, 0x6e, 0xbf, 0x6e, 0xbf, 0x6e, 0xbf, 0x6e, 0xbf, 0x6e, 0xbf,
  0x4e, 0xbf, 0x4e, 0xb7, 0x4e, 0xb7, 0x6e, 0xb7, 0x6e, 0xb7, 0x6e, 0xb7, 0x6e, 0xb7, 0x6f, 0xb7, 0x6f, 0xb7, 0x6f, 0xb7, 0x6f, 0xb7, 0x6f, 0xb7, 0x6f, 0xaf, 0x6f, 0xaf, 0x6f, 0xaf, 0x6f, 0xaf,
  0x6f, 0xaf, 0x6f, 0xaf, 0x6f, 0xaf, 0x6f, 0xaf, 0x6f, 0xaf, 0x70, 0xaf, 0x70, 0xaf, 0x70, 0xa7, 0x70, 0xa7, 0x70, 0xa7, 0x70, 0xa7, 0x70, 0xa7, 0x70, 0xa7, 0x70, 0xa7, 0x70, 0xa7, 0x70, 0xa7,
  0x70, 0xa7, 0x70, 0xa7, 0x70, 0xa7, 0x71, 0x9f, 0x71, 0x9f, 0x71, 0x9f, 0x71, 0x9f, 0x71, 0x9f, 0x71, 0x9f, 0x71, 0x9f, 0x71, 0x9f, 0x91, 0x9f, 0x91, 0x9f, 0x91, 0x9f, 0x91, 0x97, 0x91, 0x97,
  0x91, 0x97, 0x91, 0x97, 0x92, 0x97, 0x72, 0x97, 0x72, 0x97, 0x72, 0x97, 0x92, 0x97, 0x92, 0x97, 0x92, 0x8f, 0x92, 0x8f, 0x92, 0x8f, 0x92, 0x8f, 0x92, 0x8f, 0x92, 0x8f, 0x92, 0x8f, 0x92, 0x8f,
  0x93, 0x8f, 0x93, 0x8f, 0x93, 0x8f, 0x93, 0x8f, 0x93, 0x87, 0x93, 0x87, 0x93, 0x87, 0x93, 0x87, 0x93, 0x87, 0x93, 0x87, 0x93, 0x87, 0x93, 0x87, 0x93, 0x87, 0x93, 0x87, 0x94, 0x87, 0x94, 0x7f,
  0x94, 0x7f, 0x94, 0x7f, 0x94, 0x7f, 0x94, 0x7f, 0x94, 0x7f, 0x94, 0x7f, 0x94, 0x7f, 0x94, 0x7f, 0x94, 0x7f, 0x94, 0x7f, 0x94, 0x77, 0x94, 0x77, 0x94, 0x77, 0x95, 0x77, 0xb5, 0x77, 0xb5, 0x77,
  0xb5, 0x77, 0xb5, 0x77, 0xb5, 0x77, 0xb5, 0x77, 0xb5, 0x77, 0x95, 0x6f, 0x95, 0x6f, 0xb5, 0x6f, 0xb5, 0x6f, 0xb5, 0x6f, 0xb5, 0x6f, 0xb6, 0x6f, 0xb6, 0x6f, 0xf8, 0x77, 0x63, 0x11, 0x89, 0x10,
  0xd5, 0x21, 0xd5, 0x21, 0xf6, 0x21, 0x50, 0x19, 0x03, 0x19, 0xfb, 0xc7, 0xf9, 0xb7, 0xf9, 0xb7, 0xf9, 0xb7, 0xf9, 0xb7, 0xf9, 0xb7, 0xf9, 0xb7, 0xf9, 0xb7, 0xf9, 0xb7, 0xf9, 0xb7, 0xf9, 0xb7,
  0xf9, 0xaf, 0xf9, 0xb7, 0xf9, 0xaf, 0xf9, 0xaf, 0xf9, 0xaf, 0xf9, 0xaf, 0xf9, 0xaf, 0xf9, 0xaf, 0xf9, 0xaf, 0xf9, 0xaf, 0xf9, 0xaf, 0xf9, 0xaf, 0xfa, 0xaf, 0xfa, 0xaf, 0xfa, 0xaf, 0xfa, 0xaf,
  0xfa, 0xaf, 0xfa, 0xaf, 0xfa, 0xa7, 0xfa, 0xaf, 0xfa, 0xaf, 0xfa, 0xa7, 0xfa, 0xa7, 0xfa, 0xa7, 0xfa, 0xa7, 0xfa, 0xa7, 0xfa, 0xa7, 0xfa, 0xa7, 0xfa, 0xa7, 0xfa, 0xa7, 0xfa, 0xa7, 0xfa, 0xa7,
  0xfa, 0xa7, 0xfa, 0xa7, 0xfa, 0xa7, 0xfb, 0xa7, 0xfb, 0xa7, 0xfb, 0x9f, 0xfb, 0x9f, 0xfb, 0xa7, 0xfb, 0x9f, 0xfb, 0x9f, 0xfb, 0x9f, 0xfb, 0x9f, 0xfb, 0x9f, 0xfb, 0x9f, 0xfb, 0x9f, 0xfb, 0x9f,
  0xfb, 0x9f, 0xfb, 0x9f, 0xfb, 0x9f, 0xfb, 0x9f, 0xfb, 0x9f, 0xfb, 0x9f, 0xfb, 0x9f, 0xfb, 0x9f, 0xfb, 0x97, 0xfc, 0x97, 0xfc, 0x97, 0xfc, 0x97, 0xfc, 0x97, 0xfc, 0x97, 0xfc, 0x97, 0xfc, 0x97,
  0xfc, 0x97, 0xfc, 0x97, 0xfc, 0x97, 0xfc, 0x97, 0xfc, 0x97, 0xfc, 0x97, 0xfc, 0x97, 0xfc, 0x97, 0xfc, 0x97, 0xfc, 0x97, 0xfc, 0x97, 0xfc, 0x8f, 0xfc, 0x8f, 0xfc, 0x8f, 0xfc, 0x8f, 0xfc, 0x8f,
  0xfd, 0x8f, 0xfd, 0x8f, 0xfd, 0x8f, 0xfd, 0x8f, 0xfd, 0x8f, 0xfd, 0x8f, 0xfd, 0x8f, 0xfd, 0x8f, 0xfd, 0x8f, 0xfd, 0x8f, 0xfd, 0x8f, 0xfd, 0x8f, 0xfd, 0x8f, 0xfd, 0x8f, 0xfd, 0x87, 0xfd, 0x87,
  0xfd, 0x87, 0xfd, 0x87, 0xfd, 0x87, 0xfe, 0x87, 0xfd, 0x87, 0xfd, 0x87, 0xfd, 0x87, 0xde, 0x87, 0xfe, 0x87, 0xfe, 0x87, 0xfe, 0x87, 0xfe, 0x87, 0xfe, 0x87, 0xfe, 0x87, 0xfe, 0x87, 0xfe, 0x87,
  0xfe, 0x87, 0xfe, 0x7f, 0xfe, 0x7f, 0xfe, 0x7f, 0xfe, 0x7f, 0xfe, 0x7f, 0xfe, 0x7f, 0xfe, 0x7f, 0xfe, 0x7f, 0xfe, 0x7f, 0xff, 0x7f, 0xdf, 0x7f, 0xde, 0x7f, 0xdf, 0x7f, 0xdf, 0x7f, 0xdf, 0x7f,
  0xdf, 0x7f, 0xdf, 0x7f, 0xdf, 0x7f, 0xdf, 0x7f, 0xdf, 0x77, 0xdf, 0x77, 0xdf, 0x77, 0xdf, 0x77, 0xdf, 0x77, 0xdf, 0x77, 0xdf, 0x77, 0xdf, 0x77, 0xdf, 0x77, 0xdf, 0x77, 0xdf, 0x77, 0xdf, 0x77,
  0xdf, 0x77, 0xdf, 0x77, 0xdf, 0x77, 0xdf, 0x77, 0xdf, 0x77, 0xdf, 0x6f, 0xdf, 0x6f, 0xff, 0x77, 0x2e, 0x2b, 0x85, 0x63, 0xca, 0x9d, 0x24, 0x32, 0x32, 0x25, 0x7a, 0x2f, 0x2b, 0x13, 0x0b, 0x11,
  0x71, 0x21, 0x71, 0x19, 0xe8, 0x10, 0x86, 0x63, 0xcb, 0xbe, 0x6d, 0xcf, 0x4c, 0xcf, 0x4d, 0xcf, 0x4d, 0xc7, 0x4d, 0xc7, 0x4d, 0xc7, 0x4d, 0xc7, 0x4d, 0xc7, 0x4d, 0xc7, 0x4d, 0xc7, 0x4d, 0xc7,
  0x4d, 0xc7, 0x4d, 0xc7, 0x4d, 0xc7, 0x4d, 0xbf, 0x4d, 0xbf, 0x4e, 0xbf, 0x6e, 0xbf, 0x6e, 0xbf, 0x6e, 0xbf, 0x6e, 0xbf, 0x6e, 0xbf, 0x6e, 0xbf, 0x6e, 0xbf, 0x6e, 0xbf, 0x4e, 0xbf, 0x4e, 0xb7,
  0x6e, 0xb7, 0x6e, 0xb7, 0x6e, 0xb7, 0x6e, 0xb7, 0x6f, 0xb7, 0x6f, 0xb7, 0x6f, 0xb7, 0x6f, 0xb7, 0x6f, 0xb7, 0x6f, 0xb7, 0x6f, 0xaf, 0x6f, 0xaf, 0x6f, 0xaf, 0x6f, 0xaf, 0x6f, 0xaf, 0x6f, 0xaf,
  0x6f, 0xaf, 0x6f, 0xaf, 0x70, 0xaf, 0x70, 0xaf, 0x70, 0xaf, 0x70, 0xa7, 0x70, 0xa7, 0x70, 0xa7, 0x70, 0xa7, 0x70, 0xa7, 0x70, 0xa7, 0x70, 0xa7, 0x70, 0xa7, 0x70, 0xa7, 0x70, 0xa7, 0x70, 0xa7,
  0x71, 0x9f, 0x71, 0x9f, 0x71, 0x9f, 0x71, 0x9f, 0x71, 0x9f, 0x71, 0x9f, 0x71, 0x9f, 0x71, 0x9f, 0x91, 0x9f, 0x91, 0x9f, 0x91, 0x9f, 0x91, 0x9f, 0x91, 0x97, 0x91, 0x97, 0x91, 0x97, 0x92, 0x97,
  0x92, 0x97, 0x72, 0x97, 0x72, 0x97, 0x92, 0x97, 0x92, 0x97, 0x92, 0x97, 0x92, 0x8f, 0x92, 0x8f, 0x92, 0x8f, 0x92, 0x8f, 0x92, 0x8f, 0x92, 0x8f, 0x92, 0x8f, 0x93, 0x8f, 0x93, 0x8f, 0x93, 0x8f,
  0x93, 0x8f, 0x93, 0x87, 0x93, 0x87, 0x93, 0x87, 0x93, 0x87, 0x93, 0x87, 0x93, 0x87, 0x93, 0x87, 0x93, 0x87, 0x93, 0x87, 0x93, 0x87, 0x93, 0x87, 0x94, 0x7f, 0x94, 0x7f, 0x94, 0x7f, 0x94, 0x7f,
  0x94, 0x7f, 0x94, 0x7f, 0x94, 0x7f, 0x94, 0x7f, 0x94, 0x7f, 0x94, 0x7f, 0x94, 0x7f, 0x94, 0x7f, 0x94, 0x77, 0x94, 0x77, 0x94, 0x77, 0xb5, 0x77, 0xb5, 0x77, 0xb5, 0x77, 0xb5, 0x77, 0xb5, 0x77,
  0xb5, 0x77, 0xb5, 0x77, 0x95, 0x77, 0x95, 0x6f, 0x95, 0x6f, 0xb5, 0x6f, 0xb5, 0x6f, 0xb5, 0x6f, 0xb5, 0x6f, 0xb6, 0x6f, 0xb6, 0x6f, 0xb6, 0x6f, 0xb6, 0x6f, 0xf8, 0x77, 0x63, 0x11, 0xa9, 0x10,
  0x76, 0x3a, 0x76, 0x3a, 0x97, 0x3a, 0xd1, 0x29, 0x03, 0x19, 0xfa, 0xc7, 0xf8, 0xb7, 0xf8, 0xb7, 0xf8, 0xb7, 0xf8, 0xb7, 0xf8, 0xb7, 0xf8, 0xaf, 0xf9, 0xb7, 0xf9, 0xaf, 0xf8, 0xaf, 0xf9, 0xaf,
  0xf9, 0xaf, 0xf9, 0xaf, 0xf9, 0xaf, 0xf9, 0xaf, 0xf9, 0xaf, 0xf9, 0xaf, 0xf9, 0xaf, 0xf9, 0xaf, 0xf9, 0xaf, 0xf9, 0xaf, 0xf9, 0xaf, 0xf9, 0xaf, 0xf9, 0xaf, 0xf9, 0xaf, 0xf9, 0xa7, 0xf9, 0xaf,
  0xf9, 0xa7, 0xf9, 0xa7, 0xfa, 0xa7, 0xfa, 0xa7, 0xf9, 0xa7, 0xfa, 0xa7, 0xfa, 0xa7, 0xfa, 0xa7, 0xfa, 0xa7, 0xfa, 0xa7, 0xfa, 0xa7, 0xfa, 0xa7, 0xfa, 0xa7, 0xfa, 0xa7, 0xfa, 0xa7, 0xfa, 0xa7,
  0xfa, 0xa7, 0xfa, 0x9f, 0xfa, 0xa7, 0xfa, 0x9f, 0xfa, 0x9f, 0xfa, 0x9f, 0xfa, 0x9f, 0xfa, 0x9f, 0xdb, 0x9f, 0xfb, 0x9f, 0xfb, 0x9f, 0xfa, 0x9f, 0xfb, 0x9f, 0xfb, 0x9f, 0xfb, 0x9f, 0xfb, 0x9f,
  0xfb, 0x9f, 0xfb, 0x9f, 0xfb, 0x9f, 0xfb, 0x97, 0xfb, 0x9f, 0xfb, 0x9f, 0xfb, 0x97, 0xfb, 0x97, 0xfb, 0x97, 0xfb, 0x97, 0xfb, 0x97, 0xfb, 0x97, 0xfb, 0x97, 0xdb, 0x97, 0xdb, 0x97, 0xdc, 0x97,
  0xdc, 0x97, 0xdb, 0x97, 0xdc, 0x97, 0xdc, 0x97, 0xdc, 0x97, 0xdc, 0x97, 0xdc, 0x8f, 0xdc, 0x97, 0xdc, 0x97, 0xdc, 0x8f, 0xdc, 0x8f, 0xdc, 0x8f, 0xdc, 0x8f, 0xdc, 0x8f, 0xdc, 0x8f, 0xdc, 0x8f,
  0xdc, 0x8f, 0xdc, 0x8f, 0xdc, 0x8f, 0xdc, 0x8f, 0xdc, 0x8f, 0xdc, 0x8f, 0xdd, 0x8f, 0xdc, 0x8f, 0xdd, 0x8f, 0xdd, 0x87, 0xdd, 0x8f, 0xdd, 0x87, 0xdd, 0x87, 0xdd, 0x87, 0xdd, 0x87, 0xdd, 0x87,
  0xdd, 0x87, 0xdd, 0x87, 0xdd, 0x87, 0xdd, 0x87, 0xdd, 0x87, 0xdd, 0x87, 0xdd, 0x87, 0xdd, 0x87, 0xdd, 0x87, 0xdd, 0x87, 0xdd, 0x87, 0xdd, 0x87, 0xde, 0x7f, 0xde, 0x87, 0xdd, 0x7f, 0xde, 0x7f,
  0xde, 0x7f, 0xde, 0x7f, 0xde, 0x7f, 0xde, 0x7f, 0xde, 0x7f, 0xde, 0x7f, 0xde, 0x7f, 0xde, 0x7f, 0xde, 0x7f, 0xde, 0x7f, 0xde, 0x7f, 0xbe, 0x7f, 0xde, 0x7f, 0xde, 0x7f, 0xde, 0x7f, 0xde, 0x77,
  0xde, 0x7f, 0xde, 0x77, 0xdf, 0x77, 0xdf, 0x77, 0xde, 0x77, 0xdf, 0x77, 0xdf, 0x77, 0xdf, 0x77, 0xdf, 0x77, 0xdf, 0x77, 0xdf, 0x77, 0xdf, 0x77, 0xdf, 0x77, 0xdf, 0x77, 0xdf, 0x77, 0xdf, 0x77,
  0xbf, 0x77, 0xbf, 0x6f, 0xbf, 0x77, 0xbf, 0x6f, 0xbf, 0x6f, 0xbf, 0x6f, 0xbf, 0x6f, 0xff, 0x77, 0x2e, 0x2b, 0x85, 0x63, 0xce, 0xd7, 0x69, 0x95, 0x45, 0x32, 0x4f, 0x1c, 0x8c, 0x1b, 0x6c, 0x21,
  0x12, 0x32, 0x12, 0x32, 0x49, 0x21, 0x66, 0x63, 0xcc, 0xbe, 0x6d, 0xcf, 0x4d, 0xc7, 0x4d, 0xc7, 0x4d, 0xc7, 0x4d, 0xc7, 0x4d, 0xc7, 0x4d, 0xc7, 0x4d, 0xc7, 0x4d, 0xc7, 0x4d, 0xc7, 0x4d, 0xc7,
  0x4d, 0xc7, 0x4d, 0xbf, 0x4d, 0xbf, 0x6e, 0xbf, 0x6e, 0xbf, 0x6e, 0xbf, 0x6e, 0xbf, 0x6e, 0xbf, 0x6e, 0xbf, 0x6e, 0xbf, 0x6e, 0xbf, 0x4e, 0xbf, 0x4e, 0xb7, 0x4e, 0xb7, 0x6e, 0xb7, 0x6e, 0xb7,
  0x6e, 0xb7, 0x6e, 0xb7, 0x6f, 0xb7, 0x6f, 0xb7, 0x6f, 0xb7, 0x6f, 0xb7, 0x6f, 0xb7, 0x6f, 0xaf, 0x6f, 0xaf, 0x6f, 0xaf, 0x6f, 0xaf, 0x6f, 0xaf, 0x6f, 0xaf, 0x6f, 0xaf, 0x6f, 0xaf, 0x6f, 0xaf,
  0x70, 0xaf, 0x70, 0xaf, 0x70, 0xaf, 0x70, 0xa7, 0x70, 0xa7, 0x70, 0xa7, 0x70, 0xa7, 0x70, 0xa7, 0x70, 0xa7, 0x70, 0xa7, 0x70, 0xa7, 0x70, 0xa7, 0x70, 0xa7, 0x70, 0xa7, 0x71, 0x9f, 0x71, 0x9f,
  0x71, 0x9f, 0x71, 0x9f, 0x71, 0x9f, 0x71, 0x9f, 0x71, 0x9f, 0x71, 0x9f, 0x91, 0x9f, 0x91, 0x9f, 0x91, 0x9f, 0x91, 0x97, 0x91, 0x97, 0x91, 0x97, 0x91, 0x97, 0x92, 0x97, 0x72, 0x97, 0x72, 0x97,
  0x72, 0x97, 0x92, 0x97, 0x92, 0x97, 0x92, 0x8f, 0x92, 0x8f, 0x92, 0x8f, 0x92, 0x8f, 0x92, 0x8f, 0x92, 0x8f, 0x92, 0x8f, 0x92, 0x8f, 0x93, 0x8f, 0x93, 0x8f, 0x93, 0x8f, 0x93, 0x8f, 0x93, 0x87,
  0x93, 0x87, 0x93, 0x87, 0x93, 0x87, 0x93, 0x87, 0x93, 0x87, 0x93, 0x87, 0x93, 0x87, 0x93, 0x87, 0x93, 0x87, 0x94, 0x87, 0x94, 0x7f, 0x94, 0x7f, 0x94, 0x7f, 0x94, 0x7f, 0x94, 0x7f, 0x94, 0x7f,
  0x94, 0x7f, 0x94, 0x7f, 0x94, 0x7f, 0x94, 0x7f, 0x94, 0x7f, 0x94, 0x77, 0x94, 0x77, 0x94, 0x77, 0x95, 0x77, 0xb5, 0x77, 0xb5, 0x77, 0xb5, 0x77, 0xb5, 0x77, 0xb5, 0x77, 0xb5, 0x77, 0xb5, 0x77,
  0x95, 0x77, 0x95, 0x6f, 0xb5, 0x6f, 0xb5, 0x6f, 0xb5, 0x6f, 0xb5, 0x6f, 0xb6, 0x6f, 0xb6, 0x6f, 0xb6, 0x6f, 0xb6, 0x6f, 0xb6, 0x6f, 0xb6, 0x6f, 0xb6, 0x67, 0xf8, 0x6f, 0x43, 0x11, 0x2b, 0x21,
  0xf5, 0x21, 0xf5, 0x21, 0xf6, 0x21, 0x50, 0x19, 0xe3, 0x18, 0xfa, 0xc7, 0xf8, 0xb7, 0xf8, 0xb7, 0xf8, 0xb7, 0xf8, 0xb7, 0xf8, 0xb7, 0xf8, 0xaf, 0xf9, 0xb7, 0xf9, 0xaf, 0xf8, 0xaf, 0xf9, 0xaf,
  0xf9, 0xaf, 0xf9, 0xaf, 0xf9, 0xaf, 0xf9, 0xaf, 0xf9, 0xaf, 0xf9, 0xaf, 0xf9, 0xaf, 0xf9, 0xaf, 0xf9, 0xaf, 0xf9, 0xaf, 0xf9, 0xaf, 0xf9, 0xaf, 0xf9, 0xaf, 0xf9, 0xaf, 0xf9, 0xa7, 0xf9, 0xaf,
  0xf9, 0xa7, 0xf9, 0xa7, 0xfa, 0xa7, 0xfa, 0xa7, 0xf9, 0xa7, 0xfa, 0xa7, 0xfa, 0xa7, 0xfa, 0xa7, 0xfa, 0xa7, 0xfa, 0xa7, 0xfa, 0xa7, 0xfa, 0xa7, 0xfa, 0xa7, 0xfa, 0xa7, 0xfa, 0xa7, 0xfa, 0xa7,
  0xfa, 0xa7, 0xfa, 0x9f, 0xfa, 0xa7, 0xfa, 0x9f, 0xfa, 0x9f, 0xfa, 0x9f, 0xfa, 0x9f, 0xfa, 0x9f, 0xdb, 0x9f, 0xfb, 0x9f, 0xfb, 0x9f, 0xfa, 0x9f, 0xfb, 0x9f, 0xfb, 0x9f, 0xfb, 0x9f, 0xfb, 0x9f,
  0xfb, 0x9f, 0xfb, 0x9f, 0xfb, 0x9f, 0xfb, 0x97, 0xfb, 0x9f, 0xfb, 0x9f, 0xfb, 0x97, 0xfb, 0x97, 0xfb, 0x97, 0xfb, 0x97, 0xfb, 0x97, 0xfb, 0x97, 0xfb, 0x97, 0xdb, 0x97, 0xdb, 0x97, 0xdc, 0x97,
  0xdc, 0x97, 0xdb, 0x97, 0xdc, 0x97, 0xdc, 0x97, 0xdc, 0x97, 0xdc, 0x97, 0xdc, 0x8f, 0xdc, 0x97, 0xdc, 0x97, 0xdc, 0x8f, 0xdc, 0x8f, 0xdc, 0x8f, 0xdc, 0x8f, 0xdc, 0x8f, 0xdc, 0x8f, 0xdc, 0x8f,
  0xdc, 0x8f, 0xdc, 0x8f, 0xdc, 0x8f, 0xdc, 0x8f, 0xdc, 0x8f, 0xdc, 0x8f, 0xdd, 0x8f, 0xdc, 0x8f, 0xdd, 0x8f, 0xdd, 0x87, 0xdd, 0x8f, 0xdd, 0x87, 0xdd, 0x87, 0xdd, 0x87, 0xdd, 0x87, 0xdd, 0x87,
  0xdd, 0x87, 0xdd, 0x87, 0xdd, 0x87, 0xdd, 0x87, 0xdd, 0x87, 0xdd, 0x87, 0xdd, 0x87, 0xdd, 0x87, 0xdd, 0x87, 0xdd, 0x87, 0xdd, 0x87, 0xdd, 0x87, 0xde, 0x7f, 0xde, 0x87, 0xdd, 0x7f, 0xde, 0x7f,
  0xde, 0x7f, 0xde, 0x7f, 0xde, 0x7f, 0xde, 0x7f, 0xde, 0x7f, 0xde, 0x7f, 0xde, 0x7f, 0xde, 0x7f, 0xde, 0x7f, 0xde, 0x7f, 0xde, 0x7f, 0xff, 0x7f, 0xff, 0x87, 0xff, 0x7f, 0xde, 0x7f, 0xff, 0x7f,
  0xff, 0x87, 0xff, 0x87, 0xff, 0x7f, 0xdf, 0x77, 0xff, 0x7f, 0xff, 0x7f, 0xff, 0x77, 0xdf, 0x77, 0xdf, 0x77, 0xdf, 0x77, 0xdf, 0x77, 0xdf, 0x77, 0xdf, 0x77, 0xdf, 0x77, 0xdf, 0x77, 0xdf, 0x77,
  0xbf, 0x77, 0xbf, 0x6f, 0xbf, 0x77, 0xbf, 0x6f, 0xbf, 0x6f, 0xbf, 0x6f, 0xbf, 0x6f, 0xff, 0x77, 0x2e, 0x2b, 0x85, 0x63, 0xce, 0xcf, 0x6d, 0xc7, 0x69, 0x95, 0x65, 0x32, 0x24, 0x09, 0x4b, 0x11,
  0x71, 0x21, 0x71, 0x19, 0xe8, 0x10, 0x86, 0x63, 0xcc, 0xbe, 0x6d, 0xcf, 0x4d, 0xc7, 0x4d, 0xc7, 0x4d, 0xc7, 0x4d, 0xc7, 0x4d, 0xc7, 0x4d, 0xc7, 0x4d, 0xc7, 0x4d, 0xc7, 0x6d, 0xbf, 0x4d, 0xbf,
  0x4e, 0xbf, 0x6e, 0xbf, 0x6e, 0xbf, 0x6e, 0xbf, 0x6e, 0xbf, 0x6e, 0xbf, 0x6e, 0xbf, 0x6e, 0xbf, 0x6e, 0xbf, 0x4e, 0xbf, 0x4e, 0xb7, 0x6e, 0xb7, 0x6e, 0xb7, 0x6e, 0xb7, 0x6e, 0xb7, 0x6f, 0xb7,
  0x6f, 0xb7, 0x6f, 0xb7, 0x6f, 0xb7, 0x6f, 0xb7, 0x6f, 0xb7, 0x6f, 0xaf, 0x6f, 0xaf, 0x6f, 0xaf, 0x6f, 0xaf, 0x6f, 0xaf, 0x6f, 0xaf, 0x6f, 0xaf, 0x6f, 0xaf, 0x70, 0xaf, 0x70, 0xaf, 0x70, 0xaf,
  0x70, 0xa7, 0x70, 0xa7, 0x70, 0xa7, 0x70, 0xa7, 0x70, 0xa7, 0x70, 0xa7, 0x70, 0xa7, 0x70, 0xa7, 0x70, 0xa7, 0x70, 0xa7, 0x70, 0xa7, 0x71, 0x9f, 0x71, 0x9f, 0x71, 0x9f, 0x71, 0x9f, 0x71, 0x9f,
  0x71, 0x9f, 0x91, 0x9f, 0x71, 0x9f, 0x91, 0x9f, 0x91, 0x9f, 0x91, 0x9f, 0x91, 0x9f, 0x91, 0x97, 0x91, 0x97, 0x91, 0x97, 0x92, 0x97, 0x92, 0x97, 0x72, 0x97, 0x72, 0x97, 0x92, 0x97, 0x92, 0x97,
  0x92, 0x97, 0x92, 0x8f, 0x92, 0x8f, 0x92, 0x8f, 0x92, 0x8f, 0x92, 0x8f, 0x92, 0x8f, 0x92, 0x8f, 0x93, 0x8f, 0x93, 0x8f, 0x93, 0x8f, 0x93, 0x8f, 0x93, 0x87, 0x93, 0x87, 0x93, 0x87, 0x93, 0x87,
  0x93, 0x87, 0x93, 0x87, 0x93, 0x87, 0x93, 0x87, 0x93, 0x87, 0x93, 0x87, 0x93, 0x87, 0x94, 0x7f, 0x94, 0x7f, 0x94, 0x7f, 0x94, 0x7f, 0x94, 0x7f, 0x94, 0x7f, 0x94, 0x7f, 0x94, 0x7f, 0x94, 0x7f,
  0x94, 0x7f, 0x94, 0x7f, 0x94, 0x7f, 0x94, 0x77, 0xb4, 0x77, 0x94, 0x77, 0xb5, 0x77, 0xb5, 0x77, 0xb5, 0x77, 0xb5, 0x77, 0xb5, 0x77, 0xb5, 0x77, 0xb5, 0x77, 0x95, 0x77, 0x95, 0x6f, 0x95, 0x6f,
  0xb5, 0x6f, 0xb5, 0x6f, 0xb5, 0x6f, 0xb5, 0x6f, 0xb6, 0x6f, 0xb6, 0x6f, 0xb6, 0x6f, 0xb6, 0x6f, 0xb6, 0x6f, 0xb6, 0x67, 0xb6, 0x67, 0xb6, 0x67, 0xb6, 0x67, 0xf8, 0x6f, 0x63, 0x11, 0xa9, 0x10,
  0xd5, 0x21, 0xd5, 0x21, 0xd6, 0x21, 0x50, 0x11, 0xe3, 0x18, 0xfa, 0xc7, 0xf8, 0xb7, 0xf8, 0xb7, 0xf8, 0xb7, 0xf8, 0xb7, 0xf8, 0xb7, 0xf8, 0xaf, 0xf9, 0xb7, 0xf9, 0xaf, 0xf8, 0xaf, 0xf9, 0xb7,
  0xfa, 0xb7, 0xfa, 0xb7, 0xfa, 0xb7, 0xfa, 0xb7, 0xfa, 0xb7, 0xfa, 0xb7, 0xfa, 0xb7, 0xfa, 0xb7, 0xf9, 0xaf, 0xfa, 0xb7, 0xfa, 0xb7, 0xfa, 0xb7, 0xfb, 0xb7, 0xfb, 0xb7, 0xfb, 0xb7, 0xfb, 0xb7,
  0xfb, 0xaf, 0xfa, 0xaf, 0xfb, 0xaf, 0xfb, 0xaf, 0xfb, 0xaf, 0xfb, 0xaf, 0xfb, 0xaf, 0xfb, 0xaf, 0xfb, 0xaf, 0xfb, 0xaf, 0xfa, 0xa7, 0xfa, 0xa7, 0xfa, 0xa7, 0xfa, 0xa7, 0xfa, 0xa7, 0xfa, 0xa7,
  0xfa, 0xa7, 0xfa, 0x9f, 0xfa, 0xa7, 0xfa, 0x9f, 0xfa, 0x9f, 0xfa, 0x9f, 0xfa, 0x9f, 0xfa, 0x9f, 0xdb, 0x9f, 0xfb, 0x9f, 0xfb, 0x9f, 0xfa, 0x9f, 0xfb, 0x9f, 0xfb, 0x9f, 0xfb, 0x9f, 0xfb, 0x9f,
  0xfb, 0x9f, 0xfb, 0x9f, 0xfb, 0x9f, 0xfb, 0x97, 0xfb, 0x9f, 0xfb, 0x9f, 0xfb, 0x97, 0xfb, 0x97, 0xfb, 0x97, 0xfb, 0x97, 0xfb, 0x97, 0xfb, 0x97, 0xfb, 0x97, 0xdb, 0x97, 0xdb, 0x97, 0xdc, 0x97,
  0xdc, 0x97, 0xdb, 0x97, 0xdc, 0x97, 0xdc, 0x97, 0xdc, 0x97, 0xdc, 0x97, 0xdc, 0x8f, 0xdc, 0x97, 0xdc, 0x97, 0xdc, 0x8f, 0xdc, 0x8f, 0xdc, 0x8f, 0xdc, 0x8f, 0xdc, 0x8f, 0xdc, 0x8f, 0xdc, 0x8f,
  0xdc, 0x8f, 0xdc, 0x8f, 0xdc, 0x8f, 0xdc, 0x8f, 0xdc, 0x8f, 0xdc, 0x8f, 0xdd, 0x8f, 0xdc, 0x8f, 0xdd, 0x8f, 0xdd, 0x87, 0xdd, 0x8f, 0xdd, 0x87, 0xdd, 0x87, 0xdd, 0x87, 0xdd, 0x87, 0xdd, 0x87,
  0xdd, 0x87, 0xdd, 0x87, 0xdd, 0x87, 0xdd, 0x87, 0xdd, 0x87, 0xdd, 0x87, 0xdd, 0x87, 0xdd, 0x87, 0xdd, 0x87, 0xdd, 0x87, 0xdd, 0x87, 0xdd, 0x87, 0xde, 0x7f, 0xde, 0x87, 0xdd, 0x7f, 0xde, 0x7f,
  0xde, 0x7f, 0xde, 0x7f, 0xde, 0x7f, 0xde, 0x7f, 0xde, 0x7f, 0xde, 0x7f, 0xde, 0x7f, 0xde, 0x7f, 0xde, 0x7f, 0xde, 0x7f, 0xff, 0x7f, 0x79, 0x66, 0x6a, 0x2a, 0xae, 0x3b, 0xff, 0x7f, 0x79, 0x66,
  0x49, 0x22, 0xc7, 0x19, 0x18, 0x5e, 0xff, 0x87, 0xb2, 0x4c, 0x08, 0x22, 0x18, 0x5e, 0xff, 0x7f, 0xdf, 0x77, 0xdf, 0x77, 0xdf, 0x77, 0xdf, 0x77, 0xdf, 0x77, 0xdf, 0x77, 0xdf, 0x77, 0xdf, 0x77,
  0xbf, 0x77, 0xbf, 0x6f, 0xbf, 0x77, 0xbf, 0x6f, 0xbf, 0x6f, 0xbf, 0x6f, 0xbf, 0x6f, 0xff, 0x77, 0x2e, 0x2b, 0x85, 0x63, 0xce, 0xcf, 0x6d, 0xc7, 0x6d, 0xc7, 0x8a, 0x95, 0x03, 0x32, 0xe9, 0x10,
  0x50, 0x19, 0x50, 0x19, 0xe8, 0x10, 0x86, 0x5b, 0xcc, 0xb6, 0x6d, 0xc7, 0x4d, 0xc7, 0x4d, 0xc7, 0x4d, 0xc7, 0x4d, 0xc7, 0x4d, 0xc7, 0x4d, 0xc7, 0x6d, 0xbf, 0x4d, 0xbf, 0x6e, 0xbf, 0x6e, 0xbf,
  0x6e, 0xbf, 0x6e, 0xbf, 0x6e, 0xbf, 0x6e, 0xbf, 0x6e, 0xbf, 0x6e, 0xbf, 0x4e, 0xbf, 0x4e, 0xb7, 0x4e, 0xb7, 0x6e, 0xb7, 0x6e, 0xb7, 0x6e, 0xb7, 0x6e, 0xb7, 0x6f, 0xb7, 0x6f, 0xb7, 0x6f, 0xb7,
  0x6f, 0xb7, 0x6f, 0xb7, 0x6f, 0xaf, 0x6f, 0xaf, 0x6f, 0xaf, 0x6f, 0xaf, 0x6f, 0xaf, 0x6f, 0xaf, 0x6f, 0xaf, 0x6f, 0xaf, 0x6f, 0xaf, 0x70, 0xaf, 0x70, 0xaf, 0x70, 0xaf, 0x70, 0xa7, 0x70, 0xa7,
  0x70, 0xa7, 0x70, 0xa7, 0x70, 0xa7, 0x70, 0xa7, 0x70, 0xa7, 0x70, 0xa7, 0x70, 0xa7, 0x70, 0xa7, 0x70, 0xa7, 0x71, 0x9f, 0x71, 0x9f, 0x71, 0x9f, 0x71, 0x9f, 0x71, 0x9f, 0x91, 0x9f, 0x71, 0x9f,
  0x71, 0x9f, 0x91, 0x9f, 0x91, 0x9f, 0x91, 0x9f, 0x91, 0x97, 0x91, 0x97, 0x91, 0x97, 0x91, 0x97, 0x92, 0x97, 0x72, 0x97, 0x72, 0x97, 0x72, 0x97, 0x92, 0x97, 0x92, 0x97, 0x92, 0x8f, 0x92, 0x8f,
  0x92, 0x8f, 0x92, 0x8f, 0x92, 0x8f, 0x92, 0x8f, 0x92, 0x8f, 0x92, 0x8f, 0x93, 0x8f, 0x93, 0x8f, 0x93, 0x8f, 0x93, 0x8f, 0x93, 0x87, 0x93, 0x87, 0x93, 0x87, 0x93, 0x87, 0x93, 0x87, 0x93, 0x87,
  0x93, 0x87, 0x93, 0x87, 0x93, 0x87, 0x93, 0x87, 0x94, 0x87, 0x94, 0x7f, 0x94, 0x7f, 0x94, 0x7f, 0x94, 0x7f, 0x94, 0x7f, 0x94, 0x7f, 0x94, 0x7f, 0x94, 0x7f, 0x94, 0x7f, 0x94, 0x7f, 0x94, 0x7f,
  0x94, 0x77, 0xb4, 0x77, 0x94, 0x77, 0x95, 0x77, 0xb5, 0x77, 0xb5, 0x77, 0xb5, 0x77, 0xb5, 0x77, 0xb5, 0x77, 0xb5, 0x77, 0xb5, 0x77, 0x95, 0x77, 0x95, 0x6f, 0xb5, 0x6f, 0xb5, 0x6f, 0xb5, 0x6f,
  0xb5, 0x6f, 0xb6, 0x6f, 0xb6, 0x6f, 0xb6, 0x6f, 0xb6, 0x6f, 0xb6, 0x6f, 0xb6, 0x6f, 0xb6, 0x67, 0xb6, 0x67, 0xb6, 0x67, 0xb6, 0x67, 0xb6, 0x67, 0xb6, 0x67, 0xf8, 0x6f, 0x63, 0x11, 0x89, 0x10,
  0xd5, 0x21, 0xd5, 0x21, 0xd5, 0x21, 0x50, 0x19, 0xe3, 0x18, 0xfa, 0xc7, 0xf8, 0xb7, 0xf8, 0xb7, 0xf8, 0xb7, 0xf8, 0xb7, 0xf8, 0xb7, 0xf8, 0xaf, 0xf9, 0xb7, 0xf9, 0xaf, 0xf9, 0xb7, 0xf6, 0x9e,
  0x0c, 0x5c, 0xcf, 0x6c, 0xcf, 0x6c, 0xcf, 0x6c, 0xcf, 0x6c, 0xcf, 0x64, 0xaf, 0x64, 0x31, 0x75, 0xfc, 0xbf, 0xcc, 0x53, 0xaf, 0x64, 0xcf, 0x64, 0xcf, 0x64, 0xcf, 0x64, 0xcf, 0x64, 0xaf, 0x64,
  0xcf, 0x64, 0xfb, 0xaf, 0xf0, 0x6c, 0x8f, 0x5c, 0xaf, 0x64, 0xaf, 0x64, 0xaf, 0x64, 0xaf, 0x64, 0xaf, 0x64, 0xd0, 0x64, 0xfa, 0xa7, 0xfb, 0xaf, 0xfa, 0xa7, 0xfa, 0xa7, 0xfa, 0xa7, 0xfa, 0xa7,
  0xfa, 0xa7, 0xfa, 0x9f, 0xfa, 0xa7, 0xfa, 0x9f, 0xfa, 0x9f, 0xfa, 0x9f, 0xfa, 0x9f, 0xfa, 0x9f, 0xdb, 0x9f, 0xfb, 0x9f, 0xfb, 0x9f, 0xfa, 0x9f, 0xfb, 0x9f, 0xfb, 0x9f, 0xfb, 0x9f, 0xfb, 0x9f,
  0xfb, 0x9f, 0xfb, 0x9f, 0xfb, 0x9f, 0xfb, 0x97, 0xfb, 0x9f, 0xfb, 0x9f, 0xfb, 0x97, 0xfb, 0x97, 0xfb, 0x97, 0xfb, 0x97, 0xfb, 0x97, 0xfb, 0x97, 0xfb, 0x97, 0xdb, 0x97, 0xdb, 0x97, 0xdc, 0x97,
  0xdc, 0x97, 0xdb, 0x97, 0xdc, 0x97, 0xdc, 0x97, 0xdc, 0x97, 0xdc, 0x97, 0xdc, 0x8f, 0xdc, 0x97, 0xdc, 0x97, 0xdc, 0x8f, 0xdc, 0x8f, 0xdc, 0x8f, 0xdc, 0x8f, 0xdc, 0x8f, 0xdc, 0x8f, 0xdc, 0x8f,
  0xdc, 0x8f, 0xdc, 0x8f, 0xdc, 0x8f, 0xdc, 0x8f, 0xdc, 0x8f, 0xdc, 0x8f, 0xdd, 0x8f, 0xdc, 0x8f, 0xdd, 0x8f, 0xdd, 0x87, 0xdd, 0x8f, 0xdd, 0x87, 0xdd, 0x87, 0xdd, 0x87, 0xdd, 0x87, 0xdd, 0x87,
  0xdd, 0x87, 0xdd, 0x87, 0xdd, 0x87, 0xdd, 0x87, 0xdd, 0x87, 0xdd, 0x87, 0xdd, 0x87, 0xdd, 0x87, 0xdd, 0x87, 0xdd, 0x87, 0xdd, 0x87, 0xdd, 0x87, 0xde, 0x7f, 0xde, 0x87, 0xdd, 0x7f, 0xde, 0x7f,
  0xde, 0x7f, 0xde, 0x7f, 0xde, 0x7f, 0xde, 0x7f, 0xde, 0x7f, 0xde, 0x7f, 0xde, 0x7f, 0xde, 0x7f, 0xde, 0x7f, 0xde, 0x7f, 0xff, 0x7f, 0x5c, 0x77, 0xcb, 0x2a, 0xa6, 0x19, 0x5c, 0x77, 0x75, 0x55,
  0xe4, 0x10, 0xe4, 0x10, 0xb2, 0x4c, 0xff, 0x7f, 0x0c, 0x33, 0x49, 0x22, 0x7d, 0x6f, 0xdf, 0x77, 0xdf, 0x77, 0xdf, 0x77, 0xdf, 0x77, 0xdf, 0x77, 0xdf, 0x77, 0xdf, 0x77, 0xdf, 0x77, 0xdf, 0x77,
  0xbf, 0x77, 0xbf, 0x6f, 0xbf, 0x77, 0xbf, 0x6f, 0xbf, 0x6f, 0xbf, 0x6f, 0xbf, 0x6f, 0xff, 0x77, 0x2e, 0x2b, 0x85, 0x63, 0xce, 0xcf, 0x4d, 0xc7, 0x6d, 0xc7, 0xae, 0xcf, 0xe6, 0x6b, 0x0a, 0x19,
  0x50, 0x19, 0x50, 0x19, 0xe8, 0x10, 0x86, 0x5b, 0xcc, 0xb6, 0x6d, 0xc7, 0x4d, 0xc7, 0x4d, 0xc7, 0x4d, 0xc7, 0x6d, 0xbf, 0x4d, 0xbf, 0x4e, 0xbf, 0x6e, 0xbf, 0x6e, 0xbf, 0x6e, 0xbf, 0x6e, 0xbf,
  0x6e, 0xbf, 0x6e, 0xbf, 0x6e, 0xbf, 0x6e, 0xbf, 0x4e, 0xbf, 0x4e, 0xb7, 0x6e, 0xb7, 0x6e, 0xb7, 0x6e, 0xb7, 0x6e, 0xb7, 0x6f, 0xb7, 0x6f, 0xb7, 0x6f, 0xb7, 0x6f, 0xb7, 0x6f, 0xb7, 0x6f, 0xb7,
  0x6f, 0xaf, 0x6f, 0xaf, 0x6f, 0xaf, 0x6f, 0xaf, 0x6f, 0xaf, 0x6f, 0xaf, 0x6f, 0xaf, 0x6f, 0xaf, 0x70, 0xaf, 0x70, 0xaf, 0x70, 0xaf, 0x70, 0xa7, 0x70, 0xa7, 0x70, 0xa7, 0x70, 0xa7, 0x70, 0xa7,
  0x70, 0xa7, 0x70, 0xa7, 0x70, 0xa7, 0x70, 0xa7, 0x70, 0xa7, 0x70, 0xa7, 0x71, 0x9f, 0x71, 0x9f, 0x71, 0x9f, 0x71, 0x9f, 0x71, 0x9f, 0x71, 0x9f, 0x91, 0x9f, 0x71, 0x9f, 0x91, 0x9f, 0x91, 0x9f,
  0x91, 0x9f, 0x91, 0x9f, 0x91, 0x97, 0x91, 0x97, 0x91, 0x97, 0x92, 0x97, 0x92, 0x97, 0x72, 0x97, 0x72, 0x97, 0x92, 0x97, 0x92, 0x97, 0x92, 0x97, 0x92, 0x8f, 0x92, 0x8f, 0x92, 0x8f, 0x92, 0x8f,
  0x92, 0x8f, 0x92, 0x8f, 0x92, 0x8f, 0x92, 0x8f, 0x93, 0x8f, 0x93, 0x8f, 0x93, 0x8f, 0x93, 0x87, 0x93, 0x87, 0x93, 0x87, 0x93, 0x87, 0x93, 0x87, 0x93, 0x87, 0x93, 0x87, 0x93, 0x87, 0x93, 0x87,
  0x93, 0x87, 0x93, 0x87, 0x94, 0x87, 0x94, 0x7f, 0x94, 0x7f, 0x94, 0x7f, 0x94, 0x7f, 0x94, 0x7f, 0x94, 0x7f, 0x94, 0x7f, 0x94, 0x7f, 0x94, 0x7f, 0x94, 0x7f, 0x94, 0x7f, 0x94, 0x77, 0xb4, 0x77,
  0x94, 0x77, 0xb5, 0x77, 0xb5, 0x77, 0xb5, 0x77, 0xb5, 0x77, 0xb5, 0x77, 0xb5, 0x77, 0xb5, 0x77, 0x95, 0x77, 0x95, 0x6f, 0x95, 0x6f, 0xb5, 0x6f, 0xb5, 0x6f, 0xb5, 0x6f, 0xb5, 0x6f, 0xb6, 0x6f,
  0xb6, 0x6f, 0xb6, 0x6f, 0xb6, 0x6f, 0xb6, 0x6f, 0xb6, 0x67, 0xb6, 0x67, 0xb6, 0x67, 0xb6, 0x67, 0xb6, 0x67, 0xb6, 0x67, 0xb6, 0x67, 0xb6, 0x67, 0xb6, 0x67, 0xf9, 0x6f, 0x63, 0x11, 0x89, 0x10,
  0xd5, 0x21, 0xd5, 0x21, 0xd5, 0x21, 0x50, 0x19, 0xe3, 0x18, 0xfa, 0xc7, 0xf8, 0xb7, 0xf8, 0xb7, 0xf8, 0xb7, 0xf8, 0xb7, 0xf8, 0xb7, 0xf8, 0xaf, 0xf9, 0xb7, 0xf9, 0xaf, 0xf9, 0xaf, 0xf9, 0xb7,
  0xcc, 0x53, 0x00, 0x00, 0x21, 0x00, 0x21, 0x00, 0x00, 0x00, 0x00, 0x00, 0x00, 0x00, 0x00, 0x00, 0x6b, 0x4b, 0x13, 0x86, 0x00, 0x00, 0x21, 0x00, 0x21, 0x00, 0x00, 0x00, 0x00, 0x00, 0x00, 0x00,
  0x00, 0x00, 0x68, 0x32, 0xd3, 0x7d, 0xc3, 0x10, 0x00, 0x00, 0x21, 0x00, 0x00, 0x00, 0x00, 0x00, 0x00, 0x00, 0x00, 0x00, 0x44, 0x19, 0x58, 0x97, 0xfb, 0xaf, 0xfa, 0xa7, 0xfa, 0xa7, 0xfa, 0xa7,
  0xfa, 0xa7, 0xfa, 0x9f, 0xfa, 0xa7, 0xfa, 0x9f, 0xfa, 0x9f, 0xfa, 0x9f, 0xfa, 0x9f, 0xfa, 0x9f, 0xdb, 0x9f, 0xfb, 0x9f, 0xfb, 0x9f, 0xfa, 0x9f, 0xfb, 0x9f, 0xfb, 0x9f, 0xfb, 0x9f, 0xfb, 0x9f,
  0xfb, 0x9f, 0xfb, 0x9f, 0xfb, 0x9f, 0xfb, 0x97, 0xfb, 0x9f, 0xfb, 0x9f, 0xfb, 0x97, 0xfb, 0x97, 0xfb, 0x97, 0xfb, 0x97, 0xfb, 0x97, 0xfb, 0x97, 0xfb, 0x97, 0xdb, 0x97, 0xdb, 0x97, 0xdc, 0x97,
  0xdc, 0x97, 0xdb, 0x97, 0xdc, 0x97, 0xdc, 0x97, 0xdc, 0x97, 0xdc, 0x97, 0xdc, 0x8f, 0xdc, 0x97, 0xdc, 0x97, 0xdc, 0x8f, 0xdc, 0x8f, 0xdc, 0x8f, 0xdc, 0x8f, 0xdc, 0x8f, 0xdc, 0x8f, 0xdc, 0x8f,
  0xdc, 0x8f, 0xdc, 0x8f, 0xdc, 0x8f, 0xdc, 0x8f, 0xdc, 0x8f, 0xdc, 0x8f, 0xdd, 0x8f, 0xdc, 0x8f, 0xdd, 0x8f, 0xdd, 0x87, 0xdd, 0x8f, 0xdd, 0x87, 0xdd, 0x87, 0xdd, 0x87, 0xdd, 0x87, 0xdd, 0x87,
  0xdd, 0x87, 0xdd, 0x87, 0xdd, 0x87, 0xdd, 0x87, 0xdd, 0x87, 0xdd, 0x87, 0xdd, 0x87, 0xdd, 0x87, 0xdd, 0x87, 0xdd, 0x87, 0xdd, 0x87, 0xdd, 0x87, 0xde, 0x7f, 0xde, 0x87, 0xdd, 0x7f, 0xde, 0x7f,
  0xde, 0x7f, 0xde, 0x7f, 0xde, 0x7f, 0xde, 0x7f, 0xde, 0x7f, 0xde, 0x7f, 0xde, 0x7f, 0xde, 0x7f, 0xde, 0x7f, 0xde, 0x7f, 0xde, 0x7f, 0xff, 0x7f, 0xb2, 0x4c, 0xc7, 0x19, 0xb6, 0x5d, 0x8e, 0x3b,
  0x08, 0x22, 0xcb, 0x2a, 0xab, 0x2a, 0xf7, 0x5d, 0x6a, 0x22, 0x51, 0x44, 0xff, 0x7f, 0xdf, 0x77, 0xdf, 0x77, 0xdf, 0x77, 0xdf, 0x77, 0xdf, 0x77, 0xdf, 0x77, 0xff, 0x77, 0xff, 0x77, 0xdf, 0x77,
  0xbf, 0x77, 0xbf, 0x6f, 0xbf, 0x77, 0xbf, 0x6f, 0xbf, 0x6f, 0xbf, 0x6f, 0xbf, 0x6f, 0xff, 0x77, 0x2e, 0x2b, 0x85, 0x63, 0xce, 0xcf, 0x4d, 0xc7, 0x4d, 0xc7, 0xce, 0xcf, 0x27, 0x6c, 0x0a, 0x19,
  0x50, 0x19, 0x50, 0x19, 0xe8, 0x10, 0x86, 0x5b, 0xcc, 0xb6, 0x6d, 0xc7, 0x4d, 0xc7, 0x6d, 0xbf, 0x4d, 0xbf, 0x6e, 0xbf, 0x6e, 0xbf, 0x6e, 0xbf, 0x6e, 0xbf, 0x6e, 0xbf, 0x6e, 0xbf, 0x6e, 0xbf,
  0x6e, 0xbf, 0x4e, 0xbf, 0x4e, 0xb7, 0x4e, 0xb7, 0x6e, 0xb7, 0x6e, 0xb7, 0x6e, 0xb7, 0x6e, 0xb7, 0x6f, 0xb7, 0x6f, 0xb7, 0x6f, 0xb7, 0x6f, 0xb7, 0x6f, 0xb7, 0x6f, 0xaf, 0x6f, 0xaf, 0x6f, 0xaf,
  0x6f, 0xaf, 0x6f, 0xaf, 0x6f, 0xaf, 0x6f, 0xaf, 0x6f, 0xaf, 0x6f, 0xaf, 0x70, 0xaf, 0x70, 0xaf, 0x70, 0xaf, 0x70, 0xa7, 0x70, 0xa7, 0x70, 0xa7, 0x70, 0xa7, 0x70, 0xa7, 0x70, 0xa7, 0x70, 0xa7,
  0x70, 0xa7, 0x70, 0xa7, 0x70, 0xa7, 0x70, 0xa7, 0x71, 0x9f, 0x71, 0x9f, 0x71, 0x9f, 0x71, 0x9f, 0x71, 0x9f, 0x71, 0x9f, 0x91, 0x9f, 0x71, 0x9f, 0x91, 0x9f, 0x91, 0x9f, 0x91, 0x9f, 0x91, 0x97,
  0x91, 0x97, 0x91, 0x97, 0x91, 0x97, 0x92, 0x97, 0x72, 0x97, 0x72, 0x97, 0x72, 0x97, 0x92, 0x97, 0x92, 0x97, 0x92, 0x97, 0x92, 0x8f, 0x92, 0x8f, 0x92, 0x8f, 0x92, 0x8f, 0x92, 0x8f, 0x92, 0x8f,
  0x92, 0x8f, 0x93, 0x8f, 0x93, 0x8f, 0x93, 0x8f, 0x93, 0x8f, 0x93, 0x87, 0x93, 0x87, 0x93, 0x87, 0x93, 0x87, 0x93, 0x87, 0x93, 0x87, 0x93, 0x87, 0x93, 0x87, 0x93, 0x87, 0x93, 0x87, 0x94, 0x87,
  0x94, 0x7f, 0x94, 0x7f, 0x94, 0x7f, 0x94, 0x7f, 0x94, 0x7f, 0x94, 0x7f, 0x94, 0x7f, 0x94, 0x7f, 0x94, 0x7f, 0x94, 0x77, 0x94, 0x7f, 0x94, 0x77, 0xb4, 0x77, 0x94, 0x77, 0x95, 0x77, 0xb5, 0x77,
  0xb5, 0x77, 0xb5, 0x77, 0xb5, 0x77, 0xb5, 0x77, 0xb5, 0x77, 0xb5, 0x77, 0x95, 0x77, 0x95, 0x6f, 0xb5, 0x6f, 0xb5, 0x6f, 0xb5, 0x6f, 0xb5, 0x6f, 0xb6, 0x6f, 0xb6, 0x6f, 0xb6, 0x6f, 0xb6, 0x6f,
  0xb6, 0x6f, 0xb6, 0x6f, 0xb6, 0x67, 0xb6, 0x67, 0xb6, 0x67, 0xb6, 0x67, 0xb6, 0x67, 0xb6, 0x67, 0xb6, 0x67, 0xb6, 0x67, 0xb7, 0x67, 0xb7, 0x67, 0xb7, 0x67, 0xf9, 0x67, 0x63, 0x11, 0x89, 0x10,
  0xd5, 0x21, 0xd5, 0x21, 0xd5, 0x21, 0x50, 0x19, 0xe3, 0x18, 0xfa, 0xc7, 0xf8, 0xb7, 0xf8, 0xb7, 0xf8, 0xb7, 0xf8, 0xb7, 0xf8, 0xb7, 0xf8, 0xaf, 0xf9, 0xb7, 0xf9, 0xaf, 0xf8, 0xaf, 0xf9, 0xb7,
  0xd8, 0xaf, 0x8e, 0x64, 0x00, 0x00, 0xc3, 0x10, 0x97, 0xaf, 0x97, 0xa7, 0x77, 0xa7, 0x8e, 0x64, 0x00, 0x00, 0x27, 0x32, 0x13, 0x86, 0x00, 0x00, 0x00, 0x00, 0x36, 0x9f, 0xd8, 0xaf, 0x57, 0xa7,
  0x91, 0x7d, 0x00, 0x00, 0x03, 0x11, 0x14, 0x7e, 0x03, 0x11, 0x00, 0x00, 0x10, 0x75, 0xf9, 0xb7, 0x57, 0xa7, 0x74, 0x8e, 0x82, 0x08, 0x61, 0x08, 0x55, 0x86, 0xfc, 0xb7, 0xfa, 0xa7, 0xfa, 0xa7,
  0xfa, 0xa7, 0xfa, 0x9f, 0xfa, 0xa7, 0xfa, 0x9f, 0xfa, 0x9f, 0xfa, 0x9f, 0xfa, 0x9f, 0xfa, 0x9f, 0xdb, 0x9f, 0xfb, 0x9f, 0xfb, 0x9f, 0xfa, 0x9f, 0xfb, 0x9f, 0xfb, 0x9f, 0xfb, 0x9f, 0xfb, 0x9f,
  0xfb, 0x9f, 0xfb, 0x9f, 0xfb, 0x9f, 0xfb, 0x97, 0xfb, 0x9f, 0xfb, 0x9f, 0xfb, 0x97, 0xfb, 0x97, 0xfb, 0x97, 0xfb, 0x97, 0xfb, 0x97, 0xfb, 0x97, 0xfb, 0x97, 0xdb, 0x97, 0xdb, 0x97, 0xdc, 0x97,
  0xdc, 0x97, 0xdb, 0x97, 0xdc, 0x97, 0xdc, 0x97, 0xdc, 0x97, 0xdc, 0x97, 0xdc, 0x8f, 0xdc, 0x97, 0xdc, 0x97, 0xdc, 0x8f, 0xdc, 0x8f, 0xdc, 0x8f, 0xdc, 0x8f, 0xdc, 0x8f, 0xdc, 0x8f, 0xdc, 0x8f,
  0xdc, 0x8f, 0xdc, 0x8f, 0xdc, 0x8f, 0xdc, 0x8f, 0xdc, 0x8f, 0xdc, 0x8f, 0xdd, 0x8f, 0xdc, 0x8f, 0xdd, 0x8f, 0xdd, 0x87, 0xdd, 0x8f, 0xdd, 0x87, 0xdd, 0x87, 0xdd, 0x87, 0xdd, 0x87, 0xdd, 0x87,
  0xdd, 0x87, 0xdd, 0x87, 0xdd, 0x87, 0xdd, 0x87, 0xdd, 0x87, 0xdd, 0x87, 0xdd, 0x87, 0xdd, 0x87, 0xdd, 0x87, 0xdd, 0x87, 0xdd, 0x87, 0xdd, 0x87, 0xde, 0x7f, 0xde, 0x87, 0xdd, 0x7f, 0xde, 0x7f,
  0xde, 0x7f, 0xde, 0x7f, 0xde, 0x7f, 0xde, 0x7f, 0xde, 0x7f, 0xde, 0x7f, 0xde, 0x7f, 0xde, 0x7f, 0xde, 0x7f, 0xde, 0x7f, 0xde, 0x7f, 0xff, 0x7f, 0x38, 0x66, 0x49, 0x22, 0xcb, 0x2a, 0x4d, 0x33,
  0x71, 0x44, 0x14, 0x4d, 0x8a, 0x22, 0x6e, 0x33, 0x49, 0x22, 0xb7, 0x55, 0xff, 0x7f, 0xdf, 0x77, 0xdf, 0x77, 0xdf, 0x77, 0xff, 0x77, 0xff, 0x7f, 0xff, 0x77, 0xd7, 0x55, 0xf8, 0x5d, 0xff, 0x77,
  0xbf, 0x77, 0xbf, 0x6f, 0xbf, 0x77, 0xbf, 0x6f, 0xbf, 0x6f, 0xbf, 0x6f, 0xbf, 0x6f, 0xff, 0x77, 0x2e, 0x2b, 0x85, 0x63, 0xce, 0xcf, 0x4d, 0xc7, 0x4d, 0xc7, 0xae, 0xcf, 0x07, 0x6c, 0x0a, 0x19,
  0x50, 0x19, 0x50, 0x19, 0xe8, 0x10, 0x86, 0x5b, 0xcc, 0xb6, 0x6e, 0xc7, 0x4e, 0xbf, 0x6e, 0xbf, 0x6e, 0xbf, 0x6e, 0xbf, 0x6e, 0xbf, 0x6e, 0xbf, 0x6e, 0xbf, 0x6e, 0xbf, 0x6e, 0xbf, 0x4e, 0xbf,
  0x4e, 0xb7, 0x6e, 0xb7, 0x6e, 0xb7, 0x6e, 0xb7, 0x6e, 0xb7, 0x6f, 0xb7, 0x6f, 0xb7, 0x6f, 0xb7, 0x6f, 0xb7, 0x6f, 0xb7, 0x6f, 0xb7, 0x6f, 0xaf, 0x6f, 0xaf, 0x6f, 0xaf, 0x6f, 0xaf, 0x6f, 0xaf,
  0x6f, 0xaf, 0x6f, 0xaf, 0x6f, 0xaf, 0x70, 0xaf, 0x70, 0xaf, 0x70, 0xaf, 0x70, 0xa7, 0x70, 0xa7, 0x70, 0xa7, 0x70, 0xa7, 0x70, 0xa7, 0x70, 0xa7, 0x70, 0xa7, 0x70, 0xa7, 0x70, 0xa7, 0x70, 0xa7,
  0x70, 0xa7, 0x71, 0x9f, 0x71, 0x9f, 0x71, 0x9f, 0x71, 0x9f, 0x71, 0x9f, 0x71, 0x9f, 0x91, 0x9f, 0x71, 0x9f, 0x71, 0x9f, 0x91, 0x9f, 0x91, 0x9f, 0x91, 0x9f, 0x91, 0x97, 0x91, 0x97, 0x91, 0x97,
  0x92, 0x97, 0x92, 0x97, 0x72, 0x97, 0x72, 0x97, 0x92, 0x97, 0x92, 0x97, 0x92, 0x97, 0x92, 0x8f, 0x92, 0x8f, 0x92, 0x8f, 0x92, 0x8f, 0x92, 0x8f, 0x92, 0x8f, 0x92, 0x8f, 0x92, 0x8f, 0x93, 0x8f,
  0x93, 0x8f, 0x93, 0x8f, 0x93, 0x87, 0x93, 0x87, 0x93, 0x87, 0x93, 0x87, 0x93, 0x87, 0x93, 0x87, 0x93, 0x87, 0x93, 0x87, 0x93, 0x87, 0x93, 0x87, 0x93, 0x87, 0x94, 0x87, 0x94, 0x7f, 0x94, 0x7f,
  0x94, 0x7f, 0x94, 0x7f, 0x94, 0x7f, 0x94, 0x7f, 0x94, 0x7f, 0x94, 0x7f, 0x94, 0x7f, 0x94, 0x7f, 0x94, 0x7f, 0x94, 0x77, 0xb4, 0x77, 0x94, 0x77, 0xb5, 0x77, 0xb5, 0x77, 0xb5, 0x77, 0xb5, 0x77,
  0xb5, 0x77, 0xb5, 0x77, 0xb5, 0x77, 0xb5, 0x77, 0x95, 0x6f, 0x95, 0x6f, 0xb5, 0x6f, 0xb5, 0x6f, 0xb5, 0x6f, 0xb5, 0x6f, 0xb6, 0x6f, 0xb6, 0x6f, 0xb6, 0x6f, 0xb6, 0x6f, 0xb6, 0x6f, 0xb6, 0x67,
  0xb6, 0x67, 0xb6, 0x67, 0xb6, 0x67, 0xb6, 0x67, 0xb6, 0x67, 0xb6, 0x67, 0xb6, 0x67, 0xb6, 0x67, 0xb7, 0x67, 0xb7, 0x67, 0xb7, 0x67, 0xb7, 0x5f, 0xb7, 0x5f, 0xf9, 0x67, 0x63, 0x11, 0x89, 0x10,
  0xd5, 0x21, 0xd5, 0x21, 0xd5, 0x21, 0x30, 0x19, 0xe3, 0x18, 0xfa, 0xc7, 0xf8, 0xb7, 0xf8, 0xb7, 0xf8, 0xb7, 0xf8, 0xb7, 0xf8, 0xb7, 0xf8, 0xaf, 0xf9, 0xb7, 0xf9, 0xaf, 0xf8, 0xaf, 0xf9, 0xaf,
  0xf9, 0xb7, 0xf9, 0xaf, 0xf2, 0x7d, 0x00, 0x00, 0xe3, 0x10, 0xf8, 0xb7, 0xfa, 0xbf, 0xf8, 0xb7, 0xb2, 0x7d, 0x00, 0x00, 0x03, 0x19, 0xd6, 0x96, 0x62, 0x08, 0x41, 0x08, 0x74, 0x8e, 0xfb, 0xc7,
  0xf9, 0xb7, 0xb5, 0x96, 0x00, 0x00, 0x61, 0x08, 0xb2, 0x75, 0x48, 0x32, 0x00, 0x00, 0x6e, 0x64, 0xfc, 0xcf, 0xf9, 0xb7, 0x36, 0x9f, 0x65, 0x21, 0x00, 0x00, 0x4e, 0x5c, 0xfd, 0xb7, 0xfa, 0xa7,
  0xfa, 0xa7, 0xfa, 0x9f, 0xfa, 0xa7, 0xfa, 0x9f, 0xfa, 0x9f, 0xfa, 0x9f, 0xfa, 0x9f, 0xfa, 0x9f, 0xdb, 0x9f, 0xfb, 0x9f, 0xfb, 0x9f, 0xfa, 0x9f, 0xfb, 0x9f, 0xfb, 0x9f, 0xfb, 0x9f, 0xfb, 0x9f,
  0xfb, 0x9f, 0xfb, 0x9f, 0xfb, 0x9f, 0xfb, 0x97, 0xfb, 0x9f, 0xfb, 0x9f, 0xfb, 0x97, 0xfb, 0x97, 0xfb, 0x97, 0xfb, 0x97, 0xfb, 0x97, 0xfb, 0x97, 0xfb, 0x97, 0xdb, 0x97, 0xdb, 0x97, 0xdc, 0x97,
  0xdc, 0x97, 0xdb, 0x97, 0xdc, 0x97, 0xdc, 0x97, 0xdc, 0x97, 0xdc, 0x97, 0xdc, 0x8f, 0xdc, 0x97, 0xdc, 0x97, 0xdc, 0x8f, 0xdc, 0x8f, 0xdc, 0x8f, 0xdc, 0x8f, 0xdc, 0x8f, 0xdc, 0x8f, 0xdc, 0x8f,
  0xdc, 0x8f, 0xdc, 0x8f, 0xdc, 0x8f, 0xdc, 0x8f, 0xdc, 0x8f, 0xdc, 0x8f, 0xdd, 0x8f, 0xdc, 0x8f, 0xdd, 0x8f, 0xdd, 0x87, 0xdd, 0x8f, 0xdd, 0x87, 0xdd, 0x87, 0xdd, 0x87, 0xdd, 0x87, 0xdd, 0x87,
  0xdd, 0x87, 0xdd, 0x87, 0xdd, 0x87, 0xdd, 0x87, 0xdd, 0x87, 0xdd, 0x87, 0xdd, 0x87, 0xdd, 0x87, 0xdd, 0x87, 0xdd, 0x87, 0xdd, 0x87, 0xdd, 0x87, 0xde, 0x7f, 0xde, 0x87, 0xdd, 0x7f, 0xde, 0x7f,
  0xde, 0x7f, 0xde, 0x7f, 0xde, 0x7f, 0xde, 0x7f, 0xde, 0x7f, 0xde, 0x7f, 0xde, 0x7f, 0xde, 0x7f, 0xde, 0x7f, 0xde, 0x7f, 0xde, 0x7f, 0xdf, 0x7f, 0x5c, 0x77, 0x2c, 0x33, 0x00, 0x00, 0xe8, 0x21,
  0xf7, 0x5d, 0x38, 0x5e, 0xe7, 0x21, 0x00, 0x00, 0x0c, 0x2b, 0xdf, 0x77, 0xdf, 0x77, 0xdf, 0x77, 0xff, 0x7f, 0xff, 0x7f, 0xbb, 0x66, 0x2c, 0x2b, 0x24, 0x11, 0xcb, 0x2a, 0x39, 0x5e, 0xff, 0x77,
  0xbf, 0x77, 0xbf, 0x6f, 0xbf, 0x77, 0xbf, 0x6f, 0xbf, 0x6f, 0xbf, 0x6f, 0xbf, 0x6f, 0xff, 0x77, 0x2e, 0x2b, 0x85, 0x63, 0xce, 0xcf, 0x4d, 0xc7, 0x4d, 0xc7, 0xae, 0xcf, 0x07, 0x6c, 0x0a, 0x19,
  0x50, 0x19, 0x50, 0x19, 0xe8, 0x10, 0x86, 0x5b, 0xcd, 0xb6, 0x6e, 0xbf, 0x6e, 0xbf, 0x6e, 0xbf, 0x6e, 0xbf, 0x6e, 0xbf, 0x6e, 0xbf, 0x6e, 0xbf, 0x6e, 0xbf, 0x4e, 0xb7, 0x4e, 0xb7, 0x6e, 0xb7,
  0x6e, 0xb7, 0x6e, 0xb7, 0x6e, 0xb7, 0x6f, 0xb7, 0x6f, 0xb7, 0x6f, 0xb7, 0x6f, 0xb7, 0x6f, 0xb7, 0x6f, 0xaf, 0x6f, 0xaf, 0x6f, 0xaf, 0x6f, 0xaf, 0x6f, 0xaf, 0x6f, 0xaf, 0x6f, 0xaf, 0x6f, 0xaf,
  0x6f, 0xaf, 0x70, 0xaf, 0x70, 0xaf, 0x70, 0xaf, 0x70, 0xa7, 0x70, 0xa7, 0x70, 0xa7, 0x70, 0xa7, 0x70, 0xa7, 0x70, 0xa7, 0x70, 0xa7, 0x70, 0xa7, 0x70, 0xa7, 0x70, 0xa7, 0x70, 0xa7, 0x71, 0x9f,
  0x71, 0x9f, 0x71, 0x9f, 0x71, 0x9f, 0x71, 0x9f, 0x71, 0x9f, 0x91, 0x9f, 0x71, 0x9f, 0x91, 0x9f, 0x91, 0x9f, 0x91, 0x9f, 0x91, 0x97, 0x91, 0x97, 0x91, 0x97, 0x91, 0x97, 0x92, 0x97, 0x72, 0x97,
  0x72, 0x97, 0x72, 0x97, 0x92, 0x97, 0x92, 0x97, 0x92, 0x97, 0x92, 0x8f, 0x92, 0x8f, 0x92, 0x8f, 0x92, 0x8f, 0x92, 0x8f, 0x92, 0x8f, 0x92, 0x8f, 0x93, 0x8f, 0x93, 0x8f, 0x93, 0x8f, 0x93, 0x8f,
  0x93, 0x87, 0x93, 0x87, 0x93, 0x87, 0x93, 0x87, 0x93, 0x87, 0x93, 0x87, 0x93, 0x87, 0x93, 0x87, 0x93, 0x87, 0x93, 0x87, 0x94, 0x87, 0x94, 0x7f, 0x94, 0x7f, 0x94, 0x7f, 0x94, 0x7f, 0x94, 0x7f,
  0x94, 0x7f, 0x94, 0x7f, 0x94, 0x7f, 0x94, 0x7f, 0x94, 0x7f, 0x94, 0x7f, 0x94, 0x77, 0xd5, 0x7f, 0xf6, 0x7f, 0xf7, 0x87, 0xf7, 0x7f, 0xf7, 0x87, 0xf7, 0x7f, 0xf6, 0x7f, 0xb5, 0x77, 0xd6, 0x77,
  0xf7, 0x7f, 0xf6, 0x77, 0xb5, 0x6f, 0x95, 0x6f, 0xb5, 0x6f, 0xf6, 0x77, 0xf8, 0x77, 0xf6, 0x6f, 0xb6, 0x6f, 0xb6, 0x6f, 0xb6, 0x6f, 0xf8, 0x6f, 0xf7, 0x6f, 0xb6, 0x67, 0xb6, 0x67, 0xb6, 0x67,
  0xb6, 0x67, 0xb6, 0x67, 0xb6, 0x67, 0xb6, 0x67, 0xb6, 0x67, 0xb7, 0x67, 0xb7, 0x67, 0xb7, 0x67, 0xb7, 0x5f, 0xb7, 0x5f, 0xb7, 0x5f, 0xb7, 0x5f, 0xb7, 0x5f, 0xf9, 0x67, 0x63, 0x11, 0x89, 0x10,
  0xd5, 0x21, 0xd5, 0x21, 0xd5, 0x21, 0x30, 0x19, 0xe3, 0x18, 0xfa, 0xc7, 0xf8, 0xb7, 0xf8, 0xb7, 0xf8, 0xb7, 0xf8, 0xb7, 0xf8, 0xb7, 0xf8, 0xaf, 0xf9, 0xb7, 0xf9, 0xaf, 0xf8, 0xaf, 0xf9, 0xaf,
  0xf9, 0xaf, 0xf9, 0xaf, 0xf9, 0xaf, 0xf6, 0x9e, 0x00, 0x00, 0x00, 0x00, 0x33, 0x8e, 0xfb, 0xc7, 0xf9, 0xb7, 0xf5, 0x9e, 0x21, 0x00, 0x21, 0x00, 0xb2, 0x7d, 0x47, 0x32, 0x00, 0x00, 0x8e, 0x64,
  0xfc, 0xc7, 0xf9, 0xb7, 0x77, 0xa7, 0x85, 0x21, 0x00, 0x00, 0x4e, 0x5c, 0xaf, 0x64, 0x00, 0x00, 0x0a, 0x43, 0xfb, 0xbf, 0xfa, 0xb7, 0x97, 0xa7, 0xab, 0x53, 0x00, 0x00, 0x2a, 0x43, 0xfc, 0xaf,
  0xfb, 0xa7, 0xfa, 0x9f, 0xfa, 0xa7, 0xfa, 0x9f, 0xfa, 0x9f, 0xfa, 0x9f, 0xfa, 0x9f, 0xfa, 0x9f, 0xdb, 0x9f, 0xfb, 0x9f, 0xfb, 0x9f, 0xfa, 0x9f, 0xfb, 0x9f, 0xfb, 0x9f, 0xfb, 0x9f, 0xfb, 0x9f,
  0xfb, 0x9f, 0xfb, 0x9f, 0xfb, 0x9f, 0xfb, 0x97, 0xfb, 0x9f, 0xfb, 0x9f, 0xfb, 0x97, 0xfb, 0x97, 0xfb, 0x97, 0xfb, 0x97, 0xfb, 0x97, 0xfb, 0x97, 0xfb, 0x97, 0xdb, 0x97, 0xdb, 0x97, 0xdc, 0x97,
  0xdc, 0x97, 0xdb, 0x97, 0xdc, 0x97, 0xdc, 0x97, 0xdc, 0x97, 0xdc, 0x97, 0xdc, 0x8f, 0xdc, 0x97, 0xdc, 0x97, 0xdc, 0x8f, 0xdc, 0x8f, 0xdc, 0x8f, 0xdc, 0x8f, 0xdc, 0x8f, 0xdc, 0x8f, 0xdc, 0x8f,
  0xdc, 0x8f, 0xdc, 0x8f, 0xdc, 0x8f, 0xdc, 0x8f, 0xdc, 0x8f, 0xdc, 0x8f, 0xdd, 0x8f, 0xdc, 0x8f, 0xdd, 0x8f, 0xdd, 0x87, 0xdd, 0x8f, 0xdd, 0x87, 0xdd, 0x87, 0xdd, 0x87, 0xdd, 0x87, 0xdd, 0x87,
  0xdd, 0x87, 0xdd, 0x87, 0xdd, 0x87, 0xdd, 0x87, 0xdd, 0x87, 0xdd, 0x87, 0xdd, 0x87, 0xdd, 0x87, 0xdd, 0x87, 0xdd, 0x87, 0xdd, 0x87, 0xdd, 0x87, 0xde, 0x7f, 0xde, 0x87, 0xdd, 0x7f, 0xde, 0x7f,
  0xde, 0x7f, 0xde, 0x7f, 0xde, 0x7f, 0xde, 0x7f, 0xde, 0x7f, 0xde, 0x7f, 0xde, 0x7f, 0xde, 0x7f, 0xde, 0x7f, 0xde, 0x7f, 0xde, 0x7f, 0xde, 0x7f, 0xff, 0x7f, 0xd3, 0x4c, 0x00, 0x00, 0x29, 0x22,
  0x9e, 0x77, 0x7d, 0x77, 0xaa, 0x2a, 0x00, 0x00, 0x72, 0x44, 0xff, 0x87, 0xff, 0x7f, 0x5d, 0x6f, 0x51, 0x44, 0x66, 0x19, 0x08, 0x22, 0x35, 0x4d, 0xdb, 0x66, 0x7e, 0x6f, 0xbf, 0x77, 0xdf, 0x77,
  0xbf, 0x77, 0xbf, 0x6f, 0xbf, 0x77, 0xbf, 0x6f, 0xbf, 0x6f, 0xbf, 0x6f, 0xbf, 0x6f, 0xff, 0x77, 0x2e, 0x2b, 0x85, 0x63, 0xce, 0xcf, 0x4d, 0xc7, 0x4d, 0xc7, 0xae, 0xcf, 0x07, 0x6c, 0x0a, 0x19,
  0x50, 0x19, 0x50, 0x19, 0xe8, 0x10, 0x86, 0x5b, 0xcd, 0xae, 0x6e, 0xbf, 0x6e, 0xbf, 0x6e, 0xbf, 0x6e, 0xbf, 0x6e, 0xbf, 0x4e, 0xbf, 0x4e, 0xb7, 0x4e, 0xb7, 0x6e, 0xb7, 0x6e, 0xb7, 0x6e, 0xb7,
  0x6f, 0xb7, 0x6f, 0xb7, 0x6f, 0xb7, 0x6f, 0xb7, 0x6f, 0xb7, 0x6f, 0xb7, 0x6f, 0xaf, 0x6f, 0xaf, 0x6f, 0xaf, 0x6f, 0xaf, 0x6f, 0xaf, 0x6f, 0xaf, 0x6f, 0xaf, 0x6f, 0xaf, 0x70, 0xaf, 0x70, 0xaf,
  0x70, 0xaf, 0x70, 0xa7, 0x70, 0xa7, 0x70, 0xa7, 0x70, 0xa7, 0x70, 0xa7, 0x70, 0xa7, 0x70, 0xa7, 0x70, 0xa7, 0x70, 0xa7, 0x70, 0xa7, 0x70, 0xa7, 0x71, 0x9f, 0x71, 0x9f, 0x71, 0x9f, 0x71, 0x9f,
  0x71, 0x9f, 0x71, 0x9f, 0x91, 0x9f, 0x71, 0x9f, 0x71, 0x9f, 0x91, 0x9f, 0x91, 0x9f, 0x91, 0x9f, 0x91, 0x97, 0x91, 0x97, 0x91, 0x97, 0x91, 0x97, 0x92, 0x97, 0x72, 0x97, 0x72, 0x97, 0x92, 0x97,
  0x92, 0x97, 0x92, 0x97, 0x92, 0x8f, 0x92, 0x8f, 0x92, 0x8f, 0x92, 0x8f, 0x92, 0x8f, 0x92, 0x8f, 0x92, 0x8f, 0x92, 0x8f, 0x93, 0x8f, 0x93, 0x8f, 0x93, 0x8f, 0x93, 0x87, 0x93, 0x87, 0x93, 0x87,
  0x93, 0x87, 0x93, 0x87, 0x93, 0x87, 0x93, 0x87, 0x93, 0x87, 0x93, 0x87, 0x93, 0x87, 0x93, 0x87, 0x94, 0x87, 0x94, 0x7f, 0x94, 0x7f, 0x94, 0x7f, 0x94, 0x7f, 0x94, 0x7f, 0x94, 0x7f, 0x94, 0x7f,
  0x94, 0x7f, 0x94, 0x7f, 0x94, 0x7f, 0x94, 0x7f, 0x94, 0x77, 0xb4, 0x77, 0xf5, 0x7f, 0x33, 0x6f, 0x69, 0x33, 0x00, 0x00, 0x00, 0x00, 0x00, 0x00, 0x00, 0x00, 0x69, 0x33, 0xd6, 0x77, 0x52, 0x5e,
  0x20, 0x00, 0xeb, 0x3b, 0xb6, 0x6f, 0xb6, 0x6f, 0xf6, 0x77, 0x2f, 0x4d, 0x00, 0x00, 0x90, 0x4d, 0xb6, 0x6f, 0xb6, 0x6f, 0xf8, 0x77, 0xa5, 0x19, 0xaa, 0x33, 0xd6, 0x67, 0xb6, 0x67, 0xb6, 0x67,
  0xb6, 0x67, 0xb6, 0x67, 0xb6, 0x67, 0xb7, 0x67, 0xb7, 0x67, 0xb7, 0x67, 0xb7, 0x5f, 0xb7, 0x5f, 0xb7, 0x5f, 0xb7, 0x5f, 0xb7, 0x5f, 0xb7, 0x5f, 0xb7, 0x5f, 0xf9, 0x67, 0x63, 0x11, 0x89, 0x10,
  0xd4, 0x21, 0xd4, 0x21, 0xd5, 0x21, 0x30, 0x19, 0xe3, 0x18, 0xfa, 0xc7, 0xf8, 0xb7, 0xf8, 0xb7, 0xf8, 0xb7, 0xf8, 0xb7, 0xf8, 0xb7, 0xf8, 0xaf, 0xf9, 0xb7, 0xf9, 0xaf, 0xf8, 0xaf, 0xf9, 0xaf,
  0xf9, 0xaf, 0xf9, 0xaf, 0xf9, 0xaf, 0xf9, 0xb7, 0x16, 0x9f, 0xc5, 0x29, 0x00, 0x00, 0x0f, 0x6d, 0xfb, 0xc7, 0xf9, 0xb7, 0x16, 0x9f, 0xa5, 0x29, 0x00, 0x00, 0xcf, 0x64, 0x2d, 0x5c, 0x00, 0x00,
  0x6b, 0x4b, 0xfb, 0xbf, 0xfa, 0xb7, 0xb8, 0xaf, 0x4a, 0x4b, 0x00, 0x00, 0x4b, 0x43, 0x10, 0x6d, 0x00, 0x00, 0x67, 0x32, 0xb8, 0xaf, 0xfa, 0xbf, 0xd8, 0xaf, 0x2d, 0x5c, 0x00, 0x00, 0x68, 0x32,
  0xb9, 0x9f, 0xfb, 0xa7, 0xfa, 0xa7, 0xfa, 0x9f, 0xfa, 0x9f, 0xfa, 0x9f, 0xfa, 0x9f, 0xfa, 0x9f, 0xdb, 0x9f, 0xfb, 0x9f, 0xfb, 0x9f, 0xfa, 0x9f, 0xfb, 0x9f, 0xfb, 0x9f, 0xfb, 0x9f, 0xfb, 0x9f,
  0xfb, 0x9f, 0xfb, 0x9f, 0xfb, 0x9f, 0xfb, 0x97, 0xfb, 0x9f, 0xfb, 0x9f, 0xfb, 0x97, 0xfb, 0x97, 0xfb, 0x97, 0xfb, 0x97, 0xfb, 0x97, 0xfb, 0x97, 0xfb, 0x97, 0xdb, 0x97, 0xdb, 0x97, 0xdc, 0x97,
  0xdc, 0x97, 0xdb, 0x97, 0xdc, 0x97, 0xdc, 0x97, 0xdc, 0x97, 0xdc, 0x97, 0xdc, 0x8f, 0xdc, 0x97, 0xdc, 0x97, 0xdc, 0x8f, 0xdc, 0x8f, 0xdc, 0x8f, 0xdc, 0x8f, 0xdc, 0x8f, 0xdc, 0x8f, 0xdc, 0x8f,
  0xdc, 0x8f, 0xdc, 0x8f, 0xdc, 0x8f, 0xdc, 0x8f, 0xdc, 0x8f, 0xdc, 0x8f, 0xdd, 0x8f, 0xdc, 0x8f, 0xdd, 0x8f, 0xdd, 0x87, 0xdd, 0x8f, 0xdd, 0x87, 0xdd, 0x87, 0xdd, 0x87, 0xdd, 0x87, 0xdd, 0x87,
  0xdd, 0x87, 0xdd, 0x87, 0xdd, 0x87, 0xdd, 0x87, 0xdd, 0x87, 0xdd, 0x87, 0xdd, 0x87, 0xdd, 0x87, 0xdd, 0x87, 0xdd, 0x87, 0xdd, 0x87, 0xdd, 0x87, 0xde, 0x7f, 0xde, 0x87, 0xdd, 0x7f, 0xde, 0x7f,
  0xde, 0x7f, 0xde, 0x7f, 0xde, 0x7f, 0xde, 0x7f, 0xde, 0x7f, 0xde, 0x7f, 0xde, 0x7f, 0xde, 0x7f, 0xde, 0x7f, 0xde, 0x7f, 0xde, 0x7f, 0xbe, 0x7f, 0xde, 0x7f, 0xbe, 0x77, 0x5c, 0x77, 0x7d, 0x77,
  0xdf, 0x7f, 0xdf, 0x77, 0xbe, 0x77, 0xff, 0x7f, 0xbe, 0x77, 0x55, 0x55, 0x28, 0x22, 0x66, 0x19, 0x10, 0x3c, 0xbb, 0x66, 0x7e, 0x6f, 0xbf, 0x77, 0xdf, 0x77, 0xdf, 0x77, 0xdf, 0x77, 0xdf, 0x77,
  0xbf, 0x77, 0xbf, 0x6f, 0xbf, 0x77, 0xbf, 0x6f, 0xbf, 0x6f, 0xbf, 0x6f, 0xbf, 0x6f, 0xff, 0x77, 0x2e, 0x2b, 0x85, 0x63, 0xce, 0xcf, 0x4d, 0xc7, 0x4d, 0xc7, 0xae, 0xcf, 0x07, 0x6c, 0x09, 0x19,
  0x50, 0x19, 0x50, 0x19, 0xe8, 0x10, 0x87, 0x5b, 0xcd, 0xae, 0x6e, 0xbf, 0x6e, 0xbf, 0x6e, 0xbf, 0x4e, 0xb7, 0x4e, 0xb7, 0x6e, 0xb7, 0x6e, 0xb7, 0x6e, 0xb7, 0x6e, 0xb7, 0x6f, 0xb7, 0x6f, 0xb7,
  0x6f, 0xb7, 0x6f, 0xb7, 0x6f, 0xb7, 0x6f, 0xaf, 0x6f, 0xaf, 0x6f, 0xaf, 0x6f, 0xaf, 0x6f, 0xaf, 0x6f, 0xaf, 0x6f, 0xaf, 0x6f, 0xaf, 0x6f, 0xaf, 0x70, 0xaf, 0x70, 0xaf, 0x70, 0xaf, 0x70, 0xa7,
  0x70, 0xa7, 0x70, 0xa7, 0x70, 0xa7, 0x70, 0xa7, 0x70, 0xa7, 0x70, 0xa7, 0x70, 0xa7, 0x70, 0xa7, 0x70, 0xa7, 0x70, 0xa7, 0x71, 0x9f, 0x71, 0x9f, 0x71, 0x9f, 0x71, 0x9f, 0x71, 0x9f, 0x71, 0x9f,
  0x91, 0x9f, 0x71, 0x9f, 0x91, 0x9f, 0x91, 0x9f, 0x91, 0x9f, 0x91, 0x97, 0x91, 0x97, 0x91, 0x97, 0x91, 0x97, 0x92, 0x97, 0x72, 0x97, 0x72, 0x97, 0x72, 0x97, 0x92, 0x97, 0x92, 0x97, 0x92, 0x97,
  0x92, 0x8f, 0x92, 0x8f, 0x92, 0x8f, 0x92, 0x8f, 0x92, 0x8f, 0x92, 0x8f, 0x92, 0x8f, 0x93, 0x8f, 0x93, 0x8f, 0x93, 0x8f, 0x93, 0x8f, 0x93, 0x87, 0x93, 0x87, 0x93, 0x87, 0x93, 0x87, 0x93, 0x87,
  0x93, 0x87, 0x93, 0x87, 0x93, 0x87, 0x93, 0x87, 0x93, 0x87, 0x94, 0x87, 0x94, 0x7f, 0x94, 0x7f, 0x94, 0x7f, 0x94, 0x7f, 0x94, 0x7f, 0x94, 0x7f, 0x94, 0x7f, 0x94, 0x7f, 0x94, 0x7f, 0x94, 0x7f,
  0x94, 0x7f, 0x94, 0x77, 0xb4, 0x77, 0x94, 0x77, 0x95, 0x77, 0xf5, 0x7f, 0x51, 0x66, 0x41, 0x08, 0x61, 0x08, 0x2e, 0x4d, 0x13, 0x6f, 0x34, 0x6f, 0x13, 0x67, 0x54, 0x6f, 0xf6, 0x77, 0x31, 0x5e,
  0x00, 0x00, 0x8a, 0x33, 0xb6, 0x6f, 0xb6, 0x6f, 0xf7, 0x6f, 0x0e, 0x45, 0x00, 0x00, 0x6f, 0x4d, 0xd6, 0x6f, 0xd6, 0x6f, 0x15, 0x5f, 0x00, 0x00, 0x14, 0x5f, 0xd6, 0x67, 0xb6, 0x67, 0xb6, 0x67,
  0xb7, 0x67, 0xb7, 0x67, 0xb7, 0x67, 0xb7, 0x5f, 0xb7, 0x5f, 0xb7, 0x5f, 0xb7, 0x5f, 0xb7, 0x5f, 0xb7, 0x5f, 0xb7, 0x5f, 0xb7, 0x5f, 0xb7, 0x5f, 0xb7, 0x5f, 0xfa, 0x5f, 0x63, 0x11, 0x89, 0x10,
  0xd4, 0x21, 0xd4, 0x21, 0xd5, 0x21, 0x2f, 0x19, 0xe3, 0x18, 0xfa, 0xc7, 0xf8, 0xb7, 0xf8, 0xb7, 0xf8, 0xb7, 0xf8, 0xb7, 0xf8, 0xb7, 0xf8, 0xaf, 0xf9, 0xb7, 0xf9, 0xaf, 0xf8, 0xaf, 0xf9, 0xaf,
  0xf9, 0xaf, 0xf9, 0xaf, 0xf9, 0xaf, 0xf9, 0xaf, 0xf9, 0xaf, 0xd9, 0xaf, 0x0a, 0x43, 0x00, 0x00, 0xac, 0x53, 0xf9, 0xb7, 0xf9, 0xb7, 0xd8, 0xaf, 0x09, 0x43, 0x00, 0x00, 0xac, 0x4b, 0xaf, 0x64,
  0x00, 0x00, 0x27, 0x32, 0xd8, 0xaf, 0xf9, 0xb7, 0xd8, 0xaf, 0x8e, 0x64, 0x00, 0x00, 0x27, 0x2a, 0x92, 0x75, 0x21, 0x00, 0x24, 0x19, 0x77, 0xa7, 0xf9, 0xb7, 0xf8, 0xaf, 0x91, 0x7d, 0x21, 0x00,
  0x44, 0x19, 0x78, 0x97, 0xfb, 0xa7, 0xfa, 0x9f, 0xfa, 0x9f, 0xfa, 0x9f, 0xfa, 0x9f, 0xfa, 0x9f, 0xdb, 0x9f, 0xfb, 0x9f, 0xfb, 0x9f, 0xfa, 0x9f, 0xfb, 0x9f, 0xfb, 0x9f, 0xfb, 0x9f, 0xfb, 0x9f,
  0xfb, 0x9f, 0xfb, 0x9f, 0xfb, 0x9f, 0xfb, 0x97, 0xfb, 0x9f, 0xfb, 0x9f, 0xfb, 0x97, 0xfb, 0x97, 0xfb, 0x97, 0xfb, 0x97, 0xfb, 0x97, 0xfb, 0x97, 0xfb, 0x97, 0xdb, 0x97, 0xdb, 0x97, 0xdc, 0x97,
  0xdc, 0x97, 0xdb, 0x97, 0xdc, 0x97, 0xdc, 0x97, 0xdc, 0x97, 0xdc, 0x97, 0xdc, 0x8f, 0xdc, 0x97, 0xdc, 0x97, 0xdc, 0x8f, 0xdc, 0x8f, 0xdc, 0x8f, 0xdc, 0x8f, 0xdc, 0x8f, 0xdc, 0x8f, 0xdc, 0x8f,
  0xdc, 0x8f, 0xdc, 0x8f, 0xdc, 0x8f, 0xdc, 0x8f, 0xdc, 0x8f, 0xdc, 0x8f, 0xdd, 0x8f, 0xdc, 0x8f, 0xdd, 0x8f, 0xdd, 0x87, 0xdd, 0x8f, 0xdd, 0x87, 0xdd, 0x87, 0xdd, 0x87, 0xdd, 0x87, 0xdd, 0x87,
  0xdd, 0x87, 0xdd, 0x87, 0xdd, 0x87, 0xdd, 0x87, 0xdd, 0x87, 0xdd, 0x87, 0xdd, 0x87, 0xdd, 0x87, 0xdd, 0x87, 0xdd, 0x87, 0xdd, 0x87, 0xdd, 0x87, 0xde, 0x7f, 0xde, 0x87, 0xdd, 0x7f, 0xde, 0x7f,
  0xde, 0x7f, 0xde, 0x7f, 0xde, 0x7f, 0xde, 0x7f, 0xde, 0x7f, 0xde, 0x7f, 0xde, 0x7f, 0xde, 0x7f, 0xde, 0x7f, 0xde, 0x7f, 0xde, 0x7f, 0xbe, 0x7f, 0xde, 0x7f, 0xde, 0x7f, 0xdf, 0x7f, 0xff, 0x7f,
  0xff, 0x7f, 0xff, 0x7f, 0x9a, 0x66, 0xeb, 0x2a, 0x45, 0x11, 0x0c, 0x2b, 0xf7, 0x5d, 0x9e, 0x77, 0x9e, 0x77, 0xdf, 0x77, 0xdf, 0x77, 0xdf, 0x77, 0xdf, 0x77, 0xdf, 0x77, 0xdf, 0x77, 0xdf, 0x77,
  0xbf, 0x77, 0xbf, 0x6f, 0xbf, 0x77, 0xbf, 0x6f, 0xbf, 0x6f, 0xbf, 0x6f, 0xbf, 0x6f, 0xff, 0x77, 0x2e, 0x2b, 0x85, 0x63, 0xce, 0xcf, 0x4d, 0xc7, 0x4d, 0xc7, 0xae, 0xcf, 0x07, 0x6c, 0x09, 0x19,
  0x50, 0x19, 0x50, 0x19, 0xe8, 0x10, 0x87, 0x5b, 0xcd, 0xae, 0x6e, 0xbf, 0x4e, 0xb7, 0x4e, 0xb7, 0x6e, 0xb7, 0x6e, 0xb7, 0x6e, 0xb7, 0x6f, 0xb7, 0x6f, 0xb7, 0x6f, 0xb7, 0x6f, 0xb7, 0x6f, 0xb7,
  0x6f, 0xb7, 0x6f, 0xaf, 0x6f, 0xaf, 0x6f, 0xaf, 0x6f, 0xaf, 0x6f, 0xaf, 0x6f, 0xaf, 0x6f, 0xaf, 0x6f, 0xaf, 0x70, 0xaf, 0x70, 0xaf, 0x70, 0xaf, 0x70, 0xa7, 0x70, 0xa7, 0x70, 0xa7, 0x70, 0xa7,
  0x70, 0xa7, 0x70, 0xa7, 0x70, 0xa7, 0x70, 0xa7, 0x70, 0xa7, 0x70, 0xa7, 0x70, 0xa7, 0x70, 0xa7, 0x71, 0x9f, 0x71, 0x9f, 0x71, 0x9f, 0x71, 0x9f, 0x71, 0x9f, 0x91, 0x9f, 0x71, 0x9f, 0x71, 0x9f,
  0x91, 0x9f, 0x91, 0x9f, 0x91, 0x9f, 0x91, 0x97, 0x91, 0x97, 0x92, 0x97, 0x91, 0x97, 0x92, 0x97, 0x72, 0x97, 0x72, 0x97, 0x92, 0x97, 0x92, 0x97, 0x92, 0x97, 0x92, 0x8f, 0x92, 0x8f, 0x92, 0x8f,
  0x92, 0x8f, 0x92, 0x8f, 0x92, 0x8f, 0x93, 0x8f, 0x92, 0x8f, 0x93, 0x8f, 0x93, 0x8f, 0x93, 0x8f, 0x93, 0x87, 0x93, 0x87, 0x93, 0x87, 0x93, 0x87, 0x93, 0x87, 0x93, 0x87, 0x93, 0x87, 0x93, 0x87,
  0x93, 0x87, 0x93, 0x87, 0x93, 0x87, 0x94, 0x87, 0x94, 0x7f, 0x94, 0x7f, 0x94, 0x7f, 0x94, 0x7f, 0x94, 0x7f, 0x94, 0x7f, 0x94, 0x7f, 0x94, 0x7f, 0x94, 0x7f, 0x94, 0x7f, 0x94, 0x7f, 0x94, 0x77,
  0xb4, 0x77, 0x94, 0x77, 0xb5, 0x77, 0xb5, 0x77, 0xb5, 0x77, 0xf6, 0x7f, 0x03, 0x11, 0x41, 0x00, 0x13, 0x67, 0xb5, 0x77, 0xd6, 0x77, 0xd6, 0x6f, 0xd6, 0x77, 0xb6, 0x6f, 0xf6, 0x6f, 0x52, 0x5e,
  0x00, 0x00, 0xaa, 0x33, 0xb6, 0x6f, 0xb6, 0x6f, 0xf7, 0x6f, 0x0e, 0x45, 0x00, 0x00, 0x70, 0x4d, 0xd6, 0x67, 0xf8, 0x6f, 0x0c, 0x34, 0x64, 0x11, 0xf7, 0x67, 0xf8, 0x67, 0xf9, 0x6f, 0xf9, 0x6f,
  0xf9, 0x6f, 0xf8, 0x67, 0xb7, 0x5f, 0xb7, 0x5f, 0xb7, 0x5f, 0xb7, 0x5f, 0xb7, 0x5f, 0xb7, 0x5f, 0xb7, 0x5f, 0xb7, 0x5f, 0xb7, 0x5f, 0xb7, 0x57, 0xb7, 0x57, 0xfa, 0x5f, 0x64, 0x11, 0x89, 0x10,
  0xd4, 0x21, 0xd4, 0x21, 0xd5, 0x21, 0x2f, 0x19, 0xe3, 0x18, 0xfa, 0xc7, 0xf8, 0xb7, 0xf8, 0xb7, 0xf8, 0xb7, 0xf8, 0xb7, 0xf8, 0xb7, 0xf8, 0xaf, 0xf9, 0xb7, 0xf9, 0xaf, 0xf8, 0xaf, 0xf9, 0xaf,
  0xf9, 0xaf, 0xf9, 0xaf, 0xf9, 0xaf, 0xf9, 0xaf, 0xf9, 0xaf, 0xfb, 0xbf, 0x16, 0x9f, 0x00, 0x00, 0x41, 0x08, 0xf5, 0x9e, 0xf9, 0xb7, 0xfa, 0xbf, 0xf5, 0x9e, 0x00, 0x00, 0xc3, 0x10, 0xb9, 0xa7,
  0xc3, 0x10, 0x00, 0x00, 0x51, 0x75, 0xfa, 0xb7, 0xfa, 0xb7, 0xf8, 0xaf, 0x21, 0x00, 0x21, 0x00, 0x75, 0x86, 0xa9, 0x32, 0x00, 0x00, 0x4d, 0x64, 0xfa, 0xb7, 0xf9, 0xb7, 0xfa, 0xb7, 0xc6, 0x29,
  0x00, 0x00, 0x6f, 0x5c, 0xfb, 0xa7, 0xfa, 0x9f, 0xfa, 0x9f, 0xfa, 0x9f, 0xfa, 0x9f, 0xfa, 0x9f, 0xdb, 0x9f, 0xfb, 0x9f, 0xfb, 0x9f, 0xfa, 0x9f, 0xfb, 0x9f, 0xfb, 0x9f, 0xfb, 0x9f, 0xfb, 0x9f,
  0xfb, 0x9f, 0xfb, 0x9f, 0xfb, 0x9f, 0xfb, 0x97, 0xfb, 0x9f, 0xfb, 0x9f, 0xfb, 0x97, 0xfb, 0x97, 0xfb, 0x97, 0xfb, 0x97, 0xfb, 0x97, 0xfb, 0x97, 0xfb, 0x97, 0xdb, 0x97, 0xdb, 0x97, 0xdc, 0x97,
  0xdc, 0x97, 0xdb, 0x97, 0xdc, 0x97, 0xdc, 0x97, 0xdc, 0x97, 0xdc, 0x97, 0xdc, 0x8f, 0xdc, 0x97, 0xdc, 0x97, 0xdc, 0x8f, 0xdc, 0x8f, 0xdc, 0x8f, 0xdc, 0x8f, 0xdc, 0x8f, 0xdc, 0x8f, 0xdc, 0x8f,
  0xdc, 0x8f, 0xdc, 0x8f, 0xdc, 0x8f, 0xdc, 0x8f, 0xdc, 0x8f, 0xdc, 0x8f, 0xdd, 0x8f, 0xdc, 0x8f, 0xdd, 0x8f, 0xdd, 0x87, 0xdd, 0x8f, 0xdd, 0x87, 0xdd, 0x87, 0xdd, 0x87, 0xdd, 0x87, 0xdd, 0x87,
  0xdd, 0x87, 0xdd, 0x87, 0xdd, 0x87, 0xdd, 0x87, 0xdd, 0x87, 0xdd, 0x87, 0xdd, 0x87, 0xdd, 0x87, 0xdd, 0x87, 0xdd, 0x87, 0xdd, 0x87, 0xdd, 0x87, 0xde, 0x7f, 0xde, 0x87, 0xdd, 0x7f, 0xde, 0x7f,
  0xde, 0x7f, 0xde, 0x7f, 0xde, 0x7f, 0xde, 0x7f, 0xde, 0x7f, 0xde, 0x7f, 0xde, 0x7f, 0xde, 0x7f, 0xde, 0x7f, 0xde, 0x7f, 0xde, 0x7f, 0xbe, 0x7f, 0xde, 0x7f, 0xff, 0x7f, 0xff, 0x87, 0x5d, 0x77,
  0x10, 0x44, 0x45, 0x11, 0x28, 0x22, 0x75, 0x55, 0x5d, 0x6f, 0x9e, 0x77, 0xdf, 0x77, 0xdf, 0x77, 0xdf, 0x77, 0xdf, 0x77, 0xdf, 0x77, 0xdf, 0x77, 0xdf, 0x77, 0xdf, 0x77, 0xdf, 0x77, 0xdf, 0x77,
  0xbf, 0x77, 0xbf, 0x6f, 0xbf, 0x77, 0xbf, 0x6f, 0xbf, 0x6f, 0xbf, 0x6f, 0xbf, 0x6f, 0xff, 0x77, 0x2e, 0x2b, 0x85, 0x63, 0xce, 0xcf, 0x4d, 0xc7, 0x4d, 0xc7, 0xae, 0xcf, 0x07, 0x6c, 0x09, 0x19,
  0x50, 0x19, 0x50, 0x19, 0xe8, 0x10, 0x87, 0x5b, 0xcd, 0xae, 0x8f, 0xbf, 0x6e, 0xb7, 0x6e, 0xb7, 0x6e, 0xb7, 0x6f, 0xb7, 0x6f, 0xb7, 0x6f, 0xb7, 0x6f, 0xb7, 0x6f, 0xb7, 0x6f, 0xaf, 0x6f, 0xaf,
  0x6f, 0xaf, 0x6f, 0xaf, 0x6f, 0xaf, 0x6f, 0xaf, 0x6f, 0xaf, 0x6f, 0xaf, 0x6f, 0xaf, 0x70, 0xaf, 0x70, 0xaf, 0x70, 0xaf, 0x70, 0xa7, 0x70, 0xa7, 0x70, 0xa7, 0x70, 0xa7, 0x70, 0xa7, 0x70, 0xa7,
  0x70, 0xa7, 0x70, 0xa7, 0x70, 0xa7, 0x70, 0xa7, 0x70, 0xa7, 0x71, 0x9f, 0x71, 0x9f, 0x71, 0x9f, 0x71, 0x9f, 0x71, 0x9f, 0x71, 0x9f, 0x91, 0x9f, 0x71, 0x9f, 0x91, 0x9f, 0x91, 0x9f, 0x91, 0x9f,
  0x91, 0x97, 0x91, 0x97, 0x91, 0x97, 0x91, 0x97, 0x92, 0x97, 0x72, 0x97, 0x72, 0x97, 0x72, 0x97, 0x92, 0x97, 0x92, 0x97, 0x92, 0x97, 0x92, 0x8f, 0x92, 0x8f, 0x92, 0x8f, 0x92, 0x8f, 0x92, 0x8f,
  0x92, 0x8f, 0x92, 0x8f, 0x93, 0x8f, 0x93, 0x8f, 0x93, 0x8f, 0x93, 0x8f, 0x93, 0x87, 0x93, 0x87, 0x93, 0x87, 0x93, 0x87, 0x93, 0x87, 0x93, 0x87, 0x93, 0x87, 0x93, 0x87, 0x93, 0x87, 0x93, 0x87,
  0x94, 0x87, 0x94, 0x7f, 0x94, 0x7f, 0x94, 0x7f, 0x94, 0x7f, 0x94, 0x7f, 0x94, 0x7f, 0x94, 0x7f, 0x94, 0x7f, 0x94, 0x7f, 0x94, 0x7f, 0x94, 0x7f, 0x94, 0x77, 0xb4, 0x77, 0x94, 0x77, 0x95, 0x77,
  0xb5, 0x77, 0xb5, 0x77, 0xb5, 0x77, 0xb5, 0x77, 0xf6, 0x77, 0xed, 0x4c, 0x00, 0x00, 0xad, 0x44, 0xb6, 0x77, 0xb5, 0x6f, 0xb5, 0x6f, 0xb5, 0x6f, 0xb5, 0x6f, 0xb6, 0x6f, 0xf6, 0x6f, 0x52, 0x5e,
  0x00, 0x00, 0x0b, 0x3c, 0xf8, 0x77, 0xf9, 0x77, 0xf9, 0x77, 0x90, 0x4d, 0x00, 0x00, 0x90, 0x4d, 0xd6, 0x67, 0xf9, 0x6f, 0x00, 0x00, 0x8d, 0x3c, 0xf8, 0x67, 0xef, 0x3c, 0x00, 0x00, 0x00, 0x00,
  0x00, 0x00, 0xef, 0x3c, 0xd7, 0x5f, 0xb7, 0x5f, 0xb7, 0x5f, 0xb7, 0x5f, 0xb7, 0x5f, 0xb7, 0x5f, 0xb7, 0x5f, 0xb8, 0x57, 0xb7, 0x57, 0xb8, 0x57, 0xb8, 0x57, 0xfa, 0x5f, 0x64, 0x11, 0x88, 0x10,
  0xd4, 0x21, 0xb4, 0x21, 0xd5, 0x21, 0x2f, 0x11, 0xe3, 0x18, 0xfa, 0xc7, 0xf8, 0xb7, 0xf8, 0xb7, 0xf8, 0xb7, 0xf8, 0xb7, 0xf8, 0xb7, 0xf8, 0xaf, 0xf9, 0xb7, 0xf9, 0xaf, 0xf8, 0xaf, 0xf9, 0xaf,
  0xf9, 0xaf, 0xf9, 0xaf, 0xf9, 0xaf, 0xf9, 0xaf, 0xfb, 0xbf, 0x51, 0x75, 0x00, 0x00, 0xc3, 0x10, 0xd8, 0xaf, 0xf9, 0xb7, 0xfa, 0xbf, 0x50, 0x75, 0x00, 0x00, 0x44, 0x19, 0xd6, 0x96, 0x00, 0x00,
  0x00, 0x00, 0xb5, 0x96, 0xf9, 0xb7, 0xfa, 0xbf, 0xd5, 0x96, 0x00, 0x00, 0x21, 0x00, 0xb6, 0x8e, 0x24, 0x19, 0x00, 0x00, 0x30, 0x75, 0xf9, 0xb7, 0xfa, 0xb7, 0xd8, 0xaf, 0x03, 0x19, 0x00, 0x00,
  0x31, 0x6d, 0xfb, 0xa7, 0xfa, 0xa7, 0xfa, 0x9f, 0xfa, 0x9f, 0xfa, 0x9f, 0xfa, 0x9f, 0xfa, 0x9f, 0xdb, 0x9f, 0xfb, 0x9f, 0xfb, 0x9f, 0xfa, 0x9f, 0xfb, 0x9f, 0xfb, 0x9f, 0xfb, 0x9f, 0xfb, 0x9f,
  0xfb, 0x9f, 0xfb, 0x9f, 0xfb, 0x9f, 0xfb, 0x97, 0xfb, 0x9f, 0xfb, 0x9f, 0xfb, 0x97, 0xfb, 0x97, 0xfb, 0x97, 0xfb, 0x97, 0xfb, 0x97, 0xfb, 0x97, 0xfb, 0x97, 0xdb, 0x97, 0xdb, 0x97, 0xdc, 0x97,
  0xdc, 0x97, 0xdb, 0x97, 0xdc, 0x97, 0xdc, 0x97, 0xdc, 0x97, 0xdc, 0x97, 0xdc, 0x8f, 0xdc, 0x97, 0xdc, 0x97, 0xdc, 0x8f, 0xdc, 0x8f, 0xdc, 0x8f, 0xdc, 0x8f, 0xdc, 0x8f, 0xdc, 0x8f, 0xdc, 0x8f,
  0xdc, 0x8f, 0xdc, 0x8f, 0xdc, 0x8f, 0xdc, 0x8f, 0xdc, 0x8f, 0xdc, 0x8f, 0xdd, 0x8f, 0xdc, 0x8f, 0xdd, 0x8f, 0xdd, 0x87, 0xdd, 0x8f, 0xdd, 0x87, 0xdd, 0x87, 0xdd, 0x87, 0xdd, 0x87, 0xdd, 0x87,
  0xdd, 0x87, 0xdd, 0x87, 0xdd, 0x87, 0xdd, 0x87, 0xdd, 0x87, 0xdd, 0x87, 0xdd, 0x87, 0xdd, 0x87, 0xdd, 0x87, 0xdd, 0x87, 0xdd, 0x87, 0xdd, 0x87, 0xde, 0x7f, 0xde, 0x87, 0xdd, 0x7f, 0xde, 0x7f,
  0xde, 0x7f, 0xde, 0x7f, 0xde, 0x7f, 0xde, 0x7f, 0xde, 0x7f, 0xde, 0x7f, 0xde, 0x7f, 0xde, 0x7f, 0xde, 0x7f, 0xde, 0x7f, 0xff, 0x7f, 0xff, 0x87, 0xff, 0x7f, 0x13, 0x4d, 0x65, 0x19, 0x45, 0x11,
  0x51, 0x44, 0xda, 0x66, 0xff, 0x7f, 0xff, 0x87, 0xff, 0x87, 0xff, 0x87, 0xff, 0x87, 0xff, 0x7f, 0xff, 0x7f, 0xff, 0x7f, 0xdf, 0x77, 0xff, 0x77, 0xff, 0x7f, 0xff, 0x77, 0xdf, 0x77, 0xdf, 0x77,
  0xbf, 0x77, 0xbf, 0x6f, 0xbf, 0x77, 0xbf, 0x6f, 0xbf, 0x6f, 0xbf, 0x6f, 0xbf, 0x6f, 0xff, 0x77, 0x2e, 0x2b, 0x85, 0x63, 0xce, 0xcf, 0x4d, 0xc7, 0x4d, 0xc7, 0xae, 0xcf, 0x07, 0x6c, 0x0a, 0x19,
  0x50, 0x19, 0x50, 0x19, 0xc8, 0x10, 0x87, 0x5b, 0xcd, 0xae, 0x8f, 0xb7, 0x6f, 0xb7, 0x6f, 0xb7, 0x6f, 0xb7, 0x6f, 0xb7, 0x6f, 0xb7, 0x6f, 0xb7, 0x6f, 0xaf, 0x6f, 0xaf, 0x6f, 0xaf, 0x6f, 0xaf,
  0x6f, 0xaf, 0x6f, 0xaf, 0x6f, 0xaf, 0x6f, 0xaf, 0x70, 0xaf, 0x70, 0xaf, 0x70, 0xaf, 0x70, 0xa7, 0x70, 0xa7, 0x70, 0xa7, 0x70, 0xa7, 0x70, 0xa7, 0x70, 0xa7, 0x70, 0xa7, 0x70, 0xa7, 0x70, 0xa7,
  0x70, 0xa7, 0x70, 0xa7, 0x70, 0xa7, 0x71, 0x9f, 0x71, 0x9f, 0x71, 0x9f, 0x71, 0x9f, 0x71, 0x9f, 0x91, 0x9f, 0x71, 0x9f, 0x71, 0x9f, 0x91, 0x9f, 0x91, 0x9f, 0x91, 0x9f, 0x91, 0x97, 0x91, 0x97,
  0x92, 0x97, 0x91, 0x97, 0x92, 0x97, 0x72, 0x97, 0x72, 0x97, 0x92, 0x97, 0x92, 0x97, 0x92, 0x97, 0x92, 0x8f, 0x92, 0x8f, 0x92, 0x8f, 0x92, 0x8f, 0x92, 0x8f, 0x92, 0x8f, 0x93, 0x8f, 0x92, 0x8f,
  0x93, 0x8f, 0x93, 0x8f, 0x93, 0x8f, 0x93, 0x87, 0x93, 0x87, 0x93, 0x87, 0x93, 0x87, 0x93, 0x87, 0x93, 0x87, 0x93, 0x87, 0x93, 0x87, 0x93, 0x87, 0x93, 0x87, 0x93, 0x87, 0x94, 0x87, 0x94, 0x7f,
  0x94, 0x7f, 0x94, 0x7f, 0x94, 0x7f, 0x94, 0x7f, 0x94, 0x7f, 0x94, 0x7f, 0x94, 0x7f, 0x94, 0x7f, 0x94, 0x7f, 0x94, 0x7f, 0x94, 0x77, 0xb4, 0x77, 0x94, 0x77, 0xb5, 0x77, 0xb5, 0x77, 0xb5, 0x77,
  0xb5, 0x77, 0xb5, 0x77, 0xb5, 0x77, 0xb5, 0x77, 0xf6, 0x77, 0x8a, 0x33, 0x00, 0x00, 0xb3, 0x66, 0xd6, 0x6f, 0xb6, 0x6f, 0xf7, 0x77, 0xf8, 0x77, 0xf8, 0x77, 0xf8, 0x77, 0xf7, 0x6f, 0x52, 0x56,
  0x00, 0x00, 0x00, 0x00, 0x00, 0x00, 0x00, 0x00, 0x00, 0x00, 0x00, 0x00, 0x00, 0x00, 0x90, 0x4d, 0xf7, 0x67, 0x93, 0x56, 0x00, 0x00, 0xd7, 0x67, 0xf8, 0x67, 0x00, 0x00, 0xa8, 0x22, 0xf8, 0x5f,
  0x56, 0x57, 0xb7, 0x5f, 0xd7, 0x5f, 0xb7, 0x5f, 0xb7, 0x5f, 0xb7, 0x5f, 0xb7, 0x57, 0xb7, 0x57, 0xb8, 0x57, 0xb8, 0x57, 0xb8, 0x57, 0xb8, 0x57, 0xb8, 0x57, 0xfa, 0x5f, 0x64, 0x11, 0x88, 0x10,
  0xd4, 0x21, 0xb4, 0x21, 0xd5, 0x21, 0x2f, 0x11, 0xe3, 0x18, 0xfa, 0xc7, 0xf8, 0xb7, 0xf8, 0xb7, 0xf8, 0xb7, 0xf8, 0xb7, 0xf8, 0xb7, 0xf8, 0xaf, 0xf9, 0xb7, 0xf9, 0xaf, 0xf8, 0xaf, 0xf9, 0xaf,
  0xf9, 0xaf, 0xf9, 0xaf, 0xf9, 0xaf, 0xfb, 0xbf, 0x2d, 0x5c, 0x00, 0x00, 0x68, 0x3a, 0xd8, 0xaf, 0xfa, 0xb7, 0xfa, 0xbf, 0x0d, 0x5c, 0x00, 0x00, 0x0a, 0x43, 0x31, 0x75, 0x00, 0x00, 0xe3, 0x10,
  0xd8, 0xaf, 0xf9, 0xb7, 0xfa, 0xbf, 0x30, 0x75, 0x00, 0x00, 0x44, 0x19, 0xb6, 0x8e, 0x82, 0x08, 0x00, 0x00, 0xd5, 0x96, 0xf9, 0xb7, 0xfa, 0xbf, 0xb4, 0x96, 0x61, 0x08, 0x00, 0x00, 0xb6, 0x8e,
  0xfb, 0xa7, 0xfa, 0xa7, 0xfa, 0xa7, 0xfa, 0x9f, 0xfa, 0x9f, 0xfa, 0x9f, 0xfa, 0x9f, 0xfa, 0x9f, 0xdb, 0x9f, 0xfb, 0x9f, 0xfb, 0x9f, 0xfa, 0x9f, 0xfb, 0x9f, 0xfb, 0x9f, 0xfb, 0x9f, 0xfb, 0x9f,
  0xfb, 0x9f, 0xfb, 0x9f, 0xfb, 0x9f, 0xfb, 0x97, 0xfb, 0x9f, 0xfb, 0x9f, 0xfb, 0x97, 0xfb, 0x97, 0xfb, 0x97, 0xfb, 0x97, 0xfb, 0x97, 0xfb, 0x97, 0xfb, 0x97, 0xdb, 0x97, 0xdb, 0x97, 0xdc, 0x97,
  0xdc, 0x97, 0xdb, 0x97, 0xdc, 0x97, 0xdc, 0x97, 0xdc, 0x97, 0xdc, 0x97, 0xdc, 0x8f, 0xdc, 0x97, 0xdc, 0x97, 0xdc, 0x8f, 0xdc, 0x8f, 0xdc, 0x8f, 0xdc, 0x8f, 0xdc, 0x8f, 0xdc, 0x8f, 0xdc, 0x8f,
  0xdc, 0x8f, 0xdc, 0x8f, 0xdc, 0x8f, 0xdc, 0x8f, 0xdc, 0x8f, 0xdc, 0x8f, 0xdd, 0x8f, 0xdc, 0x8f, 0xdd, 0x8f, 0xdd, 0x87, 0xdd, 0x8f, 0xdd, 0x87, 0xdd, 0x87, 0xdd, 0x87, 0xdd, 0x87, 0xdd, 0x87,
  0xdd, 0x87, 0xdd, 0x87, 0xdd, 0x87, 0xdd, 0x87, 0xdd, 0x87, 0xdd, 0x87, 0xdd, 0x87, 0xdd, 0x87, 0xdd, 0x87, 0xdd, 0x87, 0xdd, 0x87, 0xdd, 0x87, 0xde, 0x7f, 0xde, 0x87, 0xdd, 0x7f, 0xde, 0x7f,
  0xde, 0x7f, 0xde, 0x7f, 0xde, 0x7f, 0xde, 0x7f, 0xde, 0x7f, 0xde, 0x7f, 0xde, 0x7f, 0xde, 0x7f, 0xde, 0x7f, 0xbe, 0x7f, 0x18, 0x66, 0x69, 0x2a, 0xe4, 0x10, 0x8e, 0x3b, 0x38, 0x66, 0xbe, 0x77,
  0xbe, 0x77, 0xff, 0x7f, 0x92, 0x44, 0x00, 0x00, 0x00, 0x00, 0x00, 0x00, 0x00, 0x00, 0x08, 0x22, 0x0c, 0x2b, 0x10, 0x3c, 0xff, 0x7f, 0x7a, 0x66, 0x8a, 0x22, 0x31, 0x3c, 0xff, 0x77, 0xdf, 0x77,
  0xbf, 0x77, 0xbf, 0x6f, 0xbf, 0x77, 0xbf, 0x6f, 0xbf, 0x6f, 0xbf, 0x6f, 0xbf, 0x6f, 0xff, 0x77, 0x2e, 0x2b, 0x85, 0x63, 0xce, 0xcf, 0x4d, 0xc7, 0x4d, 0xc7, 0xae, 0xcf, 0x07, 0x6c, 0x09, 0x19,
  0x50, 0x19, 0x50, 0x19, 0xc8, 0x10, 0x87, 0x53, 0xcd, 0xa6, 0x8f, 0xb7, 0x6f, 0xb7, 0x6f, 0xb7, 0x6f, 0xb7, 0x6f, 0xb7, 0x6f, 0xaf, 0x6f, 0xaf, 0x6f, 0xaf, 0x6f, 0xaf, 0x6f, 0xaf, 0x6f, 0xaf,
  0x6f, 0xaf, 0x6f, 0xaf, 0x70, 0xaf, 0x70, 0xaf, 0x70, 0xaf, 0x70, 0xa7, 0x70, 0xa7, 0x70, 0xa7, 0x70, 0xa7, 0x70, 0xa7, 0x70, 0xa7, 0x70, 0xa7, 0x70, 0xa7, 0x70, 0xa7, 0x70, 0x9f, 0x70, 0xa7,
  0x71, 0x9f, 0x71, 0x9f, 0x71, 0x9f, 0x71, 0x9f, 0x71, 0x9f, 0x71, 0x9f, 0x91, 0x9f, 0x71, 0x9f, 0x91, 0x9f, 0x91, 0x9f, 0x91, 0x9f, 0x91, 0x97, 0x91, 0x97, 0x91, 0x97, 0x91, 0x97, 0x92, 0x97,
  0x72, 0x97, 0x72, 0x97, 0x72, 0x97, 0x92, 0x97, 0x92, 0x97, 0x92, 0x97, 0x92, 0x8f, 0x92, 0x8f, 0x92, 0x8f, 0x92, 0x8f, 0x92, 0x8f, 0x92, 0x8f, 0x92, 0x8f, 0x93, 0x8f, 0x93, 0x8f, 0x93, 0x8f,
  0x93, 0x8f, 0x93, 0x87, 0x93, 0x87, 0x93, 0x87, 0x93, 0x87, 0x93, 0x87, 0x93, 0x87, 0x93, 0x87, 0x93, 0x87, 0x93, 0x87, 0x93, 0x87, 0x94, 0x87, 0x94, 0x7f, 0x94, 0x7f, 0x94, 0x7f, 0x94, 0x7f,
  0x94, 0x7f, 0x94, 0x7f, 0x94, 0x7f, 0x94, 0x7f, 0x94, 0x7f, 0x94, 0x7f, 0x94, 0x7f, 0x94, 0x7f, 0xb4, 0x77, 0x94, 0x77, 0x95, 0x77, 0xb5, 0x77, 0xb5, 0x77, 0xb5, 0x77, 0xb5, 0x77, 0xb5, 0x77,
  0xb5, 0x77, 0xb5, 0x77, 0x95, 0x77, 0x95, 0x6f, 0xf7, 0x77, 0x6a, 0x33, 0x00, 0x00, 0x75, 0x6f, 0xd6, 0x6f, 0xf7, 0x77, 0xc2, 0x08, 0x00, 0x00, 0x00, 0x00, 0x84, 0x19, 0xd6, 0x6f, 0x52, 0x56,
  0x00, 0x00, 0x8a, 0x33, 0x76, 0x67, 0x76, 0x67, 0xb6, 0x67, 0xee, 0x3c, 0x00, 0x00, 0x90, 0x45, 0xf9, 0x6f, 0x4a, 0x2b, 0xc8, 0x22, 0xf8, 0x67, 0xf8, 0x5f, 0x00, 0x00, 0xa2, 0x08, 0x2f, 0x3d,
  0xfa, 0x67, 0xf8, 0x5f, 0xb7, 0x5f, 0xb7, 0x5f, 0xb8, 0x57, 0xb7, 0x57, 0xb8, 0x57, 0xb8, 0x57, 0xb8, 0x57, 0xb8, 0x57, 0xb8, 0x57, 0xd8, 0x57, 0xb8, 0x57, 0xfa, 0x5f, 0x64, 0x11, 0x88, 0x10,
  0xb4, 0x21, 0xd4, 0x21, 0xd5, 0x21, 0x2f, 0x11, 0xe3, 0x18, 0xfa, 0xc7, 0xf8, 0xb7, 0xf8, 0xb7, 0xf8, 0xb7, 0xf8, 0xb7, 0xf8, 0xb7, 0xf8, 0xaf, 0xf9, 0xb7, 0xf9, 0xaf, 0xf8, 0xaf, 0xf9, 0xaf,
  0xf9, 0xaf, 0xf9, 0xb7, 0xfa, 0xb7, 0xe9, 0x42, 0x00, 0x00, 0xab, 0x53, 0xfa, 0xbf, 0xf9, 0xb7, 0xf9, 0xb7, 0xe9, 0x42, 0x00, 0x00, 0x6e, 0x5c, 0x6e, 0x5c, 0x00, 0x00, 0x07, 0x2a, 0xd8, 0xaf,
  0xf9, 0xb7, 0xfa, 0xbf, 0xec, 0x5b, 0x00, 0x00, 0x88, 0x32, 0x92, 0x75, 0x00, 0x00, 0x24, 0x19, 0x56, 0xa7, 0xf9, 0xb7, 0xfa, 0xbf, 0x91, 0x7d, 0x00, 0x00, 0x24, 0x19, 0x58, 0x97, 0xfb, 0xa7,
  0xfa, 0xa7, 0xfa, 0x9f, 0xfa, 0xa7, 0xfa, 0x9f, 0xfa, 0x9f, 0xfa, 0x9f, 0xfa, 0x9f, 0xfa, 0x9f, 0xdb, 0x9f, 0xfb, 0x9f, 0xfb, 0x9f, 0xfa, 0x9f, 0xfb, 0x9f, 0xfb, 0x9f, 0xfb, 0x9f, 0xfb, 0x9f,
  0xfb, 0x9f, 0xfb, 0x9f, 0xfb, 0x9f, 0xfb, 0x97, 0xfb, 0x9f, 0xfb, 0x9f, 0xfb, 0x97, 0xfb, 0x97, 0xfb, 0x97, 0xfb, 0x97, 0xfb, 0x97, 0xfb, 0x97, 0xfb, 0x97, 0xdb, 0x97, 0xdb, 0x97, 0xdc, 0x97,
  0xdc, 0x97, 0xdb, 0x97, 0xdc, 0x97, 0xdc, 0x97, 0xdc, 0x97, 0xdc, 0x97, 0xdc, 0x8f, 0xdc, 0x97, 0xdc, 0x97, 0xdc, 0x8f, 0xdc, 0x8f, 0xdc, 0x8f, 0xdc, 0x8f, 0xdc, 0x8f, 0xdc, 0x8f, 0xdc, 0x8f,
  0xdc, 0x8f, 0xdc, 0x8f, 0xdc, 0x8f, 0xdc, 0x8f, 0xdc, 0x8f, 0xdc, 0x8f, 0xdd, 0x8f, 0xdc, 0x8f, 0xdd, 0x8f, 0xdd, 0x87, 0xdd, 0x8f, 0xdd, 0x87, 0xdd, 0x87, 0xdd, 0x87, 0xdd, 0x87, 0xdd, 0x87,
  0xdd, 0x87, 0xdd, 0x87, 0xdd, 0x87, 0xdd, 0x87, 0xdd, 0x87, 0xdd, 0x87, 0xdd, 0x87, 0xdd, 0x87, 0xdd, 0x87, 0xdd, 0x87, 0xdd, 0x87, 0xdd, 0x87, 0xde, 0x7f, 0xde, 0x87, 0xdd, 0x7f, 0xde, 0x7f,
  0xde, 0x7f, 0xde, 0x7f, 0xde, 0x7f, 0xde, 0x7f, 0xde, 0x7f, 0xde, 0x7f, 0xde, 0x7f, 0xde, 0x7f, 0xff, 0x7f, 0xb6, 0x5d, 0x2c, 0x33, 0x96, 0x5d, 0x7d, 0x77, 0xbe, 0x7f, 0xde, 0x7f, 0xdf, 0x7f,
  0xdf, 0x7f, 0xdf, 0x77, 0xbe, 0x77, 0xff, 0x7f, 0xcf, 0x3b, 0xe7, 0x19, 0xfb, 0x6e, 0x9a, 0x66, 0x49, 0x22, 0xf0, 0x3b, 0xff, 0x7f, 0x7a, 0x66, 0x49, 0x22, 0x10, 0x3c, 0xff, 0x7f, 0xdf, 0x77,
  0xbf, 0x77, 0xbf, 0x6f, 0xbf, 0x77, 0xbf, 0x6f, 0xbf, 0x6f, 0xbf, 0x6f, 0xbf, 0x6f, 0xff, 0x77, 0x2e, 0x2b, 0x85, 0x63, 0xce, 0xcf, 0x4d, 0xc7, 0x4d, 0xc7, 0xae, 0xcf, 0x07, 0x6c, 0x09, 0x19,
  0x50, 0x19, 0x50, 0x19, 0xc8, 0x10, 0x87, 0x53, 0xce, 0xa6, 0x8f, 0xb7, 0x6f, 0xb7, 0x6f, 0xaf, 0x6f, 0xaf, 0x6f, 0xaf, 0x6f, 0xaf, 0x6f, 0xaf, 0x6f, 0xaf, 0x6f, 0xaf, 0x70, 0xaf, 0x6f, 0xaf,
  0x70, 0xaf, 0x70, 0xaf, 0x70, 0xa7, 0x70, 0xa7, 0x70, 0xa7, 0x70, 0xa7, 0x70, 0xa7, 0x70, 0xa7, 0x70, 0xa7, 0x70, 0xa7, 0x70, 0xa7, 0x70, 0xa7, 0x70, 0xa7, 0x70, 0xa7, 0x71, 0x9f, 0x71, 0x9f,
  0x71, 0x9f, 0x71, 0x9f, 0x71, 0x9f, 0x91, 0x9f, 0x71, 0x9f, 0x71, 0x9f, 0x91, 0x9f, 0x91, 0x9f, 0x91, 0x9f, 0x91, 0x97, 0x91, 0x97, 0x92, 0x97, 0x91, 0x97, 0x92, 0x97, 0x72, 0x97, 0x72, 0x97,
  0x92, 0x97, 0x92, 0x97, 0x92, 0x97, 0x92, 0x8f, 0x92, 0x8f, 0x92, 0x8f, 0x92, 0x8f, 0x92, 0x8f, 0x92, 0x8f, 0x93, 0x8f, 0x92, 0x8f, 0x93, 0x8f, 0x93, 0x8f, 0x93, 0x8f, 0x93, 0x8f, 0x93, 0x87,
  0x93, 0x87, 0x93, 0x87, 0x93, 0x87, 0x93, 0x87, 0x93, 0x87, 0x93, 0x87, 0x93, 0x87, 0x93, 0x87, 0x93, 0x87, 0x94, 0x87, 0x94, 0x7f, 0x94, 0x7f, 0x94, 0x7f, 0x94, 0x7f, 0x94, 0x7f, 0x94, 0x7f,
  0x94, 0x7f, 0x94, 0x7f, 0x94, 0x7f, 0x94, 0x77, 0x94, 0x7f, 0x94, 0x77, 0xb4, 0x77, 0x94, 0x77, 0xb5, 0x77, 0xb5, 0x77, 0xb5, 0x77, 0xb5, 0x77, 0xb5, 0x77, 0xb5, 0x77, 0xb5, 0x6f, 0xb5, 0x77,
  0x95, 0x6f, 0x95, 0x6f, 0xb5, 0x6f, 0xb5, 0x6f, 0xf7, 0x77, 0x6c, 0x44, 0x00, 0x00, 0x11, 0x56, 0xb6, 0x6f, 0xd6, 0x6f, 0x75, 0x67, 0xf7, 0x6f, 0xe3, 0x10, 0x44, 0x11, 0xd7, 0x67, 0x72, 0x56,
  0x00, 0x00, 0xab, 0x33, 0xd7, 0x67, 0xd7, 0x67, 0xf8, 0x67, 0x2f, 0x45, 0x00, 0x00, 0x90, 0x45, 0xf9, 0x67, 0x00, 0x00, 0x50, 0x45, 0xd7, 0x5f, 0xf8, 0x5f, 0x53, 0x4e, 0xc2, 0x08, 0x00, 0x00,
  0x64, 0x11, 0x56, 0x57, 0xd8, 0x5f, 0xb8, 0x57, 0xb8, 0x57, 0xb8, 0x57, 0xb8, 0x57, 0xb8, 0x57, 0xb8, 0x57, 0xd8, 0x57, 0xb8, 0x57, 0xd8, 0x57, 0xd8, 0x57, 0xfb, 0x57, 0x64, 0x09, 0x68, 0x10,
  0xd4, 0x21, 0xd4, 0x21, 0xd5, 0x21, 0x2f, 0x11, 0xe3, 0x18, 0xfa, 0xc7, 0xf8, 0xb7, 0xf8, 0xb7, 0xf8, 0xb7, 0xf8, 0xb7, 0xf8, 0xb7, 0xf8, 0xaf, 0xf9, 0xb7, 0xf9, 0xaf, 0xf8, 0xaf, 0xf9, 0xaf,
  0xf9, 0xb7, 0xfa, 0xbf, 0x04, 0x19, 0x21, 0x00, 0x91, 0x7d, 0xfc, 0xc7, 0xfb, 0xc7, 0xfa, 0xb7, 0x03, 0x19, 0x00, 0x00, 0xb2, 0x7d, 0x2a, 0x43, 0x00, 0x00, 0xec, 0x5b, 0xfc, 0xc7, 0xfb, 0xc7,
  0xfb, 0xbf, 0xc8, 0x3a, 0x00, 0x00, 0xcc, 0x53, 0xf0, 0x6c, 0x00, 0x00, 0xe9, 0x42, 0xfa, 0xbf, 0xfb, 0xc7, 0xfa, 0xbf, 0x4d, 0x64, 0x00, 0x00, 0x48, 0x32, 0xda, 0x9f, 0xfb, 0xa7, 0xfa, 0xa7,
  0xfa, 0xa7, 0xfa, 0x9f, 0xfa, 0xa7, 0xfa, 0x9f, 0xfa, 0x9f, 0xfa, 0x9f, 0xfa, 0x9f, 0xfa, 0x9f, 0xdb, 0x9f, 0xfb, 0x9f, 0xfb, 0x9f, 0xfa, 0x9f, 0xfb, 0x9f, 0xfb, 0x9f, 0xfb, 0x9f, 0xfb, 0x9f,
  0xfb, 0x9f, 0xfb, 0x9f, 0xfb, 0x9f, 0xfb, 0x97, 0xfb, 0x9f, 0xfb, 0x9f, 0xfb, 0x97, 0xfb, 0x97, 0xfb, 0x97, 0xfb, 0x97, 0xfb, 0x97, 0xfb, 0x97, 0xfb, 0x97, 0xdb, 0x97, 0xdb, 0x97, 0xdc, 0x97,
  0xdc, 0x97, 0xdb, 0x97, 0xdc, 0x97, 0xdc, 0x97, 0xdc, 0x97, 0xdc, 0x97, 0xdc, 0x8f, 0xdc, 0x97, 0xdc, 0x97, 0xdc, 0x8f, 0xdc, 0x8f, 0xdc, 0x8f, 0xdc, 0x8f, 0xdc, 0x8f, 0xdc, 0x8f, 0xdc, 0x8f,
  0xdc, 0x8f, 0xdc, 0x8f, 0xdc, 0x8f, 0xdc, 0x8f, 0xdc, 0x8f, 0xdc, 0x8f, 0xdd, 0x8f, 0xdc, 0x8f, 0xdd, 0x8f, 0xdd, 0x87, 0xdd, 0x8f, 0xdd, 0x87, 0xdd, 0x87, 0xdd, 0x87, 0xdd, 0x87, 0xdd, 0x87,
  0xdd, 0x87, 0xdd, 0x87, 0xdd, 0x87, 0xdd, 0x87, 0xdd, 0x87, 0xdd, 0x87, 0xdd, 0x87, 0xdd, 0x87, 0xdd, 0x87, 0xdd, 0x87, 0xdd, 0x87, 0xdd, 0x87, 0xde, 0x7f, 0xde, 0x87, 0xdd, 0x7f, 0xde, 0x7f,
  0xde, 0x7f, 0xde, 0x7f, 0xde, 0x7f, 0xde, 0x7f, 0xde, 0x7f, 0xde, 0x7f, 0xde, 0x7f, 0xde, 0x7f, 0xde, 0x7f, 0xbe, 0x7f, 0xbe, 0x7f, 0xde, 0x7f, 0xde, 0x7f, 0xde, 0x7f, 0xde, 0x7f, 0xde, 0x77,
  0xde, 0x7f, 0xde, 0x77, 0xdf, 0x77, 0xff, 0x7f, 0xf0, 0x3b, 0x08, 0x22, 0x5d, 0x6f, 0xbb, 0x66, 0x6a, 0x22, 0x72, 0x44, 0xff, 0x8f, 0x3d, 0x6f, 0x8a, 0x2a, 0x30, 0x3c, 0xff, 0x7f, 0xdf, 0x77,
  0xbf, 0x77, 0xbf, 0x6f, 0xbf, 0x77, 0xbf, 0x6f, 0xbf, 0x6f, 0xbf, 0x6f, 0xbf, 0x6f, 0xff, 0x77, 0x2e, 0x2b, 0x85, 0x63, 0xce, 0xcf, 0x4d, 0xc7, 0x4d, 0xc7, 0xae, 0xcf, 0x07, 0x6c, 0x09, 0x19,
  0x50, 0x19, 0x50, 0x19, 0xc8, 0x10, 0x87, 0x53, 0xce, 0xa6, 0x8f, 0xb7, 0x6f, 0xaf, 0x6f, 0xaf, 0x6f, 0xaf, 0x6f, 0xaf, 0x6f, 0xaf, 0x6f, 0xaf, 0x6f, 0xaf, 0x70, 0xaf, 0x70, 0xaf, 0x70, 0xaf,
  0x70, 0xa7, 0x70, 0xa7, 0x70, 0xa7, 0x70, 0xa7, 0x70, 0xa7, 0x70, 0xa7, 0x70, 0xa7, 0x70, 0xa7, 0x70, 0xa7, 0x71, 0x9f, 0x70, 0xa7, 0x71, 0x9f, 0x71, 0x9f, 0x71, 0x9f, 0x71, 0x9f, 0x71, 0x9f,
  0x71, 0x9f, 0x91, 0x9f, 0x71, 0x9f, 0x91, 0x9f, 0x91, 0x9f, 0x91, 0x9f, 0x91, 0x97, 0x91, 0x97, 0x91, 0x97, 0x91, 0x97, 0x92, 0x97, 0x72, 0x97, 0x72, 0x97, 0x72, 0x97, 0x92, 0x97, 0x92, 0x97,
  0x92, 0x97, 0x92, 0x8f, 0x92, 0x8f, 0x92, 0x8f, 0x92, 0x8f, 0x92, 0x8f, 0x92, 0x8f, 0x92, 0x8f, 0x93, 0x8f, 0x93, 0x8f, 0x93, 0x8f, 0x93, 0x8f, 0x93, 0x87, 0x93, 0x87, 0x93, 0x87, 0x93, 0x87,
  0x93, 0x87, 0x93, 0x87, 0x93, 0x87, 0x93, 0x87, 0x93, 0x87, 0x93, 0x87, 0x94, 0x87, 0x94, 0x7f, 0x94, 0x7f, 0x94, 0x7f, 0x94, 0x7f, 0x94, 0x7f, 0x94, 0x7f, 0x94, 0x7f, 0x94, 0x7f, 0x94, 0x7f,
  0x94, 0x7f, 0x94, 0x7f, 0x94, 0x7f, 0x94, 0x77, 0xb4, 0x77, 0x95, 0x77, 0xb5, 0x77, 0xb5, 0x77, 0xb5, 0x77, 0xb5, 0x77, 0xb5, 0x77, 0xb5, 0x77, 0xb5, 0x77, 0x95, 0x77, 0x95, 0x6f, 0x95, 0x6f,
  0xb5, 0x6f, 0xb5, 0x6f, 0xb6, 0x6f, 0xb5, 0x6f, 0xd6, 0x6f, 0x34, 0x67, 0x00, 0x00, 0x26, 0x1a, 0xf7, 0x6f, 0xf7, 0x6f, 0xd6, 0x67, 0xf9, 0x77, 0x03, 0x11, 0x44, 0x11, 0xf7, 0x67, 0x72, 0x56,
  0x00, 0x00, 0xab, 0x33, 0xd7, 0x67, 0xb7, 0x67, 0xf8, 0x67, 0x0f, 0x3d, 0x00, 0x00, 0xd1, 0x45, 0x50, 0x45, 0x00, 0x00, 0xd8, 0x5f, 0xd7, 0x5f, 0xb7, 0x5f, 0xd8, 0x5f, 0xd8, 0x5f, 0xf2, 0x45,
  0x00, 0x00, 0x26, 0x1a, 0xf9, 0x5f, 0xb8, 0x57, 0xb8, 0x57, 0xb8, 0x57, 0xd8, 0x57, 0xb8, 0x57, 0xb8, 0x57, 0xd8, 0x57, 0xd8, 0x4f, 0xd8, 0x4f, 0xd8, 0x4f, 0xfb, 0x57, 0x64, 0x09, 0x68, 0x10,
  0xd4, 0x21, 0xd4, 0x21, 0xd5, 0x21, 0x2f, 0x11, 0xe3, 0x18, 0xfa, 0xc7, 0xf8, 0xb7, 0xf8, 0xb7, 0xf8, 0xb7, 0xf8, 0xb7, 0xf8, 0xb7, 0xf8, 0xaf, 0xf9, 0xb7, 0xf9, 0xaf, 0xf9, 0xaf, 0xf9, 0xb7,
  0x16, 0x9f, 0x00, 0x00, 0x00, 0x00, 0x41, 0x08, 0x47, 0x32, 0x07, 0x32, 0x06, 0x32, 0x20, 0x00, 0x00, 0x00, 0xf6, 0x96, 0x04, 0x19, 0x00, 0x00, 0x00, 0x00, 0x47, 0x32, 0x27, 0x32, 0x06, 0x2a,
  0xc2, 0x10, 0x00, 0x00, 0x71, 0x75, 0xc9, 0x3a, 0x00, 0x00, 0x00, 0x00, 0xa5, 0x21, 0x27, 0x32, 0x06, 0x32, 0x44, 0x19, 0x00, 0x00, 0xea, 0x3a, 0xfb, 0xaf, 0xfa, 0xa7, 0xfa, 0xa7, 0xfa, 0xa7,
  0xfa, 0xa7, 0xfa, 0x9f, 0xfa, 0xa7, 0xfa, 0x9f, 0xfa, 0x9f, 0xfa, 0x9f, 0xfa, 0x9f, 0xfa, 0x9f, 0xdb, 0x9f, 0xfb, 0x9f, 0xfb, 0x9f, 0xfa, 0x9f, 0xfb, 0x9f, 0xfb, 0x9f, 0xfb, 0x9f, 0xfb, 0x9f,
  0xfb, 0x9f, 0xfb, 0x9f, 0xfb, 0x9f, 0xfb, 0x97, 0xfb, 0x9f, 0xfb, 0x9f, 0xfb, 0x97, 0xfb, 0x97, 0xfb, 0x97, 0xfb, 0x97, 0xfb, 0x97, 0xfb, 0x97, 0xfb, 0x97, 0xdb, 0x97, 0xdb, 0x97, 0xdc, 0x97,
  0xdc, 0x97, 0xdb, 0x97, 0xdc, 0x97, 0xdc, 0x97, 0xdc, 0x97, 0xdc, 0x97, 0xdc, 0x8f, 0xdc, 0x97, 0xdc, 0x97, 0xdc, 0x8f, 0xdc, 0x8f, 0xdc, 0x8f, 0xdc, 0x8f, 0xdc, 0x8f, 0xdc, 0x8f, 0xdc, 0x8f,
  0xdc, 0x8f, 0xdc, 0x8f, 0xdc, 0x8f, 0xdc, 0x8f, 0xdc, 0x8f, 0xdc, 0x8f, 0xdd, 0x8f, 0xdc, 0x8f, 0xdd, 0x8f, 0xdd, 0x87, 0xdd, 0x8f, 0xdd, 0x87, 0xdd, 0x87, 0xdd, 0x87, 0xdd, 0x87, 0xdd, 0x87,
  0xdd, 0x87, 0xdd, 0x87, 0xdd, 0x87, 0xdd, 0x87, 0xdd, 0x87, 0xdd, 0x87, 0xdd, 0x87, 0xdd, 0x87, 0xdd, 0x87, 0xdd, 0x87, 0xdd, 0x87, 0xdd, 0x87, 0xde, 0x7f, 0xde, 0x87, 0xdd, 0x7f, 0xde, 0x7f,
  0xde, 0x7f, 0xde, 0x7f, 0xde, 0x7f, 0xde, 0x7f, 0xde, 0x7f, 0xde, 0x7f, 0xde, 0x7f, 0xde, 0x7f, 0xde, 0x7f, 0xde, 0x7f, 0xde, 0x7f, 0xde, 0x7f, 0xde, 0x7f, 0xde, 0x7f, 0xde, 0x7f, 0xde, 0x77,
  0xde, 0x7f, 0xde, 0x77, 0xdf, 0x77, 0xff, 0x7f, 0xef, 0x3b, 0x08, 0x22, 0x3d, 0x6f, 0xbb, 0x66, 0x29, 0x22, 0x00, 0x00, 0x00, 0x00, 0x00, 0x00, 0x00, 0x00, 0x71, 0x44, 0xff, 0x7f, 0xdf, 0x77,
  0xbf, 0x77, 0xbf, 0x6f, 0xbf, 0x77, 0xbf, 0x6f, 0xbf, 0x6f, 0xbf, 0x6f, 0xbf, 0x6f, 0xff, 0x77, 0x2e, 0x2b, 0x85, 0x63, 0xce, 0xcf, 0x4d, 0xc7, 0x4d, 0xc7, 0xae, 0xcf, 0x07, 0x6c, 0x09, 0x11,
  0x2f, 0x19, 0x50, 0x19, 0xe8, 0x10, 0x87, 0x53, 0xce, 0xa6, 0x8f, 0xaf, 0x6f, 0xaf, 0x6f, 0xaf, 0x6f, 0xaf, 0x70, 0xaf, 0x6f, 0xaf, 0x70, 0xaf, 0x70, 0xaf, 0x70, 0xa7, 0x70, 0xa7, 0x70, 0xa7,
  0x70, 0xa7, 0x70, 0xa7, 0x70, 0xa7, 0x70, 0xa7, 0x70, 0xa7, 0x70, 0xa7, 0x70, 0xa7, 0x71, 0xa7, 0x70, 0xa7, 0x71, 0x9f, 0x71, 0x9f, 0x71, 0x9f, 0x71, 0x9f, 0x71, 0x9f, 0x91, 0x9f, 0x91, 0x9f,
  0x71, 0x9f, 0x91, 0x9f, 0x91, 0x9f, 0x91, 0x9f, 0x91, 0x97, 0x91, 0x97, 0x92, 0x97, 0x91, 0x97, 0x92, 0x97, 0x72, 0x97, 0x72, 0x97, 0x92, 0x97, 0x92, 0x97, 0x92, 0x97, 0x92, 0x8f, 0x92, 0x8f,
  0x92, 0x8f, 0x92, 0x8f, 0x92, 0x8f, 0x92, 0x8f, 0x93, 0x8f, 0x92, 0x8f, 0x93, 0x8f, 0x93, 0x8f, 0x93, 0x8f, 0x93, 0x8f, 0x93, 0x87, 0x93, 0x87, 0x93, 0x87, 0x93, 0x87, 0x93, 0x87, 0x93, 0x87,
  0x93, 0x87, 0x93, 0x87, 0x93, 0x87, 0x93, 0x87, 0x94, 0x87, 0x94, 0x7f, 0x94, 0x7f, 0x94, 0x7f, 0x94, 0x7f, 0x94, 0x7f, 0x94, 0x7f, 0x94, 0x7f, 0x94, 0x7f, 0x94, 0x7f, 0x94, 0x77, 0x94, 0x7f,
  0x94, 0x77, 0xb5, 0x77, 0xb4, 0x77, 0x95, 0x77, 0xb5, 0x77, 0xb5, 0x77, 0xb5, 0x77, 0xb5, 0x77, 0xb5, 0x77, 0xb5, 0x77, 0xb5, 0x77, 0x95, 0x6f, 0x95, 0x6f, 0xb5, 0x6f, 0xb5, 0x6f, 0xb6, 0x6f,
  0xb5, 0x6f, 0xb6, 0x6f, 0xb6, 0x6f, 0xb6, 0x6f, 0xb6, 0x6f, 0xf7, 0x6f, 0xce, 0x44, 0x00, 0x00, 0xe2, 0x10, 0x73, 0x56, 0xf9, 0x6f, 0xfb, 0x7f, 0x44, 0x11, 0x23, 0x11, 0xd7, 0x67, 0x73, 0x56,
  0x00, 0x00, 0xab, 0x2b, 0xd7, 0x67, 0xb7, 0x5f, 0xf8, 0x67, 0x0f, 0x3d, 0x00, 0x00, 0x32, 0x4e, 0xa8, 0x22, 0x6a, 0x2b, 0xf8, 0x5f, 0xd7, 0x5f, 0xd8, 0x5f, 0xfa, 0x67, 0xfb, 0x67, 0xf9, 0x5f,
  0x00, 0x00, 0xc9, 0x22, 0xf9, 0x57, 0xb8, 0x57, 0xd8, 0x57, 0xb8, 0x57, 0xd8, 0x57, 0xd8, 0x57, 0xd8, 0x4f, 0xd8, 0x4f, 0xd9, 0x4f, 0xd8, 0x4f, 0xd9, 0x4f, 0xfb, 0x57, 0x64, 0x11, 0x68, 0x10,
  0xd4, 0x21, 0xb4, 0x21, 0xd4, 0x21, 0x2f, 0x11, 0xe2, 0x18, 0xfa, 0xc7, 0xf8, 0xb7, 0xf8, 0xb7, 0xf8, 0xb7, 0xf8, 0xb7, 0xf8, 0xb7, 0xf8, 0xaf, 0xf9, 0xb7, 0xf9, 0xaf, 0xf9, 0xb7, 0xf6, 0x9e,
  0x64, 0x21, 0x24, 0x19, 0x44, 0x19, 0x44, 0x19, 0x44, 0x19, 0x24, 0x19, 0x24, 0x19, 0xc6, 0x29, 0x57, 0x9f, 0x27, 0x32, 0x24, 0x19, 0x44, 0x19, 0x44, 0x19, 0x44, 0x19, 0x24, 0x19, 0x24, 0x19,
  0x65, 0x19, 0xb5, 0x8e, 0xed, 0x53, 0x04, 0x19, 0x44, 0x19, 0x44, 0x19, 0x44, 0x19, 0x44, 0x19, 0x24, 0x19, 0x65, 0x19, 0x10, 0x6d, 0xfb, 0xaf, 0xfa, 0xa7, 0xfa, 0xa7, 0xfa, 0xa7, 0xfa, 0xa7,
  0xfa, 0xa7, 0xfa, 0x9f, 0xfa, 0xa7, 0xfa, 0x9f, 0xfa, 0x9f, 0xfa, 0x9f, 0xfa, 0x9f, 0xfa, 0x9f, 0xdb, 0x9f, 0xfb, 0x9f, 0xfb, 0x9f, 0xfa, 0x9f, 0xfb, 0x9f, 0xfb, 0x9f, 0xfb, 0x9f, 0xfb, 0x9f,
  0xfb, 0x9f, 0xfb, 0x9f, 0xfb, 0x9f, 0xfb, 0x97, 0xfb, 0x9f, 0xfb, 0x9f, 0xfb, 0x97, 0xfb, 0x97, 0xfb, 0x97, 0xfb, 0x97, 0xfb, 0x97, 0xfb, 0x97, 0xfb, 0x97, 0xdb, 0x97, 0xdb, 0x97, 0xdc, 0x97,
  0xdc, 0x97, 0xdb, 0x97, 0xdc, 0x97, 0xdc, 0x97, 0xdc, 0x97, 0xdc, 0x97, 0xdc, 0x8f, 0xdc, 0x97, 0xdc, 0x97, 0xdc, 0x8f, 0xdc, 0x8f, 0xdc, 0x8f, 0xdc, 0x8f, 0xdc, 0x8f, 0xdc, 0x8f, 0xdc, 0x8f,
  0xdc, 0x8f, 0xdc, 0x8f, 0xdc, 0x8f, 0xdc, 0x8f, 0xdc, 0x8f, 0xdc, 0x8f, 0xdd, 0x8f, 0xdc, 0x8f, 0xdd, 0x8f, 0xdd, 0x87, 0xdd, 0x8f, 0xdd, 0x87, 0xdd, 0x87, 0xdd, 0x87, 0xdd, 0x87, 0xdd, 0x87,
  0xdd, 0x87, 0xdd, 0x87, 0xdd, 0x87, 0xdd, 0x87, 0xdd, 0x87, 0xdd, 0x87, 0xdd, 0x87, 0xdd, 0x87, 0xdd, 0x87, 0xdd, 0x87, 0xdd, 0x87, 0xdd, 0x87, 0xde, 0x7f, 0xde, 0x87, 0xdd, 0x7f, 0xde, 0x7f,
  0xde, 0x7f, 0xde, 0x7f, 0xde, 0x7f, 0xde, 0x7f, 0xde, 0x7f, 0xde, 0x7f, 0xde, 0x7f, 0xde, 0x7f, 0xde, 0x7f, 0xde, 0x7f, 0xde, 0x7f, 0xbe, 0x7f, 0xde, 0x7f, 0xde, 0x7f, 0xde, 0x7f, 0xde, 0x77,
  0xde, 0x7f, 0xde, 0x77, 0xdf, 0x77, 0xff, 0x7f, 0xef, 0x3b, 0x08, 0x22, 0x3d, 0x6f, 0xba, 0x66, 0x69, 0x22, 0xf0, 0x3b, 0xff, 0x7f, 0x7a, 0x66, 0x49, 0x22, 0x31, 0x3c, 0xff, 0x7f, 0xdf, 0x77,
  0xbf, 0x77, 0xbf, 0x6f, 0xbf, 0x77, 0xbf, 0x6f, 0xbf, 0x6f, 0xbf, 0x6f, 0xbf, 0x6f, 0xff, 0x77, 0x2e, 0x2b, 0x85, 0x63, 0xce, 0xcf, 0x4d, 0xc7, 0x4d, 0xc7, 0xae, 0xcf, 0x07, 0x6c, 0x09, 0x19,
  0x2f, 0x19, 0x4f, 0x19, 0xe8, 0x10, 0x87, 0x53, 0xee, 0xa6, 0x90, 0xaf, 0x70, 0xaf, 0x6f, 0xaf, 0x70, 0xaf, 0x70, 0xaf, 0x70, 0xaf, 0x70, 0xa7, 0x70, 0xa7, 0x70, 0xa7, 0x70, 0xa7, 0x70, 0xa7,
  0x70, 0xa7, 0x70, 0xa7, 0x70, 0xa7, 0x70, 0xa7, 0x71, 0x9f, 0x70, 0xa7, 0x71, 0x9f, 0x71, 0x9f, 0x71, 0x9f, 0x71, 0x9f, 0x71, 0x9f, 0x71, 0x9f, 0x91, 0x9f, 0x71, 0x9f, 0x91, 0x9f, 0x91, 0x9f,
  0x91, 0x9f, 0x91, 0x97, 0x91, 0x97, 0x92, 0x97, 0x91, 0x97, 0x92, 0x97, 0x92, 0x97, 0x72, 0x97, 0x72, 0x97, 0x92, 0x97, 0x92, 0x97, 0x92, 0x97, 0x92, 0x8f, 0x92, 0x8f, 0x92, 0x8f, 0x92, 0x8f,
  0x92, 0x8f, 0x93, 0x8f, 0x92, 0x8f, 0x93, 0x8f, 0x93, 0x8f, 0x93, 0x8f, 0x93, 0x8f, 0x93, 0x87, 0x93, 0x87, 0x93, 0x87, 0x93, 0x87, 0x93, 0x87, 0x93, 0x87, 0x93, 0x87, 0x93, 0x87, 0x93, 0x87,
  0x93, 0x87, 0x94, 0x87, 0x94, 0x7f, 0x94, 0x7f, 0x94, 0x7f, 0x94, 0x7f, 0x94, 0x7f, 0x94, 0x7f, 0x94, 0x7f, 0x94, 0x7f, 0x94, 0x7f, 0x94, 0x7f, 0x94, 0x7f, 0x94, 0x7f, 0x94, 0x77, 0xb4, 0x77,
  0x95, 0x77, 0xb5, 0x77, 0xb5, 0x77, 0xb5, 0x77, 0xb5, 0x77, 0xb5, 0x77, 0xb5, 0x77, 0xb5, 0x77, 0x95, 0x77, 0x95, 0x6f, 0x95, 0x6f, 0xb5, 0x6f, 0xb5, 0x6f, 0xb6, 0x6f, 0xb5, 0x6f, 0xb6, 0x6f,
  0xb6, 0x6f, 0xb6, 0x6f, 0xb6, 0x67, 0xb6, 0x6f, 0xb6, 0x67, 0xb6, 0x67, 0xf7, 0x6f, 0xd1, 0x4d, 0xa5, 0x19, 0x00, 0x00, 0x00, 0x00, 0x00, 0x00, 0x00, 0x00, 0x29, 0x2b, 0xf7, 0x67, 0x32, 0x4e,
  0x00, 0x00, 0x2a, 0x23, 0xb7, 0x5f, 0xb7, 0x5f, 0xf8, 0x5f, 0xce, 0x3c, 0x00, 0x00, 0xd2, 0x45, 0x00, 0x00, 0x94, 0x4e, 0xd8, 0x5f, 0xd8, 0x5f, 0x36, 0x57, 0x00, 0x00, 0x00, 0x00, 0x00, 0x00,
  0xe3, 0x08, 0x77, 0x4f, 0xd8, 0x57, 0xd8, 0x57, 0xd8, 0x57, 0xd8, 0x4f, 0xd8, 0x4f, 0xd8, 0x4f, 0xd9, 0x4f, 0xd8, 0x4f, 0xd9, 0x4f, 0xb9, 0x4f, 0xb9, 0x4f, 0xfb, 0x57, 0x64, 0x09, 0x68, 0x10,
  0xb4, 0x21, 0xb4, 0x21, 0xd4, 0x21, 0x2f, 0x11, 0xe3, 0x18, 0xfa, 0xc7, 0xf8, 0xb7, 0xf8, 0xb7, 0xf8, 0xb7, 0xf8, 0xb7, 0xf8, 0xb7, 0xf8, 0xaf, 0xf9, 0xb7, 0xf9, 0xaf, 0xf9, 0xaf, 0xf9, 0xaf,
  0xf9, 0xaf, 0xf9, 0xb7, 0xf9, 0xaf, 0xf9, 0xaf, 0xf9, 0xaf, 0xf9, 0xaf, 0xf9, 0xaf, 0xf9, 0xaf, 0xfa, 0xaf, 0xf9, 0xaf, 0xf9, 0xaf, 0xf9, 0xaf, 0xfa, 0xaf, 0xfa, 0xaf, 0xfa, 0xaf, 0xfa, 0xaf,
  0xfa, 0xaf, 0xfa, 0xaf, 0xfa, 0xa7, 0xfa, 0xa7, 0xfa, 0xaf, 0xfa, 0xa7, 0xfa, 0xa7, 0xfa, 0xa7, 0xfa, 0xa7, 0xfa, 0xa7, 0xfa, 0xa7, 0xfa, 0xa7, 0xfa, 0xa7, 0xfa, 0xa7, 0xfa, 0xa7, 0xfa, 0xa7,
  0xfa, 0xa7, 0xfa, 0x9f, 0xfa, 0xa7, 0xfa, 0x9f, 0xfa, 0x9f, 0xfa, 0x9f, 0xfa, 0x9f, 0xfa, 0x9f, 0xdb, 0x9f, 0xfb, 0x9f, 0xfb, 0x9f, 0xfa, 0x9f, 0xfb, 0x9f, 0xfb, 0x9f, 0xfb, 0x9f, 0xfb, 0x9f,
  0xfb, 0x9f, 0xfb, 0x9f, 0xfb, 0x9f, 0xfb, 0x97, 0xfb, 0x9f, 0xfb, 0x9f, 0xfb, 0x97, 0xfb, 0x97, 0xfb, 0x97, 0xfb, 0x97, 0xfb, 0x97, 0xfb, 0x97, 0xfb, 0x97, 0xdb, 0x97, 0xdb, 0x97, 0xdc, 0x97,
  0xdc, 0x97, 0xdb, 0x97, 0xdc, 0x97, 0xdc, 0x97, 0xdc, 0x97, 0xdc, 0x97, 0xdc, 0x8f, 0xdc, 0x97, 0xdc, 0x97, 0xdc, 0x8f, 0xdc, 0x8f, 0xdc, 0x8f, 0xdc, 0x8f, 0xdc, 0x8f, 0xdc, 0x8f, 0xdc, 0x8f,
  0xdc, 0x8f, 0xdc, 0x8f, 0xdc, 0x8f, 0xdc, 0x8f, 0xdc, 0x8f, 0xdc, 0x8f, 0xdd, 0x8f, 0xdc, 0x8f, 0xdd, 0x8f, 0xdd, 0x87, 0xdd, 0x8f, 0xdd, 0x87, 0xdd, 0x87, 0xdd, 0x87, 0xdd, 0x87, 0xdd, 0x87,
  0xdd, 0x87, 0xdd, 0x87, 0xdd, 0x87, 0xdd, 0x87, 0xdd, 0x87, 0xdd, 0x87, 0xdd, 0x87, 0xdd, 0x87, 0xdd, 0x87, 0xdd, 0x87, 0xdd, 0x87, 0xdd, 0x87, 0xde, 0x7f, 0xde, 0x87, 0xdd, 0x7f, 0xde, 0x7f,
  0xde, 0x7f, 0xde, 0x7f, 0xde, 0x7f, 0xde, 0x7f, 0xde, 0x7f, 0xde, 0x7f, 0xde, 0x7f, 0xde, 0x7f, 0xde, 0x7f, 0xde, 0x7f, 0xde, 0x7f, 0xbe, 0x7f, 0xde, 0x7f, 0xde, 0x7f, 0xde, 0x7f, 0xde, 0x77,
  0xde, 0x7f, 0xde, 0x77, 0xdf, 0x77, 0xff, 0x7f, 0xef, 0x3b, 0x08, 0x22, 0x3d, 0x6f, 0xba, 0x66, 0x69, 0x22, 0x10, 0x3c, 0xff, 0x7f, 0x9a, 0x66, 0x49, 0x22, 0x30, 0x3c, 0xff, 0x7f, 0xdf, 0x77,
  0xbf, 0x77, 0xbf, 0x6f, 0xbf, 0x77, 0xbf, 0x6f, 0xbf, 0x6f, 0xbf, 0x6f, 0xbf, 0x6f, 0xff, 0x77, 0x2e, 0x2b, 0x85, 0x63, 0xce, 0xcf, 0x4d, 0xc7, 0x4d, 0xc7, 0xae, 0xcf, 0x07, 0x6c, 0x09, 0x19,
  0x2f, 0x19, 0x4f, 0x19, 0xe8, 0x10, 0x87, 0x53, 0xee, 0x9e, 0x90, 0xaf, 0x70, 0xaf, 0x70, 0xaf, 0x70, 0xa7, 0x70, 0xa7, 0x70, 0xa7, 0x70, 0xa7, 0x70, 0xa7, 0x70, 0xa7, 0x70, 0xa7, 0x70, 0xa7,
  0x70, 0xa7, 0x70, 0xa7, 0x71, 0xa7, 0x70, 0xa7, 0x71, 0x9f, 0x71, 0x9f, 0x71, 0x9f, 0x71, 0x9f, 0x71, 0x9f, 0x91, 0x9f, 0x91, 0x9f, 0x91, 0x9f, 0x91, 0x9f, 0x91, 0x97, 0x91, 0x9f, 0x91, 0x97,
  0x91, 0x97, 0x92, 0x97, 0x91, 0x97, 0x92, 0x97, 0x72, 0x97, 0x72, 0x97, 0x72, 0x97, 0x92, 0x97, 0x92, 0x97, 0x92, 0x8f, 0x92, 0x8f, 0x92, 0x8f, 0x92, 0x8f, 0x92, 0x8f, 0x92, 0x8f, 0x93, 0x8f,
  0x92, 0x8f, 0x93, 0x8f, 0x93, 0x8f, 0x93, 0x8f, 0x93, 0x8f, 0x93, 0x87, 0x93, 0x87, 0x93, 0x87, 0x93, 0x87, 0x93, 0x87, 0x93, 0x87, 0x93, 0x87, 0x93, 0x87, 0x93, 0x87, 0x93, 0x87, 0x94, 0x87,
  0x94, 0x7f, 0x94, 0x7f, 0x94, 0x7f, 0x94, 0x7f, 0x94, 0x7f, 0x94, 0x7f, 0x94, 0x7f, 0x94, 0x7f, 0x94, 0x7f, 0x94, 0x77, 0x94, 0x7f, 0x94, 0x77, 0xb5, 0x77, 0xb4, 0x77, 0xb5, 0x77, 0xb5, 0x77,
  0xb5, 0x77, 0xb5, 0x77, 0xb5, 0x77, 0xb5, 0x77, 0xb5, 0x77, 0xb5, 0x77, 0x95, 0x6f, 0x95, 0x6f, 0xb5, 0x6f, 0xb5, 0x6f, 0xb6, 0x6f, 0xb5, 0x6f, 0xb6, 0x6f, 0xb6, 0x6f, 0xb6, 0x6f, 0xb6, 0x6f,
  0xb6, 0x6f, 0xb6, 0x6f, 0xb6, 0x67, 0xb6, 0x67, 0xb6, 0x67, 0xb6, 0x67, 0xb6, 0x67, 0xd7, 0x67, 0xd7, 0x67, 0xb7, 0x67, 0xb7, 0x67, 0xb7, 0x67, 0xb7, 0x67, 0xd7, 0x67, 0xd7, 0x5f, 0xd7, 0x5f,
  0xb7, 0x5f, 0xb7, 0x5f, 0xd7, 0x5f, 0xb7, 0x5f, 0xd7, 0x5f, 0xd8, 0x5f, 0xf9, 0x5f, 0x0c, 0x2c, 0xa2, 0x08, 0xf8, 0x5f, 0xd8, 0x57, 0xb8, 0x57, 0xd8, 0x57, 0xb8, 0x57, 0xb8, 0x57, 0xd8, 0x57,
  0xd8, 0x57, 0xd8, 0x57, 0xd8, 0x57, 0xd8, 0x4f, 0xd8, 0x4f, 0xd9, 0x4f, 0xd8, 0x4f, 0xd9, 0x4f, 0xd9, 0x4f, 0xb9, 0x4f, 0xb9, 0x4f, 0xd9, 0x4f, 0xd9, 0x4f, 0xfb, 0x4f, 0x64, 0x09, 0x68, 0x10,
  0xb4, 0x21, 0xb4, 0x21, 0xd4, 0x21, 0x2f, 0x11, 0xe3, 0x18, 0xfa, 0xc7, 0xf8, 0xb7, 0xf8, 0xb7, 0xf8, 0xb7, 0xf8, 0xb7, 0xf8, 0xb7, 0xf8, 0xaf, 0xf9, 0xb7, 0xf9, 0xaf, 0xf8, 0xaf, 0xf9, 0xaf,
  0xf9, 0xaf, 0xf9, 0xaf, 0xf9, 0xaf, 0xf9, 0xaf, 0xf9, 0xaf, 0xf9, 0xaf, 0xf9, 0xaf, 0xf9, 0xaf, 0xf9, 0xaf, 0xf9, 0xaf, 0xf9, 0xaf, 0xf9, 0xaf, 0xf9, 0xaf, 0xf9, 0xaf, 0xf9, 0xaf, 0xf9, 0xaf,
  0xfa, 0xaf, 0xf9, 0xa7, 0xfa, 0xa7, 0xfa, 0xa7, 0xfa, 0xa7, 0xfa, 0xa7, 0xfa, 0xa7, 0xfa, 0xa7, 0xfa, 0xa7, 0xfa, 0xa7, 0xfa, 0xa7, 0xfa, 0xa7, 0xfa, 0xa7, 0xfa, 0xa7, 0xfa, 0xa7, 0xfa, 0xa7,
  0xfa, 0xa7, 0xfa, 0x9f, 0xfa, 0xa7, 0xfa, 0x9f, 0xfa, 0x9f, 0xfa, 0x9f, 0xfa, 0x9f, 0xfa, 0x9f, 0xdb, 0x9f, 0xfb, 0x9f, 0xfb, 0x9f, 0xfa, 0x9f, 0xfb, 0x9f, 0xfb, 0x9f, 0xfb, 0x9f, 0xfb, 0x9f,
  0xfb, 0x9f, 0xfb, 0x9f, 0xfb, 0x9f, 0xfb, 0x97, 0xfb, 0x9f, 0xfb, 0x9f, 0xfb, 0x97, 0xfb, 0x97, 0xfb, 0x97, 0xfb, 0x97, 0xfb, 0x97, 0xfb, 0x97, 0xfb, 0x97, 0xdb, 0x97, 0xdb, 0x97, 0xdc, 0x97,
  0xdc, 0x97, 0xdb, 0x97, 0xdc, 0x97, 0xdc, 0x97, 0xdc, 0x97, 0xdc, 0x97, 0xdc, 0x8f, 0xdc, 0x97, 0xdc, 0x97, 0xdc, 0x8f, 0xdc, 0x8f, 0xdc, 0x8f, 0xdc, 0x8f, 0xdc, 0x8f, 0xdc, 0x8f, 0xdc, 0x8f,
  0xdc, 0x8f, 0xdc, 0x8f, 0xdc, 0x8f, 0xdc, 0x8f, 0xdc, 0x8f, 0xdc, 0x8f, 0xdd, 0x8f, 0xdc, 0x8f, 0xdd, 0x8f, 0xdd, 0x87, 0xdd, 0x8f, 0xdd, 0x87, 0xdd, 0x87, 0xdd, 0x87, 0xdd, 0x87, 0xdd, 0x87,
  0xdd, 0x87, 0xdd, 0x87, 0xdd, 0x87, 0xdd, 0x87, 0xdd, 0x87, 0xdd, 0x87, 0xdd, 0x87, 0xdd, 0x87, 0xdd, 0x87, 0xdd, 0x87, 0xdd, 0x87, 0xdd, 0x87, 0xde, 0x7f, 0xde, 0x87, 0xdd, 0x7f, 0xde, 0x7f,
  0xde, 0x7f, 0xde, 0x7f, 0xde, 0x7f, 0xde, 0x7f, 0xde, 0x7f, 0xde, 0x7f, 0xde, 0x7f, 0xde, 0x7f, 0xde, 0x7f, 0xde, 0x7f, 0xde, 0x7f, 0xbe, 0x7f, 0xde, 0x7f, 0xde, 0x7f, 0xde, 0x7f, 0xde, 0x77,
  0xde, 0x7f, 0xde, 0x77, 0xdf, 0x77, 0xff, 0x7f, 0x8e, 0x33, 0x65, 0x19, 0x1c, 0x6f, 0x9a, 0x66, 0xc7, 0x19, 0x8e, 0x3b, 0xff, 0x7f, 0x59, 0x5e, 0xc7, 0x19, 0xaf, 0x3b, 0xff, 0x7f, 0xdf, 0x77,
  0xbf, 0x77, 0xbf, 0x6f, 0xbf, 0x77, 0xbf, 0x6f, 0xbf, 0x6f, 0xbf, 0x6f, 0xbf, 0x6f, 0xff, 0x77, 0x2e, 0x2b, 0x85, 0x63, 0xce, 0xcf, 0x4d, 0xc7, 0x4d, 0xc7, 0xae, 0xcf, 0x07, 0x6c, 0x09, 0x19,
  0x2f, 0x19, 0x4f, 0x19, 0xe8, 0x10, 0x88, 0x53, 0xee, 0x9e, 0x90, 0xaf, 0x70, 0xa7, 0x70, 0xa7, 0x70, 0xa7, 0x70, 0xa7, 0x70, 0xa7, 0x70, 0xa7, 0x70, 0xa7, 0x70, 0xa7, 0x70, 0xa7, 0x71, 0x9f,
  0x70, 0xa7, 0x71, 0x9f, 0x71, 0x9f, 0x71, 0x9f, 0x71, 0x9f, 0x71, 0x9f, 0x71, 0x9f, 0x91, 0x9f, 0x91, 0x9f, 0x91, 0x9f, 0x91, 0x9f, 0x91, 0x9f, 0x91, 0x9f, 0x91, 0x97, 0x92, 0x97, 0x91, 0x97,
  0x92, 0x97, 0x92, 0x97, 0x72, 0x97, 0x72, 0x97, 0x92, 0x97, 0x92, 0x97, 0x92, 0x97, 0x92, 0x8f, 0x92, 0x8f, 0x92, 0x8f, 0x92, 0x8f, 0x92, 0x8f, 0x92, 0x8f, 0x92, 0x8f, 0x93, 0x8f, 0x93, 0x8f,
  0x93, 0x8f, 0x93, 0x8f, 0x93, 0x87, 0x93, 0x87, 0x93, 0x87, 0x93, 0x87, 0x93, 0x87, 0x93, 0x87, 0x93, 0x87, 0x93, 0x87, 0x93, 0x87, 0x93, 0x87, 0x93, 0x87, 0x94, 0x7f, 0x94, 0x7f, 0x94, 0x7f,
  0x94, 0x7f, 0x94, 0x7f, 0x94, 0x7f, 0x94, 0x7f, 0x94, 0x7f, 0x94, 0x7f, 0x94, 0x7f, 0x94, 0x7f, 0x94, 0x7f, 0x94, 0x77, 0xb5, 0x77, 0xb4, 0x77, 0xb5, 0x77, 0xb5, 0x77, 0xb5, 0x77, 0xb5, 0x77,
  0xb5, 0x77, 0xb5, 0x77, 0xb5, 0x77, 0x95, 0x77, 0x95, 0x6f, 0x95, 0x6f, 0xb5, 0x6f, 0xb5, 0x6f, 0xb6, 0x6f, 0xb5, 0x6f, 0xb6, 0x6f, 0xb6, 0x6f, 0xb6, 0x6f, 0xb6, 0x67, 0xb6, 0x6f, 0xb6, 0x67,
  0xb6, 0x67, 0xb6, 0x67, 0xb6, 0x67, 0xb6, 0x67, 0xb6, 0x67, 0xb6, 0x67, 0xb6, 0x67, 0xb7, 0x67, 0xb7, 0x67, 0xd7, 0x67, 0xd7, 0x67, 0xd7, 0x5f, 0xd7, 0x5f, 0xb7, 0x5f, 0xb7, 0x5f, 0xb7, 0x5f,
  0xd7, 0x5f, 0xd7, 0x5f, 0xb7, 0x5f, 0xb7, 0x5f, 0xb7, 0x5f, 0xb8, 0x57, 0xd8, 0x5f, 0xd8, 0x57, 0xd8, 0x57, 0xd8, 0x57, 0xb8, 0x57, 0xb8, 0x57, 0xd8, 0x57, 0xd8, 0x57, 0xd8, 0x57, 0xd9, 0x57,
  0xd8, 0x4f, 0xd8, 0x4f, 0xd8, 0x4f, 0xd9, 0x4f, 0xd8, 0x4f, 0xd9, 0x4f, 0xb9, 0x4f, 0xb9, 0x4f, 0xb9, 0x4f, 0xd9, 0x4f, 0xd9, 0x4f, 0xd9, 0x47, 0xd9, 0x47, 0xfb, 0x4f, 0x64, 0x09, 0x68, 0x10,
  0xb4, 0x21, 0xb4, 0x21, 0xd4, 0x21, 0x2f, 0x11, 0xe3, 0x18, 0xfa, 0xc7, 0xf8, 0xb7, 0xf8, 0xb7, 0xf8, 0xb7, 0xf8, 0xb7, 0xf8, 0xb7, 0xf8, 0xaf, 0xf9, 0xb7, 0xf9, 0xaf, 0xf8, 0xaf, 0xf9, 0xaf,
  0xf9, 0xaf, 0xf9, 0xaf, 0xf9, 0xaf, 0xf9, 0xaf, 0xf9, 0xaf, 0xf9, 0xaf, 0xf9, 0xaf, 0xf9, 0xaf, 0xf9, 0xaf, 0xf9, 0xaf, 0xf9, 0xaf, 0xf9, 0xaf, 0xf9, 0xaf, 0xf9, 0xaf, 0xf9, 0xa7, 0xf9, 0xaf,
  0xf9, 0xa7, 0xf9, 0xa7, 0xfa, 0xa7, 0xfa, 0xa7, 0xf9, 0xa7, 0xfa, 0xa7, 0xfa, 0xa7, 0xfa, 0xa7, 0xfa, 0xa7, 0xfa, 0xa7, 0xfa, 0xa7, 0xfa, 0xa7, 0xfa, 0xa7, 0xfa, 0xa7, 0xfa, 0xa7, 0xfa, 0xa7,
  0xfa, 0xa7, 0xfa, 0x9f, 0xfa, 0xa7, 0xfa, 0x9f, 0xfa, 0x9f, 0xfa, 0x9f, 0xfa, 0x9f, 0xfa, 0x9f, 0xdb, 0x9f, 0xfb, 0x9f, 0xfb, 0x9f, 0xfa, 0x9f, 0xfb, 0x9f, 0xfb, 0x9f, 0xfb, 0x9f, 0xfb, 0x9f,
  0xfb, 0x9f, 0xfb, 0x9f, 0xfb, 0x9f, 0xfb, 0x97, 0xfb, 0x9f, 0xfb, 0x9f, 0xfb, 0x97, 0xfb, 0x97, 0xfb, 0x97, 0xfb, 0x97, 0xfb, 0x97, 0xfb, 0x97, 0xfb, 0x97, 0xdb, 0x97, 0xdb, 0x97, 0xdc, 0x97,
  0xdc, 0x97, 0xdb, 0x97, 0xdc, 0x97, 0xdc, 0x97, 0xdc, 0x97, 0xdc, 0x97, 0xdc, 0x8f, 0xdc, 0x97, 0xdc, 0x97, 0xdc, 0x8f, 0xdc, 0x8f, 0xdc, 0x8f, 0xdc, 0x8f, 0xdc, 0x8f, 0xdc, 0x8f, 0xdc, 0x8f,
  0xdc, 0x8f, 0xdc, 0x8f, 0xdc, 0x8f, 0xdc, 0x8f, 0xdc, 0x8f, 0xdc, 0x8f, 0xdd, 0x8f, 0xdc, 0x8f, 0xdd, 0x8f, 0xdd, 0x87, 0xdd, 0x8f, 0xdd, 0x87, 0xdd, 0x87, 0xdd, 0x87, 0xdd, 0x87, 0xdd, 0x87,
  0xdd, 0x87, 0xdd, 0x87, 0xdd, 0x87, 0xdd, 0x87, 0xdd, 0x87, 0xdd, 0x87, 0xdd, 0x87, 0xdd, 0x87, 0xdd, 0x87, 0xdd, 0x87, 0xdd, 0x87, 0xdd, 0x87, 0xde, 0x7f, 0xde, 0x87, 0xdd, 0x7f, 0xde, 0x7f,
  0xde, 0x7f, 0xde, 0x7f, 0xde, 0x7f, 0xde, 0x7f, 0xde, 0x7f, 0xde, 0x7f, 0xde, 0x7f, 0xde, 0x7f, 0xde, 0x7f, 0xde, 0x7f, 0xde, 0x7f, 0xbe, 0x7f, 0xde, 0x7f, 0xde, 0x7f, 0xde, 0x7f, 0xde, 0x77,
  0xde, 0x7f, 0xde, 0x77, 0xdf, 0x77, 0xdf, 0x77, 0xdf, 0x77, 0xdf, 0x77, 0xdf, 0x77, 0xdf, 0x77, 0xdf, 0x77, 0xdf, 0x77, 0xdf, 0x77, 0xdf, 0x77, 0xdf, 0x77, 0xdf, 0x77, 0xdf, 0x77, 0xdf, 0x77,
  0xbf, 0x77, 0xbf, 0x6f, 0xbf, 0x77, 0xbf, 0x6f, 0xbf, 0x6f, 0xbf, 0x6f, 0xbf, 0x6f, 0xff, 0x77, 0x2e, 0x2b, 0x85, 0x63, 0xce, 0xcf, 0x4d, 0xc7, 0x4d, 0xc7, 0xae, 0xcf, 0x07, 0x6c, 0x09, 0x19,
  0x2f, 0x19, 0x2f, 0x19, 0xc8, 0x10, 0x87, 0x53, 0xef, 0x9e, 0x90, 0xaf, 0x70, 0xa7, 0x70, 0xa7, 0x70, 0xa7, 0x70, 0xa7, 0x70, 0xa7, 0x70, 0xa7, 0x70, 0xa7, 0x71, 0xa7, 0x70, 0xa7, 0x71, 0x9f,
  0x71, 0x9f, 0x71, 0x9f, 0x71, 0x9f, 0x71, 0x9f, 0x91, 0x9f, 0x91, 0x9f, 0x91, 0x9f, 0x91, 0x9f, 0x91, 0x97, 0x91, 0x9f, 0x91, 0x97, 0x91, 0x97, 0x92, 0x97, 0x91, 0x97, 0x92, 0x97, 0x72, 0x97,
  0x72, 0x97, 0x72, 0x97, 0x92, 0x97, 0x92, 0x97, 0x92, 0x8f, 0x92, 0x8f, 0x92, 0x8f, 0x92, 0x8f, 0x92, 0x8f, 0x92, 0x8f, 0x93, 0x8f, 0x92, 0x8f, 0x93, 0x8f, 0x93, 0x8f, 0x93, 0x8f, 0x93, 0x8f,
  0x93, 0x87, 0x93, 0x87, 0x93, 0x87, 0x93, 0x87, 0x93, 0x87, 0x93, 0x87, 0x93, 0x87, 0x93, 0x87, 0x93, 0x87, 0x93, 0x87, 0x94, 0x87, 0x94, 0x7f, 0x94, 0x7f, 0x94, 0x7f, 0x94, 0x7f, 0x94, 0x7f,
  0x94, 0x7f, 0x94, 0x7f, 0x94, 0x7f, 0x94, 0x7f, 0x94, 0x77, 0x94, 0x7f, 0x94, 0x77, 0xb5, 0x77, 0xb4, 0x77, 0xb5, 0x77, 0xb5, 0x77, 0xb5, 0x77, 0xb5, 0x77, 0xb5, 0x77, 0xb5, 0x77, 0xb5, 0x77,
  0xb5, 0x77, 0x95, 0x6f, 0x95, 0x6f, 0xb5, 0x6f, 0xb5, 0x6f, 0xb6, 0x6f, 0xb5, 0x6f, 0xb6, 0x6f, 0xb6, 0x6f, 0xb6, 0x6f, 0xb6, 0x6f, 0xb6, 0x6f, 0xb6, 0x6f, 0xb6, 0x67, 0xb6, 0x67, 0xb6, 0x67,
  0xb6, 0x67, 0xb6, 0x67, 0xb6, 0x67, 0xb6, 0x67, 0xb6, 0x67, 0xb7, 0x67, 0xb7, 0x5f, 0xb7, 0x67, 0xb7, 0x5f, 0xb7, 0x5f, 0xb7, 0x5f, 0xb7, 0x5f, 0xb7, 0x5f, 0xb7, 0x5f, 0xb7, 0x5f, 0xb7, 0x5f,
  0xb7, 0x5f, 0xb7, 0x5f, 0xb8, 0x57, 0xb7, 0x57, 0xb8, 0x57, 0xb8, 0x57, 0xb8, 0x57, 0xb8, 0x57, 0xd8, 0x57, 0xb8, 0x57, 0xd8, 0x57, 0xd8, 0x57, 0xd8, 0x57, 0xd8, 0x57, 0xd8, 0x4f, 0xd8, 0x4f,
  0xd9, 0x4f, 0xd8, 0x4f, 0xd9, 0x4f, 0xd9, 0x4f, 0xb9, 0x4f, 0xb9, 0x4f, 0xd9, 0x4f, 0xd9, 0x4f, 0xd9, 0x4f, 0xd9, 0x47, 0xd9, 0x47, 0xd9, 0x47, 0xd9, 0x47, 0xfc, 0x4f, 0x64, 0x09, 0x68, 0x10,
  0xb3, 0x21, 0xb3, 0x21, 0xb4, 0x21, 0x2f, 0x11, 0xe3, 0x18, 0xfa, 0xc7, 0xf8, 0xb7, 0xf8, 0xb7, 0xf8, 0xb7, 0xf8, 0xb7, 0xf8, 0xb7, 0xf8, 0xaf, 0xf9, 0xb7, 0xf9, 0xaf, 0xf8, 0xaf, 0xf9, 0xaf,
  0xf9, 0xaf, 0xf9, 0xaf, 0xf9, 0xaf, 0xf9, 0xaf, 0xf9, 0xaf, 0xf9, 0xaf, 0xf9, 0xaf, 0xf9, 0xaf, 0xf9, 0xaf, 0xf9, 0xaf, 0xf9, 0xaf, 0xf9, 0xaf, 0xf9, 0xaf, 0xf9, 0xaf, 0xf9, 0xa7, 0xf9, 0xaf,
  0xf9, 0xa7, 0xf9, 0xa7, 0xfa, 0xa7, 0xfa, 0xa7, 0xf9, 0xa7, 0xfa, 0xa7, 0xfa, 0xa7, 0xfa, 0xa7, 0xfa, 0xa7, 0xfa, 0xa7, 0xfa, 0xa7, 0xfa, 0xa7, 0xfa, 0xa7, 0xfa, 0xa7, 0xfa, 0xa7, 0xfa, 0xa7,
  0xfa, 0xa7, 0xfa, 0x9f, 0xfa, 0xa7, 0xfa, 0x9f, 0xfa, 0x9f, 0xfa, 0x9f, 0xfa, 0x9f, 0xfa, 0x9f, 0xdb, 0x9f, 0xfb, 0x9f, 0xfb, 0x9f, 0xfa, 0x9f, 0xfb, 0x9f, 0xfb, 0x9f, 0xfb, 0x9f, 0xfb, 0x9f,
  0xfb, 0x9f, 0xfb, 0x9f, 0xfb, 0x9f, 0xfb, 0x97, 0xfb, 0x9f, 0xfb, 0x9f, 0xfb, 0x97, 0xfb, 0x97, 0xfb, 0x97, 0xfb, 0x97, 0xfb, 0x97, 0xfb, 0x97, 0xfb, 0x97, 0xdb, 0x97, 0xdb, 0x97, 0xdc, 0x97,
  0xdc, 0x97, 0xdb, 0x97, 0xdc, 0x97, 0xdc, 0x97, 0xdc, 0x97, 0xdc, 0x97, 0xdc, 0x8f, 0xdc, 0x97, 0xdc, 0x97, 0xdc, 0x8f, 0xdc, 0x8f, 0xdc, 0x8f, 0xdc, 0x8f, 0xdc, 0x8f, 0xdc, 0x8f, 0xdc, 0x8f,
  0xdc, 0x8f, 0xdc, 0x8f, 0xdc, 0x8f, 0xdc, 0x8f, 0xdc, 0x8f, 0xdc, 0x8f, 0xdd, 0x8f, 0xdc, 0x8f, 0xdd, 0x8f, 0xdd, 0x87, 0xdd, 0x8f, 0xdd, 0x87, 0xdd, 0x87, 0xdd, 0x87, 0xdd, 0x87, 0xdd, 0x87,
  0xdd, 0x87, 0xdd, 0x87, 0xdd, 0x87, 0xdd, 0x87, 0xdd, 0x87, 0xdd, 0x87, 0xdd, 0x87, 0xdd, 0x87, 0xdd, 0x87, 0xdd, 0x87, 0xdd, 0x87, 0xdd, 0x87, 0xde, 0x7f, 0xde, 0x87, 0xdd, 0x7f, 0xde, 0x7f,
  0xde, 0x7f, 0xde, 0x7f, 0xde, 0x7f, 0xde, 0x7f, 0xde, 0x7f, 0xde, 0x7f, 0xde, 0x7f, 0xde, 0x7f, 0xde, 0x7f, 0xde, 0x7f, 0xde, 0x7f, 0xbe, 0x7f, 0xde, 0x7f, 0xde, 0x7f, 0xde, 0x7f, 0xde, 0x77,
  0xde, 0x7f, 0xde, 0x77, 0xdf, 0x77, 0xdf, 0x77, 0xdf, 0x77, 0xdf, 0x77, 0xdf, 0x77, 0xdf, 0x77, 0xdf, 0x77, 0xdf, 0x77, 0xdf, 0x77, 0xdf, 0x77, 0xdf, 0x77, 0xdf, 0x77, 0xdf, 0x77, 0xdf, 0x77,
  0xbf, 0x77, 0xbf, 0x6f, 0xbf, 0x77, 0xbf, 0x6f, 0xbf, 0x6f, 0xbf, 0x6f, 0xbf, 0x6f, 0xff, 0x77, 0x2e, 0x2b, 0x85, 0x63, 0xce, 0xcf, 0x4d, 0xc7, 0x4d, 0xc7, 0xae, 0xcf, 0x07, 0x6c, 0xe9, 0x10,
  0x2f, 0x19, 0x2f, 0x19, 0xc8, 0x10, 0x87, 0x53, 0xef, 0x9e, 0x90, 0xa7, 0x70, 0xa7, 0x70, 0xa7, 0x70, 0xa7, 0x70, 0xa7, 0x71, 0x9f, 0x70, 0xa7, 0x71, 0x9f, 0x71, 0x9f, 0x71, 0x9f, 0x71, 0x9f,
  0x71, 0x9f, 0x71, 0x9f, 0x91, 0x9f, 0x91, 0x9f, 0x91, 0x9f, 0x91, 0x9f, 0x91, 0x9f, 0x91, 0x9f, 0x91, 0x97, 0x92, 0x97, 0x91, 0x97, 0x92, 0x97, 0x92, 0x97, 0x72, 0x97, 0x72, 0x97, 0x92, 0x97,
  0x92, 0x97, 0x92, 0x97, 0x92, 0x8f, 0x92, 0x8f, 0x92, 0x8f, 0x92, 0x8f, 0x92, 0x8f, 0x92, 0x8f, 0x92, 0x8f, 0x93, 0x8f, 0x93, 0x8f, 0x93, 0x8f, 0x93, 0x8f, 0x93, 0x87, 0x93, 0x87, 0x93, 0x87,
  0x93, 0x87, 0x93, 0x87, 0x93, 0x87, 0x93, 0x87, 0x93, 0x87, 0x93, 0x87, 0x93, 0x87, 0x93, 0x87, 0x94, 0x87, 0x94, 0x7f, 0x94, 0x7f, 0x94, 0x7f, 0x94, 0x7f, 0x94, 0x7f, 0x94, 0x7f, 0x94, 0x7f,
  0x94, 0x7f, 0x94, 0x7f, 0x94, 0x7f, 0x94, 0x7f, 0x94, 0x77, 0xb5, 0x77, 0xb4, 0x77, 0xb5, 0x77, 0xb5, 0x77, 0xb5, 0x77, 0xb5, 0x77, 0xb5, 0x77, 0xb5, 0x77, 0xb5, 0x77, 0x95, 0x77, 0x95, 0x6f,
  0x95, 0x6f, 0xb5, 0x6f, 0xb5, 0x6f, 0xb6, 0x6f, 0xb5, 0x6f, 0xb6, 0x6f, 0xb6, 0x6f, 0xb6, 0x6f, 0xb6, 0x67, 0xb6, 0x6f, 0xb6, 0x67, 0xb6, 0x67, 0xb6, 0x67, 0xb6, 0x67, 0xb6, 0x67, 0xb6, 0x67,
  0xb6, 0x67, 0xb6, 0x67, 0xb6, 0x67, 0xb7, 0x67, 0xb7, 0x67, 0xb7, 0x67, 0xb7, 0x5f, 0xb7, 0x5f, 0xb7, 0x5f, 0xb7, 0x5f, 0xb7, 0x5f, 0xb7, 0x5f, 0xb7, 0x5f, 0xb7, 0x5f, 0xb7, 0x5f, 0xb7, 0x5f,
  0xb8, 0x57, 0xb7, 0x57, 0xb8, 0x57, 0xb8, 0x57, 0xb8, 0x57, 0xb8, 0x57, 0xb8, 0x57, 0xd8, 0x57, 0xd8, 0x57, 0xd8, 0x57, 0xd8, 0x57, 0xd8, 0x4f, 0xd8, 0x4f, 0xd8, 0x4f, 0xd9, 0x4f, 0xd8, 0x4f,
  0xd9, 0x4f, 0xb9, 0x4f, 0xb9, 0x4f, 0xb9, 0x4f, 0xd9, 0x4f, 0xd9, 0x4f, 0xd9, 0x47, 0xd9, 0x47, 0xd9, 0x47, 0xd9, 0x47, 0xd9, 0x47, 0xd9, 0x47, 0xd9, 0x47, 0xfc, 0x4f, 0x64, 0x09, 0x68, 0x08,
  0x34, 0x32, 0x34, 0x32, 0x35, 0x32, 0x90, 0x21, 0x03, 0x19, 0xfb, 0xcf, 0xf9, 0xb7, 0xf9, 0xb7, 0xf9, 0xb7, 0xf9, 0xb7, 0xf9, 0xb7, 0xf9, 0xb7, 0xf9, 0xb7, 0xf9, 0xb7, 0xf9, 0xb7, 0xf9, 0xb7,
  0xf9, 0xb7, 0xfa, 0xb7, 0xf9, 0xb7, 0xf9, 0xb7, 0xfa, 0xb7, 0xfa, 0xb7, 0xfa, 0xb7, 0xfa, 0xaf, 0xfa, 0xb7, 0xfa, 0xaf, 0xfa, 0xaf, 0xfa, 0xaf, 0xfa, 0xaf, 0xfa, 0xaf, 0xfa, 0xaf, 0xfa, 0xaf,
  0xfa, 0xaf, 0xfa, 0xaf, 0xfa, 0xaf, 0xfa, 0xaf, 0xfa, 0xaf, 0xfa, 0xaf, 0xfa, 0xaf, 0xfa, 0xaf, 0xfb, 0xaf, 0xfb, 0xa7, 0xfa, 0xa7, 0xfb, 0xa7, 0xfb, 0xa7, 0xfb, 0xa7, 0xfb, 0xa7, 0xfb, 0xa7,
  0xfb, 0xa7, 0xfb, 0xa7, 0xfb, 0xa7, 0xfb, 0xa7, 0xfb, 0xa7, 0xfb, 0xa7, 0xfb, 0xa7, 0xfb, 0xa7, 0xfb, 0xa7, 0xfb, 0xa7, 0xfb, 0xa7, 0xfb, 0xa7, 0xfb, 0x9f, 0xfb, 0x9f, 0xfc, 0x9f, 0xfc, 0x9f,
  0xfc, 0x9f, 0xfc, 0x9f, 0xfc, 0x9f, 0xfc, 0x9f, 0xfc, 0x9f, 0xfc, 0x9f, 0xfc, 0x9f, 0xfc, 0x9f, 0xfc, 0x9f, 0xfc, 0x9f, 0xfc, 0x9f, 0xfc, 0x9f, 0xfc, 0x9f, 0xfc, 0x9f, 0xfc, 0x9f, 0xfc, 0x97,
  0xfc, 0x97, 0xfc, 0x97, 0xfc, 0x97, 0xfc, 0x97, 0xfc, 0x97, 0xfd, 0x97, 0xfd, 0x97, 0xfd, 0x97, 0xfd, 0x97, 0xfd, 0x97, 0xfd, 0x97, 0xfd, 0x97, 0xfd, 0x97, 0xfd, 0x97, 0xfd, 0x97, 0xfd, 0x97,
  0xfd, 0x8f, 0xfd, 0x97, 0xfd, 0x8f, 0xfd, 0x8f, 0xfd, 0x8f, 0xfd, 0x8f, 0xfd, 0x8f, 0xfd, 0x8f, 0xfd, 0x8f, 0xfd, 0x8f, 0xfd, 0x8f, 0xfe, 0x8f, 0xfe, 0x8f, 0xfe, 0x8f, 0xfe, 0x8f, 0xfe, 0x8f,
  0xfe, 0x8f, 0xfe, 0x8f, 0xfe, 0x8f, 0xfe, 0x87, 0xfe, 0x87, 0xfe, 0x87, 0xfe, 0x87, 0xfe, 0x87, 0xfe, 0x87, 0xfe, 0x87, 0xfe, 0x87, 0xfe, 0x87, 0xfe, 0x87, 0xfe, 0x87, 0xfe, 0x87, 0xff, 0x87,
  0xfe, 0x87, 0xfe, 0x87, 0xff, 0x87, 0xff, 0x87, 0xff, 0x87, 0xff, 0x7f, 0xff, 0x7f, 0xff, 0x7f, 0xff, 0x7f, 0xff, 0x7f, 0xff, 0x7f, 0xff, 0x7f, 0xff, 0x7f, 0xff, 0x7f, 0xff, 0x7f, 0xff, 0x7f,
  0xff, 0x7f, 0xff, 0x7f, 0xff, 0x7f, 0xff, 0x7f, 0xff, 0x7f, 0xff, 0x7f, 0xff, 0x7f, 0xff, 0x7f, 0xff, 0x77, 0xff, 0x77, 0xff, 0x77, 0xff, 0x77, 0xff, 0x77, 0xff, 0x77, 0xff, 0x77, 0xff, 0x77,
  0xff, 0x77, 0xff, 0x77, 0xff, 0x77, 0xff, 0x77, 0xff, 0x77, 0xff, 0x77, 0xff, 0x77, 0xff, 0x7f, 0x4e, 0x2b, 0x85, 0x63, 0xce, 0xcf, 0x4d, 0xc7, 0x4d, 0xc7, 0xae, 0xcf, 0x07, 0x6c, 0x4a, 0x21,
  0xd0, 0x29, 0xd0, 0x29, 0xe8, 0x18, 0x88, 0x53, 0x0f, 0x9f, 0x90, 0xa7, 0x70, 0xa7, 0x70, 0xa7, 0x71, 0xa7, 0x70, 0xa7, 0x71, 0x9f, 0x71, 0x9f, 0x71, 0x9f, 0x71, 0x9f, 0x71, 0x9f, 0x91, 0x9f,
  0x91, 0x9f, 0x91, 0x9f, 0x91, 0x9f, 0x91, 0x97, 0x91, 0x9f, 0x91, 0x97, 0x91, 0x97, 0x92, 0x97, 0x91, 0x97, 0x92, 0x97, 0x72, 0x97, 0x72, 0x97, 0x72, 0x97, 0x92, 0x97, 0x92, 0x97, 0x92, 0x8f,
  0x92, 0x8f, 0x92, 0x8f, 0x92, 0x8f, 0x92, 0x8f, 0x92, 0x8f, 0x93, 0x8f, 0x92, 0x8f, 0x93, 0x8f, 0x93, 0x8f, 0x93, 0x8f, 0x93, 0x8f, 0x93, 0x87, 0x93, 0x87, 0x93, 0x87, 0x93, 0x87, 0x93, 0x87,
  0x93, 0x87, 0x93, 0x87, 0x93, 0x87, 0x93, 0x87, 0x93, 0x87, 0x94, 0x87, 0x94, 0x7f, 0x94, 0x7f, 0x94, 0x7f, 0x94, 0x7f, 0x94, 0x7f, 0x94, 0x7f, 0x94, 0x7f, 0x94, 0x7f, 0x94, 0x7f, 0x94, 0x77,
  0x94, 0x7f, 0x94, 0x77, 0xb5, 0x77, 0xb4, 0x77, 0xb5, 0x77, 0xb5, 0x77, 0xb5, 0x77, 0xb5, 0x77, 0xb5, 0x77, 0xb5, 0x77, 0xb5, 0x77, 0xb5, 0x77, 0x95, 0x77, 0x95, 0x6f, 0xb5, 0x6f, 0xb5, 0x6f,
  0xb6, 0x6f, 0xb5, 0x6f, 0xb6, 0x6f, 0xb6, 0x6f, 0xb6, 0x6f, 0xb6, 0x6f, 0xb6, 0x6f, 0xb6, 0x6f, 0xb6, 0x67, 0xb6, 0x67, 0xb6, 0x67, 0xb6, 0x67, 0xb6, 0x67, 0xb6, 0x67, 0xb6, 0x67, 0xb6, 0x67,
  0xb7, 0x67, 0xb7, 0x5f, 0xb7, 0x67, 0xb7, 0x5f, 0xb7, 0x5f, 0xb7, 0x5f, 0xb7, 0x5f, 0xb7, 0x5f, 0xb7, 0x5f, 0xb7, 0x5f, 0xb7, 0x5f, 0xb7, 0x5f, 0xb7, 0x5f, 0xb8, 0x57, 0xb7, 0x57, 0xb8, 0x57,
  0xb8, 0x57, 0xb8, 0x57, 0xb8, 0x57, 0xb8, 0x57, 0xb8, 0x57, 0xd8, 0x57, 0xd8, 0x57, 0xd8, 0x57, 0xd8, 0x57, 0xd8, 0x4f, 0xd8, 0x4f, 0xd8, 0x4f, 0xd8, 0x4f, 0xd9, 0x4f, 0xd9, 0x4f, 0xb9, 0x4f,
  0xb9, 0x4f, 0xd9, 0x4f, 0xd9, 0x4f, 0xd9, 0x4f, 0xd9, 0x47, 0xd9, 0x47, 0xd9, 0x47, 0xd9, 0x47, 0xd9, 0x47, 0xd9, 0x47, 0xd9, 0x47, 0xd9, 0x47, 0xda, 0x47, 0xfc, 0x47, 0x64, 0x09, 0xe9, 0x20,
  0xf4, 0x29, 0xf4, 0x29, 0x15, 0x2a, 0x6f, 0x21, 0xa1, 0x10, 0x15, 0x9f, 0x74, 0x96, 0x74, 0x96, 0x74, 0x96, 0x74, 0x8e, 0x74, 0x8e, 0x74, 0x8e, 0x74, 0x8e, 0x74, 0x8e, 0x74, 0x8e, 0x54, 0x8e,
  0x54, 0x8e, 0x54, 0x8e, 0x54, 0x8e, 0x54, 0x8e, 0x54, 0x8e, 0x54, 0x8e, 0x54, 0x8e, 0x54, 0x8e, 0x54, 0x8e, 0x54, 0x86, 0x54, 0x86, 0x54, 0x86, 0x54, 0x86, 0x54, 0x86, 0x54, 0x86, 0x54, 0x86,
  0x54, 0x86, 0x54, 0x86, 0x55, 0x86, 0x54, 0x86, 0x54, 0x86, 0x55, 0x86, 0x55, 0x86, 0x55, 0x86, 0x55, 0x86, 0x55, 0x86, 0x55, 0x86, 0x55, 0x86, 0x55, 0x86, 0x55, 0x86, 0x55, 0x86, 0x55, 0x86,
  0x55, 0x86, 0x55, 0x7e, 0x55, 0x7e, 0x55, 0x7e, 0x55, 0x7e, 0x55, 0x7e, 0x55, 0x7e, 0x55, 0x7e, 0x55, 0x7e, 0x55, 0x7e, 0x55, 0x7e, 0x55, 0x7e, 0x55, 0x7e, 0x55, 0x7e, 0x55, 0x7e, 0x55, 0x7e,
  0x55, 0x7e, 0x56, 0x7e, 0x56, 0x7e, 0x56, 0x7e, 0x56, 0x7e, 0x56, 0x7e, 0x56, 0x7e, 0x56, 0x7e, 0x56, 0x76, 0x56, 0x76, 0x56, 0x76, 0x56, 0x76, 0x56, 0x76, 0x56, 0x76, 0x56, 0x76, 0x56, 0x76,
  0x56, 0x76, 0x56, 0x76, 0x56, 0x76, 0x56, 0x76, 0x56, 0x76, 0x56, 0x76, 0x56, 0x76, 0x56, 0x76, 0x56, 0x76, 0x56, 0x76, 0x57, 0x76, 0x57, 0x76, 0x57, 0x76, 0x57, 0x76, 0x57, 0x76, 0x57, 0x76,
  0x57, 0x6e, 0x57, 0x6e, 0x37, 0x6e, 0x37, 0x6e, 0x37, 0x6e, 0x37, 0x6e, 0x37, 0x6e, 0x37, 0x6e, 0x37, 0x6e, 0x37, 0x6e, 0x37, 0x6e, 0x37, 0x6e, 0x37, 0x6e, 0x37, 0x6e, 0x37, 0x6e, 0x37, 0x6e,
  0x37, 0x6e, 0x37, 0x6e, 0x37, 0x6e, 0x37, 0x6e, 0x37, 0x6e, 0x37, 0x66, 0x37, 0x6e, 0x37, 0x66, 0x37, 0x66, 0x38, 0x66, 0x38, 0x66, 0x38, 0x66, 0x38, 0x66, 0x38, 0x66, 0x38, 0x66, 0x38, 0x66,
  0x38, 0x66, 0x38, 0x66, 0x38, 0x66, 0x38, 0x66, 0x38, 0x66, 0x38, 0x66, 0x38, 0x66, 0x38, 0x66, 0x38, 0x66, 0x38, 0x66, 0x38, 0x66, 0x38, 0x66, 0x38, 0x66, 0x38, 0x66, 0x38, 0x66, 0x38, 0x5e,
  0x38, 0x5e, 0x38, 0x5e, 0x39, 0x5e, 0x39, 0x5e, 0x39, 0x5e, 0x39, 0x5e, 0x39, 0x5e, 0x39, 0x5e, 0x39, 0x5e, 0x39, 0x5e, 0x39, 0x5e, 0x39, 0x5e, 0x39, 0x5e, 0x39, 0x5e, 0x39, 0x5e, 0x39, 0x5e,
  0x39, 0x5e, 0x39, 0x5e, 0x39, 0x5e, 0x39, 0x56, 0x39, 0x56, 0x39, 0x56, 0x39, 0x56, 0x9b, 0x5e, 0x4b, 0x1a, 0x85, 0x63, 0xce, 0xcf, 0x4d, 0xc7, 0x4d, 0xc7, 0xae, 0xcf, 0x07, 0x6c, 0x2a, 0x21,
  0x90, 0x29, 0xb0, 0x29, 0x09, 0x19, 0x66, 0x32, 0x2d, 0x86, 0xb1, 0xa7, 0x70, 0xa7, 0x71, 0x9f, 0x71, 0x9f, 0x71, 0x9f, 0x71, 0x9f, 0x71, 0x9f, 0x71, 0x9f, 0x91, 0x9f, 0x91, 0x9f, 0x91, 0x9f,
  0x91, 0x9f, 0x91, 0x9f, 0x91, 0x9f, 0x91, 0x97, 0x91, 0x97, 0x91, 0x97, 0x92, 0x97, 0x92, 0x97, 0x72, 0x97, 0x72, 0x97, 0x92, 0x97, 0x92, 0x97, 0x92, 0x97, 0x92, 0x8f, 0x92, 0x8f, 0x92, 0x8f,
  0x92, 0x8f, 0x92, 0x8f, 0x92, 0x8f, 0x92, 0x8f, 0x93, 0x8f, 0x93, 0x8f, 0x93, 0x8f, 0x93, 0x87, 0x93, 0x87, 0x93, 0x87, 0x93, 0x87, 0x93, 0x87, 0x93, 0x87, 0x93, 0x87, 0x93, 0x87, 0x93, 0x87,
  0x93, 0x87, 0x93, 0x87, 0x93, 0x87, 0x94, 0x87, 0x94, 0x7f, 0x94, 0x7f, 0x94, 0x7f, 0x94, 0x7f, 0x94, 0x7f, 0x94, 0x7f, 0x94, 0x7f, 0x94, 0x7f, 0x94, 0x7f, 0x94, 0x77, 0x94, 0x7f, 0x94, 0x77,
  0xb5, 0x77, 0xb4, 0x77, 0xb5, 0x77, 0xb5, 0x77, 0xb5, 0x77, 0xb5, 0x77, 0xb5, 0x77, 0xb5, 0x77, 0xb5, 0x6f, 0x95, 0x77, 0x95, 0x6f, 0x95, 0x6f, 0xb5, 0x6f, 0xb5, 0x6f, 0xb6, 0x6f, 0xb5, 0x6f,
  0xb6, 0x6f, 0xb6, 0x6f, 0xb6, 0x6f, 0xb6, 0x67, 0xb6, 0x6f, 0xb6, 0x67, 0xb6, 0x67, 0xb6, 0x67, 0xb6, 0x67, 0xb6, 0x67, 0xb6, 0x67, 0xb6, 0x67, 0xb6, 0x67, 0xb6, 0x67, 0xb7, 0x67, 0xb7, 0x67,
  0xb7, 0x67, 0xb7, 0x5f, 0xb7, 0x5f, 0xb7, 0x5f, 0xb7, 0x5f, 0xb7, 0x5f, 0xb7, 0x5f, 0xb7, 0x5f, 0xb7, 0x5f, 0xb7, 0x5f, 0xb7, 0x5f, 0xb8, 0x57, 0xb7, 0x57, 0xb8, 0x57, 0xb8, 0x57, 0xb8, 0x57,
  0xb8, 0x57, 0xb8, 0x57, 0xd8, 0x57, 0xd8, 0x57, 0xd8, 0x57, 0xd8, 0x4f, 0xd8, 0x4f, 0xd8, 0x4f, 0xd8, 0x4f, 0xd9, 0x4f, 0xd8, 0x4f, 0xd9, 0x4f, 0xb9, 0x4f, 0xb9, 0x4f, 0xb9, 0x4f, 0xd9, 0x4f,
  0xd9, 0x4f, 0xd9, 0x4f, 0xd9, 0x47, 0xd9, 0x47, 0xd9, 0x47, 0xd9, 0x47, 0xd9, 0x47, 0xd9, 0x47, 0xd9, 0x47, 0xda, 0x47, 0xda, 0x47, 0xda, 0x3f, 0xda, 0x47, 0xfc, 0x47, 0x64, 0x09, 0xc9, 0x18,
  0xb3, 0x21, 0xb3, 0x21, 0xb4, 0x21, 0x50, 0x19, 0xc2, 0x10, 0xe4, 0x10, 0x42, 0x00, 0x01, 0x00, 0x21, 0x00, 0x62, 0x08, 0x82, 0x08, 0xc2, 0x10, 0xe3, 0x10, 0x03, 0x19, 0x03, 0x19, 0x03, 0x19,
  0x03, 0x19, 0x03, 0x19, 0x03, 0x19, 0x03, 0x19, 0x03, 0x19, 0x03, 0x19, 0x03, 0x19, 0x03, 0x19, 0x03, 0x19, 0x03, 0x19, 0x03, 0x19, 0x03, 0x19, 0x03, 0x19, 0x03, 0x19, 0x03, 0x19, 0x03, 0x19,
  0x03, 0x19, 0x03, 0x19, 0x03, 0x19, 0x03, 0x19, 0x03, 0x19, 0x03, 0x19, 0x03, 0x19, 0x03, 0x19, 0x03, 0x19, 0x03, 0x19, 0x03, 0x19, 0x03, 0x19, 0x03, 0x19, 0x03, 0x19, 0x03, 0x19, 0x03, 0x19,
  0x03, 0x19, 0x03, 0x19, 0x03, 0x19, 0x03, 0x11, 0x03, 0x11, 0x03, 0x11, 0x03, 0x11, 0x03, 0x11, 0x03, 0x11, 0x03, 0x11, 0x03, 0x11, 0x03, 0x11, 0x03, 0x11, 0x03, 0x11, 0x03, 0x11, 0x03, 0x11,
  0x03, 0x11, 0x03, 0x11, 0x03, 0x11, 0x03, 0x19, 0x03, 0x19, 0x03, 0x19, 0x03, 0x19, 0x03, 0x19, 0x03, 0x19, 0x03, 0x19, 0x03, 0x11, 0x03, 0x11, 0x03, 0x11, 0x03, 0x11, 0x03, 0x11, 0x03, 0x11,
  0x03, 0x11, 0x03, 0x11, 0x03, 0x11, 0x03, 0x11, 0x03, 0x11, 0x03, 0x11, 0x03, 0x11, 0x03, 0x11, 0x03, 0x11, 0x03, 0x11, 0x03, 0x11, 0x03, 0x11, 0x03, 0x11, 0x03, 0x11, 0x03, 0x11, 0x03, 0x11,
  0x03, 0x11, 0x03, 0x11, 0x03, 0x11, 0x03, 0x11, 0x03, 0x11, 0x03, 0x11, 0x03, 0x11, 0x03, 0x11, 0x03, 0x11, 0x03, 0x11, 0x03, 0x11, 0x03, 0x11, 0x03, 0x11, 0x03, 0x11, 0x03, 0x11, 0x03, 0x11,
  0x03, 0x11, 0x03, 0x11, 0x03, 0x11, 0x03, 0x11, 0x03, 0x11, 0x03, 0x11, 0x03, 0x11, 0x03, 0x11, 0x03, 0x11, 0x03, 0x11, 0x03, 0x11, 0x03, 0x11, 0x03, 0x11, 0x03, 0x11, 0x03, 0x11, 0x03, 0x11,
  0x03, 0x11, 0x03, 0x11, 0x03, 0x11, 0x03, 0x11, 0x03, 0x11, 0x03, 0x11, 0x03, 0x11, 0x03, 0x11, 0x03, 0x11, 0x03, 0x11, 0x03, 0x11, 0x03, 0x11, 0x03, 0x11, 0x03, 0x11, 0x03, 0x11, 0x03, 0x11,
  0x03, 0x11, 0x03, 0x11, 0x03, 0x11, 0x03, 0x11, 0x03, 0x11, 0x03, 0x11, 0x03, 0x11, 0x03, 0x11, 0x03, 0x11, 0x03, 0x11, 0x03, 0x11, 0x03, 0x11, 0x03, 0x11, 0x03, 0x11, 0x03, 0x11, 0x03, 0x11,
  0x03, 0x11, 0x03, 0x11, 0x03, 0x11, 0x03, 0x11, 0x03, 0x11, 0x03, 0x11, 0x03, 0x11, 0x04, 0x11, 0xc3, 0x08, 0x89, 0x74, 0xae, 0xcf, 0x4d, 0xc7, 0x4d, 0xc7, 0xae, 0xcf, 0x07, 0x6c, 0xe9, 0x10,
  0x2f, 0x19, 0x2e, 0x19, 0xec, 0x10, 0x44, 0x00, 0xca, 0x6c, 0xf2, 0xaf, 0x71, 0x9f, 0x71, 0x9f, 0x71, 0x9f, 0x71, 0x9f, 0x71, 0x9f, 0x91, 0x9f, 0x91, 0x9f, 0x91, 0x9f, 0x91, 0x97, 0x91, 0x9f,
  0x91, 0x97, 0x91, 0x97, 0x92, 0x97, 0x91, 0x97, 0x92, 0x97, 0x72, 0x97, 0x72, 0x97, 0x72, 0x97, 0x92, 0x97, 0x92, 0x97, 0x92, 0x97, 0x92, 0x8f, 0x92, 0x8f, 0x92, 0x8f, 0x92, 0x8f, 0x92, 0x8f,
  0x93, 0x8f, 0x92, 0x8f, 0x93, 0x8f, 0x93, 0x8f, 0x93, 0x8f, 0x93, 0x8f, 0x93, 0x87, 0x93, 0x87, 0x93, 0x87, 0x93, 0x87, 0x93, 0x87, 0x93, 0x87, 0x93, 0x87, 0x93, 0x87, 0x93, 0x87, 0x94, 0x87,
  0x94, 0x87, 0x94, 0x7f, 0x94, 0x7f, 0x94, 0x7f, 0x94, 0x7f, 0x94, 0x7f, 0x94, 0x7f, 0x94, 0x7f, 0x94, 0x7f, 0x94, 0x7f, 0x94, 0x77, 0x94, 0x7f, 0x94, 0x77, 0xb5, 0x77, 0xb4, 0x77, 0xb5, 0x77,
  0xb5, 0x77, 0xb5, 0x77, 0xb5, 0x77, 0xb5, 0x77, 0xb5, 0x77, 0xb5, 0x77, 0xb5, 0x6f, 0x95, 0x77, 0x95, 0x6f, 0xb5, 0x6f, 0xb5, 0x6f, 0xb6, 0x6f, 0xb5, 0x6f, 0xb6, 0x6f, 0xb6, 0x6f, 0xb6, 0x6f,
  0xb6, 0x6f, 0xb6, 0x67, 0xb6, 0x6f, 0xb6, 0x67, 0xb6, 0x67, 0xb6, 0x67, 0xb6, 0x67, 0xb6, 0x67, 0xb6, 0x67, 0xb6, 0x67, 0xb7, 0x67, 0xb7, 0x67, 0xb7, 0x5f, 0xb7, 0x67, 0xb7, 0x5f, 0xb7, 0x5f,
  0xb7, 0x5f, 0xb7, 0x5f, 0xb7, 0x5f, 0xb7, 0x5f, 0xb7, 0x5f, 0xb7, 0x5f, 0xb7, 0x5f, 0xb7, 0x5f, 0xb8, 0x57, 0xb7, 0x57, 0xb8, 0x57, 0xb8, 0x57, 0xb8, 0x57, 0xb8, 0x57, 0xb8, 0x57, 0xb8, 0x57,
  0xd8, 0x57, 0xd8, 0x57, 0xd8, 0x57, 0xd8, 0x57, 0xd8, 0x4f, 0xd8, 0x4f, 0xd8, 0x4f, 0xd8, 0x4f, 0xd9, 0x4f, 0xd9, 0x4f, 0xb9, 0x4f, 0xb9, 0x4f, 0xd9, 0x4f, 0xd9, 0x4f, 0xd9, 0x4f, 0xd9, 0x47,
  0xd9, 0x47, 0xd9, 0x47, 0xd9, 0x47, 0xd9, 0x47, 0xd9, 0x47, 0xd9, 0x47, 0xd9, 0x47, 0xda, 0x47, 0xda, 0x3f, 0xda, 0x47, 0xda, 0x3f, 0xda, 0x3f, 0xda, 0x3f, 0xfc, 0x47, 0x64, 0x09, 0x67, 0x10,
  0xb3, 0x21, 0xb3, 0x21, 0xb3, 0x21, 0xd5, 0x21, 0xc4, 0x10, 0xe0, 0x18, 0xae, 0xcf, 0xce, 0xcf, 0xae, 0xcf, 0xae, 0xcf, 0xae, 0xcf, 0xae, 0xcf, 0xae, 0xcf, 0xae, 0xcf, 0xae, 0xcf, 0xae, 0xcf,
  0xae, 0xcf, 0xae, 0xcf, 0xae, 0xcf, 0xae, 0xcf, 0xae, 0xcf, 0xae, 0xcf, 0xae, 0xcf, 0xae, 0xcf, 0xae, 0xcf, 0xae, 0xcf, 0xae, 0xcf, 0xae, 0xcf, 0xae, 0xcf, 0xae, 0xcf, 0xae, 0xcf, 0xae, 0xcf,
  0xae, 0xcf, 0xae, 0xcf, 0xae, 0xcf, 0xae, 0xcf, 0xae, 0xcf, 0xae, 0xcf, 0xae, 0xcf, 0xae, 0xcf, 0xae, 0xcf, 0xae, 0xcf, 0xae, 0xcf, 0xae, 0xcf, 0xae, 0xcf, 0xae, 0xcf, 0xae, 0xcf, 0xae, 0xcf,
  0xae, 0xcf, 0xae, 0xcf, 0xae, 0xcf, 0xae, 0xcf, 0xae, 0xcf, 0xae, 0xcf, 0xae, 0xcf, 0xae, 0xcf, 0xae, 0xcf, 0xae, 0xcf, 0xae, 0xcf, 0xae, 0xcf, 0xae, 0xcf, 0xae, 0xcf, 0xae, 0xcf, 0xae, 0xcf,
  0xae, 0xcf, 0xae, 0xcf, 0xae, 0xcf, 0xae, 0xcf, 0xae, 0xcf, 0xae, 0xcf, 0xae, 0xcf, 0xae, 0xcf, 0xae, 0xcf, 0xae, 0xcf, 0xae, 0xcf, 0xae, 0xcf, 0xae, 0xcf, 0xae, 0xcf, 0xae, 0xcf, 0xae, 0xcf,
  0xae, 0xcf, 0xae, 0xcf, 0xae, 0xcf, 0xae, 0xcf, 0xae, 0xcf, 0xae, 0xcf, 0xae, 0xcf, 0xae, 0xcf, 0xae, 0xcf, 0xae, 0xcf, 0xae, 0xcf, 0xae, 0xcf, 0xae, 0xcf, 0xae, 0xcf, 0xae, 0xcf, 0xae, 0xcf,
  0xae, 0xcf, 0xae, 0xcf, 0xae, 0xcf, 0xae, 0xcf, 0xae, 0xcf, 0xae, 0xcf, 0xae, 0xcf, 0xae, 0xcf, 0xae, 0xcf, 0xae, 0xcf, 0xae, 0xcf, 0xae, 0xcf, 0xae, 0xcf, 0xae, 0xcf, 0xae, 0xcf, 0xae, 0xcf,
  0xae, 0xcf, 0xae, 0xcf, 0xae, 0xcf, 0xae, 0xcf, 0xae, 0xcf, 0xae, 0xcf, 0xae, 0xcf, 0xae, 0xcf, 0xae, 0xcf, 0xae, 0xcf, 0xae, 0xcf, 0xae, 0xcf, 0xae, 0xcf, 0xae, 0xcf, 0xae, 0xcf, 0xae, 0xcf,
  0xae, 0xcf, 0xae, 0xcf, 0xae, 0xcf, 0xae, 0xcf, 0xae, 0xcf, 0xae, 0xcf, 0xae, 0xcf, 0xae, 0xcf, 0xae, 0xcf, 0xae, 0xcf, 0xae, 0xcf, 0xae, 0xcf, 0xae, 0xcf, 0xae, 0xcf, 0xae, 0xcf, 0xae, 0xcf,
  0xae, 0xcf, 0xae, 0xcf, 0xae, 0xcf, 0xae, 0xcf, 0xae, 0xcf, 0xae, 0xcf, 0xae, 0xcf, 0xae, 0xcf, 0xae, 0xcf, 0xae, 0xcf, 0xae, 0xcf, 0xae, 0xcf, 0xae, 0xcf, 0xae, 0xcf, 0xae, 0xcf, 0xae, 0xcf,
  0xae, 0xcf, 0xae, 0xcf, 0xae, 0xcf, 0xae, 0xcf, 0xae, 0xcf, 0xae, 0xcf, 0xae, 0xcf, 0xae, 0xcf, 0xae, 0xcf, 0x8d, 0xc7, 0x4d, 0xc7, 0x4d, 0xc7, 0x4d, 0xc7, 0xae, 0xcf, 0x07, 0x6c, 0x09, 0x19,
  0x2f, 0x19, 0x2e, 0x19, 0x2f, 0x19, 0x66, 0x08, 0x65, 0x32, 0xaf, 0x8e, 0xd2, 0xa7, 0x71, 0x9f, 0x91, 0x9f, 0x91, 0x9f, 0x91, 0x9f, 0x91, 0x9f, 0x91, 0x97, 0x91, 0x9f, 0x91, 0x97, 0x91, 0x97,
  0x91, 0x97, 0x92, 0x97, 0x92, 0x97, 0x72, 0x97, 0x72, 0x97, 0x92, 0x97, 0x92, 0x97, 0x92, 0x97, 0x92, 0x8f, 0x92, 0x8f, 0x92, 0x8f, 0x92, 0x8f, 0x92, 0x8f, 0x92, 0x8f, 0x93, 0x8f, 0x92, 0x8f,
  0x93, 0x8f, 0x93, 0x8f, 0x93, 0x87, 0x93, 0x87, 0x93, 0x87, 0x93, 0x87, 0x93, 0x87, 0x93, 0x87, 0x93, 0x87, 0x93, 0x87, 0x93, 0x87, 0x93, 0x87, 0x93, 0x87, 0x93, 0x87, 0x94, 0x87, 0x94, 0x7f,
  0x94, 0x7f, 0x94, 0x7f, 0x94, 0x7f, 0x94, 0x7f, 0x94, 0x7f, 0x94, 0x7f, 0x94, 0x7f, 0x94, 0x7f, 0x94, 0x77, 0x94, 0x7f, 0x94, 0x77, 0xb5, 0x77, 0xb4, 0x77, 0xb5, 0x77, 0xb5, 0x77, 0xb5, 0x77,
  0xb5, 0x77, 0xb5, 0x77, 0xb5, 0x77, 0xb5, 0x6f, 0xb5, 0x77, 0x95, 0x6f, 0x95, 0x6f, 0xb5, 0x6f, 0xb5, 0x6f, 0xb6, 0x6f, 0xb5, 0x6f, 0xb6, 0x6f, 0xb6, 0x6f, 0xb6, 0x6f, 0xb6, 0x6f, 0xb6, 0x6f,
  0xb6, 0x67, 0xb6, 0x67, 0xb6, 0x67, 0xb6, 0x67, 0xb6, 0x67, 0xb6, 0x67, 0xb6, 0x67, 0xb6, 0x67, 0xb6, 0x67, 0xb7, 0x67, 0xb7, 0x5f, 0xb7, 0x67, 0xb7, 0x5f, 0xb7, 0x5f, 0xb7, 0x5f, 0xb7, 0x5f,
  0xb7, 0x5f, 0xb7, 0x5f, 0xb7, 0x5f, 0xb7, 0x5f, 0xb7, 0x5f, 0xb7, 0x5f, 0xb8, 0x57, 0xb7, 0x57, 0xb8, 0x57, 0xb8, 0x57, 0xb8, 0x57, 0xb8, 0x57, 0xb8, 0x57, 0xb8, 0x57, 0xd8, 0x57, 0xd8, 0x57,
  0xd8, 0x4f, 0xd8, 0x4f, 0xd8, 0x4f, 0xd8, 0x4f, 0xd9, 0x4f, 0xd8, 0x4f, 0xd9, 0x4f, 0xb9, 0x4f, 0xb9, 0x4f, 0xb9, 0x4f, 0xd9, 0x4f, 0xd9, 0x4f, 0xd9, 0x4f, 0xd9, 0x47, 0xd9, 0x47, 0xd9, 0x47,
  0xd9, 0x47, 0xd9, 0x47, 0xd9, 0x47, 0xd9, 0x47, 0xda, 0x47, 0xda, 0x47, 0xda, 0x3f, 0xda, 0x47, 0xda, 0x3f, 0xda, 0x3f, 0xda, 0x3f, 0xda, 0x3f, 0xda, 0x3f, 0xfd, 0x47, 0x64, 0x09, 0x67, 0x10,
  0xb3, 0x21, 0xb3, 0x21, 0xb3, 0x21, 0xb3, 0x21, 0xd5, 0x21, 0xa4, 0x10, 0x43, 0x42, 0xef, 0xdf, 0x6d, 0xc7, 0x6d, 0xc7, 0x6d, 0xc7, 0x6d, 0xc7, 0x6d, 0xc7, 0x6d, 0xc7, 0x6d, 0xc7, 0x6d, 0xc7,
  0x6d, 0xc7, 0x6d, 0xc7, 0x6d, 0xc7, 0x6d, 0xc7, 0x6d, 0xc7, 0x6d, 0xc7, 0x6d, 0xc7, 0x6d, 0xc7, 0x6d, 0xc7, 0x6d, 0xc7, 0x6d, 0xc7, 0x6d, 0xc7, 0x6d, 0xc7, 0x6d, 0xc7, 0x6d, 0xc7, 0x6d, 0xc7,
  0x6d, 0xc7, 0x6d, 0xc7, 0x6d, 0xc7, 0x6d, 0xc7, 0x6d, 0xc7, 0x6d, 0xc7, 0x6d, 0xc7, 0x6d, 0xc7, 0x6d, 0xc7, 0x6d, 0xc7, 0x6d, 0xc7, 0x6d, 0xc7, 0x6d, 0xc7, 0x6d, 0xc7, 0x6d, 0xc7, 0x6d, 0xc7,
  0x6d, 0xc7, 0x6d, 0xc7, 0x6d, 0xc7, 0x6d, 0xc7, 0x6d, 0xc7, 0x6d, 0xc7, 0x6d, 0xc7, 0x6d, 0xc7, 0x6d, 0xc7, 0x6d, 0xc7, 0x6d, 0xc7, 0x6d, 0xc7, 0x6d, 0xc7, 0x6d, 0xc7, 0x6d, 0xc7, 0x6d, 0xc7,
  0x6d, 0xc7, 0x6d, 0xc7, 0x6d, 0xc7, 0x6d, 0xc7, 0x6d, 0xc7, 0x6d, 0xc7, 0x6d, 0xc7, 0x6d, 0xc7, 0x6d, 0xc7, 0x6d, 0xc7, 0x6d, 0xc7, 0x6d, 0xc7, 0x6d, 0xc7, 0x6d, 0xc7, 0x6d, 0xc7, 0x6d, 0xc7,
  0x6d, 0xc7, 0x6d, 0xc7, 0x6d, 0xc7, 0x6d, 0xc7, 0x6d, 0xc7, 0x6d, 0xc7, 0x6d, 0xc7, 0x6d, 0xc7, 0x6d, 0xc7, 0x6d, 0xc7, 0x6d, 0xc7, 0x6d, 0xc7, 0x6d, 0xc7, 0x6d, 0xc7, 0x6d, 0xc7, 0x6d, 0xc7,
  0x6d, 0xc7, 0x6d, 0xc7, 0x6d, 0xc7, 0x6d, 0xc7, 0x6d, 0xc7, 0x6d, 0xc7, 0x6d, 0xc7, 0x6d, 0xc7, 0x6d, 0xc7, 0x6d, 0xc7, 0x6d, 0xc7, 0x6d, 0xc7, 0x6d, 0xc7, 0x6d, 0xc7, 0x6d, 0xc7, 0x6d, 0xc7,
  0x6d, 0xc7, 0x6d, 0xc7, 0x6d, 0xc7, 0x6d, 0xc7, 0x6d, 0xc7, 0x6d, 0xc7, 0x6d, 0xc7, 0x6d, 0xc7, 0x6d, 0xc7, 0x6d, 0xc7, 0x6d, 0xc7, 0x6d, 0xc7, 0x6d, 0xc7, 0x6d, 0xc7, 0x6d, 0xc7, 0x6d, 0xc7,
  0x6d, 0xc7, 0x6d, 0xc7, 0x6d, 0xc7, 0x6d, 0xc7, 0x6d, 0xc7, 0x6d, 0xc7, 0x6d, 0xc7, 0x6d, 0xc7, 0x6d, 0xc7, 0x6d, 0xc7, 0x6d, 0xc7, 0x6d, 0xc7, 0x6d, 0xc7, 0x6d, 0xc7, 0x6d, 0xc7, 0x6d, 0xc7,
  0x6d, 0xc7, 0x6d, 0xc7, 0x6d, 0xc7, 0x6d, 0xc7, 0x6d, 0xc7, 0x6d, 0xc7, 0x6d, 0xc7, 0x6d, 0xc7, 0x6d, 0xc7, 0x6d, 0xc7, 0x6d, 0xc7, 0x6d, 0xc7, 0x6d, 0xc7, 0x6d, 0xc7, 0x6d, 0xc7, 0x6d, 0xc7,
  0x6d, 0xc7, 0x6d, 0xc7, 0x6d, 0xc7, 0x6d, 0xc7, 0x6d, 0xc7, 0x6d, 0xc7, 0x6d, 0xc7, 0x6d, 0xc7, 0x6d, 0xc7, 0x4d, 0xc7, 0x4d, 0xc7, 0x4d, 0xc7, 0x4d, 0xc7, 0xae, 0xcf, 0x07, 0x6c, 0xe9, 0x18,
  0x2f, 0x19, 0x2e, 0x19, 0x2e, 0x19, 0x4e, 0x19, 0x03, 0x00, 0x65, 0x32, 0xf0, 0x96, 0xd2, 0xa7, 0x91, 0x9f, 0x91, 0x97, 0x91, 0x9f, 0x91, 0x97, 0x91, 0x97, 0x92, 0x97, 0x91, 0x97, 0x92, 0x97,
  0x72, 0x97, 0x72, 0x97, 0x72, 0x97, 0x92, 0x97, 0x92, 0x97, 0x92, 0x97, 0x92, 0x8f, 0x92, 0x8f, 0x92, 0x8f, 0x92, 0x8f, 0x92, 0x8f, 0x93, 0x8f, 0x92, 0x8f, 0x93, 0x8f, 0x93, 0x8f, 0x93, 0x8f,
  0x93, 0x8f, 0x93, 0x87, 0x93, 0x87, 0x93, 0x87, 0x93, 0x87, 0x93, 0x87, 0x93, 0x87, 0x93, 0x87, 0x93, 0x87, 0x93, 0x87, 0x94, 0x87, 0x94, 0x87, 0x94, 0x7f, 0x94, 0x7f, 0x94, 0x7f, 0x94, 0x7f,
  0x94, 0x7f, 0x94, 0x7f, 0x94, 0x7f, 0x94, 0x7f, 0x94, 0x7f, 0x94, 0x7f, 0x94, 0x7f, 0x94, 0x77, 0xb5, 0x77, 0xb4, 0x77, 0xb5, 0x77, 0xb5, 0x77, 0xb5, 0x77, 0xb5, 0x77, 0xb5, 0x77, 0xb5, 0x77,
  0xb5, 0x77, 0xb5, 0x6f, 0x95, 0x77, 0x95, 0x6f, 0x95, 0x6f, 0xb5, 0x6f, 0xb6, 0x6f, 0xb5, 0x6f, 0xb6, 0x6f, 0xb6, 0x6f, 0xb6, 0x6f, 0xb6, 0x6f, 0xb6, 0x67, 0xb6, 0x6f, 0xb6, 0x67, 0xb6, 0x67,
  0xb6, 0x67, 0xb6, 0x67, 0xb6, 0x67, 0xb6, 0x67, 0xb6, 0x67, 0xb7, 0x67, 0xb7, 0x67, 0xb7, 0x5f, 0xb7, 0x67, 0xb7, 0x5f, 0xb7, 0x5f, 0xb7, 0x5f, 0xb7, 0x5f, 0xb7, 0x5f, 0xb7, 0x5f, 0xb7, 0x5f,
  0xb7, 0x5f, 0xb7, 0x5f, 0xb7, 0x5f, 0xb7, 0x5f, 0xb7, 0x57, 0xb8, 0x57, 0xb8, 0x57, 0xb8, 0x57, 0xb8, 0x57, 0xb8, 0x57, 0xb8, 0x57, 0xd8, 0x57, 0xd8, 0x57, 0xd8, 0x57, 0xd8, 0x57, 0xd8, 0x4f,
  0xd8, 0x4f, 0xd8, 0x4f, 0xd9, 0x4f, 0xd8, 0x4f, 0xd9, 0x4f, 0xb9, 0x4f, 0xb9, 0x4f, 0xd9, 0x4f, 0xd9, 0x4f, 0xd9, 0x4f, 0xd9, 0x47, 0xd9, 0x47, 0xd9, 0x47, 0xd9, 0x47, 0xd9, 0x47, 0xd9, 0x47,
  0xd9, 0x47, 0xd9, 0x47, 0xda, 0x47, 0xda, 0x3f, 0xda, 0x47, 0xda, 0x3f, 0xda, 0x3f, 0xda, 0x3f, 0xda, 0x3f, 0xda, 0x3f, 0xda, 0x3f, 0xda, 0x3f, 0xda, 0x3f, 0xfd, 0x3f, 0x64, 0x09, 0x67, 0x10,
  0xb3, 0x21, 0xb3, 0x21, 0xb3, 0x21, 0xb3, 0x21, 0xb3, 0x21, 0xb5, 0x21, 0xc4, 0x10, 0x63, 0x42, 0xef, 0xdf, 0x4d, 0xc7, 0x4d, 0xc7, 0x4d, 0xc7, 0x4d, 0xc7, 0x4d, 0xc7, 0x4d, 0xc7, 0x4d, 0xc7,
  0x4d, 0xc7, 0x4d, 0xc7, 0x4d, 0xc7, 0x4d, 0xc7, 0x4d, 0xc7, 0x4d, 0xc7, 0x4d, 0xc7, 0x4d, 0xc7, 0x4d, 0xc7, 0x4d, 0xc7, 0x4d, 0xc7, 0x4d, 0xc7, 0x4d, 0xc7, 0x4d, 0xc7, 0x4d, 0xc7, 0x4d, 0xc7,
  0x4d, 0xc7, 0x4d, 0xc7, 0x4d, 0xc7, 0x4d, 0xc7, 0x4d, 0xc7, 0x4d, 0xc7, 0x4d, 0xc7, 0x4d, 0xc7, 0x4d, 0xc7, 0x4d, 0xc7, 0x4d, 0xc7, 0x4d, 0xc7, 0x4d, 0xc7, 0x4d, 0xc7, 0x4d, 0xc7, 0x4d, 0xc7,
  0x4d, 0xc7, 0x4d, 0xc7, 0x4d, 0xc7, 0x4d, 0xc7, 0x4d, 0xc7, 0x4d, 0xc7, 0x4d, 0xc7, 0x4d, 0xc7, 0x4d, 0xc7, 0x4d, 0xc7, 0x4d, 0xc7, 0x4d, 0xc7, 0x4d, 0xc7, 0x4d, 0xc7, 0x4d, 0xc7, 0x4d, 0xc7,
  0x4d, 0xc7, 0x4d, 0xc7, 0x4d, 0xc7, 0x4d, 0xc7, 0x4d, 0xc7, 0x4d, 0xc7, 0x4d, 0xc7, 0x4d, 0xc7, 0x4d, 0xc7, 0x4d, 0xc7, 0x4d, 0xc7, 0x4d, 0xc7, 0x4d, 0xc7, 0x4d, 0xc7, 0x4d, 0xc7, 0x4d, 0xc7,
  0x4d, 0xc7, 0x4d, 0xc7, 0x4d, 0xc7, 0x4d, 0xc7, 0x4d, 0xc7, 0x4d, 0xc7, 0x4d, 0xc7, 0x4d, 0xc7, 0x4d, 0xc7, 0x4d, 0xc7, 0x4d, 0xc7, 0x4d, 0xc7, 0x4d, 0xc7, 0x4d, 0xc7, 0x4d, 0xc7, 0x4d, 0xc7,
  0x4d, 0xc7, 0x4d, 0xc7, 0x4d, 0xc7, 0x4d, 0xc7, 0x4d, 0xc7, 0x4d, 0xc7, 0x4d, 0xc7, 0x4d, 0xc7, 0x4d, 0xc7, 0x4d, 0xc7, 0x4d, 0xc7, 0x4d, 0xc7, 0x4d, 0xc7, 0x4d, 0xc7, 0x4d, 0xc7, 0x4d, 0xc7,
  0x4d, 0xc7, 0x4d, 0xc7, 0x4d, 0xc7, 0x4d, 0xc7, 0x4d, 0xc7, 0x4d, 0xc7, 0x4d, 0xc7, 0x4d, 0xc7, 0x4d, 0xc7, 0x4d, 0xc7, 0x4d, 0xc7, 0x4d, 0xc7, 0x4d, 0xc7, 0x4d, 0xc7, 0x4d, 0xc7, 0x4d, 0xc7,
  0x4d, 0xc7, 0x4d, 0xc7, 0x4d, 0xc7, 0x4d, 0xc7, 0x4d, 0xc7, 0x4d, 0xc7, 0x4d, 0xc7, 0x4d, 0xc7, 0x4d, 0xc7, 0x4d, 0xc7, 0x4d, 0xc7, 0x4d, 0xc7, 0x4d, 0xc7, 0x4d, 0xc7, 0x4d, 0xc7, 0x4d, 0xc7,
  0x4d, 0xc7, 0x4d, 0xc7, 0x4d, 0xc7, 0x4d, 0xc7, 0x4d, 0xc7, 0x4d, 0xc7, 0x4d, 0xc7, 0x4d, 0xc7, 0x4d, 0xc7, 0x4d, 0xc7, 0x4d, 0xc7, 0x4d, 0xc7, 0x4d, 0xc7, 0x4d, 0xc7, 0x4d, 0xc7, 0x4d, 0xc7,
  0x4d, 0xc7, 0x4d, 0xc7, 0x4d, 0xc7, 0x4d, 0xc7, 0x4d, 0xc7, 0x4d, 0xc7, 0x4d, 0xc7, 0x4d, 0xc7, 0x4d, 0xc7, 0x4d, 0xc7, 0x4d, 0xc7, 0x4d, 0xc7, 0x4d, 0xc7, 0xae, 0xcf, 0x07, 0x6c, 0xe9, 0x18,
  0x2f, 0x19, 0x2e, 0x19, 0x2e, 0x19, 0x6f, 0x21, 0x6c, 0x21, 0x22, 0x08, 0xe3, 0x29, 0x4e, 0x86, 0xf3, 0xa7, 0xf3, 0xa7, 0xf2, 0x9f, 0xf3, 0x9f, 0xf3, 0x9f, 0xf3, 0x9f, 0xf3, 0x9f, 0xf3, 0x9f,
  0xf3, 0x9f, 0xf3, 0x9f, 0xf3, 0x9f, 0xf3, 0x97, 0xf3, 0x97, 0xf3, 0x97, 0xf3, 0x97, 0xf4, 0x97, 0xf3, 0x97, 0xf4, 0x97, 0xf4, 0x97, 0xf4, 0x97, 0xf4, 0x97, 0xf4, 0x8f, 0xf4, 0x8f, 0xf4, 0x8f,
  0xf4, 0x8f, 0xf4, 0x8f, 0xf4, 0x8f, 0xf4, 0x8f, 0xf4, 0x8f, 0xf4, 0x8f, 0xf5, 0x8f, 0xf5, 0x8f, 0xf5, 0x8f, 0xf5, 0x87, 0xf5, 0x87, 0xf5, 0x87, 0xf5, 0x87, 0xf5, 0x87, 0xf5, 0x87, 0xf5, 0x87,
  0xf5, 0x87, 0xf5, 0x87, 0xf6, 0x87, 0xf5, 0x7f, 0xf6, 0x7f, 0xf6, 0x7f, 0xf6, 0x7f, 0xf6, 0x7f, 0xf6, 0x7f, 0xf6, 0x7f, 0xf6, 0x7f, 0xf6, 0x7f, 0xf6, 0x7f, 0xf6, 0x77, 0xf6, 0x77, 0xf6, 0x77,
  0xf7, 0x77, 0xf7, 0x77, 0xf7, 0x77, 0xf7, 0x77, 0xf7, 0x77, 0xf7, 0x77, 0xf7, 0x77, 0xf7, 0x77, 0xf7, 0x77, 0xf7, 0x6f, 0xf7, 0x6f, 0xf7, 0x6f, 0xf7, 0x6f, 0xf7, 0x6f, 0xf7, 0x6f, 0xf8, 0x6f,
  0xf8, 0x6f, 0xf8, 0x6f, 0xf8, 0x67, 0xf8, 0x67, 0xf8, 0x67, 0xf8, 0x67, 0xf8, 0x67, 0xf8, 0x67, 0xf8, 0x67, 0xf8, 0x67, 0xf8, 0x67, 0xf9, 0x67, 0xf9, 0x67, 0xf9, 0x5f, 0xf9, 0x5f, 0xf9, 0x5f,
  0xf9, 0x5f, 0xf9, 0x5f, 0xf9, 0x5f, 0xf9, 0x5f, 0xf9, 0x5f, 0xf9, 0x5f, 0xf9, 0x5f, 0xf9, 0x57, 0xf9, 0x5f, 0xf9, 0x57, 0xfa, 0x57, 0xfa, 0x57, 0xfa, 0x57, 0xfa, 0x57, 0xfa, 0x57, 0xfa, 0x57,
  0xfa, 0x57, 0xfa, 0x57, 0xfa, 0x4f, 0xfa, 0x4f, 0xfa, 0x4f, 0xfa, 0x4f, 0xfa, 0x4f, 0xfb, 0x4f, 0xfa, 0x4f, 0xfb, 0x4f, 0xfb, 0x4f, 0xfb, 0x4f, 0xfb, 0x47, 0xfb, 0x47, 0xfb, 0x47, 0xfb, 0x47,
  0xfb, 0x47, 0xfb, 0x47, 0xfb, 0x47, 0xfb, 0x47, 0xfb, 0x47, 0xfc, 0x47, 0xfc, 0x47, 0xfc, 0x3f, 0xfc, 0x3f, 0xfc, 0x3f, 0xfc, 0x3f, 0xfc, 0x3f, 0xfc, 0x3f, 0xff, 0x3f, 0x85, 0x09, 0x67, 0x10,
  0xb3, 0x21, 0xb3, 0x21, 0xb3, 0x21, 0xb3, 0x21, 0xb3, 0x21, 0xb3, 0x21, 0xb5, 0x21, 0x23, 0x19, 0x43, 0x3a, 0xef, 0xdf, 0xce, 0xcf, 0xce, 0xcf, 0xce, 0xcf, 0xce, 0xcf, 0xce, 0xcf, 0xce, 0xcf,
  0xce, 0xcf, 0xce, 0xcf, 0xce, 0xcf, 0xce, 0xcf, 0xce, 0xcf, 0xce, 0xcf, 0xce, 0xcf, 0xce, 0xcf, 0xce, 0xcf, 0xce, 0xcf, 0xce, 0xcf, 0xce, 0xcf, 0xce, 0xcf, 0xce, 0xcf, 0xce, 0xcf, 0xce, 0xcf,
  0xce, 0xcf, 0xce, 0xcf, 0xce, 0xcf, 0xce, 0xcf, 0xce, 0xcf, 0xce, 0xcf, 0xce, 0xcf, 0xce, 0xcf, 0xce, 0xcf, 0xce, 0xcf, 0xce, 0xcf, 0xce, 0xcf, 0xce, 0xcf, 0xce, 0xcf, 0xce, 0xcf, 0xce, 0xcf,
  0xce, 0xcf, 0xce, 0xcf, 0xce, 0xcf, 0xce, 0xcf, 0xce, 0xcf, 0xce, 0xcf, 0xce, 0xcf, 0xce, 0xcf, 0xce, 0xcf, 0xce, 0xcf, 0xce, 0xcf, 0xce, 0xcf, 0xce, 0xcf, 0xce, 0xcf, 0xce, 0xcf, 0xce, 0xcf,
  0xce, 0xcf, 0xce, 0xcf, 0xce, 0xcf, 0xce, 0xcf, 0xce, 0xcf, 0xce, 0xcf, 0xce, 0xcf, 0xce, 0xcf, 0xce, 0xcf, 0xce, 0xcf, 0xce, 0xcf, 0xce, 0xcf, 0xce, 0xcf, 0xce, 0xcf, 0xce, 0xcf, 0xce, 0xcf,
  0xce, 0xcf, 0xce, 0xcf, 0xce, 0xcf, 0xce, 0xcf, 0xce, 0xcf, 0xce, 0xcf, 0xce, 0xcf, 0xce, 0xcf, 0xce, 0xcf, 0xce, 0xcf, 0xce, 0xcf, 0xce, 0xcf, 0xce, 0xcf, 0xce, 0xcf, 0xce, 0xcf, 0xce, 0xcf,
  0xce, 0xcf, 0xce, 0xcf, 0xce, 0xcf, 0xce, 0xcf, 0xce, 0xcf, 0xce, 0xcf, 0xce, 0xcf, 0xce, 0xcf, 0xce, 0xcf, 0xce, 0xcf, 0xce, 0xcf, 0xce, 0xcf, 0xce, 0xcf, 0xce, 0xcf, 0xce, 0xcf, 0xce, 0xcf,
  0xce, 0xcf, 0xce, 0xcf, 0xce, 0xcf, 0xce, 0xcf, 0xce, 0xcf, 0xce, 0xcf, 0xce, 0xcf, 0xce, 0xcf, 0xce, 0xcf, 0xce, 0xcf, 0xce, 0xcf, 0xce, 0xcf, 0xce, 0xcf, 0xce, 0xcf, 0xce, 0xcf, 0xce, 0xcf,
  0xce, 0xcf, 0xce, 0xcf, 0xce, 0xcf, 0xce, 0xcf, 0xce, 0xcf, 0xce, 0xcf, 0xce, 0xcf, 0xce, 0xcf, 0xce, 0xcf, 0xce, 0xcf, 0xce, 0xcf, 0xce, 0xcf, 0xce, 0xcf, 0xce, 0xcf, 0xce, 0xcf, 0xce, 0xcf,
  0xce, 0xcf, 0xce, 0xcf, 0xce, 0xcf, 0xce, 0xcf, 0xce, 0xcf, 0xce, 0xcf, 0xce, 0xcf, 0xce, 0xcf, 0xce, 0xcf, 0xce, 0xcf, 0xce, 0xcf, 0xce, 0xcf, 0xce, 0xcf, 0xce, 0xcf, 0xce, 0xcf, 0xce, 0xcf,
  0xce, 0xcf, 0xce, 0xcf, 0xce, 0xcf, 0xce, 0xcf, 0xce, 0xcf, 0xce, 0xcf, 0xce, 0xcf, 0xce, 0xcf, 0xce, 0xcf, 0xce, 0xcf, 0xce, 0xcf, 0xce, 0xcf, 0xce, 0xcf, 0xef, 0xd7, 0x47, 0x74, 0x09, 0x19,
  0x2e, 0x19, 0x2e, 0x19, 0x2e, 0x19, 0x4e, 0x21, 0x8f, 0x29, 0x4e, 0x19, 0xa6, 0x08, 0x00, 0x00, 0x01, 0x11, 0x27, 0x43, 0xc8, 0x4b, 0xa8, 0x4b, 0xa8, 0x4b, 0xa8, 0x4b, 0xa8, 0x4b, 0xa8, 0x4b,
  0xa8, 0x4b, 0xa8, 0x43, 0xa9, 0x4b, 0xa9, 0x43, 0xa9, 0x43, 0xa9, 0x43, 0xa9, 0x43, 0xa9, 0x43, 0xa9, 0x43, 0xa9, 0x43, 0xc9, 0x43, 0xc9, 0x43, 0xc9, 0x43, 0xc9, 0x43, 0xc9, 0x43, 0xc9, 0x43,
  0xc9, 0x43, 0xc9, 0x43, 0xc9, 0x43, 0xc9, 0x43, 0xc9, 0x43, 0xc9, 0x43, 0xc9, 0x43, 0xc9, 0x3b, 0xc9, 0x43, 0xc9, 0x43, 0xc9, 0x3b, 0xc9, 0x3b, 0xc9, 0x3b, 0xc9, 0x3b, 0xc9, 0x3b, 0xc9, 0x3b,
  0xca, 0x3b, 0xca, 0x3b, 0xca, 0x3b, 0xca, 0x3b, 0xca, 0x3b, 0xca, 0x3b, 0xca, 0x3b, 0xca, 0x3b, 0xca, 0x3b, 0xca, 0x3b, 0xca, 0x3b, 0xca, 0x3b, 0xca, 0x3b, 0xca, 0x3b, 0xca, 0x3b, 0xca, 0x3b,
  0xca, 0x3b, 0xca, 0x33, 0xca, 0x33, 0xca, 0x33, 0xca, 0x33, 0xca, 0x33, 0xca, 0x33, 0xca, 0x33, 0xca, 0x33, 0xcb, 0x33, 0xcb, 0x33, 0xcb, 0x33, 0xca, 0x33, 0xcb, 0x33, 0xcb, 0x33, 0xcb, 0x33,
  0xcb, 0x33, 0xcb, 0x33, 0xcb, 0x33, 0xcb, 0x33, 0xcb, 0x2b, 0xcb, 0x33, 0xcb, 0x2b, 0xcb, 0x2b, 0xcb, 0x2b, 0xcb, 0x2b, 0xcb, 0x2b, 0xcb, 0x2b, 0xcb, 0x2b, 0xcb, 0x2b, 0xcb, 0x2b, 0xcb, 0x2b,
  0xcb, 0x2b, 0xcb, 0x2b, 0xcb, 0x2b, 0xcb, 0x2b, 0xcb, 0x2b, 0xcb, 0x2b, 0xec, 0x2b, 0xec, 0x2b, 0xec, 0x2b, 0xec, 0x2b, 0xec, 0x23, 0xec, 0x2b, 0xec, 0x2b, 0xec, 0x23, 0xec, 0x23, 0xcc, 0x23,
  0xcc, 0x23, 0xec, 0x23, 0xec, 0x23, 0xec, 0x23, 0xec, 0x23, 0xec, 0x23, 0xec, 0x23, 0xec, 0x23, 0xec, 0x23, 0xec, 0x23, 0xec, 0x23, 0xec, 0x23, 0xec, 0x23, 0xec, 0x23, 0xec, 0x23, 0xec, 0x23,
  0xec, 0x1b, 0xec, 0x23, 0xed, 0x23, 0xed, 0x1b, 0xed, 0x1b, 0xed, 0x1b, 0xed, 0x1b, 0xed, 0x1b, 0xed, 0x1b, 0xed, 0x1b, 0xed, 0x1b, 0xed, 0x1b, 0xed, 0x1b, 0x4e, 0x1c, 0x81, 0x00, 0x88, 0x10,
  0xb3, 0x21, 0xb3, 0x21, 0xb3, 0x21, 0xb3, 0x21, 0xb3, 0x21, 0xb3, 0x21, 0x93, 0x21, 0xb5, 0x19, 0x24, 0x21, 0xe2, 0x31, 0xc5, 0x63, 0xa5, 0x63, 0xa5, 0x63, 0xa5, 0x63, 0xa5, 0x63, 0xa5, 0x63,
  0xa5, 0x63, 0xa5, 0x63, 0xa5, 0x63, 0xa5, 0x63, 0xa5, 0x63, 0xa5, 0x63, 0xa5, 0x63, 0xa5, 0x63, 0xa5, 0x63, 0xa5, 0x63, 0xa5, 0x63, 0xa5, 0x63, 0xa5, 0x63, 0xa5, 0x63, 0xa5, 0x63, 0xa5, 0x63,
  0x85, 0x63, 0xa5, 0x63, 0xa5, 0x63, 0xa5, 0x63, 0xa5, 0x63, 0xa5, 0x63, 0xa5, 0x63, 0xa5, 0x63, 0xa5, 0x63, 0xa5, 0x63, 0xa5, 0x63, 0xa5, 0x63, 0xa5, 0x63, 0xa5, 0x63, 0xa5, 0x63, 0xa5, 0x63,
  0xa5, 0x63, 0xa5, 0x63, 0xa5, 0x63, 0xa5, 0x63, 0x85, 0x63, 0xa5, 0x63, 0xa5, 0x63, 0xa5, 0x63, 0xa5, 0x63, 0xa5, 0x63, 0xa5, 0x63, 0xa5, 0x63, 0xa5, 0x63, 0xa5, 0x63, 0xa5, 0x63, 0xa5, 0x63,
  0xa5, 0x63, 0xa5, 0x63, 0xa5, 0x63, 0xa5, 0x63, 0xa5, 0x63, 0xa5, 0x63, 0xa5, 0x63, 0xa5, 0x63, 0xa5, 0x63, 0xa5, 0x63, 0x85, 0x63, 0xa5, 0x63, 0xa5, 0x63, 0xa5, 0x63, 0xa5, 0x63, 0xa5, 0x63,
  0xa5, 0x63, 0xa5, 0x63, 0xa5, 0x63, 0xa5, 0x63, 0xa5, 0x63, 0xa5, 0x63, 0xa5, 0x63, 0xa5, 0x63, 0xa5, 0x63, 0xa5, 0x63, 0xa5, 0x63, 0xa5, 0x63, 0xa5, 0x63, 0xa5, 0x63, 0xa5, 0x63, 0xa5, 0x63,
  0x85, 0x63, 0xa5, 0x63, 0xa5, 0x63, 0xa5, 0x63, 0xa5, 0x63, 0xa5, 0x63, 0xa5, 0x63, 0xa5, 0x63, 0xa5, 0x63, 0xa5, 0x63, 0xa5, 0x63, 0xa5, 0x63, 0xa5, 0x63, 0xa5, 0x63, 0xa5, 0x63, 0xa5, 0x63,
  0xa5, 0x63, 0xa5, 0x63, 0xa5, 0x63, 0xa5, 0x63, 0xa5, 0x63, 0xa5, 0x63, 0xa5, 0x63, 0xa5, 0x63, 0xa5, 0x63, 0xa5, 0x63, 0xa5, 0x63, 0xa5, 0x63, 0xa5, 0x63, 0xa5, 0x63, 0xa5, 0x63, 0xa5, 0x63,
  0xa5, 0x63, 0xa5, 0x63, 0xa5, 0x63, 0xa5, 0x63, 0xa5, 0x63, 0xa5, 0x63, 0xa5, 0x63, 0xa5, 0x63, 0xa5, 0x63, 0xa5, 0x63, 0xa5, 0x63, 0xa5, 0x63, 0xa5, 0x63, 0xa5, 0x63, 0xa5, 0x63, 0xa5, 0x63,
  0xa5, 0x63, 0xa5, 0x63, 0xa5, 0x63, 0xa5, 0x63, 0xa5, 0x63, 0xa5, 0x63, 0xa5, 0x63, 0xa5, 0x63, 0xa5, 0x63, 0xa5, 0x63, 0xa5, 0x63, 0xa5, 0x63, 0xa5, 0x63, 0xa5, 0x63, 0xa5, 0x63, 0xa5, 0x63,
  0xa5, 0x63, 0xa5, 0x63, 0xa5, 0x63, 0xa5, 0x63, 0xa5, 0x63, 0xa5, 0x63, 0xa5, 0x63, 0xa5, 0x63, 0xa5, 0x63, 0xa5, 0x63, 0xa5, 0x63, 0xa5, 0x63, 0xa5, 0x63, 0xe6, 0x6b, 0xe2, 0x31, 0xc8, 0x10,
  0x2e, 0x19, 0x2e, 0x19, 0x2e, 0x19, 0x4e, 0x21, 0x8f, 0x21, 0x4e, 0x21, 0x2e, 0x19, 0x2e, 0x19, 0xaa, 0x10, 0x87, 0x08, 0x06, 0x11, 0x26, 0x19, 0x26, 0x19, 0x26, 0x19, 0x26, 0x19, 0x26, 0x19,
  0x26, 0x19, 0x26, 0x19, 0x26, 0x19, 0x26, 0x19, 0x26, 0x19, 0x26, 0x19, 0x26, 0x11, 0x26, 0x11, 0x26, 0x11, 0x47, 0x19, 0x47, 0x19, 0x26, 0x19, 0x26, 0x11, 0x26, 0x19, 0x26, 0x19, 0x26, 0x19,
  0x26, 0x19, 0x26, 0x11, 0x26, 0x11, 0x26, 0x11, 0x26, 0x11, 0x26, 0x11, 0x26, 0x11, 0x26, 0x11, 0x26, 0x11, 0x26, 0x11, 0x26, 0x11, 0x26, 0x11, 0x26, 0x11, 0x26, 0x11, 0x26, 0x11, 0x67, 0x19,
  0x26, 0x11, 0x26, 0x11, 0x26, 0x11, 0x26, 0x11, 0x26, 0x11, 0x26, 0x11, 0x26, 0x11, 0x26, 0x11, 0x26, 0x11, 0x26, 0x11, 0x26, 0x11, 0x26, 0x11, 0x26, 0x11, 0x26, 0x11, 0x26, 0x11, 0x26, 0x11,
  0x26, 0x11, 0x26, 0x11, 0x06, 0x11, 0x26, 0x11, 0x47, 0x19, 0x26, 0x11, 0x26, 0x11, 0x26, 0x11, 0x26, 0x11, 0x26, 0x11, 0x26, 0x11, 0x26, 0x11, 0x26, 0x11, 0x26, 0x11, 0x26, 0x11, 0x26, 0x11,
  0x26, 0x11, 0x26, 0x11, 0x26, 0x11, 0x26, 0x11, 0x26, 0x11, 0x26, 0x11, 0x26, 0x11, 0x26, 0x11, 0x26, 0x11, 0x26, 0x11, 0x47, 0x19, 0x26, 0x11, 0x26, 0x11, 0x26, 0x11, 0x26, 0x11, 0x26, 0x11,
  0x26, 0x11, 0x26, 0x11, 0x26, 0x11, 0x26, 0x11, 0x26, 0x11, 0x26, 0x11, 0x26, 0x11, 0x26, 0x11, 0x06, 0x11, 0x06, 0x11, 0x06, 0x11, 0x06, 0x11, 0x06, 0x11, 0x06, 0x11, 0x06, 0x09, 0x47, 0x19,
  0x26, 0x11, 0x06, 0x11, 0x06, 0x11, 0x06, 0x11, 0x06, 0x11, 0x06, 0x09, 0x06, 0x09, 0x06, 0x09, 0x06, 0x09, 0x06, 0x09, 0x06, 0x09, 0x06, 0x09, 0x06, 0x09, 0x06, 0x09, 0x06, 0x11, 0x06, 0x09,
  0x06, 0x09, 0x06, 0x09, 0x06, 0x09, 0x26, 0x11, 0x67, 0x11, 0x06, 0x09, 0x06, 0x09, 0x06, 0x09, 0x06, 0x09, 0x06, 0x09, 0x06, 0x09, 0x06, 0x09, 0x06, 0x09, 0x06, 0x09, 0x67, 0x09, 0x89, 0x10,
  0xb3, 0x21, 0xb3, 0x21, 0xb3, 0x21, 0xb3, 0x21, 0x93, 0x21, 0x93, 0x21, 0x93, 0x21, 0xb3, 0x21, 0xb4, 0x21, 0xee, 0x10, 0x6f, 0x21, 0xee, 0x10, 0xee, 0x08, 0xee, 0x10, 0xee, 0x10, 0xee, 0x10,
  0xee, 0x10, 0xee, 0x10, 0xee, 0x10, 0xee, 0x10, 0xee, 0x10, 0xee, 0x10, 0xee, 0x10, 0xee, 0x10, 0xee, 0x10, 0xee, 0x10, 0xee, 0x10, 0xce, 0x10, 0xce, 0x10, 0xce, 0x10, 0xce, 0x10, 0xee, 0x10,
  0x4f, 0x19, 0xcd, 0x08, 0xee, 0x08, 0xee, 0x08, 0xce, 0x08, 0xce, 0x08, 0xce, 0x08, 0xcd, 0x08, 0xcd, 0x08, 0xcd, 0x08, 0xcd, 0x08, 0xcd, 0x08, 0xcd, 0x08, 0xcd, 0x08, 0xcd, 0x08, 0xcd, 0x08,
  0xcd, 0x08, 0xcd, 0x08, 0xcd, 0x08, 0xcd, 0x10, 0x4e, 0x19, 0xcd, 0x10, 0xcd, 0x08, 0xcd, 0x08, 0xcd, 0x08, 0xcd, 0x08, 0xcd, 0x08, 0xcd, 0x08, 0xcd, 0x08, 0xcd, 0x08, 0xcd, 0x08, 0xcd, 0x08,
  0xcd, 0x08, 0xcd, 0x08, 0xcd, 0x08, 0xcd, 0x08, 0xcd, 0x08, 0xcd, 0x08, 0xcd, 0x08, 0xcd, 0x08, 0xcd, 0x08, 0xcd, 0x10, 0x2e, 0x19, 0xed, 0x10, 0xcd, 0x08, 0xcd, 0x08, 0xcd, 0x08, 0xcd, 0x08,
  0xcc, 0x08, 0xcc, 0x08, 0xcc, 0x08, 0xac, 0x08, 0xac, 0x08, 0xac, 0x08, 0xac, 0x08, 0xac, 0x08, 0xac, 0x08, 0xac, 0x08, 0xac, 0x08, 0xac, 0x08, 0xac, 0x08, 0xac, 0x08, 0xac, 0x08, 0xcc, 0x10,
  0x0d, 0x19, 0xac, 0x08, 0xac, 0x08, 0xac, 0x08, 0xac, 0x08, 0xac, 0x08, 0xac, 0x08, 0xac, 0x08, 0xac, 0x08, 0xac, 0x08, 0xac, 0x08, 0xac, 0x08, 0xac, 0x08, 0xac, 0x08, 0xac, 0x08, 0xac, 0x08,
  0xac, 0x08, 0xac, 0x08, 0xac, 0x08, 0xcc, 0x08, 0x0c, 0x11, 0xcc, 0x10, 0xab, 0x08, 0xac, 0x08, 0xac, 0x08, 0xac, 0x08, 0xac, 0x08, 0xac, 0x08, 0xab, 0x08, 0xab, 0x08, 0xab, 0x08, 0xab, 0x08,
  0xab, 0x08, 0xab, 0x08, 0xab, 0x08, 0xab, 0x08, 0xab, 0x08, 0xab, 0x08, 0xab, 0x08, 0xab, 0x08, 0x8b, 0x08, 0xcb, 0x10, 0x0c, 0x19, 0xcc, 0x10, 0xab, 0x08, 0x8b, 0x08, 0x8b, 0x08, 0x8b, 0x08,
  0x8b, 0x08, 0x8b, 0x08, 0x8b, 0x08, 0x8b, 0x08, 0x8b, 0x08, 0x8b, 0x08, 0x8b, 0x08, 0x8b, 0x08, 0x8b, 0x08, 0x8b, 0x08, 0x8b, 0x08, 0x8b, 0x08, 0x8b, 0x08, 0x8b, 0x08, 0x8b, 0x08, 0xcb, 0x10,
  0xcb, 0x10, 0x8b, 0x08, 0x8b, 0x08, 0x8b, 0x08, 0x8a, 0x08, 0x8a, 0x08, 0x8a, 0x08, 0x8a, 0x08, 0x8a, 0x08, 0x8a, 0x08, 0x8a, 0x08, 0x8a, 0x08, 0x8a, 0x08, 0x8a, 0x08, 0xaa, 0x08, 0x0c, 0x11,
  0x2e, 0x19, 0x2e, 0x19, 0x2e, 0x19, 0x4e, 0x21, 0x8f, 0x21, 0x4e, 0x21, 0x2d, 0x19, 0x2e, 0x19, 0x2e, 0x19, 0x2e, 0x19, 0x0e, 0x19, 0x0e, 0x19, 0x0e, 0x19, 0x0e, 0x19, 0x0e, 0x19, 0x0e, 0x19,
  0x0e, 0x19, 0x0e, 0x19, 0x0e, 0x19, 0x0e, 0x19, 0x0e, 0x19, 0x0e, 0x19, 0x0e, 0x19, 0x0e, 0x19, 0x0d, 0x11, 0x4e, 0x21, 0x8f, 0x29, 0x2e, 0x19, 0x0e, 0x11, 0x0d, 0x19, 0x0d, 0x19, 0x0d, 0x19,
  0x0d, 0x19, 0x0d, 0x19, 0x0d, 0x19, 0x0d, 0x19, 0x0d, 0x19, 0x0d, 0x11, 0x0d, 0x11, 0x0d, 0x11, 0x0d, 0x11, 0x0d, 0x11, 0x0d, 0x11, 0xed, 0x10, 0xed, 0x10, 0xed, 0x10, 0xed, 0x10, 0x8e, 0x29,
  0x4e, 0x21, 0xed, 0x18, 0xed, 0x10, 0xed, 0x10, 0xed, 0x10, 0xed, 0x10, 0xed, 0x10, 0xed, 0x10, 0xed, 0x10, 0xed, 0x10, 0xec, 0x10, 0xed, 0x10, 0xed, 0x10, 0xec, 0x10, 0xec, 0x18, 0xec, 0x18,
  0xec, 0x10, 0xec, 0x10, 0xec, 0x10, 0x2d, 0x19, 0x6e, 0x21, 0xec, 0x18, 0xec, 0x10, 0xec, 0x10, 0xec, 0x10, 0xec, 0x10, 0xec, 0x10, 0xec, 0x10, 0xec, 0x10, 0xec, 0x10, 0xec, 0x10, 0xec, 0x10,
  0xec, 0x10, 0xec, 0x10, 0xec, 0x10, 0xec, 0x10, 0xec, 0x10, 0xec, 0x10, 0xec, 0x10, 0xec, 0x10, 0xcb, 0x10, 0x0c, 0x19, 0x6d, 0x29, 0xec, 0x10, 0xcb, 0x10, 0xcb, 0x10, 0xcb, 0x10, 0xcb, 0x10,
  0xcb, 0x10, 0xcb, 0x10, 0xcb, 0x10, 0xcb, 0x10, 0xcb, 0x10, 0xcb, 0x10, 0xcb, 0x10, 0xcb, 0x10, 0xcb, 0x10, 0xcb, 0x10, 0xcb, 0x10, 0xcb, 0x10, 0xcb, 0x10, 0xcb, 0x10, 0xab, 0x10, 0x8d, 0x29,
  0x0b, 0x19, 0xcb, 0x10, 0xcb, 0x10, 0xcb, 0x10, 0xcb, 0x10, 0xcb, 0x10, 0xcb, 0x10, 0xcb, 0x10, 0xcb, 0x10, 0xcb, 0x10, 0xca, 0x10, 0xca, 0x10, 0xca, 0x10, 0xaa, 0x10, 0xca, 0x10, 0xca, 0x10,
  0xca, 0x10, 0xca, 0x10, 0xaa, 0x10, 0xeb, 0x18, 0x8d, 0x29, 0xaa, 0x10, 0xca, 0x10, 0xca, 0x10, 0xca, 0x10, 0xaa, 0x10, 0xaa, 0x10, 0xaa, 0x10, 0xaa, 0x10, 0xaa, 0x10, 0xaa, 0x10, 0xca, 0x10,
  0xb3, 0x21, 0x93, 0x21, 0x93, 0x21, 0x93, 0x21, 0x93, 0x21, 0x93, 0x21, 0xb3, 0x21, 0xb3, 0x19, 0x93, 0x19, 0xb3, 0x19, 0x55, 0x3a, 0xd3, 0x21, 0xb3, 0x21, 0xb3, 0x21, 0xb3, 0x21, 0xb3, 0x21,
  0xb3, 0x21, 0xb3, 0x21, 0xb3, 0x21, 0xb3, 0x21, 0xb3, 0x21, 0xb3, 0x21, 0xb3, 0x21, 0xb3, 0x21, 0xb3, 0x21, 0x93, 0x21, 0x93, 0x21, 0x93, 0x21, 0x92, 0x21, 0x93, 0x21, 0x92, 0x19, 0xb3, 0x21,
  0x34, 0x32, 0x92, 0x19, 0x92, 0x19, 0x92, 0x19, 0x92, 0x19, 0x92, 0x19, 0x92, 0x19, 0x92, 0x19, 0x92, 0x19, 0x92, 0x19, 0x92, 0x19, 0x92, 0x19, 0x92, 0x19, 0x92, 0x19, 0x92, 0x19, 0x92, 0x19,
  0x92, 0x19, 0x92, 0x19, 0x92, 0x19, 0x92, 0x21, 0x13, 0x32, 0x92, 0x21, 0x92, 0x19, 0x92, 0x19, 0x92, 0x19, 0x72, 0x19, 0x92, 0x19, 0x92, 0x19, 0x91, 0x19, 0x91, 0x19, 0x91, 0x19, 0x91, 0x19,
  0x91, 0x19, 0x92, 0x19, 0x91, 0x19, 0x91, 0x19, 0x91, 0x19, 0x71, 0x19, 0x71, 0x19, 0x71, 0x19, 0x71, 0x19, 0x91, 0x21, 0x12, 0x32, 0xb2, 0x21, 0x71, 0x19, 0x71, 0x19, 0x71, 0x19, 0x71, 0x19,
  0x71, 0x19, 0x71, 0x19, 0x71, 0x19, 0x71, 0x19, 0x71, 0x19, 0x71, 0x19, 0x71, 0x19, 0x71, 0x19, 0x71, 0x19, 0x71, 0x19, 0x71, 0x19, 0x71, 0x19, 0x71, 0x19, 0x71, 0x19, 0x71, 0x19, 0x91, 0x21,
  0xf2, 0x31, 0x50, 0x19, 0x70, 0x19, 0x70, 0x19, 0x70, 0x19, 0x70, 0x19, 0x70, 0x19, 0x70, 0x19, 0x50, 0x19, 0x50, 0x19, 0x50, 0x19, 0x50, 0x19, 0x50, 0x19, 0x50, 0x19, 0x50, 0x19, 0x50, 0x19,
  0x50, 0x19, 0x70, 0x19, 0x50, 0x19, 0x70, 0x21, 0xb1, 0x29, 0x90, 0x21, 0x50, 0x19, 0x50, 0x19, 0x50, 0x19, 0x50, 0x19, 0x50, 0x19, 0x50, 0x19, 0x50, 0x19, 0x50, 0x19, 0x50, 0x19, 0x50, 0x19,
  0x50, 0x19, 0x50, 0x19, 0x4f, 0x19, 0x4f, 0x19, 0x4f, 0x19, 0x4f, 0x19, 0x4f, 0x19, 0x4f, 0x19, 0x4f, 0x19, 0x90, 0x21, 0xd0, 0x29, 0x70, 0x21, 0x4f, 0x19, 0x4f, 0x19, 0x4f, 0x19, 0x4f, 0x19,
  0x4f, 0x19, 0x4f, 0x19, 0x4f, 0x19, 0x4f, 0x19, 0x4f, 0x19, 0x4f, 0x19, 0x2f, 0x19, 0x2f, 0x19, 0x2f, 0x19, 0x2f, 0x19, 0x2f, 0x19, 0x2f, 0x19, 0x2f, 0x19, 0x2f, 0x19, 0x2f, 0x19, 0x8f, 0x21,
  0x8f, 0x21, 0x2e, 0x19, 0x2e, 0x19, 0x2e, 0x19, 0x2e, 0x19, 0x2e, 0x19, 0x2e, 0x19, 0x2e, 0x19, 0x2e, 0x19, 0x2e, 0x19, 0x2e, 0x19, 0x2e, 0x19, 0x2e, 0x19, 0x2e, 0x19, 0x2e, 0x19, 0x2e, 0x19,
  0x2e, 0x19, 0x2e, 0x19, 0x2e, 0x19, 0x4e, 0x21, 0x8f, 0x21, 0x4e, 0x21, 0x0d, 0x19, 0x0e, 0x19, 0x2e, 0x19, 0x2d, 0x19, 0x0d, 0x19, 0x0d, 0x19, 0x0d, 0x19, 0x0d, 0x19, 0x0d, 0x19, 0x2d, 0x19,
  0x2d, 0x19, 0x0d, 0x19, 0x0d, 0x19, 0x0d, 0x19, 0x0d, 0x19, 0x0d, 0x19, 0x0d, 0x19, 0x0d, 0x19, 0x0d, 0x11, 0x4e, 0x21, 0x8e, 0x29, 0x2d, 0x19, 0x0d, 0x19, 0x0d, 0x19, 0x0d, 0x19, 0x0d, 0x19,
  0x0d, 0x19, 0x0d, 0x19, 0x0d, 0x19, 0x0d, 0x11, 0x0d, 0x11, 0x0d, 0x11, 0x0c, 0x11, 0x0d, 0x11, 0x0d, 0x11, 0x0c, 0x11, 0x0c, 0x11, 0x0c, 0x11, 0x0c, 0x11, 0x0c, 0x11, 0xec, 0x10, 0x8e, 0x29,
  0x4d, 0x19, 0x0c, 0x19, 0x0c, 0x11, 0x0c, 0x11, 0xec, 0x10, 0xec, 0x10, 0xec, 0x10, 0xec, 0x10, 0xec, 0x10, 0xec, 0x10, 0xec, 0x10, 0xec, 0x18, 0xec, 0x18, 0xec, 0x10, 0x0c, 0x11, 0x0c, 0x11,
  0xec, 0x10, 0xec, 0x10, 0xec, 0x10, 0x2c, 0x19, 0x6d, 0x21, 0x0c, 0x19, 0xec, 0x10, 0xec, 0x10, 0xec, 0x10, 0xeb, 0x10, 0xec, 0x10, 0xec, 0x10, 0xeb, 0x10, 0xeb, 0x10, 0xeb, 0x10, 0xeb, 0x10,
  0xeb, 0x10, 0xeb, 0x10, 0xeb, 0x10, 0xeb, 0x10, 0xeb, 0x10, 0xeb, 0x10, 0xeb, 0x10, 0xeb, 0x10, 0xcb, 0x10, 0x0c, 0x19, 0x6d, 0x29, 0xeb, 0x10, 0xeb, 0x10, 0xeb, 0x10, 0xeb, 0x10, 0xeb, 0x10,
  0xeb, 0x10, 0xeb, 0x10, 0xeb, 0x10, 0xcb, 0x10, 0xcb, 0x10, 0xcb, 0x10, 0xcb, 0x10, 0xcb, 0x10, 0xcb, 0x10, 0xca, 0x10, 0xca, 0x10, 0xca, 0x10, 0xeb, 0x10, 0xeb, 0x10, 0xca, 0x10, 0x8c, 0x29,
  0x0b, 0x19, 0xca, 0x10, 0xca, 0x10, 0xca, 0x10, 0xca, 0x10, 0xca, 0x10, 0xca, 0x10, 0xca, 0x10, 0xca, 0x10, 0xca, 0x10, 0xca, 0x10, 0xca, 0x10, 0xca, 0x10, 0xca, 0x10, 0xca, 0x10, 0xca, 0x10,
  0xca, 0x10, 0xca, 0x10, 0xca, 0x10, 0x0a, 0x19, 0x8c, 0x29, 0xca, 0x10, 0xca, 0x10, 0xca, 0x10, 0xca, 0x10, 0xca, 0x10, 0xca, 0x10, 0xca, 0x10, 0xc9, 0x10, 0xca, 0x10, 0xca, 0x10, 0xc9, 0x10,
  0x93, 0x21, 0x93, 0x21, 0x93, 0x21, 0x93, 0x21, 0xb3, 0x21, 0xb3, 0x19, 0xb3, 0x19, 0xb3, 0x19, 0x92, 0x19, 0x92, 0x19, 0x54, 0x32, 0xb3, 0x21, 0x92, 0x19, 0x92, 0x21, 0x92, 0x21, 0x92, 0x21,
  0x92, 0x21, 0x92, 0x21, 0x92, 0x21, 0x92, 0x21, 0x92, 0x21, 0x92, 0x21, 0x92, 0x21, 0x92, 0x21, 0x92, 0x21, 0x92, 0x21, 0x92, 0x21, 0x92, 0x21, 0x92, 0x19, 0x92, 0x19, 0x92, 0x19, 0x92, 0x21,
  0x13, 0x32, 0x72, 0x19, 0x92, 0x19, 0x92, 0x19, 0x92, 0x19, 0x92, 0x19, 0x92, 0x19, 0x92, 0x19, 0x92, 0x19, 0x92, 0x19, 0x92, 0x19, 0x71, 0x19, 0x71, 0x19, 0x92, 0x19, 0x91, 0x19, 0x91, 0x19,
  0x91, 0x19, 0x91, 0x19, 0x71, 0x19, 0x91, 0x21, 0x13, 0x32, 0x71, 0x19, 0x71, 0x19, 0x71, 0x19, 0x71, 0x19, 0x71, 0x19, 0x71, 0x19, 0x71, 0x19, 0x71, 0x19, 0x71, 0x19, 0x71, 0x19, 0x71, 0x19,
  0x71, 0x19, 0x71, 0x19, 0x71, 0x19, 0x71, 0x19, 0x71, 0x19, 0x71, 0x19, 0x71, 0x19, 0x71, 0x19, 0x71, 0x19, 0x91, 0x21, 0xf2, 0x31, 0x91, 0x21, 0x70, 0x19, 0x71, 0x19, 0x71, 0x19, 0x71, 0x19,
  0x71, 0x19, 0x70, 0x19, 0x70, 0x19, 0x70, 0x19, 0x70, 0x19, 0x70, 0x19, 0x70, 0x19, 0x70, 0x19, 0x70, 0x19, 0x50, 0x19, 0x50, 0x19, 0x50, 0x19, 0x70, 0x19, 0x70, 0x19, 0x50, 0x19, 0x90, 0x21,
  0xd1, 0x29, 0x50, 0x19, 0x70, 0x19, 0x70, 0x19, 0x70, 0x19, 0x50, 0x19, 0x50, 0x19, 0x50, 0x19, 0x50, 0x19, 0x50, 0x19, 0x50, 0x19, 0x50, 0x19, 0x50, 0x19, 0x50, 0x19, 0x4f, 0x19, 0x4f, 0x19,
  0x50, 0x19, 0x4f, 0x19, 0x4f, 0x19, 0x70, 0x19, 0xb0, 0x29, 0x90, 0x21, 0x4f, 0x19, 0x4f, 0x19, 0x4f, 0x19, 0x4f, 0x19, 0x4f, 0x19, 0x4f, 0x19, 0x4f, 0x19, 0x4f, 0x19, 0x4f, 0x19, 0x4f, 0x19,
  0x4f, 0x19, 0x4f, 0x19, 0x4f, 0x19, 0x4f, 0x19, 0x4f, 0x19, 0x4f, 0x19, 0x4f, 0x19, 0x4f, 0x19, 0x2f, 0x19, 0x8f, 0x21, 0xb0, 0x29, 0x6f, 0x21, 0x2f, 0x19, 0x4f, 0x19, 0x4f, 0x19, 0x4f, 0x19,
  0x4f, 0x19, 0x4e, 0x19, 0x4e, 0x19, 0x4f, 0x19, 0x2e, 0x19, 0x2e, 0x19, 0x2e, 0x19, 0x2e, 0x19, 0x2e, 0x19, 0x2e, 0x19, 0x2e, 0x19, 0x2e, 0x19, 0x2e, 0x19, 0x2e, 0x19, 0x2e, 0x19, 0x8f, 0x21,
  0x8f, 0x21, 0x2e, 0x19, 0x2e, 0x19, 0x2e, 0x19, 0x2e, 0x19, 0x2e, 0x19, 0x2e, 0x19, 0x2e, 0x19, 0x2e, 0x19, 0x2e, 0x19, 0x2e, 0x19, 0x2e, 0x19, 0x2e, 0x19, 0x2e, 0x19, 0x2e, 0x19, 0x2e, 0x19,
  0x2d, 0x19, 0x2d, 0x19, 0x2d, 0x19, 0x4e, 0x21, 0x8f, 0x21, 0x4e, 0x21, 0x0d, 0x19, 0x0d, 0x19, 0x2d, 0x19, 0x2d, 0x19, 0x2d, 0x19, 0x2d, 0x19, 0x2d, 0x19, 0x2d, 0x19, 0x2d, 0x19, 0x0d, 0x19,
  0x0d, 0x19, 0x0d, 0x19, 0x0d, 0x19, 0x0d, 0x19, 0x0d, 0x19, 0x0d, 0x19, 0x0d, 0x19, 0x0d, 0x19, 0x0d, 0x11, 0x4e, 0x21, 0x8e, 0x29, 0x2d, 0x19, 0x0d, 0x19, 0x0d, 0x19, 0x0d, 0x19, 0x0d, 0x19,
  0x0d, 0x11, 0x0d, 0x11, 0x0d, 0x11, 0x0c, 0x11, 0x0c, 0x11, 0x0d, 0x19, 0x0c, 0x19, 0x0c, 0x19, 0x0c, 0x19, 0x0c, 0x19, 0x0c, 0x19, 0x0c, 0x19, 0x0c, 0x19, 0x0c, 0x19, 0xec, 0x10, 0x8e, 0x29,
  0x4d, 0x19, 0x0c, 0x19, 0xec, 0x10, 0xec, 0x18, 0xec, 0x18, 0xec, 0x18, 0xec, 0x18, 0x0c, 0x19, 0x0c, 0x19, 0x0c, 0x19, 0x0c, 0x19, 0x0c, 0x11, 0x0c, 0x11, 0x0c, 0x11, 0xec, 0x10, 0xec, 0x10,
  0xec, 0x10, 0xec, 0x10, 0xec, 0x10, 0x2c, 0x19, 0x6d, 0x21, 0x0c, 0x19, 0xeb, 0x10, 0xeb, 0x10, 0xec, 0x10, 0xeb, 0x10, 0xeb, 0x10, 0xeb, 0x10, 0xeb, 0x10, 0xeb, 0x10, 0xeb, 0x10, 0xeb, 0x10,
  0xeb, 0x10, 0xeb, 0x10, 0xeb, 0x10, 0xeb, 0x10, 0xeb, 0x10, 0xeb, 0x10, 0xeb, 0x10, 0xeb, 0x10, 0xeb, 0x10, 0x0c, 0x19, 0x6d, 0x29, 0xeb, 0x10, 0xeb, 0x10, 0xeb, 0x10, 0xeb, 0x10, 0xeb, 0x10,
  0xeb, 0x10, 0xcb, 0x10, 0xcb, 0x10, 0xcb, 0x10, 0xcb, 0x10, 0xcb, 0x10, 0xeb, 0x10, 0xea, 0x10, 0xea, 0x10, 0xea, 0x10, 0xea, 0x10, 0xeb, 0x10, 0xca, 0x10, 0xca, 0x10, 0xca, 0x10, 0x8c, 0x29,
  0x0b, 0x19, 0xca, 0x10, 0xca, 0x10, 0xca, 0x10, 0xca, 0x10, 0xca, 0x10, 0xca, 0x10, 0xca, 0x10, 0xca, 0x10, 0xca, 0x10, 0xca, 0x10, 0xca, 0x10, 0xca, 0x10, 0xca, 0x10, 0xca, 0x10, 0xca, 0x10,
  0xca, 0x10, 0xca, 0x10, 0xca, 0x10, 0x0a, 0x19, 0x8c, 0x29, 0xaa, 0x10, 0xca, 0x10, 0xca, 0x10, 0xca, 0x10, 0xca, 0x10, 0xc9, 0x10, 0xc9, 0x10, 0xca, 0x10, 0xc9, 0x10, 0xc9, 0x10, 0xc9, 0x10,
};

const lv_image_dsc_t miningscreen2 = {
  .header.cf = LV_COLOR_FORMAT_RGB565,
  .header.magic = LV_IMAGE_HEADER_MAGIC,
  .header.w = 320,
  .header.h = 170,
  .data_size = 54400 * 2,
  .data = miningscreen2_map,
};
