#ifdef __has_include
    #if __has_include("lvgl.h")
        #ifndef LV_LVGL_H_INCLUDE_SIMPLE
            #define LV_LVGL_H_INCLUDE_SIMPLE
        #endif
    #endif
#endif

#if defined(LV_LVGL_H_INCLUDE_SIMPLE)
    #include "lvgl.h"
#else
    #include "lvgl/lvgl.h"
#endif


#ifndef LV_ATTRIBUTE_MEM_ALIGN
#define LV_ATTRIBUTE_MEM_ALIGN
#endif

#ifndef LV_ATTRIBUTE_IMAGE_NETSTATS
#define LV_ATTRIBUTE_IMAGE_NETSTATS
#endif

const LV_ATTRIBUTE_MEM_ALIGN LV_ATTRIBUTE_LARGE_CONST LV_ATTRIBUTE_IMAGE_NETSTATS uint8_t netstats_map[] = {
  0xe5, 0x18, 0xa5, 0x10, 0xa5, 0x10, 0xa5, 0x10, 0xa5, 0x10, 0xa5, 0x10, 0xa5, 0x10, 0xa5, 0x10, 0xa5, 0x10, 0xa5, 0x10, 0xa5, 0x10, 0xa5, 0x10, 0xa5, 0x10, 0xa5, 0x10, 0xa5, 0x10, 0xa5, 0x10,
  0xa5, 0x10, 0xa5, 0x10, 0xa5, 0x10, 0xa5, 0x10, 0xa5, 0x10, 0xa5, 0x10, 0xa5, 0x10, 0xa5, 0x10, 0xa5, 0x10, 0xa5, 0x10, 0xa5, 0x10, 0xa5, 0x10, 0xa5, 0x10, 0xa5, 0x10, 0xa5, 0x10, 0xa5, 0x10,
  0xe5, 0x18, 0xa5, 0x10, 0xa5, 0x10, 0xa5, 0x10, 0xa5, 0x10, 0xa5, 0x10, 0xa5, 0x10, 0xa5, 0x10, 0xa5, 0x10, 0xa5, 0x10, 0x68, 0x21, 0x68, 0x21, 0x68, 0x21, 0xa5, 0x10, 0xa5, 0x10, 0xa5, 0x10,
  0xa5, 0x10, 0xa5, 0x10, 0xa5, 0x10, 0xa5, 0x10, 0xa5, 0x10, 0xa5, 0x10, 0xa5, 0x10, 0xa5, 0x10, 0xa5, 0x10, 0xa5, 0x10, 0xa5, 0x10, 0xa5, 0x10, 0xa5, 0x10, 0xa5, 0x10, 0xa5, 0x10, 0xa5, 0x10,
  0xe5, 0x18, 0xa5, 0x10, 0xa5, 0x10, 0xa5, 0x10, 0xa5, 0x10, 0xa5, 0x10, 0xa5, 0x10, 0xa5, 0x10, 0xa5, 0x10, 0xa5, 0x10, 0xa5, 0x10, 0x88, 0x21, 0xa5, 0x10, 0xa5, 0x10, 0xa5, 0x10, 0xa5, 0x10,
  0xa5, 0x10, 0xa5, 0x10, 0xa5, 0x10, 0xa5, 0x10, 0xa5, 0x10, 0xa5, 0x10, 0xa5, 0x10, 0xa5, 0x10, 0xa5, 0x10, 0xa5, 0x10, 0xa5, 0x10, 0xa5, 0x10, 0xa5, 0x10, 0xa5, 0x10, 0xa5, 0x10, 0xa5, 0x10,
  0xe5, 0x18, 0xa5, 0x10, 0xa5, 0x10, 0xa5, 0x10, 0xa5, 0x10, 0xa5, 0x10, 0xa5, 0x10, 0xa5, 0x10, 0xa5, 0x10, 0xa5, 0x10, 0xa5, 0x10, 0xa5, 0x10, 0xa5, 0x10, 0xa5, 0x10, 0xa5, 0x10, 0xa5, 0x10,
  0xa5, 0x10, 0xa5, 0x10, 0xa5, 0x10, 0xa5, 0x10, 0xa5, 0x10, 0xa5, 0x10, 0xa5, 0x10, 0xa5, 0x10, 0xa5, 0x10, 0xa5, 0x10, 0xa5, 0x10, 0xa5, 0x10, 0xa5, 0x10, 0xa5, 0x10, 0xa5, 0x10, 0xa5, 0x10,
  0xe5, 0x18, 0xa5, 0x10, 0xa5, 0x10, 0xa5, 0x10, 0xa5, 0x10, 0xa5, 0x10, 0xa5, 0x10, 0xa5, 0x10, 0xa5, 0x10, 0xa5, 0x10, 0xa5, 0x10, 0xa5, 0x10, 0xa5, 0x10, 0xa5, 0x10, 0xa5, 0x10, 0xa5, 0x10,
  0xa5, 0x10, 0xa5, 0x10, 0xa5, 0x10, 0xa5, 0x10, 0xa5, 0x10, 0xa5, 0x10, 0xa5, 0x10, 0xa5, 0x10, 0xa5, 0x10, 0xa5, 0x10, 0xa5, 0x10, 0xa5, 0x10, 0xa5, 0x10, 0xa5, 0x10, 0xa5, 0x10, 0xa5, 0x10,
  0xe5, 0x18, 0xa5, 0x10, 0xa5, 0x10, 0xa5, 0x10, 0xa5, 0x10, 0xa5, 0x10, 0xa5, 0x10, 0xa5, 0x10, 0xa5, 0x10, 0xa5, 0x10, 0xa5, 0x10, 0xa5, 0x10, 0xa5, 0x10, 0xa5, 0x10, 0xa5, 0x10, 0xa5, 0x10,
  0xa5, 0x10, 0xa5, 0x10, 0xa5, 0x10, 0xa5, 0x10, 0xa5, 0x10, 0xa5, 0x10, 0xa5, 0x10, 0xa5, 0x10, 0xa5, 0x10, 0xa5, 0x10, 0xa5, 0x10, 0xa5, 0x10, 0xa5, 0x10, 0xa5, 0x10, 0xa5, 0x10, 0xa5, 0x10,
  0xe5, 0x18, 0xa5, 0x10, 0xa5, 0x10, 0xa5, 0x10, 0xa5, 0x10, 0xa5, 0x10, 0xa5, 0x10, 0xa5, 0x10, 0xa5, 0x10, 0xa5, 0x10, 0xa5, 0x10, 0xa5, 0x10, 0xa5, 0x10, 0xa5, 0x10, 0xa5, 0x10, 0xa5, 0x10,
  0xa5, 0x10, 0xa5, 0x10, 0xa5, 0x10, 0xa5, 0x10, 0xa5, 0x10, 0xa5, 0x10, 0xa5, 0x10, 0xa5, 0x10, 0xa5, 0x10, 0xa5, 0x10, 0xa5, 0x10, 0xa5, 0x10, 0xa5, 0x10, 0xa5, 0x10, 0xa5, 0x10, 0xa5, 0x10,
  0xe5, 0x18, 0xa5, 0x10, 0xa5, 0x10, 0xa5, 0x10, 0xa5, 0x10, 0xa5, 0x10, 0xa5, 0x10, 0xa5, 0x10, 0xa5, 0x10, 0xa5, 0x10, 0xa5, 0x10, 0xa5, 0x10, 0xa5, 0x10, 0xa5, 0x10, 0xa5, 0x10, 0xa5, 0x10,
  0xa5, 0x10, 0xa5, 0x10, 0xa5, 0x10, 0xa5, 0x10, 0xa5, 0x10, 0xa5, 0x10, 0xa5, 0x10, 0xa5, 0x10, 0xa5, 0x10, 0xa5, 0x10, 0xa5, 0x10, 0xa5, 0x10, 0xa5, 0x10, 0xa5, 0x10, 0xa5, 0x10, 0xa5, 0x10,
  0xe5, 0x18, 0xa5, 0x10, 0xa5, 0x10, 0xa5, 0x10, 0xa5, 0x10, 0xa5, 0x10, 0xa5, 0x10, 0xa5, 0x10, 0xa5, 0x10, 0xa5, 0x10, 0xa5, 0x10, 0xa5, 0x10, 0xa5, 0x10, 0xa5, 0x10, 0xa5, 0x10, 0xa5, 0x10,
  0xa5, 0x10, 0xa5, 0x10, 0xa5, 0x10, 0xa5, 0x10, 0xa5, 0x10, 0xa5, 0x10, 0xa5, 0x10, 0x68, 0x21, 0xa5, 0x10, 0xa5, 0x10, 0xa5, 0x10, 0xa5, 0x10, 0xa5, 0x10, 0xa5, 0x10, 0xa5, 0x10, 0xa5, 0x10,
  0xe5, 0x18, 0xa5, 0x10, 0xa5, 0x10, 0xa5, 0x10, 0xa5, 0x10, 0xa5, 0x10, 0xa5, 0x10, 0xa5, 0x10, 0xa5, 0x10, 0xa5, 0x10, 0xa5, 0x10, 0xa5, 0x10, 0xa5, 0x10, 0xa5, 0x10, 0xa5, 0x10, 0xa5, 0x10,
  0xa5, 0x10, 0xa5, 0x10, 0xa5, 0x10, 0xa5, 0x10, 0xa5, 0x10, 0xa5, 0x10, 0xa5, 0x10, 0xa5, 0x10, 0xa5, 0x10, 0xa5, 0x10, 0xa5, 0x10, 0xa5, 0x10, 0xa5, 0x10, 0xa5, 0x10, 0xa5, 0x10, 0xa5, 0x10,
  0xa5, 0x10, 0x84, 0x08, 0x84, 0x08, 0x84, 0x08, 0x84, 0x08, 0x84, 0x08, 0x84, 0x08, 0x84, 0x08, 0x84, 0x08, 0x84, 0x08, 0x84, 0x08, 0x84, 0x08, 0x84, 0x08, 0x84, 0x08, 0x84, 0x08, 0x84, 0x08,
  0x84, 0x08, 0x84, 0x08, 0x84, 0x08, 0x84, 0x08, 0x84, 0x08, 0x84, 0x08, 0x84, 0x08, 0x84, 0x08, 0x84, 0x08, 0x84, 0x08, 0x84, 0x08, 0x84, 0x08, 0x84, 0x08, 0x84, 0x08, 0x84, 0x08, 0x84, 0x08,
  0xa5, 0x10, 0x84, 0x08, 0x84, 0x08, 0x84, 0x08, 0x84, 0x08, 0x84, 0x08, 0x84, 0x08, 0x84, 0x08, 0x84, 0x08, 0x84, 0x08, 0x84, 0x08, 0x27, 0x19, 0x84, 0x08, 0x84, 0x08, 0x84, 0x08, 0x84, 0x08,
  0x84, 0x08, 0x84, 0x08, 0x84, 0x08, 0x84, 0x08, 0x84, 0x08, 0x84, 0x08, 0x84, 0x08, 0x84, 0x08, 0x84, 0x08, 0x84, 0x08, 0x84, 0x08, 0x84, 0x08, 0x84, 0x08, 0x84, 0x08, 0x84, 0x08, 0x84, 0x08,
  0xa5, 0x10, 0x84, 0x08, 0x84, 0x08, 0x84, 0x08, 0x84, 0x08, 0x84, 0x08, 0x84, 0x08, 0x84, 0x08, 0x84, 0x08, 0x84, 0x08, 0x84, 0x08, 0x48, 0x19, 0x84, 0x08, 0x84, 0x08, 0x84, 0x08, 0x84, 0x08,
  0x84, 0x08, 0x84, 0x08, 0x84, 0x08, 0x84, 0x08, 0x84, 0x08, 0x84, 0x08, 0x84, 0x08, 0x84, 0x08, 0x84, 0x08, 0x84, 0x08, 0x84, 0x08, 0x84, 0x08, 0x84, 0x08, 0x84, 0x08, 0x84, 0x08, 0x84, 0x08,
  0xa5, 0x10, 0x84, 0x08, 0x84, 0x08, 0x84, 0x08, 0x84, 0x08, 0x84, 0x08, 0x84, 0x08, 0x84, 0x08, 0x84, 0x08, 0x84, 0x08, 0x84, 0x08, 0x84, 0x08, 0x84, 0x08, 0x84, 0x08, 0x84, 0x08, 0x84, 0x08,
  0x84, 0x08, 0x84, 0x08, 0x84, 0x08, 0x84, 0x08, 0x84, 0x08, 0x84, 0x08, 0x84, 0x08, 0x84, 0x08, 0x84, 0x08, 0x84, 0x08, 0x84, 0x08, 0x84, 0x08, 0x84, 0x08, 0x84, 0x08, 0x84, 0x08, 0x84, 0x08,
  0xa5, 0x10, 0x84, 0x08, 0x84, 0x08, 0x84, 0x08, 0x84, 0x08, 0x84, 0x08, 0x84, 0x08, 0x84, 0x08, 0x84, 0x08, 0x84, 0x08, 0x84, 0x08, 0x84, 0x08, 0x84, 0x08, 0x84, 0x08, 0x84, 0x08, 0x84, 0x08,
  0x84, 0x08, 0x84, 0x08, 0x84, 0x08, 0x84, 0x08, 0x84, 0x08, 0x84, 0x08, 0x84, 0x08, 0x84, 0x08, 0x84, 0x08, 0x84, 0x08, 0x84, 0x08, 0x84, 0x08, 0x84, 0x08, 0x84, 0x08, 0x84, 0x08, 0x84, 0x08,
  0xa5, 0x10, 0x84, 0x08, 0x84, 0x08, 0x84, 0x08, 0x84, 0x08, 0x84, 0x08, 0x84, 0x08, 0x84, 0x08, 0x84, 0x08, 0x84, 0x08, 0x84, 0x08, 0x84, 0x08, 0x84, 0x08, 0x84, 0x08, 0x84, 0x08, 0x84, 0x08,
  0x84, 0x08, 0x84, 0x08, 0x84, 0x08, 0x84, 0x08, 0x84, 0x08, 0x84, 0x08, 0x84, 0x08, 0x84, 0x08, 0x84, 0x08, 0x84, 0x08, 0x84, 0x08, 0x84, 0x08, 0x84, 0x08, 0x84, 0x08, 0x84, 0x08, 0x84, 0x08,
  0xa5, 0x10, 0x84, 0x08, 0x84, 0x08, 0x84, 0x08, 0x84, 0x08, 0x84, 0x08, 0x84, 0x08, 0x84, 0x08, 0x84, 0x08, 0x84, 0x08, 0x84, 0x08, 0x84, 0x08, 0x84, 0x08, 0x84, 0x08, 0x84, 0x08, 0x84, 0x08,
  0x84, 0x08, 0x84, 0x08, 0x84, 0x08, 0x84, 0x08, 0x84, 0x08, 0x84, 0x08, 0x84, 0x08, 0x84, 0x08, 0x84, 0x08, 0x84, 0x08, 0x84, 0x08, 0x84, 0x08, 0x84, 0x08, 0x84, 0x08, 0x84, 0x08, 0x84, 0x08,
  0xa5, 0x10, 0x84, 0x08, 0x84, 0x08, 0x84, 0x08, 0x84, 0x08, 0x84, 0x08, 0x84, 0x08, 0x84, 0x08, 0x84, 0x08, 0x84, 0x08, 0x84, 0x08, 0x84, 0x08, 0x84, 0x08, 0x84, 0x08, 0x84, 0x08, 0x84, 0x08,
  0x84, 0x08, 0x84, 0x08, 0x84, 0x08, 0x84, 0x08, 0x84, 0x08, 0x84, 0x08, 0x84, 0x08, 0x84, 0x08, 0x84, 0x08, 0x84, 0x08, 0x84, 0x08, 0x84, 0x08, 0x84, 0x08, 0x84, 0x08, 0x84, 0x08, 0x84, 0x08,
  0xa5, 0x10, 0x84, 0x08, 0x84, 0x08, 0x84, 0x08, 0x84, 0x08, 0x84, 0x08, 0x84, 0x08, 0x84, 0x08, 0x84, 0x08, 0x84, 0x08, 0x84, 0x08, 0x84, 0x08, 0x84, 0x08, 0x84, 0x08, 0x84, 0x08, 0x84, 0x08,
  0x84, 0x08, 0x84, 0x08, 0x84, 0x08, 0x84, 0x08, 0x84, 0x08, 0x84, 0x08, 0x84, 0x08, 0x27, 0x19, 0x84, 0x08, 0x84, 0x08, 0x84, 0x08, 0x84, 0x08, 0x84, 0x08, 0x84, 0x08, 0x84, 0x08, 0x84, 0x08,
  0xa5, 0x10, 0x84, 0x08, 0x84, 0x08, 0x84, 0x08, 0x84, 0x08, 0x84, 0x08, 0x84, 0x08, 0x84, 0x08, 0x84, 0x08, 0x84, 0x08, 0x84, 0x08, 0x84, 0x08, 0x84, 0x08, 0x84, 0x08, 0x84, 0x08, 0x84, 0x08,
  0x84, 0x08, 0x84, 0x08, 0x84, 0x08, 0x84, 0x08, 0x84, 0x08, 0x84, 0x08, 0x84, 0x08, 0x84, 0x08, 0x84, 0x08, 0x84, 0x08, 0x84, 0x08, 0x84, 0x08, 0x84, 0x08, 0x84, 0x08, 0x84, 0x08, 0x84, 0x08,
  0xa5, 0x10, 0x84, 0x08, 0x84, 0x08, 0x84, 0x08, 0x84, 0x08, 0x84, 0x08, 0x84, 0x08, 0x84, 0x08, 0x84, 0x08, 0x84, 0x08, 0x84, 0x08, 0x84, 0x08, 0x84, 0x08, 0x84, 0x08, 0x84, 0x08, 0x84, 0x08,
  0x84, 0x08, 0x84, 0x08, 0x84, 0x08, 0x84, 0x08, 0x84, 0x08, 0x84, 0x08, 0x84, 0x08, 0x84, 0x08, 0x84, 0x08, 0x84, 0x08, 0x84, 0x08, 0x84, 0x08, 0x84, 0x08, 0x84, 0x08, 0x84, 0x08, 0x84, 0x08,
  0xa5, 0x10, 0x84, 0x08, 0x84, 0x08, 0x84, 0x08, 0x84, 0x08, 0x84, 0x08, 0x84, 0x08, 0x84, 0x08, 0x84, 0x08, 0x84, 0x08, 0x84, 0x08, 0x27, 0x19, 0x84, 0x08, 0x84, 0x08, 0x84, 0x08, 0x84, 0x08,
  0x84, 0x08, 0x84, 0x08, 0x84, 0x08, 0x84, 0x08, 0x84, 0x08, 0x84, 0x08, 0x84, 0x08, 0x84, 0x08, 0x84, 0x08, 0x84, 0x08, 0x84, 0x08, 0x84, 0x08, 0x84, 0x08, 0x84, 0x08, 0x84, 0x08, 0x84, 0x08,
  0xa5, 0x10, 0x84, 0x08, 0x84, 0x08, 0x84, 0x08, 0x84, 0x08, 0x84, 0x08, 0x84, 0x08, 0x84, 0x08, 0x84, 0x08, 0x84, 0x08, 0x84, 0x08, 0x48, 0x19, 0x84, 0x08, 0x84, 0x08, 0x84, 0x08, 0x84, 0x08,
  0x84, 0x08, 0x84, 0x08, 0x84, 0x08, 0x84, 0x08, 0x84, 0x08, 0x84, 0x08, 0x84, 0x08, 0x84, 0x08, 0x84, 0x08, 0x84, 0x08, 0x84, 0x08, 0x84, 0x08, 0x84, 0x08, 0x84, 0x08, 0x84, 0x08, 0x84, 0x08,
  0xa5, 0x10, 0x84, 0x08, 0x84, 0x08, 0x84, 0x08, 0x84, 0x08, 0x84, 0x08, 0x84, 0x08, 0x84, 0x08, 0x84, 0x08, 0x84, 0x08, 0x84, 0x08, 0x84, 0x08, 0x84, 0x08, 0x84, 0x08, 0x84, 0x08, 0x84, 0x08,
  0x84, 0x08, 0x84, 0x08, 0x84, 0x08, 0x84, 0x08, 0x84, 0x08, 0x84, 0x08, 0x84, 0x08, 0x84, 0x08, 0x84, 0x08, 0x84, 0x08, 0x84, 0x08, 0x84, 0x08, 0x84, 0x08, 0x84, 0x08, 0x84, 0x08, 0x84, 0x08,
  0xa5, 0x10, 0x84, 0x08, 0x84, 0x08, 0x84, 0x08, 0x84, 0x08, 0x84, 0x08, 0x84, 0x08, 0x84, 0x08, 0x84, 0x08, 0x84, 0x08, 0x84, 0x08, 0x84, 0x08, 0x84, 0x08, 0x84, 0x08, 0x84, 0x08, 0x84, 0x08,
  0x84, 0x08, 0x84, 0x08, 0x84, 0x08, 0x84, 0x08, 0x84, 0x08, 0x84, 0x08, 0x84, 0x08, 0x84, 0x08, 0x84, 0x08, 0x84, 0x08, 0x84, 0x08, 0x84, 0x08, 0x84, 0x08, 0x84, 0x08, 0x84, 0x08, 0x84, 0x08,
  0xa5, 0x10, 0x84, 0x08, 0x84, 0x08, 0x84, 0x08, 0x84, 0x08, 0x84, 0x08, 0x84, 0x08, 0x84, 0x08, 0x84, 0x08, 0x84, 0x08, 0x84, 0x08, 0x84, 0x08, 0x84, 0x08, 0x84, 0x08, 0x84, 0x08, 0x84, 0x08,
  0x84, 0x08, 0x84, 0x08, 0x84, 0x08, 0x84, 0x08, 0x84, 0x08, 0x84, 0x08, 0x84, 0x08, 0x84, 0x08, 0x84, 0x08, 0x84, 0x08, 0x84, 0x08, 0x84, 0x08, 0x84, 0x08, 0x84, 0x08, 0x84, 0x08, 0x84, 0x08,
  0xa5, 0x10, 0x84, 0x08, 0x84, 0x08, 0x84, 0x08, 0x84, 0x08, 0x84, 0x08, 0x84, 0x08, 0x84, 0x08, 0x84, 0x08, 0x84, 0x08, 0x84, 0x08, 0x84, 0x08, 0x84, 0x08, 0x84, 0x08, 0x84, 0x08, 0x84, 0x08,
  0x84, 0x08, 0x84, 0x08, 0x84, 0x08, 0x84, 0x08, 0x84, 0x08, 0x84, 0x08, 0x84, 0x08, 0x84, 0x08, 0x84, 0x08, 0x84, 0x08, 0x84, 0x08, 0x84, 0x08, 0x84, 0x08, 0x84, 0x08, 0x84, 0x08, 0x84, 0x08,
  0xa5, 0x10, 0x84, 0x08, 0x84, 0x08, 0x84, 0x08, 0x84, 0x08, 0x84, 0x08, 0x84, 0x08, 0x84, 0x08, 0x84, 0x08, 0x84, 0x08, 0x84, 0x08, 0x84, 0x08, 0x84, 0x08, 0x84, 0x08, 0x84, 0x08, 0x84, 0x08,
  0x84, 0x08, 0x84, 0x08, 0x84, 0x08, 0x84, 0x08, 0x84, 0x08, 0x84, 0x08, 0x84, 0x08, 0x84, 0x08, 0x84, 0x08, 0x84, 0x08, 0x84, 0x08, 0x84, 0x08, 0x84, 0x08, 0x84, 0x08, 0x84, 0x08, 0x84, 0x08,
  0xa5, 0x10, 0x84, 0x08, 0x84, 0x08, 0x84, 0x08, 0x84, 0x08, 0x84, 0x08, 0x84, 0x08, 0x84, 0x08, 0x84, 0x08, 0x84, 0x08, 0x84, 0x08, 0x84, 0x08, 0x84, 0x08, 0x84, 0x08, 0x84, 0x08, 0x84, 0x08,
  0x84, 0x08, 0x84, 0x08, 0x84, 0x08, 0x84, 0x08, 0x84, 0x08, 0x84, 0x08, 0x84, 0x08, 0x27, 0x19, 0x84, 0x08, 0x84, 0x08, 0x84, 0x08, 0x84, 0x08, 0x84, 0x08, 0x84, 0x08, 0x84, 0x08, 0x84, 0x08,
  0xa5, 0x10, 0x84, 0x08, 0x84, 0x08, 0x84, 0x08, 0x84, 0x08, 0x84, 0x08, 0x84, 0x08, 0x84, 0x08, 0x84, 0x08, 0x84, 0x08, 0x84, 0x08, 0x84, 0x08, 0x84, 0x08, 0x84, 0x08, 0x84, 0x08, 0x84, 0x08,
  0x84, 0x08, 0x84, 0x08, 0x84, 0x08, 0x84, 0x08, 0x84, 0x08, 0x84, 0x08, 0x84, 0x08, 0x84, 0x08, 0x84, 0x08, 0x84, 0x08, 0x84, 0x08, 0x84, 0x08, 0x84, 0x08, 0x84, 0x08, 0x84, 0x08, 0x84, 0x08,
  0xa5, 0x10, 0x84, 0x08, 0x84, 0x08, 0x84, 0x08, 0x84, 0x08, 0x84, 0x08, 0x84, 0x08, 0x84, 0x08, 0x84, 0x08, 0x84, 0x08, 0x84, 0x08, 0x84, 0x08, 0x84, 0x08, 0x84, 0x08, 0x84, 0x08, 0x84, 0x08,
  0x84, 0x08, 0x84, 0x08, 0x84, 0x08, 0x84, 0x08, 0x84, 0x08, 0x84, 0x08, 0x84, 0x08, 0x84, 0x08, 0x84, 0x08, 0x84, 0x08, 0x84, 0x08, 0x84, 0x08, 0x84, 0x08, 0x84, 0x08, 0x84, 0x08, 0x84, 0x08,
  0xa5, 0x10, 0x84, 0x08, 0x84, 0x08, 0x84, 0x08, 0x84, 0x08, 0x84, 0x08, 0x84, 0x08, 0x84, 0x08, 0x84, 0x08, 0x84, 0x08, 0x84, 0x08, 0x27, 0x19, 0x84, 0x08, 0x84, 0x08, 0x84, 0x08, 0x84, 0x08,
  0x84, 0x08, 0x84, 0x08, 0x84, 0x08, 0x84, 0x08, 0x84, 0x08, 0x84, 0x08, 0x84, 0x08, 0x84, 0x08, 0x84, 0x08, 0x84, 0x08, 0x84, 0x08, 0x84, 0x08, 0x84, 0x08, 0x84, 0x08, 0x84, 0x08, 0x84, 0x08,
  0xa5, 0x10, 0x84, 0x08, 0x84, 0x08, 0x84, 0x08, 0x84, 0x08, 0x84, 0x08, 0x84, 0x08, 0x84, 0x08, 0x84, 0x08, 0x84, 0x08, 0x84, 0x08, 0x48, 0x19, 0x84, 0x08, 0x84, 0x08, 0x84, 0x08, 0x84, 0x08,
  0x84, 0x08, 0x84, 0x08, 0x84, 0x08, 0x84, 0x08, 0x84, 0x08, 0x84, 0x08, 0x84, 0x08, 0x84, 0x08, 0x84, 0x08, 0x84, 0x08, 0x84, 0x08, 0x84, 0x08, 0x84, 0x08, 0x84, 0x08, 0x84, 0x08, 0x84, 0x08,
  0xa5, 0x10, 0x84, 0x08, 0x84, 0x08, 0x84, 0x08, 0x84, 0x08, 0x84, 0x08, 0x84, 0x08, 0x84, 0x08, 0x84, 0x08, 0x84, 0x08, 0x84, 0x08, 0x84, 0x08, 0x84, 0x08, 0x84, 0x08, 0x84, 0x08, 0x84, 0x08,
  0x84, 0x08, 0x84, 0x08, 0x84, 0x08, 0x84, 0x08, 0x84, 0x08, 0x84, 0x08, 0x84, 0x08, 0x84, 0x08, 0x84, 0x08, 0x84, 0x08, 0x84, 0x08, 0x84, 0x08, 0x84, 0x08, 0x84, 0x08, 0x84, 0x08, 0x84, 0x08,
  0xa5, 0x10, 0x84, 0x08, 0x84, 0x08, 0x84, 0x08, 0x84, 0x08, 0x84, 0x08, 0x84, 0x08, 0x84, 0x08, 0x84, 0x08, 0x84, 0x08, 0x84, 0x08, 0x84, 0x08, 0x84, 0x08, 0x84, 0x08, 0x84, 0x08, 0x84, 0x08,
  0x84, 0x08, 0x84, 0x08, 0x84, 0x08, 0x84, 0x08, 0x84, 0x08, 0x84, 0x08, 0x84, 0x08, 0x84, 0x08, 0x84, 0x08, 0x84, 0x08, 0x84, 0x08, 0x84, 0x08, 0x84, 0x08, 0x84, 0x08, 0x84, 0x08, 0x84, 0x08,
  0xa5, 0x10, 0x84, 0x08, 0x84, 0x08, 0x84, 0x08, 0x84, 0x08, 0x84, 0x08, 0x84, 0x08, 0x84, 0x08, 0x84, 0x08, 0x84, 0x08, 0x84, 0x08, 0x84, 0x08, 0x84, 0x08, 0x84, 0x08, 0x84, 0x08, 0x84, 0x08,
  0x84, 0x08, 0x84, 0x08, 0x84, 0x08, 0x84, 0x08, 0x84, 0x08, 0x84, 0x08, 0x84, 0x08, 0x84, 0x08, 0x84, 0x08, 0x84, 0x08, 0x84, 0x08, 0x84, 0x08, 0x84, 0x08, 0x84, 0x08, 0x84, 0x08, 0x84, 0x08,
  0xa5, 0x10, 0x84, 0x08, 0x84, 0x08, 0x84, 0x08, 0x84, 0x08, 0x84, 0x08, 0x84, 0x08, 0x84, 0x08, 0x84, 0x08, 0x84, 0x08, 0x84, 0x08, 0x84, 0x08, 0x84, 0x08, 0x84, 0x08, 0x84, 0x08, 0x84, 0x08,
  0x84, 0x08, 0x84, 0x08, 0x84, 0x08, 0x84, 0x08, 0x84, 0x08, 0x84, 0x08, 0x84, 0x08, 0x84, 0x08, 0x84, 0x08, 0x84, 0x08, 0x84, 0x08, 0x84, 0x08, 0x84, 0x08, 0x84, 0x08, 0x84, 0x08, 0x84, 0x08,
  0xa5, 0x10, 0x84, 0x08, 0x84, 0x08, 0x84, 0x08, 0x84, 0x08, 0x84, 0x08, 0x84, 0x08, 0x84, 0x08, 0x84, 0x08, 0x84, 0x08, 0x84, 0x08, 0x84, 0x08, 0x84, 0x08, 0x84, 0x08, 0x84, 0x08, 0x84, 0x08,
  0x84, 0x08, 0x84, 0x08, 0x84, 0x08, 0x84, 0x08, 0x84, 0x08, 0x84, 0x08, 0x84, 0x08, 0x84, 0x08, 0x84, 0x08, 0x84, 0x08, 0x84, 0x08, 0x84, 0x08, 0x84, 0x08, 0x84, 0x08, 0x84, 0x08, 0x84, 0x08,
  0xa5, 0x10, 0x84, 0x08, 0x84, 0x08, 0x84, 0x08, 0x84, 0x08, 0x84, 0x08, 0x84, 0x08, 0x84, 0x08, 0x84, 0x08, 0x84, 0x08, 0x84, 0x08, 0x84, 0x08, 0x84, 0x08, 0x84, 0x08, 0x84, 0x08, 0x84, 0x08,
  0x84, 0x08, 0x84, 0x08, 0x84, 0x08, 0x84, 0x08, 0x84, 0x08, 0x84, 0x08, 0x84, 0x08, 0x27, 0x19, 0x84, 0x08, 0x84, 0x08, 0x84, 0x08, 0x84, 0x08, 0x84, 0x08, 0x84, 0x08, 0x84, 0x08, 0x84, 0x08,
  0xa5, 0x10, 0x84, 0x08, 0x84, 0x08, 0x84, 0x08, 0x84, 0x08, 0x84, 0x08, 0x84, 0x08, 0x84, 0x08, 0x84, 0x08, 0x84, 0x08, 0x84, 0x08, 0x84, 0x08, 0x84, 0x08, 0x84, 0x08, 0x84, 0x08, 0x84, 0x08,
  0x84, 0x08, 0x84, 0x08, 0x84, 0x08, 0x84, 0x08, 0x84, 0x08, 0x84, 0x08, 0x84, 0x08, 0x84, 0x08, 0x84, 0x08, 0x84, 0x08, 0x84, 0x08, 0x84, 0x08, 0x84, 0x08, 0x84, 0x08, 0x84, 0x08, 0x84, 0x08,
  0xa5, 0x10, 0x84, 0x08, 0x84, 0x08, 0x84, 0x08, 0x84, 0x08, 0x84, 0x08, 0x84, 0x08, 0x84, 0x08, 0x84, 0x08, 0x84, 0x08, 0x84, 0x08, 0x84, 0x08, 0x84, 0x08, 0x84, 0x08, 0x84, 0x08, 0x84, 0x08,
  0x84, 0x08, 0x84, 0x08, 0x84, 0x08, 0x84, 0x08, 0x84, 0x08, 0x84, 0x08, 0x84, 0x08, 0x84, 0x08, 0x84, 0x08, 0x84, 0x08, 0x84, 0x08, 0x84, 0x08, 0x84, 0x08, 0x84, 0x08, 0x84, 0x08, 0x84, 0x08,
  0xa5, 0x10, 0x84, 0x08, 0x84, 0x08, 0x84, 0x08, 0x84, 0x08, 0x84, 0x08, 0x84, 0x08, 0x84, 0x08, 0x84, 0x08, 0x84, 0x08, 0x84, 0x08, 0x27, 0x19, 0x84, 0x08, 0x84, 0x08, 0x84, 0x08, 0x84, 0x08,
  0x84, 0x08, 0x84, 0x08, 0x84, 0x08, 0x84, 0x08, 0x84, 0x08, 0x84, 0x08, 0x84, 0x08, 0x84, 0x08, 0x84, 0x08, 0x84, 0x08, 0x84, 0x08, 0x84, 0x08, 0x84, 0x08, 0x84, 0x08, 0x84, 0x08, 0x84, 0x08,
  0xa5, 0x10, 0x84, 0x08, 0x84, 0x08, 0x84, 0x08, 0x84, 0x08, 0x84, 0x08, 0x84, 0x08, 0x84, 0x08, 0x84, 0x08, 0x84, 0x08, 0x84, 0x08, 0x48, 0x19, 0x84, 0x08, 0x84, 0x08, 0x84, 0x08, 0x84, 0x08,
  0x84, 0x08, 0x84, 0x08, 0x84, 0x08, 0x84, 0x08, 0x84, 0x08, 0x84, 0x08, 0x84, 0x08, 0x84, 0x08, 0x84, 0x08, 0x84, 0x08, 0x84, 0x08, 0x84, 0x08, 0x84, 0x08, 0x84, 0x08, 0x84, 0x08, 0x84, 0x08,
  0xa5, 0x10, 0x84, 0x08, 0x84, 0x08, 0x84, 0x08, 0x84, 0x08, 0x84, 0x08, 0x84, 0x08, 0x84, 0x08, 0x84, 0x08, 0x84, 0x08, 0x84, 0x08, 0x84, 0x08, 0x84, 0x08, 0x84, 0x08, 0x84, 0x08, 0x84, 0x08,
  0x84, 0x08, 0x84, 0x08, 0x84, 0x08, 0x84, 0x08, 0x84, 0x08, 0x84, 0x08, 0x84, 0x08, 0x84, 0x08, 0x84, 0x08, 0x84, 0x08, 0x84, 0x08, 0x84, 0x08, 0x84, 0x08, 0x84, 0x08, 0x84, 0x08, 0x84, 0x08,
  0xa5, 0x10, 0x84, 0x08, 0x84, 0x08, 0x84, 0x08, 0x84, 0x08, 0x84, 0x08, 0x84, 0x08, 0x84, 0x08, 0x84, 0x08, 0x84, 0x08, 0x84, 0x08, 0x84, 0x08, 0x84, 0x08, 0x84, 0x08, 0x84, 0x08, 0x84, 0x08,
  0x84, 0x08, 0x84, 0x08, 0x84, 0x08, 0x84, 0x08, 0x84, 0x08, 0x84, 0x08, 0x84, 0x08, 0x84, 0x08, 0x84, 0x08, 0x84, 0x08, 0x84, 0x08, 0x84, 0x08, 0x84, 0x08, 0x84, 0x08, 0x84, 0x08, 0x84, 0x08,
  0xa5, 0x10, 0x84, 0x08, 0x84, 0x08, 0x84, 0x08, 0x84, 0x08, 0x84, 0x08, 0x84, 0x08, 0x84, 0x08, 0x84, 0x08, 0x84, 0x08, 0x84, 0x08, 0x84, 0x08, 0x84, 0x08, 0x84, 0x08, 0x84, 0x08, 0x84, 0x08,
  0x84, 0x08, 0x84, 0x08, 0x84, 0x08, 0x84, 0x08, 0x84, 0x08, 0x84, 0x08, 0x84, 0x08, 0x84, 0x08, 0x84, 0x08, 0x84, 0x08, 0x84, 0x08, 0x84, 0x08, 0x84, 0x08, 0x84, 0x08, 0x84, 0x08, 0x84, 0x08,
  0xa5, 0x10, 0x84, 0x08, 0x84, 0x08, 0x84, 0x08, 0x84, 0x08, 0x84, 0x08, 0x84, 0x08, 0x84, 0x08, 0x84, 0x08, 0x84, 0x08, 0x84, 0x08, 0x84, 0x08, 0x84, 0x08, 0x84, 0x08, 0x84, 0x08, 0x84, 0x08,
  0x84, 0x08, 0x84, 0x08, 0x84, 0x08, 0x84, 0x08, 0x84, 0x08, 0x84, 0x08, 0x84, 0x08, 0x84, 0x08, 0x84, 0x08, 0x84, 0x08, 0x84, 0x08, 0x84, 0x08, 0x84, 0x08, 0x84, 0x08, 0x84, 0x08, 0x84, 0x08,
  0xa5, 0x10, 0x84, 0x08, 0x84, 0x08, 0x84, 0x08, 0x84, 0x08, 0x84, 0x08, 0x84, 0x08, 0x84, 0x08, 0x84, 0x08, 0x84, 0x08, 0x84, 0x08, 0x84, 0x08, 0x84, 0x08, 0x84, 0x08, 0x84, 0x08, 0x84, 0x08,
  0x84, 0x08, 0x84, 0x08, 0x84, 0x08, 0x84, 0x08, 0x84, 0x08, 0x84, 0x08, 0x84, 0x08, 0x84, 0x08, 0x84, 0x08, 0x84, 0x08, 0x84, 0x08, 0x84, 0x08, 0x84, 0x08, 0x84, 0x08, 0x84, 0x08, 0x84, 0x08,
  0xa5, 0x10, 0x84, 0x08, 0x84, 0x08, 0x84, 0x08, 0x84, 0x08, 0x84, 0x08, 0x84, 0x08, 0x84, 0x08, 0x84, 0x08, 0x84, 0x08, 0x84, 0x08, 0x84, 0x08, 0x84, 0x08, 0x84, 0x08, 0x84, 0x08, 0x84, 0x08,
  0x84, 0x08, 0x84, 0x08, 0x84, 0x08, 0x84, 0x08, 0x84, 0x08, 0x84, 0x08, 0x84, 0x08, 0x27, 0x19, 0x84, 0x08, 0x84, 0x08, 0x84, 0x08, 0x84, 0x08, 0x84, 0x08, 0x84, 0x08, 0x84, 0x08, 0x84, 0x08,
  0xa5, 0x10, 0x84, 0x08, 0x84, 0x08, 0x84, 0x08, 0x84, 0x08, 0x84, 0x08, 0x84, 0x08, 0x84, 0x08, 0x84, 0x08, 0x84, 0x08, 0x84, 0x08, 0x84, 0x08, 0x84, 0x08, 0x84, 0x08, 0x84, 0x08, 0x84, 0x08,
  0x84, 0x08, 0x84, 0x08, 0x84, 0x08, 0x84, 0x08, 0x84, 0x08, 0x84, 0x08, 0x84, 0x08, 0x84, 0x08, 0x84, 0x08, 0x84, 0x08, 0x84, 0x08, 0x84, 0x08, 0x84, 0x08, 0x84, 0x08, 0x84, 0x08, 0x84, 0x08,
  0xa5, 0x10, 0x84, 0x08, 0x84, 0x08, 0x84, 0x08, 0x84, 0x08, 0x84, 0x08, 0x84, 0x08, 0x84, 0x08, 0x84, 0x08, 0x84, 0x08, 0x84, 0x08, 0x84, 0x08, 0x84, 0x08, 0x84, 0x08, 0x84, 0x08, 0x84, 0x08,
  0x84, 0x08, 0x84, 0x08, 0x84, 0x08, 0x84, 0x08, 0x84, 0x08, 0x84, 0x08, 0x84, 0x08, 0x84, 0x08, 0x84, 0x08, 0x84, 0x08, 0x84, 0x08, 0x84, 0x08, 0x84, 0x08, 0x84, 0x08, 0x84, 0x08, 0x84, 0x08,
  0xa5, 0x10, 0x84, 0x08, 0x84, 0x08, 0x84, 0x08, 0x84, 0x08, 0x84, 0x08, 0x84, 0x08, 0x84, 0x08, 0x84, 0x08, 0x84, 0x08, 0x84, 0x08, 0x27, 0x19, 0x84, 0x08, 0x84, 0x08, 0x84, 0x08, 0x84, 0x08,
  0x84, 0x08, 0x84, 0x08, 0x84, 0x08, 0x84, 0x08, 0x84, 0x08, 0x84, 0x08, 0x84, 0x08, 0x84, 0x08, 0x84, 0x08, 0x84, 0x08, 0x84, 0x08, 0x84, 0x08, 0x84, 0x08, 0x84, 0x08, 0x84, 0x08, 0x84, 0x08,
  0xa5, 0x10, 0x84, 0x08, 0x84, 0x08, 0x84, 0x08, 0x84, 0x08, 0x84, 0x08, 0x84, 0x08, 0x84, 0x08, 0x84, 0x08, 0x84, 0x08, 0x84, 0x08, 0x48, 0x19, 0x84, 0x08, 0x84, 0x08, 0x84, 0x08, 0x84, 0x08,
  0x84, 0x08, 0x84, 0x08, 0x84, 0x08, 0x84, 0x08, 0x84, 0x08, 0x84, 0x08, 0x84, 0x08, 0x84, 0x08, 0x84, 0x08, 0x84, 0x08, 0x84, 0x08, 0x84, 0x08, 0x84, 0x08, 0x84, 0x08, 0x84, 0x08, 0x84, 0x08,
  0xa5, 0x10, 0x84, 0x08, 0x84, 0x08, 0x84, 0x08, 0x84, 0x08, 0x84, 0x08, 0x84, 0x08, 0x84, 0x08, 0x84, 0x08, 0x84, 0x08, 0x84, 0x08, 0x84, 0x08, 0x84, 0x08, 0x84, 0x08, 0x84, 0x08, 0x84, 0x08,
  0x84, 0x08, 0x84, 0x08, 0x84, 0x08, 0x84, 0x08, 0x84, 0x08, 0x84, 0x08, 0x84, 0x08, 0x84, 0x08, 0x84, 0x08, 0x84, 0x08, 0x84, 0x08, 0x84, 0x08, 0x84, 0x08, 0x84, 0x08, 0x84, 0x08, 0x84, 0x08,
  0xa5, 0x10, 0x84, 0x08, 0x84, 0x08, 0x84, 0x08, 0x84, 0x08, 0x84, 0x08, 0x84, 0x08, 0x84, 0x08, 0x84, 0x08, 0x84, 0x08, 0x84, 0x08, 0x84, 0x08, 0x84, 0x08, 0x84, 0x08, 0x84, 0x08, 0x84, 0x08,
  0x84, 0x08, 0x84, 0x08, 0x84, 0x08, 0x84, 0x08, 0x84, 0x08, 0x84, 0x08, 0x84, 0x08, 0x84, 0x08, 0x84, 0x08, 0x84, 0x08, 0x84, 0x08, 0x84, 0x08, 0x84, 0x08, 0x84, 0x08, 0x84, 0x08, 0x84, 0x08,
  0xa5, 0x10, 0x84, 0x08, 0x84, 0x08, 0x84, 0x08, 0x84, 0x08, 0x84, 0x08, 0x84, 0x08, 0x84, 0x08, 0x84, 0x08, 0x84, 0x08, 0x84, 0x08, 0x84, 0x08, 0x84, 0x08, 0x84, 0x08, 0x84, 0x08, 0x84, 0x08,
  0x84, 0x08, 0x84, 0x08, 0x84, 0x08, 0x84, 0x08, 0x84, 0x08, 0x84, 0x08, 0x84, 0x08, 0x84, 0x08, 0x84, 0x08, 0x84, 0x08, 0x84, 0x08, 0x84, 0x08, 0x84, 0x08, 0x84, 0x08, 0x84, 0x08, 0x84, 0x08,
  0xa5, 0x10, 0x84, 0x08, 0x84, 0x08, 0x84, 0x08, 0x84, 0x08, 0x84, 0x08, 0x84, 0x08, 0x84, 0x08, 0x84, 0x08, 0x84, 0x08, 0x84, 0x08, 0x84, 0x08, 0x84, 0x08, 0x84, 0x08, 0x84, 0x08, 0x84, 0x08,
  0x84, 0x08, 0x84, 0x08, 0x84, 0x08, 0x84, 0x08, 0x84, 0x08, 0x84, 0x08, 0x84, 0x08, 0x84, 0x08, 0x84, 0x08, 0x84, 0x08, 0x84, 0x08, 0x84, 0x08, 0x84, 0x08, 0x84, 0x08, 0x84, 0x08, 0x84, 0x08,
  0xa5, 0x10, 0x84, 0x08, 0x84, 0x08, 0x84, 0x08, 0x84, 0x08, 0x84, 0x08, 0x84, 0x08, 0x84, 0x08, 0x84, 0x08, 0x84, 0x08, 0x84, 0x08, 0x84, 0x08, 0x84, 0x08, 0x84, 0x08, 0x84, 0x08, 0x84, 0x08,
  0x84, 0x08, 0x84, 0x08, 0x84, 0x08, 0x84, 0x08, 0x84, 0x08, 0x84, 0x08, 0x84, 0x08, 0x84, 0x08, 0x84, 0x08, 0x84, 0x08, 0x84, 0x08, 0x84, 0x08, 0x84, 0x08, 0x84, 0x08, 0x84, 0x08, 0x84, 0x08,
  0xa5, 0x10, 0x84, 0x08, 0x84, 0x08, 0x84, 0x08, 0x84, 0x08, 0x84, 0x08, 0x84, 0x08, 0x84, 0x08, 0x84, 0x08, 0x84, 0x08, 0x84, 0x08, 0x84, 0x08, 0x84, 0x08, 0x84, 0x08, 0x84, 0x08, 0x84, 0x08,
  0x84, 0x08, 0x84, 0x08, 0x84, 0x08, 0x84, 0x08, 0x84, 0x08, 0x84, 0x08, 0x84, 0x08, 0x27, 0x19, 0x84, 0x08, 0x84, 0x08, 0x84, 0x08, 0x84, 0x08, 0x84, 0x08, 0x84, 0x08, 0x84, 0x08, 0x84, 0x08,
  0xa5, 0x10, 0x84, 0x08, 0x84, 0x08, 0x84, 0x08, 0x84, 0x08, 0x84, 0x08, 0x84, 0x08, 0x84, 0x08, 0x84, 0x08, 0x84, 0x08, 0x84, 0x08, 0x84, 0x08, 0x84, 0x08, 0x84, 0x08, 0x84, 0x08, 0x84, 0x08,
  0x84, 0x08, 0x84, 0x08, 0x84, 0x08, 0x84, 0x08, 0x84, 0x08, 0x84, 0x08, 0x84, 0x08, 0x84, 0x08, 0x84, 0x08, 0x84, 0x08, 0x84, 0x08, 0x84, 0x08, 0x84, 0x08, 0x84, 0x08, 0x84, 0x08, 0x84, 0x08,
  0xa5, 0x10, 0x84, 0x08, 0x84, 0x08, 0x84, 0x08, 0x84, 0x08, 0x84, 0x08, 0x84, 0x08, 0x84, 0x08, 0x84, 0x08, 0x84, 0x08, 0x84, 0x08, 0x84, 0x08, 0x84, 0x08, 0x84, 0x08, 0x84, 0x08, 0x84, 0x08,
  0x84, 0x08, 0x84, 0x08, 0x84, 0x08, 0x84, 0x08, 0x84, 0x08, 0x84, 0x08, 0x84, 0x08, 0x84, 0x08, 0x84, 0x08, 0x84, 0x08, 0x84, 0x08, 0x84, 0x08, 0x84, 0x08, 0x84, 0x08, 0x84, 0x08, 0x84, 0x08,
  0xa5, 0x10, 0x84, 0x08, 0x84, 0x08, 0x84, 0x08, 0x84, 0x08, 0x84, 0x08, 0x84, 0x08, 0x84, 0x08, 0x84, 0x08, 0x84, 0x08, 0x84, 0x08, 0x27, 0x19, 0x84, 0x08, 0x84, 0x08, 0x84, 0x08, 0x84, 0x08,
  0x84, 0x08, 0x84, 0x08, 0x84, 0x08, 0x84, 0x08, 0x84, 0x08, 0x84, 0x08, 0x84, 0x08, 0x84, 0x08, 0x84, 0x08, 0x84, 0x08, 0x84, 0x08, 0x84, 0x08, 0x84, 0x08, 0x84, 0x08, 0x84, 0x08, 0x84, 0x08,
  0xa5, 0x10, 0x84, 0x08, 0x84, 0x08, 0x84, 0x08, 0x84, 0x08, 0x84, 0x08, 0x84, 0x08, 0x84, 0x08, 0x84, 0x08, 0x84, 0x08, 0x84, 0x08, 0x48, 0x19, 0x84, 0x08, 0x84, 0x08, 0x84, 0x08, 0x84, 0x08,
  0x84, 0x08, 0x84, 0x08, 0x84, 0x08, 0x84, 0x08, 0x84, 0x08, 0x84, 0x08, 0x84, 0x08, 0x84, 0x08, 0x84, 0x08, 0x84, 0x08, 0x84, 0x08, 0x84, 0x08, 0x84, 0x08, 0x84, 0x08, 0x84, 0x08, 0x84, 0x08,
  0xa5, 0x10, 0x84, 0x08, 0x84, 0x08, 0x84, 0x08, 0x84, 0x08, 0x84, 0x08, 0x84, 0x08, 0x84, 0x08, 0x84, 0x08, 0x84, 0x08, 0x84, 0x08, 0x84, 0x08, 0x84, 0x08, 0x84, 0x08, 0x84, 0x08, 0x84, 0x08,
  0x84, 0x08, 0x84, 0x08, 0x84, 0x08, 0x84, 0x08, 0x84, 0x08, 0x84, 0x08, 0x84, 0x08, 0x84, 0x08, 0x84, 0x08, 0x84, 0x08, 0x84, 0x08, 0x84, 0x08, 0x84, 0x08, 0x84, 0x08, 0x84, 0x08, 0x84, 0x08,
  0xa5, 0x10, 0x84, 0x08, 0x84, 0x08, 0x84, 0x08, 0x84, 0x08, 0x84, 0x08, 0x84, 0x08, 0x84, 0x08, 0x84, 0x08, 0x84, 0x08, 0x84, 0x08, 0x84, 0x08, 0x84, 0x08, 0x84, 0x08, 0x84, 0x08, 0x84, 0x08,
  0x84, 0x08, 0x84, 0x08, 0x84, 0x08, 0x84, 0x08, 0x84, 0x08, 0x84, 0x08, 0x84, 0x08, 0x84, 0x08, 0x84, 0x08, 0x84, 0x08, 0x84, 0x08, 0x84, 0x08, 0x84, 0x08, 0x84, 0x08, 0x84, 0x08, 0x84, 0x08,
  0xa5, 0x10, 0x84, 0x08, 0x84, 0x08, 0x84, 0x08, 0x84, 0x08, 0x84, 0x08, 0x84, 0x08, 0x84, 0x08, 0x84, 0x08, 0x84, 0x08, 0x84, 0x08, 0x84, 0x08, 0x84, 0x08, 0x84, 0x08, 0x84, 0x08, 0x84, 0x08,
  0x84, 0x08, 0x84, 0x08, 0x84, 0x08, 0x84, 0x08, 0x84, 0x08, 0x84, 0x08, 0x84, 0x08, 0x84, 0x08, 0x84, 0x08, 0x84, 0x08, 0x84, 0x08, 0x84, 0x08, 0x84, 0x08, 0x84, 0x08, 0x84, 0x08, 0x84, 0x08,
  0xa5, 0x10, 0x84, 0x08, 0x84, 0x08, 0x84, 0x08, 0x84, 0x08, 0x84, 0x08, 0x84, 0x08, 0x84, 0x08, 0x84, 0x08, 0x84, 0x08, 0x84, 0x08, 0x84, 0x08, 0x84, 0x08, 0x84, 0x08, 0x84, 0x08, 0x84, 0x08,
  0x84, 0x08, 0x84, 0x08, 0x84, 0x08, 0x84, 0x08, 0x84, 0x08, 0x84, 0x08, 0x84, 0x08, 0x84, 0x08, 0x84, 0x08, 0x84, 0x08, 0x84, 0x08, 0x84, 0x08, 0x84, 0x08, 0x84, 0x08, 0x84, 0x08, 0x84, 0x08,
  0xa5, 0x10, 0x84, 0x08, 0x84, 0x08, 0x84, 0x08, 0x84, 0x08, 0x84, 0x08, 0x84, 0x08, 0x84, 0x08, 0x84, 0x08, 0x84, 0x08, 0x84, 0x08, 0x84, 0x08, 0x84, 0x08, 0x84, 0x08, 0x84, 0x08, 0x84, 0x08,
  0x84, 0x08, 0x84, 0x08, 0x84, 0x08, 0x84, 0x08, 0x84, 0x08, 0x84, 0x08, 0x84, 0x08, 0x84, 0x08, 0x84, 0x08, 0x84, 0x08, 0x84, 0x08, 0x84, 0x08, 0x84, 0x08, 0x84, 0x08, 0x84, 0x08, 0x84, 0x08,
  0xa5, 0x10, 0x84, 0x08, 0x84, 0x08, 0x84, 0x08, 0x84, 0x08, 0x84, 0x08, 0x84, 0x08, 0x84, 0x08, 0x84, 0x08, 0x84, 0x08, 0x84, 0x08, 0x84, 0x08, 0x84, 0x08, 0x84, 0x08, 0x84, 0x08, 0x84, 0x08,
  0x84, 0x08, 0x84, 0x08, 0x84, 0x08, 0x84, 0x08, 0x84, 0x08, 0x84, 0x08, 0x84, 0x08, 0x27, 0x19, 0x84, 0x08, 0x84, 0x08, 0x84, 0x08, 0x84, 0x08, 0x84, 0x08, 0x84, 0x08, 0x84, 0x08, 0x84, 0x08,
  0xa5, 0x10, 0x84, 0x08, 0x84, 0x08, 0x84, 0x08, 0x84, 0x08, 0x84, 0x08, 0x84, 0x08, 0x84, 0x08, 0x84, 0x08, 0x84, 0x08, 0x84, 0x08, 0x84, 0x08, 0x84, 0x08, 0x84, 0x08, 0x84, 0x08, 0x84, 0x08,
  0x84, 0x08, 0x84, 0x08, 0x84, 0x08, 0x84, 0x08, 0x84, 0x08, 0x84, 0x08, 0x84, 0x08, 0x84, 0x08, 0x84, 0x08, 0x84, 0x08, 0x84, 0x08, 0x84, 0x08, 0x84, 0x08, 0x84, 0x08, 0x84, 0x08, 0x84, 0x08,
  0xa5, 0x10, 0x84, 0x08, 0x84, 0x08, 0x84, 0x08, 0x84, 0x08, 0x84, 0x08, 0x84, 0x08, 0x84, 0x08, 0x84, 0x08, 0x84, 0x08, 0x84, 0x08, 0x84, 0x08, 0x84, 0x08, 0x84, 0x08, 0x84, 0x08, 0x84, 0x08,
  0x84, 0x08, 0x84, 0x08, 0x84, 0x08, 0x84, 0x08, 0x84, 0x08, 0x84, 0x08, 0x84, 0x08, 0x84, 0x08, 0x84, 0x08, 0x84, 0x08, 0x84, 0x08, 0x84, 0x08, 0x84, 0x08, 0x84, 0x08, 0x84, 0x08, 0x84, 0x08,
  0xa5, 0x10, 0x84, 0x08, 0x84, 0x08, 0x84, 0x08, 0x84, 0x08, 0x84, 0x08, 0x84, 0x08, 0x84, 0x08, 0x84, 0x08, 0x84, 0x08, 0x84, 0x08, 0x27, 0x19, 0x84, 0x08, 0x84, 0x08, 0x84, 0x08, 0x84, 0x08,
  0x84, 0x08, 0x84, 0x08, 0x84, 0x08, 0x84, 0x08, 0x84, 0x08, 0x84, 0x08, 0x84, 0x08, 0x84, 0x08, 0x84, 0x08, 0x84, 0x08, 0x84, 0x08, 0x84, 0x08, 0x84, 0x08, 0x84, 0x08, 0x84, 0x08, 0x84, 0x08,
  0xa5, 0x10, 0x84, 0x08, 0x84, 0x08, 0x84, 0x08, 0x84, 0x08, 0x84, 0x08, 0x84, 0x08, 0x84, 0x08, 0x84, 0x08, 0x84, 0x08, 0x84, 0x08, 0x48, 0x19, 0x84, 0x08, 0x84, 0x08, 0x84, 0x08, 0x84, 0x08,
  0x84, 0x08, 0x84, 0x08, 0x84, 0x08, 0x84, 0x08, 0x84, 0x08, 0x84, 0x08, 0x84, 0x08, 0x84, 0x08, 0x84, 0x08, 0x84, 0x08, 0x84, 0x08, 0x84, 0x08, 0x84, 0x08, 0x84, 0x08, 0x84, 0x08, 0x84, 0x08,
  0xa5, 0x10, 0x84, 0x08, 0x84, 0x08, 0x84, 0x08, 0x84, 0x08, 0x84, 0x08, 0x84, 0x08, 0x84, 0x08, 0x84, 0x08, 0x84, 0x08, 0x84, 0x08, 0x84, 0x08, 0x84, 0x08, 0x84, 0x08, 0x84, 0x08, 0x84, 0x08,
  0x84, 0x08, 0x84, 0x08, 0x84, 0x08, 0x84, 0x08, 0x84, 0x08, 0x84, 0x08, 0x84, 0x08, 0x84, 0x08, 0x84, 0x08, 0x84, 0x08, 0x84, 0x08, 0x84, 0x08, 0x84, 0x08, 0x84, 0x08, 0x84, 0x08, 0x84, 0x08,
  0xa5, 0x10, 0x84, 0x08, 0x84, 0x08, 0x84, 0x08, 0x84, 0x08, 0x84, 0x08, 0x84, 0x08, 0x84, 0x08, 0x84, 0x08, 0x84, 0x08, 0x84, 0x08, 0x84, 0x08, 0x84, 0x08, 0x84, 0x08, 0x84, 0x08, 0x84, 0x08,
  0x84, 0x08, 0x84, 0x08, 0x84, 0x08, 0x84, 0x08, 0x84, 0x08, 0x84, 0x08, 0x84, 0x08, 0x84, 0x08, 0x84, 0x08, 0x84, 0x08, 0x84, 0x08, 0x84, 0x08, 0x84, 0x08, 0x84, 0x08, 0x84, 0x08, 0x84, 0x08,
  0xa5, 0x10, 0x84, 0x08, 0x84, 0x08, 0x84, 0x08, 0x84, 0x08, 0x84, 0x08, 0x84, 0x08, 0x84, 0x08, 0x84, 0x08, 0x84, 0x08, 0x84, 0x08, 0x84, 0x08, 0x84, 0x08, 0x84, 0x08, 0x84, 0x08, 0x84, 0x08,
  0x84, 0x08, 0x84, 0x08, 0x84, 0x08, 0x84, 0x08, 0x84, 0x08, 0x84, 0x08, 0x84, 0x08, 0x84, 0x08, 0x84, 0x08, 0x84, 0x08, 0x84, 0x08, 0x84, 0x08, 0x84, 0x08, 0x84, 0x08, 0x84, 0x08, 0x84, 0x08,
  0xa5, 0x10, 0x84, 0x08, 0x84, 0x08, 0x84, 0x08, 0x84, 0x08, 0x84, 0x08, 0x84, 0x08, 0x84, 0x08, 0x84, 0x08, 0x84, 0x08, 0x84, 0x08, 0x84, 0x08, 0x84, 0x08, 0x84, 0x08, 0x84, 0x08, 0x84, 0x08,
  0x84, 0x08, 0x84, 0x08, 0x84, 0x08, 0x84, 0x08, 0x84, 0x08, 0x84, 0x08, 0x84, 0x08, 0x84, 0x08, 0x84, 0x08, 0x84, 0x08, 0x84, 0x08, 0x84, 0x08, 0x84, 0x08, 0x84, 0x08, 0x84, 0x08, 0x84, 0x08,
  0xa5, 0x10, 0x84, 0x08, 0x84, 0x08, 0x84, 0x08, 0x84, 0x08, 0x84, 0x08, 0x84, 0x08, 0x84, 0x08, 0x84, 0x08, 0x84, 0x08, 0x84, 0x08, 0x84, 0x08, 0x84, 0x08, 0x84, 0x08, 0x84, 0x08, 0x84, 0x08,
  0x84, 0x08, 0x84, 0x08, 0x84, 0x08, 0x84, 0x08, 0x84, 0x08, 0x84, 0x08, 0x84, 0x08, 0x84, 0x08, 0x84, 0x08, 0x84, 0x08, 0x84, 0x08, 0x84, 0x08, 0x84, 0x08, 0x84, 0x08, 0x84, 0x08, 0x84, 0x08,
  0xa5, 0x10, 0x84, 0x08, 0x84, 0x08, 0x84, 0x08, 0x84, 0x08, 0x84, 0x08, 0x84, 0x08, 0x84, 0x08, 0x84, 0x08, 0x84, 0x08, 0x84, 0x08, 0x84, 0x08, 0x84, 0x08, 0x84, 0x08, 0x84, 0x08, 0x84, 0x08,
  0x84, 0x08, 0x84, 0x08, 0x84, 0x08, 0x84, 0x08, 0x84, 0x08, 0x84, 0x08, 0x84, 0x08, 0x27, 0x19, 0x84, 0x08, 0x84, 0x08, 0x84, 0x08, 0x84, 0x08, 0x84, 0x08, 0x84, 0x08, 0x84, 0x08, 0x84, 0x08,
  0xa5, 0x10, 0x84, 0x08, 0x84, 0x08, 0x84, 0x08, 0x84, 0x08, 0x84, 0x08, 0x84, 0x08, 0x84, 0x08, 0x84, 0x08, 0x84, 0x08, 0x84, 0x08, 0x84, 0x08, 0x84, 0x08, 0x84, 0x08, 0x84, 0x08, 0x84, 0x08,
  0x84, 0x08, 0x84, 0x08, 0x84, 0x08, 0x84, 0x08, 0x84, 0x08, 0x84, 0x08, 0x84, 0x08, 0x84, 0x08, 0x84, 0x08, 0x84, 0x08, 0x84, 0x08, 0x84, 0x08, 0x84, 0x08, 0x84, 0x08, 0x84, 0x08, 0x84, 0x08,
  0xa5, 0x10, 0x84, 0x08, 0x84, 0x08, 0x84, 0x08, 0x84, 0x08, 0x84, 0x08, 0x84, 0x08, 0x84, 0x08, 0x84, 0x08, 0x84, 0x08, 0x84, 0x08, 0x84, 0x08, 0x84, 0x08, 0x84, 0x08, 0x84, 0x08, 0x84, 0x08,
  0x84, 0x08, 0x84, 0x08, 0x84, 0x08, 0x84, 0x08, 0x84, 0x08, 0x84, 0x08, 0x84, 0x08, 0x84, 0x08, 0x84, 0x08, 0x84, 0x08, 0x84, 0x08, 0x84, 0x08, 0x84, 0x08, 0x84, 0x08, 0x84, 0x08, 0x84, 0x08,
  0xa5, 0x10, 0x84, 0x08, 0x84, 0x08, 0x84, 0x08, 0x84, 0x08, 0x84, 0x08, 0x84, 0x08, 0x84, 0x08, 0x84, 0x08, 0x84, 0x08, 0x84, 0x08, 0x27, 0x19, 0x84, 0x08, 0x84, 0x08, 0x84, 0x08, 0x84, 0x08,
  0x84, 0x08, 0x84, 0x08, 0x84, 0x08, 0x84, 0x08, 0x84, 0x08, 0x84, 0x08, 0x84, 0x08, 0x84, 0x08, 0x84, 0x08, 0x84, 0x08, 0x84, 0x08, 0x84, 0x08, 0x84, 0x08, 0x84, 0x08, 0x84, 0x08, 0x84, 0x08,
  0xa5, 0x10, 0x84, 0x08, 0x84, 0x08, 0x84, 0x08, 0x84, 0x08, 0x84, 0x08, 0x84, 0x08, 0x84, 0x08, 0x84, 0x08, 0x84, 0x08, 0x84, 0x08, 0x48, 0x19, 0x84, 0x08, 0x84, 0x08, 0x84, 0x08, 0x84, 0x08,
  0x84, 0x08, 0x84, 0x08, 0x84, 0x08, 0x84, 0x08, 0x84, 0x08, 0x84, 0x08, 0x84, 0x08, 0x84, 0x08, 0x84, 0x08, 0x84, 0x08, 0x84, 0x08, 0x84, 0x08, 0x84, 0x08, 0x84, 0x08, 0x84, 0x08, 0x84, 0x08,
  0xa5, 0x10, 0x84, 0x08, 0x84, 0x08, 0x84, 0x08, 0x84, 0x08, 0x84, 0x08, 0x84, 0x08, 0x84, 0x08, 0x84, 0x08, 0x84, 0x08, 0x84, 0x08, 0x84, 0x08, 0x84, 0x08, 0x84, 0x08, 0x84, 0x08, 0x84, 0x08,
  0x84, 0x08, 0x84, 0x08, 0x84, 0x08, 0x84, 0x08, 0x84, 0x08, 0x84, 0x08, 0x84, 0x08, 0x84, 0x08, 0x84, 0x08, 0x84, 0x08, 0x84, 0x08, 0x84, 0x08, 0x84, 0x08, 0x84, 0x08, 0x84, 0x08, 0x84, 0x08,
  0xa5, 0x10, 0x84, 0x08, 0x84, 0x08, 0x84, 0x08, 0x84, 0x08, 0x84, 0x08, 0x84, 0x08, 0x84, 0x08, 0x84, 0x08, 0x84, 0x08, 0x84, 0x08, 0x84, 0x08, 0x84, 0x08, 0x84, 0x08, 0x84, 0x08, 0x84, 0x08,
  0x84, 0x08, 0x84, 0x08, 0x84, 0x08, 0x84, 0x08, 0x84, 0x08, 0x84, 0x08, 0x84, 0x08, 0x84, 0x08, 0x84, 0x08, 0x84, 0x08, 0x84, 0x08, 0x84, 0x08, 0x84, 0x08, 0x84, 0x08, 0x84, 0x08, 0x84, 0x08,
  0xa5, 0x10, 0x84, 0x08, 0x84, 0x08, 0x84, 0x08, 0x84, 0x08, 0x84, 0x08, 0x84, 0x08, 0x84, 0x08, 0x84, 0x08, 0x84, 0x08, 0x84, 0x08, 0x84, 0x08, 0x84, 0x08, 0x84, 0x08, 0x84, 0x08, 0x84, 0x08,
  0x84, 0x08, 0x84, 0x08, 0x84, 0x08, 0x84, 0x08, 0x84, 0x08, 0x84, 0x08, 0x84, 0x08, 0x84, 0x08, 0x84, 0x08, 0x84, 0x08, 0x84, 0x08, 0x84, 0x08, 0x84, 0x08, 0x84, 0x08, 0x84, 0x08, 0x84, 0x08,
  0xa5, 0x10, 0x84, 0x08, 0x84, 0x08, 0x84, 0x08, 0x84, 0x08, 0x84, 0x08, 0x84, 0x08, 0x84, 0x08, 0x84, 0x08, 0x84, 0x08, 0x84, 0x08, 0x84, 0x08, 0x84, 0x08, 0x84, 0x08, 0x84, 0x08, 0x84, 0x08,
  0x84, 0x08, 0x84, 0x08, 0x84, 0x08, 0x84, 0x08, 0x84, 0x08, 0x84, 0x08, 0x84, 0x08, 0x84, 0x08, 0x84, 0x08, 0x84, 0x08, 0x84, 0x08, 0x84, 0x08, 0x84, 0x08, 0x84, 0x08, 0x84, 0x08, 0x84, 0x08,
  0xa5, 0x10, 0x84, 0x08, 0x84, 0x08, 0x84, 0x08, 0x84, 0x08, 0x84, 0x08, 0x84, 0x08, 0x84, 0x08, 0x84, 0x08, 0x84, 0x08, 0x84, 0x08, 0x84, 0x08, 0x84, 0x08, 0x84, 0x08, 0x84, 0x08, 0x84, 0x08,
  0x84, 0x08, 0x84, 0x08, 0x84, 0x08, 0x84, 0x08, 0x84, 0x08, 0x84, 0x08, 0x84, 0x08, 0x84, 0x08, 0x84, 0x08, 0x84, 0x08, 0x84, 0x08, 0x84, 0x08, 0x84, 0x08, 0x84, 0x08, 0x84, 0x08, 0x84, 0x08,
  0xa5, 0x10, 0x84, 0x08, 0x84, 0x08, 0x84, 0x08, 0x84, 0x08, 0x84, 0x08, 0x84, 0x08, 0x84, 0x08, 0x84, 0x08, 0x84, 0x08, 0x84, 0x08, 0x84, 0x08, 0x84, 0x08, 0x84, 0x08, 0x84, 0x08, 0x84, 0x08,
  0x84, 0x08, 0x84, 0x08, 0x84, 0x08, 0x84, 0x08, 0x84, 0x08, 0x84, 0x08, 0x84, 0x08, 0x27, 0x19, 0x84, 0x08, 0x84, 0x08, 0x84, 0x08, 0x84, 0x08, 0x84, 0x08, 0x84, 0x08, 0x84, 0x08, 0x84, 0x08,
  0xa5, 0x10, 0x84, 0x08, 0x84, 0x08, 0x84, 0x08, 0x84, 0x08, 0x84, 0x08, 0x84, 0x08, 0x84, 0x08, 0x84, 0x08, 0x84, 0x08, 0x84, 0x08, 0x84, 0x08, 0x84, 0x08, 0x84, 0x08, 0x84, 0x08, 0x84, 0x08,
  0x84, 0x08, 0x84, 0x08, 0x84, 0x08, 0x84, 0x08, 0x84, 0x08, 0x84, 0x08, 0x84, 0x08, 0x84, 0x08, 0x84, 0x08, 0x84, 0x08, 0x84, 0x08, 0x84, 0x08, 0x84, 0x08, 0x84, 0x08, 0x84, 0x08, 0x84, 0x08,
  0xa5, 0x10, 0x84, 0x08, 0x84, 0x08, 0x84, 0x08, 0x84, 0x08, 0x84, 0x08, 0x84, 0x08, 0x84, 0x08, 0x84, 0x08, 0x84, 0x08, 0x84, 0x08, 0x84, 0x08, 0x84, 0x08, 0x84, 0x08, 0x84, 0x08, 0x84, 0x08,
  0x84, 0x08, 0x84, 0x08, 0x84, 0x08, 0x84, 0x08, 0x84, 0x08, 0x84, 0x08, 0x84, 0x08, 0x84, 0x08, 0x84, 0x08, 0x84, 0x08, 0x84, 0x08, 0x84, 0x08, 0x84, 0x08, 0x84, 0x08, 0x84, 0x08, 0x84, 0x08,
  0xa5, 0x10, 0x84, 0x08, 0x84, 0x08, 0x84, 0x08, 0x84, 0x08, 0x84, 0x08, 0x84, 0x08, 0x84, 0x08, 0x84, 0x08, 0x84, 0x08, 0x84, 0x08, 0x27, 0x19, 0x84, 0x08, 0x84, 0x08, 0x84, 0x08, 0x84, 0x08,
  0x84, 0x08, 0x84, 0x08, 0x84, 0x08, 0x84, 0x08, 0x84, 0x08, 0x84, 0x08, 0x84, 0x08, 0x84, 0x08, 0x84, 0x08, 0x84, 0x08, 0x84, 0x08, 0x84, 0x08, 0x84, 0x08, 0x84, 0x08, 0x84, 0x08, 0x84, 0x08,
  0xa5, 0x10, 0x84, 0x08, 0x84, 0x08, 0x84, 0x08, 0x84, 0x08, 0x84, 0x08, 0x84, 0x08, 0x84, 0x08, 0x84, 0x08, 0x84, 0x08, 0x84, 0x08, 0x48, 0x19, 0x84, 0x08, 0x84, 0x08, 0x84, 0x08, 0x84, 0x08,
  0x84, 0x08, 0x84, 0x08, 0x84, 0x08, 0x84, 0x08, 0x84, 0x08, 0x84, 0x08, 0x84, 0x08, 0x84, 0x08, 0x84, 0x08, 0x84, 0x08, 0x84, 0x08, 0x84, 0x08, 0x84, 0x08, 0x84, 0x08, 0x84, 0x08, 0x84, 0x08,
  0xa5, 0x10, 0x84, 0x08, 0x84, 0x08, 0x84, 0x08, 0x84, 0x08, 0x84, 0x08, 0x84, 0x08, 0x84, 0x08, 0x84, 0x08, 0x84, 0x08, 0x84, 0x08, 0x84, 0x08, 0x84, 0x08, 0x84, 0x08, 0x84, 0x08, 0x84, 0x08,
  0x84, 0x08, 0x84, 0x08, 0x84, 0x08, 0x84, 0x08, 0x84, 0x08, 0x84, 0x08, 0x84, 0x08, 0x84, 0x08, 0x84, 0x08, 0x84, 0x08, 0x84, 0x08, 0x84, 0x08, 0x84, 0x08, 0x84, 0x08, 0x84, 0x08, 0x84, 0x08,
  0xa5, 0x10, 0x84, 0x08, 0x84, 0x08, 0x84, 0x08, 0x84, 0x08, 0x84, 0x08, 0x84, 0x08, 0x84, 0x08, 0x84, 0x08, 0x84, 0x08, 0x84, 0x08, 0x84, 0x08, 0x84, 0x08, 0x84, 0x08, 0x84, 0x08, 0x84, 0x08,
  0x84, 0x08, 0x84, 0x08, 0x84, 0x08, 0x84, 0x08, 0x84, 0x08, 0x84, 0x08, 0x84, 0x08, 0x84, 0x08, 0x84, 0x08, 0x84, 0x08, 0x84, 0x08, 0x84, 0x08, 0x84, 0x08, 0x84, 0x08, 0x84, 0x08, 0x84, 0x08,
  0xa5, 0x10, 0x84, 0x08, 0x84, 0x08, 0x84, 0x08, 0x84, 0x08, 0x84, 0x08, 0x84, 0x08, 0x84, 0x08, 0x84, 0x08, 0x84, 0x08, 0x84, 0x08, 0x84, 0x08, 0x84, 0x08, 0x84, 0x08, 0x84, 0x08, 0x84, 0x08,
  0x84, 0x08, 0x84, 0x08, 0x84, 0x08, 0x84, 0x08, 0x84, 0x08, 0x84, 0x08, 0x84, 0x08, 0x84, 0x08, 0x84, 0x08, 0x84, 0x08, 0x84, 0x08, 0x84, 0x08, 0x84, 0x08, 0x84, 0x08, 0x84, 0x08, 0x84, 0x08,
  0xa5, 0x10, 0x84, 0x08, 0x84, 0x08, 0x84, 0x08, 0x84, 0x08, 0x84, 0x08, 0x84, 0x08, 0x84, 0x08, 0x84, 0x08, 0x84, 0x08, 0x84, 0x08, 0x84, 0x08, 0x84, 0x08, 0x84, 0x08, 0x84, 0x08, 0x84, 0x08,
  0x84, 0x08, 0x84, 0x08, 0x84, 0x08, 0x84, 0x08, 0x84, 0x08, 0x84, 0x08, 0x84, 0x08, 0x84, 0x08, 0x84, 0x08, 0x84, 0x08, 0x84, 0x08, 0x84, 0x08, 0x84, 0x08, 0x84, 0x08, 0x84, 0x08, 0x84, 0x08,
  0xa5, 0x10, 0x84, 0x08, 0x84, 0x08, 0x84, 0x08, 0x84, 0x08, 0x84, 0x08, 0x84, 0x08, 0x84, 0x08, 0x84, 0x08, 0x84, 0x08, 0x84, 0x08, 0x84, 0x08, 0x84, 0x08, 0x84, 0x08, 0x84, 0x08, 0x84, 0x08,
  0x84, 0x08, 0x84, 0x08, 0x48, 0x19, 0x48, 0x19, 0x48, 0x19, 0x84, 0x08, 0x84, 0x08, 0x84, 0x08, 0x84, 0x08, 0x84, 0x08, 0x84, 0x08, 0x84, 0x08, 0x84, 0x08, 0x84, 0x08, 0x84, 0x08, 0x84, 0x08,
  0xa5, 0x10, 0x84, 0x08, 0x84, 0x08, 0x84, 0x08, 0x84, 0x08, 0x84, 0x08, 0x84, 0x08, 0x84, 0x08, 0x84, 0x08, 0x84, 0x08, 0x84, 0x08, 0x84, 0x08, 0x84, 0x08, 0x84, 0x08, 0x84, 0x08, 0x84, 0x08,
  0x84, 0x08, 0x84, 0x08, 0x84, 0x08, 0x84, 0x08, 0x84, 0x08, 0x84, 0x08, 0x84, 0x08, 0x27, 0x19, 0x84, 0x08, 0x84, 0x08, 0x84, 0x08, 0x84, 0x08, 0x84, 0x08, 0x84, 0x08, 0x84, 0x08, 0x84, 0x08,
  0xa5, 0x10, 0x84, 0x08, 0x84, 0x08, 0x84, 0x08, 0x84, 0x08, 0x84, 0x08, 0x84, 0x08, 0x84, 0x08, 0x84, 0x08, 0x84, 0x08, 0x84, 0x08, 0x84, 0x08, 0x84, 0x08, 0x84, 0x08, 0x84, 0x08, 0x84, 0x08,
  0x84, 0x08, 0x84, 0x08, 0x84, 0x08, 0x84, 0x08, 0x84, 0x08, 0x84, 0x08, 0x84, 0x08, 0x84, 0x08, 0x84, 0x08, 0x84, 0x08, 0x84, 0x08, 0x84, 0x08, 0x84, 0x08, 0x84, 0x08, 0x84, 0x08, 0x84, 0x08,
  0xa5, 0x10, 0x84, 0x08, 0x84, 0x08, 0x84, 0x08, 0x84, 0x08, 0x84, 0x08, 0x84, 0x08, 0x84, 0x08, 0x84, 0x08, 0x84, 0x08, 0x84, 0x08, 0x84, 0x08, 0x84, 0x08, 0x84, 0x08, 0x84, 0x08, 0x84, 0x08,
  0x84, 0x08, 0x84, 0x08, 0x84, 0x08, 0x84, 0x08, 0x84, 0x08, 0x84, 0x08, 0x84, 0x08, 0x84, 0x08, 0x84, 0x08, 0x84, 0x08, 0x84, 0x08, 0x84, 0x08, 0x84, 0x08, 0x84, 0x08, 0x84, 0x08, 0x84, 0x08,
  0xa5, 0x10, 0x84, 0x08, 0x84, 0x08, 0x84, 0x08, 0x84, 0x08, 0x84, 0x08, 0x84, 0x08, 0x84, 0x08, 0x84, 0x08, 0x84, 0x08, 0x84, 0x08, 0x27, 0x19, 0x84, 0x08, 0x84, 0x08, 0x84, 0x08, 0x84, 0x08,
  0x84, 0x08, 0x84, 0x08, 0x84, 0x08, 0x84, 0x08, 0x84, 0x08, 0x84, 0x08, 0x84, 0x08, 0x84, 0x08, 0x84, 0x08, 0x84, 0x08, 0x84, 0x08, 0x84, 0x08, 0x84, 0x08, 0x84, 0x08, 0x84, 0x08, 0x84, 0x08,
  0xa5, 0x10, 0x84, 0x08, 0x84, 0x08, 0x84, 0x08, 0x84, 0x08, 0x84, 0x08, 0x84, 0x08, 0x84, 0x08, 0x84, 0x08, 0x84, 0x08, 0x84, 0x08, 0x48, 0x19, 0x84, 0x08, 0x84, 0x08, 0x84, 0x08, 0x84, 0x08,
  0x84, 0x08, 0x84, 0x08, 0x84, 0x08, 0x84, 0x08, 0x84, 0x08, 0x84, 0x08, 0x84, 0x08, 0x84, 0x08, 0x84, 0x08, 0x84, 0x08, 0x84, 0x08, 0x84, 0x08, 0x84, 0x08, 0x84, 0x08, 0x84, 0x08, 0x84, 0x08,
  0xa5, 0x10, 0x84, 0x08, 0x84, 0x08, 0x84, 0x08, 0x84, 0x08, 0x84, 0x08, 0x84, 0x08, 0x84, 0x08, 0x84, 0x08, 0x84, 0x08, 0x84, 0x08, 0x84, 0x08, 0x84, 0x08, 0x84, 0x08, 0x84, 0x08, 0x84, 0x08,
  0x84, 0x08, 0x84, 0x08, 0x84, 0x08, 0x84, 0x08, 0x84, 0x08, 0x84, 0x08, 0x84, 0x08, 0x84, 0x08, 0x84, 0x08, 0x84, 0x08, 0x84, 0x08, 0x84, 0x08, 0x84, 0x08, 0x84, 0x08, 0x84, 0x08, 0x84, 0x08,
  0xa5, 0x10, 0x84, 0x08, 0x84, 0x08, 0x84, 0x08, 0x84, 0x08, 0x84, 0x08, 0x84, 0x08, 0x84, 0x08, 0x84, 0x08, 0x84, 0x08, 0x84, 0x08, 0x84, 0x08, 0x84, 0x08, 0x84, 0x08, 0x84, 0x08, 0x84, 0x08,
  0x84, 0x08, 0x84, 0x08, 0x84, 0x08, 0x84, 0x08, 0x84, 0x08, 0x84, 0x08, 0x84, 0x08, 0x84, 0x08, 0x84, 0x08, 0x84, 0x08, 0x84, 0x08, 0x84, 0x08, 0x84, 0x08, 0x84, 0x08, 0x84, 0x08, 0x84, 0x08,
  0xa5, 0x10, 0x84, 0x08, 0x84, 0x08, 0x84, 0x08, 0x84, 0x08, 0x84, 0x08, 0x84, 0x08, 0x84, 0x08, 0x84, 0x08, 0x84, 0x08, 0x84, 0x08, 0x84, 0x08, 0x84, 0x08, 0x84, 0x08, 0x84, 0x08, 0x84, 0x08,
  0x84, 0x08, 0x84, 0x08, 0x84, 0x08, 0x84, 0x08, 0x84, 0x08, 0x84, 0x08, 0x84, 0x08, 0x84, 0x08, 0x84, 0x08, 0x84, 0x08, 0x84, 0x08, 0x84, 0x08, 0x84, 0x08, 0x84, 0x08, 0x84, 0x08, 0x84, 0x08,
  0xa5, 0x10, 0x84, 0x08, 0x84, 0x08, 0x84, 0x08, 0x84, 0x08, 0x84, 0x08, 0x84, 0x08, 0x84, 0x08, 0x84, 0x08, 0x84, 0x08, 0x84, 0x08, 0x84, 0x08, 0x84, 0x08, 0x84, 0x08, 0x84, 0x08, 0x84, 0x08,
  0x84, 0x08, 0x84, 0x08, 0x84, 0x08, 0x84, 0x08, 0x84, 0x08, 0x84, 0x08, 0x84, 0x08, 0x84, 0x08, 0x84, 0x08, 0x84, 0x08, 0x84, 0x08, 0x84, 0x08, 0x84, 0x08, 0x84, 0x08, 0x84, 0x08, 0x84, 0x08,
  0xa5, 0x10, 0x84, 0x08, 0x84, 0x08, 0x84, 0x08, 0x84, 0x08, 0x84, 0x08, 0x84, 0x08, 0x84, 0x08, 0x84, 0x08, 0x84, 0x08, 0x84, 0x08, 0x84, 0x08, 0x84, 0x08, 0x84, 0x08, 0x84, 0x08, 0x84, 0x08,
  0x84, 0x08, 0x48, 0x19, 0x84, 0x08, 0x84, 0x08, 0x84, 0x08, 0x48, 0x19, 0x84, 0x08, 0x84, 0x08, 0x84, 0x08, 0x84, 0x08, 0x84, 0x08, 0x84, 0x08, 0x84, 0x08, 0x84, 0x08, 0x84, 0x08, 0x84, 0x08,
  0xa5, 0x10, 0x84, 0x08, 0x84, 0x08, 0x84, 0x08, 0x84, 0x08, 0x84, 0x08, 0x84, 0x08, 0x84, 0x08, 0x84, 0x08, 0x84, 0x08, 0x84, 0x08, 0x84, 0x08, 0x84, 0x08, 0x84, 0x08, 0x84, 0x08, 0x84, 0x08,
  0x84, 0x08, 0x84, 0x08, 0x84, 0x08, 0x84, 0x08, 0x84, 0x08, 0x84, 0x08, 0x84, 0x08, 0x27, 0x19, 0x84, 0x08, 0x84, 0x08, 0x84, 0x08, 0x84, 0x08, 0x84, 0x08, 0x84, 0x08, 0x84, 0x08, 0x84, 0x08,
  0xa5, 0x10, 0x84, 0x08, 0x84, 0x08, 0x84, 0x08, 0x84, 0x08, 0x84, 0x08, 0x84, 0x08, 0x84, 0x08, 0x84, 0x08, 0x84, 0x08, 0x84, 0x08, 0x84, 0x08, 0x84, 0x08, 0x84, 0x08, 0x84, 0x08, 0x84, 0x08,
  0x84, 0x08, 0x84, 0x08, 0x84, 0x08, 0x84, 0x08, 0x84, 0x08, 0x84, 0x08, 0x84, 0x08, 0x84, 0x08, 0x84, 0x08, 0x84, 0x08, 0x84, 0x08, 0x84, 0x08, 0x84, 0x08, 0x84, 0x08, 0x84, 0x08, 0x84, 0x08,
  0xa4, 0x10, 0x84, 0x08, 0x84, 0x08, 0x84, 0x08, 0x84, 0x08, 0x84, 0x08, 0x84, 0x08, 0x84, 0x08, 0x84, 0x08, 0x84, 0x08, 0x84, 0x08, 0x84, 0x08, 0x84, 0x08, 0x84, 0x08, 0x84, 0x08, 0x84, 0x08,
  0x84, 0x08, 0x84, 0x08, 0x84, 0x08, 0x84, 0x08, 0x84, 0x08, 0x84, 0x08, 0x84, 0x08, 0x84, 0x08, 0x84, 0x08, 0x84, 0x08, 0x84, 0x08, 0x84, 0x08, 0x84, 0x08, 0x84, 0x08, 0x84, 0x08, 0x84, 0x08,
  0xa4, 0x10, 0x84, 0x08, 0x84, 0x08, 0x84, 0x08, 0x84, 0x08, 0x84, 0x08, 0x84, 0x08, 0x84, 0x08, 0x84, 0x08, 0x84, 0x08, 0x84, 0x08, 0x27, 0x19, 0x84, 0x08, 0x84, 0x08, 0x84, 0x08, 0x84, 0x08,
  0x84, 0x08, 0x84, 0x08, 0x84, 0x08, 0x84, 0x08, 0x84, 0x08, 0x84, 0x08, 0x84, 0x08, 0x84, 0x08, 0x84, 0x08, 0x84, 0x08, 0x84, 0x08, 0x84, 0x08, 0x84, 0x08, 0x84, 0x08, 0x84, 0x08, 0x84, 0x08,
  0xa4, 0x10, 0x84, 0x08, 0x84, 0x08, 0x84, 0x08, 0x84, 0x08, 0x84, 0x08, 0x84, 0x08, 0x84, 0x08, 0x84, 0x08, 0x84, 0x08, 0x84, 0x08, 0x48, 0x19, 0x84, 0x08, 0x84, 0x08, 0x84, 0x08, 0x84, 0x08,
  0x84, 0x08, 0x84, 0x08, 0x84, 0x08, 0x84, 0x08, 0x84, 0x08, 0x84, 0x08, 0x84, 0x08, 0x84, 0x08, 0x84, 0x08, 0x84, 0x08, 0x84, 0x08, 0x84, 0x08, 0x84, 0x08, 0x84, 0x08, 0x84, 0x08, 0x84, 0x08,
  0xa4, 0x10, 0x84, 0x08, 0x84, 0x08, 0x84, 0x08, 0x84, 0x08, 0x84, 0x08, 0x84, 0x08, 0x84, 0x08, 0x84, 0x08, 0x84, 0x08, 0x84, 0x08, 0x84, 0x08, 0x84, 0x08, 0x84, 0x08, 0x84, 0x08, 0x84, 0x08,
  0x84, 0x08, 0x84, 0x08, 0x84, 0x08, 0x84, 0x08, 0x84, 0x08, 0x84, 0x08, 0x84, 0x08, 0x84, 0x08, 0x84, 0x08, 0x84, 0x08, 0x84, 0x08, 0x84, 0x08, 0x84, 0x08, 0x84, 0x08, 0x84, 0x08, 0x84, 0x08,
  0xa4, 0x10, 0x84, 0x08, 0x84, 0x08, 0x84, 0x08, 0x84, 0x08, 0x84, 0x08, 0x84, 0x08, 0x84, 0x08, 0x84, 0x08, 0x84, 0x08, 0x84, 0x08, 0x84, 0x08, 0x84, 0x08, 0x84, 0x08, 0x84, 0x08, 0x84, 0x08,
  0x84, 0x08, 0x84, 0x08, 0x84, 0x08, 0x84, 0x08, 0x84, 0x08, 0x84, 0x08, 0x84, 0x08, 0x84, 0x08, 0x84, 0x08, 0x84, 0x08, 0x84, 0x08, 0x84, 0x08, 0x84, 0x08, 0x84, 0x08, 0x84, 0x08, 0x84, 0x08,
  0xa4, 0x10, 0x84, 0x08, 0x84, 0x08, 0x84, 0x08, 0x84, 0x08, 0x84, 0x08, 0x84, 0x08, 0x84, 0x08, 0x84, 0x08, 0x84, 0x08, 0x84, 0x08, 0x84, 0x08, 0x84, 0x08, 0x84, 0x08, 0x84, 0x08, 0x84, 0x08,
  0x84, 0x08, 0x84, 0x08, 0x84, 0x08, 0x84, 0x08, 0x84, 0x08, 0x84, 0x08, 0x84, 0x08, 0x84, 0x08, 0x84, 0x08, 0x84, 0x08, 0x84, 0x08, 0x84, 0x08, 0x84, 0x08, 0x84, 0x08, 0x84, 0x08, 0x84, 0x08,
  0xa4, 0x10, 0x84, 0x08, 0x84, 0x08, 0x84, 0x08, 0x84, 0x08, 0x84, 0x08, 0x84, 0x08, 0x84, 0x08, 0x84, 0x08, 0x84, 0x08, 0x84, 0x08, 0x84, 0x08, 0x84, 0x08, 0x84, 0x08, 0x84, 0x08, 0x84, 0x08,
  0x84, 0x08, 0x84, 0x08, 0x84, 0x08, 0x84, 0x08, 0x84, 0x08, 0x84, 0x08, 0x84, 0x08, 0x84, 0x08, 0x84, 0x08, 0x84, 0x08, 0x84, 0x08, 0x84, 0x08, 0x84, 0x08, 0x84, 0x08, 0x84, 0x08, 0x84, 0x08,
  0xa4, 0x10, 0x84, 0x08, 0x84, 0x08, 0x84, 0x08, 0x84, 0x08, 0x84, 0x08, 0x84, 0x08, 0x84, 0x08, 0x84, 0x08, 0x84, 0x08, 0x84, 0x08, 0x84, 0x08, 0x84, 0x08, 0x84, 0x08, 0x84, 0x08, 0x84, 0x08,
  0x84, 0x08, 0x47, 0x19, 0x84, 0x08, 0x47, 0x19, 0x84, 0x08, 0x47, 0x19, 0x84, 0x08, 0x84, 0x08, 0x84, 0x08, 0x84, 0x08, 0x84, 0x08, 0x84, 0x08, 0x84, 0x08, 0x84, 0x08, 0x84, 0x08, 0x84, 0x08,
  0xa4, 0x10, 0x84, 0x08, 0x84, 0x08, 0x84, 0x08, 0x84, 0x08, 0x84, 0x08, 0x84, 0x08, 0x84, 0x08, 0x84, 0x08, 0x84, 0x08, 0x84, 0x08, 0x84, 0x08, 0x84, 0x08, 0x84, 0x08, 0x84, 0x08, 0x84, 0x08,
  0x84, 0x08, 0x84, 0x08, 0x84, 0x08, 0x84, 0x08, 0x84, 0x08, 0x84, 0x08, 0x84, 0x08, 0x27, 0x19, 0x84, 0x08, 0x84, 0x08, 0x84, 0x08, 0x84, 0x08, 0x84, 0x08, 0x84, 0x08, 0x84, 0x08, 0x47, 0x19,
  0x68, 0x21, 0x47, 0x19, 0x84, 0x08, 0x84, 0x08, 0x84, 0x08, 0x84, 0x08, 0x84, 0x08, 0x84, 0x08, 0x84, 0x08, 0x84, 0x08, 0x84, 0x08, 0x84, 0x08, 0x84, 0x08, 0x84, 0x08, 0x84, 0x08, 0x84, 0x08,
  0x84, 0x08, 0x84, 0x08, 0x84, 0x08, 0x84, 0x08, 0x84, 0x08, 0x84, 0x08, 0x84, 0x08, 0x84, 0x08, 0x84, 0x08, 0x84, 0x08, 0x84, 0x08, 0x84, 0x08, 0x84, 0x08, 0x84, 0x08, 0x84, 0x08, 0x84, 0x08,
  0xa4, 0x10, 0x84, 0x08, 0x84, 0x08, 0x84, 0x08, 0x84, 0x08, 0x84, 0x08, 0x84, 0x08, 0x84, 0x08, 0x84, 0x08, 0x84, 0x08, 0x84, 0x08, 0x84, 0x08, 0x84, 0x08, 0x84, 0x08, 0x84, 0x08, 0x84, 0x08,
  0x84, 0x08, 0x84, 0x08, 0x84, 0x08, 0x84, 0x08, 0x84, 0x08, 0x84, 0x08, 0x84, 0x08, 0x84, 0x08, 0x84, 0x08, 0x84, 0x08, 0x84, 0x08, 0x84, 0x08, 0x84, 0x08, 0x84, 0x08, 0x84, 0x08, 0x84, 0x08,
  0xa4, 0x10, 0x84, 0x08, 0x84, 0x08, 0x84, 0x08, 0x84, 0x08, 0x84, 0x08, 0x84, 0x08, 0x84, 0x08, 0x84, 0x08, 0x84, 0x08, 0x84, 0x08, 0x27, 0x19, 0x84, 0x08, 0x84, 0x08, 0x84, 0x08, 0x84, 0x08,
  0x84, 0x08, 0x84, 0x08, 0x84, 0x08, 0x84, 0x08, 0x84, 0x08, 0x84, 0x08, 0x84, 0x08, 0x84, 0x08, 0x84, 0x08, 0x84, 0x08, 0x84, 0x08, 0x84, 0x08, 0x84, 0x08, 0x84, 0x08, 0x84, 0x08, 0x84, 0x08,
  0xa4, 0x10, 0x84, 0x08, 0x84, 0x08, 0x84, 0x08, 0x84, 0x08, 0x84, 0x08, 0x84, 0x08, 0x84, 0x08, 0x84, 0x08, 0x84, 0x08, 0x84, 0x08, 0x48, 0x19, 0x84, 0x08, 0x84, 0x08, 0x84, 0x08, 0x84, 0x08,
  0x84, 0x08, 0x84, 0x08, 0x84, 0x08, 0x84, 0x08, 0x84, 0x08, 0x84, 0x08, 0x84, 0x08, 0x84, 0x08, 0x84, 0x08, 0x84, 0x08, 0x84, 0x08, 0x84, 0x08, 0x84, 0x08, 0x84, 0x08, 0x84, 0x08, 0x84, 0x08,
  0xa4, 0x10, 0x84, 0x08, 0x84, 0x08, 0x84, 0x08, 0x84, 0x08, 0x84, 0x08, 0x84, 0x08, 0x84, 0x08, 0x84, 0x08, 0x84, 0x08, 0x84, 0x08, 0x84, 0x08, 0x84, 0x08, 0x84, 0x08, 0x84, 0x08, 0x84, 0x08,
  0x84, 0x08, 0x84, 0x08, 0x84, 0x08, 0x84, 0x08, 0x84, 0x08, 0x84, 0x08, 0x84, 0x08, 0x84, 0x08, 0x84, 0x08, 0x84, 0x08, 0x84, 0x08, 0x84, 0x08, 0x84, 0x08, 0x84, 0x08, 0x84, 0x08, 0x84, 0x08,
  0xa4, 0x10, 0x84, 0x08, 0x84, 0x08, 0x84, 0x08, 0x84, 0x08, 0x84, 0x08, 0x84, 0x08, 0x84, 0x08, 0x84, 0x08, 0x84, 0x08, 0x84, 0x08, 0x84, 0x08, 0x84, 0x08, 0x84, 0x08, 0x84, 0x08, 0x84, 0x08,
  0x84, 0x08, 0x84, 0x08, 0x84, 0x08, 0x84, 0x08, 0x84, 0x08, 0x84, 0x08, 0x84, 0x08, 0x84, 0x08, 0x84, 0x08, 0x84, 0x08, 0x84, 0x08, 0x84, 0x08, 0x84, 0x08, 0x84, 0x08, 0x84, 0x08, 0x84, 0x08,
  0xa4, 0x10, 0x84, 0x08, 0x84, 0x08, 0x84, 0x08, 0x84, 0x08, 0x84, 0x08, 0x84, 0x08, 0x84, 0x08, 0x84, 0x08, 0x84, 0x08, 0x84, 0x08, 0x84, 0x08, 0x84, 0x08, 0x84, 0x08, 0x84, 0x08, 0x84, 0x08,
  0x84, 0x08, 0x84, 0x08, 0x84, 0x08, 0x84, 0x08, 0x84, 0x08, 0x84, 0x08, 0x84, 0x08, 0x84, 0x08, 0x84, 0x08, 0x84, 0x08, 0x84, 0x08, 0x84, 0x08, 0x84, 0x08, 0x84, 0x08, 0x84, 0x08, 0x84, 0x08,
  0xa4, 0x10, 0x84, 0x08, 0x84, 0x08, 0x84, 0x08, 0x84, 0x08, 0x84, 0x08, 0x84, 0x08, 0x84, 0x08, 0x84, 0x08, 0x84, 0x08, 0x84, 0x08, 0x84, 0x08, 0x84, 0x08, 0x84, 0x08, 0x84, 0x08, 0x84, 0x08,
  0x84, 0x08, 0x84, 0x08, 0x84, 0x08, 0x84, 0x08, 0x84, 0x08, 0x84, 0x08, 0x84, 0x08, 0x84, 0x08, 0x84, 0x08, 0x84, 0x08, 0x84, 0x08, 0x84, 0x08, 0x84, 0x08, 0x84, 0x08, 0x84, 0x08, 0x84, 0x08,
  0xa4, 0x10, 0x84, 0x08, 0x84, 0x08, 0x84, 0x08, 0x84, 0x08, 0x84, 0x08, 0x84, 0x08, 0x84, 0x08, 0x84, 0x08, 0x84, 0x08, 0x84, 0x08, 0x84, 0x08, 0x84, 0x08, 0x84, 0x08, 0x84, 0x08, 0x84, 0x08,
  0x84, 0x08, 0x47, 0x19, 0xa4, 0x10, 0x47, 0x19, 0x84, 0x10, 0x47, 0x21, 0xa4, 0x10, 0x84, 0x08, 0x84, 0x08, 0x84, 0x08, 0xa4, 0x10, 0xa4, 0x10, 0x84, 0x10, 0x84, 0x10, 0x84, 0x10, 0x84, 0x10,
  0xc5, 0x10, 0x84, 0x08, 0xa4, 0x10, 0xa4, 0x10, 0x84, 0x10, 0x84, 0x10, 0xa4, 0x10, 0xa4, 0x10, 0x84, 0x08, 0x84, 0x08, 0x84, 0x08, 0xa4, 0x10, 0xa4, 0x10, 0xa4, 0x10, 0xa4, 0x10, 0xa4, 0x10,
  0xa4, 0x10, 0x84, 0x08, 0x84, 0x08, 0x84, 0x08, 0xa4, 0x10, 0xa4, 0x10, 0xa4, 0x10, 0x47, 0x19, 0x84, 0x10, 0x84, 0x10, 0xa4, 0x10, 0x84, 0x08, 0xa4, 0x18, 0xc4, 0x10, 0x47, 0x19, 0x47, 0x19,
  0x68, 0x21, 0x47, 0x19, 0x47, 0x19, 0xa4, 0x10, 0x84, 0x08, 0x84, 0x08, 0xa4, 0x10, 0xa4, 0x10, 0xa4, 0x10, 0xa4, 0x10, 0xa4, 0x10, 0x84, 0x10, 0xa4, 0x10, 0xa4, 0x10, 0xa4, 0x10, 0x84, 0x08,
  0x84, 0x08, 0x84, 0x08, 0x84, 0x08, 0x84, 0x08, 0xa4, 0x10, 0x84, 0x08, 0x84, 0x08, 0x84, 0x08, 0x84, 0x08, 0x84, 0x08, 0x84, 0x08, 0x84, 0x08, 0x84, 0x08, 0x84, 0x08, 0x84, 0x08, 0x84, 0x08,
  0xa4, 0x10, 0x84, 0x08, 0x84, 0x08, 0x84, 0x08, 0x84, 0x08, 0x84, 0x08, 0x84, 0x08, 0x84, 0x08, 0x84, 0x08, 0x84, 0x08, 0x84, 0x08, 0x84, 0x08, 0x84, 0x08, 0x84, 0x08, 0x84, 0x39, 0xa3, 0xfd,
  0xa3, 0xfd, 0xa3, 0xfd, 0xa3, 0xfd, 0xe4, 0xdc, 0x04, 0x52, 0x84, 0x08, 0xc4, 0x49, 0xa3, 0xfd, 0x44, 0x5a, 0x84, 0xc4, 0xa3, 0xfd, 0xa3, 0xfd, 0xa3, 0xfd, 0xa3, 0xfd, 0xa3, 0xfd, 0x24, 0x83,
  0xa4, 0x10, 0xc4, 0x18, 0xa4, 0x9b, 0x43, 0xed, 0x63, 0xf5, 0x84, 0xc4, 0xc4, 0x49, 0x84, 0x08, 0x84, 0x08, 0xc4, 0x18, 0x84, 0x9b, 0x44, 0xed, 0x83, 0xf5, 0xc4, 0xd4, 0x64, 0x62, 0x84, 0x08,
  0x84, 0x08, 0xc4, 0x49, 0xa3, 0xfd, 0x44, 0x5a, 0x84, 0x39, 0xa3, 0xfd, 0x24, 0xb4, 0x84, 0x08, 0x84, 0x08, 0xa4, 0x6a, 0xa3, 0xfd, 0xc4, 0x18, 0x84, 0x08, 0x84, 0x08, 0x84, 0x08, 0x84, 0x08,
  0xa4, 0x10, 0x84, 0x08, 0x84, 0x08, 0x84, 0x08, 0x84, 0x08, 0x84, 0x08, 0x84, 0x08, 0x84, 0x08, 0x84, 0x08, 0x84, 0x08, 0x84, 0x08, 0x48, 0x19, 0x84, 0x08, 0x84, 0x08, 0x84, 0x08, 0x84, 0x08,
  0x84, 0x08, 0x84, 0x08, 0x84, 0x08, 0x84, 0x08, 0x84, 0x08, 0x84, 0x08, 0x84, 0x08, 0x84, 0x08, 0x84, 0x08, 0x84, 0x08, 0x84, 0x08, 0x84, 0x08, 0x84, 0x08, 0x84, 0x08, 0x84, 0x08, 0x84, 0x08,
  0xa4, 0x10, 0x84, 0x08, 0x84, 0x08, 0x84, 0x08, 0x84, 0x08, 0x84, 0x08, 0x84, 0x08, 0x84, 0x08, 0x84, 0x08, 0x84, 0x08, 0x84, 0x08, 0x84, 0x08, 0x84, 0x08, 0x84, 0x08, 0x84, 0x08, 0x84, 0x08,
  0x84, 0x08, 0x84, 0x08, 0x84, 0x08, 0x84, 0x08, 0x84, 0x08, 0x84, 0x08, 0x84, 0x08, 0x84, 0x08, 0x84, 0x08, 0x84, 0x08, 0x84, 0x08, 0x84, 0x08, 0x84, 0x08, 0x84, 0x08, 0x84, 0x08, 0x84, 0x08,
  0xa4, 0x10, 0x84, 0x08, 0x84, 0x08, 0x84, 0x08, 0x84, 0x08, 0x84, 0x08, 0x84, 0x08, 0x84, 0x08, 0x84, 0x08, 0x84, 0x08, 0x84, 0x08, 0x84, 0x08, 0x84, 0x08, 0x84, 0x08, 0x84, 0x08, 0x84, 0x08,
  0x84, 0x08, 0x84, 0x08, 0x84, 0x08, 0x84, 0x08, 0x84, 0x08, 0x84, 0x08, 0x84, 0x08, 0x84, 0x08, 0x84, 0x08, 0x84, 0x08, 0x84, 0x08, 0x84, 0x08, 0x84, 0x08, 0x84, 0x08, 0x84, 0x08, 0x84, 0x08,
  0xa4, 0x10, 0x84, 0x08, 0x84, 0x08, 0x84, 0x08, 0x84, 0x08, 0x84, 0x08, 0x84, 0x08, 0x84, 0x08, 0x84, 0x08, 0x84, 0x08, 0x84, 0x08, 0x84, 0x08, 0x84, 0x08, 0x84, 0x08, 0x84, 0x08, 0x84, 0x08,
  0x84, 0x08, 0x84, 0x08, 0x84, 0x08, 0x84, 0x08, 0x84, 0x08, 0x84, 0x08, 0x84, 0x08, 0x84, 0x08, 0x84, 0x08, 0x84, 0x08, 0x84, 0x08, 0x84, 0x08, 0x84, 0x08, 0x84, 0x08, 0x84, 0x08, 0x84, 0x08,
  0xa4, 0x10, 0x84, 0x08, 0x84, 0x08, 0x84, 0x08, 0x84, 0x08, 0x84, 0x08, 0x84, 0x08, 0x84, 0x08, 0x84, 0x08, 0x84, 0x08, 0x84, 0x08, 0x84, 0x08, 0x84, 0x08, 0x84, 0x08, 0x84, 0x08, 0x84, 0x08,
  0x84, 0x08, 0x84, 0x08, 0x84, 0x08, 0x84, 0x08, 0x84, 0x08, 0x84, 0x08, 0x84, 0x08, 0x84, 0x08, 0x84, 0x08, 0x84, 0x08, 0x84, 0x08, 0x84, 0x08, 0x84, 0x08, 0x84, 0x08, 0x84, 0x08, 0x84, 0x08,
  0xa4, 0x10, 0x84, 0x08, 0x84, 0x08, 0x84, 0x08, 0x84, 0x08, 0x84, 0x08, 0x84, 0x08, 0x84, 0x08, 0x84, 0x08, 0x84, 0x08, 0x84, 0x08, 0x84, 0x08, 0x84, 0x08, 0x84, 0x08, 0x84, 0x08, 0x84, 0x08,
  0x44, 0x29, 0x05, 0xa4, 0x44, 0xe5, 0x24, 0xdd, 0x24, 0xe5, 0x04, 0xdd, 0xe5, 0xd4, 0x85, 0x62, 0x84, 0x08, 0xe5, 0x72, 0x25, 0xdd, 0x04, 0xdd, 0x04, 0xe5, 0x24, 0xdd, 0x04, 0xdd, 0x65, 0xed,
  0xc5, 0x6a, 0x04, 0x7b, 0x24, 0xdd, 0x04, 0xdd, 0x24, 0xe5, 0x24, 0xe5, 0xe4, 0xdc, 0xe5, 0xd4, 0xa5, 0x6a, 0x84, 0x08, 0xe5, 0x7a, 0x24, 0xdd, 0xe4, 0xdc, 0x24, 0xdd, 0x24, 0xe5, 0x04, 0xdd,
  0x04, 0xdd, 0x05, 0x7b, 0x84, 0x08, 0x05, 0x7b, 0x25, 0xdd, 0xe4, 0xdc, 0x24, 0xdd, 0x24, 0xdd, 0x04, 0xdd, 0x65, 0xed, 0x85, 0x62, 0xe4, 0x7a, 0x65, 0xdd, 0xc7, 0x6a, 0x47, 0x19, 0x47, 0x19,
  0x68, 0x21, 0x47, 0x19, 0x26, 0xac, 0x05, 0xd5, 0x25, 0x83, 0x04, 0xdd, 0x24, 0xe5, 0xe4, 0xd4, 0xc4, 0xd4, 0xe4, 0xdc, 0x24, 0xe5, 0x24, 0xdd, 0xc4, 0xd4, 0xc4, 0xd4, 0xa5, 0xc4, 0xe4, 0x18,
  0x84, 0x08, 0x84, 0x10, 0x84, 0x08, 0xa5, 0x9b, 0x05, 0xd5, 0x25, 0x29, 0x84, 0x08, 0x84, 0x08, 0x84, 0x08, 0x84, 0x08, 0x84, 0x08, 0x84, 0x08, 0x84, 0x08, 0x84, 0x08, 0x84, 0x08, 0x84, 0x08,
  0xa4, 0x10, 0x84, 0x08, 0x84, 0x08, 0x84, 0x08, 0x84, 0x08, 0x84, 0x08, 0x84, 0x08, 0x84, 0x08, 0x84, 0x08, 0x84, 0x08, 0x84, 0x08, 0x84, 0x08, 0x84, 0x08, 0x84, 0x08, 0x84, 0x39, 0xa3, 0xfd,
  0x84, 0x6a, 0x84, 0x08, 0xc4, 0x18, 0x64, 0xbc, 0x43, 0xe5, 0x84, 0x08, 0xc4, 0x49, 0xa3, 0xfd, 0x44, 0x5a, 0x84, 0x08, 0x84, 0x08, 0xa4, 0x72, 0xa3, 0xfd, 0x44, 0x31, 0x84, 0x08, 0x84, 0x08,
  0xa4, 0x10, 0x84, 0xc4, 0xe4, 0xdc, 0x64, 0x31, 0xc4, 0x18, 0x84, 0x9b, 0x83, 0xf5, 0x24, 0x29, 0x84, 0x08, 0x84, 0xc4, 0x03, 0xdd, 0x26, 0x4a, 0xc4, 0x18, 0xe4, 0x7a, 0xa3, 0xfd, 0x84, 0x6a,
  0x84, 0x08, 0xc4, 0x49, 0xa3, 0xfd, 0x44, 0x5a, 0x84, 0x39, 0xa3, 0xfd, 0xa3, 0xfd, 0x64, 0x62, 0x84, 0x08, 0xa4, 0x6a, 0xa3, 0xfd, 0xc4, 0x18, 0x84, 0x08, 0x84, 0x08, 0x84, 0x08, 0x84, 0x08,
  0xa4, 0x10, 0x84, 0x08, 0x84, 0x08, 0x84, 0x08, 0x84, 0x08, 0x84, 0x08, 0x84, 0x08, 0x84, 0x08, 0x84, 0x08, 0x84, 0x08, 0x84, 0x08, 0x48, 0x19, 0x84, 0x08, 0x84, 0x08, 0x84, 0x08, 0x84, 0x08,
  0x84, 0x08, 0x84, 0x08, 0x84, 0x08, 0x84, 0x08, 0x84, 0x08, 0x84, 0x08, 0x84, 0x08, 0x84, 0x08, 0x84, 0x08, 0x84, 0x08, 0x84, 0x08, 0x84, 0x08, 0x84, 0x08, 0x84, 0x08, 0x84, 0x08, 0x84, 0x08,
  0xa4, 0x10, 0x84, 0x08, 0x84, 0x08, 0x84, 0x08, 0x84, 0x08, 0x84, 0x08, 0x84, 0x08, 0x84, 0x08, 0x84, 0x08, 0x84, 0x08, 0x84, 0x08, 0x84, 0x08, 0x84, 0x08, 0x84, 0x08, 0x84, 0x08, 0x84, 0x08,
  0x84, 0x08, 0x84, 0x08, 0x84, 0x08, 0x84, 0x08, 0x84, 0x08, 0x84, 0x08, 0x84, 0x08, 0x84, 0x08, 0x84, 0x08, 0x84, 0x08, 0x84, 0x08, 0x84, 0x08, 0x84, 0x08, 0x84, 0x08, 0x84, 0x08, 0x84, 0x08,
  0xa4, 0x10, 0x84, 0x08, 0x84, 0x08, 0x84, 0x08, 0x84, 0x08, 0x84, 0x08, 0x84, 0x08, 0x84, 0x08, 0x84, 0x08, 0x84, 0x08, 0x84, 0x08, 0x84, 0x08, 0x84, 0x08, 0x84, 0x08, 0x84, 0x08, 0x84, 0x08,
  0x84, 0x08, 0x84, 0x08, 0x84, 0x08, 0x84, 0x08, 0x84, 0x08, 0x84, 0x08, 0x84, 0x08, 0x84, 0x08, 0x84, 0x08, 0x84, 0x08, 0x84, 0x08, 0x84, 0x08, 0x84, 0x08, 0x84, 0x08, 0x84, 0x08, 0x84, 0x08,
  0xa4, 0x10, 0x84, 0x08, 0x84, 0x08, 0x84, 0x08, 0x84, 0x08, 0x84, 0x08, 0x84, 0x08, 0x84, 0x08, 0x84, 0x08, 0x84, 0x08, 0x84, 0x08, 0x84, 0x08, 0x84, 0x08, 0x84, 0x08, 0x84, 0x08, 0x84, 0x08,
  0x84, 0x08, 0x84, 0x08, 0x84, 0x08, 0x84, 0x08, 0x84, 0x08, 0x84, 0x08, 0x84, 0x08, 0x84, 0x08, 0x84, 0x08, 0x84, 0x08, 0x84, 0x08, 0x84, 0x08, 0x84, 0x08, 0x84, 0x08, 0x84, 0x08, 0x84, 0x08,
  0xa4, 0x10, 0x84, 0x08, 0x84, 0x08, 0x84, 0x08, 0x84, 0x08, 0x84, 0x08, 0x84, 0x08, 0x84, 0x08, 0x84, 0x08, 0x84, 0x08, 0x84, 0x08, 0x84, 0x08, 0x84, 0x08, 0x84, 0x08, 0x84, 0x08, 0x84, 0x08,
  0x84, 0x08, 0x84, 0x08, 0x84, 0x08, 0x84, 0x08, 0x84, 0x08, 0x84, 0x08, 0x84, 0x08, 0x84, 0x08, 0x84, 0x08, 0x84, 0x08, 0x84, 0x08, 0x84, 0x08, 0x84, 0x08, 0x84, 0x08, 0x84, 0x08, 0x84, 0x08,
  0xa4, 0x10, 0x84, 0x08, 0x84, 0x08, 0x84, 0x08, 0x84, 0x08, 0x84, 0x08, 0x84, 0x08, 0x84, 0x08, 0x84, 0x08, 0x84, 0x08, 0x84, 0x08, 0x84, 0x08, 0x84, 0x08, 0x84, 0x08, 0x84, 0x08, 0x84, 0x08,
  0x64, 0xc4, 0x03, 0xfe, 0xe4, 0xab, 0xa6, 0x93, 0x44, 0x8b, 0x03, 0xbc, 0xe1, 0xfd, 0xa4, 0xcc, 0x64, 0x08, 0x84, 0xcc, 0xc2, 0xfd, 0x44, 0xbc, 0xe4, 0xab, 0x04, 0xac, 0xe4, 0xab, 0x04, 0xac,
  0xe5, 0x49, 0xa3, 0xd4, 0xc2, 0xfd, 0xe4, 0xab, 0x44, 0x8b, 0x44, 0x8b, 0x23, 0xbc, 0xe2, 0xfd, 0xa4, 0xcc, 0x84, 0x08, 0xa3, 0xcc, 0xc2, 0xfd, 0x44, 0xbc, 0xc4, 0xab, 0xe4, 0xab, 0x43, 0xc4,
  0xc1, 0xfd, 0x04, 0xdd, 0xc4, 0x10, 0x83, 0xcc, 0xc2, 0xfd, 0x44, 0xbc, 0xe4, 0xab, 0x24, 0xb4, 0xe4, 0xab, 0x24, 0xac, 0xc4, 0x41, 0xa3, 0xd4, 0xe2, 0xfd, 0xe5, 0x72, 0x47, 0x19, 0x67, 0x21,
  0x68, 0x21, 0x06, 0x42, 0xc3, 0xfd, 0xe3, 0xdc, 0xa5, 0x6a, 0x24, 0xb4, 0xc4, 0xa3, 0x02, 0xe5, 0xc2, 0xfd, 0xc3, 0xd4, 0xe4, 0xab, 0xe4, 0xa3, 0xc3, 0xd4, 0xe2, 0xfd, 0x83, 0xc4, 0x64, 0x08,
  0x84, 0x08, 0x84, 0x08, 0x84, 0x39, 0x83, 0xf5, 0x84, 0xf5, 0x24, 0x29, 0x84, 0x08, 0x84, 0x08, 0x84, 0x08, 0x84, 0x08, 0x84, 0x08, 0x84, 0x08, 0x84, 0x08, 0x84, 0x08, 0x84, 0x08, 0x84, 0x08,
  0xa4, 0x10, 0x84, 0x08, 0x84, 0x08, 0x84, 0x08, 0x84, 0x08, 0x84, 0x08, 0x84, 0x08, 0x84, 0x08, 0x84, 0x08, 0x84, 0x08, 0x84, 0x08, 0x84, 0x08, 0x84, 0x08, 0x84, 0x08, 0x84, 0x39, 0xa3, 0xfd,
  0x84, 0x6a, 0x84, 0x08, 0xc4, 0x18, 0x64, 0xc4, 0xc4, 0xd4, 0x84, 0x08, 0xc4, 0x49, 0xa3, 0xfd, 0x44, 0x5a, 0x84, 0x08, 0x84, 0x08, 0xa4, 0x72, 0xa3, 0xfd, 0x44, 0x31, 0x84, 0x08, 0x84, 0x08,
  0xe4, 0x49, 0xa3, 0xfd, 0x64, 0x62, 0x84, 0x08, 0x84, 0x08, 0x84, 0x08, 0x84, 0x08, 0x84, 0x08, 0x04, 0x52, 0xa3, 0xfd, 0x64, 0x62, 0x27, 0x19, 0x84, 0x08, 0x84, 0x08, 0x84, 0xc4, 0x03, 0xdd,
  0x84, 0x08, 0xc4, 0x49, 0xa3, 0xfd, 0x44, 0x5a, 0x84, 0x39, 0xa3, 0xfd, 0xa3, 0xfd, 0x43, 0xed, 0x04, 0x21, 0xa4, 0x6a, 0xa3, 0xfd, 0xc4, 0x18, 0x84, 0x08, 0x84, 0x08, 0x84, 0x08, 0x84, 0x08,
  0xa4, 0x10, 0x84, 0x08, 0x84, 0x08, 0x84, 0x08, 0x84, 0x08, 0x84, 0x08, 0x84, 0x08, 0x84, 0x08, 0x84, 0x08, 0x84, 0x08, 0x84, 0x08, 0x48, 0x19, 0x84, 0x08, 0x84, 0x08, 0x84, 0x08, 0x84, 0x08,
  0x84, 0x08, 0x84, 0x08, 0x84, 0x08, 0x84, 0x08, 0x84, 0x08, 0x84, 0x08, 0x84, 0x08, 0x84, 0x08, 0x84, 0x08, 0x84, 0x08, 0x84, 0x08, 0x84, 0x08, 0x84, 0x08, 0x84, 0x08, 0x84, 0x08, 0x84, 0x08,
  0xa4, 0x10, 0x84, 0x08, 0x84, 0x08, 0x84, 0x08, 0x84, 0x08, 0x84, 0x08, 0x84, 0x08, 0x84, 0x08, 0x84, 0x08, 0x84, 0x08, 0x84, 0x08, 0x84, 0x08, 0x84, 0x08, 0x84, 0x08, 0x84, 0x08, 0x84, 0x08,
  0x84, 0x08, 0x84, 0x08, 0x84, 0x08, 0x84, 0x08, 0x84, 0x08, 0x84, 0x08, 0x84, 0x08, 0x84, 0x08, 0x84, 0x08, 0x84, 0x08, 0x84, 0x08, 0x84, 0x08, 0x84, 0x08, 0x84, 0x08, 0x84, 0x08, 0x84, 0x08,
  0xa4, 0x10, 0x84, 0x08, 0x84, 0x08, 0x84, 0x08, 0x84, 0x08, 0x84, 0x08, 0x84, 0x08, 0x84, 0x08, 0x84, 0x08, 0x84, 0x08, 0x84, 0x08, 0x84, 0x08, 0x84, 0x08, 0x84, 0x08, 0x84, 0x08, 0x84, 0x08,
  0x84, 0x08, 0x84, 0x08, 0x84, 0x08, 0x84, 0x08, 0x84, 0x08, 0x84, 0x08, 0x84, 0x08, 0x84, 0x08, 0x84, 0x08, 0x84, 0x08, 0x84, 0x08, 0x84, 0x08, 0x84, 0x08, 0x84, 0x08, 0x84, 0x08, 0x84, 0x08,
  0xa4, 0x10, 0x84, 0x08, 0x84, 0x08, 0x84, 0x08, 0x84, 0x08, 0x84, 0x08, 0x84, 0x08, 0x84, 0x08, 0x84, 0x08, 0x84, 0x08, 0x84, 0x08, 0x84, 0x08, 0x84, 0x08, 0x84, 0x08, 0x84, 0x08, 0x84, 0x08,
  0x84, 0x08, 0x84, 0x08, 0x84, 0x08, 0x84, 0x08, 0x84, 0x08, 0x84, 0x08, 0x84, 0x08, 0x84, 0x08, 0x84, 0x08, 0x84, 0x08, 0x84, 0x08, 0x84, 0x08, 0x84, 0x08, 0x84, 0x08, 0x84, 0x08, 0x84, 0x08,
  0xa4, 0x10, 0x84, 0x08, 0x84, 0x08, 0x84, 0x08, 0x84, 0x08, 0x84, 0x08, 0x84, 0x08, 0x84, 0x08, 0x84, 0x08, 0x84, 0x08, 0x84, 0x08, 0x84, 0x08, 0x84, 0x08, 0x84, 0x08, 0x84, 0x08, 0x84, 0x08,
  0x84, 0x08, 0x84, 0x08, 0x84, 0x08, 0x84, 0x08, 0x84, 0x08, 0x84, 0x08, 0x84, 0x08, 0x84, 0x08, 0x84, 0x08, 0x84, 0x08, 0x84, 0x08, 0x84, 0x08, 0x84, 0x08, 0x84, 0x08, 0x84, 0x08, 0x84, 0x08,
  0xa4, 0x10, 0x84, 0x08, 0x84, 0x08, 0x84, 0x08, 0x84, 0x08, 0x84, 0x08, 0x84, 0x08, 0x84, 0x08, 0x84, 0x08, 0x84, 0x08, 0x84, 0x08, 0x84, 0x08, 0x84, 0x08, 0x84, 0x08, 0x84, 0x08, 0x44, 0x31,
  0x83, 0xf5, 0xa3, 0xd4, 0x64, 0x08, 0x47, 0x19, 0x84, 0x08, 0xa5, 0x6a, 0xa4, 0xed, 0xa5, 0x6a, 0x04, 0x29, 0x82, 0xf5, 0xc3, 0xd4, 0x64, 0x08, 0x84, 0x08, 0x84, 0x08, 0x84, 0x08, 0x84, 0x08,
  0xc5, 0x41, 0x82, 0xfd, 0xc3, 0xdc, 0x84, 0x08, 0x84, 0x08, 0x84, 0x08, 0x03, 0x8b, 0xe2, 0xfd, 0xc4, 0x72, 0x04, 0x29, 0x82, 0xfd, 0xc3, 0xdc, 0xa4, 0x10, 0x84, 0x08, 0x84, 0x08, 0x84, 0x6a,
  0xe2, 0xfd, 0x44, 0x93, 0x24, 0x29, 0x62, 0xf5, 0xc3, 0xd4, 0x64, 0x08, 0x84, 0x08, 0x27, 0x19, 0x84, 0x08, 0x84, 0x08, 0xa4, 0x41, 0x63, 0xf5, 0x40, 0xf5, 0x43, 0xed, 0x06, 0x4a, 0x47, 0x19,
  0x68, 0x21, 0x05, 0x7b, 0xe2, 0xfd, 0xc4, 0x9b, 0x84, 0x08, 0x84, 0x08, 0x64, 0x08, 0x63, 0xc4, 0xa2, 0xfd, 0xc4, 0x49, 0x84, 0x08, 0x84, 0x08, 0x64, 0x31, 0x23, 0xe5, 0x82, 0xf5, 0xa4, 0x72,
  0xa4, 0x10, 0x04, 0x83, 0xa4, 0xfd, 0xe4, 0xdc, 0xe5, 0x51, 0x84, 0x08, 0x84, 0x08, 0x84, 0x08, 0x84, 0x08, 0x84, 0x08, 0x84, 0x08, 0x84, 0x08, 0x84, 0x08, 0x84, 0x08, 0x84, 0x08, 0x84, 0x08,
  0xa4, 0x10, 0x84, 0x08, 0x84, 0x08, 0x84, 0x08, 0x84, 0x08, 0x84, 0x08, 0x84, 0x08, 0x84, 0x08, 0x84, 0x08, 0x84, 0x08, 0x84, 0x08, 0x84, 0x08, 0x84, 0x08, 0x84, 0x08, 0x84, 0x39, 0xa3, 0xfd,
  0xa3, 0xfd, 0xa3, 0xfd, 0xa3, 0xfd, 0xa3, 0xfd, 0x44, 0x5a, 0x84, 0x08, 0xc4, 0x49, 0xa3, 0xfd, 0x44, 0x5a, 0x84, 0x08, 0x84, 0x08, 0xa4, 0x72, 0xa3, 0xfd, 0x44, 0x31, 0x84, 0x08, 0x84, 0x08,
  0xe4, 0x7a, 0xa3, 0xfd, 0x84, 0x39, 0x84, 0x08, 0x84, 0x08, 0x84, 0x08, 0x84, 0x08, 0x84, 0x08, 0xe4, 0x7a, 0xa3, 0xfd, 0x64, 0x31, 0x27, 0x19, 0x84, 0x08, 0x84, 0x08, 0x84, 0x9b, 0xa3, 0xfd,
  0xc4, 0x18, 0xc4, 0x49, 0xa3, 0xfd, 0x44, 0x5a, 0x84, 0x39, 0xa3, 0xfd, 0xc4, 0xcc, 0xa3, 0xfd, 0x24, 0xb4, 0xa4, 0x6a, 0xa3, 0xfd, 0xc4, 0x18, 0x84, 0x08, 0x84, 0x08, 0x84, 0x08, 0x84, 0x08,
  0xa4, 0x10, 0x84, 0x08, 0x84, 0x08, 0x84, 0x08, 0x84, 0x08, 0x84, 0x08, 0x84, 0x08, 0x84, 0x08, 0x84, 0x08, 0x84, 0x08, 0x84, 0x08, 0x48, 0x19, 0x84, 0x08, 0x84, 0x08, 0x84, 0x08, 0x84, 0x08,
  0x84, 0x08, 0x84, 0x08, 0x84, 0x08, 0x84, 0x08, 0x84, 0x08, 0x84, 0x08, 0x84, 0x08, 0x84, 0x08, 0x84, 0x08, 0x84, 0x08, 0x84, 0x08, 0x84, 0x08, 0x84, 0x08, 0x84, 0x08, 0x84, 0x08, 0x84, 0x08,
  0xa4, 0x10, 0x84, 0x08, 0x84, 0x08, 0x84, 0x08, 0x84, 0x08, 0x84, 0x08, 0x84, 0x08, 0x84, 0x08, 0x84, 0x08, 0x84, 0x08, 0x84, 0x08, 0x84, 0x08, 0x84, 0x08, 0x84, 0x08, 0x84, 0x08, 0x84, 0x08,
  0x84, 0x08, 0x84, 0x08, 0x84, 0x08, 0x84, 0x08, 0x84, 0x08, 0x84, 0x08, 0x84, 0x08, 0x84, 0x08, 0x84, 0x08, 0x84, 0x08, 0x84, 0x08, 0x84, 0x08, 0x84, 0x08, 0x84, 0x08, 0x84, 0x08, 0x84, 0x08,
  0xa4, 0x10, 0x84, 0x08, 0x84, 0x08, 0x84, 0x08, 0x84, 0x08, 0x84, 0x08, 0x84, 0x08, 0x84, 0x08, 0x84, 0x08, 0x84, 0x08, 0x84, 0x08, 0x84, 0x08, 0x84, 0x08, 0x84, 0x08, 0x84, 0x08, 0x84, 0x08,
  0x84, 0x08, 0x84, 0x08, 0x84, 0x08, 0x84, 0x08, 0x84, 0x08, 0x84, 0x08, 0x84, 0x08, 0x84, 0x08, 0x84, 0x08, 0x84, 0x08, 0x84, 0x08, 0x84, 0x08, 0x84, 0x08, 0x84, 0x08, 0x84, 0x08, 0x84, 0x08,
  0xa4, 0x10, 0x84, 0x08, 0x84, 0x08, 0x84, 0x08, 0x84, 0x08, 0x84, 0x08, 0x84, 0x08, 0x84, 0x08, 0x84, 0x08, 0x84, 0x08, 0x84, 0x08, 0x84, 0x08, 0x84, 0x08, 0x84, 0x08, 0x84, 0x08, 0x84, 0x08,
  0x84, 0x08, 0x84, 0x08, 0x84, 0x08, 0x84, 0x08, 0x84, 0x08, 0x84, 0x08, 0x84, 0x08, 0x84, 0x08, 0x84, 0x08, 0x84, 0x08, 0x84, 0x08, 0x84, 0x08, 0x84, 0x08, 0x84, 0x08, 0x84, 0x08, 0x84, 0x08,
  0xa4, 0x10, 0x84, 0x08, 0x84, 0x08, 0x84, 0x08, 0x84, 0x08, 0x84, 0x08, 0x84, 0x08, 0x84, 0x08, 0x84, 0x08, 0x84, 0x08, 0x84, 0x08, 0x84, 0x08, 0x84, 0x08, 0x84, 0x08, 0x84, 0x08, 0x84, 0x08,
  0x84, 0x08, 0x84, 0x08, 0x84, 0x08, 0x84, 0x08, 0x84, 0x08, 0x84, 0x08, 0x84, 0x08, 0x84, 0x08, 0x84, 0x08, 0x84, 0x08, 0x84, 0x08, 0x84, 0x08, 0x84, 0x08, 0x84, 0x08, 0x84, 0x08, 0x84, 0x08,
  0xa4, 0x10, 0x84, 0x08, 0x84, 0x08, 0x84, 0x08, 0x84, 0x08, 0x84, 0x08, 0x84, 0x08, 0x84, 0x08, 0x84, 0x08, 0x84, 0x08, 0x84, 0x08, 0x84, 0x08, 0x84, 0x08, 0x84, 0x08, 0x84, 0x08, 0xc4, 0x7a,
  0xe2, 0xfd, 0x23, 0xbc, 0xe5, 0x49, 0x87, 0x5a, 0x04, 0x52, 0x45, 0x5a, 0x25, 0x29, 0x84, 0x08, 0x04, 0x83, 0xc2, 0xfd, 0x03, 0xb4, 0xa4, 0x41, 0xc4, 0x49, 0xe4, 0x49, 0x65, 0x31, 0x84, 0x08,
  0x64, 0x93, 0xe2, 0xfd, 0x24, 0x8b, 0x84, 0x08, 0x84, 0x08, 0xc4, 0x18, 0xe3, 0xdc, 0xa3, 0xfd, 0x44, 0x29, 0x84, 0x72, 0xe2, 0xfd, 0x64, 0x93, 0x84, 0x08, 0x84, 0x08, 0x84, 0x08, 0x64, 0xc4,
  0xc3, 0xfd, 0xa4, 0x41, 0xc4, 0x7a, 0xe2, 0xfd, 0x03, 0xb4, 0xa4, 0x41, 0xc4, 0x49, 0x46, 0x52, 0x64, 0x31, 0x84, 0x08, 0x44, 0x93, 0x82, 0xfd, 0xa2, 0xd4, 0x62, 0xfd, 0x04, 0xdd, 0xa7, 0x31,
  0x68, 0x21, 0x64, 0xc4, 0xc2, 0xfd, 0x04, 0x52, 0x84, 0x08, 0x84, 0x08, 0x84, 0x39, 0x83, 0xfd, 0xe3, 0xe4, 0xc4, 0x18, 0x84, 0x08, 0xa4, 0x10, 0x84, 0x08, 0xe4, 0x49, 0x43, 0xed, 0x42, 0xf5,
  0xa3, 0xd4, 0xa3, 0xfd, 0xc4, 0xa3, 0xe4, 0x18, 0x84, 0x08, 0x84, 0x08, 0x84, 0x08, 0x84, 0x08, 0x84, 0x08, 0x84, 0x08, 0x84, 0x08, 0x84, 0x08, 0x84, 0x08, 0x84, 0x08, 0x84, 0x08, 0x84, 0x08,
  0xa4, 0x10, 0x84, 0x08, 0x84, 0x08, 0x84, 0x08, 0x84, 0x08, 0x84, 0x08, 0x84, 0x08, 0x84, 0x08, 0x84, 0x08, 0x84, 0x08, 0x84, 0x08, 0x84, 0x08, 0x84, 0x08, 0x84, 0x08, 0x84, 0x39, 0xa3, 0xfd,
  0x84, 0x6a, 0x84, 0x08, 0xc4, 0x18, 0xc4, 0xa3, 0xa3, 0xfd, 0x44, 0x31, 0xc4, 0x49, 0xa3, 0xfd, 0x44, 0x5a, 0x84, 0x08, 0x84, 0x08, 0xa4, 0x72, 0xa3, 0xfd, 0x44, 0x31, 0x84, 0x08, 0x84, 0x08,
  0xc4, 0x72, 0xa3, 0xfd, 0x84, 0x39, 0x84, 0x08, 0x84, 0x08, 0x84, 0x08, 0x84, 0x08, 0x84, 0x08, 0x04, 0x83, 0xa3, 0xfd, 0x64, 0x31, 0x27, 0x19, 0x84, 0x08, 0x84, 0x08, 0xa4, 0x9b, 0xa3, 0xfd,
  0xe4, 0x18, 0xc4, 0x49, 0xa3, 0xfd, 0x44, 0x5a, 0x84, 0x39, 0xa3, 0xfd, 0x24, 0x5a, 0xe4, 0xd4, 0xa3, 0xfd, 0x64, 0xc4, 0xa3, 0xfd, 0xc4, 0x18, 0x84, 0x08, 0x84, 0x08, 0x84, 0x08, 0x84, 0x08,
  0xa4, 0x10, 0x84, 0x08, 0x84, 0x08, 0x84, 0x08, 0x84, 0x08, 0x84, 0x08, 0x84, 0x08, 0x84, 0x08, 0x84, 0x08, 0x84, 0x08, 0x84, 0x08, 0x48, 0x19, 0x84, 0x08, 0x84, 0x08, 0x84, 0x08, 0x84, 0x08,
  0x84, 0x08, 0x84, 0x08, 0x84, 0x08, 0x84, 0x08, 0x84, 0x08, 0x84, 0x08, 0x84, 0x08, 0x84, 0x08, 0x84, 0x08, 0x84, 0x08, 0x84, 0x08, 0x84, 0x08, 0x84, 0x08, 0x84, 0x08, 0x84, 0x08, 0x84, 0x08,
  0xa4, 0x10, 0x84, 0x08, 0x84, 0x08, 0x84, 0x08, 0x84, 0x08, 0x84, 0x08, 0x84, 0x08, 0x84, 0x08, 0x84, 0x08, 0x84, 0x08, 0x84, 0x08, 0x84, 0x08, 0x84, 0x08, 0x84, 0x08, 0x84, 0x08, 0x84, 0x08,
  0x84, 0x08, 0x84, 0x08, 0x84, 0x08, 0x84, 0x08, 0x84, 0x08, 0x84, 0x08, 0x84, 0x08, 0x84, 0x08, 0x84, 0x08, 0x84, 0x08, 0x84, 0x08, 0x84, 0x08, 0x84, 0x08, 0x84, 0x08, 0x84, 0x08, 0x84, 0x08,
  0xa4, 0x10, 0x84, 0x08, 0x84, 0x08, 0x84, 0x08, 0x84, 0x08, 0x84, 0x08, 0x84, 0x08, 0x84, 0x08, 0x84, 0x08, 0x84, 0x08, 0x84, 0x08, 0x84, 0x08, 0x84, 0x08, 0x84, 0x08, 0x84, 0x08, 0x84, 0x08,
  0x84, 0x08, 0x84, 0x08, 0x84, 0x08, 0x84, 0x08, 0x84, 0x08, 0x84, 0x08, 0x84, 0x08, 0x84, 0x08, 0x84, 0x08, 0x84, 0x08, 0x84, 0x08, 0x84, 0x08, 0x84, 0x08, 0x84, 0x08, 0x84, 0x08, 0x84, 0x08,
  0xa4, 0x10, 0x84, 0x08, 0x84, 0x08, 0x84, 0x08, 0x84, 0x08, 0x84, 0x08, 0x84, 0x08, 0x84, 0x08, 0x84, 0x08, 0x84, 0x08, 0x84, 0x08, 0x84, 0x08, 0x84, 0x08, 0x84, 0x08, 0x84, 0x08, 0x84, 0x08,
  0x84, 0x08, 0x84, 0x08, 0x84, 0x08, 0x84, 0x08, 0x84, 0x08, 0x84, 0x08, 0x84, 0x08, 0x84, 0x08, 0x84, 0x08, 0x84, 0x08, 0x84, 0x08, 0x84, 0x08, 0x84, 0x08, 0x84, 0x08, 0x84, 0x08, 0x84, 0x08,
  0xa4, 0x10, 0x84, 0x08, 0x84, 0x08, 0x84, 0x08, 0x84, 0x08, 0x84, 0x08, 0x84, 0x08, 0x84, 0x08, 0x84, 0x08, 0x84, 0x08, 0x84, 0x08, 0x84, 0x08, 0x84, 0x08, 0x84, 0x08, 0x84, 0x08, 0x84, 0x08,
  0x84, 0x08, 0x84, 0x08, 0x84, 0x08, 0x84, 0x08, 0x84, 0x08, 0x84, 0x08, 0x84, 0x08, 0x84, 0x08, 0x84, 0x08, 0x84, 0x08, 0x84, 0x08, 0x84, 0x08, 0x84, 0x08, 0x84, 0x08, 0x84, 0x08, 0x84, 0x08,
  0xa4, 0x10, 0x84, 0x08, 0x84, 0x08, 0x84, 0x08, 0x84, 0x08, 0x84, 0x08, 0x84, 0x08, 0x84, 0x08, 0x84, 0x08, 0x84, 0x08, 0x84, 0x08, 0x84, 0x08, 0x84, 0x08, 0x84, 0x08, 0x84, 0x08, 0xe4, 0x51,
  0x42, 0xbb, 0x22, 0xb3, 0x63, 0xbb, 0x43, 0xbb, 0x43, 0xbb, 0x43, 0xbb, 0xa3, 0x59, 0x64, 0x08, 0x83, 0x8a, 0x21, 0xbb, 0x22, 0xb3, 0x43, 0xb3, 0x43, 0xb3, 0x63, 0xc3, 0xe4, 0x51, 0x84, 0x08,
  0xa3, 0x92, 0x41, 0xbb, 0x42, 0x82, 0xc2, 0x69, 0xc3, 0x69, 0x03, 0x7a, 0x42, 0xbb, 0x63, 0x7a, 0x64, 0x08, 0x83, 0x8a, 0x42, 0xc3, 0xe3, 0x71, 0x23, 0x41, 0x23, 0x41, 0xa2, 0x61, 0x42, 0xbb,
  0xe3, 0x9a, 0xa4, 0x10, 0x82, 0x8a, 0x21, 0xc3, 0x22, 0xb3, 0x43, 0xb3, 0x43, 0xb3, 0x84, 0xc3, 0xe4, 0x51, 0x84, 0x08, 0xc2, 0x9a, 0x42, 0xbb, 0x44, 0x39, 0xa3, 0x7a, 0x82, 0xcb, 0x44, 0x7a,
  0x65, 0x31, 0x02, 0xb3, 0x02, 0xab, 0xc4, 0x18, 0x84, 0x08, 0x84, 0x08, 0xc3, 0x59, 0x82, 0xc3, 0x43, 0x7a, 0x84, 0x08, 0x84, 0x08, 0x84, 0x08, 0x84, 0x08, 0x64, 0x08, 0x43, 0x82, 0x41, 0xc3,
  0x41, 0xc3, 0x23, 0x6a, 0x84, 0x08, 0x84, 0x08, 0x84, 0x08, 0x84, 0x08, 0x84, 0x08, 0x84, 0x08, 0x84, 0x08, 0x84, 0x08, 0x84, 0x08, 0x84, 0x08, 0x84, 0x08, 0x84, 0x08, 0x84, 0x08, 0x84, 0x08,
  0xa4, 0x10, 0x84, 0x08, 0x84, 0x08, 0x84, 0x08, 0x84, 0x08, 0x84, 0x08, 0x84, 0x08, 0x84, 0x08, 0x84, 0x08, 0x84, 0x08, 0x84, 0x08, 0x84, 0x08, 0x84, 0x08, 0x84, 0x08, 0x84, 0x39, 0xa3, 0xfd,
  0x84, 0x6a, 0x84, 0x08, 0x84, 0x08, 0x04, 0x52, 0xa3, 0xfd, 0x64, 0x62, 0xc4, 0x49, 0xa3, 0xfd, 0x44, 0x5a, 0x84, 0x08, 0x84, 0x08, 0xa4, 0x72, 0xa3, 0xfd, 0x44, 0x31, 0x84, 0x08, 0x84, 0x08,
  0xe4, 0x49, 0xa3, 0xfd, 0x64, 0x62, 0x84, 0x08, 0x84, 0x08, 0x84, 0x08, 0x84, 0x08, 0x84, 0x08, 0x04, 0x52, 0xa3, 0xfd, 0x84, 0x62, 0x27, 0x19, 0x84, 0x08, 0x84, 0x08, 0xa4, 0xcc, 0x23, 0xe5,
  0x84, 0x08, 0xc4, 0x49, 0xa3, 0xfd, 0x44, 0x5a, 0x84, 0x39, 0xa3, 0xfd, 0x04, 0x52, 0xa4, 0x39, 0xa3, 0xfd, 0xa3, 0xfd, 0xa3, 0xfd, 0xc4, 0x18, 0x84, 0x08, 0x84, 0x08, 0x84, 0x08, 0x84, 0x08,
  0xa4, 0x10, 0x84, 0x08, 0x84, 0x08, 0x84, 0x08, 0x84, 0x08, 0x84, 0x08, 0x84, 0x08, 0x84, 0x08, 0x84, 0x08, 0x84, 0x08, 0x84, 0x08, 0x48, 0x19, 0x84, 0x08, 0x84, 0x08, 0x84, 0x08, 0x84, 0x08,
  0x84, 0x08, 0x84, 0x08, 0x84, 0x08, 0x84, 0x08, 0x84, 0x08, 0x84, 0x08, 0x84, 0x08, 0x84, 0x08, 0x84, 0x08, 0x84, 0x08, 0x84, 0x08, 0x84, 0x08, 0x84, 0x08, 0x84, 0x08, 0x84, 0x08, 0x84, 0x08,
  0xa4, 0x10, 0x84, 0x08, 0x84, 0x08, 0x84, 0x08, 0x84, 0x08, 0x84, 0x08, 0x84, 0x08, 0x84, 0x08, 0x84, 0x08, 0x84, 0x08, 0x84, 0x08, 0x84, 0x08, 0x84, 0x08, 0x84, 0x08, 0x84, 0x08, 0x84, 0x08,
  0x84, 0x08, 0x84, 0x08, 0x84, 0x08, 0x84, 0x08, 0x84, 0x08, 0x84, 0x08, 0x84, 0x08, 0x84, 0x08, 0x84, 0x08, 0x84, 0x08, 0x84, 0x08, 0x84, 0x08, 0x84, 0x08, 0x84, 0x08, 0x84, 0x08, 0x84, 0x08,
  0xa4, 0x10, 0x84, 0x08, 0x84, 0x08, 0x84, 0x08, 0x84, 0x08, 0x84, 0x08, 0x84, 0x08, 0x84, 0x08, 0x84, 0x08, 0x84, 0x08, 0x84, 0x08, 0x84, 0x08, 0x84, 0x08, 0x84, 0x08, 0x84, 0x08, 0x84, 0x08,
  0x84, 0x08, 0x84, 0x08, 0x84, 0x08, 0x84, 0x08, 0x84, 0x08, 0x84, 0x08, 0x84, 0x08, 0x84, 0x08, 0x84, 0x08, 0x84, 0x08, 0x84, 0x08, 0x84, 0x08, 0x84, 0x08, 0x84, 0x08, 0x84, 0x08, 0x84, 0x08,
  0xa4, 0x10, 0x84, 0x08, 0x84, 0x08, 0x84, 0x08, 0x84, 0x08, 0x84, 0x08, 0x84, 0x08, 0x84, 0x08, 0x84, 0x08, 0x84, 0x08, 0x84, 0x08, 0x84, 0x08, 0x84, 0x08, 0x84, 0x08, 0x84, 0x08, 0x84, 0x08,
  0x84, 0x08, 0x84, 0x08, 0x84, 0x08, 0x84, 0x08, 0x84, 0x08, 0x84, 0x08, 0x84, 0x08, 0x84, 0x08, 0x84, 0x08, 0x84, 0x08, 0x84, 0x08, 0x84, 0x08, 0x84, 0x08, 0x84, 0x08, 0x84, 0x08, 0x84, 0x08,
  0xa4, 0x10, 0x84, 0x08, 0x84, 0x08, 0x84, 0x08, 0x84, 0x08, 0x84, 0x08, 0x84, 0x08, 0x84, 0x08, 0x84, 0x08, 0x84, 0x08, 0x84, 0x08, 0x84, 0x08, 0x84, 0x08, 0x84, 0x08, 0x84, 0x08, 0x84, 0x08,
  0x84, 0x08, 0x84, 0x08, 0x84, 0x08, 0x84, 0x08, 0x84, 0x08, 0x84, 0x08, 0x84, 0x08, 0x84, 0x08, 0x84, 0x08, 0x84, 0x08, 0x84, 0x08, 0x84, 0x08, 0x84, 0x08, 0x84, 0x08, 0x84, 0x08, 0x84, 0x08,
  0xa4, 0x10, 0x84, 0x08, 0x84, 0x08, 0x84, 0x08, 0x84, 0x08, 0x84, 0x08, 0x84, 0x08, 0x84, 0x08, 0x84, 0x08, 0x84, 0x08, 0x84, 0x08, 0x84, 0x08, 0x84, 0x08, 0x84, 0x08, 0x84, 0x08, 0x84, 0x08,
  0xc3, 0x20, 0xc3, 0x28, 0xc3, 0x28, 0x45, 0x31, 0x42, 0x59, 0x01, 0xa2, 0x62, 0x59, 0xa4, 0x18, 0x01, 0x92, 0xe1, 0x89, 0xc3, 0x30, 0xa3, 0x20, 0xa3, 0x20, 0xc3, 0x20, 0x64, 0x08, 0xc3, 0x20,
  0x21, 0x9a, 0xe1, 0x89, 0xe2, 0x81, 0x01, 0x82, 0x02, 0x8a, 0x41, 0xa2, 0xc1, 0x81, 0x64, 0x08, 0xc4, 0x18, 0x02, 0x92, 0xe1, 0x99, 0x22, 0x9a, 0x42, 0x9a, 0x62, 0x9a, 0x62, 0x9a, 0x82, 0x61,
  0x84, 0x10, 0xc3, 0x20, 0x01, 0x9a, 0xe1, 0x89, 0xe3, 0x30, 0xa3, 0x20, 0xa3, 0x28, 0x25, 0x31, 0x64, 0x08, 0xc3, 0x20, 0x21, 0x9a, 0xc2, 0x81, 0x27, 0x19, 0x64, 0x08, 0xc2, 0x79, 0x21, 0x9a,
  0xe2, 0x81, 0x01, 0x9a, 0x82, 0x69, 0x84, 0x08, 0x84, 0x08, 0x84, 0x08, 0xa2, 0x71, 0x21, 0xa2, 0x03, 0x39, 0x84, 0x08, 0x84, 0x08, 0x84, 0x08, 0xe3, 0x28, 0xe2, 0x79, 0x22, 0x9a, 0xa2, 0x71,
  0xe1, 0x91, 0xe2, 0x81, 0xe4, 0x28, 0x84, 0x08, 0x84, 0x08, 0x84, 0x08, 0x84, 0x08, 0x84, 0x08, 0x84, 0x08, 0x84, 0x08, 0x84, 0x08, 0x84, 0x08, 0x84, 0x08, 0x84, 0x08, 0x84, 0x08, 0x84, 0x08,
  0xa4, 0x10, 0x84, 0x08, 0x84, 0x08, 0x84, 0x08, 0x84, 0x08, 0x84, 0x08, 0x84, 0x08, 0x84, 0x08, 0x84, 0x08, 0x84, 0x08, 0x84, 0x08, 0x84, 0x08, 0x84, 0x08, 0x84, 0x08, 0x84, 0x39, 0xa3, 0xfd,
  0x84, 0x6a, 0x84, 0x08, 0x84, 0x10, 0x84, 0x93, 0xa3, 0xfd, 0x64, 0x31, 0xc4, 0x49, 0xa3, 0xfd, 0x44, 0x5a, 0x84, 0x08, 0x84, 0x08, 0xa4, 0x72, 0xa3, 0xfd, 0x44, 0x31, 0x84, 0x08, 0x84, 0x08,
  0xa4, 0x10, 0x64, 0xc4, 0xe4, 0xd4, 0x44, 0x31, 0xe4, 0x20, 0x64, 0x93, 0x83, 0xf5, 0x24, 0x29, 0x84, 0x08, 0xa4, 0xcc, 0x23, 0xe5, 0x26, 0x4a, 0xc4, 0x18, 0x04, 0x7b, 0xa3, 0xfd, 0xa4, 0x6a,
  0x84, 0x08, 0xc4, 0x49, 0xa3, 0xfd, 0x44, 0x5a, 0x84, 0x39, 0xa3, 0xfd, 0x04, 0x52, 0x84, 0x08, 0x44, 0x8b, 0xa3, 0xfd, 0xa3, 0xfd, 0xc4, 0x18, 0x84, 0x08, 0x84, 0x08, 0x84, 0x08, 0x84, 0x08,
  0xa4, 0x10, 0x84, 0x08, 0x84, 0x08, 0x84, 0x08, 0x84, 0x08, 0x84, 0x08, 0x84, 0x08, 0x84, 0x08, 0x84, 0x08, 0x84, 0x08, 0x84, 0x08, 0x48, 0x19, 0x84, 0x08, 0x84, 0x08, 0x84, 0x08, 0x84, 0x08,
  0x84, 0x08, 0x84, 0x08, 0x84, 0x08, 0x84, 0x08, 0x84, 0x08, 0x84, 0x08, 0x84, 0x08, 0x84, 0x08, 0x84, 0x08, 0x84, 0x08, 0x84, 0x08, 0x84, 0x08, 0x84, 0x08, 0x84, 0x08, 0x84, 0x08, 0x84, 0x08,
  0xa4, 0x10, 0x84, 0x08, 0x84, 0x08, 0x84, 0x08, 0x84, 0x08, 0x84, 0x08, 0x84, 0x08, 0x84, 0x08, 0x84, 0x08, 0x84, 0x08, 0x84, 0x08, 0x84, 0x08, 0x84, 0x08, 0x84, 0x08, 0x84, 0x08, 0x84, 0x08,
  0x84, 0x08, 0x84, 0x08, 0x84, 0x08, 0x84, 0x08, 0x84, 0x08, 0x84, 0x08, 0x84, 0x08, 0x84, 0x08, 0x84, 0x08, 0x84, 0x08, 0x84, 0x08, 0x84, 0x08, 0x84, 0x08, 0x84, 0x08, 0x84, 0x08, 0x84, 0x08,
  0xa4, 0x10, 0x84, 0x08, 0x84, 0x08, 0x84, 0x08, 0x84, 0x08, 0x84, 0x08, 0x84, 0x08, 0x84, 0x08, 0x84, 0x08, 0x84, 0x08, 0x84, 0x08, 0x84, 0x08, 0x84, 0x08, 0x84, 0x08, 0x84, 0x08, 0x84, 0x08,
  0x84, 0x08, 0x84, 0x08, 0x84, 0x08, 0x84, 0x08, 0x84, 0x08, 0x84, 0x08, 0x84, 0x08, 0x84, 0x08, 0x84, 0x08, 0x84, 0x08, 0x84, 0x08, 0x84, 0x08, 0x84, 0x08, 0x84, 0x08, 0x84, 0x08, 0x84, 0x08,
  0xa4, 0x10, 0x84, 0x08, 0x84, 0x08, 0x84, 0x08, 0x84, 0x08, 0x84, 0x08, 0x84, 0x08, 0x84, 0x08, 0x84, 0x08, 0x84, 0x08, 0x84, 0x08, 0x84, 0x08, 0x84, 0x08, 0x84, 0x08, 0x84, 0x08, 0x84, 0x08,
  0x84, 0x08, 0x84, 0x08, 0x84, 0x08, 0x84, 0x08, 0x84, 0x08, 0x84, 0x08, 0x84, 0x08, 0x84, 0x08, 0x84, 0x08, 0x84, 0x08, 0x84, 0x08, 0x84, 0x08, 0x84, 0x08, 0x84, 0x08, 0x84, 0x08, 0x84, 0x08,
  0xa4, 0x10, 0x84, 0x08, 0x84, 0x08, 0x84, 0x08, 0x84, 0x08, 0x84, 0x08, 0x84, 0x08, 0x84, 0x08, 0x84, 0x08, 0x84, 0x08, 0x84, 0x08, 0x84, 0x08, 0x84, 0x08, 0x84, 0x08, 0x84, 0x08, 0x84, 0x08,
  0x84, 0x08, 0x84, 0x08, 0x84, 0x08, 0x84, 0x08, 0x84, 0x08, 0x84, 0x08, 0x84, 0x08, 0x84, 0x08, 0x84, 0x08, 0x84, 0x08, 0x84, 0x08, 0x84, 0x08, 0x84, 0x08, 0x84, 0x08, 0x84, 0x08, 0x84, 0x08,
  0xa4, 0x10, 0x84, 0x08, 0x84, 0x08, 0x84, 0x08, 0x84, 0x08, 0x84, 0x08, 0x84, 0x08, 0x84, 0x08, 0x84, 0x08, 0x84, 0x08, 0x84, 0x08, 0x84, 0x08, 0x84, 0x08, 0x84, 0x08, 0x04, 0x39, 0xc3, 0x79,
  0x24, 0x39, 0x84, 0x08, 0x84, 0x08, 0x47, 0x19, 0x82, 0x69, 0x01, 0xa2, 0xc4, 0x28, 0x03, 0x39, 0x21, 0xa2, 0x82, 0x61, 0x84, 0x08, 0x84, 0x08, 0x84, 0x08, 0x84, 0x08, 0x84, 0x08, 0x43, 0x49,
  0x21, 0xa2, 0x82, 0x61, 0x84, 0x08, 0x64, 0x08, 0x84, 0x08, 0xc1, 0x79, 0x22, 0x9a, 0xe4, 0x20, 0x03, 0x39, 0x01, 0xa2, 0x82, 0x69, 0xc4, 0x20, 0xc4, 0x20, 0xc4, 0x20, 0xc4, 0x18, 0x84, 0x08,
  0x84, 0x08, 0x23, 0x41, 0x01, 0xa2, 0x82, 0x69, 0x84, 0x08, 0x84, 0x08, 0x84, 0x08, 0x27, 0x19, 0x84, 0x08, 0x23, 0x49, 0x21, 0xa2, 0xa4, 0x61, 0x84, 0x08, 0x84, 0x08, 0xc4, 0x20, 0xe2, 0x89,
  0xc1, 0x91, 0x01, 0x9a, 0x23, 0x41, 0x84, 0x08, 0x84, 0x08, 0xa4, 0x18, 0xe2, 0x91, 0xe2, 0x89, 0xa4, 0x18, 0x84, 0x08, 0x84, 0x08, 0x43, 0x49, 0x02, 0x9a, 0xe2, 0x89, 0x23, 0x41, 0x84, 0x08,
  0x43, 0x49, 0x01, 0x9a, 0xc2, 0x81, 0xc4, 0x20, 0x84, 0x08, 0x84, 0x08, 0x84, 0x08, 0x84, 0x08, 0x84, 0x08, 0x84, 0x08, 0x84, 0x08, 0x84, 0x08, 0x84, 0x08, 0x84, 0x08, 0x84, 0x08, 0x84, 0x08,
  0x47, 0x21, 0x84, 0x08, 0x84, 0x08, 0x84, 0x08, 0x84, 0x08, 0x84, 0x08, 0x84, 0x08, 0x84, 0x08, 0x84, 0x08, 0x84, 0x08, 0x84, 0x08, 0x84, 0x08, 0x84, 0x08, 0x84, 0x08, 0x84, 0x39, 0xa3, 0xfd,
  0xa3, 0xfd, 0xa3, 0xfd, 0xa3, 0xfd, 0x03, 0xdd, 0xa4, 0x6a, 0x84, 0x08, 0xc4, 0x49, 0xa3, 0xfd, 0x44, 0x5a, 0x84, 0x08, 0x84, 0x08, 0xa4, 0x72, 0xa3, 0xfd, 0x44, 0x31, 0x84, 0x08, 0x84, 0x08,
  0xa4, 0x10, 0xe4, 0x18, 0xc4, 0xa3, 0x63, 0xed, 0x83, 0xf5, 0x84, 0xc4, 0xc4, 0x49, 0x84, 0x08, 0x84, 0x08, 0xe4, 0x18, 0xa4, 0x9b, 0x44, 0xed, 0xa3, 0xf5, 0xe4, 0xd4, 0x84, 0x6a, 0x84, 0x08,
  0x84, 0x08, 0xc4, 0x49, 0xa3, 0xfd, 0x44, 0x5a, 0x84, 0x39, 0xa3, 0xfd, 0x04, 0x52, 0x84, 0x08, 0xa4, 0x10, 0xe4, 0xd4, 0xa3, 0xfd, 0xc4, 0x18, 0x84, 0x08, 0x84, 0x08, 0x84, 0x08, 0x84, 0x08,
  0xa4, 0x10, 0x84, 0x08, 0x84, 0x08, 0x84, 0x08, 0x84, 0x08, 0x84, 0x08, 0x84, 0x08, 0x84, 0x08, 0x84, 0x08, 0x84, 0x08, 0x84, 0x08, 0x48, 0x19, 0x84, 0x08, 0x84, 0x08, 0x84, 0x08, 0x84, 0x08,
  0x84, 0x08, 0x84, 0x08, 0x84, 0x08, 0x84, 0x08, 0x84, 0x08, 0x84, 0x08, 0x84, 0x08, 0x84, 0x08, 0x84, 0x08, 0x84, 0x08, 0x84, 0x08, 0x84, 0x08, 0x84, 0x08, 0x84, 0x08, 0x84, 0x08, 0x84, 0x08,
  0xa4, 0x10, 0x84, 0x08, 0x84, 0x08, 0x84, 0x08, 0x84, 0x08, 0x84, 0x08, 0x84, 0x08, 0x84, 0x08, 0x84, 0x08, 0x84, 0x08, 0x84, 0x08, 0x84, 0x08, 0x84, 0x08, 0x84, 0x08, 0x84, 0x08, 0x84, 0x08,
  0x84, 0x08, 0x84, 0x08, 0x84, 0x08, 0x84, 0x08, 0x84, 0x08, 0x84, 0x08, 0x84, 0x08, 0x84, 0x08, 0x84, 0x08, 0x84, 0x08, 0x84, 0x08, 0x84, 0x08, 0x84, 0x08, 0x84, 0x08, 0x84, 0x08, 0x84, 0x08,
  0xa4, 0x10, 0x84, 0x08, 0x84, 0x08, 0x84, 0x08, 0x84, 0x08, 0x84, 0x08, 0x84, 0x08, 0x84, 0x08, 0x84, 0x08, 0x84, 0x08, 0x84, 0x08, 0x84, 0x08, 0x84, 0x08, 0x84, 0x08, 0x84, 0x08, 0x84, 0x08,
  0x84, 0x08, 0x84, 0x08, 0x84, 0x08, 0x84, 0x08, 0x84, 0x08, 0x84, 0x08, 0x84, 0x08, 0x84, 0x08, 0x84, 0x08, 0x84, 0x08, 0x84, 0x08, 0x84, 0x08, 0x84, 0x08, 0x84, 0x08, 0x84, 0x08, 0x84, 0x08,
  0xa4, 0x10, 0x84, 0x08, 0x84, 0x08, 0x84, 0x08, 0x84, 0x08, 0x84, 0x08, 0x84, 0x08, 0x84, 0x08, 0x84, 0x08, 0x84, 0x08, 0x84, 0x08, 0x84, 0x08, 0x84, 0x08, 0x84, 0x08, 0x84, 0x08, 0x84, 0x08,
  0x84, 0x08, 0x84, 0x08, 0x84, 0x08, 0x84, 0x08, 0x84, 0x08, 0x84, 0x08, 0x84, 0x08, 0x84, 0x08, 0x84, 0x08, 0x84, 0x08, 0x84, 0x08, 0x84, 0x08, 0x84, 0x08, 0x84, 0x08, 0x84, 0x08, 0x84, 0x08,
  0xa4, 0x10, 0x84, 0x08, 0x84, 0x08, 0x84, 0x08, 0x84, 0x08, 0x84, 0x08, 0x84, 0x08, 0x84, 0x08, 0x84, 0x08, 0x84, 0x08, 0x84, 0x08, 0x84, 0x08, 0x84, 0x08, 0x84, 0x08, 0x84, 0x08, 0x84, 0x08,
  0x84, 0x08, 0x84, 0x08, 0x84, 0x08, 0x84, 0x08, 0x84, 0x08, 0x84, 0x08, 0x84, 0x08, 0x84, 0x08, 0x84, 0x08, 0x84, 0x08, 0x84, 0x08, 0x84, 0x08, 0x84, 0x08, 0x84, 0x08, 0x84, 0x08, 0x84, 0x08,
  0xa4, 0x10, 0x84, 0x08, 0x84, 0x08, 0x84, 0x08, 0x84, 0x08, 0x84, 0x08, 0x84, 0x08, 0x84, 0x08, 0x84, 0x08, 0x84, 0x08, 0x84, 0x08, 0x84, 0x08, 0x84, 0x08, 0x84, 0x08, 0xa2, 0x79, 0xc1, 0xa1,
  0x61, 0x71, 0x23, 0x51, 0x23, 0x51, 0x63, 0x61, 0xc1, 0x99, 0xa2, 0x81, 0x84, 0x10, 0x62, 0x69, 0xc1, 0x99, 0x62, 0x71, 0x22, 0x59, 0x42, 0x59, 0x22, 0x59, 0x43, 0x59, 0xc4, 0x28, 0x62, 0x69,
  0xe1, 0x99, 0xe3, 0x30, 0x84, 0x08, 0x84, 0x08, 0xa4, 0x20, 0xc1, 0x89, 0xa1, 0x89, 0x84, 0x10, 0x42, 0x61, 0xe1, 0xa1, 0x03, 0x39, 0x84, 0x08, 0x84, 0x08, 0x84, 0x08, 0x84, 0x08, 0x84, 0x08,
  0x84, 0x08, 0x62, 0x71, 0xc1, 0x99, 0x61, 0x79, 0x22, 0x51, 0x22, 0x59, 0x22, 0x59, 0x83, 0x61, 0xc4, 0x28, 0x62, 0x71, 0xe1, 0x99, 0xe4, 0x30, 0x84, 0x08, 0x84, 0x10, 0x84, 0x08, 0x03, 0x41,
  0xc1, 0x99, 0xc1, 0x89, 0xa4, 0x18, 0x84, 0x08, 0x84, 0x08, 0x03, 0x39, 0xe1, 0xa1, 0x82, 0x69, 0x84, 0x08, 0x84, 0x08, 0x03, 0x41, 0xe1, 0xa1, 0x81, 0x79, 0xa4, 0x18, 0x84, 0x08, 0x84, 0x08,
  0x84, 0x08, 0x81, 0x79, 0xe1, 0xa1, 0x04, 0x39, 0x84, 0x08, 0x84, 0x08, 0x84, 0x08, 0x84, 0x08, 0x84, 0x08, 0x84, 0x08, 0x84, 0x08, 0x84, 0x08, 0x84, 0x08, 0x84, 0x08, 0x84, 0x08, 0x84, 0x08,
  0xa4, 0x10, 0x27, 0x19, 0x84, 0x08, 0x84, 0x08, 0x84, 0x08, 0x84, 0x08, 0x84, 0x08, 0x84, 0x08, 0x84, 0x08, 0x84, 0x08, 0x84, 0x08, 0x84, 0x08, 0x84, 0x08, 0x84, 0x08, 0x84, 0x08, 0x84, 0x08,
  0x84, 0x08, 0x84, 0x08, 0x84, 0x08, 0x84, 0x08, 0x84, 0x08, 0x84, 0x08, 0x84, 0x08, 0x84, 0x08, 0x84, 0x08, 0x84, 0x08, 0x84, 0x08, 0x84, 0x08, 0x84, 0x08, 0x84, 0x08, 0x84, 0x08, 0x84, 0x08,
  0xa4, 0x10, 0x84, 0x08, 0x84, 0x08, 0x84, 0x08, 0x84, 0x08, 0x84, 0x08, 0x84, 0x08, 0x84, 0x08, 0x84, 0x08, 0x84, 0x08, 0x84, 0x08, 0x27, 0x19, 0x84, 0x08, 0x84, 0x08, 0x84, 0x08, 0x84, 0x08,
  0x84, 0x08, 0x84, 0x08, 0x84, 0x08, 0x84, 0x08, 0x84, 0x08, 0x84, 0x08, 0x84, 0x08, 0x84, 0x08, 0x84, 0x08, 0x84, 0x08, 0x84, 0x08, 0x84, 0x08, 0x84, 0x08, 0x84, 0x08, 0x84, 0x08, 0x84, 0x08,
  0xa4, 0x10, 0x84, 0x08, 0x84, 0x08, 0x84, 0x08, 0x84, 0x08, 0x84, 0x08, 0x84, 0x08, 0x84, 0x08, 0x84, 0x08, 0x84, 0x08, 0x84, 0x08, 0x48, 0x19, 0x84, 0x08, 0x84, 0x08, 0x84, 0x08, 0x84, 0x08,
  0x84, 0x08, 0x84, 0x08, 0x84, 0x08, 0x84, 0x08, 0x84, 0x08, 0x84, 0x08, 0x84, 0x08, 0x84, 0x08, 0x84, 0x08, 0x84, 0x08, 0x84, 0x08, 0x84, 0x08, 0x84, 0x08, 0x84, 0x08, 0x84, 0x08, 0x84, 0x08,
  0xa4, 0x10, 0x84, 0x08, 0x84, 0x08, 0x84, 0x08, 0x84, 0x08, 0x84, 0x08, 0x84, 0x08, 0x84, 0x08, 0x84, 0x08, 0x84, 0x08, 0x84, 0x08, 0x84, 0x08, 0x84, 0x08, 0x84, 0x08, 0x84, 0x08, 0x84, 0x08,
  0x84, 0x08, 0x84, 0x08, 0x84, 0x08, 0x84, 0x08, 0x84, 0x08, 0x84, 0x08, 0x84, 0x08, 0x84, 0x08, 0x84, 0x08, 0x84, 0x08, 0x84, 0x08, 0x84, 0x08, 0x84, 0x08, 0x84, 0x08, 0x84, 0x08, 0x84, 0x08,
  0xa4, 0x10, 0x84, 0x08, 0x84, 0x08, 0x84, 0x08, 0x84, 0x08, 0x84, 0x08, 0x84, 0x08, 0x84, 0x08, 0x84, 0x08, 0x84, 0x08, 0x84, 0x08, 0x84, 0x08, 0x84, 0x08, 0x84, 0x08, 0x84, 0x08, 0x84, 0x08,
  0x84, 0x08, 0x84, 0x08, 0x84, 0x08, 0x84, 0x08, 0x84, 0x08, 0x84, 0x08, 0x84, 0x08, 0x84, 0x08, 0x84, 0x08, 0x84, 0x08, 0x84, 0x08, 0x84, 0x08, 0x84, 0x08, 0x84, 0x08, 0x84, 0x08, 0x84, 0x08,
  0xa4, 0x10, 0x84, 0x08, 0x84, 0x08, 0x84, 0x08, 0x84, 0x08, 0x84, 0x08, 0x84, 0x08, 0x84, 0x08, 0x84, 0x08, 0x84, 0x08, 0x84, 0x08, 0x84, 0x08, 0x84, 0x08, 0x84, 0x08, 0x84, 0x08, 0x84, 0x08,
  0x84, 0x08, 0x84, 0x08, 0x84, 0x08, 0x84, 0x08, 0x84, 0x08, 0x84, 0x08, 0x84, 0x08, 0x84, 0x08, 0x84, 0x08, 0x84, 0x08, 0x84, 0x08, 0x84, 0x08, 0x84, 0x08, 0x84, 0x08, 0x84, 0x08, 0x84, 0x08,
  0xa4, 0x10, 0x84, 0x08, 0x84, 0x08, 0x84, 0x08, 0x84, 0x08, 0x84, 0x08, 0x84, 0x08, 0x84, 0x08, 0x84, 0x08, 0x84, 0x08, 0x84, 0x08, 0x84, 0x08, 0x84, 0x08, 0x84, 0x08, 0x84, 0x08, 0x84, 0x08,
  0x84, 0x08, 0x84, 0x08, 0x84, 0x08, 0x84, 0x08, 0x84, 0x08, 0x84, 0x08, 0x84, 0x08, 0x84, 0x08, 0x84, 0x08, 0x84, 0x08, 0x84, 0x08, 0x84, 0x08, 0x84, 0x08, 0x84, 0x08, 0x84, 0x08, 0x84, 0x08,
  0xa4, 0x10, 0x84, 0x08, 0x84, 0x08, 0x84, 0x08, 0x84, 0x08, 0x84, 0x08, 0x84, 0x08, 0x84, 0x08, 0x84, 0x08, 0x84, 0x08, 0x84, 0x08, 0x84, 0x08, 0x84, 0x08, 0x84, 0x08, 0x03, 0x41, 0x82, 0x79,
  0x82, 0x79, 0xa2, 0x81, 0xa2, 0x81, 0xa2, 0x81, 0x83, 0x69, 0xc4, 0x20, 0xa4, 0x10, 0xa2, 0x79, 0x82, 0x79, 0xa2, 0x81, 0xa2, 0x81, 0xa2, 0x81, 0xa2, 0x81, 0xa3, 0x79, 0xe3, 0x28, 0xa2, 0x71,
  0xa2, 0x71, 0xa4, 0x10, 0x84, 0x08, 0x84, 0x08, 0x04, 0x39, 0xc2, 0x89, 0x23, 0x51, 0xa4, 0x10, 0xa3, 0x71, 0x82, 0x79, 0xa4, 0x18, 0x84, 0x08, 0x84, 0x08, 0x84, 0x08, 0x84, 0x08, 0x84, 0x08,
  0xa4, 0x10, 0x82, 0x71, 0x81, 0x79, 0x82, 0x79, 0xa2, 0x81, 0xa2, 0x81, 0xa2, 0x81, 0xa2, 0x79, 0xe4, 0x28, 0xa3, 0x71, 0x82, 0x71, 0x84, 0x10, 0x84, 0x08, 0x84, 0x08, 0x84, 0x08, 0xe4, 0x28,
  0xc2, 0x81, 0x43, 0x59, 0x84, 0x08, 0x84, 0x08, 0x84, 0x08, 0x63, 0x51, 0xc2, 0x89, 0x03, 0x39, 0x84, 0x08, 0x84, 0x08, 0x43, 0x51, 0xc2, 0x89, 0x03, 0x39, 0x84, 0x08, 0x84, 0x10, 0x84, 0x08,
  0xa4, 0x10, 0xa3, 0x71, 0xa2, 0x71, 0x84, 0x10, 0x84, 0x08, 0x84, 0x08, 0x84, 0x08, 0x84, 0x08, 0x84, 0x08, 0x84, 0x08, 0x84, 0x08, 0x84, 0x08, 0x84, 0x08, 0x84, 0x08, 0x84, 0x08, 0x84, 0x08,
  0xa4, 0x10, 0x84, 0x08, 0x27, 0x19, 0x84, 0x08, 0x84, 0x08, 0x84, 0x08, 0x84, 0x08, 0x84, 0x08, 0x84, 0x08, 0x84, 0x08, 0x84, 0x08, 0x84, 0x08, 0x84, 0x08, 0x84, 0x08, 0x84, 0x08, 0x84, 0x08,
  0x84, 0x08, 0x84, 0x08, 0x84, 0x08, 0x84, 0x08, 0x84, 0x08, 0x84, 0x08, 0x84, 0x08, 0x84, 0x08, 0x84, 0x08, 0x84, 0x08, 0x84, 0x08, 0x84, 0x08, 0x84, 0x08, 0x84, 0x08, 0x84, 0x08, 0x84, 0x08,
  0xa4, 0x10, 0x84, 0x08, 0x84, 0x08, 0x84, 0x08, 0x84, 0x08, 0x84, 0x08, 0x84, 0x08, 0x84, 0x08, 0x84, 0x08, 0x84, 0x08, 0x84, 0x08, 0x27, 0x19, 0x84, 0x08, 0x84, 0x08, 0x84, 0x08, 0x84, 0x08,
  0x84, 0x08, 0x84, 0x08, 0x84, 0x08, 0x84, 0x08, 0x84, 0x08, 0x84, 0x08, 0x84, 0x08, 0x84, 0x08, 0x84, 0x08, 0x84, 0x08, 0x84, 0x08, 0x84, 0x08, 0x84, 0x08, 0x84, 0x08, 0x84, 0x08, 0x84, 0x08,
  0xa4, 0x10, 0x84, 0x08, 0x84, 0x08, 0x84, 0x08, 0x84, 0x08, 0x84, 0x08, 0x84, 0x08, 0x84, 0x08, 0x84, 0x08, 0x84, 0x08, 0x84, 0x08, 0x48, 0x19, 0x84, 0x08, 0x84, 0x08, 0x84, 0x08, 0x84, 0x08,
  0x84, 0x08, 0x84, 0x08, 0x84, 0x08, 0x84, 0x08, 0x84, 0x08, 0x84, 0x08, 0x84, 0x08, 0x84, 0x08, 0x84, 0x08, 0x84, 0x08, 0x84, 0x08, 0x84, 0x08, 0x84, 0x08, 0x84, 0x08, 0x84, 0x08, 0x84, 0x08,
  0xa4, 0x10, 0x84, 0x08, 0x84, 0x08, 0x84, 0x08, 0x84, 0x08, 0x84, 0x08, 0x84, 0x08, 0x84, 0x08, 0x84, 0x08, 0x84, 0x08, 0x84, 0x08, 0x84, 0x08, 0x84, 0x08, 0x84, 0x08, 0x84, 0x08, 0x84, 0x08,
  0x84, 0x08, 0x84, 0x08, 0x84, 0x08, 0x84, 0x08, 0x84, 0x08, 0x84, 0x08, 0x84, 0x08, 0x84, 0x08, 0x84, 0x08, 0x84, 0x08, 0x84, 0x08, 0x84, 0x08, 0x84, 0x08, 0x84, 0x08, 0x84, 0x08, 0x84, 0x08,
  0xa4, 0x10, 0x84, 0x08, 0x84, 0x08, 0x84, 0x08, 0x84, 0x08, 0x84, 0x08, 0x84, 0x08, 0x84, 0x08, 0x84, 0x08, 0x84, 0x08, 0x84, 0x08, 0x84, 0x08, 0x84, 0x08, 0x84, 0x08, 0x84, 0x08, 0x84, 0x08,
  0x84, 0x08, 0x84, 0x08, 0x84, 0x08, 0x84, 0x08, 0x84, 0x08, 0x84, 0x08, 0x84, 0x08, 0x84, 0x08, 0x84, 0x08, 0x84, 0x08, 0x84, 0x08, 0x84, 0x08, 0x84, 0x08, 0x84, 0x08, 0x84, 0x08, 0x84, 0x08,
  0xa4, 0x10, 0x84, 0x08, 0x84, 0x08, 0x84, 0x08, 0x84, 0x08, 0x84, 0x08, 0x84, 0x08, 0x84, 0x08, 0x84, 0x08, 0x84, 0x08, 0x84, 0x08, 0x84, 0x08, 0x84, 0x08, 0x84, 0x08, 0x84, 0x08, 0x84, 0x08,
  0x84, 0x08, 0x84, 0x08, 0x84, 0x08, 0x84, 0x08, 0x84, 0x08, 0x84, 0x08, 0x84, 0x08, 0x84, 0x08, 0x84, 0x08, 0x84, 0x08, 0x84, 0x08, 0x84, 0x08, 0x84, 0x08, 0x84, 0x08, 0x84, 0x08, 0x84, 0x08,
  0xa4, 0x10, 0x84, 0x08, 0x84, 0x08, 0x84, 0x08, 0x84, 0x08, 0x84, 0x08, 0x84, 0x08, 0x84, 0x08, 0x84, 0x08, 0x84, 0x08, 0x84, 0x08, 0x84, 0x08, 0x84, 0x08, 0x84, 0x08, 0x84, 0x08, 0x84, 0x08,
  0x84, 0x08, 0x84, 0x08, 0x84, 0x08, 0x84, 0x08, 0x84, 0x08, 0x84, 0x08, 0x84, 0x08, 0x84, 0x08, 0x84, 0x08, 0x84, 0x08, 0x84, 0x08, 0x84, 0x08, 0x84, 0x08, 0x84, 0x08, 0x84, 0x08, 0x84, 0x08,
  0xa4, 0x10, 0x84, 0x08, 0x84, 0x08, 0x84, 0x08, 0x84, 0x08, 0x84, 0x08, 0x84, 0x08, 0x84, 0x08, 0x84, 0x08, 0x84, 0x08, 0x84, 0x08, 0x84, 0x08, 0x84, 0x08, 0x84, 0x08, 0x84, 0x08, 0xa4, 0x10,
  0x84, 0x10, 0x84, 0x10, 0x84, 0x10, 0x47, 0x19, 0x84, 0x08, 0x84, 0x08, 0x84, 0x08, 0xa4, 0x10, 0x84, 0x10, 0x84, 0x10, 0x84, 0x08, 0x84, 0x08, 0x84, 0x10, 0x84, 0x08, 0x84, 0x08, 0xa4, 0x10,
  0xc4, 0x10, 0x84, 0x08, 0x84, 0x08, 0x84, 0x08, 0x84, 0x10, 0xa4, 0x10, 0x84, 0x08, 0x84, 0x08, 0xa4, 0x10, 0x84, 0x08, 0x84, 0x08, 0x84, 0x08, 0x84, 0x08, 0x84, 0x08, 0x84, 0x08, 0x84, 0x08,
  0x84, 0x08, 0xa4, 0x10, 0xa4, 0x10, 0x84, 0x10, 0x84, 0x08, 0x84, 0x08, 0x84, 0x10, 0x27, 0x19, 0x47, 0x19, 0x84, 0x10, 0x84, 0x08, 0x84, 0x08, 0x84, 0x08, 0x84, 0x08, 0x84, 0x08, 0x84, 0x10,
  0xc4, 0x18, 0x84, 0x08, 0x84, 0x08, 0x84, 0x08, 0x84, 0x08, 0x84, 0x10, 0xa4, 0x10, 0x84, 0x08, 0x84, 0x08, 0x84, 0x08, 0x84, 0x10, 0xa4, 0x10, 0x84, 0x08, 0x84, 0x08, 0x84, 0x08, 0x84, 0x08,
  0x84, 0x08, 0xa4, 0x10, 0x84, 0x08, 0x84, 0x08, 0x84, 0x08, 0x84, 0x08, 0x84, 0x08, 0x84, 0x08, 0x84, 0x08, 0x84, 0x08, 0x84, 0x08, 0x84, 0x08, 0x84, 0x08, 0x84, 0x08, 0x84, 0x08, 0x84, 0x08,
  0xa4, 0x10, 0x84, 0x08, 0x84, 0x08, 0x27, 0x19, 0x84, 0x08, 0x26, 0x19, 0x26, 0x19, 0x26, 0x19, 0x84, 0x08, 0x84, 0x08, 0x84, 0x08, 0x84, 0x08, 0x84, 0x08, 0x84, 0x08, 0x84, 0x08, 0x84, 0x08,
  0x84, 0x08, 0x84, 0x08, 0x84, 0x08, 0x84, 0x08, 0x84, 0x08, 0x84, 0x08, 0x84, 0x08, 0x84, 0x08, 0x84, 0x08, 0x84, 0x08, 0x84, 0x08, 0x84, 0x08, 0x84, 0x08, 0x84, 0x08, 0x84, 0x08, 0x84, 0x08,
  0xa4, 0x10, 0x84, 0x08, 0x84, 0x08, 0x84, 0x08, 0x84, 0x08, 0x84, 0x08, 0x84, 0x08, 0x84, 0x08, 0x84, 0x08, 0x84, 0x08, 0x84, 0x08, 0x27, 0x19, 0x84, 0x08, 0x84, 0x08, 0x84, 0x08, 0x84, 0x08,
  0x84, 0x08, 0x84, 0x08, 0x84, 0x08, 0x84, 0x08, 0x84, 0x08, 0x84, 0x08, 0x84, 0x08, 0x84, 0x08, 0x84, 0x08, 0x84, 0x08, 0x84, 0x08, 0x84, 0x08, 0x84, 0x08, 0x84, 0x08, 0x84, 0x08, 0x84, 0x08,
  0xa4, 0x10, 0x84, 0x08, 0x84, 0x08, 0x84, 0x08, 0x84, 0x08, 0x84, 0x08, 0x84, 0x08, 0x84, 0x08, 0x84, 0x08, 0x84, 0x08, 0x84, 0x08, 0x48, 0x19, 0x84, 0x08, 0x84, 0x08, 0x84, 0x08, 0x84, 0x08,
  0x84, 0x08, 0x84, 0x08, 0x84, 0x08, 0x84, 0x08, 0x84, 0x08, 0x84, 0x08, 0x84, 0x08, 0x84, 0x08, 0x84, 0x08, 0x84, 0x08, 0x84, 0x08, 0x84, 0x08, 0x84, 0x08, 0x84, 0x08, 0x84, 0x08, 0x84, 0x08,
  0xa4, 0x10, 0x84, 0x08, 0x84, 0x08, 0x84, 0x08, 0x84, 0x08, 0x84, 0x08, 0x84, 0x08, 0x84, 0x08, 0x84, 0x08, 0x84, 0x08, 0x84, 0x08, 0x84, 0x08, 0x84, 0x08, 0x84, 0x08, 0x84, 0x08, 0x84, 0x08,
  0x84, 0x08, 0x84, 0x08, 0x84, 0x08, 0x84, 0x08, 0x84, 0x08, 0x84, 0x08, 0x84, 0x08, 0x84, 0x08, 0x84, 0x08, 0x84, 0x08, 0x84, 0x08, 0x84, 0x08, 0x84, 0x08, 0x84, 0x08, 0x84, 0x08, 0x84, 0x08,
  0xa4, 0x10, 0x84, 0x08, 0x84, 0x08, 0x84, 0x08, 0x84, 0x08, 0x84, 0x08, 0x84, 0x08, 0x84, 0x08, 0x84, 0x08, 0x84, 0x08, 0x84, 0x08, 0x84, 0x08, 0x84, 0x08, 0x84, 0x08, 0x84, 0x08, 0x84, 0x08,
  0x84, 0x08, 0x84, 0x08, 0x84, 0x08, 0x84, 0x08, 0x84, 0x08, 0x84, 0x08, 0x84, 0x08, 0x84, 0x08, 0x84, 0x08, 0x84, 0x08, 0x84, 0x08, 0x84, 0x08, 0x84, 0x08, 0x84, 0x08, 0x84, 0x08, 0x84, 0x08,
  0xa4, 0x10, 0x84, 0x08, 0x84, 0x08, 0x84, 0x08, 0x84, 0x08, 0x84, 0x08, 0x84, 0x08, 0x84, 0x08, 0x84, 0x08, 0x84, 0x08, 0x84, 0x08, 0x84, 0x08, 0x84, 0x08, 0x84, 0x08, 0x84, 0x08, 0x84, 0x08,
  0x84, 0x08, 0x84, 0x08, 0x84, 0x08, 0x84, 0x08, 0x84, 0x08, 0x84, 0x08, 0x84, 0x08, 0x84, 0x08, 0x84, 0x08, 0x84, 0x08, 0x84, 0x08, 0x84, 0x08, 0x84, 0x08, 0x84, 0x08, 0x84, 0x08, 0x84, 0x08,
  0xa4, 0x10, 0x84, 0x08, 0x84, 0x08, 0x84, 0x08, 0x84, 0x08, 0x84, 0x08, 0x84, 0x08, 0x84, 0x08, 0x84, 0x08, 0x84, 0x08, 0x84, 0x08, 0x84, 0x08, 0x84, 0x08, 0x84, 0x08, 0x84, 0x08, 0x84, 0x08,
  0x84, 0x08, 0x84, 0x08, 0x84, 0x08, 0x84, 0x08, 0x84, 0x08, 0x84, 0x08, 0x84, 0x08, 0x84, 0x08, 0x84, 0x08, 0x84, 0x08, 0x84, 0x08, 0x84, 0x08, 0x84, 0x08, 0x84, 0x08, 0x84, 0x08, 0x84, 0x08,
  0xa4, 0x10, 0x84, 0x08, 0x84, 0x08, 0x84, 0x08, 0x84, 0x08, 0x84, 0x08, 0x84, 0x08, 0x84, 0x08, 0x84, 0x08, 0x84, 0x08, 0x84, 0x08, 0x84, 0x08, 0x84, 0x08, 0x84, 0x08, 0x84, 0x08, 0x84, 0x08,
  0x84, 0x08, 0x84, 0x08, 0x84, 0x08, 0x47, 0x19, 0x84, 0x08, 0x84, 0x08, 0x84, 0x08, 0x84, 0x08, 0x84, 0x08, 0x84, 0x08, 0x84, 0x08, 0x84, 0x08, 0x84, 0x08, 0x84, 0x08, 0x84, 0x08, 0x84, 0x08,
  0xa4, 0x10, 0x84, 0x08, 0x84, 0x08, 0x84, 0x08, 0x84, 0x08, 0x84, 0x08, 0x84, 0x08, 0x84, 0x08, 0x84, 0x08, 0x84, 0x08, 0x84, 0x08, 0x84, 0x08, 0x84, 0x08, 0x84, 0x08, 0x84, 0x08, 0x84, 0x08,
  0x84, 0x08, 0x84, 0x08, 0x84, 0x08, 0x84, 0x08, 0x84, 0x08, 0x84, 0x08, 0x84, 0x08, 0x27, 0x19, 0x84, 0x08, 0x84, 0x08, 0x84, 0x08, 0x84, 0x08, 0x84, 0x08, 0x84, 0x08, 0x84, 0x08, 0x84, 0x08,
  0xa4, 0x10, 0x84, 0x08, 0x84, 0x08, 0x84, 0x08, 0x84, 0x08, 0x84, 0x08, 0x84, 0x08, 0x84, 0x08, 0x84, 0x08, 0x84, 0x08, 0x84, 0x08, 0x84, 0x08, 0x84, 0x08, 0x84, 0x08, 0x84, 0x08, 0x84, 0x08,
  0x84, 0x08, 0x84, 0x08, 0x84, 0x08, 0x84, 0x08, 0x84, 0x08, 0x84, 0x08, 0x84, 0x08, 0x84, 0x08, 0x84, 0x08, 0x84, 0x08, 0x84, 0x08, 0x84, 0x08, 0x84, 0x08, 0x84, 0x08, 0x84, 0x08, 0x84, 0x08,
  0xa4, 0x10, 0x84, 0x08, 0x84, 0x08, 0x84, 0x08, 0x27, 0x19, 0x84, 0x08, 0x84, 0x08, 0x84, 0x08, 0x26, 0x19, 0x84, 0x08, 0x84, 0x08, 0x84, 0x08, 0x84, 0x08, 0x84, 0x08, 0x84, 0x08, 0x84, 0x08,
  0x84, 0x08, 0x84, 0x08, 0x84, 0x08, 0x84, 0x08, 0x84, 0x08, 0x84, 0x08, 0x84, 0x08, 0x84, 0x08, 0x84, 0x08, 0x84, 0x08, 0x84, 0x08, 0x84, 0x08, 0x84, 0x08, 0x84, 0x08, 0x84, 0x08, 0x84, 0x08,
  0xa4, 0x10, 0x84, 0x08, 0x84, 0x08, 0x84, 0x08, 0x84, 0x08, 0x84, 0x08, 0x84, 0x08, 0x84, 0x08, 0x84, 0x08, 0x84, 0x08, 0x84, 0x08, 0x27, 0x19, 0x84, 0x08, 0x84, 0x08, 0x84, 0x08, 0x84, 0x08,
  0x84, 0x08, 0x84, 0x08, 0x84, 0x08, 0x84, 0x08, 0x84, 0x08, 0x84, 0x08, 0x84, 0x08, 0x84, 0x08, 0x84, 0x08, 0x84, 0x08, 0x84, 0x08, 0x84, 0x08, 0x84, 0x08, 0x84, 0x08, 0x84, 0x08, 0x84, 0x08,
  0xa4, 0x10, 0x84, 0x08, 0x84, 0x08, 0x84, 0x08, 0x84, 0x08, 0x84, 0x08, 0x84, 0x08, 0x84, 0x08, 0x84, 0x08, 0x84, 0x08, 0x84, 0x08, 0x48, 0x19, 0x84, 0x08, 0x84, 0x08, 0x84, 0x08, 0x84, 0x08,
  0x84, 0x08, 0x84, 0x08, 0x84, 0x08, 0x84, 0x08, 0x84, 0x08, 0x84, 0x08, 0x84, 0x08, 0x84, 0x08, 0x84, 0x08, 0x84, 0x08, 0x84, 0x08, 0x84, 0x08, 0x84, 0x08, 0x84, 0x08, 0x84, 0x08, 0x84, 0x08,
  0xa4, 0x10, 0x84, 0x08, 0x84, 0x08, 0x84, 0x08, 0x84, 0x08, 0x84, 0x08, 0x84, 0x08, 0x84, 0x08, 0x84, 0x08, 0x84, 0x08, 0x84, 0x08, 0x84, 0x08, 0x84, 0x08, 0x84, 0x08, 0x84, 0x08, 0x84, 0x08,
  0x84, 0x08, 0x84, 0x08, 0x84, 0x08, 0x84, 0x08, 0x84, 0x08, 0x84, 0x08, 0x84, 0x08, 0x84, 0x08, 0x84, 0x08, 0x84, 0x08, 0x84, 0x08, 0x84, 0x08, 0x84, 0x08, 0x84, 0x08, 0x84, 0x08, 0x84, 0x08,
  0xa4, 0x10, 0x84, 0x08, 0x84, 0x08, 0x84, 0x08, 0x84, 0x08, 0x84, 0x08, 0x84, 0x08, 0x84, 0x08, 0x84, 0x08, 0x84, 0x08, 0x84, 0x08, 0x84, 0x08, 0x84, 0x08, 0x84, 0x08, 0x84, 0x08, 0x84, 0x08,
  0x84, 0x08, 0x84, 0x08, 0x84, 0x08, 0x84, 0x08, 0x84, 0x08, 0x84, 0x08, 0x84, 0x08, 0x84, 0x08, 0x84, 0x08, 0x84, 0x08, 0x84, 0x08, 0x84, 0x08, 0x84, 0x08, 0x84, 0x08, 0x84, 0x08, 0x84, 0x08,
  0xa4, 0x10, 0x84, 0x08, 0x84, 0x08, 0x84, 0x08, 0x84, 0x08, 0x84, 0x08, 0x84, 0x08, 0x84, 0x08, 0x84, 0x08, 0x84, 0x08, 0x84, 0x08, 0x84, 0x08, 0x84, 0x08, 0x84, 0x08, 0x84, 0x08, 0x84, 0x08,
  0x84, 0x08, 0x84, 0x08, 0x84, 0x08, 0x84, 0x08, 0x84, 0x08, 0x84, 0x08, 0x84, 0x08, 0x84, 0x08, 0x84, 0x08, 0x84, 0x08, 0x84, 0x08, 0x84, 0x08, 0x84, 0x08, 0x84, 0x08, 0x84, 0x08, 0x84, 0x08,
  0xa4, 0x10, 0x84, 0x08, 0x84, 0x08, 0x84, 0x08, 0x84, 0x08, 0x84, 0x08, 0x84, 0x08, 0x84, 0x08, 0x84, 0x08, 0x84, 0x08, 0x84, 0x08, 0x84, 0x08, 0x84, 0x08, 0x84, 0x08, 0x84, 0x08, 0x84, 0x08,
  0x84, 0x08, 0x84, 0x08, 0x84, 0x08, 0x84, 0x08, 0x84, 0x08, 0x84, 0x08, 0x84, 0x08, 0x84, 0x08, 0x84, 0x08, 0x84, 0x08, 0x84, 0x08, 0x84, 0x08, 0x84, 0x08, 0x84, 0x08, 0x84, 0x08, 0x84, 0x08,
  0xa4, 0x10, 0x84, 0x08, 0x84, 0x08, 0x84, 0x08, 0x84, 0x08, 0x84, 0x08, 0x84, 0x08, 0x84, 0x08, 0x84, 0x08, 0x84, 0x08, 0x84, 0x08, 0x84, 0x08, 0x84, 0x08, 0x84, 0x08, 0x84, 0x08, 0x84, 0x08,
  0x84, 0x08, 0x84, 0x08, 0x84, 0x08, 0x47, 0x19, 0x84, 0x08, 0x84, 0x08, 0x84, 0x08, 0x84, 0x08, 0x84, 0x08, 0x84, 0x08, 0x84, 0x08, 0x84, 0x08, 0x84, 0x08, 0x84, 0x08, 0x84, 0x08, 0x84, 0x08,
  0xa4, 0x10, 0x84, 0x08, 0x84, 0x08, 0x84, 0x08, 0x84, 0x08, 0x84, 0x08, 0x84, 0x08, 0x84, 0x08, 0x84, 0x08, 0x84, 0x08, 0x84, 0x08, 0x84, 0x08, 0x84, 0x08, 0x84, 0x08, 0x84, 0x08, 0x84, 0x08,
  0x84, 0x08, 0x84, 0x08, 0x84, 0x08, 0x84, 0x08, 0x84, 0x08, 0x84, 0x08, 0x47, 0x19, 0x27, 0x19, 0x84, 0x08, 0x84, 0x08, 0x84, 0x08, 0x84, 0x08, 0x84, 0x08, 0x84, 0x08, 0x84, 0x08, 0x84, 0x08,
  0xa4, 0x10, 0x84, 0x08, 0x84, 0x08, 0x84, 0x08, 0x84, 0x08, 0x84, 0x08, 0x84, 0x08, 0x84, 0x08, 0x84, 0x08, 0x84, 0x08, 0x84, 0x08, 0x84, 0x08, 0x84, 0x08, 0x84, 0x08, 0x84, 0x08, 0x84, 0x08,
  0x84, 0x08, 0x84, 0x08, 0x84, 0x08, 0x84, 0x08, 0x84, 0x08, 0x84, 0x08, 0x84, 0x08, 0x84, 0x08, 0x84, 0x08, 0x84, 0x08, 0x84, 0x08, 0x84, 0x08, 0x84, 0x08, 0x84, 0x08, 0x84, 0x08, 0x84, 0x08,
  0xa4, 0x10, 0x64, 0x08, 0x64, 0x08, 0x06, 0x19, 0x64, 0x08, 0x27, 0x19, 0x64, 0x08, 0x64, 0x08, 0x64, 0x08, 0x06, 0x19, 0x64, 0x08, 0x64, 0x08, 0x64, 0x08, 0x64, 0x08, 0x64, 0x08, 0x64, 0x08,
  0x64, 0x08, 0x64, 0x08, 0x64, 0x08, 0x64, 0x08, 0x64, 0x08, 0x64, 0x08, 0x64, 0x08, 0x64, 0x08, 0x64, 0x08, 0x64, 0x08, 0x64, 0x08, 0x64, 0x08, 0x64, 0x08, 0x64, 0x08, 0x64, 0x08, 0x64, 0x08,
  0xa4, 0x10, 0x64, 0x08, 0x64, 0x08, 0x64, 0x08, 0x64, 0x08, 0x64, 0x08, 0x64, 0x08, 0x64, 0x08, 0x64, 0x08, 0x64, 0x08, 0x64, 0x08, 0x27, 0x19, 0x64, 0x08, 0x64, 0x08, 0x64, 0x08, 0x64, 0x08,
  0x64, 0x08, 0x64, 0x08, 0x64, 0x08, 0x64, 0x08, 0x64, 0x08, 0x64, 0x08, 0x64, 0x08, 0x64, 0x08, 0x64, 0x08, 0x64, 0x08, 0x64, 0x08, 0x64, 0x08, 0x64, 0x08, 0x64, 0x08, 0x64, 0x08, 0x64, 0x08,
  0xa4, 0x10, 0x64, 0x08, 0x64, 0x08, 0x64, 0x08, 0x64, 0x08, 0x64, 0x08, 0x64, 0x08, 0x64, 0x08, 0x64, 0x08, 0x64, 0x08, 0x64, 0x08, 0x48, 0x19, 0x64, 0x08, 0x64, 0x08, 0x64, 0x08, 0x64, 0x08,
  0x64, 0x08, 0x64, 0x08, 0x64, 0x08, 0x64, 0x08, 0x64, 0x08, 0x64, 0x08, 0x64, 0x08, 0x64, 0x08, 0x64, 0x08, 0x64, 0x08, 0x64, 0x08, 0x64, 0x08, 0x64, 0x08, 0x64, 0x08, 0x64, 0x08, 0x64, 0x08,
  0xa4, 0x10, 0x64, 0x08, 0x64, 0x08, 0x64, 0x08, 0x64, 0x08, 0x64, 0x08, 0x64, 0x08, 0x64, 0x08, 0x64, 0x08, 0x64, 0x08, 0x64, 0x08, 0x64, 0x08, 0x64, 0x08, 0x64, 0x08, 0x64, 0x08, 0x64, 0x08,
  0x64, 0x08, 0x64, 0x08, 0x64, 0x08, 0x64, 0x08, 0x64, 0x08, 0x64, 0x08, 0x64, 0x08, 0x64, 0x08, 0x64, 0x08, 0x64, 0x08, 0x64, 0x08, 0x64, 0x08, 0x64, 0x08, 0x64, 0x08, 0x64, 0x08, 0x64, 0x08,
  0xa4, 0x10, 0x64, 0x08, 0x64, 0x08, 0x64, 0x08, 0x64, 0x08, 0x64, 0x08, 0x64, 0x08, 0x64, 0x08, 0x64, 0x08, 0x64, 0x08, 0x64, 0x08, 0x64, 0x08, 0x64, 0x08, 0x64, 0x08, 0x64, 0x08, 0x64, 0x08,
  0x64, 0x08, 0x64, 0x08, 0x64, 0x08, 0x64, 0x08, 0x64, 0x08, 0x64, 0x08, 0x64, 0x08, 0x64, 0x08, 0x64, 0x08, 0x64, 0x08, 0x64, 0x08, 0x64, 0x08, 0x64, 0x08, 0x64, 0x08, 0x64, 0x08, 0x64, 0x08,
  0xa4, 0x10, 0x64, 0x08, 0x64, 0x08, 0x64, 0x08, 0x64, 0x08, 0x64, 0x08, 0x64, 0x08, 0x64, 0x08, 0x64, 0x08, 0x64, 0x08, 0x64, 0x08, 0x64, 0x08, 0x64, 0x08, 0x64, 0x08, 0x64, 0x08, 0x64, 0x08,
  0x64, 0x08, 0x64, 0x08, 0x64, 0x08, 0x64, 0x08, 0x64, 0x08, 0x64, 0x08, 0x64, 0x08, 0x64, 0x08, 0x64, 0x08, 0x64, 0x08, 0x64, 0x08, 0x64, 0x08, 0x64, 0x08, 0x64, 0x08, 0x64, 0x08, 0x64, 0x08,
  0xa4, 0x10, 0x64, 0x08, 0x64, 0x08, 0x64, 0x08, 0x64, 0x08, 0x64, 0x08, 0x64, 0x08, 0x64, 0x08, 0x64, 0x08, 0x64, 0x08, 0x64, 0x08, 0x64, 0x08, 0x64, 0x08, 0x64, 0x08, 0x64, 0x08, 0x64, 0x08,
  0x64, 0x08, 0x64, 0x08, 0x64, 0x08, 0x64, 0x08, 0x64, 0x08, 0x64, 0x08, 0x64, 0x08, 0x64, 0x08, 0x64, 0x08, 0x64, 0x08, 0x64, 0x08, 0x64, 0x08, 0x64, 0x08, 0x64, 0x08, 0x64, 0x08, 0x64, 0x08,
  0xa4, 0x10, 0x64, 0x08, 0x64, 0x08, 0x64, 0x08, 0x64, 0x08, 0x64, 0x08, 0x64, 0x08, 0x64, 0x08, 0x64, 0x08, 0x64, 0x08, 0x64, 0x08, 0x64, 0x08, 0x64, 0x08, 0x64, 0x08, 0x64, 0x08, 0x64, 0x08,
  0x64, 0x08, 0x64, 0x08, 0x64, 0x08, 0x47, 0x19, 0x64, 0x08, 0x64, 0x08, 0x64, 0x08, 0x64, 0x08, 0x64, 0x08, 0x64, 0x08, 0x64, 0x08, 0x64, 0x08, 0x64, 0x08, 0x64, 0x08, 0x64, 0x08, 0x64, 0x08,
  0xa4, 0x10, 0x64, 0x08, 0x64, 0x08, 0x64, 0x08, 0x64, 0x08, 0x64, 0x08, 0x64, 0x08, 0x64, 0x08, 0x64, 0x08, 0x64, 0x08, 0x64, 0x08, 0x64, 0x08, 0x64, 0x08, 0x64, 0x08, 0x64, 0x08, 0x64, 0x08,
  0x64, 0x08, 0x64, 0x08, 0x64, 0x08, 0x64, 0x08, 0x64, 0x08, 0x27, 0x19, 0x64, 0x08, 0x27, 0x19, 0x64, 0x08, 0x64, 0x08, 0x64, 0x08, 0x64, 0x08, 0x64, 0x08, 0x64, 0x08, 0x64, 0x08, 0x64, 0x08,
  0xa4, 0x10, 0x64, 0x08, 0x64, 0x08, 0x64, 0x08, 0x64, 0x08, 0x64, 0x08, 0x64, 0x08, 0x64, 0x08, 0x64, 0x08, 0x64, 0x08, 0x64, 0x08, 0x64, 0x08, 0x64, 0x08, 0x64, 0x08, 0x64, 0x08, 0x64, 0x08,
  0x64, 0x08, 0x64, 0x08, 0x64, 0x08, 0x64, 0x08, 0x64, 0x08, 0x64, 0x08, 0x64, 0x08, 0x64, 0x08, 0x64, 0x08, 0x64, 0x08, 0x64, 0x08, 0x64, 0x08, 0x64, 0x08, 0x64, 0x08, 0x64, 0x08, 0x64, 0x08,
  0xa4, 0x10, 0x64, 0x08, 0x64, 0x08, 0x06, 0x19, 0x64, 0x08, 0x64, 0x08, 0x27, 0x19, 0x64, 0x08, 0x64, 0x08, 0x06, 0x19, 0x64, 0x08, 0x64, 0x08, 0x64, 0x08, 0x64, 0x08, 0x64, 0x08, 0x64, 0x08,
  0x64, 0x08, 0x64, 0x08, 0x64, 0x08, 0x64, 0x08, 0x64, 0x08, 0x64, 0x08, 0x64, 0x08, 0x64, 0x08, 0x64, 0x08, 0x64, 0x08, 0x64, 0x08, 0x64, 0x08, 0x64, 0x08, 0x64, 0x08, 0x64, 0x08, 0x64, 0x08,
  0xa4, 0x10, 0x64, 0x08, 0x64, 0x08, 0x64, 0x08, 0x64, 0x08, 0x64, 0x08, 0x64, 0x08, 0x64, 0x08, 0x64, 0x08, 0x64, 0x08, 0x64, 0x08, 0x27, 0x19, 0x64, 0x08, 0x64, 0x08, 0x64, 0x08, 0x64, 0x08,
  0x64, 0x08, 0x64, 0x08, 0x64, 0x08, 0x64, 0x08, 0x64, 0x08, 0x64, 0x08, 0x64, 0x08, 0x64, 0x08, 0x64, 0x08, 0x64, 0x08, 0x64, 0x08, 0x64, 0x08, 0x64, 0x08, 0x64, 0x08, 0x64, 0x08, 0x64, 0x08,
  0xa4, 0x10, 0x64, 0x08, 0x64, 0x08, 0x64, 0x08, 0x64, 0x08, 0x64, 0x08, 0x64, 0x08, 0x64, 0x08, 0x64, 0x08, 0x64, 0x08, 0x64, 0x08, 0x48, 0x19, 0x64, 0x08, 0x64, 0x08, 0x64, 0x08, 0x64, 0x08,
  0x64, 0x08, 0x64, 0x08, 0x64, 0x08, 0x64, 0x08, 0x64, 0x08, 0x64, 0x08, 0x64, 0x08, 0x64, 0x08, 0x64, 0x08, 0x64, 0x08, 0x64, 0x08, 0x64, 0x08, 0x64, 0x08, 0x64, 0x08, 0x64, 0x08, 0x64, 0x08,
  0xa4, 0x10, 0x64, 0x08, 0x64, 0x08, 0x64, 0x08, 0x64, 0x08, 0x64, 0x08, 0x64, 0x08, 0x64, 0x08, 0x64, 0x08, 0x64, 0x08, 0x64, 0x08, 0x64, 0x08, 0x64, 0x08, 0x64, 0x08, 0x64, 0x08, 0x64, 0x08,
  0x64, 0x08, 0x64, 0x08, 0x64, 0x08, 0x64, 0x08, 0x64, 0x08, 0x64, 0x08, 0x64, 0x08, 0x64, 0x08, 0x64, 0x08, 0x64, 0x08, 0x64, 0x08, 0x64, 0x08, 0x64, 0x08, 0x64, 0x08, 0x64, 0x08, 0x64, 0x08,
  0xa4, 0x10, 0x64, 0x08, 0x64, 0x08, 0x64, 0x08, 0x64, 0x08, 0x64, 0x08, 0x64, 0x08, 0x64, 0x08, 0x64, 0x08, 0x64, 0x08, 0x64, 0x08, 0x64, 0x08, 0x64, 0x08, 0x64, 0x08, 0x64, 0x08, 0x64, 0x08,
  0x64, 0x08, 0x64, 0x08, 0x64, 0x08, 0x64, 0x08, 0x64, 0x08, 0x64, 0x08, 0x64, 0x08, 0x64, 0x08, 0x64, 0x08, 0x64, 0x08, 0x64, 0x08, 0x64, 0x08, 0x64, 0x08, 0x64, 0x08, 0x64, 0x08, 0x64, 0x08,
  0xa4, 0x10, 0x64, 0x08, 0x64, 0x08, 0x64, 0x08, 0x64, 0x08, 0x64, 0x08, 0x64, 0x08, 0x64, 0x08, 0x64, 0x08, 0x64, 0x08, 0x64, 0x08, 0x64, 0x08, 0x64, 0x08, 0x64, 0x08, 0x64, 0x08, 0x64, 0x08,
  0x64, 0x08, 0x64, 0x08, 0x64, 0x08, 0x64, 0x08, 0x64, 0x08, 0x64, 0x08, 0x64, 0x08, 0x64, 0x08, 0x64, 0x08, 0x64, 0x08, 0x64, 0x08, 0x64, 0x08, 0x64, 0x08, 0x64, 0x08, 0x64, 0x08, 0x64, 0x08,
  0xa4, 0x10, 0x64, 0x08, 0x64, 0x08, 0x64, 0x08, 0x64, 0x08, 0x64, 0x08, 0x64, 0x08, 0x64, 0x08, 0x64, 0x08, 0x64, 0x08, 0x64, 0x08, 0x64, 0x08, 0x64, 0x08, 0x64, 0x08, 0x64, 0x08, 0x64, 0x08,
  0x64, 0x08, 0x64, 0x08, 0x64, 0x08, 0x64, 0x08, 0x64, 0x08, 0x64, 0x08, 0x64, 0x08, 0x64, 0x08, 0x64, 0x08, 0x64, 0x08, 0x64, 0x08, 0x64, 0x08, 0x64, 0x08, 0x64, 0x08, 0x64, 0x08, 0x64, 0x08,
  0xa4, 0x10, 0x64, 0x08, 0x64, 0x08, 0x64, 0x08, 0x64, 0x08, 0x64, 0x08, 0x64, 0x08, 0x64, 0x08, 0x64, 0x08, 0x64, 0x08, 0x64, 0x08, 0x64, 0x08, 0x64, 0x08, 0x64, 0x08, 0x64, 0x08, 0x64, 0x08,
  0x64, 0x08, 0x64, 0x08, 0x64, 0x08, 0x47, 0x19, 0x64, 0x08, 0x64, 0x08, 0x64, 0x08, 0x64, 0x08, 0x64, 0x08, 0x64, 0x08, 0x64, 0x08, 0x64, 0x08, 0x64, 0x08, 0x64, 0x08, 0x64, 0x08, 0x64, 0x08,
  0xa4, 0x10, 0x64, 0x08, 0x64, 0x08, 0x64, 0x08, 0x64, 0x08, 0x64, 0x08, 0x64, 0x08, 0x64, 0x08, 0x64, 0x08, 0x64, 0x08, 0x64, 0x08, 0x64, 0x08, 0x64, 0x08, 0x64, 0x08, 0x64, 0x08, 0x64, 0x08,
  0x64, 0x08, 0x64, 0x08, 0x64, 0x08, 0x64, 0x08, 0x27, 0x19, 0x64, 0x08, 0x64, 0x08, 0x27, 0x19, 0x64, 0x08, 0x64, 0x08, 0x64, 0x08, 0x64, 0x08, 0x64, 0x08, 0x64, 0x08, 0x64, 0x08, 0x64, 0x08,
  0xa4, 0x10, 0x64, 0x08, 0x64, 0x08, 0x64, 0x08, 0x64, 0x08, 0x64, 0x08, 0x64, 0x08, 0x64, 0x08, 0x64, 0x08, 0x64, 0x08, 0x64, 0x08, 0x64, 0x08, 0x64, 0x08, 0x64, 0x08, 0x64, 0x08, 0x64, 0x08,
  0x64, 0x08, 0x64, 0x08, 0x64, 0x08, 0x64, 0x08, 0x64, 0x08, 0x64, 0x08, 0x64, 0x08, 0x64, 0x08, 0x64, 0x08, 0x64, 0x08, 0x64, 0x08, 0x64, 0x08, 0x64, 0x08, 0x64, 0x08, 0x64, 0x08, 0x64, 0x08,
  0xa4, 0x10, 0x64, 0x08, 0x64, 0x08, 0x06, 0x19, 0x64, 0x08, 0x64, 0x08, 0x64, 0x08, 0x27, 0x19, 0x64, 0x08, 0x06, 0x19, 0x64, 0x08, 0x64, 0x08, 0x64, 0x08, 0x64, 0x08, 0x64, 0x08, 0x64, 0x08,
  0x64, 0x08, 0x64, 0x08, 0x64, 0x08, 0x64, 0x08, 0x64, 0x08, 0x64, 0x08, 0x64, 0x08, 0x64, 0x08, 0x64, 0x08, 0x64, 0x08, 0x64, 0x08, 0x64, 0x08, 0x64, 0x08, 0x64, 0x08, 0x64, 0x08, 0x64, 0x08,
  0xa4, 0x10, 0x64, 0x08, 0x64, 0x08, 0x64, 0x08, 0x64, 0x08, 0x64, 0x08, 0x64, 0x08, 0x64, 0x08, 0x64, 0x08, 0x64, 0x08, 0x64, 0x08, 0x27, 0x19, 0x64, 0x08, 0x64, 0x08, 0x64, 0x08, 0x64, 0x08,
  0x64, 0x08, 0x64, 0x08, 0x64, 0x08, 0x64, 0x08, 0x64, 0x08, 0x64, 0x08, 0x64, 0x08, 0x64, 0x08, 0x64, 0x08, 0x64, 0x08, 0x64, 0x08, 0x64, 0x08, 0x64, 0x08, 0x64, 0x08, 0x64, 0x08, 0x64, 0x08,
  0xa4, 0x10, 0x64, 0x08, 0x64, 0x08, 0x64, 0x08, 0x64, 0x08, 0x64, 0x08, 0x64, 0x08, 0x64, 0x08, 0x64, 0x08, 0x64, 0x08, 0x64, 0x08, 0x48, 0x19, 0x64, 0x08, 0x64, 0x08, 0x64, 0x08, 0x64, 0x08,
  0x64, 0x08, 0x64, 0x08, 0x64, 0x08, 0x64, 0x08, 0x64, 0x08, 0x64, 0x08, 0x64, 0x08, 0x64, 0x08, 0x64, 0x08, 0x64, 0x08, 0x64, 0x08, 0x64, 0x08, 0x64, 0x08, 0x64, 0x08, 0x64, 0x08, 0x64, 0x08,
  0xa4, 0x10, 0x64, 0x08, 0x64, 0x08, 0x64, 0x08, 0x64, 0x08, 0x64, 0x08, 0x64, 0x08, 0x64, 0x08, 0x64, 0x08, 0x64, 0x08, 0x64, 0x08, 0x64, 0x08, 0x64, 0x08, 0x64, 0x08, 0x64, 0x08, 0x64, 0x08,
  0x64, 0x08, 0x64, 0x08, 0x64, 0x08, 0x64, 0x08, 0x64, 0x08, 0x64, 0x08, 0x64, 0x08, 0x64, 0x08, 0x64, 0x08, 0x64, 0x08, 0x64, 0x08, 0x64, 0x08, 0x64, 0x08, 0x64, 0x08, 0x64, 0x08, 0x64, 0x08,
  0xa4, 0x10, 0x64, 0x08, 0x64, 0x08, 0x64, 0x08, 0x64, 0x08, 0x64, 0x08, 0x64, 0x08, 0x64, 0x08, 0x64, 0x08, 0x64, 0x08, 0x64, 0x08, 0x64, 0x08, 0x64, 0x08, 0x64, 0x08, 0x64, 0x08, 0x64, 0x08,
  0x64, 0x08, 0x64, 0x08, 0x64, 0x08, 0x64, 0x08, 0x64, 0x08, 0x64, 0x08, 0x64, 0x08, 0x64, 0x08, 0x64, 0x08, 0x64, 0x08, 0x64, 0x08, 0x64, 0x08, 0x64, 0x08, 0x64, 0x08, 0x64, 0x08, 0x64, 0x08,
  0xa4, 0x10, 0x64, 0x08, 0x64, 0x08, 0x64, 0x08, 0x64, 0x08, 0x64, 0x08, 0x64, 0x08, 0x64, 0x08, 0x64, 0x08, 0x64, 0x08, 0x64, 0x08, 0x64, 0x08, 0x64, 0x08, 0x64, 0x08, 0x64, 0x08, 0x64, 0x08,
  0x64, 0x08, 0x64, 0x08, 0x64, 0x08, 0x64, 0x08, 0x64, 0x08, 0x64, 0x08, 0x64, 0x08, 0x64, 0x08, 0x64, 0x08, 0x64, 0x08, 0x64, 0x08, 0x64, 0x08, 0x64, 0x08, 0x64, 0x08, 0x64, 0x08, 0x64, 0x08,
  0xa4, 0x10, 0x64, 0x08, 0x64, 0x08, 0x64, 0x08, 0x64, 0x08, 0x64, 0x08, 0x64, 0x08, 0x64, 0x08, 0x64, 0x08, 0x64, 0x08, 0x64, 0x08, 0x64, 0x08, 0x64, 0x08, 0x64, 0x08, 0x64, 0x08, 0x64, 0x08,
  0x64, 0x08, 0x64, 0x08, 0x64, 0x08, 0x64, 0x08, 0x64, 0x08, 0x64, 0x08, 0x64, 0x08, 0x64, 0x08, 0x64, 0x08, 0x64, 0x08, 0x64, 0x08, 0x64, 0x08, 0x64, 0x08, 0x64, 0x08, 0x64, 0x08, 0x64, 0x08,
  0xa4, 0x10, 0x64, 0x08, 0x64, 0x08, 0x64, 0x08, 0x64, 0x08, 0x64, 0x08, 0x64, 0x08, 0x64, 0x08, 0x64, 0x08, 0x64, 0x08, 0x64, 0x08, 0x64, 0x08, 0x64, 0x08, 0x64, 0x08, 0x64, 0x08, 0x64, 0x08,
  0x64, 0x08, 0x64, 0x08, 0x64, 0x08, 0x47, 0x19, 0x64, 0x08, 0x64, 0x08, 0x64, 0x08, 0x64, 0x08, 0x64, 0x08, 0x64, 0x08, 0x64, 0x08, 0x64, 0x08, 0x64, 0x08, 0x64, 0x08, 0x64, 0x08, 0x64, 0x08,
  0xa4, 0x10, 0x64, 0x08, 0x64, 0x08, 0x64, 0x08, 0x64, 0x08, 0x64, 0x08, 0x64, 0x08, 0x64, 0x08, 0x64, 0x08, 0x64, 0x08, 0x64, 0x08, 0x64, 0x08, 0x64, 0x08, 0x64, 0x08, 0x64, 0x08, 0x64, 0x08,
  0x64, 0x08, 0x64, 0x08, 0x64, 0x08, 0x27, 0x19, 0x64, 0x08, 0x64, 0x08, 0x64, 0x08, 0x27, 0x19, 0x64, 0x08, 0x64, 0x08, 0x64, 0x08, 0x64, 0x08, 0x64, 0x08, 0x64, 0x08, 0x64, 0x08, 0x64, 0x08,
  0xa4, 0x10, 0x64, 0x08, 0x64, 0x08, 0x64, 0x08, 0x64, 0x08, 0x64, 0x08, 0x64, 0x08, 0x64, 0x08, 0x64, 0x08, 0x64, 0x08, 0x64, 0x08, 0x64, 0x08, 0x64, 0x08, 0x64, 0x08, 0x64, 0x08, 0x64, 0x08,
  0x64, 0x08, 0x64, 0x08, 0x64, 0x08, 0x64, 0x08, 0x64, 0x08, 0x64, 0x08, 0x64, 0x08, 0x64, 0x08, 0x64, 0x08, 0x64, 0x08, 0x64, 0x08, 0x64, 0x08, 0x64, 0x08, 0x64, 0x08, 0x64, 0x08, 0x64, 0x08,
  0xa4, 0x10, 0x64, 0x08, 0x64, 0x08, 0x64, 0x08, 0x06, 0x19, 0x64, 0x08, 0x64, 0x08, 0x64, 0x08, 0x27, 0x19, 0x64, 0x08, 0x64, 0x08, 0x64, 0x08, 0x64, 0x08, 0x64, 0x08, 0xca, 0x31, 0x58, 0x95,
  0x27, 0x21, 0x64, 0x08, 0x84, 0x08, 0x58, 0x95, 0x8d, 0x42, 0x84, 0x08, 0x2f, 0x53, 0xb6, 0x84, 0x37, 0x95, 0x54, 0x7c, 0x88, 0x29, 0x64, 0x08, 0xca, 0x31, 0x58, 0x95, 0x58, 0x95, 0x58, 0x95,
  0xd6, 0x84, 0x8d, 0x42, 0x64, 0x08, 0x64, 0x08, 0x64, 0x08, 0x64, 0x08, 0x64, 0x08, 0x64, 0x08, 0x64, 0x08, 0x64, 0x08, 0x64, 0x08, 0x27, 0x19, 0x64, 0x08, 0x64, 0x08, 0x64, 0x08, 0x64, 0x08,
  0x64, 0x08, 0x64, 0x08, 0x64, 0x08, 0x64, 0x08, 0x64, 0x08, 0x64, 0x08, 0x64, 0x08, 0x64, 0x08, 0x64, 0x08, 0x64, 0x08, 0x64, 0x08, 0x64, 0x08, 0x64, 0x08, 0x64, 0x08, 0x64, 0x08, 0x64, 0x08,
  0xa4, 0x10, 0x64, 0x08, 0x64, 0x08, 0x64, 0x08, 0x64, 0x08, 0x64, 0x08, 0x64, 0x08, 0x64, 0x08, 0x64, 0x08, 0x64, 0x08, 0x64, 0x08, 0x48, 0x19, 0x64, 0x08, 0x64, 0x08, 0x64, 0x08, 0x64, 0x08,
  0x64, 0x08, 0x64, 0x08, 0x64, 0x08, 0x64, 0x08, 0x64, 0x08, 0x64, 0x08, 0x64, 0x08, 0x64, 0x08, 0x64, 0x08, 0x64, 0x08, 0x64, 0x08, 0x64, 0x08, 0x64, 0x08, 0x64, 0x08, 0x64, 0x08, 0x64, 0x08,
  0xa4, 0x10, 0x64, 0x08, 0x64, 0x08, 0x64, 0x08, 0x64, 0x08, 0x64, 0x08, 0x64, 0x08, 0x64, 0x08, 0x64, 0x08, 0x64, 0x08, 0x64, 0x08, 0x64, 0x08, 0x64, 0x08, 0x64, 0x08, 0x64, 0x08, 0x64, 0x08,
  0x64, 0x08, 0x64, 0x08, 0x64, 0x08, 0x64, 0x08, 0x64, 0x08, 0x64, 0x08, 0x64, 0x08, 0x64, 0x08, 0x64, 0x08, 0x64, 0x08, 0x64, 0x08, 0x64, 0x08, 0x64, 0x08, 0x64, 0x08, 0x64, 0x08, 0x64, 0x08,
  0xa4, 0x10, 0x64, 0x08, 0x64, 0x08, 0x64, 0x08, 0x64, 0x08, 0x64, 0x08, 0x64, 0x08, 0x64, 0x08, 0x64, 0x08, 0x64, 0x08, 0x64, 0x08, 0x64, 0x08, 0x64, 0x08, 0x64, 0x08, 0x64, 0x08, 0x64, 0x08,
  0x64, 0x08, 0x64, 0x08, 0x64, 0x08, 0x64, 0x08, 0x64, 0x08, 0x64, 0x08, 0x64, 0x08, 0x64, 0x08, 0x64, 0x08, 0x64, 0x08, 0x64, 0x08, 0x64, 0x08, 0x64, 0x08, 0x64, 0x08, 0x64, 0x08, 0x64, 0x08,
  0xa4, 0x10, 0x64, 0x08, 0x64, 0x08, 0x64, 0x08, 0x64, 0x08, 0x64, 0x08, 0x64, 0x08, 0x64, 0x08, 0x64, 0x08, 0x64, 0x08, 0x64, 0x08, 0x64, 0x08, 0x64, 0x08, 0x64, 0x08, 0x64, 0x08, 0x64, 0x08,
  0x64, 0x08, 0x64, 0x08, 0x64, 0x08, 0x64, 0x08, 0x64, 0x08, 0x64, 0x08, 0x64, 0x08, 0x64, 0x08, 0x64, 0x08, 0x64, 0x08, 0x64, 0x08, 0x64, 0x08, 0x64, 0x08, 0x64, 0x08, 0x64, 0x08, 0x64, 0x08,
  0xa4, 0x10, 0x64, 0x08, 0x64, 0x08, 0x64, 0x08, 0x64, 0x08, 0x64, 0x08, 0x64, 0x08, 0x64, 0x08, 0x64, 0x08, 0x64, 0x08, 0x64, 0x08, 0x64, 0x08, 0x64, 0x08, 0x64, 0x08, 0x64, 0x08, 0x64, 0x08,
  0x64, 0x08, 0x64, 0x08, 0x64, 0x08, 0x64, 0x08, 0x64, 0x08, 0x64, 0x08, 0x64, 0x08, 0x64, 0x08, 0x64, 0x08, 0x64, 0x08, 0x64, 0x08, 0x64, 0x08, 0x64, 0x08, 0x64, 0x08, 0x64, 0x08, 0x64, 0x08,
  0xa4, 0x10, 0x64, 0x08, 0x64, 0x08, 0x64, 0x08, 0x64, 0x08, 0x64, 0x08, 0x64, 0x08, 0x64, 0x08, 0x64, 0x08, 0x64, 0x08, 0x64, 0x08, 0x64, 0x08, 0x64, 0x08, 0x64, 0x08, 0x64, 0x08, 0x64, 0x08,
  0x64, 0x08, 0x64, 0x08, 0x64, 0x08, 0x47, 0x19, 0x64, 0x08, 0x64, 0x08, 0x64, 0x08, 0x64, 0x08, 0x64, 0x08, 0x64, 0x08, 0x64, 0x08, 0x64, 0x08, 0x64, 0x08, 0x64, 0x08, 0x64, 0x08, 0x64, 0x08,
  0xa4, 0x10, 0x64, 0x08, 0x64, 0x08, 0x64, 0x08, 0x64, 0x08, 0x64, 0x08, 0x64, 0x08, 0x64, 0x08, 0x64, 0x08, 0x64, 0x08, 0x64, 0x08, 0x64, 0x08, 0x64, 0x08, 0x64, 0x08, 0x64, 0x08, 0x64, 0x08,
  0x64, 0x08, 0x64, 0x08, 0x64, 0x08, 0x27, 0x19, 0x64, 0x08, 0x64, 0x08, 0x64, 0x08, 0x27, 0x19, 0x64, 0x08, 0x64, 0x08, 0x64, 0x08, 0x64, 0x08, 0x64, 0x08, 0x64, 0x08, 0x64, 0x08, 0x64, 0x08,
  0xa4, 0x10, 0x64, 0x08, 0x64, 0x08, 0x64, 0x08, 0x64, 0x08, 0x64, 0x08, 0x64, 0x08, 0x64, 0x08, 0x64, 0x08, 0x64, 0x08, 0x64, 0x08, 0x64, 0x08, 0x64, 0x08, 0x64, 0x08, 0x64, 0x08, 0x64, 0x08,
  0x64, 0x08, 0x64, 0x08, 0x64, 0x08, 0x64, 0x08, 0x64, 0x08, 0x64, 0x08, 0x64, 0x08, 0x64, 0x08, 0x64, 0x08, 0x64, 0x08, 0x64, 0x08, 0x64, 0x08, 0x64, 0x08, 0x64, 0x08, 0x64, 0x08, 0x64, 0x08,
  0xa4, 0x10, 0x64, 0x08, 0x64, 0x08, 0x64, 0x08, 0x64, 0x08, 0x06, 0x19, 0x06, 0x19, 0x06, 0x19, 0x64, 0x08, 0x27, 0x19, 0x64, 0x08, 0x64, 0x08, 0x64, 0x08, 0x64, 0x08, 0xca, 0x31, 0x58, 0x95,
  0x27, 0x21, 0x64, 0x08, 0x84, 0x08, 0x58, 0x95, 0x8d, 0x42, 0xea, 0x31, 0x58, 0x95, 0xa9, 0x29, 0xa5, 0x10, 0xf2, 0x6b, 0x95, 0x84, 0x64, 0x08, 0xca, 0x31, 0x58, 0x95, 0x47, 0x21, 0x84, 0x10,
  0x8d, 0x4a, 0x58, 0x95, 0xa9, 0x29, 0x64, 0x08, 0x64, 0x08, 0x64, 0x08, 0x64, 0x08, 0x64, 0x08, 0x64, 0x08, 0x64, 0x08, 0x64, 0x08, 0x27, 0x19, 0x64, 0x08, 0x64, 0x08, 0x64, 0x08, 0x64, 0x08,
  0x64, 0x08, 0x64, 0x08, 0x64, 0x08, 0x64, 0x08, 0x64, 0x08, 0x64, 0x08, 0x64, 0x08, 0x64, 0x08, 0x64, 0x08, 0x64, 0x08, 0x64, 0x08, 0x64, 0x08, 0x64, 0x08, 0x64, 0x08, 0x64, 0x08, 0x64, 0x08,
  0xa4, 0x10, 0x64, 0x08, 0x64, 0x08, 0x64, 0x08, 0x64, 0x08, 0x64, 0x08, 0x64, 0x08, 0x64, 0x08, 0x64, 0x08, 0x64, 0x08, 0x64, 0x08, 0x48, 0x19, 0x64, 0x08, 0x64, 0x08, 0x64, 0x08, 0x64, 0x08,
  0x64, 0x08, 0x64, 0x08, 0x64, 0x08, 0x64, 0x08, 0x64, 0x08, 0x64, 0x08, 0x64, 0x08, 0x64, 0x08, 0x64, 0x08, 0x64, 0x08, 0x64, 0x08, 0x64, 0x08, 0x64, 0x08, 0x64, 0x08, 0x64, 0x08, 0x64, 0x08,
  0xa4, 0x10, 0x64, 0x08, 0x64, 0x08, 0x64, 0x08, 0x64, 0x08, 0x64, 0x08, 0x64, 0x08, 0x64, 0x08, 0x48, 0x19, 0x48, 0x19, 0x48, 0x19, 0x64, 0x08, 0x64, 0x08, 0x64, 0x08, 0x64, 0x08, 0x64, 0x08,
  0x64, 0x08, 0x64, 0x08, 0x64, 0x08, 0x64, 0x08, 0x64, 0x08, 0x64, 0x08, 0x64, 0x08, 0x64, 0x08, 0x64, 0x08, 0x64, 0x08, 0x64, 0x08, 0x64, 0x08, 0x64, 0x08, 0x64, 0x08, 0x64, 0x08, 0x64, 0x08,
  0xa4, 0x10, 0x64, 0x08, 0x64, 0x08, 0x64, 0x08, 0x64, 0x08, 0x64, 0x08, 0x64, 0x08, 0x64, 0x08, 0x64, 0x08, 0x64, 0x08, 0x64, 0x08, 0x64, 0x08, 0x64, 0x08, 0x64, 0x08, 0x64, 0x08, 0x64, 0x08,
  0x64, 0x08, 0x64, 0x08, 0x64, 0x08, 0x64, 0x08, 0x64, 0x08, 0x64, 0x08, 0x64, 0x08, 0x64, 0x08, 0x64, 0x08, 0x64, 0x08, 0x64, 0x08, 0x64, 0x08, 0x64, 0x08, 0x64, 0x08, 0x64, 0x08, 0x64, 0x08,
  0xa4, 0x10, 0x64, 0x08, 0x64, 0x08, 0x64, 0x08, 0x64, 0x08, 0x64, 0x08, 0x64, 0x08, 0x64, 0x08, 0x64, 0x08, 0x64, 0x08, 0x64, 0x08, 0x64, 0x08, 0x64, 0x08, 0x64, 0x08, 0x64, 0x08, 0x64, 0x08,
  0x64, 0x08, 0x64, 0x08, 0x64, 0x08, 0x64, 0x08, 0x64, 0x08, 0x64, 0x08, 0x64, 0x08, 0x64, 0x08, 0x64, 0x08, 0x64, 0x08, 0x64, 0x08, 0x64, 0x08, 0x64, 0x08, 0x64, 0x08, 0x64, 0x08, 0x64, 0x08,
  0xa4, 0x10, 0x64, 0x08, 0x64, 0x08, 0x64, 0x08, 0x64, 0x08, 0x64, 0x08, 0x64, 0x08, 0x64, 0x08, 0x64, 0x08, 0x64, 0x08, 0x64, 0x08, 0x64, 0x08, 0x64, 0x08, 0x64, 0x08, 0x64, 0x08, 0x64, 0x08,
  0x64, 0x08, 0x64, 0x08, 0x64, 0x08, 0x64, 0x08, 0x64, 0x08, 0x64, 0x08, 0x64, 0x08, 0x64, 0x08, 0x64, 0x08, 0x64, 0x08, 0x64, 0x08, 0x64, 0x08, 0x64, 0x08, 0x64, 0x08, 0x64, 0x08, 0x64, 0x08,
  0xa4, 0x10, 0x64, 0x08, 0x64, 0x08, 0x64, 0x08, 0x64, 0x08, 0x64, 0x08, 0x64, 0x08, 0x64, 0x08, 0x64, 0x08, 0x64, 0x08, 0x64, 0x08, 0x64, 0x08, 0x64, 0x08, 0x64, 0x08, 0x64, 0x08, 0x64, 0x08,
  0x64, 0x08, 0x64, 0x08, 0x64, 0x08, 0x47, 0x19, 0x64, 0x08, 0x64, 0x08, 0x64, 0x08, 0x64, 0x08, 0x64, 0x08, 0x64, 0x08, 0x64, 0x08, 0x64, 0x08, 0x64, 0x08, 0x64, 0x08, 0x64, 0x08, 0x64, 0x08,
  0xa4, 0x10, 0x64, 0x08, 0x64, 0x08, 0x64, 0x08, 0x64, 0x08, 0x64, 0x08, 0x64, 0x08, 0x64, 0x08, 0x64, 0x08, 0x64, 0x08, 0x64, 0x08, 0x64, 0x08, 0x64, 0x08, 0x64, 0x08, 0x64, 0x08, 0x64, 0x08,
  0x64, 0x08, 0x64, 0x08, 0x64, 0x08, 0x27, 0x19, 0x64, 0x08, 0x64, 0x08, 0x64, 0x08, 0x27, 0x19, 0x64, 0x08, 0x64, 0x08, 0x64, 0x08, 0x64, 0x08, 0x64, 0x08, 0x64, 0x08, 0x64, 0x08, 0x64, 0x08,
  0xa4, 0x10, 0x64, 0x08, 0x64, 0x08, 0x64, 0x08, 0x64, 0x08, 0x64, 0x08, 0x64, 0x08, 0x64, 0x08, 0x64, 0x08, 0x64, 0x08, 0x64, 0x08, 0x64, 0x08, 0x64, 0x08, 0x64, 0x08, 0x64, 0x08, 0x64, 0x08,
  0x64, 0x08, 0x64, 0x08, 0x64, 0x08, 0x64, 0x08, 0x64, 0x08, 0x64, 0x08, 0x64, 0x08, 0x64, 0x08, 0x64, 0x08, 0x64, 0x08, 0x64, 0x08, 0x64, 0x08, 0x64, 0x08, 0x64, 0x08, 0x64, 0x08, 0x64, 0x08,
  0xa4, 0x10, 0x64, 0x08, 0x64, 0x08, 0x64, 0x08, 0x64, 0x08, 0x64, 0x08, 0x64, 0x08, 0x64, 0x08, 0x64, 0x08, 0x64, 0x08, 0x27, 0x19, 0x64, 0x08, 0x64, 0x08, 0x64, 0x08, 0xca, 0x31, 0x58, 0x95,
  0x27, 0x21, 0x64, 0x08, 0x84, 0x08, 0x58, 0x95, 0x8d, 0x42, 0x68, 0x29, 0x58, 0x95, 0x0f, 0x53, 0x68, 0x21, 0x84, 0x08, 0x64, 0x08, 0x64, 0x08, 0xca, 0x31, 0x58, 0x95, 0x47, 0x21, 0x64, 0x08,
  0xa4, 0x10, 0xb6, 0x84, 0x70, 0x63, 0x64, 0x08, 0x64, 0x08, 0x64, 0x08, 0x64, 0x08, 0x64, 0x08, 0x64, 0x08, 0x64, 0x08, 0x64, 0x08, 0x27, 0x19, 0x64, 0x08, 0x64, 0x08, 0x64, 0x08, 0x64, 0x08,
  0x64, 0x08, 0x64, 0x08, 0x64, 0x08, 0x64, 0x08, 0x64, 0x08, 0x64, 0x08, 0x64, 0x08, 0x64, 0x08, 0x64, 0x08, 0x64, 0x08, 0x64, 0x08, 0x64, 0x08, 0x64, 0x08, 0x64, 0x08, 0x64, 0x08, 0x64, 0x08,
  0xa4, 0x10, 0x64, 0x08, 0x64, 0x08, 0x64, 0x08, 0x64, 0x08, 0x64, 0x08, 0x64, 0x08, 0x64, 0x08, 0x64, 0x08, 0x64, 0x08, 0x64, 0x08, 0x48, 0x19, 0x64, 0x08, 0x64, 0x08, 0x64, 0x08, 0x64, 0x08,
  0x64, 0x08, 0x64, 0x08, 0x64, 0x08, 0x64, 0x08, 0x64, 0x08, 0x64, 0x08, 0x64, 0x08, 0x64, 0x08, 0x64, 0x08, 0x64, 0x08, 0x64, 0x08, 0x64, 0x08, 0x64, 0x08, 0x64, 0x08, 0x64, 0x08, 0x64, 0x08,
  0xa4, 0x10, 0x64, 0x08, 0x64, 0x08, 0x64, 0x08, 0x64, 0x08, 0x64, 0x08, 0x64, 0x08, 0x48, 0x19, 0x48, 0x19, 0x48, 0x19, 0x48, 0x19, 0x48, 0x19, 0x64, 0x08, 0x64, 0x08, 0x64, 0x08, 0x64, 0x08,
  0x64, 0x08, 0x64, 0x08, 0x64, 0x08, 0x64, 0x08, 0x64, 0x08, 0x64, 0x08, 0x64, 0x08, 0x64, 0x08, 0x64, 0x08, 0x64, 0x08, 0x64, 0x08, 0x64, 0x08, 0x64, 0x08, 0x64, 0x08, 0x64, 0x08, 0x64, 0x08,
  0xa4, 0x10, 0x64, 0x08, 0x64, 0x08, 0x64, 0x08, 0x64, 0x08, 0x64, 0x08, 0x64, 0x08, 0x64, 0x08, 0x64, 0x08, 0x64, 0x08, 0x64, 0x08, 0x64, 0x08, 0x64, 0x08, 0x64, 0x08, 0x64, 0x08, 0x64, 0x08,
  0x64, 0x08, 0x64, 0x08, 0x64, 0x08, 0x64, 0x08, 0x64, 0x08, 0x64, 0x08, 0x64, 0x08, 0x64, 0x08, 0x64, 0x08, 0x64, 0x08, 0x64, 0x08, 0x64, 0x08, 0x64, 0x08, 0x64, 0x08, 0x64, 0x08, 0x64, 0x08,
  0xa4, 0x10, 0x64, 0x08, 0x64, 0x08, 0x64, 0x08, 0x64, 0x08, 0x64, 0x08, 0x64, 0x08, 0x64, 0x08, 0x64, 0x08, 0x64, 0x08, 0x64, 0x08, 0x64, 0x08, 0x64, 0x08, 0x64, 0x08, 0x64, 0x08, 0x64, 0x08,
  0x64, 0x08, 0x64, 0x08, 0x64, 0x08, 0x64, 0x08, 0x64, 0x08, 0x64, 0x08, 0x64, 0x08, 0x64, 0x08, 0x64, 0x08, 0x64, 0x08, 0x64, 0x08, 0x64, 0x08, 0x64, 0x08, 0x64, 0x08, 0x64, 0x08, 0x64, 0x08,
  0xa4, 0x10, 0x64, 0x08, 0x64, 0x08, 0x64, 0x08, 0x64, 0x08, 0x64, 0x08, 0x64, 0x08, 0x64, 0x08, 0x64, 0x08, 0x64, 0x08, 0x64, 0x08, 0x64, 0x08, 0x64, 0x08, 0x64, 0x08, 0x64, 0x08, 0x64, 0x08,
  0x64, 0x08, 0x64, 0x08, 0x64, 0x08, 0x64, 0x08, 0x64, 0x08, 0x64, 0x08, 0x64, 0x08, 0x64, 0x08, 0x64, 0x08, 0x64, 0x08, 0x64, 0x08, 0x64, 0x08, 0x64, 0x08, 0x64, 0x08, 0x64, 0x08, 0x64, 0x08,
  0xa4, 0x10, 0x64, 0x08, 0x64, 0x08, 0x64, 0x08, 0x64, 0x08, 0x64, 0x08, 0x64, 0x08, 0x64, 0x08, 0x64, 0x08, 0x64, 0x08, 0x64, 0x08, 0x64, 0x08, 0x64, 0x08, 0x64, 0x08, 0x64, 0x08, 0x64, 0x08,
  0x64, 0x08, 0x64, 0x08, 0x64, 0x08, 0x47, 0x19, 0x64, 0x08, 0x64, 0x08, 0x64, 0x08, 0x64, 0x08, 0x64, 0x08, 0x64, 0x08, 0x64, 0x08, 0x64, 0x08, 0x64, 0x08, 0x64, 0x08, 0x64, 0x08, 0x64, 0x08,
  0xa4, 0x10, 0x64, 0x08, 0x64, 0x08, 0x64, 0x08, 0x64, 0x08, 0x64, 0x08, 0x64, 0x08, 0x64, 0x08, 0x64, 0x08, 0x64, 0x08, 0x64, 0x08, 0x64, 0x08, 0x64, 0x08, 0x64, 0x08, 0x64, 0x08, 0x64, 0x08,
  0x64, 0x08, 0x64, 0x08, 0x64, 0x08, 0x27, 0x19, 0x64, 0x08, 0x64, 0x08, 0x64, 0x08, 0x27, 0x19, 0x64, 0x08, 0x64, 0x08, 0x64, 0x08, 0x64, 0x08, 0x64, 0x08, 0x64, 0x08, 0x64, 0x08, 0x64, 0x08,
  0xa4, 0x10, 0x64, 0x08, 0x64, 0x08, 0x64, 0x08, 0x64, 0x08, 0x64, 0x08, 0x64, 0x08, 0x64, 0x08, 0x64, 0x08, 0x64, 0x08, 0x64, 0x08, 0x64, 0x08, 0x64, 0x08, 0x64, 0x08, 0x64, 0x08, 0x64, 0x08,
  0x64, 0x08, 0x64, 0x08, 0x64, 0x08, 0x64, 0x08, 0x64, 0x08, 0x64, 0x08, 0x64, 0x08, 0x64, 0x08, 0x64, 0x08, 0x64, 0x08, 0x64, 0x08, 0x64, 0x08, 0x64, 0x08, 0x64, 0x08, 0x64, 0x08, 0x64, 0x08,
  0xa4, 0x10, 0x64, 0x08, 0x64, 0x08, 0x64, 0x08, 0x64, 0x08, 0x64, 0x08, 0x64, 0x08, 0x64, 0x08, 0x64, 0x08, 0x64, 0x08, 0x64, 0x08, 0x27, 0x19, 0x64, 0x08, 0x64, 0x08, 0xc9, 0x31, 0x58, 0x95,
  0x27, 0x21, 0x64, 0x08, 0x84, 0x08, 0x58, 0x95, 0x8c, 0x42, 0x64, 0x08, 0x2b, 0x3a, 0x95, 0x7c, 0x58, 0x95, 0x17, 0x8d, 0xad, 0x4a, 0x64, 0x08, 0xca, 0x31, 0x58, 0x95, 0x47, 0x21, 0x64, 0x08,
  0xa4, 0x10, 0x54, 0x74, 0xd2, 0x6b, 0x64, 0x08, 0x64, 0x08, 0x64, 0x08, 0x64, 0x08, 0x64, 0x08, 0x64, 0x08, 0x64, 0x08, 0x64, 0x08, 0x27, 0x19, 0x64, 0x08, 0x64, 0x08, 0x64, 0x08, 0x64, 0x08,
  0x64, 0x08, 0x64, 0x08, 0x64, 0x08, 0x64, 0x08, 0x64, 0x08, 0x64, 0x08, 0x64, 0x08, 0x64, 0x08, 0x64, 0x08, 0x64, 0x08, 0x64, 0x08, 0x64, 0x08, 0x64, 0x08, 0x64, 0x08, 0x64, 0x08, 0x64, 0x08,
  0xa4, 0x10, 0x64, 0x08, 0x64, 0x08, 0x64, 0x08, 0x64, 0x08, 0x64, 0x08, 0x64, 0x08, 0x64, 0x08, 0x64, 0x08, 0x64, 0x08, 0x64, 0x08, 0x48, 0x19, 0x64, 0x08, 0x64, 0x08, 0x64, 0x08, 0x64, 0x08,
  0x64, 0x08, 0x64, 0x08, 0x64, 0x08, 0x64, 0x08, 0x64, 0x08, 0x64, 0x08, 0x64, 0x08, 0x64, 0x08, 0x64, 0x08, 0x64, 0x08, 0x64, 0x08, 0x64, 0x08, 0x64, 0x08, 0x64, 0x08, 0x64, 0x08, 0x64, 0x08,
  0xa4, 0x10, 0x64, 0x08, 0x64, 0x08, 0x64, 0x08, 0x64, 0x08, 0x64, 0x08, 0x48, 0x19, 0x48, 0x19, 0x48, 0x19, 0x48, 0x19, 0x48, 0x19, 0x48, 0x19, 0x48, 0x19, 0x64, 0x08, 0x64, 0x08, 0x64, 0x08,
  0x64, 0x08, 0x64, 0x08, 0x64, 0x08, 0x64, 0x08, 0x64, 0x08, 0x64, 0x08, 0x64, 0x08, 0x64, 0x08, 0x64, 0x08, 0x64, 0x08, 0x64, 0x08, 0x64, 0x08, 0x64, 0x08, 0x64, 0x08, 0x64, 0x08, 0x64, 0x08,
  0xa4, 0x10, 0x64, 0x08, 0x64, 0x08, 0x64, 0x08, 0x64, 0x08, 0x64, 0x08, 0x64, 0x08, 0x64, 0x08, 0x64, 0x08, 0x64, 0x08, 0x64, 0x08, 0x64, 0x08, 0x64, 0x08, 0x64, 0x08, 0x64, 0x08, 0x64, 0x08,
  0x64, 0x08, 0x64, 0x08, 0x64, 0x08, 0x64, 0x08, 0x64, 0x08, 0x64, 0x08, 0x64, 0x08, 0x64, 0x08, 0x64, 0x08, 0x64, 0x08, 0x64, 0x08, 0x64, 0x08, 0x64, 0x08, 0x64, 0x08, 0x64, 0x08, 0x64, 0x08,
  0xa4, 0x10, 0x64, 0x08, 0x64, 0x08, 0x64, 0x08, 0x64, 0x08, 0x64, 0x08, 0x64, 0x08, 0x64, 0x08, 0x64, 0x08, 0x64, 0x08, 0x64, 0x08, 0x64, 0x08, 0x64, 0x08, 0x64, 0x08, 0x64, 0x08, 0x64, 0x08,
  0x64, 0x08, 0x64, 0x08, 0x64, 0x08, 0x64, 0x08, 0x64, 0x08, 0x64, 0x08, 0x64, 0x08, 0x64, 0x08, 0x64, 0x08, 0x64, 0x08, 0x64, 0x08, 0x64, 0x08, 0x64, 0x08, 0x64, 0x08, 0x64, 0x08, 0x64, 0x08,
  0xa4, 0x10, 0x64, 0x08, 0x64, 0x08, 0x64, 0x08, 0x64, 0x08, 0x64, 0x08, 0x64, 0x08, 0x64, 0x08, 0x64, 0x08, 0x64, 0x08, 0x64, 0x08, 0x64, 0x08, 0x64, 0x08, 0x64, 0x08, 0x64, 0x08, 0x64, 0x08,
  0x64, 0x08, 0x64, 0x08, 0x64, 0x08, 0x64, 0x08, 0x64, 0x08, 0x64, 0x08, 0x64, 0x08, 0x64, 0x08, 0x64, 0x08, 0x64, 0x08, 0x64, 0x08, 0x64, 0x08, 0x64, 0x08, 0x64, 0x08, 0x64, 0x08, 0x64, 0x08,
  0xa4, 0x10, 0x64, 0x08, 0x64, 0x08, 0x64, 0x08, 0x64, 0x08, 0x64, 0x08, 0x64, 0x08, 0x64, 0x08, 0x64, 0x08, 0x64, 0x08, 0x64, 0x08, 0x64, 0x08, 0x64, 0x08, 0x64, 0x08, 0x64, 0x08, 0x64, 0x08,
  0x64, 0x08, 0x64, 0x08, 0x64, 0x08, 0x47, 0x19, 0x64, 0x08, 0x64, 0x08, 0x64, 0x08, 0x64, 0x08, 0x64, 0x08, 0x64, 0x08, 0x64, 0x08, 0x64, 0x08, 0x64, 0x08, 0x64, 0x08, 0x64, 0x08, 0x64, 0x08,
  0xa4, 0x10, 0x64, 0x08, 0x64, 0x08, 0x64, 0x08, 0x64, 0x08, 0x64, 0x08, 0x64, 0x08, 0x64, 0x08, 0x64, 0x08, 0x64, 0x08, 0x64, 0x08, 0x64, 0x08, 0x64, 0x08, 0x64, 0x08, 0x64, 0x08, 0x64, 0x08,
  0x64, 0x08, 0x64, 0x08, 0x64, 0x08, 0x27, 0x19, 0x64, 0x08, 0x64, 0x08, 0x64, 0x08, 0x27, 0x19, 0x64, 0x08, 0x64, 0x08, 0x64, 0x08, 0x64, 0x08, 0x64, 0x08, 0x64, 0x08, 0x64, 0x08, 0x64, 0x08,
  0xa4, 0x10, 0x64, 0x08, 0x64, 0x08, 0x64, 0x08, 0x64, 0x08, 0x64, 0x08, 0x64, 0x08, 0x64, 0x08, 0x64, 0x08, 0x64, 0x08, 0x64, 0x08, 0x64, 0x08, 0x64, 0x08, 0x64, 0x08, 0x64, 0x08, 0x64, 0x08,
  0x64, 0x08, 0x64, 0x08, 0x64, 0x08, 0x64, 0x08, 0x64, 0x08, 0x64, 0x08, 0x64, 0x08, 0x64, 0x08, 0x64, 0x08, 0x64, 0x08, 0x64, 0x08, 0x64, 0x08, 0x64, 0x08, 0x64, 0x08, 0x64, 0x08, 0x64, 0x08,
  0xc5, 0x18, 0xa4, 0x10, 0xa4, 0x10, 0xa4, 0x10, 0xa4, 0x10, 0xa4, 0x10, 0xa4, 0x10, 0xa4, 0x10, 0xa4, 0x10, 0xa4, 0x10, 0xa4, 0x10, 0xa4, 0x10, 0x47, 0x21, 0xa4, 0x10, 0xc9, 0x31, 0x58, 0x95,
  0x68, 0x29, 0xa4, 0x10, 0xc5, 0x10, 0x58, 0x95, 0x6c, 0x42, 0xa4, 0x10, 0xa4, 0x10, 0xa4, 0x10, 0x68, 0x21, 0xd2, 0x6b, 0x58, 0x95, 0x26, 0x21, 0xea, 0x31, 0x58, 0x95, 0x68, 0x29, 0xa4, 0x10,
  0xc5, 0x18, 0xb5, 0x84, 0x50, 0x5b, 0xa4, 0x10, 0xa4, 0x10, 0xa4, 0x10, 0xa4, 0x10, 0xa4, 0x10, 0xa4, 0x10, 0xa4, 0x10, 0xa4, 0x10, 0x47, 0x21, 0xa4, 0x10, 0xa4, 0x10, 0xa4, 0x10, 0xa4, 0x10,
  0xa4, 0x10, 0xa4, 0x10, 0xa4, 0x10, 0xa4, 0x10, 0xa4, 0x10, 0xa4, 0x10, 0xa4, 0x10, 0xa4, 0x10, 0xa4, 0x10, 0xa4, 0x10, 0xa4, 0x10, 0xa4, 0x10, 0xa4, 0x10, 0xa4, 0x10, 0xa4, 0x10, 0xa4, 0x10,
  0xc5, 0x18, 0xa4, 0x10, 0xa4, 0x10, 0xa4, 0x10, 0xa4, 0x10, 0xa4, 0x10, 0xa4, 0x10, 0xa4, 0x10, 0xa4, 0x10, 0xa4, 0x10, 0xa4, 0x10, 0x68, 0x21, 0xa4, 0x10, 0xa4, 0x10, 0xa4, 0x10, 0xa4, 0x10,
  0xa4, 0x10, 0xa4, 0x10, 0xa4, 0x10, 0xa4, 0x10, 0xa4, 0x10, 0xa4, 0x10, 0xa4, 0x10, 0xa4, 0x10, 0xa4, 0x10, 0xa4, 0x10, 0xa4, 0x10, 0xa4, 0x10, 0xa4, 0x10, 0xa4, 0x10, 0xa4, 0x10, 0xa4, 0x10,
  0xc5, 0x18, 0xa4, 0x10, 0xa4, 0x10, 0xa4, 0x10, 0xa4, 0x10, 0xa4, 0x10, 0x68, 0x21, 0x68, 0x21, 0x68, 0x21, 0x68, 0x21, 0x68, 0x21, 0x68, 0x21, 0x68, 0x21, 0xa4, 0x10, 0xa4, 0x10, 0xa4, 0x10,
  0xa4, 0x10, 0xa4, 0x10, 0xa4, 0x10, 0xa4, 0x10, 0xa4, 0x10, 0xa4, 0x10, 0xa4, 0x10, 0xa4, 0x10, 0xa4, 0x10, 0xa4, 0x10, 0xa4, 0x10, 0xa4, 0x10, 0xa4, 0x10, 0xa4, 0x10, 0xa4, 0x10, 0xa4, 0x10,
  0xc5, 0x18, 0xa4, 0x10, 0xa4, 0x10, 0xa4, 0x10, 0xa4, 0x10, 0xa4, 0x10, 0xa4, 0x10, 0xa4, 0x10, 0xa4, 0x10, 0xa4, 0x10, 0xa4, 0x10, 0xa4, 0x10, 0xa4, 0x10, 0xa4, 0x10, 0xa4, 0x10, 0xa4, 0x10,
  0xa4, 0x10, 0xa4, 0x10, 0xa4, 0x10, 0xa4, 0x10, 0xa4, 0x10, 0xa4, 0x10, 0xa4, 0x10, 0xa4, 0x10, 0xa4, 0x10, 0xa4, 0x10, 0xa4, 0x10, 0xa4, 0x10, 0xa4, 0x10, 0xa4, 0x10, 0xa4, 0x10, 0xa4, 0x10,
  0xc5, 0x18, 0xa4, 0x10, 0xa4, 0x10, 0xa4, 0x10, 0xa4, 0x10, 0xa4, 0x10, 0xa4, 0x10, 0xa4, 0x10, 0xa4, 0x10, 0xa4, 0x10, 0xa4, 0x10, 0xa4, 0x10, 0xa4, 0x10, 0xa4, 0x10, 0xa4, 0x10, 0xa4, 0x10,
  0xa4, 0x10, 0xa4, 0x10, 0xa4, 0x10, 0xa4, 0x10, 0xa4, 0x10, 0xa4, 0x10, 0xa4, 0x10, 0xa4, 0x10, 0xa4, 0x10, 0xa4, 0x10, 0xa4, 0x10, 0xa4, 0x10, 0xa4, 0x10, 0xa4, 0x10, 0xa4, 0x10, 0xa4, 0x10,
  0xc5, 0x18, 0xa4, 0x10, 0xa4, 0x10, 0xa4, 0x10, 0xa4, 0x10, 0xa4, 0x10, 0xa4, 0x10, 0xa4, 0x10, 0xa4, 0x10, 0xa4, 0x10, 0xa4, 0x10, 0xa4, 0x10, 0xa4, 0x10, 0xa4, 0x10, 0xa4, 0x10, 0xa4, 0x10,
  0xa4, 0x10, 0xa4, 0x10, 0xa4, 0x10, 0xa4, 0x10, 0xa4, 0x10, 0xa4, 0x10, 0xa4, 0x10, 0xa4, 0x10, 0xa4, 0x10, 0xa4, 0x10, 0xa4, 0x10, 0xa4, 0x10, 0xa4, 0x10, 0xa4, 0x10, 0xa4, 0x10, 0xa4, 0x10,
  0xc5, 0x18, 0xa4, 0x10, 0xa4, 0x10, 0xa4, 0x10, 0xa4, 0x10, 0xa4, 0x10, 0xa4, 0x10, 0xa4, 0x10, 0xa4, 0x10, 0xa4, 0x10, 0xa4, 0x10, 0xa4, 0x10, 0xa4, 0x10, 0xa4, 0x10, 0xa4, 0x10, 0xa4, 0x10,
  0xa4, 0x10, 0xa4, 0x10, 0xa4, 0x10, 0x68, 0x21, 0xa4, 0x10, 0xa4, 0x10, 0xa4, 0x10, 0xa4, 0x10, 0xa4, 0x10, 0xa4, 0x10, 0xa4, 0x10, 0xa4, 0x10, 0xa4, 0x10, 0xa4, 0x10, 0xa4, 0x10, 0xa4, 0x10,
  0xc5, 0x18, 0xa4, 0x10, 0xa4, 0x10, 0xa4, 0x10, 0xa4, 0x10, 0xa4, 0x10, 0xa4, 0x10, 0xa4, 0x10, 0xa4, 0x10, 0xa4, 0x10, 0xa4, 0x10, 0xa4, 0x10, 0xa4, 0x10, 0xa4, 0x10, 0xa4, 0x10, 0xa4, 0x10,
  0xa4, 0x10, 0xa4, 0x10, 0xa4, 0x10, 0x67, 0x21, 0xa4, 0x10, 0xa4, 0x10, 0xa4, 0x10, 0x47, 0x21, 0xa4, 0x10, 0xa4, 0x10, 0xa4, 0x10, 0xa4, 0x10, 0xa4, 0x10, 0xa4, 0x10, 0xa4, 0x10, 0xa4, 0x10,
  0xc5, 0x18, 0xa4, 0x10, 0xa4, 0x10, 0xa4, 0x10, 0xa4, 0x10, 0xa4, 0x10, 0xa4, 0x10, 0xa4, 0x10, 0xa4, 0x10, 0xa4, 0x10, 0xa4, 0x10, 0xa4, 0x10, 0xa4, 0x10, 0xa4, 0x10, 0xa4, 0x10, 0xa4, 0x10,
  0xa4, 0x10, 0xa4, 0x10, 0xa4, 0x10, 0xa4, 0x10, 0xa4, 0x10, 0xa4, 0x10, 0xa4, 0x10, 0xa4, 0x10, 0xa4, 0x10, 0xa4, 0x10, 0xa4, 0x10, 0xa4, 0x10, 0xa4, 0x10, 0xa4, 0x10, 0xa4, 0x10, 0xa4, 0x10,
  0xa4, 0x10, 0x64, 0x08, 0x64, 0x08, 0x64, 0x08, 0x64, 0x08, 0x64, 0x08, 0x64, 0x08, 0x64, 0x08, 0x64, 0x08, 0x64, 0x08, 0x64, 0x08, 0x64, 0x08, 0x64, 0x08, 0x26, 0x19, 0xe5, 0x18, 0x38, 0x95,
  0x0f, 0x53, 0xa4, 0x10, 0x2b, 0x3a, 0x58, 0x95, 0x68, 0x29, 0xcd, 0x4a, 0x17, 0x8d, 0x47, 0x21, 0xa4, 0x10, 0xee, 0x52, 0x38, 0x95, 0xc5, 0x10, 0xc9, 0x31, 0x58, 0x95, 0x47, 0x21, 0x84, 0x08,
  0x2b, 0x3a, 0x58, 0x95, 0xc9, 0x31, 0x64, 0x08, 0x64, 0x08, 0x64, 0x08, 0x64, 0x08, 0x64, 0x08, 0x64, 0x08, 0x64, 0x08, 0x64, 0x08, 0x27, 0x19, 0x64, 0x08, 0x64, 0x08, 0x64, 0x08, 0x64, 0x08,
  0x64, 0x08, 0x64, 0x08, 0x64, 0x08, 0x64, 0x08, 0x64, 0x08, 0x64, 0x08, 0x64, 0x08, 0x64, 0x08, 0x64, 0x08, 0x64, 0x08, 0x64, 0x08, 0x64, 0x08, 0x64, 0x08, 0x64, 0x08, 0x64, 0x08, 0x64, 0x08,
  0xa4, 0x10, 0x64, 0x08, 0x64, 0x08, 0x64, 0x08, 0x64, 0x08, 0x64, 0x08, 0x64, 0x08, 0x64, 0x08, 0x64, 0x08, 0x64, 0x08, 0x64, 0x08, 0x47, 0x19, 0x64, 0x08, 0x64, 0x08, 0x64, 0x08, 0x64, 0x08,
  0x64, 0x08, 0x64, 0x08, 0x64, 0x08, 0x64, 0x08, 0x64, 0x08, 0x64, 0x08, 0x64, 0x08, 0x64, 0x08, 0x64, 0x08, 0x64, 0x08, 0x64, 0x08, 0x64, 0x08, 0x64, 0x08, 0x64, 0x08, 0x64, 0x08, 0x64, 0x08,
  0xa4, 0x10, 0x64, 0x08, 0x64, 0x08, 0x64, 0x08, 0x64, 0x08, 0x64, 0x08, 0x48, 0x19, 0x48, 0x19, 0x48, 0x19, 0x48, 0x19, 0x48, 0x19, 0x48, 0x19, 0x48, 0x19, 0x47, 0x19, 0x47, 0x19, 0x47, 0x19,
  0x64, 0x08, 0x64, 0x08, 0x64, 0x08, 0x64, 0x08, 0x64, 0x08, 0x64, 0x08, 0x64, 0x08, 0x64, 0x08, 0x64, 0x08, 0x64, 0x08, 0x64, 0x08, 0x64, 0x08, 0x64, 0x08, 0x64, 0x08, 0x64, 0x08, 0x64, 0x08,
  0xa4, 0x10, 0x64, 0x08, 0x64, 0x08, 0x64, 0x08, 0x64, 0x08, 0x64, 0x08, 0x64, 0x08, 0x64, 0x08, 0x64, 0x08, 0x64, 0x08, 0x64, 0x08, 0x64, 0x08, 0x64, 0x08, 0x64, 0x08, 0x64, 0x08, 0x64, 0x08,
  0x64, 0x08, 0x64, 0x08, 0x64, 0x08, 0x64, 0x08, 0x64, 0x08, 0x64, 0x08, 0x64, 0x08, 0x64, 0x08, 0x64, 0x08, 0x64, 0x08, 0x64, 0x08, 0x64, 0x08, 0x64, 0x08, 0x64, 0x08, 0x64, 0x08, 0x64, 0x08,
  0xa4, 0x10, 0x64, 0x08, 0x64, 0x08, 0x64, 0x08, 0x64, 0x08, 0x64, 0x08, 0x64, 0x08, 0x64, 0x08, 0x64, 0x08, 0x64, 0x08, 0x64, 0x08, 0x64, 0x08, 0x64, 0x08, 0x64, 0x08, 0x64, 0x08, 0x64, 0x08,
  0x64, 0x08, 0x64, 0x08, 0x64, 0x08, 0x64, 0x08, 0x64, 0x08, 0x64, 0x08, 0x64, 0x08, 0x64, 0x08, 0x64, 0x08, 0x64, 0x08, 0x64, 0x08, 0x64, 0x08, 0x64, 0x08, 0x64, 0x08, 0x64, 0x08, 0x64, 0x08,
  0xa4, 0x10, 0x64, 0x08, 0x64, 0x08, 0x64, 0x08, 0x64, 0x08, 0x64, 0x08, 0x64, 0x08, 0x64, 0x08, 0x64, 0x08, 0x64, 0x08, 0x64, 0x08, 0x64, 0x08, 0x64, 0x08, 0x64, 0x08, 0x64, 0x08, 0x64, 0x08,
  0x64, 0x08, 0x64, 0x08, 0x64, 0x08, 0x64, 0x08, 0x64, 0x08, 0x64, 0x08, 0x64, 0x08, 0x64, 0x08, 0x64, 0x08, 0x64, 0x08, 0x64, 0x08, 0x64, 0x08, 0x64, 0x08, 0x64, 0x08, 0x64, 0x08, 0x64, 0x08,
  0xa4, 0x10, 0x64, 0x08, 0x64, 0x08, 0x64, 0x08, 0x64, 0x08, 0x64, 0x08, 0x64, 0x08, 0x64, 0x08, 0x64, 0x08, 0x64, 0x08, 0x64, 0x08, 0x64, 0x08, 0x64, 0x08, 0x64, 0x08, 0x64, 0x08, 0x64, 0x08,
  0x64, 0x08, 0x64, 0x08, 0x64, 0x08, 0x47, 0x19, 0x64, 0x08, 0x64, 0x08, 0x64, 0x08, 0x64, 0x08, 0x64, 0x08, 0x64, 0x08, 0x64, 0x08, 0x64, 0x08, 0x64, 0x08, 0x64, 0x08, 0x64, 0x08, 0x64, 0x08,
  0xa4, 0x10, 0x64, 0x08, 0x64, 0x08, 0x64, 0x08, 0x64, 0x08, 0x64, 0x08, 0x64, 0x08, 0x64, 0x08, 0x64, 0x08, 0x64, 0x08, 0x64, 0x08, 0x64, 0x08, 0x64, 0x08, 0x64, 0x08, 0x64, 0x08, 0x64, 0x08,
  0x64, 0x08, 0x64, 0x08, 0x64, 0x08, 0x27, 0x19, 0x64, 0x08, 0x64, 0x08, 0x64, 0x08, 0x27, 0x19, 0x64, 0x08, 0x64, 0x08, 0x64, 0x08, 0x64, 0x08, 0x64, 0x08, 0x64, 0x08, 0x64, 0x08, 0x64, 0x08,
  0xa4, 0x10, 0x64, 0x08, 0x64, 0x08, 0x64, 0x08, 0x64, 0x08, 0x64, 0x08, 0x64, 0x08, 0x64, 0x08, 0x64, 0x08, 0x64, 0x08, 0x64, 0x08, 0x64, 0x08, 0x64, 0x08, 0x64, 0x08, 0x64, 0x08, 0x64, 0x08,
  0x64, 0x08, 0x64, 0x08, 0x64, 0x08, 0x64, 0x08, 0x64, 0x08, 0x64, 0x08, 0x64, 0x08, 0x64, 0x08, 0x64, 0x08, 0x64, 0x08, 0x64, 0x08, 0x64, 0x08, 0x64, 0x08, 0x64, 0x08, 0x64, 0x08, 0x64, 0x08,
  0xa4, 0x10, 0x64, 0x08, 0x64, 0x08, 0x64, 0x08, 0x64, 0x08, 0x64, 0x08, 0x64, 0x08, 0x64, 0x08, 0x64, 0x08, 0x64, 0x08, 0x64, 0x08, 0x64, 0x08, 0x64, 0x08, 0x64, 0x08, 0x26, 0x19, 0x2b, 0x3a,
  0xb6, 0x84, 0x58, 0x95, 0xf7, 0x8c, 0xcd, 0x4a, 0x64, 0x08, 0x84, 0x08, 0x70, 0x5b, 0xf7, 0x8c, 0x38, 0x95, 0x95, 0x84, 0x2b, 0x3a, 0x64, 0x08, 0xc9, 0x31, 0x58, 0x95, 0x58, 0x95, 0x58, 0x95,
  0xd6, 0x84, 0x8d, 0x4a, 0x64, 0x08, 0x64, 0x08, 0x64, 0x08, 0x64, 0x08, 0x64, 0x08, 0x64, 0x08, 0x64, 0x08, 0x64, 0x08, 0x64, 0x08, 0x27, 0x19, 0x64, 0x08, 0x64, 0x08, 0x64, 0x08, 0x64, 0x08,
  0x64, 0x08, 0x64, 0x08, 0x64, 0x08, 0x64, 0x08, 0x64, 0x08, 0x64, 0x08, 0x64, 0x08, 0x64, 0x08, 0x64, 0x08, 0x64, 0x08, 0x64, 0x08, 0x64, 0x08, 0x64, 0x08, 0x64, 0x08, 0x64, 0x08, 0x64, 0x08,
  0xa4, 0x10, 0x64, 0x08, 0x64, 0x08, 0x64, 0x08, 0x64, 0x08, 0x64, 0x08, 0x64, 0x08, 0x64, 0x08, 0x64, 0x08, 0x64, 0x08, 0x64, 0x08, 0x47, 0x19, 0x64, 0x08, 0x64, 0x08, 0x64, 0x08, 0x64, 0x08,
  0x64, 0x08, 0x64, 0x08, 0x64, 0x08, 0x64, 0x08, 0x64, 0x08, 0x64, 0x08, 0x64, 0x08, 0x64, 0x08, 0x64, 0x08, 0x64, 0x08, 0x64, 0x08, 0x64, 0x08, 0x64, 0x08, 0x64, 0x08, 0x64, 0x08, 0x64, 0x08,
  0xa4, 0x10, 0x64, 0x08, 0x64, 0x08, 0x64, 0x08, 0x64, 0x08, 0x64, 0x08, 0x64, 0x08, 0x48, 0x19, 0x48, 0x19, 0x48, 0x19, 0x48, 0x19, 0x48, 0x19, 0x47, 0x19, 0x47, 0x19, 0x47, 0x19, 0x47, 0x19,
  0x47, 0x19, 0x64, 0x08, 0x64, 0x08, 0x64, 0x08, 0x64, 0x08, 0x64, 0x08, 0x64, 0x08, 0x64, 0x08, 0x64, 0x08, 0x64, 0x08, 0x64, 0x08, 0x64, 0x08, 0x64, 0x08, 0x64, 0x08, 0x64, 0x08, 0x64, 0x08,
  0xa4, 0x10, 0x64, 0x08, 0x64, 0x08, 0x64, 0x08, 0x64, 0x08, 0x64, 0x08, 0x64, 0x08, 0x64, 0x08, 0x64, 0x08, 0x64, 0x08, 0x64, 0x08, 0x64, 0x08, 0x64, 0x08, 0x64, 0x08, 0x64, 0x08, 0x64, 0x08,
  0x64, 0x08, 0x64, 0x08, 0x64, 0x08, 0x64, 0x08, 0x64, 0x08, 0x64, 0x08, 0x64, 0x08, 0x64, 0x08, 0x64, 0x08, 0x64, 0x08, 0x64, 0x08, 0x64, 0x08, 0x64, 0x08, 0x64, 0x08, 0x64, 0x08, 0x64, 0x08,
  0xa4, 0x10, 0x64, 0x08, 0x64, 0x08, 0x64, 0x08, 0x64, 0x08, 0x64, 0x08, 0x64, 0x08, 0x64, 0x08, 0x64, 0x08, 0x64, 0x08, 0x64, 0x08, 0x64, 0x08, 0x64, 0x08, 0x64, 0x08, 0x64, 0x08, 0x64, 0x08,
  0x64, 0x08, 0x64, 0x08, 0x64, 0x08, 0x64, 0x08, 0x64, 0x08, 0x64, 0x08, 0x64, 0x08, 0x64, 0x08, 0x64, 0x08, 0x64, 0x08, 0x64, 0x08, 0x64, 0x08, 0x64, 0x08, 0x64, 0x08, 0x64, 0x08, 0x64, 0x08,
  0xa4, 0x10, 0x64, 0x08, 0x64, 0x08, 0x64, 0x08, 0x64, 0x08, 0x64, 0x08, 0x64, 0x08, 0x64, 0x08, 0x64, 0x08, 0x64, 0x08, 0x64, 0x08, 0x64, 0x08, 0x64, 0x08, 0x64, 0x08, 0x64, 0x08, 0x64, 0x08,
  0x64, 0x08, 0x64, 0x08, 0x64, 0x08, 0x64, 0x08, 0x64, 0x08, 0x64, 0x08, 0x64, 0x08, 0x64, 0x08, 0x64, 0x08, 0x64, 0x08, 0x64, 0x08, 0x64, 0x08, 0x64, 0x08, 0x64, 0x08, 0x64, 0x08, 0x64, 0x08,
  0xa4, 0x10, 0x64, 0x08, 0x64, 0x08, 0x64, 0x08, 0x64, 0x08, 0x64, 0x08, 0x64, 0x08, 0x64, 0x08, 0x64, 0x08, 0x64, 0x08, 0x64, 0x08, 0x64, 0x08, 0x64, 0x08, 0x64, 0x08, 0x64, 0x08, 0x64, 0x08,
  0x64, 0x08, 0x64, 0x08, 0x64, 0x08, 0x47, 0x19, 0x64, 0x08, 0x64, 0x08, 0x64, 0x08, 0x64, 0x08, 0x64, 0x08, 0x64, 0x08, 0x64, 0x08, 0x64, 0x08, 0x64, 0x08, 0x64, 0x08, 0x64, 0x08, 0x64, 0x08,
  0xa4, 0x10, 0x64, 0x08, 0x64, 0x08, 0x64, 0x08, 0x64, 0x08, 0x64, 0x08, 0x64, 0x08, 0x64, 0x08, 0x64, 0x08, 0x64, 0x08, 0x64, 0x08, 0x64, 0x08, 0x64, 0x08, 0x64, 0x08, 0x64, 0x08, 0x64, 0x08,
  0x64, 0x08, 0x64, 0x08, 0x64, 0x08, 0x27, 0x19, 0x64, 0x08, 0x64, 0x08, 0x64, 0x08, 0x27, 0x19, 0x64, 0x08, 0x64, 0x08, 0x64, 0x08, 0x64, 0x08, 0x64, 0x08, 0x64, 0x08, 0x64, 0x08, 0x64, 0x08,
  0xa4, 0x10, 0x64, 0x08, 0x64, 0x08, 0x64, 0x08, 0x64, 0x08, 0x64, 0x08, 0x64, 0x08, 0x64, 0x08, 0x64, 0x08, 0x64, 0x08, 0x64, 0x08, 0x64, 0x08, 0x64, 0x08, 0x64, 0x08, 0x64, 0x08, 0x64, 0x08,
  0x64, 0x08, 0x64, 0x08, 0x64, 0x08, 0x64, 0x08, 0x64, 0x08, 0x64, 0x08, 0x64, 0x08, 0x64, 0x08, 0x64, 0x08, 0x64, 0x08, 0x64, 0x08, 0x64, 0x08, 0x64, 0x08, 0x64, 0x08, 0x64, 0x08, 0x64, 0x08,
  0xa4, 0x10, 0x64, 0x08, 0x64, 0x08, 0x64, 0x08, 0x64, 0x08, 0x64, 0x08, 0x64, 0x08, 0x64, 0x08, 0x64, 0x08, 0x64, 0x08, 0x64, 0x08, 0x64, 0x08, 0x64, 0x08, 0x64, 0x08, 0x64, 0x08, 0x26, 0x19,
  0x64, 0x08, 0x64, 0x08, 0x64, 0x08, 0x64, 0x08, 0x64, 0x08, 0x64, 0x08, 0x64, 0x08, 0x64, 0x08, 0x64, 0x08, 0x64, 0x08, 0x64, 0x08, 0x64, 0x08, 0x64, 0x08, 0x64, 0x08, 0x64, 0x08, 0x64, 0x08,
  0xa4, 0x10, 0x64, 0x08, 0x64, 0x08, 0x64, 0x08, 0x64, 0x08, 0x64, 0x08, 0x64, 0x08, 0x64, 0x08, 0x64, 0x08, 0x64, 0x08, 0x64, 0x08, 0x27, 0x19, 0x64, 0x08, 0x64, 0x08, 0x64, 0x08, 0x64, 0x08,
  0x64, 0x08, 0x64, 0x08, 0x64, 0x08, 0x64, 0x08, 0x64, 0x08, 0x64, 0x08, 0x64, 0x08, 0x64, 0x08, 0x64, 0x08, 0x64, 0x08, 0x64, 0x08, 0x64, 0x08, 0x64, 0x08, 0x64, 0x08, 0x64, 0x08, 0x64, 0x08,
  0xa4, 0x10, 0x64, 0x08, 0x64, 0x08, 0x64, 0x08, 0x64, 0x08, 0x64, 0x08, 0x64, 0x08, 0x64, 0x08, 0x64, 0x08, 0x64, 0x08, 0x64, 0x08, 0x64, 0x08, 0x47, 0x19, 0x64, 0x08, 0x64, 0x08, 0x64, 0x08,
  0x64, 0x08, 0x64, 0x08, 0x64, 0x08, 0x64, 0x08, 0x64, 0x08, 0x64, 0x08, 0x64, 0x08, 0x64, 0x08, 0x64, 0x08, 0x64, 0x08, 0x64, 0x08, 0x64, 0x08, 0x64, 0x08, 0x64, 0x08, 0x64, 0x08, 0x64, 0x08,
  0xa4, 0x10, 0x64, 0x08, 0x64, 0x08, 0x64, 0x08, 0x64, 0x08, 0x64, 0x08, 0x64, 0x08, 0x64, 0x08, 0x48, 0x19, 0x48, 0x19, 0x48, 0x19, 0x47, 0x19, 0x48, 0x19, 0x47, 0x19, 0x47, 0x19, 0x47, 0x19,
  0x47, 0x19, 0x47, 0x19, 0x64, 0x08, 0x64, 0x08, 0x64, 0x08, 0x64, 0x08, 0x64, 0x08, 0x64, 0x08, 0x64, 0x08, 0x64, 0x08, 0x64, 0x08, 0x64, 0x08, 0x64, 0x08, 0x64, 0x08, 0x64, 0x08, 0x64, 0x08,
  0xa4, 0x10, 0x64, 0x08, 0x64, 0x08, 0x64, 0x08, 0x64, 0x08, 0x64, 0x08, 0x64, 0x08, 0x64, 0x08, 0x64, 0x08, 0x64, 0x08, 0x64, 0x08, 0x64, 0x08, 0x64, 0x08, 0x64, 0x08, 0x64, 0x08, 0x64, 0x08,
  0x64, 0x08, 0x64, 0x08, 0x64, 0x08, 0x64, 0x08, 0x64, 0x08, 0x64, 0x08, 0x64, 0x08, 0x64, 0x08, 0x64, 0x08, 0x64, 0x08, 0x64, 0x08, 0x64, 0x08, 0x64, 0x08, 0x64, 0x08, 0x64, 0x08, 0x64, 0x08,
  0xa4, 0x10, 0x64, 0x08, 0x64, 0x08, 0x64, 0x08, 0x64, 0x08, 0x64, 0x08, 0x64, 0x08, 0x64, 0x08, 0x64, 0x08, 0x64, 0x08, 0x64, 0x08, 0x64, 0x08, 0x64, 0x08, 0x64, 0x08, 0x64, 0x08, 0x64, 0x08,
  0x64, 0x08, 0x64, 0x08, 0x64, 0x08, 0x64, 0x08, 0x64, 0x08, 0x64, 0x08, 0x64, 0x08, 0x64, 0x08, 0x64, 0x08, 0x64, 0x08, 0x64, 0x08, 0x64, 0x08, 0x64, 0x08, 0x64, 0x08, 0x64, 0x08, 0x64, 0x08,
  0xa4, 0x10, 0x64, 0x08, 0x64, 0x08, 0x64, 0x08, 0x64, 0x08, 0x64, 0x08, 0x64, 0x08, 0x64, 0x08, 0x64, 0x08, 0x64, 0x08, 0x64, 0x08, 0x64, 0x08, 0x64, 0x08, 0x64, 0x08, 0x64, 0x08, 0x64, 0x08,
  0x64, 0x08, 0x64, 0x08, 0x64, 0x08, 0x64, 0x08, 0x64, 0x08, 0x64, 0x08, 0x64, 0x08, 0x64, 0x08, 0x64, 0x08, 0x64, 0x08, 0x64, 0x08, 0x64, 0x08, 0x64, 0x08, 0x64, 0x08, 0x64, 0x08, 0x64, 0x08,
  0xa4, 0x10, 0x64, 0x08, 0x64, 0x08, 0x64, 0x08, 0x64, 0x08, 0x64, 0x08, 0x64, 0x08, 0x64, 0x08, 0x64, 0x08, 0x64, 0x08, 0x64, 0x08, 0x64, 0x08, 0x64, 0x08, 0x64, 0x08, 0x64, 0x08, 0x64, 0x08,
  0x64, 0x08, 0x64, 0x08, 0x64, 0x08, 0x47, 0x19, 0x64, 0x08, 0x64, 0x08, 0x64, 0x08, 0x64, 0x08, 0x64, 0x08, 0x64, 0x08, 0x64, 0x08, 0x64, 0x08, 0x64, 0x08, 0x64, 0x08, 0x64, 0x08, 0x64, 0x08,
  0xa4, 0x10, 0x64, 0x08, 0x64, 0x08, 0x64, 0x08, 0x64, 0x08, 0x64, 0x08, 0x64, 0x08, 0x64, 0x08, 0x64, 0x08, 0x64, 0x08, 0x64, 0x08, 0x64, 0x08, 0x64, 0x08, 0x64, 0x08, 0x64, 0x08, 0x64, 0x08,
  0x64, 0x08, 0x64, 0x08, 0x64, 0x08, 0x27, 0x19, 0x64, 0x08, 0x64, 0x08, 0x64, 0x08, 0x27, 0x19, 0x64, 0x08, 0x64, 0x08, 0x64, 0x08, 0x64, 0x08, 0x64, 0x08, 0x64, 0x08, 0x64, 0x08, 0x64, 0x08,
  0xa4, 0x10, 0x64, 0x08, 0x64, 0x08, 0x64, 0x08, 0x64, 0x08, 0x64, 0x08, 0x64, 0x08, 0x64, 0x08, 0x64, 0x08, 0x64, 0x08, 0x64, 0x08, 0x64, 0x08, 0x64, 0x08, 0x64, 0x08, 0x64, 0x08, 0x64, 0x08,
  0x64, 0x08, 0x64, 0x08, 0x64, 0x08, 0x64, 0x08, 0x64, 0x08, 0x64, 0x08, 0x64, 0x08, 0x64, 0x08, 0x64, 0x08, 0x64, 0x08, 0x64, 0x08, 0x64, 0x08, 0x64, 0x08, 0x64, 0x08, 0x64, 0x08, 0x64, 0x08,
  0xa4, 0x10, 0x64, 0x08, 0x64, 0x08, 0x64, 0x08, 0x64, 0x08, 0x64, 0x08, 0x64, 0x08, 0x64, 0x08, 0x64, 0x08, 0x64, 0x08, 0x64, 0x08, 0x64, 0x08, 0x64, 0x08, 0x64, 0x08, 0x64, 0x08, 0x64, 0x08,
  0x26, 0x19, 0x64, 0x08, 0x64, 0x08, 0x64, 0x08, 0x64, 0x08, 0x64, 0x08, 0x64, 0x08, 0x64, 0x08, 0x64, 0x08, 0x64, 0x08, 0x64, 0x08, 0x64, 0x08, 0x64, 0x08, 0x64, 0x08, 0x64, 0x08, 0x64, 0x08,
  0xa4, 0x10, 0x64, 0x08, 0x64, 0x08, 0x64, 0x08, 0x64, 0x08, 0x64, 0x08, 0x64, 0x08, 0x64, 0x08, 0x64, 0x08, 0x64, 0x08, 0x64, 0x08, 0x27, 0x19, 0x64, 0x08, 0x64, 0x08, 0x64, 0x08, 0x64, 0x08,
  0x64, 0x08, 0x64, 0x08, 0x64, 0x08, 0x64, 0x08, 0x64, 0x08, 0x64, 0x08, 0x64, 0x08, 0x64, 0x08, 0x64, 0x08, 0x64, 0x08, 0x64, 0x08, 0x64, 0x08, 0x64, 0x08, 0x64, 0x08, 0x64, 0x08, 0x64, 0x08,
  0xa4, 0x10, 0x64, 0x08, 0x64, 0x08, 0x64, 0x08, 0x64, 0x08, 0x64, 0x08, 0x64, 0x08, 0x64, 0x08, 0x64, 0x08, 0x64, 0x08, 0x64, 0x08, 0x64, 0x08, 0x64, 0x08, 0x47, 0x19, 0x64, 0x08, 0x64, 0x08,
  0x64, 0x08, 0x64, 0x08, 0x64, 0x08, 0x64, 0x08, 0x64, 0x08, 0x64, 0x08, 0x64, 0x08, 0x64, 0x08, 0x64, 0x08, 0x64, 0x08, 0x64, 0x08, 0x64, 0x08, 0x64, 0x08, 0x64, 0x08, 0x64, 0x08, 0x64, 0x08,
  0xa4, 0x10, 0x64, 0x08, 0x64, 0x08, 0x64, 0x08, 0x64, 0x08, 0x64, 0x08, 0x64, 0x08, 0x64, 0x08, 0x64, 0x08, 0x64, 0x08, 0x64, 0x08, 0x47, 0x19, 0x47, 0x19, 0x48, 0x19, 0x47, 0x19, 0x47, 0x19,
  0x47, 0x19, 0x47, 0x19, 0x64, 0x08, 0x64, 0x08, 0x64, 0x08, 0x64, 0x08, 0x64, 0x08, 0x64, 0x08, 0x64, 0x08, 0x64, 0x08, 0x64, 0x08, 0x64, 0x08, 0x64, 0x08, 0x64, 0x08, 0x64, 0x08, 0x64, 0x08,
  0xa4, 0x10, 0x64, 0x08, 0x64, 0x08, 0x64, 0x08, 0x64, 0x08, 0x64, 0x08, 0x64, 0x08, 0x64, 0x08, 0x64, 0x08, 0x64, 0x08, 0x64, 0x08, 0x64, 0x08, 0x64, 0x08, 0x64, 0x08, 0x64, 0x08, 0x64, 0x08,
  0x64, 0x08, 0x64, 0x08, 0x64, 0x08, 0x64, 0x08, 0x64, 0x08, 0x64, 0x08, 0x64, 0x08, 0x64, 0x08, 0x64, 0x08, 0x64, 0x08, 0x64, 0x08, 0x64, 0x08, 0x64, 0x08, 0x64, 0x08, 0x64, 0x08, 0x64, 0x08,
  0xa4, 0x10, 0x64, 0x08, 0x64, 0x08, 0x64, 0x08, 0x64, 0x08, 0x64, 0x08, 0x64, 0x08, 0x64, 0x08, 0x64, 0x08, 0x64, 0x08, 0x64, 0x08, 0x64, 0x08, 0x64, 0x08, 0x64, 0x08, 0x64, 0x08, 0x64, 0x08,
  0x64, 0x08, 0x64, 0x08, 0x64, 0x08, 0x64, 0x08, 0x64, 0x08, 0x64, 0x08, 0x64, 0x08, 0x64, 0x08, 0x64, 0x08, 0x64, 0x08, 0x64, 0x08, 0x64, 0x08, 0x64, 0x08, 0x64, 0x08, 0x64, 0x08, 0x64, 0x08,
  0xa4, 0x10, 0x64, 0x08, 0x64, 0x08, 0x64, 0x08, 0x64, 0x08, 0x64, 0x08, 0x64, 0x08, 0x64, 0x08, 0x64, 0x08, 0x64, 0x08, 0x64, 0x08, 0x64, 0x08, 0x64, 0x08, 0x64, 0x08, 0x64, 0x08, 0x64, 0x08,
  0x64, 0x08, 0x64, 0x08, 0x64, 0x08, 0x64, 0x08, 0x64, 0x08, 0x64, 0x08, 0x64, 0x08, 0x64, 0x08, 0x64, 0x08, 0x64, 0x08, 0x64, 0x08, 0x64, 0x08, 0x64, 0x08, 0x64, 0x08, 0x64, 0x08, 0x64, 0x08,
  0xa4, 0x10, 0x64, 0x08, 0x64, 0x08, 0x64, 0x08, 0x64, 0x08, 0x64, 0x08, 0x64, 0x08, 0x64, 0x08, 0x64, 0x08, 0x64, 0x08, 0x64, 0x08, 0x64, 0x08, 0x64, 0x08, 0x64, 0x08, 0x64, 0x08, 0x64, 0x08,
  0x64, 0x08, 0x64, 0x08, 0x64, 0x08, 0x47, 0x19, 0x64, 0x08, 0x64, 0x08, 0x64, 0x08, 0x64, 0x08, 0x64, 0x08, 0x64, 0x08, 0x64, 0x08, 0x64, 0x08, 0x64, 0x08, 0x64, 0x08, 0x64, 0x08, 0x64, 0x08,
  0xa4, 0x10, 0x64, 0x08, 0x64, 0x08, 0x64, 0x08, 0x64, 0x08, 0x64, 0x08, 0x64, 0x08, 0x64, 0x08, 0x64, 0x08, 0x64, 0x08, 0x64, 0x08, 0x64, 0x08, 0x64, 0x08, 0x64, 0x08, 0x64, 0x08, 0x64, 0x08,
  0x64, 0x08, 0x64, 0x08, 0x64, 0x08, 0x27, 0x19, 0x64, 0x08, 0x64, 0x08, 0x64, 0x08, 0x27, 0x19, 0x64, 0x08, 0x64, 0x08, 0x64, 0x08, 0x64, 0x08, 0x64, 0x08, 0x64, 0x08, 0x64, 0x08, 0x64, 0x08,
  0xa4, 0x10, 0x64, 0x08, 0x64, 0x08, 0x64, 0x08, 0x64, 0x08, 0x64, 0x08, 0x64, 0x08, 0x64, 0x08, 0x64, 0x08, 0x64, 0x08, 0x64, 0x08, 0x64, 0x08, 0x64, 0x08, 0x64, 0x08, 0x64, 0x08, 0x64, 0x08,
  0x64, 0x08, 0x64, 0x08, 0x64, 0x08, 0x64, 0x08, 0x64, 0x08, 0x64, 0x08, 0x64, 0x08, 0x64, 0x08, 0x64, 0x08, 0x64, 0x08, 0x64, 0x08, 0x64, 0x08, 0x64, 0x08, 0x64, 0x08, 0x64, 0x08, 0x64, 0x08,
  0xa4, 0x10, 0x64, 0x08, 0x64, 0x08, 0x64, 0x08, 0x64, 0x08, 0x64, 0x08, 0x64, 0x08, 0x64, 0x08, 0x64, 0x08, 0x64, 0x08, 0x64, 0x08, 0x64, 0x08, 0x64, 0x08, 0x64, 0x08, 0x64, 0x08, 0x64, 0x08,
  0x64, 0x08, 0x26, 0x19, 0x64, 0x08, 0x64, 0x08, 0x64, 0x08, 0x64, 0x08, 0x64, 0x08, 0x64, 0x08, 0x64, 0x08, 0x64, 0x08, 0x64, 0x08, 0x64, 0x08, 0x64, 0x08, 0x64, 0x08, 0x64, 0x08, 0x64, 0x08,
  0xa4, 0x10, 0x64, 0x08, 0x64, 0x08, 0x64, 0x08, 0x64, 0x08, 0x64, 0x08, 0x64, 0x08, 0x64, 0x08, 0x64, 0x08, 0x64, 0x08, 0x64, 0x08, 0x27, 0x19, 0x64, 0x08, 0x64, 0x08, 0x64, 0x08, 0x64, 0x08,
  0x64, 0x08, 0x64, 0x08, 0x64, 0x08, 0x64, 0x08, 0x64, 0x08, 0x64, 0x08, 0x64, 0x08, 0x64, 0x08, 0x64, 0x08, 0x64, 0x08, 0x64, 0x08, 0x64, 0x08, 0x64, 0x08, 0x64, 0x08, 0x64, 0x08, 0x64, 0x08,
  0xa4, 0x10, 0x64, 0x08, 0x64, 0x08, 0x64, 0x08, 0x64, 0x08, 0x64, 0x08, 0x64, 0x08, 0x64, 0x08, 0x64, 0x08, 0x64, 0x08, 0x64, 0x08, 0x64, 0x08, 0x64, 0x08, 0x64, 0x08, 0x47, 0x19, 0x64, 0x08,
  0x64, 0x08, 0x64, 0x08, 0x64, 0x08, 0x64, 0x08, 0x64, 0x08, 0x64, 0x08, 0x64, 0x08, 0x64, 0x08, 0x64, 0x08, 0x64, 0x08, 0x64, 0x08, 0x64, 0x08, 0x64, 0x08, 0x64, 0x08, 0x64, 0x08, 0x64, 0x08,
  0xa4, 0x10, 0x64, 0x08, 0x64, 0x08, 0x64, 0x08, 0x64, 0x08, 0x64, 0x08, 0x64, 0x08, 0x64, 0x08, 0x64, 0x08, 0x64, 0x08, 0x64, 0x08, 0x47, 0x19, 0x47, 0x19, 0x47, 0x19, 0x48, 0x19, 0x47, 0x19,
  0x47, 0x19, 0x47, 0x19, 0x64, 0x08, 0x64, 0x08, 0x64, 0x08, 0x64, 0x08, 0x64, 0x08, 0x64, 0x08, 0x64, 0x08, 0x64, 0x08, 0x64, 0x08, 0x64, 0x08, 0x64, 0x08, 0x64, 0x08, 0x64, 0x08, 0x64, 0x08,
  0xa4, 0x10, 0x64, 0x08, 0x64, 0x08, 0x64, 0x08, 0x64, 0x08, 0x64, 0x08, 0x64, 0x08, 0x64, 0x08, 0x64, 0x08, 0x64, 0x08, 0x64, 0x08, 0x64, 0x08, 0x64, 0x08, 0x64, 0x08, 0x64, 0x08, 0x64, 0x08,
  0x64, 0x08, 0x64, 0x08, 0x64, 0x08, 0x64, 0x08, 0x64, 0x08, 0x64, 0x08, 0x64, 0x08, 0x64, 0x08, 0x64, 0x08, 0x64, 0x08, 0x64, 0x08, 0x64, 0x08, 0x64, 0x08, 0x64, 0x08, 0x64, 0x08, 0x64, 0x08,
  0xa4, 0x10, 0x64, 0x08, 0x64, 0x08, 0x64, 0x08, 0x64, 0x08, 0x64, 0x08, 0x64, 0x08, 0x64, 0x08, 0x64, 0x08, 0x64, 0x08, 0x64, 0x08, 0x64, 0x08, 0x64, 0x08, 0x64, 0x08, 0x64, 0x08, 0x64, 0x08,
  0x64, 0x08, 0x64, 0x08, 0x64, 0x08, 0x64, 0x08, 0x64, 0x08, 0x64, 0x08, 0x64, 0x08, 0x64, 0x08, 0x64, 0x08, 0x64, 0x08, 0x64, 0x08, 0x64, 0x08, 0x64, 0x08, 0x64, 0x08, 0x64, 0x08, 0x64, 0x08,
  0xa4, 0x10, 0x64, 0x08, 0x64, 0x08, 0x64, 0x08, 0x64, 0x08, 0x64, 0x08, 0x64, 0x08, 0x64, 0x08, 0x64, 0x08, 0x64, 0x08, 0x64, 0x08, 0x64, 0x08, 0x64, 0x08, 0x64, 0x08, 0x64, 0x08, 0x64, 0x08,
  0x64, 0x08, 0x64, 0x08, 0x64, 0x08, 0x64, 0x08, 0x64, 0x08, 0x64, 0x08, 0x64, 0x08, 0x64, 0x08, 0x64, 0x08, 0x64, 0x08, 0x64, 0x08, 0x64, 0x08, 0x64, 0x08, 0x64, 0x08, 0x64, 0x08, 0x64, 0x08,
  0xa4, 0x10, 0x64, 0x08, 0x64, 0x08, 0x64, 0x08, 0x64, 0x08, 0x64, 0x08, 0x64, 0x08, 0x64, 0x08, 0x64, 0x08, 0x64, 0x08, 0x64, 0x08, 0x64, 0x08, 0x64, 0x08, 0x64, 0x08, 0x64, 0x08, 0x64, 0x08,
  0x64, 0x08, 0x64, 0x08, 0x64, 0x08, 0x47, 0x19, 0x64, 0x08, 0x64, 0x08, 0x64, 0x08, 0x64, 0x08, 0x64, 0x08, 0x64, 0x08, 0x64, 0x08, 0x64, 0x08, 0x64, 0x08, 0x64, 0x08, 0x64, 0x08, 0x64, 0x08,
  0xa4, 0x10, 0x64, 0x08, 0x64, 0x08, 0x64, 0x08, 0x64, 0x08, 0x64, 0x08, 0x64, 0x08, 0x64, 0x08, 0x64, 0x08, 0x64, 0x08, 0x64, 0x08, 0x64, 0x08, 0x64, 0x08, 0x64, 0x08, 0x64, 0x08, 0x64, 0x08,
  0x64, 0x08, 0x64, 0x08, 0x64, 0x08, 0x27, 0x19, 0x64, 0x08, 0x64, 0x08, 0x64, 0x08, 0x27, 0x19, 0x64, 0x08, 0x64, 0x08, 0x64, 0x08, 0x64, 0x08, 0x64, 0x08, 0x64, 0x08, 0x64, 0x08, 0x64, 0x08,
  0xa4, 0x10, 0x64, 0x08, 0x64, 0x08, 0x64, 0x08, 0x64, 0x08, 0x64, 0x08, 0x64, 0x08, 0x64, 0x08, 0x64, 0x08, 0x64, 0x08, 0x64, 0x08, 0x64, 0x08, 0x64, 0x08, 0x64, 0x08, 0x64, 0x08, 0x64, 0x08,
  0x64, 0x08, 0x64, 0x08, 0x64, 0x08, 0x64, 0x08, 0x64, 0x08, 0x64, 0x08, 0x64, 0x08, 0x64, 0x08, 0x64, 0x08, 0x64, 0x08, 0x64, 0x08, 0x64, 0x08, 0x64, 0x08, 0x64, 0x08, 0x64, 0x08, 0x64, 0x08,
  0xa4, 0x10, 0x64, 0x08, 0x64, 0x08, 0x64, 0x08, 0x64, 0x08, 0x64, 0x08, 0x64, 0x08, 0x64, 0x08, 0x64, 0x08, 0x64, 0x08, 0x64, 0x08, 0x64, 0x08, 0x64, 0x08, 0x64, 0x08, 0x64, 0x08, 0x64, 0x08,
  0x64, 0x08, 0x06, 0x19, 0x26, 0x19, 0x64, 0x08, 0x64, 0x08, 0x64, 0x08, 0x64, 0x08, 0x64, 0x08, 0x64, 0x08, 0x64, 0x08, 0x64, 0x08, 0x64, 0x08, 0x64, 0x08, 0x64, 0x08, 0x64, 0x08, 0x64, 0x08,
  0xa4, 0x10, 0x64, 0x08, 0x64, 0x08, 0x64, 0x08, 0x64, 0x08, 0x64, 0x08, 0x64, 0x08, 0x64, 0x08, 0x64, 0x08, 0x64, 0x08, 0x64, 0x08, 0x27, 0x19, 0x64, 0x08, 0x64, 0x08, 0x64, 0x08, 0x64, 0x08,
  0x64, 0x08, 0x64, 0x08, 0x64, 0x08, 0x64, 0x08, 0x64, 0x08, 0x64, 0x08, 0x64, 0x08, 0x64, 0x08, 0x64, 0x08, 0x64, 0x08, 0x64, 0x08, 0x64, 0x08, 0x64, 0x08, 0x64, 0x08, 0x64, 0x08, 0x64, 0x08,
  0xa4, 0x10, 0x64, 0x08, 0x64, 0x08, 0x64, 0x08, 0x64, 0x08, 0x64, 0x08, 0x64, 0x08, 0x64, 0x08, 0x64, 0x08, 0x64, 0x08, 0x64, 0x08, 0x64, 0x08, 0x64, 0x08, 0x64, 0x08, 0x64, 0x08, 0x47, 0x19,
  0x64, 0x08, 0x64, 0x08, 0x64, 0x08, 0x64, 0x08, 0x64, 0x08, 0x64, 0x08, 0x64, 0x08, 0x64, 0x08, 0x64, 0x08, 0x64, 0x08, 0x64, 0x08, 0x64, 0x08, 0x64, 0x08, 0x64, 0x08, 0x64, 0x08, 0x64, 0x08,
  0xa4, 0x10, 0x64, 0x08, 0x64, 0x08, 0x64, 0x08, 0x64, 0x08, 0x64, 0x08, 0x64, 0x08, 0x64, 0x08, 0x64, 0x08, 0x64, 0x08, 0x64, 0x08, 0x64, 0x08, 0x47, 0x19, 0x47, 0x19, 0x47, 0x19, 0x48, 0x19,
  0x47, 0x19, 0x64, 0x08, 0x64, 0x08, 0x64, 0x08, 0x64, 0x08, 0x64, 0x08, 0x64, 0x08, 0x64, 0x08, 0x64, 0x08, 0x64, 0x08, 0x64, 0x08, 0x64, 0x08, 0x64, 0x08, 0x64, 0x08, 0x64, 0x08, 0x64, 0x08,
  0xa4, 0x10, 0x64, 0x08, 0x64, 0x08, 0x64, 0x08, 0x64, 0x08, 0x64, 0x08, 0x64, 0x08, 0x64, 0x08, 0x64, 0x08, 0x64, 0x08, 0x64, 0x08, 0x64, 0x08, 0x64, 0x08, 0x64, 0x08, 0x64, 0x08, 0x64, 0x08,
  0x64, 0x08, 0x64, 0x08, 0x64, 0x08, 0x64, 0x08, 0x64, 0x08, 0x64, 0x08, 0x64, 0x08, 0x64, 0x08, 0x64, 0x08, 0x64, 0x08, 0x64, 0x08, 0x64, 0x08, 0x64, 0x08, 0x64, 0x08, 0x64, 0x08, 0x64, 0x08,
  0xa4, 0x10, 0x64, 0x08, 0x64, 0x08, 0x64, 0x08, 0x64, 0x08, 0x64, 0x08, 0x64, 0x08, 0x64, 0x08, 0x64, 0x08, 0x64, 0x08, 0x64, 0x08, 0x64, 0x08, 0x64, 0x08, 0x64, 0x08, 0x64, 0x08, 0x64, 0x08,
  0x64, 0x08, 0x64, 0x08, 0x64, 0x08, 0x64, 0x08, 0x64, 0x08, 0x64, 0x08, 0x64, 0x08, 0x64, 0x08, 0x64, 0x08, 0x64, 0x08, 0x64, 0x08, 0x64, 0x08, 0x64, 0x08, 0x64, 0x08, 0x64, 0x08, 0x64, 0x08,
  0xa4, 0x10, 0x64, 0x08, 0x64, 0x08, 0x64, 0x08, 0x64, 0x08, 0x64, 0x08, 0x64, 0x08, 0x64, 0x08, 0x64, 0x08, 0x64, 0x08, 0x64, 0x08, 0x64, 0x08, 0x64, 0x08, 0x64, 0x08, 0x64, 0x08, 0x64, 0x08,
  0x64, 0x08, 0x64, 0x08, 0x64, 0x08, 0x64, 0x08, 0x64, 0x08, 0x64, 0x08, 0x64, 0x08, 0x64, 0x08, 0x64, 0x08, 0x64, 0x08, 0x64, 0x08, 0x64, 0x08, 0x64, 0x08, 0x64, 0x08, 0x64, 0x08, 0x64, 0x08,
  0xa4, 0x10, 0x64, 0x08, 0x64, 0x08, 0x64, 0x08, 0x64, 0x08, 0x64, 0x08, 0x64, 0x08, 0x64, 0x08, 0x64, 0x08, 0x64, 0x08, 0x64, 0x08, 0x64, 0x08, 0x64, 0x08, 0x64, 0x08, 0x64, 0x08, 0x64, 0x08,
  0x64, 0x08, 0x64, 0x08, 0x64, 0x08, 0x47, 0x19, 0x64, 0x08, 0x64, 0x08, 0x64, 0x08, 0x64, 0x08, 0x64, 0x08, 0x64, 0x08, 0x64, 0x08, 0x64, 0x08, 0x64, 0x08, 0x64, 0x08, 0x64, 0x08, 0x64, 0x08,
  0xa4, 0x10, 0x64, 0x08, 0x64, 0x08, 0x64, 0x08, 0x64, 0x08, 0x64, 0x08, 0x64, 0x08, 0x64, 0x08, 0x64, 0x08, 0x64, 0x08, 0x64, 0x08, 0x64, 0x08, 0x64, 0x08, 0x64, 0x08, 0x64, 0x08, 0x64, 0x08,
  0x64, 0x08, 0x64, 0x08, 0x64, 0x08, 0x27, 0x19, 0x64, 0x08, 0x64, 0x08, 0x64, 0x08, 0x27, 0x19, 0x64, 0x08, 0x64, 0x08, 0x64, 0x08, 0x64, 0x08, 0x64, 0x08, 0x64, 0x08, 0x64, 0x08, 0x64, 0x08,
  0xa4, 0x10, 0x64, 0x08, 0x64, 0x08, 0x64, 0x08, 0x64, 0x08, 0x64, 0x08, 0x64, 0x08, 0x64, 0x08, 0x64, 0x08, 0x64, 0x08, 0x64, 0x08, 0x64, 0x08, 0x64, 0x08, 0x64, 0x08, 0x64, 0x08, 0x64, 0x08,
  0x64, 0x08, 0x64, 0x08, 0x64, 0x08, 0x64, 0x08, 0x64, 0x08, 0x64, 0x08, 0x64, 0x08, 0x64, 0x08, 0x64, 0x08, 0x64, 0x08, 0x64, 0x08, 0x64, 0x08, 0x64, 0x08, 0x64, 0x08, 0x64, 0x08, 0x64, 0x08,
  0xa4, 0x10, 0x64, 0x08, 0x64, 0x08, 0x64, 0x08, 0x64, 0x08, 0x64, 0x08, 0x64, 0x08, 0x64, 0x08, 0x64, 0x08, 0x64, 0x08, 0x64, 0x08, 0x64, 0x08, 0x64, 0x08, 0x64, 0x08, 0x64, 0x08, 0x64, 0x08,
  0x64, 0x08, 0x06, 0x19, 0x64, 0x08, 0x26, 0x19, 0x64, 0x08, 0x64, 0x08, 0x64, 0x08, 0x64, 0x08, 0x64, 0x08, 0x64, 0x08, 0x64, 0x08, 0x64, 0x08, 0x64, 0x08, 0x64, 0x08, 0x64, 0x08, 0x64, 0x08,
  0xa4, 0x10, 0x64, 0x08, 0x64, 0x08, 0x64, 0x08, 0x64, 0x08, 0x64, 0x08, 0x64, 0x08, 0x64, 0x08, 0x64, 0x08, 0x64, 0x08, 0x64, 0x08, 0x27, 0x19, 0x64, 0x08, 0x64, 0x08, 0x64, 0x08, 0x64, 0x08,
  0x64, 0x08, 0x64, 0x08, 0x64, 0x08, 0x64, 0x08, 0x64, 0x08, 0x64, 0x08, 0x64, 0x08, 0x64, 0x08, 0x64, 0x08, 0x64, 0x08, 0x64, 0x08, 0x64, 0x08, 0x64, 0x08, 0x64, 0x08, 0x64, 0x08, 0x64, 0x08,
  0xa4, 0x10, 0x64, 0x08, 0x64, 0x08, 0x64, 0x08, 0x64, 0x08, 0x64, 0x08, 0x64, 0x08, 0x64, 0x08, 0x64, 0x08, 0x64, 0x08, 0x64, 0x08, 0x64, 0x08, 0x64, 0x08, 0x64, 0x08, 0x64, 0x08, 0x64, 0x08,
  0x47, 0x19, 0x64, 0x08, 0x64, 0x08, 0x64, 0x08, 0x64, 0x08, 0x64, 0x08, 0x64, 0x08, 0x64, 0x08, 0x64, 0x08, 0x64, 0x08, 0x64, 0x08, 0x64, 0x08, 0x64, 0x08, 0x64, 0x08, 0x64, 0x08, 0x64, 0x08,
  0xa4, 0x10, 0x64, 0x08, 0x64, 0x08, 0x64, 0x08, 0x64, 0x08, 0x64, 0x08, 0x64, 0x08, 0x64, 0x08, 0x64, 0x08, 0x64, 0x08, 0x64, 0x08, 0x64, 0x08, 0x64, 0x08, 0x47, 0x19, 0x47, 0x19, 0x47, 0x19,
  0x48, 0x19, 0x64, 0x08, 0x64, 0x08, 0x64, 0x08, 0x64, 0x08, 0x64, 0x08, 0x64, 0x08, 0x64, 0x08, 0x64, 0x08, 0x64, 0x08, 0x64, 0x08, 0x64, 0x08, 0x64, 0x08, 0x64, 0x08, 0x64, 0x08, 0x64, 0x08,
  0xa4, 0x10, 0x64, 0x08, 0x64, 0x08, 0x64, 0x08, 0x64, 0x08, 0x64, 0x08, 0x64, 0x08, 0x64, 0x08, 0x64, 0x08, 0x64, 0x08, 0x64, 0x08, 0x64, 0x08, 0x64, 0x08, 0x64, 0x08, 0x64, 0x08, 0x64, 0x08,
  0x64, 0x08, 0x64, 0x08, 0x64, 0x08, 0x64, 0x08, 0x64, 0x08, 0x64, 0x08, 0x64, 0x08, 0x64, 0x08, 0x64, 0x08, 0x64, 0x08, 0x64, 0x08, 0x64, 0x08, 0x64, 0x08, 0x64, 0x08, 0x64, 0x08, 0x64, 0x08,
  0xa4, 0x10, 0x64, 0x08, 0x64, 0x08, 0x64, 0x08, 0x64, 0x08, 0x64, 0x08, 0x64, 0x08, 0x64, 0x08, 0x64, 0x08, 0x64, 0x08, 0x64, 0x08, 0x64, 0x08, 0x64, 0x08, 0x64, 0x08, 0x64, 0x08, 0x64, 0x08,
  0x64, 0x08, 0x64, 0x08, 0x64, 0x08, 0x64, 0x08, 0x64, 0x08, 0x64, 0x08, 0x64, 0x08, 0x64, 0x08, 0x64, 0x08, 0x64, 0x08, 0x64, 0x08, 0x64, 0x08, 0x64, 0x08, 0x64, 0x08, 0x64, 0x08, 0x64, 0x08,
  0xa4, 0x10, 0x64, 0x08, 0x64, 0x08, 0x64, 0x08, 0x64, 0x08, 0x64, 0x08, 0x64, 0x08, 0x64, 0x08, 0x64, 0x08, 0x64, 0x08, 0x64, 0x08, 0x64, 0x08, 0x64, 0x08, 0x64, 0x08, 0x64, 0x08, 0x64, 0x08,
  0x64, 0x08, 0x64, 0x08, 0x64, 0x08, 0x64, 0x08, 0x64, 0x08, 0x64, 0x08, 0x64, 0x08, 0x64, 0x08, 0x64, 0x08, 0x64, 0x08, 0x64, 0x08, 0x64, 0x08, 0x64, 0x08, 0x64, 0x08, 0x64, 0x08, 0x64, 0x08,
  0xa4, 0x10, 0x64, 0x08, 0x64, 0x08, 0x64, 0x08, 0x64, 0x08, 0x64, 0x08, 0x64, 0x08, 0x64, 0x08, 0x64, 0x08, 0x64, 0x08, 0x64, 0x08, 0x64, 0x08, 0x64, 0x08, 0x64, 0x08, 0x64, 0x08, 0x64, 0x08,
  0x64, 0x08, 0x64, 0x08, 0x64, 0x08, 0x47, 0x19, 0x64, 0x08, 0x64, 0x08, 0x64, 0x08, 0x64, 0x08, 0x64, 0x08, 0x64, 0x08, 0x64, 0x08, 0x64, 0x08, 0x64, 0x08, 0x64, 0x08, 0x64, 0x08, 0x64, 0x08,
  0xa4, 0x10, 0x64, 0x08, 0x64, 0x08, 0x64, 0x08, 0x64, 0x08, 0x64, 0x08, 0x64, 0x08, 0x64, 0x08, 0x64, 0x08, 0x64, 0x08, 0x64, 0x08, 0x64, 0x08, 0x64, 0x08, 0x64, 0x08, 0x64, 0x08, 0x64, 0x08,
  0x64, 0x08, 0x64, 0x08, 0x64, 0x08, 0x27, 0x19, 0x64, 0x08, 0x64, 0x08, 0x64, 0x08, 0x27, 0x19, 0x64, 0x08, 0x64, 0x08, 0x64, 0x08, 0x64, 0x08, 0x64, 0x08, 0x64, 0x08, 0x64, 0x08, 0x64, 0x08,
  0xa4, 0x10, 0x64, 0x08, 0x64, 0x08, 0x64, 0x08, 0x64, 0x08, 0x64, 0x08, 0x64, 0x08, 0x64, 0x08, 0x64, 0x08, 0x64, 0x08, 0x64, 0x08, 0x64, 0x08, 0x64, 0x08, 0x64, 0x08, 0x64, 0x08, 0x64, 0x08,
  0x64, 0x08, 0x64, 0x08, 0x64, 0x08, 0x64, 0x08, 0x64, 0x08, 0x64, 0x08, 0x64, 0x08, 0x64, 0x08, 0x64, 0x08, 0x64, 0x08, 0x64, 0x08, 0x64, 0x08, 0x64, 0x08, 0x64, 0x08, 0x64, 0x08, 0x64, 0x08,
  0xa4, 0x10, 0x64, 0x08, 0x64, 0x08, 0x64, 0x08, 0x64, 0x08, 0x64, 0x08, 0x64, 0x08, 0x64, 0x08, 0x64, 0x08, 0x64, 0x08, 0x64, 0x08, 0x64, 0x08, 0x64, 0x08, 0x64, 0x08, 0x64, 0x08, 0x64, 0x08,
  0x64, 0x08, 0x06, 0x19, 0x64, 0x08, 0x64, 0x08, 0x26, 0x19, 0x64, 0x08, 0x64, 0x08, 0x64, 0x08, 0x64, 0x08, 0x64, 0x08, 0x64, 0x08, 0x64, 0x08, 0x64, 0x08, 0x64, 0x08, 0x64, 0x08, 0x64, 0x08,
  0xa4, 0x10, 0x64, 0x08, 0x64, 0x08, 0x64, 0x08, 0x64, 0x08, 0x64, 0x08, 0x64, 0x08, 0x64, 0x08, 0x64, 0x08, 0x64, 0x08, 0x64, 0x08, 0x27, 0x19, 0x64, 0x08, 0x64, 0x08, 0x64, 0x08, 0x64, 0x08,
  0x64, 0x08, 0x64, 0x08, 0x64, 0x08, 0x64, 0x08, 0x64, 0x08, 0x64, 0x08, 0x64, 0x08, 0x64, 0x08, 0x64, 0x08, 0x64, 0x08, 0x64, 0x08, 0x64, 0x08, 0x64, 0x08, 0x64, 0x08, 0x64, 0x08, 0x64, 0x08,
  0xa4, 0x10, 0x64, 0x08, 0x64, 0x08, 0x64, 0x08, 0x64, 0x08, 0x64, 0x08, 0x64, 0x08, 0x64, 0x08, 0x64, 0x08, 0x64, 0x08, 0x64, 0x08, 0x64, 0x08, 0x64, 0x08, 0x64, 0x08, 0x64, 0x08, 0x64, 0x08,
  0x64, 0x08, 0x47, 0x19, 0x64, 0x08, 0x64, 0x08, 0x64, 0x08, 0x64, 0x08, 0x64, 0x08, 0x64, 0x08, 0x64, 0x08, 0x64, 0x08, 0x64, 0x08, 0x64, 0x08, 0x64, 0x08, 0x64, 0x08, 0x64, 0x08, 0x64, 0x08,
  0xa4, 0x10, 0x64, 0x08, 0x64, 0x08, 0x64, 0x08, 0x64, 0x08, 0x64, 0x08, 0x64, 0x08, 0x64, 0x08, 0x64, 0x08, 0x64, 0x08, 0x64, 0x08, 0x64, 0x08, 0x64, 0x08, 0x64, 0x08, 0x47, 0x19, 0x64, 0x08,
  0x64, 0x08, 0x48, 0x19, 0x64, 0x08, 0x64, 0x08, 0x64, 0x08, 0x64, 0x08, 0x64, 0x08, 0x64, 0x08, 0x64, 0x08, 0x64, 0x08, 0x64, 0x08, 0x64, 0x08, 0x64, 0x08, 0x64, 0x08, 0x64, 0x08, 0x64, 0x08,
  0xa4, 0x10, 0x64, 0x08, 0x64, 0x08, 0x64, 0x08, 0x64, 0x08, 0x64, 0x08, 0x64, 0x08, 0x64, 0x08, 0x64, 0x08, 0x64, 0x08, 0x64, 0x08, 0x64, 0x08, 0x64, 0x08, 0x64, 0x08, 0x64, 0x08, 0x64, 0x08,
  0x64, 0x08, 0x64, 0x08, 0x64, 0x08, 0x64, 0x08, 0x64, 0x08, 0x64, 0x08, 0x64, 0x08, 0x64, 0x08, 0x64, 0x08, 0x64, 0x08, 0x64, 0x08, 0x64, 0x08, 0x64, 0x08, 0x64, 0x08, 0x64, 0x08, 0x64, 0x08,
  0xa4, 0x10, 0x64, 0x08, 0x64, 0x08, 0x64, 0x08, 0x64, 0x08, 0x64, 0x08, 0x64, 0x08, 0x64, 0x08, 0x64, 0x08, 0x64, 0x08, 0x64, 0x08, 0x64, 0x08, 0x64, 0x08, 0x64, 0x08, 0x64, 0x08, 0x64, 0x08,
  0x64, 0x08, 0x64, 0x08, 0x64, 0x08, 0x64, 0x08, 0x64, 0x08, 0x64, 0x08, 0x64, 0x08, 0x64, 0x08, 0x64, 0x08, 0x64, 0x08, 0x64, 0x08, 0x64, 0x08, 0x64, 0x08, 0x64, 0x08, 0x64, 0x08, 0x64, 0x08,
  0xa4, 0x10, 0x64, 0x08, 0x64, 0x08, 0x64, 0x08, 0x64, 0x08, 0x64, 0x08, 0x64, 0x08, 0x64, 0x08, 0x64, 0x08, 0x64, 0x08, 0x64, 0x08, 0x64, 0x08, 0x64, 0x08, 0x64, 0x08, 0x64, 0x08, 0x64, 0x08,
  0x64, 0x08, 0x64, 0x08, 0x64, 0x08, 0x64, 0x08, 0x64, 0x08, 0x64, 0x08, 0x64, 0x08, 0x64, 0x08, 0x64, 0x08, 0x64, 0x08, 0x64, 0x08, 0x64, 0x08, 0x64, 0x08, 0x64, 0x08, 0x64, 0x08, 0x64, 0x08,
  0xa4, 0x10, 0x64, 0x08, 0x64, 0x08, 0x64, 0x08, 0x64, 0x08, 0x64, 0x08, 0x64, 0x08, 0x64, 0x08, 0x64, 0x08, 0x64, 0x08, 0x64, 0x08, 0x64, 0x08, 0x64, 0x08, 0x64, 0x08, 0x64, 0x08, 0x64, 0x08,
  0x64, 0x08, 0x64, 0x08, 0x64, 0x08, 0x47, 0x19, 0x64, 0x08, 0x64, 0x08, 0x64, 0x08, 0x64, 0x08, 0x64, 0x08, 0x64, 0x08, 0x64, 0x08, 0x64, 0x08, 0x64, 0x08, 0x64, 0x08, 0x64, 0x08, 0x64, 0x08,
  0xa4, 0x10, 0x64, 0x08, 0x64, 0x08, 0x64, 0x08, 0x64, 0x08, 0x64, 0x08, 0x64, 0x08, 0x64, 0x08, 0x64, 0x08, 0x64, 0x08, 0x64, 0x08, 0x64, 0x08, 0x64, 0x08, 0x64, 0x08, 0x64, 0x08, 0x64, 0x08,
  0x64, 0x08, 0x64, 0x08, 0x64, 0x08, 0x27, 0x19, 0x64, 0x08, 0x64, 0x08, 0x64, 0x08, 0x27, 0x19, 0x64, 0x08, 0x64, 0x08, 0x64, 0x08, 0x64, 0x08, 0x64, 0x08, 0x64, 0x08, 0x64, 0x08, 0x64, 0x08,
  0xa4, 0x10, 0x64, 0x08, 0x64, 0x08, 0x64, 0x08, 0x64, 0x08, 0x64, 0x08, 0x64, 0x08, 0x64, 0x08, 0x64, 0x08, 0x64, 0x08, 0x64, 0x08, 0x64, 0x08, 0x64, 0x08, 0x64, 0x08, 0x64, 0x08, 0x64, 0x08,
  0x64, 0x08, 0x64, 0x08, 0x64, 0x08, 0x64, 0x08, 0x64, 0x08, 0x64, 0x08, 0x64, 0x08, 0x64, 0x08, 0x64, 0x08, 0x64, 0x08, 0x64, 0x08, 0x64, 0x08, 0x64, 0x08, 0x64, 0x08, 0x64, 0x08, 0x64, 0x08,
  0xa4, 0x10, 0x64, 0x08, 0x64, 0x08, 0x64, 0x08, 0x64, 0x08, 0x64, 0x08, 0x64, 0x08, 0x64, 0x08, 0x64, 0x08, 0x64, 0x08, 0x64, 0x08, 0x64, 0x08, 0x64, 0x08, 0x64, 0x08, 0x64, 0x08, 0x64, 0x08,
  0x64, 0x08, 0x06, 0x19, 0x64, 0x08, 0x64, 0x08, 0x64, 0x08, 0x26, 0x19, 0x64, 0x08, 0x64, 0x08, 0x64, 0x08, 0x64, 0x08, 0x64, 0x08, 0x64, 0x08, 0x64, 0x08, 0x64, 0x08, 0x64, 0x08, 0x64, 0x08,
  0xa4, 0x10, 0x64, 0x08, 0x64, 0x08, 0x64, 0x08, 0x64, 0x08, 0x64, 0x08, 0x64, 0x08, 0x64, 0x08, 0x64, 0x08, 0x64, 0x08, 0x64, 0x08, 0x27, 0x19, 0x64, 0x08, 0x64, 0x08, 0x64, 0x08, 0x64, 0x08,
  0x64, 0x08, 0x64, 0x08, 0x64, 0x08, 0x64, 0x08, 0x64, 0x08, 0x64, 0x08, 0x64, 0x08, 0x64, 0x08, 0x64, 0x08, 0x64, 0x08, 0x64, 0x08, 0x64, 0x08, 0x64, 0x08, 0x64, 0x08, 0x64, 0x08, 0x64, 0x08,
  0xa4, 0x10, 0x64, 0x08, 0x64, 0x08, 0x64, 0x08, 0x64, 0x08, 0x64, 0x08, 0x64, 0x08, 0x64, 0x08, 0x64, 0x08, 0x64, 0x08, 0x64, 0x08, 0x64, 0x08, 0x64, 0x08, 0x64, 0x08, 0x64, 0x08, 0x64, 0x08,
  0x64, 0x08, 0x64, 0x08, 0x47, 0x19, 0x64, 0x08, 0x64, 0x08, 0x64, 0x08, 0x64, 0x08, 0x64, 0x08, 0x64, 0x08, 0x64, 0x08, 0x64, 0x08, 0x64, 0x08, 0x64, 0x08, 0x64, 0x08, 0x64, 0x08, 0x64, 0x08,
  0xa4, 0x10, 0x64, 0x08, 0x64, 0x08, 0x64, 0x08, 0x64, 0x08, 0x64, 0x08, 0x64, 0x08, 0x64, 0x08, 0x64, 0x08, 0x64, 0x08, 0x64, 0x08, 0x64, 0x08, 0x64, 0x08, 0x64, 0x08, 0x47, 0x19, 0x64, 0x08,
  0x64, 0x08, 0x64, 0x08, 0x48, 0x19, 0x64, 0x08, 0x64, 0x08, 0x64, 0x08, 0x64, 0x08, 0x64, 0x08, 0x64, 0x08, 0x64, 0x08, 0x64, 0x08, 0x64, 0x08, 0x64, 0x08, 0x64, 0x08, 0x64, 0x08, 0x64, 0x08,
  0xa4, 0x10, 0x64, 0x08, 0x64, 0x08, 0x64, 0x08, 0x64, 0x08, 0x64, 0x08, 0x64, 0x08, 0x64, 0x08, 0x64, 0x08, 0x64, 0x08, 0x64, 0x08, 0x64, 0x08, 0x64, 0x08, 0x64, 0x08, 0x64, 0x08, 0x64, 0x08,
  0x64, 0x08, 0x64, 0x08, 0x64, 0x08, 0x64, 0x08, 0x64, 0x08, 0x64, 0x08, 0x64, 0x08, 0x64, 0x08, 0x64, 0x08, 0x64, 0x08, 0x64, 0x08, 0x64, 0x08, 0x64, 0x08, 0x64, 0x08, 0x64, 0x08, 0x64, 0x08,
  0xa4, 0x10, 0x64, 0x08, 0x64, 0x08, 0x64, 0x08, 0x64, 0x08, 0x64, 0x08, 0x64, 0x08, 0x64, 0x08, 0x64, 0x08, 0x64, 0x08, 0x64, 0x08, 0x64, 0x08, 0x64, 0x08, 0x64, 0x08, 0x64, 0x08, 0x64, 0x08,
  0x64, 0x08, 0x64, 0x08, 0x64, 0x08, 0x64, 0x08, 0x64, 0x08, 0x64, 0x08, 0x64, 0x08, 0x64, 0x08, 0x64, 0x08, 0x64, 0x08, 0x64, 0x08, 0x64, 0x08, 0x64, 0x08, 0x64, 0x08, 0x64, 0x08, 0x64, 0x08,
  0xa4, 0x10, 0x64, 0x08, 0x64, 0x08, 0x64, 0x08, 0x64, 0x08, 0x64, 0x08, 0x64, 0x08, 0x64, 0x08, 0x64, 0x08, 0x64, 0x08, 0x64, 0x08, 0x64, 0x08, 0x64, 0x08, 0x64, 0x08, 0x64, 0x08, 0x64, 0x08,
  0x64, 0x08, 0x64, 0x08, 0x64, 0x08, 0x64, 0x08, 0x64, 0x08, 0x64, 0x08, 0x64, 0x08, 0x64, 0x08, 0x64, 0x08, 0x64, 0x08, 0x64, 0x08, 0x64, 0x08, 0x64, 0x08, 0x64, 0x08, 0x64, 0x08, 0x64, 0x08,
  0xa4, 0x10, 0x64, 0x08, 0x64, 0x08, 0x64, 0x08, 0x64, 0x08, 0x64, 0x08, 0x64, 0x08, 0x64, 0x08, 0x64, 0x08, 0x64, 0x08, 0x64, 0x08, 0x64, 0x08, 0x64, 0x08, 0x64, 0x08, 0x64, 0x08, 0x64, 0x08,
  0x64, 0x08, 0x64, 0x08, 0x64, 0x08, 0x47, 0x19, 0x64, 0x08, 0x64, 0x08, 0x64, 0x08, 0x64, 0x08, 0x64, 0x08, 0x64, 0x08, 0x64, 0x08, 0x64, 0x08, 0x64, 0x08, 0x64, 0x08, 0x64, 0x08, 0x64, 0x08,
  0xa4, 0x10, 0x64, 0x08, 0x64, 0x08, 0x64, 0x08, 0x64, 0x08, 0x64, 0x08, 0x64, 0x08, 0x64, 0x08, 0x64, 0x08, 0x64, 0x08, 0x64, 0x08, 0x64, 0x08, 0x64, 0x08, 0x64, 0x08, 0x64, 0x08, 0x64, 0x08,
  0x64, 0x08, 0x64, 0x08, 0x64, 0x08, 0x27, 0x19, 0x64, 0x08, 0x64, 0x08, 0x64, 0x08, 0x27, 0x19, 0x64, 0x08, 0x64, 0x08, 0x64, 0x08, 0x64, 0x08, 0x64, 0x08, 0x64, 0x08, 0x64, 0x08, 0x64, 0x08,
  0xa4, 0x10, 0x64, 0x08, 0x64, 0x08, 0x64, 0x08, 0x64, 0x08, 0x64, 0x08, 0x64, 0x08, 0x64, 0x08, 0x64, 0x08, 0x64, 0x08, 0x64, 0x08, 0x64, 0x08, 0x64, 0x08, 0x64, 0x08, 0x64, 0x08, 0x64, 0x08,
  0x64, 0x08, 0x64, 0x08, 0x64, 0x08, 0x64, 0x08, 0x64, 0x08, 0x64, 0x08, 0x64, 0x08, 0x64, 0x08, 0x64, 0x08, 0x64, 0x08, 0x64, 0x08, 0x64, 0x08, 0x64, 0x08, 0x64, 0x08, 0x64, 0x08, 0x64, 0x08,
  0xa4, 0x10, 0x64, 0x08, 0x64, 0x08, 0x64, 0x08, 0x64, 0x08, 0x64, 0x08, 0x64, 0x08, 0x64, 0x08, 0x64, 0x08, 0x64, 0x08, 0x64, 0x08, 0x64, 0x08, 0x64, 0x08, 0x64, 0x08, 0x64, 0x08, 0x64, 0x08,
  0x64, 0x08, 0x06, 0x19, 0x64, 0x08, 0x64, 0x08, 0x64, 0x08, 0x64, 0x08, 0x26, 0x19, 0x64, 0x08, 0x64, 0x08, 0x64, 0x08, 0x64, 0x08, 0x64, 0x08, 0x64, 0x08, 0x64, 0x08, 0x64, 0x08, 0x64, 0x08,
  0xa4, 0x10, 0x64, 0x08, 0x64, 0x08, 0x64, 0x08, 0x64, 0x08, 0x64, 0x08, 0x64, 0x08, 0x64, 0x08, 0x64, 0x08, 0x64, 0x08, 0x64, 0x08, 0x27, 0x19, 0x64, 0x08, 0x64, 0x08, 0x64, 0x08, 0x64, 0x08,
  0x64, 0x08, 0x64, 0x08, 0x64, 0x08, 0x64, 0x08, 0x64, 0x08, 0x64, 0x08, 0x64, 0x08, 0x64, 0x08, 0x64, 0x08, 0x64, 0x08, 0x64, 0x08, 0x64, 0x08, 0x64, 0x08, 0x64, 0x08, 0x64, 0x08, 0x64, 0x08,
  0xa4, 0x10, 0x64, 0x08, 0x64, 0x08, 0x64, 0x08, 0x64, 0x08, 0x64, 0x08, 0x64, 0x08, 0x64, 0x08, 0x64, 0x08, 0x64, 0x08, 0x64, 0x08, 0x64, 0x08, 0x64, 0x08, 0x64, 0x08, 0x64, 0x08, 0x64, 0x08,
  0x64, 0x08, 0x64, 0x08, 0x64, 0x08, 0x47, 0x19, 0x64, 0x08, 0x64, 0x08, 0x64, 0x08, 0x64, 0x08, 0x64, 0x08, 0x64, 0x08, 0x64, 0x08, 0x64, 0x08, 0x64, 0x08, 0x64, 0x08, 0x64, 0x08, 0x64, 0x08,
  0xa4, 0x10, 0x64, 0x08, 0x64, 0x08, 0x64, 0x08, 0x64, 0x08, 0x64, 0x08, 0x64, 0x08, 0x64, 0x08, 0x64, 0x08, 0x64, 0x08, 0x64, 0x08, 0x64, 0x08, 0x64, 0x08, 0x64, 0x08, 0x47, 0x19, 0x64, 0x08,
  0x64, 0x08, 0x64, 0x08, 0x64, 0x08, 0x48, 0x19, 0x64, 0x08, 0x64, 0x08, 0x64, 0x08, 0x64, 0x08, 0x64, 0x08, 0x64, 0x08, 0x64, 0x08, 0x64, 0x08, 0x64, 0x08, 0x64, 0x08, 0x64, 0x08, 0x64, 0x08,
  0xa4, 0x10, 0x64, 0x08, 0x64, 0x08, 0x64, 0x08, 0x64, 0x08, 0x64, 0x08, 0x64, 0x08, 0x64, 0x08, 0x64, 0x08, 0x64, 0x08, 0x64, 0x08, 0x64, 0x08, 0x64, 0x08, 0x64, 0x08, 0x64, 0x08, 0x64, 0x08,
  0x64, 0x08, 0x64, 0x08, 0x64, 0x08, 0x64, 0x08, 0x64, 0x08, 0x64, 0x08, 0x64, 0x08, 0x64, 0x08, 0x64, 0x08, 0x64, 0x08, 0x64, 0x08, 0x64, 0x08, 0x64, 0x08, 0x64, 0x08, 0x64, 0x08, 0x64, 0x08,
  0xa4, 0x10, 0x64, 0x08, 0x64, 0x08, 0x64, 0x08, 0x64, 0x08, 0x64, 0x08, 0x64, 0x08, 0x64, 0x08, 0x64, 0x08, 0x64, 0x08, 0x64, 0x08, 0x64, 0x08, 0x64, 0x08, 0x64, 0x08, 0x64, 0x08, 0x64, 0x08,
  0x64, 0x08, 0x64, 0x08, 0x64, 0x08, 0x64, 0x08, 0x64, 0x08, 0x64, 0x08, 0x64, 0x08, 0x64, 0x08, 0x64, 0x08, 0x64, 0x08, 0x64, 0x08, 0x64, 0x08, 0x64, 0x08, 0x64, 0x08, 0x64, 0x08, 0x64, 0x08,
  0xa4, 0x10, 0x64, 0x08, 0x64, 0x08, 0x64, 0x08, 0x64, 0x08, 0x64, 0x08, 0x64, 0x08, 0x64, 0x08, 0x64, 0x08, 0x64, 0x08, 0x64, 0x08, 0x64, 0x08, 0x64, 0x08, 0x64, 0x08, 0x64, 0x08, 0x64, 0x08,
  0x64, 0x08, 0x64, 0x08, 0x64, 0x08, 0x64, 0x08, 0x64, 0x08, 0x64, 0x08, 0x64, 0x08, 0x64, 0x08, 0x64, 0x08, 0x64, 0x08, 0x64, 0x08, 0x64, 0x08, 0x64, 0x08, 0x64, 0x08, 0x64, 0x08, 0x64, 0x08,
  0xa4, 0x10, 0x64, 0x08, 0x64, 0x08, 0x64, 0x08, 0x64, 0x08, 0x64, 0x08, 0x64, 0x08, 0x64, 0x08, 0x64, 0x08, 0x64, 0x08, 0x64, 0x08, 0x64, 0x08, 0x64, 0x08, 0x64, 0x08, 0x64, 0x08, 0x64, 0x08,
  0x64, 0x08, 0x64, 0x08, 0x64, 0x08, 0x47, 0x19, 0x64, 0x08, 0x64, 0x08, 0x64, 0x08, 0x64, 0x08, 0x64, 0x08, 0x64, 0x08, 0x64, 0x08, 0x64, 0x08, 0x64, 0x08, 0x64, 0x08, 0x64, 0x08, 0x64, 0x08,
  0xa4, 0x10, 0x64, 0x08, 0x64, 0x08, 0x64, 0x08, 0x64, 0x08, 0x64, 0x08, 0x64, 0x08, 0x64, 0x08, 0x64, 0x08, 0x64, 0x08, 0x64, 0x08, 0x64, 0x08, 0x64, 0x08, 0x64, 0x08, 0x64, 0x08, 0x64, 0x08,
  0x64, 0x08, 0x64, 0x08, 0x64, 0x08, 0x27, 0x19, 0x64, 0x08, 0x64, 0x08, 0x64, 0x08, 0x27, 0x19, 0x64, 0x08, 0x64, 0x08, 0x64, 0x08, 0x64, 0x08, 0x64, 0x08, 0x64, 0x08, 0x64, 0x08, 0x64, 0x08,
  0xa4, 0x10, 0x64, 0x08, 0x64, 0x08, 0x64, 0x08, 0x64, 0x08, 0x64, 0x08, 0x64, 0x08, 0x64, 0x08, 0x64, 0x08, 0x64, 0x08, 0x64, 0x08, 0x64, 0x08, 0x64, 0x08, 0x64, 0x08, 0x64, 0x08, 0x64, 0x08,
  0x64, 0x08, 0x64, 0x08, 0x64, 0x08, 0x64, 0x08, 0x64, 0x08, 0x64, 0x08, 0x64, 0x08, 0x64, 0x08, 0x64, 0x08, 0x64, 0x08, 0x64, 0x08, 0x64, 0x08, 0x64, 0x08, 0x64, 0x08, 0x64, 0x08, 0x64, 0x08,
  0xa4, 0x10, 0x64, 0x08, 0x64, 0x08, 0x64, 0x08, 0x64, 0x08, 0x64, 0x08, 0x64, 0x08, 0x64, 0x08, 0x64, 0x08, 0x64, 0x08, 0x64, 0x08, 0x64, 0x08, 0x64, 0x08, 0x64, 0x08, 0x64, 0x08, 0x64, 0x08,
  0x64, 0x08, 0x06, 0x19, 0x64, 0x08, 0x64, 0x08, 0x64, 0x08, 0x64, 0x08, 0x64, 0x08, 0x26, 0x19, 0x64, 0x08, 0x64, 0x08, 0x64, 0x08, 0x64, 0x08, 0x64, 0x08, 0x64, 0x08, 0x64, 0x08, 0x64, 0x08,
  0xa4, 0x10, 0x64, 0x08, 0x64, 0x08, 0x64, 0x08, 0x64, 0x08, 0x64, 0x08, 0x64, 0x08, 0x64, 0x08, 0x64, 0x08, 0x64, 0x08, 0x64, 0x08, 0x26, 0x19, 0x64, 0x08, 0x64, 0x08, 0x64, 0x08, 0x64, 0x08,
  0x64, 0x08, 0x64, 0x08, 0x64, 0x08, 0x64, 0x08, 0x64, 0x08, 0x64, 0x08, 0x64, 0x08, 0x64, 0x08, 0x64, 0x08, 0x64, 0x08, 0x64, 0x08, 0x64, 0x08, 0x64, 0x08, 0x64, 0x08, 0x64, 0x08, 0x64, 0x08,
  0xa4, 0x10, 0x64, 0x08, 0x64, 0x08, 0x64, 0x08, 0x64, 0x08, 0x64, 0x08, 0x64, 0x08, 0x64, 0x08, 0x64, 0x08, 0x64, 0x08, 0x64, 0x08, 0x64, 0x08, 0x64, 0x08, 0x64, 0x08, 0x64, 0x08, 0x64, 0x08,
  0x64, 0x08, 0x64, 0x08, 0x64, 0x08, 0x64, 0x08, 0x47, 0x19, 0x64, 0x08, 0x64, 0x08, 0x64, 0x08, 0x64, 0x08, 0x64, 0x08, 0x64, 0x08, 0x64, 0x08, 0x64, 0x08, 0x64, 0x08, 0x64, 0x08, 0x64, 0x08,
  0xa4, 0x10, 0x64, 0x08, 0x64, 0x08, 0x64, 0x08, 0x64, 0x08, 0x64, 0x08, 0x64, 0x08, 0x64, 0x08, 0x64, 0x08, 0x64, 0x08, 0x64, 0x08, 0x64, 0x08, 0x64, 0x08, 0x64, 0x08, 0x47, 0x19, 0x64, 0x08,
  0x64, 0x08, 0x64, 0x08, 0x64, 0x08, 0x64, 0x08, 0x48, 0x19, 0x64, 0x08, 0x64, 0x08, 0x64, 0x08, 0x64, 0x08, 0x64, 0x08, 0x64, 0x08, 0x64, 0x08, 0x64, 0x08, 0x64, 0x08, 0x64, 0x08, 0x64, 0x08,
  0xa4, 0x10, 0x64, 0x08, 0x64, 0x08, 0x64, 0x08, 0x64, 0x08, 0x64, 0x08, 0x64, 0x08, 0x64, 0x08, 0x64, 0x08, 0x64, 0x08, 0x64, 0x08, 0x64, 0x08, 0x64, 0x08, 0x64, 0x08, 0x64, 0x08, 0x64, 0x08,
  0x64, 0x08, 0x64, 0x08, 0x64, 0x08, 0x64, 0x08, 0x64, 0x08, 0x64, 0x08, 0x64, 0x08, 0x64, 0x08, 0x64, 0x08, 0x64, 0x08, 0x64, 0x08, 0x64, 0x08, 0x64, 0x08, 0x64, 0x08, 0x64, 0x08, 0x64, 0x08,
  0xa4, 0x10, 0x64, 0x08, 0x64, 0x08, 0x64, 0x08, 0x64, 0x08, 0x64, 0x08, 0x64, 0x08, 0x64, 0x08, 0x64, 0x08, 0x64, 0x08, 0x64, 0x08, 0x64, 0x08, 0x64, 0x08, 0x64, 0x08, 0x64, 0x08, 0x64, 0x08,
  0x64, 0x08, 0x64, 0x08, 0x64, 0x08, 0x64, 0x08, 0x64, 0x08, 0x64, 0x08, 0x64, 0x08, 0x64, 0x08, 0x64, 0x08, 0x64, 0x08, 0x64, 0x08, 0x64, 0x08, 0x64, 0x08, 0x64, 0x08, 0x64, 0x08, 0x64, 0x08,
  0xa4, 0x10, 0x64, 0x08, 0x64, 0x08, 0x64, 0x08, 0x64, 0x08, 0x64, 0x08, 0x64, 0x08, 0x64, 0x08, 0x64, 0x08, 0x64, 0x08, 0x64, 0x08, 0x64, 0x08, 0x64, 0x08, 0x64, 0x08, 0x64, 0x08, 0x64, 0x08,
  0x64, 0x08, 0x64, 0x08, 0x64, 0x08, 0x64, 0x08, 0x64, 0x08, 0x64, 0x08, 0x64, 0x08, 0x64, 0x08, 0x64, 0x08, 0x64, 0x08, 0x64, 0x08, 0x64, 0x08, 0x64, 0x08, 0x64, 0x08, 0x64, 0x08, 0x64, 0x08,
  0xa4, 0x10, 0x64, 0x08, 0x64, 0x08, 0x64, 0x08, 0x64, 0x08, 0x64, 0x08, 0x64, 0x08, 0x64, 0x08, 0x64, 0x08, 0x64, 0x08, 0x64, 0x08, 0x64, 0x08, 0x64, 0x08, 0x64, 0x08, 0x64, 0x08, 0x64, 0x08,
  0x64, 0x08, 0x64, 0x08, 0x64, 0x08, 0x47, 0x19, 0x64, 0x08, 0x64, 0x08, 0x64, 0x08, 0x64, 0x08, 0x64, 0x08, 0x64, 0x08, 0x64, 0x08, 0x64, 0x08, 0x64, 0x08, 0x64, 0x08, 0x64, 0x08, 0x64, 0x08,
  0xa4, 0x10, 0x64, 0x08, 0x64, 0x08, 0x64, 0x08, 0x64, 0x08, 0x64, 0x08, 0x64, 0x08, 0x64, 0x08, 0x64, 0x08, 0x64, 0x08, 0x64, 0x08, 0x64, 0x08, 0x64, 0x08, 0x64, 0x08, 0x64, 0x08, 0x64, 0x08,
  0x64, 0x08, 0x64, 0x08, 0x64, 0x08, 0x27, 0x19, 0x64, 0x08, 0x64, 0x08, 0x64, 0x08, 0x26, 0x19, 0x64, 0x08, 0x64, 0x08, 0x64, 0x08, 0x64, 0x08, 0x64, 0x08, 0x64, 0x08, 0x64, 0x08, 0x64, 0x08,
  0xa4, 0x10, 0x64, 0x08, 0x64, 0x08, 0x64, 0x08, 0x64, 0x08, 0x64, 0x08, 0x64, 0x08, 0x64, 0x08, 0x64, 0x08, 0x64, 0x08, 0x64, 0x08, 0x64, 0x08, 0x64, 0x08, 0x64, 0x08, 0x64, 0x08, 0x64, 0x08,
  0x64, 0x08, 0x64, 0x08, 0x64, 0x08, 0x64, 0x08, 0x64, 0x08, 0x64, 0x08, 0x64, 0x08, 0x64, 0x08, 0x64, 0x08, 0x64, 0x08, 0x64, 0x08, 0x64, 0x08, 0x64, 0x08, 0x64, 0x08, 0x64, 0x08, 0x64, 0x08,
  0xa4, 0x10, 0x64, 0x08, 0x64, 0x08, 0x64, 0x08, 0x64, 0x08, 0x64, 0x08, 0x64, 0x08, 0x64, 0x08, 0x64, 0x08, 0x64, 0x08, 0x64, 0x08, 0x64, 0x08, 0x64, 0x08, 0x64, 0x08, 0x64, 0x08, 0x64, 0x08,
  0x64, 0x08, 0x06, 0x19, 0x64, 0x08, 0x64, 0x08, 0x64, 0x08, 0x64, 0x08, 0x64, 0x08, 0x26, 0x19, 0x64, 0x08, 0x64, 0x08, 0x64, 0x08, 0x64, 0x08, 0x64, 0x08, 0x64, 0x08, 0x64, 0x08, 0x64, 0x08,
  0xa4, 0x10, 0x64, 0x08, 0x64, 0x08, 0x64, 0x08, 0x64, 0x08, 0x64, 0x08, 0x64, 0x08, 0x64, 0x08, 0x64, 0x08, 0x64, 0x08, 0x64, 0x08, 0x26, 0x19, 0x64, 0x08, 0x64, 0x08, 0x64, 0x08, 0x64, 0x08,
  0x64, 0x08, 0x64, 0x08, 0x64, 0x08, 0x64, 0x08, 0x64, 0x08, 0x64, 0x08, 0x64, 0x08, 0x64, 0x08, 0x64, 0x08, 0x64, 0x08, 0x64, 0x08, 0x64, 0x08, 0x64, 0x08, 0x64, 0x08, 0x64, 0x08, 0x64, 0x08,
  0xa4, 0x10, 0x64, 0x08, 0x64, 0x08, 0x64, 0x08, 0x64, 0x08, 0x64, 0x08, 0x64, 0x08, 0x64, 0x08, 0x64, 0x08, 0x64, 0x08, 0x64, 0x08, 0x64, 0x08, 0x64, 0x08, 0x64, 0x08, 0x64, 0x08, 0x64, 0x08,
  0x64, 0x08, 0x64, 0x08, 0x64, 0x08, 0x64, 0x08, 0x64, 0x08, 0x47, 0x19, 0x64, 0x08, 0x64, 0x08, 0x64, 0x08, 0x64, 0x08, 0x64, 0x08, 0x64, 0x08, 0x64, 0x08, 0x64, 0x08, 0x64, 0x08, 0x64, 0x08,
  0xa4, 0x10, 0x64, 0x08, 0x64, 0x08, 0x64, 0x08, 0x64, 0x08, 0x64, 0x08, 0x64, 0x08, 0x64, 0x08, 0x64, 0x08, 0x64, 0x08, 0x64, 0x08, 0x64, 0x08, 0x64, 0x08, 0x64, 0x08, 0x47, 0x19, 0x64, 0x08,
  0x64, 0x08, 0x64, 0x08, 0x64, 0x08, 0x64, 0x08, 0x64, 0x08, 0x48, 0x19, 0x64, 0x08, 0x64, 0x08, 0x64, 0x08, 0x64, 0x08, 0x64, 0x08, 0x64, 0x08, 0x64, 0x08, 0x64, 0x08, 0x64, 0x08, 0x64, 0x08,
  0xa4, 0x10, 0x64, 0x08, 0x64, 0x08, 0x64, 0x08, 0x64, 0x08, 0x64, 0x08, 0x64, 0x08, 0x64, 0x08, 0x64, 0x08, 0x64, 0x08, 0x64, 0x08, 0x64, 0x08, 0x64, 0x08, 0x64, 0x08, 0x64, 0x08, 0x64, 0x08,
  0x64, 0x08, 0x64, 0x08, 0x64, 0x08, 0x64, 0x08, 0x64, 0x08, 0x64, 0x08, 0x64, 0x08, 0x64, 0x08, 0x64, 0x08, 0x64, 0x08, 0x64, 0x08, 0x64, 0x08, 0x64, 0x08, 0x64, 0x08, 0x64, 0x08, 0x64, 0x08,
  0xa4, 0x10, 0x64, 0x08, 0x64, 0x08, 0x64, 0x08, 0x64, 0x08, 0x64, 0x08, 0x64, 0x08, 0x64, 0x08, 0x64, 0x08, 0x64, 0x08, 0x64, 0x08, 0x64, 0x08, 0x64, 0x08, 0x64, 0x08, 0x64, 0x08, 0x64, 0x08,
  0x64, 0x08, 0x64, 0x08, 0x64, 0x08, 0x64, 0x08, 0x64, 0x08, 0x64, 0x08, 0x64, 0x08, 0x64, 0x08, 0x64, 0x08, 0x64, 0x08, 0x64, 0x08, 0x64, 0x08, 0x64, 0x08, 0x64, 0x08, 0x64, 0x08, 0x64, 0x08,
  0xa4, 0x10, 0x64, 0x08, 0x64, 0x08, 0x64, 0x08, 0x64, 0x08, 0x64, 0x08, 0x64, 0x08, 0x64, 0x08, 0x64, 0x08, 0x64, 0x08, 0x64, 0x08, 0x64, 0x08, 0x64, 0x08, 0x64, 0x08, 0x64, 0x08, 0x64, 0x08,
  0x64, 0x08, 0x64, 0x08, 0x64, 0x08, 0x64, 0x08, 0x64, 0x08, 0x64, 0x08, 0x64, 0x08, 0x64, 0x08, 0x64, 0x08, 0x64, 0x08, 0x64, 0x08, 0x64, 0x08, 0x64, 0x08, 0x64, 0x08, 0x64, 0x08, 0x64, 0x08,
  0xa4, 0x10, 0x64, 0x08, 0x64, 0x08, 0x64, 0x08, 0x64, 0x08, 0x64, 0x08, 0x64, 0x08, 0x64, 0x08, 0x64, 0x08, 0x64, 0x08, 0x64, 0x08, 0x64, 0x08, 0x64, 0x08, 0x64, 0x08, 0x64, 0x08, 0x64, 0x08,
  0x64, 0x08, 0x64, 0x08, 0x64, 0x08, 0x47, 0x19, 0x64, 0x08, 0x64, 0x08, 0x64, 0x08, 0x64, 0x08, 0x64, 0x08, 0x64, 0x08, 0x64, 0x08, 0x64, 0x08, 0x64, 0x08, 0x64, 0x08, 0x64, 0x08, 0x64, 0x08,
  0xa4, 0x10, 0x64, 0x08, 0x64, 0x08, 0x64, 0x08, 0x64, 0x08, 0x64, 0x08, 0x64, 0x08, 0x64, 0x08, 0x64, 0x08, 0x64, 0x08, 0x64, 0x08, 0x64, 0x08, 0x64, 0x08, 0x64, 0x08, 0x64, 0x08, 0x64, 0x08,
  0x64, 0x08, 0x64, 0x08, 0x64, 0x08, 0x27, 0x19, 0x64, 0x08, 0x64, 0x08, 0x64, 0x08, 0x26, 0x19, 0x64, 0x08, 0x64, 0x08, 0x64, 0x08, 0x64, 0x08, 0x64, 0x08, 0x64, 0x08, 0x64, 0x08, 0x64, 0x08,
  0xa4, 0x10, 0x64, 0x08, 0x64, 0x08, 0x64, 0x08, 0x64, 0x08, 0x64, 0x08, 0x64, 0x08, 0x64, 0x08, 0x64, 0x08, 0x64, 0x08, 0x64, 0x08, 0x64, 0x08, 0x64, 0x08, 0x64, 0x08, 0x64, 0x08, 0x64, 0x08,
  0x64, 0x08, 0x64, 0x08, 0x64, 0x08, 0x64, 0x08, 0x64, 0x08, 0x64, 0x08, 0x64, 0x08, 0x64, 0x08, 0x64, 0x08, 0x64, 0x08, 0x64, 0x08, 0x64, 0x08, 0x64, 0x08, 0x64, 0x08, 0x64, 0x08, 0x64, 0x08,
  0xa4, 0x10, 0x64, 0x08, 0x64, 0x08, 0x64, 0x08, 0x64, 0x08, 0x64, 0x08, 0x64, 0x08, 0x64, 0x08, 0x64, 0x08, 0x64, 0x08, 0x64, 0x08, 0x64, 0x08, 0x64, 0x08, 0x64, 0x08, 0x64, 0x08, 0x64, 0x08,
  0x64, 0x08, 0x06, 0x19, 0x64, 0x08, 0x64, 0x08, 0x64, 0x08, 0x64, 0x08, 0x64, 0x08, 0x26, 0x19, 0x64, 0x08, 0x64, 0x08, 0x64, 0x08, 0x64, 0x08, 0x64, 0x08, 0x64, 0x08, 0x64, 0x08, 0x64, 0x08,
  0xa4, 0x10, 0x64, 0x08, 0x64, 0x08, 0x64, 0x08, 0x64, 0x08, 0x64, 0x08, 0x64, 0x08, 0x64, 0x08, 0x64, 0x08, 0x64, 0x08, 0x64, 0x08, 0x26, 0x19, 0x64, 0x08, 0x64, 0x08, 0x64, 0x08, 0x64, 0x08,
  0x64, 0x08, 0x64, 0x08, 0x64, 0x08, 0x64, 0x08, 0x64, 0x08, 0x64, 0x08, 0x64, 0x08, 0x64, 0x08, 0x64, 0x08, 0x64, 0x08, 0x64, 0x08, 0x64, 0x08, 0x64, 0x08, 0x64, 0x08, 0x64, 0x08, 0x64, 0x08,
  0xa4, 0x10, 0x64, 0x08, 0x64, 0x08, 0x64, 0x08, 0x64, 0x08, 0x64, 0x08, 0x64, 0x08, 0x64, 0x08, 0x64, 0x08, 0x64, 0x08, 0x64, 0x08, 0x64, 0x08, 0x64, 0x08, 0x64, 0x08, 0x64, 0x08, 0x64, 0x08,
  0x64, 0x08, 0x64, 0x08, 0x64, 0x08, 0x64, 0x08, 0x64, 0x08, 0x64, 0x08, 0x47, 0x19, 0x64, 0x08, 0x64, 0x08, 0x64, 0x08, 0x64, 0x08, 0x64, 0x08, 0x64, 0x08, 0x64, 0x08, 0x64, 0x08, 0x64, 0x08,
  0xa4, 0x10, 0x64, 0x08, 0x64, 0x08, 0x64, 0x08, 0x64, 0x08, 0x64, 0x08, 0x64, 0x08, 0x64, 0x08, 0x64, 0x08, 0x64, 0x08, 0x64, 0x08, 0x64, 0x08, 0x64, 0x08, 0x64, 0x08, 0x47, 0x19, 0x64, 0x08,
  0x64, 0x08, 0x64, 0x08, 0x64, 0x08, 0x64, 0x08, 0x64, 0x08, 0x64, 0x08, 0x48, 0x19, 0x64, 0x08, 0x64, 0x08, 0x64, 0x08, 0x64, 0x08, 0x64, 0x08, 0x64, 0x08, 0x64, 0x08, 0x64, 0x08, 0x64, 0x08,
  0xa4, 0x10, 0x64, 0x08, 0x64, 0x08, 0x64, 0x08, 0x64, 0x08, 0x64, 0x08, 0x64, 0x08, 0x64, 0x08, 0x64, 0x08, 0x64, 0x08, 0x64, 0x08, 0x64, 0x08, 0x64, 0x08, 0x64, 0x08, 0x64, 0x08, 0x64, 0x08,
  0x64, 0x08, 0x64, 0x08, 0x64, 0x08, 0x64, 0x08, 0x64, 0x08, 0x64, 0x08, 0x64, 0x08, 0x64, 0x08, 0x64, 0x08, 0x64, 0x08, 0x64, 0x08, 0x64, 0x08, 0x64, 0x08, 0x64, 0x08, 0x64, 0x08, 0x64, 0x08,
  0xa4, 0x10, 0x64, 0x08, 0x64, 0x08, 0x64, 0x08, 0x64, 0x08, 0x64, 0x08, 0x64, 0x08, 0x64, 0x08, 0x64, 0x08, 0x64, 0x08, 0x64, 0x08, 0x64, 0x08, 0x64, 0x08, 0x64, 0x08, 0x64, 0x08, 0x64, 0x08,
  0x64, 0x08, 0x64, 0x08, 0x64, 0x08, 0x64, 0x08, 0x64, 0x08, 0x64, 0x08, 0x64, 0x08, 0x64, 0x08, 0x64, 0x08, 0x64, 0x08, 0x64, 0x08, 0x64, 0x08, 0x64, 0x08, 0x64, 0x08, 0x64, 0x08, 0x64, 0x08,
  0xa4, 0x10, 0x64, 0x08, 0x64, 0x08, 0x64, 0x08, 0x64, 0x08, 0x64, 0x08, 0x64, 0x08, 0x64, 0x08, 0x64, 0x08, 0x64, 0x08, 0x64, 0x08, 0x64, 0x08, 0x64, 0x08, 0x64, 0x08, 0x64, 0x08, 0x64, 0x08,
  0x64, 0x08, 0x64, 0x08, 0x64, 0x08, 0x64, 0x08, 0x64, 0x08, 0x64, 0x08, 0x64, 0x08, 0x64, 0x08, 0x64, 0x08, 0x64, 0x08, 0x64, 0x08, 0x64, 0x08, 0x64, 0x08, 0x64, 0x08, 0x64, 0x08, 0x64, 0x08,
  0xa4, 0x10, 0x64, 0x08, 0x64, 0x08, 0x64, 0x08, 0x64, 0x08, 0x64, 0x08, 0x64, 0x08, 0x64, 0x08, 0x64, 0x08, 0x64, 0x08, 0x64, 0x08, 0x64, 0x08, 0x64, 0x08, 0x64, 0x08, 0x64, 0x08, 0x64, 0x08,
  0x64, 0x08, 0x64, 0x08, 0x64, 0x08, 0x47, 0x19, 0x64, 0x08, 0x64, 0x08, 0x64, 0x08, 0x64, 0x08, 0x64, 0x08, 0x64, 0x08, 0x64, 0x08, 0x64, 0x08, 0x64, 0x08, 0x64, 0x08, 0x64, 0x08, 0x64, 0x08,
  0xa4, 0x10, 0x64, 0x08, 0x64, 0x08, 0x64, 0x08, 0x64, 0x08, 0x64, 0x08, 0x64, 0x08, 0x64, 0x08, 0x64, 0x08, 0x64, 0x08, 0x64, 0x08, 0x64, 0x08, 0x64, 0x08, 0x64, 0x08, 0x64, 0x08, 0x64, 0x08,
  0x64, 0x08, 0x64, 0x08, 0x64, 0x08, 0x27, 0x19, 0x64, 0x08, 0x64, 0x08, 0x64, 0x08, 0x26, 0x19, 0x64, 0x08, 0x64, 0x08, 0x64, 0x08, 0x64, 0x08, 0x64, 0x08, 0x64, 0x08, 0x64, 0x08, 0x64, 0x08,
  0xa4, 0x10, 0x64, 0x08, 0x64, 0x08, 0x64, 0x08, 0x64, 0x08, 0x64, 0x08, 0x64, 0x08, 0x64, 0x08, 0x64, 0x08, 0x64, 0x08, 0x64, 0x08, 0x64, 0x08, 0x64, 0x08, 0x64, 0x08, 0x64, 0x08, 0x64, 0x08,
  0x64, 0x08, 0x64, 0x08, 0x64, 0x08, 0x64, 0x08, 0x64, 0x08, 0x64, 0x08, 0x64, 0x08, 0x64, 0x08, 0x64, 0x08, 0x64, 0x08, 0x64, 0x08, 0x64, 0x08, 0x64, 0x08, 0x64, 0x08, 0x64, 0x08, 0x64, 0x08,
  0xa4, 0x10, 0x64, 0x08, 0x64, 0x08, 0x64, 0x08, 0x64, 0x08, 0x64, 0x08, 0x64, 0x08, 0x64, 0x08, 0x64, 0x08, 0x64, 0x08, 0x64, 0x08, 0x64, 0x08, 0x64, 0x08, 0x64, 0x08, 0x64, 0x08, 0x64, 0x08,
  0x64, 0x08, 0x06, 0x19, 0x64, 0x08, 0x64, 0x08, 0x64, 0x08, 0x64, 0x08, 0x64, 0x08, 0x26, 0x19, 0x64, 0x08, 0x64, 0x08, 0x64, 0x08, 0x64, 0x08, 0x64, 0x08, 0x64, 0x08, 0x64, 0x08, 0x64, 0x08,
  0xa4, 0x10, 0x64, 0x08, 0x64, 0x08, 0x64, 0x08, 0x64, 0x08, 0x64, 0x08, 0x64, 0x08, 0x64, 0x08, 0x64, 0x08, 0x64, 0x08, 0x64, 0x08, 0x26, 0x19, 0x64, 0x08, 0x64, 0x08, 0x64, 0x08, 0x64, 0x08,
  0x64, 0x08, 0x64, 0x08, 0x64, 0x08, 0x64, 0x08, 0x64, 0x08, 0x64, 0x08, 0x64, 0x08, 0x64, 0x08, 0x64, 0x08, 0x64, 0x08, 0x64, 0x08, 0x64, 0x08, 0x64, 0x08, 0x64, 0x08, 0x64, 0x08, 0x64, 0x08,
  0xa4, 0x10, 0x64, 0x08, 0x64, 0x08, 0x64, 0x08, 0x64, 0x08, 0x64, 0x08, 0x64, 0x08, 0x64, 0x08, 0x64, 0x08, 0x64, 0x08, 0x64, 0x08, 0x64, 0x08, 0x64, 0x08, 0x64, 0x08, 0x64, 0x08, 0x64, 0x08,
  0x64, 0x08, 0x64, 0x08, 0x64, 0x08, 0x64, 0x08, 0x64, 0x08, 0x64, 0x08, 0x64, 0x08, 0x47, 0x19, 0x64, 0x08, 0x64, 0x08, 0x64, 0x08, 0x64, 0x08, 0x64, 0x08, 0x64, 0x08, 0x64, 0x08, 0x64, 0x08,
  0xa4, 0x10, 0x64, 0x08, 0x64, 0x08, 0x64, 0x08, 0x64, 0x08, 0x64, 0x08, 0x64, 0x08, 0x64, 0x08, 0x64, 0x08, 0x64, 0x08, 0x64, 0x08, 0x64, 0x08, 0x64, 0x08, 0x64, 0x08, 0x47, 0x19, 0x64, 0x08,
  0x64, 0x08, 0x64, 0x08, 0x64, 0x08, 0x64, 0x08, 0x64, 0x08, 0x64, 0x08, 0x64, 0x08, 0x48, 0x19, 0x64, 0x08, 0x64, 0x08, 0x64, 0x08, 0x64, 0x08, 0x64, 0x08, 0x64, 0x08, 0x64, 0x08, 0x64, 0x08,
  0xa4, 0x10, 0x64, 0x08, 0x64, 0x08, 0x64, 0x08, 0x64, 0x08, 0x64, 0x08, 0x64, 0x08, 0x64, 0x08, 0x64, 0x08, 0x64, 0x08, 0x64, 0x08, 0x64, 0x08, 0x64, 0x08, 0x64, 0x08, 0x64, 0x08, 0x64, 0x08,
  0x64, 0x08, 0x64, 0x08, 0x64, 0x08, 0x64, 0x08, 0x64, 0x08, 0x64, 0x08, 0x64, 0x08, 0x64, 0x08, 0x64, 0x08, 0x64, 0x08, 0x64, 0x08, 0x64, 0x08, 0x64, 0x08, 0x64, 0x08, 0x64, 0x08, 0x64, 0x08,
  0xa4, 0x10, 0x64, 0x08, 0x64, 0x08, 0x64, 0x08, 0x64, 0x08, 0x64, 0x08, 0x64, 0x08, 0x64, 0x08, 0x64, 0x08, 0x64, 0x08, 0x64, 0x08, 0x64, 0x08, 0x64, 0x08, 0x64, 0x08, 0x64, 0x08, 0x64, 0x08,
  0x64, 0x08, 0x64, 0x08, 0x64, 0x08, 0x64, 0x08, 0x64, 0x08, 0x64, 0x08, 0x64, 0x08, 0x64, 0x08, 0x64, 0x08, 0x64, 0x08, 0x64, 0x08, 0x64, 0x08, 0x64, 0x08, 0x64, 0x08, 0x64, 0x08, 0x64, 0x08,
  0xa4, 0x10, 0x64, 0x08, 0x64, 0x08, 0x64, 0x08, 0x64, 0x08, 0x64, 0x08, 0x64, 0x08, 0x64, 0x08, 0x64, 0x08, 0x64, 0x08, 0x64, 0x08, 0x64, 0x08, 0x64, 0x08, 0x64, 0x08, 0x64, 0x08, 0x64, 0x08,
  0x64, 0x08, 0x64, 0x08, 0x64, 0x08, 0x64, 0x08, 0x64, 0x08, 0x64, 0x08, 0x64, 0x08, 0x64, 0x08, 0x64, 0x08, 0x64, 0x08, 0x64, 0x08, 0x64, 0x08, 0x64, 0x08, 0x64, 0x08, 0x64, 0x08, 0x64, 0x08,
  0xa4, 0x10, 0x64, 0x08, 0x64, 0x08, 0x64, 0x08, 0x64, 0x08, 0x64, 0x08, 0x64, 0x08, 0x64, 0x08, 0x64, 0x08, 0x64, 0x08, 0x64, 0x08, 0x64, 0x08, 0x64, 0x08, 0x64, 0x08, 0x64, 0x08, 0x64, 0x08,
  0x64, 0x08, 0x64, 0x08, 0x64, 0x08, 0x47, 0x19, 0x64, 0x08, 0x64, 0x08, 0x64, 0x08, 0x64, 0x08, 0x64, 0x08, 0x64, 0x08, 0x64, 0x08, 0x64, 0x08, 0x64, 0x08, 0x64, 0x08, 0x64, 0x08, 0x64, 0x08,
  0xa4, 0x10, 0x64, 0x08, 0x64, 0x08, 0x64, 0x08, 0x64, 0x08, 0x64, 0x08, 0x64, 0x08, 0x64, 0x08, 0x64, 0x08, 0x64, 0x08, 0x64, 0x08, 0x64, 0x08, 0x64, 0x08, 0x64, 0x08, 0x64, 0x08, 0x64, 0x08,
  0x64, 0x08, 0x64, 0x08, 0x64, 0x08, 0x27, 0x19, 0x64, 0x08, 0x64, 0x08, 0x64, 0x08, 0x26, 0x19, 0x64, 0x08, 0x64, 0x08, 0x64, 0x08, 0x64, 0x08, 0x64, 0x08, 0x64, 0x08, 0x64, 0x08, 0x64, 0x08,
  0xa4, 0x10, 0x64, 0x08, 0x64, 0x08, 0x64, 0x08, 0x64, 0x08, 0x64, 0x08, 0x64, 0x08, 0x64, 0x08, 0x64, 0x08, 0x64, 0x08, 0x64, 0x08, 0x64, 0x08, 0x64, 0x08, 0x64, 0x08, 0x64, 0x08, 0x64, 0x08,
  0x64, 0x08, 0x64, 0x08, 0x64, 0x08, 0x64, 0x08, 0x64, 0x08, 0x64, 0x08, 0x64, 0x08, 0x64, 0x08, 0x64, 0x08, 0x64, 0x08, 0x64, 0x08, 0x64, 0x08, 0x64, 0x08, 0x64, 0x08, 0x64, 0x08, 0x64, 0x08,
  0xa4, 0x10, 0x64, 0x08, 0x64, 0x08, 0x64, 0x08, 0x64, 0x08, 0x64, 0x08, 0x64, 0x08, 0x64, 0x08, 0x64, 0x08, 0x64, 0x08, 0x64, 0x08, 0x64, 0x08, 0x64, 0x08, 0x64, 0x08, 0x64, 0x08, 0x64, 0x08,
  0x64, 0x08, 0x06, 0x19, 0x64, 0x08, 0x64, 0x08, 0x64, 0x08, 0x64, 0x08, 0x64, 0x08, 0x26, 0x19, 0x64, 0x08, 0x64, 0x08, 0x64, 0x08, 0x64, 0x08, 0x64, 0x08, 0x64, 0x08, 0x64, 0x08, 0x64, 0x08,
  0xa4, 0x10, 0x64, 0x08, 0x64, 0x08, 0x64, 0x08, 0x64, 0x08, 0x64, 0x08, 0x64, 0x08, 0x64, 0x08, 0x64, 0x08, 0x64, 0x08, 0x64, 0x08, 0x26, 0x19, 0x64, 0x08, 0x64, 0x08, 0x64, 0x08, 0x64, 0x08,
  0x64, 0x08, 0x64, 0x08, 0x64, 0x08, 0x64, 0x08, 0x64, 0x08, 0x64, 0x08, 0x64, 0x08, 0x64, 0x08, 0x64, 0x08, 0x64, 0x08, 0x64, 0x08, 0x64, 0x08, 0x64, 0x08, 0x64, 0x08, 0x64, 0x08, 0x64, 0x08,
  0xa4, 0x10, 0x64, 0x08, 0x64, 0x08, 0x64, 0x08, 0x64, 0x08, 0x64, 0x08, 0x64, 0x08, 0x64, 0x08, 0x64, 0x08, 0x64, 0x08, 0x64, 0x08, 0x64, 0x08, 0x64, 0x08, 0x64, 0x08, 0x64, 0x08, 0x64, 0x08,
  0x64, 0x08, 0x64, 0x08, 0x64, 0x08, 0x64, 0x08, 0x64, 0x08, 0x64, 0x08, 0x64, 0x08, 0x64, 0x08, 0x47, 0x19, 0x64, 0x08, 0x64, 0x08, 0x64, 0x08, 0x64, 0x08, 0x64, 0x08, 0x64, 0x08, 0x64, 0x08,
  0xa4, 0x10, 0x64, 0x08, 0x64, 0x08, 0x64, 0x08, 0x64, 0x08, 0x64, 0x08, 0x64, 0x08, 0x64, 0x08, 0x64, 0x08, 0x64, 0x08, 0x64, 0x08, 0x64, 0x08, 0x64, 0x08, 0x64, 0x08, 0x47, 0x19, 0x64, 0x08,
  0x64, 0x08, 0x64, 0x08, 0x64, 0x08, 0x64, 0x08, 0x64, 0x08, 0x64, 0x08, 0x64, 0x08, 0x64, 0x08, 0x48, 0x19, 0x64, 0x08, 0x64, 0x08, 0x64, 0x08, 0x64, 0x08, 0x64, 0x08, 0x64, 0x08, 0x64, 0x08,
  0xa4, 0x10, 0x64, 0x08, 0x64, 0x08, 0x64, 0x08, 0x64, 0x08, 0x64, 0x08, 0x64, 0x08, 0x64, 0x08, 0x64, 0x08, 0x64, 0x08, 0x64, 0x08, 0x64, 0x08, 0x64, 0x08, 0x64, 0x08, 0x64, 0x08, 0x64, 0x08,
  0x64, 0x08, 0x64, 0x08, 0x64, 0x08, 0x64, 0x08, 0x64, 0x08, 0x64, 0x08, 0x64, 0x08, 0x64, 0x08, 0x64, 0x08, 0x64, 0x08, 0x64, 0x08, 0x64, 0x08, 0x64, 0x08, 0x64, 0x08, 0x64, 0x08, 0x64, 0x08,
  0xa4, 0x10, 0x64, 0x08, 0x64, 0x08, 0x64, 0x08, 0x64, 0x08, 0x64, 0x08, 0x64, 0x08, 0x64, 0x08, 0x64, 0x08, 0x64, 0x08, 0x64, 0x08, 0x64, 0x08, 0x64, 0x08, 0x64, 0x08, 0x64, 0x08, 0x64, 0x08,
  0x64, 0x08, 0x64, 0x08, 0x64, 0x08, 0x64, 0x08, 0x64, 0x08, 0x64, 0x08, 0x64, 0x08, 0x64, 0x08, 0x64, 0x08, 0x64, 0x08, 0x64, 0x08, 0x64, 0x08, 0x64, 0x08, 0x64, 0x08, 0x64, 0x08, 0x64, 0x08,
  0xa4, 0x10, 0x64, 0x08, 0x64, 0x08, 0x64, 0x08, 0x64, 0x08, 0x64, 0x08, 0x64, 0x08, 0x64, 0x08, 0x64, 0x08, 0x64, 0x08, 0x64, 0x08, 0x64, 0x08, 0x64, 0x08, 0x64, 0x08, 0x64, 0x08, 0x64, 0x08,
  0x64, 0x08, 0x64, 0x08, 0x64, 0x08, 0x64, 0x08, 0x64, 0x08, 0x64, 0x08, 0x64, 0x08, 0x64, 0x08, 0x64, 0x08, 0x64, 0x08, 0x64, 0x08, 0x64, 0x08, 0x64, 0x08, 0x64, 0x08, 0x64, 0x08, 0x64, 0x08,
  0xa4, 0x10, 0x64, 0x08, 0x64, 0x08, 0x64, 0x08, 0x64, 0x08, 0x64, 0x08, 0x64, 0x08, 0x64, 0x08, 0x64, 0x08, 0x64, 0x08, 0x64, 0x08, 0x64, 0x08, 0x64, 0x08, 0x64, 0x08, 0x64, 0x08, 0x64, 0x08,
  0x64, 0x08, 0x64, 0x08, 0x64, 0x08, 0x47, 0x19, 0x64, 0x08, 0x64, 0x08, 0x64, 0x08, 0x64, 0x08, 0x64, 0x08, 0x64, 0x08, 0x64, 0x08, 0x64, 0x08, 0x64, 0x08, 0x64, 0x08, 0x64, 0x08, 0x64, 0x08,
  0xa4, 0x10, 0x64, 0x08, 0x64, 0x08, 0x64, 0x08, 0x64, 0x08, 0x64, 0x08, 0x64, 0x08, 0x64, 0x08, 0x64, 0x08, 0x64, 0x08, 0x64, 0x08, 0x64, 0x08, 0x64, 0x08, 0x64, 0x08, 0x64, 0x08, 0x64, 0x08,
  0x64, 0x08, 0x64, 0x08, 0x64, 0x08, 0x27, 0x19, 0x64, 0x08, 0x64, 0x08, 0x64, 0x08, 0x26, 0x19, 0x64, 0x08, 0x64, 0x08, 0x64, 0x08, 0x64, 0x08, 0x64, 0x08, 0x64, 0x08, 0x64, 0x08, 0x64, 0x08,
  0xa4, 0x10, 0x64, 0x08, 0x64, 0x08, 0x64, 0x08, 0x64, 0x08, 0x64, 0x08, 0x64, 0x08, 0x64, 0x08, 0x64, 0x08, 0x64, 0x08, 0x64, 0x08, 0x64, 0x08, 0x64, 0x08, 0x64, 0x08, 0x64, 0x08, 0x64, 0x08,
  0x64, 0x08, 0x64, 0x08, 0x64, 0x08, 0x64, 0x08, 0x64, 0x08, 0x64, 0x08, 0x64, 0x08, 0x64, 0x08, 0x64, 0x08, 0x64, 0x08, 0x64, 0x08, 0x64, 0x08, 0x64, 0x08, 0x64, 0x08, 0x64, 0x08, 0x64, 0x08,
  0xa4, 0x10, 0x64, 0x08, 0x64, 0x08, 0x64, 0x08, 0x64, 0x08, 0x64, 0x08, 0x64, 0x08, 0x64, 0x08, 0x64, 0x08, 0x64, 0x08, 0x64, 0x08, 0x64, 0x08, 0x64, 0x08, 0x64, 0x08, 0x64, 0x08, 0x64, 0x08,
  0x64, 0x08, 0x06, 0x19, 0x64, 0x08, 0x64, 0x08, 0x64, 0x08, 0x64, 0x08, 0x64, 0x08, 0x26, 0x19, 0x64, 0x08, 0x64, 0x08, 0x64, 0x08, 0x64, 0x08, 0x64, 0x08, 0x64, 0x08, 0x64, 0x08, 0x64, 0x08,
  0xa4, 0x10, 0x64, 0x08, 0x64, 0x08, 0x64, 0x08, 0x64, 0x08, 0x64, 0x08, 0x64, 0x08, 0x64, 0x08, 0x64, 0x08, 0x64, 0x08, 0x64, 0x08, 0x26, 0x19, 0x64, 0x08, 0x64, 0x08, 0x64, 0x08, 0x64, 0x08,
  0x64, 0x08, 0x64, 0x08, 0x64, 0x08, 0x64, 0x08, 0x64, 0x08, 0x64, 0x08, 0x64, 0x08, 0x64, 0x08, 0x64, 0x08, 0x64, 0x08, 0x64, 0x08, 0x64, 0x08, 0x64, 0x08, 0x64, 0x08, 0x64, 0x08, 0x64, 0x08,
  0xa4, 0x10, 0x64, 0x08, 0x64, 0x08, 0x64, 0x08, 0x64, 0x08, 0x64, 0x08, 0x64, 0x08, 0x64, 0x08, 0x64, 0x08, 0x64, 0x08, 0x64, 0x08, 0x64, 0x08, 0x64, 0x08, 0x64, 0x08, 0x64, 0x08, 0x64, 0x08,
  0x64, 0x08, 0x64, 0x08, 0x64, 0x08, 0x64, 0x08, 0x64, 0x08, 0x64, 0x08, 0x64, 0x08, 0x64, 0x08, 0x64, 0x08, 0x47, 0x19, 0x64, 0x08, 0x64, 0x08, 0x64, 0x08, 0x64, 0x08, 0x64, 0x08, 0x64, 0x08,
  0xa4, 0x10, 0x64, 0x08, 0x64, 0x08, 0x64, 0x08, 0x64, 0x08, 0x64, 0x08, 0x64, 0x08, 0x64, 0x08, 0x64, 0x08, 0x64, 0x08, 0x64, 0x08, 0x64, 0x08, 0x64, 0x08, 0x64, 0x08, 0x47, 0x19, 0x64, 0x08,
  0x64, 0x08, 0x64, 0x08, 0x64, 0x08, 0x64, 0x08, 0x64, 0x08, 0x64, 0x08, 0x64, 0x08, 0x64, 0x08, 0x64, 0x08, 0x48, 0x19, 0x64, 0x08, 0x64, 0x08, 0x64, 0x08, 0x64, 0x08, 0x64, 0x08, 0x64, 0x08,
  0xa4, 0x10, 0x64, 0x08, 0x64, 0x08, 0x64, 0x08, 0x64, 0x08, 0x64, 0x08, 0x64, 0x08, 0x64, 0x08, 0x64, 0x08, 0x64, 0x08, 0x64, 0x08, 0x64, 0x08, 0x64, 0x08, 0x64, 0x08, 0x64, 0x08, 0x64, 0x08,
  0x64, 0x08, 0x64, 0x08, 0x64, 0x08, 0x64, 0x08, 0x64, 0x08, 0x64, 0x08, 0x64, 0x08, 0x64, 0x08, 0x64, 0x08, 0x64, 0x08, 0x64, 0x08, 0x64, 0x08, 0x64, 0x08, 0x64, 0x08, 0x64, 0x08, 0x64, 0x08,
  0xa4, 0x10, 0x64, 0x08, 0x64, 0x08, 0x64, 0x08, 0x64, 0x08, 0x64, 0x08, 0x64, 0x08, 0x64, 0x08, 0x64, 0x08, 0x64, 0x08, 0x64, 0x08, 0x64, 0x08, 0x64, 0x08, 0x64, 0x08, 0x64, 0x08, 0x64, 0x08,
  0x64, 0x08, 0x64, 0x08, 0x64, 0x08, 0x64, 0x08, 0x64, 0x08, 0x64, 0x08, 0x64, 0x08, 0x64, 0x08, 0x64, 0x08, 0x64, 0x08, 0x64, 0x08, 0x64, 0x08, 0x64, 0x08, 0x64, 0x08, 0x64, 0x08, 0x64, 0x08,
  0xa4, 0x10, 0x64, 0x08, 0x64, 0x08, 0x64, 0x08, 0x64, 0x08, 0x64, 0x08, 0x64, 0x08, 0x64, 0x08, 0x64, 0x08, 0x64, 0x08, 0x64, 0x08, 0x64, 0x08, 0x64, 0x08, 0x64, 0x08, 0x64, 0x08, 0x64, 0x08,
  0x64, 0x08, 0x64, 0x08, 0x64, 0x08, 0x64, 0x08, 0x64, 0x08, 0x64, 0x08, 0x64, 0x08, 0x64, 0x08, 0x64, 0x08, 0x64, 0x08, 0x64, 0x08, 0x64, 0x08, 0x64, 0x08, 0x64, 0x08, 0x64, 0x08, 0x64, 0x08,
  0xa4, 0x10, 0x64, 0x08, 0x64, 0x08, 0x64, 0x08, 0x64, 0x08, 0x64, 0x08, 0x64, 0x08, 0x64, 0x08, 0x64, 0x08, 0x64, 0x08, 0x64, 0x08, 0x64, 0x08, 0x64, 0x08, 0x64, 0x08, 0x64, 0x08, 0x64, 0x08,
  0x64, 0x08, 0x64, 0x08, 0x64, 0x08, 0x47, 0x19, 0x64, 0x08, 0x64, 0x08, 0x64, 0x08, 0x64, 0x08, 0x64, 0x08, 0x64, 0x08, 0x64, 0x08, 0x64, 0x08, 0x64, 0x08, 0x64, 0x08, 0x64, 0x08, 0x64, 0x08,
  0xa4, 0x10, 0x64, 0x08, 0x64, 0x08, 0x64, 0x08, 0x64, 0x08, 0x64, 0x08, 0x64, 0x08, 0x64, 0x08, 0x64, 0x08, 0x64, 0x08, 0x64, 0x08, 0x64, 0x08, 0x64, 0x08, 0x64, 0x08, 0x64, 0x08, 0x64, 0x08,
  0x64, 0x08, 0x64, 0x08, 0x64, 0x08, 0x27, 0x19, 0x64, 0x08, 0x64, 0x08, 0x64, 0x08, 0x26, 0x19, 0x64, 0x08, 0x64, 0x08, 0x64, 0x08, 0x64, 0x08, 0x64, 0x08, 0x64, 0x08, 0x64, 0x08, 0x64, 0x08,
  0xa4, 0x10, 0x64, 0x08, 0x64, 0x08, 0x64, 0x08, 0x64, 0x08, 0x64, 0x08, 0x64, 0x08, 0x64, 0x08, 0x64, 0x08, 0x64, 0x08, 0x64, 0x08, 0x64, 0x08, 0x64, 0x08, 0x64, 0x08, 0x64, 0x08, 0x64, 0x08,
  0x64, 0x08, 0x64, 0x08, 0x64, 0x08, 0x64, 0x08, 0x64, 0x08, 0x64, 0x08, 0x64, 0x08, 0x64, 0x08, 0x64, 0x08, 0x64, 0x08, 0x64, 0x08, 0x64, 0x08, 0x64, 0x08, 0x64, 0x08, 0x64, 0x08, 0x64, 0x08,
  0xa4, 0x10, 0x64, 0x08, 0x64, 0x08, 0x64, 0x08, 0x64, 0x08, 0x64, 0x08, 0x64, 0x08, 0x64, 0x08, 0x64, 0x08, 0x64, 0x08, 0x64, 0x08, 0x64, 0x08, 0x64, 0x08, 0x64, 0x08, 0x64, 0x08, 0x64, 0x08,
  0x64, 0x08, 0x06, 0x19, 0x64, 0x08, 0x64, 0x08, 0x64, 0x08, 0x64, 0x08, 0x64, 0x08, 0x26, 0x19, 0x64, 0x08, 0x64, 0x08, 0x64, 0x08, 0x64, 0x08, 0x64, 0x08, 0x64, 0x08, 0x64, 0x08, 0x64, 0x08,
  0xa4, 0x10, 0x64, 0x08, 0x64, 0x08, 0x64, 0x08, 0x64, 0x08, 0x64, 0x08, 0x64, 0x08, 0x64, 0x08, 0x64, 0x08, 0x64, 0x08, 0x64, 0x08, 0x26, 0x19, 0x64, 0x08, 0x64, 0x08, 0x64, 0x08, 0x64, 0x08,
  0x64, 0x08, 0x64, 0x08, 0x64, 0x08, 0x64, 0x08, 0x64, 0x08, 0x64, 0x08, 0x64, 0x08, 0x64, 0x08, 0x64, 0x08, 0x64, 0x08, 0x64, 0x08, 0x64, 0x08, 0x64, 0x08, 0x64, 0x08, 0x64, 0x08, 0x64, 0x08,
  0xa4, 0x10, 0x64, 0x08, 0x64, 0x08, 0x64, 0x08, 0x64, 0x08, 0x64, 0x08, 0x64, 0x08, 0x64, 0x08, 0x64, 0x08, 0x64, 0x08, 0x64, 0x08, 0x64, 0x08, 0x64, 0x08, 0x64, 0x08, 0x64, 0x08, 0x64, 0x08,
  0x64, 0x08, 0x64, 0x08, 0x64, 0x08, 0x64, 0x08, 0x64, 0x08, 0x64, 0x08, 0x64, 0x08, 0x64, 0x08, 0x64, 0x08, 0x64, 0x08, 0x47, 0x19, 0x64, 0x08, 0x64, 0x08, 0x64, 0x08, 0x64, 0x08, 0x64, 0x08,
  0xa4, 0x10, 0x64, 0x08, 0x64, 0x08, 0x64, 0x08, 0x64, 0x08, 0x64, 0x08, 0x64, 0x08, 0x64, 0x08, 0x64, 0x08, 0x64, 0x08, 0x64, 0x08, 0x64, 0x08, 0x64, 0x08, 0x64, 0x08, 0x47, 0x19, 0x64, 0x08,
  0x64, 0x08, 0x64, 0x08, 0x64, 0x08, 0x64, 0x08, 0x64, 0x08, 0x64, 0x08, 0x64, 0x08, 0x64, 0x08, 0x64, 0x08, 0x64, 0x08, 0x48, 0x19, 0x64, 0x08, 0x64, 0x08, 0x64, 0x08, 0x64, 0x08, 0x64, 0x08,
  0xa4, 0x10, 0x64, 0x08, 0x64, 0x08, 0x64, 0x08, 0x64, 0x08, 0x64, 0x08, 0x64, 0x08, 0x64, 0x08, 0x64, 0x08, 0x64, 0x08, 0x64, 0x08, 0x64, 0x08, 0x64, 0x08, 0x64, 0x08, 0x64, 0x08, 0x64, 0x08,
  0x64, 0x08, 0x64, 0x08, 0x64, 0x08, 0x64, 0x08, 0x64, 0x08, 0x64, 0x08, 0x64, 0x08, 0x64, 0x08, 0x64, 0x08, 0x64, 0x08, 0x64, 0x08, 0x64, 0x08, 0x64, 0x08, 0x64, 0x08, 0x64, 0x08, 0x64, 0x08,
  0xa4, 0x10, 0x64, 0x08, 0x64, 0x08, 0x64, 0x08, 0x64, 0x08, 0x64, 0x08, 0x64, 0x08, 0x64, 0x08, 0x64, 0x08, 0x64, 0x08, 0x64, 0x08, 0x64, 0x08, 0x64, 0x08, 0x64, 0x08, 0x64, 0x08, 0x64, 0x08,
  0x64, 0x08, 0x64, 0x08, 0x64, 0x08, 0x64, 0x08, 0x64, 0x08, 0x64, 0x08, 0x64, 0x08, 0x64, 0x08, 0x64, 0x08, 0x64, 0x08, 0x64, 0x08, 0x64, 0x08, 0x64, 0x08, 0x64, 0x08, 0x64, 0x08, 0x64, 0x08,
  0xa4, 0x10, 0x64, 0x08, 0x64, 0x08, 0x64, 0x08, 0x64, 0x08, 0x64, 0x08, 0x64, 0x08, 0x64, 0x08, 0x64, 0x08, 0x64, 0x08, 0x64, 0x08, 0x64, 0x08, 0x64, 0x08, 0x64, 0x08, 0x64, 0x08, 0x64, 0x08,
  0x64, 0x08, 0x64, 0x08, 0x64, 0x08, 0x64, 0x08, 0x64, 0x08, 0x64, 0x08, 0x64, 0x08, 0x64, 0x08, 0x64, 0x08, 0x64, 0x08, 0x64, 0x08, 0x64, 0x08, 0x64, 0x08, 0x64, 0x08, 0x64, 0x08, 0x64, 0x08,
  0xa4, 0x10, 0x64, 0x08, 0x64, 0x08, 0x64, 0x08, 0x64, 0x08, 0x64, 0x08, 0x64, 0x08, 0x64, 0x08, 0x64, 0x08, 0x64, 0x08, 0x64, 0x08, 0x64, 0x08, 0x64, 0x08, 0x64, 0x08, 0x64, 0x08, 0x64, 0x08,
  0x64, 0x08, 0x64, 0x08, 0x64, 0x08, 0x47, 0x19, 0x64, 0x08, 0x64, 0x08, 0x64, 0x08, 0x64, 0x08, 0x64, 0x08, 0x64, 0x08, 0x64, 0x08, 0x64, 0x08, 0x64, 0x08, 0x64, 0x08, 0x64, 0x08, 0x64, 0x08,
  0xa4, 0x10, 0x64, 0x08, 0x64, 0x08, 0x64, 0x08, 0x27, 0x19, 0x27, 0x19, 0x27, 0x19, 0x64, 0x08, 0x64, 0x08, 0x64, 0x08, 0x64, 0x08, 0x64, 0x08, 0x64, 0x08, 0x64, 0x08, 0x64, 0x08, 0x64, 0x08,
  0x64, 0x08, 0x64, 0x08, 0x64, 0x08, 0x27, 0x19, 0x64, 0x08, 0x64, 0x08, 0x64, 0x08, 0x26, 0x19, 0x64, 0x08, 0x64, 0x08, 0x64, 0x08, 0x64, 0x08, 0x64, 0x08, 0x64, 0x08, 0x64, 0x08, 0x64, 0x08,
  0xa4, 0x10, 0x64, 0x08, 0x64, 0x08, 0x64, 0x08, 0x64, 0x08, 0x64, 0x08, 0x64, 0x08, 0x64, 0x08, 0x64, 0x08, 0x64, 0x08, 0x64, 0x08, 0x64, 0x08, 0x64, 0x08, 0x64, 0x08, 0x64, 0x08, 0x64, 0x08,
  0x64, 0x08, 0x64, 0x08, 0x64, 0x08, 0x64, 0x08, 0x64, 0x08, 0x64, 0x08, 0x64, 0x08, 0x64, 0x08, 0x64, 0x08, 0x64, 0x08, 0x64, 0x08, 0x64, 0x08, 0x64, 0x08, 0x64, 0x08, 0x64, 0x08, 0x64, 0x08,
  0xa4, 0x10, 0x64, 0x08, 0x64, 0x08, 0x64, 0x08, 0x64, 0x08, 0x64, 0x08, 0x64, 0x08, 0x64, 0x08, 0x64, 0x08, 0x64, 0x08, 0x64, 0x08, 0x64, 0x08, 0x64, 0x08, 0x64, 0x08, 0x64, 0x08, 0x64, 0x08,
  0x64, 0x08, 0x06, 0x19, 0x64, 0x08, 0x64, 0x08, 0x64, 0x08, 0x64, 0x08, 0x64, 0x08, 0x26, 0x19, 0x64, 0x08, 0x64, 0x08, 0x64, 0x08, 0x64, 0x08, 0x64, 0x08, 0x64, 0x08, 0x64, 0x08, 0x64, 0x08,
  0xa4, 0x10, 0x64, 0x08, 0x64, 0x08, 0x64, 0x08, 0x64, 0x08, 0x64, 0x08, 0x64, 0x08, 0x64, 0x08, 0x64, 0x08, 0x64, 0x08, 0x64, 0x08, 0x26, 0x19, 0x64, 0x08, 0x64, 0x08, 0x64, 0x08, 0x64, 0x08,
  0x64, 0x08, 0x64, 0x08, 0x64, 0x08, 0x64, 0x08, 0x64, 0x08, 0x64, 0x08, 0x64, 0x08, 0x64, 0x08, 0x64, 0x08, 0x64, 0x08, 0x64, 0x08, 0x64, 0x08, 0x64, 0x08, 0x64, 0x08, 0x64, 0x08, 0x64, 0x08,
  0xa4, 0x10, 0x64, 0x08, 0x64, 0x08, 0x64, 0x08, 0x64, 0x08, 0x64, 0x08, 0x64, 0x08, 0x64, 0x08, 0x64, 0x08, 0x64, 0x08, 0x64, 0x08, 0x64, 0x08, 0x64, 0x08, 0x64, 0x08, 0x64, 0x08, 0x64, 0x08,
  0x64, 0x08, 0x64, 0x08, 0x64, 0x08, 0x64, 0x08, 0x64, 0x08, 0x64, 0x08, 0x64, 0x08, 0x64, 0x08, 0x64, 0x08, 0x64, 0x08, 0x64, 0x08, 0x47, 0x19, 0x64, 0x08, 0x64, 0x08, 0x64, 0x08, 0x64, 0x08,
  0xa4, 0x10, 0x64, 0x08, 0x64, 0x08, 0x64, 0x08, 0x64, 0x08, 0x64, 0x08, 0x64, 0x08, 0x64, 0x08, 0x64, 0x08, 0x64, 0x08, 0x64, 0x08, 0x64, 0x08, 0x64, 0x08, 0x64, 0x08, 0x47, 0x19, 0x64, 0x08,
  0x64, 0x08, 0x64, 0x08, 0x64, 0x08, 0x64, 0x08, 0x64, 0x08, 0x64, 0x08, 0x64, 0x08, 0x64, 0x08, 0x64, 0x08, 0x64, 0x08, 0x64, 0x08, 0x48, 0x19, 0x64, 0x08, 0x64, 0x08, 0x64, 0x08, 0x64, 0x08,
  0xa4, 0x10, 0x64, 0x08, 0x64, 0x08, 0x64, 0x08, 0x64, 0x08, 0x64, 0x08, 0x64, 0x08, 0x64, 0x08, 0x64, 0x08, 0x64, 0x08, 0x64, 0x08, 0x64, 0x08, 0x64, 0x08, 0x64, 0x08, 0x64, 0x08, 0x64, 0x08,
  0x64, 0x08, 0x64, 0x08, 0x64, 0x08, 0x64, 0x08, 0x64, 0x08, 0x64, 0x08, 0x64, 0x08, 0x64, 0x08, 0x64, 0x08, 0x64, 0x08, 0x64, 0x08, 0x64, 0x08, 0x64, 0x08, 0x64, 0x08, 0x64, 0x08, 0x64, 0x08,
  0xa4, 0x10, 0x64, 0x08, 0x64, 0x08, 0x64, 0x08, 0x64, 0x08, 0x64, 0x08, 0x64, 0x08, 0x64, 0x08, 0x64, 0x08, 0x64, 0x08, 0x64, 0x08, 0x64, 0x08, 0x64, 0x08, 0x64, 0x08, 0x64, 0x08, 0x64, 0x08,
  0x64, 0x08, 0x64, 0x08, 0x64, 0x08, 0x64, 0x08, 0x64, 0x08, 0x64, 0x08, 0x64, 0x08, 0x64, 0x08, 0x64, 0x08, 0x64, 0x08, 0x64, 0x08, 0x64, 0x08, 0x64, 0x08, 0x64, 0x08, 0x64, 0x08, 0x64, 0x08,
  0xa4, 0x10, 0x64, 0x08, 0x64, 0x08, 0x64, 0x08, 0x64, 0x08, 0x64, 0x08, 0x64, 0x08, 0x64, 0x08, 0x64, 0x08, 0x64, 0x08, 0x64, 0x08, 0x64, 0x08, 0x64, 0x08, 0x64, 0x08, 0x64, 0x08, 0x64, 0x08,
  0x64, 0x08, 0x64, 0x08, 0x64, 0x08, 0x64, 0x08, 0x64, 0x08, 0x64, 0x08, 0x64, 0x08, 0x64, 0x08, 0x64, 0x08, 0x64, 0x08, 0x64, 0x08, 0x64, 0x08, 0x64, 0x08, 0x64, 0x08, 0x64, 0x08, 0x64, 0x08,
  0xa4, 0x10, 0x64, 0x08, 0x64, 0x08, 0x64, 0x08, 0x64, 0x08, 0x64, 0x08, 0x64, 0x08, 0x64, 0x08, 0x64, 0x08, 0x64, 0x08, 0x64, 0x08, 0x64, 0x08, 0x64, 0x08, 0x64, 0x08, 0x64, 0x08, 0x64, 0x08,
  0x64, 0x08, 0x64, 0x08, 0x64, 0x08, 0x47, 0x19, 0x64, 0x08, 0x64, 0x08, 0x64, 0x08, 0x64, 0x08, 0x64, 0x08, 0x64, 0x08, 0x64, 0x08, 0x64, 0x08, 0x64, 0x08, 0x64, 0x08, 0x64, 0x08, 0x64, 0x08,
  0xa4, 0x10, 0x64, 0x08, 0x64, 0x08, 0x27, 0x19, 0x64, 0x08, 0x64, 0x08, 0x64, 0x08, 0x27, 0x19, 0x64, 0x08, 0x64, 0x08, 0x64, 0x08, 0x64, 0x08, 0x64, 0x08, 0x64, 0x08, 0x64, 0x08, 0x64, 0x08,
  0x64, 0x08, 0x64, 0x08, 0x64, 0x08, 0x27, 0x19, 0x64, 0x08, 0x64, 0x08, 0x64, 0x08, 0x26, 0x19, 0x64, 0x08, 0x64, 0x08, 0x64, 0x08, 0x64, 0x08, 0x64, 0x08, 0x64, 0x08, 0x64, 0x08, 0x64, 0x08,
  0xa4, 0x10, 0x64, 0x08, 0x64, 0x08, 0x64, 0x08, 0x64, 0x08, 0x64, 0x08, 0x64, 0x08, 0x64, 0x08, 0x64, 0x08, 0x64, 0x08, 0x64, 0x08, 0x64, 0x08, 0x64, 0x08, 0x64, 0x08, 0x64, 0x08, 0x64, 0x08,
  0x64, 0x08, 0x64, 0x08, 0x64, 0x08, 0x64, 0x08, 0x64, 0x08, 0x64, 0x08, 0x64, 0x08, 0x64, 0x08, 0x64, 0x08, 0x64, 0x08, 0x64, 0x08, 0x64, 0x08, 0x64, 0x08, 0x64, 0x08, 0x64, 0x08, 0x64, 0x08,
  0xa4, 0x10, 0x64, 0x08, 0x64, 0x08, 0x64, 0x08, 0x64, 0x08, 0x64, 0x08, 0x64, 0x08, 0x64, 0x08, 0x64, 0x08, 0x64, 0x08, 0x64, 0x08, 0x64, 0x08, 0x64, 0x08, 0x64, 0x08, 0x64, 0x08, 0x64, 0x08,
  0x64, 0x08, 0x06, 0x19, 0x64, 0x08, 0x64, 0x08, 0x64, 0x08, 0x64, 0x08, 0x64, 0x08, 0x26, 0x19, 0x64, 0x08, 0x64, 0x08, 0x64, 0x08, 0x64, 0x08, 0x64, 0x08, 0x64, 0x08, 0x64, 0x08, 0x64, 0x08,
  0xa4, 0x10, 0x64, 0x08, 0x64, 0x08, 0x64, 0x08, 0x64, 0x08, 0x64, 0x08, 0x64, 0x08, 0x64, 0x08, 0x64, 0x08, 0x64, 0x08, 0x64, 0x08, 0x26, 0x19, 0x64, 0x08, 0x64, 0x08, 0x64, 0x08, 0x64, 0x08,
  0x64, 0x08, 0x64, 0x08, 0x64, 0x08, 0x64, 0x08, 0x64, 0x08, 0x64, 0x08, 0x64, 0x08, 0x64, 0x08, 0x64, 0x08, 0x64, 0x08, 0x64, 0x08, 0x64, 0x08, 0x64, 0x08, 0x64, 0x08, 0x64, 0x08, 0x64, 0x08,
  0xa4, 0x10, 0x64, 0x08, 0x64, 0x08, 0x64, 0x08, 0x64, 0x08, 0x64, 0x08, 0x64, 0x08, 0x64, 0x08, 0x64, 0x08, 0x64, 0x08, 0x64, 0x08, 0x64, 0x08, 0x64, 0x08, 0x64, 0x08, 0x64, 0x08, 0x64, 0x08,
  0x64, 0x08, 0x64, 0x08, 0x64, 0x08, 0x64, 0x08, 0x64, 0x08, 0x64, 0x08, 0x64, 0x08, 0x64, 0x08, 0x64, 0x08, 0x64, 0x08, 0x64, 0x08, 0x64, 0x08, 0x47, 0x19, 0x64, 0x08, 0x64, 0x08, 0x64, 0x08,
  0xa4, 0x10, 0x64, 0x08, 0x64, 0x08, 0x64, 0x08, 0x64, 0x08, 0x64, 0x08, 0x64, 0x08, 0x64, 0x08, 0x64, 0x08, 0x64, 0x08, 0x64, 0x08, 0x64, 0x08, 0x64, 0x08, 0x64, 0x08, 0x47, 0x19, 0x64, 0x08,
  0x64, 0x08, 0x64, 0x08, 0x64, 0x08, 0x64, 0x08, 0x64, 0x08, 0x64, 0x08, 0x64, 0x08, 0x64, 0x08, 0x64, 0x08, 0x64, 0x08, 0x64, 0x08, 0x64, 0x08, 0x48, 0x19, 0x64, 0x08, 0x64, 0x08, 0x64, 0x08,
  0xa4, 0x10, 0x64, 0x08, 0x64, 0x08, 0x64, 0x08, 0x64, 0x08, 0x64, 0x08, 0x64, 0x08, 0x64, 0x08, 0x64, 0x08, 0x64, 0x08, 0x64, 0x08, 0x64, 0x08, 0x64, 0x08, 0x64, 0x08, 0x64, 0x08, 0x64, 0x08,
  0x64, 0x08, 0x64, 0x08, 0x64, 0x08, 0x64, 0x08, 0x64, 0x08, 0x64, 0x08, 0x64, 0x08, 0x64, 0x08, 0x64, 0x08, 0x64, 0x08, 0x64, 0x08, 0x64, 0x08, 0x64, 0x08, 0x64, 0x08, 0x64, 0x08, 0x64, 0x08,
  0xa4, 0x10, 0x64, 0x08, 0x64, 0x08, 0x64, 0x08, 0x64, 0x08, 0x64, 0x08, 0x64, 0x08, 0x64, 0x08, 0x64, 0x08, 0x64, 0x08, 0x64, 0x08, 0x64, 0x08, 0x64, 0x08, 0x64, 0x08, 0x64, 0x08, 0x64, 0x08,
  0x64, 0x08, 0x64, 0x08, 0x64, 0x08, 0x64, 0x08, 0x64, 0x08, 0x64, 0x08, 0x64, 0x08, 0x64, 0x08, 0x64, 0x08, 0x64, 0x08, 0x64, 0x08, 0x64, 0x08, 0x64, 0x08, 0x64, 0x08, 0x64, 0x08, 0x64, 0x08,
  0xa4, 0x10, 0x64, 0x08, 0x64, 0x08, 0x64, 0x08, 0x64, 0x08, 0x64, 0x08, 0x64, 0x08, 0x64, 0x08, 0x64, 0x08, 0x64, 0x08, 0x64, 0x08, 0x64, 0x08, 0x64, 0x08, 0x64, 0x08, 0x64, 0x08, 0x64, 0x08,
  0x64, 0x08, 0x64, 0x08, 0x64, 0x08, 0x64, 0x08, 0x64, 0x08, 0x64, 0x08, 0x64, 0x08, 0x64, 0x08, 0x64, 0x08, 0x64, 0x08, 0x64, 0x08, 0x64, 0x08, 0x64, 0x08, 0x64, 0x08, 0x64, 0x08, 0x64, 0x08,
  0xa4, 0x10, 0x64, 0x08, 0x64, 0x08, 0x64, 0x08, 0x64, 0x08, 0x64, 0x08, 0x64, 0x08, 0x64, 0x08, 0x64, 0x08, 0x64, 0x08, 0x64, 0x08, 0x64, 0x08, 0x64, 0x08, 0x64, 0x08, 0x64, 0x08, 0x64, 0x08,
  0x64, 0x08, 0x64, 0x08, 0x64, 0x08, 0x47, 0x19, 0x64, 0x08, 0x64, 0x08, 0x64, 0x08, 0x64, 0x08, 0x64, 0x08, 0x64, 0x08, 0x64, 0x08, 0x64, 0x08, 0x64, 0x08, 0x64, 0x08, 0x64, 0x08, 0x64, 0x08,
  0xa4, 0x10, 0x64, 0x08, 0x27, 0x19, 0x64, 0x08, 0x64, 0x08, 0x64, 0x08, 0x64, 0x08, 0x64, 0x08, 0x27, 0x19, 0x64, 0x08, 0x64, 0x08, 0x64, 0x08, 0x64, 0x08, 0x64, 0x08, 0x64, 0x08, 0x64, 0x08,
  0x64, 0x08, 0x64, 0x08, 0x64, 0x08, 0x27, 0x19, 0x64, 0x08, 0x64, 0x08, 0x64, 0x08, 0x26, 0x19, 0x64, 0x08, 0x64, 0x08, 0x64, 0x08, 0x64, 0x08, 0x64, 0x08, 0x64, 0x08, 0x64, 0x08, 0x64, 0x08,
  0xa4, 0x10, 0x64, 0x08, 0x64, 0x08, 0x64, 0x08, 0x64, 0x08, 0x64, 0x08, 0x64, 0x08, 0x64, 0x08, 0x64, 0x08, 0x64, 0x08, 0x64, 0x08, 0x64, 0x08, 0x64, 0x08, 0x64, 0x08, 0x64, 0x08, 0x64, 0x08,
  0x64, 0x08, 0x64, 0x08, 0x64, 0x08, 0x64, 0x08, 0x64, 0x08, 0x64, 0x08, 0x64, 0x08, 0x64, 0x08, 0x64, 0x08, 0x64, 0x08, 0x64, 0x08, 0x64, 0x08, 0x64, 0x08, 0x64, 0x08, 0x64, 0x08, 0x64, 0x08,
  0xa4, 0x10, 0x64, 0x08, 0x64, 0x08, 0x64, 0x08, 0x64, 0x08, 0x64, 0x08, 0x64, 0x08, 0x64, 0x08, 0x64, 0x08, 0x64, 0x08, 0x64, 0x08, 0x64, 0x08, 0x64, 0x08, 0x64, 0x08, 0x64, 0x08, 0x64, 0x08,
  0x64, 0x08, 0x06, 0x19, 0x64, 0x08, 0x64, 0x08, 0x64, 0x08, 0x64, 0x08, 0x64, 0x08, 0x26, 0x19, 0x64, 0x08, 0x64, 0x08, 0x64, 0x08, 0x64, 0x08, 0x64, 0x08, 0x64, 0x08, 0x64, 0x08, 0x64, 0x08,
  0xa4, 0x10, 0x64, 0x08, 0x64, 0x08, 0x64, 0x08, 0x64, 0x08, 0x64, 0x08, 0x64, 0x08, 0x64, 0x08, 0x64, 0x08, 0x64, 0x08, 0x64, 0x08, 0x26, 0x19, 0x64, 0x08, 0x64, 0x08, 0x64, 0x08, 0x64, 0x08,
  0x64, 0x08, 0x64, 0x08, 0x64, 0x08, 0x64, 0x08, 0x64, 0x08, 0x64, 0x08, 0x64, 0x08, 0x64, 0x08, 0x64, 0x08, 0x64, 0x08, 0x64, 0x08, 0x64, 0x08, 0x64, 0x08, 0x64, 0x08, 0x64, 0x08, 0x64, 0x08,
  0xa4, 0x10, 0x64, 0x08, 0x64, 0x08, 0x64, 0x08, 0x64, 0x08, 0x64, 0x08, 0x64, 0x08, 0x64, 0x08, 0x64, 0x08, 0x64, 0x08, 0x64, 0x08, 0x64, 0x08, 0x64, 0x08, 0x64, 0x08, 0x64, 0x08, 0x64, 0x08,
  0x64, 0x08, 0x64, 0x08, 0x64, 0x08, 0x64, 0x08, 0x64, 0x08, 0x64, 0x08, 0x64, 0x08, 0x64, 0x08, 0x64, 0x08, 0x64, 0x08, 0x64, 0x08, 0x64, 0x08, 0x64, 0x08, 0x47, 0x19, 0x64, 0x08, 0x64, 0x08,
  0xa4, 0x10, 0x64, 0x08, 0x64, 0x08, 0x64, 0x08, 0x64, 0x08, 0x64, 0x08, 0x64, 0x08, 0x64, 0x08, 0x64, 0x08, 0x64, 0x08, 0x64, 0x08, 0x64, 0x08, 0x64, 0x08, 0x64, 0x08, 0x47, 0x19, 0x64, 0x08,
  0x64, 0x08, 0x64, 0x08, 0x64, 0x08, 0x64, 0x08, 0x64, 0x08, 0x64, 0x08, 0x64, 0x08, 0x64, 0x08, 0x64, 0x08, 0x64, 0x08, 0x64, 0x08, 0x64, 0x08, 0x64, 0x08, 0x48, 0x19, 0x64, 0x08, 0x64, 0x08,
  0xa4, 0x10, 0x64, 0x08, 0x64, 0x08, 0x64, 0x08, 0x64, 0x08, 0x64, 0x08, 0x64, 0x08, 0x64, 0x08, 0x64, 0x08, 0x64, 0x08, 0x64, 0x08, 0x64, 0x08, 0x64, 0x08, 0x64, 0x08, 0x64, 0x08, 0x64, 0x08,
  0x64, 0x08, 0x64, 0x08, 0x64, 0x08, 0x64, 0x08, 0x64, 0x08, 0x64, 0x08, 0x64, 0x08, 0x64, 0x08, 0x64, 0x08, 0x64, 0x08, 0x64, 0x08, 0x64, 0x08, 0x64, 0x08, 0x64, 0x08, 0x64, 0x08, 0x64, 0x08,
  0xa4, 0x10, 0x64, 0x08, 0x64, 0x08, 0x64, 0x08, 0x64, 0x08, 0x64, 0x08, 0x64, 0x08, 0x64, 0x08, 0x64, 0x08, 0x64, 0x08, 0x64, 0x08, 0x64, 0x08, 0x64, 0x08, 0x64, 0x08, 0x64, 0x08, 0x64, 0x08,
  0x64, 0x08, 0x64, 0x08, 0x64, 0x08, 0x64, 0x08, 0x64, 0x08, 0x64, 0x08, 0x64, 0x08, 0x64, 0x08, 0x64, 0x08, 0x64, 0x08, 0x64, 0x08, 0x64, 0x08, 0x64, 0x08, 0x64, 0x08, 0x64, 0x08, 0x64, 0x08,
  0xa4, 0x10, 0x64, 0x08, 0x64, 0x08, 0x64, 0x08, 0x64, 0x08, 0x64, 0x08, 0x64, 0x08, 0x64, 0x08, 0x64, 0x08, 0x64, 0x08, 0x64, 0x08, 0x64, 0x08, 0x64, 0x08, 0x64, 0x08, 0x64, 0x08, 0x64, 0x08,
  0x64, 0x08, 0x64, 0x08, 0x64, 0x08, 0x64, 0x08, 0x64, 0x08, 0x64, 0x08, 0x64, 0x08, 0x64, 0x08, 0x64, 0x08, 0x64, 0x08, 0x64, 0x08, 0x64, 0x08, 0x64, 0x08, 0x64, 0x08, 0x64, 0x08, 0x64, 0x08,
  0xa4, 0x10, 0x64, 0x08, 0x64, 0x08, 0x64, 0x08, 0x64, 0x08, 0x64, 0x08, 0x64, 0x08, 0x64, 0x08, 0x64, 0x08, 0x64, 0x08, 0x64, 0x08, 0x64, 0x08, 0x64, 0x08, 0x64, 0x08, 0x64, 0x08, 0x64, 0x08,
  0x64, 0x08, 0x64, 0x08, 0x64, 0x08, 0x47, 0x19, 0x64, 0x08, 0x64, 0x08, 0x64, 0x08, 0x64, 0x08, 0x64, 0x08, 0x64, 0x08, 0x64, 0x08, 0x64, 0x08, 0x64, 0x08, 0x64, 0x08, 0x64, 0x08, 0x64, 0x08,
  0xa4, 0x10, 0x64, 0x08, 0x27, 0x19, 0x64, 0x08, 0x64, 0x08, 0x27, 0x19, 0x64, 0x08, 0x64, 0x08, 0x27, 0x19, 0x64, 0x08, 0x64, 0x08, 0x64, 0x08, 0x64, 0x08, 0x64, 0x08, 0x64, 0x08, 0x64, 0x08,
  0x64, 0x08, 0x64, 0x08, 0x64, 0x08, 0x27, 0x19, 0x64, 0x08, 0x64, 0x08, 0x64, 0x08, 0x26, 0x19, 0x64, 0x08, 0x64, 0x08, 0x64, 0x08, 0x64, 0x08, 0x64, 0x08, 0x64, 0x08, 0x64, 0x08, 0x64, 0x08,
  0xa4, 0x10, 0x64, 0x08, 0x64, 0x08, 0x64, 0x08, 0x64, 0x08, 0x64, 0x08, 0x64, 0x08, 0x64, 0x08, 0x64, 0x08, 0x64, 0x08, 0x64, 0x08, 0x64, 0x08, 0x64, 0x08, 0x64, 0x08, 0x64, 0x08, 0x64, 0x08,
  0x64, 0x08, 0x64, 0x08, 0x64, 0x08, 0x64, 0x08, 0x64, 0x08, 0x64, 0x08, 0x64, 0x08, 0x64, 0x08, 0x64, 0x08, 0x64, 0x08, 0x64, 0x08, 0x64, 0x08, 0x64, 0x08, 0x64, 0x08, 0x64, 0x08, 0x06, 0x19,
  0xa4, 0x10, 0x63, 0x08, 0x63, 0x08, 0x63, 0x08, 0x63, 0x08, 0x63, 0x08, 0x63, 0x08, 0x63, 0x08, 0x63, 0x08, 0x63, 0x08, 0x63, 0x08, 0x63, 0x08, 0x63, 0x08, 0x63, 0x08, 0x63, 0x08, 0x63, 0x08,
  0x63, 0x08, 0x06, 0x19, 0x63, 0x08, 0x63, 0x08, 0x63, 0x08, 0x63, 0x08, 0x63, 0x08, 0x26, 0x19, 0x63, 0x08, 0x63, 0x08, 0x63, 0x08, 0x63, 0x08, 0x63, 0x08, 0x63, 0x08, 0x63, 0x08, 0x63, 0x08,
  0xa4, 0x10, 0x63, 0x08, 0x63, 0x08, 0x63, 0x08, 0x63, 0x08, 0x63, 0x08, 0x63, 0x08, 0x63, 0x08, 0x63, 0x08, 0x63, 0x08, 0x63, 0x08, 0x26, 0x19, 0x63, 0x08, 0x63, 0x08, 0x63, 0x08, 0x63, 0x08,
  0x63, 0x08, 0x63, 0x08, 0x63, 0x08, 0x63, 0x08, 0x63, 0x08, 0x63, 0x08, 0x63, 0x08, 0x63, 0x08, 0x63, 0x08, 0x63, 0x08, 0x63, 0x08, 0x63, 0x08, 0x63, 0x08, 0x63, 0x08, 0x63, 0x08, 0x63, 0x08,
  0xa4, 0x10, 0x63, 0x08, 0x63, 0x08, 0x63, 0x08, 0x63, 0x08, 0x63, 0x08, 0x63, 0x08, 0x63, 0x08, 0x63, 0x08, 0x63, 0x08, 0x63, 0x08, 0x63, 0x08, 0x63, 0x08, 0x63, 0x08, 0x63, 0x08, 0x63, 0x08,
  0x63, 0x08, 0x63, 0x08, 0x63, 0x08, 0x63, 0x08, 0x63, 0x08, 0x63, 0x08, 0x63, 0x08, 0x63, 0x08, 0x63, 0x08, 0x63, 0x08, 0x63, 0x08, 0x63, 0x08, 0x63, 0x08, 0x63, 0x08, 0x47, 0x19, 0x63, 0x08,
  0xa4, 0x10, 0x63, 0x08, 0x63, 0x08, 0x63, 0x08, 0x63, 0x08, 0x63, 0x08, 0x63, 0x08, 0x63, 0x08, 0x63, 0x08, 0x63, 0x08, 0x63, 0x08, 0x63, 0x08, 0x63, 0x08, 0x63, 0x08, 0x47, 0x19, 0x63, 0x08,
  0x63, 0x08, 0x63, 0x08, 0x63, 0x08, 0x63, 0x08, 0x63, 0x08, 0x63, 0x08, 0x63, 0x08, 0x63, 0x08, 0x63, 0x08, 0x63, 0x08, 0x63, 0x08, 0x63, 0x08, 0x63, 0x08, 0x63, 0x08, 0x48, 0x19, 0x63, 0x08,
  0xa4, 0x10, 0x63, 0x08, 0x63, 0x08, 0x63, 0x08, 0x63, 0x08, 0x63, 0x08, 0x63, 0x08, 0x63, 0x08, 0x63, 0x08, 0x63, 0x08, 0x63, 0x08, 0x63, 0x08, 0x63, 0x08, 0x63, 0x08, 0x63, 0x08, 0x63, 0x08,
  0x63, 0x08, 0x63, 0x08, 0x63, 0x08, 0x63, 0x08, 0x63, 0x08, 0x63, 0x08, 0x63, 0x08, 0x63, 0x08, 0x63, 0x08, 0x63, 0x08, 0x63, 0x08, 0x63, 0x08, 0x63, 0x08, 0x63, 0x08, 0x63, 0x08, 0x63, 0x08,
  0xa4, 0x10, 0x63, 0x08, 0x63, 0x08, 0x63, 0x08, 0x63, 0x08, 0x63, 0x08, 0x63, 0x08, 0x63, 0x08, 0x63, 0x08, 0x63, 0x08, 0x63, 0x08, 0x63, 0x08, 0x63, 0x08, 0x63, 0x08, 0x63, 0x08, 0x63, 0x08,
  0x63, 0x08, 0x63, 0x08, 0x63, 0x08, 0x63, 0x08, 0x63, 0x08, 0x63, 0x08, 0x63, 0x08, 0x63, 0x08, 0x63, 0x08, 0x63, 0x08, 0x63, 0x08, 0x63, 0x08, 0x63, 0x08, 0x63, 0x08, 0x63, 0x08, 0x63, 0x08,
  0xa4, 0x10, 0x63, 0x08, 0x63, 0x08, 0x63, 0x08, 0x63, 0x08, 0x63, 0x08, 0x63, 0x08, 0x63, 0x08, 0x63, 0x08, 0x63, 0x08, 0x63, 0x08, 0x63, 0x08, 0x63, 0x08, 0x63, 0x08, 0x63, 0x08, 0x63, 0x08,
  0x63, 0x08, 0x63, 0x08, 0x63, 0x08, 0x63, 0x08, 0x63, 0x08, 0x63, 0x08, 0x63, 0x08, 0x63, 0x08, 0x63, 0x08, 0x63, 0x08, 0x63, 0x08, 0x63, 0x08, 0x63, 0x08, 0x63, 0x08, 0x63, 0x08, 0x63, 0x08,
  0xa4, 0x10, 0x63, 0x08, 0x63, 0x08, 0x63, 0x08, 0x63, 0x08, 0x63, 0x08, 0x63, 0x08, 0x63, 0x08, 0x63, 0x08, 0x63, 0x08, 0x63, 0x08, 0x63, 0x08, 0x63, 0x08, 0x63, 0x08, 0x63, 0x08, 0x63, 0x08,
  0x63, 0x08, 0x63, 0x08, 0x63, 0x08, 0x47, 0x19, 0x63, 0x08, 0x63, 0x08, 0x63, 0x08, 0x63, 0x08, 0x63, 0x08, 0x63, 0x08, 0x63, 0x08, 0x63, 0x08, 0x63, 0x08, 0x63, 0x08, 0x63, 0x08, 0x63, 0x08,
  0xa4, 0x10, 0x63, 0x08, 0x27, 0x19, 0x63, 0x08, 0x27, 0x19, 0x63, 0x08, 0x63, 0x08, 0x63, 0x08, 0x27, 0x19, 0x63, 0x08, 0x63, 0x08, 0x63, 0x08, 0x63, 0x08, 0x63, 0x08, 0x63, 0x08, 0x63, 0x08,
  0x63, 0x08, 0x63, 0x08, 0x63, 0x08, 0x27, 0x19, 0x63, 0x08, 0x63, 0x08, 0x63, 0x08, 0x26, 0x19, 0x63, 0x08, 0x63, 0x08, 0x63, 0x08, 0x63, 0x08, 0x63, 0x08, 0x63, 0x08, 0x63, 0x08, 0x63, 0x08,
  0xa4, 0x10, 0x63, 0x08, 0x63, 0x08, 0x63, 0x08, 0x63, 0x08, 0x63, 0x08, 0x63, 0x08, 0x63, 0x08, 0x63, 0x08, 0x63, 0x08, 0x63, 0x08, 0x63, 0x08, 0x63, 0x08, 0x63, 0x08, 0x63, 0x08, 0x63, 0x08,
  0x63, 0x08, 0x63, 0x08, 0x63, 0x08, 0x63, 0x08, 0x63, 0x08, 0x63, 0x08, 0x63, 0x08, 0x63, 0x08, 0x63, 0x08, 0x63, 0x08, 0x63, 0x08, 0x63, 0x08, 0x63, 0x08, 0x63, 0x08, 0x06, 0x19, 0x63, 0x08,
  0xa4, 0x10, 0x63, 0x08, 0x63, 0x08, 0x63, 0x08, 0x63, 0x08, 0x63, 0x08, 0x63, 0x08, 0x63, 0x08, 0x63, 0x08, 0x63, 0x08, 0x63, 0x08, 0x63, 0x08, 0x63, 0x08, 0x63, 0x08, 0x63, 0x08, 0x63, 0x08,
  0x63, 0x08, 0x06, 0x19, 0x63, 0x08, 0x63, 0x08, 0x63, 0x08, 0x63, 0x08, 0x63, 0x08, 0x26, 0x19, 0x63, 0x08, 0x63, 0x08, 0x63, 0x08, 0x63, 0x08, 0x63, 0x08, 0x63, 0x08, 0x63, 0x08, 0x63, 0x08,
  0xa4, 0x10, 0x63, 0x08, 0x63, 0x08, 0x63, 0x08, 0x63, 0x08, 0x63, 0x08, 0x63, 0x08, 0x63, 0x08, 0x63, 0x08, 0x63, 0x08, 0x63, 0x08, 0x26, 0x19, 0x63, 0x08, 0x63, 0x08, 0x63, 0x08, 0x63, 0x08,
  0x63, 0x08, 0x63, 0x08, 0x63, 0x08, 0x63, 0x08, 0x63, 0x08, 0x63, 0x08, 0x63, 0x08, 0x63, 0x08, 0x63, 0x08, 0x63, 0x08, 0x63, 0x08, 0x63, 0x08, 0x63, 0x08, 0x63, 0x08, 0x63, 0x08, 0x63, 0x08,
  0xa4, 0x10, 0x63, 0x08, 0x63, 0x08, 0x63, 0x08, 0x63, 0x08, 0x63, 0x08, 0x63, 0x08, 0x63, 0x08, 0x63, 0x08, 0x63, 0x08, 0x63, 0x08, 0x63, 0x08, 0x63, 0x08, 0x63, 0x08, 0x63, 0x08, 0x63, 0x08,
  0x63, 0x08, 0x63, 0x08, 0x63, 0x08, 0x63, 0x08, 0x63, 0x08, 0x63, 0x08, 0x63, 0x08, 0x63, 0x08, 0x63, 0x08, 0x63, 0x08, 0x63, 0x08, 0x63, 0x08, 0x63, 0x08, 0x63, 0x08, 0x63, 0x08, 0x47, 0x19,
  0xa4, 0x10, 0x63, 0x08, 0x63, 0x08, 0x63, 0x08, 0x63, 0x08, 0x63, 0x08, 0x63, 0x08, 0x63, 0x08, 0x63, 0x08, 0x63, 0x08, 0x63, 0x08, 0x63, 0x08, 0x63, 0x08, 0x63, 0x08, 0x47, 0x19, 0x63, 0x08,
  0x63, 0x08, 0x63, 0x08, 0x63, 0x08, 0x63, 0x08, 0x63, 0x08, 0x63, 0x08, 0x63, 0x08, 0x63, 0x08, 0x63, 0x08, 0x63, 0x08, 0x63, 0x08, 0x63, 0x08, 0x63, 0x08, 0x63, 0x08, 0x48, 0x19, 0x63, 0x08,
  0xa4, 0x10, 0x63, 0x08, 0x63, 0x08, 0x63, 0x08, 0x63, 0x08, 0x63, 0x08, 0x63, 0x08, 0x63, 0x08, 0x63, 0x08, 0x63, 0x08, 0x63, 0x08, 0x63, 0x08, 0x63, 0x08, 0x63, 0x08, 0x63, 0x08, 0x63, 0x08,
  0x63, 0x08, 0x63, 0x08, 0x63, 0x08, 0x63, 0x08, 0x63, 0x08, 0x63, 0x08, 0x63, 0x08, 0x63, 0x08, 0x63, 0x08, 0x63, 0x08, 0x63, 0x08, 0x63, 0x08, 0x63, 0x08, 0x63, 0x08, 0x63, 0x08, 0x63, 0x08,
  0xa4, 0x10, 0x63, 0x08, 0x63, 0x08, 0x63, 0x08, 0x63, 0x08, 0x63, 0x08, 0x63, 0x08, 0x63, 0x08, 0x63, 0x08, 0x63, 0x08, 0x63, 0x08, 0x63, 0x08, 0x63, 0x08, 0x63, 0x08, 0x63, 0x08, 0x63, 0x08,
  0x63, 0x08, 0x63, 0x08, 0x63, 0x08, 0x63, 0x08, 0x63, 0x08, 0x63, 0x08, 0x63, 0x08, 0x63, 0x08, 0x63, 0x08, 0x63, 0x08, 0x63, 0x08, 0x63, 0x08, 0x63, 0x08, 0x63, 0x08, 0x63, 0x08, 0x63, 0x08,
  0xa4, 0x10, 0x63, 0x08, 0x63, 0x08, 0x63, 0x08, 0x63, 0x08, 0x63, 0x08, 0x63, 0x08, 0x63, 0x08, 0x63, 0x08, 0x63, 0x08, 0x63, 0x08, 0x63, 0x08, 0x63, 0x08, 0x63, 0x08, 0x63, 0x08, 0x63, 0x08,
  0x63, 0x08, 0x63, 0x08, 0x63, 0x08, 0x63, 0x08, 0x63, 0x08, 0x63, 0x08, 0x63, 0x08, 0x63, 0x08, 0x63, 0x08, 0x63, 0x08, 0x63, 0x08, 0x63, 0x08, 0x63, 0x08, 0x63, 0x08, 0x63, 0x08, 0x63, 0x08,
  0xa4, 0x10, 0x63, 0x08, 0x63, 0x08, 0x63, 0x08, 0x63, 0x08, 0x63, 0x08, 0x63, 0x08, 0x63, 0x08, 0x63, 0x08, 0x63, 0x08, 0x63, 0x08, 0x63, 0x08, 0x63, 0x08, 0x63, 0x08, 0x63, 0x08, 0x63, 0x08,
  0x63, 0x08, 0x63, 0x08, 0x63, 0x08, 0x47, 0x19, 0x63, 0x08, 0x63, 0x08, 0x63, 0x08, 0x63, 0x08, 0x63, 0x08, 0x63, 0x08, 0x63, 0x08, 0x63, 0x08, 0x63, 0x08, 0x63, 0x08, 0x63, 0x08, 0x63, 0x08,
  0xa4, 0x10, 0x63, 0x08, 0x63, 0x08, 0x27, 0x19, 0x63, 0x08, 0x63, 0x08, 0x63, 0x08, 0x27, 0x19, 0x63, 0x08, 0x63, 0x08, 0x63, 0x08, 0x63, 0x08, 0x63, 0x08, 0x63, 0x08, 0x63, 0x08, 0x63, 0x08,
  0x63, 0x08, 0x63, 0x08, 0x63, 0x08, 0x27, 0x19, 0x63, 0x08, 0x63, 0x08, 0x63, 0x08, 0x26, 0x19, 0x63, 0x08, 0x63, 0x08, 0x63, 0x08, 0x63, 0x08, 0x63, 0x08, 0x63, 0x08, 0x63, 0x08, 0x63, 0x08,
  0xa4, 0x10, 0x63, 0x08, 0x63, 0x08, 0x63, 0x08, 0x63, 0x08, 0x63, 0x08, 0x63, 0x08, 0x63, 0x08, 0x63, 0x08, 0x63, 0x08, 0x63, 0x08, 0x63, 0x08, 0x63, 0x08, 0x63, 0x08, 0x63, 0x08, 0x63, 0x08,
  0x63, 0x08, 0x63, 0x08, 0x63, 0x08, 0x63, 0x08, 0x63, 0x08, 0x63, 0x08, 0x63, 0x08, 0x63, 0x08, 0x63, 0x08, 0x63, 0x08, 0x63, 0x08, 0x63, 0x08, 0x63, 0x08, 0x06, 0x19, 0x63, 0x08, 0x63, 0x08,
  0xa4, 0x10, 0x63, 0x08, 0x63, 0x08, 0x63, 0x08, 0x63, 0x08, 0x63, 0x08, 0x63, 0x08, 0x63, 0x08, 0x63, 0x08, 0x63, 0x08, 0x63, 0x08, 0x63, 0x08, 0x63, 0x08, 0x63, 0x08, 0x63, 0x08, 0x63, 0x08,
  0x63, 0x08, 0x06, 0x19, 0x63, 0x08, 0x63, 0x08, 0x63, 0x08, 0x63, 0x08, 0x63, 0x08, 0x26, 0x19, 0x63, 0x08, 0x63, 0x08, 0x63, 0x08, 0x63, 0x08, 0x63, 0x08, 0x63, 0x08, 0x63, 0x08, 0x63, 0x08,
  0xa4, 0x10, 0x63, 0x08, 0x63, 0x08, 0x63, 0x08, 0x63, 0x08, 0x63, 0x08, 0x63, 0x08, 0x63, 0x08, 0x63, 0x08, 0x63, 0x08, 0x63, 0x08, 0x26, 0x19, 0x63, 0x08, 0x63, 0x08, 0x63, 0x08, 0x63, 0x08,
  0x63, 0x08, 0x63, 0x08, 0x63, 0x08, 0x63, 0x08, 0x63, 0x08, 0x63, 0x08, 0x63, 0x08, 0x63, 0x08, 0x63, 0x08, 0x63, 0x08, 0x63, 0x08, 0x63, 0x08, 0x63, 0x08, 0x63, 0x08, 0x63, 0x08, 0x63, 0x08,
  0xa4, 0x10, 0x63, 0x08, 0x63, 0x08, 0x63, 0x08, 0x63, 0x08, 0x63, 0x08, 0x63, 0x08, 0x63, 0x08, 0x63, 0x08, 0x63, 0x08, 0x63, 0x08, 0x63, 0x08, 0x63, 0x08, 0x63, 0x08, 0x63, 0x08, 0x63, 0x08,
  0x63, 0x08, 0x63, 0x08, 0x63, 0x08, 0x63, 0x08, 0x63, 0x08, 0x63, 0x08, 0x63, 0x08, 0x63, 0x08, 0x63, 0x08, 0x63, 0x08, 0x63, 0x08, 0x63, 0x08, 0x63, 0x08, 0x63, 0x08, 0x63, 0x08, 0x63, 0x08,
  0x68, 0x21, 0x63, 0x08, 0x63, 0x08, 0x63, 0x08, 0x63, 0x08, 0x63, 0x08, 0x63, 0x08, 0x63, 0x08, 0x63, 0x08, 0x63, 0x08, 0x63, 0x08, 0x63, 0x08, 0x63, 0x08, 0x63, 0x08, 0x47, 0x19, 0x63, 0x08,
  0x63, 0x08, 0x63, 0x08, 0x63, 0x08, 0x63, 0x08, 0x63, 0x08, 0x63, 0x08, 0x63, 0x08, 0x63, 0x08, 0x63, 0x08, 0x63, 0x08, 0x63, 0x08, 0x63, 0x08, 0x63, 0x08, 0x63, 0x08, 0x48, 0x19, 0x63, 0x08,
  0xa4, 0x10, 0x63, 0x08, 0x63, 0x08, 0x63, 0x08, 0x63, 0x08, 0x63, 0x08, 0x63, 0x08, 0x63, 0x08, 0x63, 0x08, 0x63, 0x08, 0x63, 0x08, 0x63, 0x08, 0x63, 0x08, 0x63, 0x08, 0x63, 0x08, 0x63, 0x08,
  0x63, 0x08, 0x63, 0x08, 0x63, 0x08, 0x63, 0x08, 0x63, 0x08, 0x63, 0x08, 0x63, 0x08, 0x63, 0x08, 0x63, 0x08, 0x63, 0x08, 0x63, 0x08, 0x63, 0x08, 0x63, 0x08, 0x63, 0x08, 0x63, 0x08, 0x63, 0x08,
  0xa4, 0x10, 0x63, 0x08, 0x63, 0x08, 0x63, 0x08, 0x63, 0x08, 0x63, 0x08, 0x63, 0x08, 0x63, 0x08, 0x63, 0x08, 0x63, 0x08, 0x63, 0x08, 0x63, 0x08, 0x63, 0x08, 0x63, 0x08, 0x63, 0x08, 0x63, 0x08,
  0x63, 0x08, 0x63, 0x08, 0x63, 0x08, 0x63, 0x08, 0x63, 0x08, 0x63, 0x08, 0x63, 0x08, 0x63, 0x08, 0x63, 0x08, 0x63, 0x08, 0x63, 0x08, 0x63, 0x08, 0x63, 0x08, 0x63, 0x08, 0x63, 0x08, 0x63, 0x08,
  0xa4, 0x10, 0x63, 0x08, 0x63, 0x08, 0x63, 0x08, 0x63, 0x08, 0x63, 0x08, 0x63, 0x08, 0x63, 0x08, 0x63, 0x08, 0x63, 0x08, 0x63, 0x08, 0x63, 0x08, 0x63, 0x08, 0x63, 0x08, 0x63, 0x08, 0x63, 0x08,
  0x63, 0x08, 0x63, 0x08, 0x63, 0x08, 0x63, 0x08, 0x63, 0x08, 0x63, 0x08, 0x63, 0x08, 0x63, 0x08, 0x63, 0x08, 0x63, 0x08, 0x63, 0x08, 0x63, 0x08, 0x63, 0x08, 0x63, 0x08, 0x63, 0x08, 0x63, 0x08,
  0xa4, 0x10, 0x63, 0x08, 0x47, 0x19, 0x47, 0x19, 0x47, 0x19, 0x47, 0x19, 0x47, 0x19, 0x47, 0x19, 0x47, 0x19, 0x63, 0x08, 0x63, 0x08, 0x63, 0x08, 0x63, 0x08, 0x63, 0x08, 0x63, 0x08, 0x63, 0x08,
  0x63, 0x08, 0x63, 0x08, 0x63, 0x08, 0x47, 0x19, 0x63, 0x08, 0x63, 0x08, 0x63, 0x08, 0x63, 0x08, 0x63, 0x08, 0x63, 0x08, 0x63, 0x08, 0x63, 0x08, 0x63, 0x08, 0x63, 0x08, 0x63, 0x08, 0x63, 0x08,
  0xa4, 0x10, 0x63, 0x08, 0x27, 0x19, 0x63, 0x08, 0x27, 0x19, 0x27, 0x19, 0x27, 0x19, 0x63, 0x08, 0x63, 0x08, 0x63, 0x08, 0x63, 0x08, 0x63, 0x08, 0x63, 0x08, 0x63, 0x08, 0x63, 0x08, 0x63, 0x08,
  0x63, 0x08, 0x63, 0x08, 0x27, 0x19, 0x63, 0x08, 0x63, 0x08, 0x63, 0x08, 0x63, 0x08, 0x26, 0x19, 0x63, 0x08, 0x63, 0x08, 0x63, 0x08, 0x63, 0x08, 0x63, 0x08, 0x63, 0x08, 0x63, 0x08, 0x63, 0x08,
  0xa4, 0x10, 0x63, 0x08, 0x63, 0x08, 0x63, 0x08, 0x63, 0x08, 0x63, 0x08, 0x63, 0x08, 0x63, 0x08, 0x63, 0x08, 0x63, 0x08, 0x63, 0x08, 0x63, 0x08, 0x63, 0x08, 0x63, 0x08, 0x63, 0x08, 0x63, 0x08,
  0x63, 0x08, 0x63, 0x08, 0x63, 0x08, 0x63, 0x08, 0x63, 0x08, 0x63, 0x08, 0x63, 0x08, 0x63, 0x08, 0x63, 0x08, 0x63, 0x08, 0x63, 0x08, 0x63, 0x08, 0x06, 0x19, 0x63, 0x08, 0x63, 0x08, 0x63, 0x08,
  0xa4, 0x10, 0x63, 0x08, 0x63, 0x08, 0x63, 0x08, 0x63, 0x08, 0x63, 0x08, 0x63, 0x08, 0x63, 0x08, 0x63, 0x08, 0x63, 0x08, 0x63, 0x08, 0x63, 0x08, 0x63, 0x08, 0x63, 0x08, 0x63, 0x08, 0x63, 0x08,
  0x63, 0x08, 0x06, 0x19, 0x63, 0x08, 0x63, 0x08, 0x63, 0x08, 0x63, 0x08, 0x63, 0x08, 0x26, 0x19, 0x63, 0x08, 0x63, 0x08, 0x63, 0x08, 0x63, 0x08, 0x63, 0x08, 0x63, 0x08, 0x63, 0x08, 0x63, 0x08,
  0xa4, 0x10, 0x63, 0x08, 0x63, 0x08, 0x63, 0x08, 0x63, 0x08, 0x63, 0x08, 0x63, 0x08, 0x63, 0x08, 0x63, 0x08, 0x63, 0x08, 0x63, 0x08, 0x26, 0x19, 0x63, 0x08, 0x63, 0x08, 0x63, 0x08, 0x63, 0x08,
  0x63, 0x08, 0x63, 0x08, 0x63, 0x08, 0x63, 0x08, 0x63, 0x08, 0x63, 0x08, 0x63, 0x08, 0x63, 0x08, 0x63, 0x08, 0x63, 0x08, 0x63, 0x08, 0x63, 0x08, 0x63, 0x08, 0x63, 0x08, 0x63, 0x08, 0x63, 0x08,
  0xa4, 0x10, 0x63, 0x08, 0x63, 0x08, 0x63, 0x08, 0x63, 0x08, 0x63, 0x08, 0x63, 0x08, 0x63, 0x08, 0x63, 0x08, 0x63, 0x08, 0x63, 0x08, 0x63, 0x08, 0x63, 0x08, 0x63, 0x08, 0x63, 0x08, 0x63, 0x08,
  0x63, 0x08, 0x63, 0x08, 0x63, 0x08, 0x63, 0x08, 0x63, 0x08, 0x63, 0x08, 0x63, 0x08, 0x63, 0x08, 0x63, 0x08, 0x63, 0x08, 0x63, 0x08, 0x63, 0x08, 0x63, 0x08, 0x63, 0x08, 0x63, 0x08, 0x63, 0x08,
  0xa4, 0x10, 0x47, 0x19, 0x63, 0x08, 0x63, 0x08, 0x63, 0x08, 0x63, 0x08, 0x63, 0x08, 0x63, 0x08, 0x63, 0x08, 0x63, 0x08, 0x63, 0x08, 0x63, 0x08, 0x63, 0x08, 0x63, 0x08, 0x47, 0x19, 0x63, 0x08,
  0x63, 0x08, 0x63, 0x08, 0x63, 0x08, 0x63, 0x08, 0x63, 0x08, 0x63, 0x08, 0x63, 0x08, 0x63, 0x08, 0x63, 0x08, 0x63, 0x08, 0x63, 0x08, 0x63, 0x08, 0x63, 0x08, 0x63, 0x08, 0x48, 0x19, 0x63, 0x08,
  0xa4, 0x10, 0x63, 0x08, 0x63, 0x08, 0x63, 0x08, 0x63, 0x08, 0x63, 0x08, 0x63, 0x08, 0x63, 0x08, 0x63, 0x08, 0x63, 0x08, 0x63, 0x08, 0x63, 0x08, 0x63, 0x08, 0x63, 0x08, 0x63, 0x08, 0x63, 0x08,
  0x63, 0x08, 0x63, 0x08, 0x63, 0x08, 0x63, 0x08, 0x63, 0x08, 0x63, 0x08, 0x63, 0x08, 0x63, 0x08, 0x63, 0x08, 0x63, 0x08, 0x63, 0x08, 0x63, 0x08, 0x63, 0x08, 0x63, 0x08, 0x63, 0x08, 0x63, 0x08,
  0xa4, 0x10, 0x63, 0x08, 0x63, 0x08, 0x63, 0x08, 0x63, 0x08, 0x63, 0x08, 0x63, 0x08, 0x63, 0x08, 0x63, 0x08, 0x63, 0x08, 0x63, 0x08, 0x63, 0x08, 0x63, 0x08, 0x63, 0x08, 0x63, 0x08, 0x63, 0x08,
  0x63, 0x08, 0x63, 0x08, 0x63, 0x08, 0x63, 0x08, 0x63, 0x08, 0x63, 0x08, 0x63, 0x08, 0x63, 0x08, 0x63, 0x08, 0x63, 0x08, 0x63, 0x08, 0x63, 0x08, 0x63, 0x08, 0x63, 0x08, 0x63, 0x08, 0x63, 0x08,
  0xa4, 0x10, 0x63, 0x08, 0x63, 0x08, 0x63, 0x08, 0x63, 0x08, 0x63, 0x08, 0x63, 0x08, 0x63, 0x08, 0x63, 0x08, 0x63, 0x08, 0x63, 0x08, 0x63, 0x08, 0x63, 0x08, 0x63, 0x08, 0x63, 0x08, 0x63, 0x08,
  0x63, 0x08, 0x63, 0x08, 0x63, 0x08, 0x63, 0x08, 0x63, 0x08, 0x63, 0x08, 0x63, 0x08, 0x63, 0x08, 0x63, 0x08, 0x63, 0x08, 0x63, 0x08, 0x63, 0x08, 0x63, 0x08, 0x63, 0x08, 0x63, 0x08, 0x63, 0x08,
  0xa4, 0x10, 0x63, 0x08, 0x47, 0x19, 0x47, 0x19, 0x47, 0x19, 0x47, 0x19, 0x47, 0x19, 0x47, 0x19, 0x47, 0x19, 0x63, 0x08, 0x63, 0x08, 0x63, 0x08, 0x63, 0x08, 0x63, 0x08, 0x63, 0x08, 0x63, 0x08,
  0x63, 0x08, 0x63, 0x08, 0x63, 0x08, 0x47, 0x19, 0x63, 0x08, 0x63, 0x08, 0x63, 0x08, 0x63, 0x08, 0x63, 0x08, 0x63, 0x08, 0x63, 0x08, 0x63, 0x08, 0x63, 0x08, 0x63, 0x08, 0x63, 0x08, 0x63, 0x08,
  0xa4, 0x10, 0x27, 0x19, 0x63, 0x08, 0x63, 0x08, 0x63, 0x08, 0x63, 0x08, 0x63, 0x08, 0x63, 0x08, 0x63, 0x08, 0x63, 0x08, 0x63, 0x08, 0x63, 0x08, 0x63, 0x08, 0x63, 0x08, 0x63, 0x08, 0x63, 0x08,
  0x63, 0x08, 0x27, 0x19, 0x63, 0x08, 0x63, 0x08, 0x63, 0x08, 0x63, 0x08, 0x63, 0x08, 0x26, 0x19, 0x63, 0x08, 0x63, 0x08, 0x63, 0x08, 0x63, 0x08, 0x63, 0x08, 0x63, 0x08, 0x63, 0x08, 0x63, 0x08,
  0xa4, 0x10, 0x63, 0x08, 0x63, 0x08, 0x63, 0x08, 0x63, 0x08, 0x63, 0x08, 0x63, 0x08, 0x63, 0x08, 0x63, 0x08, 0x63, 0x08, 0x63, 0x08, 0x63, 0x08, 0x63, 0x08, 0x63, 0x08, 0x63, 0x08, 0x63, 0x08,
  0x63, 0x08, 0x63, 0x08, 0x63, 0x08, 0x63, 0x08, 0x63, 0x08, 0x63, 0x08, 0x63, 0x08, 0x63, 0x08, 0x63, 0x08, 0x63, 0x08, 0x63, 0x08, 0x06, 0x19, 0x63, 0x08, 0x63, 0x08, 0x63, 0x08, 0x63, 0x08,
  0x26, 0x19, 0x63, 0x08, 0x63, 0x08, 0x63, 0x08, 0x63, 0x08, 0x63, 0x08, 0x63, 0x08, 0x63, 0x08, 0x63, 0x08, 0x63, 0x08, 0x63, 0x08, 0x63, 0x08, 0x63, 0x08, 0x63, 0x08, 0x63, 0x08, 0x63, 0x08,
  0x63, 0x08, 0x06, 0x19, 0x63, 0x08, 0x63, 0x08, 0x63, 0x08, 0x63, 0x08, 0x63, 0x08, 0x26, 0x19, 0x63, 0x08, 0x63, 0x08, 0x63, 0x08, 0x63, 0x08, 0x63, 0x08, 0x63, 0x08, 0x63, 0x08, 0x63, 0x08,
  0xa4, 0x10, 0x63, 0x08, 0x63, 0x08, 0x63, 0x08, 0x63, 0x08, 0x63, 0x08, 0x63, 0x08, 0x63, 0x08, 0x63, 0x08, 0x63, 0x08, 0x63, 0x08, 0x26, 0x19, 0x63, 0x08, 0x63, 0x08, 0x63, 0x08, 0x63, 0x08,
  0x63, 0x08, 0x63, 0x08, 0x63, 0x08, 0x63, 0x08, 0x63, 0x08, 0x63, 0x08, 0x63, 0x08, 0x63, 0x08, 0x63, 0x08, 0x63, 0x08, 0x63, 0x08, 0x63, 0x08, 0x63, 0x08, 0x63, 0x08, 0x63, 0x08, 0x63, 0x08,
  0xa4, 0x10, 0x63, 0x08, 0x27, 0x19, 0x27, 0x19, 0x27, 0x19, 0x63, 0x08, 0x63, 0x08, 0x63, 0x08, 0x63, 0x08, 0x63, 0x08, 0x63, 0x08, 0x63, 0x08, 0x63, 0x08, 0x63, 0x08, 0x63, 0x08, 0x63, 0x08,
  0x63, 0x08, 0x63, 0x08, 0x63, 0x08, 0x63, 0x08, 0x63, 0x08, 0x63, 0x08, 0x63, 0x08, 0x63, 0x08, 0x63, 0x08, 0x63, 0x08, 0x63, 0x08, 0x63, 0x08, 0x63, 0x08, 0x63, 0x08, 0x63, 0x08, 0x63, 0x08,
  0xa4, 0x10, 0x63, 0x08, 0x47, 0x19, 0x63, 0x08, 0x63, 0x08, 0x63, 0x08, 0x63, 0x08, 0x63, 0x08, 0x63, 0x08, 0x63, 0x08, 0x63, 0x08, 0x63, 0x08, 0x63, 0x08, 0x63, 0x08, 0x47, 0x19, 0x63, 0x08,
  0x63, 0x08, 0x63, 0x08, 0x63, 0x08, 0x63, 0x08, 0x63, 0x08, 0x63, 0x08, 0x63, 0x08, 0x63, 0x08, 0x63, 0x08, 0x63, 0x08, 0x63, 0x08, 0x63, 0x08, 0x63, 0x08, 0x63, 0x08, 0x48, 0x19, 0x63, 0x08,
  0xa4, 0x10, 0x63, 0x08, 0x63, 0x08, 0x63, 0x08, 0x63, 0x08, 0x63, 0x08, 0x63, 0x08, 0x63, 0x08, 0x63, 0x08, 0x63, 0x08, 0x63, 0x08, 0x63, 0x08, 0x63, 0x08, 0x63, 0x08, 0x63, 0x08, 0x63, 0x08,
  0x63, 0x08, 0x63, 0x08, 0x63, 0x08, 0x63, 0x08, 0x63, 0x08, 0x63, 0x08, 0x63, 0x08, 0x63, 0x08, 0x63, 0x08, 0x63, 0x08, 0x63, 0x08, 0x63, 0x08, 0x63, 0x08, 0x63, 0x08, 0x63, 0x08, 0x63, 0x08,
  0xa4, 0x10, 0x63, 0x08, 0x63, 0x08, 0x63, 0x08, 0x63, 0x08, 0x63, 0x08, 0x63, 0x08, 0x63, 0x08, 0x63, 0x08, 0x63, 0x08, 0x63, 0x08, 0x63, 0x08, 0x63, 0x08, 0x63, 0x08, 0x63, 0x08, 0x63, 0x08,
  0x63, 0x08, 0x63, 0x08, 0x63, 0x08, 0x63, 0x08, 0x63, 0x08, 0x63, 0x08, 0x63, 0x08, 0x63, 0x08, 0x63, 0x08, 0x63, 0x08, 0x63, 0x08, 0x63, 0x08, 0x63, 0x08, 0x63, 0x08, 0x63, 0x08, 0x63, 0x08,
  0xa4, 0x10, 0x63, 0x08, 0x63, 0x08, 0x63, 0x08, 0x63, 0x08, 0x63, 0x08, 0x63, 0x08, 0x63, 0x08, 0x63, 0x08, 0x63, 0x08, 0x63, 0x08, 0x63, 0x08, 0x63, 0x08, 0x63, 0x08, 0x63, 0x08, 0x63, 0x08,
  0x63, 0x08, 0x63, 0x08, 0x63, 0x08, 0x63, 0x08, 0x63, 0x08, 0x63, 0x08, 0x63, 0x08, 0x63, 0x08, 0x63, 0x08, 0x63, 0x08, 0x63, 0x08, 0x63, 0x08, 0x63, 0x08, 0x63, 0x08, 0x63, 0x08, 0x63, 0x08,
  0xa4, 0x10, 0x63, 0x08, 0x47, 0x19, 0x47, 0x19, 0x47, 0x19, 0x47, 0x19, 0x47, 0x19, 0x47, 0x19, 0x47, 0x19, 0x63, 0x08, 0x63, 0x08, 0x63, 0x08, 0x63, 0x08, 0x63, 0x08, 0x63, 0x08, 0x63, 0x08,
  0x63, 0x08, 0x63, 0x08, 0x63, 0x08, 0x47, 0x19, 0x63, 0x08, 0x63, 0x08, 0x63, 0x08, 0x63, 0x08, 0x63, 0x08, 0x63, 0x08, 0x63, 0x08, 0x63, 0x08, 0x63, 0x08, 0x63, 0x08, 0x63, 0x08, 0x63, 0x08,
  0x67, 0x21, 0x63, 0x08, 0x63, 0x08, 0x63, 0x08, 0x63, 0x08, 0x63, 0x08, 0x63, 0x08, 0x63, 0x08, 0x63, 0x08, 0x63, 0x08, 0x63, 0x08, 0x63, 0x08, 0x63, 0x08, 0x63, 0x08, 0x63, 0x08, 0x63, 0x08,
  0x27, 0x19, 0x63, 0x08, 0x63, 0x08, 0x63, 0x08, 0x63, 0x08, 0x63, 0x08, 0x63, 0x08, 0x26, 0x19, 0x63, 0x08, 0x63, 0x08, 0x63, 0x08, 0x63, 0x08, 0x63, 0x08, 0x63, 0x08, 0x63, 0x08, 0x63, 0x08,
  0xa4, 0x10, 0x63, 0x08, 0x63, 0x08, 0x63, 0x08, 0x63, 0x08, 0x63, 0x08, 0x63, 0x08, 0x63, 0x08, 0x63, 0x08, 0x63, 0x08, 0x63, 0x08, 0x63, 0x08, 0x63, 0x08, 0x63, 0x08, 0x63, 0x08, 0x63, 0x08,
  0x63, 0x08, 0x63, 0x08, 0x63, 0x08, 0x63, 0x08, 0x63, 0x08, 0x63, 0x08, 0x63, 0x08, 0x63, 0x08, 0x63, 0x08, 0x63, 0x08, 0x06, 0x19, 0x63, 0x08, 0x63, 0x08, 0x63, 0x08, 0x63, 0x08, 0x63, 0x08,
  0x26, 0x19, 0x63, 0x08, 0x63, 0x08, 0x63, 0x08, 0x63, 0x08, 0x63, 0x08, 0x63, 0x08, 0x63, 0x08, 0x63, 0x08, 0x63, 0x08, 0x63, 0x08, 0x63, 0x08, 0x63, 0x08, 0x63, 0x08, 0x63, 0x08, 0x63, 0x08,
  0x63, 0x08, 0x06, 0x19, 0x63, 0x08, 0x63, 0x08, 0x63, 0x08, 0x63, 0x08, 0x63, 0x08, 0x26, 0x19, 0x63, 0x08, 0x63, 0x08, 0x63, 0x08, 0x63, 0x08, 0x63, 0x08, 0x63, 0x08, 0x63, 0x08, 0x63, 0x08,
  0xa4, 0x10, 0x63, 0x08, 0x63, 0x08, 0x63, 0x08, 0x63, 0x08, 0x63, 0x08, 0x63, 0x08, 0x63, 0x08, 0x63, 0x08, 0x63, 0x08, 0x63, 0x08, 0x26, 0x19, 0x63, 0x08, 0x63, 0x08, 0x63, 0x08, 0x63, 0x08,
  0x63, 0x08, 0x63, 0x08, 0x63, 0x08, 0x63, 0x08, 0x63, 0x08, 0x63, 0x08, 0x63, 0x08, 0x63, 0x08, 0x63, 0x08, 0x63, 0x08, 0x63, 0x08, 0x63, 0x08, 0x63, 0x08, 0x63, 0x08, 0x63, 0x08, 0x63, 0x08,
  0xa4, 0x10, 0x27, 0x19, 0x63, 0x08, 0x63, 0x08, 0x63, 0x08, 0x27, 0x19, 0x63, 0x08, 0x63, 0x08, 0x63, 0x08, 0x63, 0x08, 0x63, 0x08, 0x63, 0x08, 0x63, 0x08, 0x63, 0x08, 0x63, 0x08, 0x63, 0x08,
  0x63, 0x08, 0x63, 0x08, 0x63, 0x08, 0x63, 0x08, 0x63, 0x08, 0x63, 0x08, 0x63, 0x08, 0x63, 0x08, 0x63, 0x08, 0x63, 0x08, 0x63, 0x08, 0x63, 0x08, 0x63, 0x08, 0x63, 0x08, 0x63, 0x08, 0x63, 0x08,
  0xa4, 0x10, 0x63, 0x08, 0x63, 0x08, 0x47, 0x19, 0x63, 0x08, 0x63, 0x08, 0x63, 0x08, 0x63, 0x08, 0x63, 0x08, 0x63, 0x08, 0x63, 0x08, 0x63, 0x08, 0x63, 0x08, 0x63, 0x08, 0x47, 0x19, 0x63, 0x08,
  0x63, 0x08, 0x63, 0x08, 0x63, 0x08, 0x63, 0x08, 0x63, 0x08, 0x63, 0x08, 0x63, 0x08, 0x63, 0x08, 0x63, 0x08, 0x63, 0x08, 0x63, 0x08, 0x63, 0x08, 0x63, 0x08, 0x63, 0x08, 0x48, 0x19, 0x63, 0x08,
  0xa4, 0x10, 0x63, 0x08, 0x63, 0x08, 0x63, 0x08, 0x63, 0x08, 0x63, 0x08, 0x63, 0x08, 0x63, 0x08, 0x63, 0x08, 0x63, 0x08, 0x63, 0x08, 0x63, 0x08, 0x63, 0x08, 0x63, 0x08, 0x63, 0x08, 0x63, 0x08,
  0x63, 0x08, 0x63, 0x08, 0x63, 0x08, 0x63, 0x08, 0x63, 0x08, 0x63, 0x08, 0x63, 0x08, 0x63, 0x08, 0x63, 0x08, 0x63, 0x08, 0x63, 0x08, 0x63, 0x08, 0x63, 0x08, 0x63, 0x08, 0x63, 0x08, 0x63, 0x08,
  0xa4, 0x10, 0x63, 0x08, 0x63, 0x08, 0x63, 0x08, 0x63, 0x08, 0x63, 0x08, 0x63, 0x08, 0x63, 0x08, 0x63, 0x08, 0x63, 0x08, 0x63, 0x08, 0x63, 0x08, 0x63, 0x08, 0x63, 0x08, 0x63, 0x08, 0x63, 0x08,
  0x63, 0x08, 0x63, 0x08, 0x63, 0x08, 0x63, 0x08, 0x63, 0x08, 0x63, 0x08, 0x63, 0x08, 0x63, 0x08, 0x63, 0x08, 0x63, 0x08, 0x63, 0x08, 0x63, 0x08, 0x63, 0x08, 0x63, 0x08, 0x63, 0x08, 0x63, 0x08,
  0xa4, 0x10, 0x63, 0x08, 0x63, 0x08, 0x63, 0x08, 0x63, 0x08, 0x63, 0x08, 0x63, 0x08, 0x63, 0x08, 0x63, 0x08, 0x63, 0x08, 0x63, 0x08, 0x63, 0x08, 0x63, 0x08, 0x63, 0x08, 0x63, 0x08, 0x63, 0x08,
  0x63, 0x08, 0x63, 0x08, 0x63, 0x08, 0x48, 0x19, 0x48, 0x19, 0x48, 0x19, 0x48, 0x19, 0x48, 0x19, 0x63, 0x08, 0x63, 0x08, 0x63, 0x08, 0x63, 0x08, 0x63, 0x08, 0x63, 0x08, 0x63, 0x08, 0x63, 0x08,
  0xa4, 0x10, 0x63, 0x08, 0x47, 0x19, 0x47, 0x19, 0x47, 0x19, 0x47, 0x19, 0x47, 0x19, 0x47, 0x19, 0x47, 0x19, 0x63, 0x08, 0x63, 0x08, 0x63, 0x08, 0x63, 0x08, 0x63, 0x08, 0x63, 0x08, 0x63, 0x08,
  0x63, 0x08, 0x63, 0x08, 0x63, 0x08, 0x47, 0x19, 0x63, 0x08, 0x63, 0x08, 0x63, 0x08, 0x63, 0x08, 0x63, 0x08, 0x63, 0x08, 0x63, 0x08, 0x63, 0x08, 0x63, 0x08, 0x63, 0x08, 0x63, 0x08, 0x27, 0x19,
  0xa4, 0x10, 0x63, 0x08, 0x63, 0x08, 0x63, 0x08, 0x63, 0x08, 0x63, 0x08, 0x63, 0x08, 0x63, 0x08, 0x63, 0x08, 0x63, 0x08, 0x63, 0x08, 0x63, 0x08, 0x63, 0x08, 0x63, 0x08, 0x63, 0x08, 0x27, 0x19,
  0x63, 0x08, 0x63, 0x08, 0x63, 0x08, 0x63, 0x08, 0x63, 0x08, 0x63, 0x08, 0x63, 0x08, 0x26, 0x19, 0x63, 0x08, 0x63, 0x08, 0x63, 0x08, 0x63, 0x08, 0x63, 0x08, 0x63, 0x08, 0x63, 0x08, 0x63, 0x08,
  0xa4, 0x10, 0x63, 0x08, 0x63, 0x08, 0x63, 0x08, 0x63, 0x08, 0x63, 0x08, 0x63, 0x08, 0x63, 0x08, 0x63, 0x08, 0x63, 0x08, 0x63, 0x08, 0x63, 0x08, 0x63, 0x08, 0x63, 0x08, 0x63, 0x08, 0x63, 0x08,
  0x63, 0x08, 0x63, 0x08, 0x63, 0x08, 0x63, 0x08, 0x63, 0x08, 0x63, 0x08, 0x63, 0x08, 0x63, 0x08, 0x63, 0x08, 0x06, 0x19, 0x63, 0x08, 0x63, 0x08, 0x63, 0x08, 0x63, 0x08, 0x63, 0x08, 0x63, 0x08,
  0x26, 0x19, 0x63, 0x08, 0x63, 0x08, 0x63, 0x08, 0x63, 0x08, 0x63, 0x08, 0x63, 0x08, 0x63, 0x08, 0x63, 0x08, 0x63, 0x08, 0x63, 0x08, 0x63, 0x08, 0x63, 0x08, 0x63, 0x08, 0x63, 0x08, 0x63, 0x08,
  0x63, 0x08, 0x06, 0x19, 0x63, 0x08, 0x63, 0x08, 0x63, 0x08, 0x63, 0x08, 0x63, 0x08, 0x26, 0x19, 0x63, 0x08, 0x63, 0x08, 0x63, 0x08, 0x63, 0x08, 0x63, 0x08, 0x63, 0x08, 0x63, 0x08, 0x63, 0x08,
  0xa4, 0x10, 0x63, 0x08, 0x63, 0x08, 0x63, 0x08, 0x63, 0x08, 0x63, 0x08, 0x63, 0x08, 0x63, 0x08, 0x63, 0x08, 0x63, 0x08, 0x63, 0x08, 0x26, 0x19, 0x63, 0x08, 0x63, 0x08, 0x63, 0x08, 0x63, 0x08,
  0x63, 0x08, 0x63, 0x08, 0x63, 0x08, 0x63, 0x08, 0x63, 0x08, 0x63, 0x08, 0x63, 0x08, 0x63, 0x08, 0x63, 0x08, 0x63, 0x08, 0x63, 0x08, 0x63, 0x08, 0x63, 0x08, 0x63, 0x08, 0x63, 0x08, 0x63, 0x08,
  0x47, 0x21, 0x63, 0x08, 0x63, 0x08, 0x63, 0x08, 0x63, 0x08, 0x63, 0x08, 0x27, 0x19, 0x63, 0x08, 0x63, 0x08, 0x63, 0x08, 0x63, 0x08, 0x63, 0x08, 0x63, 0x08, 0x63, 0x08, 0x63, 0x08, 0x63, 0x08,
  0x63, 0x08, 0x63, 0x08, 0x63, 0x08, 0x63, 0x08, 0x63, 0x08, 0x63, 0x08, 0x63, 0x08, 0x63, 0x08, 0x63, 0x08, 0x63, 0x08, 0x63, 0x08, 0x63, 0x08, 0x63, 0x08, 0x63, 0x08, 0x63, 0x08, 0x63, 0x08,
  0xa4, 0x10, 0x63, 0x08, 0x63, 0x08, 0x47, 0x19, 0x63, 0x08, 0x63, 0x08, 0x63, 0x08, 0x63, 0x08, 0x63, 0x08, 0x63, 0x08, 0x63, 0x08, 0x63, 0x08, 0x63, 0x08, 0x63, 0x08, 0x47, 0x19, 0x63, 0x08,
  0x63, 0x08, 0x63, 0x08, 0x63, 0x08, 0x63, 0x08, 0x63, 0x08, 0x63, 0x08, 0x63, 0x08, 0x63, 0x08, 0x63, 0x08, 0x63, 0x08, 0x63, 0x08, 0x63, 0x08, 0x63, 0x08, 0x63, 0x08, 0x48, 0x19, 0x63, 0x08,
  0xa4, 0x10, 0x63, 0x08, 0x63, 0x08, 0x63, 0x08, 0x63, 0x08, 0x63, 0x08, 0x63, 0x08, 0x63, 0x08, 0x63, 0x08, 0x63, 0x08, 0x63, 0x08, 0x63, 0x08, 0x63, 0x08, 0x63, 0x08, 0x63, 0x08, 0x63, 0x08,
  0x63, 0x08, 0x63, 0x08, 0x63, 0x08, 0x63, 0x08, 0x63, 0x08, 0x63, 0x08, 0x63, 0x08, 0x63, 0x08, 0x63, 0x08, 0x63, 0x08, 0x63, 0x08, 0x63, 0x08, 0x63, 0x08, 0x63, 0x08, 0x63, 0x08, 0x63, 0x08,
  0xa4, 0x10, 0x63, 0x08, 0x63, 0x08, 0x63, 0x08, 0x63, 0x08, 0x63, 0x08, 0x63, 0x08, 0x63, 0x08, 0x63, 0x08, 0x63, 0x08, 0x63, 0x08, 0x63, 0x08, 0x63, 0x08, 0x63, 0x08, 0x63, 0x08, 0x63, 0x08,
  0x63, 0x08, 0x63, 0x08, 0x63, 0x08, 0x63, 0x08, 0x63, 0x08, 0x63, 0x08, 0x63, 0x08, 0x63, 0x08, 0x63, 0x08, 0x63, 0x08, 0x63, 0x08, 0x63, 0x08, 0x63, 0x08, 0x63, 0x08, 0x63, 0x08, 0x63, 0x08,
  0xa4, 0x10, 0x63, 0x08, 0x63, 0x08, 0x63, 0x08, 0x63, 0x08, 0x63, 0x08, 0x63, 0x08, 0x63, 0x08, 0x63, 0x08, 0x63, 0x08, 0x63, 0x08, 0x63, 0x08, 0x63, 0x08, 0x63, 0x08, 0x63, 0x08, 0x63, 0x08,
  0x63, 0x08, 0x63, 0x08, 0x63, 0x08, 0x48, 0x19, 0x48, 0x19, 0x48, 0x19, 0x48, 0x19, 0x48, 0x19, 0x63, 0x08, 0x63, 0x08, 0x63, 0x08, 0x63, 0x08, 0x63, 0x08, 0x63, 0x08, 0x63, 0x08, 0x63, 0x08,
  0xa4, 0x10, 0x63, 0x08, 0x47, 0x19, 0x47, 0x19, 0x47, 0x19, 0x47, 0x19, 0x47, 0x19, 0x47, 0x19, 0x47, 0x19, 0x63, 0x08, 0x63, 0x08, 0x63, 0x08, 0x63, 0x08, 0x63, 0x08, 0x63, 0x08, 0x63, 0x08,
  0x63, 0x08, 0x63, 0x08, 0x47, 0x19, 0x63, 0x08, 0x63, 0x08, 0x63, 0x08, 0x63, 0x08, 0x63, 0x08, 0x63, 0x08, 0x63, 0x08, 0x63, 0x08, 0x63, 0x08, 0x63, 0x08, 0x63, 0x08, 0x27, 0x19, 0x63, 0x08,
  0xa4, 0x10, 0x63, 0x08, 0x63, 0x08, 0x63, 0x08, 0x63, 0x08, 0x63, 0x08, 0x63, 0x08, 0x63, 0x08, 0x63, 0x08, 0x63, 0x08, 0x63, 0x08, 0x63, 0x08, 0x63, 0x08, 0x63, 0x08, 0x27, 0x19, 0x63, 0x08,
  0x63, 0x08, 0x63, 0x08, 0x63, 0x08, 0x63, 0x08, 0x63, 0x08, 0x63, 0x08, 0x63, 0x08, 0x26, 0x19, 0x63, 0x08, 0x63, 0x08, 0x63, 0x08, 0x63, 0x08, 0x63, 0x08, 0x63, 0x08, 0x63, 0x08, 0x63, 0x08,
  0xa4, 0x10, 0x63, 0x08, 0x63, 0x08, 0x63, 0x08, 0x63, 0x08, 0x63, 0x08, 0x63, 0x08, 0x63, 0x08, 0x63, 0x08, 0x63, 0x08, 0x63, 0x08, 0x63, 0x08, 0x63, 0x08, 0x63, 0x08, 0x63, 0x08, 0x63, 0x08,
  0x63, 0x08, 0x63, 0x08, 0x63, 0x08, 0x63, 0x08, 0x63, 0x08, 0x63, 0x08, 0x63, 0x08, 0x63, 0x08, 0x06, 0x19, 0x63, 0x08, 0x63, 0x08, 0x63, 0x08, 0x63, 0x08, 0x63, 0x08, 0x63, 0x08, 0x63, 0x08,
  0x26, 0x19, 0x63, 0x08, 0x63, 0x08, 0x63, 0x08, 0x63, 0x08, 0x63, 0x08, 0x63, 0x08, 0x63, 0x08, 0x63, 0x08, 0x63, 0x08, 0x63, 0x08, 0x63, 0x08, 0x63, 0x08, 0x63, 0x08, 0x63, 0x08, 0x63, 0x08,
  0x63, 0x08, 0x06, 0x19, 0x63, 0x08, 0x63, 0x08, 0x63, 0x08, 0x63, 0x08, 0x63, 0x08, 0x26, 0x19, 0x63, 0x08, 0x63, 0x08, 0x63, 0x08, 0x63, 0x08, 0x63, 0x08, 0x63, 0x08, 0x63, 0x08, 0x63, 0x08,
  0xa4, 0x10, 0x63, 0x08, 0x63, 0x08, 0x63, 0x08, 0x63, 0x08, 0x63, 0x08, 0x63, 0x08, 0x63, 0x08, 0x63, 0x08, 0x63, 0x08, 0x63, 0x08, 0x26, 0x19, 0x63, 0x08, 0x63, 0x08, 0x63, 0x08, 0x63, 0x08,
  0x63, 0x08, 0x63, 0x08, 0x63, 0x08, 0x63, 0x08, 0x63, 0x08, 0x63, 0x08, 0x63, 0x08, 0x63, 0x08, 0x63, 0x08, 0x63, 0x08, 0x63, 0x08, 0x63, 0x08, 0x63, 0x08, 0x63, 0x08, 0x63, 0x08, 0x63, 0x08,
  0x47, 0x21, 0x63, 0x08, 0x63, 0x08, 0x27, 0x19, 0x63, 0x08, 0x63, 0x08, 0x27, 0x19, 0x63, 0x08, 0x63, 0x08, 0x63, 0x08, 0x63, 0x08, 0x63, 0x08, 0x63, 0x08, 0x63, 0x08, 0x63, 0x08, 0x63, 0x08,
  0x63, 0x08, 0x63, 0x08, 0x63, 0x08, 0x63, 0x08, 0x63, 0x08, 0x63, 0x08, 0x63, 0x08, 0x63, 0x08, 0x63, 0x08, 0x63, 0x08, 0x63, 0x08, 0x63, 0x08, 0x63, 0x08, 0x63, 0x08, 0x63, 0x08, 0x63, 0x08,
  0xa4, 0x10, 0x63, 0x08, 0x63, 0x08, 0x47, 0x19, 0x63, 0x08, 0x63, 0x08, 0x63, 0x08, 0x63, 0x08, 0x63, 0x08, 0x63, 0x08, 0x63, 0x08, 0x63, 0x08, 0x63, 0x08, 0x63, 0x08, 0x47, 0x19, 0x63, 0x08,
  0x63, 0x08, 0x63, 0x08, 0x63, 0x08, 0x63, 0x08, 0x63, 0x08, 0x63, 0x08, 0x63, 0x08, 0x63, 0x08, 0x63, 0x08, 0x63, 0x08, 0x63, 0x08, 0x63, 0x08, 0x63, 0x08, 0x63, 0x08, 0x48, 0x19, 0x63, 0x08,
  0xa4, 0x10, 0x63, 0x08, 0x63, 0x08, 0x63, 0x08, 0x63, 0x08, 0x63, 0x08, 0x63, 0x08, 0x63, 0x08, 0x63, 0x08, 0x63, 0x08, 0x63, 0x08, 0x63, 0x08, 0x63, 0x08, 0x63, 0x08, 0x63, 0x08, 0x63, 0x08,
  0x63, 0x08, 0x63, 0x08, 0x63, 0x08, 0x63, 0x08, 0x63, 0x08, 0x63, 0x08, 0x63, 0x08, 0x63, 0x08, 0x63, 0x08, 0x63, 0x08, 0x63, 0x08, 0x63, 0x08, 0x63, 0x08, 0x63, 0x08, 0x63, 0x08, 0x63, 0x08,
  0xa4, 0x10, 0x63, 0x08, 0x63, 0x08, 0x63, 0x08, 0x63, 0x08, 0x63, 0x08, 0x63, 0x08, 0x63, 0x08, 0x63, 0x08, 0x63, 0x08, 0x63, 0x08, 0x63, 0x08, 0x63, 0x08, 0x63, 0x08, 0x63, 0x08, 0x63, 0x08,
  0x63, 0x08, 0x63, 0x08, 0x63, 0x08, 0x63, 0x08, 0x63, 0x08, 0x63, 0x08, 0x63, 0x08, 0x63, 0x08, 0x63, 0x08, 0x63, 0x08, 0x63, 0x08, 0x63, 0x08, 0x63, 0x08, 0x63, 0x08, 0x63, 0x08, 0x63, 0x08,
  0xa4, 0x10, 0x63, 0x08, 0x63, 0x08, 0x63, 0x08, 0x63, 0x08, 0x63, 0x08, 0x63, 0x08, 0x63, 0x08, 0x63, 0x08, 0x63, 0x08, 0x63, 0x08, 0x63, 0x08, 0x63, 0x08, 0x63, 0x08, 0x63, 0x08, 0x63, 0x08,
  0x63, 0x08, 0x63, 0x08, 0x63, 0x08, 0x48, 0x19, 0x48, 0x19, 0x48, 0x19, 0x48, 0x19, 0x48, 0x19, 0x63, 0x08, 0x63, 0x08, 0x63, 0x08, 0x63, 0x08, 0x63, 0x08, 0x63, 0x08, 0x63, 0x08, 0x63, 0x08,
  0xa4, 0x10, 0x63, 0x08, 0x47, 0x19, 0x47, 0x19, 0x47, 0x19, 0x47, 0x19, 0x47, 0x19, 0x47, 0x19, 0x47, 0x19, 0x63, 0x08, 0x63, 0x08, 0x63, 0x08, 0x63, 0x08, 0x63, 0x08, 0x63, 0x08, 0x63, 0x08,
  0x63, 0x08, 0x47, 0x19, 0x63, 0x08, 0x63, 0x08, 0x63, 0x08, 0x63, 0x08, 0x63, 0x08, 0x63, 0x08, 0x63, 0x08, 0x63, 0x08, 0x63, 0x08, 0x63, 0x08, 0x63, 0x08, 0x27, 0x19, 0x63, 0x08, 0x63, 0x08,
  0xa4, 0x10, 0x63, 0x08, 0x63, 0x08, 0x63, 0x08, 0x63, 0x08, 0x63, 0x08, 0x63, 0x08, 0x63, 0x08, 0x63, 0x08, 0x63, 0x08, 0x63, 0x08, 0x63, 0x08, 0x63, 0x08, 0x27, 0x19, 0x63, 0x08, 0x63, 0x08,
  0x63, 0x08, 0x63, 0x08, 0x63, 0x08, 0x63, 0x08, 0x63, 0x08, 0x63, 0x08, 0x63, 0x08, 0x26, 0x19, 0x63, 0x08, 0x63, 0x08, 0x63, 0x08, 0x26, 0x19, 0x26, 0x19, 0x26, 0x19, 0x63, 0x08, 0x63, 0x08,
  0xa4, 0x10, 0x63, 0x08, 0x63, 0x08, 0x63, 0x08, 0x63, 0x08, 0x63, 0x08, 0x63, 0x08, 0x63, 0x08, 0x63, 0x08, 0x63, 0x08, 0x63, 0x08, 0x63, 0x08, 0x63, 0x08, 0x63, 0x08, 0x63, 0x08, 0x63, 0x08,
  0x63, 0x08, 0x63, 0x08, 0x63, 0x08, 0x63, 0x08, 0x63, 0x08, 0x63, 0x08, 0x63, 0x08, 0x63, 0x08, 0x06, 0x19, 0x63, 0x08, 0x63, 0x08, 0x63, 0x08, 0x63, 0x08, 0x63, 0x08, 0x63, 0x08, 0x63, 0x08,
  0x26, 0x19, 0x63, 0x08, 0x63, 0x08, 0x63, 0x08, 0x63, 0x08, 0x63, 0x08, 0x63, 0x08, 0x63, 0x08, 0x63, 0x08, 0x63, 0x08, 0x63, 0x08, 0x63, 0x08, 0x63, 0x08, 0x63, 0x08, 0x63, 0x08, 0x63, 0x08,
  0x63, 0x08, 0x06, 0x19, 0x63, 0x08, 0x63, 0x08, 0x63, 0x08, 0x63, 0x08, 0x63, 0x08, 0x26, 0x19, 0x63, 0x08, 0x63, 0x08, 0x63, 0x08, 0x63, 0x08, 0x63, 0x08, 0x63, 0x08, 0x63, 0x08, 0x63, 0x08,
  0xa4, 0x10, 0x63, 0x08, 0x63, 0x08, 0x63, 0x08, 0x63, 0x08, 0x63, 0x08, 0x63, 0x08, 0x63, 0x08, 0x63, 0x08, 0x63, 0x08, 0x63, 0x08, 0x26, 0x19, 0x63, 0x08, 0x63, 0x08, 0x63, 0x08, 0x63, 0x08,
  0x63, 0x08, 0x63, 0x08, 0x63, 0x08, 0x63, 0x08, 0x63, 0x08, 0x63, 0x08, 0x63, 0x08, 0x63, 0x08, 0x63, 0x08, 0x63, 0x08, 0x63, 0x08, 0x63, 0x08, 0x63, 0x08, 0x63, 0x08, 0x63, 0x08, 0x63, 0x08,
  0x47, 0x21, 0x63, 0x08, 0x63, 0x08, 0x27, 0x19, 0x63, 0x08, 0x63, 0x08, 0x27, 0x19, 0x63, 0x08, 0x63, 0x08, 0x63, 0x08, 0x63, 0x08, 0x63, 0x08, 0x63, 0x08, 0x63, 0x08, 0x63, 0x08, 0x63, 0x08,
  0x63, 0x08, 0x63, 0x08, 0x63, 0x08, 0x63, 0x08, 0x63, 0x08, 0x63, 0x08, 0x63, 0x08, 0x63, 0x08, 0x63, 0x08, 0x63, 0x08, 0x63, 0x08, 0x63, 0x08, 0x63, 0x08, 0x63, 0x08, 0x63, 0x08, 0x63, 0x08,
  0xa4, 0x10, 0x63, 0x08, 0x63, 0x08, 0x47, 0x19, 0x63, 0x08, 0x63, 0x08, 0x63, 0x08, 0x63, 0x08, 0x63, 0x08, 0x63, 0x08, 0x63, 0x08, 0x63, 0x08, 0x63, 0x08, 0x63, 0x08, 0x47, 0x19, 0x63, 0x08,
  0x63, 0x08, 0x63, 0x08, 0x63, 0x08, 0x63, 0x08, 0x63, 0x08, 0x63, 0x08, 0x63, 0x08, 0x63, 0x08, 0x63, 0x08, 0x63, 0x08, 0x63, 0x08, 0x63, 0x08, 0x63, 0x08, 0x63, 0x08, 0x48, 0x19, 0x63, 0x08,
  0xa4, 0x10, 0x63, 0x08, 0x63, 0x08, 0x63, 0x08, 0x63, 0x08, 0x63, 0x08, 0x63, 0x08, 0x63, 0x08, 0x63, 0x08, 0x63, 0x08, 0x63, 0x08, 0x63, 0x08, 0x63, 0x08, 0x63, 0x08, 0x63, 0x08, 0x63, 0x08,
  0x63, 0x08, 0x63, 0x08, 0x63, 0x08, 0x63, 0x08, 0x63, 0x08, 0x63, 0x08, 0x63, 0x08, 0x63, 0x08, 0x63, 0x08, 0x63, 0x08, 0x63, 0x08, 0x63, 0x08, 0x63, 0x08, 0x63, 0x08, 0x63, 0x08, 0x63, 0x08,
  0xa4, 0x10, 0x63, 0x08, 0x63, 0x08, 0x63, 0x08, 0x63, 0x08, 0x63, 0x08, 0x63, 0x08, 0x63, 0x08, 0x63, 0x08, 0x63, 0x08, 0x63, 0x08, 0x63, 0x08, 0x63, 0x08, 0x63, 0x08, 0x63, 0x08, 0x63, 0x08,
  0x63, 0x08, 0x63, 0x08, 0x63, 0x08, 0x63, 0x08, 0x63, 0x08, 0x63, 0x08, 0x63, 0x08, 0x63, 0x08, 0x63, 0x08, 0x63, 0x08, 0x63, 0x08, 0x63, 0x08, 0x63, 0x08, 0x63, 0x08, 0x63, 0x08, 0x63, 0x08,
  0xa4, 0x10, 0x63, 0x08, 0x63, 0x08, 0x63, 0x08, 0x63, 0x08, 0x63, 0x08, 0x63, 0x08, 0x63, 0x08, 0x63, 0x08, 0x63, 0x08, 0x63, 0x08, 0x63, 0x08, 0x63, 0x08, 0x63, 0x08, 0x63, 0x08, 0x63, 0x08,
  0x63, 0x08, 0x63, 0x08, 0x63, 0x08, 0x48, 0x19, 0x48, 0x19, 0x48, 0x19, 0x48, 0x19, 0x48, 0x19, 0x63, 0x08, 0x63, 0x08, 0x63, 0x08, 0x63, 0x08, 0x63, 0x08, 0x63, 0x08, 0x63, 0x08, 0x63, 0x08,
  0xa4, 0x10, 0x63, 0x08, 0x47, 0x19, 0x47, 0x19, 0x47, 0x19, 0x47, 0x19, 0x47, 0x19, 0x47, 0x19, 0x47, 0x19, 0x63, 0x08, 0x63, 0x08, 0x63, 0x08, 0x63, 0x08, 0x63, 0x08, 0x63, 0x08, 0x63, 0x08,
  0x47, 0x19, 0x63, 0x08, 0x63, 0x08, 0x63, 0x08, 0x63, 0x08, 0x63, 0x08, 0x63, 0x08, 0x63, 0x08, 0x63, 0x08, 0x63, 0x08, 0x63, 0x08, 0x63, 0x08, 0x27, 0x19, 0x63, 0x08, 0x63, 0x08, 0x63, 0x08,
  0xa4, 0x10, 0x63, 0x08, 0x63, 0x08, 0x63, 0x08, 0x63, 0x08, 0x63, 0x08, 0x63, 0x08, 0x63, 0x08, 0x63, 0x08, 0x63, 0x08, 0x63, 0x08, 0x63, 0x08, 0x27, 0x19, 0x63, 0x08, 0x63, 0x08, 0x63, 0x08,
  0x63, 0x08, 0x63, 0x08, 0x63, 0x08, 0x63, 0x08, 0x63, 0x08, 0x63, 0x08, 0x63, 0x08, 0x26, 0x19, 0x63, 0x08, 0x63, 0x08, 0x26, 0x19, 0x26, 0x19, 0x26, 0x19, 0x26, 0x19, 0x26, 0x19, 0x63, 0x08,
  0xa4, 0x10, 0x63, 0x08, 0x63, 0x08, 0x63, 0x08, 0x63, 0x08, 0x63, 0x08, 0x63, 0x08, 0x63, 0x08, 0x63, 0x08, 0x63, 0x08, 0x63, 0x08, 0x63, 0x08, 0x63, 0x08, 0x63, 0x08, 0x63, 0x08, 0x63, 0x08,
  0x63, 0x08, 0x63, 0x08, 0x63, 0x08, 0x63, 0x08, 0x63, 0x08, 0x63, 0x08, 0x63, 0x08, 0x63, 0x08, 0x06, 0x19, 0x63, 0x08, 0x63, 0x08, 0x63, 0x08, 0x63, 0x08, 0x63, 0x08, 0x63, 0x08, 0x63, 0x08,
  0x26, 0x19, 0x63, 0x08, 0x63, 0x08, 0x63, 0x08, 0x63, 0x08, 0x63, 0x08, 0x63, 0x08, 0x63, 0x08, 0x63, 0x08, 0x63, 0x08, 0x63, 0x08, 0x63, 0x08, 0x63, 0x08, 0x63, 0x08, 0x63, 0x08, 0x63, 0x08,
  0x63, 0x08, 0x06, 0x19, 0x63, 0x08, 0x63, 0x08, 0x63, 0x08, 0x63, 0x08, 0x63, 0x08, 0x26, 0x19, 0x63, 0x08, 0x63, 0x08, 0x63, 0x08, 0x63, 0x08, 0x63, 0x08, 0x63, 0x08, 0x63, 0x08, 0x63, 0x08,
  0xa4, 0x10, 0x63, 0x08, 0x63, 0x08, 0x63, 0x08, 0x63, 0x08, 0x63, 0x08, 0x63, 0x08, 0x63, 0x08, 0x63, 0x08, 0x63, 0x08, 0x63, 0x08, 0x26, 0x19, 0x63, 0x08, 0x63, 0x08, 0x63, 0x08, 0x63, 0x08,
  0x63, 0x08, 0x63, 0x08, 0x63, 0x08, 0x63, 0x08, 0x63, 0x08, 0x63, 0x08, 0x63, 0x08, 0x63, 0x08, 0x63, 0x08, 0x63, 0x08, 0x63, 0x08, 0x63, 0x08, 0x63, 0x08, 0x63, 0x08, 0x63, 0x08, 0x63, 0x08,
  0xa4, 0x10, 0x27, 0x19, 0x63, 0x08, 0x27, 0x19, 0x63, 0x08, 0x27, 0x19, 0x63, 0x08, 0x63, 0x08, 0x63, 0x08, 0x63, 0x08, 0x63, 0x08, 0x63, 0x08, 0x63, 0x08, 0x63, 0x08, 0x63, 0x08, 0x63, 0x08,
  0x63, 0x08, 0x63, 0x08, 0x63, 0x08, 0x63, 0x08, 0x63, 0x08, 0x63, 0x08, 0x63, 0x08, 0x63, 0x08, 0x63, 0x08, 0x63, 0x08, 0x63, 0x08, 0x63, 0x08, 0x63, 0x08, 0x63, 0x08, 0x63, 0x08, 0x63, 0x08,
  0xa4, 0x10, 0x63, 0x08, 0x63, 0x08, 0x47, 0x19, 0x63, 0x08, 0x63, 0x08, 0x63, 0x08, 0x63, 0x08, 0x63, 0x08, 0x63, 0x08, 0x63, 0x08, 0x63, 0x08, 0x63, 0x08, 0x63, 0x08, 0x47, 0x19, 0x63, 0x08,
  0x63, 0x08, 0x63, 0x08, 0x63, 0x08, 0x63, 0x08, 0x63, 0x08, 0x63, 0x08, 0x63, 0x08, 0x63, 0x08, 0x63, 0x08, 0x63, 0x08, 0x63, 0x08, 0x63, 0x08, 0x63, 0x08, 0x63, 0x08, 0x48, 0x19, 0x63, 0x08,
  0xa4, 0x10, 0x63, 0x08, 0x63, 0x08, 0x63, 0x08, 0x63, 0x08, 0x63, 0x08, 0x63, 0x08, 0x63, 0x08, 0x63, 0x08, 0x63, 0x08, 0x63, 0x08, 0x63, 0x08, 0x63, 0x08, 0x63, 0x08, 0x63, 0x08, 0x63, 0x08,
  0x63, 0x08, 0x63, 0x08, 0x63, 0x08, 0x63, 0x08, 0x63, 0x08, 0x63, 0x08, 0x63, 0x08, 0x63, 0x08, 0x63, 0x08, 0x63, 0x08, 0x63, 0x08, 0x63, 0x08, 0x63, 0x08, 0x63, 0x08, 0x63, 0x08, 0x63, 0x08,
  0xa4, 0x10, 0x63, 0x08, 0x63, 0x08, 0x63, 0x08, 0x63, 0x08, 0x63, 0x08, 0x63, 0x08, 0x63, 0x08, 0x63, 0x08, 0x63, 0x08, 0x63, 0x08, 0x63, 0x08, 0x63, 0x08, 0x63, 0x08, 0x63, 0x08, 0x63, 0x08,
  0x63, 0x08, 0x63, 0x08, 0x63, 0x08, 0x63, 0x08, 0x63, 0x08, 0x63, 0x08, 0x63, 0x08, 0x63, 0x08, 0x63, 0x08, 0x63, 0x08, 0x63, 0x08, 0x63, 0x08, 0x63, 0x08, 0x63, 0x08, 0x63, 0x08, 0x63, 0x08,
  0xa4, 0x10, 0x63, 0x08, 0x63, 0x08, 0x63, 0x08, 0x63, 0x08, 0x63, 0x08, 0x63, 0x08, 0x63, 0x08, 0x63, 0x08, 0x63, 0x08, 0x63, 0x08, 0x63, 0x08, 0x63, 0x08, 0x63, 0x08, 0x63, 0x08, 0x63, 0x08,
  0x63, 0x08, 0x63, 0x08, 0x63, 0x08, 0x48, 0x19, 0x48, 0x19, 0x48, 0x19, 0x48, 0x19, 0x48, 0x19, 0x63, 0x08, 0x63, 0x08, 0x63, 0x08, 0x63, 0x08, 0x63, 0x08, 0x63, 0x08, 0x63, 0x08, 0x63, 0x08,
  0xa4, 0x10, 0x47, 0x19, 0x63, 0x08, 0x63, 0x08, 0x63, 0x08, 0x63, 0x08, 0x63, 0x08, 0x63, 0x08, 0x63, 0x08, 0x63, 0x08, 0x63, 0x08, 0x63, 0x08, 0x63, 0x08, 0x63, 0x08, 0x63, 0x08, 0x47, 0x19,
  0x63, 0x08, 0x63, 0x08, 0x63, 0x08, 0x63, 0x08, 0x63, 0x08, 0x63, 0x08, 0x63, 0x08, 0x63, 0x08, 0x63, 0x08, 0x63, 0x08, 0x63, 0x08, 0x27, 0x19, 0x63, 0x08, 0x63, 0x08, 0x63, 0x08, 0x63, 0x08,
  0xa4, 0x10, 0x63, 0x08, 0x63, 0x08, 0x63, 0x08, 0x63, 0x08, 0x63, 0x08, 0x63, 0x08, 0x63, 0x08, 0x63, 0x08, 0x63, 0x08, 0x63, 0x08, 0x27, 0x19, 0x63, 0x08, 0x63, 0x08, 0x63, 0x08, 0x63, 0x08,
  0x63, 0x08, 0x63, 0x08, 0x63, 0x08, 0x63, 0x08, 0x63, 0x08, 0x63, 0x08, 0x63, 0x08, 0x26, 0x19, 0x63, 0x08, 0x63, 0x08, 0x26, 0x19, 0x26, 0x19, 0x26, 0x19, 0x26, 0x19, 0x26, 0x19, 0x63, 0x08,
  0xa4, 0x10, 0x63, 0x08, 0x63, 0x08, 0x63, 0x08, 0x63, 0x08, 0x63, 0x08, 0x63, 0x08, 0x63, 0x08, 0x63, 0x08, 0x63, 0x08, 0x63, 0x08, 0x63, 0x08, 0x63, 0x08, 0x63, 0x08, 0x63, 0x08, 0x63, 0x08,
  0x63, 0x08, 0x63, 0x08, 0x63, 0x08, 0x63, 0x08, 0x63, 0x08, 0x63, 0x08, 0x63, 0x08, 0x63, 0x08, 0x06, 0x19, 0x63, 0x08, 0x63, 0x08, 0x63, 0x08, 0x63, 0x08, 0x63, 0x08, 0x63, 0x08, 0x63, 0x08,
  0x26, 0x19, 0x63, 0x08, 0x63, 0x08, 0x63, 0x08, 0x63, 0x08, 0x63, 0x08, 0x63, 0x08, 0x63, 0x08, 0x63, 0x08, 0x63, 0x08, 0x63, 0x08, 0x63, 0x08, 0x63, 0x08, 0x63, 0x08, 0x63, 0x08, 0x63, 0x08,
  0x63, 0x08, 0x06, 0x19, 0x63, 0x08, 0x63, 0x08, 0x63, 0x08, 0x63, 0x08, 0x63, 0x08, 0x26, 0x19, 0x63, 0x08, 0x63, 0x08, 0x63, 0x08, 0x63, 0x08, 0x63, 0x08, 0x63, 0x08, 0x63, 0x08, 0x63, 0x08,
  0xa4, 0x10, 0x63, 0x08, 0x63, 0x08, 0x63, 0x08, 0x63, 0x08, 0x63, 0x08, 0x63, 0x08, 0x63, 0x08, 0x63, 0x08, 0x63, 0x08, 0x63, 0x08, 0x26, 0x19, 0x63, 0x08, 0x63, 0x08, 0x63, 0x08, 0x63, 0x08,
  0x63, 0x08, 0x63, 0x08, 0x63, 0x08, 0x63, 0x08, 0x63, 0x08, 0x63, 0x08, 0x63, 0x08, 0x63, 0x08, 0x63, 0x08, 0x63, 0x08, 0x63, 0x08, 0x63, 0x08, 0x63, 0x08, 0x63, 0x08, 0x63, 0x08, 0x63, 0x08,
  0xa4, 0x10, 0x63, 0x08, 0x27, 0x19, 0x27, 0x19, 0x27, 0x19, 0x63, 0x08, 0x63, 0x08, 0x63, 0x08, 0x63, 0x08, 0x63, 0x08, 0x63, 0x08, 0x63, 0x08, 0x63, 0x08, 0x63, 0x08, 0x63, 0x08, 0x63, 0x08,
  0x63, 0x08, 0x63, 0x08, 0x63, 0x08, 0x63, 0x08, 0x63, 0x08, 0x63, 0x08, 0x63, 0x08, 0x63, 0x08, 0x63, 0x08, 0x63, 0x08, 0x63, 0x08, 0x63, 0x08, 0x63, 0x08, 0x63, 0x08, 0x63, 0x08, 0x63, 0x08,
  0xa4, 0x10, 0x63, 0x08, 0x63, 0x08, 0x47, 0x19, 0x63, 0x08, 0x63, 0x08, 0x63, 0x08, 0x63, 0x08, 0x63, 0x08, 0x63, 0x08, 0x63, 0x08, 0x63, 0x08, 0x63, 0x08, 0x63, 0x08, 0x47, 0x19, 0x63, 0x08,
  0x63, 0x08, 0x63, 0x08, 0x63, 0x08, 0x63, 0x08, 0x63, 0x08, 0x63, 0x08, 0x63, 0x08, 0x63, 0x08, 0x63, 0x08, 0x63, 0x08, 0x63, 0x08, 0x63, 0x08, 0x63, 0x08, 0x63, 0x08, 0x48, 0x19, 0x63, 0x08,
  0xa4, 0x10, 0x63, 0x08, 0x63, 0x08, 0x63, 0x08, 0x63, 0x08, 0x63, 0x08, 0x63, 0x08, 0x63, 0x08, 0x63, 0x08, 0x63, 0x08, 0x63, 0x08, 0x63, 0x08, 0x63, 0x08, 0x63, 0x08, 0x63, 0x08, 0x63, 0x08,
  0x63, 0x08, 0x63, 0x08, 0x63, 0x08, 0x63, 0x08, 0x63, 0x08, 0x63, 0x08, 0x63, 0x08, 0x63, 0x08, 0x63, 0x08, 0x63, 0x08, 0x63, 0x08, 0x63, 0x08, 0x63, 0x08, 0x63, 0x08, 0x63, 0x08, 0x63, 0x08,
  0xa4, 0x10, 0x63, 0x08, 0x63, 0x08, 0x63, 0x08, 0x63, 0x08, 0x63, 0x08, 0x63, 0x08, 0x63, 0x08, 0x63, 0x08, 0x63, 0x08, 0x63, 0x08, 0x63, 0x08, 0x63, 0x08, 0x63, 0x08, 0x63, 0x08, 0x63, 0x08,
  0x63, 0x08, 0x63, 0x08, 0x63, 0x08, 0x63, 0x08, 0x63, 0x08, 0x63, 0x08, 0x63, 0x08, 0x63, 0x08, 0x63, 0x08, 0x63, 0x08, 0x63, 0x08, 0x63, 0x08, 0x63, 0x08, 0x63, 0x08, 0x63, 0x08, 0x63, 0x08,
  0xa4, 0x10, 0x63, 0x08, 0x63, 0x08, 0x63, 0x08, 0x63, 0x08, 0x63, 0x08, 0x63, 0x08, 0x63, 0x08, 0x63, 0x08, 0x63, 0x08, 0x63, 0x08, 0x63, 0x08, 0x63, 0x08, 0x63, 0x08, 0x63, 0x08, 0x63, 0x08,
  0x63, 0x08, 0x63, 0x08, 0x48, 0x19, 0x63, 0x08, 0x63, 0x08, 0x63, 0x08, 0x63, 0x08, 0x63, 0x08, 0x63, 0x08, 0x63, 0x08, 0x63, 0x08, 0x63, 0x08, 0x63, 0x08, 0x63, 0x08, 0x63, 0x08, 0x63, 0x08,
  0x68, 0x21, 0x63, 0x08, 0x63, 0x08, 0x63, 0x08, 0x63, 0x08, 0x63, 0x08, 0x63, 0x08, 0x63, 0x08, 0x63, 0x08, 0x63, 0x08, 0x63, 0x08, 0x63, 0x08, 0x63, 0x08, 0x63, 0x08, 0x47, 0x19, 0x63, 0x08,
  0x63, 0x08, 0x63, 0x08, 0x63, 0x08, 0x63, 0x08, 0x63, 0x08, 0x63, 0x08, 0x63, 0x08, 0x63, 0x08, 0x63, 0x08, 0x63, 0x08, 0x27, 0x19, 0x63, 0x08, 0x63, 0x08, 0x63, 0x08, 0x63, 0x08, 0x63, 0x08,
  0xa4, 0x10, 0x63, 0x08, 0x63, 0x08, 0x63, 0x08, 0x63, 0x08, 0x63, 0x08, 0x63, 0x08, 0x63, 0x08, 0x63, 0x08, 0x63, 0x08, 0x27, 0x19, 0x63, 0x08, 0x63, 0x08, 0x63, 0x08, 0x63, 0x08, 0x63, 0x08,
  0x63, 0x08, 0x63, 0x08, 0x63, 0x08, 0x63, 0x08, 0x63, 0x08, 0x63, 0x08, 0x63, 0x08, 0x26, 0x19, 0x63, 0x08, 0x63, 0x08, 0x26, 0x19, 0x26, 0x19, 0x26, 0x19, 0x26, 0x19, 0x26, 0x19, 0x63, 0x08,
  0xa4, 0x10, 0x63, 0x08, 0x63, 0x08, 0x63, 0x08, 0x63, 0x08, 0x63, 0x08, 0x63, 0x08, 0x63, 0x08, 0x63, 0x08, 0x63, 0x08, 0x63, 0x08, 0x63, 0x08, 0x63, 0x08, 0x63, 0x08, 0x63, 0x08, 0x63, 0x08,
  0x63, 0x08, 0x63, 0x08, 0x63, 0x08, 0x63, 0x08, 0x63, 0x08, 0x63, 0x08, 0x63, 0x08, 0x63, 0x08, 0x06, 0x19, 0x63, 0x08, 0x63, 0x08, 0x63, 0x08, 0x63, 0x08, 0x63, 0x08, 0x63, 0x08, 0x63, 0x08,
  0x67, 0x21, 0xa4, 0x10, 0xa4, 0x10, 0xa4, 0x10, 0xa4, 0x10, 0xa4, 0x10, 0xa4, 0x10, 0xa4, 0x10, 0xa4, 0x10, 0xa4, 0x10, 0xa4, 0x10, 0xa4, 0x10, 0xa4, 0x10, 0xa4, 0x10, 0xa4, 0x10, 0xa4, 0x10,
  0xa4, 0x10, 0x46, 0x19, 0xa4, 0x10, 0xa4, 0x10, 0xa4, 0x10, 0xa4, 0x10, 0xa4, 0x10, 0x47, 0x19, 0xa4, 0x10, 0xa4, 0x10, 0xa4, 0x10, 0xa4, 0x10, 0xa4, 0x10, 0xa4, 0x10, 0xa4, 0x10, 0xa4, 0x10,
  0xc4, 0x10, 0xa4, 0x10, 0xa4, 0x10, 0xa4, 0x10, 0xa4, 0x10, 0xa4, 0x10, 0xa4, 0x10, 0xa4, 0x10, 0xa4, 0x10, 0xa4, 0x10, 0xa4, 0x10, 0x47, 0x21, 0xa4, 0x10, 0xa4, 0x10, 0xa4, 0x10, 0xa4, 0x10,
  0xa4, 0x10, 0xa4, 0x10, 0xa4, 0x10, 0xa4, 0x10, 0xa4, 0x10, 0xa4, 0x10, 0xa4, 0x10, 0xa4, 0x10, 0xa4, 0x10, 0xa4, 0x10, 0xa4, 0x10, 0xa4, 0x10, 0xa4, 0x10, 0xa4, 0x10, 0xa4, 0x10, 0xa4, 0x10,
  0xc4, 0x10, 0xa4, 0x10, 0xa4, 0x10, 0x47, 0x21, 0xa4, 0x10, 0xa4, 0x10, 0xa4, 0x10, 0xa4, 0x10, 0xa4, 0x10, 0xa4, 0x10, 0xa4, 0x10, 0xa4, 0x10, 0xa4, 0x10, 0xa4, 0x10, 0xa4, 0x10, 0xa4, 0x10,
  0xa4, 0x10, 0xa4, 0x10, 0xa4, 0x10, 0xa4, 0x10, 0xa4, 0x10, 0xa4, 0x10, 0xa4, 0x10, 0xa4, 0x10, 0xa4, 0x10, 0xa4, 0x10, 0xa4, 0x10, 0xa4, 0x10, 0xa4, 0x10, 0xa4, 0x10, 0xa4, 0x10, 0xa4, 0x10,
  0xc4, 0x10, 0xa4, 0x10, 0xa4, 0x10, 0x68, 0x21, 0xa4, 0x10, 0xa4, 0x10, 0xa4, 0x10, 0xa4, 0x10, 0xa4, 0x10, 0xa4, 0x10, 0xa4, 0x10, 0xa4, 0x10, 0xa4, 0x10, 0xa4, 0x10, 0x67, 0x21, 0xa4, 0x10,
  0xa4, 0x10, 0xa4, 0x10, 0xa4, 0x10, 0xa4, 0x10, 0xa4, 0x10, 0xa4, 0x10, 0xa4, 0x10, 0xa4, 0x10, 0xa4, 0x10, 0xa4, 0x10, 0xa4, 0x10, 0xa4, 0x10, 0xa4, 0x10, 0xa4, 0x10, 0x68, 0x21, 0xa4, 0x10,
  0xc4, 0x10, 0xa4, 0x10, 0xa4, 0x10, 0xa4, 0x10, 0xa4, 0x10, 0xa4, 0x10, 0xa4, 0x10, 0xa4, 0x10, 0xa4, 0x10, 0xa4, 0x10, 0xa4, 0x10, 0xa4, 0x10, 0xa4, 0x10, 0xa4, 0x10, 0xa4, 0x10, 0xa4, 0x10,
  0xa4, 0x10, 0xa4, 0x10, 0xa4, 0x10, 0xa4, 0x10, 0xa4, 0x10, 0xa4, 0x10, 0xa4, 0x10, 0xa4, 0x10, 0xa4, 0x10, 0xa4, 0x10, 0xa4, 0x10, 0xa4, 0x10, 0xa4, 0x10, 0xa4, 0x10, 0xa4, 0x10, 0xa4, 0x10,
  0xc4, 0x10, 0xa4, 0x10, 0xa4, 0x10, 0xa4, 0x10, 0xa4, 0x10, 0xa4, 0x10, 0xa4, 0x10, 0xa4, 0x10, 0xa4, 0x10, 0xa4, 0x10, 0xa4, 0x10, 0xa4, 0x10, 0xa4, 0x10, 0xa4, 0x10, 0xa4, 0x10, 0xa4, 0x10,
  0xa4, 0x10, 0xa4, 0x10, 0xa4, 0x10, 0xa4, 0x10, 0xa4, 0x10, 0xa4, 0x10, 0xa4, 0x10, 0xa4, 0x10, 0xa4, 0x10, 0xa4, 0x10, 0xa4, 0x10, 0xa4, 0x10, 0xa4, 0x10, 0xa4, 0x10, 0xa4, 0x10, 0xa4, 0x10,
  0xc4, 0x10, 0xa4, 0x10, 0xa4, 0x10, 0xa4, 0x10, 0xa4, 0x10, 0xa4, 0x10, 0xa4, 0x10, 0xa4, 0x10, 0xa4, 0x10, 0xa4, 0x10, 0xa4, 0x10, 0xa4, 0x10, 0xa4, 0x10, 0xa4, 0x10, 0xa4, 0x10, 0xa4, 0x10,
  0xa4, 0x10, 0x68, 0x21, 0xa4, 0x10, 0xa4, 0x10, 0xa4, 0x10, 0xa4, 0x10, 0xa4, 0x10, 0xa4, 0x10, 0xa4, 0x10, 0xa4, 0x10, 0xa4, 0x10, 0xa4, 0x10, 0xa4, 0x10, 0xa4, 0x10, 0xa4, 0x10, 0x68, 0x21,
  0xc4, 0x10, 0xa4, 0x10, 0xa4, 0x10, 0xa4, 0x10, 0xa4, 0x10, 0xa4, 0x10, 0xa4, 0x10, 0xa4, 0x10, 0xa4, 0x10, 0xa4, 0x10, 0xa4, 0x10, 0xa4, 0x10, 0xa4, 0x10, 0x67, 0x21, 0xa4, 0x10, 0xa4, 0x10,
  0xa4, 0x10, 0xa4, 0x10, 0xa4, 0x10, 0xa4, 0x10, 0xa4, 0x10, 0xa4, 0x10, 0xa4, 0x10, 0xa4, 0x10, 0xa4, 0x10, 0x67, 0x21, 0xa4, 0x10, 0xa4, 0x10, 0xa4, 0x10, 0xa4, 0x10, 0xa4, 0x10, 0xa4, 0x10,
  0xc4, 0x10, 0xa4, 0x10, 0xa4, 0x10, 0xa4, 0x10, 0xa4, 0x10, 0xa4, 0x10, 0xa4, 0x10, 0xa4, 0x10, 0xa4, 0x10, 0x47, 0x21, 0xa4, 0x10, 0xa4, 0x10, 0xa4, 0x10, 0xa4, 0x10, 0xa4, 0x10, 0xa4, 0x10,
  0xa4, 0x10, 0xa4, 0x10, 0xa4, 0x10, 0xa4, 0x10, 0xa4, 0x10, 0xa4, 0x10, 0xa4, 0x10, 0x47, 0x19, 0xa4, 0x10, 0xa4, 0x10, 0x47, 0x19, 0x47, 0x19, 0x47, 0x19, 0x47, 0x19, 0xa4, 0x10, 0xa4, 0x10,
  0xc4, 0x10, 0xa4, 0x10, 0xa4, 0x10, 0xa4, 0x10, 0xa4, 0x10, 0xa4, 0x10, 0xa4, 0x10, 0xa4, 0x10, 0xa4, 0x10, 0xa4, 0x10, 0xa4, 0x10, 0xa4, 0x10, 0xa4, 0x10, 0xa4, 0x10, 0xa4, 0x10, 0xa4, 0x10,
  0xa4, 0x10, 0xa4, 0x10, 0xa4, 0x10, 0xa4, 0x10, 0xa4, 0x10, 0xa4, 0x10, 0xa4, 0x10, 0xa4, 0x10, 0x26, 0x19, 0xa4, 0x10, 0xa4, 0x10, 0xa4, 0x10, 0xa4, 0x10, 0xa4, 0x10, 0xa4, 0x10, 0xa4, 0x10,
  0x26, 0x19, 0x63, 0x08, 0x63, 0x08, 0x63, 0x08, 0x63, 0x08, 0x63, 0x08, 0x63, 0x08, 0x63, 0x08, 0x63, 0x08, 0x63, 0x08, 0x63, 0x08, 0x63, 0x08, 0x63, 0x08, 0x63, 0x08, 0x63, 0x08, 0x63, 0x08,
  0x63, 0x08, 0x06, 0x19, 0x63, 0x08, 0x63, 0x08, 0x63, 0x08, 0x63, 0x08, 0x63, 0x08, 0x26, 0x19, 0x63, 0x08, 0x63, 0x08, 0x63, 0x08, 0x63, 0x08, 0x63, 0x08, 0x63, 0x08, 0x63, 0x08, 0x63, 0x08,
  0xa4, 0x10, 0x63, 0x08, 0x63, 0x08, 0x63, 0x08, 0x63, 0x08, 0x63, 0x08, 0x63, 0x08, 0x63, 0x08, 0x63, 0x08, 0x63, 0x08, 0x63, 0x08, 0x26, 0x19, 0x63, 0x08, 0x63, 0x08, 0x63, 0x08, 0x63, 0x08,
  0x63, 0x08, 0x63, 0x08, 0x63, 0x08, 0x63, 0x08, 0x63, 0x08, 0x63, 0x08, 0x63, 0x08, 0x63, 0x08, 0x63, 0x08, 0x63, 0x08, 0x63, 0x08, 0x63, 0x08, 0x63, 0x08, 0x63, 0x08, 0x63, 0x08, 0x63, 0x08,
  0xa4, 0x10, 0x63, 0x08, 0x63, 0x08, 0x27, 0x19, 0x63, 0x08, 0x63, 0x08, 0x63, 0x08, 0x63, 0x08, 0x63, 0x08, 0x63, 0x08, 0x63, 0x08, 0x63, 0x08, 0x63, 0x08, 0x63, 0x08, 0x63, 0x08, 0x63, 0x08,
  0x63, 0x08, 0x63, 0x08, 0x63, 0x08, 0x63, 0x08, 0x63, 0x08, 0x63, 0x08, 0x63, 0x08, 0x63, 0x08, 0x63, 0x08, 0x63, 0x08, 0x63, 0x08, 0x63, 0x08, 0x63, 0x08, 0x63, 0x08, 0x63, 0x08, 0x63, 0x08,
  0xa4, 0x10, 0x63, 0x08, 0x63, 0x08, 0x47, 0x19, 0x63, 0x08, 0x63, 0x08, 0x63, 0x08, 0x63, 0x08, 0x63, 0x08, 0x63, 0x08, 0x63, 0x08, 0x63, 0x08, 0x63, 0x08, 0x63, 0x08, 0x47, 0x19, 0x63, 0x08,
  0x63, 0x08, 0x63, 0x08, 0x63, 0x08, 0x63, 0x08, 0x63, 0x08, 0x63, 0x08, 0x63, 0x08, 0x63, 0x08, 0x63, 0x08, 0x63, 0x08, 0x63, 0x08, 0x63, 0x08, 0x63, 0x08, 0x63, 0x08, 0x48, 0x19, 0x63, 0x08,
  0xa4, 0x10, 0x63, 0x08, 0x63, 0x08, 0x63, 0x08, 0x63, 0x08, 0x63, 0x08, 0x63, 0x08, 0x63, 0x08, 0x63, 0x08, 0x63, 0x08, 0x63, 0x08, 0x63, 0x08, 0x63, 0x08, 0x63, 0x08, 0x63, 0x08, 0x63, 0x08,
  0x63, 0x08, 0x63, 0x08, 0x63, 0x08, 0x63, 0x08, 0x63, 0x08, 0x63, 0x08, 0x63, 0x08, 0x63, 0x08, 0x63, 0x08, 0x63, 0x08, 0x63, 0x08, 0x63, 0x08, 0x63, 0x08, 0x63, 0x08, 0x63, 0x08, 0x63, 0x08,
  0xa4, 0x10, 0x63, 0x08, 0x63, 0x08, 0x63, 0x08, 0x63, 0x08, 0x63, 0x08, 0x63, 0x08, 0x63, 0x08, 0x63, 0x08, 0x63, 0x08, 0x63, 0x08, 0x63, 0x08, 0x63, 0x08, 0x63, 0x08, 0x63, 0x08, 0x63, 0x08,
  0x63, 0x08, 0x63, 0x08, 0x63, 0x08, 0x63, 0x08, 0x63, 0x08, 0x63, 0x08, 0x63, 0x08, 0x63, 0x08, 0x63, 0x08, 0x63, 0x08, 0x63, 0x08, 0x63, 0x08, 0x63, 0x08, 0x63, 0x08, 0x63, 0x08, 0x63, 0x08,
  0xa4, 0x10, 0x63, 0x08, 0x63, 0x08, 0x63, 0x08, 0x63, 0x08, 0x63, 0x08, 0x63, 0x08, 0x63, 0x08, 0x63, 0x08, 0x63, 0x08, 0x63, 0x08, 0x63, 0x08, 0x63, 0x08, 0x63, 0x08, 0x63, 0x08, 0x63, 0x08,
  0x48, 0x19, 0x63, 0x08, 0x63, 0x08, 0x63, 0x08, 0x63, 0x08, 0x63, 0x08, 0x63, 0x08, 0x63, 0x08, 0x63, 0x08, 0x63, 0x08, 0x63, 0x08, 0x63, 0x08, 0x63, 0x08, 0x63, 0x08, 0x47, 0x19, 0x63, 0x08,
  0xa4, 0x10, 0x63, 0x08, 0x63, 0x08, 0x63, 0x08, 0x63, 0x08, 0x63, 0x08, 0x63, 0x08, 0x63, 0x08, 0x63, 0x08, 0x63, 0x08, 0x63, 0x08, 0x63, 0x08, 0x47, 0x19, 0x63, 0x08, 0x63, 0x08, 0x63, 0x08,
  0x63, 0x08, 0x63, 0x08, 0x63, 0x08, 0x63, 0x08, 0x63, 0x08, 0x63, 0x08, 0x63, 0x08, 0x63, 0x08, 0x27, 0x19, 0x63, 0x08, 0x63, 0x08, 0x63, 0x08, 0x63, 0x08, 0x63, 0x08, 0x63, 0x08, 0x63, 0x08,
  0xa4, 0x10, 0x63, 0x08, 0x63, 0x08, 0x63, 0x08, 0x63, 0x08, 0x63, 0x08, 0x63, 0x08, 0x63, 0x08, 0x27, 0x19, 0x63, 0x08, 0x63, 0x08, 0x63, 0x08, 0x63, 0x08, 0x63, 0x08, 0x63, 0x08, 0x63, 0x08,
  0x63, 0x08, 0x63, 0x08, 0x63, 0x08, 0x63, 0x08, 0x63, 0x08, 0x63, 0x08, 0x63, 0x08, 0x26, 0x19, 0x63, 0x08, 0x26, 0x19, 0x63, 0x08, 0x63, 0x08, 0x63, 0x08, 0x63, 0x08, 0x63, 0x08, 0x63, 0x08,
  0xa4, 0x10, 0x63, 0x08, 0x63, 0x08, 0x63, 0x08, 0x63, 0x08, 0x63, 0x08, 0x63, 0x08, 0x63, 0x08, 0x63, 0x08, 0x63, 0x08, 0x63, 0x08, 0x63, 0x08, 0x63, 0x08, 0x63, 0x08, 0x63, 0x08, 0x63, 0x08,
  0x63, 0x08, 0x63, 0x08, 0x63, 0x08, 0x63, 0x08, 0x63, 0x08, 0x63, 0x08, 0x63, 0x08, 0x63, 0x08, 0x06, 0x19, 0x63, 0x08, 0x63, 0x08, 0x63, 0x08, 0x63, 0x08, 0x63, 0x08, 0x63, 0x08, 0x63, 0x08,
  0x26, 0x19, 0x63, 0x08, 0x63, 0x08, 0x63, 0x08, 0x63, 0x08, 0x63, 0x08, 0x63, 0x08, 0x63, 0x08, 0x63, 0x08, 0x63, 0x08, 0x63, 0x08, 0x63, 0x08, 0x63, 0x08, 0x63, 0x08, 0x63, 0x08, 0x63, 0x08,
  0x63, 0x08, 0x06, 0x19, 0x63, 0x08, 0x63, 0x08, 0x63, 0x08, 0x63, 0x08, 0x63, 0x08, 0x26, 0x19, 0x63, 0x08, 0x63, 0x08, 0x63, 0x08, 0x63, 0x08, 0x63, 0x08, 0x63, 0x08, 0x63, 0x08, 0x63, 0x08,
  0xa4, 0x10, 0x63, 0x08, 0x63, 0x08, 0x63, 0x08, 0x63, 0x08, 0x63, 0x08, 0x63, 0x08, 0x63, 0x08, 0x63, 0x08, 0x63, 0x08, 0x63, 0x08, 0x26, 0x19, 0x63, 0x08, 0x63, 0x08, 0x63, 0x08, 0x63, 0x08,
  0x63, 0x08, 0x63, 0x08, 0x63, 0x08, 0x63, 0x08, 0x63, 0x08, 0x63, 0x08, 0x63, 0x08, 0x63, 0x08, 0x63, 0x08, 0x63, 0x08, 0x63, 0x08, 0x63, 0x08, 0x63, 0x08, 0x63, 0x08, 0x63, 0x08, 0x63, 0x08,
  0xa4, 0x10, 0x63, 0x08, 0x63, 0x08, 0x27, 0x19, 0x63, 0x08, 0x63, 0x08, 0x63, 0x08, 0x63, 0x08, 0x63, 0x08, 0x63, 0x08, 0x63, 0x08, 0x63, 0x08, 0x63, 0x08, 0x63, 0x08, 0x63, 0x08, 0x63, 0x08,
  0x63, 0x08, 0x63, 0x08, 0x63, 0x08, 0x63, 0x08, 0x63, 0x08, 0x63, 0x08, 0x63, 0x08, 0x63, 0x08, 0x63, 0x08, 0x63, 0x08, 0x63, 0x08, 0x63, 0x08, 0x63, 0x08, 0x63, 0x08, 0x63, 0x08, 0x63, 0x08,
  0xa4, 0x10, 0x63, 0x08, 0x63, 0x08, 0x47, 0x19, 0x63, 0x08, 0x63, 0x08, 0x63, 0x08, 0x63, 0x08, 0x63, 0x08, 0x63, 0x08, 0x63, 0x08, 0x63, 0x08, 0x63, 0x08, 0x63, 0x08, 0x47, 0x19, 0x63, 0x08,
  0x63, 0x08, 0x63, 0x08, 0x63, 0x08, 0x63, 0x08, 0x63, 0x08, 0x63, 0x08, 0x63, 0x08, 0x63, 0x08, 0x63, 0x08, 0x63, 0x08, 0x63, 0x08, 0x63, 0x08, 0x63, 0x08, 0x63, 0x08, 0x48, 0x19, 0x63, 0x08,
  0xa4, 0x10, 0x63, 0x08, 0x63, 0x08, 0x63, 0x08, 0x63, 0x08, 0x63, 0x08, 0x63, 0x08, 0x63, 0x08, 0x63, 0x08, 0x63, 0x08, 0x63, 0x08, 0x63, 0x08, 0x63, 0x08, 0x63, 0x08, 0x63, 0x08, 0x63, 0x08,
  0x63, 0x08, 0x63, 0x08, 0x63, 0x08, 0x63, 0x08, 0x63, 0x08, 0x63, 0x08, 0x63, 0x08, 0x63, 0x08, 0x63, 0x08, 0x63, 0x08, 0x63, 0x08, 0x63, 0x08, 0x63, 0x08, 0x63, 0x08, 0x63, 0x08, 0x63, 0x08,
  0xa4, 0x10, 0x63, 0x08, 0x63, 0x08, 0x63, 0x08, 0x63, 0x08, 0x63, 0x08, 0x63, 0x08, 0x63, 0x08, 0x63, 0x08, 0x63, 0x08, 0x63, 0x08, 0x63, 0x08, 0x63, 0x08, 0x63, 0x08, 0x63, 0x08, 0x63, 0x08,
  0x63, 0x08, 0x63, 0x08, 0x63, 0x08, 0x63, 0x08, 0x63, 0x08, 0x63, 0x08, 0x63, 0x08, 0x63, 0x08, 0x63, 0x08, 0x63, 0x08, 0x63, 0x08, 0x63, 0x08, 0x63, 0x08, 0x63, 0x08, 0x63, 0x08, 0x63, 0x08,
  0xa4, 0x10, 0x63, 0x08, 0x63, 0x08, 0x63, 0x08, 0x63, 0x08, 0x63, 0x08, 0x63, 0x08, 0x63, 0x08, 0x63, 0x08, 0x63, 0x08, 0x63, 0x08, 0x63, 0x08, 0x63, 0x08, 0x63, 0x08, 0x63, 0x08, 0x48, 0x19,
  0x63, 0x08, 0x63, 0x08, 0x63, 0x08, 0x63, 0x08, 0x63, 0x08, 0x63, 0x08, 0x63, 0x08, 0x63, 0x08, 0x63, 0x08, 0x63, 0x08, 0x63, 0x08, 0x63, 0x08, 0x63, 0x08, 0x47, 0x19, 0x63, 0x08, 0x63, 0x08,
  0xa4, 0x10, 0x63, 0x08, 0x63, 0x08, 0x63, 0x08, 0x63, 0x08, 0x63, 0x08, 0x63, 0x08, 0x63, 0x08, 0x63, 0x08, 0x63, 0x08, 0x63, 0x08, 0x47, 0x19, 0x63, 0x08, 0x63, 0x08, 0x63, 0x08, 0x63, 0x08,
  0x63, 0x08, 0x63, 0x08, 0x63, 0x08, 0x63, 0x08, 0x63, 0x08, 0x63, 0x08, 0x63, 0x08, 0x27, 0x19, 0x63, 0x08, 0x63, 0x08, 0x63, 0x08, 0x63, 0x08, 0x63, 0x08, 0x63, 0x08, 0x63, 0x08, 0x63, 0x08,
  0xa4, 0x10, 0x63, 0x08, 0x63, 0x08, 0x63, 0x08, 0x63, 0x08, 0x63, 0x08, 0x63, 0x08, 0x27, 0x19, 0x63, 0x08, 0x63, 0x08, 0x63, 0x08, 0x63, 0x08, 0x63, 0x08, 0x63, 0x08, 0x63, 0x08, 0x63, 0x08,
  0x63, 0x08, 0x63, 0x08, 0x63, 0x08, 0x63, 0x08, 0x63, 0x08, 0x63, 0x08, 0x63, 0x08, 0x26, 0x19, 0x26, 0x19, 0x63, 0x08, 0x63, 0x08, 0x63, 0x08, 0x63, 0x08, 0x63, 0x08, 0x63, 0x08, 0x63, 0x08,
  0xa4, 0x10, 0x63, 0x08, 0x63, 0x08, 0x63, 0x08, 0x63, 0x08, 0x63, 0x08, 0x63, 0x08, 0x63, 0x08, 0x63, 0x08, 0x63, 0x08, 0x63, 0x08, 0x63, 0x08, 0x63, 0x08, 0x63, 0x08, 0x63, 0x08, 0x63, 0x08,
  0x63, 0x08, 0x63, 0x08, 0x63, 0x08, 0x63, 0x08, 0x63, 0x08, 0x63, 0x08, 0x63, 0x08, 0x63, 0x08, 0x06, 0x19, 0x63, 0x08, 0x63, 0x08, 0x63, 0x08, 0x63, 0x08, 0x63, 0x08, 0x63, 0x08, 0x63, 0x08,
  0x26, 0x19, 0x63, 0x08, 0x63, 0x08, 0x63, 0x08, 0x63, 0x08, 0x63, 0x08, 0x63, 0x08, 0x63, 0x08, 0x63, 0x08, 0x63, 0x08, 0x63, 0x08, 0x63, 0x08, 0x63, 0x08, 0x63, 0x08, 0x63, 0x08, 0x63, 0x08,
  0x63, 0x08, 0x06, 0x19, 0x63, 0x08, 0x63, 0x08, 0x63, 0x08, 0x63, 0x08, 0x63, 0x08, 0x26, 0x19, 0x63, 0x08, 0x63, 0x08, 0x63, 0x08, 0x63, 0x08, 0x63, 0x08, 0x63, 0x08, 0x63, 0x08, 0x63, 0x08,
  0xa4, 0x10, 0x63, 0x08, 0x63, 0x08, 0x63, 0x08, 0x63, 0x08, 0x63, 0x08, 0x63, 0x08, 0x63, 0x08, 0x63, 0x08, 0x63, 0x08, 0x63, 0x08, 0x26, 0x19, 0x63, 0x08, 0x63, 0x08, 0x63, 0x08, 0x63, 0x08,
  0x63, 0x08, 0x63, 0x08, 0x63, 0x08, 0x63, 0x08, 0x63, 0x08, 0x63, 0x08, 0x63, 0x08, 0x63, 0x08, 0x63, 0x08, 0x63, 0x08, 0x63, 0x08, 0x63, 0x08, 0x63, 0x08, 0x63, 0x08, 0x63, 0x08, 0x63, 0x08,
  0xa4, 0x10, 0x63, 0x08, 0x63, 0x08, 0x27, 0x19, 0x63, 0x08, 0x63, 0x08, 0x63, 0x08, 0x63, 0x08, 0x63, 0x08, 0x63, 0x08, 0x63, 0x08, 0x63, 0x08, 0x63, 0x08, 0x63, 0x08, 0x63, 0x08, 0x63, 0x08,
  0x63, 0x08, 0x63, 0x08, 0x63, 0x08, 0x63, 0x08, 0x63, 0x08, 0x63, 0x08, 0x63, 0x08, 0x63, 0x08, 0x63, 0x08, 0x63, 0x08, 0x63, 0x08, 0x63, 0x08, 0x63, 0x08, 0x63, 0x08, 0x63, 0x08, 0x63, 0x08,
  0xa4, 0x10, 0x63, 0x08, 0x63, 0x08, 0x47, 0x19, 0x63, 0x08, 0x63, 0x08, 0x63, 0x08, 0x63, 0x08, 0x63, 0x08, 0x63, 0x08, 0x63, 0x08, 0x63, 0x08, 0x63, 0x08, 0x63, 0x08, 0x47, 0x19, 0x63, 0x08,
  0x63, 0x08, 0x63, 0x08, 0x63, 0x08, 0x63, 0x08, 0x63, 0x08, 0x63, 0x08, 0x63, 0x08, 0x63, 0x08, 0x63, 0x08, 0x63, 0x08, 0x63, 0x08, 0x63, 0x08, 0x63, 0x08, 0x63, 0x08, 0x48, 0x19, 0x63, 0x08,
  0xa4, 0x10, 0x63, 0x08, 0x63, 0x08, 0x63, 0x08, 0x63, 0x08, 0x63, 0x08, 0x63, 0x08, 0x63, 0x08, 0x63, 0x08, 0x63, 0x08, 0x63, 0x08, 0x63, 0x08, 0x63, 0x08, 0x63, 0x08, 0x63, 0x08, 0x63, 0x08,
  0x63, 0x08, 0x63, 0x08, 0x63, 0x08, 0x63, 0x08, 0x63, 0x08, 0x63, 0x08, 0x63, 0x08, 0x63, 0x08, 0x63, 0x08, 0x63, 0x08, 0x63, 0x08, 0x63, 0x08, 0x63, 0x08, 0x63, 0x08, 0x63, 0x08, 0x63, 0x08,
  0xa4, 0x10, 0x63, 0x08, 0x63, 0x08, 0x63, 0x08, 0x63, 0x08, 0x63, 0x08, 0x63, 0x08, 0x63, 0x08, 0x63, 0x08, 0x63, 0x08, 0x63, 0x08, 0x63, 0x08, 0x63, 0x08, 0x63, 0x08, 0x63, 0x08, 0x63, 0x08,
  0x63, 0x08, 0x63, 0x08, 0x63, 0x08, 0x63, 0x08, 0x63, 0x08, 0x63, 0x08, 0x63, 0x08, 0x63, 0x08, 0x63, 0x08, 0x63, 0x08, 0x63, 0x08, 0x63, 0x08, 0x63, 0x08, 0x63, 0x08, 0x63, 0x08, 0x63, 0x08,
  0xa4, 0x10, 0x63, 0x08, 0x63, 0x08, 0x63, 0x08, 0x63, 0x08, 0x63, 0x08, 0x63, 0x08, 0x63, 0x08, 0x63, 0x08, 0x63, 0x08, 0x63, 0x08, 0x63, 0x08, 0x63, 0x08, 0x63, 0x08, 0x48, 0x19, 0x63, 0x08,
  0x63, 0x08, 0x63, 0x08, 0x63, 0x08, 0x63, 0x08, 0x63, 0x08, 0x63, 0x08, 0x63, 0x08, 0x63, 0x08, 0x63, 0x08, 0x63, 0x08, 0x63, 0x08, 0x63, 0x08, 0x47, 0x19, 0x63, 0x08, 0x63, 0x08, 0x63, 0x08,
  0xa4, 0x10, 0x63, 0x08, 0x63, 0x08, 0x63, 0x08, 0x63, 0x08, 0x63, 0x08, 0x63, 0x08, 0x63, 0x08, 0x63, 0x08, 0x63, 0x08, 0x47, 0x19, 0x63, 0x08, 0x63, 0x08, 0x63, 0x08, 0x63, 0x08, 0x63, 0x08,
  0x63, 0x08, 0x63, 0x08, 0x63, 0x08, 0x63, 0x08, 0x63, 0x08, 0x63, 0x08, 0x27, 0x19, 0x63, 0x08, 0x63, 0x08, 0x63, 0x08, 0x63, 0x08, 0x63, 0x08, 0x63, 0x08, 0x63, 0x08, 0x63, 0x08, 0x63, 0x08,
  0xa4, 0x10, 0x63, 0x08, 0x63, 0x08, 0x63, 0x08, 0x63, 0x08, 0x63, 0x08, 0x27, 0x19, 0x63, 0x08, 0x63, 0x08, 0x63, 0x08, 0x63, 0x08, 0x63, 0x08, 0x63, 0x08, 0x63, 0x08, 0x63, 0x08, 0x63, 0x08,
  0x63, 0x08, 0x63, 0x08, 0x63, 0x08, 0x63, 0x08, 0x63, 0x08, 0x63, 0x08, 0x26, 0x19, 0x26, 0x19, 0x63, 0x08, 0x63, 0x08, 0x63, 0x08, 0x63, 0x08, 0x63, 0x08, 0x63, 0x08, 0x63, 0x08, 0x63, 0x08,
  0xa4, 0x10, 0x63, 0x08, 0x63, 0x08, 0x63, 0x08, 0x63, 0x08, 0x63, 0x08, 0x63, 0x08, 0x63, 0x08, 0x63, 0x08, 0x63, 0x08, 0x63, 0x08, 0x63, 0x08, 0x63, 0x08, 0x63, 0x08, 0x63, 0x08, 0x63, 0x08,
  0x63, 0x08, 0x63, 0x08, 0x63, 0x08, 0x63, 0x08, 0x63, 0x08, 0x63, 0x08, 0x63, 0x08, 0x63, 0x08, 0x06, 0x19, 0x63, 0x08, 0x63, 0x08, 0x63, 0x08, 0x63, 0x08, 0x63, 0x08, 0x63, 0x08, 0x63, 0x08,
  0x26, 0x19, 0x63, 0x08, 0x63, 0x08, 0x63, 0x08, 0x63, 0x08, 0x63, 0x08, 0x63, 0x08, 0x63, 0x08, 0x63, 0x08, 0x63, 0x08, 0x63, 0x08, 0x63, 0x08, 0x63, 0x08, 0x63, 0x08, 0x63, 0x08, 0x63, 0x08,
  0x63, 0x08, 0x06, 0x19, 0x63, 0x08, 0x63, 0x08, 0x63, 0x08, 0x63, 0x08, 0x63, 0x08, 0x26, 0x19, 0x63, 0x08, 0x63, 0x08, 0x63, 0x08, 0x63, 0x08, 0x63, 0x08, 0x63, 0x08, 0x63, 0x08, 0x63, 0x08,
  0xa4, 0x10, 0x63, 0x08, 0x63, 0x08, 0x63, 0x08, 0x63, 0x08, 0x63, 0x08, 0x63, 0x08, 0x63, 0x08, 0x63, 0x08, 0x63, 0x08, 0x63, 0x08, 0x26, 0x19, 0x63, 0x08, 0x63, 0x08, 0x63, 0x08, 0x63, 0x08,
  0x63, 0x08, 0x63, 0x08, 0x63, 0x08, 0x63, 0x08, 0x63, 0x08, 0x63, 0x08, 0x63, 0x08, 0x63, 0x08, 0x63, 0x08, 0x63, 0x08, 0x63, 0x08, 0x63, 0x08, 0x63, 0x08, 0x63, 0x08, 0x63, 0x08, 0x63, 0x08,
  0xa4, 0x10, 0x63, 0x08, 0x63, 0x08, 0x27, 0x19, 0x63, 0x08, 0x63, 0x08, 0x63, 0x08, 0x63, 0x08, 0x63, 0x08, 0x63, 0x08, 0x63, 0x08, 0x63, 0x08, 0x63, 0x08, 0x63, 0x08, 0x63, 0x08, 0x63, 0x08,
  0x63, 0x08, 0x63, 0x08, 0x63, 0x08, 0x63, 0x08, 0x63, 0x08, 0x63, 0x08, 0x63, 0x08, 0x63, 0x08, 0x63, 0x08, 0x63, 0x08, 0x63, 0x08, 0x63, 0x08, 0x63, 0x08, 0x63, 0x08, 0x63, 0x08, 0x63, 0x08,
  0xa4, 0x10, 0x63, 0x08, 0x63, 0x08, 0x47, 0x19, 0x63, 0x08, 0x63, 0x08, 0x63, 0x08, 0x63, 0x08, 0x63, 0x08, 0x63, 0x08, 0x63, 0x08, 0x63, 0x08, 0x63, 0x08, 0x63, 0x08, 0x47, 0x19, 0x63, 0x08,
  0x63, 0x08, 0x63, 0x08, 0x63, 0x08, 0x63, 0x08, 0x63, 0x08, 0x63, 0x08, 0x63, 0x08, 0x63, 0x08, 0x63, 0x08, 0x63, 0x08, 0x63, 0x08, 0x63, 0x08, 0x63, 0x08, 0x63, 0x08, 0x48, 0x19, 0x63, 0x08,
  0xa4, 0x10, 0x63, 0x08, 0x63, 0x08, 0x63, 0x08, 0x63, 0x08, 0x63, 0x08, 0x63, 0x08, 0x63, 0x08, 0x63, 0x08, 0x63, 0x08, 0x63, 0x08, 0x63, 0x08, 0x63, 0x08, 0x63, 0x08, 0x63, 0x08, 0x63, 0x08,
  0x63, 0x08, 0x63, 0x08, 0x63, 0x08, 0x63, 0x08, 0x63, 0x08, 0x63, 0x08, 0x63, 0x08, 0x63, 0x08, 0x63, 0x08, 0x63, 0x08, 0x63, 0x08, 0x63, 0x08, 0x63, 0x08, 0x63, 0x08, 0x63, 0x08, 0x63, 0x08,
  0xa4, 0x10, 0x63, 0x08, 0x63, 0x08, 0x63, 0x08, 0x63, 0x08, 0x63, 0x08, 0x63, 0x08, 0x63, 0x08, 0x63, 0x08, 0x63, 0x08, 0x63, 0x08, 0x63, 0x08, 0x63, 0x08, 0x63, 0x08, 0x63, 0x08, 0x63, 0x08,
  0x63, 0x08, 0x63, 0x08, 0x63, 0x08, 0x63, 0x08, 0x63, 0x08, 0x63, 0x08, 0x63, 0x08, 0x63, 0x08, 0x63, 0x08, 0x63, 0x08, 0x63, 0x08, 0x63, 0x08, 0x63, 0x08, 0x63, 0x08, 0x63, 0x08, 0x63, 0x08,
  0xa4, 0x10, 0x63, 0x08, 0x63, 0x08, 0x63, 0x08, 0x63, 0x08, 0x63, 0x08, 0x63, 0x08, 0x63, 0x08, 0x63, 0x08, 0x63, 0x08, 0x63, 0x08, 0x63, 0x08, 0x63, 0x08, 0x48, 0x19, 0x63, 0x08, 0x63, 0x08,
  0x63, 0x08, 0x63, 0x08, 0x63, 0x08, 0x63, 0x08, 0x63, 0x08, 0x63, 0x08, 0x63, 0x08, 0x63, 0x08, 0x63, 0x08, 0x63, 0x08, 0x63, 0x08, 0x47, 0x19, 0x63, 0x08, 0x63, 0x08, 0x63, 0x08, 0x63, 0x08,
  0xa4, 0x10, 0x63, 0x08, 0x63, 0x08, 0x63, 0x08, 0x63, 0x08, 0x63, 0x08, 0x63, 0x08, 0x63, 0x08, 0x63, 0x08, 0x47, 0x19, 0x63, 0x08, 0x63, 0x08, 0x63, 0x08, 0x63, 0x08, 0x63, 0x08, 0x63, 0x08,
  0x63, 0x08, 0x63, 0x08, 0x63, 0x08, 0x63, 0x08, 0x63, 0x08, 0x27, 0x19, 0x63, 0x08, 0x63, 0x08, 0x63, 0x08, 0x63, 0x08, 0x63, 0x08, 0x63, 0x08, 0x63, 0x08, 0x63, 0x08, 0x63, 0x08, 0x63, 0x08,
  0xa4, 0x10, 0x63, 0x08, 0x63, 0x08, 0x63, 0x08, 0x63, 0x08, 0x27, 0x19, 0x63, 0x08, 0x63, 0x08, 0x63, 0x08, 0x63, 0x08, 0x63, 0x08, 0x63, 0x08, 0x63, 0x08, 0x63, 0x08, 0x63, 0x08, 0x63, 0x08,
  0x63, 0x08, 0x63, 0x08, 0x63, 0x08, 0x63, 0x08, 0x63, 0x08, 0x26, 0x19, 0x26, 0x19, 0x63, 0x08, 0x63, 0x08, 0x63, 0x08, 0x63, 0x08, 0x63, 0x08, 0x63, 0x08, 0x63, 0x08, 0x63, 0x08, 0x63, 0x08,
  0xa4, 0x10, 0x63, 0x08, 0x63, 0x08, 0x63, 0x08, 0x63, 0x08, 0x63, 0x08, 0x63, 0x08, 0x63, 0x08, 0x63, 0x08, 0x63, 0x08, 0x63, 0x08, 0x63, 0x08, 0x63, 0x08, 0x63, 0x08, 0x63, 0x08, 0x63, 0x08,
  0x63, 0x08, 0x63, 0x08, 0x63, 0x08, 0x63, 0x08, 0x63, 0x08, 0x63, 0x08, 0x63, 0x08, 0x63, 0x08, 0x06, 0x19, 0x63, 0x08, 0x63, 0x08, 0x63, 0x08, 0x63, 0x08, 0x63, 0x08, 0x63, 0x08, 0x63, 0x08,
  0x26, 0x19, 0x63, 0x08, 0x63, 0x08, 0x63, 0x08, 0x63, 0x08, 0x63, 0x08, 0x63, 0x08, 0x63, 0x08, 0x63, 0x08, 0x63, 0x08, 0x63, 0x08, 0x63, 0x08, 0x63, 0x08, 0x63, 0x08, 0x63, 0x08, 0x63, 0x08,
  0x63, 0x08, 0x06, 0x19, 0x63, 0x08, 0x63, 0x08, 0x63, 0x08, 0x63, 0x08, 0x63, 0x08, 0x26, 0x19, 0x63, 0x08, 0x63, 0x08, 0x63, 0x08, 0x63, 0x08, 0x63, 0x08, 0x63, 0x08, 0x63, 0x08, 0x63, 0x08,
  0xa4, 0x10, 0x63, 0x08, 0x63, 0x08, 0x63, 0x08, 0x63, 0x08, 0x63, 0x08, 0x63, 0x08, 0x63, 0x08, 0x63, 0x08, 0x63, 0x08, 0x63, 0x08, 0x26, 0x19, 0x63, 0x08, 0x63, 0x08, 0x63, 0x08, 0x63, 0x08,
  0x63, 0x08, 0x63, 0x08, 0x63, 0x08, 0x63, 0x08, 0x63, 0x08, 0x63, 0x08, 0x63, 0x08, 0x63, 0x08, 0x63, 0x08, 0x63, 0x08, 0x63, 0x08, 0x63, 0x08, 0x63, 0x08, 0x63, 0x08, 0x63, 0x08, 0x63, 0x08,
  0xa4, 0x10, 0x63, 0x08, 0x63, 0x08, 0x27, 0x19, 0x63, 0x08, 0x63, 0x08, 0x63, 0x08, 0x63, 0x08, 0x63, 0x08, 0x63, 0x08, 0x63, 0x08, 0x63, 0x08, 0x63, 0x08, 0x63, 0x08, 0x63, 0x08, 0x63, 0x08,
  0x63, 0x08, 0x63, 0x08, 0x63, 0x08, 0x63, 0x08, 0x63, 0x08, 0x63, 0x08, 0x63, 0x08, 0x63, 0x08, 0x63, 0x08, 0x63, 0x08, 0x63, 0x08, 0x63, 0x08, 0x63, 0x08, 0x63, 0x08, 0x63, 0x08, 0x63, 0x08,
  0xa4, 0x10, 0x63, 0x08, 0x63, 0x08, 0x47, 0x19, 0x63, 0x08, 0x63, 0x08, 0x63, 0x08, 0x63, 0x08, 0x63, 0x08, 0x63, 0x08, 0x63, 0x08, 0x63, 0x08, 0x63, 0x08, 0x63, 0x08, 0x47, 0x19, 0x63, 0x08,
  0x63, 0x08, 0x63, 0x08, 0x63, 0x08, 0x63, 0x08, 0x63, 0x08, 0x63, 0x08, 0x63, 0x08, 0x63, 0x08, 0x63, 0x08, 0x63, 0x08, 0x63, 0x08, 0x63, 0x08, 0x63, 0x08, 0x63, 0x08, 0x48, 0x19, 0x63, 0x08,
  0xa4, 0x10, 0x63, 0x08, 0x63, 0x08, 0x63, 0x08, 0x63, 0x08, 0x63, 0x08, 0x63, 0x08, 0x63, 0x08, 0x63, 0x08, 0x63, 0x08, 0x63, 0x08, 0x63, 0x08, 0x63, 0x08, 0x63, 0x08, 0x63, 0x08, 0x63, 0x08,
  0x63, 0x08, 0x63, 0x08, 0x63, 0x08, 0x63, 0x08, 0x63, 0x08, 0x63, 0x08, 0x63, 0x08, 0x63, 0x08, 0x63, 0x08, 0x63, 0x08, 0x63, 0x08, 0x63, 0x08, 0x63, 0x08, 0x63, 0x08, 0x63, 0x08, 0x63, 0x08,
  0xa4, 0x10, 0x63, 0x08, 0x63, 0x08, 0x63, 0x08, 0x63, 0x08, 0x63, 0x08, 0x63, 0x08, 0x63, 0x08, 0x63, 0x08, 0x63, 0x08, 0x63, 0x08, 0x63, 0x08, 0x63, 0x08, 0x63, 0x08, 0x63, 0x08, 0x63, 0x08,
  0x63, 0x08, 0x63, 0x08, 0x63, 0x08, 0x63, 0x08, 0x63, 0x08, 0x63, 0x08, 0x63, 0x08, 0x63, 0x08, 0x63, 0x08, 0x63, 0x08, 0x63, 0x08, 0x63, 0x08, 0x63, 0x08, 0x63, 0x08, 0x63, 0x08, 0x63, 0x08,
  0xa4, 0x10, 0x63, 0x08, 0x63, 0x08, 0x63, 0x08, 0x63, 0x08, 0x63, 0x08, 0x63, 0x08, 0x63, 0x08, 0x63, 0x08, 0x63, 0x08, 0x63, 0x08, 0x63, 0x08, 0x48, 0x19, 0x63, 0x08, 0x63, 0x08, 0x63, 0x08,
  0x63, 0x08, 0x63, 0x08, 0x63, 0x08, 0x63, 0x08, 0x63, 0x08, 0x63, 0x08, 0x63, 0x08, 0x63, 0x08, 0x63, 0x08, 0x63, 0x08, 0x47, 0x19, 0x63, 0x08, 0x63, 0x08, 0x63, 0x08, 0x63, 0x08, 0x63, 0x08,
  0xa4, 0x10, 0x63, 0x08, 0x63, 0x08, 0x63, 0x08, 0x63, 0x08, 0x63, 0x08, 0x63, 0x08, 0x63, 0x08, 0x47, 0x19, 0x63, 0x08, 0x63, 0x08, 0x63, 0x08, 0x63, 0x08, 0x63, 0x08, 0x63, 0x08, 0x63, 0x08,
  0x63, 0x08, 0x63, 0x08, 0x63, 0x08, 0x63, 0x08, 0x27, 0x19, 0x63, 0x08, 0x63, 0x08, 0x63, 0x08, 0x63, 0x08, 0x63, 0x08, 0x63, 0x08, 0x63, 0x08, 0x63, 0x08, 0x63, 0x08, 0x63, 0x08, 0x63, 0x08,
  0xa4, 0x10, 0x63, 0x08, 0x63, 0x08, 0x63, 0x08, 0x27, 0x19, 0x63, 0x08, 0x63, 0x08, 0x63, 0x08, 0x63, 0x08, 0x63, 0x08, 0x63, 0x08, 0x63, 0x08, 0x63, 0x08, 0x63, 0x08, 0x63, 0x08, 0x63, 0x08,
  0x63, 0x08, 0x63, 0x08, 0x63, 0x08, 0x63, 0x08, 0x26, 0x19, 0x26, 0x19, 0x63, 0x08, 0x63, 0x08, 0x63, 0x08, 0x63, 0x08, 0x63, 0x08, 0x63, 0x08, 0x63, 0x08, 0x63, 0x08, 0x63, 0x08, 0x63, 0x08,
  0xa4, 0x10, 0x63, 0x08, 0x63, 0x08, 0x63, 0x08, 0x63, 0x08, 0x63, 0x08, 0x63, 0x08, 0x63, 0x08, 0x63, 0x08, 0x63, 0x08, 0x63, 0x08, 0x63, 0x08, 0x63, 0x08, 0x63, 0x08, 0x63, 0x08, 0x63, 0x08,
  0x63, 0x08, 0x63, 0x08, 0x63, 0x08, 0x63, 0x08, 0x63, 0x08, 0x63, 0x08, 0x63, 0x08, 0x63, 0x08, 0x06, 0x19, 0x63, 0x08, 0x63, 0x08, 0x63, 0x08, 0x63, 0x08, 0x63, 0x08, 0x63, 0x08, 0x63, 0x08,
  0x26, 0x19, 0x63, 0x08, 0x63, 0x08, 0x63, 0x08, 0x63, 0x08, 0x63, 0x08, 0x63, 0x08, 0x63, 0x08, 0x63, 0x08, 0x63, 0x08, 0x63, 0x08, 0x63, 0x08, 0x63, 0x08, 0x63, 0x08, 0x63, 0x08, 0x63, 0x08,
  0x63, 0x08, 0x06, 0x19, 0x63, 0x08, 0x63, 0x08, 0x63, 0x08, 0x63, 0x08, 0x63, 0x08, 0x26, 0x19, 0x63, 0x08, 0x63, 0x08, 0x63, 0x08, 0x63, 0x08, 0x63, 0x08, 0x63, 0x08, 0x63, 0x08, 0x63, 0x08,
  0xa4, 0x10, 0x63, 0x08, 0x63, 0x08, 0x63, 0x08, 0x63, 0x08, 0x63, 0x08, 0x63, 0x08, 0x63, 0x08, 0x63, 0x08, 0x63, 0x08, 0x63, 0x08, 0x26, 0x19, 0x63, 0x08, 0x63, 0x08, 0x63, 0x08, 0x63, 0x08,
  0x63, 0x08, 0x63, 0x08, 0x63, 0x08, 0x63, 0x08, 0x63, 0x08, 0x63, 0x08, 0x63, 0x08, 0x63, 0x08, 0x63, 0x08, 0x63, 0x08, 0x63, 0x08, 0x63, 0x08, 0x63, 0x08, 0x63, 0x08, 0x63, 0x08, 0x63, 0x08,
  0xa4, 0x10, 0x63, 0x08, 0x63, 0x08, 0x27, 0x19, 0x63, 0x08, 0x63, 0x08, 0x63, 0x08, 0x63, 0x08, 0x63, 0x08, 0x63, 0x08, 0x63, 0x08, 0x63, 0x08, 0x63, 0x08, 0x63, 0x08, 0x63, 0x08, 0x63, 0x08,
  0x63, 0x08, 0x63, 0x08, 0x63, 0x08, 0x63, 0x08, 0x63, 0x08, 0x63, 0x08, 0x63, 0x08, 0x63, 0x08, 0x63, 0x08, 0x63, 0x08, 0x63, 0x08, 0x63, 0x08, 0x63, 0x08, 0x63, 0x08, 0x63, 0x08, 0x63, 0x08,
  0xa4, 0x10, 0x63, 0x08, 0x63, 0x08, 0x47, 0x19, 0x63, 0x08, 0x63, 0x08, 0x63, 0x08, 0x63, 0x08, 0x63, 0x08, 0x63, 0x08, 0x63, 0x08, 0x63, 0x08, 0x63, 0x08, 0x63, 0x08, 0x47, 0x19, 0x63, 0x08,
  0x63, 0x08, 0x63, 0x08, 0x63, 0x08, 0x63, 0x08, 0x63, 0x08, 0x63, 0x08, 0x63, 0x08, 0x63, 0x08, 0x63, 0x08, 0x63, 0x08, 0x63, 0x08, 0x63, 0x08, 0x47, 0x19, 0x47, 0x19, 0x48, 0x19, 0x47, 0x19,
  0x68, 0x19, 0x63, 0x08, 0x63, 0x08, 0x63, 0x08, 0x63, 0x08, 0x63, 0x08, 0x63, 0x08, 0x63, 0x08, 0x63, 0x08, 0x63, 0x08, 0x63, 0x08, 0x63, 0x08, 0x63, 0x08, 0x63, 0x08, 0x63, 0x08, 0x63, 0x08,
  0x63, 0x08, 0x63, 0x08, 0x63, 0x08, 0x63, 0x08, 0x63, 0x08, 0x63, 0x08, 0x63, 0x08, 0x63, 0x08, 0x63, 0x08, 0x63, 0x08, 0x63, 0x08, 0x63, 0x08, 0x63, 0x08, 0x63, 0x08, 0x63, 0x08, 0x63, 0x08,
  0xa4, 0x10, 0x63, 0x08, 0x63, 0x08, 0x63, 0x08, 0x63, 0x08, 0x63, 0x08, 0x63, 0x08, 0x63, 0x08, 0x63, 0x08, 0x63, 0x08, 0x63, 0x08, 0x63, 0x08, 0x63, 0x08, 0x63, 0x08, 0x63, 0x08, 0x63, 0x08,
  0x63, 0x08, 0x63, 0x08, 0x63, 0x08, 0x63, 0x08, 0x63, 0x08, 0x63, 0x08, 0x63, 0x08, 0x63, 0x08, 0x63, 0x08, 0x63, 0x08, 0x63, 0x08, 0x63, 0x08, 0x63, 0x08, 0x63, 0x08, 0x63, 0x08, 0x63, 0x08,
  0xa4, 0x10, 0x63, 0x08, 0x63, 0x08, 0x63, 0x08, 0x63, 0x08, 0x63, 0x08, 0x63, 0x08, 0x63, 0x08, 0x63, 0x08, 0x63, 0x08, 0x63, 0x08, 0x48, 0x19, 0x63, 0x08, 0x63, 0x08, 0x63, 0x08, 0x63, 0x08,
  0x63, 0x08, 0x63, 0x08, 0x63, 0x08, 0x63, 0x08, 0x63, 0x08, 0x63, 0x08, 0x63, 0x08, 0x63, 0x08, 0x63, 0x08, 0x47, 0x19, 0x63, 0x08, 0x63, 0x08, 0x63, 0x08, 0x63, 0x08, 0x63, 0x08, 0x63, 0x08,
  0xa4, 0x10, 0x63, 0x08, 0x63, 0x08, 0x63, 0x08, 0x63, 0x08, 0x63, 0x08, 0x63, 0x08, 0x47, 0x19, 0x63, 0x08, 0x63, 0x08, 0x63, 0x08, 0x63, 0x08, 0x63, 0x08, 0x63, 0x08, 0x63, 0x08, 0x63, 0x08,
  0x63, 0x08, 0x63, 0x08, 0x63, 0x08, 0x63, 0x08, 0x27, 0x19, 0x63, 0x08, 0x63, 0x08, 0x63, 0x08, 0x63, 0x08, 0x63, 0x08, 0x63, 0x08, 0x63, 0x08, 0x63, 0x08, 0x63, 0x08, 0x63, 0x08, 0x63, 0x08,
  0xa4, 0x10, 0x63, 0x08, 0x63, 0x08, 0x27, 0x19, 0x63, 0x08, 0x63, 0x08, 0x63, 0x08, 0x63, 0x08, 0x63, 0x08, 0x63, 0x08, 0x63, 0x08, 0x63, 0x08, 0x63, 0x08, 0x63, 0x08, 0x63, 0x08, 0x63, 0x08,
  0x63, 0x08, 0x63, 0x08, 0x63, 0x08, 0x26, 0x19, 0x26, 0x19, 0x63, 0x08, 0x63, 0x08, 0x63, 0x08, 0x63, 0x08, 0x63, 0x08, 0x63, 0x08, 0x63, 0x08, 0x63, 0x08, 0x63, 0x08, 0x63, 0x08, 0x63, 0x08,
  0xa4, 0x10, 0x63, 0x08, 0x63, 0x08, 0x63, 0x08, 0x63, 0x08, 0x63, 0x08, 0x63, 0x08, 0x63, 0x08, 0x63, 0x08, 0x63, 0x08, 0x63, 0x08, 0x63, 0x08, 0x63, 0x08, 0x63, 0x08, 0x63, 0x08, 0x63, 0x08,
  0x63, 0x08, 0x63, 0x08, 0x63, 0x08, 0x63, 0x08, 0x63, 0x08, 0x63, 0x08, 0x63, 0x08, 0x63, 0x08, 0x06, 0x19, 0x63, 0x08, 0x63, 0x08, 0x63, 0x08, 0x63, 0x08, 0x63, 0x08, 0x63, 0x08, 0x63, 0x08,
  0x26, 0x19, 0x63, 0x08, 0x63, 0x08, 0x63, 0x08, 0x63, 0x08, 0x63, 0x08, 0x63, 0x08, 0x63, 0x08, 0x63, 0x08, 0x63, 0x08, 0x63, 0x08, 0x63, 0x08, 0x63, 0x08, 0x63, 0x08, 0x63, 0x08, 0x63, 0x08,
  0x63, 0x08, 0x06, 0x19, 0x63, 0x08, 0x63, 0x08, 0x63, 0x08, 0x63, 0x08, 0x63, 0x08, 0x63, 0x08, 0x26, 0x19, 0x63, 0x08, 0x63, 0x08, 0x63, 0x08, 0x63, 0x08, 0x63, 0x08, 0x63, 0x08, 0x63, 0x08,
  0xa4, 0x10, 0x63, 0x08, 0x63, 0x08, 0x63, 0x08, 0x63, 0x08, 0x63, 0x08, 0x63, 0x08, 0x63, 0x08, 0x63, 0x08, 0x63, 0x08, 0x63, 0x08, 0x26, 0x19, 0x63, 0x08, 0x63, 0x08, 0x63, 0x08, 0x63, 0x08,
  0x63, 0x08, 0x63, 0x08, 0x63, 0x08, 0x63, 0x08, 0x63, 0x08, 0x63, 0x08, 0x63, 0x08, 0x63, 0x08, 0x63, 0x08, 0x63, 0x08, 0x63, 0x08, 0x63, 0x08, 0x63, 0x08, 0x63, 0x08, 0x63, 0x08, 0x63, 0x08,
  0xa4, 0x10, 0x63, 0x08, 0x63, 0x08, 0x27, 0x19, 0x63, 0x08, 0x63, 0x08, 0x63, 0x08, 0x63, 0x08, 0x63, 0x08, 0x63, 0x08, 0x63, 0x08, 0x63, 0x08, 0x63, 0x08, 0x63, 0x08, 0x63, 0x08, 0x63, 0x08,
  0x63, 0x08, 0x63, 0x08, 0x63, 0x08, 0x63, 0x08, 0x63, 0x08, 0x63, 0x08, 0x63, 0x08, 0x63, 0x08, 0x63, 0x08, 0x63, 0x08, 0x63, 0x08, 0x63, 0x08, 0x63, 0x08, 0x63, 0x08, 0x63, 0x08, 0x63, 0x08,
  0xa4, 0x10, 0x63, 0x08, 0x63, 0x08, 0x47, 0x19, 0x63, 0x08, 0x63, 0x08, 0x63, 0x08, 0x63, 0x08, 0x63, 0x08, 0x63, 0x08, 0x63, 0x08, 0x63, 0x08, 0x63, 0x08, 0x63, 0x08, 0x47, 0x19, 0x63, 0x08,
  0x63, 0x08, 0x63, 0x08, 0x63, 0x08, 0x63, 0x08, 0x63, 0x08, 0x63, 0x08, 0x63, 0x08, 0x63, 0x08, 0x63, 0x08, 0x63, 0x08, 0x63, 0x08, 0x63, 0x08, 0x47, 0x19, 0x47, 0x19, 0x48, 0x19, 0x47, 0x19,
  0x68, 0x19, 0x63, 0x08, 0x63, 0x08, 0x63, 0x08, 0x63, 0x08, 0x63, 0x08, 0x63, 0x08, 0x63, 0x08, 0x63, 0x08, 0x63, 0x08, 0x63, 0x08, 0x63, 0x08, 0x63, 0x08, 0x63, 0x08, 0x63, 0x08, 0x63, 0x08,
  0x63, 0x08, 0x63, 0x08, 0x63, 0x08, 0x63, 0x08, 0x63, 0x08, 0x63, 0x08, 0x63, 0x08, 0x63, 0x08, 0x63, 0x08, 0x63, 0x08, 0x63, 0x08, 0x63, 0x08, 0x63, 0x08, 0x63, 0x08, 0x63, 0x08, 0x63, 0x08,
  0xa4, 0x10, 0x63, 0x08, 0x63, 0x08, 0x63, 0x08, 0x63, 0x08, 0x63, 0x08, 0x63, 0x08, 0x63, 0x08, 0x63, 0x08, 0x63, 0x08, 0x63, 0x08, 0x63, 0x08, 0x63, 0x08, 0x63, 0x08, 0x63, 0x08, 0x63, 0x08,
  0x63, 0x08, 0x63, 0x08, 0x63, 0x08, 0x63, 0x08, 0x63, 0x08, 0x63, 0x08, 0x63, 0x08, 0x63, 0x08, 0x63, 0x08, 0x63, 0x08, 0x63, 0x08, 0x63, 0x08, 0x63, 0x08, 0x63, 0x08, 0x63, 0x08, 0x63, 0x08,
  0xa4, 0x10, 0x63, 0x08, 0x63, 0x08, 0x63, 0x08, 0x63, 0x08, 0x63, 0x08, 0x63, 0x08, 0x63, 0x08, 0x63, 0x08, 0x63, 0x08, 0x48, 0x19, 0x63, 0x08, 0x63, 0x08, 0x63, 0x08, 0x63, 0x08, 0x63, 0x08,
  0x63, 0x08, 0x63, 0x08, 0x63, 0x08, 0x63, 0x08, 0x63, 0x08, 0x63, 0x08, 0x63, 0x08, 0x63, 0x08, 0x47, 0x19, 0x63, 0x08, 0x63, 0x08, 0x63, 0x08, 0x63, 0x08, 0x63, 0x08, 0x63, 0x08, 0x63, 0x08,
  0xa4, 0x10, 0x63, 0x08, 0x63, 0x08, 0x63, 0x08, 0x63, 0x08, 0x63, 0x08, 0x47, 0x19, 0x63, 0x08, 0x63, 0x08, 0x63, 0x08, 0x63, 0x08, 0x63, 0x08, 0x63, 0x08, 0x63, 0x08, 0x63, 0x08, 0x63, 0x08,
  0x63, 0x08, 0x63, 0x08, 0x63, 0x08, 0x63, 0x08, 0x27, 0x19, 0x63, 0x08, 0x63, 0x08, 0x63, 0x08, 0x63, 0x08, 0x63, 0x08, 0x63, 0x08, 0x63, 0x08, 0x63, 0x08, 0x63, 0x08, 0x63, 0x08, 0x63, 0x08,
  0xa4, 0x10, 0x63, 0x08, 0x63, 0x08, 0x27, 0x19, 0x63, 0x08, 0x63, 0x08, 0x63, 0x08, 0x63, 0x08, 0x63, 0x08, 0x63, 0x08, 0x63, 0x08, 0x63, 0x08, 0x63, 0x08, 0x63, 0x08, 0x63, 0x08, 0x63, 0x08,
  0x63, 0x08, 0x63, 0x08, 0x26, 0x19, 0x26, 0x19, 0x63, 0x08, 0x63, 0x08, 0x63, 0x08, 0x63, 0x08, 0x63, 0x08, 0x63, 0x08, 0x63, 0x08, 0x63, 0x08, 0x63, 0x08, 0x63, 0x08, 0x63, 0x08, 0x63, 0x08,
  0xa4, 0x10, 0x63, 0x08, 0x63, 0x08, 0x63, 0x08, 0x63, 0x08, 0x06, 0x19, 0x06, 0x19, 0x06, 0x19, 0x63, 0x08, 0x63, 0x08, 0x63, 0x08, 0x63, 0x08, 0x63, 0x08, 0x63, 0x08, 0x63, 0x08, 0x63, 0x08,
  0x63, 0x08, 0x63, 0x08, 0x63, 0x08, 0x63, 0x08, 0x63, 0x08, 0x63, 0x08, 0x63, 0x08, 0x63, 0x08, 0x06, 0x19, 0x63, 0x08, 0x63, 0x08, 0x63, 0x08, 0x63, 0x08, 0x63, 0x08, 0x63, 0x08, 0x63, 0x08,
  0x26, 0x19, 0x63, 0x08, 0x63, 0x08, 0x63, 0x08, 0x63, 0x08, 0x63, 0x08, 0x63, 0x08, 0x63, 0x08, 0x63, 0x08, 0x63, 0x08, 0x63, 0x08, 0x63, 0x08, 0x63, 0x08, 0x63, 0x08, 0x63, 0x08, 0x63, 0x08,
  0x63, 0x08, 0x06, 0x19, 0x63, 0x08, 0x63, 0x08, 0x63, 0x08, 0x63, 0x08, 0x63, 0x08, 0x63, 0x08, 0x63, 0x08, 0x26, 0x19, 0x63, 0x08, 0x63, 0x08, 0x63, 0x08, 0x63, 0x08, 0x63, 0x08, 0x63, 0x08,
  0xa4, 0x10, 0x63, 0x08, 0x63, 0x08, 0x63, 0x08, 0x63, 0x08, 0x63, 0x08, 0x63, 0x08, 0x63, 0x08, 0x63, 0x08, 0x63, 0x08, 0x63, 0x08, 0x26, 0x19, 0x63, 0x08, 0x63, 0x08, 0x63, 0x08, 0x63, 0x08,
  0x63, 0x08, 0x63, 0x08, 0x63, 0x08, 0x63, 0x08, 0x63, 0x08, 0x63, 0x08, 0x63, 0x08, 0x63, 0x08, 0x63, 0x08, 0x63, 0x08, 0x63, 0x08, 0x63, 0x08, 0x63, 0x08, 0x63, 0x08, 0x63, 0x08, 0x63, 0x08,
  0xa4, 0x10, 0x63, 0x08, 0x63, 0x08, 0x27, 0x19, 0x63, 0x08, 0x63, 0x08, 0x63, 0x08, 0x63, 0x08, 0x63, 0x08, 0x63, 0x08, 0x63, 0x08, 0x63, 0x08, 0x63, 0x08, 0x63, 0x08, 0x63, 0x08, 0x63, 0x08,
  0x63, 0x08, 0x63, 0x08, 0x63, 0x08, 0x63, 0x08, 0x63, 0x08, 0x63, 0x08, 0x63, 0x08, 0x63, 0x08, 0x63, 0x08, 0x63, 0x08, 0x63, 0x08, 0x63, 0x08, 0x63, 0x08, 0x63, 0x08, 0x63, 0x08, 0x63, 0x08,
  0xa4, 0x10, 0x63, 0x08, 0x63, 0x08, 0x47, 0x19, 0x63, 0x08, 0x63, 0x08, 0x63, 0x08, 0x63, 0x08, 0x63, 0x08, 0x63, 0x08, 0x63, 0x08, 0x63, 0x08, 0x63, 0x08, 0x63, 0x08, 0x47, 0x19, 0x63, 0x08,
  0x63, 0x08, 0x63, 0x08, 0x63, 0x08, 0x63, 0x08, 0x63, 0x08, 0x63, 0x08, 0x63, 0x08, 0x63, 0x08, 0x63, 0x08, 0x63, 0x08, 0x63, 0x08, 0x63, 0x08, 0x47, 0x19, 0x47, 0x19, 0x48, 0x19, 0x47, 0x19,
  0x68, 0x19, 0x63, 0x08, 0x63, 0x08, 0x63, 0x08, 0x63, 0x08, 0x63, 0x08, 0x63, 0x08, 0x63, 0x08, 0x63, 0x08, 0x63, 0x08, 0x63, 0x08, 0x63, 0x08, 0x63, 0x08, 0x63, 0x08, 0x63, 0x08, 0x63, 0x08,
  0x63, 0x08, 0x63, 0x08, 0x63, 0x08, 0x63, 0x08, 0x63, 0x08, 0x63, 0x08, 0x63, 0x08, 0x63, 0x08, 0x63, 0x08, 0x63, 0x08, 0x63, 0x08, 0x63, 0x08, 0x63, 0x08, 0x63, 0x08, 0x63, 0x08, 0x63, 0x08,
  0xa4, 0x10, 0x63, 0x08, 0x63, 0x08, 0x63, 0x08, 0x63, 0x08, 0x63, 0x08, 0x63, 0x08, 0x63, 0x08, 0x63, 0x08, 0x63, 0x08, 0x63, 0x08, 0x63, 0x08, 0x63, 0x08, 0x63, 0x08, 0x63, 0x08, 0x63, 0x08,
  0x63, 0x08, 0x63, 0x08, 0x63, 0x08, 0x63, 0x08, 0x63, 0x08, 0x63, 0x08, 0x63, 0x08, 0x63, 0x08, 0x63, 0x08, 0x63, 0x08, 0x63, 0x08, 0x63, 0x08, 0x63, 0x08, 0x63, 0x08, 0x63, 0x08, 0x63, 0x08,
  0xa4, 0x10, 0x63, 0x08, 0x63, 0x08, 0x63, 0x08, 0x63, 0x08, 0x63, 0x08, 0x63, 0x08, 0x63, 0x08, 0x63, 0x08, 0x48, 0x19, 0x63, 0x08, 0x63, 0x08, 0x63, 0x08, 0x63, 0x08, 0x63, 0x08, 0x63, 0x08,
  0x63, 0x08, 0x63, 0x08, 0x63, 0x08, 0x63, 0x08, 0x63, 0x08, 0x63, 0x08, 0x63, 0x08, 0x47, 0x19, 0x63, 0x08, 0x63, 0x08, 0x63, 0x08, 0x63, 0x08, 0x63, 0x08, 0x63, 0x08, 0x63, 0x08, 0x63, 0x08,
  0xa4, 0x10, 0x63, 0x08, 0x63, 0x08, 0x63, 0x08, 0x63, 0x08, 0x47, 0x19, 0x63, 0x08, 0x63, 0x08, 0x63, 0x08, 0x63, 0x08, 0x63, 0x08, 0x63, 0x08, 0x63, 0x08, 0x63, 0x08, 0x63, 0x08, 0x63, 0x08,
  0x63, 0x08, 0x63, 0x08, 0x63, 0x08, 0x63, 0x08, 0x27, 0x19, 0x63, 0x08, 0x63, 0x08, 0x63, 0x08, 0x63, 0x08, 0x63, 0x08, 0x63, 0x08, 0x63, 0x08, 0x63, 0x08, 0x63, 0x08, 0x63, 0x08, 0x63, 0x08,
  0xa4, 0x10, 0x63, 0x08, 0x63, 0x08, 0x27, 0x19, 0x63, 0x08, 0x63, 0x08, 0x63, 0x08, 0x63, 0x08, 0x63, 0x08, 0x63, 0x08, 0x63, 0x08, 0x63, 0x08, 0x63, 0x08, 0x63, 0x08, 0x63, 0x08, 0x63, 0x08,
  0x63, 0x08, 0x26, 0x19, 0x26, 0x19, 0x63, 0x08, 0x63, 0x08, 0x63, 0x08, 0x63, 0x08, 0x63, 0x08, 0x63, 0x08, 0x63, 0x08, 0x63, 0x08, 0x63, 0x08, 0x63, 0x08, 0x63, 0x08, 0x63, 0x08, 0x63, 0x08,
  0xa4, 0x10, 0x63, 0x08, 0x63, 0x08, 0x63, 0x08, 0x06, 0x19, 0x06, 0x19, 0x06, 0x19, 0x06, 0x19, 0x06, 0x19, 0x63, 0x08, 0x63, 0x08, 0x63, 0x08, 0x63, 0x08, 0x63, 0x08, 0x63, 0x08, 0x63, 0x08,
  0x63, 0x08, 0x63, 0x08, 0x63, 0x08, 0x63, 0x08, 0x63, 0x08, 0x63, 0x08, 0x63, 0x08, 0x63, 0x08, 0x06, 0x19, 0x63, 0x08, 0x63, 0x08, 0x63, 0x08, 0x63, 0x08, 0x63, 0x08, 0x63, 0x08, 0x63, 0x08,
  0x26, 0x19, 0x63, 0x08, 0x63, 0x08, 0x63, 0x08, 0x63, 0x08, 0x63, 0x08, 0x63, 0x08, 0x63, 0x08, 0x63, 0x08, 0x63, 0x08, 0x63, 0x08, 0x63, 0x08, 0x63, 0x08, 0x63, 0x08, 0x63, 0x08, 0x63, 0x08,
  0x63, 0x08, 0x06, 0x19, 0x63, 0x08, 0x63, 0x08, 0x63, 0x08, 0x63, 0x08, 0x63, 0x08, 0x63, 0x08, 0x63, 0x08, 0x63, 0x08, 0x06, 0x19, 0x63, 0x08, 0x63, 0x08, 0x63, 0x08, 0x63, 0x08, 0x63, 0x08,
  0x84, 0x10, 0x63, 0x08, 0x63, 0x08, 0x63, 0x08, 0x63, 0x08, 0x63, 0x08, 0x63, 0x08, 0x63, 0x08, 0x63, 0x08, 0x63, 0x08, 0x63, 0x08, 0x26, 0x19, 0x63, 0x08, 0x63, 0x08, 0x63, 0x08, 0x63, 0x08,
  0x63, 0x08, 0x63, 0x08, 0x63, 0x08, 0x63, 0x08, 0x63, 0x08, 0x63, 0x08, 0x63, 0x08, 0x63, 0x08, 0x63, 0x08, 0x63, 0x08, 0x63, 0x08, 0x63, 0x08, 0x63, 0x08, 0x63, 0x08, 0x63, 0x08, 0x63, 0x08,
  0x84, 0x10, 0x63, 0x08, 0x63, 0x08, 0x27, 0x19, 0x63, 0x08, 0x63, 0x08, 0x63, 0x08, 0x63, 0x08, 0x63, 0x08, 0x63, 0x08, 0x63, 0x08, 0x63, 0x08, 0x63, 0x08, 0x63, 0x08, 0x63, 0x08, 0x63, 0x08,
  0x63, 0x08, 0x63, 0x08, 0x63, 0x08, 0x63, 0x08, 0x63, 0x08, 0x63, 0x08, 0x63, 0x08, 0x63, 0x08, 0x63, 0x08, 0x63, 0x08, 0x63, 0x08, 0x63, 0x08, 0x63, 0x08, 0x63, 0x08, 0x63, 0x08, 0x63, 0x08,
  0x84, 0x10, 0x63, 0x08, 0x63, 0x08, 0x27, 0x19, 0x63, 0x08, 0x63, 0x08, 0x63, 0x08, 0x63, 0x08, 0x63, 0x08, 0x63, 0x08, 0x63, 0x08, 0x63, 0x08, 0x63, 0x08, 0x63, 0x08, 0x27, 0x19, 0x63, 0x08,
  0x63, 0x08, 0x63, 0x08, 0x63, 0x08, 0x63, 0x08, 0x63, 0x08, 0x63, 0x08, 0x63, 0x08, 0x63, 0x08, 0x63, 0x08, 0x63, 0x08, 0x63, 0x08, 0x63, 0x08, 0x47, 0x19, 0x47, 0x19, 0x48, 0x19, 0x47, 0x19,
  0x68, 0x19, 0x63, 0x08, 0x63, 0x08, 0x63, 0x08, 0x63, 0x08, 0x63, 0x08, 0x63, 0x08, 0x63, 0x08, 0x63, 0x08, 0x63, 0x08, 0x63, 0x08, 0x63, 0x08, 0x63, 0x08, 0x63, 0x08, 0x63, 0x08, 0x63, 0x08,
  0x63, 0x08, 0x63, 0x08, 0x63, 0x08, 0x63, 0x08, 0x63, 0x08, 0x63, 0x08, 0x63, 0x08, 0x63, 0x08, 0x63, 0x08, 0x63, 0x08, 0x63, 0x08, 0x63, 0x08, 0x63, 0x08, 0x63, 0x08, 0x63, 0x08, 0x63, 0x08,
  0x84, 0x10, 0x63, 0x08, 0x63, 0x08, 0x63, 0x08, 0x63, 0x08, 0x63, 0x08, 0x63, 0x08, 0x63, 0x08, 0x63, 0x08, 0x63, 0x08, 0x63, 0x08, 0x63, 0x08, 0x63, 0x08, 0x63, 0x08, 0x63, 0x08, 0x63, 0x08,
  0x63, 0x08, 0x63, 0x08, 0x63, 0x08, 0x63, 0x08, 0x63, 0x08, 0x63, 0x08, 0x63, 0x08, 0x63, 0x08, 0x63, 0x08, 0x63, 0x08, 0x63, 0x08, 0x63, 0x08, 0x63, 0x08, 0x63, 0x08, 0x63, 0x08, 0x63, 0x08,
  0x84, 0x10, 0x63, 0x08, 0x63, 0x08, 0x63, 0x08, 0x63, 0x08, 0x63, 0x08, 0x63, 0x08, 0x63, 0x08, 0x48, 0x19, 0x63, 0x08, 0x63, 0x08, 0x63, 0x08, 0x63, 0x08, 0x63, 0x08, 0x63, 0x08, 0x63, 0x08,
  0x63, 0x08, 0x63, 0x08, 0x63, 0x08, 0x63, 0x08, 0x63, 0x08, 0x63, 0x08, 0x27, 0x19, 0x63, 0x08, 0x63, 0x08, 0x63, 0x08, 0x63, 0x08, 0x63, 0x08, 0x63, 0x08, 0x63, 0x08, 0x63, 0x08, 0x63, 0x08,
  0x84, 0x10, 0x63, 0x08, 0x63, 0x08, 0x63, 0x08, 0x27, 0x19, 0x63, 0x08, 0x63, 0x08, 0x63, 0x08, 0x63, 0x08, 0x63, 0x08, 0x63, 0x08, 0x63, 0x08, 0x63, 0x08, 0x63, 0x08, 0x63, 0x08, 0x63, 0x08,
  0x63, 0x08, 0x63, 0x08, 0x63, 0x08, 0x63, 0x08, 0x27, 0x19, 0x63, 0x08, 0x63, 0x08, 0x63, 0x08, 0x63, 0x08, 0x63, 0x08, 0x63, 0x08, 0x63, 0x08, 0x63, 0x08, 0x63, 0x08, 0x63, 0x08, 0x63, 0x08,
  0x84, 0x10, 0x63, 0x08, 0x63, 0x08, 0x27, 0x19, 0x63, 0x08, 0x63, 0x08, 0x63, 0x08, 0x63, 0x08, 0x63, 0x08, 0x63, 0x08, 0x63, 0x08, 0x63, 0x08, 0x63, 0x08, 0x63, 0x08, 0x63, 0x08, 0x63, 0x08,
  0x26, 0x19, 0x06, 0x19, 0x63, 0x08, 0x63, 0x08, 0x63, 0x08, 0x63, 0x08, 0x63, 0x08, 0x63, 0x08, 0x63, 0x08, 0x63, 0x08, 0x63, 0x08, 0x63, 0x08, 0x63, 0x08, 0x63, 0x08, 0x63, 0x08, 0x63, 0x08,
  0x84, 0x10, 0x63, 0x08, 0x63, 0x08, 0x63, 0x08, 0x06, 0x19, 0x06, 0x19, 0x06, 0x19, 0x06, 0x19, 0x06, 0x19, 0x63, 0x08, 0x63, 0x08, 0x63, 0x08, 0x63, 0x08, 0x63, 0x08, 0x63, 0x08, 0x63, 0x08,
  0x63, 0x08, 0x63, 0x08, 0x63, 0x08, 0x63, 0x08, 0x63, 0x08, 0x63, 0x08, 0x63, 0x08, 0x63, 0x08, 0x06, 0x19, 0x63, 0x08, 0x63, 0x08, 0x63, 0x08, 0x63, 0x08, 0x63, 0x08, 0x63, 0x08, 0x63, 0x08,
  0x26, 0x19, 0x63, 0x08, 0x63, 0x08, 0x63, 0x08, 0x63, 0x08, 0x63, 0x08, 0x63, 0x08, 0x63, 0x08, 0x63, 0x08, 0x63, 0x08, 0x63, 0x08, 0x63, 0x08, 0x63, 0x08, 0x63, 0x08, 0x63, 0x08, 0x63, 0x08,
  0x63, 0x08, 0x06, 0x19, 0x63, 0x08, 0x63, 0x08, 0x63, 0x08, 0x63, 0x08, 0x63, 0x08, 0x63, 0x08, 0x63, 0x08, 0x63, 0x08, 0x63, 0x08, 0x06, 0x19, 0x63, 0x08, 0x63, 0x08, 0x63, 0x08, 0x63, 0x08,
  0x84, 0x10, 0x63, 0x08, 0x63, 0x08, 0x63, 0x08, 0x63, 0x08, 0x63, 0x08, 0x63, 0x08, 0x63, 0x08, 0x63, 0x08, 0x63, 0x08, 0x63, 0x08, 0x26, 0x19, 0x63, 0x08, 0x63, 0x08, 0x63, 0x08, 0x63, 0x08,
  0x63, 0x08, 0x63, 0x08, 0x63, 0x08, 0x63, 0x08, 0x63, 0x08, 0x63, 0x08, 0x63, 0x08, 0x63, 0x08, 0x63, 0x08, 0x63, 0x08, 0x63, 0x08, 0x63, 0x08, 0x63, 0x08, 0x63, 0x08, 0x63, 0x08, 0x63, 0x08,
  0x84, 0x10, 0x63, 0x08, 0x63, 0x08, 0x26, 0x19, 0x63, 0x08, 0x63, 0x08, 0x63, 0x08, 0x63, 0x08, 0x63, 0x08, 0x63, 0x08, 0x63, 0x08, 0x63, 0x08, 0x63, 0x08, 0x63, 0x08, 0x63, 0x08, 0x63, 0x08,
  0x63, 0x08, 0x63, 0x08, 0x63, 0x08, 0x63, 0x08, 0x63, 0x08, 0x63, 0x08, 0x63, 0x08, 0x63, 0x08, 0x63, 0x08, 0x63, 0x08, 0x63, 0x08, 0x63, 0x08, 0x63, 0x08, 0x63, 0x08, 0x63, 0x08, 0x63, 0x08,
  0x84, 0x10, 0x63, 0x08, 0x63, 0x08, 0x27, 0x19, 0x63, 0x08, 0x63, 0x08, 0x63, 0x08, 0x63, 0x08, 0x63, 0x08, 0x63, 0x08, 0x63, 0x08, 0x63, 0x08, 0x63, 0x08, 0x63, 0x08, 0x27, 0x19, 0x63, 0x08,
  0x63, 0x08, 0x63, 0x08, 0x63, 0x08, 0x63, 0x08, 0x63, 0x08, 0x63, 0x08, 0x63, 0x08, 0x63, 0x08, 0x63, 0x08, 0x63, 0x08, 0x63, 0x08, 0x63, 0x08, 0x47, 0x19, 0x47, 0x19, 0x47, 0x19, 0x47, 0x19,
  0x68, 0x19, 0x63, 0x08, 0x63, 0x08, 0x63, 0x08, 0x63, 0x08, 0x63, 0x08, 0x63, 0x08, 0x63, 0x08, 0x63, 0x08, 0x63, 0x08, 0x63, 0x08, 0x63, 0x08, 0x63, 0x08, 0x63, 0x08, 0x63, 0x08, 0x63, 0x08,
  0x63, 0x08, 0x63, 0x08, 0x63, 0x08, 0x63, 0x08, 0x63, 0x08, 0x63, 0x08, 0x63, 0x08, 0x63, 0x08, 0x63, 0x08, 0x63, 0x08, 0x63, 0x08, 0x63, 0x08, 0x63, 0x08, 0x63, 0x08, 0x63, 0x08, 0x63, 0x08,
  0x84, 0x10, 0x63, 0x08, 0x63, 0x08, 0x63, 0x08, 0x63, 0x08, 0x63, 0x08, 0x63, 0x08, 0x63, 0x08, 0x63, 0x08, 0x63, 0x08, 0x63, 0x08, 0x63, 0x08, 0x63, 0x08, 0x63, 0x08, 0x63, 0x08, 0x63, 0x08,
  0x63, 0x08, 0x63, 0x08, 0x63, 0x08, 0x63, 0x08, 0x63, 0x08, 0x63, 0x08, 0x63, 0x08, 0x63, 0x08, 0x63, 0x08, 0x63, 0x08, 0x63, 0x08, 0x63, 0x08, 0x63, 0x08, 0x63, 0x08, 0x63, 0x08, 0x63, 0x08,
  0x84, 0x10, 0x63, 0x08, 0x63, 0x08, 0x63, 0x08, 0x63, 0x08, 0x63, 0x08, 0x63, 0x08, 0x47, 0x19, 0x63, 0x08, 0x63, 0x08, 0x63, 0x08, 0x63, 0x08, 0x63, 0x08, 0x63, 0x08, 0x63, 0x08, 0x63, 0x08,
  0x63, 0x08, 0x63, 0x08, 0x63, 0x08, 0x63, 0x08, 0x63, 0x08, 0x27, 0x19, 0x63, 0x08, 0x63, 0x08, 0x63, 0x08, 0x63, 0x08, 0x63, 0x08, 0x63, 0x08, 0x63, 0x08, 0x63, 0x08, 0x63, 0x08, 0x63, 0x08,
  0x84, 0x10, 0x63, 0x08, 0x63, 0x08, 0x27, 0x19, 0x63, 0x08, 0x63, 0x08, 0x63, 0x08, 0x63, 0x08, 0x63, 0x08, 0x63, 0x08, 0x63, 0x08, 0x63, 0x08, 0x63, 0x08, 0x63, 0x08, 0x63, 0x08, 0x63, 0x08,
  0x63, 0x08, 0x63, 0x08, 0x63, 0x08, 0x63, 0x08, 0x27, 0x19, 0x63, 0x08, 0x63, 0x08, 0x63, 0x08, 0x63, 0x08, 0x63, 0x08, 0x63, 0x08, 0x63, 0x08, 0x63, 0x08, 0x63, 0x08, 0x63, 0x08, 0x63, 0x08,
  0x84, 0x10, 0x63, 0x08, 0x63, 0x08, 0x26, 0x19, 0x63, 0x08, 0x63, 0x08, 0x63, 0x08, 0x63, 0x08, 0x63, 0x08, 0x63, 0x08, 0x63, 0x08, 0x63, 0x08, 0x63, 0x08, 0x63, 0x08, 0x63, 0x08, 0x26, 0x19,
  0x06, 0x19, 0x63, 0x08, 0x63, 0x08, 0x63, 0x08, 0x63, 0x08, 0x63, 0x08, 0x63, 0x08, 0x63, 0x08, 0x63, 0x08, 0x63, 0x08, 0x63, 0x08, 0x63, 0x08, 0x63, 0x08, 0x63, 0x08, 0x63, 0x08, 0x63, 0x08,
  0x84, 0x10, 0x63, 0x08, 0x63, 0x08, 0x63, 0x08, 0x06, 0x19, 0x06, 0x19, 0x06, 0x19, 0x06, 0x19, 0x06, 0x19, 0x63, 0x08, 0x63, 0x08, 0x63, 0x08, 0x63, 0x08, 0x63, 0x08, 0x63, 0x08, 0x63, 0x08,
  0x63, 0x08, 0x63, 0x08, 0x63, 0x08, 0x63, 0x08, 0x63, 0x08, 0x63, 0x08, 0x63, 0x08, 0x63, 0x08, 0x06, 0x19, 0x63, 0x08, 0x63, 0x08, 0x63, 0x08, 0x63, 0x08, 0x63, 0x08, 0x63, 0x08, 0x63, 0x08,
  0x26, 0x19, 0x63, 0x08, 0x63, 0x08, 0x63, 0x08, 0x63, 0x08, 0x63, 0x08, 0x63, 0x08, 0x63, 0x08, 0x63, 0x08, 0x63, 0x08, 0x63, 0x08, 0x63, 0x08, 0x63, 0x08, 0x63, 0x08, 0x63, 0x08, 0x63, 0x08,
  0x63, 0x08, 0x06, 0x19, 0x63, 0x08, 0x63, 0x08, 0x63, 0x08, 0x63, 0x08, 0x63, 0x08, 0x63, 0x08, 0x63, 0x08, 0x63, 0x08, 0x63, 0x08, 0x63, 0x08, 0x06, 0x19, 0x63, 0x08, 0x63, 0x08, 0x63, 0x08,
  0x84, 0x10, 0x63, 0x08, 0x63, 0x08, 0x63, 0x08, 0x63, 0x08, 0x63, 0x08, 0x63, 0x08, 0x63, 0x08, 0x63, 0x08, 0x63, 0x08, 0x63, 0x08, 0x26, 0x19, 0x63, 0x08, 0x63, 0x08, 0x63, 0x08, 0x63, 0x08,
  0x63, 0x08, 0x63, 0x08, 0x63, 0x08, 0x63, 0x08, 0x63, 0x08, 0x63, 0x08, 0x63, 0x08, 0x63, 0x08, 0x63, 0x08, 0x63, 0x08, 0x63, 0x08, 0x63, 0x08, 0x63, 0x08, 0x63, 0x08, 0x63, 0x08, 0x63, 0x08,
  0x84, 0x10, 0x63, 0x08, 0x63, 0x08, 0x26, 0x19, 0x63, 0x08, 0x63, 0x08, 0x63, 0x08, 0x63, 0x08, 0x63, 0x08, 0x63, 0x08, 0x63, 0x08, 0x63, 0x08, 0x63, 0x08, 0x63, 0x08, 0x63, 0x08, 0x63, 0x08,
  0x63, 0x08, 0x63, 0x08, 0x63, 0x08, 0x63, 0x08, 0x63, 0x08, 0x63, 0x08, 0x63, 0x08, 0x63, 0x08, 0x63, 0x08, 0x63, 0x08, 0x63, 0x08, 0x63, 0x08, 0x63, 0x08, 0x63, 0x08, 0x63, 0x08, 0x63, 0x08,
  0x84, 0x10, 0x63, 0x08, 0x63, 0x08, 0x27, 0x19, 0x63, 0x08, 0x63, 0x08, 0x63, 0x08, 0x63, 0x08, 0x63, 0x08, 0x63, 0x08, 0x63, 0x08, 0x63, 0x08, 0x63, 0x08, 0x63, 0x08, 0x27, 0x19, 0x63, 0x08,
  0x63, 0x08, 0x63, 0x08, 0x63, 0x08, 0x63, 0x08, 0x63, 0x08, 0x63, 0x08, 0x63, 0x08, 0x63, 0x08, 0x63, 0x08, 0x63, 0x08, 0x63, 0x08, 0x63, 0x08, 0x63, 0x08, 0x63, 0x08, 0x47, 0x19, 0x63, 0x08,
  0x84, 0x10, 0x47, 0x19, 0x63, 0x08, 0x63, 0x08, 0x63, 0x08, 0x63, 0x08, 0x63, 0x08, 0x63, 0x08, 0x63, 0x08, 0x63, 0x08, 0x63, 0x08, 0x63, 0x08, 0x63, 0x08, 0x63, 0x08, 0x63, 0x08, 0x63, 0x08,
  0x63, 0x08, 0x63, 0x08, 0x63, 0x08, 0x63, 0x08, 0x63, 0x08, 0x63, 0x08, 0x63, 0x08, 0x63, 0x08, 0x63, 0x08, 0x63, 0x08, 0x63, 0x08, 0x63, 0x08, 0x63, 0x08, 0x63, 0x08, 0x63, 0x08, 0x63, 0x08,
  0x84, 0x10, 0x63, 0x08, 0x63, 0x08, 0x63, 0x08, 0x63, 0x08, 0x63, 0x08, 0x63, 0x08, 0x63, 0x08, 0x63, 0x08, 0x63, 0x08, 0x63, 0x08, 0x63, 0x08, 0x63, 0x08, 0x63, 0x08, 0x63, 0x08, 0x63, 0x08,
  0x63, 0x08, 0x63, 0x08, 0x63, 0x08, 0x63, 0x08, 0x63, 0x08, 0x63, 0x08, 0x63, 0x08, 0x63, 0x08, 0x63, 0x08, 0x63, 0x08, 0x63, 0x08, 0x63, 0x08, 0x63, 0x08, 0x63, 0x08, 0x63, 0x08, 0x63, 0x08,
  0x84, 0x10, 0x63, 0x08, 0x63, 0x08, 0x63, 0x08, 0x63, 0x08, 0x63, 0x08, 0x47, 0x19, 0x63, 0x08, 0x63, 0x08, 0x63, 0x08, 0x63, 0x08, 0x63, 0x08, 0x63, 0x08, 0x63, 0x08, 0x63, 0x08, 0x63, 0x08,
  0x63, 0x08, 0x63, 0x08, 0x63, 0x08, 0x63, 0x08, 0x27, 0x19, 0x63, 0x08, 0x63, 0x08, 0x63, 0x08, 0x63, 0x08, 0x63, 0x08, 0x63, 0x08, 0x63, 0x08, 0x63, 0x08, 0x63, 0x08, 0x63, 0x08, 0x63, 0x08,
  0x84, 0x10, 0x63, 0x08, 0x27, 0x19, 0x63, 0x08, 0x63, 0x08, 0x63, 0x08, 0x63, 0x08, 0x63, 0x08, 0x63, 0x08, 0x63, 0x08, 0x63, 0x08, 0x63, 0x08, 0x63, 0x08, 0x63, 0x08, 0x63, 0x08, 0x63, 0x08,
  0x63, 0x08, 0x63, 0x08, 0x63, 0x08, 0x63, 0x08, 0x27, 0x19, 0x63, 0x08, 0x63, 0x08, 0x63, 0x08, 0x63, 0x08, 0x63, 0x08, 0x63, 0x08, 0x63, 0x08, 0x63, 0x08, 0x63, 0x08, 0x63, 0x08, 0x63, 0x08,
  0x84, 0x10, 0x63, 0x08, 0x63, 0x08, 0x26, 0x19, 0x63, 0x08, 0x63, 0x08, 0x63, 0x08, 0x63, 0x08, 0x63, 0x08, 0x63, 0x08, 0x63, 0x08, 0x63, 0x08, 0x63, 0x08, 0x63, 0x08, 0x26, 0x19, 0x06, 0x19,
  0x63, 0x08, 0x63, 0x08, 0x63, 0x08, 0x63, 0x08, 0x63, 0x08, 0x63, 0x08, 0x63, 0x08, 0x63, 0x08, 0x63, 0x08, 0x63, 0x08, 0x63, 0x08, 0x63, 0x08, 0x63, 0x08, 0x63, 0x08, 0x63, 0x08, 0x63, 0x08,
  0x84, 0x10, 0x63, 0x08, 0x63, 0x08, 0x63, 0x08, 0x63, 0x08, 0x06, 0x19, 0x06, 0x19, 0x06, 0x19, 0x63, 0x08, 0x63, 0x08, 0x63, 0x08, 0x63, 0x08, 0x63, 0x08, 0x63, 0x08, 0x63, 0x08, 0x63, 0x08,
  0x63, 0x08, 0x63, 0x08, 0x63, 0x08, 0x63, 0x08, 0x63, 0x08, 0x63, 0x08, 0x63, 0x08, 0x63, 0x08, 0x06, 0x19, 0x63, 0x08, 0x63, 0x08, 0x63, 0x08, 0x63, 0x08, 0x63, 0x08, 0x63, 0x08, 0x63, 0x08,
  0x26, 0x19, 0x63, 0x08, 0x63, 0x08, 0x63, 0x08, 0x63, 0x08, 0x63, 0x08, 0x63, 0x08, 0x63, 0x08, 0x63, 0x08, 0x63, 0x08, 0x63, 0x08, 0x63, 0x08, 0x63, 0x08, 0x63, 0x08, 0x63, 0x08, 0x63, 0x08,
  0x63, 0x08, 0x06, 0x19, 0x63, 0x08, 0x63, 0x08, 0x63, 0x08, 0x63, 0x08, 0x63, 0x08, 0x63, 0x08, 0x63, 0x08, 0x63, 0x08, 0x63, 0x08, 0x63, 0x08, 0x63, 0x08, 0x06, 0x19, 0x63, 0x08, 0x63, 0x08,
  0x84, 0x10, 0x63, 0x08, 0x63, 0x08, 0x63, 0x08, 0x63, 0x08, 0x63, 0x08, 0x63, 0x08, 0x63, 0x08, 0x63, 0x08, 0x63, 0x08, 0x63, 0x08, 0x63, 0x08, 0x26, 0x19, 0x63, 0x08, 0x63, 0x08, 0x63, 0x08,
  0x63, 0x08, 0x63, 0x08, 0x63, 0x08, 0x63, 0x08, 0x63, 0x08, 0x63, 0x08, 0x63, 0x08, 0x63, 0x08, 0x63, 0x08, 0x63, 0x08, 0x63, 0x08, 0x63, 0x08, 0x63, 0x08, 0x63, 0x08, 0x63, 0x08, 0x63, 0x08,
  0x84, 0x10, 0x63, 0x08, 0x63, 0x08, 0x26, 0x19, 0x63, 0x08, 0x63, 0x08, 0x63, 0x08, 0x63, 0x08, 0x63, 0x08, 0x63, 0x08, 0x63, 0x08, 0x63, 0x08, 0x63, 0x08, 0x63, 0x08, 0x63, 0x08, 0x63, 0x08,
  0x63, 0x08, 0x63, 0x08, 0x63, 0x08, 0x63, 0x08, 0x63, 0x08, 0x63, 0x08, 0x63, 0x08, 0x63, 0x08, 0x63, 0x08, 0x63, 0x08, 0x63, 0x08, 0x63, 0x08, 0x63, 0x08, 0x63, 0x08, 0x63, 0x08, 0x63, 0x08,
  0x84, 0x10, 0x63, 0x08, 0x63, 0x08, 0x27, 0x19, 0x63, 0x08, 0x63, 0x08, 0x63, 0x08, 0x63, 0x08, 0x63, 0x08, 0x63, 0x08, 0x63, 0x08, 0x63, 0x08, 0x63, 0x08, 0x63, 0x08, 0x27, 0x19, 0x63, 0x08,
  0x63, 0x08, 0x63, 0x08, 0x63, 0x08, 0x63, 0x08, 0x63, 0x08, 0x63, 0x08, 0x63, 0x08, 0x63, 0x08, 0x63, 0x08, 0x63, 0x08, 0x63, 0x08, 0x63, 0x08, 0x63, 0x08, 0x63, 0x08, 0x47, 0x19, 0x63, 0x08,
  0x84, 0x10, 0x63, 0x08, 0x47, 0x19, 0x63, 0x08, 0x63, 0x08, 0x63, 0x08, 0x63, 0x08, 0x63, 0x08, 0x63, 0x08, 0x63, 0x08, 0x63, 0x08, 0x63, 0x08, 0x63, 0x08, 0x63, 0x08, 0x63, 0x08, 0x63, 0x08,
  0x63, 0x08, 0x63, 0x08, 0x63, 0x08, 0x63, 0x08, 0x63, 0x08, 0x63, 0x08, 0x63, 0x08, 0x63, 0x08, 0x63, 0x08, 0x63, 0x08, 0x63, 0x08, 0x63, 0x08, 0x63, 0x08, 0x63, 0x08, 0x63, 0x08, 0x63, 0x08,
  0x84, 0x10, 0x63, 0x08, 0x63, 0x08, 0x63, 0x08, 0x63, 0x08, 0x63, 0x08, 0x63, 0x08, 0x63, 0x08, 0x63, 0x08, 0x63, 0x08, 0x63, 0x08, 0x63, 0x08, 0x63, 0x08, 0x63, 0x08, 0x63, 0x08, 0x63, 0x08,
  0x63, 0x08, 0x63, 0x08, 0x63, 0x08, 0x63, 0x08, 0x63, 0x08, 0x63, 0x08, 0x63, 0x08, 0x63, 0x08, 0x63, 0x08, 0x63, 0x08, 0x63, 0x08, 0x63, 0x08, 0x63, 0x08, 0x63, 0x08, 0x63, 0x08, 0x63, 0x08,
  0x84, 0x10, 0x63, 0x08, 0x63, 0x08, 0x63, 0x08, 0x63, 0x08, 0x47, 0x19, 0x63, 0x08, 0x63, 0x08, 0x63, 0x08, 0x63, 0x08, 0x63, 0x08, 0x63, 0x08, 0x63, 0x08, 0x63, 0x08, 0x63, 0x08, 0x63, 0x08,
  0x63, 0x08, 0x63, 0x08, 0x63, 0x08, 0x27, 0x19, 0x63, 0x08, 0x63, 0x08, 0x63, 0x08, 0x63, 0x08, 0x63, 0x08, 0x63, 0x08, 0x63, 0x08, 0x63, 0x08, 0x63, 0x08, 0x63, 0x08, 0x63, 0x08, 0x63, 0x08,
  0x84, 0x10, 0x27, 0x19, 0x63, 0x08, 0x63, 0x08, 0x63, 0x08, 0x63, 0x08, 0x63, 0x08, 0x63, 0x08, 0x63, 0x08, 0x63, 0x08, 0x63, 0x08, 0x63, 0x08, 0x63, 0x08, 0x63, 0x08, 0x63, 0x08, 0x63, 0x08,
  0x63, 0x08, 0x63, 0x08, 0x63, 0x08, 0x63, 0x08, 0x27, 0x19, 0x63, 0x08, 0x63, 0x08, 0x63, 0x08, 0x63, 0x08, 0x63, 0x08, 0x63, 0x08, 0x63, 0x08, 0x63, 0x08, 0x63, 0x08, 0x63, 0x08, 0x63, 0x08,
  0x84, 0x10, 0x63, 0x08, 0x63, 0x08, 0x26, 0x19, 0x63, 0x08, 0x63, 0x08, 0x63, 0x08, 0x63, 0x08, 0x63, 0x08, 0x63, 0x08, 0x63, 0x08, 0x63, 0x08, 0x63, 0x08, 0x26, 0x19, 0x06, 0x19, 0x63, 0x08,
  0x63, 0x08, 0x63, 0x08, 0x63, 0x08, 0x63, 0x08, 0x63, 0x08, 0x63, 0x08, 0x63, 0x08, 0x63, 0x08, 0x63, 0x08, 0x63, 0x08, 0x63, 0x08, 0x63, 0x08, 0x63, 0x08, 0x63, 0x08, 0x63, 0x08, 0x63, 0x08,
  0x84, 0x10, 0x63, 0x08, 0x63, 0x08, 0x63, 0x08, 0x63, 0x08, 0x63, 0x08, 0x06, 0x19, 0x63, 0x08, 0x63, 0x08, 0x63, 0x08, 0x63, 0x08, 0x63, 0x08, 0x63, 0x08, 0x63, 0x08, 0x63, 0x08, 0x63, 0x08,
  0x63, 0x08, 0x63, 0x08, 0x63, 0x08, 0x63, 0x08, 0x63, 0x08, 0x63, 0x08, 0x63, 0x08, 0x63, 0x08, 0x06, 0x19, 0x63, 0x08, 0x63, 0x08, 0x63, 0x08, 0x63, 0x08, 0x63, 0x08, 0x63, 0x08, 0x63, 0x08,
  0x26, 0x19, 0x63, 0x08, 0x63, 0x08, 0x63, 0x08, 0x63, 0x08, 0x63, 0x08, 0x63, 0x08, 0x63, 0x08, 0x63, 0x08, 0x63, 0x08, 0x63, 0x08, 0x63, 0x08, 0x63, 0x08, 0x63, 0x08, 0x63, 0x08, 0x63, 0x08,
  0x63, 0x08, 0x63, 0x08, 0x06, 0x19, 0x63, 0x08, 0x63, 0x08, 0x63, 0x08, 0x63, 0x08, 0x63, 0x08, 0x63, 0x08, 0x63, 0x08, 0x63, 0x08, 0x63, 0x08, 0x63, 0x08, 0x63, 0x08, 0x06, 0x19, 0x63, 0x08,
  0x84, 0x10, 0x63, 0x08, 0x63, 0x08, 0x63, 0x08, 0x63, 0x08, 0x63, 0x08, 0x63, 0x08, 0x63, 0x08, 0x63, 0x08, 0x63, 0x08, 0x63, 0x08, 0x63, 0x08, 0x63, 0x08, 0x26, 0x19, 0x63, 0x08, 0x63, 0x08,
  0x63, 0x08, 0x63, 0x08, 0x63, 0x08, 0x63, 0x08, 0x63, 0x08, 0x63, 0x08, 0x63, 0x08, 0x63, 0x08, 0x63, 0x08, 0x63, 0x08, 0x63, 0x08, 0x63, 0x08, 0x63, 0x08, 0x63, 0x08, 0x63, 0x08, 0x63, 0x08,
  0x84, 0x10, 0x63, 0x08, 0x63, 0x08, 0x26, 0x19, 0x63, 0x08, 0x63, 0x08, 0x63, 0x08, 0x63, 0x08, 0x63, 0x08, 0x63, 0x08, 0x63, 0x08, 0x63, 0x08, 0x63, 0x08, 0x63, 0x08, 0x63, 0x08, 0x63, 0x08,
  0x63, 0x08, 0x63, 0x08, 0x63, 0x08, 0x63, 0x08, 0x63, 0x08, 0x63, 0x08, 0x63, 0x08, 0x63, 0x08, 0x63, 0x08, 0x63, 0x08, 0x63, 0x08, 0x63, 0x08, 0x63, 0x08, 0x63, 0x08, 0x63, 0x08, 0x63, 0x08,
  0x84, 0x10, 0x63, 0x08, 0x63, 0x08, 0x27, 0x19, 0x63, 0x08, 0x63, 0x08, 0x63, 0x08, 0x63, 0x08, 0x63, 0x08, 0x63, 0x08, 0x63, 0x08, 0x63, 0x08, 0x63, 0x08, 0x63, 0x08, 0x27, 0x19, 0x63, 0x08,
  0x63, 0x08, 0x63, 0x08, 0x63, 0x08, 0x63, 0x08, 0x63, 0x08, 0x63, 0x08, 0x63, 0x08, 0x63, 0x08, 0x63, 0x08, 0x63, 0x08, 0x63, 0x08, 0x63, 0x08, 0x63, 0x08, 0x63, 0x08, 0x47, 0x19, 0x63, 0x08,
  0x84, 0x10, 0x63, 0x08, 0x63, 0x08, 0x47, 0x19, 0x63, 0x08, 0x63, 0x08, 0x63, 0x08, 0x63, 0x08, 0x63, 0x08, 0x63, 0x08, 0x63, 0x08, 0x63, 0x08, 0x63, 0x08, 0x63, 0x08, 0x63, 0x08, 0x63, 0x08,
  0x63, 0x08, 0x63, 0x08, 0x63, 0x08, 0x63, 0x08, 0x63, 0x08, 0x63, 0x08, 0x63, 0x08, 0x63, 0x08, 0x63, 0x08, 0x63, 0x08, 0x63, 0x08, 0x63, 0x08, 0x63, 0x08, 0x63, 0x08, 0x63, 0x08, 0x63, 0x08,
  0x84, 0x10, 0x63, 0x08, 0x63, 0x08, 0x63, 0x08, 0x63, 0x08, 0x63, 0x08, 0x63, 0x08, 0x63, 0x08, 0x63, 0x08, 0x63, 0x08, 0x63, 0x08, 0x63, 0x08, 0x63, 0x08, 0x63, 0x08, 0x63, 0x08, 0x63, 0x08,
  0x63, 0x08, 0x63, 0x08, 0x63, 0x08, 0x63, 0x08, 0x63, 0x08, 0x63, 0x08, 0x63, 0x08, 0x63, 0x08, 0x63, 0x08, 0x63, 0x08, 0x63, 0x08, 0x63, 0x08, 0x63, 0x08, 0x63, 0x08, 0x63, 0x08, 0x63, 0x08,
  0x84, 0x10, 0x63, 0x08, 0x63, 0x08, 0x63, 0x08, 0x47, 0x19, 0x63, 0x08, 0x63, 0x08, 0x63, 0x08, 0x63, 0x08, 0x63, 0x08, 0x63, 0x08, 0x63, 0x08, 0x63, 0x08, 0x63, 0x08, 0x63, 0x08, 0x63, 0x08,
  0x63, 0x08, 0x63, 0x08, 0x27, 0x19, 0x63, 0x08, 0x63, 0x08, 0x63, 0x08, 0x63, 0x08, 0x63, 0x08, 0x63, 0x08, 0x63, 0x08, 0x63, 0x08, 0x63, 0x08, 0x63, 0x08, 0x63, 0x08, 0x63, 0x08, 0x63, 0x08,
  0x67, 0x19, 0x63, 0x08, 0x63, 0x08, 0x63, 0x08, 0x63, 0x08, 0x63, 0x08, 0x63, 0x08, 0x63, 0x08, 0x63, 0x08, 0x63, 0x08, 0x63, 0x08, 0x63, 0x08, 0x63, 0x08, 0x63, 0x08, 0x63, 0x08, 0x63, 0x08,
  0x63, 0x08, 0x63, 0x08, 0x63, 0x08, 0x63, 0x08, 0x27, 0x19, 0x63, 0x08, 0x63, 0x08, 0x63, 0x08, 0x63, 0x08, 0x63, 0x08, 0x63, 0x08, 0x63, 0x08, 0x63, 0x08, 0x63, 0x08, 0x63, 0x08, 0x63, 0x08,
  0x84, 0x10, 0x63, 0x08, 0x63, 0x08, 0x26, 0x19, 0x63, 0x08, 0x63, 0x08, 0x63, 0x08, 0x63, 0x08, 0x63, 0x08, 0x63, 0x08, 0x63, 0x08, 0x63, 0x08, 0x26, 0x19, 0x06, 0x19, 0x63, 0x08, 0x63, 0x08,
  0x63, 0x08, 0x63, 0x08, 0x63, 0x08, 0x63, 0x08, 0x63, 0x08, 0x63, 0x08, 0x63, 0x08, 0x63, 0x08, 0x63, 0x08, 0x63, 0x08, 0x63, 0x08, 0x63, 0x08, 0x63, 0x08, 0x63, 0x08, 0x63, 0x08, 0x63, 0x08,
  0x84, 0x10, 0x63, 0x08, 0x63, 0x08, 0x63, 0x08, 0x63, 0x08, 0x63, 0x08, 0x06, 0x19, 0x63, 0x08, 0x63, 0x08, 0x63, 0x08, 0x63, 0x08, 0x63, 0x08, 0x63, 0x08, 0x63, 0x08, 0x63, 0x08, 0x63, 0x08,
  0x63, 0x08, 0x63, 0x08, 0x63, 0x08, 0x63, 0x08, 0x63, 0x08, 0x63, 0x08, 0x63, 0x08, 0x63, 0x08, 0x06, 0x19, 0x63, 0x08, 0x63, 0x08, 0x63, 0x08, 0x63, 0x08, 0x63, 0x08, 0x63, 0x08, 0x63, 0x08,
  0x26, 0x19, 0x63, 0x08, 0x63, 0x08, 0x63, 0x08, 0x63, 0x08, 0x63, 0x08, 0x63, 0x08, 0x63, 0x08, 0x63, 0x08, 0x63, 0x08, 0x63, 0x08, 0x63, 0x08, 0x63, 0x08, 0x63, 0x08, 0x63, 0x08, 0x63, 0x08,
  0x63, 0x08, 0x63, 0x08, 0x63, 0x08, 0x06, 0x19, 0x63, 0x08, 0x63, 0x08, 0x63, 0x08, 0x63, 0x08, 0x63, 0x08, 0x63, 0x08, 0x63, 0x08, 0x63, 0x08, 0x63, 0x08, 0x63, 0x08, 0x63, 0x08, 0x06, 0x19,
  0x84, 0x10, 0x63, 0x08, 0x63, 0x08, 0x63, 0x08, 0x63, 0x08, 0x63, 0x08, 0x63, 0x08, 0x63, 0x08, 0x63, 0x08, 0x63, 0x08, 0x63, 0x08, 0x63, 0x08, 0x63, 0x08, 0x63, 0x08, 0x26, 0x19, 0x63, 0x08,
  0x63, 0x08, 0x63, 0x08, 0x63, 0x08, 0x63, 0x08, 0x63, 0x08, 0x63, 0x08, 0x63, 0x08, 0x63, 0x08, 0x63, 0x08, 0x63, 0x08, 0x63, 0x08, 0x63, 0x08, 0x63, 0x08, 0x63, 0x08, 0x63, 0x08, 0x63, 0x08,
  0x84, 0x10, 0x63, 0x08, 0x63, 0x08, 0x26, 0x19, 0x63, 0x08, 0x63, 0x08, 0x63, 0x08, 0x63, 0x08, 0x63, 0x08, 0x63, 0x08, 0x63, 0x08, 0x63, 0x08, 0x63, 0x08, 0x63, 0x08, 0x63, 0x08, 0x63, 0x08,
  0x63, 0x08, 0x63, 0x08, 0x63, 0x08, 0x63, 0x08, 0x63, 0x08, 0x63, 0x08, 0x63, 0x08, 0x63, 0x08, 0x63, 0x08, 0x63, 0x08, 0x63, 0x08, 0x63, 0x08, 0x63, 0x08, 0x63, 0x08, 0x63, 0x08, 0x63, 0x08,
  0x84, 0x10, 0x63, 0x08, 0x63, 0x08, 0x27, 0x19, 0x63, 0x08, 0x63, 0x08, 0x63, 0x08, 0x63, 0x08, 0x63, 0x08, 0x63, 0x08, 0x63, 0x08, 0x63, 0x08, 0x63, 0x08, 0x63, 0x08, 0x27, 0x19, 0x63, 0x08,
  0x63, 0x08, 0x63, 0x08, 0x63, 0x08, 0x63, 0x08, 0x63, 0x08, 0x63, 0x08, 0x63, 0x08, 0x63, 0x08, 0x63, 0x08, 0x63, 0x08, 0x63, 0x08, 0x63, 0x08, 0x63, 0x08, 0x63, 0x08, 0x47, 0x19, 0x63, 0x08,
  0x84, 0x10, 0x63, 0x08, 0x63, 0x08, 0x63, 0x08, 0x47, 0x19, 0x63, 0x08, 0x63, 0x08, 0x63, 0x08, 0x63, 0x08, 0x63, 0x08, 0x63, 0x08, 0x63, 0x08, 0x63, 0x08, 0x63, 0x08, 0x63, 0x08, 0x63, 0x08,
  0x63, 0x08, 0x63, 0x08, 0x63, 0x08, 0x63, 0x08, 0x63, 0x08, 0x63, 0x08, 0x63, 0x08, 0x63, 0x08, 0x63, 0x08, 0x63, 0x08, 0x63, 0x08, 0x63, 0x08, 0x63, 0x08, 0x63, 0x08, 0x63, 0x08, 0x63, 0x08,
  0x84, 0x10, 0x63, 0x08, 0x63, 0x08, 0x63, 0x08, 0x63, 0x08, 0x63, 0x08, 0x63, 0x08, 0x63, 0x08, 0x63, 0x08, 0x63, 0x08, 0x63, 0x08, 0x63, 0x08, 0x63, 0x08, 0x63, 0x08, 0x63, 0x08, 0x63, 0x08,
  0x63, 0x08, 0x63, 0x08, 0x63, 0x08, 0x63, 0x08, 0x63, 0x08, 0x63, 0x08, 0x63, 0x08, 0x63, 0x08, 0x63, 0x08, 0x63, 0x08, 0x63, 0x08, 0x63, 0x08, 0x63, 0x08, 0x63, 0x08, 0x63, 0x08, 0x63, 0x08,
  0x84, 0x10, 0x63, 0x08, 0x63, 0x08, 0x47, 0x19, 0x63, 0x08, 0x63, 0x08, 0x63, 0x08, 0x63, 0x08, 0x63, 0x08, 0x63, 0x08, 0x63, 0x08, 0x63, 0x08, 0x63, 0x08, 0x63, 0x08, 0x63, 0x08, 0x63, 0x08,
  0x63, 0x08, 0x27, 0x19, 0x63, 0x08, 0x63, 0x08, 0x63, 0x08, 0x63, 0x08, 0x63, 0x08, 0x63, 0x08, 0x63, 0x08, 0x63, 0x08, 0x63, 0x08, 0x63, 0x08, 0x63, 0x08, 0x63, 0x08, 0x63, 0x08, 0x27, 0x19,
  0x84, 0x10, 0x63, 0x08, 0x63, 0x08, 0x63, 0x08, 0x63, 0x08, 0x63, 0x08, 0x63, 0x08, 0x63, 0x08, 0x63, 0x08, 0x63, 0x08, 0x63, 0x08, 0x63, 0x08, 0x63, 0x08, 0x63, 0x08, 0x63, 0x08, 0x63, 0x08,
  0x63, 0x08, 0x63, 0x08, 0x63, 0x08, 0x63, 0x08, 0x27, 0x19, 0x63, 0x08, 0x63, 0x08, 0x63, 0x08, 0x63, 0x08, 0x63, 0x08, 0x63, 0x08, 0x63, 0x08, 0x63, 0x08, 0x63, 0x08, 0x63, 0x08, 0x63, 0x08,
  0x84, 0x10, 0x63, 0x08, 0x63, 0x08, 0x26, 0x19, 0x63, 0x08, 0x63, 0x08, 0x63, 0x08, 0x63, 0x08, 0x63, 0x08, 0x63, 0x08, 0x63, 0x08, 0x26, 0x19, 0x06, 0x19, 0x63, 0x08, 0x63, 0x08, 0x63, 0x08,
  0x63, 0x08, 0x63, 0x08, 0x63, 0x08, 0x63, 0x08, 0x63, 0x08, 0x63, 0x08, 0x63, 0x08, 0x63, 0x08, 0x63, 0x08, 0x63, 0x08, 0x63, 0x08, 0x63, 0x08, 0x63, 0x08, 0x63, 0x08, 0x63, 0x08, 0x63, 0x08,
  0x84, 0x10, 0x63, 0x08, 0x63, 0x08, 0x63, 0x08, 0x63, 0x08, 0x63, 0x08, 0x06, 0x19, 0x63, 0x08, 0x63, 0x08, 0x63, 0x08, 0x63, 0x08, 0x63, 0x08, 0x63, 0x08, 0x63, 0x08, 0x63, 0x08, 0x63, 0x08,
  0x63, 0x08, 0x63, 0x08, 0x63, 0x08, 0x63, 0x08, 0x63, 0x08, 0x63, 0x08, 0x63, 0x08, 0x63, 0x08, 0x06, 0x19, 0x63, 0x08, 0x63, 0x08, 0x63, 0x08, 0x63, 0x08, 0x63, 0x08, 0x63, 0x08, 0x63, 0x08,
  0x26, 0x19, 0x63, 0x08, 0x63, 0x08, 0x63, 0x08, 0x63, 0x08, 0x63, 0x08, 0x63, 0x08, 0x63, 0x08, 0x63, 0x08, 0x63, 0x08, 0x63, 0x08, 0x63, 0x08, 0x63, 0x08, 0x63, 0x08, 0x63, 0x08, 0x63, 0x08,
  0x63, 0x08, 0x63, 0x08, 0x63, 0x08, 0x63, 0x08, 0x06, 0x19, 0x63, 0x08, 0x63, 0x08, 0x63, 0x08, 0x63, 0x08, 0x63, 0x08, 0x63, 0x08, 0x63, 0x08, 0x63, 0x08, 0x63, 0x08, 0x63, 0x08, 0x63, 0x08,
  0x47, 0x19, 0x63, 0x08, 0x63, 0x08, 0x63, 0x08, 0x63, 0x08, 0x63, 0x08, 0x63, 0x08, 0x63, 0x08, 0x63, 0x08, 0x63, 0x08, 0x63, 0x08, 0x63, 0x08, 0x63, 0x08, 0x63, 0x08, 0x63, 0x08, 0x26, 0x19,
  0x63, 0x08, 0x63, 0x08, 0x63, 0x08, 0x63, 0x08, 0x63, 0x08, 0x63, 0x08, 0x63, 0x08, 0x63, 0x08, 0x63, 0x08, 0x63, 0x08, 0x63, 0x08, 0x63, 0x08, 0x63, 0x08, 0x63, 0x08, 0x63, 0x08, 0x63, 0x08,
  0x84, 0x10, 0x63, 0x08, 0x63, 0x08, 0x26, 0x19, 0x63, 0x08, 0x63, 0x08, 0x63, 0x08, 0x63, 0x08, 0x63, 0x08, 0x63, 0x08, 0x63, 0x08, 0x63, 0x08, 0x63, 0x08, 0x63, 0x08, 0x63, 0x08, 0x63, 0x08,
  0x63, 0x08, 0x63, 0x08, 0x63, 0x08, 0x63, 0x08, 0x63, 0x08, 0x63, 0x08, 0x63, 0x08, 0x63, 0x08, 0x63, 0x08, 0x63, 0x08, 0x63, 0x08, 0x63, 0x08, 0x63, 0x08, 0x63, 0x08, 0x63, 0x08, 0x63, 0x08,
  0x84, 0x10, 0x63, 0x08, 0x63, 0x08, 0x27, 0x19, 0x63, 0x08, 0x63, 0x08, 0x63, 0x08, 0x63, 0x08, 0x63, 0x08, 0x63, 0x08, 0x63, 0x08, 0x63, 0x08, 0x63, 0x08, 0x63, 0x08, 0x27, 0x19, 0x63, 0x08,
  0x63, 0x08, 0x63, 0x08, 0x63, 0x08, 0x63, 0x08, 0x63, 0x08, 0x63, 0x08, 0x63, 0x08, 0x63, 0x08, 0x63, 0x08, 0x63, 0x08, 0x63, 0x08, 0x63, 0x08, 0x63, 0x08, 0x63, 0x08, 0x47, 0x19, 0x63, 0x08,
  0x84, 0x10, 0x63, 0x08, 0x63, 0x08, 0x63, 0x08, 0x63, 0x08, 0x47, 0x19, 0x63, 0x08, 0x63, 0x08, 0x63, 0x08, 0x63, 0x08, 0x63, 0x08, 0x63, 0x08, 0x63, 0x08, 0x63, 0x08, 0x63, 0x08, 0x63, 0x08,
  0x63, 0x08, 0x63, 0x08, 0x63, 0x08, 0x63, 0x08, 0x63, 0x08, 0x63, 0x08, 0x63, 0x08, 0x63, 0x08, 0x63, 0x08, 0x63, 0x08, 0x63, 0x08, 0x63, 0x08, 0x63, 0x08, 0x63, 0x08, 0x63, 0x08, 0x63, 0x08,
  0x84, 0x10, 0x63, 0x08, 0x63, 0x08, 0x63, 0x08, 0x63, 0x08, 0x63, 0x08, 0x63, 0x08, 0x63, 0x08, 0x63, 0x08, 0x63, 0x08, 0x63, 0x08, 0x63, 0x08, 0x63, 0x08, 0x63, 0x08, 0x63, 0x08, 0x63, 0x08,
  0x63, 0x08, 0x63, 0x08, 0x63, 0x08, 0x63, 0x08, 0x63, 0x08, 0x63, 0x08, 0x63, 0x08, 0x63, 0x08, 0x63, 0x08, 0x63, 0x08, 0x63, 0x08, 0x63, 0x08, 0x63, 0x08, 0x63, 0x08, 0x63, 0x08, 0x63, 0x08,
  0x84, 0x10, 0x63, 0x08, 0x47, 0x19, 0x63, 0x08, 0x63, 0x08, 0x63, 0x08, 0x63, 0x08, 0x63, 0x08, 0x63, 0x08, 0x63, 0x08, 0x63, 0x08, 0x63, 0x08, 0x63, 0x08, 0x63, 0x08, 0x63, 0x08, 0x63, 0x08,
  0x27, 0x19, 0x63, 0x08, 0x63, 0x08, 0x63, 0x08, 0x63, 0x08, 0x63, 0x08, 0x63, 0x08, 0x63, 0x08, 0x63, 0x08, 0x63, 0x08, 0x63, 0x08, 0x63, 0x08, 0x63, 0x08, 0x63, 0x08, 0x27, 0x19, 0x63, 0x08,
  0x84, 0x10, 0x63, 0x08, 0x63, 0x08, 0x63, 0x08, 0x63, 0x08, 0x63, 0x08, 0x63, 0x08, 0x63, 0x08, 0x63, 0x08, 0x63, 0x08, 0x63, 0x08, 0x63, 0x08, 0x63, 0x08, 0x63, 0x08, 0x63, 0x08, 0x63, 0x08,
  0x63, 0x08, 0x63, 0x08, 0x63, 0x08, 0x63, 0x08, 0x27, 0x19, 0x63, 0x08, 0x63, 0x08, 0x63, 0x08, 0x63, 0x08, 0x63, 0x08, 0x63, 0x08, 0x63, 0x08, 0x63, 0x08, 0x63, 0x08, 0x63, 0x08, 0x63, 0x08,
  0x84, 0x10, 0x63, 0x08, 0x63, 0x08, 0x26, 0x19, 0x63, 0x08, 0x63, 0x08, 0x63, 0x08, 0x63, 0x08, 0x63, 0x08, 0x63, 0x08, 0x63, 0x08, 0x06, 0x19, 0x63, 0x08, 0x63, 0x08, 0x63, 0x08, 0x63, 0x08,
  0x63, 0x08, 0x63, 0x08, 0x63, 0x08, 0x63, 0x08, 0x63, 0x08, 0x63, 0x08, 0x63, 0x08, 0x63, 0x08, 0x63, 0x08, 0x63, 0x08, 0x63, 0x08, 0x63, 0x08, 0x63, 0x08, 0x63, 0x08, 0x63, 0x08, 0x63, 0x08,
  0x84, 0x10, 0x63, 0x08, 0x63, 0x08, 0x63, 0x08, 0x63, 0x08, 0x63, 0x08, 0x06, 0x19, 0x63, 0x08, 0x63, 0x08, 0x63, 0x08, 0x63, 0x08, 0x63, 0x08, 0x63, 0x08, 0x63, 0x08, 0x63, 0x08, 0x63, 0x08,
  0x63, 0x08, 0x63, 0x08, 0x63, 0x08, 0x63, 0x08, 0x63, 0x08, 0x63, 0x08, 0x63, 0x08, 0x63, 0x08, 0x06, 0x19, 0x63, 0x08, 0x63, 0x08, 0x63, 0x08, 0x63, 0x08, 0x63, 0x08, 0x63, 0x08, 0x63, 0x08,
  0x26, 0x19, 0x63, 0x08, 0x63, 0x08, 0x63, 0x08, 0x63, 0x08, 0x63, 0x08, 0x63, 0x08, 0x63, 0x08, 0x63, 0x08, 0x63, 0x08, 0x63, 0x08, 0x63, 0x08, 0x63, 0x08, 0x63, 0x08, 0x63, 0x08, 0x63, 0x08,
  0x63, 0x08, 0x63, 0x08, 0x63, 0x08, 0x63, 0x08, 0x63, 0x08, 0x06, 0x19, 0x63, 0x08, 0x63, 0x08, 0x63, 0x08, 0x63, 0x08, 0x63, 0x08, 0x63, 0x08, 0x63, 0x08, 0x63, 0x08, 0x63, 0x08, 0x63, 0x08,
  0x84, 0x10, 0x06, 0x19, 0x63, 0x08, 0x63, 0x08, 0x63, 0x08, 0x63, 0x08, 0x63, 0x08, 0x63, 0x08, 0x63, 0x08, 0x63, 0x08, 0x63, 0x08, 0x63, 0x08, 0x63, 0x08, 0x63, 0x08, 0x63, 0x08, 0x63, 0x08,
  0x26, 0x19, 0x63, 0x08, 0x63, 0x08, 0x63, 0x08, 0x63, 0x08, 0x63, 0x08, 0x63, 0x08, 0x63, 0x08, 0x63, 0x08, 0x63, 0x08, 0x63, 0x08, 0x63, 0x08, 0x63, 0x08, 0x63, 0x08, 0x63, 0x08, 0x63, 0x08,
  0x84, 0x10, 0x63, 0x08, 0x63, 0x08, 0x26, 0x19, 0x63, 0x08, 0x63, 0x08, 0x63, 0x08, 0x63, 0x08, 0x63, 0x08, 0x63, 0x08, 0x63, 0x08, 0x63, 0x08, 0x63, 0x08, 0x63, 0x08, 0x63, 0x08, 0x63, 0x08,
  0x63, 0x08, 0x63, 0x08, 0x63, 0x08, 0x63, 0x08, 0x63, 0x08, 0x63, 0x08, 0x63, 0x08, 0x63, 0x08, 0x63, 0x08, 0x63, 0x08, 0x63, 0x08, 0x63, 0x08, 0x63, 0x08, 0x63, 0x08, 0x63, 0x08, 0x63, 0x08,
  0x84, 0x10, 0x63, 0x08, 0x63, 0x08, 0x27, 0x19, 0x63, 0x08, 0x63, 0x08, 0x63, 0x08, 0x63, 0x08, 0x63, 0x08, 0x63, 0x08, 0x63, 0x08, 0x63, 0x08, 0x63, 0x08, 0x63, 0x08, 0x27, 0x19, 0x63, 0x08,
  0x63, 0x08, 0x63, 0x08, 0x63, 0x08, 0x63, 0x08, 0x63, 0x08, 0x63, 0x08, 0x63, 0x08, 0x63, 0x08, 0x63, 0x08, 0x63, 0x08, 0x63, 0x08, 0x63, 0x08, 0x63, 0x08, 0x63, 0x08, 0x47, 0x19, 0x63, 0x08,
  0x84, 0x10, 0x63, 0x08, 0x63, 0x08, 0x63, 0x08, 0x63, 0x08, 0x63, 0x08, 0x47, 0x19, 0x63, 0x08, 0x63, 0x08, 0x63, 0x08, 0x63, 0x08, 0x63, 0x08, 0x63, 0x08, 0x63, 0x08, 0x63, 0x08, 0x63, 0x08,
  0x63, 0x08, 0x63, 0x08, 0x63, 0x08, 0x63, 0x08, 0x63, 0x08, 0x63, 0x08, 0x63, 0x08, 0x63, 0x08, 0x63, 0x08, 0x63, 0x08, 0x63, 0x08, 0x63, 0x08, 0x63, 0x08, 0x63, 0x08, 0x63, 0x08, 0x63, 0x08,
  0x84, 0x10, 0x63, 0x08, 0x63, 0x08, 0x63, 0x08, 0x63, 0x08, 0x63, 0x08, 0x63, 0x08, 0x63, 0x08, 0x63, 0x08, 0x63, 0x08, 0x63, 0x08, 0x63, 0x08, 0x63, 0x08, 0x63, 0x08, 0x63, 0x08, 0x63, 0x08,
  0x63, 0x08, 0x63, 0x08, 0x63, 0x08, 0x63, 0x08, 0x63, 0x08, 0x63, 0x08, 0x63, 0x08, 0x63, 0x08, 0x63, 0x08, 0x63, 0x08, 0x63, 0x08, 0x63, 0x08, 0x63, 0x08, 0x63, 0x08, 0x63, 0x08, 0x63, 0x08,
  0x84, 0x10, 0x47, 0x19, 0x63, 0x08, 0x63, 0x08, 0x63, 0x08, 0x63, 0x08, 0x63, 0x08, 0x63, 0x08, 0x63, 0x08, 0x63, 0x08, 0x63, 0x08, 0x63, 0x08, 0x63, 0x08, 0x63, 0x08, 0x63, 0x08, 0x27, 0x19,
  0x63, 0x08, 0x63, 0x08, 0x63, 0x08, 0x63, 0x08, 0x63, 0x08, 0x63, 0x08, 0x63, 0x08, 0x63, 0x08, 0x63, 0x08, 0x63, 0x08, 0x63, 0x08, 0x63, 0x08, 0x63, 0x08, 0x27, 0x19, 0x63, 0x08, 0x63, 0x08,
  0x84, 0x10, 0x63, 0x08, 0x63, 0x08, 0x63, 0x08, 0x63, 0x08, 0x63, 0x08, 0x63, 0x08, 0x63, 0x08, 0x63, 0x08, 0x63, 0x08, 0x63, 0x08, 0x63, 0x08, 0x63, 0x08, 0x63, 0x08, 0x63, 0x08, 0x63, 0x08,
  0x63, 0x08, 0x63, 0x08, 0x63, 0x08, 0x63, 0x08, 0x27, 0x19, 0x63, 0x08, 0x63, 0x08, 0x63, 0x08, 0x63, 0x08, 0x63, 0x08, 0x63, 0x08, 0x63, 0x08, 0x63, 0x08, 0x63, 0x08, 0x63, 0x08, 0x63, 0x08,
  0x84, 0x10, 0x63, 0x08, 0x63, 0x08, 0x26, 0x19, 0x63, 0x08, 0x63, 0x08, 0x63, 0x08, 0x63, 0x08, 0x63, 0x08, 0x63, 0x08, 0x06, 0x19, 0x26, 0x19, 0x63, 0x08, 0x63, 0x08, 0x63, 0x08, 0x63, 0x08,
  0x63, 0x08, 0x63, 0x08, 0x63, 0x08, 0x63, 0x08, 0x63, 0x08, 0x63, 0x08, 0x63, 0x08, 0x63, 0x08, 0x63, 0x08, 0x63, 0x08, 0x63, 0x08, 0x63, 0x08, 0x63, 0x08, 0x63, 0x08, 0x63, 0x08, 0x63, 0x08,
  0x84, 0x10, 0x63, 0x08, 0x63, 0x08, 0x63, 0x08, 0x63, 0x08, 0x63, 0x08, 0x06, 0x19, 0x63, 0x08, 0x63, 0x08, 0x63, 0x08, 0x63, 0x08, 0x63, 0x08, 0x63, 0x08, 0x63, 0x08, 0x63, 0x08, 0x63, 0x08,
  0x63, 0x08, 0x63, 0x08, 0x63, 0x08, 0x63, 0x08, 0x63, 0x08, 0x63, 0x08, 0x63, 0x08, 0x63, 0x08, 0x06, 0x19, 0x63, 0x08, 0x63, 0x08, 0x63, 0x08, 0x63, 0x08, 0x63, 0x08, 0x63, 0x08, 0x63, 0x08,
  0x26, 0x19, 0x63, 0x08, 0x63, 0x08, 0x63, 0x08, 0x63, 0x08, 0x63, 0x08, 0x63, 0x08, 0x63, 0x08, 0x63, 0x08, 0x63, 0x08, 0x63, 0x08, 0x63, 0x08, 0x63, 0x08, 0x63, 0x08, 0x63, 0x08, 0x63, 0x08,
  0x63, 0x08, 0x63, 0x08, 0x63, 0x08, 0x63, 0x08, 0x63, 0x08, 0x63, 0x08, 0x06, 0x19, 0x63, 0x08, 0x63, 0x08, 0x63, 0x08, 0x63, 0x08, 0x63, 0x08, 0x63, 0x08, 0x63, 0x08, 0x63, 0x08, 0x63, 0x08,
  0x84, 0x10, 0x63, 0x08, 0x06, 0x19, 0x63, 0x08, 0x63, 0x08, 0x63, 0x08, 0x63, 0x08, 0x63, 0x08, 0x63, 0x08, 0x63, 0x08, 0x63, 0x08, 0x63, 0x08, 0x63, 0x08, 0x63, 0x08, 0x63, 0x08, 0x63, 0x08,
  0x63, 0x08, 0x26, 0x19, 0x63, 0x08, 0x63, 0x08, 0x63, 0x08, 0x63, 0x08, 0x63, 0x08, 0x63, 0x08, 0x63, 0x08, 0x63, 0x08, 0x63, 0x08, 0x63, 0x08, 0x63, 0x08, 0x63, 0x08, 0x63, 0x08, 0x63, 0x08,
  0x84, 0x10, 0x63, 0x08, 0x63, 0x08, 0x26, 0x19, 0x63, 0x08, 0x63, 0x08, 0x63, 0x08, 0x63, 0x08, 0x63, 0x08, 0x63, 0x08, 0x63, 0x08, 0x63, 0x08, 0x63, 0x08, 0x63, 0x08, 0x63, 0x08, 0x63, 0x08,
  0x63, 0x08, 0x63, 0x08, 0x63, 0x08, 0x63, 0x08, 0x63, 0x08, 0x63, 0x08, 0x63, 0x08, 0x63, 0x08, 0x63, 0x08, 0x63, 0x08, 0x63, 0x08, 0x63, 0x08, 0x63, 0x08, 0x63, 0x08, 0x63, 0x08, 0x63, 0x08,
  0x84, 0x10, 0x63, 0x08, 0x63, 0x08, 0x27, 0x19, 0x63, 0x08, 0x63, 0x08, 0x63, 0x08, 0x63, 0x08, 0x63, 0x08, 0x63, 0x08, 0x63, 0x08, 0x63, 0x08, 0x63, 0x08, 0x63, 0x08, 0x27, 0x19, 0x63, 0x08,
  0x63, 0x08, 0x63, 0x08, 0x63, 0x08, 0x63, 0x08, 0x63, 0x08, 0x63, 0x08, 0x63, 0x08, 0x63, 0x08, 0x63, 0x08, 0x63, 0x08, 0x63, 0x08, 0x63, 0x08, 0x63, 0x08, 0x63, 0x08, 0x47, 0x19, 0x63, 0x08,
  0x84, 0x10, 0x63, 0x08, 0x63, 0x08, 0x63, 0x08, 0x63, 0x08, 0x63, 0x08, 0x63, 0x08, 0x47, 0x19, 0x63, 0x08, 0x63, 0x08, 0x63, 0x08, 0x63, 0x08, 0x63, 0x08, 0x63, 0x08, 0x63, 0x08, 0x63, 0x08,
  0x63, 0x08, 0x63, 0x08, 0x63, 0x08, 0x63, 0x08, 0x63, 0x08, 0x63, 0x08, 0x63, 0x08, 0x63, 0x08, 0x63, 0x08, 0x63, 0x08, 0x63, 0x08, 0x63, 0x08, 0x63, 0x08, 0x63, 0x08, 0x63, 0x08, 0x63, 0x08,
  0x84, 0x10, 0x63, 0x08, 0x63, 0x08, 0x63, 0x08, 0x63, 0x08, 0x63, 0x08, 0x63, 0x08, 0x63, 0x08, 0x63, 0x08, 0x63, 0x08, 0x63, 0x08, 0x63, 0x08, 0x63, 0x08, 0x63, 0x08, 0x63, 0x08, 0x63, 0x08,
  0x63, 0x08, 0x63, 0x08, 0x63, 0x08, 0x63, 0x08, 0x63, 0x08, 0x63, 0x08, 0x63, 0x08, 0x63, 0x08, 0x63, 0x08, 0x63, 0x08, 0x63, 0x08, 0x63, 0x08, 0x63, 0x08, 0x63, 0x08, 0x63, 0x08, 0x63, 0x08,
  0x68, 0x19, 0x63, 0x08, 0x63, 0x08, 0x63, 0x08, 0x63, 0x08, 0x63, 0x08, 0x63, 0x08, 0x63, 0x08, 0x63, 0x08, 0x63, 0x08, 0x63, 0x08, 0x63, 0x08, 0x63, 0x08, 0x63, 0x08, 0x27, 0x19, 0x63, 0x08,
  0x63, 0x08, 0x63, 0x08, 0x63, 0x08, 0x63, 0x08, 0x63, 0x08, 0x63, 0x08, 0x63, 0x08, 0x63, 0x08, 0x63, 0x08, 0x63, 0x08, 0x63, 0x08, 0x63, 0x08, 0x27, 0x19, 0x63, 0x08, 0x63, 0x08, 0x63, 0x08,
  0x84, 0x10, 0x63, 0x08, 0x63, 0x08, 0x63, 0x08, 0x63, 0x08, 0x63, 0x08, 0x63, 0x08, 0x63, 0x08, 0x63, 0x08, 0x63, 0x08, 0x63, 0x08, 0x63, 0x08, 0x63, 0x08, 0x63, 0x08, 0x63, 0x08, 0x63, 0x08,
  0x63, 0x08, 0x63, 0x08, 0x63, 0x08, 0x63, 0x08, 0x27, 0x19, 0x63, 0x08, 0x63, 0x08, 0x63, 0x08, 0x63, 0x08, 0x63, 0x08, 0x63, 0x08, 0x63, 0x08, 0x63, 0x08, 0x63, 0x08, 0x63, 0x08, 0x63, 0x08,
  0x84, 0x10, 0x63, 0x08, 0x63, 0x08, 0x26, 0x19, 0x63, 0x08, 0x63, 0x08, 0x63, 0x08, 0x63, 0x08, 0x63, 0x08, 0x06, 0x19, 0x63, 0x08, 0x26, 0x19, 0x63, 0x08, 0x63, 0x08, 0x63, 0x08, 0x63, 0x08,
  0x63, 0x08, 0x63, 0x08, 0x63, 0x08, 0x63, 0x08, 0x63, 0x08, 0x63, 0x08, 0x63, 0x08, 0x63, 0x08, 0x63, 0x08, 0x63, 0x08, 0x63, 0x08, 0x63, 0x08, 0x63, 0x08, 0x63, 0x08, 0x63, 0x08, 0x63, 0x08,
  0x84, 0x10, 0x63, 0x08, 0x63, 0x08, 0x63, 0x08, 0x63, 0x08, 0x63, 0x08, 0x06, 0x19, 0x63, 0x08, 0x63, 0x08, 0x63, 0x08, 0x63, 0x08, 0x63, 0x08, 0x63, 0x08, 0x63, 0x08, 0x63, 0x08, 0x63, 0x08,
  0x63, 0x08, 0x63, 0x08, 0x63, 0x08, 0x63, 0x08, 0x63, 0x08, 0x63, 0x08, 0x63, 0x08, 0x63, 0x08, 0x06, 0x19, 0x63, 0x08, 0x63, 0x08, 0x63, 0x08, 0x63, 0x08, 0x63, 0x08, 0x63, 0x08, 0x63, 0x08,
  0x26, 0x19, 0x63, 0x08, 0x63, 0x08, 0x63, 0x08, 0x63, 0x08, 0x63, 0x08, 0x63, 0x08, 0x63, 0x08, 0x63, 0x08, 0x63, 0x08, 0x63, 0x08, 0x63, 0x08, 0x63, 0x08, 0x63, 0x08, 0x63, 0x08, 0x63, 0x08,
  0x63, 0x08, 0x63, 0x08, 0x63, 0x08, 0x63, 0x08, 0x63, 0x08, 0x63, 0x08, 0x63, 0x08, 0x06, 0x19, 0x63, 0x08, 0x63, 0x08, 0x63, 0x08, 0x63, 0x08, 0x63, 0x08, 0x63, 0x08, 0x63, 0x08, 0x63, 0x08,
  0x84, 0x10, 0x63, 0x08, 0x63, 0x08, 0x06, 0x19, 0x63, 0x08, 0x63, 0x08, 0x63, 0x08, 0x63, 0x08, 0x63, 0x08, 0x63, 0x08, 0x63, 0x08, 0x63, 0x08, 0x63, 0x08, 0x63, 0x08, 0x63, 0x08, 0x63, 0x08,
  0x63, 0x08, 0x63, 0x08, 0x26, 0x19, 0x63, 0x08, 0x63, 0x08, 0x63, 0x08, 0x63, 0x08, 0x63, 0x08, 0x63, 0x08, 0x63, 0x08, 0x63, 0x08, 0x63, 0x08, 0x63, 0x08, 0x63, 0x08, 0x27, 0x19, 0x27, 0x19,
  0x47, 0x19, 0x63, 0x08, 0x63, 0x08, 0x26, 0x19, 0x63, 0x08, 0x63, 0x08, 0x63, 0x08, 0x63, 0x08, 0x63, 0x08, 0x63, 0x08, 0x63, 0x08, 0x63, 0x08, 0x63, 0x08, 0x63, 0x08, 0x63, 0x08, 0x63, 0x08,
  0x63, 0x08, 0x63, 0x08, 0x63, 0x08, 0x63, 0x08, 0x63, 0x08, 0x63, 0x08, 0x63, 0x08, 0x63, 0x08, 0x63, 0x08, 0x63, 0x08, 0x63, 0x08, 0x63, 0x08, 0x63, 0x08, 0x63, 0x08, 0x63, 0x08, 0x63, 0x08,
  0x84, 0x10, 0x63, 0x08, 0x63, 0x08, 0x27, 0x19, 0x63, 0x08, 0x63, 0x08, 0x63, 0x08, 0x63, 0x08, 0x63, 0x08, 0x63, 0x08, 0x63, 0x08, 0x63, 0x08, 0x63, 0x08, 0x63, 0x08, 0x27, 0x19, 0x63, 0x08,
  0x63, 0x08, 0x63, 0x08, 0x63, 0x08, 0x63, 0x08, 0x63, 0x08, 0x63, 0x08, 0x63, 0x08, 0x63, 0x08, 0x63, 0x08, 0x63, 0x08, 0x63, 0x08, 0x63, 0x08, 0x63, 0x08, 0x63, 0x08, 0x47, 0x19, 0x63, 0x08,
  0x84, 0x10, 0x63, 0x08, 0x63, 0x08, 0x63, 0x08, 0x63, 0x08, 0x63, 0x08, 0x63, 0x08, 0x63, 0x08, 0x47, 0x19, 0x63, 0x08, 0x63, 0x08, 0x63, 0x08, 0x63, 0x08, 0x63, 0x08, 0x63, 0x08, 0x63, 0x08,
  0x63, 0x08, 0x63, 0x08, 0x63, 0x08, 0x63, 0x08, 0x63, 0x08, 0x63, 0x08, 0x63, 0x08, 0x63, 0x08, 0x63, 0x08, 0x63, 0x08, 0x63, 0x08, 0x63, 0x08, 0x63, 0x08, 0x63, 0x08, 0x63, 0x08, 0x63, 0x08,
  0x84, 0x10, 0x63, 0x08, 0x63, 0x08, 0x63, 0x08, 0x63, 0x08, 0x63, 0x08, 0x63, 0x08, 0x63, 0x08, 0x63, 0x08, 0x63, 0x08, 0x63, 0x08, 0x63, 0x08, 0x63, 0x08, 0x63, 0x08, 0x63, 0x08, 0x63, 0x08,
  0x63, 0x08, 0x63, 0x08, 0x63, 0x08, 0x63, 0x08, 0x63, 0x08, 0x63, 0x08, 0x63, 0x08, 0x63, 0x08, 0x63, 0x08, 0x63, 0x08, 0x63, 0x08, 0x63, 0x08, 0x63, 0x08, 0x63, 0x08, 0x63, 0x08, 0x47, 0x19,
  0x84, 0x10, 0x63, 0x08, 0x63, 0x08, 0x63, 0x08, 0x63, 0x08, 0x63, 0x08, 0x63, 0x08, 0x63, 0x08, 0x63, 0x08, 0x63, 0x08, 0x63, 0x08, 0x63, 0x08, 0x63, 0x08, 0x27, 0x19, 0x63, 0x08, 0x63, 0x08,
  0x63, 0x08, 0x63, 0x08, 0x63, 0x08, 0x63, 0x08, 0x63, 0x08, 0x63, 0x08, 0x63, 0x08, 0x63, 0x08, 0x63, 0x08, 0x63, 0x08, 0x63, 0x08, 0x27, 0x19, 0x63, 0x08, 0x63, 0x08, 0x63, 0x08, 0x63, 0x08,
  0x84, 0x10, 0x63, 0x08, 0x63, 0x08, 0x63, 0x08, 0x63, 0x08, 0x63, 0x08, 0x63, 0x08, 0x63, 0x08, 0x63, 0x08, 0x63, 0x08, 0x63, 0x08, 0x63, 0x08, 0x63, 0x08, 0x63, 0x08, 0x63, 0x08, 0x63, 0x08,
  0x63, 0x08, 0x63, 0x08, 0x63, 0x08, 0x63, 0x08, 0x27, 0x19, 0x63, 0x08, 0x63, 0x08, 0x63, 0x08, 0x63, 0x08, 0x63, 0x08, 0x63, 0x08, 0x63, 0x08, 0x63, 0x08, 0x63, 0x08, 0x63, 0x08, 0x63, 0x08,
  0x84, 0x10, 0x63, 0x08, 0x63, 0x08, 0x26, 0x19, 0x63, 0x08, 0x63, 0x08, 0x63, 0x08, 0x63, 0x08, 0x06, 0x19, 0x63, 0x08, 0x63, 0x08, 0x26, 0x19, 0x63, 0x08, 0x63, 0x08, 0x63, 0x08, 0x63, 0x08,
  0x63, 0x08, 0x63, 0x08, 0x63, 0x08, 0x63, 0x08, 0x63, 0x08, 0x63, 0x08, 0x63, 0x08, 0x63, 0x08, 0x63, 0x08, 0x63, 0x08, 0x63, 0x08, 0x63, 0x08, 0x63, 0x08, 0x63, 0x08, 0x63, 0x08, 0x63, 0x08,
  0x84, 0x10, 0x63, 0x08, 0x63, 0x08, 0x63, 0x08, 0x63, 0x08, 0x63, 0x08, 0x06, 0x19, 0x63, 0x08, 0x63, 0x08, 0x63, 0x08, 0x63, 0x08, 0x63, 0x08, 0x63, 0x08, 0x63, 0x08, 0x63, 0x08, 0x63, 0x08,
  0x63, 0x08, 0x63, 0x08, 0x63, 0x08, 0x63, 0x08, 0x63, 0x08, 0x63, 0x08, 0x63, 0x08, 0x63, 0x08, 0x06, 0x19, 0x63, 0x08, 0x63, 0x08, 0x63, 0x08, 0x63, 0x08, 0x63, 0x08, 0x63, 0x08, 0x63, 0x08,
  0x26, 0x19, 0x63, 0x08, 0x63, 0x08, 0x63, 0x08, 0x63, 0x08, 0x63, 0x08, 0x63, 0x08, 0x63, 0x08, 0x63, 0x08, 0x63, 0x08, 0x63, 0x08, 0x63, 0x08, 0x63, 0x08, 0x63, 0x08, 0x63, 0x08, 0x63, 0x08,
  0x63, 0x08, 0x63, 0x08, 0x63, 0x08, 0x63, 0x08, 0x63, 0x08, 0x63, 0x08, 0x63, 0x08, 0x63, 0x08, 0x06, 0x19, 0x63, 0x08, 0x63, 0x08, 0x63, 0x08, 0x63, 0x08, 0x63, 0x08, 0x63, 0x08, 0x63, 0x08,
  0x84, 0x10, 0x63, 0x08, 0x63, 0x08, 0x63, 0x08, 0x06, 0x19, 0x63, 0x08, 0x63, 0x08, 0x63, 0x08, 0x63, 0x08, 0x63, 0x08, 0x63, 0x08, 0x63, 0x08, 0x63, 0x08, 0x63, 0x08, 0x63, 0x08, 0x63, 0x08,
  0x63, 0x08, 0x63, 0x08, 0x63, 0x08, 0x26, 0x19, 0x63, 0x08, 0x63, 0x08, 0x63, 0x08, 0x63, 0x08, 0x63, 0x08, 0x63, 0x08, 0x63, 0x08, 0x63, 0x08, 0x63, 0x08, 0x27, 0x19, 0x27, 0x19, 0x27, 0x19,
  0x47, 0x19, 0x27, 0x19, 0x63, 0x08, 0x26, 0x19, 0x63, 0x08, 0x63, 0x08, 0x63, 0x08, 0x63, 0x08, 0x63, 0x08, 0x63, 0x08, 0x63, 0x08, 0x63, 0x08, 0x63, 0x08, 0x63, 0x08, 0x63, 0x08, 0x63, 0x08,
  0x63, 0x08, 0x63, 0x08, 0x63, 0x08, 0x63, 0x08, 0x63, 0x08, 0x63, 0x08, 0x63, 0x08, 0x63, 0x08, 0x63, 0x08, 0x63, 0x08, 0x63, 0x08, 0x63, 0x08, 0x63, 0x08, 0x63, 0x08, 0x63, 0x08, 0x63, 0x08,
  0x84, 0x10, 0x63, 0x08, 0x63, 0x08, 0x27, 0x19, 0x63, 0x08, 0x63, 0x08, 0x63, 0x08, 0x63, 0x08, 0x63, 0x08, 0x63, 0x08, 0x63, 0x08, 0x63, 0x08, 0x63, 0x08, 0x63, 0x08, 0x27, 0x19, 0x63, 0x08,
  0x63, 0x08, 0x63, 0x08, 0x63, 0x08, 0x63, 0x08, 0x63, 0x08, 0x63, 0x08, 0x63, 0x08, 0x63, 0x08, 0x63, 0x08, 0x63, 0x08, 0x63, 0x08, 0x63, 0x08, 0x63, 0x08, 0x63, 0x08, 0x47, 0x19, 0x63, 0x08,
  0x84, 0x10, 0x63, 0x08, 0x63, 0x08, 0x63, 0x08, 0x63, 0x08, 0x63, 0x08, 0x63, 0x08, 0x63, 0x08, 0x63, 0x08, 0x47, 0x19, 0x63, 0x08, 0x63, 0x08, 0x63, 0x08, 0x63, 0x08, 0x63, 0x08, 0x63, 0x08,
  0x63, 0x08, 0x63, 0x08, 0x63, 0x08, 0x63, 0x08, 0x63, 0x08, 0x63, 0x08, 0x63, 0x08, 0x63, 0x08, 0x63, 0x08, 0x63, 0x08, 0x63, 0x08, 0x63, 0x08, 0x63, 0x08, 0x63, 0x08, 0x63, 0x08, 0x63, 0x08,
  0x84, 0x10, 0x63, 0x08, 0x63, 0x08, 0x63, 0x08, 0x63, 0x08, 0x63, 0x08, 0x63, 0x08, 0x63, 0x08, 0x63, 0x08, 0x63, 0x08, 0x63, 0x08, 0x63, 0x08, 0x63, 0x08, 0x63, 0x08, 0x63, 0x08, 0x63, 0x08,
  0x63, 0x08, 0x63, 0x08, 0x63, 0x08, 0x63, 0x08, 0x63, 0x08, 0x63, 0x08, 0x63, 0x08, 0x63, 0x08, 0x63, 0x08, 0x63, 0x08, 0x63, 0x08, 0x63, 0x08, 0x63, 0x08, 0x63, 0x08, 0x47, 0x19, 0x47, 0x19,
  0x68, 0x19, 0x47, 0x19, 0x47, 0x19, 0x63, 0x08, 0x63, 0x08, 0x63, 0x08, 0x63, 0x08, 0x63, 0x08, 0x63, 0x08, 0x63, 0x08, 0x63, 0x08, 0x63, 0x08, 0x27, 0x19, 0x63, 0x08, 0x63, 0x08, 0x63, 0x08,
  0x63, 0x08, 0x63, 0x08, 0x63, 0x08, 0x63, 0x08, 0x63, 0x08, 0x63, 0x08, 0x63, 0x08, 0x63, 0x08, 0x63, 0x08, 0x63, 0x08, 0x63, 0x08, 0x27, 0x19, 0x63, 0x08, 0x63, 0x08, 0x63, 0x08, 0x63, 0x08,
  0x84, 0x10, 0x63, 0x08, 0x63, 0x08, 0x63, 0x08, 0x63, 0x08, 0x63, 0x08, 0x63, 0x08, 0x63, 0x08, 0x63, 0x08, 0x63, 0x08, 0x63, 0x08, 0x63, 0x08, 0x63, 0x08, 0x63, 0x08, 0x63, 0x08, 0x63, 0x08,
  0x63, 0x08, 0x63, 0x08, 0x63, 0x08, 0x63, 0x08, 0x27, 0x19, 0x63, 0x08, 0x63, 0x08, 0x63, 0x08, 0x63, 0x08, 0x63, 0x08, 0x63, 0x08, 0x63, 0x08, 0x63, 0x08, 0x63, 0x08, 0x63, 0x08, 0x63, 0x08,
  0x84, 0x10, 0x63, 0x08, 0x63, 0x08, 0x26, 0x19, 0x63, 0x08, 0x63, 0x08, 0x63, 0x08, 0x63, 0x08, 0x06, 0x19, 0x63, 0x08, 0x63, 0x08, 0x26, 0x19, 0x63, 0x08, 0x63, 0x08, 0x63, 0x08, 0x63, 0x08,
  0x63, 0x08, 0x63, 0x08, 0x63, 0x08, 0x63, 0x08, 0x63, 0x08, 0x63, 0x08, 0x63, 0x08, 0x63, 0x08, 0x63, 0x08, 0x63, 0x08, 0x63, 0x08, 0x63, 0x08, 0x63, 0x08, 0x63, 0x08, 0x63, 0x08, 0x63, 0x08,
  0x84, 0x10, 0x63, 0x08, 0x63, 0x08, 0x63, 0x08, 0x63, 0x08, 0x63, 0x08, 0x06, 0x19, 0x63, 0x08, 0x63, 0x08, 0x63, 0x08, 0x63, 0x08, 0x63, 0x08, 0x63, 0x08, 0x63, 0x08, 0x63, 0x08, 0x63, 0x08,
  0x63, 0x08, 0x63, 0x08, 0x63, 0x08, 0x63, 0x08, 0x63, 0x08, 0x63, 0x08, 0x63, 0x08, 0x63, 0x08, 0x06, 0x19, 0x63, 0x08, 0x63, 0x08, 0x63, 0x08, 0x63, 0x08, 0x63, 0x08, 0x63, 0x08, 0x63, 0x08,
  0x26, 0x19, 0x63, 0x08, 0x63, 0x08, 0x63, 0x08, 0x63, 0x08, 0x63, 0x08, 0x63, 0x08, 0x63, 0x08, 0x63, 0x08, 0x63, 0x08, 0x63, 0x08, 0x63, 0x08, 0x63, 0x08, 0x63, 0x08, 0x63, 0x08, 0x63, 0x08,
  0x63, 0x08, 0x63, 0x08, 0x63, 0x08, 0x63, 0x08, 0x63, 0x08, 0x63, 0x08, 0x63, 0x08, 0x63, 0x08, 0x63, 0x08, 0x06, 0x19, 0x63, 0x08, 0x63, 0x08, 0x63, 0x08, 0x63, 0x08, 0x63, 0x08, 0x63, 0x08,
  0x84, 0x10, 0x63, 0x08, 0x63, 0x08, 0x63, 0x08, 0x63, 0x08, 0x06, 0x19, 0x63, 0x08, 0x63, 0x08, 0x63, 0x08, 0x63, 0x08, 0x63, 0x08, 0x63, 0x08, 0x63, 0x08, 0x63, 0x08, 0x63, 0x08, 0x63, 0x08,
  0x63, 0x08, 0x63, 0x08, 0x63, 0x08, 0x63, 0x08, 0x26, 0x19, 0x63, 0x08, 0x63, 0x08, 0x63, 0x08, 0x63, 0x08, 0x63, 0x08, 0x63, 0x08, 0x63, 0x08, 0x63, 0x08, 0x27, 0x19, 0x27, 0x19, 0x27, 0x19,
  0x47, 0x19, 0x27, 0x19, 0x63, 0x08, 0x26, 0x19, 0x63, 0x08, 0x63, 0x08, 0x63, 0x08, 0x63, 0x08, 0x63, 0x08, 0x63, 0x08, 0x63, 0x08, 0x63, 0x08, 0x63, 0x08, 0x63, 0x08, 0x63, 0x08, 0x63, 0x08,
  0x63, 0x08, 0x63, 0x08, 0x63, 0x08, 0x63, 0x08, 0x63, 0x08, 0x63, 0x08, 0x63, 0x08, 0x63, 0x08, 0x63, 0x08, 0x63, 0x08, 0x63, 0x08, 0x63, 0x08, 0x63, 0x08, 0x63, 0x08, 0x63, 0x08, 0x63, 0x08,
  0x84, 0x10, 0x63, 0x08, 0x63, 0x08, 0x27, 0x19, 0x63, 0x08, 0x63, 0x08, 0x63, 0x08, 0x63, 0x08, 0x63, 0x08, 0x63, 0x08, 0x63, 0x08, 0x63, 0x08, 0x63, 0x08, 0x63, 0x08, 0x27, 0x19, 0x63, 0x08,
  0x63, 0x08, 0x63, 0x08, 0x63, 0x08, 0x63, 0x08, 0x63, 0x08, 0x63, 0x08, 0x63, 0x08, 0x63, 0x08, 0x63, 0x08, 0x63, 0x08, 0x63, 0x08, 0x63, 0x08, 0x63, 0x08, 0x63, 0x08, 0x47, 0x19, 0x63, 0x08,
  0x84, 0x10, 0x63, 0x08, 0x63, 0x08, 0x63, 0x08, 0x63, 0x08, 0x63, 0x08, 0x63, 0x08, 0x63, 0x08, 0x63, 0x08, 0x63, 0x08, 0x47, 0x19, 0x63, 0x08, 0x63, 0x08, 0x63, 0x08, 0x63, 0x08, 0x63, 0x08,
  0x63, 0x08, 0x63, 0x08, 0x63, 0x08, 0x63, 0x08, 0x63, 0x08, 0x63, 0x08, 0x63, 0x08, 0x63, 0x08, 0x63, 0x08, 0x63, 0x08, 0x63, 0x08, 0x63, 0x08, 0x63, 0x08, 0x63, 0x08, 0x63, 0x08, 0x63, 0x08,
  0x84, 0x10, 0x63, 0x08, 0x63, 0x08, 0x63, 0x08, 0x63, 0x08, 0x63, 0x08, 0x63, 0x08, 0x63, 0x08, 0x63, 0x08, 0x63, 0x08, 0x63, 0x08, 0x63, 0x08, 0x63, 0x08, 0x63, 0x08, 0x63, 0x08, 0x63, 0x08,
  0x63, 0x08, 0x63, 0x08, 0x63, 0x08, 0x63, 0x08, 0x63, 0x08, 0x63, 0x08, 0x63, 0x08, 0x63, 0x08, 0x63, 0x08, 0x63, 0x08, 0x63, 0x08, 0x63, 0x08, 0x63, 0x08, 0x47, 0x19, 0x47, 0x19, 0x47, 0x19,
  0x68, 0x19, 0x47, 0x19, 0x47, 0x19, 0x63, 0x08, 0x63, 0x08, 0x63, 0x08, 0x63, 0x08, 0x63, 0x08, 0x63, 0x08, 0x63, 0x08, 0x63, 0x08, 0x63, 0x08, 0x27, 0x19, 0x63, 0x08, 0x63, 0x08, 0x63, 0x08,
  0x63, 0x08, 0x63, 0x08, 0x63, 0x08, 0x63, 0x08, 0x63, 0x08, 0x63, 0x08, 0x63, 0x08, 0x63, 0x08, 0x63, 0x08, 0x63, 0x08, 0x63, 0x08, 0x27, 0x19, 0x63, 0x08, 0x63, 0x08, 0x63, 0x08, 0x63, 0x08,
  0x84, 0x10, 0x63, 0x08, 0x63, 0x08, 0x63, 0x08, 0x63, 0x08, 0x63, 0x08, 0x63, 0x08, 0x63, 0x08, 0x63, 0x08, 0x63, 0x08, 0x63, 0x08, 0x63, 0x08, 0x63, 0x08, 0x63, 0x08, 0x63, 0x08, 0x63, 0x08,
  0x63, 0x08, 0x63, 0x08, 0x63, 0x08, 0x63, 0x08, 0x27, 0x19, 0x63, 0x08, 0x63, 0x08, 0x63, 0x08, 0x63, 0x08, 0x63, 0x08, 0x63, 0x08, 0x63, 0x08, 0x63, 0x08, 0x63, 0x08, 0x63, 0x08, 0x63, 0x08,
  0x84, 0x10, 0x63, 0x08, 0x63, 0x08, 0x26, 0x19, 0x63, 0x08, 0x63, 0x08, 0x63, 0x08, 0x63, 0x08, 0x06, 0x19, 0x63, 0x08, 0x63, 0x08, 0x26, 0x19, 0x63, 0x08, 0x63, 0x08, 0x63, 0x08, 0x63, 0x08,
  0x63, 0x08, 0x63, 0x08, 0x63, 0x08, 0x63, 0x08, 0x63, 0x08, 0x63, 0x08, 0x63, 0x08, 0x63, 0x08, 0x63, 0x08, 0x63, 0x08, 0x63, 0x08, 0x63, 0x08, 0x63, 0x08, 0x63, 0x08, 0x63, 0x08, 0x63, 0x08,
  0x84, 0x10, 0x63, 0x08, 0x63, 0x08, 0x63, 0x08, 0x63, 0x08, 0x63, 0x08, 0x06, 0x19, 0x63, 0x08, 0x63, 0x08, 0x63, 0x08, 0x63, 0x08, 0x63, 0x08, 0x63, 0x08, 0x63, 0x08, 0x63, 0x08, 0x63, 0x08,
  0x63, 0x08, 0x63, 0x08, 0x63, 0x08, 0x63, 0x08, 0x63, 0x08, 0x63, 0x08, 0x63, 0x08, 0x63, 0x08, 0x06, 0x19, 0x63, 0x08, 0x63, 0x08, 0x63, 0x08, 0x63, 0x08, 0x63, 0x08, 0x63, 0x08, 0x63, 0x08,
  0x26, 0x19, 0x63, 0x08, 0x63, 0x08, 0x63, 0x08, 0x63, 0x08, 0x63, 0x08, 0x63, 0x08, 0x63, 0x08, 0x63, 0x08, 0x63, 0x08, 0x63, 0x08, 0x63, 0x08, 0x63, 0x08, 0x63, 0x08, 0x63, 0x08, 0x63, 0x08,
  0x63, 0x08, 0x63, 0x08, 0x63, 0x08, 0x63, 0x08, 0x63, 0x08, 0x63, 0x08, 0x63, 0x08, 0x63, 0x08, 0x63, 0x08, 0x63, 0x08, 0x06, 0x19, 0x63, 0x08, 0x63, 0x08, 0x63, 0x08, 0x63, 0x08, 0x63, 0x08,
  0x84, 0x10, 0x63, 0x08, 0x63, 0x08, 0x63, 0x08, 0x63, 0x08, 0x63, 0x08, 0x06, 0x19, 0x63, 0x08, 0x63, 0x08, 0x63, 0x08, 0x63, 0x08, 0x63, 0x08, 0x63, 0x08, 0x63, 0x08, 0x63, 0x08, 0x63, 0x08,
  0x63, 0x08, 0x63, 0x08, 0x63, 0x08, 0x63, 0x08, 0x63, 0x08, 0x26, 0x19, 0x63, 0x08, 0x63, 0x08, 0x63, 0x08, 0x63, 0x08, 0x63, 0x08, 0x63, 0x08, 0x63, 0x08, 0x26, 0x19, 0x26, 0x19, 0x26, 0x19,
  0x47, 0x19, 0x26, 0x19, 0x63, 0x08, 0x26, 0x19, 0x63, 0x08, 0x63, 0x08, 0x63, 0x08, 0x63, 0x08, 0x63, 0x08, 0x63, 0x08, 0x63, 0x08, 0x63, 0x08, 0x63, 0x08, 0x63, 0x08, 0x63, 0x08, 0x63, 0x08,
  0x63, 0x08, 0x63, 0x08, 0x63, 0x08, 0x63, 0x08, 0x63, 0x08, 0x63, 0x08, 0x63, 0x08, 0x63, 0x08, 0x63, 0x08, 0x63, 0x08, 0x63, 0x08, 0x63, 0x08, 0x63, 0x08, 0x63, 0x08, 0x63, 0x08, 0x63, 0x08,
  0x84, 0x10, 0x63, 0x08, 0x63, 0x08, 0x27, 0x19, 0x63, 0x08, 0x63, 0x08, 0x63, 0x08, 0x63, 0x08, 0x63, 0x08, 0x63, 0x08, 0x63, 0x08, 0x63, 0x08, 0x63, 0x08, 0x63, 0x08, 0x27, 0x19, 0x63, 0x08,
  0x63, 0x08, 0x63, 0x08, 0x63, 0x08, 0x63, 0x08, 0x63, 0x08, 0x63, 0x08, 0x63, 0x08, 0x63, 0x08, 0x63, 0x08, 0x63, 0x08, 0x63, 0x08, 0x63, 0x08, 0x63, 0x08, 0x63, 0x08, 0x47, 0x19, 0x63, 0x08,
  0x84, 0x10, 0x63, 0x08, 0x63, 0x08, 0x63, 0x08, 0x63, 0x08, 0x63, 0x08, 0x63, 0x08, 0x63, 0x08, 0x63, 0x08, 0x63, 0x08, 0x47, 0x19, 0x63, 0x08, 0x63, 0x08, 0x63, 0x08, 0x63, 0x08, 0x63, 0x08,
  0x63, 0x08, 0x63, 0x08, 0x63, 0x08, 0x63, 0x08, 0x63, 0x08, 0x63, 0x08, 0x63, 0x08, 0x63, 0x08, 0x63, 0x08, 0x63, 0x08, 0x63, 0x08, 0x63, 0x08, 0x63, 0x08, 0x63, 0x08, 0x63, 0x08, 0x63, 0x08,
  0x84, 0x10, 0x63, 0x08, 0x63, 0x08, 0x63, 0x08, 0x63, 0x08, 0x63, 0x08, 0x63, 0x08, 0x63, 0x08, 0x63, 0x08, 0x63, 0x08, 0x63, 0x08, 0x63, 0x08, 0x63, 0x08, 0x63, 0x08, 0x63, 0x08, 0x63, 0x08,
  0x63, 0x08, 0x63, 0x08, 0x63, 0x08, 0x63, 0x08, 0x63, 0x08, 0x63, 0x08, 0x63, 0x08, 0x63, 0x08, 0x63, 0x08, 0x63, 0x08, 0x63, 0x08, 0x63, 0x08, 0x63, 0x08, 0x47, 0x19, 0x47, 0x19, 0x47, 0x19,
  0x68, 0x19, 0x47, 0x19, 0x47, 0x19, 0x63, 0x08, 0x63, 0x08, 0x63, 0x08, 0x63, 0x08, 0x63, 0x08, 0x63, 0x08, 0x63, 0x08, 0x63, 0x08, 0x63, 0x08, 0x27, 0x19, 0x63, 0x08, 0x63, 0x08, 0x63, 0x08,
  0x63, 0x08, 0x63, 0x08, 0x63, 0x08, 0x63, 0x08, 0x63, 0x08, 0x63, 0x08, 0x63, 0x08, 0x63, 0x08, 0x63, 0x08, 0x63, 0x08, 0x63, 0x08, 0x27, 0x19, 0x63, 0x08, 0x63, 0x08, 0x63, 0x08, 0x63, 0x08,
  0x84, 0x10, 0x63, 0x08, 0x63, 0x08, 0x63, 0x08, 0x63, 0x08, 0x63, 0x08, 0x63, 0x08, 0x63, 0x08, 0x63, 0x08, 0x63, 0x08, 0x63, 0x08, 0x63, 0x08, 0x63, 0x08, 0x63, 0x08, 0x63, 0x08, 0x63, 0x08,
  0x63, 0x08, 0x63, 0x08, 0x63, 0x08, 0x63, 0x08, 0x26, 0x19, 0x63, 0x08, 0x63, 0x08, 0x63, 0x08, 0x63, 0x08, 0x63, 0x08, 0x63, 0x08, 0x63, 0x08, 0x63, 0x08, 0x63, 0x08, 0x63, 0x08, 0x63, 0x08,
  0x84, 0x10, 0x63, 0x08, 0x63, 0x08, 0x26, 0x19, 0x63, 0x08, 0x63, 0x08, 0x63, 0x08, 0x63, 0x08, 0x06, 0x19, 0x63, 0x08, 0x63, 0x08, 0x26, 0x19, 0x63, 0x08, 0x63, 0x08, 0x63, 0x08, 0x63, 0x08,
  0x63, 0x08, 0x63, 0x08, 0x63, 0x08, 0x63, 0x08, 0x63, 0x08, 0x63, 0x08, 0x63, 0x08, 0x63, 0x08, 0x63, 0x08, 0x63, 0x08, 0x63, 0x08, 0x63, 0x08, 0x63, 0x08, 0x63, 0x08, 0x63, 0x08, 0x63, 0x08,
  0x84, 0x10, 0x63, 0x08, 0x63, 0x08, 0x63, 0x08, 0x63, 0x08, 0x63, 0x08, 0x06, 0x19, 0x63, 0x08, 0x63, 0x08, 0x63, 0x08, 0x63, 0x08, 0x63, 0x08, 0x63, 0x08, 0x63, 0x08, 0x63, 0x08, 0x63, 0x08,
  0x63, 0x08, 0x63, 0x08, 0x63, 0x08, 0x63, 0x08, 0x63, 0x08, 0x63, 0x08, 0x63, 0x08, 0x63, 0x08, 0x05, 0x19, 0x63, 0x08, 0x63, 0x08, 0x63, 0x08, 0x63, 0x08, 0x63, 0x08, 0x63, 0x08, 0x63, 0x08,
  0x26, 0x19, 0x63, 0x08, 0x63, 0x08, 0x63, 0x08, 0x63, 0x08, 0x63, 0x08, 0x63, 0x08, 0x63, 0x08, 0x63, 0x08, 0x63, 0x08, 0x63, 0x08, 0x63, 0x08, 0x63, 0x08, 0x63, 0x08, 0x63, 0x08, 0x63, 0x08,
  0x63, 0x08, 0x63, 0x08, 0x63, 0x08, 0x63, 0x08, 0x63, 0x08, 0x63, 0x08, 0x63, 0x08, 0x63, 0x08, 0x63, 0x08, 0x63, 0x08, 0x63, 0x08, 0x06, 0x19, 0x63, 0x08, 0x63, 0x08, 0x63, 0x08, 0x63, 0x08,
  0x84, 0x10, 0x63, 0x08, 0x63, 0x08, 0x63, 0x08, 0x63, 0x08, 0x63, 0x08, 0x63, 0x08, 0x06, 0x19, 0x63, 0x08, 0x63, 0x08, 0x63, 0x08, 0x63, 0x08, 0x63, 0x08, 0x63, 0x08, 0x63, 0x08, 0x63, 0x08,
  0x63, 0x08, 0x63, 0x08, 0x63, 0x08, 0x63, 0x08, 0x63, 0x08, 0x63, 0x08, 0x26, 0x19, 0x63, 0x08, 0x63, 0x08, 0x63, 0x08, 0x63, 0x08, 0x63, 0x08, 0x63, 0x08, 0x63, 0x08, 0x26, 0x19, 0x26, 0x19,
  0x47, 0x19, 0x26, 0x19, 0x63, 0x08, 0x26, 0x19, 0x63, 0x08, 0x63, 0x08, 0x63, 0x08, 0x63, 0x08, 0x63, 0x08, 0x63, 0x08, 0x63, 0x08, 0x63, 0x08, 0x63, 0x08, 0x63, 0x08, 0x63, 0x08, 0x63, 0x08,
  0x63, 0x08, 0x63, 0x08, 0x63, 0x08, 0x63, 0x08, 0x63, 0x08, 0x63, 0x08, 0x63, 0x08, 0x63, 0x08, 0x63, 0x08, 0x63, 0x08, 0x63, 0x08, 0x63, 0x08, 0x63, 0x08, 0x63, 0x08, 0x63, 0x08, 0x63, 0x08,
  0x84, 0x10, 0x63, 0x08, 0x63, 0x08, 0x27, 0x19, 0x63, 0x08, 0x63, 0x08, 0x63, 0x08, 0x63, 0x08, 0x63, 0x08, 0x63, 0x08, 0x63, 0x08, 0x63, 0x08, 0x63, 0x08, 0x63, 0x08, 0x27, 0x19, 0x63, 0x08,
  0x63, 0x08, 0x63, 0x08, 0x63, 0x08, 0x63, 0x08, 0x63, 0x08, 0x63, 0x08, 0x63, 0x08, 0x63, 0x08, 0x63, 0x08, 0x63, 0x08, 0x63, 0x08, 0x63, 0x08, 0x63, 0x08, 0x63, 0x08, 0x47, 0x19, 0x63, 0x08,
  0x84, 0x10, 0x63, 0x08, 0x63, 0x08, 0x63, 0x08, 0x63, 0x08, 0x63, 0x08, 0x63, 0x08, 0x63, 0x08, 0x63, 0x08, 0x63, 0x08, 0x47, 0x19, 0x63, 0x08, 0x63, 0x08, 0x63, 0x08, 0x63, 0x08, 0x63, 0x08,
  0x63, 0x08, 0x63, 0x08, 0x63, 0x08, 0x63, 0x08, 0x63, 0x08, 0x63, 0x08, 0x63, 0x08, 0x63, 0x08, 0x63, 0x08, 0x63, 0x08, 0x63, 0x08, 0x63, 0x08, 0x63, 0x08, 0x63, 0x08, 0x63, 0x08, 0x63, 0x08,
  0x84, 0x10, 0x63, 0x08, 0x63, 0x08, 0x63, 0x08, 0x63, 0x08, 0x63, 0x08, 0x63, 0x08, 0x63, 0x08, 0x63, 0x08, 0x63, 0x08, 0x63, 0x08, 0x63, 0x08, 0x63, 0x08, 0x63, 0x08, 0x63, 0x08, 0x63, 0x08,
  0x63, 0x08, 0x63, 0x08, 0x63, 0x08, 0x63, 0x08, 0x63, 0x08, 0x63, 0x08, 0x63, 0x08, 0x63, 0x08, 0x63, 0x08, 0x63, 0x08, 0x63, 0x08, 0x63, 0x08, 0x63, 0x08, 0x47, 0x19, 0x47, 0x19, 0x47, 0x19,
  0x68, 0x19, 0x47, 0x19, 0x47, 0x19, 0x63, 0x08, 0x63, 0x08, 0x63, 0x08, 0x63, 0x08, 0x63, 0x08, 0x63, 0x08, 0x63, 0x08, 0x63, 0x08, 0x63, 0x08, 0x27, 0x19, 0x63, 0x08, 0x63, 0x08, 0x63, 0x08,
  0x63, 0x08, 0x63, 0x08, 0x63, 0x08, 0x63, 0x08, 0x63, 0x08, 0x63, 0x08, 0x63, 0x08, 0x63, 0x08, 0x63, 0x08, 0x63, 0x08, 0x63, 0x08, 0x27, 0x19, 0x63, 0x08, 0x63, 0x08, 0x63, 0x08, 0x63, 0x08,
  0x84, 0x10, 0x63, 0x08, 0x63, 0x08, 0x63, 0x08, 0x63, 0x08, 0x63, 0x08, 0x63, 0x08, 0x63, 0x08, 0x63, 0x08, 0x63, 0x08, 0x63, 0x08, 0x63, 0x08, 0x63, 0x08, 0x63, 0x08, 0x63, 0x08, 0x63, 0x08,
  0x63, 0x08, 0x63, 0x08, 0x63, 0x08, 0x63, 0x08, 0x26, 0x19, 0x63, 0x08, 0x63, 0x08, 0x63, 0x08, 0x63, 0x08, 0x63, 0x08, 0x63, 0x08, 0x63, 0x08, 0x63, 0x08, 0x63, 0x08, 0x63, 0x08, 0x63, 0x08,
  0x84, 0x10, 0x63, 0x08, 0x63, 0x08, 0x26, 0x19, 0x63, 0x08, 0x63, 0x08, 0x63, 0x08, 0x63, 0x08, 0x06, 0x19, 0x63, 0x08, 0x63, 0x08, 0x26, 0x19, 0x63, 0x08, 0x63, 0x08, 0x63, 0x08, 0x63, 0x08,
  0x63, 0x08, 0x63, 0x08, 0x63, 0x08, 0x63, 0x08, 0x63, 0x08, 0x63, 0x08, 0x63, 0x08, 0x63, 0x08, 0x63, 0x08, 0x63, 0x08, 0x63, 0x08, 0x63, 0x08, 0x63, 0x08, 0x63, 0x08, 0x63, 0x08, 0x63, 0x08,
  0x84, 0x10, 0x63, 0x08, 0x63, 0x08, 0x63, 0x08, 0x63, 0x08, 0x63, 0x08, 0x06, 0x19, 0x63, 0x08, 0x63, 0x08, 0x63, 0x08, 0x63, 0x08, 0x63, 0x08, 0x63, 0x08, 0x63, 0x08, 0x63, 0x08, 0x63, 0x08,
  0x63, 0x08, 0x63, 0x08, 0x63, 0x08, 0x63, 0x08, 0x63, 0x08, 0x63, 0x08, 0x63, 0x08, 0x63, 0x08, 0x05, 0x19, 0x63, 0x08, 0x63, 0x08, 0x63, 0x08, 0x63, 0x08, 0x63, 0x08, 0x63, 0x08, 0x63, 0x08,
  0x26, 0x19, 0x63, 0x08, 0x63, 0x08, 0x63, 0x08, 0x63, 0x08, 0x63, 0x08, 0x63, 0x08, 0x63, 0x08, 0x63, 0x08, 0x63, 0x08, 0x63, 0x08, 0x63, 0x08, 0x63, 0x08, 0x63, 0x08, 0x63, 0x08, 0x63, 0x08,
  0x63, 0x08, 0x63, 0x08, 0x63, 0x08, 0x63, 0x08, 0x63, 0x08, 0x63, 0x08, 0x63, 0x08, 0x63, 0x08, 0x63, 0x08, 0x63, 0x08, 0x63, 0x08, 0x63, 0x08, 0x06, 0x19, 0x63, 0x08, 0x63, 0x08, 0x63, 0x08,
  0x84, 0x10, 0x63, 0x08, 0x63, 0x08, 0x63, 0x08, 0x63, 0x08, 0x63, 0x08, 0x63, 0x08, 0x63, 0x08, 0x06, 0x19, 0x63, 0x08, 0x63, 0x08, 0x63, 0x08, 0x63, 0x08, 0x63, 0x08, 0x63, 0x08, 0x63, 0x08,
  0x63, 0x08, 0x63, 0x08, 0x63, 0x08, 0x63, 0x08, 0x63, 0x08, 0x63, 0x08, 0x63, 0x08, 0x26, 0x19, 0x63, 0x08, 0x63, 0x08, 0x63, 0x08, 0x63, 0x08, 0x63, 0x08, 0x63, 0x08, 0x63, 0x08, 0x63, 0x08,
  0x84, 0x10, 0x63, 0x08, 0x26, 0x19, 0x26, 0x19, 0x63, 0x08, 0x63, 0x08, 0x63, 0x08, 0x63, 0x08, 0x63, 0x08, 0x63, 0x08, 0x63, 0x08, 0x63, 0x08, 0x63, 0x08, 0x63, 0x08, 0x63, 0x08, 0x63, 0x08,
  0x63, 0x08, 0x63, 0x08, 0x63, 0x08, 0x63, 0x08, 0x63, 0x08, 0x63, 0x08, 0x63, 0x08, 0x63, 0x08, 0x63, 0x08, 0x63, 0x08, 0x63, 0x08, 0x63, 0x08, 0x63, 0x08, 0x63, 0x08, 0x63, 0x08, 0x63, 0x08,
  0x84, 0x10, 0x63, 0x08, 0x63, 0x08, 0x27, 0x19, 0x63, 0x08, 0x63, 0x08, 0x63, 0x08, 0x63, 0x08, 0x63, 0x08, 0x63, 0x08, 0x63, 0x08, 0x63, 0x08, 0x63, 0x08, 0x63, 0x08, 0x27, 0x19, 0x63, 0x08,
  0x63, 0x08, 0x63, 0x08, 0x63, 0x08, 0x63, 0x08, 0x63, 0x08, 0x63, 0x08, 0x63, 0x08, 0x63, 0x08, 0x63, 0x08, 0x63, 0x08, 0x63, 0x08, 0x63, 0x08, 0x63, 0x08, 0x63, 0x08, 0x47, 0x19, 0x63, 0x08,
  0x84, 0x10, 0x63, 0x08, 0x63, 0x08, 0x63, 0x08, 0x63, 0x08, 0x63, 0x08, 0x63, 0x08, 0x63, 0x08, 0x63, 0x08, 0x63, 0x08, 0x47, 0x19, 0x63, 0x08, 0x63, 0x08, 0x63, 0x08, 0x63, 0x08, 0x63, 0x08,
  0x63, 0x08, 0x63, 0x08, 0x63, 0x08, 0x63, 0x08, 0x63, 0x08, 0x63, 0x08, 0x63, 0x08, 0x63, 0x08, 0x63, 0x08, 0x63, 0x08, 0x63, 0x08, 0x63, 0x08, 0x63, 0x08, 0x63, 0x08, 0x63, 0x08, 0x63, 0x08,
  0x84, 0x10, 0x63, 0x08, 0x63, 0x08, 0x63, 0x08, 0x63, 0x08, 0x63, 0x08, 0x63, 0x08, 0x63, 0x08, 0x63, 0x08, 0x63, 0x08, 0x63, 0x08, 0x63, 0x08, 0x63, 0x08, 0x63, 0x08, 0x63, 0x08, 0x63, 0x08,
  0x63, 0x08, 0x63, 0x08, 0x63, 0x08, 0x63, 0x08, 0x63, 0x08, 0x63, 0x08, 0x63, 0x08, 0x63, 0x08, 0x63, 0x08, 0x63, 0x08, 0x63, 0x08, 0x63, 0x08, 0x63, 0x08, 0x47, 0x19, 0x47, 0x19, 0x47, 0x19,
  0x68, 0x19, 0x47, 0x19, 0x47, 0x19, 0x63, 0x08, 0x63, 0x08, 0x63, 0x08, 0x63, 0x08, 0x63, 0x08, 0x63, 0x08, 0x63, 0x08, 0x63, 0x08, 0x63, 0x08, 0x27, 0x19, 0x63, 0x08, 0x63, 0x08, 0x63, 0x08,
  0x63, 0x08, 0x63, 0x08, 0x63, 0x08, 0x63, 0x08, 0x63, 0x08, 0x63, 0x08, 0x63, 0x08, 0x63, 0x08, 0x63, 0x08, 0x63, 0x08, 0x63, 0x08, 0x27, 0x19, 0x63, 0x08, 0x63, 0x08, 0x63, 0x08, 0x63, 0x08,
  0x84, 0x10, 0x63, 0x08, 0x63, 0x08, 0x63, 0x08, 0x63, 0x08, 0x63, 0x08, 0x63, 0x08, 0x63, 0x08, 0x63, 0x08, 0x63, 0x08, 0x63, 0x08, 0x63, 0x08, 0x63, 0x08, 0x63, 0x08, 0x63, 0x08, 0x63, 0x08,
  0x63, 0x08, 0x63, 0x08, 0x63, 0x08, 0x63, 0x08, 0x26, 0x19, 0x63, 0x08, 0x63, 0x08, 0x63, 0x08, 0x63, 0x08, 0x63, 0x08, 0x63, 0x08, 0x63, 0x08, 0x63, 0x08, 0x63, 0x08, 0x63, 0x08, 0x63, 0x08,
  0x84, 0x10, 0x63, 0x08, 0x63, 0x08, 0x26, 0x19, 0x63, 0x08, 0x63, 0x08, 0x63, 0x08, 0x63, 0x08, 0x06, 0x19, 0x63, 0x08, 0x63, 0x08, 0x26, 0x19, 0x63, 0x08, 0x63, 0x08, 0x63, 0x08, 0x63, 0x08,
  0x63, 0x08, 0x63, 0x08, 0x63, 0x08, 0x63, 0x08, 0x63, 0x08, 0x63, 0x08, 0x63, 0x08, 0x63, 0x08, 0x63, 0x08, 0x63, 0x08, 0x63, 0x08, 0x63, 0x08, 0x63, 0x08, 0x63, 0x08, 0x63, 0x08, 0x63, 0x08,
  0x84, 0x10, 0x63, 0x08, 0x63, 0x08, 0x63, 0x08, 0x63, 0x08, 0x63, 0x08, 0x06, 0x19, 0x63, 0x08, 0x63, 0x08, 0x63, 0x08, 0x63, 0x08, 0x63, 0x08, 0x63, 0x08, 0x63, 0x08, 0x63, 0x08, 0x63, 0x08,
  0x63, 0x08, 0x63, 0x08, 0x63, 0x08, 0x63, 0x08, 0x63, 0x08, 0x63, 0x08, 0x63, 0x08, 0x63, 0x08, 0x05, 0x19, 0x63, 0x08, 0x63, 0x08, 0x63, 0x08, 0x63, 0x08, 0x63, 0x08, 0x63, 0x08, 0x63, 0x08,
  0x26, 0x19, 0x63, 0x08, 0x63, 0x08, 0x63, 0x08, 0x63, 0x08, 0x63, 0x08, 0x63, 0x08, 0x63, 0x08, 0x63, 0x08, 0x63, 0x08, 0x63, 0x08, 0x63, 0x08, 0x63, 0x08, 0x63, 0x08, 0x63, 0x08, 0x63, 0x08,
  0x63, 0x08, 0x63, 0x08, 0x63, 0x08, 0x63, 0x08, 0x63, 0x08, 0x63, 0x08, 0x63, 0x08, 0x63, 0x08, 0x63, 0x08, 0x63, 0x08, 0x63, 0x08, 0x63, 0x08, 0x63, 0x08, 0x06, 0x19, 0x63, 0x08, 0x63, 0x08,
  0x84, 0x10, 0x63, 0x08, 0x63, 0x08, 0x63, 0x08, 0x63, 0x08, 0x63, 0x08, 0x63, 0x08, 0x63, 0x08, 0x63, 0x08, 0x06, 0x19, 0x63, 0x08, 0x63, 0x08, 0x63, 0x08, 0x63, 0x08, 0x63, 0x08, 0x63, 0x08,
  0x63, 0x08, 0x63, 0x08, 0x63, 0x08, 0x63, 0x08, 0x63, 0x08, 0x63, 0x08, 0x63, 0x08, 0x63, 0x08, 0x26, 0x19, 0x63, 0x08, 0x63, 0x08, 0x63, 0x08, 0x63, 0x08, 0x63, 0x08, 0x63, 0x08, 0x63, 0x08,
  0x84, 0x10, 0x63, 0x08, 0x63, 0x08, 0x26, 0x19, 0x63, 0x08, 0x63, 0x08, 0x63, 0x08, 0x63, 0x08, 0x63, 0x08, 0x63, 0x08, 0x63, 0x08, 0x63, 0x08, 0x63, 0x08, 0x63, 0x08, 0x63, 0x08, 0x63, 0x08,
  0x63, 0x08, 0x63, 0x08, 0x63, 0x08, 0x63, 0x08, 0x63, 0x08, 0x63, 0x08, 0x63, 0x08, 0x63, 0x08, 0x63, 0x08, 0x63, 0x08, 0x63, 0x08, 0x63, 0x08, 0x63, 0x08, 0x63, 0x08, 0x63, 0x08, 0x63, 0x08,
  0x84, 0x10, 0x63, 0x08, 0x63, 0x08, 0x27, 0x19, 0x63, 0x08, 0x63, 0x08, 0x63, 0x08, 0x63, 0x08, 0x63, 0x08, 0x63, 0x08, 0x63, 0x08, 0x63, 0x08, 0x63, 0x08, 0x63, 0x08, 0x27, 0x19, 0x63, 0x08,
  0x63, 0x08, 0x63, 0x08, 0x63, 0x08, 0x63, 0x08, 0x63, 0x08, 0x63, 0x08, 0x63, 0x08, 0x63, 0x08, 0x63, 0x08, 0x63, 0x08, 0x63, 0x08, 0x63, 0x08, 0x63, 0x08, 0x63, 0x08, 0x47, 0x19, 0x63, 0x08,
  0x84, 0x10, 0x63, 0x08, 0x63, 0x08, 0x63, 0x08, 0x63, 0x08, 0x63, 0x08, 0x63, 0x08, 0x63, 0x08, 0x63, 0x08, 0x63, 0x08, 0x47, 0x19, 0x63, 0x08, 0x63, 0x08, 0x63, 0x08, 0x63, 0x08, 0x63, 0x08,
  0x63, 0x08, 0x63, 0x08, 0x63, 0x08, 0x63, 0x08, 0x63, 0x08, 0x63, 0x08, 0x63, 0x08, 0x63, 0x08, 0x63, 0x08, 0x63, 0x08, 0x63, 0x08, 0x63, 0x08, 0x63, 0x08, 0x63, 0x08, 0x63, 0x08, 0x63, 0x08,
  0x84, 0x10, 0x63, 0x08, 0x63, 0x08, 0x63, 0x08, 0x63, 0x08, 0x63, 0x08, 0x63, 0x08, 0x63, 0x08, 0x63, 0x08, 0x63, 0x08, 0x63, 0x08, 0x63, 0x08, 0x63, 0x08, 0x63, 0x08, 0x63, 0x08, 0x63, 0x08,
  0x63, 0x08, 0x63, 0x08, 0x63, 0x08, 0x63, 0x08, 0x63, 0x08, 0x63, 0x08, 0x63, 0x08, 0x63, 0x08, 0x63, 0x08, 0x63, 0x08, 0x63, 0x08, 0x63, 0x08, 0x63, 0x08, 0x47, 0x19, 0x63, 0x08, 0x63, 0x08,
  0x68, 0x19, 0x63, 0x08, 0x63, 0x08, 0x63, 0x08, 0x63, 0x08, 0x63, 0x08, 0x63, 0x08, 0x63, 0x08, 0x63, 0x08, 0x63, 0x08, 0x63, 0x08, 0x63, 0x08, 0x27, 0x19, 0x63, 0x08, 0x63, 0x08, 0x63, 0x08,
  0x63, 0x08, 0x63, 0x08, 0x63, 0x08, 0x63, 0x08, 0x63, 0x08, 0x63, 0x08, 0x63, 0x08, 0x63, 0x08, 0x63, 0x08, 0x63, 0x08, 0x63, 0x08, 0x27, 0x19, 0x63, 0x08, 0x63, 0x08, 0x63, 0x08, 0x63, 0x08,
  0x84, 0x10, 0x63, 0x08, 0x63, 0x08, 0x63, 0x08, 0x63, 0x08, 0x63, 0x08, 0x63, 0x08, 0x63, 0x08, 0x63, 0x08, 0x63, 0x08, 0x63, 0x08, 0x63, 0x08, 0x63, 0x08, 0x63, 0x08, 0x63, 0x08, 0x63, 0x08,
  0x63, 0x08, 0x63, 0x08, 0x63, 0x08, 0x63, 0x08, 0x26, 0x19, 0x63, 0x08, 0x63, 0x08, 0x63, 0x08, 0x63, 0x08, 0x63, 0x08, 0x63, 0x08, 0x63, 0x08, 0x63, 0x08, 0x63, 0x08, 0x63, 0x08, 0x63, 0x08,
  0x84, 0x10, 0x63, 0x08, 0x63, 0x08, 0x26, 0x19, 0x63, 0x08, 0x63, 0x08, 0x63, 0x08, 0x63, 0x08, 0x06, 0x19, 0x63, 0x08, 0x63, 0x08, 0x26, 0x19, 0x63, 0x08, 0x63, 0x08, 0x63, 0x08, 0x63, 0x08,
  0x63, 0x08, 0x63, 0x08, 0x63, 0x08, 0x63, 0x08, 0x63, 0x08, 0x63, 0x08, 0x63, 0x08, 0x63, 0x08, 0x63, 0x08, 0x63, 0x08, 0x63, 0x08, 0x63, 0x08, 0x63, 0x08, 0x63, 0x08, 0x63, 0x08, 0x63, 0x08,
  0x84, 0x10, 0x63, 0x08, 0x63, 0x08, 0x63, 0x08, 0x63, 0x08, 0x63, 0x08, 0x06, 0x19, 0x63, 0x08, 0x63, 0x08, 0x63, 0x08, 0x63, 0x08, 0x63, 0x08, 0x63, 0x08, 0x63, 0x08, 0x63, 0x08, 0x63, 0x08,
  0x63, 0x08, 0x63, 0x08, 0x63, 0x08, 0x63, 0x08, 0x63, 0x08, 0x63, 0x08, 0x63, 0x08, 0x63, 0x08, 0x05, 0x19, 0x63, 0x08, 0x63, 0x08, 0x63, 0x08, 0x63, 0x08, 0x63, 0x08, 0x63, 0x08, 0x63, 0x08,
  0x26, 0x19, 0x63, 0x08, 0x63, 0x08, 0x63, 0x08, 0x63, 0x08, 0x63, 0x08, 0x63, 0x08, 0x63, 0x08, 0x63, 0x08, 0x63, 0x08, 0x63, 0x08, 0x63, 0x08, 0x63, 0x08, 0x63, 0x08, 0x63, 0x08, 0x63, 0x08,
  0x63, 0x08, 0x63, 0x08, 0x63, 0x08, 0x63, 0x08, 0x63, 0x08, 0x63, 0x08, 0x63, 0x08, 0x63, 0x08, 0x63, 0x08, 0x63, 0x08, 0x63, 0x08, 0x63, 0x08, 0x63, 0x08, 0x06, 0x19, 0x63, 0x08, 0x63, 0x08,
  0x84, 0x10, 0x63, 0x08, 0x63, 0x08, 0x63, 0x08, 0x63, 0x08, 0x63, 0x08, 0x63, 0x08, 0x63, 0x08, 0x63, 0x08, 0x06, 0x19, 0x63, 0x08, 0x63, 0x08, 0x63, 0x08, 0x63, 0x08, 0x63, 0x08, 0x63, 0x08,
  0x63, 0x08, 0x63, 0x08, 0x63, 0x08, 0x63, 0x08, 0x63, 0x08, 0x63, 0x08, 0x63, 0x08, 0x63, 0x08, 0x63, 0x08, 0x26, 0x19, 0x63, 0x08, 0x63, 0x08, 0x63, 0x08, 0x63, 0x08, 0x63, 0x08, 0x63, 0x08,
  0x84, 0x10, 0x63, 0x08, 0x63, 0x08, 0x26, 0x19, 0x26, 0x19, 0x63, 0x08, 0x63, 0x08, 0x63, 0x08, 0x63, 0x08, 0x63, 0x08, 0x63, 0x08, 0x63, 0x08, 0x63, 0x08, 0x63, 0x08, 0x63, 0x08, 0x63, 0x08,
  0x63, 0x08, 0x63, 0x08, 0x63, 0x08, 0x63, 0x08, 0x63, 0x08, 0x63, 0x08, 0x63, 0x08, 0x63, 0x08, 0x63, 0x08, 0x63, 0x08, 0x63, 0x08, 0x63, 0x08, 0x63, 0x08, 0x63, 0x08, 0x63, 0x08, 0x63, 0x08,
  0x84, 0x10, 0x63, 0x08, 0x63, 0x08, 0x27, 0x19, 0x63, 0x08, 0x63, 0x08, 0x63, 0x08, 0x63, 0x08, 0x63, 0x08, 0x63, 0x08, 0x63, 0x08, 0x63, 0x08, 0x63, 0x08, 0x63, 0x08, 0x27, 0x19, 0x63, 0x08,
  0x63, 0x08, 0x63, 0x08, 0x63, 0x08, 0x63, 0x08, 0x63, 0x08, 0x63, 0x08, 0x63, 0x08, 0x63, 0x08, 0x63, 0x08, 0x63, 0x08, 0x63, 0x08, 0x63, 0x08, 0x63, 0x08, 0x63, 0x08, 0x47, 0x19, 0x63, 0x08,
  0x84, 0x10, 0x63, 0x08, 0x63, 0x08, 0x63, 0x08, 0x63, 0x08, 0x63, 0x08, 0x63, 0x08, 0x63, 0x08, 0x63, 0x08, 0x63, 0x08, 0x47, 0x19, 0x63, 0x08, 0x63, 0x08, 0x63, 0x08, 0x63, 0x08, 0x63, 0x08,
  0x63, 0x08, 0x63, 0x08, 0x63, 0x08, 0x63, 0x08, 0x63, 0x08, 0x63, 0x08, 0x63, 0x08, 0x63, 0x08, 0x63, 0x08, 0x63, 0x08, 0x63, 0x08, 0x63, 0x08, 0x63, 0x08, 0x63, 0x08, 0x63, 0x08, 0x63, 0x08,
  0x84, 0x10, 0x63, 0x08, 0x63, 0x08, 0x63, 0x08, 0x63, 0x08, 0x63, 0x08, 0x63, 0x08, 0x63, 0x08, 0x63, 0x08, 0x63, 0x08, 0x63, 0x08, 0x63, 0x08, 0x63, 0x08, 0x63, 0x08, 0x63, 0x08, 0x63, 0x08,
  0x63, 0x08, 0x63, 0x08, 0x63, 0x08, 0x63, 0x08, 0x63, 0x08, 0x63, 0x08, 0x63, 0x08, 0x63, 0x08, 0x63, 0x08, 0x63, 0x08, 0x63, 0x08, 0x63, 0x08, 0x63, 0x08, 0x47, 0x19, 0x63, 0x08, 0x63, 0x08,
  0x68, 0x19, 0x63, 0x08, 0x63, 0x08, 0x63, 0x08, 0x63, 0x08, 0x63, 0x08, 0x63, 0x08, 0x63, 0x08, 0x63, 0x08, 0x63, 0x08, 0x63, 0x08, 0x63, 0x08, 0x27, 0x19, 0x63, 0x08, 0x63, 0x08, 0x63, 0x08,
  0x63, 0x08, 0x63, 0x08, 0x63, 0x08, 0x63, 0x08, 0x63, 0x08, 0x63, 0x08, 0x63, 0x08, 0x63, 0x08, 0x63, 0x08, 0x63, 0x08, 0x63, 0x08, 0x27, 0x19, 0x63, 0x08, 0x63, 0x08, 0x63, 0x08, 0x63, 0x08,
  0x84, 0x10, 0x63, 0x08, 0x63, 0x08, 0x63, 0x08, 0x63, 0x08, 0x63, 0x08, 0x63, 0x08, 0x63, 0x08, 0x63, 0x08, 0x63, 0x08, 0x63, 0x08, 0x63, 0x08, 0x63, 0x08, 0x63, 0x08, 0x63, 0x08, 0x63, 0x08,
  0x63, 0x08, 0x63, 0x08, 0x63, 0x08, 0x63, 0x08, 0x26, 0x19, 0x63, 0x08, 0x63, 0x08, 0x63, 0x08, 0x63, 0x08, 0x63, 0x08, 0x63, 0x08, 0x63, 0x08, 0x63, 0x08, 0x63, 0x08, 0x63, 0x08, 0x63, 0x08,
  0x84, 0x10, 0x63, 0x08, 0x63, 0x08, 0x26, 0x19, 0x63, 0x08, 0x63, 0x08, 0x63, 0x08, 0x63, 0x08, 0x06, 0x19, 0x63, 0x08, 0x63, 0x08, 0x26, 0x19, 0x63, 0x08, 0x63, 0x08, 0x63, 0x08, 0x63, 0x08,
  0x63, 0x08, 0x63, 0x08, 0x63, 0x08, 0x63, 0x08, 0x63, 0x08, 0x63, 0x08, 0x63, 0x08, 0x63, 0x08, 0x63, 0x08, 0x63, 0x08, 0x63, 0x08, 0x63, 0x08, 0x63, 0x08, 0x63, 0x08, 0x63, 0x08, 0x63, 0x08,
  0x84, 0x10, 0x63, 0x08, 0x63, 0x08, 0x63, 0x08, 0x63, 0x08, 0x63, 0x08, 0x06, 0x19, 0x63, 0x08, 0x63, 0x08, 0x63, 0x08, 0x63, 0x08, 0x63, 0x08, 0x63, 0x08, 0x63, 0x08, 0x63, 0x08, 0x63, 0x08,
  0x63, 0x08, 0x63, 0x08, 0x63, 0x08, 0x63, 0x08, 0x63, 0x08, 0x63, 0x08, 0x63, 0x08, 0x63, 0x08, 0x05, 0x19, 0x63, 0x08, 0x63, 0x08, 0x63, 0x08, 0x63, 0x08, 0x63, 0x08, 0x63, 0x08, 0x63, 0x08,
  0x26, 0x19, 0x63, 0x08, 0x63, 0x08, 0x63, 0x08, 0x63, 0x08, 0x63, 0x08, 0x63, 0x08, 0x63, 0x08, 0x63, 0x08, 0x63, 0x08, 0x63, 0x08, 0x63, 0x08, 0x63, 0x08, 0x63, 0x08, 0x63, 0x08, 0x63, 0x08,
  0x63, 0x08, 0x63, 0x08, 0x63, 0x08, 0x63, 0x08, 0x63, 0x08, 0x63, 0x08, 0x63, 0x08, 0x63, 0x08, 0x63, 0x08, 0x63, 0x08, 0x63, 0x08, 0x63, 0x08, 0x63, 0x08, 0x06, 0x19, 0x63, 0x08, 0x63, 0x08,
  0x84, 0x10, 0x63, 0x08, 0x63, 0x08, 0x63, 0x08, 0x63, 0x08, 0x63, 0x08, 0x63, 0x08, 0x63, 0x08, 0x63, 0x08, 0x06, 0x19, 0x63, 0x08, 0x63, 0x08, 0x63, 0x08, 0x63, 0x08, 0x63, 0x08, 0x63, 0x08,
  0x63, 0x08, 0x63, 0x08, 0x63, 0x08, 0x63, 0x08, 0x63, 0x08, 0x63, 0x08, 0x63, 0x08, 0x63, 0x08, 0x63, 0x08, 0x63, 0x08, 0x26, 0x19, 0x63, 0x08, 0x63, 0x08, 0x63, 0x08, 0x63, 0x08, 0x63, 0x08,
  0x84, 0x10, 0x63, 0x08, 0x63, 0x08, 0x26, 0x19, 0x63, 0x08, 0x26, 0x19, 0x63, 0x08, 0x63, 0x08, 0x63, 0x08, 0x63, 0x08, 0x63, 0x08, 0x63, 0x08, 0x63, 0x08, 0x63, 0x08, 0x63, 0x08, 0x63, 0x08,
  0x63, 0x08, 0x63, 0x08, 0x63, 0x08, 0x63, 0x08, 0x63, 0x08, 0x63, 0x08, 0x63, 0x08, 0x63, 0x08, 0x63, 0x08, 0x63, 0x08, 0x63, 0x08, 0x63, 0x08, 0x63, 0x08, 0x63, 0x08, 0x63, 0x08, 0x63, 0x08,
  0x84, 0x10, 0x63, 0x08, 0x63, 0x08, 0x27, 0x19, 0x63, 0x08, 0x63, 0x08, 0x63, 0x08, 0x63, 0x08, 0x63, 0x08, 0x63, 0x08, 0x63, 0x08, 0x63, 0x08, 0x63, 0x08, 0x63, 0x08, 0x27, 0x19, 0x63, 0x08,
  0x63, 0x08, 0x63, 0x08, 0x63, 0x08, 0x63, 0x08, 0x63, 0x08, 0x63, 0x08, 0x63, 0x08, 0x63, 0x08, 0x63, 0x08, 0x63, 0x08, 0x63, 0x08, 0x63, 0x08, 0x63, 0x08, 0x63, 0x08, 0x47, 0x19, 0x63, 0x08,
  0x84, 0x10, 0x63, 0x08, 0x63, 0x08, 0x63, 0x08, 0x63, 0x08, 0x63, 0x08, 0x63, 0x08, 0x63, 0x08, 0x63, 0x08, 0x63, 0x08, 0x47, 0x19, 0x63, 0x08, 0x63, 0x08, 0x63, 0x08, 0x63, 0x08, 0x63, 0x08,
  0x63, 0x08, 0x63, 0x08, 0x63, 0x08, 0x63, 0x08, 0x63, 0x08, 0x63, 0x08, 0x63, 0x08, 0x63, 0x08, 0x63, 0x08, 0x63, 0x08, 0x63, 0x08, 0x63, 0x08, 0x63, 0x08, 0x63, 0x08, 0x63, 0x08, 0x63, 0x08,
  0x84, 0x10, 0x63, 0x08, 0x63, 0x08, 0x63, 0x08, 0x63, 0x08, 0x63, 0x08, 0x63, 0x08, 0x63, 0x08, 0x63, 0x08, 0x63, 0x08, 0x63, 0x08, 0x63, 0x08, 0x63, 0x08, 0x63, 0x08, 0x63, 0x08, 0x63, 0x08,
  0x63, 0x08, 0x63, 0x08, 0x63, 0x08, 0x63, 0x08, 0x63, 0x08, 0x63, 0x08, 0x63, 0x08, 0x63, 0x08, 0x63, 0x08, 0x63, 0x08, 0x63, 0x08, 0x63, 0x08, 0x63, 0x08, 0x47, 0x19, 0x63, 0x08, 0x63, 0x08,
  0x68, 0x19, 0x63, 0x08, 0x63, 0x08, 0x63, 0x08, 0x63, 0x08, 0x63, 0x08, 0x63, 0x08, 0x63, 0x08, 0x63, 0x08, 0x63, 0x08, 0x63, 0x08, 0x63, 0x08, 0x27, 0x19, 0x63, 0x08, 0x63, 0x08, 0x63, 0x08,
  0x63, 0x08, 0x63, 0x08, 0x63, 0x08, 0x63, 0x08, 0x63, 0x08, 0x63, 0x08, 0x63, 0x08, 0x63, 0x08, 0x63, 0x08, 0x63, 0x08, 0x63, 0x08, 0x27, 0x19, 0x63, 0x08, 0x63, 0x08, 0x63, 0x08, 0x63, 0x08,
  0x84, 0x10, 0x63, 0x08, 0x63, 0x08, 0x63, 0x08, 0x63, 0x08, 0x63, 0x08, 0x63, 0x08, 0x63, 0x08, 0x63, 0x08, 0x63, 0x08, 0x63, 0x08, 0x63, 0x08, 0x63, 0x08, 0x63, 0x08, 0x63, 0x08, 0x63, 0x08,
  0x63, 0x08, 0x63, 0x08, 0x63, 0x08, 0x63, 0x08, 0x26, 0x19, 0x63, 0x08, 0x63, 0x08, 0x63, 0x08, 0x63, 0x08, 0x63, 0x08, 0x63, 0x08, 0x63, 0x08, 0x63, 0x08, 0x63, 0x08, 0x63, 0x08, 0x63, 0x08,
  0x84, 0x10, 0x63, 0x08, 0x63, 0x08, 0x26, 0x19, 0x63, 0x08, 0x63, 0x08, 0x63, 0x08, 0x63, 0x08, 0x06, 0x19, 0x63, 0x08, 0x63, 0x08, 0x26, 0x19, 0x63, 0x08, 0x63, 0x08, 0x63, 0x08, 0x63, 0x08,
  0x63, 0x08, 0x63, 0x08, 0x63, 0x08, 0x63, 0x08, 0x63, 0x08, 0x63, 0x08, 0x63, 0x08, 0x63, 0x08, 0x63, 0x08, 0x63, 0x08, 0x63, 0x08, 0x63, 0x08, 0x63, 0x08, 0x63, 0x08, 0x63, 0x08, 0x63, 0x08,
  0x84, 0x10, 0x63, 0x08, 0x63, 0x08, 0x63, 0x08, 0x63, 0x08, 0x63, 0x08, 0x06, 0x19, 0x63, 0x08, 0x63, 0x08, 0x63, 0x08, 0x63, 0x08, 0x63, 0x08, 0x63, 0x08, 0x63, 0x08, 0x63, 0x08, 0x63, 0x08,
  0x63, 0x08, 0x63, 0x08, 0x63, 0x08, 0x63, 0x08, 0x63, 0x08, 0x63, 0x08, 0x63, 0x08, 0x63, 0x08, 0x05, 0x19, 0x63, 0x08, 0x63, 0x08, 0x63, 0x08, 0x63, 0x08, 0x63, 0x08, 0x63, 0x08, 0x63, 0x08,
  0x26, 0x19, 0x63, 0x08, 0x63, 0x08, 0x63, 0x08, 0x63, 0x08, 0x63, 0x08, 0x63, 0x08, 0x63, 0x08, 0x63, 0x08, 0x63, 0x08, 0x63, 0x08, 0x63, 0x08, 0x63, 0x08, 0x63, 0x08, 0x63, 0x08, 0x63, 0x08,
  0x63, 0x08, 0x63, 0x08, 0x63, 0x08, 0x63, 0x08, 0x63, 0x08, 0x63, 0x08, 0x63, 0x08, 0x63, 0x08, 0x63, 0x08, 0x63, 0x08, 0x63, 0x08, 0x63, 0x08, 0x63, 0x08, 0x06, 0x19, 0x63, 0x08, 0x63, 0x08,
  0x84, 0x10, 0x63, 0x08, 0x63, 0x08, 0x63, 0x08, 0x63, 0x08, 0x63, 0x08, 0x63, 0x08, 0x63, 0x08, 0x63, 0x08, 0x06, 0x19, 0x63, 0x08, 0x63, 0x08, 0x63, 0x08, 0x63, 0x08, 0x63, 0x08, 0x63, 0x08,
  0x63, 0x08, 0x63, 0x08, 0x63, 0x08, 0x63, 0x08, 0x63, 0x08, 0x63, 0x08, 0x63, 0x08, 0x63, 0x08, 0x63, 0x08, 0x63, 0x08, 0x63, 0x08, 0x26, 0x19, 0x63, 0x08, 0x63, 0x08, 0x63, 0x08, 0x63, 0x08,
  0x84, 0x10, 0x63, 0x08, 0x63, 0x08, 0x26, 0x19, 0x63, 0x08, 0x63, 0x08, 0x26, 0x19, 0x63, 0x08, 0x63, 0x08, 0x63, 0x08, 0x63, 0x08, 0x63, 0x08, 0x63, 0x08, 0x63, 0x08, 0x63, 0x08, 0x63, 0x08,
  0x63, 0x08, 0x63, 0x08, 0x63, 0x08, 0x63, 0x08, 0x63, 0x08, 0x63, 0x08, 0x63, 0x08, 0x63, 0x08, 0x63, 0x08, 0x63, 0x08, 0x63, 0x08, 0x63, 0x08, 0x63, 0x08, 0x63, 0x08, 0x63, 0x08, 0x63, 0x08,
  0x84, 0x10, 0x63, 0x08, 0x63, 0x08, 0x27, 0x19, 0x63, 0x08, 0x63, 0x08, 0x63, 0x08, 0x63, 0x08, 0x63, 0x08, 0x63, 0x08, 0x63, 0x08, 0x63, 0x08, 0x63, 0x08, 0x63, 0x08, 0x27, 0x19, 0x63, 0x08,
  0x63, 0x08, 0x63, 0x08, 0x63, 0x08, 0x63, 0x08, 0x63, 0x08, 0x63, 0x08, 0x63, 0x08, 0x63, 0x08, 0x63, 0x08, 0x63, 0x08, 0x63, 0x08, 0x63, 0x08, 0x63, 0x08, 0x63, 0x08, 0x47, 0x19, 0x63, 0x08,
  0x84, 0x10, 0x63, 0x08, 0x63, 0x08, 0x63, 0x08, 0x63, 0x08, 0x63, 0x08, 0x63, 0x08, 0x63, 0x08, 0x63, 0x08, 0x63, 0x08, 0x47, 0x19, 0x63, 0x08, 0x63, 0x08, 0x63, 0x08, 0x63, 0x08, 0x63, 0x08,
  0x63, 0x08, 0x63, 0x08, 0x63, 0x08, 0x63, 0x08, 0x63, 0x08, 0x63, 0x08, 0x63, 0x08, 0x63, 0x08, 0x63, 0x08, 0x63, 0x08, 0x63, 0x08, 0x63, 0x08, 0x63, 0x08, 0x63, 0x08, 0x63, 0x08, 0x63, 0x08,
  0x84, 0x10, 0x63, 0x08, 0x63, 0x08, 0x63, 0x08, 0x63, 0x08, 0x63, 0x08, 0x63, 0x08, 0x63, 0x08, 0x63, 0x08, 0x63, 0x08, 0x63, 0x08, 0x63, 0x08, 0x63, 0x08, 0x63, 0x08, 0x63, 0x08, 0x63, 0x08,
  0x63, 0x08, 0x63, 0x08, 0x63, 0x08, 0x63, 0x08, 0x63, 0x08, 0x63, 0x08, 0x63, 0x08, 0x63, 0x08, 0x63, 0x08, 0x63, 0x08, 0x63, 0x08, 0x63, 0x08, 0x63, 0x08, 0x47, 0x19, 0x63, 0x08, 0x63, 0x08,
  0x68, 0x19, 0x63, 0x08, 0x63, 0x08, 0x63, 0x08, 0x63, 0x08, 0x63, 0x08, 0x63, 0x08, 0x63, 0x08, 0x63, 0x08, 0x63, 0x08, 0x63, 0x08, 0x63, 0x08, 0x27, 0x19, 0x63, 0x08, 0x63, 0x08, 0x63, 0x08,
  0x63, 0x08, 0x63, 0x08, 0x63, 0x08, 0x63, 0x08, 0x63, 0x08, 0x63, 0x08, 0x63, 0x08, 0x63, 0x08, 0x63, 0x08, 0x63, 0x08, 0x63, 0x08, 0x27, 0x19, 0x63, 0x08, 0x63, 0x08, 0x63, 0x08, 0x63, 0x08,
  0x84, 0x10, 0x63, 0x08, 0x63, 0x08, 0x63, 0x08, 0x63, 0x08, 0x63, 0x08, 0x63, 0x08, 0x63, 0x08, 0x63, 0x08, 0x63, 0x08, 0x63, 0x08, 0x63, 0x08, 0x63, 0x08, 0x63, 0x08, 0x63, 0x08, 0x63, 0x08,
  0x63, 0x08, 0x63, 0x08, 0x63, 0x08, 0x63, 0x08, 0x26, 0x19, 0x63, 0x08, 0x63, 0x08, 0x63, 0x08, 0x63, 0x08, 0x63, 0x08, 0x63, 0x08, 0x63, 0x08, 0x63, 0x08, 0x63, 0x08, 0x63, 0x08, 0x63, 0x08,
  0x84, 0x10, 0x63, 0x08, 0x63, 0x08, 0x26, 0x19, 0x63, 0x08, 0x63, 0x08, 0x63, 0x08, 0x63, 0x08, 0x06, 0x19, 0x63, 0x08, 0x63, 0x08, 0x26, 0x19, 0x63, 0x08, 0x63, 0x08, 0x63, 0x08, 0x63, 0x08,
  0x63, 0x08, 0x63, 0x08, 0x63, 0x08, 0x63, 0x08, 0x63, 0x08, 0x63, 0x08, 0x63, 0x08, 0x63, 0x08, 0x63, 0x08, 0x63, 0x08, 0x63, 0x08, 0x63, 0x08, 0x63, 0x08, 0x63, 0x08, 0x63, 0x08, 0x63, 0x08,
  0x84, 0x10, 0x63, 0x08, 0x63, 0x08, 0x63, 0x08, 0x63, 0x08, 0x63, 0x08, 0x06, 0x19, 0x63, 0x08, 0x63, 0x08, 0x63, 0x08, 0x63, 0x08, 0x63, 0x08, 0x63, 0x08, 0x63, 0x08, 0x63, 0x08, 0x63, 0x08,
  0x63, 0x08, 0x63, 0x08, 0x63, 0x08, 0x63, 0x08, 0x63, 0x08, 0x63, 0x08, 0x63, 0x08, 0x63, 0x08, 0x05, 0x19, 0x63, 0x08, 0x63, 0x08, 0x63, 0x08, 0x63, 0x08, 0x63, 0x08, 0x63, 0x08, 0x63, 0x08,
  0x26, 0x19, 0x63, 0x08, 0x63, 0x08, 0x63, 0x08, 0x63, 0x08, 0x63, 0x08, 0x63, 0x08, 0x63, 0x08, 0x63, 0x08, 0x63, 0x08, 0x63, 0x08, 0x63, 0x08, 0x63, 0x08, 0x63, 0x08, 0x8f, 0x3a, 0x8f, 0x3a,
  0x8f, 0x3a, 0x8f, 0x3a, 0x8f, 0x3a, 0x8f, 0x3a, 0x8f, 0x3a, 0x8f, 0x3a, 0x8f, 0x3a, 0x8f, 0x3a, 0x8f, 0x3a, 0x8f, 0x3a, 0x8f, 0x3a, 0x8f, 0x3a, 0x8f, 0x3a, 0x8f, 0x3a, 0x8f, 0x3a, 0x8f, 0x3a,
  0x8f, 0x3a, 0x8f, 0x3a, 0x8f, 0x3a, 0x8f, 0x3a, 0x8f, 0x3a, 0x8f, 0x3a, 0x8f, 0x3a, 0x8f, 0x3a, 0x8f, 0x3a, 0x8f, 0x3a, 0x8f, 0x3a, 0x8f, 0x3a, 0x8f, 0x3a, 0x8f, 0x3a, 0x8f, 0x3a, 0x8f, 0x3a,
  0x8f, 0x3a, 0x8f, 0x3a, 0x8f, 0x3a, 0x8f, 0x3a, 0x8f, 0x3a, 0x8f, 0x3a, 0x8f, 0x3a, 0x8f, 0x3a, 0x8f, 0x3a, 0x8f, 0x3a, 0x8f, 0x3a, 0x8f, 0x3a, 0x8f, 0x3a, 0x8f, 0x3a, 0x8f, 0x3a, 0x8f, 0x3a,
  0x8f, 0x3a, 0x8f, 0x3a, 0x8f, 0x3a, 0x8f, 0x3a, 0x8f, 0x3a, 0x8f, 0x3a, 0x8f, 0x3a, 0x8f, 0x3a, 0x8f, 0x3a, 0x8f, 0x3a, 0x8f, 0x3a, 0x8f, 0x3a, 0x8f, 0x3a, 0x8f, 0x3a, 0x8f, 0x3a, 0x8f, 0x3a,
  0x8f, 0x3a, 0x8f, 0x3a, 0x8f, 0x3a, 0x8f, 0x3a, 0x8f, 0x3a, 0x8f, 0x3a, 0x8f, 0x3a, 0x8f, 0x3a, 0x8f, 0x3a, 0x8f, 0x3a, 0x8f, 0x3a, 0x8f, 0x3a, 0x8f, 0x3a, 0x8f, 0x3a, 0x8f, 0x3a, 0x8f, 0x3a,
  0x8f, 0x3a, 0x8f, 0x3a, 0x8f, 0x3a, 0x8f, 0x3a, 0x8f, 0x3a, 0x8f, 0x3a, 0x8f, 0x3a, 0x8f, 0x3a, 0x8f, 0x3a, 0x8f, 0x3a, 0x8f, 0x3a, 0x8f, 0x3a, 0x8f, 0x3a, 0x8f, 0x3a, 0x8f, 0x3a, 0x8f, 0x3a,
  0x8f, 0x3a, 0x8f, 0x3a, 0x8f, 0x3a, 0x8f, 0x3a, 0x8f, 0x3a, 0x8f, 0x3a, 0x8f, 0x3a, 0x8f, 0x3a, 0x8f, 0x3a, 0x8f, 0x3a, 0x8f, 0x3a, 0x8f, 0x3a, 0x8f, 0x3a, 0x8f, 0x3a, 0x8f, 0x3a, 0x8f, 0x3a,
  0x8f, 0x3a, 0x8f, 0x3a, 0x8f, 0x3a, 0x8f, 0x3a, 0x8f, 0x3a, 0x8f, 0x3a, 0x8f, 0x3a, 0x8f, 0x3a, 0x8f, 0x3a, 0x8f, 0x3a, 0x8f, 0x3a, 0x8f, 0x3a, 0x8f, 0x3a, 0x8f, 0x3a, 0x8f, 0x3a, 0x8f, 0x3a,
  0x8f, 0x3a, 0x8f, 0x3a, 0x8f, 0x3a, 0x8f, 0x3a, 0x8f, 0x3a, 0x8f, 0x3a, 0x8f, 0x3a, 0x8f, 0x3a, 0x8f, 0x3a, 0x8f, 0x3a, 0x8f, 0x3a, 0x8f, 0x3a, 0x8f, 0x3a, 0x8f, 0x3a, 0x8f, 0x3a, 0x8f, 0x3a,
  0x8f, 0x3a, 0x8f, 0x3a, 0x8f, 0x3a, 0x8f, 0x3a, 0x8f, 0x3a, 0x8f, 0x3a, 0x8f, 0x3a, 0x8f, 0x3a, 0x8f, 0x3a, 0x8f, 0x3a, 0x8f, 0x3a, 0x8f, 0x3a, 0x8f, 0x3a, 0x8f, 0x3a, 0x8f, 0x3a, 0x8f, 0x3a,
  0x8f, 0x3a, 0x8f, 0x3a, 0x8f, 0x3a, 0x8f, 0x3a, 0x8f, 0x3a, 0x8f, 0x3a, 0x8f, 0x3a, 0x8f, 0x3a, 0x8f, 0x3a, 0x8f, 0x3a, 0x8f, 0x3a, 0x8f, 0x3a, 0x8f, 0x3a, 0x8f, 0x3a, 0x8f, 0x3a, 0x8f, 0x3a,
  0x8f, 0x3a, 0x8f, 0x3a, 0x8f, 0x3a, 0x8f, 0x3a, 0x8f, 0x3a, 0x8f, 0x3a, 0x8f, 0x3a, 0x8f, 0x3a, 0x8f, 0x3a, 0x8f, 0x3a, 0x8f, 0x3a, 0x8f, 0x3a, 0x8f, 0x3a, 0x8f, 0x3a, 0x8f, 0x3a, 0x8f, 0x3a,
  0x8f, 0x3a, 0x8f, 0x3a, 0x8f, 0x3a, 0x8f, 0x3a, 0x8f, 0x3a, 0x8f, 0x3a, 0x8f, 0x3a, 0x8f, 0x3a, 0x8f, 0x3a, 0x8f, 0x3a, 0x8f, 0x3a, 0x8f, 0x3a, 0x8f, 0x3a, 0x8f, 0x3a, 0x8f, 0x3a, 0x8f, 0x3a,
  0x8f, 0x3a, 0x8f, 0x3a, 0x8f, 0x3a, 0x8f, 0x3a, 0x8f, 0x3a, 0x8f, 0x3a, 0x8f, 0x3a, 0x8f, 0x3a, 0x8f, 0x3a, 0x8f, 0x3a, 0x8f, 0x3a, 0x8f, 0x3a, 0x8f, 0x3a, 0x8f, 0x3a, 0x8f, 0x3a, 0x8f, 0x3a,
  0x8f, 0x3a, 0x8f, 0x3a, 0x8f, 0x3a, 0x8f, 0x3a, 0x8f, 0x3a, 0x8f, 0x3a, 0x8f, 0x3a, 0x8f, 0x3a, 0x8f, 0x3a, 0x8f, 0x3a, 0x8f, 0x3a, 0x8f, 0x3a, 0x8f, 0x3a, 0x8f, 0x3a, 0x8f, 0x3a, 0x8f, 0x3a,
  0x8f, 0x3a, 0x8f, 0x3a, 0x8f, 0x3a, 0x8f, 0x3a, 0x8f, 0x3a, 0x8f, 0x3a, 0x8f, 0x3a, 0x8f, 0x3a, 0x8f, 0x3a, 0x8f, 0x3a, 0x8f, 0x3a, 0x8f, 0x3a, 0x8f, 0x3a, 0x8f, 0x3a, 0x8f, 0x3a, 0x8f, 0x3a,
  0x8f, 0x3a, 0x8f, 0x3a, 0x8f, 0x3a, 0x8f, 0x3a, 0x8f, 0x3a, 0x8f, 0x3a, 0x8f, 0x3a, 0x8f, 0x3a, 0x8f, 0x3a, 0x8f, 0x3a, 0x8f, 0x3a, 0x8f, 0x3a, 0x8f, 0x3a, 0x8f, 0x3a, 0x8f, 0x3a, 0x8f, 0x3a,
  0x8f, 0x3a, 0x8f, 0x3a, 0x8f, 0x3a, 0x8f, 0x3a, 0x8f, 0x3a, 0x8f, 0x3a, 0x8f, 0x3a, 0x8f, 0x3a, 0x8f, 0x3a, 0x8f, 0x3a, 0x8f, 0x3a, 0x8f, 0x3a, 0x8f, 0x3a, 0x8f, 0x3a, 0x8f, 0x3a, 0x8f, 0x3a,
  0x8f, 0x3a, 0x8f, 0x3a, 0x8f, 0x3a, 0x63, 0x08, 0x63, 0x08, 0x63, 0x08, 0x63, 0x08, 0x63, 0x08, 0x05, 0x19, 0x63, 0x08, 0x63, 0x08, 0x63, 0x08, 0x63, 0x08, 0x63, 0x08, 0x63, 0x08, 0x63, 0x08,
  0x26, 0x19, 0x63, 0x08, 0x63, 0x08, 0x63, 0x08, 0x63, 0x08, 0x63, 0x08, 0x63, 0x08, 0x63, 0x08, 0x63, 0x08, 0x63, 0x08, 0x63, 0x08, 0x63, 0x08, 0x63, 0x08, 0x63, 0x08, 0x63, 0x08, 0x63, 0x08,
  0x63, 0x08, 0x63, 0x08, 0x63, 0x08, 0x63, 0x08, 0x63, 0x08, 0x63, 0x08, 0x63, 0x08, 0x63, 0x08, 0x63, 0x08, 0x63, 0x08, 0x63, 0x08, 0x63, 0x08, 0x63, 0x08, 0x06, 0x19, 0x63, 0x08, 0x63, 0x08,
  0x84, 0x10, 0x63, 0x08, 0x63, 0x08, 0x63, 0x08, 0x63, 0x08, 0x63, 0x08, 0x63, 0x08, 0x63, 0x08, 0x63, 0x08, 0x06, 0x19, 0x63, 0x08, 0x63, 0x08, 0x63, 0x08, 0x63, 0x08, 0x63, 0x08, 0x63, 0x08,
  0x63, 0x08, 0x63, 0x08, 0x63, 0x08, 0x63, 0x08, 0x63, 0x08, 0x63, 0x08, 0x63, 0x08, 0x63, 0x08, 0x63, 0x08, 0x63, 0x08, 0x63, 0x08, 0x63, 0x08, 0x63, 0x08, 0x26, 0x19, 0x63, 0x08, 0x63, 0x08,
  0x84, 0x10, 0x63, 0x08, 0x63, 0x08, 0x26, 0x19, 0x63, 0x08, 0x63, 0x08, 0x63, 0x08, 0x63, 0x08, 0x26, 0x19, 0x63, 0x08, 0x63, 0x08, 0x63, 0x08, 0x63, 0x08, 0x63, 0x08, 0x63, 0x08, 0x63, 0x08,
  0x63, 0x08, 0x63, 0x08, 0x63, 0x08, 0x63, 0x08, 0x63, 0x08, 0x63, 0x08, 0x63, 0x08, 0x63, 0x08, 0x63, 0x08, 0x63, 0x08, 0x63, 0x08, 0x63, 0x08, 0x63, 0x08, 0x63, 0x08, 0x63, 0x08, 0x63, 0x08,
  0x84, 0x10, 0x63, 0x08, 0x63, 0x08, 0x27, 0x19, 0x63, 0x08, 0x63, 0x08, 0x63, 0x08, 0x63, 0x08, 0x63, 0x08, 0x63, 0x08, 0x63, 0x08, 0x63, 0x08, 0x63, 0x08, 0x63, 0x08, 0x27, 0x19, 0x63, 0x08,
  0x63, 0x08, 0x63, 0x08, 0x63, 0x08, 0x63, 0x08, 0x63, 0x08, 0x63, 0x08, 0x63, 0x08, 0x63, 0x08, 0x63, 0x08, 0x63, 0x08, 0x63, 0x08, 0x63, 0x08, 0x63, 0x08, 0x63, 0x08, 0x47, 0x19, 0x63, 0x08,
  0x84, 0x10, 0x63, 0x08, 0x63, 0x08, 0x63, 0x08, 0x63, 0x08, 0x63, 0x08, 0x63, 0x08, 0x63, 0x08, 0x63, 0x08, 0x63, 0x08, 0x47, 0x19, 0x63, 0x08, 0x63, 0x08, 0x63, 0x08, 0x63, 0x08, 0x63, 0x08,
  0x63, 0x08, 0x63, 0x08, 0x63, 0x08, 0x63, 0x08, 0x63, 0x08, 0x63, 0x08, 0x63, 0x08, 0x63, 0x08, 0x63, 0x08, 0x63, 0x08, 0x63, 0x08, 0x63, 0x08, 0x63, 0x08, 0x63, 0x08, 0x63, 0x08, 0x63, 0x08,
  0x84, 0x10, 0x63, 0x08, 0x63, 0x08, 0x63, 0x08, 0x63, 0x08, 0x63, 0x08, 0x63, 0x08, 0x63, 0x08, 0x63, 0x08, 0x63, 0x08, 0x63, 0x08, 0x63, 0x08, 0x63, 0x08, 0x63, 0x08, 0x63, 0x08, 0x63, 0x08,
  0x63, 0x08, 0x63, 0x08, 0x63, 0x08, 0x63, 0x08, 0x63, 0x08, 0x63, 0x08, 0x63, 0x08, 0x63, 0x08, 0x63, 0x08, 0x63, 0x08, 0x63, 0x08, 0x63, 0x08, 0x63, 0x08, 0x47, 0x19, 0x63, 0x08, 0x63, 0x08,
  0x68, 0x19, 0x63, 0x08, 0x63, 0x08, 0x63, 0x08, 0x63, 0x08, 0x63, 0x08, 0x63, 0x08, 0x63, 0x08, 0x63, 0x08, 0x63, 0x08, 0x63, 0x08, 0x63, 0x08, 0x27, 0x19, 0x63, 0x08, 0x63, 0x08, 0x63, 0x08,
  0x63, 0x08, 0x63, 0x08, 0x63, 0x08, 0x63, 0x08, 0x63, 0x08, 0x63, 0x08, 0x63, 0x08, 0x63, 0x08, 0x63, 0x08, 0x63, 0x08, 0x63, 0x08, 0x27, 0x19, 0x63, 0x08, 0x63, 0x08, 0x63, 0x08, 0x63, 0x08,
  0x84, 0x10, 0x63, 0x08, 0x63, 0x08, 0x63, 0x08, 0x63, 0x08, 0x63, 0x08, 0x63, 0x08, 0x63, 0x08, 0x63, 0x08, 0x63, 0x08, 0x63, 0x08, 0x63, 0x08, 0x63, 0x08, 0x63, 0x08, 0x63, 0x08, 0x63, 0x08,
  0x63, 0x08, 0x63, 0x08, 0x63, 0x08, 0x63, 0x08, 0x26, 0x19, 0x63, 0x08, 0x63, 0x08, 0x63, 0x08, 0x63, 0x08, 0x63, 0x08, 0x63, 0x08, 0x63, 0x08, 0x63, 0x08, 0x63, 0x08, 0x63, 0x08, 0x63, 0x08,
  0x84, 0x10, 0x63, 0x08, 0x63, 0x08, 0x26, 0x19, 0x63, 0x08, 0x63, 0x08, 0x63, 0x08, 0x63, 0x08, 0x06, 0x19, 0x63, 0x08, 0x63, 0x08, 0x26, 0x19, 0x63, 0x08, 0x63, 0x08, 0x63, 0x08, 0x63, 0x08,
  0x63, 0x08, 0x63, 0x08, 0x63, 0x08, 0x63, 0x08, 0x63, 0x08, 0x63, 0x08, 0x63, 0x08, 0x63, 0x08, 0x63, 0x08, 0x63, 0x08, 0x63, 0x08, 0x63, 0x08, 0x63, 0x08, 0x63, 0x08, 0x63, 0x08, 0x63, 0x08,
  0x84, 0x10, 0x63, 0x08, 0x63, 0x08, 0x63, 0x08, 0x63, 0x08, 0x63, 0x08, 0x06, 0x19, 0x63, 0x08, 0x63, 0x08, 0x63, 0x08, 0x63, 0x08, 0x63, 0x08, 0x63, 0x08, 0x63, 0x08, 0x63, 0x08, 0x63, 0x08,
  0x63, 0x08, 0x63, 0x08, 0x63, 0x08, 0x63, 0x08, 0x63, 0x08, 0x63, 0x08, 0x63, 0x08, 0x63, 0x08, 0x05, 0x19, 0x63, 0x08, 0x63, 0x08, 0x63, 0x08, 0x63, 0x08, 0x63, 0x08, 0x63, 0x08, 0x63, 0x08,
  0x26, 0x19, 0x63, 0x08, 0x63, 0x08, 0x63, 0x08, 0x63, 0x08, 0x63, 0x08, 0x63, 0x08, 0x63, 0x08, 0x63, 0x08, 0x63, 0x08, 0x63, 0x08, 0x63, 0x08, 0x63, 0x08, 0x63, 0x08, 0x63, 0x08, 0x63, 0x08,
  0x63, 0x08, 0x63, 0x08, 0x63, 0x08, 0x63, 0x08, 0x63, 0x08, 0x63, 0x08, 0x63, 0x08, 0x63, 0x08, 0x63, 0x08, 0x63, 0x08, 0x63, 0x08, 0x63, 0x08, 0x63, 0x08, 0x06, 0x19, 0x63, 0x08, 0x63, 0x08,
  0x84, 0x10, 0x63, 0x08, 0x63, 0x08, 0x63, 0x08, 0x63, 0x08, 0x63, 0x08, 0x63, 0x08, 0x63, 0x08, 0x63, 0x08, 0x06, 0x19, 0x63, 0x08, 0x63, 0x08, 0x63, 0x08, 0x63, 0x08, 0x63, 0x08, 0x63, 0x08,
  0x63, 0x08, 0x63, 0x08, 0x63, 0x08, 0x63, 0x08, 0x63, 0x08, 0x63, 0x08, 0x63, 0x08, 0x63, 0x08, 0x63, 0x08, 0x63, 0x08, 0x63, 0x08, 0x63, 0x08, 0x63, 0x08, 0x63, 0x08, 0x26, 0x19, 0x63, 0x08,
  0x84, 0x10, 0x63, 0x08, 0x63, 0x08, 0x26, 0x19, 0x63, 0x08, 0x63, 0x08, 0x63, 0x08, 0x63, 0x08, 0x63, 0x08, 0x26, 0x19, 0x63, 0x08, 0x63, 0x08, 0x63, 0x08, 0x63, 0x08, 0x63, 0x08, 0x63, 0x08,
  0x63, 0x08, 0x63, 0x08, 0x63, 0x08, 0x63, 0x08, 0x63, 0x08, 0x63, 0x08, 0x63, 0x08, 0x63, 0x08, 0x63, 0x08, 0x63, 0x08, 0x63, 0x08, 0x63, 0x08, 0x63, 0x08, 0x63, 0x08, 0x63, 0x08, 0x63, 0x08,
  0x84, 0x10, 0x63, 0x08, 0x63, 0x08, 0x27, 0x19, 0x63, 0x08, 0x63, 0x08, 0x63, 0x08, 0x63, 0x08, 0x63, 0x08, 0x63, 0x08, 0x63, 0x08, 0x63, 0x08, 0x63, 0x08, 0x63, 0x08, 0x27, 0x19, 0x63, 0x08,
  0x63, 0x08, 0x63, 0x08, 0x63, 0x08, 0x63, 0x08, 0x63, 0x08, 0x63, 0x08, 0x63, 0x08, 0x63, 0x08, 0x63, 0x08, 0x63, 0x08, 0x63, 0x08, 0x63, 0x08, 0x63, 0x08, 0x63, 0x08, 0x47, 0x19, 0x63, 0x08,
  0x84, 0x10, 0x63, 0x08, 0x63, 0x08, 0x63, 0x08, 0x63, 0x08, 0x63, 0x08, 0x63, 0x08, 0x63, 0x08, 0x63, 0x08, 0x63, 0x08, 0x47, 0x19, 0x63, 0x08, 0x63, 0x08, 0x63, 0x08, 0x63, 0x08, 0x63, 0x08,
  0x63, 0x08, 0x63, 0x08, 0x63, 0x08, 0x63, 0x08, 0x63, 0x08, 0x63, 0x08, 0x63, 0x08, 0x63, 0x08, 0x63, 0x08, 0x63, 0x08, 0x63, 0x08, 0x63, 0x08, 0x63, 0x08, 0x63, 0x08, 0x63, 0x08, 0x63, 0x08,
  0x84, 0x10, 0x63, 0x08, 0x63, 0x08, 0x63, 0x08, 0x63, 0x08, 0x63, 0x08, 0x63, 0x08, 0x63, 0x08, 0x63, 0x08, 0x63, 0x08, 0x63, 0x08, 0x63, 0x08, 0x63, 0x08, 0x63, 0x08, 0x63, 0x08, 0x63, 0x08,
  0x63, 0x08, 0x63, 0x08, 0x63, 0x08, 0x63, 0x08, 0x63, 0x08, 0x63, 0x08, 0x63, 0x08, 0x63, 0x08, 0x63, 0x08, 0x63, 0x08, 0x63, 0x08, 0x63, 0x08, 0x63, 0x08, 0x47, 0x19, 0x63, 0x08, 0x63, 0x08,
  0x68, 0x19, 0x63, 0x08, 0x63, 0x08, 0x63, 0x08, 0x63, 0x08, 0x63, 0x08, 0x63, 0x08, 0x63, 0x08, 0x63, 0x08, 0x63, 0x08, 0x63, 0x08, 0x63, 0x08, 0x27, 0x19, 0x63, 0x08, 0x63, 0x08, 0x63, 0x08,
  0x63, 0x08, 0x63, 0x08, 0x63, 0x08, 0x63, 0x08, 0x63, 0x08, 0x63, 0x08, 0x63, 0x08, 0x63, 0x08, 0x63, 0x08, 0x63, 0x08, 0x63, 0x08, 0x27, 0x19, 0x63, 0x08, 0x63, 0x08, 0x63, 0x08, 0x63, 0x08,
  0x84, 0x10, 0x63, 0x08, 0x63, 0x08, 0x63, 0x08, 0x63, 0x08, 0x63, 0x08, 0x63, 0x08, 0x63, 0x08, 0x63, 0x08, 0x63, 0x08, 0x63, 0x08, 0x63, 0x08, 0x63, 0x08, 0x63, 0x08, 0x63, 0x08, 0x63, 0x08,
  0x63, 0x08, 0x63, 0x08, 0x63, 0x08, 0x63, 0x08, 0x26, 0x19, 0x63, 0x08, 0x63, 0x08, 0x63, 0x08, 0x63, 0x08, 0x63, 0x08, 0x63, 0x08, 0x63, 0x08, 0x63, 0x08, 0x63, 0x08, 0x63, 0x08, 0x63, 0x08,
  0x84, 0x10, 0x63, 0x08, 0x63, 0x08, 0x26, 0x19, 0x63, 0x08, 0x63, 0x08, 0x63, 0x08, 0x63, 0x08, 0x06, 0x19, 0x63, 0x08, 0x63, 0x08, 0x26, 0x19, 0x63, 0x08, 0x63, 0x08, 0x63, 0x08, 0x63, 0x08,
  0x63, 0x08, 0x63, 0x08, 0x63, 0x08, 0x63, 0x08, 0x63, 0x08, 0x63, 0x08, 0x63, 0x08, 0x63, 0x08, 0x63, 0x08, 0x63, 0x08, 0x63, 0x08, 0x63, 0x08, 0x63, 0x08, 0x63, 0x08, 0x63, 0x08, 0x63, 0x08,
  0x84, 0x10, 0x63, 0x08, 0x63, 0x08, 0x63, 0x08, 0x63, 0x08, 0x63, 0x08, 0x06, 0x19, 0x63, 0x08, 0x63, 0x08, 0x63, 0x08, 0x63, 0x08, 0x63, 0x08, 0x63, 0x08, 0x63, 0x08, 0x63, 0x08, 0x63, 0x08,
  0x63, 0x08, 0x63, 0x08, 0x63, 0x08, 0x63, 0x08, 0x63, 0x08, 0x63, 0x08, 0x63, 0x08, 0x63, 0x08, 0x05, 0x19, 0x63, 0x08, 0x63, 0x08, 0x63, 0x08, 0x63, 0x08, 0x63, 0x08, 0x63, 0x08, 0x63, 0x08,
  0x26, 0x19, 0x63, 0x08, 0x63, 0x08, 0x63, 0x08, 0x63, 0x08, 0x63, 0x08, 0x63, 0x08, 0x63, 0x08, 0x63, 0x08, 0x63, 0x08, 0x63, 0x08, 0x63, 0x08, 0x63, 0x08, 0x63, 0x08, 0x63, 0x08, 0x63, 0x08,
  0x63, 0x08, 0x63, 0x08, 0x63, 0x08, 0x63, 0x08, 0x63, 0x08, 0x63, 0x08, 0x63, 0x08, 0x63, 0x08, 0x63, 0x08, 0x63, 0x08, 0x63, 0x08, 0x63, 0x08, 0x63, 0x08, 0x06, 0x19, 0x63, 0x08, 0x63, 0x08,
  0x84, 0x10, 0x63, 0x08, 0x63, 0x08, 0x63, 0x08, 0x63, 0x08, 0x63, 0x08, 0x63, 0x08, 0x63, 0x08, 0x63, 0x08, 0x06, 0x19, 0x63, 0x08, 0x63, 0x08, 0x63, 0x08, 0x63, 0x08, 0x63, 0x08, 0x63, 0x08,
  0x63, 0x08, 0x63, 0x08, 0x63, 0x08, 0x63, 0x08, 0x63, 0x08, 0x63, 0x08, 0x63, 0x08, 0x63, 0x08, 0x63, 0x08, 0x63, 0x08, 0x63, 0x08, 0x63, 0x08, 0x63, 0x08, 0x63, 0x08, 0x63, 0x08, 0x26, 0x19,
  0x84, 0x10, 0x63, 0x08, 0x63, 0x08, 0x26, 0x19, 0x63, 0x08, 0x63, 0x08, 0x63, 0x08, 0x63, 0x08, 0x63, 0x08, 0x63, 0x08, 0x26, 0x19, 0x63, 0x08, 0x63, 0x08, 0x63, 0x08, 0x63, 0x08, 0x63, 0x08,
  0x63, 0x08, 0x63, 0x08, 0x63, 0x08, 0x63, 0x08, 0x63, 0x08, 0x63, 0x08, 0x63, 0x08, 0x63, 0x08, 0x63, 0x08, 0x63, 0x08, 0x63, 0x08, 0x63, 0x08, 0x63, 0x08, 0x63, 0x08, 0x63, 0x08, 0x63, 0x08,
  0x84, 0x10, 0x63, 0x08, 0x63, 0x08, 0x27, 0x19, 0x63, 0x08, 0x63, 0x08, 0x63, 0x08, 0x63, 0x08, 0x63, 0x08, 0x63, 0x08, 0x63, 0x08, 0x63, 0x08, 0x63, 0x08, 0x63, 0x08, 0x27, 0x19, 0x63, 0x08,
  0x63, 0x08, 0x63, 0x08, 0x63, 0x08, 0x63, 0x08, 0x63, 0x08, 0x63, 0x08, 0x63, 0x08, 0x63, 0x08, 0x63, 0x08, 0x63, 0x08, 0x63, 0x08, 0x63, 0x08, 0x63, 0x08, 0x63, 0x08, 0x47, 0x19, 0x63, 0x08,
  0x84, 0x10, 0x63, 0x08, 0x63, 0x08, 0x63, 0x08, 0x63, 0x08, 0x63, 0x08, 0x63, 0x08, 0x63, 0x08, 0x63, 0x08, 0x63, 0x08, 0x47, 0x19, 0x63, 0x08, 0x63, 0x08, 0x63, 0x08, 0x63, 0x08, 0x63, 0x08,
  0x63, 0x08, 0x63, 0x08, 0x63, 0x08, 0x63, 0x08, 0x63, 0x08, 0x63, 0x08, 0x63, 0x08, 0x63, 0x08, 0x63, 0x08, 0x63, 0x08, 0x63, 0x08, 0x63, 0x08, 0x63, 0x08, 0x63, 0x08, 0x63, 0x08, 0x63, 0x08,
  0x84, 0x10, 0x63, 0x08, 0x63, 0x08, 0x63, 0x08, 0x63, 0x08, 0x63, 0x08, 0x63, 0x08, 0x63, 0x08, 0x63, 0x08, 0x63, 0x08, 0x63, 0x08, 0x63, 0x08, 0x63, 0x08, 0x63, 0x08, 0x63, 0x08, 0x63, 0x08,
  0x63, 0x08, 0x63, 0x08, 0x63, 0x08, 0x63, 0x08, 0x63, 0x08, 0x63, 0x08, 0x63, 0x08, 0x63, 0x08, 0x63, 0x08, 0x63, 0x08, 0x63, 0x08, 0x63, 0x08, 0x63, 0x08, 0x47, 0x19, 0x63, 0x08, 0x63, 0x08,
  0x68, 0x19, 0x63, 0x08, 0x63, 0x08, 0x63, 0x08, 0x63, 0x08, 0x63, 0x08, 0x63, 0x08, 0x63, 0x08, 0x63, 0x08, 0x63, 0x08, 0x63, 0x08, 0x63, 0x08, 0x27, 0x19, 0x63, 0x08, 0x63, 0x08, 0x63, 0x08,
  0x63, 0x08, 0x63, 0x08, 0x63, 0x08, 0x63, 0x08, 0x63, 0x08, 0x63, 0x08, 0x63, 0x08, 0x63, 0x08, 0x63, 0x08, 0x63, 0x08, 0x63, 0x08, 0x27, 0x19, 0x63, 0x08, 0x63, 0x08, 0x63, 0x08, 0x63, 0x08,
  0x84, 0x10, 0x63, 0x08, 0x63, 0x08, 0x63, 0x08, 0x63, 0x08, 0x63, 0x08, 0x63, 0x08, 0x63, 0x08, 0x63, 0x08, 0x63, 0x08, 0x63, 0x08, 0x63, 0x08, 0x63, 0x08, 0x63, 0x08, 0x63, 0x08, 0x63, 0x08,
  0x63, 0x08, 0x63, 0x08, 0x63, 0x08, 0x63, 0x08, 0x26, 0x19, 0x63, 0x08, 0x63, 0x08, 0x63, 0x08, 0x63, 0x08, 0x63, 0x08, 0x63, 0x08, 0x63, 0x08, 0x63, 0x08, 0x63, 0x08, 0x63, 0x08, 0x63, 0x08,
  0x84, 0x10, 0x63, 0x08, 0x63, 0x08, 0x26, 0x19, 0x63, 0x08, 0x63, 0x08, 0x63, 0x08, 0x63, 0x08, 0x06, 0x19, 0x63, 0x08, 0x63, 0x08, 0x26, 0x19, 0x63, 0x08, 0x63, 0x08, 0x63, 0x08, 0x63, 0x08,
  0x63, 0x08, 0x63, 0x08, 0x63, 0x08, 0x63, 0x08, 0x63, 0x08, 0x63, 0x08, 0x63, 0x08, 0x63, 0x08, 0x63, 0x08, 0x63, 0x08, 0x63, 0x08, 0x63, 0x08, 0x63, 0x08, 0x63, 0x08, 0x63, 0x08, 0x63, 0x08,
  0x84, 0x10, 0x63, 0x08, 0x63, 0x08, 0x63, 0x08, 0x63, 0x08, 0x63, 0x08, 0x06, 0x19, 0x63, 0x08, 0x63, 0x08, 0x63, 0x08, 0x63, 0x08, 0x63, 0x08, 0x63, 0x08, 0x63, 0x08, 0x63, 0x08, 0x63, 0x08,
  0x63, 0x08, 0x63, 0x08, 0x63, 0x08, 0x63, 0x08, 0x63, 0x08, 0x63, 0x08, 0x63, 0x08, 0x63, 0x08, 0x05, 0x19, 0x63, 0x08, 0x63, 0x08, 0x63, 0x08, 0x63, 0x08, 0x63, 0x08, 0x63, 0x08, 0x63, 0x08,
  0x46, 0x21, 0x84, 0x10, 0x84, 0x10, 0x84, 0x10, 0x84, 0x10, 0x84, 0x10, 0x84, 0x10, 0x84, 0x10, 0x84, 0x10, 0x84, 0x10, 0x84, 0x10, 0x84, 0x10, 0x84, 0x10, 0x84, 0x10, 0x84, 0x10, 0x84, 0x10,
  0x84, 0x10, 0x84, 0x10, 0x84, 0x10, 0x84, 0x10, 0x84, 0x10, 0x84, 0x10, 0x84, 0x10, 0x84, 0x10, 0x84, 0x10, 0x84, 0x10, 0x84, 0x10, 0x84, 0x10, 0x84, 0x10, 0x26, 0x19, 0x84, 0x10, 0x84, 0x10,
  0xc4, 0x10, 0x84, 0x10, 0x84, 0x10, 0x84, 0x10, 0x84, 0x10, 0x84, 0x10, 0x84, 0x10, 0x84, 0x10, 0x84, 0x10, 0x46, 0x19, 0x84, 0x10, 0x84, 0x10, 0x84, 0x10, 0x84, 0x10, 0x84, 0x10, 0x84, 0x10,
  0x84, 0x10, 0x84, 0x10, 0x84, 0x10, 0x84, 0x10, 0x84, 0x10, 0x84, 0x10, 0x84, 0x10, 0x84, 0x10, 0x84, 0x10, 0x84, 0x10, 0x84, 0x10, 0x84, 0x10, 0x84, 0x10, 0x84, 0x10, 0x84, 0x10, 0x84, 0x10,
  0x67, 0x21, 0x84, 0x10, 0x84, 0x10, 0x47, 0x19, 0x84, 0x10, 0x84, 0x10, 0x84, 0x10, 0x84, 0x10, 0x84, 0x10, 0x84, 0x10, 0x84, 0x10, 0x47, 0x19, 0x84, 0x10, 0x84, 0x10, 0x84, 0x10, 0x84, 0x10,
  0x84, 0x10, 0x84, 0x10, 0x84, 0x10, 0x84, 0x10, 0x84, 0x10, 0x84, 0x10, 0x84, 0x10, 0x84, 0x10, 0x84, 0x10, 0x84, 0x10, 0x84, 0x10, 0x84, 0x10, 0x84, 0x10, 0x84, 0x10, 0x84, 0x10, 0x84, 0x10,
  0xc4, 0x10, 0x84, 0x10, 0x84, 0x10, 0x67, 0x19, 0x84, 0x10, 0x84, 0x10, 0x84, 0x10, 0x84, 0x10, 0x84, 0x10, 0x84, 0x10, 0x84, 0x10, 0x84, 0x10, 0x84, 0x10, 0x84, 0x10, 0x67, 0x19, 0x84, 0x10,
  0x84, 0x10, 0x84, 0x10, 0x84, 0x10, 0x84, 0x10, 0x84, 0x10, 0x84, 0x10, 0x84, 0x10, 0x84, 0x10, 0x84, 0x10, 0x84, 0x10, 0x84, 0x10, 0x84, 0x10, 0x84, 0x10, 0x84, 0x10, 0x68, 0x19, 0x84, 0x10,
  0xc4, 0x10, 0x84, 0x10, 0x84, 0x10, 0x84, 0x10, 0x84, 0x10, 0x84, 0x10, 0x84, 0x10, 0x84, 0x10, 0x84, 0x10, 0x84, 0x10, 0x68, 0x19, 0x84, 0x10, 0x84, 0x10, 0x84, 0x10, 0x84, 0x10, 0x84, 0x10,
  0x84, 0x10, 0x84, 0x10, 0x84, 0x10, 0x84, 0x10, 0x84, 0x10, 0x84, 0x10, 0x84, 0x10, 0x84, 0x10, 0x84, 0x10, 0x84, 0x10, 0x84, 0x10, 0x84, 0x10, 0x84, 0x10, 0x84, 0x10, 0x84, 0x10, 0x84, 0x10,
  0xc4, 0x10, 0x84, 0x10, 0x84, 0x10, 0x84, 0x10, 0x84, 0x10, 0x84, 0x10, 0x84, 0x10, 0x84, 0x10, 0x84, 0x10, 0x84, 0x10, 0x84, 0x10, 0x84, 0x10, 0x84, 0x10, 0x84, 0x10, 0x84, 0x10, 0x84, 0x10,
  0x84, 0x10, 0x84, 0x10, 0x84, 0x10, 0x84, 0x10, 0x84, 0x10, 0x84, 0x10, 0x84, 0x10, 0x84, 0x10, 0x84, 0x10, 0x84, 0x10, 0x84, 0x10, 0x84, 0x10, 0x84, 0x10, 0x68, 0x19, 0x84, 0x10, 0x84, 0x10,
  0x88, 0x21, 0x84, 0x10, 0x84, 0x10, 0x84, 0x10, 0x84, 0x10, 0x84, 0x10, 0x84, 0x10, 0x84, 0x10, 0x84, 0x10, 0x84, 0x10, 0x84, 0x10, 0x84, 0x10, 0x67, 0x19, 0x84, 0x10, 0x84, 0x10, 0x84, 0x10,
  0x84, 0x10, 0x84, 0x10, 0x84, 0x10, 0x84, 0x10, 0x84, 0x10, 0x84, 0x10, 0x84, 0x10, 0x84, 0x10, 0x84, 0x10, 0x84, 0x10, 0x84, 0x10, 0x67, 0x19, 0x84, 0x10, 0x84, 0x10, 0x84, 0x10, 0x84, 0x10,
  0xc4, 0x10, 0x84, 0x10, 0x84, 0x10, 0x84, 0x10, 0x84, 0x10, 0x84, 0x10, 0x84, 0x10, 0x84, 0x10, 0x84, 0x10, 0x84, 0x10, 0x84, 0x10, 0x84, 0x10, 0x84, 0x10, 0x84, 0x10, 0x84, 0x10, 0x84, 0x10,
  0x84, 0x10, 0x84, 0x10, 0x84, 0x10, 0x84, 0x10, 0x47, 0x19, 0x84, 0x10, 0x84, 0x10, 0x84, 0x10, 0x84, 0x10, 0x84, 0x10, 0x84, 0x10, 0x84, 0x10, 0x84, 0x10, 0x84, 0x10, 0x84, 0x10, 0x84, 0x10,
  0xc4, 0x10, 0x84, 0x10, 0x84, 0x10, 0x47, 0x19, 0x84, 0x10, 0x84, 0x10, 0x84, 0x10, 0x84, 0x10, 0x46, 0x19, 0x84, 0x10, 0x84, 0x10, 0x46, 0x19, 0x84, 0x10, 0x84, 0x10, 0x84, 0x10, 0x84, 0x10,
  0x84, 0x10, 0x84, 0x10, 0x84, 0x10, 0x84, 0x10, 0x84, 0x10, 0x84, 0x10, 0x84, 0x10, 0x84, 0x10, 0x84, 0x10, 0x84, 0x10, 0x84, 0x10, 0x84, 0x10, 0x84, 0x10, 0x84, 0x10, 0x84, 0x10, 0x84, 0x10,
  0xc4, 0x10, 0x84, 0x10, 0x84, 0x10, 0x84, 0x10, 0x84, 0x10, 0x84, 0x10, 0x26, 0x19, 0x84, 0x10, 0x84, 0x10, 0x84, 0x10, 0x84, 0x10, 0x84, 0x10, 0x84, 0x10, 0x84, 0x10, 0x84, 0x10, 0x84, 0x10,
  0x84, 0x10, 0x84, 0x10, 0x84, 0x10, 0x84, 0x10, 0x84, 0x10, 0x84, 0x10, 0x84, 0x10, 0x84, 0x10, 0x26, 0x19, 0x84, 0x10, 0x84, 0x10, 0x84, 0x10, 0x84, 0x10, 0x84, 0x10, 0x84, 0x10, 0x84, 0x10,
  0x26, 0x19, 0x63, 0x08, 0x63, 0x08, 0x63, 0x08, 0x63, 0x08, 0x63, 0x08, 0x63, 0x08, 0x63, 0x08, 0x63, 0x08, 0x63, 0x08, 0x63, 0x08, 0x63, 0x08, 0x63, 0x08, 0x63, 0x08, 0x63, 0x08, 0x63, 0x08,
  0x63, 0x08, 0x63, 0x08, 0x63, 0x08, 0x63, 0x08, 0x63, 0x08, 0x63, 0x08, 0x63, 0x08, 0x63, 0x08, 0x63, 0x08, 0x63, 0x08, 0x63, 0x08, 0x63, 0x08, 0x63, 0x08, 0x05, 0x19, 0x63, 0x08, 0x63, 0x08,
  0x84, 0x10, 0x63, 0x08, 0x63, 0x08, 0x63, 0x08, 0x63, 0x08, 0x63, 0x08, 0x63, 0x08, 0x63, 0x08, 0x63, 0x08, 0x06, 0x19, 0x63, 0x08, 0x63, 0x08, 0x63, 0x08, 0x63, 0x08, 0x63, 0x08, 0x63, 0x08,
  0x63, 0x08, 0x63, 0x08, 0x63, 0x08, 0x63, 0x08, 0x63, 0x08, 0x63, 0x08, 0x63, 0x08, 0x63, 0x08, 0x63, 0x08, 0x63, 0x08, 0x63, 0x08, 0x63, 0x08, 0x63, 0x08, 0x63, 0x08, 0x63, 0x08, 0x63, 0x08,
  0x84, 0x10, 0x06, 0x19, 0x63, 0x08, 0x26, 0x19, 0x63, 0x08, 0x63, 0x08, 0x63, 0x08, 0x63, 0x08, 0x63, 0x08, 0x63, 0x08, 0x63, 0x08, 0x63, 0x08, 0x26, 0x19, 0x63, 0x08, 0x63, 0x08, 0x63, 0x08,
  0x63, 0x08, 0x63, 0x08, 0x63, 0x08, 0x63, 0x08, 0x63, 0x08, 0x63, 0x08, 0x63, 0x08, 0x63, 0x08, 0x63, 0x08, 0x63, 0x08, 0x63, 0x08, 0x63, 0x08, 0x63, 0x08, 0x63, 0x08, 0x63, 0x08, 0x63, 0x08,
  0x84, 0x10, 0x63, 0x08, 0x63, 0x08, 0x27, 0x19, 0x63, 0x08, 0x63, 0x08, 0x63, 0x08, 0x63, 0x08, 0x63, 0x08, 0x63, 0x08, 0x63, 0x08, 0x63, 0x08, 0x63, 0x08, 0x63, 0x08, 0x27, 0x19, 0x63, 0x08,
  0x63, 0x08, 0x63, 0x08, 0x63, 0x08, 0x63, 0x08, 0x63, 0x08, 0x63, 0x08, 0x63, 0x08, 0x63, 0x08, 0x63, 0x08, 0x63, 0x08, 0x63, 0x08, 0x63, 0x08, 0x63, 0x08, 0x63, 0x08, 0x47, 0x19, 0x63, 0x08,
  0x84, 0x10, 0x63, 0x08, 0x63, 0x08, 0x63, 0x08, 0x63, 0x08, 0x63, 0x08, 0x63, 0x08, 0x63, 0x08, 0x63, 0x08, 0x63, 0x08, 0x27, 0x19, 0x63, 0x08, 0x63, 0x08, 0x63, 0x08, 0x63, 0x08, 0x63, 0x08,
  0x63, 0x08, 0x63, 0x08, 0x63, 0x08, 0x63, 0x08, 0x63, 0x08, 0x63, 0x08, 0x63, 0x08, 0x63, 0x08, 0x63, 0x08, 0x63, 0x08, 0x63, 0x08, 0x63, 0x08, 0x63, 0x08, 0x63, 0x08, 0x63, 0x08, 0x63, 0x08,
  0x84, 0x10, 0x63, 0x08, 0x63, 0x08, 0x63, 0x08, 0x63, 0x08, 0x63, 0x08, 0x63, 0x08, 0x63, 0x08, 0x63, 0x08, 0x63, 0x08, 0x63, 0x08, 0x63, 0x08, 0x63, 0x08, 0x63, 0x08, 0x63, 0x08, 0x63, 0x08,
  0x63, 0x08, 0x63, 0x08, 0x63, 0x08, 0x63, 0x08, 0x63, 0x08, 0x63, 0x08, 0x63, 0x08, 0x63, 0x08, 0x63, 0x08, 0x63, 0x08, 0x63, 0x08, 0x63, 0x08, 0x63, 0x08, 0x27, 0x19, 0x63, 0x08, 0x63, 0x08,
  0x68, 0x19, 0x63, 0x08, 0x63, 0x08, 0x63, 0x08, 0x63, 0x08, 0x63, 0x08, 0x63, 0x08, 0x63, 0x08, 0x63, 0x08, 0x63, 0x08, 0x63, 0x08, 0x63, 0x08, 0x27, 0x19, 0x63, 0x08, 0x63, 0x08, 0x63, 0x08,
  0x63, 0x08, 0x63, 0x08, 0x63, 0x08, 0x63, 0x08, 0x63, 0x08, 0x63, 0x08, 0x63, 0x08, 0x63, 0x08, 0x63, 0x08, 0x63, 0x08, 0x63, 0x08, 0x27, 0x19, 0x63, 0x08, 0x63, 0x08, 0x63, 0x08, 0x63, 0x08,
  0x84, 0x10, 0x63, 0x08, 0x63, 0x08, 0x63, 0x08, 0x63, 0x08, 0x63, 0x08, 0x63, 0x08, 0x63, 0x08, 0x63, 0x08, 0x63, 0x08, 0x63, 0x08, 0x63, 0x08, 0x63, 0x08, 0x63, 0x08, 0x63, 0x08, 0x63, 0x08,
  0x63, 0x08, 0x63, 0x08, 0x63, 0x08, 0x63, 0x08, 0x26, 0x19, 0x63, 0x08, 0x63, 0x08, 0x63, 0x08, 0x63, 0x08, 0x63, 0x08, 0x63, 0x08, 0x63, 0x08, 0x63, 0x08, 0x63, 0x08, 0x63, 0x08, 0x63, 0x08,
  0x84, 0x10, 0x63, 0x08, 0x63, 0x08, 0x26, 0x19, 0x63, 0x08, 0x63, 0x08, 0x63, 0x08, 0x63, 0x08, 0x06, 0x19, 0x63, 0x08, 0x63, 0x08, 0x06, 0x19, 0x63, 0x08, 0x63, 0x08, 0x63, 0x08, 0x63, 0x08,
  0x63, 0x08, 0x63, 0x08, 0x63, 0x08, 0x63, 0x08, 0x63, 0x08, 0x63, 0x08, 0x63, 0x08, 0x63, 0x08, 0x63, 0x08, 0x63, 0x08, 0x63, 0x08, 0x63, 0x08, 0x63, 0x08, 0x63, 0x08, 0x63, 0x08, 0x63, 0x08,
  0x84, 0x10, 0x63, 0x08, 0x63, 0x08, 0x63, 0x08, 0x63, 0x08, 0x63, 0x08, 0x05, 0x19, 0x63, 0x08, 0x63, 0x08, 0x63, 0x08, 0x63, 0x08, 0x63, 0x08, 0x63, 0x08, 0x63, 0x08, 0x63, 0x08, 0x63, 0x08,
  0x63, 0x08, 0x63, 0x08, 0x63, 0x08, 0x63, 0x08, 0x63, 0x08, 0x63, 0x08, 0x63, 0x08, 0x63, 0x08, 0x05, 0x19, 0x63, 0x08, 0x63, 0x08, 0x63, 0x08, 0x63, 0x08, 0x63, 0x08, 0x63, 0x08, 0x63, 0x08,
  0x26, 0x19, 0x63, 0x08, 0x63, 0x08, 0x63, 0x08, 0x63, 0x08, 0x63, 0x08, 0x63, 0x08, 0x63, 0x08, 0x63, 0x08, 0x63, 0x08, 0x63, 0x08, 0x63, 0x08, 0x63, 0x08, 0x63, 0x08, 0x63, 0x08, 0x63, 0x08,
  0x63, 0x08, 0x63, 0x08, 0x63, 0x08, 0x63, 0x08, 0x63, 0x08, 0x63, 0x08, 0x63, 0x08, 0x63, 0x08, 0x63, 0x08, 0x63, 0x08, 0x63, 0x08, 0x63, 0x08, 0x63, 0x08, 0x05, 0x19, 0x63, 0x08, 0x63, 0x08,
  0x84, 0x10, 0x63, 0x08, 0x63, 0x08, 0x63, 0x08, 0x63, 0x08, 0x63, 0x08, 0x63, 0x08, 0x63, 0x08, 0x63, 0x08, 0x06, 0x19, 0x63, 0x08, 0x63, 0x08, 0x63, 0x08, 0x63, 0x08, 0x63, 0x08, 0x63, 0x08,
  0x63, 0x08, 0x63, 0x08, 0x63, 0x08, 0x63, 0x08, 0x63, 0x08, 0x63, 0x08, 0x63, 0x08, 0x63, 0x08, 0x63, 0x08, 0x63, 0x08, 0x63, 0x08, 0x63, 0x08, 0x63, 0x08, 0x63, 0x08, 0x63, 0x08, 0x63, 0x08,
  0x84, 0x10, 0x63, 0x08, 0x06, 0x19, 0x26, 0x19, 0x63, 0x08, 0x63, 0x08, 0x63, 0x08, 0x63, 0x08, 0x63, 0x08, 0x63, 0x08, 0x63, 0x08, 0x63, 0x08, 0x63, 0x08, 0x26, 0x19, 0x63, 0x08, 0x63, 0x08,
  0x63, 0x08, 0x63, 0x08, 0x63, 0x08, 0x63, 0x08, 0x63, 0x08, 0x63, 0x08, 0x63, 0x08, 0x63, 0x08, 0x63, 0x08, 0x63, 0x08, 0x63, 0x08, 0x63, 0x08, 0x63, 0x08, 0x63, 0x08, 0x63, 0x08, 0x63, 0x08,
  0x84, 0x10, 0x63, 0x08, 0x63, 0x08, 0x27, 0x19, 0x63, 0x08, 0x63, 0x08, 0x63, 0x08, 0x63, 0x08, 0x63, 0x08, 0x63, 0x08, 0x63, 0x08, 0x63, 0x08, 0x63, 0x08, 0x63, 0x08, 0x27, 0x19, 0x63, 0x08,
  0x63, 0x08, 0x63, 0x08, 0x63, 0x08, 0x63, 0x08, 0x63, 0x08, 0x63, 0x08, 0x63, 0x08, 0x63, 0x08, 0x63, 0x08, 0x63, 0x08, 0x63, 0x08, 0x63, 0x08, 0x63, 0x08, 0x63, 0x08, 0x47, 0x19, 0x63, 0x08,
  0x84, 0x10, 0x63, 0x08, 0x63, 0x08, 0x63, 0x08, 0x63, 0x08, 0x63, 0x08, 0x63, 0x08, 0x63, 0x08, 0x63, 0x08, 0x63, 0x08, 0x27, 0x19, 0x63, 0x08, 0x63, 0x08, 0x63, 0x08, 0x63, 0x08, 0x63, 0x08,
  0x63, 0x08, 0x63, 0x08, 0x63, 0x08, 0x63, 0x08, 0x63, 0x08, 0x63, 0x08, 0x63, 0x08, 0x63, 0x08, 0x63, 0x08, 0x63, 0x08, 0x63, 0x08, 0x63, 0x08, 0x63, 0x08, 0x63, 0x08, 0x63, 0x08, 0x63, 0x08,
  0x84, 0x10, 0x63, 0x08, 0x63, 0x08, 0x63, 0x08, 0x63, 0x08, 0x63, 0x08, 0x63, 0x08, 0x63, 0x08, 0x63, 0x08, 0x63, 0x08, 0x63, 0x08, 0x63, 0x08, 0x63, 0x08, 0x63, 0x08, 0x63, 0x08, 0x63, 0x08,
  0x63, 0x08, 0x63, 0x08, 0x63, 0x08, 0x63, 0x08, 0x63, 0x08, 0x63, 0x08, 0x63, 0x08, 0x63, 0x08, 0x8f, 0x3a, 0x63, 0x08, 0x63, 0x08, 0x63, 0x08, 0x63, 0x08, 0x27, 0x19, 0x63, 0x08, 0x63, 0x08,
  0x68, 0x19, 0x63, 0x08, 0x63, 0x08, 0x63, 0x08, 0x63, 0x08, 0x63, 0x08, 0x63, 0x08, 0x63, 0x08, 0x63, 0x08, 0x63, 0x08, 0x63, 0x08, 0x63, 0x08, 0x27, 0x19, 0x63, 0x08, 0x63, 0x08, 0x63, 0x08,
  0x63, 0x08, 0x63, 0x08, 0x63, 0x08, 0x63, 0x08, 0x63, 0x08, 0x63, 0x08, 0x63, 0x08, 0x63, 0x08, 0x63, 0x08, 0x63, 0x08, 0x63, 0x08, 0x27, 0x19, 0x63, 0x08, 0x63, 0x08, 0x63, 0x08, 0x63, 0x08,
  0x84, 0x10, 0x63, 0x08, 0x63, 0x08, 0x63, 0x08, 0x63, 0x08, 0x63, 0x08, 0x63, 0x08, 0x63, 0x08, 0x63, 0x08, 0x63, 0x08, 0x63, 0x08, 0x63, 0x08, 0x63, 0x08, 0x63, 0x08, 0x63, 0x08, 0x63, 0x08,
  0x63, 0x08, 0x63, 0x08, 0x63, 0x08, 0x63, 0x08, 0x26, 0x19, 0x63, 0x08, 0x63, 0x08, 0x63, 0x08, 0x63, 0x08, 0x63, 0x08, 0x63, 0x08, 0x63, 0x08, 0x63, 0x08, 0x63, 0x08, 0x63, 0x08, 0x63, 0x08,
  0x84, 0x10, 0x63, 0x08, 0x63, 0x08, 0x26, 0x19, 0x63, 0x08, 0x63, 0x08, 0x63, 0x08, 0x63, 0x08, 0x06, 0x19, 0x63, 0x08, 0x63, 0x08, 0x06, 0x19, 0x63, 0x08, 0x63, 0x08, 0x63, 0x08, 0x63, 0x08,
  0x63, 0x08, 0x63, 0x08, 0x63, 0x08, 0x63, 0x08, 0x63, 0x08, 0x63, 0x08, 0x63, 0x08, 0x63, 0x08, 0x63, 0x08, 0x63, 0x08, 0x63, 0x08, 0x63, 0x08, 0x63, 0x08, 0x63, 0x08, 0x63, 0x08, 0x63, 0x08,
  0x84, 0x10, 0x63, 0x08, 0x63, 0x08, 0x63, 0x08, 0x63, 0x08, 0x63, 0x08, 0x05, 0x19, 0x63, 0x08, 0x63, 0x08, 0x63, 0x08, 0x63, 0x08, 0x63, 0x08, 0x63, 0x08, 0x63, 0x08, 0x63, 0x08, 0x63, 0x08,
  0x63, 0x08, 0x63, 0x08, 0x63, 0x08, 0x63, 0x08, 0x63, 0x08, 0x63, 0x08, 0x63, 0x08, 0x63, 0x08, 0x05, 0x19, 0x63, 0x08, 0x63, 0x08, 0x63, 0x08, 0x63, 0x08, 0x63, 0x08, 0x63, 0x08, 0x63, 0x08,
  0x26, 0x19, 0x63, 0x08, 0x63, 0x08, 0x63, 0x08, 0x63, 0x08, 0x63, 0x08, 0x63, 0x08, 0x63, 0x08, 0x63, 0x08, 0x63, 0x08, 0x63, 0x08, 0x63, 0x08, 0x63, 0x08, 0x63, 0x08, 0x63, 0x08, 0x63, 0x08,
  0x63, 0x08, 0x63, 0x08, 0x63, 0x08, 0x63, 0x08, 0x63, 0x08, 0x63, 0x08, 0x63, 0x08, 0x63, 0x08, 0x63, 0x08, 0x63, 0x08, 0x63, 0x08, 0x63, 0x08, 0x63, 0x08, 0x05, 0x19, 0x63, 0x08, 0x63, 0x08,
  0x84, 0x10, 0x63, 0x08, 0x63, 0x08, 0x63, 0x08, 0x63, 0x08, 0x63, 0x08, 0x63, 0x08, 0x63, 0x08, 0x63, 0x08, 0x06, 0x19, 0x63, 0x08, 0x63, 0x08, 0x63, 0x08, 0x63, 0x08, 0x63, 0x08, 0x63, 0x08,
  0x63, 0x08, 0x63, 0x08, 0x63, 0x08, 0x63, 0x08, 0x63, 0x08, 0x63, 0x08, 0x63, 0x08, 0x63, 0x08, 0x63, 0x08, 0x63, 0x08, 0x63, 0x08, 0x63, 0x08, 0x63, 0x08, 0x63, 0x08, 0x63, 0x08, 0x63, 0x08,
  0x84, 0x10, 0x63, 0x08, 0x63, 0x08, 0x26, 0x19, 0x63, 0x08, 0x63, 0x08, 0x63, 0x08, 0x63, 0x08, 0x63, 0x08, 0x63, 0x08, 0x63, 0x08, 0x63, 0x08, 0x63, 0x08, 0x63, 0x08, 0x26, 0x19, 0x63, 0x08,
  0x63, 0x08, 0x63, 0x08, 0x63, 0x08, 0x63, 0x08, 0x63, 0x08, 0x63, 0x08, 0x63, 0x08, 0x63, 0x08, 0x63, 0x08, 0x63, 0x08, 0x63, 0x08, 0x63, 0x08, 0x63, 0x08, 0x63, 0x08, 0x63, 0x08, 0x63, 0x08,
  0x84, 0x10, 0x63, 0x08, 0x63, 0x08, 0x27, 0x19, 0x63, 0x08, 0x63, 0x08, 0x63, 0x08, 0x63, 0x08, 0x63, 0x08, 0x63, 0x08, 0x63, 0x08, 0x63, 0x08, 0x63, 0x08, 0x63, 0x08, 0x27, 0x19, 0x63, 0x08,
  0x63, 0x08, 0x63, 0x08, 0x63, 0x08, 0x63, 0x08, 0x63, 0x08, 0x63, 0x08, 0x63, 0x08, 0x63, 0x08, 0x63, 0x08, 0x63, 0x08, 0x63, 0x08, 0x63, 0x08, 0x63, 0x08, 0x63, 0x08, 0x47, 0x19, 0x63, 0x08,
  0x84, 0x10, 0x63, 0x08, 0x63, 0x08, 0x63, 0x08, 0x63, 0x08, 0x63, 0x08, 0x63, 0x08, 0x63, 0x08, 0x63, 0x08, 0x63, 0x08, 0x27, 0x19, 0x63, 0x08, 0x63, 0x08, 0x63, 0x08, 0x63, 0x08, 0x63, 0x08,
  0x63, 0x08, 0x63, 0x08, 0x63, 0x08, 0x63, 0x08, 0x63, 0x08, 0x63, 0x08, 0x63, 0x08, 0x63, 0x08, 0x63, 0x08, 0x63, 0x08, 0x63, 0x08, 0x63, 0x08, 0x63, 0x08, 0x63, 0x08, 0x63, 0x08, 0x63, 0x08,
  0x84, 0x10, 0x63, 0x08, 0x63, 0x08, 0x63, 0x08, 0x63, 0x08, 0x63, 0x08, 0x63, 0x08, 0x63, 0x08, 0x63, 0x08, 0x63, 0x08, 0x63, 0x08, 0x63, 0x08, 0x63, 0x08, 0x63, 0x08, 0x63, 0x08, 0x63, 0x08,
  0x63, 0x08, 0x63, 0x08, 0x63, 0x08, 0x63, 0x08, 0x63, 0x08, 0x63, 0x08, 0x63, 0x08, 0x63, 0x08, 0x8f, 0x3a, 0x63, 0x08, 0x63, 0x08, 0x63, 0x08, 0x63, 0x08, 0x27, 0x19, 0x63, 0x08, 0x63, 0x08,
  0x68, 0x19, 0x63, 0x08, 0x63, 0x08, 0x63, 0x08, 0x63, 0x08, 0x63, 0x08, 0x63, 0x08, 0x63, 0x08, 0x63, 0x08, 0x63, 0x08, 0x63, 0x08, 0x63, 0x08, 0x27, 0x19, 0x63, 0x08, 0x63, 0x08, 0x63, 0x08,
  0x63, 0x08, 0x63, 0x08, 0x63, 0x08, 0x63, 0x08, 0x63, 0x08, 0x63, 0x08, 0x63, 0x08, 0x63, 0x08, 0x63, 0x08, 0x63, 0x08, 0x63, 0x08, 0x27, 0x19, 0x63, 0x08, 0x63, 0x08, 0x63, 0x08, 0x63, 0x08,
  0x84, 0x10, 0x63, 0x08, 0x63, 0x08, 0x63, 0x08, 0x63, 0x08, 0x63, 0x08, 0x63, 0x08, 0x63, 0x08, 0x63, 0x08, 0x63, 0x08, 0x63, 0x08, 0x63, 0x08, 0x63, 0x08, 0x63, 0x08, 0x63, 0x08, 0x63, 0x08,
  0x63, 0x08, 0x63, 0x08, 0x63, 0x08, 0x63, 0x08, 0x26, 0x19, 0x63, 0x08, 0x63, 0x08, 0x63, 0x08, 0x63, 0x08, 0x63, 0x08, 0x63, 0x08, 0x63, 0x08, 0x63, 0x08, 0x63, 0x08, 0x63, 0x08, 0x63, 0x08,
  0x84, 0x10, 0x63, 0x08, 0x63, 0x08, 0x26, 0x19, 0x63, 0x08, 0x63, 0x08, 0x63, 0x08, 0x63, 0x08, 0x06, 0x19, 0x63, 0x08, 0x63, 0x08, 0x06, 0x19, 0x63, 0x08, 0x63, 0x08, 0x63, 0x08, 0x63, 0x08,
  0x63, 0x08, 0x63, 0x08, 0x63, 0x08, 0x63, 0x08, 0x63, 0x08, 0x63, 0x08, 0x63, 0x08, 0x63, 0x08, 0x63, 0x08, 0x63, 0x08, 0x63, 0x08, 0x63, 0x08, 0x63, 0x08, 0x63, 0x08, 0x63, 0x08, 0x63, 0x08,
  0x84, 0x10, 0x63, 0x08, 0x63, 0x08, 0x63, 0x08, 0x63, 0x08, 0x63, 0x08, 0x05, 0x19, 0x63, 0x08, 0x63, 0x08, 0x63, 0x08, 0x63, 0x08, 0x63, 0x08, 0x63, 0x08, 0x63, 0x08, 0x63, 0x08, 0x63, 0x08,
  0x63, 0x08, 0x63, 0x08, 0x63, 0x08, 0x63, 0x08, 0x63, 0x08, 0x63, 0x08, 0x63, 0x08, 0x63, 0x08, 0x05, 0x19, 0x63, 0x08, 0x63, 0x08, 0x63, 0x08, 0x63, 0x08, 0x63, 0x08, 0x63, 0x08, 0x63, 0x08,
  0x26, 0x19, 0x63, 0x08, 0x63, 0x08, 0x63, 0x08, 0x63, 0x08, 0x63, 0x08, 0x63, 0x08, 0x63, 0x08, 0x63, 0x08, 0x63, 0x08, 0x63, 0x08, 0x63, 0x08, 0x63, 0x08, 0x63, 0x08, 0x63, 0x08, 0x63, 0x08,
  0x63, 0x08, 0x63, 0x08, 0x63, 0x08, 0x63, 0x08, 0x63, 0x08, 0x63, 0x08, 0x63, 0x08, 0x63, 0x08, 0x63, 0x08, 0x63, 0x08, 0x63, 0x08, 0x63, 0x08, 0x63, 0x08, 0x05, 0x19, 0x63, 0x08, 0x63, 0x08,
  0x84, 0x10, 0x63, 0x08, 0x63, 0x08, 0x63, 0x08, 0x63, 0x08, 0x63, 0x08, 0x63, 0x08, 0x63, 0x08, 0x63, 0x08, 0x06, 0x19, 0x63, 0x08, 0x63, 0x08, 0x63, 0x08, 0x63, 0x08, 0x63, 0x08, 0x63, 0x08,
  0x63, 0x08, 0x63, 0x08, 0x63, 0x08, 0x63, 0x08, 0x63, 0x08, 0x63, 0x08, 0x63, 0x08, 0x63, 0x08, 0x63, 0x08, 0x63, 0x08, 0x63, 0x08, 0x63, 0x08, 0x63, 0x08, 0x63, 0x08, 0x63, 0x08, 0x63, 0x08,
  0x84, 0x10, 0x63, 0x08, 0x63, 0x08, 0x26, 0x19, 0x06, 0x19, 0x63, 0x08, 0x63, 0x08, 0x63, 0x08, 0x63, 0x08, 0x63, 0x08, 0x63, 0x08, 0x63, 0x08, 0x63, 0x08, 0x63, 0x08, 0x63, 0x08, 0x26, 0x19,
  0x63, 0x08, 0x63, 0x08, 0x63, 0x08, 0x63, 0x08, 0x63, 0x08, 0x63, 0x08, 0x63, 0x08, 0x63, 0x08, 0x63, 0x08, 0x63, 0x08, 0x63, 0x08, 0x63, 0x08, 0x63, 0x08, 0x63, 0x08, 0x63, 0x08, 0x63, 0x08,
  0x84, 0x10, 0x63, 0x08, 0x63, 0x08, 0x27, 0x19, 0x63, 0x08, 0x63, 0x08, 0x63, 0x08, 0x63, 0x08, 0x63, 0x08, 0x63, 0x08, 0x63, 0x08, 0x63, 0x08, 0x63, 0x08, 0x63, 0x08, 0x27, 0x19, 0x63, 0x08,
  0x63, 0x08, 0x63, 0x08, 0x63, 0x08, 0x63, 0x08, 0x63, 0x08, 0x63, 0x08, 0x63, 0x08, 0x63, 0x08, 0x63, 0x08, 0x63, 0x08, 0x63, 0x08, 0x63, 0x08, 0x63, 0x08, 0x63, 0x08, 0x47, 0x19, 0x63, 0x08,
  0x84, 0x10, 0x63, 0x08, 0x63, 0x08, 0x63, 0x08, 0x63, 0x08, 0x63, 0x08, 0x63, 0x08, 0x63, 0x08, 0x63, 0x08, 0x63, 0x08, 0x27, 0x19, 0x63, 0x08, 0x63, 0x08, 0x63, 0x08, 0x63, 0x08, 0x63, 0x08,
  0x63, 0x08, 0x63, 0x08, 0x63, 0x08, 0x63, 0x08, 0x63, 0x08, 0x63, 0x08, 0x63, 0x08, 0x63, 0x08, 0x63, 0x08, 0x63, 0x08, 0x63, 0x08, 0x63, 0x08, 0x63, 0x08, 0x63, 0x08, 0x63, 0x08, 0x63, 0x08,
  0x84, 0x10, 0x63, 0x08, 0x63, 0x08, 0x63, 0x08, 0x63, 0x08, 0x63, 0x08, 0x63, 0x08, 0x63, 0x08, 0x63, 0x08, 0x63, 0x08, 0x63, 0x08, 0x63, 0x08, 0x63, 0x08, 0x63, 0x08, 0x63, 0x08, 0x63, 0x08,
  0x63, 0x08, 0x63, 0x08, 0x63, 0x08, 0x63, 0x08, 0x63, 0x08, 0x63, 0x08, 0x63, 0x08, 0x63, 0x08, 0x8f, 0x3a, 0x63, 0x08, 0x63, 0x08, 0x63, 0x08, 0x63, 0x08, 0x27, 0x19, 0x63, 0x08, 0x63, 0x08,
  0x68, 0x19, 0x63, 0x08, 0x63, 0x08, 0x63, 0x08, 0x63, 0x08, 0x63, 0x08, 0x63, 0x08, 0x63, 0x08, 0x63, 0x08, 0x63, 0x08, 0x63, 0x08, 0x63, 0x08, 0x27, 0x19, 0x63, 0x08, 0x63, 0x08, 0x63, 0x08,
  0x63, 0x08, 0x63, 0x08, 0x63, 0x08, 0x63, 0x08, 0x63, 0x08, 0x63, 0x08, 0x63, 0x08, 0x63, 0x08, 0x63, 0x08, 0x63, 0x08, 0x63, 0x08, 0x27, 0x19, 0x63, 0x08, 0x63, 0x08, 0x63, 0x08, 0x63, 0x08,
  0x84, 0x10, 0x63, 0x08, 0x63, 0x08, 0x63, 0x08, 0x63, 0x08, 0x63, 0x08, 0x63, 0x08, 0x63, 0x08, 0x63, 0x08, 0x63, 0x08, 0x63, 0x08, 0x63, 0x08, 0x63, 0x08, 0x63, 0x08, 0x63, 0x08, 0x63, 0x08,
  0x63, 0x08, 0x63, 0x08, 0x63, 0x08, 0x63, 0x08, 0x26, 0x19, 0x63, 0x08, 0x63, 0x08, 0x63, 0x08, 0x63, 0x08, 0x63, 0x08, 0x63, 0x08, 0x63, 0x08, 0x63, 0x08, 0x63, 0x08, 0x63, 0x08, 0x63, 0x08,
  0x84, 0x10, 0x63, 0x08, 0x63, 0x08, 0x26, 0x19, 0x63, 0x08, 0x63, 0x08, 0x63, 0x08, 0x63, 0x08, 0x06, 0x19, 0x63, 0x08, 0x63, 0x08, 0x06, 0x19, 0x63, 0x08, 0x63, 0x08, 0x63, 0x08, 0x63, 0x08,
  0x63, 0x08, 0x63, 0x08, 0x63, 0x08, 0x63, 0x08, 0x63, 0x08, 0x63, 0x08, 0x63, 0x08, 0x63, 0x08, 0x63, 0x08, 0x63, 0x08, 0x63, 0x08, 0x63, 0x08, 0x63, 0x08, 0x63, 0x08, 0x63, 0x08, 0x63, 0x08,
  0x84, 0x10, 0x63, 0x08, 0x63, 0x08, 0x63, 0x08, 0x63, 0x08, 0x63, 0x08, 0x05, 0x19, 0x63, 0x08, 0x63, 0x08, 0x63, 0x08, 0x63, 0x08, 0x63, 0x08, 0x63, 0x08, 0x63, 0x08, 0x63, 0x08, 0x63, 0x08,
  0x63, 0x08, 0x63, 0x08, 0x63, 0x08, 0x63, 0x08, 0x63, 0x08, 0x63, 0x08, 0x63, 0x08, 0x63, 0x08, 0x05, 0x19, 0x63, 0x08, 0x63, 0x08, 0x63, 0x08, 0x63, 0x08, 0x63, 0x08, 0x63, 0x08, 0x63, 0x08,
  0x26, 0x19, 0x63, 0x08, 0x63, 0x08, 0x63, 0x08, 0x63, 0x08, 0x63, 0x08, 0x63, 0x08, 0x63, 0x08, 0x63, 0x08, 0x63, 0x08, 0x63, 0x08, 0x63, 0x08, 0x63, 0x08, 0x63, 0x08, 0x63, 0x08, 0x63, 0x08,
  0x63, 0x08, 0x63, 0x08, 0x63, 0x08, 0x63, 0x08, 0x63, 0x08, 0x63, 0x08, 0x63, 0x08, 0x63, 0x08, 0x63, 0x08, 0x63, 0x08, 0x63, 0x08, 0x63, 0x08, 0x63, 0x08, 0x05, 0x19, 0x63, 0x08, 0x63, 0x08,
  0x84, 0x10, 0x63, 0x08, 0x63, 0x08, 0x63, 0x08, 0x63, 0x08, 0x63, 0x08, 0x63, 0x08, 0x63, 0x08, 0x63, 0x08, 0x06, 0x19, 0x63, 0x08, 0x63, 0x08, 0x63, 0x08, 0x63, 0x08, 0x63, 0x08, 0x63, 0x08,
  0x63, 0x08, 0x63, 0x08, 0x63, 0x08, 0x63, 0x08, 0x63, 0x08, 0x63, 0x08, 0x63, 0x08, 0x63, 0x08, 0x63, 0x08, 0x63, 0x08, 0x63, 0x08, 0x63, 0x08, 0x63, 0x08, 0x63, 0x08, 0x63, 0x08, 0x63, 0x08,
  0x84, 0x10, 0x63, 0x08, 0x63, 0x08, 0x26, 0x19, 0x06, 0x19, 0x63, 0x08, 0x63, 0x08, 0x63, 0x08, 0x63, 0x08, 0x63, 0x08, 0x63, 0x08, 0x63, 0x08, 0x63, 0x08, 0x63, 0x08, 0x63, 0x08, 0x63, 0x08,
  0x26, 0x19, 0x63, 0x08, 0x63, 0x08, 0x63, 0x08, 0x63, 0x08, 0x63, 0x08, 0x63, 0x08, 0x63, 0x08, 0x63, 0x08, 0x63, 0x08, 0x63, 0x08, 0x63, 0x08, 0x63, 0x08, 0x63, 0x08, 0x63, 0x08, 0x63, 0x08,
  0x84, 0x10, 0x63, 0x08, 0x63, 0x08, 0x27, 0x19, 0x63, 0x08, 0x63, 0x08, 0x63, 0x08, 0x63, 0x08, 0x63, 0x08, 0x63, 0x08, 0x63, 0x08, 0x63, 0x08, 0x63, 0x08, 0x63, 0x08, 0x27, 0x19, 0x63, 0x08,
  0x63, 0x08, 0x63, 0x08, 0x63, 0x08, 0x63, 0x08, 0x63, 0x08, 0x63, 0x08, 0x63, 0x08, 0x63, 0x08, 0x63, 0x08, 0x63, 0x08, 0x63, 0x08, 0x63, 0x08, 0x63, 0x08, 0x63, 0x08, 0x47, 0x19, 0x63, 0x08,
  0x84, 0x10, 0x63, 0x08, 0x63, 0x08, 0x63, 0x08, 0x63, 0x08, 0x63, 0x08, 0x63, 0x08, 0x63, 0x08, 0x63, 0x08, 0x63, 0x08, 0x27, 0x19, 0x63, 0x08, 0x63, 0x08, 0x63, 0x08, 0x63, 0x08, 0x63, 0x08,
  0x63, 0x08, 0x63, 0x08, 0x63, 0x08, 0x63, 0x08, 0x63, 0x08, 0x63, 0x08, 0x63, 0x08, 0x63, 0x08, 0x63, 0x08, 0x63, 0x08, 0x63, 0x08, 0x63, 0x08, 0x63, 0x08, 0x63, 0x08, 0x63, 0x08, 0x63, 0x08,
  0x84, 0x10, 0x63, 0x08, 0x63, 0x08, 0x63, 0x08, 0x63, 0x08, 0x63, 0x08, 0x63, 0x08, 0x63, 0x08, 0x63, 0x08, 0x63, 0x08, 0x63, 0x08, 0x63, 0x08, 0x63, 0x08, 0x63, 0x08, 0x63, 0x08, 0x63, 0x08,
  0x63, 0x08, 0x63, 0x08, 0x63, 0x08, 0x63, 0x08, 0x63, 0x08, 0x63, 0x08, 0x63, 0x08, 0x63, 0x08, 0x8f, 0x3a, 0x63, 0x08, 0x63, 0x08, 0x63, 0x08, 0x63, 0x08, 0x27, 0x19, 0x63, 0x08, 0x63, 0x08,
  0x68, 0x19, 0x63, 0x08, 0x63, 0x08, 0x63, 0x08, 0x63, 0x08, 0x63, 0x08, 0x63, 0x08, 0x63, 0x08, 0x63, 0x08, 0x63, 0x08, 0x63, 0x08, 0x63, 0x08, 0x27, 0x19, 0x63, 0x08, 0x63, 0x08, 0x63, 0x08,
  0x63, 0x08, 0x63, 0x08, 0x63, 0x08, 0x63, 0x08, 0x63, 0x08, 0x63, 0x08, 0x63, 0x08, 0x63, 0x08, 0x63, 0x08, 0x63, 0x08, 0x63, 0x08, 0x27, 0x19, 0x63, 0x08, 0x63, 0x08, 0x63, 0x08, 0x63, 0x08,
  0x84, 0x10, 0x63, 0x08, 0x63, 0x08, 0x63, 0x08, 0x63, 0x08, 0x63, 0x08, 0x63, 0x08, 0x63, 0x08, 0x63, 0x08, 0x63, 0x08, 0x63, 0x08, 0x63, 0x08, 0x63, 0x08, 0x63, 0x08, 0x63, 0x08, 0x63, 0x08,
  0x63, 0x08, 0x63, 0x08, 0x63, 0x08, 0x26, 0x19, 0x63, 0x08, 0x63, 0x08, 0x63, 0x08, 0x63, 0x08, 0x63, 0x08, 0x63, 0x08, 0x63, 0x08, 0x63, 0x08, 0x63, 0x08, 0x63, 0x08, 0x63, 0x08, 0x63, 0x08,
  0x84, 0x10, 0x63, 0x08, 0x63, 0x08, 0x26, 0x19, 0x63, 0x08, 0x63, 0x08, 0x63, 0x08, 0x63, 0x08, 0x06, 0x19, 0x63, 0x08, 0x63, 0x08, 0x06, 0x19, 0x63, 0x08, 0x63, 0x08, 0x63, 0x08, 0x63, 0x08,
  0x63, 0x08, 0x63, 0x08, 0x63, 0x08, 0x63, 0x08, 0x63, 0x08, 0x63, 0x08, 0x63, 0x08, 0x63, 0x08, 0x63, 0x08, 0x63, 0x08, 0x63, 0x08, 0x63, 0x08, 0x63, 0x08, 0x63, 0x08, 0x63, 0x08, 0x63, 0x08,
  0x84, 0x10, 0x63, 0x08, 0x63, 0x08, 0x63, 0x08, 0x63, 0x08, 0x63, 0x08, 0x05, 0x19, 0x63, 0x08, 0x63, 0x08, 0x63, 0x08, 0x63, 0x08, 0x63, 0x08, 0x63, 0x08, 0x63, 0x08, 0x63, 0x08, 0x63, 0x08,
  0x63, 0x08, 0x63, 0x08, 0x63, 0x08, 0x63, 0x08, 0x63, 0x08, 0x63, 0x08, 0x63, 0x08, 0x63, 0x08, 0x05, 0x19, 0x63, 0x08, 0x63, 0x08, 0x63, 0x08, 0x63, 0x08, 0x63, 0x08, 0x63, 0x08, 0x63, 0x08,
  0x26, 0x19, 0x63, 0x08, 0x63, 0x08, 0x63, 0x08, 0x63, 0x08, 0x63, 0x08, 0x63, 0x08, 0x63, 0x08, 0x63, 0x08, 0x63, 0x08, 0x63, 0x08, 0x63, 0x08, 0x63, 0x08, 0x63, 0x08, 0x63, 0x08, 0x63, 0x08,
  0x63, 0x08, 0x63, 0x08, 0x63, 0x08, 0x63, 0x08, 0x63, 0x08, 0x63, 0x08, 0x63, 0x08, 0x63, 0x08, 0x63, 0x08, 0x63, 0x08, 0x63, 0x08, 0x63, 0x08, 0x63, 0x08, 0x05, 0x19, 0x63, 0x08, 0x63, 0x08,
  0x84, 0x08, 0x63, 0x08, 0x63, 0x08, 0x63, 0x08, 0x63, 0x08, 0x63, 0x08, 0x63, 0x08, 0x63, 0x08, 0x63, 0x08, 0x06, 0x19, 0x63, 0x08, 0x63, 0x08, 0x63, 0x08, 0x63, 0x08, 0x63, 0x08, 0x63, 0x08,
  0x63, 0x08, 0x63, 0x08, 0x63, 0x08, 0x63, 0x08, 0x63, 0x08, 0x63, 0x08, 0x63, 0x08, 0x63, 0x08, 0x63, 0x08, 0x63, 0x08, 0x63, 0x08, 0x63, 0x08, 0x63, 0x08, 0x63, 0x08, 0x63, 0x08, 0x63, 0x08,
  0x84, 0x08, 0x63, 0x08, 0x63, 0x08, 0x26, 0x19, 0x06, 0x19, 0x63, 0x08, 0x63, 0x08, 0x63, 0x08, 0x63, 0x08, 0x63, 0x08, 0x63, 0x08, 0x63, 0x08, 0x63, 0x08, 0x63, 0x08, 0x63, 0x08, 0x63, 0x08,
  0x63, 0x08, 0x26, 0x19, 0x63, 0x08, 0x63, 0x08, 0x63, 0x08, 0x63, 0x08, 0x63, 0x08, 0x63, 0x08, 0x63, 0x08, 0x63, 0x08, 0x63, 0x08, 0x63, 0x08, 0x63, 0x08, 0x63, 0x08, 0x63, 0x08, 0x63, 0x08,
  0x84, 0x08, 0x63, 0x08, 0x63, 0x08, 0x27, 0x19, 0x63, 0x08, 0x63, 0x08, 0x63, 0x08, 0x63, 0x08, 0x63, 0x08, 0x63, 0x08, 0x63, 0x08, 0x63, 0x08, 0x63, 0x08, 0x63, 0x08, 0x27, 0x19, 0x63, 0x08,
  0x63, 0x08, 0x63, 0x08, 0x63, 0x08, 0x63, 0x08, 0x63, 0x08, 0x63, 0x08, 0x63, 0x08, 0x63, 0x08, 0x63, 0x08, 0x63, 0x08, 0x63, 0x08, 0x63, 0x08, 0x63, 0x08, 0x63, 0x08, 0x47, 0x19, 0x63, 0x08,
  0x84, 0x08, 0x63, 0x08, 0x63, 0x08, 0x63, 0x08, 0x63, 0x08, 0x63, 0x08, 0x63, 0x08, 0x63, 0x08, 0x63, 0x08, 0x63, 0x08, 0x27, 0x19, 0x63, 0x08, 0x63, 0x08, 0x63, 0x08, 0x63, 0x08, 0x63, 0x08,
  0x63, 0x08, 0x63, 0x08, 0x63, 0x08, 0x63, 0x08, 0x63, 0x08, 0x63, 0x08, 0x63, 0x08, 0x63, 0x08, 0x63, 0x08, 0x63, 0x08, 0x63, 0x08, 0x63, 0x08, 0x63, 0x08, 0x63, 0x08, 0x63, 0x08, 0x63, 0x08,
  0x84, 0x08, 0x63, 0x08, 0x63, 0x08, 0x63, 0x08, 0x63, 0x08, 0x63, 0x08, 0x63, 0x08, 0x63, 0x08, 0x63, 0x08, 0x63, 0x08, 0x63, 0x08, 0x63, 0x08, 0x63, 0x08, 0x63, 0x08, 0x63, 0x08, 0x63, 0x08,
  0x63, 0x08, 0x63, 0x08, 0x63, 0x08, 0x63, 0x08, 0x63, 0x08, 0x63, 0x08, 0x63, 0x08, 0x63, 0x08, 0x8f, 0x3a, 0x63, 0x08, 0x63, 0x08, 0x63, 0x08, 0x63, 0x08, 0x27, 0x19, 0x63, 0x08, 0x63, 0x08,
  0x68, 0x19, 0x63, 0x08, 0x63, 0x08, 0x63, 0x08, 0x63, 0x08, 0x63, 0x08, 0x63, 0x08, 0x63, 0x08, 0x63, 0x08, 0x63, 0x08, 0x63, 0x08, 0x63, 0x08, 0x27, 0x19, 0x63, 0x08, 0x63, 0x08, 0x63, 0x08,
  0x63, 0x08, 0x63, 0x08, 0x63, 0x08, 0x63, 0x08, 0x63, 0x08, 0x63, 0x08, 0x63, 0x08, 0x63, 0x08, 0x63, 0x08, 0x63, 0x08, 0x63, 0x08, 0x27, 0x19, 0x63, 0x08, 0x63, 0x08, 0x63, 0x08, 0x63, 0x08,
  0x84, 0x08, 0x63, 0x08, 0x63, 0x08, 0x63, 0x08, 0x63, 0x08, 0x63, 0x08, 0x63, 0x08, 0x63, 0x08, 0x63, 0x08, 0x63, 0x08, 0x63, 0x08, 0x63, 0x08, 0x63, 0x08, 0x63, 0x08, 0x63, 0x08, 0x63, 0x08,
  0x63, 0x08, 0x63, 0x08, 0x26, 0x19, 0x63, 0x08, 0x63, 0x08, 0x63, 0x08, 0x63, 0x08, 0x63, 0x08, 0x63, 0x08, 0x63, 0x08, 0x63, 0x08, 0x63, 0x08, 0x63, 0x08, 0x63, 0x08, 0x63, 0x08, 0x63, 0x08,
  0x84, 0x08, 0x63, 0x08, 0x63, 0x08, 0x26, 0x19, 0x63, 0x08, 0x63, 0x08, 0x63, 0x08, 0x63, 0x08, 0x06, 0x19, 0x63, 0x08, 0x63, 0x08, 0x06, 0x19, 0x63, 0x08, 0x63, 0x08, 0x63, 0x08, 0x63, 0x08,
  0x63, 0x08, 0x63, 0x08, 0x63, 0x08, 0x63, 0x08, 0x63, 0x08, 0x63, 0x08, 0x63, 0x08, 0x63, 0x08, 0x63, 0x08, 0x63, 0x08, 0x63, 0x08, 0x63, 0x08, 0x63, 0x08, 0x63, 0x08, 0x63, 0x08, 0x63, 0x08,
  0x84, 0x08, 0x63, 0x08, 0x63, 0x08, 0x63, 0x08, 0x63, 0x08, 0x63, 0x08, 0x05, 0x19, 0x63, 0x08, 0x63, 0x08, 0x63, 0x08, 0x63, 0x08, 0x63, 0x08, 0x63, 0x08, 0x63, 0x08, 0x63, 0x08, 0x63, 0x08,
  0x63, 0x08, 0x63, 0x08, 0x63, 0x08, 0x63, 0x08, 0x63, 0x08, 0x63, 0x08, 0x63, 0x08, 0x63, 0x08, 0x05, 0x11, 0x63, 0x08, 0x63, 0x08, 0x63, 0x08, 0x63, 0x08, 0x63, 0x08, 0x63, 0x08, 0x63, 0x08,
  0x26, 0x19, 0x63, 0x08, 0x63, 0x08, 0x63, 0x08, 0x63, 0x08, 0x63, 0x08, 0x63, 0x08, 0x63, 0x08, 0x63, 0x08, 0x63, 0x08, 0x63, 0x08, 0x63, 0x08, 0x63, 0x08, 0x63, 0x08, 0x63, 0x08, 0x63, 0x08,
  0x63, 0x08, 0x63, 0x08, 0x63, 0x08, 0x63, 0x08, 0x63, 0x08, 0x63, 0x08, 0xa9, 0x29, 0x58, 0x95, 0x58, 0x95, 0x58, 0x95, 0x17, 0x95, 0x70, 0x5b, 0x63, 0x08, 0x0a, 0x32, 0x58, 0x95, 0x68, 0x29,
  0x84, 0x08, 0x63, 0x08, 0x63, 0x08, 0x63, 0x08, 0x47, 0x21, 0x13, 0x74, 0x38, 0x95, 0xd6, 0x8c, 0x70, 0x63, 0x67, 0x21, 0x63, 0x08, 0x63, 0x08, 0x26, 0x21, 0xf2, 0x6b, 0x17, 0x8d, 0xd6, 0x84,
  0xee, 0x52, 0x63, 0x08, 0xa8, 0x29, 0x58, 0x95, 0x47, 0x21, 0x63, 0x08, 0x6c, 0x42, 0x58, 0x95, 0x0e, 0x53, 0x63, 0x08, 0x63, 0x08, 0x63, 0x08, 0xa9, 0x29, 0x58, 0x95, 0x27, 0x21, 0x63, 0x08,
  0x84, 0x08, 0x58, 0x95, 0xad, 0x4a, 0x4b, 0x3a, 0x58, 0x95, 0x58, 0x95, 0x58, 0x95, 0x58, 0x95, 0x58, 0x95, 0x84, 0x08, 0xea, 0x31, 0x58, 0x95, 0x06, 0x19, 0x63, 0x08, 0x06, 0x19, 0xd2, 0x6b,
  0x17, 0x8d, 0x17, 0x8d, 0x34, 0x74, 0x26, 0x21, 0x63, 0x08, 0xa9, 0x29, 0x58, 0x95, 0x27, 0x21, 0x63, 0x08, 0x63, 0x08, 0x58, 0x95, 0xad, 0x4a, 0x54, 0x74, 0x58, 0x95, 0x58, 0x95, 0x58, 0x95,
  0x58, 0x95, 0xf6, 0x8c, 0x63, 0x08, 0x27, 0x19, 0x63, 0x08, 0x63, 0x08, 0x63, 0x08, 0x63, 0x08, 0x63, 0x08, 0x63, 0x08, 0x63, 0x08, 0x63, 0x08, 0x63, 0x08, 0x63, 0x08, 0x27, 0x19, 0x63, 0x08,
  0x63, 0x08, 0x63, 0x08, 0x63, 0x08, 0x63, 0x08, 0x63, 0x08, 0x63, 0x08, 0x63, 0x08, 0x63, 0x08, 0x63, 0x08, 0x63, 0x08, 0x63, 0x08, 0x63, 0x08, 0x63, 0x08, 0x63, 0x08, 0x47, 0x19, 0x63, 0x08,
  0x84, 0x08, 0x63, 0x08, 0x63, 0x08, 0x63, 0x08, 0x63, 0x08, 0x63, 0x08, 0x63, 0x08, 0x63, 0x08, 0x63, 0x08, 0x63, 0x08, 0x27, 0x19, 0x63, 0x08, 0x63, 0x08, 0x63, 0x08, 0x63, 0x08, 0x63, 0x08,
  0x63, 0x08, 0x63, 0x08, 0x63, 0x08, 0x63, 0x08, 0x63, 0x08, 0x63, 0x08, 0x63, 0x08, 0x63, 0x08, 0x63, 0x08, 0x63, 0x08, 0x63, 0x08, 0x63, 0x08, 0x63, 0x08, 0x63, 0x08, 0x63, 0x08, 0x63, 0x08,
  0x84, 0x08, 0x63, 0x08, 0x63, 0x08, 0x63, 0x08, 0x63, 0x08, 0x63, 0x08, 0x63, 0x08, 0x63, 0x08, 0x63, 0x08, 0x63, 0x08, 0x63, 0x08, 0x63, 0x08, 0x63, 0x08, 0x63, 0x08, 0x63, 0x08, 0x63, 0x08,
  0x63, 0x08, 0x63, 0x08, 0x63, 0x08, 0x63, 0x08, 0x63, 0x08, 0x63, 0x08, 0x63, 0x08, 0x63, 0x08, 0x8f, 0x3a, 0x63, 0x08, 0x63, 0x08, 0x63, 0x08, 0x63, 0x08, 0x27, 0x19, 0x63, 0x08, 0x63, 0x08,
  0x68, 0x19, 0x63, 0x08, 0x63, 0x08, 0x63, 0x08, 0xa8, 0x29, 0x58, 0x95, 0x6c, 0x42, 0x63, 0x08, 0x63, 0x08, 0xf7, 0x8c, 0x6c, 0x42, 0xa9, 0x29, 0x58, 0x95, 0x58, 0x95, 0x58, 0x95, 0x58, 0x95,
  0x58, 0x95, 0x84, 0x08, 0x54, 0x74, 0x58, 0x95, 0x58, 0x95, 0x58, 0x95, 0x58, 0x95, 0xf6, 0x8c, 0x95, 0x84, 0x70, 0x63, 0x63, 0x08, 0x2b, 0x32, 0x58, 0x95, 0x13, 0x74, 0x63, 0x08, 0x06, 0x19,
  0x58, 0x95, 0xc9, 0x31, 0x47, 0x21, 0x13, 0x74, 0x38, 0x95, 0xd6, 0x8c, 0x70, 0x63, 0xc5, 0x10, 0x63, 0x08, 0xa9, 0x29, 0x58, 0x95, 0x58, 0x95, 0x58, 0x95, 0x37, 0x95, 0x13, 0x74, 0xc5, 0x10,
  0xa8, 0x29, 0x58, 0x95, 0x47, 0x21, 0x63, 0x08, 0x6c, 0x42, 0x58, 0x95, 0x0e, 0x53, 0x63, 0x08, 0x63, 0x08, 0x63, 0x08, 0xa9, 0x29, 0x58, 0x95, 0x27, 0x21, 0x63, 0x08, 0x63, 0x08, 0x58, 0x95,
  0xad, 0x4a, 0x63, 0x08, 0x63, 0x08, 0xee, 0x4a, 0x58, 0x95, 0xee, 0x52, 0x63, 0x08, 0x63, 0x08, 0x06, 0x19, 0x0f, 0x53, 0xb6, 0x84, 0x38, 0x95, 0x54, 0x7c, 0x68, 0x29, 0x63, 0x08, 0xa9, 0x29,
  0x58, 0x95, 0x27, 0x21, 0x63, 0x08, 0x63, 0x08, 0x58, 0x95, 0xad, 0x4a, 0xa9, 0x29, 0x58, 0x95, 0x58, 0x95, 0x58, 0x95, 0x37, 0x95, 0x13, 0x74, 0xc5, 0x10, 0x63, 0x08, 0x63, 0x08, 0x6c, 0x42,
  0x58, 0x95, 0xee, 0x52, 0x63, 0x08, 0x63, 0x08, 0x54, 0x74, 0x58, 0x95, 0x58, 0x95, 0x58, 0x95, 0x58, 0x95, 0xf6, 0x8c, 0xa9, 0x29, 0x58, 0x95, 0x58, 0x95, 0x58, 0x95, 0x58, 0x95, 0x58, 0x95,
  0x84, 0x08, 0x63, 0x08, 0x63, 0x08, 0x63, 0x08, 0x63, 0x08, 0x63, 0x08, 0x63, 0x08, 0x05, 0x11, 0x63, 0x08, 0x63, 0x08, 0x63, 0x08, 0x63, 0x08, 0x63, 0x08, 0x63, 0x08, 0x63, 0x08, 0x63, 0x08,
  0x26, 0x19, 0x63, 0x08, 0x63, 0x08, 0x63, 0x08, 0x63, 0x08, 0x63, 0x08, 0x63, 0x08, 0x63, 0x08, 0x63, 0x08, 0x63, 0x08, 0x63, 0x08, 0x63, 0x08, 0x63, 0x08, 0x63, 0x08, 0x63, 0x08, 0x63, 0x08,
  0x63, 0x08, 0x63, 0x08, 0x63, 0x08, 0x63, 0x08, 0x63, 0x08, 0x63, 0x08, 0xa9, 0x29, 0x58, 0x95, 0x27, 0x21, 0x63, 0x08, 0xa9, 0x29, 0x58, 0x95, 0xc9, 0x31, 0x0a, 0x32, 0x58, 0x95, 0x68, 0x29,
  0x84, 0x08, 0x63, 0x08, 0x63, 0x08, 0xc5, 0x10, 0xf7, 0x8c, 0xb1, 0x63, 0xc5, 0x10, 0x06, 0x19, 0x54, 0x7c, 0x54, 0x7c, 0x63, 0x08, 0xa4, 0x10, 0xd6, 0x8c, 0x70, 0x63, 0xa4, 0x10, 0x47, 0x21,
  0xf7, 0x8c, 0xad, 0x4a, 0xa8, 0x29, 0x58, 0x95, 0x47, 0x21, 0x8c, 0x42, 0x58, 0x95, 0xce, 0x4a, 0x63, 0x08, 0x63, 0x08, 0x63, 0x08, 0x63, 0x08, 0xa9, 0x29, 0x58, 0x95, 0x27, 0x21, 0x63, 0x08,
  0x84, 0x08, 0x58, 0x95, 0xad, 0x4a, 0x4b, 0x3a, 0x58, 0x95, 0x27, 0x21, 0x63, 0x08, 0x63, 0x08, 0x63, 0x08, 0x63, 0x08, 0xea, 0x31, 0x58, 0x95, 0x06, 0x19, 0xa4, 0x10, 0xb6, 0x84, 0xd2, 0x6b,
  0xe5, 0x18, 0xc5, 0x10, 0xd2, 0x6b, 0xb6, 0x84, 0x63, 0x08, 0xa9, 0x29, 0x58, 0x95, 0x27, 0x21, 0x63, 0x08, 0x63, 0x08, 0x58, 0x95, 0xad, 0x4a, 0x63, 0x08, 0x63, 0x08, 0xb1, 0x63, 0x54, 0x74,
  0x84, 0x08, 0x63, 0x08, 0x63, 0x08, 0x27, 0x19, 0x63, 0x08, 0x63, 0x08, 0x63, 0x08, 0x63, 0x08, 0x63, 0x08, 0x63, 0x08, 0x63, 0x08, 0x63, 0x08, 0x63, 0x08, 0x63, 0x08, 0x27, 0x19, 0x63, 0x08,
  0x63, 0x08, 0x63, 0x08, 0x63, 0x08, 0x63, 0x08, 0x63, 0x08, 0x63, 0x08, 0x63, 0x08, 0x63, 0x08, 0x63, 0x08, 0x63, 0x08, 0x63, 0x08, 0x63, 0x08, 0x63, 0x08, 0x63, 0x08, 0x47, 0x19, 0x63, 0x08,
  0x84, 0x08, 0x63, 0x08, 0x63, 0x08, 0x63, 0x08, 0x63, 0x08, 0x63, 0x08, 0x63, 0x08, 0x63, 0x08, 0x63, 0x08, 0x63, 0x08, 0x27, 0x19, 0x63, 0x08, 0x63, 0x08, 0x63, 0x08, 0x63, 0x08, 0x63, 0x08,
  0x63, 0x08, 0x63, 0x08, 0x63, 0x08, 0x63, 0x08, 0x63, 0x08, 0x63, 0x08, 0x63, 0x08, 0x63, 0x08, 0x63, 0x08, 0x63, 0x08, 0x63, 0x08, 0x63, 0x08, 0x63, 0x08, 0x63, 0x08, 0x63, 0x08, 0x63, 0x08,
  0x84, 0x08, 0x63, 0x08, 0x63, 0x08, 0x63, 0x08, 0x63, 0x08, 0x63, 0x08, 0x63, 0x08, 0x63, 0x08, 0x63, 0x08, 0x63, 0x08, 0x63, 0x08, 0x63, 0x08, 0x63, 0x08, 0x63, 0x08, 0x63, 0x08, 0x63, 0x08,
  0x63, 0x08, 0x63, 0x08, 0x63, 0x08, 0x63, 0x08, 0x63, 0x08, 0x63, 0x08, 0x63, 0x08, 0x63, 0x08, 0x8f, 0x3a, 0x63, 0x08, 0x63, 0x08, 0x63, 0x08, 0x63, 0x08, 0x27, 0x19, 0x63, 0x08, 0x63, 0x08,
  0x68, 0x19, 0x63, 0x08, 0x63, 0x08, 0x63, 0x08, 0xa8, 0x29, 0x58, 0x95, 0x75, 0x7c, 0x84, 0x08, 0x63, 0x08, 0xf7, 0x8c, 0x6c, 0x42, 0xa9, 0x29, 0x58, 0x95, 0x27, 0x21, 0x63, 0x08, 0x63, 0x08,
  0x63, 0x08, 0x63, 0x08, 0x63, 0x08, 0x63, 0x08, 0xb1, 0x63, 0x54, 0x74, 0x63, 0x08, 0x63, 0x08, 0x50, 0x5b, 0x95, 0x84, 0x63, 0x08, 0x50, 0x5b, 0x58, 0x95, 0x38, 0x95, 0x84, 0x08, 0x2b, 0x3a,
  0x58, 0x95, 0x06, 0x19, 0xf7, 0x8c, 0xb1, 0x63, 0xc5, 0x10, 0x06, 0x19, 0x54, 0x7c, 0x34, 0x74, 0x63, 0x08, 0xa9, 0x29, 0x58, 0x95, 0x27, 0x21, 0x63, 0x08, 0x26, 0x21, 0x58, 0x95, 0xee, 0x52,
  0x2b, 0x3a, 0x58, 0x95, 0x47, 0x21, 0x8c, 0x42, 0x58, 0x95, 0xce, 0x4a, 0x63, 0x08, 0x63, 0x08, 0x63, 0x08, 0x63, 0x08, 0xa9, 0x29, 0x58, 0x95, 0x27, 0x21, 0x63, 0x08, 0x63, 0x08, 0x58, 0x95,
  0xad, 0x4a, 0x63, 0x08, 0x63, 0x08, 0x95, 0x7c, 0xb1, 0x6b, 0xf6, 0x8c, 0x63, 0x08, 0x63, 0x08, 0x4b, 0x3a, 0x58, 0x95, 0x88, 0x29, 0x47, 0x19, 0xf2, 0x6b, 0x95, 0x84, 0x63, 0x08, 0xa9, 0x29,
  0x58, 0x95, 0x27, 0x21, 0x63, 0x08, 0x63, 0x08, 0x58, 0x95, 0xad, 0x4a, 0xa9, 0x29, 0x58, 0x95, 0x27, 0x21, 0x63, 0x08, 0x26, 0x21, 0x58, 0x95, 0xee, 0x52, 0x63, 0x08, 0x63, 0x08, 0x74, 0x7c,
  0xd2, 0x6b, 0xf6, 0x8c, 0x63, 0x08, 0x63, 0x08, 0x63, 0x08, 0x63, 0x08, 0xd2, 0x6b, 0x54, 0x74, 0x63, 0x08, 0x63, 0x08, 0xa9, 0x29, 0x58, 0x95, 0x27, 0x21, 0x63, 0x08, 0x63, 0x08, 0x63, 0x08,
  0x63, 0x08, 0x63, 0x08, 0x63, 0x08, 0x63, 0x08, 0x63, 0x08, 0x63, 0x08, 0x05, 0x11, 0x63, 0x08, 0x63, 0x08, 0x63, 0x08, 0x63, 0x08, 0x63, 0x08, 0x63, 0x08, 0x63, 0x08, 0x63, 0x08, 0x63, 0x08,
  0x84, 0x08, 0x05, 0x11, 0x63, 0x08, 0x63, 0x08, 0x63, 0x08, 0x63, 0x08, 0x63, 0x08, 0x63, 0x08, 0x63, 0x08, 0x63, 0x08, 0x63, 0x08, 0x63, 0x08, 0x63, 0x08, 0x63, 0x08, 0x63, 0x08, 0x63, 0x08,
  0x63, 0x08, 0x63, 0x08, 0x63, 0x08, 0x63, 0x08, 0x63, 0x08, 0x63, 0x08, 0xa9, 0x29, 0x58, 0x95, 0x27, 0x21, 0x63, 0x08, 0xc9, 0x31, 0x58, 0x95, 0x67, 0x21, 0x0a, 0x32, 0x58, 0x95, 0x68, 0x29,
  0x84, 0x08, 0x63, 0x08, 0x63, 0x08, 0x8c, 0x42, 0x58, 0x95, 0xc5, 0x10, 0x63, 0x08, 0x63, 0x08, 0xa9, 0x29, 0x58, 0x95, 0x67, 0x21, 0x2b, 0x3a, 0x58, 0x95, 0xc5, 0x10, 0x63, 0x08, 0x63, 0x08,
  0x63, 0x08, 0x63, 0x08, 0xa8, 0x29, 0x58, 0x95, 0x70, 0x63, 0x58, 0x95, 0x50, 0x5b, 0x63, 0x08, 0x63, 0x08, 0x63, 0x08, 0x63, 0x08, 0x63, 0x08, 0xa9, 0x29, 0x58, 0x95, 0x27, 0x21, 0x63, 0x08,
  0x84, 0x08, 0x58, 0x95, 0xad, 0x4a, 0x4b, 0x3a, 0x58, 0x95, 0x27, 0x21, 0x63, 0x08, 0x63, 0x08, 0x63, 0x08, 0x63, 0x08, 0xea, 0x31, 0x58, 0x95, 0x06, 0x19, 0x2b, 0x3a, 0x58, 0x95, 0xe5, 0x18,
  0x63, 0x08, 0x63, 0x08, 0x63, 0x08, 0x26, 0x19, 0x63, 0x08, 0xa9, 0x29, 0x58, 0x95, 0x27, 0x21, 0x63, 0x08, 0x63, 0x08, 0x58, 0x95, 0xad, 0x4a, 0x63, 0x08, 0x63, 0x08, 0xb1, 0x63, 0x54, 0x74,
  0x84, 0x08, 0x63, 0x08, 0x63, 0x08, 0x27, 0x19, 0x63, 0x08, 0x63, 0x08, 0x63, 0x08, 0x63, 0x08, 0x63, 0x08, 0x63, 0x08, 0x63, 0x08, 0x63, 0x08, 0x63, 0x08, 0x63, 0x08, 0x27, 0x19, 0x63, 0x08,
  0x63, 0x08, 0x63, 0x08, 0x63, 0x08, 0x63, 0x08, 0x63, 0x08, 0x63, 0x08, 0x63, 0x08, 0x63, 0x08, 0x63, 0x08, 0x63, 0x08, 0x63, 0x08, 0x63, 0x08, 0x63, 0x08, 0x63, 0x08, 0x47, 0x19, 0x63, 0x08,
  0x84, 0x08, 0x63, 0x08, 0x63, 0x08, 0x63, 0x08, 0x63, 0x08, 0x63, 0x08, 0x63, 0x08, 0x63, 0x08, 0x63, 0x08, 0x63, 0x08, 0x27, 0x19, 0x63, 0x08, 0x63, 0x08, 0x63, 0x08, 0x63, 0x08, 0x63, 0x08,
  0x63, 0x08, 0x63, 0x08, 0x63, 0x08, 0x63, 0x08, 0x63, 0x08, 0x63, 0x08, 0x63, 0x08, 0x63, 0x08, 0x63, 0x08, 0x63, 0x08, 0x63, 0x08, 0x63, 0x08, 0x63, 0x08, 0x63, 0x08, 0x63, 0x08, 0x63, 0x08,
  0x84, 0x08, 0x63, 0x08, 0x63, 0x08, 0x63, 0x08, 0x63, 0x08, 0x63, 0x08, 0x63, 0x08, 0x63, 0x08, 0x63, 0x08, 0x63, 0x08, 0x63, 0x08, 0x63, 0x08, 0x63, 0x08, 0x63, 0x08, 0x63, 0x08, 0x63, 0x08,
  0x63, 0x08, 0x63, 0x08, 0x63, 0x08, 0x63, 0x08, 0x63, 0x08, 0x63, 0x08, 0x63, 0x08, 0x63, 0x08, 0x8f, 0x3a, 0x63, 0x08, 0x63, 0x08, 0x63, 0x08, 0x63, 0x08, 0x27, 0x19, 0x63, 0x08, 0x63, 0x08,
  0x68, 0x19, 0x63, 0x08, 0x63, 0x08, 0x63, 0x08, 0xa8, 0x29, 0x58, 0x95, 0xad, 0x4a, 0xad, 0x4a, 0x63, 0x08, 0xf7, 0x8c, 0x6c, 0x42, 0xa9, 0x29, 0x58, 0x95, 0x27, 0x21, 0x63, 0x08, 0x63, 0x08,
  0x63, 0x08, 0x63, 0x08, 0x63, 0x08, 0x63, 0x08, 0xb1, 0x63, 0x54, 0x74, 0x63, 0x08, 0x63, 0x08, 0x2b, 0x3a, 0x58, 0x95, 0xc5, 0x10, 0x74, 0x7c, 0x70, 0x5b, 0x58, 0x95, 0xa9, 0x29, 0x50, 0x5b,
  0x74, 0x7c, 0x8c, 0x42, 0x58, 0x95, 0xc5, 0x10, 0x63, 0x08, 0x63, 0x08, 0xa9, 0x29, 0x58, 0x95, 0x67, 0x21, 0xa9, 0x29, 0x58, 0x95, 0x27, 0x21, 0x63, 0x08, 0x26, 0x21, 0x58, 0x95, 0x0f, 0x53,
  0xa8, 0x29, 0x58, 0x95, 0x70, 0x63, 0x58, 0x95, 0x50, 0x5b, 0x63, 0x08, 0x63, 0x08, 0x63, 0x08, 0x63, 0x08, 0x63, 0x08, 0xa9, 0x29, 0x58, 0x95, 0x27, 0x21, 0x63, 0x08, 0x63, 0x08, 0x58, 0x95,
  0xad, 0x4a, 0x63, 0x08, 0x68, 0x21, 0x38, 0x95, 0xe5, 0x10, 0x17, 0x8d, 0x0a, 0x3a, 0x63, 0x08, 0xe9, 0x31, 0x58, 0x95, 0x0e, 0x53, 0xea, 0x31, 0x83, 0x08, 0x63, 0x08, 0x63, 0x08, 0xa9, 0x29,
  0x58, 0x95, 0x27, 0x21, 0x63, 0x08, 0x63, 0x08, 0x58, 0x95, 0xad, 0x4a, 0xa9, 0x29, 0x58, 0x95, 0x27, 0x21, 0x63, 0x08, 0x26, 0x21, 0x58, 0x95, 0xad, 0x4a, 0x63, 0x08, 0x68, 0x21, 0x38, 0x95,
  0x06, 0x19, 0x17, 0x8d, 0x0a, 0x3a, 0x63, 0x08, 0x63, 0x08, 0x63, 0x08, 0xd2, 0x6b, 0x54, 0x74, 0x63, 0x08, 0x63, 0x08, 0xa9, 0x29, 0x58, 0x95, 0x27, 0x21, 0x63, 0x08, 0x63, 0x08, 0x63, 0x08,
  0x63, 0x08, 0x63, 0x08, 0x63, 0x08, 0x63, 0x08, 0x63, 0x08, 0x05, 0x11, 0x63, 0x08, 0x63, 0x08, 0x63, 0x08, 0x63, 0x08, 0x63, 0x08, 0x63, 0x08, 0x63, 0x08, 0x63, 0x08, 0x63, 0x08, 0x63, 0x08,
  0x83, 0x08, 0x63, 0x08, 0x05, 0x11, 0x63, 0x08, 0x63, 0x08, 0x63, 0x08, 0x63, 0x08, 0x63, 0x08, 0x63, 0x08, 0x63, 0x08, 0x63, 0x08, 0x63, 0x08, 0x63, 0x08, 0x63, 0x08, 0x63, 0x08, 0x63, 0x08,
  0x63, 0x08, 0x63, 0x08, 0x63, 0x08, 0x63, 0x08, 0x63, 0x08, 0x63, 0x08, 0xa9, 0x29, 0x58, 0x95, 0x58, 0x95, 0x58, 0x95, 0x58, 0x95, 0x13, 0x74, 0x84, 0x10, 0x0a, 0x32, 0x58, 0x95, 0x68, 0x29,
  0x83, 0x08, 0x63, 0x08, 0x63, 0x08, 0x0e, 0x53, 0x17, 0x8d, 0x63, 0x08, 0x63, 0x08, 0x63, 0x08, 0x06, 0x19, 0x58, 0x95, 0x0a, 0x3a, 0xcd, 0x4a, 0x58, 0x95, 0x63, 0x08, 0x63, 0x08, 0x63, 0x08,
  0x63, 0x08, 0x63, 0x08, 0xa8, 0x29, 0x58, 0x95, 0x58, 0x95, 0xd6, 0x84, 0xd6, 0x84, 0xa4, 0x10, 0x63, 0x08, 0x63, 0x08, 0x63, 0x08, 0x63, 0x08, 0xa9, 0x29, 0x58, 0x95, 0x58, 0x95, 0x58, 0x95,
  0x58, 0x95, 0x58, 0x95, 0xad, 0x4a, 0x4b, 0x3a, 0x58, 0x95, 0x58, 0x95, 0x58, 0x95, 0x58, 0x95, 0x33, 0x74, 0x63, 0x08, 0xea, 0x31, 0x58, 0x95, 0x05, 0x19, 0xcd, 0x4a, 0x58, 0x95, 0x63, 0x08,
  0x63, 0x08, 0x17, 0x8d, 0x58, 0x95, 0x58, 0x95, 0x27, 0x21, 0xa9, 0x29, 0x58, 0x95, 0x58, 0x95, 0x58, 0x95, 0x58, 0x95, 0x58, 0x95, 0xad, 0x4a, 0x63, 0x08, 0x63, 0x08, 0xb1, 0x63, 0x54, 0x74,
  0x83, 0x08, 0x63, 0x08, 0x63, 0x08, 0x27, 0x19, 0x63, 0x08, 0x63, 0x08, 0x63, 0x08, 0x63, 0x08, 0x63, 0x08, 0x63, 0x08, 0x63, 0x08, 0x63, 0x08, 0x63, 0x08, 0x63, 0x08, 0x27, 0x19, 0x63, 0x08,
  0x63, 0x08, 0x63, 0x08, 0x63, 0x08, 0x63, 0x08, 0x63, 0x08, 0x63, 0x08, 0x63, 0x08, 0x63, 0x08, 0x63, 0x08, 0x63, 0x08, 0x63, 0x08, 0x63, 0x08, 0x63, 0x08, 0x63, 0x08, 0x47, 0x19, 0x63, 0x08,
  0x83, 0x08, 0x63, 0x08, 0x63, 0x08, 0x63, 0x08, 0x63, 0x08, 0x63, 0x08, 0x63, 0x08, 0x63, 0x08, 0x63, 0x08, 0x63, 0x08, 0x27, 0x19, 0x63, 0x08, 0x63, 0x08, 0x63, 0x08, 0x63, 0x08, 0x63, 0x08,
  0x63, 0x08, 0x63, 0x08, 0x63, 0x08, 0x63, 0x08, 0x63, 0x08, 0x63, 0x08, 0x63, 0x08, 0x63, 0x08, 0x63, 0x08, 0x63, 0x08, 0x63, 0x08, 0x63, 0x08, 0x63, 0x08, 0x63, 0x08, 0x63, 0x08, 0x63, 0x08,
  0x83, 0x08, 0x63, 0x08, 0x63, 0x08, 0x63, 0x08, 0x63, 0x08, 0x63, 0x08, 0x63, 0x08, 0x63, 0x08, 0x63, 0x08, 0x63, 0x08, 0x63, 0x08, 0x63, 0x08, 0x63, 0x08, 0x63, 0x08, 0x63, 0x08, 0x63, 0x08,
  0x63, 0x08, 0x63, 0x08, 0x63, 0x08, 0x63, 0x08, 0x63, 0x08, 0x63, 0x08, 0x63, 0x08, 0x63, 0x08, 0x8f, 0x3a, 0x63, 0x08, 0x63, 0x08, 0x63, 0x08, 0x63, 0x08, 0x27, 0x19, 0x63, 0x08, 0x63, 0x08,
  0x67, 0x19, 0x63, 0x08, 0x63, 0x08, 0x63, 0x08, 0xa8, 0x29, 0x58, 0x95, 0xc5, 0x10, 0x33, 0x74, 0xa4, 0x10, 0xf7, 0x8c, 0x6c, 0x42, 0xa9, 0x29, 0x58, 0x95, 0x58, 0x95, 0x58, 0x95, 0x58, 0x95,
  0x33, 0x74, 0x63, 0x08, 0x63, 0x08, 0x63, 0x08, 0xb1, 0x63, 0x54, 0x74, 0x63, 0x08, 0x63, 0x08, 0xe5, 0x18, 0x58, 0x95, 0x2b, 0x3a, 0x58, 0x95, 0xa9, 0x29, 0x54, 0x7c, 0xee, 0x52, 0x74, 0x7c,
  0x2f, 0x5b, 0x0e, 0x53, 0x17, 0x8d, 0x63, 0x08, 0x63, 0x08, 0x63, 0x08, 0x06, 0x19, 0x58, 0x95, 0x0a, 0x3a, 0xa9, 0x29, 0x58, 0x95, 0x58, 0x95, 0x58, 0x95, 0x37, 0x95, 0x91, 0x63, 0x84, 0x08,
  0xa8, 0x29, 0x58, 0x95, 0x58, 0x95, 0xd6, 0x84, 0xd6, 0x84, 0xa4, 0x10, 0x63, 0x08, 0x63, 0x08, 0x63, 0x08, 0x63, 0x08, 0xa9, 0x29, 0x58, 0x95, 0x58, 0x95, 0x58, 0x95, 0x58, 0x95, 0x58, 0x95,
  0xad, 0x4a, 0x63, 0x08, 0x70, 0x5b, 0x33, 0x74, 0x63, 0x08, 0x91, 0x63, 0x13, 0x74, 0x63, 0x08, 0x06, 0x19, 0x2a, 0x3a, 0x95, 0x7c, 0x58, 0x95, 0x17, 0x8d, 0x8c, 0x42, 0x63, 0x08, 0xa9, 0x29,
  0x58, 0x95, 0x58, 0x95, 0x58, 0x95, 0x58, 0x95, 0x58, 0x95, 0xad, 0x4a, 0xa9, 0x29, 0x58, 0x95, 0x58, 0x95, 0x58, 0x95, 0x37, 0x95, 0x4f, 0x5b, 0x84, 0x08, 0x63, 0x08, 0x70, 0x5b, 0xf2, 0x6b,
  0x83, 0x08, 0x91, 0x63, 0x13, 0x74, 0x63, 0x08, 0x63, 0x08, 0x63, 0x08, 0xd2, 0x6b, 0x54, 0x74, 0x63, 0x08, 0x63, 0x08, 0xa9, 0x29, 0x58, 0x95, 0x58, 0x95, 0x58, 0x95, 0x58, 0x95, 0x33, 0x74,
  0x63, 0x08, 0x63, 0x08, 0x63, 0x08, 0x63, 0x08, 0x05, 0x11, 0x63, 0x08, 0x63, 0x08, 0x63, 0x08, 0x63, 0x08, 0x63, 0x08, 0x63, 0x08, 0x63, 0x08, 0x63, 0x08, 0x63, 0x08, 0x63, 0x08, 0x63, 0x08,
  0x83, 0x08, 0x63, 0x08, 0x63, 0x08, 0x05, 0x11, 0x63, 0x08, 0x63, 0x08, 0x63, 0x08, 0x63, 0x08, 0x63, 0x08, 0x63, 0x08, 0x63, 0x08, 0x63, 0x08, 0x63, 0x08, 0x63, 0x08, 0x63, 0x08, 0x63, 0x08,
  0x63, 0x08, 0x63, 0x08, 0x63, 0x08, 0x63, 0x08, 0x63, 0x08, 0x63, 0x08, 0xa9, 0x29, 0x58, 0x95, 0x27, 0x21, 0x63, 0x08, 0x06, 0x19, 0xf6, 0x8c, 0x50, 0x5b, 0x0a, 0x32, 0x58, 0x95, 0x68, 0x29,
  0x83, 0x08, 0x63, 0x08, 0x63, 0x08, 0x6c, 0x42, 0x58, 0x95, 0xc5, 0x10, 0x63, 0x08, 0x63, 0x08, 0xc9, 0x31, 0x58, 0x95, 0x67, 0x21, 0x4b, 0x3a, 0x58, 0x95, 0xe5, 0x10, 0x63, 0x08, 0x63, 0x08,
  0x63, 0x08, 0x63, 0x08, 0xa8, 0x29, 0x58, 0x95, 0xcd, 0x4a, 0x26, 0x21, 0x38, 0x95, 0x4f, 0x5b, 0x63, 0x08, 0x63, 0x08, 0x63, 0x08, 0x63, 0x08, 0xa9, 0x29, 0x58, 0x95, 0x27, 0x21, 0x63, 0x08,
  0x83, 0x08, 0x58, 0x95, 0xad, 0x4a, 0x4b, 0x3a, 0x58, 0x95, 0x27, 0x21, 0x63, 0x08, 0x63, 0x08, 0x63, 0x08, 0x63, 0x08, 0xea, 0x31, 0x58, 0x95, 0x05, 0x19, 0x2b, 0x3a, 0x58, 0x95, 0x06, 0x19,
  0x63, 0x08, 0x63, 0x08, 0xc9, 0x31, 0x58, 0x95, 0x27, 0x21, 0xa9, 0x29, 0x58, 0x95, 0x27, 0x21, 0x63, 0x08, 0x63, 0x08, 0x58, 0x95, 0xad, 0x4a, 0x63, 0x08, 0x63, 0x08, 0xb1, 0x63, 0x54, 0x74,
  0x83, 0x08, 0x63, 0x08, 0x63, 0x08, 0x27, 0x19, 0x63, 0x08, 0x63, 0x08, 0x63, 0x08, 0x63, 0x08, 0x63, 0x08, 0x63, 0x08, 0x63, 0x08, 0x63, 0x08, 0x63, 0x08, 0x63, 0x08, 0x27, 0x19, 0x63, 0x08,
  0x63, 0x08, 0x63, 0x08, 0x63, 0x08, 0x63, 0x08, 0x63, 0x08, 0x63, 0x08, 0x63, 0x08, 0x63, 0x08, 0x63, 0x08, 0x63, 0x08, 0x63, 0x08, 0x63, 0x08, 0x63, 0x08, 0x63, 0x08, 0x63, 0x08, 0x47, 0x19,
  0x83, 0x08, 0x63, 0x08, 0x63, 0x08, 0x63, 0x08, 0x63, 0x08, 0x63, 0x08, 0x63, 0x08, 0x63, 0x08, 0x63, 0x08, 0x63, 0x08, 0x27, 0x19, 0x63, 0x08, 0x63, 0x08, 0x63, 0x08, 0x63, 0x08, 0x63, 0x08,
  0x63, 0x08, 0x63, 0x08, 0x63, 0x08, 0x63, 0x08, 0x63, 0x08, 0x63, 0x08, 0x63, 0x08, 0x63, 0x08, 0x63, 0x08, 0x63, 0x08, 0x63, 0x08, 0x63, 0x08, 0x63, 0x08, 0x63, 0x08, 0x63, 0x08, 0x63, 0x08,
  0x83, 0x08, 0x63, 0x08, 0x63, 0x08, 0x63, 0x08, 0x63, 0x08, 0x63, 0x08, 0x63, 0x08, 0x63, 0x08, 0x63, 0x08, 0x63, 0x08, 0x63, 0x08, 0x63, 0x08, 0x63, 0x08, 0x63, 0x08, 0x63, 0x08, 0x63, 0x08,
  0x63, 0x08, 0x63, 0x08, 0x63, 0x08, 0x63, 0x08, 0x63, 0x08, 0x63, 0x08, 0x63, 0x08, 0x63, 0x08, 0x8f, 0x3a, 0x63, 0x08, 0x63, 0x08, 0x63, 0x08, 0x27, 0x19, 0x63, 0x08, 0x63, 0x08, 0x63, 0x08,
  0x67, 0x19, 0x63, 0x08, 0x63, 0x08, 0x63, 0x08, 0xa8, 0x29, 0x58, 0x95, 0xc4, 0x10, 0x0a, 0x3a, 0xcd, 0x4a, 0xf7, 0x8c, 0x6c, 0x42, 0xa9, 0x29, 0x58, 0x95, 0x27, 0x21, 0x63, 0x08, 0x63, 0x08,
  0x63, 0x08, 0x63, 0x08, 0x63, 0x08, 0x63, 0x08, 0xb1, 0x63, 0x54, 0x74, 0x63, 0x08, 0x63, 0x08, 0x63, 0x08, 0xb5, 0x84, 0x95, 0x7c, 0x38, 0x95, 0x83, 0x08, 0xee, 0x52, 0x75, 0x7c, 0x58, 0x95,
  0x0a, 0x3a, 0x6c, 0x42, 0x58, 0x95, 0xc5, 0x10, 0x63, 0x08, 0x63, 0x08, 0xc9, 0x31, 0x58, 0x95, 0x67, 0x21, 0xa9, 0x29, 0x58, 0x95, 0x47, 0x21, 0x0a, 0x3a, 0x58, 0x95, 0xad, 0x4a, 0x63, 0x08,
  0xa8, 0x29, 0x58, 0x95, 0xcd, 0x4a, 0x26, 0x21, 0x38, 0x95, 0x4f, 0x5b, 0x63, 0x08, 0x63, 0x08, 0x63, 0x08, 0x63, 0x08, 0xa9, 0x29, 0x58, 0x95, 0x27, 0x21, 0x63, 0x08, 0x63, 0x08, 0x58, 0x95,
  0xad, 0x4a, 0xa4, 0x10, 0x17, 0x95, 0x58, 0x95, 0x58, 0x95, 0x58, 0x95, 0x58, 0x95, 0x26, 0x21, 0x06, 0x19, 0x63, 0x08, 0x63, 0x08, 0xc9, 0x29, 0xb1, 0x6b, 0x58, 0x95, 0xe5, 0x18, 0xa9, 0x29,
  0x58, 0x95, 0x27, 0x21, 0x63, 0x08, 0x63, 0x08, 0x58, 0x95, 0xad, 0x4a, 0xa9, 0x29, 0x58, 0x95, 0x47, 0x21, 0x0a, 0x3a, 0x58, 0x95, 0xad, 0x4a, 0x63, 0x08, 0xa4, 0x10, 0x17, 0x95, 0x58, 0x95,
  0x58, 0x95, 0x58, 0x95, 0x58, 0x95, 0x26, 0x21, 0x63, 0x08, 0x63, 0x08, 0xd2, 0x6b, 0x54, 0x74, 0x63, 0x08, 0x63, 0x08, 0xa9, 0x29, 0x58, 0x95, 0x27, 0x21, 0x63, 0x08, 0x63, 0x08, 0x63, 0x08,
  0x63, 0x08, 0x63, 0x08, 0x63, 0x08, 0x05, 0x11, 0x63, 0x08, 0x63, 0x08, 0x63, 0x08, 0x63, 0x08, 0x63, 0x08, 0x63, 0x08, 0x63, 0x08, 0x63, 0x08, 0x63, 0x08, 0x63, 0x08, 0x63, 0x08, 0x63, 0x08,
  0x83, 0x08, 0x63, 0x08, 0x63, 0x08, 0x63, 0x08, 0x05, 0x11, 0x63, 0x08, 0x63, 0x08, 0x63, 0x08, 0x63, 0x08, 0x63, 0x08, 0x63, 0x08, 0x63, 0x08, 0x63, 0x08, 0x63, 0x08, 0x63, 0x08, 0x63, 0x08,
  0x63, 0x08, 0x63, 0x08, 0x63, 0x08, 0x63, 0x08, 0x63, 0x08, 0x63, 0x08, 0xa9, 0x29, 0x58, 0x95, 0x27, 0x21, 0x63, 0x08, 0xe5, 0x18, 0xf6, 0x8c, 0x70, 0x63, 0x0a, 0x32, 0x58, 0x95, 0x68, 0x29,
  0x83, 0x08, 0x63, 0x08, 0x63, 0x08, 0xc4, 0x10, 0xf7, 0x8c, 0xb1, 0x6b, 0xc5, 0x10, 0x06, 0x19, 0x54, 0x7c, 0x74, 0x7c, 0x63, 0x08, 0xa4, 0x10, 0xf6, 0x8c, 0x70, 0x5b, 0xa4, 0x10, 0x67, 0x21,
  0xf6, 0x8c, 0xad, 0x4a, 0xa8, 0x29, 0x58, 0x95, 0x47, 0x21, 0x63, 0x08, 0x2f, 0x53, 0x58, 0x95, 0x88, 0x29, 0x63, 0x08, 0x63, 0x08, 0x63, 0x08, 0xa9, 0x29, 0x58, 0x95, 0x27, 0x21, 0x63, 0x08,
  0x83, 0x08, 0x58, 0x95, 0xad, 0x4a, 0x4b, 0x3a, 0x58, 0x95, 0x27, 0x21, 0x63, 0x08, 0x63, 0x08, 0x63, 0x08, 0x63, 0x08, 0xea, 0x31, 0x58, 0x95, 0x05, 0x19, 0x84, 0x10, 0xb6, 0x84, 0xf2, 0x6b,
  0xe5, 0x18, 0xe5, 0x18, 0xb1, 0x63, 0x58, 0x95, 0x27, 0x21, 0xa9, 0x29, 0x58, 0x95, 0x27, 0x21, 0x63, 0x08, 0x63, 0x08, 0x58, 0x95, 0xad, 0x4a, 0x63, 0x08, 0x63, 0x08, 0xb1, 0x63, 0x54, 0x74,
  0x83, 0x08, 0x63, 0x08, 0x63, 0x08, 0x27, 0x19, 0x63, 0x08, 0x63, 0x08, 0x63, 0x08, 0x63, 0x08, 0x63, 0x08, 0x63, 0x08, 0x63, 0x08, 0x63, 0x08, 0x63, 0x08, 0x63, 0x08, 0x27, 0x19, 0x63, 0x08,
  0x63, 0x08, 0x63, 0x08, 0x63, 0x08, 0x63, 0x08, 0x63, 0x08, 0x63, 0x08, 0x63, 0x08, 0x63, 0x08, 0x63, 0x08, 0x63, 0x08, 0x63, 0x08, 0x63, 0x08, 0x63, 0x08, 0x63, 0x08, 0x63, 0x08, 0x63, 0x08,
  0x68, 0x19, 0x63, 0x08, 0x63, 0x08, 0x63, 0x08, 0x63, 0x08, 0x63, 0x08, 0x63, 0x08, 0x63, 0x08, 0x63, 0x08, 0x63, 0x08, 0x27, 0x19, 0x63, 0x08, 0x63, 0x08, 0x63, 0x08, 0x63, 0x08, 0x63, 0x08,
  0x63, 0x08, 0x63, 0x08, 0x63, 0x08, 0x63, 0x08, 0x63, 0x08, 0x63, 0x08, 0x63, 0x08, 0x63, 0x08, 0x63, 0x08, 0x63, 0x08, 0x63, 0x08, 0x63, 0x08, 0x63, 0x08, 0x63, 0x08, 0x63, 0x08, 0x63, 0x08,
  0x83, 0x08, 0x63, 0x08, 0x63, 0x08, 0x63, 0x08, 0x63, 0x08, 0x63, 0x08, 0x63, 0x08, 0x63, 0x08, 0x63, 0x08, 0x63, 0x08, 0x63, 0x08, 0x63, 0x08, 0x63, 0x08, 0x63, 0x08, 0x63, 0x08, 0x63, 0x08,
  0x63, 0x08, 0x63, 0x08, 0x63, 0x08, 0x63, 0x08, 0x63, 0x08, 0x63, 0x08, 0x63, 0x08, 0x63, 0x08, 0x8f, 0x3a, 0x63, 0x08, 0x63, 0x08, 0x27, 0x19, 0x63, 0x08, 0x63, 0x08, 0x63, 0x08, 0x63, 0x08,
  0x67, 0x19, 0x63, 0x08, 0x63, 0x08, 0x63, 0x08, 0xa8, 0x29, 0x58, 0x95, 0xc4, 0x10, 0x63, 0x08, 0x13, 0x74, 0x37, 0x95, 0x6c, 0x42, 0xa9, 0x29, 0x58, 0x95, 0x27, 0x21, 0x63, 0x08, 0x63, 0x08,
  0x63, 0x08, 0x63, 0x08, 0x63, 0x08, 0x63, 0x08, 0xb1, 0x63, 0x54, 0x74, 0x63, 0x08, 0x63, 0x08, 0x63, 0x08, 0x70, 0x63, 0x58, 0x95, 0x33, 0x74, 0x63, 0x08, 0xa8, 0x29, 0x58, 0x95, 0x58, 0x95,
  0xe5, 0x18, 0xc4, 0x10, 0xf7, 0x8c, 0xb1, 0x6b, 0xc5, 0x10, 0x06, 0x19, 0x54, 0x7c, 0x54, 0x74, 0x63, 0x08, 0xa9, 0x29, 0x58, 0x95, 0x27, 0x21, 0x26, 0x19, 0x0f, 0x53, 0x58, 0x95, 0x88, 0x29,
  0xa8, 0x29, 0x58, 0x95, 0x47, 0x21, 0x63, 0x08, 0x2f, 0x53, 0x58, 0x95, 0x88, 0x29, 0x63, 0x08, 0x63, 0x08, 0x63, 0x08, 0xa9, 0x29, 0x58, 0x95, 0x27, 0x21, 0x63, 0x08, 0x63, 0x08, 0x58, 0x95,
  0xad, 0x4a, 0x6c, 0x42, 0x17, 0x8d, 0x27, 0x19, 0x63, 0x08, 0x63, 0x08, 0xb5, 0x84, 0x2f, 0x5b, 0x0f, 0x53, 0x17, 0x8d, 0x47, 0x21, 0x26, 0x19, 0xee, 0x52, 0x38, 0x95, 0xc4, 0x10, 0xa9, 0x29,
  0x58, 0x95, 0x27, 0x21, 0x63, 0x08, 0x63, 0x08, 0x58, 0x95, 0xad, 0x4a, 0xa9, 0x29, 0x58, 0x95, 0x27, 0x21, 0x63, 0x08, 0x0f, 0x53, 0x58, 0x95, 0x88, 0x29, 0x6c, 0x42, 0x17, 0x8d, 0x83, 0x08,
  0x83, 0x08, 0x63, 0x08, 0xb5, 0x84, 0x2f, 0x5b, 0x63, 0x08, 0x63, 0x08, 0xd2, 0x6b, 0x54, 0x74, 0x63, 0x08, 0x63, 0x08, 0xa9, 0x29, 0x58, 0x95, 0x27, 0x21, 0x63, 0x08, 0x63, 0x08, 0x63, 0x08,
  0x63, 0x08, 0x63, 0x08, 0x05, 0x11, 0x63, 0x08, 0x63, 0x08, 0x63, 0x08, 0x63, 0x08, 0x63, 0x08, 0x63, 0x08, 0x63, 0x08, 0x63, 0x08, 0x63, 0x08, 0x63, 0x08, 0x63, 0x08, 0x63, 0x08, 0x63, 0x08,
  0x25, 0x19, 0x63, 0x08, 0x63, 0x08, 0x63, 0x08, 0x63, 0x08, 0x05, 0x11, 0x63, 0x08, 0x63, 0x08, 0x63, 0x08, 0x63, 0x08, 0x63, 0x08, 0x63, 0x08, 0x63, 0x08, 0x63, 0x08, 0x63, 0x08, 0x63, 0x08,
  0x63, 0x08, 0x63, 0x08, 0x63, 0x08, 0x63, 0x08, 0x63, 0x08, 0x63, 0x08, 0xa9, 0x29, 0x58, 0x95, 0x58, 0x95, 0x58, 0x95, 0x38, 0x95, 0x33, 0x74, 0xe5, 0x18, 0x0a, 0x32, 0x58, 0x95, 0x58, 0x95,
  0x58, 0x95, 0x58, 0x95, 0x74, 0x7c, 0x63, 0x08, 0x27, 0x21, 0xf2, 0x6b, 0xf7, 0x8c, 0xf6, 0x8c, 0x91, 0x63, 0x67, 0x21, 0x63, 0x08, 0x63, 0x08, 0x47, 0x21, 0x13, 0x74, 0x17, 0x8d, 0xd6, 0x8c,
  0x0e, 0x53, 0x63, 0x08, 0xa8, 0x29, 0x58, 0x95, 0x47, 0x21, 0x63, 0x08, 0xa4, 0x10, 0xf6, 0x8c, 0x95, 0x84, 0x84, 0x08, 0x63, 0x08, 0x63, 0x08, 0xa9, 0x29, 0x58, 0x95, 0x27, 0x21, 0x63, 0x08,
  0x83, 0x08, 0x58, 0x95, 0xad, 0x4a, 0x4b, 0x3a, 0x58, 0x95, 0x58, 0x95, 0x58, 0x95, 0x58, 0x95, 0x58, 0x95, 0x27, 0x21, 0xea, 0x31, 0x58, 0x95, 0x05, 0x19, 0x63, 0x08, 0x06, 0x19, 0xb2, 0x6b,
  0x17, 0x8d, 0x38, 0x95, 0x74, 0x7c, 0x2f, 0x53, 0x83, 0x08, 0xa9, 0x29, 0x58, 0x95, 0x27, 0x21, 0x63, 0x08, 0x63, 0x08, 0x58, 0x95, 0xad, 0x4a, 0x63, 0x08, 0x63, 0x08, 0xb1, 0x63, 0x54, 0x74,
  0x83, 0x08, 0x63, 0x08, 0x63, 0x08, 0x27, 0x19, 0x63, 0x08, 0x63, 0x08, 0x63, 0x08, 0x63, 0x08, 0x63, 0x08, 0x63, 0x08, 0x63, 0x08, 0x63, 0x08, 0x63, 0x08, 0x63, 0x08, 0x27, 0x19, 0x63, 0x08,
  0x63, 0x08, 0x63, 0x08, 0x63, 0x08, 0x63, 0x08, 0x63, 0x08, 0x63, 0x08, 0x63, 0x08, 0x63, 0x08, 0x63, 0x08, 0x63, 0x08, 0x63, 0x08, 0x63, 0x08, 0x63, 0x08, 0x63, 0x08, 0x63, 0x08, 0x63, 0x08,
  0x83, 0x08, 0x47, 0x19, 0x63, 0x08, 0x63, 0x08, 0x63, 0x08, 0x63, 0x08, 0x63, 0x08, 0x63, 0x08, 0x63, 0x08, 0x63, 0x08, 0x27, 0x19, 0x63, 0x08, 0x63, 0x08, 0x63, 0x08, 0x63, 0x08, 0x63, 0x08,
  0x63, 0x08, 0x63, 0x08, 0x63, 0x08, 0x63, 0x08, 0x63, 0x08, 0x63, 0x08, 0x63, 0x08, 0x63, 0x08, 0x63, 0x08, 0x63, 0x08, 0x63, 0x08, 0x63, 0x08, 0x63, 0x08, 0x63, 0x08, 0x63, 0x08, 0x63, 0x08,
  0x83, 0x08, 0x63, 0x08, 0x63, 0x08, 0x63, 0x08, 0x63, 0x08, 0x63, 0x08, 0x63, 0x08, 0x63, 0x08, 0x63, 0x08, 0x63, 0x08, 0x63, 0x08, 0x63, 0x08, 0x63, 0x08, 0x63, 0x08, 0x63, 0x08, 0x63, 0x08,
  0x63, 0x08, 0x63, 0x08, 0x63, 0x08, 0x63, 0x08, 0x63, 0x08, 0x63, 0x08, 0x63, 0x08, 0x63, 0x08, 0x8f, 0x3a, 0x63, 0x08, 0x27, 0x19, 0x63, 0x08, 0x63, 0x08, 0x63, 0x08, 0x63, 0x08, 0x63, 0x08,
  0x67, 0x19, 0x63, 0x08, 0x63, 0x08, 0x63, 0x08, 0xa8, 0x29, 0x58, 0x95, 0xc4, 0x10, 0x63, 0x08, 0xc9, 0x31, 0x58, 0x95, 0x6c, 0x42, 0xa9, 0x29, 0x58, 0x95, 0x58, 0x95, 0x58, 0x95, 0x58, 0x95,
  0x58, 0x95, 0x27, 0x21, 0x63, 0x08, 0x63, 0x08, 0xb1, 0x63, 0x54, 0x74, 0x63, 0x08, 0x63, 0x08, 0x63, 0x08, 0x2b, 0x3a, 0x58, 0x95, 0x0e, 0x53, 0x63, 0x08, 0x83, 0x08, 0x17, 0x95, 0x74, 0x7c,
  0x83, 0x08, 0x63, 0x08, 0x27, 0x21, 0xf2, 0x6b, 0xf7, 0x8c, 0xf6, 0x8c, 0x91, 0x63, 0xc5, 0x10, 0x63, 0x08, 0xa9, 0x29, 0x58, 0x95, 0xe9, 0x29, 0x63, 0x08, 0x84, 0x08, 0x95, 0x84, 0x75, 0x7c,
  0xa9, 0x29, 0x58, 0x95, 0x47, 0x21, 0x63, 0x08, 0xa4, 0x10, 0xf6, 0x8c, 0x95, 0x84, 0x84, 0x08, 0x63, 0x08, 0x63, 0x08, 0xa9, 0x29, 0x58, 0x95, 0x27, 0x21, 0x63, 0x08, 0x63, 0x08, 0x58, 0x95,
  0xad, 0x4a, 0x54, 0x7c, 0xb1, 0x6b, 0x26, 0x19, 0x63, 0x08, 0x63, 0x08, 0x0f, 0x53, 0x17, 0x8d, 0x47, 0x21, 0x50, 0x5b, 0xf7, 0x8c, 0x38, 0x95, 0x95, 0x84, 0x0a, 0x3a, 0x63, 0x08, 0xa9, 0x29,
  0x58, 0x95, 0x27, 0x21, 0x63, 0x08, 0x63, 0x08, 0x58, 0x95, 0xad, 0x4a, 0xa9, 0x29, 0x58, 0x95, 0x27, 0x21, 0x63, 0x08, 0x84, 0x08, 0x95, 0x84, 0x75, 0x7c, 0x54, 0x7c, 0xb1, 0x6b, 0x63, 0x08,
  0x83, 0x08, 0x63, 0x08, 0x0f, 0x53, 0x17, 0x8d, 0x84, 0x08, 0x63, 0x08, 0xd2, 0x6b, 0x54, 0x74, 0x63, 0x08, 0x63, 0x08, 0xa9, 0x29, 0x58, 0x95, 0x58, 0x95, 0x58, 0x95, 0x58, 0x95, 0x58, 0x95,
  0x27, 0x21, 0x05, 0x11, 0x63, 0x08, 0x63, 0x08, 0x63, 0x08, 0x63, 0x08, 0x63, 0x08, 0x63, 0x08, 0x63, 0x08, 0x63, 0x08, 0x63, 0x08, 0x63, 0x08, 0x63, 0x08, 0x63, 0x08, 0x63, 0x08, 0x63, 0x08,
  0x83, 0x08, 0xe5, 0x10, 0x63, 0x08, 0x63, 0x08, 0x63, 0x08, 0x63, 0x08, 0x05, 0x11, 0x63, 0x08, 0x63, 0x08, 0x63, 0x08, 0x63, 0x08, 0x63, 0x08, 0x63, 0x08, 0x63, 0x08, 0x63, 0x08, 0x63, 0x08,
  0x63, 0x08, 0x63, 0x08, 0x63, 0x08, 0x63, 0x08, 0x63, 0x08, 0x63, 0x08, 0x63, 0x08, 0x63, 0x08, 0x63, 0x08, 0x63, 0x08, 0x63, 0x08, 0x63, 0x08, 0x63, 0x08, 0x05, 0x19, 0x63, 0x08, 0x63, 0x08,
  0x83, 0x08, 0x63, 0x08, 0x63, 0x08, 0x63, 0x08, 0x63, 0x08, 0x63, 0x08, 0x63, 0x08, 0x63, 0x08, 0x63, 0x08, 0x06, 0x19, 0x63, 0x08, 0x63, 0x08, 0x63, 0x08, 0x63, 0x08, 0x63, 0x08, 0x63, 0x08,
  0x63, 0x08, 0x63, 0x08, 0x63, 0x08, 0x63, 0x08, 0x63, 0x08, 0x63, 0x08, 0x63, 0x08, 0x63, 0x08, 0x63, 0x08, 0x63, 0x08, 0x63, 0x08, 0x63, 0x08, 0x63, 0x08, 0x63, 0x08, 0x63, 0x08, 0x63, 0x08,
  0x83, 0x08, 0x63, 0x08, 0x63, 0x08, 0x26, 0x19, 0x06, 0x19, 0x63, 0x08, 0x63, 0x08, 0x63, 0x08, 0x63, 0x08, 0x63, 0x08, 0x63, 0x08, 0x63, 0x08, 0x63, 0x08, 0x63, 0x08, 0x63, 0x08, 0x63, 0x08,
  0x63, 0x08, 0x63, 0x08, 0x63, 0x08, 0x26, 0x19, 0x63, 0x08, 0x63, 0x08, 0x63, 0x08, 0x63, 0x08, 0x63, 0x08, 0x63, 0x08, 0x63, 0x08, 0x63, 0x08, 0x63, 0x08, 0x63, 0x08, 0x63, 0x08, 0x63, 0x08,
  0x83, 0x08, 0x63, 0x08, 0x63, 0x08, 0x27, 0x19, 0x63, 0x08, 0x63, 0x08, 0x63, 0x08, 0x63, 0x08, 0x63, 0x08, 0x63, 0x08, 0x63, 0x08, 0x63, 0x08, 0x63, 0x08, 0x63, 0x08, 0x27, 0x19, 0x63, 0x08,
  0x63, 0x08, 0x63, 0x08, 0x63, 0x08, 0x63, 0x08, 0x63, 0x08, 0x63, 0x08, 0x63, 0x08, 0x63, 0x08, 0x63, 0x08, 0x63, 0x08, 0x63, 0x08, 0x63, 0x08, 0x63, 0x08, 0x63, 0x08, 0x63, 0x08, 0x63, 0x08,
  0x83, 0x08, 0x63, 0x08, 0x47, 0x19, 0x63, 0x08, 0x63, 0x08, 0x63, 0x08, 0x63, 0x08, 0x63, 0x08, 0x63, 0x08, 0x63, 0x08, 0x27, 0x19, 0x63, 0x08, 0x63, 0x08, 0x63, 0x08, 0x63, 0x08, 0x63, 0x08,
  0x63, 0x08, 0x63, 0x08, 0x63, 0x08, 0x63, 0x08, 0x63, 0x08, 0x63, 0x08, 0x63, 0x08, 0x63, 0x08, 0x63, 0x08, 0x63, 0x08, 0x63, 0x08, 0x63, 0x08, 0x63, 0x08, 0x63, 0x08, 0x63, 0x08, 0x63, 0x08,
  0x83, 0x08, 0x63, 0x08, 0x63, 0x08, 0x63, 0x08, 0x63, 0x08, 0x63, 0x08, 0x63, 0x08, 0x63, 0x08, 0x63, 0x08, 0x63, 0x08, 0x63, 0x08, 0x63, 0x08, 0x63, 0x08, 0x63, 0x08, 0x63, 0x08, 0x63, 0x08,
  0x63, 0x08, 0x63, 0x08, 0x63, 0x08, 0x63, 0x08, 0x63, 0x08, 0x63, 0x08, 0x63, 0x08, 0x63, 0x08, 0x8f, 0x3a, 0x27, 0x19, 0x63, 0x08, 0x63, 0x08, 0x63, 0x08, 0x63, 0x08, 0x63, 0x08, 0x63, 0x08,
  0x67, 0x19, 0x63, 0x08, 0x63, 0x08, 0x63, 0x08, 0x63, 0x08, 0x63, 0x08, 0x63, 0x08, 0x63, 0x08, 0x63, 0x08, 0x63, 0x08, 0x63, 0x08, 0x63, 0x08, 0x27, 0x19, 0x63, 0x08, 0x63, 0x08, 0x63, 0x08,
  0x63, 0x08, 0x63, 0x08, 0x63, 0x08, 0x63, 0x08, 0x63, 0x08, 0x63, 0x08, 0x63, 0x08, 0x63, 0x08, 0x63, 0x08, 0x63, 0x08, 0x63, 0x08, 0x27, 0x19, 0x63, 0x08, 0x63, 0x08, 0x63, 0x08, 0x63, 0x08,
  0x83, 0x08, 0x63, 0x08, 0x63, 0x08, 0x63, 0x08, 0x63, 0x08, 0x63, 0x08, 0x63, 0x08, 0x63, 0x08, 0x63, 0x08, 0x63, 0x08, 0x26, 0x19, 0x63, 0x08, 0x63, 0x08, 0x63, 0x08, 0x63, 0x08, 0x63, 0x08,
  0x63, 0x08, 0x63, 0x08, 0x63, 0x08, 0x63, 0x08, 0x63, 0x08, 0x63, 0x08, 0x63, 0x08, 0x63, 0x08, 0x63, 0x08, 0x63, 0x08, 0x63, 0x08, 0x63, 0x08, 0x63, 0x08, 0x63, 0x08, 0x63, 0x08, 0x63, 0x08,
  0x83, 0x08, 0x63, 0x08, 0x63, 0x08, 0x26, 0x19, 0x63, 0x08, 0x63, 0x08, 0x63, 0x08, 0x63, 0x08, 0x06, 0x19, 0x06, 0x19, 0x63, 0x08, 0x63, 0x08, 0x63, 0x08, 0x63, 0x08, 0x63, 0x08, 0x63, 0x08,
  0x63, 0x08, 0x63, 0x08, 0x63, 0x08, 0x63, 0x08, 0x63, 0x08, 0x63, 0x08, 0x63, 0x08, 0x63, 0x08, 0x63, 0x08, 0x63, 0x08, 0x63, 0x08, 0x63, 0x08, 0x63, 0x08, 0x63, 0x08, 0x63, 0x08, 0x63, 0x08,
  0x83, 0x08, 0x63, 0x08, 0x63, 0x08, 0x63, 0x08, 0x63, 0x08, 0x63, 0x08, 0x05, 0x19, 0x63, 0x08, 0x63, 0x08, 0x63, 0x08, 0x63, 0x08, 0x63, 0x08, 0x63, 0x08, 0x63, 0x08, 0x63, 0x08, 0x63, 0x08,
  0x05, 0x11, 0x63, 0x08, 0x63, 0x08, 0x63, 0x08, 0x63, 0x08, 0x63, 0x08, 0x63, 0x08, 0x63, 0x08, 0x63, 0x08, 0x63, 0x08, 0x63, 0x08, 0x63, 0x08, 0x63, 0x08, 0x63, 0x08, 0x63, 0x08, 0x63, 0x08,
  0x83, 0x08, 0x63, 0x08, 0xe5, 0x10, 0x63, 0x08, 0x63, 0x08, 0x63, 0x08, 0x63, 0x08, 0x05, 0x11, 0x63, 0x08, 0x63, 0x08, 0x63, 0x08, 0x63, 0x08, 0x63, 0x08, 0x63, 0x08, 0x63, 0x08, 0x63, 0x08,
  0x63, 0x08, 0x63, 0x08, 0x63, 0x08, 0x63, 0x08, 0x63, 0x08, 0x63, 0x08, 0x63, 0x08, 0x63, 0x08, 0x63, 0x08, 0x63, 0x08, 0x63, 0x08, 0x63, 0x08, 0x63, 0x08, 0x05, 0x19, 0x63, 0x08, 0x63, 0x08,
  0x83, 0x08, 0x63, 0x08, 0x63, 0x08, 0x63, 0x08, 0x63, 0x08, 0x63, 0x08, 0x63, 0x08, 0x63, 0x08, 0x63, 0x08, 0x06, 0x19, 0x63, 0x08, 0x63, 0x08, 0x63, 0x08, 0x63, 0x08, 0x63, 0x08, 0x63, 0x08,
  0x63, 0x08, 0x63, 0x08, 0x63, 0x08, 0x63, 0x08, 0x63, 0x08, 0x63, 0x08, 0x63, 0x08, 0x63, 0x08, 0x63, 0x08, 0x63, 0x08, 0x63, 0x08, 0x63, 0x08, 0x63, 0x08, 0x63, 0x08, 0x63, 0x08, 0x63, 0x08,
  0x83, 0x08, 0x63, 0x08, 0x63, 0x08, 0x26, 0x19, 0x06, 0x19, 0x63, 0x08, 0x63, 0x08, 0x63, 0x08, 0x63, 0x08, 0x63, 0x08, 0x63, 0x08, 0x63, 0x08, 0x63, 0x08, 0x63, 0x08, 0x63, 0x08, 0x63, 0x08,
  0x63, 0x08, 0x63, 0x08, 0x63, 0x08, 0x26, 0x19, 0x63, 0x08, 0x63, 0x08, 0x63, 0x08, 0x63, 0x08, 0x63, 0x08, 0x63, 0x08, 0x63, 0x08, 0x63, 0x08, 0x63, 0x08, 0x63, 0x08, 0x63, 0x08, 0x63, 0x08,
  0x83, 0x08, 0x63, 0x08, 0x63, 0x08, 0x27, 0x19, 0x63, 0x08, 0x63, 0x08, 0x63, 0x08, 0x63, 0x08, 0x63, 0x08, 0x63, 0x08, 0x63, 0x08, 0x63, 0x08, 0x63, 0x08, 0x63, 0x08, 0x27, 0x19, 0x63, 0x08,
  0x63, 0x08, 0x63, 0x08, 0x63, 0x08, 0x63, 0x08, 0x63, 0x08, 0x63, 0x08, 0x63, 0x08, 0x63, 0x08, 0x63, 0x08, 0x63, 0x08, 0x63, 0x08, 0x63, 0x08, 0x63, 0x08, 0x63, 0x08, 0x63, 0x08, 0x63, 0x08,
  0x83, 0x08, 0x63, 0x08, 0x63, 0x08, 0x47, 0x19, 0x63, 0x08, 0x63, 0x08, 0x63, 0x08, 0x63, 0x08, 0x63, 0x08, 0x63, 0x08, 0x27, 0x19, 0x63, 0x08, 0x63, 0x08, 0x63, 0x08, 0x63, 0x08, 0x63, 0x08,
  0x63, 0x08, 0x63, 0x08, 0x63, 0x08, 0x63, 0x08, 0x63, 0x08, 0x63, 0x08, 0x63, 0x08, 0x63, 0x08, 0x63, 0x08, 0x63, 0x08, 0x63, 0x08, 0x63, 0x08, 0x63, 0x08, 0x63, 0x08, 0x63, 0x08, 0x63, 0x08,
  0x83, 0x08, 0x63, 0x08, 0x63, 0x08, 0x63, 0x08, 0x63, 0x08, 0x63, 0x08, 0x63, 0x08, 0x63, 0x08, 0x63, 0x08, 0x63, 0x08, 0x63, 0x08, 0x63, 0x08, 0x63, 0x08, 0x63, 0x08, 0x63, 0x08, 0x63, 0x08,
  0x63, 0x08, 0x63, 0x08, 0x63, 0x08, 0x63, 0x08, 0x63, 0x08, 0x63, 0x08, 0x63, 0x08, 0x63, 0x08, 0x8f, 0x3a, 0x63, 0x08, 0x63, 0x08, 0x63, 0x08, 0x63, 0x08, 0x63, 0x08, 0x63, 0x08, 0x63, 0x08,
  0x67, 0x19, 0x63, 0x08, 0x63, 0x08, 0x63, 0x08, 0x63, 0x08, 0x63, 0x08, 0x63, 0x08, 0x63, 0x08, 0x63, 0x08, 0x63, 0x08, 0x63, 0x08, 0x63, 0x08, 0x27, 0x19, 0x63, 0x08, 0x63, 0x08, 0x63, 0x08,
  0x63, 0x08, 0x63, 0x08, 0x63, 0x08, 0x63, 0x08, 0x63, 0x08, 0x63, 0x08, 0x63, 0x08, 0x63, 0x08, 0x63, 0x08, 0x63, 0x08, 0x63, 0x08, 0x27, 0x19, 0x63, 0x08, 0x63, 0x08, 0x63, 0x08, 0x63, 0x08,
  0x83, 0x08, 0x63, 0x08, 0x63, 0x08, 0x63, 0x08, 0x63, 0x08, 0x63, 0x08, 0x63, 0x08, 0x63, 0x08, 0x63, 0x08, 0x26, 0x19, 0x63, 0x08, 0x63, 0x08, 0x63, 0x08, 0x63, 0x08, 0x63, 0x08, 0x63, 0x08,
  0x63, 0x08, 0x63, 0x08, 0x63, 0x08, 0x63, 0x08, 0x63, 0x08, 0x63, 0x08, 0x63, 0x08, 0x63, 0x08, 0x63, 0x08, 0x63, 0x08, 0x63, 0x08, 0x63, 0x08, 0x63, 0x08, 0x63, 0x08, 0x63, 0x08, 0x63, 0x08,
  0x83, 0x08, 0x63, 0x08, 0x63, 0x08, 0x26, 0x19, 0x63, 0x08, 0x63, 0x08, 0x63, 0x08, 0x63, 0x08, 0x06, 0x19, 0x63, 0x08, 0x63, 0x08, 0x63, 0x08, 0x63, 0x08, 0x63, 0x08, 0x63, 0x08, 0x63, 0x08,
  0x63, 0x08, 0x63, 0x08, 0x63, 0x08, 0x63, 0x08, 0x63, 0x08, 0x63, 0x08, 0x63, 0x08, 0x63, 0x08, 0x63, 0x08, 0x63, 0x08, 0x63, 0x08, 0x63, 0x08, 0x63, 0x08, 0x63, 0x08, 0x63, 0x08, 0x63, 0x08,
  0x83, 0x08, 0x63, 0x08, 0x63, 0x08, 0x63, 0x08, 0x63, 0x08, 0x63, 0x08, 0x05, 0x19, 0x63, 0x08, 0x63, 0x08, 0x63, 0x08, 0x63, 0x08, 0x63, 0x08, 0x63, 0x08, 0x63, 0x08, 0x63, 0x08, 0x05, 0x11,
  0x63, 0x08, 0x63, 0x08, 0x63, 0x08, 0x63, 0x08, 0x63, 0x08, 0x63, 0x08, 0x63, 0x08, 0x63, 0x08, 0x63, 0x08, 0x63, 0x08, 0x63, 0x08, 0x63, 0x08, 0x63, 0x08, 0x63, 0x08, 0x63, 0x08, 0x63, 0x08,
  0x83, 0x08, 0x63, 0x08, 0x63, 0x08, 0xe5, 0x10, 0x63, 0x08, 0x63, 0x08, 0x63, 0x08, 0x63, 0x08, 0x05, 0x11, 0x63, 0x08, 0x63, 0x08, 0x63, 0x08, 0x63, 0x08, 0x63, 0x08, 0x63, 0x08, 0x63, 0x08,
  0x63, 0x08, 0x63, 0x08, 0x63, 0x08, 0x63, 0x08, 0x63, 0x08, 0x63, 0x08, 0x63, 0x08, 0x63, 0x08, 0x63, 0x08, 0x63, 0x08, 0x63, 0x08, 0x63, 0x08, 0x63, 0x08, 0x05, 0x19, 0x63, 0x08, 0x63, 0x08,
  0x83, 0x08, 0x63, 0x08, 0x63, 0x08, 0x63, 0x08, 0x63, 0x08, 0x63, 0x08, 0x63, 0x08, 0x63, 0x08, 0x63, 0x08, 0x06, 0x19, 0x63, 0x08, 0x63, 0x08, 0x63, 0x08, 0x63, 0x08, 0x63, 0x08, 0x63, 0x08,
  0x63, 0x08, 0x63, 0x08, 0x63, 0x08, 0x63, 0x08, 0x63, 0x08, 0x63, 0x08, 0x63, 0x08, 0x63, 0x08, 0x63, 0x08, 0x63, 0x08, 0x63, 0x08, 0x63, 0x08, 0x63, 0x08, 0x63, 0x08, 0x63, 0x08, 0x63, 0x08,
  0x83, 0x08, 0x63, 0x08, 0x63, 0x08, 0x26, 0x19, 0x06, 0x19, 0x63, 0x08, 0x63, 0x08, 0x63, 0x08, 0x63, 0x08, 0x63, 0x08, 0x63, 0x08, 0x63, 0x08, 0x63, 0x08, 0x63, 0x08, 0x63, 0x08, 0x63, 0x08,
  0x63, 0x08, 0x63, 0x08, 0x63, 0x08, 0x26, 0x19, 0x63, 0x08, 0x63, 0x08, 0x63, 0x08, 0x63, 0x08, 0x63, 0x08, 0x63, 0x08, 0x63, 0x08, 0x63, 0x08, 0x63, 0x08, 0x63, 0x08, 0x63, 0x08, 0x63, 0x08,
  0x83, 0x08, 0x63, 0x08, 0x63, 0x08, 0x27, 0x19, 0x63, 0x08, 0x63, 0x08, 0x63, 0x08, 0x63, 0x08, 0x63, 0x08, 0x63, 0x08, 0x63, 0x08, 0x63, 0x08, 0x63, 0x08, 0x63, 0x08, 0x27, 0x19, 0x63, 0x08,
  0x63, 0x08, 0x63, 0x08, 0x63, 0x08, 0x63, 0x08, 0x63, 0x08, 0x63, 0x08, 0x63, 0x08, 0x63, 0x08, 0x63, 0x08, 0x63, 0x08, 0x63, 0x08, 0x63, 0x08, 0x63, 0x08, 0x63, 0x08, 0x63, 0x08, 0x63, 0x08,
  0x83, 0x08, 0x63, 0x08, 0x63, 0x08, 0x63, 0x08, 0x47, 0x19, 0x63, 0x08, 0x63, 0x08, 0x63, 0x08, 0x63, 0x08, 0x63, 0x08, 0x27, 0x19, 0x63, 0x08, 0x63, 0x08, 0x63, 0x08, 0x63, 0x08, 0x63, 0x08,
  0x63, 0x08, 0x63, 0x08, 0x63, 0x08, 0x63, 0x08, 0x63, 0x08, 0x63, 0x08, 0x63, 0x08, 0x63, 0x08, 0x63, 0x08, 0x63, 0x08, 0x63, 0x08, 0x63, 0x08, 0x63, 0x08, 0x63, 0x08, 0x63, 0x08, 0x63, 0x08,
  0x83, 0x08, 0x63, 0x08, 0x63, 0x08, 0x63, 0x08, 0x63, 0x08, 0x63, 0x08, 0x63, 0x08, 0x63, 0x08, 0x63, 0x08, 0x63, 0x08, 0x63, 0x08, 0x63, 0x08, 0x63, 0x08, 0x63, 0x08, 0x63, 0x08, 0x63, 0x08,
  0x63, 0x08, 0x63, 0x08, 0x63, 0x08, 0x63, 0x08, 0x63, 0x08, 0x63, 0x08, 0x63, 0x08, 0x27, 0x19, 0x8f, 0x3a, 0x63, 0x08, 0x63, 0x08, 0x63, 0x08, 0x63, 0x08, 0x63, 0x08, 0x63, 0x08, 0x63, 0x08,
  0x67, 0x19, 0x63, 0x08, 0x63, 0x08, 0x63, 0x08, 0x63, 0x08, 0x63, 0x08, 0x63, 0x08, 0x63, 0x08, 0x63, 0x08, 0x63, 0x08, 0x63, 0x08, 0x63, 0x08, 0x27, 0x19, 0x63, 0x08, 0x63, 0x08, 0x63, 0x08,
  0x63, 0x08, 0x63, 0x08, 0x63, 0x08, 0x63, 0x08, 0x63, 0x08, 0x63, 0x08, 0x63, 0x08, 0x63, 0x08, 0x63, 0x08, 0x63, 0x08, 0x63, 0x08, 0x27, 0x19, 0x63, 0x08, 0x63, 0x08, 0x63, 0x08, 0x63, 0x08,
  0x83, 0x08, 0x63, 0x08, 0x63, 0x08, 0x63, 0x08, 0x63, 0x08, 0x63, 0x08, 0x63, 0x08, 0x63, 0x08, 0x26, 0x19, 0x63, 0x08, 0x63, 0x08, 0x63, 0x08, 0x63, 0x08, 0x63, 0x08, 0x63, 0x08, 0x63, 0x08,
  0x63, 0x08, 0x63, 0x08, 0x63, 0x08, 0x63, 0x08, 0x63, 0x08, 0x63, 0x08, 0x63, 0x08, 0x63, 0x08, 0x63, 0x08, 0x63, 0x08, 0x63, 0x08, 0x63, 0x08, 0x63, 0x08, 0x63, 0x08, 0x63, 0x08, 0x63, 0x08,
  0x83, 0x08, 0x63, 0x08, 0x63, 0x08, 0x26, 0x19, 0x63, 0x08, 0x63, 0x08, 0x63, 0x08, 0x06, 0x19, 0x06, 0x19, 0x63, 0x08, 0x63, 0x08, 0x63, 0x08, 0x63, 0x08, 0x63, 0x08, 0x63, 0x08, 0x63, 0x08,
  0x63, 0x08, 0x63, 0x08, 0x63, 0x08, 0x63, 0x08, 0x63, 0x08, 0x63, 0x08, 0x63, 0x08, 0x63, 0x08, 0x63, 0x08, 0x63, 0x08, 0x63, 0x08, 0x63, 0x08, 0x63, 0x08, 0x63, 0x08, 0x63, 0x08, 0x63, 0x08,
  0x83, 0x08, 0x63, 0x08, 0x63, 0x08, 0x63, 0x08, 0x63, 0x08, 0x63, 0x08, 0x05, 0x19, 0x63, 0x08, 0x63, 0x08, 0x63, 0x08, 0x63, 0x08, 0x63, 0x08, 0x63, 0x08, 0x63, 0x08, 0x05, 0x11, 0x63, 0x08,
  0x63, 0x08, 0x63, 0x08, 0x63, 0x08, 0x63, 0x08, 0x63, 0x08, 0x63, 0x08, 0x63, 0x08, 0x63, 0x08, 0x63, 0x08, 0x63, 0x08, 0x63, 0x08, 0x63, 0x08, 0x63, 0x08, 0x63, 0x08, 0x63, 0x08, 0x63, 0x08,
  0x83, 0x08, 0x63, 0x08, 0x63, 0x08, 0x63, 0x08, 0xe5, 0x10, 0x63, 0x08, 0x63, 0x08, 0x63, 0x08, 0x63, 0x08, 0x05, 0x11, 0x63, 0x08, 0x63, 0x08, 0x63, 0x08, 0x63, 0x08, 0x63, 0x08, 0x63, 0x08,
  0x63, 0x08, 0x63, 0x08, 0x63, 0x08, 0x63, 0x08, 0x63, 0x08, 0x63, 0x08, 0x63, 0x08, 0x63, 0x08, 0x63, 0x08, 0x63, 0x08, 0x63, 0x08, 0x63, 0x08, 0x63, 0x08, 0x05, 0x19, 0x63, 0x08, 0x63, 0x08,
  0x83, 0x08, 0x63, 0x08, 0x63, 0x08, 0x63, 0x08, 0x63, 0x08, 0x63, 0x08, 0x63, 0x08, 0x63, 0x08, 0x63, 0x08, 0x06, 0x19, 0x63, 0x08, 0x63, 0x08, 0x63, 0x08, 0x63, 0x08, 0x63, 0x08, 0x63, 0x08,
  0x63, 0x08, 0x63, 0x08, 0x63, 0x08, 0x63, 0x08, 0x63, 0x08, 0x63, 0x08, 0x63, 0x08, 0x63, 0x08, 0x63, 0x08, 0x63, 0x08, 0x63, 0x08, 0x63, 0x08, 0x63, 0x08, 0x63, 0x08, 0x63, 0x08, 0x63, 0x08,
  0x83, 0x08, 0x63, 0x08, 0x63, 0x08, 0x26, 0x19, 0x06, 0x19, 0x63, 0x08, 0x63, 0x08, 0x63, 0x08, 0x63, 0x08, 0x63, 0x08, 0x63, 0x08, 0x63, 0x08, 0x63, 0x08, 0x63, 0x08, 0x63, 0x08, 0x63, 0x08,
  0x63, 0x08, 0x63, 0x08, 0x63, 0x08, 0x26, 0x19, 0x63, 0x08, 0x63, 0x08, 0x63, 0x08, 0x63, 0x08, 0x63, 0x08, 0x63, 0x08, 0x63, 0x08, 0x63, 0x08, 0x63, 0x08, 0x63, 0x08, 0x63, 0x08, 0x63, 0x08,
  0x83, 0x08, 0x63, 0x08, 0x63, 0x08, 0x63, 0x08, 0x27, 0x19, 0x63, 0x08, 0x63, 0x08, 0x63, 0x08, 0x63, 0x08, 0x63, 0x08, 0x63, 0x08, 0x63, 0x08, 0x63, 0x08, 0x63, 0x08, 0x27, 0x19, 0x63, 0x08,
  0x63, 0x08, 0x63, 0x08, 0x63, 0x08, 0x63, 0x08, 0x63, 0x08, 0x63, 0x08, 0x63, 0x08, 0x63, 0x08, 0x63, 0x08, 0x63, 0x08, 0x63, 0x08, 0x63, 0x08, 0x63, 0x08, 0x63, 0x08, 0x63, 0x08, 0x63, 0x08,
  0x83, 0x08, 0x63, 0x08, 0x63, 0x08, 0x63, 0x08, 0x63, 0x08, 0x47, 0x19, 0x63, 0x08, 0x63, 0x08, 0x63, 0x08, 0x63, 0x08, 0x27, 0x19, 0x63, 0x08, 0x63, 0x08, 0x63, 0x08, 0x63, 0x08, 0x63, 0x08,
  0x63, 0x08, 0x63, 0x08, 0x63, 0x08, 0x63, 0x08, 0x63, 0x08, 0x63, 0x08, 0x63, 0x08, 0x63, 0x08, 0x63, 0x08, 0x63, 0x08, 0x63, 0x08, 0x63, 0x08, 0x63, 0x08, 0x63, 0x08, 0x63, 0x08, 0x63, 0x08,
  0x83, 0x08, 0x63, 0x08, 0x63, 0x08, 0x63, 0x08, 0x63, 0x08, 0x63, 0x08, 0x63, 0x08, 0x63, 0x08, 0x63, 0x08, 0x63, 0x08, 0x63, 0x08, 0x63, 0x08, 0x63, 0x08, 0x63, 0x08, 0x63, 0x08, 0x63, 0x08,
  0x63, 0x08, 0x63, 0x08, 0x63, 0x08, 0x63, 0x08, 0x63, 0x08, 0x63, 0x08, 0x27, 0x19, 0x63, 0x08, 0x8f, 0x3a, 0x63, 0x08, 0x63, 0x08, 0x63, 0x08, 0x63, 0x08, 0x63, 0x08, 0x63, 0x08, 0x63, 0x08,
  0x67, 0x19, 0x63, 0x08, 0x63, 0x08, 0x63, 0x08, 0x63, 0x08, 0x63, 0x08, 0x63, 0x08, 0x63, 0x08, 0x63, 0x08, 0x63, 0x08, 0x63, 0x08, 0x63, 0x08, 0x27, 0x19, 0x63, 0x08, 0x63, 0x08, 0x63, 0x08,
  0x63, 0x08, 0x63, 0x08, 0x63, 0x08, 0x63, 0x08, 0x63, 0x08, 0x63, 0x08, 0x63, 0x08, 0x63, 0x08, 0x63, 0x08, 0x63, 0x08, 0x63, 0x08, 0x27, 0x19, 0x63, 0x08, 0x63, 0x08, 0x63, 0x08, 0x63, 0x08,
  0x83, 0x08, 0x63, 0x08, 0x63, 0x08, 0x63, 0x08, 0x63, 0x08, 0x63, 0x08, 0x63, 0x08, 0x26, 0x19, 0x63, 0x08, 0x63, 0x08, 0x63, 0x08, 0x63, 0x08, 0x63, 0x08, 0x63, 0x08, 0x63, 0x08, 0x63, 0x08,
  0x63, 0x08, 0x63, 0x08, 0x63, 0x08, 0x63, 0x08, 0x63, 0x08, 0x63, 0x08, 0x63, 0x08, 0x63, 0x08, 0x63, 0x08, 0x63, 0x08, 0x63, 0x08, 0x63, 0x08, 0x63, 0x08, 0x63, 0x08, 0x63, 0x08, 0x63, 0x08,
  0x83, 0x08, 0x63, 0x08, 0x63, 0x08, 0x26, 0x19, 0x63, 0x08, 0x63, 0x08, 0x06, 0x19, 0x63, 0x08, 0x06, 0x19, 0x63, 0x08, 0x63, 0x08, 0x63, 0x08, 0x63, 0x08, 0x63, 0x08, 0x63, 0x08, 0x63, 0x08,
  0x63, 0x08, 0x63, 0x08, 0x63, 0x08, 0x63, 0x08, 0x63, 0x08, 0x63, 0x08, 0x63, 0x08, 0x63, 0x08, 0x63, 0x08, 0x63, 0x08, 0x63, 0x08, 0x63, 0x08, 0x63, 0x08, 0x63, 0x08, 0x63, 0x08, 0x63, 0x08,
  0x83, 0x08, 0x63, 0x08, 0x63, 0x08, 0x63, 0x08, 0x63, 0x08, 0x63, 0x08, 0x05, 0x19, 0x63, 0x08, 0x63, 0x08, 0x63, 0x08, 0x63, 0x08, 0x63, 0x08, 0x63, 0x08, 0x05, 0x11, 0x63, 0x08, 0x63, 0x08,
  0x63, 0x08, 0x63, 0x08, 0x63, 0x08, 0x63, 0x08, 0x63, 0x08, 0x63, 0x08, 0x63, 0x08, 0x63, 0x08, 0x63, 0x08, 0x63, 0x08, 0x63, 0x08, 0x63, 0x08, 0x63, 0x08, 0x63, 0x08, 0x63, 0x08, 0x63, 0x08,
  0x83, 0x08, 0x63, 0x08, 0x63, 0x08, 0x63, 0x08, 0x63, 0x08, 0xe5, 0x10, 0x63, 0x08, 0x63, 0x08, 0x63, 0x08, 0x63, 0x08, 0x05, 0x11, 0x63, 0x08, 0x63, 0x08, 0x63, 0x08, 0x63, 0x08, 0x63, 0x08,
  0x63, 0x08, 0x63, 0x08, 0x63, 0x08, 0x63, 0x08, 0x63, 0x08, 0x63, 0x08, 0x63, 0x08, 0x63, 0x08, 0x63, 0x08, 0x63, 0x08, 0x63, 0x08, 0x63, 0x08, 0x63, 0x08, 0x05, 0x19, 0x63, 0x08, 0x63, 0x08,
  0x83, 0x08, 0x63, 0x08, 0x63, 0x08, 0x63, 0x08, 0x63, 0x08, 0x63, 0x08, 0x63, 0x08, 0x63, 0x08, 0x63, 0x08, 0x06, 0x19, 0x63, 0x08, 0x63, 0x08, 0x63, 0x08, 0x63, 0x08, 0x63, 0x08, 0x63, 0x08,
  0x63, 0x08, 0x63, 0x08, 0x63, 0x08, 0x63, 0x08, 0x63, 0x08, 0x63, 0x08, 0x63, 0x08, 0x63, 0x08, 0x63, 0x08, 0x63, 0x08, 0x63, 0x08, 0x63, 0x08, 0x63, 0x08, 0x63, 0x08, 0x63, 0x08, 0x63, 0x08,
  0x83, 0x08, 0x63, 0x08, 0x63, 0x08, 0x26, 0x19, 0x06, 0x19, 0x63, 0x08, 0x63, 0x08, 0x63, 0x08, 0x63, 0x08, 0x63, 0x08, 0x63, 0x08, 0x63, 0x08, 0x63, 0x08, 0x63, 0x08, 0x63, 0x08, 0x63, 0x08,
  0x63, 0x08, 0x63, 0x08, 0x63, 0x08, 0x26, 0x19, 0x63, 0x08, 0x63, 0x08, 0x63, 0x08, 0x63, 0x08, 0x63, 0x08, 0x63, 0x08, 0x63, 0x08, 0x63, 0x08, 0x63, 0x08, 0x63, 0x08, 0x63, 0x08, 0x63, 0x08,
  0x83, 0x08, 0x63, 0x08, 0x63, 0x08, 0x63, 0x08, 0x63, 0x08, 0x27, 0x19, 0x63, 0x08, 0x63, 0x08, 0x63, 0x08, 0x63, 0x08, 0x63, 0x08, 0x63, 0x08, 0x63, 0x08, 0x63, 0x08, 0x27, 0x19, 0x63, 0x08,
  0x63, 0x08, 0x63, 0x08, 0x63, 0x08, 0x63, 0x08, 0x63, 0x08, 0x63, 0x08, 0x63, 0x08, 0x63, 0x08, 0x63, 0x08, 0x63, 0x08, 0x63, 0x08, 0x63, 0x08, 0x63, 0x08, 0x63, 0x08, 0x63, 0x08, 0x63, 0x08,
  0x83, 0x08, 0x63, 0x08, 0x63, 0x08, 0x63, 0x08, 0x63, 0x08, 0x63, 0x08, 0x47, 0x19, 0x63, 0x08, 0x63, 0x08, 0x63, 0x08, 0x27, 0x19, 0x63, 0x08, 0x63, 0x08, 0x63, 0x08, 0x63, 0x08, 0x63, 0x08,
  0x63, 0x08, 0x63, 0x08, 0x63, 0x08, 0x63, 0x08, 0x63, 0x08, 0x63, 0x08, 0x63, 0x08, 0x63, 0x08, 0x63, 0x08, 0x63, 0x08, 0x63, 0x08, 0x63, 0x08, 0x63, 0x08, 0x63, 0x08, 0x63, 0x08, 0x63, 0x08,
  0x83, 0x08, 0x63, 0x08, 0x63, 0x08, 0x63, 0x08, 0x63, 0x08, 0x63, 0x08, 0x63, 0x08, 0x63, 0x08, 0x63, 0x08, 0x63, 0x08, 0x63, 0x08, 0x63, 0x08, 0x63, 0x08, 0x63, 0x08, 0x63, 0x08, 0x63, 0x08,
  0x63, 0x08, 0x63, 0x08, 0x63, 0x08, 0x63, 0x08, 0x63, 0x08, 0x27, 0x19, 0x63, 0x08, 0x63, 0x08, 0x8f, 0x3a, 0x63, 0x08, 0x63, 0x08, 0x63, 0x08, 0x63, 0x08, 0x63, 0x08, 0x63, 0x08, 0x63, 0x08,
  0x67, 0x19, 0x63, 0x08, 0x63, 0x08, 0x63, 0x08, 0x63, 0x08, 0x63, 0x08, 0x63, 0x08, 0x63, 0x08, 0x63, 0x08, 0x63, 0x08, 0x63, 0x08, 0x63, 0x08, 0x27, 0x19, 0x63, 0x08, 0x63, 0x08, 0x63, 0x08,
  0x63, 0x08, 0x63, 0x08, 0x63, 0x08, 0x63, 0x08, 0x63, 0x08, 0x63, 0x08, 0x63, 0x08, 0x63, 0x08, 0x63, 0x08, 0x63, 0x08, 0x63, 0x08, 0x27, 0x19, 0x63, 0x08, 0x63, 0x08, 0x63, 0x08, 0x63, 0x08,
  0x83, 0x08, 0x63, 0x08, 0x63, 0x08, 0x63, 0x08, 0x63, 0x08, 0x63, 0x08, 0x26, 0x19, 0x63, 0x08, 0x63, 0x08, 0x63, 0x08, 0x63, 0x08, 0x63, 0x08, 0x63, 0x08, 0x63, 0x08, 0x63, 0x08, 0x63, 0x08,
  0x63, 0x08, 0x63, 0x08, 0x63, 0x08, 0x63, 0x08, 0x63, 0x08, 0x63, 0x08, 0x63, 0x08, 0x63, 0x08, 0x63, 0x08, 0x63, 0x08, 0x63, 0x08, 0x63, 0x08, 0x63, 0x08, 0x63, 0x08, 0x63, 0x08, 0x63, 0x08,
  0x83, 0x08, 0x63, 0x08, 0x63, 0x08, 0x26, 0x19, 0x63, 0x08, 0x06, 0x19, 0x63, 0x08, 0x63, 0x08, 0x06, 0x19, 0x63, 0x08, 0x63, 0x08, 0x63, 0x08, 0x63, 0x08, 0x63, 0x08, 0x63, 0x08, 0x63, 0x08,
  0x63, 0x08, 0x63, 0x08, 0x63, 0x08, 0x63, 0x08, 0x63, 0x08, 0x63, 0x08, 0x63, 0x08, 0x63, 0x08, 0x63, 0x08, 0x63, 0x08, 0x63, 0x08, 0x63, 0x08, 0x63, 0x08, 0x63, 0x08, 0x63, 0x08, 0x63, 0x08,
  0x83, 0x08, 0x63, 0x08, 0x63, 0x08, 0x63, 0x08, 0x63, 0x08, 0x63, 0x08, 0x05, 0x19, 0x63, 0x08, 0x63, 0x08, 0x63, 0x08, 0x63, 0x08, 0x63, 0x08, 0x05, 0x11, 0x63, 0x08, 0x63, 0x08, 0x63, 0x08,
  0x63, 0x08, 0x63, 0x08, 0x63, 0x08, 0x63, 0x08, 0x63, 0x08, 0x63, 0x08, 0x63, 0x08, 0x63, 0x08, 0x63, 0x08, 0x63, 0x08, 0x63, 0x08, 0x63, 0x08, 0x63, 0x08, 0x63, 0x08, 0x63, 0x08, 0x63, 0x08,
  0x83, 0x08, 0x63, 0x08, 0x63, 0x08, 0x63, 0x08, 0x63, 0x08, 0x63, 0x08, 0xe5, 0x10, 0x63, 0x08, 0x63, 0x08, 0x63, 0x08, 0x63, 0x08, 0x05, 0x11, 0x63, 0x08, 0x63, 0x08, 0x63, 0x08, 0x63, 0x08,
  0x63, 0x08, 0x63, 0x08, 0x63, 0x08, 0x63, 0x08, 0x63, 0x08, 0x63, 0x08, 0x63, 0x08, 0x63, 0x08, 0x63, 0x08, 0x63, 0x08, 0x63, 0x08, 0x63, 0x08, 0x63, 0x08, 0x05, 0x19, 0x63, 0x08, 0x63, 0x08,
  0x83, 0x08, 0x63, 0x08, 0x63, 0x08, 0x63, 0x08, 0x63, 0x08, 0x63, 0x08, 0x63, 0x08, 0x63, 0x08, 0x63, 0x08, 0x06, 0x19, 0x63, 0x08, 0x63, 0x08, 0x63, 0x08, 0x63, 0x08, 0x63, 0x08, 0x63, 0x08,
  0x63, 0x08, 0x63, 0x08, 0x63, 0x08, 0x63, 0x08, 0x63, 0x08, 0x63, 0x08, 0x63, 0x08, 0x63, 0x08, 0x63, 0x08, 0x63, 0x08, 0x63, 0x08, 0x63, 0x08, 0x63, 0x08, 0x63, 0x08, 0x63, 0x08, 0x63, 0x08,
  0x83, 0x08, 0x63, 0x08, 0x63, 0x08, 0x26, 0x19, 0x06, 0x19, 0x63, 0x08, 0x63, 0x08, 0x63, 0x08, 0x63, 0x08, 0x63, 0x08, 0x63, 0x08, 0x63, 0x08, 0x63, 0x08, 0x63, 0x08, 0x63, 0x08, 0x63, 0x08,
  0x63, 0x08, 0x63, 0x08, 0x63, 0x08, 0x26, 0x19, 0x63, 0x08, 0x63, 0x08, 0x63, 0x08, 0x63, 0x08, 0x63, 0x08, 0x63, 0x08, 0x63, 0x08, 0x63, 0x08, 0x63, 0x08, 0x63, 0x08, 0x63, 0x08, 0x63, 0x08,
  0x83, 0x08, 0x63, 0x08, 0x63, 0x08, 0x63, 0x08, 0x63, 0x08, 0x63, 0x08, 0x27, 0x19, 0x63, 0x08, 0x63, 0x08, 0x63, 0x08, 0x63, 0x08, 0x63, 0x08, 0x63, 0x08, 0x63, 0x08, 0x27, 0x19, 0x63, 0x08,
  0x63, 0x08, 0x63, 0x08, 0x63, 0x08, 0x63, 0x08, 0x63, 0x08, 0x63, 0x08, 0x63, 0x08, 0x63, 0x08, 0x63, 0x08, 0x63, 0x08, 0x63, 0x08, 0x63, 0x08, 0x63, 0x08, 0x63, 0x08, 0x63, 0x08, 0x63, 0x08,
  0x83, 0x08, 0x63, 0x08, 0x63, 0x08, 0x63, 0x08, 0x63, 0x08, 0x63, 0x08, 0x63, 0x08, 0x47, 0x19, 0x63, 0x08, 0x63, 0x08, 0x27, 0x19, 0x63, 0x08, 0x63, 0x08, 0x63, 0x08, 0x63, 0x08, 0x63, 0x08,
  0x63, 0x08, 0x63, 0x08, 0x63, 0x08, 0x63, 0x08, 0x63, 0x08, 0x63, 0x08, 0x63, 0x08, 0x63, 0x08, 0x63, 0x08, 0x63, 0x08, 0x63, 0x08, 0x63, 0x08, 0x63, 0x08, 0x63, 0x08, 0x63, 0x08, 0x63, 0x08,
  0x83, 0x08, 0x63, 0x08, 0x63, 0x08, 0x63, 0x08, 0x63, 0x08, 0x63, 0x08, 0x63, 0x08, 0x63, 0x08, 0x63, 0x08, 0x63, 0x08, 0x63, 0x08, 0x63, 0x08, 0x63, 0x08, 0x63, 0x08, 0x63, 0x08, 0x63, 0x08,
  0x63, 0x08, 0x63, 0x08, 0x63, 0x08, 0x63, 0x08, 0x27, 0x19, 0x63, 0x08, 0x63, 0x08, 0x63, 0x08, 0x8f, 0x3a, 0x63, 0x08, 0x63, 0x08, 0x63, 0x08, 0x63, 0x08, 0x63, 0x08, 0x63, 0x08, 0x63, 0x08,
  0x67, 0x19, 0x63, 0x08, 0x63, 0x08, 0x63, 0x08, 0x63, 0x08, 0x63, 0x08, 0x63, 0x08, 0x63, 0x08, 0x63, 0x08, 0x63, 0x08, 0x63, 0x08, 0x27, 0x19, 0x63, 0x08, 0x63, 0x08, 0x63, 0x08, 0x63, 0x08,
  0x63, 0x08, 0x63, 0x08, 0x63, 0x08, 0x63, 0x08, 0x63, 0x08, 0x63, 0x08, 0x63, 0x08, 0x63, 0x08, 0x63, 0x08, 0x63, 0x08, 0x63, 0x08, 0x27, 0x19, 0x63, 0x08, 0x63, 0x08, 0x63, 0x08, 0x63, 0x08,
  0x83, 0x08, 0x63, 0x08, 0x63, 0x08, 0x63, 0x08, 0x63, 0x08, 0x26, 0x19, 0x63, 0x08, 0x63, 0x08, 0x63, 0x08, 0x63, 0x08, 0x63, 0x08, 0x63, 0x08, 0x63, 0x08, 0x63, 0x08, 0x63, 0x08, 0x63, 0x08,
  0x63, 0x08, 0x63, 0x08, 0x63, 0x08, 0x63, 0x08, 0x63, 0x08, 0x63, 0x08, 0x63, 0x08, 0x63, 0x08, 0x63, 0x08, 0x63, 0x08, 0x63, 0x08, 0x63, 0x08, 0x63, 0x08, 0x63, 0x08, 0x63, 0x08, 0x63, 0x08,
  0x83, 0x08, 0x63, 0x08, 0x26, 0x19, 0x63, 0x08, 0x06, 0x19, 0x63, 0x08, 0x63, 0x08, 0x63, 0x08, 0x06, 0x19, 0x63, 0x08, 0x63, 0x08, 0x63, 0x08, 0x63, 0x08, 0x63, 0x08, 0x63, 0x08, 0x63, 0x08,
  0x63, 0x08, 0x63, 0x08, 0x63, 0x08, 0x63, 0x08, 0x63, 0x08, 0x63, 0x08, 0x63, 0x08, 0x63, 0x08, 0x63, 0x08, 0x63, 0x08, 0x63, 0x08, 0x63, 0x08, 0x63, 0x08, 0x63, 0x08, 0x63, 0x08, 0x63, 0x08,
  0x83, 0x08, 0x63, 0x08, 0x63, 0x08, 0x63, 0x08, 0x63, 0x08, 0x63, 0x08, 0x05, 0x19, 0x63, 0x08, 0x63, 0x08, 0x63, 0x08, 0x63, 0x08, 0x05, 0x11, 0x63, 0x08, 0x63, 0x08, 0x63, 0x08, 0x63, 0x08,
  0x63, 0x08, 0x63, 0x08, 0x63, 0x08, 0x63, 0x08, 0x63, 0x08, 0x63, 0x08, 0x63, 0x08, 0x63, 0x08, 0x63, 0x08, 0x63, 0x08, 0x63, 0x08, 0x63, 0x08, 0x63, 0x08, 0x63, 0x08, 0x63, 0x08, 0x63, 0x08,
  0x83, 0x08, 0x63, 0x08, 0x63, 0x08, 0x63, 0x08, 0x63, 0x08, 0x63, 0x08, 0x63, 0x08, 0xe5, 0x10, 0x63, 0x08, 0x63, 0x08, 0x63, 0x08, 0x63, 0x08, 0x05, 0x11, 0x63, 0x08, 0x63, 0x08, 0x63, 0x08,
  0x63, 0x08, 0x63, 0x08, 0x63, 0x08, 0x63, 0x08, 0x63, 0x08, 0x63, 0x08, 0x63, 0x08, 0x63, 0x08, 0x63, 0x08, 0x63, 0x08, 0x63, 0x08, 0x63, 0x08, 0x63, 0x08, 0x05, 0x19, 0x63, 0x08, 0x63, 0x08,
  0x83, 0x08, 0x63, 0x08, 0x63, 0x08, 0x63, 0x08, 0x63, 0x08, 0x63, 0x08, 0x63, 0x08, 0x63, 0x08, 0x63, 0x08, 0x06, 0x19, 0x63, 0x08, 0x63, 0x08, 0x63, 0x08, 0x63, 0x08, 0x63, 0x08, 0x63, 0x08,
  0x63, 0x08, 0x63, 0x08, 0x63, 0x08, 0x63, 0x08, 0x63, 0x08, 0x63, 0x08, 0x63, 0x08, 0x63, 0x08, 0x63, 0x08, 0x63, 0x08, 0x63, 0x08, 0x63, 0x08, 0x63, 0x08, 0x63, 0x08, 0x63, 0x08, 0x63, 0x08,
  0x83, 0x08, 0x63, 0x08, 0x63, 0x08, 0x26, 0x19, 0x06, 0x19, 0x63, 0x08, 0x63, 0x08, 0x63, 0x08, 0x63, 0x08, 0x63, 0x08, 0x63, 0x08, 0x63, 0x08, 0x63, 0x08, 0x63, 0x08, 0x63, 0x08, 0x63, 0x08,
  0x63, 0x08, 0x63, 0x08, 0x63, 0x08, 0x26, 0x19, 0x63, 0x08, 0x63, 0x08, 0x63, 0x08, 0x63, 0x08, 0x63, 0x08, 0x63, 0x08, 0x63, 0x08, 0x63, 0x08, 0x63, 0x08, 0x63, 0x08, 0x63, 0x08, 0x63, 0x08,
  0x83, 0x08, 0x63, 0x08, 0x63, 0x08, 0x63, 0x08, 0x63, 0x08, 0x63, 0x08, 0x63, 0x08, 0x27, 0x19, 0x63, 0x08, 0x63, 0x08, 0x63, 0x08, 0x63, 0x08, 0x63, 0x08, 0x63, 0x08, 0x27, 0x19, 0x63, 0x08,
  0x63, 0x08, 0x63, 0x08, 0x63, 0x08, 0x63, 0x08, 0x63, 0x08, 0x63, 0x08, 0x63, 0x08, 0x63, 0x08, 0x63, 0x08, 0x63, 0x08, 0x63, 0x08, 0x63, 0x08, 0x63, 0x08, 0x63, 0x08, 0x63, 0x08, 0x63, 0x08,
  0x83, 0x08, 0x63, 0x08, 0x63, 0x08, 0x63, 0x08, 0x63, 0x08, 0x63, 0x08, 0x63, 0x08, 0x63, 0x08, 0x47, 0x19, 0x63, 0x08, 0x27, 0x19, 0x63, 0x08, 0x63, 0x08, 0x63, 0x08, 0x63, 0x08, 0x63, 0x08,
  0x63, 0x08, 0x63, 0x08, 0x63, 0x08, 0x63, 0x08, 0x63, 0x08, 0x63, 0x08, 0x63, 0x08, 0x63, 0x08, 0x63, 0x08, 0x63, 0x08, 0x63, 0x08, 0x63, 0x08, 0x63, 0x08, 0x63, 0x08, 0x63, 0x08, 0x63, 0x08,
  0x83, 0x08, 0x63, 0x08, 0x63, 0x08, 0x63, 0x08, 0x63, 0x08, 0x63, 0x08, 0x63, 0x08, 0x63, 0x08, 0x63, 0x08, 0x63, 0x08, 0x63, 0x08, 0x63, 0x08, 0x63, 0x08, 0x63, 0x08, 0x63, 0x08, 0x63, 0x08,
  0x63, 0x08, 0x63, 0x08, 0x63, 0x08, 0x27, 0x19, 0x63, 0x08, 0x63, 0x08, 0x63, 0x08, 0x63, 0x08, 0x8f, 0x3a, 0x63, 0x08, 0x63, 0x08, 0x63, 0x08, 0x63, 0x08, 0x63, 0x08, 0x63, 0x08, 0x63, 0x08,
  0x67, 0x19, 0x63, 0x08, 0x63, 0x08, 0x63, 0x08, 0x63, 0x08, 0x63, 0x08, 0x63, 0x08, 0x63, 0x08, 0x63, 0x08, 0x63, 0x08, 0x27, 0x19, 0x63, 0x08, 0x63, 0x08, 0x63, 0x08, 0x63, 0x08, 0x63, 0x08,
  0x63, 0x08, 0x63, 0x08, 0x63, 0x08, 0x63, 0x08, 0x63, 0x08, 0x63, 0x08, 0x63, 0x08, 0x63, 0x08, 0x63, 0x08, 0x63, 0x08, 0x63, 0x08, 0x27, 0x19, 0x63, 0x08, 0x63, 0x08, 0x63, 0x08, 0x63, 0x08,
  0x83, 0x08, 0x63, 0x08, 0x63, 0x08, 0x63, 0x08, 0x26, 0x19, 0x63, 0x08, 0x63, 0x08, 0x63, 0x08, 0x63, 0x08, 0x63, 0x08, 0x63, 0x08, 0x63, 0x08, 0x63, 0x08, 0x63, 0x08, 0x63, 0x08, 0x63, 0x08,
  0x63, 0x08, 0x63, 0x08, 0x63, 0x08, 0x63, 0x08, 0x63, 0x08, 0x63, 0x08, 0x63, 0x08, 0x63, 0x08, 0x63, 0x08, 0x63, 0x08, 0x63, 0x08, 0x63, 0x08, 0x63, 0x08, 0x63, 0x08, 0x63, 0x08, 0x63, 0x08,
  0x83, 0x08, 0x26, 0x19, 0x63, 0x08, 0x06, 0x19, 0x63, 0x08, 0x63, 0x08, 0x63, 0x08, 0x63, 0x08, 0x06, 0x19, 0x63, 0x08, 0x63, 0x08, 0x63, 0x08, 0x63, 0x08, 0x63, 0x08, 0x63, 0x08, 0x63, 0x08,
  0x63, 0x08, 0x63, 0x08, 0x63, 0x08, 0x63, 0x08, 0x63, 0x08, 0x63, 0x08, 0x63, 0x08, 0x63, 0x08, 0x63, 0x08, 0x63, 0x08, 0x63, 0x08, 0x63, 0x08, 0x63, 0x08, 0x63, 0x08, 0x63, 0x08, 0x63, 0x08,
  0x83, 0x08, 0x63, 0x08, 0x63, 0x08, 0x63, 0x08, 0x63, 0x08, 0x63, 0x08, 0x05, 0x19, 0x63, 0x08, 0x63, 0x08, 0x63, 0x08, 0x05, 0x11, 0x63, 0x08, 0x63, 0x08, 0x63, 0x08, 0x63, 0x08, 0x63, 0x08,
  0x63, 0x08, 0x63, 0x08, 0x63, 0x08, 0x63, 0x08, 0x63, 0x08, 0x63, 0x08, 0x63, 0x08, 0x63, 0x08, 0x63, 0x08, 0x63, 0x08, 0x63, 0x08, 0x63, 0x08, 0x63, 0x08, 0x63, 0x08, 0x63, 0x08, 0x63, 0x08,
  0x83, 0x08, 0x63, 0x08, 0x63, 0x08, 0x63, 0x08, 0x63, 0x08, 0x63, 0x08, 0x63, 0x08, 0x63, 0x08, 0xe5, 0x10, 0x63, 0x08, 0x63, 0x08, 0x63, 0x08, 0x63, 0x08, 0x05, 0x11, 0x63, 0x08, 0x63, 0x08,
  0x63, 0x08, 0x63, 0x08, 0x63, 0x08, 0x63, 0x08, 0x63, 0x08, 0x63, 0x08, 0x63, 0x08, 0x63, 0x08, 0x63, 0x08, 0x63, 0x08, 0x63, 0x08, 0x63, 0x08, 0x63, 0x08, 0x05, 0x19, 0x63, 0x08, 0x63, 0x08,
  0x83, 0x08, 0x63, 0x08, 0x63, 0x08, 0x63, 0x08, 0x63, 0x08, 0x63, 0x08, 0x63, 0x08, 0x63, 0x08, 0x63, 0x08, 0x06, 0x19, 0x63, 0x08, 0x63, 0x08, 0x63, 0x08, 0x63, 0x08, 0x63, 0x08, 0x63, 0x08,
  0x63, 0x08, 0x63, 0x08, 0x63, 0x08, 0x63, 0x08, 0x63, 0x08, 0x63, 0x08, 0x63, 0x08, 0x63, 0x08, 0x63, 0x08, 0x63, 0x08, 0x63, 0x08, 0x63, 0x08, 0x63, 0x08, 0x63, 0x08, 0x63, 0x08, 0x63, 0x08,
  0x83, 0x08, 0x63, 0x08, 0x63, 0x08, 0x26, 0x19, 0x06, 0x19, 0x63, 0x08, 0x63, 0x08, 0x63, 0x08, 0x63, 0x08, 0x63, 0x08, 0x63, 0x08, 0x63, 0x08, 0x63, 0x08, 0x63, 0x08, 0x63, 0x08, 0x63, 0x08,
  0x63, 0x08, 0x63, 0x08, 0x63, 0x08, 0x26, 0x19, 0x63, 0x08, 0x63, 0x08, 0x63, 0x08, 0x63, 0x08, 0x63, 0x08, 0x63, 0x08, 0x63, 0x08, 0x63, 0x08, 0x63, 0x08, 0x63, 0x08, 0x63, 0x08, 0x63, 0x08,
  0x83, 0x08, 0x63, 0x08, 0x63, 0x08, 0x63, 0x08, 0x63, 0x08, 0x63, 0x08, 0x63, 0x08, 0x63, 0x08, 0x27, 0x19, 0x63, 0x08, 0x63, 0x08, 0x63, 0x08, 0x63, 0x08, 0x63, 0x08, 0x26, 0x19, 0x63, 0x08,
  0x63, 0x08, 0x63, 0x08, 0x63, 0x08, 0x63, 0x08, 0x63, 0x08, 0x63, 0x08, 0x63, 0x08, 0x63, 0x08, 0x63, 0x08, 0x63, 0x08, 0x63, 0x08, 0x63, 0x08, 0x63, 0x08, 0x63, 0x08, 0x63, 0x08, 0x63, 0x08,
  0x83, 0x08, 0x63, 0x08, 0x63, 0x08, 0x63, 0x08, 0x63, 0x08, 0x63, 0x08, 0x63, 0x08, 0x63, 0x08, 0x63, 0x08, 0x47, 0x19, 0x27, 0x19, 0x63, 0x08, 0x63, 0x08, 0x63, 0x08, 0x63, 0x08, 0x63, 0x08,
  0x63, 0x08, 0x63, 0x08, 0x63, 0x08, 0x63, 0x08, 0x63, 0x08, 0x63, 0x08, 0x63, 0x08, 0x63, 0x08, 0x63, 0x08, 0x63, 0x08, 0x63, 0x08, 0x63, 0x08, 0x63, 0x08, 0x63, 0x08, 0x63, 0x08, 0x63, 0x08,
  0x83, 0x08, 0x63, 0x08, 0x63, 0x08, 0x63, 0x08, 0x63, 0x08, 0x63, 0x08, 0x63, 0x08, 0x63, 0x08, 0x63, 0x08, 0x63, 0x08, 0x63, 0x08, 0x63, 0x08, 0x63, 0x08, 0x63, 0x08, 0x63, 0x08, 0x63, 0x08,
  0x63, 0x08, 0x63, 0x08, 0x27, 0x19, 0x63, 0x08, 0x63, 0x08, 0x63, 0x08, 0x63, 0x08, 0x63, 0x08, 0x8f, 0x3a, 0x63, 0x08, 0x63, 0x08, 0x63, 0x08, 0x63, 0x08, 0x63, 0x08, 0x63, 0x08, 0x63, 0x08,
  0x67, 0x19, 0x63, 0x08, 0x63, 0x08, 0x63, 0x08, 0x63, 0x08, 0x63, 0x08, 0x63, 0x08, 0x63, 0x08, 0x63, 0x08, 0x27, 0x19, 0x63, 0x08, 0x63, 0x08, 0x63, 0x08, 0x63, 0x08, 0x63, 0x08, 0x63, 0x08,
  0x63, 0x08, 0x63, 0x08, 0x63, 0x08, 0x63, 0x08, 0x63, 0x08, 0x63, 0x08, 0x63, 0x08, 0x63, 0x08, 0x63, 0x08, 0x63, 0x08, 0x63, 0x08, 0x26, 0x19, 0x63, 0x08, 0x63, 0x08, 0x63, 0x08, 0x63, 0x08,
  0x83, 0x08, 0x63, 0x08, 0x63, 0x08, 0x26, 0x19, 0x63, 0x08, 0x63, 0x08, 0x63, 0x08, 0x63, 0x08, 0x63, 0x08, 0x63, 0x08, 0x63, 0x08, 0x63, 0x08, 0x63, 0x08, 0x63, 0x08, 0x63, 0x08, 0x63, 0x08,
  0x63, 0x08, 0x63, 0x08, 0x63, 0x08, 0x63, 0x08, 0x63, 0x08, 0x63, 0x08, 0x63, 0x08, 0x63, 0x08, 0x63, 0x08, 0x63, 0x08, 0x63, 0x08, 0x63, 0x08, 0x63, 0x08, 0x63, 0x08, 0x63, 0x08, 0x63, 0x08,
  0x47, 0x19, 0x63, 0x08, 0x06, 0x19, 0x63, 0x08, 0x63, 0x08, 0x63, 0x08, 0x63, 0x08, 0x63, 0x08, 0x06, 0x19, 0x63, 0x08, 0x63, 0x08, 0x63, 0x08, 0x63, 0x08, 0x63, 0x08, 0x63, 0x08, 0x63, 0x08,
  0x63, 0x08, 0x63, 0x08, 0x63, 0x08, 0x63, 0x08, 0x63, 0x08, 0x63, 0x08, 0x63, 0x08, 0x63, 0x08, 0x63, 0x08, 0x63, 0x08, 0x63, 0x08, 0x63, 0x08, 0x63, 0x08, 0x63, 0x08, 0x63, 0x08, 0x63, 0x08,
  0x83, 0x08, 0x63, 0x08, 0x63, 0x08, 0x63, 0x08, 0x63, 0x08, 0x05, 0x19, 0x63, 0x08, 0x63, 0x08, 0x63, 0x08, 0x05, 0x11, 0x63, 0x08, 0x63, 0x08, 0x63, 0x08, 0x63, 0x08, 0x63, 0x08, 0x63, 0x08,
  0x63, 0x08, 0x63, 0x08, 0x63, 0x08, 0x63, 0x08, 0x63, 0x08, 0x63, 0x08, 0x63, 0x08, 0x63, 0x08, 0x63, 0x08, 0x63, 0x08, 0x63, 0x08, 0x63, 0x08, 0x63, 0x08, 0x63, 0x08, 0x63, 0x08, 0x63, 0x08,
  0x83, 0x08, 0x63, 0x08, 0x63, 0x08, 0x63, 0x08, 0x63, 0x08, 0x63, 0x08, 0x63, 0x08, 0x63, 0x08, 0x63, 0x08, 0xe5, 0x10, 0x63, 0x08, 0x63, 0x08, 0x63, 0x08, 0x63, 0x08, 0x05, 0x11, 0x63, 0x08,
  0x63, 0x08, 0x63, 0x08, 0x63, 0x08, 0x63, 0x08, 0x63, 0x08, 0x63, 0x08, 0x63, 0x08, 0x63, 0x08, 0x63, 0x08, 0x63, 0x08, 0x63, 0x08, 0x63, 0x08, 0x63, 0x08, 0x05, 0x19, 0x63, 0x08, 0x63, 0x08,
  0x83, 0x08, 0x63, 0x08, 0x63, 0x08, 0x63, 0x08, 0x63, 0x08, 0x63, 0x08, 0x63, 0x08, 0x63, 0x08, 0x63, 0x08, 0x06, 0x19, 0x63, 0x08, 0x63, 0x08, 0x63, 0x08, 0x63, 0x08, 0x63, 0x08, 0x63, 0x08,
  0x63, 0x08, 0x63, 0x08, 0x63, 0x08, 0x63, 0x08, 0x63, 0x08, 0x63, 0x08, 0x63, 0x08, 0x63, 0x08, 0x63, 0x08, 0x63, 0x08, 0x63, 0x08, 0x63, 0x08, 0x63, 0x08, 0x63, 0x08, 0x63, 0x08, 0x63, 0x08,
  0x83, 0x08, 0x63, 0x08, 0x63, 0x08, 0x26, 0x19, 0x06, 0x19, 0x63, 0x08, 0x63, 0x08, 0x63, 0x08, 0x63, 0x08, 0x63, 0x08, 0x63, 0x08, 0x63, 0x08, 0x63, 0x08, 0x63, 0x08, 0x63, 0x08, 0x63, 0x08,
  0x63, 0x08, 0x63, 0x08, 0x63, 0x08, 0x26, 0x19, 0x63, 0x08, 0x63, 0x08, 0x63, 0x08, 0x63, 0x08, 0x63, 0x08, 0x63, 0x08, 0x63, 0x08, 0x63, 0x08, 0x63, 0x08, 0x63, 0x08, 0x63, 0x08, 0x63, 0x08,
  0x83, 0x08, 0x63, 0x08, 0x63, 0x08, 0x63, 0x08, 0x63, 0x08, 0x63, 0x08, 0x63, 0x08, 0x63, 0x08, 0x63, 0x08, 0x27, 0x19, 0x63, 0x08, 0x63, 0x08, 0x63, 0x08, 0x63, 0x08, 0x26, 0x19, 0x63, 0x08,
  0x63, 0x08, 0x63, 0x08, 0x63, 0x08, 0x63, 0x08, 0x63, 0x08, 0x63, 0x08, 0x63, 0x08, 0x63, 0x08, 0x63, 0x08, 0x63, 0x08, 0x63, 0x08, 0x63, 0x08, 0x63, 0x08, 0x63, 0x08, 0x63, 0x08, 0x63, 0x08,
  0x83, 0x08, 0x63, 0x08, 0x63, 0x08, 0x63, 0x08, 0x63, 0x08, 0x63, 0x08, 0x63, 0x08, 0x63, 0x08, 0x63, 0x08, 0x63, 0x08, 0x47, 0x19, 0x63, 0x08, 0x63, 0x08, 0x63, 0x08, 0x63, 0x08, 0x63, 0x08,
  0x63, 0x08, 0x63, 0x08, 0x63, 0x08, 0x63, 0x08, 0x63, 0x08, 0x63, 0x08, 0x63, 0x08, 0x63, 0x08, 0x63, 0x08, 0x63, 0x08, 0x63, 0x08, 0x63, 0x08, 0x63, 0x08, 0x63, 0x08, 0x63, 0x08, 0x63, 0x08,
  0x83, 0x08, 0x63, 0x08, 0x63, 0x08, 0x63, 0x08, 0x63, 0x08, 0x63, 0x08, 0x63, 0x08, 0x63, 0x08, 0x63, 0x08, 0x63, 0x08, 0x63, 0x08, 0x63, 0x08, 0x63, 0x08, 0x63, 0x08, 0x63, 0x08, 0x63, 0x08,
  0x63, 0x08, 0x27, 0x19, 0x63, 0x08, 0x63, 0x08, 0x63, 0x08, 0x63, 0x08, 0x63, 0x08, 0x63, 0x08, 0x8f, 0x3a, 0x63, 0x08, 0x63, 0x08, 0x63, 0x08, 0x63, 0x08, 0x63, 0x08, 0x63, 0x08, 0x63, 0x08,
  0x67, 0x19, 0x63, 0x08, 0x63, 0x08, 0x63, 0x08, 0x63, 0x08, 0x63, 0x08, 0x63, 0x08, 0x63, 0x08, 0x27, 0x19, 0x63, 0x08, 0x63, 0x08, 0x63, 0x08, 0x63, 0x08, 0x63, 0x08, 0x63, 0x08, 0x63, 0x08,
  0x63, 0x08, 0x63, 0x08, 0x63, 0x08, 0x63, 0x08, 0x63, 0x08, 0x63, 0x08, 0x63, 0x08, 0x63, 0x08, 0x63, 0x08, 0x63, 0x08, 0x63, 0x08, 0x26, 0x19, 0x63, 0x08, 0x63, 0x08, 0x63, 0x08, 0x63, 0x08,
  0x83, 0x08, 0x63, 0x08, 0x26, 0x19, 0x63, 0x08, 0x63, 0x08, 0x63, 0x08, 0x63, 0x08, 0x63, 0x08, 0x63, 0x08, 0x63, 0x08, 0x63, 0x08, 0x63, 0x08, 0x63, 0x08, 0x63, 0x08, 0x63, 0x08, 0x63, 0x08,
  0x63, 0x08, 0x63, 0x08, 0x63, 0x08, 0x63, 0x08, 0x63, 0x08, 0x63, 0x08, 0x63, 0x08, 0x63, 0x08, 0x63, 0x08, 0x63, 0x08, 0x63, 0x08, 0x63, 0x08, 0x63, 0x08, 0x63, 0x08, 0x63, 0x08, 0x26, 0x19,
  0x83, 0x08, 0x06, 0x19, 0x63, 0x08, 0x63, 0x08, 0x63, 0x08, 0x63, 0x08, 0x63, 0x08, 0x63, 0x08, 0x06, 0x19, 0x63, 0x08, 0x63, 0x08, 0x63, 0x08, 0x63, 0x08, 0x63, 0x08, 0x63, 0x08, 0x63, 0x08,
  0x63, 0x08, 0x63, 0x08, 0x63, 0x08, 0x63, 0x08, 0x63, 0x08, 0x63, 0x08, 0x63, 0x08, 0x63, 0x08, 0x63, 0x08, 0x63, 0x08, 0x63, 0x08, 0x63, 0x08, 0x63, 0x08, 0x63, 0x08, 0x63, 0x08, 0x63, 0x08,
  0x83, 0x08, 0x63, 0x08, 0x63, 0x08, 0x63, 0x08, 0x05, 0x19, 0x63, 0x08, 0x63, 0x08, 0x63, 0x08, 0x05, 0x11, 0x63, 0x08, 0x63, 0x08, 0x63, 0x08, 0x63, 0x08, 0x63, 0x08, 0x63, 0x08, 0x63, 0x08,
  0x63, 0x08, 0x63, 0x08, 0x63, 0x08, 0x63, 0x08, 0x63, 0x08, 0x63, 0x08, 0x63, 0x08, 0x63, 0x08, 0x63, 0x08, 0x63, 0x08, 0x63, 0x08, 0x63, 0x08, 0x63, 0x08, 0x63, 0x08, 0x63, 0x08, 0x63, 0x08,
  0x83, 0x08, 0x63, 0x08, 0x63, 0x08, 0x63, 0x08, 0x63, 0x08, 0x63, 0x08, 0x63, 0x08, 0x63, 0x08, 0x63, 0x08, 0x63, 0x08, 0xe5, 0x10, 0x63, 0x08, 0x63, 0x08, 0x63, 0x08, 0x63, 0x08, 0x05, 0x11,
  0x63, 0x08, 0x63, 0x08, 0x63, 0x08, 0x63, 0x08, 0x63, 0x08, 0x63, 0x08, 0x63, 0x08, 0x63, 0x08, 0x63, 0x08, 0x63, 0x08, 0x63, 0x08, 0x63, 0x08, 0x63, 0x08, 0x05, 0x19, 0x63, 0x08, 0x63, 0x08,
  0x83, 0x08, 0x63, 0x08, 0x63, 0x08, 0x63, 0x08, 0x63, 0x08, 0x63, 0x08, 0x63, 0x08, 0x63, 0x08, 0x63, 0x08, 0x06, 0x19, 0x63, 0x08, 0x63, 0x08, 0x63, 0x08, 0x63, 0x08, 0x63, 0x08, 0x63, 0x08,
  0x63, 0x08, 0x63, 0x08, 0x63, 0x08, 0x63, 0x08, 0x63, 0x08, 0x63, 0x08, 0x63, 0x08, 0x63, 0x08, 0x63, 0x08, 0x63, 0x08, 0x63, 0x08, 0x63, 0x08, 0x63, 0x08, 0x63, 0x08, 0x63, 0x08, 0x63, 0x08,
  0x83, 0x08, 0x63, 0x08, 0x63, 0x08, 0x26, 0x19, 0x06, 0x19, 0x63, 0x08, 0x63, 0x08, 0x63, 0x08, 0x63, 0x08, 0x63, 0x08, 0x63, 0x08, 0x63, 0x08, 0x63, 0x08, 0x63, 0x08, 0x63, 0x08, 0x63, 0x08,
  0x63, 0x08, 0x63, 0x08, 0x63, 0x08, 0x26, 0x19, 0x63, 0x08, 0x63, 0x08, 0x63, 0x08, 0x63, 0x08, 0x63, 0x08, 0x63, 0x08, 0x63, 0x08, 0x63, 0x08, 0x63, 0x08, 0x63, 0x08, 0x63, 0x08, 0x63, 0x08,
  0x83, 0x08, 0x63, 0x08, 0x63, 0x08, 0x63, 0x08, 0x63, 0x08, 0x63, 0x08, 0x63, 0x08, 0x63, 0x08, 0x63, 0x08, 0x63, 0x08, 0x27, 0x19, 0x63, 0x08, 0x63, 0x08, 0x63, 0x08, 0x26, 0x19, 0x63, 0x08,
  0x63, 0x08, 0x63, 0x08, 0x63, 0x08, 0x63, 0x08, 0x63, 0x08, 0x63, 0x08, 0x63, 0x08, 0x63, 0x08, 0x63, 0x08, 0x63, 0x08, 0x63, 0x08, 0x63, 0x08, 0x63, 0x08, 0x63, 0x08, 0x63, 0x08, 0x63, 0x08,
  0x83, 0x08, 0x63, 0x08, 0x63, 0x08, 0x63, 0x08, 0x63, 0x08, 0x63, 0x08, 0x63, 0x08, 0x63, 0x08, 0x63, 0x08, 0x63, 0x08, 0x27, 0x19, 0x47, 0x19, 0x63, 0x08, 0x63, 0x08, 0x63, 0x08, 0x63, 0x08,
  0x63, 0x08, 0x63, 0x08, 0x63, 0x08, 0x63, 0x08, 0x63, 0x08, 0x63, 0x08, 0x63, 0x08, 0x63, 0x08, 0x63, 0x08, 0x63, 0x08, 0x63, 0x08, 0x63, 0x08, 0x63, 0x08, 0x63, 0x08, 0x63, 0x08, 0x63, 0x08,
  0x83, 0x08, 0x63, 0x08, 0x63, 0x08, 0x63, 0x08, 0x63, 0x08, 0x63, 0x08, 0x63, 0x08, 0x63, 0x08, 0x63, 0x08, 0x63, 0x08, 0x63, 0x08, 0x63, 0x08, 0x63, 0x08, 0x63, 0x08, 0x63, 0x08, 0x63, 0x08,
  0x27, 0x19, 0x63, 0x08, 0x63, 0x08, 0x63, 0x08, 0x63, 0x08, 0x63, 0x08, 0x63, 0x08, 0x63, 0x08, 0x8f, 0x3a, 0x63, 0x08, 0x63, 0x08, 0x63, 0x08, 0x63, 0x08, 0x63, 0x08, 0x63, 0x08, 0x63, 0x08,
  0x67, 0x19, 0x63, 0x08, 0x63, 0x08, 0x63, 0x08, 0x63, 0x08, 0x63, 0x08, 0x63, 0x08, 0x27, 0x19, 0x63, 0x08, 0x63, 0x08, 0x63, 0x08, 0x63, 0x08, 0x63, 0x08, 0x63, 0x08, 0x63, 0x08, 0x63, 0x08,
  0x63, 0x08, 0x63, 0x08, 0x63, 0x08, 0x63, 0x08, 0x63, 0x08, 0x63, 0x08, 0x63, 0x08, 0x63, 0x08, 0x63, 0x08, 0x63, 0x08, 0x63, 0x08, 0x26, 0x19, 0x63, 0x08, 0x63, 0x08, 0x63, 0x08, 0x63, 0x08,
  0x83, 0x08, 0x26, 0x19, 0x63, 0x08, 0x63, 0x08, 0x63, 0x08, 0x63, 0x08, 0x63, 0x08, 0x63, 0x08, 0x63, 0x08, 0x63, 0x08, 0x63, 0x08, 0x63, 0x08, 0x63, 0x08, 0x63, 0x08, 0x63, 0x08, 0x63, 0x08,
  0x63, 0x08, 0x63, 0x08, 0x63, 0x08, 0x63, 0x08, 0x63, 0x08, 0x63, 0x08, 0x63, 0x08, 0x63, 0x08, 0x63, 0x08, 0x63, 0x08, 0x63, 0x08, 0x63, 0x08, 0x63, 0x08, 0x63, 0x08, 0x26, 0x19, 0x63, 0x08,
  0x46, 0x19, 0x63, 0x08, 0x63, 0x08, 0x63, 0x08, 0x63, 0x08, 0x63, 0x08, 0x63, 0x08, 0x63, 0x08, 0x06, 0x19, 0x63, 0x08, 0x63, 0x08, 0x63, 0x08, 0x63, 0x08, 0x63, 0x08, 0x63, 0x08, 0x63, 0x08,
  0x63, 0x08, 0x63, 0x08, 0x63, 0x08, 0x63, 0x08, 0x63, 0x08, 0x63, 0x08, 0x63, 0x08, 0x63, 0x08, 0x63, 0x08, 0x63, 0x08, 0x63, 0x08, 0x63, 0x08, 0x63, 0x08, 0x63, 0x08, 0x63, 0x08, 0x63, 0x08,
  0x83, 0x08, 0x63, 0x08, 0x63, 0x08, 0x05, 0x19, 0x63, 0x08, 0x63, 0x08, 0x63, 0x08, 0x05, 0x11, 0x63, 0x08, 0x63, 0x08, 0x63, 0x08, 0x63, 0x08, 0x63, 0x08, 0x63, 0x08, 0x63, 0x08, 0x63, 0x08,
  0x63, 0x08, 0x63, 0x08, 0x63, 0x08, 0x63, 0x08, 0x63, 0x08, 0x63, 0x08, 0x63, 0x08, 0x63, 0x08, 0x63, 0x08, 0x63, 0x08, 0x63, 0x08, 0x63, 0x08, 0x63, 0x08, 0x63, 0x08, 0x63, 0x08, 0x63, 0x08,
  0x83, 0x08, 0x63, 0x08, 0x63, 0x08, 0x63, 0x08, 0x63, 0x08, 0x63, 0x08, 0x63, 0x08, 0x63, 0x08, 0x63, 0x08, 0x63, 0x08, 0x63, 0x08, 0xe5, 0x10, 0x63, 0x08, 0x63, 0x08, 0x63, 0x08, 0x63, 0x08,
  0x05, 0x11, 0x63, 0x08, 0x63, 0x08, 0x63, 0x08, 0x63, 0x08, 0x63, 0x08, 0x63, 0x08, 0x63, 0x08, 0x63, 0x08, 0x63, 0x08, 0x63, 0x08, 0x63, 0x08, 0x63, 0x08, 0x05, 0x19, 0x63, 0x08, 0x63, 0x08,
  0x83, 0x08, 0x63, 0x08, 0x63, 0x08, 0x63, 0x08, 0x63, 0x08, 0x63, 0x08, 0x63, 0x08, 0x63, 0x08, 0x63, 0x08, 0x06, 0x19, 0x63, 0x08, 0x63, 0x08, 0x63, 0x08, 0x63, 0x08, 0x63, 0x08, 0x63, 0x08,
  0x63, 0x08, 0x63, 0x08, 0x63, 0x08, 0x63, 0x08, 0x63, 0x08, 0x63, 0x08, 0x63, 0x08, 0x63, 0x08, 0x63, 0x08, 0x63, 0x08, 0x63, 0x08, 0x63, 0x08, 0x63, 0x08, 0x63, 0x08, 0x63, 0x08, 0x63, 0x08,
  0x83, 0x08, 0x63, 0x08, 0x63, 0x08, 0x26, 0x19, 0x06, 0x19, 0x63, 0x08, 0x63, 0x08, 0x63, 0x08, 0x63, 0x08, 0x63, 0x08, 0x63, 0x08, 0x63, 0x08, 0x63, 0x08, 0x63, 0x08, 0x63, 0x08, 0x63, 0x08,
  0x63, 0x08, 0x63, 0x08, 0x63, 0x08, 0x26, 0x19, 0x63, 0x08, 0x63, 0x08, 0x63, 0x08, 0x63, 0x08, 0x63, 0x08, 0x63, 0x08, 0x63, 0x08, 0x63, 0x08, 0x63, 0x08, 0x63, 0x08, 0x63, 0x08, 0x63, 0x08,
  0x83, 0x08, 0x63, 0x08, 0x63, 0x08, 0x63, 0x08, 0x63, 0x08, 0x63, 0x08, 0x63, 0x08, 0x63, 0x08, 0x63, 0x08, 0x63, 0x08, 0x63, 0x08, 0x27, 0x19, 0x63, 0x08, 0x63, 0x08, 0x26, 0x19, 0x63, 0x08,
  0x63, 0x08, 0x63, 0x08, 0x63, 0x08, 0x63, 0x08, 0x63, 0x08, 0x63, 0x08, 0x63, 0x08, 0x63, 0x08, 0x63, 0x08, 0x63, 0x08, 0x63, 0x08, 0x63, 0x08, 0x63, 0x08, 0x63, 0x08, 0x63, 0x08, 0x63, 0x08,
  0x83, 0x08, 0x63, 0x08, 0x63, 0x08, 0x63, 0x08, 0x63, 0x08, 0x63, 0x08, 0x63, 0x08, 0x63, 0x08, 0x63, 0x08, 0x63, 0x08, 0x27, 0x19, 0x63, 0x08, 0x47, 0x19, 0x63, 0x08, 0x63, 0x08, 0x63, 0x08,
  0x63, 0x08, 0x63, 0x08, 0x63, 0x08, 0x63, 0x08, 0x63, 0x08, 0x63, 0x08, 0x63, 0x08, 0x63, 0x08, 0x63, 0x08, 0x63, 0x08, 0x63, 0x08, 0x63, 0x08, 0x63, 0x08, 0x63, 0x08, 0x63, 0x08, 0x63, 0x08,
  0x83, 0x08, 0x63, 0x08, 0x63, 0x08, 0x63, 0x08, 0x63, 0x08, 0x63, 0x08, 0x63, 0x08, 0x63, 0x08, 0x63, 0x08, 0x63, 0x08, 0x63, 0x08, 0x63, 0x08, 0x63, 0x08, 0x63, 0x08, 0x63, 0x08, 0x27, 0x19,
  0x63, 0x08, 0x63, 0x08, 0x63, 0x08, 0x63, 0x08, 0x63, 0x08, 0x63, 0x08, 0x63, 0x08, 0x63, 0x08, 0x8f, 0x3a, 0x63, 0x08, 0x63, 0x08, 0x63, 0x08, 0x63, 0x08, 0x63, 0x08, 0x63, 0x08, 0x63, 0x08,
  0x67, 0x19, 0x63, 0x08, 0x63, 0x08, 0x63, 0x08, 0x63, 0x08, 0x63, 0x08, 0x27, 0x19, 0x63, 0x08, 0x63, 0x08, 0x63, 0x08, 0x63, 0x08, 0x63, 0x08, 0x63, 0x08, 0x63, 0x08, 0x63, 0x08, 0x63, 0x08,
  0x63, 0x08, 0x63, 0x08, 0x63, 0x08, 0x63, 0x08, 0x63, 0x08, 0x63, 0x08, 0x63, 0x08, 0x63, 0x08, 0x63, 0x08, 0x63, 0x08, 0x63, 0x08, 0x26, 0x19, 0x63, 0x08, 0x63, 0x08, 0x63, 0x08, 0x63, 0x08,
  0x47, 0x19, 0x63, 0x08, 0x63, 0x08, 0x63, 0x08, 0x63, 0x08, 0x63, 0x08, 0x63, 0x08, 0x63, 0x08, 0x63, 0x08, 0x63, 0x08, 0x63, 0x08, 0x63, 0x08, 0x63, 0x08, 0x63, 0x08, 0x63, 0x08, 0x63, 0x08,
  0x63, 0x08, 0x63, 0x08, 0x63, 0x08, 0x63, 0x08, 0x63, 0x08, 0x63, 0x08, 0x63, 0x08, 0x63, 0x08, 0x63, 0x08, 0x63, 0x08, 0x63, 0x08, 0x63, 0x08, 0x63, 0x08, 0x26, 0x19, 0x63, 0x08, 0x06, 0x19,
  0x83, 0x08, 0x63, 0x08, 0x63, 0x08, 0x63, 0x08, 0x63, 0x08, 0x63, 0x08, 0x63, 0x08, 0x63, 0x08, 0x06, 0x19, 0x63, 0x08, 0x63, 0x08, 0x63, 0x08, 0x63, 0x08, 0x63, 0x08, 0x63, 0x08, 0x63, 0x08,
  0x63, 0x08, 0x63, 0x08, 0x63, 0x08, 0x63, 0x08, 0x63, 0x08, 0x63, 0x08, 0x63, 0x08, 0x63, 0x08, 0x63, 0x08, 0x63, 0x08, 0x63, 0x08, 0x63, 0x08, 0x63, 0x08, 0x63, 0x08, 0x63, 0x08, 0x63, 0x08,
  0x83, 0x08, 0x63, 0x08, 0x05, 0x19, 0x63, 0x08, 0x63, 0x08, 0x63, 0x08, 0x05, 0x11, 0x63, 0x08, 0x63, 0x08, 0x63, 0x08, 0x63, 0x08, 0x63, 0x08, 0x63, 0x08, 0x63, 0x08, 0x63, 0x08, 0x63, 0x08,
  0x63, 0x08, 0x63, 0x08, 0x63, 0x08, 0x63, 0x08, 0x63, 0x08, 0x63, 0x08, 0x63, 0x08, 0x63, 0x08, 0x63, 0x08, 0x63, 0x08, 0x63, 0x08, 0x63, 0x08, 0x63, 0x08, 0x63, 0x08, 0x63, 0x08, 0x63, 0x08,
  0x83, 0x08, 0x43, 0x08, 0x43, 0x08, 0x43, 0x08, 0x43, 0x08, 0x43, 0x08, 0x43, 0x08, 0x43, 0x08, 0x43, 0x08, 0x43, 0x08, 0x43, 0x08, 0x43, 0x08, 0xe5, 0x10, 0x43, 0x08, 0x43, 0x08, 0x43, 0x08,
  0x43, 0x08, 0xe5, 0x10, 0x43, 0x08, 0x43, 0x08, 0x43, 0x08, 0x43, 0x08, 0x43, 0x08, 0x43, 0x08, 0x43, 0x08, 0x43, 0x08, 0x43, 0x08, 0x43, 0x08, 0x43, 0x08, 0x05, 0x19, 0x43, 0x08, 0x43, 0x08,
  0x83, 0x08, 0x43, 0x08, 0x43, 0x08, 0x43, 0x08, 0x43, 0x08, 0x43, 0x08, 0x43, 0x08, 0x43, 0x08, 0x43, 0x08, 0x06, 0x19, 0x43, 0x08, 0x43, 0x08, 0x43, 0x08, 0x43, 0x08, 0x43, 0x08, 0x43, 0x08,
  0x43, 0x08, 0x43, 0x08, 0x43, 0x08, 0x43, 0x08, 0x43, 0x08, 0x43, 0x08, 0x43, 0x08, 0x43, 0x08, 0x43, 0x08, 0x43, 0x08, 0x43, 0x08, 0x43, 0x08, 0x43, 0x08, 0x43, 0x08, 0x43, 0x08, 0x43, 0x08,
  0x83, 0x08, 0x43, 0x08, 0x43, 0x08, 0x06, 0x19, 0x06, 0x19, 0x43, 0x08, 0x43, 0x08, 0x43, 0x08, 0x43, 0x08, 0x43, 0x08, 0x43, 0x08, 0x43, 0x08, 0x43, 0x08, 0x43, 0x08, 0x43, 0x08, 0x43, 0x08,
  0x43, 0x08, 0x43, 0x08, 0x43, 0x08, 0x26, 0x19, 0x43, 0x08, 0x43, 0x08, 0x43, 0x08, 0x43, 0x08, 0x43, 0x08, 0x43, 0x08, 0x43, 0x08, 0x43, 0x08, 0x43, 0x08, 0x43, 0x08, 0x43, 0x08, 0x43, 0x08,
  0x83, 0x08, 0x43, 0x08, 0x43, 0x08, 0x43, 0x08, 0x43, 0x08, 0x43, 0x08, 0x43, 0x08, 0x43, 0x08, 0x43, 0x08, 0x43, 0x08, 0x43, 0x08, 0x43, 0x08, 0x27, 0x19, 0x43, 0x08, 0x26, 0x19, 0x43, 0x08,
  0x43, 0x08, 0x43, 0x08, 0x43, 0x08, 0x43, 0x08, 0x43, 0x08, 0x43, 0x08, 0x43, 0x08, 0x43, 0x08, 0x43, 0x08, 0x43, 0x08, 0x43, 0x08, 0x43, 0x08, 0x43, 0x08, 0x43, 0x08, 0x43, 0x08, 0x43, 0x08,
  0x83, 0x08, 0x43, 0x08, 0x43, 0x08, 0x43, 0x08, 0x43, 0x08, 0x43, 0x08, 0x43, 0x08, 0x43, 0x08, 0x43, 0x08, 0x43, 0x08, 0x27, 0x19, 0x43, 0x08, 0x43, 0x08, 0x27, 0x19, 0x43, 0x08, 0x43, 0x08,
  0x43, 0x08, 0x43, 0x08, 0x43, 0x08, 0x43, 0x08, 0x43, 0x08, 0x43, 0x08, 0x43, 0x08, 0x43, 0x08, 0x43, 0x08, 0x43, 0x08, 0x43, 0x08, 0x43, 0x08, 0x43, 0x08, 0x43, 0x08, 0x43, 0x08, 0x43, 0x08,
  0x83, 0x08, 0x43, 0x08, 0x43, 0x08, 0x43, 0x08, 0x43, 0x08, 0x43, 0x08, 0x43, 0x08, 0x43, 0x08, 0x43, 0x08, 0x43, 0x08, 0x43, 0x08, 0x43, 0x08, 0x43, 0x08, 0x43, 0x08, 0x27, 0x19, 0x43, 0x08,
  0x43, 0x08, 0x43, 0x08, 0x43, 0x08, 0x43, 0x08, 0x43, 0x08, 0x43, 0x08, 0x43, 0x08, 0x43, 0x08, 0x8f, 0x3a, 0x43, 0x08, 0x43, 0x08, 0x43, 0x08, 0x43, 0x08, 0x43, 0x08, 0x43, 0x08, 0x43, 0x08,
  0x47, 0x19, 0x43, 0x08, 0x43, 0x08, 0x43, 0x08, 0x43, 0x08, 0x27, 0x19, 0x43, 0x08, 0x43, 0x08, 0x43, 0x08, 0x43, 0x08, 0x43, 0x08, 0x43, 0x08, 0x43, 0x08, 0x43, 0x08, 0x43, 0x08, 0x43, 0x08,
  0x43, 0x08, 0x43, 0x08, 0x43, 0x08, 0x43, 0x08, 0x43, 0x08, 0x43, 0x08, 0x43, 0x08, 0x43, 0x08, 0x43, 0x08, 0x43, 0x08, 0x43, 0x08, 0x26, 0x19, 0x43, 0x08, 0x43, 0x08, 0x43, 0x08, 0x26, 0x19,
  0x83, 0x08, 0x43, 0x08, 0x43, 0x08, 0x43, 0x08, 0x43, 0x08, 0x43, 0x08, 0x43, 0x08, 0x43, 0x08, 0x43, 0x08, 0x43, 0x08, 0x43, 0x08, 0x43, 0x08, 0x43, 0x08, 0x43, 0x08, 0x43, 0x08, 0x43, 0x08,
  0x43, 0x08, 0x43, 0x08, 0x43, 0x08, 0x43, 0x08, 0x43, 0x08, 0x43, 0x08, 0x43, 0x08, 0x43, 0x08, 0x43, 0x08, 0x43, 0x08, 0x43, 0x08, 0x43, 0x08, 0x06, 0x19, 0x43, 0x08, 0x06, 0x19, 0x43, 0x08,
  0x83, 0x08, 0x43, 0x08, 0x43, 0x08, 0x43, 0x08, 0x43, 0x08, 0x43, 0x08, 0x43, 0x08, 0x43, 0x08, 0x06, 0x19, 0x43, 0x08, 0x43, 0x08, 0x43, 0x08, 0x43, 0x08, 0x43, 0x08, 0x43, 0x08, 0x43, 0x08,
  0x43, 0x08, 0x43, 0x08, 0x43, 0x08, 0x43, 0x08, 0x43, 0x08, 0x43, 0x08, 0x43, 0x08, 0x43, 0x08, 0x43, 0x08, 0x43, 0x08, 0x43, 0x08, 0x43, 0x08, 0x43, 0x08, 0x43, 0x08, 0x43, 0x08, 0x43, 0x08,
  0x83, 0x08, 0x05, 0x19, 0x43, 0x08, 0x43, 0x08, 0x43, 0x08, 0xe5, 0x10, 0x43, 0x08, 0x43, 0x08, 0x43, 0x08, 0x43, 0x08, 0x43, 0x08, 0x43, 0x08, 0x43, 0x08, 0x43, 0x08, 0x43, 0x08, 0x43, 0x08,
  0x43, 0x08, 0x43, 0x08, 0x43, 0x08, 0x43, 0x08, 0x43, 0x08, 0x43, 0x08, 0x43, 0x08, 0x43, 0x08, 0x43, 0x08, 0x43, 0x08, 0x43, 0x08, 0x43, 0x08, 0x43, 0x08, 0x43, 0x08, 0x43, 0x08, 0x43, 0x08,
  0x83, 0x08, 0x43, 0x08, 0x43, 0x08, 0x43, 0x08, 0x43, 0x08, 0x43, 0x08, 0x43, 0x08, 0x43, 0x08, 0x43, 0x08, 0x43, 0x08, 0x43, 0x08, 0x43, 0x08, 0xe5, 0x10, 0x43, 0x08, 0x43, 0x08, 0x43, 0x08,
  0x43, 0x08, 0x43, 0x08, 0xe5, 0x10, 0x43, 0x08, 0x43, 0x08, 0x43, 0x08, 0x43, 0x08, 0x43, 0x08, 0x43, 0x08, 0x43, 0x08, 0x43, 0x08, 0x43, 0x08, 0x43, 0x08, 0x05, 0x19, 0x43, 0x08, 0x43, 0x08,
  0x83, 0x08, 0x43, 0x08, 0x43, 0x08, 0x43, 0x08, 0x43, 0x08, 0x43, 0x08, 0x43, 0x08, 0x43, 0x08, 0x43, 0x08, 0x06, 0x19, 0x43, 0x08, 0x43, 0x08, 0x43, 0x08, 0x43, 0x08, 0x43, 0x08, 0x43, 0x08,
  0x43, 0x08, 0x43, 0x08, 0x43, 0x08, 0x43, 0x08, 0x43, 0x08, 0x43, 0x08, 0x43, 0x08, 0x43, 0x08, 0x43, 0x08, 0x43, 0x08, 0x43, 0x08, 0x43, 0x08, 0x43, 0x08, 0x43, 0x08, 0x43, 0x08, 0x43, 0x08,
  0x83, 0x08, 0x43, 0x08, 0x43, 0x08, 0x06, 0x19, 0x06, 0x19, 0x43, 0x08, 0x43, 0x08, 0x43, 0x08, 0x43, 0x08, 0x43, 0x08, 0x43, 0x08, 0x43, 0x08, 0x43, 0x08, 0x43, 0x08, 0x43, 0x08, 0x43, 0x08,
  0x43, 0x08, 0x43, 0x08, 0x43, 0x08, 0x26, 0x19, 0x43, 0x08, 0x43, 0x08, 0x43, 0x08, 0x43, 0x08, 0x43, 0x08, 0x43, 0x08, 0x43, 0x08, 0x43, 0x08, 0x43, 0x08, 0x43, 0x08, 0x43, 0x08, 0x43, 0x08,
  0x83, 0x08, 0x43, 0x08, 0x43, 0x08, 0x43, 0x08, 0x43, 0x08, 0x43, 0x08, 0x43, 0x08, 0x43, 0x08, 0x43, 0x08, 0x43, 0x08, 0x43, 0x08, 0x43, 0x08, 0x43, 0x08, 0x27, 0x19, 0x26, 0x19, 0x43, 0x08,
  0x43, 0x08, 0x43, 0x08, 0x43, 0x08, 0x43, 0x08, 0x43, 0x08, 0x43, 0x08, 0x43, 0x08, 0x43, 0x08, 0x43, 0x08, 0x43, 0x08, 0x43, 0x08, 0x43, 0x08, 0x43, 0x08, 0x43, 0x08, 0x43, 0x08, 0x43, 0x08,
  0x83, 0x08, 0x43, 0x08, 0x43, 0x08, 0x43, 0x08, 0x43, 0x08, 0x43, 0x08, 0x43, 0x08, 0x43, 0x08, 0x43, 0x08, 0x43, 0x08, 0x27, 0x19, 0x43, 0x08, 0x43, 0x08, 0x43, 0x08, 0x27, 0x19, 0x43, 0x08,
  0x43, 0x08, 0x43, 0x08, 0x43, 0x08, 0x43, 0x08, 0x43, 0x08, 0x43, 0x08, 0x43, 0x08, 0x43, 0x08, 0x43, 0x08, 0x43, 0x08, 0x43, 0x08, 0x43, 0x08, 0x43, 0x08, 0x43, 0x08, 0x43, 0x08, 0x43, 0x08,
  0x83, 0x08, 0x43, 0x08, 0x43, 0x08, 0x43, 0x08, 0x43, 0x08, 0x43, 0x08, 0x43, 0x08, 0x43, 0x08, 0x43, 0x08, 0x43, 0x08, 0x43, 0x08, 0x43, 0x08, 0x43, 0x08, 0x27, 0x19, 0x43, 0x08, 0x43, 0x08,
  0x43, 0x08, 0x43, 0x08, 0x43, 0x08, 0x43, 0x08, 0x43, 0x08, 0x43, 0x08, 0x43, 0x08, 0x43, 0x08, 0x8f, 0x3a, 0x43, 0x08, 0x43, 0x08, 0x43, 0x08, 0x43, 0x08, 0x43, 0x08, 0x43, 0x08, 0x43, 0x08,
  0x47, 0x19, 0x43, 0x08, 0x43, 0x08, 0x43, 0x08, 0x27, 0x19, 0x43, 0x08, 0x43, 0x08, 0x43, 0x08, 0x43, 0x08, 0x43, 0x08, 0x43, 0x08, 0x43, 0x08, 0x43, 0x08, 0x43, 0x08, 0x43, 0x08, 0x43, 0x08,
  0x43, 0x08, 0x43, 0x08, 0x43, 0x08, 0x43, 0x08, 0x43, 0x08, 0x43, 0x08, 0x43, 0x08, 0x43, 0x08, 0x43, 0x08, 0x43, 0x08, 0x43, 0x08, 0x26, 0x19, 0x43, 0x08, 0x43, 0x08, 0x26, 0x19, 0x43, 0x08,
  0x83, 0x08, 0x43, 0x08, 0x43, 0x08, 0x43, 0x08, 0x43, 0x08, 0x43, 0x08, 0x43, 0x08, 0x43, 0x08, 0x43, 0x08, 0x43, 0x08, 0x43, 0x08, 0x43, 0x08, 0x43, 0x08, 0x43, 0x08, 0x43, 0x08, 0x43, 0x08,
  0x43, 0x08, 0x43, 0x08, 0x43, 0x08, 0x43, 0x08, 0x43, 0x08, 0x43, 0x08, 0x43, 0x08, 0x43, 0x08, 0x43, 0x08, 0x43, 0x08, 0x43, 0x08, 0x06, 0x19, 0x43, 0x08, 0x06, 0x19, 0x43, 0x08, 0x43, 0x08,
  0x83, 0x08, 0x43, 0x08, 0x43, 0x08, 0x43, 0x08, 0x43, 0x08, 0x43, 0x08, 0x43, 0x08, 0x43, 0x08, 0x06, 0x19, 0x43, 0x08, 0x43, 0x08, 0x43, 0x08, 0x43, 0x08, 0x43, 0x08, 0x43, 0x08, 0x43, 0x08,
  0x43, 0x08, 0x43, 0x08, 0x43, 0x08, 0x43, 0x08, 0x43, 0x08, 0x43, 0x08, 0x43, 0x08, 0x43, 0x08, 0x43, 0x08, 0x43, 0x08, 0x43, 0x08, 0x43, 0x08, 0x43, 0x08, 0x43, 0x08, 0x43, 0x08, 0x43, 0x08,
  0x26, 0x19, 0x43, 0x08, 0x43, 0x08, 0x43, 0x08, 0xe5, 0x10, 0x43, 0x08, 0x43, 0x08, 0x43, 0x08, 0x43, 0x08, 0x43, 0x08, 0x43, 0x08, 0x43, 0x08, 0x43, 0x08, 0x43, 0x08, 0x43, 0x08, 0x43, 0x08,
  0x43, 0x08, 0x43, 0x08, 0x43, 0x08, 0x43, 0x08, 0x43, 0x08, 0x43, 0x08, 0x43, 0x08, 0x43, 0x08, 0x43, 0x08, 0x43, 0x08, 0x43, 0x08, 0x43, 0x08, 0x43, 0x08, 0x43, 0x08, 0x43, 0x08, 0x43, 0x08,
  0x83, 0x08, 0x43, 0x08, 0x43, 0x08, 0x43, 0x08, 0x43, 0x08, 0x43, 0x08, 0x43, 0x08, 0x43, 0x08, 0x43, 0x08, 0x43, 0x08, 0x43, 0x08, 0x43, 0x08, 0xe5, 0x10, 0x43, 0x08, 0x43, 0x08, 0x43, 0x08,
  0x43, 0x08, 0x43, 0x08, 0x43, 0x08, 0xe5, 0x10, 0x43, 0x08, 0x43, 0x08, 0x43, 0x08, 0x43, 0x08, 0x43, 0x08, 0x43, 0x08, 0x43, 0x08, 0x43, 0x08, 0x43, 0x08, 0x05, 0x19, 0x43, 0x08, 0x43, 0x08,
  0x83, 0x08, 0x43, 0x08, 0x43, 0x08, 0x43, 0x08, 0x43, 0x08, 0x43, 0x08, 0x43, 0x08, 0x43, 0x08, 0x43, 0x08, 0x06, 0x19, 0x43, 0x08, 0x43, 0x08, 0x43, 0x08, 0x43, 0x08, 0x43, 0x08, 0x43, 0x08,
  0x43, 0x08, 0x43, 0x08, 0x43, 0x08, 0x43, 0x08, 0x43, 0x08, 0x43, 0x08, 0x43, 0x08, 0x43, 0x08, 0x43, 0x08, 0x43, 0x08, 0x43, 0x08, 0x43, 0x08, 0x43, 0x08, 0x43, 0x08, 0x43, 0x08, 0x43, 0x08,
  0x83, 0x08, 0x43, 0x08, 0x43, 0x08, 0x06, 0x19, 0x06, 0x19, 0x43, 0x08, 0x43, 0x08, 0x43, 0x08, 0x43, 0x08, 0x43, 0x08, 0x43, 0x08, 0x43, 0x08, 0x43, 0x08, 0x43, 0x08, 0x43, 0x08, 0x43, 0x08,
  0x43, 0x08, 0x43, 0x08, 0x43, 0x08, 0x26, 0x19, 0x43, 0x08, 0x43, 0x08, 0x43, 0x08, 0x43, 0x08, 0x43, 0x08, 0x43, 0x08, 0x43, 0x08, 0x43, 0x08, 0x43, 0x08, 0x43, 0x08, 0x43, 0x08, 0x43, 0x08,
  0x83, 0x08, 0x43, 0x08, 0x43, 0x08, 0x43, 0x08, 0x43, 0x08, 0x43, 0x08, 0x43, 0x08, 0x43, 0x08, 0x43, 0x08, 0x43, 0x08, 0x43, 0x08, 0x43, 0x08, 0x43, 0x08, 0x43, 0x08, 0x27, 0x19, 0x43, 0x08,
  0x43, 0x08, 0x43, 0x08, 0x43, 0x08, 0x43, 0x08, 0x43, 0x08, 0x43, 0x08, 0x43, 0x08, 0x43, 0x08, 0x43, 0x08, 0x43, 0x08, 0x43, 0x08, 0x43, 0x08, 0x43, 0x08, 0x43, 0x08, 0x43, 0x08, 0x43, 0x08,
  0x83, 0x08, 0x43, 0x08, 0x43, 0x08, 0x43, 0x08, 0x43, 0x08, 0x43, 0x08, 0x43, 0x08, 0x43, 0x08, 0x43, 0x08, 0x43, 0x08, 0x27, 0x19, 0x43, 0x08, 0x43, 0x08, 0x43, 0x08, 0x43, 0x08, 0x27, 0x19,
  0x43, 0x08, 0x43, 0x08, 0x43, 0x08, 0x43, 0x08, 0x43, 0x08, 0x43, 0x08, 0x43, 0x08, 0x43, 0x08, 0x43, 0x08, 0x43, 0x08, 0x43, 0x08, 0x43, 0x08, 0x43, 0x08, 0x43, 0x08, 0x43, 0x08, 0x43, 0x08,
  0x83, 0x08, 0x43, 0x08, 0x43, 0x08, 0x43, 0x08, 0x43, 0x08, 0x43, 0x08, 0x43, 0x08, 0x43, 0x08, 0x43, 0x08, 0x43, 0x08, 0x43, 0x08, 0x43, 0x08, 0x27, 0x19, 0x43, 0x08, 0x43, 0x08, 0x43, 0x08,
  0x43, 0x08, 0x43, 0x08, 0x43, 0x08, 0x43, 0x08, 0x43, 0x08, 0x43, 0x08, 0x43, 0x08, 0x43, 0x08, 0x8f, 0x3a, 0x43, 0x08, 0x43, 0x08, 0x43, 0x08, 0x43, 0x08, 0x43, 0x08, 0x43, 0x08, 0x43, 0x08,
  0x47, 0x19, 0x43, 0x08, 0x43, 0x08, 0x27, 0x19, 0x43, 0x08, 0x43, 0x08, 0x43, 0x08, 0x43, 0x08, 0x43, 0x08, 0x43, 0x08, 0x43, 0x08, 0x43, 0x08, 0x43, 0x08, 0x43, 0x08, 0x43, 0x08, 0x43, 0x08,
  0x43, 0x08, 0x43, 0x08, 0x43, 0x08, 0x43, 0x08, 0x43, 0x08, 0x43, 0x08, 0x43, 0x08, 0x43, 0x08, 0x43, 0x08, 0x43, 0x08, 0x43, 0x08, 0x26, 0x19, 0x43, 0x08, 0x43, 0x08, 0x26, 0x19, 0x43, 0x08,
  0x83, 0x08, 0x43, 0x08, 0x43, 0x08, 0x43, 0x08, 0x43, 0x08, 0x43, 0x08, 0x43, 0x08, 0x43, 0x08, 0x43, 0x08, 0x43, 0x08, 0x43, 0x08, 0x43, 0x08, 0x43, 0x08, 0x43, 0x08, 0x43, 0x08, 0x43, 0x08,
  0x43, 0x08, 0x43, 0x08, 0x43, 0x08, 0x43, 0x08, 0x43, 0x08, 0x43, 0x08, 0x43, 0x08, 0x43, 0x08, 0x43, 0x08, 0x43, 0x08, 0x06, 0x19, 0x43, 0x08, 0x06, 0x19, 0x43, 0x08, 0x43, 0x08, 0x43, 0x08,
  0x83, 0x08, 0x43, 0x08, 0x43, 0x08, 0x43, 0x08, 0x43, 0x08, 0x43, 0x08, 0x43, 0x08, 0x43, 0x08, 0x06, 0x19, 0x43, 0x08, 0x43, 0x08, 0x43, 0x08, 0x43, 0x08, 0x43, 0x08, 0x43, 0x08, 0x43, 0x08,
  0x43, 0x08, 0x43, 0x08, 0x43, 0x08, 0x43, 0x08, 0x43, 0x08, 0x43, 0x08, 0x43, 0x08, 0x43, 0x08, 0x43, 0x08, 0x43, 0x08, 0x43, 0x08, 0x43, 0x08, 0x43, 0x08, 0x43, 0x08, 0x43, 0x08, 0x05, 0x19,
  0x83, 0x08, 0x43, 0x08, 0x43, 0x08, 0x43, 0x08, 0xe5, 0x10, 0x43, 0x08, 0x43, 0x08, 0x43, 0x08, 0x43, 0x08, 0x43, 0x08, 0x43, 0x08, 0x43, 0x08, 0x43, 0x08, 0x43, 0x08, 0x43, 0x08, 0x43, 0x08,
  0x43, 0x08, 0x43, 0x08, 0x43, 0x08, 0x43, 0x08, 0x43, 0x08, 0x43, 0x08, 0x43, 0x08, 0x43, 0x08, 0x43, 0x08, 0x43, 0x08, 0x43, 0x08, 0x43, 0x08, 0x43, 0x08, 0x43, 0x08, 0x43, 0x08, 0x43, 0x08,
  0x83, 0x08, 0x43, 0x08, 0x43, 0x08, 0x43, 0x08, 0x43, 0x08, 0x43, 0x08, 0x43, 0x08, 0x43, 0x08, 0x43, 0x08, 0x43, 0x08, 0x43, 0x08, 0x43, 0x08, 0xe5, 0x10, 0x43, 0x08, 0x43, 0x08, 0x43, 0x08,
  0x43, 0x08, 0x43, 0x08, 0x43, 0x08, 0x43, 0x08, 0xe5, 0x10, 0x43, 0x08, 0x43, 0x08, 0x43, 0x08, 0x43, 0x08, 0x43, 0x08, 0x43, 0x08, 0x43, 0x08, 0x43, 0x08, 0x05, 0x19, 0x43, 0x08, 0x43, 0x08,
  0x83, 0x08, 0x43, 0x08, 0x43, 0x08, 0x43, 0x08, 0x43, 0x08, 0x43, 0x08, 0x43, 0x08, 0x43, 0x08, 0x43, 0x08, 0x06, 0x19, 0x43, 0x08, 0x43, 0x08, 0x43, 0x08, 0x43, 0x08, 0x43, 0x08, 0x43, 0x08,
  0x43, 0x08, 0x43, 0x08, 0x43, 0x08, 0x43, 0x08, 0x43, 0x08, 0x43, 0x08, 0x43, 0x08, 0x43, 0x08, 0x43, 0x08, 0x43, 0x08, 0x43, 0x08, 0x43, 0x08, 0x43, 0x08, 0x43, 0x08, 0x43, 0x08, 0x43, 0x08,
  0x83, 0x08, 0x43, 0x08, 0x43, 0x08, 0x06, 0x19, 0x06, 0x19, 0x43, 0x08, 0x43, 0x08, 0x43, 0x08, 0x43, 0x08, 0x43, 0x08, 0x43, 0x08, 0x43, 0x08, 0x43, 0x08, 0x43, 0x08, 0x43, 0x08, 0x43, 0x08,
  0x43, 0x08, 0x43, 0x08, 0x43, 0x08, 0x26, 0x19, 0x43, 0x08, 0x43, 0x08, 0x43, 0x08, 0x43, 0x08, 0x43, 0x08, 0x43, 0x08, 0x43, 0x08, 0x43, 0x08, 0x43, 0x08, 0x43, 0x08, 0x43, 0x08, 0x43, 0x08,
  0x83, 0x08, 0x43, 0x08, 0x43, 0x08, 0x43, 0x08, 0x43, 0x08, 0x43, 0x08, 0x43, 0x08, 0x43, 0x08, 0x43, 0x08, 0x43, 0x08, 0x43, 0x08, 0x43, 0x08, 0x43, 0x08, 0x43, 0x08, 0x26, 0x19, 0x27, 0x19,
  0x43, 0x08, 0x43, 0x08, 0x43, 0x08, 0x43, 0x08, 0x43, 0x08, 0x43, 0x08, 0x43, 0x08, 0x43, 0x08, 0x43, 0x08, 0x43, 0x08, 0x43, 0x08, 0x43, 0x08, 0x43, 0x08, 0x43, 0x08, 0x43, 0x08, 0x43, 0x08,
  0x83, 0x08, 0x43, 0x08, 0x43, 0x08, 0x43, 0x08, 0x43, 0x08, 0x43, 0x08, 0x43, 0x08, 0x43, 0x08, 0x43, 0x08, 0x43, 0x08, 0x27, 0x19, 0x43, 0x08, 0x43, 0x08, 0x43, 0x08, 0x43, 0x08, 0x43, 0x08,
  0x27, 0x19, 0x43, 0x08, 0x43, 0x08, 0x43, 0x08, 0x43, 0x08, 0x43, 0x08, 0x43, 0x08, 0x43, 0x08, 0x43, 0x08, 0x43, 0x08, 0x43, 0x08, 0x43, 0x08, 0x43, 0x08, 0x43, 0x08, 0x43, 0x08, 0x43, 0x08,
  0x83, 0x08, 0x43, 0x08, 0x43, 0x08, 0x43, 0x08, 0x43, 0x08, 0x43, 0x08, 0x43, 0x08, 0x43, 0x08, 0x43, 0x08, 0x43, 0x08, 0x43, 0x08, 0x27, 0x19, 0x43, 0x08, 0x43, 0x08, 0x43, 0x08, 0x43, 0x08,
  0x43, 0x08, 0x43, 0x08, 0x43, 0x08, 0x43, 0x08, 0x43, 0x08, 0x43, 0x08, 0x43, 0x08, 0x43, 0x08, 0x8f, 0x3a, 0x43, 0x08, 0x43, 0x08, 0x43, 0x08, 0x43, 0x08, 0x43, 0x08, 0x43, 0x08, 0x43, 0x08,
  0x47, 0x19, 0x43, 0x08, 0x27, 0x19, 0x43, 0x08, 0x43, 0x08, 0x43, 0x08, 0x43, 0x08, 0x43, 0x08, 0x43, 0x08, 0x43, 0x08, 0x43, 0x08, 0x43, 0x08, 0x43, 0x08, 0x43, 0x08, 0x43, 0x08, 0x43, 0x08,
  0x43, 0x08, 0x43, 0x08, 0x43, 0x08, 0x43, 0x08, 0x43, 0x08, 0x43, 0x08, 0x43, 0x08, 0x43, 0x08, 0x43, 0x08, 0x43, 0x08, 0x43, 0x08, 0x26, 0x19, 0x43, 0x08, 0x43, 0x08, 0x26, 0x19, 0x43, 0x08,
  0x83, 0x08, 0x43, 0x08, 0x43, 0x08, 0x43, 0x08, 0x43, 0x08, 0x43, 0x08, 0x43, 0x08, 0x43, 0x08, 0x43, 0x08, 0x43, 0x08, 0x43, 0x08, 0x43, 0x08, 0x43, 0x08, 0x43, 0x08, 0x43, 0x08, 0x43, 0x08,
  0x43, 0x08, 0x43, 0x08, 0x43, 0x08, 0x43, 0x08, 0x43, 0x08, 0x43, 0x08, 0x43, 0x08, 0x43, 0x08, 0x43, 0x08, 0x06, 0x19, 0x43, 0x08, 0x06, 0x19, 0x43, 0x08, 0x43, 0x08, 0x43, 0x08, 0x43, 0x08,
  0x83, 0x08, 0x43, 0x08, 0x43, 0x08, 0x43, 0x08, 0x43, 0x08, 0x43, 0x08, 0x43, 0x08, 0x43, 0x08, 0x06, 0x19, 0x43, 0x08, 0x43, 0x08, 0x43, 0x08, 0x43, 0x08, 0x43, 0x08, 0x43, 0x08, 0x43, 0x08,
  0x43, 0x08, 0x43, 0x08, 0x43, 0x08, 0x43, 0x08, 0x43, 0x08, 0x43, 0x08, 0x43, 0x08, 0x43, 0x08, 0x43, 0x08, 0x43, 0x08, 0x43, 0x08, 0x43, 0x08, 0x43, 0x08, 0x43, 0x08, 0x05, 0x19, 0x43, 0x08,
  0x83, 0x08, 0x43, 0x08, 0x43, 0x08, 0x43, 0x08, 0xe5, 0x10, 0x43, 0x08, 0x43, 0x08, 0x43, 0x08, 0x43, 0x08, 0x43, 0x08, 0x43, 0x08, 0x43, 0x08, 0x43, 0x08, 0x43, 0x08, 0x43, 0x08, 0x43, 0x08,
  0x43, 0x08, 0x43, 0x08, 0x43, 0x08, 0x43, 0x08, 0x43, 0x08, 0x43, 0x08, 0x43, 0x08, 0x43, 0x08, 0x43, 0x08, 0x43, 0x08, 0x43, 0x08, 0x43, 0x08, 0x43, 0x08, 0x43, 0x08, 0x43, 0x08, 0xe5, 0x10,
  0x83, 0x08, 0x43, 0x08, 0x43, 0x08, 0x43, 0x08, 0x43, 0x08, 0x43, 0x08, 0x43, 0x08, 0x43, 0x08, 0x43, 0x08, 0x43, 0x08, 0x43, 0x08, 0x43, 0x08, 0xe5, 0x10, 0x43, 0x08, 0x43, 0x08, 0x43, 0x08,
  0x43, 0x08, 0x43, 0x08, 0x43, 0x08, 0x43, 0x08, 0x43, 0x08, 0xe5, 0x10, 0x43, 0x08, 0x43, 0x08, 0x43, 0x08, 0x43, 0x08, 0x43, 0x08, 0x43, 0x08, 0x43, 0x08, 0x43, 0x08, 0x05, 0x19, 0x43, 0x08,
  0x83, 0x08, 0x43, 0x08, 0x43, 0x08, 0x43, 0x08, 0x43, 0x08, 0x43, 0x08, 0x43, 0x08, 0x43, 0x08, 0x43, 0x08, 0x06, 0x19, 0x43, 0x08, 0x43, 0x08, 0x43, 0x08, 0x43, 0x08, 0x43, 0x08, 0x43, 0x08,
  0x43, 0x08, 0x43, 0x08, 0x43, 0x08, 0x43, 0x08, 0x43, 0x08, 0x43, 0x08, 0x43, 0x08, 0x43, 0x08, 0x43, 0x08, 0x43, 0x08, 0x43, 0x08, 0x43, 0x08, 0x43, 0x08, 0x43, 0x08, 0x43, 0x08, 0x43, 0x08,
  0x83, 0x08, 0x43, 0x08, 0x43, 0x08, 0x43, 0x08, 0x06, 0x19, 0x43, 0x08, 0x43, 0x08, 0x43, 0x08, 0x43, 0x08, 0x43, 0x08, 0x43, 0x08, 0x43, 0x08, 0x43, 0x08, 0x43, 0x08, 0x43, 0x08, 0x43, 0x08,
  0x43, 0x08, 0x43, 0x08, 0x43, 0x08, 0x26, 0x19, 0x43, 0x08, 0x43, 0x08, 0x43, 0x08, 0x43, 0x08, 0x43, 0x08, 0x43, 0x08, 0x43, 0x08, 0x43, 0x08, 0x43, 0x08, 0x43, 0x08, 0x43, 0x08, 0x43, 0x08,
  0x83, 0x08, 0x43, 0x08, 0x43, 0x08, 0x43, 0x08, 0x43, 0x08, 0x43, 0x08, 0x43, 0x08, 0x43, 0x08, 0x43, 0x08, 0x43, 0x08, 0x43, 0x08, 0x43, 0x08, 0x43, 0x08, 0x43, 0x08, 0x26, 0x19, 0x43, 0x08,
  0x27, 0x19, 0x43, 0x08, 0x43, 0x08, 0x43, 0x08, 0x43, 0x08, 0x43, 0x08, 0x43, 0x08, 0x43, 0x08, 0x43, 0x08, 0x43, 0x08, 0x43, 0x08, 0x43, 0x08, 0x43, 0x08, 0x43, 0x08, 0x43, 0x08, 0x43, 0x08,
  0x83, 0x08, 0x43, 0x08, 0x43, 0x08, 0x43, 0x08, 0x43, 0x08, 0x43, 0x08, 0x43, 0x08, 0x43, 0x08, 0x43, 0x08, 0x43, 0x08, 0x27, 0x19, 0x43, 0x08, 0x43, 0x08, 0x43, 0x08, 0x43, 0x08, 0x43, 0x08,
  0x43, 0x08, 0x27, 0x19, 0x43, 0x08, 0x43, 0x08, 0x43, 0x08, 0x43, 0x08, 0x43, 0x08, 0x43, 0x08, 0x43, 0x08, 0x43, 0x08, 0x43, 0x08, 0x43, 0x08, 0x43, 0x08, 0x43, 0x08, 0x43, 0x08, 0x43, 0x08,
  0x83, 0x08, 0x43, 0x08, 0x43, 0x08, 0x43, 0x08, 0x43, 0x08, 0x43, 0x08, 0x43, 0x08, 0x43, 0x08, 0x43, 0x08, 0x43, 0x08, 0x27, 0x19, 0x43, 0x08, 0x43, 0x08, 0x43, 0x08, 0x43, 0x08, 0x43, 0x08,
  0x43, 0x08, 0x43, 0x08, 0x43, 0x08, 0x43, 0x08, 0x43, 0x08, 0x43, 0x08, 0x43, 0x08, 0x43, 0x08, 0x8f, 0x3a, 0x43, 0x08, 0x43, 0x08, 0x43, 0x08, 0x43, 0x08, 0x43, 0x08, 0x43, 0x08, 0x43, 0x08,
  0x47, 0x19, 0x43, 0x08, 0x27, 0x19, 0x43, 0x08, 0x43, 0x08, 0x43, 0x08, 0x43, 0x08, 0x43, 0x08, 0x43, 0x08, 0x43, 0x08, 0x43, 0x08, 0x43, 0x08, 0x43, 0x08, 0x43, 0x08, 0x43, 0x08, 0x43, 0x08,
  0x43, 0x08, 0x43, 0x08, 0x43, 0x08, 0x43, 0x08, 0x43, 0x08, 0x43, 0x08, 0x43, 0x08, 0x43, 0x08, 0x43, 0x08, 0x43, 0x08, 0x43, 0x08, 0x26, 0x19, 0x43, 0x08, 0x43, 0x08, 0x26, 0x19, 0x43, 0x08,
  0x83, 0x08, 0x43, 0x08, 0x43, 0x08, 0x43, 0x08, 0x43, 0x08, 0x43, 0x08, 0x43, 0x08, 0x43, 0x08, 0x43, 0x08, 0x43, 0x08, 0x43, 0x08, 0x43, 0x08, 0x43, 0x08, 0x43, 0x08, 0x43, 0x08, 0x43, 0x08,
  0x43, 0x08, 0x43, 0x08, 0x43, 0x08, 0x43, 0x08, 0x43, 0x08, 0x43, 0x08, 0x43, 0x08, 0x43, 0x08, 0x06, 0x19, 0x43, 0x08, 0x06, 0x19, 0x43, 0x08, 0x43, 0x08, 0x43, 0x08, 0x43, 0x08, 0x43, 0x08,
  0x83, 0x08, 0x43, 0x08, 0x43, 0x08, 0x43, 0x08, 0x43, 0x08, 0x43, 0x08, 0x43, 0x08, 0x43, 0x08, 0x06, 0x19, 0x43, 0x08, 0x43, 0x08, 0x43, 0x08, 0x43, 0x08, 0x43, 0x08, 0x43, 0x08, 0x43, 0x08,
  0x43, 0x08, 0x43, 0x08, 0x43, 0x08, 0x43, 0x08, 0x43, 0x08, 0x43, 0x08, 0x43, 0x08, 0x43, 0x08, 0x43, 0x08, 0x43, 0x08, 0x43, 0x08, 0x43, 0x08, 0x43, 0x08, 0x05, 0x19, 0x43, 0x08, 0x43, 0x08,
  0x83, 0x08, 0x43, 0x08, 0x43, 0x08, 0x43, 0x08, 0xe5, 0x10, 0x43, 0x08, 0x43, 0x08, 0x43, 0x08, 0x43, 0x08, 0x43, 0x08, 0x43, 0x08, 0x43, 0x08, 0x43, 0x08, 0x43, 0x08, 0x43, 0x08, 0x43, 0x08,
  0x43, 0x08, 0x43, 0x08, 0x43, 0x08, 0x43, 0x08, 0x43, 0x08, 0x43, 0x08, 0x43, 0x08, 0x43, 0x08, 0x43, 0x08, 0x43, 0x08, 0x43, 0x08, 0x43, 0x08, 0x43, 0x08, 0x43, 0x08, 0xe5, 0x10, 0x43, 0x08,
  0x83, 0x08, 0x43, 0x08, 0x43, 0x08, 0x43, 0x08, 0x43, 0x08, 0x43, 0x08, 0x43, 0x08, 0x43, 0x08, 0x43, 0x08, 0x43, 0x08, 0x43, 0x08, 0x43, 0x08, 0xe5, 0x10, 0x43, 0x08, 0x43, 0x08, 0x43, 0x08,
  0x43, 0x08, 0x43, 0x08, 0x43, 0x08, 0x43, 0x08, 0x43, 0x08, 0x43, 0x08, 0xe5, 0x10, 0x43, 0x08, 0x43, 0x08, 0x43, 0x08, 0x43, 0x08, 0x43, 0x08, 0x43, 0x08, 0x43, 0x08, 0x43, 0x08, 0x05, 0x19,
  0x83, 0x08, 0x43, 0x08, 0x43, 0x08, 0x43, 0x08, 0x43, 0x08, 0x43, 0x08, 0x43, 0x08, 0x43, 0x08, 0x43, 0x08, 0x06, 0x19, 0x43, 0x08, 0x43, 0x08, 0x43, 0x08, 0x43, 0x08, 0x43, 0x08, 0x43, 0x08,
  0x43, 0x08, 0x43, 0x08, 0x43, 0x08, 0x43, 0x08, 0x43, 0x08, 0x43, 0x08, 0x43, 0x08, 0x43, 0x08, 0x43, 0x08, 0x43, 0x08, 0x43, 0x08, 0x43, 0x08, 0x43, 0x08, 0x43, 0x08, 0x43, 0x08, 0x43, 0x08,
  0x83, 0x08, 0x43, 0x08, 0x43, 0x08, 0x43, 0x08, 0x06, 0x19, 0x06, 0x19, 0x43, 0x08, 0x43, 0x08, 0x43, 0x08, 0x43, 0x08, 0x43, 0x08, 0x43, 0x08, 0x43, 0x08, 0x43, 0x08, 0x43, 0x08, 0x43, 0x08,
  0x43, 0x08, 0x43, 0x08, 0x43, 0x08, 0x26, 0x19, 0x43, 0x08, 0x43, 0x08, 0x43, 0x08, 0x43, 0x08, 0x43, 0x08, 0x43, 0x08, 0x43, 0x08, 0x43, 0x08, 0x43, 0x08, 0x43, 0x08, 0x43, 0x08, 0x43, 0x08,
  0x83, 0x08, 0x43, 0x08, 0x43, 0x08, 0x43, 0x08, 0x43, 0x08, 0x43, 0x08, 0x43, 0x08, 0x43, 0x08, 0x43, 0x08, 0x43, 0x08, 0x43, 0x08, 0x43, 0x08, 0x43, 0x08, 0x43, 0x08, 0x26, 0x19, 0x43, 0x08,
  0x43, 0x08, 0x27, 0x19, 0x43, 0x08, 0x43, 0x08, 0x43, 0x08, 0x43, 0x08, 0x43, 0x08, 0x43, 0x08, 0x43, 0x08, 0x43, 0x08, 0x43, 0x08, 0x43, 0x08, 0x43, 0x08, 0x43, 0x08, 0x43, 0x08, 0x43, 0x08,
  0x83, 0x08, 0x43, 0x08, 0x43, 0x08, 0x43, 0x08, 0x43, 0x08, 0x43, 0x08, 0x43, 0x08, 0x43, 0x08, 0x43, 0x08, 0x43, 0x08, 0x27, 0x19, 0x43, 0x08, 0x43, 0x08, 0x43, 0x08, 0x43, 0x08, 0x43, 0x08,
  0x43, 0x08, 0x43, 0x08, 0x27, 0x19, 0x43, 0x08, 0x43, 0x08, 0x43, 0x08, 0x43, 0x08, 0x43, 0x08, 0x43, 0x08, 0x43, 0x08, 0x43, 0x08, 0x43, 0x08, 0x43, 0x08, 0x43, 0x08, 0x43, 0x08, 0x43, 0x08,
  0x83, 0x08, 0x43, 0x08, 0x43, 0x08, 0x43, 0x08, 0x43, 0x08, 0x43, 0x08, 0x43, 0x08, 0x43, 0x08, 0x43, 0x08, 0x27, 0x19, 0x43, 0x08, 0x43, 0x08, 0x43, 0x08, 0x43, 0x08, 0x43, 0x08, 0x43, 0x08,
  0x43, 0x08, 0x43, 0x08, 0x43, 0x08, 0x43, 0x08, 0x43, 0x08, 0x43, 0x08, 0x43, 0x08, 0x43, 0x08, 0x8f, 0x3a, 0x43, 0x08, 0x43, 0x08, 0x43, 0x08, 0x43, 0x08, 0x43, 0x08, 0x43, 0x08, 0x43, 0x08,
  0x47, 0x19, 0x43, 0x08, 0x27, 0x19, 0x43, 0x08, 0x43, 0x08, 0x43, 0x08, 0x43, 0x08, 0x43, 0x08, 0x43, 0x08, 0x43, 0x08, 0x43, 0x08, 0x43, 0x08, 0x43, 0x08, 0x43, 0x08, 0x43, 0x08, 0x43, 0x08,
  0x43, 0x08, 0x43, 0x08, 0x43, 0x08, 0x43, 0x08, 0x43, 0x08, 0x43, 0x08, 0x43, 0x08, 0x43, 0x08, 0x43, 0x08, 0x43, 0x08, 0x43, 0x08, 0x26, 0x19, 0x43, 0x08, 0x43, 0x08, 0x26, 0x19, 0x43, 0x08,
  0x83, 0x08, 0x43, 0x08, 0x43, 0x08, 0x43, 0x08, 0x43, 0x08, 0x43, 0x08, 0x43, 0x08, 0x43, 0x08, 0x43, 0x08, 0x43, 0x08, 0x43, 0x08, 0x43, 0x08, 0x43, 0x08, 0x43, 0x08, 0x43, 0x08, 0x43, 0x08,
  0x43, 0x08, 0x43, 0x08, 0x43, 0x08, 0x43, 0x08, 0x43, 0x08, 0x43, 0x08, 0x43, 0x08, 0x06, 0x19, 0x43, 0x08, 0x43, 0x08, 0x06, 0x19, 0x43, 0x08, 0x43, 0x08, 0x43, 0x08, 0x43, 0x08, 0x43, 0x08,
  0x83, 0x08, 0x43, 0x08, 0x43, 0x08, 0x43, 0x08, 0x43, 0x08, 0x43, 0x08, 0x43, 0x08, 0x43, 0x08, 0x06, 0x19, 0x43, 0x08, 0x43, 0x08, 0x43, 0x08, 0x43, 0x08, 0x43, 0x08, 0x43, 0x08, 0x43, 0x08,
  0x43, 0x08, 0x43, 0x08, 0x43, 0x08, 0x43, 0x08, 0x43, 0x08, 0x43, 0x08, 0x43, 0x08, 0x43, 0x08, 0x43, 0x08, 0x43, 0x08, 0x43, 0x08, 0x43, 0x08, 0x05, 0x19, 0x43, 0x08, 0x43, 0x08, 0x43, 0x08,
  0x83, 0x08, 0x43, 0x08, 0x43, 0x08, 0x43, 0x08, 0xe5, 0x10, 0x43, 0x08, 0x43, 0x08, 0x43, 0x08, 0x43, 0x08, 0x43, 0x08, 0x43, 0x08, 0x43, 0x08, 0x43, 0x08, 0x43, 0x08, 0x43, 0x08, 0x43, 0x08,
  0x43, 0x08, 0x43, 0x08, 0x43, 0x08, 0x43, 0x08, 0x43, 0x08, 0x43, 0x08, 0x43, 0x08, 0x43, 0x08, 0x43, 0x08, 0x43, 0x08, 0x43, 0x08, 0x43, 0x08, 0x43, 0x08, 0xe5, 0x10, 0x43, 0x08, 0x43, 0x08,
  0x83, 0x08, 0x43, 0x08, 0x43, 0x08, 0x43, 0x08, 0x43, 0x08, 0x43, 0x08, 0x43, 0x08, 0x43, 0x08, 0x43, 0x08, 0x43, 0x08, 0x43, 0x08, 0x43, 0x08, 0xe5, 0x10, 0x43, 0x08, 0x43, 0x08, 0x43, 0x08,
  0x43, 0x08, 0x43, 0x08, 0x43, 0x08, 0x43, 0x08, 0x43, 0x08, 0x43, 0x08, 0x43, 0x08, 0xe5, 0x10, 0x43, 0x08, 0x43, 0x08, 0x43, 0x08, 0x43, 0x08, 0x43, 0x08, 0x43, 0x08, 0x43, 0x08, 0x43, 0x08,
  0x26, 0x19, 0x43, 0x08, 0x43, 0x08, 0x43, 0x08, 0x43, 0x08, 0x43, 0x08, 0x43, 0x08, 0x43, 0x08, 0x43, 0x08, 0x05, 0x19, 0x43, 0x08, 0x43, 0x08, 0x43, 0x08, 0x43, 0x08, 0x43, 0x08, 0x43, 0x08,
  0x43, 0x08, 0x43, 0x08, 0x43, 0x08, 0x43, 0x08, 0x43, 0x08, 0x43, 0x08, 0x43, 0x08, 0x43, 0x08, 0x43, 0x08, 0x43, 0x08, 0x43, 0x08, 0x43, 0x08, 0x43, 0x08, 0x43, 0x08, 0x43, 0x08, 0x43, 0x08,
  0x83, 0x08, 0x43, 0x08, 0x43, 0x08, 0x43, 0x08, 0x06, 0x19, 0x43, 0x08, 0x06, 0x19, 0x43, 0x08, 0x43, 0x08, 0x43, 0x08, 0x43, 0x08, 0x43, 0x08, 0x43, 0x08, 0x43, 0x08, 0x43, 0x08, 0x43, 0x08,
  0x43, 0x08, 0x43, 0x08, 0x43, 0x08, 0x43, 0x08, 0x26, 0x19, 0x43, 0x08, 0x43, 0x08, 0x43, 0x08, 0x43, 0x08, 0x43, 0x08, 0x43, 0x08, 0x43, 0x08, 0x43, 0x08, 0x43, 0x08, 0x43, 0x08, 0x43, 0x08,
  0x83, 0x08, 0x43, 0x08, 0x43, 0x08, 0x43, 0x08, 0x43, 0x08, 0x43, 0x08, 0x43, 0x08, 0x43, 0x08, 0x43, 0x08, 0x43, 0x08, 0x43, 0x08, 0x43, 0x08, 0x43, 0x08, 0x43, 0x08, 0x26, 0x19, 0x43, 0x08,
  0x43, 0x08, 0x43, 0x08, 0x26, 0x19, 0x43, 0x08, 0x43, 0x08, 0x43, 0x08, 0x43, 0x08, 0x43, 0x08, 0x43, 0x08, 0x43, 0x08, 0x43, 0x08, 0x43, 0x08, 0x43, 0x08, 0x43, 0x08, 0x43, 0x08, 0x43, 0x08,
  0x83, 0x08, 0x43, 0x08, 0x43, 0x08, 0x43, 0x08, 0x43, 0x08, 0x43, 0x08, 0x43, 0x08, 0x43, 0x08, 0x43, 0x08, 0x43, 0x08, 0x27, 0x19, 0x43, 0x08, 0x43, 0x08, 0x43, 0x08, 0x43, 0x08, 0x43, 0x08,
  0x43, 0x08, 0x43, 0x08, 0x43, 0x08, 0x27, 0x19, 0x43, 0x08, 0x43, 0x08, 0x43, 0x08, 0x43, 0x08, 0x43, 0x08, 0x43, 0x08, 0x43, 0x08, 0x43, 0x08, 0x43, 0x08, 0x43, 0x08, 0x43, 0x08, 0x43, 0x08,
  0x83, 0x08, 0x43, 0x08, 0x43, 0x08, 0x43, 0x08, 0x43, 0x08, 0x43, 0x08, 0x43, 0x08, 0x43, 0x08, 0x27, 0x19, 0x43, 0x08, 0x43, 0x08, 0x43, 0x08, 0x43, 0x08, 0x43, 0x08, 0x43, 0x08, 0x43, 0x08,
  0x43, 0x08, 0x43, 0x08, 0x43, 0x08, 0x43, 0x08, 0x43, 0x08, 0x43, 0x08, 0x43, 0x08, 0x43, 0x08, 0x8f, 0x3a, 0x43, 0x08, 0x43, 0x08, 0x43, 0x08, 0x43, 0x08, 0x43, 0x08, 0x43, 0x08, 0x43, 0x08,
  0x47, 0x19, 0x43, 0x08, 0x26, 0x19, 0x43, 0x08, 0x43, 0x08, 0x43, 0x08, 0x43, 0x08, 0x43, 0x08, 0x43, 0x08, 0x43, 0x08, 0x43, 0x08, 0x43, 0x08, 0x43, 0x08, 0x43, 0x08, 0x43, 0x08, 0x43, 0x08,
  0x43, 0x08, 0x43, 0x08, 0x43, 0x08, 0x43, 0x08, 0x43, 0x08, 0x43, 0x08, 0x43, 0x08, 0x43, 0x08, 0x43, 0x08, 0x43, 0x08, 0x43, 0x08, 0x26, 0x19, 0x43, 0x08, 0x43, 0x08, 0x26, 0x19, 0x43, 0x08,
  0x83, 0x08, 0x43, 0x08, 0x43, 0x08, 0x43, 0x08, 0x43, 0x08, 0x43, 0x08, 0x43, 0x08, 0x43, 0x08, 0x43, 0x08, 0x43, 0x08, 0x43, 0x08, 0x43, 0x08, 0x43, 0x08, 0x43, 0x08, 0x43, 0x08, 0x43, 0x08,
  0x43, 0x08, 0x43, 0x08, 0x43, 0x08, 0x43, 0x08, 0x43, 0x08, 0x43, 0x08, 0x06, 0x19, 0x43, 0x08, 0x43, 0x08, 0x43, 0x08, 0x06, 0x19, 0x43, 0x08, 0x43, 0x08, 0x43, 0x08, 0x43, 0x08, 0x43, 0x08,
  0x83, 0x08, 0x43, 0x08, 0x43, 0x08, 0x43, 0x08, 0x43, 0x08, 0x43, 0x08, 0x43, 0x08, 0x43, 0x08, 0x05, 0x19, 0x43, 0x08, 0x43, 0x08, 0x43, 0x08, 0x43, 0x08, 0x43, 0x08, 0x43, 0x08, 0x43, 0x08,
  0x43, 0x08, 0x43, 0x08, 0x43, 0x08, 0x43, 0x08, 0x43, 0x08, 0x43, 0x08, 0x43, 0x08, 0x43, 0x08, 0x43, 0x08, 0x43, 0x08, 0x43, 0x08, 0x05, 0x19, 0x43, 0x08, 0x43, 0x08, 0x43, 0x08, 0x43, 0x08,
  0x83, 0x08, 0x43, 0x08, 0x43, 0x08, 0x43, 0x08, 0xe5, 0x10, 0x43, 0x08, 0x43, 0x08, 0x43, 0x08, 0x43, 0x08, 0x43, 0x08, 0x43, 0x08, 0x43, 0x08, 0x43, 0x08, 0x43, 0x08, 0x43, 0x08, 0x43, 0x08,
  0x43, 0x08, 0x43, 0x08, 0x43, 0x08, 0x43, 0x08, 0x43, 0x08, 0x43, 0x08, 0x43, 0x08, 0x43, 0x08, 0x43, 0x08, 0x43, 0x08, 0x43, 0x08, 0x43, 0x08, 0xe5, 0x10, 0x43, 0x08, 0x43, 0x08, 0x43, 0x08,
  0xa4, 0x10, 0x83, 0x08, 0x83, 0x08, 0x83, 0x08, 0x83, 0x08, 0x83, 0x08, 0x83, 0x08, 0x83, 0x08, 0x83, 0x08, 0x83, 0x08, 0x83, 0x08, 0x83, 0x08, 0x05, 0x19, 0x83, 0x08, 0x83, 0x08, 0x83, 0x08,
  0x83, 0x08, 0x83, 0x08, 0x83, 0x08, 0x83, 0x08, 0x83, 0x08, 0x83, 0x08, 0x83, 0x08, 0x83, 0x08, 0x26, 0x19, 0x83, 0x08, 0x83, 0x08, 0x83, 0x08, 0x83, 0x08, 0x83, 0x08, 0x83, 0x08, 0x83, 0x08,
  0xa4, 0x10, 0x26, 0x19, 0x83, 0x08, 0x83, 0x08, 0x83, 0x08, 0x83, 0x08, 0x83, 0x08, 0x83, 0x08, 0x83, 0x08, 0x26, 0x19, 0x83, 0x08, 0x83, 0x08, 0x83, 0x08, 0x83, 0x08, 0x83, 0x08, 0x83, 0x08,
  0x83, 0x08, 0x83, 0x08, 0x83, 0x08, 0x83, 0x08, 0x83, 0x08, 0x83, 0x08, 0x83, 0x08, 0x83, 0x08, 0x83, 0x08, 0x83, 0x08, 0x83, 0x08, 0x83, 0x08, 0x83, 0x08, 0x83, 0x08, 0x83, 0x08, 0x83, 0x08,
  0xa4, 0x10, 0x83, 0x08, 0x83, 0x08, 0x83, 0x08, 0x26, 0x19, 0x83, 0x08, 0x83, 0x08, 0x47, 0x19, 0x83, 0x08, 0x83, 0x08, 0x83, 0x08, 0x83, 0x08, 0x83, 0x08, 0x83, 0x08, 0x83, 0x08, 0x83, 0x08,
  0x83, 0x08, 0x83, 0x08, 0x83, 0x08, 0x83, 0x08, 0x83, 0x08, 0x47, 0x19, 0x83, 0x08, 0x83, 0x08, 0x83, 0x08, 0x83, 0x08, 0x83, 0x08, 0x83, 0x08, 0x83, 0x08, 0x83, 0x08, 0x83, 0x08, 0x83, 0x08,
  0xa4, 0x10, 0x83, 0x08, 0x83, 0x08, 0x83, 0x08, 0x83, 0x08, 0x83, 0x08, 0x83, 0x08, 0x83, 0x08, 0x83, 0x08, 0x83, 0x08, 0x83, 0x08, 0x83, 0x08, 0x83, 0x08, 0x83, 0x08, 0x47, 0x19, 0x83, 0x08,
  0x83, 0x08, 0x83, 0x08, 0x83, 0x08, 0x47, 0x19, 0x83, 0x08, 0x83, 0x08, 0x83, 0x08, 0x83, 0x08, 0x83, 0x08, 0x83, 0x08, 0x83, 0x08, 0x83, 0x08, 0x83, 0x08, 0x83, 0x08, 0x83, 0x08, 0x83, 0x08,
  0xa4, 0x10, 0x83, 0x08, 0x83, 0x08, 0x83, 0x08, 0x83, 0x08, 0x83, 0x08, 0x83, 0x08, 0x83, 0x08, 0x83, 0x08, 0x83, 0x08, 0x47, 0x19, 0x83, 0x08, 0x83, 0x08, 0x83, 0x08, 0x83, 0x08, 0x83, 0x08,
  0x83, 0x08, 0x83, 0x08, 0x83, 0x08, 0x83, 0x08, 0x68, 0x19, 0x83, 0x08, 0x83, 0x08, 0x83, 0x08, 0x83, 0x08, 0x83, 0x08, 0x83, 0x08, 0x83, 0x08, 0x83, 0x08, 0x83, 0x08, 0x83, 0x08, 0x83, 0x08,
  0xa4, 0x10, 0x83, 0x08, 0x83, 0x08, 0x83, 0x08, 0x83, 0x08, 0x83, 0x08, 0x83, 0x08, 0x48, 0x19, 0x83, 0x08, 0x83, 0x08, 0x83, 0x08, 0x83, 0x08, 0x83, 0x08, 0x83, 0x08, 0x83, 0x08, 0x83, 0x08,
  0x83, 0x08, 0x83, 0x08, 0x83, 0x08, 0x83, 0x08, 0x83, 0x08, 0x83, 0x08, 0x83, 0x08, 0x83, 0x08, 0x8f, 0x3a, 0x83, 0x08, 0x83, 0x08, 0x83, 0x08, 0x83, 0x08, 0x83, 0x08, 0x83, 0x08, 0x83, 0x08,
  0x88, 0x21, 0x83, 0x08, 0x47, 0x19, 0x83, 0x08, 0x83, 0x08, 0x83, 0x08, 0x83, 0x08, 0x83, 0x08, 0x83, 0x08, 0x83, 0x08, 0x83, 0x08, 0x83, 0x08, 0x83, 0x08, 0x83, 0x08, 0x83, 0x08, 0x83, 0x08,
  0x83, 0x08, 0x83, 0x08, 0x83, 0x08, 0x83, 0x08, 0x83, 0x08, 0x83, 0x08, 0x83, 0x08, 0x83, 0x08, 0x83, 0x08, 0x83, 0x08, 0x83, 0x08, 0x47, 0x19, 0x83, 0x08, 0x83, 0x08, 0x47, 0x19, 0x83, 0x08,
  0xa4, 0x10, 0x83, 0x08, 0x83, 0x08, 0x83, 0x08, 0x83, 0x08, 0x83, 0x08, 0x83, 0x08, 0x83, 0x08, 0x83, 0x08, 0x83, 0x08, 0x83, 0x08, 0x83, 0x08, 0x83, 0x08, 0x83, 0x08, 0x83, 0x08, 0x83, 0x08,
  0x83, 0x08, 0x83, 0x08, 0x83, 0x08, 0x83, 0x08, 0x83, 0x08, 0x47, 0x19, 0x83, 0x08, 0x83, 0x08, 0x83, 0x08, 0x83, 0x08, 0x26, 0x19, 0x83, 0x08, 0x83, 0x08, 0x83, 0x08, 0x83, 0x08, 0x83, 0x08,
  0xa4, 0x10, 0x83, 0x08, 0x83, 0x08, 0x83, 0x08, 0x83, 0x08, 0x83, 0x08, 0x83, 0x08, 0x83, 0x08, 0x26, 0x19, 0x83, 0x08, 0x83, 0x08, 0x83, 0x08, 0x83, 0x08, 0x83, 0x08, 0x83, 0x08, 0x83, 0x08,
  0x83, 0x08, 0x83, 0x08, 0x83, 0x08, 0x83, 0x08, 0x83, 0x08, 0x83, 0x08, 0x83, 0x08, 0x83, 0x08, 0x83, 0x08, 0x83, 0x08, 0x26, 0x19, 0x83, 0x08, 0x83, 0x08, 0x83, 0x08, 0x83, 0x08, 0x83, 0x08,
  0xa4, 0x10, 0x83, 0x08, 0x83, 0x08, 0x83, 0x08, 0x26, 0x19, 0x83, 0x08, 0x83, 0x08, 0x83, 0x08, 0x83, 0x08, 0x83, 0x08, 0x83, 0x08, 0x83, 0x08, 0x83, 0x08, 0x83, 0x08, 0x83, 0x08, 0x83, 0x08,
  0x83, 0x08, 0x83, 0x08, 0x83, 0x08, 0x83, 0x08, 0x83, 0x08, 0x83, 0x08, 0x83, 0x08, 0x83, 0x08, 0x83, 0x08, 0x83, 0x08, 0x83, 0x08, 0x05, 0x19, 0x83, 0x08, 0x83, 0x08, 0x83, 0x08, 0x83, 0x08,
  0x83, 0x08, 0x43, 0x08, 0x43, 0x08, 0x43, 0x08, 0x43, 0x08, 0x43, 0x08, 0x43, 0x08, 0x43, 0x08, 0x43, 0x08, 0x43, 0x08, 0x43, 0x08, 0x43, 0x08, 0xe5, 0x10, 0x43, 0x08, 0x43, 0x08, 0x43, 0x08,
  0x43, 0x08, 0x43, 0x08, 0x43, 0x08, 0x43, 0x08, 0x43, 0x08, 0x43, 0x08, 0x43, 0x08, 0x43, 0x08, 0x43, 0x08, 0xe5, 0x10, 0x43, 0x08, 0x43, 0x08, 0x43, 0x08, 0x43, 0x08, 0x43, 0x08, 0x43, 0x08,
  0x83, 0x08, 0x43, 0x08, 0x05, 0x19, 0x43, 0x08, 0x43, 0x08, 0x43, 0x08, 0x43, 0x08, 0x43, 0x08, 0x43, 0x08, 0x43, 0x08, 0x05, 0x19, 0x43, 0x08, 0x43, 0x08, 0x43, 0x08, 0x43, 0x08, 0x43, 0x08,
  0x43, 0x08, 0x43, 0x08, 0x43, 0x08, 0x43, 0x08, 0x43, 0x08, 0x43, 0x08, 0x43, 0x08, 0x43, 0x08, 0x43, 0x08, 0x43, 0x08, 0x43, 0x08, 0x43, 0x08, 0x43, 0x08, 0x43, 0x08, 0x43, 0x08, 0x43, 0x08,
  0x83, 0x08, 0x43, 0x08, 0x43, 0x08, 0x43, 0x08, 0x06, 0x19, 0x43, 0x08, 0x43, 0x08, 0x43, 0x08, 0x06, 0x19, 0x43, 0x08, 0x43, 0x08, 0x43, 0x08, 0x43, 0x08, 0x43, 0x08, 0x43, 0x08, 0x43, 0x08,
  0x43, 0x08, 0x43, 0x08, 0x43, 0x08, 0x43, 0x08, 0x43, 0x08, 0x43, 0x08, 0x26, 0x19, 0x43, 0x08, 0x43, 0x08, 0x43, 0x08, 0x43, 0x08, 0x43, 0x08, 0x43, 0x08, 0x43, 0x08, 0x43, 0x08, 0x43, 0x08,
  0x83, 0x08, 0x43, 0x08, 0x43, 0x08, 0x43, 0x08, 0x43, 0x08, 0x43, 0x08, 0x43, 0x08, 0x43, 0x08, 0x43, 0x08, 0x43, 0x08, 0x43, 0x08, 0x43, 0x08, 0x43, 0x08, 0x43, 0x08, 0x26, 0x19, 0x43, 0x08,
  0x43, 0x08, 0x43, 0x08, 0x43, 0x08, 0x43, 0x08, 0x26, 0x19, 0x43, 0x08, 0x43, 0x08, 0x43, 0x08, 0x43, 0x08, 0x43, 0x08, 0x43, 0x08, 0x43, 0x08, 0x43, 0x08, 0x43, 0x08, 0x43, 0x08, 0x43, 0x08,
  0x83, 0x08, 0x43, 0x08, 0x43, 0x08, 0x43, 0x08, 0x43, 0x08, 0x43, 0x08, 0x43, 0x08, 0x43, 0x08, 0x43, 0x08, 0x43, 0x08, 0x27, 0x19, 0x43, 0x08, 0x43, 0x08, 0x43, 0x08, 0x43, 0x08, 0x43, 0x08,
  0x43, 0x08, 0x43, 0x08, 0x43, 0x08, 0x43, 0x08, 0x43, 0x08, 0x27, 0x19, 0x43, 0x08, 0x43, 0x08, 0x43, 0x08, 0x43, 0x08, 0x43, 0x08, 0x43, 0x08, 0x43, 0x08, 0x43, 0x08, 0x43, 0x08, 0x43, 0x08,
  0x83, 0x08, 0x43, 0x08, 0x43, 0x08, 0x43, 0x08, 0x43, 0x08, 0x43, 0x08, 0x27, 0x19, 0x43, 0x08, 0x43, 0x08, 0x43, 0x08, 0x43, 0x08, 0x43, 0x08, 0x43, 0x08, 0x43, 0x08, 0x43, 0x08, 0x43, 0x08,
  0x43, 0x08, 0x43, 0x08, 0x43, 0x08, 0x43, 0x08, 0x43, 0x08, 0x43, 0x08, 0x43, 0x08, 0x43, 0x08, 0x8f, 0x3a, 0x43, 0x08, 0x43, 0x08, 0x43, 0x08, 0x43, 0x08, 0x43, 0x08, 0x43, 0x08, 0x43, 0x08,
  0x47, 0x19, 0x43, 0x08, 0x26, 0x19, 0x43, 0x08, 0x43, 0x08, 0x43, 0x08, 0x43, 0x08, 0x43, 0x08, 0x43, 0x08, 0x43, 0x08, 0x43, 0x08, 0x43, 0x08, 0x43, 0x08, 0x43, 0x08, 0x43, 0x08, 0x43, 0x08,
  0x43, 0x08, 0x43, 0x08, 0x43, 0x08, 0x43, 0x08, 0x43, 0x08, 0x43, 0x08, 0x43, 0x08, 0x43, 0x08, 0x43, 0x08, 0x43, 0x08, 0x43, 0x08, 0x26, 0x19, 0x43, 0x08, 0x43, 0x08, 0x26, 0x19, 0x43, 0x08,
  0x83, 0x08, 0x43, 0x08, 0x43, 0x08, 0x43, 0x08, 0x43, 0x08, 0x43, 0x08, 0x43, 0x08, 0x43, 0x08, 0x43, 0x08, 0x43, 0x08, 0x43, 0x08, 0x43, 0x08, 0x43, 0x08, 0x43, 0x08, 0x43, 0x08, 0x43, 0x08,
  0x43, 0x08, 0x43, 0x08, 0x43, 0x08, 0x43, 0x08, 0x06, 0x19, 0x43, 0x08, 0x43, 0x08, 0x43, 0x08, 0x43, 0x08, 0x43, 0x08, 0x06, 0x19, 0x43, 0x08, 0x43, 0x08, 0x43, 0x08, 0x43, 0x08, 0x43, 0x08,
  0x83, 0x08, 0x43, 0x08, 0x43, 0x08, 0x43, 0x08, 0x43, 0x08, 0x43, 0x08, 0x43, 0x08, 0x43, 0x08, 0x05, 0x19, 0x43, 0x08, 0x43, 0x08, 0x43, 0x08, 0x43, 0x08, 0x43, 0x08, 0x43, 0x08, 0x43, 0x08,
  0x43, 0x08, 0x43, 0x08, 0x43, 0x08, 0x43, 0x08, 0x43, 0x08, 0x43, 0x08, 0x43, 0x08, 0x43, 0x08, 0x43, 0x08, 0x05, 0x19, 0x43, 0x08, 0x43, 0x08, 0x43, 0x08, 0x43, 0x08, 0x43, 0x08, 0x43, 0x08,
  0x83, 0x08, 0x43, 0x08, 0x43, 0x08, 0x43, 0x08, 0xe5, 0x10, 0x43, 0x08, 0x43, 0x08, 0x43, 0x08, 0x43, 0x08, 0x43, 0x08, 0x43, 0x08, 0x43, 0x08, 0x43, 0x08, 0x43, 0x08, 0x43, 0x08, 0x43, 0x08,
  0x43, 0x08, 0x43, 0x08, 0x43, 0x08, 0x43, 0x08, 0x43, 0x08, 0x43, 0x08, 0x43, 0x08, 0x43, 0x08, 0x43, 0x08, 0x43, 0x08, 0xe5, 0x10, 0x43, 0x08, 0x43, 0x08, 0x43, 0x08, 0x43, 0x08, 0x43, 0x08,
  0x83, 0x08, 0x43, 0x08, 0x43, 0x08, 0x43, 0x08, 0x43, 0x08, 0x43, 0x08, 0x43, 0x08, 0x43, 0x08, 0x43, 0x08, 0x43, 0x08, 0x43, 0x08, 0x43, 0x08, 0xe5, 0x10, 0x43, 0x08, 0x43, 0x08, 0x43, 0x08,
  0x43, 0x08, 0x43, 0x08, 0x43, 0x08, 0x43, 0x08, 0x43, 0x08, 0x43, 0x08, 0x43, 0x08, 0x43, 0x08, 0x43, 0x08, 0x43, 0x08, 0xe5, 0x10, 0x43, 0x08, 0x43, 0x08, 0x43, 0x08, 0x43, 0x08, 0x43, 0x08,
  0x83, 0x08, 0x43, 0x08, 0x43, 0x08, 0x05, 0x19, 0x43, 0x08, 0x43, 0x08, 0x43, 0x08, 0x43, 0x08, 0x43, 0x08, 0x43, 0x08, 0x43, 0x08, 0x05, 0x19, 0x43, 0x08, 0x43, 0x08, 0x43, 0x08, 0x43, 0x08,
  0x43, 0x08, 0x43, 0x08, 0x43, 0x08, 0x43, 0x08, 0x43, 0x08, 0x43, 0x08, 0x43, 0x08, 0x43, 0x08, 0x43, 0x08, 0x43, 0x08, 0x43, 0x08, 0x43, 0x08, 0x43, 0x08, 0x43, 0x08, 0x43, 0x08, 0x43, 0x08,
  0x83, 0x08, 0x43, 0x08, 0x43, 0x08, 0x43, 0x08, 0x06, 0x19, 0x43, 0x08, 0x43, 0x08, 0x43, 0x08, 0x43, 0x08, 0x06, 0x19, 0x43, 0x08, 0x43, 0x08, 0x43, 0x08, 0x43, 0x08, 0x43, 0x08, 0x43, 0x08,
  0x43, 0x08, 0x43, 0x08, 0x43, 0x08, 0x43, 0x08, 0x43, 0x08, 0x43, 0x08, 0x43, 0x08, 0x26, 0x19, 0x43, 0x08, 0x43, 0x08, 0x43, 0x08, 0x43, 0x08, 0x43, 0x08, 0x43, 0x08, 0x43, 0x08, 0x43, 0x08,
  0x83, 0x08, 0x43, 0x08, 0x43, 0x08, 0x43, 0x08, 0x43, 0x08, 0x43, 0x08, 0x43, 0x08, 0x43, 0x08, 0x43, 0x08, 0x43, 0x08, 0x43, 0x08, 0x43, 0x08, 0x43, 0x08, 0x43, 0x08, 0x26, 0x19, 0x43, 0x08,
  0x43, 0x08, 0x43, 0x08, 0x43, 0x08, 0x43, 0x08, 0x43, 0x08, 0x26, 0x19, 0x43, 0x08, 0x43, 0x08, 0x43, 0x08, 0x43, 0x08, 0x43, 0x08, 0x43, 0x08, 0x43, 0x08, 0x43, 0x08, 0x43, 0x08, 0x43, 0x08,
  0x83, 0x08, 0x43, 0x08, 0x43, 0x08, 0x43, 0x08, 0x43, 0x08, 0x43, 0x08, 0x43, 0x08, 0x43, 0x08, 0x43, 0x08, 0x43, 0x08, 0x27, 0x19, 0x43, 0x08, 0x43, 0x08, 0x43, 0x08, 0x43, 0x08, 0x43, 0x08,
  0x43, 0x08, 0x43, 0x08, 0x43, 0x08, 0x43, 0x08, 0x43, 0x08, 0x43, 0x08, 0x27, 0x19, 0x43, 0x08, 0x43, 0x08, 0x43, 0x08, 0x43, 0x08, 0x43, 0x08, 0x43, 0x08, 0x43, 0x08, 0x43, 0x08, 0x43, 0x08,
  0x83, 0x08, 0x43, 0x08, 0x43, 0x08, 0x43, 0x08, 0x43, 0x08, 0x43, 0x08, 0x27, 0x19, 0x43, 0x08, 0x43, 0x08, 0x43, 0x08, 0x43, 0x08, 0x43, 0x08, 0x43, 0x08, 0x43, 0x08, 0x43, 0x08, 0x43, 0x08,
  0x43, 0x08, 0x43, 0x08, 0x43, 0x08, 0x43, 0x08, 0x43, 0x08, 0x43, 0x08, 0x43, 0x08, 0x43, 0x08, 0x8f, 0x3a, 0x43, 0x08, 0x43, 0x08, 0x43, 0x08, 0x43, 0x08, 0x43, 0x08, 0x43, 0x08, 0x43, 0x08,
  0x47, 0x19, 0x43, 0x08, 0x26, 0x19, 0x43, 0x08, 0x43, 0x08, 0x43, 0x08, 0x43, 0x08, 0x43, 0x08, 0x43, 0x08, 0x43, 0x08, 0x43, 0x08, 0x43, 0x08, 0x43, 0x08, 0x43, 0x08, 0x43, 0x08, 0x43, 0x08,
  0x43, 0x08, 0x43, 0x08, 0x43, 0x08, 0x43, 0x08, 0x43, 0x08, 0x43, 0x08, 0x43, 0x08, 0x43, 0x08, 0x43, 0x08, 0x43, 0x08, 0x43, 0x08, 0x26, 0x19, 0x43, 0x08, 0x43, 0x08, 0x26, 0x19, 0x43, 0x08,
  0x83, 0x08, 0x43, 0x08, 0x43, 0x08, 0x43, 0x08, 0x43, 0x08, 0x43, 0x08, 0x43, 0x08, 0x43, 0x08, 0x43, 0x08, 0x43, 0x08, 0x43, 0x08, 0x43, 0x08, 0x43, 0x08, 0x43, 0x08, 0x43, 0x08, 0x43, 0x08,
  0x43, 0x08, 0x43, 0x08, 0x43, 0x08, 0x06, 0x19, 0x43, 0x08, 0x43, 0x08, 0x43, 0x08, 0x43, 0x08, 0x43, 0x08, 0x43, 0x08, 0x06, 0x19, 0x43, 0x08, 0x43, 0x08, 0x43, 0x08, 0x43, 0x08, 0x43, 0x08,
  0x83, 0x08, 0x43, 0x08, 0x43, 0x08, 0x43, 0x08, 0x43, 0x08, 0x43, 0x08, 0x43, 0x08, 0x43, 0x08, 0x05, 0x19, 0x43, 0x08, 0x43, 0x08, 0x43, 0x08, 0x43, 0x08, 0x43, 0x08, 0x43, 0x08, 0x43, 0x08,
  0x43, 0x08, 0x43, 0x08, 0x43, 0x08, 0x43, 0x08, 0x43, 0x08, 0x43, 0x08, 0x43, 0x08, 0x43, 0x08, 0x05, 0x19, 0x43, 0x08, 0x43, 0x08, 0x43, 0x08, 0x43, 0x08, 0x43, 0x08, 0x43, 0x08, 0x43, 0x08,
  0x83, 0x08, 0x43, 0x08, 0x43, 0x08, 0x43, 0x08, 0xe5, 0x10, 0x43, 0x08, 0x43, 0x08, 0x43, 0x08, 0x43, 0x08, 0x43, 0x08, 0x43, 0x08, 0x43, 0x08, 0x43, 0x08, 0x43, 0x08, 0x43, 0x08, 0x43, 0x08,
  0x43, 0x08, 0x43, 0x08, 0x43, 0x08, 0x43, 0x08, 0x43, 0x08, 0x43, 0x08, 0x43, 0x08, 0x43, 0x08, 0x43, 0x08, 0xe5, 0x10, 0x43, 0x08, 0x43, 0x08, 0x43, 0x08, 0x43, 0x08, 0x43, 0x08, 0x43, 0x08,
  0x83, 0x08, 0x43, 0x08, 0x43, 0x08, 0x43, 0x08, 0x43, 0x08, 0x43, 0x08, 0x43, 0x08, 0x43, 0x08, 0x43, 0x08, 0x43, 0x08, 0x43, 0x08, 0x43, 0x08, 0xe5, 0x10, 0x43, 0x08, 0x43, 0x08, 0x43, 0x08,
  0x43, 0x08, 0x43, 0x08, 0x43, 0x08, 0x43, 0x08, 0x43, 0x08, 0x43, 0x08, 0x43, 0x08, 0x43, 0x08, 0x43, 0x08, 0x43, 0x08, 0xe5, 0x10, 0x43, 0x08, 0x43, 0x08, 0x43, 0x08, 0x43, 0x08, 0x43, 0x08,
  0x83, 0x08, 0x43, 0x08, 0x43, 0x08, 0x43, 0x08, 0x05, 0x19, 0x43, 0x08, 0x43, 0x08, 0x43, 0x08, 0x43, 0x08, 0x43, 0x08, 0x43, 0x08, 0x43, 0x08, 0x05, 0x19, 0x43, 0x08, 0x43, 0x08, 0x43, 0x08,
  0x43, 0x08, 0x43, 0x08, 0x43, 0x08, 0x43, 0x08, 0x43, 0x08, 0x43, 0x08, 0x43, 0x08, 0x43, 0x08, 0x43, 0x08, 0x43, 0x08, 0x43, 0x08, 0x43, 0x08, 0x43, 0x08, 0x43, 0x08, 0x43, 0x08, 0x43, 0x08,
  0x83, 0x08, 0x43, 0x08, 0x43, 0x08, 0x43, 0x08, 0x06, 0x19, 0x43, 0x08, 0x43, 0x08, 0x43, 0x08, 0x43, 0x08, 0x43, 0x08, 0x06, 0x19, 0x43, 0x08, 0x43, 0x08, 0x43, 0x08, 0x43, 0x08, 0x43, 0x08,
  0x43, 0x08, 0x43, 0x08, 0x43, 0x08, 0x43, 0x08, 0x43, 0x08, 0x43, 0x08, 0x43, 0x08, 0x43, 0x08, 0x26, 0x19, 0x43, 0x08, 0x43, 0x08, 0x43, 0x08, 0x43, 0x08, 0x43, 0x08, 0x43, 0x08, 0x43, 0x08,
  0x83, 0x08, 0x43, 0x08, 0x43, 0x08, 0x43, 0x08, 0x43, 0x08, 0x43, 0x08, 0x43, 0x08, 0x43, 0x08, 0x43, 0x08, 0x43, 0x08, 0x43, 0x08, 0x43, 0x08, 0x43, 0x08, 0x43, 0x08, 0x26, 0x19, 0x43, 0x08,
  0x43, 0x08, 0x43, 0x08, 0x43, 0x08, 0x43, 0x08, 0x43, 0x08, 0x43, 0x08, 0x26, 0x19, 0x43, 0x08, 0x43, 0x08, 0x43, 0x08, 0x43, 0x08, 0x43, 0x08, 0x43, 0x08, 0x43, 0x08, 0x43, 0x08, 0x43, 0x08,
  0x83, 0x08, 0x43, 0x08, 0x43, 0x08, 0x43, 0x08, 0x43, 0x08, 0x43, 0x08, 0x43, 0x08, 0x43, 0x08, 0x43, 0x08, 0x43, 0x08, 0x27, 0x19, 0x43, 0x08, 0x43, 0x08, 0x43, 0x08, 0x43, 0x08, 0x43, 0x08,
  0x43, 0x08, 0x43, 0x08, 0x43, 0x08, 0x43, 0x08, 0x43, 0x08, 0x43, 0x08, 0x43, 0x08, 0x27, 0x19, 0x43, 0x08, 0x43, 0x08, 0x43, 0x08, 0x43, 0x08, 0x43, 0x08, 0x43, 0x08, 0x43, 0x08, 0x43, 0x08,
  0x83, 0x08, 0x43, 0x08, 0x43, 0x08, 0x43, 0x08, 0x43, 0x08, 0x43, 0x08, 0x27, 0x19, 0x43, 0x08, 0x43, 0x08, 0x43, 0x08, 0x43, 0x08, 0x43, 0x08, 0x43, 0x08, 0x43, 0x08, 0x43, 0x08, 0x43, 0x08,
  0x43, 0x08, 0x43, 0x08, 0x43, 0x08, 0x43, 0x08, 0x43, 0x08, 0x43, 0x08, 0x43, 0x08, 0x43, 0x08, 0x8f, 0x3a, 0x43, 0x08, 0x43, 0x08, 0x43, 0x08, 0x43, 0x08, 0x43, 0x08, 0x43, 0x08, 0x43, 0x08,
  0x47, 0x19, 0x43, 0x08, 0x26, 0x19, 0x43, 0x08, 0x43, 0x08, 0x43, 0x08, 0x43, 0x08, 0x43, 0x08, 0x43, 0x08, 0x43, 0x08, 0x43, 0x08, 0x43, 0x08, 0x43, 0x08, 0x43, 0x08, 0x43, 0x08, 0x43, 0x08,
  0x43, 0x08, 0x43, 0x08, 0x43, 0x08, 0x43, 0x08, 0x43, 0x08, 0x43, 0x08, 0x43, 0x08, 0x43, 0x08, 0x43, 0x08, 0x43, 0x08, 0x43, 0x08, 0x26, 0x19, 0x43, 0x08, 0x43, 0x08, 0x26, 0x19, 0x43, 0x08,
  0x83, 0x08, 0x43, 0x08, 0x43, 0x08, 0x43, 0x08, 0x43, 0x08, 0x43, 0x08, 0x43, 0x08, 0x43, 0x08, 0x43, 0x08, 0x43, 0x08, 0x43, 0x08, 0x43, 0x08, 0x43, 0x08, 0x43, 0x08, 0x43, 0x08, 0x43, 0x08,
  0x43, 0x08, 0x43, 0x08, 0x06, 0x19, 0x43, 0x08, 0x43, 0x08, 0x43, 0x08, 0x43, 0x08, 0x43, 0x08, 0x43, 0x08, 0x43, 0x08, 0x06, 0x19, 0x43, 0x08, 0x43, 0x08, 0x43, 0x08, 0x43, 0x08, 0x43, 0x08,
  0x83, 0x08, 0x43, 0x08, 0x43, 0x08, 0x43, 0x08, 0x43, 0x08, 0x43, 0x08, 0x43, 0x08, 0x43, 0x08, 0x05, 0x19, 0x43, 0x08, 0x43, 0x08, 0x43, 0x08, 0x43, 0x08, 0x43, 0x08, 0x43, 0x08, 0x43, 0x08,
  0x43, 0x08, 0x43, 0x08, 0x43, 0x08, 0x43, 0x08, 0x43, 0x08, 0x43, 0x08, 0x43, 0x08, 0x05, 0x19, 0x43, 0x08, 0x43, 0x08, 0x43, 0x08, 0x43, 0x08, 0x43, 0x08, 0x43, 0x08, 0x43, 0x08, 0x43, 0x08,
  0x83, 0x08, 0x43, 0x08, 0x43, 0x08, 0x43, 0x08, 0xe5, 0x10, 0x43, 0x08, 0x43, 0x08, 0x43, 0x08, 0x43, 0x08, 0x43, 0x08, 0x43, 0x08, 0x43, 0x08, 0x43, 0x08, 0x43, 0x08, 0x43, 0x08, 0x43, 0x08,
  0x43, 0x08, 0x43, 0x08, 0x43, 0x08, 0x43, 0x08, 0x43, 0x08, 0x43, 0x08, 0x43, 0x08, 0x43, 0x08, 0xe5, 0x10, 0x43, 0x08, 0x43, 0x08, 0x43, 0x08, 0x43, 0x08, 0x43, 0x08, 0x43, 0x08, 0x43, 0x08,
  0x83, 0x08, 0x43, 0x08, 0x43, 0x08, 0x43, 0x08, 0x43, 0x08, 0x43, 0x08, 0x43, 0x08, 0x43, 0x08, 0x43, 0x08, 0x43, 0x08, 0x43, 0x08, 0x43, 0x08, 0xe5, 0x10, 0x43, 0x08, 0x43, 0x08, 0x43, 0x08,
  0x43, 0x08, 0x43, 0x08, 0x43, 0x08, 0x43, 0x08, 0x43, 0x08, 0x43, 0x08, 0x43, 0x08, 0x43, 0x08, 0x43, 0x08, 0x43, 0x08, 0xe5, 0x10, 0x43, 0x08, 0x43, 0x08, 0x43, 0x08, 0x43, 0x08, 0x43, 0x08,
  0x83, 0x08, 0x43, 0x08, 0x43, 0x08, 0x43, 0x08, 0x43, 0x08, 0x05, 0x19, 0x43, 0x08, 0x43, 0x08, 0x43, 0x08, 0x43, 0x08, 0x43, 0x08, 0x43, 0x08, 0x43, 0x08, 0x05, 0x19, 0x43, 0x08, 0x43, 0x08,
  0x43, 0x08, 0x43, 0x08, 0x43, 0x08, 0x43, 0x08, 0x43, 0x08, 0x43, 0x08, 0x43, 0x08, 0x43, 0x08, 0x43, 0x08, 0x43, 0x08, 0x43, 0x08, 0x43, 0x08, 0x43, 0x08, 0x43, 0x08, 0x43, 0x08, 0x43, 0x08,
  0x83, 0x08, 0x43, 0x08, 0x43, 0x08, 0x43, 0x08, 0x06, 0x19, 0x43, 0x08, 0x43, 0x08, 0x43, 0x08, 0x43, 0x08, 0x43, 0x08, 0x43, 0x08, 0x06, 0x19, 0x43, 0x08, 0x43, 0x08, 0x43, 0x08, 0x43, 0x08,
  0x43, 0x08, 0x43, 0x08, 0x43, 0x08, 0x43, 0x08, 0x43, 0x08, 0x43, 0x08, 0x43, 0x08, 0x43, 0x08, 0x43, 0x08, 0x26, 0x19, 0x43, 0x08, 0x43, 0x08, 0x43, 0x08, 0x43, 0x08, 0x43, 0x08, 0x43, 0x08,
  0x83, 0x08, 0x43, 0x08, 0x43, 0x08, 0x43, 0x08, 0x43, 0x08, 0x43, 0x08, 0x43, 0x08, 0x43, 0x08, 0x43, 0x08, 0x43, 0x08, 0x43, 0x08, 0x43, 0x08, 0x43, 0x08, 0x43, 0x08, 0x26, 0x19, 0x43, 0x08,
  0x43, 0x08, 0x43, 0x08, 0x43, 0x08, 0x43, 0x08, 0x43, 0x08, 0x43, 0x08, 0x43, 0x08, 0x26, 0x19, 0x43, 0x08, 0x43, 0x08, 0x43, 0x08, 0x43, 0x08, 0x43, 0x08, 0x43, 0x08, 0x43, 0x08, 0x43, 0x08,
  0x83, 0x08, 0x43, 0x08, 0x43, 0x08, 0x43, 0x08, 0x43, 0x08, 0x43, 0x08, 0x43, 0x08, 0x43, 0x08, 0x43, 0x08, 0x43, 0x08, 0x27, 0x19, 0x43, 0x08, 0x43, 0x08, 0x43, 0x08, 0x43, 0x08, 0x43, 0x08,
  0x43, 0x08, 0x43, 0x08, 0x43, 0x08, 0x43, 0x08, 0x43, 0x08, 0x43, 0x08, 0x43, 0x08, 0x43, 0x08, 0x27, 0x19, 0x43, 0x08, 0x43, 0x08, 0x43, 0x08, 0x43, 0x08, 0x43, 0x08, 0x43, 0x08, 0x43, 0x08,
  0x83, 0x08, 0x43, 0x08, 0x43, 0x08, 0x43, 0x08, 0x43, 0x08, 0x43, 0x08, 0x27, 0x19, 0x43, 0x08, 0x43, 0x08, 0x43, 0x08, 0x43, 0x08, 0x43, 0x08, 0x43, 0x08, 0x43, 0x08, 0x43, 0x08, 0x43, 0x08,
  0x43, 0x08, 0x43, 0x08, 0x43, 0x08, 0x43, 0x08, 0x43, 0x08, 0x43, 0x08, 0x43, 0x08, 0x43, 0x08, 0x8f, 0x3a, 0x43, 0x08, 0x43, 0x08, 0x43, 0x08, 0x43, 0x08, 0x43, 0x08, 0x43, 0x08, 0x43, 0x08,
  0x47, 0x19, 0x43, 0x08, 0x26, 0x19, 0x43, 0x08, 0x43, 0x08, 0x43, 0x08, 0x43, 0x08, 0x43, 0x08, 0x43, 0x08, 0x43, 0x08, 0x43, 0x08, 0x43, 0x08, 0x43, 0x08, 0x43, 0x08, 0x43, 0x08, 0x43, 0x08,
  0x43, 0x08, 0x43, 0x08, 0x43, 0x08, 0x43, 0x08, 0x43, 0x08, 0x43, 0x08, 0x43, 0x08, 0x43, 0x08, 0x43, 0x08, 0x43, 0x08, 0x43, 0x08, 0x26, 0x19, 0x43, 0x08, 0x43, 0x08, 0x26, 0x19, 0x43, 0x08,
  0x83, 0x08, 0x43, 0x08, 0x43, 0x08, 0x43, 0x08, 0x43, 0x08, 0x43, 0x08, 0x43, 0x08, 0x43, 0x08, 0x43, 0x08, 0x43, 0x08, 0x43, 0x08, 0x43, 0x08, 0x43, 0x08, 0x43, 0x08, 0x43, 0x08, 0x43, 0x08,
  0x43, 0x08, 0x06, 0x19, 0x43, 0x08, 0x43, 0x08, 0x43, 0x08, 0x43, 0x08, 0x43, 0x08, 0x43, 0x08, 0x43, 0x08, 0x43, 0x08, 0x06, 0x19, 0x43, 0x08, 0x43, 0x08, 0x43, 0x08, 0x43, 0x08, 0x43, 0x08,
  0x83, 0x08, 0x43, 0x08, 0x43, 0x08, 0x43, 0x08, 0x43, 0x08, 0x43, 0x08, 0x43, 0x08, 0x43, 0x08, 0x05, 0x19, 0x43, 0x08, 0x43, 0x08, 0x43, 0x08, 0x43, 0x08, 0x43, 0x08, 0x43, 0x08, 0x43, 0x08,
  0x43, 0x08, 0x43, 0x08, 0x43, 0x08, 0x43, 0x08, 0x43, 0x08, 0x43, 0x08, 0x05, 0x19, 0x43, 0x08, 0x43, 0x08, 0x43, 0x08, 0x43, 0x08, 0x43, 0x08, 0x43, 0x08, 0x43, 0x08, 0x43, 0x08, 0x43, 0x08,
  0x83, 0x08, 0x43, 0x08, 0x43, 0x08, 0x43, 0x08, 0xe5, 0x10, 0x43, 0x08, 0x43, 0x08, 0x43, 0x08, 0x43, 0x08, 0x43, 0x08, 0x43, 0x08, 0x43, 0x08, 0x43, 0x08, 0x43, 0x08, 0x43, 0x08, 0x43, 0x08,
  0x43, 0x08, 0x43, 0x08, 0x43, 0x08, 0x43, 0x08, 0x43, 0x08, 0x43, 0x08, 0x43, 0x08, 0xe5, 0x10, 0x43, 0x08, 0x43, 0x08, 0x43, 0x08, 0x43, 0x08, 0x43, 0x08, 0x43, 0x08, 0x43, 0x08, 0x43, 0x08,
  0x83, 0x08, 0x43, 0x08, 0x43, 0x08, 0x43, 0x08, 0x43, 0x08, 0x43, 0x08, 0x43, 0x08, 0x43, 0x08, 0x43, 0x08, 0x43, 0x08, 0x43, 0x08, 0x43, 0x08, 0xe5, 0x10, 0x43, 0x08, 0x43, 0x08, 0x43, 0x08,
  0x43, 0x08, 0x43, 0x08, 0x43, 0x08, 0x43, 0x08, 0x43, 0x08, 0x43, 0x08, 0x43, 0x08, 0x43, 0x08, 0x43, 0x08, 0x43, 0x08, 0xe5, 0x10, 0x43, 0x08, 0x43, 0x08, 0x43, 0x08, 0x43, 0x08, 0x43, 0x08,
  0x83, 0x08, 0x43, 0x08, 0x43, 0x08, 0x43, 0x08, 0x43, 0x08, 0x43, 0x08, 0x05, 0x19, 0x43, 0x08, 0x43, 0x08, 0x43, 0x08, 0x43, 0x08, 0x43, 0x08, 0x43, 0x08, 0x43, 0x08, 0x05, 0x19, 0x43, 0x08,
  0x43, 0x08, 0x43, 0x08, 0x43, 0x08, 0x43, 0x08, 0x43, 0x08, 0x43, 0x08, 0x43, 0x08, 0x43, 0x08, 0x43, 0x08, 0x43, 0x08, 0x43, 0x08, 0x43, 0x08, 0x43, 0x08, 0x43, 0x08, 0x43, 0x08, 0x43, 0x08,
  0x83, 0x08, 0x43, 0x08, 0x43, 0x08, 0x43, 0x08, 0x06, 0x19, 0x43, 0x08, 0x43, 0x08, 0x43, 0x08, 0x43, 0x08, 0x43, 0x08, 0x43, 0x08, 0x43, 0x08, 0x06, 0x19, 0x43, 0x08, 0x43, 0x08, 0x43, 0x08,
  0x43, 0x08, 0x43, 0x08, 0x43, 0x08, 0x43, 0x08, 0x43, 0x08, 0x43, 0x08, 0x43, 0x08, 0x43, 0x08, 0x43, 0x08, 0x43, 0x08, 0x26, 0x19, 0x43, 0x08, 0x43, 0x08, 0x43, 0x08, 0x43, 0x08, 0x43, 0x08,
  0x83, 0x08, 0x43, 0x08, 0x43, 0x08, 0x43, 0x08, 0x43, 0x08, 0x43, 0x08, 0x43, 0x08, 0x43, 0x08, 0x43, 0x08, 0x43, 0x08, 0x43, 0x08, 0x43, 0x08, 0x43, 0x08, 0x43, 0x08, 0x26, 0x19, 0x43, 0x08,
  0x43, 0x08, 0x43, 0x08, 0x43, 0x08, 0x43, 0x08, 0x43, 0x08, 0x43, 0x08, 0x43, 0x08, 0x43, 0x08, 0x26, 0x19, 0x43, 0x08, 0x43, 0x08, 0x43, 0x08, 0x43, 0x08, 0x43, 0x08, 0x43, 0x08, 0x43, 0x08,
  0x83, 0x08, 0x43, 0x08, 0x43, 0x08, 0x43, 0x08, 0x43, 0x08, 0x43, 0x08, 0x43, 0x08, 0x43, 0x08, 0x43, 0x08, 0x43, 0x08, 0x27, 0x19, 0x43, 0x08, 0x43, 0x08, 0x43, 0x08, 0x43, 0x08, 0x43, 0x08,
  0x43, 0x08, 0x43, 0x08, 0x43, 0x08, 0x43, 0x08, 0x43, 0x08, 0x43, 0x08, 0x43, 0x08, 0x43, 0x08, 0x27, 0x19, 0x43, 0x08, 0x43, 0x08, 0x43, 0x08, 0x43, 0x08, 0x43, 0x08, 0x43, 0x08, 0x43, 0x08,
  0x83, 0x08, 0x43, 0x08, 0x43, 0x08, 0x43, 0x08, 0x43, 0x08, 0x43, 0x08, 0x27, 0x19, 0x43, 0x08, 0x43, 0x08, 0x43, 0x08, 0x43, 0x08, 0x43, 0x08, 0x43, 0x08, 0x43, 0x08, 0x43, 0x08, 0x43, 0x08,
  0x43, 0x08, 0x43, 0x08, 0x43, 0x08, 0x43, 0x08, 0x43, 0x08, 0x43, 0x08, 0x43, 0x08, 0x43, 0x08, 0x8f, 0x3a, 0x43, 0x08, 0x43, 0x08, 0x43, 0x08, 0x43, 0x08, 0x43, 0x08, 0x43, 0x08, 0x43, 0x08,
  0x47, 0x19, 0x43, 0x08, 0x26, 0x19, 0x43, 0x08, 0x43, 0x08, 0x43, 0x08, 0x43, 0x08, 0x43, 0x08, 0x43, 0x08, 0x43, 0x08, 0x43, 0x08, 0x43, 0x08, 0x43, 0x08, 0x43, 0x08, 0x43, 0x08, 0x43, 0x08,
  0x43, 0x08, 0x43, 0x08, 0x43, 0x08, 0x43, 0x08, 0x43, 0x08, 0x43, 0x08, 0x43, 0x08, 0x43, 0x08, 0x43, 0x08, 0x43, 0x08, 0x43, 0x08, 0x26, 0x19, 0x43, 0x08, 0x43, 0x08, 0x26, 0x19, 0x43, 0x08,
  0x83, 0x08, 0x43, 0x08, 0x43, 0x08, 0x43, 0x08, 0x43, 0x08, 0x43, 0x08, 0x43, 0x08, 0x43, 0x08, 0x43, 0x08, 0x43, 0x08, 0x43, 0x08, 0x43, 0x08, 0x43, 0x08, 0x43, 0x08, 0x43, 0x08, 0x43, 0x08,
  0x06, 0x19, 0x43, 0x08, 0x43, 0x08, 0x43, 0x08, 0x43, 0x08, 0x43, 0x08, 0x43, 0x08, 0x43, 0x08, 0x43, 0x08, 0x43, 0x08, 0x06, 0x19, 0x43, 0x08, 0x43, 0x08, 0x43, 0x08, 0x43, 0x08, 0x43, 0x08,
  0x83, 0x08, 0x43, 0x08, 0x43, 0x08, 0x43, 0x08, 0x43, 0x08, 0x43, 0x08, 0x43, 0x08, 0x43, 0x08, 0x05, 0x19, 0x43, 0x08, 0x43, 0x08, 0x43, 0x08, 0x43, 0x08, 0x43, 0x08, 0x43, 0x08, 0x43, 0x08,
  0x43, 0x08, 0x43, 0x08, 0x43, 0x08, 0x43, 0x08, 0x43, 0x08, 0x43, 0x08, 0x05, 0x19, 0x43, 0x08, 0x43, 0x08, 0x43, 0x08, 0x43, 0x08, 0x43, 0x08, 0x43, 0x08, 0x43, 0x08, 0x43, 0x08, 0x43, 0x08,
  0x83, 0x08, 0x43, 0x08, 0x43, 0x08, 0x43, 0x08, 0xe5, 0x10, 0x43, 0x08, 0x43, 0x08, 0x43, 0x08, 0x43, 0x08, 0x43, 0x08, 0x43, 0x08, 0x43, 0x08, 0x43, 0x08, 0x43, 0x08, 0x43, 0x08, 0x43, 0x08,
  0x43, 0x08, 0x43, 0x08, 0x43, 0x08, 0x43, 0x08, 0x43, 0x08, 0x43, 0x08, 0xe5, 0x10, 0x43, 0x08, 0x43, 0x08, 0x43, 0x08, 0x43, 0x08, 0x43, 0x08, 0x43, 0x08, 0x43, 0x08, 0x43, 0x08, 0x43, 0x08,
  0x83, 0x08, 0x43, 0x08, 0x43, 0x08, 0x43, 0x08, 0x43, 0x08, 0x43, 0x08, 0x43, 0x08, 0x43, 0x08, 0x43, 0x08, 0x43, 0x08, 0x43, 0x08, 0x43, 0x08, 0xe5, 0x10, 0x43, 0x08, 0x43, 0x08, 0x43, 0x08,
  0x43, 0x08, 0x43, 0x08, 0x43, 0x08, 0x43, 0x08, 0x43, 0x08, 0x43, 0x08, 0x43, 0x08, 0x43, 0x08, 0x43, 0x08, 0x43, 0x08, 0xe5, 0x10, 0x43, 0x08, 0x43, 0x08, 0x43, 0x08, 0x43, 0x08, 0x43, 0x08,
  0x83, 0x08, 0x43, 0x08, 0x43, 0x08, 0x43, 0x08, 0x43, 0x08, 0x43, 0x08, 0x43, 0x08, 0x05, 0x19, 0x43, 0x08, 0x43, 0x08, 0x43, 0x08, 0x43, 0x08, 0x43, 0x08, 0x43, 0x08, 0x43, 0x08, 0x05, 0x19,
  0x43, 0x08, 0x43, 0x08, 0x43, 0x08, 0x43, 0x08, 0x43, 0x08, 0x43, 0x08, 0x43, 0x08, 0x43, 0x08, 0x43, 0x08, 0x43, 0x08, 0x43, 0x08, 0x43, 0x08, 0x43, 0x08, 0x43, 0x08, 0x43, 0x08, 0x43, 0x08,
  0x83, 0x08, 0x43, 0x08, 0x43, 0x08, 0x43, 0x08, 0x06, 0x19, 0x43, 0x08, 0x43, 0x08, 0x43, 0x08, 0x43, 0x08, 0x43, 0x08, 0x43, 0x08, 0x43, 0x08, 0x43, 0x08, 0x06, 0x19, 0x43, 0x08, 0x43, 0x08,
  0x43, 0x08, 0x43, 0x08, 0x43, 0x08, 0x43, 0x08, 0x43, 0x08, 0x43, 0x08, 0x43, 0x08, 0x43, 0x08, 0x43, 0x08, 0x43, 0x08, 0x43, 0x08, 0x26, 0x19, 0x43, 0x08, 0x43, 0x08, 0x43, 0x08, 0x43, 0x08,
  0x83, 0x08, 0x43, 0x08, 0x43, 0x08, 0x43, 0x08, 0x43, 0x08, 0x43, 0x08, 0x43, 0x08, 0x43, 0x08, 0x43, 0x08, 0x43, 0x08, 0x43, 0x08, 0x43, 0x08, 0x43, 0x08, 0x43, 0x08, 0x26, 0x19, 0x43, 0x08,
  0x43, 0x08, 0x43, 0x08, 0x43, 0x08, 0x43, 0x08, 0x43, 0x08, 0x43, 0x08, 0x43, 0x08, 0x43, 0x08, 0x43, 0x08, 0x26, 0x19, 0x43, 0x08, 0x43, 0x08, 0x43, 0x08, 0x43, 0x08, 0x43, 0x08, 0x43, 0x08,
  0x83, 0x08, 0x43, 0x08, 0x43, 0x08, 0x43, 0x08, 0x43, 0x08, 0x43, 0x08, 0x43, 0x08, 0x43, 0x08, 0x43, 0x08, 0x43, 0x08, 0x27, 0x19, 0x43, 0x08, 0x43, 0x08, 0x43, 0x08, 0x43, 0x08, 0x43, 0x08,
  0x43, 0x08, 0x43, 0x08, 0x43, 0x08, 0x43, 0x08, 0x43, 0x08, 0x43, 0x08, 0x43, 0x08, 0x43, 0x08, 0x27, 0x19, 0x43, 0x08, 0x43, 0x08, 0x43, 0x08, 0x43, 0x08, 0x43, 0x08, 0x43, 0x08, 0x43, 0x08,
  0x83, 0x08, 0x43, 0x08, 0x43, 0x08, 0x43, 0x08, 0x43, 0x08, 0x43, 0x08, 0x27, 0x19, 0x43, 0x08, 0x43, 0x08, 0x43, 0x08, 0x43, 0x08, 0x43, 0x08, 0x43, 0x08, 0x43, 0x08, 0x43, 0x08, 0x43, 0x08,
  0x43, 0x08, 0x43, 0x08, 0x43, 0x08, 0x43, 0x08, 0x43, 0x08, 0x43, 0x08, 0x43, 0x08, 0x43, 0x08, 0x8f, 0x3a, 0x43, 0x08, 0x43, 0x08, 0x43, 0x08, 0x43, 0x08, 0x43, 0x08, 0x43, 0x08, 0x43, 0x08,
  0x47, 0x19, 0x43, 0x08, 0x26, 0x19, 0x43, 0x08, 0x43, 0x08, 0x43, 0x08, 0x43, 0x08, 0x43, 0x08, 0x43, 0x08, 0x43, 0x08, 0x43, 0x08, 0x43, 0x08, 0x43, 0x08, 0x43, 0x08, 0x43, 0x08, 0x43, 0x08,
  0x43, 0x08, 0x43, 0x08, 0x43, 0x08, 0x43, 0x08, 0x43, 0x08, 0x43, 0x08, 0x43, 0x08, 0x43, 0x08, 0x43, 0x08, 0x43, 0x08, 0x43, 0x08, 0x26, 0x19, 0x43, 0x08, 0x43, 0x08, 0x26, 0x19, 0x43, 0x08,
  0x83, 0x08, 0x43, 0x08, 0x43, 0x08, 0x43, 0x08, 0x43, 0x08, 0x43, 0x08, 0x43, 0x08, 0x43, 0x08, 0x43, 0x08, 0x43, 0x08, 0x43, 0x08, 0x43, 0x08, 0x43, 0x08, 0x43, 0x08, 0x43, 0x08, 0x06, 0x19,
  0x43, 0x08, 0x43, 0x08, 0x43, 0x08, 0x43, 0x08, 0x43, 0x08, 0x43, 0x08, 0x43, 0x08, 0x43, 0x08, 0x43, 0x08, 0x43, 0x08, 0x06, 0x19, 0x43, 0x08, 0x43, 0x08, 0x43, 0x08, 0x43, 0x08, 0x43, 0x08,
  0x83, 0x08, 0x43, 0x08, 0x43, 0x08, 0x43, 0x08, 0x43, 0x08, 0x43, 0x08, 0x43, 0x08, 0x43, 0x08, 0x05, 0x19, 0x43, 0x08, 0x43, 0x08, 0x43, 0x08, 0x43, 0x08, 0x43, 0x08, 0x43, 0x08, 0x43, 0x08,
  0x43, 0x08, 0x43, 0x08, 0x43, 0x08, 0x43, 0x08, 0x43, 0x08, 0x43, 0x08, 0x05, 0x19, 0x43, 0x08, 0x43, 0x08, 0x43, 0x08, 0x43, 0x08, 0x43, 0x08, 0x43, 0x08, 0x43, 0x08, 0x43, 0x08, 0x43, 0x08,
  0x83, 0x08, 0x43, 0x08, 0x43, 0x08, 0x43, 0x08, 0xe5, 0x10, 0x43, 0x08, 0x43, 0x08, 0x43, 0x08, 0x43, 0x08, 0x43, 0x08, 0x43, 0x08, 0x43, 0x08, 0x43, 0x08, 0x43, 0x08, 0x43, 0x08, 0x43, 0x08,
  0x43, 0x08, 0x43, 0x08, 0x43, 0x08, 0x43, 0x08, 0x43, 0x08, 0xe5, 0x10, 0x43, 0x08, 0x43, 0x08, 0x43, 0x08, 0x43, 0x08, 0x43, 0x08, 0x43, 0x08, 0x43, 0x08, 0x43, 0x08, 0x43, 0x08, 0x43, 0x08,
  0x83, 0x08, 0x43, 0x08, 0x43, 0x08, 0x43, 0x08, 0x43, 0x08, 0x43, 0x08, 0x43, 0x08, 0x43, 0x08, 0x43, 0x08, 0x43, 0x08, 0x43, 0x08, 0x43, 0x08, 0xe5, 0x10, 0x43, 0x08, 0x43, 0x08, 0x43, 0x08,
  0x43, 0x08, 0x43, 0x08, 0x43, 0x08, 0x43, 0x08, 0x43, 0x08, 0x43, 0x08, 0x43, 0x08, 0x43, 0x08, 0x43, 0x08, 0x43, 0x08, 0xe5, 0x10, 0x43, 0x08, 0x43, 0x08, 0x43, 0x08, 0x43, 0x08, 0x43, 0x08,
  0x83, 0x08, 0x43, 0x08, 0x43, 0x08, 0x43, 0x08, 0x43, 0x08, 0x43, 0x08, 0x43, 0x08, 0x43, 0x08, 0x05, 0x19, 0x43, 0x08, 0x43, 0x08, 0x43, 0x08, 0x43, 0x08, 0x43, 0x08, 0x43, 0x08, 0x43, 0x08,
  0x05, 0x19, 0x43, 0x08, 0x43, 0x08, 0x43, 0x08, 0x43, 0x08, 0x43, 0x08, 0x43, 0x08, 0x43, 0x08, 0x43, 0x08, 0x43, 0x08, 0x43, 0x08, 0x43, 0x08, 0x43, 0x08, 0x43, 0x08, 0x43, 0x08, 0x43, 0x08,
  0x83, 0x08, 0x43, 0x08, 0x43, 0x08, 0x43, 0x08, 0x06, 0x19, 0x43, 0x08, 0x43, 0x08, 0x43, 0x08, 0x43, 0x08, 0x43, 0x08, 0x43, 0x08, 0x43, 0x08, 0x43, 0x08, 0x43, 0x08, 0x06, 0x19, 0x43, 0x08,
  0x43, 0x08, 0x43, 0x08, 0x43, 0x08, 0x43, 0x08, 0x43, 0x08, 0x43, 0x08, 0x43, 0x08, 0x43, 0x08, 0x43, 0x08, 0x43, 0x08, 0x43, 0x08, 0x43, 0x08, 0x26, 0x19, 0x43, 0x08, 0x43, 0x08, 0x43, 0x08,
  0x83, 0x08, 0x43, 0x08, 0x43, 0x08, 0x43, 0x08, 0x43, 0x08, 0x43, 0x08, 0x43, 0x08, 0x43, 0x08, 0x43, 0x08, 0x43, 0x08, 0x43, 0x08, 0x43, 0x08, 0x43, 0x08, 0x43, 0x08, 0x26, 0x19, 0x43, 0x08,
  0x43, 0x08, 0x43, 0x08, 0x43, 0x08, 0x43, 0x08, 0x43, 0x08, 0x43, 0x08, 0x43, 0x08, 0x43, 0x08, 0x43, 0x08, 0x43, 0x08, 0x26, 0x19, 0x43, 0x08, 0x43, 0x08, 0x43, 0x08, 0x43, 0x08, 0x43, 0x08,
  0x83, 0x08, 0x43, 0x08, 0x43, 0x08, 0x43, 0x08, 0x43, 0x08, 0x43, 0x08, 0x43, 0x08, 0x43, 0x08, 0x43, 0x08, 0x43, 0x08, 0x27, 0x19, 0x43, 0x08, 0x43, 0x08, 0x43, 0x08, 0x43, 0x08, 0x43, 0x08,
  0x43, 0x08, 0x43, 0x08, 0x43, 0x08, 0x43, 0x08, 0x43, 0x08, 0x43, 0x08, 0x43, 0x08, 0x43, 0x08, 0x27, 0x19, 0x43, 0x08, 0x43, 0x08, 0x43, 0x08, 0x43, 0x08, 0x43, 0x08, 0x43, 0x08, 0x43, 0x08,
  0x83, 0x08, 0x43, 0x08, 0x43, 0x08, 0x43, 0x08, 0x43, 0x08, 0x43, 0x08, 0x27, 0x19, 0x43, 0x08, 0x43, 0x08, 0x43, 0x08, 0x43, 0x08, 0x43, 0x08, 0x43, 0x08, 0x43, 0x08, 0x43, 0x08, 0x43, 0x08,
  0x43, 0x08, 0x43, 0x08, 0x43, 0x08, 0x43, 0x08, 0x43, 0x08, 0x43, 0x08, 0x43, 0x08, 0x43, 0x08, 0x8f, 0x3a, 0x43, 0x08, 0x43, 0x08, 0x43, 0x08, 0x43, 0x08, 0x43, 0x08, 0x43, 0x08, 0x43, 0x08,
  0x47, 0x19, 0x43, 0x08, 0x26, 0x19, 0x43, 0x08, 0x43, 0x08, 0x43, 0x08, 0x43, 0x08, 0x43, 0x08, 0x43, 0x08, 0x43, 0x08, 0x43, 0x08, 0x43, 0x08, 0x43, 0x08, 0x43, 0x08, 0x43, 0x08, 0x43, 0x08,
  0x43, 0x08, 0x43, 0x08, 0x43, 0x08, 0x43, 0x08, 0x43, 0x08, 0x43, 0x08, 0x43, 0x08, 0x43, 0x08, 0x43, 0x08, 0x43, 0x08, 0x26, 0x19, 0x43, 0x08, 0x43, 0x08, 0x43, 0x08, 0x26, 0x19, 0x43, 0x08,
  0x83, 0x08, 0x43, 0x08, 0x43, 0x08, 0x43, 0x08, 0x43, 0x08, 0x43, 0x08, 0x43, 0x08, 0x43, 0x08, 0x43, 0x08, 0x43, 0x08, 0x43, 0x08, 0x43, 0x08, 0x43, 0x08, 0x43, 0x08, 0x06, 0x19, 0x43, 0x08,
  0x43, 0x08, 0x43, 0x08, 0x43, 0x08, 0x43, 0x08, 0x43, 0x08, 0x43, 0x08, 0x43, 0x08, 0x43, 0x08, 0x43, 0x08, 0x43, 0x08, 0x06, 0x19, 0x43, 0x08, 0x43, 0x08, 0x43, 0x08, 0x43, 0x08, 0x43, 0x08,
  0x83, 0x08, 0x43, 0x08, 0x43, 0x08, 0x43, 0x08, 0x43, 0x08, 0x43, 0x08, 0x43, 0x08, 0x43, 0x08, 0x05, 0x19, 0x43, 0x08, 0x43, 0x08, 0x43, 0x08, 0x43, 0x08, 0x43, 0x08, 0x43, 0x08, 0x43, 0x08,
  0x43, 0x08, 0x43, 0x08, 0x43, 0x08, 0x43, 0x08, 0x43, 0x08, 0x43, 0x08, 0x05, 0x19, 0x43, 0x08, 0x43, 0x08, 0x43, 0x08, 0x43, 0x08, 0x43, 0x08, 0x43, 0x08, 0x43, 0x08, 0x43, 0x08, 0x43, 0x08,
  0x83, 0x08, 0x43, 0x08, 0x43, 0x08, 0x43, 0x08, 0xe5, 0x10, 0x43, 0x08, 0x43, 0x08, 0x43, 0x08, 0x43, 0x08, 0x43, 0x08, 0x43, 0x08, 0x43, 0x08, 0x43, 0x08, 0x43, 0x08, 0x43, 0x08, 0x43, 0x08,
  0x43, 0x08, 0x43, 0x08, 0x43, 0x08, 0x43, 0x08, 0xe5, 0x10, 0x43, 0x08, 0x43, 0x08, 0x43, 0x08, 0x43, 0x08, 0x43, 0x08, 0x43, 0x08, 0x43, 0x08, 0x43, 0x08, 0x43, 0x08, 0x43, 0x08, 0x43, 0x08,
  0x83, 0x08, 0x43, 0x08, 0x43, 0x08, 0x43, 0x08, 0x43, 0x08, 0x43, 0x08, 0x43, 0x08, 0x43, 0x08, 0x43, 0x08, 0x43, 0x08, 0x43, 0x08, 0x43, 0x08, 0xe5, 0x10, 0x43, 0x08, 0x43, 0x08, 0x43, 0x08,
  0x43, 0x08, 0x43, 0x08, 0x43, 0x08, 0x43, 0x08, 0x43, 0x08, 0x43, 0x08, 0x43, 0x08, 0x43, 0x08, 0x43, 0x08, 0x43, 0x08, 0xe5, 0x10, 0x43, 0x08, 0x43, 0x08, 0x43, 0x08, 0x43, 0x08, 0x43, 0x08,
  0x83, 0x08, 0x43, 0x08, 0x43, 0x08, 0x43, 0x08, 0x43, 0x08, 0x43, 0x08, 0x43, 0x08, 0x43, 0x08, 0x05, 0x11, 0x43, 0x08, 0x43, 0x08, 0x43, 0x08, 0x43, 0x08, 0x43, 0x08, 0x43, 0x08, 0x43, 0x08,
  0x43, 0x08, 0x05, 0x19, 0x43, 0x08, 0x43, 0x08, 0x43, 0x08, 0x43, 0x08, 0x43, 0x08, 0x43, 0x08, 0x43, 0x08, 0x43, 0x08, 0x43, 0x08, 0x43, 0x08, 0x43, 0x08, 0x43, 0x08, 0x43, 0x08, 0x43, 0x08,
  0x83, 0x08, 0x43, 0x08, 0x43, 0x08, 0x43, 0x08, 0x06, 0x19, 0x43, 0x08, 0x43, 0x08, 0x43, 0x08, 0x43, 0x08, 0x43, 0x08, 0x43, 0x08, 0x43, 0x08, 0x43, 0x08, 0x43, 0x08, 0x43, 0x08, 0x06, 0x19,
  0x43, 0x08, 0x43, 0x08, 0x43, 0x08, 0x43, 0x08, 0x43, 0x08, 0x43, 0x08, 0x43, 0x08, 0x43, 0x08, 0x43, 0x08, 0x43, 0x08, 0x43, 0x08, 0x43, 0x08, 0x43, 0x08, 0x26, 0x19, 0x43, 0x08, 0x43, 0x08,
  0x83, 0x08, 0x43, 0x08, 0x43, 0x08, 0x43, 0x08, 0x43, 0x08, 0x43, 0x08, 0x43, 0x08, 0x43, 0x08, 0x43, 0x08, 0x43, 0x08, 0x43, 0x08, 0x43, 0x08, 0x43, 0x08, 0x43, 0x08, 0x26, 0x19, 0x43, 0x08,
  0x43, 0x08, 0x43, 0x08, 0x43, 0x08, 0x43, 0x08, 0x43, 0x08, 0x43, 0x08, 0x43, 0x08, 0x43, 0x08, 0x43, 0x08, 0x43, 0x08, 0x43, 0x08, 0x26, 0x19, 0x43, 0x08, 0x43, 0x08, 0x43, 0x08, 0x43, 0x08,
  0x83, 0x08, 0x43, 0x08, 0x43, 0x08, 0x43, 0x08, 0x43, 0x08, 0x43, 0x08, 0x43, 0x08, 0x43, 0x08, 0x43, 0x08, 0x43, 0x08, 0x27, 0x19, 0x43, 0x08, 0x43, 0x08, 0x43, 0x08, 0x43, 0x08, 0x43, 0x08,
  0x43, 0x08, 0x43, 0x08, 0x43, 0x08, 0x43, 0x08, 0x43, 0x08, 0x43, 0x08, 0x43, 0x08, 0x43, 0x08, 0x27, 0x19, 0x43, 0x08, 0x43, 0x08, 0x43, 0x08, 0x43, 0x08, 0x43, 0x08, 0x43, 0x08, 0x43, 0x08,
  0x83, 0x08, 0x43, 0x08, 0x43, 0x08, 0x43, 0x08, 0x43, 0x08, 0x43, 0x08, 0x27, 0x19, 0x43, 0x08, 0x43, 0x08, 0x43, 0x08, 0x43, 0x08, 0x43, 0x08, 0x43, 0x08, 0x43, 0x08, 0x43, 0x08, 0x43, 0x08,
  0x43, 0x08, 0x43, 0x08, 0x43, 0x08, 0x43, 0x08, 0x43, 0x08, 0x43, 0x08, 0x43, 0x08, 0x43, 0x08, 0x8f, 0x3a, 0x43, 0x08, 0x43, 0x08, 0x43, 0x08, 0x43, 0x08, 0x43, 0x08, 0x43, 0x08, 0x43, 0x08,
  0x47, 0x19, 0x43, 0x08, 0x26, 0x19, 0x43, 0x08, 0x43, 0x08, 0x43, 0x08, 0x43, 0x08, 0x43, 0x08, 0x43, 0x08, 0x43, 0x08, 0x43, 0x08, 0x43, 0x08, 0x43, 0x08, 0x43, 0x08, 0x43, 0x08, 0x43, 0x08,
  0x43, 0x08, 0x43, 0x08, 0x43, 0x08, 0x43, 0x08, 0x43, 0x08, 0x43, 0x08, 0x43, 0x08, 0x43, 0x08, 0x43, 0x08, 0x26, 0x19, 0x43, 0x08, 0x43, 0x08, 0x43, 0x08, 0x43, 0x08, 0x26, 0x19, 0x43, 0x08,
  0x83, 0x08, 0x43, 0x08, 0x43, 0x08, 0x43, 0x08, 0x43, 0x08, 0x43, 0x08, 0x43, 0x08, 0x43, 0x08, 0x43, 0x08, 0x43, 0x08, 0x43, 0x08, 0x43, 0x08, 0x43, 0x08, 0x06, 0x19, 0x43, 0x08, 0x43, 0x08,
  0x43, 0x08, 0x43, 0x08, 0x43, 0x08, 0x43, 0x08, 0x43, 0x08, 0x43, 0x08, 0x43, 0x08, 0x43, 0x08, 0x43, 0x08, 0x43, 0x08, 0x06, 0x19, 0x43, 0x08, 0x43, 0x08, 0x43, 0x08, 0x43, 0x08, 0x43, 0x08,
  0x83, 0x08, 0x43, 0x08, 0x43, 0x08, 0x43, 0x08, 0x43, 0x08, 0x43, 0x08, 0x43, 0x08, 0x43, 0x08, 0x05, 0x19, 0x43, 0x08, 0x43, 0x08, 0x43, 0x08, 0x43, 0x08, 0x43, 0x08, 0x43, 0x08, 0x43, 0x08,
  0x43, 0x08, 0x43, 0x08, 0x43, 0x08, 0x43, 0x08, 0x43, 0x08, 0x43, 0x08, 0x05, 0x11, 0x43, 0x08, 0x43, 0x08, 0x43, 0x08, 0x43, 0x08, 0x43, 0x08, 0x43, 0x08, 0x43, 0x08, 0x43, 0x08, 0x43, 0x08,
  0x83, 0x08, 0x43, 0x08, 0x43, 0x08, 0x43, 0x08, 0xe5, 0x10, 0x43, 0x08, 0x43, 0x08, 0x43, 0x08, 0x43, 0x08, 0x43, 0x08, 0x43, 0x08, 0x43, 0x08, 0x43, 0x08, 0x43, 0x08, 0x43, 0x08, 0x43, 0x08,
  0x43, 0x08, 0x43, 0x08, 0x43, 0x08, 0xe5, 0x10, 0x43, 0x08, 0x43, 0x08, 0x43, 0x08, 0x43, 0x08, 0x43, 0x08, 0x43, 0x08, 0x43, 0x08, 0x43, 0x08, 0x43, 0x08, 0x43, 0x08, 0x43, 0x08, 0x43, 0x08,
  0x83, 0x08, 0x43, 0x08, 0x43, 0x08, 0x43, 0x08, 0x43, 0x08, 0x43, 0x08, 0x43, 0x08, 0x43, 0x08, 0x43, 0x08, 0x43, 0x08, 0x43, 0x08, 0x43, 0x08, 0xe5, 0x10, 0x43, 0x08, 0x43, 0x08, 0x43, 0x08,
  0x43, 0x08, 0x43, 0x08, 0x43, 0x08, 0x43, 0x08, 0x43, 0x08, 0x43, 0x08, 0x43, 0x08, 0x43, 0x08, 0x43, 0x08, 0x43, 0x08, 0xe5, 0x10, 0x43, 0x08, 0x43, 0x08, 0x43, 0x08, 0x43, 0x08, 0x43, 0x08,
  0x83, 0x08, 0x43, 0x08, 0x43, 0x08, 0x43, 0x08, 0x43, 0x08, 0x43, 0x08, 0x43, 0x08, 0x43, 0x08, 0x05, 0x11, 0x43, 0x08, 0x43, 0x08, 0x43, 0x08, 0x43, 0x08, 0x43, 0x08, 0x43, 0x08, 0x43, 0x08,
  0x43, 0x08, 0x43, 0x08, 0x05, 0x19, 0x43, 0x08, 0x43, 0x08, 0x43, 0x08, 0x43, 0x08, 0x43, 0x08, 0x43, 0x08, 0x43, 0x08, 0x43, 0x08, 0x43, 0x08, 0x43, 0x08, 0x43, 0x08, 0x43, 0x08, 0x43, 0x08,
  0x83, 0x08, 0x43, 0x08, 0x43, 0x08, 0x43, 0x08, 0x06, 0x19, 0x43, 0x08, 0x43, 0x08, 0x43, 0x08, 0x43, 0x08, 0x43, 0x08, 0x43, 0x08, 0x43, 0x08, 0x43, 0x08, 0x43, 0x08, 0x43, 0x08, 0x43, 0x08,
  0x06, 0x19, 0x43, 0x08, 0x43, 0x08, 0x43, 0x08, 0x43, 0x08, 0x43, 0x08, 0x43, 0x08, 0x43, 0x08, 0x43, 0x08, 0x43, 0x08, 0x43, 0x08, 0x43, 0x08, 0x43, 0x08, 0x43, 0x08, 0x26, 0x19, 0x43, 0x08,
  0x83, 0x08, 0x43, 0x08, 0x43, 0x08, 0x43, 0x08, 0x43, 0x08, 0x43, 0x08, 0x43, 0x08, 0x43, 0x08, 0x43, 0x08, 0x43, 0x08, 0x43, 0x08, 0x43, 0x08, 0x43, 0x08, 0x43, 0x08, 0x26, 0x19, 0x43, 0x08,
  0x43, 0x08, 0x43, 0x08, 0x43, 0x08, 0x43, 0x08, 0x43, 0x08, 0x43, 0x08, 0x43, 0x08, 0x43, 0x08, 0x43, 0x08, 0x43, 0x08, 0x43, 0x08, 0x43, 0x08, 0x26, 0x19, 0x43, 0x08, 0x43, 0x08, 0x43, 0x08,
  0x83, 0x08, 0x43, 0x08, 0x43, 0x08, 0x43, 0x08, 0x43, 0x08, 0x43, 0x08, 0x43, 0x08, 0x43, 0x08, 0x43, 0x08, 0x43, 0x08, 0x27, 0x19, 0x43, 0x08, 0x43, 0x08, 0x43, 0x08, 0x43, 0x08, 0x43, 0x08,
  0x43, 0x08, 0x43, 0x08, 0x43, 0x08, 0x43, 0x08, 0x43, 0x08, 0x43, 0x08, 0x43, 0x08, 0x43, 0x08, 0x27, 0x19, 0x43, 0x08, 0x43, 0x08, 0x43, 0x08, 0x43, 0x08, 0x43, 0x08, 0x43, 0x08, 0x43, 0x08,
  0x83, 0x08, 0x43, 0x08, 0x43, 0x08, 0x43, 0x08, 0x43, 0x08, 0x43, 0x08, 0x27, 0x19, 0x43, 0x08, 0x43, 0x08, 0x43, 0x08, 0x43, 0x08, 0x43, 0x08, 0x43, 0x08, 0x43, 0x08, 0x43, 0x08, 0x43, 0x08,
  0x43, 0x08, 0x43, 0x08, 0x43, 0x08, 0x43, 0x08, 0x43, 0x08, 0x43, 0x08, 0x43, 0x08, 0x43, 0x08, 0x8f, 0x3a, 0x43, 0x08, 0x43, 0x08, 0x43, 0x08, 0x43, 0x08, 0x43, 0x08, 0x43, 0x08, 0x27, 0x19,
  0x83, 0x08, 0x43, 0x08, 0x26, 0x19, 0x43, 0x08, 0x43, 0x08, 0x43, 0x08, 0x43, 0x08, 0x43, 0x08, 0x43, 0x08, 0x43, 0x08, 0x43, 0x08, 0x43, 0x08, 0x43, 0x08, 0x43, 0x08, 0x43, 0x08, 0x43, 0x08,
  0x43, 0x08, 0x43, 0x08, 0x43, 0x08, 0x43, 0x08, 0x43, 0x08, 0x43, 0x08, 0x43, 0x08, 0x43, 0x08, 0x26, 0x19, 0x43, 0x08, 0x43, 0x08, 0x43, 0x08, 0x43, 0x08, 0x43, 0x08, 0x26, 0x19, 0x43, 0x08,
  0x83, 0x08, 0x43, 0x08, 0x43, 0x08, 0x43, 0x08, 0x43, 0x08, 0x43, 0x08, 0x43, 0x08, 0x43, 0x08, 0x43, 0x08, 0x43, 0x08, 0x43, 0x08, 0x43, 0x08, 0x06, 0x19, 0x43, 0x08, 0x43, 0x08, 0x43, 0x08,
  0x43, 0x08, 0x43, 0x08, 0x43, 0x08, 0x43, 0x08, 0x43, 0x08, 0x43, 0x08, 0x43, 0x08, 0x43, 0x08, 0x43, 0x08, 0x43, 0x08, 0x06, 0x19, 0x43, 0x08, 0x43, 0x08, 0x43, 0x08, 0x43, 0x08, 0x43, 0x08,
  0x83, 0x08, 0x43, 0x08, 0x43, 0x08, 0x43, 0x08, 0x43, 0x08, 0x43, 0x08, 0x43, 0x08, 0x43, 0x08, 0x05, 0x19, 0x43, 0x08, 0x43, 0x08, 0x43, 0x08, 0x43, 0x08, 0x43, 0x08, 0x43, 0x08, 0x43, 0x08,
  0x43, 0x08, 0x43, 0x08, 0x43, 0x08, 0x43, 0x08, 0x43, 0x08, 0x43, 0x08, 0x05, 0x11, 0x43, 0x08, 0x43, 0x08, 0x43, 0x08, 0x43, 0x08, 0x43, 0x08, 0x43, 0x08, 0x43, 0x08, 0x43, 0x08, 0x43, 0x08,
  0x83, 0x08, 0x43, 0x08, 0x43, 0x08, 0x43, 0x08, 0xe5, 0x10, 0x43, 0x08, 0x43, 0x08, 0x43, 0x08, 0x43, 0x08, 0x43, 0x08, 0x43, 0x08, 0x43, 0x08, 0x43, 0x08, 0x43, 0x08, 0x43, 0x08, 0x43, 0x08,
  0x43, 0x08, 0x43, 0x08, 0xe5, 0x10, 0x43, 0x08, 0x43, 0x08, 0x43, 0x08, 0x43, 0x08, 0x43, 0x08, 0x43, 0x08, 0x43, 0x08, 0x43, 0x08, 0x43, 0x08, 0x43, 0x08, 0x43, 0x08, 0x43, 0x08, 0x43, 0x08,
  0x83, 0x08, 0x42, 0x08, 0x42, 0x08, 0x42, 0x08, 0x42, 0x08, 0x42, 0x08, 0x42, 0x08, 0x42, 0x08, 0x42, 0x08, 0x42, 0x08, 0x42, 0x08, 0x42, 0x08, 0xe5, 0x10, 0x42, 0x08, 0x42, 0x08, 0x42, 0x08,
  0x42, 0x08, 0x42, 0x08, 0x42, 0x08, 0x42, 0x08, 0x42, 0x08, 0x42, 0x08, 0x42, 0x08, 0x42, 0x08, 0x42, 0x08, 0x42, 0x08, 0xe5, 0x10, 0x42, 0x08, 0x42, 0x08, 0x42, 0x08, 0x42, 0x08, 0x42, 0x08,
  0x83, 0x08, 0x42, 0x08, 0x42, 0x08, 0x42, 0x08, 0x42, 0x08, 0x42, 0x08, 0x42, 0x08, 0x42, 0x08, 0x05, 0x11, 0x42, 0x08, 0x42, 0x08, 0x42, 0x08, 0x42, 0x08, 0x42, 0x08, 0x42, 0x08, 0x42, 0x08,
  0x42, 0x08, 0x42, 0x08, 0x42, 0x08, 0x05, 0x19, 0x42, 0x08, 0x42, 0x08, 0x42, 0x08, 0x42, 0x08, 0x42, 0x08, 0x42, 0x08, 0x42, 0x08, 0x42, 0x08, 0x42, 0x08, 0x42, 0x08, 0x42, 0x08, 0x42, 0x08,
  0x83, 0x08, 0x42, 0x08, 0x42, 0x08, 0x42, 0x08, 0x05, 0x19, 0x42, 0x08, 0x42, 0x08, 0x42, 0x08, 0x42, 0x08, 0x42, 0x08, 0x42, 0x08, 0x42, 0x08, 0x42, 0x08, 0x42, 0x08, 0x42, 0x08, 0x42, 0x08,
  0x42, 0x08, 0x06, 0x19, 0x42, 0x08, 0x42, 0x08, 0x42, 0x08, 0x42, 0x08, 0x42, 0x08, 0x42, 0x08, 0x42, 0x08, 0x42, 0x08, 0x42, 0x08, 0x42, 0x08, 0x42, 0x08, 0x42, 0x08, 0x42, 0x08, 0x26, 0x19,
  0x83, 0x08, 0x42, 0x08, 0x42, 0x08, 0x42, 0x08, 0x42, 0x08, 0x42, 0x08, 0x42, 0x08, 0x42, 0x08, 0x42, 0x08, 0x42, 0x08, 0x42, 0x08, 0x42, 0x08, 0x42, 0x08, 0x42, 0x08, 0x26, 0x19, 0x42, 0x08,
  0x42, 0x08, 0x42, 0x08, 0x42, 0x08, 0x42, 0x08, 0x42, 0x08, 0x42, 0x08, 0x42, 0x08, 0x42, 0x08, 0x42, 0x08, 0x42, 0x08, 0x42, 0x08, 0x42, 0x08, 0x26, 0x19, 0x42, 0x08, 0x42, 0x08, 0x42, 0x08,
  0x83, 0x08, 0x42, 0x08, 0x42, 0x08, 0x42, 0x08, 0x42, 0x08, 0x42, 0x08, 0x42, 0x08, 0x42, 0x08, 0x42, 0x08, 0x42, 0x08, 0x27, 0x19, 0x42, 0x08, 0x42, 0x08, 0x42, 0x08, 0x42, 0x08, 0x42, 0x08,
  0x42, 0x08, 0x42, 0x08, 0x42, 0x08, 0x42, 0x08, 0x42, 0x08, 0x42, 0x08, 0x42, 0x08, 0x42, 0x08, 0x27, 0x19, 0x42, 0x08, 0x42, 0x08, 0x42, 0x08, 0x42, 0x08, 0x42, 0x08, 0x42, 0x08, 0x42, 0x08,
  0x83, 0x08, 0x42, 0x08, 0x42, 0x08, 0x42, 0x08, 0x42, 0x08, 0x42, 0x08, 0x27, 0x19, 0x42, 0x08, 0x42, 0x08, 0x42, 0x08, 0x42, 0x08, 0x42, 0x08, 0x42, 0x08, 0x42, 0x08, 0x42, 0x08, 0x42, 0x08,
  0x42, 0x08, 0x42, 0x08, 0x42, 0x08, 0x42, 0x08, 0x42, 0x08, 0x42, 0x08, 0x42, 0x08, 0x42, 0x08, 0x8f, 0x3a, 0x42, 0x08, 0x42, 0x08, 0x42, 0x08, 0x42, 0x08, 0x42, 0x08, 0x27, 0x19, 0x42, 0x08,
  0x83, 0x08, 0x42, 0x08, 0x26, 0x19, 0x42, 0x08, 0x42, 0x08, 0x42, 0x08, 0x42, 0x08, 0x42, 0x08, 0x42, 0x08, 0x42, 0x08, 0x42, 0x08, 0x42, 0x08, 0x42, 0x08, 0x42, 0x08, 0x42, 0x08, 0x42, 0x08,
  0x42, 0x08, 0x42, 0x08, 0x42, 0x08, 0x42, 0x08, 0x42, 0x08, 0x42, 0x08, 0x42, 0x08, 0x26, 0x19, 0x42, 0x08, 0x42, 0x08, 0x42, 0x08, 0x42, 0x08, 0x42, 0x08, 0x42, 0x08, 0x26, 0x19, 0x42, 0x08,
  0x83, 0x08, 0x42, 0x08, 0x42, 0x08, 0x42, 0x08, 0x42, 0x08, 0x42, 0x08, 0x42, 0x08, 0x42, 0x08, 0x42, 0x08, 0x42, 0x08, 0x42, 0x08, 0x42, 0x08, 0x06, 0x19, 0x42, 0x08, 0x42, 0x08, 0x42, 0x08,
  0x42, 0x08, 0x42, 0x08, 0x42, 0x08, 0x42, 0x08, 0x42, 0x08, 0x42, 0x08, 0x42, 0x08, 0x42, 0x08, 0x42, 0x08, 0x42, 0x08, 0x05, 0x19, 0x42, 0x08, 0x42, 0x08, 0x42, 0x08, 0x42, 0x08, 0x42, 0x08,
  0x83, 0x08, 0x42, 0x08, 0x42, 0x08, 0x42, 0x08, 0x42, 0x08, 0x42, 0x08, 0x42, 0x08, 0x42, 0x08, 0x05, 0x19, 0x42, 0x08, 0x42, 0x08, 0x42, 0x08, 0x42, 0x08, 0x42, 0x08, 0x42, 0x08, 0x42, 0x08,
  0x42, 0x08, 0x42, 0x08, 0x42, 0x08, 0x42, 0x08, 0x42, 0x08, 0x42, 0x08, 0x05, 0x11, 0x42, 0x08, 0x42, 0x08, 0x42, 0x08, 0x42, 0x08, 0x42, 0x08, 0x42, 0x08, 0x42, 0x08, 0x42, 0x08, 0x42, 0x08,
  0x83, 0x08, 0x42, 0x08, 0x42, 0x08, 0x42, 0x08, 0xe5, 0x10, 0x42, 0x08, 0x42, 0x08, 0x42, 0x08, 0x42, 0x08, 0x42, 0x08, 0x42, 0x08, 0x42, 0x08, 0x42, 0x08, 0x42, 0x08, 0x42, 0x08, 0x42, 0x08,
  0x42, 0x08, 0x42, 0x08, 0xe5, 0x10, 0x42, 0x08, 0x42, 0x08, 0x42, 0x08, 0x42, 0x08, 0x42, 0x08, 0x42, 0x08, 0x42, 0x08, 0x42, 0x08, 0x42, 0x08, 0x42, 0x08, 0x42, 0x08, 0x42, 0x08, 0x42, 0x08,
  0x83, 0x08, 0x42, 0x08, 0x42, 0x08, 0x42, 0x08, 0x42, 0x08, 0x42, 0x08, 0x42, 0x08, 0x42, 0x08, 0x42, 0x08, 0x42, 0x08, 0x42, 0x08, 0x42, 0x08, 0xe5, 0x10, 0x42, 0x08, 0x42, 0x08, 0x42, 0x08,
  0x42, 0x08, 0x42, 0x08, 0x42, 0x08, 0x42, 0x08, 0x42, 0x08, 0x42, 0x08, 0x42, 0x08, 0x42, 0x08, 0x42, 0x08, 0x42, 0x08, 0xe5, 0x10, 0x42, 0x08, 0x42, 0x08, 0x42, 0x08, 0x42, 0x08, 0x42, 0x08,
  0x83, 0x08, 0x42, 0x08, 0x42, 0x08, 0x42, 0x08, 0x42, 0x08, 0x42, 0x08, 0x42, 0x08, 0x42, 0x08, 0x05, 0x11, 0x42, 0x08, 0x42, 0x08, 0x42, 0x08, 0x42, 0x08, 0x42, 0x08, 0x42, 0x08, 0x42, 0x08,
  0x42, 0x08, 0x42, 0x08, 0x42, 0x08, 0x42, 0x08, 0x05, 0x19, 0x42, 0x08, 0x42, 0x08, 0x42, 0x08, 0x42, 0x08, 0x42, 0x08, 0x42, 0x08, 0x42, 0x08, 0x42, 0x08, 0x42, 0x08, 0x42, 0x08, 0x42, 0x08,
  0x83, 0x08, 0x42, 0x08, 0x42, 0x08, 0x42, 0x08, 0x05, 0x19, 0x42, 0x08, 0x42, 0x08, 0x42, 0x08, 0x42, 0x08, 0x42, 0x08, 0x42, 0x08, 0x42, 0x08, 0x42, 0x08, 0x42, 0x08, 0x42, 0x08, 0x42, 0x08,
  0x42, 0x08, 0x42, 0x08, 0x06, 0x19, 0x42, 0x08, 0x42, 0x08, 0x42, 0x08, 0x42, 0x08, 0x42, 0x08, 0x42, 0x08, 0x42, 0x08, 0x42, 0x08, 0x42, 0x08, 0x42, 0x08, 0x42, 0x08, 0x42, 0x08, 0x42, 0x08,
  0x47, 0x19, 0x42, 0x08, 0x42, 0x08, 0x42, 0x08, 0x42, 0x08, 0x42, 0x08, 0x42, 0x08, 0x42, 0x08, 0x42, 0x08, 0x42, 0x08, 0x42, 0x08, 0x42, 0x08, 0x42, 0x08, 0x42, 0x08, 0x26, 0x19, 0x42, 0x08,
  0x42, 0x08, 0x42, 0x08, 0x42, 0x08, 0x42, 0x08, 0x42, 0x08, 0x42, 0x08, 0x42, 0x08, 0x42, 0x08, 0x42, 0x08, 0x42, 0x08, 0x42, 0x08, 0x42, 0x08, 0x26, 0x19, 0x42, 0x08, 0x42, 0x08, 0x42, 0x08,
  0x83, 0x08, 0x42, 0x08, 0x42, 0x08, 0x42, 0x08, 0x42, 0x08, 0x42, 0x08, 0x42, 0x08, 0x42, 0x08, 0x42, 0x08, 0x42, 0x08, 0x27, 0x19, 0x42, 0x08, 0x42, 0x08, 0x42, 0x08, 0x42, 0x08, 0x42, 0x08,
  0x42, 0x08, 0x42, 0x08, 0x42, 0x08, 0x42, 0x08, 0x42, 0x08, 0x42, 0x08, 0x42, 0x08, 0x42, 0x08, 0x27, 0x19, 0x42, 0x08, 0x42, 0x08, 0x42, 0x08, 0x42, 0x08, 0x42, 0x08, 0x42, 0x08, 0x42, 0x08,
  0x83, 0x08, 0x42, 0x08, 0x42, 0x08, 0x42, 0x08, 0x42, 0x08, 0x42, 0x08, 0x27, 0x19, 0x42, 0x08, 0x42, 0x08, 0x42, 0x08, 0x42, 0x08, 0x42, 0x08, 0x42, 0x08, 0x42, 0x08, 0x42, 0x08, 0x42, 0x08,
  0x42, 0x08, 0x42, 0x08, 0x42, 0x08, 0x42, 0x08, 0x42, 0x08, 0x42, 0x08, 0x42, 0x08, 0x42, 0x08, 0x8f, 0x3a, 0x42, 0x08, 0x42, 0x08, 0x42, 0x08, 0x42, 0x08, 0x27, 0x19, 0x42, 0x08, 0x42, 0x08,
  0x83, 0x08, 0x42, 0x08, 0x26, 0x19, 0x42, 0x08, 0x42, 0x08, 0x42, 0x08, 0x42, 0x08, 0x42, 0x08, 0x42, 0x08, 0x42, 0x08, 0x42, 0x08, 0x42, 0x08, 0x42, 0x08, 0x42, 0x08, 0x42, 0x08, 0x42, 0x08,
  0x42, 0x08, 0x42, 0x08, 0x42, 0x08, 0x42, 0x08, 0x42, 0x08, 0x42, 0x08, 0x26, 0x19, 0x42, 0x08, 0x42, 0x08, 0x42, 0x08, 0x42, 0x08, 0x42, 0x08, 0x42, 0x08, 0x42, 0x08, 0x26, 0x19, 0x42, 0x08,
  0x83, 0x08, 0x42, 0x08, 0x42, 0x08, 0x42, 0x08, 0x42, 0x08, 0x42, 0x08, 0x42, 0x08, 0x42, 0x08, 0x42, 0x08, 0x42, 0x08, 0x42, 0x08, 0x42, 0x08, 0x06, 0x19, 0x42, 0x08, 0x42, 0x08, 0x42, 0x08,
  0x42, 0x08, 0x42, 0x08, 0x42, 0x08, 0x42, 0x08, 0x42, 0x08, 0x42, 0x08, 0x42, 0x08, 0x42, 0x08, 0x42, 0x08, 0x42, 0x08, 0x05, 0x19, 0x42, 0x08, 0x42, 0x08, 0x42, 0x08, 0x42, 0x08, 0x42, 0x08,
  0x83, 0x08, 0x42, 0x08, 0x42, 0x08, 0x42, 0x08, 0x42, 0x08, 0x42, 0x08, 0x42, 0x08, 0x42, 0x08, 0x05, 0x19, 0x42, 0x08, 0x42, 0x08, 0x42, 0x08, 0x42, 0x08, 0x42, 0x08, 0x42, 0x08, 0x42, 0x08,
  0x42, 0x08, 0x42, 0x08, 0x42, 0x08, 0x42, 0x08, 0x42, 0x08, 0x42, 0x08, 0x05, 0x11, 0x42, 0x08, 0x42, 0x08, 0x42, 0x08, 0x42, 0x08, 0x42, 0x08, 0x42, 0x08, 0x42, 0x08, 0x42, 0x08, 0x42, 0x08,
  0x83, 0x08, 0x42, 0x08, 0x42, 0x08, 0x42, 0x08, 0xe5, 0x10, 0x42, 0x08, 0x42, 0x08, 0x42, 0x08, 0x42, 0x08, 0x42, 0x08, 0x42, 0x08, 0x42, 0x08, 0x42, 0x08, 0x42, 0x08, 0x42, 0x08, 0x42, 0x08,
  0x42, 0x08, 0x42, 0x08, 0xe5, 0x10, 0x42, 0x08, 0x42, 0x08, 0x42, 0x08, 0x42, 0x08, 0x42, 0x08, 0x42, 0x08, 0x42, 0x08, 0x42, 0x08, 0x42, 0x08, 0x42, 0x08, 0x42, 0x08, 0x42, 0x08, 0x42, 0x08,
  0x83, 0x08, 0x42, 0x08, 0x42, 0x08, 0x42, 0x08, 0x42, 0x08, 0x42, 0x08, 0x42, 0x08, 0x42, 0x08, 0x42, 0x08, 0x42, 0x08, 0x42, 0x08, 0x42, 0x08, 0xe5, 0x10, 0x42, 0x08, 0x42, 0x08, 0x42, 0x08,
  0x42, 0x08, 0x42, 0x08, 0x42, 0x08, 0x42, 0x08, 0x42, 0x08, 0x42, 0x08, 0x42, 0x08, 0x42, 0x08, 0x42, 0x08, 0x42, 0x08, 0xe5, 0x10, 0x42, 0x08, 0x42, 0x08, 0x42, 0x08, 0x42, 0x08, 0x42, 0x08,
  0x83, 0x08, 0x42, 0x08, 0x42, 0x08, 0x42, 0x08, 0x42, 0x08, 0x42, 0x08, 0x42, 0x08, 0x42, 0x08, 0x05, 0x11, 0x42, 0x08, 0x42, 0x08, 0x42, 0x08, 0x42, 0x08, 0x42, 0x08, 0x42, 0x08, 0x42, 0x08,
  0x42, 0x08, 0x42, 0x08, 0x42, 0x08, 0x42, 0x08, 0x42, 0x08, 0x05, 0x19, 0x42, 0x08, 0x42, 0x08, 0x42, 0x08, 0x42, 0x08, 0x42, 0x08, 0x42, 0x08, 0x42, 0x08, 0x42, 0x08, 0x42, 0x08, 0x42, 0x08,
  0x83, 0x08, 0x42, 0x08, 0x42, 0x08, 0x42, 0x08, 0x05, 0x19, 0x42, 0x08, 0x42, 0x08, 0x42, 0x08, 0x42, 0x08, 0x42, 0x08, 0x42, 0x08, 0x42, 0x08, 0x42, 0x08, 0x42, 0x08, 0x42, 0x08, 0x42, 0x08,
  0x42, 0x08, 0x42, 0x08, 0x06, 0x19, 0x42, 0x08, 0x42, 0x08, 0x42, 0x08, 0x42, 0x08, 0x42, 0x08, 0x42, 0x08, 0x42, 0x08, 0x42, 0x08, 0x42, 0x08, 0x42, 0x08, 0x42, 0x08, 0x42, 0x08, 0x42, 0x08,
  0x47, 0x19, 0x42, 0x08, 0x42, 0x08, 0x42, 0x08, 0x42, 0x08, 0x42, 0x08, 0x42, 0x08, 0x42, 0x08, 0x42, 0x08, 0x42, 0x08, 0x42, 0x08, 0x42, 0x08, 0x42, 0x08, 0x42, 0x08, 0x26, 0x19, 0x42, 0x08,
  0x42, 0x08, 0x42, 0x08, 0x42, 0x08, 0x42, 0x08, 0x42, 0x08, 0x42, 0x08, 0x42, 0x08, 0x42, 0x08, 0x42, 0x08, 0x42, 0x08, 0x42, 0x08, 0x42, 0x08, 0x26, 0x19, 0x42, 0x08, 0x42, 0x08, 0x42, 0x08,
  0x83, 0x08, 0x42, 0x08, 0x42, 0x08, 0x42, 0x08, 0x42, 0x08, 0x42, 0x08, 0x42, 0x08, 0x42, 0x08, 0x42, 0x08, 0x42, 0x08, 0x27, 0x19, 0x42, 0x08, 0x42, 0x08, 0x42, 0x08, 0x42, 0x08, 0x42, 0x08,
  0x42, 0x08, 0x42, 0x08, 0x42, 0x08, 0x42, 0x08, 0x42, 0x08, 0x42, 0x08, 0x42, 0x08, 0x42, 0x08, 0x27, 0x19, 0x42, 0x08, 0x42, 0x08, 0x42, 0x08, 0x42, 0x08, 0x42, 0x08, 0x42, 0x08, 0x42, 0x08,
  0x83, 0x08, 0x42, 0x08, 0x42, 0x08, 0x42, 0x08, 0x42, 0x08, 0x42, 0x08, 0x27, 0x19, 0x42, 0x08, 0x42, 0x08, 0x42, 0x08, 0x42, 0x08, 0x42, 0x08, 0x42, 0x08, 0x42, 0x08, 0x42, 0x08, 0x42, 0x08,
  0x42, 0x08, 0x42, 0x08, 0x42, 0x08, 0x42, 0x08, 0x42, 0x08, 0x42, 0x08, 0x42, 0x08, 0x42, 0x08, 0x8f, 0x3a, 0x42, 0x08, 0x42, 0x08, 0x42, 0x08, 0x27, 0x19, 0x42, 0x08, 0x42, 0x08, 0x42, 0x08,
  0x83, 0x08, 0x42, 0x08, 0x26, 0x19, 0x42, 0x08, 0x42, 0x08, 0x42, 0x08, 0x42, 0x08, 0x42, 0x08, 0x42, 0x08, 0x42, 0x08, 0x42, 0x08, 0x42, 0x08, 0x42, 0x08, 0x42, 0x08, 0x42, 0x08, 0x42, 0x08,
  0x42, 0x08, 0x42, 0x08, 0x42, 0x08, 0x42, 0x08, 0x42, 0x08, 0x26, 0x19, 0x42, 0x08, 0x42, 0x08, 0x42, 0x08, 0x42, 0x08, 0x42, 0x08, 0x42, 0x08, 0x42, 0x08, 0x42, 0x08, 0x26, 0x19, 0x42, 0x08,
  0x83, 0x08, 0x42, 0x08, 0x42, 0x08, 0x42, 0x08, 0x42, 0x08, 0x42, 0x08, 0x42, 0x08, 0x42, 0x08, 0x42, 0x08, 0x42, 0x08, 0x42, 0x08, 0x42, 0x08, 0x06, 0x19, 0x42, 0x08, 0x42, 0x08, 0x42, 0x08,
  0x42, 0x08, 0x42, 0x08, 0x42, 0x08, 0x42, 0x08, 0x42, 0x08, 0x42, 0x08, 0x42, 0x08, 0x42, 0x08, 0x42, 0x08, 0x42, 0x08, 0x05, 0x19, 0x42, 0x08, 0x42, 0x08, 0x42, 0x08, 0x42, 0x08, 0x42, 0x08,
  0x83, 0x08, 0x42, 0x08, 0x42, 0x08, 0x42, 0x08, 0x42, 0x08, 0x42, 0x08, 0x42, 0x08, 0x42, 0x08, 0x05, 0x19, 0x42, 0x08, 0x42, 0x08, 0x42, 0x08, 0x42, 0x08, 0x42, 0x08, 0x42, 0x08, 0x42, 0x08,
  0x42, 0x08, 0x42, 0x08, 0x42, 0x08, 0x42, 0x08, 0x42, 0x08, 0x42, 0x08, 0x05, 0x11, 0x42, 0x08, 0x42, 0x08, 0x42, 0x08, 0x42, 0x08, 0x42, 0x08, 0x42, 0x08, 0x42, 0x08, 0x42, 0x08, 0x42, 0x08,
  0x83, 0x08, 0x42, 0x08, 0x42, 0x08, 0x42, 0x08, 0xe5, 0x10, 0x42, 0x08, 0x42, 0x08, 0x42, 0x08, 0x42, 0x08, 0x42, 0x08, 0x42, 0x08, 0x42, 0x08, 0x42, 0x08, 0x42, 0x08, 0x42, 0x08, 0x42, 0x08,
  0x42, 0x08, 0x42, 0x08, 0xe5, 0x10, 0x42, 0x08, 0x42, 0x08, 0x42, 0x08, 0x42, 0x08, 0x42, 0x08, 0x42, 0x08, 0x42, 0x08, 0x42, 0x08, 0x42, 0x08, 0x42, 0x08, 0x42, 0x08, 0x42, 0x08, 0x42, 0x08,
  0x83, 0x08, 0x42, 0x08, 0x42, 0x08, 0x42, 0x08, 0x42, 0x08, 0x42, 0x08, 0x42, 0x08, 0x42, 0x08, 0x42, 0x08, 0x42, 0x08, 0x42, 0x08, 0x42, 0x08, 0xe5, 0x10, 0x42, 0x08, 0x42, 0x08, 0x42, 0x08,
  0x42, 0x08, 0x42, 0x08, 0x42, 0x08, 0x42, 0x08, 0x42, 0x08, 0x42, 0x08, 0x42, 0x08, 0x42, 0x08, 0x42, 0x08, 0x42, 0x08, 0xe5, 0x10, 0x42, 0x08, 0x42, 0x08, 0x42, 0x08, 0x42, 0x08, 0x42, 0x08,
  0x83, 0x08, 0x42, 0x08, 0x42, 0x08, 0x42, 0x08, 0x42, 0x08, 0x42, 0x08, 0x42, 0x08, 0x42, 0x08, 0x05, 0x11, 0x42, 0x08, 0x42, 0x08, 0x42, 0x08, 0x42, 0x08, 0x42, 0x08, 0x42, 0x08, 0x42, 0x08,
  0x42, 0x08, 0x42, 0x08, 0x42, 0x08, 0x42, 0x08, 0x42, 0x08, 0x42, 0x08, 0x05, 0x19, 0x42, 0x08, 0x42, 0x08, 0x42, 0x08, 0x42, 0x08, 0x42, 0x08, 0x42, 0x08, 0x42, 0x08, 0x42, 0x08, 0x42, 0x08,
  0x83, 0x08, 0x42, 0x08, 0x42, 0x08, 0x42, 0x08, 0x05, 0x19, 0x42, 0x08, 0x42, 0x08, 0x42, 0x08, 0x42, 0x08, 0x42, 0x08, 0x42, 0x08, 0x42, 0x08, 0x42, 0x08, 0x42, 0x08, 0x42, 0x08, 0x42, 0x08,
  0x42, 0x08, 0x42, 0x08, 0x06, 0x19, 0x42, 0x08, 0x42, 0x08, 0x42, 0x08, 0x42, 0x08, 0x42, 0x08, 0x42, 0x08, 0x42, 0x08, 0x42, 0x08, 0x42, 0x08, 0x42, 0x08, 0x42, 0x08, 0x42, 0x08, 0x42, 0x08,
  0x47, 0x19, 0x42, 0x08, 0x42, 0x08, 0x42, 0x08, 0x42, 0x08, 0x42, 0x08, 0x42, 0x08, 0x42, 0x08, 0x42, 0x08, 0x42, 0x08, 0x42, 0x08, 0x42, 0x08, 0x42, 0x08, 0x42, 0x08, 0x26, 0x19, 0x42, 0x08,
  0x42, 0x08, 0x42, 0x08, 0x42, 0x08, 0x42, 0x08, 0x42, 0x08, 0x42, 0x08, 0x42, 0x08, 0x42, 0x08, 0x42, 0x08, 0x42, 0x08, 0x42, 0x08, 0x42, 0x08, 0x26, 0x19, 0x42, 0x08, 0x42, 0x08, 0x42, 0x08,
  0x83, 0x08, 0x42, 0x08, 0x42, 0x08, 0x42, 0x08, 0x42, 0x08, 0x42, 0x08, 0x42, 0x08, 0x42, 0x08, 0x42, 0x08, 0x42, 0x08, 0x27, 0x19, 0x42, 0x08, 0x42, 0x08, 0x42, 0x08, 0x42, 0x08, 0x42, 0x08,
  0x42, 0x08, 0x42, 0x08, 0x42, 0x08, 0x42, 0x08, 0x42, 0x08, 0x42, 0x08, 0x42, 0x08, 0x42, 0x08, 0x27, 0x19, 0x42, 0x08, 0x42, 0x08, 0x42, 0x08, 0x42, 0x08, 0x42, 0x08, 0x42, 0x08, 0x42, 0x08,
  0x83, 0x08, 0x42, 0x08, 0x42, 0x08, 0x42, 0x08, 0x42, 0x08, 0x42, 0x08, 0x27, 0x19, 0x42, 0x08, 0x42, 0x08, 0x42, 0x08, 0x42, 0x08, 0x42, 0x08, 0x42, 0x08, 0x42, 0x08, 0x42, 0x08, 0x42, 0x08,
  0x42, 0x08, 0x42, 0x08, 0x42, 0x08, 0x42, 0x08, 0x42, 0x08, 0x42, 0x08, 0x42, 0x08, 0x42, 0x08, 0x8f, 0x3a, 0x42, 0x08, 0x42, 0x08, 0x27, 0x19, 0x42, 0x08, 0x42, 0x08, 0x42, 0x08, 0x42, 0x08,
  0x83, 0x08, 0x42, 0x08, 0x26, 0x19, 0x42, 0x08, 0x42, 0x08, 0x42, 0x08, 0x42, 0x08, 0x42, 0x08, 0x42, 0x08, 0x42, 0x08, 0x42, 0x08, 0x42, 0x08, 0x42, 0x08, 0x42, 0x08, 0x42, 0x08, 0x42, 0x08,
  0x42, 0x08, 0x42, 0x08, 0x42, 0x08, 0x42, 0x08, 0x26, 0x19, 0x42, 0x08, 0x42, 0x08, 0x42, 0x08, 0x42, 0x08, 0x42, 0x08, 0x42, 0x08, 0x42, 0x08, 0x42, 0x08, 0x42, 0x08, 0x26, 0x19, 0x42, 0x08,
  0x83, 0x08, 0x42, 0x08, 0x42, 0x08, 0x42, 0x08, 0x42, 0x08, 0x42, 0x08, 0x42, 0x08, 0x42, 0x08, 0x42, 0x08, 0x42, 0x08, 0x42, 0x08, 0x42, 0x08, 0x06, 0x19, 0x42, 0x08, 0x42, 0x08, 0x42, 0x08,
  0x42, 0x08, 0x42, 0x08, 0x42, 0x08, 0x42, 0x08, 0x42, 0x08, 0x42, 0x08, 0x42, 0x08, 0x42, 0x08, 0x42, 0x08, 0x42, 0x08, 0x05, 0x19, 0x42, 0x08, 0x42, 0x08, 0x42, 0x08, 0x42, 0x08, 0x42, 0x08,
  0x83, 0x08, 0x42, 0x08, 0x42, 0x08, 0x42, 0x08, 0x42, 0x08, 0x42, 0x08, 0x42, 0x08, 0x42, 0x08, 0x05, 0x19, 0x42, 0x08, 0x42, 0x08, 0x42, 0x08, 0x42, 0x08, 0x42, 0x08, 0x42, 0x08, 0x42, 0x08,
  0x42, 0x08, 0x42, 0x08, 0x42, 0x08, 0x42, 0x08, 0x42, 0x08, 0x42, 0x08, 0x05, 0x11, 0x42, 0x08, 0x42, 0x08, 0x42, 0x08, 0x42, 0x08, 0x42, 0x08, 0x42, 0x08, 0x42, 0x08, 0x42, 0x08, 0x42, 0x08,
  0x83, 0x08, 0x42, 0x08, 0x42, 0x08, 0x42, 0x08, 0xe5, 0x10, 0x42, 0x08, 0x42, 0x08, 0x42, 0x08, 0x42, 0x08, 0x42, 0x08, 0x42, 0x08, 0x42, 0x08, 0x42, 0x08, 0x42, 0x08, 0x42, 0x08, 0x42, 0x08,
  0x42, 0x08, 0x42, 0x08, 0xe5, 0x10, 0x42, 0x08, 0x42, 0x08, 0x42, 0x08, 0x42, 0x08, 0x42, 0x08, 0x42, 0x08, 0x42, 0x08, 0x42, 0x08, 0x42, 0x08, 0x42, 0x08, 0x42, 0x08, 0x42, 0x08, 0x42, 0x08,
  0x83, 0x08, 0x42, 0x08, 0x42, 0x08, 0x42, 0x08, 0x42, 0x08, 0x42, 0x08, 0x42, 0x08, 0x42, 0x08, 0x42, 0x08, 0x42, 0x08, 0x42, 0x08, 0x42, 0x08, 0xe5, 0x10, 0x42, 0x08, 0x42, 0x08, 0x42, 0x08,
  0x42, 0x08, 0x42, 0x08, 0x42, 0x08, 0x42, 0x08, 0x42, 0x08, 0x42, 0x08, 0x42, 0x08, 0x42, 0x08, 0x42, 0x08, 0x42, 0x08, 0xe5, 0x10, 0x42, 0x08, 0x42, 0x08, 0x42, 0x08, 0x42, 0x08, 0x42, 0x08,
  0x83, 0x08, 0x42, 0x08, 0x42, 0x08, 0x42, 0x08, 0x42, 0x08, 0x42, 0x08, 0x42, 0x08, 0x42, 0x08, 0x05, 0x11, 0x42, 0x08, 0x42, 0x08, 0x42, 0x08, 0x42, 0x08, 0x42, 0x08, 0x42, 0x08, 0x42, 0x08,
  0x42, 0x08, 0x42, 0x08, 0x42, 0x08, 0x42, 0x08, 0x42, 0x08, 0x42, 0x08, 0x05, 0x19, 0x42, 0x08, 0x42, 0x08, 0x42, 0x08, 0x42, 0x08, 0x42, 0x08, 0x42, 0x08, 0x42, 0x08, 0x42, 0x08, 0x42, 0x08,
  0x83, 0x08, 0x42, 0x08, 0x42, 0x08, 0x42, 0x08, 0x05, 0x19, 0x42, 0x08, 0x42, 0x08, 0x42, 0x08, 0x42, 0x08, 0x42, 0x08, 0x42, 0x08, 0x42, 0x08, 0x42, 0x08, 0x42, 0x08, 0x42, 0x08, 0x42, 0x08,
  0x42, 0x08, 0x42, 0x08, 0x06, 0x19, 0x42, 0x08, 0x42, 0x08, 0x42, 0x08, 0x42, 0x08, 0x42, 0x08, 0x42, 0x08, 0x42, 0x08, 0x42, 0x08, 0x42, 0x08, 0x42, 0x08, 0x42, 0x08, 0x42, 0x08, 0x42, 0x08,
  0x47, 0x19, 0x42, 0x08, 0x42, 0x08, 0x42, 0x08, 0x42, 0x08, 0x42, 0x08, 0x42, 0x08, 0x42, 0x08, 0x42, 0x08, 0x42, 0x08, 0x42, 0x08, 0x42, 0x08, 0x42, 0x08, 0x42, 0x08, 0x26, 0x19, 0x42, 0x08,
  0x42, 0x08, 0x42, 0x08, 0x42, 0x08, 0x42, 0x08, 0x42, 0x08, 0x42, 0x08, 0x42, 0x08, 0x42, 0x08, 0x42, 0x08, 0x42, 0x08, 0x42, 0x08, 0x42, 0x08, 0x26, 0x19, 0x42, 0x08, 0x42, 0x08, 0x42, 0x08,
  0x83, 0x08, 0x42, 0x08, 0x42, 0x08, 0x42, 0x08, 0x42, 0x08, 0x42, 0x08, 0x42, 0x08, 0x42, 0x08, 0x42, 0x08, 0x42, 0x08, 0x27, 0x19, 0x42, 0x08, 0x42, 0x08, 0x42, 0x08, 0x42, 0x08, 0x42, 0x08,
  0x42, 0x08, 0x42, 0x08, 0x42, 0x08, 0x42, 0x08, 0x42, 0x08, 0x42, 0x08, 0x42, 0x08, 0x42, 0x08, 0x27, 0x19, 0x42, 0x08, 0x42, 0x08, 0x42, 0x08, 0x42, 0x08, 0x42, 0x08, 0x42, 0x08, 0x42, 0x08,
  0x83, 0x08, 0x42, 0x08, 0x42, 0x08, 0x42, 0x08, 0x42, 0x08, 0x42, 0x08, 0x27, 0x19, 0x42, 0x08, 0x42, 0x08, 0x42, 0x08, 0x42, 0x08, 0x42, 0x08, 0x42, 0x08, 0x42, 0x08, 0x42, 0x08, 0x42, 0x08,
  0x42, 0x08, 0x42, 0x08, 0x42, 0x08, 0x42, 0x08, 0x42, 0x08, 0x42, 0x08, 0x42, 0x08, 0x42, 0x08, 0x8f, 0x3a, 0x42, 0x08, 0x27, 0x19, 0x42, 0x08, 0x42, 0x08, 0x42, 0x08, 0x42, 0x08, 0x42, 0x08,
  0x83, 0x08, 0x42, 0x08, 0x26, 0x19, 0x42, 0x08, 0x42, 0x08, 0x42, 0x08, 0x42, 0x08, 0x42, 0x08, 0x42, 0x08, 0x42, 0x08, 0x42, 0x08, 0x42, 0x08, 0x42, 0x08, 0x42, 0x08, 0x42, 0x08, 0x42, 0x08,
  0x42, 0x08, 0x42, 0x08, 0x42, 0x08, 0x26, 0x19, 0x42, 0x08, 0x42, 0x08, 0x42, 0x08, 0x42, 0x08, 0x42, 0x08, 0x42, 0x08, 0x42, 0x08, 0x42, 0x08, 0x42, 0x08, 0x42, 0x08, 0x26, 0x19, 0x42, 0x08,
  0x83, 0x08, 0x42, 0x08, 0x42, 0x08, 0x42, 0x08, 0x42, 0x08, 0x42, 0x08, 0x42, 0x08, 0x42, 0x08, 0x42, 0x08, 0x42, 0x08, 0x42, 0x08, 0x42, 0x08, 0x06, 0x19, 0x42, 0x08, 0x42, 0x08, 0x42, 0x08,
  0x42, 0x08, 0x42, 0x08, 0x42, 0x08, 0x42, 0x08, 0x42, 0x08, 0x42, 0x08, 0x42, 0x08, 0x42, 0x08, 0x42, 0x08, 0x42, 0x08, 0x05, 0x19, 0x42, 0x08, 0x42, 0x08, 0x42, 0x08, 0x42, 0x08, 0x42, 0x08,
  0x83, 0x08, 0x42, 0x08, 0x42, 0x08, 0x42, 0x08, 0x42, 0x08, 0x42, 0x08, 0x42, 0x08, 0x42, 0x08, 0x05, 0x19, 0x42, 0x08, 0x42, 0x08, 0x42, 0x08, 0x42, 0x08, 0x42, 0x08, 0x42, 0x08, 0x42, 0x08,
  0x42, 0x08, 0x42, 0x08, 0x42, 0x08, 0x42, 0x08, 0x42, 0x08, 0x42, 0x08, 0x05, 0x11, 0x42, 0x08, 0x42, 0x08, 0x42, 0x08, 0x42, 0x08, 0x42, 0x08, 0x42, 0x08, 0x42, 0x08, 0x42, 0x08, 0x42, 0x08,
  0x83, 0x08, 0x42, 0x08, 0x42, 0x08, 0x42, 0x08, 0xe5, 0x10, 0x42, 0x08, 0x42, 0x08, 0x42, 0x08, 0x42, 0x08, 0x42, 0x08, 0x42, 0x08, 0x42, 0x08, 0x42, 0x08, 0x42, 0x08, 0x42, 0x08, 0x42, 0x08,
  0x42, 0x08, 0x42, 0x08, 0xe5, 0x10, 0x42, 0x08, 0x42, 0x08, 0x42, 0x08, 0x42, 0x08, 0x42, 0x08, 0x42, 0x08, 0x42, 0x08, 0x42, 0x08, 0x42, 0x08, 0x42, 0x08, 0x42, 0x08, 0x42, 0x08, 0x42, 0x08,
  0x83, 0x08, 0x42, 0x08, 0x42, 0x08, 0x42, 0x08, 0x42, 0x08, 0x42, 0x08, 0x42, 0x08, 0x42, 0x08, 0x42, 0x08, 0x42, 0x08, 0x42, 0x08, 0x42, 0x08, 0xe5, 0x10, 0x42, 0x08, 0x42, 0x08, 0x42, 0x08,
  0x42, 0x08, 0x42, 0x08, 0x42, 0x08, 0x42, 0x08, 0x42, 0x08, 0x42, 0x08, 0x42, 0x08, 0x42, 0x08, 0x42, 0x08, 0x42, 0x08, 0xe5, 0x10, 0x42, 0x08, 0x42, 0x08, 0x42, 0x08, 0x42, 0x08, 0x42, 0x08,
  0x83, 0x08, 0x42, 0x08, 0x42, 0x08, 0x42, 0x08, 0x42, 0x08, 0x42, 0x08, 0x42, 0x08, 0x42, 0x08, 0x05, 0x11, 0x42, 0x08, 0x42, 0x08, 0x42, 0x08, 0x42, 0x08, 0x42, 0x08, 0x42, 0x08, 0x42, 0x08,
  0x42, 0x08, 0x42, 0x08, 0x42, 0x08, 0x42, 0x08, 0x42, 0x08, 0x42, 0x08, 0x05, 0x19, 0x42, 0x08, 0x42, 0x08, 0x42, 0x08, 0x42, 0x08, 0x42, 0x08, 0x42, 0x08, 0x42, 0x08, 0x42, 0x08, 0x42, 0x08,
  0x83, 0x08, 0x42, 0x08, 0x42, 0x08, 0x42, 0x08, 0x05, 0x19, 0x42, 0x08, 0x42, 0x08, 0x42, 0x08, 0x42, 0x08, 0x42, 0x08, 0x42, 0x08, 0x42, 0x08, 0x42, 0x08, 0x42, 0x08, 0x42, 0x08, 0x42, 0x08,
  0x42, 0x08, 0x42, 0x08, 0x06, 0x19, 0x42, 0x08, 0x42, 0x08, 0x42, 0x08, 0x42, 0x08, 0x42, 0x08, 0x42, 0x08, 0x42, 0x08, 0x42, 0x08, 0x42, 0x08, 0x42, 0x08, 0x42, 0x08, 0x42, 0x08, 0x42, 0x08,
  0x47, 0x19, 0x42, 0x08, 0x42, 0x08, 0x42, 0x08, 0x42, 0x08, 0x42, 0x08, 0x42, 0x08, 0x42, 0x08, 0x42, 0x08, 0x42, 0x08, 0x42, 0x08, 0x42, 0x08, 0x42, 0x08, 0x42, 0x08, 0x26, 0x19, 0x42, 0x08,
  0x42, 0x08, 0x42, 0x08, 0x42, 0x08, 0x42, 0x08, 0x42, 0x08, 0x42, 0x08, 0x42, 0x08, 0x42, 0x08, 0x42, 0x08, 0x42, 0x08, 0x42, 0x08, 0x42, 0x08, 0x26, 0x19, 0x42, 0x08, 0x42, 0x08, 0x42, 0x08,
  0x83, 0x08, 0x42, 0x08, 0x42, 0x08, 0x42, 0x08, 0x42, 0x08, 0x42, 0x08, 0x42, 0x08, 0x42, 0x08, 0x42, 0x08, 0x42, 0x08, 0x27, 0x19, 0x42, 0x08, 0x42, 0x08, 0x42, 0x08, 0x42, 0x08, 0x42, 0x08,
  0x42, 0x08, 0x42, 0x08, 0x42, 0x08, 0x42, 0x08, 0x42, 0x08, 0x42, 0x08, 0x42, 0x08, 0x42, 0x08, 0x27, 0x19, 0x42, 0x08, 0x42, 0x08, 0x42, 0x08, 0x42, 0x08, 0x42, 0x08, 0x42, 0x08, 0x42, 0x08,
  0x83, 0x08, 0x42, 0x08, 0x42, 0x08, 0x42, 0x08, 0x42, 0x08, 0x42, 0x08, 0x27, 0x19, 0x42, 0x08, 0x42, 0x08, 0x42, 0x08, 0x42, 0x08, 0x42, 0x08, 0x42, 0x08, 0x42, 0x08, 0x42, 0x08, 0x42, 0x08,
  0x42, 0x08, 0x42, 0x08, 0x42, 0x08, 0x42, 0x08, 0x42, 0x08, 0x42, 0x08, 0x42, 0x08, 0x42, 0x08, 0x8f, 0x3a, 0x27, 0x19, 0x42, 0x08, 0x42, 0x08, 0x42, 0x08, 0x42, 0x08, 0x42, 0x08, 0x42, 0x08,
  0x83, 0x08, 0x42, 0x08, 0x26, 0x19, 0x42, 0x08, 0x42, 0x08, 0x42, 0x08, 0x42, 0x08, 0x42, 0x08, 0x42, 0x08, 0x42, 0x08, 0x42, 0x08, 0x42, 0x08, 0x42, 0x08, 0x42, 0x08, 0x42, 0x08, 0x42, 0x08,
  0x42, 0x08, 0x42, 0x08, 0x26, 0x19, 0x42, 0x08, 0x42, 0x08, 0x42, 0x08, 0x42, 0x08, 0x42, 0x08, 0x42, 0x08, 0x42, 0x08, 0x42, 0x08, 0x42, 0x08, 0x42, 0x08, 0x42, 0x08, 0x26, 0x19, 0x42, 0x08,
  0x83, 0x08, 0x42, 0x08, 0x42, 0x08, 0x42, 0x08, 0x42, 0x08, 0x42, 0x08, 0x42, 0x08, 0x42, 0x08, 0x42, 0x08, 0x42, 0x08, 0x42, 0x08, 0x42, 0x08, 0x06, 0x19, 0x42, 0x08, 0x42, 0x08, 0x42, 0x08,
  0x42, 0x08, 0x42, 0x08, 0x42, 0x08, 0x42, 0x08, 0x42, 0x08, 0x42, 0x08, 0x42, 0x08, 0x42, 0x08, 0x42, 0x08, 0x42, 0x08, 0x05, 0x19, 0x42, 0x08, 0x42, 0x08, 0x42, 0x08, 0x42, 0x08, 0x42, 0x08,
  0x83, 0x08, 0x42, 0x08, 0x42, 0x08, 0x42, 0x08, 0x42, 0x08, 0x42, 0x08, 0x42, 0x08, 0x42, 0x08, 0x05, 0x19, 0x42, 0x08, 0x42, 0x08, 0x42, 0x08, 0x42, 0x08, 0x42, 0x08, 0x42, 0x08, 0x42, 0x08,
  0x42, 0x08, 0x42, 0x08, 0x42, 0x08, 0x42, 0x08, 0x42, 0x08, 0x42, 0x08, 0x05, 0x11, 0x42, 0x08, 0x42, 0x08, 0x42, 0x08, 0x42, 0x08, 0x42, 0x08, 0x42, 0x08, 0x42, 0x08, 0x42, 0x08, 0x42, 0x08,
  0x83, 0x08, 0x42, 0x08, 0x42, 0x08, 0x42, 0x08, 0xe5, 0x10, 0x42, 0x08, 0x42, 0x08, 0x42, 0x08, 0x42, 0x08, 0x42, 0x08, 0x42, 0x08, 0x42, 0x08, 0x42, 0x08, 0x42, 0x08, 0x42, 0x08, 0x42, 0x08,
  0x42, 0x08, 0x42, 0x08, 0xe5, 0x10, 0x42, 0x08, 0x42, 0x08, 0x42, 0x08, 0x42, 0x08, 0x42, 0x08, 0x42, 0x08, 0x42, 0x08, 0x42, 0x08, 0x42, 0x08, 0x42, 0x08, 0x42, 0x08, 0x42, 0x08, 0x42, 0x08,
  0x83, 0x08, 0x42, 0x08, 0x42, 0x08, 0x42, 0x08, 0x42, 0x08, 0x42, 0x08, 0x42, 0x08, 0x42, 0x08, 0x42, 0x08, 0x42, 0x08, 0x42, 0x08, 0x42, 0x08, 0xe5, 0x10, 0x42, 0x08, 0x42, 0x08, 0x42, 0x08,
  0x42, 0x08, 0x42, 0x08, 0x42, 0x08, 0x42, 0x08, 0x42, 0x08, 0x42, 0x08, 0x42, 0x08, 0x42, 0x08, 0x42, 0x08, 0x42, 0x08, 0xe5, 0x10, 0x42, 0x08, 0x42, 0x08, 0x42, 0x08, 0x42, 0x08, 0x42, 0x08,
  0x83, 0x08, 0x42, 0x08, 0x42, 0x08, 0x42, 0x08, 0x42, 0x08, 0x42, 0x08, 0x42, 0x08, 0x42, 0x08, 0x05, 0x11, 0x42, 0x08, 0x42, 0x08, 0x42, 0x08, 0x42, 0x08, 0x42, 0x08, 0x42, 0x08, 0x42, 0x08,
  0x42, 0x08, 0x42, 0x08, 0x42, 0x08, 0x42, 0x08, 0x42, 0x08, 0x42, 0x08, 0x05, 0x19, 0x42, 0x08, 0x42, 0x08, 0x42, 0x08, 0x42, 0x08, 0x42, 0x08, 0x42, 0x08, 0x42, 0x08, 0x42, 0x08, 0x42, 0x08,
  0x83, 0x08, 0x42, 0x08, 0x42, 0x08, 0x42, 0x08, 0x05, 0x19, 0x42, 0x08, 0x42, 0x08, 0x42, 0x08, 0x42, 0x08, 0x42, 0x08, 0x42, 0x08, 0x42, 0x08, 0x42, 0x08, 0x42, 0x08, 0x42, 0x08, 0x42, 0x08,
  0x42, 0x08, 0x42, 0x08, 0x06, 0x19, 0x42, 0x08, 0x42, 0x08, 0x42, 0x08, 0x42, 0x08, 0x42, 0x08, 0x42, 0x08, 0x42, 0x08, 0x42, 0x08, 0x42, 0x08, 0x42, 0x08, 0x42, 0x08, 0x42, 0x08, 0x42, 0x08,
  0x47, 0x19, 0x42, 0x08, 0x42, 0x08, 0x42, 0x08, 0x42, 0x08, 0x42, 0x08, 0x42, 0x08, 0x42, 0x08, 0x42, 0x08, 0x42, 0x08, 0x42, 0x08, 0x42, 0x08, 0x42, 0x08, 0x42, 0x08, 0x26, 0x19, 0x42, 0x08,
  0x42, 0x08, 0x42, 0x08, 0x42, 0x08, 0x42, 0x08, 0x42, 0x08, 0x42, 0x08, 0x42, 0x08, 0x42, 0x08, 0x42, 0x08, 0x42, 0x08, 0x42, 0x08, 0x42, 0x08, 0x26, 0x19, 0x42, 0x08, 0x42, 0x08, 0x42, 0x08,
  0x83, 0x08, 0x42, 0x08, 0x42, 0x08, 0x42, 0x08, 0x42, 0x08, 0x42, 0x08, 0x42, 0x08, 0x42, 0x08, 0x42, 0x08, 0x42, 0x08, 0x27, 0x19, 0x42, 0x08, 0x42, 0x08, 0x42, 0x08, 0x42, 0x08, 0x42, 0x08,
  0x42, 0x08, 0x42, 0x08, 0x42, 0x08, 0x42, 0x08, 0x42, 0x08, 0x42, 0x08, 0x42, 0x08, 0x42, 0x08, 0x27, 0x19, 0x42, 0x08, 0x42, 0x08, 0x42, 0x08, 0x42, 0x08, 0x42, 0x08, 0x42, 0x08, 0x42, 0x08,
  0x83, 0x08, 0x42, 0x08, 0x42, 0x08, 0x42, 0x08, 0x42, 0x08, 0x42, 0x08, 0x27, 0x19, 0x42, 0x08, 0x42, 0x08, 0x42, 0x08, 0x42, 0x08, 0x42, 0x08, 0x42, 0x08, 0x42, 0x08, 0x42, 0x08, 0x42, 0x08,
  0x42, 0x08, 0x42, 0x08, 0x42, 0x08, 0x42, 0x08, 0x42, 0x08, 0x42, 0x08, 0x42, 0x08, 0x42, 0x08, 0x8f, 0x3a, 0x42, 0x08, 0x42, 0x08, 0x42, 0x08, 0x42, 0x08, 0x42, 0x08, 0x42, 0x08, 0x42, 0x08,
  0x83, 0x08, 0x42, 0x08, 0x26, 0x19, 0x42, 0x08, 0x42, 0x08, 0x42, 0x08, 0x42, 0x08, 0x42, 0x08, 0x42, 0x08, 0x42, 0x08, 0x42, 0x08, 0x42, 0x08, 0x42, 0x08, 0x42, 0x08, 0x42, 0x08, 0x42, 0x08,
  0x42, 0x08, 0x26, 0x19, 0x42, 0x08, 0x42, 0x08, 0x42, 0x08, 0x42, 0x08, 0x42, 0x08, 0x42, 0x08, 0x42, 0x08, 0x42, 0x08, 0x42, 0x08, 0x42, 0x08, 0x42, 0x08, 0x42, 0x08, 0x26, 0x19, 0x42, 0x08,
  0x83, 0x08, 0x42, 0x08, 0x42, 0x08, 0x42, 0x08, 0x42, 0x08, 0x42, 0x08, 0x42, 0x08, 0x42, 0x08, 0x42, 0x08, 0x42, 0x08, 0x42, 0x08, 0x42, 0x08, 0x06, 0x19, 0x42, 0x08, 0x42, 0x08, 0x42, 0x08,
  0x42, 0x08, 0x42, 0x08, 0x42, 0x08, 0x42, 0x08, 0x42, 0x08, 0x42, 0x08, 0x42, 0x08, 0x42, 0x08, 0x42, 0x08, 0x42, 0x08, 0x05, 0x19, 0x42, 0x08, 0x42, 0x08, 0x42, 0x08, 0x42, 0x08, 0x42, 0x08,
  0x83, 0x08, 0x42, 0x08, 0x42, 0x08, 0x42, 0x08, 0x42, 0x08, 0x42, 0x08, 0x42, 0x08, 0x42, 0x08, 0x05, 0x19, 0x42, 0x08, 0x42, 0x08, 0x42, 0x08, 0x42, 0x08, 0x42, 0x08, 0x42, 0x08, 0x42, 0x08,
  0x42, 0x08, 0x42, 0x08, 0x42, 0x08, 0x42, 0x08, 0x42, 0x08, 0x42, 0x08, 0x05, 0x11, 0x42, 0x08, 0x42, 0x08, 0x42, 0x08, 0x42, 0x08, 0x42, 0x08, 0x42, 0x08, 0x42, 0x08, 0x42, 0x08, 0x42, 0x08,
  0x83, 0x08, 0x42, 0x08, 0x42, 0x08, 0x42, 0x08, 0xe5, 0x10, 0x42, 0x08, 0x42, 0x08, 0x42, 0x08, 0x42, 0x08, 0x42, 0x08, 0x42, 0x08, 0x42, 0x08, 0x42, 0x08, 0x42, 0x08, 0x42, 0x08, 0x42, 0x08,
  0x42, 0x08, 0x42, 0x08, 0xe5, 0x10, 0x42, 0x08, 0x42, 0x08, 0x42, 0x08, 0x42, 0x08, 0x42, 0x08, 0x42, 0x08, 0x42, 0x08, 0x42, 0x08, 0x42, 0x08, 0x42, 0x08, 0x42, 0x08, 0x42, 0x08, 0x42, 0x08,
  0x83, 0x08, 0x42, 0x08, 0x42, 0x08, 0x42, 0x08, 0x42, 0x08, 0x42, 0x08, 0x42, 0x08, 0x42, 0x08, 0x42, 0x08, 0x42, 0x08, 0x42, 0x08, 0x42, 0x08, 0xe5, 0x10, 0x42, 0x08, 0x42, 0x08, 0x42, 0x08,
  0x42, 0x08, 0x42, 0x08, 0x42, 0x08, 0x42, 0x08, 0x42, 0x08, 0x42, 0x08, 0x42, 0x08, 0x42, 0x08, 0x42, 0x08, 0x42, 0x08, 0xe5, 0x10, 0x42, 0x08, 0x42, 0x08, 0x42, 0x08, 0x42, 0x08, 0x42, 0x08,
  0x83, 0x08, 0x42, 0x08, 0x42, 0x08, 0x42, 0x08, 0x42, 0x08, 0x42, 0x08, 0x42, 0x08, 0x42, 0x08, 0xe5, 0x10, 0x42, 0x08, 0x42, 0x08, 0x42, 0x08, 0x42, 0x08, 0x42, 0x08, 0x42, 0x08, 0x42, 0x08,
  0x42, 0x08, 0x42, 0x08, 0x42, 0x08, 0x42, 0x08, 0x42, 0x08, 0x42, 0x08, 0x05, 0x19, 0x42, 0x08, 0x42, 0x08, 0x42, 0x08, 0x42, 0x08, 0x42, 0x08, 0x42, 0x08, 0x42, 0x08, 0x42, 0x08, 0x42, 0x08,
  0x83, 0x08, 0x42, 0x08, 0x42, 0x08, 0x42, 0x08, 0x05, 0x19, 0x42, 0x08, 0x42, 0x08, 0x42, 0x08, 0x42, 0x08, 0x42, 0x08, 0x42, 0x08, 0x42, 0x08, 0x42, 0x08, 0x42, 0x08, 0x42, 0x08, 0x42, 0x08,
  0x42, 0x08, 0x42, 0x08, 0x06, 0x19, 0x42, 0x08, 0x42, 0x08, 0x42, 0x08, 0x42, 0x08, 0x42, 0x08, 0x42, 0x08, 0x42, 0x08, 0x42, 0x08, 0x42, 0x08, 0x42, 0x08, 0x42, 0x08, 0x42, 0x08, 0x42, 0x08,
  0x47, 0x19, 0x42, 0x08, 0x42, 0x08, 0x42, 0x08, 0x42, 0x08, 0x42, 0x08, 0x42, 0x08, 0x42, 0x08, 0x42, 0x08, 0x42, 0x08, 0x42, 0x08, 0x42, 0x08, 0x42, 0x08, 0x42, 0x08, 0x26, 0x19, 0x42, 0x08,
  0x42, 0x08, 0x42, 0x08, 0x42, 0x08, 0x42, 0x08, 0x42, 0x08, 0x42, 0x08, 0x42, 0x08, 0x42, 0x08, 0x42, 0x08, 0x42, 0x08, 0x42, 0x08, 0x42, 0x08, 0x26, 0x19, 0x42, 0x08, 0x42, 0x08, 0x42, 0x08,
  0x83, 0x08, 0x42, 0x08, 0x42, 0x08, 0x42, 0x08, 0x42, 0x08, 0x42, 0x08, 0x42, 0x08, 0x42, 0x08, 0x42, 0x08, 0x42, 0x08, 0x27, 0x19, 0x42, 0x08, 0x42, 0x08, 0x42, 0x08, 0x42, 0x08, 0x42, 0x08,
  0x42, 0x08, 0x42, 0x08, 0x42, 0x08, 0x42, 0x08, 0x42, 0x08, 0x42, 0x08, 0x42, 0x08, 0x42, 0x08, 0x27, 0x19, 0x42, 0x08, 0x42, 0x08, 0x42, 0x08, 0x42, 0x08, 0x42, 0x08, 0x42, 0x08, 0x42, 0x08,
  0x83, 0x08, 0x42, 0x08, 0x42, 0x08, 0x42, 0x08, 0x42, 0x08, 0x42, 0x08, 0x27, 0x19, 0x42, 0x08, 0x42, 0x08, 0x42, 0x08, 0x42, 0x08, 0x42, 0x08, 0x42, 0x08, 0x42, 0x08, 0x42, 0x08, 0x42, 0x08,
  0x42, 0x08, 0x42, 0x08, 0x42, 0x08, 0x42, 0x08, 0x42, 0x08, 0x42, 0x08, 0x42, 0x08, 0x27, 0x19, 0x8f, 0x3a, 0x42, 0x08, 0x42, 0x08, 0x42, 0x08, 0x42, 0x08, 0x42, 0x08, 0x42, 0x08, 0x42, 0x08,
  0x83, 0x08, 0x42, 0x08, 0x26, 0x19, 0x42, 0x08, 0x42, 0x08, 0x42, 0x08, 0x42, 0x08, 0x42, 0x08, 0x42, 0x08, 0x42, 0x08, 0x42, 0x08, 0x42, 0x08, 0x42, 0x08, 0x42, 0x08, 0x42, 0x08, 0x42, 0x08,
  0x26, 0x19, 0x42, 0x08, 0x42, 0x08, 0x42, 0x08, 0x42, 0x08, 0x42, 0x08, 0x42, 0x08, 0x42, 0x08, 0x42, 0x08, 0x42, 0x08, 0x42, 0x08, 0x42, 0x08, 0x42, 0x08, 0x42, 0x08, 0x06, 0x19, 0x42, 0x08,
  0x83, 0x08, 0x42, 0x08, 0x42, 0x08, 0x42, 0x08, 0x42, 0x08, 0x42, 0x08, 0x42, 0x08, 0x42, 0x08, 0x42, 0x08, 0x42, 0x08, 0x42, 0x08, 0x42, 0x08, 0x06, 0x19, 0x42, 0x08, 0x42, 0x08, 0x42, 0x08,
  0x42, 0x08, 0x42, 0x08, 0x42, 0x08, 0x42, 0x08, 0x42, 0x08, 0x42, 0x08, 0x42, 0x08, 0x42, 0x08, 0x42, 0x08, 0x42, 0x08, 0x05, 0x19, 0x42, 0x08, 0x42, 0x08, 0x42, 0x08, 0x42, 0x08, 0x42, 0x08,
  0x83, 0x08, 0x42, 0x08, 0x42, 0x08, 0x42, 0x08, 0x42, 0x08, 0x42, 0x08, 0x42, 0x08, 0x42, 0x08, 0x05, 0x19, 0x42, 0x08, 0x42, 0x08, 0x42, 0x08, 0x42, 0x08, 0x42, 0x08, 0x42, 0x08, 0x42, 0x08,
  0x42, 0x08, 0x42, 0x08, 0x42, 0x08, 0x42, 0x08, 0x42, 0x08, 0x42, 0x08, 0xe5, 0x10, 0x42, 0x08, 0x42, 0x08, 0x42, 0x08, 0x42, 0x08, 0x42, 0x08, 0x42, 0x08, 0x42, 0x08, 0x42, 0x08, 0x42, 0x08,
  0x83, 0x08, 0x42, 0x08, 0x42, 0x08, 0x42, 0x08, 0xe5, 0x10, 0x42, 0x08, 0x42, 0x08, 0x42, 0x08, 0x42, 0x08, 0x42, 0x08, 0x42, 0x08, 0x42, 0x08, 0x42, 0x08, 0x42, 0x08, 0x42, 0x08, 0x42, 0x08,
  0x42, 0x08, 0x42, 0x08, 0xe5, 0x10, 0x42, 0x08, 0x42, 0x08, 0x42, 0x08, 0x42, 0x08, 0x42, 0x08, 0x42, 0x08, 0x42, 0x08, 0x42, 0x08, 0x42, 0x08, 0x42, 0x08, 0x42, 0x08, 0x42, 0x08, 0x42, 0x08,
  0x83, 0x08, 0x42, 0x08, 0x42, 0x08, 0x42, 0x08, 0x42, 0x08, 0x42, 0x08, 0x42, 0x08, 0x42, 0x08, 0x42, 0x08, 0x42, 0x08, 0x42, 0x08, 0x42, 0x08, 0xe5, 0x10, 0x42, 0x08, 0x42, 0x08, 0x42, 0x08,
  0x42, 0x08, 0x42, 0x08, 0x42, 0x08, 0x42, 0x08, 0x42, 0x08, 0x42, 0x08, 0x42, 0x08, 0x42, 0x08, 0x42, 0x08, 0x42, 0x08, 0xe5, 0x10, 0x42, 0x08, 0x42, 0x08, 0x42, 0x08, 0x42, 0x08, 0x42, 0x08,
  0x83, 0x08, 0x42, 0x08, 0x42, 0x08, 0x42, 0x08, 0x42, 0x08, 0x42, 0x08, 0x42, 0x08, 0x42, 0x08, 0xe5, 0x10, 0x42, 0x08, 0x42, 0x08, 0x42, 0x08, 0x42, 0x08, 0x42, 0x08, 0x42, 0x08, 0x42, 0x08,
  0x42, 0x08, 0x42, 0x08, 0x42, 0x08, 0x42, 0x08, 0x42, 0x08, 0x42, 0x08, 0x05, 0x19, 0x42, 0x08, 0x42, 0x08, 0x42, 0x08, 0x42, 0x08, 0x42, 0x08, 0x42, 0x08, 0x42, 0x08, 0x42, 0x08, 0x42, 0x08,
  0x83, 0x08, 0x42, 0x08, 0x42, 0x08, 0x42, 0x08, 0x05, 0x19, 0x42, 0x08, 0x42, 0x08, 0x42, 0x08, 0x42, 0x08, 0x42, 0x08, 0x42, 0x08, 0x42, 0x08, 0x42, 0x08, 0x42, 0x08, 0x42, 0x08, 0x42, 0x08,
  0x42, 0x08, 0x42, 0x08, 0x06, 0x19, 0x42, 0x08, 0x42, 0x08, 0x42, 0x08, 0x42, 0x08, 0x42, 0x08, 0x42, 0x08, 0x42, 0x08, 0x42, 0x08, 0x42, 0x08, 0x42, 0x08, 0x42, 0x08, 0x42, 0x08, 0x42, 0x08,
  0x47, 0x19, 0x42, 0x08, 0x42, 0x08, 0x42, 0x08, 0x42, 0x08, 0x42, 0x08, 0x42, 0x08, 0x42, 0x08, 0x42, 0x08, 0x42, 0x08, 0x42, 0x08, 0x42, 0x08, 0x42, 0x08, 0x42, 0x08, 0x26, 0x19, 0x42, 0x08,
  0x42, 0x08, 0x42, 0x08, 0x42, 0x08, 0x42, 0x08, 0x42, 0x08, 0x42, 0x08, 0x42, 0x08, 0x42, 0x08, 0x42, 0x08, 0x42, 0x08, 0x42, 0x08, 0x42, 0x08, 0x26, 0x19, 0x42, 0x08, 0x42, 0x08, 0x42, 0x08,
  0x83, 0x08, 0x42, 0x08, 0x42, 0x08, 0x42, 0x08, 0x42, 0x08, 0x42, 0x08, 0x42, 0x08, 0x42, 0x08, 0x42, 0x08, 0x42, 0x08, 0x27, 0x19, 0x42, 0x08, 0x42, 0x08, 0x42, 0x08, 0x42, 0x08, 0x42, 0x08,
  0x42, 0x08, 0x42, 0x08, 0x42, 0x08, 0x42, 0x08, 0x42, 0x08, 0x42, 0x08, 0x42, 0x08, 0x42, 0x08, 0x27, 0x19, 0x42, 0x08, 0x42, 0x08, 0x42, 0x08, 0x42, 0x08, 0x42, 0x08, 0x42, 0x08, 0x42, 0x08,
  0x83, 0x08, 0x42, 0x08, 0x42, 0x08, 0x42, 0x08, 0x42, 0x08, 0x42, 0x08, 0x27, 0x19, 0x42, 0x08, 0x42, 0x08, 0x42, 0x08, 0x42, 0x08, 0x42, 0x08, 0x42, 0x08, 0x42, 0x08, 0x42, 0x08, 0x42, 0x08,
  0x42, 0x08, 0x42, 0x08, 0x42, 0x08, 0x42, 0x08, 0x42, 0x08, 0x42, 0x08, 0x27, 0x19, 0x42, 0x08, 0x8f, 0x3a, 0x42, 0x08, 0x42, 0x08, 0x42, 0x08, 0x42, 0x08, 0x42, 0x08, 0x42, 0x08, 0x42, 0x08,
  0x83, 0x08, 0x42, 0x08, 0x26, 0x19, 0x42, 0x08, 0x42, 0x08, 0x42, 0x08, 0x42, 0x08, 0x42, 0x08, 0x42, 0x08, 0x42, 0x08, 0x42, 0x08, 0x42, 0x08, 0x42, 0x08, 0x42, 0x08, 0x42, 0x08, 0x42, 0x08,
  0x26, 0x19, 0x42, 0x08, 0x42, 0x08, 0x42, 0x08, 0x42, 0x08, 0x42, 0x08, 0x42, 0x08, 0x42, 0x08, 0x42, 0x08, 0x42, 0x08, 0x42, 0x08, 0x42, 0x08, 0x42, 0x08, 0x42, 0x08, 0x06, 0x19, 0x42, 0x08,
  0x83, 0x08, 0x42, 0x08, 0x42, 0x08, 0x42, 0x08, 0x42, 0x08, 0x42, 0x08, 0x42, 0x08, 0x42, 0x08, 0x42, 0x08, 0x42, 0x08, 0x42, 0x08, 0x42, 0x08, 0x06, 0x19, 0x42, 0x08, 0x42, 0x08, 0x42, 0x08,
  0x42, 0x08, 0x42, 0x08, 0x42, 0x08, 0x42, 0x08, 0x42, 0x08, 0x42, 0x08, 0x42, 0x08, 0x42, 0x08, 0x42, 0x08, 0x42, 0x08, 0x05, 0x19, 0x42, 0x08, 0x42, 0x08, 0x42, 0x08, 0x42, 0x08, 0x42, 0x08,
  0x83, 0x08, 0x42, 0x08, 0x42, 0x08, 0x42, 0x08, 0x42, 0x08, 0x42, 0x08, 0x42, 0x08, 0x42, 0x08, 0x05, 0x19, 0x42, 0x08, 0x42, 0x08, 0x42, 0x08, 0x42, 0x08, 0x42, 0x08, 0x42, 0x08, 0x42, 0x08,
  0x42, 0x08, 0x42, 0x08, 0x42, 0x08, 0x42, 0x08, 0x42, 0x08, 0x42, 0x08, 0xe5, 0x10, 0x42, 0x08, 0x42, 0x08, 0x42, 0x08, 0x42, 0x08, 0x42, 0x08, 0x42, 0x08, 0x42, 0x08, 0x42, 0x08, 0x42, 0x08,
  0x83, 0x08, 0x42, 0x08, 0x42, 0x08, 0x42, 0x08, 0xe5, 0x10, 0x42, 0x08, 0x42, 0x08, 0x42, 0x08, 0x42, 0x08, 0x42, 0x08, 0x42, 0x08, 0x42, 0x08, 0x42, 0x08, 0x42, 0x08, 0x42, 0x08, 0x42, 0x08,
  0x42, 0x08, 0x42, 0x08, 0xe5, 0x10, 0x42, 0x08, 0x42, 0x08, 0x42, 0x08, 0x42, 0x08, 0x42, 0x08, 0x42, 0x08, 0x42, 0x08, 0x42, 0x08, 0x42, 0x08, 0x42, 0x08, 0x42, 0x08, 0x42, 0x08, 0x42, 0x08,
  0x83, 0x08, 0x42, 0x08, 0x42, 0x08, 0x42, 0x08, 0x42, 0x08, 0x42, 0x08, 0x42, 0x08, 0x42, 0x08, 0x42, 0x08, 0x42, 0x08, 0x42, 0x08, 0x42, 0x08, 0xe5, 0x10, 0x42, 0x08, 0x42, 0x08, 0x42, 0x08,
  0x42, 0x08, 0x42, 0x08, 0x42, 0x08, 0x42, 0x08, 0x42, 0x08, 0x42, 0x08, 0x42, 0x08, 0x42, 0x08, 0x42, 0x08, 0x42, 0x08, 0xe5, 0x10, 0x42, 0x08, 0x42, 0x08, 0x42, 0x08, 0x42, 0x08, 0x42, 0x08,
  0x83, 0x08, 0x42, 0x08, 0x42, 0x08, 0x42, 0x08, 0x42, 0x08, 0x42, 0x08, 0x42, 0x08, 0x42, 0x08, 0xe5, 0x10, 0x42, 0x08, 0x42, 0x08, 0x42, 0x08, 0x42, 0x08, 0x42, 0x08, 0x42, 0x08, 0x42, 0x08,
  0x42, 0x08, 0x42, 0x08, 0x42, 0x08, 0x42, 0x08, 0x42, 0x08, 0x42, 0x08, 0x05, 0x19, 0x42, 0x08, 0x42, 0x08, 0x42, 0x08, 0x42, 0x08, 0x42, 0x08, 0x42, 0x08, 0x42, 0x08, 0x42, 0x08, 0x42, 0x08,
  0x83, 0x08, 0x42, 0x08, 0x42, 0x08, 0x42, 0x08, 0x05, 0x19, 0x42, 0x08, 0x42, 0x08, 0x42, 0x08, 0x42, 0x08, 0x42, 0x08, 0x42, 0x08, 0x42, 0x08, 0x42, 0x08, 0x42, 0x08, 0x42, 0x08, 0x42, 0x08,
  0x42, 0x08, 0x42, 0x08, 0x06, 0x19, 0x42, 0x08, 0x42, 0x08, 0x42, 0x08, 0x42, 0x08, 0x42, 0x08, 0x42, 0x08, 0x42, 0x08, 0x42, 0x08, 0x42, 0x08, 0x42, 0x08, 0x42, 0x08, 0x42, 0x08, 0x42, 0x08,
  0x47, 0x19, 0x42, 0x08, 0x42, 0x08, 0x42, 0x08, 0x42, 0x08, 0x42, 0x08, 0x42, 0x08, 0x42, 0x08, 0x42, 0x08, 0x42, 0x08, 0x42, 0x08, 0x42, 0x08, 0x42, 0x08, 0x42, 0x08, 0x26, 0x19, 0x42, 0x08,
  0x42, 0x08, 0x42, 0x08, 0x42, 0x08, 0x42, 0x08, 0x42, 0x08, 0x42, 0x08, 0x42, 0x08, 0x42, 0x08, 0x42, 0x08, 0x42, 0x08, 0x42, 0x08, 0x42, 0x08, 0x26, 0x19, 0x42, 0x08, 0x42, 0x08, 0x42, 0x08,
  0x83, 0x08, 0x42, 0x08, 0x42, 0x08, 0x42, 0x08, 0x42, 0x08, 0x42, 0x08, 0x42, 0x08, 0x42, 0x08, 0x42, 0x08, 0x42, 0x08, 0x27, 0x19, 0x42, 0x08, 0x42, 0x08, 0x42, 0x08, 0x42, 0x08, 0x42, 0x08,
  0x42, 0x08, 0x42, 0x08, 0x42, 0x08, 0x42, 0x08, 0x42, 0x08, 0x42, 0x08, 0x42, 0x08, 0x42, 0x08, 0x27, 0x19, 0x42, 0x08, 0x42, 0x08, 0x42, 0x08, 0x42, 0x08, 0x42, 0x08, 0x42, 0x08, 0x42, 0x08,
  0x83, 0x08, 0x42, 0x08, 0x42, 0x08, 0x42, 0x08, 0x42, 0x08, 0x42, 0x08, 0x27, 0x19, 0x42, 0x08, 0x42, 0x08, 0x42, 0x08, 0x42, 0x08, 0x42, 0x08, 0x42, 0x08, 0x42, 0x08, 0x42, 0x08, 0x42, 0x08,
  0x42, 0x08, 0x42, 0x08, 0x42, 0x08, 0x42, 0x08, 0x42, 0x08, 0x27, 0x19, 0x42, 0x08, 0x42, 0x08, 0x8f, 0x3a, 0x42, 0x08, 0x42, 0x08, 0x42, 0x08, 0x42, 0x08, 0x42, 0x08, 0x42, 0x08, 0x42, 0x08,
  0x83, 0x08, 0x42, 0x08, 0x26, 0x19, 0x42, 0x08, 0x42, 0x08, 0x42, 0x08, 0x42, 0x08, 0x42, 0x08, 0x42, 0x08, 0x42, 0x08, 0x42, 0x08, 0x42, 0x08, 0x42, 0x08, 0x42, 0x08, 0x42, 0x08, 0x42, 0x08,
  0x26, 0x19, 0x42, 0x08, 0x42, 0x08, 0x42, 0x08, 0x42, 0x08, 0x42, 0x08, 0x42, 0x08, 0x42, 0x08, 0x42, 0x08, 0x42, 0x08, 0x42, 0x08, 0x42, 0x08, 0x42, 0x08, 0x42, 0x08, 0x06, 0x19, 0x42, 0x08,
  0x83, 0x08, 0x42, 0x08, 0x42, 0x08, 0x42, 0x08, 0x42, 0x08, 0x42, 0x08, 0x42, 0x08, 0x42, 0x08, 0x42, 0x08, 0x42, 0x08, 0x42, 0x08, 0x42, 0x08, 0x06, 0x19, 0x42, 0x08, 0x42, 0x08, 0x42, 0x08,
  0x42, 0x08, 0x42, 0x08, 0x42, 0x08, 0x42, 0x08, 0x42, 0x08, 0x42, 0x08, 0x42, 0x08, 0x42, 0x08, 0x42, 0x08, 0x42, 0x08, 0x05, 0x19, 0x42, 0x08, 0x42, 0x08, 0x42, 0x08, 0x42, 0x08, 0x42, 0x08,
  0x83, 0x08, 0x42, 0x08, 0x42, 0x08, 0x42, 0x08, 0x42, 0x08, 0x42, 0x08, 0x42, 0x08, 0x42, 0x08, 0x05, 0x19, 0x42, 0x08, 0x42, 0x08, 0x42, 0x08, 0x42, 0x08, 0x42, 0x08, 0x42, 0x08, 0x42, 0x08,
  0x42, 0x08, 0x42, 0x08, 0x42, 0x08, 0x42, 0x08, 0x42, 0x08, 0x42, 0x08, 0xe5, 0x10, 0x42, 0x08, 0x42, 0x08, 0x42, 0x08, 0x42, 0x08, 0x42, 0x08, 0x42, 0x08, 0x42, 0x08, 0x42, 0x08, 0x42, 0x08,
  0x83, 0x08, 0x42, 0x08, 0x42, 0x08, 0x42, 0x08, 0xe5, 0x10, 0x42, 0x08, 0x42, 0x08, 0x42, 0x08, 0x42, 0x08, 0x42, 0x08, 0x42, 0x08, 0x42, 0x08, 0x42, 0x08, 0x42, 0x08, 0x42, 0x08, 0x42, 0x08,
  0x42, 0x08, 0x42, 0x08, 0xe5, 0x10, 0x42, 0x08, 0x42, 0x08, 0x42, 0x08, 0x42, 0x08, 0x42, 0x08, 0x42, 0x08, 0x42, 0x08, 0x42, 0x08, 0x42, 0x08, 0x42, 0x08, 0x42, 0x08, 0x42, 0x08, 0x42, 0x08,
  0x83, 0x08, 0x42, 0x08, 0x42, 0x08, 0x42, 0x08, 0x42, 0x08, 0x42, 0x08, 0x42, 0x08, 0x42, 0x08, 0x42, 0x08, 0x42, 0x08, 0x42, 0x08, 0x42, 0x08, 0xe4, 0x10, 0x42, 0x08, 0x42, 0x08, 0x42, 0x08,
  0x42, 0x08, 0x42, 0x08, 0x42, 0x08, 0x42, 0x08, 0x42, 0x08, 0x42, 0x08, 0x42, 0x08, 0x42, 0x08, 0x42, 0x08, 0x42, 0x08, 0xe5, 0x10, 0x42, 0x08, 0x42, 0x08, 0x42, 0x08, 0x42, 0x08, 0x42, 0x08,
  0x83, 0x08, 0x42, 0x08, 0x42, 0x08, 0x42, 0x08, 0x42, 0x08, 0x42, 0x08, 0x42, 0x08, 0x42, 0x08, 0xe5, 0x10, 0x42, 0x08, 0x42, 0x08, 0x42, 0x08, 0x42, 0x08, 0x42, 0x08, 0x42, 0x08, 0x42, 0x08,
  0x42, 0x08, 0x42, 0x08, 0x42, 0x08, 0x42, 0x08, 0x42, 0x08, 0x42, 0x08, 0x05, 0x19, 0x42, 0x08, 0x42, 0x08, 0x42, 0x08, 0x42, 0x08, 0x42, 0x08, 0x42, 0x08, 0x42, 0x08, 0x42, 0x08, 0x42, 0x08,
  0x83, 0x08, 0x42, 0x08, 0x42, 0x08, 0x42, 0x08, 0x05, 0x19, 0x42, 0x08, 0x42, 0x08, 0x42, 0x08, 0x42, 0x08, 0x42, 0x08, 0x42, 0x08, 0x42, 0x08, 0x42, 0x08, 0x42, 0x08, 0x42, 0x08, 0x42, 0x08,
  0x42, 0x08, 0x42, 0x08, 0x06, 0x19, 0x42, 0x08, 0x42, 0x08, 0x42, 0x08, 0x42, 0x08, 0x42, 0x08, 0x42, 0x08, 0x42, 0x08, 0x42, 0x08, 0x42, 0x08, 0x42, 0x08, 0x42, 0x08, 0x42, 0x08, 0x42, 0x08,
  0x46, 0x19, 0x42, 0x08, 0x42, 0x08, 0x42, 0x08, 0x42, 0x08, 0x42, 0x08, 0x42, 0x08, 0x42, 0x08, 0x42, 0x08, 0x42, 0x08, 0x42, 0x08, 0x42, 0x08, 0x42, 0x08, 0x42, 0x08, 0x26, 0x19, 0x42, 0x08,
  0x42, 0x08, 0x42, 0x08, 0x42, 0x08, 0x42, 0x08, 0x42, 0x08, 0x42, 0x08, 0x42, 0x08, 0x42, 0x08, 0x42, 0x08, 0x42, 0x08, 0x42, 0x08, 0x42, 0x08, 0x26, 0x19, 0x42, 0x08, 0x42, 0x08, 0x42, 0x08,
  0x83, 0x08, 0x42, 0x08, 0x42, 0x08, 0x42, 0x08, 0x42, 0x08, 0x42, 0x08, 0x42, 0x08, 0x42, 0x08, 0x42, 0x08, 0x42, 0x08, 0x27, 0x19, 0x42, 0x08, 0x42, 0x08, 0x42, 0x08, 0x42, 0x08, 0x42, 0x08,
  0x42, 0x08, 0x42, 0x08, 0x42, 0x08, 0x42, 0x08, 0x42, 0x08, 0x42, 0x08, 0x42, 0x08, 0x42, 0x08, 0x27, 0x19, 0x42, 0x08, 0x42, 0x08, 0x42, 0x08, 0x42, 0x08, 0x42, 0x08, 0x42, 0x08, 0x42, 0x08,
  0x83, 0x08, 0x42, 0x08, 0x42, 0x08, 0x42, 0x08, 0x42, 0x08, 0x42, 0x08, 0x27, 0x19, 0x42, 0x08, 0x42, 0x08, 0x42, 0x08, 0x42, 0x08, 0x42, 0x08, 0x42, 0x08, 0x42, 0x08, 0x42, 0x08, 0x42, 0x08,
  0x42, 0x08, 0x42, 0x08, 0x42, 0x08, 0x42, 0x08, 0x27, 0x19, 0x42, 0x08, 0x42, 0x08, 0x42, 0x08, 0x8f, 0x3a, 0x42, 0x08, 0x42, 0x08, 0x42, 0x08, 0x42, 0x08, 0x42, 0x08, 0x42, 0x08, 0x42, 0x08,
  0x83, 0x08, 0x42, 0x08, 0x26, 0x19, 0x42, 0x08, 0x42, 0x08, 0x42, 0x08, 0x42, 0x08, 0x42, 0x08, 0x42, 0x08, 0x42, 0x08, 0x42, 0x08, 0x42, 0x08, 0x42, 0x08, 0x42, 0x08, 0x42, 0x08, 0x42, 0x08,
  0x26, 0x19, 0x42, 0x08, 0x42, 0x08, 0x42, 0x08, 0x42, 0x08, 0x42, 0x08, 0x42, 0x08, 0x42, 0x08, 0x42, 0x08, 0x42, 0x08, 0x42, 0x08, 0x42, 0x08, 0x42, 0x08, 0x42, 0x08, 0x06, 0x19, 0x42, 0x08,
  0x83, 0x08, 0x42, 0x08, 0x42, 0x08, 0x42, 0x08, 0x42, 0x08, 0x42, 0x08, 0x42, 0x08, 0x42, 0x08, 0x42, 0x08, 0x42, 0x08, 0x42, 0x08, 0x42, 0x08, 0x06, 0x19, 0x42, 0x08, 0x42, 0x08, 0x42, 0x08,
  0x42, 0x08, 0x42, 0x08, 0x42, 0x08, 0x42, 0x08, 0x42, 0x08, 0x42, 0x08, 0x42, 0x08, 0x42, 0x08, 0x42, 0x08, 0x42, 0x08, 0x05, 0x19, 0x42, 0x08, 0x42, 0x08, 0x42, 0x08, 0x42, 0x08, 0x42, 0x08,
  0x83, 0x08, 0x42, 0x08, 0x42, 0x08, 0x42, 0x08, 0x42, 0x08, 0x42, 0x08, 0x42, 0x08, 0x42, 0x08, 0x05, 0x19, 0x42, 0x08, 0x42, 0x08, 0x42, 0x08, 0x42, 0x08, 0x42, 0x08, 0x42, 0x08, 0x42, 0x08,
  0x42, 0x08, 0x42, 0x08, 0x42, 0x08, 0x42, 0x08, 0x42, 0x08, 0x42, 0x08, 0xe5, 0x10, 0x42, 0x08, 0x42, 0x08, 0x42, 0x08, 0x42, 0x08, 0x42, 0x08, 0x42, 0x08, 0x42, 0x08, 0x42, 0x08, 0x42, 0x08,
  0x83, 0x08, 0x42, 0x08, 0x42, 0x08, 0x42, 0x08, 0xe5, 0x10, 0x42, 0x08, 0x42, 0x08, 0x42, 0x08, 0x42, 0x08, 0x42, 0x08, 0x42, 0x08, 0x42, 0x08, 0x42, 0x08, 0x42, 0x08, 0x42, 0x08, 0x42, 0x08,
  0x42, 0x08, 0x42, 0x08, 0xe4, 0x10, 0x42, 0x08, 0x42, 0x08, 0x42, 0x08, 0x42, 0x08, 0x42, 0x08, 0x42, 0x08, 0x42, 0x08, 0x42, 0x08, 0x42, 0x08, 0x42, 0x08, 0x42, 0x08, 0x42, 0x08, 0x42, 0x08,
  0x83, 0x08, 0x42, 0x08, 0x42, 0x08, 0x42, 0x08, 0x42, 0x08, 0x42, 0x08, 0x42, 0x08, 0x42, 0x08, 0x42, 0x08, 0x42, 0x08, 0x42, 0x08, 0x42, 0x08, 0xe4, 0x10, 0x42, 0x08, 0x42, 0x08, 0x42, 0x08,
  0x42, 0x08, 0x42, 0x08, 0x42, 0x08, 0x42, 0x08, 0x42, 0x08, 0x42, 0x08, 0x42, 0x08, 0x42, 0x08, 0x42, 0x08, 0x42, 0x08, 0xe5, 0x10, 0x42, 0x08, 0x42, 0x08, 0x42, 0x08, 0x42, 0x08, 0x42, 0x08,
  0x83, 0x08, 0x42, 0x08, 0x42, 0x08, 0x42, 0x08, 0x42, 0x08, 0x42, 0x08, 0x42, 0x08, 0x42, 0x08, 0xe5, 0x10, 0x42, 0x08, 0x42, 0x08, 0x42, 0x08, 0x42, 0x08, 0x42, 0x08, 0x42, 0x08, 0x42, 0x08,
  0x42, 0x08, 0x42, 0x08, 0x42, 0x08, 0x42, 0x08, 0x42, 0x08, 0x42, 0x08, 0x05, 0x19, 0x42, 0x08, 0x42, 0x08, 0x42, 0x08, 0x42, 0x08, 0x42, 0x08, 0x42, 0x08, 0x42, 0x08, 0x42, 0x08, 0x42, 0x08,
  0x83, 0x08, 0x42, 0x08, 0x42, 0x08, 0x42, 0x08, 0x05, 0x19, 0x42, 0x08, 0x42, 0x08, 0x42, 0x08, 0x42, 0x08, 0x42, 0x08, 0x42, 0x08, 0x42, 0x08, 0x42, 0x08, 0x42, 0x08, 0x42, 0x08, 0x42, 0x08,
  0x42, 0x08, 0x42, 0x08, 0x06, 0x19, 0x42, 0x08, 0x42, 0x08, 0x42, 0x08, 0x42, 0x08, 0x42, 0x08, 0x42, 0x08, 0x42, 0x08, 0x42, 0x08, 0x42, 0x08, 0x42, 0x08, 0x42, 0x08, 0x42, 0x08, 0x42, 0x08,
  0x46, 0x19, 0x42, 0x08, 0x42, 0x08, 0x42, 0x08, 0x42, 0x08, 0x42, 0x08, 0x42, 0x08, 0x42, 0x08, 0x42, 0x08, 0x42, 0x08, 0x42, 0x08, 0x42, 0x08, 0x42, 0x08, 0x42, 0x08, 0x26, 0x19, 0x42, 0x08,
  0x42, 0x08, 0x42, 0x08, 0x42, 0x08, 0x42, 0x08, 0x42, 0x08, 0x42, 0x08, 0x42, 0x08, 0x42, 0x08, 0x42, 0x08, 0x42, 0x08, 0x42, 0x08, 0x42, 0x08, 0x26, 0x19, 0x42, 0x08, 0x42, 0x08, 0x42, 0x08,
  0x83, 0x08, 0x42, 0x08, 0x42, 0x08, 0x42, 0x08, 0x42, 0x08, 0x42, 0x08, 0x42, 0x08, 0x42, 0x08, 0x42, 0x08, 0x42, 0x08, 0x27, 0x19, 0x42, 0x08, 0x42, 0x08, 0x42, 0x08, 0x42, 0x08, 0x42, 0x08,
  0x42, 0x08, 0x42, 0x08, 0x42, 0x08, 0x42, 0x08, 0x42, 0x08, 0x42, 0x08, 0x42, 0x08, 0x42, 0x08, 0x27, 0x19, 0x42, 0x08, 0x42, 0x08, 0x42, 0x08, 0x42, 0x08, 0x42, 0x08, 0x42, 0x08, 0x42, 0x08,
  0x83, 0x08, 0x42, 0x08, 0x42, 0x08, 0x42, 0x08, 0x42, 0x08, 0x42, 0x08, 0x27, 0x19, 0x42, 0x08, 0x42, 0x08, 0x42, 0x08, 0x42, 0x08, 0x42, 0x08, 0x42, 0x08, 0x42, 0x08, 0x42, 0x08, 0x42, 0x08,
  0x42, 0x08, 0x42, 0x08, 0x42, 0x08, 0x42, 0x08, 0x27, 0x19, 0x42, 0x08, 0x42, 0x08, 0x42, 0x08, 0x8f, 0x3a, 0x42, 0x08, 0x42, 0x08, 0x42, 0x08, 0x42, 0x08, 0x42, 0x08, 0x42, 0x08, 0x42, 0x08,
  0x83, 0x08, 0x42, 0x08, 0x26, 0x19, 0x42, 0x08, 0x42, 0x08, 0x42, 0x08, 0x42, 0x08, 0x42, 0x08, 0x42, 0x08, 0x42, 0x08, 0x42, 0x08, 0x42, 0x08, 0x42, 0x08, 0x42, 0x08, 0x42, 0x08, 0x42, 0x08,
  0x26, 0x19, 0x42, 0x08, 0x42, 0x08, 0x42, 0x08, 0x42, 0x08, 0x42, 0x08, 0x42, 0x08, 0x42, 0x08, 0x42, 0x08, 0x42, 0x08, 0x42, 0x08, 0x42, 0x08, 0x42, 0x08, 0x42, 0x08, 0x06, 0x19, 0x42, 0x08,
  0x83, 0x08, 0x42, 0x08, 0x42, 0x08, 0x42, 0x08, 0x42, 0x08, 0x42, 0x08, 0x42, 0x08, 0x42, 0x08, 0x42, 0x08, 0x42, 0x08, 0x42, 0x08, 0x42, 0x08, 0x06, 0x19, 0x42, 0x08, 0x42, 0x08, 0x42, 0x08,
  0x42, 0x08, 0x42, 0x08, 0x42, 0x08, 0x42, 0x08, 0x42, 0x08, 0x42, 0x08, 0x42, 0x08, 0x42, 0x08, 0x42, 0x08, 0x42, 0x08, 0x05, 0x19, 0x42, 0x08, 0x42, 0x08, 0x42, 0x08, 0x42, 0x08, 0x42, 0x08,
  0x83, 0x08, 0x42, 0x08, 0x42, 0x08, 0x42, 0x08, 0x42, 0x08, 0x42, 0x08, 0x42, 0x08, 0x42, 0x08, 0x05, 0x19, 0x42, 0x08, 0x42, 0x08, 0x42, 0x08, 0x42, 0x08, 0x42, 0x08, 0x42, 0x08, 0x42, 0x08,
  0x42, 0x08, 0x42, 0x08, 0x42, 0x08, 0x42, 0x08, 0x42, 0x08, 0x42, 0x08, 0xe5, 0x10, 0x42, 0x08, 0x42, 0x08, 0x42, 0x08, 0x42, 0x08, 0x42, 0x08, 0x42, 0x08, 0x42, 0x08, 0x42, 0x08, 0x42, 0x08,
  0x83, 0x08, 0x42, 0x08, 0x42, 0x08, 0x42, 0x08, 0xe5, 0x10, 0x42, 0x08, 0x42, 0x08, 0x42, 0x08, 0x42, 0x08, 0x42, 0x08, 0x42, 0x08, 0x42, 0x08, 0x42, 0x08, 0x42, 0x08, 0x42, 0x08, 0x42, 0x08,
  0x42, 0x08, 0x42, 0x08, 0xe4, 0x10, 0x42, 0x08, 0x42, 0x08, 0x42, 0x08, 0x42, 0x08, 0x42, 0x08, 0x42, 0x08, 0x42, 0x08, 0x42, 0x08, 0x42, 0x08, 0x42, 0x08, 0x42, 0x08, 0x42, 0x08, 0x42, 0x08,
  0x83, 0x08, 0x42, 0x08, 0x42, 0x08, 0x42, 0x08, 0x42, 0x08, 0x42, 0x08, 0x42, 0x08, 0x42, 0x08, 0x42, 0x08, 0x42, 0x08, 0x42, 0x08, 0x42, 0x08, 0xe4, 0x10, 0x42, 0x08, 0x42, 0x08, 0x42, 0x08,
  0x42, 0x08, 0x42, 0x08, 0x42, 0x08, 0x42, 0x08, 0x42, 0x08, 0x42, 0x08, 0x42, 0x08, 0x42, 0x08, 0x42, 0x08, 0x42, 0x08, 0xe5, 0x10, 0x42, 0x08, 0x42, 0x08, 0x42, 0x08, 0x42, 0x08, 0x42, 0x08,
  0x83, 0x08, 0x42, 0x08, 0x42, 0x08, 0x42, 0x08, 0x42, 0x08, 0x42, 0x08, 0x42, 0x08, 0x42, 0x08, 0xe5, 0x10, 0x42, 0x08, 0x42, 0x08, 0x42, 0x08, 0x42, 0x08, 0x42, 0x08, 0x42, 0x08, 0x42, 0x08,
  0x42, 0x08, 0x42, 0x08, 0x42, 0x08, 0x42, 0x08, 0x42, 0x08, 0x42, 0x08, 0x05, 0x19, 0x42, 0x08, 0x42, 0x08, 0x42, 0x08, 0x42, 0x08, 0x42, 0x08, 0x42, 0x08, 0x42, 0x08, 0x42, 0x08, 0x42, 0x08,
  0x83, 0x08, 0x42, 0x08, 0x42, 0x08, 0x42, 0x08, 0x05, 0x19, 0x42, 0x08, 0x42, 0x08, 0x42, 0x08, 0x42, 0x08, 0x42, 0x08, 0x42, 0x08, 0x42, 0x08, 0x42, 0x08, 0x42, 0x08, 0x42, 0x08, 0x42, 0x08,
  0x42, 0x08, 0x42, 0x08, 0x06, 0x19, 0x42, 0x08, 0x42, 0x08, 0x42, 0x08, 0x42, 0x08, 0x42, 0x08, 0x42, 0x08, 0x42, 0x08, 0x42, 0x08, 0x42, 0x08, 0x42, 0x08, 0x42, 0x08, 0x42, 0x08, 0x42, 0x08,
  0x46, 0x19, 0x42, 0x08, 0x42, 0x08, 0x42, 0x08, 0x42, 0x08, 0x42, 0x08, 0x42, 0x08, 0x42, 0x08, 0x42, 0x08, 0x42, 0x08, 0x42, 0x08, 0x42, 0x08, 0x42, 0x08, 0x42, 0x08, 0x26, 0x19, 0x42, 0x08,
  0x42, 0x08, 0x42, 0x08, 0x42, 0x08, 0x42, 0x08, 0x42, 0x08, 0x42, 0x08, 0x42, 0x08, 0x42, 0x08, 0x42, 0x08, 0x42, 0x08, 0x42, 0x08, 0x42, 0x08, 0x26, 0x19, 0x42, 0x08, 0x42, 0x08, 0x42, 0x08,
  0x83, 0x08, 0x42, 0x08, 0x42, 0x08, 0x42, 0x08, 0x42, 0x08, 0x42, 0x08, 0x42, 0x08, 0x42, 0x08, 0x42, 0x08, 0x42, 0x08, 0x27, 0x19, 0x42, 0x08, 0x42, 0x08, 0x42, 0x08, 0x42, 0x08, 0x42, 0x08,
  0x42, 0x08, 0x42, 0x08, 0x42, 0x08, 0x42, 0x08, 0x42, 0x08, 0x42, 0x08, 0x42, 0x08, 0x42, 0x08, 0x27, 0x19, 0x42, 0x08, 0x42, 0x08, 0x42, 0x08, 0x42, 0x08, 0x42, 0x08, 0x42, 0x08, 0x42, 0x08,
  0x83, 0x08, 0x42, 0x08, 0x42, 0x08, 0x42, 0x08, 0x42, 0x08, 0x42, 0x08, 0x27, 0x19, 0x42, 0x08, 0x42, 0x08, 0x42, 0x08, 0x42, 0x08, 0x42, 0x08, 0x42, 0x08, 0x42, 0x08, 0x42, 0x08, 0x42, 0x08,
  0x42, 0x08, 0x42, 0x08, 0x42, 0x08, 0x42, 0x08, 0x27, 0x19, 0x42, 0x08, 0x42, 0x08, 0x42, 0x08, 0x8f, 0x3a, 0x42, 0x08, 0x42, 0x08, 0x42, 0x08, 0x42, 0x08, 0x42, 0x08, 0x42, 0x08, 0x42, 0x08,
  0x83, 0x08, 0x42, 0x08, 0x26, 0x19, 0x42, 0x08, 0x42, 0x08, 0x42, 0x08, 0x42, 0x08, 0x42, 0x08, 0x42, 0x08, 0x42, 0x08, 0x42, 0x08, 0x42, 0x08, 0x42, 0x08, 0x42, 0x08, 0x42, 0x08, 0x42, 0x08,
  0x26, 0x19, 0x42, 0x08, 0x42, 0x08, 0x42, 0x08, 0x42, 0x08, 0x42, 0x08, 0x42, 0x08, 0x42, 0x08, 0x42, 0x08, 0x42, 0x08, 0x42, 0x08, 0x42, 0x08, 0x42, 0x08, 0x42, 0x08, 0x06, 0x19, 0x42, 0x08,
  0x83, 0x08, 0x42, 0x08, 0x42, 0x08, 0x42, 0x08, 0x42, 0x08, 0x42, 0x08, 0x42, 0x08, 0x42, 0x08, 0x42, 0x08, 0x42, 0x08, 0x42, 0x08, 0x42, 0x08, 0x06, 0x19, 0x42, 0x08, 0x42, 0x08, 0x42, 0x08,
  0x42, 0x08, 0x42, 0x08, 0x42, 0x08, 0x42, 0x08, 0x42, 0x08, 0x42, 0x08, 0x42, 0x08, 0x42, 0x08, 0x42, 0x08, 0x42, 0x08, 0x05, 0x19, 0x42, 0x08, 0x42, 0x08, 0x42, 0x08, 0x42, 0x08, 0x42, 0x08,
  0x83, 0x08, 0x42, 0x08, 0x42, 0x08, 0x42, 0x08, 0x42, 0x08, 0x42, 0x08, 0x42, 0x08, 0x42, 0x08, 0x05, 0x19, 0x42, 0x08, 0x42, 0x08, 0x42, 0x08, 0x42, 0x08, 0x42, 0x08, 0x42, 0x08, 0x42, 0x08,
  0x42, 0x08, 0x42, 0x08, 0x42, 0x08, 0x42, 0x08, 0x42, 0x08, 0x42, 0x08, 0xe5, 0x10, 0x42, 0x08, 0x42, 0x08, 0x42, 0x08, 0x42, 0x08, 0x42, 0x08, 0x42, 0x08, 0x42, 0x08, 0x42, 0x08, 0x42, 0x08,
  0x83, 0x08, 0x42, 0x08, 0x42, 0x08, 0x42, 0x08, 0xe5, 0x10, 0x42, 0x08, 0x42, 0x08, 0x42, 0x08, 0x42, 0x08, 0x42, 0x08, 0x42, 0x08, 0x42, 0x08, 0x42, 0x08, 0x42, 0x08, 0x42, 0x08, 0x42, 0x08,
  0x42, 0x08, 0x42, 0x08, 0xe4, 0x10, 0x42, 0x08, 0x42, 0x08, 0x42, 0x08, 0x42, 0x08, 0x42, 0x08, 0x42, 0x08, 0x42, 0x08, 0x42, 0x08, 0x42, 0x08, 0x42, 0x08, 0x42, 0x08, 0x42, 0x08, 0x42, 0x08,
  0x83, 0x08, 0x42, 0x08, 0x42, 0x08, 0x42, 0x08, 0x42, 0x08, 0x42, 0x08, 0x42, 0x08, 0x42, 0x08, 0x42, 0x08, 0x42, 0x08, 0x42, 0x08, 0x42, 0x08, 0xe4, 0x10, 0x42, 0x08, 0x42, 0x08, 0x42, 0x08,
  0x42, 0x08, 0x42, 0x08, 0x42, 0x08, 0x42, 0x08, 0x42, 0x08, 0x42, 0x08, 0x42, 0x08, 0x42, 0x08, 0x42, 0x08, 0x42, 0x08, 0xe5, 0x10, 0x42, 0x08, 0x42, 0x08, 0x42, 0x08, 0x42, 0x08, 0x42, 0x08,
  0x83, 0x08, 0x42, 0x08, 0x42, 0x08, 0x42, 0x08, 0x42, 0x08, 0x42, 0x08, 0x42, 0x08, 0x42, 0x08, 0xe5, 0x10, 0x42, 0x08, 0x42, 0x08, 0x42, 0x08, 0x42, 0x08, 0x42, 0x08, 0x42, 0x08, 0x42, 0x08,
  0x42, 0x08, 0x42, 0x08, 0x42, 0x08, 0x42, 0x08, 0x42, 0x08, 0x42, 0x08, 0x05, 0x19, 0x42, 0x08, 0x42, 0x08, 0x42, 0x08, 0x42, 0x08, 0x42, 0x08, 0x42, 0x08, 0x42, 0x08, 0x42, 0x08, 0x42, 0x08,
  0x83, 0x08, 0x42, 0x08, 0x42, 0x08, 0x42, 0x08, 0x05, 0x19, 0x42, 0x08, 0x42, 0x08, 0x42, 0x08, 0x42, 0x08, 0x42, 0x08, 0x42, 0x08, 0x42, 0x08, 0x42, 0x08, 0x42, 0x08, 0x42, 0x08, 0x42, 0x08,
  0x42, 0x08, 0x42, 0x08, 0x06, 0x19, 0x42, 0x08, 0x42, 0x08, 0x42, 0x08, 0x42, 0x08, 0x42, 0x08, 0x42, 0x08, 0x42, 0x08, 0x42, 0x08, 0x42, 0x08, 0x42, 0x08, 0x42, 0x08, 0x42, 0x08, 0x42, 0x08,
  0x46, 0x19, 0x42, 0x08, 0x42, 0x08, 0x42, 0x08, 0x42, 0x08, 0x42, 0x08, 0x42, 0x08, 0x42, 0x08, 0x42, 0x08, 0x42, 0x08, 0x42, 0x08, 0x42, 0x08, 0x42, 0x08, 0x42, 0x08, 0x26, 0x19, 0x42, 0x08,
  0x42, 0x08, 0x42, 0x08, 0x42, 0x08, 0x42, 0x08, 0x42, 0x08, 0x42, 0x08, 0x42, 0x08, 0x42, 0x08, 0x42, 0x08, 0x42, 0x08, 0x42, 0x08, 0x42, 0x08, 0x26, 0x19, 0x42, 0x08, 0x42, 0x08, 0x42, 0x08,
  0x83, 0x08, 0x42, 0x08, 0x42, 0x08, 0x42, 0x08, 0x42, 0x08, 0x42, 0x08, 0x42, 0x08, 0x42, 0x08, 0x42, 0x08, 0x42, 0x08, 0x27, 0x19, 0x42, 0x08, 0x42, 0x08, 0x42, 0x08, 0x42, 0x08, 0x42, 0x08,
  0x42, 0x08, 0x42, 0x08, 0x42, 0x08, 0x42, 0x08, 0x42, 0x08, 0x42, 0x08, 0x42, 0x08, 0x42, 0x08, 0x27, 0x19, 0x42, 0x08, 0x42, 0x08, 0x42, 0x08, 0x42, 0x08, 0x42, 0x08, 0x42, 0x08, 0x42, 0x08,
  0x83, 0x08, 0x42, 0x08, 0x42, 0x08, 0x42, 0x08, 0x42, 0x08, 0x42, 0x08, 0x27, 0x19, 0x42, 0x08, 0x42, 0x08, 0x42, 0x08, 0x42, 0x08, 0x42, 0x08, 0x42, 0x08, 0x42, 0x08, 0x42, 0x08, 0x42, 0x08,
  0x42, 0x08, 0x42, 0x08, 0x42, 0x08, 0x42, 0x08, 0x27, 0x19, 0x42, 0x08, 0x42, 0x08, 0x42, 0x08, 0x8f, 0x3a, 0x42, 0x08, 0x42, 0x08, 0x42, 0x08, 0x42, 0x08, 0x42, 0x08, 0x42, 0x08, 0x42, 0x08,
  0x83, 0x08, 0x42, 0x08, 0x26, 0x19, 0x42, 0x08, 0x42, 0x08, 0x42, 0x08, 0x42, 0x08, 0x42, 0x08, 0x42, 0x08, 0x42, 0x08, 0x42, 0x08, 0x42, 0x08, 0x42, 0x08, 0x42, 0x08, 0x42, 0x08, 0x42, 0x08,
  0x26, 0x19, 0x42, 0x08, 0x42, 0x08, 0x42, 0x08, 0x42, 0x08, 0x42, 0x08, 0x42, 0x08, 0x42, 0x08, 0x42, 0x08, 0x42, 0x08, 0x42, 0x08, 0x42, 0x08, 0x42, 0x08, 0x42, 0x08, 0x06, 0x19, 0x42, 0x08,
  0x83, 0x08, 0x42, 0x08, 0x42, 0x08, 0x42, 0x08, 0x42, 0x08, 0x42, 0x08, 0x42, 0x08, 0x42, 0x08, 0x42, 0x08, 0x42, 0x08, 0x42, 0x08, 0x42, 0x08, 0x06, 0x19, 0x42, 0x08, 0x42, 0x08, 0x42, 0x08,
  0x42, 0x08, 0x42, 0x08, 0x42, 0x08, 0x42, 0x08, 0x42, 0x08, 0x42, 0x08, 0x42, 0x08, 0x42, 0x08, 0x42, 0x08, 0x42, 0x08, 0x05, 0x19, 0x42, 0x08, 0x42, 0x08, 0x42, 0x08, 0x42, 0x08, 0x42, 0x08,
  0x83, 0x08, 0x42, 0x08, 0x42, 0x08, 0x42, 0x08, 0x42, 0x08, 0x42, 0x08, 0x42, 0x08, 0x42, 0x08, 0x05, 0x19, 0x42, 0x08, 0x42, 0x08, 0x42, 0x08, 0x42, 0x08, 0x42, 0x08, 0x42, 0x08, 0x42, 0x08,
  0x42, 0x08, 0x42, 0x08, 0x42, 0x08, 0x42, 0x08, 0x42, 0x08, 0x42, 0x08, 0xe5, 0x10, 0x42, 0x08, 0x42, 0x08, 0x42, 0x08, 0x42, 0x08, 0x42, 0x08, 0x42, 0x08, 0x42, 0x08, 0x42, 0x08, 0x42, 0x08,
  0x83, 0x08, 0x42, 0x08, 0x42, 0x08, 0x42, 0x08, 0xe5, 0x10, 0x42, 0x08, 0x42, 0x08, 0x42, 0x08, 0x42, 0x08, 0x42, 0x08, 0x42, 0x08, 0x42, 0x08, 0x42, 0x08, 0x42, 0x08, 0x42, 0x08, 0x42, 0x08,
  0x42, 0x08, 0x42, 0x08, 0xe4, 0x10, 0x42, 0x08, 0x42, 0x08, 0x42, 0x08, 0x42, 0x08, 0x42, 0x08, 0x42, 0x08, 0x42, 0x08, 0x42, 0x08, 0x42, 0x08, 0x42, 0x08, 0x42, 0x08, 0x42, 0x08, 0x42, 0x08,
  0x83, 0x08, 0x42, 0x08, 0x42, 0x08, 0x42, 0x08, 0x42, 0x08, 0x42, 0x08, 0x42, 0x08, 0x42, 0x08, 0x42, 0x08, 0x42, 0x08, 0x42, 0x08, 0x42, 0x08, 0xe4, 0x10, 0x42, 0x08, 0x42, 0x08, 0x42, 0x08,
  0x42, 0x08, 0x42, 0x08, 0x42, 0x08, 0x42, 0x08, 0x42, 0x08, 0x42, 0x08, 0x42, 0x08, 0x42, 0x08, 0x42, 0x08, 0x42, 0x08, 0xe5, 0x10, 0x42, 0x08, 0x42, 0x08, 0x42, 0x08, 0x42, 0x08, 0x42, 0x08,
  0x83, 0x08, 0x42, 0x08, 0x42, 0x08, 0x42, 0x08, 0x42, 0x08, 0x42, 0x08, 0x42, 0x08, 0x42, 0x08, 0xe5, 0x10, 0x42, 0x08, 0x42, 0x08, 0x42, 0x08, 0x42, 0x08, 0x42, 0x08, 0x42, 0x08, 0x42, 0x08,
  0x42, 0x08, 0x42, 0x08, 0x42, 0x08, 0x42, 0x08, 0x42, 0x08, 0x42, 0x08, 0x05, 0x19, 0x42, 0x08, 0x42, 0x08, 0x42, 0x08, 0x42, 0x08, 0x42, 0x08, 0x42, 0x08, 0x42, 0x08, 0x42, 0x08, 0x42, 0x08,
  0x83, 0x08, 0x42, 0x08, 0x42, 0x08, 0x42, 0x08, 0x05, 0x19, 0x42, 0x08, 0x42, 0x08, 0x42, 0x08, 0x42, 0x08, 0x42, 0x08, 0x42, 0x08, 0x42, 0x08, 0x42, 0x08, 0x42, 0x08, 0x42, 0x08, 0x42, 0x08,
  0x42, 0x08, 0x42, 0x08, 0x06, 0x19, 0x42, 0x08, 0x42, 0x08, 0x42, 0x08, 0x42, 0x08, 0x42, 0x08, 0x42, 0x08, 0x42, 0x08, 0x42, 0x08, 0x42, 0x08, 0x42, 0x08, 0x42, 0x08, 0x42, 0x08, 0x42, 0x08,
  0x46, 0x19, 0x42, 0x08, 0x42, 0x08, 0x42, 0x08, 0x42, 0x08, 0x42, 0x08, 0x42, 0x08, 0x42, 0x08, 0x42, 0x08, 0x42, 0x08, 0x42, 0x08, 0x42, 0x08, 0x42, 0x08, 0x42, 0x08, 0x26, 0x19, 0x42, 0x08,
  0x42, 0x08, 0x42, 0x08, 0x42, 0x08, 0x42, 0x08, 0x42, 0x08, 0x42, 0x08, 0x42, 0x08, 0x42, 0x08, 0x42, 0x08, 0x42, 0x08, 0x42, 0x08, 0x42, 0x08, 0x26, 0x19, 0x42, 0x08, 0x42, 0x08, 0x42, 0x08,
  0x83, 0x08, 0x42, 0x08, 0x42, 0x08, 0x42, 0x08, 0x42, 0x08, 0x42, 0x08, 0x42, 0x08, 0x42, 0x08, 0x42, 0x08, 0x42, 0x08, 0x27, 0x19, 0x42, 0x08, 0x42, 0x08, 0x42, 0x08, 0x42, 0x08, 0x42, 0x08,
  0x42, 0x08, 0x42, 0x08, 0x42, 0x08, 0x42, 0x08, 0x42, 0x08, 0x42, 0x08, 0x42, 0x08, 0x42, 0x08, 0x27, 0x19, 0x42, 0x08, 0x42, 0x08, 0x42, 0x08, 0x42, 0x08, 0x42, 0x08, 0x42, 0x08, 0x42, 0x08,
  0x83, 0x08, 0x42, 0x08, 0x42, 0x08, 0x42, 0x08, 0x42, 0x08, 0x42, 0x08, 0x27, 0x19, 0x42, 0x08, 0x42, 0x08, 0x42, 0x08, 0x42, 0x08, 0x42, 0x08, 0x42, 0x08, 0x42, 0x08, 0x42, 0x08, 0x42, 0x08,
  0x42, 0x08, 0x42, 0x08, 0x42, 0x08, 0x42, 0x08, 0x27, 0x19, 0x42, 0x08, 0x42, 0x08, 0x42, 0x08, 0x8f, 0x3a, 0x42, 0x08, 0x42, 0x08, 0x42, 0x08, 0x42, 0x08, 0x42, 0x08, 0x42, 0x08, 0x42, 0x08,
  0x83, 0x08, 0x42, 0x08, 0x26, 0x19, 0x42, 0x08, 0x42, 0x08, 0x42, 0x08, 0x42, 0x08, 0x42, 0x08, 0x42, 0x08, 0x42, 0x08, 0x42, 0x08, 0x42, 0x08, 0x42, 0x08, 0x42, 0x08, 0x42, 0x08, 0x42, 0x08,
  0x26, 0x19, 0x42, 0x08, 0x42, 0x08, 0x42, 0x08, 0x42, 0x08, 0x42, 0x08, 0x42, 0x08, 0x42, 0x08, 0x42, 0x08, 0x42, 0x08, 0x42, 0x08, 0x42, 0x08, 0x42, 0x08, 0x42, 0x08, 0x06, 0x19, 0x42, 0x08,
  0x83, 0x08, 0x42, 0x08, 0x42, 0x08, 0x42, 0x08, 0x42, 0x08, 0x42, 0x08, 0x42, 0x08, 0x42, 0x08, 0x42, 0x08, 0x42, 0x08, 0x42, 0x08, 0x42, 0x08, 0x06, 0x19, 0x42, 0x08, 0x42, 0x08, 0x42, 0x08,
  0x42, 0x08, 0x42, 0x08, 0x42, 0x08, 0x42, 0x08, 0x42, 0x08, 0x42, 0x08, 0x42, 0x08, 0x42, 0x08, 0x42, 0x08, 0x42, 0x08, 0x05, 0x19, 0x42, 0x08, 0x42, 0x08, 0x42, 0x08, 0x42, 0x08, 0x42, 0x08,
  0x83, 0x08, 0x42, 0x08, 0x42, 0x08, 0x42, 0x08, 0x42, 0x08, 0x42, 0x08, 0x42, 0x08, 0x42, 0x08, 0x05, 0x19, 0x42, 0x08, 0x42, 0x08, 0x42, 0x08, 0x42, 0x08, 0x42, 0x08, 0x42, 0x08, 0x42, 0x08,
  0x42, 0x08, 0x42, 0x08, 0x42, 0x08, 0x42, 0x08, 0x42, 0x08, 0x42, 0x08, 0xe5, 0x10, 0x42, 0x08, 0x42, 0x08, 0x42, 0x08, 0x42, 0x08, 0x42, 0x08, 0x42, 0x08, 0x42, 0x08, 0x42, 0x08, 0x42, 0x08,
  0x83, 0x08, 0x42, 0x08, 0x42, 0x08, 0x42, 0x08, 0xe5, 0x10, 0x42, 0x08, 0x42, 0x08, 0x42, 0x08, 0x42, 0x08, 0x42, 0x08, 0x42, 0x08, 0x42, 0x08, 0x42, 0x08, 0x42, 0x08, 0x42, 0x08, 0x42, 0x08,
  0x42, 0x08, 0x42, 0x08, 0xe4, 0x10, 0x42, 0x08, 0x42, 0x08, 0x42, 0x08, 0x42, 0x08, 0x42, 0x08, 0x42, 0x08, 0x42, 0x08, 0x42, 0x08, 0x42, 0x08, 0x42, 0x08, 0x42, 0x08, 0x42, 0x08, 0x42, 0x08,
  0x83, 0x08, 0x42, 0x08, 0x42, 0x08, 0x42, 0x08, 0x42, 0x08, 0x42, 0x08, 0x42, 0x08, 0x42, 0x08, 0x42, 0x08, 0x42, 0x08, 0x42, 0x08, 0x42, 0x08, 0xe4, 0x10, 0x42, 0x08, 0x42, 0x08, 0x42, 0x08,
  0x42, 0x08, 0x42, 0x08, 0x42, 0x08, 0x42, 0x08, 0x42, 0x08, 0x42, 0x08, 0x42, 0x08, 0x42, 0x08, 0x42, 0x08, 0x42, 0x08, 0xe5, 0x10, 0x42, 0x08, 0x42, 0x08, 0x42, 0x08, 0x42, 0x08, 0x42, 0x08,
  0x83, 0x08, 0x42, 0x08, 0x42, 0x08, 0x42, 0x08, 0x42, 0x08, 0x42, 0x08, 0x42, 0x08, 0x42, 0x08, 0xe5, 0x10, 0x42, 0x08, 0x42, 0x08, 0x42, 0x08, 0x42, 0x08, 0x42, 0x08, 0x42, 0x08, 0x42, 0x08,
  0x42, 0x08, 0x42, 0x08, 0x42, 0x08, 0x42, 0x08, 0x42, 0x08, 0x42, 0x08, 0x05, 0x19, 0x42, 0x08, 0x42, 0x08, 0x42, 0x08, 0x42, 0x08, 0x42, 0x08, 0x42, 0x08, 0x42, 0x08, 0x42, 0x08, 0x42, 0x08,
  0x83, 0x08, 0x42, 0x08, 0x42, 0x08, 0x42, 0x08, 0x05, 0x19, 0x42, 0x08, 0x42, 0x08, 0x42, 0x08, 0x42, 0x08, 0x42, 0x08, 0x42, 0x08, 0x42, 0x08, 0x42, 0x08, 0x42, 0x08, 0x42, 0x08, 0x42, 0x08,
  0x42, 0x08, 0x42, 0x08, 0x06, 0x19, 0x42, 0x08, 0x42, 0x08, 0x42, 0x08, 0x42, 0x08, 0x42, 0x08, 0x42, 0x08, 0x42, 0x08, 0x42, 0x08, 0x42, 0x08, 0x42, 0x08, 0x42, 0x08, 0x42, 0x08, 0x42, 0x08,
  0x46, 0x19, 0x42, 0x08, 0x42, 0x08, 0x42, 0x08, 0x42, 0x08, 0x42, 0x08, 0x42, 0x08, 0x42, 0x08, 0x42, 0x08, 0x42, 0x08, 0x42, 0x08, 0x42, 0x08, 0x42, 0x08, 0x42, 0x08, 0x26, 0x19, 0x42, 0x08,
  0x42, 0x08, 0x42, 0x08, 0x42, 0x08, 0x42, 0x08, 0x42, 0x08, 0x42, 0x08, 0x42, 0x08, 0x42, 0x08, 0x42, 0x08, 0x42, 0x08, 0x42, 0x08, 0x42, 0x08, 0x26, 0x19, 0x42, 0x08, 0x42, 0x08, 0x42, 0x08,
  0x83, 0x08, 0x42, 0x08, 0x42, 0x08, 0x42, 0x08, 0x42, 0x08, 0x42, 0x08, 0x42, 0x08, 0x42, 0x08, 0x42, 0x08, 0x42, 0x08, 0x27, 0x19, 0x42, 0x08, 0x42, 0x08, 0x42, 0x08, 0x42, 0x08, 0x42, 0x08,
  0x42, 0x08, 0x42, 0x08, 0x42, 0x08, 0x42, 0x08, 0x42, 0x08, 0x42, 0x08, 0x42, 0x08, 0x42, 0x08, 0x27, 0x19, 0x42, 0x08, 0x42, 0x08, 0x42, 0x08, 0x42, 0x08, 0x42, 0x08, 0x42, 0x08, 0x42, 0x08,
  0x83, 0x08, 0x42, 0x08, 0x42, 0x08, 0x42, 0x08, 0x42, 0x08, 0x42, 0x08, 0x27, 0x19, 0x42, 0x08, 0x42, 0x08, 0x42, 0x08, 0x42, 0x08, 0x42, 0x08, 0x42, 0x08, 0x42, 0x08, 0x42, 0x08, 0x42, 0x08,
  0x42, 0x08, 0x42, 0x08, 0x42, 0x08, 0x42, 0x08, 0x27, 0x19, 0x42, 0x08, 0x42, 0x08, 0x42, 0x08, 0x42, 0x08, 0x42, 0x08, 0x42, 0x08, 0x42, 0x08, 0x42, 0x08, 0x42, 0x08, 0x42, 0x08, 0x42, 0x08,
  0x83, 0x08, 0x42, 0x08, 0x26, 0x19, 0x42, 0x08, 0x42, 0x08, 0x42, 0x08, 0x42, 0x08, 0x42, 0x08, 0x42, 0x08, 0x42, 0x08, 0x42, 0x08, 0x42, 0x08, 0x42, 0x08, 0x42, 0x08, 0x42, 0x08, 0x42, 0x08,
  0x26, 0x19, 0x42, 0x08, 0x42, 0x08, 0x42, 0x08, 0x42, 0x08, 0x42, 0x08, 0x42, 0x08, 0x42, 0x08, 0x42, 0x08, 0x42, 0x08, 0x42, 0x08, 0x42, 0x08, 0x42, 0x08, 0x42, 0x08, 0x06, 0x19, 0x42, 0x08,
  0x83, 0x08, 0x42, 0x08, 0x42, 0x08, 0x42, 0x08, 0x42, 0x08, 0x42, 0x08, 0x42, 0x08, 0x42, 0x08, 0x42, 0x08, 0x42, 0x08, 0x42, 0x08, 0x42, 0x08, 0x06, 0x19, 0x42, 0x08, 0x42, 0x08, 0x42, 0x08,
  0x42, 0x08, 0x42, 0x08, 0x42, 0x08, 0x42, 0x08, 0x42, 0x08, 0x42, 0x08, 0x42, 0x08, 0x42, 0x08, 0x42, 0x08, 0x42, 0x08, 0x05, 0x19, 0x42, 0x08, 0x42, 0x08, 0x42, 0x08, 0x42, 0x08, 0x42, 0x08,
  0x83, 0x08, 0x42, 0x08, 0x42, 0x08, 0x42, 0x08, 0x42, 0x08, 0x42, 0x08, 0x42, 0x08, 0x42, 0x08, 0x05, 0x19, 0x42, 0x08, 0x42, 0x08, 0x42, 0x08, 0x42, 0x08, 0x42, 0x08, 0x42, 0x08, 0x42, 0x08,
  0x42, 0x08, 0x42, 0x08, 0x42, 0x08, 0x42, 0x08, 0x42, 0x08, 0x42, 0x08, 0xe5, 0x10, 0x42, 0x08, 0x42, 0x08, 0x42, 0x08, 0x42, 0x08, 0x42, 0x08, 0x42, 0x08, 0x42, 0x08, 0x42, 0x08, 0x42, 0x08,
  0x83, 0x08, 0x42, 0x08, 0x42, 0x08, 0x42, 0x08, 0xe5, 0x10, 0x42, 0x08, 0x42, 0x08, 0x42, 0x08, 0x42, 0x08, 0x42, 0x08, 0x42, 0x08, 0x42, 0x08, 0x42, 0x08, 0x42, 0x08, 0x42, 0x08, 0x42, 0x08,
  0x42, 0x08, 0x42, 0x08, 0xe4, 0x10, 0x42, 0x08, 0x42, 0x08, 0x42, 0x08, 0x42, 0x08, 0x42, 0x08, 0x42, 0x08, 0x42, 0x08, 0x42, 0x08, 0x42, 0x08, 0x42, 0x08, 0x42, 0x08, 0x42, 0x08, 0x42, 0x08,
  0x83, 0x08, 0x42, 0x08, 0x42, 0x08, 0x42, 0x08, 0x42, 0x08, 0x42, 0x08, 0x42, 0x08, 0x42, 0x08, 0x42, 0x08, 0x42, 0x08, 0x42, 0x08, 0x42, 0x08, 0xe4, 0x10, 0x42, 0x08, 0x42, 0x08, 0x42, 0x08,
  0x42, 0x08, 0x42, 0x08, 0x42, 0x08, 0x42, 0x08, 0x42, 0x08, 0x42, 0x08, 0x42, 0x08, 0x42, 0x08, 0x42, 0x08, 0x42, 0x08, 0xe5, 0x10, 0x42, 0x08, 0x42, 0x08, 0x42, 0x08, 0x42, 0x08, 0x42, 0x08,
  0x83, 0x08, 0x42, 0x08, 0x42, 0x08, 0x42, 0x08, 0x42, 0x08, 0x42, 0x08, 0x42, 0x08, 0x42, 0x08, 0xe5, 0x10, 0x42, 0x08, 0x42, 0x08, 0x42, 0x08, 0x42, 0x08, 0x42, 0x08, 0x42, 0x08, 0x42, 0x08,
  0x42, 0x08, 0x42, 0x08, 0x42, 0x08, 0x42, 0x08, 0x42, 0x08, 0x42, 0x08, 0x05, 0x19, 0x42, 0x08, 0x42, 0x08, 0x42, 0x08, 0x42, 0x08, 0x42, 0x08, 0x42, 0x08, 0x42, 0x08, 0x42, 0x08, 0x42, 0x08,
  0x83, 0x08, 0x42, 0x08, 0x42, 0x08, 0x42, 0x08, 0x05, 0x19, 0x42, 0x08, 0x42, 0x08, 0x42, 0x08, 0x42, 0x08, 0x42, 0x08, 0x42, 0x08, 0x42, 0x08, 0x42, 0x08, 0x42, 0x08, 0x42, 0x08, 0x42, 0x08,
  0x42, 0x08, 0x42, 0x08, 0x06, 0x19, 0x42, 0x08, 0x42, 0x08, 0x42, 0x08, 0x42, 0x08, 0x42, 0x08, 0x42, 0x08, 0x42, 0x08, 0x42, 0x08, 0x42, 0x08, 0x42, 0x08, 0x42, 0x08, 0x42, 0x08, 0x42, 0x08,
  0x46, 0x19, 0x42, 0x08, 0x42, 0x08, 0x42, 0x08, 0x42, 0x08, 0x42, 0x08, 0x42, 0x08, 0x42, 0x08, 0x42, 0x08, 0x42, 0x08, 0x42, 0x08, 0x42, 0x08, 0x42, 0x08, 0x42, 0x08, 0x26, 0x19, 0x42, 0x08,
  0x42, 0x08, 0x42, 0x08, 0x42, 0x08, 0x42, 0x08, 0x42, 0x08, 0x42, 0x08, 0x42, 0x08, 0x42, 0x08, 0x42, 0x08, 0x42, 0x08, 0x42, 0x08, 0x42, 0x08, 0x26, 0x19, 0x42, 0x08, 0x42, 0x08, 0x42, 0x08,
  0x83, 0x08, 0x42, 0x08, 0x42, 0x08, 0x42, 0x08, 0x42, 0x08, 0x42, 0x08, 0x42, 0x08, 0x42, 0x08, 0x42, 0x08, 0x42, 0x08, 0x27, 0x19, 0x42, 0x08, 0x42, 0x08, 0x42, 0x08, 0x42, 0x08, 0x42, 0x08,
  0x42, 0x08, 0x42, 0x08, 0x42, 0x08, 0x42, 0x08, 0x42, 0x08, 0x42, 0x08, 0x42, 0x08, 0x42, 0x08, 0x27, 0x19, 0x42, 0x08, 0x42, 0x08, 0x42, 0x08, 0x42, 0x08, 0x42, 0x08, 0x42, 0x08, 0x42, 0x08,
  0x83, 0x08, 0x42, 0x08, 0x42, 0x08, 0x42, 0x08, 0x42, 0x08, 0x42, 0x08, 0x27, 0x19, 0x42, 0x08, 0x42, 0x08, 0x42, 0x08, 0x42, 0x08, 0x42, 0x08, 0x42, 0x08, 0x42, 0x08, 0x42, 0x08, 0x42, 0x08,
  0x42, 0x08, 0x42, 0x08, 0x42, 0x08, 0x42, 0x08, 0x27, 0x19, 0x42, 0x08, 0x42, 0x08, 0x42, 0x08, 0x42, 0x08, 0x42, 0x08, 0x42, 0x08, 0x42, 0x08, 0x42, 0x08, 0x42, 0x08, 0x42, 0x08, 0x42, 0x08,
  0x83, 0x08, 0x42, 0x08, 0x26, 0x19, 0x42, 0x08, 0x42, 0x08, 0x42, 0x08, 0x42, 0x08, 0x42, 0x08, 0x42, 0x08, 0x42, 0x08, 0x42, 0x08, 0x42, 0x08, 0x42, 0x08, 0x42, 0x08, 0x42, 0x08, 0x42, 0x08,
  0x26, 0x19, 0x42, 0x08, 0x42, 0x08, 0x42, 0x08, 0x42, 0x08, 0x42, 0x08, 0x42, 0x08, 0x42, 0x08, 0x42, 0x08, 0x42, 0x08, 0x42, 0x08, 0x42, 0x08, 0x42, 0x08, 0x42, 0x08, 0x06, 0x19, 0x42, 0x08,
  0x83, 0x08, 0x42, 0x08, 0x42, 0x08, 0x42, 0x08, 0x42, 0x08, 0x42, 0x08, 0x42, 0x08, 0x42, 0x08, 0x42, 0x08, 0x42, 0x08, 0x42, 0x08, 0x42, 0x08, 0x06, 0x19, 0x42, 0x08, 0x42, 0x08, 0x42, 0x08,
  0x42, 0x08, 0x42, 0x08, 0x42, 0x08, 0x42, 0x08, 0x42, 0x08, 0x42, 0x08, 0x42, 0x08, 0x42, 0x08, 0x42, 0x08, 0x42, 0x08, 0x05, 0x19, 0x42, 0x08, 0x42, 0x08, 0x42, 0x08, 0x42, 0x08, 0x42, 0x08,
  0x83, 0x08, 0x42, 0x08, 0x42, 0x08, 0x42, 0x08, 0x42, 0x08, 0x42, 0x08, 0x42, 0x08, 0x42, 0x08, 0x05, 0x19, 0x42, 0x08, 0x42, 0x08, 0x42, 0x08, 0x42, 0x08, 0x42, 0x08, 0x42, 0x08, 0x42, 0x08,
  0x42, 0x08, 0x42, 0x08, 0x42, 0x08, 0x42, 0x08, 0x42, 0x08, 0x42, 0x08, 0xe5, 0x10, 0x42, 0x08, 0x42, 0x08, 0x42, 0x08, 0x42, 0x08, 0x42, 0x08, 0x42, 0x08, 0x42, 0x08, 0x42, 0x08, 0x42, 0x08,
  0x83, 0x08, 0x42, 0x08, 0x42, 0x08, 0x42, 0x08, 0xe5, 0x10, 0x42, 0x08, 0x42, 0x08, 0x42, 0x08, 0x42, 0x08, 0x42, 0x08, 0x42, 0x08, 0x42, 0x08, 0x42, 0x08, 0x42, 0x08, 0x42, 0x08, 0x42, 0x08,
  0x42, 0x08, 0x42, 0x08, 0xe4, 0x10, 0x42, 0x08, 0x42, 0x08, 0x42, 0x08, 0x42, 0x08, 0x42, 0x08, 0x42, 0x08, 0x42, 0x08, 0x42, 0x08, 0x42, 0x08, 0x42, 0x08, 0x42, 0x08, 0x42, 0x08, 0x42, 0x08,
  0x83, 0x08, 0x42, 0x08, 0x42, 0x08, 0x42, 0x08, 0x42, 0x08, 0x42, 0x08, 0x42, 0x08, 0x42, 0x08, 0x42, 0x08, 0x42, 0x08, 0x42, 0x08, 0x42, 0x08, 0xe4, 0x10, 0x42, 0x08, 0x42, 0x08, 0x42, 0x08,
  0x42, 0x08, 0x42, 0x08, 0x42, 0x08, 0x42, 0x08, 0x42, 0x08, 0x42, 0x08, 0x42, 0x08, 0x42, 0x08, 0x42, 0x08, 0x42, 0x08, 0xe5, 0x10, 0x42, 0x08, 0x42, 0x08, 0x42, 0x08, 0x42, 0x08, 0x42, 0x08,
  0x83, 0x08, 0x42, 0x08, 0x42, 0x08, 0x42, 0x08, 0x42, 0x08, 0x42, 0x08, 0x42, 0x08, 0x42, 0x08, 0xe5, 0x10, 0x42, 0x08, 0x42, 0x08, 0x42, 0x08, 0x42, 0x08, 0x42, 0x08, 0x42, 0x08, 0x42, 0x08,
  0x42, 0x08, 0x42, 0x08, 0x42, 0x08, 0x42, 0x08, 0x42, 0x08, 0x42, 0x08, 0x05, 0x19, 0x42, 0x08, 0x42, 0x08, 0x42, 0x08, 0x42, 0x08, 0x42, 0x08, 0x42, 0x08, 0x42, 0x08, 0x42, 0x08, 0x42, 0x08,
  0x83, 0x08, 0x42, 0x08, 0x42, 0x08, 0x42, 0x08, 0x05, 0x19, 0x42, 0x08, 0x42, 0x08, 0x42, 0x08, 0x42, 0x08, 0x42, 0x08, 0x42, 0x08, 0x42, 0x08, 0x42, 0x08, 0x42, 0x08, 0x42, 0x08, 0x42, 0x08,
  0x42, 0x08, 0x42, 0x08, 0x06, 0x19, 0x42, 0x08, 0x42, 0x08, 0x42, 0x08, 0x42, 0x08, 0x42, 0x08, 0x42, 0x08, 0x42, 0x08, 0x42, 0x08, 0x42, 0x08, 0x42, 0x08, 0x42, 0x08, 0x42, 0x08, 0x42, 0x08,
  0x46, 0x19, 0x42, 0x08, 0x42, 0x08, 0x42, 0x08, 0x42, 0x08, 0x42, 0x08, 0x42, 0x08, 0x42, 0x08, 0x42, 0x08, 0x42, 0x08, 0x42, 0x08, 0x42, 0x08, 0x42, 0x08, 0x42, 0x08, 0x26, 0x19, 0x42, 0x08,
  0x42, 0x08, 0x42, 0x08, 0x42, 0x08, 0x42, 0x08, 0x42, 0x08, 0x42, 0x08, 0x42, 0x08, 0x42, 0x08, 0x42, 0x08, 0x42, 0x08, 0x42, 0x08, 0x42, 0x08, 0x26, 0x19, 0x42, 0x08, 0x42, 0x08, 0x42, 0x08,
  0x83, 0x08, 0x42, 0x08, 0x42, 0x08, 0x42, 0x08, 0x42, 0x08, 0x42, 0x08, 0x42, 0x08, 0x42, 0x08, 0x42, 0x08, 0x42, 0x08, 0x27, 0x19, 0x42, 0x08, 0x42, 0x08, 0x42, 0x08, 0x42, 0x08, 0x42, 0x08,
  0x42, 0x08, 0x42, 0x08, 0x42, 0x08, 0x42, 0x08, 0x42, 0x08, 0x42, 0x08, 0x42, 0x08, 0x42, 0x08, 0x27, 0x19, 0x42, 0x08, 0x42, 0x08, 0x42, 0x08, 0x42, 0x08, 0x42, 0x08, 0x42, 0x08, 0x42, 0x08,
  0x83, 0x08, 0x42, 0x08, 0x42, 0x08, 0x42, 0x08, 0x42, 0x08, 0x42, 0x08, 0x27, 0x19, 0x42, 0x08, 0x42, 0x08, 0x42, 0x08, 0x42, 0x08, 0x42, 0x08, 0x42, 0x08, 0x42, 0x08, 0x42, 0x08, 0x42, 0x08,
  0x42, 0x08, 0x42, 0x08, 0x42, 0x08, 0x42, 0x08, 0x27, 0x19, 0x42, 0x08, 0x42, 0x08, 0x42, 0x08, 0x42, 0x08, 0x42, 0x08, 0x42, 0x08, 0x42, 0x08, 0x42, 0x08, 0x42, 0x08, 0x42, 0x08, 0x42, 0x08,
  0x83, 0x08, 0x42, 0x08, 0x26, 0x19, 0x42, 0x08, 0x42, 0x08, 0x42, 0x08, 0x42, 0x08, 0x42, 0x08, 0x42, 0x08, 0x42, 0x08, 0x42, 0x08, 0x42, 0x08, 0x42, 0x08, 0x42, 0x08, 0x42, 0x08, 0x42, 0x08,
  0x26, 0x19, 0x42, 0x08, 0x42, 0x08, 0x42, 0x08, 0x42, 0x08, 0x42, 0x08, 0x42, 0x08, 0x42, 0x08, 0x42, 0x08, 0x42, 0x08, 0x42, 0x08, 0x42, 0x08, 0x42, 0x08, 0x42, 0x08, 0x06, 0x19, 0x42, 0x08,
  0x83, 0x08, 0x42, 0x08, 0x42, 0x08, 0x42, 0x08, 0x42, 0x08, 0x42, 0x08, 0x42, 0x08, 0x42, 0x08, 0x42, 0x08, 0x42, 0x08, 0x42, 0x08, 0x42, 0x08, 0x06, 0x19, 0x42, 0x08, 0x42, 0x08, 0x42, 0x08,
  0x42, 0x08, 0x42, 0x08, 0x42, 0x08, 0x42, 0x08, 0x42, 0x08, 0x42, 0x08, 0x42, 0x08, 0x42, 0x08, 0x42, 0x08, 0x42, 0x08, 0x05, 0x19, 0x42, 0x08, 0x42, 0x08, 0x42, 0x08, 0x42, 0x08, 0x42, 0x08,
  0x83, 0x08, 0x42, 0x08, 0x42, 0x08, 0x42, 0x08, 0x42, 0x08, 0x42, 0x08, 0x42, 0x08, 0x42, 0x08, 0x05, 0x19, 0x42, 0x08, 0x42, 0x08, 0x42, 0x08, 0x42, 0x08, 0x42, 0x08, 0x42, 0x08, 0x42, 0x08,
  0x42, 0x08, 0x42, 0x08, 0x42, 0x08, 0x42, 0x08, 0x42, 0x08, 0x42, 0x08, 0xe5, 0x10, 0x42, 0x08, 0x42, 0x08, 0x42, 0x08, 0x42, 0x08, 0x42, 0x08, 0x42, 0x08, 0x42, 0x08, 0x42, 0x08, 0x42, 0x08,
  0x83, 0x08, 0x42, 0x08, 0x42, 0x08, 0x42, 0x08, 0xe5, 0x10, 0x42, 0x08, 0x42, 0x08, 0x42, 0x08, 0x42, 0x08, 0x42, 0x08, 0x42, 0x08, 0x42, 0x08, 0x42, 0x08, 0x42, 0x08, 0x42, 0x08, 0x42, 0x08,
  0x42, 0x08, 0x42, 0x08, 0xe4, 0x10, 0x42, 0x08, 0x42, 0x08, 0x42, 0x08, 0x42, 0x08, 0x42, 0x08, 0x42, 0x08, 0x42, 0x08, 0x42, 0x08, 0x42, 0x08, 0x42, 0x08, 0x42, 0x08, 0x42, 0x08, 0x42, 0x08,
  0x83, 0x08, 0x42, 0x08, 0x42, 0x08, 0x42, 0x08, 0x42, 0x08, 0x42, 0x08, 0x42, 0x08, 0x42, 0x08, 0x42, 0x08, 0x42, 0x08, 0x42, 0x08, 0x42, 0x08, 0xe4, 0x10, 0x42, 0x08, 0x42, 0x08, 0x42, 0x08,
  0x42, 0x08, 0x42, 0x08, 0x42, 0x08, 0x42, 0x08, 0x42, 0x08, 0x42, 0x08, 0x42, 0x08, 0x42, 0x08, 0x42, 0x08, 0x42, 0x08, 0xe5, 0x10, 0x42, 0x08, 0x42, 0x08, 0x42, 0x08, 0x42, 0x08, 0x42, 0x08,
  0x83, 0x08, 0x42, 0x08, 0x42, 0x08, 0x42, 0x08, 0x42, 0x08, 0x42, 0x08, 0x42, 0x08, 0x42, 0x08, 0xe5, 0x10, 0x42, 0x08, 0x42, 0x08, 0x42, 0x08, 0x42, 0x08, 0x42, 0x08, 0x42, 0x08, 0x42, 0x08,
  0x42, 0x08, 0x42, 0x08, 0x42, 0x08, 0x42, 0x08, 0x42, 0x08, 0x42, 0x08, 0x05, 0x19, 0x42, 0x08, 0x42, 0x08, 0x42, 0x08, 0x42, 0x08, 0x42, 0x08, 0x42, 0x08, 0x42, 0x08, 0x42, 0x08, 0x42, 0x08,
  0x83, 0x08, 0x42, 0x08, 0x42, 0x08, 0x42, 0x08, 0x05, 0x19, 0x42, 0x08, 0x42, 0x08, 0x42, 0x08, 0x42, 0x08, 0x42, 0x08, 0x42, 0x08, 0x42, 0x08, 0x42, 0x08, 0x42, 0x08, 0x42, 0x08, 0x42, 0x08,
  0x42, 0x08, 0x42, 0x08, 0x06, 0x19, 0x42, 0x08, 0x42, 0x08, 0x42, 0x08, 0x42, 0x08, 0x42, 0x08, 0x42, 0x08, 0x42, 0x08, 0x42, 0x08, 0x42, 0x08, 0x42, 0x08, 0x42, 0x08, 0x42, 0x08, 0x42, 0x08,
  0x46, 0x19, 0x42, 0x08, 0x42, 0x08, 0x42, 0x08, 0x42, 0x08, 0x42, 0x08, 0x42, 0x08, 0x42, 0x08, 0x42, 0x08, 0x42, 0x08, 0x42, 0x08, 0x42, 0x08, 0x42, 0x08, 0x42, 0x08, 0x26, 0x19, 0x42, 0x08,
  0x42, 0x08, 0x42, 0x08, 0x42, 0x08, 0x42, 0x08, 0x42, 0x08, 0x42, 0x08, 0x42, 0x08, 0x42, 0x08, 0x42, 0x08, 0x42, 0x08, 0x42, 0x08, 0x42, 0x08, 0x26, 0x19, 0x42, 0x08, 0x42, 0x08, 0x42, 0x08,
  0x83, 0x08, 0x42, 0x08, 0x42, 0x08, 0x42, 0x08, 0x42, 0x08, 0x42, 0x08, 0x42, 0x08, 0x42, 0x08, 0x42, 0x08, 0x42, 0x08, 0x27, 0x19, 0x42, 0x08, 0x42, 0x08, 0x42, 0x08, 0x42, 0x08, 0x42, 0x08,
  0x42, 0x08, 0x42, 0x08, 0x42, 0x08, 0x42, 0x08, 0x42, 0x08, 0x42, 0x08, 0x42, 0x08, 0x42, 0x08, 0x27, 0x19, 0x42, 0x08, 0x42, 0x08, 0x42, 0x08, 0x42, 0x08, 0x42, 0x08, 0x42, 0x08, 0x42, 0x08,
  0x83, 0x08, 0x42, 0x08, 0x42, 0x08, 0x42, 0x08, 0x42, 0x08, 0x42, 0x08, 0x27, 0x19, 0x42, 0x08, 0x42, 0x08, 0x42, 0x08, 0x42, 0x08, 0x42, 0x08, 0x42, 0x08, 0x42, 0x08, 0x42, 0x08, 0x42, 0x08,
  0x42, 0x08, 0x42, 0x08, 0x42, 0x08, 0x42, 0x08, 0x27, 0x19, 0x42, 0x08, 0x42, 0x08, 0x42, 0x08, 0x42, 0x08, 0x42, 0x08, 0x42, 0x08, 0x42, 0x08, 0x42, 0x08, 0x42, 0x08, 0x42, 0x08, 0x42, 0x08,
  0x83, 0x08, 0x42, 0x08, 0x26, 0x19, 0x42, 0x08, 0x42, 0x08, 0x42, 0x08, 0x42, 0x08, 0x42, 0x08, 0x42, 0x08, 0x42, 0x08, 0x42, 0x08, 0x42, 0x08, 0x42, 0x08, 0x42, 0x08, 0x42, 0x08, 0x42, 0x08,
  0x26, 0x19, 0x42, 0x08, 0x42, 0x08, 0x42, 0x08, 0x42, 0x08, 0x42, 0x08, 0x42, 0x08, 0x42, 0x08, 0x42, 0x08, 0x42, 0x08, 0x42, 0x08, 0x42, 0x08, 0x42, 0x08, 0x42, 0x08, 0x06, 0x19, 0x42, 0x08,
  0x83, 0x08, 0x42, 0x08, 0x42, 0x08, 0x42, 0x08, 0x42, 0x08, 0x42, 0x08, 0x42, 0x08, 0x42, 0x08, 0x42, 0x08, 0x42, 0x08, 0x42, 0x08, 0x42, 0x08, 0x06, 0x19, 0x42, 0x08, 0x42, 0x08, 0x42, 0x08,
  0x42, 0x08, 0x42, 0x08, 0x42, 0x08, 0x42, 0x08, 0x42, 0x08, 0x42, 0x08, 0x42, 0x08, 0x42, 0x08, 0x42, 0x08, 0x42, 0x08, 0x05, 0x19, 0x42, 0x08, 0x42, 0x08, 0x42, 0x08, 0x42, 0x08, 0x42, 0x08,
  0x83, 0x08, 0x42, 0x08, 0x42, 0x08, 0x42, 0x08, 0x42, 0x08, 0x42, 0x08, 0x42, 0x08, 0x42, 0x08, 0x05, 0x19, 0x42, 0x08, 0x42, 0x08, 0x42, 0x08, 0x42, 0x08, 0x42, 0x08, 0x42, 0x08, 0x42, 0x08,
  0x42, 0x08, 0x42, 0x08, 0x42, 0x08, 0x42, 0x08, 0x42, 0x08, 0x42, 0x08, 0xe5, 0x10, 0x42, 0x08, 0x42, 0x08, 0x42, 0x08, 0x42, 0x08, 0x42, 0x08, 0x42, 0x08, 0x42, 0x08, 0x42, 0x08, 0x42, 0x08,
  0x83, 0x08, 0x42, 0x08, 0x42, 0x08, 0x42, 0x08, 0xe5, 0x10, 0x42, 0x08, 0x42, 0x08, 0x42, 0x08, 0x42, 0x08, 0x42, 0x08, 0x42, 0x08, 0x42, 0x08, 0x42, 0x08, 0x42, 0x08, 0x42, 0x08, 0x42, 0x08,
  0x42, 0x08, 0x42, 0x08, 0xe4, 0x10, 0x42, 0x08, 0x42, 0x08, 0x42, 0x08, 0x42, 0x08, 0x42, 0x08, 0x42, 0x08, 0x42, 0x08, 0x42, 0x08, 0x42, 0x08, 0x42, 0x08, 0x42, 0x08, 0x42, 0x08, 0x42, 0x08,
  0x83, 0x08, 0x42, 0x08, 0x42, 0x08, 0x42, 0x08, 0x42, 0x08, 0x42, 0x08, 0x42, 0x08, 0x42, 0x08, 0x42, 0x08, 0x42, 0x08, 0x42, 0x08, 0x42, 0x08, 0xe4, 0x10, 0x42, 0x08, 0x42, 0x08, 0x42, 0x08,
  0x42, 0x08, 0x42, 0x08, 0x42, 0x08, 0x42, 0x08, 0x42, 0x08, 0x42, 0x08, 0x42, 0x08, 0x42, 0x08, 0x42, 0x08, 0x42, 0x08, 0xe5, 0x10, 0x42, 0x08, 0x42, 0x08, 0x42, 0x08, 0x42, 0x08, 0x42, 0x08,
  0x83, 0x08, 0x42, 0x08, 0x42, 0x08, 0x42, 0x08, 0x42, 0x08, 0x42, 0x08, 0x42, 0x08, 0x42, 0x08, 0xe5, 0x10, 0x42, 0x08, 0x42, 0x08, 0x42, 0x08, 0x42, 0x08, 0x42, 0x08, 0x42, 0x08, 0x42, 0x08,
  0x42, 0x08, 0x42, 0x08, 0x42, 0x08, 0x42, 0x08, 0x42, 0x08, 0x42, 0x08, 0x05, 0x19, 0x42, 0x08, 0x42, 0x08, 0x42, 0x08, 0x42, 0x08, 0x42, 0x08, 0x42, 0x08, 0x42, 0x08, 0x42, 0x08, 0x42, 0x08,
  0x83, 0x08, 0x42, 0x08, 0x42, 0x08, 0x42, 0x08, 0x05, 0x19, 0x42, 0x08, 0x42, 0x08, 0x42, 0x08, 0x42, 0x08, 0x42, 0x08, 0x42, 0x08, 0x42, 0x08, 0x42, 0x08, 0x42, 0x08, 0x42, 0x08, 0x42, 0x08,
  0x42, 0x08, 0x42, 0x08, 0x06, 0x19, 0x42, 0x08, 0x42, 0x08, 0x42, 0x08, 0x42, 0x08, 0x42, 0x08, 0x42, 0x08, 0x42, 0x08, 0x42, 0x08, 0x42, 0x08, 0x42, 0x08, 0x42, 0x08, 0x42, 0x08, 0x42, 0x08,
  0x46, 0x19, 0x42, 0x08, 0x42, 0x08, 0x42, 0x08, 0x42, 0x08, 0x42, 0x08, 0x42, 0x08, 0x42, 0x08, 0x42, 0x08, 0x42, 0x08, 0x42, 0x08, 0x42, 0x08, 0x42, 0x08, 0x42, 0x08, 0x26, 0x19, 0x42, 0x08,
  0x42, 0x08, 0x42, 0x08, 0x42, 0x08, 0x42, 0x08, 0x42, 0x08, 0x42, 0x08, 0x42, 0x08, 0x42, 0x08, 0x42, 0x08, 0x42, 0x08, 0x42, 0x08, 0x42, 0x08, 0x26, 0x19, 0x42, 0x08, 0x42, 0x08, 0x42, 0x08,
  0x83, 0x08, 0x42, 0x08, 0x42, 0x08, 0x42, 0x08, 0x42, 0x08, 0x42, 0x08, 0x42, 0x08, 0x42, 0x08, 0x42, 0x08, 0x42, 0x08, 0x27, 0x19, 0x42, 0x08, 0x42, 0x08, 0x42, 0x08, 0x42, 0x08, 0x42, 0x08,
  0x42, 0x08, 0x42, 0x08, 0x42, 0x08, 0x42, 0x08, 0x42, 0x08, 0x42, 0x08, 0x42, 0x08, 0x42, 0x08, 0x27, 0x19, 0x42, 0x08, 0x42, 0x08, 0x42, 0x08, 0x42, 0x08, 0x42, 0x08, 0x42, 0x08, 0x42, 0x08,
  0x83, 0x08, 0x42, 0x08, 0x42, 0x08, 0x42, 0x08, 0x42, 0x08, 0x42, 0x08, 0x27, 0x19, 0x42, 0x08, 0x42, 0x08, 0x42, 0x08, 0x42, 0x08, 0x42, 0x08, 0x42, 0x08, 0x42, 0x08, 0x42, 0x08, 0x42, 0x08,
  0x42, 0x08, 0x42, 0x08, 0x42, 0x08, 0x42, 0x08, 0x27, 0x19, 0x42, 0x08, 0x42, 0x08, 0x42, 0x08, 0x42, 0x08, 0x42, 0x08, 0x42, 0x08, 0x42, 0x08, 0x42, 0x08, 0x42, 0x08, 0x42, 0x08, 0x42, 0x08,
  0x83, 0x08, 0x42, 0x08, 0x26, 0x19, 0x42, 0x08, 0x42, 0x08, 0x42, 0x08, 0x42, 0x08, 0x42, 0x08, 0x42, 0x08, 0x42, 0x08, 0x42, 0x08, 0x42, 0x08, 0x42, 0x08, 0x42, 0x08, 0x42, 0x08, 0x42, 0x08,
  0x26, 0x19, 0x42, 0x08, 0x42, 0x08, 0x42, 0x08, 0x42, 0x08, 0x42, 0x08, 0x42, 0x08, 0x42, 0x08, 0x42, 0x08, 0x42, 0x08, 0x42, 0x08, 0x42, 0x08, 0x42, 0x08, 0x42, 0x08, 0x06, 0x19, 0x42, 0x08,
  0x83, 0x08, 0x42, 0x08, 0x42, 0x08, 0x42, 0x08, 0x42, 0x08, 0x42, 0x08, 0x42, 0x08, 0x42, 0x08, 0x42, 0x08, 0x42, 0x08, 0x42, 0x08, 0x42, 0x08, 0x06, 0x19, 0x42, 0x08, 0x42, 0x08, 0x42, 0x08,
  0x42, 0x08, 0x42, 0x08, 0x42, 0x08, 0x42, 0x08, 0x42, 0x08, 0x42, 0x08, 0x42, 0x08, 0x42, 0x08, 0x42, 0x08, 0x42, 0x08, 0x05, 0x19, 0x42, 0x08, 0x42, 0x08, 0x42, 0x08, 0x42, 0x08, 0x42, 0x08,
  0x83, 0x08, 0x42, 0x08, 0x42, 0x08, 0x42, 0x08, 0x42, 0x08, 0x42, 0x08, 0x42, 0x08, 0x42, 0x08, 0x05, 0x19, 0x42, 0x08, 0x42, 0x08, 0x42, 0x08, 0x42, 0x08, 0x42, 0x08, 0x42, 0x08, 0x42, 0x08,
  0x42, 0x08, 0x42, 0x08, 0x42, 0x08, 0x42, 0x08, 0x42, 0x08, 0x42, 0x08, 0xe5, 0x10, 0x42, 0x08, 0x42, 0x08, 0x42, 0x08, 0x42, 0x08, 0x42, 0x08, 0x42, 0x08, 0x42, 0x08, 0x42, 0x08, 0x42, 0x08,
  0x83, 0x08, 0x42, 0x08, 0x42, 0x08, 0x42, 0x08, 0xe5, 0x10, 0x42, 0x08, 0x42, 0x08, 0x42, 0x08, 0x42, 0x08, 0x42, 0x08, 0x42, 0x08, 0x42, 0x08, 0x42, 0x08, 0x42, 0x08, 0x42, 0x08, 0x42, 0x08,
  0x42, 0x08, 0x42, 0x08, 0xe4, 0x10, 0x42, 0x08, 0x42, 0x08, 0x42, 0x08, 0x42, 0x08, 0x42, 0x08, 0x42, 0x08, 0x42, 0x08, 0x42, 0x08, 0x42, 0x08, 0x42, 0x08, 0x42, 0x08, 0x42, 0x08, 0x42, 0x08,
  0x83, 0x08, 0x42, 0x08, 0x42, 0x08, 0x42, 0x08, 0x42, 0x08, 0x42, 0x08, 0x42, 0x08, 0x42, 0x08, 0x42, 0x08, 0x42, 0x08, 0x42, 0x08, 0x42, 0x08, 0xe4, 0x10, 0x42, 0x08, 0x42, 0x08, 0x42, 0x08,
  0x42, 0x08, 0x42, 0x08, 0x42, 0x08, 0x42, 0x08, 0x42, 0x08, 0x42, 0x08, 0x42, 0x08, 0x42, 0x08, 0x42, 0x08, 0x42, 0x08, 0xe5, 0x10, 0x42, 0x08, 0x42, 0x08, 0x42, 0x08, 0x42, 0x08, 0x42, 0x08,
  0x83, 0x08, 0x42, 0x08, 0x42, 0x08, 0x42, 0x08, 0x42, 0x08, 0x42, 0x08, 0x42, 0x08, 0x42, 0x08, 0xe5, 0x10, 0x42, 0x08, 0x42, 0x08, 0x42, 0x08, 0x42, 0x08, 0x42, 0x08, 0x42, 0x08, 0x42, 0x08,
  0x42, 0x08, 0x42, 0x08, 0x42, 0x08, 0x42, 0x08, 0x42, 0x08, 0x42, 0x08, 0x05, 0x19, 0x42, 0x08, 0x42, 0x08, 0x42, 0x08, 0x42, 0x08, 0x42, 0x08, 0x42, 0x08, 0x42, 0x08, 0x42, 0x08, 0x42, 0x08,
  0x83, 0x08, 0x42, 0x08, 0x42, 0x08, 0x42, 0x08, 0x05, 0x19, 0x42, 0x08, 0x42, 0x08, 0x42, 0x08, 0x42, 0x08, 0x42, 0x08, 0x42, 0x08, 0x42, 0x08, 0x42, 0x08, 0x42, 0x08, 0x42, 0x08, 0x42, 0x08,
  0x42, 0x08, 0x42, 0x08, 0x06, 0x19, 0x42, 0x08, 0x42, 0x08, 0x42, 0x08, 0x42, 0x08, 0x42, 0x08, 0x42, 0x08, 0x42, 0x08, 0x42, 0x08, 0x42, 0x08, 0x42, 0x08, 0x42, 0x08, 0x42, 0x08, 0x42, 0x08,
  0x46, 0x19, 0x42, 0x08, 0x42, 0x08, 0x42, 0x08, 0x42, 0x08, 0x42, 0x08, 0x42, 0x08, 0x42, 0x08, 0x42, 0x08, 0x42, 0x08, 0x42, 0x08, 0x42, 0x08, 0x42, 0x08, 0x42, 0x08, 0x26, 0x19, 0x42, 0x08,
  0x42, 0x08, 0x42, 0x08, 0x42, 0x08, 0x42, 0x08, 0x42, 0x08, 0x42, 0x08, 0x42, 0x08, 0x42, 0x08, 0x42, 0x08, 0x42, 0x08, 0x42, 0x08, 0x42, 0x08, 0x26, 0x19, 0x42, 0x08, 0x42, 0x08, 0x42, 0x08,
  0x83, 0x08, 0x42, 0x08, 0x42, 0x08, 0x42, 0x08, 0x42, 0x08, 0x42, 0x08, 0x42, 0x08, 0x42, 0x08, 0x42, 0x08, 0x42, 0x08, 0x27, 0x19, 0x42, 0x08, 0x42, 0x08, 0x42, 0x08, 0x42, 0x08, 0x42, 0x08,
  0x42, 0x08, 0x42, 0x08, 0x42, 0x08, 0x42, 0x08, 0x42, 0x08, 0x42, 0x08, 0x42, 0x08, 0x42, 0x08, 0x27, 0x19, 0x42, 0x08, 0x42, 0x08, 0x42, 0x08, 0x42, 0x08, 0x42, 0x08, 0x42, 0x08, 0x42, 0x08,
  0x83, 0x08, 0x42, 0x08, 0x42, 0x08, 0x42, 0x08, 0x42, 0x08, 0x42, 0x08, 0x27, 0x19, 0x42, 0x08, 0x42, 0x08, 0x42, 0x08, 0x42, 0x08, 0x42, 0x08, 0x42, 0x08, 0x42, 0x08, 0x42, 0x08, 0x42, 0x08,
  0x42, 0x08, 0x42, 0x08, 0x42, 0x08, 0x42, 0x08, 0x27, 0x19, 0x42, 0x08, 0x42, 0x08, 0x42, 0x08, 0x42, 0x08, 0x42, 0x08, 0x42, 0x08, 0x42, 0x08, 0x42, 0x08, 0x42, 0x08, 0x42, 0x08, 0x42, 0x08,
  0x83, 0x08, 0x42, 0x08, 0x26, 0x19, 0x42, 0x08, 0x42, 0x08, 0x42, 0x08, 0x42, 0x08, 0x42, 0x08, 0x42, 0x08, 0x42, 0x08, 0x42, 0x08, 0x42, 0x08, 0x42, 0x08, 0x42, 0x08, 0x42, 0x08, 0x42, 0x08,
  0x26, 0x19, 0x42, 0x08, 0x42, 0x08, 0x42, 0x08, 0x42, 0x08, 0x42, 0x08, 0x42, 0x08, 0x42, 0x08, 0x42, 0x08, 0x42, 0x08, 0x42, 0x08, 0x42, 0x08, 0x42, 0x08, 0x42, 0x08, 0x06, 0x19, 0x42, 0x08,
  0x83, 0x08, 0x42, 0x08, 0x42, 0x08, 0x42, 0x08, 0x42, 0x08, 0x42, 0x08, 0x42, 0x08, 0x42, 0x08, 0x42, 0x08, 0x42, 0x08, 0x42, 0x08, 0x42, 0x08, 0x06, 0x19, 0x42, 0x08, 0x42, 0x08, 0x42, 0x08,
  0x42, 0x08, 0x42, 0x08, 0x42, 0x08, 0x42, 0x08, 0x42, 0x08, 0x42, 0x08, 0x42, 0x08, 0x42, 0x08, 0x42, 0x08, 0x42, 0x08, 0x05, 0x19, 0x42, 0x08, 0x42, 0x08, 0x42, 0x08, 0x42, 0x08, 0x42, 0x08,
  0x83, 0x08, 0x42, 0x08, 0x42, 0x08, 0x42, 0x08, 0x42, 0x08, 0x42, 0x08, 0x42, 0x08, 0x42, 0x08, 0x05, 0x19, 0x42, 0x08, 0x42, 0x08, 0x42, 0x08, 0x42, 0x08, 0x42, 0x08, 0x42, 0x08, 0x42, 0x08,
  0x42, 0x08, 0x42, 0x08, 0x42, 0x08, 0x42, 0x08, 0x42, 0x08, 0x42, 0x08, 0xe5, 0x10, 0x42, 0x08, 0x42, 0x08, 0x42, 0x08, 0x42, 0x08, 0x42, 0x08, 0x42, 0x08, 0x42, 0x08, 0x42, 0x08, 0x42, 0x08,
  0x83, 0x08, 0x42, 0x08, 0x42, 0x08, 0x42, 0x08, 0xe5, 0x10, 0x42, 0x08, 0x42, 0x08, 0x42, 0x08, 0x42, 0x08, 0x42, 0x08, 0x42, 0x08, 0x42, 0x08, 0x42, 0x08, 0x42, 0x08, 0x42, 0x08, 0x42, 0x08,
  0x42, 0x08, 0x42, 0x08, 0xe4, 0x10, 0x42, 0x08, 0x42, 0x08, 0x42, 0x08, 0x42, 0x08, 0x42, 0x08, 0x42, 0x08, 0x42, 0x08, 0x42, 0x08, 0x42, 0x08, 0x42, 0x08, 0x42, 0x08, 0x42, 0x08, 0x42, 0x08,
  0x83, 0x08, 0x42, 0x08, 0x42, 0x08, 0x42, 0x08, 0x42, 0x08, 0x42, 0x08, 0x42, 0x08, 0x42, 0x08, 0x42, 0x08, 0x42, 0x08, 0x42, 0x08, 0x42, 0x08, 0xe4, 0x10, 0x42, 0x08, 0x42, 0x08, 0x42, 0x08,
  0x42, 0x08, 0x42, 0x08, 0x42, 0x08, 0x42, 0x08, 0x42, 0x08, 0x42, 0x08, 0x42, 0x08, 0x42, 0x08, 0x42, 0x08, 0x42, 0x08, 0xe5, 0x10, 0x42, 0x08, 0x42, 0x08, 0x42, 0x08, 0x42, 0x08, 0x42, 0x08,
  0x83, 0x08, 0x42, 0x08, 0x42, 0x08, 0x42, 0x08, 0x42, 0x08, 0x42, 0x08, 0x42, 0x08, 0x42, 0x08, 0xe5, 0x10, 0x42, 0x08, 0x42, 0x08, 0x42, 0x08, 0x42, 0x08, 0x42, 0x08, 0x42, 0x08, 0x42, 0x08,
  0x42, 0x08, 0x42, 0x08, 0x42, 0x08, 0x42, 0x08, 0x42, 0x08, 0x42, 0x08, 0x05, 0x19, 0x42, 0x08, 0x42, 0x08, 0x42, 0x08, 0x42, 0x08, 0x42, 0x08, 0x42, 0x08, 0x42, 0x08, 0x42, 0x08, 0x42, 0x08,
  0x83, 0x08, 0x42, 0x08, 0x42, 0x08, 0x42, 0x08, 0x05, 0x19, 0x42, 0x08, 0x42, 0x08, 0x42, 0x08, 0x42, 0x08, 0x42, 0x08, 0x42, 0x08, 0x42, 0x08, 0x42, 0x08, 0x42, 0x08, 0x42, 0x08, 0x42, 0x08,
  0x42, 0x08, 0x42, 0x08, 0x06, 0x19, 0x42, 0x08, 0x42, 0x08, 0x42, 0x08, 0x42, 0x08, 0x42, 0x08, 0x42, 0x08, 0x42, 0x08, 0x42, 0x08, 0x42, 0x08, 0x42, 0x08, 0x42, 0x08, 0x42, 0x08, 0x42, 0x08,
  0x46, 0x19, 0x42, 0x08, 0x42, 0x08, 0x42, 0x08, 0x42, 0x08, 0x42, 0x08, 0x42, 0x08, 0x42, 0x08, 0x42, 0x08, 0x42, 0x08, 0x42, 0x08, 0x42, 0x08, 0x42, 0x08, 0x42, 0x08, 0x26, 0x19, 0x42, 0x08,
  0x42, 0x08, 0x42, 0x08, 0x42, 0x08, 0x42, 0x08, 0x42, 0x08, 0x42, 0x08, 0x42, 0x08, 0x42, 0x08, 0x42, 0x08, 0x42, 0x08, 0x42, 0x08, 0x42, 0x08, 0x26, 0x19, 0x42, 0x08, 0x42, 0x08, 0x42, 0x08,
  0x83, 0x08, 0x42, 0x08, 0x42, 0x08, 0x42, 0x08, 0x42, 0x08, 0x42, 0x08, 0x42, 0x08, 0x42, 0x08, 0x42, 0x08, 0x42, 0x08, 0x26, 0x19, 0x42, 0x08, 0x42, 0x08, 0x42, 0x08, 0x42, 0x08, 0x42, 0x08,
  0x42, 0x08, 0x42, 0x08, 0x42, 0x08, 0x42, 0x08, 0x42, 0x08, 0x42, 0x08, 0x42, 0x08, 0x42, 0x08, 0x27, 0x19, 0x42, 0x08, 0x42, 0x08, 0x42, 0x08, 0x42, 0x08, 0x42, 0x08, 0x42, 0x08, 0x42, 0x08,
  0x83, 0x08, 0x42, 0x08, 0x42, 0x08, 0x42, 0x08, 0x42, 0x08, 0x42, 0x08, 0x27, 0x19, 0x42, 0x08, 0x42, 0x08, 0x42, 0x08, 0x42, 0x08, 0x42, 0x08, 0x42, 0x08, 0x42, 0x08, 0x42, 0x08, 0x42, 0x08,
  0x42, 0x08, 0x42, 0x08, 0x42, 0x08, 0x42, 0x08, 0x26, 0x19, 0x42, 0x08, 0x42, 0x08, 0x42, 0x08, 0x42, 0x08, 0x42, 0x08, 0x42, 0x08, 0x42, 0x08, 0x42, 0x08, 0x42, 0x08, 0x42, 0x08, 0x42, 0x08,
  0x83, 0x08, 0x42, 0x08, 0x26, 0x19, 0x42, 0x08, 0x42, 0x08, 0x42, 0x08, 0x42, 0x08, 0x42, 0x08, 0x42, 0x08, 0x42, 0x08, 0x42, 0x08, 0x42, 0x08, 0x42, 0x08, 0x42, 0x08, 0x42, 0x08, 0x42, 0x08,
  0x26, 0x19, 0x42, 0x08, 0x42, 0x08, 0x42, 0x08, 0x42, 0x08, 0x42, 0x08, 0x42, 0x08, 0x42, 0x08, 0x42, 0x08, 0x42, 0x08, 0x42, 0x08, 0x42, 0x08, 0x42, 0x08, 0x42, 0x08, 0x06, 0x19, 0x42, 0x08,
  0x83, 0x08, 0x42, 0x08, 0x42, 0x08, 0x42, 0x08, 0x42, 0x08, 0x42, 0x08, 0x42, 0x08, 0x42, 0x08, 0x42, 0x08, 0x42, 0x08, 0x42, 0x08, 0x42, 0x08, 0x06, 0x19, 0x42, 0x08, 0x42, 0x08, 0x42, 0x08,
  0x42, 0x08, 0x42, 0x08, 0x42, 0x08, 0x42, 0x08, 0x42, 0x08, 0x42, 0x08, 0x42, 0x08, 0x42, 0x08, 0x42, 0x08, 0x42, 0x08, 0x05, 0x19, 0x42, 0x08, 0x42, 0x08, 0x42, 0x08, 0x42, 0x08, 0x42, 0x08,
  0x83, 0x08, 0x42, 0x08, 0x42, 0x08, 0x42, 0x08, 0x42, 0x08, 0x42, 0x08, 0x42, 0x08, 0x42, 0x08, 0x05, 0x19, 0x42, 0x08, 0x42, 0x08, 0x42, 0x08, 0x42, 0x08, 0x42, 0x08, 0x42, 0x08, 0x42, 0x08,
  0x42, 0x08, 0x42, 0x08, 0x42, 0x08, 0x42, 0x08, 0x42, 0x08, 0x42, 0x08, 0xe5, 0x10, 0x42, 0x08, 0x42, 0x08, 0x42, 0x08, 0x42, 0x08, 0x42, 0x08, 0x42, 0x08, 0x42, 0x08, 0x42, 0x08, 0x42, 0x08,
  0x83, 0x08, 0x42, 0x08, 0x42, 0x08, 0x42, 0x08, 0xe5, 0x10, 0x42, 0x08, 0x42, 0x08, 0x42, 0x08, 0x42, 0x08, 0x42, 0x08, 0x42, 0x08, 0x42, 0x08, 0x42, 0x08, 0x42, 0x08, 0x42, 0x08, 0x42, 0x08,
  0x42, 0x08, 0x42, 0x08, 0xe4, 0x10, 0x42, 0x08, 0x42, 0x08, 0x42, 0x08, 0x42, 0x08, 0x42, 0x08, 0x42, 0x08, 0x42, 0x08, 0x42, 0x08, 0x42, 0x08, 0x42, 0x08, 0x42, 0x08, 0x42, 0x08, 0x42, 0x08,
  0xa4, 0x10, 0x83, 0x08, 0x83, 0x08, 0x83, 0x08, 0x83, 0x08, 0x83, 0x08, 0x83, 0x08, 0x83, 0x08, 0x83, 0x08, 0x83, 0x08, 0x83, 0x08, 0x83, 0x08, 0x05, 0x19, 0x83, 0x08, 0x83, 0x08, 0x83, 0x08,
  0x83, 0x08, 0x83, 0x08, 0x83, 0x08, 0x83, 0x08, 0x83, 0x08, 0x83, 0x08, 0x83, 0x08, 0x83, 0x08, 0x83, 0x08, 0x83, 0x08, 0x05, 0x19, 0x83, 0x08, 0x83, 0x08, 0x83, 0x08, 0x83, 0x08, 0x83, 0x08,
  0xa4, 0x10, 0x83, 0x08, 0x83, 0x08, 0x83, 0x08, 0x83, 0x08, 0x83, 0x08, 0x83, 0x08, 0x83, 0x08, 0x25, 0x19, 0x83, 0x08, 0x83, 0x08, 0x83, 0x08, 0x83, 0x08, 0x83, 0x08, 0x83, 0x08, 0x83, 0x08,
  0x83, 0x08, 0x83, 0x08, 0x83, 0x08, 0x83, 0x08, 0x83, 0x08, 0x83, 0x08, 0x26, 0x19, 0x83, 0x08, 0x83, 0x08, 0x83, 0x08, 0x83, 0x08, 0x83, 0x08, 0x83, 0x08, 0x83, 0x08, 0x83, 0x08, 0x83, 0x08,
  0xa4, 0x10, 0x83, 0x08, 0x83, 0x08, 0x83, 0x08, 0x26, 0x19, 0x83, 0x08, 0x83, 0x08, 0x83, 0x08, 0x83, 0x08, 0x83, 0x08, 0x83, 0x08, 0x83, 0x08, 0x83, 0x08, 0x83, 0x08, 0x83, 0x08, 0x83, 0x08,
  0x83, 0x08, 0x83, 0x08, 0x46, 0x19, 0x83, 0x08, 0x83, 0x08, 0x83, 0x08, 0x83, 0x08, 0x83, 0x08, 0x83, 0x08, 0x83, 0x08, 0x83, 0x08, 0x83, 0x08, 0x83, 0x08, 0x83, 0x08, 0x83, 0x08, 0x83, 0x08,
  0x67, 0x21, 0x83, 0x08, 0x83, 0x08, 0x83, 0x08, 0x83, 0x08, 0x83, 0x08, 0x83, 0x08, 0x83, 0x08, 0x83, 0x08, 0x83, 0x08, 0x83, 0x08, 0x83, 0x08, 0x83, 0x08, 0x83, 0x08, 0x47, 0x19, 0x83, 0x08,
  0x83, 0x08, 0x83, 0x08, 0x83, 0x08, 0x83, 0x08, 0x83, 0x08, 0x83, 0x08, 0x83, 0x08, 0x83, 0x08, 0x83, 0x08, 0x83, 0x08, 0x83, 0x08, 0x83, 0x08, 0x47, 0x19, 0x83, 0x08, 0x83, 0x08, 0x83, 0x08,
  0xa4, 0x10, 0x83, 0x08, 0x83, 0x08, 0x83, 0x08, 0x83, 0x08, 0x83, 0x08, 0x83, 0x08, 0x83, 0x08, 0x83, 0x08, 0x83, 0x08, 0x47, 0x19, 0x83, 0x08, 0x83, 0x08, 0x83, 0x08, 0x83, 0x08, 0x83, 0x08,
  0x83, 0x08, 0x83, 0x08, 0x83, 0x08, 0x83, 0x08, 0x83, 0x08, 0x83, 0x08, 0x83, 0x08, 0x83, 0x08, 0x47, 0x19, 0x83, 0x08, 0x83, 0x08, 0x83, 0x08, 0x83, 0x08, 0x83, 0x08, 0x83, 0x08, 0x83, 0x08,
  0xa4, 0x10, 0x83, 0x08, 0x83, 0x08, 0x83, 0x08, 0x83, 0x08, 0x83, 0x08, 0x47, 0x19, 0x83, 0x08, 0x83, 0x08, 0x83, 0x08, 0x83, 0x08, 0x83, 0x08, 0x83, 0x08, 0x83, 0x08, 0x83, 0x08, 0x83, 0x08,
  0x83, 0x08, 0x83, 0x08, 0x83, 0x08, 0x83, 0x08, 0x47, 0x19, 0x83, 0x08, 0x83, 0x08, 0x83, 0x08, 0x83, 0x08, 0x83, 0x08, 0x83, 0x08, 0x83, 0x08, 0x83, 0x08, 0x83, 0x08, 0x83, 0x08, 0x83, 0x08,
  0xa4, 0x10, 0x83, 0x08, 0x47, 0x19, 0x83, 0x08, 0x83, 0x08, 0x83, 0x08, 0x83, 0x08, 0x83, 0x08, 0x83, 0x08, 0x83, 0x08, 0x83, 0x08, 0x83, 0x08, 0x83, 0x08, 0x83, 0x08, 0x83, 0x08, 0x83, 0x08,
  0x47, 0x19, 0x83, 0x08, 0x83, 0x08, 0x83, 0x08, 0x83, 0x08, 0x83, 0x08, 0x83, 0x08, 0x83, 0x08, 0x83, 0x08, 0x83, 0x08, 0x83, 0x08, 0x83, 0x08, 0x83, 0x08, 0x83, 0x08, 0x46, 0x19, 0x83, 0x08,
  0xa4, 0x10, 0x83, 0x08, 0x83, 0x08, 0x83, 0x08, 0x83, 0x08, 0x83, 0x08, 0x83, 0x08, 0x83, 0x08, 0x83, 0x08, 0x83, 0x08, 0x83, 0x08, 0x83, 0x08, 0x46, 0x19, 0x83, 0x08, 0x83, 0x08, 0x83, 0x08,
  0x83, 0x08, 0x83, 0x08, 0x83, 0x08, 0x83, 0x08, 0x83, 0x08, 0x83, 0x08, 0x83, 0x08, 0x83, 0x08, 0x83, 0x08, 0x83, 0x08, 0x26, 0x19, 0x83, 0x08, 0x83, 0x08, 0x83, 0x08, 0x83, 0x08, 0x83, 0x08,
  0xa4, 0x10, 0x83, 0x08, 0x83, 0x08, 0x83, 0x08, 0x83, 0x08, 0x83, 0x08, 0x83, 0x08, 0x83, 0x08, 0x26, 0x19, 0x83, 0x08, 0x83, 0x08, 0x83, 0x08, 0x83, 0x08, 0x83, 0x08, 0x83, 0x08, 0x83, 0x08,
  0x83, 0x08, 0x83, 0x08, 0x83, 0x08, 0x83, 0x08, 0x83, 0x08, 0x83, 0x08, 0x25, 0x19, 0x83, 0x08, 0x83, 0x08, 0x83, 0x08, 0x83, 0x08, 0x83, 0x08, 0x83, 0x08, 0x83, 0x08, 0x83, 0x08, 0x83, 0x08,
  0xa4, 0x10, 0x83, 0x08, 0x83, 0x08, 0x83, 0x08, 0x05, 0x19, 0x83, 0x08, 0x83, 0x08, 0x83, 0x08, 0x83, 0x08, 0x83, 0x08, 0x83, 0x08, 0x83, 0x08, 0x83, 0x08, 0x83, 0x08, 0x83, 0x08, 0x83, 0x08,
  0x83, 0x08, 0x83, 0x08, 0x05, 0x19, 0x83, 0x08, 0x83, 0x08, 0x83, 0x08, 0x83, 0x08, 0x83, 0x08, 0x83, 0x08, 0x83, 0x08, 0x83, 0x08, 0x83, 0x08, 0x83, 0x08, 0x83, 0x08, 0x83, 0x08, 0x83, 0x08,
  0x83, 0x08, 0x42, 0x08, 0x42, 0x08, 0x42, 0x08, 0x42, 0x08, 0x42, 0x08, 0x42, 0x08, 0x42, 0x08, 0x42, 0x08, 0x42, 0x08, 0x42, 0x08, 0x42, 0x08, 0xe4, 0x10, 0x42, 0x08, 0x42, 0x08, 0x42, 0x08,
  0x42, 0x08, 0x42, 0x08, 0x42, 0x08, 0x42, 0x08, 0x42, 0x08, 0x42, 0x08, 0x42, 0x08, 0x42, 0x08, 0x42, 0x08, 0x42, 0x08, 0xe5, 0x10, 0x42, 0x08, 0x42, 0x08, 0x42, 0x08, 0x42, 0x08, 0x42, 0x08,
  0x83, 0x08, 0x42, 0x08, 0x42, 0x08, 0x42, 0x08, 0x42, 0x08, 0x42, 0x08, 0x42, 0x08, 0x42, 0x08, 0xe5, 0x10, 0x42, 0x08, 0x42, 0x08, 0x42, 0x08, 0x42, 0x08, 0x42, 0x08, 0x42, 0x08, 0x42, 0x08,
  0x42, 0x08, 0x42, 0x08, 0x42, 0x08, 0x42, 0x08, 0x42, 0x08, 0x42, 0x08, 0x05, 0x19, 0x42, 0x08, 0x42, 0x08, 0x42, 0x08, 0x42, 0x08, 0x42, 0x08, 0x42, 0x08, 0x42, 0x08, 0x42, 0x08, 0x42, 0x08,
  0x83, 0x08, 0x42, 0x08, 0x42, 0x08, 0x42, 0x08, 0x05, 0x19, 0x42, 0x08, 0x42, 0x08, 0x42, 0x08, 0x42, 0x08, 0x42, 0x08, 0x42, 0x08, 0x42, 0x08, 0x42, 0x08, 0x42, 0x08, 0x42, 0x08, 0x42, 0x08,
  0x42, 0x08, 0x42, 0x08, 0x06, 0x19, 0x42, 0x08, 0x42, 0x08, 0x42, 0x08, 0x42, 0x08, 0x42, 0x08, 0x42, 0x08, 0x42, 0x08, 0x42, 0x08, 0x42, 0x08, 0x42, 0x08, 0x42, 0x08, 0x42, 0x08, 0x42, 0x08,
  0x46, 0x19, 0x42, 0x08, 0x42, 0x08, 0x42, 0x08, 0x42, 0x08, 0x42, 0x08, 0x42, 0x08, 0x42, 0x08, 0x42, 0x08, 0x42, 0x08, 0x42, 0x08, 0x42, 0x08, 0x42, 0x08, 0x42, 0x08, 0x26, 0x19, 0x42, 0x08,
  0x42, 0x08, 0x42, 0x08, 0x42, 0x08, 0x42, 0x08, 0x42, 0x08, 0x42, 0x08, 0x42, 0x08, 0x42, 0x08, 0x42, 0x08, 0x42, 0x08, 0x42, 0x08, 0x42, 0x08, 0x26, 0x19, 0x42, 0x08, 0x42, 0x08, 0x42, 0x08,
  0x83, 0x08, 0x42, 0x08, 0x42, 0x08, 0x42, 0x08, 0x42, 0x08, 0x42, 0x08, 0x42, 0x08, 0x42, 0x08, 0x42, 0x08, 0x42, 0x08, 0x26, 0x19, 0x42, 0x08, 0x42, 0x08, 0x42, 0x08, 0x42, 0x08, 0x42, 0x08,
  0x42, 0x08, 0x42, 0x08, 0x42, 0x08, 0x42, 0x08, 0x42, 0x08, 0x42, 0x08, 0x42, 0x08, 0x42, 0x08, 0x27, 0x19, 0x42, 0x08, 0x42, 0x08, 0x42, 0x08, 0x42, 0x08, 0x42, 0x08, 0x42, 0x08, 0x42, 0x08,
  0x83, 0x08, 0x42, 0x08, 0x42, 0x08, 0x42, 0x08, 0x42, 0x08, 0x42, 0x08, 0x27, 0x19, 0x42, 0x08, 0x42, 0x08, 0x42, 0x08, 0x42, 0x08, 0x42, 0x08, 0x42, 0x08, 0x42, 0x08, 0x42, 0x08, 0x42, 0x08,
  0x42, 0x08, 0x42, 0x08, 0x42, 0x08, 0x42, 0x08, 0x26, 0x19, 0x42, 0x08, 0x42, 0x08, 0x42, 0x08, 0x42, 0x08, 0x42, 0x08, 0x42, 0x08, 0x42, 0x08, 0x42, 0x08, 0x42, 0x08, 0x42, 0x08, 0x42, 0x08,
  0x83, 0x08, 0x42, 0x08, 0x26, 0x19, 0x42, 0x08, 0x42, 0x08, 0x42, 0x08, 0x42, 0x08, 0x42, 0x08, 0x42, 0x08, 0x42, 0x08, 0x42, 0x08, 0x42, 0x08, 0x42, 0x08, 0x42, 0x08, 0x42, 0x08, 0x42, 0x08,
  0x26, 0x19, 0x42, 0x08, 0x42, 0x08, 0x42, 0x08, 0x42, 0x08, 0x42, 0x08, 0x42, 0x08, 0x42, 0x08, 0x42, 0x08, 0x42, 0x08, 0x42, 0x08, 0x42, 0x08, 0x42, 0x08, 0x42, 0x08, 0x06, 0x19, 0x42, 0x08,
  0x83, 0x08, 0x42, 0x08, 0x42, 0x08, 0x42, 0x08, 0x42, 0x08, 0x42, 0x08, 0x42, 0x08, 0x42, 0x08, 0x42, 0x08, 0x42, 0x08, 0x42, 0x08, 0x42, 0x08, 0x06, 0x19, 0x42, 0x08, 0x42, 0x08, 0x42, 0x08,
  0x42, 0x08, 0x42, 0x08, 0x42, 0x08, 0x42, 0x08, 0x42, 0x08, 0x42, 0x08, 0x42, 0x08, 0x42, 0x08, 0x42, 0x08, 0x42, 0x08, 0x05, 0x19, 0x42, 0x08, 0x42, 0x08, 0x42, 0x08, 0x42, 0x08, 0x42, 0x08,
  0x83, 0x08, 0x42, 0x08, 0x42, 0x08, 0x42, 0x08, 0x42, 0x08, 0x42, 0x08, 0x42, 0x08, 0x42, 0x08, 0x05, 0x19, 0x42, 0x08, 0x42, 0x08, 0x42, 0x08, 0x42, 0x08, 0x42, 0x08, 0x42, 0x08, 0x42, 0x08,
  0x42, 0x08, 0x42, 0x08, 0x42, 0x08, 0x42, 0x08, 0x42, 0x08, 0x42, 0x08, 0xe5, 0x10, 0x42, 0x08, 0x42, 0x08, 0x42, 0x08, 0x42, 0x08, 0x42, 0x08, 0x42, 0x08, 0x42, 0x08, 0x42, 0x08, 0x42, 0x08,
  0x83, 0x08, 0x42, 0x08, 0x42, 0x08, 0x42, 0x08, 0xe5, 0x10, 0x42, 0x08, 0x42, 0x08, 0x42, 0x08, 0x42, 0x08, 0x42, 0x08, 0x42, 0x08, 0x42, 0x08, 0x42, 0x08, 0x42, 0x08, 0x42, 0x08, 0x42, 0x08,
  0x42, 0x08, 0x42, 0x08, 0xe4, 0x10, 0x42, 0x08, 0x42, 0x08, 0x42, 0x08, 0x42, 0x08, 0x42, 0x08, 0x42, 0x08, 0x42, 0x08, 0x42, 0x08, 0x42, 0x08, 0x42, 0x08, 0x42, 0x08, 0x42, 0x08, 0x42, 0x08,
  0x83, 0x08, 0x42, 0x08, 0x42, 0x08, 0x42, 0x08, 0x42, 0x08, 0x42, 0x08, 0x42, 0x08, 0x42, 0x08, 0x42, 0x08, 0x42, 0x08, 0x42, 0x08, 0x42, 0x08, 0xe4, 0x10, 0x42, 0x08, 0x42, 0x08, 0x42, 0x08,
  0x42, 0x08, 0x42, 0x08, 0x42, 0x08, 0x42, 0x08, 0x42, 0x08, 0x42, 0x08, 0x42, 0x08, 0x42, 0x08, 0x42, 0x08, 0x42, 0x08, 0xe5, 0x10, 0x42, 0x08, 0x42, 0x08, 0x42, 0x08, 0x42, 0x08, 0x42, 0x08,
  0x83, 0x08, 0x42, 0x08, 0x42, 0x08, 0x42, 0x08, 0x42, 0x08, 0x42, 0x08, 0x42, 0x08, 0x42, 0x08, 0xe5, 0x10, 0x42, 0x08, 0x42, 0x08, 0x42, 0x08, 0x42, 0x08, 0x42, 0x08, 0x42, 0x08, 0x42, 0x08,
  0x42, 0x08, 0x42, 0x08, 0x42, 0x08, 0x42, 0x08, 0x42, 0x08, 0x42, 0x08, 0x05, 0x19, 0x42, 0x08, 0x42, 0x08, 0x42, 0x08, 0x42, 0x08, 0x42, 0x08, 0x42, 0x08, 0x42, 0x08, 0x42, 0x08, 0x42, 0x08,
  0x83, 0x08, 0x42, 0x08, 0x42, 0x08, 0x42, 0x08, 0x05, 0x19, 0x42, 0x08, 0x42, 0x08, 0x42, 0x08, 0x42, 0x08, 0x42, 0x08, 0x42, 0x08, 0x42, 0x08, 0x42, 0x08, 0x42, 0x08, 0x42, 0x08, 0x42, 0x08,
  0x42, 0x08, 0x42, 0x08, 0x06, 0x19, 0x42, 0x08, 0x42, 0x08, 0x42, 0x08, 0x42, 0x08, 0x42, 0x08, 0x42, 0x08, 0x42, 0x08, 0x42, 0x08, 0x42, 0x08, 0x42, 0x08, 0x42, 0x08, 0x42, 0x08, 0x42, 0x08,
  0x46, 0x19, 0x42, 0x08, 0x42, 0x08, 0x42, 0x08, 0x42, 0x08, 0x42, 0x08, 0x42, 0x08, 0x42, 0x08, 0x42, 0x08, 0x42, 0x08, 0x42, 0x08, 0x42, 0x08, 0x42, 0x08, 0x42, 0x08, 0x26, 0x19, 0x42, 0x08,
  0x42, 0x08, 0x42, 0x08, 0x42, 0x08, 0x42, 0x08, 0x42, 0x08, 0x42, 0x08, 0x42, 0x08, 0x42, 0x08, 0x42, 0x08, 0x42, 0x08, 0x42, 0x08, 0x42, 0x08, 0x26, 0x19, 0x42, 0x08, 0x42, 0x08, 0x42, 0x08,
  0x83, 0x08, 0x42, 0x08, 0x42, 0x08, 0x42, 0x08, 0x42, 0x08, 0x42, 0x08, 0x42, 0x08, 0x42, 0x08, 0x42, 0x08, 0x42, 0x08, 0x26, 0x19, 0x42, 0x08, 0x42, 0x08, 0x42, 0x08, 0x42, 0x08, 0x42, 0x08,
  0x42, 0x08, 0x42, 0x08, 0x42, 0x08, 0x42, 0x08, 0x42, 0x08, 0x42, 0x08, 0x42, 0x08, 0x42, 0x08, 0x27, 0x19, 0x42, 0x08, 0x42, 0x08, 0x42, 0x08, 0x42, 0x08, 0x42, 0x08, 0x42, 0x08, 0x42, 0x08,
  0x83, 0x08, 0x42, 0x08, 0x42, 0x08, 0x42, 0x08, 0x42, 0x08, 0x42, 0x08, 0x27, 0x19, 0x42, 0x08, 0x42, 0x08, 0x42, 0x08, 0x42, 0x08, 0x42, 0x08, 0x42, 0x08, 0x42, 0x08, 0x42, 0x08, 0x42, 0x08,
  0x42, 0x08, 0x42, 0x08, 0x42, 0x08, 0x42, 0x08, 0x26, 0x19, 0x42, 0x08, 0x42, 0x08, 0x42, 0x08, 0x42, 0x08, 0x42, 0x08, 0x42, 0x08, 0x42, 0x08, 0x42, 0x08, 0x42, 0x08, 0x42, 0x08, 0x42, 0x08,
  0x83, 0x08, 0x42, 0x08, 0x26, 0x19, 0x42, 0x08, 0x42, 0x08, 0x42, 0x08, 0x42, 0x08, 0x42, 0x08, 0x42, 0x08, 0x42, 0x08, 0x42, 0x08, 0x42, 0x08, 0x42, 0x08, 0x42, 0x08, 0x42, 0x08, 0x42, 0x08,
  0x26, 0x19, 0x42, 0x08, 0x42, 0x08, 0x42, 0x08, 0x42, 0x08, 0x42, 0x08, 0x42, 0x08, 0x42, 0x08, 0x42, 0x08, 0x42, 0x08, 0x42, 0x08, 0x42, 0x08, 0x42, 0x08, 0x42, 0x08, 0x06, 0x19, 0x42, 0x08,
  0x83, 0x08, 0x42, 0x08, 0x42, 0x08, 0x42, 0x08, 0x42, 0x08, 0x42, 0x08, 0x42, 0x08, 0x42, 0x08, 0x42, 0x08, 0x42, 0x08, 0x42, 0x08, 0x42, 0x08, 0x06, 0x19, 0x42, 0x08, 0x42, 0x08, 0x42, 0x08,
  0x42, 0x08, 0x42, 0x08, 0x42, 0x08, 0x42, 0x08, 0x42, 0x08, 0x42, 0x08, 0x42, 0x08, 0x42, 0x08, 0x42, 0x08, 0x42, 0x08, 0x05, 0x19, 0x42, 0x08, 0x42, 0x08, 0x42, 0x08, 0x42, 0x08, 0x42, 0x08,
  0x83, 0x08, 0x42, 0x08, 0x42, 0x08, 0x42, 0x08, 0x42, 0x08, 0x42, 0x08, 0x42, 0x08, 0x42, 0x08, 0x05, 0x19, 0x42, 0x08, 0x42, 0x08, 0x42, 0x08, 0x42, 0x08, 0x42, 0x08, 0x42, 0x08, 0x42, 0x08,
  0x42, 0x08, 0x42, 0x08, 0x42, 0x08, 0x42, 0x08, 0x42, 0x08, 0x42, 0x08, 0xe5, 0x10, 0x42, 0x08, 0x42, 0x08, 0x42, 0x08, 0x42, 0x08, 0x42, 0x08, 0x42, 0x08, 0x42, 0x08, 0x42, 0x08, 0x42, 0x08,
  0x83, 0x08, 0x42, 0x08, 0x42, 0x08, 0x42, 0x08, 0xe5, 0x10, 0x42, 0x08, 0x42, 0x08, 0x42, 0x08, 0x42, 0x08, 0x42, 0x08, 0x42, 0x08, 0x42, 0x08, 0x42, 0x08, 0x42, 0x08, 0x42, 0x08, 0x42, 0x08,
  0x42, 0x08, 0x42, 0x08, 0xe4, 0x10, 0x42, 0x08, 0x42, 0x08, 0x42, 0x08, 0x42, 0x08, 0x42, 0x08, 0x42, 0x08, 0x42, 0x08, 0x42, 0x08, 0x42, 0x08, 0x42, 0x08, 0x42, 0x08, 0x42, 0x08, 0x42, 0x08,
  0x83, 0x08, 0x42, 0x08, 0x42, 0x08, 0x42, 0x08, 0x42, 0x08, 0x42, 0x08, 0x42, 0x08, 0x42, 0x08, 0x42, 0x08, 0x42, 0x08, 0x42, 0x08, 0x42, 0x08, 0xe4, 0x10, 0x42, 0x08, 0x42, 0x08, 0x42, 0x08,
  0x42, 0x08, 0x42, 0x08, 0x42, 0x08, 0x42, 0x08, 0x42, 0x08, 0x42, 0x08, 0x42, 0x08, 0x42, 0x08, 0x42, 0x08, 0x42, 0x08, 0xe5, 0x10, 0x42, 0x08, 0x42, 0x08, 0x42, 0x08, 0x42, 0x08, 0x42, 0x08,
  0x83, 0x08, 0x42, 0x08, 0x42, 0x08, 0x42, 0x08, 0x42, 0x08, 0x42, 0x08, 0x42, 0x08, 0x42, 0x08, 0xe5, 0x10, 0x42, 0x08, 0x42, 0x08, 0x42, 0x08, 0x42, 0x08, 0x42, 0x08, 0x42, 0x08, 0x42, 0x08,
  0x42, 0x08, 0x42, 0x08, 0x42, 0x08, 0x42, 0x08, 0x42, 0x08, 0x42, 0x08, 0x05, 0x19, 0x42, 0x08, 0x42, 0x08, 0x42, 0x08, 0x42, 0x08, 0x42, 0x08, 0x42, 0x08, 0x42, 0x08, 0x42, 0x08, 0x42, 0x08,
  0x83, 0x08, 0x42, 0x08, 0x42, 0x08, 0x42, 0x08, 0x05, 0x19, 0x42, 0x08, 0x42, 0x08, 0x42, 0x08, 0x42, 0x08, 0x42, 0x08, 0x42, 0x08, 0x42, 0x08, 0x42, 0x08, 0x42, 0x08, 0x42, 0x08, 0x42, 0x08,
  0x42, 0x08, 0x42, 0x08, 0x06, 0x19, 0x42, 0x08, 0x42, 0x08, 0x42, 0x08, 0x42, 0x08, 0x42, 0x08, 0x42, 0x08, 0x42, 0x08, 0x42, 0x08, 0x42, 0x08, 0x42, 0x08, 0x42, 0x08, 0x42, 0x08, 0x42, 0x08,
  0x46, 0x19, 0x42, 0x08, 0x42, 0x08, 0x42, 0x08, 0x42, 0x08, 0x42, 0x08, 0x42, 0x08, 0x42, 0x08, 0x42, 0x08, 0x42, 0x08, 0x42, 0x08, 0x42, 0x08, 0x42, 0x08, 0x42, 0x08, 0x26, 0x19, 0x42, 0x08,
  0x42, 0x08, 0x42, 0x08, 0x42, 0x08, 0x42, 0x08, 0x42, 0x08, 0x42, 0x08, 0x42, 0x08, 0x42, 0x08, 0x42, 0x08, 0x42, 0x08, 0x42, 0x08, 0x42, 0x08, 0x26, 0x19, 0x42, 0x08, 0x42, 0x08, 0x42, 0x08,
  0x83, 0x08, 0x42, 0x08, 0x42, 0x08, 0x42, 0x08, 0x42, 0x08, 0x42, 0x08, 0x42, 0x08, 0x42, 0x08, 0x42, 0x08, 0x42, 0x08, 0x26, 0x19, 0x42, 0x08, 0x42, 0x08, 0x42, 0x08, 0x42, 0x08, 0x42, 0x08,
  0x42, 0x08, 0x42, 0x08, 0x42, 0x08, 0x42, 0x08, 0x42, 0x08, 0x42, 0x08, 0x42, 0x08, 0x42, 0x08, 0x27, 0x19, 0x42, 0x08, 0x42, 0x08, 0x42, 0x08, 0x42, 0x08, 0x42, 0x08, 0x42, 0x08, 0x42, 0x08,
  0x83, 0x08, 0x42, 0x08, 0x42, 0x08, 0x42, 0x08, 0x42, 0x08, 0x42, 0x08, 0x27, 0x19, 0x42, 0x08, 0x42, 0x08, 0x42, 0x08, 0x42, 0x08, 0x42, 0x08, 0x42, 0x08, 0x42, 0x08, 0x42, 0x08, 0x42, 0x08,
  0x42, 0x08, 0x42, 0x08, 0x42, 0x08, 0x42, 0x08, 0x26, 0x19, 0x42, 0x08, 0x42, 0x08, 0x42, 0x08, 0x42, 0x08, 0x42, 0x08, 0x42, 0x08, 0x42, 0x08, 0x42, 0x08, 0x42, 0x08, 0x42, 0x08, 0x42, 0x08,
  0x83, 0x08, 0x42, 0x08, 0x26, 0x19, 0x42, 0x08, 0x42, 0x08, 0x42, 0x08, 0x42, 0x08, 0x42, 0x08, 0x42, 0x08, 0x42, 0x08, 0x42, 0x08, 0x42, 0x08, 0x42, 0x08, 0x42, 0x08, 0x42, 0x08, 0x42, 0x08,
  0x26, 0x19, 0x42, 0x08, 0x42, 0x08, 0x42, 0x08, 0x42, 0x08, 0x42, 0x08, 0x42, 0x08, 0x42, 0x08, 0x42, 0x08, 0x42, 0x08, 0x42, 0x08, 0x42, 0x08, 0x42, 0x08, 0x42, 0x08, 0x06, 0x19, 0x42, 0x08,
  0x83, 0x08, 0x42, 0x08, 0x42, 0x08, 0x42, 0x08, 0x42, 0x08, 0x42, 0x08, 0x42, 0x08, 0x42, 0x08, 0x42, 0x08, 0x42, 0x08, 0x42, 0x08, 0x42, 0x08, 0x06, 0x19, 0x42, 0x08, 0x42, 0x08, 0x42, 0x08,
  0x42, 0x08, 0x42, 0x08, 0x42, 0x08, 0x42, 0x08, 0x42, 0x08, 0x42, 0x08, 0x42, 0x08, 0x42, 0x08, 0x42, 0x08, 0x42, 0x08, 0x05, 0x19, 0x42, 0x08, 0x42, 0x08, 0x42, 0x08, 0x42, 0x08, 0x42, 0x08,
  0x83, 0x08, 0x42, 0x08, 0x42, 0x08, 0x42, 0x08, 0x42, 0x08, 0x42, 0x08, 0x42, 0x08, 0x42, 0x08, 0x05, 0x19, 0x42, 0x08, 0x42, 0x08, 0x42, 0x08, 0x42, 0x08, 0x42, 0x08, 0x42, 0x08, 0x42, 0x08,
  0x42, 0x08, 0x42, 0x08, 0x42, 0x08, 0x42, 0x08, 0x42, 0x08, 0x42, 0x08, 0xe5, 0x10, 0x42, 0x08, 0x42, 0x08, 0x42, 0x08, 0x42, 0x08, 0x42, 0x08, 0x42, 0x08, 0x42, 0x08, 0x42, 0x08, 0x42, 0x08,
  0x83, 0x08, 0x42, 0x08, 0x42, 0x08, 0x42, 0x08, 0xe5, 0x10, 0x42, 0x08, 0x42, 0x08, 0x42, 0x08, 0x42, 0x08, 0x42, 0x08, 0x42, 0x08, 0x42, 0x08, 0x42, 0x08, 0x42, 0x08, 0x42, 0x08, 0x42, 0x08,
  0x42, 0x08, 0x42, 0x08, 0xe4, 0x10, 0x42, 0x08, 0x42, 0x08, 0x42, 0x08, 0x42, 0x08, 0x42, 0x08, 0x42, 0x08, 0x42, 0x08, 0x42, 0x08, 0x42, 0x08, 0x42, 0x08, 0x42, 0x08, 0x42, 0x08, 0x42, 0x08,
  0x83, 0x08, 0x42, 0x08, 0x42, 0x08, 0x42, 0x08, 0x42, 0x08, 0x42, 0x08, 0x42, 0x08, 0x42, 0x08, 0x42, 0x08, 0x42, 0x08, 0x42, 0x08, 0x42, 0x08, 0xe4, 0x10, 0x42, 0x08, 0x42, 0x08, 0x42, 0x08,
  0x42, 0x08, 0x42, 0x08, 0x42, 0x08, 0x42, 0x08, 0x42, 0x08, 0x42, 0x08, 0x42, 0x08, 0x42, 0x08, 0x42, 0x08, 0x42, 0x08, 0xe5, 0x10, 0x42, 0x08, 0x42, 0x08, 0x42, 0x08, 0x42, 0x08, 0x42, 0x08,
  0x83, 0x08, 0x42, 0x08, 0x42, 0x08, 0x42, 0x08, 0x42, 0x08, 0x42, 0x08, 0x42, 0x08, 0x42, 0x08, 0xe5, 0x10, 0x42, 0x08, 0x42, 0x08, 0x42, 0x08, 0x42, 0x08, 0x42, 0x08, 0x42, 0x08, 0x42, 0x08,
  0x42, 0x08, 0x42, 0x08, 0x42, 0x08, 0x42, 0x08, 0x42, 0x08, 0x42, 0x08, 0x05, 0x19, 0x42, 0x08, 0x42, 0x08, 0x42, 0x08, 0x42, 0x08, 0x42, 0x08, 0x42, 0x08, 0x42, 0x08, 0x42, 0x08, 0x42, 0x08,
  0x83, 0x08, 0x42, 0x08, 0x42, 0x08, 0x42, 0x08, 0x05, 0x19, 0x42, 0x08, 0x42, 0x08, 0x42, 0x08, 0x42, 0x08, 0x42, 0x08, 0x42, 0x08, 0x42, 0x08, 0x42, 0x08, 0x42, 0x08, 0x42, 0x08, 0x42, 0x08,
  0x42, 0x08, 0x42, 0x08, 0x06, 0x19, 0x42, 0x08, 0x42, 0x08, 0x42, 0x08, 0x42, 0x08, 0x42, 0x08, 0x42, 0x08, 0x42, 0x08, 0x42, 0x08, 0x42, 0x08, 0x42, 0x08, 0x42, 0x08, 0x42, 0x08, 0x42, 0x08,
  0x46, 0x19, 0x42, 0x08, 0x42, 0x08, 0x42, 0x08, 0x42, 0x08, 0x42, 0x08, 0x42, 0x08, 0x42, 0x08, 0x42, 0x08, 0x42, 0x08, 0x42, 0x08, 0x42, 0x08, 0x42, 0x08, 0x42, 0x08, 0x26, 0x19, 0x42, 0x08,
  0x42, 0x08, 0x42, 0x08, 0x42, 0x08, 0x42, 0x08, 0x42, 0x08, 0x42, 0x08, 0x42, 0x08, 0x42, 0x08, 0x42, 0x08, 0x42, 0x08, 0x42, 0x08, 0x42, 0x08, 0x26, 0x19, 0x42, 0x08, 0x42, 0x08, 0x42, 0x08,
  0x83, 0x08, 0x42, 0x08, 0x42, 0x08, 0x42, 0x08, 0x42, 0x08, 0x42, 0x08, 0x42, 0x08, 0x42, 0x08, 0x42, 0x08, 0x42, 0x08, 0x26, 0x19, 0x42, 0x08, 0x42, 0x08, 0x42, 0x08, 0x42, 0x08, 0x42, 0x08,
  0x42, 0x08, 0x42, 0x08, 0x42, 0x08, 0x42, 0x08, 0x42, 0x08, 0x42, 0x08, 0x42, 0x08, 0x42, 0x08, 0x27, 0x19, 0x42, 0x08, 0x42, 0x08, 0x42, 0x08, 0x42, 0x08, 0x42, 0x08, 0x42, 0x08, 0x42, 0x08,
  0x83, 0x08, 0x42, 0x08, 0x42, 0x08, 0x42, 0x08, 0x42, 0x08, 0x42, 0x08, 0x27, 0x19, 0x42, 0x08, 0x42, 0x08, 0x42, 0x08, 0x42, 0x08, 0x42, 0x08, 0x42, 0x08, 0x42, 0x08, 0x42, 0x08, 0x42, 0x08,
  0x42, 0x08, 0x42, 0x08, 0x42, 0x08, 0x42, 0x08, 0x26, 0x19, 0x42, 0x08, 0x42, 0x08, 0x42, 0x08, 0x42, 0x08, 0x42, 0x08, 0x42, 0x08, 0x42, 0x08, 0x42, 0x08, 0x42, 0x08, 0x42, 0x08, 0x42, 0x08,
  0x83, 0x08, 0x42, 0x08, 0x26, 0x19, 0x42, 0x08, 0x42, 0x08, 0x42, 0x08, 0x42, 0x08, 0x42, 0x08, 0x42, 0x08, 0x42, 0x08, 0x42, 0x08, 0x42, 0x08, 0x42, 0x08, 0x42, 0x08, 0x42, 0x08, 0x42, 0x08,
  0x26, 0x19, 0x42, 0x08, 0x42, 0x08, 0x42, 0x08, 0x42, 0x08, 0x42, 0x08, 0x42, 0x08, 0x42, 0x08, 0x42, 0x08, 0x42, 0x08, 0x42, 0x08, 0x42, 0x08, 0x42, 0x08, 0x42, 0x08, 0x06, 0x19, 0x42, 0x08,
  0x83, 0x08, 0x42, 0x08, 0x42, 0x08, 0x42, 0x08, 0x42, 0x08, 0x42, 0x08, 0x42, 0x08, 0x42, 0x08, 0x42, 0x08, 0x42, 0x08, 0x42, 0x08, 0x42, 0x08, 0x06, 0x19, 0x42, 0x08, 0x42, 0x08, 0x42, 0x08,
  0x42, 0x08, 0x42, 0x08, 0x42, 0x08, 0x42, 0x08, 0x42, 0x08, 0x42, 0x08, 0x42, 0x08, 0x42, 0x08, 0x42, 0x08, 0x42, 0x08, 0x05, 0x19, 0x42, 0x08, 0x42, 0x08, 0x42, 0x08, 0x42, 0x08, 0x42, 0x08,
  0x83, 0x08, 0x42, 0x08, 0x42, 0x08, 0x42, 0x08, 0x42, 0x08, 0x42, 0x08, 0x42, 0x08, 0x42, 0x08, 0x05, 0x19, 0x42, 0x08, 0x42, 0x08, 0x42, 0x08, 0x42, 0x08, 0x42, 0x08, 0x42, 0x08, 0x42, 0x08,
  0x42, 0x08, 0x42, 0x08, 0x42, 0x08, 0x42, 0x08, 0x42, 0x08, 0x42, 0x08, 0xe5, 0x10, 0x42, 0x08, 0x42, 0x08, 0x42, 0x08, 0x42, 0x08, 0x42, 0x08, 0x42, 0x08, 0x42, 0x08, 0x42, 0x08, 0x42, 0x08,
  0x83, 0x08, 0x42, 0x08, 0x42, 0x08, 0x42, 0x08, 0xe5, 0x10, 0x42, 0x08, 0x42, 0x08, 0x42, 0x08, 0x42, 0x08, 0x42, 0x08, 0x42, 0x08, 0x42, 0x08, 0x42, 0x08, 0x42, 0x08, 0x42, 0x08, 0x42, 0x08,
  0x42, 0x08, 0x42, 0x08, 0xe4, 0x10, 0x42, 0x08, 0x42, 0x08, 0x42, 0x08, 0x42, 0x08, 0x42, 0x08, 0x42, 0x08, 0x42, 0x08, 0x42, 0x08, 0x42, 0x08, 0x42, 0x08, 0x42, 0x08, 0x42, 0x08, 0x42, 0x08,
  0x83, 0x08, 0x42, 0x08, 0x42, 0x08, 0x42, 0x08, 0x42, 0x08, 0x42, 0x08, 0x42, 0x08, 0x42, 0x08, 0x42, 0x08, 0x42, 0x08, 0x42, 0x08, 0x42, 0x08, 0xe4, 0x10, 0x42, 0x08, 0x42, 0x08, 0x42, 0x08,
  0x42, 0x08, 0x42, 0x08, 0x42, 0x08, 0x42, 0x08, 0x42, 0x08, 0x42, 0x08, 0x42, 0x08, 0x42, 0x08, 0x42, 0x08, 0x42, 0x08, 0xe5, 0x10, 0x42, 0x08, 0x42, 0x08, 0x42, 0x08, 0x42, 0x08, 0x42, 0x08,
  0x83, 0x08, 0x42, 0x08, 0x42, 0x08, 0x42, 0x08, 0x42, 0x08, 0x42, 0x08, 0x42, 0x08, 0x42, 0x08, 0xe5, 0x10, 0x42, 0x08, 0x42, 0x08, 0x42, 0x08, 0x42, 0x08, 0x42, 0x08, 0x42, 0x08, 0x42, 0x08,
  0x42, 0x08, 0x42, 0x08, 0x42, 0x08, 0x42, 0x08, 0x42, 0x08, 0x42, 0x08, 0x05, 0x19, 0x42, 0x08, 0x42, 0x08, 0x42, 0x08, 0x42, 0x08, 0x42, 0x08, 0x42, 0x08, 0x42, 0x08, 0x42, 0x08, 0x42, 0x08,
  0x83, 0x08, 0x42, 0x08, 0x42, 0x08, 0x42, 0x08, 0x05, 0x19, 0x42, 0x08, 0x42, 0x08, 0x42, 0x08, 0x42, 0x08, 0x42, 0x08, 0x42, 0x08, 0x42, 0x08, 0x42, 0x08, 0x42, 0x08, 0x42, 0x08, 0x42, 0x08,
  0x42, 0x08, 0x42, 0x08, 0x06, 0x19, 0x42, 0x08, 0x42, 0x08, 0x42, 0x08, 0x42, 0x08, 0x42, 0x08, 0x42, 0x08, 0x42, 0x08, 0x42, 0x08, 0x42, 0x08, 0x42, 0x08, 0x42, 0x08, 0x42, 0x08, 0x42, 0x08,
  0x46, 0x19, 0x42, 0x08, 0x42, 0x08, 0x42, 0x08, 0x42, 0x08, 0x42, 0x08, 0x42, 0x08, 0x42, 0x08, 0x42, 0x08, 0x42, 0x08, 0x42, 0x08, 0x42, 0x08, 0x42, 0x08, 0x42, 0x08, 0x26, 0x19, 0x42, 0x08,
  0x42, 0x08, 0x42, 0x08, 0x42, 0x08, 0x42, 0x08, 0x42, 0x08, 0x42, 0x08, 0x42, 0x08, 0x42, 0x08, 0x42, 0x08, 0x42, 0x08, 0x42, 0x08, 0x42, 0x08, 0x26, 0x19, 0x42, 0x08, 0x42, 0x08, 0x42, 0x08,
  0x83, 0x08, 0x42, 0x08, 0x42, 0x08, 0x42, 0x08, 0x42, 0x08, 0x42, 0x08, 0x42, 0x08, 0x42, 0x08, 0x42, 0x08, 0x42, 0x08, 0x26, 0x19, 0x42, 0x08, 0x42, 0x08, 0x42, 0x08, 0x42, 0x08, 0x42, 0x08,
  0x42, 0x08, 0x42, 0x08, 0x42, 0x08, 0x42, 0x08, 0x42, 0x08, 0x42, 0x08, 0x42, 0x08, 0x42, 0x08, 0x27, 0x19, 0x42, 0x08, 0x42, 0x08, 0x42, 0x08, 0x42, 0x08, 0x42, 0x08, 0x42, 0x08, 0x42, 0x08,
  0x83, 0x08, 0x42, 0x08, 0x42, 0x08, 0x42, 0x08, 0x42, 0x08, 0x42, 0x08, 0x27, 0x19, 0x42, 0x08, 0x42, 0x08, 0x42, 0x08, 0x42, 0x08, 0x42, 0x08, 0x42, 0x08, 0x42, 0x08, 0x42, 0x08, 0x42, 0x08,
  0x42, 0x08, 0x42, 0x08, 0x42, 0x08, 0x42, 0x08, 0x26, 0x19, 0x42, 0x08, 0x42, 0x08, 0x42, 0x08, 0x42, 0x08, 0x42, 0x08, 0x42, 0x08, 0x42, 0x08, 0x42, 0x08, 0x42, 0x08, 0x42, 0x08, 0x42, 0x08,
  0x83, 0x08, 0x42, 0x08, 0x26, 0x19, 0x42, 0x08, 0x42, 0x08, 0x42, 0x08, 0x42, 0x08, 0x42, 0x08, 0x42, 0x08, 0x42, 0x08, 0x42, 0x08, 0x42, 0x08, 0x42, 0x08, 0x42, 0x08, 0x42, 0x08, 0x42, 0x08,
  0x26, 0x19, 0x42, 0x08, 0x42, 0x08, 0x42, 0x08, 0x42, 0x08, 0x42, 0x08, 0x42, 0x08, 0x42, 0x08, 0x42, 0x08, 0x42, 0x08, 0x42, 0x08, 0x42, 0x08, 0x42, 0x08, 0x42, 0x08, 0x06, 0x19, 0x42, 0x08,
  0x83, 0x08, 0x42, 0x08, 0x42, 0x08, 0x42, 0x08, 0x42, 0x08, 0x42, 0x08, 0x42, 0x08, 0x42, 0x08, 0x42, 0x08, 0x42, 0x08, 0x42, 0x08, 0x42, 0x08, 0x06, 0x19, 0x42, 0x08, 0x42, 0x08, 0x42, 0x08,
  0x42, 0x08, 0x42, 0x08, 0x42, 0x08, 0x42, 0x08, 0x42, 0x08, 0x42, 0x08, 0x42, 0x08, 0x42, 0x08, 0x42, 0x08, 0x42, 0x08, 0x05, 0x19, 0x42, 0x08, 0x42, 0x08, 0x42, 0x08, 0x42, 0x08, 0x42, 0x08,
  0x83, 0x08, 0x42, 0x08, 0x42, 0x08, 0x42, 0x08, 0x42, 0x08, 0x42, 0x08, 0x42, 0x08, 0x42, 0x08, 0x05, 0x19, 0x42, 0x08, 0x42, 0x08, 0x42, 0x08, 0x42, 0x08, 0x42, 0x08, 0x42, 0x08, 0x42, 0x08,
  0x42, 0x08, 0x42, 0x08, 0x42, 0x08, 0x42, 0x08, 0x42, 0x08, 0x42, 0x08, 0xe5, 0x10, 0x42, 0x08, 0x42, 0x08, 0x42, 0x08, 0x42, 0x08, 0x42, 0x08, 0x42, 0x08, 0x42, 0x08, 0x42, 0x08, 0x42, 0x08,
  0x83, 0x08, 0x42, 0x08, 0x42, 0x08, 0x42, 0x08, 0xe5, 0x10, 0x42, 0x08, 0x42, 0x08, 0x42, 0x08, 0x42, 0x08, 0x42, 0x08, 0x42, 0x08, 0x42, 0x08, 0x42, 0x08, 0x42, 0x08, 0x42, 0x08, 0x42, 0x08,
  0x42, 0x08, 0x42, 0x08, 0xe4, 0x10, 0x42, 0x08, 0x42, 0x08, 0x42, 0x08, 0x42, 0x08, 0x42, 0x08, 0x42, 0x08, 0x42, 0x08, 0x42, 0x08, 0x42, 0x08, 0x42, 0x08, 0x42, 0x08, 0x42, 0x08, 0x42, 0x08,
  0x83, 0x08, 0x42, 0x08, 0x42, 0x08, 0x42, 0x08, 0x42, 0x08, 0x42, 0x08, 0x42, 0x08, 0x42, 0x08, 0x42, 0x08, 0x42, 0x08, 0x42, 0x08, 0x42, 0x08, 0xe4, 0x10, 0x42, 0x08, 0x42, 0x08, 0x42, 0x08,
  0x42, 0x08, 0x42, 0x08, 0x42, 0x08, 0x42, 0x08, 0x42, 0x08, 0x42, 0x08, 0x42, 0x08, 0x42, 0x08, 0x42, 0x08, 0x42, 0x08, 0xe5, 0x10, 0x42, 0x08, 0x42, 0x08, 0x42, 0x08, 0x42, 0x08, 0x42, 0x08,
  0x83, 0x08, 0x42, 0x08, 0x42, 0x08, 0x42, 0x08, 0x42, 0x08, 0x42, 0x08, 0x42, 0x08, 0x42, 0x08, 0xe5, 0x10, 0x42, 0x08, 0x42, 0x08, 0x42, 0x08, 0x42, 0x08, 0x42, 0x08, 0x42, 0x08, 0x42, 0x08,
  0x42, 0x08, 0x42, 0x08, 0x42, 0x08, 0x42, 0x08, 0x42, 0x08, 0x42, 0x08, 0x05, 0x19, 0x42, 0x08, 0x42, 0x08, 0x42, 0x08, 0x42, 0x08, 0x42, 0x08, 0x42, 0x08, 0x42, 0x08, 0x42, 0x08, 0x42, 0x08,
  0x83, 0x08, 0x42, 0x08, 0x42, 0x08, 0x42, 0x08, 0x05, 0x19, 0x42, 0x08, 0x42, 0x08, 0x42, 0x08, 0x42, 0x08, 0x42, 0x08, 0x42, 0x08, 0x42, 0x08, 0x42, 0x08, 0x42, 0x08, 0x42, 0x08, 0x42, 0x08,
  0x42, 0x08, 0x42, 0x08, 0x06, 0x19, 0x42, 0x08, 0x42, 0x08, 0x42, 0x08, 0x42, 0x08, 0x42, 0x08, 0x42, 0x08, 0x42, 0x08, 0x42, 0x08, 0x42, 0x08, 0x42, 0x08, 0x42, 0x08, 0x42, 0x08, 0x42, 0x08,
  0x46, 0x19, 0x42, 0x08, 0x42, 0x08, 0x42, 0x08, 0x42, 0x08, 0x42, 0x08, 0x42, 0x08, 0x42, 0x08, 0x42, 0x08, 0x42, 0x08, 0x42, 0x08, 0x42, 0x08, 0x42, 0x08, 0x42, 0x08, 0x26, 0x19, 0x42, 0x08,
  0x42, 0x08, 0x42, 0x08, 0x42, 0x08, 0x42, 0x08, 0x42, 0x08, 0x42, 0x08, 0x42, 0x08, 0x42, 0x08, 0x42, 0x08, 0x42, 0x08, 0x42, 0x08, 0x42, 0x08, 0x26, 0x19, 0x42, 0x08, 0x42, 0x08, 0x42, 0x08,
  0x83, 0x08, 0x42, 0x08, 0x42, 0x08, 0x42, 0x08, 0x42, 0x08, 0x42, 0x08, 0x42, 0x08, 0x42, 0x08, 0x42, 0x08, 0x42, 0x08, 0x26, 0x19, 0x42, 0x08, 0x42, 0x08, 0x42, 0x08, 0x42, 0x08, 0x42, 0x08,
  0x42, 0x08, 0x42, 0x08, 0x42, 0x08, 0x42, 0x08, 0x42, 0x08, 0x42, 0x08, 0x42, 0x08, 0x42, 0x08, 0x27, 0x19, 0x42, 0x08, 0x42, 0x08, 0x42, 0x08, 0x42, 0x08, 0x42, 0x08, 0x42, 0x08, 0x42, 0x08,
  0x83, 0x08, 0x42, 0x08, 0x42, 0x08, 0x42, 0x08, 0x42, 0x08, 0x42, 0x08, 0x27, 0x19, 0x42, 0x08, 0x42, 0x08, 0x42, 0x08, 0x42, 0x08, 0x42, 0x08, 0x42, 0x08, 0x42, 0x08, 0x42, 0x08, 0x42, 0x08,
  0x42, 0x08, 0x42, 0x08, 0x42, 0x08, 0x42, 0x08, 0x26, 0x19, 0x42, 0x08, 0x42, 0x08, 0x42, 0x08, 0x42, 0x08, 0x42, 0x08, 0x42, 0x08, 0x42, 0x08, 0x42, 0x08, 0x42, 0x08, 0x42, 0x08, 0x42, 0x08,
  0x83, 0x08, 0x42, 0x08, 0x26, 0x19, 0x42, 0x08, 0x42, 0x08, 0x42, 0x08, 0x42, 0x08, 0x42, 0x08, 0x42, 0x08, 0x42, 0x08, 0x42, 0x08, 0x42, 0x08, 0x42, 0x08, 0x42, 0x08, 0x42, 0x08, 0x42, 0x08,
  0x26, 0x19, 0x42, 0x08, 0x42, 0x08, 0x42, 0x08, 0x42, 0x08, 0x42, 0x08, 0x42, 0x08, 0x42, 0x08, 0x42, 0x08, 0x42, 0x08, 0x42, 0x08, 0x42, 0x08, 0x42, 0x08, 0x42, 0x08, 0x06, 0x19, 0x42, 0x08,
  0x83, 0x08, 0x42, 0x08, 0x42, 0x08, 0x42, 0x08, 0x42, 0x08, 0x42, 0x08, 0x42, 0x08, 0x42, 0x08, 0x42, 0x08, 0x42, 0x08, 0x42, 0x08, 0x42, 0x08, 0x06, 0x19, 0x42, 0x08, 0x42, 0x08, 0x42, 0x08,
  0x42, 0x08, 0x42, 0x08, 0x42, 0x08, 0x42, 0x08, 0x42, 0x08, 0x42, 0x08, 0x42, 0x08, 0x42, 0x08, 0x42, 0x08, 0x42, 0x08, 0x05, 0x19, 0x42, 0x08, 0x42, 0x08, 0x42, 0x08, 0x42, 0x08, 0x42, 0x08,
  0x83, 0x08, 0x42, 0x08, 0x42, 0x08, 0x42, 0x08, 0x42, 0x08, 0x42, 0x08, 0x42, 0x08, 0x42, 0x08, 0x05, 0x19, 0x42, 0x08, 0x42, 0x08, 0x42, 0x08, 0x42, 0x08, 0x42, 0x08, 0x42, 0x08, 0x42, 0x08,
  0x42, 0x08, 0x42, 0x08, 0x42, 0x08, 0x42, 0x08, 0x42, 0x08, 0x42, 0x08, 0xe5, 0x10, 0x42, 0x08, 0x42, 0x08, 0x42, 0x08, 0x42, 0x08, 0x42, 0x08, 0x42, 0x08, 0x42, 0x08, 0x42, 0x08, 0x42, 0x08,
  0x83, 0x08, 0x42, 0x08, 0x42, 0x08, 0x42, 0x08, 0xe5, 0x10, 0x42, 0x08, 0x42, 0x08, 0x42, 0x08, 0x42, 0x08, 0x42, 0x08, 0x42, 0x08, 0x42, 0x08, 0x42, 0x08, 0x42, 0x08, 0x42, 0x08, 0x42, 0x08,
  0x42, 0x08, 0x42, 0x08, 0xe4, 0x10, 0x42, 0x08, 0x42, 0x08, 0x42, 0x08, 0x42, 0x08, 0x42, 0x08, 0x42, 0x08, 0x42, 0x08, 0x42, 0x08, 0x42, 0x08, 0x42, 0x08, 0x42, 0x08, 0x42, 0x08, 0x42, 0x08,
  0x83, 0x08, 0x42, 0x08, 0x42, 0x08, 0x42, 0x08, 0x42, 0x08, 0x42, 0x08, 0x42, 0x08, 0x42, 0x08, 0x42, 0x08, 0x42, 0x08, 0x42, 0x08, 0x42, 0x08, 0xe4, 0x10, 0x42, 0x08, 0x42, 0x08, 0x42, 0x08,
  0x42, 0x08, 0x42, 0x08, 0x42, 0x08, 0x42, 0x08, 0x42, 0x08, 0x42, 0x08, 0x42, 0x08, 0x42, 0x08, 0x42, 0x08, 0x42, 0x08, 0xe5, 0x10, 0x42, 0x08, 0x42, 0x08, 0x42, 0x08, 0x42, 0x08, 0x42, 0x08,
  0x83, 0x08, 0x42, 0x08, 0x42, 0x08, 0x42, 0x08, 0x42, 0x08, 0x42, 0x08, 0x42, 0x08, 0x42, 0x08, 0xe5, 0x10, 0x42, 0x08, 0x42, 0x08, 0x42, 0x08, 0x42, 0x08, 0x42, 0x08, 0x42, 0x08, 0x42, 0x08,
  0x42, 0x08, 0x42, 0x08, 0x42, 0x08, 0x42, 0x08, 0x42, 0x08, 0x42, 0x08, 0x05, 0x19, 0x42, 0x08, 0x42, 0x08, 0x42, 0x08, 0x42, 0x08, 0x42, 0x08, 0x42, 0x08, 0x42, 0x08, 0x42, 0x08, 0x42, 0x08,
  0x83, 0x08, 0x42, 0x08, 0x42, 0x08, 0x42, 0x08, 0x05, 0x19, 0x42, 0x08, 0x42, 0x08, 0x42, 0x08, 0x42, 0x08, 0x42, 0x08, 0x42, 0x08, 0x42, 0x08, 0x42, 0x08, 0x42, 0x08, 0x42, 0x08, 0x42, 0x08,
  0x42, 0x08, 0x42, 0x08, 0x06, 0x19, 0x42, 0x08, 0x42, 0x08, 0x42, 0x08, 0x42, 0x08, 0x42, 0x08, 0x42, 0x08, 0x42, 0x08, 0x42, 0x08, 0x42, 0x08, 0x42, 0x08, 0x42, 0x08, 0x42, 0x08, 0x42, 0x08,
  0x46, 0x19, 0x42, 0x08, 0x42, 0x08, 0x42, 0x08, 0x42, 0x08, 0x42, 0x08, 0x42, 0x08, 0x42, 0x08, 0x42, 0x08, 0x42, 0x08, 0x42, 0x08, 0x42, 0x08, 0x42, 0x08, 0x42, 0x08, 0x26, 0x19, 0x42, 0x08,
  0x42, 0x08, 0x42, 0x08, 0x42, 0x08, 0x42, 0x08, 0x42, 0x08, 0x42, 0x08, 0x42, 0x08, 0x42, 0x08, 0x42, 0x08, 0x42, 0x08, 0x42, 0x08, 0x42, 0x08, 0x26, 0x19, 0x42, 0x08, 0x42, 0x08, 0x42, 0x08,
  0x83, 0x08, 0x42, 0x08, 0x42, 0x08, 0x42, 0x08, 0x42, 0x08, 0x42, 0x08, 0x42, 0x08, 0x42, 0x08, 0x42, 0x08, 0x42, 0x08, 0x26, 0x19, 0x42, 0x08, 0x42, 0x08, 0x42, 0x08, 0x42, 0x08, 0x42, 0x08,
  0x42, 0x08, 0x42, 0x08, 0x42, 0x08, 0x42, 0x08, 0x42, 0x08, 0x42, 0x08, 0x42, 0x08, 0x42, 0x08, 0x27, 0x19, 0x42, 0x08, 0x42, 0x08, 0x42, 0x08, 0x42, 0x08, 0x42, 0x08, 0x42, 0x08, 0x42, 0x08,
  0x83, 0x08, 0x42, 0x08, 0x42, 0x08, 0x42, 0x08, 0x42, 0x08, 0x42, 0x08, 0x27, 0x19, 0x42, 0x08, 0x42, 0x08, 0x42, 0x08, 0x42, 0x08, 0x42, 0x08, 0x42, 0x08, 0x42, 0x08, 0x42, 0x08, 0x42, 0x08,
  0x42, 0x08, 0x42, 0x08, 0x42, 0x08, 0x42, 0x08, 0x26, 0x19, 0x42, 0x08, 0x42, 0x08, 0x42, 0x08, 0x42, 0x08, 0x42, 0x08, 0x42, 0x08, 0x42, 0x08, 0x42, 0x08, 0x42, 0x08, 0x42, 0x08, 0x42, 0x08,
  0x83, 0x08, 0x42, 0x08, 0x26, 0x19, 0x42, 0x08, 0x42, 0x08, 0x42, 0x08, 0x42, 0x08, 0x42, 0x08, 0x42, 0x08, 0x42, 0x08, 0x42, 0x08, 0x42, 0x08, 0x42, 0x08, 0x42, 0x08, 0x42, 0x08, 0x42, 0x08,
  0x26, 0x19, 0x42, 0x08, 0x42, 0x08, 0x42, 0x08, 0x42, 0x08, 0x42, 0x08, 0x42, 0x08, 0x42, 0x08, 0x42, 0x08, 0x42, 0x08, 0x42, 0x08, 0x42, 0x08, 0x42, 0x08, 0x42, 0x08, 0x06, 0x19, 0x42, 0x08,
  0x83, 0x08, 0x42, 0x08, 0x42, 0x08, 0x42, 0x08, 0x42, 0x08, 0x42, 0x08, 0x42, 0x08, 0x42, 0x08, 0x42, 0x08, 0x42, 0x08, 0x42, 0x08, 0x42, 0x08, 0x06, 0x19, 0x42, 0x08, 0x42, 0x08, 0x42, 0x08,
  0x42, 0x08, 0x42, 0x08, 0x42, 0x08, 0x42, 0x08, 0x42, 0x08, 0x42, 0x08, 0x42, 0x08, 0x42, 0x08, 0x42, 0x08, 0x42, 0x08, 0x05, 0x19, 0x42, 0x08, 0x42, 0x08, 0x42, 0x08, 0x42, 0x08, 0x42, 0x08,
  0x83, 0x08, 0x42, 0x08, 0x42, 0x08, 0x42, 0x08, 0x42, 0x08, 0x42, 0x08, 0x42, 0x08, 0x42, 0x08, 0x05, 0x19, 0x42, 0x08, 0x42, 0x08, 0x42, 0x08, 0x42, 0x08, 0x42, 0x08, 0x42, 0x08, 0x42, 0x08,
  0x42, 0x08, 0x42, 0x08, 0x42, 0x08, 0x42, 0x08, 0x42, 0x08, 0x42, 0x08, 0xe5, 0x10, 0x42, 0x08, 0x42, 0x08, 0x42, 0x08, 0x42, 0x08, 0x42, 0x08, 0x42, 0x08, 0x42, 0x08, 0x42, 0x08, 0x42, 0x08,
  0x83, 0x08, 0x42, 0x08, 0x42, 0x08, 0x42, 0x08, 0xe5, 0x10, 0x42, 0x08, 0x42, 0x08, 0x42, 0x08, 0x42, 0x08, 0x42, 0x08, 0x42, 0x08, 0x42, 0x08, 0x42, 0x08, 0x42, 0x08, 0x42, 0x08, 0x42, 0x08,
  0x42, 0x08, 0x42, 0x08, 0xe4, 0x10, 0x42, 0x08, 0x42, 0x08, 0x42, 0x08, 0x42, 0x08, 0x42, 0x08, 0x42, 0x08, 0x42, 0x08, 0x42, 0x08, 0x42, 0x08, 0x42, 0x08, 0x42, 0x08, 0x42, 0x08, 0x42, 0x08,
  0x83, 0x08, 0x42, 0x08, 0x42, 0x08, 0x42, 0x08, 0x42, 0x08, 0x42, 0x08, 0x42, 0x08, 0x42, 0x08, 0x42, 0x08, 0x42, 0x08, 0x42, 0x08, 0x42, 0x08, 0xe4, 0x10, 0x42, 0x08, 0x42, 0x08, 0x42, 0x08,
  0x42, 0x08, 0x42, 0x08, 0x42, 0x08, 0x42, 0x08, 0x42, 0x08, 0x42, 0x08, 0x42, 0x08, 0x42, 0x08, 0x42, 0x08, 0x42, 0x08, 0xe5, 0x10, 0x42, 0x08, 0x42, 0x08, 0x42, 0x08, 0x42, 0x08, 0x42, 0x08,
  0x83, 0x08, 0x42, 0x08, 0x42, 0x08, 0x42, 0x08, 0x42, 0x08, 0x42, 0x08, 0x42, 0x08, 0x42, 0x08, 0xe5, 0x10, 0x42, 0x08, 0x42, 0x08, 0x42, 0x08, 0x42, 0x08, 0x42, 0x08, 0x42, 0x08, 0x42, 0x08,
  0x42, 0x08, 0x42, 0x08, 0x42, 0x08, 0x42, 0x08, 0x42, 0x08, 0x42, 0x08, 0x05, 0x19, 0x42, 0x08, 0x42, 0x08, 0x42, 0x08, 0x42, 0x08, 0x42, 0x08, 0x42, 0x08, 0x42, 0x08, 0x42, 0x08, 0x42, 0x08,
  0x83, 0x08, 0x42, 0x08, 0x42, 0x08, 0x42, 0x08, 0x05, 0x19, 0x42, 0x08, 0x42, 0x08, 0x42, 0x08, 0x42, 0x08, 0x42, 0x08, 0x42, 0x08, 0x42, 0x08, 0x42, 0x08, 0x42, 0x08, 0x42, 0x08, 0x42, 0x08,
  0x42, 0x08, 0x42, 0x08, 0x06, 0x19, 0x42, 0x08, 0x42, 0x08, 0x42, 0x08, 0x42, 0x08, 0x42, 0x08, 0x42, 0x08, 0x42, 0x08, 0x42, 0x08, 0x42, 0x08, 0x42, 0x08, 0x42, 0x08, 0x42, 0x08, 0x42, 0x08,
  0x46, 0x19, 0x42, 0x08, 0x42, 0x08, 0x42, 0x08, 0x42, 0x08, 0x42, 0x08, 0x42, 0x08, 0x42, 0x08, 0x42, 0x08, 0x42, 0x08, 0x42, 0x08, 0x42, 0x08, 0x42, 0x08, 0x42, 0x08, 0x26, 0x19, 0x42, 0x08,
  0x42, 0x08, 0x42, 0x08, 0x42, 0x08, 0x42, 0x08, 0x42, 0x08, 0x42, 0x08, 0x42, 0x08, 0x42, 0x08, 0x42, 0x08, 0x42, 0x08, 0x42, 0x08, 0x42, 0x08, 0x26, 0x19, 0x42, 0x08, 0x42, 0x08, 0x42, 0x08,
  0x83, 0x08, 0x42, 0x08, 0x42, 0x08, 0x42, 0x08, 0x42, 0x08, 0x42, 0x08, 0x42, 0x08, 0x42, 0x08, 0x42, 0x08, 0x42, 0x08, 0x26, 0x19, 0x42, 0x08, 0x42, 0x08, 0x42, 0x08, 0x42, 0x08, 0x42, 0x08,
  0x42, 0x08, 0x42, 0x08, 0x42, 0x08, 0x42, 0x08, 0x42, 0x08, 0x42, 0x08, 0x42, 0x08, 0x42, 0x08, 0x27, 0x19, 0x42, 0x08, 0x42, 0x08, 0x42, 0x08, 0x42, 0x08, 0x42, 0x08, 0x42, 0x08, 0x42, 0x08,
  0x83, 0x08, 0x42, 0x08, 0x42, 0x08, 0x42, 0x08, 0x42, 0x08, 0x42, 0x08, 0x27, 0x19, 0x42, 0x08, 0x42, 0x08, 0x42, 0x08, 0x42, 0x08, 0x42, 0x08, 0x42, 0x08, 0x42, 0x08, 0x42, 0x08, 0x42, 0x08,
  0x42, 0x08, 0x42, 0x08, 0x42, 0x08, 0x42, 0x08, 0x26, 0x19, 0x42, 0x08, 0x42, 0x08, 0x42, 0x08, 0x42, 0x08, 0x42, 0x08, 0x42, 0x08, 0x42, 0x08, 0x42, 0x08, 0x42, 0x08, 0x42, 0x08, 0x42, 0x08,
  0x83, 0x08, 0x42, 0x08, 0x26, 0x19, 0x42, 0x08, 0x42, 0x08, 0x42, 0x08, 0x42, 0x08, 0x42, 0x08, 0x42, 0x08, 0x42, 0x08, 0x42, 0x08, 0x42, 0x08, 0x42, 0x08, 0x42, 0x08, 0x42, 0x08, 0x42, 0x08,
  0x26, 0x19, 0x42, 0x08, 0x42, 0x08, 0x42, 0x08, 0x42, 0x08, 0x42, 0x08, 0x42, 0x08, 0x42, 0x08, 0x42, 0x08, 0x42, 0x08, 0x42, 0x08, 0x42, 0x08, 0x42, 0x08, 0x42, 0x08, 0x06, 0x19, 0x42, 0x08,
  0x83, 0x08, 0x42, 0x08, 0x42, 0x08, 0x42, 0x08, 0x42, 0x08, 0x42, 0x08, 0x42, 0x08, 0x42, 0x08, 0x42, 0x08, 0x42, 0x08, 0x42, 0x08, 0x42, 0x08, 0x06, 0x19, 0x42, 0x08, 0x42, 0x08, 0x42, 0x08,
  0x42, 0x08, 0x42, 0x08, 0x42, 0x08, 0x42, 0x08, 0x42, 0x08, 0x42, 0x08, 0x42, 0x08, 0x42, 0x08, 0x42, 0x08, 0x42, 0x08, 0x05, 0x19, 0x42, 0x08, 0x42, 0x08, 0x42, 0x08, 0x42, 0x08, 0x42, 0x08,
  0x83, 0x08, 0x42, 0x08, 0x42, 0x08, 0x42, 0x08, 0x42, 0x08, 0x42, 0x08, 0x42, 0x08, 0x42, 0x08, 0x05, 0x19, 0x42, 0x08, 0x42, 0x08, 0x42, 0x08, 0x42, 0x08, 0x42, 0x08, 0x42, 0x08, 0x42, 0x08,
  0x42, 0x08, 0x42, 0x08, 0x42, 0x08, 0x42, 0x08, 0x42, 0x08, 0x42, 0x08, 0xe5, 0x10, 0x42, 0x08, 0x42, 0x08, 0x42, 0x08, 0x42, 0x08, 0x42, 0x08, 0x42, 0x08, 0x42, 0x08, 0x42, 0x08, 0x42, 0x08,
  0x83, 0x08, 0x42, 0x08, 0x42, 0x08, 0x42, 0x08, 0xe5, 0x10, 0x42, 0x08, 0x42, 0x08, 0x42, 0x08, 0x42, 0x08, 0x42, 0x08, 0x42, 0x08, 0x42, 0x08, 0x42, 0x08, 0x42, 0x08, 0x42, 0x08, 0x42, 0x08,
  0x42, 0x08, 0x42, 0x08, 0xe4, 0x10, 0x42, 0x08, 0x42, 0x08, 0x42, 0x08, 0x42, 0x08, 0x42, 0x08, 0x42, 0x08, 0x42, 0x08, 0x42, 0x08, 0x42, 0x08, 0x42, 0x08, 0x42, 0x08, 0x42, 0x08, 0x42, 0x08,
  0x83, 0x08, 0x42, 0x08, 0x42, 0x08, 0x42, 0x08, 0x42, 0x08, 0x42, 0x08, 0x42, 0x08, 0x42, 0x08, 0x42, 0x08, 0x42, 0x08, 0x42, 0x08, 0x42, 0x08, 0xe4, 0x10, 0x42, 0x08, 0x42, 0x08, 0x42, 0x08,
  0x42, 0x08, 0x42, 0x08, 0x42, 0x08, 0x42, 0x08, 0x42, 0x08, 0x42, 0x08, 0x42, 0x08, 0x42, 0x08, 0x42, 0x08, 0x42, 0x08, 0xe5, 0x10, 0x42, 0x08, 0x42, 0x08, 0x42, 0x08, 0x42, 0x08, 0x42, 0x08,
  0x83, 0x08, 0x42, 0x08, 0x42, 0x08, 0x42, 0x08, 0x42, 0x08, 0x42, 0x08, 0x42, 0x08, 0x42, 0x08, 0xe5, 0x10, 0x42, 0x08, 0x42, 0x08, 0x42, 0x08, 0x42, 0x08, 0x42, 0x08, 0x42, 0x08, 0x42, 0x08,
  0x42, 0x08, 0x42, 0x08, 0x42, 0x08, 0x42, 0x08, 0x42, 0x08, 0x42, 0x08, 0x05, 0x19, 0x42, 0x08, 0x42, 0x08, 0x42, 0x08, 0x42, 0x08, 0x42, 0x08, 0x42, 0x08, 0x42, 0x08, 0x42, 0x08, 0x42, 0x08,
  0x83, 0x08, 0x42, 0x08, 0x42, 0x08, 0x42, 0x08, 0x05, 0x19, 0x42, 0x08, 0x42, 0x08, 0x42, 0x08, 0x42, 0x08, 0x42, 0x08, 0x42, 0x08, 0x42, 0x08, 0x42, 0x08, 0x42, 0x08, 0x42, 0x08, 0x42, 0x08,
  0x42, 0x08, 0x42, 0x08, 0x06, 0x19, 0x42, 0x08, 0x42, 0x08, 0x42, 0x08, 0x42, 0x08, 0x42, 0x08, 0x42, 0x08, 0x42, 0x08, 0x42, 0x08, 0x42, 0x08, 0x42, 0x08, 0x42, 0x08, 0x42, 0x08, 0x42, 0x08,
  0x46, 0x19, 0x42, 0x08, 0x42, 0x08, 0x42, 0x08, 0x42, 0x08, 0x42, 0x08, 0x42, 0x08, 0x42, 0x08, 0x42, 0x08, 0x42, 0x08, 0x42, 0x08, 0x42, 0x08, 0x42, 0x08, 0x42, 0x08, 0x26, 0x19, 0x42, 0x08,
  0x42, 0x08, 0x42, 0x08, 0x42, 0x08, 0x42, 0x08, 0x42, 0x08, 0x42, 0x08, 0x42, 0x08, 0x42, 0x08, 0x42, 0x08, 0x42, 0x08, 0x42, 0x08, 0x42, 0x08, 0x26, 0x19, 0x42, 0x08, 0x42, 0x08, 0x42, 0x08,
  0x83, 0x08, 0x42, 0x08, 0x42, 0x08, 0x42, 0x08, 0x42, 0x08, 0x42, 0x08, 0x42, 0x08, 0x42, 0x08, 0x42, 0x08, 0x42, 0x08, 0x26, 0x19, 0x42, 0x08, 0x42, 0x08, 0x42, 0x08, 0x42, 0x08, 0x42, 0x08,
  0x42, 0x08, 0x42, 0x08, 0x42, 0x08, 0x42, 0x08, 0x42, 0x08, 0x42, 0x08, 0x42, 0x08, 0x42, 0x08, 0x27, 0x19, 0x42, 0x08, 0x42, 0x08, 0x42, 0x08, 0x42, 0x08, 0x42, 0x08, 0x42, 0x08, 0x42, 0x08,
  0x83, 0x08, 0x42, 0x08, 0x42, 0x08, 0x42, 0x08, 0x42, 0x08, 0x42, 0x08, 0x27, 0x19, 0x42, 0x08, 0x42, 0x08, 0x42, 0x08, 0x42, 0x08, 0x42, 0x08, 0x42, 0x08, 0x42, 0x08, 0x42, 0x08, 0x42, 0x08,
  0x42, 0x08, 0x42, 0x08, 0x42, 0x08, 0x42, 0x08, 0x26, 0x19, 0x42, 0x08, 0x42, 0x08, 0x42, 0x08, 0x42, 0x08, 0x42, 0x08, 0x42, 0x08, 0x42, 0x08, 0x42, 0x08, 0x42, 0x08, 0x42, 0x08, 0x42, 0x08,
  0x83, 0x08, 0x42, 0x08, 0x26, 0x19, 0x42, 0x08, 0x42, 0x08, 0x42, 0x08, 0x42, 0x08, 0x42, 0x08, 0x42, 0x08, 0x42, 0x08, 0x42, 0x08, 0x42, 0x08, 0x42, 0x08, 0x42, 0x08, 0x42, 0x08, 0x42, 0x08,
  0x26, 0x19, 0x42, 0x08, 0x42, 0x08, 0x42, 0x08, 0x42, 0x08, 0x42, 0x08, 0x42, 0x08, 0x42, 0x08, 0x42, 0x08, 0x42, 0x08, 0x42, 0x08, 0x42, 0x08, 0x42, 0x08, 0x42, 0x08, 0x06, 0x19, 0x42, 0x08,
  0x83, 0x08, 0x42, 0x08, 0x42, 0x08, 0x42, 0x08, 0x42, 0x08, 0x42, 0x08, 0x42, 0x08, 0x42, 0x08, 0x42, 0x08, 0x42, 0x08, 0x42, 0x08, 0x42, 0x08, 0x06, 0x19, 0x42, 0x08, 0x42, 0x08, 0x42, 0x08,
  0x42, 0x08, 0x42, 0x08, 0x42, 0x08, 0x42, 0x08, 0x42, 0x08, 0x42, 0x08, 0x42, 0x08, 0x42, 0x08, 0x42, 0x08, 0x42, 0x08, 0x05, 0x19, 0x42, 0x08, 0x42, 0x08, 0x42, 0x08, 0x42, 0x08, 0x42, 0x08,
  0x83, 0x08, 0x42, 0x08, 0x42, 0x08, 0x42, 0x08, 0x42, 0x08, 0x42, 0x08, 0x42, 0x08, 0x42, 0x08, 0x05, 0x19, 0x42, 0x08, 0x42, 0x08, 0x42, 0x08, 0x42, 0x08, 0x42, 0x08, 0x42, 0x08, 0x42, 0x08,
  0x42, 0x08, 0x42, 0x08, 0x42, 0x08, 0x42, 0x08, 0x42, 0x08, 0x42, 0x08, 0xe5, 0x10, 0x42, 0x08, 0x42, 0x08, 0x42, 0x08, 0x42, 0x08, 0x42, 0x08, 0x42, 0x08, 0x42, 0x08, 0x42, 0x08, 0x42, 0x08,
  0x83, 0x08, 0x42, 0x08, 0x42, 0x08, 0x42, 0x08, 0xe5, 0x10, 0x42, 0x08, 0x42, 0x08, 0x42, 0x08, 0x42, 0x08, 0x42, 0x08, 0x42, 0x08, 0x42, 0x08, 0x42, 0x08, 0x42, 0x08, 0x42, 0x08, 0x42, 0x08,
  0x42, 0x08, 0x42, 0x08, 0xe4, 0x10, 0x42, 0x08, 0x42, 0x08, 0x42, 0x08, 0x42, 0x08, 0x42, 0x08, 0x42, 0x08, 0x42, 0x08, 0x42, 0x08, 0x42, 0x08, 0x42, 0x08, 0x42, 0x08, 0x42, 0x08, 0x42, 0x08,
};

const lv_image_dsc_t netstats = {
  .header.cf = LV_COLOR_FORMAT_RGB565,
  .header.magic = LV_IMAGE_HEADER_MAGIC,
  .header.w = 320,
  .header.h = 170,
  .data_size = 54400 * 2,
  .data = netstats_map,
};
