#ifdef __has_include
    #if __has_include("lvgl.h")
        #ifndef LV_LVGL_H_INCLUDE_SIMPLE
            #define LV_LVGL_H_INCLUDE_SIMPLE
        #endif
    #endif
#endif

#if defined(LV_LVGL_H_INCLUDE_SIMPLE)
    #include "lvgl.h"
#else
    #include "lvgl/lvgl.h"
#endif


#ifndef LV_ATTRIBUTE_MEM_ALIGN
#define LV_ATTRIBUTE_MEM_ALIGN
#endif

#ifndef LV_ATTRIBUTE_IMAGE_SETTINGSSCREEN2
#define LV_ATTRIBUTE_IMAGE_SETTINGSSCREEN2
#endif

const LV_ATTRIBUTE_MEM_ALIGN LV_ATTRIBUTE_LARGE_CONST LV_ATTRIBUTE_IMAGE_SETTINGSSCREEN2 uint8_t settingsscreen2_map[] = {
  0xdf, 0x32, 0xdf, 0x32, 0xdf, 0x32, 0xdf, 0x32, 0xdf, 0x32, 0xdf, 0x32, 0xdf, 0x32, 0xbf, 0x2a, 0x3f, 0x43, 0xff, 0x32, 0xbf, 0x2a, 0xdf, 0x32, 0xbf, 0x32, 0xbf, 0x32, 0xbf, 0x32, 0xbe, 0x32,
  0xbf, 0x32, 0xbf, 0x32, 0xbf, 0x32, 0xbf, 0x32, 0xbf, 0x32, 0xbe, 0x32, 0xbe, 0x32, 0xbe, 0x32, 0xbe, 0x32, 0xbe, 0x32, 0xbe, 0x32, 0xbe, 0x32, 0xbe, 0x2a, 0xbe, 0x32, 0x3e, 0x43, 0xde, 0x32,
  0xbe, 0x2a, 0xbe, 0x32, 0xbe, 0x32, 0xbe, 0x32, 0xbe, 0x2a, 0xbe, 0x2a, 0xbe, 0x2a, 0xbe, 0x2a, 0xbe, 0x2a, 0xbe, 0x2a, 0xbe, 0x2a, 0xbe, 0x2a, 0xbe, 0x2a, 0xbe, 0x2a, 0xbe, 0x2a, 0xbe, 0x2a,
  0x9e, 0x2a, 0xbe, 0x2a, 0xdd, 0x32, 0x1e, 0x43, 0x9d, 0x2a, 0xbd, 0x2a, 0xbd, 0x2a, 0xbd, 0x2a, 0xbd, 0x2a, 0xbd, 0x2a, 0xbd, 0x2a, 0x9d, 0x2a, 0x9d, 0x2a, 0x9d, 0x2a, 0x9d, 0x2a, 0x9d, 0x2a,
  0x9d, 0x2a, 0x9d, 0x2a, 0x9d, 0x2a, 0x9d, 0x2a, 0x9d, 0x2a, 0x9d, 0x2a, 0x9d, 0x2a, 0x9d, 0x2a, 0xbd, 0x32, 0x1d, 0x43, 0x9d, 0x2a, 0x9d, 0x2a, 0x9d, 0x2a, 0x9d, 0x2a, 0x9d, 0x2a, 0x9d, 0x2a,
  0x9d, 0x2a, 0x9d, 0x2a, 0x9d, 0x2a, 0x9d, 0x2a, 0x9d, 0x2a, 0x9d, 0x2a, 0x9c, 0x2a, 0x9d, 0x2a, 0x9d, 0x2a, 0x9c, 0x2a, 0x9c, 0x2a, 0x9c, 0x2a, 0x7c, 0x2a, 0x7c, 0x2a, 0xbd, 0x32, 0xfd, 0x3a,
  0x5b, 0x2a, 0xb2, 0x21, 0x05, 0x19, 0xe6, 0x18, 0xc5, 0x10, 0xc5, 0x10, 0xc5, 0x10, 0xc5, 0x10, 0xc5, 0x10, 0xc5, 0x10, 0xc5, 0x10, 0xc5, 0x10, 0xc5, 0x10, 0xc5, 0x10, 0xc5, 0x10, 0xc5, 0x10,
  0xc5, 0x10, 0xc5, 0x10, 0xc5, 0x10, 0xc5, 0x10, 0xc5, 0x10, 0xc5, 0x10, 0xc5, 0x10, 0xc5, 0x10, 0xc5, 0x10, 0xc5, 0x10, 0xc5, 0x10, 0xc5, 0x10, 0xc5, 0x10, 0xc5, 0x10, 0xc5, 0x10, 0xc5, 0x10,
  0xc5, 0x10, 0xc5, 0x10, 0xc5, 0x10, 0xc5, 0x10, 0xc5, 0x10, 0xc5, 0x10, 0xc5, 0x10, 0xc5, 0x10, 0xc5, 0x10, 0xc5, 0x10, 0xc5, 0x10, 0xc5, 0x10, 0xc5, 0x10, 0xc5, 0x10, 0xc5, 0x10, 0xc5, 0x10,
  0xc5, 0x10, 0xc5, 0x10, 0xc5, 0x10, 0xc5, 0x10, 0xc5, 0x10, 0xc5, 0x10, 0xc5, 0x10, 0xc5, 0x10, 0xc5, 0x10, 0xc5, 0x10, 0xc5, 0x10, 0xc5, 0x10, 0xc5, 0x10, 0xc5, 0x10, 0xc5, 0x10, 0xc5, 0x10,
  0xc5, 0x10, 0xc5, 0x10, 0xc5, 0x10, 0xc5, 0x10, 0xc5, 0x10, 0xc5, 0x10, 0xc5, 0x10, 0xc5, 0x10, 0xc5, 0x10, 0xc5, 0x10, 0xc5, 0x10, 0xc5, 0x10, 0xc5, 0x10, 0xc5, 0x10, 0xc5, 0x10, 0xc5, 0x10,
  0xc5, 0x10, 0xc5, 0x10, 0xc5, 0x10, 0xc5, 0x10, 0xc5, 0x10, 0xc5, 0x10, 0xa5, 0x10, 0xa5, 0x10, 0xa5, 0x10, 0xa5, 0x10, 0xa5, 0x10, 0xa5, 0x10, 0xa5, 0x10, 0xa5, 0x10, 0xa5, 0x10, 0xa5, 0x10,
  0xa5, 0x10, 0xa5, 0x10, 0xa5, 0x10, 0xa5, 0x10, 0xa5, 0x10, 0xa5, 0x10, 0xa5, 0x10, 0xa5, 0x10, 0xa5, 0x10, 0xc5, 0x10, 0xc5, 0x10, 0xc5, 0x10, 0xa5, 0x10, 0xa5, 0x10, 0xa5, 0x10, 0xa5, 0x10,
  0xa5, 0x10, 0xa5, 0x10, 0xa5, 0x10, 0xa5, 0x10, 0xa5, 0x10, 0xa5, 0x10, 0xa5, 0x10, 0xa5, 0x10, 0xa5, 0x10, 0xa5, 0x10, 0xa5, 0x10, 0xa5, 0x10, 0xa5, 0x10, 0x06, 0x19, 0xe6, 0x18, 0x35, 0x32,
  0x79, 0x2a, 0x38, 0x2a, 0x39, 0x22, 0x38, 0x2a, 0x38, 0x2a, 0x38, 0x2a, 0x18, 0x2a, 0x38, 0x2a, 0x38, 0x2a, 0x38, 0x2a, 0x38, 0x2a, 0x38, 0x2a, 0x38, 0x2a, 0x38, 0x2a, 0x38, 0x2a, 0x38, 0x2a,
  0x38, 0x2a, 0x38, 0x2a, 0x18, 0x22, 0x18, 0x22, 0xd9, 0x42, 0x38, 0x2a, 0x18, 0x22, 0x18, 0x22, 0x18, 0x22, 0x18, 0x22, 0x18, 0x22, 0x18, 0x22, 0x18, 0x22, 0x18, 0x22, 0x18, 0x22, 0x18, 0x22,
  0x18, 0x22, 0x18, 0x22, 0x18, 0x22, 0x17, 0x22, 0x18, 0x22, 0x18, 0x22, 0x17, 0x22, 0x17, 0x22, 0x17, 0x22, 0xf7, 0x21, 0x98, 0x3a, 0x58, 0x32, 0x17, 0x22, 0x17, 0x22, 0x17, 0x22, 0x17, 0x22,
  0x17, 0x22, 0x17, 0x22, 0xf7, 0x21, 0x17, 0x22, 0x17, 0x22, 0x17, 0x22, 0x17, 0x22, 0x17, 0x22, 0x17, 0x22, 0x17, 0x22, 0x17, 0x22, 0x17, 0x22, 0x17, 0x22, 0x17, 0x22, 0xf7, 0x21, 0xf7, 0x21,
  0xb8, 0x42, 0xf7, 0x21, 0xf7, 0x21, 0xf7, 0x21, 0xf6, 0x21, 0xf7, 0x21, 0xf7, 0x21, 0xf7, 0x21, 0xf7, 0x21, 0xf7, 0x21, 0xf6, 0x21, 0xf6, 0x21, 0xf6, 0x21, 0xf6, 0x21, 0xf6, 0x21, 0xf6, 0x21,
  0xf6, 0x21, 0xf6, 0x21, 0xf6, 0x21, 0xf6, 0x21, 0x16, 0x2a, 0x97, 0x3a, 0xf6, 0x21, 0xf6, 0x21, 0xf6, 0x21, 0xf6, 0x21, 0xf6, 0x21, 0xf6, 0x21, 0xf6, 0x21, 0xf6, 0x21, 0xf6, 0x21, 0xf6, 0x21,
  0xdf, 0x32, 0xdf, 0x32, 0xdf, 0x32, 0xdf, 0x32, 0xdf, 0x32, 0xdf, 0x32, 0xdf, 0x32, 0xbf, 0x2a, 0x3f, 0x43, 0xff, 0x32, 0xbf, 0x2a, 0xbf, 0x32, 0xbf, 0x32, 0xbe, 0x32, 0xbe, 0x32, 0xbf, 0x32,
  0xbf, 0x32, 0xbf, 0x32, 0xbe, 0x32, 0xbe, 0x32, 0xbe, 0x32, 0xbe, 0x32, 0xbe, 0x32, 0xbe, 0x32, 0xbe, 0x32, 0xbe, 0x32, 0xbe, 0x32, 0xbe, 0x32, 0xbe, 0x2a, 0xbe, 0x32, 0x3e, 0x43, 0xde, 0x32,
  0xbe, 0x2a, 0xbe, 0x2a, 0xbe, 0x2a, 0xbe, 0x2a, 0xbe, 0x2a, 0xbe, 0x2a, 0xdf, 0x32, 0xdf, 0x32, 0xbe, 0x2a, 0xbe, 0x2a, 0xbe, 0x2a, 0xbe, 0x2a, 0xbe, 0x2a, 0x9e, 0x2a, 0x9e, 0x2a, 0x9e, 0x2a,
  0x9d, 0x2a, 0xbd, 0x2a, 0xdd, 0x32, 0x1e, 0x43, 0x9d, 0x2a, 0xbd, 0x2a, 0xbd, 0x2a, 0xbd, 0x2a, 0xbd, 0x2a, 0x9d, 0x2a, 0x9d, 0x2a, 0x9d, 0x2a, 0x9d, 0x2a, 0x9d, 0x2a, 0x9d, 0x2a, 0x9d, 0x2a,
  0x9d, 0x2a, 0xbe, 0x2a, 0xbe, 0x2a, 0x9d, 0x2a, 0x9d, 0x2a, 0x9d, 0x2a, 0x9d, 0x2a, 0x9d, 0x2a, 0xbd, 0x32, 0x1d, 0x43, 0x9d, 0x2a, 0x9d, 0x2a, 0x9d, 0x2a, 0x9d, 0x2a, 0x9d, 0x2a, 0x9d, 0x2a,
  0x9d, 0x2a, 0x9d, 0x2a, 0x9d, 0x2a, 0x9c, 0x2a, 0x9c, 0x2a, 0x9d, 0x2a, 0x9c, 0x2a, 0x9c, 0x2a, 0x9c, 0x2a, 0x7c, 0x2a, 0x7c, 0x2a, 0x7c, 0x2a, 0x9c, 0x2a, 0x7c, 0x2a, 0xbc, 0x32, 0xfc, 0x3a,
  0x9d, 0x2a, 0x16, 0x22, 0xa5, 0x31, 0x8f, 0x84, 0x55, 0xae, 0x14, 0xa6, 0x14, 0xa6, 0x14, 0xa6, 0x14, 0xa6, 0x14, 0xa6, 0x14, 0xa6, 0x14, 0xa6, 0x14, 0xa6, 0x14, 0xa6, 0x14, 0xa6, 0x14, 0xa6,
  0x14, 0xa6, 0x14, 0xa6, 0x14, 0xa6, 0x14, 0xa6, 0x14, 0xa6, 0x14, 0xa6, 0x14, 0xa6, 0x14, 0xa6, 0x14, 0xa6, 0x14, 0xa6, 0x14, 0xa6, 0x14, 0xa6, 0x14, 0xa6, 0x14, 0xa6, 0x14, 0xa6, 0x14, 0xa6,
  0x14, 0xa6, 0x14, 0xa6, 0x14, 0xa6, 0x14, 0xa6, 0x14, 0xa6, 0x14, 0xa6, 0x14, 0xa6, 0x14, 0xa6, 0x14, 0xa6, 0x14, 0xa6, 0x14, 0xa6, 0x14, 0xa6, 0x14, 0xa6, 0x14, 0xa6, 0x14, 0xa6, 0x14, 0xa6,
  0x14, 0xa6, 0x14, 0xa6, 0x14, 0xa6, 0x14, 0xa6, 0x14, 0xa6, 0x14, 0xa6, 0x14, 0xa6, 0x14, 0xa6, 0x14, 0xa6, 0x14, 0xa6, 0x14, 0xa6, 0x14, 0xa6, 0x14, 0xa6, 0x14, 0xa6, 0x14, 0xa6, 0x14, 0xa6,
  0x14, 0xa6, 0x14, 0xa6, 0x14, 0xa6, 0x14, 0xa6, 0x14, 0xa6, 0x14, 0xa6, 0x14, 0xa6, 0x14, 0xa6, 0x14, 0xa6, 0x14, 0xa6, 0x14, 0xa6, 0x14, 0xa6, 0x14, 0xa6, 0x14, 0xa6, 0x14, 0xa6, 0x14, 0xa6,
  0x14, 0xa6, 0x14, 0xa6, 0x14, 0xa6, 0x14, 0xa6, 0x14, 0xa6, 0x14, 0xa6, 0x14, 0xa6, 0x14, 0xa6, 0x14, 0xa6, 0x14, 0xa6, 0x14, 0xa6, 0x14, 0xa6, 0x14, 0xa6, 0x14, 0xa6, 0x14, 0xa6, 0x14, 0xa6,
  0x14, 0xa6, 0x14, 0xa6, 0x14, 0xa6, 0x14, 0xa6, 0x14, 0xa6, 0x14, 0xa6, 0x14, 0xa6, 0x14, 0xa6, 0x14, 0xa6, 0x14, 0xa6, 0x14, 0xa6, 0x14, 0xa6, 0x14, 0xa6, 0x14, 0xa6, 0x14, 0xa6, 0x14, 0xa6,
  0x14, 0xa6, 0x14, 0xa6, 0x14, 0xa6, 0x14, 0xa6, 0x14, 0xa6, 0x14, 0xa6, 0x14, 0xa6, 0x14, 0xa6, 0x14, 0xa6, 0x14, 0xa6, 0x14, 0xa6, 0x14, 0xa6, 0xb6, 0xb6, 0x46, 0x42, 0x4c, 0x19, 0x77, 0x32,
  0x59, 0x2a, 0x38, 0x2a, 0x38, 0x22, 0x18, 0x2a, 0x18, 0x2a, 0x18, 0x2a, 0x38, 0x2a, 0x38, 0x2a, 0x38, 0x2a, 0x38, 0x2a, 0x38, 0x2a, 0x38, 0x2a, 0x38, 0x2a, 0x38, 0x2a, 0x38, 0x2a, 0x38, 0x2a,
  0x38, 0x2a, 0x38, 0x2a, 0x38, 0x2a, 0x38, 0x2a, 0x38, 0x2a, 0x38, 0x2a, 0x38, 0x2a, 0x18, 0x2a, 0x18, 0x2a, 0x18, 0x2a, 0x18, 0x2a, 0x18, 0x2a, 0x18, 0x2a, 0x18, 0x2a, 0x17, 0x2a, 0x17, 0x2a,
  0x17, 0x2a, 0x17, 0x2a, 0x17, 0x2a, 0x17, 0x2a, 0x17, 0x2a, 0x17, 0x2a, 0x17, 0x2a, 0x17, 0x2a, 0x17, 0x2a, 0x17, 0x2a, 0x17, 0x22, 0x17, 0x22, 0x17, 0x22, 0x17, 0x22, 0x17, 0x22, 0x17, 0x22,
  0x17, 0x22, 0xf7, 0x21, 0xf7, 0x21, 0xf7, 0x21, 0xf7, 0x21, 0xf7, 0x21, 0xf7, 0x21, 0xf7, 0x21, 0xf7, 0x21, 0xf7, 0x21, 0xf7, 0x21, 0xf7, 0x21, 0xf7, 0x21, 0xf7, 0x21, 0xf7, 0x21, 0xf7, 0x21,
  0xf7, 0x21, 0xf7, 0x21, 0xf7, 0x21, 0xf7, 0x21, 0xf7, 0x21, 0xf7, 0x21, 0xf6, 0x21, 0xf6, 0x21, 0xf6, 0x21, 0xf6, 0x21, 0xf6, 0x21, 0xf6, 0x21, 0xd6, 0x21, 0xd6, 0x21, 0xd6, 0x21, 0xd6, 0x21,
  0xd6, 0x21, 0xd6, 0x21, 0xd6, 0x21, 0xd6, 0x21, 0xd6, 0x21, 0xd6, 0x21, 0xd6, 0x21, 0xd6, 0x21, 0xd6, 0x21, 0xd6, 0x21, 0xd6, 0x21, 0xd6, 0x21, 0xd6, 0x21, 0xd6, 0x21, 0xf6, 0x21, 0xd6, 0x21,
  0xdf, 0x32, 0xdf, 0x32, 0xdf, 0x32, 0xdf, 0x32, 0xdf, 0x2a, 0xdf, 0x2a, 0xdf, 0x2a, 0xbf, 0x2a, 0x3f, 0x43, 0xdf, 0x32, 0xbe, 0x2a, 0xbe, 0x32, 0xbe, 0x32, 0xbf, 0x32, 0xbf, 0x32, 0xbf, 0x32,
  0xbe, 0x32, 0xbe, 0x32, 0xbe, 0x32, 0xbe, 0x32, 0xbe, 0x32, 0xbe, 0x32, 0xbe, 0x32, 0xbe, 0x32, 0xbe, 0x32, 0xbe, 0x32, 0xbe, 0x32, 0xbe, 0x32, 0xbe, 0x2a, 0xbe, 0x32, 0x3e, 0x43, 0xde, 0x32,
  0xbe, 0x2a, 0xbe, 0x2a, 0xbe, 0x2a, 0xbe, 0x2a, 0xbe, 0x2a, 0x9d, 0x2a, 0xc4, 0x08, 0x4b, 0x11, 0x9d, 0x2a, 0xdf, 0x32, 0xdf, 0x32, 0xbe, 0x2a, 0x9e, 0x2a, 0xbe, 0x2a, 0xbd, 0x2a, 0xbd, 0x2a,
  0x9e, 0x2a, 0xbd, 0x2a, 0xdd, 0x32, 0x1e, 0x43, 0x9d, 0x2a, 0xbd, 0x2a, 0x9d, 0x2a, 0x9d, 0x2a, 0x9d, 0x2a, 0x9d, 0x2a, 0x9d, 0x2a, 0x9d, 0x2a, 0x9d, 0x2a, 0x9d, 0x2a, 0x9e, 0x2a, 0xbf, 0x32,
  0x9d, 0x2a, 0x70, 0x19, 0xd4, 0x21, 0xbe, 0x2a, 0x9d, 0x2a, 0x9d, 0x2a, 0x9d, 0x2a, 0x9d, 0x2a, 0xbd, 0x32, 0x1d, 0x43, 0x9d, 0x2a, 0x9d, 0x2a, 0x9d, 0x2a, 0x9d, 0x2a, 0x9d, 0x2a, 0x9d, 0x2a,
  0x9d, 0x2a, 0x9c, 0x2a, 0x9c, 0x2a, 0x9d, 0x2a, 0x9c, 0x2a, 0x9c, 0x2a, 0x9c, 0x2a, 0x7c, 0x2a, 0x7c, 0x2a, 0x9c, 0x2a, 0x9c, 0x2a, 0x9c, 0x2a, 0x9c, 0x2a, 0x7c, 0x2a, 0xbc, 0x32, 0xfc, 0x3a,
  0x7c, 0x2a, 0x7b, 0x2a, 0x2f, 0x11, 0x46, 0x42, 0xfb, 0xe7, 0xda, 0xd7, 0xda, 0xd7, 0xda, 0xd7, 0xda, 0xd7, 0xda, 0xd7, 0xda, 0xd7, 0xda, 0xd7, 0xda, 0xd7, 0xda, 0xd7, 0xda, 0xd7, 0xda, 0xd7,
  0xda, 0xd7, 0xda, 0xd7, 0xda, 0xd7, 0xda, 0xd7, 0xda, 0xd7, 0xda, 0xd7, 0xda, 0xd7, 0xda, 0xd7, 0xda, 0xd7, 0xda, 0xd7, 0xda, 0xd7, 0xda, 0xd7, 0xda, 0xd7, 0xda, 0xd7, 0xda, 0xd7, 0xda, 0xd7,
  0xda, 0xd7, 0xda, 0xd7, 0xda, 0xd7, 0xda, 0xd7, 0xda, 0xd7, 0xda, 0xd7, 0xda, 0xd7, 0xda, 0xd7, 0xda, 0xd7, 0xda, 0xd7, 0xda, 0xd7, 0xda, 0xd7, 0xda, 0xd7, 0xda, 0xd7, 0xda, 0xd7, 0xda, 0xd7,
  0xda, 0xd7, 0xda, 0xd7, 0xda, 0xd7, 0xda, 0xd7, 0xda, 0xd7, 0xda, 0xd7, 0xda, 0xd7, 0xda, 0xd7, 0xda, 0xd7, 0xda, 0xd7, 0xda, 0xd7, 0xda, 0xd7, 0xda, 0xd7, 0xda, 0xd7, 0xda, 0xd7, 0xda, 0xd7,
  0xda, 0xd7, 0xda, 0xd7, 0xda, 0xd7, 0xda, 0xd7, 0xda, 0xd7, 0xda, 0xd7, 0xda, 0xd7, 0xda, 0xd7, 0xda, 0xd7, 0xda, 0xd7, 0xda, 0xd7, 0xda, 0xd7, 0xda, 0xd7, 0xda, 0xd7, 0xda, 0xd7, 0xda, 0xd7,
  0xda, 0xd7, 0xda, 0xd7, 0xda, 0xd7, 0xda, 0xd7, 0xda, 0xd7, 0xda, 0xd7, 0xda, 0xd7, 0xda, 0xd7, 0xda, 0xd7, 0xda, 0xd7, 0xda, 0xd7, 0xda, 0xd7, 0xda, 0xd7, 0xda, 0xd7, 0xda, 0xd7, 0xda, 0xd7,
  0xda, 0xd7, 0xda, 0xd7, 0xda, 0xd7, 0xda, 0xd7, 0xda, 0xd7, 0xda, 0xd7, 0xda, 0xd7, 0xda, 0xd7, 0xda, 0xd7, 0xda, 0xd7, 0xda, 0xd7, 0xda, 0xd7, 0xda, 0xd7, 0xda, 0xd7, 0xda, 0xd7, 0xda, 0xd7,
  0xda, 0xd7, 0xda, 0xd7, 0xda, 0xd7, 0xda, 0xd7, 0xda, 0xd7, 0xda, 0xd7, 0xda, 0xd7, 0xda, 0xd7, 0xda, 0xd7, 0xda, 0xd7, 0xda, 0xd7, 0xfb, 0xdf, 0x96, 0xb6, 0x07, 0x3a, 0xb3, 0x19, 0x9a, 0x32,
  0x59, 0x2a, 0x38, 0x2a, 0x18, 0x22, 0x38, 0x2a, 0x38, 0x2a, 0x38, 0x2a, 0x38, 0x2a, 0x38, 0x2a, 0x38, 0x2a, 0x38, 0x2a, 0x38, 0x2a, 0x38, 0x2a, 0x38, 0x2a, 0x38, 0x2a, 0x38, 0x2a, 0x38, 0x2a,
  0x38, 0x2a, 0x38, 0x2a, 0x38, 0x2a, 0x38, 0x2a, 0x38, 0x2a, 0x38, 0x2a, 0x38, 0x2a, 0x38, 0x2a, 0x38, 0x2a, 0x38, 0x2a, 0x38, 0x2a, 0x38, 0x2a, 0x38, 0x2a, 0x18, 0x2a, 0x17, 0x2a, 0x17, 0x2a,
  0x17, 0x2a, 0x17, 0x2a, 0x17, 0x2a, 0x17, 0x2a, 0x17, 0x2a, 0x17, 0x2a, 0x17, 0x2a, 0x17, 0x2a, 0x17, 0x2a, 0x17, 0x2a, 0x17, 0x22, 0x17, 0x22, 0x17, 0x22, 0x17, 0x22, 0x17, 0x22, 0x17, 0x22,
  0x17, 0x22, 0x17, 0x22, 0x17, 0x22, 0x17, 0x22, 0x17, 0x22, 0x17, 0x22, 0x17, 0x22, 0x17, 0x22, 0x17, 0x22, 0x17, 0x22, 0x17, 0x22, 0x17, 0x22, 0x17, 0x22, 0x17, 0x22, 0x17, 0x22, 0x17, 0x22,
  0x17, 0x22, 0x17, 0x22, 0x17, 0x22, 0xf7, 0x21, 0xf7, 0x21, 0xf7, 0x21, 0xf6, 0x21, 0xf6, 0x21, 0xf6, 0x21, 0xf6, 0x21, 0xf6, 0x21, 0xf6, 0x21, 0xf6, 0x21, 0xf6, 0x21, 0xf6, 0x21, 0xf6, 0x21,
  0xf6, 0x21, 0xf6, 0x21, 0xf6, 0x21, 0xf6, 0x21, 0xf6, 0x21, 0xf6, 0x21, 0xf6, 0x21, 0xf6, 0x21, 0xf6, 0x21, 0xf6, 0x21, 0xf6, 0x21, 0xf6, 0x21, 0xf6, 0x21, 0xf6, 0x21, 0xd6, 0x21, 0xf6, 0x21,
  0xdf, 0x32, 0xdf, 0x32, 0xdf, 0x2a, 0xdf, 0x2a, 0xdf, 0x32, 0xbf, 0x32, 0xbf, 0x32, 0xbf, 0x2a, 0x3f, 0x43, 0xde, 0x32, 0xbf, 0x2a, 0xbf, 0x32, 0xbf, 0x32, 0xbf, 0x32, 0xbe, 0x32, 0xbe, 0x32,
  0xbe, 0x32, 0xbe, 0x32, 0xbe, 0x32, 0xbe, 0x32, 0xbe, 0x32, 0xbe, 0x32, 0xbe, 0x32, 0xbe, 0x32, 0xbe, 0x32, 0xbe, 0x32, 0xbe, 0x32, 0xbe, 0x32, 0xbe, 0x2a, 0xbe, 0x2a, 0x3e, 0x43, 0xde, 0x32,
  0xbe, 0x2a, 0xbe, 0x2a, 0xbe, 0x2a, 0xbe, 0x2a, 0xbe, 0x32, 0x7c, 0x2a, 0xa0, 0x08, 0xef, 0x3b, 0x00, 0x00, 0xc3, 0x08, 0x0e, 0x11, 0xff, 0x32, 0xbf, 0x32, 0xbf, 0x32, 0xbe, 0x2a, 0xbd, 0x2a,
  0xbd, 0x2a, 0xbd, 0x2a, 0xdd, 0x32, 0x1e, 0x43, 0x9d, 0x2a, 0x9d, 0x2a, 0x9d, 0x2a, 0x9d, 0x2a, 0x9d, 0x2a, 0x9d, 0x2a, 0x9d, 0x2a, 0x9d, 0x2a, 0xbe, 0x2a, 0xdf, 0x32, 0x9d, 0x2a, 0x09, 0x11,
  0x80, 0x08, 0x40, 0x00, 0x27, 0x11, 0xdf, 0x32, 0x9d, 0x2a, 0x9d, 0x2a, 0x9d, 0x2a, 0x9d, 0x2a, 0xbd, 0x32, 0xfd, 0x42, 0x7d, 0x2a, 0x9d, 0x2a, 0x9d, 0x2a, 0x9d, 0x2a, 0x9d, 0x2a, 0x9c, 0x2a,
  0x9d, 0x2a, 0x9c, 0x2a, 0x9c, 0x2a, 0x9c, 0x2a, 0x7c, 0x2a, 0x7c, 0x2a, 0x7c, 0x2a, 0x9c, 0x2a, 0x9c, 0x2a, 0x9c, 0x2a, 0x9c, 0x2a, 0x9c, 0x2a, 0x9c, 0x2a, 0x7c, 0x2a, 0xbc, 0x32, 0xfc, 0x3a,
  0x7c, 0x2a, 0x9d, 0x2a, 0x38, 0x2a, 0xc8, 0x31, 0xf0, 0x8c, 0xfb, 0xdf, 0x99, 0xd7, 0x99, 0xd7, 0x99, 0xd7, 0x99, 0xd7, 0x99, 0xd7, 0x99, 0xd7, 0x99, 0xd7, 0x99, 0xd7, 0x99, 0xd7, 0x99, 0xd7,
  0x99, 0xd7, 0x99, 0xd7, 0x99, 0xd7, 0x99, 0xd7, 0x99, 0xd7, 0x99, 0xd7, 0x99, 0xd7, 0x99, 0xd7, 0x99, 0xd7, 0x99, 0xd7, 0x99, 0xd7, 0x99, 0xd7, 0x99, 0xd7, 0x99, 0xd7, 0x99, 0xd7, 0x99, 0xd7,
  0x99, 0xd7, 0x99, 0xd7, 0x99, 0xd7, 0x99, 0xd7, 0x99, 0xd7, 0x99, 0xd7, 0x99, 0xd7, 0x99, 0xd7, 0x99, 0xd7, 0x99, 0xd7, 0x99, 0xd7, 0x99, 0xd7, 0x99, 0xd7, 0x99, 0xd7, 0x99, 0xd7, 0x99, 0xd7,
  0x99, 0xd7, 0x99, 0xd7, 0x99, 0xd7, 0x99, 0xd7, 0x99, 0xd7, 0x99, 0xd7, 0x99, 0xd7, 0x99, 0xd7, 0x99, 0xd7, 0x99, 0xd7, 0x99, 0xd7, 0x99, 0xd7, 0x99, 0xd7, 0x99, 0xd7, 0x99, 0xd7, 0x99, 0xd7,
  0x99, 0xd7, 0x99, 0xd7, 0x99, 0xd7, 0x99, 0xd7, 0x99, 0xd7, 0x99, 0xd7, 0x99, 0xd7, 0x99, 0xd7, 0x99, 0xd7, 0x99, 0xd7, 0x99, 0xd7, 0x99, 0xd7, 0x99, 0xd7, 0x99, 0xd7, 0x99, 0xd7, 0x99, 0xd7,
  0x99, 0xd7, 0x99, 0xd7, 0x99, 0xd7, 0x99, 0xd7, 0x99, 0xd7, 0x99, 0xd7, 0x99, 0xd7, 0x99, 0xd7, 0x99, 0xd7, 0x99, 0xd7, 0x99, 0xd7, 0x99, 0xd7, 0x99, 0xd7, 0x99, 0xd7, 0x99, 0xd7, 0x99, 0xd7,
  0x99, 0xd7, 0x99, 0xd7, 0x99, 0xd7, 0x99, 0xd7, 0x99, 0xd7, 0x99, 0xd7, 0x99, 0xd7, 0x99, 0xd7, 0x99, 0xd7, 0xba, 0xd7, 0xda, 0xd7, 0xda, 0xd7, 0xba, 0xd7, 0xba, 0xd7, 0x99, 0xd7, 0x99, 0xd7,
  0x99, 0xd7, 0x99, 0xd7, 0x99, 0xd7, 0x99, 0xd7, 0x99, 0xd7, 0x99, 0xd7, 0x99, 0xd7, 0x99, 0xd7, 0x99, 0xd7, 0x99, 0xd7, 0x99, 0xd7, 0xfa, 0xdf, 0x05, 0x3a, 0x0e, 0x11, 0x18, 0x22, 0x99, 0x32,
  0x59, 0x2a, 0x38, 0x2a, 0x18, 0x22, 0x38, 0x2a, 0x38, 0x2a, 0x38, 0x2a, 0x38, 0x2a, 0x38, 0x2a, 0x38, 0x2a, 0x38, 0x2a, 0x18, 0x22, 0x18, 0x22, 0x38, 0x2a, 0x38, 0x2a, 0x38, 0x2a, 0x38, 0x2a,
  0x38, 0x2a, 0x38, 0x2a, 0x38, 0x2a, 0x38, 0x2a, 0x38, 0x2a, 0x38, 0x2a, 0x38, 0x2a, 0x38, 0x2a, 0x38, 0x2a, 0x38, 0x2a, 0x38, 0x2a, 0x38, 0x2a, 0x38, 0x2a, 0x18, 0x2a, 0x17, 0x2a, 0x17, 0x2a,
  0x17, 0x2a, 0x17, 0x2a, 0x17, 0x2a, 0x17, 0x2a, 0x17, 0x2a, 0x17, 0x2a, 0x17, 0x2a, 0x17, 0x2a, 0x17, 0x2a, 0x17, 0x2a, 0x17, 0x22, 0x17, 0x22, 0x17, 0x22, 0x17, 0x22, 0x17, 0x22, 0x17, 0x22,
  0x17, 0x22, 0x17, 0x22, 0x17, 0x22, 0x17, 0x22, 0x17, 0x22, 0x17, 0x22, 0x17, 0x22, 0x17, 0x22, 0x17, 0x22, 0x17, 0x22, 0x17, 0x22, 0x17, 0x22, 0x17, 0x22, 0x17, 0x22, 0x17, 0x22, 0x17, 0x22,
  0x17, 0x22, 0x17, 0x22, 0x17, 0x22, 0xf7, 0x21, 0xf7, 0x21, 0xf7, 0x21, 0xf6, 0x21, 0xf6, 0x21, 0xf6, 0x21, 0xf6, 0x21, 0xf6, 0x21, 0xf6, 0x21, 0xf6, 0x21, 0xf6, 0x21, 0xf6, 0x21, 0xf6, 0x21,
  0xf6, 0x21, 0xf6, 0x21, 0xf6, 0x21, 0xf6, 0x21, 0xf6, 0x21, 0xf6, 0x21, 0xf6, 0x21, 0xf6, 0x21, 0xf6, 0x21, 0xf6, 0x21, 0xf6, 0x21, 0xf6, 0x21, 0xf6, 0x21, 0xf6, 0x21, 0xf6, 0x21, 0xf6, 0x21,
  0xdf, 0x2a, 0xdf, 0x2a, 0xbf, 0x32, 0xbf, 0x32, 0xbf, 0x32, 0xbe, 0x32, 0xbe, 0x32, 0xbe, 0x2a, 0x3f, 0x43, 0xde, 0x32, 0xbf, 0x2a, 0xbe, 0x32, 0xbe, 0x32, 0xbe, 0x32, 0xbe, 0x32, 0xbe, 0x32,
  0xbe, 0x32, 0xbe, 0x32, 0xbe, 0x32, 0xbe, 0x32, 0xbe, 0x32, 0xbe, 0x32, 0xbe, 0x32, 0xbe, 0x32, 0xbe, 0x32, 0xbe, 0x32, 0xbe, 0x2a, 0xbe, 0x2a, 0xbe, 0x2a, 0xbe, 0x2a, 0x3e, 0x43, 0xde, 0x32,
  0xbe, 0x2a, 0xbe, 0x2a, 0xbe, 0x2a, 0xbe, 0x2a, 0xbf, 0x2a, 0xe8, 0x10, 0x0b, 0x2b, 0xff, 0x87, 0xff, 0x7f, 0xd7, 0x55, 0xe6, 0x19, 0x00, 0x00, 0xe4, 0x10, 0x4e, 0x19, 0x7d, 0x2a, 0xdf, 0x32,
  0xbf, 0x32, 0xbf, 0x2a, 0xfe, 0x32, 0x3e, 0x43, 0x9d, 0x2a, 0x9d, 0x2a, 0x9d, 0x2a, 0xbe, 0x2a, 0xbe, 0x2a, 0xbf, 0x2a, 0xbf, 0x32, 0x9e, 0x2a, 0x2e, 0x11, 0x61, 0x08, 0x00, 0x00, 0x2c, 0x33,
  0xfc, 0x66, 0x1c, 0x67, 0x23, 0x00, 0x19, 0x22, 0xbe, 0x2a, 0x9d, 0x2a, 0x9d, 0x2a, 0x9d, 0x2a, 0xbd, 0x32, 0xfd, 0x42, 0x7d, 0x2a, 0x9d, 0x2a, 0x9c, 0x2a, 0x9c, 0x2a, 0x9d, 0x2a, 0x9c, 0x2a,
  0x9c, 0x2a, 0x9c, 0x2a, 0x7c, 0x2a, 0x9c, 0x2a, 0x9d, 0x2a, 0x9c, 0x2a, 0x9d, 0x2a, 0x9d, 0x2a, 0x9c, 0x2a, 0x9c, 0x2a, 0x9c, 0x2a, 0x9c, 0x2a, 0x9c, 0x2a, 0x7c, 0x2a, 0x9c, 0x32, 0xfc, 0x3a,
  0x7c, 0x2a, 0x7c, 0x2a, 0x7c, 0x2a, 0x72, 0x19, 0xe5, 0x39, 0x99, 0xcf, 0xba, 0xd7, 0x99, 0xd7, 0x99, 0xd7, 0x99, 0xd7, 0x99, 0xd7, 0x99, 0xd7, 0x99, 0xd7, 0x99, 0xd7, 0x99, 0xd7, 0x99, 0xd7,
  0x99, 0xd7, 0x99, 0xd7, 0x99, 0xd7, 0x99, 0xd7, 0x99, 0xd7, 0x99, 0xd7, 0x99, 0xd7, 0x99, 0xd7, 0x99, 0xd7, 0x99, 0xd7, 0x99, 0xd7, 0x99, 0xd7, 0x99, 0xd7, 0x99, 0xd7, 0x99, 0xd7, 0x99, 0xd7,
  0x99, 0xd7, 0x99, 0xd7, 0x99, 0xd7, 0x99, 0xd7, 0x99, 0xd7, 0x99, 0xd7, 0x99, 0xd7, 0x99, 0xd7, 0x99, 0xd7, 0x99, 0xd7, 0x99, 0xd7, 0x99, 0xd7, 0x99, 0xd7, 0x99, 0xd7, 0x99, 0xd7, 0x99, 0xd7,
  0x99, 0xd7, 0x99, 0xd7, 0x99, 0xd7, 0x99, 0xd7, 0x99, 0xd7, 0x99, 0xd7, 0x99, 0xd7, 0x99, 0xd7, 0x99, 0xd7, 0x99, 0xd7, 0x99, 0xd7, 0x99, 0xd7, 0x99, 0xd7, 0x99, 0xd7, 0x99, 0xd7, 0x99, 0xd7,
  0x99, 0xd7, 0x99, 0xd7, 0x99, 0xd7, 0x99, 0xd7, 0x99, 0xd7, 0x99, 0xd7, 0x99, 0xd7, 0x99, 0xd7, 0x99, 0xd7, 0x99, 0xd7, 0x99, 0xd7, 0x99, 0xd7, 0x99, 0xd7, 0x99, 0xd7, 0x99, 0xd7, 0x99, 0xd7,
  0x99, 0xd7, 0x99, 0xd7, 0x99, 0xd7, 0x99, 0xd7, 0x99, 0xd7, 0x99, 0xd7, 0x99, 0xd7, 0x99, 0xd7, 0x99, 0xd7, 0x99, 0xd7, 0x99, 0xd7, 0xfa, 0xdf, 0xfb, 0xe7, 0xfb, 0xe7, 0xfb, 0xe7, 0xda, 0xd7,
  0x99, 0xd7, 0x99, 0xd7, 0x99, 0xd7, 0x99, 0xd7, 0x99, 0xd7, 0x99, 0xd7, 0xba, 0xd7, 0xfb, 0xdf, 0xfa, 0xdf, 0x96, 0xb6, 0xd3, 0xa5, 0xf4, 0xa5, 0x35, 0xae, 0xb9, 0xd7, 0xfb, 0xdf, 0xda, 0xd7,
  0x99, 0xd7, 0x99, 0xd7, 0x99, 0xd7, 0x99, 0xd7, 0x99, 0xd7, 0x99, 0xd7, 0x99, 0xd7, 0x99, 0xd7, 0x99, 0xd7, 0x99, 0xd7, 0xfb, 0xdf, 0xf0, 0x8c, 0xe9, 0x31, 0xf5, 0x21, 0x19, 0x22, 0x79, 0x32,
  0x58, 0x2a, 0x38, 0x2a, 0x18, 0x22, 0x38, 0x2a, 0x38, 0x2a, 0x38, 0x2a, 0x38, 0x2a, 0x38, 0x2a, 0x18, 0x22, 0x18, 0x22, 0x18, 0x22, 0xd9, 0x19, 0x18, 0x22, 0x18, 0x22, 0x18, 0x22, 0x18, 0x22,
  0x18, 0x22, 0x18, 0x22, 0x18, 0x22, 0x18, 0x22, 0x18, 0x22, 0x18, 0x22, 0x18, 0x22, 0x17, 0x22, 0x17, 0x22, 0x17, 0x22, 0x17, 0x22, 0x17, 0x22, 0x17, 0x22, 0x17, 0x22, 0x17, 0x22, 0x17, 0x22,
  0x17, 0x22, 0x17, 0x22, 0x17, 0x22, 0x17, 0x22, 0x17, 0x22, 0x17, 0x22, 0x17, 0x22, 0x17, 0x22, 0x17, 0x22, 0x17, 0x22, 0x17, 0x22, 0x17, 0x22, 0xf7, 0x21, 0xf7, 0x21, 0xf7, 0x21, 0xf7, 0x21,
  0xf7, 0x21, 0xf7, 0x21, 0xf7, 0x21, 0xf6, 0x21, 0xf6, 0x21, 0xf6, 0x21, 0xf6, 0x21, 0xf6, 0x21, 0xf6, 0x21, 0xf6, 0x21, 0xf6, 0x21, 0xf6, 0x21, 0xf6, 0x21, 0xf6, 0x21, 0xf6, 0x21, 0xf6, 0x21,
  0xf6, 0x21, 0xf6, 0x21, 0xf6, 0x21, 0xf6, 0x21, 0xf6, 0x21, 0xf6, 0x21, 0xf6, 0x21, 0xf6, 0x21, 0xf6, 0x21, 0xf6, 0x21, 0xf6, 0x21, 0xf6, 0x21, 0xf6, 0x21, 0xf6, 0x21, 0xf6, 0x21, 0xf6, 0x21,
  0xf6, 0x21, 0xf6, 0x21, 0xf5, 0x21, 0xf5, 0x21, 0xf5, 0x21, 0xf5, 0x21, 0xf5, 0x21, 0xf5, 0x21, 0xf5, 0x21, 0xf5, 0x21, 0xf5, 0x21, 0xf5, 0x21, 0xf5, 0x21, 0xf5, 0x21, 0xf5, 0x21, 0xf5, 0x21,
  0xbf, 0x32, 0xbf, 0x32, 0xbf, 0x32, 0xbe, 0x32, 0xbe, 0x32, 0xbf, 0x32, 0xbf, 0x32, 0xbe, 0x2a, 0x3f, 0x43, 0xde, 0x32, 0xbe, 0x2a, 0xbe, 0x32, 0xbe, 0x32, 0xbe, 0x32, 0xbe, 0x32, 0xbe, 0x32,
  0xbf, 0x32, 0xdf, 0x32, 0xdf, 0x32, 0xdf, 0x32, 0xdf, 0x32, 0xdf, 0x32, 0xdf, 0x32, 0xbf, 0x2a, 0xbe, 0x2a, 0xbe, 0x2a, 0xbe, 0x2a, 0xbe, 0x2a, 0xbe, 0x2a, 0xbe, 0x2a, 0x3e, 0x43, 0xde, 0x32,
  0xbe, 0x2a, 0xbf, 0x32, 0xdf, 0x32, 0xbf, 0x2a, 0xa7, 0x08, 0x60, 0x08, 0x3d, 0x6f, 0xff, 0x77, 0xdf, 0x77, 0xff, 0x77, 0xff, 0x7f, 0xff, 0x7f, 0xd7, 0x55, 0xca, 0x2a, 0x40, 0x00, 0x20, 0x00,
  0x05, 0x11, 0x2a, 0x11, 0x50, 0x19, 0x36, 0x32, 0xbf, 0x2a, 0xbf, 0x2a, 0x9d, 0x2a, 0x2f, 0x11, 0x2e, 0x11, 0xe6, 0x10, 0xa1, 0x08, 0x40, 0x00, 0x28, 0x22, 0xb7, 0x55, 0xff, 0x7f, 0xff, 0x7f,
  0xff, 0x77, 0x5d, 0x6f, 0x0c, 0x2b, 0xa4, 0x08, 0x19, 0x22, 0xbf, 0x32, 0x9d, 0x2a, 0x9d, 0x2a, 0xbd, 0x32, 0xfd, 0x3a, 0x7d, 0x2a, 0x9d, 0x2a, 0x9d, 0x2a, 0x9c, 0x2a, 0x9c, 0x2a, 0x9d, 0x2a,
  0x9d, 0x2a, 0x9d, 0x2a, 0x9e, 0x2a, 0x9e, 0x2a, 0x9e, 0x2a, 0x9e, 0x2a, 0x5a, 0x2a, 0xf6, 0x21, 0x7b, 0x2a, 0x9c, 0x2a, 0x9c, 0x2a, 0x7c, 0x2a, 0x7c, 0x2a, 0x7c, 0x2a, 0x9c, 0x32, 0xfc, 0x3a,
  0x7c, 0x2a, 0x7c, 0x2a, 0x9d, 0x2a, 0x39, 0x2a, 0x4a, 0x19, 0x8b, 0x63, 0xfb, 0xdf, 0x99, 0xd7, 0x99, 0xd7, 0x99, 0xd7, 0x99, 0xd7, 0x99, 0xd7, 0x99, 0xd7, 0x99, 0xd7, 0x99, 0xd7, 0x99, 0xd7,
  0x99, 0xd7, 0x99, 0xd7, 0x99, 0xd7, 0x99, 0xd7, 0x99, 0xd7, 0x99, 0xd7, 0x99, 0xd7, 0x99, 0xd7, 0x99, 0xd7, 0x99, 0xd7, 0x99, 0xd7, 0x99, 0xd7, 0x99, 0xd7, 0x99, 0xd7, 0x99, 0xd7, 0x99, 0xd7,
  0x99, 0xd7, 0x99, 0xd7, 0x99, 0xd7, 0x99, 0xd7, 0x99, 0xd7, 0x99, 0xd7, 0x99, 0xd7, 0x99, 0xd7, 0x99, 0xd7, 0x99, 0xd7, 0x99, 0xd7, 0x99, 0xd7, 0x99, 0xd7, 0x99, 0xd7, 0x99, 0xd7, 0x99, 0xd7,
  0x99, 0xd7, 0x99, 0xd7, 0x99, 0xd7, 0x99, 0xd7, 0x99, 0xd7, 0x99, 0xd7, 0x99, 0xd7, 0x99, 0xd7, 0x99, 0xd7, 0x99, 0xd7, 0x99, 0xd7, 0x99, 0xd7, 0x99, 0xd7, 0x99, 0xd7, 0x99, 0xd7, 0x99, 0xd7,
  0x99, 0xd7, 0x99, 0xd7, 0x99, 0xd7, 0x99, 0xd7, 0x99, 0xd7, 0x99, 0xd7, 0x99, 0xd7, 0x99, 0xd7, 0x99, 0xd7, 0x99, 0xd7, 0x99, 0xd7, 0x99, 0xd7, 0x99, 0xd7, 0x99, 0xd7, 0x99, 0xd7, 0x99, 0xd7,
  0x99, 0xd7, 0x99, 0xd7, 0x99, 0xd7, 0x99, 0xd7, 0x99, 0xd7, 0x99, 0xd7, 0x99, 0xd7, 0x99, 0xd7, 0x99, 0xd7, 0xfa, 0xdf, 0xfd, 0xef, 0xcd, 0x6b, 0x00, 0x00, 0x00, 0x00, 0x00, 0x00, 0x4e, 0x7c,
  0xfa, 0xdf, 0x99, 0xd7, 0x99, 0xd7, 0x99, 0xd7, 0xba, 0xd7, 0xfb, 0xe7, 0x35, 0xae, 0x07, 0x3a, 0x00, 0x00, 0x00, 0x00, 0x00, 0x00, 0x00, 0x00, 0x00, 0x00, 0x00, 0x00, 0x24, 0x21, 0x93, 0x9d,
  0xba, 0xd7, 0xba, 0xd7, 0x99, 0xd7, 0x99, 0xd7, 0x99, 0xd7, 0x99, 0xd7, 0x99, 0xd7, 0x99, 0xd7, 0x99, 0xd7, 0xba, 0xd7, 0x99, 0xcf, 0xe5, 0x39, 0x51, 0x11, 0x39, 0x22, 0x18, 0x22, 0x79, 0x32,
  0x58, 0x2a, 0x38, 0x2a, 0x18, 0x22, 0x38, 0x2a, 0x38, 0x2a, 0x18, 0x22, 0x18, 0x22, 0x18, 0x22, 0x18, 0x22, 0x18, 0x22, 0x18, 0x22, 0xd9, 0x19, 0x18, 0x22, 0x18, 0x22, 0x18, 0x22, 0x18, 0x22,
  0x18, 0x22, 0x18, 0x22, 0x18, 0x22, 0x18, 0x22, 0x18, 0x22, 0x18, 0x22, 0x18, 0x22, 0x18, 0x22, 0x18, 0x22, 0x18, 0x22, 0x18, 0x22, 0x18, 0x22, 0x18, 0x22, 0xf8, 0x21, 0xf7, 0x21, 0xf7, 0x21,
  0xf7, 0x21, 0xf7, 0x21, 0xf7, 0x21, 0xf7, 0x21, 0xf7, 0x21, 0xf7, 0x21, 0xf7, 0x21, 0xf7, 0x21, 0xf7, 0x21, 0xf7, 0x21, 0xf7, 0x21, 0xf7, 0x21, 0xf7, 0x21, 0xf7, 0x21, 0xf7, 0x21, 0xf7, 0x21,
  0xf7, 0x21, 0xf7, 0x21, 0xf7, 0x21, 0xf7, 0x21, 0xf7, 0x21, 0xf7, 0x21, 0xf7, 0x21, 0xf7, 0x21, 0xf7, 0x21, 0xf7, 0x21, 0xf7, 0x21, 0xf7, 0x21, 0xf7, 0x21, 0xf7, 0x21, 0xf7, 0x21, 0xf7, 0x21,
  0xf7, 0x21, 0xf7, 0x21, 0xf7, 0x21, 0xd7, 0x21, 0xd7, 0x21, 0xd7, 0x21, 0xd6, 0x21, 0xd6, 0x21, 0xd6, 0x21, 0xd6, 0x21, 0xd6, 0x21, 0xd6, 0x21, 0xd6, 0x21, 0xd6, 0x21, 0xd6, 0x21, 0xd6, 0x21,
  0xd6, 0x21, 0xd6, 0x21, 0xd6, 0x21, 0xd6, 0x21, 0xd6, 0x21, 0xd6, 0x21, 0xd6, 0x21, 0xd6, 0x21, 0xd6, 0x21, 0xd6, 0x21, 0xd6, 0x21, 0xd6, 0x21, 0xd6, 0x21, 0xd6, 0x21, 0xd6, 0x21, 0xd6, 0x21,
  0xbe, 0x32, 0xbe, 0x32, 0xbe, 0x32, 0xbf, 0x32, 0xbf, 0x32, 0xbf, 0x32, 0xbe, 0x32, 0xbe, 0x2a, 0x3f, 0x43, 0xde, 0x32, 0xbe, 0x2a, 0xbe, 0x32, 0xbe, 0x32, 0xbe, 0x32, 0xbe, 0x32, 0xbe, 0x32,
  0x9d, 0x2a, 0x84, 0x08, 0x67, 0x19, 0x48, 0x11, 0x6d, 0x19, 0x2f, 0x11, 0x2f, 0x11, 0xf7, 0x21, 0xdf, 0x32, 0xbf, 0x32, 0xbf, 0x32, 0xbf, 0x32, 0xbf, 0x2a, 0xbf, 0x32, 0x5f, 0x43, 0xdf, 0x32,
  0x71, 0x19, 0x2c, 0x11, 0xc3, 0x10, 0x00, 0x00, 0xeb, 0x2a, 0xff, 0x7f, 0xff, 0x77, 0xdf, 0x77, 0xdf, 0x77, 0xdf, 0x77, 0xdf, 0x77, 0xdf, 0x77, 0xff, 0x77, 0xff, 0x7f, 0xff, 0x7f, 0xff, 0x7f,
  0xd7, 0x55, 0x50, 0x44, 0xae, 0x33, 0x27, 0x22, 0xc1, 0x08, 0xc1, 0x08, 0x22, 0x11, 0x8d, 0x33, 0x0f, 0x3c, 0x55, 0x55, 0x3c, 0x6f, 0xff, 0x7f, 0xff, 0x7f, 0xff, 0x77, 0xdf, 0x77, 0xdf, 0x77,
  0xdf, 0x77, 0xff, 0x77, 0xdf, 0x77, 0x8d, 0x33, 0x00, 0x00, 0x09, 0x11, 0x18, 0x22, 0xbf, 0x2a, 0xbe, 0x32, 0x1e, 0x43, 0x9e, 0x2a, 0x9e, 0x2a, 0x9e, 0x2a, 0x9e, 0x2a, 0x9e, 0x2a, 0x7d, 0x2a,
  0xd6, 0x21, 0x50, 0x19, 0xa8, 0x08, 0xe5, 0x10, 0xc2, 0x08, 0xa0, 0x08, 0x00, 0x00, 0x2e, 0x11, 0xbe, 0x2a, 0x7c, 0x2a, 0x7c, 0x2a, 0x7c, 0x2a, 0x7c, 0x2a, 0x7c, 0x2a, 0x9c, 0x32, 0xfc, 0x3a,
  0x7c, 0x2a, 0x7c, 0x2a, 0x7c, 0x2a, 0x9d, 0x2a, 0xd5, 0x19, 0xa4, 0x31, 0xb6, 0xbe, 0xda, 0xd7, 0x99, 0xd7, 0x99, 0xd7, 0x99, 0xd7, 0x99, 0xd7, 0x99, 0xd7, 0x99, 0xd7, 0x99, 0xd7, 0x99, 0xd7,
  0x99, 0xd7, 0x99, 0xd7, 0x99, 0xd7, 0x99, 0xd7, 0x99, 0xd7, 0x99, 0xd7, 0x99, 0xd7, 0x99, 0xd7, 0x99, 0xd7, 0x99, 0xd7, 0x99, 0xd7, 0x99, 0xd7, 0x99, 0xd7, 0x99, 0xd7, 0x99, 0xd7, 0x99, 0xd7,
  0x99, 0xd7, 0x99, 0xd7, 0x99, 0xd7, 0x99, 0xd7, 0x99, 0xd7, 0x99, 0xd7, 0x99, 0xd7, 0x99, 0xd7, 0x99, 0xd7, 0x99, 0xd7, 0x99, 0xd7, 0x99, 0xd7, 0x99, 0xd7, 0x99, 0xd7, 0x99, 0xd7, 0x99, 0xd7,
  0x99, 0xd7, 0x99, 0xd7, 0x99, 0xd7, 0x99, 0xd7, 0x99, 0xd7, 0x99, 0xd7, 0x99, 0xd7, 0x99, 0xd7, 0x99, 0xd7, 0x99, 0xd7, 0x99, 0xd7, 0x99, 0xd7, 0x99, 0xd7, 0x99, 0xd7, 0x99, 0xd7, 0x99, 0xd7,
  0x99, 0xd7, 0x99, 0xd7, 0x99, 0xd7, 0x99, 0xd7, 0x99, 0xd7, 0x99, 0xd7, 0x99, 0xd7, 0x99, 0xd7, 0x99, 0xd7, 0x99, 0xd7, 0x99, 0xd7, 0x99, 0xd7, 0x99, 0xd7, 0x99, 0xd7, 0x99, 0xd7, 0x99, 0xd7,
  0x99, 0xd7, 0x99, 0xd7, 0x99, 0xd7, 0x99, 0xd7, 0x99, 0xd7, 0x99, 0xd7, 0x99, 0xd7, 0x99, 0xd7, 0xfc, 0xe7, 0x0a, 0x53, 0x00, 0x00, 0x00, 0x00, 0x00, 0x00, 0x00, 0x00, 0x8f, 0x7c, 0xda, 0xd7,
  0x99, 0xd7, 0x99, 0xd7, 0x99, 0xd7, 0xba, 0xd7, 0x18, 0xc7, 0x48, 0x42, 0x00, 0x00, 0x00, 0x00, 0x48, 0x42, 0x11, 0x8d, 0x55, 0xae, 0x96, 0xb6, 0x11, 0x8d, 0x27, 0x3a, 0x00, 0x00, 0x00, 0x00,
  0xea, 0x52, 0x17, 0xc7, 0xda, 0xd7, 0x99, 0xd7, 0x99, 0xd7, 0x99, 0xd7, 0x99, 0xd7, 0x99, 0xd7, 0x99, 0xd7, 0xfb, 0xdf, 0x8b, 0x63, 0x8c, 0x21, 0x17, 0x22, 0x38, 0x2a, 0x18, 0x22, 0x79, 0x32,
  0x58, 0x2a, 0x38, 0x2a, 0x38, 0x2a, 0x18, 0x22, 0x18, 0x22, 0x18, 0x22, 0x18, 0x22, 0x18, 0x22, 0x18, 0x22, 0x18, 0x22, 0x18, 0x22, 0xd9, 0x19, 0x18, 0x22, 0x18, 0x22, 0x18, 0x22, 0x18, 0x22,
  0x18, 0x22, 0x18, 0x22, 0x18, 0x22, 0x18, 0x22, 0x18, 0x22, 0x18, 0x22, 0x18, 0x22, 0x17, 0x22, 0x17, 0x22, 0x17, 0x22, 0x17, 0x22, 0x17, 0x22, 0x17, 0x22, 0xf7, 0x21, 0xf7, 0x21, 0xf7, 0x21,
  0xf7, 0x21, 0xf7, 0x21, 0xf7, 0x21, 0xf7, 0x21, 0xf7, 0x21, 0xf7, 0x21, 0xf7, 0x21, 0xf7, 0x21, 0xf7, 0x21, 0xf7, 0x21, 0xf7, 0x21, 0xf7, 0x21, 0xf7, 0x21, 0xf7, 0x21, 0xf7, 0x21, 0xf7, 0x21,
  0xf7, 0x21, 0xf7, 0x21, 0xf7, 0x21, 0xf6, 0x21, 0xf6, 0x21, 0xf6, 0x21, 0xf6, 0x21, 0xf6, 0x21, 0xf6, 0x21, 0xf6, 0x21, 0xf6, 0x21, 0xf6, 0x21, 0xf6, 0x21, 0xf6, 0x21, 0xf6, 0x21, 0xf6, 0x21,
  0xf6, 0x21, 0xf6, 0x21, 0xf6, 0x21, 0xd6, 0x21, 0xd6, 0x21, 0xd6, 0x21, 0xd6, 0x21, 0xd6, 0x21, 0xd6, 0x21, 0xd6, 0x21, 0xd6, 0x21, 0xd6, 0x21, 0xd6, 0x21, 0xd6, 0x21, 0xd6, 0x21, 0xd6, 0x21,
  0xd6, 0x21, 0xd6, 0x21, 0xd5, 0x21, 0xd5, 0x21, 0xd5, 0x21, 0xd5, 0x21, 0xd5, 0x21, 0xd5, 0x21, 0xd5, 0x21, 0xd5, 0x21, 0xd5, 0x21, 0xd5, 0x21, 0xd5, 0x21, 0xd5, 0x21, 0xd5, 0x21, 0xd5, 0x21,
  0xbf, 0x32, 0xbf, 0x32, 0xbf, 0x32, 0xbf, 0x32, 0xbe, 0x32, 0xbe, 0x32, 0xbe, 0x32, 0xbe, 0x2a, 0x3e, 0x43, 0xde, 0x32, 0xbe, 0x2a, 0xbe, 0x32, 0xbe, 0x32, 0xbe, 0x32, 0xbe, 0x32, 0xbe, 0x32,
  0xdf, 0x32, 0x8f, 0x19, 0x00, 0x00, 0x99, 0x5e, 0xce, 0x3b, 0xee, 0x3b, 0xee, 0x3b, 0x2b, 0x33, 0xa0, 0x08, 0xe1, 0x10, 0xe1, 0x10, 0xe1, 0x10, 0xe1, 0x10, 0xe1, 0x10, 0xc1, 0x08, 0xe1, 0x10,
  0x8d, 0x33, 0x0f, 0x3c, 0x9a, 0x5e, 0xff, 0x87, 0xff, 0x7f, 0xdf, 0x77, 0xdf, 0x77, 0xdf, 0x77, 0xdf, 0x77, 0xdf, 0x77, 0xdf, 0x77, 0xdf, 0x77, 0xdf, 0x77, 0xdf, 0x77, 0xdf, 0x77, 0xdf, 0x77,
  0xff, 0x77, 0xff, 0x77, 0xff, 0x7f, 0xff, 0x7f, 0xff, 0x7f, 0xff, 0x7f, 0xff, 0x7f, 0xff, 0x7f, 0xff, 0x7f, 0xff, 0x77, 0xff, 0x77, 0xdf, 0x77, 0xdf, 0x77, 0xdf, 0x77, 0xdf, 0x77, 0xdf, 0x77,
  0xdf, 0x77, 0xdf, 0x77, 0xdf, 0x77, 0xff, 0x77, 0xfc, 0x66, 0xce, 0x3b, 0xc1, 0x08, 0x20, 0x00, 0x81, 0x08, 0xc2, 0x08, 0xc3, 0x08, 0xc2, 0x08, 0xa1, 0x08, 0x60, 0x08, 0x40, 0x00, 0x20, 0x00,
  0x23, 0x11, 0x48, 0x22, 0x71, 0x44, 0xf4, 0x4c, 0x8a, 0x22, 0x83, 0x08, 0x4f, 0x19, 0xbf, 0x32, 0x7c, 0x2a, 0x7c, 0x2a, 0x7c, 0x2a, 0x7c, 0x2a, 0x7c, 0x2a, 0x7c, 0x2a, 0x9c, 0x32, 0xfc, 0x3a,
  0x7c, 0x2a, 0x7c, 0x2a, 0x7c, 0x2a, 0x7c, 0x2a, 0x7a, 0x2a, 0x2d, 0x11, 0x47, 0x42, 0xfc, 0xe7, 0x99, 0xd7, 0x99, 0xd7, 0x99, 0xd7, 0x99, 0xd7, 0x99, 0xd7, 0x99, 0xd7, 0x99, 0xd7, 0x99, 0xd7,
  0x99, 0xd7, 0x99, 0xd7, 0x99, 0xd7, 0x99, 0xd7, 0x99, 0xd7, 0x99, 0xd7, 0x99, 0xd7, 0x99, 0xd7, 0x99, 0xd7, 0x99, 0xd7, 0x99, 0xd7, 0x99, 0xd7, 0x99, 0xd7, 0x99, 0xd7, 0x99, 0xd7, 0x99, 0xd7,
  0x99, 0xd7, 0x99, 0xd7, 0x99, 0xd7, 0x99, 0xd7, 0x99, 0xd7, 0x99, 0xd7, 0x99, 0xd7, 0x99, 0xd7, 0x99, 0xd7, 0x99, 0xd7, 0x99, 0xd7, 0x99, 0xd7, 0x99, 0xd7, 0x99, 0xd7, 0x99, 0xd7, 0x99, 0xd7,
  0x99, 0xd7, 0x99, 0xd7, 0x99, 0xd7, 0x99, 0xd7, 0x99, 0xd7, 0x99, 0xd7, 0x99, 0xd7, 0x99, 0xd7, 0x99, 0xd7, 0x99, 0xd7, 0x99, 0xd7, 0x99, 0xd7, 0x99, 0xd7, 0x99, 0xd7, 0x99, 0xd7, 0x99, 0xd7,
  0x99, 0xd7, 0x99, 0xd7, 0x99, 0xd7, 0x99, 0xd7, 0x99, 0xd7, 0x99, 0xd7, 0x99, 0xd7, 0x99, 0xd7, 0x99, 0xd7, 0x99, 0xd7, 0x99, 0xd7, 0x99, 0xd7, 0x99, 0xd7, 0x99, 0xd7, 0x99, 0xd7, 0x99, 0xd7,
  0x99, 0xd7, 0x99, 0xd7, 0x99, 0xd7, 0x99, 0xd7, 0x99, 0xd7, 0x99, 0xd7, 0x99, 0xd7, 0xfb, 0xdf, 0xa9, 0x4a, 0x00, 0x00, 0x00, 0x00, 0x00, 0x00, 0x52, 0x95, 0xfe, 0xf7, 0xfb, 0xdf, 0x99, 0xd7,
  0x99, 0xd7, 0x99, 0xd7, 0x99, 0xd7, 0xfb, 0xdf, 0x8c, 0x63, 0x00, 0x00, 0xa9, 0x4a, 0x79, 0xcf, 0xfc, 0xef, 0xb6, 0xbe, 0xf4, 0xa5, 0xf4, 0xa5, 0xd7, 0xbe, 0xfc, 0xe7, 0x99, 0xcf, 0x88, 0x42,
  0x00, 0x00, 0x07, 0x3a, 0x96, 0xb6, 0xba, 0xd7, 0x99, 0xd7, 0x99, 0xd7, 0x99, 0xd7, 0x99, 0xd7, 0xda, 0xd7, 0xb6, 0xb6, 0xe6, 0x39, 0x93, 0x19, 0x39, 0x2a, 0x38, 0x2a, 0x18, 0x22, 0x79, 0x32,
  0x58, 0x2a, 0x18, 0x22, 0x18, 0x22, 0x18, 0x22, 0x18, 0x22, 0x18, 0x22, 0x18, 0x22, 0x18, 0x22, 0x18, 0x22, 0x18, 0x22, 0x18, 0x22, 0xd9, 0x19, 0x18, 0x22, 0x18, 0x22, 0x18, 0x22, 0x18, 0x22,
  0x18, 0x22, 0x18, 0x22, 0x18, 0x22, 0x18, 0x22, 0x18, 0x22, 0x18, 0x22, 0x18, 0x22, 0x17, 0x22, 0x17, 0x22, 0x17, 0x22, 0x17, 0x22, 0x17, 0x22, 0x17, 0x22, 0xf7, 0x21, 0xf7, 0x21, 0xf7, 0x21,
  0xf7, 0x21, 0xf7, 0x21, 0xf7, 0x21, 0xf7, 0x21, 0xf7, 0x21, 0xf7, 0x21, 0xf7, 0x21, 0xf7, 0x21, 0xf7, 0x21, 0xf7, 0x21, 0xf7, 0x21, 0xf7, 0x21, 0xf7, 0x21, 0xf7, 0x21, 0xf7, 0x21, 0xf7, 0x21,
  0xf7, 0x21, 0xf7, 0x21, 0xf7, 0x21, 0xf6, 0x21, 0xf6, 0x21, 0xf6, 0x21, 0xf6, 0x21, 0xf6, 0x21, 0xf6, 0x21, 0xf6, 0x21, 0xf6, 0x21, 0xf6, 0x21, 0xf6, 0x21, 0xf6, 0x21, 0xf6, 0x21, 0xf6, 0x21,
  0xf6, 0x21, 0xf6, 0x21, 0xf6, 0x21, 0xd6, 0x21, 0xd6, 0x21, 0xd6, 0x21, 0xd6, 0x21, 0xd6, 0x21, 0xd6, 0x21, 0xd6, 0x21, 0xd6, 0x21, 0xd6, 0x21, 0xd6, 0x21, 0xd6, 0x21, 0xd6, 0x21, 0xd6, 0x21,
  0xd6, 0x21, 0xd6, 0x21, 0xd5, 0x21, 0xd5, 0x21, 0xd5, 0x21, 0xd5, 0x21, 0xd5, 0x21, 0xd5, 0x21, 0xd5, 0x21, 0xd5, 0x21, 0xd5, 0x21, 0xd5, 0x21, 0xd5, 0x21, 0xd5, 0x21, 0xd5, 0x21, 0xd5, 0x21,
  0xbf, 0x2a, 0xbe, 0x2a, 0xbe, 0x2a, 0xbe, 0x2a, 0xbe, 0x2a, 0xbe, 0x2a, 0xbe, 0x2a, 0xbe, 0x2a, 0x3e, 0x43, 0xde, 0x32, 0xbe, 0x2a, 0xbe, 0x2a, 0xbe, 0x2a, 0xbe, 0x32, 0xbe, 0x32, 0xbe, 0x32,
  0xbe, 0x2a, 0xdf, 0x32, 0x27, 0x11, 0x0c, 0x2b, 0xff, 0x87, 0xff, 0x7f, 0xff, 0x7f, 0xff, 0x7f, 0xff, 0x7f, 0xff, 0x7f, 0xff, 0x7f, 0xff, 0x7f, 0xff, 0x7f, 0xff, 0x7f, 0xff, 0x7f, 0xff, 0x7f,
  0xff, 0x7f, 0xff, 0x7f, 0xff, 0x77, 0xdf, 0x77, 0xdf, 0x77, 0xdf, 0x77, 0xdf, 0x77, 0xdf, 0x77, 0xdf, 0x77, 0xdf, 0x77, 0xdf, 0x77, 0xdf, 0x77, 0xdf, 0x77, 0xdf, 0x77, 0xdf, 0x77, 0xdf, 0x77,
  0xdf, 0x77, 0xdf, 0x77, 0xdf, 0x77, 0xdf, 0x77, 0xdf, 0x77, 0xdf, 0x77, 0xdf, 0x77, 0xdf, 0x77, 0xdf, 0x77, 0xdf, 0x77, 0xdf, 0x77, 0xdf, 0x77, 0xdf, 0x77, 0xdf, 0x77, 0xdf, 0x77, 0xdf, 0x77,
  0xdf, 0x77, 0xdf, 0x77, 0xdf, 0x77, 0xdf, 0x77, 0xff, 0x77, 0xff, 0x7f, 0xff, 0x7f, 0xff, 0x7f, 0xff, 0x7f, 0x9a, 0x66, 0x39, 0x5e, 0x79, 0x5e, 0xbf, 0x77, 0xff, 0x7f, 0xff, 0x7f, 0xff, 0x7f,
  0xff, 0x7f, 0xff, 0x7f, 0xff, 0x77, 0x55, 0x4d, 0x00, 0x00, 0xc9, 0x08, 0x9e, 0x2a, 0x7c, 0x2a, 0x7c, 0x2a, 0x7c, 0x2a, 0x7c, 0x2a, 0x7c, 0x2a, 0x7c, 0x2a, 0x7c, 0x2a, 0x9c, 0x32, 0xfc, 0x3a,
  0x7c, 0x2a, 0x7c, 0x2a, 0x7c, 0x2a, 0x7c, 0x2a, 0x9d, 0x2a, 0xf6, 0x21, 0x65, 0x29, 0xf0, 0x8c, 0xfb, 0xdf, 0x99, 0xd7, 0x99, 0xd7, 0x99, 0xd7, 0x99, 0xd7, 0x99, 0xd7, 0x99, 0xd7, 0x99, 0xd7,
  0x99, 0xd7, 0x99, 0xd7, 0x99, 0xd7, 0x99, 0xd7, 0x99, 0xd7, 0x99, 0xd7, 0x99, 0xd7, 0x99, 0xd7, 0x99, 0xd7, 0x99, 0xd7, 0x99, 0xd7, 0x99, 0xd7, 0x99, 0xd7, 0x99, 0xd7, 0x99, 0xd7, 0x99, 0xd7,
  0x99, 0xd7, 0x99, 0xd7, 0x99, 0xd7, 0x99, 0xd7, 0x99, 0xd7, 0x99, 0xd7, 0x99, 0xd7, 0x99, 0xd7, 0x99, 0xd7, 0x99, 0xd7, 0x99, 0xd7, 0x99, 0xd7, 0x99, 0xd7, 0x99, 0xd7, 0x99, 0xd7, 0x99, 0xd7,
  0x99, 0xd7, 0x99, 0xd7, 0x99, 0xd7, 0x99, 0xd7, 0x99, 0xd7, 0x99, 0xd7, 0x99, 0xd7, 0x99, 0xd7, 0x99, 0xd7, 0x99, 0xd7, 0x99, 0xd7, 0x99, 0xd7, 0x99, 0xd7, 0x99, 0xd7, 0x99, 0xd7, 0x99, 0xd7,
  0x99, 0xd7, 0x99, 0xd7, 0x99, 0xd7, 0x99, 0xd7, 0x99, 0xd7, 0x99, 0xd7, 0x99, 0xd7, 0x99, 0xd7, 0x99, 0xd7, 0x99, 0xd7, 0x99, 0xd7, 0x99, 0xd7, 0x99, 0xd7, 0x99, 0xd7, 0x99, 0xd7, 0x99, 0xd7,
  0x99, 0xd7, 0x99, 0xd7, 0x99, 0xd7, 0x99, 0xd7, 0x99, 0xd7, 0x99, 0xd7, 0xba, 0xd7, 0x99, 0xd7, 0xc9, 0x4a, 0x00, 0x00, 0x00, 0x00, 0x00, 0x00, 0xe9, 0x52, 0xd7, 0xbe, 0xba, 0xd7, 0x99, 0xd7,
  0x99, 0xd7, 0x99, 0xd7, 0x99, 0xd7, 0xda, 0xd7, 0xd3, 0x9d, 0xf4, 0xa5, 0xda, 0xd7, 0x8f, 0x7c, 0x00, 0x00, 0x00, 0x00, 0x00, 0x00, 0x00, 0x00, 0x00, 0x00, 0x21, 0x08, 0xd0, 0x84, 0xfb, 0xdf,
  0x4e, 0x74, 0xf0, 0x8c, 0x58, 0xcf, 0x99, 0xd7, 0x99, 0xd7, 0x99, 0xd7, 0x99, 0xd7, 0x99, 0xd7, 0xfc, 0xe7, 0x46, 0x42, 0xed, 0x10, 0x18, 0x22, 0x38, 0x2a, 0x38, 0x2a, 0x18, 0x22, 0x78, 0x32,
  0x58, 0x2a, 0x18, 0x22, 0x18, 0x22, 0x18, 0x22, 0x18, 0x22, 0x18, 0x22, 0x18, 0x22, 0x18, 0x22, 0x18, 0x22, 0x18, 0x22, 0x18, 0x22, 0xd8, 0x19, 0x18, 0x22, 0x18, 0x22, 0x18, 0x22, 0x18, 0x22,
  0x18, 0x22, 0x18, 0x22, 0x18, 0x22, 0x18, 0x22, 0x18, 0x22, 0x18, 0x22, 0x18, 0x22, 0x17, 0x22, 0x17, 0x22, 0x17, 0x22, 0x17, 0x22, 0x17, 0x22, 0x17, 0x22, 0xf7, 0x21, 0xf7, 0x21, 0xf7, 0x21,
  0xf7, 0x21, 0xf7, 0x21, 0xf7, 0x21, 0xf7, 0x21, 0xf7, 0x21, 0xf7, 0x21, 0xf7, 0x21, 0xf7, 0x21, 0xf7, 0x21, 0xf7, 0x21, 0xf7, 0x21, 0xf7, 0x21, 0xf7, 0x21, 0xf7, 0x21, 0xf7, 0x21, 0xf7, 0x21,
  0xf7, 0x21, 0xf7, 0x21, 0xf7, 0x21, 0xf6, 0x21, 0xf6, 0x21, 0xf6, 0x21, 0xf6, 0x21, 0xf6, 0x21, 0xf6, 0x21, 0xf6, 0x21, 0xf6, 0x21, 0xf6, 0x21, 0xf6, 0x21, 0xf6, 0x21, 0xf6, 0x21, 0xf6, 0x21,
  0xf6, 0x21, 0xf6, 0x21, 0xf6, 0x21, 0xd6, 0x21, 0xd6, 0x21, 0xd6, 0x21, 0xd6, 0x21, 0xd6, 0x21, 0xd6, 0x21, 0xd6, 0x21, 0xd6, 0x21, 0xd6, 0x21, 0xd6, 0x21, 0xd6, 0x21, 0xd6, 0x21, 0xd6, 0x21,
  0xd6, 0x21, 0xd6, 0x21, 0xd5, 0x21, 0xd5, 0x21, 0xd5, 0x21, 0xd5, 0x21, 0xd5, 0x21, 0xd5, 0x21, 0xd5, 0x21, 0xd5, 0x21, 0xd5, 0x21, 0xd5, 0x21, 0xd5, 0x21, 0xd5, 0x21, 0xd5, 0x21, 0xd5, 0x21,
  0xbe, 0x2a, 0xbe, 0x2a, 0xbe, 0x2a, 0xbe, 0x2a, 0xbe, 0x2a, 0xbe, 0x2a, 0xbe, 0x2a, 0xbe, 0x2a, 0x3e, 0x43, 0xde, 0x32, 0xbe, 0x2a, 0xbe, 0x2a, 0xbe, 0x2a, 0xbe, 0x2a, 0xbe, 0x2a, 0xbe, 0x2a,
  0xbe, 0x2a, 0xbe, 0x2a, 0x7c, 0x2a, 0x00, 0x00, 0xff, 0x77, 0xdf, 0x77, 0xdf, 0x77, 0xdf, 0x77, 0xdf, 0x77, 0xdf, 0x77, 0xdf, 0x77, 0xdf, 0x77, 0xdf, 0x77, 0xdf, 0x77, 0xdf, 0x77, 0xdf, 0x77,
  0xdf, 0x77, 0xdf, 0x77, 0xdf, 0x77, 0xdf, 0x77, 0xdf, 0x77, 0xdf, 0x77, 0xdf, 0x77, 0xdf, 0x77, 0xdf, 0x77, 0xdf, 0x77, 0xdf, 0x77, 0xdf, 0x77, 0xdf, 0x77, 0xdf, 0x77, 0xdf, 0x77, 0xdf, 0x77,
  0xdf, 0x77, 0xdf, 0x77, 0xdf, 0x77, 0xdf, 0x77, 0xdf, 0x77, 0xdf, 0x77, 0xdf, 0x77, 0xdf, 0x77, 0xdf, 0x77, 0xdf, 0x77, 0xdf, 0x77, 0xdf, 0x77, 0xdf, 0x77, 0xdf, 0x77, 0xdf, 0x77, 0xdf, 0x77,
  0xdf, 0x77, 0xdf, 0x77, 0xdf, 0x77, 0xdf, 0x77, 0xdf, 0x77, 0xdf, 0x77, 0xdf, 0x77, 0xdf, 0x77, 0xdf, 0x77, 0xff, 0x77, 0xff, 0x77, 0xff, 0x77, 0xdf, 0x77, 0xdf, 0x77, 0xdf, 0x77, 0xdf, 0x77,
  0xdf, 0x77, 0xff, 0x77, 0x7a, 0x66, 0x41, 0x08, 0x65, 0x08, 0x7b, 0x2a, 0x9c, 0x2a, 0x7c, 0x2a, 0x7c, 0x2a, 0x7c, 0x2a, 0x7c, 0x2a, 0x7c, 0x2a, 0x7c, 0x2a, 0x7c, 0x2a, 0x9c, 0x32, 0xdc, 0x3a,
  0x7c, 0x2a, 0x7c, 0x2a, 0x7c, 0x2a, 0x7b, 0x2a, 0x7c, 0x2a, 0x7c, 0x2a, 0x51, 0x11, 0xa4, 0x31, 0x79, 0xcf, 0xba, 0xd7, 0x99, 0xd7, 0x99, 0xd7, 0x99, 0xd7, 0x99, 0xd7, 0x99, 0xd7, 0x99, 0xd7,
  0x99, 0xd7, 0x99, 0xd7, 0x99, 0xd7, 0x99, 0xd7, 0x99, 0xd7, 0x99, 0xd7, 0x99, 0xd7, 0x99, 0xd7, 0x99, 0xd7, 0x99, 0xd7, 0x99, 0xd7, 0x99, 0xd7, 0x99, 0xd7, 0x99, 0xd7, 0x99, 0xd7, 0x99, 0xd7,
  0x99, 0xd7, 0x99, 0xd7, 0x99, 0xd7, 0x99, 0xd7, 0x99, 0xd7, 0x99, 0xd7, 0x99, 0xd7, 0x99, 0xd7, 0x99, 0xd7, 0x99, 0xd7, 0x99, 0xd7, 0x99, 0xd7, 0x99, 0xd7, 0x99, 0xd7, 0x99, 0xd7, 0x99, 0xd7,
  0x99, 0xd7, 0x99, 0xd7, 0x99, 0xd7, 0x99, 0xd7, 0x99, 0xd7, 0x99, 0xd7, 0x99, 0xd7, 0x99, 0xd7, 0x99, 0xd7, 0x99, 0xd7, 0x99, 0xd7, 0x99, 0xd7, 0x99, 0xd7, 0x99, 0xd7, 0x99, 0xd7, 0x99, 0xd7,
  0x99, 0xd7, 0x99, 0xd7, 0x99, 0xd7, 0x99, 0xd7, 0x99, 0xd7, 0x99, 0xd7, 0x99, 0xd7, 0x99, 0xd7, 0x99, 0xd7, 0x99, 0xd7, 0x99, 0xd7, 0x99, 0xd7, 0x99, 0xd7, 0x99, 0xd7, 0x99, 0xd7, 0x99, 0xd7,
  0x99, 0xd7, 0x99, 0xd7, 0x99, 0xd7, 0x99, 0xd7, 0x99, 0xd7, 0x99, 0xd7, 0xfb, 0xdf, 0x8c, 0x63, 0x00, 0x00, 0x00, 0x00, 0x00, 0x00, 0x00, 0x00, 0x00, 0x00, 0xaf, 0x84, 0xfb, 0xdf, 0x99, 0xd7,
  0x99, 0xd7, 0x99, 0xd7, 0x99, 0xd7, 0x99, 0xd7, 0xda, 0xd7, 0xfb, 0xe7, 0xac, 0x63, 0x00, 0x00, 0xc2, 0x10, 0x2e, 0x74, 0x55, 0xae, 0x55, 0xae, 0x2e, 0x74, 0xa2, 0x10, 0x00, 0x00, 0x68, 0x42,
  0x38, 0xc7, 0xfb, 0xdf, 0x99, 0xd7, 0x99, 0xd7, 0x99, 0xd7, 0x99, 0xd7, 0x99, 0xd7, 0xfa, 0xdf, 0x51, 0x95, 0xe9, 0x31, 0xd4, 0x21, 0x19, 0x22, 0x18, 0x22, 0x18, 0x22, 0x18, 0x22, 0x78, 0x32,
  0x58, 0x2a, 0x18, 0x22, 0x18, 0x22, 0x18, 0x22, 0x18, 0x22, 0x18, 0x22, 0x18, 0x22, 0x18, 0x22, 0x18, 0x22, 0x18, 0x22, 0x18, 0x22, 0xd8, 0x19, 0x18, 0x22, 0x18, 0x22, 0x18, 0x22, 0x18, 0x22,
  0x18, 0x22, 0x18, 0x22, 0x18, 0x22, 0x18, 0x22, 0x18, 0x22, 0x18, 0x22, 0x18, 0x22, 0x17, 0x22, 0x17, 0x22, 0x17, 0x22, 0x17, 0x22, 0x17, 0x22, 0x17, 0x22, 0xf7, 0x21, 0xf7, 0x21, 0xf7, 0x21,
  0xf7, 0x21, 0xf7, 0x21, 0xf7, 0x21, 0xf7, 0x21, 0xf7, 0x21, 0xf7, 0x21, 0xf7, 0x21, 0xf7, 0x21, 0xf7, 0x21, 0xf7, 0x21, 0xf7, 0x21, 0xf7, 0x21, 0xf7, 0x21, 0xf7, 0x21, 0xf7, 0x21, 0xf7, 0x21,
  0xf7, 0x21, 0xf7, 0x21, 0xf7, 0x21, 0xf6, 0x21, 0xf6, 0x21, 0xf6, 0x21, 0xf6, 0x21, 0xf6, 0x21, 0xf6, 0x21, 0xf6, 0x21, 0xf6, 0x21, 0xf6, 0x21, 0xf6, 0x21, 0xf6, 0x21, 0xf6, 0x21, 0xf6, 0x21,
  0xf6, 0x21, 0xf6, 0x21, 0xf6, 0x21, 0xd6, 0x21, 0xd6, 0x21, 0xd6, 0x21, 0xd6, 0x21, 0xd6, 0x21, 0xd6, 0x21, 0xd6, 0x21, 0xd6, 0x21, 0xd6, 0x21, 0xd6, 0x21, 0xd6, 0x21, 0xd6, 0x21, 0xd6, 0x21,
  0xd6, 0x21, 0xd6, 0x21, 0xd5, 0x21, 0xd5, 0x21, 0xd5, 0x21, 0xd5, 0x21, 0xd5, 0x21, 0xd5, 0x21, 0xd5, 0x21, 0xd5, 0x21, 0xd5, 0x21, 0xd5, 0x21, 0xd5, 0x21, 0xd5, 0x21, 0xd5, 0x21, 0xd5, 0x21,
  0xbe, 0x32, 0xbe, 0x32, 0xbe, 0x32, 0xbe, 0x32, 0xbe, 0x32, 0xbe, 0x32, 0xbe, 0x32, 0xbe, 0x2a, 0x3e, 0x43, 0xde, 0x32, 0xbe, 0x32, 0xbe, 0x32, 0xbe, 0x32, 0xbe, 0x32, 0xbe, 0x32, 0xbe, 0x32,
  0xbe, 0x32, 0xbe, 0x32, 0xdf, 0x32, 0xe3, 0x10, 0x18, 0x5e, 0xff, 0x77, 0xdf, 0x77, 0xdf, 0x77, 0xdf, 0x77, 0xdf, 0x77, 0xdf, 0x77, 0xdf, 0x77, 0xdf, 0x77, 0xdf, 0x77, 0xdf, 0x77, 0xdf, 0x77,
  0xdf, 0x77, 0xdf, 0x77, 0xdf, 0x77, 0xdf, 0x77, 0xdf, 0x77, 0xdf, 0x77, 0xdf, 0x77, 0xdf, 0x77, 0xdf, 0x77, 0xdf, 0x77, 0xdf, 0x77, 0xdf, 0x77, 0xdf, 0x77, 0xdf, 0x77, 0xdf, 0x77, 0xdf, 0x77,
  0xdf, 0x77, 0xdf, 0x77, 0xdf, 0x77, 0xdf, 0x77, 0xdf, 0x77, 0xdf, 0x77, 0xdf, 0x77, 0xdf, 0x77, 0xdf, 0x77, 0xdf, 0x77, 0xdf, 0x77, 0xdf, 0x77, 0xdf, 0x77, 0xdf, 0x77, 0xdf, 0x77, 0xdf, 0x77,
  0xdf, 0x77, 0xdf, 0x77, 0xdf, 0x77, 0xdf, 0x77, 0xdf, 0x77, 0xdf, 0x77, 0xdf, 0x77, 0xdf, 0x77, 0xdf, 0x77, 0xdf, 0x77, 0xdf, 0x77, 0xdf, 0x77, 0xdf, 0x77, 0xdf, 0x77, 0xdf, 0x77, 0xdf, 0x77,
  0xdf, 0x77, 0xdf, 0x77, 0xf7, 0x55, 0x21, 0x00, 0x0c, 0x11, 0xbe, 0x32, 0x7c, 0x2a, 0x7c, 0x2a, 0x7c, 0x2a, 0x7c, 0x2a, 0x7c, 0x2a, 0x7c, 0x2a, 0x7c, 0x2a, 0x7c, 0x2a, 0x9c, 0x32, 0xfc, 0x3a,
  0x7c, 0x2a, 0x7b, 0x2a, 0x7b, 0x2a, 0x7c, 0x2a, 0x7b, 0x2a, 0x9c, 0x2a, 0x38, 0x2a, 0x89, 0x29, 0x0d, 0x74, 0xfb, 0xdf, 0x99, 0xd7, 0x99, 0xd7, 0x99, 0xd7, 0x99, 0xd7, 0x99, 0xd7, 0x99, 0xd7,
  0x99, 0xd7, 0x99, 0xd7, 0x99, 0xd7, 0x99, 0xd7, 0x99, 0xd7, 0x99, 0xd7, 0x99, 0xd7, 0x99, 0xd7, 0x99, 0xd7, 0x99, 0xd7, 0x99, 0xd7, 0x99, 0xd7, 0x99, 0xd7, 0x99, 0xd7, 0x99, 0xd7, 0x99, 0xd7,
  0x99, 0xd7, 0x99, 0xd7, 0x99, 0xd7, 0x99, 0xd7, 0x99, 0xd7, 0x99, 0xd7, 0x99, 0xd7, 0x99, 0xd7, 0x99, 0xd7, 0x99, 0xd7, 0x99, 0xd7, 0x99, 0xd7, 0x99, 0xd7, 0x99, 0xd7, 0x99, 0xd7, 0x99, 0xd7,
  0x99, 0xd7, 0x99, 0xd7, 0x99, 0xd7, 0x99, 0xd7, 0x99, 0xd7, 0x99, 0xd7, 0x99, 0xd7, 0x99, 0xd7, 0x99, 0xd7, 0x99, 0xd7, 0x99, 0xd7, 0x99, 0xd7, 0x99, 0xd7, 0x99, 0xd7, 0x99, 0xd7, 0x99, 0xd7,
  0x99, 0xd7, 0x99, 0xd7, 0x99, 0xd7, 0x99, 0xd7, 0x99, 0xd7, 0x99, 0xd7, 0x99, 0xd7, 0x99, 0xd7, 0x99, 0xd7, 0x99, 0xd7, 0x99, 0xd7, 0x99, 0xd7, 0x99, 0xd7, 0x99, 0xd7, 0x99, 0xd7, 0x99, 0xd7,
  0x99, 0xd7, 0x99, 0xd7, 0x99, 0xd7, 0x99, 0xd7, 0x99, 0xd7, 0x99, 0xd7, 0xfb, 0xdf, 0x0a, 0x53, 0x00, 0x00, 0x92, 0x9d, 0xac, 0x63, 0x00, 0x00, 0x00, 0x00, 0x00, 0x00, 0xb0, 0x84, 0xfb, 0xdf,
  0x99, 0xd7, 0x99, 0xd7, 0x99, 0xd7, 0x99, 0xd7, 0x99, 0xd7, 0xda, 0xdf, 0xb0, 0x84, 0x2e, 0x74, 0x99, 0xd7, 0x75, 0xb6, 0xc9, 0x52, 0x27, 0x3a, 0x8f, 0x7c, 0xf7, 0xbe, 0xac, 0x63, 0xd0, 0x84,
  0x58, 0xcf, 0x99, 0xd7, 0x99, 0xd7, 0x99, 0xd7, 0x99, 0xd7, 0x99, 0xd7, 0xb9, 0xd7, 0xda, 0xd7, 0x26, 0x3a, 0x51, 0x19, 0x39, 0x2a, 0x38, 0x2a, 0x38, 0x2a, 0x38, 0x2a, 0x38, 0x2a, 0x78, 0x32,
  0x58, 0x2a, 0x38, 0x2a, 0x38, 0x2a, 0x38, 0x2a, 0x38, 0x2a, 0x38, 0x2a, 0x38, 0x2a, 0x38, 0x2a, 0x38, 0x2a, 0x38, 0x2a, 0x38, 0x2a, 0xd8, 0x21, 0x38, 0x2a, 0x38, 0x2a, 0x38, 0x2a, 0x38, 0x2a,
  0x38, 0x2a, 0x38, 0x2a, 0x38, 0x2a, 0x38, 0x2a, 0x38, 0x2a, 0x38, 0x2a, 0x38, 0x2a, 0x37, 0x2a, 0x37, 0x2a, 0x37, 0x2a, 0x37, 0x2a, 0x37, 0x2a, 0x37, 0x2a, 0x17, 0x2a, 0x17, 0x2a, 0x17, 0x2a,
  0x17, 0x2a, 0x17, 0x2a, 0x17, 0x2a, 0x17, 0x2a, 0x17, 0x2a, 0x17, 0x2a, 0x17, 0x2a, 0x17, 0x2a, 0x17, 0x2a, 0x17, 0x2a, 0x17, 0x22, 0x17, 0x22, 0x17, 0x22, 0x17, 0x22, 0x17, 0x22, 0x17, 0x22,
  0x17, 0x22, 0x17, 0x22, 0x17, 0x22, 0x16, 0x22, 0x16, 0x22, 0x16, 0x22, 0x16, 0x22, 0x16, 0x22, 0x16, 0x22, 0x16, 0x22, 0x16, 0x22, 0x16, 0x22, 0x16, 0x22, 0x16, 0x22, 0x16, 0x22, 0x16, 0x22,
  0x16, 0x22, 0x16, 0x22, 0x16, 0x22, 0xf6, 0x21, 0xf6, 0x21, 0xf6, 0x21, 0xf6, 0x21, 0xf6, 0x21, 0xf6, 0x21, 0xf6, 0x21, 0xf6, 0x21, 0xf6, 0x21, 0xf6, 0x21, 0xf6, 0x21, 0xf6, 0x21, 0xf6, 0x21,
  0xf6, 0x21, 0xf6, 0x21, 0xf5, 0x21, 0xf5, 0x21, 0xf5, 0x21, 0xf5, 0x21, 0xf5, 0x21, 0xf5, 0x21, 0xf5, 0x21, 0xf5, 0x21, 0xf5, 0x21, 0xf5, 0x21, 0xf5, 0x21, 0xf5, 0x21, 0xf5, 0x21, 0xf5, 0x21,
  0x5e, 0x4b, 0x5e, 0x4b, 0x5e, 0x4b, 0x5e, 0x4b, 0x5e, 0x4b, 0x5e, 0x4b, 0x5e, 0x4b, 0x5e, 0x4b, 0x5e, 0x4b, 0x5e, 0x4b, 0x5e, 0x4b, 0x5e, 0x4b, 0x5e, 0x4b, 0x5e, 0x4b, 0x5e, 0x4b, 0x5e, 0x4b,
  0x5e, 0x4b, 0x5e, 0x4b, 0x7f, 0x4b, 0xa1, 0x08, 0x39, 0x5e, 0xff, 0x77, 0xdf, 0x77, 0xff, 0x77, 0xff, 0x77, 0xff, 0x77, 0xff, 0x77, 0xff, 0x77, 0xdf, 0x77, 0xdf, 0x77, 0xff, 0x77, 0xff, 0x77,
  0xff, 0x77, 0xff, 0x77, 0xff, 0x77, 0xff, 0x77, 0xff, 0x77, 0xff, 0x77, 0xff, 0x77, 0xff, 0x77, 0xff, 0x77, 0xff, 0x77, 0xff, 0x77, 0xff, 0x77, 0xff, 0x77, 0xff, 0x77, 0xff, 0x77, 0xff, 0x77,
  0xff, 0x77, 0xff, 0x77, 0xff, 0x77, 0xff, 0x77, 0xdf, 0x77, 0xdf, 0x77, 0xff, 0x77, 0xff, 0x77, 0xff, 0x77, 0xff, 0x77, 0xdf, 0x77, 0xdf, 0x77, 0xff, 0x77, 0xff, 0x77, 0xff, 0x77, 0xdf, 0x77,
  0xdf, 0x77, 0xdf, 0x77, 0xff, 0x77, 0xff, 0x77, 0xff, 0x77, 0xff, 0x77, 0xff, 0x77, 0xdf, 0x77, 0xdf, 0x77, 0xff, 0x77, 0xff, 0x77, 0xff, 0x77, 0xff, 0x77, 0xdf, 0x77, 0xdf, 0x77, 0xdf, 0x77,
  0xdf, 0x77, 0xff, 0x77, 0x7a, 0x5e, 0x00, 0x00, 0x0a, 0x19, 0x7f, 0x4b, 0x3c, 0x43, 0x3c, 0x43, 0x3c, 0x43, 0x3c, 0x43, 0x3c, 0x43, 0x3c, 0x43, 0x3c, 0x43, 0x3c, 0x43, 0x3c, 0x43, 0x3c, 0x43,
  0x3c, 0x43, 0x3c, 0x43, 0x3c, 0x43, 0x3c, 0x43, 0x1c, 0x43, 0x1c, 0x43, 0x3d, 0x43, 0xf3, 0x29, 0x63, 0x21, 0x96, 0xb6, 0xda, 0xd7, 0x99, 0xd7, 0x99, 0xd7, 0x99, 0xd7, 0x99, 0xd7, 0x99, 0xd7,
  0x99, 0xd7, 0x99, 0xd7, 0x99, 0xd7, 0x99, 0xd7, 0x99, 0xd7, 0x99, 0xd7, 0x99, 0xd7, 0x99, 0xd7, 0x99, 0xd7, 0x99, 0xd7, 0x99, 0xd7, 0x99, 0xd7, 0x99, 0xd7, 0x99, 0xd7, 0x99, 0xd7, 0x99, 0xd7,
  0x99, 0xd7, 0x99, 0xd7, 0x99, 0xd7, 0x99, 0xd7, 0x99, 0xd7, 0x99, 0xd7, 0x99, 0xd7, 0x99, 0xd7, 0x99, 0xd7, 0x99, 0xd7, 0x99, 0xd7, 0x99, 0xd7, 0x99, 0xd7, 0x99, 0xd7, 0x99, 0xd7, 0x99, 0xd7,
  0x99, 0xd7, 0x99, 0xd7, 0x99, 0xd7, 0x99, 0xd7, 0x99, 0xd7, 0x99, 0xd7, 0x99, 0xd7, 0x99, 0xd7, 0x99, 0xd7, 0x99, 0xd7, 0x99, 0xd7, 0x99, 0xd7, 0x99, 0xd7, 0x99, 0xd7, 0x99, 0xd7, 0x99, 0xd7,
  0x99, 0xd7, 0x99, 0xd7, 0x99, 0xd7, 0x99, 0xd7, 0x99, 0xd7, 0x99, 0xd7, 0x99, 0xd7, 0x99, 0xd7, 0x99, 0xd7, 0x99, 0xd7, 0x99, 0xd7, 0x99, 0xd7, 0x99, 0xd7, 0x99, 0xd7, 0x99, 0xd7, 0x99, 0xd7,
  0x99, 0xd7, 0x99, 0xd7, 0x99, 0xd7, 0x99, 0xd7, 0x99, 0xd7, 0x99, 0xd7, 0xfb, 0xdf, 0xc9, 0x4a, 0xc6, 0x31, 0x75, 0xb6, 0xfc, 0xef, 0xf4, 0xa5, 0x44, 0x21, 0x00, 0x00, 0x00, 0x00, 0xb0, 0x84,
  0xfb, 0xdf, 0x99, 0xd7, 0x99, 0xd7, 0x99, 0xd7, 0x99, 0xd7, 0x99, 0xd7, 0xfa, 0xdf, 0xfb, 0xdf, 0x47, 0x3a, 0x00, 0x00, 0x21, 0x08, 0x00, 0x00, 0x00, 0x00, 0x27, 0x3a, 0xf7, 0xbe, 0xfb, 0xdf,
  0x99, 0xd7, 0x99, 0xd7, 0x99, 0xd7, 0x99, 0xd7, 0x99, 0xd7, 0x99, 0xd7, 0xfb, 0xdf, 0xed, 0x73, 0xaa, 0x29, 0x96, 0x3a, 0xf9, 0x42, 0xf9, 0x42, 0xf9, 0x42, 0xf9, 0x42, 0xd9, 0x42, 0xd9, 0x42,
  0xd9, 0x42, 0xd9, 0x42, 0xd9, 0x42, 0xd9, 0x42, 0xd9, 0x42, 0xd9, 0x42, 0xd9, 0x42, 0xd9, 0x42, 0xd9, 0x42, 0xd9, 0x42, 0xd9, 0x42, 0x99, 0x3a, 0xd9, 0x42, 0xd9, 0x42, 0xd9, 0x42, 0xd9, 0x42,
  0xd9, 0x42, 0xd9, 0x42, 0xd9, 0x42, 0xd9, 0x42, 0xd9, 0x42, 0xd9, 0x42, 0xd9, 0x42, 0xd8, 0x42, 0xd8, 0x42, 0xd8, 0x42, 0xd8, 0x42, 0xd8, 0x42, 0xd8, 0x42, 0xd8, 0x42, 0xd8, 0x42, 0xb8, 0x42,
  0xb8, 0x42, 0xb8, 0x42, 0xb8, 0x42, 0xb8, 0x42, 0xb8, 0x42, 0xb8, 0x42, 0xb8, 0x42, 0xb8, 0x42, 0xb8, 0x42, 0xb8, 0x42, 0xb8, 0x42, 0xb8, 0x42, 0xb8, 0x42, 0xb8, 0x42, 0xb8, 0x42, 0xb8, 0x42,
  0xb8, 0x3a, 0xb8, 0x3a, 0xb8, 0x3a, 0xb7, 0x3a, 0xb7, 0x3a, 0xb7, 0x3a, 0xb7, 0x3a, 0xb7, 0x3a, 0xb7, 0x3a, 0xb7, 0x3a, 0xb7, 0x3a, 0xb7, 0x3a, 0xb7, 0x3a, 0xb7, 0x3a, 0xb7, 0x3a, 0xb7, 0x3a,
  0xb7, 0x3a, 0xb7, 0x3a, 0xb7, 0x3a, 0xb7, 0x3a, 0xb7, 0x3a, 0xb7, 0x3a, 0xb7, 0x3a, 0xb7, 0x3a, 0xb7, 0x3a, 0xb7, 0x3a, 0xb7, 0x3a, 0xb7, 0x3a, 0xb7, 0x3a, 0xb7, 0x3a, 0xb6, 0x3a, 0xb6, 0x3a,
  0xb6, 0x3a, 0xb6, 0x3a, 0xb6, 0x3a, 0xb6, 0x3a, 0xb6, 0x3a, 0xb6, 0x3a, 0xb6, 0x3a, 0xb6, 0x3a, 0xb6, 0x3a, 0xb6, 0x3a, 0xb6, 0x3a, 0xb6, 0x3a, 0xb6, 0x3a, 0xb6, 0x3a, 0xb6, 0x3a, 0xb6, 0x3a,
  0x9e, 0x2a, 0x9e, 0x2a, 0x9e, 0x2a, 0x9e, 0x2a, 0x9e, 0x2a, 0x9e, 0x2a, 0x9e, 0x2a, 0x9e, 0x2a, 0x1e, 0x3b, 0xbe, 0x32, 0x9e, 0x2a, 0x9e, 0x2a, 0x9e, 0x2a, 0x9e, 0x2a, 0x9e, 0x2a, 0x9e, 0x2a,
  0xbe, 0x2a, 0xbf, 0x2a, 0x0b, 0x11, 0xc2, 0x08, 0xff, 0x7f, 0xdf, 0x77, 0xff, 0x77, 0xbb, 0x66, 0xe4, 0x10, 0x00, 0x00, 0x00, 0x00, 0xcb, 0x2a, 0xff, 0x7f, 0xdf, 0x77, 0xc3, 0x08, 0x00, 0x00,
  0x00, 0x00, 0x00, 0x00, 0x00, 0x00, 0x00, 0x00, 0xcb, 0x2a, 0x00, 0x00, 0x00, 0x00, 0x00, 0x00, 0x00, 0x00, 0x00, 0x00, 0x00, 0x00, 0x00, 0x00, 0x00, 0x00, 0x00, 0x00, 0x00, 0x00, 0x00, 0x00,
  0x00, 0x00, 0x00, 0x00, 0xaf, 0x3b, 0x00, 0x00, 0x92, 0x44, 0xdf, 0x77, 0xec, 0x2a, 0x00, 0x00, 0x00, 0x00, 0xb3, 0x44, 0xff, 0x7f, 0x9e, 0x6f, 0xf0, 0x3b, 0x00, 0x00, 0x6a, 0x22, 0xff, 0x7f,
  0xff, 0x77, 0xdb, 0x66, 0x49, 0x22, 0x00, 0x00, 0x00, 0x00, 0x00, 0x00, 0xec, 0x2a, 0x5d, 0x6f, 0x7e, 0x6f, 0xab, 0x2a, 0x00, 0x00, 0x00, 0x00, 0x45, 0x11, 0xdb, 0x66, 0xff, 0x77, 0xdf, 0x77,
  0xdf, 0x77, 0xff, 0x77, 0xfc, 0x66, 0x49, 0x22, 0x21, 0x00, 0x0d, 0x11, 0x9e, 0x2a, 0x7c, 0x2a, 0x7c, 0x2a, 0x7c, 0x2a, 0x5c, 0x2a, 0x5c, 0x2a, 0x5b, 0x2a, 0x5b, 0x2a, 0x9c, 0x2a, 0xdc, 0x3a,
  0x5b, 0x22, 0x5b, 0x2a, 0x5b, 0x2a, 0x5b, 0x2a, 0x5b, 0x2a, 0x5b, 0x2a, 0x5c, 0x2a, 0x39, 0x22, 0x0b, 0x19, 0xc9, 0x52, 0xfb, 0xdf, 0x99, 0xd7, 0x99, 0xd7, 0x99, 0xd7, 0x99, 0xd7, 0x99, 0xd7,
  0x99, 0xd7, 0x99, 0xd7, 0x99, 0xd7, 0x99, 0xd7, 0x99, 0xd7, 0x99, 0xd7, 0x99, 0xd7, 0x99, 0xd7, 0x99, 0xd7, 0x99, 0xd7, 0x99, 0xd7, 0x99, 0xd7, 0x99, 0xd7, 0x99, 0xd7, 0x99, 0xd7, 0x99, 0xd7,
  0x99, 0xd7, 0x99, 0xd7, 0x99, 0xd7, 0x99, 0xd7, 0x99, 0xd7, 0x99, 0xd7, 0x99, 0xd7, 0x99, 0xd7, 0x99, 0xd7, 0x99, 0xd7, 0x99, 0xd7, 0x99, 0xd7, 0x99, 0xd7, 0x99, 0xd7, 0x99, 0xd7, 0x99, 0xd7,
  0x99, 0xd7, 0x99, 0xd7, 0x99, 0xd7, 0x99, 0xd7, 0x99, 0xd7, 0x99, 0xd7, 0x99, 0xd7, 0x99, 0xd7, 0x99, 0xd7, 0x99, 0xd7, 0x99, 0xd7, 0x99, 0xd7, 0x99, 0xd7, 0x99, 0xd7, 0x99, 0xd7, 0x99, 0xd7,
  0x99, 0xd7, 0x99, 0xd7, 0x99, 0xd7, 0x99, 0xd7, 0x99, 0xd7, 0x99, 0xd7, 0x99, 0xd7, 0x99, 0xd7, 0x99, 0xd7, 0x99, 0xd7, 0x99, 0xd7, 0x99, 0xd7, 0x99, 0xd7, 0x99, 0xd7, 0x99, 0xd7, 0x99, 0xd7,
  0x99, 0xd7, 0x99, 0xd7, 0x99, 0xd7, 0x99, 0xd7, 0x99, 0xd7, 0x99, 0xd7, 0xfb, 0xdf, 0xa9, 0x4a, 0x6f, 0x7c, 0xfb, 0xdf, 0x99, 0xd7, 0xfb, 0xdf, 0xb3, 0x9d, 0x24, 0x21, 0x00, 0x00, 0x00, 0x00,
  0xaf, 0x7c, 0xfb, 0xdf, 0x99, 0xd7, 0x99, 0xd7, 0x99, 0xd7, 0x99, 0xd7, 0x99, 0xd7, 0x99, 0xcf, 0xf0, 0x8c, 0xb3, 0x9d, 0xfb, 0xdf, 0xfc, 0xef, 0x6f, 0x7c, 0xf1, 0x8c, 0x58, 0xcf, 0x99, 0xd7,
  0x99, 0xd7, 0x99, 0xd7, 0x99, 0xd7, 0x99, 0xd7, 0x99, 0xd7, 0xba, 0xd7, 0xf7, 0xc6, 0xc5, 0x31, 0x72, 0x19, 0x19, 0x22, 0x18, 0x22, 0x18, 0x22, 0x18, 0x22, 0xf8, 0x21, 0xf8, 0x21, 0x78, 0x32,
  0x38, 0x2a, 0x17, 0x22, 0xf8, 0x21, 0xf8, 0x21, 0xf8, 0x21, 0xf8, 0x21, 0xf7, 0x21, 0xf7, 0x21, 0xf7, 0x21, 0xf7, 0x21, 0xf7, 0x21, 0xb8, 0x19, 0xf7, 0x21, 0xf7, 0x21, 0xf7, 0x21, 0xf7, 0x21,
  0xf7, 0x21, 0xf7, 0x21, 0xf7, 0x21, 0xf7, 0x21, 0xd7, 0x21, 0xd7, 0x21, 0xd7, 0x21, 0xd7, 0x21, 0xd7, 0x21, 0xd7, 0x21, 0xd6, 0x21, 0xd6, 0x21, 0xd6, 0x21, 0xd6, 0x21, 0xd6, 0x21, 0xd6, 0x21,
  0xd6, 0x21, 0xd6, 0x21, 0xd6, 0x21, 0xd6, 0x21, 0xd6, 0x21, 0xd6, 0x21, 0xd6, 0x21, 0xd6, 0x21, 0xd6, 0x21, 0xd6, 0x21, 0xd6, 0x21, 0xd6, 0x21, 0xd6, 0x21, 0xd6, 0x21, 0xd6, 0x21, 0xd6, 0x21,
  0xd6, 0x21, 0xd6, 0x21, 0xd6, 0x21, 0xd6, 0x21, 0xd6, 0x21, 0xd6, 0x21, 0xd6, 0x21, 0xd6, 0x21, 0xd6, 0x21, 0xd6, 0x21, 0xd6, 0x21, 0xd6, 0x21, 0xd6, 0x21, 0xd6, 0x21, 0xd6, 0x21, 0xb6, 0x21,
  0xb6, 0x21, 0xb6, 0x21, 0xb6, 0x21, 0xb6, 0x21, 0xb6, 0x21, 0xb6, 0x21, 0xb6, 0x21, 0xb6, 0x21, 0xb6, 0x21, 0xb6, 0x21, 0xb5, 0x21, 0xb5, 0x21, 0xb5, 0x21, 0xb5, 0x21, 0xb5, 0x21, 0xb5, 0x21,
  0xb5, 0x21, 0xb5, 0x21, 0xb5, 0x21, 0xb5, 0x21, 0xb5, 0x21, 0xb5, 0x21, 0xb5, 0x21, 0xb5, 0x21, 0xb5, 0x21, 0xb5, 0x21, 0xb5, 0x21, 0xb5, 0x21, 0xb5, 0x21, 0xb5, 0x21, 0xb5, 0x21, 0xb5, 0x21,
  0xbe, 0x32, 0xbe, 0x32, 0xbe, 0x32, 0xbe, 0x32, 0xbe, 0x2a, 0xbe, 0x2a, 0xbe, 0x2a, 0x9e, 0x2a, 0x1e, 0x43, 0xde, 0x32, 0xbe, 0x2a, 0xbe, 0x2a, 0xbe, 0x2a, 0xbe, 0x2a, 0xbe, 0x2a, 0xbe, 0x2a,
  0x7c, 0x2a, 0xa4, 0x08, 0xe2, 0x08, 0x5d, 0x6f, 0xff, 0x77, 0xdf, 0x77, 0xff, 0x77, 0x00, 0x00, 0x00, 0x00, 0x72, 0x44, 0xf0, 0x3b, 0xf3, 0x4c, 0xff, 0x7f, 0x9a, 0x66, 0x00, 0x00, 0x45, 0x11,
  0x51, 0x44, 0x10, 0x3c, 0xf0, 0x3b, 0x10, 0x3c, 0xbb, 0x66, 0xaf, 0x33, 0xf0, 0x3b, 0x21, 0x00, 0x20, 0x00, 0x71, 0x44, 0x10, 0x3c, 0x92, 0x44, 0xef, 0x3b, 0xe8, 0x19, 0x00, 0x00, 0xaa, 0x22,
  0x31, 0x3c, 0x92, 0x44, 0x8a, 0x2a, 0x00, 0x00, 0x96, 0x55, 0xbf, 0x77, 0x49, 0x22, 0x00, 0x00, 0x00, 0x00, 0xe4, 0x10, 0xff, 0x77, 0x9e, 0x6f, 0x2d, 0x33, 0x00, 0x00, 0xb3, 0x44, 0xff, 0x7f,
  0x59, 0x5e, 0x00, 0x00, 0x00, 0x00, 0x4d, 0x33, 0x10, 0x3c, 0xcb, 0x2a, 0x69, 0x22, 0xdf, 0x77, 0xaa, 0x2a, 0x00, 0x00, 0xcb, 0x2a, 0x10, 0x3c, 0x72, 0x44, 0xbf, 0x77, 0xdf, 0x77, 0xdf, 0x77,
  0xdf, 0x77, 0xdf, 0x77, 0xff, 0x77, 0x7d, 0x6f, 0xaa, 0x2a, 0x40, 0x00, 0x64, 0x08, 0xb3, 0x19, 0x5b, 0x2a, 0x7c, 0x2a, 0x7c, 0x2a, 0x7c, 0x2a, 0x7c, 0x2a, 0x7c, 0x2a, 0x9c, 0x32, 0xdc, 0x3a,
  0x5b, 0x2a, 0x7b, 0x2a, 0x7b, 0x2a, 0x7b, 0x2a, 0x7b, 0x2a, 0x7b, 0x2a, 0x7b, 0x2a, 0x7c, 0x2a, 0xf5, 0x21, 0x65, 0x29, 0x51, 0x95, 0xfa, 0xdf, 0x99, 0xd7, 0x99, 0xd7, 0x99, 0xd7, 0x99, 0xd7,
  0x99, 0xd7, 0x99, 0xd7, 0x99, 0xd7, 0x99, 0xd7, 0x99, 0xd7, 0x99, 0xd7, 0x99, 0xd7, 0x99, 0xd7, 0x99, 0xd7, 0x99, 0xd7, 0x99, 0xd7, 0x99, 0xd7, 0x99, 0xd7, 0x99, 0xd7, 0x99, 0xd7, 0x99, 0xd7,
  0x99, 0xd7, 0x99, 0xd7, 0x99, 0xd7, 0x99, 0xd7, 0x99, 0xd7, 0x99, 0xd7, 0x99, 0xd7, 0x99, 0xd7, 0x99, 0xd7, 0x99, 0xd7, 0x99, 0xd7, 0x99, 0xd7, 0x99, 0xd7, 0x99, 0xd7, 0x99, 0xd7, 0x99, 0xd7,
  0x99, 0xd7, 0x99, 0xd7, 0x99, 0xd7, 0x99, 0xd7, 0x99, 0xd7, 0x99, 0xd7, 0x99, 0xd7, 0x99, 0xd7, 0x99, 0xd7, 0x99, 0xd7, 0x99, 0xd7, 0x99, 0xd7, 0x99, 0xd7, 0x99, 0xd7, 0x99, 0xd7, 0x99, 0xd7,
  0x99, 0xd7, 0x99, 0xd7, 0x99, 0xd7, 0x99, 0xd7, 0x99, 0xd7, 0x99, 0xd7, 0x99, 0xd7, 0x99, 0xd7, 0x99, 0xd7, 0x99, 0xd7, 0x99, 0xd7, 0x99, 0xd7, 0x99, 0xd7, 0x99, 0xd7, 0x99, 0xd7, 0x99, 0xd7,
  0x99, 0xd7, 0x99, 0xd7, 0x99, 0xd7, 0x99, 0xd7, 0x99, 0xd7, 0x99, 0xd7, 0x99, 0xd7, 0xfb, 0xdf, 0xfa, 0xdf, 0x99, 0xd7, 0x99, 0xd7, 0x99, 0xd7, 0xfb, 0xe7, 0xf0, 0x8c, 0xa2, 0x10, 0x00, 0x00,
  0x00, 0x00, 0x8f, 0x7c, 0xfa, 0xdf, 0x99, 0xd7, 0x99, 0xd7, 0x99, 0xd7, 0x99, 0xd7, 0x99, 0xd7, 0xfb, 0xdf, 0x14, 0xae, 0x82, 0x10, 0x21, 0x08, 0x14, 0xa6, 0xfb, 0xdf, 0x99, 0xd7, 0x99, 0xd7,
  0x99, 0xd7, 0x99, 0xd7, 0x99, 0xd7, 0x99, 0xd7, 0x99, 0xd7, 0xfb, 0xdf, 0x2a, 0x5b, 0x8e, 0x21, 0x17, 0x22, 0x18, 0x22, 0x18, 0x22, 0x18, 0x22, 0x18, 0x22, 0x18, 0x22, 0x18, 0x22, 0x78, 0x32,
  0x58, 0x2a, 0x18, 0x22, 0x18, 0x22, 0x17, 0x22, 0x17, 0x22, 0x18, 0x22, 0x17, 0x22, 0x17, 0x22, 0x17, 0x22, 0x17, 0x22, 0x17, 0x22, 0xb8, 0x19, 0x17, 0x22, 0x17, 0x22, 0x17, 0x22, 0x17, 0x22,
  0x17, 0x22, 0x17, 0x22, 0x17, 0x22, 0x17, 0x22, 0x17, 0x22, 0x17, 0x22, 0x17, 0x22, 0x17, 0x22, 0x17, 0x22, 0x17, 0x22, 0x16, 0x22, 0x16, 0x22, 0x16, 0x22, 0xf6, 0x21, 0xf6, 0x21, 0xf6, 0x21,
  0xf6, 0x21, 0xf6, 0x21, 0xf6, 0x21, 0xf6, 0x21, 0xf6, 0x21, 0xf6, 0x21, 0xf6, 0x21, 0xf6, 0x21, 0xf6, 0x21, 0xf6, 0x21, 0xf6, 0x21, 0xf6, 0x21, 0xf6, 0x21, 0xf6, 0x21, 0xf6, 0x21, 0xf6, 0x21,
  0xf6, 0x21, 0xf6, 0x21, 0xf6, 0x21, 0xf6, 0x21, 0xf6, 0x21, 0xf6, 0x21, 0xf6, 0x21, 0xf6, 0x21, 0xf6, 0x21, 0xf6, 0x21, 0xf6, 0x21, 0xf6, 0x21, 0xf6, 0x21, 0xf6, 0x21, 0xf6, 0x21, 0xf6, 0x21,
  0xf6, 0x21, 0xf6, 0x21, 0xf6, 0x21, 0xd6, 0x21, 0xd6, 0x21, 0xd6, 0x21, 0xd6, 0x21, 0xd6, 0x21, 0xd6, 0x21, 0xd6, 0x21, 0xd5, 0x21, 0xd5, 0x21, 0xd5, 0x21, 0xd5, 0x21, 0xd5, 0x21, 0xd5, 0x21,
  0xd5, 0x21, 0xd5, 0x21, 0xd5, 0x21, 0xd5, 0x21, 0xd5, 0x21, 0xd5, 0x21, 0xd5, 0x21, 0xd5, 0x21, 0xd5, 0x21, 0xd5, 0x21, 0xd5, 0x21, 0xd5, 0x21, 0xd5, 0x21, 0xd5, 0x21, 0xd5, 0x21, 0xd5, 0x21,
  0xbe, 0x32, 0xbe, 0x2a, 0xbe, 0x2a, 0xbe, 0x2a, 0xbe, 0x2a, 0xbe, 0x2a, 0xbe, 0x2a, 0x9e, 0x2a, 0x1e, 0x43, 0xde, 0x32, 0xbe, 0x2a, 0xbe, 0x2a, 0xbe, 0x2a, 0x9e, 0x2a, 0x7c, 0x2a, 0xc7, 0x08,
  0x40, 0x08, 0x6d, 0x33, 0xff, 0x7f, 0xff, 0x77, 0xdf, 0x77, 0xdf, 0x77, 0xb3, 0x44, 0x00, 0x00, 0x0c, 0x33, 0xff, 0x87, 0xff, 0x7f, 0xff, 0x77, 0xdf, 0x77, 0x55, 0x4d, 0x00, 0x00, 0x8a, 0x22,
  0xff, 0x87, 0xff, 0x7f, 0xff, 0x7f, 0xff, 0x7f, 0xff, 0x77, 0xff, 0x7f, 0xff, 0x77, 0x00, 0x00, 0xe4, 0x08, 0xff, 0x87, 0xff, 0x7f, 0xff, 0x7f, 0xff, 0x77, 0xaf, 0x3b, 0x00, 0x00, 0x14, 0x4d,
  0xff, 0x7f, 0xbf, 0x77, 0x24, 0x11, 0x21, 0x00, 0xbb, 0x66, 0x9e, 0x6f, 0x25, 0x11, 0x00, 0x00, 0x86, 0x19, 0x00, 0x00, 0xd3, 0x44, 0xbf, 0x77, 0x08, 0x22, 0x20, 0x00, 0x35, 0x4d, 0x7e, 0x6f,
  0x25, 0x11, 0x41, 0x08, 0x18, 0x5e, 0xff, 0x7f, 0xff, 0x7f, 0xff, 0x7f, 0xff, 0x7f, 0xdb, 0x66, 0x41, 0x00, 0xe4, 0x10, 0x9e, 0x6f, 0xff, 0x7f, 0xff, 0x7f, 0xdf, 0x77, 0xdf, 0x77, 0xdf, 0x77,
  0xdf, 0x77, 0xdf, 0x77, 0xdf, 0x77, 0xff, 0x77, 0xff, 0x7f, 0x7a, 0x5e, 0x48, 0x22, 0xa1, 0x08, 0xe2, 0x08, 0xc7, 0x08, 0x71, 0x19, 0x38, 0x22, 0x9c, 0x2a, 0x7b, 0x2a, 0x9c, 0x32, 0xdc, 0x3a,
  0x5b, 0x2a, 0x7b, 0x2a, 0x7b, 0x2a, 0x7b, 0x2a, 0x7b, 0x2a, 0x7b, 0x2a, 0x7b, 0x2a, 0x7b, 0x2a, 0x5a, 0x2a, 0x0e, 0x11, 0xe5, 0x39, 0xda, 0xd7, 0xba, 0xd7, 0x99, 0xd7, 0x99, 0xd7, 0x99, 0xd7,
  0x99, 0xd7, 0x99, 0xd7, 0x99, 0xd7, 0x99, 0xd7, 0x99, 0xd7, 0x99, 0xd7, 0x99, 0xd7, 0x99, 0xd7, 0x99, 0xd7, 0x99, 0xd7, 0x99, 0xd7, 0x99, 0xd7, 0x99, 0xd7, 0x99, 0xd7, 0x99, 0xd7, 0x99, 0xd7,
  0x99, 0xd7, 0x99, 0xd7, 0x99, 0xd7, 0x99, 0xd7, 0x99, 0xd7, 0x99, 0xd7, 0x99, 0xd7, 0x99, 0xd7, 0x99, 0xd7, 0x99, 0xd7, 0x99, 0xd7, 0x99, 0xd7, 0x99, 0xd7, 0x99, 0xd7, 0x99, 0xd7, 0x99, 0xd7,
  0x99, 0xd7, 0x99, 0xd7, 0x99, 0xd7, 0x99, 0xd7, 0x99, 0xd7, 0x99, 0xd7, 0x99, 0xd7, 0x99, 0xd7, 0x99, 0xd7, 0x99, 0xd7, 0x99, 0xd7, 0x99, 0xd7, 0x99, 0xd7, 0x99, 0xd7, 0x99, 0xd7, 0x99, 0xd7,
  0x99, 0xd7, 0x99, 0xd7, 0x99, 0xd7, 0x99, 0xd7, 0x99, 0xd7, 0x99, 0xd7, 0x99, 0xd7, 0x99, 0xd7, 0x99, 0xd7, 0x99, 0xd7, 0x99, 0xd7, 0x99, 0xd7, 0x99, 0xd7, 0x99, 0xd7, 0x99, 0xd7, 0x99, 0xd7,
  0x99, 0xd7, 0x99, 0xd7, 0x99, 0xd7, 0x99, 0xd7, 0x99, 0xd7, 0x99, 0xd7, 0x99, 0xd7, 0x99, 0xd7, 0x99, 0xd7, 0x99, 0xd7, 0x99, 0xd7, 0x99, 0xd7, 0x99, 0xd7, 0xfb, 0xe7, 0x31, 0x95, 0xe3, 0x18,
  0x00, 0x00, 0xd0, 0x84, 0xfa, 0xdf, 0x99, 0xd7, 0x99, 0xd7, 0x99, 0xd7, 0x99, 0xd7, 0x99, 0xd7, 0x99, 0xd7, 0xba, 0xd7, 0xaf, 0x84, 0x52, 0x95, 0x79, 0xcf, 0x99, 0xd7, 0x99, 0xd7, 0x99, 0xd7,
  0x99, 0xd7, 0x99, 0xd7, 0x99, 0xd7, 0x99, 0xd7, 0xda, 0xd7, 0xb2, 0x9d, 0x08, 0x32, 0xb3, 0x21, 0x19, 0x22, 0x18, 0x22, 0x18, 0x22, 0x18, 0x22, 0x18, 0x22, 0x18, 0x22, 0x18, 0x22, 0x78, 0x32,
  0x58, 0x2a, 0x18, 0x22, 0x17, 0x22, 0x18, 0x22, 0x17, 0x22, 0x17, 0x22, 0x17, 0x22, 0x17, 0x22, 0x17, 0x22, 0x17, 0x22, 0x17, 0x22, 0xb8, 0x19, 0x17, 0x22, 0x17, 0x22, 0x17, 0x22, 0x17, 0x22,
  0x17, 0x22, 0x17, 0x22, 0x17, 0x22, 0x17, 0x22, 0x17, 0x22, 0x17, 0x22, 0x17, 0x22, 0x17, 0x22, 0x17, 0x22, 0x17, 0x22, 0x37, 0x2a, 0x9c, 0xa5, 0x9e, 0xef, 0x9e, 0xef, 0x5b, 0x9d, 0xf6, 0x21,
  0xdd, 0xd6, 0xff, 0xff, 0xff, 0xff, 0xff, 0xff, 0xff, 0xff, 0xd9, 0x6b, 0xf6, 0x21, 0xf6, 0x21, 0xfc, 0xb5, 0xdf, 0xff, 0x77, 0x32, 0xf6, 0x21, 0xf6, 0x21, 0x5d, 0xc6, 0xbd, 0xce, 0xf6, 0x21,
  0xf6, 0x21, 0x7d, 0xc6, 0x5c, 0xbe, 0xf6, 0x21, 0xf6, 0x21, 0xf6, 0x21, 0xf6, 0x21, 0x98, 0x63, 0xfe, 0xde, 0xbf, 0xf7, 0xdd, 0xd6, 0x78, 0x5b, 0xf6, 0x21, 0xf9, 0x6b, 0xff, 0xff, 0xff, 0xff,
  0xdf, 0xff, 0xbd, 0xce, 0x97, 0x3a, 0xf9, 0x6b, 0xff, 0xff, 0xff, 0xff, 0xff, 0xff, 0xff, 0xff, 0x9a, 0x84, 0xd9, 0x6b, 0xff, 0xff, 0xf7, 0x4a, 0xd5, 0x21, 0x79, 0x7c, 0x9d, 0xce, 0xd5, 0x21,
  0xd5, 0x21, 0xd5, 0x21, 0xd5, 0x21, 0xd5, 0x21, 0xd5, 0x21, 0xd5, 0x21, 0xd5, 0x21, 0xd5, 0x21, 0xd5, 0x21, 0xd5, 0x21, 0xd5, 0x21, 0xd5, 0x21, 0xd5, 0x21, 0xd5, 0x21, 0xd5, 0x21, 0xd5, 0x21,
  0xbe, 0x2a, 0xbe, 0x2a, 0xbe, 0x2a, 0xbe, 0x2a, 0xbe, 0x2a, 0xbe, 0x2a, 0xbe, 0x2a, 0xbe, 0x2a, 0x3e, 0x43, 0xde, 0x32, 0x9e, 0x2a, 0x9e, 0x2a, 0x2e, 0x11, 0x24, 0x11, 0x80, 0x08, 0x0c, 0x2b,
  0xdf, 0x77, 0xff, 0x7f, 0xdf, 0x77, 0xdf, 0x77, 0xdf, 0x77, 0xdf, 0x77, 0x59, 0x5e, 0x00, 0x00, 0x00, 0x00, 0x30, 0x3c, 0xff, 0x77, 0xff, 0x77, 0xdf, 0x77, 0x8e, 0x33, 0x00, 0x00, 0x49, 0x22,
  0x4d, 0x33, 0x0c, 0x2b, 0x0c, 0x2b, 0x14, 0x4d, 0xff, 0x77, 0xdf, 0x77, 0x59, 0x5e, 0x00, 0x00, 0x66, 0x19, 0xff, 0x7f, 0xdf, 0x77, 0xdf, 0x77, 0x9e, 0x6f, 0x49, 0x22, 0x00, 0x00, 0x76, 0x55,
  0xff, 0x7f, 0x3d, 0x6f, 0x00, 0x00, 0x82, 0x08, 0xff, 0x7f, 0x3d, 0x6f, 0x00, 0x00, 0x82, 0x08, 0x14, 0x4d, 0x00, 0x00, 0x49, 0x22, 0xdf, 0x77, 0x04, 0x11, 0x82, 0x08, 0xbb, 0x66, 0xd7, 0x55,
  0x00, 0x00, 0x4d, 0x33, 0xff, 0x7f, 0xdf, 0x77, 0xbf, 0x77, 0xdf, 0x77, 0xff, 0x77, 0x1c, 0x6f, 0xa7, 0x19, 0x00, 0x00, 0x8a, 0x22, 0xbb, 0x66, 0xff, 0x77, 0xdf, 0x77, 0xdf, 0x77, 0xdf, 0x77,
  0xdf, 0x77, 0xdf, 0x77, 0xdf, 0x77, 0xdf, 0x77, 0xdf, 0x77, 0xff, 0x77, 0xff, 0x7f, 0xff, 0x77, 0x55, 0x4d, 0xeb, 0x2a, 0xc2, 0x08, 0xe1, 0x08, 0xc1, 0x08, 0x84, 0x08, 0x0b, 0x11, 0xf2, 0x21,
  0x39, 0x2a, 0x7b, 0x2a, 0x7b, 0x2a, 0x7b, 0x2a, 0x7b, 0x2a, 0x7b, 0x2a, 0x5b, 0x2a, 0x5b, 0x2a, 0x7c, 0x2a, 0x16, 0x22, 0x46, 0x21, 0x0d, 0x74, 0xfb, 0xdf, 0x99, 0xd7, 0x99, 0xd7, 0x99, 0xd7,
  0x99, 0xd7, 0x99, 0xd7, 0x99, 0xd7, 0x99, 0xd7, 0x99, 0xd7, 0x99, 0xd7, 0x99, 0xd7, 0x99, 0xd7, 0x99, 0xd7, 0x99, 0xd7, 0x99, 0xd7, 0x99, 0xd7, 0x99, 0xd7, 0x99, 0xd7, 0x99, 0xd7, 0x99, 0xd7,
  0x99, 0xd7, 0x99, 0xd7, 0x99, 0xd7, 0x99, 0xd7, 0x99, 0xd7, 0x99, 0xd7, 0x99, 0xd7, 0x99, 0xd7, 0x99, 0xd7, 0x99, 0xd7, 0x99, 0xd7, 0x99, 0xd7, 0x99, 0xd7, 0x99, 0xd7, 0x99, 0xd7, 0x99, 0xd7,
  0x99, 0xd7, 0x99, 0xd7, 0x99, 0xd7, 0x99, 0xd7, 0x99, 0xd7, 0x99, 0xd7, 0x99, 0xd7, 0x99, 0xd7, 0x99, 0xd7, 0x99, 0xd7, 0x99, 0xd7, 0x99, 0xd7, 0x99, 0xd7, 0x99, 0xd7, 0x99, 0xd7, 0x99, 0xd7,
  0x99, 0xd7, 0x99, 0xd7, 0x99, 0xd7, 0x99, 0xd7, 0x99, 0xd7, 0x99, 0xd7, 0x99, 0xd7, 0x99, 0xd7, 0x99, 0xd7, 0x99, 0xd7, 0x99, 0xd7, 0x99, 0xd7, 0x99, 0xd7, 0x99, 0xd7, 0x99, 0xd7, 0x99, 0xd7,
  0x99, 0xd7, 0x99, 0xd7, 0x99, 0xd7, 0x99, 0xd7, 0x99, 0xd7, 0x99, 0xd7, 0x99, 0xd7, 0x99, 0xd7, 0x99, 0xd7, 0x99, 0xd7, 0x99, 0xd7, 0x99, 0xd7, 0x99, 0xd7, 0x99, 0xd7, 0xfa, 0xdf, 0xfc, 0xe7,
  0xfc, 0xe7, 0xfa, 0xdf, 0x99, 0xd7, 0x99, 0xd7, 0x99, 0xd7, 0x99, 0xd7, 0x99, 0xd7, 0x99, 0xd7, 0x99, 0xd7, 0x99, 0xd7, 0xfa, 0xdf, 0xda, 0xd7, 0x99, 0xd7, 0x99, 0xd7, 0x99, 0xd7, 0x99, 0xd7,
  0x99, 0xd7, 0x99, 0xd7, 0x99, 0xd7, 0xba, 0xd7, 0xba, 0xd7, 0x26, 0x42, 0x0f, 0x11, 0x18, 0x22, 0x18, 0x22, 0x18, 0x22, 0x18, 0x22, 0x18, 0x22, 0x18, 0x22, 0x18, 0x22, 0x17, 0x22, 0x78, 0x32,
  0x58, 0x2a, 0x17, 0x22, 0x17, 0x22, 0x17, 0x22, 0x17, 0x22, 0x17, 0x22, 0x17, 0x22, 0x17, 0x22, 0x17, 0x22, 0x17, 0x22, 0x17, 0x22, 0xd8, 0x19, 0x17, 0x22, 0x17, 0x22, 0x17, 0x22, 0x17, 0x22,
  0x17, 0x22, 0x17, 0x22, 0x17, 0x22, 0x17, 0x22, 0x17, 0x22, 0x17, 0x22, 0x17, 0x22, 0x17, 0x22, 0x17, 0x22, 0x17, 0x22, 0x3a, 0x74, 0x7e, 0xef, 0x97, 0x3a, 0x18, 0x4b, 0xff, 0xff, 0x99, 0x5b,
  0xf6, 0x21, 0xf6, 0x21, 0x5e, 0xe7, 0x7a, 0x7c, 0xf6, 0x21, 0xf6, 0x21, 0xf6, 0x21, 0x57, 0x2a, 0xbf, 0xf7, 0x5d, 0xc6, 0x9a, 0x84, 0xf6, 0x21, 0xf6, 0x21, 0xf8, 0x42, 0xdf, 0xff, 0xf9, 0x6b,
  0xb9, 0x63, 0xdf, 0xff, 0xd7, 0x42, 0xf6, 0x21, 0xf6, 0x21, 0xf6, 0x21, 0xd7, 0x42, 0xdf, 0xf7, 0x9a, 0x84, 0x36, 0x2a, 0x5a, 0x7c, 0xdf, 0xf7, 0xb7, 0x42, 0xf9, 0x6b, 0xbf, 0xf7, 0xf6, 0x21,
  0x97, 0x3a, 0x7e, 0xe7, 0x1b, 0x95, 0xf9, 0x6b, 0xbf, 0xf7, 0xd6, 0x21, 0xd6, 0x21, 0xd6, 0x21, 0xd6, 0x21, 0xd9, 0x6b, 0xdf, 0xf7, 0xdc, 0xb5, 0xd5, 0x21, 0x79, 0x7c, 0x9d, 0xce, 0xd5, 0x21,
  0xd5, 0x21, 0xd5, 0x21, 0xd5, 0x21, 0xd5, 0x21, 0xd5, 0x21, 0xd5, 0x21, 0xd5, 0x21, 0xd5, 0x21, 0xd5, 0x21, 0xd5, 0x21, 0xd5, 0x21, 0xd5, 0x21, 0xd5, 0x21, 0xd5, 0x21, 0xd5, 0x21, 0xd5, 0x21,
  0xbe, 0x2a, 0xbe, 0x2a, 0xbe, 0x2a, 0xbe, 0x2a, 0xbe, 0x2a, 0xbe, 0x2a, 0xbd, 0x2a, 0xbd, 0x2a, 0xba, 0x3a, 0x2a, 0x11, 0x44, 0x11, 0xc1, 0x08, 0x68, 0x22, 0x75, 0x55, 0xff, 0x87, 0xff, 0x7f,
  0xdf, 0x77, 0xdf, 0x77, 0xdf, 0x77, 0xdf, 0x77, 0xdf, 0x77, 0xdf, 0x77, 0xff, 0x77, 0x51, 0x44, 0x00, 0x00, 0x00, 0x00, 0x61, 0x08, 0x9a, 0x66, 0xff, 0x77, 0x2c, 0x2b, 0x00, 0x00, 0x00, 0x00,
  0x00, 0x00, 0x00, 0x00, 0x00, 0x00, 0x92, 0x44, 0xff, 0x77, 0xdf, 0x77, 0x35, 0x4d, 0x00, 0x00, 0xaa, 0x2a, 0xff, 0x7f, 0xdf, 0x77, 0xdf, 0x77, 0x9e, 0x6f, 0x25, 0x11, 0x00, 0x00, 0x9a, 0x66,
  0xff, 0x77, 0x9a, 0x66, 0x00, 0x00, 0x25, 0x11, 0xff, 0x7f, 0x1c, 0x6f, 0x00, 0x00, 0x66, 0x19, 0xff, 0x77, 0x41, 0x00, 0x82, 0x08, 0x18, 0x5e, 0x00, 0x00, 0xc3, 0x08, 0x5d, 0x6f, 0x8e, 0x33,
  0x00, 0x00, 0x55, 0x4d, 0xdf, 0x77, 0xaf, 0x3b, 0x00, 0x00, 0x00, 0x00, 0x04, 0x11, 0xff, 0x7f, 0x59, 0x5e, 0x86, 0x11, 0x00, 0x00, 0x00, 0x00, 0xcf, 0x3b, 0xff, 0x7f, 0xdf, 0x77, 0xdf, 0x77,
  0xdf, 0x77, 0xdf, 0x77, 0xdf, 0x77, 0xdf, 0x77, 0xdf, 0x77, 0xdf, 0x77, 0x7e, 0x6f, 0xb6, 0x55, 0x8e, 0x33, 0x66, 0x19, 0xa2, 0x08, 0x25, 0x11, 0xe4, 0x08, 0x87, 0x08, 0x6f, 0x19, 0x35, 0x2a,
  0x5a, 0x2a, 0x7b, 0x2a, 0x7b, 0x2a, 0x7b, 0x2a, 0x5b, 0x2a, 0x5b, 0x2a, 0x7b, 0x2a, 0x7b, 0x2a, 0x7b, 0x2a, 0x7b, 0x2a, 0x51, 0x11, 0x64, 0x29, 0x96, 0xb6, 0xda, 0xd7, 0xba, 0xd7, 0xba, 0xd7,
  0xba, 0xd7, 0xba, 0xd7, 0xba, 0xd7, 0xba, 0xd7, 0xba, 0xd7, 0xba, 0xd7, 0xba, 0xd7, 0xba, 0xd7, 0xba, 0xd7, 0xba, 0xd7, 0xba, 0xd7, 0xba, 0xd7, 0xba, 0xd7, 0xba, 0xd7, 0xba, 0xd7, 0xba, 0xd7,
  0xba, 0xd7, 0xba, 0xd7, 0xba, 0xd7, 0xba, 0xd7, 0xba, 0xd7, 0xba, 0xd7, 0xba, 0xd7, 0xba, 0xd7, 0xba, 0xd7, 0xba, 0xd7, 0xba, 0xd7, 0xba, 0xd7, 0xba, 0xd7, 0xba, 0xd7, 0xba, 0xd7, 0xba, 0xd7,
  0xba, 0xd7, 0xba, 0xd7, 0xba, 0xd7, 0xba, 0xd7, 0xba, 0xd7, 0xba, 0xd7, 0xba, 0xd7, 0xba, 0xd7, 0xba, 0xd7, 0xba, 0xd7, 0xba, 0xd7, 0xba, 0xd7, 0xba, 0xd7, 0xba, 0xd7, 0xba, 0xd7, 0xba, 0xd7,
  0xba, 0xd7, 0xba, 0xd7, 0xba, 0xd7, 0xba, 0xd7, 0xba, 0xd7, 0xba, 0xd7, 0xba, 0xd7, 0xba, 0xd7, 0xba, 0xd7, 0xba, 0xd7, 0xba, 0xd7, 0xba, 0xd7, 0xba, 0xd7, 0xba, 0xd7, 0xba, 0xd7, 0xba, 0xd7,
  0xba, 0xd7, 0xba, 0xd7, 0xba, 0xd7, 0xba, 0xd7, 0xba, 0xd7, 0xba, 0xd7, 0xba, 0xd7, 0xba, 0xd7, 0xba, 0xd7, 0xba, 0xd7, 0xba, 0xd7, 0xba, 0xd7, 0xba, 0xd7, 0xba, 0xd7, 0xba, 0xd7, 0xba, 0xd7,
  0xba, 0xd7, 0xba, 0xd7, 0xba, 0xd7, 0xba, 0xd7, 0xba, 0xd7, 0xba, 0xd7, 0xba, 0xd7, 0xba, 0xd7, 0xba, 0xd7, 0xba, 0xd7, 0xb9, 0xd7, 0x99, 0xd7, 0x99, 0xd7, 0x99, 0xd7, 0x99, 0xd7, 0x99, 0xd7,
  0x99, 0xd7, 0x99, 0xd7, 0x99, 0xd7, 0xfb, 0xdf, 0xcf, 0x84, 0xeb, 0x31, 0xf5, 0x21, 0x18, 0x22, 0x18, 0x22, 0x18, 0x22, 0x18, 0x22, 0x18, 0x22, 0x17, 0x22, 0x17, 0x22, 0x17, 0x22, 0x78, 0x32,
  0x38, 0x2a, 0x17, 0x22, 0x17, 0x22, 0x17, 0x22, 0x17, 0x22, 0x17, 0x22, 0x17, 0x22, 0x17, 0x22, 0x17, 0x22, 0x17, 0x22, 0xf7, 0x21, 0xf7, 0x21, 0x17, 0x22, 0x17, 0x22, 0x17, 0x22, 0x17, 0x22,
  0x17, 0x22, 0x17, 0x22, 0x17, 0x22, 0x17, 0x22, 0x17, 0x22, 0x17, 0x22, 0x17, 0x22, 0x17, 0x22, 0x17, 0x22, 0x17, 0x22, 0xb9, 0x63, 0xdf, 0xf7, 0x19, 0x6c, 0x37, 0x2a, 0xf6, 0x21, 0xf6, 0x21,
  0xf6, 0x21, 0xf6, 0x21, 0x5e, 0xe7, 0x7a, 0x7c, 0xf6, 0x21, 0xf6, 0x21, 0xf6, 0x21, 0x5a, 0x74, 0x7d, 0xc6, 0x3a, 0x74, 0xdd, 0xd6, 0xf6, 0x21, 0xf6, 0x21, 0xf6, 0x21, 0x5b, 0x9d, 0x1e, 0xdf,
  0xdd, 0xd6, 0x5b, 0x9d, 0xf6, 0x21, 0xf6, 0x21, 0xf6, 0x21, 0xf6, 0x21, 0xfa, 0x8c, 0x3e, 0xe7, 0xf6, 0x21, 0xf6, 0x21, 0xf6, 0x21, 0xfe, 0xde, 0xda, 0x8c, 0xf9, 0x6b, 0xbf, 0xf7, 0xf6, 0x21,
  0x97, 0x3a, 0x7e, 0xe7, 0xda, 0x8c, 0xf9, 0x6b, 0xbf, 0xf7, 0xd6, 0x21, 0xd6, 0x21, 0xd6, 0x21, 0xd6, 0x21, 0xd9, 0x6b, 0x3e, 0xe7, 0x1c, 0xb6, 0xb7, 0x42, 0x79, 0x7c, 0x9d, 0xce, 0xd5, 0x21,
  0xd5, 0x21, 0xd5, 0x21, 0xd5, 0x21, 0xd5, 0x21, 0xd5, 0x21, 0xd5, 0x21, 0xd5, 0x21, 0xd5, 0x21, 0xd5, 0x21, 0xd5, 0x21, 0xd5, 0x21, 0xd5, 0x21, 0xd5, 0x21, 0xd5, 0x21, 0xd5, 0x21, 0xd5, 0x21,
  0xbe, 0x2a, 0xbe, 0x2a, 0xbe, 0x2a, 0xbe, 0x2a, 0xbe, 0x2a, 0xbf, 0x32, 0x4f, 0x19, 0x60, 0x08, 0x00, 0x00, 0xc2, 0x08, 0xd3, 0x4c, 0xff, 0x87, 0xff, 0x7f, 0xff, 0x77, 0xdf, 0x77, 0xdf, 0x77,
  0xdf, 0x77, 0xdf, 0x77, 0xdf, 0x77, 0xdf, 0x77, 0xdf, 0x77, 0xdf, 0x77, 0xdf, 0x77, 0xff, 0x7f, 0xff, 0x87, 0xe7, 0x19, 0x00, 0x00, 0xe7, 0x19, 0xff, 0x7f, 0xc7, 0x19, 0x00, 0x00, 0x7a, 0x5e,
  0xff, 0x87, 0xff, 0x7f, 0xff, 0x7f, 0xff, 0x77, 0xdf, 0x77, 0xbf, 0x77, 0x10, 0x3c, 0x00, 0x00, 0x51, 0x44, 0xff, 0x7f, 0xdf, 0x77, 0xdf, 0x77, 0x7e, 0x6f, 0x00, 0x00, 0x61, 0x08, 0xff, 0x7f,
  0xdf, 0x77, 0x76, 0x55, 0x00, 0x00, 0x49, 0x22, 0xff, 0x7f, 0xf8, 0x55, 0x00, 0x00, 0xe8, 0x19, 0xff, 0x7f, 0xae, 0x33, 0x00, 0x00, 0x29, 0x22, 0x00, 0x00, 0x86, 0x19, 0xff, 0x7f, 0x0c, 0x2b,
  0x00, 0x00, 0x14, 0x4d, 0xff, 0x77, 0x14, 0x4d, 0x4d, 0x33, 0x00, 0x00, 0xcb, 0x2a, 0xff, 0x7f, 0xff, 0x77, 0xff, 0x77, 0xb3, 0x44, 0x00, 0x00, 0x82, 0x08, 0x7a, 0x5e, 0xff, 0x77, 0xdf, 0x77,
  0xdf, 0x77, 0xdf, 0x77, 0xdf, 0x77, 0x3d, 0x6f, 0x51, 0x3c, 0x66, 0x19, 0x20, 0x00, 0x41, 0x08, 0x43, 0x08, 0xaa, 0x08, 0xb3, 0x19, 0x3a, 0x2a, 0x9e, 0x2a, 0x9d, 0x2a, 0xbd, 0x32, 0xfc, 0x3a,
  0x7b, 0x2a, 0x5b, 0x2a, 0x5b, 0x2a, 0x5b, 0x2a, 0x7b, 0x2a, 0x7b, 0x2a, 0x7b, 0x2a, 0x7b, 0x2a, 0x7b, 0x2a, 0x7b, 0x2a, 0x38, 0x2a, 0x4a, 0x19, 0x4a, 0x5b, 0xfa, 0xdf, 0x99, 0xcf, 0x99, 0xcf,
  0x99, 0xcf, 0x99, 0xcf, 0x99, 0xcf, 0x99, 0xcf, 0x99, 0xcf, 0x99, 0xcf, 0x99, 0xcf, 0x99, 0xcf, 0x99, 0xcf, 0x99, 0xcf, 0x99, 0xcf, 0x99, 0xcf, 0x99, 0xcf, 0x99, 0xcf, 0x99, 0xcf, 0x99, 0xcf,
  0x99, 0xcf, 0x99, 0xcf, 0x99, 0xcf, 0x99, 0xcf, 0x99, 0xcf, 0x99, 0xcf, 0x99, 0xcf, 0x99, 0xcf, 0x99, 0xcf, 0x99, 0xcf, 0x99, 0xcf, 0x99, 0xcf, 0x99, 0xcf, 0x99, 0xcf, 0x99, 0xcf, 0x99, 0xcf,
  0x99, 0xcf, 0x99, 0xcf, 0x99, 0xcf, 0x99, 0xcf, 0x99, 0xcf, 0x99, 0xcf, 0x99, 0xcf, 0x99, 0xcf, 0x99, 0xcf, 0x99, 0xcf, 0x99, 0xcf, 0x99, 0xcf, 0x99, 0xcf, 0x99, 0xcf, 0x99, 0xcf, 0x99, 0xcf,
  0x99, 0xcf, 0x99, 0xcf, 0x99, 0xcf, 0x99, 0xcf, 0x99, 0xcf, 0x99, 0xcf, 0x99, 0xcf, 0x99, 0xcf, 0x99, 0xcf, 0x99, 0xcf, 0x99, 0xcf, 0x99, 0xcf, 0x99, 0xcf, 0x99, 0xcf, 0x99, 0xcf, 0x99, 0xcf,
  0x99, 0xcf, 0x99, 0xcf, 0x99, 0xcf, 0x99, 0xcf, 0x99, 0xcf, 0x99, 0xcf, 0x99, 0xcf, 0x99, 0xcf, 0x99, 0xcf, 0x99, 0xcf, 0x99, 0xcf, 0x99, 0xcf, 0x99, 0xcf, 0x99, 0xcf, 0x99, 0xcf, 0x99, 0xcf,
  0x99, 0xcf, 0x99, 0xcf, 0x99, 0xcf, 0x99, 0xcf, 0x99, 0xcf, 0x99, 0xcf, 0x99, 0xcf, 0x99, 0xcf, 0x99, 0xcf, 0x99, 0xcf, 0x99, 0xcf, 0x99, 0xd7, 0x99, 0xd7, 0x99, 0xd7, 0x99, 0xd7, 0x99, 0xd7,
  0x99, 0xd7, 0x99, 0xd7, 0xb9, 0xd7, 0x38, 0xc7, 0x06, 0x3a, 0x50, 0x11, 0x18, 0x22, 0x18, 0x22, 0x18, 0x22, 0x17, 0x22, 0x17, 0x22, 0x17, 0x22, 0x17, 0x22, 0x17, 0x22, 0xf7, 0x21, 0x78, 0x32,
  0x38, 0x2a, 0x17, 0x22, 0x17, 0x22, 0x17, 0x22, 0x17, 0x22, 0x17, 0x22, 0x17, 0x22, 0x17, 0x22, 0xf7, 0x21, 0xf7, 0x21, 0x17, 0x22, 0x17, 0x22, 0xf7, 0x21, 0xf7, 0x21, 0xf7, 0x21, 0xf7, 0x21,
  0xf7, 0x21, 0xf7, 0x21, 0xf7, 0x21, 0xf7, 0x21, 0xf7, 0x21, 0xf7, 0x21, 0xf7, 0x21, 0xf7, 0x21, 0xf7, 0x21, 0xf7, 0x21, 0xf6, 0x21, 0xba, 0x84, 0x7e, 0xef, 0x9f, 0xef, 0x3b, 0x9d, 0xf6, 0x21,
  0xd6, 0x21, 0xd6, 0x21, 0x5e, 0xe7, 0x5a, 0x7c, 0xd6, 0x21, 0xd6, 0x21, 0xd6, 0x21, 0x7d, 0xc6, 0xba, 0x84, 0x77, 0x32, 0xff, 0xff, 0xf8, 0x4a, 0xd6, 0x21, 0xd6, 0x21, 0x37, 0x32, 0x7e, 0xef,
  0x7e, 0xef, 0x36, 0x32, 0xd6, 0x21, 0xd6, 0x21, 0xd6, 0x21, 0xd6, 0x21, 0x7b, 0xa5, 0x7d, 0xce, 0xd6, 0x21, 0xd6, 0x21, 0xd6, 0x21, 0x5d, 0xc6, 0x9b, 0xa5, 0xf9, 0x6b, 0xff, 0xff, 0xff, 0xff,
  0xdf, 0xf7, 0x5d, 0xc6, 0x56, 0x32, 0xf9, 0x6b, 0xff, 0xff, 0xff, 0xff, 0xff, 0xff, 0xff, 0xff, 0xf7, 0x4a, 0xd9, 0x6b, 0x3e, 0xe7, 0x17, 0x53, 0x9b, 0xad, 0x79, 0x7c, 0x9d, 0xce, 0xd5, 0x21,
  0xd5, 0x21, 0xd5, 0x21, 0xd5, 0x21, 0xd5, 0x21, 0xd5, 0x21, 0xd5, 0x21, 0xd5, 0x21, 0xd5, 0x21, 0xd5, 0x21, 0xd5, 0x21, 0xd5, 0x21, 0xd5, 0x21, 0xd5, 0x21, 0xd5, 0x21, 0xd5, 0x21, 0xd5, 0x21,
  0xbe, 0x2a, 0xbe, 0x2a, 0xbe, 0x2a, 0x9e, 0x2a, 0x9e, 0x2a, 0xbe, 0x2a, 0xdf, 0x32, 0xbf, 0x32, 0xb0, 0x21, 0x69, 0x19, 0xc4, 0x08, 0x21, 0x00, 0x29, 0x22, 0x92, 0x44, 0x5d, 0x6f, 0xbf, 0x77,
  0xdf, 0x77, 0xdf, 0x77, 0xdf, 0x77, 0xdf, 0x77, 0xdf, 0x77, 0xdf, 0x77, 0xbf, 0x77, 0xdf, 0x77, 0xff, 0x77, 0xd7, 0x55, 0x00, 0x00, 0x0c, 0x2b, 0xff, 0x7f, 0xa3, 0x08, 0x00, 0x00, 0x9e, 0x6f,
  0xdf, 0x77, 0xbf, 0x77, 0xbf, 0x77, 0xbf, 0x77, 0xdf, 0x77, 0xbf, 0x77, 0x6e, 0x33, 0x00, 0x00, 0xd3, 0x4c, 0xff, 0x77, 0xdf, 0x77, 0xff, 0x77, 0x5d, 0x6f, 0x00, 0x00, 0x04, 0x11, 0xff, 0x7f,
  0xbf, 0x77, 0x51, 0x44, 0x00, 0x00, 0x6e, 0x33, 0xff, 0x7f, 0xd3, 0x4c, 0x00, 0x00, 0xec, 0x2a, 0xff, 0x7f, 0x39, 0x5e, 0x00, 0x00, 0x41, 0x00, 0x00, 0x00, 0xaa, 0x2a, 0xff, 0x77, 0xcf, 0x3b,
  0x00, 0x00, 0x49, 0x22, 0xff, 0x7f, 0xff, 0x77, 0xd7, 0x55, 0x00, 0x00, 0x51, 0x44, 0xff, 0x7f, 0xbf, 0x77, 0xff, 0x77, 0x1c, 0x67, 0x04, 0x11, 0xe4, 0x10, 0x3c, 0x6f, 0xff, 0x77, 0xff, 0x77,
  0x9e, 0x6f, 0xf8, 0x5d, 0x69, 0x22, 0x00, 0x00, 0x82, 0x08, 0x03, 0x00, 0x4f, 0x19, 0x17, 0x22, 0xbf, 0x32, 0x9d, 0x2a, 0x9c, 0x2a, 0x7c, 0x2a, 0x7b, 0x2a, 0x7b, 0x2a, 0x9b, 0x32, 0xdb, 0x3a,
  0x5b, 0x2a, 0x7b, 0x2a, 0x7b, 0x2a, 0x7b, 0x2a, 0x7b, 0x2a, 0x7b, 0x2a, 0x7b, 0x2a, 0x7b, 0x2a, 0x5b, 0x2a, 0x7b, 0x2a, 0x5b, 0x2a, 0xb3, 0x21, 0x61, 0x08, 0xe3, 0x18, 0x44, 0x21, 0x44, 0x21,
  0x44, 0x21, 0x44, 0x21, 0x44, 0x21, 0x44, 0x21, 0x44, 0x21, 0x44, 0x21, 0x44, 0x21, 0x44, 0x21, 0x44, 0x21, 0x44, 0x21, 0x44, 0x21, 0x44, 0x21, 0x44, 0x21, 0x44, 0x21, 0x44, 0x21, 0x44, 0x21,
  0x44, 0x21, 0x44, 0x21, 0x44, 0x21, 0x44, 0x21, 0x44, 0x21, 0x44, 0x21, 0x44, 0x21, 0x44, 0x21, 0x44, 0x21, 0x24, 0x21, 0x24, 0x21, 0x24, 0x21, 0x24, 0x21, 0x24, 0x21, 0x24, 0x21, 0x24, 0x21,
  0x24, 0x21, 0x24, 0x21, 0x24, 0x21, 0x24, 0x21, 0x24, 0x21, 0x24, 0x21, 0x24, 0x21, 0x24, 0x21, 0x24, 0x21, 0x24, 0x21, 0x24, 0x21, 0x24, 0x21, 0x24, 0x21, 0x24, 0x21, 0x24, 0x21, 0x24, 0x21,
  0x24, 0x21, 0x24, 0x21, 0x24, 0x21, 0x24, 0x21, 0x24, 0x21, 0x24, 0x21, 0x24, 0x21, 0x24, 0x21, 0x24, 0x21, 0x24, 0x21, 0x24, 0x21, 0x44, 0x21, 0x44, 0x21, 0x44, 0x21, 0x44, 0x21, 0x44, 0x21,
  0x44, 0x21, 0x44, 0x21, 0x44, 0x21, 0x44, 0x21, 0x44, 0x21, 0x44, 0x21, 0x44, 0x21, 0x44, 0x21, 0x44, 0x21, 0x44, 0x21, 0x44, 0x21, 0x44, 0x21, 0x44, 0x21, 0x44, 0x21, 0x44, 0x21, 0x44, 0x21,
  0x44, 0x21, 0x44, 0x21, 0x44, 0x21, 0x44, 0x21, 0x44, 0x21, 0x44, 0x21, 0x44, 0x21, 0x44, 0x21, 0x44, 0x21, 0x24, 0x21, 0x65, 0x29, 0xc9, 0x4a, 0x6b, 0x5b, 0x4b, 0x5b, 0x4b, 0x5b, 0x4b, 0x5b,
  0x4b, 0x5b, 0x4b, 0x5b, 0x8c, 0x63, 0xe6, 0x31, 0x6d, 0x21, 0xf6, 0x21, 0x18, 0x22, 0x17, 0x22, 0x17, 0x22, 0x18, 0x22, 0x17, 0x22, 0x17, 0x22, 0x17, 0x22, 0x17, 0x22, 0xf7, 0x21, 0x78, 0x32,
  0x37, 0x2a, 0x17, 0x22, 0x17, 0x22, 0x17, 0x22, 0x17, 0x22, 0xf7, 0x21, 0xf7, 0x21, 0xf7, 0x21, 0x17, 0x22, 0x17, 0x22, 0x17, 0x22, 0x17, 0x22, 0x17, 0x22, 0x17, 0x22, 0x17, 0x22, 0x17, 0x22,
  0x17, 0x22, 0x17, 0x22, 0x17, 0x22, 0x17, 0x22, 0x16, 0x22, 0x16, 0x22, 0x16, 0x22, 0x16, 0x22, 0x16, 0x22, 0x16, 0x22, 0x16, 0x22, 0x16, 0x22, 0x16, 0x22, 0xd9, 0x63, 0x9e, 0xef, 0x9a, 0x84,
  0xf6, 0x21, 0xf6, 0x21, 0x5e, 0xe7, 0x7a, 0x7c, 0xf6, 0x21, 0xf6, 0x21, 0x97, 0x3a, 0xff, 0xff, 0xff, 0xff, 0xff, 0xff, 0xff, 0xff, 0x5b, 0x9d, 0xf6, 0x21, 0xf6, 0x21, 0xf6, 0x21, 0xfc, 0xb5,
  0xdc, 0xad, 0xf6, 0x21, 0xf6, 0x21, 0xf6, 0x21, 0xf6, 0x21, 0xf5, 0x21, 0xda, 0x8c, 0x3e, 0xe7, 0xf5, 0x21, 0xf5, 0x21, 0xf5, 0x21, 0x1e, 0xdf, 0xfa, 0x8c, 0xf9, 0x6b, 0xbf, 0xf7, 0xf5, 0x21,
  0xf5, 0x21, 0xf5, 0x21, 0xf5, 0x21, 0xf8, 0x6b, 0xbf, 0xf7, 0xd5, 0x21, 0xd5, 0x21, 0xd5, 0x21, 0xd5, 0x21, 0xd8, 0x6b, 0x3e, 0xe7, 0xd5, 0x21, 0x3c, 0xbe, 0x3a, 0x9d, 0x9d, 0xce, 0xd5, 0x21,
  0xd5, 0x21, 0xd4, 0x21, 0xd4, 0x21, 0xd4, 0x21, 0xd4, 0x21, 0xd4, 0x21, 0xd4, 0x21, 0xd4, 0x21, 0xd4, 0x21, 0xd4, 0x21, 0xd4, 0x21, 0xd4, 0x21, 0xd4, 0x21, 0xd4, 0x21, 0xd4, 0x21, 0xd4, 0x21,
  0xbe, 0x2a, 0x9e, 0x2a, 0x9e, 0x2a, 0xbd, 0x2a, 0xbd, 0x2a, 0xbd, 0x2a, 0xbd, 0x2a, 0x9e, 0x2a, 0x3f, 0x43, 0xdf, 0x32, 0xdf, 0x32, 0xbf, 0x2a, 0x0f, 0x11, 0x06, 0x11, 0x00, 0x00, 0x66, 0x11,
  0x34, 0x4d, 0xdf, 0x77, 0xdf, 0x77, 0xdf, 0x77, 0xdf, 0x77, 0xff, 0x77, 0x2d, 0x33, 0xec, 0x2a, 0x0c, 0x2b, 0x21, 0x00, 0x00, 0x00, 0xbb, 0x66, 0xff, 0x77, 0x00, 0x00, 0x00, 0x00, 0x6e, 0x33,
  0x0c, 0x2b, 0xec, 0x2a, 0xec, 0x2a, 0x34, 0x4d, 0xff, 0x77, 0xbf, 0x77, 0x86, 0x19, 0x00, 0x00, 0x18, 0x5e, 0xff, 0x77, 0xdf, 0x77, 0xdf, 0x77, 0x76, 0x55, 0x00, 0x00, 0x49, 0x22, 0xff, 0x7f,
  0x9e, 0x6f, 0x2d, 0x33, 0x00, 0x00, 0x92, 0x44, 0xff, 0x77, 0xaf, 0x3b, 0x00, 0x00, 0xf0, 0x3b, 0xff, 0x7f, 0x5d, 0x6f, 0x86, 0x19, 0x00, 0x00, 0x21, 0x00, 0x10, 0x3c, 0xff, 0x7f, 0x3d, 0x6f,
  0x62, 0x08, 0x00, 0x00, 0xc7, 0x19, 0x0c, 0x2b, 0x86, 0x19, 0x62, 0x08, 0x14, 0x4d, 0x39, 0x5e, 0xab, 0x2a, 0xcb, 0x2a, 0x65, 0x11, 0x00, 0x00, 0xaf, 0x33, 0xff, 0x7f, 0xff, 0x77, 0xdb, 0x66,
  0x6a, 0x22, 0x00, 0x00, 0x42, 0x00, 0xa9, 0x08, 0xf6, 0x21, 0xbf, 0x32, 0x9d, 0x2a, 0x7c, 0x2a, 0x7b, 0x2a, 0x7b, 0x2a, 0x7b, 0x2a, 0x7b, 0x2a, 0x5b, 0x2a, 0x5b, 0x2a, 0x9b, 0x32, 0xdb, 0x3a,
  0x5b, 0x2a, 0x7b, 0x2a, 0x7b, 0x2a, 0x7b, 0x2a, 0x7b, 0x2a, 0x5b, 0x2a, 0x5b, 0x2a, 0x7b, 0x2a, 0x5b, 0x2a, 0x5b, 0x2a, 0x5b, 0x2a, 0x5a, 0x2a, 0x18, 0x22, 0xd5, 0x19, 0xd6, 0x19, 0xd6, 0x19,
  0xd6, 0x19, 0xd5, 0x19, 0xf6, 0x21, 0x16, 0x2a, 0xf6, 0x21, 0xb5, 0x19, 0xb5, 0x19, 0xb5, 0x19, 0xb5, 0x19, 0xb5, 0x19, 0xb5, 0x19, 0xb5, 0x19, 0xb5, 0x19, 0xb5, 0x19, 0xb5, 0x19, 0xb5, 0x19,
  0xb5, 0x19, 0xb5, 0x19, 0xb5, 0x19, 0xb5, 0x19, 0xb5, 0x19, 0xb5, 0x19, 0xb5, 0x19, 0xb5, 0x19, 0x93, 0x19, 0x4f, 0x19, 0x4e, 0x19, 0x0e, 0x11, 0x0e, 0x11, 0x0e, 0x11, 0x0e, 0x11, 0x0e, 0x11,
  0x0e, 0x11, 0x0e, 0x11, 0x0e, 0x11, 0x0e, 0x11, 0x0e, 0x11, 0x0e, 0x11, 0x0e, 0x11, 0x0e, 0x11, 0x0e, 0x11, 0x0e, 0x11, 0x0e, 0x11, 0x0e, 0x11, 0x0e, 0x11, 0x0d, 0x11, 0x2e, 0x11, 0x4e, 0x19,
  0x2d, 0x11, 0x0d, 0x11, 0x0d, 0x11, 0x0d, 0x11, 0x0d, 0x11, 0x0d, 0x11, 0x0d, 0x11, 0x0d, 0x11, 0x0d, 0x11, 0x0d, 0x11, 0x0d, 0x11, 0x51, 0x19, 0xb4, 0x19, 0x94, 0x19, 0x94, 0x19, 0x94, 0x19,
  0x94, 0x19, 0x94, 0x19, 0x94, 0x19, 0xd4, 0x21, 0xf4, 0x29, 0xb4, 0x19, 0x94, 0x19, 0x94, 0x19, 0x94, 0x19, 0x94, 0x19, 0x94, 0x19, 0x94, 0x19, 0x94, 0x19, 0x94, 0x19, 0x94, 0x19, 0x94, 0x19,
  0x94, 0x19, 0x94, 0x19, 0x94, 0x19, 0x93, 0x19, 0x93, 0x19, 0x93, 0x19, 0x93, 0x19, 0x93, 0x19, 0x93, 0x19, 0xb4, 0x21, 0xd4, 0x21, 0x73, 0x19, 0x52, 0x11, 0x52, 0x11, 0x52, 0x11, 0x52, 0x11,
  0x52, 0x11, 0x52, 0x11, 0x52, 0x11, 0x72, 0x19, 0xf7, 0x21, 0x18, 0x22, 0x17, 0x22, 0x17, 0x22, 0x17, 0x22, 0x17, 0x22, 0x17, 0x22, 0x17, 0x22, 0x17, 0x22, 0x17, 0x22, 0xf7, 0x21, 0x78, 0x32,
  0x37, 0x2a, 0x17, 0x22, 0x17, 0x22, 0xf7, 0x21, 0xf7, 0x21, 0x17, 0x22, 0x17, 0x22, 0x17, 0x22, 0x17, 0x22, 0x17, 0x22, 0x17, 0x22, 0x17, 0x22, 0x17, 0x22, 0x17, 0x22, 0x17, 0x22, 0x17, 0x22,
  0x17, 0x22, 0x17, 0x22, 0x17, 0x22, 0x17, 0x22, 0x16, 0x22, 0x16, 0x22, 0x16, 0x22, 0xf6, 0x21, 0xf6, 0x21, 0xf6, 0x21, 0x1b, 0x95, 0xfd, 0xd6, 0xb7, 0x3a, 0x97, 0x3a, 0x5e, 0xe7, 0xda, 0x8c,
  0xf6, 0x21, 0xf6, 0x21, 0x5e, 0xe7, 0x7a, 0x7c, 0xf6, 0x21, 0xf6, 0x21, 0xba, 0x8c, 0x9d, 0xce, 0xf6, 0x21, 0xf6, 0x21, 0x39, 0x74, 0x5e, 0xe7, 0xf6, 0x21, 0xf6, 0x21, 0xf6, 0x21, 0xdc, 0xb5,
  0xdc, 0xad, 0xd6, 0x21, 0xd6, 0x21, 0xd6, 0x21, 0xd6, 0x21, 0xd5, 0x21, 0xb7, 0x42, 0xdf, 0xf7, 0x9a, 0x84, 0x36, 0x2a, 0x79, 0x7c, 0xdf, 0xf7, 0xb6, 0x42, 0xf9, 0x6b, 0xbf, 0xf7, 0xd5, 0x21,
  0xd5, 0x21, 0xd5, 0x21, 0xd5, 0x21, 0xf8, 0x6b, 0xbf, 0xf7, 0xd5, 0x21, 0xd5, 0x21, 0xd5, 0x21, 0xd5, 0x21, 0xd8, 0x6b, 0x3e, 0xe7, 0xd5, 0x21, 0x57, 0x5b, 0xbf, 0xf7, 0x9d, 0xce, 0xb5, 0x21,
  0xb5, 0x21, 0xb4, 0x21, 0xb4, 0x21, 0xb4, 0x21, 0xb4, 0x21, 0xb4, 0x21, 0xb4, 0x21, 0xb4, 0x21, 0xb4, 0x21, 0xb4, 0x21, 0xb4, 0x21, 0xb4, 0x21, 0xb4, 0x21, 0xb4, 0x21, 0xd5, 0x21, 0xb4, 0x21,
  0x9e, 0x2a, 0xbd, 0x2a, 0xbd, 0x2a, 0xbe, 0x2a, 0xbd, 0x2a, 0xbd, 0x2a, 0xbd, 0x2a, 0x9d, 0x2a, 0x1e, 0x43, 0xbd, 0x32, 0x9d, 0x2a, 0x9d, 0x2a, 0xbf, 0x32, 0xdf, 0x32, 0xbe, 0x2a, 0x2f, 0x11,
  0x82, 0x08, 0x21, 0x00, 0x55, 0x4d, 0xdf, 0x77, 0xff, 0x77, 0xff, 0x77, 0x86, 0x19, 0x00, 0x00, 0x00, 0x00, 0xe8, 0x19, 0x38, 0x5e, 0xff, 0x7f, 0x9a, 0x5e, 0x00, 0x00, 0x21, 0x00, 0x00, 0x00,
  0x00, 0x00, 0x00, 0x00, 0x00, 0x00, 0xd7, 0x55, 0xff, 0x77, 0x9e, 0x6f, 0x62, 0x08, 0xcb, 0x2a, 0xff, 0x7f, 0xdf, 0x77, 0xdf, 0x77, 0xbe, 0x77, 0xf0, 0x3b, 0x21, 0x00, 0x39, 0x5e, 0xff, 0x77,
  0x7e, 0x6f, 0x6a, 0x22, 0x62, 0x08, 0xbb, 0x66, 0xbf, 0x77, 0x6e, 0x33, 0x21, 0x00, 0x14, 0x4d, 0xff, 0x77, 0x9e, 0x6f, 0x31, 0x3c, 0x00, 0x00, 0xa3, 0x08, 0x34, 0x4d, 0xff, 0x77, 0xdf, 0x77,
  0xbb, 0x66, 0x29, 0x22, 0x00, 0x00, 0x00, 0x00, 0x61, 0x08, 0xcf, 0x3b, 0xbb, 0x66, 0x51, 0x3c, 0x00, 0x00, 0x00, 0x00, 0x82, 0x08, 0xb3, 0x44, 0xff, 0x7f, 0xdf, 0x77, 0xd7, 0x55, 0x20, 0x00,
  0x20, 0x00, 0x23, 0x00, 0xd5, 0x21, 0xbe, 0x32, 0x7c, 0x2a, 0x7b, 0x2a, 0x7b, 0x2a, 0x7b, 0x2a, 0x7b, 0x2a, 0x7b, 0x2a, 0x5b, 0x2a, 0x5b, 0x2a, 0x7b, 0x2a, 0x5b, 0x2a, 0x9b, 0x32, 0xdb, 0x3a,
  0x5b, 0x2a, 0x7b, 0x2a, 0x7b, 0x2a, 0x5b, 0x2a, 0x7b, 0x2a, 0x5b, 0x2a, 0x5b, 0x2a, 0x5b, 0x2a, 0x5a, 0x2a, 0x5a, 0x2a, 0x5a, 0x2a, 0x5b, 0x2a, 0x7b, 0x2a, 0x7b, 0x2a, 0x7b, 0x2a, 0x7b, 0x2a,
  0x7b, 0x2a, 0x5b, 0x2a, 0x7b, 0x2a, 0xdb, 0x3a, 0xbb, 0x32, 0x5b, 0x2a, 0x7b, 0x2a, 0x7b, 0x2a, 0x5b, 0x2a, 0x7b, 0x2a, 0x5b, 0x2a, 0x5b, 0x2a, 0x5b, 0x2a, 0x5b, 0x2a, 0x5b, 0x2a, 0x5b, 0x2a,
  0x5b, 0x2a, 0x5b, 0x2a, 0x5b, 0x2a, 0x5a, 0x2a, 0x5a, 0x2a, 0x5a, 0x2a, 0x5a, 0x2a, 0x5a, 0x2a, 0x7b, 0x2a, 0xbb, 0x3a, 0xbb, 0x3a, 0x5b, 0x2a, 0x5b, 0x2a, 0x5b, 0x2a, 0x5b, 0x2a, 0x5b, 0x2a,
  0x5b, 0x2a, 0x5b, 0x2a, 0x5b, 0x2a, 0x5b, 0x2a, 0x5b, 0x2a, 0x5b, 0x2a, 0x5b, 0x2a, 0x5b, 0x2a, 0x5b, 0x2a, 0x5b, 0x2a, 0x5b, 0x2a, 0x5a, 0x2a, 0x5b, 0x2a, 0x5b, 0x2a, 0x7a, 0x32, 0xbb, 0x3a,
  0x7a, 0x2a, 0x5a, 0x2a, 0x5a, 0x2a, 0x5a, 0x2a, 0x5a, 0x2a, 0x5a, 0x2a, 0x5a, 0x2a, 0x5a, 0x2a, 0x5a, 0x2a, 0x5a, 0x2a, 0x5a, 0x2a, 0x3a, 0x2a, 0x39, 0x2a, 0x39, 0x2a, 0x39, 0x2a, 0x39, 0x2a,
  0x39, 0x2a, 0x39, 0x2a, 0x39, 0x22, 0x79, 0x32, 0x99, 0x32, 0x59, 0x2a, 0x39, 0x2a, 0x39, 0x2a, 0x39, 0x2a, 0x39, 0x2a, 0x39, 0x2a, 0x39, 0x2a, 0x39, 0x2a, 0x39, 0x2a, 0x39, 0x2a, 0x39, 0x2a,
  0x39, 0x22, 0x39, 0x22, 0x39, 0x22, 0x39, 0x22, 0x39, 0x22, 0x39, 0x22, 0x39, 0x22, 0x39, 0x22, 0x19, 0x22, 0x59, 0x32, 0x99, 0x32, 0x39, 0x2a, 0x18, 0x22, 0x18, 0x22, 0x18, 0x22, 0x18, 0x22,
  0x18, 0x22, 0x18, 0x22, 0x18, 0x22, 0x18, 0x22, 0x18, 0x22, 0x17, 0x22, 0x17, 0x22, 0x17, 0x22, 0x17, 0x22, 0x17, 0x22, 0x17, 0x22, 0x17, 0x22, 0x17, 0x22, 0x17, 0x22, 0xf7, 0x21, 0x78, 0x32,
  0x37, 0x2a, 0x17, 0x22, 0xf7, 0x21, 0x17, 0x22, 0x17, 0x22, 0x17, 0x22, 0x17, 0x22, 0x17, 0x22, 0x17, 0x22, 0x17, 0x22, 0xf7, 0x21, 0x17, 0x22, 0x17, 0x22, 0x17, 0x22, 0x17, 0x22, 0x17, 0x22,
  0x17, 0x22, 0x17, 0x22, 0x17, 0x22, 0x17, 0x22, 0x16, 0x22, 0x16, 0x22, 0x16, 0x22, 0x16, 0x22, 0x16, 0x22, 0x16, 0x22, 0x57, 0x2a, 0x1c, 0xb6, 0x9f, 0xf7, 0xbf, 0xf7, 0x1c, 0xbe, 0x57, 0x2a,
  0xf6, 0x21, 0xf6, 0x21, 0x5e, 0xe7, 0x7a, 0x7c, 0xf6, 0x21, 0xf6, 0x21, 0xfd, 0xd6, 0xfb, 0x94, 0xf6, 0x21, 0xf6, 0x21, 0x97, 0x3a, 0xff, 0xff, 0xb8, 0x63, 0xf6, 0x21, 0xf6, 0x21, 0xfc, 0xb5,
  0xdc, 0xad, 0xf6, 0x21, 0xf6, 0x21, 0xf6, 0x21, 0xf6, 0x21, 0xf5, 0x21, 0xf5, 0x21, 0x78, 0x5b, 0xdd, 0xd6, 0xbf, 0xf7, 0xdd, 0xd6, 0x98, 0x63, 0xf5, 0x21, 0xf9, 0x6b, 0xbf, 0xf7, 0xf5, 0x21,
  0xf5, 0x21, 0xf5, 0x21, 0xf5, 0x21, 0xf8, 0x6b, 0xff, 0xff, 0xff, 0xff, 0xff, 0xff, 0xff, 0xff, 0x5b, 0x9d, 0xd8, 0x6b, 0x3e, 0xe7, 0xd5, 0x21, 0xd5, 0x21, 0x9d, 0xce, 0x9d, 0xce, 0xd5, 0x21,
  0xd5, 0x21, 0xd4, 0x21, 0xd4, 0x21, 0xd4, 0x21, 0xd4, 0x21, 0xd4, 0x21, 0xd4, 0x21, 0xd4, 0x21, 0xd4, 0x21, 0xd4, 0x21, 0xd4, 0x21, 0xd4, 0x21, 0xd4, 0x21, 0xd4, 0x21, 0xb5, 0x21, 0xd4, 0x21,
  0xbd, 0x2a, 0xbd, 0x2a, 0xbd, 0x2a, 0xbd, 0x2a, 0xbd, 0x2a, 0x9d, 0x2a, 0xbd, 0x2a, 0x9d, 0x2a, 0x1d, 0x43, 0xbd, 0x32, 0x9d, 0x2a, 0x9d, 0x2a, 0x9d, 0x2a, 0x9d, 0x2a, 0x9d, 0x2a, 0xbf, 0x32,
  0xdf, 0x32, 0x50, 0x19, 0x40, 0x08, 0x49, 0x22, 0xff, 0x7f, 0xdf, 0x77, 0xff, 0x7f, 0xff, 0x7f, 0xff, 0x7f, 0xff, 0x7f, 0xff, 0x77, 0xdf, 0x77, 0xff, 0x77, 0xff, 0x7f, 0xff, 0x7f, 0xff, 0x7f,
  0xff, 0x7f, 0xff, 0x7f, 0xff, 0x7f, 0xff, 0x77, 0xdf, 0x77, 0xdf, 0x77, 0xff, 0x7f, 0xff, 0x7f, 0xdf, 0x77, 0xdf, 0x77, 0xdf, 0x77, 0xdf, 0x77, 0xff, 0x77, 0xff, 0x7f, 0xff, 0x77, 0xdf, 0x77,
  0xdf, 0x77, 0xff, 0x7f, 0xff, 0x7f, 0xff, 0x77, 0xdf, 0x77, 0xff, 0x7f, 0xff, 0x7f, 0xff, 0x77, 0xdf, 0x77, 0xdf, 0x77, 0xff, 0x7f, 0xff, 0x7f, 0xff, 0x7f, 0xff, 0x77, 0xdf, 0x77, 0xdf, 0x77,
  0xff, 0x77, 0xff, 0x7f, 0xff, 0x7f, 0xff, 0x7f, 0xff, 0x7f, 0xff, 0x7f, 0xff, 0x77, 0xff, 0x77, 0xff, 0x7f, 0xff, 0x7f, 0xff, 0x7f, 0xff, 0x77, 0xff, 0x77, 0xfc, 0x66, 0x08, 0x22, 0x61, 0x08,
  0x44, 0x08, 0x38, 0x22, 0x9d, 0x2a, 0x7b, 0x2a, 0x7b, 0x2a, 0x7b, 0x2a, 0x7b, 0x2a, 0x5b, 0x2a, 0x5b, 0x2a, 0x5b, 0x2a, 0x7b, 0x2a, 0x7b, 0x2a, 0x7b, 0x2a, 0x5b, 0x2a, 0x9b, 0x32, 0xdb, 0x3a,
  0x5b, 0x2a, 0x5b, 0x2a, 0x7b, 0x2a, 0x5b, 0x2a, 0x5b, 0x2a, 0x5b, 0x2a, 0x5a, 0x2a, 0x5a, 0x2a, 0x5b, 0x2a, 0x5a, 0x2a, 0x5a, 0x2a, 0x5b, 0x2a, 0x5a, 0x2a, 0x5a, 0x2a, 0x5a, 0x2a, 0x5a, 0x2a,
  0x5a, 0x2a, 0x5a, 0x2a, 0x7a, 0x2a, 0xbb, 0x3a, 0x9b, 0x32, 0x5a, 0x2a, 0x5a, 0x2a, 0x5a, 0x2a, 0x5a, 0x2a, 0x5a, 0x2a, 0x5a, 0x2a, 0x5a, 0x2a, 0x5a, 0x2a, 0x5a, 0x2a, 0x5a, 0x2a, 0x5a, 0x2a,
  0x5a, 0x2a, 0x5a, 0x2a, 0x5a, 0x2a, 0x3a, 0x2a, 0x3a, 0x2a, 0x3a, 0x2a, 0x5a, 0x2a, 0x3a, 0x2a, 0x5a, 0x2a, 0x9a, 0x32, 0x9a, 0x32, 0x39, 0x22, 0x5a, 0x2a, 0x39, 0x2a, 0x5a, 0x2a, 0x39, 0x2a,
  0x39, 0x2a, 0x39, 0x2a, 0x39, 0x2a, 0x39, 0x2a, 0x39, 0x2a, 0x39, 0x2a, 0x39, 0x2a, 0x39, 0x2a, 0x39, 0x2a, 0x39, 0x2a, 0x39, 0x2a, 0x39, 0x2a, 0x39, 0x2a, 0x39, 0x2a, 0x59, 0x2a, 0x99, 0x32,
  0x59, 0x2a, 0x39, 0x2a, 0x39, 0x2a, 0x39, 0x22, 0x39, 0x22, 0x39, 0x2a, 0x39, 0x2a, 0x39, 0x2a, 0x39, 0x2a, 0x39, 0x2a, 0x39, 0x2a, 0x39, 0x2a, 0x38, 0x2a, 0x38, 0x2a, 0x39, 0x2a, 0x38, 0x2a,
  0x38, 0x2a, 0x38, 0x2a, 0x18, 0x22, 0x79, 0x32, 0x99, 0x32, 0x38, 0x2a, 0x18, 0x22, 0x38, 0x2a, 0x38, 0x2a, 0x38, 0x2a, 0x38, 0x2a, 0x18, 0x22, 0x18, 0x22, 0x38, 0x2a, 0x18, 0x22, 0x18, 0x22,
  0x18, 0x22, 0x18, 0x22, 0x18, 0x22, 0x18, 0x22, 0x18, 0x22, 0x18, 0x22, 0x18, 0x22, 0x18, 0x22, 0x18, 0x22, 0x58, 0x2a, 0x78, 0x32, 0x38, 0x2a, 0x18, 0x22, 0x18, 0x22, 0x18, 0x22, 0x17, 0x22,
  0x17, 0x22, 0x17, 0x22, 0x17, 0x22, 0x17, 0x22, 0x17, 0x22, 0x17, 0x22, 0x17, 0x22, 0x17, 0x22, 0x17, 0x22, 0x17, 0x22, 0x17, 0x22, 0x17, 0x22, 0x17, 0x22, 0x17, 0x22, 0xf7, 0x21, 0x58, 0x32,
  0x37, 0x2a, 0x17, 0x22, 0xf7, 0x21, 0x17, 0x22, 0x17, 0x22, 0x17, 0x22, 0x17, 0x22, 0xf7, 0x21, 0xf7, 0x21, 0x17, 0x22, 0xf7, 0x21, 0xf7, 0x21, 0x17, 0x22, 0x17, 0x22, 0x17, 0x22, 0x17, 0x22,
  0x17, 0x22, 0x17, 0x22, 0x17, 0x22, 0x17, 0x22, 0x16, 0x22, 0x16, 0x22, 0x16, 0x22, 0x16, 0x22, 0x16, 0x22, 0x16, 0x22, 0x16, 0x22, 0x16, 0x22, 0x16, 0x22, 0xf6, 0x21, 0xf6, 0x21, 0xf6, 0x21,
  0xf6, 0x21, 0xf6, 0x21, 0xf6, 0x21, 0xf6, 0x21, 0xf6, 0x21, 0xf6, 0x21, 0xf6, 0x21, 0xf6, 0x21, 0xf6, 0x21, 0xf6, 0x21, 0xf6, 0x21, 0xf6, 0x21, 0xf6, 0x21, 0xf6, 0x21, 0xf6, 0x21, 0xf6, 0x21,
  0xf6, 0x21, 0xf6, 0x21, 0xf6, 0x21, 0xf6, 0x21, 0xf6, 0x21, 0xf5, 0x21, 0xf5, 0x21, 0xf5, 0x21, 0xf5, 0x21, 0xf5, 0x21, 0xf5, 0x21, 0xf5, 0x21, 0xf5, 0x21, 0xf5, 0x21, 0xf5, 0x21, 0xf5, 0x21,
  0xf5, 0x21, 0xf5, 0x21, 0xf5, 0x21, 0xd5, 0x21, 0xd5, 0x21, 0xd5, 0x21, 0xd5, 0x21, 0xd5, 0x21, 0xd5, 0x21, 0xd5, 0x21, 0xd5, 0x21, 0xd5, 0x21, 0xd5, 0x21, 0xd5, 0x21, 0xd5, 0x21, 0xd5, 0x21,
  0xd5, 0x21, 0xd4, 0x21, 0xd4, 0x21, 0xd4, 0x21, 0xd4, 0x21, 0xd4, 0x21, 0xd4, 0x21, 0xd4, 0x21, 0xd4, 0x21, 0xd4, 0x21, 0xd4, 0x21, 0xd4, 0x21, 0xd4, 0x21, 0xd4, 0x21, 0xd4, 0x21, 0xd4, 0x21,
  0xbd, 0x2a, 0xbd, 0x2a, 0x9d, 0x2a, 0x9d, 0x2a, 0xbd, 0x2a, 0x9d, 0x2a, 0x9d, 0x2a, 0x9d, 0x2a, 0x1d, 0x43, 0xbd, 0x2a, 0x9d, 0x2a, 0x9d, 0x2a, 0x9d, 0x2a, 0x9d, 0x2a, 0x9d, 0x2a, 0x9d, 0x2a,
  0x9d, 0x2a, 0xbf, 0x32, 0x71, 0x19, 0x03, 0x11, 0x7a, 0x5e, 0xff, 0x77, 0xdf, 0x77, 0xdf, 0x77, 0xdf, 0x77, 0xdf, 0x77, 0xdf, 0x77, 0xdf, 0x77, 0xdf, 0x77, 0xdf, 0x77, 0xdf, 0x77, 0xdf, 0x77,
  0xdf, 0x77, 0xdf, 0x77, 0xdf, 0x77, 0xdf, 0x77, 0xdf, 0x77, 0xdf, 0x77, 0xdf, 0x77, 0xdf, 0x77, 0xdf, 0x77, 0xdf, 0x77, 0xdf, 0x77, 0xdf, 0x77, 0xdf, 0x77, 0xdf, 0x77, 0xdf, 0x77, 0xdf, 0x77,
  0xdf, 0x77, 0xdf, 0x77, 0xdf, 0x77, 0xdf, 0x77, 0xdf, 0x77, 0xdf, 0x77, 0xdf, 0x77, 0xdf, 0x77, 0xdf, 0x77, 0xdf, 0x77, 0xdf, 0x77, 0xdf, 0x77, 0xdf, 0x77, 0xdf, 0x77, 0xdf, 0x77, 0xdf, 0x77,
  0xdf, 0x77, 0xdf, 0x77, 0xdf, 0x77, 0xdf, 0x77, 0xdf, 0x77, 0xdf, 0x77, 0xdf, 0x77, 0xdf, 0x77, 0xdf, 0x77, 0xdf, 0x77, 0xdf, 0x77, 0xdf, 0x77, 0xff, 0x77, 0x7a, 0x5e, 0x00, 0x00, 0x00, 0x00,
  0xea, 0x10, 0xbe, 0x32, 0x7b, 0x2a, 0x7b, 0x2a, 0x7b, 0x2a, 0x5b, 0x2a, 0x5b, 0x2a, 0x7b, 0x2a, 0x7b, 0x2a, 0x7b, 0x2a, 0x7b, 0x2a, 0x7b, 0x2a, 0x7b, 0x2a, 0x5b, 0x2a, 0x9b, 0x32, 0xdb, 0x3a,
  0x5b, 0x2a, 0x5b, 0x2a, 0x5b, 0x2a, 0x5a, 0x2a, 0x5a, 0x2a, 0x5a, 0x2a, 0x5b, 0x2a, 0x5a, 0x2a, 0x5b, 0x2a, 0x5a, 0x2a, 0x5a, 0x2a, 0x5a, 0x2a, 0x5a, 0x2a, 0x5a, 0x2a, 0x5a, 0x2a, 0x5a, 0x2a,
  0x5a, 0x2a, 0x5a, 0x2a, 0x7a, 0x2a, 0xba, 0x3a, 0x9a, 0x32, 0x3a, 0x2a, 0x5a, 0x2a, 0x5a, 0x2a, 0x5a, 0x2a, 0x5a, 0x2a, 0x5a, 0x2a, 0x5a, 0x2a, 0x5a, 0x2a, 0x5a, 0x2a, 0x5a, 0x2a, 0x5a, 0x2a,
  0x5a, 0x2a, 0x3a, 0x2a, 0x3a, 0x2a, 0x5a, 0x2a, 0x5a, 0x2a, 0x5a, 0x2a, 0x5a, 0x2a, 0x39, 0x2a, 0x5a, 0x2a, 0x9a, 0x32, 0x9a, 0x32, 0x39, 0x22, 0x5a, 0x2a, 0x39, 0x2a, 0x39, 0x2a, 0x39, 0x2a,
  0x39, 0x2a, 0x39, 0x2a, 0x39, 0x2a, 0x39, 0x2a, 0x39, 0x2a, 0x39, 0x2a, 0x39, 0x2a, 0x39, 0x2a, 0x39, 0x2a, 0x39, 0x2a, 0x39, 0x2a, 0x39, 0x2a, 0x39, 0x2a, 0x39, 0x2a, 0x59, 0x2a, 0x99, 0x32,
  0x59, 0x2a, 0x39, 0x22, 0x39, 0x22, 0x39, 0x2a, 0x39, 0x2a, 0x39, 0x2a, 0x39, 0x2a, 0x39, 0x2a, 0x39, 0x2a, 0x38, 0x2a, 0x38, 0x2a, 0x38, 0x2a, 0x38, 0x2a, 0x38, 0x2a, 0x38, 0x2a, 0x18, 0x2a,
  0x18, 0x2a, 0x18, 0x2a, 0x18, 0x22, 0x79, 0x32, 0x99, 0x32, 0x38, 0x2a, 0x18, 0x22, 0x38, 0x2a, 0x38, 0x2a, 0x18, 0x22, 0x38, 0x2a, 0x18, 0x22, 0x18, 0x22, 0x18, 0x22, 0x18, 0x22, 0x18, 0x22,
  0x18, 0x22, 0x18, 0x22, 0x18, 0x22, 0x18, 0x22, 0x18, 0x22, 0x18, 0x22, 0x18, 0x22, 0x18, 0x22, 0x18, 0x22, 0x58, 0x2a, 0x78, 0x32, 0x38, 0x2a, 0x18, 0x22, 0x17, 0x22, 0x17, 0x22, 0x18, 0x22,
  0x17, 0x22, 0x17, 0x22, 0x17, 0x22, 0x17, 0x22, 0x17, 0x22, 0x17, 0x22, 0x17, 0x22, 0x17, 0x22, 0x17, 0x22, 0x17, 0x22, 0x17, 0x22, 0x17, 0x22, 0xf7, 0x21, 0xf7, 0x21, 0xf7, 0x21, 0x58, 0x32,
  0x37, 0x2a, 0x17, 0x22, 0xf7, 0x21, 0x17, 0x22, 0x17, 0x22, 0xf7, 0x21, 0x17, 0x22, 0xf7, 0x21, 0xf7, 0x21, 0xf7, 0x21, 0xf7, 0x21, 0xf7, 0x21, 0xf7, 0x21, 0xf7, 0x21, 0xf7, 0x21, 0xf7, 0x21,
  0xf7, 0x21, 0xf7, 0x21, 0xf7, 0x21, 0xf7, 0x21, 0xf6, 0x21, 0xf6, 0x21, 0xf6, 0x21, 0xf6, 0x21, 0xf6, 0x21, 0xf6, 0x21, 0xf6, 0x21, 0xf6, 0x21, 0xf6, 0x21, 0xf6, 0x21, 0xf6, 0x21, 0xd6, 0x21,
  0xd6, 0x21, 0xd6, 0x21, 0xd6, 0x21, 0xd6, 0x21, 0xd6, 0x21, 0xd6, 0x21, 0xd6, 0x21, 0xd6, 0x21, 0xd6, 0x21, 0xd6, 0x21, 0xd6, 0x21, 0xd6, 0x21, 0xd6, 0x21, 0xd6, 0x21, 0xd6, 0x21, 0xd6, 0x21,
  0xd6, 0x21, 0xd6, 0x21, 0xd6, 0x21, 0xd6, 0x21, 0xd6, 0x21, 0xd5, 0x21, 0xd5, 0x21, 0xd5, 0x21, 0xd5, 0x21, 0xd5, 0x21, 0xd5, 0x21, 0xd5, 0x21, 0xd5, 0x21, 0xd5, 0x21, 0xd5, 0x21, 0xd5, 0x21,
  0xd5, 0x21, 0xd5, 0x21, 0xd5, 0x21, 0xd5, 0x21, 0xd5, 0x21, 0xd5, 0x21, 0xd5, 0x21, 0xd5, 0x21, 0xd5, 0x21, 0xd5, 0x21, 0xd5, 0x21, 0xd5, 0x21, 0xd5, 0x21, 0xd5, 0x21, 0xd5, 0x21, 0xd5, 0x21,
  0xd5, 0x21, 0xd4, 0x21, 0xd4, 0x21, 0xd4, 0x21, 0xd4, 0x21, 0xd4, 0x21, 0xd4, 0x21, 0xd4, 0x21, 0xd4, 0x21, 0xd4, 0x21, 0xd4, 0x21, 0xd4, 0x21, 0xd4, 0x21, 0xd4, 0x21, 0xd4, 0x21, 0xd4, 0x21,
  0x9d, 0x2a, 0xbd, 0x2a, 0x9d, 0x2a, 0x9d, 0x2a, 0x9d, 0x2a, 0x9d, 0x2a, 0x9d, 0x2a, 0x9d, 0x2a, 0x1d, 0x43, 0xbd, 0x2a, 0x9d, 0x2a, 0x9d, 0x2a, 0x9d, 0x2a, 0x9d, 0x2a, 0x9d, 0x2a, 0x9d, 0x2a,
  0x9d, 0x2a, 0x9d, 0x2a, 0x7c, 0x2a, 0xe6, 0x19, 0x92, 0x44, 0xff, 0x77, 0xdf, 0x77, 0xdf, 0x77, 0xdf, 0x77, 0xdf, 0x77, 0xdf, 0x77, 0xdf, 0x77, 0xdf, 0x77, 0xdf, 0x77, 0xdf, 0x77, 0xdf, 0x77,
  0xdf, 0x77, 0xdf, 0x77, 0xdf, 0x77, 0xdf, 0x77, 0xdf, 0x77, 0xdf, 0x77, 0xdf, 0x77, 0xdf, 0x77, 0xdf, 0x77, 0xdf, 0x77, 0xdf, 0x77, 0xdf, 0x77, 0xdf, 0x77, 0xdf, 0x77, 0xdf, 0x77, 0xdf, 0x77,
  0xdf, 0x77, 0xdf, 0x77, 0xdf, 0x77, 0xdf, 0x77, 0xdf, 0x77, 0xdf, 0x77, 0xdf, 0x77, 0xdf, 0x77, 0xdf, 0x77, 0xdf, 0x77, 0xdf, 0x77, 0xdf, 0x77, 0xdf, 0x77, 0xdf, 0x77, 0xdf, 0x77, 0xdf, 0x77,
  0xdf, 0x77, 0xdf, 0x77, 0xdf, 0x77, 0xdf, 0x77, 0xdf, 0x77, 0xdf, 0x77, 0xdf, 0x77, 0xdf, 0x77, 0xdf, 0x77, 0xdf, 0x77, 0xdf, 0x77, 0xdf, 0x77, 0xff, 0x77, 0x7a, 0x5e, 0x00, 0x00, 0x00, 0x00,
  0xc9, 0x10, 0x9d, 0x2a, 0x5b, 0x2a, 0x5b, 0x2a, 0x5b, 0x2a, 0x7b, 0x2a, 0x7b, 0x2a, 0x7b, 0x2a, 0x7b, 0x2a, 0x7b, 0x2a, 0x7b, 0x2a, 0x7b, 0x2a, 0x5b, 0x2a, 0x5b, 0x2a, 0x7b, 0x32, 0xdb, 0x3a,
  0x5b, 0x2a, 0x5a, 0x2a, 0x5a, 0x2a, 0x5b, 0x2a, 0x5a, 0x2a, 0x5a, 0x2a, 0x5b, 0x2a, 0x5a, 0x2a, 0x5a, 0x2a, 0x5a, 0x2a, 0x5a, 0x2a, 0x5a, 0x2a, 0x5a, 0x2a, 0x5a, 0x2a, 0x5a, 0x2a, 0x5a, 0x2a,
  0x5a, 0x2a, 0x5a, 0x2a, 0x7a, 0x2a, 0xba, 0x3a, 0x9a, 0x32, 0x5a, 0x2a, 0x5a, 0x2a, 0x5a, 0x2a, 0x5a, 0x2a, 0x5a, 0x2a, 0x5a, 0x2a, 0x5a, 0x2a, 0x5a, 0x2a, 0x5a, 0x2a, 0x5a, 0x2a, 0x3a, 0x2a,
  0x3a, 0x2a, 0x5a, 0x2a, 0x5a, 0x2a, 0x5a, 0x2a, 0x59, 0x2a, 0x59, 0x2a, 0x59, 0x2a, 0x39, 0x2a, 0x5a, 0x2a, 0x9a, 0x32, 0x9a, 0x32, 0x39, 0x22, 0x39, 0x2a, 0x39, 0x2a, 0x39, 0x2a, 0x39, 0x2a,
  0x39, 0x2a, 0x39, 0x2a, 0x39, 0x2a, 0x39, 0x2a, 0x39, 0x2a, 0x39, 0x2a, 0x39, 0x2a, 0x39, 0x2a, 0x39, 0x2a, 0x39, 0x2a, 0x39, 0x2a, 0x39, 0x2a, 0x39, 0x2a, 0x39, 0x2a, 0x59, 0x2a, 0x99, 0x32,
  0x59, 0x2a, 0x39, 0x22, 0x39, 0x2a, 0x39, 0x2a, 0x39, 0x2a, 0x39, 0x2a, 0x39, 0x2a, 0x38, 0x2a, 0x38, 0x2a, 0x39, 0x2a, 0x38, 0x2a, 0x38, 0x2a, 0x38, 0x2a, 0x18, 0x2a, 0x18, 0x2a, 0x38, 0x2a,
  0x38, 0x2a, 0x38, 0x2a, 0x18, 0x22, 0x79, 0x32, 0x99, 0x32, 0x38, 0x2a, 0x18, 0x22, 0x18, 0x22, 0x38, 0x2a, 0x18, 0x22, 0x18, 0x22, 0x18, 0x22, 0x18, 0x22, 0x18, 0x22, 0x18, 0x22, 0x18, 0x22,
  0x18, 0x22, 0x18, 0x22, 0x18, 0x22, 0x18, 0x22, 0x18, 0x22, 0x18, 0x22, 0x18, 0x22, 0x18, 0x22, 0x18, 0x22, 0x58, 0x2a, 0x78, 0x32, 0x38, 0x2a, 0x17, 0x22, 0x17, 0x22, 0x17, 0x22, 0x17, 0x22,
  0x17, 0x22, 0x17, 0x22, 0x17, 0x22, 0x17, 0x22, 0x17, 0x22, 0x17, 0x22, 0x17, 0x22, 0x17, 0x22, 0x17, 0x22, 0xf7, 0x21, 0xf7, 0x21, 0xf7, 0x21, 0x17, 0x22, 0x17, 0x22, 0xf7, 0x21, 0x57, 0x32,
  0x37, 0x2a, 0x17, 0x22, 0xf7, 0x21, 0xf7, 0x21, 0x17, 0x22, 0xf7, 0x21, 0xf7, 0x21, 0xf7, 0x21, 0xf7, 0x21, 0xf7, 0x21, 0xf7, 0x21, 0xf6, 0x21, 0xf7, 0x21, 0xf7, 0x21, 0xf7, 0x21, 0xf7, 0x21,
  0xf7, 0x21, 0xf7, 0x21, 0xf7, 0x21, 0xf7, 0x21, 0xd6, 0x21, 0xd6, 0x21, 0xd6, 0x21, 0xd6, 0x21, 0xd6, 0x21, 0xd6, 0x21, 0xd6, 0x21, 0xd6, 0x21, 0xd6, 0x21, 0xd6, 0x21, 0xd6, 0x21, 0xd6, 0x21,
  0xd6, 0x21, 0xd6, 0x21, 0xd6, 0x21, 0xd6, 0x21, 0xd6, 0x21, 0xd6, 0x21, 0xd6, 0x21, 0xd6, 0x21, 0xd6, 0x21, 0xd6, 0x21, 0xd6, 0x21, 0xd6, 0x21, 0xd6, 0x21, 0xd6, 0x21, 0xd6, 0x21, 0xd6, 0x21,
  0xd6, 0x21, 0xd6, 0x21, 0xd6, 0x21, 0xd6, 0x21, 0xd6, 0x21, 0xd5, 0x21, 0xd5, 0x21, 0xd5, 0x21, 0xd5, 0x21, 0xd5, 0x21, 0xd5, 0x21, 0xd5, 0x21, 0xd5, 0x21, 0xd5, 0x21, 0xd5, 0x21, 0xb5, 0x21,
  0xb5, 0x21, 0xb5, 0x21, 0xb5, 0x21, 0xb5, 0x21, 0xb5, 0x21, 0xb5, 0x21, 0xb5, 0x21, 0xb5, 0x21, 0xb5, 0x21, 0xb5, 0x21, 0xb5, 0x21, 0xb5, 0x21, 0xb5, 0x21, 0xb5, 0x21, 0xb5, 0x21, 0xb5, 0x21,
  0xb5, 0x21, 0xb4, 0x21, 0xb4, 0x21, 0xb4, 0x21, 0xb4, 0x21, 0xb4, 0x21, 0xb4, 0x21, 0xb4, 0x21, 0xb4, 0x21, 0xb4, 0x21, 0xb4, 0x21, 0xb4, 0x21, 0xb4, 0x21, 0xb4, 0x21, 0xb4, 0x21, 0xb4, 0x21,
  0x9d, 0x2a, 0x9d, 0x2a, 0x9d, 0x2a, 0x9d, 0x2a, 0x9d, 0x2a, 0x9d, 0x2a, 0x9d, 0x2a, 0x9d, 0x2a, 0x1d, 0x43, 0xbd, 0x2a, 0x9d, 0x2a, 0x9d, 0x2a, 0x9d, 0x2a, 0x9d, 0x2a, 0x9d, 0x2a, 0x9d, 0x2a,
  0x9d, 0x2a, 0x9d, 0x2a, 0xc9, 0x10, 0xe3, 0x10, 0xff, 0x7f, 0xdf, 0x77, 0xbf, 0x77, 0x9e, 0x6f, 0x9e, 0x6f, 0x7d, 0x6f, 0x5d, 0x6f, 0x7d, 0x6f, 0x7d, 0x6f, 0x7d, 0x6f, 0x5d, 0x6f, 0x5d, 0x6f,
  0x7e, 0x6f, 0x9e, 0x6f, 0xbf, 0x77, 0xff, 0x77, 0xdf, 0x77, 0xdf, 0x77, 0xdf, 0x77, 0xdf, 0x77, 0xdf, 0x77, 0xdf, 0x77, 0xdf, 0x77, 0xdf, 0x77, 0xdf, 0x77, 0xdf, 0x77, 0xdf, 0x77, 0xdf, 0x77,
  0xdf, 0x77, 0xdf, 0x77, 0xdf, 0x77, 0xdf, 0x77, 0xdf, 0x77, 0xdf, 0x77, 0xdf, 0x77, 0xdf, 0x77, 0xdf, 0x77, 0xdf, 0x77, 0xdf, 0x77, 0xdf, 0x77, 0xdf, 0x77, 0xdf, 0x77, 0xdf, 0x77, 0xdf, 0x77,
  0xdf, 0x77, 0xff, 0x77, 0xbf, 0x77, 0x9e, 0x6f, 0x9e, 0x6f, 0x7e, 0x6f, 0x7d, 0x6f, 0x7e, 0x6f, 0x7e, 0x6f, 0xbf, 0x77, 0x9e, 0x6f, 0xbf, 0x77, 0xff, 0x77, 0x9a, 0x66, 0x41, 0x00, 0x00, 0x00,
  0x44, 0x08, 0x39, 0x2a, 0x7c, 0x2a, 0x7b, 0x2a, 0x7b, 0x2a, 0x7b, 0x2a, 0x7b, 0x2a, 0x7b, 0x2a, 0x7b, 0x2a, 0x5b, 0x2a, 0x5b, 0x2a, 0x7b, 0x2a, 0x5b, 0x2a, 0x5b, 0x2a, 0x7b, 0x32, 0xdb, 0x3a,
  0x5a, 0x2a, 0x5b, 0x2a, 0x5a, 0x2a, 0x5b, 0x2a, 0x5a, 0x2a, 0x5a, 0x2a, 0x5a, 0x2a, 0x5a, 0x2a, 0x5a, 0x2a, 0x5a, 0x2a, 0x5a, 0x2a, 0x5a, 0x2a, 0x5a, 0x2a, 0x5a, 0x2a, 0x5a, 0x2a, 0x5a, 0x2a,
  0x5a, 0x2a, 0x5a, 0x2a, 0x7a, 0x2a, 0xba, 0x3a, 0x9a, 0x32, 0x5a, 0x2a, 0x5a, 0x2a, 0x5a, 0x2a, 0x5a, 0x2a, 0x5a, 0x2a, 0x5a, 0x2a, 0x5a, 0x2a, 0x3a, 0x2a, 0x3a, 0x2a, 0x3a, 0x2a, 0x5a, 0x2a,
  0x5a, 0x2a, 0x5a, 0x2a, 0x59, 0x2a, 0x59, 0x2a, 0x5a, 0x2a, 0x39, 0x2a, 0x39, 0x2a, 0x39, 0x2a, 0x59, 0x2a, 0x9a, 0x32, 0x9a, 0x32, 0x39, 0x22, 0x39, 0x2a, 0x39, 0x2a, 0x39, 0x2a, 0x39, 0x2a,
  0x39, 0x2a, 0x39, 0x2a, 0x39, 0x2a, 0x39, 0x2a, 0x39, 0x2a, 0x39, 0x2a, 0x39, 0x2a, 0x39, 0x2a, 0x39, 0x2a, 0x39, 0x2a, 0x39, 0x2a, 0x39, 0x2a, 0x39, 0x2a, 0x39, 0x22, 0x59, 0x2a, 0x99, 0x32,
  0x59, 0x2a, 0x39, 0x22, 0x39, 0x2a, 0x39, 0x2a, 0x38, 0x2a, 0x38, 0x2a, 0x38, 0x2a, 0x38, 0x2a, 0x38, 0x2a, 0x38, 0x2a, 0x18, 0x2a, 0x18, 0x2a, 0x18, 0x2a, 0x38, 0x2a, 0x38, 0x2a, 0x38, 0x2a,
  0x38, 0x2a, 0x38, 0x2a, 0x18, 0x22, 0x79, 0x32, 0x99, 0x32, 0x38, 0x2a, 0x18, 0x22, 0x18, 0x22, 0x18, 0x22, 0x18, 0x22, 0x18, 0x22, 0x18, 0x22, 0x18, 0x22, 0x18, 0x22, 0x18, 0x22, 0x18, 0x22,
  0x18, 0x22, 0x18, 0x22, 0x18, 0x22, 0x18, 0x22, 0x18, 0x22, 0x18, 0x22, 0x18, 0x22, 0x18, 0x22, 0x17, 0x22, 0x58, 0x2a, 0x78, 0x32, 0x38, 0x2a, 0x17, 0x22, 0x17, 0x22, 0x17, 0x22, 0x17, 0x22,
  0x17, 0x22, 0x17, 0x22, 0x17, 0x22, 0x17, 0x22, 0x17, 0x22, 0x17, 0x22, 0x17, 0x22, 0xf7, 0x21, 0xf7, 0x21, 0x17, 0x22, 0x17, 0x22, 0x17, 0x22, 0x17, 0x22, 0x17, 0x22, 0xf7, 0x21, 0x57, 0x32,
  0x37, 0x2a, 0x17, 0x22, 0xf7, 0x21, 0xf7, 0x21, 0xf7, 0x21, 0xf7, 0x21, 0xf7, 0x21, 0xf7, 0x21, 0xf6, 0x21, 0xf6, 0x21, 0xf6, 0x21, 0xf7, 0x21, 0xf6, 0x21, 0xf6, 0x21, 0xf6, 0x21, 0xf6, 0x21,
  0xf6, 0x21, 0xf6, 0x21, 0xf6, 0x21, 0xf6, 0x21, 0xd6, 0x21, 0xd6, 0x21, 0xd6, 0x21, 0xd6, 0x21, 0xd6, 0x21, 0xd6, 0x21, 0xd6, 0x21, 0xd6, 0x21, 0xd6, 0x21, 0xd6, 0x21, 0xd6, 0x21, 0xd5, 0x21,
  0xd5, 0x21, 0xd5, 0x21, 0xd5, 0x21, 0xd5, 0x21, 0xd5, 0x21, 0xd5, 0x21, 0xd5, 0x21, 0xd5, 0x21, 0xd5, 0x21, 0xd5, 0x21, 0xd5, 0x21, 0xd5, 0x21, 0xd5, 0x21, 0xd5, 0x21, 0xd5, 0x21, 0xd5, 0x21,
  0xd5, 0x21, 0xd5, 0x21, 0xd5, 0x21, 0xd5, 0x21, 0xd5, 0x21, 0xd5, 0x21, 0xd5, 0x21, 0xd5, 0x21, 0xd5, 0x21, 0xd5, 0x21, 0xd5, 0x21, 0xd5, 0x21, 0xd5, 0x21, 0xd5, 0x21, 0xd5, 0x21, 0xb5, 0x21,
  0xb5, 0x21, 0xb5, 0x21, 0xb5, 0x21, 0xb5, 0x21, 0xb5, 0x21, 0xb5, 0x21, 0xb5, 0x21, 0xb5, 0x21, 0xb5, 0x21, 0xb5, 0x21, 0xb4, 0x21, 0xb4, 0x21, 0xb4, 0x21, 0xb4, 0x21, 0xb4, 0x21, 0xb4, 0x21,
  0xb4, 0x21, 0xb4, 0x21, 0xb4, 0x21, 0xb4, 0x21, 0xb4, 0x21, 0xb4, 0x21, 0xb4, 0x21, 0xb4, 0x21, 0xb4, 0x21, 0xb4, 0x21, 0xb4, 0x21, 0xb4, 0x21, 0xb4, 0x21, 0xb4, 0x21, 0xb4, 0x21, 0xb4, 0x21,
  0x9d, 0x2a, 0x9d, 0x2a, 0x9d, 0x2a, 0x9d, 0x2a, 0x9d, 0x2a, 0x9d, 0x2a, 0x9d, 0x2a, 0x9d, 0x2a, 0x1d, 0x43, 0xbd, 0x2a, 0x9d, 0x2a, 0x9d, 0x2a, 0x9d, 0x2a, 0x9d, 0x2a, 0x9d, 0x2a, 0x9d, 0x2a,
  0x9c, 0x2a, 0x70, 0x19, 0xa0, 0x08, 0x4d, 0x33, 0x38, 0x5e, 0x55, 0x4d, 0x31, 0x44, 0x2d, 0x33, 0x4d, 0x33, 0x46, 0x11, 0xc4, 0x08, 0xc4, 0x08, 0xc4, 0x08, 0xc4, 0x08, 0xc4, 0x10, 0xc4, 0x08,
  0x86, 0x19, 0x6d, 0x33, 0xf4, 0x4c, 0x9e, 0x6f, 0x9e, 0x6f, 0xdf, 0x77, 0xdf, 0x77, 0xdf, 0x77, 0xdf, 0x77, 0xdf, 0x77, 0xdf, 0x77, 0xdf, 0x77, 0xdf, 0x77, 0xff, 0x77, 0xff, 0x77, 0xbf, 0x77,
  0xbf, 0x77, 0xbf, 0x77, 0xbf, 0x77, 0xbf, 0x77, 0xbf, 0x77, 0xdf, 0x77, 0xff, 0x77, 0xdf, 0x77, 0xdf, 0x77, 0xdf, 0x77, 0xdf, 0x77, 0xdf, 0x77, 0xdf, 0x77, 0xdf, 0x77, 0xdf, 0x77, 0xdf, 0x77,
  0x9e, 0x6f, 0x3c, 0x6f, 0x75, 0x4d, 0x8e, 0x33, 0xeb, 0x2a, 0x24, 0x11, 0xa3, 0x08, 0xa3, 0x08, 0x44, 0x11, 0x4d, 0x33, 0x4d, 0x33, 0x10, 0x3c, 0x96, 0x55, 0xb6, 0x55, 0x2d, 0x33, 0x61, 0x08,
  0x00, 0x00, 0xeb, 0x10, 0x7c, 0x2a, 0x7b, 0x2a, 0x7b, 0x2a, 0x7b, 0x2a, 0x7b, 0x2a, 0x5b, 0x2a, 0x7b, 0x2a, 0x5b, 0x2a, 0x5b, 0x2a, 0x5b, 0x2a, 0x5a, 0x2a, 0x5a, 0x2a, 0x7b, 0x32, 0xdb, 0x3a,
  0x5a, 0x2a, 0x5b, 0x2a, 0x5a, 0x2a, 0x5a, 0x2a, 0x5a, 0x2a, 0x5a, 0x2a, 0x5a, 0x2a, 0x5a, 0x2a, 0x5a, 0x2a, 0x5a, 0x2a, 0x5a, 0x2a, 0x5a, 0x2a, 0x5a, 0x2a, 0x5a, 0x2a, 0x5a, 0x2a, 0x5a, 0x2a,
  0x5a, 0x2a, 0x5a, 0x2a, 0x7a, 0x2a, 0xba, 0x3a, 0x9a, 0x32, 0x5a, 0x2a, 0x5a, 0x2a, 0x5a, 0x2a, 0x5a, 0x2a, 0x5a, 0x2a, 0x3a, 0x2a, 0x3a, 0x2a, 0x5a, 0x2a, 0x5a, 0x2a, 0x5a, 0x2a, 0x59, 0x2a,
  0x59, 0x2a, 0x59, 0x2a, 0x5a, 0x2a, 0x39, 0x2a, 0x5a, 0x2a, 0x39, 0x2a, 0x39, 0x2a, 0x39, 0x2a, 0x59, 0x2a, 0x9a, 0x32, 0x9a, 0x32, 0x39, 0x22, 0x39, 0x2a, 0x39, 0x2a, 0x39, 0x2a, 0x39, 0x2a,
  0x39, 0x2a, 0x39, 0x2a, 0x39, 0x2a, 0x39, 0x2a, 0x39, 0x2a, 0x39, 0x2a, 0x39, 0x2a, 0x39, 0x2a, 0x39, 0x2a, 0x39, 0x2a, 0x39, 0x22, 0x39, 0x22, 0x39, 0x22, 0x39, 0x22, 0x59, 0x2a, 0x99, 0x32,
  0x59, 0x2a, 0x39, 0x22, 0x38, 0x2a, 0x38, 0x2a, 0x39, 0x2a, 0x38, 0x2a, 0x38, 0x2a, 0x38, 0x2a, 0x18, 0x2a, 0x18, 0x2a, 0x38, 0x2a, 0x38, 0x2a, 0x38, 0x2a, 0x38, 0x2a, 0x38, 0x2a, 0x38, 0x2a,
  0x38, 0x2a, 0x18, 0x22, 0x18, 0x22, 0x79, 0x32, 0x79, 0x32, 0x38, 0x2a, 0x18, 0x22, 0x18, 0x22, 0x18, 0x22, 0x18, 0x22, 0x18, 0x22, 0x18, 0x22, 0x18, 0x22, 0x18, 0x22, 0x18, 0x22, 0x18, 0x22,
  0x18, 0x22, 0x18, 0x22, 0x18, 0x22, 0x18, 0x22, 0x18, 0x22, 0x17, 0x22, 0x17, 0x22, 0x17, 0x22, 0xf7, 0x21, 0x58, 0x2a, 0x78, 0x32, 0x37, 0x2a, 0x17, 0x22, 0x17, 0x22, 0x17, 0x22, 0x17, 0x22,
  0x17, 0x22, 0x17, 0x22, 0x17, 0x22, 0x17, 0x22, 0xf7, 0x21, 0xf7, 0x21, 0xf7, 0x21, 0x17, 0x22, 0x17, 0x22, 0x17, 0x22, 0x17, 0x22, 0x17, 0x22, 0x17, 0x22, 0xf7, 0x21, 0xf7, 0x21, 0x57, 0x32,
  0x37, 0x2a, 0xf7, 0x21, 0xf7, 0x21, 0xf7, 0x21, 0xf7, 0x21, 0xf7, 0x21, 0xf6, 0x21, 0xf6, 0x21, 0xf7, 0x21, 0xf6, 0x21, 0xf6, 0x21, 0xf7, 0x21, 0xf6, 0x21, 0xf6, 0x21, 0xf6, 0x21, 0xf6, 0x21,
  0xf6, 0x21, 0xf6, 0x21, 0xf6, 0x21, 0xf6, 0x21, 0xd6, 0x21, 0xd5, 0x21, 0xd4, 0x21, 0xd4, 0x21, 0xd4, 0x21, 0xf4, 0x29, 0xd4, 0x21, 0xd6, 0x21, 0xd6, 0x21, 0xd5, 0x21, 0xd4, 0x29, 0xd4, 0x21,
  0xd4, 0x21, 0xd4, 0x21, 0xd4, 0x21, 0xd4, 0x29, 0xd5, 0x21, 0xd3, 0x21, 0xd3, 0x21, 0xd4, 0x21, 0xd4, 0x21, 0xd4, 0x21, 0xf4, 0x29, 0xd5, 0x21, 0xd5, 0x21, 0xd5, 0x21, 0xd4, 0x29, 0xd3, 0x21,
  0xd3, 0x21, 0xd3, 0x21, 0xd3, 0x21, 0xd3, 0x29, 0xd5, 0x21, 0xd5, 0x21, 0xb5, 0x21, 0xd3, 0x29, 0xd3, 0x21, 0xd3, 0x21, 0xd3, 0x21, 0xb3, 0x21, 0xd3, 0x21, 0xd5, 0x21, 0xb4, 0x21, 0xd3, 0x29,
  0xd4, 0x29, 0xb5, 0x21, 0xb5, 0x21, 0xb5, 0x21, 0xb5, 0x21, 0xd3, 0x29, 0xd4, 0x21, 0xb4, 0x21, 0xb3, 0x21, 0xb3, 0x21, 0xd3, 0x29, 0xb3, 0x29, 0xb3, 0x21, 0xb3, 0x21, 0xb3, 0x21, 0xb3, 0x21,
  0xd3, 0x29, 0xd4, 0x21, 0xb4, 0x21, 0xb4, 0x21, 0xb4, 0x21, 0xb3, 0x21, 0xb3, 0x29, 0xb4, 0x21, 0xb4, 0x21, 0xb4, 0x21, 0xb4, 0x21, 0xb4, 0x21, 0xb4, 0x21, 0xb4, 0x21, 0xb4, 0x21, 0xb4, 0x21,
  0x9d, 0x2a, 0x9d, 0x2a, 0x9d, 0x2a, 0x9d, 0x2a, 0x9d, 0x2a, 0x9d, 0x2a, 0x9d, 0x2a, 0x9d, 0x2a, 0x1d, 0x43, 0xbd, 0x2a, 0x9d, 0x2a, 0x9d, 0x2a, 0x9d, 0x2a, 0x9d, 0x2a, 0x9d, 0x2a, 0x9d, 0x2a,
  0x70, 0x19, 0x00, 0x00, 0x06, 0x11, 0xe5, 0x10, 0xc6, 0x10, 0xc6, 0x08, 0xe8, 0x10, 0xac, 0x10, 0xcb, 0x10, 0x93, 0x19, 0x18, 0x22, 0xf7, 0x21, 0xf7, 0x21, 0xf7, 0x21, 0x78, 0x32, 0x17, 0x22,
  0xed, 0x10, 0x66, 0x08, 0xa4, 0x08, 0x20, 0x00, 0xaf, 0x33, 0xff, 0x77, 0xdf, 0x77, 0xdf, 0x77, 0xdf, 0x77, 0xff, 0x77, 0xbf, 0x77, 0x9e, 0x6f, 0x5d, 0x6f, 0x5d, 0x6f, 0x1c, 0x6f, 0x14, 0x4d,
  0x35, 0x4d, 0x35, 0x4d, 0x35, 0x4d, 0x34, 0x4d, 0x55, 0x4d, 0x79, 0x5e, 0x5d, 0x6f, 0x7e, 0x6f, 0x9e, 0x77, 0xdf, 0x77, 0xdf, 0x77, 0xdf, 0x77, 0xdf, 0x77, 0xdf, 0x77, 0xbf, 0x77, 0x59, 0x5e,
  0x8a, 0x22, 0x00, 0x00, 0x82, 0x08, 0x22, 0x00, 0x01, 0x00, 0x66, 0x08, 0xa9, 0x08, 0xa7, 0x08, 0x02, 0x00, 0x00, 0x00, 0x01, 0x00, 0x62, 0x08, 0x83, 0x08, 0xa3, 0x08, 0x82, 0x08, 0x00, 0x00,
  0x00, 0x00, 0x01, 0x00, 0x91, 0x19, 0x7c, 0x2a, 0x5b, 0x2a, 0x5b, 0x2a, 0x7b, 0x2a, 0x5b, 0x2a, 0x5b, 0x2a, 0x5b, 0x2a, 0x5a, 0x2a, 0x5a, 0x2a, 0x5b, 0x2a, 0x5a, 0x2a, 0x7b, 0x32, 0xdb, 0x3a,
  0x5a, 0x2a, 0x5a, 0x2a, 0x5a, 0x2a, 0x5a, 0x2a, 0x5a, 0x2a, 0x5a, 0x2a, 0x5a, 0x2a, 0x5a, 0x2a, 0x5a, 0x2a, 0x5a, 0x2a, 0x5a, 0x2a, 0x5a, 0x2a, 0x5a, 0x2a, 0x5a, 0x2a, 0x5a, 0x2a, 0x5a, 0x2a,
  0x5a, 0x2a, 0x5a, 0x2a, 0x7a, 0x2a, 0xba, 0x3a, 0x9a, 0x32, 0x5a, 0x2a, 0x5a, 0x2a, 0x3a, 0x2a, 0x3a, 0x2a, 0x3a, 0x2a, 0x5a, 0x2a, 0x5a, 0x2a, 0x5a, 0x2a, 0x59, 0x2a, 0x59, 0x2a, 0x5a, 0x2a,
  0x39, 0x2a, 0x39, 0x2a, 0x5a, 0x2a, 0x39, 0x2a, 0x39, 0x2a, 0x39, 0x2a, 0x39, 0x2a, 0x39, 0x2a, 0x59, 0x2a, 0x9a, 0x32, 0x9a, 0x32, 0x39, 0x22, 0x39, 0x2a, 0x39, 0x2a, 0x39, 0x2a, 0x39, 0x2a,
  0x39, 0x2a, 0x39, 0x2a, 0x39, 0x2a, 0x39, 0x2a, 0x39, 0x2a, 0x39, 0x2a, 0x39, 0x2a, 0x39, 0x2a, 0x39, 0x22, 0x39, 0x22, 0x39, 0x2a, 0x39, 0x2a, 0x39, 0x2a, 0x39, 0x22, 0x59, 0x2a, 0x99, 0x32,
  0x59, 0x2a, 0x38, 0x22, 0x38, 0x2a, 0x38, 0x2a, 0x38, 0x2a, 0x18, 0x2a, 0x18, 0x2a, 0x18, 0x2a, 0x38, 0x2a, 0x38, 0x2a, 0x38, 0x2a, 0x38, 0x2a, 0x38, 0x2a, 0x38, 0x2a, 0x38, 0x2a, 0x18, 0x22,
  0x38, 0x2a, 0x18, 0x22, 0x18, 0x22, 0x78, 0x32, 0x78, 0x32, 0x38, 0x2a, 0x18, 0x22, 0x18, 0x22, 0x18, 0x22, 0x18, 0x22, 0x18, 0x22, 0x18, 0x22, 0x18, 0x22, 0x18, 0x22, 0x18, 0x22, 0x18, 0x22,
  0x18, 0x22, 0x18, 0x22, 0x18, 0x22, 0x17, 0x22, 0x17, 0x22, 0x18, 0x22, 0x17, 0x22, 0x17, 0x22, 0x17, 0x22, 0x58, 0x2a, 0x78, 0x32, 0x37, 0x2a, 0x17, 0x22, 0x17, 0x22, 0x17, 0x22, 0x17, 0x22,
  0x17, 0x22, 0x17, 0x22, 0xf7, 0x21, 0xf7, 0x21, 0x17, 0x22, 0x17, 0x22, 0x17, 0x22, 0x17, 0x22, 0x17, 0x22, 0x17, 0x22, 0x17, 0x22, 0xf7, 0x21, 0x17, 0x22, 0xf7, 0x21, 0xf7, 0x21, 0x57, 0x32,
  0x37, 0x2a, 0xf7, 0x21, 0xf7, 0x21, 0xf6, 0x21, 0xf6, 0x21, 0xf6, 0x21, 0xf7, 0x21, 0xf6, 0x21, 0xf7, 0x21, 0xf6, 0x21, 0xf6, 0x21, 0xf6, 0x21, 0xf6, 0x21, 0xf6, 0x21, 0xf6, 0x21, 0xf6, 0x21,
  0xf6, 0x21, 0xf6, 0x21, 0xf6, 0x21, 0xf6, 0x21, 0x51, 0x42, 0x68, 0xb4, 0x44, 0xe5, 0x24, 0xdd, 0x24, 0xe5, 0x05, 0xdd, 0xc7, 0xcc, 0x91, 0x4a, 0xd5, 0x21, 0x68, 0xb4, 0x05, 0xdd, 0x04, 0xdd,
  0x24, 0xe5, 0x24, 0xdd, 0x24, 0xe5, 0xa7, 0xc4, 0x8e, 0x4a, 0xe6, 0xcc, 0x04, 0xdd, 0x24, 0xe5, 0x24, 0xe5, 0x04, 0xdd, 0x25, 0xdd, 0xe9, 0x9b, 0xd4, 0x21, 0xcf, 0x5a, 0x26, 0xdd, 0x04, 0xdd,
  0x24, 0xdd, 0x24, 0xe5, 0x04, 0xdd, 0x05, 0xdd, 0x8b, 0x83, 0xd4, 0x21, 0x8b, 0x8b, 0x25, 0xdd, 0x04, 0xdd, 0x24, 0xdd, 0x24, 0xdd, 0x04, 0xe5, 0x45, 0xe5, 0x8e, 0x52, 0x28, 0xac, 0x06, 0xd5,
  0x31, 0x3a, 0xd5, 0x21, 0xd4, 0x21, 0xb5, 0x21, 0x8f, 0x52, 0x46, 0xdd, 0x07, 0xa4, 0x07, 0xac, 0x44, 0xed, 0x05, 0xdd, 0xe5, 0xd4, 0xe5, 0xdc, 0x24, 0xe5, 0x24, 0xe5, 0x05, 0xdd, 0xc5, 0xcc,
  0x06, 0xd5, 0x70, 0x4a, 0xb4, 0x21, 0xd4, 0x29, 0xb4, 0x21, 0xaa, 0x93, 0x27, 0xdd, 0x32, 0x42, 0xb4, 0x21, 0xb4, 0x21, 0xb4, 0x21, 0xb4, 0x21, 0xb4, 0x21, 0xb4, 0x21, 0xb4, 0x21, 0xb4, 0x21,
  0x9d, 0x2a, 0xbd, 0x2a, 0x9d, 0x2a, 0x9d, 0x2a, 0x9d, 0x2a, 0x9d, 0x2a, 0x9d, 0x2a, 0x9d, 0x2a, 0x1d, 0x43, 0xbd, 0x2a, 0x9d, 0x2a, 0x9d, 0x2a, 0x9d, 0x2a, 0x9d, 0x2a, 0x9d, 0x2a, 0x9d, 0x2a,
  0xf6, 0x21, 0x18, 0x22, 0xdf, 0x32, 0xbf, 0x2a, 0xbf, 0x2a, 0xbf, 0x2a, 0xbe, 0x2a, 0xbe, 0x2a, 0xbe, 0x2a, 0x9e, 0x2a, 0x9d, 0x2a, 0x9d, 0x2a, 0x9d, 0x2a, 0x9d, 0x2a, 0x3d, 0x43, 0xbd, 0x32,
  0xbe, 0x2a, 0xbf, 0x32, 0x7c, 0x2a, 0x44, 0x08, 0xa2, 0x08, 0x35, 0x4d, 0xff, 0x7f, 0x9e, 0x77, 0x7d, 0x6f, 0x1c, 0x6f, 0x96, 0x55, 0x6d, 0x33, 0x25, 0x11, 0x22, 0x00, 0x62, 0x08, 0xa4, 0x08,
  0xa4, 0x08, 0xa4, 0x08, 0xa4, 0x08, 0xa4, 0x08, 0x84, 0x08, 0x63, 0x08, 0x41, 0x00, 0xa6, 0x19, 0x30, 0x3c, 0x9a, 0x66, 0x7e, 0x6f, 0xdf, 0x77, 0xff, 0x77, 0xbf, 0x77, 0xd3, 0x44, 0x00, 0x00,
  0x00, 0x00, 0x22, 0x00, 0x2d, 0x11, 0x5a, 0x2a, 0xbe, 0x32, 0x9d, 0x2a, 0x9d, 0x2a, 0x9d, 0x2a, 0xbe, 0x32, 0x1e, 0x43, 0x7c, 0x2a, 0xd6, 0x21, 0xb4, 0x19, 0x2e, 0x11, 0xc9, 0x10, 0x86, 0x08,
  0x22, 0x00, 0x43, 0x08, 0x0c, 0x11, 0x9c, 0x2a, 0x5b, 0x2a, 0x5b, 0x2a, 0x5b, 0x2a, 0x5a, 0x2a, 0x5a, 0x2a, 0x5a, 0x2a, 0x5b, 0x2a, 0x5a, 0x2a, 0x5b, 0x2a, 0x5a, 0x2a, 0x7a, 0x32, 0xdb, 0x3a,
  0x5a, 0x2a, 0x5a, 0x2a, 0x5a, 0x2a, 0x5a, 0x2a, 0x5a, 0x2a, 0x5a, 0x2a, 0x5a, 0x2a, 0x5a, 0x2a, 0x5a, 0x2a, 0x5a, 0x2a, 0x5a, 0x2a, 0x5a, 0x2a, 0x5a, 0x2a, 0x5a, 0x2a, 0x5a, 0x2a, 0x5a, 0x2a,
  0x5a, 0x2a, 0x5a, 0x2a, 0x7a, 0x2a, 0xba, 0x3a, 0x9a, 0x32, 0x3a, 0x2a, 0x3a, 0x2a, 0x5a, 0x2a, 0x5a, 0x2a, 0x5a, 0x2a, 0x5a, 0x2a, 0x59, 0x2a, 0x59, 0x2a, 0x5a, 0x2a, 0x39, 0x2a, 0x5a, 0x2a,
  0x39, 0x2a, 0x39, 0x2a, 0x39, 0x2a, 0x39, 0x2a, 0x39, 0x2a, 0x39, 0x2a, 0x39, 0x2a, 0x39, 0x2a, 0x59, 0x2a, 0x9a, 0x32, 0x9a, 0x32, 0x39, 0x22, 0x39, 0x2a, 0x39, 0x2a, 0x39, 0x2a, 0x39, 0x2a,
  0x39, 0x2a, 0x39, 0x2a, 0x39, 0x2a, 0x39, 0x2a, 0x39, 0x2a, 0x39, 0x22, 0x39, 0x22, 0x39, 0x22, 0x39, 0x2a, 0x39, 0x2a, 0x39, 0x2a, 0x39, 0x2a, 0x39, 0x2a, 0x39, 0x22, 0x59, 0x2a, 0x99, 0x32,
  0x59, 0x2a, 0x38, 0x22, 0x38, 0x2a, 0x18, 0x2a, 0x18, 0x2a, 0x38, 0x2a, 0x38, 0x2a, 0x38, 0x2a, 0x38, 0x2a, 0x38, 0x2a, 0x38, 0x2a, 0x38, 0x2a, 0x18, 0x22, 0x18, 0x22, 0x38, 0x2a, 0x18, 0x22,
  0x18, 0x22, 0x18, 0x22, 0x18, 0x22, 0x78, 0x32, 0x78, 0x32, 0x38, 0x2a, 0x18, 0x22, 0x18, 0x22, 0x18, 0x22, 0x18, 0x22, 0x18, 0x22, 0x18, 0x22, 0x18, 0x22, 0x18, 0x22, 0x18, 0x22, 0x18, 0x22,
  0x17, 0x22, 0x17, 0x22, 0x17, 0x22, 0x17, 0x22, 0x17, 0x22, 0x17, 0x22, 0x17, 0x22, 0x17, 0x22, 0x17, 0x22, 0x58, 0x2a, 0x78, 0x32, 0x37, 0x2a, 0x17, 0x22, 0x17, 0x22, 0x17, 0x22, 0xf7, 0x21,
  0xf7, 0x21, 0xf7, 0x21, 0x17, 0x22, 0x17, 0x22, 0x17, 0x22, 0x17, 0x22, 0x17, 0x22, 0x17, 0x22, 0x17, 0x22, 0xf7, 0x21, 0x17, 0x22, 0xf7, 0x21, 0xf7, 0x21, 0xf7, 0x21, 0xf7, 0x21, 0x57, 0x32,
  0x37, 0x2a, 0xf7, 0x21, 0xf6, 0x21, 0xf7, 0x21, 0xf6, 0x21, 0xf6, 0x21, 0xf7, 0x21, 0xf6, 0x21, 0xf6, 0x21, 0xf6, 0x21, 0xf6, 0x21, 0xf6, 0x21, 0xf6, 0x21, 0xf6, 0x21, 0xf6, 0x21, 0xf6, 0x21,
  0xf6, 0x21, 0xf6, 0x21, 0xf6, 0x21, 0xf5, 0x21, 0xc5, 0xd4, 0xe3, 0xfd, 0xe8, 0xa3, 0xcb, 0x93, 0xca, 0x93, 0xa4, 0xd4, 0x22, 0xfe, 0xab, 0x8b, 0x12, 0x32, 0xc3, 0xfd, 0x42, 0xed, 0x47, 0xb4,
  0x48, 0xb4, 0x27, 0xb4, 0x67, 0xbc, 0x6b, 0x83, 0x2a, 0x7b, 0x02, 0xfe, 0xc4, 0xd4, 0xa9, 0x93, 0xca, 0x93, 0xc7, 0xa3, 0x82, 0xfd, 0xa4, 0xf5, 0xf2, 0x31, 0xe9, 0x9b, 0x02, 0xfe, 0x85, 0xcc,
  0x28, 0xac, 0x28, 0xac, 0x65, 0xbc, 0xc1, 0xfd, 0x04, 0xdd, 0xd2, 0x29, 0xc4, 0xd4, 0xc2, 0xfd, 0x66, 0xbc, 0x27, 0xac, 0x47, 0xb4, 0x47, 0xb4, 0x09, 0x9c, 0x8c, 0x5a, 0x82, 0xfd, 0x63, 0xf5,
  0x30, 0x3a, 0xb5, 0x21, 0xd4, 0x21, 0xb5, 0x21, 0xe8, 0xa3, 0x23, 0xfe, 0x68, 0x8b, 0xc9, 0x9b, 0x47, 0xb4, 0x65, 0xc4, 0xa2, 0xfd, 0x43, 0xf5, 0x27, 0xb4, 0x28, 0xac, 0x65, 0xc4, 0xc2, 0xfd,
  0x43, 0xed, 0xf1, 0x29, 0xb4, 0x21, 0xb4, 0x21, 0x10, 0x3a, 0x43, 0xed, 0xa4, 0xfd, 0x31, 0x42, 0xb4, 0x21, 0xb4, 0x21, 0xb4, 0x21, 0xb4, 0x21, 0xb4, 0x21, 0xb4, 0x21, 0xb4, 0x21, 0xb4, 0x21,
  0x9d, 0x2a, 0x5a, 0x2a, 0x7c, 0x2a, 0x9c, 0x2a, 0xbe, 0x2a, 0x9d, 0x2a, 0x9d, 0x2a, 0x9d, 0x2a, 0x1d, 0x43, 0xbd, 0x2a, 0x9d, 0x2a, 0x9d, 0x2a, 0x9d, 0x2a, 0x9d, 0x2a, 0x9d, 0x2a, 0x9d, 0x2a,
  0x9d, 0x2a, 0x9d, 0x2a, 0x9c, 0x2a, 0x9d, 0x2a, 0x9c, 0x2a, 0x9c, 0x2a, 0x9c, 0x2a, 0x7c, 0x2a, 0x7c, 0x2a, 0x9c, 0x2a, 0x9c, 0x2a, 0x9c, 0x2a, 0x7c, 0x2a, 0x7c, 0x2a, 0x1d, 0x43, 0x9c, 0x32,
  0x7c, 0x2a, 0x9c, 0x2a, 0x9d, 0x2a, 0x3a, 0x2a, 0x00, 0x00, 0xa3, 0x08, 0xbe, 0x77, 0x71, 0x44, 0x86, 0x19, 0x00, 0x00, 0xc4, 0x08, 0x85, 0x08, 0xec, 0x10, 0x93, 0x19, 0x18, 0x22, 0x7d, 0x2a,
  0x9e, 0x2a, 0x9e, 0x2a, 0xde, 0x32, 0x3f, 0x43, 0x7d, 0x2a, 0xf6, 0x21, 0x2e, 0x11, 0x23, 0x00, 0x42, 0x00, 0x41, 0x00, 0x08, 0x1a, 0xd7, 0x55, 0x7e, 0x6f, 0x76, 0x55, 0x00, 0x00, 0x20, 0x00,
  0x65, 0x08, 0x18, 0x22, 0x9d, 0x2a, 0x7b, 0x2a, 0x7b, 0x2a, 0x7b, 0x2a, 0x5b, 0x2a, 0x5b, 0x2a, 0x7b, 0x2a, 0xdb, 0x3a, 0x5b, 0x2a, 0x7c, 0x2a, 0x7c, 0x2a, 0x9c, 0x2a, 0x9d, 0x2a, 0x9d, 0x2a,
  0x9e, 0x2a, 0x9d, 0x2a, 0x7c, 0x2a, 0x5b, 0x2a, 0x5b, 0x2a, 0x5a, 0x2a, 0x5a, 0x2a, 0x5b, 0x2a, 0x5a, 0x2a, 0x5a, 0x2a, 0x5b, 0x2a, 0x5a, 0x2a, 0x5a, 0x2a, 0x5a, 0x2a, 0x7a, 0x32, 0xbb, 0x3a,
  0x5a, 0x2a, 0x5a, 0x2a, 0x5a, 0x2a, 0x5a, 0x2a, 0x5a, 0x2a, 0x5a, 0x2a, 0x5a, 0x2a, 0x5a, 0x2a, 0x5a, 0x2a, 0x5a, 0x2a, 0x5a, 0x2a, 0x5a, 0x2a, 0x5a, 0x2a, 0x5a, 0x2a, 0x5a, 0x2a, 0x5a, 0x2a,
  0x5a, 0x2a, 0x5a, 0x2a, 0x5a, 0x2a, 0xba, 0x3a, 0x9a, 0x32, 0x3a, 0x2a, 0x5a, 0x2a, 0x5a, 0x2a, 0x59, 0x2a, 0x59, 0x2a, 0x59, 0x2a, 0x39, 0x2a, 0x39, 0x2a, 0x5a, 0x2a, 0x39, 0x2a, 0x39, 0x2a,
  0x39, 0x2a, 0x39, 0x2a, 0x39, 0x2a, 0x39, 0x2a, 0x39, 0x2a, 0x39, 0x2a, 0x39, 0x2a, 0x39, 0x2a, 0x59, 0x2a, 0x9a, 0x32, 0x79, 0x32, 0x39, 0x22, 0x39, 0x2a, 0x39, 0x2a, 0x39, 0x2a, 0x39, 0x2a,
  0x39, 0x2a, 0x39, 0x2a, 0x39, 0x2a, 0x39, 0x22, 0x39, 0x22, 0x39, 0x2a, 0x39, 0x2a, 0x39, 0x2a, 0x39, 0x2a, 0x39, 0x2a, 0x39, 0x2a, 0x39, 0x2a, 0x38, 0x2a, 0x38, 0x22, 0x59, 0x2a, 0x99, 0x32,
  0x38, 0x2a, 0x18, 0x22, 0x18, 0x2a, 0x38, 0x2a, 0x38, 0x2a, 0x38, 0x2a, 0x38, 0x2a, 0x38, 0x2a, 0x38, 0x2a, 0x38, 0x2a, 0x18, 0x22, 0x38, 0x2a, 0x18, 0x22, 0x18, 0x22, 0x18, 0x22, 0x18, 0x22,
  0x18, 0x22, 0x18, 0x22, 0x18, 0x22, 0x78, 0x32, 0x78, 0x32, 0x38, 0x2a, 0x18, 0x22, 0x18, 0x22, 0x18, 0x22, 0x18, 0x22, 0x18, 0x22, 0x18, 0x22, 0x18, 0x22, 0x18, 0x22, 0x17, 0x22, 0x17, 0x22,
  0x18, 0x22, 0x17, 0x22, 0x17, 0x22, 0x17, 0x22, 0x17, 0x22, 0x17, 0x22, 0x17, 0x22, 0x17, 0x22, 0x17, 0x22, 0x58, 0x2a, 0x78, 0x32, 0x37, 0x2a, 0x17, 0x22, 0xf7, 0x21, 0xf7, 0x21, 0x17, 0x22,
  0x17, 0x22, 0x17, 0x22, 0x17, 0x22, 0x17, 0x22, 0x17, 0x22, 0x17, 0x22, 0xf7, 0x21, 0xf7, 0x21, 0x17, 0x22, 0xf7, 0x21, 0xf7, 0x21, 0xf7, 0x21, 0xf7, 0x21, 0xf7, 0x21, 0xf6, 0x21, 0x57, 0x32,
  0x37, 0x2a, 0xf6, 0x21, 0xf6, 0x21, 0xf7, 0x21, 0xf6, 0x21, 0xf6, 0x21, 0xf6, 0x21, 0xf6, 0x21, 0xf6, 0x21, 0xf6, 0x21, 0xf6, 0x21, 0xf6, 0x21, 0xf6, 0x21, 0xf6, 0x21, 0xf6, 0x21, 0xf6, 0x21,
  0xf6, 0x21, 0xf6, 0x21, 0xf6, 0x21, 0x70, 0x4a, 0xa3, 0xfd, 0x65, 0xbc, 0xd6, 0x21, 0xd6, 0x21, 0xd6, 0x21, 0xe8, 0x9b, 0x84, 0xed, 0x70, 0x42, 0x0c, 0x73, 0x02, 0xfe, 0x89, 0x93, 0xd5, 0x21,
  0xd5, 0x21, 0xd5, 0x21, 0xd5, 0x21, 0xd5, 0x21, 0x46, 0xb4, 0xc2, 0xfd, 0xed, 0x6a, 0xd5, 0x21, 0xd5, 0x21, 0x4e, 0x4a, 0xa2, 0xf5, 0x47, 0xbc, 0xb2, 0x21, 0xe3, 0xdc, 0x62, 0xf5, 0x11, 0x3a,
  0xd5, 0x21, 0xd5, 0x21, 0xab, 0x6a, 0xe2, 0xfd, 0xc9, 0x9b, 0x30, 0x42, 0x82, 0xf5, 0x84, 0xcc, 0xb5, 0x21, 0xd5, 0x21, 0xd5, 0x21, 0xd5, 0x21, 0xd5, 0x21, 0x6a, 0x83, 0x82, 0xfd, 0x61, 0xfd,
  0x85, 0xc4, 0xd3, 0x29, 0xd5, 0x21, 0xd3, 0x29, 0xa4, 0xd4, 0x83, 0xf5, 0x50, 0x42, 0xb5, 0x21, 0xb5, 0x21, 0xeb, 0x72, 0xe2, 0xfd, 0xc8, 0x9b, 0xb4, 0x21, 0xb4, 0x21, 0xb2, 0x29, 0x65, 0xc4,
  0xa2, 0xfd, 0xc8, 0x9b, 0xb2, 0x21, 0x0b, 0x7b, 0x84, 0xf5, 0x24, 0xe5, 0xad, 0x62, 0xb4, 0x21, 0xb4, 0x21, 0xb4, 0x21, 0xb4, 0x21, 0xb4, 0x21, 0xb4, 0x21, 0xb4, 0x21, 0xb4, 0x21, 0xb4, 0x21,
  0x17, 0x22, 0x64, 0x08, 0x2d, 0x11, 0x91, 0x19, 0x5a, 0x2a, 0x7b, 0x2a, 0x7c, 0x2a, 0x9d, 0x2a, 0x1d, 0x43, 0x9d, 0x32, 0x9d, 0x2a, 0x9d, 0x2a, 0x9d, 0x2a, 0x9d, 0x2a, 0x9c, 0x2a, 0x9c, 0x2a,
  0x9c, 0x2a, 0x9c, 0x2a, 0x9c, 0x2a, 0x9c, 0x2a, 0x7c, 0x2a, 0x7c, 0x2a, 0x7c, 0x2a, 0x9c, 0x2a, 0x9c, 0x2a, 0x9c, 0x2a, 0x9c, 0x2a, 0x9c, 0x2a, 0x7c, 0x2a, 0x7c, 0x2a, 0x1d, 0x43, 0x9c, 0x32,
  0x7c, 0x2a, 0x7c, 0x2a, 0x9c, 0x2a, 0x7b, 0x2a, 0x00, 0x00, 0xe3, 0x08, 0x01, 0x00, 0xc5, 0x08, 0x46, 0x08, 0xb3, 0x19, 0x3a, 0x22, 0xbf, 0x2a, 0x9d, 0x2a, 0x9d, 0x2a, 0x7c, 0x2a, 0x7c, 0x2a,
  0x7c, 0x2a, 0x7c, 0x2a, 0xbc, 0x32, 0xfc, 0x42, 0x7c, 0x2a, 0x9c, 0x2a, 0x9d, 0x2a, 0x9d, 0x2a, 0xd5, 0x21, 0x87, 0x08, 0x00, 0x00, 0x82, 0x08, 0x24, 0x11, 0x25, 0x11, 0x82, 0x08, 0x22, 0x00,
  0xd5, 0x21, 0x9d, 0x2a, 0x7b, 0x2a, 0x5b, 0x2a, 0x5b, 0x2a, 0x5b, 0x2a, 0x7b, 0x2a, 0x5b, 0x2a, 0x7b, 0x2a, 0xdb, 0x3a, 0x5b, 0x2a, 0x7b, 0x2a, 0x7b, 0x2a, 0x5b, 0x2a, 0x7b, 0x2a, 0x5b, 0x2a,
  0x5b, 0x2a, 0x5b, 0x2a, 0x5a, 0x2a, 0x5a, 0x2a, 0x5a, 0x2a, 0x5b, 0x2a, 0x5a, 0x2a, 0x5b, 0x2a, 0x5a, 0x2a, 0x5a, 0x2a, 0x5a, 0x2a, 0x5a, 0x2a, 0x5a, 0x2a, 0x5a, 0x2a, 0x7a, 0x2a, 0xbb, 0x3a,
  0x5a, 0x2a, 0x5a, 0x2a, 0x5a, 0x2a, 0x5a, 0x2a, 0x5a, 0x2a, 0x5a, 0x2a, 0x5a, 0x2a, 0x5a, 0x2a, 0x5a, 0x2a, 0x5a, 0x2a, 0x5a, 0x2a, 0x5a, 0x2a, 0x5a, 0x2a, 0x5a, 0x2a, 0x5a, 0x2a, 0x5a, 0x2a,
  0x3a, 0x2a, 0x3a, 0x2a, 0x5a, 0x2a, 0xba, 0x3a, 0x9a, 0x32, 0x3a, 0x2a, 0x59, 0x2a, 0x59, 0x2a, 0x5a, 0x2a, 0x39, 0x2a, 0x5a, 0x2a, 0x39, 0x2a, 0x39, 0x2a, 0x39, 0x2a, 0x39, 0x2a, 0x39, 0x2a,
  0x39, 0x2a, 0x39, 0x2a, 0x39, 0x2a, 0x39, 0x2a, 0x39, 0x2a, 0x39, 0x2a, 0x39, 0x2a, 0x39, 0x2a, 0x59, 0x2a, 0x99, 0x32, 0x99, 0x32, 0x39, 0x22, 0x39, 0x2a, 0x39, 0x2a, 0x39, 0x2a, 0x39, 0x2a,
  0x39, 0x22, 0x39, 0x22, 0x39, 0x22, 0x39, 0x2a, 0x39, 0x2a, 0x39, 0x2a, 0x39, 0x2a, 0x39, 0x2a, 0x39, 0x2a, 0x38, 0x2a, 0x38, 0x2a, 0x38, 0x2a, 0x38, 0x2a, 0x38, 0x22, 0x59, 0x2a, 0x79, 0x32,
  0x38, 0x2a, 0x18, 0x22, 0x38, 0x2a, 0x38, 0x2a, 0x38, 0x2a, 0x38, 0x2a, 0x38, 0x2a, 0x18, 0x22, 0x18, 0x22, 0x38, 0x2a, 0x18, 0x22, 0x18, 0x22, 0x18, 0x22, 0x18, 0x22, 0x18, 0x22, 0x18, 0x22,
  0x18, 0x22, 0x18, 0x22, 0x18, 0x22, 0x58, 0x32, 0x78, 0x32, 0x38, 0x2a, 0x18, 0x22, 0x18, 0x22, 0x18, 0x22, 0x18, 0x22, 0x18, 0x22, 0x17, 0x22, 0x17, 0x22, 0x17, 0x22, 0x17, 0x22, 0x17, 0x22,
  0x17, 0x22, 0x17, 0x22, 0x17, 0x22, 0x17, 0x22, 0x17, 0x22, 0x17, 0x22, 0x17, 0x22, 0x17, 0x22, 0x17, 0x22, 0x58, 0x2a, 0x78, 0x32, 0x17, 0x2a, 0xf7, 0x21, 0x17, 0x22, 0x17, 0x22, 0x17, 0x22,
  0x17, 0x22, 0x17, 0x22, 0x17, 0x22, 0x17, 0x22, 0xf7, 0x21, 0x17, 0x22, 0xf7, 0x21, 0xf7, 0x21, 0xf7, 0x21, 0xf7, 0x21, 0xf7, 0x21, 0xf7, 0x21, 0xf6, 0x21, 0xf6, 0x21, 0xf6, 0x21, 0x57, 0x32,
  0x37, 0x2a, 0xf6, 0x21, 0xf6, 0x21, 0xf6, 0x21, 0xf6, 0x21, 0xf6, 0x21, 0xf6, 0x21, 0xf6, 0x21, 0xf6, 0x21, 0xf6, 0x21, 0xf6, 0x21, 0xf6, 0x21, 0xf6, 0x21, 0xf6, 0x21, 0xf6, 0x21, 0xf6, 0x21,
  0xf6, 0x21, 0xf6, 0x21, 0xf6, 0x21, 0x6a, 0x8b, 0xe2, 0xfd, 0x07, 0xb4, 0xd0, 0x5a, 0xd0, 0x5a, 0xef, 0x62, 0xcd, 0x62, 0xf3, 0x31, 0xd5, 0x21, 0x85, 0xc4, 0xa2, 0xfd, 0x4a, 0x83, 0x90, 0x52,
  0xaf, 0x5a, 0xb0, 0x52, 0xf5, 0x29, 0x32, 0x3a, 0x42, 0xf5, 0x04, 0xe5, 0xf3, 0x29, 0xd5, 0x21, 0xd5, 0x21, 0xc9, 0x9b, 0x03, 0xfe, 0x0c, 0x73, 0x50, 0x4a, 0xc3, 0xfd, 0x65, 0xbc, 0xd5, 0x21,
  0xd5, 0x21, 0xd5, 0x21, 0x47, 0xbc, 0xe3, 0xfd, 0x8f, 0x52, 0x4a, 0x83, 0xe2, 0xfd, 0xe6, 0xab, 0x8f, 0x52, 0xaf, 0x5a, 0xaf, 0x5a, 0x32, 0x3a, 0xd4, 0x21, 0x85, 0xcc, 0x41, 0xfd, 0xa2, 0xdc,
  0xa2, 0xfd, 0xe8, 0xa3, 0xb5, 0x21, 0x8f, 0x52, 0xa3, 0xfd, 0x84, 0xcc, 0xb3, 0x21, 0xd4, 0x21, 0xd4, 0x21, 0x46, 0xbc, 0xc2, 0xfd, 0xcd, 0x62, 0xb4, 0x21, 0xd4, 0x29, 0xb4, 0x21, 0x11, 0x3a,
  0xe4, 0xdc, 0x62, 0xfd, 0xa4, 0xcc, 0xa3, 0xfd, 0x47, 0xb4, 0xf1, 0x31, 0xb4, 0x21, 0xb4, 0x21, 0xb4, 0x21, 0xb4, 0x21, 0xb4, 0x21, 0xb4, 0x21, 0xb4, 0x21, 0xb4, 0x21, 0xb4, 0x21, 0xb4, 0x21,
  0x5b, 0x2a, 0x16, 0x22, 0x90, 0x19, 0x86, 0x08, 0x00, 0x00, 0xc8, 0x10, 0x4e, 0x11, 0xf6, 0x21, 0xdb, 0x3a, 0x9c, 0x2a, 0x9d, 0x2a, 0x9d, 0x2a, 0x9d, 0x2a, 0x9c, 0x2a, 0x9d, 0x2a, 0x9c, 0x2a,
  0x9c, 0x2a, 0x9c, 0x2a, 0x7c, 0x2a, 0x7c, 0x2a, 0x7c, 0x2a, 0x7c, 0x2a, 0x7c, 0x2a, 0x7c, 0x2a, 0x7c, 0x2a, 0x7c, 0x2a, 0x7c, 0x2a, 0x7c, 0x2a, 0x7c, 0x2a, 0x7c, 0x2a, 0x1c, 0x43, 0x9c, 0x32,
  0x7c, 0x2a, 0x7c, 0x2a, 0x7c, 0x2a, 0x39, 0x2a, 0x00, 0x00, 0x66, 0x08, 0xb4, 0x19, 0x5c, 0x2a, 0xbe, 0x2a, 0x9d, 0x2a, 0x7c, 0x2a, 0x7c, 0x2a, 0x7c, 0x2a, 0x7c, 0x2a, 0x7c, 0x2a, 0x7b, 0x2a,
  0x7b, 0x2a, 0x7b, 0x2a, 0xbb, 0x32, 0xfc, 0x42, 0x7b, 0x2a, 0x7b, 0x2a, 0x7b, 0x2a, 0x7b, 0x2a, 0x7c, 0x2a, 0x9d, 0x2a, 0xd5, 0x21, 0x66, 0x08, 0x42, 0x00, 0x20, 0x00, 0x00, 0x00, 0x2d, 0x11,
  0xbe, 0x2a, 0x5b, 0x2a, 0x5b, 0x2a, 0x5b, 0x2a, 0x5b, 0x2a, 0x5b, 0x2a, 0x5b, 0x2a, 0x5b, 0x2a, 0x7b, 0x2a, 0xdb, 0x3a, 0x5b, 0x2a, 0x5b, 0x2a, 0x5b, 0x2a, 0x5b, 0x2a, 0x5b, 0x2a, 0x5b, 0x2a,
  0x5a, 0x2a, 0x5a, 0x2a, 0x5b, 0x2a, 0x5a, 0x2a, 0x5a, 0x2a, 0x5b, 0x2a, 0x5a, 0x2a, 0x5a, 0x2a, 0x5a, 0x2a, 0x5a, 0x2a, 0x5a, 0x2a, 0x5a, 0x2a, 0x5a, 0x2a, 0x5a, 0x2a, 0x7a, 0x2a, 0xbb, 0x3a,
  0x5a, 0x2a, 0x5a, 0x2a, 0x5a, 0x2a, 0x5a, 0x2a, 0x5a, 0x2a, 0x5a, 0x2a, 0x5a, 0x2a, 0x5a, 0x2a, 0x5a, 0x2a, 0x5a, 0x2a, 0x5a, 0x2a, 0x5a, 0x2a, 0x5a, 0x2a, 0x3a, 0x2a, 0x3a, 0x2a, 0x3a, 0x2a,
  0x3a, 0x2a, 0x3a, 0x2a, 0x5a, 0x2a, 0xba, 0x32, 0x9a, 0x32, 0x39, 0x22, 0x3a, 0x2a, 0x39, 0x2a, 0x3a, 0x2a, 0x39, 0x2a, 0x39, 0x2a, 0x39, 0x2a, 0x39, 0x2a, 0x39, 0x2a, 0x39, 0x2a, 0x39, 0x2a,
  0x39, 0x2a, 0x39, 0x2a, 0x39, 0x2a, 0x39, 0x2a, 0x39, 0x2a, 0x39, 0x2a, 0x39, 0x2a, 0x39, 0x2a, 0x59, 0x2a, 0x99, 0x32, 0x79, 0x32, 0x39, 0x22, 0x39, 0x2a, 0x39, 0x2a, 0x39, 0x22, 0x39, 0x22,
  0x39, 0x22, 0x39, 0x22, 0x39, 0x22, 0x39, 0x22, 0x39, 0x22, 0x39, 0x22, 0x39, 0x22, 0x38, 0x22, 0x38, 0x22, 0x38, 0x22, 0x38, 0x22, 0x38, 0x22, 0x18, 0x22, 0x18, 0x22, 0x58, 0x2a, 0x79, 0x32,
  0x38, 0x2a, 0x18, 0x22, 0x18, 0x22, 0x18, 0x22, 0x18, 0x22, 0x18, 0x22, 0x18, 0x22, 0x18, 0x22, 0x18, 0x22, 0x18, 0x22, 0x18, 0x22, 0x18, 0x22, 0x18, 0x22, 0x18, 0x22, 0x18, 0x22, 0x18, 0x22,
  0x18, 0x22, 0x18, 0x22, 0x18, 0x22, 0x58, 0x32, 0x78, 0x32, 0x38, 0x2a, 0x18, 0x22, 0x18, 0x22, 0x18, 0x22, 0x17, 0x22, 0x17, 0x22, 0x17, 0x22, 0x17, 0x22, 0x17, 0x22, 0x17, 0x22, 0x17, 0x22,
  0x17, 0x22, 0x17, 0x22, 0x17, 0x22, 0x17, 0x22, 0x17, 0x22, 0x17, 0x22, 0x17, 0x22, 0x17, 0x22, 0xf7, 0x21, 0x38, 0x2a, 0x78, 0x32, 0x17, 0x2a, 0xf7, 0x21, 0xf7, 0x21, 0xf7, 0x21, 0x17, 0x22,
  0x17, 0x22, 0xf7, 0x21, 0xf7, 0x21, 0xf7, 0x21, 0xf7, 0x21, 0xf7, 0x21, 0xf7, 0x21, 0xf7, 0x21, 0xf7, 0x21, 0xf7, 0x21, 0xf6, 0x21, 0xf6, 0x21, 0xf7, 0x21, 0xf6, 0x21, 0xf6, 0x21, 0x57, 0x32,
  0x17, 0x2a, 0xf6, 0x21, 0xf6, 0x21, 0xf6, 0x21, 0xf6, 0x21, 0xf6, 0x21, 0xf6, 0x21, 0xf6, 0x21, 0xf6, 0x21, 0xf6, 0x21, 0xf6, 0x21, 0xf6, 0x21, 0xf6, 0x21, 0xf6, 0x21, 0xf6, 0x21, 0xf6, 0x21,
  0xf6, 0x21, 0xf6, 0x21, 0xf6, 0x21, 0x8b, 0x62, 0x42, 0xbb, 0x22, 0xb3, 0x63, 0xbb, 0x43, 0xbb, 0x43, 0xbb, 0x23, 0xb3, 0xee, 0x41, 0xd2, 0x29, 0x02, 0xb3, 0x21, 0xbb, 0x23, 0xb3, 0x43, 0xb3,
  0x43, 0xbb, 0x24, 0xa3, 0xd4, 0x21, 0x0c, 0x52, 0x62, 0xc3, 0xc2, 0xa2, 0x06, 0x6a, 0x07, 0x72, 0x07, 0x6a, 0xe2, 0xaa, 0x04, 0xa3, 0xd3, 0x29, 0x4a, 0x62, 0x62, 0xc3, 0x65, 0x82, 0xcc, 0x51,
  0xec, 0x51, 0xe8, 0x61, 0x22, 0xbb, 0x03, 0xa3, 0xb2, 0x21, 0xa5, 0x92, 0x21, 0xc3, 0x22, 0xb3, 0x43, 0xb3, 0x43, 0xb3, 0x84, 0xbb, 0x2f, 0x42, 0xd2, 0x29, 0x42, 0xbb, 0xe4, 0xa2, 0x0e, 0x42,
  0x02, 0xa3, 0x62, 0xc3, 0xcb, 0x49, 0x29, 0x62, 0x82, 0xcb, 0x89, 0x6a, 0xb5, 0x21, 0xb5, 0x21, 0xb1, 0x29, 0x02, 0xab, 0x02, 0xab, 0xd1, 0x31, 0xb4, 0x21, 0xb4, 0x21, 0xb4, 0x21, 0xb4, 0x21,
  0x28, 0x6a, 0x42, 0xc3, 0x41, 0xc3, 0xa5, 0x82, 0xb4, 0x21, 0xb4, 0x21, 0xb4, 0x21, 0xb4, 0x21, 0xb4, 0x21, 0xb4, 0x21, 0xb4, 0x21, 0xb4, 0x21, 0xb4, 0x21, 0xb4, 0x21, 0xb4, 0x21, 0xb4, 0x21,
  0x9d, 0x2a, 0xbe, 0x2a, 0xbe, 0x2a, 0xbf, 0x32, 0xbe, 0x2a, 0xd4, 0x21, 0xea, 0x10, 0x00, 0x00, 0xa6, 0x10, 0x6f, 0x19, 0x18, 0x22, 0x5b, 0x2a, 0x9d, 0x2a, 0x9d, 0x2a, 0x9d, 0x2a, 0x7c, 0x2a,
  0x7c, 0x2a, 0x7c, 0x2a, 0x9c, 0x2a, 0x9c, 0x2a, 0x9c, 0x2a, 0x9c, 0x2a, 0x9c, 0x2a, 0x9c, 0x2a, 0x7c, 0x2a, 0x7c, 0x2a, 0x9c, 0x2a, 0x7c, 0x2a, 0x7c, 0x2a, 0x7c, 0x2a, 0x1c, 0x43, 0x9c, 0x32,
  0x7c, 0x2a, 0x7c, 0x2a, 0x7c, 0x2a, 0x5a, 0x2a, 0x59, 0x22, 0xbf, 0x32, 0x9d, 0x2a, 0x7c, 0x2a, 0x7c, 0x2a, 0x7c, 0x2a, 0x7c, 0x2a, 0x7c, 0x2a, 0x7c, 0x2a, 0x7b, 0x2a, 0x7b, 0x2a, 0x7c, 0x2a,
  0x7b, 0x2a, 0x7b, 0x2a, 0xbb, 0x32, 0xfc, 0x42, 0x5b, 0x2a, 0x7b, 0x2a, 0x7b, 0x2a, 0x7b, 0x2a, 0x7b, 0x2a, 0x7b, 0x2a, 0x9c, 0x2a, 0x9c, 0x2a, 0x4f, 0x19, 0x22, 0x00, 0x86, 0x08, 0x7c, 0x2a,
  0x7b, 0x2a, 0x5b, 0x2a, 0x5b, 0x2a, 0x5b, 0x2a, 0x5b, 0x2a, 0x5b, 0x2a, 0x5b, 0x2a, 0x5b, 0x2a, 0x7b, 0x2a, 0xdb, 0x3a, 0x5b, 0x2a, 0x5b, 0x2a, 0x5b, 0x2a, 0x5a, 0x2a, 0x5a, 0x2a, 0x5a, 0x2a,
  0x5b, 0x2a, 0x5a, 0x2a, 0x5b, 0x2a, 0x5a, 0x2a, 0x5a, 0x2a, 0x5a, 0x2a, 0x5a, 0x2a, 0x5a, 0x2a, 0x5a, 0x2a, 0x5a, 0x2a, 0x5a, 0x2a, 0x5a, 0x2a, 0x5a, 0x2a, 0x5a, 0x2a, 0x7a, 0x2a, 0xba, 0x3a,
  0x3a, 0x2a, 0x5a, 0x2a, 0x5a, 0x2a, 0x5a, 0x2a, 0x5a, 0x2a, 0x5a, 0x2a, 0x5a, 0x2a, 0x5a, 0x2a, 0x5a, 0x2a, 0x5a, 0x2a, 0x5a, 0x2a, 0x3a, 0x2a, 0x3a, 0x2a, 0x3a, 0x2a, 0x3a, 0x2a, 0x3a, 0x2a,
  0x3a, 0x2a, 0x39, 0x2a, 0x5a, 0x2a, 0xba, 0x32, 0x9a, 0x32, 0x39, 0x22, 0x3a, 0x2a, 0x39, 0x2a, 0x39, 0x2a, 0x39, 0x2a, 0x39, 0x2a, 0x39, 0x2a, 0x39, 0x2a, 0x39, 0x2a, 0x39, 0x2a, 0x39, 0x2a,
  0x39, 0x2a, 0x39, 0x2a, 0x39, 0x2a, 0x39, 0x2a, 0x39, 0x2a, 0x39, 0x2a, 0x39, 0x2a, 0x39, 0x2a, 0x59, 0x2a, 0x99, 0x32, 0x99, 0x32, 0x39, 0x22, 0x39, 0x22, 0x39, 0x22, 0x39, 0x22, 0x39, 0x22,
  0x39, 0x22, 0x39, 0x22, 0x39, 0x22, 0x39, 0x22, 0x38, 0x22, 0x38, 0x2a, 0x38, 0x2a, 0x38, 0x2a, 0x38, 0x2a, 0x38, 0x2a, 0x18, 0x2a, 0x38, 0x2a, 0x38, 0x2a, 0x18, 0x22, 0x58, 0x2a, 0x79, 0x32,
  0x38, 0x2a, 0x18, 0x22, 0x38, 0x22, 0x38, 0x22, 0x38, 0x2a, 0x18, 0x22, 0x18, 0x22, 0x18, 0x22, 0x18, 0x22, 0x18, 0x22, 0x18, 0x22, 0x18, 0x22, 0x18, 0x22, 0x18, 0x22, 0x18, 0x22, 0x18, 0x22,
  0x18, 0x22, 0x18, 0x22, 0x18, 0x22, 0x58, 0x32, 0x78, 0x32, 0x38, 0x2a, 0x18, 0x22, 0x17, 0x22, 0x17, 0x22, 0x17, 0x22, 0x17, 0x22, 0x17, 0x22, 0x17, 0x22, 0x17, 0x22, 0x17, 0x22, 0x17, 0x22,
  0x17, 0x22, 0x17, 0x22, 0x17, 0x22, 0x17, 0x22, 0x17, 0x22, 0xf7, 0x21, 0xf7, 0x21, 0xf7, 0x21, 0xf7, 0x21, 0x37, 0x2a, 0x78, 0x32, 0x17, 0x2a, 0xf7, 0x21, 0xf7, 0x21, 0xf7, 0x21, 0xf7, 0x21,
  0xf7, 0x21, 0xf7, 0x21, 0xf7, 0x21, 0xf7, 0x21, 0xf7, 0x21, 0xf7, 0x21, 0xf7, 0x21, 0xf6, 0x21, 0xf6, 0x21, 0xf6, 0x21, 0xf6, 0x21, 0xf6, 0x21, 0xf7, 0x21, 0xf6, 0x21, 0xf6, 0x21, 0x57, 0x32,
  0x37, 0x2a, 0xf6, 0x21, 0xf6, 0x21, 0xf6, 0x21, 0xf6, 0x21, 0xf6, 0x21, 0xf6, 0x21, 0xf6, 0x21, 0xf6, 0x21, 0xf6, 0x21, 0xf6, 0x21, 0xf6, 0x21, 0xf6, 0x21, 0xf6, 0x21, 0xf6, 0x21, 0xf6, 0x21,
  0xf6, 0x21, 0xf6, 0x21, 0xf6, 0x21, 0xd5, 0x21, 0xaf, 0x31, 0xaf, 0x39, 0xae, 0x39, 0xaf, 0x31, 0xa4, 0x69, 0x21, 0xa2, 0xcd, 0x49, 0xcd, 0x41, 0x21, 0xa2, 0xc5, 0x71, 0x8f, 0x31, 0x8f, 0x31,
  0xaf, 0x31, 0xb0, 0x29, 0xd5, 0x21, 0xe6, 0x69, 0x01, 0x9a, 0xe2, 0x81, 0x02, 0x8a, 0x02, 0x8a, 0x21, 0x9a, 0x21, 0x9a, 0x8d, 0x39, 0xd5, 0x21, 0xe3, 0x79, 0xe1, 0x99, 0x21, 0x92, 0x42, 0x9a,
  0x42, 0x9a, 0x62, 0xa2, 0xe5, 0x69, 0x91, 0x29, 0xd1, 0x31, 0x01, 0x9a, 0xe2, 0x89, 0x8d, 0x39, 0x8e, 0x31, 0x8e, 0x31, 0x8f, 0x31, 0xb4, 0x21, 0xcb, 0x49, 0x41, 0xaa, 0xc7, 0x61, 0xb5, 0x21,
  0x8d, 0x39, 0x01, 0x92, 0x01, 0x92, 0xe1, 0x89, 0x01, 0x9a, 0xae, 0x39, 0xb4, 0x21, 0xb5, 0x21, 0xcd, 0x41, 0x21, 0xa2, 0xc5, 0x71, 0xb4, 0x21, 0xb4, 0x21, 0xb4, 0x21, 0xb1, 0x29, 0xe6, 0x69,
  0x42, 0xa2, 0xc4, 0x71, 0xe1, 0x89, 0x02, 0x8a, 0xcd, 0x39, 0xb4, 0x21, 0xb4, 0x21, 0xb4, 0x21, 0xb4, 0x21, 0xb4, 0x21, 0xb4, 0x21, 0xb4, 0x21, 0xb4, 0x21, 0xb4, 0x21, 0xb4, 0x21, 0xb4, 0x21,
  0xbd, 0x32, 0x9d, 0x32, 0x9d, 0x32, 0x9d, 0x32, 0xbd, 0x32, 0xbe, 0x32, 0xdf, 0x32, 0xde, 0x32, 0x34, 0x2a, 0xc8, 0x10, 0x41, 0x08, 0xc8, 0x10, 0x16, 0x22, 0x7a, 0x2a, 0x9c, 0x32, 0xbd, 0x32,
  0xbc, 0x32, 0xbc, 0x32, 0xbc, 0x32, 0xbc, 0x32, 0xbc, 0x32, 0xbc, 0x32, 0xbd, 0x32, 0xbd, 0x32, 0xbc, 0x32, 0xbc, 0x32, 0xbc, 0x32, 0xbc, 0x32, 0xbc, 0x32, 0xbc, 0x32, 0x1d, 0x43, 0xbc, 0x32,
  0xbc, 0x32, 0xbc, 0x32, 0xbc, 0x32, 0xbc, 0x32, 0xbd, 0x32, 0x9c, 0x32, 0x9c, 0x32, 0x9c, 0x32, 0x9c, 0x32, 0x9c, 0x32, 0x9c, 0x32, 0x9c, 0x32, 0x9c, 0x32, 0x9c, 0x32, 0x9c, 0x32, 0x9c, 0x32,
  0x9c, 0x32, 0x9c, 0x32, 0xbc, 0x32, 0x1c, 0x43, 0x9c, 0x2a, 0x9c, 0x32, 0x9c, 0x32, 0x9b, 0x32, 0x9c, 0x32, 0x9b, 0x32, 0x9b, 0x32, 0x9c, 0x32, 0x9d, 0x32, 0x5a, 0x2a, 0x16, 0x2a, 0x9c, 0x32,
  0x9b, 0x32, 0x9b, 0x32, 0x9b, 0x2a, 0x9b, 0x2a, 0x9b, 0x2a, 0x9b, 0x2a, 0x9b, 0x2a, 0x9b, 0x2a, 0x9b, 0x32, 0xfb, 0x3a, 0x7b, 0x2a, 0x7b, 0x2a, 0x7b, 0x2a, 0x7b, 0x2a, 0x7b, 0x2a, 0x7b, 0x2a,
  0x7b, 0x2a, 0x7b, 0x2a, 0x7b, 0x2a, 0x7b, 0x2a, 0x7b, 0x2a, 0x7b, 0x2a, 0x7b, 0x2a, 0x7b, 0x2a, 0x7b, 0x2a, 0x7b, 0x2a, 0x7b, 0x2a, 0x7b, 0x2a, 0x7a, 0x2a, 0x7a, 0x2a, 0x9b, 0x32, 0xdb, 0x3a,
  0x7a, 0x2a, 0x7b, 0x2a, 0x7a, 0x2a, 0x7a, 0x2a, 0x7a, 0x2a, 0x7a, 0x2a, 0x7a, 0x2a, 0x7a, 0x2a, 0x7a, 0x2a, 0x7a, 0x2a, 0x7a, 0x2a, 0x7a, 0x2a, 0x7a, 0x2a, 0x7a, 0x2a, 0x7a, 0x2a, 0x7a, 0x2a,
  0x7a, 0x2a, 0x7a, 0x2a, 0x7a, 0x32, 0xba, 0x3a, 0x9a, 0x32, 0x5a, 0x2a, 0x5a, 0x2a, 0x5a, 0x2a, 0x5a, 0x2a, 0x5a, 0x2a, 0x5a, 0x2a, 0x5a, 0x2a, 0x5a, 0x2a, 0x5a, 0x2a, 0x5a, 0x2a, 0x5a, 0x2a,
  0x59, 0x2a, 0x59, 0x2a, 0x5a, 0x2a, 0x59, 0x2a, 0x59, 0x2a, 0x59, 0x2a, 0x59, 0x2a, 0x59, 0x2a, 0x79, 0x2a, 0xb9, 0x3a, 0x9a, 0x32, 0x59, 0x2a, 0x59, 0x2a, 0x59, 0x2a, 0x59, 0x2a, 0x59, 0x2a,
  0x59, 0x2a, 0x59, 0x2a, 0x59, 0x2a, 0x59, 0x2a, 0x59, 0x2a, 0x59, 0x2a, 0x59, 0x2a, 0x59, 0x2a, 0x59, 0x2a, 0x59, 0x2a, 0x59, 0x2a, 0x58, 0x2a, 0x58, 0x2a, 0x58, 0x2a, 0x78, 0x32, 0x99, 0x3a,
  0x78, 0x32, 0x58, 0x2a, 0x58, 0x2a, 0x58, 0x2a, 0x58, 0x2a, 0x58, 0x2a, 0x58, 0x2a, 0x58, 0x2a, 0x58, 0x2a, 0x58, 0x2a, 0x58, 0x2a, 0x58, 0x2a, 0x38, 0x2a, 0x38, 0x2a, 0x38, 0x2a, 0x38, 0x2a,
  0x38, 0x2a, 0x38, 0x2a, 0x38, 0x2a, 0x78, 0x32, 0x98, 0x3a, 0x58, 0x2a, 0x38, 0x2a, 0x38, 0x2a, 0x38, 0x2a, 0x38, 0x2a, 0x38, 0x2a, 0x38, 0x2a, 0x38, 0x2a, 0x37, 0x2a, 0x37, 0x2a, 0x37, 0x2a,
  0x37, 0x2a, 0x37, 0x2a, 0x37, 0x2a, 0x17, 0x2a, 0x17, 0x2a, 0x17, 0x2a, 0x17, 0x2a, 0x17, 0x2a, 0x17, 0x2a, 0x57, 0x32, 0x78, 0x32, 0x37, 0x2a, 0x17, 0x2a, 0x17, 0x2a, 0x17, 0x2a, 0x17, 0x2a,
  0x17, 0x2a, 0x17, 0x2a, 0x17, 0x2a, 0x17, 0x2a, 0x17, 0x2a, 0x17, 0x2a, 0x17, 0x2a, 0x17, 0x2a, 0x17, 0x2a, 0x17, 0x2a, 0x17, 0x2a, 0x17, 0x2a, 0x17, 0x2a, 0x16, 0x2a, 0x16, 0x2a, 0x57, 0x32,
  0x37, 0x2a, 0x16, 0x2a, 0x16, 0x2a, 0x16, 0x2a, 0x16, 0x2a, 0x16, 0x2a, 0x16, 0x2a, 0x16, 0x2a, 0x16, 0x2a, 0x16, 0x2a, 0x16, 0x2a, 0x16, 0x2a, 0x16, 0x2a, 0x16, 0x2a, 0x16, 0x2a, 0x16, 0x2a,
  0x16, 0x2a, 0x16, 0x2a, 0xed, 0x49, 0x06, 0x82, 0xee, 0x49, 0x16, 0x2a, 0x16, 0x2a, 0xf5, 0x21, 0xc3, 0x81, 0xe2, 0x91, 0xd2, 0x29, 0xc7, 0x69, 0x22, 0xa2, 0xcd, 0x49, 0xf6, 0x29, 0xf5, 0x29,
  0xf5, 0x29, 0xf5, 0x29, 0xf3, 0x29, 0xe2, 0x81, 0x01, 0x92, 0xcf, 0x39, 0xd4, 0x21, 0xd4, 0x21, 0xa8, 0x59, 0x21, 0xa2, 0xeb, 0x59, 0xd1, 0x29, 0xe1, 0x91, 0xc3, 0x81, 0xcf, 0x39, 0xd1, 0x31,
  0xd0, 0x31, 0xd1, 0x31, 0xf5, 0x21, 0xf5, 0x21, 0xca, 0x49, 0x01, 0xa2, 0xc7, 0x69, 0xf5, 0x21, 0xf5, 0x21, 0xf5, 0x21, 0xf5, 0x21, 0xf5, 0x21, 0xc6, 0x69, 0x21, 0xa2, 0xcd, 0x49, 0xf5, 0x21,
  0xf5, 0x21, 0xc9, 0x51, 0x01, 0x9a, 0xe1, 0x91, 0xe2, 0x89, 0xd3, 0x29, 0xd5, 0x21, 0xd5, 0x21, 0xc7, 0x61, 0x21, 0xa2, 0xcb, 0x51, 0xd4, 0x21, 0xd4, 0x21, 0xad, 0x41, 0xe2, 0x89, 0x22, 0x9a,
  0xc9, 0x59, 0xd3, 0x21, 0xcc, 0x49, 0x01, 0x9a, 0xe2, 0x89, 0xd0, 0x31, 0xd4, 0x21, 0xd4, 0x21, 0xd4, 0x21, 0xd4, 0x21, 0xd4, 0x21, 0xd4, 0x21, 0xd4, 0x21, 0xd4, 0x21, 0xd4, 0x21, 0xd4, 0x21,
  0xfd, 0x3a, 0xfd, 0x3a, 0xfd, 0x3a, 0xfd, 0x3a, 0xfd, 0x3a, 0xfd, 0x3a, 0xfd, 0x3a, 0xfd, 0x3a, 0x5e, 0x43, 0x3f, 0x43, 0xfc, 0x3a, 0x4c, 0x19, 0x21, 0x00, 0xc7, 0x10, 0xf2, 0x29, 0xda, 0x3a,
  0xfd, 0x3a, 0xfd, 0x3a, 0xfd, 0x3a, 0xfd, 0x3a, 0xfc, 0x3a, 0xbb, 0x3a, 0xdb, 0x3a, 0xdb, 0x3a, 0xdb, 0x3a, 0xda, 0x3a, 0xda, 0x3a, 0xda, 0x3a, 0xda, 0x3a, 0xda, 0x3a, 0xfa, 0x42, 0xda, 0x3a,
  0xda, 0x3a, 0xda, 0x3a, 0xda, 0x3a, 0xda, 0x3a, 0xda, 0x3a, 0xda, 0x3a, 0xda, 0x3a, 0xda, 0x3a, 0xda, 0x3a, 0xda, 0x3a, 0xda, 0x3a, 0xda, 0x3a, 0xda, 0x3a, 0xda, 0x3a, 0xda, 0x3a, 0xda, 0x3a,
  0xda, 0x3a, 0xda, 0x3a, 0xda, 0x3a, 0xda, 0x42, 0xda, 0x3a, 0xba, 0x3a, 0xba, 0x3a, 0xba, 0x3a, 0xba, 0x3a, 0xba, 0x3a, 0xba, 0x3a, 0xba, 0x3a, 0xba, 0x3a, 0xda, 0x3a, 0xda, 0x3a, 0xb9, 0x3a,
  0xb9, 0x3a, 0xb9, 0x3a, 0xb9, 0x3a, 0xb9, 0x3a, 0xb9, 0x3a, 0xb9, 0x3a, 0xb9, 0x3a, 0xb9, 0x3a, 0xb9, 0x3a, 0xda, 0x3a, 0xb9, 0x3a, 0xb9, 0x3a, 0xb9, 0x3a, 0xb9, 0x3a, 0xb9, 0x3a, 0xb9, 0x3a,
  0xb9, 0x3a, 0xb9, 0x3a, 0xb9, 0x3a, 0xb9, 0x3a, 0xb9, 0x3a, 0xb9, 0x3a, 0xb9, 0x3a, 0xb9, 0x3a, 0xb9, 0x3a, 0xb9, 0x3a, 0x99, 0x3a, 0xb9, 0x3a, 0xb9, 0x3a, 0x99, 0x3a, 0xb9, 0x3a, 0xd9, 0x3a,
  0x99, 0x3a, 0xb9, 0x3a, 0xb9, 0x3a, 0xb9, 0x3a, 0xb9, 0x3a, 0xb9, 0x3a, 0x99, 0x3a, 0x99, 0x3a, 0x99, 0x3a, 0x98, 0x3a, 0x98, 0x3a, 0x99, 0x3a, 0x98, 0x3a, 0x98, 0x3a, 0x98, 0x3a, 0x98, 0x3a,
  0x98, 0x3a, 0x98, 0x3a, 0x98, 0x3a, 0xb8, 0x3a, 0xb8, 0x3a, 0x98, 0x3a, 0x98, 0x3a, 0x98, 0x3a, 0x98, 0x3a, 0x98, 0x3a, 0x98, 0x3a, 0x98, 0x3a, 0x98, 0x3a, 0x98, 0x3a, 0x98, 0x3a, 0x98, 0x3a,
  0x98, 0x3a, 0x98, 0x3a, 0x98, 0x3a, 0x98, 0x3a, 0x98, 0x3a, 0x98, 0x3a, 0x98, 0x32, 0x98, 0x32, 0x98, 0x3a, 0xb8, 0x3a, 0x98, 0x3a, 0x78, 0x32, 0x98, 0x32, 0x98, 0x32, 0x98, 0x3a, 0x98, 0x3a,
  0x98, 0x3a, 0x98, 0x3a, 0x97, 0x3a, 0x97, 0x3a, 0x97, 0x3a, 0x97, 0x3a, 0x97, 0x3a, 0x97, 0x3a, 0x77, 0x3a, 0x78, 0x32, 0x98, 0x3a, 0xb9, 0x3a, 0xb9, 0x3a, 0x99, 0x3a, 0xb9, 0x3a, 0xb9, 0x3a,
  0xb9, 0x3a, 0x99, 0x3a, 0x99, 0x3a, 0x98, 0x3a, 0x98, 0x3a, 0x98, 0x3a, 0x98, 0x3a, 0x98, 0x3a, 0x98, 0x3a, 0x98, 0x3a, 0x98, 0x3a, 0x98, 0x3a, 0x98, 0x3a, 0x98, 0x3a, 0x98, 0x3a, 0x98, 0x3a,
  0x98, 0x3a, 0x98, 0x3a, 0x78, 0x32, 0x98, 0x3a, 0xb8, 0x3a, 0x98, 0x3a, 0x78, 0x32, 0x78, 0x32, 0x78, 0x32, 0x78, 0x32, 0x78, 0x32, 0x78, 0x32, 0x78, 0x32, 0x78, 0x32, 0x78, 0x32, 0x78, 0x32,
  0x78, 0x32, 0x78, 0x32, 0x78, 0x32, 0x78, 0x32, 0x78, 0x32, 0x78, 0x32, 0x77, 0x32, 0x77, 0x32, 0x77, 0x32, 0x98, 0x3a, 0x98, 0x3a, 0x78, 0x32, 0x77, 0x32, 0x77, 0x32, 0x77, 0x32, 0x77, 0x32,
  0x77, 0x32, 0x77, 0x32, 0x77, 0x32, 0x77, 0x32, 0x77, 0x32, 0x77, 0x32, 0x77, 0x32, 0x77, 0x32, 0x57, 0x32, 0x57, 0x32, 0x57, 0x32, 0x57, 0x32, 0x57, 0x32, 0x57, 0x32, 0x57, 0x32, 0x97, 0x3a,
  0x77, 0x32, 0x57, 0x32, 0x57, 0x32, 0x57, 0x32, 0x57, 0x32, 0x57, 0x32, 0x57, 0x32, 0x57, 0x32, 0x57, 0x32, 0x57, 0x32, 0x57, 0x32, 0x57, 0x32, 0x57, 0x32, 0x57, 0x32, 0x57, 0x32, 0x57, 0x32,
  0x57, 0x32, 0x57, 0x32, 0xa3, 0x79, 0xc1, 0xa1, 0x84, 0x71, 0xc9, 0x59, 0xc9, 0x59, 0xa5, 0x69, 0xe1, 0xa1, 0xc6, 0x69, 0x13, 0x32, 0xa1, 0x89, 0xc1, 0x91, 0x85, 0x69, 0xa6, 0x61, 0xa7, 0x61,
  0xa7, 0x69, 0xca, 0x59, 0xed, 0x49, 0xe1, 0x99, 0xa4, 0x71, 0x36, 0x32, 0x36, 0x32, 0x36, 0x32, 0xa5, 0x71, 0xe1, 0xa1, 0xef, 0x41, 0xcb, 0x51, 0xe1, 0xa1, 0xc8, 0x61, 0x36, 0x32, 0x36, 0x32,
  0x36, 0x32, 0x36, 0x32, 0x36, 0x32, 0x35, 0x32, 0xa4, 0x71, 0xc1, 0x99, 0x83, 0x79, 0xa7, 0x61, 0xa7, 0x61, 0xa7, 0x61, 0xc8, 0x61, 0xcf, 0x41, 0xa1, 0x89, 0xa1, 0x89, 0x12, 0x3a, 0x35, 0x32,
  0x35, 0x32, 0x14, 0x32, 0xa4, 0x71, 0xe1, 0xa1, 0xc7, 0x61, 0x35, 0x32, 0x35, 0x32, 0x13, 0x32, 0xa2, 0x81, 0xc1, 0x91, 0xf0, 0x41, 0x15, 0x32, 0xf1, 0x39, 0xc1, 0x91, 0xc1, 0x91, 0xee, 0x41,
  0x15, 0x32, 0x14, 0x32, 0x14, 0x32, 0xa4, 0x69, 0xe1, 0xa1, 0xeb, 0x51, 0x14, 0x32, 0x14, 0x32, 0x14, 0x32, 0x14, 0x32, 0x14, 0x32, 0x14, 0x32, 0x14, 0x32, 0x14, 0x32, 0x34, 0x32, 0x14, 0x32,
  0x7d, 0x2a, 0x7d, 0x2a, 0x7c, 0x2a, 0x7c, 0x2a, 0x7c, 0x2a, 0x7c, 0x2a, 0x7c, 0x2a, 0x7c, 0x2a, 0xfd, 0x3a, 0x9c, 0x2a, 0x7d, 0x2a, 0xbe, 0x2a, 0x9e, 0x2a, 0x70, 0x19, 0x22, 0x00, 0x85, 0x08,
  0xd4, 0x19, 0x5b, 0x2a, 0x7b, 0x2a, 0x18, 0x22, 0x93, 0x19, 0x4d, 0x19, 0x0b, 0x2a, 0x0b, 0x2a, 0x0b, 0x2a, 0x0b, 0x2a, 0x0b, 0x2a, 0x0b, 0x2a, 0xeb, 0x29, 0x0b, 0x2a, 0x2c, 0x32, 0x0b, 0x2a,
  0xeb, 0x29, 0x0b, 0x2a, 0x0b, 0x2a, 0x0b, 0x2a, 0x0b, 0x2a, 0x0b, 0x2a, 0x0b, 0x2a, 0x0b, 0x2a, 0x0b, 0x2a, 0x0b, 0x2a, 0x0b, 0x2a, 0x0b, 0x2a, 0x0b, 0x2a, 0x0b, 0x2a, 0x0b, 0x2a, 0x0b, 0x2a,
  0x0b, 0x2a, 0x0b, 0x2a, 0x0b, 0x2a, 0x2b, 0x32, 0xeb, 0x29, 0xeb, 0x29, 0xeb, 0x29, 0xeb, 0x29, 0xeb, 0x29, 0xeb, 0x29, 0xeb, 0x29, 0xeb, 0x29, 0xeb, 0x29, 0xeb, 0x29, 0xeb, 0x29, 0xeb, 0x29,
  0xeb, 0x29, 0xeb, 0x29, 0xeb, 0x29, 0xeb, 0x29, 0xeb, 0x29, 0xeb, 0x29, 0xeb, 0x29, 0xeb, 0x29, 0x0b, 0x2a, 0x2b, 0x2a, 0xeb, 0x29, 0xeb, 0x29, 0xeb, 0x29, 0xeb, 0x29, 0xeb, 0x29, 0xeb, 0x29,
  0xeb, 0x29, 0xeb, 0x29, 0xeb, 0x29, 0xeb, 0x29, 0xeb, 0x29, 0xeb, 0x29, 0xeb, 0x29, 0xeb, 0x29, 0xeb, 0x29, 0xeb, 0x29, 0xeb, 0x29, 0xeb, 0x29, 0xeb, 0x29, 0xeb, 0x29, 0x0b, 0x2a, 0x0b, 0x2a,
  0xeb, 0x29, 0xeb, 0x21, 0xeb, 0x21, 0xeb, 0x21, 0xeb, 0x21, 0xeb, 0x21, 0xeb, 0x21, 0xeb, 0x21, 0xeb, 0x21, 0xeb, 0x21, 0xeb, 0x21, 0xeb, 0x21, 0xeb, 0x21, 0xeb, 0x21, 0xeb, 0x21, 0xeb, 0x21,
  0xeb, 0x21, 0xeb, 0x21, 0xeb, 0x29, 0x0b, 0x2a, 0x0b, 0x2a, 0xeb, 0x21, 0xeb, 0x21, 0xeb, 0x21, 0xeb, 0x21, 0xeb, 0x21, 0xeb, 0x21, 0xeb, 0x21, 0xeb, 0x21, 0xeb, 0x21, 0xeb, 0x21, 0xeb, 0x21,
  0xeb, 0x21, 0xeb, 0x21, 0xeb, 0x21, 0xeb, 0x21, 0xeb, 0x21, 0xeb, 0x21, 0xeb, 0x21, 0xeb, 0x21, 0xeb, 0x21, 0x0b, 0x2a, 0xeb, 0x29, 0xeb, 0x21, 0xeb, 0x21, 0xeb, 0x21, 0xeb, 0x21, 0xeb, 0x21,
  0xeb, 0x21, 0xeb, 0x21, 0xeb, 0x21, 0xeb, 0x21, 0xeb, 0x21, 0xeb, 0x21, 0xeb, 0x21, 0xeb, 0x21, 0xcb, 0x21, 0x4b, 0x19, 0x2f, 0x11, 0x93, 0x19, 0xf6, 0x21, 0x18, 0x22, 0x39, 0x2a, 0x79, 0x32,
  0x38, 0x2a, 0x18, 0x22, 0x18, 0x22, 0x18, 0x22, 0x18, 0x22, 0x18, 0x22, 0x18, 0x22, 0x18, 0x22, 0x18, 0x22, 0x18, 0x22, 0x18, 0x22, 0x18, 0x22, 0x18, 0x22, 0x18, 0x22, 0x18, 0x22, 0x17, 0x22,
  0x17, 0x22, 0x17, 0x22, 0xf7, 0x21, 0x58, 0x32, 0x78, 0x32, 0x17, 0x2a, 0xf7, 0x21, 0xf7, 0x21, 0xf7, 0x21, 0xf7, 0x21, 0xf7, 0x21, 0xf7, 0x21, 0xf7, 0x21, 0xf7, 0x21, 0xf7, 0x21, 0xf7, 0x21,
  0xf7, 0x21, 0xf7, 0x21, 0xf7, 0x21, 0xf7, 0x21, 0xf7, 0x21, 0xf7, 0x21, 0xf7, 0x21, 0xf7, 0x21, 0xf7, 0x21, 0x37, 0x2a, 0x57, 0x32, 0x17, 0x2a, 0xf7, 0x21, 0xf7, 0x21, 0xf7, 0x21, 0xf7, 0x21,
  0xf6, 0x21, 0xf6, 0x21, 0xf6, 0x21, 0xf6, 0x21, 0xf6, 0x21, 0xf6, 0x21, 0xf6, 0x21, 0xf6, 0x21, 0xf6, 0x21, 0xf6, 0x21, 0xf6, 0x21, 0xf6, 0x21, 0xf6, 0x21, 0xf6, 0x21, 0xd6, 0x21, 0x57, 0x32,
  0x36, 0x2a, 0xd6, 0x21, 0xd6, 0x21, 0xd6, 0x21, 0xd6, 0x21, 0xd6, 0x21, 0xd6, 0x21, 0xd6, 0x21, 0xd6, 0x21, 0xd6, 0x21, 0xd6, 0x21, 0xd6, 0x21, 0xd6, 0x21, 0xd6, 0x21, 0xd6, 0x21, 0xd6, 0x21,
  0xd6, 0x21, 0xd6, 0x21, 0xab, 0x49, 0xa4, 0x79, 0xa3, 0x79, 0xa2, 0x81, 0xa2, 0x81, 0xc3, 0x81, 0xa7, 0x69, 0xb2, 0x29, 0xb0, 0x39, 0xc4, 0x81, 0xa3, 0x79, 0xc3, 0x81, 0xa2, 0x81, 0xa2, 0x81,
  0xc3, 0x89, 0xa8, 0x59, 0xaa, 0x49, 0xe4, 0x89, 0xab, 0x49, 0xb5, 0x21, 0xb5, 0x21, 0xb2, 0x21, 0xc4, 0x79, 0xa4, 0x71, 0x93, 0x21, 0xa8, 0x59, 0xc4, 0x89, 0xaf, 0x39, 0xb4, 0x21, 0xb4, 0x21,
  0xb4, 0x21, 0xb4, 0x21, 0xb4, 0x19, 0xb2, 0x21, 0xa4, 0x71, 0xa3, 0x79, 0xa3, 0x79, 0xa2, 0x81, 0xa2, 0x81, 0xa2, 0x89, 0xa4, 0x71, 0x8b, 0x39, 0xc3, 0x81, 0xa7, 0x61, 0xb4, 0x19, 0x94, 0x19,
  0x94, 0x19, 0x94, 0x19, 0xa7, 0x59, 0xc4, 0x89, 0x8d, 0x39, 0x94, 0x19, 0x94, 0x19, 0xaf, 0x31, 0xc3, 0x81, 0xa6, 0x69, 0x93, 0x19, 0x94, 0x19, 0x8d, 0x39, 0xe4, 0x89, 0x87, 0x59, 0x93, 0x19,
  0x93, 0x19, 0x93, 0x19, 0x93, 0x19, 0xa5, 0x69, 0xc4, 0x79, 0x70, 0x29, 0x93, 0x19, 0x93, 0x19, 0x93, 0x19, 0x93, 0x19, 0x93, 0x19, 0x93, 0x19, 0x93, 0x19, 0x93, 0x19, 0x93, 0x19, 0x93, 0x19,
  0x9c, 0x2a, 0x9c, 0x2a, 0x9c, 0x2a, 0x9c, 0x2a, 0x9c, 0x2a, 0x7c, 0x2a, 0x7c, 0x2a, 0x7c, 0x2a, 0xfd, 0x3a, 0x9c, 0x2a, 0x7c, 0x2a, 0x9c, 0x2a, 0x9c, 0x2a, 0xbe, 0x2a, 0x9d, 0x2a, 0x91, 0x19,
  0x00, 0x00, 0x87, 0x08, 0x0a, 0x11, 0xa0, 0x10, 0xe5, 0x29, 0x0b, 0x5c, 0xce, 0x6c, 0xce, 0x6c, 0xce, 0x6c, 0xce, 0x6c, 0xce, 0x6c, 0xce, 0x6c, 0xce, 0x6c, 0xce, 0x6c, 0xae, 0x6c, 0xce, 0x6c,
  0xce, 0x6c, 0xce, 0x6c, 0xce, 0x6c, 0xce, 0x6c, 0xce, 0x6c, 0xce, 0x6c, 0xce, 0x6c, 0xce, 0x6c, 0xce, 0x6c, 0xce, 0x6c, 0xce, 0x6c, 0xce, 0x6c, 0xce, 0x6c, 0xce, 0x6c, 0xae, 0x6c, 0xae, 0x6c,
  0xae, 0x6c, 0xae, 0x6c, 0xae, 0x6c, 0xae, 0x6c, 0xce, 0x6c, 0xce, 0x6c, 0xce, 0x6c, 0xce, 0x6c, 0xce, 0x6c, 0xce, 0x6c, 0xce, 0x6c, 0xce, 0x6c, 0xce, 0x6c, 0xce, 0x6c, 0xce, 0x6c, 0xce, 0x6c,
  0xce, 0x6c, 0xce, 0x6c, 0xce, 0x6c, 0xce, 0x6c, 0xce, 0x6c, 0xce, 0x6c, 0xce, 0x64, 0xce, 0x64, 0xae, 0x64, 0xae, 0x64, 0xce, 0x64, 0xce, 0x64, 0xce, 0x64, 0xce, 0x64, 0xce, 0x64, 0xce, 0x64,
  0xce, 0x64, 0xce, 0x64, 0xce, 0x64, 0xce, 0x64, 0xce, 0x64, 0xce, 0x64, 0xce, 0x64, 0xce, 0x64, 0xce, 0x64, 0xce, 0x64, 0xce, 0x64, 0xce, 0x64, 0xce, 0x64, 0xce, 0x64, 0xae, 0x64, 0xae, 0x64,
  0xce, 0x64, 0xce, 0x64, 0xce, 0x64, 0xce, 0x64, 0xce, 0x64, 0xce, 0x64, 0xcf, 0x64, 0xcf, 0x64, 0xcf, 0x64, 0xaf, 0x64, 0xaf, 0x64, 0xaf, 0x64, 0xaf, 0x64, 0xaf, 0x64, 0xaf, 0x64, 0xaf, 0x64,
  0xaf, 0x64, 0xaf, 0x64, 0xaf, 0x64, 0xaf, 0x64, 0xaf, 0x64, 0xaf, 0x64, 0xaf, 0x64, 0xaf, 0x64, 0xaf, 0x64, 0xaf, 0x64, 0xaf, 0x64, 0xaf, 0x64, 0xaf, 0x64, 0xaf, 0x64, 0xaf, 0x64, 0xaf, 0x64,
  0xaf, 0x64, 0xaf, 0x64, 0xaf, 0x64, 0xaf, 0x64, 0xaf, 0x64, 0xaf, 0x64, 0xaf, 0x64, 0xaf, 0x64, 0xaf, 0x64, 0xaf, 0x64, 0xaf, 0x64, 0xaf, 0x64, 0xaf, 0x64, 0xaf, 0x64, 0xaf, 0x64, 0xaf, 0x64,
  0xaf, 0x64, 0xaf, 0x64, 0xaf, 0x64, 0xaf, 0x64, 0xaf, 0x64, 0xaf, 0x64, 0xaf, 0x5c, 0xaf, 0x64, 0xcf, 0x64, 0xec, 0x53, 0x05, 0x2a, 0x23, 0x19, 0x27, 0x19, 0x70, 0x19, 0x37, 0x2a, 0x79, 0x32,
  0x38, 0x2a, 0x18, 0x22, 0x18, 0x22, 0x18, 0x22, 0x18, 0x22, 0x18, 0x22, 0x18, 0x22, 0x18, 0x22, 0x18, 0x22, 0x18, 0x22, 0x18, 0x22, 0x18, 0x22, 0x18, 0x22, 0x17, 0x22, 0x17, 0x22, 0x17, 0x22,
  0x17, 0x22, 0x17, 0x22, 0xf7, 0x21, 0x58, 0x32, 0x78, 0x32, 0x17, 0x2a, 0x17, 0x22, 0x17, 0x22, 0x17, 0x22, 0x17, 0x22, 0x17, 0x22, 0xf7, 0x21, 0xf7, 0x21, 0xf7, 0x21, 0x17, 0x22, 0x17, 0x22,
  0x17, 0x22, 0x17, 0x22, 0x17, 0x22, 0x17, 0x22, 0x17, 0x22, 0xf7, 0x21, 0xf7, 0x21, 0xf7, 0x21, 0xf7, 0x21, 0x37, 0x2a, 0x57, 0x32, 0x17, 0x2a, 0xf7, 0x21, 0xf6, 0x21, 0xf6, 0x21, 0xf6, 0x21,
  0xf7, 0x21, 0xf6, 0x21, 0xf6, 0x21, 0xf6, 0x21, 0xf6, 0x21, 0xf6, 0x21, 0xf6, 0x21, 0xf6, 0x21, 0xf6, 0x21, 0xf6, 0x21, 0xf6, 0x21, 0xf6, 0x21, 0xf6, 0x21, 0xf6, 0x21, 0xf6, 0x21, 0x57, 0x32,
  0x36, 0x2a, 0xf6, 0x21, 0xf6, 0x21, 0xf6, 0x21, 0xf6, 0x21, 0xf6, 0x21, 0xf6, 0x21, 0xf6, 0x21, 0xf6, 0x21, 0xf6, 0x21, 0xf6, 0x21, 0xd6, 0x21, 0xf6, 0x21, 0xf6, 0x21, 0xf6, 0x21, 0xf6, 0x21,
  0xf6, 0x21, 0xf6, 0x21, 0xf6, 0x21, 0xf4, 0x21, 0xd4, 0x21, 0xd4, 0x21, 0xd4, 0x21, 0xf4, 0x21, 0xd5, 0x21, 0xd5, 0x21, 0xd5, 0x21, 0xd4, 0x21, 0xd4, 0x21, 0xd4, 0x21, 0xd4, 0x21, 0xd4, 0x21,
  0xd4, 0x21, 0xd5, 0x21, 0xd5, 0x21, 0xd4, 0x21, 0xd5, 0x21, 0xd5, 0x21, 0xd5, 0x21, 0xd5, 0x21, 0xd3, 0x29, 0xd4, 0x21, 0xd5, 0x21, 0xd4, 0x21, 0xd3, 0x21, 0xd5, 0x21, 0xd5, 0x21, 0xd5, 0x21,
  0xd5, 0x21, 0xd5, 0x21, 0xd5, 0x21, 0xd4, 0x21, 0xd3, 0x21, 0xd3, 0x21, 0xb3, 0x21, 0xd3, 0x21, 0xd3, 0x21, 0xb3, 0x21, 0xd4, 0x21, 0xd4, 0x21, 0xb3, 0x29, 0xd4, 0x21, 0xd4, 0x21, 0xb4, 0x21,
  0xb4, 0x21, 0xb4, 0x21, 0xb3, 0x29, 0xb3, 0x21, 0xb4, 0x21, 0xb4, 0x21, 0xb4, 0x21, 0xb3, 0x21, 0xd2, 0x29, 0xb3, 0x21, 0xb4, 0x21, 0xb4, 0x21, 0xb3, 0x21, 0xb2, 0x21, 0xb3, 0x21, 0xb3, 0x21,
  0xb3, 0x21, 0xb3, 0x21, 0xb3, 0x21, 0xb2, 0x29, 0xb2, 0x21, 0xb3, 0x21, 0xb3, 0x21, 0xb3, 0x21, 0xb3, 0x21, 0xb3, 0x21, 0xb3, 0x21, 0xb3, 0x21, 0xb3, 0x21, 0xb3, 0x21, 0xb3, 0x21, 0xb3, 0x21,
  0x9c, 0x2a, 0x9c, 0x2a, 0x9c, 0x2a, 0x7c, 0x2a, 0x7c, 0x2a, 0x9c, 0x2a, 0x9c, 0x2a, 0x7c, 0x2a, 0xfd, 0x3a, 0x9c, 0x2a, 0x7c, 0x2a, 0x9c, 0x2a, 0x7c, 0x2a, 0x7c, 0x2a, 0x9d, 0x2a, 0x7b, 0x2a,
  0x6f, 0x19, 0xc1, 0x10, 0xa1, 0x10, 0xec, 0x5b, 0xf9, 0xbf, 0xfb, 0xc7, 0xf9, 0xbf, 0xf9, 0xbf, 0xf9, 0xbf, 0xf9, 0xbf, 0xf9, 0xbf, 0xf9, 0xbf, 0xf9, 0xbf, 0xf9, 0xbf, 0xf9, 0xbf, 0xfa, 0xbf,
  0xfa, 0xbf, 0xfa, 0xbf, 0xfa, 0xbf, 0xfa, 0xbf, 0xfa, 0xbf, 0xfa, 0xbf, 0xfa, 0xbf, 0xfa, 0xbf, 0xfa, 0xbf, 0xfa, 0xb7, 0xfa, 0xb7, 0xfa, 0xb7, 0xfa, 0xb7, 0xfa, 0xb7, 0xfa, 0xb7, 0xfa, 0xb7,
  0xfa, 0xb7, 0xfa, 0xb7, 0xfa, 0xb7, 0xfa, 0xb7, 0xfa, 0xb7, 0xfa, 0xb7, 0xfa, 0xb7, 0xfa, 0xb7, 0xfa, 0xb7, 0xfa, 0xb7, 0xfa, 0xb7, 0xfa, 0xb7, 0xfa, 0xb7, 0xfa, 0xb7, 0xfa, 0xb7, 0xfa, 0xb7,
  0xfa, 0xb7, 0xfa, 0xb7, 0xfa, 0xb7, 0xfa, 0xb7, 0xfa, 0xb7, 0xfa, 0xb7, 0xfa, 0xb7, 0xfa, 0xb7, 0xfa, 0xb7, 0xfa, 0xb7, 0xfa, 0xb7, 0xfa, 0xb7, 0xfa, 0xb7, 0xfa, 0xb7, 0xfa, 0xb7, 0xfa, 0xb7,
  0xfa, 0xb7, 0xfa, 0xb7, 0xfa, 0xb7, 0xfb, 0xb7, 0xfb, 0xb7, 0xfb, 0xb7, 0xfa, 0xb7, 0xfa, 0xb7, 0xfa, 0xb7, 0xfa, 0xb7, 0xfb, 0xaf, 0xfb, 0xb7, 0xfb, 0xaf, 0xfb, 0xaf, 0xfb, 0xaf, 0xfb, 0xaf,
  0xfb, 0xaf, 0xfb, 0xaf, 0xfb, 0xaf, 0xfb, 0xaf, 0xfb, 0xaf, 0xfb, 0xaf, 0xfb, 0xaf, 0xfb, 0xaf, 0xfb, 0xaf, 0xfb, 0xaf, 0xfb, 0xaf, 0xfb, 0xaf, 0xfb, 0xaf, 0xfb, 0xaf, 0xfb, 0xaf, 0xfb, 0xaf,
  0xfb, 0xaf, 0xfb, 0xaf, 0xfb, 0xaf, 0xfb, 0xaf, 0xfb, 0xaf, 0xfb, 0xaf, 0xfb, 0xaf, 0xfb, 0xaf, 0xfb, 0xaf, 0xfb, 0xaf, 0xfb, 0xaf, 0xfb, 0xaf, 0xfb, 0xaf, 0xfb, 0xaf, 0xfb, 0xaf, 0xfb, 0xaf,
  0xfb, 0xaf, 0xfb, 0xaf, 0xfb, 0xaf, 0xfb, 0xaf, 0xfb, 0xaf, 0xfb, 0xaf, 0xfb, 0xaf, 0xfb, 0xaf, 0xfb, 0xaf, 0xfb, 0xaf, 0xfb, 0xa7, 0xfb, 0xa7, 0xfb, 0xa7, 0xfb, 0xa7, 0xfb, 0xa7, 0xfb, 0xa7,
  0xfb, 0xa7, 0xfc, 0xa7, 0xfc, 0xa7, 0xfc, 0xa7, 0xfc, 0xa7, 0xfc, 0xa7, 0xfc, 0xa7, 0xfc, 0xa7, 0xfc, 0xa7, 0xfc, 0xa7, 0xfd, 0xaf, 0x79, 0x97, 0xcc, 0x4b, 0x43, 0x19, 0x29, 0x19, 0xf5, 0x29,
  0x59, 0x2a, 0x18, 0x22, 0x18, 0x22, 0x18, 0x22, 0x18, 0x22, 0x18, 0x22, 0x18, 0x22, 0x18, 0x22, 0x18, 0x22, 0x18, 0x22, 0x17, 0x22, 0x17, 0x22, 0x17, 0x22, 0x17, 0x22, 0x17, 0x22, 0x17, 0x22,
  0x17, 0x22, 0x17, 0x22, 0xf7, 0x21, 0x58, 0x32, 0x78, 0x32, 0x17, 0x2a, 0x17, 0x22, 0x18, 0x22, 0x18, 0x22, 0x18, 0x22, 0x18, 0x22, 0x18, 0x22, 0x18, 0x22, 0x18, 0x22, 0x18, 0x22, 0x17, 0x22,
  0x17, 0x22, 0x17, 0x22, 0x17, 0x22, 0x17, 0x22, 0x17, 0x22, 0xf7, 0x21, 0xf7, 0x21, 0x17, 0x22, 0xf7, 0x21, 0x38, 0x2a, 0x78, 0x32, 0x17, 0x2a, 0xf7, 0x21, 0x17, 0x22, 0xf7, 0x21, 0xf7, 0x21,
  0xf7, 0x21, 0xf7, 0x21, 0xf7, 0x21, 0xf7, 0x21, 0xf7, 0x21, 0xf7, 0x21, 0xf7, 0x21, 0xf7, 0x21, 0xf7, 0x21, 0xf7, 0x21, 0xf7, 0x21, 0xf7, 0x21, 0xf7, 0x21, 0xf7, 0x21, 0xf6, 0x21, 0x57, 0x32,
  0x37, 0x2a, 0xf6, 0x21, 0xf6, 0x21, 0xf6, 0x21, 0xf6, 0x21, 0xf6, 0x21, 0xf6, 0x21, 0xf6, 0x21, 0xf6, 0x21, 0xf6, 0x21, 0xf6, 0x21, 0xf6, 0x21, 0xf6, 0x21, 0xf6, 0x21, 0xf6, 0x21, 0xf6, 0x21,
  0xf6, 0x21, 0xf6, 0x21, 0xf6, 0x21, 0xf6, 0x21, 0xd6, 0x21, 0xd6, 0x21, 0xd6, 0x21, 0xd5, 0x21, 0xd5, 0x21, 0xd5, 0x21, 0xd5, 0x21, 0xd5, 0x21, 0xd5, 0x21, 0xd5, 0x21, 0xd5, 0x21, 0xd5, 0x21,
  0xd5, 0x21, 0xd5, 0x21, 0xd5, 0x21, 0xd5, 0x21, 0xd5, 0x21, 0xd5, 0x21, 0xd5, 0x21, 0xd5, 0x21, 0xd5, 0x21, 0xd5, 0x21, 0xd5, 0x21, 0xd5, 0x21, 0xd5, 0x21, 0xd5, 0x21, 0xd5, 0x21, 0xd5, 0x21,
  0xd5, 0x21, 0xd5, 0x21, 0xd5, 0x21, 0xd4, 0x21, 0xd4, 0x21, 0xd4, 0x21, 0xd4, 0x21, 0xd4, 0x21, 0xd4, 0x21, 0xd4, 0x21, 0xd4, 0x21, 0xd4, 0x21, 0xd4, 0x21, 0xd4, 0x21, 0xd4, 0x21, 0xb4, 0x21,
  0xb4, 0x21, 0xb4, 0x21, 0xb4, 0x21, 0xb4, 0x21, 0xb4, 0x21, 0xb4, 0x21, 0xb4, 0x21, 0xb4, 0x21, 0xb4, 0x21, 0xb4, 0x21, 0xb4, 0x21, 0xb4, 0x21, 0xb4, 0x21, 0xb4, 0x21, 0xb3, 0x21, 0xb3, 0x21,
  0xb3, 0x21, 0xb3, 0x21, 0xb3, 0x21, 0xb3, 0x21, 0xb3, 0x21, 0xb3, 0x21, 0xb3, 0x21, 0xb3, 0x21, 0xb3, 0x21, 0xb3, 0x21, 0xb3, 0x21, 0xb3, 0x21, 0xb3, 0x21, 0xb3, 0x21, 0xb3, 0x21, 0xb3, 0x21,
  0x7c, 0x2a, 0x7c, 0x2a, 0x7c, 0x2a, 0x9c, 0x2a, 0x9c, 0x2a, 0x9c, 0x2a, 0x9c, 0x2a, 0x7c, 0x2a, 0xfc, 0x3a, 0x9c, 0x2a, 0x7c, 0x2a, 0x7c, 0x2a, 0x7c, 0x2a, 0x9d, 0x2a, 0x5a, 0x2a, 0x27, 0x19,
  0x02, 0x19, 0xf5, 0x9e, 0x94, 0x96, 0xa2, 0x10, 0x26, 0x32, 0x56, 0xa7, 0xf9, 0xb7, 0xf8, 0xb7, 0xf8, 0xb7, 0xf8, 0xb7, 0xf8, 0xb7, 0xf8, 0xb7, 0xf8, 0xb7, 0xf8, 0xb7, 0xf8, 0xb7, 0xf8, 0xb7,
  0xf8, 0xb7, 0xf8, 0xaf, 0xf8, 0xaf, 0xf9, 0xaf, 0xf9, 0xaf, 0xf9, 0xaf, 0xf9, 0xaf, 0xf8, 0xaf, 0xf8, 0xaf, 0xf8, 0xaf, 0xf9, 0xaf, 0xf9, 0xaf, 0xf9, 0xaf, 0xf9, 0xaf, 0xf9, 0xaf, 0xf9, 0xaf,
  0xf9, 0xaf, 0xf9, 0xaf, 0xf9, 0xaf, 0xf9, 0xaf, 0xf9, 0xaf, 0xf9, 0xaf, 0xf9, 0xaf, 0xf9, 0xaf, 0xf9, 0xaf, 0xf9, 0xaf, 0xf9, 0xaf, 0xf9, 0xaf, 0xf9, 0xaf, 0xf9, 0xaf, 0xf9, 0xaf, 0xf9, 0xaf,
  0xf9, 0xaf, 0xf9, 0xaf, 0xf9, 0xaf, 0xf9, 0xaf, 0xf9, 0xaf, 0xf9, 0xaf, 0xf9, 0xaf, 0xf9, 0xaf, 0xf9, 0xaf, 0xf9, 0xaf, 0xf9, 0xaf, 0xf9, 0xaf, 0xf9, 0xaf, 0xf9, 0xaf, 0xf9, 0xaf, 0xf9, 0xaf,
  0xf9, 0xaf, 0xf9, 0xaf, 0xf9, 0xaf, 0xf9, 0xaf, 0xf9, 0xaf, 0xf9, 0xa7, 0xf9, 0xa7, 0xf9, 0xa7, 0xf9, 0xa7, 0xf9, 0xa7, 0xf9, 0xa7, 0xf9, 0xa7, 0xf9, 0xa7, 0xf9, 0xa7, 0xf9, 0xa7, 0xf9, 0xa7,
  0xf9, 0xa7, 0xfa, 0xa7, 0xfa, 0xa7, 0xf9, 0xa7, 0xf9, 0xa7, 0xfa, 0xa7, 0xfa, 0xa7, 0xfa, 0xa7, 0xfa, 0xa7, 0xfa, 0xa7, 0xfa, 0xa7, 0xfa, 0xa7, 0xfa, 0xa7, 0xfa, 0xa7, 0xfa, 0xa7, 0xfa, 0xa7,
  0xfa, 0xa7, 0xfa, 0xa7, 0xfa, 0xa7, 0xfa, 0xa7, 0xfa, 0xa7, 0xfa, 0xa7, 0xfa, 0xa7, 0xfa, 0xa7, 0xfa, 0xa7, 0xfa, 0xa7, 0xfa, 0xa7, 0xfa, 0xa7, 0xfa, 0xa7, 0xfa, 0xa7, 0xfa, 0xa7, 0xfa, 0xa7,
  0xfa, 0xa7, 0xfa, 0xa7, 0xfa, 0xa7, 0xfa, 0xa7, 0xfa, 0xa7, 0xfa, 0xa7, 0xfa, 0xa7, 0xfa, 0xa7, 0xfa, 0x9f, 0xfa, 0x9f, 0xfa, 0xa7, 0xfa, 0xa7, 0xfa, 0x9f, 0xfa, 0x9f, 0xfa, 0x9f, 0xfa, 0x9f,
  0xfa, 0x9f, 0xfa, 0x9f, 0xfa, 0x9f, 0xfa, 0x9f, 0xfa, 0x9f, 0xfa, 0x9f, 0xfa, 0x9f, 0xfa, 0x9f, 0xfa, 0x9f, 0xfa, 0x9f, 0xfa, 0x9f, 0xfb, 0x9f, 0xfd, 0xaf, 0xf7, 0x8e, 0xa8, 0x32, 0xe8, 0x10,
  0xb3, 0x21, 0xf7, 0x21, 0x18, 0x22, 0x18, 0x22, 0x18, 0x22, 0x18, 0x22, 0x18, 0x22, 0x18, 0x22, 0x17, 0x22, 0x17, 0x22, 0x17, 0x22, 0x17, 0x22, 0x17, 0x22, 0x17, 0x22, 0x17, 0x22, 0x17, 0x22,
  0x17, 0x22, 0x17, 0x22, 0xf7, 0x21, 0x58, 0x32, 0x78, 0x32, 0x17, 0x2a, 0xf6, 0x21, 0xd4, 0x21, 0xb3, 0x21, 0x93, 0x21, 0x93, 0x21, 0x93, 0x21, 0x93, 0x21, 0x93, 0x21, 0x93, 0x21, 0x93, 0x21,
  0x93, 0x21, 0x93, 0x21, 0x93, 0x21, 0x93, 0x21, 0x93, 0x21, 0x93, 0x21, 0x93, 0x21, 0x93, 0x21, 0x93, 0x21, 0xd3, 0x29, 0xf3, 0x29, 0xb3, 0x21, 0x93, 0x19, 0x93, 0x21, 0x93, 0x21, 0x93, 0x21,
  0x93, 0x21, 0x93, 0x21, 0x93, 0x21, 0x93, 0x21, 0x93, 0x21, 0x93, 0x21, 0x93, 0x21, 0x92, 0x21, 0x92, 0x21, 0x93, 0x21, 0x92, 0x21, 0x92, 0x21, 0x92, 0x21, 0x92, 0x21, 0x92, 0x19, 0xd3, 0x29,
  0xb3, 0x21, 0x92, 0x21, 0x92, 0x21, 0x92, 0x19, 0x92, 0x21, 0x92, 0x21, 0x92, 0x21, 0x92, 0x21, 0x92, 0x21, 0x92, 0x21, 0x92, 0x21, 0x92, 0x21, 0x92, 0x21, 0x92, 0x21, 0x92, 0x21, 0x92, 0x21,
  0x92, 0x21, 0x92, 0x21, 0x92, 0x21, 0x92, 0x21, 0x92, 0x21, 0x92, 0x21, 0x92, 0x21, 0x92, 0x21, 0x92, 0x21, 0x92, 0x21, 0x92, 0x21, 0x92, 0x21, 0x92, 0x21, 0x92, 0x21, 0x92, 0x21, 0x92, 0x21,
  0x92, 0x21, 0x92, 0x21, 0x92, 0x21, 0x92, 0x21, 0x92, 0x21, 0x92, 0x21, 0x92, 0x21, 0x92, 0x21, 0x92, 0x21, 0x92, 0x21, 0x92, 0x21, 0x92, 0x21, 0x92, 0x21, 0x92, 0x21, 0x92, 0x21, 0x92, 0x21,
  0x92, 0x21, 0x92, 0x21, 0x92, 0x21, 0x92, 0x21, 0x92, 0x21, 0x92, 0x21, 0x92, 0x21, 0x92, 0x21, 0x92, 0x21, 0x92, 0x21, 0x92, 0x21, 0x92, 0x21, 0x92, 0x21, 0x92, 0x21, 0x92, 0x21, 0x93, 0x21,
  0x93, 0x21, 0x93, 0x21, 0x93, 0x21, 0x93, 0x21, 0x93, 0x21, 0x93, 0x21, 0x93, 0x21, 0x93, 0x21, 0x93, 0x21, 0x93, 0x21, 0xb3, 0x21, 0xb3, 0x21, 0xb3, 0x21, 0xb3, 0x21, 0xb3, 0x21, 0xb3, 0x21,
  0xb3, 0x21, 0xb3, 0x21, 0xb3, 0x21, 0xb3, 0x21, 0xb3, 0x21, 0xb3, 0x21, 0xb3, 0x21, 0xb3, 0x21, 0xb3, 0x21, 0xb3, 0x21, 0xb3, 0x21, 0xb3, 0x21, 0xb3, 0x21, 0xb3, 0x21, 0xb3, 0x21, 0xb3, 0x21,
  0x9c, 0x2a, 0x9c, 0x2a, 0x9c, 0x2a, 0x9c, 0x2a, 0x9c, 0x2a, 0x9c, 0x2a, 0x9c, 0x2a, 0x7c, 0x2a, 0xfc, 0x3a, 0x9c, 0x2a, 0x7c, 0x2a, 0x7c, 0x2a, 0x7c, 0x2a, 0x7c, 0x2a, 0xc6, 0x10, 0x25, 0x32,
  0xb7, 0xaf, 0xf9, 0xbf, 0xf9, 0xbf, 0xd8, 0xaf, 0xe6, 0x29, 0xc2, 0x10, 0xd5, 0x9e, 0xf9, 0xb7, 0xf8, 0xb7, 0xf8, 0xb7, 0xf8, 0xb7, 0xf8, 0xb7, 0xf8, 0xb7, 0xf8, 0xb7, 0xf8, 0xb7, 0xf8, 0xaf,
  0xf8, 0xaf, 0xf9, 0xb7, 0xf9, 0xaf, 0xf9, 0xaf, 0xf9, 0xaf, 0xf8, 0xaf, 0xf8, 0xaf, 0xf9, 0xaf, 0xf9, 0xaf, 0xf9, 0xaf, 0xf9, 0xaf, 0xf9, 0xaf, 0xf9, 0xaf, 0xf9, 0xaf, 0xf9, 0xaf, 0xf9, 0xaf,
  0xf9, 0xaf, 0xf9, 0xaf, 0xf9, 0xaf, 0xf9, 0xaf, 0xf9, 0xaf, 0xf9, 0xaf, 0xf9, 0xaf, 0xf9, 0xaf, 0xf9, 0xaf, 0xf9, 0xaf, 0xf9, 0xaf, 0xf9, 0xaf, 0xf9, 0xaf, 0xf9, 0xaf, 0xf9, 0xaf, 0xf9, 0xaf,
  0xf9, 0xaf, 0xf9, 0xaf, 0xf9, 0xaf, 0xf9, 0xaf, 0xf9, 0xaf, 0xf9, 0xaf, 0xf9, 0xaf, 0xf9, 0xaf, 0xf9, 0xaf, 0xf9, 0xaf, 0xf9, 0xaf, 0xf9, 0xaf, 0xf9, 0xaf, 0xf9, 0xaf, 0xf9, 0xaf, 0xf9, 0xaf,
  0xf9, 0xaf, 0xf9, 0xaf, 0xf9, 0xa7, 0xf9, 0xa7, 0xf9, 0xa7, 0xf9, 0xa7, 0xf9, 0xa7, 0xf9, 0xa7, 0xf9, 0xa7, 0xf9, 0xa7, 0xf9, 0xa7, 0xf9, 0xa7, 0xf9, 0xa7, 0xf9, 0xa7, 0xfa, 0xa7, 0xfa, 0xa7,
  0xfa, 0xa7, 0xf9, 0xa7, 0xf9, 0xa7, 0xfa, 0xa7, 0xfa, 0xa7, 0xfa, 0xa7, 0xfa, 0xa7, 0xfa, 0xa7, 0xfa, 0xa7, 0xfa, 0xa7, 0xfa, 0xa7, 0xfa, 0xa7, 0xfa, 0xa7, 0xfa, 0xa7, 0xfa, 0xa7, 0xfa, 0xa7,
  0xfa, 0xa7, 0xfa, 0xa7, 0xfa, 0xa7, 0xfa, 0xa7, 0xfa, 0xa7, 0xfa, 0xa7, 0xfa, 0xa7, 0xfa, 0xa7, 0xfa, 0xa7, 0xfa, 0xa7, 0xfa, 0xa7, 0xfa, 0xa7, 0xfa, 0xa7, 0xfa, 0xa7, 0xfa, 0xa7, 0xfa, 0xa7,
  0xfa, 0xa7, 0xfa, 0xa7, 0xfa, 0xa7, 0xfa, 0xa7, 0xfa, 0xa7, 0xfa, 0x9f, 0xfa, 0x9f, 0xfa, 0x9f, 0xfa, 0xa7, 0xfa, 0xa7, 0xfa, 0x9f, 0xfa, 0x9f, 0xfa, 0x9f, 0xfa, 0x9f, 0xfa, 0x9f, 0xfa, 0x9f,
  0xfa, 0x9f, 0xfa, 0x9f, 0xfa, 0x9f, 0xfa, 0x9f, 0xfa, 0x9f, 0xfa, 0x9f, 0xfa, 0x9f, 0xfa, 0x9f, 0xfa, 0x9f, 0xfa, 0x9f, 0xdb, 0x9f, 0xdb, 0x9f, 0xdb, 0x9f, 0xfc, 0xa7, 0x59, 0x97, 0x4a, 0x43,
  0x61, 0x08, 0xea, 0x10, 0xb3, 0x19, 0x17, 0x22, 0x18, 0x22, 0x18, 0x22, 0x17, 0x22, 0x17, 0x22, 0x17, 0x22, 0x17, 0x22, 0x17, 0x22, 0x17, 0x22, 0x17, 0x22, 0x17, 0x22, 0x17, 0x22, 0x17, 0x22,
  0x17, 0x22, 0x17, 0x22, 0xf7, 0x21, 0x58, 0x32, 0x78, 0x32, 0x18, 0x2a, 0x6f, 0x21, 0x24, 0x29, 0xa3, 0x41, 0xe4, 0x41, 0xc4, 0x41, 0xc4, 0x41, 0xc4, 0x41, 0xc4, 0x41, 0xc4, 0x41, 0xc4, 0x41,
  0xc4, 0x41, 0xc4, 0x41, 0xc4, 0x41, 0xc4, 0x41, 0xc4, 0x41, 0xc4, 0x41, 0xc4, 0x41, 0xc4, 0x41, 0xc4, 0x41, 0xc4, 0x41, 0xc4, 0x41, 0xc4, 0x41, 0xc4, 0x41, 0xc4, 0x41, 0xc4, 0x41, 0xc4, 0x41,
  0xc4, 0x41, 0xc4, 0x41, 0xc4, 0x41, 0xc4, 0x41, 0xc4, 0x41, 0xc4, 0x41, 0xc4, 0x41, 0xc4, 0x41, 0xc4, 0x41, 0xc4, 0x41, 0xc4, 0x41, 0xc4, 0x41, 0xc4, 0x41, 0xc4, 0x41, 0xc4, 0x41, 0xa4, 0x39,
  0xa4, 0x39, 0xa4, 0x39, 0xc4, 0x39, 0xa5, 0x39, 0xa5, 0x39, 0xa5, 0x39, 0xa5, 0x39, 0xa5, 0x39, 0xa5, 0x39, 0xa5, 0x39, 0xa5, 0x39, 0xa5, 0x39, 0xa5, 0x39, 0xa6, 0x39, 0xa6, 0x39, 0xa6, 0x39,
  0xa6, 0x39, 0xa6, 0x39, 0xa6, 0x39, 0xa7, 0x39, 0xa7, 0x31, 0xa7, 0x31, 0xa7, 0x31, 0xa7, 0x31, 0xa7, 0x31, 0xa8, 0x31, 0xa8, 0x31, 0xa8, 0x31, 0xa8, 0x31, 0xa8, 0x31, 0xa8, 0x31, 0x89, 0x31,
  0x89, 0x31, 0x89, 0x31, 0x89, 0x31, 0x89, 0x31, 0x89, 0x31, 0x89, 0x31, 0x8a, 0x31, 0x8a, 0x31, 0x8a, 0x31, 0x8a, 0x31, 0x8a, 0x31, 0x8a, 0x31, 0x8b, 0x31, 0x8b, 0x31, 0x8b, 0x31, 0x8b, 0x31,
  0x8b, 0x31, 0x8b, 0x29, 0x8c, 0x29, 0x8c, 0x29, 0x8c, 0x29, 0x8c, 0x29, 0x8c, 0x29, 0x8c, 0x29, 0x8d, 0x29, 0x8d, 0x29, 0x8d, 0x29, 0x8d, 0x29, 0x8d, 0x29, 0x8d, 0x29, 0x8d, 0x29, 0x8e, 0x29,
  0x8e, 0x29, 0x8e, 0x29, 0x8e, 0x29, 0x8e, 0x29, 0x8e, 0x29, 0x8f, 0x29, 0x8f, 0x29, 0x8f, 0x29, 0x8f, 0x29, 0x8f, 0x29, 0x8f, 0x29, 0x90, 0x29, 0x90, 0x29, 0x90, 0x29, 0x90, 0x21, 0x90, 0x21,
  0x90, 0x21, 0x91, 0x21, 0x91, 0x21, 0x91, 0x21, 0x91, 0x21, 0x91, 0x21, 0x91, 0x21, 0x92, 0x21, 0x92, 0x21, 0x92, 0x21, 0x92, 0x21, 0x92, 0x21, 0x92, 0x21, 0x93, 0x21, 0xb3, 0x21, 0x93, 0x21,
  0x9c, 0x2a, 0x9c, 0x2a, 0x9c, 0x2a, 0x9c, 0x2a, 0x9c, 0x2a, 0x7c, 0x2a, 0x7c, 0x2a, 0x7c, 0x2a, 0xfc, 0x3a, 0x9c, 0x2a, 0x7c, 0x2a, 0x7c, 0x2a, 0x9d, 0x2a, 0x4f, 0x11, 0xa0, 0x10, 0xb8, 0xaf,
  0xf9, 0xb7, 0xf8, 0xb7, 0xf8, 0xb7, 0xf9, 0xb7, 0xfb, 0xc7, 0x8b, 0x53, 0xc2, 0x10, 0xd5, 0x9e, 0xfa, 0xbf, 0xf9, 0xb7, 0xf9, 0xb7, 0xf8, 0xb7, 0xf8, 0xaf, 0xf8, 0xaf, 0xf9, 0xaf, 0xf9, 0xaf,
  0xf9, 0xaf, 0xf9, 0xaf, 0xf8, 0xaf, 0xf8, 0xaf, 0xf8, 0xaf, 0xf9, 0xaf, 0xf9, 0xaf, 0xf9, 0xaf, 0xf9, 0xaf, 0xf9, 0xaf, 0xf9, 0xaf, 0xf9, 0xaf, 0xf9, 0xaf, 0xf9, 0xaf, 0xf9, 0xaf, 0xf9, 0xaf,
  0xf9, 0xaf, 0xf9, 0xaf, 0xf9, 0xaf, 0xf9, 0xaf, 0xf9, 0xaf, 0xf9, 0xaf, 0xf9, 0xaf, 0xf9, 0xaf, 0xf9, 0xaf, 0xf9, 0xaf, 0xf9, 0xaf, 0xf9, 0xaf, 0xf9, 0xaf, 0xf9, 0xaf, 0xf9, 0xaf, 0xf9, 0xaf,
  0xf9, 0xaf, 0xf9, 0xaf, 0xf9, 0xaf, 0xf9, 0xaf, 0xf9, 0xaf, 0xf9, 0xaf, 0xf9, 0xaf, 0xf9, 0xaf, 0xf9, 0xaf, 0xf9, 0xaf, 0xf9, 0xaf, 0xf9, 0xaf, 0xf9, 0xaf, 0xf9, 0xaf, 0xf9, 0xaf, 0xf9, 0xaf,
  0xf9, 0xa7, 0xf9, 0xa7, 0xf9, 0xa7, 0xf9, 0xa7, 0xf9, 0xa7, 0xf9, 0xa7, 0xf9, 0xa7, 0xf9, 0xa7, 0xf9, 0xa7, 0xf9, 0xa7, 0xf9, 0xa7, 0xf9, 0xa7, 0xfa, 0xa7, 0xfa, 0xa7, 0xf9, 0xa7, 0xf9, 0xa7,
  0xf9, 0xa7, 0xfa, 0xa7, 0xfa, 0xa7, 0xfa, 0xa7, 0xfa, 0xa7, 0xfa, 0xa7, 0xfa, 0xa7, 0xfa, 0xa7, 0xfa, 0xa7, 0xfa, 0xa7, 0xfa, 0xa7, 0xfa, 0xa7, 0xfa, 0xa7, 0xfa, 0xa7, 0xfa, 0xa7, 0xfa, 0xa7,
  0xfa, 0xa7, 0xfa, 0xa7, 0xfa, 0xa7, 0xfa, 0xa7, 0xfa, 0xa7, 0xfa, 0xa7, 0xfa, 0xa7, 0xfa, 0xa7, 0xfa, 0xa7, 0xfa, 0xa7, 0xfa, 0xa7, 0xfa, 0xa7, 0xfa, 0xa7, 0xfa, 0xa7, 0xfa, 0xa7, 0xfa, 0xa7,
  0xfa, 0xa7, 0xfa, 0xa7, 0xfa, 0xa7, 0xfa, 0x9f, 0xfa, 0x9f, 0xfa, 0xa7, 0xfa, 0xa7, 0xfa, 0x9f, 0xfa, 0x9f, 0xfa, 0x9f, 0xfa, 0x9f, 0xfa, 0x9f, 0xfa, 0x9f, 0xfa, 0x9f, 0xfa, 0x9f, 0xfa, 0x9f,
  0xfa, 0x9f, 0xfa, 0x9f, 0xfa, 0x9f, 0xfa, 0x9f, 0xfa, 0x9f, 0xfa, 0x9f, 0xfa, 0x9f, 0xfa, 0x9f, 0xdb, 0x9f, 0xdb, 0x9f, 0xfb, 0x9f, 0xfb, 0x9f, 0xfa, 0x9f, 0xfa, 0x9f, 0xfb, 0xa7, 0x59, 0x97,
  0x0a, 0x3b, 0x40, 0x08, 0xe2, 0x10, 0x4b, 0x19, 0xd5, 0x21, 0x18, 0x22, 0x17, 0x22, 0x17, 0x22, 0x17, 0x22, 0x17, 0x22, 0x17, 0x22, 0x17, 0x22, 0x17, 0x22, 0x17, 0x22, 0x17, 0x22, 0x17, 0x22,
  0x17, 0x22, 0x17, 0x22, 0xf7, 0x21, 0x58, 0x32, 0x78, 0x32, 0x38, 0x2a, 0x4f, 0x19, 0xeb, 0x5a, 0x36, 0xd7, 0xfb, 0xff, 0xfa, 0xff, 0xfb, 0xff, 0xfa, 0xf7, 0xfa, 0xf7, 0xfb, 0xf7, 0xfb, 0xf7,
  0xfb, 0xf7, 0xfb, 0xf7, 0xfb, 0xf7, 0xfb, 0xef, 0xfb, 0xef, 0xfb, 0xef, 0xfb, 0xef, 0xfb, 0xef, 0xfb, 0xef, 0xfb, 0xef, 0xfb, 0xe7, 0xfb, 0xe7, 0xfb, 0xe7, 0xfb, 0xe7, 0xfb, 0xe7, 0xfb, 0xe7,
  0xfb, 0xe7, 0xfb, 0xe7, 0xfc, 0xdf, 0xfc, 0xdf, 0xfc, 0xdf, 0xfc, 0xdf, 0xfc, 0xdf, 0xfc, 0xdf, 0xfc, 0xdf, 0xfc, 0xd7, 0xfc, 0xd7, 0xfc, 0xd7, 0xfc, 0xd7, 0xfc, 0xd7, 0xfc, 0xd7, 0xfc, 0xd7,
  0xfc, 0xd7, 0xfc, 0xcf, 0xfc, 0xcf, 0xfc, 0xcf, 0xfc, 0xcf, 0xdc, 0xcf, 0xdd, 0xcf, 0xdd, 0xcf, 0xdd, 0xc7, 0xdd, 0xc7, 0xdd, 0xc7, 0xdd, 0xc7, 0x9d, 0xbf, 0x9d, 0xbf, 0x7c, 0xbf, 0x7c, 0xbf,
  0x5c, 0xb7, 0x3c, 0xb7, 0x3c, 0xb7, 0x1c, 0xb7, 0x1c, 0xaf, 0xfc, 0xae, 0xdb, 0xae, 0xdb, 0xae, 0xbb, 0xae, 0xbb, 0xa6, 0x9b, 0xa6, 0x9b, 0xa6, 0x7b, 0xa6, 0x5b, 0x9e, 0x5b, 0x9e, 0x3a, 0x9e,
  0x3a, 0x9e, 0x1a, 0x96, 0x1a, 0x96, 0xfa, 0x95, 0xda, 0x95, 0xda, 0x95, 0xba, 0x8d, 0xba, 0x8d, 0x99, 0x8d, 0x79, 0x8d, 0x79, 0x85, 0x59, 0x85, 0x59, 0x85, 0x39, 0x85, 0x39, 0x7d, 0x19, 0x7d,
  0x18, 0x7d, 0xf8, 0x7c, 0xf8, 0x74, 0xd8, 0x74, 0xb8, 0x74, 0xb8, 0x74, 0x98, 0x6c, 0x98, 0x6c, 0x77, 0x6c, 0x57, 0x6c, 0x57, 0x6c, 0x37, 0x64, 0x37, 0x64, 0x17, 0x64, 0x17, 0x64, 0xf7, 0x5b,
  0xd6, 0x5b, 0xd6, 0x5b, 0xb6, 0x5b, 0xb6, 0x53, 0x96, 0x53, 0x96, 0x53, 0x76, 0x53, 0x56, 0x53, 0x56, 0x4b, 0x36, 0x4b, 0x35, 0x4b, 0x15, 0x4b, 0xf5, 0x42, 0xf5, 0x42, 0xd5, 0x42, 0xd5, 0x42,
  0xb5, 0x3a, 0xb5, 0x3a, 0x94, 0x3a, 0x94, 0x3a, 0x74, 0x3a, 0x74, 0x32, 0x54, 0x32, 0x34, 0x32, 0x34, 0x32, 0x14, 0x2a, 0x13, 0x2a, 0xf3, 0x29, 0xd3, 0x29, 0xd3, 0x21, 0x93, 0x21, 0xb3, 0x21,
  0x9c, 0x2a, 0x9c, 0x2a, 0x7c, 0x2a, 0x7c, 0x2a, 0x7c, 0x2a, 0x7c, 0x2a, 0x7c, 0x2a, 0x7c, 0x2a, 0xfc, 0x3a, 0x9c, 0x2a, 0x7c, 0x2a, 0x7c, 0x2a, 0x7b, 0x2a, 0x20, 0x08, 0x53, 0x8e, 0xfa, 0xbf,
  0xf8, 0xb7, 0xf8, 0xb7, 0xf8, 0xb7, 0xf8, 0xb7, 0xf9, 0xb7, 0xfb, 0xc7, 0x8b, 0x53, 0x62, 0x08, 0x56, 0xa7, 0xf5, 0x9e, 0x77, 0xa7, 0xf9, 0xb7, 0xf9, 0xb7, 0xf9, 0xaf, 0xf9, 0xaf, 0xf9, 0xaf,
  0xf8, 0xaf, 0xf8, 0xaf, 0xf9, 0xaf, 0xf9, 0xaf, 0xf9, 0xaf, 0xf9, 0xaf, 0xf9, 0xaf, 0xf9, 0xaf, 0xf9, 0xb7, 0xf9, 0xb7, 0xf9, 0xb7, 0xf9, 0xb7, 0xf9, 0xb7, 0xf9, 0xb7, 0xf9, 0xb7, 0xf9, 0xb7,
  0xf9, 0xb7, 0xf9, 0xb7, 0xf9, 0xb7, 0xf9, 0xb7, 0xf9, 0xb7, 0xf9, 0xb7, 0xf9, 0xb7, 0xf9, 0xb7, 0xf9, 0xb7, 0xf9, 0xb7, 0xf9, 0xaf, 0xf9, 0xaf, 0xf9, 0xaf, 0xf9, 0xaf, 0xf9, 0xaf, 0xf9, 0xaf,
  0xf9, 0xaf, 0xf9, 0xaf, 0xf9, 0xaf, 0xf9, 0xaf, 0xf9, 0xaf, 0xf9, 0xaf, 0xf9, 0xaf, 0xf9, 0xaf, 0xf9, 0xaf, 0xf9, 0xaf, 0xf9, 0xaf, 0xf9, 0xaf, 0xf9, 0xaf, 0xf9, 0xa7, 0xf9, 0xa7, 0xf9, 0xa7,
  0xf9, 0xa7, 0xf9, 0xa7, 0xf9, 0xa7, 0xf9, 0xa7, 0xf9, 0xa7, 0xf9, 0xa7, 0xf9, 0xa7, 0xf9, 0xa7, 0xf9, 0xa7, 0xfa, 0xa7, 0xfa, 0xa7, 0xfa, 0xa7, 0xf9, 0xa7, 0xf9, 0xa7, 0xfa, 0xa7, 0xfa, 0xa7,
  0xfa, 0xa7, 0xfa, 0xa7, 0xfa, 0xa7, 0xfa, 0xa7, 0xfa, 0xa7, 0xfa, 0xa7, 0xfa, 0xa7, 0xfa, 0xa7, 0xfa, 0xa7, 0xfa, 0xa7, 0xfa, 0xa7, 0xfa, 0xa7, 0xfa, 0xa7, 0xfa, 0xa7, 0xfa, 0xa7, 0xfa, 0xa7,
  0xfa, 0xa7, 0xfa, 0xa7, 0xfa, 0xa7, 0xfa, 0xa7, 0xfa, 0xa7, 0xfa, 0xa7, 0xfa, 0xa7, 0xfa, 0xa7, 0xfa, 0xa7, 0xfa, 0xa7, 0xfa, 0xa7, 0xfa, 0xa7, 0xfa, 0xa7, 0xfa, 0xa7, 0xfa, 0xa7, 0xfa, 0xa7,
  0xfa, 0x9f, 0xfa, 0x9f, 0xfa, 0x9f, 0xfa, 0xa7, 0xfa, 0xa7, 0xfa, 0x9f, 0xfa, 0x9f, 0xfa, 0x9f, 0xfa, 0x9f, 0xfa, 0x9f, 0xfa, 0x9f, 0xfa, 0x9f, 0xfa, 0x9f, 0xfa, 0x9f, 0xfa, 0x9f, 0xfa, 0x9f,
  0xfa, 0x9f, 0xfa, 0x9f, 0xfa, 0x9f, 0xfa, 0x9f, 0xfa, 0x9f, 0xdb, 0x9f, 0xdb, 0x9f, 0xdb, 0x9f, 0xfb, 0x9f, 0xfa, 0x9f, 0xfa, 0x9f, 0xfa, 0x9f, 0xfb, 0x9f, 0xfb, 0x9f, 0xfb, 0x9f, 0xfc, 0xa7,
  0xd4, 0x75, 0xc8, 0x3a, 0x06, 0x43, 0x02, 0x32, 0xe7, 0x10, 0xb4, 0x21, 0x18, 0x22, 0x17, 0x22, 0x17, 0x22, 0x17, 0x22, 0x17, 0x22, 0x17, 0x22, 0x17, 0x22, 0x17, 0x22, 0x17, 0x22, 0xf7, 0x21,
  0xf7, 0x21, 0x17, 0x22, 0xf7, 0x21, 0x58, 0x32, 0x78, 0x32, 0x38, 0x2a, 0x4f, 0x19, 0xcb, 0x52, 0xb4, 0xc6, 0xf9, 0xef, 0xf8, 0xe7, 0xd9, 0xe7, 0xd9, 0xe7, 0xd9, 0xe7, 0xd9, 0xe7, 0xd9, 0xdf,
  0xd9, 0xdf, 0xd9, 0xdf, 0xd9, 0xdf, 0xb9, 0xdf, 0xb9, 0xdf, 0xb9, 0xdf, 0xb9, 0xdf, 0xb9, 0xd7, 0xb9, 0xd7, 0xb9, 0xd7, 0xb9, 0xd7, 0x99, 0xd7, 0x99, 0xd7, 0x99, 0xd7, 0x99, 0xd7, 0x99, 0xcf,
  0x99, 0xcf, 0x99, 0xcf, 0x99, 0xcf, 0x7a, 0xcf, 0x7a, 0xcf, 0x7a, 0xcf, 0x7a, 0xcf, 0x7a, 0xc7, 0x7a, 0xc7, 0x7a, 0xc7, 0x7a, 0xc7, 0x5a, 0xc7, 0x5a, 0xc7, 0x5a, 0xc7, 0x5a, 0xc7, 0x5a, 0xbf,
  0x5a, 0xbf, 0x5a, 0xbf, 0x3a, 0xbf, 0x3a, 0xbf, 0x3a, 0xbf, 0x3a, 0xbf, 0x3a, 0xbf, 0x3a, 0xb7, 0x3a, 0xb7, 0x3a, 0xb7, 0x3b, 0xb7, 0x1b, 0xb7, 0xfa, 0xae, 0xfa, 0xae, 0xda, 0xae, 0xd9, 0xae,
  0xb9, 0xa6, 0xb9, 0xa6, 0x99, 0xa6, 0x99, 0xa6, 0x79, 0xa6, 0x79, 0x9e, 0x59, 0x9e, 0x59, 0x9e, 0x39, 0x9e, 0x39, 0x9e, 0x19, 0x96, 0x18, 0x96, 0xf8, 0x95, 0xf8, 0x95, 0xd8, 0x95, 0xd8, 0x8d,
  0xb8, 0x8d, 0xb8, 0x8d, 0x98, 0x8d, 0x78, 0x8d, 0x78, 0x85, 0x58, 0x85, 0x58, 0x85, 0x57, 0x85, 0x37, 0x7d, 0x37, 0x7d, 0x17, 0x7d, 0x17, 0x7d, 0xf7, 0x7c, 0xf7, 0x74, 0xd7, 0x74, 0xb7, 0x74,
  0xb7, 0x74, 0x97, 0x74, 0x97, 0x6c, 0x76, 0x6c, 0x76, 0x6c, 0x56, 0x6c, 0x56, 0x6c, 0x36, 0x64, 0x36, 0x64, 0x16, 0x64, 0x16, 0x64, 0xf6, 0x5b, 0xf6, 0x5b, 0xd6, 0x5b, 0xd6, 0x5b, 0xb6, 0x5b,
  0xb5, 0x53, 0x95, 0x53, 0x95, 0x53, 0x75, 0x53, 0x75, 0x53, 0x55, 0x4b, 0x55, 0x4b, 0x35, 0x4b, 0x15, 0x4b, 0x15, 0x4b, 0xf5, 0x42, 0xf5, 0x42, 0xd4, 0x42, 0xd4, 0x42, 0xb4, 0x42, 0xb4, 0x3a,
  0xb4, 0x3a, 0x94, 0x3a, 0x94, 0x3a, 0x74, 0x32, 0x54, 0x32, 0x54, 0x32, 0x34, 0x32, 0x34, 0x32, 0x13, 0x2a, 0x13, 0x2a, 0xf3, 0x29, 0xf3, 0x29, 0xd3, 0x29, 0xd3, 0x21, 0xb3, 0x21, 0xb3, 0x21,
  0x7c, 0x2a, 0x7c, 0x2a, 0x7c, 0x2a, 0x7c, 0x2a, 0x7c, 0x2a, 0x7c, 0x2a, 0x7c, 0x2a, 0x7c, 0x2a, 0xfc, 0x3a, 0x9c, 0x2a, 0x7c, 0x2a, 0x9d, 0x2a, 0x4d, 0x19, 0x46, 0x32, 0xfb, 0xc7, 0xf8, 0xb7,
  0xf8, 0xb7, 0xf8, 0xb7, 0xf8, 0xb7, 0xf9, 0xb7, 0xf9, 0xb7, 0xf5, 0x9e, 0x71, 0x7d, 0x20, 0x00, 0x21, 0x00, 0x84, 0x21, 0x6a, 0x4b, 0xb2, 0x7d, 0x57, 0xa7, 0xf9, 0xb7, 0xf8, 0xaf, 0xf8, 0xaf,
  0xf9, 0xaf, 0xf9, 0xaf, 0xf9, 0xaf, 0xf9, 0xaf, 0xf9, 0xaf, 0xf9, 0xaf, 0xf9, 0xaf, 0xf9, 0xaf, 0x94, 0x8e, 0xb5, 0x96, 0xb5, 0x96, 0xb5, 0x96, 0xb5, 0x96, 0xb5, 0x96, 0xb5, 0x96, 0xb5, 0x96,
  0xb5, 0x8e, 0xb5, 0x8e, 0xb5, 0x8e, 0xb5, 0x8e, 0xb5, 0x8e, 0xb5, 0x8e, 0xb5, 0x96, 0xb5, 0x8e, 0xb5, 0x8e, 0xb5, 0x8e, 0xb5, 0x8e, 0x16, 0x9f, 0xfa, 0xb7, 0xf9, 0xaf, 0xf9, 0xaf, 0xf9, 0xaf,
  0xf9, 0xaf, 0xf9, 0xaf, 0xf9, 0xaf, 0xf9, 0xaf, 0xf9, 0xaf, 0xf9, 0xaf, 0xf9, 0xaf, 0xf9, 0xaf, 0xf9, 0xaf, 0xf9, 0xaf, 0xf9, 0xaf, 0xf9, 0xa7, 0xf9, 0xa7, 0xf9, 0xa7, 0xf9, 0xa7, 0xf9, 0xa7,
  0xf9, 0xa7, 0xf9, 0xa7, 0xf9, 0xa7, 0xf9, 0xa7, 0xf9, 0xa7, 0xf9, 0xa7, 0xf9, 0xa7, 0xfa, 0xa7, 0xfa, 0xa7, 0xf9, 0xa7, 0xf9, 0xa7, 0xf9, 0xa7, 0xfa, 0xa7, 0xfa, 0xa7, 0xfa, 0xa7, 0xfa, 0xa7,
  0xfa, 0xa7, 0xfa, 0xa7, 0xfa, 0xa7, 0xfa, 0xa7, 0xfa, 0xa7, 0xfa, 0xa7, 0xfa, 0xa7, 0xfa, 0xa7, 0xfa, 0xa7, 0xfa, 0xa7, 0xfa, 0xa7, 0xfa, 0xa7, 0xfa, 0xa7, 0xfa, 0xa7, 0xfa, 0xa7, 0xfa, 0xa7,
  0xfa, 0xa7, 0xfa, 0xa7, 0xfa, 0xa7, 0xfa, 0xa7, 0xfa, 0xa7, 0xfa, 0xa7, 0xfa, 0xa7, 0xfa, 0xa7, 0xfa, 0xa7, 0xfa, 0xa7, 0xfa, 0xa7, 0xfa, 0xa7, 0xfa, 0xa7, 0xfa, 0xa7, 0xfa, 0x9f, 0xfa, 0x9f,
  0xfa, 0xa7, 0xfa, 0xa7, 0xfa, 0x9f, 0xfa, 0x9f, 0xfa, 0x9f, 0xfa, 0x9f, 0xfa, 0x9f, 0xfa, 0x9f, 0xfa, 0x9f, 0xfa, 0x9f, 0xfa, 0x9f, 0xfa, 0x9f, 0xfa, 0x9f, 0xfa, 0x9f, 0xfa, 0x9f, 0xfa, 0x9f,
  0xfa, 0x9f, 0xfa, 0x9f, 0xfa, 0x9f, 0xdb, 0x9f, 0xdb, 0x9f, 0xfb, 0x9f, 0xfb, 0x9f, 0xfa, 0x9f, 0xfa, 0x9f, 0xfb, 0x9f, 0xfb, 0x9f, 0xfb, 0x9f, 0xfb, 0x9f, 0xfb, 0x9f, 0xfb, 0x9f, 0xfb, 0x9f,
  0xfb, 0x9f, 0x6c, 0x43, 0x06, 0x43, 0x6d, 0x96, 0xc5, 0x42, 0xc7, 0x10, 0xb4, 0x21, 0x18, 0x22, 0x17, 0x22, 0x17, 0x22, 0x17, 0x22, 0x17, 0x22, 0x17, 0x22, 0xf7, 0x21, 0xf7, 0x21, 0x17, 0x22,
  0x17, 0x22, 0xf6, 0x21, 0xd5, 0x21, 0x35, 0x2a, 0x35, 0x32, 0xf6, 0x29, 0x2e, 0x19, 0xaa, 0x52, 0x94, 0xc6, 0xf9, 0xe7, 0xd9, 0xe7, 0xd9, 0xe7, 0xd9, 0xdf, 0xd9, 0xdf, 0xd9, 0xdf, 0xd9, 0xdf,
  0xd9, 0xdf, 0xd9, 0xdf, 0xb9, 0xdf, 0xb9, 0xdf, 0xb9, 0xd7, 0xb9, 0xd7, 0xb9, 0xd7, 0xb9, 0xd7, 0x99, 0xd7, 0x99, 0xd7, 0x99, 0xd7, 0x99, 0xd7, 0x99, 0xd7, 0xba, 0xd7, 0x99, 0xcf, 0x99, 0xcf,
  0x7a, 0xcf, 0x7a, 0xcf, 0x7a, 0xcf, 0x7a, 0xcf, 0x7a, 0xc7, 0x7a, 0xc7, 0x7a, 0xc7, 0x7a, 0xc7, 0x7a, 0xc7, 0x5a, 0xc7, 0x5a, 0xc7, 0x5a, 0xc7, 0x5a, 0xc7, 0x5a, 0xbf, 0x5a, 0xbf, 0x5a, 0xbf,
  0x3a, 0xbf, 0x3a, 0xbf, 0x3a, 0xbf, 0x3a, 0xbf, 0x3a, 0xb7, 0x3a, 0xb7, 0x3a, 0xb7, 0x3a, 0xb7, 0x1b, 0xb7, 0x1b, 0xb7, 0x1b, 0xb7, 0x1b, 0xb7, 0xdb, 0xae, 0xdb, 0xae, 0xbb, 0xae, 0xba, 0xae,
  0x9a, 0xa6, 0x9a, 0xa6, 0x7a, 0xa6, 0x7a, 0xa6, 0x5a, 0xa6, 0x5a, 0x9e, 0x3a, 0x9e, 0x3a, 0x9e, 0x1a, 0x9e, 0x19, 0x9e, 0xf9, 0x95, 0xf9, 0x95, 0xd9, 0x95, 0xd9, 0x95, 0xb9, 0x95, 0xb9, 0x8d,
  0x99, 0x8d, 0x99, 0x8d, 0x79, 0x8d, 0x59, 0x8d, 0x58, 0x85, 0x58, 0x85, 0x38, 0x85, 0x38, 0x85, 0x18, 0x7d, 0x18, 0x7d, 0xf8, 0x7c, 0xf8, 0x7c, 0xd8, 0x7c, 0xd8, 0x74, 0xb7, 0x74, 0x97, 0x74,
  0x97, 0x74, 0x77, 0x74, 0x77, 0x6c, 0x57, 0x6c, 0x57, 0x6c, 0x37, 0x6c, 0x37, 0x6c, 0x17, 0x64, 0x16, 0x64, 0xf6, 0x63, 0xf6, 0x63, 0xd6, 0x5b, 0xd6, 0x5b, 0xb6, 0x5b, 0xb6, 0x5b, 0x96, 0x5b,
  0x96, 0x53, 0x76, 0x53, 0x76, 0x53, 0x56, 0x53, 0x55, 0x53, 0x35, 0x4b, 0x35, 0x4b, 0x15, 0x4b, 0xf5, 0x4a, 0xf5, 0x4a, 0xd5, 0x42, 0xd5, 0x42, 0xb5, 0x42, 0xb5, 0x42, 0xb5, 0x42, 0x94, 0x3a,
  0x94, 0x3a, 0x74, 0x3a, 0x74, 0x3a, 0x54, 0x32, 0x34, 0x32, 0x34, 0x32, 0x14, 0x32, 0x14, 0x32, 0xf4, 0x29, 0xf3, 0x29, 0xd3, 0x29, 0xd3, 0x29, 0xb3, 0x29, 0xb3, 0x21, 0x93, 0x21, 0x93, 0x21,
  0x7c, 0x2a, 0x7c, 0x2a, 0x7c, 0x2a, 0x7c, 0x2a, 0x7c, 0x2a, 0x7c, 0x2a, 0x7c, 0x2a, 0x7c, 0x2a, 0xfc, 0x3a, 0x9c, 0x2a, 0x7c, 0x2a, 0x9d, 0x2a, 0x00, 0x00, 0x53, 0x8e, 0xf9, 0xb7, 0xf8, 0xb7,
  0xf8, 0xb7, 0xf8, 0xb7, 0xf8, 0xb7, 0xf9, 0xb7, 0x33, 0x8e, 0xc2, 0x10, 0x00, 0x00, 0x82, 0x19, 0x20, 0x00, 0x62, 0x19, 0x01, 0x11, 0x00, 0x00, 0x67, 0x32, 0x77, 0xa7, 0xf9, 0xb7, 0xf9, 0xaf,
  0xf9, 0xaf, 0xf9, 0xaf, 0xf9, 0xaf, 0xf9, 0xaf, 0xf9, 0xaf, 0xf9, 0xaf, 0xf9, 0xaf, 0x13, 0x86, 0xe6, 0x09, 0x89, 0x12, 0x88, 0x12, 0x88, 0x12, 0x88, 0x12, 0x88, 0x12, 0x88, 0x12, 0x88, 0x12,
  0x88, 0x12, 0x88, 0x12, 0x88, 0x12, 0x88, 0x12, 0x88, 0x12, 0x88, 0x12, 0x88, 0x12, 0x88, 0x12, 0x88, 0x12, 0x88, 0x12, 0x88, 0x12, 0x4a, 0x33, 0xb8, 0xa7, 0xf9, 0xaf, 0xf9, 0xaf, 0xf9, 0xaf,
  0xf9, 0xaf, 0xf9, 0xaf, 0xf9, 0xaf, 0xf9, 0xaf, 0xf9, 0xaf, 0xf9, 0xaf, 0xf9, 0xaf, 0xf9, 0xaf, 0xf9, 0xa7, 0xf9, 0xa7, 0xf9, 0xa7, 0xf9, 0xa7, 0xf9, 0xa7, 0xf9, 0xa7, 0xf9, 0xa7, 0xf9, 0xa7,
  0xf9, 0xa7, 0xf9, 0xa7, 0xf9, 0xa7, 0xf9, 0xa7, 0xf9, 0xa7, 0xfa, 0xa7, 0xfa, 0xa7, 0xf9, 0xa7, 0xf9, 0xa7, 0xfa, 0xa7, 0xfa, 0xa7, 0xfa, 0xa7, 0xfa, 0xa7, 0xfa, 0xa7, 0xfa, 0xa7, 0xfa, 0xa7,
  0xfa, 0xa7, 0xfa, 0xa7, 0xfa, 0xa7, 0xfa, 0xa7, 0xfa, 0xa7, 0xfa, 0xa7, 0xfa, 0xa7, 0xfa, 0xa7, 0xfa, 0xa7, 0xfa, 0xa7, 0xfa, 0xa7, 0xfa, 0xa7, 0xfa, 0xa7, 0xfa, 0xa7, 0xfa, 0xa7, 0xfa, 0xa7,
  0xfa, 0xa7, 0xfa, 0xa7, 0xfa, 0xa7, 0xfa, 0xa7, 0xfa, 0xa7, 0xfa, 0xa7, 0xfa, 0xa7, 0xfa, 0xa7, 0xfa, 0xa7, 0xfa, 0xa7, 0xfa, 0xa7, 0xfa, 0x9f, 0xfa, 0x9f, 0xfa, 0x9f, 0xfa, 0xa7, 0xfa, 0xa7,
  0xfa, 0x9f, 0xfa, 0x9f, 0xfa, 0x9f, 0xfa, 0x9f, 0xfa, 0x9f, 0xfa, 0x9f, 0xfa, 0x9f, 0xfa, 0x9f, 0xfa, 0x9f, 0xfa, 0x9f, 0xfa, 0x9f, 0xfa, 0x9f, 0xfa, 0x9f, 0xfa, 0x9f, 0xfa, 0x9f, 0xfa, 0x9f,
  0xdb, 0x9f, 0xdb, 0x9f, 0xdb, 0x9f, 0xfb, 0x9f, 0xfa, 0x9f, 0xfa, 0x9f, 0xfa, 0x9f, 0xfb, 0x9f, 0xfb, 0x9f, 0xfb, 0x9f, 0xfb, 0x9f, 0xfb, 0x9f, 0xfb, 0x9f, 0xfb, 0x9f, 0xfb, 0x9f, 0xfb, 0x9f,
  0xfc, 0xa7, 0x73, 0x6d, 0xc8, 0x3a, 0xed, 0x85, 0xef, 0x9e, 0xa4, 0x3a, 0x0a, 0x11, 0xf6, 0x21, 0x17, 0x22, 0x17, 0x22, 0xf7, 0x21, 0xf7, 0x21, 0xf7, 0x21, 0x17, 0x22, 0x17, 0x22, 0x17, 0x22,
  0x17, 0x22, 0xb1, 0x21, 0x6c, 0x21, 0xac, 0x29, 0xac, 0x29, 0xad, 0x29, 0xe8, 0x18, 0xa9, 0x52, 0x95, 0xc6, 0xf9, 0xe7, 0xd9, 0xdf, 0xd9, 0xdf, 0xd9, 0xdf, 0xd9, 0xdf, 0xd9, 0xdf, 0xd9, 0xdf,
  0xd9, 0xdf, 0xd9, 0xdf, 0xd9, 0xdf, 0xd9, 0xdf, 0xda, 0xdf, 0xda, 0xdf, 0xb9, 0xd7, 0x99, 0xd7, 0x99, 0xd7, 0x99, 0xd7, 0xba, 0xd7, 0x99, 0xcf, 0x59, 0xc7, 0x38, 0xc7, 0x9a, 0xcf, 0x9a, 0xcf,
  0x7a, 0xcf, 0x7a, 0xcf, 0x7a, 0xc7, 0x7a, 0xc7, 0x9a, 0xcf, 0x7a, 0xc7, 0x19, 0xbf, 0x19, 0xbf, 0x7a, 0xc7, 0x7a, 0xc7, 0x5a, 0xbf, 0x5a, 0xbf, 0x5a, 0xbf, 0x5a, 0xbf, 0x7b, 0xbf, 0x5b, 0xbf,
  0x3a, 0xbf, 0x3a, 0xbf, 0x3a, 0xb7, 0x3a, 0xb7, 0x3a, 0xb7, 0x3b, 0xb7, 0x1b, 0xb7, 0x1b, 0xb7, 0x1b, 0xb7, 0x1b, 0xb7, 0x1b, 0xaf, 0x1b, 0xaf, 0xdb, 0xae, 0xdb, 0xae, 0xbb, 0xae, 0xba, 0xae,
  0x9a, 0xa6, 0x9a, 0xa6, 0x7a, 0xa6, 0x7a, 0xa6, 0x5a, 0xa6, 0x5a, 0x9e, 0x3a, 0x9e, 0x3a, 0x9e, 0x1a, 0x9e, 0x19, 0x9e, 0xf9, 0x95, 0xf9, 0x95, 0xd9, 0x95, 0xd9, 0x95, 0xb9, 0x95, 0xb9, 0x8d,
  0x99, 0x8d, 0x99, 0x8d, 0x79, 0x8d, 0x59, 0x8d, 0x58, 0x85, 0x58, 0x85, 0x38, 0x85, 0x38, 0x85, 0x18, 0x7d, 0x18, 0x7d, 0xf8, 0x7c, 0xf8, 0x7c, 0xd8, 0x7c, 0xd8, 0x74, 0xb7, 0x74, 0x97, 0x74,
  0x97, 0x74, 0x77, 0x74, 0x77, 0x6c, 0x57, 0x6c, 0x57, 0x6c, 0x37, 0x6c, 0x37, 0x6c, 0x17, 0x64, 0x16, 0x64, 0xf6, 0x63, 0xf6, 0x63, 0xd6, 0x5b, 0xd6, 0x5b, 0xb6, 0x5b, 0xb6, 0x5b, 0x96, 0x5b,
  0x96, 0x53, 0x76, 0x53, 0x76, 0x53, 0x56, 0x53, 0x55, 0x53, 0x35, 0x4b, 0x35, 0x4b, 0x15, 0x4b, 0xf5, 0x4a, 0xf5, 0x4a, 0xd5, 0x42, 0xd5, 0x42, 0xb5, 0x42, 0xb5, 0x42, 0xb5, 0x42, 0x94, 0x3a,
  0x94, 0x3a, 0x74, 0x3a, 0x74, 0x3a, 0x54, 0x32, 0x34, 0x32, 0x34, 0x32, 0x14, 0x32, 0x14, 0x32, 0xf4, 0x29, 0xf3, 0x29, 0xd3, 0x29, 0xd3, 0x29, 0xb3, 0x29, 0xb3, 0x21, 0x93, 0x21, 0x93, 0x21,
  0x7c, 0x2a, 0x7c, 0x2a, 0x7c, 0x2a, 0x7c, 0x2a, 0x7c, 0x2a, 0x7c, 0x2a, 0x7c, 0x2a, 0x7c, 0x2a, 0xfc, 0x3a, 0x7c, 0x2a, 0x7c, 0x2a, 0x3a, 0x2a, 0x00, 0x00, 0xfc, 0xcf, 0xf8, 0xb7, 0xf8, 0xb7,
  0xf8, 0xb7, 0xf8, 0xb7, 0xf9, 0xb7, 0xd5, 0x96, 0x00, 0x00, 0x21, 0x11, 0xe4, 0x32, 0xe4, 0x32, 0x22, 0x11, 0x22, 0x11, 0x05, 0x33, 0xa4, 0x2a, 0x80, 0x08, 0xa5, 0x29, 0xfa, 0xb7, 0xf9, 0xaf,
  0xf9, 0xaf, 0xf9, 0xaf, 0xf9, 0xaf, 0xf9, 0xaf, 0xf9, 0xaf, 0xf9, 0xaf, 0xb8, 0xa7, 0x65, 0x09, 0x9a, 0x37, 0xfd, 0x3f, 0xfd, 0x3f, 0xfd, 0x3f, 0xfc, 0x3f, 0xfc, 0x3f, 0xfc, 0x3f, 0xfc, 0x3f,
  0xfd, 0x3f, 0xfc, 0x3f, 0xfc, 0x3f, 0xfd, 0x3f, 0xfd, 0x3f, 0xfd, 0x3f, 0xfd, 0x3f, 0xfd, 0x3f, 0xfc, 0x3f, 0xfc, 0x3f, 0xfb, 0x3f, 0x4e, 0x24, 0x6e, 0x5c, 0xfa, 0xb7, 0xf9, 0xaf, 0xf9, 0xaf,
  0xf9, 0xaf, 0xf9, 0xaf, 0xf9, 0xaf, 0xf9, 0xaf, 0xf9, 0xaf, 0xf9, 0xaf, 0xf9, 0xa7, 0xf9, 0xa7, 0xf9, 0xaf, 0xf9, 0xa7, 0xf9, 0xa7, 0xf9, 0xa7, 0xf9, 0xa7, 0xf9, 0xa7, 0xf9, 0xa7, 0xf9, 0xa7,
  0xf9, 0xa7, 0xf9, 0xa7, 0xfa, 0xa7, 0xfa, 0xa7, 0xfa, 0xa7, 0xf9, 0xa7, 0xf9, 0xa7, 0xfa, 0xa7, 0xfa, 0xa7, 0xfa, 0xa7, 0xfa, 0xa7, 0xfa, 0xa7, 0xfa, 0xa7, 0xfa, 0xa7, 0xfa, 0xa7, 0xfa, 0xa7,
  0xfa, 0xa7, 0xfa, 0xa7, 0xfa, 0xa7, 0xfa, 0xa7, 0xfa, 0xa7, 0xfa, 0xa7, 0xfa, 0xa7, 0xfa, 0xa7, 0xfa, 0xa7, 0xfa, 0xa7, 0xfa, 0xa7, 0xfa, 0xa7, 0xfa, 0xa7, 0xfa, 0xa7, 0xfa, 0xa7, 0xfa, 0xa7,
  0xfa, 0xa7, 0xfa, 0xa7, 0xfa, 0xa7, 0xfa, 0xa7, 0xfa, 0xa7, 0xfa, 0xa7, 0xfa, 0xa7, 0xfa, 0xa7, 0xfa, 0xa7, 0xfa, 0x9f, 0xfa, 0x9f, 0xfa, 0xa7, 0xfa, 0xa7, 0xfa, 0x9f, 0xfa, 0x9f, 0xfa, 0x9f,
  0xfa, 0x9f, 0xfa, 0x9f, 0xfa, 0x9f, 0xfa, 0x9f, 0xfa, 0x9f, 0xfa, 0x9f, 0xfa, 0x9f, 0xfa, 0x9f, 0xfa, 0x9f, 0xfa, 0x9f, 0xfa, 0x9f, 0xfa, 0x9f, 0xfa, 0x9f, 0xfa, 0x9f, 0xdb, 0x9f, 0xdb, 0x9f,
  0xfb, 0x9f, 0xfb, 0x9f, 0xfa, 0x9f, 0xfa, 0x9f, 0xfb, 0x9f, 0xfb, 0x9f, 0xfb, 0x9f, 0xfb, 0x9f, 0xfb, 0x9f, 0xfb, 0x9f, 0xfb, 0x9f, 0xfb, 0x9f, 0xfb, 0x9f, 0xfb, 0x9f, 0xfb, 0x9f, 0xfb, 0x9f,
  0xfb, 0x9f, 0xf8, 0x8e, 0xea, 0x3a, 0x49, 0x64, 0xf2, 0xb7, 0x8c, 0x7d, 0xa4, 0x21, 0x4e, 0x19, 0x18, 0x22, 0x17, 0x22, 0x17, 0x22, 0x17, 0x22, 0x17, 0x22, 0x17, 0x22, 0x17, 0x22, 0x17, 0x22,
  0x18, 0x22, 0x8e, 0x21, 0x2b, 0x2a, 0x53, 0x33, 0x95, 0x33, 0xb5, 0x33, 0x4d, 0x22, 0xea, 0x52, 0x94, 0xbe, 0xf9, 0xe7, 0xd9, 0xdf, 0xd9, 0xdf, 0xb9, 0xdf, 0xb9, 0xdf, 0xd9, 0xdf, 0x75, 0xb6,
  0xb2, 0x9d, 0xb2, 0x9d, 0x92, 0x9d, 0x92, 0x9d, 0x14, 0xa6, 0xd7, 0xbe, 0x99, 0xcf, 0x99, 0xd7, 0x99, 0xcf, 0xba, 0xd7, 0xf8, 0xbe, 0x52, 0x8d, 0xed, 0x6b, 0xcd, 0x6b, 0xb3, 0x9d, 0x39, 0xc7,
  0x7a, 0xcf, 0x7a, 0xc7, 0x7a, 0xc7, 0x9a, 0xc7, 0xd8, 0xb6, 0x12, 0x85, 0xcd, 0x63, 0xad, 0x63, 0x94, 0x95, 0x19, 0xb7, 0x5a, 0xbf, 0x5a, 0xbf, 0x19, 0xb7, 0xb4, 0x95, 0xb5, 0x95, 0xfa, 0xb6,
  0x3b, 0xbf, 0x3a, 0xb7, 0x3a, 0xb7, 0x1b, 0xb7, 0x1b, 0xb7, 0x1b, 0xb7, 0x1b, 0xb7, 0x1b, 0xb7, 0x1b, 0xaf, 0x1b, 0xaf, 0x1b, 0xaf, 0xfb, 0xae, 0xdb, 0xa6, 0xdb, 0xa6, 0xbb, 0xa6, 0xba, 0xa6,
  0x9a, 0x9e, 0x9a, 0x9e, 0x7a, 0x9e, 0x7a, 0x9e, 0x5a, 0x9e, 0x5a, 0x96, 0x3a, 0x96, 0x3a, 0x96, 0x1a, 0x96, 0x19, 0x96, 0xf9, 0x8d, 0xf9, 0x8d, 0xd9, 0x8d, 0xd9, 0x8d, 0xb9, 0x8d, 0xb9, 0x85,
  0x99, 0x85, 0x99, 0x85, 0x79, 0x85, 0x59, 0x7d, 0x58, 0x7d, 0x58, 0x7d, 0x38, 0x7d, 0x38, 0x7d, 0x18, 0x75, 0x18, 0x75, 0xf8, 0x74, 0xf8, 0x74, 0xd8, 0x74, 0xd8, 0x6c, 0xb7, 0x6c, 0x97, 0x6c,
  0x97, 0x6c, 0x77, 0x6c, 0x77, 0x64, 0x57, 0x64, 0x57, 0x64, 0x37, 0x64, 0x37, 0x64, 0x17, 0x5c, 0x16, 0x5c, 0xf6, 0x5b, 0xf6, 0x5b, 0xd6, 0x53, 0xd6, 0x53, 0xb6, 0x53, 0xb6, 0x53, 0x96, 0x53,
  0x96, 0x4b, 0x76, 0x4b, 0x76, 0x4b, 0x56, 0x4b, 0x55, 0x4b, 0x35, 0x43, 0x35, 0x43, 0x15, 0x43, 0xf5, 0x42, 0xf5, 0x42, 0xd5, 0x3a, 0xd5, 0x3a, 0xb5, 0x3a, 0xb5, 0x3a, 0xb5, 0x32, 0x94, 0x32,
  0x94, 0x32, 0x74, 0x32, 0x74, 0x32, 0x54, 0x2a, 0x34, 0x2a, 0x34, 0x2a, 0x14, 0x2a, 0x14, 0x22, 0xf4, 0x21, 0xf3, 0x21, 0xd3, 0x21, 0xd3, 0x21, 0xb3, 0x21, 0xb3, 0x19, 0x93, 0x19, 0x93, 0x19,
  0x7c, 0x2a, 0x7c, 0x2a, 0x7c, 0x2a, 0x7c, 0x2a, 0x7c, 0x2a, 0x7c, 0x2a, 0x7c, 0x2a, 0x7c, 0x2a, 0xfc, 0x3a, 0x9c, 0x2a, 0x7c, 0x2a, 0xb4, 0x19, 0x83, 0x21, 0xfb, 0xc7, 0xf8, 0xb7, 0xf8, 0xb7,
  0xf8, 0xaf, 0xf9, 0xb7, 0xfa, 0xb7, 0x06, 0x32, 0xc1, 0x08, 0x05, 0x33, 0xc4, 0x2a, 0xc4, 0x2a, 0x23, 0x22, 0x81, 0x08, 0xe4, 0x32, 0xc4, 0x2a, 0xa4, 0x2a, 0x00, 0x00, 0x71, 0x7d, 0xfa, 0xb7,
  0xf9, 0xaf, 0xf9, 0xaf, 0xf9, 0xaf, 0xf9, 0xaf, 0xf9, 0xaf, 0xf9, 0xaf, 0xb8, 0xaf, 0x65, 0x09, 0xfd, 0x3f, 0xda, 0x3f, 0x96, 0x36, 0x96, 0x36, 0xfb, 0x3f, 0xda, 0x3f, 0xdb, 0x3f, 0x9a, 0x3f,
  0x14, 0x2e, 0x9a, 0x3f, 0xfb, 0x3f, 0x96, 0x36, 0xf4, 0x2d, 0xf4, 0x2d, 0x55, 0x2e, 0x59, 0x37, 0xfb, 0x3f, 0xdb, 0x3f, 0xba, 0x37, 0x72, 0x2d, 0x2d, 0x54, 0xfa, 0xb7, 0xf9, 0xaf, 0xf9, 0xaf,
  0xf9, 0xaf, 0xf9, 0xaf, 0xf9, 0xaf, 0xf9, 0xa7, 0xf9, 0xa7, 0xf9, 0xa7, 0xf9, 0xa7, 0xf9, 0xa7, 0xf9, 0xa7, 0xf9, 0xa7, 0xf9, 0xa7, 0xf9, 0xa7, 0xf9, 0xa7, 0xf9, 0xa7, 0xf9, 0xa7, 0xf9, 0xa7,
  0xfa, 0xa7, 0xfa, 0xa7, 0xf9, 0xa7, 0xf9, 0xa7, 0xfa, 0xa7, 0xfa, 0xa7, 0xfa, 0xa7, 0xfa, 0xa7, 0xfa, 0xa7, 0xfa, 0xa7, 0xfa, 0xa7, 0xfa, 0xa7, 0xfa, 0xa7, 0xfa, 0xa7, 0xfa, 0xa7, 0xfa, 0xa7,
  0xfa, 0xa7, 0xfa, 0xa7, 0xfa, 0xa7, 0xfa, 0xa7, 0xfa, 0xa7, 0xfa, 0xa7, 0xfa, 0xa7, 0xfa, 0xa7, 0xfa, 0xa7, 0xfa, 0xa7, 0xfa, 0xa7, 0xfa, 0xa7, 0xfa, 0xa7, 0xfa, 0xa7, 0xfa, 0xa7, 0xfa, 0xa7,
  0xfa, 0xa7, 0xfa, 0xa7, 0xfa, 0xa7, 0xfa, 0xa7, 0xfa, 0xa7, 0xfa, 0xa7, 0xfa, 0x9f, 0xfa, 0x9f, 0xfa, 0x9f, 0xfa, 0xa7, 0xfa, 0xa7, 0xfa, 0x9f, 0xfa, 0x9f, 0xfa, 0x9f, 0xfa, 0x9f, 0xfa, 0x9f,
  0xfa, 0x9f, 0xfa, 0x9f, 0xfa, 0x9f, 0xfa, 0x9f, 0xfa, 0x9f, 0xfa, 0x9f, 0xfa, 0x9f, 0xfa, 0x9f, 0xfa, 0x9f, 0xfa, 0x9f, 0xfa, 0x9f, 0xfa, 0x9f, 0xdb, 0x9f, 0xdb, 0x9f, 0xfb, 0x9f, 0xfa, 0x9f,
  0xfa, 0x9f, 0xfa, 0x9f, 0xfb, 0x9f, 0xfb, 0x9f, 0xfb, 0x9f, 0xfb, 0x9f, 0xfb, 0x9f, 0xfb, 0x9f, 0xfb, 0x9f, 0xfb, 0x9f, 0xfb, 0x9f, 0xfb, 0x9f, 0xfb, 0x9f, 0xfb, 0x9f, 0xfb, 0x9f, 0xfb, 0x9f,
  0xfb, 0x9f, 0xfb, 0x9f, 0x2b, 0x3b, 0x87, 0x53, 0xf1, 0xaf, 0xb1, 0xaf, 0x86, 0x4b, 0xa9, 0x08, 0xd6, 0x21, 0x17, 0x22, 0x17, 0x22, 0x17, 0x22, 0x17, 0x22, 0x17, 0x22, 0xf7, 0x21, 0xf7, 0x21,
  0x18, 0x22, 0x8e, 0x21, 0xf1, 0x2a, 0x1f, 0x3d, 0x7f, 0x3d, 0x9f, 0x3d, 0x96, 0x2b, 0x2c, 0x53, 0x74, 0xbe, 0xf9, 0xe7, 0xb9, 0xdf, 0xb9, 0xdf, 0xb9, 0xdf, 0xb9, 0xdf, 0xda, 0xdf, 0x47, 0x42,
  0x00, 0x00, 0x00, 0x00, 0x00, 0x00, 0x00, 0x00, 0x00, 0x00, 0xe6, 0x31, 0xf4, 0xa5, 0x9a, 0xcf, 0xba, 0xd7, 0xd7, 0xbe, 0xa9, 0x4a, 0x00, 0x00, 0x00, 0x00, 0x00, 0x00, 0x61, 0x08, 0xcd, 0x63,
  0x18, 0xbf, 0x9a, 0xc7, 0x9b, 0xc7, 0xb8, 0xb6, 0x89, 0x42, 0x00, 0x00, 0x00, 0x00, 0x00, 0x00, 0x41, 0x08, 0xee, 0x63, 0xf9, 0xb6, 0x9b, 0xc7, 0xb5, 0x95, 0x82, 0x10, 0x00, 0x00, 0x95, 0x8d,
  0x5b, 0xbf, 0x1b, 0xb7, 0x1b, 0xb7, 0x1b, 0xb7, 0x1b, 0xb7, 0x1b, 0xaf, 0x1b, 0xaf, 0x1b, 0xaf, 0x1b, 0xaf, 0xfb, 0xae, 0xfb, 0xae, 0xfb, 0xae, 0xbb, 0xa6, 0xbb, 0xa6, 0x9b, 0xa6, 0x9a, 0xa6,
  0x7a, 0xa6, 0x7a, 0x9e, 0x5a, 0x9e, 0x5a, 0x9e, 0x3a, 0x9e, 0x3a, 0x9e, 0x1a, 0x96, 0x1a, 0x96, 0xfa, 0x95, 0xf9, 0x95, 0xd9, 0x95, 0xd9, 0x8d, 0xb9, 0x8d, 0xb9, 0x8d, 0x99, 0x8d, 0x99, 0x8d,
  0x79, 0x85, 0x79, 0x85, 0x59, 0x85, 0x59, 0x85, 0x58, 0x85, 0x38, 0x7d, 0x18, 0x7d, 0x18, 0x7d, 0xf8, 0x7c, 0xf8, 0x7c, 0xd8, 0x74, 0xd8, 0x74, 0xb8, 0x74, 0xb8, 0x74, 0x97, 0x74, 0x97, 0x6c,
  0x77, 0x6c, 0x77, 0x6c, 0x57, 0x6c, 0x57, 0x6c, 0x37, 0x6c, 0x37, 0x64, 0x17, 0x64, 0x17, 0x64, 0xf6, 0x63, 0xf6, 0x5b, 0xd6, 0x5b, 0xd6, 0x5b, 0xb6, 0x5b, 0xb6, 0x5b, 0x96, 0x53, 0x96, 0x53,
  0x76, 0x53, 0x76, 0x53, 0x56, 0x53, 0x56, 0x4b, 0x35, 0x4b, 0x35, 0x4b, 0x15, 0x4b, 0x15, 0x4b, 0xf5, 0x4a, 0xf5, 0x42, 0xd5, 0x42, 0xd5, 0x42, 0xb5, 0x42, 0xb5, 0x42, 0x95, 0x3a, 0x94, 0x3a,
  0x74, 0x3a, 0x74, 0x3a, 0x54, 0x3a, 0x54, 0x32, 0x34, 0x32, 0x34, 0x32, 0x14, 0x32, 0x14, 0x32, 0xf4, 0x29, 0xf3, 0x29, 0xd3, 0x29, 0xd3, 0x29, 0xb3, 0x21, 0xb3, 0x21, 0x93, 0x21, 0x93, 0x21,
  0x7c, 0x2a, 0x7c, 0x2a, 0x7c, 0x2a, 0x7c, 0x2a, 0x7c, 0x2a, 0x7c, 0x2a, 0x7c, 0x2a, 0x7c, 0x2a, 0xfc, 0x3a, 0x9c, 0x2a, 0x9c, 0x2a, 0x2f, 0x11, 0x25, 0x32, 0xfa, 0xbf, 0xf8, 0xaf, 0xf9, 0xaf,
  0xf9, 0xaf, 0xf9, 0xb7, 0xf9, 0xaf, 0x00, 0x00, 0x84, 0x2a, 0xc4, 0x2a, 0xc4, 0x2a, 0xc4, 0x2a, 0xe3, 0x21, 0xa1, 0x08, 0xe4, 0x32, 0xc4, 0x2a, 0xc4, 0x2a, 0xc3, 0x19, 0x03, 0x19, 0xfb, 0xbf,
  0xf9, 0xaf, 0xf9, 0xaf, 0xf9, 0xaf, 0xf9, 0xaf, 0xf9, 0xaf, 0xf9, 0xaf, 0xb8, 0xa7, 0x85, 0x09, 0xfd, 0x3f, 0xba, 0x3f, 0x88, 0x12, 0xc2, 0x08, 0xfc, 0x3f, 0xfb, 0x3f, 0xda, 0x3f, 0x72, 0x2d,
  0x00, 0x00, 0xd7, 0x36, 0x76, 0x2e, 0x24, 0x09, 0x82, 0x00, 0xe3, 0x08, 0xa2, 0x08, 0x6c, 0x1b, 0xba, 0x3f, 0xfb, 0x3f, 0xba, 0x37, 0x72, 0x2d, 0x2d, 0x54, 0xfb, 0xb7, 0xf9, 0xaf, 0xf9, 0xaf,
  0xf9, 0xaf, 0xf9, 0xa7, 0xf9, 0xa7, 0xf9, 0xaf, 0xf9, 0xa7, 0xf9, 0xa7, 0xf9, 0xa7, 0xf9, 0xa7, 0xf9, 0xa7, 0xf9, 0xa7, 0xf9, 0xa7, 0xf9, 0xa7, 0xf9, 0xa7, 0xfa, 0xa7, 0xfa, 0xa7, 0xfa, 0xa7,
  0xf9, 0xa7, 0xf9, 0xa7, 0xfa, 0xa7, 0xfa, 0xa7, 0xfa, 0xa7, 0xfa, 0xa7, 0xfa, 0xa7, 0xfa, 0xa7, 0xfa, 0xa7, 0xfa, 0xa7, 0xfa, 0xa7, 0xfa, 0xa7, 0xfa, 0xa7, 0xfa, 0xa7, 0xfa, 0xa7, 0xfa, 0xa7,
  0xfa, 0xa7, 0xfa, 0xa7, 0xfa, 0xa7, 0xfa, 0xa7, 0xfa, 0xa7, 0xfa, 0xa7, 0xfa, 0xa7, 0xfa, 0xa7, 0xfa, 0xa7, 0xfa, 0xa7, 0xfa, 0xa7, 0xfa, 0xa7, 0xfa, 0xa7, 0xfa, 0xa7, 0xfa, 0xa7, 0xfa, 0xa7,
  0xfa, 0xa7, 0xfa, 0xa7, 0xfa, 0xa7, 0xfa, 0xa7, 0xfa, 0x9f, 0xfa, 0x9f, 0xfa, 0xa7, 0xfa, 0xa7, 0xfa, 0x9f, 0xfa, 0x9f, 0xfa, 0x9f, 0xfa, 0x9f, 0xfa, 0x9f, 0xfa, 0x9f, 0xfa, 0x9f, 0xfa, 0x9f,
  0xfa, 0x9f, 0xfa, 0x9f, 0xfa, 0x9f, 0xfa, 0x9f, 0xfa, 0x9f, 0xfa, 0x9f, 0xfa, 0x9f, 0xfa, 0x9f, 0xfa, 0x9f, 0xdb, 0x9f, 0xdb, 0x9f, 0xdb, 0x9f, 0xfb, 0x9f, 0xfa, 0x9f, 0xfa, 0x9f, 0xfb, 0x9f,
  0xfb, 0x9f, 0xfb, 0x9f, 0xfb, 0x9f, 0xfb, 0x9f, 0xfb, 0x9f, 0xfb, 0x9f, 0xfb, 0x9f, 0xfb, 0x9f, 0xfb, 0x9f, 0xfb, 0x9f, 0xfb, 0x9f, 0xfb, 0x9f, 0xfb, 0x9f, 0xfb, 0x9f, 0xfb, 0x9f, 0xfb, 0x9f,
  0xfb, 0x9f, 0xfd, 0xa7, 0x6c, 0x43, 0x46, 0x4b, 0xf1, 0xaf, 0xd1, 0xaf, 0x8c, 0x7d, 0xe6, 0x29, 0x70, 0x19, 0x18, 0x22, 0x17, 0x22, 0x17, 0x22, 0xf7, 0x21, 0xf7, 0x21, 0xf7, 0x21, 0xf7, 0x21,
  0xf8, 0x21, 0x8e, 0x21, 0xd0, 0x32, 0xfe, 0x3c, 0x5f, 0x3d, 0x7f, 0x3d, 0x75, 0x2b, 0x0c, 0x53, 0x74, 0xbe, 0xf9, 0xdf, 0xb9, 0xd7, 0xb9, 0xd7, 0xb9, 0xd7, 0xb9, 0xd7, 0xda, 0xdf, 0xa9, 0x4a,
  0x00, 0x00, 0xea, 0x52, 0xf1, 0x8c, 0x0e, 0x74, 0xa5, 0x29, 0x00, 0x00, 0xa9, 0x4a, 0xd7, 0xbe, 0xdb, 0xd7, 0x2b, 0x5b, 0x00, 0x00, 0x27, 0x3a, 0x6f, 0x74, 0x4f, 0x74, 0x44, 0x21, 0x00, 0x00,
  0xd1, 0x7c, 0x7a, 0xc7, 0x9b, 0xc7, 0xea, 0x4a, 0x00, 0x00, 0x28, 0x3a, 0x50, 0x74, 0x4f, 0x6c, 0x24, 0x19, 0x00, 0x00, 0xd2, 0x7c, 0x7b, 0xbf, 0xd6, 0x95, 0x04, 0x19, 0x61, 0x08, 0xb5, 0x95,
  0x5b, 0xb7, 0x1b, 0xb7, 0x1b, 0xb7, 0x1b, 0xaf, 0x1b, 0xaf, 0x1b, 0xaf, 0xfb, 0xae, 0xfb, 0xae, 0xfb, 0xae, 0xfb, 0xae, 0xfb, 0xae, 0xfb, 0xa6, 0xbb, 0xa6, 0xbb, 0xa6, 0x9b, 0xa6, 0x9a, 0xa6,
  0x7a, 0xa6, 0x7a, 0x9e, 0x5a, 0x9e, 0x5a, 0x9e, 0x3a, 0x9e, 0x3a, 0x9e, 0x1a, 0x96, 0x1a, 0x96, 0xfa, 0x95, 0xf9, 0x95, 0xd9, 0x95, 0xd9, 0x8d, 0xb9, 0x8d, 0xb9, 0x8d, 0x99, 0x8d, 0x99, 0x8d,
  0x79, 0x85, 0x79, 0x85, 0x59, 0x85, 0x59, 0x85, 0x58, 0x85, 0x38, 0x7d, 0x18, 0x7d, 0x18, 0x7d, 0xf8, 0x7c, 0xf8, 0x7c, 0xd8, 0x74, 0xd8, 0x74, 0xb8, 0x74, 0xb8, 0x74, 0x97, 0x74, 0x97, 0x6c,
  0x77, 0x6c, 0x77, 0x6c, 0x57, 0x6c, 0x57, 0x6c, 0x37, 0x6c, 0x37, 0x64, 0x17, 0x64, 0x17, 0x64, 0xf6, 0x63, 0xf6, 0x5b, 0xd6, 0x5b, 0xd6, 0x5b, 0xb6, 0x5b, 0xb6, 0x5b, 0x96, 0x53, 0x96, 0x53,
  0x76, 0x53, 0x76, 0x53, 0x56, 0x53, 0x56, 0x4b, 0x35, 0x4b, 0x35, 0x4b, 0x15, 0x4b, 0x15, 0x4b, 0xf5, 0x4a, 0xf5, 0x42, 0xd5, 0x42, 0xd5, 0x42, 0xb5, 0x42, 0xb5, 0x42, 0x95, 0x3a, 0x94, 0x3a,
  0x74, 0x3a, 0x74, 0x3a, 0x54, 0x3a, 0x54, 0x32, 0x34, 0x32, 0x34, 0x32, 0x14, 0x32, 0x14, 0x32, 0xf4, 0x29, 0xf3, 0x29, 0xd3, 0x29, 0xd3, 0x29, 0xb3, 0x21, 0xb3, 0x21, 0x93, 0x21, 0x93, 0x21,
  0x7c, 0x2a, 0x7c, 0x2a, 0x7c, 0x2a, 0x7c, 0x2a, 0x7c, 0x2a, 0x7c, 0x2a, 0x7c, 0x2a, 0x7c, 0x2a, 0xfc, 0x3a, 0x9c, 0x2a, 0x9d, 0x2a, 0xcc, 0x08, 0x2c, 0x5c, 0xfa, 0xbf, 0xf9, 0xaf, 0xf9, 0xaf,
  0xf9, 0xaf, 0xf9, 0xb7, 0x53, 0x8e, 0x00, 0x00, 0x05, 0x33, 0xc4, 0x2a, 0xc4, 0x2a, 0xc4, 0x2a, 0x22, 0x11, 0x22, 0x11, 0xe4, 0x32, 0xc4, 0x2a, 0xc4, 0x2a, 0x63, 0x2a, 0x00, 0x00, 0xfc, 0xc7,
  0xf9, 0xaf, 0xf9, 0xaf, 0xf9, 0xaf, 0xf9, 0xaf, 0xf9, 0xaf, 0xf9, 0xaf, 0xb8, 0xaf, 0x85, 0x09, 0xfd, 0x3f, 0xdb, 0x3f, 0xf4, 0x2d, 0x00, 0x00, 0x76, 0x36, 0xfb, 0x3f, 0x9a, 0x3f, 0xa9, 0x12,
  0x27, 0x12, 0xfb, 0x3f, 0xe3, 0x08, 0x27, 0x12, 0xda, 0x3f, 0xfc, 0x3f, 0x6f, 0x24, 0x20, 0x00, 0x8f, 0x24, 0xfc, 0x3f, 0xba, 0x37, 0x72, 0x2d, 0x2d, 0x54, 0xfb, 0xb7, 0xf9, 0xa7, 0xf9, 0xa7,
  0xf9, 0xa7, 0xf9, 0xa7, 0xf9, 0xa7, 0xf9, 0xa7, 0xf9, 0xa7, 0xf9, 0xa7, 0xf9, 0xa7, 0xf9, 0xa7, 0xf9, 0xa7, 0xf9, 0xa7, 0xf9, 0xa7, 0xfa, 0xa7, 0xfa, 0xa7, 0xf9, 0xa7, 0xf9, 0xa7, 0xfa, 0xa7,
  0xfa, 0xa7, 0xfa, 0xa7, 0xfa, 0xa7, 0xfa, 0xa7, 0xfa, 0xa7, 0xfa, 0xa7, 0xfa, 0xa7, 0xfa, 0xa7, 0xfa, 0xa7, 0xfa, 0xa7, 0xfa, 0xa7, 0xfa, 0xa7, 0xfa, 0xa7, 0xfa, 0xa7, 0xfa, 0xa7, 0xfa, 0xa7,
  0xfa, 0xa7, 0xfa, 0xa7, 0xfa, 0xa7, 0xfa, 0xa7, 0xfa, 0xa7, 0xfa, 0xa7, 0xfa, 0xa7, 0xfa, 0xa7, 0xfa, 0xa7, 0xfa, 0xa7, 0xfa, 0xa7, 0xfa, 0xa7, 0xfa, 0xa7, 0xfa, 0xa7, 0xfa, 0xa7, 0xfa, 0xa7,
  0xfa, 0xa7, 0xfa, 0x9f, 0xfa, 0x9f, 0xfa, 0x9f, 0xfa, 0xa7, 0xfa, 0xa7, 0xfa, 0x9f, 0xfa, 0x9f, 0xfa, 0x9f, 0xfa, 0x9f, 0xfa, 0x9f, 0xfa, 0x9f, 0xfa, 0x9f, 0xfa, 0x9f, 0xfa, 0x9f, 0xfa, 0x9f,
  0xfa, 0x9f, 0xfa, 0x9f, 0xfa, 0x9f, 0xfa, 0x9f, 0xfa, 0x9f, 0xfa, 0x9f, 0xfa, 0x9f, 0xdb, 0x9f, 0xdb, 0x9f, 0xfb, 0x9f, 0xfa, 0x9f, 0xfa, 0x9f, 0xfa, 0x9f, 0xfb, 0x9f, 0xfb, 0x9f, 0xfb, 0x9f,
  0xfb, 0x9f, 0xfb, 0x9f, 0xfb, 0x9f, 0xfb, 0x9f, 0xfb, 0x9f, 0xfb, 0x9f, 0xfb, 0x9f, 0xfb, 0x9f, 0xfb, 0x9f, 0xfb, 0x9f, 0xfb, 0x9f, 0xfb, 0x9f, 0xfb, 0x9f, 0xfb, 0x9f, 0xfb, 0x9f, 0xfb, 0x9f,
  0xfb, 0x9f, 0xfd, 0xa7, 0x6c, 0x43, 0x67, 0x4b, 0xf1, 0xaf, 0x91, 0xa7, 0xef, 0x96, 0xc5, 0x3a, 0xec, 0x10, 0x18, 0x22, 0xf7, 0x21, 0xf7, 0x21, 0xf7, 0x21, 0xf7, 0x21, 0xf7, 0x21, 0xf7, 0x21,
  0x18, 0x22, 0x8e, 0x21, 0xf0, 0x32, 0xfe, 0x3c, 0x5f, 0x3d, 0x7f, 0x3d, 0x75, 0x2b, 0x0c, 0x53, 0x55, 0xbe, 0xda, 0xdf, 0xb9, 0xd7, 0xb9, 0xd7, 0x99, 0xd7, 0xb9, 0xd7, 0xda, 0xd7, 0xa9, 0x4a,
  0x00, 0x00, 0x8f, 0x7c, 0xfb, 0xdf, 0xfc, 0xe7, 0xd4, 0x9d, 0x24, 0x21, 0xc2, 0x10, 0xd4, 0x9d, 0x76, 0xae, 0x44, 0x21, 0xa2, 0x10, 0x15, 0xa6, 0xfc, 0xd7, 0xfd, 0xd7, 0x70, 0x74, 0x41, 0x08,
  0xe7, 0x31, 0x77, 0xae, 0x16, 0x9e, 0x04, 0x19, 0xc3, 0x10, 0x36, 0x9e, 0xdd, 0xcf, 0xfd, 0xcf, 0x2f, 0x6c, 0x20, 0x00, 0x07, 0x32, 0x78, 0xa6, 0xf6, 0x95, 0x04, 0x19, 0x61, 0x08, 0xb6, 0x8d,
  0x5b, 0xb7, 0x1b, 0xaf, 0x1b, 0xaf, 0x1b, 0xaf, 0xfb, 0xae, 0xfb, 0xae, 0xfb, 0xae, 0xfb, 0xae, 0xfb, 0xa6, 0xfb, 0xa6, 0xfb, 0xa6, 0xdb, 0xa6, 0xbb, 0x9e, 0xbb, 0x9e, 0x9b, 0x9e, 0x9a, 0x9e,
  0x7a, 0x9e, 0x7a, 0x96, 0x5a, 0x96, 0x5a, 0x96, 0x3a, 0x96, 0x3a, 0x96, 0x1a, 0x96, 0x1a, 0x8e, 0xfa, 0x8d, 0xf9, 0x8d, 0xd9, 0x8d, 0xd9, 0x8d, 0xb9, 0x85, 0xb9, 0x85, 0x99, 0x85, 0x99, 0x85,
  0x79, 0x85, 0x79, 0x85, 0x59, 0x7d, 0x59, 0x7d, 0x58, 0x7d, 0x38, 0x7d, 0x18, 0x7d, 0x18, 0x75, 0xf8, 0x74, 0xf8, 0x74, 0xd8, 0x74, 0xd8, 0x74, 0xb8, 0x6c, 0xb8, 0x6c, 0x97, 0x6c, 0x97, 0x6c,
  0x77, 0x6c, 0x77, 0x6c, 0x57, 0x64, 0x57, 0x64, 0x37, 0x64, 0x37, 0x64, 0x17, 0x64, 0x17, 0x5c, 0xf6, 0x5b, 0xf6, 0x5b, 0xd6, 0x5b, 0xd6, 0x5b, 0xb6, 0x53, 0xb6, 0x53, 0x96, 0x53, 0x96, 0x53,
  0x76, 0x53, 0x76, 0x53, 0x56, 0x4b, 0x56, 0x4b, 0x35, 0x4b, 0x35, 0x4b, 0x15, 0x4b, 0x15, 0x43, 0xf5, 0x42, 0xf5, 0x42, 0xd5, 0x42, 0xd5, 0x42, 0xb5, 0x42, 0xb5, 0x3a, 0x95, 0x3a, 0x94, 0x3a,
  0x74, 0x3a, 0x74, 0x3a, 0x54, 0x32, 0x54, 0x32, 0x34, 0x32, 0x34, 0x32, 0x14, 0x32, 0x14, 0x2a, 0xf4, 0x29, 0xf3, 0x29, 0xd3, 0x29, 0xd3, 0x29, 0xb3, 0x21, 0xb3, 0x21, 0x93, 0x21, 0x93, 0x21,
  0x7c, 0x2a, 0x7c, 0x2a, 0x7c, 0x2a, 0x7c, 0x2a, 0x7c, 0x2a, 0x7b, 0x2a, 0x7b, 0x2a, 0x7b, 0x2a, 0xfc, 0x3a, 0x7c, 0x2a, 0x9c, 0x2a, 0xcc, 0x08, 0x0b, 0x5c, 0xfa, 0xbf, 0xf8, 0xaf, 0xf8, 0xaf,
  0xf9, 0xaf, 0xf9, 0xb7, 0x13, 0x86, 0x20, 0x00, 0xe4, 0x32, 0xc4, 0x2a, 0xc4, 0x2a, 0x84, 0x2a, 0x41, 0x08, 0xe3, 0x21, 0xc4, 0x2a, 0xc4, 0x2a, 0xc4, 0x2a, 0xa4, 0x2a, 0x00, 0x00, 0xfc, 0xbf,
  0xf9, 0xaf, 0xf9, 0xaf, 0xf9, 0xaf, 0xf9, 0xaf, 0xf9, 0xaf, 0xf9, 0xaf, 0xb8, 0xa7, 0x85, 0x09, 0xfd, 0x3f, 0xfb, 0x3f, 0xba, 0x3f, 0x03, 0x09, 0xed, 0x1b, 0xfc, 0x3f, 0x38, 0x37, 0x82, 0x00,
  0xb3, 0x2d, 0x76, 0x36, 0x00, 0x00, 0x35, 0x2e, 0xfc, 0x3f, 0xfb, 0x3f, 0xda, 0x3f, 0xea, 0x12, 0x65, 0x09, 0xfd, 0x3f, 0xba, 0x37, 0x72, 0x2d, 0x2d, 0x54, 0xfb, 0xb7, 0xf9, 0xaf, 0xf9, 0xa7,
  0xf9, 0xa7, 0xf9, 0xa7, 0xf9, 0xa7, 0xf9, 0xa7, 0xf9, 0xa7, 0xf9, 0xa7, 0xf9, 0xa7, 0xf9, 0xa7, 0xfa, 0xa7, 0xfa, 0xa7, 0xfa, 0xa7, 0xf9, 0xa7, 0xf9, 0xa7, 0xfa, 0xa7, 0xfa, 0xa7, 0xfa, 0xa7,
  0xfa, 0xa7, 0xfa, 0xa7, 0xfa, 0xa7, 0xfa, 0xa7, 0xfa, 0xa7, 0xfa, 0xa7, 0xfa, 0xa7, 0xfa, 0xa7, 0xfa, 0xa7, 0xfa, 0xa7, 0xfa, 0xa7, 0xfa, 0xa7, 0xfa, 0xa7, 0xfa, 0xa7, 0xfa, 0xa7, 0xfa, 0xa7,
  0xfa, 0xa7, 0xfa, 0xa7, 0xfa, 0xa7, 0xfa, 0xa7, 0xfa, 0xa7, 0xfa, 0xa7, 0xfa, 0xa7, 0xfa, 0xa7, 0xfa, 0xa7, 0xfa, 0xa7, 0xfa, 0xa7, 0xfa, 0xa7, 0xfa, 0xa7, 0xfa, 0xa7, 0xfa, 0xa7, 0xfa, 0x9f,
  0xfa, 0x9f, 0xfa, 0xa7, 0xfa, 0xa7, 0xfa, 0xa7, 0xfa, 0x9f, 0xfa, 0x9f, 0xfa, 0x9f, 0xfa, 0x9f, 0xfa, 0x9f, 0xfa, 0x9f, 0xfa, 0x9f, 0xfa, 0x9f, 0xfa, 0x9f, 0xfa, 0x9f, 0xfa, 0x9f, 0xfa, 0x9f,
  0xfa, 0x9f, 0xfa, 0x9f, 0xfa, 0x9f, 0xfa, 0x9f, 0xdb, 0x9f, 0xdb, 0x9f, 0xdb, 0x9f, 0xfb, 0x9f, 0xfa, 0x9f, 0xfa, 0x9f, 0xfb, 0x9f, 0xfb, 0x9f, 0xfb, 0x9f, 0xfb, 0x9f, 0xfb, 0x9f, 0xfb, 0x9f,
  0xfb, 0x9f, 0xfb, 0x9f, 0xfb, 0x9f, 0xfb, 0x9f, 0xfb, 0x9f, 0xfb, 0x9f, 0xfb, 0x9f, 0xfb, 0x9f, 0xfb, 0x9f, 0xfb, 0x9f, 0xfb, 0x9f, 0xfb, 0x9f, 0xfb, 0x9f, 0xfb, 0x9f, 0xfb, 0x9f, 0xfb, 0x9f,
  0xfb, 0x9f, 0xfd, 0xa7, 0x6c, 0x43, 0x67, 0x4b, 0xf1, 0xaf, 0x70, 0xa7, 0xf2, 0xaf, 0xa7, 0x53, 0xab, 0x08, 0x17, 0x22, 0xf7, 0x21, 0xf7, 0x21, 0xf7, 0x21, 0xf7, 0x21, 0xf7, 0x21, 0xf6, 0x21,
  0x17, 0x22, 0x8d, 0x21, 0xf0, 0x32, 0xfd, 0x3c, 0x5f, 0x3d, 0x7f, 0x3d, 0x75, 0x2b, 0x0c, 0x53, 0x55, 0xb6, 0xda, 0xdf, 0x99, 0xd7, 0x99, 0xd7, 0x99, 0xd7, 0x99, 0xd7, 0xba, 0xd7, 0xa9, 0x4a,
  0x00, 0x00, 0x6f, 0x7c, 0xba, 0xd7, 0xdb, 0xd7, 0x56, 0xae, 0xa5, 0x29, 0x20, 0x08, 0xb4, 0x9d, 0x52, 0x8d, 0xa2, 0x10, 0x07, 0x3a, 0x56, 0xa6, 0x9a, 0xc7, 0x9b, 0xc7, 0x94, 0x95, 0x04, 0x19,
  0x24, 0x21, 0x36, 0xa6, 0xf2, 0x7c, 0x82, 0x10, 0x28, 0x3a, 0x57, 0xa6, 0x5b, 0xbf, 0x7b, 0xbf, 0x54, 0x8d, 0xe3, 0x18, 0x25, 0x21, 0x37, 0x9e, 0xf6, 0x95, 0x04, 0x19, 0x61, 0x08, 0xb6, 0x8d,
  0x3c, 0xb7, 0xfb, 0xae, 0xfb, 0xae, 0xfb, 0xae, 0xfb, 0xae, 0xfb, 0xae, 0xfb, 0xa6, 0xfb, 0xa6, 0xfb, 0xa6, 0xdb, 0xa6, 0xdb, 0xa6, 0xdb, 0xa6, 0xbb, 0x9e, 0x9b, 0x9e, 0x9a, 0x9e, 0x7a, 0x9e,
  0x7a, 0x9e, 0x5a, 0x96, 0x5a, 0x96, 0x3a, 0x96, 0x3a, 0x96, 0x1a, 0x96, 0x1a, 0x96, 0xf9, 0x8d, 0xf9, 0x8d, 0xd9, 0x8d, 0xd9, 0x8d, 0xb9, 0x8d, 0xb9, 0x85, 0x99, 0x85, 0x99, 0x85, 0x79, 0x85,
  0x79, 0x85, 0x58, 0x85, 0x58, 0x7d, 0x38, 0x7d, 0x38, 0x7d, 0x18, 0x7d, 0x18, 0x7d, 0xf8, 0x74, 0xf8, 0x74, 0xd8, 0x74, 0xd7, 0x74, 0xb7, 0x74, 0xb7, 0x6c, 0x97, 0x6c, 0x97, 0x6c, 0x77, 0x6c,
  0x77, 0x6c, 0x57, 0x6c, 0x57, 0x64, 0x36, 0x64, 0x36, 0x64, 0x16, 0x64, 0x16, 0x64, 0xf6, 0x5b, 0xf6, 0x5b, 0xd6, 0x5b, 0xd6, 0x5b, 0xb6, 0x5b, 0xb6, 0x53, 0x96, 0x53, 0x95, 0x53, 0x75, 0x53,
  0x75, 0x53, 0x55, 0x53, 0x55, 0x4b, 0x35, 0x4b, 0x35, 0x4b, 0x15, 0x4b, 0x15, 0x4b, 0xf4, 0x42, 0xf4, 0x42, 0xd4, 0x42, 0xd4, 0x42, 0xb4, 0x42, 0xb4, 0x42, 0xb4, 0x3a, 0x94, 0x3a, 0x94, 0x3a,
  0x73, 0x3a, 0x73, 0x3a, 0x53, 0x32, 0x53, 0x32, 0x33, 0x32, 0x33, 0x32, 0x13, 0x32, 0x13, 0x2a, 0xf3, 0x29, 0xf3, 0x29, 0xd2, 0x29, 0xd2, 0x29, 0xb2, 0x21, 0xb2, 0x21, 0x92, 0x21, 0x92, 0x21,
  0x17, 0x22, 0xf6, 0x21, 0x5a, 0x2a, 0x9d, 0x2a, 0x7c, 0x2a, 0x7c, 0x2a, 0x7c, 0x2a, 0x7b, 0x2a, 0xfc, 0x3a, 0x7b, 0x2a, 0x7c, 0x2a, 0xcc, 0x08, 0x0b, 0x5c, 0xfa, 0xbf, 0xf9, 0xaf, 0xf9, 0xaf,
  0xf9, 0xaf, 0xf9, 0xb7, 0x16, 0x9f, 0x00, 0x00, 0xe4, 0x32, 0xc4, 0x2a, 0x64, 0x2a, 0x02, 0x11, 0xa1, 0x08, 0xe4, 0x2a, 0xc4, 0x2a, 0xc4, 0x2a, 0xc4, 0x2a, 0x03, 0x22, 0x21, 0x00, 0xfc, 0xbf,
  0xf9, 0xaf, 0xf9, 0xaf, 0xf9, 0xaf, 0xf9, 0xaf, 0xf9, 0xaf, 0xf9, 0xaf, 0xb8, 0xa7, 0x85, 0x11, 0xfd, 0x3f, 0xdb, 0x3f, 0xba, 0x3f, 0xcd, 0x1b, 0x03, 0x09, 0xfc, 0x3f, 0x93, 0x2d, 0x00, 0x00,
  0xfb, 0x3f, 0xd0, 0x24, 0x00, 0x00, 0xda, 0x3f, 0xfb, 0x3f, 0xfb, 0x3f, 0xba, 0x3f, 0xed, 0x1b, 0x20, 0x00, 0xfd, 0x3f, 0xba, 0x37, 0x72, 0x2d, 0x2d, 0x54, 0xfb, 0xb7, 0xf9, 0xa7, 0xf9, 0xa7,
  0xf9, 0xa7, 0xf9, 0xa7, 0xf9, 0xa7, 0xf9, 0xa7, 0xf9, 0xa7, 0xf9, 0xa7, 0xfa, 0xa7, 0xfa, 0xa7, 0xf9, 0xa7, 0xf9, 0xa7, 0xfa, 0xa7, 0xfa, 0xa7, 0xfa, 0xa7, 0xfa, 0xa7, 0xfa, 0xa7, 0xfa, 0xa7,
  0xfa, 0xa7, 0xfa, 0xa7, 0xfa, 0xa7, 0xfa, 0xa7, 0xfa, 0xa7, 0xfa, 0xa7, 0xfa, 0xa7, 0xfa, 0xa7, 0xfa, 0xa7, 0xfa, 0xa7, 0xfa, 0xa7, 0xfa, 0xa7, 0xfa, 0xa7, 0xfa, 0xa7, 0xfa, 0xa7, 0xfa, 0xa7,
  0xfa, 0xa7, 0xfa, 0xa7, 0xfa, 0xa7, 0xfa, 0xa7, 0xfa, 0xa7, 0xfa, 0xa7, 0xfa, 0xa7, 0xfa, 0xa7, 0xfa, 0xa7, 0xfa, 0xa7, 0xfa, 0xa7, 0xfa, 0xa7, 0xfa, 0x9f, 0xfa, 0x9f, 0xfa, 0x9f, 0xfa, 0xa7,
  0xfa, 0xa7, 0xfa, 0x9f, 0xfa, 0x9f, 0xfa, 0x9f, 0xfa, 0x9f, 0xfa, 0x9f, 0xfa, 0x9f, 0xfa, 0x9f, 0xfa, 0x9f, 0xfa, 0x9f, 0xfa, 0x9f, 0xfa, 0x9f, 0xfa, 0x9f, 0xfa, 0x9f, 0xfa, 0x9f, 0xfa, 0x9f,
  0xfa, 0x9f, 0xfa, 0x9f, 0xdb, 0x9f, 0xdb, 0x9f, 0xfb, 0x9f, 0xfa, 0x9f, 0xfa, 0x9f, 0xfa, 0x9f, 0xfb, 0x9f, 0xfb, 0x9f, 0xfb, 0x9f, 0xfb, 0x9f, 0xfb, 0x9f, 0xfb, 0x9f, 0xfb, 0x9f, 0xfb, 0x9f,
  0xfb, 0x9f, 0xfb, 0x9f, 0xfb, 0x9f, 0xfb, 0x9f, 0xfb, 0x9f, 0xfb, 0x9f, 0xfb, 0x9f, 0xfb, 0x9f, 0xfb, 0x9f, 0xfb, 0x9f, 0xfb, 0x9f, 0xfb, 0x9f, 0xfb, 0x9f, 0xfb, 0x9f, 0xfb, 0x9f, 0xfb, 0x9f,
  0xfb, 0x97, 0xfd, 0xa7, 0x6c, 0x43, 0x67, 0x4b, 0xf1, 0xaf, 0x70, 0xa7, 0xd1, 0xaf, 0x29, 0x5c, 0x09, 0x11, 0xb5, 0x21, 0xf7, 0x21, 0xf7, 0x21, 0xf7, 0x21, 0xf6, 0x21, 0xf6, 0x21, 0xf7, 0x21,
  0xf7, 0x21, 0x8d, 0x21, 0xf0, 0x32, 0xfe, 0x3c, 0x5f, 0x3d, 0x7f, 0x3d, 0x75, 0x2b, 0x0c, 0x53, 0x55, 0xb6, 0xda, 0xd7, 0x99, 0xd7, 0x99, 0xcf, 0x99, 0xcf, 0x9a, 0xcf, 0xba, 0xd7, 0xa9, 0x4a,
  0x00, 0x00, 0x2e, 0x74, 0x39, 0xc7, 0x59, 0xc7, 0x32, 0x8d, 0x03, 0x19, 0xa2, 0x10, 0xf5, 0x9d, 0x53, 0x8d, 0xa2, 0x10, 0x68, 0x42, 0x77, 0xae, 0x7b, 0xc7, 0x7b, 0xc7, 0x16, 0x9e, 0x65, 0x21,
  0x41, 0x08, 0xd5, 0x95, 0x12, 0x85, 0x82, 0x10, 0x89, 0x42, 0x78, 0xa6, 0x5b, 0xb7, 0x5b, 0xbf, 0xf6, 0x95, 0x24, 0x21, 0x41, 0x08, 0xd6, 0x95, 0xf7, 0x95, 0x04, 0x19, 0x61, 0x08, 0xb6, 0x8d,
  0x3c, 0xaf, 0xfb, 0xae, 0xfb, 0xae, 0xfb, 0xa6, 0xfb, 0xa6, 0xfb, 0xa6, 0xfb, 0xa6, 0xdb, 0xa6, 0xdb, 0xa6, 0xdb, 0xa6, 0xdb, 0xa6, 0xdb, 0x9e, 0xbb, 0x9e, 0x9b, 0x9e, 0x9a, 0x9e, 0x7a, 0x9e,
  0x7a, 0x9e, 0x5a, 0x96, 0x5a, 0x96, 0x3a, 0x96, 0x3a, 0x96, 0x1a, 0x96, 0x1a, 0x96, 0xf9, 0x8d, 0xf9, 0x8d, 0xd9, 0x8d, 0xd9, 0x8d, 0xb9, 0x8d, 0xb9, 0x85, 0x99, 0x85, 0x99, 0x85, 0x79, 0x85,
  0x79, 0x85, 0x58, 0x85, 0x58, 0x7d, 0x38, 0x7d, 0x38, 0x7d, 0x18, 0x7d, 0x18, 0x7d, 0xf8, 0x74, 0xf8, 0x74, 0xd8, 0x74, 0xd7, 0x74, 0xb7, 0x74, 0xb7, 0x6c, 0x97, 0x6c, 0x97, 0x6c, 0x77, 0x6c,
  0x77, 0x6c, 0x57, 0x6c, 0x57, 0x64, 0x36, 0x64, 0x36, 0x64, 0x16, 0x64, 0x16, 0x64, 0xf6, 0x5b, 0xf6, 0x5b, 0xd6, 0x5b, 0xd6, 0x5b, 0xb6, 0x5b, 0xb6, 0x53, 0x96, 0x53, 0x95, 0x53, 0x75, 0x53,
  0x75, 0x53, 0x55, 0x53, 0x55, 0x4b, 0x35, 0x4b, 0x35, 0x4b, 0x15, 0x4b, 0x15, 0x4b, 0xf4, 0x42, 0xf4, 0x42, 0xd4, 0x42, 0xd4, 0x42, 0xb4, 0x42, 0xb4, 0x42, 0xb4, 0x3a, 0x94, 0x3a, 0x94, 0x3a,
  0x73, 0x3a, 0x73, 0x3a, 0x53, 0x32, 0x53, 0x32, 0x33, 0x32, 0x33, 0x32, 0x13, 0x32, 0x13, 0x2a, 0xf3, 0x29, 0xf3, 0x29, 0xd2, 0x29, 0xd2, 0x29, 0xb2, 0x21, 0xb2, 0x21, 0x92, 0x21, 0x92, 0x21,
  0x2d, 0x11, 0x65, 0x08, 0x2e, 0x11, 0xd5, 0x21, 0x17, 0x22, 0x39, 0x2a, 0x5a, 0x2a, 0x7c, 0x2a, 0xfd, 0x42, 0x9c, 0x2a, 0x9d, 0x2a, 0xcc, 0x10, 0x0b, 0x5c, 0xfa, 0xbf, 0xf9, 0xaf, 0xf9, 0xaf,
  0xf9, 0xaf, 0xf9, 0xaf, 0xfa, 0xb7, 0x20, 0x00, 0x82, 0x19, 0x03, 0x22, 0xc1, 0x10, 0x81, 0x08, 0xa4, 0x2a, 0xc4, 0x2a, 0xc4, 0x2a, 0xc4, 0x2a, 0xa4, 0x2a, 0xa1, 0x08, 0x4a, 0x43, 0xfb, 0xb7,
  0xf9, 0xaf, 0xf9, 0xaf, 0xf9, 0xaf, 0xf9, 0xaf, 0xf9, 0xaf, 0xf9, 0xaf, 0xb8, 0xa7, 0x85, 0x11, 0xfd, 0x3f, 0xda, 0x3f, 0xfb, 0x3f, 0x55, 0x2e, 0x00, 0x00, 0xb6, 0x36, 0xea, 0x1a, 0x88, 0x12,
  0xfc, 0x3f, 0xf1, 0x24, 0x00, 0x00, 0x59, 0x37, 0xfb, 0x3f, 0xfb, 0x3f, 0xba, 0x3f, 0x8c, 0x1b, 0xa2, 0x08, 0xfd, 0x3f, 0xba, 0x37, 0x72, 0x2d, 0x2d, 0x54, 0xfb, 0xb7, 0xf9, 0xa7, 0xf9, 0xa7,
  0xf9, 0xa7, 0xf9, 0xa7, 0xf9, 0xa7, 0xfa, 0xa7, 0xfa, 0xa7, 0xfa, 0xa7, 0xf9, 0xa7, 0xf9, 0xa7, 0xfa, 0xa7, 0xfa, 0xa7, 0xfa, 0xa7, 0xfa, 0xa7, 0xfa, 0xa7, 0xfa, 0xa7, 0xfa, 0xa7, 0xfa, 0xa7,
  0xfa, 0xa7, 0xfa, 0xa7, 0xfa, 0xa7, 0xfa, 0xa7, 0xfa, 0xa7, 0xfa, 0xa7, 0xfa, 0xa7, 0xfa, 0xa7, 0xfa, 0xa7, 0xfa, 0xa7, 0xfa, 0xa7, 0xfa, 0xa7, 0xfa, 0xa7, 0xfa, 0xa7, 0xfa, 0xa7, 0xfa, 0xa7,
  0xfa, 0xa7, 0xfa, 0xa7, 0xfa, 0xa7, 0xfa, 0xa7, 0xfa, 0xa7, 0xfa, 0xa7, 0xfa, 0xa7, 0xfa, 0xa7, 0xfa, 0xa7, 0xfa, 0xa7, 0xfa, 0x9f, 0xfa, 0x9f, 0xfa, 0xa7, 0xfa, 0xa7, 0xfa, 0xa7, 0xfa, 0x9f,
  0xfa, 0x9f, 0xfa, 0x9f, 0xfa, 0x9f, 0xfa, 0x9f, 0xfa, 0x9f, 0xfa, 0x9f, 0xfa, 0x9f, 0xfa, 0x9f, 0xfa, 0x9f, 0xfa, 0x9f, 0xfa, 0x9f, 0xfa, 0x9f, 0xfa, 0x9f, 0xfa, 0x9f, 0xfa, 0x9f, 0xdb, 0x9f,
  0xdb, 0x9f, 0xdb, 0x9f, 0xfb, 0x9f, 0xfa, 0x9f, 0xfa, 0x9f, 0xfb, 0x9f, 0xfb, 0x9f, 0xfb, 0x9f, 0xfb, 0x9f, 0xfb, 0x9f, 0xfb, 0x9f, 0xfb, 0x9f, 0xfb, 0x9f, 0xfb, 0x9f, 0xfb, 0x9f, 0xfb, 0x9f,
  0xfb, 0x9f, 0xfb, 0x9f, 0xfb, 0x9f, 0xfb, 0x9f, 0xfb, 0x9f, 0xfb, 0x9f, 0xfb, 0x9f, 0xfb, 0x9f, 0xfb, 0x9f, 0xfb, 0x9f, 0xfb, 0x9f, 0xfb, 0x9f, 0xfb, 0x9f, 0xfb, 0x97, 0xfb, 0x97, 0xfb, 0x97,
  0xfb, 0x9f, 0xfd, 0xa7, 0x6c, 0x43, 0x67, 0x4b, 0xf2, 0xaf, 0x71, 0x9f, 0xd1, 0xa7, 0x49, 0x5c, 0x2a, 0x19, 0xd5, 0x21, 0xf7, 0x21, 0xf6, 0x21, 0xf6, 0x21, 0xf7, 0x21, 0xf6, 0x21, 0xf6, 0x21,
  0xf7, 0x21, 0x6d, 0x21, 0xf0, 0x32, 0xfd, 0x3c, 0x5f, 0x3d, 0x7f, 0x45, 0x75, 0x2b, 0x0c, 0x53, 0x55, 0xb6, 0xba, 0xd7, 0x99, 0xcf, 0x99, 0xcf, 0x7a, 0xcf, 0x9a, 0xcf, 0xba, 0xcf, 0xa9, 0x4a,
  0x00, 0x00, 0x28, 0x3a, 0xac, 0x63, 0xac, 0x63, 0xa6, 0x29, 0x00, 0x00, 0x0b, 0x53, 0x19, 0xbf, 0x32, 0x8d, 0xa2, 0x10, 0x0b, 0x53, 0xb8, 0xae, 0x5b, 0xbf, 0x7b, 0xc7, 0xf6, 0x9d, 0x45, 0x21,
  0x41, 0x08, 0xd5, 0x95, 0x13, 0x85, 0x82, 0x08, 0x0c, 0x53, 0xb9, 0xa6, 0x3b, 0xb7, 0x5b, 0xb7, 0xd6, 0x95, 0x24, 0x19, 0x61, 0x08, 0xd6, 0x8d, 0xf7, 0x95, 0x04, 0x19, 0x61, 0x08, 0x96, 0x8d,
  0x3c, 0xaf, 0xfb, 0xa6, 0xfb, 0xa6, 0xfb, 0xa6, 0xdb, 0xa6, 0xdb, 0xa6, 0xdb, 0xa6, 0xdb, 0xa6, 0xdb, 0xa6, 0xdb, 0x9e, 0xdc, 0x9e, 0xdc, 0x9e, 0xbb, 0x96, 0x9b, 0x96, 0x9a, 0x96, 0x7a, 0x96,
  0x7a, 0x96, 0x5a, 0x96, 0x5a, 0x8e, 0x3a, 0x8e, 0x3a, 0x8e, 0x1a, 0x8e, 0x1a, 0x8e, 0xf9, 0x85, 0xf9, 0x85, 0xd9, 0x85, 0xd9, 0x85, 0xb9, 0x85, 0xb9, 0x85, 0x99, 0x7d, 0x99, 0x7d, 0x79, 0x7d,
  0x79, 0x7d, 0x58, 0x7d, 0x58, 0x7d, 0x38, 0x75, 0x38, 0x75, 0x18, 0x75, 0x18, 0x75, 0xf8, 0x74, 0xf8, 0x6c, 0xd8, 0x6c, 0xd7, 0x6c, 0xb7, 0x6c, 0xb7, 0x6c, 0x97, 0x6c, 0x97, 0x6c, 0x77, 0x64,
  0x77, 0x64, 0x57, 0x64, 0x57, 0x64, 0x36, 0x64, 0x36, 0x5c, 0x16, 0x5c, 0x16, 0x5c, 0xf6, 0x5b, 0xf6, 0x5b, 0xd6, 0x5b, 0xd6, 0x53, 0xb6, 0x53, 0xb6, 0x53, 0x96, 0x53, 0x95, 0x53, 0x75, 0x4b,
  0x75, 0x4b, 0x55, 0x4b, 0x55, 0x4b, 0x35, 0x4b, 0x35, 0x4b, 0x15, 0x4b, 0x15, 0x43, 0xf4, 0x42, 0xf4, 0x42, 0xd4, 0x42, 0xd4, 0x42, 0xb4, 0x3a, 0xb4, 0x3a, 0xb4, 0x3a, 0x94, 0x3a, 0x94, 0x3a,
  0x73, 0x3a, 0x73, 0x32, 0x53, 0x32, 0x53, 0x32, 0x33, 0x32, 0x33, 0x32, 0x13, 0x2a, 0x13, 0x2a, 0xf3, 0x29, 0xf3, 0x29, 0xd2, 0x29, 0xd2, 0x29, 0xb2, 0x21, 0xb2, 0x21, 0x92, 0x21, 0x92, 0x21,
  0x9d, 0x2a, 0x91, 0x19, 0xa7, 0x08, 0x64, 0x08, 0xa8, 0x08, 0x2c, 0x11, 0x4f, 0x19, 0xb4, 0x19, 0x34, 0x2a, 0xf6, 0x21, 0xf6, 0x21, 0xaa, 0x08, 0xeb, 0x53, 0xfa, 0xbf, 0xf9, 0xaf, 0xf9, 0xaf,
  0xf9, 0xaf, 0xf9, 0xaf, 0xf9, 0xb7, 0xcf, 0x6c, 0x00, 0x00, 0x00, 0x00, 0x42, 0x19, 0xc4, 0x2a, 0xc4, 0x2a, 0xc4, 0x2a, 0xc4, 0x2a, 0xa4, 0x2a, 0xa2, 0x19, 0x82, 0x10, 0x77, 0xa7, 0xf9, 0xaf,
  0xf9, 0xaf, 0xf9, 0xaf, 0xf9, 0xaf, 0xf9, 0xaf, 0xf9, 0xaf, 0xf9, 0xaf, 0xb8, 0xa7, 0x85, 0x11, 0xfd, 0x3f, 0xda, 0x3f, 0xfb, 0x3f, 0xba, 0x3f, 0xc6, 0x11, 0xea, 0x12, 0xe3, 0x08, 0xb3, 0x2d,
  0xfc, 0x3f, 0xf7, 0x36, 0x00, 0x00, 0x90, 0x24, 0xfb, 0x3f, 0xfc, 0x3f, 0x76, 0x36, 0x85, 0x09, 0xea, 0x1a, 0xfc, 0x3f, 0xba, 0x37, 0x72, 0x2d, 0x2d, 0x54, 0xfb, 0xb7, 0xf9, 0xa7, 0xf9, 0xa7,
  0xf9, 0xa7, 0xfa, 0xa7, 0xfa, 0xa7, 0xf9, 0xa7, 0xf9, 0xa7, 0xfa, 0xa7, 0xfa, 0xa7, 0xfa, 0xa7, 0xfa, 0xa7, 0xfa, 0xa7, 0xfa, 0xa7, 0xfa, 0xa7, 0xfa, 0xa7, 0xfa, 0xa7, 0xfa, 0xa7, 0xfa, 0xa7,
  0xfa, 0xa7, 0xfa, 0xa7, 0xfa, 0xa7, 0xfa, 0xa7, 0xfa, 0xa7, 0xfa, 0xa7, 0xfa, 0xa7, 0xfa, 0xa7, 0xfa, 0xa7, 0xfa, 0xa7, 0xfa, 0xa7, 0xfa, 0xa7, 0xfa, 0xa7, 0xfa, 0xa7, 0xfa, 0xa7, 0xfa, 0xa7,
  0xfa, 0xa7, 0xfa, 0xa7, 0xfa, 0xa7, 0xfa, 0xa7, 0xfa, 0xa7, 0xfa, 0xa7, 0xfa, 0xa7, 0xfa, 0xa7, 0xfa, 0x9f, 0xfa, 0x9f, 0xfa, 0xa7, 0xfa, 0xa7, 0xfa, 0x9f, 0xfa, 0x9f, 0xfa, 0x9f, 0xfa, 0x9f,
  0xfa, 0x9f, 0xfa, 0x9f, 0xfa, 0x9f, 0xfa, 0x9f, 0xfa, 0x9f, 0xfa, 0x9f, 0xfa, 0x9f, 0xfa, 0x9f, 0xfa, 0x9f, 0xfa, 0x9f, 0xfa, 0x9f, 0xfa, 0x9f, 0xfa, 0x9f, 0xdb, 0x9f, 0xdb, 0x9f, 0xfb, 0x9f,
  0xfb, 0x9f, 0xfa, 0x9f, 0xfa, 0x9f, 0xfb, 0x9f, 0xfb, 0x9f, 0xfb, 0x9f, 0xfb, 0x9f, 0xfb, 0x9f, 0xfb, 0x9f, 0xfb, 0x9f, 0xfb, 0x9f, 0xfb, 0x9f, 0xfb, 0x9f, 0xfb, 0x9f, 0xfb, 0x9f, 0xfb, 0x9f,
  0xfb, 0x9f, 0xfb, 0x9f, 0xfb, 0x9f, 0xfb, 0x9f, 0xfb, 0x9f, 0xfb, 0x9f, 0xfb, 0x9f, 0xfb, 0x9f, 0xfb, 0x9f, 0xfb, 0x9f, 0xfb, 0x9f, 0xfb, 0x97, 0xfb, 0x97, 0xfb, 0x9f, 0xfb, 0x9f, 0xfb, 0x97,
  0xfb, 0x97, 0xfd, 0xa7, 0x6c, 0x43, 0x67, 0x4b, 0xf2, 0xaf, 0x71, 0x9f, 0xd1, 0xa7, 0x49, 0x5c, 0x2a, 0x19, 0xd5, 0x21, 0xf7, 0x21, 0xf6, 0x21, 0xf6, 0x21, 0xf6, 0x21, 0xf6, 0x21, 0xf6, 0x21,
  0xf7, 0x21, 0x6d, 0x21, 0xf0, 0x32, 0xfd, 0x3c, 0x5f, 0x45, 0x7f, 0x45, 0x75, 0x2b, 0x0c, 0x53, 0x55, 0xb6, 0xba, 0xd7, 0x7a, 0xcf, 0x7a, 0xcf, 0x7a, 0xcf, 0x7a, 0xcf, 0xba, 0xcf, 0x89, 0x4a,
  0x00, 0x00, 0x41, 0x08, 0x61, 0x08, 0x41, 0x08, 0x82, 0x08, 0x48, 0x3a, 0x36, 0xa6, 0xfc, 0xcf, 0x12, 0x85, 0xa2, 0x10, 0xaa, 0x4a, 0x98, 0xae, 0x5b, 0xbf, 0x7b, 0xbf, 0xf6, 0x9d, 0x45, 0x21,
  0x41, 0x08, 0xd5, 0x95, 0x13, 0x7d, 0x82, 0x08, 0xcb, 0x4a, 0x99, 0xa6, 0x3b, 0xb7, 0x3c, 0xb7, 0xd6, 0x8d, 0x24, 0x19, 0x41, 0x08, 0xb6, 0x8d, 0xf7, 0x8d, 0x04, 0x19, 0x61, 0x08, 0x96, 0x85,
  0x1c, 0xaf, 0xfb, 0xa6, 0xdb, 0xa6, 0xdb, 0xa6, 0xdb, 0xa6, 0xdb, 0xa6, 0xdb, 0xa6, 0xdb, 0x9e, 0xdc, 0x9e, 0xbc, 0x9e, 0xbc, 0x9e, 0xbc, 0x9e, 0xbc, 0x9e, 0xbc, 0x9e, 0xbc, 0x9e, 0xbc, 0x96,
  0xbc, 0x96, 0x9c, 0x96, 0x9c, 0x96, 0x9c, 0x96, 0x9c, 0x96, 0x9c, 0x96, 0x9c, 0x8e, 0x9c, 0x8e, 0x9c, 0x8e, 0x9c, 0x8e, 0x9d, 0x8e, 0x7d, 0x8e, 0x9d, 0x8e, 0x7d, 0x86, 0x7d, 0x86, 0x7d, 0x86,
  0x3c, 0x7e, 0x5d, 0x7e, 0x5d, 0x86, 0x7e, 0x86, 0x59, 0x65, 0xa9, 0xac, 0xad, 0x7b, 0x8e, 0x73, 0x8e, 0x7b, 0x6d, 0x7b, 0x6c, 0x83, 0xac, 0x8b, 0xac, 0x8b, 0x0d, 0x9c, 0x30, 0x8c, 0x28, 0x83,
  0x07, 0x8b, 0xc3, 0x59, 0xc3, 0x82, 0x44, 0xc4, 0xe4, 0xd4, 0x64, 0xe5, 0xa5, 0xe5, 0x25, 0xd5, 0xc7, 0xa3, 0xeb, 0x62, 0xed, 0x4a, 0x0a, 0x84, 0x43, 0xe5, 0x84, 0xe5, 0xa4, 0xed, 0x44, 0xed,
  0x44, 0xe5, 0xa4, 0xe5, 0x24, 0xdd, 0xc4, 0xe5, 0x24, 0xdd, 0xc4, 0xd4, 0xa4, 0xdd, 0xa4, 0xd4, 0x84, 0xd4, 0xe5, 0xe5, 0xe4, 0xe5, 0x64, 0xdd, 0x43, 0xdd, 0x26, 0xcd, 0x3a, 0x5d, 0xbf, 0x55,
  0xbf, 0x55, 0x9f, 0x55, 0x9f, 0x55, 0xbf, 0x55, 0xb9, 0x4c, 0x24, 0x29, 0x93, 0x19, 0x93, 0x21, 0x92, 0x21, 0x92, 0x21, 0x92, 0x21, 0x92, 0x21, 0x92, 0x21, 0x92, 0x21, 0x92, 0x21, 0x92, 0x21,
  0x7b, 0x2a, 0x9c, 0x2a, 0x9e, 0x2a, 0x7b, 0x2a, 0xb2, 0x19, 0x4e, 0x19, 0xc9, 0x10, 0x64, 0x08, 0x85, 0x08, 0xc8, 0x10, 0xc9, 0x08, 0x24, 0x00, 0x6a, 0x4b, 0xfa, 0xbf, 0xf9, 0xaf, 0xf9, 0xaf,
  0xf9, 0xaf, 0xf9, 0xaf, 0xf9, 0xaf, 0xfb, 0xbf, 0x06, 0x2a, 0xc2, 0x10, 0xe2, 0x19, 0x43, 0x22, 0x43, 0x22, 0x43, 0x22, 0x23, 0x22, 0x41, 0x11, 0x03, 0x19, 0xef, 0x6c, 0xfb, 0xb7, 0xf9, 0xaf,
  0xf9, 0xaf, 0xf9, 0xaf, 0xf9, 0xaf, 0xf9, 0xaf, 0xf9, 0xaf, 0xf9, 0xaf, 0xb8, 0xa7, 0x85, 0x11, 0xfd, 0x3f, 0xda, 0x3f, 0xdb, 0x3f, 0xda, 0x3f, 0x6f, 0x24, 0x00, 0x00, 0xe3, 0x08, 0xfc, 0x3f,
  0xfb, 0x3f, 0xba, 0x3f, 0x6c, 0x1b, 0xe3, 0x08, 0xb0, 0x24, 0x72, 0x2d, 0x27, 0x12, 0x03, 0x09, 0x76, 0x2e, 0xfb, 0x3f, 0xba, 0x37, 0x72, 0x2d, 0x2d, 0x54, 0xfb, 0xb7, 0xfa, 0xa7, 0xfa, 0xa7,
  0xfa, 0xa7, 0xf9, 0xa7, 0xf9, 0xa7, 0xfa, 0xa7, 0xfa, 0xa7, 0xfa, 0xa7, 0xfa, 0xa7, 0xfa, 0xa7, 0xfa, 0xa7, 0xfa, 0xa7, 0xfa, 0xa7, 0xfa, 0xa7, 0xfa, 0xa7, 0xfa, 0xa7, 0xfa, 0xa7, 0xfa, 0xa7,
  0xfa, 0xa7, 0xfa, 0xa7, 0xfa, 0xa7, 0xfa, 0xa7, 0xfa, 0xa7, 0xfa, 0xa7, 0xfa, 0xa7, 0xfa, 0xa7, 0xfa, 0xa7, 0xfa, 0xa7, 0xfa, 0xa7, 0xfa, 0xa7, 0xfa, 0xa7, 0xfa, 0xa7, 0xfa, 0xa7, 0xfa, 0xa7,
  0xfa, 0xa7, 0xfa, 0xa7, 0xfa, 0xa7, 0xfa, 0xa7, 0xfa, 0xa7, 0xfa, 0x9f, 0xfa, 0x9f, 0xfa, 0x9f, 0xfa, 0xa7, 0xfa, 0xa7, 0xfa, 0x9f, 0xfa, 0x9f, 0xfa, 0x9f, 0xfa, 0x9f, 0xfa, 0x9f, 0xfa, 0x9f,
  0xfa, 0x9f, 0xfa, 0x9f, 0xfa, 0x9f, 0xfa, 0x9f, 0xfa, 0x9f, 0xfa, 0x9f, 0xfa, 0x9f, 0xfa, 0x9f, 0xfa, 0x9f, 0xfa, 0x9f, 0xdb, 0x9f, 0xdb, 0x9f, 0xdb, 0x9f, 0xfb, 0x9f, 0xfa, 0x9f, 0xfa, 0x9f,
  0xfa, 0x9f, 0xfb, 0x9f, 0xfb, 0x9f, 0xfb, 0x9f, 0xfb, 0x9f, 0xfb, 0x9f, 0xfb, 0x9f, 0xfb, 0x9f, 0xfb, 0x9f, 0xfb, 0x9f, 0xfb, 0x9f, 0xfb, 0x9f, 0xfb, 0x9f, 0xfb, 0x9f, 0xfb, 0x9f, 0xfb, 0x9f,
  0xfb, 0x9f, 0xfb, 0x9f, 0xfb, 0x9f, 0xfb, 0x9f, 0xfb, 0x9f, 0xfb, 0x9f, 0xfb, 0x9f, 0xfb, 0x9f, 0xfb, 0x97, 0xfb, 0x97, 0xfb, 0x97, 0xfb, 0x9f, 0xfb, 0x9f, 0xfb, 0x97, 0xfb, 0x97, 0xfb, 0x97,
  0xfb, 0x97, 0xfd, 0xa7, 0x6c, 0x43, 0x67, 0x4b, 0xf2, 0xa7, 0x71, 0x9f, 0xd2, 0xa7, 0x4a, 0x5c, 0x2a, 0x11, 0xb5, 0x21, 0xf7, 0x21, 0xf6, 0x21, 0xf6, 0x21, 0xf6, 0x21, 0xf6, 0x21, 0xf6, 0x21,
  0xf7, 0x21, 0x6d, 0x21, 0xf0, 0x32, 0xfd, 0x3c, 0x7f, 0x45, 0x9f, 0x45, 0x75, 0x2b, 0x0c, 0x53, 0x35, 0xae, 0xba, 0xcf, 0x7a, 0xcf, 0x7a, 0xcf, 0x7a, 0xc7, 0x7a, 0xc7, 0x9b, 0xcf, 0x89, 0x42,
  0x00, 0x00, 0xea, 0x4a, 0xf1, 0x84, 0xb1, 0x7c, 0x12, 0x85, 0xf9, 0xb6, 0x9b, 0xc7, 0x9b, 0xc7, 0xf2, 0x7c, 0xa2, 0x10, 0x07, 0x32, 0x37, 0xa6, 0x5b, 0xbf, 0x5b, 0xbf, 0xd5, 0x95, 0x24, 0x21,
  0x82, 0x10, 0xd6, 0x95, 0xf2, 0x7c, 0x82, 0x08, 0x28, 0x32, 0x38, 0x9e, 0x3b, 0xb7, 0x3c, 0xb7, 0x95, 0x8d, 0x04, 0x19, 0xa2, 0x10, 0xd7, 0x8d, 0xd7, 0x8d, 0x04, 0x19, 0x61, 0x08, 0x96, 0x85,
  0x1c, 0xa7, 0xdb, 0xa6, 0xdb, 0xa6, 0xdb, 0xa6, 0xdb, 0x9e, 0xdc, 0x9e, 0xdc, 0x9e, 0xbc, 0x9e, 0xbc, 0x9e, 0xbc, 0x9e, 0xbc, 0x9e, 0xbc, 0x9e, 0xbc, 0x96, 0xbc, 0x96, 0xbc, 0x96, 0x9c, 0x96,
  0x9c, 0x96, 0x9c, 0x96, 0x9c, 0x96, 0x9c, 0x8e, 0x9c, 0x8e, 0x9c, 0x8e, 0x9c, 0x8e, 0x7c, 0x8e, 0x9d, 0x8e, 0x3b, 0x86, 0xfb, 0x7d, 0x18, 0x8e, 0xf8, 0x8d, 0xf8, 0x8d, 0xf8, 0x8d, 0x18, 0x8e,
  0x94, 0x8d, 0xf7, 0x8d, 0xf8, 0x8d, 0xf8, 0x8d, 0x74, 0x85, 0xaa, 0xac, 0x0d, 0x94, 0xcf, 0x83, 0xae, 0x7b, 0x6c, 0x7b, 0x2b, 0x7b, 0x2a, 0x7b, 0x4a, 0x7b, 0x8b, 0x8b, 0xee, 0x8b, 0x09, 0x7b,
  0xa7, 0x6a, 0x82, 0x10, 0x01, 0x31, 0xc2, 0x7a, 0x45, 0xb4, 0x85, 0xbc, 0x27, 0xac, 0x8a, 0x83, 0x0d, 0x63, 0x2d, 0x63, 0x71, 0x4b, 0x29, 0x94, 0x04, 0xd5, 0xa4, 0xe5, 0x05, 0xe6, 0xc5, 0xe5,
  0x64, 0xdd, 0xe5, 0xe5, 0x64, 0xdd, 0xc4, 0xe5, 0xa4, 0xdd, 0xe4, 0xdc, 0xa5, 0xe5, 0x64, 0xdd, 0xc4, 0xd4, 0x44, 0xdd, 0xa4, 0xdd, 0xe4, 0xe5, 0x84, 0xdd, 0x03, 0xf6, 0x69, 0x8c, 0x7f, 0x4d,
  0x9f, 0x55, 0x9f, 0x55, 0x9f, 0x55, 0xbf, 0x55, 0x99, 0x44, 0x24, 0x29, 0x93, 0x19, 0x92, 0x19, 0x92, 0x19, 0x92, 0x19, 0x92, 0x19, 0x92, 0x19, 0x92, 0x19, 0x92, 0x21, 0x92, 0x21, 0x92, 0x21,
  0x7b, 0x2a, 0x7b, 0x2a, 0x7b, 0x2a, 0x7c, 0x2a, 0x7c, 0x2a, 0x9d, 0x2a, 0x9d, 0x2a, 0x9d, 0x2a, 0xdb, 0x3a, 0x17, 0x22, 0x18, 0x22, 0x68, 0x08, 0xaa, 0x53, 0xfa, 0xbf, 0xf9, 0xaf, 0xf9, 0xaf,
  0xf9, 0xaf, 0xf9, 0xaf, 0xf9, 0xaf, 0xf9, 0xaf, 0xfa, 0xb7, 0x4d, 0x5c, 0x85, 0x21, 0x84, 0x21, 0x83, 0x19, 0x83, 0x19, 0x64, 0x19, 0x07, 0x2a, 0x71, 0x75, 0xfb, 0xbf, 0xf9, 0xaf, 0xf9, 0xaf,
  0xf9, 0xaf, 0xf9, 0xaf, 0xf9, 0xaf, 0xf9, 0xaf, 0xf9, 0xaf, 0xf9, 0xaf, 0xb8, 0xa7, 0x85, 0x11, 0xfd, 0x3f, 0xda, 0x3f, 0xda, 0x3f, 0xdb, 0x3f, 0xd7, 0x36, 0xa5, 0x09, 0xb0, 0x24, 0xfc, 0x3f,
  0xda, 0x3f, 0xfb, 0x3f, 0xfb, 0x3f, 0x8c, 0x1b, 0x44, 0x09, 0x65, 0x09, 0x88, 0x12, 0xf4, 0x2d, 0xfc, 0x3f, 0xdb, 0x3f, 0xba, 0x37, 0x72, 0x2d, 0x2e, 0x54, 0xfb, 0xaf, 0xf9, 0xa7, 0xf9, 0xa7,
  0xfa, 0xa7, 0xfa, 0xa7, 0xfa, 0xa7, 0xfa, 0xa7, 0xfa, 0xa7, 0xfa, 0xa7, 0xfa, 0xa7, 0xfa, 0xa7, 0xfa, 0xa7, 0xfa, 0xa7, 0xfa, 0xa7, 0xfa, 0xa7, 0xfa, 0xa7, 0xfa, 0xa7, 0xfa, 0xa7, 0xfa, 0xa7,
  0xfa, 0xa7, 0xfa, 0xa7, 0xfa, 0xa7, 0xfa, 0xa7, 0xfa, 0xa7, 0xfa, 0xa7, 0xfa, 0xa7, 0xfa, 0xa7, 0xfa, 0xa7, 0xfa, 0xa7, 0xfa, 0xa7, 0xfa, 0xa7, 0xfa, 0xa7, 0xfa, 0xa7, 0xfa, 0xa7, 0xfa, 0xa7,
  0xfa, 0xa7, 0xfa, 0xa7, 0xfa, 0xa7, 0xfa, 0x9f, 0xfa, 0x9f, 0xfa, 0xa7, 0xfa, 0xa7, 0xfa, 0x9f, 0xfa, 0x9f, 0xfa, 0x9f, 0xfa, 0x9f, 0xfa, 0x9f, 0xfa, 0x9f, 0xfa, 0x9f, 0xfa, 0x9f, 0xfa, 0x9f,
  0xfa, 0x9f, 0xfa, 0x9f, 0xfa, 0x9f, 0xfa, 0x9f, 0xfa, 0x9f, 0xfa, 0x9f, 0xfa, 0x9f, 0xfa, 0x9f, 0xdb, 0x9f, 0xdb, 0x9f, 0xfb, 0x9f, 0xfb, 0x9f, 0xfa, 0x9f, 0xfa, 0x9f, 0xfb, 0x9f, 0xfb, 0x9f,
  0xfb, 0x9f, 0xfb, 0x9f, 0xfb, 0x9f, 0xfb, 0x9f, 0xfb, 0x9f, 0xfb, 0x9f, 0xfb, 0x9f, 0xfb, 0x9f, 0xfb, 0x9f, 0xfb, 0x9f, 0xfb, 0x9f, 0xfb, 0x9f, 0xfb, 0x9f, 0xfb, 0x9f, 0xfb, 0x9f, 0xfb, 0x9f,
  0xfb, 0x9f, 0xfb, 0x9f, 0xfb, 0x9f, 0xfb, 0x9f, 0xfb, 0x9f, 0xfb, 0x9f, 0xfb, 0x97, 0xfb, 0x97, 0xfb, 0x9f, 0xfb, 0x9f, 0xfb, 0x97, 0xfb, 0x97, 0xfb, 0x97, 0xfb, 0x97, 0xfb, 0x97, 0xfb, 0x97,
  0xfb, 0x97, 0xfd, 0x9f, 0x6c, 0x43, 0x67, 0x4b, 0xf2, 0xa7, 0x71, 0x9f, 0xd2, 0xa7, 0x49, 0x5c, 0x2a, 0x11, 0xb4, 0x21, 0xf7, 0x21, 0xf6, 0x21, 0xf6, 0x21, 0xf6, 0x21, 0xf6, 0x21, 0xf6, 0x21,
  0xf7, 0x21, 0x6d, 0x21, 0xf0, 0x32, 0xfd, 0x3c, 0x7f, 0x45, 0x9f, 0x45, 0x74, 0x33, 0x0c, 0x53, 0x35, 0xae, 0x9a, 0xcf, 0x7a, 0xc7, 0x7a, 0xc7, 0x7a, 0xc7, 0x7a, 0xc7, 0x9b, 0xcf, 0x89, 0x42,
  0x00, 0x00, 0x70, 0x74, 0xdc, 0xcf, 0xbb, 0xc7, 0x9b, 0xc7, 0x5a, 0xbf, 0x3a, 0xbf, 0x7b, 0xbf, 0x53, 0x8d, 0xe3, 0x18, 0x45, 0x21, 0xd6, 0x95, 0x7c, 0xbf, 0x9c, 0xbf, 0xd2, 0x7c, 0x82, 0x10,
  0xc6, 0x29, 0x58, 0x9e, 0x34, 0x85, 0xc3, 0x10, 0x45, 0x21, 0xf7, 0x95, 0x5c, 0xb7, 0x7d, 0xb7, 0x92, 0x74, 0x62, 0x08, 0xc7, 0x29, 0x38, 0x96, 0xd7, 0x8d, 0x04, 0x19, 0x62, 0x08, 0xb7, 0x85,
  0x3d, 0xaf, 0x1c, 0xa7, 0xfc, 0xa6, 0xfc, 0x9e, 0xdc, 0x9e, 0xbc, 0x9e, 0xbc, 0x9e, 0xbc, 0x9e, 0xbc, 0x9e, 0xbc, 0x9e, 0xbc, 0x96, 0xbc, 0x96, 0x9c, 0x96, 0x9c, 0x96, 0x9c, 0x96, 0x9c, 0x96,
  0x7c, 0x8e, 0x9c, 0x8e, 0x9c, 0x8e, 0x7c, 0x8e, 0x7c, 0x8e, 0x7c, 0x8e, 0x7c, 0x8e, 0x7c, 0x8e, 0xfa, 0x85, 0x72, 0x95, 0xf0, 0x8c, 0x08, 0xbd, 0xc9, 0xac, 0x09, 0xb5, 0x28, 0xc5, 0x47, 0xcd,
  0xa5, 0xe5, 0x47, 0xd5, 0x48, 0xcd, 0x08, 0xc5, 0x85, 0xdd, 0x29, 0xc5, 0xe8, 0xc4, 0xcc, 0x8b, 0xeb, 0x6a, 0xa9, 0x62, 0x89, 0x5a, 0x68, 0x5a, 0x68, 0x5a, 0x88, 0x62, 0xea, 0x6a, 0xa9, 0x62,
  0x07, 0x4a, 0x03, 0x29, 0xe3, 0x20, 0xe4, 0x20, 0xaa, 0x5a, 0x69, 0x62, 0xcc, 0x5a, 0xaa, 0x5a, 0x08, 0x4a, 0x70, 0x4b, 0x14, 0x4c, 0xa5, 0xcc, 0xc4, 0xd4, 0x44, 0xdd, 0x44, 0xdd, 0x04, 0xd5,
  0x04, 0xd5, 0xe5, 0xe5, 0xa4, 0xdd, 0xa4, 0xe5, 0xe5, 0xe5, 0xa4, 0xe5, 0x24, 0xdd, 0x84, 0xdd, 0xc4, 0xd4, 0x84, 0xcc, 0xc4, 0xd4, 0xc5, 0xe5, 0xc4, 0xe5, 0x84, 0xe5, 0x02, 0xfe, 0x78, 0x44,
  0x9f, 0x55, 0x9f, 0x4d, 0x7f, 0x4d, 0xbf, 0x4d, 0x99, 0x44, 0x24, 0x29, 0x93, 0x19, 0x92, 0x19, 0x92, 0x19, 0x92, 0x19, 0x92, 0x19, 0x92, 0x19, 0x92, 0x19, 0x92, 0x19, 0x92, 0x19, 0x92, 0x19,
  0x9b, 0x32, 0x9b, 0x32, 0x9b, 0x32, 0x9b, 0x32, 0x9b, 0x32, 0x9b, 0x32, 0x9b, 0x32, 0x9b, 0x32, 0xfc, 0x42, 0xbc, 0x32, 0xbd, 0x32, 0xec, 0x10, 0x0b, 0x5c, 0xfa, 0xb7, 0xf9, 0xaf, 0xf9, 0xaf,
  0xf9, 0xaf, 0xf9, 0xaf, 0xf9, 0xaf, 0xf9, 0xaf, 0xf9, 0xaf, 0xfa, 0xb7, 0xb8, 0xaf, 0x71, 0x75, 0xae, 0x64, 0xae, 0x64, 0xd2, 0x7d, 0xfa, 0xb7, 0xfa, 0xb7, 0xf9, 0xaf, 0xf9, 0xaf, 0xf9, 0xaf,
  0xf9, 0xaf, 0xf9, 0xaf, 0xf9, 0xaf, 0xf9, 0xaf, 0xf9, 0xaf, 0xf9, 0xaf, 0xb8, 0xa7, 0x65, 0x09, 0xfd, 0x3f, 0xfb, 0x3f, 0xfb, 0x3f, 0xfb, 0x3f, 0xfb, 0x3f, 0xfd, 0x3f, 0xfc, 0x3f, 0xfb, 0x3f,
  0xfb, 0x3f, 0xfb, 0x3f, 0xfb, 0x3f, 0xfd, 0x3f, 0xfd, 0x3f, 0xfd, 0x3f, 0xfd, 0x3f, 0xfc, 0x3f, 0xfb, 0x3f, 0xfb, 0x3f, 0xda, 0x3f, 0x52, 0x2d, 0x0d, 0x54, 0xfb, 0xaf, 0xfa, 0xa7, 0xfa, 0xa7,
  0xfa, 0xa7, 0xfa, 0xa7, 0xfa, 0xa7, 0xfa, 0xa7, 0xfa, 0xa7, 0xfa, 0xa7, 0xfa, 0xa7, 0xfa, 0xa7, 0xfa, 0xa7, 0xfa, 0xa7, 0xfa, 0xa7, 0xfa, 0xa7, 0xfa, 0xa7, 0xfa, 0xa7, 0xfa, 0xa7, 0xfa, 0xa7,
  0xfa, 0xa7, 0xfa, 0xa7, 0xfa, 0xa7, 0xfa, 0xa7, 0xfa, 0xa7, 0xfa, 0xa7, 0xfa, 0xa7, 0xfa, 0xa7, 0xfa, 0xa7, 0xfa, 0xa7, 0xfa, 0xa7, 0xfa, 0xa7, 0xfa, 0xa7, 0xfa, 0xa7, 0xfa, 0xa7, 0xfa, 0xa7,
  0xfa, 0x9f, 0xfa, 0x9f, 0xfa, 0x9f, 0xfa, 0xa7, 0xfa, 0xa7, 0xfa, 0x9f, 0xfa, 0x9f, 0xfa, 0x9f, 0xfa, 0x9f, 0xfa, 0x9f, 0xfa, 0x9f, 0xfa, 0x9f, 0xfa, 0x9f, 0xfa, 0x9f, 0xfa, 0x9f, 0xfa, 0x9f,
  0xfa, 0x9f, 0xfa, 0x9f, 0xfa, 0x9f, 0xfa, 0x9f, 0xfa, 0x9f, 0xdb, 0x9f, 0xdb, 0x9f, 0xdb, 0x9f, 0xfb, 0x9f, 0xfa, 0x9f, 0xfa, 0x9f, 0xfa, 0x9f, 0xfb, 0x9f, 0xfb, 0x9f, 0xfb, 0x9f, 0xfb, 0x9f,
  0xfb, 0x9f, 0xfb, 0x9f, 0xfb, 0x9f, 0xfb, 0x9f, 0xfb, 0x9f, 0xfb, 0x9f, 0xfb, 0x9f, 0xfb, 0x9f, 0xfb, 0x9f, 0xfb, 0x9f, 0xfb, 0x9f, 0xfb, 0x9f, 0xfb, 0x9f, 0xfb, 0x9f, 0xfb, 0x9f, 0xfb, 0x9f,
  0xfb, 0x9f, 0xfb, 0x9f, 0xfb, 0x9f, 0xfb, 0x97, 0xfb, 0x97, 0xfb, 0x97, 0xfb, 0x9f, 0xfb, 0x9f, 0xfb, 0x97, 0xfb, 0x97, 0xfb, 0x97, 0xfb, 0x97, 0xfb, 0x97, 0xfb, 0x97, 0xfb, 0x97, 0xfb, 0x97,
  0xfb, 0x97, 0xfd, 0x9f, 0x6c, 0x43, 0x67, 0x4b, 0xf2, 0xa7, 0x71, 0x9f, 0xd2, 0xa7, 0x4a, 0x5c, 0x2a, 0x19, 0xf5, 0x29, 0x37, 0x2a, 0x37, 0x2a, 0x37, 0x2a, 0x37, 0x2a, 0x37, 0x2a, 0x36, 0x2a,
  0x37, 0x2a, 0xae, 0x29, 0xf0, 0x32, 0xfd, 0x44, 0x7f, 0x45, 0x9f, 0x45, 0x74, 0x33, 0x0c, 0x53, 0x35, 0xae, 0x9a, 0xcf, 0x5a, 0xc7, 0x5a, 0xc7, 0x5a, 0xc7, 0x5a, 0xc7, 0x9b, 0xc7, 0x89, 0x42,
  0x00, 0x00, 0x4f, 0x74, 0x7b, 0xc7, 0x5a, 0xbf, 0x3a, 0xbf, 0x3a, 0xbf, 0x3a, 0xbf, 0x5b, 0xbf, 0xb9, 0xae, 0x28, 0x3a, 0x00, 0x00, 0x6d, 0x5b, 0x17, 0x9e, 0x58, 0x9e, 0xaa, 0x42, 0x00, 0x00,
  0x6d, 0x53, 0xba, 0xa6, 0xba, 0xa6, 0xe7, 0x31, 0x00, 0x00, 0x8e, 0x5b, 0xf7, 0x95, 0x38, 0x96, 0x6a, 0x3a, 0x00, 0x00, 0x6e, 0x53, 0xdb, 0xa6, 0xb6, 0x85, 0x04, 0x19, 0x41, 0x08, 0x51, 0x64,
  0x96, 0x85, 0x76, 0x7d, 0x55, 0x7d, 0x19, 0x8e, 0xbb, 0x9e, 0xbc, 0x9e, 0xbc, 0x9e, 0xbc, 0x96, 0xbc, 0x96, 0xbc, 0x96, 0x9c, 0x96, 0x9c, 0x96, 0x9c, 0x96, 0x9c, 0x96, 0x9c, 0x96, 0x9c, 0x8e,
  0x7c, 0x8e, 0x7c, 0x8e, 0x7c, 0x8e, 0x7c, 0x8e, 0x7c, 0x8e, 0x7c, 0x86, 0x5c, 0x86, 0x7d, 0x86, 0xd1, 0x7c, 0xe7, 0xe5, 0x25, 0xf6, 0x06, 0xf6, 0x06, 0xee, 0x27, 0xee, 0xe6, 0xed, 0xc5, 0xed,
  0xa7, 0xe5, 0x66, 0xe5, 0x86, 0xe5, 0x45, 0xe5, 0x85, 0xe5, 0x64, 0xdd, 0x24, 0xdd, 0xc6, 0x72, 0x85, 0x39, 0x65, 0x31, 0x08, 0x42, 0xe7, 0x41, 0xc7, 0x39, 0xc7, 0x41, 0xc7, 0x41, 0x07, 0x4a,
  0x28, 0x4a, 0x68, 0x52, 0x48, 0x52, 0x69, 0x52, 0x69, 0x5a, 0x69, 0x52, 0xab, 0x4a, 0xc8, 0x31, 0xa3, 0x10, 0x36, 0x44, 0xb0, 0x53, 0x04, 0xd5, 0x44, 0xdd, 0x64, 0xe5, 0xe4, 0xd4, 0x44, 0xcc,
  0xc4, 0xcc, 0xa5, 0xe5, 0xc4, 0xe5, 0x84, 0xdd, 0xc4, 0xe5, 0xc4, 0xe5, 0x04, 0xdd, 0xc4, 0xe5, 0x64, 0xdd, 0x84, 0xdd, 0xa4, 0xd4, 0xa4, 0xe5, 0xc4, 0xe5, 0x84, 0xdd, 0xe3, 0xf5, 0xcd, 0x63,
  0x9f, 0x4d, 0x7f, 0x4d, 0x7f, 0x4d, 0x9f, 0x4d, 0x99, 0x44, 0x24, 0x29, 0xd4, 0x29, 0xd3, 0x29, 0xd3, 0x29, 0xd3, 0x29, 0xd3, 0x29, 0xd3, 0x29, 0xd3, 0x29, 0xd3, 0x29, 0xd3, 0x29, 0xd3, 0x29,
  0xfb, 0x42, 0xfc, 0x42, 0xfc, 0x42, 0xfb, 0x42, 0xfb, 0x42, 0xfc, 0x3a, 0xfb, 0x3a, 0xfb, 0x3a, 0x1b, 0x43, 0xfb, 0x42, 0x1c, 0x43, 0x0c, 0x19, 0x0b, 0x54, 0xfa, 0xb7, 0xf9, 0xaf, 0xf9, 0xaf,
  0xf9, 0xaf, 0xf9, 0xaf, 0xf9, 0xaf, 0xf9, 0xaf, 0xf9, 0xaf, 0xf9, 0xaf, 0xf9, 0xaf, 0xfa, 0xb7, 0xfa, 0xb7, 0xfa, 0xb7, 0xfa, 0xb7, 0xf9, 0xaf, 0xf9, 0xaf, 0xf9, 0xaf, 0xf9, 0xaf, 0xf9, 0xaf,
  0xf9, 0xaf, 0xf9, 0xaf, 0xf9, 0xaf, 0xf9, 0xaf, 0xf9, 0xaf, 0xf9, 0xaf, 0xb8, 0xa7, 0x47, 0x22, 0x96, 0x2e, 0xb7, 0x2e, 0xb6, 0x2e, 0xb6, 0x2e, 0xb6, 0x2e, 0xb6, 0x2e, 0xb6, 0x2e, 0xb6, 0x2e,
  0xb6, 0x2e, 0xb6, 0x2e, 0xb6, 0x2e, 0xb6, 0x2e, 0xb6, 0x2e, 0xb6, 0x2e, 0xb6, 0x2e, 0xb6, 0x2e, 0xb6, 0x2e, 0xb7, 0x2e, 0x75, 0x2e, 0xed, 0x23, 0x51, 0x6d, 0xfa, 0xaf, 0xfa, 0xa7, 0xfa, 0xa7,
  0xfa, 0xa7, 0xfa, 0xa7, 0xfa, 0xa7, 0xfa, 0xa7, 0xfa, 0xa7, 0xfa, 0xa7, 0xfa, 0xa7, 0xfa, 0xa7, 0xfa, 0xa7, 0xfa, 0xa7, 0xfa, 0xa7, 0xfa, 0xa7, 0xfa, 0xa7, 0xfa, 0xa7, 0xfa, 0xa7, 0xfa, 0xa7,
  0xfa, 0xa7, 0xfa, 0xa7, 0xfa, 0xa7, 0xfa, 0xa7, 0xfa, 0xa7, 0xfa, 0xa7, 0xfa, 0xa7, 0xfa, 0xa7, 0xfa, 0xa7, 0xfa, 0xa7, 0xfa, 0xa7, 0xfa, 0xa7, 0xfa, 0xa7, 0xfa, 0xa7, 0xfa, 0x9f, 0xfa, 0x9f,
  0xfa, 0xa7, 0xfa, 0xa7, 0xfa, 0x9f, 0xfa, 0x9f, 0xfa, 0x9f, 0xfa, 0x9f, 0xfa, 0x9f, 0xfa, 0x9f, 0xfa, 0x9f, 0xfa, 0x9f, 0xfa, 0x9f, 0xfa, 0x9f, 0xfa, 0x9f, 0xfa, 0x9f, 0xfa, 0x9f, 0xfa, 0x9f,
  0xfa, 0x9f, 0xfa, 0x9f, 0xfa, 0x9f, 0xdb, 0x9f, 0xdb, 0x9f, 0xfb, 0x9f, 0xfb, 0x9f, 0xfa, 0x9f, 0xfa, 0x9f, 0xfb, 0x9f, 0xfb, 0x9f, 0xfb, 0x9f, 0xfb, 0x9f, 0xfb, 0x9f, 0xfb, 0x9f, 0xfb, 0x9f,
  0xfb, 0x9f, 0xfb, 0x9f, 0xfb, 0x9f, 0xfb, 0x9f, 0xfb, 0x9f, 0xfb, 0x9f, 0xfb, 0x9f, 0xfb, 0x9f, 0xfb, 0x9f, 0xfb, 0x9f, 0xfb, 0x9f, 0xfb, 0x9f, 0xfb, 0x9f, 0xfb, 0x9f, 0xfb, 0x9f, 0xfb, 0x9f,
  0xfb, 0x9f, 0xfb, 0x97, 0xfb, 0x97, 0xfb, 0x9f, 0xfb, 0x9f, 0xfb, 0x97, 0xfb, 0x97, 0xfb, 0x97, 0xfb, 0x97, 0xfb, 0x97, 0xfb, 0x97, 0xfb, 0x97, 0xfb, 0x97, 0xfb, 0x97, 0xfb, 0x97, 0xfb, 0x97,
  0xfb, 0x97, 0xfd, 0x9f, 0x6c, 0x43, 0x67, 0x4b, 0xf2, 0xa7, 0x91, 0x9f, 0xf2, 0xa7, 0x4a, 0x5c, 0x4a, 0x21, 0x55, 0x32, 0x97, 0x3a, 0x97, 0x3a, 0x97, 0x3a, 0x97, 0x3a, 0x97, 0x3a, 0x97, 0x3a,
  0x98, 0x3a, 0xce, 0x31, 0xf0, 0x32, 0x1d, 0x45, 0x7f, 0x45, 0x9f, 0x45, 0x74, 0x33, 0xec, 0x52, 0x35, 0xa6, 0x9b, 0xc7, 0x5a, 0xc7, 0x5a, 0xc7, 0x5a, 0xbf, 0x5a, 0xbf, 0x7b, 0xc7, 0x68, 0x42,
  0x00, 0x00, 0x2f, 0x6c, 0x7b, 0xbf, 0x3a, 0xbf, 0x3a, 0xb7, 0x3a, 0xb7, 0x3a, 0xb7, 0x3b, 0xb7, 0x9c, 0xbf, 0xf2, 0x7c, 0x45, 0x21, 0x00, 0x00, 0x45, 0x21, 0x24, 0x21, 0x00, 0x00, 0xa6, 0x29,
  0xf7, 0x95, 0x3c, 0xb7, 0x5c, 0xb7, 0xb2, 0x74, 0x24, 0x19, 0x00, 0x00, 0x65, 0x21, 0x24, 0x19, 0x00, 0x00, 0xc7, 0x29, 0x18, 0x8e, 0x3d, 0xaf, 0x76, 0x85, 0xe3, 0x10, 0x00, 0x00, 0x41, 0x08,
  0x41, 0x08, 0x41, 0x08, 0x00, 0x00, 0x4e, 0x4b, 0x5a, 0x8e, 0xbc, 0x96, 0xbc, 0x96, 0x9c, 0x96, 0x9c, 0x96, 0x9c, 0x96, 0x9c, 0x96, 0x9c, 0x96, 0x9c, 0x8e, 0x9c, 0x8e, 0x9c, 0x8e, 0x7c, 0x8e,
  0x7c, 0x8e, 0x7c, 0x8e, 0x7c, 0x8e, 0x5c, 0x86, 0x5c, 0x86, 0x5c, 0x86, 0x5c, 0x86, 0x7d, 0x86, 0xf1, 0x84, 0x06, 0xe6, 0xa5, 0xf6, 0xa5, 0xf6, 0x85, 0xf6, 0x45, 0xee, 0xe5, 0xe5, 0x84, 0xdd,
  0x64, 0xdd, 0x64, 0xd5, 0x44, 0xd5, 0x44, 0xd5, 0x04, 0xd5, 0xe4, 0xd4, 0x84, 0xcc, 0x67, 0x52, 0xa3, 0x10, 0xe4, 0x10, 0xad, 0x32, 0x8c, 0x2a, 0x4b, 0x2a, 0x2b, 0x2a, 0x0a, 0x22, 0xea, 0x21,
  0xe9, 0x21, 0xe9, 0x21, 0x46, 0x19, 0x61, 0x10, 0x61, 0x10, 0x09, 0x2a, 0xae, 0x2a, 0x10, 0x33, 0xb2, 0x3b, 0x15, 0x44, 0x8e, 0x53, 0xe4, 0xd4, 0x44, 0xdd, 0x64, 0xdd, 0x44, 0xdd, 0x04, 0xd5,
  0xc4, 0xd4, 0x64, 0xdd, 0xa4, 0xdd, 0x64, 0xdd, 0xa4, 0xe5, 0xc5, 0xe5, 0x44, 0xdd, 0x24, 0xdd, 0x84, 0xdd, 0x84, 0xdd, 0xa5, 0xe5, 0x64, 0xdd, 0xa4, 0xdd, 0x84, 0xe5, 0xc4, 0xed, 0xca, 0x7b,
  0x7f, 0x45, 0x5f, 0x4d, 0x7f, 0x4d, 0x7f, 0x4d, 0x79, 0x44, 0x04, 0x21, 0x34, 0x32, 0x33, 0x32, 0x13, 0x32, 0x33, 0x32, 0x33, 0x32, 0x33, 0x32, 0x33, 0x32, 0x33, 0x32, 0x33, 0x32, 0x33, 0x32,
  0x5b, 0x2a, 0x5b, 0x2a, 0x5b, 0x2a, 0x5b, 0x2a, 0x5b, 0x2a, 0x5b, 0x2a, 0x5b, 0x2a, 0x5b, 0x22, 0xdb, 0x3a, 0x7b, 0x2a, 0x7c, 0x2a, 0xcc, 0x08, 0x0b, 0x5c, 0xfa, 0xb7, 0xf9, 0xaf, 0xf9, 0xaf,
  0xf9, 0xaf, 0xf9, 0xaf, 0xf9, 0xaf, 0xf9, 0xaf, 0xf9, 0xaf, 0xf9, 0xaf, 0xf9, 0xaf, 0xf9, 0xaf, 0xf9, 0xaf, 0xf9, 0xaf, 0xf9, 0xaf, 0xf9, 0xaf, 0xf9, 0xaf, 0xf9, 0xaf, 0xf9, 0xaf, 0xf9, 0xaf,
  0xf9, 0xaf, 0xf9, 0xaf, 0xf9, 0xaf, 0xf9, 0xaf, 0xf9, 0xaf, 0xf9, 0xaf, 0xf9, 0xaf, 0xb2, 0x6d, 0xe9, 0x2a, 0x2e, 0x34, 0x0d, 0x34, 0x0d, 0x34, 0x0d, 0x34, 0x0d, 0x34, 0x0d, 0x34, 0x0d, 0x34,
  0x0d, 0x34, 0x0d, 0x34, 0x0d, 0x34, 0x0d, 0x34, 0x0d, 0x34, 0x0d, 0x34, 0x0d, 0x34, 0x0d, 0x34, 0x0d, 0x34, 0x0e, 0x34, 0xed, 0x33, 0xac, 0x4b, 0xfb, 0xaf, 0xfa, 0xa7, 0xfa, 0xa7, 0xfa, 0xa7,
  0xfa, 0xa7, 0xfa, 0xa7, 0xfa, 0xa7, 0xfa, 0xa7, 0xfa, 0xa7, 0xfa, 0xa7, 0xfa, 0xa7, 0xfa, 0xa7, 0xfa, 0xa7, 0xfa, 0xa7, 0xfa, 0xa7, 0xfa, 0xa7, 0xfa, 0xa7, 0xfa, 0xa7, 0xfa, 0xa7, 0xfa, 0xa7,
  0xfa, 0xa7, 0xfa, 0xa7, 0xfa, 0xa7, 0xfa, 0xa7, 0xfa, 0xa7, 0xfa, 0xa7, 0xfa, 0xa7, 0xfa, 0xa7, 0xfa, 0xa7, 0xfa, 0xa7, 0xfa, 0xa7, 0xfa, 0x9f, 0xfa, 0x9f, 0xfa, 0x9f, 0xfa, 0xa7, 0xfa, 0xa7,
  0xfa, 0x9f, 0xfa, 0x9f, 0xfa, 0x9f, 0xfa, 0x9f, 0xfa, 0x9f, 0xfa, 0x9f, 0xfa, 0x9f, 0xfa, 0x9f, 0xfa, 0x9f, 0xfa, 0x9f, 0xfa, 0x9f, 0xfa, 0x9f, 0xfa, 0x9f, 0xfa, 0x9f, 0xfa, 0x9f, 0xfa, 0x9f,
  0xdb, 0x9f, 0xdb, 0x9f, 0xdb, 0x9f, 0xfb, 0x9f, 0xfa, 0x9f, 0xfa, 0x9f, 0xfa, 0x9f, 0xfb, 0x9f, 0xfb, 0x9f, 0xfb, 0x9f, 0xfb, 0x9f, 0xfb, 0x9f, 0xfb, 0x9f, 0xfb, 0x9f, 0xfb, 0x9f, 0xfb, 0x9f,
  0xfb, 0x9f, 0xfb, 0x9f, 0xfb, 0x9f, 0xfb, 0x9f, 0xfb, 0x9f, 0xfb, 0x9f, 0xfb, 0x9f, 0xfb, 0x9f, 0xfb, 0x9f, 0xfb, 0x9f, 0xfb, 0x9f, 0xfb, 0x9f, 0xfb, 0x9f, 0xfb, 0x9f, 0xfb, 0x97, 0xfb, 0x97,
  0xfb, 0x97, 0xfb, 0x9f, 0xfb, 0x9f, 0xfb, 0x97, 0xfb, 0x97, 0xfb, 0x97, 0xfb, 0x97, 0xfb, 0x97, 0xfb, 0x97, 0xfb, 0x97, 0xfb, 0x97, 0xfb, 0x97, 0xfb, 0x97, 0xfb, 0x97, 0xfb, 0x97, 0xfb, 0x97,
  0xfb, 0x97, 0xfd, 0x9f, 0x6c, 0x43, 0x67, 0x4b, 0xf2, 0xa7, 0x91, 0x9f, 0xf2, 0xa7, 0x6a, 0x5c, 0x0a, 0x11, 0xb4, 0x19, 0xf6, 0x21, 0xd6, 0x21, 0xd6, 0x21, 0xd6, 0x21, 0xd6, 0x21, 0xd6, 0x21,
  0xd7, 0x21, 0x6d, 0x21, 0xf0, 0x32, 0x1d, 0x45, 0x7f, 0x45, 0x9f, 0x45, 0x94, 0x33, 0xec, 0x52, 0x15, 0xa6, 0x7b, 0xc7, 0x5a, 0xbf, 0x5a, 0xbf, 0x5a, 0xbf, 0x5a, 0xbf, 0x7b, 0xbf, 0xce, 0x63,
  0x45, 0x21, 0xf2, 0x84, 0x5b, 0xbf, 0x3a, 0xb7, 0x3a, 0xb7, 0x3b, 0xb7, 0x1b, 0xb7, 0x1b, 0xb7, 0x1b, 0xb7, 0x5c, 0xb7, 0x13, 0x7d, 0x69, 0x3a, 0x24, 0x19, 0x25, 0x19, 0xaa, 0x42, 0xf7, 0x95,
  0x3c, 0xaf, 0xfb, 0xae, 0xfb, 0xa6, 0x3c, 0xaf, 0xf3, 0x74, 0x49, 0x3a, 0x04, 0x19, 0x25, 0x19, 0xaa, 0x3a, 0xf8, 0x8d, 0xfc, 0xa6, 0xfc, 0xa6, 0xd8, 0x8d, 0xab, 0x3a, 0xa7, 0x29, 0xa7, 0x29,
  0xa7, 0x29, 0xa7, 0x29, 0x66, 0x21, 0x11, 0x5c, 0x5b, 0x8e, 0xbc, 0x96, 0x9c, 0x96, 0x9c, 0x96, 0x9c, 0x96, 0x9c, 0x96, 0x9c, 0x8e, 0x9c, 0x8e, 0x9c, 0x8e, 0x7c, 0x8e, 0x7c, 0x8e, 0x7c, 0x8e,
  0x7c, 0x86, 0x5c, 0x86, 0x5c, 0x86, 0x5c, 0x86, 0x5c, 0x86, 0x5c, 0x86, 0x3c, 0x86, 0x5e, 0x7e, 0x2f, 0x9d, 0x06, 0xe6, 0x45, 0xf6, 0x25, 0xee, 0xe5, 0xed, 0xc4, 0xe5, 0x84, 0xdd, 0x64, 0xdd,
  0x24, 0xd5, 0x24, 0xd5, 0x04, 0xd5, 0xe4, 0xd4, 0xe4, 0xd4, 0xc4, 0xd4, 0x44, 0xc4, 0x8f, 0x4b, 0xee, 0x32, 0x0f, 0x3b, 0x2f, 0x3b, 0x0f, 0x3b, 0xef, 0x32, 0xee, 0x32, 0xce, 0x32, 0xce, 0x32,
  0xce, 0x32, 0xce, 0x32, 0x2b, 0x22, 0x05, 0x11, 0xe5, 0x10, 0xce, 0x32, 0x71, 0x3b, 0xd3, 0x43, 0xf4, 0x43, 0x16, 0x3c, 0xca, 0x7b, 0xe4, 0xdc, 0x44, 0xdd, 0x24, 0xdd, 0x04, 0xdd, 0xc4, 0xd4,
  0x64, 0xcc, 0xe4, 0xd4, 0x64, 0xdd, 0x24, 0xd5, 0x84, 0xdd, 0xc4, 0xe5, 0x04, 0xdd, 0x64, 0xcc, 0xa4, 0xd4, 0x84, 0xcc, 0xe4, 0xd4, 0x04, 0xd5, 0xa4, 0xe5, 0xa4, 0xe5, 0x23, 0xf6, 0xcc, 0x6b,
  0x5f, 0x45, 0x5e, 0x45, 0x5e, 0x45, 0x7f, 0x45, 0x59, 0x3c, 0x24, 0x21, 0x73, 0x19, 0x72, 0x19, 0x72, 0x19, 0x72, 0x19, 0x72, 0x19, 0x72, 0x19, 0x72, 0x19, 0x72, 0x19, 0x72, 0x19, 0x72, 0x19,
  0x7b, 0x2a, 0x5b, 0x2a, 0x5b, 0x2a, 0x7b, 0x2a, 0x7b, 0x2a, 0x7b, 0x2a, 0x7b, 0x2a, 0x5b, 0x2a, 0xdb, 0x3a, 0x7b, 0x2a, 0x7c, 0x2a, 0xcc, 0x08, 0x0b, 0x5c, 0xfa, 0xb7, 0xf9, 0xaf, 0xf9, 0xaf,
  0xf9, 0xaf, 0xf9, 0xaf, 0xf9, 0xaf, 0xf9, 0xaf, 0xf9, 0xaf, 0xf9, 0xaf, 0xf9, 0xaf, 0xf9, 0xaf, 0xf9, 0xaf, 0xf9, 0xaf, 0xf9, 0xaf, 0xf9, 0xaf, 0xf9, 0xaf, 0xf9, 0xaf, 0xf9, 0xaf, 0xf9, 0xaf,
  0xf9, 0xaf, 0xf9, 0xaf, 0xf9, 0xaf, 0xf9, 0xaf, 0xf9, 0xaf, 0xf9, 0xaf, 0xf9, 0xaf, 0xfa, 0xaf, 0x16, 0x9f, 0xb5, 0x96, 0xb5, 0x96, 0xb5, 0x96, 0xb5, 0x96, 0xb5, 0x96, 0xb5, 0x96, 0xb5, 0x96,
  0xb5, 0x96, 0xb5, 0x96, 0xb5, 0x96, 0xb5, 0x96, 0xb5, 0x96, 0xb5, 0x96, 0xb6, 0x96, 0xb6, 0x96, 0xb6, 0x96, 0xb6, 0x96, 0xd6, 0x96, 0xfa, 0xaf, 0xfa, 0xa7, 0xfa, 0xa7, 0xfa, 0xa7, 0xfa, 0xa7,
  0xfa, 0xa7, 0xfa, 0xa7, 0xfa, 0xa7, 0xfa, 0xa7, 0xfa, 0xa7, 0xfa, 0xa7, 0xfa, 0xa7, 0xfa, 0xa7, 0xfa, 0xa7, 0xfa, 0xa7, 0xfa, 0xa7, 0xfa, 0xa7, 0xfa, 0xa7, 0xfa, 0xa7, 0xfa, 0xa7, 0xfa, 0xa7,
  0xfa, 0xa7, 0xfa, 0xa7, 0xfa, 0xa7, 0xfa, 0xa7, 0xfa, 0xa7, 0xfa, 0xa7, 0xfa, 0xa7, 0xfa, 0xa7, 0xfa, 0xa7, 0xfa, 0x9f, 0xfa, 0x9f, 0xfa, 0xa7, 0xfa, 0xa7, 0xfa, 0x9f, 0xfa, 0x9f, 0xfa, 0x9f,
  0xfa, 0x9f, 0xfa, 0x9f, 0xfa, 0x9f, 0xfa, 0x9f, 0xfa, 0x9f, 0xfa, 0x9f, 0xfa, 0x9f, 0xfa, 0x9f, 0xfa, 0x9f, 0xfa, 0x9f, 0xfa, 0x9f, 0xfa, 0x9f, 0xfa, 0x9f, 0xfa, 0x9f, 0xdb, 0x9f, 0xdb, 0x9f,
  0xfb, 0x9f, 0xfb, 0x9f, 0xfa, 0x9f, 0xfa, 0x9f, 0xfb, 0x9f, 0xfb, 0x9f, 0xfb, 0x9f, 0xfb, 0x9f, 0xfb, 0x9f, 0xfb, 0x9f, 0xfb, 0x9f, 0xfb, 0x9f, 0xfb, 0x9f, 0xfb, 0x9f, 0xfb, 0x9f, 0xfb, 0x9f,
  0xfb, 0x9f, 0xfb, 0x9f, 0xfb, 0x9f, 0xfb, 0x9f, 0xfb, 0x9f, 0xfb, 0x9f, 0xfb, 0x9f, 0xfb, 0x9f, 0xfb, 0x9f, 0xfb, 0x9f, 0xfb, 0x9f, 0xfb, 0x9f, 0xfb, 0x97, 0xfb, 0x97, 0xfb, 0x9f, 0xfb, 0x9f,
  0xfb, 0x97, 0xfb, 0x97, 0xfb, 0x97, 0xfb, 0x97, 0xfb, 0x97, 0xfb, 0x97, 0xfb, 0x97, 0xfb, 0x97, 0xfb, 0x97, 0xfb, 0x97, 0xfb, 0x97, 0xfb, 0x97, 0xfb, 0x97, 0xfb, 0x97, 0xfb, 0x97, 0xfb, 0x97,
  0xfb, 0x97, 0xfd, 0x9f, 0x6c, 0x43, 0x67, 0x4b, 0xf2, 0xa7, 0x91, 0x9f, 0xf2, 0xa7, 0x6a, 0x5c, 0x0a, 0x11, 0xb4, 0x21, 0xf6, 0x21, 0xf6, 0x21, 0xf6, 0x21, 0xf6, 0x21, 0xf6, 0x21, 0xf6, 0x21,
  0xf7, 0x21, 0x6d, 0x21, 0xf0, 0x32, 0x1d, 0x45, 0x7f, 0x45, 0x9f, 0x4d, 0x94, 0x33, 0xec, 0x52, 0x15, 0xa6, 0x7b, 0xc7, 0x5a, 0xbf, 0x3a, 0xbf, 0x3a, 0xbf, 0x3a, 0xbf, 0x5a, 0xbf, 0x5b, 0xbf,
  0x5b, 0xbf, 0x5b, 0xbf, 0x3b, 0xb7, 0x1b, 0xb7, 0x1b, 0xb7, 0x1b, 0xb7, 0x1b, 0xb7, 0x1b, 0xaf, 0x1b, 0xaf, 0x1b, 0xaf, 0x5c, 0xb7, 0x5c, 0xb7, 0x18, 0x96, 0x59, 0x9e, 0x3c, 0xb7, 0x3c, 0xaf,
  0xfb, 0xa6, 0xfb, 0xa6, 0xfb, 0xa6, 0xfb, 0xa6, 0x3c, 0xaf, 0x3d, 0xaf, 0xf8, 0x8d, 0x39, 0x96, 0x1d, 0xa7, 0xfc, 0xa6, 0xdc, 0x9e, 0xbc, 0x9e, 0xfc, 0x9e, 0xfc, 0x9e, 0xfc, 0x9e, 0xfd, 0x9e,
  0xfd, 0x9e, 0xdd, 0x9e, 0xdd, 0x9e, 0xdd, 0x9e, 0xbc, 0x96, 0x9c, 0x96, 0x9c, 0x96, 0x9c, 0x96, 0x9c, 0x8e, 0x9c, 0x8e, 0x9c, 0x8e, 0x7c, 0x8e, 0x7c, 0x8e, 0x7c, 0x8e, 0x7c, 0x8e, 0x7c, 0x86,
  0x5c, 0x86, 0x5c, 0x86, 0x5c, 0x86, 0x5c, 0x86, 0x5c, 0x86, 0x3c, 0x7e, 0x3c, 0x7e, 0x3e, 0x76, 0xcc, 0xc5, 0x05, 0xf6, 0x45, 0xf6, 0x05, 0xee, 0xc5, 0xed, 0xa4, 0xe5, 0x44, 0xdd, 0x24, 0xdd,
  0x04, 0xd5, 0xe4, 0xd4, 0xc4, 0xd4, 0xc4, 0xd4, 0xa4, 0xd4, 0x83, 0xd4, 0x23, 0xbc, 0xb1, 0x4b, 0xb2, 0x43, 0xd2, 0x43, 0xd3, 0x43, 0xf3, 0x4b, 0xf3, 0x43, 0xf4, 0x43, 0xf4, 0x43, 0x14, 0x44,
  0xf4, 0x43, 0xf4, 0x43, 0xf4, 0x43, 0x15, 0x44, 0x35, 0x44, 0x36, 0x44, 0x36, 0x44, 0x36, 0x44, 0x36, 0x44, 0x16, 0x3c, 0xcb, 0x6b, 0x24, 0xdd, 0x84, 0xe5, 0xc4, 0xed, 0x84, 0xe5, 0xe4, 0xd4,
  0x44, 0xcc, 0x04, 0xc4, 0xe4, 0xd4, 0x44, 0xd5, 0x44, 0xd5, 0x84, 0xdd, 0x84, 0xdd, 0x84, 0xdd, 0xc4, 0xd4, 0x04, 0xd5, 0x24, 0xcc, 0x84, 0xdd, 0xa4, 0xe5, 0xa4, 0xe5, 0x83, 0xe5, 0xf5, 0x43,
  0x1e, 0x45, 0x1e, 0x45, 0x1e, 0x45, 0x5f, 0x45, 0x59, 0x3c, 0x24, 0x21, 0x72, 0x19, 0x72, 0x19, 0x72, 0x19, 0x72, 0x19, 0x92, 0x19, 0x92, 0x19, 0x92, 0x19, 0x92, 0x19, 0x92, 0x19, 0x72, 0x19,
  0x5b, 0x2a, 0x7b, 0x2a, 0x7b, 0x2a, 0x7b, 0x2a, 0x7b, 0x2a, 0x7b, 0x2a, 0x7b, 0x2a, 0x5b, 0x2a, 0xdb, 0x3a, 0x7b, 0x2a, 0x7c, 0x2a, 0xcc, 0x08, 0x0b, 0x5c, 0xfa, 0xb7, 0xf9, 0xaf, 0xf9, 0xaf,
  0xf9, 0xaf, 0xf9, 0xaf, 0xf9, 0xaf, 0xf9, 0xaf, 0xf9, 0xaf, 0xf9, 0xaf, 0xf9, 0xaf, 0xf9, 0xaf, 0xf9, 0xaf, 0xf9, 0xaf, 0xf9, 0xaf, 0xf9, 0xaf, 0xf9, 0xaf, 0xf9, 0xaf, 0xf9, 0xaf, 0xf9, 0xaf,
  0xf9, 0xaf, 0xf9, 0xaf, 0xf9, 0xaf, 0xf9, 0xa7, 0xf9, 0xa7, 0xf9, 0xaf, 0xf9, 0xa7, 0xf9, 0xaf, 0xfa, 0xaf, 0xfa, 0xaf, 0xfa, 0xaf, 0xfa, 0xaf, 0xfa, 0xaf, 0xfa, 0xaf, 0xfa, 0xaf, 0xfa, 0xaf,
  0xfa, 0xaf, 0xfa, 0xaf, 0xfa, 0xaf, 0xfa, 0xaf, 0xfa, 0xaf, 0xfa, 0xaf, 0xfa, 0xaf, 0xfa, 0xaf, 0xfa, 0xaf, 0xfa, 0xa7, 0xfa, 0xa7, 0xfa, 0xa7, 0xfa, 0xa7, 0xfa, 0xa7, 0xfa, 0xa7, 0xfa, 0xa7,
  0xfa, 0xa7, 0xfa, 0xa7, 0xfa, 0xa7, 0xfa, 0xa7, 0xfa, 0xa7, 0xfa, 0xa7, 0xfa, 0xa7, 0xfa, 0xa7, 0xfa, 0xa7, 0xfa, 0xa7, 0xfa, 0xa7, 0xfa, 0xa7, 0xfa, 0xa7, 0xfa, 0xa7, 0xfa, 0xa7, 0xfa, 0xa7,
  0xfa, 0xa7, 0xfa, 0xa7, 0xfa, 0xa7, 0xfa, 0xa7, 0xfa, 0xa7, 0xfa, 0xa7, 0xfa, 0x9f, 0xfa, 0x9f, 0xfa, 0x9f, 0xfa, 0xa7, 0xfa, 0xa7, 0xfa, 0x9f, 0xfa, 0x9f, 0xfa, 0x9f, 0xfa, 0x9f, 0xfa, 0x9f,
  0xfa, 0x9f, 0xfa, 0x9f, 0xfa, 0x9f, 0xfa, 0x9f, 0xfa, 0x9f, 0xfa, 0x9f, 0xfa, 0x9f, 0xfa, 0x9f, 0xfa, 0x9f, 0xfa, 0x9f, 0xfa, 0x9f, 0xdb, 0x9f, 0xdb, 0x9f, 0xdb, 0x9f, 0xfb, 0x9f, 0xfa, 0x9f,
  0xfa, 0x9f, 0xfa, 0x9f, 0xfb, 0x9f, 0xfb, 0x9f, 0xfb, 0x9f, 0xfb, 0x9f, 0xfb, 0x9f, 0xfb, 0x9f, 0xfb, 0x9f, 0xfb, 0x9f, 0xfb, 0x9f, 0xfb, 0x9f, 0xfb, 0x9f, 0xfb, 0x9f, 0xfb, 0x9f, 0xfb, 0x9f,
  0xfb, 0x9f, 0xfb, 0x9f, 0xfb, 0x9f, 0xfb, 0x9f, 0xfb, 0x9f, 0xfb, 0x9f, 0xfb, 0x9f, 0xfb, 0x9f, 0xfb, 0x9f, 0xfb, 0x97, 0xfb, 0x97, 0xfb, 0x97, 0xfb, 0x9f, 0xfb, 0x9f, 0xfb, 0x97, 0xfb, 0x97,
  0xfb, 0x97, 0xfb, 0x97, 0xfb, 0x97, 0xfb, 0x97, 0xfb, 0x97, 0xfb, 0x97, 0xfb, 0x97, 0xfb, 0x97, 0xfb, 0x97, 0xfb, 0x97, 0xfb, 0x97, 0xfb, 0x97, 0xfb, 0x97, 0xfb, 0x97, 0xfb, 0x97, 0xfb, 0x97,
  0xdb, 0x97, 0xfd, 0x9f, 0x6c, 0x43, 0x67, 0x43, 0xf2, 0xa7, 0x91, 0x97, 0xf2, 0x9f, 0x6a, 0x5c, 0x0a, 0x11, 0xb4, 0x21, 0xf6, 0x21, 0xf6, 0x21, 0xf6, 0x21, 0xf6, 0x21, 0xf6, 0x21, 0xf6, 0x21,
  0xf7, 0x21, 0x6d, 0x21, 0xf0, 0x32, 0x1d, 0x45, 0x7f, 0x45, 0xbf, 0x4d, 0x94, 0x33, 0xec, 0x4a, 0x15, 0xa6, 0x7b, 0xbf, 0x3a, 0xbf, 0x3a, 0xbf, 0x3a, 0xb7, 0x3a, 0xb7, 0x3a, 0xb7, 0x3a, 0xb7,
  0x3b, 0xb7, 0x3b, 0xb7, 0x1b, 0xb7, 0x1b, 0xb7, 0x1b, 0xb7, 0x1b, 0xaf, 0x1b, 0xaf, 0x1b, 0xaf, 0xfb, 0xae, 0xfb, 0xae, 0xfb, 0xae, 0xfb, 0xae, 0x1c, 0xaf, 0x1b, 0xaf, 0xfb, 0xa6, 0xfb, 0xa6,
  0xdb, 0xa6, 0xdb, 0xa6, 0xdb, 0xa6, 0xdb, 0xa6, 0xdb, 0x9e, 0xdc, 0x9e, 0xfc, 0xa6, 0xfc, 0x9e, 0xdc, 0x9e, 0xbc, 0x9e, 0xbc, 0x9e, 0xbc, 0x9e, 0xbc, 0x9e, 0xbc, 0x96, 0xbc, 0x96, 0xbc, 0x96,
  0xbc, 0x96, 0xbc, 0x96, 0x9c, 0x96, 0x9c, 0x96, 0x9c, 0x96, 0x9c, 0x8e, 0x9c, 0x8e, 0x9c, 0x8e, 0x7c, 0x8e, 0x7c, 0x8e, 0x7c, 0x8e, 0x7c, 0x8e, 0x7c, 0x8e, 0x7c, 0x86, 0x7d, 0x86, 0x7c, 0x86,
  0x5c, 0x86, 0x5d, 0x86, 0x5d, 0x86, 0x5c, 0x86, 0x5c, 0x7e, 0x3c, 0x7e, 0x3c, 0x7e, 0x3d, 0x76, 0x70, 0xa5, 0xe6, 0xdd, 0x44, 0xf6, 0x44, 0xf6, 0x44, 0xf6, 0x04, 0xee, 0xc4, 0xe5, 0x64, 0xe5,
  0x43, 0xdd, 0x23, 0xdd, 0x03, 0xdd, 0xe4, 0xcc, 0xa5, 0xbc, 0x66, 0xb4, 0x09, 0x94, 0x13, 0x54, 0x35, 0x4c, 0x76, 0x54, 0xb7, 0x54, 0xd8, 0x54, 0xf9, 0x54, 0xf9, 0x54, 0xf9, 0x54, 0x19, 0x55,
  0x1a, 0x55, 0xfa, 0x54, 0xfa, 0x54, 0xfa, 0x54, 0xfa, 0x54, 0xfa, 0x54, 0xf9, 0x54, 0xd9, 0x4c, 0xd9, 0x4c, 0xb9, 0x4c, 0x14, 0x4c, 0xeb, 0xa4, 0xc8, 0xb4, 0xc7, 0xb4, 0xa6, 0xb4, 0x85, 0xbc,
  0x45, 0xbc, 0xc4, 0xb3, 0x84, 0xab, 0x64, 0xbc, 0xe4, 0xcc, 0x04, 0xd5, 0x44, 0xd5, 0x84, 0xdd, 0x24, 0xd5, 0x44, 0xdd, 0x44, 0xdd, 0x84, 0xdd, 0x84, 0xdd, 0x23, 0xdd, 0x2a, 0x84, 0xbc, 0x34,
  0xfd, 0x3c, 0xfd, 0x3c, 0xfd, 0x3c, 0x1e, 0x3d, 0x38, 0x3c, 0x24, 0x21, 0x72, 0x19, 0x71, 0x19, 0x71, 0x19, 0x92, 0x19, 0x92, 0x19, 0x92, 0x19, 0x72, 0x19, 0x72, 0x19, 0x72, 0x19, 0x92, 0x19,
  0x7b, 0x2a, 0x7b, 0x2a, 0x7b, 0x2a, 0x7b, 0x2a, 0x7b, 0x2a, 0x5b, 0x2a, 0x5b, 0x2a, 0x5b, 0x2a, 0xdb, 0x3a, 0x7b, 0x2a, 0x7b, 0x2a, 0xcc, 0x08, 0x0b, 0x5c, 0xfa, 0xb7, 0xf9, 0xaf, 0xf9, 0xaf,
  0xf9, 0xaf, 0xf9, 0xaf, 0xf9, 0xaf, 0xf9, 0xaf, 0xf9, 0xaf, 0xf9, 0xaf, 0xf9, 0xaf, 0xf9, 0xaf, 0xf9, 0xaf, 0xf9, 0xaf, 0xf9, 0xaf, 0xf9, 0xaf, 0xf9, 0xaf, 0xf9, 0xaf, 0xf9, 0xaf, 0xf9, 0xaf,
  0xf9, 0xaf, 0xf9, 0xa7, 0xf9, 0xaf, 0xf9, 0xa7, 0xf9, 0xa7, 0xf9, 0xa7, 0xf9, 0xa7, 0xf9, 0xa7, 0xf9, 0xa7, 0xf9, 0xa7, 0xf9, 0xa7, 0xf9, 0xa7, 0xf9, 0xa7, 0xfa, 0xa7, 0xfa, 0xa7, 0xf9, 0xa7,
  0xf9, 0xa7, 0xfa, 0xa7, 0xfa, 0xa7, 0xfa, 0xa7, 0xfa, 0xa7, 0xfa, 0xa7, 0xfa, 0xa7, 0xfa, 0xa7, 0xfa, 0xa7, 0xfa, 0xa7, 0xfa, 0xa7, 0xfa, 0xa7, 0xfa, 0xa7, 0xfa, 0xa7, 0xfa, 0xa7, 0xfa, 0xa7,
  0xfa, 0xa7, 0xfa, 0xa7, 0xfa, 0xa7, 0xfa, 0xa7, 0xfa, 0xa7, 0xfa, 0xa7, 0xfa, 0xa7, 0xfa, 0xa7, 0xfa, 0xa7, 0xfa, 0xa7, 0xfa, 0xa7, 0xfa, 0xa7, 0xfa, 0xa7, 0xfa, 0xa7, 0xfa, 0xa7, 0xfa, 0xa7,
  0xfa, 0xa7, 0xfa, 0xa7, 0xfa, 0xa7, 0xfa, 0xa7, 0xfa, 0x9f, 0xfa, 0x9f, 0xfa, 0xa7, 0xfa, 0xa7, 0xfa, 0x9f, 0xfa, 0x9f, 0xfa, 0x9f, 0xfa, 0x9f, 0xfa, 0x9f, 0xfa, 0x9f, 0xfa, 0x9f, 0xfa, 0x9f,
  0xfa, 0x9f, 0xfa, 0x9f, 0xfa, 0x9f, 0xfa, 0x9f, 0xfa, 0x9f, 0xfa, 0x9f, 0xfa, 0x9f, 0xfa, 0x9f, 0xfa, 0x9f, 0xdb, 0x9f, 0xdb, 0x9f, 0xfb, 0x9f, 0xfb, 0x9f, 0xfa, 0x9f, 0xfa, 0x9f, 0xfb, 0x9f,
  0xfb, 0x9f, 0xfb, 0x9f, 0xfb, 0x9f, 0xfb, 0x9f, 0xfb, 0x9f, 0xfb, 0x9f, 0xfb, 0x9f, 0xfb, 0x9f, 0xfb, 0x9f, 0xfb, 0x9f, 0xfb, 0x9f, 0xfb, 0x9f, 0xfb, 0x9f, 0xfb, 0x9f, 0xfb, 0x9f, 0xfb, 0x9f,
  0xfb, 0x9f, 0xfb, 0x9f, 0xfb, 0x9f, 0xfb, 0x9f, 0xfb, 0x9f, 0xfb, 0x9f, 0xfb, 0x9f, 0xfb, 0x97, 0xfb, 0x97, 0xfb, 0x9f, 0xfb, 0x9f, 0xfb, 0x97, 0xfb, 0x97, 0xfb, 0x97, 0xfb, 0x97, 0xfb, 0x97,
  0xfb, 0x97, 0xfb, 0x97, 0xfb, 0x97, 0xfb, 0x97, 0xfb, 0x97, 0xfb, 0x97, 0xfb, 0x97, 0xfb, 0x97, 0xfb, 0x97, 0xfb, 0x97, 0xfb, 0x97, 0xfb, 0x97, 0xfb, 0x97, 0xfb, 0x97, 0xfb, 0x97, 0xdb, 0x97,
  0xdb, 0x97, 0xfd, 0x9f, 0x6c, 0x43, 0x67, 0x43, 0xf2, 0xa7, 0x91, 0x97, 0xf2, 0x9f, 0x6a, 0x5c, 0x0a, 0x11, 0xb4, 0x21, 0xf6, 0x21, 0xf6, 0x21, 0xf6, 0x21, 0xf6, 0x21, 0xf6, 0x21, 0xf6, 0x21,
  0xf7, 0x21, 0x6d, 0x21, 0xf0, 0x32, 0x1d, 0x45, 0x7f, 0x4d, 0xbf, 0x4d, 0x94, 0x33, 0x0c, 0x53, 0x36, 0xa6, 0xbc, 0xc7, 0x7b, 0xbf, 0x7b, 0xbf, 0x7b, 0xbf, 0x7b, 0xbf, 0x7c, 0xbf, 0x7c, 0xbf,
  0x5c, 0xbf, 0x5c, 0xb7, 0x5c, 0xb7, 0x5c, 0xb7, 0x5c, 0xb7, 0x5c, 0xb7, 0x5c, 0xb7, 0x3c, 0xb7, 0x3c, 0xaf, 0x3c, 0xaf, 0x3c, 0xaf, 0x3c, 0xaf, 0x3c, 0xaf, 0x3c, 0xaf, 0x1c, 0xaf, 0x3c, 0xa7,
  0x1c, 0xa7, 0x1c, 0xa7, 0x1d, 0xa7, 0x1d, 0xa7, 0x1d, 0xa7, 0x1d, 0xa7, 0xfd, 0xa6, 0xfd, 0x9e, 0xfd, 0x9e, 0xfd, 0x9e, 0xfd, 0x9e, 0xfd, 0x9e, 0xfd, 0x9e, 0xdd, 0x9e, 0xdd, 0x9e, 0xdd, 0x96,
  0xdd, 0x96, 0xdd, 0x96, 0xdd, 0x96, 0xdd, 0x96, 0xdd, 0x96, 0xdd, 0x96, 0xbd, 0x96, 0xbd, 0x8e, 0xbd, 0x8e, 0xbe, 0x8e, 0xbe, 0x8e, 0xbe, 0x8e, 0xbe, 0x8e, 0xbe, 0x8e, 0x9e, 0x86, 0x9e, 0x86,
  0x9e, 0x86, 0x9e, 0x86, 0x9e, 0x86, 0x9e, 0x86, 0x9e, 0x86, 0x7e, 0x7e, 0x7e, 0x7e, 0x7e, 0x7e, 0x78, 0x6d, 0xb1, 0x9d, 0x2d, 0xc6, 0x0c, 0xce, 0xeb, 0xc5, 0xab, 0xc5, 0x8b, 0xbd, 0x8b, 0xbd,
  0x6b, 0xbd, 0x6c, 0xbd, 0x6c, 0xb5, 0x0e, 0x9d, 0xb0, 0x7c, 0x74, 0x64, 0xf9, 0x54, 0x5a, 0x5d, 0x7b, 0x65, 0x9c, 0x65, 0xbd, 0x65, 0xbd, 0x65, 0xbd, 0x65, 0xbd, 0x65, 0xbd, 0x65, 0xbd, 0x5d,
  0xbd, 0x5d, 0xbd, 0x5d, 0x9d, 0x5d, 0x9d, 0x5d, 0x9d, 0x5d, 0x9d, 0x5d, 0x7d, 0x55, 0x7d, 0x55, 0x5d, 0x55, 0x5d, 0x55, 0x5d, 0x4d, 0xfc, 0x44, 0x58, 0x44, 0x14, 0x4c, 0x12, 0x5c, 0xf0, 0x63,
  0xce, 0x6b, 0x8c, 0x6b, 0x0b, 0x63, 0xeb, 0x5a, 0x0a, 0x84, 0x67, 0xac, 0xa4, 0xc4, 0xc4, 0xcc, 0xa4, 0xcc, 0x24, 0xd5, 0x24, 0xd5, 0x24, 0xd5, 0xc4, 0xcc, 0x27, 0x9c, 0xd6, 0x2b, 0x9b, 0x34,
  0xdc, 0x3c, 0xfd, 0x3c, 0x1e, 0x3d, 0x3f, 0x3d, 0x39, 0x34, 0x24, 0x21, 0x72, 0x19, 0x71, 0x19, 0x71, 0x19, 0x71, 0x19, 0x72, 0x19, 0x72, 0x19, 0x92, 0x19, 0x92, 0x19, 0x92, 0x19, 0x92, 0x19,
  0x7b, 0x2a, 0x7b, 0x2a, 0x5b, 0x2a, 0x5b, 0x2a, 0x5b, 0x2a, 0x5b, 0x2a, 0x5b, 0x2a, 0x5b, 0x2a, 0xdb, 0x3a, 0x7b, 0x2a, 0x7c, 0x2a, 0xcc, 0x08, 0x0b, 0x54, 0xfb, 0xb7, 0xf9, 0xaf, 0xf9, 0xaf,
  0xf9, 0xaf, 0xf9, 0xaf, 0xf9, 0xaf, 0xf9, 0xaf, 0xf9, 0xaf, 0xf9, 0xaf, 0xf9, 0xaf, 0xf9, 0xaf, 0xf9, 0xaf, 0xf9, 0xaf, 0xf9, 0xaf, 0xf9, 0xaf, 0xf9, 0xaf, 0xf9, 0xaf, 0xf9, 0xa7, 0xf9, 0xa7,
  0xf9, 0xaf, 0xf9, 0xa7, 0xf9, 0xa7, 0xf9, 0xa7, 0xf9, 0xa7, 0xf9, 0xa7, 0xf9, 0xa7, 0xf9, 0xa7, 0xfa, 0xaf, 0xfa, 0xaf, 0xfa, 0xa7, 0xfa, 0xa7, 0xfa, 0xa7, 0xfa, 0xa7, 0xfa, 0xa7, 0xfa, 0xa7,
  0xfa, 0xa7, 0xfa, 0xa7, 0xfa, 0xa7, 0xfa, 0xa7, 0xfa, 0xa7, 0xfa, 0xa7, 0xfa, 0xa7, 0xfa, 0xa7, 0xfa, 0xa7, 0xfa, 0xa7, 0xfa, 0xa7, 0xfa, 0xa7, 0xfa, 0xa7, 0xfa, 0xa7, 0xfa, 0xa7, 0xfa, 0xa7,
  0xfa, 0xa7, 0xfa, 0xa7, 0xfa, 0xa7, 0xfa, 0xa7, 0xfa, 0xa7, 0xfa, 0xa7, 0xfa, 0xa7, 0xfa, 0xa7, 0xfa, 0xa7, 0xfa, 0xa7, 0xfa, 0xa7, 0xfa, 0xa7, 0xfa, 0xa7, 0xfa, 0xa7, 0xfa, 0xa7, 0xfa, 0xa7,
  0xfa, 0xa7, 0xfa, 0x9f, 0xfa, 0x9f, 0xfa, 0x9f, 0xfa, 0xa7, 0xfa, 0xa7, 0xfa, 0x9f, 0xfa, 0x9f, 0xfa, 0x9f, 0xfa, 0x9f, 0xfa, 0x9f, 0xfa, 0x9f, 0xfa, 0x9f, 0xfa, 0x9f, 0xfa, 0x9f, 0xfa, 0x9f,
  0xfa, 0x9f, 0xfa, 0x9f, 0xfa, 0x9f, 0xfa, 0x9f, 0xfa, 0x9f, 0xfa, 0x9f, 0xdb, 0x9f, 0xdb, 0x9f, 0xdb, 0x9f, 0xfb, 0x9f, 0xfa, 0x9f, 0xfa, 0x9f, 0xfa, 0x9f, 0xfb, 0x9f, 0xfb, 0x9f, 0xfb, 0x9f,
  0xfb, 0x9f, 0xfb, 0x9f, 0xfb, 0x9f, 0xfb, 0x9f, 0xfb, 0x9f, 0xfb, 0x9f, 0xfb, 0x9f, 0xfb, 0x9f, 0xfb, 0x9f, 0xfb, 0x9f, 0xfb, 0x9f, 0xfb, 0x9f, 0xfb, 0x9f, 0xfb, 0x9f, 0xfb, 0x9f, 0xfb, 0x9f,
  0xfb, 0x9f, 0xfb, 0x9f, 0xfb, 0x9f, 0xfb, 0x9f, 0xfb, 0x97, 0xfb, 0x97, 0xfb, 0x97, 0xfb, 0x9f, 0xfb, 0x9f, 0xfb, 0x97, 0xfb, 0x97, 0xfb, 0x97, 0xfb, 0x97, 0xfb, 0x97, 0xfb, 0x97, 0xfb, 0x97,
  0xfb, 0x97, 0xfb, 0x97, 0xfb, 0x97, 0xfb, 0x97, 0xfb, 0x97, 0xfb, 0x97, 0xfb, 0x97, 0xfb, 0x97, 0xfb, 0x97, 0xfb, 0x97, 0xfb, 0x97, 0xfb, 0x97, 0xdb, 0x97, 0xdb, 0x97, 0xdb, 0x97, 0xdb, 0x97,
  0xdb, 0x97, 0xfd, 0x9f, 0x6c, 0x43, 0x67, 0x43, 0xf2, 0x9f, 0x91, 0x97, 0xf2, 0x9f, 0x6a, 0x5c, 0x0a, 0x11, 0xb4, 0x21, 0xf6, 0x21, 0xf6, 0x21, 0xf6, 0x21, 0xf6, 0x21, 0xf6, 0x21, 0xd6, 0x21,
  0xf7, 0x21, 0x6d, 0x21, 0xf0, 0x32, 0x1d, 0x45, 0x9f, 0x4d, 0xbf, 0x4d, 0x94, 0x33, 0x6a, 0x42, 0x0f, 0x74, 0xf2, 0x84, 0xd2, 0x84, 0xd2, 0x84, 0xd2, 0x84, 0xd2, 0x84, 0xd2, 0x84, 0xd2, 0x7c,
  0xd2, 0x7c, 0xd2, 0x7c, 0xd2, 0x7c, 0xd2, 0x7c, 0xb2, 0x7c, 0xb2, 0x7c, 0xb2, 0x7c, 0xb2, 0x7c, 0xb2, 0x7c, 0xb2, 0x7c, 0xb2, 0x7c, 0xb2, 0x74, 0xb3, 0x74, 0xb3, 0x74, 0xb2, 0x74, 0xb3, 0x74,
  0x93, 0x74, 0x93, 0x74, 0x93, 0x74, 0x93, 0x74, 0x93, 0x74, 0x93, 0x74, 0x93, 0x74, 0x93, 0x6c, 0x93, 0x6c, 0x73, 0x6c, 0x93, 0x6c, 0x73, 0x6c, 0x73, 0x6c, 0x73, 0x6c, 0x73, 0x6c, 0x73, 0x6c,
  0x73, 0x6c, 0x73, 0x6c, 0x73, 0x64, 0x73, 0x64, 0x73, 0x64, 0x53, 0x64, 0x73, 0x64, 0x53, 0x64, 0x53, 0x64, 0x53, 0x64, 0x53, 0x64, 0x53, 0x64, 0x53, 0x64, 0x53, 0x64, 0x53, 0x5c, 0x54, 0x5c,
  0x54, 0x5c, 0x34, 0x5c, 0x34, 0x5c, 0x34, 0x5c, 0x34, 0x5c, 0x34, 0x5c, 0x34, 0x5c, 0x34, 0x5c, 0x54, 0x5c, 0x35, 0x54, 0x15, 0x4c, 0x93, 0x43, 0x51, 0x43, 0x31, 0x43, 0x30, 0x43, 0x31, 0x3b,
  0x51, 0x3b, 0x73, 0x43, 0xd4, 0x43, 0xf5, 0x43, 0xf5, 0x4b, 0xf4, 0x4b, 0xf4, 0x4b, 0xf4, 0x4b, 0xf4, 0x4b, 0xf4, 0x4b, 0xf4, 0x4b, 0xf4, 0x4b, 0xd4, 0x4b, 0xd4, 0x4b, 0xd4, 0x4b, 0xd4, 0x43,
  0xd4, 0x43, 0xd4, 0x43, 0xd4, 0x43, 0xd4, 0x43, 0xb4, 0x43, 0xb4, 0x43, 0xb4, 0x43, 0x93, 0x43, 0x93, 0x3b, 0x93, 0x3b, 0x93, 0x3b, 0x73, 0x3b, 0x73, 0x3b, 0x53, 0x33, 0x32, 0x33, 0x12, 0x2b,
  0xd1, 0x2a, 0x8f, 0x22, 0x6e, 0x22, 0x2e, 0x22, 0xed, 0x19, 0xc8, 0x31, 0x83, 0x72, 0xe2, 0x8a, 0xe2, 0x92, 0xe2, 0x8a, 0xc2, 0x8a, 0xa2, 0x82, 0x42, 0x72, 0xca, 0x21, 0x8f, 0x22, 0xd1, 0x2a,
  0xf2, 0x2a, 0x13, 0x2b, 0x33, 0x2b, 0x54, 0x2b, 0xd1, 0x2a, 0x04, 0x21, 0x72, 0x19, 0x71, 0x19, 0x71, 0x19, 0x72, 0x19, 0x92, 0x19, 0x92, 0x19, 0x92, 0x19, 0x92, 0x19, 0x92, 0x19, 0x92, 0x19,
  0x5b, 0x2a, 0x5b, 0x2a, 0x5b, 0x2a, 0x5b, 0x2a, 0x5b, 0x2a, 0x5a, 0x2a, 0x5a, 0x2a, 0x5a, 0x2a, 0xdb, 0x3a, 0x7b, 0x2a, 0x7b, 0x2a, 0xcc, 0x08, 0x0b, 0x5c, 0xfa, 0xb7, 0xf9, 0xaf, 0xf9, 0xaf,
  0xf9, 0xaf, 0xf9, 0xaf, 0xf9, 0xaf, 0xf9, 0xaf, 0xf9, 0xaf, 0xf9, 0xaf, 0xf9, 0xaf, 0xf9, 0xaf, 0xf9, 0xaf, 0xf9, 0xaf, 0xf9, 0xaf, 0xf9, 0xaf, 0xf9, 0xa7, 0xf9, 0xaf, 0xf9, 0xa7, 0xf9, 0xa7,
  0xf9, 0xa7, 0xf9, 0xa7, 0xf9, 0xa7, 0xf9, 0xa7, 0xf9, 0xa7, 0xf9, 0xa7, 0xf9, 0xa7, 0xfa, 0xaf, 0x98, 0xa7, 0x58, 0x9f, 0x78, 0x9f, 0x58, 0x9f, 0x58, 0x9f, 0x58, 0x9f, 0x58, 0x9f, 0x58, 0x9f,
  0x58, 0x9f, 0x58, 0x9f, 0x58, 0x9f, 0x58, 0x9f, 0x58, 0x9f, 0x58, 0x9f, 0x58, 0x9f, 0x58, 0x9f, 0x58, 0x9f, 0x58, 0x9f, 0x78, 0x9f, 0xfa, 0xa7, 0xfa, 0xa7, 0xfa, 0xa7, 0xfa, 0xa7, 0xfa, 0xa7,
  0xfa, 0xa7, 0xfa, 0xa7, 0xfa, 0xa7, 0xfa, 0xa7, 0xfa, 0xa7, 0xfa, 0xa7, 0xfa, 0xa7, 0xfa, 0xa7, 0xfa, 0xa7, 0xfa, 0xa7, 0xfa, 0xa7, 0xfa, 0xa7, 0xfa, 0xa7, 0xfa, 0xa7, 0xfa, 0xa7, 0xfa, 0x9f,
  0xfa, 0x9f, 0xfa, 0xa7, 0xfa, 0xa7, 0xfa, 0x9f, 0xfa, 0x9f, 0xfa, 0x9f, 0xfa, 0x9f, 0xfa, 0x9f, 0xfa, 0x9f, 0xfa, 0x9f, 0xfa, 0x9f, 0xfa, 0x9f, 0xfa, 0x9f, 0xfa, 0x9f, 0xfa, 0x9f, 0xfa, 0x9f,
  0xfa, 0x9f, 0xfa, 0x9f, 0xfa, 0x9f, 0xfa, 0x9f, 0xdb, 0x9f, 0xdb, 0x9f, 0xfb, 0x9f, 0xfb, 0x9f, 0xfa, 0x9f, 0xfa, 0x9f, 0xfb, 0x9f, 0xfb, 0x9f, 0xfb, 0x9f, 0xfb, 0x9f, 0xfb, 0x9f, 0xfb, 0x9f,
  0xfb, 0x9f, 0xfb, 0x9f, 0xfb, 0x9f, 0xfb, 0x9f, 0xfb, 0x9f, 0xfb, 0x9f, 0xfb, 0x9f, 0xfb, 0x9f, 0xfb, 0x9f, 0xfb, 0x9f, 0xfb, 0x9f, 0xfb, 0x9f, 0xfb, 0x9f, 0xfb, 0x9f, 0xfb, 0x9f, 0xfb, 0x9f,
  0xfb, 0x9f, 0xfb, 0x9f, 0xfb, 0x97, 0xfb, 0x97, 0xfb, 0x9f, 0xfb, 0x9f, 0xfb, 0x97, 0xfb, 0x97, 0xfb, 0x97, 0xfb, 0x97, 0xfb, 0x97, 0xfb, 0x97, 0xfb, 0x97, 0xfb, 0x97, 0xfb, 0x97, 0xfb, 0x97,
  0xfb, 0x97, 0xfb, 0x97, 0xfb, 0x97, 0xfb, 0x97, 0xfb, 0x97, 0xfb, 0x97, 0xfb, 0x97, 0xfb, 0x97, 0xfb, 0x97, 0xfb, 0x97, 0xdb, 0x97, 0xdb, 0x97, 0xdb, 0x97, 0xdb, 0x97, 0xdb, 0x97, 0xdb, 0x97,
  0xdb, 0x97, 0xfd, 0x9f, 0x6c, 0x43, 0x67, 0x43, 0xf2, 0x9f, 0x92, 0x97, 0xf2, 0x9f, 0x6a, 0x54, 0x0a, 0x11, 0xb4, 0x21, 0xf6, 0x21, 0xf6, 0x21, 0xf6, 0x21, 0xd6, 0x21, 0xd6, 0x21, 0xf6, 0x21,
  0xf6, 0x21, 0x6d, 0x21, 0x10, 0x33, 0x1d, 0x45, 0x9f, 0x4d, 0xbf, 0x4d, 0x37, 0x3c, 0x87, 0x21, 0xc5, 0x31, 0xa8, 0x42, 0x88, 0x42, 0x88, 0x42, 0x88, 0x42, 0x88, 0x42, 0x88, 0x42, 0x88, 0x42,
  0x88, 0x42, 0x88, 0x42, 0x88, 0x42, 0x88, 0x42, 0x88, 0x42, 0x88, 0x42, 0x88, 0x42, 0x88, 0x42, 0x88, 0x42, 0x88, 0x42, 0x88, 0x42, 0x88, 0x42, 0x88, 0x42, 0x88, 0x42, 0x88, 0x42, 0x88, 0x42,
  0x88, 0x42, 0x88, 0x42, 0x88, 0x42, 0x88, 0x42, 0x88, 0x42, 0x88, 0x42, 0x88, 0x42, 0x88, 0x42, 0x88, 0x42, 0x88, 0x42, 0x88, 0x42, 0x88, 0x42, 0x88, 0x42, 0x88, 0x42, 0x88, 0x42, 0x88, 0x42,
  0x88, 0x42, 0xa8, 0x42, 0xa8, 0x42, 0xa8, 0x42, 0xa8, 0x42, 0xa8, 0x42, 0xa8, 0x42, 0xa8, 0x42, 0xa8, 0x42, 0xa8, 0x42, 0xa8, 0x42, 0xa8, 0x42, 0xa8, 0x42, 0xa8, 0x42, 0xa8, 0x42, 0xa8, 0x42,
  0xa8, 0x42, 0xa8, 0x42, 0xa8, 0x42, 0xa8, 0x42, 0xa8, 0x42, 0xa8, 0x42, 0xa8, 0x42, 0xa8, 0x42, 0xa8, 0x42, 0xa8, 0x42, 0xa8, 0x42, 0xa8, 0x4a, 0xa9, 0x4a, 0xc9, 0x4a, 0xc9, 0x4a, 0xc9, 0x4a,
  0xc9, 0x4a, 0xa8, 0x4a, 0xa8, 0x4a, 0xa8, 0x4a, 0xa8, 0x4a, 0xa8, 0x4a, 0xa8, 0x42, 0xa8, 0x42, 0xa8, 0x42, 0xa8, 0x42, 0xa8, 0x4a, 0xa8, 0x42, 0xa8, 0x42, 0xa8, 0x42, 0xa8, 0x42, 0xa8, 0x42,
  0xa8, 0x42, 0xa8, 0x42, 0xa8, 0x42, 0xa8, 0x42, 0xa8, 0x42, 0xa8, 0x42, 0xa8, 0x42, 0xa8, 0x42, 0xa8, 0x42, 0xa8, 0x42, 0xa8, 0x42, 0xa8, 0x42, 0xa8, 0x42, 0xa8, 0x42, 0xa8, 0x42, 0xa8, 0x42,
  0xa8, 0x42, 0xa8, 0x42, 0xa9, 0x42, 0xa9, 0x42, 0xa9, 0x42, 0xa9, 0x3a, 0x89, 0x32, 0xa9, 0x3a, 0xea, 0x42, 0xea, 0x4a, 0xca, 0x42, 0xaa, 0x3a, 0xaa, 0x3a, 0xc9, 0x42, 0xa9, 0x42, 0xa8, 0x42,
  0xa8, 0x42, 0xa8, 0x42, 0xa8, 0x42, 0xc8, 0x4a, 0x47, 0x3a, 0xe3, 0x18, 0x72, 0x19, 0x72, 0x19, 0x72, 0x19, 0x92, 0x19, 0x92, 0x19, 0x92, 0x19, 0x92, 0x19, 0x92, 0x19, 0x71, 0x19, 0x71, 0x19,
  0x5b, 0x2a, 0x5b, 0x2a, 0x5b, 0x2a, 0x5a, 0x2a, 0x5a, 0x2a, 0x5b, 0x2a, 0x5a, 0x2a, 0x5a, 0x2a, 0xdb, 0x3a, 0x7a, 0x2a, 0x7b, 0x2a, 0xcc, 0x08, 0x0b, 0x5c, 0xfb, 0xb7, 0xf9, 0xaf, 0xf9, 0xaf,
  0xf9, 0xaf, 0xf9, 0xaf, 0xf9, 0xaf, 0xf9, 0xaf, 0xf9, 0xaf, 0xf9, 0xaf, 0xf9, 0xaf, 0xf9, 0xaf, 0xf9, 0xaf, 0xf9, 0xa7, 0xf9, 0xa7, 0xf9, 0xaf, 0xf9, 0xa7, 0xf9, 0xa7, 0xf9, 0xa7, 0xf9, 0xa7,
  0xf9, 0xa7, 0xf9, 0xa7, 0xf9, 0xa7, 0xf9, 0xa7, 0xf9, 0xa7, 0xfa, 0xa7, 0xfa, 0xa7, 0xd6, 0x8e, 0x8f, 0x5c, 0xf0, 0x5c, 0xf0, 0x5c, 0xf0, 0x5c, 0xf0, 0x5c, 0xf0, 0x5c, 0xf0, 0x5c, 0xf0, 0x5c,
  0xf0, 0x5c, 0xf0, 0x5c, 0xf0, 0x5c, 0xf0, 0x5c, 0xf0, 0x5c, 0xf0, 0x5c, 0xf0, 0x5c, 0xf0, 0x5c, 0xf0, 0x5c, 0xf0, 0x54, 0xf0, 0x5c, 0xb3, 0x75, 0xfb, 0xaf, 0xfa, 0xa7, 0xfa, 0xa7, 0xfa, 0xa7,
  0xfa, 0xa7, 0xfa, 0xa7, 0xfa, 0xa7, 0xfa, 0xa7, 0xfa, 0xa7, 0xfa, 0xa7, 0xfa, 0xa7, 0xfa, 0xa7, 0xfa, 0xa7, 0xfa, 0xa7, 0xfa, 0xa7, 0xfa, 0xa7, 0xfa, 0x9f, 0xfa, 0x9f, 0xfa, 0x9f, 0xfa, 0xa7,
  0xfa, 0xa7, 0xfa, 0x9f, 0xfa, 0x9f, 0xfa, 0x9f, 0xfa, 0x9f, 0xfa, 0x9f, 0xfa, 0x9f, 0xfa, 0x9f, 0xfa, 0x9f, 0xfa, 0x9f, 0xfa, 0x9f, 0xfa, 0x9f, 0xfa, 0x9f, 0xfa, 0x9f, 0xfa, 0x9f, 0xfa, 0x9f,
  0xfa, 0x9f, 0xdb, 0x9f, 0xdb, 0x9f, 0xdb, 0x9f, 0xfb, 0x9f, 0xfa, 0x9f, 0xfa, 0x9f, 0xfa, 0x9f, 0xfb, 0x9f, 0xfb, 0x9f, 0xfb, 0x9f, 0xfb, 0x9f, 0xfb, 0x9f, 0xfb, 0x9f, 0xfb, 0x9f, 0xfb, 0x9f,
  0xfb, 0x9f, 0xfb, 0x9f, 0xfb, 0x9f, 0xfb, 0x9f, 0xfb, 0x9f, 0xfb, 0x9f, 0xfb, 0x9f, 0xfb, 0x9f, 0xfb, 0x9f, 0xfb, 0x9f, 0xfb, 0x9f, 0xfb, 0x9f, 0xfb, 0x9f, 0xfb, 0x9f, 0xfb, 0x9f, 0xfb, 0x97,
  0xfb, 0x97, 0xfb, 0x97, 0xfb, 0x9f, 0xfb, 0x9f, 0xfb, 0x97, 0xfb, 0x97, 0xfb, 0x97, 0xfb, 0x97, 0xfb, 0x97, 0xfb, 0x97, 0xfb, 0x97, 0xfb, 0x97, 0xfb, 0x97, 0xfb, 0x97, 0xfb, 0x97, 0xfb, 0x97,
  0xfb, 0x97, 0xfb, 0x97, 0xfb, 0x97, 0xfb, 0x97, 0xfb, 0x97, 0xfb, 0x97, 0xfb, 0x97, 0xdb, 0x97, 0xdb, 0x97, 0xdb, 0x97, 0xdb, 0x97, 0xdb, 0x97, 0xdb, 0x97, 0xdb, 0x97, 0xdb, 0x97, 0xdc, 0x97,
  0xdc, 0x97, 0xfd, 0x9f, 0x6c, 0x43, 0x67, 0x43, 0xf3, 0x9f, 0x92, 0x97, 0xf2, 0x9f, 0x6a, 0x54, 0x0a, 0x11, 0xb4, 0x19, 0xf6, 0x21, 0xd6, 0x21, 0xd6, 0x21, 0xf6, 0x21, 0xf6, 0x21, 0xf6, 0x21,
  0xf6, 0x21, 0x6d, 0x21, 0x10, 0x33, 0x1d, 0x4d, 0x9f, 0x4d, 0x9f, 0x4d, 0xfc, 0x44, 0x6c, 0x2a, 0xd2, 0x7d, 0xfc, 0xbf, 0xfb, 0xb7, 0xfb, 0xb7, 0xfb, 0xb7, 0xfb, 0xb7, 0xfb, 0xb7, 0xfb, 0xb7,
  0xfb, 0xb7, 0xfb, 0xb7, 0xfb, 0xb7, 0xfb, 0xb7, 0xfb, 0xb7, 0xfb, 0xb7, 0xfb, 0xb7, 0xfb, 0xb7, 0xfb, 0xb7, 0xfb, 0xb7, 0xfb, 0xb7, 0xfb, 0xb7, 0xfb, 0xb7, 0xfb, 0xb7, 0xfb, 0xb7, 0xfb, 0xb7,
  0xfb, 0xb7, 0xfb, 0xb7, 0xfb, 0xaf, 0xfb, 0xaf, 0xfb, 0xaf, 0xfb, 0xaf, 0xfb, 0xaf, 0xfb, 0xaf, 0xfb, 0xaf, 0xfb, 0xaf, 0xfb, 0xaf, 0xfc, 0xaf, 0xfc, 0xaf, 0xfc, 0xaf, 0xfc, 0xaf, 0xfc, 0xaf,
  0xfc, 0xaf, 0xfc, 0xaf, 0xfc, 0xaf, 0xfc, 0xaf, 0xfc, 0xaf, 0xfc, 0xaf, 0xfc, 0xaf, 0xfc, 0xaf, 0xfc, 0xaf, 0xfc, 0xaf, 0xfc, 0xaf, 0xfc, 0xaf, 0xfc, 0xaf, 0xfc, 0xaf, 0xfc, 0xaf, 0xfc, 0xaf,
  0xfc, 0xaf, 0xfc, 0xaf, 0xfc, 0xaf, 0xfc, 0xaf, 0xfc, 0xaf, 0xfc, 0xaf, 0xfc, 0xaf, 0xfc, 0xaf, 0xfc, 0xaf, 0xfc, 0xaf, 0xfc, 0xaf, 0xfc, 0xaf, 0xfc, 0xaf, 0xfc, 0xaf, 0xfc, 0xaf, 0xfc, 0xa7,
  0xfc, 0xa7, 0xfc, 0xa7, 0xfc, 0xa7, 0xfc, 0xa7, 0xfc, 0xa7, 0xfc, 0xa7, 0xfc, 0xa7, 0xfc, 0xa7, 0xfc, 0xa7, 0xfc, 0xa7, 0xfc, 0xa7, 0xfc, 0xa7, 0xfc, 0xa7, 0xfc, 0xa7, 0xfc, 0xa7, 0xfc, 0xa7,
  0xfc, 0xa7, 0xfc, 0xa7, 0xfc, 0xa7, 0xfc, 0xa7, 0xfc, 0xa7, 0xfc, 0xa7, 0xfc, 0xa7, 0xfc, 0xa7, 0xfc, 0xa7, 0xfc, 0xa7, 0xfc, 0xa7, 0xfc, 0xa7, 0xfc, 0xa7, 0xfc, 0xa7, 0xfd, 0xa7, 0xfd, 0xa7,
  0xfd, 0xa7, 0xfd, 0xa7, 0xfd, 0xa7, 0xfd, 0xa7, 0xfd, 0xa7, 0xfc, 0x9f, 0xfd, 0x9f, 0xfd, 0x9f, 0xfd, 0x9f, 0xfd, 0x9f, 0xfd, 0x9f, 0xfd, 0x9f, 0xfd, 0x9f, 0xfd, 0x9f, 0xfd, 0x9f, 0xfd, 0x9f,
  0xfd, 0x9f, 0xfd, 0x9f, 0xfd, 0x9f, 0xfe, 0xa7, 0xb7, 0x7e, 0xe3, 0x10, 0x72, 0x19, 0x72, 0x19, 0x92, 0x19, 0x91, 0x19, 0x92, 0x19, 0x91, 0x19, 0x71, 0x19, 0x71, 0x19, 0x72, 0x19, 0x71, 0x19,
  0x5a, 0x2a, 0x5a, 0x2a, 0x5a, 0x2a, 0x5b, 0x2a, 0x5a, 0x2a, 0x5a, 0x2a, 0x5a, 0x2a, 0x5a, 0x2a, 0xdb, 0x3a, 0x7a, 0x2a, 0x7b, 0x2a, 0xcc, 0x08, 0x0b, 0x5c, 0xfb, 0xb7, 0xf9, 0xaf, 0xf9, 0xaf,
  0xf9, 0xaf, 0xf9, 0xaf, 0xf9, 0xaf, 0xf9, 0xaf, 0xf9, 0xaf, 0xf9, 0xaf, 0xf9, 0xaf, 0xf9, 0xa7, 0xf9, 0xaf, 0xf9, 0xa7, 0xf9, 0xa7, 0xf9, 0xa7, 0xf9, 0xa7, 0xf9, 0xa7, 0xf9, 0xa7, 0xf9, 0xa7,
  0xf9, 0xa7, 0xf9, 0xa7, 0xf9, 0xa7, 0xfa, 0xa7, 0xfa, 0xa7, 0xfa, 0xa7, 0xd9, 0xa7, 0x2a, 0x33, 0x0e, 0x14, 0x31, 0x25, 0x11, 0x25, 0x11, 0x25, 0x11, 0x25, 0x11, 0x25, 0x11, 0x25, 0x11, 0x25,
  0x11, 0x25, 0x11, 0x25, 0x11, 0x25, 0x11, 0x25, 0x11, 0x25, 0x11, 0x25, 0x11, 0x25, 0x11, 0x25, 0x11, 0x25, 0x31, 0x25, 0xd0, 0x1c, 0xc9, 0x22, 0xb6, 0x8e, 0xfa, 0xa7, 0xfa, 0xa7, 0xfa, 0xa7,
  0xfa, 0xa7, 0xfa, 0xa7, 0xfa, 0xa7, 0xfa, 0xa7, 0xfa, 0xa7, 0xfa, 0xa7, 0xfa, 0xa7, 0xfa, 0xa7, 0xfa, 0xa7, 0xfa, 0xa7, 0xfa, 0x9f, 0xfa, 0x9f, 0xfa, 0xa7, 0xfa, 0xa7, 0xfa, 0x9f, 0xfa, 0x9f,
  0xfa, 0x9f, 0xfa, 0x9f, 0xfa, 0x9f, 0xfa, 0x9f, 0xfa, 0x9f, 0xfa, 0x9f, 0xfa, 0x9f, 0xfa, 0x9f, 0xfa, 0x9f, 0xfa, 0x9f, 0xfa, 0x9f, 0xfa, 0x9f, 0xfa, 0x9f, 0xfa, 0x9f, 0xfa, 0x9f, 0xdb, 0x9f,
  0xdb, 0x9f, 0xfb, 0x9f, 0xfb, 0x9f, 0xfa, 0x9f, 0xfa, 0x9f, 0xfb, 0x9f, 0xfb, 0x9f, 0xfb, 0x9f, 0xfb, 0x9f, 0xfb, 0x9f, 0xfb, 0x9f, 0xfb, 0x9f, 0xfb, 0x9f, 0xfb, 0x9f, 0xfb, 0x9f, 0xfb, 0x9f,
  0xfb, 0x9f, 0xfb, 0x9f, 0xfb, 0x9f, 0xfb, 0x9f, 0xfb, 0x9f, 0xfb, 0x9f, 0xfb, 0x9f, 0xfb, 0x9f, 0xfb, 0x9f, 0xfb, 0x9f, 0xfb, 0x9f, 0xfb, 0x9f, 0xfb, 0x9f, 0xfb, 0x97, 0xfb, 0x97, 0xfb, 0x9f,
  0xfb, 0x9f, 0xfb, 0x9f, 0xfb, 0x97, 0xfb, 0x97, 0xfb, 0x97, 0xfb, 0x97, 0xfb, 0x97, 0xfb, 0x97, 0xfb, 0x97, 0xfb, 0x97, 0xfb, 0x97, 0xfb, 0x97, 0xfb, 0x97, 0xfb, 0x97, 0xfb, 0x97, 0xfb, 0x97,
  0xfb, 0x97, 0xfb, 0x97, 0xfb, 0x97, 0xfb, 0x97, 0xfb, 0x97, 0xdb, 0x97, 0xdb, 0x97, 0xdb, 0x97, 0xdb, 0x97, 0xdb, 0x97, 0xdb, 0x97, 0xdb, 0x97, 0xdb, 0x97, 0xdc, 0x97, 0xdc, 0x97, 0xdb, 0x97,
  0xdc, 0x97, 0xfd, 0x9f, 0x6c, 0x43, 0x67, 0x43, 0xf3, 0x9f, 0x72, 0x97, 0xf3, 0x9f, 0x6a, 0x54, 0x0a, 0x11, 0xb4, 0x19, 0xf6, 0x21, 0xf6, 0x21, 0xf6, 0x21, 0xf6, 0x21, 0xd5, 0x21, 0xd5, 0x21,
  0xf6, 0x21, 0x6d, 0x21, 0xf0, 0x32, 0x3d, 0x4d, 0x9f, 0x4d, 0x9f, 0x4d, 0xdc, 0x44, 0x4b, 0x2a, 0x71, 0x75, 0xfa, 0xaf, 0xf9, 0xaf, 0xf9, 0xaf, 0xf9, 0xaf, 0xf9, 0xaf, 0xf9, 0xaf, 0xf9, 0xaf,
  0xf9, 0xaf, 0xfa, 0xaf, 0xfa, 0xaf, 0xfa, 0xaf, 0xfa, 0xaf, 0xfa, 0xaf, 0xfa, 0xaf, 0xfa, 0xaf, 0xfa, 0xaf, 0xfa, 0xaf, 0xfa, 0xaf, 0xfa, 0xa7, 0xfa, 0xa7, 0xfa, 0xa7, 0xfa, 0xa7, 0xfa, 0xa7,
  0xfa, 0xa7, 0xfa, 0xa7, 0xfa, 0xa7, 0xfa, 0xa7, 0xfa, 0xa7, 0xfa, 0xa7, 0xfa, 0xa7, 0xfa, 0xa7, 0xfa, 0xa7, 0xfa, 0xa7, 0xfa, 0xa7, 0xfa, 0xa7, 0xfa, 0xa7, 0xfa, 0xa7, 0xfa, 0xa7, 0xfa, 0xa7,
  0xfa, 0xa7, 0xfa, 0xa7, 0xfa, 0xa7, 0xfa, 0xa7, 0xfa, 0xa7, 0xfa, 0xa7, 0xfa, 0xa7, 0xfa, 0xa7, 0xfa, 0xa7, 0xfa, 0xa7, 0xfa, 0xa7, 0xfa, 0xa7, 0xfa, 0xa7, 0xfa, 0xa7, 0xfa, 0xa7, 0xfa, 0xa7,
  0xfa, 0xa7, 0xfa, 0x9f, 0xfa, 0x9f, 0xfa, 0xa7, 0xfa, 0xa7, 0xfa, 0x9f, 0xfa, 0x9f, 0xfa, 0x9f, 0xfa, 0x9f, 0xfa, 0x9f, 0xfa, 0x9f, 0xfa, 0x9f, 0xfa, 0x9f, 0xfa, 0x9f, 0xfa, 0x9f, 0xfa, 0x9f,
  0xfa, 0x9f, 0xfa, 0x9f, 0xfa, 0x9f, 0xfa, 0x9f, 0xfa, 0x9f, 0xdb, 0x9f, 0xdb, 0x9f, 0xdb, 0x9f, 0xfb, 0x9f, 0xfa, 0x9f, 0xfa, 0x9f, 0xfb, 0x9f, 0xfb, 0x9f, 0xfb, 0x9f, 0xfb, 0x9f, 0xdb, 0x9f,
  0xdb, 0x9f, 0xdb, 0x9f, 0xdb, 0x9f, 0xdb, 0x9f, 0xdb, 0x9f, 0xdb, 0x9f, 0xdb, 0x9f, 0xdb, 0x9f, 0xdb, 0x9f, 0xdb, 0x9f, 0xdb, 0x9f, 0xdb, 0x97, 0xdb, 0x9f, 0xdb, 0x9f, 0xdb, 0x9f, 0xdb, 0x9f,
  0xdb, 0x97, 0xdb, 0x97, 0xdb, 0x97, 0xdb, 0x97, 0xdb, 0x97, 0xdb, 0x97, 0xdb, 0x97, 0xdb, 0x97, 0xdb, 0x97, 0xdb, 0x97, 0xdb, 0x97, 0xdb, 0x97, 0xdb, 0x97, 0xdb, 0x97, 0xdb, 0x97, 0xdb, 0x97,
  0xdb, 0x97, 0xdb, 0x97, 0xdb, 0x97, 0xfc, 0x9f, 0x55, 0x76, 0xc3, 0x10, 0x92, 0x19, 0x92, 0x19, 0x91, 0x19, 0x71, 0x19, 0x72, 0x19, 0x72, 0x19, 0x71, 0x19, 0x71, 0x19, 0x71, 0x19, 0x71, 0x19,
  0x5b, 0x2a, 0x5a, 0x2a, 0x5a, 0x2a, 0x5a, 0x2a, 0x5a, 0x2a, 0x5a, 0x2a, 0x5a, 0x2a, 0x5a, 0x2a, 0xdb, 0x3a, 0x5a, 0x2a, 0x7b, 0x2a, 0xcc, 0x08, 0x0b, 0x54, 0xfb, 0xb7, 0xf9, 0xaf, 0xf9, 0xaf,
  0xf9, 0xaf, 0xf9, 0xaf, 0xf9, 0xaf, 0xf9, 0xaf, 0xf9, 0xa7, 0xf9, 0xa7, 0xf9, 0xaf, 0xf9, 0xa7, 0xf9, 0xa7, 0xf9, 0xa7, 0xf9, 0xa7, 0xf9, 0xa7, 0xf9, 0xa7, 0xf9, 0xa7, 0xf9, 0xa7, 0xf9, 0xa7,
  0xf9, 0xa7, 0xfa, 0xa7, 0xfa, 0xa7, 0xf9, 0xa7, 0xf9, 0xa7, 0xfa, 0xa7, 0xb9, 0xa7, 0x44, 0x09, 0xfe, 0x3f, 0xfb, 0x3f, 0xfb, 0x3f, 0xfc, 0x3f, 0xfd, 0x3f, 0xfc, 0x3f, 0xfb, 0x3f, 0xfb, 0x3f,
  0xfc, 0x3f, 0xfd, 0x3f, 0xfc, 0x3f, 0xfb, 0x3f, 0xfb, 0x3f, 0xfb, 0x3f, 0xfb, 0x3f, 0xfb, 0x3f, 0xfb, 0x3f, 0xfc, 0x3f, 0xfb, 0x3f, 0x32, 0x2d, 0x0d, 0x4c, 0xfb, 0xaf, 0xfa, 0xa7, 0xfa, 0xa7,
  0xfa, 0xa7, 0xfa, 0xa7, 0xfa, 0xa7, 0xfa, 0xa7, 0xfa, 0xa7, 0xfa, 0xa7, 0xfa, 0xa7, 0xfa, 0x9f, 0xfa, 0x9f, 0xfa, 0x9f, 0xfa, 0xa7, 0xfa, 0xa7, 0xfa, 0x9f, 0xfa, 0x9f, 0xfa, 0x9f, 0xfa, 0x9f,
  0xfa, 0x9f, 0xfa, 0x9f, 0xfa, 0x9f, 0xfa, 0x9f, 0xfa, 0x9f, 0xfa, 0x9f, 0xfa, 0x9f, 0xfa, 0x9f, 0xfa, 0x9f, 0xfa, 0x9f, 0xfa, 0x9f, 0xfa, 0x9f, 0xdb, 0x9f, 0xdb, 0x9f, 0xdb, 0x9f, 0xfb, 0x9f,
  0xfa, 0x9f, 0xfa, 0x9f, 0xfa, 0x9f, 0xfb, 0x9f, 0xfb, 0x9f, 0xfb, 0x9f, 0xfb, 0x9f, 0xfb, 0x9f, 0xfb, 0x9f, 0xfb, 0x9f, 0xfb, 0x9f, 0xfb, 0x9f, 0xfb, 0x9f, 0xfb, 0x9f, 0xfb, 0x9f, 0xfb, 0x9f,
  0xfb, 0x9f, 0xfb, 0x9f, 0xfb, 0x9f, 0xfb, 0x9f, 0xfb, 0x9f, 0xfb, 0x9f, 0xfb, 0x9f, 0xfb, 0x9f, 0xfb, 0x9f, 0xfb, 0x9f, 0xfb, 0x97, 0xfb, 0x97, 0xfb, 0x97, 0xfb, 0x9f, 0xfb, 0x9f, 0xfb, 0x97,
  0xfb, 0x97, 0xfb, 0x97, 0xfb, 0x97, 0xfb, 0x97, 0xfb, 0x97, 0xfb, 0x97, 0xfb, 0x97, 0xfb, 0x97, 0xfb, 0x97, 0xfb, 0x97, 0xfb, 0x97, 0xfb, 0x97, 0xfb, 0x97, 0xfb, 0x97, 0xfb, 0x97, 0xfb, 0x97,
  0xfb, 0x97, 0xfb, 0x97, 0xdb, 0x97, 0xdb, 0x97, 0xdb, 0x97, 0xdb, 0x97, 0xdb, 0x97, 0xdb, 0x97, 0xdb, 0x97, 0xdb, 0x97, 0xdc, 0x97, 0xdc, 0x97, 0xdc, 0x97, 0xdb, 0x97, 0xdb, 0x97, 0xdc, 0x97,
  0xdc, 0x97, 0xfd, 0x9f, 0x6c, 0x43, 0x67, 0x43, 0xf3, 0x9f, 0x92, 0x97, 0xf3, 0x9f, 0x6a, 0x54, 0x0a, 0x11, 0xb4, 0x19, 0xf6, 0x21, 0xf5, 0x21, 0xd5, 0x21, 0xd5, 0x21, 0xd6, 0x21, 0xd5, 0x21,
  0xd6, 0x21, 0x6d, 0x21, 0x10, 0x3b, 0x3d, 0x4d, 0x9f, 0x4d, 0x9f, 0x4d, 0xdc, 0x44, 0x4b, 0x2a, 0x71, 0x75, 0xfa, 0xaf, 0xf9, 0xaf, 0xf9, 0xaf, 0xf9, 0xaf, 0xf9, 0xa7, 0xf9, 0xaf, 0xfa, 0xaf,
  0xb8, 0xa7, 0x57, 0x9f, 0x57, 0x9f, 0x57, 0x9f, 0x57, 0x9f, 0x57, 0x9f, 0x57, 0x9f, 0x58, 0x9f, 0x58, 0x9f, 0x58, 0x9f, 0x58, 0x9f, 0x58, 0x9f, 0x58, 0x9f, 0x58, 0x9f, 0x58, 0x9f, 0x58, 0x9f,
  0x58, 0x9f, 0x58, 0x9f, 0x58, 0x9f, 0x58, 0x9f, 0x58, 0x9f, 0x58, 0x9f, 0x58, 0x9f, 0x58, 0x9f, 0x58, 0x9f, 0x58, 0x9f, 0x58, 0x9f, 0x58, 0x9f, 0x58, 0x9f, 0x58, 0x9f, 0x58, 0x9f, 0xb9, 0x9f,
  0xfa, 0xa7, 0xfa, 0xa7, 0xfa, 0xa7, 0xfa, 0xa7, 0xfa, 0xa7, 0xfa, 0xa7, 0xfa, 0xa7, 0xfa, 0xa7, 0xfa, 0xa7, 0xfa, 0xa7, 0xfa, 0xa7, 0xfa, 0xa7, 0xfa, 0xa7, 0xfa, 0xa7, 0xfa, 0x9f, 0xfa, 0x9f,
  0xfa, 0x9f, 0xfa, 0xa7, 0xfa, 0xa7, 0xfa, 0x9f, 0xfa, 0x9f, 0xfa, 0x9f, 0xfa, 0x9f, 0xfa, 0x9f, 0xfa, 0x9f, 0xfa, 0x9f, 0xfa, 0x9f, 0xfa, 0x9f, 0xfa, 0x9f, 0xfa, 0x9f, 0xfa, 0x9f, 0xfa, 0x9f,
  0xfa, 0x9f, 0xfa, 0x9f, 0xfa, 0x9f, 0xdb, 0x9f, 0xdb, 0x9f, 0xfb, 0x9f, 0xfa, 0x9f, 0xfa, 0x9f, 0xfa, 0x9f, 0xfb, 0x9f, 0xfb, 0x9f, 0xfb, 0x9f, 0xfb, 0x9f, 0xfb, 0x9f, 0xfb, 0x9f, 0xfb, 0x9f,
  0xfb, 0x9f, 0xfb, 0x9f, 0xfb, 0x9f, 0xdb, 0x9f, 0xdb, 0x9f, 0xdb, 0x9f, 0xdb, 0x9f, 0xdb, 0x9f, 0xdb, 0x9f, 0xdb, 0x9f, 0xdb, 0x9f, 0xdb, 0x97, 0xdb, 0x9f, 0xdb, 0x97, 0xdb, 0x97, 0xdb, 0x9f,
  0xdb, 0x97, 0xdb, 0x97, 0xfb, 0x9f, 0xdb, 0x97, 0xdb, 0x97, 0xdb, 0x97, 0xfb, 0x97, 0xdb, 0x97, 0xdb, 0x97, 0xdb, 0x97, 0xdb, 0x97, 0xdb, 0x97, 0xdb, 0x97, 0xdb, 0x97, 0xdb, 0x97, 0xdb, 0x97,
  0xdb, 0x97, 0xdb, 0x97, 0xdb, 0x97, 0xfc, 0x9f, 0x55, 0x7e, 0xc3, 0x10, 0x92, 0x19, 0x71, 0x19, 0x71, 0x19, 0x71, 0x19, 0x71, 0x19, 0x71, 0x19, 0x71, 0x19, 0x71, 0x19, 0x71, 0x19, 0x71, 0x19,
  0x5a, 0x2a, 0x5a, 0x2a, 0x5a, 0x2a, 0x5a, 0x2a, 0x5a, 0x2a, 0x5a, 0x2a, 0x5a, 0x2a, 0x5a, 0x22, 0xdb, 0x3a, 0x5a, 0x2a, 0x7b, 0x2a, 0xcb, 0x08, 0x0c, 0x54, 0xfb, 0xb7, 0xf9, 0xaf, 0xf9, 0xaf,
  0xf9, 0xaf, 0xf9, 0xaf, 0xf9, 0xa7, 0xf9, 0xa7, 0xf9, 0xaf, 0xf9, 0xa7, 0xf9, 0xa7, 0xf9, 0xa7, 0xf9, 0xa7, 0xf9, 0xa7, 0xf9, 0xa7, 0xf9, 0xa7, 0xf9, 0xa7, 0xf9, 0xa7, 0xfa, 0xa7, 0xfa, 0xa7,
  0xfa, 0xa7, 0xf9, 0xa7, 0xf9, 0xa7, 0xfa, 0xa7, 0xfa, 0xa7, 0xfa, 0xa7, 0xb9, 0xa7, 0x85, 0x09, 0xfd, 0x3f, 0xda, 0x3f, 0xdb, 0x3f, 0xba, 0x3f, 0xd0, 0x24, 0xd7, 0x36, 0xfb, 0x3f, 0xda, 0x3f,
  0x76, 0x36, 0x11, 0x25, 0xba, 0x3f, 0xdb, 0x3f, 0xda, 0x3f, 0xda, 0x3f, 0xda, 0x3f, 0xda, 0x3f, 0xda, 0x3f, 0xdb, 0x3f, 0xba, 0x37, 0x72, 0x2d, 0x2e, 0x54, 0xfb, 0xaf, 0xfa, 0xa7, 0xfa, 0xa7,
  0xfa, 0xa7, 0xfa, 0xa7, 0xfa, 0xa7, 0xfa, 0xa7, 0xfa, 0xa7, 0xfa, 0x9f, 0xfa, 0x9f, 0xfa, 0xa7, 0xfa, 0xa7, 0xfa, 0x9f, 0xfa, 0x9f, 0xfa, 0x9f, 0xfa, 0x9f, 0xfa, 0x9f, 0xfa, 0x9f, 0xfa, 0x9f,
  0xfa, 0x9f, 0xfa, 0x9f, 0xfa, 0x9f, 0xfa, 0x9f, 0xfa, 0x9f, 0xfa, 0x9f, 0xfa, 0x9f, 0xfa, 0x9f, 0xfa, 0x9f, 0xfa, 0x9f, 0xdb, 0x9f, 0xdb, 0x9f, 0xfb, 0x9f, 0xfb, 0x9f, 0xfa, 0x9f, 0xfa, 0x9f,
  0xfb, 0x9f, 0xfb, 0x9f, 0xfb, 0x9f, 0xfb, 0x9f, 0xfb, 0x9f, 0xfb, 0x9f, 0xfb, 0x9f, 0xfb, 0x9f, 0xfb, 0x9f, 0xfb, 0x9f, 0xfb, 0x9f, 0xfb, 0x9f, 0xfb, 0x9f, 0xfb, 0x9f, 0xfb, 0x9f, 0xfb, 0x9f,
  0xfb, 0x9f, 0xfb, 0x9f, 0xfb, 0x9f, 0xfb, 0x9f, 0xfb, 0x9f, 0xfb, 0x9f, 0xfb, 0x9f, 0xfb, 0x9f, 0xfb, 0x97, 0xfb, 0x97, 0xfb, 0x9f, 0xfb, 0x9f, 0xfb, 0x9f, 0xfb, 0x97, 0xfb, 0x97, 0xfb, 0x97,
  0xfb, 0x97, 0xfb, 0x97, 0xfb, 0x97, 0xfb, 0x97, 0xfb, 0x97, 0xfb, 0x97, 0xfb, 0x97, 0xfb, 0x97, 0xfb, 0x97, 0xfb, 0x97, 0xfb, 0x97, 0xfb, 0x97, 0xfb, 0x97, 0xfb, 0x97, 0xfb, 0x97, 0xfb, 0x97,
  0xdb, 0x97, 0xdb, 0x97, 0xdb, 0x97, 0xdb, 0x97, 0xdb, 0x97, 0xdb, 0x97, 0xdb, 0x97, 0xdb, 0x97, 0xdc, 0x97, 0xdc, 0x97, 0xdb, 0x97, 0xdb, 0x97, 0xdc, 0x97, 0xdc, 0x97, 0xdc, 0x97, 0xdc, 0x97,
  0xdc, 0x97, 0xfd, 0x9f, 0x6c, 0x43, 0x67, 0x43, 0xf3, 0x9f, 0x92, 0x97, 0xf3, 0x97, 0x6a, 0x54, 0x0a, 0x11, 0xb4, 0x19, 0xf6, 0x21, 0xd6, 0x21, 0xd5, 0x21, 0xd5, 0x21, 0xd5, 0x21, 0xd5, 0x21,
  0xd6, 0x21, 0x6d, 0x21, 0x10, 0x3b, 0x3d, 0x4d, 0x9f, 0x4d, 0x9f, 0x4d, 0xdc, 0x44, 0x4b, 0x2a, 0x71, 0x75, 0xfa, 0xaf, 0xf9, 0xaf, 0xf9, 0xa7, 0xf9, 0xaf, 0xf9, 0xaf, 0xf9, 0xa7, 0xf3, 0x7d,
  0xaf, 0x5c, 0xd0, 0x54, 0xf0, 0x5c, 0xf0, 0x5c, 0xf0, 0x5c, 0xf0, 0x5c, 0xf0, 0x5c, 0xf0, 0x54, 0xf0, 0x54, 0xf0, 0x54, 0xf0, 0x54, 0xf0, 0x54, 0xf0, 0x54, 0xf0, 0x54, 0xf0, 0x54, 0xf0, 0x54,
  0xf0, 0x54, 0xf0, 0x54, 0xf0, 0x54, 0xf0, 0x54, 0xf0, 0x54, 0xf0, 0x54, 0xf0, 0x54, 0xf0, 0x54, 0xf0, 0x54, 0xf0, 0x54, 0xf0, 0x54, 0xf0, 0x54, 0xf0, 0x54, 0xf0, 0x54, 0xf0, 0x54, 0x6e, 0x5c,
  0x54, 0x86, 0xda, 0x9f, 0xfa, 0xa7, 0xfa, 0xa7, 0xfa, 0xa7, 0xfa, 0xa7, 0xfa, 0xa7, 0xfa, 0xa7, 0xfa, 0xa7, 0xfa, 0xa7, 0xfa, 0xa7, 0xfa, 0xa7, 0xfa, 0x9f, 0xfa, 0x9f, 0xfa, 0xa7, 0xfa, 0xa7,
  0xfa, 0x9f, 0xfa, 0x9f, 0xfa, 0x9f, 0xfa, 0x9f, 0xfa, 0x9f, 0xfa, 0x9f, 0xfa, 0x9f, 0xfa, 0x9f, 0xfa, 0x9f, 0xfa, 0x9f, 0xfa, 0x9f, 0xfa, 0x9f, 0xfa, 0x9f, 0xfa, 0x9f, 0xfa, 0x9f, 0xfa, 0x9f,
  0xdb, 0x9f, 0xdb, 0x9f, 0xdb, 0x9f, 0xfb, 0x9f, 0xfa, 0x9f, 0xfa, 0x9f, 0xfb, 0x9f, 0xfb, 0x9f, 0xfb, 0x9f, 0xfb, 0x9f, 0xfb, 0x9f, 0xfb, 0x9f, 0xfb, 0x9f, 0xfb, 0x9f, 0xfb, 0x9f, 0xfb, 0x9f,
  0xfb, 0x9f, 0xfb, 0x9f, 0xfb, 0x9f, 0xfb, 0x9f, 0xfb, 0x9f, 0xfb, 0x9f, 0xfb, 0x9f, 0xdb, 0x9f, 0xfb, 0x9f, 0xfb, 0x9f, 0xfb, 0x9f, 0xdb, 0x97, 0xdb, 0x9f, 0xdb, 0x97, 0xdb, 0x97, 0xfb, 0x9f,
  0xfb, 0x9f, 0xfb, 0x9f, 0xfb, 0x97, 0xfb, 0x97, 0xdb, 0x97, 0xfb, 0x97, 0xfb, 0x97, 0xfb, 0x97, 0xfb, 0x97, 0xfb, 0x97, 0xfb, 0x97, 0xfb, 0x97, 0xfb, 0x97, 0xfb, 0x97, 0xdb, 0x97, 0xdb, 0x97,
  0xdb, 0x97, 0xdb, 0x97, 0xdb, 0x97, 0xfc, 0x9f, 0x55, 0x76, 0xc3, 0x10, 0x72, 0x19, 0x71, 0x19, 0x71, 0x19, 0x71, 0x19, 0x71, 0x19, 0x71, 0x19, 0x71, 0x19, 0x71, 0x19, 0x71, 0x19, 0x71, 0x19,
  0x5a, 0x2a, 0x5a, 0x2a, 0x5a, 0x2a, 0x5a, 0x2a, 0x5a, 0x2a, 0x5a, 0x2a, 0x5a, 0x2a, 0x5a, 0x2a, 0xdb, 0x3a, 0x5a, 0x2a, 0x7b, 0x2a, 0xcb, 0x08, 0x0c, 0x54, 0xfb, 0xb7, 0xf9, 0xaf, 0xf9, 0xa7,
  0xf9, 0xa7, 0xf9, 0xaf, 0xf9, 0xa7, 0xf9, 0xa7, 0xf9, 0xa7, 0xf9, 0xa7, 0xf9, 0xa7, 0xf9, 0xa7, 0xf9, 0xa7, 0xf9, 0xa7, 0xf9, 0xa7, 0xf9, 0xa7, 0xfa, 0xa7, 0xfa, 0xa7, 0xf9, 0xa7, 0xf9, 0xa7,
  0xfa, 0xa7, 0xfa, 0xa7, 0xfa, 0xa7, 0xfa, 0xa7, 0xfa, 0xa7, 0xfa, 0xa7, 0xb9, 0xa7, 0x85, 0x09, 0xfd, 0x3f, 0xda, 0x3f, 0xfb, 0x3f, 0x59, 0x37, 0x00, 0x00, 0x8f, 0x24, 0xfc, 0x3f, 0xba, 0x3f,
  0xac, 0x1b, 0x00, 0x00, 0x99, 0x3f, 0xfc, 0x3f, 0xfc, 0x3f, 0xfc, 0x3f, 0xfc, 0x3f, 0xfb, 0x3f, 0xda, 0x3f, 0xdb, 0x3f, 0xba, 0x37, 0x72, 0x2d, 0x2e, 0x54, 0xfb, 0xaf, 0xfa, 0xa7, 0xfa, 0xa7,
  0xfa, 0xa7, 0xfa, 0xa7, 0xfa, 0x9f, 0xfa, 0x9f, 0xfa, 0x9f, 0xfa, 0xa7, 0xfa, 0xa7, 0xfa, 0x9f, 0xfa, 0x9f, 0xfa, 0x9f, 0xfa, 0x9f, 0xfa, 0x9f, 0xfa, 0x9f, 0xfa, 0x9f, 0xfa, 0x9f, 0xfa, 0x9f,
  0xfa, 0x9f, 0xfa, 0x9f, 0xfa, 0x9f, 0xfa, 0x9f, 0xfa, 0x9f, 0xfa, 0x9f, 0xfa, 0x9f, 0xfa, 0x9f, 0xdb, 0x9f, 0xdb, 0x9f, 0xfb, 0x9f, 0xfa, 0x9f, 0xfa, 0x9f, 0xfa, 0x9f, 0xfb, 0x9f, 0xfb, 0x9f,
  0xfb, 0x9f, 0xfb, 0x9f, 0xfb, 0x9f, 0xfb, 0x9f, 0xfb, 0x9f, 0xfb, 0x9f, 0xfb, 0x9f, 0xfb, 0x9f, 0xfb, 0x9f, 0xfb, 0x9f, 0xfb, 0x9f, 0xfb, 0x9f, 0xfb, 0x9f, 0xfb, 0x9f, 0xfb, 0x9f, 0xfb, 0x9f,
  0xfb, 0x9f, 0xfb, 0x9f, 0xfb, 0x9f, 0xfb, 0x9f, 0xfb, 0x9f, 0xfb, 0x9f, 0xfb, 0x97, 0xfb, 0x97, 0xfb, 0x9f, 0xfb, 0x9f, 0xfb, 0x97, 0xfb, 0x97, 0xfb, 0x97, 0xfb, 0x97, 0xfb, 0x97, 0xfb, 0x97,
  0xfb, 0x97, 0xfb, 0x97, 0xfb, 0x97, 0xfb, 0x97, 0xfb, 0x97, 0xfb, 0x97, 0xfb, 0x97, 0xfb, 0x97, 0xfb, 0x97, 0xfb, 0x97, 0xfb, 0x97, 0xfb, 0x97, 0xfb, 0x97, 0xdb, 0x97, 0xdb, 0x97, 0xdb, 0x97,
  0xdb, 0x97, 0xdb, 0x97, 0xdb, 0x97, 0xdb, 0x97, 0xdb, 0x97, 0xdc, 0x97, 0xdc, 0x97, 0xdc, 0x97, 0xdb, 0x97, 0xdb, 0x97, 0xdc, 0x97, 0xdc, 0x97, 0xdc, 0x97, 0xdc, 0x97, 0xdc, 0x97, 0xdc, 0x97,
  0xdc, 0x97, 0xfd, 0x9f, 0x6c, 0x43, 0x68, 0x43, 0xf3, 0x9f, 0x92, 0x97, 0xf3, 0x97, 0x6a, 0x54, 0x0a, 0x11, 0x94, 0x19, 0xd6, 0x21, 0xd5, 0x21, 0xd5, 0x21, 0xd5, 0x21, 0xd5, 0x21, 0xd5, 0x21,
  0xd6, 0x21, 0x6d, 0x21, 0x10, 0x3b, 0x3d, 0x4d, 0x9f, 0x55, 0xbf, 0x55, 0xfc, 0x44, 0x4b, 0x2a, 0x71, 0x75, 0xfa, 0xaf, 0xf9, 0xaf, 0xf9, 0xa7, 0xf9, 0xa7, 0xfa, 0xaf, 0x14, 0x7e, 0xea, 0x2a,
  0xcd, 0x13, 0x31, 0x25, 0x31, 0x25, 0x31, 0x25, 0x31, 0x25, 0x31, 0x25, 0x31, 0x25, 0x31, 0x25, 0x31, 0x25, 0x31, 0x25, 0x31, 0x25, 0x31, 0x25, 0x31, 0x25, 0x31, 0x25, 0x31, 0x25, 0x31, 0x25,
  0x31, 0x25, 0x31, 0x25, 0x31, 0x25, 0x31, 0x25, 0x31, 0x25, 0x31, 0x25, 0x31, 0x25, 0x31, 0x25, 0x31, 0x25, 0x31, 0x25, 0x31, 0x25, 0x31, 0x25, 0x31, 0x25, 0x31, 0x25, 0x52, 0x25, 0x4b, 0x13,
  0xc9, 0x2a, 0xd7, 0x8e, 0xfb, 0xa7, 0xfa, 0xa7, 0xfa, 0xa7, 0xfa, 0xa7, 0xfa, 0xa7, 0xfa, 0xa7, 0xfa, 0xa7, 0xfa, 0x9f, 0xfa, 0x9f, 0xfa, 0x9f, 0xfa, 0xa7, 0xfa, 0xa7, 0xfa, 0x9f, 0xfa, 0x9f,
  0xfa, 0x9f, 0xfa, 0x9f, 0xfa, 0x9f, 0xfa, 0x9f, 0xfa, 0x9f, 0xfa, 0x9f, 0xfa, 0x9f, 0xfa, 0x9f, 0xfa, 0x9f, 0xfa, 0x9f, 0xfa, 0x9f, 0xfa, 0x9f, 0xfa, 0x9f, 0xfa, 0x9f, 0xdb, 0x9f, 0xdb, 0x9f,
  0xfb, 0x9f, 0xfa, 0x9f, 0xfa, 0x9f, 0xfa, 0x9f, 0xfb, 0x9f, 0xfb, 0x9f, 0xfb, 0x9f, 0xfb, 0x9f, 0xfb, 0x9f, 0xfb, 0x9f, 0xfb, 0x9f, 0xfb, 0x9f, 0xfb, 0x9f, 0xfb, 0x9f, 0xfb, 0x9f, 0xfb, 0x9f,
  0xfb, 0x9f, 0xfb, 0x9f, 0xfb, 0x9f, 0xfb, 0x9f, 0xfb, 0x9f, 0xfb, 0x9f, 0xfb, 0x9f, 0xfb, 0x9f, 0xfb, 0x9f, 0xfb, 0x9f, 0xfb, 0x9f, 0xfb, 0x97, 0xfb, 0x9f, 0xfb, 0x9f, 0xfb, 0x9f, 0xfb, 0x97,
  0xfb, 0x97, 0xfb, 0x97, 0xfb, 0x97, 0xfb, 0x97, 0xfb, 0x97, 0xfb, 0x97, 0xfb, 0x97, 0xfb, 0x97, 0xfb, 0x97, 0xfb, 0x97, 0xfb, 0x97, 0xfb, 0x97, 0xfb, 0x97, 0xfb, 0x97, 0xfb, 0x97, 0xfb, 0x97,
  0xdb, 0x97, 0xfb, 0x97, 0xdb, 0x97, 0xfc, 0x9f, 0x56, 0x76, 0xc3, 0x10, 0x72, 0x19, 0x71, 0x19, 0x71, 0x19, 0x71, 0x19, 0x71, 0x19, 0x71, 0x19, 0x71, 0x19, 0x71, 0x19, 0x71, 0x19, 0x71, 0x19,
  0x5a, 0x2a, 0x5a, 0x2a, 0x5a, 0x2a, 0x5a, 0x2a, 0x5a, 0x2a, 0x5a, 0x2a, 0x5a, 0x2a, 0x5a, 0x2a, 0xda, 0x3a, 0x5a, 0x2a, 0x5b, 0x2a, 0xcb, 0x08, 0x0c, 0x54, 0xfb, 0xb7, 0xf9, 0xa7, 0xf9, 0xaf,
  0xf9, 0xa7, 0xf9, 0xa7, 0xf9, 0xa7, 0xf9, 0xa7, 0xf9, 0xa7, 0xf9, 0xa7, 0xf9, 0xa7, 0xf9, 0xa7, 0xf9, 0xa7, 0xfa, 0xa7, 0xfa, 0xa7, 0xfa, 0xa7, 0xf9, 0xa7, 0xf9, 0xa7, 0xfa, 0xa7, 0xfa, 0xa7,
  0xfa, 0xa7, 0xfa, 0xa7, 0xfa, 0xa7, 0xfa, 0xa7, 0xfa, 0xa7, 0xfa, 0xa7, 0xb9, 0xa7, 0x85, 0x09, 0xfd, 0x3f, 0xda, 0x3f, 0xfb, 0x3f, 0x79, 0x37, 0x00, 0x00, 0x11, 0x25, 0xfd, 0x3f, 0xfb, 0x3f,
  0x2e, 0x1c, 0x00, 0x00, 0x59, 0x37, 0xd0, 0x24, 0x8f, 0x24, 0xb0, 0x24, 0x11, 0x25, 0x55, 0x2e, 0xfb, 0x3f, 0xdb, 0x3f, 0xba, 0x37, 0x72, 0x2d, 0x2e, 0x54, 0xfb, 0xaf, 0xfa, 0xa7, 0xfa, 0xa7,
  0xfa, 0x9f, 0xfa, 0x9f, 0xfa, 0xa7, 0xfa, 0xa7, 0xfa, 0x9f, 0xfa, 0x9f, 0xfa, 0x9f, 0xfa, 0x9f, 0xfa, 0x9f, 0xfa, 0x9f, 0xfa, 0x9f, 0xfa, 0x9f, 0xfa, 0x9f, 0xfa, 0x9f, 0xfa, 0x9f, 0xfa, 0x9f,
  0xfa, 0x9f, 0xfa, 0x9f, 0xfa, 0x9f, 0xfa, 0x9f, 0xfa, 0x9f, 0xdb, 0x9f, 0xdb, 0x9f, 0xdb, 0x9f, 0xfb, 0x9f, 0xfa, 0x9f, 0xfa, 0x9f, 0xfb, 0x9f, 0xfb, 0x9f, 0xfb, 0x9f, 0xfb, 0x9f, 0xfb, 0x9f,
  0xfb, 0x9f, 0xfb, 0x9f, 0xfb, 0x9f, 0xfb, 0x9f, 0xfb, 0x9f, 0xfb, 0x9f, 0xfb, 0x9f, 0xfb, 0x9f, 0xfb, 0x9f, 0xfb, 0x9f, 0xfb, 0x9f, 0xfb, 0x9f, 0xfb, 0x9f, 0xfb, 0x9f, 0xfb, 0x9f, 0xfb, 0x9f,
  0xfb, 0x9f, 0xfb, 0x9f, 0xfb, 0x9f, 0xfb, 0x97, 0xfb, 0x97, 0xfb, 0x97, 0xfb, 0x9f, 0xfb, 0x9f, 0xfb, 0x97, 0xfb, 0x97, 0xfb, 0x97, 0xfb, 0x97, 0xfb, 0x97, 0xfb, 0x97, 0xfb, 0x97, 0xfb, 0x97,
  0xfb, 0x97, 0xfb, 0x97, 0xfb, 0x97, 0xfb, 0x97, 0xfb, 0x97, 0xfb, 0x97, 0xfb, 0x97, 0xfb, 0x97, 0xfb, 0x97, 0xfb, 0x97, 0xfb, 0x97, 0xdb, 0x97, 0xdb, 0x97, 0xdb, 0x97, 0xdb, 0x97, 0xdb, 0x97,
  0xdb, 0x97, 0xdb, 0x97, 0xdb, 0x97, 0xdc, 0x97, 0xdc, 0x97, 0xdb, 0x97, 0xdb, 0x97, 0xdc, 0x97, 0xdc, 0x97, 0xdc, 0x97, 0xdc, 0x97, 0xdc, 0x97, 0xdc, 0x97, 0xdc, 0x97, 0xdc, 0x97, 0xdc, 0x97,
  0xdc, 0x97, 0xfd, 0x9f, 0x6c, 0x3b, 0x68, 0x43, 0xf3, 0x9f, 0x92, 0x8f, 0xf3, 0x97, 0x6a, 0x54, 0x0a, 0x11, 0x94, 0x19, 0xd6, 0x21, 0xd5, 0x21, 0xd5, 0x21, 0xd5, 0x21, 0xd5, 0x21, 0xd5, 0x21,
  0xd6, 0x21, 0x6d, 0x21, 0x10, 0x3b, 0x3d, 0x4d, 0x9f, 0x55, 0xbf, 0x55, 0xfb, 0x44, 0x6b, 0x2a, 0x71, 0x75, 0xfa, 0xaf, 0xf9, 0xa7, 0xf9, 0xa7, 0xf9, 0xa7, 0xfb, 0xb7, 0x8b, 0x4b, 0xb0, 0x24,
  0xfb, 0x3f, 0xfc, 0x3f, 0xfb, 0x3f, 0xfb, 0x3f, 0xfb, 0x3f, 0xfc, 0x3f, 0xfc, 0x3f, 0xfc, 0x3f, 0xfb, 0x3f, 0xfb, 0x3f, 0xfc, 0x3f, 0xfc, 0x3f, 0xfc, 0x3f, 0xfc, 0x3f, 0xfc, 0x3f, 0xfd, 0x3f,
  0xfd, 0x3f, 0xfd, 0x3f, 0xfc, 0x3f, 0xfc, 0x3f, 0xfc, 0x3f, 0xfc, 0x3f, 0xfc, 0x3f, 0xfc, 0x3f, 0xfb, 0x3f, 0xfb, 0x3f, 0xfb, 0x3f, 0xfb, 0x3f, 0xfb, 0x3f, 0xfb, 0x3f, 0xfb, 0x3f, 0xfd, 0x3f,
  0xca, 0x0a, 0xb3, 0x75, 0xfa, 0xa7, 0xfa, 0xa7, 0xfa, 0xa7, 0xfa, 0xa7, 0xfa, 0xa7, 0xfa, 0x9f, 0xfa, 0x9f, 0xfa, 0xa7, 0xfa, 0xa7, 0xfa, 0x9f, 0xfa, 0x9f, 0xfa, 0x9f, 0xfa, 0x9f, 0xfa, 0x9f,
  0xfa, 0x9f, 0xfa, 0x9f, 0xfa, 0x9f, 0xfa, 0x9f, 0xfa, 0x9f, 0xfa, 0x9f, 0xfa, 0x9f, 0xfa, 0x9f, 0xfa, 0x9f, 0xfa, 0x9f, 0xfa, 0x9f, 0xdb, 0x9f, 0xdb, 0x9f, 0xdb, 0x9f, 0xfb, 0x9f, 0xfa, 0x9f,
  0xfa, 0x9f, 0xfb, 0x9f, 0xfb, 0x9f, 0xfb, 0x9f, 0xfb, 0x9f, 0xfb, 0x9f, 0xfb, 0x9f, 0xfb, 0x9f, 0xfb, 0x9f, 0xfb, 0x9f, 0xfb, 0x9f, 0xfb, 0x9f, 0xfb, 0x9f, 0xfb, 0x9f, 0xfb, 0x9f, 0xfb, 0x9f,
  0xfb, 0x9f, 0xfb, 0x9f, 0xfb, 0x9f, 0xfb, 0x9f, 0xfb, 0x9f, 0xfb, 0x9f, 0xfb, 0x9f, 0xfb, 0x9f, 0xfb, 0x97, 0xfb, 0x97, 0xfb, 0x97, 0xfb, 0x9f, 0xfb, 0x9f, 0xfb, 0x97, 0xfb, 0x97, 0xfb, 0x97,
  0xfb, 0x97, 0xfb, 0x97, 0xfb, 0x97, 0xfb, 0x97, 0xfb, 0x97, 0xfb, 0x97, 0xfb, 0x97, 0xfb, 0x97, 0xfb, 0x97, 0xfb, 0x97, 0xfb, 0x97, 0xfb, 0x97, 0xfb, 0x97, 0xfb, 0x97, 0xfb, 0x97, 0xdb, 0x97,
  0xdb, 0x97, 0xdb, 0x97, 0xdb, 0x97, 0xfc, 0x9f, 0x56, 0x76, 0xc3, 0x10, 0x72, 0x19, 0x71, 0x19, 0x71, 0x19, 0x71, 0x19, 0x71, 0x19, 0x71, 0x19, 0x71, 0x19, 0x71, 0x19, 0x71, 0x19, 0x71, 0x19,
  0x5a, 0x2a, 0x5a, 0x2a, 0x5a, 0x2a, 0x5a, 0x2a, 0x5a, 0x2a, 0x5a, 0x2a, 0x5a, 0x2a, 0x3a, 0x2a, 0xda, 0x3a, 0x5a, 0x2a, 0x5b, 0x2a, 0xcb, 0x08, 0x0c, 0x54, 0xfb, 0xb7, 0xf9, 0xa7, 0xf9, 0xa7,
  0xf9, 0xa7, 0xf9, 0xa7, 0xf9, 0xa7, 0xf9, 0xa7, 0xf9, 0xa7, 0xf9, 0xa7, 0xf9, 0xa7, 0xfa, 0xa7, 0xfa, 0xa7, 0xf9, 0xa7, 0xf9, 0xa7, 0xfa, 0xa7, 0xfa, 0xa7, 0xfa, 0xa7, 0xfa, 0xa7, 0xfa, 0xa7,
  0xfa, 0xa7, 0xfa, 0xa7, 0xfa, 0xa7, 0xfa, 0xa7, 0xfa, 0xa7, 0xfa, 0xa7, 0xb9, 0xa7, 0x85, 0x09, 0xfd, 0x3f, 0xda, 0x3f, 0xfb, 0x3f, 0x79, 0x37, 0x00, 0x00, 0xc9, 0x12, 0xd0, 0x24, 0x6f, 0x24,
  0x28, 0x12, 0x41, 0x00, 0x38, 0x37, 0xa9, 0x12, 0x48, 0x12, 0x85, 0x09, 0x00, 0x00, 0xb0, 0x24, 0xfc, 0x3f, 0xdb, 0x3f, 0xba, 0x37, 0x72, 0x2d, 0x2e, 0x54, 0xfb, 0xaf, 0xfa, 0x9f, 0xfa, 0x9f,
  0xfa, 0xa7, 0xfa, 0xa7, 0xfa, 0x9f, 0xfa, 0x9f, 0xfa, 0x9f, 0xfa, 0x9f, 0xfa, 0x9f, 0xfa, 0x9f, 0xfa, 0x9f, 0xfa, 0x9f, 0xfa, 0x9f, 0xfa, 0x9f, 0xfa, 0x9f, 0xfa, 0x9f, 0xfa, 0x9f, 0xfa, 0x9f,
  0xfa, 0x9f, 0xfa, 0x9f, 0xfa, 0x9f, 0xdb, 0x9f, 0xdb, 0x9f, 0xfb, 0x9f, 0xfa, 0x9f, 0xfa, 0x9f, 0xfa, 0x9f, 0xfb, 0x9f, 0xfb, 0x9f, 0xfb, 0x9f, 0xfb, 0x9f, 0xfb, 0x9f, 0xfb, 0x9f, 0xfb, 0x9f,
  0xfb, 0x9f, 0xfb, 0x9f, 0xfb, 0x9f, 0xfb, 0x9f, 0xfb, 0x9f, 0xfb, 0x9f, 0xfb, 0x9f, 0xfb, 0x9f, 0xfb, 0x9f, 0xfb, 0x9f, 0xfb, 0x9f, 0xfb, 0x9f, 0xfb, 0x9f, 0xfb, 0x9f, 0xfb, 0x9f, 0xfb, 0x9f,
  0xfb, 0x9f, 0xfb, 0x97, 0xfb, 0x97, 0xfb, 0x9f, 0xfb, 0x9f, 0xfb, 0x97, 0xfb, 0x97, 0xfb, 0x97, 0xfb, 0x97, 0xfb, 0x97, 0xfb, 0x97, 0xfb, 0x97, 0xfb, 0x97, 0xfb, 0x97, 0xfb, 0x97, 0xfb, 0x97,
  0xfb, 0x97, 0xfb, 0x97, 0xfb, 0x97, 0xfb, 0x97, 0xfb, 0x97, 0xfb, 0x97, 0xfb, 0x97, 0xfb, 0x97, 0xfb, 0x97, 0xdb, 0x97, 0xdb, 0x97, 0xdb, 0x97, 0xdb, 0x97, 0xdb, 0x97, 0xdb, 0x97, 0xdb, 0x97,
  0xdc, 0x97, 0xdc, 0x97, 0xdc, 0x97, 0xdb, 0x97, 0xdb, 0x97, 0xdc, 0x97, 0xdc, 0x97, 0xdc, 0x97, 0xdc, 0x97, 0xdc, 0x97, 0xdc, 0x97, 0xdc, 0x97, 0xdc, 0x97, 0xdc, 0x97, 0xdc, 0x97, 0xdc, 0x97,
  0xdc, 0x97, 0xfe, 0x9f, 0x6c, 0x3b, 0x68, 0x43, 0xf3, 0x97, 0x92, 0x8f, 0xf3, 0x97, 0x6a, 0x54, 0x0a, 0x11, 0x94, 0x19, 0xd6, 0x21, 0xd5, 0x21, 0xd5, 0x21, 0xd5, 0x21, 0xd5, 0x21, 0xd5, 0x21,
  0xd6, 0x21, 0x6d, 0x21, 0x10, 0x3b, 0x3d, 0x4d, 0xbf, 0x55, 0xbf, 0x55, 0xfb, 0x4c, 0x6b, 0x2a, 0x71, 0x75, 0xfa, 0xaf, 0xf9, 0xa7, 0xf9, 0xa7, 0xf9, 0xa7, 0xfb, 0xb7, 0x8b, 0x4b, 0x32, 0x25,
  0xfc, 0x3f, 0xda, 0x3f, 0xda, 0x3f, 0xda, 0x3f, 0xfb, 0x3f, 0x15, 0x2e, 0x93, 0x2d, 0x58, 0x37, 0xfb, 0x3f, 0xfb, 0x3f, 0x18, 0x37, 0x11, 0x25, 0xd7, 0x36, 0xfb, 0x3f, 0xb3, 0x2d, 0xb0, 0x24,
  0x8f, 0x24, 0x8f, 0x24, 0x72, 0x2d, 0x79, 0x37, 0xfb, 0x3f, 0x92, 0x2d, 0xd4, 0x2d, 0x99, 0x37, 0xdb, 0x3f, 0xda, 0x3f, 0xda, 0x3f, 0xda, 0x3f, 0xda, 0x3f, 0xda, 0x3f, 0xda, 0x3f, 0xfc, 0x3f,
  0x4e, 0x1c, 0x31, 0x65, 0x99, 0x9f, 0xfa, 0xa7, 0xfa, 0x9f, 0xfa, 0x9f, 0xfa, 0x9f, 0xfa, 0xa7, 0xfa, 0xa7, 0xfa, 0x9f, 0xfa, 0x9f, 0xfa, 0x9f, 0xfa, 0x9f, 0xfa, 0x9f, 0xfa, 0x9f, 0xfa, 0x9f,
  0xfa, 0x9f, 0xfa, 0x9f, 0xfa, 0x9f, 0xfa, 0x9f, 0xfa, 0x9f, 0xfa, 0x9f, 0xfa, 0x9f, 0xfa, 0x9f, 0xfa, 0x9f, 0xdb, 0x9f, 0xdb, 0x9f, 0xfb, 0x9f, 0xfa, 0x9f, 0xfa, 0x9f, 0xfa, 0x9f, 0xfb, 0x9f,
  0xfb, 0x9f, 0xfb, 0x9f, 0xfb, 0x9f, 0xfb, 0x9f, 0xfb, 0x9f, 0xfb, 0x9f, 0xfb, 0x9f, 0xfb, 0x9f, 0xfb, 0x9f, 0xfb, 0x9f, 0xfb, 0x9f, 0xfb, 0x9f, 0xfb, 0x9f, 0xfb, 0x9f, 0xfb, 0x9f, 0xfb, 0x9f,
  0xfb, 0x9f, 0xfb, 0x9f, 0xfb, 0x9f, 0xfb, 0x9f, 0xfb, 0x9f, 0xfb, 0x9f, 0xfb, 0x97, 0xfb, 0x97, 0xfb, 0x9f, 0xfb, 0x9f, 0xfb, 0x97, 0xfb, 0x97, 0xfb, 0x97, 0xfb, 0x97, 0xfb, 0x97, 0xfb, 0x97,
  0xfb, 0x97, 0xfb, 0x97, 0xfb, 0x97, 0xfb, 0x97, 0xfb, 0x97, 0xfb, 0x97, 0xfb, 0x97, 0xfb, 0x97, 0xfb, 0x97, 0xfb, 0x97, 0xfb, 0x97, 0xfb, 0x97, 0xfb, 0x97, 0xdb, 0x97, 0xdb, 0x97, 0xdb, 0x97,
  0xdb, 0x97, 0xdb, 0x97, 0xdb, 0x97, 0xfc, 0x9f, 0x56, 0x76, 0xc3, 0x10, 0x72, 0x19, 0x71, 0x19, 0x71, 0x19, 0x71, 0x19, 0x71, 0x19, 0x71, 0x19, 0x71, 0x19, 0x71, 0x19, 0x71, 0x19, 0x71, 0x19,
  0x5a, 0x2a, 0x5a, 0x2a, 0x5a, 0x2a, 0x5a, 0x2a, 0x5a, 0x2a, 0x5a, 0x2a, 0x5a, 0x2a, 0x3a, 0x2a, 0xda, 0x3a, 0x5a, 0x2a, 0x5b, 0x2a, 0xcb, 0x08, 0x0c, 0x54, 0xfb, 0xb7, 0xf9, 0xa7, 0xf9, 0xa7,
  0xf9, 0xa7, 0xf9, 0xa7, 0xf9, 0xa7, 0xf9, 0xa7, 0xfa, 0xa7, 0xfa, 0xa7, 0xfa, 0xa7, 0xf9, 0xa7, 0xf9, 0xa7, 0xfa, 0xa7, 0xfa, 0xa7, 0xfa, 0xa7, 0xfa, 0xa7, 0xfa, 0xa7, 0xfa, 0xa7, 0xfa, 0xa7,
  0xfa, 0xa7, 0xfa, 0xa7, 0xfa, 0xa7, 0xfa, 0xa7, 0xfa, 0xa7, 0xfa, 0xa7, 0xb9, 0x9f, 0x85, 0x09, 0xfd, 0x3f, 0xda, 0x3f, 0xfb, 0x3f, 0x79, 0x37, 0x00, 0x00, 0x85, 0x09, 0x89, 0x12, 0x68, 0x12,
  0x24, 0x09, 0x41, 0x00, 0xba, 0x3f, 0xfd, 0x3f, 0xfc, 0x3f, 0xcd, 0x1b, 0xa6, 0x09, 0xba, 0x3f, 0xfb, 0x3f, 0xdb, 0x3f, 0xba, 0x37, 0x72, 0x2d, 0x2e, 0x54, 0xfb, 0xaf, 0xfa, 0xa7, 0xfa, 0xa7,
  0xfa, 0x9f, 0xfa, 0x9f, 0xfa, 0x9f, 0xfa, 0x9f, 0xfa, 0x9f, 0xfa, 0x9f, 0xfa, 0x9f, 0xfa, 0x9f, 0xfa, 0x9f, 0xfa, 0x9f, 0xfa, 0x9f, 0xfa, 0x9f, 0xfa, 0x9f, 0xfa, 0x9f, 0xfa, 0x9f, 0xfa, 0x9f,
  0xdb, 0x9f, 0xdb, 0x9f, 0xdb, 0x9f, 0xfb, 0x9f, 0xfa, 0x9f, 0xfa, 0x9f, 0xfb, 0x9f, 0xfb, 0x9f, 0xfb, 0x9f, 0xfb, 0x9f, 0xfb, 0x9f, 0xfb, 0x9f, 0xfb, 0x9f, 0xfb, 0x9f, 0xfb, 0x9f, 0xfb, 0x9f,
  0xfb, 0x9f, 0xfb, 0x9f, 0xfb, 0x9f, 0xfb, 0x9f, 0xfb, 0x9f, 0xfb, 0x9f, 0xfb, 0x9f, 0xfb, 0x9f, 0xfb, 0x9f, 0xfb, 0x9f, 0xfb, 0x9f, 0xfb, 0x9f, 0xfb, 0x9f, 0xfb, 0x9f, 0xfb, 0x97, 0xfb, 0x97,
  0xfb, 0x97, 0xfb, 0x9f, 0xfb, 0x9f, 0xfb, 0x97, 0xfb, 0x97, 0xfb, 0x97, 0xfb, 0x97, 0xfb, 0x97, 0xfb, 0x97, 0xfb, 0x97, 0xfb, 0x97, 0xfb, 0x97, 0xfb, 0x97, 0xfb, 0x97, 0xfb, 0x97, 0xfb, 0x97,
  0xfb, 0x97, 0xfb, 0x97, 0xfb, 0x97, 0xfb, 0x97, 0xfb, 0x97, 0xfb, 0x97, 0xdb, 0x97, 0xdb, 0x97, 0xdb, 0x97, 0xdb, 0x97, 0xdb, 0x97, 0xdb, 0x97, 0xdb, 0x97, 0xdb, 0x97, 0xdc, 0x97, 0xdc, 0x97,
  0xdb, 0x97, 0xdb, 0x97, 0xdc, 0x97, 0xdc, 0x97, 0xdc, 0x97, 0xdc, 0x97, 0xdc, 0x97, 0xdc, 0x97, 0xdc, 0x97, 0xdc, 0x97, 0xdc, 0x97, 0xdc, 0x97, 0xdc, 0x97, 0xdc, 0x97, 0xdc, 0x97, 0xdc, 0x97,
  0xdc, 0x8f, 0xfe, 0x9f, 0x6c, 0x3b, 0x68, 0x43, 0xf3, 0x97, 0x92, 0x8f, 0xf3, 0x97, 0x6a, 0x54, 0x0a, 0x11, 0x93, 0x19, 0xd6, 0x21, 0xd5, 0x21, 0xd5, 0x21, 0xd5, 0x21, 0xd5, 0x21, 0xd5, 0x21,
  0xd6, 0x21, 0x6d, 0x21, 0x10, 0x3b, 0x3d, 0x4d, 0xbf, 0x55, 0xbf, 0x55, 0xfb, 0x4c, 0x6b, 0x2a, 0x71, 0x75, 0xfa, 0xaf, 0xf9, 0xa7, 0xf9, 0xa7, 0xf9, 0xa7, 0xfb, 0xb7, 0xcc, 0x4b, 0x52, 0x25,
  0xfb, 0x3f, 0xda, 0x3f, 0xda, 0x3f, 0xda, 0x3f, 0xfc, 0x3f, 0xea, 0x1a, 0x44, 0x09, 0x35, 0x2e, 0xfb, 0x3f, 0xfb, 0x3f, 0x93, 0x2d, 0x20, 0x00, 0xf1, 0x24, 0xfb, 0x3f, 0x85, 0x09, 0x41, 0x00,
  0x27, 0x12, 0x85, 0x09, 0xc2, 0x08, 0xd0, 0x24, 0x79, 0x37, 0x44, 0x09, 0x07, 0x12, 0xd7, 0x36, 0xfb, 0x3f, 0xda, 0x3f, 0xda, 0x3f, 0xda, 0x3f, 0xda, 0x3f, 0xda, 0x3f, 0xda, 0x3f, 0xfc, 0x3f,
  0xd0, 0x1c, 0x11, 0x5d, 0x99, 0x9f, 0xfa, 0xa7, 0xfa, 0xa7, 0xfa, 0xa7, 0xfa, 0x9f, 0xfa, 0x9f, 0xfa, 0x9f, 0xfa, 0x9f, 0xfa, 0x9f, 0xfa, 0x9f, 0xfa, 0x9f, 0xfa, 0x9f, 0xfa, 0x9f, 0xfa, 0x9f,
  0xfa, 0x9f, 0xfa, 0x9f, 0xfa, 0x9f, 0xfa, 0x9f, 0xfa, 0x9f, 0xfa, 0x9f, 0xdb, 0x9f, 0xdb, 0x9f, 0xdb, 0x9f, 0xfb, 0x9f, 0xfa, 0x9f, 0xfa, 0x9f, 0xfb, 0x9f, 0xfb, 0x9f, 0xfb, 0x9f, 0xfb, 0x9f,
  0xfb, 0x9f, 0xfb, 0x9f, 0xfb, 0x9f, 0xfb, 0x9f, 0xfb, 0x9f, 0xfb, 0x9f, 0xfb, 0x9f, 0xfb, 0x9f, 0xfb, 0x9f, 0xfb, 0x9f, 0xfb, 0x9f, 0xfb, 0x9f, 0xfb, 0x9f, 0xfb, 0x9f, 0xfb, 0x9f, 0xfb, 0x9f,
  0xfb, 0x9f, 0xfb, 0x9f, 0xfb, 0x9f, 0xfb, 0x97, 0xfb, 0x97, 0xfb, 0x97, 0xfb, 0x9f, 0xfb, 0x9f, 0xfb, 0x97, 0xfb, 0x97, 0xfb, 0x97, 0xfb, 0x97, 0xfb, 0x97, 0xfb, 0x97, 0xfb, 0x97, 0xfb, 0x97,
  0xfb, 0x97, 0xfb, 0x97, 0xfb, 0x97, 0xfb, 0x97, 0xfb, 0x97, 0xfb, 0x97, 0xfb, 0x97, 0xfb, 0x97, 0xfb, 0x97, 0xfb, 0x97, 0xdb, 0x97, 0xdb, 0x97, 0xdb, 0x97, 0xdb, 0x97, 0xdb, 0x97, 0xdb, 0x97,
  0xdb, 0x97, 0xdb, 0x97, 0xdc, 0x97, 0xfc, 0x97, 0x56, 0x76, 0xc3, 0x10, 0x72, 0x19, 0x71, 0x19, 0x71, 0x19, 0x71, 0x19, 0x71, 0x19, 0x71, 0x19, 0x71, 0x19, 0x71, 0x19, 0x71, 0x19, 0x71, 0x19,
  0x5a, 0x2a, 0x5a, 0x2a, 0x5a, 0x2a, 0x5a, 0x2a, 0x5a, 0x2a, 0x5a, 0x2a, 0x5a, 0x2a, 0x3a, 0x2a, 0xda, 0x3a, 0x5a, 0x2a, 0x5b, 0x2a, 0xcb, 0x08, 0x0c, 0x54, 0xfb, 0xb7, 0xf9, 0xa7, 0xf9, 0xa7,
  0xf9, 0xa7, 0xf9, 0xa7, 0xfa, 0xa7, 0xfa, 0xa7, 0xf9, 0xa7, 0xf9, 0xa7, 0xfa, 0xa7, 0xfa, 0xa7, 0xfa, 0xa7, 0xfa, 0xa7, 0xfa, 0xa7, 0xfa, 0xa7, 0xfa, 0xa7, 0xfa, 0xa7, 0xfa, 0xa7, 0xfa, 0xa7,
  0xfa, 0xa7, 0xfa, 0xa7, 0xfa, 0xa7, 0xfa, 0xa7, 0xfa, 0xa7, 0xfa, 0xa7, 0xb9, 0x9f, 0x85, 0x09, 0xfd, 0x3f, 0xda, 0x3f, 0xfb, 0x3f, 0x79, 0x37, 0x00, 0x00, 0x31, 0x2d, 0xfe, 0x47, 0xfc, 0x3f,
  0x2e, 0x24, 0x00, 0x00, 0xba, 0x3f, 0xfb, 0x3f, 0x8f, 0x24, 0x85, 0x09, 0x76, 0x36, 0xfb, 0x3f, 0xda, 0x3f, 0xdb, 0x3f, 0xba, 0x37, 0x72, 0x2d, 0x2e, 0x54, 0xfb, 0xaf, 0xfa, 0x9f, 0xfa, 0x9f,
  0xfa, 0x9f, 0xfa, 0x9f, 0xfa, 0x9f, 0xfa, 0x9f, 0xfa, 0x9f, 0xfa, 0x9f, 0xfa, 0x9f, 0xfa, 0x9f, 0xfa, 0x9f, 0xfa, 0x9f, 0xfa, 0x9f, 0xfa, 0x9f, 0xfa, 0x9f, 0xfa, 0x9f, 0xdb, 0x9f, 0xdb, 0x9f,
  0xfb, 0x9f, 0xfb, 0x9f, 0xfa, 0x9f, 0xfa, 0x9f, 0xfb, 0x9f, 0xfb, 0x9f, 0xfb, 0x9f, 0xfb, 0x9f, 0xfb, 0x9f, 0xfb, 0x9f, 0xfb, 0x9f, 0xfb, 0x9f, 0xfb, 0x9f, 0xfb, 0x9f, 0xfb, 0x9f, 0xfb, 0x9f,
  0xfb, 0x9f, 0xfb, 0x9f, 0xfb, 0x9f, 0xfb, 0x9f, 0xfb, 0x9f, 0xfb, 0x9f, 0xfb, 0x9f, 0xfb, 0x9f, 0xfb, 0x9f, 0xfb, 0x9f, 0xfb, 0x9f, 0xfb, 0x9f, 0xfb, 0x97, 0xfb, 0x97, 0xfb, 0x9f, 0xfb, 0x9f,
  0xfb, 0x97, 0xfb, 0x97, 0xfb, 0x97, 0xfb, 0x97, 0xfb, 0x97, 0xfb, 0x97, 0xfb, 0x97, 0xfb, 0x97, 0xfb, 0x97, 0xfb, 0x97, 0xfb, 0x97, 0xfb, 0x97, 0xfb, 0x97, 0xfb, 0x97, 0xfb, 0x97, 0xfb, 0x97,
  0xfb, 0x97, 0xfb, 0x97, 0xfb, 0x97, 0xfb, 0x97, 0xdb, 0x97, 0xdb, 0x97, 0xdb, 0x97, 0xdb, 0x97, 0xdb, 0x97, 0xdb, 0x97, 0xdb, 0x97, 0xdc, 0x97, 0xdc, 0x97, 0xdc, 0x97, 0xdb, 0x97, 0xdb, 0x97,
  0xdc, 0x97, 0xdc, 0x97, 0xdc, 0x97, 0xdc, 0x97, 0xdc, 0x97, 0xdc, 0x97, 0xdc, 0x97, 0xdc, 0x97, 0xdc, 0x97, 0xdc, 0x97, 0xdc, 0x97, 0xdc, 0x97, 0xdc, 0x97, 0xdc, 0x97, 0xdc, 0x97, 0xdc, 0x8f,
  0xdc, 0x97, 0xfe, 0x9f, 0x6d, 0x3b, 0x68, 0x43, 0xf3, 0x97, 0x92, 0x8f, 0xf3, 0x97, 0x6a, 0x54, 0x0a, 0x11, 0x93, 0x19, 0xd6, 0x21, 0xd5, 0x21, 0xd5, 0x21, 0xd5, 0x21, 0xd5, 0x21, 0xd5, 0x21,
  0xd6, 0x21, 0x6d, 0x21, 0x10, 0x3b, 0x3d, 0x55, 0xbf, 0x55, 0xbf, 0x55, 0xfb, 0x4c, 0x6b, 0x2a, 0x71, 0x75, 0xfa, 0xaf, 0xfa, 0xa7, 0xfa, 0xa7, 0xfa, 0xa7, 0xfb, 0xb7, 0xcc, 0x4b, 0x52, 0x25,
  0xfb, 0x3f, 0xda, 0x3f, 0xda, 0x3f, 0xda, 0x3f, 0xfc, 0x3f, 0x4b, 0x1b, 0xc6, 0x09, 0x55, 0x2e, 0xfb, 0x3f, 0xfb, 0x3f, 0xb3, 0x2d, 0xa2, 0x08, 0x31, 0x25, 0xfb, 0x3f, 0xc6, 0x11, 0xea, 0x12,
  0xba, 0x3f, 0xba, 0x3f, 0x65, 0x09, 0x27, 0x12, 0x96, 0x36, 0xc6, 0x11, 0x68, 0x12, 0xf7, 0x36, 0xfb, 0x3f, 0xda, 0x3f, 0xda, 0x3f, 0xda, 0x3f, 0xda, 0x3f, 0xda, 0x3f, 0xda, 0x3f, 0xfc, 0x3f,
  0xb0, 0x1c, 0x31, 0x5d, 0x99, 0x9f, 0xfa, 0xa7, 0xfa, 0x9f, 0xfa, 0x9f, 0xfa, 0x9f, 0xfa, 0x9f, 0xfa, 0x9f, 0xfa, 0x9f, 0xfa, 0x9f, 0xfa, 0x9f, 0xfa, 0x9f, 0xfa, 0x9f, 0xfa, 0x9f, 0xfa, 0x9f,
  0xfa, 0x9f, 0xfa, 0x9f, 0xfa, 0x9f, 0xfa, 0x9f, 0xdb, 0x9f, 0xdb, 0x9f, 0xfb, 0x9f, 0xfa, 0x9f, 0xfa, 0x9f, 0xfa, 0x9f, 0xfb, 0x9f, 0xfb, 0x9f, 0xfb, 0x9f, 0xfb, 0x9f, 0xfb, 0x9f, 0xfb, 0x9f,
  0xfb, 0x9f, 0xfb, 0x9f, 0xfb, 0x9f, 0xfb, 0x9f, 0xfb, 0x9f, 0xfb, 0x9f, 0xfb, 0x9f, 0xfb, 0x9f, 0xfb, 0x9f, 0xfb, 0x9f, 0xfb, 0x9f, 0xfb, 0x9f, 0xfb, 0x9f, 0xfb, 0x9f, 0xfb, 0x9f, 0xfb, 0x9f,
  0xfb, 0x9f, 0xfb, 0x97, 0xfb, 0x97, 0xfb, 0x9f, 0xfb, 0x9f, 0xfb, 0x97, 0xfb, 0x97, 0xfb, 0x97, 0xfb, 0x97, 0xfb, 0x97, 0xfb, 0x97, 0xfb, 0x97, 0xfb, 0x97, 0xfb, 0x97, 0xfb, 0x97, 0xfb, 0x97,
  0xfb, 0x97, 0xfb, 0x97, 0xfb, 0x97, 0xfb, 0x97, 0xfb, 0x97, 0xfb, 0x97, 0xfb, 0x97, 0xfb, 0x97, 0xdb, 0x97, 0xdb, 0x97, 0xdb, 0x97, 0xdb, 0x97, 0xdb, 0x97, 0xdb, 0x97, 0xdb, 0x97, 0xdc, 0x97,
  0xdc, 0x97, 0xdc, 0x97, 0xdb, 0x97, 0xfc, 0x97, 0x56, 0x76, 0xc3, 0x10, 0x72, 0x19, 0x71, 0x19, 0x71, 0x19, 0x71, 0x19, 0x71, 0x19, 0x71, 0x19, 0x71, 0x19, 0x71, 0x19, 0x71, 0x19, 0x71, 0x19,
  0x5a, 0x2a, 0x5a, 0x2a, 0x5a, 0x2a, 0x5a, 0x2a, 0x5a, 0x2a, 0x5a, 0x2a, 0x5a, 0x2a, 0x3a, 0x2a, 0xda, 0x3a, 0x5a, 0x2a, 0x5b, 0x2a, 0xcb, 0x08, 0x0c, 0x54, 0xfb, 0xb7, 0xf9, 0xa7, 0xfa, 0xa7,
  0xfa, 0xa7, 0xfa, 0xa7, 0xf9, 0xa7, 0xf9, 0xa7, 0xfa, 0xa7, 0xfa, 0xa7, 0xfa, 0xa7, 0xfa, 0xa7, 0xfa, 0xa7, 0xfa, 0xa7, 0xfa, 0xa7, 0xfa, 0xa7, 0xfa, 0xa7, 0xfa, 0xa7, 0xfa, 0xa7, 0xfa, 0xa7,
  0xfa, 0xa7, 0xfa, 0xa7, 0xfa, 0xa7, 0xfa, 0xa7, 0xfa, 0xa7, 0xfa, 0xa7, 0xb9, 0x9f, 0x85, 0x09, 0xfd, 0x3f, 0xda, 0x3f, 0xfb, 0x3f, 0x79, 0x37, 0x00, 0x00, 0xd0, 0x24, 0xfc, 0x3f, 0xba, 0x3f,
  0xed, 0x1b, 0x00, 0x00, 0x99, 0x3f, 0xd4, 0x2d, 0x85, 0x09, 0x96, 0x36, 0xfd, 0x3f, 0xfb, 0x3f, 0xda, 0x3f, 0xdb, 0x3f, 0xba, 0x37, 0x72, 0x2d, 0x2e, 0x54, 0xfc, 0xaf, 0xfa, 0x9f, 0xfa, 0x9f,
  0xfa, 0x9f, 0xfa, 0x9f, 0xfa, 0x9f, 0xfa, 0x9f, 0xfa, 0x9f, 0xfa, 0x9f, 0xfa, 0x9f, 0xfa, 0x9f, 0xfa, 0x9f, 0xfa, 0x9f, 0xfa, 0x9f, 0xdb, 0x9f, 0xdb, 0x9f, 0xdb, 0x9f, 0xfb, 0x9f, 0xfa, 0x9f,
  0xfa, 0x9f, 0xfa, 0x9f, 0xfb, 0x9f, 0xfb, 0x9f, 0xfb, 0x9f, 0xfb, 0x9f, 0xfb, 0x9f, 0xfb, 0x9f, 0xfb, 0x9f, 0xfb, 0x9f, 0xfb, 0x9f, 0xfb, 0x9f, 0xfb, 0x9f, 0xfb, 0x9f, 0xfb, 0x9f, 0xfb, 0x9f,
  0xfb, 0x9f, 0xfb, 0x9f, 0xfb, 0x9f, 0xfb, 0x9f, 0xfb, 0x9f, 0xfb, 0x9f, 0xfb, 0x9f, 0xfb, 0x9f, 0xfb, 0x9f, 0xfb, 0x97, 0xfb, 0x97, 0xfb, 0x97, 0xfb, 0x9f, 0xfb, 0x9f, 0xfb, 0x97, 0xfb, 0x97,
  0xfb, 0x97, 0xfb, 0x97, 0xfb, 0x97, 0xfb, 0x97, 0xfb, 0x97, 0xfb, 0x97, 0xfb, 0x97, 0xfb, 0x97, 0xfb, 0x97, 0xfb, 0x97, 0xfb, 0x97, 0xfb, 0x97, 0xfb, 0x97, 0xfb, 0x97, 0xfb, 0x97, 0xfb, 0x97,
  0xfb, 0x97, 0xdb, 0x97, 0xdb, 0x97, 0xdb, 0x97, 0xdb, 0x97, 0xdb, 0x97, 0xdb, 0x97, 0xdb, 0x97, 0xdb, 0x97, 0xdc, 0x97, 0xdc, 0x97, 0xdb, 0x97, 0xdb, 0x97, 0xdc, 0x97, 0xdc, 0x97, 0xdc, 0x97,
  0xdc, 0x97, 0xdc, 0x97, 0xdc, 0x97, 0xdc, 0x97, 0xdc, 0x97, 0xdc, 0x97, 0xdc, 0x97, 0xdc, 0x97, 0xdc, 0x97, 0xdc, 0x97, 0xdc, 0x97, 0xdc, 0x97, 0xdc, 0x8f, 0xdc, 0x8f, 0xdc, 0x8f, 0xdc, 0x97,
  0xdc, 0x8f, 0xfe, 0x9f, 0x6d, 0x3b, 0x68, 0x43, 0xf4, 0x97, 0x92, 0x8f, 0xf3, 0x97, 0x6a, 0x54, 0x0a, 0x11, 0x93, 0x19, 0xd5, 0x21, 0xd5, 0x21, 0xd5, 0x21, 0xd5, 0x21, 0xd5, 0x21, 0xd5, 0x21,
  0xd6, 0x21, 0x6d, 0x21, 0x10, 0x3b, 0x3d, 0x55, 0xbf, 0x55, 0xbf, 0x55, 0xfb, 0x4c, 0x6b, 0x2a, 0x71, 0x75, 0xfb, 0xaf, 0xf9, 0xa7, 0xf9, 0xa7, 0xfa, 0xa7, 0xfb, 0xb7, 0xcc, 0x4b, 0x52, 0x25,
  0xfb, 0x3f, 0xda, 0x3f, 0xda, 0x3f, 0xda, 0x3f, 0xfc, 0x3f, 0x4b, 0x1b, 0xc6, 0x09, 0x55, 0x2e, 0xfb, 0x3f, 0xfb, 0x3f, 0xb3, 0x2d, 0xa2, 0x08, 0x31, 0x25, 0xfb, 0x3f, 0xc6, 0x11, 0xe9, 0x12,
  0x99, 0x37, 0xfb, 0x3f, 0x65, 0x09, 0xea, 0x12, 0xf8, 0x36, 0xc6, 0x11, 0x68, 0x12, 0xf7, 0x36, 0xfb, 0x3f, 0xda, 0x3f, 0xda, 0x3f, 0xda, 0x3f, 0xda, 0x3f, 0xda, 0x3f, 0xda, 0x3f, 0xfc, 0x3f,
  0xb0, 0x1c, 0x31, 0x5d, 0x99, 0x9f, 0xfa, 0xa7, 0xfa, 0x9f, 0xfa, 0x9f, 0xfa, 0x9f, 0xfa, 0x9f, 0xfa, 0x9f, 0xfa, 0x9f, 0xfa, 0x9f, 0xfa, 0x9f, 0xfa, 0x9f, 0xfa, 0x9f, 0xfa, 0x9f, 0xfa, 0x9f,
  0xfa, 0x9f, 0xdb, 0x9f, 0xdb, 0x9f, 0xdb, 0x9f, 0xfb, 0x9f, 0xfa, 0x9f, 0xfa, 0x9f, 0xfb, 0x9f, 0xfb, 0x9f, 0xfb, 0x9f, 0xfb, 0x9f, 0xfb, 0x9f, 0xfb, 0x9f, 0xfb, 0x9f, 0xfb, 0x9f, 0xfb, 0x9f,
  0xfb, 0x9f, 0xfb, 0x9f, 0xfb, 0x9f, 0xfb, 0x9f, 0xfb, 0x9f, 0xfb, 0x9f, 0xfb, 0x9f, 0xfb, 0x9f, 0xfb, 0x9f, 0xfb, 0x9f, 0xfb, 0x9f, 0xfb, 0x9f, 0xfb, 0x9f, 0xfb, 0x9f, 0xfb, 0x97, 0xfb, 0x97,
  0xfb, 0x97, 0xfb, 0x9f, 0xfb, 0x9f, 0xfb, 0x97, 0xfb, 0x97, 0xfb, 0x97, 0xfb, 0x97, 0xfb, 0x97, 0xfb, 0x97, 0xfb, 0x97, 0xfb, 0x97, 0xfb, 0x97, 0xfb, 0x97, 0xfb, 0x97, 0xfb, 0x97, 0xfb, 0x97,
  0xfb, 0x97, 0xfb, 0x97, 0xfb, 0x97, 0xfb, 0x97, 0xfb, 0x97, 0xdb, 0x97, 0xdb, 0x97, 0xdb, 0x97, 0xdb, 0x97, 0xdb, 0x97, 0xdb, 0x97, 0xdb, 0x97, 0xdb, 0x97, 0xdc, 0x97, 0xdc, 0x97, 0xdb, 0x97,
  0xdb, 0x97, 0xdc, 0x97, 0xdc, 0x97, 0xfc, 0x97, 0x56, 0x76, 0xc3, 0x10, 0x72, 0x19, 0x71, 0x19, 0x71, 0x19, 0x71, 0x19, 0x71, 0x19, 0x71, 0x19, 0x71, 0x19, 0x71, 0x19, 0x71, 0x19, 0x71, 0x19,
  0x5a, 0x2a, 0x5a, 0x2a, 0x5a, 0x2a, 0x5a, 0x2a, 0x5a, 0x2a, 0x5a, 0x2a, 0x5a, 0x2a, 0x3a, 0x2a, 0xba, 0x3a, 0x5a, 0x2a, 0x5b, 0x2a, 0xcb, 0x08, 0x0c, 0x54, 0xfb, 0xaf, 0xfa, 0xa7, 0xf9, 0xa7,
  0xf9, 0xa7, 0xfa, 0xa7, 0xfa, 0xa7, 0xfa, 0xa7, 0xfa, 0xa7, 0xfa, 0xa7, 0xfa, 0xa7, 0xfa, 0xa7, 0xfa, 0xa7, 0xfa, 0xa7, 0xfa, 0xa7, 0xfa, 0xa7, 0xfa, 0xa7, 0xfa, 0xa7, 0xfa, 0xa7, 0xfa, 0xa7,
  0xfa, 0xa7, 0xfa, 0xa7, 0xfa, 0xa7, 0xfa, 0xa7, 0xfa, 0xa7, 0xfa, 0xa7, 0xb9, 0x9f, 0x85, 0x09, 0xfd, 0x3f, 0xda, 0x3f, 0xfb, 0x3f, 0x59, 0x37, 0x00, 0x00, 0xb0, 0x24, 0xfc, 0x3f, 0xba, 0x3f,
  0xad, 0x1b, 0x00, 0x00, 0x18, 0x37, 0xe3, 0x08, 0xc2, 0x08, 0xf0, 0x24, 0x6f, 0x24, 0x14, 0x2e, 0xfb, 0x3f, 0xdb, 0x3f, 0xba, 0x37, 0x72, 0x2d, 0x2e, 0x54, 0xfc, 0xa7, 0xfa, 0x9f, 0xfa, 0x9f,
  0xfa, 0x9f, 0xfa, 0x9f, 0xfa, 0x9f, 0xfa, 0x9f, 0xfa, 0x9f, 0xfa, 0x9f, 0xfa, 0x9f, 0xfa, 0x9f, 0xfa, 0x9f, 0xdb, 0x9f, 0xdb, 0x9f, 0xfb, 0x9f, 0xfb, 0x9f, 0xfa, 0x9f, 0xfa, 0x9f, 0xfb, 0x9f,
  0xfb, 0x9f, 0xfb, 0x9f, 0xfb, 0x9f, 0xfb, 0x9f, 0xfb, 0x9f, 0xfb, 0x9f, 0xfb, 0x9f, 0xfb, 0x9f, 0xfb, 0x9f, 0xfb, 0x9f, 0xfb, 0x9f, 0xfb, 0x9f, 0xfb, 0x9f, 0xfb, 0x9f, 0xfb, 0x9f, 0xfb, 0x9f,
  0xfb, 0x9f, 0xfb, 0x9f, 0xfb, 0x9f, 0xfb, 0x9f, 0xfb, 0x9f, 0xfb, 0x9f, 0xfb, 0x9f, 0xfb, 0x97, 0xfb, 0x97, 0xfb, 0x9f, 0xfb, 0x9f, 0xfb, 0x97, 0xfb, 0x97, 0xfb, 0x97, 0xfb, 0x97, 0xfb, 0x97,
  0xfb, 0x97, 0xfb, 0x97, 0xfb, 0x97, 0xfb, 0x97, 0xfb, 0x97, 0xfb, 0x97, 0xfb, 0x97, 0xfb, 0x97, 0xfb, 0x97, 0xfb, 0x97, 0xfb, 0x97, 0xfb, 0x97, 0xfb, 0x97, 0xfb, 0x97, 0xfb, 0x97, 0xdb, 0x97,
  0xdb, 0x97, 0xdb, 0x97, 0xdb, 0x97, 0xdb, 0x97, 0xdb, 0x97, 0xdb, 0x97, 0xdc, 0x97, 0xdc, 0x97, 0xdc, 0x97, 0xdb, 0x97, 0xdb, 0x97, 0xdc, 0x97, 0xdc, 0x97, 0xdc, 0x97, 0xdc, 0x97, 0xdc, 0x97,
  0xdc, 0x97, 0xdc, 0x97, 0xdc, 0x97, 0xdc, 0x97, 0xdc, 0x97, 0xdc, 0x97, 0xdc, 0x97, 0xdc, 0x97, 0xdc, 0x97, 0xdc, 0x97, 0xdc, 0x8f, 0xdc, 0x8f, 0xdc, 0x97, 0xdc, 0x97, 0xdc, 0x8f, 0xdc, 0x8f,
  0xdc, 0x8f, 0xfe, 0x97, 0x6d, 0x3b, 0x68, 0x43, 0xf4, 0x97, 0x93, 0x8f, 0xf3, 0x97, 0x6a, 0x54, 0x09, 0x11, 0x93, 0x19, 0xd5, 0x21, 0xd5, 0x21, 0xd5, 0x21, 0xd5, 0x21, 0xd5, 0x21, 0xd5, 0x21,
  0xd6, 0x21, 0x6d, 0x21, 0x10, 0x3b, 0x5c, 0x55, 0xbf, 0x55, 0xbf, 0x55, 0xfb, 0x4c, 0x6b, 0x2a, 0x71, 0x75, 0xfb, 0xaf, 0xfa, 0xa7, 0xfa, 0xa7, 0xfa, 0xa7, 0xfb, 0xaf, 0xcc, 0x4b, 0x52, 0x25,
  0xfb, 0x3f, 0xda, 0x3f, 0xda, 0x3f, 0xda, 0x3f, 0xfc, 0x3f, 0x4b, 0x1b, 0xc6, 0x09, 0x55, 0x2e, 0xfb, 0x3f, 0xfb, 0x3f, 0xd3, 0x2d, 0xa2, 0x08, 0x31, 0x25, 0xfb, 0x3f, 0xe6, 0x11, 0x64, 0x09,
  0x0e, 0x1c, 0xea, 0x1a, 0xe6, 0x11, 0xb3, 0x2d, 0x9a, 0x3f, 0xa5, 0x09, 0x68, 0x12, 0xf7, 0x36, 0xfb, 0x3f, 0xda, 0x3f, 0xda, 0x3f, 0xda, 0x3f, 0xda, 0x3f, 0xda, 0x3f, 0xda, 0x3f, 0xfc, 0x3f,
  0xb0, 0x1c, 0x31, 0x5d, 0x99, 0x9f, 0xfb, 0xa7, 0xfa, 0x9f, 0xfa, 0x9f, 0xfa, 0x9f, 0xfa, 0x9f, 0xfa, 0x9f, 0xfa, 0x9f, 0xfa, 0x9f, 0xfa, 0x9f, 0xfa, 0x9f, 0xfa, 0x9f, 0xfa, 0x9f, 0xdb, 0x9f,
  0xdb, 0x9f, 0xfb, 0x9f, 0xfb, 0x9f, 0xfa, 0x9f, 0xfa, 0x9f, 0xfb, 0x9f, 0xfb, 0x9f, 0xfb, 0x9f, 0xfb, 0x9f, 0xfb, 0x9f, 0xfb, 0x9f, 0xfb, 0x9f, 0xfb, 0x9f, 0xfb, 0x9f, 0xfb, 0x9f, 0xfb, 0x9f,
  0xfb, 0x9f, 0xfb, 0x9f, 0xfb, 0x9f, 0xfb, 0x9f, 0xfb, 0x9f, 0xfb, 0x9f, 0xfb, 0x9f, 0xfb, 0x9f, 0xfb, 0x9f, 0xfb, 0x9f, 0xfb, 0x9f, 0xfb, 0x9f, 0xfb, 0x97, 0xfb, 0x97, 0xfb, 0x9f, 0xfb, 0x9f,
  0xfb, 0x97, 0xfb, 0x97, 0xfb, 0x97, 0xfb, 0x97, 0xfb, 0x97, 0xfb, 0x97, 0xfb, 0x97, 0xfb, 0x97, 0xfb, 0x97, 0xfb, 0x97, 0xfb, 0x97, 0xfb, 0x97, 0xfb, 0x97, 0xfb, 0x97, 0xfb, 0x97, 0xfb, 0x97,
  0xfb, 0x97, 0xfb, 0x97, 0xfb, 0x97, 0xdb, 0x97, 0xdb, 0x97, 0xdb, 0x97, 0xdb, 0x97, 0xdb, 0x97, 0xdb, 0x97, 0xdb, 0x97, 0xdc, 0x97, 0xdc, 0x97, 0xdc, 0x97, 0xdb, 0x97, 0xdb, 0x97, 0xdc, 0x97,
  0xdc, 0x97, 0xdc, 0x97, 0xdc, 0x97, 0xfc, 0x97, 0x56, 0x76, 0xc3, 0x10, 0x72, 0x19, 0x71, 0x19, 0x71, 0x19, 0x71, 0x19, 0x71, 0x19, 0x71, 0x19, 0x71, 0x19, 0x71, 0x19, 0x71, 0x19, 0x71, 0x19,
  0x5a, 0x2a, 0x5a, 0x2a, 0x5a, 0x2a, 0x5a, 0x2a, 0x5a, 0x2a, 0x3a, 0x2a, 0x3a, 0x2a, 0x3a, 0x2a, 0xda, 0x3a, 0x5a, 0x2a, 0x5b, 0x2a, 0xcb, 0x08, 0x0c, 0x54, 0xfb, 0xaf, 0xf9, 0xa7, 0xfa, 0xa7,
  0xfa, 0xa7, 0xfa, 0xa7, 0xfa, 0xa7, 0xfa, 0xa7, 0xfa, 0xa7, 0xfa, 0xa7, 0xfa, 0xa7, 0xfa, 0xa7, 0xfa, 0xa7, 0xfa, 0xa7, 0xfa, 0xa7, 0xfa, 0xa7, 0xfa, 0xa7, 0xfa, 0xa7, 0xfa, 0xa7, 0xfa, 0xa7,
  0xfa, 0xa7, 0xfa, 0xa7, 0xfa, 0xa7, 0xfa, 0xa7, 0xfa, 0xa7, 0xfa, 0xa7, 0xb9, 0x9f, 0x85, 0x09, 0xfd, 0x3f, 0xda, 0x3f, 0xfb, 0x3f, 0x99, 0x3f, 0xc9, 0x12, 0x14, 0x2e, 0xfb, 0x3f, 0xba, 0x3f,
  0x93, 0x2d, 0x4b, 0x1b, 0x59, 0x37, 0x89, 0x12, 0x0a, 0x1b, 0xa9, 0x12, 0xc9, 0x12, 0x32, 0x2d, 0xfb, 0x3f, 0xdb, 0x3f, 0xba, 0x37, 0x72, 0x2d, 0x2e, 0x54, 0xfc, 0xa7, 0xfa, 0x9f, 0xfa, 0x9f,
  0xfa, 0x9f, 0xfa, 0x9f, 0xfa, 0x9f, 0xfa, 0x9f, 0xfa, 0x9f, 0xfa, 0x9f, 0xdb, 0x9f, 0xdb, 0x9f, 0xdb, 0x9f, 0xfb, 0x9f, 0xfa, 0x9f, 0xfa, 0x9f, 0xfa, 0x9f, 0xfb, 0x9f, 0xfb, 0x9f, 0xfb, 0x9f,
  0xfb, 0x9f, 0xfb, 0x9f, 0xfb, 0x9f, 0xfb, 0x9f, 0xfb, 0x9f, 0xfb, 0x9f, 0xfb, 0x9f, 0xfb, 0x9f, 0xfb, 0x9f, 0xfb, 0x9f, 0xfb, 0x9f, 0xfb, 0x9f, 0xfb, 0x9f, 0xfb, 0x9f, 0xfb, 0x9f, 0xfb, 0x9f,
  0xfb, 0x9f, 0xfb, 0x9f, 0xfb, 0x9f, 0xfb, 0x9f, 0xfb, 0x97, 0xfb, 0x97, 0xfb, 0x97, 0xfb, 0x9f, 0xfb, 0x9f, 0xfb, 0x97, 0xfb, 0x97, 0xfb, 0x97, 0xfb, 0x97, 0xfb, 0x97, 0xfb, 0x97, 0xfb, 0x97,
  0xfb, 0x97, 0xfb, 0x97, 0xfb, 0x97, 0xfb, 0x97, 0xfb, 0x97, 0xfb, 0x97, 0xfb, 0x97, 0xfb, 0x97, 0xfb, 0x97, 0xfb, 0x97, 0xfb, 0x97, 0xfb, 0x97, 0xdb, 0x97, 0xdb, 0x97, 0xdb, 0x97, 0xdb, 0x97,
  0xdb, 0x97, 0xdb, 0x97, 0xdb, 0x97, 0xdb, 0x97, 0xdc, 0x97, 0xdc, 0x97, 0xdb, 0x97, 0xdb, 0x97, 0xdb, 0x97, 0xdc, 0x97, 0xdc, 0x97, 0xdc, 0x97, 0xdc, 0x97, 0xdc, 0x97, 0xdc, 0x97, 0xdc, 0x97,
  0xdc, 0x97, 0xdc, 0x97, 0xdc, 0x97, 0xdc, 0x97, 0xdc, 0x97, 0xdc, 0x97, 0xdc, 0x97, 0xdc, 0x8f, 0xdc, 0x8f, 0xdc, 0x8f, 0xdc, 0x97, 0xdc, 0x97, 0xdc, 0x8f, 0xdc, 0x8f, 0xdc, 0x8f, 0xdc, 0x8f,
  0xdc, 0x8f, 0xfe, 0x97, 0x6d, 0x3b, 0x68, 0x43, 0xf4, 0x97, 0x93, 0x8f, 0xf4, 0x97, 0x6b, 0x54, 0x09, 0x11, 0x93, 0x19, 0xd5, 0x21, 0xd5, 0x21, 0xd5, 0x21, 0xd5, 0x21, 0xd5, 0x21, 0xd5, 0x21,
  0xd6, 0x21, 0x6d, 0x21, 0x10, 0x3b, 0x5c, 0x55, 0xbf, 0x55, 0xdf, 0x5d, 0xfb, 0x4c, 0x6b, 0x2a, 0x71, 0x75, 0xfb, 0xaf, 0xfa, 0xa7, 0xfa, 0xa7, 0xfa, 0xa7, 0xfb, 0xaf, 0xcc, 0x4b, 0x52, 0x25,
  0xfb, 0x3f, 0xda, 0x3f, 0xda, 0x3f, 0xda, 0x3f, 0xfc, 0x3f, 0x4b, 0x1b, 0xc6, 0x09, 0x55, 0x2e, 0xfb, 0x3f, 0xfb, 0x3f, 0xb3, 0x2d, 0x82, 0x00, 0x31, 0x25, 0xfb, 0x3f, 0xe7, 0x11, 0xc2, 0x08,
  0x68, 0x12, 0x61, 0x00, 0x0a, 0x1b, 0x79, 0x37, 0xda, 0x3f, 0xa5, 0x09, 0x68, 0x12, 0xf7, 0x36, 0xfb, 0x3f, 0xda, 0x3f, 0xda, 0x3f, 0xda, 0x3f, 0xda, 0x3f, 0xda, 0x3f, 0xda, 0x3f, 0xfc, 0x3f,
  0xb0, 0x1c, 0x31, 0x5d, 0x99, 0x9f, 0xfb, 0xa7, 0xfa, 0x9f, 0xfa, 0x9f, 0xfa, 0x9f, 0xfa, 0x9f, 0xfa, 0x9f, 0xfa, 0x9f, 0xfa, 0x9f, 0xfa, 0x9f, 0xdb, 0x9f, 0xdb, 0x9f, 0xdb, 0x9f, 0xfb, 0x9f,
  0xfa, 0x9f, 0xfa, 0x9f, 0xfa, 0x9f, 0xfb, 0x9f, 0xfb, 0x9f, 0xfb, 0x9f, 0xfb, 0x9f, 0xfb, 0x9f, 0xfb, 0x9f, 0xfb, 0x9f, 0xfb, 0x9f, 0xfb, 0x9f, 0xfb, 0x9f, 0xfb, 0x9f, 0xfb, 0x9f, 0xfb, 0x9f,
  0xfb, 0x9f, 0xfb, 0x9f, 0xfb, 0x9f, 0xfb, 0x9f, 0xfb, 0x9f, 0xfb, 0x9f, 0xfb, 0x9f, 0xfb, 0x9f, 0xfb, 0x9f, 0xfb, 0x97, 0xfb, 0x97, 0xfb, 0x97, 0xfb, 0x9f, 0xfb, 0x9f, 0xfb, 0x97, 0xfb, 0x97,
  0xfb, 0x97, 0xfb, 0x97, 0xfb, 0x97, 0xfb, 0x97, 0xfb, 0x97, 0xfb, 0x97, 0xfb, 0x97, 0xfb, 0x97, 0xfb, 0x97, 0xfb, 0x97, 0xfb, 0x97, 0xfb, 0x97, 0xfb, 0x97, 0xfb, 0x97, 0xfb, 0x97, 0xfb, 0x97,
  0xdb, 0x97, 0xdb, 0x97, 0xdb, 0x97, 0xdb, 0x97, 0xdb, 0x97, 0xdb, 0x97, 0xdb, 0x97, 0xdb, 0x97, 0xdc, 0x97, 0xdc, 0x97, 0xdb, 0x97, 0xdb, 0x97, 0xdc, 0x97, 0xdc, 0x97, 0xdc, 0x97, 0xdc, 0x97,
  0xdc, 0x97, 0xdc, 0x97, 0xdc, 0x97, 0xfc, 0x97, 0x56, 0x76, 0xc3, 0x10, 0x72, 0x19, 0x71, 0x19, 0x71, 0x19, 0x71, 0x19, 0x71, 0x19, 0x71, 0x19, 0x71, 0x19, 0x71, 0x19, 0x71, 0x19, 0x71, 0x19,
  0x5a, 0x2a, 0x5a, 0x2a, 0x5a, 0x2a, 0x3a, 0x2a, 0x3a, 0x2a, 0x5a, 0x2a, 0x5a, 0x2a, 0x3a, 0x22, 0xda, 0x3a, 0x5a, 0x2a, 0x5b, 0x2a, 0xcb, 0x08, 0x0c, 0x54, 0xfb, 0xaf, 0xfa, 0xa7, 0xfa, 0xa7,
  0xfa, 0xa7, 0xfa, 0xa7, 0xfa, 0xa7, 0xfa, 0xa7, 0xfa, 0xa7, 0xfa, 0xa7, 0xfa, 0xa7, 0xfa, 0xa7, 0xfa, 0xa7, 0xfa, 0xa7, 0xfa, 0xa7, 0xfa, 0xa7, 0xfa, 0xa7, 0xfa, 0xa7, 0xfa, 0xa7, 0xfa, 0xa7,
  0xfa, 0xa7, 0xfa, 0xa7, 0xfa, 0xa7, 0xfa, 0xa7, 0xfa, 0xa7, 0xfa, 0xa7, 0xb9, 0x9f, 0x44, 0x09, 0xfd, 0x3f, 0xfc, 0x3f, 0xfb, 0x3f, 0xfc, 0x3f, 0xfd, 0x3f, 0xfc, 0x3f, 0xfb, 0x3f, 0xfc, 0x3f,
  0xfc, 0x3f, 0xfd, 0x3f, 0xfc, 0x3f, 0xfd, 0x3f, 0xfd, 0x3f, 0xfd, 0x3f, 0xfd, 0x3f, 0xfc, 0x3f, 0xfb, 0x3f, 0xfc, 0x3f, 0xda, 0x3f, 0xd0, 0x24, 0x4e, 0x54, 0xfc, 0xa7, 0xfa, 0x9f, 0xfa, 0x9f,
  0xfa, 0x9f, 0xfa, 0x9f, 0xfa, 0x9f, 0xfa, 0x9f, 0xdb, 0x9f, 0xdb, 0x9f, 0xfb, 0x9f, 0xfb, 0x9f, 0xfa, 0x9f, 0xfa, 0x9f, 0xfb, 0x9f, 0xfb, 0x9f, 0xfb, 0x9f, 0xfb, 0x9f, 0xfb, 0x9f, 0xfb, 0x9f,
  0xfb, 0x9f, 0xfb, 0x9f, 0xfb, 0x9f, 0xfb, 0x9f, 0xfb, 0x9f, 0xfb, 0x9f, 0xfb, 0x9f, 0xfb, 0x9f, 0xfb, 0x9f, 0xfb, 0x9f, 0xfb, 0x9f, 0xfb, 0x9f, 0xfb, 0x9f, 0xfb, 0x9f, 0xfb, 0x9f, 0xfb, 0x9f,
  0xfb, 0x9f, 0xfb, 0x9f, 0xfb, 0x97, 0xfb, 0x97, 0xfb, 0x9f, 0xfb, 0x9f, 0xfb, 0x97, 0xfb, 0x97, 0xfb, 0x97, 0xfb, 0x97, 0xfb, 0x97, 0xfb, 0x97, 0xfb, 0x97, 0xfb, 0x97, 0xfb, 0x97, 0xfb, 0x97,
  0xfb, 0x97, 0xfb, 0x97, 0xfb, 0x97, 0xfb, 0x97, 0xfb, 0x97, 0xfb, 0x97, 0xfb, 0x97, 0xfb, 0x97, 0xfb, 0x97, 0xfb, 0x97, 0xdb, 0x97, 0xdb, 0x97, 0xdb, 0x97, 0xdb, 0x97, 0xdb, 0x97, 0xdb, 0x97,
  0xdb, 0x97, 0xdc, 0x97, 0xdc, 0x97, 0xdc, 0x97, 0xdb, 0x97, 0xdb, 0x97, 0xdc, 0x97, 0xdc, 0x97, 0xdc, 0x97, 0xdc, 0x97, 0xdc, 0x97, 0xdc, 0x97, 0xdc, 0x97, 0xdc, 0x97, 0xdc, 0x97, 0xdc, 0x97,
  0xdc, 0x97, 0xdc, 0x97, 0xdc, 0x97, 0xdc, 0x97, 0xdc, 0x97, 0xdc, 0x8f, 0xdc, 0x8f, 0xdc, 0x97, 0xdc, 0x97, 0xdc, 0x8f, 0xdc, 0x8f, 0xdc, 0x8f, 0xdc, 0x8f, 0xdc, 0x8f, 0xdc, 0x8f, 0xdc, 0x8f,
  0xdc, 0x8f, 0xfe, 0x97, 0x6d, 0x3b, 0x68, 0x3b, 0xf4, 0x97, 0x93, 0x8f, 0xf4, 0x8f, 0x6b, 0x54, 0x09, 0x11, 0x93, 0x19, 0xd5, 0x21, 0xd5, 0x21, 0xd5, 0x21, 0xd5, 0x21, 0xd5, 0x21, 0xd5, 0x21,
  0xd6, 0x21, 0x6d, 0x21, 0x10, 0x3b, 0x5c, 0x55, 0xbf, 0x5d, 0xdf, 0x5d, 0xfb, 0x4c, 0x6b, 0x2a, 0x71, 0x75, 0xfb, 0xaf, 0xfa, 0xa7, 0xfa, 0xa7, 0xfa, 0xa7, 0xfb, 0xaf, 0xcc, 0x4b, 0x52, 0x25,
  0xfb, 0x3f, 0xda, 0x3f, 0xda, 0x3f, 0xda, 0x3f, 0xfc, 0x3f, 0x6b, 0x1b, 0x44, 0x09, 0x35, 0x2e, 0xfb, 0x3f, 0xfc, 0x3f, 0x31, 0x25, 0xa2, 0x08, 0x72, 0x2d, 0xfb, 0x3f, 0xc6, 0x11, 0xea, 0x1a,
  0xba, 0x3f, 0x4e, 0x24, 0xe3, 0x08, 0xb3, 0x2d, 0xda, 0x3f, 0xa5, 0x09, 0x68, 0x12, 0xf7, 0x36, 0xfb, 0x3f, 0xda, 0x3f, 0xda, 0x3f, 0xda, 0x3f, 0xda, 0x3f, 0xda, 0x3f, 0xda, 0x3f, 0xfc, 0x3f,
  0xb0, 0x1c, 0x31, 0x5d, 0x99, 0x9f, 0xfb, 0x9f, 0xfa, 0x9f, 0xfa, 0x9f, 0xfa, 0x9f, 0xfa, 0x9f, 0xfa, 0x9f, 0xfa, 0x9f, 0xdb, 0x9f, 0xdb, 0x9f, 0xfb, 0x9f, 0xfb, 0x9f, 0xfa, 0x9f, 0xfa, 0x9f,
  0xfb, 0x9f, 0xfb, 0x9f, 0xfb, 0x9f, 0xfb, 0x9f, 0xfb, 0x9f, 0xfb, 0x9f, 0xfb, 0x9f, 0xfb, 0x9f, 0xfb, 0x9f, 0xfb, 0x9f, 0xfb, 0x9f, 0xfb, 0x9f, 0xfb, 0x9f, 0xfb, 0x9f, 0xfb, 0x9f, 0xfb, 0x9f,
  0xfb, 0x9f, 0xfb, 0x9f, 0xfb, 0x9f, 0xfb, 0x9f, 0xfb, 0x9f, 0xfb, 0x9f, 0xfb, 0x9f, 0xfb, 0x97, 0xfb, 0x97, 0xfb, 0x9f, 0xfb, 0x9f, 0xfb, 0x97, 0xfb, 0x97, 0xfb, 0x97, 0xfb, 0x97, 0xfb, 0x97,
  0xfb, 0x97, 0xfb, 0x97, 0xfb, 0x97, 0xfb, 0x97, 0xfb, 0x97, 0xfb, 0x97, 0xfb, 0x97, 0xfb, 0x97, 0xfb, 0x97, 0xfb, 0x97, 0xfb, 0x97, 0xfb, 0x97, 0xfb, 0x97, 0xfb, 0x97, 0xdb, 0x97, 0xdb, 0x97,
  0xdb, 0x97, 0xdb, 0x97, 0xdb, 0x97, 0xdb, 0x97, 0xdb, 0x97, 0xdb, 0x97, 0xdc, 0x97, 0xdc, 0x97, 0xdb, 0x97, 0xdb, 0x97, 0xdc, 0x97, 0xdc, 0x97, 0xdc, 0x97, 0xdc, 0x97, 0xdc, 0x97, 0xdc, 0x97,
  0xdc, 0x97, 0xdc, 0x97, 0xdc, 0x97, 0xfd, 0x97, 0x56, 0x76, 0xc3, 0x10, 0x72, 0x19, 0x71, 0x19, 0x71, 0x19, 0x71, 0x19, 0x71, 0x19, 0x71, 0x19, 0x71, 0x19, 0x71, 0x19, 0x71, 0x19, 0x71, 0x19,
  0x3a, 0x2a, 0x3a, 0x2a, 0x3a, 0x2a, 0x3a, 0x2a, 0x3a, 0x2a, 0x3a, 0x2a, 0x39, 0x22, 0x39, 0x22, 0xba, 0x3a, 0x5a, 0x2a, 0x5b, 0x2a, 0xab, 0x08, 0x0c, 0x54, 0xfb, 0xaf, 0xfa, 0xa7, 0xfa, 0xa7,
  0xfa, 0xa7, 0xfa, 0xa7, 0xfa, 0xa7, 0xfa, 0xa7, 0xfa, 0xa7, 0xfa, 0xa7, 0xfa, 0xa7, 0xfa, 0xa7, 0xfa, 0xa7, 0xfa, 0xa7, 0xfa, 0xa7, 0xfa, 0xa7, 0xfa, 0xa7, 0xfa, 0xa7, 0xfa, 0xa7, 0xfa, 0xa7,
  0xfa, 0xa7, 0xfa, 0xa7, 0xfa, 0xa7, 0xfa, 0xa7, 0xfa, 0xa7, 0xfa, 0xa7, 0xda, 0x9f, 0x4b, 0x3b, 0x90, 0x1c, 0x11, 0x25, 0x11, 0x25, 0x11, 0x25, 0x11, 0x25, 0x11, 0x25, 0x11, 0x25, 0x11, 0x25,
  0x11, 0x25, 0x11, 0x25, 0x11, 0x25, 0x11, 0x25, 0x11, 0x25, 0x11, 0x25, 0x11, 0x25, 0x11, 0x25, 0x11, 0x25, 0x11, 0x25, 0xd0, 0x24, 0x8c, 0x2b, 0x75, 0x7e, 0xfb, 0xa7, 0xfa, 0x9f, 0xfa, 0x9f,
  0xfa, 0x9f, 0xdb, 0x9f, 0xdb, 0x9f, 0xdb, 0x9f, 0xfb, 0x9f, 0xfa, 0x9f, 0xfa, 0x9f, 0xfa, 0x9f, 0xfb, 0x9f, 0xfb, 0x9f, 0xfb, 0x9f, 0xfb, 0x9f, 0xfb, 0x9f, 0xfb, 0x9f, 0xfb, 0x9f, 0xfb, 0x9f,
  0xfb, 0x9f, 0xfb, 0x9f, 0xfb, 0x9f, 0xfb, 0x9f, 0xfb, 0x9f, 0xfb, 0x9f, 0xfb, 0x9f, 0xfb, 0x9f, 0xfb, 0x9f, 0xfb, 0x9f, 0xfb, 0x9f, 0xfb, 0x9f, 0xfb, 0x9f, 0xfb, 0x9f, 0xfb, 0x9f, 0xfb, 0x97,
  0xfb, 0x97, 0xfb, 0x97, 0xfb, 0x9f, 0xfb, 0x9f, 0xfb, 0x97, 0xfb, 0x97, 0xfb, 0x97, 0xfb, 0x97, 0xfb, 0x97, 0xfb, 0x97, 0xfb, 0x97, 0xfb, 0x97, 0xfb, 0x97, 0xfb, 0x97, 0xfb, 0x97, 0xfb, 0x97,
  0xfb, 0x97, 0xfb, 0x97, 0xfb, 0x97, 0xfb, 0x97, 0xfb, 0x97, 0xfb, 0x97, 0xfb, 0x97, 0xdb, 0x97, 0xdb, 0x97, 0xdb, 0x97, 0xdb, 0x97, 0xdb, 0x97, 0xdb, 0x97, 0xdb, 0x97, 0xdb, 0x97, 0xdc, 0x97,
  0xdc, 0x97, 0xdb, 0x97, 0xdb, 0x97, 0xdb, 0x97, 0xdc, 0x97, 0xdc, 0x97, 0xdc, 0x97, 0xdc, 0x97, 0xdc, 0x97, 0xdc, 0x97, 0xdc, 0x97, 0xdc, 0x97, 0xdc, 0x97, 0xdc, 0x97, 0xdc, 0x97, 0xdc, 0x97,
  0xdc, 0x97, 0xdc, 0x97, 0xdc, 0x8f, 0xdc, 0x8f, 0xdc, 0x8f, 0xdc, 0x97, 0xdc, 0x97, 0xdc, 0x8f, 0xdc, 0x8f, 0xdc, 0x8f, 0xdc, 0x8f, 0xdc, 0x8f, 0xdc, 0x8f, 0xdc, 0x8f, 0xdc, 0x8f, 0xdc, 0x8f,
  0xdc, 0x8f, 0xfe, 0x97, 0x6c, 0x3b, 0x68, 0x3b, 0xf4, 0x97, 0x93, 0x87, 0xf4, 0x8f, 0x6b, 0x54, 0x09, 0x11, 0x93, 0x19, 0xd5, 0x21, 0xb5, 0x21, 0xb5, 0x21, 0xb5, 0x21, 0xb5, 0x21, 0xb5, 0x21,
  0xd6, 0x21, 0x6d, 0x21, 0x10, 0x3b, 0x5c, 0x55, 0xbf, 0x5d, 0xdf, 0x5d, 0x1b, 0x4d, 0x6b, 0x2a, 0x71, 0x75, 0xfb, 0xaf, 0xfa, 0xa7, 0xfa, 0xa7, 0xfa, 0xa7, 0xfb, 0xaf, 0xcc, 0x4b, 0x52, 0x25,
  0xfb, 0x3f, 0xda, 0x3f, 0xda, 0x3f, 0xda, 0x3f, 0xfc, 0x3f, 0xb0, 0x24, 0xa2, 0x08, 0x6f, 0x24, 0xfb, 0x3f, 0xba, 0x3f, 0xea, 0x1a, 0x85, 0x09, 0x35, 0x2e, 0xfb, 0x3f, 0xc6, 0x11, 0xa9, 0x12,
  0x39, 0x37, 0xf7, 0x36, 0x24, 0x09, 0xac, 0x1b, 0x59, 0x37, 0xa6, 0x11, 0x89, 0x12, 0x59, 0x37, 0xfc, 0x3f, 0xfc, 0x3f, 0xfb, 0x3f, 0xda, 0x3f, 0xda, 0x3f, 0xda, 0x3f, 0xda, 0x3f, 0xfc, 0x3f,
  0xd0, 0x1c, 0x11, 0x5d, 0x99, 0x9f, 0xfb, 0x9f, 0xfa, 0x9f, 0xfa, 0x9f, 0xfa, 0x9f, 0xfa, 0x9f, 0xdb, 0x9f, 0xdb, 0x9f, 0xfb, 0x9f, 0xfa, 0x9f, 0xfa, 0x9f, 0xfa, 0x9f, 0xfb, 0x9f, 0xfb, 0x9f,
  0xfb, 0x9f, 0xfb, 0x9f, 0xfb, 0x9f, 0xfb, 0x9f, 0xfb, 0x9f, 0xfb, 0x9f, 0xfb, 0x9f, 0xfb, 0x9f, 0xfb, 0x9f, 0xfb, 0x9f, 0xfb, 0x9f, 0xfb, 0x9f, 0xfb, 0x9f, 0xfb, 0x9f, 0xfb, 0x9f, 0xfb, 0x9f,
  0xfb, 0x9f, 0xfb, 0x9f, 0xfb, 0x9f, 0xfb, 0x9f, 0xfb, 0x97, 0xfb, 0x97, 0xfb, 0x97, 0xfb, 0x9f, 0xfb, 0x9f, 0xfb, 0x97, 0xfb, 0x97, 0xfb, 0x97, 0xfb, 0x97, 0xfb, 0x97, 0xfb, 0x97, 0xfb, 0x97,
  0xfb, 0x97, 0xfb, 0x97, 0xfb, 0x97, 0xfb, 0x97, 0xfb, 0x97, 0xfb, 0x97, 0xfb, 0x97, 0xfb, 0x97, 0xfb, 0x97, 0xfb, 0x97, 0xfb, 0x97, 0xdb, 0x97, 0xdb, 0x97, 0xdb, 0x97, 0xdb, 0x97, 0xdb, 0x97,
  0xdb, 0x97, 0xdb, 0x97, 0xdb, 0x97, 0xdc, 0x97, 0xdc, 0x97, 0xdc, 0x97, 0xdb, 0x97, 0xdc, 0x97, 0xdc, 0x97, 0xdc, 0x97, 0xdc, 0x97, 0xdc, 0x97, 0xdc, 0x97, 0xdc, 0x97, 0xdc, 0x97, 0xdc, 0x97,
  0xdc, 0x97, 0xdc, 0x97, 0xdc, 0x97, 0xfd, 0x97, 0x56, 0x76, 0xe3, 0x10, 0x52, 0x19, 0x51, 0x19, 0x51, 0x19, 0x51, 0x19, 0x51, 0x19, 0x71, 0x19, 0x50, 0x19, 0x50, 0x19, 0x50, 0x19, 0x50, 0x19,
  0x7a, 0x32, 0x7a, 0x32, 0x7a, 0x32, 0x7a, 0x32, 0x9a, 0x32, 0x9a, 0x32, 0x9a, 0x32, 0x7a, 0x32, 0xda, 0x3a, 0x9a, 0x32, 0x9b, 0x32, 0xcb, 0x10, 0xec, 0x53, 0xfb, 0xaf, 0xfa, 0xa7, 0xfa, 0xa7,
  0xfa, 0xa7, 0xfa, 0xa7, 0xfa, 0xa7, 0xfa, 0xa7, 0xfa, 0xa7, 0xfa, 0xa7, 0xfa, 0xa7, 0xfa, 0xa7, 0xfa, 0xa7, 0xfa, 0xa7, 0xfa, 0xa7, 0xfa, 0xa7, 0xfa, 0xa7, 0xfa, 0xa7, 0xfa, 0xa7, 0xfa, 0xa7,
  0xfa, 0xa7, 0xfa, 0xa7, 0xfa, 0xa7, 0xfa, 0xa7, 0xfa, 0xa7, 0xfa, 0xa7, 0xfa, 0xa7, 0x17, 0x8f, 0x8c, 0x43, 0x2e, 0x54, 0x2e, 0x54, 0x2e, 0x54, 0x2e, 0x54, 0x2e, 0x54, 0x2e, 0x4c, 0x2e, 0x4c,
  0x2e, 0x4c, 0x2e, 0x4c, 0x2e, 0x4c, 0x2e, 0x4c, 0x2e, 0x4c, 0x2e, 0x4c, 0x2e, 0x4c, 0x2e, 0x4c, 0x2e, 0x4c, 0x0e, 0x4c, 0x2e, 0x4c, 0x72, 0x6d, 0xfc, 0xaf, 0xfa, 0x9f, 0xfa, 0x9f, 0xdb, 0x9f,
  0xdb, 0x9f, 0xfb, 0x9f, 0xfb, 0x9f, 0xfa, 0x9f, 0xfa, 0x9f, 0xfb, 0x9f, 0xfb, 0x9f, 0xfb, 0x9f, 0xfb, 0x9f, 0xfb, 0x9f, 0xfb, 0x9f, 0xfb, 0x9f, 0xfb, 0x9f, 0xfb, 0x9f, 0xfb, 0x9f, 0xfb, 0x9f,
  0xfb, 0x9f, 0xfb, 0x9f, 0xfb, 0x9f, 0xfb, 0x9f, 0xfb, 0x9f, 0xfb, 0x9f, 0xfb, 0x9f, 0xfb, 0x9f, 0xfb, 0x9f, 0xfb, 0x9f, 0xfb, 0x9f, 0xfb, 0x9f, 0xfb, 0x9f, 0xfb, 0x97, 0xfb, 0x97, 0xfb, 0x9f,
  0xfb, 0x9f, 0xfb, 0x97, 0xfb, 0x97, 0xfb, 0x97, 0xfb, 0x97, 0xfb, 0x97, 0xfb, 0x97, 0xfb, 0x97, 0xfb, 0x97, 0xfb, 0x97, 0xfb, 0x97, 0xfb, 0x97, 0xfb, 0x97, 0xfb, 0x97, 0xfb, 0x97, 0xfb, 0x97,
  0xfb, 0x97, 0xfb, 0x97, 0xfb, 0x97, 0xfb, 0x97, 0xfb, 0x97, 0xdb, 0x97, 0xdb, 0x97, 0xdb, 0x97, 0xdb, 0x97, 0xdb, 0x97, 0xdb, 0x97, 0xdb, 0x97, 0xdb, 0x97, 0xdc, 0x97, 0xdc, 0x97, 0xdb, 0x97,
  0xdb, 0x97, 0xdc, 0x97, 0xdc, 0x97, 0xdc, 0x97, 0xdc, 0x97, 0xdc, 0x97, 0xdc, 0x97, 0xdc, 0x97, 0xdc, 0x97, 0xdc, 0x97, 0xdc, 0x97, 0xdc, 0x97, 0xdc, 0x97, 0xdc, 0x97, 0xdc, 0x97, 0xdc, 0x97,
  0xdc, 0x8f, 0xdc, 0x8f, 0xdc, 0x97, 0xdc, 0x97, 0xdc, 0x8f, 0xdc, 0x8f, 0xdc, 0x8f, 0xdc, 0x8f, 0xdc, 0x8f, 0xdc, 0x8f, 0xdc, 0x8f, 0xdc, 0x8f, 0xdc, 0x8f, 0xdc, 0x8f, 0xdc, 0x8f, 0xdc, 0x8f,
  0xdc, 0x8f, 0xfe, 0x97, 0x6d, 0x3b, 0x68, 0x3b, 0xf4, 0x8f, 0x93, 0x87, 0xf4, 0x8f, 0x6b, 0x4c, 0x29, 0x19, 0xd3, 0x29, 0x16, 0x2a, 0x15, 0x2a, 0x15, 0x2a, 0x15, 0x2a, 0x15, 0x2a, 0x15, 0x2a,
  0x16, 0x2a, 0x8d, 0x29, 0x10, 0x3b, 0x5c, 0x55, 0xdf, 0x5d, 0xdf, 0x5d, 0x1b, 0x4d, 0x6b, 0x2a, 0x71, 0x75, 0xfb, 0xaf, 0xfa, 0xa7, 0xfa, 0xa7, 0xfa, 0xa7, 0xfb, 0xaf, 0xac, 0x4b, 0x52, 0x25,
  0xfc, 0x3f, 0xda, 0x3f, 0xda, 0x3f, 0xda, 0x3f, 0xfb, 0x3f, 0x38, 0x37, 0x0a, 0x1b, 0x85, 0x09, 0x8c, 0x1b, 0xea, 0x12, 0x03, 0x09, 0x2e, 0x1c, 0x79, 0x37, 0xba, 0x3f, 0x65, 0x09, 0x68, 0x12,
  0xf8, 0x36, 0xfc, 0x3f, 0x4b, 0x1b, 0x65, 0x09, 0xd4, 0x2d, 0x85, 0x09, 0xc3, 0x08, 0x8c, 0x1b, 0x0e, 0x1c, 0x2e, 0x24, 0xf7, 0x36, 0xfb, 0x3f, 0xda, 0x3f, 0xda, 0x3f, 0xda, 0x3f, 0xfc, 0x3f,
  0x2e, 0x1c, 0x52, 0x65, 0xb9, 0x9f, 0xfb, 0x9f, 0xfa, 0x9f, 0xdb, 0x9f, 0xdb, 0x9f, 0xdb, 0x9f, 0xfb, 0x9f, 0xfa, 0x9f, 0xfa, 0x9f, 0xfb, 0x9f, 0xfb, 0x9f, 0xfb, 0x9f, 0xfb, 0x9f, 0xfb, 0x9f,
  0xfb, 0x9f, 0xfb, 0x9f, 0xfb, 0x9f, 0xfb, 0x9f, 0xfb, 0x9f, 0xfb, 0x9f, 0xfb, 0x9f, 0xfb, 0x9f, 0xfb, 0x9f, 0xfb, 0x9f, 0xfb, 0x9f, 0xfb, 0x9f, 0xfb, 0x9f, 0xfb, 0x9f, 0xfb, 0x9f, 0xfb, 0x9f,
  0xfb, 0x9f, 0xfb, 0x9f, 0xfb, 0x97, 0xfb, 0x97, 0xfb, 0x9f, 0xfb, 0x9f, 0xfb, 0x97, 0xfb, 0x97, 0xfb, 0x97, 0xfb, 0x97, 0xfb, 0x97, 0xfb, 0x97, 0xfb, 0x97, 0xfb, 0x97, 0xfb, 0x97, 0xfb, 0x97,
  0xfb, 0x97, 0xfb, 0x97, 0xfb, 0x97, 0xfb, 0x97, 0xfb, 0x97, 0xfb, 0x97, 0xfb, 0x97, 0xfb, 0x97, 0xfb, 0x97, 0xdb, 0x97, 0xdb, 0x97, 0xdb, 0x97, 0xdb, 0x97, 0xdb, 0x97, 0xdb, 0x97, 0xdb, 0x97,
  0xdb, 0x97, 0xdc, 0x97, 0xdc, 0x97, 0xdb, 0x97, 0xdb, 0x97, 0xdc, 0x97, 0xdc, 0x97, 0xdc, 0x97, 0xdc, 0x97, 0xdc, 0x97, 0xdc, 0x97, 0xdc, 0x97, 0xdc, 0x97, 0xdc, 0x97, 0xdc, 0x97, 0xdc, 0x97,
  0xdc, 0x97, 0xdc, 0x97, 0xdc, 0x97, 0xfd, 0x97, 0x56, 0x76, 0xc3, 0x10, 0xb2, 0x29, 0xb1, 0x29, 0xb1, 0x29, 0xb1, 0x21, 0xb1, 0x21, 0xb1, 0x21, 0xb1, 0x21, 0xb1, 0x21, 0xb1, 0x21, 0xb1, 0x21,
  0x9a, 0x32, 0x9a, 0x32, 0x9a, 0x32, 0x9a, 0x32, 0x9a, 0x32, 0x9a, 0x32, 0x9a, 0x32, 0x9a, 0x32, 0xda, 0x3a, 0x9a, 0x32, 0xbb, 0x32, 0xeb, 0x10, 0xec, 0x53, 0xfb, 0xaf, 0xfa, 0xa7, 0xfa, 0xa7,
  0xfa, 0xa7, 0xfa, 0xa7, 0xfa, 0xa7, 0xfa, 0xa7, 0xfa, 0xa7, 0xfa, 0xa7, 0xfa, 0xa7, 0xfa, 0xa7, 0xfa, 0xa7, 0xfa, 0xa7, 0xfa, 0xa7, 0xfa, 0xa7, 0xfa, 0xa7, 0xfa, 0xa7, 0xfa, 0xa7, 0xfa, 0xa7,
  0xfa, 0xa7, 0xfa, 0xa7, 0xfa, 0xa7, 0xfa, 0xa7, 0xfa, 0xa7, 0xfa, 0xa7, 0xfa, 0xa7, 0xfb, 0xa7, 0xfc, 0xaf, 0xfb, 0xaf, 0xfb, 0xaf, 0xfb, 0xaf, 0xfc, 0xaf, 0xfc, 0xaf, 0xfc, 0xaf, 0xfc, 0xaf,
  0xfc, 0xaf, 0xfc, 0xa7, 0xfc, 0xaf, 0xfc, 0xa7, 0xfc, 0xa7, 0xfc, 0xa7, 0xfc, 0xa7, 0xfc, 0xa7, 0xfc, 0xa7, 0xfc, 0xa7, 0xfc, 0xa7, 0xfb, 0xa7, 0xdb, 0x9f, 0xdb, 0x9f, 0xdb, 0x9f, 0xfb, 0x9f,
  0xfa, 0x9f, 0xfa, 0x9f, 0xfa, 0x9f, 0xfb, 0x9f, 0xfb, 0x9f, 0xfb, 0x9f, 0xfb, 0x9f, 0xfb, 0x9f, 0xfb, 0x9f, 0xfb, 0x9f, 0xfb, 0x9f, 0xfb, 0x9f, 0xfb, 0x9f, 0xfb, 0x9f, 0xfb, 0x9f, 0xfb, 0x9f,
  0xfb, 0x9f, 0xfb, 0x9f, 0xfb, 0x9f, 0xfb, 0x9f, 0xfb, 0x9f, 0xfb, 0x9f, 0xfb, 0x9f, 0xfb, 0x9f, 0xfb, 0x9f, 0xfb, 0x9f, 0xfb, 0x97, 0xfb, 0x97, 0xfb, 0x97, 0xfb, 0x9f, 0xfb, 0x9f, 0xfb, 0x97,
  0xfb, 0x97, 0xfb, 0x97, 0xfb, 0x97, 0xfb, 0x97, 0xfb, 0x97, 0xfb, 0x97, 0xfb, 0x97, 0xfb, 0x97, 0xfb, 0x97, 0xfb, 0x97, 0xfb, 0x97, 0xfb, 0x97, 0xfb, 0x97, 0xfb, 0x97, 0xfb, 0x97, 0xfb, 0x97,
  0xfb, 0x97, 0xfb, 0x97, 0xdb, 0x97, 0xdb, 0x97, 0xdb, 0x97, 0xdb, 0x97, 0xdb, 0x97, 0xdb, 0x97, 0xdb, 0x97, 0xdb, 0x97, 0xdc, 0x97, 0xdc, 0x97, 0xdc, 0x97, 0xdb, 0x97, 0xdb, 0x97, 0xdc, 0x97,
  0xdc, 0x97, 0xdc, 0x97, 0xdc, 0x97, 0xdc, 0x97, 0xdc, 0x97, 0xdc, 0x97, 0xdc, 0x97, 0xdc, 0x97, 0xdc, 0x97, 0xdc, 0x97, 0xdc, 0x97, 0xdc, 0x97, 0xdc, 0x97, 0xdc, 0x8f, 0xdc, 0x8f, 0xdc, 0x8f,
  0xdc, 0x97, 0xdc, 0x97, 0xdc, 0x8f, 0xdc, 0x8f, 0xdc, 0x8f, 0xdc, 0x8f, 0xdc, 0x8f, 0xdc, 0x8f, 0xdc, 0x8f, 0xdc, 0x8f, 0xdc, 0x8f, 0xdc, 0x8f, 0xdc, 0x8f, 0xdc, 0x8f, 0xdc, 0x8f, 0xdc, 0x8f,
  0xdc, 0x8f, 0xfe, 0x97, 0x6d, 0x3b, 0x68, 0x3b, 0xf4, 0x8f, 0x93, 0x87, 0xf4, 0x8f, 0x6b, 0x4c, 0x2a, 0x19, 0xf3, 0x29, 0x36, 0x32, 0x35, 0x2a, 0x35, 0x2a, 0x35, 0x2a, 0x35, 0x2a, 0x15, 0x2a,
  0x36, 0x2a, 0x8d, 0x29, 0x10, 0x3b, 0x5c, 0x55, 0xdf, 0x5d, 0xdf, 0x5d, 0x1b, 0x55, 0x6b, 0x2a, 0x71, 0x75, 0xfb, 0xaf, 0xfa, 0xa7, 0xfa, 0xa7, 0xfa, 0xa7, 0xfb, 0xaf, 0xcd, 0x4b, 0x6f, 0x24,
  0xdb, 0x3f, 0xfc, 0x3f, 0xfc, 0x3f, 0xfc, 0x3f, 0xfc, 0x3f, 0xfc, 0x3f, 0x59, 0x37, 0x6f, 0x24, 0x2b, 0x1b, 0x2b, 0x1b, 0xf1, 0x24, 0xba, 0x3f, 0xfc, 0x3f, 0xfb, 0x3f, 0xd0, 0x24, 0x52, 0x25,
  0xba, 0x3f, 0xfd, 0x3f, 0x96, 0x36, 0x4e, 0x24, 0x96, 0x36, 0xf0, 0x24, 0x6c, 0x1b, 0x4b, 0x1b, 0x2b, 0x1b, 0x6b, 0x1b, 0xf8, 0x36, 0xfc, 0x3f, 0xfc, 0x3f, 0xfc, 0x3f, 0xfc, 0x3f, 0xfb, 0x3f,
  0x68, 0x0a, 0xb3, 0x6d, 0xfb, 0x9f, 0xfb, 0x9f, 0xdb, 0x9f, 0xfb, 0x9f, 0xfa, 0x9f, 0xfa, 0x9f, 0xfa, 0x9f, 0xfb, 0x9f, 0xfb, 0x9f, 0xfb, 0x9f, 0xfb, 0x9f, 0xfb, 0x9f, 0xfb, 0x9f, 0xfb, 0x9f,
  0xfb, 0x9f, 0xfb, 0x9f, 0xfb, 0x9f, 0xfb, 0x9f, 0xfb, 0x9f, 0xfb, 0x9f, 0xfb, 0x9f, 0xfb, 0x9f, 0xfb, 0x9f, 0xfb, 0x9f, 0xfb, 0x9f, 0xfb, 0x9f, 0xfb, 0x9f, 0xfb, 0x9f, 0xfb, 0x9f, 0xfb, 0x97,
  0xfb, 0x97, 0xfb, 0x97, 0xfb, 0x9f, 0xfb, 0x9f, 0xfb, 0x97, 0xfb, 0x97, 0xfb, 0x97, 0xfb, 0x97, 0xfb, 0x97, 0xfb, 0x97, 0xfb, 0x97, 0xfb, 0x97, 0xfb, 0x97, 0xfb, 0x97, 0xfb, 0x97, 0xfb, 0x97,
  0xfb, 0x97, 0xfb, 0x97, 0xfb, 0x97, 0xfb, 0x97, 0xfb, 0x97, 0xfb, 0x97, 0xfb, 0x97, 0xdb, 0x97, 0xdb, 0x97, 0xdb, 0x97, 0xdb, 0x97, 0xdb, 0x97, 0xdb, 0x97, 0xdb, 0x97, 0xdc, 0x97, 0xdc, 0x97,
  0xdc, 0x97, 0xdb, 0x97, 0xdc, 0x97, 0xdc, 0x97, 0xdc, 0x97, 0xdc, 0x97, 0xdc, 0x97, 0xdc, 0x97, 0xdc, 0x97, 0xdc, 0x97, 0xdc, 0x97, 0xdc, 0x97, 0xdc, 0x97, 0xdc, 0x97, 0xdc, 0x97, 0xdc, 0x97,
  0xdc, 0x97, 0xdc, 0x8f, 0xdc, 0x8f, 0xfd, 0x97, 0x56, 0x76, 0xc3, 0x10, 0xd2, 0x29, 0xd1, 0x29, 0xd1, 0x29, 0xb1, 0x29, 0xb1, 0x29, 0xb1, 0x29, 0xb1, 0x29, 0xb1, 0x29, 0xb1, 0x29, 0xb1, 0x29,
  0x39, 0x22, 0x39, 0x22, 0x39, 0x22, 0x39, 0x22, 0x39, 0x22, 0x39, 0x22, 0x39, 0x22, 0x39, 0x22, 0xba, 0x3a, 0x39, 0x2a, 0x5a, 0x2a, 0xab, 0x08, 0x0c, 0x54, 0xfb, 0xaf, 0xfa, 0xa7, 0xfa, 0xa7,
  0xfa, 0xa7, 0xfa, 0xa7, 0xfa, 0xa7, 0xfa, 0xa7, 0xfa, 0xa7, 0xfa, 0xa7, 0xfa, 0xa7, 0xfa, 0xa7, 0xfa, 0xa7, 0xfa, 0xa7, 0xfa, 0xa7, 0xfa, 0xa7, 0xfa, 0xa7, 0xfa, 0xa7, 0xfa, 0xa7, 0xfa, 0xa7,
  0xfa, 0xa7, 0xfa, 0xa7, 0xfa, 0xa7, 0xfa, 0xa7, 0xfa, 0xa7, 0xfa, 0x9f, 0xfa, 0x9f, 0xfa, 0xa7, 0xfa, 0xa7, 0xfa, 0x9f, 0xfa, 0x9f, 0xfa, 0x9f, 0xfa, 0x9f, 0xfa, 0x9f, 0xfa, 0x9f, 0xfa, 0x9f,
  0xfa, 0x9f, 0xfa, 0x9f, 0xfa, 0x9f, 0xfa, 0x9f, 0xfa, 0x9f, 0xfa, 0x9f, 0xfa, 0x9f, 0xfa, 0x9f, 0xfa, 0x9f, 0xfa, 0x9f, 0xdb, 0x9f, 0xdb, 0x9f, 0xfb, 0x9f, 0xfb, 0x9f, 0xfa, 0x9f, 0xfa, 0x9f,
  0xfb, 0x9f, 0xfb, 0x9f, 0xfb, 0x9f, 0xfb, 0x9f, 0xfb, 0x9f, 0xfb, 0x9f, 0xfb, 0x9f, 0xfb, 0x9f, 0xfb, 0x9f, 0xfb, 0x9f, 0xfb, 0x9f, 0xfb, 0x9f, 0xfb, 0x9f, 0xfb, 0x9f, 0xfb, 0x9f, 0xfb, 0x9f,
  0xfb, 0x9f, 0xfb, 0x9f, 0xfb, 0x9f, 0xfb, 0x9f, 0xfb, 0x9f, 0xfb, 0x9f, 0xfb, 0x9f, 0xfb, 0x9f, 0xfb, 0x97, 0xfb, 0x97, 0xfb, 0x9f, 0xfb, 0x9f, 0xfb, 0x97, 0xfb, 0x97, 0xfb, 0x97, 0xfb, 0x97,
  0xfb, 0x97, 0xfb, 0x97, 0xfb, 0x97, 0xfb, 0x97, 0xfb, 0x97, 0xfb, 0x97, 0xfb, 0x97, 0xfb, 0x97, 0xfb, 0x97, 0xfb, 0x97, 0xfb, 0x97, 0xfb, 0x97, 0xfb, 0x97, 0xfb, 0x97, 0xfb, 0x97, 0xfb, 0x97,
  0xdb, 0x97, 0xdb, 0x97, 0xdb, 0x97, 0xdb, 0x97, 0xdb, 0x97, 0xdb, 0x97, 0xdb, 0x97, 0xdb, 0x97, 0xdc, 0x97, 0xdc, 0x97, 0xdb, 0x97, 0xdb, 0x97, 0xdc, 0x97, 0xdc, 0x97, 0xdc, 0x97, 0xdc, 0x97,
  0xdc, 0x97, 0xdc, 0x97, 0xdc, 0x97, 0xdc, 0x97, 0xdc, 0x97, 0xdc, 0x97, 0xdc, 0x97, 0xdc, 0x97, 0xdc, 0x97, 0xdc, 0x97, 0xdc, 0x97, 0xdc, 0x8f, 0xdc, 0x8f, 0xdc, 0x97, 0xdc, 0x97, 0xdc, 0x97,
  0xdc, 0x8f, 0xdc, 0x8f, 0xdc, 0x8f, 0xdc, 0x8f, 0xdc, 0x8f, 0xdc, 0x8f, 0xdc, 0x8f, 0xdc, 0x8f, 0xdc, 0x8f, 0xdc, 0x8f, 0xdc, 0x8f, 0xdc, 0x8f, 0xdc, 0x8f, 0xdc, 0x8f, 0xdc, 0x8f, 0xdc, 0x8f,
  0xdc, 0x8f, 0xfe, 0x97, 0x6d, 0x3b, 0x68, 0x3b, 0xf4, 0x8f, 0x93, 0x87, 0xf4, 0x8f, 0x6b, 0x4c, 0x09, 0x11, 0x93, 0x19, 0xd5, 0x21, 0xb5, 0x21, 0xb4, 0x21, 0xb4, 0x21, 0xb4, 0x21, 0xb4, 0x21,
  0xb5, 0x21, 0x6c, 0x21, 0x30, 0x3b, 0x5c, 0x55, 0xdf, 0x5d, 0xdf, 0x5d, 0x1b, 0x55, 0x6b, 0x2a, 0x71, 0x75, 0xfb, 0xaf, 0xfa, 0xa7, 0xfa, 0xa7, 0xfa, 0xa7, 0xfb, 0xa7, 0x34, 0x7e, 0x8c, 0x33,
  0xed, 0x1b, 0xd0, 0x24, 0xf0, 0x24, 0xf0, 0x24, 0xf0, 0x24, 0xf0, 0x24, 0x11, 0x25, 0x52, 0x25, 0x72, 0x25, 0x72, 0x25, 0x52, 0x25, 0xf1, 0x24, 0xf0, 0x24, 0xf1, 0x24, 0x52, 0x25, 0x31, 0x25,
  0xf1, 0x24, 0xf0, 0x24, 0x11, 0x25, 0x52, 0x25, 0x11, 0x25, 0x52, 0x25, 0x72, 0x25, 0x72, 0x25, 0x72, 0x25, 0x52, 0x25, 0x11, 0x25, 0xf0, 0x24, 0xf0, 0x24, 0xf0, 0x24, 0xf1, 0x24, 0x4e, 0x1c,
  0xea, 0x2a, 0xb7, 0x86, 0xfb, 0xa7, 0xfb, 0x9f, 0xfa, 0x9f, 0xfa, 0x9f, 0xfb, 0x9f, 0xfb, 0x9f, 0xfb, 0x9f, 0xfb, 0x9f, 0xfb, 0x9f, 0xfb, 0x9f, 0xfb, 0x9f, 0xfb, 0x9f, 0xfb, 0x9f, 0xfb, 0x9f,
  0xfb, 0x9f, 0xfb, 0x9f, 0xfb, 0x9f, 0xfb, 0x9f, 0xfb, 0x9f, 0xfb, 0x9f, 0xfb, 0x9f, 0xfb, 0x9f, 0xfb, 0x9f, 0xfb, 0x9f, 0xfb, 0x9f, 0xfb, 0x9f, 0xfb, 0x9f, 0xfb, 0x97, 0xfb, 0x97, 0xfb, 0x9f,
  0xfb, 0x9f, 0xfb, 0x97, 0xfb, 0x97, 0xfb, 0x97, 0xfb, 0x97, 0xfb, 0x97, 0xfb, 0x97, 0xfb, 0x97, 0xfb, 0x97, 0xfb, 0x97, 0xfb, 0x97, 0xfb, 0x97, 0xfb, 0x97, 0xfb, 0x97, 0xfb, 0x97, 0xfb, 0x97,
  0xfb, 0x97, 0xfb, 0x97, 0xfb, 0x97, 0xfb, 0x97, 0xdb, 0x97, 0xdb, 0x97, 0xdb, 0x97, 0xdb, 0x97, 0xdb, 0x97, 0xdb, 0x97, 0xdb, 0x97, 0xdb, 0x97, 0xdc, 0x97, 0xdc, 0x97, 0xdb, 0x97, 0xdb, 0x97,
  0xdc, 0x97, 0xdc, 0x97, 0xdc, 0x97, 0xdc, 0x97, 0xdc, 0x97, 0xdc, 0x97, 0xdc, 0x97, 0xdc, 0x97, 0xdc, 0x97, 0xdc, 0x97, 0xdc, 0x97, 0xdc, 0x97, 0xdc, 0x97, 0xdc, 0x97, 0xdc, 0x8f, 0xdc, 0x8f,
  0xdc, 0x8f, 0xdc, 0x97, 0xdc, 0x97, 0xfd, 0x97, 0x56, 0x76, 0xc3, 0x10, 0x51, 0x19, 0x50, 0x19, 0x50, 0x19, 0x50, 0x19, 0x50, 0x19, 0x50, 0x19, 0x50, 0x19, 0x50, 0x19, 0x50, 0x19, 0x50, 0x19,
  0x39, 0x2a, 0x39, 0x2a, 0x39, 0x2a, 0x39, 0x2a, 0x39, 0x2a, 0x39, 0x2a, 0x39, 0x2a, 0x39, 0x22, 0xba, 0x3a, 0x59, 0x2a, 0x5a, 0x2a, 0xab, 0x08, 0x0c, 0x54, 0xfb, 0xaf, 0xfa, 0xa7, 0xfa, 0xa7,
  0xfa, 0xa7, 0xfa, 0xa7, 0xfa, 0xa7, 0xfa, 0xa7, 0xfa, 0xa7, 0xfa, 0xa7, 0xfa, 0xa7, 0xfa, 0xa7, 0xfa, 0xa7, 0xfa, 0xa7, 0xfa, 0xa7, 0xfa, 0xa7, 0xfa, 0xa7, 0xfa, 0xa7, 0xfa, 0xa7, 0xfa, 0xa7,
  0xfa, 0xa7, 0xfa, 0xa7, 0xfa, 0x9f, 0xfa, 0x9f, 0xfa, 0x9f, 0xfa, 0xa7, 0xfa, 0xa7, 0xfa, 0x9f, 0xfa, 0x9f, 0xfa, 0x9f, 0xfa, 0x9f, 0xfa, 0x9f, 0xfa, 0x9f, 0xfa, 0x9f, 0xfa, 0x9f, 0xfa, 0x9f,
  0xfa, 0x9f, 0xfa, 0x9f, 0xfa, 0x9f, 0xfa, 0x9f, 0xfa, 0x9f, 0xfa, 0x9f, 0xfa, 0x9f, 0xdb, 0x9f, 0xdb, 0x9f, 0xdb, 0x9f, 0xfb, 0x9f, 0xfa, 0x9f, 0xfa, 0x9f, 0xfa, 0x9f, 0xfb, 0x9f, 0xfb, 0x9f,
  0xfb, 0x9f, 0xfb, 0x9f, 0xfb, 0x9f, 0xfb, 0x9f, 0xfb, 0x9f, 0xfb, 0x9f, 0xfb, 0x9f, 0xfb, 0x9f, 0xfb, 0x9f, 0xfb, 0x9f, 0xfb, 0x9f, 0xfb, 0x9f, 0xfb, 0x9f, 0xfb, 0x9f, 0xfb, 0x9f, 0xfb, 0x9f,
  0xfb, 0x9f, 0xfb, 0x9f, 0xfb, 0x9f, 0xfb, 0x9f, 0xfb, 0x9f, 0xfb, 0x97, 0xfb, 0x97, 0xfb, 0x97, 0xfb, 0x9f, 0xfb, 0x9f, 0xfb, 0x97, 0xfb, 0x97, 0xfb, 0x97, 0xfb, 0x97, 0xfb, 0x97, 0xfb, 0x97,
  0xfb, 0x97, 0xfb, 0x97, 0xfb, 0x97, 0xfb, 0x97, 0xfb, 0x97, 0xfb, 0x97, 0xfb, 0x97, 0xfb, 0x97, 0xfb, 0x97, 0xfb, 0x97, 0xfb, 0x97, 0xfb, 0x97, 0xfb, 0x97, 0xdb, 0x97, 0xdb, 0x97, 0xdb, 0x97,
  0xdb, 0x97, 0xdb, 0x97, 0xdb, 0x97, 0xdb, 0x97, 0xdb, 0x97, 0xdc, 0x97, 0xdc, 0x97, 0xdc, 0x97, 0xdb, 0x97, 0xdb, 0x97, 0xdc, 0x97, 0xdc, 0x97, 0xdc, 0x97, 0xdc, 0x97, 0xdc, 0x97, 0xdc, 0x97,
  0xdc, 0x97, 0xdc, 0x97, 0xdc, 0x97, 0xdc, 0x97, 0xdc, 0x97, 0xdc, 0x97, 0xdc, 0x97, 0xdc, 0x97, 0xdc, 0x8f, 0xdc, 0x8f, 0xdc, 0x8f, 0xdc, 0x97, 0xdc, 0x97, 0xdc, 0x8f, 0xdc, 0x8f, 0xdc, 0x8f,
  0xdc, 0x8f, 0xdc, 0x8f, 0xdc, 0x8f, 0xdc, 0x8f, 0xdc, 0x8f, 0xdc, 0x8f, 0xdc, 0x8f, 0xdc, 0x8f, 0xdc, 0x8f, 0xdc, 0x8f, 0xdc, 0x8f, 0xdc, 0x8f, 0xdc, 0x8f, 0xdc, 0x8f, 0xdc, 0x8f, 0xdc, 0x8f,
  0xdc, 0x8f, 0xfe, 0x97, 0x6d, 0x3b, 0x68, 0x3b, 0xf4, 0x8f, 0x93, 0x87, 0xf4, 0x8f, 0x6b, 0x4c, 0x09, 0x11, 0x93, 0x19, 0xd5, 0x21, 0xd4, 0x21, 0xd5, 0x21, 0xb4, 0x21, 0xb4, 0x21, 0xd4, 0x21,
  0xd5, 0x21, 0x6c, 0x21, 0x30, 0x43, 0x5c, 0x5d, 0xdf, 0x5d, 0xdf, 0x5d, 0x1b, 0x55, 0x6b, 0x2a, 0x71, 0x75, 0xfb, 0xaf, 0xfa, 0xa7, 0xfa, 0xa7, 0xfa, 0xa7, 0xfa, 0xa7, 0xfb, 0xa7, 0xd3, 0x75,
  0xed, 0x53, 0x2e, 0x54, 0x4e, 0x54, 0x4e, 0x54, 0x4e, 0x54, 0x4e, 0x54, 0x4e, 0x54, 0x4e, 0x54, 0x4e, 0x54, 0x4e, 0x54, 0x4e, 0x54, 0x4e, 0x54, 0x4e, 0x54, 0x4e, 0x54, 0x4e, 0x54, 0x4e, 0x54,
  0x4e, 0x54, 0x4e, 0x54, 0x4e, 0x54, 0x4e, 0x54, 0x4e, 0x54, 0x4e, 0x54, 0x4e, 0x54, 0x4e, 0x54, 0x4e, 0x54, 0x4e, 0x54, 0x4e, 0x54, 0x4e, 0x54, 0x4e, 0x54, 0x4e, 0x54, 0x2e, 0x54, 0x2e, 0x4c,
  0x96, 0x86, 0xda, 0x9f, 0xfb, 0x9f, 0xfa, 0x9f, 0xfb, 0x9f, 0xfb, 0x9f, 0xfb, 0x9f, 0xfb, 0x9f, 0xfb, 0x9f, 0xfb, 0x9f, 0xfb, 0x9f, 0xfb, 0x9f, 0xfb, 0x9f, 0xfb, 0x9f, 0xfb, 0x9f, 0xfb, 0x9f,
  0xfb, 0x9f, 0xfb, 0x9f, 0xfb, 0x9f, 0xfb, 0x9f, 0xfb, 0x9f, 0xfb, 0x9f, 0xfb, 0x9f, 0xfb, 0x9f, 0xfb, 0x9f, 0xfb, 0x9f, 0xfb, 0x9f, 0xfb, 0x97, 0xfb, 0x97, 0xfb, 0x9f, 0xfb, 0x9f, 0xfb, 0x97,
  0xfb, 0x97, 0xfb, 0x97, 0xfb, 0x97, 0xfb, 0x97, 0xfb, 0x97, 0xfb, 0x97, 0xfb, 0x97, 0xfb, 0x97, 0xfb, 0x97, 0xfb, 0x97, 0xfb, 0x97, 0xfb, 0x97, 0xfb, 0x97, 0xfb, 0x97, 0xfb, 0x97, 0xfb, 0x97,
  0xfb, 0x97, 0xfb, 0x97, 0xdb, 0x97, 0xdb, 0x97, 0xdb, 0x97, 0xdb, 0x97, 0xdb, 0x97, 0xdb, 0x97, 0xdb, 0x97, 0xdc, 0x97, 0xdc, 0x97, 0xdc, 0x97, 0xdb, 0x97, 0xdc, 0x97, 0xdc, 0x97, 0xdc, 0x97,
  0xdc, 0x97, 0xdc, 0x97, 0xdc, 0x97, 0xdc, 0x97, 0xdc, 0x97, 0xdc, 0x97, 0xdc, 0x97, 0xdc, 0x97, 0xdc, 0x97, 0xdc, 0x97, 0xdc, 0x97, 0xdc, 0x97, 0xdc, 0x8f, 0xdc, 0x8f, 0xdc, 0x97, 0xdc, 0x97,
  0xdc, 0x8f, 0xdc, 0x8f, 0xdc, 0x8f, 0xfd, 0x97, 0x56, 0x76, 0xc3, 0x10, 0x51, 0x19, 0x71, 0x19, 0x70, 0x19, 0x70, 0x19, 0x70, 0x19, 0x70, 0x19, 0x70, 0x19, 0x70, 0x19, 0x50, 0x19, 0x50, 0x19,
  0x39, 0x2a, 0x39, 0x2a, 0x39, 0x2a, 0x39, 0x2a, 0x39, 0x2a, 0x39, 0x2a, 0x39, 0x2a, 0x39, 0x22, 0xba, 0x3a, 0x39, 0x2a, 0x5a, 0x2a, 0xab, 0x08, 0x0c, 0x54, 0xfb, 0xaf, 0xfa, 0xa7, 0xfa, 0xa7,
  0xfa, 0xa7, 0xfa, 0xa7, 0xfa, 0xa7, 0xfa, 0xa7, 0xfa, 0xa7, 0xfa, 0xa7, 0xfa, 0xa7, 0xfa, 0xa7, 0xfa, 0xa7, 0xfa, 0xa7, 0xfa, 0xa7, 0xfa, 0xa7, 0xfa, 0xa7, 0xfa, 0xa7, 0xfa, 0xa7, 0xfa, 0xa7,
  0xfa, 0x9f, 0xfa, 0x9f, 0xfa, 0xa7, 0xfa, 0xa7, 0xfa, 0x9f, 0xfa, 0x9f, 0xfa, 0x9f, 0xfa, 0x9f, 0xfb, 0xa7, 0xfb, 0xa7, 0xfb, 0xa7, 0xfb, 0xa7, 0xfb, 0xa7, 0xfb, 0xa7, 0xfb, 0xa7, 0xfb, 0xa7,
  0xfb, 0xa7, 0xfb, 0x9f, 0xfb, 0x9f, 0xfb, 0x9f, 0xfb, 0x9f, 0xfb, 0x9f, 0xfb, 0x9f, 0xfb, 0x9f, 0xfb, 0x9f, 0xfb, 0x9f, 0xfb, 0x9f, 0xfb, 0x9f, 0xfb, 0x9f, 0xfb, 0x9f, 0xfb, 0x9f, 0xfb, 0x9f,
  0xfb, 0x9f, 0xfb, 0x9f, 0xfb, 0x9f, 0xfb, 0x9f, 0xfb, 0x9f, 0xfb, 0x9f, 0xfb, 0x9f, 0xfb, 0x9f, 0xfb, 0x9f, 0xfb, 0x9f, 0xfb, 0x9f, 0xfb, 0x9f, 0xfb, 0x9f, 0xfb, 0x9f, 0xfb, 0x9f, 0xfb, 0x9f,
  0xfb, 0x9f, 0xfb, 0x9f, 0xfb, 0x9f, 0xfb, 0x97, 0xfb, 0x97, 0xfb, 0x9f, 0xfb, 0x9f, 0xfb, 0x97, 0xfb, 0x97, 0xfb, 0x97, 0xfb, 0x97, 0xfb, 0x97, 0xfb, 0x97, 0xfb, 0x97, 0xfb, 0x97, 0xfb, 0x97,
  0xfb, 0x97, 0xfb, 0x97, 0xfb, 0x97, 0xfb, 0x97, 0xfb, 0x97, 0xfb, 0x97, 0xfb, 0x97, 0xfb, 0x97, 0xfb, 0x97, 0xfb, 0x97, 0xfb, 0x97, 0xdb, 0x97, 0xdb, 0x97, 0xdb, 0x97, 0xdb, 0x97, 0xdb, 0x97,
  0xdb, 0x97, 0xdb, 0x97, 0xdb, 0x97, 0xdc, 0x97, 0xdc, 0x97, 0xdb, 0x97, 0xdb, 0x97, 0xdc, 0x97, 0xdc, 0x97, 0xdc, 0x97, 0xdc, 0x97, 0xdc, 0x97, 0xdc, 0x97, 0xdc, 0x97, 0xdc, 0x97, 0xdc, 0x97,
  0xdc, 0x97, 0xdc, 0x97, 0xdc, 0x97, 0xdc, 0x97, 0xdc, 0x97, 0xdc, 0x97, 0xdc, 0x8f, 0xdc, 0x8f, 0xdc, 0x97, 0xdc, 0x97, 0xdc, 0x97, 0xdc, 0x8f, 0xdc, 0x8f, 0xdc, 0x8f, 0xdc, 0x8f, 0xdc, 0x8f,
  0xdc, 0x8f, 0xdc, 0x8f, 0xdc, 0x8f, 0xdc, 0x8f, 0xdc, 0x8f, 0xdc, 0x8f, 0xdc, 0x8f, 0xdc, 0x8f, 0xdc, 0x8f, 0xdc, 0x8f, 0xdc, 0x8f, 0xdc, 0x8f, 0xdc, 0x8f, 0xdc, 0x8f, 0xdc, 0x8f, 0xdc, 0x8f,
  0xdc, 0x8f, 0xfe, 0x97, 0x6d, 0x3b, 0x68, 0x3b, 0xf4, 0x8f, 0x93, 0x87, 0xf4, 0x8f, 0x6b, 0x4c, 0x09, 0x11, 0x93, 0x19, 0xd5, 0x21, 0xb4, 0x21, 0xb4, 0x21, 0xd4, 0x21, 0xd4, 0x21, 0xd4, 0x21,
  0xd5, 0x21, 0x6c, 0x21, 0x30, 0x43, 0x7c, 0x5d, 0xdf, 0x5d, 0xdf, 0x65, 0x1b, 0x55, 0x6b, 0x2a, 0x71, 0x75, 0xfb, 0xaf, 0xfa, 0xa7, 0xfa, 0xa7, 0xfa, 0xa7, 0xfa, 0xa7, 0xfa, 0xa7, 0xfb, 0xa7,
  0xfb, 0xaf, 0xfb, 0xaf, 0xfb, 0xaf, 0xfb, 0xaf, 0xfb, 0xaf, 0xfb, 0xaf, 0xfb, 0xaf, 0xfb, 0xaf, 0xfb, 0xaf, 0xfb, 0xaf, 0xfb, 0xaf, 0xfc, 0xaf, 0xfc, 0xaf, 0xfb, 0xaf, 0xfc, 0xaf, 0xfc, 0xaf,
  0xfc, 0xa7, 0xfc, 0xa7, 0xfc, 0xa7, 0xfc, 0xa7, 0xfc, 0xa7, 0xfc, 0xa7, 0xfc, 0xa7, 0xfc, 0xa7, 0xfc, 0xa7, 0xfc, 0xa7, 0xfc, 0xa7, 0xfc, 0xa7, 0xfc, 0xa7, 0xfc, 0xa7, 0xfc, 0xa7, 0xfc, 0xa7,
  0xfb, 0x9f, 0xfb, 0x9f, 0xfb, 0x9f, 0xfb, 0x9f, 0xfb, 0x9f, 0xfb, 0x9f, 0xfb, 0x9f, 0xfb, 0x9f, 0xfb, 0x9f, 0xfb, 0x9f, 0xfb, 0x9f, 0xfb, 0x9f, 0xfb, 0x9f, 0xfb, 0x9f, 0xfb, 0x9f, 0xfb, 0x9f,
  0xfb, 0x9f, 0xfb, 0x9f, 0xfb, 0x9f, 0xfb, 0x9f, 0xfb, 0x9f, 0xfb, 0x9f, 0xfb, 0x9f, 0xfb, 0x9f, 0xfb, 0x97, 0xfb, 0x97, 0xfb, 0x97, 0xfb, 0x9f, 0xfb, 0x97, 0xfb, 0x97, 0xfb, 0x97, 0xfb, 0x97,
  0xfb, 0x97, 0xfb, 0x97, 0xfb, 0x97, 0xfb, 0x97, 0xfb, 0x97, 0xfb, 0x97, 0xfb, 0x97, 0xfb, 0x97, 0xfb, 0x97, 0xfb, 0x97, 0xfb, 0x97, 0xfb, 0x97, 0xfb, 0x97, 0xfb, 0x97, 0xfb, 0x97, 0xdb, 0x97,
  0xdb, 0x97, 0xdb, 0x97, 0xdb, 0x97, 0xdb, 0x97, 0xdb, 0x97, 0xdb, 0x97, 0xdb, 0x97, 0xdc, 0x97, 0xdc, 0x97, 0xdb, 0x97, 0xdb, 0x97, 0xdc, 0x97, 0xdc, 0x97, 0xdc, 0x97, 0xdc, 0x97, 0xdc, 0x97,
  0xdc, 0x97, 0xdc, 0x97, 0xdc, 0x97, 0xdc, 0x97, 0xdc, 0x97, 0xdc, 0x97, 0xdc, 0x97, 0xdc, 0x97, 0xdc, 0x97, 0xdc, 0x8f, 0xdc, 0x8f, 0xdc, 0x8f, 0xdc, 0x97, 0xdc, 0x97, 0xdc, 0x8f, 0xdc, 0x8f,
  0xdc, 0x8f, 0xdc, 0x8f, 0xdc, 0x8f, 0xfd, 0x97, 0x56, 0x76, 0xc3, 0x10, 0x51, 0x19, 0x71, 0x19, 0x70, 0x19, 0x70, 0x19, 0x70, 0x19, 0x50, 0x19, 0x50, 0x19, 0x50, 0x19, 0x50, 0x19, 0x50, 0x19,
  0x39, 0x2a, 0x39, 0x2a, 0x39, 0x2a, 0x39, 0x2a, 0x39, 0x2a, 0x39, 0x2a, 0x39, 0x2a, 0x39, 0x22, 0xba, 0x3a, 0x39, 0x2a, 0x5a, 0x2a, 0xab, 0x08, 0x0c, 0x54, 0xfb, 0xaf, 0xfa, 0xa7, 0xfa, 0xa7,
  0xfa, 0xa7, 0xfa, 0xa7, 0xfa, 0xa7, 0xfa, 0xa7, 0xfa, 0xa7, 0xfa, 0xa7, 0xfa, 0xa7, 0xfa, 0xa7, 0xfa, 0xa7, 0xfa, 0xa7, 0xfa, 0xa7, 0xfa, 0xa7, 0xfa, 0xa7, 0xfa, 0x9f, 0xfa, 0x9f, 0xfa, 0x9f,
  0xfa, 0xa7, 0xfa, 0xa7, 0xfa, 0x9f, 0xfa, 0x9f, 0xfa, 0x9f, 0xfa, 0x9f, 0xfa, 0x9f, 0xfb, 0xa7, 0x58, 0x97, 0x18, 0x97, 0x18, 0x97, 0x18, 0x97, 0x18, 0x97, 0x18, 0x97, 0x18, 0x97, 0x18, 0x97,
  0x18, 0x97, 0x18, 0x97, 0x18, 0x97, 0x18, 0x8f, 0x18, 0x8f, 0x18, 0x97, 0x18, 0x8f, 0x18, 0x8f, 0x18, 0x8f, 0x18, 0x8f, 0x38, 0x97, 0xfb, 0x9f, 0xfb, 0x9f, 0xfb, 0x9f, 0xfb, 0x9f, 0xfb, 0x9f,
  0xfb, 0x9f, 0xfb, 0x9f, 0xfb, 0x9f, 0xfb, 0x9f, 0xfb, 0x9f, 0xfb, 0x9f, 0xfb, 0x9f, 0xfb, 0x9f, 0xfb, 0x9f, 0xfb, 0x9f, 0xfb, 0x9f, 0xfb, 0x9f, 0xfb, 0x9f, 0xfb, 0x9f, 0xfb, 0x9f, 0xfb, 0x9f,
  0xfb, 0x97, 0xfb, 0x97, 0xfb, 0x97, 0xfb, 0x9f, 0xfb, 0x9f, 0xfb, 0x97, 0xfb, 0x97, 0xfb, 0x97, 0xfb, 0x97, 0xfb, 0x97, 0xfb, 0x97, 0xfb, 0x97, 0xfb, 0x97, 0xfb, 0x97, 0xfb, 0x97, 0xfb, 0x97,
  0xfb, 0x97, 0xfb, 0x97, 0xfb, 0x97, 0xfb, 0x97, 0xfb, 0x97, 0xfb, 0x97, 0xfb, 0x97, 0xfb, 0x97, 0xdb, 0x97, 0xdb, 0x97, 0xdb, 0x97, 0xdb, 0x97, 0xdb, 0x97, 0xdb, 0x97, 0xdb, 0x97, 0xdb, 0x97,
  0xdc, 0x97, 0xdc, 0x97, 0xdc, 0x97, 0xdb, 0x97, 0xdb, 0x97, 0xdc, 0x97, 0xdc, 0x97, 0xdc, 0x97, 0xdc, 0x97, 0xdc, 0x97, 0xdc, 0x97, 0xdc, 0x97, 0xdc, 0x97, 0xdc, 0x97, 0xdc, 0x97, 0xdc, 0x97,
  0xdc, 0x97, 0xdc, 0x97, 0xdc, 0x97, 0xdc, 0x97, 0xdc, 0x8f, 0xdc, 0x8f, 0xdc, 0x97, 0xdc, 0x97, 0xdc, 0x8f, 0xdc, 0x8f, 0xdc, 0x8f, 0xdc, 0x8f, 0xdc, 0x8f, 0xdc, 0x8f, 0xdc, 0x8f, 0xdc, 0x8f,
  0xdc, 0x8f, 0xdc, 0x8f, 0xdc, 0x8f, 0xdc, 0x8f, 0xdc, 0x8f, 0xdc, 0x8f, 0xdc, 0x8f, 0xdc, 0x8f, 0xdc, 0x8f, 0xdc, 0x8f, 0xdc, 0x8f, 0xdc, 0x8f, 0xdc, 0x8f, 0xdc, 0x8f, 0xdc, 0x8f, 0xdc, 0x8f,
  0xdc, 0x8f, 0xfe, 0x97, 0x6d, 0x3b, 0x68, 0x3b, 0xf4, 0x8f, 0x93, 0x87, 0xf4, 0x8f, 0x6b, 0x4c, 0x09, 0x11, 0x93, 0x19, 0xd5, 0x21, 0xd4, 0x21, 0xd4, 0x21, 0xd4, 0x21, 0xd4, 0x21, 0xd4, 0x21,
  0xd5, 0x21, 0x6c, 0x21, 0x30, 0x43, 0x7c, 0x5d, 0xdf, 0x65, 0xff, 0x65, 0x1b, 0x55, 0x6b, 0x2a, 0x71, 0x75, 0xfb, 0xaf, 0xfa, 0xa7, 0xfa, 0xa7, 0xfa, 0xa7, 0xfa, 0xa7, 0xfa, 0xa7, 0xfa, 0xa7,
  0xfa, 0xa7, 0xfa, 0xa7, 0xfa, 0xa7, 0xfa, 0xa7, 0xfa, 0x9f, 0xfa, 0x9f, 0xfa, 0x9f, 0xfa, 0xa7, 0xfa, 0xa7, 0xfa, 0x9f, 0xfa, 0x9f, 0xfa, 0x9f, 0xfa, 0x9f, 0xfa, 0x9f, 0xfa, 0x9f, 0xfa, 0x9f,
  0xfa, 0x9f, 0xfa, 0x9f, 0xfa, 0x9f, 0xfa, 0x9f, 0xfa, 0x9f, 0xfa, 0x9f, 0xfa, 0x9f, 0xfa, 0x9f, 0xfa, 0x9f, 0xdb, 0x9f, 0xdb, 0x9f, 0xfb, 0x9f, 0xfa, 0x9f, 0xfa, 0x9f, 0xfa, 0x9f, 0xfb, 0x9f,
  0xfb, 0x9f, 0xfb, 0x9f, 0xfb, 0x9f, 0xfb, 0x9f, 0xfb, 0x9f, 0xfb, 0x9f, 0xfb, 0x9f, 0xfb, 0x9f, 0xfb, 0x9f, 0xfb, 0x9f, 0xfb, 0x9f, 0xfb, 0x9f, 0xfb, 0x9f, 0xfb, 0x9f, 0xfb, 0x9f, 0xfb, 0x9f,
  0xfb, 0x9f, 0xfb, 0x9f, 0xfb, 0x9f, 0xfb, 0x9f, 0xfb, 0x9f, 0xfb, 0x9f, 0xfb, 0x97, 0xfb, 0x97, 0xfb, 0x9f, 0xfb, 0x9f, 0xfb, 0x97, 0xfb, 0x97, 0xfb, 0x97, 0xfb, 0x97, 0xfb, 0x97, 0xfb, 0x97,
  0xfb, 0x97, 0xfb, 0x97, 0xfb, 0x97, 0xfb, 0x97, 0xfb, 0x97, 0xfb, 0x97, 0xfb, 0x97, 0xfb, 0x97, 0xfb, 0x97, 0xfb, 0x97, 0xfb, 0x97, 0xfb, 0x97, 0xfb, 0x97, 0xdb, 0x97, 0xdb, 0x97, 0xdb, 0x97,
  0xdb, 0x97, 0xdb, 0x97, 0xdb, 0x97, 0xdb, 0x97, 0xdc, 0x97, 0xdc, 0x97, 0xdc, 0x97, 0xdb, 0x97, 0xdb, 0x97, 0xdc, 0x97, 0xdc, 0x97, 0xdc, 0x97, 0xdc, 0x97, 0xdc, 0x97, 0xdc, 0x97, 0xdc, 0x97,
  0xdc, 0x97, 0xdc, 0x97, 0xdc, 0x97, 0xdc, 0x97, 0xdc, 0x97, 0xdc, 0x97, 0xdc, 0x97, 0xdc, 0x8f, 0xdc, 0x8f, 0xdc, 0x97, 0xdc, 0x97, 0xdc, 0x8f, 0xdc, 0x8f, 0xdc, 0x8f, 0xdc, 0x8f, 0xdc, 0x8f,
  0xdc, 0x8f, 0xdc, 0x8f, 0xdc, 0x8f, 0xfd, 0x97, 0x56, 0x76, 0xc3, 0x10, 0x51, 0x19, 0x70, 0x19, 0x70, 0x19, 0x50, 0x19, 0x50, 0x19, 0x50, 0x19, 0x50, 0x19, 0x50, 0x19, 0x50, 0x19, 0x50, 0x19,
  0x39, 0x2a, 0x39, 0x2a, 0x39, 0x2a, 0x39, 0x2a, 0x39, 0x2a, 0x39, 0x2a, 0x39, 0x2a, 0x39, 0x22, 0xba, 0x3a, 0x39, 0x2a, 0x5a, 0x2a, 0xab, 0x08, 0x0c, 0x54, 0xfb, 0xaf, 0xfa, 0xa7, 0xfa, 0xa7,
  0xfa, 0xa7, 0xfa, 0xa7, 0xfa, 0xa7, 0xfa, 0xa7, 0xfa, 0xa7, 0xfa, 0xa7, 0xfa, 0xa7, 0xfa, 0xa7, 0xfa, 0xa7, 0xfa, 0xa7, 0xfa, 0xa7, 0xfa, 0x9f, 0xfa, 0x9f, 0xfa, 0xa7, 0xfa, 0xa7, 0xfa, 0x9f,
  0xfa, 0x9f, 0xfa, 0x9f, 0xfa, 0x9f, 0xfa, 0x9f, 0xfa, 0x9f, 0xfa, 0x9f, 0xfa, 0x9f, 0x55, 0x7e, 0xed, 0x43, 0xb0, 0x4c, 0x8f, 0x4c, 0x8f, 0x4c, 0x8f, 0x4c, 0x8f, 0x4c, 0x8f, 0x4c, 0xaf, 0x4c,
  0xb0, 0x4c, 0xb0, 0x4c, 0x8f, 0x4c, 0x8f, 0x4c, 0x8f, 0x4c, 0x8f, 0x4c, 0x8f, 0x4c, 0x8f, 0x4c, 0x8f, 0x4c, 0x90, 0x4c, 0x8f, 0x4c, 0xf1, 0x64, 0xfc, 0xa7, 0xfb, 0x9f, 0xfb, 0x9f, 0xfb, 0x9f,
  0xfb, 0x9f, 0xfb, 0x9f, 0xfb, 0x9f, 0xfb, 0x9f, 0xfb, 0x9f, 0xfb, 0x9f, 0xfb, 0x9f, 0xfb, 0x9f, 0xfb, 0x9f, 0xfb, 0x9f, 0xfb, 0x9f, 0xfb, 0x9f, 0xfb, 0x9f, 0xfb, 0x9f, 0xfb, 0x97, 0xfb, 0x97,
  0xfb, 0x9f, 0xfb, 0x9f, 0xfb, 0x97, 0xfb, 0x97, 0xfb, 0x97, 0xfb, 0x97, 0xfb, 0x97, 0xfb, 0x97, 0xfb, 0x97, 0xfb, 0x97, 0xfb, 0x97, 0xfb, 0x97, 0xfb, 0x97, 0xfb, 0x97, 0xfb, 0x97, 0xfb, 0x97,
  0xfb, 0x97, 0xfb, 0x97, 0xfb, 0x97, 0xfb, 0x97, 0xfb, 0x97, 0xfb, 0x97, 0xdb, 0x97, 0xdb, 0x97, 0xdb, 0x97, 0xdb, 0x97, 0xdb, 0x97, 0xdb, 0x97, 0xdb, 0x97, 0xdb, 0x97, 0xdc, 0x97, 0xdc, 0x97,
  0xdb, 0x97, 0xdb, 0x97, 0xdc, 0x97, 0xdc, 0x97, 0xdc, 0x97, 0xdc, 0x97, 0xdc, 0x97, 0xdc, 0x97, 0xdc, 0x97, 0xdc, 0x97, 0xdc, 0x97, 0xdc, 0x97, 0xdc, 0x97, 0xdc, 0x97, 0xdc, 0x97, 0xdc, 0x97,
  0xdc, 0x97, 0xdc, 0x8f, 0xdc, 0x8f, 0xdc, 0x8f, 0xdc, 0x97, 0xdc, 0x97, 0xdc, 0x8f, 0xdc, 0x8f, 0xdc, 0x8f, 0xdc, 0x8f, 0xdc, 0x8f, 0xdc, 0x8f, 0xdc, 0x8f, 0xdc, 0x8f, 0xdc, 0x8f, 0xdc, 0x8f,
  0xdc, 0x8f, 0xdc, 0x8f, 0xdc, 0x8f, 0xdc, 0x8f, 0xdc, 0x8f, 0xdc, 0x8f, 0xdc, 0x8f, 0xdc, 0x8f, 0xdc, 0x8f, 0xdc, 0x8f, 0xdc, 0x8f, 0xdc, 0x8f, 0xdc, 0x8f, 0xdc, 0x8f, 0xdc, 0x8f, 0xdc, 0x8f,
  0xdc, 0x8f, 0xfe, 0x97, 0x6d, 0x3b, 0x68, 0x3b, 0xf5, 0x8f, 0x93, 0x87, 0xf4, 0x87, 0x6b, 0x4c, 0x09, 0x11, 0x93, 0x19, 0xd5, 0x21, 0xd4, 0x21, 0xd4, 0x21, 0xd4, 0x21, 0xb4, 0x21, 0xb4, 0x21,
  0xb5, 0x21, 0x6c, 0x21, 0x30, 0x43, 0x7c, 0x5d, 0xde, 0x65, 0xff, 0x65, 0x3b, 0x55, 0x6b, 0x2a, 0x71, 0x75, 0xfb, 0xa7, 0xfa, 0xa7, 0xfa, 0xa7, 0xfa, 0xa7, 0xfa, 0xa7, 0xfa, 0xa7, 0xfa, 0xa7,
  0xfa, 0xa7, 0xfa, 0xa7, 0xfa, 0x9f, 0xfa, 0x9f, 0xfa, 0xa7, 0xfa, 0xa7, 0xfa, 0x9f, 0xfa, 0x9f, 0xfa, 0x9f, 0xfa, 0x9f, 0xfa, 0x9f, 0xfa, 0x9f, 0xfa, 0x9f, 0xfa, 0x9f, 0xfa, 0x9f, 0xfa, 0x9f,
  0xfa, 0x9f, 0xfa, 0x9f, 0xfa, 0x9f, 0xfa, 0x9f, 0xfa, 0x9f, 0xfa, 0x9f, 0xdb, 0x9f, 0xdb, 0x9f, 0xdb, 0x9f, 0xfb, 0x9f, 0xfa, 0x9f, 0xfa, 0x9f, 0xfb, 0x9f, 0xfb, 0x9f, 0xfb, 0x9f, 0xfb, 0x9f,
  0xfb, 0x9f, 0xfb, 0x9f, 0xfb, 0x9f, 0xfb, 0x9f, 0xfb, 0x9f, 0xfb, 0x9f, 0xfb, 0x9f, 0xfb, 0x9f, 0xfb, 0x9f, 0xfb, 0x9f, 0xfb, 0x9f, 0xfb, 0x9f, 0xfb, 0x9f, 0xfb, 0x9f, 0xfb, 0x9f, 0xfb, 0x9f,
  0xfb, 0x9f, 0xfb, 0x9f, 0xfb, 0x9f, 0xfb, 0x97, 0xfb, 0x97, 0xfb, 0x97, 0xfb, 0x9f, 0xfb, 0x97, 0xfb, 0x97, 0xfb, 0x97, 0xfb, 0x97, 0xfb, 0x97, 0xfb, 0x97, 0xfb, 0x97, 0xfb, 0x97, 0xfb, 0x97,
  0xfb, 0x97, 0xfb, 0x97, 0xfb, 0x97, 0xfb, 0x97, 0xfb, 0x97, 0xfb, 0x97, 0xfb, 0x97, 0xfb, 0x97, 0xfb, 0x97, 0xfb, 0x97, 0xdb, 0x97, 0xdb, 0x97, 0xdb, 0x97, 0xdb, 0x97, 0xdb, 0x97, 0xdb, 0x97,
  0xdb, 0x97, 0xdb, 0x97, 0xdc, 0x97, 0xdc, 0x97, 0xdb, 0x97, 0xdb, 0x97, 0xdc, 0x97, 0xdc, 0x97, 0xdc, 0x97, 0xdc, 0x97, 0xdc, 0x97, 0xdc, 0x97, 0xdc, 0x97, 0xdc, 0x97, 0xdc, 0x97, 0xdc, 0x97,
  0xdc, 0x97, 0xdc, 0x97, 0xdc, 0x97, 0xdc, 0x97, 0xdc, 0x8f, 0xdc, 0x8f, 0xdc, 0x8f, 0xdc, 0x97, 0xdc, 0x97, 0xdc, 0x8f, 0xdc, 0x8f, 0xdc, 0x8f, 0xdc, 0x8f, 0xdc, 0x8f, 0xdc, 0x8f, 0xdc, 0x8f,
  0xdc, 0x8f, 0xdc, 0x8f, 0xdc, 0x8f, 0xfd, 0x97, 0x56, 0x76, 0xc3, 0x10, 0x51, 0x19, 0x50, 0x19, 0x50, 0x19, 0x50, 0x19, 0x50, 0x19, 0x50, 0x19, 0x50, 0x19, 0x50, 0x19, 0x50, 0x19, 0x50, 0x19,
  0x39, 0x2a, 0x39, 0x2a, 0x39, 0x2a, 0x39, 0x2a, 0x39, 0x2a, 0x39, 0x2a, 0x39, 0x2a, 0x39, 0x22, 0xb9, 0x3a, 0x59, 0x2a, 0x5a, 0x2a, 0xab, 0x08, 0x0c, 0x54, 0xfc, 0xaf, 0xfa, 0xa7, 0xfa, 0xa7,
  0xfa, 0xa7, 0xfa, 0xa7, 0xfa, 0xa7, 0xfa, 0xa7, 0xfa, 0xa7, 0xfa, 0xa7, 0xfa, 0xa7, 0xfa, 0xa7, 0xfa, 0x9f, 0xfa, 0x9f, 0xfa, 0x9f, 0xfa, 0xa7, 0xfa, 0xa7, 0xfa, 0x9f, 0xfa, 0x9f, 0xfa, 0x9f,
  0xfa, 0x9f, 0xfa, 0x9f, 0xfa, 0x9f, 0xfa, 0x9f, 0xfa, 0x9f, 0xfb, 0x9f, 0xba, 0x9f, 0xca, 0x2a, 0xf1, 0x1c, 0xd3, 0x25, 0xb3, 0x25, 0xb3, 0x25, 0xb3, 0x25, 0xb3, 0x25, 0xb3, 0x25, 0xf4, 0x2d,
  0xf1, 0x24, 0x31, 0x25, 0x35, 0x2e, 0xd4, 0x25, 0xb3, 0x25, 0xd3, 0x25, 0xb3, 0x25, 0xb3, 0x25, 0xb3, 0x25, 0xb3, 0x25, 0x52, 0x25, 0x4b, 0x23, 0x35, 0x7e, 0xfc, 0x9f, 0xfb, 0x9f, 0xfb, 0x9f,
  0xfb, 0x9f, 0xfb, 0x9f, 0xfb, 0x9f, 0xfb, 0x9f, 0xfb, 0x9f, 0xfb, 0x9f, 0xfb, 0x9f, 0xfb, 0x9f, 0xfb, 0x9f, 0xfb, 0x9f, 0xfb, 0x9f, 0xfb, 0x97, 0xfb, 0x97, 0xfb, 0x97, 0xfb, 0x9f, 0xfb, 0x9f,
  0xfb, 0x97, 0xfb, 0x97, 0xfb, 0x97, 0xfb, 0x97, 0xfb, 0x97, 0xfb, 0x97, 0xfb, 0x97, 0xfb, 0x97, 0xfb, 0x97, 0xfb, 0x97, 0xfb, 0x97, 0xfb, 0x97, 0xfb, 0x97, 0xfb, 0x97, 0xfb, 0x97, 0xfb, 0x97,
  0xfb, 0x97, 0xfb, 0x97, 0xfb, 0x97, 0xdb, 0x97, 0xdb, 0x97, 0xdb, 0x97, 0xdb, 0x97, 0xdb, 0x97, 0xdb, 0x97, 0xdb, 0x97, 0xdb, 0x97, 0xdc, 0x97, 0xdc, 0x97, 0xdc, 0x97, 0xdb, 0x97, 0xdb, 0x97,
  0xdc, 0x97, 0xdc, 0x97, 0xdc, 0x97, 0xdc, 0x97, 0xdc, 0x97, 0xdc, 0x97, 0xdc, 0x97, 0xdc, 0x97, 0xdc, 0x97, 0xdc, 0x97, 0xdc, 0x97, 0xdc, 0x97, 0xdc, 0x97, 0xdc, 0x97, 0xdc, 0x97, 0xdc, 0x8f,
  0xdc, 0x8f, 0xdc, 0x97, 0xdc, 0x97, 0xdc, 0x8f, 0xdc, 0x8f, 0xdc, 0x8f, 0xdc, 0x8f, 0xdc, 0x8f, 0xdc, 0x8f, 0xdc, 0x8f, 0xdc, 0x8f, 0xdc, 0x8f, 0xdc, 0x8f, 0xdc, 0x8f, 0xdc, 0x8f, 0xdc, 0x8f,
  0xdc, 0x8f, 0xdc, 0x8f, 0xdc, 0x8f, 0xdc, 0x8f, 0xdc, 0x8f, 0xdc, 0x8f, 0xdc, 0x8f, 0xdc, 0x8f, 0xdc, 0x8f, 0xdc, 0x8f, 0xdc, 0x8f, 0xdc, 0x8f, 0xdc, 0x8f, 0xdc, 0x8f, 0xdc, 0x8f, 0xdc, 0x8f,
  0xdc, 0x8f, 0xfe, 0x97, 0x6d, 0x3b, 0x68, 0x3b, 0xf5, 0x8f, 0x94, 0x87, 0xf5, 0x87, 0x6b, 0x4c, 0x09, 0x11, 0x92, 0x19, 0xd4, 0x21, 0xd4, 0x21, 0xb4, 0x21, 0xb4, 0x21, 0xb4, 0x21, 0xb4, 0x21,
  0xb5, 0x21, 0x6c, 0x21, 0x30, 0x43, 0x7c, 0x5d, 0xfe, 0x65, 0xff, 0x65, 0x3b, 0x55, 0x6b, 0x2a, 0x71, 0x75, 0xfb, 0xa7, 0xfa, 0xa7, 0xfa, 0xa7, 0xfa, 0xa7, 0xfa, 0xa7, 0xfa, 0xa7, 0xfa, 0x9f,
  0xfa, 0x9f, 0xfa, 0x9f, 0xfa, 0xa7, 0xfa, 0xa7, 0xfa, 0x9f, 0xfa, 0x9f, 0xfa, 0x9f, 0xfa, 0x9f, 0xfa, 0x9f, 0xfa, 0x9f, 0xfa, 0x9f, 0xfa, 0x9f, 0xfa, 0x9f, 0xfa, 0x9f, 0xfa, 0x9f, 0xfa, 0x9f,
  0xfa, 0x9f, 0xfa, 0x9f, 0xfa, 0x9f, 0xfa, 0x9f, 0xdb, 0x9f, 0xdb, 0x9f, 0xfb, 0x9f, 0xfa, 0x9f, 0xfa, 0x9f, 0xfa, 0x9f, 0xfb, 0x9f, 0xfb, 0x9f, 0xfb, 0x9f, 0xfb, 0x9f, 0xfb, 0x9f, 0xfb, 0x9f,
  0xfb, 0x9f, 0xfb, 0x9f, 0xfb, 0x9f, 0xfb, 0x9f, 0xfb, 0x9f, 0xfb, 0x9f, 0xfb, 0x9f, 0xfb, 0x9f, 0xfb, 0x9f, 0xfb, 0x9f, 0xfb, 0x9f, 0xfb, 0x9f, 0xfb, 0x9f, 0xfb, 0x9f, 0xfb, 0x9f, 0xfb, 0x9f,
  0xfb, 0x9f, 0xfb, 0x97, 0xfb, 0x97, 0xfb, 0x9f, 0xfb, 0x9f, 0xfb, 0x97, 0xfb, 0x97, 0xfb, 0x97, 0xfb, 0x97, 0xfb, 0x97, 0xfb, 0x97, 0xfb, 0x97, 0xfb, 0x97, 0xfb, 0x97, 0xfb, 0x97, 0xfb, 0x97,
  0xfb, 0x97, 0xfb, 0x97, 0xfb, 0x97, 0xfb, 0x97, 0xfb, 0x97, 0xfb, 0x97, 0xfb, 0x97, 0xfb, 0x97, 0xdb, 0x97, 0xdb, 0x97, 0xdb, 0x97, 0xdb, 0x97, 0xdb, 0x97, 0xdb, 0x97, 0xdb, 0x97, 0xdc, 0x97,
  0xdc, 0x97, 0xdc, 0x97, 0xdb, 0x97, 0xdb, 0x97, 0xdc, 0x97, 0xdc, 0x97, 0xdc, 0x97, 0xdc, 0x97, 0xdc, 0x97, 0xdc, 0x97, 0xdc, 0x97, 0xdc, 0x97, 0xdc, 0x97, 0xdc, 0x97, 0xdc, 0x97, 0xdc, 0x97,
  0xdc, 0x97, 0xdc, 0x97, 0xdc, 0x8f, 0xdc, 0x8f, 0xdc, 0x97, 0xdc, 0x97, 0xdc, 0x8f, 0xdc, 0x8f, 0xdc, 0x8f, 0xdc, 0x8f, 0xdc, 0x8f, 0xdc, 0x8f, 0xdc, 0x8f, 0xdc, 0x8f, 0xdc, 0x8f, 0xdc, 0x8f,
  0xdc, 0x8f, 0xdc, 0x8f, 0xdc, 0x8f, 0xfd, 0x97, 0x56, 0x76, 0xc3, 0x10, 0x51, 0x19, 0x50, 0x19, 0x50, 0x19, 0x50, 0x19, 0x50, 0x19, 0x50, 0x19, 0x50, 0x19, 0x50, 0x19, 0x50, 0x19, 0x50, 0x19,
  0x39, 0x2a, 0x39, 0x2a, 0x39, 0x2a, 0x39, 0x2a, 0x39, 0x2a, 0x39, 0x2a, 0x39, 0x2a, 0x39, 0x22, 0xb9, 0x3a, 0x59, 0x2a, 0x5a, 0x2a, 0xab, 0x08, 0x0c, 0x54, 0xfc, 0xaf, 0xfa, 0xa7, 0xfa, 0xa7,
  0xfa, 0xa7, 0xfa, 0xa7, 0xfa, 0xa7, 0xfa, 0xa7, 0xfa, 0xa7, 0xfa, 0xa7, 0xfa, 0x9f, 0xfa, 0x9f, 0xfa, 0xa7, 0xfa, 0xa7, 0xfa, 0x9f, 0xfa, 0x9f, 0xfa, 0x9f, 0xfa, 0x9f, 0xfa, 0x9f, 0xfa, 0x9f,
  0xfa, 0x9f, 0xfa, 0x9f, 0xfa, 0x9f, 0xfa, 0x9f, 0xfa, 0x9f, 0xfb, 0xa7, 0xb9, 0x9f, 0x65, 0x09, 0xfe, 0x3f, 0xfb, 0x3f, 0xfb, 0x3f, 0xfb, 0x3f, 0xfb, 0x3f, 0xfb, 0x3f, 0xfb, 0x3f, 0xb0, 0x24,
  0xea, 0x12, 0x2b, 0x1b, 0xd0, 0x24, 0x38, 0x37, 0xfb, 0x3f, 0x79, 0x37, 0xfc, 0x3f, 0xfb, 0x3f, 0xfb, 0x3f, 0xfb, 0x3f, 0xfb, 0x3f, 0x32, 0x2d, 0x0e, 0x4c, 0xfc, 0xa7, 0xfb, 0x9f, 0xfb, 0x9f,
  0xfb, 0x9f, 0xfb, 0x9f, 0xfb, 0x9f, 0xfb, 0x9f, 0xfb, 0x9f, 0xfb, 0x9f, 0xfb, 0x9f, 0xfb, 0x9f, 0xfb, 0x9f, 0xfb, 0x97, 0xfb, 0x97, 0xfb, 0x9f, 0xfb, 0x9f, 0xfb, 0x9f, 0xfb, 0x97, 0xfb, 0x97,
  0xfb, 0x97, 0xfb, 0x97, 0xfb, 0x97, 0xfb, 0x97, 0xfb, 0x97, 0xfb, 0x97, 0xfb, 0x97, 0xfb, 0x97, 0xfb, 0x97, 0xfb, 0x97, 0xfb, 0x97, 0xfb, 0x97, 0xfb, 0x97, 0xfb, 0x97, 0xfb, 0x97, 0xfb, 0x97,
  0xfb, 0x97, 0xdb, 0x97, 0xdb, 0x97, 0xdb, 0x97, 0xdb, 0x97, 0xdb, 0x97, 0xdb, 0x97, 0xdb, 0x97, 0xdb, 0x97, 0xdc, 0x97, 0xdc, 0x97, 0xdb, 0x97, 0xdb, 0x97, 0xdc, 0x97, 0xdc, 0x97, 0xdc, 0x97,
  0xdc, 0x97, 0xdc, 0x97, 0xdc, 0x97, 0xdc, 0x97, 0xdc, 0x97, 0xdc, 0x97, 0xdc, 0x97, 0xdc, 0x97, 0xdc, 0x97, 0xdc, 0x97, 0xdc, 0x97, 0xdc, 0x97, 0xdc, 0x8f, 0xdc, 0x8f, 0xdc, 0x8f, 0xdc, 0x97,
  0xdc, 0x97, 0xdc, 0x8f, 0xdc, 0x8f, 0xdc, 0x8f, 0xdc, 0x8f, 0xdc, 0x8f, 0xdc, 0x8f, 0xdc, 0x8f, 0xdc, 0x8f, 0xdc, 0x8f, 0xdc, 0x8f, 0xdc, 0x8f, 0xdc, 0x8f, 0xdc, 0x8f, 0xdc, 0x8f, 0xdc, 0x8f,
  0xdc, 0x8f, 0xdc, 0x8f, 0xdc, 0x8f, 0xdc, 0x8f, 0xdc, 0x8f, 0xdc, 0x8f, 0xdc, 0x8f, 0xdc, 0x8f, 0xdc, 0x8f, 0xdc, 0x8f, 0xdc, 0x8f, 0xdc, 0x8f, 0xdc, 0x8f, 0xdc, 0x8f, 0xdc, 0x8f, 0xdc, 0x8f,
  0xdc, 0x8f, 0xfe, 0x97, 0x6d, 0x3b, 0x68, 0x3b, 0xf5, 0x87, 0x94, 0x7f, 0xf5, 0x87, 0x6b, 0x4c, 0x09, 0x11, 0x92, 0x19, 0xd4, 0x21, 0xb4, 0x21, 0xb4, 0x21, 0xb4, 0x21, 0xb4, 0x21, 0xb4, 0x21,
  0xb5, 0x21, 0x6c, 0x21, 0x30, 0x43, 0x7c, 0x5d, 0xfe, 0x65, 0xff, 0x65, 0x3b, 0x55, 0x6b, 0x2a, 0x71, 0x6d, 0xfb, 0xa7, 0xfa, 0xa7, 0xfa, 0xa7, 0xfa, 0xa7, 0xfa, 0x9f, 0xfa, 0x9f, 0xfa, 0xa7,
  0xfa, 0xa7, 0xfa, 0x9f, 0xfa, 0x9f, 0xfa, 0x9f, 0xfa, 0x9f, 0xfa, 0x9f, 0xfa, 0x9f, 0xfa, 0x9f, 0xfa, 0x9f, 0xfa, 0x9f, 0xfa, 0x9f, 0xfa, 0x9f, 0xfa, 0x9f, 0xfa, 0x9f, 0xfa, 0x9f, 0xfa, 0x9f,
  0xfa, 0x9f, 0xdb, 0x9f, 0xdb, 0x9f, 0xdb, 0x9f, 0xfb, 0x9f, 0xfa, 0x9f, 0xfa, 0x9f, 0xfb, 0x9f, 0xfb, 0x9f, 0xfb, 0x9f, 0xfb, 0x9f, 0xfb, 0x9f, 0xfb, 0x9f, 0xfb, 0x9f, 0xfb, 0x9f, 0xfb, 0x9f,
  0xfb, 0x9f, 0xfb, 0x9f, 0xfb, 0x9f, 0xfb, 0x9f, 0xfb, 0x9f, 0xfb, 0x9f, 0xfb, 0x9f, 0xfb, 0x9f, 0xfb, 0x9f, 0xfb, 0x9f, 0xfb, 0x9f, 0xfb, 0x9f, 0xfb, 0x9f, 0xfb, 0x9f, 0xfb, 0x97, 0xfb, 0x97,
  0xfb, 0x97, 0xfb, 0x9f, 0xfb, 0x97, 0xfb, 0x97, 0xfb, 0x97, 0xfb, 0x97, 0xfb, 0x97, 0xfb, 0x97, 0xfb, 0x97, 0xfb, 0x97, 0xfb, 0x97, 0xfb, 0x97, 0xfb, 0x97, 0xfb, 0x97, 0xfb, 0x97, 0xfb, 0x97,
  0xfb, 0x97, 0xfb, 0x97, 0xfb, 0x97, 0xfb, 0x97, 0xfb, 0x97, 0xdb, 0x97, 0xdb, 0x97, 0xdb, 0x97, 0xdb, 0x97, 0xdb, 0x97, 0xdb, 0x97, 0xdb, 0x97, 0xdb, 0x97, 0xdc, 0x97, 0xdc, 0x97, 0xdb, 0x97,
  0xdb, 0x97, 0xdc, 0x97, 0xdc, 0x97, 0xdc, 0x97, 0xdc, 0x97, 0xdc, 0x97, 0xdc, 0x97, 0xdc, 0x97, 0xdc, 0x97, 0xdc, 0x97, 0xdc, 0x97, 0xdc, 0x97, 0xdc, 0x97, 0xdc, 0x97, 0xdc, 0x97, 0xdc, 0x8f,
  0xdc, 0x8f, 0xdc, 0x8f, 0xdc, 0x97, 0xdc, 0x97, 0xdc, 0x8f, 0xdc, 0x8f, 0xdc, 0x8f, 0xdc, 0x8f, 0xdc, 0x8f, 0xdc, 0x8f, 0xdc, 0x8f, 0xdc, 0x8f, 0xdc, 0x8f, 0xdc, 0x8f, 0xdc, 0x8f, 0xdc, 0x8f,
  0xdc, 0x8f, 0xdc, 0x8f, 0xdc, 0x8f, 0xfd, 0x97, 0x56, 0x76, 0xc3, 0x10, 0x51, 0x19, 0x50, 0x19, 0x50, 0x19, 0x50, 0x19, 0x50, 0x19, 0x50, 0x19, 0x50, 0x19, 0x50, 0x19, 0x50, 0x19, 0x50, 0x19,
  0x39, 0x2a, 0x39, 0x2a, 0x39, 0x2a, 0x39, 0x2a, 0x39, 0x2a, 0x39, 0x2a, 0x39, 0x2a, 0x39, 0x22, 0xb9, 0x3a, 0x39, 0x2a, 0x3a, 0x2a, 0xab, 0x08, 0x0c, 0x54, 0xfc, 0xaf, 0xfa, 0xa7, 0xfa, 0xa7,
  0xfa, 0xa7, 0xfa, 0xa7, 0xfa, 0xa7, 0xfa, 0x9f, 0xfa, 0x9f, 0xfa, 0x9f, 0xfa, 0xa7, 0xfa, 0xa7, 0xfa, 0x9f, 0xfa, 0x9f, 0xfa, 0x9f, 0xfa, 0x9f, 0xfa, 0x9f, 0xfa, 0x9f, 0xfa, 0x9f, 0xfa, 0x9f,
  0xfa, 0x9f, 0xfa, 0x9f, 0xfa, 0x9f, 0xfa, 0x9f, 0xfa, 0x9f, 0xfb, 0x9f, 0xba, 0x9f, 0x85, 0x11, 0xfd, 0x3f, 0xda, 0x3f, 0xda, 0x3f, 0xda, 0x3f, 0xda, 0x3f, 0xfb, 0x3f, 0xda, 0x3f, 0xc6, 0x09,
  0x00, 0x00, 0x00, 0x00, 0x20, 0x00, 0xf1, 0x24, 0x52, 0x2d, 0xea, 0x12, 0xb7, 0x36, 0xfb, 0x3f, 0xda, 0x3f, 0xdb, 0x3f, 0xba, 0x37, 0x72, 0x2d, 0x2e, 0x4c, 0xfc, 0xa7, 0xfb, 0x9f, 0xfb, 0x9f,
  0xfb, 0x9f, 0xfb, 0x9f, 0xfb, 0x9f, 0xfb, 0x9f, 0xfb, 0x9f, 0xfb, 0x9f, 0xfb, 0x97, 0xfb, 0x97, 0xfb, 0x97, 0xfb, 0x9f, 0xfb, 0x9f, 0xfb, 0x97, 0xfb, 0x97, 0xfb, 0x97, 0xfb, 0x97, 0xfb, 0x97,
  0xfb, 0x97, 0xfb, 0x97, 0xfb, 0x97, 0xfb, 0x97, 0xfb, 0x97, 0xfb, 0x97, 0xfb, 0x97, 0xfb, 0x97, 0xfb, 0x97, 0xfb, 0x97, 0xfb, 0x97, 0xfb, 0x97, 0xfb, 0x97, 0xfb, 0x97, 0xdb, 0x97, 0xdb, 0x97,
  0xdb, 0x97, 0xdb, 0x97, 0xdb, 0x97, 0xdb, 0x97, 0xdb, 0x97, 0xdb, 0x97, 0xdc, 0x97, 0xdc, 0x97, 0xdc, 0x97, 0xdb, 0x97, 0xdb, 0x97, 0xdc, 0x97, 0xdc, 0x97, 0xdc, 0x97, 0xdc, 0x97, 0xdc, 0x97,
  0xdc, 0x97, 0xdc, 0x97, 0xdc, 0x97, 0xdc, 0x97, 0xdc, 0x97, 0xdc, 0x97, 0xdc, 0x97, 0xdc, 0x97, 0xdc, 0x97, 0xdc, 0x97, 0xdc, 0x8f, 0xdc, 0x8f, 0xdc, 0x97, 0xdc, 0x97, 0xdc, 0x8f, 0xdc, 0x8f,
  0xdc, 0x8f, 0xdc, 0x8f, 0xdc, 0x8f, 0xdc, 0x8f, 0xdc, 0x8f, 0xdc, 0x8f, 0xdc, 0x8f, 0xdc, 0x8f, 0xdc, 0x8f, 0xdc, 0x8f, 0xdc, 0x8f, 0xdc, 0x8f, 0xdc, 0x8f, 0xdc, 0x8f, 0xdc, 0x8f, 0xdc, 0x8f,
  0xdc, 0x8f, 0xdc, 0x8f, 0xdc, 0x8f, 0xdc, 0x8f, 0xdc, 0x8f, 0xdc, 0x8f, 0xdc, 0x8f, 0xdc, 0x8f, 0xdc, 0x8f, 0xdc, 0x8f, 0xdc, 0x8f, 0xdc, 0x8f, 0xdc, 0x8f, 0xdc, 0x8f, 0xdc, 0x8f, 0xdc, 0x8f,
  0xdc, 0x8f, 0xfe, 0x97, 0x6d, 0x3b, 0x68, 0x3b, 0xf5, 0x87, 0x94, 0x7f, 0xf5, 0x87, 0x6b, 0x4c, 0x09, 0x11, 0x92, 0x19, 0xb4, 0x21, 0xb4, 0x21, 0xb4, 0x21, 0xb4, 0x21, 0xb4, 0x21, 0xb4, 0x21,
  0xb5, 0x21, 0x6c, 0x21, 0x30, 0x43, 0x7c, 0x5d, 0xfe, 0x65, 0xff, 0x65, 0x3b, 0x5d, 0x6b, 0x2a, 0x71, 0x6d, 0xfb, 0xa7, 0xfa, 0x9f, 0xfa, 0x9f, 0xfa, 0x9f, 0xfa, 0xa7, 0xfa, 0xa7, 0xfa, 0x9f,
  0xfa, 0x9f, 0xfa, 0x9f, 0xfa, 0x9f, 0xfa, 0x9f, 0xfa, 0x9f, 0xfa, 0x9f, 0xfa, 0x9f, 0xfa, 0x9f, 0xfa, 0x9f, 0xfa, 0x9f, 0xfa, 0x9f, 0xfa, 0x9f, 0xfa, 0x9f, 0xfa, 0x9f, 0xfa, 0x9f, 0xdb, 0x9f,
  0xdb, 0x9f, 0xfb, 0x9f, 0xfa, 0x9f, 0xfa, 0x9f, 0xfa, 0x9f, 0xfb, 0x9f, 0xfb, 0x9f, 0xfb, 0x9f, 0xfb, 0x9f, 0xfb, 0x9f, 0xfb, 0x9f, 0xfb, 0x9f, 0xfb, 0x9f, 0xfb, 0x9f, 0xfb, 0x9f, 0xfb, 0x9f,
  0xfb, 0x9f, 0xfb, 0x9f, 0xfb, 0x9f, 0xfb, 0x9f, 0xfb, 0x9f, 0xfb, 0x9f, 0xfb, 0x9f, 0xfb, 0x9f, 0xfb, 0x9f, 0xfb, 0x9f, 0xfb, 0x9f, 0xfb, 0x9f, 0xfb, 0x97, 0xfb, 0x97, 0xfb, 0x9f, 0xfb, 0x9f,
  0xfb, 0x97, 0xfb, 0x97, 0xfb, 0x97, 0xfb, 0x97, 0xfb, 0x97, 0xfb, 0x97, 0xfb, 0x97, 0xfb, 0x97, 0xfb, 0x97, 0xfb, 0x97, 0xfb, 0x97, 0xfb, 0x97, 0xfb, 0x97, 0xfb, 0x97, 0xfb, 0x97, 0xfb, 0x97,
  0xfb, 0x97, 0xfb, 0x97, 0xfb, 0x97, 0xdb, 0x97, 0xdb, 0x97, 0xdb, 0x97, 0xdb, 0x97, 0xdb, 0x97, 0xdb, 0x97, 0xdb, 0x97, 0xdc, 0x97, 0xdc, 0x97, 0xdc, 0x97, 0xdb, 0x97, 0xdb, 0x97, 0xdc, 0x97,
  0xdc, 0x97, 0xdc, 0x97, 0xdc, 0x97, 0xdc, 0x97, 0xdc, 0x97, 0xdc, 0x97, 0xdc, 0x97, 0xdc, 0x97, 0xdc, 0x97, 0xdc, 0x97, 0xdc, 0x97, 0xdc, 0x97, 0xdc, 0x97, 0xdc, 0x8f, 0xdc, 0x8f, 0xdc, 0x97,
  0xdc, 0x97, 0xdc, 0x8f, 0xdc, 0x8f, 0xdc, 0x8f, 0xdc, 0x8f, 0xdc, 0x8f, 0xdc, 0x8f, 0xdc, 0x8f, 0xdc, 0x8f, 0xdc, 0x8f, 0xdc, 0x8f, 0xdc, 0x8f, 0xdc, 0x8f, 0xdc, 0x8f, 0xdc, 0x8f, 0xdc, 0x8f,
  0xdc, 0x8f, 0xdc, 0x8f, 0xdc, 0x8f, 0xfd, 0x97, 0x56, 0x76, 0xc3, 0x10, 0x51, 0x19, 0x50, 0x19, 0x50, 0x19, 0x50, 0x19, 0x50, 0x19, 0x50, 0x19, 0x50, 0x19, 0x50, 0x19, 0x50, 0x19, 0x50, 0x19,
  0x39, 0x2a, 0x39, 0x2a, 0x39, 0x2a, 0x39, 0x2a, 0x39, 0x2a, 0x39, 0x2a, 0x39, 0x22, 0x19, 0x22, 0xb9, 0x3a, 0x39, 0x2a, 0x3a, 0x2a, 0xab, 0x08, 0x0c, 0x54, 0xfc, 0xaf, 0xfa, 0xa7, 0xfa, 0xa7,
  0xfa, 0xa7, 0xfa, 0x9f, 0xfa, 0x9f, 0xfa, 0xa7, 0xfa, 0xa7, 0xfa, 0x9f, 0xfa, 0x9f, 0xfa, 0x9f, 0xfa, 0x9f, 0xfa, 0x9f, 0xfa, 0x9f, 0xfa, 0x9f, 0xfa, 0x9f, 0xfa, 0x9f, 0xfa, 0x9f, 0xfa, 0x9f,
  0xfa, 0x9f, 0xfa, 0x9f, 0xfa, 0x9f, 0xfa, 0x9f, 0xfa, 0x9f, 0xfb, 0x9f, 0x9a, 0x9f, 0x85, 0x11, 0xfd, 0x3f, 0xda, 0x3f, 0xda, 0x3f, 0xda, 0x3f, 0xfb, 0x3f, 0x79, 0x37, 0xaf, 0x24, 0xcd, 0x1b,
  0xea, 0x12, 0x00, 0x00, 0x41, 0x00, 0x11, 0x25, 0x65, 0x09, 0x00, 0x00, 0xaf, 0x24, 0xfc, 0x3f, 0xda, 0x3f, 0xdb, 0x3f, 0xba, 0x37, 0x52, 0x2d, 0x2e, 0x4c, 0xfc, 0xa7, 0xfb, 0x9f, 0xfb, 0x9f,
  0xfb, 0x9f, 0xfb, 0x9f, 0xfb, 0x9f, 0xfb, 0x9f, 0xfb, 0x97, 0xfb, 0x97, 0xfb, 0x9f, 0xfb, 0x9f, 0xfb, 0x9f, 0xfb, 0x97, 0xfb, 0x97, 0xfb, 0x97, 0xfb, 0x97, 0xfb, 0x97, 0xfb, 0x97, 0xfb, 0x97,
  0xfb, 0x97, 0xfb, 0x97, 0xfb, 0x97, 0xfb, 0x97, 0xfb, 0x97, 0xfb, 0x97, 0xfb, 0x97, 0xfb, 0x97, 0xfb, 0x97, 0xfb, 0x97, 0xfb, 0x97, 0xfb, 0x97, 0xdb, 0x97, 0xdb, 0x97, 0xdb, 0x97, 0xdb, 0x97,
  0xdb, 0x97, 0xdb, 0x97, 0xdb, 0x97, 0xdb, 0x97, 0xdc, 0x97, 0xdc, 0x97, 0xdb, 0x97, 0xdb, 0x97, 0xdc, 0x97, 0xdc, 0x97, 0xdc, 0x97, 0xdc, 0x97, 0xdc, 0x97, 0xdc, 0x97, 0xdc, 0x97, 0xdc, 0x97,
  0xdc, 0x97, 0xdc, 0x97, 0xdc, 0x97, 0xdc, 0x97, 0xdc, 0x97, 0xdc, 0x97, 0xdc, 0x97, 0xdc, 0x8f, 0xdc, 0x8f, 0xdc, 0x97, 0xdc, 0x97, 0xdc, 0x97, 0xdc, 0x8f, 0xdc, 0x8f, 0xdc, 0x8f, 0xdc, 0x8f,
  0xdc, 0x8f, 0xdc, 0x8f, 0xdc, 0x8f, 0xdc, 0x8f, 0xdc, 0x8f, 0xdc, 0x8f, 0xdc, 0x8f, 0xdc, 0x8f, 0xdc, 0x8f, 0xdc, 0x8f, 0xdc, 0x8f, 0xdc, 0x8f, 0xdc, 0x8f, 0xdc, 0x8f, 0xdc, 0x8f, 0xdc, 0x8f,
  0xdc, 0x8f, 0xdc, 0x8f, 0xdc, 0x8f, 0xdc, 0x8f, 0xdc, 0x8f, 0xdc, 0x8f, 0xdc, 0x8f, 0xdc, 0x8f, 0xdc, 0x8f, 0xdc, 0x8f, 0xdc, 0x8f, 0xdc, 0x8f, 0xdc, 0x8f, 0xdc, 0x8f, 0xdc, 0x8f, 0xdc, 0x8f,
  0xdd, 0x8f, 0xfe, 0x97, 0x6d, 0x3b, 0x68, 0x3b, 0xf5, 0x87, 0x94, 0x7f, 0xf5, 0x87, 0x6b, 0x4c, 0x09, 0x11, 0x92, 0x19, 0xb4, 0x21, 0xb4, 0x21, 0xb4, 0x21, 0xb4, 0x21, 0xb4, 0x21, 0xb4, 0x21,
  0xb5, 0x21, 0x6c, 0x21, 0x30, 0x43, 0x7c, 0x5d, 0xfe, 0x65, 0xfe, 0x65, 0x3b, 0x5d, 0x6b, 0x2a, 0x71, 0x6d, 0xfb, 0xa7, 0xfa, 0xa7, 0xfa, 0xa7, 0xfa, 0x9f, 0xfa, 0x9f, 0xfa, 0x9f, 0xfa, 0x9f,
  0xfa, 0x9f, 0xfa, 0x9f, 0xfa, 0x9f, 0xfa, 0x9f, 0xfa, 0x9f, 0xfa, 0x9f, 0xfa, 0x9f, 0xfa, 0x9f, 0xfa, 0x9f, 0xfa, 0x9f, 0xfa, 0x9f, 0xfa, 0x9f, 0xdb, 0x9f, 0xdb, 0x9f, 0xdb, 0x9f, 0xfb, 0x9f,
  0xfa, 0x9f, 0xfa, 0x9f, 0xfb, 0x9f, 0xfb, 0x9f, 0xfb, 0x9f, 0xfb, 0x9f, 0xfb, 0x9f, 0xfb, 0x9f, 0xfb, 0x9f, 0xfb, 0x9f, 0xfb, 0x9f, 0xfb, 0x9f, 0xfb, 0x9f, 0xfb, 0x9f, 0xfb, 0x9f, 0xfb, 0x9f,
  0xfb, 0x9f, 0xfb, 0x9f, 0xfb, 0x9f, 0xfb, 0x9f, 0xfb, 0x9f, 0xfb, 0x9f, 0xfb, 0x9f, 0xfb, 0x9f, 0xfb, 0x9f, 0xfb, 0x97, 0xfb, 0x97, 0xfb, 0x9f, 0xfb, 0x9f, 0xfb, 0x9f, 0xfb, 0x97, 0xfb, 0x97,
  0xfb, 0x97, 0xfb, 0x97, 0xfb, 0x97, 0xfb, 0x97, 0xfb, 0x97, 0xfb, 0x97, 0xfb, 0x97, 0xfb, 0x97, 0xfb, 0x97, 0xfb, 0x97, 0xfb, 0x97, 0xfb, 0x97, 0xfb, 0x97, 0xfb, 0x97, 0xfb, 0x97, 0xfb, 0x97,
  0xdb, 0x97, 0xdb, 0x97, 0xdb, 0x97, 0xdb, 0x97, 0xdb, 0x97, 0xdb, 0x97, 0xdb, 0x97, 0xdb, 0x97, 0xdc, 0x97, 0xdc, 0x97, 0xdb, 0x97, 0xdb, 0x97, 0xdc, 0x97, 0xdc, 0x97, 0xdc, 0x97, 0xdc, 0x97,
  0xdc, 0x97, 0xdc, 0x97, 0xdc, 0x97, 0xdc, 0x97, 0xdc, 0x97, 0xdc, 0x97, 0xdc, 0x97, 0xdc, 0x97, 0xdc, 0x97, 0xdc, 0x97, 0xdc, 0x97, 0xdc, 0x8f, 0xdc, 0x97, 0xdc, 0x97, 0xdc, 0x97, 0xdc, 0x8f,
  0xdc, 0x8f, 0xdc, 0x8f, 0xdc, 0x8f, 0xdc, 0x8f, 0xdc, 0x8f, 0xdc, 0x8f, 0xdc, 0x8f, 0xdc, 0x8f, 0xdc, 0x8f, 0xdc, 0x8f, 0xdc, 0x8f, 0xdc, 0x8f, 0xdc, 0x8f, 0xdc, 0x8f, 0xdc, 0x8f, 0xdc, 0x8f,
  0xdc, 0x8f, 0xdc, 0x8f, 0xdc, 0x8f, 0xfd, 0x97, 0x56, 0x76, 0xc3, 0x10, 0x51, 0x19, 0x50, 0x19, 0x50, 0x19, 0x50, 0x19, 0x50, 0x19, 0x50, 0x19, 0x50, 0x19, 0x50, 0x19, 0x50, 0x19, 0x50, 0x19,
  0x39, 0x2a, 0x39, 0x2a, 0x39, 0x2a, 0x39, 0x22, 0x39, 0x22, 0x39, 0x22, 0x39, 0x2a, 0x19, 0x22, 0xb9, 0x3a, 0x39, 0x2a, 0x3a, 0x2a, 0xab, 0x08, 0x0c, 0x54, 0xfc, 0xaf, 0xfa, 0x9f, 0xfa, 0x9f,
  0xfa, 0x9f, 0xfa, 0xa7, 0xfa, 0xa7, 0xfa, 0x9f, 0xfa, 0x9f, 0xfa, 0x9f, 0xfa, 0x9f, 0xfa, 0x9f, 0xfa, 0x9f, 0xfa, 0x9f, 0xfa, 0x9f, 0xfa, 0x9f, 0xfa, 0x9f, 0xfa, 0x9f, 0xfa, 0x9f, 0xfa, 0x9f,
  0xfa, 0x9f, 0xfa, 0x9f, 0xfa, 0x9f, 0xfa, 0x9f, 0xdb, 0x9f, 0xfb, 0x9f, 0x9a, 0x9f, 0x85, 0x11, 0xfd, 0x3f, 0xda, 0x3f, 0xda, 0x3f, 0xdb, 0x3f, 0xda, 0x3f, 0xed, 0x1b, 0x21, 0x00, 0xc6, 0x11,
  0xed, 0x1b, 0x07, 0x12, 0x24, 0x09, 0xb0, 0x24, 0x00, 0x00, 0x00, 0x00, 0x4b, 0x1b, 0xfc, 0x3f, 0xda, 0x3f, 0xdb, 0x3f, 0xba, 0x37, 0x52, 0x2d, 0x2e, 0x4c, 0xfc, 0xa7, 0xfb, 0x9f, 0xfb, 0x9f,
  0xfb, 0x9f, 0xfb, 0x9f, 0xfb, 0x97, 0xfb, 0x97, 0xfb, 0x9f, 0xfb, 0x9f, 0xfb, 0x97, 0xfb, 0x97, 0xfb, 0x97, 0xfb, 0x97, 0xfb, 0x97, 0xfb, 0x97, 0xfb, 0x97, 0xfb, 0x97, 0xfb, 0x97, 0xfb, 0x97,
  0xfb, 0x97, 0xfb, 0x97, 0xfb, 0x97, 0xfb, 0x97, 0xfb, 0x97, 0xfb, 0x97, 0xfb, 0x97, 0xfb, 0x97, 0xfb, 0x97, 0xfb, 0x97, 0xdb, 0x97, 0xdb, 0x97, 0xdb, 0x97, 0xdb, 0x97, 0xdb, 0x97, 0xdb, 0x97,
  0xdb, 0x97, 0xdc, 0x97, 0xdc, 0x97, 0xdb, 0x97, 0xdb, 0x97, 0xdb, 0x97, 0xdc, 0x97, 0xdc, 0x97, 0xdc, 0x97, 0xdc, 0x97, 0xdc, 0x97, 0xdc, 0x97, 0xdc, 0x97, 0xdc, 0x97, 0xdc, 0x97, 0xdc, 0x97,
  0xdc, 0x97, 0xdc, 0x97, 0xdc, 0x97, 0xdc, 0x97, 0xdc, 0x97, 0xdc, 0x8f, 0xdc, 0x8f, 0xdc, 0x97, 0xdc, 0x97, 0xdc, 0x8f, 0xdc, 0x8f, 0xdc, 0x8f, 0xdc, 0x8f, 0xdc, 0x8f, 0xdc, 0x8f, 0xdc, 0x8f,
  0xdc, 0x8f, 0xdc, 0x8f, 0xdc, 0x8f, 0xdc, 0x8f, 0xdc, 0x8f, 0xdc, 0x8f, 0xdc, 0x8f, 0xdc, 0x8f, 0xdc, 0x8f, 0xdc, 0x8f, 0xdc, 0x8f, 0xdc, 0x8f, 0xdc, 0x8f, 0xdc, 0x8f, 0xdc, 0x8f, 0xdc, 0x8f,
  0xdc, 0x8f, 0xdc, 0x8f, 0xdc, 0x8f, 0xdc, 0x8f, 0xdc, 0x8f, 0xdc, 0x8f, 0xdc, 0x8f, 0xdc, 0x8f, 0xdc, 0x8f, 0xdc, 0x8f, 0xdc, 0x8f, 0xdc, 0x8f, 0xdc, 0x8f, 0xdc, 0x8f, 0xdc, 0x8f, 0xdd, 0x8f,
  0xdc, 0x8f, 0xfe, 0x97, 0x6d, 0x3b, 0x68, 0x3b, 0xf5, 0x87, 0x94, 0x7f, 0xf5, 0x87, 0x6b, 0x4c, 0x09, 0x11, 0x92, 0x19, 0xb4, 0x21, 0xb4, 0x21, 0xb4, 0x21, 0xb4, 0x21, 0xb4, 0x21, 0xb4, 0x21,
  0xb5, 0x21, 0x4c, 0x21, 0x30, 0x43, 0x7c, 0x65, 0xfe, 0x65, 0x1e, 0x66, 0x3b, 0x5d, 0x6b, 0x2a, 0x71, 0x6d, 0xfb, 0xa7, 0xfa, 0x9f, 0xfa, 0x9f, 0xfa, 0x9f, 0xfa, 0x9f, 0xfa, 0x9f, 0xfa, 0x9f,
  0xfa, 0x9f, 0xfa, 0x9f, 0xfa, 0x9f, 0xfa, 0x9f, 0xfa, 0x9f, 0xfa, 0x9f, 0xfa, 0x9f, 0xfa, 0x9f, 0xfa, 0x9f, 0xfa, 0x9f, 0xdb, 0x9f, 0xdb, 0x9f, 0xfb, 0x9f, 0xfa, 0x9f, 0xfa, 0x9f, 0xfa, 0x9f,
  0xfb, 0x9f, 0xfb, 0x9f, 0xfb, 0x9f, 0xfb, 0x9f, 0xfb, 0x9f, 0xfb, 0x9f, 0xfb, 0x9f, 0xfb, 0x9f, 0xfb, 0x9f, 0xfb, 0x9f, 0xfb, 0x9f, 0xfb, 0x9f, 0xfb, 0x9f, 0xfb, 0x9f, 0xfb, 0x9f, 0xfb, 0x9f,
  0xfb, 0x9f, 0xfb, 0x9f, 0xfb, 0x9f, 0xfb, 0x9f, 0xfb, 0x9f, 0xfb, 0x9f, 0xfb, 0x9f, 0xfb, 0x97, 0xfb, 0x97, 0xfb, 0x9f, 0xfb, 0x9f, 0xfb, 0x97, 0xfb, 0x97, 0xfb, 0x97, 0xfb, 0x97, 0xfb, 0x97,
  0xfb, 0x97, 0xfb, 0x97, 0xfb, 0x97, 0xfb, 0x97, 0xfb, 0x97, 0xfb, 0x97, 0xfb, 0x97, 0xfb, 0x97, 0xfb, 0x97, 0xfb, 0x97, 0xfb, 0x97, 0xfb, 0x97, 0xfb, 0x97, 0xfb, 0x97, 0xdb, 0x97, 0xdb, 0x97,
  0xdb, 0x97, 0xdb, 0x97, 0xdb, 0x97, 0xdb, 0x97, 0xdb, 0x97, 0xdc, 0x97, 0xdc, 0x97, 0xdb, 0x97, 0xdb, 0x97, 0xdb, 0x97, 0xdc, 0x97, 0xdc, 0x97, 0xdc, 0x97, 0xdc, 0x97, 0xdc, 0x97, 0xdc, 0x97,
  0xdc, 0x97, 0xdc, 0x97, 0xdc, 0x97, 0xdc, 0x97, 0xdc, 0x97, 0xdc, 0x97, 0xdc, 0x97, 0xdc, 0x97, 0xdc, 0x8f, 0xdc, 0x8f, 0xdc, 0x97, 0xdc, 0x97, 0xdc, 0x8f, 0xdc, 0x8f, 0xdc, 0x8f, 0xdc, 0x8f,
  0xdc, 0x8f, 0xdc, 0x8f, 0xdc, 0x8f, 0xdc, 0x8f, 0xdc, 0x8f, 0xdc, 0x8f, 0xdc, 0x8f, 0xdc, 0x8f, 0xdc, 0x8f, 0xdc, 0x8f, 0xdc, 0x8f, 0xdc, 0x8f, 0xdc, 0x8f, 0xdc, 0x8f, 0xdc, 0x8f, 0xdc, 0x8f,
  0xdc, 0x8f, 0xdc, 0x8f, 0xdc, 0x8f, 0xfd, 0x97, 0x56, 0x6e, 0xc3, 0x10, 0x51, 0x19, 0x50, 0x19, 0x50, 0x19, 0x50, 0x19, 0x50, 0x19, 0x50, 0x19, 0x50, 0x19, 0x50, 0x19, 0x50, 0x19, 0x50, 0x19,
  0x39, 0x2a, 0x39, 0x22, 0x39, 0x22, 0x39, 0x2a, 0x39, 0x2a, 0x39, 0x2a, 0x39, 0x2a, 0x18, 0x22, 0xb9, 0x3a, 0x39, 0x2a, 0x39, 0x2a, 0xab, 0x08, 0x0c, 0x54, 0xfc, 0xaf, 0xfa, 0xa7, 0xfa, 0xa7,
  0xfa, 0xa7, 0xfa, 0x9f, 0xfa, 0x9f, 0xfa, 0x9f, 0xfa, 0x9f, 0xfa, 0x9f, 0xfa, 0x9f, 0xfa, 0x9f, 0xfa, 0x9f, 0xfa, 0x9f, 0xfa, 0x9f, 0xfa, 0x9f, 0xfa, 0x9f, 0xfa, 0x9f, 0xfa, 0x9f, 0xfa, 0x9f,
  0xfa, 0x9f, 0xdb, 0x9f, 0xdb, 0x9f, 0xdb, 0x9f, 0xfb, 0x9f, 0xfb, 0x9f, 0x9a, 0x9f, 0x85, 0x11, 0xfd, 0x3f, 0xda, 0x3f, 0xda, 0x3f, 0xfb, 0x3f, 0x58, 0x37, 0x00, 0x00, 0x00, 0x00, 0x00, 0x00,
  0x24, 0x09, 0x07, 0x12, 0x24, 0x09, 0x07, 0x12, 0x00, 0x00, 0x00, 0x00, 0xca, 0x12, 0xfc, 0x3f, 0xda, 0x3f, 0xdb, 0x3f, 0xba, 0x37, 0x52, 0x2d, 0x2e, 0x4c, 0xfc, 0xa7, 0xfb, 0x9f, 0xfb, 0x97,
  0xfb, 0x97, 0xfb, 0x9f, 0xfb, 0x9f, 0xfb, 0x9f, 0xfb, 0x97, 0xfb, 0x97, 0xfb, 0x97, 0xfb, 0x97, 0xfb, 0x97, 0xfb, 0x97, 0xfb, 0x97, 0xfb, 0x97, 0xfb, 0x97, 0xfb, 0x97, 0xfb, 0x97, 0xfb, 0x97,
  0xfb, 0x97, 0xfb, 0x97, 0xfb, 0x97, 0xfb, 0x97, 0xfb, 0x97, 0xfb, 0x97, 0xfb, 0x97, 0xdb, 0x97, 0xdb, 0x97, 0xdb, 0x97, 0xdb, 0x97, 0xdb, 0x97, 0xdb, 0x97, 0xdb, 0x97, 0xdb, 0x97, 0xdc, 0x97,
  0xdc, 0x97, 0xdb, 0x97, 0xdb, 0x97, 0xdc, 0x97, 0xdc, 0x97, 0xdc, 0x97, 0xdc, 0x97, 0xdc, 0x97, 0xdc, 0x97, 0xdc, 0x97, 0xdc, 0x97, 0xdc, 0x97, 0xdc, 0x97, 0xdc, 0x97, 0xdc, 0x97, 0xdc, 0x97,
  0xdc, 0x97, 0xdc, 0x97, 0xdc, 0x8f, 0xdc, 0x8f, 0xdc, 0x97, 0xdc, 0x97, 0xdc, 0x97, 0xdc, 0x8f, 0xdc, 0x8f, 0xdc, 0x8f, 0xdc, 0x8f, 0xdc, 0x8f, 0xdc, 0x8f, 0xdc, 0x8f, 0xdc, 0x8f, 0xdc, 0x8f,
  0xdc, 0x8f, 0xdc, 0x8f, 0xdc, 0x8f, 0xdc, 0x8f, 0xdc, 0x8f, 0xdc, 0x8f, 0xdc, 0x8f, 0xdc, 0x8f, 0xdc, 0x8f, 0xdc, 0x8f, 0xdc, 0x8f, 0xdc, 0x8f, 0xdc, 0x8f, 0xdc, 0x8f, 0xdc, 0x8f, 0xdc, 0x8f,
  0xdc, 0x8f, 0xdc, 0x8f, 0xdc, 0x8f, 0xdc, 0x8f, 0xdc, 0x8f, 0xdc, 0x8f, 0xdc, 0x8f, 0xdc, 0x8f, 0xdc, 0x8f, 0xdc, 0x8f, 0xdc, 0x8f, 0xdc, 0x8f, 0xdc, 0x8f, 0xdd, 0x8f, 0xdd, 0x8f, 0xdc, 0x8f,
  0xdd, 0x8f, 0xfe, 0x97, 0x6d, 0x3b, 0x68, 0x3b, 0xf5, 0x87, 0x94, 0x7f, 0xf5, 0x87, 0x6b, 0x4c, 0x09, 0x11, 0x92, 0x19, 0xb4, 0x21, 0xb4, 0x21, 0xb4, 0x21, 0xb4, 0x21, 0xb4, 0x21, 0xb4, 0x21,
  0xb4, 0x21, 0x4c, 0x21, 0x2f, 0x43, 0x9c, 0x65, 0xfe, 0x65, 0x1e, 0x6e, 0x3b, 0x5d, 0x6b, 0x2a, 0x71, 0x6d, 0xfb, 0xa7, 0xfa, 0x9f, 0xfa, 0x9f, 0xfa, 0x9f, 0xfa, 0x9f, 0xfa, 0x9f, 0xfa, 0x9f,
  0xfa, 0x9f, 0xfa, 0x9f, 0xfa, 0x9f, 0xfa, 0x9f, 0xfa, 0x9f, 0xfa, 0x9f, 0xfa, 0x9f, 0xdb, 0x9f, 0xdb, 0x9f, 0xdb, 0x9f, 0xfb, 0x9f, 0xfa, 0x9f, 0xfa, 0x9f, 0xfb, 0x9f, 0xfb, 0x9f, 0xfb, 0x9f,
  0xfb, 0x9f, 0xfb, 0x9f, 0xfb, 0x9f, 0xfb, 0x9f, 0xfb, 0x9f, 0xfb, 0x9f, 0xfb, 0x9f, 0xfb, 0x9f, 0xfb, 0x9f, 0xfb, 0x9f, 0xfb, 0x9f, 0xfb, 0x9f, 0xfb, 0x9f, 0xfb, 0x9f, 0xfb, 0x9f, 0xfb, 0x9f,
  0xfb, 0x9f, 0xfb, 0x9f, 0xfb, 0x9f, 0xfb, 0x9f, 0xfb, 0x97, 0xfb, 0x97, 0xfb, 0x9f, 0xfb, 0x9f, 0xfb, 0x9f, 0xfb, 0x97, 0xfb, 0x97, 0xfb, 0x97, 0xfb, 0x97, 0xfb, 0x97, 0xfb, 0x97, 0xfb, 0x97,
  0xfb, 0x97, 0xfb, 0x97, 0xfb, 0x97, 0xfb, 0x97, 0xfb, 0x97, 0xfb, 0x97, 0xfb, 0x97, 0xfb, 0x97, 0xfb, 0x97, 0xfb, 0x97, 0xfb, 0x97, 0xdb, 0x97, 0xdb, 0x97, 0xdb, 0x97, 0xdb, 0x97, 0xdb, 0x97,
  0xdb, 0x97, 0xdb, 0x97, 0xdb, 0x97, 0xdc, 0x97, 0xdc, 0x97, 0xdb, 0x97, 0xdb, 0x97, 0xdc, 0x97, 0xdc, 0x97, 0xdc, 0x97, 0xdc, 0x97, 0xdc, 0x97, 0xdc, 0x97, 0xdc, 0x97, 0xdc, 0x97, 0xdc, 0x97,
  0xdc, 0x97, 0xdc, 0x97, 0xdc, 0x97, 0xdc, 0x97, 0xdc, 0x97, 0xdc, 0x97, 0xdc, 0x8f, 0xdc, 0x97, 0xdc, 0x97, 0xdc, 0x97, 0xdc, 0x8f, 0xdc, 0x8f, 0xdc, 0x8f, 0xdc, 0x8f, 0xdc, 0x8f, 0xdc, 0x8f,
  0xdc, 0x8f, 0xdc, 0x8f, 0xdc, 0x8f, 0xdc, 0x8f, 0xdc, 0x8f, 0xdc, 0x8f, 0xdc, 0x8f, 0xdc, 0x8f, 0xdc, 0x8f, 0xdc, 0x8f, 0xdc, 0x8f, 0xdc, 0x8f, 0xdc, 0x8f, 0xdc, 0x8f, 0xdc, 0x8f, 0xdc, 0x8f,
  0xdc, 0x8f, 0xdc, 0x8f, 0xdc, 0x8f, 0xfd, 0x8f, 0x56, 0x6e, 0xc3, 0x10, 0x51, 0x19, 0x50, 0x19, 0x50, 0x19, 0x50, 0x19, 0x50, 0x19, 0x50, 0x19, 0x50, 0x19, 0x50, 0x19, 0x50, 0x19, 0x50, 0x19,
  0x39, 0x22, 0x39, 0x2a, 0x39, 0x2a, 0x39, 0x2a, 0x39, 0x2a, 0x39, 0x2a, 0x39, 0x2a, 0x18, 0x22, 0xb9, 0x3a, 0x39, 0x2a, 0x39, 0x2a, 0xaa, 0x08, 0x0c, 0x54, 0xfc, 0xaf, 0xfa, 0x9f, 0xfa, 0x9f,
  0xfa, 0x9f, 0xfa, 0x9f, 0xfa, 0x9f, 0xfa, 0x9f, 0xfa, 0x9f, 0xfa, 0x9f, 0xfa, 0x9f, 0xfa, 0x9f, 0xfa, 0x9f, 0xfa, 0x9f, 0xfa, 0x9f, 0xfa, 0x9f, 0xfa, 0x9f, 0xfa, 0x9f, 0xfa, 0x9f, 0xdb, 0x9f,
  0xdb, 0x9f, 0xfb, 0x9f, 0xfa, 0x9f, 0xfa, 0x9f, 0xfa, 0x9f, 0xfb, 0x9f, 0x9a, 0x9f, 0x85, 0x11, 0xfd, 0x3f, 0xda, 0x3f, 0xda, 0x3f, 0xdb, 0x3f, 0xf4, 0x2d, 0x00, 0x00, 0x82, 0x00, 0x2b, 0x1b,
  0x48, 0x12, 0x24, 0x09, 0x65, 0x09, 0xed, 0x1b, 0x4b, 0x1b, 0x8c, 0x1b, 0x55, 0x2e, 0xfb, 0x3f, 0xda, 0x3f, 0xdb, 0x3f, 0xba, 0x37, 0x52, 0x2d, 0x2e, 0x4c, 0xfc, 0xa7, 0xfb, 0x97, 0xfb, 0x9f,
  0xfb, 0x9f, 0xfb, 0x97, 0xfb, 0x97, 0xfb, 0x97, 0xfb, 0x97, 0xfb, 0x97, 0xfb, 0x97, 0xfb, 0x97, 0xfb, 0x97, 0xfb, 0x97, 0xfb, 0x97, 0xfb, 0x97, 0xfb, 0x97, 0xfb, 0x97, 0xfb, 0x97, 0xfb, 0x97,
  0xfb, 0x97, 0xfb, 0x97, 0xfb, 0x97, 0xfb, 0x97, 0xfb, 0x97, 0xdb, 0x97, 0xdb, 0x97, 0xdb, 0x97, 0xdb, 0x97, 0xdb, 0x97, 0xdb, 0x97, 0xdb, 0x97, 0xdc, 0x97, 0xdc, 0x97, 0xdb, 0x97, 0xdb, 0x97,
  0xdb, 0x97, 0xdc, 0x97, 0xdc, 0x97, 0xdc, 0x97, 0xdc, 0x97, 0xdc, 0x97, 0xdc, 0x97, 0xdc, 0x97, 0xdc, 0x97, 0xdc, 0x97, 0xdc, 0x97, 0xdc, 0x97, 0xdc, 0x97, 0xdc, 0x97, 0xdc, 0x97, 0xdc, 0x97,
  0xdc, 0x8f, 0xdc, 0x8f, 0xdc, 0x97, 0xdc, 0x97, 0xdc, 0x8f, 0xdc, 0x8f, 0xdc, 0x8f, 0xdc, 0x8f, 0xdc, 0x8f, 0xdc, 0x8f, 0xdc, 0x8f, 0xdc, 0x8f, 0xdc, 0x8f, 0xdc, 0x8f, 0xdc, 0x8f, 0xdc, 0x8f,
  0xdc, 0x8f, 0xdc, 0x8f, 0xdc, 0x8f, 0xdc, 0x8f, 0xdc, 0x8f, 0xdc, 0x8f, 0xdc, 0x8f, 0xdc, 0x8f, 0xdc, 0x8f, 0xdc, 0x8f, 0xdc, 0x8f, 0xdc, 0x8f, 0xdc, 0x8f, 0xdc, 0x8f, 0xdc, 0x8f, 0xdc, 0x8f,
  0xdc, 0x8f, 0xdc, 0x8f, 0xdc, 0x8f, 0xdc, 0x8f, 0xdc, 0x8f, 0xdc, 0x8f, 0xdc, 0x8f, 0xdc, 0x8f, 0xdc, 0x8f, 0xdc, 0x8f, 0xdd, 0x8f, 0xdd, 0x8f, 0xdc, 0x8f, 0xdc, 0x8f, 0xdc, 0x8f, 0xdd, 0x8f,
  0xdd, 0x8f, 0xfe, 0x97, 0x6d, 0x3b, 0x69, 0x3b, 0xf5, 0x87, 0x94, 0x7f, 0xf5, 0x87, 0x6c, 0x4c, 0x09, 0x11, 0x92, 0x19, 0xb4, 0x21, 0xb4, 0x21, 0xb4, 0x21, 0xb4, 0x21, 0xb4, 0x21, 0xb4, 0x21,
  0xb4, 0x21, 0x6c, 0x21, 0x2f, 0x43, 0x9c, 0x65, 0xfe, 0x6d, 0x1e, 0x6e, 0x3a, 0x5d, 0x6b, 0x2a, 0x71, 0x6d, 0xfb, 0xa7, 0xfa, 0x9f, 0xfa, 0x9f, 0xfa, 0x9f, 0xfa, 0x9f, 0xfa, 0x9f, 0xfa, 0x9f,
  0xfa, 0x9f, 0xfa, 0x9f, 0xfa, 0x9f, 0xfa, 0x9f, 0xfa, 0x9f, 0xdb, 0x9f, 0xdb, 0x9f, 0xfb, 0x9f, 0xfa, 0x9f, 0xfa, 0x9f, 0xfa, 0x9f, 0xfb, 0x9f, 0xfb, 0x9f, 0xfb, 0x9f, 0xfb, 0x9f, 0xfb, 0x9f,
  0xfb, 0x9f, 0xfb, 0x9f, 0xfb, 0x9f, 0xfb, 0x9f, 0xfb, 0x9f, 0xfb, 0x9f, 0xfb, 0x9f, 0xfb, 0x9f, 0xfb, 0x9f, 0xfb, 0x9f, 0xfb, 0x9f, 0xfb, 0x9f, 0xfb, 0x9f, 0xfb, 0x9f, 0xfb, 0x9f, 0xfb, 0x9f,
  0xfb, 0x9f, 0xfb, 0x9f, 0xfb, 0x97, 0xfb, 0x97, 0xfb, 0x9f, 0xfb, 0x9f, 0xfb, 0x97, 0xfb, 0x97, 0xfb, 0x97, 0xfb, 0x97, 0xfb, 0x97, 0xfb, 0x97, 0xfb, 0x97, 0xfb, 0x97, 0xfb, 0x97, 0xfb, 0x97,
  0xfb, 0x97, 0xfb, 0x97, 0xfb, 0x97, 0xfb, 0x97, 0xfb, 0x97, 0xfb, 0x97, 0xfb, 0x97, 0xfb, 0x97, 0xfb, 0x97, 0xdb, 0x97, 0xdb, 0x97, 0xdb, 0x97, 0xdb, 0x97, 0xdb, 0x97, 0xdb, 0x97, 0xdb, 0x97,
  0xdc, 0x97, 0xdc, 0x97, 0xdb, 0x97, 0xdb, 0x97, 0xdb, 0x97, 0xdc, 0x97, 0xdc, 0x97, 0xdc, 0x97, 0xdc, 0x97, 0xdc, 0x97, 0xdc, 0x97, 0xdc, 0x97, 0xdc, 0x97, 0xdc, 0x97, 0xdc, 0x97, 0xdc, 0x97,
  0xdc, 0x97, 0xdc, 0x97, 0xdc, 0x97, 0xdc, 0x8f, 0xdc, 0x8f, 0xdc, 0x97, 0xdc, 0x97, 0xdc, 0x8f, 0xdc, 0x8f, 0xdc, 0x8f, 0xdc, 0x8f, 0xdc, 0x8f, 0xdc, 0x8f, 0xdc, 0x8f, 0xdc, 0x8f, 0xdc, 0x8f,
  0xdc, 0x8f, 0xdc, 0x8f, 0xdc, 0x8f, 0xdc, 0x8f, 0xdc, 0x8f, 0xdc, 0x8f, 0xdc, 0x8f, 0xdc, 0x8f, 0xdc, 0x8f, 0xdc, 0x8f, 0xdc, 0x8f, 0xdc, 0x8f, 0xdc, 0x8f, 0xdc, 0x8f, 0xdc, 0x8f, 0xdc, 0x8f,
  0xdc, 0x8f, 0xdc, 0x8f, 0xdc, 0x8f, 0xfd, 0x8f, 0x57, 0x6e, 0xc3, 0x10, 0x50, 0x19, 0x50, 0x19, 0x50, 0x19, 0x50, 0x19, 0x50, 0x19, 0x50, 0x19, 0x50, 0x19, 0x50, 0x19, 0x50, 0x19, 0x4f, 0x19,
  0x39, 0x2a, 0x39, 0x2a, 0x39, 0x2a, 0x39, 0x2a, 0x39, 0x2a, 0x38, 0x2a, 0x38, 0x2a, 0x18, 0x22, 0xb9, 0x3a, 0x39, 0x2a, 0x39, 0x2a, 0xaa, 0x08, 0x0c, 0x54, 0xfc, 0xaf, 0xfa, 0x9f, 0xfa, 0x9f,
  0xfa, 0x9f, 0xfa, 0x9f, 0xfa, 0x9f, 0xfa, 0x9f, 0xfa, 0x9f, 0xfa, 0x9f, 0xfa, 0x9f, 0xfa, 0x9f, 0xfa, 0x9f, 0xfa, 0x9f, 0xfa, 0x9f, 0xfa, 0x9f, 0xdb, 0x9f, 0xdb, 0x9f, 0xdb, 0x9f, 0xfb, 0x9f,
  0xfa, 0x9f, 0xfa, 0x9f, 0xfb, 0x9f, 0xfb, 0x9f, 0xfb, 0x9f, 0xfb, 0x9f, 0x9a, 0x9f, 0x85, 0x11, 0xfd, 0x3f, 0xda, 0x3f, 0xda, 0x3f, 0xda, 0x3f, 0x15, 0x2e, 0x44, 0x09, 0x4f, 0x24, 0x2b, 0x1b,
  0x85, 0x09, 0x8c, 0x1b, 0xa6, 0x09, 0xca, 0x1a, 0x0e, 0x1c, 0x4e, 0x24, 0x93, 0x2d, 0xfb, 0x3f, 0xda, 0x3f, 0xdb, 0x3f, 0xba, 0x37, 0x52, 0x2d, 0x2e, 0x4c, 0xfc, 0xa7, 0xfb, 0x9f, 0xfb, 0x97,
  0xfb, 0x97, 0xfb, 0x97, 0xfb, 0x97, 0xfb, 0x97, 0xfb, 0x97, 0xfb, 0x97, 0xfb, 0x97, 0xfb, 0x97, 0xfb, 0x97, 0xfb, 0x97, 0xfb, 0x97, 0xfb, 0x97, 0xfb, 0x97, 0xfb, 0x97, 0xfb, 0x97, 0xfb, 0x97,
  0xfb, 0x97, 0xfb, 0x97, 0xdb, 0x97, 0xdb, 0x97, 0xdb, 0x97, 0xdb, 0x97, 0xdb, 0x97, 0xdb, 0x97, 0xdb, 0x97, 0xdb, 0x97, 0xdc, 0x97, 0xdc, 0x97, 0xdb, 0x97, 0xdb, 0x97, 0xdc, 0x97, 0xdc, 0x97,
  0xdc, 0x97, 0xdc, 0x97, 0xdc, 0x97, 0xdc, 0x97, 0xdc, 0x97, 0xdc, 0x97, 0xdc, 0x97, 0xdc, 0x97, 0xdc, 0x97, 0xdc, 0x97, 0xdc, 0x97, 0xdc, 0x97, 0xdc, 0x97, 0xdc, 0x8f, 0xdc, 0x8f, 0xdc, 0x97,
  0xdc, 0x97, 0xdc, 0x97, 0xdc, 0x8f, 0xdc, 0x8f, 0xdc, 0x8f, 0xdc, 0x8f, 0xdc, 0x8f, 0xdc, 0x8f, 0xdc, 0x8f, 0xdc, 0x8f, 0xdc, 0x8f, 0xdc, 0x8f, 0xdc, 0x8f, 0xdc, 0x8f, 0xdc, 0x8f, 0xdc, 0x8f,
  0xdc, 0x8f, 0xdc, 0x8f, 0xdc, 0x8f, 0xdc, 0x8f, 0xdc, 0x8f, 0xdc, 0x8f, 0xdc, 0x8f, 0xdc, 0x8f, 0xdc, 0x8f, 0xdc, 0x8f, 0xdc, 0x8f, 0xdc, 0x8f, 0xdc, 0x8f, 0xdc, 0x8f, 0xdc, 0x8f, 0xdc, 0x8f,
  0xdc, 0x8f, 0xdc, 0x8f, 0xdc, 0x8f, 0xdc, 0x8f, 0xdc, 0x8f, 0xdc, 0x8f, 0xdc, 0x8f, 0xdc, 0x8f, 0xdd, 0x8f, 0xdd, 0x8f, 0xdc, 0x8f, 0xdc, 0x8f, 0xdd, 0x8f, 0xdd, 0x8f, 0xdd, 0x8f, 0xdd, 0x8f,
  0xdd, 0x87, 0xfe, 0x97, 0x6d, 0x3b, 0x69, 0x3b, 0xf5, 0x87, 0x94, 0x7f, 0xf5, 0x7f, 0x6c, 0x4c, 0x09, 0x11, 0x72, 0x19, 0xb4, 0x21, 0xb4, 0x21, 0xb4, 0x21, 0xb4, 0x21, 0xb4, 0x21, 0xb4, 0x21,
  0xb4, 0x21, 0x6c, 0x21, 0x2f, 0x43, 0x9c, 0x65, 0xfe, 0x6d, 0x1e, 0x6e, 0x3b, 0x5d, 0x8b, 0x2a, 0x71, 0x6d, 0xfb, 0xa7, 0xfa, 0x9f, 0xfa, 0x9f, 0xfa, 0x9f, 0xfa, 0x9f, 0xfa, 0x9f, 0xfa, 0x9f,
  0xfa, 0x9f, 0xfa, 0x9f, 0xdb, 0x9f, 0xdb, 0x9f, 0xdb, 0x9f, 0xfb, 0x9f, 0xfa, 0x9f, 0xfa, 0x9f, 0xfb, 0x9f, 0xfb, 0x9f, 0xfb, 0x9f, 0xfb, 0x9f, 0xfb, 0x9f, 0xfb, 0x9f, 0xfb, 0x9f, 0xfb, 0x9f,
  0xfb, 0x9f, 0xfb, 0x9f, 0xfb, 0x9f, 0xfb, 0x9f, 0xfb, 0x9f, 0xfb, 0x9f, 0xfb, 0x9f, 0xfb, 0x9f, 0xfb, 0x9f, 0xfb, 0x9f, 0xfb, 0x9f, 0xfb, 0x9f, 0xfb, 0x9f, 0xfb, 0x9f, 0xfb, 0x9f, 0xfb, 0x97,
  0xfb, 0x97, 0xfb, 0x9f, 0xfb, 0x9f, 0xfb, 0x9f, 0xfb, 0x97, 0xfb, 0x97, 0xfb, 0x97, 0xfb, 0x97, 0xfb, 0x97, 0xfb, 0x97, 0xfb, 0x97, 0xfb, 0x97, 0xfb, 0x97, 0xfb, 0x97, 0xfb, 0x97, 0xfb, 0x97,
  0xfb, 0x97, 0xfb, 0x97, 0xfb, 0x97, 0xfb, 0x97, 0xfb, 0x97, 0xfb, 0x97, 0xdb, 0x97, 0xdb, 0x97, 0xdb, 0x97, 0xdb, 0x97, 0xdb, 0x97, 0xdb, 0x97, 0xdb, 0x97, 0xdb, 0x97, 0xdc, 0x97, 0xdc, 0x97,
  0xdb, 0x97, 0xdb, 0x97, 0xdc, 0x97, 0xdc, 0x97, 0xdc, 0x97, 0xdc, 0x97, 0xdc, 0x97, 0xdc, 0x97, 0xdc, 0x97, 0xdc, 0x97, 0xdc, 0x97, 0xdc, 0x97, 0xdc, 0x97, 0xdc, 0x97, 0xdc, 0x97, 0xdc, 0x97,
  0xdc, 0x97, 0xdc, 0x8f, 0xdc, 0x97, 0xdc, 0x97, 0xdc, 0x97, 0xdc, 0x8f, 0xdc, 0x8f, 0xdc, 0x8f, 0xdc, 0x8f, 0xdc, 0x8f, 0xdc, 0x8f, 0xdc, 0x8f, 0xdc, 0x8f, 0xdc, 0x8f, 0xdc, 0x8f, 0xdc, 0x8f,
  0xdc, 0x8f, 0xdc, 0x8f, 0xdc, 0x8f, 0xdc, 0x8f, 0xdc, 0x8f, 0xdc, 0x8f, 0xdc, 0x8f, 0xdc, 0x8f, 0xdc, 0x8f, 0xdc, 0x8f, 0xdc, 0x8f, 0xdc, 0x8f, 0xdc, 0x8f, 0xdc, 0x8f, 0xdc, 0x8f, 0xdc, 0x8f,
  0xdc, 0x8f, 0xdc, 0x8f, 0xdc, 0x8f, 0xfd, 0x8f, 0x57, 0x6e, 0xc3, 0x10, 0x50, 0x19, 0x50, 0x19, 0x50, 0x19, 0x50, 0x19, 0x50, 0x19, 0x50, 0x19, 0x50, 0x19, 0x4f, 0x19, 0x4f, 0x19, 0x4f, 0x19,
  0x39, 0x2a, 0x39, 0x2a, 0x39, 0x2a, 0x38, 0x2a, 0x38, 0x2a, 0x38, 0x2a, 0x38, 0x2a, 0x18, 0x22, 0x99, 0x3a, 0x38, 0x2a, 0x39, 0x2a, 0xaa, 0x08, 0x0c, 0x54, 0xfc, 0xaf, 0xfa, 0x9f, 0xfa, 0x9f,
  0xfa, 0x9f, 0xfa, 0x9f, 0xfa, 0x9f, 0xfa, 0x9f, 0xfa, 0x9f, 0xfa, 0x9f, 0xfa, 0x9f, 0xfa, 0x9f, 0xfa, 0x9f, 0xfa, 0x9f, 0xdb, 0x9f, 0xdb, 0x9f, 0xfb, 0x9f, 0xfb, 0x9f, 0xfa, 0x9f, 0xfa, 0x9f,
  0xfb, 0x9f, 0xfb, 0x9f, 0xfb, 0x9f, 0xfb, 0x9f, 0xfb, 0x9f, 0xfb, 0x9f, 0x9a, 0x97, 0x85, 0x11, 0xfd, 0x3f, 0xda, 0x3f, 0xda, 0x3f, 0xda, 0x3f, 0x9a, 0x3f, 0xd4, 0x2d, 0xf1, 0x24, 0x00, 0x00,
  0x20, 0x00, 0x2e, 0x24, 0xe6, 0x11, 0x00, 0x00, 0x82, 0x00, 0x82, 0x00, 0x07, 0x12, 0xfc, 0x3f, 0xda, 0x3f, 0xdb, 0x3f, 0xba, 0x37, 0x52, 0x2d, 0x2e, 0x4c, 0xfc, 0xa7, 0xfb, 0x97, 0xfb, 0x97,
  0xfb, 0x97, 0xfb, 0x97, 0xfb, 0x97, 0xfb, 0x97, 0xfb, 0x97, 0xfb, 0x97, 0xfb, 0x97, 0xfb, 0x97, 0xfb, 0x97, 0xfb, 0x97, 0xfb, 0x97, 0xfb, 0x97, 0xfb, 0x97, 0xfb, 0x97, 0xfb, 0x97, 0xfb, 0x97,
  0xdb, 0x97, 0xdb, 0x97, 0xdb, 0x97, 0xdb, 0x97, 0xdb, 0x97, 0xdb, 0x97, 0xdb, 0x97, 0xdc, 0x97, 0xdc, 0x97, 0xdb, 0x97, 0xdb, 0x97, 0xdb, 0x97, 0xdc, 0x97, 0xdc, 0x97, 0xdc, 0x97, 0xdc, 0x97,
  0xdc, 0x97, 0xdc, 0x97, 0xdc, 0x97, 0xdc, 0x97, 0xdc, 0x97, 0xdc, 0x97, 0xdc, 0x97, 0xdc, 0x97, 0xdc, 0x97, 0xdc, 0x97, 0xdc, 0x97, 0xdc, 0x8f, 0xdc, 0x8f, 0xdc, 0x97, 0xdc, 0x97, 0xdc, 0x8f,
  0xdc, 0x8f, 0xdc, 0x8f, 0xdc, 0x8f, 0xdc, 0x8f, 0xdc, 0x8f, 0xdc, 0x8f, 0xdc, 0x8f, 0xdc, 0x8f, 0xdc, 0x8f, 0xdc, 0x8f, 0xdc, 0x8f, 0xdc, 0x8f, 0xdc, 0x8f, 0xdc, 0x8f, 0xdc, 0x8f, 0xdc, 0x8f,
  0xdc, 0x8f, 0xdc, 0x8f, 0xdc, 0x8f, 0xdc, 0x8f, 0xdc, 0x8f, 0xdc, 0x8f, 0xdc, 0x8f, 0xdc, 0x8f, 0xdc, 0x8f, 0xdc, 0x8f, 0xdc, 0x8f, 0xdc, 0x8f, 0xdc, 0x8f, 0xdc, 0x8f, 0xdc, 0x8f, 0xdc, 0x8f,
  0xdc, 0x8f, 0xdc, 0x8f, 0xdc, 0x8f, 0xdc, 0x8f, 0xdc, 0x8f, 0xdd, 0x8f, 0xdd, 0x8f, 0xdc, 0x8f, 0xdc, 0x8f, 0xdc, 0x8f, 0xdd, 0x8f, 0xdd, 0x8f, 0xdd, 0x8f, 0xdd, 0x8f, 0xdd, 0x87, 0xdd, 0x87,
  0xdd, 0x8f, 0xff, 0x8f, 0x6d, 0x3b, 0x69, 0x3b, 0xf5, 0x87, 0x94, 0x7f, 0xf5, 0x7f, 0x6c, 0x44, 0x09, 0x11, 0x72, 0x19, 0xb4, 0x21, 0xb4, 0x21, 0xb4, 0x21, 0xb4, 0x21, 0xb4, 0x21, 0xb4, 0x21,
  0xb4, 0x21, 0x6c, 0x21, 0x2f, 0x43, 0x9c, 0x65, 0x1e, 0x6e, 0x1e, 0x6e, 0x5a, 0x5d, 0x8b, 0x32, 0x71, 0x6d, 0xfb, 0xa7, 0xfa, 0x9f, 0xfa, 0x9f, 0xfa, 0x9f, 0xfa, 0x9f, 0xfa, 0x9f, 0xfa, 0x9f,
  0xdb, 0x9f, 0xdb, 0x9f, 0xfb, 0x9f, 0xfa, 0x9f, 0xfa, 0x9f, 0xfa, 0x9f, 0xfb, 0x9f, 0xfb, 0x9f, 0xfb, 0x9f, 0xfb, 0x9f, 0xfb, 0x9f, 0xfb, 0x9f, 0xfb, 0x9f, 0xfb, 0x9f, 0xfb, 0x9f, 0xfb, 0x9f,
  0xfb, 0x9f, 0xfb, 0x9f, 0xfb, 0x9f, 0xfb, 0x9f, 0xfb, 0x9f, 0xfb, 0x9f, 0xfb, 0x9f, 0xfb, 0x9f, 0xfb, 0x9f, 0xfb, 0x9f, 0xfb, 0x9f, 0xfb, 0x9f, 0xfb, 0x9f, 0xfb, 0x97, 0xfb, 0x97, 0xfb, 0x9f,
  0xfb, 0x9f, 0xfb, 0x97, 0xfb, 0x97, 0xfb, 0x97, 0xfb, 0x97, 0xfb, 0x97, 0xfb, 0x97, 0xfb, 0x97, 0xfb, 0x97, 0xfb, 0x97, 0xfb, 0x97, 0xfb, 0x97, 0xfb, 0x97, 0xfb, 0x97, 0xfb, 0x97, 0xfb, 0x97,
  0xfb, 0x97, 0xfb, 0x97, 0xfb, 0x97, 0xfb, 0x97, 0xdb, 0x97, 0xdb, 0x97, 0xdb, 0x97, 0xdb, 0x97, 0xdb, 0x97, 0xdb, 0x97, 0xdb, 0x97, 0xdc, 0x97, 0xdc, 0x97, 0xdb, 0x97, 0xdb, 0x97, 0xdb, 0x97,
  0xdc, 0x97, 0xdc, 0x97, 0xdc, 0x97, 0xdc, 0x97, 0xdc, 0x97, 0xdc, 0x97, 0xdc, 0x97, 0xdc, 0x97, 0xdc, 0x97, 0xdc, 0x97, 0xdc, 0x97, 0xdc, 0x97, 0xdc, 0x97, 0xdc, 0x97, 0xdc, 0x8f, 0xdc, 0x8f,
  0xdc, 0x97, 0xdc, 0x97, 0xdc, 0x8f, 0xdc, 0x8f, 0xdc, 0x8f, 0xdc, 0x8f, 0xdc, 0x8f, 0xdc, 0x8f, 0xdc, 0x8f, 0xdc, 0x8f, 0xdc, 0x8f, 0xdc, 0x8f, 0xdc, 0x8f, 0xdc, 0x8f, 0xdc, 0x8f, 0xdc, 0x8f,
  0xdc, 0x8f, 0xdc, 0x8f, 0xdc, 0x8f, 0xdc, 0x8f, 0xdc, 0x8f, 0xdc, 0x8f, 0xdc, 0x8f, 0xdc, 0x8f, 0xdc, 0x8f, 0xdc, 0x8f, 0xdc, 0x8f, 0xdc, 0x8f, 0xdc, 0x8f, 0xdc, 0x8f, 0xdc, 0x8f, 0xdc, 0x8f,
  0xdc, 0x8f, 0xdc, 0x8f, 0xdc, 0x8f, 0xfd, 0x8f, 0x57, 0x6e, 0xc3, 0x10, 0x51, 0x19, 0x50, 0x19, 0x50, 0x19, 0x50, 0x19, 0x50, 0x19, 0x4f, 0x19, 0x4f, 0x19, 0x4f, 0x19, 0x4f, 0x19, 0x4f, 0x19,
  0x38, 0x2a, 0x38, 0x2a, 0x38, 0x2a, 0x38, 0x2a, 0x38, 0x2a, 0x18, 0x2a, 0x18, 0x2a, 0x18, 0x22, 0x99, 0x3a, 0x38, 0x2a, 0x39, 0x2a, 0xaa, 0x08, 0x0c, 0x54, 0xfc, 0xa7, 0xfa, 0x9f, 0xfa, 0x9f,
  0xfa, 0x9f, 0xfa, 0x9f, 0xfa, 0x9f, 0xfa, 0x9f, 0xfa, 0x9f, 0xfa, 0x9f, 0xfa, 0x9f, 0xdb, 0x9f, 0xdb, 0x9f, 0xdb, 0x9f, 0xfb, 0x9f, 0xfa, 0x9f, 0xfa, 0x9f, 0xfa, 0x9f, 0xfb, 0x9f, 0xfb, 0x9f,
  0xfb, 0x9f, 0xfb, 0x9f, 0xfb, 0x9f, 0xfb, 0x9f, 0xfb, 0x9f, 0xfb, 0x9f, 0x9a, 0x97, 0x85, 0x11, 0xfd, 0x3f, 0xda, 0x3f, 0xda, 0x3f, 0xda, 0x3f, 0xfb, 0x3f, 0xfb, 0x3f, 0x2e, 0x24, 0x00, 0x00,
  0x00, 0x00, 0x89, 0x12, 0x4f, 0x24, 0x00, 0x00, 0x00, 0x00, 0xa2, 0x08, 0x11, 0x25, 0xfc, 0x3f, 0xda, 0x3f, 0xdb, 0x3f, 0xba, 0x37, 0x52, 0x2d, 0x2e, 0x4c, 0xfc, 0x9f, 0xfb, 0x97, 0xfb, 0x97,
  0xfb, 0x97, 0xfb, 0x97, 0xfb, 0x97, 0xfb, 0x97, 0xfb, 0x97, 0xfb, 0x97, 0xfb, 0x97, 0xfb, 0x97, 0xfb, 0x97, 0xfb, 0x97, 0xfb, 0x97, 0xfb, 0x97, 0xfb, 0x97, 0xdb, 0x97, 0xdb, 0x97, 0xdb, 0x97,
  0xdb, 0x97, 0xdb, 0x97, 0xdb, 0x97, 0xdb, 0x97, 0xdb, 0x97, 0xdc, 0x97, 0xdc, 0x97, 0xdb, 0x97, 0xdb, 0x97, 0xdc, 0x97, 0xdc, 0x97, 0xdc, 0x97, 0xdc, 0x97, 0xdc, 0x97, 0xdc, 0x97, 0xdc, 0x97,
  0xdc, 0x97, 0xdc, 0x97, 0xdc, 0x97, 0xdc, 0x97, 0xdc, 0x97, 0xdc, 0x97, 0xdc, 0x97, 0xdc, 0x97, 0xdc, 0x8f, 0xdc, 0x8f, 0xdc, 0x97, 0xdc, 0x97, 0xdc, 0x97, 0xdc, 0x8f, 0xdc, 0x8f, 0xdc, 0x8f,
  0xdc, 0x8f, 0xdc, 0x8f, 0xdc, 0x8f, 0xdc, 0x8f, 0xdc, 0x8f, 0xdc, 0x8f, 0xdc, 0x8f, 0xdc, 0x8f, 0xdc, 0x8f, 0xdc, 0x8f, 0xdc, 0x8f, 0xdc, 0x8f, 0xdc, 0x8f, 0xdc, 0x8f, 0xdc, 0x8f, 0xdc, 0x8f,
  0xdc, 0x8f, 0xdc, 0x8f, 0xdc, 0x8f, 0xdc, 0x8f, 0xdc, 0x8f, 0xdc, 0x8f, 0xdc, 0x8f, 0xdc, 0x8f, 0xdc, 0x8f, 0xdc, 0x8f, 0xdc, 0x8f, 0xdc, 0x8f, 0xdc, 0x8f, 0xdc, 0x8f, 0xdc, 0x8f, 0xdc, 0x8f,
  0xdc, 0x8f, 0xdc, 0x8f, 0xdc, 0x8f, 0xdd, 0x8f, 0xdd, 0x8f, 0xdc, 0x8f, 0xdc, 0x8f, 0xdd, 0x8f, 0xdd, 0x8f, 0xdd, 0x8f, 0xdd, 0x8f, 0xdd, 0x87, 0xdd, 0x87, 0xdd, 0x87, 0xdd, 0x8f, 0xdd, 0x8f,
  0xdd, 0x87, 0xff, 0x8f, 0x6d, 0x3b, 0x69, 0x33, 0xf6, 0x7f, 0x94, 0x77, 0xf5, 0x7f, 0x6c, 0x44, 0x09, 0x11, 0x72, 0x19, 0xb4, 0x21, 0xb4, 0x21, 0xb4, 0x21, 0xb3, 0x21, 0xb3, 0x21, 0xb3, 0x21,
  0xb4, 0x21, 0x4c, 0x21, 0x2f, 0x43, 0x9c, 0x65, 0x1e, 0x6e, 0x1e, 0x6e, 0x5a, 0x5d, 0x8b, 0x32, 0x72, 0x6d, 0xfb, 0xa7, 0xfa, 0x9f, 0xfa, 0x9f, 0xfa, 0x9f, 0xdb, 0x9f, 0xdb, 0x9f, 0xdb, 0x9f,
  0xfb, 0x9f, 0xfa, 0x9f, 0xfa, 0x9f, 0xfb, 0x9f, 0xfb, 0x9f, 0xfb, 0x9f, 0xfb, 0x9f, 0xfb, 0x9f, 0xfb, 0x9f, 0xfb, 0x9f, 0xfb, 0x9f, 0xfb, 0x9f, 0xfb, 0x9f, 0xfb, 0x9f, 0xfb, 0x9f, 0xfb, 0x9f,
  0xfb, 0x9f, 0xfb, 0x9f, 0xfb, 0x9f, 0xfb, 0x9f, 0xfb, 0x9f, 0xfb, 0x9f, 0xfb, 0x9f, 0xfb, 0x9f, 0xfb, 0x9f, 0xfb, 0x9f, 0xfb, 0x97, 0xfb, 0x97, 0xfb, 0x9f, 0xfb, 0x9f, 0xfb, 0x9f, 0xfb, 0x97,
  0xfb, 0x97, 0xfb, 0x97, 0xfb, 0x97, 0xfb, 0x97, 0xfb, 0x97, 0xfb, 0x97, 0xfb, 0x97, 0xfb, 0x97, 0xfb, 0x97, 0xfb, 0x97, 0xfb, 0x97, 0xfb, 0x97, 0xfb, 0x97, 0xfb, 0x97, 0xfb, 0x97, 0xfb, 0x97,
  0xfb, 0x97, 0xdb, 0x97, 0xdb, 0x97, 0xdb, 0x97, 0xdb, 0x97, 0xdb, 0x97, 0xdb, 0x97, 0xdb, 0x97, 0xdb, 0x97, 0xdc, 0x97, 0xdc, 0x97, 0xdb, 0x97, 0xdb, 0x97, 0xdc, 0x97, 0xdc, 0x97, 0xdc, 0x97,
  0xdc, 0x97, 0xdc, 0x97, 0xdc, 0x97, 0xdc, 0x97, 0xdc, 0x97, 0xdc, 0x97, 0xdc, 0x97, 0xdc, 0x97, 0xdc, 0x97, 0xdc, 0x97, 0xdc, 0x97, 0xdc, 0x97, 0xdc, 0x8f, 0xdc, 0x8f, 0xdc, 0x97, 0xdc, 0x97,
  0xdc, 0x8f, 0xdc, 0x8f, 0xdc, 0x8f, 0xdc, 0x8f, 0xdc, 0x8f, 0xdc, 0x8f, 0xdc, 0x8f, 0xdc, 0x8f, 0xdc, 0x8f, 0xdc, 0x8f, 0xdc, 0x8f, 0xdc, 0x8f, 0xdc, 0x8f, 0xdc, 0x8f, 0xdc, 0x8f, 0xdc, 0x8f,
  0xdc, 0x8f, 0xdc, 0x8f, 0xdc, 0x8f, 0xdc, 0x8f, 0xdc, 0x8f, 0xdc, 0x8f, 0xdc, 0x8f, 0xdc, 0x8f, 0xdc, 0x8f, 0xdc, 0x8f, 0xdc, 0x8f, 0xdc, 0x8f, 0xdc, 0x8f, 0xdc, 0x8f, 0xdc, 0x8f, 0xdc, 0x8f,
  0xdc, 0x8f, 0xdc, 0x8f, 0xdc, 0x8f, 0xfd, 0x8f, 0x57, 0x6e, 0xc3, 0x10, 0x50, 0x19, 0x50, 0x19, 0x4f, 0x19, 0x4f, 0x19, 0x4f, 0x19, 0x4f, 0x19, 0x4f, 0x19, 0x4f, 0x19, 0x4f, 0x19, 0x4f, 0x19,
  0x38, 0x2a, 0x38, 0x2a, 0x38, 0x2a, 0x18, 0x2a, 0x18, 0x2a, 0x38, 0x2a, 0x38, 0x2a, 0x18, 0x22, 0x99, 0x3a, 0x38, 0x2a, 0x39, 0x2a, 0xaa, 0x08, 0x0c, 0x54, 0xfc, 0xa7, 0xfa, 0x9f, 0xfa, 0x9f,
  0xfa, 0x9f, 0xfa, 0x9f, 0xfa, 0x9f, 0xfa, 0x9f, 0xfa, 0x9f, 0xdb, 0x9f, 0xdb, 0x9f, 0xfb, 0x9f, 0xfb, 0x9f, 0xfa, 0x9f, 0xfa, 0x9f, 0xfb, 0x9f, 0xfb, 0x9f, 0xfb, 0x9f, 0xfb, 0x9f, 0xfb, 0x9f,
  0xfb, 0x9f, 0xfb, 0x9f, 0xfb, 0x9f, 0xfb, 0x9f, 0xfb, 0x9f, 0xfb, 0x9f, 0x9a, 0x97, 0x85, 0x11, 0xfd, 0x3f, 0xda, 0x3f, 0xda, 0x3f, 0xda, 0x3f, 0xda, 0x3f, 0xdb, 0x3f, 0xb7, 0x36, 0xe6, 0x11,
  0x00, 0x00, 0x82, 0x00, 0x9a, 0x3f, 0x6b, 0x1b, 0xcd, 0x1b, 0x72, 0x2d, 0xfb, 0x3f, 0xdb, 0x3f, 0xda, 0x3f, 0xdb, 0x3f, 0xba, 0x37, 0x72, 0x2d, 0x2e, 0x4c, 0xfd, 0x9f, 0xfb, 0x97, 0xfb, 0x97,
  0xfb, 0x97, 0xfb, 0x97, 0xfb, 0x97, 0xfb, 0x97, 0xfb, 0x97, 0xfb, 0x97, 0xfb, 0x97, 0xfb, 0x97, 0xfb, 0x97, 0xfb, 0x97, 0xfb, 0x97, 0xdb, 0x97, 0xdb, 0x97, 0xdb, 0x97, 0xdb, 0x97, 0xdb, 0x97,
  0xdb, 0x97, 0xdb, 0x97, 0xdc, 0x97, 0xdc, 0x97, 0xdc, 0x97, 0xdb, 0x97, 0xdb, 0x97, 0xdc, 0x97, 0xdc, 0x97, 0xdc, 0x97, 0xdc, 0x97, 0xdc, 0x97, 0xdc, 0x97, 0xdc, 0x97, 0xdc, 0x97, 0xdc, 0x97,
  0xdc, 0x97, 0xdc, 0x97, 0xdc, 0x97, 0xdc, 0x97, 0xdc, 0x97, 0xdc, 0x97, 0xdc, 0x8f, 0xdc, 0x8f, 0xdc, 0x97, 0xdc, 0x97, 0xdc, 0x8f, 0xdc, 0x8f, 0xdc, 0x8f, 0xdc, 0x8f, 0xdc, 0x8f, 0xdc, 0x8f,
  0xdc, 0x8f, 0xdc, 0x8f, 0xdc, 0x8f, 0xdc, 0x8f, 0xdc, 0x8f, 0xdc, 0x8f, 0xdc, 0x8f, 0xdc, 0x8f, 0xdc, 0x8f, 0xdc, 0x8f, 0xdc, 0x8f, 0xdc, 0x8f, 0xdc, 0x8f, 0xdc, 0x8f, 0xdc, 0x8f, 0xdc, 0x8f,
  0xdc, 0x8f, 0xdc, 0x8f, 0xdc, 0x8f, 0xdc, 0x8f, 0xdc, 0x8f, 0xdc, 0x8f, 0xdc, 0x8f, 0xdc, 0x8f, 0xdc, 0x8f, 0xdc, 0x8f, 0xdc, 0x8f, 0xdc, 0x8f, 0xdc, 0x8f, 0xdc, 0x8f, 0xdd, 0x8f, 0xdd, 0x8f,
  0xdd, 0x87, 0xdd, 0x8f, 0xdc, 0x8f, 0xdc, 0x8f, 0xdc, 0x8f, 0xdd, 0x8f, 0xdd, 0x8f, 0xdd, 0x87, 0xdd, 0x87, 0xdd, 0x87, 0xdd, 0x87, 0xdd, 0x87, 0xdd, 0x87, 0xdd, 0x87, 0xdd, 0x87, 0xdd, 0x87,
  0xdd, 0x87, 0xff, 0x8f, 0x6d, 0x3b, 0x69, 0x33, 0xf6, 0x7f, 0x94, 0x77, 0xf5, 0x7f, 0x6c, 0x44, 0x09, 0x11, 0x72, 0x19, 0xb4, 0x21, 0xb3, 0x21, 0xb3, 0x21, 0xb3, 0x21, 0xb3, 0x21, 0xb3, 0x21,
  0xb4, 0x21, 0x4c, 0x21, 0x2f, 0x43, 0x9c, 0x65, 0x1e, 0x6e, 0x1e, 0x6e, 0x5a, 0x65, 0x8b, 0x32, 0x72, 0x6d, 0xfb, 0xa7, 0xfa, 0x9f, 0xdb, 0x9f, 0xdb, 0x9f, 0xfb, 0x9f, 0xfb, 0x9f, 0xfa, 0x9f,
  0xfa, 0x9f, 0xfb, 0x9f, 0xfb, 0x9f, 0xfb, 0x9f, 0xfb, 0x9f, 0xfb, 0x9f, 0xfb, 0x9f, 0xfb, 0x9f, 0xfb, 0x9f, 0xfb, 0x9f, 0xfb, 0x9f, 0xfb, 0x9f, 0xfb, 0x9f, 0xfb, 0x9f, 0xfb, 0x9f, 0xfb, 0x9f,
  0xfb, 0x9f, 0xfb, 0x9f, 0xfb, 0x9f, 0xfb, 0x9f, 0xfb, 0x9f, 0xfb, 0x9f, 0xfb, 0x9f, 0xfb, 0x9f, 0xfb, 0x97, 0xfb, 0x97, 0xfb, 0x9f, 0xfb, 0x9f, 0xfb, 0x97, 0xfb, 0x97, 0xfb, 0x97, 0xfb, 0x97,
  0xfb, 0x97, 0xfb, 0x97, 0xfb, 0x97, 0xfb, 0x97, 0xfb, 0x97, 0xfb, 0x97, 0xfb, 0x97, 0xfb, 0x97, 0xfb, 0x97, 0xfb, 0x97, 0xfb, 0x97, 0xfb, 0x97, 0xfb, 0x97, 0xfb, 0x97, 0xfb, 0x97, 0xdb, 0x97,
  0xdb, 0x97, 0xdb, 0x97, 0xdb, 0x97, 0xdb, 0x97, 0xdb, 0x97, 0xdb, 0x97, 0xdc, 0x97, 0xdc, 0x97, 0xdb, 0x97, 0xdb, 0x97, 0xdb, 0x97, 0xdc, 0x97, 0xdc, 0x97, 0xdc, 0x97, 0xdc, 0x97, 0xdc, 0x97,
  0xdc, 0x97, 0xdc, 0x97, 0xdc, 0x97, 0xdc, 0x97, 0xdc, 0x97, 0xdc, 0x97, 0xdc, 0x97, 0xdc, 0x97, 0xdc, 0x97, 0xdc, 0x8f, 0xdc, 0x8f, 0xdc, 0x97, 0xdc, 0x97, 0xdc, 0x97, 0xdc, 0x8f, 0xdc, 0x8f,
  0xdc, 0x8f, 0xdc, 0x8f, 0xdc, 0x8f, 0xdc, 0x8f, 0xdc, 0x8f, 0xdc, 0x8f, 0xdc, 0x8f, 0xdc, 0x8f, 0xdc, 0x8f, 0xdc, 0x8f, 0xdc, 0x8f, 0xdc, 0x8f, 0xdc, 0x8f, 0xdc, 0x8f, 0xdc, 0x8f, 0xdc, 0x8f,
  0xdc, 0x8f, 0xdc, 0x8f, 0xdc, 0x8f, 0xdc, 0x8f, 0xdc, 0x8f, 0xdc, 0x8f, 0xdc, 0x8f, 0xdc, 0x8f, 0xdc, 0x8f, 0xdc, 0x8f, 0xdc, 0x8f, 0xdc, 0x8f, 0xdc, 0x8f, 0xdc, 0x8f, 0xdc, 0x8f, 0xdc, 0x8f,
  0xdc, 0x8f, 0xdc, 0x8f, 0xdd, 0x8f, 0xfd, 0x8f, 0x57, 0x6e, 0xc3, 0x10, 0x50, 0x19, 0x4f, 0x19, 0x4f, 0x19, 0x4f, 0x19, 0x4f, 0x19, 0x4f, 0x19, 0x4f, 0x19, 0x4f, 0x19, 0x4f, 0x19, 0x4f, 0x19,
  0x38, 0x2a, 0x18, 0x2a, 0x18, 0x2a, 0x38, 0x2a, 0x38, 0x2a, 0x38, 0x2a, 0x38, 0x2a, 0x18, 0x22, 0x99, 0x3a, 0x38, 0x2a, 0x39, 0x22, 0xaa, 0x08, 0x0c, 0x54, 0xfc, 0xa7, 0xfa, 0x9f, 0xfa, 0x9f,
  0xfa, 0x9f, 0xfa, 0x9f, 0xdb, 0x9f, 0xdb, 0x9f, 0xdb, 0x9f, 0xfb, 0x9f, 0xfa, 0x9f, 0xfa, 0x9f, 0xfa, 0x9f, 0xfb, 0x9f, 0xfb, 0x9f, 0xfb, 0x9f, 0xfb, 0x9f, 0xfb, 0x9f, 0xfb, 0x9f, 0xfb, 0x9f,
  0xfb, 0x9f, 0xfb, 0x9f, 0xfb, 0x9f, 0xfb, 0x9f, 0xfb, 0x9f, 0xfb, 0x9f, 0x9a, 0x97, 0x44, 0x09, 0xfd, 0x3f, 0xfc, 0x3f, 0xfc, 0x3f, 0xfc, 0x3f, 0xfc, 0x3f, 0xfc, 0x3f, 0xfc, 0x3f, 0xf7, 0x36,
  0x4f, 0x24, 0x0e, 0x1c, 0xfe, 0x47, 0xfb, 0x3f, 0xfc, 0x3f, 0xfd, 0x3f, 0xfc, 0x3f, 0xfc, 0x3f, 0xfc, 0x3f, 0xfc, 0x3f, 0xfb, 0x3f, 0x90, 0x24, 0x4f, 0x4c, 0xfc, 0x9f, 0xfb, 0x97, 0xfb, 0x97,
  0xfb, 0x97, 0xfb, 0x97, 0xfb, 0x97, 0xfb, 0x97, 0xfb, 0x97, 0xfb, 0x97, 0xfb, 0x97, 0xfb, 0x97, 0xdb, 0x97, 0xdb, 0x97, 0xdb, 0x97, 0xdb, 0x97, 0xdb, 0x97, 0xdb, 0x97, 0xdb, 0x97, 0xdb, 0x97,
  0xdc, 0x97, 0xdc, 0x97, 0xdb, 0x97, 0xdb, 0x97, 0xdb, 0x97, 0xdc, 0x97, 0xdc, 0x97, 0xdc, 0x97, 0xdc, 0x97, 0xdc, 0x97, 0xdc, 0x97, 0xdc, 0x97, 0xdc, 0x97, 0xdc, 0x97, 0xdc, 0x97, 0xdc, 0x97,
  0xdc, 0x97, 0xdc, 0x97, 0xdc, 0x97, 0xdc, 0x8f, 0xdc, 0x8f, 0xdc, 0x97, 0xdc, 0x97, 0xdc, 0x97, 0xdc, 0x8f, 0xdc, 0x8f, 0xdc, 0x8f, 0xdc, 0x8f, 0xdc, 0x8f, 0xdc, 0x8f, 0xdc, 0x8f, 0xdc, 0x8f,
  0xdc, 0x8f, 0xdc, 0x8f, 0xdc, 0x8f, 0xdc, 0x8f, 0xdc, 0x8f, 0xdc, 0x8f, 0xdc, 0x8f, 0xdc, 0x8f, 0xdc, 0x8f, 0xdc, 0x8f, 0xdc, 0x8f, 0xdc, 0x8f, 0xdc, 0x8f, 0xdc, 0x8f, 0xdc, 0x8f, 0xdc, 0x8f,
  0xdc, 0x8f, 0xdc, 0x8f, 0xdc, 0x8f, 0xdc, 0x8f, 0xdc, 0x8f, 0xdc, 0x8f, 0xdc, 0x8f, 0xdc, 0x8f, 0xdc, 0x8f, 0xdc, 0x8f, 0xdc, 0x8f, 0xdc, 0x8f, 0xdc, 0x8f, 0xdd, 0x87, 0x98, 0xa7, 0x34, 0xc7,
  0xba, 0xa7, 0xdd, 0x8f, 0xdd, 0x8f, 0xdd, 0x8f, 0xdd, 0x87, 0xdd, 0x87, 0xdd, 0x87, 0xde, 0x87, 0xde, 0x97, 0xdd, 0x9f, 0xdd, 0x9f, 0xdd, 0x97, 0xde, 0x8f, 0xde, 0x87, 0xdd, 0x87, 0xdd, 0x87,
  0xdd, 0x87, 0xff, 0x8f, 0x6d, 0x3b, 0x69, 0x33, 0xf6, 0x7f, 0xb5, 0x87, 0xf6, 0x8f, 0x6c, 0x44, 0x09, 0x11, 0x72, 0x19, 0xb4, 0x21, 0xb3, 0x21, 0xb3, 0x21, 0xb3, 0x21, 0xb3, 0x21, 0xb3, 0x21,
  0xb4, 0x21, 0x4c, 0x21, 0x4f, 0x43, 0x9c, 0x65, 0x1e, 0x6e, 0x1e, 0x6e, 0x5a, 0x65, 0x8b, 0x32, 0x52, 0x6d, 0xfc, 0xa7, 0xdb, 0x9f, 0xfb, 0x9f, 0xfa, 0x9f, 0xfa, 0x9f, 0xfa, 0x9f, 0xfb, 0x9f,
  0xfb, 0x9f, 0xfb, 0x9f, 0xfb, 0x9f, 0xfb, 0x9f, 0xfb, 0x9f, 0xfb, 0x9f, 0xfb, 0x9f, 0xfb, 0x9f, 0xfb, 0x9f, 0xfb, 0x9f, 0xfb, 0x9f, 0xfb, 0x9f, 0xfb, 0x9f, 0xfb, 0x9f, 0xfb, 0x9f, 0xfb, 0x9f,
  0xfb, 0x9f, 0xfb, 0x9f, 0xfb, 0x9f, 0xfb, 0x9f, 0xfb, 0x9f, 0xfb, 0x97, 0xfb, 0x97, 0xfb, 0x9f, 0xfb, 0x9f, 0xfb, 0x9f, 0xfb, 0x97, 0xfb, 0x97, 0xfb, 0x97, 0xfb, 0x97, 0xfb, 0x97, 0xfb, 0x97,
  0xfb, 0x97, 0xfb, 0x97, 0xfb, 0x97, 0xfb, 0x97, 0xfb, 0x97, 0xfb, 0x97, 0xfb, 0x97, 0xfb, 0x97, 0xfb, 0x97, 0xfb, 0x97, 0xfb, 0x97, 0xfb, 0x97, 0xdb, 0x97, 0xdb, 0x97, 0xdb, 0x97, 0xdb, 0x97,
  0xdb, 0x97, 0xdb, 0x97, 0xdb, 0x97, 0xdb, 0x97, 0xdc, 0x97, 0xdc, 0x97, 0xdb, 0x97, 0xdb, 0x97, 0xdc, 0x97, 0xdc, 0x97, 0xdc, 0x97, 0xdc, 0x97, 0xdc, 0x97, 0xdc, 0x97, 0xdc, 0x97, 0xdc, 0x97,
  0xdc, 0x97, 0xdc, 0x97, 0xdc, 0x97, 0xdc, 0x97, 0xdc, 0x97, 0xdc, 0x97, 0xdc, 0x97, 0xdc, 0x8f, 0xdc, 0x8f, 0xdc, 0x97, 0xdc, 0x97, 0xdc, 0x8f, 0xdc, 0x8f, 0xdc, 0x8f, 0xdc, 0x8f, 0xdc, 0x8f,
  0xdc, 0x8f, 0xdc, 0x8f, 0xdc, 0x8f, 0xdc, 0x8f, 0xdc, 0x8f, 0xdc, 0x8f, 0xdc, 0x8f, 0xdc, 0x8f, 0xdc, 0x8f, 0xdc, 0x8f, 0xdc, 0x8f, 0xdc, 0x8f, 0xdc, 0x8f, 0xdc, 0x8f, 0xdc, 0x8f, 0xdc, 0x8f,
  0xdc, 0x8f, 0xdc, 0x8f, 0xdc, 0x8f, 0xdc, 0x8f, 0xdc, 0x8f, 0xdc, 0x8f, 0xdc, 0x8f, 0xdc, 0x8f, 0xdc, 0x8f, 0xdc, 0x8f, 0xdc, 0x8f, 0xdc, 0x8f, 0xdc, 0x8f, 0xdc, 0x8f, 0xdc, 0x8f, 0xdc, 0x8f,
  0xdd, 0x8f, 0xdc, 0x8f, 0xdc, 0x8f, 0xfd, 0x8f, 0x57, 0x6e, 0xc3, 0x10, 0x50, 0x19, 0x4f, 0x19, 0x4f, 0x19, 0x4f, 0x19, 0x4f, 0x19, 0x4f, 0x19, 0x4f, 0x19, 0x4f, 0x19, 0x4f, 0x19, 0x2f, 0x19,
  0x18, 0x2a, 0x38, 0x2a, 0x38, 0x2a, 0x38, 0x2a, 0x38, 0x2a, 0x38, 0x2a, 0x38, 0x2a, 0x18, 0x22, 0x99, 0x3a, 0x38, 0x2a, 0x39, 0x22, 0xaa, 0x08, 0x0c, 0x54, 0xfc, 0xa7, 0xfa, 0x9f, 0xfa, 0x9f,
  0xdb, 0x9f, 0xdb, 0x9f, 0xfb, 0x9f, 0xfb, 0x9f, 0xfa, 0x9f, 0xfa, 0x9f, 0xfb, 0x9f, 0xfb, 0x9f, 0xfb, 0x9f, 0xfb, 0x9f, 0xfb, 0x9f, 0xfb, 0x9f, 0xfb, 0x9f, 0xfb, 0x9f, 0xfb, 0x9f, 0xfb, 0x9f,
  0xfb, 0x9f, 0xfb, 0x9f, 0xfb, 0x9f, 0xfb, 0x9f, 0xfb, 0x9f, 0xfb, 0x9f, 0xda, 0x9f, 0xed, 0x43, 0x8c, 0x13, 0x0e, 0x1c, 0x0e, 0x1c, 0x0e, 0x1c, 0x0e, 0x1c, 0x0e, 0x1c, 0x0e, 0x1c, 0x4e, 0x1c,
  0x2e, 0x1c, 0xac, 0x1b, 0x2e, 0x1c, 0x0e, 0x1c, 0x0e, 0x1c, 0x0e, 0x1c, 0x0e, 0x1c, 0x0e, 0x1c, 0x0e, 0x1c, 0x0e, 0x1c, 0xed, 0x1b, 0x6c, 0x2b, 0xd8, 0x86, 0xfc, 0x9f, 0xfb, 0x97, 0xfb, 0x97,
  0xfb, 0x97, 0xfb, 0x97, 0xfb, 0x97, 0xfb, 0x97, 0xfb, 0x97, 0xfb, 0x97, 0xdb, 0x97, 0xdb, 0x97, 0xdb, 0x97, 0xdb, 0x97, 0xdb, 0x97, 0xdb, 0x97, 0xdb, 0x97, 0xdc, 0x97, 0xdc, 0x97, 0xdc, 0x97,
  0xdb, 0x97, 0xdb, 0x97, 0xdc, 0x97, 0xdc, 0x97, 0xdc, 0x97, 0xdc, 0x97, 0xdc, 0x97, 0xdc, 0x97, 0xdc, 0x97, 0xdc, 0x97, 0xdc, 0x97, 0xdc, 0x97, 0xdc, 0x97, 0xdc, 0x97, 0xdc, 0x97, 0xdc, 0x97,
  0xdc, 0x97, 0xdc, 0x8f, 0xdc, 0x8f, 0xdc, 0x97, 0xdc, 0x97, 0xdc, 0x8f, 0xdc, 0x8f, 0xdc, 0x8f, 0xdc, 0x8f, 0xdc, 0x8f, 0xdc, 0x8f, 0xdc, 0x8f, 0xdc, 0x8f, 0xdc, 0x8f, 0xdc, 0x8f, 0xdc, 0x8f,
  0xdc, 0x8f, 0xdc, 0x8f, 0xdc, 0x8f, 0xdc, 0x8f, 0xdc, 0x8f, 0xdc, 0x8f, 0xdc, 0x8f, 0xdc, 0x8f, 0xdc, 0x8f, 0xdc, 0x8f, 0xdc, 0x8f, 0xdc, 0x8f, 0xdc, 0x8f, 0xdc, 0x8f, 0xdc, 0x8f, 0xdc, 0x8f,
  0xdc, 0x8f, 0xdc, 0x8f, 0xdc, 0x8f, 0xdc, 0x8f, 0xdc, 0x8f, 0xdc, 0x8f, 0xdc, 0x8f, 0xdc, 0x8f, 0xdc, 0x8f, 0xdc, 0x8f, 0xdc, 0x8f, 0xdd, 0x8f, 0xdd, 0x8f, 0xdd, 0x8f, 0xb2, 0xbe, 0xa7, 0xed,
  0x14, 0xbf, 0xfd, 0x8f, 0xdd, 0x87, 0xdd, 0x87, 0xde, 0x8f, 0xbb, 0xaf, 0x96, 0xc7, 0x73, 0xd7, 0x92, 0xdf, 0x72, 0xdf, 0x72, 0xdf, 0x72, 0xdf, 0x93, 0xd7, 0x96, 0xc7, 0xba, 0xaf, 0xdd, 0x97,
  0xde, 0x87, 0xff, 0x8f, 0x6d, 0x3b, 0x89, 0x33, 0xf6, 0x8f, 0xcf, 0xbe, 0x50, 0xc7, 0x6c, 0x5c, 0x09, 0x11, 0x72, 0x19, 0xb4, 0x21, 0xb3, 0x21, 0xb3, 0x21, 0xb3, 0x21, 0xb3, 0x21, 0xb3, 0x21,
  0xb4, 0x21, 0x4c, 0x21, 0x4f, 0x4b, 0xbc, 0x65, 0x1e, 0x6e, 0x3e, 0x76, 0x5a, 0x65, 0x8b, 0x32, 0x52, 0x6d, 0xfc, 0xa7, 0xfa, 0x9f, 0xfa, 0x9f, 0xfb, 0x9f, 0xfb, 0x9f, 0xfb, 0x9f, 0xfb, 0x9f,
  0xfb, 0x9f, 0xfb, 0x9f, 0xfb, 0x9f, 0xfb, 0x9f, 0xfb, 0x9f, 0xfb, 0x9f, 0xfb, 0x9f, 0xfb, 0x9f, 0xfb, 0x9f, 0xfb, 0x9f, 0xfb, 0x9f, 0xfb, 0x9f, 0xfb, 0x9f, 0xfb, 0x9f, 0xfb, 0x9f, 0xfb, 0x9f,
  0xfb, 0x9f, 0xfb, 0x9f, 0xfb, 0x9f, 0xfb, 0x97, 0xfb, 0x97, 0xfb, 0x9f, 0xfb, 0x9f, 0xfb, 0x97, 0xfb, 0x97, 0xfb, 0x97, 0xfb, 0x97, 0xfb, 0x97, 0xfb, 0x97, 0xfb, 0x97, 0xfb, 0x97, 0xfb, 0x97,
  0xfb, 0x97, 0xfb, 0x97, 0xfb, 0x97, 0xfb, 0x97, 0xfb, 0x97, 0xfb, 0x97, 0xfb, 0x97, 0xfb, 0x97, 0xfb, 0x97, 0xfb, 0x97, 0xdb, 0x97, 0xdb, 0x97, 0xdb, 0x97, 0xdb, 0x97, 0xdb, 0x97, 0xdb, 0x97,
  0xdb, 0x97, 0xdb, 0x97, 0xdc, 0x97, 0xdb, 0x97, 0xdb, 0x97, 0xdb, 0x97, 0xdc, 0x97, 0xdc, 0x97, 0xdc, 0x97, 0xdc, 0x97, 0xdc, 0x97, 0xdc, 0x97, 0xdc, 0x97, 0xdc, 0x97, 0xdc, 0x97, 0xdc, 0x97,
  0xdc, 0x97, 0xdc, 0x97, 0xdc, 0x97, 0xdc, 0x97, 0xdc, 0x8f, 0xdc, 0x8f, 0xdc, 0x97, 0xdc, 0x97, 0xdc, 0x97, 0xdc, 0x8f, 0xdc, 0x8f, 0xdc, 0x8f, 0xdc, 0x8f, 0xdc, 0x8f, 0xdc, 0x8f, 0xdc, 0x8f,
  0xdc, 0x8f, 0xdc, 0x8f, 0xdc, 0x8f, 0xdc, 0x8f, 0xdc, 0x8f, 0xdc, 0x8f, 0xdc, 0x8f, 0xdc, 0x8f, 0xdc, 0x8f, 0xdc, 0x8f, 0xdc, 0x8f, 0xdc, 0x8f, 0xdc, 0x8f, 0xdc, 0x8f, 0xdc, 0x8f, 0xdc, 0x8f,
  0xdc, 0x8f, 0xdc, 0x8f, 0xdc, 0x8f, 0xdc, 0x8f, 0xdc, 0x8f, 0xdc, 0x8f, 0xdc, 0x8f, 0xdc, 0x8f, 0xdc, 0x8f, 0xdc, 0x8f, 0xdc, 0x8f, 0xdc, 0x8f, 0xdc, 0x8f, 0xdd, 0x8f, 0xdd, 0x8f, 0xdc, 0x8f,
  0xdc, 0x8f, 0xdd, 0x8f, 0xdd, 0x8f, 0xfd, 0x8f, 0x57, 0x6e, 0xc3, 0x10, 0x50, 0x19, 0x4f, 0x19, 0x4f, 0x19, 0x4f, 0x19, 0x4f, 0x19, 0x4f, 0x19, 0x2f, 0x19, 0x2f, 0x19, 0x2f, 0x19, 0x4f, 0x19,
  0x18, 0x22, 0x18, 0x22, 0x18, 0x22, 0x18, 0x22, 0x18, 0x22, 0x18, 0x22, 0x18, 0x22, 0xf8, 0x21, 0x99, 0x3a, 0x38, 0x2a, 0x19, 0x22, 0xaa, 0x08, 0x0c, 0x54, 0xfc, 0xa7, 0xdb, 0x9f, 0xdb, 0x9f,
  0xfb, 0x9f, 0xfa, 0x9f, 0xfa, 0x9f, 0xfa, 0x9f, 0xfb, 0x9f, 0xfb, 0x9f, 0xfb, 0x9f, 0xfb, 0x9f, 0xfb, 0x9f, 0xfb, 0x9f, 0xfb, 0x9f, 0xfb, 0x9f, 0xfb, 0x9f, 0xfb, 0x9f, 0xfb, 0x9f, 0xfb, 0x9f,
  0xfb, 0x9f, 0xfb, 0x9f, 0xfb, 0x9f, 0xfb, 0x9f, 0xfb, 0x9f, 0xfb, 0x9f, 0xfb, 0x9f, 0x59, 0x8f, 0xb0, 0x5c, 0x11, 0x5d, 0x11, 0x5d, 0x11, 0x5d, 0x11, 0x5d, 0x11, 0x5d, 0x11, 0x5d, 0x11, 0x5d,
  0x11, 0x5d, 0x11, 0x5d, 0x11, 0x5d, 0x11, 0x5d, 0x11, 0x5d, 0x11, 0x5d, 0x11, 0x5d, 0x11, 0x5d, 0x11, 0x5d, 0x11, 0x5d, 0x11, 0x5d, 0x15, 0x76, 0xfd, 0x9f, 0xfb, 0x97, 0xfb, 0x97, 0xfb, 0x97,
  0xfb, 0x97, 0xfb, 0x97, 0xfb, 0x97, 0xdb, 0x97, 0xdb, 0x97, 0xdb, 0x97, 0xdb, 0x97, 0xdb, 0x97, 0xdb, 0x97, 0xdb, 0x97, 0xdb, 0x97, 0xdc, 0x97, 0xdc, 0x97, 0xdb, 0x97, 0xdb, 0x97, 0xdb, 0x97,
  0xdc, 0x97, 0xdc, 0x97, 0xdc, 0x97, 0xdc, 0x97, 0xdc, 0x97, 0xdc, 0x97, 0xdc, 0x97, 0xdc, 0x97, 0xdc, 0x97, 0xdc, 0x97, 0xdc, 0x97, 0xdc, 0x97, 0xdc, 0x97, 0xdc, 0x97, 0xdc, 0x8f, 0xdc, 0x8f,
  0xdc, 0x8f, 0xdc, 0x97, 0xdc, 0x97, 0xdc, 0x8f, 0xdc, 0x8f, 0xdc, 0x8f, 0xdc, 0x8f, 0xdc, 0x8f, 0xdc, 0x8f, 0xdc, 0x8f, 0xdc, 0x8f, 0xdc, 0x8f, 0xdc, 0x8f, 0xdc, 0x8f, 0xdc, 0x8f, 0xdc, 0x8f,
  0xdc, 0x8f, 0xdc, 0x8f, 0xdc, 0x8f, 0xdc, 0x8f, 0xdc, 0x8f, 0xdc, 0x8f, 0xdc, 0x8f, 0xdc, 0x8f, 0xdc, 0x8f, 0xdc, 0x8f, 0xdc, 0x8f, 0xdc, 0x8f, 0xdc, 0x8f, 0xdc, 0x8f, 0xdc, 0x8f, 0xdc, 0x8f,
  0xdc, 0x8f, 0xdc, 0x8f, 0xdc, 0x8f, 0xdc, 0x8f, 0xdc, 0x8f, 0xdc, 0x8f, 0xdc, 0x8f, 0xdc, 0x8f, 0xdc, 0x8f, 0xdd, 0x8f, 0xdd, 0x8f, 0xdc, 0x8f, 0xdd, 0x8f, 0xdd, 0x8f, 0x37, 0xa7, 0x71, 0xbe,
  0x37, 0xa7, 0xfe, 0x87, 0xdd, 0x97, 0x99, 0xb7, 0x53, 0xd7, 0x2f, 0xef, 0x0a, 0xff, 0xc7, 0xfe, 0xc6, 0xfe, 0xc6, 0xfe, 0xc6, 0xfe, 0xc6, 0xfe, 0xc7, 0xfe, 0xe9, 0xfe, 0x2e, 0xef, 0x93, 0xdf,
  0xb8, 0xb7, 0xff, 0x9f, 0x4d, 0x33, 0x69, 0x33, 0xf7, 0x8f, 0xea, 0xcd, 0x2a, 0xde, 0x2b, 0x64, 0x09, 0x11, 0x72, 0x19, 0x93, 0x19, 0x93, 0x19, 0x93, 0x19, 0x93, 0x19, 0x93, 0x19, 0x93, 0x19,
  0x94, 0x19, 0x4c, 0x21, 0x4f, 0x43, 0xbb, 0x6d, 0x1e, 0x6e, 0x3e, 0x76, 0x5a, 0x65, 0x8b, 0x32, 0x52, 0x6d, 0xfc, 0xa7, 0xfb, 0x9f, 0xfb, 0x9f, 0xfb, 0x9f, 0xfb, 0x9f, 0xfb, 0x9f, 0xfb, 0x9f,
  0xfb, 0x9f, 0xfb, 0x9f, 0xfb, 0x9f, 0xfb, 0x9f, 0xfb, 0x9f, 0xfb, 0x9f, 0xfb, 0x9f, 0xfb, 0x9f, 0xfb, 0x9f, 0xfb, 0x9f, 0xfb, 0x9f, 0xfb, 0x9f, 0xfb, 0x9f, 0xfb, 0x9f, 0xfb, 0x9f, 0xfb, 0x9f,
  0xfb, 0x97, 0xfb, 0x97, 0xfb, 0x9f, 0xfb, 0x9f, 0xfb, 0x9f, 0xfb, 0x97, 0xfb, 0x97, 0xfb, 0x97, 0xfb, 0x97, 0xfb, 0x97, 0xfb, 0x97, 0xfb, 0x97, 0xfb, 0x97, 0xfb, 0x97, 0xfb, 0x97, 0xfb, 0x97,
  0xfb, 0x97, 0xfb, 0x97, 0xfb, 0x97, 0xfb, 0x97, 0xfb, 0x97, 0xfb, 0x97, 0xfb, 0x97, 0xdb, 0x97, 0xdb, 0x97, 0xdb, 0x97, 0xdb, 0x97, 0xdb, 0x97, 0xdb, 0x97, 0xdb, 0x97, 0xdb, 0x97, 0xdc, 0x97,
  0xdc, 0x97, 0xdb, 0x97, 0xdb, 0x97, 0xdc, 0x97, 0xdc, 0x97, 0xdc, 0x97, 0xdc, 0x97, 0xdc, 0x97, 0xdc, 0x97, 0xdc, 0x97, 0xdc, 0x97, 0xdc, 0x97, 0xdc, 0x97, 0xdc, 0x97, 0xdc, 0x97, 0xdc, 0x97,
  0xdc, 0x97, 0xdc, 0x97, 0xdc, 0x8f, 0xdc, 0x8f, 0xdc, 0x97, 0xdc, 0x97, 0xdc, 0x8f, 0xdc, 0x8f, 0xdc, 0x8f, 0xdc, 0x8f, 0xdc, 0x8f, 0xdc, 0x8f, 0xdc, 0x8f, 0xdc, 0x8f, 0xdc, 0x8f, 0xdc, 0x8f,
  0xdc, 0x8f, 0xdc, 0x8f, 0xdc, 0x8f, 0xdc, 0x8f, 0xdc, 0x8f, 0xdc, 0x8f, 0xdc, 0x8f, 0xdc, 0x8f, 0xdc, 0x8f, 0xdc, 0x8f, 0xdc, 0x8f, 0xdc, 0x8f, 0xdc, 0x8f, 0xdc, 0x8f, 0xdc, 0x8f, 0xdc, 0x8f,
  0xdc, 0x8f, 0xdc, 0x8f, 0xdc, 0x8f, 0xdc, 0x8f, 0xdc, 0x8f, 0xdc, 0x8f, 0xdc, 0x8f, 0xdc, 0x8f, 0xdc, 0x8f, 0xdc, 0x8f, 0xdc, 0x8f, 0xdd, 0x8f, 0xdc, 0x8f, 0xdc, 0x8f, 0xdc, 0x8f, 0xdd, 0x8f,
  0xdd, 0x8f, 0xdd, 0x8f, 0xdd, 0x8f, 0xfd, 0x8f, 0x57, 0x6e, 0xc3, 0x10, 0x30, 0x19, 0x2f, 0x19, 0x2f, 0x19, 0x2f, 0x19, 0x2f, 0x19, 0x2f, 0x19, 0x2f, 0x19, 0x2f, 0x19, 0x2f, 0x19, 0x2f, 0x19,
  0x99, 0x3a, 0x99, 0x3a, 0x99, 0x3a, 0x99, 0x3a, 0x99, 0x3a, 0x99, 0x32, 0x99, 0x32, 0x99, 0x32, 0xb9, 0x3a, 0x99, 0x3a, 0xba, 0x3a, 0xeb, 0x10, 0x0c, 0x54, 0xfc, 0xa7, 0xfb, 0x9f, 0xfa, 0x9f,
  0xfa, 0x9f, 0xfb, 0x9f, 0xfb, 0x9f, 0xfb, 0x9f, 0xfb, 0x9f, 0xfb, 0x9f, 0xfb, 0x9f, 0xfb, 0x9f, 0xfb, 0x9f, 0xfb, 0x9f, 0xfb, 0x9f, 0xfb, 0x9f, 0xfb, 0x9f, 0xfb, 0x9f, 0xfb, 0x9f, 0xfb, 0x9f,
  0xfb, 0x9f, 0xfb, 0x9f, 0xfb, 0x9f, 0xfb, 0x9f, 0xfb, 0x9f, 0xfb, 0x9f, 0xfb, 0x9f, 0xfb, 0x9f, 0xfc, 0x9f, 0xfc, 0x9f, 0xfc, 0x9f, 0xfc, 0x9f, 0xfc, 0x9f, 0xfc, 0x9f, 0xfc, 0x9f, 0xfc, 0x9f,
  0xfc, 0x9f, 0xfc, 0x9f, 0xfc, 0x9f, 0xfc, 0x9f, 0xfc, 0x9f, 0xfc, 0x9f, 0xfc, 0x9f, 0xfc, 0x9f, 0xfc, 0x9f, 0xfc, 0x9f, 0xfc, 0x9f, 0xfc, 0x9f, 0xfb, 0x97, 0xfb, 0x97, 0xfb, 0x97, 0xfb, 0x97,
  0xfb, 0x97, 0xdb, 0x97, 0xdb, 0x97, 0xdb, 0x97, 0xdb, 0x97, 0xdb, 0x97, 0xdb, 0x97, 0xdb, 0x97, 0xdb, 0x97, 0xdc, 0x97, 0xdc, 0x97, 0xdb, 0x97, 0xdb, 0x97, 0xdc, 0x97, 0xdc, 0x97, 0xdc, 0x97,
  0xdc, 0x97, 0xdc, 0x97, 0xdc, 0x97, 0xdc, 0x97, 0xdc, 0x97, 0xdc, 0x97, 0xdc, 0x97, 0xdc, 0x97, 0xdc, 0x97, 0xdc, 0x97, 0xdc, 0x97, 0xdc, 0x97, 0xdc, 0x8f, 0xdc, 0x8f, 0xdc, 0x97, 0xdc, 0x97,
  0xdc, 0x97, 0xdc, 0x8f, 0xdc, 0x8f, 0xdc, 0x8f, 0xdc, 0x8f, 0xdc, 0x8f, 0xdc, 0x8f, 0xdc, 0x8f, 0xdc, 0x8f, 0xdc, 0x8f, 0xdc, 0x8f, 0xdc, 0x8f, 0xdc, 0x8f, 0xdc, 0x8f, 0xdc, 0x8f, 0xdc, 0x8f,
  0xdc, 0x8f, 0xdc, 0x8f, 0xdc, 0x8f, 0xdc, 0x8f, 0xdc, 0x8f, 0xdc, 0x8f, 0xdc, 0x8f, 0xdc, 0x8f, 0xdc, 0x8f, 0xdc, 0x8f, 0xdc, 0x8f, 0xdc, 0x8f, 0xdc, 0x8f, 0xdc, 0x8f, 0xdc, 0x8f, 0xdc, 0x8f,
  0xdc, 0x8f, 0xdc, 0x8f, 0xdc, 0x8f, 0xdc, 0x8f, 0xdc, 0x8f, 0xdc, 0x8f, 0xdd, 0x8f, 0xdd, 0x8f, 0xdc, 0x8f, 0xdc, 0x8f, 0xdc, 0x8f, 0xdd, 0x8f, 0xdd, 0x8f, 0xdd, 0x87, 0xfd, 0x87, 0xdd, 0x8f,
  0xdd, 0x97, 0x9b, 0xaf, 0x33, 0xd7, 0x0c, 0xf7, 0xc7, 0xfe, 0xc6, 0xfe, 0xa6, 0xfe, 0x85, 0xf6, 0x44, 0xf6, 0x04, 0xf6, 0xe4, 0xed, 0xe4, 0xed, 0x24, 0xf6, 0x64, 0xf6, 0xa5, 0xfe, 0xc7, 0xfe,
  0x0c, 0xf7, 0xf5, 0xdf, 0x8b, 0x5b, 0xaa, 0x33, 0xf6, 0x77, 0xd1, 0x9e, 0xf1, 0xa6, 0x4c, 0x4c, 0x49, 0x19, 0xf2, 0x29, 0x34, 0x32, 0x34, 0x32, 0x34, 0x32, 0x34, 0x32, 0x34, 0x32, 0x14, 0x32,
  0x35, 0x32, 0x8c, 0x29, 0x4f, 0x4b, 0xbb, 0x6d, 0x3e, 0x76, 0x3e, 0x76, 0x5a, 0x65, 0x8b, 0x32, 0x52, 0x6d, 0xfc, 0xa7, 0xfb, 0x9f, 0xfb, 0x9f, 0xfb, 0x9f, 0xfb, 0x9f, 0xfb, 0x9f, 0xfb, 0x9f,
  0xfb, 0x9f, 0xfb, 0x9f, 0xfb, 0x9f, 0xfb, 0x9f, 0xfb, 0x9f, 0xfb, 0x9f, 0xfb, 0x9f, 0xfb, 0x9f, 0xfb, 0x9f, 0xfb, 0x9f, 0xfb, 0x9f, 0xfb, 0x9f, 0xfb, 0x9f, 0xfb, 0x9f, 0xfb, 0x97, 0xfb, 0x97,
  0xfb, 0x9f, 0xfb, 0x9f, 0xfb, 0x97, 0xfb, 0x97, 0xfb, 0x97, 0xfb, 0x97, 0xfb, 0x97, 0xfb, 0x97, 0xfb, 0x97, 0xfb, 0x97, 0xfb, 0x97, 0xfb, 0x97, 0xfb, 0x97, 0xfb, 0x97, 0xfb, 0x97, 0xfb, 0x97,
  0xfb, 0x97, 0xfb, 0x97, 0xfb, 0x97, 0xfb, 0x97, 0xfb, 0x97, 0xdb, 0x97, 0xdb, 0x97, 0xdb, 0x97, 0xdb, 0x97, 0xdb, 0x97, 0xdb, 0x97, 0xdb, 0x97, 0xdb, 0x97, 0xdc, 0x97, 0xdb, 0x97, 0xdb, 0x97,
  0xdb, 0x97, 0xdc, 0x97, 0xdc, 0x97, 0xdc, 0x97, 0xdc, 0x97, 0xdc, 0x97, 0xdc, 0x97, 0xdc, 0x97, 0xdc, 0x97, 0xdc, 0x97, 0xdc, 0x97, 0xdc, 0x97, 0xdc, 0x97, 0xdc, 0x97, 0xdc, 0x97, 0xdc, 0x8f,
  0xdc, 0x8f, 0xdc, 0x97, 0xdc, 0x97, 0xdc, 0x97, 0xdc, 0x8f, 0xdc, 0x8f, 0xdc, 0x8f, 0xdc, 0x8f, 0xdc, 0x8f, 0xdc, 0x8f, 0xdc, 0x8f, 0xdc, 0x8f, 0xdc, 0x8f, 0xdc, 0x8f, 0xdc, 0x8f, 0xdc, 0x8f,
  0xdc, 0x8f, 0xdc, 0x8f, 0xdc, 0x8f, 0xdc, 0x8f, 0xdc, 0x8f, 0xdc, 0x8f, 0xdc, 0x8f, 0xdc, 0x8f, 0xdc, 0x8f, 0xdc, 0x8f, 0xdc, 0x8f, 0xdc, 0x8f, 0xdc, 0x8f, 0xdc, 0x8f, 0xdc, 0x8f, 0xdc, 0x8f,
  0xdc, 0x8f, 0xdc, 0x8f, 0xdc, 0x8f, 0xdc, 0x8f, 0xdc, 0x8f, 0xdc, 0x8f, 0xdc, 0x8f, 0xdc, 0x8f, 0xdd, 0x8f, 0xdd, 0x8f, 0xdc, 0x8f, 0xdc, 0x8f, 0xdd, 0x8f, 0xdd, 0x8f, 0xdd, 0x8f, 0xdd, 0x8f,
  0xdd, 0x8f, 0xdd, 0x87, 0xdd, 0x8f, 0xfe, 0x8f, 0x57, 0x6e, 0xc3, 0x10, 0xd1, 0x29, 0xd0, 0x29, 0xd0, 0x29, 0xd0, 0x29, 0xd0, 0x29, 0xd0, 0x29, 0xd0, 0x29, 0xd0, 0x29, 0xd0, 0x29, 0xd0, 0x29,
  0x78, 0x32, 0x78, 0x32, 0x78, 0x32, 0x78, 0x32, 0x78, 0x32, 0x78, 0x32, 0x78, 0x32, 0x78, 0x32, 0xb9, 0x3a, 0x78, 0x32, 0x99, 0x32, 0xca, 0x10, 0x0c, 0x54, 0xfc, 0xa7, 0xfa, 0x9f, 0xfb, 0x9f,
  0xfb, 0x9f, 0xfb, 0x9f, 0xfb, 0x9f, 0xfb, 0x9f, 0xfb, 0x9f, 0xfb, 0x9f, 0xfb, 0x9f, 0xfb, 0x9f, 0xfb, 0x9f, 0xfb, 0x9f, 0xfb, 0x9f, 0xfb, 0x9f, 0xfb, 0x9f, 0xfb, 0x9f, 0xfb, 0x9f, 0xfb, 0x9f,
  0xfb, 0x9f, 0xfb, 0x9f, 0xfb, 0x9f, 0xfb, 0x9f, 0xfb, 0x9f, 0xfb, 0x9f, 0xfb, 0x97, 0xfb, 0x97, 0xfb, 0x9f, 0xfb, 0x9f, 0xfb, 0x9f, 0xfb, 0x97, 0xfb, 0x97, 0xfb, 0x97, 0xfb, 0x97, 0xfb, 0x97,
  0xfb, 0x97, 0xfb, 0x97, 0xfb, 0x97, 0xfb, 0x97, 0xfb, 0x97, 0xfb, 0x97, 0xfb, 0x97, 0xfb, 0x97, 0xfb, 0x97, 0xfb, 0x97, 0xfb, 0x97, 0xfb, 0x97, 0xfb, 0x97, 0xfb, 0x97, 0xdb, 0x97, 0xdb, 0x97,
  0xdb, 0x97, 0xdb, 0x97, 0xdb, 0x97, 0xdb, 0x97, 0xdb, 0x97, 0xdb, 0x97, 0xdc, 0x97, 0xdc, 0x97, 0xdb, 0x97, 0xdb, 0x97, 0xdb, 0x97, 0xdc, 0x97, 0xdc, 0x97, 0xdc, 0x97, 0xdc, 0x97, 0xdc, 0x97,
  0xdc, 0x97, 0xdc, 0x97, 0xdc, 0x97, 0xdc, 0x97, 0xdc, 0x97, 0xdc, 0x97, 0xdc, 0x97, 0xdc, 0x97, 0xdc, 0x97, 0xdc, 0x8f, 0xdc, 0x8f, 0xdc, 0x8f, 0xdc, 0x97, 0xdc, 0x97, 0xdc, 0x8f, 0xdc, 0x8f,
  0xdc, 0x8f, 0xdc, 0x8f, 0xdc, 0x8f, 0xdc, 0x8f, 0xdc, 0x8f, 0xdc, 0x8f, 0xdc, 0x8f, 0xdc, 0x8f, 0xdc, 0x8f, 0xdc, 0x8f, 0xdc, 0x8f, 0xdc, 0x8f, 0xdc, 0x8f, 0xdc, 0x8f, 0xdc, 0x8f, 0xdc, 0x8f,
  0xdc, 0x8f, 0xdc, 0x8f, 0xdc, 0x8f, 0xdc, 0x8f, 0xdc, 0x8f, 0xdc, 0x8f, 0xdc, 0x8f, 0xdc, 0x8f, 0xdc, 0x8f, 0xdc, 0x8f, 0xdc, 0x8f, 0xdc, 0x8f, 0xdc, 0x8f, 0xdc, 0x8f, 0xdc, 0x8f, 0xdc, 0x8f,
  0xdc, 0x8f, 0xdc, 0x8f, 0xdc, 0x8f, 0xdc, 0x8f, 0xdd, 0x8f, 0xdd, 0x8f, 0xdc, 0x8f, 0xdc, 0x8f, 0xdd, 0x8f, 0xdd, 0x8f, 0xdd, 0x8f, 0xdd, 0x8f, 0xdd, 0x8f, 0xdd, 0x87, 0xdd, 0x87, 0xdd, 0x8f,
  0x79, 0xbf, 0xcf, 0xee, 0xc8, 0xfe, 0xc6, 0xfe, 0xa6, 0xf6, 0x85, 0xf6, 0xc4, 0xed, 0xe3, 0xe4, 0x62, 0xdc, 0x01, 0xdc, 0xa1, 0xd3, 0x61, 0xcb, 0x61, 0xcb, 0x02, 0xd4, 0x03, 0xe5, 0xe4, 0xf5,
  0x85, 0xfe, 0x08, 0xff, 0xa9, 0xcd, 0x0f, 0x8e, 0xd6, 0x77, 0x95, 0x77, 0xf6, 0x7f, 0x6c, 0x44, 0x29, 0x19, 0xd2, 0x29, 0x14, 0x2a, 0x14, 0x2a, 0x14, 0x2a, 0x14, 0x2a, 0x14, 0x2a, 0xf4, 0x29,
  0x14, 0x2a, 0x8c, 0x29, 0x4f, 0x4b, 0xbb, 0x6d, 0x3e, 0x76, 0x3e, 0x76, 0x7a, 0x65, 0x8b, 0x32, 0x52, 0x6d, 0xfc, 0xa7, 0xfb, 0x9f, 0xfb, 0x9f, 0xfb, 0x9f, 0xfb, 0x9f, 0xfb, 0x9f, 0xfb, 0x9f,
  0xfb, 0x9f, 0xfb, 0x9f, 0xfb, 0x9f, 0xfb, 0x9f, 0xfb, 0x9f, 0xfb, 0x9f, 0xfb, 0x9f, 0xfb, 0x9f, 0xfb, 0x9f, 0xfb, 0x9f, 0xfb, 0x9f, 0xfb, 0x9f, 0xfb, 0x97, 0xfb, 0x9f, 0xfb, 0x9f, 0xfb, 0x9f,
  0xfb, 0x97, 0xfb, 0x97, 0xfb, 0x97, 0xfb, 0x97, 0xfb, 0x97, 0xfb, 0x97, 0xfb, 0x97, 0xfb, 0x97, 0xfb, 0x97, 0xfb, 0x97, 0xfb, 0x97, 0xfb, 0x97, 0xfb, 0x97, 0xfb, 0x97, 0xfb, 0x97, 0xfb, 0x97,
  0xfb, 0x97, 0xfb, 0x97, 0xfb, 0x97, 0xdb, 0x97, 0xdb, 0x97, 0xdb, 0x97, 0xdb, 0x97, 0xdb, 0x97, 0xdb, 0x97, 0xdb, 0x97, 0xdc, 0x97, 0xdc, 0x97, 0xdb, 0x97, 0xdb, 0x97, 0xdc, 0x97, 0xdc, 0x97,
  0xdc, 0x97, 0xdc, 0x97, 0xdc, 0x97, 0xdc, 0x97, 0xdc, 0x97, 0xdc, 0x97, 0xdc, 0x97, 0xdc, 0x97, 0xdc, 0x97, 0xdc, 0x97, 0xdc, 0x97, 0xdc, 0x97, 0xdc, 0x97, 0xdc, 0x8f, 0xdc, 0x8f, 0xdc, 0x97,
  0xdc, 0x97, 0xdc, 0x8f, 0xdc, 0x8f, 0xdc, 0x8f, 0xdc, 0x8f, 0xdc, 0x8f, 0xdc, 0x8f, 0xdc, 0x8f, 0xdc, 0x8f, 0xdc, 0x8f, 0xdc, 0x8f, 0xdc, 0x8f, 0xdc, 0x8f, 0xdc, 0x8f, 0xdc, 0x8f, 0xdc, 0x8f,
  0xdc, 0x8f, 0xdc, 0x8f, 0xdc, 0x8f, 0xdc, 0x8f, 0xdc, 0x8f, 0xdc, 0x8f, 0xdc, 0x8f, 0xdc, 0x8f, 0xdc, 0x8f, 0xdc, 0x8f, 0xdc, 0x8f, 0xdc, 0x8f, 0xdc, 0x8f, 0xdc, 0x8f, 0xdc, 0x8f, 0xdc, 0x8f,
  0xdc, 0x8f, 0xdc, 0x8f, 0xdc, 0x8f, 0xdc, 0x8f, 0xdc, 0x8f, 0xdc, 0x8f, 0xdd, 0x8f, 0xdc, 0x8f, 0xdc, 0x8f, 0xdc, 0x8f, 0xdd, 0x8f, 0xdd, 0x8f, 0xdd, 0x8f, 0xdd, 0x8f, 0xdd, 0x87, 0xdd, 0x87,
  0xdd, 0x8f, 0xdd, 0x8f, 0xdd, 0x87, 0xfe, 0x8f, 0x57, 0x6e, 0xc3, 0x10, 0xb1, 0x29, 0xb0, 0x29, 0xb0, 0x29, 0xb0, 0x29, 0xb0, 0x29, 0xb0, 0x29, 0xb0, 0x29, 0xb0, 0x29, 0xb0, 0x29, 0xb0, 0x29,
  0x18, 0x22, 0x18, 0x22, 0x18, 0x22, 0x18, 0x22, 0x18, 0x22, 0x18, 0x22, 0x18, 0x22, 0x18, 0x22, 0x99, 0x3a, 0x38, 0x2a, 0x19, 0x22, 0xaa, 0x08, 0x2d, 0x54, 0xfe, 0xaf, 0xfc, 0xa7, 0xfc, 0xa7,
  0xfc, 0xa7, 0xfc, 0xa7, 0xfc, 0xa7, 0xfc, 0xa7, 0xfc, 0xa7, 0xfc, 0xa7, 0xfc, 0xa7, 0xfc, 0xa7, 0xfc, 0xa7, 0xfc, 0xa7, 0xfc, 0xa7, 0xfc, 0xa7, 0xfc, 0xa7, 0xfc, 0xa7, 0xfc, 0xa7, 0xfc, 0xa7,
  0xfc, 0xa7, 0xfc, 0xa7, 0xfc, 0xa7, 0xfd, 0xa7, 0xfd, 0x9f, 0xfc, 0x9f, 0xfd, 0x9f, 0xfd, 0xa7, 0xfd, 0x9f, 0xfd, 0x9f, 0xfd, 0x9f, 0xfd, 0x9f, 0xfd, 0x9f, 0xfd, 0x9f, 0xfd, 0x9f, 0xfd, 0x9f,
  0xfd, 0x9f, 0xfd, 0x9f, 0xfd, 0x9f, 0xfd, 0x9f, 0xfd, 0x9f, 0xfd, 0x9f, 0xfd, 0x9f, 0xfd, 0x9f, 0xfd, 0x9f, 0xfd, 0x9f, 0xfd, 0x9f, 0xfd, 0x9f, 0xfd, 0x9f, 0xfd, 0x9f, 0xfd, 0x9f, 0xfd, 0x9f,
  0xfd, 0x9f, 0xfd, 0x9f, 0xfd, 0x9f, 0xfd, 0x9f, 0xfd, 0x9f, 0xfd, 0x9f, 0xfd, 0x9f, 0xfd, 0x9f, 0xfd, 0x9f, 0xfd, 0x9f, 0xfd, 0x9f, 0xfd, 0x9f, 0xfd, 0x9f, 0xfd, 0x9f, 0xfd, 0x9f, 0xfd, 0x9f,
  0xfd, 0x9f, 0xfd, 0x9f, 0xfd, 0x9f, 0xfd, 0x9f, 0xfd, 0x9f, 0xfd, 0x9f, 0xfd, 0x9f, 0xfd, 0x97, 0xfd, 0x97, 0xfd, 0x97, 0xfd, 0x97, 0xfd, 0x97, 0xfd, 0x97, 0xfd, 0x97, 0xfd, 0x97, 0xfe, 0x97,
  0xfe, 0x97, 0xfe, 0x97, 0xfe, 0x97, 0xfe, 0x97, 0xfe, 0x97, 0xfe, 0x97, 0xfe, 0x97, 0xfe, 0x97, 0xfe, 0x97, 0xfe, 0x97, 0xfe, 0x97, 0xfe, 0x97, 0xfe, 0x97, 0xfe, 0x97, 0xfe, 0x97, 0xfe, 0x97,
  0xfe, 0x97, 0xfe, 0x97, 0xfe, 0x97, 0xfe, 0x97, 0xfe, 0x97, 0xfe, 0x97, 0xfe, 0x97, 0xfe, 0x97, 0xfe, 0x97, 0xfe, 0x97, 0xfe, 0x97, 0xfe, 0x97, 0xfe, 0x97, 0xfe, 0x97, 0xfe, 0x97, 0xfe, 0x97,
  0xfe, 0x97, 0xfe, 0x97, 0xfe, 0x97, 0xfe, 0x97, 0xfe, 0x97, 0xfe, 0x97, 0xfe, 0x97, 0xfe, 0x97, 0xfe, 0x8f, 0xfe, 0x8f, 0xfe, 0x8f, 0xfe, 0x8f, 0xfe, 0x8f, 0xfe, 0x8f, 0xfe, 0x97, 0x59, 0xbf,
  0xae, 0xee, 0x86, 0xfe, 0xc6, 0xfe, 0xa6, 0xfe, 0x25, 0xf6, 0x23, 0xed, 0xe3, 0xe4, 0x24, 0xe5, 0x24, 0xed, 0x44, 0xe5, 0x24, 0xe5, 0xc4, 0xe4, 0x03, 0xd4, 0x02, 0xc3, 0x81, 0xc2, 0x61, 0xcb,
  0x23, 0xe5, 0x24, 0xf6, 0xa6, 0xfe, 0x2c, 0xef, 0xb4, 0xa7, 0xf6, 0x77, 0xf7, 0x7f, 0xad, 0x44, 0x09, 0x11, 0x71, 0x19, 0x93, 0x21, 0x93, 0x21, 0x93, 0x21, 0x93, 0x21, 0x93, 0x21, 0x93, 0x21,
  0x94, 0x19, 0x4c, 0x21, 0x4f, 0x4b, 0xbb, 0x6d, 0x3e, 0x76, 0x3e, 0x76, 0x7a, 0x65, 0x8b, 0x32, 0x52, 0x6d, 0xfc, 0xa7, 0xfb, 0x9f, 0xfb, 0x9f, 0xfb, 0x9f, 0xfb, 0x9f, 0xfb, 0x9f, 0xfb, 0x9f,
  0xfb, 0x9f, 0xfb, 0x9f, 0xfb, 0x9f, 0xfb, 0x9f, 0xfb, 0x9f, 0xfb, 0x9f, 0xfb, 0x9f, 0xfb, 0x9f, 0xfb, 0x9f, 0xfb, 0x97, 0xfb, 0x97, 0xfb, 0x9f, 0xfb, 0x9f, 0xfb, 0x97, 0xfb, 0x97, 0xfb, 0x97,
  0xfb, 0x97, 0xfb, 0x97, 0xfb, 0x97, 0xfb, 0x97, 0xfb, 0x97, 0xfb, 0x97, 0xfb, 0x97, 0xfb, 0x97, 0xfb, 0x97, 0xfb, 0x97, 0xfb, 0x97, 0xfb, 0x97, 0xfb, 0x97, 0xfb, 0x97, 0xfb, 0x97, 0xfb, 0x97,
  0xdb, 0x97, 0xdb, 0x97, 0xdb, 0x97, 0xdb, 0x97, 0xdb, 0x97, 0xdb, 0x97, 0xdb, 0x97, 0xdb, 0x97, 0xdc, 0x97, 0xdb, 0x97, 0xdb, 0x97, 0xdb, 0x97, 0xdc, 0x97, 0xdc, 0x97, 0xdc, 0x97, 0xdc, 0x97,
  0xdc, 0x97, 0xdc, 0x97, 0xdc, 0x97, 0xdc, 0x97, 0xdc, 0x97, 0xdc, 0x97, 0xdc, 0x97, 0xdc, 0x97, 0xdc, 0x97, 0xdc, 0x97, 0xdc, 0x8f, 0xdc, 0x8f, 0xdc, 0x97, 0xdc, 0x97, 0xdc, 0x97, 0xdc, 0x8f,
  0xdc, 0x8f, 0xdc, 0x8f, 0xdc, 0x8f, 0xdc, 0x8f, 0xdc, 0x8f, 0xdc, 0x8f, 0xdc, 0x8f, 0xdc, 0x8f, 0xdc, 0x8f, 0xdc, 0x8f, 0xdc, 0x8f, 0xdc, 0x8f, 0xdc, 0x8f, 0xdc, 0x8f, 0xdc, 0x8f, 0xdc, 0x8f,
  0xdc, 0x8f, 0xdc, 0x8f, 0xdc, 0x8f, 0xdc, 0x8f, 0xdc, 0x8f, 0xdc, 0x8f, 0xdc, 0x8f, 0xdc, 0x8f, 0xdc, 0x8f, 0xdc, 0x8f, 0xdc, 0x8f, 0xdc, 0x8f, 0xdc, 0x8f, 0xdc, 0x8f, 0xdc, 0x8f, 0xdc, 0x8f,
  0xdc, 0x8f, 0xdc, 0x8f, 0xdc, 0x8f, 0xdd, 0x8f, 0xdd, 0x8f, 0xdc, 0x8f, 0xdc, 0x8f, 0xdd, 0x8f, 0xdd, 0x8f, 0xdd, 0x8f, 0xdd, 0x8f, 0xdd, 0x8f, 0xdd, 0x87, 0xdd, 0x8f, 0xdd, 0x8f, 0xdd, 0x8f,
  0xdd, 0x87, 0xdd, 0x87, 0xdd, 0x87, 0xfe, 0x8f, 0x57, 0x6e, 0xc3, 0x10, 0x30, 0x19, 0x2f, 0x19, 0x2f, 0x19, 0x2f, 0x19, 0x2f, 0x19, 0x2f, 0x19, 0x2f, 0x19, 0x2f, 0x19, 0x2f, 0x19, 0x2f, 0x19,
  0x18, 0x22, 0x18, 0x22, 0x18, 0x22, 0x18, 0x22, 0x18, 0x22, 0x18, 0x22, 0x18, 0x22, 0x18, 0x22, 0x98, 0x3a, 0x38, 0x2a, 0x39, 0x22, 0x88, 0x08, 0x26, 0x2a, 0x4f, 0x54, 0x0e, 0x4c, 0x0e, 0x4c,
  0x0e, 0x4c, 0x0e, 0x4c, 0x0e, 0x4c, 0x0e, 0x4c, 0x0e, 0x4c, 0x0e, 0x4c, 0x0e, 0x4c, 0x0e, 0x4c, 0x0e, 0x4c, 0x0e, 0x4c, 0x0e, 0x4c, 0x0e, 0x4c, 0x0e, 0x4c, 0x0e, 0x4c, 0x0e, 0x4c, 0x0e, 0x4c,
  0x0e, 0x4c, 0x0e, 0x4c, 0x0e, 0x4c, 0x0e, 0x4c, 0x0e, 0x4c, 0x0e, 0x4c, 0x0e, 0x4c, 0x0e, 0x4c, 0x0e, 0x4c, 0x0e, 0x4c, 0x0e, 0x4c, 0x0e, 0x4c, 0x0e, 0x4c, 0x0e, 0x4c, 0x0e, 0x4c, 0x0e, 0x4c,
  0x0e, 0x4c, 0x0e, 0x4c, 0x0e, 0x4c, 0x0e, 0x4c, 0x0e, 0x4c, 0x0e, 0x4c, 0x0e, 0x4c, 0x0e, 0x4c, 0x0e, 0x4c, 0x0e, 0x4c, 0x0e, 0x4c, 0x0e, 0x4c, 0x0e, 0x4c, 0x0e, 0x4c, 0x0e, 0x4c, 0x0e, 0x4c,
  0x0e, 0x4c, 0x0e, 0x4c, 0x0e, 0x4c, 0x0e, 0x4c, 0x0e, 0x4c, 0x0e, 0x4c, 0x0e, 0x4c, 0x0e, 0x4c, 0x0e, 0x4c, 0x0e, 0x4c, 0x0e, 0x4c, 0x0e, 0x4c, 0x0e, 0x4c, 0x0e, 0x4c, 0x0e, 0x4c, 0x0e, 0x4c,
  0x0e, 0x4c, 0x0e, 0x4c, 0x0e, 0x4c, 0x0e, 0x4c, 0x0e, 0x4c, 0x0e, 0x4c, 0x0e, 0x4c, 0x0e, 0x4c, 0x0e, 0x4c, 0x0e, 0x4c, 0x0e, 0x4c, 0x0e, 0x4c, 0x0e, 0x4c, 0x0e, 0x4c, 0x0e, 0x4c, 0x0e, 0x4c,
  0x0e, 0x4c, 0x0e, 0x4c, 0x0e, 0x4c, 0x0e, 0x4c, 0x0e, 0x4c, 0x0e, 0x4c, 0x0e, 0x4c, 0x0e, 0x4c, 0x0e, 0x4c, 0x0e, 0x4c, 0x0e, 0x4c, 0x0e, 0x4c, 0x0e, 0x4c, 0x0e, 0x4c, 0x0e, 0x4c, 0x0e, 0x4c,
  0x0e, 0x4c, 0x0e, 0x4c, 0x0e, 0x4c, 0x0e, 0x4c, 0xee, 0x4b, 0xee, 0x4b, 0xee, 0x4b, 0xee, 0x4b, 0xee, 0x4b, 0xee, 0x4b, 0xee, 0x4b, 0xee, 0x4b, 0xee, 0x4b, 0xee, 0x4b, 0xee, 0x4b, 0xee, 0x4b,
  0xee, 0x4b, 0xee, 0x4b, 0xef, 0x43, 0xef, 0x43, 0xef, 0x43, 0xef, 0x4b, 0xef, 0x4b, 0xef, 0x4b, 0xef, 0x43, 0xef, 0x43, 0xef, 0x43, 0xef, 0x43, 0xee, 0x43, 0x70, 0x4c, 0xf5, 0x9d, 0xd0, 0xf6,
  0x86, 0xfe, 0xa6, 0xf6, 0xa6, 0xfe, 0x25, 0xf6, 0x63, 0xed, 0x64, 0xed, 0xc5, 0xf5, 0x25, 0xf6, 0x45, 0xf6, 0x65, 0xfe, 0x25, 0xf6, 0xe5, 0xf5, 0x44, 0xed, 0x04, 0xe5, 0x44, 0xdc, 0xa2, 0xba,
  0xa1, 0xc2, 0x82, 0xdc, 0x04, 0xf6, 0xa6, 0xfe, 0x2d, 0xe7, 0x8f, 0x7d, 0x0c, 0x3c, 0x46, 0x22, 0xc7, 0x10, 0x71, 0x19, 0xb3, 0x21, 0x93, 0x21, 0xb3, 0x21, 0xb3, 0x21, 0x93, 0x21, 0x93, 0x21,
  0x94, 0x21, 0x4c, 0x21, 0x4f, 0x4b, 0xbb, 0x6d, 0x3e, 0x76, 0x3e, 0x76, 0x7a, 0x65, 0x8b, 0x32, 0x52, 0x6d, 0xfc, 0xa7, 0xfb, 0x9f, 0xfb, 0x9f, 0xfb, 0x9f, 0xfb, 0x9f, 0xfb, 0x9f, 0xfb, 0x9f,
  0xfb, 0x9f, 0xfb, 0x9f, 0xfb, 0x9f, 0xfb, 0x9f, 0xfb, 0x9f, 0xfb, 0x9f, 0xfb, 0x9f, 0xfb, 0x97, 0xfb, 0x9f, 0xfb, 0x9f, 0xfb, 0x9f, 0xfb, 0x97, 0xfb, 0x97, 0xfb, 0x97, 0xfb, 0x97, 0xfb, 0x97,
  0xfb, 0x97, 0xfb, 0x97, 0xfb, 0x97, 0xfb, 0x97, 0xfb, 0x97, 0xfb, 0x97, 0xfb, 0x97, 0xfb, 0x97, 0xfb, 0x97, 0xfb, 0x97, 0xfb, 0x97, 0xfb, 0x97, 0xfb, 0x97, 0xfb, 0x97, 0xdb, 0x97, 0xdb, 0x97,
  0xdb, 0x97, 0xdb, 0x97, 0xdb, 0x97, 0xdb, 0x97, 0xdb, 0x97, 0xdc, 0x97, 0xdc, 0x97, 0xdb, 0x97, 0xdb, 0x97, 0xdc, 0x97, 0xdc, 0x97, 0xdc, 0x97, 0xdc, 0x97, 0xdc, 0x97, 0xdc, 0x97, 0xdc, 0x97,
  0xdc, 0x97, 0xdc, 0x97, 0xdc, 0x97, 0xdc, 0x97, 0xdc, 0x97, 0xdc, 0x97, 0xdc, 0x97, 0xdc, 0x97, 0xdc, 0x8f, 0xdc, 0x8f, 0xdc, 0x97, 0xdc, 0x97, 0xdc, 0x8f, 0xdc, 0x8f, 0xdc, 0x8f, 0xdc, 0x8f,
  0xdc, 0x8f, 0xdc, 0x8f, 0xdc, 0x8f, 0xdc, 0x8f, 0xdc, 0x8f, 0xdc, 0x8f, 0xdc, 0x8f, 0xdc, 0x8f, 0xdc, 0x8f, 0xdc, 0x8f, 0xdc, 0x8f, 0xdc, 0x8f, 0xdc, 0x8f, 0xdc, 0x8f, 0xdc, 0x8f, 0xdc, 0x8f,
  0xdc, 0x8f, 0xdc, 0x8f, 0xdc, 0x8f, 0xdc, 0x8f, 0xdc, 0x8f, 0xdc, 0x8f, 0xdc, 0x8f, 0xdc, 0x8f, 0xdc, 0x8f, 0xdc, 0x8f, 0xdc, 0x8f, 0xdc, 0x8f, 0xdc, 0x8f, 0xdc, 0x8f, 0xdc, 0x8f, 0xdc, 0x8f,
  0xdc, 0x8f, 0xdd, 0x8f, 0xdd, 0x8f, 0xdc, 0x8f, 0xdc, 0x8f, 0xdd, 0x8f, 0xdd, 0x8f, 0xdd, 0x8f, 0xdd, 0x8f, 0xdd, 0x87, 0xdd, 0x87, 0xdd, 0x8f, 0xdd, 0x8f, 0xdd, 0x87, 0xdd, 0x87, 0xdd, 0x87,
  0xdd, 0x87, 0xdd, 0x87, 0xdd, 0x87, 0xfe, 0x8f, 0x57, 0x6e, 0xc3, 0x10, 0x30, 0x19, 0x2f, 0x19, 0x4f, 0x19, 0x2f, 0x19, 0x2f, 0x19, 0x2f, 0x19, 0x2f, 0x19, 0x2f, 0x19, 0x2f, 0x19, 0x2f, 0x19,
  0x18, 0x22, 0x18, 0x22, 0x18, 0x22, 0x18, 0x22, 0x18, 0x22, 0x18, 0x22, 0x18, 0x22, 0x18, 0x22, 0x98, 0x3a, 0x38, 0x2a, 0x39, 0x2a, 0x44, 0x00, 0xe2, 0x39, 0xe6, 0x73, 0xa6, 0x6b, 0xa6, 0x6b,
  0xa6, 0x6b, 0xa6, 0x6b, 0xe6, 0x73, 0x06, 0x74, 0x27, 0x74, 0x07, 0x74, 0x06, 0x74, 0xe6, 0x73, 0xc6, 0x6b, 0xa6, 0x6b, 0xa6, 0x63, 0xa6, 0x63, 0xa7, 0x63, 0xa7, 0x63, 0xa6, 0x63, 0xa7, 0x63,
  0xa7, 0x63, 0xa7, 0x63, 0xa7, 0x63, 0xa7, 0x63, 0xa7, 0x63, 0xa7, 0x63, 0xa7, 0x63, 0xa7, 0x63, 0xa7, 0x63, 0xa7, 0x5b, 0xa7, 0x5b, 0xa7, 0x5b, 0xa7, 0x5b, 0xa7, 0x5b, 0xa7, 0x5b, 0xa7, 0x5b,
  0xa7, 0x5b, 0xa7, 0x5b, 0xa7, 0x5b, 0xa8, 0x5b, 0xa8, 0x5b, 0xa8, 0x5b, 0xa8, 0x5b, 0xa8, 0x5b, 0xa8, 0x5b, 0xa8, 0x53, 0xc8, 0x53, 0xa8, 0x53, 0xa8, 0x53, 0xa8, 0x53, 0xa8, 0x53, 0xa8, 0x53,
  0xa8, 0x53, 0xa8, 0x53, 0xc8, 0x53, 0xc8, 0x53, 0xc8, 0x53, 0xc9, 0x53, 0xc9, 0x53, 0xc9, 0x4b, 0xc9, 0x53, 0xc9, 0x4b, 0xc9, 0x4b, 0xc9, 0x4b, 0xc9, 0x4b, 0xc9, 0x4b, 0xc9, 0x4b, 0xc9, 0x4b,
  0xc9, 0x4b, 0xc9, 0x4b, 0xc9, 0x4b, 0xc9, 0x4b, 0xc9, 0x4b, 0xc9, 0x4b, 0xc9, 0x4b, 0xc9, 0x43, 0xc9, 0x43, 0xc9, 0x43, 0xca, 0x43, 0xca, 0x43, 0xca, 0x43, 0xca, 0x43, 0xca, 0x43, 0xca, 0x43,
  0xca, 0x43, 0xca, 0x43, 0xca, 0x43, 0xca, 0x43, 0xca, 0x43, 0xca, 0x43, 0xca, 0x43, 0xca, 0x3b, 0xca, 0x3b, 0xca, 0x3b, 0xca, 0x3b, 0xca, 0x3b, 0xca, 0x3b, 0xcb, 0x3b, 0xca, 0x3b, 0xcb, 0x3b,
  0xcb, 0x3b, 0xcb, 0x3b, 0xcb, 0x3b, 0xcb, 0x3b, 0xcb, 0x3b, 0xcb, 0x3b, 0xcb, 0x33, 0xcb, 0x33, 0xcb, 0x33, 0xcb, 0x33, 0xcb, 0x33, 0xcb, 0x33, 0xcb, 0x33, 0xcb, 0x33, 0xcb, 0x33, 0xcb, 0x33,
  0xcb, 0x33, 0xcb, 0x33, 0xcc, 0x33, 0xcc, 0x33, 0xec, 0x33, 0xec, 0x2b, 0xec, 0x33, 0xec, 0x2b, 0xec, 0x2b, 0xec, 0x2b, 0xec, 0x2b, 0xcc, 0x2b, 0xec, 0x23, 0x8f, 0x64, 0xcf, 0xd5, 0x88, 0xfe,
  0xa5, 0xfe, 0xc6, 0xfe, 0x25, 0xf6, 0x64, 0xed, 0xc5, 0xf5, 0x66, 0xf6, 0x65, 0xf6, 0xe5, 0xed, 0xa5, 0xbc, 0x48, 0xac, 0x67, 0xac, 0x27, 0xac, 0xa8, 0xbc, 0x05, 0xdd, 0x24, 0xe5, 0xc4, 0xdc,
  0x22, 0xc3, 0x61, 0xba, 0x62, 0xdc, 0x04, 0xf6, 0xa7, 0xfe, 0xcc, 0xbd, 0x8f, 0x44, 0x47, 0x0a, 0xa6, 0x08, 0x50, 0x19, 0xb3, 0x21, 0xb3, 0x21, 0x93, 0x21, 0x93, 0x21, 0x93, 0x21, 0x93, 0x21,
  0x94, 0x19, 0x4c, 0x21, 0x4f, 0x4b, 0xbb, 0x6d, 0x3e, 0x76, 0x3e, 0x76, 0x7a, 0x65, 0x8b, 0x32, 0x52, 0x6d, 0xfc, 0xa7, 0xfb, 0x9f, 0xfb, 0x9f, 0xfb, 0x9f, 0xfb, 0x9f, 0xfb, 0x9f, 0xfb, 0x9f,
  0xfb, 0x9f, 0xfb, 0x9f, 0xfb, 0x9f, 0xfb, 0x9f, 0xfb, 0x9f, 0xfb, 0x9f, 0xfc, 0x9f, 0xfc, 0x9f, 0xfb, 0x9f, 0xfb, 0x9f, 0xfc, 0x9f, 0xfc, 0x9f, 0xfc, 0x9f, 0xfc, 0x9f, 0xfc, 0x9f, 0xfc, 0x9f,
  0xfc, 0x9f, 0xfc, 0x9f, 0xfc, 0x9f, 0xfc, 0x9f, 0xfc, 0x97, 0xfc, 0x9f, 0xfc, 0x9f, 0xfc, 0x97, 0xfc, 0x97, 0xfc, 0x97, 0xfc, 0x97, 0xfc, 0x97, 0xfc, 0x97, 0xfc, 0x97, 0xfc, 0x97, 0xfc, 0x97,
  0xdb, 0x97, 0xdb, 0x97, 0xdb, 0x97, 0xdc, 0x97, 0xdc, 0x97, 0xdb, 0x97, 0xdb, 0x97, 0xdc, 0x97, 0xdc, 0x97, 0xdc, 0x97, 0xdc, 0x97, 0xdc, 0x97, 0xdc, 0x97, 0xdc, 0x97, 0xdc, 0x97, 0xdc, 0x97,
  0xdc, 0x97, 0xdc, 0x97, 0xdc, 0x97, 0xdc, 0x97, 0xdc, 0x97, 0xdc, 0x8f, 0xdc, 0x8f, 0xdc, 0x97, 0xdc, 0x97, 0xdc, 0x97, 0xdc, 0x8f, 0xdc, 0x8f, 0xdc, 0x8f, 0xdc, 0x8f, 0xdc, 0x8f, 0xdc, 0x8f,
  0xdc, 0x8f, 0xdc, 0x8f, 0xdc, 0x8f, 0xdc, 0x8f, 0xdc, 0x8f, 0xdc, 0x8f, 0xdc, 0x8f, 0xdc, 0x8f, 0xdc, 0x8f, 0xdc, 0x8f, 0xdc, 0x8f, 0xdc, 0x8f, 0xdc, 0x8f, 0xdc, 0x8f, 0xdc, 0x8f, 0xdc, 0x8f,
  0xdc, 0x8f, 0xdc, 0x8f, 0xdc, 0x8f, 0xdc, 0x8f, 0xdc, 0x8f, 0xdc, 0x8f, 0xdc, 0x8f, 0xdc, 0x8f, 0xdc, 0x8f, 0xdc, 0x8f, 0xdc, 0x8f, 0xdc, 0x8f, 0xdc, 0x8f, 0xdc, 0x8f, 0xdd, 0x8f, 0xdd, 0x8f,
  0xdc, 0x8f, 0xdc, 0x8f, 0xdc, 0x8f, 0xdd, 0x8f, 0xdd, 0x8f, 0xdd, 0x8f, 0xdd, 0x8f, 0xdd, 0x87, 0xdd, 0x87, 0xdd, 0x8f, 0xdd, 0x8f, 0xdd, 0x87, 0xdd, 0x87, 0xdd, 0x87, 0xdd, 0x87, 0xdd, 0x87,
  0xdd, 0x87, 0xdd, 0x87, 0xdd, 0x87, 0xfe, 0x8f, 0x57, 0x6e, 0xc3, 0x10, 0x30, 0x19, 0x2f, 0x19, 0x2f, 0x19, 0x2f, 0x19, 0x2f, 0x19, 0x2f, 0x19, 0x2f, 0x19, 0x2f, 0x19, 0x2f, 0x19, 0x2f, 0x19,
  0x18, 0x22, 0x18, 0x22, 0x18, 0x22, 0x18, 0x22, 0x18, 0x22, 0x18, 0x22, 0x18, 0x22, 0x18, 0x22, 0x98, 0x3a, 0x38, 0x2a, 0x39, 0x2a, 0x24, 0x00, 0x64, 0x6b, 0x2a, 0xdf, 0xaa, 0xce, 0xca, 0xce,
  0x0b, 0xd7, 0xad, 0xce, 0x4b, 0xa5, 0xe8, 0x7b, 0xe5, 0x5a, 0x05, 0x5b, 0xe8, 0x73, 0xea, 0x94, 0x2d, 0xb6, 0x2e, 0xd7, 0x2b, 0xcf, 0xeb, 0xc6, 0xcb, 0xbe, 0xcb, 0xbe, 0xcb, 0xbe, 0xcb, 0xbe,
  0xcb, 0xbe, 0xcb, 0xbe, 0xcc, 0xbe, 0xcc, 0xbe, 0xcc, 0xbe, 0xcc, 0xb6, 0xcc, 0xb6, 0xcc, 0xb6, 0xcc, 0xb6, 0xcc, 0xb6, 0xcd, 0xb6, 0xcd, 0xb6, 0xcd, 0xae, 0xcd, 0xae, 0xcd, 0xae, 0xcd, 0xae,
  0xcd, 0xae, 0xcd, 0xae, 0xed, 0xae, 0xed, 0xae, 0xee, 0xa6, 0xee, 0xa6, 0xee, 0xa6, 0xee, 0xa6, 0xee, 0xa6, 0xee, 0xa6, 0xee, 0xa6, 0xee, 0xa6, 0xee, 0x9e, 0xee, 0x9e, 0xee, 0x9e, 0xef, 0x9e,
  0xef, 0x9e, 0xef, 0x9e, 0xef, 0x9e, 0xef, 0x9e, 0xef, 0x96, 0xef, 0x96, 0xef, 0x96, 0xef, 0x96, 0xef, 0x96, 0xf0, 0x96, 0xf0, 0x96, 0xf0, 0x8e, 0xf0, 0x8e, 0xf0, 0x8e, 0xf0, 0x8e, 0xf0, 0x8e,
  0xf0, 0x8e, 0xf0, 0x8e, 0xf0, 0x86, 0x11, 0x87, 0x11, 0x87, 0x11, 0x87, 0x11, 0x87, 0x11, 0x87, 0x11, 0x87, 0x11, 0x87, 0x11, 0x7f, 0x11, 0x7f, 0x11, 0x7f, 0x12, 0x7f, 0x12, 0x7f, 0x12, 0x7f,
  0x12, 0x7f, 0x12, 0x7f, 0x12, 0x7f, 0x12, 0x77, 0x12, 0x77, 0x12, 0x77, 0x12, 0x77, 0x13, 0x77, 0x13, 0x77, 0x13, 0x77, 0x13, 0x6f, 0x13, 0x6f, 0x13, 0x6f, 0x13, 0x6f, 0x13, 0x6f, 0x13, 0x6f,
  0x13, 0x6f, 0x14, 0x6f, 0x14, 0x67, 0x34, 0x67, 0x34, 0x67, 0x34, 0x67, 0x34, 0x67, 0x34, 0x67, 0x34, 0x67, 0x34, 0x5f, 0x34, 0x5f, 0x15, 0x5f, 0x35, 0x5f, 0x35, 0x5f, 0x35, 0x5f, 0x35, 0x5f,
  0x35, 0x5f, 0x35, 0x57, 0x35, 0x57, 0x35, 0x57, 0x35, 0x57, 0x36, 0x57, 0x36, 0x57, 0x36, 0x57, 0x36, 0x57, 0x36, 0x4f, 0x36, 0x4f, 0x36, 0x4f, 0x37, 0x67, 0xd5, 0xbe, 0x6b, 0xfe, 0x65, 0xf6,
  0xc6, 0xfe, 0x66, 0xf6, 0xa4, 0xf5, 0xe5, 0xf5, 0x86, 0xf6, 0x86, 0xfe, 0xc6, 0xfe, 0x63, 0xe5, 0xe5, 0x8a, 0xcb, 0x5a, 0xa9, 0x5a, 0x88, 0x5a, 0x0c, 0x8c, 0x27, 0xcd, 0x85, 0xed, 0x04, 0xe5,
  0xe4, 0xe4, 0x02, 0xcb, 0x81, 0xc2, 0xe2, 0xe4, 0x44, 0xf6, 0xe9, 0xfe, 0xb5, 0x9f, 0x4f, 0x24, 0xc6, 0x08, 0x4f, 0x19, 0xb3, 0x21, 0x93, 0x21, 0x93, 0x21, 0x93, 0x21, 0x93, 0x21, 0x93, 0x19,
  0x93, 0x19, 0x4b, 0x21, 0x4f, 0x4b, 0xbb, 0x6d, 0x3e, 0x76, 0x3e, 0x76, 0x7a, 0x65, 0x8b, 0x32, 0x52, 0x6d, 0xfc, 0x9f, 0xfb, 0x9f, 0xfb, 0x9f, 0xfb, 0x9f, 0xfb, 0x9f, 0xfb, 0x9f, 0xfc, 0xa7,
  0x79, 0x97, 0xd7, 0x86, 0xd7, 0x86, 0xd7, 0x86, 0xd7, 0x86, 0xd7, 0x86, 0xd7, 0x86, 0xd7, 0x86, 0xd7, 0x86, 0xd7, 0x86, 0xd7, 0x86, 0xd7, 0x86, 0xd7, 0x86, 0xd7, 0x86, 0xd7, 0x86, 0xd7, 0x86,
  0xd7, 0x86, 0xd8, 0x86, 0xd8, 0x86, 0xd8, 0x86, 0xd8, 0x86, 0xd8, 0x86, 0xd8, 0x86, 0xd8, 0x86, 0xd8, 0x86, 0xd8, 0x86, 0xd8, 0x86, 0xd8, 0x86, 0xd8, 0x86, 0xd8, 0x86, 0xb8, 0x86, 0xbb, 0x97,
  0xfc, 0x97, 0xfc, 0x97, 0xdb, 0x97, 0xdb, 0x97, 0xdb, 0x97, 0xdc, 0x97, 0xdc, 0x97, 0xdc, 0x97, 0xdc, 0x97, 0xdc, 0x97, 0xdc, 0x97, 0xdc, 0x97, 0xdc, 0x97, 0xdc, 0x97, 0xdc, 0x97, 0xdc, 0x97,
  0xdc, 0x97, 0xdc, 0x97, 0xdc, 0x97, 0xdc, 0x8f, 0xdc, 0x8f, 0xdc, 0x97, 0xdc, 0x97, 0xdc, 0x8f, 0xdc, 0x8f, 0xdc, 0x8f, 0xdc, 0x8f, 0xdc, 0x8f, 0xdc, 0x8f, 0xdc, 0x8f, 0xdc, 0x8f, 0xdc, 0x8f,
  0xdc, 0x8f, 0xdc, 0x8f, 0xdc, 0x8f, 0xdc, 0x8f, 0xdc, 0x8f, 0xdc, 0x8f, 0xdc, 0x8f, 0xdc, 0x8f, 0xdc, 0x8f, 0xdc, 0x8f, 0xdc, 0x8f, 0xdc, 0x8f, 0xdc, 0x8f, 0xdc, 0x8f, 0xdc, 0x8f, 0xdc, 0x8f,
  0xdc, 0x8f, 0xdc, 0x8f, 0xdc, 0x8f, 0xdc, 0x8f, 0xdc, 0x8f, 0xdc, 0x8f, 0xdc, 0x8f, 0xdc, 0x8f, 0xdc, 0x8f, 0xdc, 0x8f, 0xdc, 0x8f, 0xdc, 0x8f, 0xdd, 0x8f, 0xdd, 0x8f, 0xdc, 0x8f, 0xdc, 0x8f,
  0xdd, 0x8f, 0xdd, 0x8f, 0xdd, 0x8f, 0xdd, 0x8f, 0xdd, 0x87, 0xdd, 0x87, 0xdd, 0x8f, 0xdd, 0x8f, 0xdd, 0x8f, 0xdd, 0x87, 0xdd, 0x87, 0xdd, 0x87, 0xdd, 0x87, 0xdd, 0x87, 0xdd, 0x87, 0xdd, 0x87,
  0xdd, 0x87, 0xdd, 0x87, 0xdd, 0x87, 0xfe, 0x8f, 0x57, 0x6e, 0xc3, 0x10, 0x30, 0x19, 0x2f, 0x19, 0x2f, 0x19, 0x2f, 0x19, 0x2f, 0x19, 0x2f, 0x19, 0x2f, 0x19, 0x2f, 0x19, 0x2f, 0x19, 0x2f, 0x19,
  0x18, 0x22, 0x18, 0x22, 0x18, 0x22, 0x18, 0x22, 0x18, 0x22, 0x18, 0x22, 0x18, 0x22, 0x17, 0x22, 0x98, 0x3a, 0x38, 0x2a, 0x19, 0x2a, 0x04, 0x00, 0xc5, 0x73, 0xcb, 0xef, 0x4b, 0xe7, 0x6b, 0xe7,
  0x4c, 0xa5, 0xc4, 0x39, 0xa4, 0x31, 0xc2, 0x18, 0x21, 0x00, 0x21, 0x08, 0xc2, 0x18, 0x64, 0x29, 0x05, 0x42, 0xc6, 0x52, 0x28, 0x7c, 0x0f, 0xcf, 0xed, 0xdf, 0x6c, 0xcf, 0x6c, 0xcf, 0x6d, 0xcf,
  0x6d, 0xcf, 0x8f, 0xd7, 0x6d, 0xcf, 0x6d, 0xcf, 0x6d, 0xc7, 0x6d, 0xc7, 0x6d, 0xc7, 0x6d, 0xc7, 0x6d, 0xc7, 0x6e, 0xc7, 0x6e, 0xc7, 0x6e, 0xbf, 0x6e, 0xbf, 0x6e, 0xbf, 0x6e, 0xbf, 0x6e, 0xbf,
  0x6e, 0xbf, 0x6e, 0xbf, 0x8f, 0xb7, 0x6f, 0xb7, 0x6f, 0xb7, 0x6f, 0xb7, 0x6f, 0xb7, 0x6f, 0xb7, 0x6f, 0xb7, 0x6f, 0xb7, 0x8f, 0xaf, 0x90, 0xaf, 0x90, 0xaf, 0x90, 0xaf, 0x90, 0xaf, 0x90, 0xaf,
  0x90, 0xaf, 0x90, 0xa7, 0x90, 0xa7, 0x90, 0xa7, 0x90, 0xa7, 0x91, 0xa7, 0x91, 0xa7, 0x91, 0x9f, 0x91, 0x9f, 0x91, 0x9f, 0x91, 0x9f, 0x91, 0x9f, 0x91, 0x9f, 0x91, 0x9f, 0x92, 0x9f, 0x92, 0x97,
  0x92, 0x97, 0x92, 0x97, 0x92, 0x97, 0xb2, 0x97, 0xb2, 0x97, 0xb2, 0x97, 0xb2, 0x8f, 0xb3, 0x8f, 0xb3, 0x8f, 0xb3, 0x8f, 0x93, 0x8f, 0xb3, 0x8f, 0xb3, 0x8f, 0xb3, 0x87, 0xb3, 0x87, 0xb3, 0x87,
  0xb3, 0x87, 0xb4, 0x87, 0xb4, 0x87, 0xb4, 0x87, 0xb4, 0x7f, 0xb4, 0x7f, 0xb4, 0x7f, 0xb4, 0x7f, 0xb4, 0x7f, 0xb5, 0x7f, 0xb5, 0x7f, 0xb5, 0x7f, 0xb5, 0x77, 0xb5, 0x77, 0xb5, 0x77, 0xb5, 0x77,
  0xb5, 0x77, 0xb5, 0x77, 0xb6, 0x77, 0xd6, 0x6f, 0xd6, 0x6f, 0xd6, 0x6f, 0xd6, 0x6f, 0xd6, 0x6f, 0xd6, 0x6f, 0xd6, 0x6f, 0xd6, 0x67, 0xb6, 0x67, 0xd7, 0x67, 0xd7, 0x67, 0xd7, 0x67, 0xd7, 0x67,
  0xd7, 0x67, 0xd7, 0x5f, 0xd7, 0x5f, 0xd7, 0x5f, 0xd7, 0x5f, 0xd8, 0x5f, 0xd8, 0x5f, 0xd8, 0x5f, 0xd8, 0x5f, 0xd8, 0x57, 0xd8, 0x57, 0xd8, 0x4f, 0x99, 0x8f, 0xb1, 0xee, 0x46, 0xf6, 0xa5, 0xf6,
  0xc7, 0xfe, 0xe5, 0xf5, 0xa4, 0xf5, 0x86, 0xf6, 0x86, 0xfe, 0xa6, 0xdd, 0x47, 0xc5, 0x87, 0xb4, 0x87, 0x6a, 0xab, 0x52, 0x49, 0x4a, 0x29, 0x42, 0x8c, 0x73, 0x88, 0xcd, 0xe6, 0xfe, 0xc5, 0xed,
  0x04, 0xe5, 0xa4, 0xdc, 0xe2, 0xca, 0x41, 0xcb, 0x83, 0xed, 0x85, 0xfe, 0xb0, 0xd7, 0x8e, 0x4c, 0xc7, 0x00, 0x2f, 0x19, 0xb3, 0x21, 0x93, 0x21, 0x93, 0x19, 0x93, 0x19, 0x93, 0x19, 0x93, 0x21,
  0x93, 0x19, 0x4b, 0x21, 0x4f, 0x4b, 0xbb, 0x6d, 0x3e, 0x76, 0x5e, 0x7e, 0x7a, 0x6d, 0x8b, 0x32, 0x52, 0x6d, 0xfc, 0x9f, 0xfb, 0x9f, 0xfb, 0x9f, 0xfb, 0x9f, 0xfb, 0x9f, 0xba, 0x97, 0xf1, 0x64,
  0x6b, 0x33, 0x0e, 0x34, 0x4f, 0x3c, 0x4e, 0x3c, 0x4e, 0x3c, 0x4e, 0x3c, 0x4e, 0x3c, 0x4e, 0x3c, 0x4e, 0x3c, 0x4e, 0x3c, 0x4e, 0x3c, 0x4e, 0x3c, 0x4e, 0x3c, 0x4e, 0x3c, 0x4e, 0x3c, 0x4e, 0x3c,
  0x4e, 0x3c, 0x4e, 0x3c, 0x4e, 0x3c, 0x4e, 0x3c, 0x4e, 0x3c, 0x4e, 0x3c, 0x4e, 0x3c, 0x4f, 0x3c, 0x4f, 0x3c, 0x4f, 0x3c, 0x4f, 0x3c, 0x4f, 0x3c, 0x4f, 0x3c, 0x4f, 0x3c, 0x0e, 0x34, 0xca, 0x32,
  0xd4, 0x6d, 0xdb, 0x97, 0xfc, 0x97, 0xdc, 0x97, 0xdc, 0x97, 0xdc, 0x97, 0xdc, 0x97, 0xdc, 0x97, 0xdc, 0x97, 0xdc, 0x97, 0xdc, 0x97, 0xdc, 0x97, 0xdc, 0x97, 0xdc, 0x97, 0xdc, 0x97, 0xdc, 0x97,
  0xdc, 0x8f, 0xdc, 0x8f, 0xdc, 0x97, 0xdc, 0x97, 0xdc, 0x97, 0xdc, 0x8f, 0xdc, 0x8f, 0xdc, 0x8f, 0xdc, 0x8f, 0xdc, 0x8f, 0xdc, 0x8f, 0xdc, 0x8f, 0xdc, 0x8f, 0xdc, 0x8f, 0xdc, 0x8f, 0xdc, 0x8f,
  0xdc, 0x8f, 0xdc, 0x8f, 0xdc, 0x8f, 0xdc, 0x8f, 0xdc, 0x8f, 0xdc, 0x8f, 0xdc, 0x8f, 0xdc, 0x8f, 0xdc, 0x8f, 0xdc, 0x8f, 0xdc, 0x8f, 0xdc, 0x8f, 0xdc, 0x8f, 0xdc, 0x8f, 0xdc, 0x8f, 0xdc, 0x8f,
  0xdc, 0x8f, 0xdc, 0x8f, 0xdc, 0x8f, 0xdc, 0x8f, 0xdc, 0x8f, 0xdc, 0x8f, 0xdc, 0x8f, 0xdc, 0x8f, 0xdc, 0x8f, 0xdd, 0x8f, 0xdd, 0x8f, 0xdc, 0x8f, 0xdc, 0x8f, 0xdc, 0x8f, 0xdd, 0x8f, 0xdd, 0x8f,
  0xdd, 0x8f, 0xdd, 0x8f, 0xdd, 0x87, 0xdd, 0x87, 0xdd, 0x8f, 0xdd, 0x8f, 0xdd, 0x87, 0xdd, 0x87, 0xdd, 0x87, 0xdd, 0x87, 0xdd, 0x87, 0xdd, 0x87, 0xdd, 0x87, 0xdd, 0x87, 0xdd, 0x87, 0xdd, 0x87,
  0xdd, 0x87, 0xdd, 0x87, 0xdd, 0x87, 0xfe, 0x8f, 0x57, 0x6e, 0xc3, 0x10, 0x30, 0x19, 0x2f, 0x19, 0x2f, 0x19, 0x2f, 0x19, 0x2f, 0x19, 0x2f, 0x19, 0x2f, 0x19, 0x2f, 0x19, 0x2f, 0x19, 0x2f, 0x19,
  0x18, 0x22, 0x18, 0x22, 0x18, 0x22, 0x18, 0x22, 0x18, 0x22, 0x18, 0x22, 0x17, 0x22, 0xf7, 0x21, 0x98, 0x3a, 0x38, 0x2a, 0x19, 0x2a, 0x04, 0x00, 0xc5, 0x73, 0xab, 0xef, 0x4b, 0xdf, 0x4b, 0xdf,
  0x0b, 0xbe, 0x68, 0x6b, 0x00, 0x00, 0x00, 0x00, 0x00, 0x00, 0x00, 0x00, 0x00, 0x00, 0x00, 0x00, 0x00, 0x00, 0x00, 0x00, 0x62, 0x10, 0x25, 0x42, 0x29, 0x7c, 0xf0, 0xe7, 0xac, 0xd7, 0x8c, 0xcf,
  0x8e, 0xd7, 0xc7, 0x52, 0xce, 0xd7, 0x4d, 0xc7, 0x4d, 0xc7, 0x4d, 0xc7, 0x4d, 0xc7, 0x4d, 0xc7, 0x4d, 0xc7, 0x6e, 0xbf, 0x6e, 0xbf, 0x6e, 0xbf, 0x6e, 0xbf, 0x6e, 0xbf, 0x6e, 0xbf, 0x6e, 0xbf,
  0x6e, 0xbf, 0x4e, 0xb7, 0x6e, 0xb7, 0x6f, 0xb7, 0x6f, 0xb7, 0x6f, 0xb7, 0x6f, 0xb7, 0x6f, 0xb7, 0x6f, 0xaf, 0x6f, 0xaf, 0x6f, 0xaf, 0x6f, 0xaf, 0x70, 0xaf, 0x70, 0xaf, 0x70, 0xaf, 0x70, 0xa7,
  0x70, 0xa7, 0x70, 0xa7, 0x70, 0xa7, 0x70, 0xa7, 0x70, 0xa7, 0x71, 0x9f, 0x70, 0xa7, 0x71, 0x9f, 0x71, 0x9f, 0x71, 0x9f, 0x91, 0x9f, 0x91, 0x9f, 0x91, 0x9f, 0x91, 0x9f, 0x91, 0x97, 0x92, 0x97,
  0x92, 0x97, 0x92, 0x97, 0x72, 0x97, 0x92, 0x97, 0x92, 0x97, 0x92, 0x8f, 0x92, 0x8f, 0x92, 0x8f, 0x93, 0x8f, 0x92, 0x8f, 0x93, 0x8f, 0x93, 0x8f, 0x93, 0x87, 0x93, 0x87, 0x93, 0x87, 0x93, 0x87,
  0x93, 0x87, 0x93, 0x87, 0x94, 0x87, 0x94, 0x87, 0x94, 0x7f, 0x94, 0x7f, 0x94, 0x7f, 0x94, 0x7f, 0x94, 0x7f, 0x94, 0x7f, 0x94, 0x7f, 0x94, 0x77, 0xb5, 0x77, 0xb5, 0x77, 0xb5, 0x77, 0xb5, 0x77,
  0xb5, 0x77, 0xb5, 0x77, 0x95, 0x6f, 0xb5, 0x6f, 0xb5, 0x6f, 0xb6, 0x6f, 0xb6, 0x6f, 0xb6, 0x6f, 0xb6, 0x6f, 0xb6, 0x67, 0xb6, 0x67, 0xb6, 0x67, 0xb6, 0x67, 0xb6, 0x67, 0xb7, 0x67, 0xb7, 0x67,
  0xb7, 0x67, 0xb7, 0x5f, 0xb7, 0x5f, 0xb7, 0x5f, 0xb7, 0x5f, 0xb7, 0x5f, 0xb7, 0x5f, 0xb7, 0x5f, 0xb8, 0x57, 0xb8, 0x57, 0xb8, 0x57, 0xb9, 0x67, 0x58, 0xbf, 0x6d, 0xfe, 0x44, 0xf6, 0xe6, 0xfe,
  0x66, 0xf6, 0xa4, 0xf5, 0x25, 0xf6, 0xa6, 0xfe, 0x05, 0xf6, 0xc5, 0xa3, 0xe9, 0x6a, 0x8c, 0x7b, 0xeb, 0x62, 0xec, 0x62, 0xec, 0x62, 0xec, 0x5a, 0x4c, 0x6b, 0xeb, 0x83, 0x0a, 0xb5, 0x28, 0xe6,
  0x64, 0xed, 0x24, 0xe5, 0x23, 0xdc, 0xc1, 0xca, 0xa2, 0xe4, 0x24, 0xf6, 0x2a, 0xff, 0x8a, 0x7c, 0x08, 0x09, 0x2f, 0x19, 0xb3, 0x21, 0x93, 0x19, 0x93, 0x21, 0x93, 0x21, 0x93, 0x21, 0x93, 0x21,
  0x93, 0x19, 0x4b, 0x21, 0x4f, 0x4b, 0xbb, 0x75, 0x3d, 0x76, 0x5e, 0x7e, 0x7a, 0x6d, 0x8b, 0x32, 0x52, 0x6d, 0xfc, 0x9f, 0xfb, 0x9f, 0xfb, 0x9f, 0xfb, 0x9f, 0xfc, 0x9f, 0x72, 0x65, 0x8c, 0x23,
  0x11, 0x25, 0x35, 0x2e, 0x55, 0x2e, 0x55, 0x2e, 0x55, 0x2e, 0x55, 0x2e, 0x55, 0x2e, 0x55, 0x2e, 0x55, 0x2e, 0x55, 0x2e, 0x55, 0x2e, 0x55, 0x2e, 0x55, 0x2e, 0x55, 0x2e, 0x55, 0x2e, 0x55, 0x2e,
  0x55, 0x2e, 0x55, 0x2e, 0x55, 0x2e, 0x55, 0x2e, 0x55, 0x2e, 0x55, 0x2e, 0x55, 0x2e, 0x55, 0x2e, 0x55, 0x2e, 0x55, 0x2e, 0x55, 0x2e, 0x55, 0x2e, 0x55, 0x2e, 0x55, 0x2e, 0x55, 0x2e, 0x31, 0x25,
  0x89, 0x22, 0x97, 0x7e, 0xfc, 0x97, 0xdc, 0x97, 0xdc, 0x97, 0xdc, 0x97, 0xdc, 0x97, 0xdc, 0x97, 0xdc, 0x97, 0xdc, 0x97, 0xdc, 0x97, 0xdc, 0x97, 0xdc, 0x97, 0xdc, 0x97, 0xdc, 0x8f, 0xdc, 0x8f,
  0xdc, 0x97, 0xdc, 0x97, 0xdc, 0x8f, 0xdc, 0x8f, 0xdc, 0x8f, 0xdc, 0x8f, 0xdc, 0x8f, 0xdc, 0x8f, 0xdc, 0x8f, 0xdc, 0x8f, 0xdc, 0x8f, 0xdc, 0x8f, 0xdc, 0x8f, 0xdc, 0x8f, 0xdc, 0x8f, 0xdc, 0x8f,
  0xdc, 0x8f, 0xdc, 0x8f, 0xdc, 0x8f, 0xdc, 0x8f, 0xdc, 0x8f, 0xdc, 0x8f, 0xdc, 0x8f, 0xdc, 0x8f, 0xdc, 0x8f, 0xdc, 0x8f, 0xdc, 0x8f, 0xdc, 0x8f, 0xdc, 0x8f, 0xdc, 0x8f, 0xdc, 0x8f, 0xdc, 0x8f,
  0xdc, 0x8f, 0xdc, 0x8f, 0xdc, 0x8f, 0xdc, 0x8f, 0xdc, 0x8f, 0xdc, 0x8f, 0xdc, 0x8f, 0xdd, 0x8f, 0xdd, 0x8f, 0xdc, 0x8f, 0xdc, 0x8f, 0xdd, 0x8f, 0xdd, 0x8f, 0xdd, 0x8f, 0xdd, 0x8f, 0xdd, 0x87,
  0xdd, 0x87, 0xdd, 0x8f, 0xdd, 0x8f, 0xdd, 0x8f, 0xdd, 0x87, 0xdd, 0x87, 0xdd, 0x87, 0xdd, 0x87, 0xdd, 0x87, 0xdd, 0x87, 0xdd, 0x87, 0xdd, 0x87, 0xdd, 0x87, 0xdd, 0x87, 0xdd, 0x87, 0xdd, 0x87,
  0xdd, 0x87, 0xdd, 0x87, 0xdd, 0x87, 0xfe, 0x8f, 0x57, 0x6e, 0xc3, 0x10, 0x2f, 0x19, 0x2f, 0x19, 0x2f, 0x19, 0x2f, 0x19, 0x2f, 0x19, 0x2f, 0x19, 0x2f, 0x19, 0x2f, 0x19, 0x2e, 0x19, 0x2e, 0x19,
  0x18, 0x22, 0x18, 0x22, 0x18, 0x22, 0x17, 0x22, 0x17, 0x22, 0x17, 0x22, 0x17, 0x22, 0xf7, 0x21, 0x98, 0x3a, 0x38, 0x2a, 0x19, 0x22, 0x04, 0x00, 0xc5, 0x73, 0xab, 0xef, 0x4b, 0xdf, 0x4b, 0xdf,
  0x8b, 0xe7, 0x50, 0xdf, 0x00, 0x00, 0x00, 0x00, 0x00, 0x00, 0x00, 0x00, 0x00, 0x00, 0x00, 0x00, 0x00, 0x00, 0x00, 0x00, 0x00, 0x00, 0x00, 0x00, 0x62, 0x10, 0xc6, 0x52, 0x0b, 0x95, 0x6e, 0xb6,
  0x68, 0x63, 0x00, 0x00, 0xb1, 0xd7, 0x6d, 0xc7, 0x4d, 0xc7, 0x4d, 0xc7, 0x4d, 0xc7, 0x4d, 0xc7, 0x4d, 0xc7, 0x6e, 0xbf, 0x6e, 0xbf, 0x6e, 0xbf, 0x6e, 0xbf, 0x6e, 0xbf, 0x6e, 0xbf, 0x6e, 0xbf,
  0x6e, 0xbf, 0x4e, 0xb7, 0x6e, 0xb7, 0x6f, 0xb7, 0x6f, 0xb7, 0x6f, 0xb7, 0x6f, 0xb7, 0x6f, 0xb7, 0x6f, 0xaf, 0x6f, 0xaf, 0x6f, 0xaf, 0x6f, 0xaf, 0x70, 0xaf, 0x70, 0xaf, 0x70, 0xaf, 0x70, 0xa7,
  0x70, 0xa7, 0x70, 0xa7, 0x70, 0xa7, 0x70, 0xa7, 0x70, 0xa7, 0x71, 0x9f, 0x70, 0xa7, 0x71, 0x9f, 0x71, 0x9f, 0x71, 0x9f, 0x91, 0x9f, 0x91, 0x9f, 0x91, 0x9f, 0x91, 0x9f, 0x91, 0x97, 0x92, 0x97,
  0x92, 0x97, 0x92, 0x97, 0x72, 0x97, 0x92, 0x97, 0x92, 0x97, 0x92, 0x8f, 0x92, 0x8f, 0x92, 0x8f, 0x93, 0x8f, 0x92, 0x8f, 0x93, 0x8f, 0x93, 0x8f, 0x93, 0x87, 0x93, 0x87, 0x93, 0x87, 0x93, 0x87,
  0x93, 0x87, 0x93, 0x87, 0x94, 0x87, 0x94, 0x87, 0x94, 0x7f, 0x94, 0x7f, 0x94, 0x7f, 0x94, 0x7f, 0x94, 0x7f, 0x94, 0x7f, 0x94, 0x7f, 0x94, 0x77, 0xb5, 0x77, 0xb5, 0x77, 0xb5, 0x77, 0xb5, 0x77,
  0xb5, 0x77, 0xb5, 0x77, 0x95, 0x6f, 0xb5, 0x6f, 0xb5, 0x6f, 0xb6, 0x6f, 0xb6, 0x6f, 0xb6, 0x6f, 0xb6, 0x6f, 0xb6, 0x67, 0xb6, 0x67, 0xb6, 0x67, 0xb6, 0x67, 0xb6, 0x67, 0xb7, 0x67, 0xb7, 0x67,
  0xb7, 0x67, 0xb7, 0x5f, 0xb7, 0x5f, 0xb7, 0x5f, 0xb7, 0x5f, 0xb7, 0x5f, 0xb7, 0x5f, 0xb7, 0x5f, 0xb8, 0x57, 0xb8, 0x57, 0xb8, 0x4f, 0xb9, 0x7f, 0x36, 0xdf, 0x6b, 0xf6, 0x64, 0xf6, 0xe7, 0xfe,
  0x05, 0xf6, 0xa4, 0xf5, 0xa6, 0xfe, 0xa6, 0xfe, 0xc4, 0xed, 0xc3, 0x8a, 0x46, 0x31, 0x4a, 0x4a, 0xec, 0x5a, 0x2c, 0x63, 0xcb, 0x5a, 0x8b, 0x52, 0xec, 0x5a, 0x2d, 0x63, 0x2d, 0x6b, 0x6a, 0x9c,
  0xe7, 0xe5, 0x44, 0xed, 0xc4, 0xe4, 0x82, 0xd3, 0xa1, 0xd3, 0xe4, 0xed, 0xe6, 0xfe, 0x29, 0xad, 0xca, 0x21, 0x2f, 0x11, 0xb3, 0x21, 0x93, 0x21, 0x93, 0x21, 0x93, 0x21, 0x93, 0x21, 0x93, 0x21,
  0x93, 0x19, 0x4b, 0x21, 0x4f, 0x4b, 0xdb, 0x75, 0x5d, 0x7e, 0x5e, 0x7e, 0x7a, 0x6d, 0x8b, 0x32, 0x52, 0x6d, 0xfc, 0x9f, 0xfb, 0x97, 0xfb, 0x97, 0xfb, 0x9f, 0xfd, 0xa7, 0xac, 0x43, 0xd0, 0x24,
  0xfb, 0x3f, 0xfb, 0x3f, 0xfc, 0x3f, 0xfd, 0x3f, 0xfd, 0x3f, 0xfd, 0x3f, 0xfc, 0x3f, 0xfb, 0x3f, 0xfb, 0x3f, 0xfb, 0x3f, 0xfc, 0x3f, 0xfd, 0x3f, 0xfd, 0x3f, 0xfd, 0x3f, 0xfc, 0x3f, 0xfb, 0x3f,
  0xfb, 0x3f, 0xfc, 0x3f, 0xfd, 0x3f, 0xfd, 0x3f, 0xfd, 0x3f, 0xfd, 0x3f, 0xfc, 0x3f, 0xfb, 0x3f, 0xfc, 0x3f, 0xfd, 0x3f, 0xfd, 0x3f, 0xfd, 0x3f, 0xfd, 0x3f, 0xfd, 0x3f, 0xfc, 0x3f, 0xfd, 0x3f,
  0x0a, 0x13, 0xb4, 0x6d, 0xfc, 0x97, 0xdc, 0x97, 0xdc, 0x97, 0xdc, 0x97, 0xdc, 0x97, 0xdc, 0x97, 0xdc, 0x97, 0xdc, 0x97, 0xdc, 0x97, 0xdc, 0x8f, 0xdc, 0x8f, 0xdc, 0x97, 0xdc, 0x97, 0xdc, 0x97,
  0xdc, 0x8f, 0xdc, 0x8f, 0xdc, 0x8f, 0xdc, 0x8f, 0xdc, 0x8f, 0xdc, 0x8f, 0xdc, 0x8f, 0xdc, 0x8f, 0xdc, 0x8f, 0xdc, 0x8f, 0xdc, 0x8f, 0xdc, 0x8f, 0xdc, 0x8f, 0xdc, 0x8f, 0xdc, 0x8f, 0xdc, 0x8f,
  0xdc, 0x8f, 0xdc, 0x8f, 0xdc, 0x8f, 0xdc, 0x8f, 0xdc, 0x8f, 0xdc, 0x8f, 0xdc, 0x8f, 0xdc, 0x8f, 0xdc, 0x8f, 0xdc, 0x8f, 0xdc, 0x8f, 0xdc, 0x8f, 0xdc, 0x8f, 0xdc, 0x8f, 0xdc, 0x8f, 0xdc, 0x8f,
  0xdc, 0x8f, 0xdc, 0x8f, 0xdc, 0x8f, 0xdc, 0x8f, 0xdd, 0x8f, 0xdd, 0x8f, 0xdc, 0x8f, 0xdc, 0x8f, 0xdc, 0x8f, 0xdd, 0x8f, 0xdd, 0x8f, 0xdd, 0x8f, 0xdd, 0x8f, 0xdd, 0x87, 0xdd, 0x87, 0xdd, 0x8f,
  0xdd, 0x8f, 0xdd, 0x87, 0xdd, 0x87, 0xdd, 0x87, 0xdd, 0x87, 0xdd, 0x87, 0xdd, 0x87, 0xdd, 0x87, 0xdd, 0x87, 0xdd, 0x87, 0xdd, 0x87, 0xdd, 0x87, 0xdd, 0x87, 0xdd, 0x87, 0xdd, 0x87, 0xdd, 0x87,
  0xdd, 0x87, 0xdd, 0x87, 0xdd, 0x87, 0xfe, 0x8f, 0x57, 0x6e, 0xc3, 0x10, 0x2f, 0x19, 0x2f, 0x19, 0x2f, 0x19, 0x2f, 0x19, 0x2f, 0x19, 0x2e, 0x19, 0x2e, 0x19, 0x2e, 0x19, 0x2e, 0x19, 0x2e, 0x19,
  0x18, 0x22, 0x17, 0x22, 0x17, 0x22, 0x17, 0x22, 0x17, 0x22, 0x17, 0x22, 0x17, 0x22, 0xf7, 0x21, 0x98, 0x3a, 0x38, 0x2a, 0x19, 0x22, 0x04, 0x00, 0xc5, 0x73, 0xab, 0xef, 0x4b, 0xdf, 0x4b, 0xdf,
  0x4b, 0xdf, 0xcf, 0xce, 0x00, 0x00, 0x00, 0x00, 0x00, 0x00, 0x00, 0x00, 0x00, 0x00, 0x00, 0x00, 0x00, 0x00, 0x00, 0x00, 0x00, 0x00, 0x00, 0x00, 0x00, 0x00, 0x00, 0x00, 0x03, 0x21, 0xc5, 0x31,
  0x21, 0x08, 0x00, 0x00, 0x2f, 0xb6, 0x8d, 0xcf, 0x4d, 0xc7, 0x4d, 0xc7, 0x4d, 0xc7, 0x4d, 0xc7, 0x4d, 0xc7, 0x6e, 0xbf, 0x6e, 0xbf, 0x6e, 0xbf, 0x6e, 0xbf, 0x6e, 0xbf, 0x6e, 0xbf, 0x6e, 0xbf,
  0x6e, 0xbf, 0x4e, 0xb7, 0x6e, 0xb7, 0x6f, 0xb7, 0x6f, 0xb7, 0x6f, 0xb7, 0x6f, 0xb7, 0x6f, 0xb7, 0x6f, 0xaf, 0x6f, 0xaf, 0x6f, 0xaf, 0x6f, 0xaf, 0x70, 0xaf, 0x70, 0xaf, 0x70, 0xaf, 0x70, 0xa7,
  0x70, 0xa7, 0x70, 0xa7, 0x70, 0xa7, 0x70, 0xa7, 0x70, 0xa7, 0x71, 0x9f, 0x70, 0xa7, 0x71, 0x9f, 0x71, 0x9f, 0x71, 0x9f, 0x91, 0x9f, 0x91, 0x9f, 0x91, 0x9f, 0x91, 0x9f, 0x91, 0x97, 0x92, 0x97,
  0x92, 0x97, 0x92, 0x97, 0x72, 0x97, 0x92, 0x97, 0x92, 0x97, 0x92, 0x8f, 0x92, 0x8f, 0x92, 0x8f, 0x93, 0x8f, 0x92, 0x8f, 0x93, 0x8f, 0x93, 0x8f, 0x93, 0x87, 0x93, 0x87, 0x93, 0x87, 0x93, 0x87,
  0x93, 0x87, 0x93, 0x87, 0x94, 0x87, 0x94, 0x87, 0x94, 0x7f, 0x94, 0x7f, 0x94, 0x7f, 0x94, 0x7f, 0x94, 0x7f, 0x94, 0x7f, 0x94, 0x7f, 0x94, 0x77, 0xb5, 0x77, 0xb5, 0x77, 0xb5, 0x77, 0xb5, 0x77,
  0xb5, 0x77, 0xb5, 0x77, 0x95, 0x6f, 0xb5, 0x6f, 0xb5, 0x6f, 0xb6, 0x6f, 0xb6, 0x6f, 0xb6, 0x6f, 0xb6, 0x6f, 0xb6, 0x67, 0xb6, 0x67, 0xb6, 0x67, 0xb6, 0x67, 0xb6, 0x67, 0xb7, 0x67, 0xb7, 0x67,
  0xb7, 0x67, 0xb7, 0x5f, 0xb7, 0x5f, 0xb7, 0x5f, 0xb7, 0x5f, 0xb7, 0x5f, 0xb7, 0x5f, 0xb7, 0x5f, 0xb8, 0x57, 0xb8, 0x57, 0xb8, 0x4f, 0x99, 0x97, 0xf5, 0xfe, 0x68, 0xf6, 0x85, 0xf6, 0xc7, 0xfe,
  0xe5, 0xf5, 0xc4, 0xf5, 0xc6, 0xfe, 0xa6, 0xfe, 0x25, 0xf6, 0xe4, 0xd4, 0x03, 0x93, 0x05, 0x5a, 0xab, 0x52, 0x0c, 0x63, 0x29, 0x73, 0xa4, 0x7a, 0xc5, 0x49, 0x4a, 0x4a, 0x2d, 0x63, 0x4c, 0x6b,
  0x89, 0xc5, 0xa5, 0xf5, 0x44, 0xed, 0x03, 0xdc, 0x41, 0xd3, 0x83, 0xed, 0xa5, 0xfe, 0x09, 0xce, 0x8b, 0x4a, 0x0f, 0x11, 0xb3, 0x21, 0x93, 0x21, 0x93, 0x21, 0x93, 0x21, 0x92, 0x21, 0x92, 0x21,
  0x93, 0x19, 0x4b, 0x21, 0x4f, 0x4b, 0xdb, 0x75, 0x5d, 0x7e, 0x5e, 0x7e, 0x7a, 0x6d, 0x8b, 0x32, 0x52, 0x6d, 0xfc, 0x9f, 0xfb, 0x9f, 0xfb, 0x9f, 0xfb, 0x97, 0xfd, 0xa7, 0xac, 0x43, 0x52, 0x25,
  0xfc, 0x3f, 0xba, 0x3f, 0x4f, 0x24, 0x48, 0x12, 0x48, 0x12, 0x27, 0x12, 0x6f, 0x24, 0x59, 0x37, 0xfb, 0x3f, 0xba, 0x3f, 0xf1, 0x24, 0x89, 0x12, 0x07, 0x12, 0xa9, 0x12, 0x11, 0x25, 0x99, 0x37,
  0xfb, 0x3f, 0xb6, 0x36, 0x8c, 0x1b, 0x48, 0x12, 0x27, 0x12, 0x27, 0x12, 0x90, 0x24, 0xda, 0x3f, 0xed, 0x1b, 0xe7, 0x11, 0x68, 0x12, 0xa9, 0x12, 0x48, 0x12, 0xe6, 0x11, 0x8f, 0x24, 0xba, 0x3f,
  0x8f, 0x1c, 0x52, 0x5d, 0x9b, 0x8f, 0xfc, 0x97, 0xdc, 0x97, 0xdc, 0x97, 0xdc, 0x97, 0xdc, 0x97, 0xdc, 0x97, 0xdc, 0x8f, 0xdc, 0x8f, 0xdc, 0x97, 0xdc, 0x97, 0xdc, 0x8f, 0xdc, 0x8f, 0xdc, 0x8f,
  0xdc, 0x8f, 0xdc, 0x8f, 0xdc, 0x8f, 0xdc, 0x8f, 0xdc, 0x8f, 0xdc, 0x8f, 0xdc, 0x8f, 0xdc, 0x8f, 0xdc, 0x8f, 0xdc, 0x8f, 0xdc, 0x8f, 0xdc, 0x8f, 0xdc, 0x8f, 0xdc, 0x8f, 0xdc, 0x8f, 0xdc, 0x8f,
  0xdc, 0x8f, 0xdc, 0x8f, 0xdc, 0x8f, 0xdc, 0x8f, 0xdc, 0x8f, 0xdc, 0x8f, 0xdc, 0x8f, 0xdc, 0x8f, 0xdc, 0x8f, 0xdc, 0x8f, 0xdc, 0x8f, 0xdc, 0x8f, 0xdc, 0x8f, 0xdc, 0x8f, 0xdc, 0x8f, 0xdc, 0x8f,
  0xdc, 0x8f, 0xdc, 0x8f, 0xdd, 0x8f, 0xdd, 0x8f, 0xdc, 0x8f, 0xdc, 0x8f, 0xdd, 0x8f, 0xdd, 0x8f, 0xdd, 0x8f, 0xdd, 0x8f, 0xdd, 0x87, 0xdd, 0x87, 0xdd, 0x8f, 0xdd, 0x8f, 0xdd, 0x8f, 0xdd, 0x87,
  0xdd, 0x87, 0xdd, 0x87, 0xdd, 0x87, 0xdd, 0x87, 0xdd, 0x87, 0xdd, 0x87, 0xdd, 0x87, 0xdd, 0x87, 0xdd, 0x87, 0xdd, 0x87, 0xdd, 0x87, 0xdd, 0x87, 0xdd, 0x87, 0xdd, 0x87, 0xdd, 0x87, 0xdd, 0x87,
  0xdd, 0x87, 0xdd, 0x87, 0xdd, 0x87, 0xfe, 0x8f, 0x57, 0x6e, 0xc3, 0x10, 0x2f, 0x19, 0x2f, 0x19, 0x2f, 0x19, 0x2e, 0x19, 0x2e, 0x19, 0x2e, 0x19, 0x2e, 0x19, 0x2e, 0x19, 0x2e, 0x19, 0x2e, 0x19,
  0x17, 0x22, 0x17, 0x22, 0x17, 0x22, 0x17, 0x22, 0x17, 0x22, 0x17, 0x22, 0x17, 0x22, 0xf7, 0x21, 0x98, 0x3a, 0x37, 0x2a, 0x18, 0x22, 0x04, 0x00, 0xc5, 0x73, 0xab, 0xef, 0x4b, 0xdf, 0x4b, 0xdf,
  0xac, 0xe7, 0x46, 0x4a, 0x00, 0x00, 0x00, 0x00, 0x00, 0x00, 0x00, 0x00, 0x00, 0x00, 0x00, 0x00, 0x00, 0x00, 0x00, 0x00, 0x00, 0x00, 0x00, 0x00, 0x00, 0x00, 0x00, 0x00, 0x00, 0x00, 0x00, 0x00,
  0x00, 0x00, 0x00, 0x00, 0xac, 0x8c, 0xad, 0xcf, 0x4d, 0xc7, 0x4d, 0xc7, 0x4d, 0xc7, 0x4d, 0xc7, 0x4d, 0xc7, 0x6e, 0xbf, 0x6e, 0xbf, 0x6e, 0xbf, 0x6e, 0xbf, 0x6e, 0xbf, 0x6e, 0xbf, 0x6e, 0xbf,
  0x6e, 0xbf, 0x4e, 0xb7, 0x6e, 0xb7, 0x6f, 0xb7, 0x6f, 0xb7, 0x6f, 0xb7, 0x6f, 0xb7, 0x6f, 0xb7, 0x6f, 0xaf, 0x6f, 0xaf, 0x6f, 0xaf, 0x6f, 0xaf, 0x70, 0xaf, 0x70, 0xaf, 0x70, 0xaf, 0x70, 0xa7,
  0x70, 0xa7, 0x70, 0xa7, 0x70, 0xa7, 0x70, 0xa7, 0x70, 0xa7, 0x71, 0x9f, 0x70, 0xa7, 0x71, 0x9f, 0x71, 0x9f, 0x71, 0x9f, 0x91, 0x9f, 0x91, 0x9f, 0x91, 0x9f, 0x91, 0x9f, 0x91, 0x97, 0x92, 0x97,
  0x92, 0x97, 0x92, 0x97, 0x72, 0x97, 0x92, 0x97, 0x92, 0x97, 0x92, 0x8f, 0x92, 0x8f, 0x92, 0x8f, 0x93, 0x8f, 0x92, 0x8f, 0x93, 0x8f, 0x93, 0x8f, 0x93, 0x87, 0x93, 0x87, 0x93, 0x87, 0x93, 0x87,
  0x93, 0x87, 0x93, 0x87, 0x94, 0x87, 0x94, 0x87, 0x94, 0x7f, 0x94, 0x7f, 0x94, 0x7f, 0x94, 0x7f, 0x94, 0x7f, 0x94, 0x7f, 0x94, 0x7f, 0x94, 0x77, 0xb5, 0x77, 0xb5, 0x77, 0xb5, 0x77, 0xb5, 0x77,
  0xb5, 0x77, 0xb5, 0x77, 0x95, 0x6f, 0xb5, 0x6f, 0xb5, 0x6f, 0xb6, 0x6f, 0xb6, 0x6f, 0xb6, 0x6f, 0xb6, 0x6f, 0xb6, 0x67, 0xb6, 0x67, 0xb6, 0x67, 0xb6, 0x67, 0xb6, 0x67, 0xb7, 0x67, 0xb7, 0x67,
  0xb7, 0x67, 0xb7, 0x5f, 0xb7, 0x5f, 0xb7, 0x5f, 0xb7, 0x5f, 0xb7, 0x5f, 0xb7, 0x5f, 0xb7, 0x5f, 0xb8, 0x57, 0xb8, 0x57, 0xb8, 0x57, 0x9a, 0xa7, 0xd3, 0xfe, 0x46, 0xf6, 0xc6, 0xf6, 0x87, 0xf6,
  0xc5, 0xf5, 0x25, 0xf6, 0xa6, 0xfe, 0x86, 0xfe, 0x86, 0xfe, 0x85, 0xfe, 0xc3, 0xdc, 0x64, 0x7a, 0x8a, 0x52, 0xec, 0x5a, 0x29, 0x9c, 0xe3, 0xdc, 0x82, 0x82, 0x08, 0x4a, 0x2d, 0x63, 0x0c, 0x63,
  0x29, 0xbd, 0x65, 0xfe, 0x84, 0xed, 0x43, 0xe4, 0xc2, 0xdb, 0x23, 0xed, 0x65, 0xf6, 0x88, 0xee, 0x0a, 0x63, 0x0f, 0x09, 0x93, 0x21, 0x93, 0x21, 0x92, 0x21, 0x92, 0x21, 0x92, 0x21, 0x92, 0x21,
  0x93, 0x19, 0x4b, 0x21, 0x4f, 0x4b, 0xdb, 0x75, 0x5d, 0x7e, 0x5e, 0x7e, 0x9a, 0x6d, 0x8b, 0x32, 0x52, 0x6d, 0xfc, 0x9f, 0xfb, 0x97, 0xfb, 0x97, 0xfb, 0x97, 0xfd, 0xa7, 0xcd, 0x43, 0x52, 0x25,
  0xfc, 0x3f, 0xba, 0x3f, 0x07, 0x12, 0xe3, 0x08, 0x2e, 0x24, 0x4b, 0x1b, 0x04, 0x09, 0x6f, 0x24, 0x59, 0x37, 0xcd, 0x1b, 0x03, 0x09, 0x4b, 0x1b, 0xf1, 0x24, 0xc9, 0x12, 0x03, 0x09, 0xb0, 0x24,
  0xdb, 0x3f, 0x14, 0x2e, 0xa2, 0x08, 0x88, 0x12, 0x11, 0x25, 0x88, 0x12, 0xc3, 0x08, 0x72, 0x2d, 0x93, 0x2d, 0xf1, 0x24, 0xa9, 0x12, 0x41, 0x00, 0x8c, 0x1b, 0xd0, 0x24, 0x14, 0x2e, 0xfb, 0x3f,
  0xd0, 0x1c, 0x12, 0x55, 0x7a, 0x8f, 0xfc, 0x97, 0xdc, 0x97, 0xdc, 0x97, 0xdc, 0x97, 0xdc, 0x8f, 0xdc, 0x97, 0xdc, 0x97, 0xdc, 0x97, 0xdc, 0x8f, 0xdc, 0x8f, 0xdc, 0x8f, 0xdc, 0x8f, 0xdc, 0x8f,
  0xdc, 0x8f, 0xdc, 0x8f, 0xdc, 0x8f, 0xdc, 0x8f, 0xdc, 0x8f, 0xdc, 0x8f, 0xdc, 0x8f, 0xdc, 0x8f, 0xdc, 0x8f, 0xdc, 0x8f, 0xdc, 0x8f, 0xdc, 0x8f, 0xdc, 0x8f, 0xdc, 0x8f, 0xdc, 0x8f, 0xdc, 0x8f,
  0xdc, 0x8f, 0xdc, 0x8f, 0xdc, 0x8f, 0xdc, 0x8f, 0xdc, 0x8f, 0xdc, 0x8f, 0xdc, 0x8f, 0xdc, 0x8f, 0xdc, 0x8f, 0xdc, 0x8f, 0xdc, 0x8f, 0xdc, 0x8f, 0xdc, 0x8f, 0xdc, 0x8f, 0xdc, 0x8f, 0xdd, 0x8f,
  0xdd, 0x8f, 0xdc, 0x8f, 0xdc, 0x8f, 0xdc, 0x8f, 0xdd, 0x8f, 0xdd, 0x8f, 0xdd, 0x8f, 0xdd, 0x8f, 0xdd, 0x87, 0xdd, 0x87, 0xdd, 0x8f, 0xdd, 0x8f, 0xdd, 0x87, 0xdd, 0x87, 0xdd, 0x87, 0xdd, 0x87,
  0xdd, 0x87, 0xdd, 0x87, 0xdd, 0x87, 0xdd, 0x87, 0xdd, 0x87, 0xdd, 0x87, 0xdd, 0x87, 0xdd, 0x87, 0xdd, 0x87, 0xdd, 0x87, 0xdd, 0x87, 0xdd, 0x87, 0xdd, 0x87, 0xdd, 0x87, 0xdd, 0x87, 0xdd, 0x87,
  0xdd, 0x87, 0xdd, 0x87, 0xdd, 0x87, 0xfe, 0x87, 0x57, 0x6e, 0xc3, 0x10, 0x2f, 0x19, 0x2e, 0x19, 0x2e, 0x19, 0x2e, 0x19, 0x2e, 0x19, 0x2e, 0x19, 0x2e, 0x19, 0x2e, 0x19, 0x2e, 0x19, 0x2e, 0x19,
  0x17, 0x22, 0x17, 0x22, 0x17, 0x22, 0x17, 0x22, 0x17, 0x22, 0x17, 0x22, 0x17, 0x22, 0xf7, 0x21, 0x98, 0x3a, 0x37, 0x2a, 0x18, 0x22, 0x04, 0x00, 0xc5, 0x73, 0xab, 0xef, 0x4b, 0xdf, 0x6b, 0xdf,
  0x8e, 0xce, 0x00, 0x00, 0x00, 0x00, 0x00, 0x00, 0x00, 0x00, 0x00, 0x00, 0x00, 0x00, 0x00, 0x00, 0x00, 0x00, 0x00, 0x00, 0x00, 0x00, 0x00, 0x00, 0x00, 0x00, 0x00, 0x00, 0x00, 0x00, 0x00, 0x00,
  0x00, 0x00, 0x00, 0x00, 0x08, 0x5b, 0xcd, 0xd7, 0x4d, 0xc7, 0x4d, 0xc7, 0x4d, 0xc7, 0x4d, 0xc7, 0x4d, 0xc7, 0x6e, 0xbf, 0x6e, 0xbf, 0x6e, 0xbf, 0x6e, 0xbf, 0x6e, 0xbf, 0x6e, 0xbf, 0x6e, 0xbf,
  0x6e, 0xbf, 0x4e, 0xb7, 0x6e, 0xb7, 0x6f, 0xb7, 0x6f, 0xb7, 0x6f, 0xb7, 0x6f, 0xb7, 0x6f, 0xb7, 0x6f, 0xaf, 0x6f, 0xaf, 0x6f, 0xaf, 0x6f, 0xaf, 0x70, 0xaf, 0x70, 0xaf, 0x70, 0xaf, 0x70, 0xa7,
  0x70, 0xa7, 0x70, 0xa7, 0x70, 0xa7, 0x70, 0xa7, 0x70, 0xa7, 0x71, 0x9f, 0x70, 0xa7, 0x71, 0x9f, 0x71, 0x9f, 0x71, 0x9f, 0x91, 0x9f, 0x91, 0x9f, 0x91, 0x9f, 0x91, 0x9f, 0x91, 0x97, 0x92, 0x97,
  0x92, 0x97, 0x92, 0x97, 0x72, 0x97, 0x92, 0x97, 0x92, 0x97, 0x92, 0x8f, 0x92, 0x8f, 0x92, 0x8f, 0x93, 0x8f, 0x92, 0x8f, 0x93, 0x8f, 0x93, 0x8f, 0x93, 0x87, 0x93, 0x87, 0x93, 0x87, 0x93, 0x87,
  0x93, 0x87, 0x93, 0x87, 0x94, 0x87, 0x94, 0x87, 0x94, 0x7f, 0x94, 0x7f, 0x94, 0x7f, 0x94, 0x7f, 0x94, 0x7f, 0x94, 0x7f, 0x94, 0x7f, 0x94, 0x77, 0xb5, 0x77, 0xb5, 0x77, 0xb5, 0x77, 0xb5, 0x77,
  0xb5, 0x77, 0xb5, 0x77, 0x95, 0x6f, 0xb5, 0x6f, 0xb5, 0x6f, 0xb6, 0x6f, 0xb6, 0x6f, 0xb6, 0x6f, 0xb6, 0x6f, 0xb6, 0x67, 0xb6, 0x67, 0xb6, 0x67, 0xb6, 0x67, 0xb6, 0x67, 0xb7, 0x67, 0xb7, 0x67,
  0xb7, 0x67, 0xb7, 0x5f, 0xb7, 0x5f, 0xb7, 0x5f, 0xb7, 0x5f, 0xb7, 0x5f, 0xb7, 0x5f, 0xb7, 0x5f, 0xb8, 0x57, 0xb8, 0x57, 0xd8, 0x5f, 0x99, 0xb7, 0xb0, 0xfe, 0x45, 0xf6, 0xc6, 0xfe, 0x46, 0xf6,
  0xa5, 0xf5, 0x86, 0xfe, 0xa6, 0xfe, 0x86, 0xfe, 0xa6, 0xfe, 0xa6, 0xfe, 0xe3, 0xdc, 0x85, 0x7a, 0x8b, 0x52, 0x0c, 0x63, 0x8b, 0x7b, 0x2a, 0x9c, 0x49, 0x7b, 0xcb, 0x5a, 0x0d, 0x63, 0x8a, 0x7b,
  0xa7, 0xd5, 0xe6, 0xfe, 0xa5, 0xed, 0x83, 0xe4, 0x22, 0xe4, 0xe3, 0xe4, 0x44, 0xf6, 0xe7, 0xfe, 0x6a, 0x73, 0xef, 0x08, 0x93, 0x21, 0x92, 0x21, 0x92, 0x21, 0x92, 0x21, 0x92, 0x21, 0x92, 0x21,
  0x93, 0x19, 0x4b, 0x21, 0x4f, 0x4b, 0xdb, 0x75, 0x5d, 0x7e, 0x5d, 0x7e, 0x9a, 0x6d, 0x8b, 0x32, 0x52, 0x65, 0xfc, 0x9f, 0xfb, 0x97, 0xfb, 0x97, 0xfb, 0x97, 0xfd, 0x9f, 0xcd, 0x43, 0x52, 0x25,
  0xfc, 0x3f, 0xba, 0x3f, 0x27, 0x12, 0x27, 0x12, 0x18, 0x37, 0xfc, 0x3f, 0xe7, 0x11, 0x88, 0x12, 0x8f, 0x24, 0x04, 0x09, 0xac, 0x1b, 0x99, 0x37, 0xfc, 0x3f, 0x59, 0x37, 0x89, 0x12, 0x64, 0x09,
  0x76, 0x36, 0x55, 0x2e, 0xc3, 0x08, 0xb0, 0x24, 0xfc, 0x3f, 0x96, 0x36, 0xc2, 0x08, 0xac, 0x1b, 0xba, 0x3f, 0xfd, 0x3f, 0xd0, 0x24, 0xe3, 0x08, 0x35, 0x2e, 0xfc, 0x3f, 0xfb, 0x3f, 0xfc, 0x3f,
  0xb0, 0x1c, 0x12, 0x55, 0x7a, 0x8f, 0xfc, 0x97, 0xdc, 0x8f, 0xdc, 0x8f, 0xdc, 0x97, 0xdc, 0x97, 0xdc, 0x8f, 0xdc, 0x8f, 0xdc, 0x8f, 0xdc, 0x8f, 0xdc, 0x8f, 0xdc, 0x8f, 0xdc, 0x8f, 0xdc, 0x8f,
  0xdc, 0x8f, 0xdc, 0x8f, 0xdc, 0x8f, 0xdc, 0x8f, 0xdc, 0x8f, 0xdc, 0x8f, 0xdc, 0x8f, 0xdc, 0x8f, 0xdc, 0x8f, 0xdc, 0x8f, 0xdc, 0x8f, 0xdc, 0x8f, 0xdc, 0x8f, 0xdc, 0x8f, 0xdc, 0x8f, 0xdc, 0x8f,
  0xdc, 0x8f, 0xdc, 0x8f, 0xdc, 0x8f, 0xdc, 0x8f, 0xdc, 0x8f, 0xdc, 0x8f, 0xdc, 0x8f, 0xdc, 0x8f, 0xdc, 0x8f, 0xdc, 0x8f, 0xdc, 0x8f, 0xdc, 0x8f, 0xdc, 0x8f, 0xdd, 0x8f, 0xdd, 0x8f, 0xdc, 0x8f,
  0xdc, 0x8f, 0xdd, 0x8f, 0xdd, 0x8f, 0xdd, 0x8f, 0xdd, 0x8f, 0xdd, 0x87, 0xdd, 0x87, 0xdd, 0x8f, 0xdd, 0x8f, 0xdd, 0x8f, 0xdd, 0x87, 0xdd, 0x87, 0xdd, 0x87, 0xdd, 0x87, 0xdd, 0x87, 0xdd, 0x87,
  0xdd, 0x87, 0xdd, 0x87, 0xdd, 0x87, 0xdd, 0x87, 0xdd, 0x87, 0xdd, 0x87, 0xdd, 0x87, 0xdd, 0x87, 0xdd, 0x87, 0xdd, 0x87, 0xdd, 0x87, 0xdd, 0x87, 0xdd, 0x87, 0xdd, 0x87, 0xdd, 0x87, 0xdd, 0x87,
  0xdd, 0x87, 0xdd, 0x87, 0xdd, 0x87, 0xfe, 0x87, 0x57, 0x6e, 0xc3, 0x10, 0x2f, 0x19, 0x2e, 0x19, 0x2e, 0x19, 0x2e, 0x19, 0x2e, 0x19, 0x2e, 0x19, 0x2e, 0x19, 0x2e, 0x19, 0x2e, 0x19, 0x2e, 0x19,
  0x17, 0x22, 0x17, 0x22, 0x17, 0x22, 0x17, 0x22, 0x17, 0x22, 0x17, 0x22, 0x17, 0x22, 0xf7, 0x21, 0x98, 0x3a, 0x37, 0x2a, 0x18, 0x22, 0x04, 0x00, 0xc5, 0x73, 0xab, 0xef, 0x4b, 0xdf, 0xac, 0xef,
  0xa5, 0x31, 0x00, 0x00, 0x66, 0x31, 0xf7, 0xbd, 0xf7, 0xbd, 0x18, 0xc6, 0xb3, 0x9c, 0xc3, 0x18, 0x00, 0x00, 0x49, 0x4a, 0xd7, 0xbd, 0x18, 0xc6, 0x18, 0xc6, 0x71, 0x8c, 0x86, 0x31, 0x00, 0x00,
  0x00, 0x00, 0x00, 0x00, 0x87, 0x4a, 0xed, 0xd7, 0x4d, 0xc7, 0x4d, 0xc7, 0x4d, 0xc7, 0x4d, 0xc7, 0x4d, 0xc7, 0x6e, 0xbf, 0x6e, 0xbf, 0x6e, 0xbf, 0x6e, 0xbf, 0x6e, 0xbf, 0x6e, 0xbf, 0x6e, 0xbf,
  0x6e, 0xbf, 0x4e, 0xb7, 0x6e, 0xb7, 0x6f, 0xb7, 0x6f, 0xb7, 0x6f, 0xb7, 0x6f, 0xb7, 0x6f, 0xb7, 0x6f, 0xaf, 0x6f, 0xaf, 0x6f, 0xaf, 0x6f, 0xaf, 0x70, 0xaf, 0x70, 0xaf, 0x70, 0xaf, 0x70, 0xa7,
  0x70, 0xa7, 0x70, 0xa7, 0x70, 0xa7, 0x70, 0xa7, 0x70, 0xa7, 0x71, 0x9f, 0x70, 0xa7, 0x71, 0x9f, 0x71, 0x9f, 0x71, 0x9f, 0x91, 0x9f, 0x91, 0x9f, 0x91, 0x9f, 0x91, 0x9f, 0x91, 0x97, 0x92, 0x97,
  0x92, 0x97, 0x92, 0x97, 0x72, 0x97, 0x92, 0x97, 0x92, 0x97, 0x92, 0x8f, 0x92, 0x8f, 0x92, 0x8f, 0x93, 0x8f, 0x92, 0x8f, 0x93, 0x8f, 0x93, 0x8f, 0x93, 0x87, 0x93, 0x87, 0x93, 0x87, 0x93, 0x87,
  0x93, 0x87, 0x93, 0x87, 0x94, 0x87, 0x94, 0x87, 0x94, 0x7f, 0x94, 0x7f, 0x94, 0x7f, 0x94, 0x7f, 0x94, 0x7f, 0x94, 0x7f, 0x94, 0x7f, 0x94, 0x77, 0xb5, 0x77, 0xb5, 0x77, 0xb5, 0x77, 0xb5, 0x77,
  0xb5, 0x77, 0xb5, 0x77, 0x95, 0x6f, 0xb5, 0x6f, 0xb5, 0x6f, 0xb6, 0x6f, 0xb6, 0x6f, 0xb6, 0x6f, 0xb6, 0x6f, 0xb6, 0x67, 0xb6, 0x67, 0xb6, 0x67, 0xb6, 0x67, 0xb6, 0x67, 0xb7, 0x67, 0xb7, 0x67,
  0xb7, 0x67, 0xb7, 0x5f, 0xb7, 0x5f, 0xb7, 0x5f, 0xb7, 0x5f, 0xb7, 0x5f, 0xb7, 0x5f, 0xb7, 0x5f, 0xb8, 0x57, 0xb8, 0x57, 0xb9, 0x67, 0x58, 0xb7, 0x6e, 0xfe, 0x45, 0xf6, 0xe7, 0xfe, 0x26, 0xf6,
  0xa5, 0xf5, 0xa6, 0xfe, 0xa6, 0xf6, 0x86, 0xf6, 0xa6, 0xfe, 0xa6, 0xfe, 0xe3, 0xd4, 0x85, 0x7a, 0x8b, 0x52, 0x0c, 0x63, 0xec, 0x5a, 0xec, 0x5a, 0x2d, 0x63, 0x4d, 0x6b, 0x0c, 0x63, 0x6c, 0x73,
  0x69, 0xc5, 0xe6, 0xfe, 0xa5, 0xed, 0xe4, 0xec, 0x43, 0xe4, 0xc2, 0xe4, 0x44, 0xf6, 0x07, 0xff, 0xa9, 0x7b, 0xef, 0x08, 0x93, 0x21, 0x92, 0x21, 0x92, 0x21, 0x92, 0x21, 0x92, 0x21, 0x92, 0x21,
  0x93, 0x19, 0x4b, 0x21, 0x4f, 0x4b, 0xdb, 0x75, 0x5d, 0x7e, 0x5d, 0x7e, 0x9a, 0x6d, 0x8b, 0x32, 0x52, 0x65, 0xfc, 0x9f, 0xfb, 0x97, 0xfb, 0x97, 0xfb, 0x97, 0xfd, 0x9f, 0xcd, 0x43, 0x52, 0x25,
  0xfc, 0x3f, 0xba, 0x3f, 0x27, 0x12, 0x48, 0x12, 0x79, 0x37, 0x59, 0x37, 0x44, 0x09, 0x2b, 0x1b, 0x89, 0x12, 0xa5, 0x09, 0x55, 0x2e, 0xfc, 0x3f, 0xda, 0x3f, 0xfc, 0x3f, 0x32, 0x2d, 0x82, 0x00,
  0x11, 0x25, 0x35, 0x2e, 0xc3, 0x08, 0xd0, 0x24, 0xfe, 0x47, 0x52, 0x2d, 0x82, 0x00, 0xb0, 0x24, 0xba, 0x3f, 0xfc, 0x3f, 0x8f, 0x24, 0xe3, 0x08, 0xf4, 0x2d, 0xfb, 0x3f, 0xda, 0x3f, 0xfc, 0x3f,
  0xb0, 0x1c, 0x12, 0x55, 0x7a, 0x8f, 0xfc, 0x97, 0xdc, 0x97, 0xdc, 0x97, 0xdc, 0x8f, 0xdc, 0x8f, 0xdc, 0x8f, 0xdc, 0x8f, 0xdc, 0x8f, 0xdc, 0x8f, 0xdc, 0x8f, 0xdc, 0x8f, 0xdc, 0x8f, 0xdc, 0x8f,
  0xdc, 0x8f, 0xdc, 0x8f, 0xdc, 0x8f, 0xdc, 0x8f, 0xdc, 0x8f, 0xdc, 0x8f, 0xdc, 0x8f, 0xdc, 0x8f, 0xdc, 0x8f, 0xdc, 0x8f, 0xdc, 0x8f, 0xdc, 0x8f, 0xdc, 0x8f, 0xdc, 0x8f, 0xdc, 0x8f, 0xdc, 0x8f,
  0xdc, 0x8f, 0xdc, 0x8f, 0xdc, 0x8f, 0xdc, 0x8f, 0xdc, 0x8f, 0xdc, 0x8f, 0xdc, 0x8f, 0xdc, 0x8f, 0xdc, 0x8f, 0xdc, 0x8f, 0xdd, 0x8f, 0xdd, 0x8f, 0xdc, 0x8f, 0xdc, 0x8f, 0xdc, 0x8f, 0xdd, 0x8f,
  0xdd, 0x8f, 0xdd, 0x8f, 0xdd, 0x8f, 0xdd, 0x87, 0xdd, 0x87, 0xdd, 0x8f, 0xdd, 0x8f, 0xdd, 0x87, 0xdd, 0x87, 0xdd, 0x87, 0xdd, 0x87, 0xdd, 0x87, 0xdd, 0x87, 0xdd, 0x87, 0xdd, 0x87, 0xdd, 0x87,
  0xdd, 0x87, 0xdd, 0x87, 0xdd, 0x87, 0xdd, 0x87, 0xdd, 0x87, 0xdd, 0x87, 0xdd, 0x87, 0xdd, 0x87, 0xdd, 0x87, 0xdd, 0x87, 0xdd, 0x87, 0xdd, 0x87, 0xdd, 0x87, 0xdd, 0x87, 0xdd, 0x87, 0xdd, 0x87,
  0xdd, 0x87, 0xdd, 0x87, 0xdd, 0x87, 0xfe, 0x87, 0x37, 0x6e, 0xc3, 0x10, 0x2f, 0x19, 0x2e, 0x19, 0x2e, 0x19, 0x2e, 0x19, 0x2e, 0x19, 0x2e, 0x19, 0x2e, 0x19, 0x2e, 0x19, 0x2e, 0x19, 0x2e, 0x19,
  0x17, 0x22, 0x17, 0x22, 0x17, 0x22, 0x17, 0x22, 0x17, 0x22, 0xf7, 0x21, 0xf7, 0x21, 0xf7, 0x21, 0x98, 0x3a, 0x37, 0x2a, 0x18, 0x22, 0x04, 0x00, 0xc5, 0x73, 0xab, 0xef, 0x4b, 0xe7, 0x8f, 0xce,
  0x00, 0x00, 0x00, 0x00, 0x49, 0x4a, 0xff, 0xff, 0x10, 0x84, 0xab, 0x5a, 0x7e, 0xf7, 0x35, 0xad, 0x00, 0x00, 0xaf, 0x7b, 0xff, 0xff, 0x49, 0x4a, 0xec, 0x62, 0x76, 0xb5, 0x3c, 0xe7, 0xc7, 0x39,
  0x00, 0x00, 0x00, 0x00, 0xaa, 0x6b, 0xcd, 0xd7, 0x4d, 0xc7, 0x4d, 0xc7, 0x4d, 0xc7, 0x4d, 0xc7, 0x4d, 0xc7, 0x6e, 0xbf, 0x6e, 0xbf, 0x6e, 0xbf, 0x6e, 0xbf, 0x6e, 0xbf, 0x6e, 0xbf, 0x6e, 0xbf,
  0x6e, 0xbf, 0x4e, 0xb7, 0x6e, 0xb7, 0x6f, 0xb7, 0x6f, 0xb7, 0x6f, 0xb7, 0x6f, 0xb7, 0x6f, 0xb7, 0x6f, 0xaf, 0x6f, 0xaf, 0x6f, 0xaf, 0x6f, 0xaf, 0x70, 0xaf, 0x70, 0xaf, 0x70, 0xaf, 0x70, 0xa7,
  0x70, 0xa7, 0x70, 0xa7, 0x70, 0xa7, 0x70, 0xa7, 0x70, 0xa7, 0x71, 0x9f, 0x70, 0xa7, 0x71, 0x9f, 0x71, 0x9f, 0x71, 0x9f, 0x91, 0x9f, 0x91, 0x9f, 0x91, 0x9f, 0x91, 0x9f, 0x91, 0x97, 0x92, 0x97,
  0x92, 0x97, 0x92, 0x97, 0x72, 0x97, 0x92, 0x97, 0x92, 0x97, 0x92, 0x8f, 0x92, 0x8f, 0x92, 0x8f, 0x93, 0x8f, 0x92, 0x8f, 0x93, 0x8f, 0x93, 0x8f, 0x93, 0x87, 0x93, 0x87, 0x93, 0x87, 0x93, 0x87,
  0x93, 0x87, 0x93, 0x87, 0x94, 0x87, 0x94, 0x87, 0x94, 0x7f, 0x94, 0x7f, 0x94, 0x7f, 0x94, 0x7f, 0x94, 0x7f, 0x94, 0x7f, 0x94, 0x7f, 0x94, 0x77, 0xb5, 0x77, 0xb5, 0x77, 0xb5, 0x77, 0xb5, 0x77,
  0xb5, 0x77, 0xb5, 0x77, 0x95, 0x6f, 0xb5, 0x6f, 0xb5, 0x6f, 0xb6, 0x6f, 0xb6, 0x6f, 0xb6, 0x6f, 0xb6, 0x6f, 0xb6, 0x67, 0xb6, 0x67, 0xb6, 0x67, 0xb6, 0x67, 0xb6, 0x67, 0xb7, 0x67, 0xb7, 0x67,
  0xb7, 0x67, 0xb7, 0x5f, 0xb7, 0x5f, 0xb7, 0x5f, 0xb7, 0x5f, 0xb7, 0x5f, 0xb7, 0x5f, 0xb7, 0x5f, 0xb8, 0x57, 0xb8, 0x57, 0xd9, 0x5f, 0x16, 0xb7, 0x2c, 0xfe, 0x45, 0xf6, 0xc7, 0xfe, 0x47, 0xf6,
  0xa5, 0xf5, 0x86, 0xfe, 0xa6, 0xf6, 0x86, 0xf6, 0xa6, 0xfe, 0xa6, 0xfe, 0xe3, 0xd4, 0x85, 0x7a, 0xab, 0x52, 0x0c, 0x63, 0xe9, 0x6a, 0x65, 0x72, 0xc5, 0x49, 0x29, 0x4a, 0x0c, 0x63, 0x0d, 0x63,
  0x2b, 0x94, 0x47, 0xe6, 0xe5, 0xf5, 0x04, 0xed, 0x43, 0xec, 0xc2, 0xec, 0x44, 0xf6, 0x07, 0xff, 0xa9, 0x7b, 0xef, 0x08, 0x93, 0x21, 0x92, 0x21, 0x92, 0x21, 0x92, 0x21, 0x92, 0x21, 0x92, 0x21,
  0x93, 0x19, 0x4b, 0x21, 0x4f, 0x4b, 0xdb, 0x75, 0x5d, 0x7e, 0x5d, 0x7e, 0x9a, 0x6d, 0x8b, 0x32, 0x52, 0x65, 0xfc, 0x9f, 0xfb, 0x97, 0xfb, 0x97, 0xfb, 0x97, 0xfd, 0x9f, 0xcd, 0x43, 0x52, 0x25,
  0xfc, 0x3f, 0xba, 0x3f, 0x48, 0x12, 0x41, 0x00, 0xc6, 0x09, 0x44, 0x09, 0x85, 0x09, 0x35, 0x2e, 0x68, 0x12, 0x27, 0x12, 0xd7, 0x36, 0xfb, 0x3f, 0xda, 0x3f, 0xfb, 0x3f, 0x14, 0x2e, 0xc3, 0x08,
  0x4e, 0x24, 0xd4, 0x2d, 0x24, 0x09, 0xe3, 0x08, 0x27, 0x12, 0x82, 0x00, 0x2e, 0x1c, 0x79, 0x37, 0xdb, 0x3f, 0xfc, 0x3f, 0x8f, 0x24, 0xe3, 0x08, 0xf4, 0x2d, 0xfb, 0x3f, 0xda, 0x3f, 0xfc, 0x3f,
  0xb0, 0x1c, 0x12, 0x55, 0x7a, 0x8f, 0xfc, 0x97, 0xdc, 0x8f, 0xdc, 0x8f, 0xdc, 0x8f, 0xdc, 0x8f, 0xdc, 0x8f, 0xdc, 0x8f, 0xdc, 0x8f, 0xdc, 0x8f, 0xdc, 0x8f, 0xdc, 0x8f, 0xdc, 0x8f, 0xdc, 0x8f,
  0xdc, 0x8f, 0xdc, 0x8f, 0xdc, 0x8f, 0xdc, 0x8f, 0xdc, 0x8f, 0xdc, 0x8f, 0xdc, 0x8f, 0xdc, 0x8f, 0xdc, 0x8f, 0xdc, 0x8f, 0xdc, 0x8f, 0xdc, 0x8f, 0xdc, 0x8f, 0xdc, 0x8f, 0xdc, 0x8f, 0xdc, 0x8f,
  0xdc, 0x8f, 0xdc, 0x8f, 0xdc, 0x8f, 0xdc, 0x8f, 0xdc, 0x8f, 0xdc, 0x8f, 0xdc, 0x8f, 0xdc, 0x8f, 0xdd, 0x8f, 0xdd, 0x8f, 0xdc, 0x8f, 0xdc, 0x8f, 0xdd, 0x8f, 0xdd, 0x8f, 0xdd, 0x8f, 0xdd, 0x8f,
  0xdd, 0x87, 0xdd, 0x87, 0xdd, 0x8f, 0xdd, 0x8f, 0xdd, 0x8f, 0xdd, 0x87, 0xdd, 0x87, 0xdd, 0x87, 0xdd, 0x87, 0xdd, 0x87, 0xdd, 0x87, 0xdd, 0x87, 0xdd, 0x87, 0xdd, 0x87, 0xdd, 0x87, 0xdd, 0x87,
  0xdd, 0x87, 0xdd, 0x87, 0xdd, 0x87, 0xdd, 0x87, 0xdd, 0x87, 0xdd, 0x87, 0xdd, 0x87, 0xdd, 0x87, 0xdd, 0x87, 0xdd, 0x87, 0xdd, 0x87, 0xdd, 0x87, 0xdd, 0x87, 0xdd, 0x87, 0xdd, 0x87, 0xdd, 0x87,
  0xdd, 0x87, 0xdd, 0x87, 0xdd, 0x87, 0xfe, 0x87, 0x37, 0x6e, 0xc3, 0x10, 0x2f, 0x19, 0x2e, 0x19, 0x2e, 0x19, 0x2e, 0x19, 0x2e, 0x19, 0x2e, 0x19, 0x2e, 0x19, 0x2e, 0x19, 0x2e, 0x19, 0x2e, 0x19,
  0x17, 0x22, 0x17, 0x22, 0x17, 0x22, 0xf7, 0x21, 0xf7, 0x21, 0x17, 0x22, 0x17, 0x22, 0xf7, 0x21, 0x98, 0x3a, 0x37, 0x2a, 0x18, 0x22, 0x04, 0x00, 0xc5, 0x73, 0xab, 0xef, 0x8b, 0xe7, 0xc8, 0x5a,
  0x00, 0x00, 0x00, 0x00, 0x28, 0x42, 0xff, 0xff, 0xc3, 0x18, 0x00, 0x00, 0x3c, 0xe7, 0xd7, 0xbd, 0x00, 0x00, 0x8e, 0x73, 0xff, 0xff, 0x00, 0x00, 0x00, 0x00, 0x45, 0x29, 0xf8, 0xc5, 0x9a, 0xd6,
  0x00, 0x00, 0x00, 0x00, 0x8e, 0xa5, 0x8d, 0xcf, 0x4d, 0xc7, 0x4d, 0xc7, 0x4d, 0xc7, 0x4d, 0xc7, 0x4d, 0xc7, 0x6e, 0xbf, 0x6e, 0xbf, 0x6e, 0xbf, 0x6e, 0xbf, 0x6e, 0xbf, 0x6e, 0xbf, 0x6e, 0xbf,
  0x6e, 0xbf, 0x4e, 0xb7, 0x6e, 0xb7, 0x6f, 0xb7, 0x6f, 0xb7, 0x6f, 0xb7, 0x6f, 0xb7, 0x6f, 0xb7, 0x6f, 0xaf, 0x6f, 0xaf, 0x6f, 0xaf, 0x6f, 0xaf, 0x70, 0xaf, 0x70, 0xaf, 0x70, 0xaf, 0x70, 0xa7,
  0x70, 0xa7, 0x70, 0xa7, 0x70, 0xa7, 0x70, 0xa7, 0x70, 0xa7, 0x71, 0x9f, 0x70, 0xa7, 0x71, 0x9f, 0x71, 0x9f, 0x71, 0x9f, 0x91, 0x9f, 0x91, 0x9f, 0x91, 0x9f, 0x91, 0x9f, 0x91, 0x97, 0x92, 0x97,
  0x92, 0x97, 0x92, 0x97, 0x72, 0x97, 0x92, 0x97, 0x92, 0x97, 0x92, 0x8f, 0x92, 0x8f, 0x92, 0x8f, 0x93, 0x8f, 0x92, 0x8f, 0x93, 0x8f, 0x93, 0x8f, 0x93, 0x87, 0x93, 0x87, 0x93, 0x87, 0x93, 0x87,
  0x93, 0x87, 0x93, 0x87, 0x94, 0x87, 0x94, 0x87, 0x94, 0x7f, 0x94, 0x7f, 0x94, 0x7f, 0x94, 0x7f, 0x94, 0x7f, 0x94, 0x7f, 0x94, 0x7f, 0x94, 0x77, 0xb5, 0x77, 0xb5, 0x77, 0xb5, 0x77, 0xb5, 0x77,
  0xb5, 0x77, 0xb5, 0x77, 0x95, 0x6f, 0xb5, 0x6f, 0xb5, 0x6f, 0xb6, 0x6f, 0xb6, 0x6f, 0xb6, 0x6f, 0xb6, 0x6f, 0xb6, 0x67, 0xb6, 0x67, 0xb6, 0x67, 0xb6, 0x67, 0xb6, 0x67, 0xb7, 0x67, 0xb7, 0x67,
  0xb7, 0x67, 0xb7, 0x5f, 0xb7, 0x5f, 0xb7, 0x5f, 0xb7, 0x5f, 0xb7, 0x5f, 0xb7, 0x5f, 0xb7, 0x5f, 0xb8, 0x57, 0xb8, 0x57, 0xd8, 0x5f, 0x16, 0xa7, 0x2d, 0xfe, 0x46, 0xf6, 0xa6, 0xfe, 0xa7, 0xfe,
  0xe5, 0xf5, 0x25, 0xf6, 0xc6, 0xfe, 0x86, 0xf6, 0x86, 0xfe, 0xc6, 0xfe, 0xe3, 0xdc, 0x65, 0x7a, 0xab, 0x52, 0xec, 0x5a, 0xe8, 0x93, 0x03, 0xd5, 0x61, 0xa3, 0xc4, 0x51, 0x8a, 0x52, 0x0d, 0x63,
  0x8b, 0x7b, 0xa8, 0xcd, 0x05, 0xf6, 0xe3, 0xec, 0x42, 0xec, 0x03, 0xed, 0x65, 0xf6, 0xc7, 0xfe, 0x69, 0x73, 0xef, 0x08, 0x93, 0x21, 0x92, 0x21, 0x92, 0x21, 0x92, 0x21, 0x92, 0x19, 0x92, 0x19,
  0x93, 0x19, 0x4b, 0x21, 0x4f, 0x4b, 0xdb, 0x75, 0x5d, 0x7e, 0x7d, 0x86, 0x9a, 0x75, 0x8b, 0x32, 0x52, 0x65, 0xfc, 0x9f, 0xfb, 0x97, 0xfb, 0x97, 0xfb, 0x97, 0xfd, 0x9f, 0xcd, 0x43, 0x52, 0x25,
  0xfc, 0x3f, 0xba, 0x3f, 0x28, 0x12, 0x44, 0x09, 0x4f, 0x24, 0x52, 0x2d, 0x35, 0x2e, 0xfc, 0x3f, 0xa9, 0x12, 0x07, 0x12, 0xb7, 0x36, 0xfb, 0x3f, 0xda, 0x3f, 0xfb, 0x3f, 0xf4, 0x2d, 0xa2, 0x08,
  0x6f, 0x24, 0xf4, 0x2d, 0x03, 0x09, 0xea, 0x12, 0x8f, 0x24, 0x61, 0x00, 0xad, 0x1b, 0x99, 0x3f, 0xfb, 0x3f, 0xfc, 0x3f, 0x8f, 0x24, 0xe3, 0x08, 0xf4, 0x2d, 0xfb, 0x3f, 0xda, 0x3f, 0xfc, 0x3f,
  0xb0, 0x1c, 0x12, 0x55, 0x7b, 0x8f, 0xfc, 0x97, 0xdc, 0x8f, 0xdc, 0x8f, 0xdc, 0x8f, 0xdc, 0x8f, 0xdc, 0x8f, 0xdc, 0x8f, 0xdc, 0x8f, 0xdc, 0x8f, 0xdc, 0x8f, 0xdc, 0x8f, 0xdc, 0x8f, 0xdc, 0x8f,
  0xdc, 0x8f, 0xdc, 0x8f, 0xdc, 0x8f, 0xdc, 0x8f, 0xdc, 0x8f, 0xdc, 0x8f, 0xdc, 0x8f, 0xdc, 0x8f, 0xdc, 0x8f, 0xdc, 0x8f, 0xdc, 0x8f, 0xdc, 0x8f, 0xdc, 0x8f, 0xdc, 0x8f, 0xdc, 0x8f, 0xdc, 0x8f,
  0xdc, 0x8f, 0xdc, 0x8f, 0xdc, 0x8f, 0xdc, 0x8f, 0xdc, 0x8f, 0xdd, 0x8f, 0xdd, 0x8f, 0xdc, 0x8f, 0xdc, 0x8f, 0xdc, 0x8f, 0xdd, 0x8f, 0xdd, 0x8f, 0xdd, 0x8f, 0xdd, 0x8f, 0xdd, 0x87, 0xdd, 0x87,
  0xdd, 0x8f, 0xdd, 0x8f, 0xdd, 0x87, 0xdd, 0x87, 0xdd, 0x87, 0xdd, 0x87, 0xdd, 0x87, 0xdd, 0x87, 0xdd, 0x87, 0xdd, 0x87, 0xdd, 0x87, 0xdd, 0x87, 0xdd, 0x87, 0xdd, 0x87, 0xdd, 0x87, 0xdd, 0x87,
  0xdd, 0x87, 0xdd, 0x87, 0xdd, 0x87, 0xdd, 0x87, 0xdd, 0x87, 0xdd, 0x87, 0xdd, 0x87, 0xdd, 0x87, 0xdd, 0x87, 0xdd, 0x87, 0xdd, 0x87, 0xdd, 0x87, 0xdd, 0x87, 0xdd, 0x87, 0xdd, 0x87, 0xdd, 0x87,
  0xdd, 0x87, 0xdd, 0x87, 0xdd, 0x87, 0xfe, 0x87, 0x37, 0x6e, 0xc3, 0x10, 0x2f, 0x19, 0x2e, 0x19, 0x2e, 0x19, 0x2e, 0x19, 0x2e, 0x19, 0x2e, 0x19, 0x2e, 0x19, 0x2e, 0x19, 0x2e, 0x19, 0x2e, 0x19,
  0xf7, 0x21, 0xf7, 0x21, 0xf7, 0x21, 0x17, 0x22, 0x17, 0x22, 0x17, 0x22, 0x17, 0x22, 0xf7, 0x21, 0x98, 0x3a, 0x37, 0x2a, 0x18, 0x22, 0x04, 0x00, 0xc5, 0x73, 0xab, 0xef, 0xad, 0xef, 0x00, 0x00,
  0x00, 0x00, 0x00, 0x00, 0x28, 0x42, 0xff, 0xff, 0x9a, 0xd6, 0x18, 0xc6, 0xbf, 0xff, 0x45, 0x29, 0x00, 0x00, 0x8e, 0x73, 0xff, 0xff, 0x00, 0x00, 0x00, 0x00, 0x00, 0x00, 0xcb, 0x5a, 0xff, 0xff,
  0x00, 0x00, 0x00, 0x00, 0x51, 0xcf, 0x6c, 0xc7, 0x4d, 0xc7, 0x4d, 0xc7, 0x4d, 0xc7, 0x4d, 0xc7, 0x4d, 0xc7, 0x6e, 0xbf, 0x6e, 0xbf, 0x6e, 0xbf, 0x6e, 0xbf, 0x6e, 0xbf, 0x6e, 0xbf, 0x6e, 0xbf,
  0x6e, 0xbf, 0x4e, 0xb7, 0x6e, 0xb7, 0x6f, 0xb7, 0x6f, 0xb7, 0x6f, 0xb7, 0x6f, 0xb7, 0x6f, 0xb7, 0x6f, 0xaf, 0x6f, 0xaf, 0x6f, 0xaf, 0x6f, 0xaf, 0x70, 0xaf, 0x70, 0xaf, 0x70, 0xaf, 0x70, 0xa7,
  0x70, 0xa7, 0x70, 0xa7, 0x70, 0xa7, 0x70, 0xa7, 0x70, 0xa7, 0x71, 0x9f, 0x70, 0xa7, 0x71, 0x9f, 0x71, 0x9f, 0x71, 0x9f, 0x91, 0x9f, 0x91, 0x9f, 0x91, 0x9f, 0x91, 0x9f, 0x91, 0x97, 0x92, 0x97,
  0x92, 0x97, 0x92, 0x97, 0x72, 0x97, 0x92, 0x97, 0x92, 0x97, 0x92, 0x8f, 0x92, 0x8f, 0x92, 0x8f, 0x93, 0x8f, 0x92, 0x8f, 0x93, 0x8f, 0x93, 0x8f, 0x93, 0x87, 0x93, 0x87, 0x93, 0x87, 0x93, 0x87,
  0x93, 0x87, 0x93, 0x87, 0x94, 0x87, 0x94, 0x87, 0x94, 0x7f, 0x94, 0x7f, 0x94, 0x7f, 0x94, 0x7f, 0x94, 0x7f, 0x94, 0x7f, 0x94, 0x7f, 0x94, 0x77, 0xb5, 0x77, 0xb5, 0x77, 0xb5, 0x77, 0xb5, 0x77,
  0xb5, 0x77, 0xb5, 0x77, 0x95, 0x6f, 0xb5, 0x6f, 0xb5, 0x6f, 0xb6, 0x6f, 0xb6, 0x6f, 0xb6, 0x6f, 0xb6, 0x6f, 0xb6, 0x67, 0xb6, 0x67, 0xb6, 0x67, 0xb6, 0x67, 0xb6, 0x67, 0xb7, 0x67, 0xb7, 0x67,
  0xb7, 0x67, 0xb7, 0x5f, 0xb7, 0x5f, 0xb7, 0x5f, 0xb7, 0x5f, 0xb7, 0x5f, 0xb7, 0x5f, 0xb7, 0x5f, 0xb8, 0x57, 0xb8, 0x57, 0xd8, 0x4f, 0x36, 0x97, 0x4f, 0xf6, 0x48, 0xf6, 0x65, 0xf6, 0x08, 0xff,
  0x06, 0xfe, 0xc5, 0xf5, 0xc7, 0xfe, 0x85, 0xfe, 0xa6, 0xfe, 0xe5, 0xe5, 0x05, 0xb4, 0xa8, 0x72, 0xab, 0x5a, 0xec, 0x5a, 0x2a, 0x94, 0xc7, 0xdd, 0x66, 0xb4, 0x87, 0x6a, 0xcb, 0x5a, 0xec, 0x5a,
  0xab, 0x7b, 0x27, 0xcd, 0x25, 0xf6, 0xe3, 0xec, 0x42, 0xec, 0xa3, 0xed, 0xa5, 0xfe, 0x48, 0xe6, 0xea, 0x62, 0xee, 0x08, 0x93, 0x21, 0x92, 0x19, 0x92, 0x19, 0x92, 0x19, 0x92, 0x19, 0x92, 0x19,
  0x93, 0x19, 0x4b, 0x21, 0x6f, 0x4b, 0xfb, 0x75, 0x5d, 0x86, 0x7d, 0x86, 0x9a, 0x75, 0xab, 0x32, 0x52, 0x65, 0xfc, 0x9f, 0xfb, 0x97, 0xfb, 0x97, 0xfb, 0x97, 0xfd, 0x9f, 0xcd, 0x43, 0x52, 0x25,
  0xfc, 0x3f, 0xba, 0x3f, 0x27, 0x12, 0x27, 0x12, 0xf8, 0x36, 0xfc, 0x3f, 0xfb, 0x3f, 0xfc, 0x3f, 0xcd, 0x1b, 0x24, 0x09, 0x35, 0x2e, 0xfc, 0x3f, 0xda, 0x3f, 0xfd, 0x3f, 0xd0, 0x24, 0x61, 0x00,
  0x72, 0x2d, 0x55, 0x2e, 0xc3, 0x08, 0xb0, 0x24, 0xfc, 0x3f, 0x4b, 0x1b, 0x24, 0x09, 0x55, 0x2e, 0xfb, 0x3f, 0xfc, 0x3f, 0x8f, 0x24, 0xe3, 0x08, 0xf4, 0x2d, 0xfb, 0x3f, 0xda, 0x3f, 0xfc, 0x3f,
  0xb0, 0x1c, 0x12, 0x55, 0x7b, 0x8f, 0xfc, 0x97, 0xdc, 0x8f, 0xdc, 0x8f, 0xdc, 0x8f, 0xdc, 0x8f, 0xdc, 0x8f, 0xdc, 0x8f, 0xdc, 0x8f, 0xdc, 0x8f, 0xdc, 0x8f, 0xdc, 0x8f, 0xdc, 0x8f, 0xdc, 0x8f,
  0xdc, 0x8f, 0xdc, 0x8f, 0xdc, 0x8f, 0xdc, 0x8f, 0xdc, 0x8f, 0xdc, 0x8f, 0xdc, 0x8f, 0xdc, 0x8f, 0xdc, 0x8f, 0xdc, 0x8f, 0xdc, 0x8f, 0xdc, 0x8f, 0xdc, 0x8f, 0xdc, 0x8f, 0xdc, 0x8f, 0xdc, 0x8f,
  0xdc, 0x8f, 0xdc, 0x8f, 0xdc, 0x8f, 0xdd, 0x8f, 0xdd, 0x8f, 0xdc, 0x8f, 0xdc, 0x8f, 0xdd, 0x8f, 0xdd, 0x8f, 0xdd, 0x8f, 0xdd, 0x8f, 0xdd, 0x87, 0xdd, 0x87, 0xdd, 0x8f, 0xdd, 0x8f, 0xdd, 0x8f,
  0xdd, 0x87, 0xdd, 0x87, 0xdd, 0x87, 0xdd, 0x87, 0xdd, 0x87, 0xdd, 0x87, 0xdd, 0x87, 0xdd, 0x87, 0xdd, 0x87, 0xdd, 0x87, 0xdd, 0x87, 0xdd, 0x87, 0xdd, 0x87, 0xdd, 0x87, 0xdd, 0x87, 0xdd, 0x87,
  0xdd, 0x87, 0xdd, 0x87, 0xdd, 0x87, 0xdd, 0x87, 0xdd, 0x87, 0xdd, 0x87, 0xdd, 0x87, 0xdd, 0x87, 0xdd, 0x87, 0xdd, 0x87, 0xdd, 0x87, 0xdd, 0x87, 0xdd, 0x87, 0xdd, 0x87, 0xdd, 0x87, 0xdd, 0x87,
  0xdd, 0x87, 0xdd, 0x87, 0xdd, 0x87, 0xfe, 0x87, 0x37, 0x6e, 0xc3, 0x10, 0x2f, 0x19, 0x2e, 0x19, 0x2e, 0x19, 0x2e, 0x19, 0x2e, 0x19, 0x2e, 0x19, 0x2e, 0x19, 0x2e, 0x19, 0x0e, 0x19, 0x0e, 0x19,
  0x17, 0x22, 0x17, 0x22, 0x17, 0x22, 0x17, 0x22, 0x17, 0x22, 0x17, 0x22, 0x17, 0x22, 0xf7, 0x21, 0x98, 0x3a, 0x37, 0x2a, 0x18, 0x22, 0x04, 0x00, 0xc5, 0x73, 0xcb, 0xef, 0x2f, 0xdf, 0x00, 0x00,
  0x00, 0x00, 0x00, 0x00, 0x28, 0x42, 0xff, 0xff, 0xcf, 0x7b, 0x8a, 0x52, 0x59, 0xce, 0xf4, 0xa4, 0x00, 0x00, 0x8e, 0x73, 0xff, 0xff, 0x00, 0x00, 0x00, 0x00, 0x00, 0x00, 0xaa, 0x52, 0xff, 0xff,
  0x41, 0x08, 0x61, 0x08, 0xef, 0xdf, 0x4d, 0xc7, 0x4d, 0xc7, 0x4d, 0xc7, 0x4d, 0xc7, 0x4d, 0xc7, 0x4d, 0xc7, 0x6e, 0xbf, 0x6e, 0xbf, 0x6e, 0xbf, 0x6e, 0xbf, 0x6e, 0xbf, 0x6e, 0xbf, 0x6e, 0xbf,
  0x6e, 0xbf, 0x4e, 0xb7, 0x6e, 0xb7, 0x6f, 0xb7, 0x6f, 0xb7, 0x6f, 0xb7, 0x6f, 0xb7, 0x6f, 0xb7, 0x6f, 0xaf, 0x6f, 0xaf, 0x6f, 0xaf, 0x6f, 0xaf, 0x70, 0xaf, 0x70, 0xaf, 0x70, 0xaf, 0x70, 0xa7,
  0x70, 0xa7, 0x70, 0xa7, 0x70, 0xa7, 0x70, 0xa7, 0x70, 0xa7, 0x71, 0x9f, 0x70, 0xa7, 0x71, 0x9f, 0x71, 0x9f, 0x71, 0x9f, 0x91, 0x9f, 0x91, 0x9f, 0x91, 0x9f, 0x91, 0x9f, 0x91, 0x97, 0x92, 0x97,
  0x92, 0x97, 0x92, 0x97, 0x72, 0x97, 0x92, 0x97, 0x92, 0x97, 0x92, 0x8f, 0x92, 0x8f, 0x92, 0x8f, 0x93, 0x8f, 0x92, 0x8f, 0x93, 0x8f, 0x93, 0x8f, 0x93, 0x87, 0x93, 0x87, 0x93, 0x87, 0x93, 0x87,
  0x93, 0x87, 0x93, 0x87, 0x94, 0x87, 0x94, 0x87, 0x94, 0x7f, 0x94, 0x7f, 0x94, 0x7f, 0x94, 0x7f, 0x94, 0x7f, 0x94, 0x7f, 0x94, 0x7f, 0x94, 0x77, 0xb5, 0x77, 0xb5, 0x77, 0xb5, 0x77, 0xb5, 0x77,
  0xb5, 0x77, 0xb5, 0x77, 0x95, 0x6f, 0xb5, 0x6f, 0xb5, 0x6f, 0xb6, 0x6f, 0xb6, 0x6f, 0xb6, 0x6f, 0xb6, 0x6f, 0xb6, 0x67, 0xb6, 0x67, 0xb6, 0x67, 0xb6, 0x67, 0xb6, 0x67, 0xb7, 0x67, 0xb7, 0x67,
  0xb7, 0x67, 0xb7, 0x5f, 0xb7, 0x5f, 0xb7, 0x5f, 0xb7, 0x5f, 0xb7, 0x5f, 0xb7, 0x5f, 0xb7, 0x5f, 0xb8, 0x57, 0xb8, 0x57, 0xd8, 0x4f, 0x57, 0x87, 0x92, 0xe6, 0x29, 0xf6, 0x44, 0xf6, 0x28, 0xff,
  0x27, 0xfe, 0xa5, 0xf5, 0xc7, 0xfe, 0xa6, 0xfe, 0x45, 0xf6, 0x04, 0xb4, 0x88, 0x6a, 0x0c, 0x63, 0xec, 0x62, 0xec, 0x62, 0x4b, 0x6b, 0x8b, 0x7b, 0x4b, 0x73, 0xeb, 0x62, 0x0c, 0x63, 0xac, 0x52,
  0x09, 0x94, 0x85, 0xe5, 0x05, 0xf6, 0xc3, 0xec, 0x62, 0xec, 0x24, 0xf6, 0xc6, 0xfe, 0xc9, 0xc5, 0x4a, 0x42, 0x0e, 0x11, 0x93, 0x21, 0x92, 0x19, 0x92, 0x19, 0x92, 0x19, 0x92, 0x19, 0x92, 0x19,
  0x93, 0x19, 0x4b, 0x21, 0x6f, 0x53, 0xfb, 0x7d, 0x7d, 0x86, 0x7d, 0x86, 0x9a, 0x75, 0xab, 0x32, 0x52, 0x65, 0xfc, 0x9f, 0xfb, 0x97, 0xfb, 0x97, 0xfb, 0x97, 0xfd, 0x9f, 0xcd, 0x43, 0x52, 0x25,
  0xfc, 0x3f, 0xba, 0x3f, 0x27, 0x12, 0x07, 0x12, 0xb7, 0x36, 0xfb, 0x3f, 0xda, 0x3f, 0xfb, 0x3f, 0x76, 0x2e, 0x24, 0x09, 0xe6, 0x11, 0xd7, 0x36, 0xfd, 0x47, 0x55, 0x2e, 0x44, 0x09, 0x27, 0x12,
  0xf8, 0x36, 0x35, 0x2e, 0xc3, 0x08, 0x6f, 0x24, 0xfb, 0x3f, 0x14, 0x2e, 0xc3, 0x08, 0x6f, 0x24, 0xba, 0x3f, 0xfc, 0x3f, 0x8f, 0x24, 0xe3, 0x08, 0xf4, 0x2d, 0xfb, 0x3f, 0xda, 0x3f, 0xfc, 0x3f,
  0xd0, 0x1c, 0x12, 0x55, 0x7b, 0x8f, 0xfc, 0x8f, 0xdc, 0x8f, 0xdc, 0x8f, 0xdc, 0x8f, 0xdc, 0x8f, 0xdc, 0x8f, 0xdc, 0x8f, 0xdc, 0x8f, 0xdc, 0x8f, 0xdc, 0x8f, 0xdc, 0x8f, 0xdc, 0x8f, 0xdc, 0x8f,
  0xdc, 0x8f, 0xdc, 0x8f, 0xdc, 0x8f, 0xdc, 0x8f, 0xdc, 0x8f, 0xdc, 0x8f, 0xdc, 0x8f, 0xdc, 0x8f, 0xdc, 0x8f, 0xdc, 0x8f, 0xdc, 0x8f, 0xdc, 0x8f, 0xdc, 0x8f, 0xdc, 0x8f, 0xdc, 0x8f, 0xdc, 0x8f,
  0xdd, 0x8f, 0xdd, 0x8f, 0xdc, 0x8f, 0xdc, 0x8f, 0xdc, 0x8f, 0xdd, 0x8f, 0xdd, 0x8f, 0xdd, 0x8f, 0xdd, 0x8f, 0xdd, 0x87, 0xdd, 0x87, 0xdd, 0x8f, 0xdd, 0x8f, 0xdd, 0x87, 0xdd, 0x87, 0xdd, 0x87,
  0xdd, 0x87, 0xdd, 0x87, 0xdd, 0x87, 0xdd, 0x87, 0xdd, 0x87, 0xdd, 0x87, 0xdd, 0x87, 0xdd, 0x87, 0xdd, 0x87, 0xdd, 0x87, 0xdd, 0x87, 0xdd, 0x87, 0xdd, 0x87, 0xdd, 0x87, 0xdd, 0x87, 0xdd, 0x87,
  0xdd, 0x87, 0xdd, 0x87, 0xdd, 0x87, 0xdd, 0x87, 0xdd, 0x87, 0xdd, 0x87, 0xdd, 0x87, 0xdd, 0x87, 0xdd, 0x87, 0xdd, 0x87, 0xdd, 0x87, 0xdd, 0x87, 0xdd, 0x87, 0xdd, 0x87, 0xdd, 0x87, 0xdd, 0x87,
  0xdd, 0x87, 0xdd, 0x87, 0xdd, 0x87, 0xfe, 0x87, 0x37, 0x6e, 0xc3, 0x10, 0x2f, 0x19, 0x2e, 0x19, 0x2e, 0x19, 0x2e, 0x19, 0x2e, 0x19, 0x2e, 0x19, 0x0e, 0x19, 0x0e, 0x19, 0x2e, 0x19, 0x2e, 0x19,
  0x17, 0x22, 0x17, 0x22, 0x17, 0x22, 0x17, 0x22, 0x17, 0x22, 0xf7, 0x21, 0xf7, 0x21, 0xf7, 0x21, 0x77, 0x3a, 0x37, 0x2a, 0x18, 0x22, 0x04, 0x00, 0xc5, 0x73, 0xcb, 0xef, 0x4f, 0xc6, 0x00, 0x00,
  0x00, 0x00, 0x00, 0x00, 0x28, 0x42, 0xff, 0xff, 0x45, 0x29, 0x00, 0x00, 0xcb, 0x5a, 0xff, 0xff, 0x00, 0x00, 0x6e, 0x73, 0xff, 0xff, 0x00, 0x00, 0x00, 0x00, 0x00, 0x00, 0x92, 0x94, 0xff, 0xff,
  0x00, 0x00, 0x2b, 0x7c, 0xcd, 0xd7, 0x4d, 0xc7, 0x4d, 0xc7, 0x4d, 0xc7, 0x4d, 0xc7, 0x4d, 0xc7, 0x4d, 0xc7, 0x6e, 0xbf, 0x6e, 0xbf, 0x6e, 0xbf, 0x6e, 0xbf, 0x6e, 0xbf, 0x6e, 0xbf, 0x6e, 0xbf,
  0x6e, 0xbf, 0x4e, 0xb7, 0x6e, 0xb7, 0x6f, 0xb7, 0x6f, 0xb7, 0x6f, 0xb7, 0x6f, 0xb7, 0x6f, 0xb7, 0x6f, 0xaf, 0x6f, 0xaf, 0x6f, 0xaf, 0x6f, 0xaf, 0x70, 0xaf, 0x70, 0xaf, 0x70, 0xaf, 0x70, 0xa7,
  0x70, 0xa7, 0x70, 0xa7, 0x70, 0xa7, 0x70, 0xa7, 0x70, 0xa7, 0x71, 0x9f, 0x70, 0xa7, 0x71, 0x9f, 0x71, 0x9f, 0x71, 0x9f, 0x91, 0x9f, 0x91, 0x9f, 0x91, 0x9f, 0x91, 0x9f, 0x91, 0x97, 0x92, 0x97,
  0x92, 0x97, 0x92, 0x97, 0x72, 0x97, 0x92, 0x97, 0x92, 0x97, 0x92, 0x8f, 0x92, 0x8f, 0x92, 0x8f, 0x93, 0x8f, 0x92, 0x8f, 0x93, 0x8f, 0x93, 0x8f, 0x93, 0x87, 0x93, 0x87, 0x93, 0x87, 0x93, 0x87,
  0x93, 0x87, 0x93, 0x87, 0x94, 0x87, 0x94, 0x87, 0x94, 0x7f, 0x94, 0x7f, 0x94, 0x7f, 0x94, 0x7f, 0x94, 0x7f, 0x94, 0x7f, 0x94, 0x7f, 0x94, 0x77, 0xb5, 0x77, 0xb5, 0x77, 0xb5, 0x77, 0xb5, 0x77,
  0xb5, 0x77, 0xb5, 0x77, 0x95, 0x6f, 0xb5, 0x6f, 0xb5, 0x6f, 0xb6, 0x6f, 0xb6, 0x6f, 0xb6, 0x6f, 0xb6, 0x6f, 0xb6, 0x67, 0xb6, 0x67, 0xb6, 0x67, 0xb6, 0x67, 0xb6, 0x67, 0xb7, 0x67, 0xb7, 0x67,
  0xb7, 0x67, 0xb7, 0x5f, 0xb7, 0x5f, 0xb7, 0x5f, 0xb7, 0x5f, 0xb7, 0x5f, 0xb7, 0x5f, 0xb7, 0x5f, 0xb8, 0x57, 0xb8, 0x57, 0xb8, 0x4f, 0x98, 0x6f, 0xd5, 0xc6, 0xc9, 0xf5, 0xe3, 0xed, 0xe7, 0xfe,
  0xc8, 0xfe, 0xc6, 0xf5, 0x05, 0xf6, 0xe7, 0xfe, 0xa4, 0xed, 0xc3, 0x8a, 0x88, 0x39, 0x4a, 0x4a, 0x8a, 0x52, 0xeb, 0x5a, 0xcb, 0x5a, 0xcb, 0x5a, 0xcc, 0x5a, 0x6b, 0x52, 0x6a, 0x52, 0x88, 0x83,
  0x46, 0xcd, 0x05, 0xf6, 0xc4, 0xf5, 0xa2, 0xec, 0x23, 0xed, 0x85, 0xf6, 0xe6, 0xfe, 0xc8, 0x9c, 0x89, 0x19, 0x0f, 0x11, 0x93, 0x19, 0x92, 0x19, 0x92, 0x19, 0x92, 0x19, 0x92, 0x19, 0x92, 0x19,
  0x92, 0x19, 0x4b, 0x21, 0x6f, 0x53, 0xfb, 0x7d, 0x7d, 0x86, 0x7d, 0x86, 0x99, 0x75, 0xab, 0x32, 0x52, 0x65, 0xfc, 0x9f, 0xfb, 0x97, 0xdb, 0x97, 0xdb, 0x97, 0xfd, 0x9f, 0x6c, 0x43, 0x52, 0x25,
  0xfc, 0x3f, 0x9a, 0x3f, 0xa6, 0x09, 0xa5, 0x09, 0x96, 0x36, 0xfb, 0x3f, 0xda, 0x3f, 0xdb, 0x3f, 0xdb, 0x3f, 0x93, 0x2d, 0xe6, 0x11, 0x24, 0x09, 0xa6, 0x09, 0x03, 0x09, 0xe7, 0x11, 0xd4, 0x2d,
  0xfb, 0x3f, 0xf4, 0x2d, 0x41, 0x00, 0x2e, 0x24, 0xda, 0x3f, 0xfb, 0x3f, 0xe7, 0x11, 0x85, 0x09, 0x96, 0x36, 0xfc, 0x3f, 0x4e, 0x24, 0x61, 0x00, 0xd3, 0x2d, 0xfb, 0x3f, 0xda, 0x3f, 0xfc, 0x3f,
  0xed, 0x1b, 0x12, 0x55, 0x9b, 0x8f, 0xfc, 0x8f, 0xdc, 0x8f, 0xdc, 0x8f, 0xdc, 0x8f, 0xdc, 0x8f, 0xdc, 0x8f, 0xdc, 0x8f, 0xdc, 0x8f, 0xdc, 0x8f, 0xdc, 0x8f, 0xdc, 0x8f, 0xdc, 0x8f, 0xdc, 0x8f,
  0xdc, 0x8f, 0xdc, 0x8f, 0xdc, 0x8f, 0xdc, 0x8f, 0xdc, 0x8f, 0xdc, 0x8f, 0xdc, 0x8f, 0xdc, 0x8f, 0xdc, 0x8f, 0xdc, 0x8f, 0xdc, 0x8f, 0xdc, 0x8f, 0xdc, 0x8f, 0xdc, 0x8f, 0xdd, 0x8f, 0xdd, 0x8f,
  0xdc, 0x8f, 0xdc, 0x8f, 0xdd, 0x8f, 0xdd, 0x8f, 0xdd, 0x8f, 0xdd, 0x8f, 0xdd, 0x8f, 0xdd, 0x87, 0xdd, 0x8f, 0xdd, 0x8f, 0xdd, 0x8f, 0xdd, 0x87, 0xdd, 0x87, 0xdd, 0x87, 0xdd, 0x87, 0xdd, 0x87,
  0xdd, 0x87, 0xdd, 0x87, 0xdd, 0x87, 0xdd, 0x87, 0xdd, 0x87, 0xdd, 0x87, 0xdd, 0x87, 0xdd, 0x87, 0xdd, 0x87, 0xdd, 0x87, 0xdd, 0x87, 0xdd, 0x87, 0xdd, 0x87, 0xdd, 0x87, 0xdd, 0x87, 0xdd, 0x87,
  0xdd, 0x87, 0xdd, 0x87, 0xdd, 0x87, 0xdd, 0x87, 0xdd, 0x87, 0xdd, 0x87, 0xdd, 0x87, 0xdd, 0x87, 0xdd, 0x87, 0xdd, 0x87, 0xdd, 0x87, 0xdd, 0x87, 0xdd, 0x87, 0xdd, 0x87, 0xdd, 0x87, 0xdd, 0x87,
  0xdd, 0x87, 0xdd, 0x87, 0xdd, 0x87, 0xfe, 0x87, 0x37, 0x6e, 0xc3, 0x10, 0x2f, 0x19, 0x2e, 0x19, 0x2e, 0x19, 0x0e, 0x19, 0x0e, 0x19, 0x0e, 0x19, 0x2e, 0x19, 0x2e, 0x19, 0x2e, 0x19, 0x2e, 0x19,
  0x17, 0x22, 0x17, 0x22, 0xf7, 0x21, 0xf7, 0x21, 0xf7, 0x21, 0xf7, 0x21, 0xf7, 0x21, 0xf7, 0x21, 0x77, 0x3a, 0x37, 0x2a, 0x18, 0x22, 0x04, 0x00, 0xc5, 0x73, 0xcb, 0xef, 0xce, 0xb5, 0x00, 0x00,
  0x00, 0x00, 0x00, 0x00, 0x28, 0x42, 0xff, 0xff, 0x04, 0x21, 0x00, 0x00, 0x35, 0xad, 0xff, 0xff, 0x00, 0x00, 0x6e, 0x73, 0xff, 0xff, 0x00, 0x00, 0x00, 0x00, 0xcf, 0x7b, 0xff, 0xff, 0xaf, 0x73,
  0x00, 0x00, 0x90, 0xd7, 0x6d, 0xcf, 0x4d, 0xc7, 0x4d, 0xc7, 0x4d, 0xc7, 0x4d, 0xc7, 0x4d, 0xc7, 0x4d, 0xc7, 0x6e, 0xbf, 0x6e, 0xbf, 0x6e, 0xbf, 0x6e, 0xbf, 0x6e, 0xbf, 0x6e, 0xbf, 0x6e, 0xbf,
  0x6e, 0xbf, 0x4e, 0xb7, 0x6e, 0xb7, 0x6f, 0xb7, 0x6f, 0xb7, 0x6f, 0xb7, 0x6f, 0xb7, 0x6f, 0xb7, 0x6f, 0xaf, 0x6f, 0xaf, 0x6f, 0xaf, 0x6f, 0xaf, 0x70, 0xaf, 0x70, 0xaf, 0x70, 0xaf, 0x70, 0xa7,
  0x70, 0xa7, 0x70, 0xa7, 0x70, 0xa7, 0x70, 0xa7, 0x70, 0xa7, 0x71, 0x9f, 0x70, 0xa7, 0x71, 0x9f, 0x71, 0x9f, 0x71, 0x9f, 0x91, 0x9f, 0x91, 0x9f, 0x91, 0x9f, 0x91, 0x9f, 0x91, 0x97, 0x92, 0x97,
  0x92, 0x97, 0x92, 0x97, 0x72, 0x97, 0x92, 0x97, 0x92, 0x97, 0x92, 0x8f, 0x92, 0x8f, 0x92, 0x8f, 0x93, 0x8f, 0x92, 0x8f, 0x93, 0x8f, 0x93, 0x8f, 0x93, 0x87, 0x93, 0x87, 0x93, 0x87, 0x93, 0x87,
  0x93, 0x87, 0x93, 0x87, 0x94, 0x87, 0x94, 0x87, 0x94, 0x7f, 0x94, 0x7f, 0x94, 0x7f, 0x94, 0x7f, 0x94, 0x7f, 0x94, 0x7f, 0x94, 0x7f, 0x94, 0x77, 0xb5, 0x77, 0xb5, 0x77, 0xb5, 0x77, 0xb5, 0x77,
  0xb5, 0x77, 0xb5, 0x77, 0x95, 0x6f, 0xb5, 0x6f, 0xb5, 0x6f, 0xb6, 0x6f, 0xb6, 0x6f, 0xb6, 0x6f, 0xb6, 0x6f, 0xb6, 0x67, 0xb6, 0x67, 0xb6, 0x67, 0xb6, 0x67, 0xb6, 0x67, 0xb7, 0x67, 0xb7, 0x67,
  0xb7, 0x67, 0xb7, 0x5f, 0xb7, 0x5f, 0xb7, 0x5f, 0xb7, 0x5f, 0xb7, 0x5f, 0xb7, 0x5f, 0xb7, 0x5f, 0xb8, 0x57, 0xb8, 0x57, 0xb8, 0x57, 0xd8, 0x57, 0xd4, 0x9e, 0x29, 0xed, 0x43, 0xe5, 0x65, 0xf6,
  0x29, 0xff, 0x27, 0xfe, 0x85, 0xf5, 0xa7, 0xfe, 0x26, 0xf6, 0x63, 0xcc, 0xc4, 0xb3, 0xa3, 0x8a, 0xe6, 0x59, 0xec, 0x5a, 0x49, 0x4a, 0x29, 0x42, 0x2a, 0x6b, 0xe7, 0x9b, 0x26, 0xcd, 0xc6, 0xe5,
  0x05, 0xf6, 0x45, 0xf6, 0x43, 0xf5, 0xc2, 0xec, 0x25, 0xf6, 0xa5, 0xfe, 0x09, 0xf7, 0x28, 0x74, 0xe7, 0x08, 0x2f, 0x19, 0x92, 0x19, 0x92, 0x19, 0x92, 0x19, 0x92, 0x19, 0x92, 0x19, 0x72, 0x19,
  0x72, 0x19, 0x4b, 0x21, 0x6f, 0x53, 0xfb, 0x7d, 0x7d, 0x86, 0x7d, 0x86, 0x99, 0x75, 0xab, 0x32, 0x52, 0x65, 0xfc, 0x9f, 0xdb, 0x97, 0xdb, 0x97, 0xdb, 0x97, 0xfd, 0x9f, 0xcd, 0x43, 0xed, 0x1b,
  0xba, 0x37, 0xfc, 0x3f, 0x96, 0x36, 0x76, 0x36, 0xda, 0x3f, 0xfc, 0x3f, 0xfb, 0x3f, 0xfb, 0x3f, 0xfc, 0x3f, 0xfc, 0x3f, 0xf7, 0x36, 0xd4, 0x2d, 0x93, 0x2d, 0xd4, 0x2d, 0xf8, 0x36, 0xfb, 0x3f,
  0xfc, 0x3f, 0xba, 0x3f, 0x15, 0x2e, 0x38, 0x37, 0xfc, 0x3f, 0xfc, 0x3f, 0xd7, 0x36, 0x55, 0x2e, 0xba, 0x3f, 0xfc, 0x3f, 0x38, 0x37, 0x35, 0x2e, 0x9a, 0x3f, 0xfc, 0x3f, 0xfc, 0x3f, 0xfb, 0x3f,
  0x47, 0x0a, 0xb4, 0x65, 0xfc, 0x97, 0xdc, 0x8f, 0xdc, 0x8f, 0xdc, 0x8f, 0xdc, 0x8f, 0xdc, 0x8f, 0xdc, 0x8f, 0xdc, 0x8f, 0xdc, 0x8f, 0xdc, 0x8f, 0xdc, 0x8f, 0xdc, 0x8f, 0xdc, 0x8f, 0xdc, 0x8f,
  0xdc, 0x8f, 0xdc, 0x8f, 0xdc, 0x8f, 0xdc, 0x8f, 0xdc, 0x8f, 0xdc, 0x8f, 0xdc, 0x8f, 0xdc, 0x8f, 0xdc, 0x8f, 0xdc, 0x8f, 0xdc, 0x8f, 0xdc, 0x8f, 0xdd, 0x8f, 0xdc, 0x8f, 0xdc, 0x8f, 0xdc, 0x8f,
  0xdd, 0x8f, 0xdd, 0x8f, 0xdd, 0x8f, 0xdd, 0x8f, 0xdd, 0x87, 0xdd, 0x87, 0xdd, 0x8f, 0xdd, 0x8f, 0xdd, 0x87, 0xdd, 0x87, 0xdd, 0x87, 0xdd, 0x87, 0xdd, 0x87, 0xdd, 0x87, 0xdd, 0x87, 0xdd, 0x87,
  0xdd, 0x87, 0xdd, 0x87, 0xdd, 0x87, 0xdd, 0x87, 0xdd, 0x87, 0xdd, 0x87, 0xdd, 0x87, 0xdd, 0x87, 0xdd, 0x87, 0xdd, 0x87, 0xdd, 0x87, 0xdd, 0x87, 0xdd, 0x87, 0xdd, 0x87, 0xdd, 0x87, 0xdd, 0x87,
  0xdd, 0x87, 0xdd, 0x87, 0xdd, 0x87, 0xdd, 0x87, 0xdd, 0x87, 0xdd, 0x87, 0xdd, 0x87, 0xdd, 0x87, 0xdd, 0x87, 0xdd, 0x87, 0xdd, 0x87, 0xdd, 0x87, 0xdd, 0x87, 0xdd, 0x87, 0xdd, 0x87, 0xdd, 0x87,
  0xdd, 0x87, 0xdd, 0x87, 0xdd, 0x87, 0xfe, 0x87, 0x37, 0x66, 0xc3, 0x10, 0x0f, 0x19, 0x0e, 0x19, 0x0e, 0x19, 0x2e, 0x19, 0x2e, 0x19, 0x2e, 0x19, 0x2e, 0x19, 0x2e, 0x19, 0x2e, 0x19, 0x2e, 0x19,
  0xf7, 0x21, 0xf7, 0x21, 0xf7, 0x21, 0xf7, 0x21, 0xf7, 0x21, 0xf7, 0x21, 0xf7, 0x21, 0xf6, 0x21, 0x77, 0x3a, 0x37, 0x2a, 0x18, 0x22, 0x04, 0x00, 0xc5, 0x73, 0xcb, 0xef, 0xce, 0xb5, 0x00, 0x00,
  0x00, 0x00, 0x00, 0x00, 0x49, 0x4a, 0xff, 0xff, 0xfb, 0xde, 0x79, 0xce, 0x9e, 0xf7, 0x8e, 0x73, 0x00, 0x00, 0xcf, 0x7b, 0xff, 0xff, 0x39, 0xce, 0x7a, 0xd6, 0xdb, 0xde, 0xd3, 0x9c, 0x00, 0x00,
  0x2b, 0x7c, 0xce, 0xd7, 0x4d, 0xc7, 0x4d, 0xc7, 0x4d, 0xc7, 0x4d, 0xc7, 0x4d, 0xc7, 0x4d, 0xc7, 0x4d, 0xc7, 0x6e, 0xbf, 0x6e, 0xbf, 0x6e, 0xbf, 0x6e, 0xbf, 0x6e, 0xbf, 0x6e, 0xbf, 0x6e, 0xbf,
  0x6e, 0xbf, 0x4e, 0xb7, 0x6e, 0xb7, 0x6f, 0xb7, 0x6f, 0xb7, 0x6f, 0xb7, 0x6f, 0xb7, 0x6f, 0xb7, 0x6f, 0xaf, 0x6f, 0xaf, 0x6f, 0xaf, 0x6f, 0xaf, 0x70, 0xaf, 0x70, 0xaf, 0x70, 0xaf, 0x70, 0xa7,
  0x70, 0xa7, 0x70, 0xa7, 0x70, 0xa7, 0x70, 0xa7, 0x70, 0xa7, 0x71, 0x9f, 0x70, 0xa7, 0x71, 0x9f, 0x71, 0x9f, 0x71, 0x9f, 0x91, 0x9f, 0x91, 0x9f, 0x91, 0x9f, 0x91, 0x9f, 0x91, 0x97, 0x92, 0x97,
  0x92, 0x97, 0x92, 0x97, 0x72, 0x97, 0x92, 0x97, 0x92, 0x97, 0x92, 0x8f, 0x92, 0x8f, 0x92, 0x8f, 0x93, 0x8f, 0x92, 0x8f, 0x93, 0x8f, 0x93, 0x8f, 0x93, 0x87, 0x93, 0x87, 0x93, 0x87, 0x93, 0x87,
  0x93, 0x87, 0x93, 0x87, 0x94, 0x87, 0x94, 0x87, 0x94, 0x7f, 0x94, 0x7f, 0x94, 0x7f, 0x94, 0x7f, 0x94, 0x7f, 0x94, 0x7f, 0x94, 0x7f, 0x94, 0x77, 0xb5, 0x77, 0xb5, 0x77, 0xb5, 0x77, 0xb5, 0x77,
  0xb5, 0x77, 0xb5, 0x77, 0x95, 0x6f, 0xb5, 0x6f, 0xb5, 0x6f, 0xb6, 0x6f, 0xb6, 0x6f, 0xb6, 0x6f, 0xb6, 0x6f, 0xb6, 0x67, 0xb6, 0x67, 0xb6, 0x67, 0xb6, 0x67, 0xb6, 0x67, 0xb7, 0x67, 0xb7, 0x67,
  0xb7, 0x67, 0xb7, 0x5f, 0xb7, 0x5f, 0xb7, 0x5f, 0xb7, 0x5f, 0xb7, 0x5f, 0xb7, 0x5f, 0xb7, 0x5f, 0xb8, 0x57, 0xb8, 0x57, 0xb8, 0x57, 0xd8, 0x4f, 0x57, 0x77, 0x8e, 0xc5, 0x63, 0xdc, 0x83, 0xed,
  0xe7, 0xfe, 0x29, 0xff, 0xe7, 0xfd, 0x85, 0xf5, 0xa7, 0xfe, 0x66, 0xf6, 0x04, 0xfe, 0xe2, 0xc3, 0xe5, 0x61, 0xcc, 0x52, 0xe8, 0x39, 0xc8, 0x39, 0x8b, 0x7b, 0x46, 0xcd, 0xa5, 0xfe, 0x65, 0xfe,
  0x66, 0xf6, 0xc4, 0xf5, 0x02, 0xf5, 0xc4, 0xf5, 0xa6, 0xf6, 0xa5, 0xfe, 0x6f, 0xcf, 0x4e, 0x44, 0xc6, 0x08, 0x2f, 0x19, 0x92, 0x19, 0x92, 0x19, 0x92, 0x19, 0x72, 0x19, 0x72, 0x19, 0x92, 0x19,
  0x72, 0x19, 0x4b, 0x21, 0x6f, 0x53, 0xfb, 0x7d, 0x7d, 0x86, 0x7d, 0x86, 0xb9, 0x75, 0xab, 0x32, 0x52, 0x65, 0xfc, 0x9f, 0xdb, 0x97, 0xdb, 0x97, 0xdb, 0x97, 0xfc, 0x97, 0xf8, 0x86, 0x6c, 0x33,
  0x88, 0x12, 0x4e, 0x1c, 0x11, 0x25, 0x11, 0x25, 0xf0, 0x24, 0xd0, 0x1c, 0xd0, 0x1c, 0xd0, 0x1c, 0xd0, 0x1c, 0xf0, 0x24, 0x11, 0x25, 0x31, 0x25, 0x31, 0x25, 0x31, 0x25, 0x11, 0x25, 0xf0, 0x24,
  0xd0, 0x1c, 0xf0, 0x24, 0x11, 0x25, 0xf1, 0x24, 0xd0, 0x1c, 0xd0, 0x1c, 0x11, 0x25, 0x11, 0x25, 0xf0, 0x24, 0xd0, 0x1c, 0xf1, 0x24, 0x11, 0x25, 0xf0, 0x24, 0xf0, 0x24, 0xed, 0x1b, 0x68, 0x0a,
  0xce, 0x3b, 0x3a, 0x87, 0xfd, 0x8f, 0xdc, 0x8f, 0xdc, 0x8f, 0xdc, 0x8f, 0xdc, 0x8f, 0xdc, 0x8f, 0xdc, 0x8f, 0xdc, 0x8f, 0xdc, 0x8f, 0xdc, 0x8f, 0xdc, 0x8f, 0xdc, 0x8f, 0xdc, 0x8f, 0xdc, 0x8f,
  0xdc, 0x8f, 0xdc, 0x8f, 0xdc, 0x8f, 0xdc, 0x8f, 0xdc, 0x8f, 0xdc, 0x8f, 0xdc, 0x8f, 0xdc, 0x8f, 0xdc, 0x8f, 0xdd, 0x8f, 0xdd, 0x8f, 0xdc, 0x8f, 0xdc, 0x8f, 0xdd, 0x8f, 0xdd, 0x8f, 0xdd, 0x8f,
  0xdd, 0x8f, 0xdd, 0x8f, 0xdd, 0x87, 0xdd, 0x8f, 0xdd, 0x8f, 0xdd, 0x8f, 0xdd, 0x87, 0xdd, 0x87, 0xdd, 0x87, 0xdd, 0x87, 0xdd, 0x87, 0xdd, 0x87, 0xdd, 0x87, 0xdd, 0x87, 0xdd, 0x87, 0xdd, 0x87,
  0xdd, 0x87, 0xdd, 0x87, 0xdd, 0x87, 0xdd, 0x87, 0xdd, 0x87, 0xdd, 0x87, 0xdd, 0x87, 0xdd, 0x87, 0xdd, 0x87, 0xdd, 0x87, 0xdd, 0x87, 0xdd, 0x87, 0xdd, 0x87, 0xdd, 0x87, 0xdd, 0x87, 0xdd, 0x87,
  0xdd, 0x87, 0xdd, 0x87, 0xdd, 0x87, 0xdd, 0x87, 0xdd, 0x87, 0xdd, 0x87, 0xdd, 0x87, 0xdd, 0x87, 0xdd, 0x87, 0xdd, 0x87, 0xdd, 0x87, 0xdd, 0x87, 0xdd, 0x87, 0xdd, 0x87, 0xdd, 0x87, 0xdd, 0x87,
  0xdd, 0x87, 0xdd, 0x87, 0xdd, 0x87, 0xfe, 0x87, 0x38, 0x66, 0xc3, 0x10, 0x0f, 0x19, 0x2e, 0x19, 0x2e, 0x19, 0x2e, 0x19, 0x2e, 0x19, 0x2e, 0x19, 0x2e, 0x19, 0x2e, 0x19, 0x0e, 0x19, 0x0e, 0x19,
  0xf7, 0x21, 0xf7, 0x21, 0xf7, 0x21, 0xf7, 0x21, 0xf7, 0x21, 0xf7, 0x21, 0xf6, 0x21, 0xf6, 0x21, 0x77, 0x3a, 0x37, 0x2a, 0x18, 0x22, 0x04, 0x00, 0xc5, 0x73, 0xcb, 0xef, 0x4f, 0xc6, 0x00, 0x00,
  0x00, 0x00, 0x00, 0x00, 0x82, 0x10, 0x6a, 0x52, 0x6a, 0x52, 0x8a, 0x52, 0xe8, 0x41, 0x41, 0x08, 0x00, 0x00, 0xe4, 0x20, 0x69, 0x4a, 0x8a, 0x52, 0x8a, 0x52, 0xc7, 0x39, 0x82, 0x10, 0x41, 0x08,
  0x8f, 0xd7, 0x6c, 0xcf, 0x4d, 0xc7, 0x4d, 0xc7, 0x4d, 0xc7, 0x4d, 0xc7, 0x4d, 0xc7, 0x4d, 0xc7, 0x4d, 0xc7, 0x6e, 0xbf, 0x6e, 0xbf, 0x6e, 0xbf, 0x6e, 0xbf, 0x6e, 0xbf, 0x6e, 0xbf, 0x6e, 0xbf,
  0x6e, 0xbf, 0x4e, 0xb7, 0x6e, 0xb7, 0x6f, 0xb7, 0x6f, 0xb7, 0x6f, 0xb7, 0x6f, 0xb7, 0x6f, 0xb7, 0x6f, 0xaf, 0x6f, 0xaf, 0x6f, 0xaf, 0x6f, 0xaf, 0x70, 0xaf, 0x70, 0xaf, 0x70, 0xaf, 0x70, 0xa7,
  0x70, 0xa7, 0x70, 0xa7, 0x70, 0xa7, 0x70, 0xa7, 0x70, 0xa7, 0x71, 0x9f, 0x70, 0xa7, 0x71, 0x9f, 0x71, 0x9f, 0x71, 0x9f, 0x91, 0x9f, 0x91, 0x9f, 0x91, 0x9f, 0x91, 0x9f, 0x91, 0x97, 0x92, 0x97,
  0x92, 0x97, 0x92, 0x97, 0x72, 0x97, 0x92, 0x97, 0x92, 0x97, 0x92, 0x8f, 0x92, 0x8f, 0x92, 0x8f, 0x93, 0x8f, 0x92, 0x8f, 0x93, 0x8f, 0x93, 0x8f, 0x93, 0x87, 0x93, 0x87, 0x93, 0x87, 0x93, 0x87,
  0x93, 0x87, 0x93, 0x87, 0x94, 0x87, 0x94, 0x87, 0x94, 0x7f, 0x94, 0x7f, 0x94, 0x7f, 0x94, 0x7f, 0x94, 0x7f, 0x94, 0x7f, 0x94, 0x7f, 0x94, 0x77, 0xb5, 0x77, 0xb5, 0x77, 0xb5, 0x77, 0xb5, 0x77,
  0xb5, 0x77, 0xb5, 0x77, 0x95, 0x6f, 0xb5, 0x6f, 0xb5, 0x6f, 0xb6, 0x6f, 0xb6, 0x6f, 0xb6, 0x6f, 0xb6, 0x6f, 0xb6, 0x67, 0xb6, 0x67, 0xb6, 0x67, 0xb6, 0x67, 0xb6, 0x67, 0xb7, 0x67, 0xb7, 0x67,
  0xb7, 0x67, 0xb7, 0x5f, 0xb7, 0x5f, 0xb7, 0x5f, 0xb7, 0x5f, 0xb7, 0x5f, 0xb7, 0x5f, 0xb7, 0x5f, 0xb8, 0x57, 0xb8, 0x57, 0xb8, 0x57, 0xb8, 0x57, 0xd9, 0x57, 0x52, 0x96, 0xe6, 0xd3, 0x62, 0xdc,
  0x04, 0xf6, 0x28, 0xff, 0x0a, 0xff, 0xc7, 0xf5, 0x64, 0xf5, 0xa6, 0xfe, 0x08, 0xff, 0xe4, 0xd4, 0x83, 0x8a, 0x86, 0x72, 0x44, 0x6a, 0x04, 0x62, 0x86, 0x93, 0xa6, 0xdd, 0xa6, 0xfe, 0x86, 0xfe,
  0x04, 0xf6, 0x63, 0xf5, 0xc4, 0xf5, 0x86, 0xf6, 0xa6, 0xfe, 0x88, 0xee, 0x95, 0x8f, 0x90, 0x1c, 0xc6, 0x08, 0x2e, 0x19, 0x92, 0x19, 0x72, 0x19, 0x72, 0x19, 0x92, 0x19, 0x92, 0x19, 0x92, 0x19,
  0x72, 0x19, 0x4b, 0x21, 0x6f, 0x53, 0xfb, 0x7d, 0x7d, 0x86, 0x7d, 0x86, 0xb9, 0x75, 0xab, 0x32, 0x52, 0x65, 0xfd, 0x9f, 0xdb, 0x97, 0xdc, 0x97, 0xdc, 0x97, 0xdc, 0x97, 0xfc, 0x97, 0xd8, 0x7e,
  0x73, 0x65, 0x12, 0x5d, 0x12, 0x55, 0x12, 0x55, 0x12, 0x55, 0x12, 0x55, 0x12, 0x55, 0x12, 0x55, 0x12, 0x55, 0x12, 0x55, 0x12, 0x55, 0x12, 0x55, 0x12, 0x55, 0x12, 0x55, 0x12, 0x55, 0x12, 0x55,
  0x12, 0x55, 0x12, 0x55, 0x12, 0x55, 0x12, 0x55, 0x12, 0x55, 0x12, 0x55, 0x12, 0x55, 0x12, 0x55, 0x12, 0x55, 0x12, 0x55, 0x12, 0x55, 0x12, 0x55, 0x12, 0x55, 0x12, 0x55, 0x53, 0x5d, 0xb4, 0x65,
  0x3a, 0x87, 0xdc, 0x8f, 0xdc, 0x8f, 0xdc, 0x8f, 0xdc, 0x8f, 0xdc, 0x8f, 0xdc, 0x8f, 0xdc, 0x8f, 0xdc, 0x8f, 0xdc, 0x8f, 0xdc, 0x8f, 0xdc, 0x8f, 0xdc, 0x8f, 0xdc, 0x8f, 0xdc, 0x8f, 0xdc, 0x8f,
  0xdc, 0x8f, 0xdc, 0x8f, 0xdc, 0x8f, 0xdc, 0x8f, 0xdc, 0x8f, 0xdc, 0x8f, 0xdc, 0x8f, 0xdd, 0x8f, 0xdc, 0x8f, 0xdc, 0x8f, 0xdc, 0x8f, 0xdd, 0x8f, 0xdd, 0x8f, 0xdd, 0x8f, 0xdd, 0x8f, 0xdd, 0x87,
  0xdd, 0x87, 0xdd, 0x8f, 0xdd, 0x8f, 0xdd, 0x87, 0xdd, 0x87, 0xdd, 0x87, 0xdd, 0x87, 0xdd, 0x87, 0xdd, 0x87, 0xdd, 0x87, 0xdd, 0x87, 0xdd, 0x87, 0xdd, 0x87, 0xdd, 0x87, 0xdd, 0x87, 0xdd, 0x87,
  0xdd, 0x87, 0xdd, 0x87, 0xdd, 0x87, 0xdd, 0x87, 0xdd, 0x87, 0xdd, 0x87, 0xdd, 0x87, 0xdd, 0x87, 0xdd, 0x87, 0xdd, 0x87, 0xdd, 0x87, 0xdd, 0x87, 0xdd, 0x87, 0xdd, 0x87, 0xdd, 0x87, 0xdd, 0x87,
  0xdd, 0x87, 0xdd, 0x87, 0xdd, 0x87, 0xdd, 0x87, 0xdd, 0x87, 0xdd, 0x87, 0xdd, 0x87, 0xdd, 0x87, 0xdd, 0x87, 0xdd, 0x87, 0xdd, 0x87, 0xdd, 0x87, 0xdd, 0x87, 0xdd, 0x87, 0xdd, 0x87, 0xdd, 0x87,
  0xde, 0x7f, 0xde, 0x7f, 0xde, 0x87, 0xfe, 0x87, 0x38, 0x66, 0xc3, 0x10, 0x0e, 0x19, 0x2e, 0x19, 0x2e, 0x19, 0x2e, 0x19, 0x2e, 0x19, 0x0e, 0x19, 0x0e, 0x19, 0x0e, 0x19, 0x0e, 0x19, 0x0e, 0x19,
  0xf7, 0x21, 0xf6, 0x21, 0xf6, 0x21, 0xf6, 0x21, 0xf6, 0x21, 0xf6, 0x21, 0xf6, 0x21, 0xd6, 0x21, 0x77, 0x32, 0x17, 0x2a, 0xf7, 0x21, 0x03, 0x00, 0xc5, 0x73, 0xcb, 0xef, 0x4f, 0xe7, 0x00, 0x00,
  0x00, 0x00, 0x00, 0x00, 0x00, 0x00, 0x00, 0x00, 0x00, 0x00, 0x00, 0x00, 0x00, 0x00, 0x00, 0x00, 0x00, 0x00, 0x00, 0x00, 0x00, 0x00, 0x00, 0x00, 0x00, 0x00, 0x00, 0x00, 0x00, 0x00, 0xcc, 0x8c,
  0xad, 0xd7, 0x4d, 0xc7, 0x4d, 0xc7, 0x4d, 0xc7, 0x4d, 0xc7, 0x4d, 0xc7, 0x4d, 0xc7, 0x4d, 0xc7, 0x4d, 0xc7, 0x6e, 0xbf, 0x6e, 0xbf, 0x6e, 0xbf, 0x6e, 0xbf, 0x6e, 0xbf, 0x6e, 0xbf, 0x6e, 0xbf,
  0x6e, 0xbf, 0x4e, 0xb7, 0x6e, 0xb7, 0x6f, 0xb7, 0x6f, 0xb7, 0x6f, 0xb7, 0x6f, 0xb7, 0x6f, 0xb7, 0x6f, 0xaf, 0x6f, 0xaf, 0x6f, 0xaf, 0x6f, 0xaf, 0x70, 0xaf, 0x70, 0xaf, 0x70, 0xaf, 0x70, 0xa7,
  0x70, 0xa7, 0x70, 0xa7, 0x70, 0xa7, 0x70, 0xa7, 0x70, 0xa7, 0x71, 0x9f, 0x70, 0xa7, 0x71, 0x9f, 0x71, 0x9f, 0x71, 0x9f, 0x91, 0x9f, 0x91, 0x9f, 0x91, 0x9f, 0x91, 0x9f, 0x91, 0x97, 0x92, 0x97,
  0x92, 0x97, 0x92, 0x97, 0x72, 0x97, 0x92, 0x97, 0x92, 0x97, 0x92, 0x8f, 0x92, 0x8f, 0x92, 0x8f, 0x93, 0x8f, 0x92, 0x8f, 0x93, 0x8f, 0x93, 0x8f, 0x93, 0x87, 0x93, 0x87, 0x93, 0x87, 0x93, 0x87,
  0x93, 0x87, 0x93, 0x87, 0x94, 0x87, 0x94, 0x87, 0x94, 0x7f, 0x94, 0x7f, 0x94, 0x7f, 0x94, 0x7f, 0x94, 0x7f, 0x94, 0x7f, 0x94, 0x7f, 0x94, 0x77, 0xb5, 0x77, 0xb5, 0x77, 0xb5, 0x77, 0xb5, 0x77,
  0xb5, 0x77, 0xb5, 0x77, 0x95, 0x6f, 0xb5, 0x6f, 0xb5, 0x6f, 0xb6, 0x6f, 0xb6, 0x6f, 0xb6, 0x6f, 0xb6, 0x6f, 0xb6, 0x67, 0xb6, 0x67, 0xb6, 0x67, 0xb6, 0x67, 0xb6, 0x67, 0xb7, 0x67, 0xb7, 0x67,
  0xb7, 0x67, 0xb7, 0x5f, 0xb7, 0x5f, 0xb7, 0x5f, 0xb7, 0x5f, 0xb7, 0x5f, 0xb7, 0x5f, 0xb7, 0x5f, 0xb8, 0x57, 0xb8, 0x57, 0xb8, 0x57, 0xb8, 0x57, 0xd8, 0x4f, 0x98, 0x67, 0x6e, 0xa5, 0x42, 0xd3,
  0x82, 0xdc, 0x65, 0xf6, 0x28, 0xff, 0x0a, 0xff, 0x28, 0xfe, 0x64, 0xf5, 0xe5, 0xf5, 0x46, 0xf6, 0xe6, 0xe5, 0xa6, 0xdd, 0xa6, 0xdd, 0x86, 0xd5, 0x06, 0xe6, 0x86, 0xf6, 0x65, 0xfe, 0xe4, 0xf5,
  0xc3, 0xf5, 0x25, 0xf6, 0xa6, 0xfe, 0xc6, 0xfe, 0x65, 0xfe, 0xcf, 0xae, 0xfc, 0x47, 0x8f, 0x1c, 0xa6, 0x08, 0x0e, 0x11, 0x72, 0x19, 0x72, 0x19, 0x72, 0x19, 0x72, 0x19, 0x71, 0x19, 0x71, 0x19,
  0x72, 0x19, 0x4b, 0x21, 0x6f, 0x53, 0xfb, 0x7d, 0x7d, 0x86, 0x9d, 0x8e, 0xb9, 0x75, 0xab, 0x32, 0x52, 0x65, 0xfd, 0x9f, 0xdb, 0x97, 0xdb, 0x97, 0xdb, 0x97, 0xdc, 0x97, 0xdc, 0x97, 0xfc, 0x97,
  0xfc, 0x97, 0x9b, 0x8f, 0x7a, 0x8f, 0x7a, 0x8f, 0x7a, 0x8f, 0x7a, 0x8f, 0x7a, 0x8f, 0x7a, 0x8f, 0x7a, 0x8f, 0x7a, 0x8f, 0x7a, 0x8f, 0x7a, 0x8f, 0x7a, 0x8f, 0x7a, 0x8f, 0x7a, 0x8f, 0x7a, 0x8f,
  0x7a, 0x8f, 0x7a, 0x8f, 0x7a, 0x8f, 0x7a, 0x8f, 0x7a, 0x8f, 0x7a, 0x8f, 0x7a, 0x8f, 0x7a, 0x87, 0x7a, 0x87, 0x7a, 0x87, 0x7a, 0x87, 0x7a, 0x87, 0x7b, 0x87, 0x7a, 0x87, 0xbb, 0x8f, 0xfd, 0x97,
  0xfd, 0x8f, 0xdc, 0x8f, 0xdc, 0x8f, 0xdc, 0x8f, 0xdc, 0x8f, 0xdc, 0x8f, 0xdc, 0x8f, 0xdc, 0x8f, 0xdc, 0x8f, 0xdc, 0x8f, 0xdc, 0x8f, 0xdc, 0x8f, 0xdc, 0x8f, 0xdc, 0x8f, 0xdc, 0x8f, 0xdc, 0x8f,
  0xdc, 0x8f, 0xdc, 0x8f, 0xdc, 0x8f, 0xdc, 0x8f, 0xdd, 0x8f, 0xdd, 0x8f, 0xdc, 0x8f, 0xdc, 0x8f, 0xdd, 0x8f, 0xdd, 0x8f, 0xdd, 0x8f, 0xdd, 0x8f, 0xdd, 0x8f, 0xdd, 0x87, 0xdd, 0x8f, 0xdd, 0x8f,
  0xdd, 0x8f, 0xdd, 0x87, 0xdd, 0x87, 0xdd, 0x87, 0xdd, 0x87, 0xdd, 0x87, 0xdd, 0x87, 0xdd, 0x87, 0xdd, 0x87, 0xdd, 0x87, 0xdd, 0x87, 0xdd, 0x87, 0xdd, 0x87, 0xdd, 0x87, 0xdd, 0x87, 0xdd, 0x87,
  0xdd, 0x87, 0xdd, 0x87, 0xdd, 0x87, 0xdd, 0x87, 0xdd, 0x87, 0xdd, 0x87, 0xdd, 0x87, 0xdd, 0x87, 0xdd, 0x87, 0xdd, 0x87, 0xdd, 0x87, 0xdd, 0x87, 0xdd, 0x87, 0xdd, 0x87, 0xdd, 0x87, 0xdd, 0x87,
  0xdd, 0x87, 0xdd, 0x87, 0xdd, 0x87, 0xdd, 0x87, 0xdd, 0x87, 0xdd, 0x87, 0xdd, 0x87, 0xdd, 0x87, 0xdd, 0x87, 0xdd, 0x87, 0xdd, 0x87, 0xdd, 0x87, 0xdd, 0x87, 0xdd, 0x87, 0xde, 0x7f, 0xde, 0x7f,
  0xde, 0x87, 0xdd, 0x87, 0xdd, 0x7f, 0xfe, 0x87, 0x38, 0x66, 0xc3, 0x10, 0x0e, 0x19, 0x0e, 0x19, 0x0d, 0x19, 0x0d, 0x11, 0x0d, 0x11, 0x0d, 0x11, 0x0d, 0x11, 0x0d, 0x11, 0x0d, 0x11, 0x0d, 0x11,
  0x77, 0x32, 0x77, 0x32, 0x77, 0x32, 0x77, 0x32, 0x77, 0x32, 0x77, 0x32, 0x77, 0x32, 0x57, 0x32, 0x97, 0x3a, 0x77, 0x3a, 0x98, 0x32, 0x24, 0x00, 0xc5, 0x73, 0xab, 0xef, 0x8c, 0xef, 0x00, 0x00,
  0x08, 0x63, 0xa9, 0xad, 0x6a, 0xa5, 0xaa, 0x73, 0x00, 0x00, 0x00, 0x00, 0x00, 0x00, 0x00, 0x00, 0x00, 0x00, 0x00, 0x00, 0x00, 0x00, 0x00, 0x00, 0x00, 0x00, 0x00, 0x00, 0x00, 0x00, 0xb1, 0xc6,
  0x8c, 0xcf, 0x4d, 0xc7, 0x4d, 0xc7, 0x4d, 0xc7, 0x4d, 0xc7, 0x4d, 0xc7, 0x4d, 0xc7, 0x4d, 0xc7, 0x4d, 0xc7, 0x6e, 0xbf, 0x6e, 0xbf, 0x6e, 0xbf, 0x6e, 0xbf, 0x6e, 0xbf, 0x6e, 0xbf, 0x6e, 0xbf,
  0x6e, 0xbf, 0x4e, 0xb7, 0x6e, 0xb7, 0x6f, 0xb7, 0x6f, 0xb7, 0x6f, 0xb7, 0x6f, 0xb7, 0x6f, 0xb7, 0x6f, 0xaf, 0x6f, 0xaf, 0x6f, 0xaf, 0x6f, 0xaf, 0x70, 0xaf, 0x70, 0xaf, 0x70, 0xaf, 0x70, 0xa7,
  0x70, 0xa7, 0x70, 0xa7, 0x70, 0xa7, 0x70, 0xa7, 0x70, 0xa7, 0x71, 0x9f, 0x70, 0xa7, 0x71, 0x9f, 0x71, 0x9f, 0x71, 0x9f, 0x91, 0x9f, 0x91, 0x9f, 0x91, 0x9f, 0x91, 0x9f, 0x91, 0x97, 0x92, 0x97,
  0x92, 0x97, 0x92, 0x97, 0x72, 0x97, 0x92, 0x97, 0x92, 0x97, 0x92, 0x8f, 0x92, 0x8f, 0x92, 0x8f, 0x93, 0x8f, 0x92, 0x8f, 0x93, 0x8f, 0x93, 0x8f, 0x93, 0x87, 0x93, 0x87, 0x93, 0x87, 0x93, 0x87,
  0x93, 0x87, 0x93, 0x87, 0x94, 0x87, 0x94, 0x87, 0x94, 0x7f, 0x94, 0x7f, 0x94, 0x7f, 0x94, 0x7f, 0x94, 0x7f, 0x94, 0x7f, 0x94, 0x7f, 0x94, 0x77, 0xb5, 0x77, 0xb5, 0x77, 0xb5, 0x77, 0xb5, 0x77,
  0xb5, 0x77, 0xb5, 0x77, 0x95, 0x6f, 0xb5, 0x6f, 0xb5, 0x6f, 0xb6, 0x6f, 0xb6, 0x6f, 0xb6, 0x6f, 0xb6, 0x6f, 0xb6, 0x67, 0xb6, 0x67, 0xb6, 0x67, 0xb6, 0x67, 0xb6, 0x67, 0xb7, 0x67, 0xb7, 0x67,
  0xb7, 0x67, 0xb7, 0x5f, 0xb7, 0x5f, 0xb7, 0x5f, 0xb7, 0x5f, 0xb7, 0x5f, 0xb7, 0x5f, 0xb7, 0x5f, 0xb8, 0x57, 0xb8, 0x57, 0xb8, 0x57, 0xb8, 0x57, 0xb8, 0x57, 0xd9, 0x4f, 0x57, 0x6f, 0xac, 0xac,
  0xc1, 0xc2, 0x82, 0xd4, 0x85, 0xf6, 0x28, 0xff, 0x2a, 0xff, 0xca, 0xfe, 0x27, 0xfe, 0x84, 0xf5, 0xa3, 0xf5, 0xc4, 0xf5, 0xe5, 0xfd, 0x04, 0xfe, 0x04, 0xf6, 0x04, 0xf6, 0x04, 0xf6, 0x45, 0xfe,
  0xa6, 0xfe, 0xc7, 0xfe, 0xc6, 0xfe, 0x64, 0xfe, 0xad, 0xc6, 0x99, 0x57, 0xfd, 0x37, 0x8f, 0x1c, 0xe6, 0x10, 0x8f, 0x29, 0x13, 0x32, 0x13, 0x32, 0x13, 0x32, 0x13, 0x32, 0x13, 0x32, 0x13, 0x32,
  0x13, 0x32, 0x8b, 0x29, 0x6f, 0x53, 0xfa, 0x7d, 0x7d, 0x86, 0x9d, 0x8e, 0xb9, 0x75, 0x8b, 0x32, 0x52, 0x65, 0xfd, 0x9f, 0xdc, 0x97, 0xdc, 0x97, 0xdc, 0x97, 0xdc, 0x97, 0xdc, 0x97, 0xdc, 0x97,
  0xdc, 0x97, 0xfc, 0x97, 0xfc, 0x97, 0xfc, 0x97, 0xfc, 0x97, 0xfc, 0x97, 0xfc, 0x97, 0xfc, 0x97, 0xfc, 0x97, 0xfc, 0x97, 0xfc, 0x97, 0xfc, 0x97, 0xfc, 0x97, 0xfc, 0x97, 0xfc, 0x97, 0xfc, 0x97,
  0xfc, 0x97, 0xfc, 0x97, 0xfc, 0x8f, 0xfc, 0x8f, 0xfc, 0x8f, 0xfc, 0x8f, 0xfc, 0x8f, 0xfc, 0x8f, 0xfc, 0x8f, 0xfc, 0x8f, 0xfc, 0x8f, 0xfc, 0x8f, 0xfc, 0x8f, 0xfc, 0x8f, 0xfc, 0x8f, 0xdc, 0x8f,
  0xdc, 0x8f, 0xdc, 0x8f, 0xdc, 0x8f, 0xdc, 0x8f, 0xdc, 0x8f, 0xdc, 0x8f, 0xdc, 0x8f, 0xdc, 0x8f, 0xdc, 0x8f, 0xdc, 0x8f, 0xdc, 0x8f, 0xdc, 0x8f, 0xdc, 0x8f, 0xdc, 0x8f, 0xdc, 0x8f, 0xdc, 0x8f,
  0xdc, 0x8f, 0xdc, 0x8f, 0xdd, 0x8f, 0xdc, 0x8f, 0xdc, 0x8f, 0xdc, 0x8f, 0xdd, 0x8f, 0xdd, 0x8f, 0xdd, 0x8f, 0xdd, 0x8f, 0xdd, 0x87, 0xdd, 0x87, 0xdd, 0x8f, 0xdd, 0x8f, 0xdd, 0x87, 0xdd, 0x87,
  0xdd, 0x87, 0xdd, 0x87, 0xdd, 0x87, 0xdd, 0x87, 0xdd, 0x87, 0xdd, 0x87, 0xdd, 0x87, 0xdd, 0x87, 0xdd, 0x87, 0xdd, 0x87, 0xdd, 0x87, 0xdd, 0x87, 0xdd, 0x87, 0xdd, 0x87, 0xdd, 0x87, 0xdd, 0x87,
  0xdd, 0x87, 0xdd, 0x87, 0xdd, 0x87, 0xdd, 0x87, 0xdd, 0x87, 0xdd, 0x87, 0xdd, 0x87, 0xdd, 0x87, 0xdd, 0x87, 0xdd, 0x87, 0xdd, 0x87, 0xdd, 0x87, 0xdd, 0x87, 0xdd, 0x87, 0xdd, 0x87, 0xdd, 0x87,
  0xdd, 0x87, 0xdd, 0x87, 0xdd, 0x87, 0xdd, 0x87, 0xdd, 0x87, 0xdd, 0x87, 0xdd, 0x87, 0xdd, 0x87, 0xdd, 0x87, 0xdd, 0x87, 0xdd, 0x87, 0xde, 0x7f, 0xde, 0x7f, 0xde, 0x87, 0xde, 0x87, 0xdd, 0x87,
  0xdd, 0x7f, 0xde, 0x7f, 0xde, 0x7f, 0xfe, 0x87, 0x38, 0x66, 0xc3, 0x10, 0xb0, 0x29, 0xaf, 0x29, 0xaf, 0x29, 0xaf, 0x29, 0xaf, 0x29, 0xaf, 0x29, 0xaf, 0x29, 0xaf, 0x29, 0xaf, 0x29, 0xaf, 0x29,
  0x17, 0x2a, 0x37, 0x2a, 0x17, 0x2a, 0x17, 0x2a, 0x17, 0x2a, 0x17, 0x2a, 0x17, 0x2a, 0x16, 0x2a, 0x97, 0x3a, 0x37, 0x32, 0x38, 0x2a, 0x24, 0x00, 0xc5, 0x73, 0xab, 0xef, 0x6b, 0xe7, 0x0b, 0x7c,
  0xcd, 0xd6, 0xac, 0xe7, 0x8c, 0xe7, 0xec, 0xd6, 0x6b, 0xa5, 0xc8, 0x5a, 0x00, 0x00, 0x00, 0x00, 0x00, 0x00, 0x00, 0x00, 0x00, 0x00, 0x00, 0x00, 0x00, 0x00, 0x00, 0x00, 0x00, 0x00, 0xe5, 0x39,
  0xcf, 0xc6, 0x6e, 0xcf, 0x4d, 0xc7, 0x4d, 0xc7, 0x4d, 0xc7, 0x4d, 0xc7, 0x4d, 0xc7, 0x4d, 0xc7, 0x4d, 0xc7, 0x6e, 0xbf, 0x6e, 0xbf, 0x6e, 0xbf, 0x6e, 0xbf, 0x6e, 0xbf, 0x6e, 0xbf, 0x6e, 0xbf,
  0x6e, 0xbf, 0x4e, 0xb7, 0x6e, 0xb7, 0x6f, 0xb7, 0x6f, 0xb7, 0x6f, 0xb7, 0x6f, 0xb7, 0x6f, 0xb7, 0x6f, 0xaf, 0x6f, 0xaf, 0x6f, 0xaf, 0x6f, 0xaf, 0x70, 0xaf, 0x70, 0xaf, 0x70, 0xaf, 0x70, 0xa7,
  0x70, 0xa7, 0x70, 0xa7, 0x70, 0xa7, 0x70, 0xa7, 0x70, 0xa7, 0x71, 0x9f, 0x70, 0xa7, 0x71, 0x9f, 0x71, 0x9f, 0x71, 0x9f, 0x91, 0x9f, 0x91, 0x9f, 0x91, 0x9f, 0x91, 0x9f, 0x91, 0x97, 0x92, 0x97,
  0x92, 0x97, 0x92, 0x97, 0x72, 0x97, 0x92, 0x97, 0x92, 0x97, 0x92, 0x8f, 0x92, 0x8f, 0x92, 0x8f, 0x93, 0x8f, 0x92, 0x8f, 0x93, 0x8f, 0x93, 0x8f, 0x93, 0x87, 0x93, 0x87, 0x93, 0x87, 0x93, 0x87,
  0x93, 0x87, 0x93, 0x87, 0x94, 0x87, 0x94, 0x87, 0x94, 0x7f, 0x94, 0x7f, 0x94, 0x7f, 0x94, 0x7f, 0x94, 0x7f, 0x94, 0x7f, 0x94, 0x7f, 0x94, 0x77, 0xb5, 0x77, 0xb5, 0x77, 0xb5, 0x77, 0xb5, 0x77,
  0xb5, 0x77, 0xb5, 0x77, 0x95, 0x6f, 0xb5, 0x6f, 0xb5, 0x6f, 0xb6, 0x6f, 0xb6, 0x6f, 0xb6, 0x6f, 0xb6, 0x6f, 0xb6, 0x67, 0xb6, 0x67, 0xb6, 0x67, 0xb6, 0x67, 0xb6, 0x67, 0xb7, 0x67, 0xb7, 0x67,
  0xb7, 0x67, 0xb7, 0x5f, 0xb7, 0x5f, 0xb7, 0x5f, 0xb7, 0x5f, 0xb7, 0x5f, 0xb7, 0x5f, 0xb7, 0x5f, 0xb8, 0x57, 0xb8, 0x57, 0xb8, 0x5f, 0xd9, 0x5f, 0xd8, 0x4f, 0xd8, 0x4f, 0xd9, 0x57, 0x36, 0x6f,
  0x4b, 0x9c, 0x61, 0xb2, 0x22, 0xcc, 0x25, 0xf6, 0x07, 0xff, 0x49, 0xff, 0x2a, 0xff, 0xea, 0xfe, 0xa9, 0xfe, 0x88, 0xfe, 0x87, 0xfe, 0x87, 0xfe, 0x87, 0xfe, 0xa7, 0xfe, 0xe8, 0xfe, 0xe8, 0xfe,
  0xe7, 0xfe, 0xc6, 0xfe, 0x24, 0xfe, 0x6c, 0xbe, 0x99, 0x5f, 0xfb, 0x37, 0xfc, 0x37, 0x8f, 0x24, 0xc6, 0x08, 0x4f, 0x19, 0xb2, 0x21, 0xb2, 0x21, 0xb2, 0x21, 0xb2, 0x21, 0xb2, 0x21, 0xb2, 0x21,
  0xb3, 0x21, 0x6b, 0x29, 0x6f, 0x53, 0xfb, 0x7d, 0x7d, 0x8e, 0x9d, 0x8e, 0xb9, 0x7d, 0xab, 0x3a, 0x52, 0x65, 0xfd, 0x97, 0xdc, 0x97, 0xdc, 0x97, 0xdc, 0x97, 0xdc, 0x97, 0xdc, 0x97, 0xfc, 0x97,
  0xfc, 0x97, 0xfc, 0x97, 0xfc, 0x97, 0xfc, 0x97, 0xfc, 0x97, 0xfc, 0x97, 0xfc, 0x97, 0xfc, 0x97, 0xfc, 0x97, 0xfc, 0x97, 0xfd, 0x97, 0xfc, 0x97, 0xfc, 0x97, 0xfc, 0x97, 0xfd, 0x97, 0xfd, 0x97,
  0xfd, 0x97, 0xfd, 0x97, 0xfd, 0x97, 0xfd, 0x97, 0xfd, 0x97, 0xfd, 0x97, 0xfd, 0x97, 0xfd, 0x97, 0xfd, 0x97, 0xfd, 0x8f, 0xfd, 0x8f, 0xfd, 0x97, 0xfd, 0x97, 0xfd, 0x8f, 0xfd, 0x8f, 0xfd, 0x8f,
  0xfd, 0x8f, 0xfd, 0x8f, 0xfd, 0x8f, 0xfd, 0x8f, 0xfd, 0x8f, 0xfd, 0x8f, 0xfd, 0x8f, 0xfd, 0x8f, 0xfd, 0x8f, 0xfd, 0x8f, 0xfd, 0x8f, 0xfd, 0x8f, 0xfd, 0x8f, 0xfd, 0x8f, 0xdd, 0x8f, 0xdd, 0x8f,
  0xdd, 0x8f, 0xdc, 0x8f, 0xdc, 0x8f, 0xdd, 0x8f, 0xdd, 0x8f, 0xdd, 0x8f, 0xdd, 0x8f, 0xdd, 0x8f, 0xdd, 0x87, 0xdd, 0x8f, 0xdd, 0x8f, 0xdd, 0x8f, 0xdd, 0x87, 0xdd, 0x87, 0xfd, 0x8f, 0xfd, 0x8f,
  0xfd, 0x8f, 0xfd, 0x8f, 0xfd, 0x8f, 0xfd, 0x8f, 0xfd, 0x8f, 0xfe, 0x8f, 0xfe, 0x8f, 0xfe, 0x8f, 0xfe, 0x87, 0xfd, 0x8f, 0xfe, 0x87, 0xfe, 0x87, 0xfe, 0x87, 0xfe, 0x87, 0xfe, 0x8f, 0xfe, 0x87,
  0xfe, 0x87, 0xfe, 0x87, 0xfe, 0x87, 0xfe, 0x87, 0xfe, 0x87, 0xfe, 0x87, 0xfe, 0x87, 0xfe, 0x87, 0xfe, 0x87, 0xfe, 0x87, 0xfe, 0x87, 0xfe, 0x87, 0xfe, 0x87, 0xfe, 0x87, 0xfe, 0x87, 0xfe, 0x87,
  0xfe, 0x87, 0xfe, 0x87, 0xfe, 0x87, 0xfe, 0x87, 0xfe, 0x87, 0xfe, 0x87, 0xfe, 0x87, 0xfe, 0x87, 0xfe, 0x87, 0xfe, 0x87, 0xfe, 0x87, 0xfe, 0x87, 0xfe, 0x87, 0xde, 0x7f, 0xdd, 0x7f, 0xde, 0x7f,
  0xde, 0x7f, 0xde, 0x7f, 0xde, 0x7f, 0xff, 0x87, 0x38, 0x66, 0xc3, 0x10, 0x4f, 0x19, 0x4e, 0x19, 0x4e, 0x19, 0x4e, 0x19, 0x4e, 0x19, 0x4e, 0x19, 0x4e, 0x19, 0x4e, 0x19, 0x4e, 0x19, 0x4e, 0x19,
  0xf6, 0x21, 0xf6, 0x21, 0xf6, 0x21, 0xf6, 0x21, 0xf6, 0x21, 0xf6, 0x21, 0xf6, 0x21, 0xd6, 0x21, 0x77, 0x32, 0x16, 0x2a, 0xf7, 0x21, 0x04, 0x00, 0xc5, 0x73, 0xab, 0xef, 0x4b, 0xdf, 0xec, 0xd6,
  0x6b, 0xdf, 0x4b, 0xdf, 0x4b, 0xd7, 0x6b, 0xdf, 0x8c, 0xdf, 0xac, 0xc6, 0x6b, 0xa5, 0x8a, 0x6b, 0x42, 0x08, 0x00, 0x00, 0x00, 0x00, 0x00, 0x00, 0x00, 0x00, 0x00, 0x00, 0x00, 0x00, 0x44, 0x29,
  0x10, 0xb6, 0x8e, 0xcf, 0x4d, 0xc7, 0x4d, 0xc7, 0x4d, 0xc7, 0x4d, 0xc7, 0x4d, 0xc7, 0x4d, 0xc7, 0x4d, 0xc7, 0x6e, 0xbf, 0x6e, 0xbf, 0x6e, 0xbf, 0x6e, 0xbf, 0x6e, 0xbf, 0x6e, 0xbf, 0x6e, 0xbf,
  0x6e, 0xbf, 0x4e, 0xb7, 0x6e, 0xb7, 0x6f, 0xb7, 0x6f, 0xb7, 0x6f, 0xb7, 0x6f, 0xb7, 0x6f, 0xb7, 0x6f, 0xaf, 0x6f, 0xaf, 0x6f, 0xaf, 0x6f, 0xaf, 0x70, 0xaf, 0x70, 0xaf, 0x70, 0xaf, 0x70, 0xa7,
  0x70, 0xa7, 0x70, 0xa7, 0x70, 0xa7, 0x70, 0xa7, 0x70, 0xa7, 0x71, 0x9f, 0x70, 0xa7, 0x71, 0x9f, 0x71, 0x9f, 0x71, 0x9f, 0x91, 0x9f, 0x91, 0x9f, 0x91, 0x9f, 0x91, 0x9f, 0x91, 0x97, 0x92, 0x97,
  0x92, 0x97, 0x92, 0x97, 0x72, 0x97, 0x92, 0x97, 0x92, 0x97, 0x92, 0x8f, 0x92, 0x8f, 0x92, 0x8f, 0x93, 0x8f, 0x92, 0x8f, 0x93, 0x8f, 0x93, 0x8f, 0x93, 0x87, 0x93, 0x87, 0x93, 0x87, 0x93, 0x87,
  0x93, 0x87, 0x93, 0x87, 0x94, 0x87, 0x94, 0x87, 0x94, 0x7f, 0x94, 0x7f, 0x94, 0x7f, 0x94, 0x7f, 0x94, 0x7f, 0x94, 0x7f, 0x94, 0x7f, 0x94, 0x77, 0xb5, 0x77, 0xb5, 0x77, 0xb5, 0x77, 0xb5, 0x77,
  0xb5, 0x77, 0xb5, 0x77, 0x95, 0x6f, 0xb5, 0x6f, 0xb5, 0x6f, 0xb6, 0x6f, 0xb6, 0x6f, 0xb6, 0x6f, 0xb6, 0x6f, 0xb6, 0x67, 0xb6, 0x67, 0xb6, 0x67, 0xb6, 0x67, 0xb6, 0x67, 0xb7, 0x67, 0xb7, 0x67,
  0xb7, 0x67, 0xb7, 0x5f, 0xb7, 0x5f, 0xb7, 0x5f, 0xb7, 0x5f, 0xb7, 0x5f, 0xb7, 0x5f, 0xb7, 0x5f, 0xb8, 0x57, 0xd8, 0x57, 0x96, 0x77, 0x54, 0xaf, 0x76, 0x87, 0xb9, 0x5f, 0xd8, 0x4f, 0xd9, 0x4f,
  0x57, 0x67, 0xcd, 0x84, 0x42, 0x9a, 0xe0, 0xb2, 0x23, 0xe5, 0xa5, 0xfe, 0x28, 0xff, 0x49, 0xff, 0x49, 0xff, 0x29, 0xff, 0x29, 0xff, 0x09, 0xff, 0x09, 0xff, 0x08, 0xff, 0x08, 0xff, 0xe7, 0xfe,
  0x85, 0xfe, 0xc5, 0xed, 0x4f, 0xa6, 0x99, 0x57, 0xfb, 0x37, 0xdb, 0x37, 0xfc, 0x37, 0x8f, 0x24, 0xc6, 0x08, 0x2e, 0x19, 0x72, 0x19, 0x71, 0x19, 0x71, 0x19, 0x71, 0x19, 0x71, 0x19, 0x71, 0x19,
  0x72, 0x19, 0x4b, 0x21, 0x6f, 0x53, 0x1a, 0x86, 0x9d, 0x8e, 0x9d, 0x8e, 0xb9, 0x7d, 0xab, 0x3a, 0x52, 0x65, 0xfd, 0x97, 0xdc, 0x97, 0xdc, 0x97, 0xdc, 0x97, 0xdc, 0x97, 0xfc, 0x97, 0xfc, 0x97,
  0xf9, 0x86, 0x97, 0x7e, 0x97, 0x7e, 0x97, 0x7e, 0x97, 0x7e, 0x97, 0x7e, 0x97, 0x7e, 0x97, 0x7e, 0x97, 0x7e, 0x97, 0x7e, 0x97, 0x7e, 0x97, 0x7e, 0x97, 0x7e, 0x97, 0x7e, 0x97, 0x7e, 0x97, 0x7e,
  0x97, 0x7e, 0x97, 0x7e, 0x97, 0x7e, 0x97, 0x7e, 0x98, 0x7e, 0x97, 0x7e, 0x97, 0x7e, 0x98, 0x7e, 0x98, 0x7e, 0x98, 0x7e, 0x98, 0x7e, 0x98, 0x7e, 0x98, 0x7e, 0x98, 0x7e, 0x98, 0x7e, 0x98, 0x7e,
  0x98, 0x76, 0x98, 0x7e, 0x98, 0x76, 0x98, 0x76, 0x98, 0x76, 0x98, 0x76, 0x98, 0x76, 0x98, 0x76, 0x98, 0x76, 0x98, 0x76, 0x98, 0x76, 0x98, 0x76, 0x98, 0x76, 0x98, 0x76, 0xfd, 0x8f, 0xfd, 0x8f,
  0xdc, 0x8f, 0xdd, 0x8f, 0xdd, 0x8f, 0xdd, 0x8f, 0xdd, 0x8f, 0xdd, 0x87, 0xdd, 0x87, 0xdd, 0x8f, 0xdd, 0x8f, 0xdd, 0x87, 0xdd, 0x87, 0xdd, 0x87, 0xdd, 0x87, 0xfe, 0x8f, 0x7b, 0x7f, 0x98, 0x76,
  0x98, 0x76, 0x98, 0x76, 0x98, 0x76, 0x98, 0x76, 0x98, 0x76, 0x98, 0x76, 0x98, 0x76, 0x98, 0x76, 0x98, 0x76, 0x98, 0x76, 0x98, 0x76, 0x98, 0x76, 0x98, 0x76, 0x98, 0x76, 0x98, 0x76, 0x98, 0x76,
  0x98, 0x76, 0x98, 0x76, 0x98, 0x76, 0x98, 0x76, 0x98, 0x76, 0x98, 0x76, 0x78, 0x76, 0x78, 0x76, 0x78, 0x6e, 0x78, 0x6e, 0x78, 0x6e, 0x78, 0x6e, 0x78, 0x6e, 0x79, 0x6e, 0x79, 0x6e, 0x79, 0x6e,
  0x79, 0x6e, 0x79, 0x6e, 0x79, 0x6e, 0x79, 0x6e, 0x79, 0x6e, 0x79, 0x6e, 0x79, 0x6e, 0x79, 0x6e, 0x79, 0x6e, 0x79, 0x6e, 0x79, 0x6e, 0x79, 0x6e, 0x1b, 0x77, 0xff, 0x87, 0xde, 0x7f, 0xde, 0x7f,
  0xde, 0x7f, 0xde, 0x7f, 0xde, 0x7f, 0xff, 0x87, 0x38, 0x66, 0xc3, 0x10, 0x0e, 0x19, 0x0d, 0x19, 0x0d, 0x19, 0x0d, 0x19, 0x0d, 0x19, 0x0d, 0x19, 0x0d, 0x19, 0x0d, 0x19, 0x0d, 0x19, 0x0d, 0x19,
  0xf6, 0x21, 0xf6, 0x21, 0xf6, 0x21, 0xf6, 0x21, 0xf6, 0x21, 0xf6, 0x21, 0xf6, 0x21, 0xf6, 0x21, 0x77, 0x3a, 0x16, 0x2a, 0xf7, 0x21, 0x04, 0x00, 0xe5, 0x7b, 0xec, 0xf7, 0x8b, 0xe7, 0xab, 0xe7,
  0x8b, 0xe7, 0x8b, 0xe7, 0x8b, 0xe7, 0x8c, 0xe7, 0x8c, 0xdf, 0xac, 0xe7, 0xed, 0xe7, 0x4d, 0xd7, 0x2a, 0xb6, 0xcb, 0xad, 0x8c, 0xa5, 0x6c, 0xa5, 0x6c, 0x9d, 0x8c, 0xa5, 0xeb, 0xad, 0x8c, 0xb6,
  0x4e, 0xcf, 0xad, 0xd7, 0xad, 0xcf, 0xad, 0xcf, 0xad, 0xcf, 0xae, 0xcf, 0xae, 0xcf, 0xae, 0xcf, 0xae, 0xcf, 0xae, 0xc7, 0xae, 0xc7, 0xae, 0xc7, 0xae, 0xc7, 0xaf, 0xc7, 0xaf, 0xc7, 0xaf, 0xc7,
  0xaf, 0xc7, 0xaf, 0xbf, 0xaf, 0xbf, 0xaf, 0xbf, 0xaf, 0xbf, 0xaf, 0xbf, 0xaf, 0xbf, 0xb0, 0xb7, 0xb0, 0xb7, 0xb0, 0xb7, 0xd0, 0xb7, 0xd0, 0xb7, 0xd0, 0xb7, 0xd0, 0xb7, 0xd0, 0xaf, 0xd0, 0xaf,
  0xd1, 0xaf, 0xd1, 0xaf, 0xd1, 0xaf, 0xd1, 0xaf, 0xd1, 0xaf, 0xd1, 0xa7, 0xd1, 0xa7, 0xd1, 0xa7, 0xd2, 0xa7, 0xd2, 0xa7, 0xd2, 0xa7, 0xd2, 0xa7, 0xd2, 0x9f, 0xd2, 0x9f, 0xd2, 0x9f, 0xd2, 0x9f,
  0xd2, 0x9f, 0xd2, 0x9f, 0xd3, 0x9f, 0xd3, 0x97, 0xd3, 0x97, 0xd3, 0x97, 0xd3, 0x97, 0xd3, 0x97, 0xd3, 0x97, 0xd3, 0x97, 0xd3, 0x8f, 0xf4, 0x8f, 0xf4, 0x8f, 0xf4, 0x8f, 0xf4, 0x8f, 0xf4, 0x8f,
  0xf4, 0x8f, 0xf4, 0x87, 0xf4, 0x87, 0xf5, 0x87, 0xf5, 0x87, 0xf5, 0x87, 0xf5, 0x87, 0xf5, 0x87, 0xf5, 0x7f, 0xf5, 0x7f, 0xf5, 0x7f, 0xf5, 0x7f, 0xf5, 0x7f, 0xf6, 0x7f, 0xf6, 0x77, 0xf6, 0x77,
  0xf6, 0x77, 0xf6, 0x77, 0xf6, 0x77, 0xf6, 0x77, 0xf6, 0x77, 0xf6, 0x77, 0xf7, 0x6f, 0xf7, 0x6f, 0xf7, 0x6f, 0xf7, 0x6f, 0xf7, 0x6f, 0xf7, 0x6f, 0xf7, 0x6f, 0xf7, 0x67, 0xf8, 0x67, 0xf8, 0x67,
  0xf8, 0x67, 0xf8, 0x67, 0xf8, 0x67, 0xf8, 0x5f, 0xf8, 0x5f, 0xf8, 0x5f, 0xf8, 0x5f, 0xf8, 0x5f, 0xf9, 0x5f, 0xfa, 0x5f, 0xd1, 0x9e, 0xe5, 0xdc, 0x4f, 0xa6, 0xfa, 0x5f, 0xf9, 0x57, 0xf9, 0x57,
  0xfa, 0x57, 0xd9, 0x5f, 0x74, 0x76, 0x0b, 0x8c, 0x62, 0x92, 0x41, 0xb3, 0xe2, 0xdc, 0x24, 0xfe, 0xc6, 0xfe, 0xe7, 0xfe, 0x07, 0xff, 0x07, 0xff, 0xe6, 0xfe, 0xc5, 0xfe, 0x24, 0xfe, 0xa5, 0xed,
  0x2d, 0xbe, 0x56, 0x7f, 0xfa, 0x47, 0xfc, 0x3f, 0xfc, 0x3f, 0xfc, 0x3f, 0xfd, 0x3f, 0xd0, 0x24, 0xc6, 0x08, 0x2e, 0x19, 0x92, 0x19, 0x71, 0x19, 0x71, 0x19, 0x71, 0x19, 0x71, 0x19, 0x71, 0x19,
  0x72, 0x19, 0x4b, 0x21, 0x6f, 0x53, 0x1a, 0x86, 0x9d, 0x8e, 0x9d, 0x8e, 0xb9, 0x7d, 0xab, 0x3a, 0x53, 0x65, 0xfd, 0x97, 0xdc, 0x97, 0xdc, 0x97, 0xdc, 0x97, 0xfc, 0x97, 0xf9, 0x86, 0xaa, 0x3a,
  0x68, 0x22, 0xed, 0x2b, 0xee, 0x2b, 0xed, 0x2b, 0xed, 0x2b, 0xed, 0x2b, 0xed, 0x2b, 0xed, 0x2b, 0xed, 0x2b, 0xed, 0x2b, 0xed, 0x2b, 0xed, 0x2b, 0xee, 0x2b, 0xee, 0x2b, 0xee, 0x2b, 0xee, 0x2b,
  0xee, 0x2b, 0xee, 0x2b, 0xee, 0x2b, 0xee, 0x2b, 0xee, 0x2b, 0xee, 0x2b, 0xee, 0x2b, 0xee, 0x2b, 0xee, 0x2b, 0xee, 0x2b, 0xee, 0x2b, 0xee, 0x2b, 0xee, 0x2b, 0xee, 0x2b, 0xee, 0x2b, 0xee, 0x2b,
  0xee, 0x2b, 0xee, 0x2b, 0xee, 0x2b, 0xee, 0x2b, 0xee, 0x2b, 0xee, 0x2b, 0xee, 0x2b, 0xee, 0x2b, 0xee, 0x2b, 0xee, 0x2b, 0xee, 0x2b, 0xee, 0x2b, 0x2e, 0x2c, 0x48, 0x22, 0x48, 0x2a, 0x1a, 0x7f,
  0xfd, 0x8f, 0xdd, 0x8f, 0xdd, 0x8f, 0xdd, 0x87, 0xdd, 0x87, 0xdd, 0x8f, 0xdd, 0x8f, 0xdd, 0x87, 0xdd, 0x87, 0xdd, 0x87, 0xdd, 0x87, 0xdd, 0x87, 0xfe, 0x8f, 0x12, 0x5d, 0x65, 0x21, 0x8c, 0x2b,
  0x0e, 0x2c, 0xee, 0x2b, 0xee, 0x2b, 0xee, 0x2b, 0xee, 0x2b, 0xee, 0x2b, 0xee, 0x2b, 0xee, 0x2b, 0xee, 0x2b, 0xee, 0x2b, 0xee, 0x2b, 0xee, 0x2b, 0xee, 0x2b, 0xee, 0x2b, 0xee, 0x2b, 0xee, 0x2b,
  0xee, 0x2b, 0xee, 0x2b, 0xee, 0x2b, 0xee, 0x2b, 0xee, 0x2b, 0xee, 0x2b, 0xee, 0x2b, 0xee, 0x2b, 0xee, 0x2b, 0xee, 0x2b, 0xee, 0x2b, 0xee, 0x2b, 0xee, 0x2b, 0xee, 0x2b, 0xee, 0x2b, 0xee, 0x2b,
  0xee, 0x2b, 0xee, 0x2b, 0xee, 0x2b, 0xee, 0x2b, 0xee, 0x2b, 0xee, 0x2b, 0xee, 0x2b, 0xee, 0x2b, 0xee, 0x2b, 0xee, 0x2b, 0xee, 0x2b, 0x2f, 0x2c, 0xe3, 0x10, 0x71, 0x4c, 0xfe, 0x87, 0xde, 0x7f,
  0xde, 0x7f, 0xde, 0x7f, 0xde, 0x7f, 0xff, 0x87, 0x38, 0x66, 0xc3, 0x10, 0x0e, 0x19, 0x0d, 0x19, 0x0d, 0x19, 0x0d, 0x19, 0x0d, 0x19, 0x0d, 0x19, 0x0d, 0x19, 0x0d, 0x19, 0x0d, 0x19, 0x0d, 0x19,
  0xf6, 0x21, 0xf6, 0x21, 0xf6, 0x21, 0xf6, 0x21, 0xf6, 0x21, 0xf6, 0x21, 0xf6, 0x21, 0xd6, 0x21, 0x77, 0x3a, 0x16, 0x2a, 0xf7, 0x21, 0x23, 0x00, 0x43, 0x4a, 0xe7, 0x9c, 0xa6, 0x94, 0xa6, 0x94,
  0xa6, 0x8c, 0xa6, 0x8c, 0xa6, 0x8c, 0xa6, 0x8c, 0xa7, 0x8c, 0xa7, 0x8c, 0xa7, 0x8c, 0xc7, 0x8c, 0xe7, 0x8c, 0xe8, 0x94, 0xc8, 0x8c, 0xc8, 0x8c, 0xc8, 0x8c, 0xc8, 0x8c, 0xe8, 0x8c, 0xc7, 0x8c,
  0xa7, 0x84, 0xa7, 0x84, 0xa8, 0x84, 0xa8, 0x84, 0xa8, 0x84, 0xa8, 0x7c, 0xa8, 0x7c, 0xa8, 0x7c, 0xa8, 0x7c, 0xa8, 0x7c, 0xa8, 0x7c, 0xa8, 0x7c, 0xa8, 0x7c, 0xa8, 0x7c, 0xa8, 0x7c, 0xa8, 0x7c,
  0xa8, 0x7c, 0xa9, 0x74, 0xa9, 0x74, 0xa9, 0x74, 0xa9, 0x74, 0xa9, 0x74, 0xa9, 0x74, 0xa9, 0x74, 0xa9, 0x74, 0xa9, 0x74, 0xc9, 0x6c, 0xc9, 0x74, 0xc9, 0x6c, 0xc9, 0x6c, 0xc9, 0x6c, 0xca, 0x6c,
  0xca, 0x6c, 0xca, 0x6c, 0xca, 0x6c, 0xca, 0x6c, 0xca, 0x6c, 0xca, 0x64, 0xca, 0x64, 0xca, 0x64, 0xca, 0x64, 0xca, 0x64, 0xca, 0x64, 0xca, 0x64, 0xca, 0x64, 0xcb, 0x64, 0xcb, 0x64, 0xcb, 0x5c,
  0xcb, 0x5c, 0xcb, 0x5c, 0xcb, 0x5c, 0xcb, 0x5c, 0xcb, 0x5c, 0xcb, 0x5c, 0xcb, 0x5c, 0xcb, 0x5c, 0xcb, 0x5c, 0xcb, 0x5c, 0xcb, 0x54, 0xcc, 0x54, 0xcc, 0x54, 0xcc, 0x54, 0xcc, 0x54, 0xcc, 0x54,
  0xcc, 0x54, 0xcc, 0x54, 0xcc, 0x54, 0xcc, 0x54, 0xcc, 0x54, 0xcc, 0x4c, 0xcc, 0x4c, 0xcc, 0x4c, 0xcc, 0x4c, 0xcd, 0x4c, 0xcd, 0x4c, 0xcd, 0x4c, 0xed, 0x4c, 0xed, 0x4c, 0xed, 0x4c, 0xed, 0x4c,
  0xed, 0x44, 0xed, 0x44, 0xed, 0x44, 0xed, 0x44, 0xed, 0x44, 0xed, 0x44, 0xed, 0x44, 0xee, 0x44, 0xee, 0x44, 0xee, 0x44, 0xee, 0x44, 0xee, 0x3c, 0xee, 0x3c, 0xee, 0x3c, 0xee, 0x3c, 0xee, 0x3c,
  0xee, 0x3c, 0xee, 0x3c, 0xee, 0x3c, 0xee, 0x3c, 0xee, 0x3c, 0xef, 0x3c, 0xef, 0x34, 0xef, 0x34, 0xef, 0x34, 0xef, 0x34, 0x8d, 0x44, 0x4a, 0x74, 0xac, 0x6c, 0xf0, 0x2c, 0xef, 0x34, 0xef, 0x34,
  0xef, 0x34, 0x10, 0x2d, 0x10, 0x35, 0x4e, 0x34, 0xcc, 0x4b, 0xcb, 0x6b, 0x48, 0x83, 0xe4, 0x92, 0x22, 0xab, 0xa2, 0xbb, 0x02, 0xc4, 0x42, 0xc4, 0x64, 0xbc, 0xa8, 0xa4, 0xcc, 0x84, 0x8d, 0x54,
  0x8e, 0x34, 0xf1, 0x24, 0x11, 0x1d, 0xf1, 0x24, 0xd0, 0x24, 0xd1, 0x24, 0x11, 0x25, 0xc9, 0x12, 0xa5, 0x08, 0x2e, 0x19, 0x92, 0x19, 0x71, 0x19, 0x71, 0x19, 0x71, 0x19, 0x71, 0x19, 0x71, 0x19,
  0x72, 0x19, 0x4b, 0x21, 0x6f, 0x53, 0x1a, 0x86, 0x9d, 0x8e, 0x9d, 0x8e, 0xb9, 0x7d, 0xab, 0x3a, 0x53, 0x65, 0xfd, 0x97, 0xdc, 0x97, 0xdc, 0x97, 0xdc, 0x97, 0xfd, 0x9f, 0xad, 0x43, 0x07, 0x12,
  0x93, 0x25, 0xf7, 0x36, 0xd7, 0x36, 0xd7, 0x36, 0xd7, 0x36, 0xd7, 0x36, 0xd7, 0x36, 0xd7, 0x36, 0xd7, 0x36, 0xd7, 0x36, 0xd7, 0x36, 0xd7, 0x36, 0xd7, 0x36, 0xd7, 0x36, 0xd7, 0x36, 0xd7, 0x36,
  0xd7, 0x36, 0xd7, 0x36, 0xd7, 0x36, 0xd7, 0x36, 0xd7, 0x36, 0xd7, 0x36, 0xd7, 0x36, 0xd7, 0x36, 0xd7, 0x36, 0xd7, 0x36, 0xd7, 0x36, 0xd7, 0x36, 0xd7, 0x36, 0xd7, 0x36, 0xd7, 0x36, 0xd7, 0x36,
  0xd7, 0x36, 0xd7, 0x36, 0xd7, 0x36, 0xd7, 0x36, 0xd7, 0x36, 0xd7, 0x36, 0xd7, 0x36, 0xd7, 0x36, 0xd7, 0x36, 0xd7, 0x36, 0xd7, 0x36, 0xd7, 0x36, 0xf7, 0x36, 0x76, 0x2e, 0x65, 0x09, 0x12, 0x5d,
  0xbc, 0x87, 0xdd, 0x8f, 0xdd, 0x8f, 0xdd, 0x8f, 0xdd, 0x8f, 0xdd, 0x87, 0xdd, 0x87, 0xdd, 0x87, 0xdd, 0x87, 0xdd, 0x87, 0xdd, 0x87, 0xfd, 0x87, 0xdd, 0x87, 0x24, 0x19, 0xcd, 0x1b, 0xb6, 0x2e,
  0xf7, 0x36, 0xd7, 0x36, 0xd7, 0x36, 0xd7, 0x36, 0xd7, 0x36, 0xd7, 0x36, 0xd7, 0x36, 0xd7, 0x36, 0xd7, 0x36, 0xd7, 0x36, 0xd7, 0x36, 0xd7, 0x36, 0xd7, 0x36, 0xd7, 0x36, 0xd7, 0x36, 0xd7, 0x36,
  0xd7, 0x36, 0xd7, 0x36, 0xd7, 0x36, 0xd7, 0x36, 0xd7, 0x36, 0xd7, 0x36, 0xd7, 0x36, 0xd7, 0x36, 0xd7, 0x36, 0xd7, 0x36, 0xd7, 0x36, 0xd7, 0x36, 0xd7, 0x36, 0xd7, 0x36, 0xd7, 0x36, 0xd7, 0x36,
  0xd7, 0x36, 0xd7, 0x36, 0xd7, 0x36, 0xd7, 0x36, 0xd7, 0x36, 0xd7, 0x36, 0xd7, 0x36, 0xd7, 0x36, 0xd7, 0x36, 0xd7, 0x36, 0xd7, 0x36, 0x18, 0x37, 0x11, 0x25, 0x00, 0x00, 0xff, 0x87, 0xde, 0x7f,
  0xde, 0x7f, 0xde, 0x7f, 0xde, 0x7f, 0xff, 0x87, 0x38, 0x66, 0xc3, 0x10, 0x0e, 0x19, 0x0d, 0x19, 0x0d, 0x19, 0x0d, 0x19, 0x0d, 0x19, 0x0d, 0x19, 0x0d, 0x19, 0x0d, 0x19, 0x0d, 0x19, 0x0d, 0x19,
  0xf6, 0x21, 0xf6, 0x21, 0xf6, 0x21, 0xf6, 0x21, 0xf6, 0x21, 0xf6, 0x21, 0xf6, 0x21, 0xd6, 0x21, 0x77, 0x3a, 0x16, 0x2a, 0xf7, 0x21, 0x43, 0x10, 0xe3, 0x18, 0x86, 0x29, 0x86, 0x21, 0x85, 0x21,
  0x86, 0x21, 0x86, 0x21, 0x86, 0x21, 0x86, 0x21, 0x86, 0x21, 0x86, 0x21, 0x86, 0x21, 0x86, 0x21, 0x86, 0x21, 0x86, 0x21, 0x86, 0x21, 0x86, 0x21, 0x86, 0x21, 0x86, 0x21, 0x86, 0x21, 0x86, 0x21,
  0x86, 0x21, 0x86, 0x21, 0x86, 0x21, 0x86, 0x21, 0x86, 0x21, 0x86, 0x21, 0x86, 0x21, 0x86, 0x21, 0x86, 0x21, 0x86, 0x21, 0x86, 0x21, 0x86, 0x21, 0x86, 0x21, 0x86, 0x21, 0x86, 0x21, 0x86, 0x21,
  0x86, 0x21, 0x86, 0x21, 0x86, 0x21, 0x86, 0x21, 0x86, 0x21, 0x86, 0x21, 0x86, 0x21, 0x86, 0x21, 0x86, 0x21, 0x86, 0x21, 0x86, 0x21, 0x86, 0x21, 0x86, 0x21, 0x86, 0x21, 0x86, 0x21, 0x86, 0x21,
  0x86, 0x21, 0x86, 0x21, 0x86, 0x21, 0xa6, 0x21, 0xa6, 0x21, 0xa6, 0x21, 0xa6, 0x21, 0x86, 0x21, 0x86, 0x21, 0x86, 0x21, 0xa6, 0x21, 0xa6, 0x21, 0xa6, 0x21, 0x86, 0x21, 0xa6, 0x21, 0xa6, 0x21,
  0xa6, 0x21, 0xa6, 0x21, 0xa6, 0x21, 0xa6, 0x21, 0xa6, 0x21, 0xa6, 0x21, 0xa6, 0x21, 0xa6, 0x21, 0xa6, 0x21, 0xa6, 0x21, 0xa6, 0x21, 0xa6, 0x21, 0xa6, 0x21, 0xa6, 0x21, 0xa6, 0x21, 0xa6, 0x21,
  0xa6, 0x21, 0xa6, 0x21, 0xa6, 0x21, 0xa6, 0x21, 0xa6, 0x21, 0xa6, 0x21, 0xa6, 0x21, 0xa6, 0x21, 0xa6, 0x21, 0xa6, 0x21, 0xa6, 0x21, 0xa6, 0x21, 0xa6, 0x21, 0xa6, 0x21, 0xa6, 0x21, 0xa6, 0x21,
  0xa6, 0x21, 0xa6, 0x21, 0xa6, 0x21, 0xa6, 0x21, 0xa6, 0x21, 0xa6, 0x21, 0xa6, 0x21, 0xa6, 0x21, 0xa6, 0x21, 0xa6, 0x21, 0xa6, 0x21, 0xa6, 0x21, 0xa6, 0x21, 0xa6, 0x21, 0xa6, 0x21, 0xa6, 0x21,
  0xa6, 0x21, 0xa6, 0x21, 0xa6, 0x21, 0xa6, 0x21, 0xa6, 0x21, 0xa6, 0x21, 0xa6, 0x21, 0xa6, 0x21, 0xa6, 0x21, 0xa6, 0x21, 0xc7, 0x21, 0xe7, 0x29, 0xc6, 0x29, 0xa6, 0x21, 0xc6, 0x21, 0xc6, 0x21,
  0xc6, 0x21, 0xc6, 0x21, 0xc6, 0x21, 0xc7, 0x21, 0x07, 0x22, 0xe8, 0x31, 0xa6, 0x31, 0x65, 0x31, 0x85, 0x39, 0xe6, 0x49, 0xe6, 0x49, 0xc5, 0x41, 0xa5, 0x39, 0xc6, 0x31, 0xe7, 0x29, 0xe7, 0x21,
  0xc7, 0x21, 0xc7, 0x21, 0x44, 0x19, 0x27, 0x1a, 0x8b, 0x23, 0x6a, 0x23, 0x8b, 0x23, 0xe6, 0x11, 0x86, 0x08, 0x2f, 0x19, 0x72, 0x19, 0x71, 0x19, 0x71, 0x19, 0x71, 0x19, 0x71, 0x19, 0x71, 0x19,
  0x72, 0x19, 0x4b, 0x21, 0x6f, 0x53, 0x1a, 0x86, 0x9d, 0x8e, 0x9d, 0x8e, 0xb9, 0x7d, 0xab, 0x3a, 0x53, 0x65, 0xfd, 0x97, 0xdc, 0x97, 0xdc, 0x97, 0xdc, 0x8f, 0xfe, 0x9f, 0x8c, 0x3b, 0xd0, 0x24,
  0xfb, 0x3f, 0xfb, 0x3f, 0xfb, 0x3f, 0xfd, 0x3f, 0xfd, 0x3f, 0xfd, 0x3f, 0xfd, 0x3f, 0xfb, 0x3f, 0xfc, 0x3f, 0xfd, 0x3f, 0xfc, 0x3f, 0xfb, 0x3f, 0xfb, 0x3f, 0xfb, 0x3f, 0xfd, 0x3f, 0xfc, 0x3f,
  0xfb, 0x3f, 0xfb, 0x3f, 0xfb, 0x3f, 0xfc, 0x3f, 0xfd, 0x3f, 0xfc, 0x3f, 0xfb, 0x3f, 0xfb, 0x3f, 0xfb, 0x3f, 0xfc, 0x3f, 0xfd, 0x3f, 0xfd, 0x3f, 0xfd, 0x3f, 0xfd, 0x3f, 0xfc, 0x3f, 0xfb, 0x3f,
  0xfc, 0x3f, 0xfd, 0x3f, 0xfd, 0x3f, 0xfd, 0x3f, 0xfd, 0x3f, 0xfc, 0x3f, 0xfb, 0x3f, 0xfb, 0x3f, 0xfc, 0x3f, 0xfd, 0x3f, 0xfd, 0x3f, 0xfd, 0x3f, 0xfb, 0x3f, 0xfc, 0x3f, 0x0d, 0x1c, 0x12, 0x55,
  0x9c, 0x87, 0xdd, 0x8f, 0xdd, 0x87, 0xdd, 0x87, 0xdd, 0x87, 0xdd, 0x87, 0xdd, 0x87, 0xdd, 0x87, 0xdd, 0x87, 0xdd, 0x87, 0xdd, 0x87, 0xfe, 0x8f, 0x98, 0x76, 0x0a, 0x23, 0xf7, 0x36, 0xfb, 0x3f,
  0xfb, 0x3f, 0xfb, 0x3f, 0xfb, 0x3f, 0xfb, 0x3f, 0xfc, 0x3f, 0xfd, 0x3f, 0xfc, 0x3f, 0xfb, 0x3f, 0xfb, 0x3f, 0xfb, 0x3f, 0xfb, 0x3f, 0xfc, 0x3f, 0xfd, 0x3f, 0xfd, 0x3f, 0xfd, 0x3f, 0xfc, 0x3f,
  0xfb, 0x3f, 0xfb, 0x3f, 0xfc, 0x3f, 0xfd, 0x3f, 0xfd, 0x3f, 0xfd, 0x3f, 0xfc, 0x3f, 0xfb, 0x3f, 0xfb, 0x3f, 0xfd, 0x3f, 0xfc, 0x3f, 0xfd, 0x3f, 0xfd, 0x3f, 0xfd, 0x3f, 0xfd, 0x3f, 0xfb, 0x3f,
  0xfb, 0x3f, 0xfd, 0x3f, 0xfd, 0x3f, 0xfd, 0x3f, 0xfd, 0x3f, 0xfc, 0x3f, 0xfb, 0x3f, 0xfb, 0x3f, 0xfd, 0x3f, 0xfc, 0x3f, 0xfb, 0x3f, 0xfb, 0x3f, 0xfc, 0x3f, 0x81, 0x00, 0xff, 0x87, 0xde, 0x7f,
  0xde, 0x7f, 0xde, 0x7f, 0xde, 0x7f, 0xff, 0x87, 0x38, 0x66, 0xc3, 0x10, 0x0e, 0x19, 0x0d, 0x19, 0x0d, 0x19, 0x0d, 0x19, 0x0d, 0x19, 0x0d, 0x19, 0x0d, 0x19, 0x0d, 0x19, 0x0d, 0x19, 0x0d, 0x19,
  0xf6, 0x21, 0xf6, 0x21, 0xf6, 0x21, 0xf6, 0x21, 0xf6, 0x21, 0xf6, 0x21, 0xf6, 0x21, 0xd6, 0x21, 0x77, 0x3a, 0x16, 0x2a, 0xf7, 0x21, 0x84, 0x18, 0x8f, 0x2a, 0x9c, 0x34, 0x5b, 0x34, 0x5b, 0x34,
  0x5b, 0x34, 0x7b, 0x34, 0x7b, 0x34, 0x7b, 0x34, 0x7b, 0x34, 0x7b, 0x34, 0x7b, 0x34, 0x7b, 0x34, 0x7b, 0x34, 0x7b, 0x34, 0x7b, 0x3c, 0x7b, 0x3c, 0x7b, 0x3c, 0x7b, 0x3c, 0x7b, 0x3c, 0x9b, 0x3c,
  0x9a, 0x3c, 0x9a, 0x3c, 0x9a, 0x3c, 0x9a, 0x3c, 0x9a, 0x3c, 0x9a, 0x3c, 0x9a, 0x44, 0x9a, 0x44, 0x9a, 0x44, 0xba, 0x44, 0x9a, 0x44, 0x9a, 0x44, 0xba, 0x44, 0xba, 0x44, 0xba, 0x44, 0xba, 0x44,
  0xba, 0x44, 0xba, 0x44, 0xba, 0x44, 0xba, 0x4c, 0xba, 0x4c, 0xba, 0x4c, 0xba, 0x4c, 0xda, 0x4c, 0xda, 0x4c, 0xda, 0x4c, 0xda, 0x4c, 0xda, 0x4c, 0xda, 0x4c, 0xda, 0x4c, 0xda, 0x54, 0xd9, 0x54,
  0xd9, 0x54, 0xd9, 0x54, 0xda, 0x54, 0xd9, 0x54, 0xf9, 0x54, 0xf9, 0x54, 0xf9, 0x54, 0xf9, 0x54, 0xf9, 0x54, 0xf9, 0x54, 0xf9, 0x5c, 0xf9, 0x5c, 0xf9, 0x5c, 0xf9, 0x5c, 0x19, 0x5d, 0xf9, 0x5c,
  0xf9, 0x5c, 0x19, 0x5d, 0x19, 0x5d, 0x19, 0x5d, 0x19, 0x5d, 0x19, 0x5d, 0x19, 0x5d, 0x19, 0x65, 0x19, 0x65, 0x19, 0x65, 0x19, 0x65, 0x19, 0x65, 0x39, 0x65, 0x19, 0x65, 0x39, 0x65, 0x39, 0x65,
  0x39, 0x65, 0x39, 0x65, 0x38, 0x65, 0x38, 0x65, 0x38, 0x6d, 0x38, 0x6d, 0x38, 0x6d, 0x38, 0x6d, 0x38, 0x6d, 0x58, 0x6d, 0x58, 0x6d, 0x58, 0x6d, 0x58, 0x6d, 0x58, 0x6d, 0x58, 0x6d, 0x58, 0x6d,
  0x58, 0x75, 0x58, 0x75, 0x58, 0x75, 0x58, 0x75, 0x58, 0x75, 0x58, 0x75, 0x78, 0x75, 0x78, 0x75, 0x78, 0x75, 0x78, 0x75, 0x78, 0x75, 0x78, 0x75, 0x78, 0x75, 0x78, 0x7d, 0x78, 0x7d, 0x78, 0x7d,
  0x78, 0x7d, 0x78, 0x7d, 0x78, 0x7d, 0x98, 0x7d, 0x98, 0x7d, 0x97, 0x7d, 0x97, 0x7d, 0x97, 0x7d, 0x97, 0x7d, 0x97, 0x85, 0x97, 0x85, 0x97, 0x7d, 0x97, 0x85, 0x97, 0x85, 0xb7, 0x85, 0xb7, 0x85,
  0xb7, 0x85, 0xb7, 0x85, 0xb7, 0x85, 0xb7, 0x85, 0xb7, 0x85, 0xb7, 0x85, 0xb7, 0x85, 0xd7, 0x85, 0xd8, 0x8d, 0xd8, 0x8d, 0xd8, 0x8d, 0xd7, 0x8d, 0xd7, 0x8d, 0xd7, 0x8d, 0xd7, 0x8d, 0xd7, 0x8d,
  0xd7, 0x95, 0x18, 0x96, 0xcb, 0x52, 0x8a, 0x33, 0x56, 0x57, 0xf5, 0x4e, 0x56, 0x57, 0x0c, 0x2c, 0xe8, 0x10, 0x50, 0x19, 0x72, 0x19, 0x71, 0x19, 0x71, 0x19, 0x71, 0x19, 0x71, 0x19, 0x71, 0x19,
  0x72, 0x19, 0x4b, 0x21, 0x6f, 0x53, 0x1a, 0x86, 0x9d, 0x8e, 0x9d, 0x8e, 0xd9, 0x7d, 0xab, 0x3a, 0x52, 0x65, 0xfd, 0x97, 0xdc, 0x8f, 0xdc, 0x8f, 0xdc, 0x97, 0xfd, 0x9f, 0xcd, 0x43, 0x72, 0x25,
  0xfb, 0x3f, 0xfb, 0x3f, 0xd7, 0x36, 0x2b, 0x1b, 0x24, 0x09, 0xc2, 0x08, 0x68, 0x12, 0xd7, 0x36, 0xd3, 0x2d, 0xe6, 0x11, 0xb3, 0x2d, 0xfb, 0x3f, 0xfb, 0x3f, 0x76, 0x36, 0x68, 0x12, 0x11, 0x25,
  0xda, 0x3f, 0xda, 0x3f, 0xfc, 0x3f, 0xb0, 0x24, 0x85, 0x09, 0x6f, 0x24, 0x79, 0x37, 0xfb, 0x3f, 0xfb, 0x3f, 0x52, 0x2d, 0x27, 0x12, 0x03, 0x09, 0xe3, 0x08, 0xc6, 0x09, 0x72, 0x2d, 0xfb, 0x3f,
  0x52, 0x2d, 0x27, 0x12, 0x04, 0x09, 0xe3, 0x08, 0xa2, 0x08, 0xed, 0x1b, 0x79, 0x37, 0x9a, 0x3f, 0xed, 0x1b, 0x44, 0x09, 0xe3, 0x08, 0x24, 0x09, 0x96, 0x36, 0xfc, 0x3f, 0x8f, 0x1c, 0x33, 0x55,
  0x9c, 0x87, 0xdd, 0x8f, 0xdd, 0x87, 0xdd, 0x87, 0xdd, 0x87, 0xdd, 0x87, 0xdd, 0x87, 0xdd, 0x87, 0xdd, 0x87, 0xdd, 0x87, 0xdd, 0x87, 0xfe, 0x8f, 0x57, 0x76, 0xcd, 0x23, 0x59, 0x37, 0xfb, 0x3f,
  0xda, 0x3f, 0xda, 0x3f, 0xda, 0x3f, 0xfc, 0x3f, 0x8f, 0x24, 0x44, 0x09, 0xb3, 0x2d, 0xda, 0x3f, 0xda, 0x3f, 0xda, 0x3f, 0xfd, 0x3f, 0xf1, 0x24, 0x65, 0x09, 0xe3, 0x08, 0xa2, 0x08, 0x2a, 0x1b,
  0xba, 0x3f, 0xfb, 0x3f, 0xcd, 0x1b, 0x24, 0x09, 0xe3, 0x08, 0x82, 0x00, 0xaf, 0x24, 0xba, 0x3f, 0xfd, 0x3f, 0xe6, 0x11, 0x11, 0x25, 0xc6, 0x09, 0x03, 0x09, 0xe3, 0x08, 0xea, 0x1a, 0x9a, 0x37,
  0xfd, 0x3f, 0xa6, 0x09, 0x44, 0x09, 0x03, 0x09, 0xa2, 0x00, 0x4f, 0x24, 0xfb, 0x3f, 0xfd, 0x3f, 0x24, 0x09, 0x31, 0x25, 0xfb, 0x3f, 0xda, 0x3f, 0xfd, 0x3f, 0x03, 0x09, 0xff, 0x87, 0xde, 0x7f,
  0xde, 0x7f, 0xde, 0x7f, 0xde, 0x7f, 0xff, 0x87, 0x38, 0x66, 0xc3, 0x10, 0x0e, 0x19, 0x0d, 0x19, 0x0d, 0x19, 0x0d, 0x19, 0x0d, 0x19, 0x0d, 0x19, 0x0d, 0x19, 0x0d, 0x19, 0x0d, 0x19, 0x0d, 0x19,
  0xf6, 0x21, 0xf6, 0x21, 0xf6, 0x21, 0xf6, 0x21, 0xf6, 0x21, 0xf6, 0x21, 0xf6, 0x21, 0xd6, 0x21, 0x77, 0x32, 0x16, 0x2a, 0xf7, 0x21, 0x84, 0x18, 0x32, 0x33, 0x9f, 0x3d, 0x5f, 0x3d, 0x5f, 0x3d,
  0x5f, 0x3d, 0x7f, 0x3d, 0x7f, 0x45, 0x7f, 0x45, 0x7f, 0x45, 0x7f, 0x45, 0x7f, 0x45, 0x7f, 0x45, 0x7f, 0x45, 0x7f, 0x45, 0x7f, 0x45, 0x7f, 0x4d, 0x9f, 0x45, 0x9f, 0x4d, 0x9f, 0x4d, 0x9f, 0x4d,
  0x9f, 0x4d, 0x9f, 0x4d, 0x9f, 0x4d, 0x9f, 0x4d, 0x9f, 0x4d, 0x9f, 0x4d, 0xbf, 0x4d, 0xbf, 0x55, 0xbf, 0x55, 0xbf, 0x55, 0xbf, 0x55, 0xbf, 0x55, 0xbf, 0x55, 0xbf, 0x55, 0xdf, 0x55, 0xbf, 0x55,
  0xbf, 0x55, 0xdf, 0x5d, 0xdf, 0x5d, 0xdf, 0x5d, 0xdf, 0x5d, 0xdf, 0x5d, 0xdf, 0x5d, 0xdf, 0x5d, 0xdf, 0x5d, 0xff, 0x5d, 0xff, 0x5d, 0xff, 0x5d, 0xff, 0x65, 0xff, 0x65, 0xff, 0x65, 0xff, 0x65,
  0xff, 0x65, 0xff, 0x65, 0xff, 0x65, 0xff, 0x65, 0x1f, 0x66, 0x1f, 0x66, 0x1f, 0x66, 0x1f, 0x6e, 0x1e, 0x6e, 0x1f, 0x6e, 0x1e, 0x6e, 0x1f, 0x6e, 0x1e, 0x6e, 0x1e, 0x6e, 0x1e, 0x6e, 0x3e, 0x6e,
  0x3e, 0x6e, 0x3e, 0x76, 0x3e, 0x76, 0x3e, 0x76, 0x3e, 0x76, 0x3e, 0x76, 0x3e, 0x76, 0x3e, 0x76, 0x3e, 0x76, 0x5e, 0x76, 0x5e, 0x76, 0x5e, 0x7e, 0x5e, 0x7e, 0x5e, 0x7e, 0x5e, 0x7e, 0x5e, 0x7e,
  0x5e, 0x7e, 0x5e, 0x7e, 0x5e, 0x7e, 0x5e, 0x7e, 0x7e, 0x7e, 0x7e, 0x7e, 0x7e, 0x86, 0x7d, 0x86, 0x7d, 0x86, 0x7d, 0x86, 0x7d, 0x86, 0x7d, 0x86, 0x7d, 0x86, 0x7d, 0x86, 0x9d, 0x86, 0x9d, 0x86,
  0x9d, 0x86, 0x9d, 0x8e, 0x9d, 0x8e, 0x9d, 0x8e, 0x9d, 0x8e, 0x9d, 0x8e, 0x9d, 0x8e, 0x9d, 0x8e, 0x9d, 0x8e, 0xbd, 0x8e, 0xbd, 0x8e, 0xbd, 0x96, 0xbd, 0x96, 0xbd, 0x96, 0xbd, 0x96, 0xbd, 0x96,
  0xbd, 0x96, 0xbd, 0x96, 0xbd, 0x96, 0xbd, 0x96, 0xdd, 0x96, 0xdd, 0x96, 0xdd, 0x96, 0xdc, 0x9e, 0xdc, 0x9e, 0xdc, 0x9e, 0xdc, 0x9e, 0xfc, 0x9e, 0xdc, 0x9e, 0xdc, 0x9e, 0xfc, 0x9e, 0xfc, 0x9e,
  0xfc, 0xa6, 0xfc, 0xa6, 0xfc, 0xa6, 0xfc, 0xa6, 0xfc, 0xa6, 0xfc, 0xa6, 0x1c, 0xa7, 0xfc, 0xa6, 0xfc, 0xa6, 0x1c, 0xa7, 0x1c, 0xa7, 0x1c, 0xa7, 0x1c, 0xaf, 0x1c, 0xaf, 0x1c, 0xaf, 0x1c, 0xaf,
  0x3c, 0xaf, 0x9d, 0xb7, 0x6d, 0x63, 0x0c, 0x3c, 0xf9, 0x5f, 0xd8, 0x5f, 0xf9, 0x5f, 0x8e, 0x34, 0xe8, 0x10, 0x50, 0x19, 0x71, 0x19, 0x71, 0x19, 0x71, 0x19, 0x71, 0x19, 0x71, 0x19, 0x71, 0x19,
  0x72, 0x19, 0x4b, 0x21, 0x6f, 0x53, 0x1a, 0x86, 0x9c, 0x8e, 0xbd, 0x96, 0xd9, 0x7d, 0xab, 0x3a, 0x53, 0x65, 0xfd, 0x97, 0xdc, 0x97, 0xdc, 0x97, 0xdc, 0x8f, 0xfd, 0x9f, 0xcd, 0x43, 0x52, 0x25,
  0xfc, 0x3f, 0x99, 0x37, 0xc9, 0x12, 0xc6, 0x11, 0x11, 0x25, 0x14, 0x2e, 0x55, 0x36, 0xda, 0x3f, 0xf1, 0x24, 0x00, 0x00, 0xf1, 0x24, 0xfc, 0x3f, 0xfb, 0x3f, 0x14, 0x2e, 0xa2, 0x00, 0x2e, 0x24,
  0xda, 0x3f, 0xfb, 0x3f, 0x9a, 0x3f, 0x07, 0x12, 0x00, 0x00, 0x07, 0x12, 0xb6, 0x36, 0xfb, 0x3f, 0xfc, 0x3f, 0x8f, 0x24, 0xa2, 0x08, 0x6f, 0x24, 0x35, 0x2e, 0x27, 0x12, 0xc3, 0x08, 0xb6, 0x36,
  0xb0, 0x24, 0x00, 0x00, 0x4f, 0x24, 0x35, 0x2e, 0xd4, 0x2d, 0xd7, 0x36, 0xfc, 0x3f, 0x2b, 0x1b, 0x24, 0x09, 0x11, 0x25, 0x14, 0x2e, 0x14, 0x2e, 0x99, 0x37, 0xfc, 0x3f, 0x8f, 0x1c, 0x33, 0x55,
  0x9c, 0x87, 0xdd, 0x8f, 0xdd, 0x87, 0xdd, 0x87, 0xdd, 0x87, 0xdd, 0x87, 0xdd, 0x87, 0xdd, 0x87, 0xdd, 0x87, 0xdd, 0x87, 0xdd, 0x87, 0xfe, 0x8f, 0x58, 0x76, 0xcd, 0x23, 0x58, 0x37, 0xfb, 0x3f,
  0xda, 0x3f, 0xda, 0x3f, 0xdb, 0x3f, 0xfc, 0x3f, 0x04, 0x09, 0x00, 0x00, 0x0a, 0x1b, 0x99, 0x3f, 0xfb, 0x3f, 0xfd, 0x3f, 0xac, 0x1b, 0xa2, 0x08, 0xac, 0x1b, 0xf4, 0x2d, 0xf4, 0x2d, 0x96, 0x36,
  0xda, 0x3f, 0x27, 0x12, 0x82, 0x00, 0xb0, 0x24, 0xf4, 0x2d, 0xd4, 0x2d, 0xf7, 0x36, 0xfb, 0x3f, 0x76, 0x36, 0xa6, 0x09, 0x6f, 0x24, 0x00, 0x00, 0xf4, 0x2d, 0x11, 0x25, 0x20, 0x00, 0x6f, 0x24,
  0xfd, 0x47, 0x00, 0x00, 0xa9, 0x12, 0x14, 0x2e, 0xf4, 0x2d, 0xd7, 0x36, 0xdb, 0x3f, 0xfd, 0x47, 0x00, 0x00, 0x4f, 0x24, 0xfb, 0x3f, 0xda, 0x3f, 0xfd, 0x3f, 0xe3, 0x00, 0xff, 0x87, 0xde, 0x7f,
  0xde, 0x7f, 0xde, 0x7f, 0xde, 0x7f, 0xff, 0x7f, 0x38, 0x66, 0xc3, 0x10, 0x0e, 0x19, 0x0d, 0x19, 0x0d, 0x19, 0x0d, 0x19, 0x0d, 0x19, 0x0d, 0x19, 0x0d, 0x19, 0x0d, 0x19, 0x0d, 0x19, 0x0d, 0x19,
  0xf6, 0x21, 0xf6, 0x21, 0xf6, 0x21, 0xf6, 0x21, 0xf6, 0x21, 0xf6, 0x21, 0xf6, 0x21, 0xd6, 0x21, 0x77, 0x32, 0x16, 0x2a, 0xf7, 0x21, 0x84, 0x18, 0x11, 0x33, 0x9f, 0x3d, 0x5f, 0x3d, 0x5f, 0x3d,
  0x5f, 0x3d, 0x5f, 0x45, 0x5f, 0x45, 0x5f, 0x45, 0x5f, 0x45, 0x5f, 0x45, 0x5f, 0x45, 0x5f, 0x45, 0x5f, 0x45, 0x5f, 0x45, 0x7f, 0x45, 0x7f, 0x45, 0x7f, 0x4d, 0x7f, 0x4d, 0x7f, 0x4d, 0x7f, 0x4d,
  0x7f, 0x4d, 0x7f, 0x4d, 0x7f, 0x4d, 0x7f, 0x4d, 0x9f, 0x4d, 0x9f, 0x4d, 0x9f, 0x55, 0x9f, 0x55, 0x9f, 0x55, 0x9f, 0x55, 0x9f, 0x55, 0x9f, 0x55, 0x9f, 0x55, 0x9f, 0x55, 0x9f, 0x55, 0xbf, 0x55,
  0xbf, 0x55, 0xbf, 0x55, 0xbf, 0x5d, 0xbe, 0x5d, 0xbe, 0x5d, 0xbe, 0x5d, 0xbe, 0x5d, 0xbe, 0x5d, 0xbe, 0x5d, 0xde, 0x5d, 0xde, 0x5d, 0xde, 0x5d, 0xde, 0x65, 0xde, 0x65, 0xde, 0x65, 0xde, 0x65,
  0xde, 0x65, 0xde, 0x65, 0xde, 0x65, 0xde, 0x65, 0xfe, 0x65, 0xfe, 0x65, 0xfe, 0x65, 0xfe, 0x6d, 0xfe, 0x6d, 0xfe, 0x6d, 0xfe, 0x6d, 0xfe, 0x6d, 0xfe, 0x6d, 0xfe, 0x6d, 0xfe, 0x6d, 0x1e, 0x6e,
  0x1e, 0x6e, 0x1e, 0x6e, 0x1d, 0x76, 0x1d, 0x76, 0x1d, 0x76, 0x1d, 0x76, 0x1d, 0x76, 0x1d, 0x76, 0x1d, 0x76, 0x3d, 0x76, 0x3d, 0x76, 0x3d, 0x76, 0x3d, 0x7e, 0x3d, 0x7e, 0x3d, 0x7e, 0x3d, 0x7e,
  0x3d, 0x7e, 0x3d, 0x7e, 0x3d, 0x7e, 0x3d, 0x7e, 0x5d, 0x7e, 0x5d, 0x7e, 0x5d, 0x7e, 0x5d, 0x7e, 0x5d, 0x86, 0x5d, 0x86, 0x5d, 0x86, 0x5d, 0x86, 0x5d, 0x86, 0x5d, 0x86, 0x7d, 0x86, 0x7d, 0x86,
  0x7d, 0x86, 0x7c, 0x86, 0x7c, 0x8e, 0x7c, 0x8e, 0x7c, 0x8e, 0x7c, 0x8e, 0x7c, 0x8e, 0x7c, 0x8e, 0x7c, 0x8e, 0x9c, 0x8e, 0x9c, 0x8e, 0x9c, 0x8e, 0x9c, 0x8e, 0x9c, 0x8e, 0x9c, 0x96, 0x9c, 0x96,
  0x9c, 0x96, 0x9c, 0x96, 0x9c, 0x96, 0x9c, 0x96, 0xbc, 0x96, 0xbc, 0x96, 0xbc, 0x96, 0xbc, 0x96, 0xbc, 0x9e, 0xbc, 0x9e, 0xbc, 0x9e, 0xbc, 0x9e, 0xbc, 0x9e, 0xbc, 0x9e, 0xbc, 0x9e, 0xdc, 0x9e,
  0xdc, 0x9e, 0xdb, 0x9e, 0xdb, 0xa6, 0xdb, 0xa6, 0xdb, 0xa6, 0xdb, 0xa6, 0xdb, 0xa6, 0xdb, 0xa6, 0xdb, 0xa6, 0xfb, 0xa6, 0xfb, 0xa6, 0xfb, 0xa6, 0xfb, 0xa6, 0xfb, 0xa6, 0xfb, 0xae, 0xfb, 0xae,
  0xfb, 0xae, 0x7c, 0xb7, 0x6d, 0x63, 0xec, 0x3b, 0xf9, 0x5f, 0xb7, 0x57, 0xf9, 0x5f, 0x6e, 0x34, 0xe8, 0x10, 0x4f, 0x19, 0x71, 0x19, 0x71, 0x19, 0x71, 0x19, 0x71, 0x19, 0x71, 0x19, 0x71, 0x19,
  0x72, 0x19, 0x4b, 0x21, 0x6f, 0x53, 0x1a, 0x86, 0x9c, 0x96, 0xbd, 0x96, 0xd9, 0x85, 0xab, 0x3a, 0x53, 0x65, 0xfd, 0x97, 0xdc, 0x8f, 0xdc, 0x8f, 0xdc, 0x8f, 0xfe, 0x97, 0xcd, 0x43, 0x52, 0x25,
  0xfc, 0x3f, 0x96, 0x36, 0x44, 0x09, 0x0a, 0x1b, 0xba, 0x3f, 0xfc, 0x3f, 0xfb, 0x3f, 0xfc, 0x3f, 0x11, 0x25, 0x41, 0x00, 0x11, 0x25, 0xfc, 0x3f, 0xfb, 0x3f, 0x15, 0x2e, 0xc3, 0x08, 0x4f, 0x24,
  0xda, 0x3f, 0xfc, 0x3f, 0xb3, 0x2d, 0x65, 0x09, 0x89, 0x12, 0xc3, 0x08, 0x72, 0x2d, 0xfb, 0x3f, 0xfc, 0x3f, 0xb0, 0x24, 0xe3, 0x08, 0x15, 0x2e, 0xfd, 0x3f, 0x52, 0x2d, 0x00, 0x00, 0x14, 0x2e,
  0xf0, 0x24, 0x00, 0x00, 0xf4, 0x2d, 0xfc, 0x3f, 0xfb, 0x3f, 0xfb, 0x3f, 0xfc, 0x3f, 0x24, 0x09, 0x27, 0x12, 0x9a, 0x3f, 0xfc, 0x3f, 0xfb, 0x3f, 0xdb, 0x3f, 0xfc, 0x3f, 0x8f, 0x1c, 0x33, 0x55,
  0x9c, 0x87, 0xdd, 0x87, 0xdd, 0x87, 0xdd, 0x87, 0xdd, 0x87, 0xdd, 0x87, 0xdd, 0x87, 0xdd, 0x87, 0xdd, 0x87, 0xdd, 0x87, 0xdd, 0x87, 0xfe, 0x8f, 0x58, 0x76, 0xcd, 0x23, 0x58, 0x37, 0xfb, 0x3f,
  0xda, 0x3f, 0xda, 0x3f, 0xfb, 0x3f, 0xb4, 0x2d, 0x03, 0x09, 0x0e, 0x1c, 0x41, 0x00, 0xd7, 0x36, 0xfc, 0x3f, 0x96, 0x36, 0x00, 0x00, 0xb0, 0x24, 0x79, 0x37, 0xfb, 0x3f, 0xfb, 0x3f, 0xfc, 0x3f,
  0x11, 0x25, 0x20, 0x00, 0xf4, 0x2d, 0xda, 0x3f, 0xfb, 0x3f, 0xfb, 0x3f, 0xfb, 0x3f, 0xfc, 0x3f, 0x4b, 0x1b, 0x0e, 0x1c, 0xb0, 0x24, 0x00, 0x00, 0xfb, 0x3f, 0xfd, 0x3f, 0x44, 0x09, 0xea, 0x1a,
  0xfd, 0x47, 0x00, 0x00, 0x2e, 0x24, 0xfe, 0x47, 0xfe, 0x47, 0xfc, 0x3f, 0xda, 0x3f, 0xfd, 0x47, 0x00, 0x00, 0x6f, 0x24, 0xfb, 0x3f, 0xda, 0x3f, 0xfd, 0x3f, 0xe3, 0x00, 0xff, 0x87, 0xde, 0x7f,
  0xde, 0x7f, 0xde, 0x7f, 0xde, 0x7f, 0xff, 0x7f, 0x38, 0x66, 0xc3, 0x10, 0x0e, 0x19, 0x0d, 0x19, 0x0d, 0x19, 0x0d, 0x19, 0x0d, 0x19, 0x0d, 0x19, 0x0d, 0x19, 0x0d, 0x19, 0x0d, 0x19, 0x0d, 0x19,
  0xf6, 0x21, 0xf6, 0x21, 0xf6, 0x21, 0xf6, 0x21, 0xf6, 0x21, 0xf6, 0x21, 0xf6, 0x21, 0xd6, 0x21, 0x77, 0x32, 0x16, 0x2a, 0xf7, 0x21, 0x84, 0x18, 0x11, 0x33, 0x9f, 0x45, 0x5f, 0x3d, 0x5f, 0x45,
  0x5f, 0x45, 0x5f, 0x45, 0x5f, 0x45, 0x5f, 0x45, 0x5f, 0x45, 0x5f, 0x45, 0x5f, 0x45, 0x7f, 0x45, 0x7f, 0x45, 0x7f, 0x4d, 0x7f, 0x4d, 0x7f, 0x4d, 0x7f, 0x4d, 0x7f, 0x4d, 0x7f, 0x4d, 0x7f, 0x4d,
  0x7f, 0x4d, 0x7f, 0x4d, 0x9f, 0x4d, 0x9f, 0x4d, 0x9f, 0x55, 0x9f, 0x55, 0x9f, 0x55, 0x9f, 0x55, 0x9f, 0x55, 0xbf, 0x55, 0x9f, 0x55, 0x9f, 0x55, 0xbf, 0x55, 0xbf, 0x55, 0xbf, 0x55, 0xbf, 0x5d,
  0xbe, 0x5d, 0xbe, 0x5d, 0xbe, 0x5d, 0xbe, 0x5d, 0xbe, 0x5d, 0xbe, 0x5d, 0xbe, 0x5d, 0xde, 0x5d, 0xde, 0x5d, 0xde, 0x5d, 0xde, 0x65, 0xde, 0x65, 0xde, 0x65, 0xde, 0x65, 0xde, 0x65, 0xde, 0x65,
  0xde, 0x65, 0xfe, 0x65, 0xfe, 0x65, 0xfe, 0x65, 0xfe, 0x65, 0xfe, 0x6d, 0xfe, 0x6d, 0xfe, 0x6d, 0xfe, 0x6d, 0xfe, 0x6d, 0xfe, 0x6d, 0xfe, 0x6d, 0xfe, 0x6d, 0x1e, 0x6e, 0x1e, 0x6e, 0x1d, 0x76,
  0x1d, 0x76, 0x1d, 0x76, 0x1d, 0x76, 0x1d, 0x76, 0x1d, 0x76, 0x1d, 0x76, 0x1d, 0x76, 0x3d, 0x76, 0x3d, 0x76, 0x3d, 0x76, 0x3d, 0x7e, 0x3d, 0x7e, 0x3d, 0x7e, 0x3d, 0x7e, 0x3d, 0x7e, 0x3d, 0x7e,
  0x3d, 0x7e, 0x5d, 0x7e, 0x5d, 0x7e, 0x5d, 0x7e, 0x5d, 0x7e, 0x5d, 0x86, 0x5d, 0x86, 0x5d, 0x86, 0x5d, 0x86, 0x5d, 0x86, 0x5d, 0x86, 0x5d, 0x86, 0x7d, 0x86, 0x7d, 0x86, 0x7d, 0x86, 0x7c, 0x86,
  0x7c, 0x8e, 0x7c, 0x8e, 0x7c, 0x8e, 0x7c, 0x8e, 0x7c, 0x8e, 0x7c, 0x8e, 0x9c, 0x8e, 0x9c, 0x8e, 0x9c, 0x8e, 0x9c, 0x8e, 0x9c, 0x8e, 0x9c, 0x96, 0x9c, 0x96, 0x9c, 0x96, 0x9c, 0x96, 0x9c, 0x96,
  0x9c, 0x96, 0x9c, 0x96, 0xbc, 0x96, 0xbc, 0x96, 0xbc, 0x96, 0xbc, 0x96, 0xbc, 0x9e, 0xbc, 0x9e, 0xbc, 0x9e, 0xbc, 0x9e, 0xbc, 0x9e, 0xbc, 0x9e, 0xdc, 0x9e, 0xdc, 0x9e, 0xdb, 0x9e, 0xdb, 0x9e,
  0xdb, 0xa6, 0xdb, 0xa6, 0xdb, 0xa6, 0xdb, 0xa6, 0xdb, 0xa6, 0xdb, 0xa6, 0xdb, 0xa6, 0xfb, 0xa6, 0xfb, 0xa6, 0xfb, 0xa6, 0xfb, 0xa6, 0xfb, 0xae, 0xfb, 0xae, 0xfb, 0xae, 0xfb, 0xae, 0xfb, 0xae,
  0x1b, 0xaf, 0x7c, 0xb7, 0x6d, 0x63, 0xec, 0x33, 0xf9, 0x5f, 0xb8, 0x57, 0xf9, 0x5f, 0x6e, 0x34, 0xe8, 0x10, 0x4f, 0x19, 0x71, 0x19, 0x71, 0x19, 0x71, 0x19, 0x71, 0x19, 0x71, 0x19, 0x71, 0x19,
  0x71, 0x19, 0x4a, 0x21, 0x6f, 0x5b, 0x1a, 0x86, 0xbc, 0x96, 0xbd, 0x96, 0xd9, 0x85, 0xab, 0x3a, 0x53, 0x65, 0xfd, 0x97, 0xdc, 0x8f, 0xdc, 0x8f, 0xdc, 0x8f, 0xfe, 0x97, 0xcd, 0x43, 0x52, 0x25,
  0xfc, 0x3f, 0xba, 0x3f, 0xa9, 0x12, 0x20, 0x00, 0x8c, 0x1b, 0x79, 0x37, 0xfc, 0x3f, 0xfc, 0x3f, 0x11, 0x25, 0x41, 0x00, 0x93, 0x2d, 0xfe, 0x47, 0xfe, 0x47, 0x96, 0x36, 0x03, 0x09, 0x4f, 0x24,
  0xda, 0x3f, 0xfd, 0x3f, 0x2a, 0x1b, 0xc6, 0x11, 0x35, 0x2e, 0x85, 0x09, 0xea, 0x1a, 0x38, 0x37, 0xfc, 0x3f, 0xb0, 0x24, 0xe3, 0x08, 0x96, 0x36, 0xfd, 0x3f, 0x8c, 0x1b, 0x03, 0x09, 0xb6, 0x36,
  0xd0, 0x24, 0x00, 0x00, 0x55, 0x2e, 0xfe, 0x47, 0xfd, 0x3f, 0xfc, 0x3f, 0xfc, 0x3f, 0x0a, 0x1b, 0x41, 0x00, 0xc9, 0x12, 0x9a, 0x37, 0xfc, 0x3f, 0xdb, 0x3f, 0xfc, 0x3f, 0x8f, 0x1c, 0x33, 0x55,
  0x9c, 0x87, 0xdd, 0x87, 0xdd, 0x87, 0xdd, 0x87, 0xdd, 0x87, 0xdd, 0x87, 0xdd, 0x87, 0xdd, 0x87, 0xdd, 0x87, 0xdd, 0x87, 0xdd, 0x87, 0xfe, 0x87, 0x58, 0x6e, 0xcd, 0x23, 0x58, 0x37, 0xfb, 0x3f,
  0xda, 0x3f, 0xda, 0x3f, 0xfd, 0x3f, 0x47, 0x12, 0xa9, 0x12, 0xba, 0x3f, 0x82, 0x00, 0x0e, 0x24, 0xfb, 0x3f, 0x11, 0x25, 0x61, 0x00, 0x38, 0x37, 0xfb, 0x3f, 0xda, 0x3f, 0xda, 0x3f, 0xfc, 0x3f,
  0xa9, 0x12, 0x07, 0x12, 0xba, 0x3f, 0xfb, 0x3f, 0xda, 0x3f, 0xda, 0x3f, 0xdb, 0x3f, 0xfc, 0x3f, 0x41, 0x00, 0xd7, 0x36, 0xd0, 0x24, 0x00, 0x00, 0xfd, 0x3f, 0x99, 0x3f, 0x00, 0x00, 0xb0, 0x24,
  0xfd, 0x47, 0x00, 0x00, 0x41, 0x00, 0xc3, 0x08, 0x61, 0x00, 0xb0, 0x24, 0xdb, 0x3f, 0xfe, 0x47, 0x00, 0x00, 0x6f, 0x24, 0xfb, 0x3f, 0xda, 0x3f, 0xfd, 0x3f, 0xe3, 0x00, 0xff, 0x87, 0xde, 0x7f,
  0xde, 0x7f, 0xde, 0x7f, 0xde, 0x7f, 0xff, 0x7f, 0x38, 0x66, 0xc3, 0x10, 0x0e, 0x19, 0x0d, 0x19, 0x0d, 0x19, 0x0d, 0x19, 0x0d, 0x19, 0x0d, 0x19, 0x0d, 0x19, 0x0d, 0x11, 0x0d, 0x11, 0x0d, 0x11,
  0xf6, 0x21, 0xf6, 0x21, 0xf6, 0x21, 0xf6, 0x21, 0xf6, 0x21, 0xd6, 0x21, 0xd6, 0x21, 0xd6, 0x21, 0x77, 0x32, 0x16, 0x2a, 0xf7, 0x21, 0x84, 0x18, 0x31, 0x33, 0x9f, 0x45, 0x5f, 0x45, 0x5f, 0x45,
  0x5f, 0x45, 0x5f, 0x45, 0x5f, 0x45, 0x5f, 0x45, 0x5f, 0x45, 0x7f, 0x45, 0x7f, 0x45, 0x7f, 0x4d, 0x7f, 0x4d, 0x7f, 0x4d, 0x7f, 0x4d, 0x7f, 0x4d, 0x7f, 0x4d, 0x7f, 0x4d, 0x7f, 0x4d, 0x9f, 0x4d,
  0x9f, 0x4d, 0x9f, 0x55, 0x9f, 0x55, 0x9f, 0x55, 0x9f, 0x55, 0x9f, 0x55, 0x9f, 0x55, 0x9f, 0x55, 0x9f, 0x55, 0x9f, 0x55, 0xbf, 0x55, 0xbf, 0x55, 0xbf, 0x55, 0xbf, 0x5d, 0xbe, 0x5d, 0xbe, 0x5d,
  0xbe, 0x5d, 0xbe, 0x5d, 0xbe, 0x5d, 0xbe, 0x5d, 0xde, 0x5d, 0xde, 0x5d, 0xde, 0x5d, 0xde, 0x65, 0xde, 0x65, 0xde, 0x65, 0xde, 0x65, 0xde, 0x65, 0xde, 0x65, 0xde, 0x65, 0xde, 0x65, 0xfe, 0x65,
  0xfe, 0x65, 0xfe, 0x65, 0xfe, 0x6d, 0xfe, 0x6d, 0xfe, 0x6d, 0xfe, 0x6d, 0xfe, 0x6d, 0xfe, 0x6d, 0xfe, 0x6d, 0xfe, 0x6d, 0x1e, 0x6e, 0x1e, 0x6e, 0x1e, 0x6e, 0x1d, 0x76, 0x1d, 0x76, 0x1d, 0x76,
  0x1d, 0x76, 0x1d, 0x76, 0x1d, 0x76, 0x1d, 0x76, 0x1d, 0x76, 0x3d, 0x76, 0x3d, 0x76, 0x3d, 0x7e, 0x3d, 0x7e, 0x3d, 0x7e, 0x3d, 0x7e, 0x3d, 0x7e, 0x3d, 0x7e, 0x3d, 0x7e, 0x3d, 0x7e, 0x5d, 0x7e,
  0x5d, 0x7e, 0x5d, 0x7e, 0x5d, 0x7e, 0x5d, 0x86, 0x5d, 0x86, 0x5d, 0x86, 0x5d, 0x86, 0x5d, 0x86, 0x5d, 0x86, 0x7d, 0x86, 0x7d, 0x86, 0x7d, 0x86, 0x7c, 0x86, 0x7c, 0x8e, 0x7c, 0x8e, 0x7c, 0x8e,
  0x7c, 0x8e, 0x7c, 0x8e, 0x7c, 0x8e, 0x7c, 0x8e, 0x9c, 0x8e, 0x9c, 0x8e, 0x9c, 0x8e, 0x9c, 0x8e, 0x9c, 0x8e, 0x9c, 0x96, 0x9c, 0x96, 0x9c, 0x96, 0x9c, 0x96, 0x9c, 0x96, 0x9c, 0x96, 0xbc, 0x96,
  0xbc, 0x96, 0xbc, 0x96, 0xbc, 0x96, 0xbc, 0x9e, 0xbc, 0x9e, 0xbc, 0x9e, 0xbc, 0x9e, 0xbc, 0x9e, 0xbc, 0x9e, 0xbc, 0x9e, 0xdc, 0x9e, 0xdc, 0x9e, 0xdb, 0x9e, 0xdb, 0x9e, 0xdb, 0xa6, 0xdb, 0xa6,
  0xdb, 0xa6, 0xfb, 0xa6, 0xdb, 0xa6, 0xdb, 0xa6, 0xfb, 0xa6, 0xfb, 0xa6, 0xfb, 0xa6, 0xfb, 0xa6, 0xfb, 0xa6, 0xfb, 0xae, 0xfb, 0xae, 0xfb, 0xae, 0xfb, 0xae, 0xfb, 0xae, 0xfb, 0xae, 0x1b, 0xaf,
  0x1b, 0xaf, 0x7c, 0xbf, 0x6d, 0x63, 0xec, 0x33, 0xf9, 0x5f, 0xb8, 0x57, 0xf9, 0x5f, 0x6e, 0x34, 0xe8, 0x10, 0x4f, 0x19, 0x71, 0x19, 0x71, 0x19, 0x71, 0x19, 0x71, 0x19, 0x71, 0x19, 0x71, 0x19,
  0x71, 0x19, 0x4b, 0x21, 0x8f, 0x5b, 0x3a, 0x8e, 0xbc, 0x96, 0xbc, 0x96, 0xd9, 0x85, 0xab, 0x3a, 0x53, 0x65, 0xfd, 0x97, 0xdc, 0x8f, 0xdc, 0x8f, 0xdc, 0x8f, 0xfe, 0x97, 0xcd, 0x43, 0x52, 0x25,
  0xfb, 0x3f, 0xfb, 0x3f, 0xd7, 0x36, 0x48, 0x12, 0x00, 0x00, 0xa5, 0x09, 0xf4, 0x2d, 0xfc, 0x3f, 0x11, 0x25, 0xc2, 0x08, 0x61, 0x00, 0xc3, 0x08, 0xc3, 0x08, 0xa2, 0x00, 0x00, 0x00, 0x8f, 0x24,
  0xfb, 0x3f, 0xb7, 0x36, 0x04, 0x09, 0x8c, 0x1b, 0xfb, 0x3f, 0x6b, 0x1b, 0xc3, 0x08, 0x35, 0x2e, 0xfd, 0x3f, 0xb0, 0x24, 0xa2, 0x08, 0x82, 0x00, 0xc3, 0x08, 0x64, 0x09, 0xb3, 0x2d, 0xfc, 0x3f,
  0xb0, 0x24, 0x61, 0x00, 0x82, 0x00, 0xc3, 0x08, 0x41, 0x00, 0x8f, 0x24, 0xba, 0x3f, 0x9a, 0x3f, 0xca, 0x12, 0x00, 0x00, 0xe3, 0x08, 0x93, 0x2d, 0xda, 0x3f, 0xfc, 0x3f, 0x8f, 0x1c, 0x33, 0x55,
  0x9c, 0x87, 0xdd, 0x87, 0xdd, 0x87, 0xdd, 0x87, 0xdd, 0x87, 0xdd, 0x87, 0xdd, 0x87, 0xdd, 0x87, 0xdd, 0x87, 0xdd, 0x87, 0xdd, 0x87, 0xfe, 0x87, 0x58, 0x6e, 0xcd, 0x23, 0x58, 0x37, 0xfb, 0x3f,
  0xda, 0x3f, 0xfb, 0x3f, 0x38, 0x37, 0x20, 0x00, 0x55, 0x2e, 0xff, 0x47, 0x2e, 0x1c, 0xa5, 0x09, 0xda, 0x3f, 0x6f, 0x24, 0x82, 0x00, 0x59, 0x37, 0xfb, 0x3f, 0xda, 0x3f, 0xda, 0x3f, 0xfd, 0x3f,
  0xa6, 0x09, 0xa9, 0x12, 0xba, 0x3f, 0xfb, 0x3f, 0xda, 0x3f, 0xda, 0x3f, 0xfb, 0x3f, 0xd4, 0x2d, 0xe6, 0x11, 0xfb, 0x3f, 0xd0, 0x24, 0x00, 0x00, 0xc3, 0x08, 0x61, 0x00, 0x0a, 0x1b, 0x79, 0x37,
  0xfe, 0x47, 0x00, 0x00, 0xea, 0x12, 0x35, 0x2e, 0x14, 0x2e, 0x18, 0x37, 0xda, 0x3f, 0xfd, 0x47, 0x00, 0x00, 0x6f, 0x24, 0xfb, 0x3f, 0xda, 0x3f, 0xfd, 0x3f, 0xe3, 0x00, 0xff, 0x87, 0xde, 0x7f,
  0xde, 0x7f, 0xde, 0x7f, 0xde, 0x7f, 0xff, 0x7f, 0x38, 0x66, 0xc3, 0x10, 0xed, 0x18, 0x0d, 0x19, 0x0d, 0x19, 0x0d, 0x19, 0x0d, 0x19, 0x0d, 0x11, 0x0d, 0x11, 0x0d, 0x19, 0x0d, 0x19, 0x0d, 0x19,
  0xf6, 0x21, 0xf6, 0x21, 0xf6, 0x21, 0xd6, 0x21, 0xd6, 0x21, 0xf6, 0x21, 0xf6, 0x21, 0xd5, 0x21, 0x76, 0x32, 0x16, 0x2a, 0xf7, 0x21, 0x84, 0x18, 0x31, 0x33, 0x9f, 0x45, 0x5f, 0x45, 0x5f, 0x45,
  0x5f, 0x45, 0x5f, 0x45, 0x7f, 0x45, 0x7f, 0x45, 0x7f, 0x4d, 0x7f, 0x4d, 0x7f, 0x4d, 0x7f, 0x4d, 0x7f, 0x4d, 0x7f, 0x4d, 0x7f, 0x4d, 0x7f, 0x4d, 0x7f, 0x4d, 0x9f, 0x4d, 0x9f, 0x4d, 0x9f, 0x55,
  0x9f, 0x55, 0x9f, 0x55, 0x9f, 0x55, 0x9f, 0x55, 0xbf, 0x55, 0x9f, 0x55, 0x9f, 0x55, 0xbf, 0x55, 0xbf, 0x55, 0xbf, 0x55, 0xbf, 0x5d, 0xbe, 0x5d, 0xbe, 0x5d, 0xbe, 0x5d, 0xbe, 0x5d, 0xbe, 0x5d,
  0xbe, 0x5d, 0xbe, 0x5d, 0xde, 0x5d, 0xde, 0x5d, 0xde, 0x5d, 0xde, 0x65, 0xde, 0x65, 0xde, 0x65, 0xde, 0x65, 0xde, 0x65, 0xde, 0x65, 0xde, 0x65, 0xfe, 0x65, 0xfe, 0x65, 0xfe, 0x65, 0xfe, 0x65,
  0xfe, 0x6d, 0xfe, 0x6d, 0xfe, 0x6d, 0xfe, 0x6d, 0xfe, 0x6d, 0xfe, 0x6d, 0xfe, 0x6d, 0xfe, 0x6d, 0x1e, 0x6e, 0x1e, 0x6e, 0x1d, 0x76, 0x1d, 0x76, 0x1d, 0x76, 0x1d, 0x76, 0x1d, 0x76, 0x1d, 0x76,
  0x1d, 0x76, 0x1d, 0x76, 0x3d, 0x76, 0x3d, 0x76, 0x3d, 0x76, 0x3d, 0x7e, 0x3d, 0x7e, 0x3d, 0x7e, 0x3d, 0x7e, 0x3d, 0x7e, 0x3d, 0x7e, 0x3d, 0x7e, 0x3d, 0x7e, 0x5d, 0x7e, 0x5d, 0x7e, 0x5d, 0x7e,
  0x5d, 0x86, 0x5d, 0x86, 0x5d, 0x86, 0x5d, 0x86, 0x5d, 0x86, 0x5d, 0x86, 0x5d, 0x86, 0x7d, 0x86, 0x7d, 0x86, 0x7d, 0x86, 0x7c, 0x86, 0x7c, 0x8e, 0x7c, 0x8e, 0x7c, 0x8e, 0x7c, 0x8e, 0x7c, 0x8e,
  0x7c, 0x8e, 0x9c, 0x8e, 0x9c, 0x8e, 0x9c, 0x8e, 0x9c, 0x8e, 0x9c, 0x8e, 0x9c, 0x96, 0x9c, 0x96, 0x9c, 0x96, 0x9c, 0x96, 0x9c, 0x96, 0x9c, 0x96, 0x9c, 0x96, 0xbc, 0x96, 0xbc, 0x96, 0xbc, 0x96,
  0xbc, 0x96, 0xbc, 0x9e, 0xbc, 0x9e, 0xbc, 0x9e, 0xbc, 0x9e, 0xbc, 0x9e, 0xbc, 0x9e, 0xdc, 0x9e, 0xdc, 0x9e, 0xdb, 0x9e, 0xdb, 0x9e, 0xdb, 0xa6, 0xdb, 0xa6, 0xdb, 0xa6, 0xdb, 0xa6, 0xdb, 0xa6,
  0xdb, 0xa6, 0xdb, 0xa6, 0xfb, 0xa6, 0xfb, 0xa6, 0xfb, 0xa6, 0xfb, 0xa6, 0xfb, 0xae, 0xfb, 0xae, 0xfb, 0xae, 0xfb, 0xae, 0xfb, 0xae, 0xfb, 0xae, 0x1b, 0xaf, 0x1b, 0xaf, 0x1b, 0xaf, 0x1b, 0xaf,
  0x1b, 0xb7, 0x7c, 0xbf, 0x6d, 0x63, 0xec, 0x33, 0xf9, 0x57, 0xb8, 0x57, 0xf9, 0x57, 0x6e, 0x34, 0xe8, 0x10, 0x4f, 0x19, 0x71, 0x19, 0x71, 0x19, 0x71, 0x19, 0x71, 0x19, 0x71, 0x19, 0x71, 0x19,
  0x71, 0x19, 0x4b, 0x21, 0x8f, 0x5b, 0x3a, 0x8e, 0xbc, 0x96, 0xbd, 0x96, 0xd9, 0x85, 0xab, 0x3a, 0x53, 0x65, 0xfd, 0x97, 0xdc, 0x8f, 0xdc, 0x8f, 0xdc, 0x8f, 0xfe, 0x97, 0xcd, 0x43, 0x52, 0x25,
  0xfb, 0x3f, 0xda, 0x3f, 0xfb, 0x3f, 0x59, 0x37, 0xd0, 0x24, 0xc3, 0x08, 0xa2, 0x08, 0x55, 0x2e, 0x52, 0x2d, 0x61, 0x00, 0x0d, 0x1c, 0x76, 0x36, 0x76, 0x36, 0xd0, 0x24, 0x82, 0x00, 0x6f, 0x24,
  0xfc, 0x3f, 0x6f, 0x24, 0x04, 0x09, 0x35, 0x2e, 0xff, 0x47, 0x35, 0x2e, 0xc3, 0x08, 0x4e, 0x24, 0xfb, 0x3f, 0xb0, 0x24, 0xc3, 0x08, 0xf0, 0x24, 0x2e, 0x24, 0x61, 0x00, 0x11, 0x25, 0xfc, 0x3f,
  0xb0, 0x24, 0x00, 0x00, 0x8f, 0x24, 0x76, 0x36, 0x15, 0x2e, 0x18, 0x37, 0xda, 0x3f, 0xfb, 0x3f, 0x59, 0x37, 0xb3, 0x2d, 0x44, 0x09, 0x20, 0x00, 0xd3, 0x2d, 0xfc, 0x3f, 0x8f, 0x1c, 0x33, 0x55,
  0x9c, 0x87, 0xdd, 0x87, 0xdd, 0x87, 0xdd, 0x87, 0xdd, 0x87, 0xdd, 0x87, 0xdd, 0x87, 0xdd, 0x87, 0xdd, 0x87, 0xdd, 0x87, 0xdd, 0x87, 0xfe, 0x87, 0x58, 0x6e, 0xcd, 0x23, 0x58, 0x37, 0xfb, 0x3f,
  0xda, 0x3f, 0xfc, 0x3f, 0xb0, 0x24, 0x00, 0x00, 0x61, 0x00, 0xc3, 0x08, 0x20, 0x00, 0x00, 0x00, 0x55, 0x2e, 0x93, 0x2d, 0x00, 0x00, 0xb6, 0x36, 0xfb, 0x3f, 0xdb, 0x3f, 0xda, 0x3f, 0xfc, 0x3f,
  0x8c, 0x1b, 0xc3, 0x08, 0xfb, 0x3f, 0xfb, 0x3f, 0xda, 0x3f, 0xda, 0x3f, 0xfc, 0x3f, 0x89, 0x12, 0x2e, 0x24, 0xfc, 0x3f, 0xd0, 0x24, 0x00, 0x00, 0x76, 0x36, 0xc9, 0x12, 0x03, 0x09, 0xfb, 0x3f,
  0xfe, 0x47, 0x00, 0x00, 0xcd, 0x1b, 0xfb, 0x3f, 0xfb, 0x3f, 0xfb, 0x3f, 0xda, 0x3f, 0xfe, 0x47, 0x00, 0x00, 0x6f, 0x24, 0xfb, 0x3f, 0xda, 0x3f, 0xfd, 0x3f, 0xe3, 0x00, 0xff, 0x87, 0xde, 0x7f,
  0xde, 0x7f, 0xde, 0x7f, 0xde, 0x7f, 0xff, 0x7f, 0x38, 0x66, 0xc3, 0x10, 0xed, 0x10, 0x0d, 0x19, 0x0d, 0x11, 0x0d, 0x11, 0x0d, 0x11, 0x0d, 0x19, 0x0d, 0x19, 0x0d, 0x19, 0x0d, 0x19, 0x0d, 0x19,
  0xf6, 0x21, 0xd6, 0x21, 0xd6, 0x21, 0xf6, 0x21, 0xf6, 0x21, 0xf6, 0x21, 0xf5, 0x21, 0xd5, 0x21, 0x56, 0x32, 0x16, 0x2a, 0xf7, 0x21, 0x84, 0x18, 0x31, 0x3b, 0xbf, 0x45, 0x5f, 0x45, 0x5f, 0x45,
  0x7f, 0x45, 0x7f, 0x45, 0x7f, 0x4d, 0x7f, 0x4d, 0x7f, 0x4d, 0x7f, 0x4d, 0x7f, 0x4d, 0x7f, 0x4d, 0x7f, 0x4d, 0x7f, 0x4d, 0x9f, 0x4d, 0x9f, 0x4d, 0x9f, 0x55, 0x9f, 0x55, 0x9f, 0x55, 0x9f, 0x55,
  0x9f, 0x55, 0x9f, 0x55, 0x9f, 0x55, 0x9f, 0x55, 0x9f, 0x55, 0xbf, 0x55, 0xbf, 0x55, 0xbf, 0x55, 0xbf, 0x5d, 0xbe, 0x5d, 0xbe, 0x5d, 0xbe, 0x5d, 0xbe, 0x5d, 0xbe, 0x5d, 0xbe, 0x5d, 0xde, 0x5d,
  0xde, 0x5d, 0xde, 0x5d, 0xde, 0x65, 0xde, 0x65, 0xde, 0x65, 0xde, 0x65, 0xde, 0x65, 0xde, 0x65, 0xde, 0x65, 0xde, 0x65, 0xfe, 0x65, 0xfe, 0x65, 0xfe, 0x65, 0xfe, 0x65, 0xfe, 0x6d, 0xfe, 0x6d,
  0xfe, 0x6d, 0xfe, 0x6d, 0xfe, 0x6d, 0xfe, 0x6d, 0xfe, 0x6d, 0x1e, 0x6e, 0x1e, 0x6e, 0x1e, 0x6e, 0x1d, 0x76, 0x1d, 0x76, 0x1d, 0x76, 0x1d, 0x76, 0x1d, 0x76, 0x1d, 0x76, 0x1d, 0x76, 0x1d, 0x76,
  0x3d, 0x76, 0x3d, 0x76, 0x3d, 0x7e, 0x3d, 0x7e, 0x3d, 0x7e, 0x3d, 0x7e, 0x3d, 0x7e, 0x3d, 0x7e, 0x3d, 0x7e, 0x3d, 0x7e, 0x5d, 0x7e, 0x5d, 0x7e, 0x5d, 0x7e, 0x5d, 0x7e, 0x5d, 0x86, 0x5d, 0x86,
  0x5d, 0x86, 0x5d, 0x86, 0x5d, 0x86, 0x5d, 0x86, 0x7d, 0x86, 0x7d, 0x86, 0x7d, 0x86, 0x7c, 0x86, 0x7c, 0x8e, 0x7c, 0x8e, 0x7c, 0x8e, 0x7c, 0x8e, 0x7c, 0x8e, 0x7c, 0x8e, 0x7c, 0x8e, 0x9c, 0x8e,
  0x9c, 0x8e, 0x9c, 0x8e, 0x9c, 0x8e, 0x9c, 0x8e, 0x9c, 0x96, 0x9c, 0x96, 0x9c, 0x96, 0x9c, 0x96, 0x9c, 0x96, 0x9c, 0x96, 0xbc, 0x96, 0xbc, 0x96, 0xbc, 0x96, 0xbc, 0x96, 0xbc, 0x9e, 0xbc, 0x9e,
  0xbc, 0x9e, 0xbc, 0x9e, 0xbc, 0x9e, 0xbc, 0x9e, 0xbc, 0x9e, 0xdc, 0x9e, 0xdc, 0x9e, 0xdb, 0x9e, 0xdb, 0x9e, 0xdb, 0xa6, 0xdb, 0xa6, 0xdb, 0xa6, 0xfb, 0xa6, 0xdb, 0xa6, 0xdb, 0xa6, 0xfb, 0xa6,
  0xfb, 0xa6, 0xfb, 0xa6, 0xfb, 0xa6, 0xfb, 0xa6, 0xfb, 0xae, 0xfb, 0xae, 0xfb, 0xae, 0xfb, 0xae, 0xfb, 0xae, 0xfb, 0xae, 0x1b, 0xaf, 0x1b, 0xaf, 0x1b, 0xaf, 0x1b, 0xaf, 0x1b, 0xb7, 0x1b, 0xb7,
  0x1b, 0xb7, 0x9c, 0xbf, 0x6d, 0x6b, 0xec, 0x33, 0xf9, 0x57, 0xb8, 0x57, 0xf9, 0x57, 0x6e, 0x34, 0xe8, 0x10, 0x2f, 0x19, 0x71, 0x19, 0x71, 0x19, 0x71, 0x19, 0x71, 0x19, 0x71, 0x19, 0x71, 0x19,
  0x71, 0x19, 0x4b, 0x21, 0x8f, 0x5b, 0x3a, 0x8e, 0xbc, 0x96, 0xbc, 0x96, 0xd9, 0x85, 0xab, 0x3a, 0x53, 0x5d, 0xfd, 0x97, 0xdc, 0x8f, 0xdc, 0x8f, 0xdc, 0x8f, 0xfe, 0x97, 0xcd, 0x43, 0x52, 0x25,
  0xfb, 0x3f, 0xda, 0x3f, 0xda, 0x3f, 0xfb, 0x3f, 0xfb, 0x3f, 0xf0, 0x24, 0x41, 0x00, 0x52, 0x2d, 0x52, 0x2d, 0x41, 0x00, 0x31, 0x25, 0xfc, 0x3f, 0xfc, 0x3f, 0x35, 0x2e, 0xe3, 0x08, 0x6f, 0x24,
  0xfb, 0x3f, 0x68, 0x12, 0x00, 0x00, 0x61, 0x00, 0xa2, 0x08, 0x61, 0x00, 0x00, 0x00, 0x27, 0x12, 0x59, 0x37, 0xd0, 0x24, 0xe3, 0x08, 0x35, 0x2e, 0xfc, 0x3f, 0xa6, 0x09, 0x48, 0x12, 0x79, 0x37,
  0xd0, 0x24, 0x00, 0x00, 0xf4, 0x2d, 0xfc, 0x3f, 0xfb, 0x3f, 0xfb, 0x3f, 0xda, 0x3f, 0xda, 0x3f, 0xfb, 0x3f, 0xfb, 0x3f, 0xb3, 0x2d, 0x41, 0x00, 0x2e, 0x24, 0xfb, 0x3f, 0x8f, 0x1c, 0x33, 0x55,
  0x9c, 0x87, 0xdd, 0x87, 0xdd, 0x87, 0xdd, 0x87, 0xdd, 0x87, 0xdd, 0x87, 0xdd, 0x87, 0xdd, 0x87, 0xdd, 0x87, 0xdd, 0x87, 0xdd, 0x87, 0xfe, 0x87, 0x58, 0x6e, 0xcd, 0x23, 0x58, 0x37, 0xfb, 0x3f,
  0xdb, 0x3f, 0xfc, 0x3f, 0x65, 0x09, 0x6b, 0x1b, 0x15, 0x2e, 0x55, 0x2e, 0xf7, 0x36, 0xc3, 0x08, 0x8c, 0x1b, 0xdb, 0x3f, 0x44, 0x09, 0xa6, 0x09, 0x15, 0x2e, 0xfd, 0x3f, 0xfd, 0x3f, 0xfd, 0x3f,
  0xf7, 0x36, 0x20, 0x00, 0x68, 0x12, 0x58, 0x37, 0xfd, 0x3f, 0xfd, 0x3f, 0xfd, 0x3f, 0x00, 0x00, 0xf8, 0x36, 0xfc, 0x3f, 0xb0, 0x24, 0x00, 0x00, 0xfb, 0x3f, 0x79, 0x37, 0x00, 0x00, 0x31, 0x25,
  0xfe, 0x47, 0x00, 0x00, 0x0e, 0x1c, 0xfd, 0x47, 0xfd, 0x3f, 0xfc, 0x3f, 0xfd, 0x3f, 0x59, 0x37, 0x00, 0x00, 0xb0, 0x24, 0xfb, 0x3f, 0xda, 0x3f, 0xfd, 0x3f, 0xe3, 0x00, 0xff, 0x87, 0xde, 0x7f,
  0xde, 0x7f, 0xde, 0x7f, 0xde, 0x7f, 0xff, 0x7f, 0x38, 0x66, 0xc3, 0x10, 0xed, 0x10, 0x0d, 0x11, 0x0d, 0x19, 0x0d, 0x19, 0x0d, 0x19, 0x0d, 0x19, 0x0d, 0x19, 0x0d, 0x19, 0x0d, 0x19, 0xec, 0x18,
  0xd6, 0x21, 0xf6, 0x21, 0xf6, 0x21, 0xf6, 0x21, 0xd5, 0x21, 0xd6, 0x21, 0xd6, 0x21, 0xd5, 0x21, 0x56, 0x32, 0x16, 0x2a, 0xf6, 0x21, 0x84, 0x18, 0x31, 0x3b, 0xbf, 0x4d, 0x7f, 0x45, 0x7f, 0x4d,
  0x7f, 0x4d, 0x7f, 0x4d, 0x7f, 0x4d, 0x7f, 0x4d, 0x7f, 0x4d, 0x7f, 0x4d, 0x7f, 0x4d, 0x7f, 0x4d, 0x9f, 0x4d, 0x9f, 0x4d, 0x9f, 0x55, 0x9f, 0x55, 0x9f, 0x55, 0x9f, 0x55, 0x9f, 0x55, 0xbf, 0x55,
  0x9f, 0x55, 0x9f, 0x55, 0xbf, 0x55, 0xbf, 0x55, 0xbf, 0x55, 0xbf, 0x5d, 0xbe, 0x5d, 0xbe, 0x5d, 0xbe, 0x5d, 0xbe, 0x5d, 0xbe, 0x5d, 0xbe, 0x5d, 0xbe, 0x5d, 0xde, 0x5d, 0xde, 0x5d, 0xde, 0x5d,
  0xde, 0x65, 0xde, 0x65, 0xde, 0x65, 0xde, 0x65, 0xde, 0x65, 0xde, 0x65, 0xde, 0x65, 0xfe, 0x65, 0xfe, 0x65, 0xfe, 0x65, 0xfe, 0x65, 0xfe, 0x6d, 0xfe, 0x6d, 0xfe, 0x6d, 0xfe, 0x6d, 0xfe, 0x6d,
  0xfe, 0x6d, 0xfe, 0x6d, 0xfe, 0x6d, 0x1e, 0x6e, 0x1e, 0x6e, 0x1d, 0x76, 0x1d, 0x76, 0x1d, 0x76, 0x1d, 0x76, 0x1d, 0x76, 0x1d, 0x76, 0x1d, 0x76, 0x1d, 0x76, 0x3d, 0x76, 0x3d, 0x76, 0x3d, 0x76,
  0x3d, 0x7e, 0x3d, 0x7e, 0x3d, 0x7e, 0x3d, 0x7e, 0x3d, 0x7e, 0x3d, 0x7e, 0x3d, 0x7e, 0x3d, 0x7e, 0x5d, 0x7e, 0x5d, 0x7e, 0x5d, 0x7e, 0x5d, 0x86, 0x5d, 0x86, 0x5d, 0x86, 0x5d, 0x86, 0x5d, 0x86,
  0x5d, 0x86, 0x5d, 0x86, 0x7d, 0x86, 0x7d, 0x86, 0x7d, 0x86, 0x7c, 0x86, 0x7c, 0x8e, 0x7c, 0x8e, 0x7c, 0x8e, 0x7c, 0x8e, 0x7c, 0x8e, 0x7c, 0x8e, 0x9c, 0x8e, 0x9c, 0x8e, 0x9c, 0x8e, 0x9c, 0x8e,
  0x9c, 0x8e, 0x9c, 0x96, 0x9c, 0x96, 0x9c, 0x96, 0x9c, 0x96, 0x9c, 0x96, 0x9c, 0x96, 0x9c, 0x96, 0xbc, 0x96, 0xbc, 0x96, 0xbc, 0x96, 0xbc, 0x96, 0xbc, 0x9e, 0xbc, 0x9e, 0xbc, 0x9e, 0xbc, 0x9e,
  0xbc, 0x9e, 0xbc, 0x9e, 0xdc, 0x9e, 0xdc, 0x9e, 0xdb, 0x9e, 0xdb, 0x9e, 0xdb, 0xa6, 0xdb, 0xa6, 0xdb, 0xa6, 0xdb, 0xa6, 0xdb, 0xa6, 0xdb, 0xa6, 0xdb, 0xa6, 0xfb, 0xa6, 0xfb, 0xa6, 0xfb, 0xa6,
  0xfb, 0xa6, 0xfb, 0xae, 0xfb, 0xae, 0xfb, 0xae, 0xfb, 0xae, 0xfb, 0xae, 0xfb, 0xae, 0x1b, 0xaf, 0x1b, 0xaf, 0x1b, 0xaf, 0x1b, 0xaf, 0x1b, 0xaf, 0x1b, 0xb7, 0x1b, 0xb7, 0x1b, 0xb7, 0x1b, 0xb7,
  0x1b, 0xb7, 0x9c, 0xbf, 0x6d, 0x6b, 0xec, 0x33, 0xf9, 0x57, 0xb8, 0x57, 0xf9, 0x57, 0x6e, 0x34, 0xe8, 0x10, 0x2f, 0x19, 0x71, 0x19, 0x71, 0x19, 0x71, 0x19, 0x71, 0x19, 0x71, 0x19, 0x71, 0x19,
  0x51, 0x19, 0x4a, 0x21, 0x8f, 0x5b, 0x3a, 0x8e, 0xbc, 0x96, 0xbc, 0x96, 0xd9, 0x85, 0xab, 0x3a, 0x53, 0x65, 0xfd, 0x97, 0xdc, 0x8f, 0xdc, 0x8f, 0xdc, 0x8f, 0xfe, 0x97, 0xcd, 0x43, 0x52, 0x25,
  0xfb, 0x3f, 0xfb, 0x3f, 0xfc, 0x3f, 0xfd, 0x3f, 0xfd, 0x47, 0x2e, 0x24, 0xc3, 0x08, 0xf4, 0x2d, 0x52, 0x2d, 0x41, 0x00, 0x11, 0x25, 0xfc, 0x3f, 0xfb, 0x3f, 0x15, 0x2e, 0xc3, 0x08, 0xb0, 0x24,
  0x35, 0x2e, 0x24, 0x09, 0x0d, 0x1c, 0x76, 0x36, 0x55, 0x2e, 0xb7, 0x36, 0xac, 0x1b, 0xa2, 0x08, 0x15, 0x2e, 0xd0, 0x24, 0xe3, 0x08, 0xf4, 0x2d, 0xfd, 0x3f, 0xd0, 0x24, 0xe3, 0x08, 0x35, 0x2e,
  0xd0, 0x24, 0x00, 0x00, 0x55, 0x2e, 0xfe, 0x47, 0xfd, 0x3f, 0xfc, 0x3f, 0xfb, 0x3f, 0xfc, 0x3f, 0xfd, 0x3f, 0xfe, 0x47, 0x31, 0x2d, 0x00, 0x00, 0x52, 0x2d, 0xfc, 0x3f, 0x8f, 0x1c, 0x33, 0x55,
  0x9c, 0x87, 0xdd, 0x87, 0xdd, 0x87, 0xdd, 0x87, 0xdd, 0x87, 0xdd, 0x87, 0xdd, 0x87, 0xdd, 0x87, 0xdd, 0x87, 0xdd, 0x87, 0xdd, 0x87, 0xfe, 0x87, 0x58, 0x6e, 0xcd, 0x23, 0x58, 0x37, 0xfb, 0x3f,
  0xfb, 0x3f, 0x32, 0x2d, 0x00, 0x00, 0x76, 0x36, 0xfc, 0x3f, 0xfb, 0x3f, 0xfd, 0x3f, 0x0e, 0x1c, 0x00, 0x00, 0xd7, 0x36, 0xf7, 0x36, 0xc9, 0x1a, 0x41, 0x00, 0x81, 0x00, 0x41, 0x00, 0xc9, 0x1a,
  0xba, 0x3f, 0xb3, 0x2d, 0xa6, 0x09, 0x41, 0x00, 0x82, 0x00, 0x21, 0x00, 0xf0, 0x24, 0x88, 0x12, 0xba, 0x3f, 0xfc, 0x3f, 0x6f, 0x24, 0x00, 0x00, 0x99, 0x3f, 0xfd, 0x3f, 0xea, 0x1a, 0x41, 0x00,
  0xfb, 0x3f, 0x00, 0x00, 0x00, 0x00, 0x82, 0x00, 0x41, 0x00, 0xac, 0x1b, 0xa6, 0x09, 0x00, 0x00, 0x82, 0x00, 0x99, 0x37, 0xfb, 0x3f, 0xda, 0x3f, 0xfd, 0x3f, 0xe3, 0x00, 0xff, 0x7f, 0xde, 0x7f,
  0xde, 0x7f, 0xde, 0x7f, 0xde, 0x7f, 0xff, 0x7f, 0x38, 0x66, 0xc3, 0x10, 0xed, 0x10, 0x0d, 0x19, 0x0d, 0x19, 0x0d, 0x19, 0x0d, 0x19, 0x0d, 0x19, 0xec, 0x18, 0xed, 0x18, 0xed, 0x18, 0x0d, 0x19,
  0xf6, 0x21, 0xf5, 0x21, 0xd6, 0x21, 0xd6, 0x21, 0xd6, 0x21, 0xd5, 0x21, 0xd5, 0x21, 0xd5, 0x21, 0x56, 0x32, 0x16, 0x2a, 0xf6, 0x21, 0x84, 0x18, 0x31, 0x3b, 0xbf, 0x4d, 0x7f, 0x4d, 0x7f, 0x4d,
  0x7f, 0x4d, 0x7f, 0x4d, 0x7f, 0x4d, 0x7f, 0x4d, 0x7f, 0x4d, 0x9f, 0x4d, 0x9f, 0x4d, 0x9f, 0x55, 0x9f, 0x55, 0x9f, 0x55, 0x9f, 0x55, 0x9f, 0x55, 0x9f, 0x55, 0x9f, 0x55, 0x9f, 0x55, 0x9f, 0x55,
  0xbf, 0x55, 0xbf, 0x55, 0xbf, 0x55, 0xbf, 0x5d, 0xbe, 0x5d, 0xbe, 0x5d, 0xbe, 0x5d, 0xbe, 0x5d, 0xbe, 0x5d, 0xbe, 0x5d, 0xde, 0x5d, 0xde, 0x5d, 0xde, 0x5d, 0xde, 0x65, 0xde, 0x65, 0xde, 0x65,
  0xde, 0x65, 0xde, 0x65, 0xde, 0x65, 0xde, 0x65, 0xde, 0x65, 0xfe, 0x65, 0xfe, 0x65, 0xfe, 0x65, 0xfe, 0x65, 0xfe, 0x6d, 0xfe, 0x6d, 0xfe, 0x6d, 0xfe, 0x6d, 0x1e, 0x6e, 0xfe, 0x6d, 0xfe, 0x6d,
  0x1e, 0x6e, 0x1e, 0x6e, 0x1e, 0x6e, 0x1d, 0x76, 0x1d, 0x76, 0x1d, 0x76, 0x1d, 0x76, 0x1d, 0x76, 0x1d, 0x76, 0x1d, 0x76, 0x1d, 0x76, 0x3d, 0x76, 0x3d, 0x76, 0x3d, 0x7e, 0x3d, 0x7e, 0x3d, 0x7e,
  0x3d, 0x7e, 0x3d, 0x7e, 0x5d, 0x7e, 0x3d, 0x7e, 0x3d, 0x7e, 0x5d, 0x7e, 0x5d, 0x7e, 0x5d, 0x7e, 0x5d, 0x7e, 0x5d, 0x86, 0x5d, 0x86, 0x5d, 0x86, 0x5d, 0x86, 0x5d, 0x86, 0x5d, 0x86, 0x5d, 0x86,
  0x7d, 0x86, 0x7d, 0x86, 0x7c, 0x86, 0x7c, 0x8e, 0x7c, 0x8e, 0x7c, 0x8e, 0x7c, 0x8e, 0x7c, 0x8e, 0x7c, 0x8e, 0x7c, 0x8e, 0x9c, 0x8e, 0x9c, 0x8e, 0x9c, 0x8e, 0x9c, 0x8e, 0x9c, 0x8e, 0x9c, 0x96,
  0x9c, 0x96, 0x9c, 0x96, 0x9c, 0x96, 0x9c, 0x96, 0x9c, 0x96, 0xbc, 0x96, 0xbc, 0x96, 0xbc, 0x96, 0xbc, 0x96, 0xbc, 0x9e, 0xbc, 0x9e, 0xbc, 0x9e, 0xbc, 0x9e, 0xbc, 0x9e, 0xbc, 0x9e, 0xbc, 0x9e,
  0xdc, 0x9e, 0xdc, 0x9e, 0xdb, 0x9e, 0xdb, 0x9e, 0xdb, 0xa6, 0xdb, 0xa6, 0xdb, 0xa6, 0xfb, 0xa6, 0xdb, 0xa6, 0xdb, 0xa6, 0xfb, 0xa6, 0xfb, 0xa6, 0xfb, 0xa6, 0xfb, 0xa6, 0xfb, 0xa6, 0xfb, 0xae,
  0xfb, 0xae, 0xfb, 0xae, 0xfb, 0xae, 0xfb, 0xae, 0xfb, 0xae, 0x1b, 0xaf, 0x1b, 0xaf, 0x1b, 0xaf, 0x1b, 0xaf, 0x1b, 0xb7, 0x1b, 0xb7, 0x1b, 0xb7, 0x1b, 0xb7, 0x1b, 0xb7, 0x1b, 0xb7, 0x3b, 0xb7,
  0x3a, 0xb7, 0x9c, 0xbf, 0x6d, 0x6b, 0xec, 0x33, 0xf9, 0x57, 0xd8, 0x57, 0xf9, 0x57, 0x6e, 0x34, 0xe8, 0x10, 0x2f, 0x19, 0x71, 0x19, 0x71, 0x19, 0x70, 0x19, 0x71, 0x19, 0x71, 0x19, 0x50, 0x19,
  0x51, 0x19, 0x4a, 0x21, 0x8e, 0x5b, 0x3a, 0x8e, 0xbc, 0x96, 0xbc, 0x96, 0xd9, 0x85, 0xab, 0x3a, 0x53, 0x5d, 0xfd, 0x97, 0xdc, 0x8f, 0xdc, 0x8f, 0xdc, 0x8f, 0xfe, 0x97, 0xce, 0x43, 0x93, 0x2d,
  0xfc, 0x3f, 0x96, 0x36, 0x27, 0x12, 0x41, 0x00, 0x61, 0x00, 0x61, 0x00, 0x0e, 0x1c, 0xda, 0x3f, 0xd0, 0x24, 0x00, 0x00, 0xd0, 0x24, 0xfc, 0x3f, 0xfb, 0x3f, 0xf4, 0x2d, 0x41, 0x00, 0x2e, 0x24,
  0xc9, 0x12, 0x24, 0x09, 0x35, 0x2e, 0xfc, 0x3f, 0xfb, 0x3f, 0xfc, 0x3f, 0x76, 0x36, 0x82, 0x00, 0xc9, 0x12, 0x8c, 0x1b, 0x61, 0x00, 0xb3, 0x2d, 0xfc, 0x3f, 0x59, 0x37, 0xa2, 0x08, 0xea, 0x12,
  0x8c, 0x1b, 0x00, 0x00, 0x00, 0x00, 0x82, 0x00, 0x20, 0x00, 0x4b, 0x1b, 0x38, 0x37, 0x27, 0x12, 0x41, 0x00, 0x82, 0x00, 0x41, 0x00, 0x8c, 0x1b, 0x58, 0x37, 0xfc, 0x3f, 0xd0, 0x1c, 0x53, 0x55,
  0x9c, 0x87, 0xdd, 0x87, 0xdd, 0x87, 0xdd, 0x87, 0xdd, 0x87, 0xdd, 0x87, 0xdd, 0x87, 0xdd, 0x87, 0xdd, 0x87, 0xdd, 0x87, 0xdd, 0x87, 0xfe, 0x87, 0x37, 0x6e, 0x0e, 0x24, 0x79, 0x37, 0xfb, 0x3f,
  0xfb, 0x3f, 0x59, 0x37, 0x96, 0x36, 0xda, 0x3f, 0xdb, 0x3f, 0xda, 0x3f, 0xfb, 0x3f, 0x79, 0x37, 0x96, 0x36, 0xba, 0x3f, 0xfb, 0x3f, 0x59, 0x37, 0x76, 0x36, 0x76, 0x36, 0x55, 0x2e, 0xd7, 0x36,
  0xdb, 0x3f, 0xda, 0x3f, 0x18, 0x37, 0x76, 0x36, 0x76, 0x36, 0xf7, 0x36, 0xc2, 0x08, 0xb0, 0x24, 0xda, 0x3f, 0xfb, 0x3f, 0x59, 0x37, 0x76, 0x36, 0xda, 0x3f, 0xfb, 0x3f, 0x59, 0x37, 0x96, 0x36,
  0xfb, 0x3f, 0x96, 0x36, 0x96, 0x36, 0x76, 0x36, 0x55, 0x2e, 0x18, 0x37, 0x96, 0x36, 0x76, 0x36, 0xd7, 0x36, 0xfb, 0x3f, 0xda, 0x3f, 0xda, 0x3f, 0xfe, 0x47, 0x24, 0x09, 0xff, 0x7f, 0xde, 0x7f,
  0xde, 0x7f, 0xde, 0x7f, 0xbe, 0x7f, 0xff, 0x7f, 0x38, 0x66, 0xc3, 0x10, 0xed, 0x10, 0x0d, 0x19, 0x0d, 0x19, 0x0d, 0x19, 0xec, 0x18, 0xed, 0x18, 0x0d, 0x19, 0x0c, 0x19, 0x0c, 0x19, 0x0c, 0x19,
  0xd6, 0x21, 0xd6, 0x21, 0xd5, 0x21, 0xd5, 0x21, 0xd5, 0x21, 0xd5, 0x21, 0xd5, 0x21, 0xd5, 0x21, 0x56, 0x32, 0x16, 0x2a, 0xf6, 0x21, 0x84, 0x18, 0x31, 0x3b, 0xbf, 0x4d, 0x7f, 0x4d, 0x7f, 0x4d,
  0x7f, 0x4d, 0x7f, 0x4d, 0x7f, 0x4d, 0x9f, 0x4d, 0x9f, 0x4d, 0x9f, 0x55, 0x9f, 0x55, 0x9f, 0x55, 0x9f, 0x55, 0x9f, 0x55, 0x9f, 0x55, 0x9f, 0x55, 0x9f, 0x55, 0xbf, 0x55, 0xbf, 0x55, 0xbf, 0x55,
  0xbf, 0x5d, 0xbe, 0x5d, 0xbe, 0x5d, 0xbe, 0x5d, 0xbe, 0x5d, 0xbe, 0x5d, 0xbe, 0x5d, 0xbe, 0x5d, 0xde, 0x5d, 0xde, 0x5d, 0xde, 0x5d, 0xde, 0x65, 0xde, 0x65, 0xde, 0x65, 0xde, 0x65, 0xde, 0x65,
  0xde, 0x65, 0xde, 0x65, 0xfe, 0x65, 0xfe, 0x65, 0xfe, 0x65, 0xfe, 0x65, 0xfe, 0x6d, 0xfe, 0x6d, 0xfe, 0x6d, 0xfe, 0x6d, 0xfe, 0x6d, 0xfe, 0x6d, 0xfe, 0x6d, 0xfe, 0x6d, 0x1e, 0x6e, 0x1e, 0x6e,
  0x1e, 0x6e, 0x1d, 0x76, 0x1d, 0x76, 0x1d, 0x76, 0x1d, 0x76, 0x3d, 0x76, 0x1d, 0x76, 0x1d, 0x76, 0x3d, 0x76, 0x3d, 0x76, 0x3d, 0x76, 0x3d, 0x7e, 0x3d, 0x7e, 0x3d, 0x7e, 0x3d, 0x7e, 0x3d, 0x7e,
  0x3d, 0x7e, 0x3d, 0x7e, 0x3d, 0x7e, 0x5d, 0x7e, 0x5d, 0x7e, 0x5d, 0x7e, 0x5d, 0x86, 0x5d, 0x86, 0x5d, 0x86, 0x5d, 0x86, 0x5d, 0x86, 0x5d, 0x86, 0x5d, 0x86, 0x7d, 0x86, 0x7d, 0x86, 0x7d, 0x86,
  0x7c, 0x86, 0x7c, 0x8e, 0x7c, 0x8e, 0x7c, 0x8e, 0x7c, 0x8e, 0x7c, 0x8e, 0x7c, 0x8e, 0x7c, 0x8e, 0x9c, 0x8e, 0x9c, 0x8e, 0x9c, 0x8e, 0x9c, 0x8e, 0x9c, 0x96, 0x9c, 0x96, 0x9c, 0x96, 0x9c, 0x96,
  0x9c, 0x96, 0x9c, 0x96, 0x9c, 0x96, 0xbc, 0x96, 0xbc, 0x96, 0xbc, 0x96, 0xbc, 0x96, 0xbc, 0x9e, 0xbc, 0x9e, 0xbc, 0x9e, 0xbc, 0x9e, 0xbc, 0x9e, 0xbc, 0x9e, 0xdc, 0x9e, 0xdc, 0x9e, 0xdb, 0x9e,
  0xdb, 0x9e, 0xdb, 0xa6, 0xdb, 0xa6, 0xdb, 0xa6, 0xdb, 0xa6, 0xdb, 0xa6, 0xdb, 0xa6, 0xdb, 0xa6, 0xfb, 0xa6, 0xfb, 0xa6, 0xfb, 0xa6, 0xfb, 0xa6, 0xfb, 0xa6, 0xfb, 0xae, 0xfb, 0xae, 0xfb, 0xae,
  0xfb, 0xae, 0xfb, 0xae, 0x1b, 0xaf, 0x1b, 0xaf, 0x1b, 0xaf, 0x1b, 0xaf, 0x1b, 0xaf, 0x1b, 0xb7, 0x1b, 0xb7, 0x1b, 0xb7, 0x1b, 0xb7, 0x1b, 0xb7, 0x1b, 0xb7, 0x3b, 0xb7, 0x3a, 0xb7, 0x3a, 0xb7,
  0x3a, 0xb7, 0xbc, 0xc7, 0x8d, 0x6b, 0xec, 0x33, 0xfa, 0x57, 0xd8, 0x57, 0xf9, 0x57, 0x6e, 0x2c, 0xe8, 0x10, 0x2f, 0x19, 0x71, 0x19, 0x71, 0x19, 0x50, 0x19, 0x51, 0x19, 0x51, 0x19, 0x71, 0x19,
  0x51, 0x19, 0x4a, 0x21, 0x8e, 0x5b, 0x3a, 0x8e, 0xbc, 0x96, 0xdc, 0x9e, 0xf9, 0x85, 0xab, 0x3a, 0x53, 0x5d, 0xfd, 0x97, 0xdc, 0x8f, 0xdc, 0x8f, 0xdc, 0x8f, 0xfe, 0x97, 0x2b, 0x3b, 0x6b, 0x1b,
  0x9a, 0x3f, 0xfb, 0x3f, 0x38, 0x37, 0xd7, 0x36, 0xd7, 0x36, 0x18, 0x37, 0xdb, 0x3f, 0xfc, 0x3f, 0xda, 0x3f, 0x18, 0x37, 0xda, 0x3f, 0xfc, 0x3f, 0xfc, 0x3f, 0xfb, 0x3f, 0x38, 0x37, 0xba, 0x3f,
  0x79, 0x37, 0x59, 0x37, 0xfb, 0x3f, 0xfc, 0x3f, 0xfc, 0x3f, 0xfc, 0x3f, 0xfb, 0x3f, 0x38, 0x37, 0x79, 0x37, 0x9a, 0x3f, 0x38, 0x37, 0xfb, 0x3f, 0xfc, 0x3f, 0xfc, 0x3f, 0x38, 0x37, 0x79, 0x37,
  0x9a, 0x3f, 0x38, 0x37, 0xf7, 0x36, 0xd7, 0x36, 0xd7, 0x36, 0x59, 0x37, 0xfc, 0x3f, 0x38, 0x37, 0xd7, 0x36, 0xd7, 0x36, 0xf8, 0x36, 0xda, 0x3f, 0xfc, 0x3f, 0xda, 0x3f, 0x85, 0x09, 0x70, 0x4c,
  0x9c, 0x7f, 0xdd, 0x87, 0xdd, 0x87, 0xdd, 0x87, 0xdd, 0x87, 0xdd, 0x87, 0xdd, 0x87, 0xdd, 0x87, 0xdd, 0x87, 0xdd, 0x87, 0xdd, 0x87, 0xde, 0x87, 0xbd, 0x87, 0x04, 0x11, 0xf4, 0x2d, 0xfc, 0x3f,
  0xfc, 0x3f, 0xfc, 0x3f, 0xfc, 0x3f, 0xfc, 0x3f, 0xfc, 0x3f, 0xfc, 0x3f, 0xfc, 0x3f, 0xfc, 0x3f, 0xfc, 0x3f, 0xfc, 0x3f, 0xfc, 0x3f, 0xfc, 0x3f, 0xfc, 0x3f, 0xfc, 0x3f, 0xfc, 0x3f, 0xfc, 0x3f,
  0xfc, 0x3f, 0xfc, 0x3f, 0xfc, 0x3f, 0xfc, 0x3f, 0xfc, 0x3f, 0xfd, 0x3f, 0x18, 0x37, 0xdb, 0x3f, 0xfc, 0x3f, 0xfc, 0x3f, 0xfc, 0x3f, 0xfc, 0x3f, 0xfc, 0x3f, 0xfc, 0x3f, 0xfc, 0x3f, 0xfc, 0x3f,
  0xfc, 0x3f, 0xfc, 0x3f, 0xfc, 0x3f, 0xfc, 0x3f, 0xfc, 0x3f, 0xfc, 0x3f, 0xfc, 0x3f, 0xfc, 0x3f, 0xfc, 0x3f, 0xfc, 0x3f, 0xfc, 0x3f, 0xfd, 0x3f, 0x55, 0x2e, 0x00, 0x00, 0xff, 0x7f, 0xde, 0x7f,
  0xbe, 0x7f, 0xbe, 0x7f, 0xde, 0x7f, 0xff, 0x7f, 0x38, 0x66, 0xc3, 0x10, 0xed, 0x10, 0xed, 0x18, 0xed, 0x18, 0xed, 0x18, 0x0d, 0x19, 0x0c, 0x19, 0x0c, 0x19, 0x0c, 0x19, 0x0c, 0x19, 0x0c, 0x19,
  0xd5, 0x21, 0xd5, 0x21, 0xd5, 0x21, 0xd5, 0x21, 0xd5, 0x21, 0xd5, 0x21, 0xd5, 0x21, 0xd5, 0x21, 0x56, 0x32, 0xf6, 0x29, 0xd6, 0x21, 0x84, 0x18, 0x31, 0x3b, 0xbf, 0x4d, 0x7f, 0x4d, 0x7f, 0x4d,
  0x9f, 0x4d, 0x9f, 0x4d, 0x9f, 0x55, 0x9f, 0x55, 0x9f, 0x55, 0x9f, 0x55, 0x9f, 0x55, 0x9f, 0x55, 0x9f, 0x55, 0x9f, 0x55, 0x9f, 0x55, 0xbf, 0x55, 0xbf, 0x55, 0xbf, 0x55, 0xbf, 0x5d, 0xbe, 0x5d,
  0xbe, 0x5d, 0xbe, 0x5d, 0xbe, 0x5d, 0xbe, 0x5d, 0xbe, 0x5d, 0xde, 0x5d, 0xde, 0x5d, 0xde, 0x5d, 0xde, 0x65, 0xde, 0x65, 0xde, 0x65, 0xde, 0x65, 0xde, 0x65, 0xde, 0x65, 0xde, 0x65, 0xde, 0x65,
  0xfe, 0x65, 0xfe, 0x65, 0xfe, 0x65, 0xfe, 0x65, 0xfe, 0x6d, 0xfe, 0x6d, 0xfe, 0x6d, 0xfe, 0x6d, 0x1e, 0x6e, 0xfe, 0x6d, 0xfe, 0x6d, 0x1e, 0x6e, 0x1e, 0x6e, 0x1e, 0x6e, 0x1d, 0x76, 0x1d, 0x76,
  0x1d, 0x76, 0x1d, 0x76, 0x1d, 0x76, 0x1d, 0x76, 0x1d, 0x76, 0x1d, 0x76, 0x3d, 0x76, 0x3d, 0x76, 0x3d, 0x76, 0x3d, 0x7e, 0x3d, 0x7e, 0x3d, 0x7e, 0x3d, 0x7e, 0x5d, 0x7e, 0x3d, 0x7e, 0x3d, 0x7e,
  0x5d, 0x7e, 0x5d, 0x7e, 0x5d, 0x7e, 0x5d, 0x7e, 0x5d, 0x86, 0x5d, 0x86, 0x5d, 0x86, 0x5d, 0x86, 0x5d, 0x86, 0x5d, 0x86, 0x5d, 0x86, 0x7d, 0x86, 0x7d, 0x86, 0x7c, 0x86, 0x7c, 0x8e, 0x7c, 0x8e,
  0x7c, 0x8e, 0x7c, 0x8e, 0x7c, 0x8e, 0x7c, 0x8e, 0x7c, 0x8e, 0x9c, 0x8e, 0x9c, 0x8e, 0x9c, 0x8e, 0x9c, 0x8e, 0x9c, 0x8e, 0x9c, 0x96, 0x9c, 0x96, 0x9c, 0x96, 0x9c, 0x96, 0x9c, 0x96, 0x9c, 0x96,
  0xbc, 0x96, 0xbc, 0x96, 0xbc, 0x96, 0xbc, 0x96, 0xbc, 0x9e, 0xbc, 0x9e, 0xbc, 0x9e, 0xbc, 0x9e, 0xbc, 0x9e, 0xbc, 0x9e, 0xbc, 0x9e, 0xdc, 0x9e, 0xdc, 0x9e, 0xdb, 0x9e, 0xdb, 0x9e, 0xdb, 0xa6,
  0xdb, 0xa6, 0xdb, 0xa6, 0xfb, 0xa6, 0xdb, 0xa6, 0xdb, 0xa6, 0xfb, 0xa6, 0xfb, 0xa6, 0xfb, 0xa6, 0xfb, 0xa6, 0xfb, 0xa6, 0xfb, 0xae, 0xfb, 0xae, 0xfb, 0xae, 0xfb, 0xae, 0xfb, 0xae, 0xfb, 0xae,
  0x1b, 0xaf, 0x1b, 0xaf, 0x1b, 0xaf, 0x1b, 0xaf, 0x1b, 0xaf, 0x1b, 0xb7, 0x1b, 0xb7, 0x1b, 0xb7, 0x1b, 0xb7, 0x1b, 0xb7, 0x3b, 0xb7, 0x3a, 0xb7, 0x3a, 0xb7, 0x3a, 0xb7, 0x3a, 0xb7, 0x3a, 0xb7,
  0x3a, 0xbf, 0x9c, 0xc7, 0x8d, 0x6b, 0xec, 0x33, 0xfa, 0x57, 0xd8, 0x4f, 0xfa, 0x57, 0x6e, 0x2c, 0xe8, 0x10, 0x2f, 0x19, 0x71, 0x19, 0x51, 0x19, 0x71, 0x19, 0x70, 0x19, 0x70, 0x19, 0x70, 0x19,
  0x51, 0x19, 0x4a, 0x21, 0x8f, 0x5b, 0x3a, 0x8e, 0xbc, 0x9e, 0xdc, 0x9e, 0xf9, 0x85, 0xab, 0x3a, 0x53, 0x5d, 0xfd, 0x97, 0xdc, 0x8f, 0xdc, 0x8f, 0xdc, 0x8f, 0xfd, 0x8f, 0xb5, 0x65, 0x04, 0x11,
  0x27, 0x0a, 0x4e, 0x1c, 0x6f, 0x1c, 0x6f, 0x1c, 0x6f, 0x1c, 0x6f, 0x1c, 0x4e, 0x1c, 0x4e, 0x1c, 0x4e, 0x1c, 0x6f, 0x1c, 0x4e, 0x1c, 0x4e, 0x1c, 0x4e, 0x1c, 0x4e, 0x1c, 0x6f, 0x1c, 0x6e, 0x1c,
  0x6f, 0x1c, 0x6f, 0x1c, 0x4e, 0x1c, 0x4e, 0x1c, 0x4e, 0x1c, 0x4e, 0x1c, 0x4e, 0x1c, 0x6f, 0x1c, 0x6f, 0x1c, 0x6f, 0x1c, 0x6f, 0x1c, 0x4e, 0x1c, 0x4e, 0x1c, 0x4e, 0x1c, 0x6f, 0x1c, 0x6f, 0x1c,
  0x6f, 0x1c, 0x6f, 0x1c, 0x6f, 0x1c, 0x6f, 0x1c, 0x6f, 0x1c, 0x6f, 0x1c, 0x4e, 0x1c, 0x6f, 0x1c, 0x6f, 0x1c, 0x6f, 0x1c, 0x6f, 0x1c, 0x4e, 0x1c, 0x8f, 0x1c, 0x44, 0x01, 0x24, 0x11, 0x78, 0x6e,
  0xfe, 0x87, 0xdd, 0x87, 0xdd, 0x87, 0xdd, 0x87, 0xdd, 0x87, 0xdd, 0x87, 0xdd, 0x87, 0xdd, 0x87, 0xdd, 0x87, 0xdd, 0x87, 0xdd, 0x87, 0xdd, 0x87, 0xff, 0x8f, 0xeb, 0x32, 0x61, 0x00, 0xac, 0x1b,
  0x4e, 0x1c, 0x4e, 0x1c, 0x4e, 0x1c, 0x4e, 0x1c, 0x4e, 0x1c, 0x4e, 0x1c, 0x4e, 0x1c, 0x4e, 0x1c, 0x4e, 0x1c, 0x4e, 0x1c, 0x4e, 0x1c, 0x4e, 0x1c, 0x4e, 0x1c, 0x4e, 0x1c, 0x4e, 0x1c, 0x4e, 0x1c,
  0x4e, 0x1c, 0x4e, 0x1c, 0x4e, 0x1c, 0x4e, 0x1c, 0x4e, 0x1c, 0x4e, 0x1c, 0x6f, 0x1c, 0x4e, 0x1c, 0x4e, 0x1c, 0x4e, 0x1c, 0x4e, 0x1c, 0x4e, 0x1c, 0x4e, 0x1c, 0x4e, 0x1c, 0x4e, 0x1c, 0x4e, 0x1c,
  0x4e, 0x1c, 0x4e, 0x1c, 0x4e, 0x1c, 0x4e, 0x1c, 0x4e, 0x1c, 0x4e, 0x1c, 0x4e, 0x1c, 0x4e, 0x1c, 0x4e, 0x1c, 0x4e, 0x1c, 0x4e, 0x1c, 0x2e, 0x1c, 0x00, 0x00, 0x69, 0x2a, 0xff, 0x7f, 0xde, 0x7f,
  0xde, 0x7f, 0xde, 0x7f, 0xde, 0x7f, 0xff, 0x7f, 0x38, 0x66, 0xc3, 0x10, 0xed, 0x10, 0x0d, 0x19, 0x0c, 0x19, 0x0c, 0x19, 0x0c, 0x19, 0x0c, 0x19, 0x0c, 0x19, 0x0c, 0x19, 0xec, 0x18, 0xec, 0x18,
  0xd5, 0x21, 0xd5, 0x21, 0xd5, 0x21, 0xd5, 0x21, 0xd5, 0x21, 0xd5, 0x21, 0xd5, 0x21, 0xd5, 0x21, 0x56, 0x32, 0xf5, 0x29, 0xd6, 0x21, 0x84, 0x18, 0x31, 0x3b, 0xdf, 0x4d, 0x9f, 0x4d, 0x9f, 0x4d,
  0x9f, 0x55, 0x9f, 0x55, 0x9f, 0x55, 0x9f, 0x55, 0x9f, 0x55, 0x9f, 0x55, 0x9f, 0x55, 0x9f, 0x55, 0xbf, 0x55, 0xbf, 0x55, 0xbf, 0x55, 0xbf, 0x5d, 0xbe, 0x5d, 0xbe, 0x5d, 0xbe, 0x5d, 0xbe, 0x5d,
  0xbe, 0x5d, 0xbe, 0x5d, 0xbe, 0x5d, 0xde, 0x5d, 0xde, 0x5d, 0xde, 0x5d, 0xde, 0x65, 0xde, 0x65, 0xde, 0x65, 0xde, 0x65, 0xde, 0x65, 0xde, 0x65, 0xde, 0x65, 0xfe, 0x65, 0xfe, 0x65, 0xfe, 0x65,
  0xfe, 0x65, 0xfe, 0x6d, 0xfe, 0x6d, 0xfe, 0x6d, 0xfe, 0x6d, 0xfe, 0x6d, 0xfe, 0x6d, 0xfe, 0x6d, 0xfe, 0x6d, 0x1e, 0x6e, 0x1e, 0x6e, 0x1e, 0x6e, 0x1d, 0x76, 0x1d, 0x76, 0x1d, 0x76, 0x1d, 0x76,
  0x3d, 0x76, 0x1d, 0x76, 0x1d, 0x76, 0x3d, 0x76, 0x3d, 0x76, 0x3d, 0x76, 0x3d, 0x7e, 0x3d, 0x7e, 0x3d, 0x7e, 0x3d, 0x7e, 0x3d, 0x7e, 0x3d, 0x7e, 0x3d, 0x7e, 0x3d, 0x7e, 0x5d, 0x7e, 0x5d, 0x7e,
  0x5d, 0x7e, 0x5d, 0x86, 0x5d, 0x86, 0x5d, 0x86, 0x5d, 0x86, 0x5d, 0x86, 0x5d, 0x86, 0x5d, 0x86, 0x7d, 0x86, 0x7d, 0x86, 0x7d, 0x86, 0x7c, 0x86, 0x7c, 0x8e, 0x7c, 0x8e, 0x7c, 0x8e, 0x7c, 0x8e,
  0x7c, 0x8e, 0x7c, 0x8e, 0x7c, 0x8e, 0x9c, 0x8e, 0x9c, 0x8e, 0x9c, 0x8e, 0x9c, 0x8e, 0x9c, 0x96, 0x9c, 0x96, 0x9c, 0x96, 0x9c, 0x96, 0x9c, 0x96, 0x9c, 0x96, 0x9c, 0x96, 0xbc, 0x96, 0xbc, 0x96,
  0xbc, 0x96, 0xbc, 0x96, 0xbc, 0x9e, 0xbc, 0x9e, 0xbc, 0x9e, 0xbc, 0x9e, 0xbc, 0x9e, 0xbc, 0x9e, 0xdc, 0x9e, 0xdc, 0x9e, 0xdb, 0x9e, 0xdb, 0x9e, 0xdb, 0xa6, 0xdb, 0xa6, 0xdb, 0xa6, 0xdb, 0xa6,
  0xdb, 0xa6, 0xdb, 0xa6, 0xdb, 0xa6, 0xfb, 0xa6, 0xfb, 0xa6, 0xfb, 0xa6, 0xfb, 0xa6, 0xfb, 0xa6, 0xfb, 0xae, 0xfb, 0xae, 0xfb, 0xae, 0xfb, 0xae, 0xfb, 0xae, 0x1b, 0xaf, 0x1b, 0xaf, 0x1b, 0xaf,
  0x1b, 0xaf, 0x1b, 0xaf, 0x1b, 0xb7, 0x1b, 0xb7, 0x1b, 0xb7, 0x1b, 0xb7, 0x1b, 0xb7, 0x1b, 0xb7, 0x3b, 0xb7, 0x3a, 0xb7, 0x3a, 0xb7, 0x3a, 0xb7, 0x3a, 0xb7, 0x3a, 0xbf, 0x3a, 0xbf, 0x3a, 0xbf,
  0x3a, 0xbf, 0xbc, 0xc7, 0x8d, 0x6b, 0xec, 0x33, 0xfa, 0x57, 0xd8, 0x4f, 0xfa, 0x57, 0x6e, 0x2c, 0xe8, 0x10, 0x2f, 0x19, 0x71, 0x19, 0x70, 0x19, 0x70, 0x19, 0x70, 0x19, 0x70, 0x19, 0x70, 0x19,
  0x51, 0x19, 0x4a, 0x21, 0x8f, 0x5b, 0x3a, 0x8e, 0xdc, 0x9e, 0xdc, 0x9e, 0xf9, 0x85, 0xab, 0x3a, 0x53, 0x5d, 0xfd, 0x97, 0xdc, 0x8f, 0xdc, 0x8f, 0xdc, 0x8f, 0xdd, 0x8f, 0xbc, 0x8f, 0x1a, 0x7f,
  0xb5, 0x65, 0x53, 0x5d, 0x53, 0x5d, 0x53, 0x5d, 0x53, 0x5d, 0x53, 0x5d, 0x53, 0x5d, 0x53, 0x5d, 0x53, 0x5d, 0x53, 0x5d, 0x53, 0x5d, 0x53, 0x5d, 0x53, 0x5d, 0x53, 0x5d, 0x53, 0x5d, 0x53, 0x5d,
  0x53, 0x5d, 0x53, 0x5d, 0x53, 0x5d, 0x53, 0x5d, 0x53, 0x5d, 0x53, 0x5d, 0x53, 0x5d, 0x53, 0x5d, 0x53, 0x5d, 0x53, 0x5d, 0x53, 0x5d, 0x53, 0x55, 0x53, 0x55, 0x53, 0x55, 0x53, 0x55, 0x53, 0x55,
  0x53, 0x55, 0x53, 0x55, 0x54, 0x55, 0x54, 0x55, 0x54, 0x55, 0x54, 0x5d, 0x54, 0x5d, 0x54, 0x55, 0x54, 0x55, 0x54, 0x55, 0x54, 0x55, 0x54, 0x55, 0x53, 0x55, 0xf6, 0x65, 0xfa, 0x76, 0xdd, 0x87,
  0xdd, 0x87, 0xdd, 0x87, 0xdd, 0x87, 0xdd, 0x87, 0xdd, 0x87, 0xdd, 0x87, 0xdd, 0x87, 0xdd, 0x87, 0xdd, 0x87, 0xdd, 0x87, 0xdd, 0x87, 0xdd, 0x87, 0xfe, 0x87, 0x5c, 0x7f, 0x78, 0x6e, 0x74, 0x55,
  0x54, 0x55, 0x54, 0x55, 0x54, 0x55, 0x54, 0x55, 0x54, 0x55, 0x54, 0x55, 0x54, 0x55, 0x54, 0x55, 0x54, 0x55, 0x54, 0x55, 0x54, 0x55, 0x54, 0x55, 0x54, 0x55, 0x54, 0x55, 0x54, 0x55, 0x54, 0x55,
  0x54, 0x55, 0x54, 0x55, 0x54, 0x55, 0x54, 0x55, 0x54, 0x55, 0x54, 0x55, 0x54, 0x55, 0x54, 0x55, 0x54, 0x55, 0x54, 0x55, 0x54, 0x55, 0x54, 0x55, 0x54, 0x55, 0x54, 0x55, 0x54, 0x55, 0x54, 0x55,
  0x54, 0x55, 0x54, 0x55, 0x54, 0x55, 0x54, 0x55, 0x54, 0x55, 0x54, 0x55, 0x54, 0x55, 0x54, 0x55, 0x54, 0x55, 0x54, 0x55, 0x54, 0x55, 0x14, 0x4d, 0x9a, 0x66, 0x5c, 0x77, 0xdf, 0x7f, 0xde, 0x7f,
  0xde, 0x7f, 0xde, 0x7f, 0xde, 0x7f, 0xff, 0x7f, 0x38, 0x66, 0xc3, 0x10, 0xed, 0x10, 0x0c, 0x19, 0x0c, 0x19, 0x0c, 0x19, 0x0c, 0x19, 0x0c, 0x19, 0xec, 0x18, 0xec, 0x18, 0xec, 0x18, 0xec, 0x18,
  0xd5, 0x21, 0xd5, 0x21, 0xd5, 0x21, 0xd5, 0x21, 0xd5, 0x21, 0xd5, 0x21, 0xd5, 0x21, 0xd5, 0x21, 0x56, 0x32, 0xf5, 0x29, 0xd6, 0x21, 0x84, 0x18, 0x31, 0x3b, 0xdf, 0x55, 0x9f, 0x55, 0x9f, 0x55,
  0x9f, 0x55, 0x9f, 0x55, 0x9f, 0x55, 0x9f, 0x55, 0x9f, 0x55, 0x9f, 0x55, 0xbe, 0x55, 0xbf, 0x55, 0xbf, 0x55, 0xbf, 0x5d, 0xbe, 0x5d, 0xbe, 0x5d, 0xbe, 0x5d, 0xbe, 0x5d, 0xbe, 0x5d, 0xbe, 0x5d,
  0xde, 0x5d, 0xde, 0x5d, 0xde, 0x5d, 0xde, 0x65, 0xde, 0x65, 0xde, 0x65, 0xde, 0x65, 0xde, 0x65, 0xde, 0x65, 0xde, 0x65, 0xde, 0x65, 0xfe, 0x65, 0xfe, 0x65, 0xfe, 0x65, 0xfe, 0x65, 0xfe, 0x6d,
  0xfe, 0x6d, 0xfe, 0x6d, 0xfe, 0x6d, 0x1e, 0x6e, 0xfe, 0x6d, 0xfd, 0x6d, 0x1e, 0x6e, 0x1e, 0x6e, 0x1e, 0x6e, 0x1d, 0x76, 0x1d, 0x76, 0x1d, 0x76, 0x1d, 0x76, 0x1d, 0x76, 0x1d, 0x76, 0x1d, 0x76,
  0x1d, 0x76, 0x3d, 0x76, 0x3d, 0x76, 0x3d, 0x76, 0x3d, 0x7e, 0x3d, 0x7e, 0x3d, 0x7e, 0x3d, 0x7e, 0x5d, 0x7e, 0x3d, 0x7e, 0x3d, 0x7e, 0x5d, 0x7e, 0x5d, 0x7e, 0x5d, 0x7e, 0x5d, 0x7e, 0x5d, 0x86,
  0x5d, 0x86, 0x5d, 0x86, 0x5d, 0x86, 0x5d, 0x86, 0x5c, 0x86, 0x5d, 0x86, 0x7d, 0x86, 0x7d, 0x86, 0x7c, 0x86, 0x7c, 0x8e, 0x7c, 0x8e, 0x7c, 0x8e, 0x7c, 0x8e, 0x7c, 0x8e, 0x7c, 0x8e, 0x7c, 0x8e,
  0x9c, 0x8e, 0x9c, 0x8e, 0x9c, 0x8e, 0x9c, 0x8e, 0x9c, 0x8e, 0x9c, 0x96, 0x9c, 0x96, 0x9c, 0x96, 0x9c, 0x96, 0x9c, 0x96, 0x9c, 0x96, 0xbc, 0x96, 0xbc, 0x96, 0xbc, 0x96, 0xbc, 0x96, 0xbc, 0x9e,
  0xbc, 0x9e, 0xbc, 0x9e, 0xbc, 0x9e, 0xbb, 0x9e, 0xbc, 0x9e, 0xbc, 0x9e, 0xdc, 0x9e, 0xdc, 0x9e, 0xdb, 0x9e, 0xdb, 0x9e, 0xdb, 0xa6, 0xdb, 0xa6, 0xdb, 0xa6, 0xdb, 0xa6, 0xdb, 0xa6, 0xdb, 0xa6,
  0xfb, 0xa6, 0xfb, 0xa6, 0xfb, 0xa6, 0xfb, 0xa6, 0xfb, 0xa6, 0xfb, 0xae, 0xfb, 0xae, 0xfb, 0xae, 0xfb, 0xae, 0xfb, 0xae, 0xfb, 0xae, 0x1b, 0xaf, 0x1b, 0xaf, 0x1b, 0xaf, 0x1b, 0xaf, 0x1b, 0xaf,
  0x1b, 0xb7, 0x1b, 0xb7, 0x1a, 0xb7, 0x1b, 0xb7, 0x1b, 0xb7, 0x3b, 0xb7, 0x3a, 0xb7, 0x3a, 0xb7, 0x3a, 0xb7, 0x3a, 0xb7, 0x3a, 0xb7, 0x3a, 0xbf, 0x3a, 0xbf, 0x3a, 0xbf, 0x3a, 0xbf, 0x3a, 0xbf,
  0x5a, 0xbf, 0xbc, 0xc7, 0x8d, 0x6b, 0xec, 0x33, 0xfa, 0x4f, 0xd8, 0x4f, 0xfa, 0x57, 0x6e, 0x2c, 0xe8, 0x10, 0x2f, 0x19, 0x71, 0x19, 0x70, 0x19, 0x70, 0x19, 0x70, 0x19, 0x50, 0x19, 0x50, 0x19,
  0x51, 0x19, 0x2a, 0x21, 0x8f, 0x5b, 0x3a, 0x96, 0xdc, 0x9e, 0xdc, 0x9e, 0xf9, 0x8d, 0xab, 0x3a, 0x53, 0x5d, 0xfd, 0x97, 0xdc, 0x8f, 0xdc, 0x8f, 0xdc, 0x8f, 0xdc, 0x8f, 0xdd, 0x8f, 0xfd, 0x8f,
  0xdc, 0x8f, 0x9c, 0x87, 0x9c, 0x87, 0x9c, 0x87, 0x9c, 0x87, 0x9c, 0x87, 0x9c, 0x87, 0x9c, 0x87, 0x9c, 0x87, 0x9c, 0x87, 0x9c, 0x87, 0x9c, 0x87, 0x9c, 0x87, 0x9c, 0x87, 0x9c, 0x87, 0x9c, 0x87,
  0x9c, 0x87, 0x9c, 0x87, 0x9c, 0x87, 0x9c, 0x87, 0x9c, 0x87, 0x9c, 0x87, 0x9c, 0x87, 0x9c, 0x87, 0x9c, 0x87, 0x9c, 0x87, 0x9c, 0x87, 0x9c, 0x87, 0x9c, 0x87, 0x9c, 0x87, 0x9c, 0x87, 0x9c, 0x87,
  0x9c, 0x87, 0x9c, 0x87, 0x9c, 0x87, 0x9c, 0x87, 0x9c, 0x87, 0x9c, 0x87, 0x9c, 0x87, 0x9c, 0x87, 0x9c, 0x87, 0x9c, 0x87, 0x9c, 0x87, 0x9c, 0x87, 0x9c, 0x87, 0xdd, 0x87, 0xfe, 0x87, 0xdd, 0x87,
  0xdd, 0x87, 0xdd, 0x87, 0xdd, 0x87, 0xdd, 0x87, 0xdd, 0x87, 0xdd, 0x87, 0xdd, 0x87, 0xdd, 0x87, 0xdd, 0x87, 0xdd, 0x87, 0xdd, 0x87, 0xdd, 0x87, 0xdd, 0x87, 0xfe, 0x87, 0xfe, 0x87, 0xbd, 0x7f,
  0x9d, 0x7f, 0x9d, 0x7f, 0x9d, 0x7f, 0x9d, 0x7f, 0x9d, 0x7f, 0x9d, 0x7f, 0x9d, 0x7f, 0x9d, 0x7f, 0x9d, 0x7f, 0x9d, 0x7f, 0x9d, 0x7f, 0x9d, 0x7f, 0x9d, 0x7f, 0x9d, 0x7f, 0x9d, 0x7f, 0x9d, 0x7f,
  0x9d, 0x7f, 0x9d, 0x7f, 0x9d, 0x7f, 0x9d, 0x7f, 0x9d, 0x7f, 0x9d, 0x7f, 0x9d, 0x7f, 0x9d, 0x7f, 0x9d, 0x7f, 0x9d, 0x7f, 0x9d, 0x7f, 0x9d, 0x7f, 0x9d, 0x7f, 0x9d, 0x7f, 0x9d, 0x7f, 0x9d, 0x7f,
  0x9d, 0x7f, 0x9d, 0x7f, 0x9d, 0x77, 0x9d, 0x7f, 0x9d, 0x77, 0x9d, 0x77, 0x9d, 0x77, 0x9d, 0x77, 0x9d, 0x7f, 0x9e, 0x77, 0x9e, 0x77, 0x9d, 0x77, 0xff, 0x7f, 0xdf, 0x7f, 0xde, 0x7f, 0xde, 0x7f,
  0xde, 0x7f, 0xde, 0x7f, 0xde, 0x7f, 0xff, 0x7f, 0x38, 0x5e, 0xc3, 0x10, 0xed, 0x10, 0x0c, 0x19, 0x0c, 0x19, 0xec, 0x18, 0xec, 0x18, 0xec, 0x18, 0xec, 0x18, 0xec, 0x18, 0xec, 0x18, 0xec, 0x10,
  0xd5, 0x21, 0xd5, 0x21, 0xd5, 0x21, 0xd5, 0x21, 0xd5, 0x21, 0xd5, 0x21, 0xd5, 0x21, 0xd5, 0x21, 0x56, 0x32, 0xf5, 0x29, 0xd6, 0x21, 0x84, 0x18, 0x51, 0x3b, 0xdf, 0x55, 0x9f, 0x55, 0x9f, 0x55,
  0x9f, 0x55, 0x9f, 0x55, 0x9f, 0x55, 0xbe, 0x55, 0xbf, 0x55, 0xbf, 0x55, 0xbf, 0x5d, 0xbe, 0x5d, 0xbe, 0x5d, 0xbe, 0x5d, 0xbe, 0x5d, 0xbe, 0x5d, 0xbe, 0x5d, 0xbe, 0x5d, 0xde, 0x5d, 0xde, 0x5d,
  0xde, 0x5d, 0xde, 0x65, 0xde, 0x65, 0xde, 0x65, 0xde, 0x65, 0xde, 0x65, 0xde, 0x65, 0xde, 0x65, 0xfe, 0x65, 0xfe, 0x65, 0xfe, 0x65, 0xfe, 0x65, 0xfe, 0x6d, 0xfe, 0x6d, 0xfe, 0x6d, 0xfe, 0x6d,
  0xfe, 0x6d, 0xfe, 0x6d, 0xfe, 0x6d, 0xfe, 0x6d, 0x1e, 0x6e, 0x1e, 0x6e, 0x1e, 0x6e, 0x1d, 0x76, 0x1d, 0x76, 0x1d, 0x76, 0x1d, 0x76, 0x3d, 0x76, 0x1d, 0x76, 0x1d, 0x76, 0x3d, 0x76, 0x3d, 0x76,
  0x3d, 0x76, 0x3d, 0x7e, 0x3d, 0x7e, 0x3d, 0x7e, 0x3d, 0x7e, 0x3d, 0x7e, 0x3d, 0x7e, 0x3d, 0x7e, 0x3d, 0x7e, 0x5d, 0x7e, 0x5d, 0x7e, 0x5d, 0x7e, 0x5d, 0x7e, 0x5d, 0x86, 0x5d, 0x86, 0x5d, 0x86,
  0x5d, 0x86, 0x5c, 0x86, 0x5d, 0x86, 0x7d, 0x86, 0x7d, 0x86, 0x7d, 0x86, 0x7c, 0x86, 0x7c, 0x8e, 0x7c, 0x8e, 0x7c, 0x8e, 0x7c, 0x8e, 0x7c, 0x8e, 0x7c, 0x8e, 0x7c, 0x8e, 0x9c, 0x8e, 0x9c, 0x8e,
  0x9c, 0x8e, 0x9c, 0x8e, 0x9c, 0x96, 0x9c, 0x96, 0x9c, 0x96, 0x9c, 0x96, 0xbc, 0x96, 0x9c, 0x96, 0x9c, 0x96, 0xbc, 0x96, 0xbc, 0x96, 0xbc, 0x96, 0xbc, 0x96, 0xbc, 0x9e, 0xbc, 0x9e, 0xbc, 0x9e,
  0xbc, 0x9e, 0xbb, 0x9e, 0xbc, 0x9e, 0xdc, 0x9e, 0xdc, 0x9e, 0xdb, 0x9e, 0xdb, 0x9e, 0xdb, 0xa6, 0xdb, 0xa6, 0xdb, 0xa6, 0xdb, 0xa6, 0xdb, 0xa6, 0xdb, 0xa6, 0xdb, 0xa6, 0xfb, 0xa6, 0xfb, 0xa6,
  0xfb, 0xa6, 0xfb, 0xa6, 0xfb, 0xa6, 0xfb, 0xae, 0xfb, 0xae, 0xfb, 0xae, 0xfb, 0xae, 0xfb, 0xae, 0x1b, 0xaf, 0x1b, 0xaf, 0x1b, 0xaf, 0x1b, 0xaf, 0x1b, 0xaf, 0x1b, 0xb7, 0x1b, 0xb7, 0x1b, 0xb7,
  0x1a, 0xb7, 0x1b, 0xb7, 0x1b, 0xb7, 0x3b, 0xb7, 0x3a, 0xb7, 0x3a, 0xb7, 0x3a, 0xb7, 0x3a, 0xb7, 0x3a, 0xbf, 0x3a, 0xbf, 0x3a, 0xbf, 0x5a, 0xbf, 0x3a, 0xbf, 0x3a, 0xbf, 0x5a, 0xbf, 0x5a, 0xbf,
  0x5a, 0xbf, 0xbc, 0xcf, 0x8d, 0x6b, 0xec, 0x33, 0xfa, 0x4f, 0xd9, 0x4f, 0xfa, 0x4f, 0x6e, 0x2c, 0xe8, 0x10, 0x2f, 0x19, 0x71, 0x19, 0x70, 0x19, 0x50, 0x19, 0x50, 0x19, 0x50, 0x19, 0x50, 0x19,
  0x51, 0x19, 0x2a, 0x21, 0x8e, 0x5b, 0x5a, 0x96, 0xdc, 0x9e, 0xdc, 0x9e, 0xf9, 0x8d, 0xab, 0x3a, 0x53, 0x5d, 0xfd, 0x97, 0xdc, 0x8f, 0xdc, 0x8f, 0xdc, 0x8f, 0xdc, 0x8f, 0xdc, 0x8f, 0xdc, 0x8f,
  0xdd, 0x8f, 0xdd, 0x8f, 0xdd, 0x8f, 0xdd, 0x8f, 0xdd, 0x8f, 0xdd, 0x8f, 0xdd, 0x8f, 0xdd, 0x8f, 0xdd, 0x8f, 0xdd, 0x8f, 0xdd, 0x8f, 0xdd, 0x8f, 0xdd, 0x8f, 0xdd, 0x8f, 0xdd, 0x8f, 0xdd, 0x87,
  0xdd, 0x87, 0xdd, 0x87, 0xdd, 0x87, 0xdd, 0x87, 0xdd, 0x87, 0xdd, 0x8f, 0xdd, 0x87, 0xdd, 0x87, 0xdd, 0x87, 0xdd, 0x87, 0xdd, 0x87, 0xdd, 0x87, 0xdd, 0x87, 0xdd, 0x87, 0xdd, 0x87, 0xdd, 0x87,
  0xdd, 0x87, 0xdd, 0x87, 0xdd, 0x87, 0xdd, 0x87, 0xdd, 0x87, 0xdd, 0x87, 0xdd, 0x87, 0xdd, 0x87, 0xdd, 0x87, 0xdd, 0x87, 0xdd, 0x87, 0xdd, 0x87, 0xdd, 0x87, 0xdd, 0x87, 0xdd, 0x87, 0xdd, 0x87,
  0xdd, 0x87, 0xdd, 0x87, 0xdd, 0x87, 0xdd, 0x87, 0xdd, 0x87, 0xdd, 0x87, 0xdd, 0x87, 0xdd, 0x87, 0xdd, 0x87, 0xdd, 0x87, 0xdd, 0x87, 0xdd, 0x87, 0xde, 0x7f, 0xde, 0x7f, 0xde, 0x87, 0xde, 0x87,
  0xde, 0x87, 0xde, 0x7f, 0xde, 0x7f, 0xde, 0x7f, 0xde, 0x7f, 0xde, 0x7f, 0xde, 0x7f, 0xde, 0x7f, 0xde, 0x7f, 0xde, 0x7f, 0xde, 0x7f, 0xde, 0x7f, 0xde, 0x7f, 0xde, 0x7f, 0xde, 0x7f, 0xde, 0x7f,
  0xde, 0x7f, 0xde, 0x7f, 0xde, 0x7f, 0xde, 0x7f, 0xde, 0x7f, 0xde, 0x7f, 0xde, 0x7f, 0xde, 0x7f, 0xde, 0x7f, 0xde, 0x7f, 0xde, 0x7f, 0xde, 0x7f, 0xde, 0x7f, 0xde, 0x7f, 0xde, 0x7f, 0xde, 0x7f,
  0xde, 0x7f, 0xde, 0x7f, 0xde, 0x7f, 0xde, 0x7f, 0xde, 0x7f, 0xde, 0x7f, 0xde, 0x7f, 0xde, 0x7f, 0xde, 0x7f, 0xde, 0x7f, 0xde, 0x7f, 0xde, 0x7f, 0xde, 0x7f, 0xde, 0x7f, 0xde, 0x7f, 0xde, 0x77,
  0xde, 0x7f, 0xde, 0x7f, 0xde, 0x77, 0xff, 0x7f, 0x38, 0x5e, 0xc3, 0x10, 0xed, 0x10, 0xec, 0x18, 0xec, 0x18, 0xec, 0x18, 0xec, 0x18, 0xec, 0x18, 0xec, 0x18, 0xec, 0x10, 0xec, 0x10, 0xec, 0x10,
  0xd5, 0x21, 0xd5, 0x21, 0xd5, 0x21, 0xd5, 0x21, 0xd5, 0x21, 0xb5, 0x21, 0xd5, 0x21, 0xb5, 0x19, 0x56, 0x32, 0xf5, 0x29, 0xd6, 0x21, 0x84, 0x18, 0x51, 0x3b, 0xdf, 0x55, 0xbf, 0x55, 0x9f, 0x55,
  0x9f, 0x55, 0xbe, 0x55, 0xbf, 0x55, 0xbf, 0x55, 0xbf, 0x5d, 0xbe, 0x5d, 0xbe, 0x5d, 0xbe, 0x5d, 0xbe, 0x5d, 0xbe, 0x5d, 0xbe, 0x5d, 0xde, 0x5d, 0xde, 0x5d, 0xde, 0x5d, 0xde, 0x65, 0xde, 0x65,
  0xde, 0x65, 0xde, 0x65, 0xde, 0x65, 0xde, 0x65, 0xde, 0x65, 0xde, 0x65, 0xfe, 0x65, 0xfe, 0x65, 0xfe, 0x65, 0xfe, 0x65, 0xfe, 0x6d, 0xfe, 0x6d, 0xfe, 0x6d, 0xfe, 0x6d, 0x1e, 0x6e, 0xfe, 0x6d,
  0xfd, 0x6d, 0x1e, 0x6e, 0x1e, 0x6e, 0x1e, 0x6e, 0x1d, 0x76, 0x1d, 0x76, 0x1d, 0x76, 0x1d, 0x76, 0x1d, 0x76, 0x1d, 0x76, 0x1d, 0x76, 0x1d, 0x76, 0x3d, 0x76, 0x3d, 0x76, 0x3d, 0x76, 0x3d, 0x7e,
  0x3d, 0x7e, 0x3d, 0x7e, 0x3d, 0x7e, 0x5d, 0x7e, 0x3d, 0x7e, 0x3d, 0x7e, 0x5d, 0x7e, 0x5d, 0x7e, 0x5d, 0x7e, 0x5d, 0x7e, 0x5d, 0x86, 0x5d, 0x86, 0x5d, 0x86, 0x5d, 0x86, 0x5d, 0x86, 0x5c, 0x86,
  0x5d, 0x86, 0x7d, 0x86, 0x7d, 0x86, 0x7d, 0x86, 0x7c, 0x8e, 0x7c, 0x8e, 0x7c, 0x8e, 0x7c, 0x8e, 0x7c, 0x8e, 0x7c, 0x8e, 0x7c, 0x8e, 0x9c, 0x8e, 0x9c, 0x8e, 0x9c, 0x8e, 0x9c, 0x8e, 0x9c, 0x8e,
  0x9c, 0x96, 0x9c, 0x96, 0x9c, 0x96, 0x9c, 0x96, 0x9c, 0x96, 0x9c, 0x96, 0x9c, 0x96, 0xbc, 0x96, 0xbc, 0x96, 0xbc, 0x96, 0xbc, 0x9e, 0xbc, 0x9e, 0xbc, 0x9e, 0xbc, 0x9e, 0xdb, 0x9e, 0xbc, 0x9e,
  0xbc, 0x9e, 0xdc, 0x9e, 0xdc, 0x9e, 0xdb, 0x9e, 0xdb, 0x9e, 0xdb, 0xa6, 0xdb, 0xa6, 0xdb, 0xa6, 0xdb, 0xa6, 0xdb, 0xa6, 0xdb, 0xa6, 0xfb, 0xa6, 0xfb, 0xa6, 0xfb, 0xa6, 0xfb, 0xa6, 0xfb, 0xa6,
  0xfb, 0xae, 0xfb, 0xae, 0xfb, 0xae, 0xfb, 0xae, 0xfb, 0xae, 0xfb, 0xae, 0x1b, 0xaf, 0x1b, 0xaf, 0x1b, 0xaf, 0x1b, 0xaf, 0x1b, 0xaf, 0x1b, 0xb7, 0x1b, 0xb7, 0x1a, 0xb7, 0x1b, 0xb7, 0x1b, 0xb7,
  0x3b, 0xb7, 0x3a, 0xb7, 0x3a, 0xb7, 0x3a, 0xb7, 0x3a, 0xb7, 0x3a, 0xb7, 0x3a, 0xbf, 0x3a, 0xbf, 0x3a, 0xbf, 0x3a, 0xbf, 0x3a, 0xbf, 0x3a, 0xbf, 0x5a, 0xbf, 0x5a, 0xbf, 0x5a, 0xbf, 0x5a, 0xbf,
  0x5a, 0xc7, 0xdb, 0xcf, 0x8d, 0x73, 0xec, 0x33, 0xfa, 0x4f, 0xd9, 0x4f, 0xfa, 0x4f, 0x6e, 0x2c, 0xc8, 0x10, 0x0f, 0x19, 0x50, 0x19, 0x50, 0x19, 0x50, 0x19, 0x50, 0x19, 0x50, 0x19, 0x50, 0x19,
  0x50, 0x19, 0x2a, 0x21, 0x8e, 0x5b, 0x5a, 0x96, 0xdc, 0x9e, 0xdc, 0x9e, 0xf9, 0x8d, 0xab, 0x3a, 0x53, 0x5d, 0xfe, 0x97, 0xdc, 0x8f, 0xdc, 0x8f, 0xdc, 0x8f, 0xdc, 0x8f, 0xdc, 0x8f, 0xdc, 0x8f,
  0xdd, 0x8f, 0xdd, 0x8f, 0xdc, 0x8f, 0xdc, 0x8f, 0xdd, 0x8f, 0xdd, 0x8f, 0xdd, 0x8f, 0xdd, 0x8f, 0xdd, 0x8f, 0xdd, 0x87, 0xdd, 0x8f, 0xdd, 0x8f, 0xdd, 0x8f, 0xdd, 0x87, 0xdd, 0x87, 0xdd, 0x87,
  0xdd, 0x87, 0xdd, 0x87, 0xdd, 0x87, 0xdd, 0x87, 0xdd, 0x87, 0xdd, 0x87, 0xdd, 0x87, 0xdd, 0x87, 0xdd, 0x87, 0xdd, 0x87, 0xdd, 0x87, 0xdd, 0x87, 0xdd, 0x87, 0xdd, 0x87, 0xdd, 0x87, 0xdd, 0x87,
  0xdd, 0x87, 0xdd, 0x87, 0xdd, 0x87, 0xdd, 0x87, 0xdd, 0x87, 0xdd, 0x87, 0xdd, 0x87, 0xdd, 0x87, 0xdd, 0x87, 0xdd, 0x87, 0xdd, 0x87, 0xdd, 0x87, 0xdd, 0x87, 0xdd, 0x87, 0xdd, 0x87, 0xdd, 0x87,
  0xdd, 0x87, 0xdd, 0x87, 0xdd, 0x87, 0xdd, 0x87, 0xdd, 0x87, 0xdd, 0x87, 0xdd, 0x87, 0xdd, 0x87, 0xdd, 0x87, 0xdd, 0x87, 0xde, 0x7f, 0xde, 0x7f, 0xde, 0x87, 0xdd, 0x87, 0xdd, 0x7f, 0xdd, 0x7f,
  0xde, 0x7f, 0xde, 0x7f, 0xde, 0x7f, 0xde, 0x7f, 0xde, 0x7f, 0xde, 0x7f, 0xde, 0x7f, 0xde, 0x7f, 0xde, 0x7f, 0xde, 0x7f, 0xde, 0x7f, 0xde, 0x7f, 0xde, 0x7f, 0xde, 0x7f, 0xde, 0x7f, 0xde, 0x7f,
  0xde, 0x7f, 0xde, 0x7f, 0xde, 0x7f, 0xde, 0x7f, 0xde, 0x7f, 0xde, 0x7f, 0xde, 0x7f, 0xde, 0x7f, 0xde, 0x7f, 0xde, 0x7f, 0xde, 0x7f, 0xde, 0x7f, 0xde, 0x7f, 0xde, 0x7f, 0xde, 0x7f, 0xde, 0x7f,
  0xde, 0x7f, 0xde, 0x7f, 0xde, 0x7f, 0xbe, 0x7f, 0xbe, 0x7f, 0xde, 0x7f, 0xde, 0x7f, 0xde, 0x7f, 0xde, 0x7f, 0xde, 0x7f, 0xde, 0x7f, 0xde, 0x7f, 0xde, 0x7f, 0xde, 0x7f, 0xde, 0x7f, 0xde, 0x7f,
  0xde, 0x77, 0xde, 0x77, 0xde, 0x77, 0xff, 0x7f, 0x38, 0x5e, 0xc3, 0x10, 0xcd, 0x10, 0xec, 0x10, 0xec, 0x10, 0xec, 0x10, 0xec, 0x10, 0xec, 0x10, 0xec, 0x10, 0xec, 0x10, 0xec, 0x10, 0xec, 0x10,
  0x76, 0x32, 0x76, 0x32, 0x76, 0x32, 0x76, 0x32, 0x76, 0x32, 0x76, 0x3a, 0x76, 0x3a, 0x76, 0x32, 0x76, 0x3a, 0x76, 0x3a, 0x77, 0x3a, 0xa4, 0x18, 0x51, 0x3b, 0xff, 0x55, 0x9f, 0x55, 0xbe, 0x55,
  0xbf, 0x55, 0xbf, 0x5d, 0xbe, 0x5d, 0xbe, 0x5d, 0xbe, 0x5d, 0xbe, 0x5d, 0xbe, 0x5d, 0xbe, 0x5d, 0xbe, 0x5d, 0xde, 0x5d, 0xde, 0x5d, 0xde, 0x5d, 0xde, 0x65, 0xde, 0x65, 0xde, 0x65, 0xde, 0x65,
  0xde, 0x65, 0xde, 0x65, 0xde, 0x65, 0xfe, 0x65, 0xfe, 0x65, 0xfe, 0x65, 0xfe, 0x65, 0xfe, 0x6d, 0xfe, 0x6d, 0xfe, 0x6d, 0xfe, 0x6d, 0xfe, 0x6d, 0xfe, 0x6d, 0xfe, 0x6d, 0xfd, 0x6d, 0x1e, 0x6e,
  0x1e, 0x6e, 0x1e, 0x6e, 0x1d, 0x76, 0x1d, 0x76, 0x1d, 0x76, 0x1d, 0x76, 0x3d, 0x76, 0x1d, 0x76, 0x1d, 0x76, 0x3d, 0x76, 0x3d, 0x76, 0x3d, 0x76, 0x3d, 0x7e, 0x3d, 0x7e, 0x3d, 0x7e, 0x3d, 0x7e,
  0x3d, 0x7e, 0x3d, 0x7e, 0x3d, 0x7e, 0x3d, 0x7e, 0x5d, 0x7e, 0x5d, 0x7e, 0x5d, 0x7e, 0x5d, 0x7e, 0x5d, 0x86, 0x5d, 0x86, 0x5d, 0x86, 0x5d, 0x86, 0x5c, 0x86, 0x5d, 0x86, 0x7d, 0x86, 0x7d, 0x86,
  0x7d, 0x86, 0x7c, 0x86, 0x7c, 0x8e, 0x7c, 0x8e, 0x7c, 0x8e, 0x7c, 0x8e, 0x7c, 0x8e, 0x7c, 0x8e, 0x7c, 0x8e, 0x9c, 0x8e, 0x9c, 0x8e, 0x9c, 0x8e, 0x9c, 0x8e, 0x9c, 0x96, 0x9c, 0x96, 0x9c, 0x96,
  0x9c, 0x96, 0xbc, 0x96, 0x9c, 0x96, 0x9c, 0x96, 0xbc, 0x96, 0xbc, 0x96, 0xbc, 0x96, 0xbc, 0x96, 0xbc, 0x9e, 0xbc, 0x9e, 0xbc, 0x9e, 0xbc, 0x9e, 0xbb, 0x9e, 0xbc, 0x9e, 0xbc, 0x9e, 0xdc, 0x9e,
  0xdb, 0x9e, 0xdb, 0x9e, 0xdb, 0xa6, 0xdb, 0xa6, 0xdb, 0xa6, 0xdb, 0xa6, 0xdb, 0xa6, 0xdb, 0xa6, 0xdb, 0xa6, 0xfb, 0xa6, 0xfb, 0xa6, 0xfb, 0xa6, 0xfb, 0xa6, 0xfb, 0xa6, 0xfb, 0xae, 0xfb, 0xae,
  0xfb, 0xae, 0xfb, 0xae, 0xfb, 0xae, 0x1b, 0xaf, 0x1b, 0xaf, 0x1b, 0xaf, 0x1b, 0xaf, 0x1b, 0xaf, 0x1b, 0xb7, 0x1b, 0xb7, 0x1b, 0xb7, 0x1a, 0xb7, 0x1b, 0xb7, 0x1b, 0xb7, 0x3b, 0xb7, 0x3a, 0xb7,
  0x3a, 0xb7, 0x3a, 0xb7, 0x3a, 0xb7, 0x3a, 0xb7, 0x3a, 0xbf, 0x3a, 0xbf, 0x5a, 0xbf, 0x3a, 0xbf, 0x3a, 0xbf, 0x5a, 0xbf, 0x5a, 0xbf, 0x5a, 0xbf, 0x5a, 0xbf, 0x5a, 0xbf, 0x5a, 0xc7, 0x5a, 0xc7,
  0x5a, 0xc7, 0xdb, 0xcf, 0x8d, 0x73, 0xec, 0x2b, 0xfa, 0x4f, 0xb9, 0x4f, 0xfa, 0x4f, 0x6e, 0x2c, 0x28, 0x19, 0xd0, 0x29, 0x12, 0x32, 0x12, 0x32, 0x12, 0x32, 0x12, 0x32, 0x12, 0x32, 0x12, 0x32,
  0x12, 0x32, 0x8b, 0x31, 0x8e, 0x5b, 0x5a, 0x96, 0xdc, 0x9e, 0xdc, 0x9e, 0xf8, 0x8d, 0xab, 0x3a, 0x53, 0x5d, 0xfd, 0x8f, 0xdc, 0x8f, 0xdd, 0x8f, 0xdc, 0x8f, 0xdc, 0x8f, 0xdd, 0x8f, 0xdc, 0x8f,
  0xdc, 0x8f, 0xdc, 0x8f, 0xdd, 0x8f, 0xdd, 0x8f, 0xdd, 0x87, 0xdd, 0x8f, 0xdd, 0x87, 0xdd, 0x87, 0xdd, 0x8f, 0xdd, 0x8f, 0xdd, 0x87, 0xdd, 0x87, 0xdd, 0x87, 0xdd, 0x87, 0xdd, 0x87, 0xdd, 0x87,
  0xdd, 0x87, 0xdd, 0x87, 0xdd, 0x87, 0xdd, 0x87, 0xdd, 0x87, 0xdd, 0x87, 0xdd, 0x87, 0xdd, 0x87, 0xdd, 0x87, 0xdd, 0x87, 0xdd, 0x87, 0xdd, 0x87, 0xdd, 0x87, 0xdd, 0x87, 0xdd, 0x87, 0xdd, 0x87,
  0xdd, 0x87, 0xdd, 0x87, 0xdd, 0x87, 0xdd, 0x87, 0xdd, 0x87, 0xdd, 0x87, 0xdd, 0x87, 0xdd, 0x87, 0xdd, 0x87, 0xdd, 0x87, 0xdd, 0x87, 0xdd, 0x87, 0xdd, 0x87, 0xdd, 0x87, 0xdd, 0x87, 0xdd, 0x87,
  0xdd, 0x87, 0xdd, 0x87, 0xdd, 0x87, 0xdd, 0x87, 0xdd, 0x87, 0xde, 0x7f, 0xdd, 0x87, 0xde, 0x7f, 0xde, 0x7f, 0xde, 0x87, 0xde, 0x87, 0xdd, 0x87, 0xdd, 0x7f, 0xde, 0x7f, 0xde, 0x7f, 0xde, 0x7f,
  0xde, 0x7f, 0xde, 0x7f, 0xde, 0x7f, 0xde, 0x7f, 0xde, 0x7f, 0xde, 0x7f, 0xde, 0x7f, 0xde, 0x7f, 0xde, 0x7f, 0xde, 0x7f, 0xde, 0x7f, 0xde, 0x7f, 0xde, 0x7f, 0xde, 0x7f, 0xde, 0x7f, 0xde, 0x7f,
  0xde, 0x7f, 0xde, 0x7f, 0xde, 0x7f, 0xde, 0x7f, 0xde, 0x7f, 0xde, 0x7f, 0xde, 0x7f, 0xde, 0x7f, 0xde, 0x7f, 0xde, 0x7f, 0xde, 0x7f, 0xde, 0x7f, 0xde, 0x7f, 0xde, 0x7f, 0xbe, 0x7f, 0xde, 0x7f,
  0xbe, 0x7f, 0xbe, 0x7f, 0xbe, 0x7f, 0xde, 0x7f, 0xde, 0x7f, 0xde, 0x7f, 0xde, 0x7f, 0xde, 0x7f, 0xde, 0x77, 0xde, 0x7f, 0xde, 0x77, 0xde, 0x7f, 0xde, 0x7f, 0xde, 0x77, 0xde, 0x77, 0xde, 0x77,
  0xdf, 0x77, 0xde, 0x77, 0xde, 0x77, 0xff, 0x7f, 0x38, 0x5e, 0xc3, 0x08, 0xaf, 0x29, 0xae, 0x29, 0xae, 0x29, 0xae, 0x29, 0xae, 0x29, 0xae, 0x29, 0xae, 0x29, 0x8e, 0x29, 0x8e, 0x29, 0x8e, 0x29,
  0x15, 0x2a, 0x15, 0x2a, 0x15, 0x2a, 0x15, 0x2a, 0x15, 0x2a, 0x15, 0x2a, 0xf5, 0x29, 0xf5, 0x29, 0x56, 0x32, 0x15, 0x2a, 0x16, 0x2a, 0x84, 0x18, 0x51, 0x43, 0xff, 0x5d, 0xbf, 0x55, 0xbf, 0x5d,
  0xbe, 0x5d, 0xbe, 0x5d, 0xbe, 0x5d, 0xbe, 0x5d, 0xbe, 0x5d, 0xbe, 0x5d, 0xbe, 0x5d, 0xde, 0x5d, 0xde, 0x5d, 0xde, 0x65, 0xde, 0x65, 0xde, 0x65, 0xde, 0x65, 0xde, 0x65, 0xde, 0x65, 0xde, 0x65,
  0xde, 0x65, 0xfe, 0x65, 0xfe, 0x65, 0xfe, 0x65, 0xfe, 0x65, 0xfe, 0x6d, 0xfe, 0x6d, 0xfe, 0x6d, 0xfe, 0x6d, 0xfe, 0x6d, 0xfe, 0x6d, 0xfd, 0x6d, 0x1e, 0x6e, 0x1e, 0x6e, 0x1e, 0x6e, 0x1d, 0x76,
  0x1d, 0x76, 0x1d, 0x76, 0x1d, 0x76, 0x1d, 0x76, 0x1d, 0x76, 0x1d, 0x76, 0x1d, 0x76, 0x3d, 0x76, 0x3d, 0x76, 0x3d, 0x76, 0x3d, 0x7e, 0x3d, 0x7e, 0x3d, 0x7e, 0x3d, 0x7e, 0x5d, 0x7e, 0x3d, 0x7e,
  0x3d, 0x7e, 0x5d, 0x7e, 0x5d, 0x7e, 0x5d, 0x7e, 0x5d, 0x7e, 0x5d, 0x86, 0x5d, 0x86, 0x5d, 0x86, 0x5d, 0x86, 0x5d, 0x86, 0x5c, 0x86, 0x5d, 0x86, 0x7d, 0x86, 0x7d, 0x86, 0x7d, 0x86, 0x7c, 0x86,
  0x7c, 0x8e, 0x7c, 0x8e, 0x7c, 0x8e, 0x7c, 0x8e, 0x7c, 0x8e, 0x7c, 0x8e, 0x9c, 0x8e, 0x9c, 0x8e, 0x9c, 0x8e, 0x9c, 0x8e, 0x9c, 0x8e, 0x9c, 0x96, 0x9c, 0x96, 0x9c, 0x96, 0x9c, 0x96, 0x9c, 0x96,
  0x9c, 0x96, 0x9c, 0x96, 0xbc, 0x96, 0xbc, 0x96, 0xbc, 0x96, 0xbc, 0x9e, 0xbc, 0x9e, 0xbc, 0x9e, 0xbc, 0x9e, 0xdb, 0x9e, 0xbc, 0x9e, 0xbc, 0x9e, 0xdc, 0x9e, 0xdc, 0x9e, 0xdb, 0x9e, 0xdb, 0x9e,
  0xdb, 0xa6, 0xdb, 0xa6, 0xdb, 0xa6, 0xdb, 0xa6, 0xdb, 0xa6, 0xdb, 0xa6, 0xfb, 0xa6, 0xfb, 0xa6, 0xfb, 0xa6, 0xfb, 0xa6, 0xfb, 0xa6, 0xfb, 0xae, 0xfb, 0xae, 0xfb, 0xae, 0xfb, 0xae, 0xfb, 0xae,
  0xfb, 0xae, 0x1b, 0xaf, 0x1b, 0xaf, 0x1b, 0xaf, 0x1b, 0xaf, 0x1b, 0xaf, 0x1b, 0xb7, 0x1b, 0xb7, 0x1b, 0xb7, 0x1a, 0xb7, 0x1b, 0xb7, 0x3b, 0xb7, 0x3a, 0xb7, 0x3a, 0xb7, 0x3a, 0xb7, 0x3a, 0xb7,
  0x3a, 0xb7, 0x3a, 0xbf, 0x3a, 0xbf, 0x3a, 0xbf, 0x3a, 0xbf, 0x3a, 0xbf, 0x3a, 0xbf, 0x5a, 0xbf, 0x5a, 0xbf, 0x5a, 0xbf, 0x5a, 0xbf, 0x5a, 0xbf, 0x5a, 0xc7, 0x5a, 0xc7, 0x7a, 0xc7, 0x5a, 0xc7,
  0x7a, 0xc7, 0xdb, 0xcf, 0x8d, 0x73, 0xec, 0x2b, 0xfa, 0x4f, 0xd9, 0x4f, 0xfa, 0x4f, 0x8e, 0x2c, 0xe8, 0x10, 0x4f, 0x21, 0x91, 0x21, 0x90, 0x21, 0x90, 0x21, 0x90, 0x21, 0x90, 0x21, 0x90, 0x21,
  0x91, 0x21, 0x4a, 0x29, 0x8e, 0x5b, 0x5a, 0x96, 0xdc, 0x9e, 0xfc, 0xa6, 0x18, 0x8e, 0xab, 0x3a, 0x53, 0x5d, 0xfe, 0x8f, 0xdc, 0x8f, 0xdd, 0x8f, 0xdd, 0x8f, 0xdc, 0x8f, 0xdc, 0x8f, 0xdd, 0x8f,
  0xdd, 0x8f, 0xdd, 0x87, 0xdd, 0x8f, 0xdd, 0x8f, 0xdd, 0x87, 0xdd, 0x87, 0xdd, 0x8f, 0xdd, 0x8f, 0xdd, 0x87, 0xdd, 0x87, 0xdd, 0x87, 0xdd, 0x87, 0xdd, 0x87, 0xdd, 0x87, 0xdd, 0x87, 0xdd, 0x87,
  0xdd, 0x87, 0xdd, 0x87, 0xdd, 0x87, 0xdd, 0x87, 0xdd, 0x87, 0xdd, 0x87, 0xdd, 0x87, 0xdd, 0x87, 0xdd, 0x87, 0xdd, 0x87, 0xdd, 0x87, 0xdd, 0x87, 0xdd, 0x87, 0xdd, 0x87, 0xdd, 0x87, 0xdd, 0x87,
  0xdd, 0x87, 0xdd, 0x87, 0xdd, 0x87, 0xdd, 0x87, 0xdd, 0x87, 0xdd, 0x87, 0xdd, 0x87, 0xdd, 0x87, 0xdd, 0x87, 0xdd, 0x87, 0xdd, 0x87, 0xdd, 0x87, 0xdd, 0x87, 0xdd, 0x87, 0xdd, 0x87, 0xdd, 0x87,
  0xdd, 0x87, 0xdd, 0x87, 0xde, 0x7f, 0xdd, 0x87, 0xdd, 0x87, 0xde, 0x7f, 0xde, 0x7f, 0xde, 0x87, 0xde, 0x87, 0xdd, 0x7f, 0xdd, 0x7f, 0xde, 0x7f, 0xde, 0x7f, 0xde, 0x7f, 0xde, 0x7f, 0xde, 0x7f,
  0xde, 0x7f, 0xde, 0x7f, 0xde, 0x7f, 0xde, 0x7f, 0xde, 0x7f, 0xde, 0x7f, 0xde, 0x7f, 0xde, 0x7f, 0xde, 0x7f, 0xde, 0x7f, 0xde, 0x7f, 0xde, 0x7f, 0xde, 0x7f, 0xde, 0x7f, 0xde, 0x7f, 0xde, 0x7f,
  0xde, 0x7f, 0xde, 0x7f, 0xde, 0x7f, 0xde, 0x7f, 0xde, 0x7f, 0xde, 0x7f, 0xde, 0x7f, 0xde, 0x7f, 0xde, 0x7f, 0xde, 0x7f, 0xde, 0x7f, 0xbe, 0x7f, 0xde, 0x7f, 0xde, 0x7f, 0xbe, 0x7f, 0xbe, 0x7f,
  0xde, 0x7f, 0xde, 0x7f, 0xde, 0x7f, 0xde, 0x7f, 0xde, 0x7f, 0xde, 0x77, 0xde, 0x7f, 0xde, 0x7f, 0xde, 0x7f, 0xde, 0x7f, 0xde, 0x7f, 0xde, 0x77, 0xde, 0x77, 0xde, 0x77, 0xdf, 0x77, 0xde, 0x77,
  0xdf, 0x77, 0xdf, 0x77, 0xde, 0x77, 0xff, 0x7f, 0x38, 0x5e, 0xc3, 0x10, 0x2d, 0x19, 0x2d, 0x19, 0x2d, 0x19, 0x2d, 0x19, 0x2d, 0x19, 0x2c, 0x19, 0x2c, 0x19, 0x2d, 0x19, 0x2c, 0x19, 0x2c, 0x19,
  0xd5, 0x21, 0xd5, 0x21, 0xd5, 0x21, 0xd5, 0x21, 0xd5, 0x21, 0xd5, 0x21, 0xd5, 0x21, 0xb5, 0x21, 0x56, 0x32, 0xf5, 0x29, 0xd6, 0x21, 0x84, 0x18, 0x51, 0x43, 0xff, 0x5d, 0xbe, 0x5d, 0xbe, 0x5d,
  0xbe, 0x5d, 0xbe, 0x5d, 0xbe, 0x5d, 0xbe, 0x5d, 0xde, 0x5d, 0xde, 0x5d, 0xde, 0x5d, 0xde, 0x65, 0xde, 0x65, 0xde, 0x65, 0xde, 0x65, 0xde, 0x65, 0xde, 0x65, 0xde, 0x65, 0xfe, 0x65, 0xfe, 0x65,
  0xfe, 0x65, 0xfe, 0x65, 0xfe, 0x6d, 0xfe, 0x6d, 0xfe, 0x6d, 0xfe, 0x6d, 0xfe, 0x6d, 0xfe, 0x6d, 0xfe, 0x6d, 0xfd, 0x6d, 0x1e, 0x6e, 0x1e, 0x6e, 0x1e, 0x6e, 0x1d, 0x76, 0x1d, 0x76, 0x1d, 0x76,
  0x1d, 0x76, 0x3d, 0x76, 0x1d, 0x76, 0x1d, 0x76, 0x3d, 0x76, 0x3d, 0x76, 0x3d, 0x76, 0x3d, 0x7e, 0x3d, 0x7e, 0x3d, 0x7e, 0x3d, 0x7e, 0x3d, 0x7e, 0x3d, 0x7e, 0x3d, 0x7e, 0x3d, 0x7e, 0x5d, 0x7e,
  0x5d, 0x7e, 0x5d, 0x7e, 0x5d, 0x7e, 0x5d, 0x86, 0x5d, 0x86, 0x5d, 0x86, 0x5d, 0x86, 0x5c, 0x86, 0x5d, 0x86, 0x7d, 0x86, 0x7d, 0x86, 0x7d, 0x86, 0x7c, 0x86, 0x7c, 0x8e, 0x7c, 0x8e, 0x7c, 0x8e,
  0x7c, 0x8e, 0x7c, 0x8e, 0x7c, 0x8e, 0x7c, 0x8e, 0x9c, 0x8e, 0x9c, 0x8e, 0x9c, 0x8e, 0x9c, 0x8e, 0x9c, 0x96, 0x9c, 0x96, 0x9c, 0x96, 0x9c, 0x96, 0xbc, 0x96, 0x9c, 0x96, 0x9c, 0x96, 0xbc, 0x96,
  0xbc, 0x96, 0xbc, 0x96, 0xbc, 0x96, 0xbc, 0x9e, 0xbc, 0x9e, 0xbc, 0x9e, 0xbc, 0x9e, 0xbb, 0x9e, 0xbc, 0x9e, 0xbc, 0x9e, 0xdc, 0x9e, 0xdb, 0x9e, 0xdb, 0x9e, 0xdb, 0xa6, 0xdb, 0xa6, 0xdb, 0xa6,
  0xdb, 0xa6, 0xfb, 0xa6, 0xdb, 0xa6, 0xdb, 0xa6, 0xfb, 0xa6, 0x1c, 0xaf, 0x5d, 0xb7, 0x9e, 0xb7, 0xbe, 0xbf, 0xbe, 0xbf, 0xbe, 0xbf, 0x5c, 0xb7, 0xfb, 0xae, 0x3c, 0xb7, 0xbd, 0xbf, 0x7c, 0xbf,
  0x1b, 0xaf, 0x1b, 0xaf, 0x1b, 0xaf, 0x5c, 0xb7, 0xbd, 0xbf, 0x7c, 0xbf, 0x1a, 0xb7, 0x1b, 0xb7, 0x3b, 0xb7, 0x9c, 0xbf, 0x9c, 0xc7, 0x3a, 0xb7, 0x3a, 0xb7, 0x3a, 0xb7, 0x3a, 0xb7, 0x3a, 0xbf,
  0x3a, 0xbf, 0x5a, 0xbf, 0x3a, 0xbf, 0x3a, 0xbf, 0x5a, 0xbf, 0x5a, 0xbf, 0x5a, 0xbf, 0x5a, 0xbf, 0x5a, 0xbf, 0x5a, 0xc7, 0x5a, 0xc7, 0x5a, 0xc7, 0x5a, 0xc7, 0x5a, 0xc7, 0x5a, 0xc7, 0x7a, 0xc7,
  0x7a, 0xc7, 0xdb, 0xd7, 0x8d, 0x73, 0xed, 0x2b, 0xfa, 0x4f, 0xd9, 0x4f, 0xfa, 0x4f, 0x8e, 0x2c, 0xe8, 0x10, 0x2f, 0x19, 0x50, 0x19, 0x50, 0x19, 0x50, 0x19, 0x50, 0x19, 0x50, 0x19, 0x50, 0x19,
  0x50, 0x19, 0x2a, 0x21, 0x8e, 0x5b, 0x5a, 0x96, 0xdc, 0x9e, 0xfc, 0xa6, 0x18, 0x8e, 0xab, 0x3a, 0x53, 0x5d, 0xfe, 0x8f, 0xdd, 0x8f, 0xdc, 0x8f, 0xdc, 0x8f, 0xdd, 0x8f, 0xdd, 0x8f, 0xdd, 0x87,
  0xdd, 0x8f, 0xdd, 0x87, 0xdd, 0x87, 0xdd, 0x8f, 0xdd, 0x8f, 0xdd, 0x8f, 0xdd, 0x87, 0xdd, 0x87, 0xdd, 0x87, 0xdd, 0x87, 0xdd, 0x87, 0xdd, 0x87, 0xdd, 0x87, 0xdd, 0x87, 0xdd, 0x87, 0xdd, 0x87,
  0xdd, 0x87, 0xdd, 0x87, 0xdd, 0x87, 0xdd, 0x87, 0xdd, 0x87, 0xdd, 0x87, 0xdd, 0x87, 0xdd, 0x87, 0xdd, 0x87, 0xdd, 0x87, 0xdd, 0x87, 0xdd, 0x87, 0xdd, 0x87, 0xdd, 0x87, 0xdd, 0x87, 0xdd, 0x87,
  0xdd, 0x87, 0xdd, 0x87, 0xdd, 0x87, 0xdd, 0x87, 0xdd, 0x87, 0xdd, 0x87, 0xdd, 0x87, 0xdd, 0x87, 0xdd, 0x87, 0xdd, 0x87, 0xdd, 0x87, 0xdd, 0x87, 0xdd, 0x87, 0xdd, 0x87, 0xdd, 0x87, 0xdd, 0x87,
  0xde, 0x7f, 0xdd, 0x87, 0xde, 0x7f, 0xde, 0x7f, 0xde, 0x87, 0xde, 0x87, 0xdd, 0x87, 0xdd, 0x7f, 0xdd, 0x7f, 0xde, 0x7f, 0xde, 0x7f, 0xde, 0x7f, 0xde, 0x7f, 0xde, 0x7f, 0xde, 0x7f, 0xde, 0x7f,
  0xde, 0x7f, 0xde, 0x7f, 0xde, 0x7f, 0xde, 0x7f, 0xde, 0x7f, 0xde, 0x7f, 0xde, 0x7f, 0xde, 0x7f, 0xde, 0x7f, 0xde, 0x7f, 0xde, 0x7f, 0xde, 0x7f, 0xde, 0x7f, 0xde, 0x7f, 0xde, 0x7f, 0xde, 0x7f,
  0xde, 0x7f, 0xde, 0x7f, 0xde, 0x7f, 0xde, 0x7f, 0xde, 0x7f, 0xde, 0x7f, 0xde, 0x7f, 0xde, 0x7f, 0xde, 0x7f, 0xbe, 0x7f, 0xde, 0x7f, 0xbe, 0x7f, 0xbe, 0x7f, 0xbe, 0x7f, 0xde, 0x7f, 0xde, 0x7f,
  0xde, 0x7f, 0xde, 0x7f, 0xde, 0x7f, 0xde, 0x77, 0xde, 0x7f, 0xde, 0x77, 0xde, 0x7f, 0xde, 0x7f, 0xde, 0x77, 0xde, 0x77, 0xde, 0x77, 0xde, 0x77, 0xdf, 0x77, 0xde, 0x77, 0xdf, 0x77, 0xdf, 0x77,
  0xde, 0x77, 0xde, 0x77, 0xdf, 0x77, 0xff, 0x7f, 0x38, 0x5e, 0xc3, 0x10, 0xec, 0x10, 0xec, 0x10, 0xec, 0x10, 0xec, 0x10, 0xec, 0x10, 0xec, 0x10, 0xec, 0x10, 0xec, 0x10, 0xec, 0x10, 0xec, 0x10,
  0xd5, 0x21, 0xd5, 0x21, 0xd5, 0x21, 0xd5, 0x21, 0xd5, 0x21, 0xd5, 0x21, 0xd5, 0x21, 0xb5, 0x21, 0x56, 0x32, 0xf5, 0x29, 0xd6, 0x21, 0x84, 0x18, 0x51, 0x43, 0x1f, 0x5e, 0xbe, 0x5d, 0xbe, 0x5d,
  0xbe, 0x5d, 0xbe, 0x5d, 0xde, 0x5d, 0xde, 0x5d, 0xde, 0x65, 0xde, 0x65, 0xde, 0x65, 0xde, 0x65, 0xde, 0x65, 0xde, 0x65, 0xde, 0x65, 0xde, 0x65, 0xfe, 0x65, 0xfe, 0x65, 0xfe, 0x65, 0xfe, 0x65,
  0xfe, 0x6d, 0xfe, 0x6d, 0xfe, 0x6d, 0xfe, 0x6d, 0xfe, 0x6d, 0xfe, 0x6d, 0xfd, 0x6d, 0x1e, 0x6e, 0x1e, 0x6e, 0x1e, 0x6e, 0x1d, 0x76, 0x1d, 0x76, 0x1d, 0x76, 0x1d, 0x76, 0x1d, 0x76, 0x1d, 0x76,
  0x1d, 0x76, 0x1d, 0x76, 0x3d, 0x76, 0x3d, 0x76, 0x3d, 0x76, 0x3d, 0x7e, 0x3d, 0x7e, 0x3d, 0x7e, 0x3d, 0x7e, 0x5d, 0x7e, 0x3d, 0x7e, 0x3d, 0x7e, 0x5d, 0x7e, 0x5d, 0x7e, 0x5d, 0x7e, 0x5d, 0x7e,
  0x5d, 0x86, 0x5d, 0x86, 0x5d, 0x86, 0x5d, 0x86, 0x5d, 0x86, 0x5c, 0x86, 0x5d, 0x86, 0x7d, 0x86, 0x7d, 0x86, 0x7d, 0x86, 0x7c, 0x86, 0x7c, 0x8e, 0x7c, 0x8e, 0x7c, 0x8e, 0x7c, 0x8e, 0x7c, 0x8e,
  0x7c, 0x8e, 0x9c, 0x8e, 0x9c, 0x8e, 0x9c, 0x8e, 0x9c, 0x8e, 0x9c, 0x8e, 0x9c, 0x96, 0x9c, 0x96, 0x9c, 0x96, 0x9c, 0x96, 0x9c, 0x96, 0x9c, 0x96, 0x9c, 0x96, 0xbc, 0x96, 0xbc, 0x96, 0xbc, 0x96,
  0xbc, 0x9e, 0xbc, 0x9e, 0xbc, 0x9e, 0xbc, 0x9e, 0xdb, 0x9e, 0xbc, 0x9e, 0xbc, 0x9e, 0xdc, 0x9e, 0xdc, 0x9e, 0xdb, 0x9e, 0xdb, 0x9e, 0xdb, 0xa6, 0xdb, 0xa6, 0xdb, 0xa6, 0xdb, 0xa6, 0xdb, 0xa6,
  0xdb, 0xa6, 0xdb, 0xa6, 0xfb, 0xa6, 0xfb, 0xa6, 0x5c, 0xaf, 0x9a, 0x9e, 0x0c, 0x4b, 0x82, 0x08, 0x00, 0x00, 0x00, 0x00, 0x00, 0x00, 0xcb, 0x42, 0xbd, 0xbf, 0x74, 0x85, 0x04, 0x19, 0xeb, 0x4a,
  0x7c, 0xbf, 0x1b, 0xb7, 0x5c, 0xb7, 0xd2, 0x7c, 0x24, 0x21, 0x50, 0x6c, 0x7c, 0xbf, 0x5b, 0xbf, 0x98, 0xa6, 0xeb, 0x4a, 0xeb, 0x4a, 0x5b, 0xbf, 0x3a, 0xbf, 0x3a, 0xbf, 0x3a, 0xbf, 0x3a, 0xbf,
  0x3a, 0xbf, 0x3a, 0xbf, 0x5a, 0xbf, 0x5a, 0xbf, 0x5a, 0xbf, 0x5a, 0xbf, 0x5a, 0xbf, 0x5a, 0xc7, 0x5a, 0xc7, 0x7a, 0xc7, 0x5a, 0xc7, 0x5a, 0xc7, 0x7a, 0xc7, 0x7a, 0xc7, 0x7a, 0xc7, 0x7a, 0xc7,
  0x7a, 0xcf, 0xfb, 0xd7, 0xad, 0x73, 0xed, 0x2b, 0xfa, 0x4f, 0xd9, 0x47, 0xfa, 0x4f, 0x8e, 0x2c, 0xe8, 0x10, 0x2f, 0x19, 0x50, 0x19, 0x50, 0x19, 0x50, 0x19, 0x50, 0x19, 0x50, 0x19, 0x50, 0x19,
  0x50, 0x19, 0x2a, 0x21, 0x8e, 0x5b, 0x5a, 0x96, 0xdc, 0xa6, 0xfc, 0xa6, 0x18, 0x8e, 0xab, 0x3a, 0x53, 0x5d, 0xfe, 0x8f, 0xdc, 0x8f, 0xdd, 0x8f, 0xdd, 0x87, 0xdd, 0x8f, 0xdd, 0x8f, 0xdd, 0x87,
  0xdd, 0x87, 0xdd, 0x8f, 0xdd, 0x8f, 0xdd, 0x87, 0xdd, 0x87, 0xdd, 0x87, 0xdd, 0x87, 0xdd, 0x87, 0xdd, 0x87, 0xdd, 0x87, 0xdd, 0x87, 0xdd, 0x87, 0xdd, 0x87, 0xdd, 0x87, 0xdd, 0x87, 0xdd, 0x87,
  0xdd, 0x87, 0xdd, 0x87, 0xdd, 0x87, 0xdd, 0x87, 0xdd, 0x87, 0xdd, 0x87, 0xdd, 0x87, 0xdd, 0x87, 0xdd, 0x87, 0xdd, 0x87, 0xdd, 0x87, 0xdd, 0x87, 0xdd, 0x87, 0xdd, 0x87, 0xdd, 0x87, 0xdd, 0x87,
  0xdd, 0x87, 0xdd, 0x87, 0xdd, 0x87, 0xdd, 0x87, 0xdd, 0x87, 0xdd, 0x87, 0xdd, 0x87, 0xdd, 0x87, 0xdd, 0x87, 0xdd, 0x87, 0xdd, 0x87, 0xdd, 0x87, 0xdd, 0x87, 0xdd, 0x87, 0xde, 0x7f, 0xdd, 0x87,
  0xde, 0x7f, 0xde, 0x7f, 0xde, 0x87, 0xde, 0x87, 0xdd, 0x7f, 0xdd, 0x7f, 0xde, 0x7f, 0xde, 0x7f, 0xde, 0x7f, 0xde, 0x7f, 0xde, 0x7f, 0xde, 0x7f, 0xde, 0x7f, 0xde, 0x7f, 0xde, 0x7f, 0xde, 0x7f,
  0xde, 0x7f, 0xde, 0x7f, 0xde, 0x7f, 0xde, 0x7f, 0xde, 0x7f, 0xde, 0x7f, 0xde, 0x7f, 0xde, 0x7f, 0xde, 0x7f, 0xde, 0x7f, 0xde, 0x7f, 0xde, 0x7f, 0xde, 0x7f, 0xde, 0x7f, 0xde, 0x7f, 0xde, 0x7f,
  0xde, 0x7f, 0xde, 0x7f, 0xde, 0x7f, 0xde, 0x7f, 0xde, 0x7f, 0xde, 0x7f, 0xbe, 0x7f, 0xde, 0x7f, 0xde, 0x7f, 0xbe, 0x7f, 0xbe, 0x7f, 0xde, 0x7f, 0xde, 0x7f, 0xde, 0x7f, 0xde, 0x7f, 0xde, 0x7f,
  0xde, 0x7f, 0xde, 0x77, 0xde, 0x7f, 0xde, 0x7f, 0xde, 0x7f, 0xde, 0x7f, 0xde, 0x77, 0xde, 0x77, 0xde, 0x77, 0xdf, 0x77, 0xde, 0x77, 0xde, 0x77, 0xdf, 0x77, 0xde, 0x77, 0xde, 0x77, 0xde, 0x77,
  0xdf, 0x77, 0xdf, 0x77, 0xdf, 0x77, 0xff, 0x7f, 0x38, 0x5e, 0xc3, 0x10, 0xec, 0x10, 0xec, 0x10, 0xec, 0x10, 0xec, 0x10, 0xec, 0x10, 0xec, 0x10, 0xec, 0x10, 0xec, 0x10, 0xec, 0x10, 0xec, 0x10,
  0xd5, 0x21, 0xd5, 0x21, 0xd5, 0x21, 0xd5, 0x21, 0xd5, 0x21, 0xd5, 0x21, 0xd5, 0x21, 0xb4, 0x21, 0x55, 0x32, 0xf5, 0x29, 0xd6, 0x21, 0x84, 0x18, 0x70, 0x43, 0x1f, 0x5e, 0xbe, 0x5d, 0xde, 0x5d,
  0xde, 0x5d, 0xde, 0x5d, 0xde, 0x65, 0xde, 0x65, 0xde, 0x65, 0xde, 0x65, 0xde, 0x65, 0xde, 0x65, 0xde, 0x65, 0xde, 0x65, 0xfe, 0x65, 0xfe, 0x65, 0xfe, 0x65, 0xfe, 0x6d, 0xfe, 0x6d, 0xfe, 0x6d,
  0xfe, 0x6d, 0xfe, 0x6d, 0xfe, 0x6d, 0xfe, 0x6d, 0xfd, 0x6d, 0x1e, 0x6e, 0x1e, 0x6e, 0x1e, 0x6e, 0x1d, 0x76, 0x1d, 0x76, 0x1d, 0x76, 0x1d, 0x76, 0x1d, 0x76, 0x1d, 0x76, 0x1d, 0x76, 0x3d, 0x76,
  0x3d, 0x76, 0x3d, 0x76, 0x3d, 0x7e, 0x3d, 0x7e, 0x3d, 0x7e, 0x3d, 0x7e, 0x3d, 0x7e, 0x3d, 0x7e, 0x3d, 0x7e, 0x3d, 0x7e, 0x5d, 0x7e, 0x5d, 0x7e, 0x5d, 0x7e, 0x5d, 0x7e, 0x5d, 0x86, 0x5d, 0x86,
  0x5d, 0x86, 0x5d, 0x86, 0x5c, 0x86, 0x5d, 0x86, 0x7d, 0x86, 0x7d, 0x86, 0x7d, 0x86, 0x7c, 0x86, 0x7c, 0x8e, 0x7c, 0x8e, 0x7c, 0x8e, 0x7c, 0x8e, 0x7c, 0x8e, 0x7c, 0x8e, 0x7c, 0x8e, 0x9c, 0x8e,
  0x9c, 0x8e, 0x9c, 0x8e, 0x9c, 0x8e, 0x9c, 0x96, 0x9c, 0x96, 0x9c, 0x96, 0x9c, 0x96, 0xbc, 0x96, 0x9c, 0x96, 0x9c, 0x96, 0xbc, 0x96, 0xbc, 0x96, 0xbc, 0x96, 0xbc, 0x96, 0xbc, 0x9e, 0xbc, 0x9e,
  0xbc, 0x9e, 0xbc, 0x9e, 0xbb, 0x9e, 0xbc, 0x9e, 0xbc, 0x9e, 0xdc, 0x9e, 0xdc, 0x9e, 0xdb, 0x9e, 0xdb, 0xa6, 0xdb, 0xa6, 0xdb, 0xa6, 0xdb, 0xa6, 0xfb, 0xa6, 0xdb, 0xa6, 0xdb, 0xa6, 0xfb, 0xa6,
  0xfb, 0xa6, 0xfb, 0xa6, 0xfb, 0xa6, 0x5c, 0xaf, 0x96, 0x8d, 0xa3, 0x10, 0xa2, 0x10, 0x71, 0x6c, 0x99, 0xa6, 0x58, 0x9e, 0x58, 0x9e, 0xb9, 0xa6, 0x7c, 0xb7, 0x54, 0x85, 0x41, 0x08, 0x69, 0x3a,
  0x9d, 0xbf, 0x1a, 0xb7, 0x7c, 0xbf, 0x91, 0x74, 0x82, 0x10, 0x0f, 0x64, 0x9c, 0xbf, 0x7b, 0xbf, 0x74, 0x8d, 0x48, 0x3a, 0xb1, 0x74, 0x7b, 0xc7, 0x3a, 0xbf, 0x3a, 0xbf, 0x3a, 0xbf, 0x5a, 0xbf,
  0x5a, 0xbf, 0x5a, 0xbf, 0x5a, 0xbf, 0x5a, 0xbf, 0x5a, 0xc7, 0x5a, 0xc7, 0x5a, 0xc7, 0x5a, 0xc7, 0x5a, 0xc7, 0x5a, 0xc7, 0x7a, 0xc7, 0x7a, 0xc7, 0x7a, 0xc7, 0x7a, 0xc7, 0x7a, 0xc7, 0x7a, 0xcf,
  0x99, 0xcf, 0xfb, 0xd7, 0xac, 0x73, 0xed, 0x2b, 0xfb, 0x4f, 0xd9, 0x47, 0xfa, 0x4f, 0x8e, 0x2c, 0xe8, 0x10, 0x2e, 0x19, 0x50, 0x19, 0x50, 0x19, 0x50, 0x19, 0x50, 0x19, 0x50, 0x19, 0x50, 0x19,
  0x50, 0x19, 0x4a, 0x21, 0x8e, 0x5b, 0x59, 0x96, 0xfc, 0xa6, 0xfc, 0xa6, 0x18, 0x96, 0xcb, 0x3a, 0x53, 0x5d, 0xfe, 0x8f, 0xdd, 0x87, 0xdd, 0x8f, 0xdd, 0x87, 0xdd, 0x87, 0xdd, 0x8f, 0xdd, 0x8f,
  0xdd, 0x8f, 0xdd, 0x87, 0xdd, 0x87, 0xdd, 0x87, 0xdd, 0x87, 0xdd, 0x87, 0xdd, 0x87, 0xdd, 0x87, 0xdd, 0x87, 0xdd, 0x87, 0xdd, 0x87, 0xdd, 0x87, 0xdd, 0x87, 0xdd, 0x87, 0xdd, 0x87, 0xdd, 0x87,
  0xdd, 0x87, 0xdd, 0x87, 0xdd, 0x87, 0xdd, 0x87, 0xdd, 0x87, 0xdd, 0x87, 0xdd, 0x87, 0xdd, 0x87, 0xdd, 0x87, 0xdd, 0x87, 0xdd, 0x87, 0xdd, 0x87, 0xdd, 0x87, 0xdd, 0x87, 0xdd, 0x87, 0xdd, 0x87,
  0xdd, 0x87, 0xdd, 0x87, 0xdd, 0x87, 0xdd, 0x87, 0xdd, 0x87, 0xdd, 0x87, 0xdd, 0x87, 0xdd, 0x87, 0xdd, 0x87, 0xdd, 0x87, 0xdd, 0x87, 0xde, 0x7f, 0xdd, 0x87, 0xdd, 0x87, 0xde, 0x7f, 0xde, 0x87,
  0xde, 0x87, 0xdd, 0x87, 0xdd, 0x7f, 0xdd, 0x7f, 0xde, 0x7f, 0xde, 0x7f, 0xde, 0x7f, 0xde, 0x7f, 0xde, 0x7f, 0xde, 0x7f, 0xde, 0x7f, 0xde, 0x7f, 0xde, 0x7f, 0xde, 0x7f, 0xde, 0x7f, 0xde, 0x7f,
  0xde, 0x7f, 0xde, 0x7f, 0xde, 0x7f, 0xde, 0x7f, 0xde, 0x7f, 0xde, 0x7f, 0xde, 0x7f, 0xde, 0x7f, 0xde, 0x7f, 0xde, 0x7f, 0xde, 0x7f, 0xde, 0x7f, 0xde, 0x7f, 0xde, 0x7f, 0xde, 0x7f, 0xde, 0x7f,
  0xde, 0x7f, 0xde, 0x7f, 0xde, 0x7f, 0xde, 0x7f, 0xbe, 0x7f, 0xde, 0x7f, 0xbe, 0x7f, 0xbe, 0x7f, 0xbe, 0x7f, 0xde, 0x7f, 0xde, 0x7f, 0xde, 0x7f, 0xde, 0x7f, 0xde, 0x7f, 0xde, 0x77, 0xde, 0x7f,
  0xde, 0x7f, 0xde, 0x7f, 0xde, 0x7f, 0xde, 0x77, 0xde, 0x77, 0xde, 0x77, 0xde, 0x77, 0xdf, 0x77, 0xde, 0x77, 0xdf, 0x77, 0xdf, 0x77, 0xde, 0x77, 0xde, 0x77, 0xdf, 0x77, 0xdf, 0x77, 0xdf, 0x77,
  0xdf, 0x77, 0xdf, 0x77, 0xdf, 0x77, 0xff, 0x7f, 0x38, 0x5e, 0xc3, 0x10, 0xec, 0x10, 0xec, 0x10, 0xec, 0x10, 0xec, 0x10, 0xec, 0x10, 0xec, 0x10, 0xec, 0x10, 0xec, 0x10, 0xec, 0x10, 0xeb, 0x10,
  0xd5, 0x21, 0xd5, 0x21, 0xd5, 0x21, 0xd5, 0x21, 0xd5, 0x21, 0xd4, 0x21, 0xd5, 0x21, 0xb4, 0x21, 0x55, 0x32, 0xf5, 0x29, 0xd6, 0x21, 0x84, 0x18, 0x70, 0x43, 0x1f, 0x66, 0xde, 0x5d, 0xde, 0x65,
  0xde, 0x65, 0xde, 0x65, 0xde, 0x65, 0xde, 0x65, 0xde, 0x65, 0xde, 0x65, 0xde, 0x65, 0xfe, 0x65, 0xfe, 0x65, 0xfe, 0x65, 0xfe, 0x65, 0xfe, 0x6d, 0xfe, 0x6d, 0xfe, 0x6d, 0xfe, 0x6d, 0xfe, 0x6d,
  0xfe, 0x6d, 0xfe, 0x6d, 0x1d, 0x6e, 0x1e, 0x6e, 0x1e, 0x6e, 0x1d, 0x76, 0x1d, 0x76, 0x1d, 0x76, 0x1d, 0x76, 0x1d, 0x76, 0x1d, 0x76, 0x1d, 0x76, 0x1d, 0x76, 0x3d, 0x76, 0x3d, 0x76, 0x3d, 0x76,
  0x3d, 0x7e, 0x3d, 0x7e, 0x3d, 0x7e, 0x3d, 0x7e, 0x3d, 0x7e, 0x3d, 0x7e, 0x3d, 0x7e, 0x5d, 0x7e, 0x5d, 0x7e, 0x5d, 0x7e, 0x5d, 0x7e, 0x5d, 0x86, 0x5d, 0x86, 0x5d, 0x86, 0x5d, 0x86, 0x5d, 0x86,
  0x5c, 0x86, 0x5d, 0x86, 0x7d, 0x86, 0x7d, 0x86, 0x7d, 0x86, 0x7c, 0x86, 0x7c, 0x8e, 0x7c, 0x8e, 0x7c, 0x8e, 0x7c, 0x8e, 0x7c, 0x8e, 0x7c, 0x8e, 0x9c, 0x8e, 0x9c, 0x8e, 0x9c, 0x8e, 0x9c, 0x8e,
  0x9c, 0x8e, 0x9c, 0x96, 0x9c, 0x96, 0x9c, 0x96, 0x9c, 0x96, 0x9c, 0x96, 0x9c, 0x96, 0x9c, 0x96, 0xbc, 0x96, 0xbc, 0x96, 0xbc, 0x96, 0xbc, 0x9e, 0xbc, 0x9e, 0xbc, 0x9e, 0xbc, 0x9e, 0xdb, 0x9e,
  0xbc, 0x9e, 0xbc, 0x9e, 0xdc, 0x9e, 0xdc, 0x9e, 0xdb, 0x9e, 0xdb, 0x9e, 0xdb, 0xa6, 0xdb, 0xa6, 0xdb, 0xa6, 0xdb, 0xa6, 0xdb, 0xa6, 0xdb, 0xa6, 0xdb, 0xa6, 0xfb, 0xa6, 0xfb, 0xa6, 0xfb, 0xa6,
  0xfb, 0xa6, 0xfb, 0xae, 0x1b, 0xaf, 0x58, 0x9e, 0x69, 0x3a, 0xc3, 0x10, 0x54, 0x85, 0x3b, 0xaf, 0x3b, 0xb7, 0x3b, 0xb7, 0x3b, 0xb7, 0x3b, 0xb7, 0x5c, 0xb7, 0x54, 0x85, 0x62, 0x08, 0x89, 0x42,
  0xbd, 0xc7, 0x3b, 0xb7, 0x7c, 0xbf, 0xb1, 0x7c, 0xa2, 0x10, 0x0f, 0x6c, 0x9c, 0xc7, 0x9b, 0xc7, 0xee, 0x63, 0xa6, 0x29, 0xb8, 0xae, 0xbc, 0xc7, 0xfd, 0xcf, 0xfd, 0xd7, 0xfd, 0xd7, 0xbb, 0xc7,
  0x5a, 0xbf, 0x5a, 0xbf, 0x5a, 0xc7, 0x5a, 0xc7, 0x5a, 0xc7, 0x5a, 0xc7, 0x5a, 0xc7, 0x7a, 0xc7, 0x7a, 0xc7, 0x7a, 0xc7, 0x7a, 0xc7, 0x7a, 0xc7, 0x7a, 0xcf, 0x7a, 0xcf, 0x79, 0xcf, 0x7a, 0xcf,
  0x7a, 0xcf, 0xfb, 0xd7, 0xac, 0x73, 0xed, 0x2b, 0xfa, 0x4f, 0xd9, 0x47, 0xfb, 0x4f, 0x8e, 0x2c, 0xe7, 0x10, 0x0e, 0x19, 0x50, 0x19, 0x50, 0x19, 0x50, 0x19, 0x50, 0x19, 0x50, 0x19, 0x50, 0x19,
  0x50, 0x19, 0x4a, 0x21, 0xae, 0x63, 0x59, 0x96, 0xfc, 0xa6, 0xfc, 0xa6, 0x18, 0x96, 0xcb, 0x3a, 0x53, 0x5d, 0xfe, 0x8f, 0xdd, 0x87, 0xdd, 0x87, 0xdd, 0x8f, 0xdd, 0x8f, 0xdd, 0x87, 0xdd, 0x87,
  0xdd, 0x87, 0xdd, 0x87, 0xdd, 0x87, 0xdd, 0x87, 0xdd, 0x87, 0xdd, 0x87, 0xdd, 0x87, 0xdd, 0x87, 0xdd, 0x87, 0xdd, 0x87, 0xdd, 0x87, 0xdd, 0x87, 0xdd, 0x87, 0xdd, 0x87, 0xdd, 0x87, 0xdd, 0x87,
  0xdd, 0x87, 0xdd, 0x87, 0xdd, 0x87, 0xdd, 0x87, 0xdd, 0x87, 0xdd, 0x87, 0xdd, 0x87, 0xdd, 0x87, 0xdd, 0x87, 0xdd, 0x87, 0xdd, 0x87, 0xdd, 0x87, 0xdd, 0x87, 0xdd, 0x87, 0xdd, 0x87, 0xdd, 0x87,
  0xdd, 0x87, 0xdd, 0x87, 0xdd, 0x87, 0xdd, 0x87, 0xdd, 0x87, 0xdd, 0x87, 0xdd, 0x87, 0xdd, 0x87, 0xdd, 0x87, 0xde, 0x7f, 0xdd, 0x87, 0xde, 0x7f, 0xde, 0x7f, 0xde, 0x87, 0xde, 0x87, 0xdd, 0x7f,
  0xdd, 0x7f, 0xde, 0x7f, 0xde, 0x7f, 0xde, 0x7f, 0xde, 0x7f, 0xde, 0x7f, 0xde, 0x7f, 0xde, 0x7f, 0xde, 0x7f, 0xde, 0x7f, 0xde, 0x7f, 0xde, 0x7f, 0xde, 0x7f, 0xde, 0x7f, 0xde, 0x7f, 0xde, 0x7f,
  0xde, 0x7f, 0xde, 0x7f, 0xde, 0x7f, 0xde, 0x7f, 0xde, 0x7f, 0xde, 0x7f, 0xde, 0x7f, 0xde, 0x7f, 0xde, 0x7f, 0xde, 0x7f, 0xde, 0x7f, 0xde, 0x7f, 0xde, 0x7f, 0xde, 0x7f, 0xde, 0x7f, 0xde, 0x7f,
  0xde, 0x7f, 0xbe, 0x7f, 0xde, 0x7f, 0xde, 0x7f, 0xbe, 0x7f, 0xbe, 0x7f, 0xde, 0x7f, 0xde, 0x7f, 0xde, 0x7f, 0xde, 0x7f, 0xde, 0x7f, 0xde, 0x7f, 0xde, 0x77, 0xde, 0x7f, 0xde, 0x7f, 0xde, 0x7f,
  0xde, 0x7f, 0xde, 0x77, 0xde, 0x77, 0xde, 0x77, 0xdf, 0x77, 0xde, 0x77, 0xde, 0x77, 0xdf, 0x77, 0xde, 0x77, 0xde, 0x77, 0xde, 0x77, 0xdf, 0x77, 0xdf, 0x77, 0xdf, 0x77, 0xdf, 0x77, 0xdf, 0x77,
  0xdf, 0x77, 0xdf, 0x77, 0xdf, 0x77, 0xff, 0x77, 0x38, 0x5e, 0xc3, 0x10, 0xec, 0x10, 0xec, 0x10, 0xec, 0x10, 0xec, 0x10, 0xec, 0x10, 0xec, 0x10, 0xec, 0x10, 0xeb, 0x10, 0xec, 0x10, 0xeb, 0x10,
  0xd5, 0x21, 0xd5, 0x21, 0xd4, 0x21, 0xd5, 0x21, 0xd5, 0x21, 0xb4, 0x21, 0xd5, 0x21, 0xb4, 0x21, 0x55, 0x32, 0xf5, 0x29, 0xd5, 0x21, 0x84, 0x18, 0x50, 0x43, 0x1f, 0x66, 0xde, 0x65, 0xde, 0x65,
  0xde, 0x65, 0xde, 0x65, 0xde, 0x65, 0xde, 0x65, 0xde, 0x65, 0xfe, 0x65, 0xfe, 0x6d, 0xfe, 0x65, 0xfe, 0x6d, 0xfe, 0x6d, 0xfe, 0x6d, 0xfe, 0x6d, 0xfe, 0x6d, 0x1e, 0x6e, 0xfe, 0x6d, 0xfd, 0x6d,
  0x1e, 0x6e, 0x1e, 0x6e, 0x1e, 0x6e, 0x1d, 0x76, 0x1d, 0x76, 0x1d, 0x76, 0x1d, 0x76, 0x1d, 0x76, 0x1d, 0x76, 0x1d, 0x76, 0x3d, 0x76, 0x3d, 0x76, 0x3d, 0x76, 0x3d, 0x7e, 0x3d, 0x7e, 0x3d, 0x7e,
  0x3d, 0x7e, 0x3d, 0x7e, 0x3d, 0x7e, 0x3d, 0x7e, 0x3d, 0x7e, 0x5d, 0x7e, 0x5d, 0x7e, 0x5d, 0x7e, 0x5d, 0x7e, 0x5d, 0x86, 0x5d, 0x86, 0x5d, 0x86, 0x5d, 0x86, 0x5c, 0x86, 0x5d, 0x86, 0x7d, 0x86,
  0x7d, 0x86, 0x7d, 0x86, 0x7c, 0x86, 0x7c, 0x8e, 0x7c, 0x8e, 0x7c, 0x8e, 0x7c, 0x8e, 0x7c, 0x8e, 0x7c, 0x8e, 0x7c, 0x8e, 0x9c, 0x8e, 0x9c, 0x8e, 0x9c, 0x8e, 0x9c, 0x8e, 0x9c, 0x8e, 0x9c, 0x96,
  0x9c, 0x96, 0x9c, 0x96, 0xbc, 0x96, 0x9c, 0x96, 0x9c, 0x96, 0xbc, 0x96, 0xbc, 0x96, 0xbc, 0x96, 0xbc, 0x96, 0xbc, 0x9e, 0xbc, 0x9e, 0xbc, 0x9e, 0xbc, 0x9e, 0xbb, 0x9e, 0xbc, 0x9e, 0xbc, 0x9e,
  0xdc, 0x9e, 0xdc, 0x9e, 0xdb, 0x9e, 0xdb, 0xa6, 0xdb, 0xa6, 0xdb, 0xa6, 0xdb, 0xa6, 0xfb, 0xa6, 0xdb, 0xa6, 0xdb, 0xa6, 0xfb, 0xa6, 0xfb, 0xa6, 0xfb, 0xa6, 0xfb, 0xa6, 0xfb, 0xa6, 0xfb, 0xae,
  0xfb, 0xae, 0xfb, 0xae, 0x5c, 0xb7, 0xf3, 0x7c, 0x41, 0x08, 0x6d, 0x53, 0x7c, 0xbf, 0x3b, 0xb7, 0x1b, 0xaf, 0x1b, 0xb7, 0x1b, 0xb7, 0x1b, 0xb7, 0x5b, 0xbf, 0x54, 0x85, 0x62, 0x08, 0xea, 0x4a,
  0xff, 0xd7, 0xfd, 0xcf, 0xfe, 0xd7, 0x33, 0x85, 0xa2, 0x10, 0x0f, 0x6c, 0xbc, 0xc7, 0x36, 0xa6, 0x69, 0x42, 0x6c, 0x5b, 0xbb, 0xc7, 0xb1, 0x7c, 0xc3, 0x10, 0x00, 0x00, 0x00, 0x00, 0xee, 0x6b,
  0xbb, 0xcf, 0x5a, 0xc7, 0x5a, 0xc7, 0x5a, 0xc7, 0x5a, 0xc7, 0x7a, 0xc7, 0x7a, 0xc7, 0x7a, 0xc7, 0x7a, 0xc7, 0x7a, 0xc7, 0x7a, 0xcf, 0x7a, 0xcf, 0x99, 0xcf, 0x7a, 0xcf, 0x7a, 0xcf, 0x99, 0xcf,
  0x99, 0xcf, 0xfb, 0xdf, 0xac, 0x73, 0xed, 0x2b, 0xfb, 0x47, 0xd9, 0x47, 0xfb, 0x4f, 0x8e, 0x2c, 0xe7, 0x10, 0x0e, 0x19, 0x50, 0x19, 0x50, 0x19, 0x50, 0x19, 0x50, 0x19, 0x50, 0x19, 0x50, 0x19,
  0x50, 0x19, 0x2a, 0x21, 0xae, 0x63, 0x79, 0x9e, 0xfc, 0xa6, 0xfc, 0xa6, 0x18, 0x96, 0xcb, 0x3a, 0x53, 0x5d, 0xfe, 0x8f, 0xdd, 0x8f, 0xdd, 0x8f, 0xdd, 0x87, 0xdd, 0x87, 0xdd, 0x87, 0xdd, 0x87,
  0xdd, 0x87, 0xdd, 0x87, 0xdd, 0x87, 0xdd, 0x87, 0xdd, 0x87, 0xdd, 0x87, 0xdd, 0x87, 0xdd, 0x87, 0xdd, 0x87, 0xdd, 0x87, 0xdd, 0x87, 0xdd, 0x87, 0xdd, 0x87, 0xdd, 0x87, 0xdd, 0x87, 0xdd, 0x87,
  0xdd, 0x87, 0xdd, 0x87, 0xdd, 0x87, 0xdd, 0x87, 0xdd, 0x87, 0xdd, 0x87, 0xdd, 0x87, 0xdd, 0x87, 0xdd, 0x87, 0xdd, 0x87, 0xdd, 0x87, 0xdd, 0x87, 0xdd, 0x87, 0xdd, 0x87, 0xdd, 0x87, 0xdd, 0x87,
  0xdd, 0x87, 0xdd, 0x87, 0xdd, 0x87, 0xdd, 0x87, 0xdd, 0x87, 0xdd, 0x87, 0xde, 0x7f, 0xdd, 0x87, 0xdd, 0x87, 0xde, 0x7f, 0xde, 0x87, 0xde, 0x87, 0xdd, 0x87, 0xdd, 0x7f, 0xdd, 0x7f, 0xde, 0x7f,
  0xde, 0x7f, 0xde, 0x7f, 0xde, 0x7f, 0xde, 0x7f, 0xde, 0x7f, 0xde, 0x7f, 0xde, 0x7f, 0xde, 0x7f, 0xde, 0x7f, 0xde, 0x7f, 0xde, 0x7f, 0xde, 0x7f, 0xde, 0x7f, 0xde, 0x7f, 0xde, 0x7f, 0xde, 0x7f,
  0xde, 0x7f, 0xde, 0x7f, 0xde, 0x7f, 0xde, 0x7f, 0xde, 0x7f, 0xde, 0x7f, 0xde, 0x7f, 0xde, 0x7f, 0xde, 0x7f, 0xde, 0x7f, 0xde, 0x7f, 0xde, 0x7f, 0xde, 0x7f, 0xde, 0x7f, 0xde, 0x7f, 0xbe, 0x7f,
  0xde, 0x7f, 0xbe, 0x7f, 0xbe, 0x7f, 0xbe, 0x7f, 0xde, 0x7f, 0xde, 0x7f, 0xde, 0x7f, 0xde, 0x7f, 0xde, 0x7f, 0xde, 0x77, 0xde, 0x7f, 0xde, 0x7f, 0xde, 0x7f, 0xde, 0x7f, 0xde, 0x77, 0xde, 0x77,
  0xde, 0x77, 0xde, 0x77, 0xdf, 0x77, 0xde, 0x77, 0xdf, 0x77, 0xdf, 0x77, 0xde, 0x77, 0xde, 0x77, 0xdf, 0x77, 0xdf, 0x77, 0xdf, 0x77, 0xdf, 0x77, 0xdf, 0x77, 0xdf, 0x77, 0xdf, 0x77, 0xdf, 0x77,
  0xdf, 0x77, 0xdf, 0x77, 0xdf, 0x77, 0xff, 0x77, 0x38, 0x5e, 0xc3, 0x10, 0xec, 0x10, 0xec, 0x10, 0xec, 0x10, 0xec, 0x10, 0xeb, 0x10, 0xec, 0x10, 0xec, 0x10, 0xeb, 0x10, 0xec, 0x10, 0xec, 0x10,
  0xd5, 0x21, 0xd5, 0x21, 0xd4, 0x21, 0xb5, 0x21, 0xd5, 0x21, 0xb5, 0x21, 0xb4, 0x21, 0xb4, 0x21, 0x55, 0x32, 0xf5, 0x21, 0xd5, 0x21, 0x84, 0x18, 0x70, 0x43, 0x3f, 0x66, 0xde, 0x65, 0xde, 0x65,
  0xde, 0x65, 0xde, 0x65, 0xfe, 0x65, 0xfe, 0x65, 0xfe, 0x65, 0xfe, 0x65, 0xfe, 0x6d, 0xfe, 0x6d, 0xfe, 0x6d, 0xfe, 0x6d, 0xfe, 0x6d, 0xfe, 0x6d, 0xfe, 0x6d, 0xfd, 0x6d, 0x1e, 0x6e, 0x1e, 0x6e,
  0x1d, 0x76, 0x1d, 0x76, 0x1d, 0x76, 0x1d, 0x76, 0x1d, 0x76, 0x1d, 0x76, 0x1d, 0x76, 0x1d, 0x76, 0x3d, 0x76, 0x3d, 0x76, 0x3d, 0x76, 0x3d, 0x7e, 0x3d, 0x7e, 0x3d, 0x7e, 0x3d, 0x7e, 0x3d, 0x7e,
  0x3d, 0x7e, 0x3d, 0x7e, 0x5d, 0x7e, 0x5d, 0x7e, 0x5d, 0x7e, 0x5d, 0x7e, 0x5d, 0x86, 0x5d, 0x86, 0x5d, 0x86, 0x5d, 0x86, 0x5d, 0x86, 0x5c, 0x86, 0x5d, 0x86, 0x7d, 0x86, 0x7d, 0x86, 0x7d, 0x86,
  0x7c, 0x86, 0x7c, 0x8e, 0x7c, 0x8e, 0x7c, 0x8e, 0x7c, 0x8e, 0x7c, 0x8e, 0x7c, 0x8e, 0x9c, 0x8e, 0x9c, 0x8e, 0x9c, 0x8e, 0x9c, 0x8e, 0x9c, 0x8e, 0x9c, 0x96, 0x9c, 0x96, 0x9c, 0x96, 0x9c, 0x96,
  0x9c, 0x96, 0x9c, 0x96, 0x9c, 0x96, 0xbc, 0x96, 0xbc, 0x96, 0xbc, 0x96, 0xbc, 0x9e, 0xbc, 0x9e, 0xbc, 0x9e, 0xbc, 0x9e, 0xdb, 0x9e, 0xbc, 0x9e, 0xbc, 0x9e, 0xdc, 0x9e, 0xdc, 0x9e, 0xdb, 0x9e,
  0xdb, 0x9e, 0xdb, 0xa6, 0xdb, 0xa6, 0xdb, 0xa6, 0xdb, 0xa6, 0xdb, 0xa6, 0xdb, 0xa6, 0xdb, 0xa6, 0xfb, 0xa6, 0xfb, 0xa6, 0xfb, 0xa6, 0xfb, 0xa6, 0xfb, 0xae, 0xfb, 0xae, 0xfb, 0xae, 0xfb, 0xae,
  0xfb, 0xae, 0x1b, 0xaf, 0x1b, 0xaf, 0xef, 0x63, 0x61, 0x08, 0xd2, 0x74, 0x7c, 0xb7, 0x3b, 0xb7, 0x9c, 0xbf, 0xde, 0xc7, 0xdd, 0xc7, 0xbd, 0xc7, 0x7c, 0xbf, 0x54, 0x8d, 0xc3, 0x10, 0x00, 0x00,
  0x00, 0x00, 0x00, 0x00, 0x00, 0x00, 0x00, 0x00, 0x61, 0x08, 0x2f, 0x6c, 0xfd, 0xcf, 0x33, 0x85, 0x28, 0x3a, 0x53, 0x8d, 0x36, 0xa6, 0x85, 0x29, 0x68, 0x42, 0xf8, 0xb6, 0xf8, 0xb6, 0x19, 0xbf,
  0x7a, 0xc7, 0x5a, 0xc7, 0x7a, 0xc7, 0x7a, 0xc7, 0x7a, 0xc7, 0x7a, 0xc7, 0x7a, 0xc7, 0x7a, 0xcf, 0x7a, 0xcf, 0x79, 0xcf, 0x7a, 0xcf, 0x7a, 0xcf, 0x7a, 0xcf, 0x99, 0xcf, 0x99, 0xcf, 0x99, 0xcf,
  0x99, 0xcf, 0xfb, 0xdf, 0xac, 0x73, 0xed, 0x2b, 0xfb, 0x47, 0xd9, 0x47, 0xfb, 0x47, 0x8e, 0x2c, 0xe7, 0x10, 0x0e, 0x19, 0x50, 0x19, 0x50, 0x19, 0x50, 0x19, 0x4f, 0x19, 0x50, 0x19, 0x50, 0x19,
  0x50, 0x19, 0x2a, 0x21, 0xae, 0x63, 0x79, 0x9e, 0xfc, 0xa6, 0xfc, 0xa6, 0x18, 0x96, 0xcb, 0x3a, 0x53, 0x5d, 0xfe, 0x8f, 0xdd, 0x87, 0xdd, 0x87, 0xdd, 0x87, 0xdd, 0x87, 0xdd, 0x87, 0xdd, 0x87,
  0xdd, 0x87, 0xdd, 0x87, 0xdd, 0x87, 0xdd, 0x87, 0xdd, 0x87, 0xdd, 0x87, 0xdd, 0x87, 0xdd, 0x87, 0xdd, 0x87, 0xdd, 0x87, 0xdd, 0x87, 0xdd, 0x87, 0xdd, 0x87, 0xdd, 0x87, 0xdd, 0x87, 0xdd, 0x87,
  0xdd, 0x87, 0xdd, 0x87, 0xdd, 0x87, 0xdd, 0x87, 0xdd, 0x87, 0xdd, 0x87, 0xdd, 0x87, 0xdd, 0x87, 0xdd, 0x87, 0xdd, 0x87, 0xdd, 0x87, 0xdd, 0x87, 0xdd, 0x87, 0xdd, 0x87, 0xdd, 0x87, 0xdd, 0x87,
  0xdd, 0x87, 0xdd, 0x87, 0xdd, 0x87, 0xdd, 0x87, 0xde, 0x7f, 0xdd, 0x87, 0xde, 0x7f, 0xde, 0x7f, 0xde, 0x87, 0xde, 0x87, 0xdd, 0x7f, 0xdd, 0x7f, 0xde, 0x7f, 0xde, 0x7f, 0xde, 0x7f, 0xde, 0x7f,
  0xde, 0x7f, 0xde, 0x7f, 0xde, 0x7f, 0xde, 0x7f, 0xde, 0x7f, 0xde, 0x7f, 0xde, 0x7f, 0xde, 0x7f, 0xde, 0x7f, 0xde, 0x7f, 0xde, 0x7f, 0xde, 0x7f, 0xde, 0x7f, 0xde, 0x7f, 0xde, 0x7f, 0xde, 0x7f,
  0xde, 0x7f, 0xde, 0x7f, 0xde, 0x7f, 0xde, 0x7f, 0xde, 0x7f, 0xde, 0x7f, 0xde, 0x7f, 0xde, 0x7f, 0xde, 0x7f, 0xde, 0x7f, 0xde, 0x7f, 0xde, 0x7f, 0xbe, 0x7f, 0xde, 0x7f, 0xde, 0x7f, 0xbe, 0x7f,
  0xbe, 0x7f, 0xde, 0x7f, 0xde, 0x7f, 0xde, 0x7f, 0xde, 0x7f, 0xde, 0x7f, 0xde, 0x7f, 0xde, 0x77, 0xde, 0x7f, 0xde, 0x7f, 0xde, 0x7f, 0xde, 0x7f, 0xde, 0x77, 0xde, 0x77, 0xde, 0x77, 0xdf, 0x77,
  0xde, 0x77, 0xde, 0x77, 0xdf, 0x77, 0xde, 0x77, 0xde, 0x77, 0xde, 0x77, 0xdf, 0x77, 0xdf, 0x77, 0xdf, 0x77, 0xdf, 0x77, 0xdf, 0x77, 0xdf, 0x77, 0xdf, 0x77, 0xdf, 0x77, 0xdf, 0x77, 0xdf, 0x77,
  0xdf, 0x77, 0xdf, 0x77, 0xdf, 0x77, 0xff, 0x77, 0x38, 0x5e, 0xc3, 0x10, 0xcc, 0x10, 0xec, 0x10, 0xeb, 0x10, 0xec, 0x10, 0xeb, 0x10, 0xec, 0x10, 0xec, 0x10, 0xec, 0x10, 0xeb, 0x10, 0xeb, 0x10,
  0xd4, 0x21, 0xd5, 0x21, 0xd5, 0x21, 0xb4, 0x21, 0xb4, 0x21, 0xd4, 0x21, 0xd4, 0x21, 0xb4, 0x21, 0x55, 0x32, 0xf5, 0x21, 0xd5, 0x21, 0x84, 0x18, 0x70, 0x43, 0x3f, 0x66, 0xde, 0x65, 0xde, 0x65,
  0xfe, 0x65, 0xfe, 0x65, 0xfe, 0x65, 0xfe, 0x6d, 0xfe, 0x6d, 0xfe, 0x6d, 0xfe, 0x6d, 0xfe, 0x6d, 0x1e, 0x6e, 0xfe, 0x6d, 0xfd, 0x6d, 0x1e, 0x6e, 0x1e, 0x6e, 0x1e, 0x6e, 0x1d, 0x76, 0x1d, 0x76,
  0x1d, 0x76, 0x1d, 0x76, 0x1d, 0x76, 0x1d, 0x76, 0x1d, 0x76, 0x3d, 0x76, 0x3d, 0x76, 0x3d, 0x76, 0x3d, 0x7e, 0x3d, 0x7e, 0x3d, 0x7e, 0x3d, 0x7e, 0x3d, 0x7e, 0x3d, 0x7e, 0x3d, 0x7e, 0x3d, 0x7e,
  0x5d, 0x7e, 0x5d, 0x7e, 0x5d, 0x7e, 0x5d, 0x7e, 0x5d, 0x86, 0x5d, 0x86, 0x5d, 0x86, 0x5d, 0x86, 0x5d, 0x86, 0x5c, 0x86, 0x7d, 0x86, 0x7d, 0x86, 0x7d, 0x86, 0x7c, 0x86, 0x7c, 0x8e, 0x7c, 0x8e,
  0x7c, 0x8e, 0x7c, 0x8e, 0x7c, 0x8e, 0x7c, 0x8e, 0x7c, 0x8e, 0x9c, 0x8e, 0x9c, 0x8e, 0x9c, 0x8e, 0x9c, 0x8e, 0x9c, 0x8e, 0x9c, 0x96, 0x9c, 0x96, 0x9c, 0x96, 0xbc, 0x96, 0x9c, 0x96, 0x9c, 0x96,
  0xbc, 0x96, 0xbc, 0x96, 0xbc, 0x96, 0xbc, 0x96, 0xbc, 0x9e, 0xbc, 0x9e, 0xbc, 0x9e, 0xbc, 0x9e, 0xbb, 0x9e, 0xbc, 0x9e, 0xbc, 0x9e, 0xdc, 0x9e, 0xdc, 0x9e, 0xdb, 0x9e, 0xdb, 0x9e, 0xdb, 0xa6,
  0xdb, 0xa6, 0xdb, 0xa6, 0xfb, 0xa6, 0xdb, 0xa6, 0xdb, 0xa6, 0xfb, 0xa6, 0xfb, 0xa6, 0xfb, 0xa6, 0xfb, 0xa6, 0xfb, 0xa6, 0xfb, 0xae, 0xfb, 0xae, 0xfb, 0xae, 0xfb, 0xae, 0xfb, 0xae, 0xfb, 0xae,
  0x1b, 0xaf, 0x1b, 0xaf, 0xfb, 0xae, 0xce, 0x5b, 0xa2, 0x10, 0x54, 0x85, 0x7c, 0xbf, 0x37, 0x9e, 0x48, 0x3a, 0x00, 0x00, 0x00, 0x00, 0x08, 0x32, 0x98, 0xae, 0x74, 0x8d, 0x82, 0x10, 0x69, 0x3a,
  0x3a, 0xbf, 0xd9, 0xae, 0x1a, 0xb7, 0x70, 0x74, 0xa2, 0x10, 0x2f, 0x6c, 0xbc, 0xcf, 0x8c, 0x5b, 0x28, 0x3a, 0x9b, 0xc7, 0x15, 0x9e, 0x65, 0x29, 0x82, 0x10, 0x52, 0x8d, 0xfc, 0xd7, 0xbb, 0xcf,
  0x7a, 0xc7, 0x7a, 0xc7, 0x7a, 0xc7, 0x7a, 0xc7, 0x7a, 0xc7, 0x7a, 0xcf, 0x7a, 0xcf, 0x79, 0xcf, 0x7a, 0xcf, 0x7a, 0xcf, 0x99, 0xcf, 0x99, 0xcf, 0x99, 0xcf, 0x99, 0xcf, 0x99, 0xcf, 0x99, 0xcf,
  0x99, 0xd7, 0xfb, 0xdf, 0xac, 0x7b, 0xed, 0x2b, 0xfb, 0x47, 0xd9, 0x47, 0xfb, 0x47, 0x8f, 0x2c, 0xe7, 0x10, 0x0e, 0x19, 0x50, 0x19, 0x50, 0x19, 0x50, 0x19, 0x50, 0x19, 0x4f, 0x19, 0x4f, 0x19,
  0x50, 0x19, 0x2a, 0x21, 0xae, 0x63, 0x79, 0x9e, 0xfc, 0xa6, 0xfc, 0xa6, 0x18, 0x96, 0xcb, 0x3a, 0x53, 0x5d, 0xfe, 0x8f, 0xdd, 0x87, 0xdd, 0x87, 0xdd, 0x87, 0xdd, 0x87, 0xdd, 0x87, 0xdd, 0x87,
  0xdd, 0x87, 0xdd, 0x87, 0xdd, 0x87, 0xdd, 0x87, 0xdd, 0x87, 0xdd, 0x87, 0xdd, 0x87, 0xdd, 0x87, 0xdd, 0x87, 0xdd, 0x87, 0xdd, 0x87, 0xdd, 0x87, 0xdd, 0x87, 0xdd, 0x87, 0xdd, 0x87, 0xdd, 0x87,
  0xdd, 0x87, 0xdd, 0x87, 0xdd, 0x87, 0xdd, 0x87, 0xdd, 0x87, 0xdd, 0x87, 0xdd, 0x87, 0xdd, 0x87, 0xdd, 0x87, 0xdd, 0x87, 0xdd, 0x87, 0xdd, 0x87, 0xdd, 0x87, 0xdd, 0x87, 0xdd, 0x87, 0xdd, 0x87,
  0xdd, 0x87, 0xde, 0x7f, 0xdd, 0x87, 0xdd, 0x87, 0xde, 0x7f, 0xde, 0x87, 0xde, 0x87, 0xdd, 0x87, 0xdd, 0x7f, 0xdd, 0x7f, 0xde, 0x7f, 0xde, 0x7f, 0xde, 0x7f, 0xde, 0x7f, 0xde, 0x7f, 0xde, 0x7f,
  0xde, 0x7f, 0xde, 0x7f, 0xde, 0x7f, 0xde, 0x7f, 0xde, 0x7f, 0xde, 0x7f, 0xde, 0x7f, 0xde, 0x7f, 0xde, 0x7f, 0xde, 0x7f, 0xde, 0x7f, 0xde, 0x7f, 0xde, 0x7f, 0xde, 0x7f, 0xde, 0x7f, 0xde, 0x7f,
  0xde, 0x7f, 0xde, 0x7f, 0xde, 0x7f, 0xde, 0x7f, 0xde, 0x7f, 0xde, 0x7f, 0xde, 0x7f, 0xde, 0x7f, 0xde, 0x7f, 0xde, 0x7f, 0xbe, 0x7f, 0xde, 0x7f, 0xbe, 0x7f, 0xbe, 0x7f, 0xbe, 0x7f, 0xde, 0x7f,
  0xde, 0x7f, 0xde, 0x7f, 0xde, 0x7f, 0xde, 0x7f, 0xde, 0x77, 0xde, 0x7f, 0xde, 0x7f, 0xde, 0x7f, 0xde, 0x7f, 0xde, 0x77, 0xde, 0x77, 0xde, 0x77, 0xde, 0x77, 0xdf, 0x77, 0xde, 0x77, 0xdf, 0x77,
  0xdf, 0x77, 0xde, 0x77, 0xde, 0x77, 0xdf, 0x77, 0xdf, 0x77, 0xdf, 0x77, 0xdf, 0x77, 0xdf, 0x77, 0xdf, 0x77, 0xdf, 0x77, 0xdf, 0x77, 0xdf, 0x77, 0xdf, 0x77, 0xdf, 0x77, 0xdf, 0x77, 0xdf, 0x77,
  0xdf, 0x77, 0xdf, 0x77, 0xdf, 0x77, 0xff, 0x77, 0x39, 0x5e, 0xc3, 0x10, 0xcc, 0x10, 0xec, 0x10, 0xeb, 0x10, 0xec, 0x10, 0xec, 0x10, 0xeb, 0x10, 0xeb, 0x10, 0xeb, 0x10, 0xcb, 0x10, 0xeb, 0x10,
  0xb5, 0x21, 0xb4, 0x21, 0xb4, 0x21, 0xd4, 0x21, 0xd4, 0x21, 0xd4, 0x21, 0xd4, 0x21, 0xb4, 0x19, 0x55, 0x32, 0xf5, 0x21, 0xd5, 0x21, 0x84, 0x18, 0x70, 0x4b, 0x3f, 0x6e, 0xfe, 0x65, 0xfe, 0x65,
  0xfe, 0x65, 0xfe, 0x6d, 0xfe, 0x6d, 0xfe, 0x6d, 0xfe, 0x6d, 0xfe, 0x6d, 0xfe, 0x6d, 0xfe, 0x6d, 0xfd, 0x6d, 0x1e, 0x6e, 0x1e, 0x6e, 0x1d, 0x76, 0x1d, 0x76, 0x1d, 0x76, 0x1d, 0x76, 0x1d, 0x76,
  0x3d, 0x76, 0x1d, 0x76, 0x1d, 0x76, 0x3d, 0x76, 0x3d, 0x76, 0x3d, 0x76, 0x3d, 0x7e, 0x3d, 0x7e, 0x3d, 0x7e, 0x3d, 0x7e, 0x3d, 0x7e, 0x3d, 0x7e, 0x3d, 0x7e, 0x5d, 0x7e, 0x5d, 0x7e, 0x5d, 0x7e,
  0x5d, 0x7e, 0x5d, 0x86, 0x5d, 0x86, 0x5d, 0x86, 0x5d, 0x86, 0x5d, 0x86, 0x5c, 0x86, 0x5d, 0x86, 0x7d, 0x86, 0x7d, 0x86, 0x7d, 0x86, 0x7c, 0x86, 0x7c, 0x8e, 0x7c, 0x8e, 0x7c, 0x8e, 0x7c, 0x8e,
  0x7c, 0x8e, 0x7c, 0x8e, 0x9c, 0x8e, 0x9c, 0x8e, 0x9c, 0x8e, 0x9c, 0x8e, 0x9c, 0x8e, 0x9c, 0x96, 0x9c, 0x96, 0x9c, 0x96, 0x9c, 0x96, 0x9c, 0x96, 0x9c, 0x96, 0x9c, 0x96, 0xbc, 0x96, 0xbc, 0x96,
  0xbc, 0x96, 0xbc, 0x96, 0xbc, 0x9e, 0xbc, 0x9e, 0xbc, 0x9e, 0xdb, 0x9e, 0xbc, 0x9e, 0xbc, 0x9e, 0xdc, 0x9e, 0xdc, 0x9e, 0xdb, 0x9e, 0xdb, 0x9e, 0xdb, 0xa6, 0xdb, 0xa6, 0xdb, 0xa6, 0xdb, 0xa6,
  0xdb, 0xa6, 0xdb, 0xa6, 0xdb, 0xa6, 0xfb, 0xa6, 0xfb, 0xa6, 0xfb, 0xa6, 0xfb, 0xa6, 0xfb, 0xae, 0xfb, 0xae, 0xfb, 0xae, 0x1b, 0xaf, 0xfb, 0xae, 0xfb, 0xae, 0x1b, 0xaf, 0x1b, 0xaf, 0x1b, 0xaf,
  0x1b, 0xaf, 0x1b, 0xaf, 0x5c, 0xb7, 0xb2, 0x74, 0x41, 0x08, 0x70, 0x6c, 0x9c, 0xbf, 0x1a, 0xb7, 0x1a, 0xb7, 0xf6, 0x95, 0x28, 0x3a, 0x65, 0x21, 0x98, 0xae, 0x94, 0x8d, 0x82, 0x10, 0xaa, 0x42,
  0xfd, 0xcf, 0x5b, 0xbf, 0xbc, 0xcf, 0xf2, 0x7c, 0xa2, 0x10, 0x4f, 0x74, 0xb8, 0xae, 0xa9, 0x4a, 0xcd, 0x63, 0xdb, 0xcf, 0x7a, 0xc7, 0xd4, 0x9d, 0x65, 0x21, 0x00, 0x00, 0xe6, 0x31, 0x15, 0xa6,
  0xbb, 0xcf, 0x7a, 0xc7, 0x7a, 0xcf, 0x7a, 0xcf, 0x79, 0xcf, 0x7a, 0xcf, 0x7a, 0xcf, 0x7a, 0xcf, 0x99, 0xcf, 0x99, 0xcf, 0x99, 0xcf, 0x99, 0xcf, 0x99, 0xcf, 0x99, 0xcf, 0x99, 0xd7, 0x99, 0xd7,
  0x99, 0xd7, 0xfb, 0xdf, 0xac, 0x7b, 0xed, 0x2b, 0xfb, 0x47, 0xda, 0x47, 0xfb, 0x47, 0x8f, 0x24, 0xc7, 0x10, 0x0e, 0x19, 0x50, 0x19, 0x4f, 0x19, 0x4f, 0x19, 0x4f, 0x19, 0x4f, 0x19, 0x4f, 0x19,
  0x50, 0x19, 0x2a, 0x21, 0xae, 0x63, 0x79, 0x9e, 0xfb, 0xa6, 0x1c, 0xaf, 0x38, 0x96, 0xcb, 0x3a, 0x53, 0x5d, 0xfe, 0x8f, 0xdd, 0x87, 0xdd, 0x87, 0xdd, 0x87, 0xdd, 0x87, 0xdd, 0x87, 0xdd, 0x87,
  0xdd, 0x87, 0xdd, 0x87, 0xdd, 0x87, 0xdd, 0x87, 0xdd, 0x87, 0xdd, 0x87, 0xdd, 0x87, 0xdd, 0x87, 0xdd, 0x87, 0xdd, 0x87, 0xdd, 0x87, 0xdd, 0x87, 0xdd, 0x87, 0xdd, 0x87, 0xdd, 0x87, 0xdd, 0x87,
  0xdd, 0x87, 0xdd, 0x87, 0xdd, 0x87, 0xdd, 0x87, 0xdd, 0x87, 0xdd, 0x87, 0xdd, 0x87, 0xdd, 0x87, 0xdd, 0x87, 0xdd, 0x87, 0xdd, 0x87, 0xdd, 0x87, 0xdd, 0x87, 0xdd, 0x87, 0xdd, 0x87, 0xde, 0x7f,
  0xdd, 0x87, 0xde, 0x7f, 0xde, 0x7f, 0xde, 0x87, 0xde, 0x87, 0xdd, 0x7f, 0xdd, 0x7f, 0xde, 0x7f, 0xde, 0x7f, 0xde, 0x7f, 0xde, 0x7f, 0xde, 0x7f, 0xde, 0x7f, 0xde, 0x7f, 0xde, 0x7f, 0xde, 0x7f,
  0xde, 0x7f, 0xde, 0x7f, 0xde, 0x7f, 0xde, 0x7f, 0xde, 0x7f, 0xde, 0x7f, 0xde, 0x7f, 0xde, 0x7f, 0xde, 0x7f, 0xde, 0x7f, 0xde, 0x7f, 0xde, 0x7f, 0xde, 0x7f, 0xde, 0x7f, 0xde, 0x7f, 0xde, 0x7f,
  0xde, 0x7f, 0xde, 0x7f, 0xde, 0x7f, 0xde, 0x7f, 0xde, 0x7f, 0xde, 0x7f, 0xde, 0x7f, 0xbe, 0x7f, 0xde, 0x7f, 0xde, 0x7f, 0xbe, 0x7f, 0xbe, 0x7f, 0xde, 0x7f, 0xde, 0x7f, 0xde, 0x7f, 0xde, 0x7f,
  0xde, 0x7f, 0xde, 0x7f, 0xde, 0x77, 0xde, 0x7f, 0xde, 0x7f, 0xde, 0x7f, 0xde, 0x7f, 0xde, 0x77, 0xde, 0x77, 0xde, 0x77, 0xdf, 0x77, 0xde, 0x77, 0xde, 0x77, 0xdf, 0x77, 0xdf, 0x77, 0xde, 0x77,
  0xde, 0x77, 0xdf, 0x77, 0xdf, 0x77, 0xdf, 0x77, 0xdf, 0x77, 0xdf, 0x77, 0xdf, 0x77, 0xdf, 0x77, 0xdf, 0x77, 0xdf, 0x77, 0xdf, 0x77, 0xdf, 0x77, 0xdf, 0x77, 0xdf, 0x77, 0xdf, 0x77, 0xdf, 0x77,
  0xdf, 0x77, 0xdf, 0x77, 0xdf, 0x77, 0xff, 0x77, 0x39, 0x5e, 0xc3, 0x10, 0xcc, 0x10, 0xec, 0x10, 0xec, 0x10, 0xeb, 0x10, 0xeb, 0x10, 0xeb, 0x10, 0xcb, 0x10, 0xeb, 0x10, 0xcb, 0x10, 0xcb, 0x10,
  0xd4, 0x21, 0xd4, 0x21, 0xd4, 0x21, 0xd4, 0x21, 0xd4, 0x21, 0xd4, 0x21, 0xd4, 0x21, 0xb4, 0x21, 0x35, 0x32, 0xd5, 0x21, 0xd5, 0x21, 0x84, 0x18, 0x70, 0x4b, 0x3f, 0x6e, 0xfe, 0x6d, 0xfe, 0x6d,
  0xfe, 0x6d, 0xfe, 0x6d, 0xfe, 0x6d, 0x1e, 0x6e, 0xfe, 0x6d, 0xfd, 0x6d, 0x1e, 0x6e, 0x1e, 0x6e, 0x1e, 0x6e, 0x1d, 0x76, 0x1d, 0x76, 0x1d, 0x76, 0x1d, 0x76, 0x1d, 0x76, 0x1d, 0x76, 0x1d, 0x76,
  0x1d, 0x76, 0x3d, 0x76, 0x3d, 0x76, 0x3d, 0x7e, 0x3d, 0x7e, 0x3d, 0x7e, 0x3d, 0x7e, 0x3d, 0x7e, 0x5d, 0x7e, 0x3d, 0x7e, 0x3d, 0x7e, 0x5d, 0x7e, 0x5d, 0x7e, 0x5d, 0x7e, 0x5d, 0x7e, 0x5d, 0x86,
  0x5d, 0x86, 0x5d, 0x86, 0x5d, 0x86, 0x7d, 0x86, 0x5c, 0x86, 0x7d, 0x86, 0x7d, 0x86, 0x7d, 0x86, 0x7c, 0x86, 0x7c, 0x8e, 0x7c, 0x8e, 0x7c, 0x8e, 0x7c, 0x8e, 0x7c, 0x8e, 0x9c, 0x8e, 0x7c, 0x8e,
  0x9c, 0x8e, 0x9c, 0x8e, 0x9c, 0x8e, 0x9c, 0x8e, 0x9c, 0x8e, 0x9c, 0x96, 0x9c, 0x96, 0x9c, 0x96, 0xbc, 0x96, 0x9c, 0x96, 0x9c, 0x96, 0xbc, 0x96, 0xbc, 0x96, 0xbc, 0x96, 0xbc, 0x96, 0xbc, 0x9e,
  0xbc, 0x9e, 0xbc, 0x9e, 0xbc, 0x9e, 0xdb, 0x9e, 0xbc, 0x9e, 0xbc, 0x9e, 0xdc, 0x9e, 0xdc, 0x9e, 0xdb, 0x9e, 0xdb, 0x9e, 0xdb, 0xa6, 0xdb, 0xa6, 0xdb, 0xa6, 0xfb, 0xa6, 0xdb, 0xa6, 0xdb, 0xa6,
  0xfb, 0xa6, 0xfb, 0xa6, 0xfb, 0xa6, 0xfb, 0xa6, 0xfb, 0xa6, 0xfb, 0xae, 0xfb, 0xae, 0xfb, 0xae, 0x1b, 0xaf, 0xfb, 0xae, 0xfb, 0xae, 0x1b, 0xaf, 0x1b, 0xaf, 0x1b, 0xaf, 0x1b, 0xaf, 0x1b, 0xb7,
  0x1b, 0xb7, 0x1b, 0xb7, 0x5b, 0xb7, 0xd6, 0x95, 0x45, 0x21, 0xe7, 0x31, 0x3b, 0xb7, 0x7c, 0xbf, 0x7b, 0xbf, 0x78, 0xa6, 0x69, 0x3a, 0x85, 0x29, 0xb8, 0xae, 0x94, 0x8d, 0x82, 0x10, 0x89, 0x42,
  0xdc, 0xcf, 0x5a, 0xbf, 0xbb, 0xc7, 0xd1, 0x7c, 0xa2, 0x10, 0x90, 0x7c, 0x32, 0x8d, 0xa6, 0x29, 0xb4, 0x95, 0x9b, 0xcf, 0x7a, 0xc7, 0x7a, 0xc7, 0x9a, 0xcf, 0xd1, 0x84, 0x41, 0x08, 0x68, 0x42,
  0xf8, 0xbe, 0x9a, 0xcf, 0x79, 0xcf, 0x7a, 0xcf, 0x7a, 0xcf, 0x99, 0xcf, 0x99, 0xcf, 0x99, 0xcf, 0x99, 0xcf, 0x99, 0xcf, 0x99, 0xcf, 0x99, 0xd7, 0x99, 0xd7, 0x99, 0xd7, 0x99, 0xd7, 0x99, 0xd7,
  0xb9, 0xd7, 0xfa, 0xe7, 0xac, 0x7b, 0xed, 0x2b, 0xfb, 0x47, 0xda, 0x3f, 0xfb, 0x47, 0x8f, 0x24, 0xc7, 0x10, 0x0e, 0x19, 0x50, 0x19, 0x4f, 0x19, 0x4f, 0x19, 0x4f, 0x19, 0x4f, 0x19, 0x4f, 0x19,
  0x50, 0x19, 0x2a, 0x21, 0xae, 0x63, 0x79, 0x9e, 0xfb, 0xa6, 0x1c, 0xaf, 0x38, 0x96, 0xcb, 0x3a, 0x53, 0x5d, 0xfe, 0x8f, 0xdd, 0x87, 0xdd, 0x87, 0xdd, 0x87, 0xdd, 0x87, 0xdd, 0x87, 0xdd, 0x87,
  0xdd, 0x87, 0xdd, 0x87, 0xdd, 0x87, 0xdd, 0x87, 0xdd, 0x87, 0xdd, 0x87, 0xdd, 0x87, 0xdd, 0x87, 0xdd, 0x87, 0xdd, 0x87, 0xdd, 0x87, 0xdd, 0x87, 0xdd, 0x87, 0xdd, 0x87, 0xdd, 0x87, 0xdd, 0x87,
  0xdd, 0x87, 0xdd, 0x87, 0xdd, 0x87, 0xdd, 0x87, 0xdd, 0x87, 0xdd, 0x87, 0xdd, 0x87, 0xdd, 0x87, 0xdd, 0x87, 0xdd, 0x87, 0xdd, 0x87, 0xdd, 0x87, 0xde, 0x7f, 0xdd, 0x87, 0xdd, 0x87, 0xde, 0x7f,
  0xde, 0x7f, 0xde, 0x87, 0xdd, 0x87, 0xdd, 0x7f, 0xdd, 0x7f, 0xde, 0x7f, 0xde, 0x7f, 0xde, 0x7f, 0xde, 0x7f, 0xde, 0x7f, 0xde, 0x7f, 0xde, 0x7f, 0xde, 0x7f, 0xde, 0x7f, 0xde, 0x7f, 0xde, 0x7f,
  0xde, 0x7f, 0xde, 0x7f, 0xde, 0x7f, 0xde, 0x7f, 0xde, 0x7f, 0xde, 0x7f, 0xde, 0x7f, 0xde, 0x7f, 0xde, 0x7f, 0xde, 0x7f, 0xde, 0x7f, 0xde, 0x7f, 0xde, 0x7f, 0xde, 0x7f, 0xde, 0x7f, 0xde, 0x7f,
  0xde, 0x7f, 0xde, 0x7f, 0xde, 0x7f, 0xde, 0x7f, 0xde, 0x7f, 0xbe, 0x7f, 0xde, 0x7f, 0xbe, 0x7f, 0xbe, 0x7f, 0xbe, 0x7f, 0xde, 0x7f, 0xde, 0x7f, 0xde, 0x7f, 0xde, 0x7f, 0xde, 0x7f, 0xde, 0x77,
  0xde, 0x7f, 0xde, 0x7f, 0xde, 0x7f, 0xde, 0x7f, 0xde, 0x77, 0xde, 0x77, 0xde, 0x77, 0xde, 0x77, 0xdf, 0x77, 0xde, 0x77, 0xdf, 0x77, 0xdf, 0x77, 0xde, 0x77, 0xde, 0x77, 0xde, 0x77, 0xdf, 0x77,
  0xdf, 0x77, 0xdf, 0x77, 0xdf, 0x77, 0xdf, 0x77, 0xdf, 0x77, 0xdf, 0x77, 0xdf, 0x77, 0xdf, 0x77, 0xdf, 0x77, 0xdf, 0x77, 0xdf, 0x77, 0xdf, 0x77, 0xdf, 0x77, 0xdf, 0x77, 0xdf, 0x77, 0xdf, 0x77,
  0xdf, 0x77, 0xdf, 0x77, 0xdf, 0x77, 0xff, 0x77, 0x39, 0x5e, 0xc3, 0x10, 0xcc, 0x10, 0xeb, 0x10, 0xeb, 0x10, 0xcb, 0x10, 0xeb, 0x10, 0xeb, 0x10, 0xcb, 0x10, 0xcb, 0x10, 0xeb, 0x10, 0xeb, 0x10,
  0xd4, 0x21, 0xd4, 0x21, 0xd4, 0x21, 0xd4, 0x21, 0xd4, 0x21, 0xb4, 0x21, 0xb4, 0x21, 0xb4, 0x21, 0x35, 0x32, 0xf4, 0x21, 0xd5, 0x21, 0x83, 0x18, 0x70, 0x4b, 0x3f, 0x6e, 0xfe, 0x6d, 0xfe, 0x6d,
  0xfe, 0x6d, 0xfe, 0x6d, 0xfe, 0x6d, 0xfd, 0x6d, 0x1e, 0x6e, 0x1e, 0x6e, 0x1d, 0x76, 0x1d, 0x76, 0x1d, 0x76, 0x1d, 0x76, 0x1d, 0x76, 0x3d, 0x76, 0x1d, 0x76, 0x1d, 0x76, 0x3d, 0x76, 0x3d, 0x76,
  0x3d, 0x76, 0x3d, 0x7e, 0x3d, 0x7e, 0x3d, 0x7e, 0x3d, 0x7e, 0x3d, 0x7e, 0x3d, 0x7e, 0x3d, 0x7e, 0x3d, 0x7e, 0x5d, 0x7e, 0x5d, 0x7e, 0x5d, 0x7e, 0x5d, 0x86, 0x5d, 0x86, 0x5d, 0x86, 0x5d, 0x86,
  0x7d, 0x86, 0x5c, 0x86, 0x5d, 0x86, 0x7d, 0x86, 0x7d, 0x86, 0x7d, 0x86, 0x7c, 0x86, 0x7c, 0x8e, 0x7c, 0x8e, 0x7c, 0x8e, 0x7c, 0x8e, 0x7c, 0x8e, 0x7c, 0x8e, 0x9c, 0x8e, 0x9c, 0x8e, 0x9c, 0x8e,
  0x9c, 0x96, 0x9c, 0x8e, 0x9c, 0x96, 0x9c, 0x96, 0x9c, 0x96, 0x9c, 0x96, 0xbc, 0x96, 0x9c, 0x96, 0x9c, 0x96, 0xbc, 0x96, 0xbc, 0x96, 0xbc, 0x96, 0xbc, 0x96, 0xbc, 0x9e, 0xbc, 0x9e, 0xbc, 0x9e,
  0xdb, 0x9e, 0xbc, 0x9e, 0xbc, 0x9e, 0xdc, 0x9e, 0xdc, 0x9e, 0xdb, 0x9e, 0xdb, 0x9e, 0xdb, 0xa6, 0xdb, 0xa6, 0xdb, 0xa6, 0xdb, 0xa6, 0xfb, 0xa6, 0xdb, 0xa6, 0xdb, 0xa6, 0xfb, 0xa6, 0xfb, 0xa6,
  0xfb, 0xa6, 0xfb, 0xa6, 0xfb, 0xae, 0xfb, 0xae, 0xfb, 0xae, 0x1b, 0xaf, 0xfb, 0xae, 0xfb, 0xae, 0x1b, 0xaf, 0x1b, 0xaf, 0x1b, 0xaf, 0x1b, 0xaf, 0x1b, 0xaf, 0x1b, 0xb7, 0x1b, 0xb7, 0x1b, 0xb7,
  0x1a, 0xb7, 0x1b, 0xb7, 0x3b, 0xb7, 0x3b, 0xb7, 0x91, 0x74, 0x00, 0x00, 0x24, 0x21, 0xf5, 0x95, 0xff, 0xd7, 0x1a, 0xb7, 0x89, 0x42, 0x65, 0x21, 0xb8, 0xae, 0x94, 0x95, 0x82, 0x08, 0xa9, 0x42,
  0xdc, 0xcf, 0x5a, 0xbf, 0xbb, 0xcf, 0xd1, 0x84, 0xa2, 0x10, 0x0e, 0x6c, 0xcd, 0x63, 0x68, 0x42, 0x7a, 0xc7, 0x7a, 0xc7, 0x9b, 0xcf, 0xfc, 0xdf, 0xfe, 0xe7, 0xb7, 0xb6, 0x44, 0x21, 0x68, 0x42,
  0x9a, 0xcf, 0x9a, 0xcf, 0x7a, 0xcf, 0x99, 0xcf, 0x99, 0xcf, 0x99, 0xcf, 0x99, 0xcf, 0x99, 0xcf, 0x99, 0xcf, 0x99, 0xd7, 0x99, 0xd7, 0xb9, 0xd7, 0x99, 0xd7, 0xb9, 0xd7, 0xb9, 0xd7, 0xb9, 0xd7,
  0xb9, 0xd7, 0xfa, 0xe7, 0xac, 0x7b, 0xed, 0x2b, 0xfb, 0x47, 0xda, 0x47, 0xfb, 0x47, 0x8f, 0x24, 0xc7, 0x08, 0x0e, 0x19, 0x50, 0x19, 0x4f, 0x19, 0x4f, 0x19, 0x4f, 0x19, 0x4f, 0x19, 0x2f, 0x19,
  0x30, 0x19, 0x2a, 0x21, 0xae, 0x63, 0x79, 0x9e, 0x1b, 0xaf, 0x1b, 0xaf, 0x38, 0x96, 0xcb, 0x42, 0x53, 0x5d, 0xfe, 0x8f, 0xdd, 0x87, 0xdd, 0x87, 0xdd, 0x87, 0xdd, 0x87, 0xdd, 0x87, 0xdd, 0x87,
  0xdd, 0x87, 0xdd, 0x87, 0xdd, 0x87, 0xdd, 0x87, 0xdd, 0x87, 0xdd, 0x87, 0xdd, 0x87, 0xdd, 0x87, 0xdd, 0x87, 0xdd, 0x87, 0xdd, 0x87, 0xdd, 0x87, 0xdd, 0x87, 0xdd, 0x87, 0xdd, 0x87, 0xdd, 0x87,
  0xdd, 0x87, 0xdd, 0x87, 0xdd, 0x87, 0xdd, 0x87, 0xdd, 0x87, 0xdd, 0x87, 0xdd, 0x87, 0xdd, 0x87, 0xdd, 0x87, 0xdd, 0x87, 0xde, 0x7f, 0xdd, 0x87, 0xde, 0x7f, 0xde, 0x7f, 0xde, 0x87, 0xde, 0x87,
  0xdd, 0x87, 0xdd, 0x7f, 0xde, 0x7f, 0xde, 0x7f, 0xde, 0x7f, 0xde, 0x7f, 0xde, 0x7f, 0xde, 0x7f, 0xde, 0x7f, 0xde, 0x7f, 0xde, 0x7f, 0xde, 0x7f, 0xde, 0x7f, 0xde, 0x7f, 0xde, 0x7f, 0xde, 0x7f,
  0xde, 0x7f, 0xde, 0x7f, 0xde, 0x7f, 0xde, 0x7f, 0xde, 0x7f, 0xde, 0x7f, 0xde, 0x7f, 0xde, 0x7f, 0xde, 0x7f, 0xde, 0x7f, 0xde, 0x7f, 0xde, 0x7f, 0xde, 0x7f, 0xde, 0x7f, 0xde, 0x7f, 0xde, 0x7f,
  0xde, 0x7f, 0xde, 0x7f, 0xde, 0x7f, 0xbe, 0x7f, 0xde, 0x7f, 0xbe, 0x7f, 0xbe, 0x7f, 0xde, 0x7f, 0xde, 0x7f, 0xde, 0x7f, 0xde, 0x7f, 0xde, 0x7f, 0xde, 0x7f, 0xde, 0x77, 0xde, 0x7f, 0xde, 0x7f,
  0xde, 0x7f, 0xde, 0x7f, 0xde, 0x77, 0xde, 0x77, 0xde, 0x77, 0xdf, 0x77, 0xde, 0x77, 0xde, 0x77, 0xdf, 0x77, 0xdf, 0x77, 0xde, 0x77, 0xde, 0x77, 0xdf, 0x77, 0xdf, 0x77, 0xdf, 0x77, 0xdf, 0x77,
  0xdf, 0x77, 0xdf, 0x77, 0xdf, 0x77, 0xdf, 0x77, 0xdf, 0x77, 0xdf, 0x77, 0xdf, 0x77, 0xdf, 0x77, 0xdf, 0x77, 0xdf, 0x77, 0xdf, 0x77, 0xdf, 0x77, 0xdf, 0x77, 0xdf, 0x77, 0xdf, 0x77, 0xdf, 0x77,
  0xdf, 0x77, 0xdf, 0x77, 0xdf, 0x77, 0xff, 0x77, 0x39, 0x5e, 0xc3, 0x10, 0xcc, 0x10, 0xcb, 0x10, 0xeb, 0x10, 0xcb, 0x10, 0xcb, 0x10, 0xcb, 0x10, 0xeb, 0x10, 0xeb, 0x10, 0xeb, 0x10, 0xeb, 0x10,
  0xd4, 0x21, 0xd4, 0x21, 0xb4, 0x21, 0xb4, 0x21, 0xb4, 0x21, 0xb4, 0x21, 0xb4, 0x21, 0xb4, 0x21, 0x35, 0x32, 0xf4, 0x21, 0xb5, 0x21, 0xc7, 0x18, 0x70, 0x4b, 0x5f, 0x76, 0x1e, 0x6e, 0xfe, 0x6d,
  0xfd, 0x6d, 0x1e, 0x6e, 0x1e, 0x6e, 0x1e, 0x6e, 0x1d, 0x76, 0x1d, 0x76, 0x1d, 0x76, 0x1d, 0x76, 0x1d, 0x76, 0x3d, 0x76, 0x1d, 0x76, 0x1d, 0x76, 0x3d, 0x76, 0x3d, 0x7e, 0x3d, 0x7e, 0x3d, 0x7e,
  0x3d, 0x7e, 0x3d, 0x7e, 0x3d, 0x7e, 0x5d, 0x7e, 0x3d, 0x7e, 0x3d, 0x7e, 0x5d, 0x7e, 0x5d, 0x7e, 0x5d, 0x7e, 0x5d, 0x7e, 0x5d, 0x86, 0x5d, 0x86, 0x5d, 0x86, 0x5d, 0x86, 0x7d, 0x86, 0x5c, 0x86,
  0x5d, 0x86, 0x7d, 0x86, 0x7d, 0x86, 0x7c, 0x86, 0x7c, 0x8e, 0x7c, 0x8e, 0x7c, 0x8e, 0x7c, 0x8e, 0x7c, 0x8e, 0x9c, 0x8e, 0x7c, 0x8e, 0x9c, 0x8e, 0x9c, 0x8e, 0x9c, 0x8e, 0x9c, 0x8e, 0x9c, 0x8e,
  0x9c, 0x96, 0x9c, 0x96, 0x9c, 0x96, 0x9c, 0x96, 0xbc, 0x96, 0x9c, 0x96, 0xbc, 0x96, 0xbc, 0x96, 0xbc, 0x96, 0xbc, 0x96, 0xbc, 0x9e, 0xbc, 0x9e, 0xbc, 0x9e, 0xbc, 0x9e, 0xdb, 0x9e, 0xbc, 0x9e,
  0xbc, 0x9e, 0xdc, 0x9e, 0xdc, 0x9e, 0xdb, 0x9e, 0xdb, 0x9e, 0xdb, 0xa6, 0xdb, 0xa6, 0xdb, 0xa6, 0xfb, 0xa6, 0xdb, 0xa6, 0xdb, 0xa6, 0xfb, 0xa6, 0xfb, 0xa6, 0xfb, 0xa6, 0xfb, 0xa6, 0xfb, 0xa6,
  0xfb, 0xae, 0xfb, 0xae, 0xfb, 0xae, 0x1b, 0xaf, 0xfb, 0xae, 0xfb, 0xae, 0x1b, 0xaf, 0x1b, 0xaf, 0x1b, 0xaf, 0x1b, 0xaf, 0x1b, 0xb7, 0x1b, 0xb7, 0x1b, 0xb7, 0x1a, 0xb7, 0x3b, 0xb7, 0x1b, 0xb7,
  0x3b, 0xb7, 0x3a, 0xb7, 0x3a, 0xb7, 0x3b, 0xb7, 0x5b, 0xbf, 0xb5, 0x95, 0x85, 0x21, 0x00, 0x00, 0x00, 0x00, 0x00, 0x00, 0x00, 0x00, 0xaa, 0x4a, 0x3a, 0xbf, 0x53, 0x8d, 0x00, 0x00, 0x27, 0x3a,
  0xfc, 0xcf, 0x5a, 0xc7, 0xbb, 0xcf, 0x90, 0x7c, 0x21, 0x00, 0x89, 0x42, 0x2b, 0x5b, 0x90, 0x7c, 0xbb, 0xcf, 0xba, 0xcf, 0x93, 0x95, 0xe3, 0x18, 0x00, 0x00, 0x00, 0x00, 0x85, 0x29, 0xd4, 0x9d,
  0xda, 0xd7, 0x99, 0xcf, 0x99, 0xcf, 0x99, 0xcf, 0x99, 0xd7, 0x99, 0xcf, 0x99, 0xd7, 0x99, 0xd7, 0x99, 0xd7, 0x99, 0xd7, 0x99, 0xd7, 0xb9, 0xd7, 0xb9, 0xd7, 0xb9, 0xd7, 0xb9, 0xd7, 0xb9, 0xd7,
  0xb9, 0xdf, 0xfa, 0xe7, 0xcc, 0x7b, 0xed, 0x2b, 0xfb, 0x47, 0xda, 0x3f, 0xfb, 0x47, 0x8f, 0x24, 0xc7, 0x08, 0x0e, 0x19, 0x4f, 0x19, 0x4f, 0x19, 0x4f, 0x19, 0x2f, 0x19, 0x4f, 0x19, 0x2f, 0x19,
  0x30, 0x19, 0x2a, 0x21, 0xae, 0x63, 0x79, 0x9e, 0x1b, 0xaf, 0x1b, 0xaf, 0x38, 0x96, 0xcb, 0x42, 0x53, 0x5d, 0xfe, 0x8f, 0xdd, 0x87, 0xdd, 0x87, 0xdd, 0x87, 0xdd, 0x87, 0xdd, 0x87, 0xdd, 0x87,
  0xdd, 0x87, 0xdd, 0x87, 0xdd, 0x87, 0xdd, 0x87, 0xdd, 0x87, 0xdd, 0x87, 0xdd, 0x87, 0xdd, 0x87, 0xdd, 0x87, 0xdd, 0x87, 0xdd, 0x87, 0xdd, 0x87, 0xdd, 0x87, 0xdd, 0x87, 0xdd, 0x87, 0xdd, 0x87,
  0xdd, 0x87, 0xdd, 0x87, 0xdd, 0x87, 0xdd, 0x87, 0xdd, 0x87, 0xdd, 0x87, 0xdd, 0x87, 0xde, 0x7f, 0xdd, 0x87, 0xdd, 0x87, 0xde, 0x7f, 0xde, 0x7f, 0xde, 0x87, 0xdd, 0x87, 0xdd, 0x7f, 0xdd, 0x7f,
  0xde, 0x7f, 0xde, 0x7f, 0xde, 0x7f, 0xde, 0x7f, 0xde, 0x7f, 0xde, 0x7f, 0xde, 0x7f, 0xde, 0x7f, 0xde, 0x7f, 0xde, 0x7f, 0xde, 0x7f, 0xde, 0x7f, 0xde, 0x7f, 0xde, 0x7f, 0xde, 0x7f, 0xde, 0x7f,
  0xde, 0x7f, 0xde, 0x7f, 0xde, 0x7f, 0xde, 0x7f, 0xde, 0x7f, 0xde, 0x7f, 0xde, 0x7f, 0xde, 0x7f, 0xde, 0x7f, 0xde, 0x7f, 0xde, 0x7f, 0xde, 0x7f, 0xde, 0x7f, 0xde, 0x7f, 0xde, 0x7f, 0xde, 0x7f,
  0xbe, 0x7f, 0xde, 0x7f, 0xde, 0x7f, 0xbe, 0x7f, 0xbe, 0x7f, 0xde, 0x7f, 0xde, 0x7f, 0xde, 0x7f, 0xde, 0x7f, 0xde, 0x7f, 0xde, 0x77, 0xde, 0x7f, 0xde, 0x7f, 0xde, 0x7f, 0xde, 0x7f, 0xde, 0x77,
  0xde, 0x77, 0xde, 0x77, 0xde, 0x77, 0xdf, 0x77, 0xde, 0x77, 0xdf, 0x77, 0xdf, 0x77, 0xde, 0x77, 0xde, 0x77, 0xde, 0x77, 0xdf, 0x77, 0xdf, 0x77, 0xdf, 0x77, 0xdf, 0x77, 0xdf, 0x77, 0xdf, 0x77,
  0xdf, 0x77, 0xdf, 0x77, 0xdf, 0x77, 0xdf, 0x77, 0xdf, 0x77, 0xdf, 0x77, 0xdf, 0x77, 0xdf, 0x77, 0xdf, 0x77, 0xdf, 0x77, 0xdf, 0x77, 0xdf, 0x77, 0xdf, 0x77, 0xdf, 0x77, 0xdf, 0x77, 0xdf, 0x77,
  0xdf, 0x77, 0xdf, 0x77, 0xdf, 0x77, 0xff, 0x77, 0x39, 0x5e, 0xc3, 0x10, 0xcc, 0x10, 0xcb, 0x10, 0xcb, 0x10, 0xeb, 0x10, 0xeb, 0x10, 0xeb, 0x10, 0xeb, 0x10, 0xeb, 0x10, 0xeb, 0x10, 0xeb, 0x10,
  0xb4, 0x21, 0xb4, 0x21, 0xb4, 0x21, 0xb4, 0x21, 0xb4, 0x21, 0xb4, 0x21, 0xb4, 0x21, 0xb4, 0x21, 0x35, 0x32, 0xf4, 0x21, 0xb5, 0x21, 0xc7, 0x18, 0x70, 0x4b, 0x5f, 0x76, 0xfd, 0x6d, 0x1e, 0x6e,
  0x1e, 0x6e, 0x1e, 0x6e, 0x1d, 0x76, 0x1d, 0x76, 0x1d, 0x76, 0x1d, 0x76, 0x3d, 0x76, 0x1d, 0x76, 0x1d, 0x76, 0x3d, 0x76, 0x3d, 0x76, 0x3d, 0x76, 0x3d, 0x7e, 0x3d, 0x7e, 0x3d, 0x7e, 0x3d, 0x7e,
  0x3d, 0x7e, 0x5d, 0x7e, 0x3d, 0x7e, 0x3d, 0x7e, 0x5d, 0x7e, 0x5d, 0x86, 0x5d, 0x7e, 0x5d, 0x86, 0x5d, 0x86, 0x5d, 0x86, 0x5d, 0x86, 0x7d, 0x86, 0x5c, 0x86, 0x5d, 0x86, 0x7d, 0x86, 0x7d, 0x86,
  0x7d, 0x86, 0x7c, 0x86, 0x7c, 0x8e, 0x7c, 0x8e, 0x7c, 0x8e, 0x7c, 0x8e, 0x7c, 0x8e, 0x7c, 0x8e, 0x9c, 0x8e, 0x9c, 0x8e, 0x9c, 0x8e, 0x9c, 0x96, 0x9c, 0x8e, 0x9c, 0x96, 0x9c, 0x96, 0x9c, 0x96,
  0x9c, 0x96, 0xbc, 0x96, 0x9c, 0x96, 0x9c, 0x96, 0xbc, 0x96, 0xbc, 0x96, 0xbc, 0x96, 0xbc, 0x96, 0xbc, 0x9e, 0xbc, 0x9e, 0xbc, 0x9e, 0xdb, 0x9e, 0xbb, 0x9e, 0xbc, 0x9e, 0xdc, 0x9e, 0xdc, 0x9e,
  0xdb, 0x9e, 0xdb, 0x9e, 0xdb, 0xa6, 0xdb, 0xa6, 0xdb, 0xa6, 0xdb, 0xa6, 0xfb, 0xa6, 0xdb, 0xa6, 0xdb, 0xa6, 0xfb, 0xa6, 0xfb, 0xa6, 0xfb, 0xa6, 0xfb, 0xa6, 0xfb, 0xae, 0xfb, 0xae, 0xfb, 0xae,
  0x1b, 0xaf, 0xfb, 0xae, 0xfb, 0xae, 0x1b, 0xaf, 0x1b, 0xaf, 0x1b, 0xaf, 0x1b, 0xaf, 0x1b, 0xaf, 0x1b, 0xb7, 0x1b, 0xb7, 0x1b, 0xb7, 0x1a, 0xb7, 0x3b, 0xb7, 0x1b, 0xb7, 0x3b, 0xb7, 0x3a, 0xb7,
  0x3a, 0xb7, 0x3a, 0xbf, 0x3a, 0xb7, 0x3a, 0xbf, 0x5a, 0xbf, 0x5b, 0xbf, 0x3a, 0xbf, 0x1a, 0xbf, 0x1a, 0xbf, 0x3a, 0xbf, 0x3a, 0xbf, 0x5a, 0xbf, 0x7a, 0xc7, 0x5a, 0xc7, 0x3a, 0xbf, 0x5a, 0xc7,
  0x7a, 0xc7, 0x7a, 0xc7, 0x7a, 0xc7, 0x7a, 0xc7, 0x5a, 0xc7, 0xad, 0x63, 0x65, 0x29, 0x76, 0xae, 0xba, 0xcf, 0x7a, 0xcf, 0x79, 0xcf, 0x59, 0xc7, 0x59, 0xc7, 0x59, 0xc7, 0x79, 0xcf, 0x9a, 0xcf,
  0x99, 0xcf, 0x99, 0xcf, 0x99, 0xcf, 0x99, 0xcf, 0x99, 0xd7, 0x99, 0xd7, 0xb9, 0xd7, 0x99, 0xd7, 0xb9, 0xd7, 0xb9, 0xd7, 0xb9, 0xd7, 0xb9, 0xd7, 0xb9, 0xd7, 0xb9, 0xd7, 0xb9, 0xdf, 0xb9, 0xdf,
  0xd9, 0xdf, 0xfa, 0xe7, 0xcc, 0x7b, 0xed, 0x2b, 0xfb, 0x3f, 0xda, 0x3f, 0xfb, 0x47, 0x8f, 0x24, 0xc7, 0x08, 0x0e, 0x19, 0x4f, 0x19, 0x4f, 0x19, 0x4f, 0x19, 0x2f, 0x19, 0x2f, 0x19, 0x4f, 0x19,
  0x30, 0x19, 0x2a, 0x21, 0xae, 0x63, 0x79, 0xa6, 0x1b, 0xaf, 0x1b, 0xaf, 0x38, 0x96, 0xca, 0x3a, 0x53, 0x5d, 0xfe, 0x8f, 0xdd, 0x87, 0xdd, 0x87, 0xdd, 0x87, 0xdd, 0x87, 0xdd, 0x87, 0xdd, 0x87,
  0xdd, 0x87, 0xdd, 0x87, 0xdd, 0x87, 0xdd, 0x87, 0xdd, 0x87, 0xdd, 0x87, 0xdd, 0x87, 0xdd, 0x87, 0xdd, 0x87, 0xdd, 0x87, 0xdd, 0x87, 0xdd, 0x87, 0xdd, 0x87, 0xdd, 0x87, 0xdd, 0x87, 0xdd, 0x87,
  0xdd, 0x87, 0xdd, 0x87, 0xdd, 0x87, 0xdd, 0x87, 0xdd, 0x87, 0xde, 0x7f, 0xdd, 0x87, 0xde, 0x7f, 0xde, 0x7f, 0xde, 0x87, 0xde, 0x87, 0xdd, 0x87, 0xdd, 0x7f, 0xde, 0x7f, 0xde, 0x7f, 0xde, 0x7f,
  0xde, 0x7f, 0xde, 0x7f, 0xde, 0x7f, 0xde, 0x7f, 0xde, 0x7f, 0xde, 0x7f, 0xde, 0x7f, 0xde, 0x7f, 0xde, 0x7f, 0xde, 0x7f, 0xde, 0x7f, 0xde, 0x7f, 0xde, 0x7f, 0xde, 0x7f, 0xde, 0x7f, 0xde, 0x7f,
  0xde, 0x7f, 0xde, 0x7f, 0xde, 0x7f, 0xde, 0x7f, 0xde, 0x7f, 0xde, 0x7f, 0xde, 0x7f, 0xde, 0x7f, 0xde, 0x7f, 0xde, 0x7f, 0xde, 0x7f, 0xde, 0x7f, 0xde, 0x7f, 0xde, 0x7f, 0xbe, 0x7f, 0xde, 0x7f,
  0xbe, 0x7f, 0xbe, 0x7f, 0xbe, 0x7f, 0xde, 0x7f, 0xde, 0x7f, 0xde, 0x7f, 0xde, 0x7f, 0xde, 0x7f, 0xde, 0x77, 0xde, 0x7f, 0xde, 0x7f, 0xde, 0x7f, 0xde, 0x7f, 0xde, 0x77, 0xde, 0x77, 0xde, 0x77,
  0xdf, 0x77, 0xde, 0x77, 0xde, 0x77, 0xdf, 0x77, 0xdf, 0x77, 0xde, 0x77, 0xde, 0x77, 0xdf, 0x77, 0xdf, 0x77, 0xdf, 0x77, 0xdf, 0x77, 0xdf, 0x77, 0xdf, 0x77, 0xdf, 0x77, 0xdf, 0x77, 0xdf, 0x77,
  0xdf, 0x77, 0xdf, 0x77, 0xdf, 0x77, 0xdf, 0x77, 0xdf, 0x77, 0xdf, 0x77, 0xdf, 0x77, 0xdf, 0x77, 0xdf, 0x77, 0xdf, 0x77, 0xdf, 0x77, 0xdf, 0x77, 0xdf, 0x77, 0xdf, 0x77, 0xdf, 0x77, 0xdf, 0x77,
  0xdf, 0x77, 0xdf, 0x77, 0xdf, 0x77, 0xff, 0x77, 0x39, 0x5e, 0xc3, 0x10, 0xcc, 0x10, 0xeb, 0x10, 0xeb, 0x10, 0xeb, 0x10, 0xeb, 0x10, 0xeb, 0x10, 0xeb, 0x10, 0xeb, 0x10, 0xcb, 0x10, 0xcb, 0x10,
  0xb4, 0x21, 0xb4, 0x21, 0xb4, 0x21, 0xb4, 0x21, 0xb4, 0x21, 0xb4, 0x21, 0xb4, 0x21, 0xb4, 0x21, 0x35, 0x32, 0xd4, 0x21, 0xb4, 0x21, 0x0a, 0x21, 0x70, 0x4b, 0x5f, 0x76, 0x1e, 0x6e, 0x1d, 0x76,
  0x1d, 0x76, 0x1d, 0x76, 0x1d, 0x76, 0x1d, 0x76, 0x3d, 0x76, 0x1d, 0x76, 0x1d, 0x76, 0x3d, 0x76, 0x3d, 0x76, 0x3d, 0x7e, 0x3d, 0x7e, 0x3d, 0x7e, 0x3d, 0x7e, 0x3d, 0x7e, 0x5d, 0x7e, 0x3d, 0x7e,
  0x3d, 0x7e, 0x5d, 0x7e, 0x5d, 0x7e, 0x5d, 0x7e, 0x5d, 0x7e, 0x5d, 0x86, 0x5d, 0x86, 0x5d, 0x86, 0x5d, 0x86, 0x7d, 0x86, 0x5c, 0x86, 0x5d, 0x86, 0x7d, 0x86, 0x7d, 0x86, 0x7c, 0x86, 0x7c, 0x8e,
  0x7c, 0x8e, 0x7c, 0x8e, 0x7c, 0x8e, 0x7c, 0x8e, 0x9c, 0x8e, 0x7c, 0x8e, 0x9c, 0x8e, 0x9c, 0x8e, 0x9c, 0x8e, 0x9c, 0x8e, 0x9c, 0x8e, 0x9c, 0x96, 0x9c, 0x96, 0x9c, 0x96, 0x9c, 0x96, 0xbc, 0x96,
  0x9c, 0x96, 0xbc, 0x96, 0xbc, 0x96, 0xbc, 0x96, 0xbc, 0x96, 0xbc, 0x9e, 0xbc, 0x9e, 0xbc, 0x9e, 0xbc, 0x9e, 0xdb, 0x9e, 0xbc, 0x9e, 0xbc, 0x9e, 0xdc, 0x9e, 0xdc, 0x9e, 0xdb, 0x9e, 0xdb, 0x9e,
  0xdb, 0xa6, 0xdb, 0xa6, 0xdb, 0xa6, 0xfb, 0xa6, 0xdb, 0xa6, 0xdb, 0xa6, 0xfb, 0xa6, 0xfb, 0xa6, 0xfb, 0xa6, 0xfb, 0xae, 0xfb, 0xa6, 0xfb, 0xae, 0xfb, 0xae, 0xfb, 0xae, 0x1b, 0xaf, 0xfb, 0xae,
  0xfb, 0xae, 0x1b, 0xaf, 0x1b, 0xaf, 0x1b, 0xaf, 0x1b, 0xaf, 0x1b, 0xaf, 0x1b, 0xb7, 0x1b, 0xb7, 0x1a, 0xb7, 0x3a, 0xb7, 0x1b, 0xb7, 0x3b, 0xb7, 0x3a, 0xb7, 0x3a, 0xb7, 0x3a, 0xb7, 0x3a, 0xb7,
  0x3a, 0xb7, 0x3a, 0xbf, 0x3a, 0xbf, 0x3a, 0xbf, 0x5a, 0xbf, 0x5a, 0xbf, 0x5a, 0xbf, 0x5a, 0xbf, 0x5a, 0xc7, 0x7a, 0xc7, 0x7a, 0xc7, 0x7a, 0xc7, 0x5a, 0xc7, 0x5a, 0xc7, 0x7a, 0xc7, 0x7a, 0xc7,
  0x5a, 0xc7, 0x7a, 0xc7, 0x7a, 0xc7, 0x7a, 0xc7, 0x9a, 0xcf, 0x7a, 0xc7, 0x79, 0xc7, 0x9a, 0xcf, 0x7a, 0xcf, 0x9a, 0xcf, 0x9a, 0xcf, 0x9a, 0xcf, 0xba, 0xd7, 0x9a, 0xd7, 0xba, 0xd7, 0x99, 0xd7,
  0x99, 0xcf, 0x99, 0xd7, 0x99, 0xd7, 0xb9, 0xd7, 0x99, 0xd7, 0x99, 0xd7, 0xb9, 0xd7, 0xb9, 0xd7, 0xb9, 0xd7, 0xb9, 0xd7, 0xb9, 0xd7, 0xb9, 0xd7, 0xb9, 0xdf, 0xb9, 0xdf, 0xb9, 0xdf, 0xb9, 0xdf,
  0xd9, 0xdf, 0xfa, 0xef, 0xcc, 0x7b, 0xed, 0x2b, 0xfb, 0x3f, 0xda, 0x3f, 0xfb, 0x3f, 0x8f, 0x24, 0xc7, 0x08, 0x0e, 0x19, 0x4f, 0x19, 0x2f, 0x19, 0x2f, 0x19, 0x4f, 0x19, 0x4f, 0x19, 0x4f, 0x19,
  0x2f, 0x19, 0x2a, 0x21, 0xae, 0x63, 0x99, 0xa6, 0x1b, 0xaf, 0x1b, 0xaf, 0x38, 0x9e, 0xca, 0x42, 0x53, 0x5d, 0xfe, 0x8f, 0xdd, 0x87, 0xdd, 0x87, 0xdd, 0x87, 0xdd, 0x87, 0xdd, 0x87, 0xdd, 0x87,
  0xdd, 0x87, 0xdd, 0x87, 0xdd, 0x87, 0xdd, 0x87, 0xdd, 0x87, 0xdd, 0x87, 0xdd, 0x87, 0xdd, 0x87, 0xdd, 0x87, 0xdd, 0x87, 0xdd, 0x87, 0xdd, 0x87, 0xdd, 0x87, 0xdd, 0x87, 0xdd, 0x87, 0xdd, 0x87,
  0xdd, 0x87, 0xdd, 0x87, 0xde, 0x7f, 0xde, 0x7f, 0xdd, 0x87, 0xde, 0x7f, 0xde, 0x7f, 0xde, 0x87, 0xdd, 0x87, 0xdd, 0x7f, 0xdd, 0x7f, 0xde, 0x7f, 0xde, 0x7f, 0xde, 0x7f, 0xde, 0x7f, 0xde, 0x7f,
  0xde, 0x7f, 0xde, 0x7f, 0xde, 0x7f, 0xde, 0x7f, 0xde, 0x7f, 0xde, 0x7f, 0xde, 0x7f, 0xde, 0x7f, 0xde, 0x7f, 0xde, 0x7f, 0xde, 0x7f, 0xde, 0x7f, 0xde, 0x7f, 0xde, 0x7f, 0xde, 0x7f, 0xde, 0x7f,
  0xde, 0x7f, 0xde, 0x7f, 0xde, 0x7f, 0xde, 0x7f, 0xde, 0x7f, 0xde, 0x7f, 0xde, 0x7f, 0xde, 0x7f, 0xde, 0x7f, 0xde, 0x7f, 0xde, 0x7f, 0xbe, 0x7f, 0xbe, 0x7f, 0xde, 0x7f, 0xbe, 0x7f, 0xbe, 0x7f,
  0xde, 0x7f, 0xde, 0x7f, 0xde, 0x7f, 0xde, 0x7f, 0xde, 0x7f, 0xde, 0x77, 0xde, 0x77, 0xde, 0x7f, 0xde, 0x7f, 0xde, 0x7f, 0xde, 0x77, 0xde, 0x77, 0xde, 0x77, 0xde, 0x77, 0xdf, 0x77, 0xde, 0x77,
  0xdf, 0x77, 0xdf, 0x77, 0xde, 0x77, 0xde, 0x77, 0xde, 0x77, 0xdf, 0x77, 0xdf, 0x77, 0xdf, 0x77, 0xdf, 0x77, 0xdf, 0x77, 0xdf, 0x77, 0xdf, 0x77, 0xdf, 0x77, 0xdf, 0x77, 0xdf, 0x77, 0xdf, 0x77,
  0xdf, 0x77, 0xdf, 0x77, 0xdf, 0x77, 0xdf, 0x77, 0xdf, 0x77, 0xdf, 0x77, 0xdf, 0x77, 0xdf, 0x77, 0xdf, 0x77, 0xdf, 0x77, 0xdf, 0x77, 0xdf, 0x77, 0xdf, 0x77, 0xdf, 0x77, 0xdf, 0x77, 0xdf, 0x77,
  0xdf, 0x77, 0xdf, 0x77, 0xbf, 0x77, 0xff, 0x77, 0x39, 0x5e, 0xc3, 0x10, 0xcc, 0x10, 0xeb, 0x10, 0xeb, 0x10, 0xeb, 0x10, 0xeb, 0x10, 0xcb, 0x10, 0xcb, 0x10, 0xcb, 0x10, 0xcb, 0x10, 0xcb, 0x10,
  0xb4, 0x21, 0xb4, 0x21, 0xb4, 0x21, 0xb4, 0x21, 0xb4, 0x21, 0xb4, 0x21, 0xb4, 0x21, 0xb4, 0x21, 0x35, 0x32, 0xd4, 0x21, 0xb4, 0x21, 0x0a, 0x21, 0x90, 0x4b, 0x5f, 0x76, 0x1d, 0x76, 0x1d, 0x76,
  0x1d, 0x76, 0x3d, 0x76, 0x1d, 0x76, 0x1d, 0x76, 0x3d, 0x76, 0x3d, 0x76, 0x3d, 0x76, 0x3d, 0x7e, 0x3d, 0x7e, 0x3d, 0x7e, 0x3d, 0x7e, 0x3d, 0x7e, 0x5d, 0x7e, 0x3d, 0x7e, 0x3d, 0x7e, 0x5d, 0x7e,
  0x5d, 0x7e, 0x5d, 0x7e, 0x5d, 0x86, 0x5d, 0x86, 0x5d, 0x86, 0x5d, 0x86, 0x7d, 0x86, 0x5c, 0x86, 0x5c, 0x86, 0x7d, 0x86, 0x7d, 0x86, 0x7d, 0x86, 0x7c, 0x86, 0x7c, 0x8e, 0x7c, 0x8e, 0x7c, 0x8e,
  0x7c, 0x8e, 0x7c, 0x8e, 0x9c, 0x8e, 0x7c, 0x8e, 0x9c, 0x8e, 0x9c, 0x8e, 0x9c, 0x96, 0x9c, 0x8e, 0x9c, 0x96, 0x9c, 0x96, 0x9c, 0x96, 0x9c, 0x96, 0xbc, 0x96, 0x9c, 0x96, 0x9c, 0x96, 0xbc, 0x96,
  0xbc, 0x96, 0xbc, 0x96, 0xbc, 0x96, 0xbc, 0x9e, 0xbc, 0x9e, 0xbc, 0x9e, 0xbc, 0x9e, 0xdb, 0x9e, 0xbc, 0x9e, 0xdc, 0x9e, 0xdc, 0x9e, 0xdb, 0x9e, 0xdb, 0x9e, 0xdb, 0xa6, 0xdb, 0xa6, 0xdb, 0xa6,
  0xdb, 0xa6, 0xfb, 0xa6, 0xdb, 0xa6, 0xdb, 0xa6, 0xfb, 0xa6, 0xfb, 0xa6, 0xfb, 0xa6, 0xfb, 0xa6, 0xfb, 0xa6, 0xfb, 0xae, 0xfb, 0xae, 0x1b, 0xaf, 0xfb, 0xae, 0xfb, 0xae, 0x1b, 0xaf, 0x1b, 0xaf,
  0x1b, 0xaf, 0x1b, 0xaf, 0x1b, 0xaf, 0x1b, 0xb7, 0x1b, 0xb7, 0x1b, 0xb7, 0x1a, 0xb7, 0x3b, 0xb7, 0x1b, 0xb7, 0x3b, 0xb7, 0x3a, 0xb7, 0x3a, 0xb7, 0x3a, 0xb7, 0x3a, 0xb7, 0x3a, 0xbf, 0x3a, 0xbf,
  0x3a, 0xbf, 0x5a, 0xbf, 0x3a, 0xbf, 0x3a, 0xbf, 0x5a, 0xbf, 0x5a, 0xbf, 0x5a, 0xbf, 0x5a, 0xbf, 0x5a, 0xbf, 0x5a, 0xc7, 0x5a, 0xc7, 0x5a, 0xc7, 0x7a, 0xc7, 0x5a, 0xc7, 0x5a, 0xc7, 0x7a, 0xc7,
  0x7a, 0xc7, 0x7a, 0xc7, 0x7a, 0xc7, 0x7a, 0xcf, 0x7a, 0xcf, 0x9a, 0xcf, 0x9a, 0xcf, 0x9a, 0xcf, 0x7a, 0xcf, 0x99, 0xcf, 0x99, 0xcf, 0x99, 0xcf, 0x99, 0xcf, 0x99, 0xcf, 0x99, 0xcf, 0x99, 0xd7,
  0x99, 0xd7, 0xb9, 0xd7, 0x99, 0xd7, 0x99, 0xd7, 0xb9, 0xd7, 0xb9, 0xd7, 0xb9, 0xd7, 0xb9, 0xd7, 0xb9, 0xd7, 0xb9, 0xdf, 0xb9, 0xdf, 0xb9, 0xdf, 0xd9, 0xdf, 0xb9, 0xdf, 0xd9, 0xdf, 0xd9, 0xdf,
  0xd9, 0xdf, 0xfa, 0xef, 0xcc, 0x83, 0xed, 0x23, 0xfc, 0x3f, 0xda, 0x3f, 0xfb, 0x3f, 0x8f, 0x24, 0xc7, 0x10, 0x0e, 0x19, 0x4f, 0x19, 0x4f, 0x19, 0x4f, 0x19, 0x4f, 0x19, 0x4f, 0x19, 0x4f, 0x19,
  0x2f, 0x19, 0x2a, 0x21, 0xae, 0x63, 0x99, 0xa6, 0x1b, 0xaf, 0x1b, 0xaf, 0x38, 0x9e, 0xca, 0x42, 0x53, 0x55, 0xfe, 0x8f, 0xdd, 0x87, 0xdd, 0x87, 0xdd, 0x87, 0xdd, 0x87, 0xdd, 0x87, 0xdd, 0x87,
  0xdd, 0x87, 0xdd, 0x87, 0xdd, 0x87, 0xdd, 0x87, 0xdd, 0x87, 0xdd, 0x87, 0xdd, 0x87, 0xdd, 0x87, 0xdd, 0x87, 0xdd, 0x87, 0xdd, 0x87, 0xdd, 0x87, 0xdd, 0x87, 0xdd, 0x87, 0xdd, 0x87, 0xdd, 0x87,
  0xde, 0x7f, 0xdd, 0x87, 0xde, 0x7f, 0xde, 0x7f, 0xde, 0x87, 0xde, 0x87, 0xdd, 0x87, 0xdd, 0x7f, 0xde, 0x7f, 0xde, 0x7f, 0xde, 0x7f, 0xde, 0x7f, 0xde, 0x7f, 0xde, 0x7f, 0xde, 0x7f, 0xde, 0x7f,
  0xde, 0x7f, 0xde, 0x7f, 0xde, 0x7f, 0xde, 0x7f, 0xde, 0x7f, 0xde, 0x7f, 0xde, 0x7f, 0xde, 0x7f, 0xde, 0x7f, 0xde, 0x7f, 0xde, 0x7f, 0xde, 0x7f, 0xde, 0x7f, 0xde, 0x7f, 0xde, 0x7f, 0xde, 0x7f,
  0xde, 0x7f, 0xde, 0x7f, 0xde, 0x7f, 0xde, 0x7f, 0xde, 0x7f, 0xde, 0x7f, 0xde, 0x7f, 0xde, 0x7f, 0xde, 0x7f, 0xbe, 0x7f, 0xde, 0x7f, 0xbe, 0x7f, 0xbe, 0x7f, 0xbe, 0x7f, 0xde, 0x7f, 0xde, 0x7f,
  0xde, 0x7f, 0xde, 0x7f, 0xde, 0x7f, 0xde, 0x77, 0xde, 0x7f, 0xde, 0x7f, 0xde, 0x7f, 0xde, 0x7f, 0xde, 0x77, 0xde, 0x77, 0xde, 0x77, 0xdf, 0x77, 0xdf, 0x77, 0xde, 0x77, 0xdf, 0x77, 0xdf, 0x77,
  0xde, 0x77, 0xde, 0x77, 0xdf, 0x77, 0xdf, 0x77, 0xdf, 0x77, 0xdf, 0x77, 0xdf, 0x77, 0xdf, 0x77, 0xdf, 0x77, 0xdf, 0x77, 0xdf, 0x77, 0xdf, 0x77, 0xdf, 0x77, 0xdf, 0x77, 0xdf, 0x77, 0xdf, 0x77,
  0xdf, 0x77, 0xdf, 0x77, 0xdf, 0x77, 0xdf, 0x77, 0xdf, 0x77, 0xdf, 0x77, 0xdf, 0x77, 0xdf, 0x77, 0xdf, 0x77, 0xdf, 0x77, 0xdf, 0x77, 0xdf, 0x77, 0xdf, 0x77, 0xdf, 0x77, 0xdf, 0x77, 0xbf, 0x77,
  0xbf, 0x77, 0xbf, 0x77, 0xbf, 0x77, 0xff, 0x77, 0x39, 0x5e, 0xc3, 0x10, 0xcb, 0x10, 0xeb, 0x10, 0xeb, 0x10, 0xcb, 0x10, 0xcb, 0x10, 0xcb, 0x10, 0xcb, 0x10, 0xcb, 0x10, 0xcb, 0x10, 0xcb, 0x10,
  0xb4, 0x21, 0xb4, 0x21, 0xb4, 0x21, 0xb4, 0x21, 0xb4, 0x21, 0xb4, 0x21, 0xb4, 0x21, 0xb3, 0x21, 0x35, 0x32, 0xd4, 0x21, 0xb4, 0x21, 0xe9, 0x20, 0x4e, 0x4b, 0x7f, 0x76, 0x1d, 0x76, 0x3d, 0x76,
  0x1d, 0x76, 0x1d, 0x76, 0x3d, 0x76, 0x3d, 0x76, 0x3d, 0x76, 0x3d, 0x7e, 0x3d, 0x7e, 0x3d, 0x7e, 0x3d, 0x7e, 0x5d, 0x7e, 0x3d, 0x7e, 0x3d, 0x7e, 0x5d, 0x7e, 0x5d, 0x7e, 0x5d, 0x7e, 0x5d, 0x7e,
  0x5d, 0x86, 0x5d, 0x86, 0x5d, 0x86, 0x5d, 0x86, 0x7d, 0x86, 0x5c, 0x86, 0x5c, 0x86, 0x7d, 0x86, 0x7d, 0x86, 0x7c, 0x86, 0x7c, 0x8e, 0x7c, 0x8e, 0x7c, 0x8e, 0x7c, 0x8e, 0x7c, 0x8e, 0x9c, 0x8e,
  0x7c, 0x8e, 0x9c, 0x8e, 0x9c, 0x8e, 0x9c, 0x8e, 0x9c, 0x8e, 0x9c, 0x8e, 0x9c, 0x96, 0x9c, 0x96, 0x9c, 0x96, 0x9c, 0x96, 0xbc, 0x96, 0x9c, 0x96, 0xbc, 0x96, 0xbc, 0x96, 0xbc, 0x96, 0xbc, 0x96,
  0xbc, 0x9e, 0xbc, 0x9e, 0xbc, 0x9e, 0xbc, 0x9e, 0xdb, 0x9e, 0xbb, 0x9e, 0xbc, 0x9e, 0xdc, 0x9e, 0xdc, 0x9e, 0xdb, 0x9e, 0xdb, 0x9e, 0xdb, 0xa6, 0xdb, 0xa6, 0xdb, 0xa6, 0xdb, 0xa6, 0xfb, 0xa6,
  0xdb, 0xa6, 0xfb, 0xa6, 0xfb, 0xa6, 0xfb, 0xa6, 0xfb, 0xae, 0xfb, 0xa6, 0xfb, 0xae, 0xfb, 0xae, 0xfb, 0xae, 0x1b, 0xaf, 0xfb, 0xae, 0xfb, 0xae, 0x1b, 0xaf, 0x1b, 0xaf, 0x1b, 0xaf, 0x1b, 0xaf,
  0x1b, 0xaf, 0x1b, 0xb7, 0x1b, 0xb7, 0x1a, 0xb7, 0x3a, 0xb7, 0x1b, 0xb7, 0x3b, 0xb7, 0x3a, 0xb7, 0x3a, 0xb7, 0x3a, 0xb7, 0x3a, 0xb7, 0x3a, 0xb7, 0x3a, 0xbf, 0x3a, 0xbf, 0x3a, 0xbf, 0x5a, 0xbf,
  0x3a, 0xbf, 0x3a, 0xbf, 0x5a, 0xbf, 0x5a, 0xbf, 0x5a, 0xbf, 0x5a, 0xbf, 0x5a, 0xc7, 0x5a, 0xc7, 0x5a, 0xc7, 0x7a, 0xc7, 0x5a, 0xc7, 0x5a, 0xc7, 0x7a, 0xc7, 0x7a, 0xc7, 0x7a, 0xc7, 0x7a, 0xc7,
  0x7a, 0xc7, 0x7a, 0xcf, 0x7a, 0xcf, 0x79, 0xcf, 0x9a, 0xcf, 0x7a, 0xcf, 0x7a, 0xcf, 0x99, 0xcf, 0x99, 0xcf, 0x99, 0xcf, 0x99, 0xd7, 0x99, 0xcf, 0x99, 0xd7, 0x99, 0xd7, 0xb9, 0xd7, 0x99, 0xd7,
  0x99, 0xd7, 0xb9, 0xd7, 0xb9, 0xd7, 0xb9, 0xd7, 0xb9, 0xd7, 0xb9, 0xd7, 0xb9, 0xd7, 0xb9, 0xdf, 0xb9, 0xdf, 0xb9, 0xdf, 0xb9, 0xdf, 0xd9, 0xdf, 0xd9, 0xdf, 0xd9, 0xdf, 0xd9, 0xdf, 0xd9, 0xdf,
  0xd9, 0xdf, 0xfa, 0xef, 0xcc, 0x83, 0xed, 0x23, 0xfc, 0x3f, 0xda, 0x3f, 0xfc, 0x3f, 0x8f, 0x24, 0xc7, 0x10, 0x0e, 0x19, 0x4f, 0x19, 0x4f, 0x19, 0x4f, 0x19, 0x4f, 0x19, 0x2f, 0x19, 0x2f, 0x19,
  0x2f, 0x19, 0x2a, 0x21, 0xae, 0x63, 0x99, 0xa6, 0x1b, 0xaf, 0x1b, 0xaf, 0x38, 0x9e, 0xcb, 0x42, 0x54, 0x55, 0xfe, 0x8f, 0xdd, 0x87, 0xdd, 0x87, 0xdd, 0x87, 0xdd, 0x87, 0xdd, 0x87, 0xdd, 0x87,
  0xdd, 0x87, 0xdd, 0x87, 0xdd, 0x87, 0xdd, 0x87, 0xdd, 0x87, 0xdd, 0x87, 0xdd, 0x87, 0xdd, 0x87, 0xdd, 0x87, 0xdd, 0x87, 0xdd, 0x87, 0xdd, 0x87, 0xdd, 0x87, 0xde, 0x7f, 0xde, 0x7f, 0xde, 0x7f,
  0xde, 0x7f, 0xde, 0x7f, 0xde, 0x87, 0xdd, 0x87, 0xdd, 0x7f, 0xdd, 0x7f, 0xde, 0x7f, 0xde, 0x7f, 0xde, 0x7f, 0xde, 0x7f, 0xde, 0x7f, 0xde, 0x7f, 0xde, 0x7f, 0xde, 0x7f, 0xde, 0x7f, 0xde, 0x7f,
  0xde, 0x7f, 0xde, 0x7f, 0xde, 0x7f, 0xde, 0x7f, 0xde, 0x7f, 0xde, 0x7f, 0xde, 0x7f, 0xde, 0x7f, 0xde, 0x7f, 0xde, 0x7f, 0xde, 0x7f, 0xde, 0x7f, 0xde, 0x7f, 0xde, 0x7f, 0xde, 0x7f, 0xde, 0x7f,
  0xde, 0x7f, 0xde, 0x7f, 0xde, 0x7f, 0xde, 0x7f, 0xde, 0x7f, 0xde, 0x7f, 0xbe, 0x7f, 0xbe, 0x7f, 0xbe, 0x7f, 0xbe, 0x7f, 0xbe, 0x7f, 0xde, 0x7f, 0xde, 0x7f, 0xde, 0x7f, 0xde, 0x7f, 0xde, 0x7f,
  0xde, 0x77, 0xde, 0x77, 0xde, 0x77, 0xde, 0x7f, 0xde, 0x7f, 0xde, 0x77, 0xde, 0x77, 0xde, 0x77, 0xde, 0x77, 0xdf, 0x77, 0xdf, 0x77, 0xdf, 0x77, 0xdf, 0x77, 0xde, 0x77, 0xde, 0x77, 0xde, 0x77,
  0xdf, 0x77, 0xdf, 0x77, 0xdf, 0x77, 0xdf, 0x77, 0xdf, 0x77, 0xdf, 0x77, 0xdf, 0x77, 0xdf, 0x77, 0xdf, 0x77, 0xdf, 0x77, 0xdf, 0x77, 0xdf, 0x77, 0xdf, 0x77, 0xdf, 0x77, 0xdf, 0x77, 0xdf, 0x77,
  0xdf, 0x77, 0xdf, 0x77, 0xdf, 0x77, 0xdf, 0x77, 0xdf, 0x77, 0xdf, 0x77, 0xdf, 0x77, 0xdf, 0x77, 0xdf, 0x77, 0xdf, 0x77, 0xdf, 0x77, 0xdf, 0x77, 0xdf, 0x77, 0xbf, 0x77, 0xbf, 0x77, 0xbf, 0x77,
  0xbf, 0x77, 0xbf, 0x77, 0xbf, 0x6f, 0xff, 0x77, 0x39, 0x5e, 0xc3, 0x10, 0xcb, 0x10, 0xcb, 0x10, 0xcb, 0x10, 0xcb, 0x10, 0xcb, 0x10, 0xcb, 0x10, 0xcb, 0x10, 0xcb, 0x10, 0xcb, 0x10, 0xcb, 0x10,
  0xb4, 0x21, 0xb4, 0x21, 0xb4, 0x21, 0xb4, 0x21, 0xb4, 0x21, 0xb4, 0x21, 0xb4, 0x21, 0xb4, 0x21, 0x35, 0x32, 0xd4, 0x21, 0xb4, 0x21, 0x4f, 0x21, 0x08, 0x3a, 0xbf, 0x7e, 0x1d, 0x76, 0x3d, 0x76,
  0x3d, 0x76, 0x3d, 0x76, 0x3d, 0x7e, 0x3d, 0x7e, 0x3d, 0x7e, 0x3d, 0x7e, 0x3d, 0x7e, 0x5d, 0x7e, 0x3d, 0x7e, 0x3d, 0x7e, 0x5d, 0x7e, 0x5d, 0x7e, 0x5d, 0x7e, 0x5d, 0x86, 0x5d, 0x86, 0x5d, 0x86,
  0x5d, 0x86, 0x7d, 0x86, 0x5c, 0x86, 0x5c, 0x86, 0x7c, 0x86, 0x7d, 0x86, 0x7d, 0x86, 0x7c, 0x86, 0x7c, 0x8e, 0x7c, 0x8e, 0x7c, 0x8e, 0x7c, 0x8e, 0x7c, 0x8e, 0x9c, 0x8e, 0x7c, 0x8e, 0x9c, 0x8e,
  0x9c, 0x8e, 0x9c, 0x96, 0x9c, 0x8e, 0x9c, 0x96, 0x9c, 0x96, 0x9c, 0x96, 0x9c, 0x96, 0xbc, 0x96, 0x9c, 0x96, 0x9c, 0x96, 0xbc, 0x96, 0xbc, 0x96, 0xbc, 0x96, 0xbc, 0x96, 0xbc, 0x9e, 0xbc, 0x9e,
  0xbc, 0x9e, 0xbc, 0x9e, 0xdb, 0x9e, 0xbb, 0x9e, 0xdc, 0x9e, 0xdc, 0x9e, 0xdb, 0x9e, 0xdb, 0x9e, 0xdb, 0xa6, 0xdb, 0xa6, 0xdb, 0xa6, 0xdb, 0xa6, 0xfb, 0xa6, 0xdb, 0xa6, 0xdb, 0xa6, 0xfb, 0xa6,
  0xfb, 0xa6, 0xfb, 0xa6, 0xfb, 0xa6, 0xfb, 0xa6, 0xfb, 0xae, 0xfb, 0xae, 0x1b, 0xaf, 0xfb, 0xae, 0xfb, 0xae, 0x1b, 0xaf, 0x1b, 0xaf, 0x1b, 0xaf, 0x1b, 0xaf, 0x1b, 0xaf, 0x1b, 0xb7, 0x1b, 0xb7,
  0x1b, 0xb7, 0x1a, 0xb7, 0x3b, 0xb7, 0x1b, 0xb7, 0x3b, 0xb7, 0x3a, 0xb7, 0x3a, 0xb7, 0x3a, 0xb7, 0x3a, 0xb7, 0x3a, 0xbf, 0x3a, 0xbf, 0x3a, 0xbf, 0x5a, 0xbf, 0x3a, 0xbf, 0x3a, 0xbf, 0x5a, 0xbf,
  0x5a, 0xbf, 0x5a, 0xbf, 0x5a, 0xbf, 0x5a, 0xbf, 0x5a, 0xc7, 0x5a, 0xc7, 0x5a, 0xc7, 0x7a, 0xc7, 0x5a, 0xc7, 0x5a, 0xc7, 0x7a, 0xc7, 0x7a, 0xc7, 0x7a, 0xc7, 0x7a, 0xc7, 0x7a, 0xcf, 0x7a, 0xcf,
  0x79, 0xcf, 0x99, 0xcf, 0x7a, 0xcf, 0x7a, 0xcf, 0x99, 0xcf, 0x99, 0xcf, 0x99, 0xcf, 0x99, 0xcf, 0x99, 0xcf, 0x99, 0xcf, 0x99, 0xd7, 0x99, 0xd7, 0xb9, 0xd7, 0x99, 0xd7, 0x99, 0xd7, 0xb9, 0xd7,
  0xb9, 0xd7, 0xb9, 0xd7, 0xb9, 0xd7, 0xb9, 0xd7, 0xb9, 0xdf, 0xb9, 0xdf, 0xb9, 0xdf, 0xd9, 0xdf, 0xb9, 0xdf, 0xd9, 0xdf, 0xd9, 0xdf, 0xd9, 0xdf, 0xd9, 0xdf, 0xd9, 0xdf, 0xd9, 0xdf, 0xd9, 0xdf,
  0xd8, 0xe7, 0xfa, 0xf7, 0xcc, 0x83, 0xed, 0x23, 0xfc, 0x3f, 0xda, 0x3f, 0xfc, 0x3f, 0xec, 0x1b, 0x46, 0x08, 0x2f, 0x19, 0x4f, 0x19, 0x4f, 0x19, 0x2f, 0x19, 0x2f, 0x19, 0x2f, 0x19, 0x2f, 0x19,
  0x2f, 0x19, 0x29, 0x21, 0xae, 0x63, 0x99, 0xa6, 0x1b, 0xaf, 0x3b, 0xb7, 0x38, 0x9e, 0xcb, 0x42, 0x54, 0x55, 0xfe, 0x8f, 0xdd, 0x87, 0xdd, 0x87, 0xdd, 0x87, 0xdd, 0x87, 0xdd, 0x87, 0xdd, 0x87,
  0xdd, 0x87, 0xdd, 0x87, 0xdd, 0x87, 0xdd, 0x87, 0xdd, 0x87, 0xdd, 0x87, 0xdd, 0x87, 0xdd, 0x87, 0xdd, 0x87, 0xdd, 0x87, 0xdd, 0x87, 0xde, 0x7f, 0xde, 0x7f, 0xde, 0x7f, 0xde, 0x7f, 0xde, 0x87,
  0xde, 0x87, 0xdd, 0x87, 0xdd, 0x7f, 0xde, 0x7f, 0xde, 0x7f, 0xde, 0x7f, 0xde, 0x7f, 0xde, 0x7f, 0xde, 0x7f, 0xde, 0x7f, 0xde, 0x7f, 0xde, 0x7f, 0xde, 0x7f, 0xde, 0x7f, 0xde, 0x7f, 0xde, 0x7f,
  0xde, 0x7f, 0xde, 0x7f, 0xde, 0x7f, 0xde, 0x7f, 0xde, 0x7f, 0xde, 0x7f, 0xde, 0x7f, 0xde, 0x7f, 0xde, 0x7f, 0xde, 0x7f, 0xde, 0x7f, 0xde, 0x7f, 0xde, 0x7f, 0xde, 0x7f, 0xde, 0x7f, 0xde, 0x7f,
  0xde, 0x7f, 0xde, 0x7f, 0xde, 0x7f, 0xde, 0x7f, 0xbe, 0x7f, 0xbe, 0x7f, 0xbe, 0x7f, 0xbe, 0x7f, 0xbe, 0x7f, 0xde, 0x7f, 0xde, 0x7f, 0xde, 0x7f, 0xde, 0x7f, 0xde, 0x7f, 0xde, 0x77, 0xde, 0x77,
  0xde, 0x77, 0xde, 0x7f, 0xde, 0x7f, 0xde, 0x77, 0xde, 0x77, 0xde, 0x77, 0xdf, 0x77, 0xdf, 0x77, 0xdf, 0x77, 0xdf, 0x77, 0xdf, 0x77, 0xde, 0x77, 0xde, 0x77, 0xdf, 0x77, 0xdf, 0x77, 0xdf, 0x77,
  0xdf, 0x77, 0xdf, 0x77, 0xdf, 0x77, 0xdf, 0x77, 0xdf, 0x77, 0xdf, 0x77, 0xdf, 0x77, 0xdf, 0x77, 0xdf, 0x77, 0xdf, 0x77, 0xdf, 0x77, 0xdf, 0x77, 0xdf, 0x77, 0xdf, 0x77, 0xdf, 0x77, 0xdf, 0x77,
  0xdf, 0x77, 0xdf, 0x77, 0xdf, 0x77, 0xdf, 0x77, 0xdf, 0x77, 0xdf, 0x77, 0xdf, 0x77, 0xdf, 0x77, 0xdf, 0x77, 0xdf, 0x77, 0xbf, 0x77, 0xbf, 0x77, 0xbf, 0x77, 0xbf, 0x77, 0xbf, 0x77, 0xbf, 0x6f,
  0xbf, 0x6f, 0xbf, 0x6f, 0xbf, 0x77, 0xff, 0x77, 0x39, 0x5e, 0xc3, 0x10, 0xcb, 0x10, 0xcb, 0x10, 0xcb, 0x10, 0xcb, 0x10, 0xcb, 0x10, 0xcb, 0x10, 0xcb, 0x10, 0xcb, 0x10, 0xcb, 0x10, 0xcb, 0x10,
  0xb4, 0x21, 0xb4, 0x21, 0xb4, 0x21, 0xb4, 0x21, 0xb4, 0x21, 0xb4, 0x21, 0xb4, 0x21, 0xb4, 0x21, 0x35, 0x32, 0xd4, 0x21, 0xb4, 0x21, 0x92, 0x21, 0x80, 0x20, 0x9f, 0x7e, 0x3d, 0x76, 0x3d, 0x76,
  0x3d, 0x7e, 0x3d, 0x7e, 0x3d, 0x7e, 0x3d, 0x7e, 0x5d, 0x7e, 0x3d, 0x7e, 0x3d, 0x7e, 0x5d, 0x7e, 0x5d, 0x7e, 0x5d, 0x7e, 0x5d, 0x7e, 0x5d, 0x86, 0x5d, 0x86, 0x5d, 0x86, 0x5d, 0x86, 0x7d, 0x86,
  0x5c, 0x86, 0x5c, 0x86, 0x7d, 0x86, 0x7d, 0x86, 0x7d, 0x86, 0x7c, 0x8e, 0x7c, 0x8e, 0x7c, 0x8e, 0x7c, 0x8e, 0x7c, 0x8e, 0x9c, 0x8e, 0x7c, 0x8e, 0x9c, 0x8e, 0x9c, 0x8e, 0x9c, 0x8e, 0x9c, 0x8e,
  0x9c, 0x8e, 0x9c, 0x96, 0x9c, 0x96, 0x9c, 0x96, 0x9c, 0x96, 0xbc, 0x96, 0x9c, 0x96, 0x9c, 0x96, 0xbc, 0x96, 0xbc, 0x96, 0xbc, 0x96, 0xbc, 0x9e, 0xbc, 0x9e, 0xbc, 0x9e, 0xbc, 0x9e, 0xdb, 0x9e,
  0xbb, 0x9e, 0xbc, 0x9e, 0xdc, 0x9e, 0xdc, 0x9e, 0xdb, 0x9e, 0xdb, 0x9e, 0xdb, 0xa6, 0xdb, 0xa6, 0xdb, 0xa6, 0xdb, 0xa6, 0xfb, 0xa6, 0xdb, 0xa6, 0xfb, 0xa6, 0xfb, 0xa6, 0xfb, 0xa6, 0xfb, 0xae,
  0xfb, 0xa6, 0xfb, 0xae, 0xfb, 0xae, 0xfb, 0xae, 0x1b, 0xaf, 0xfb, 0xae, 0xfb, 0xae, 0x1b, 0xaf, 0x1b, 0xaf, 0x1b, 0xaf, 0x1b, 0xaf, 0x1b, 0xaf, 0x1b, 0xb7, 0x1b, 0xb7, 0x1a, 0xb7, 0x3a, 0xb7,
  0x1b, 0xb7, 0x3b, 0xb7, 0x3a, 0xb7, 0x3a, 0xb7, 0x3a, 0xb7, 0x3a, 0xb7, 0x3a, 0xb7, 0x3a, 0xbf, 0x3a, 0xbf, 0x3a, 0xbf, 0x5a, 0xbf, 0x3a, 0xbf, 0x3a, 0xbf, 0x5a, 0xbf, 0x5a, 0xbf, 0x5a, 0xbf,
  0x5a, 0xbf, 0x5a, 0xc7, 0x5a, 0xc7, 0x5a, 0xc7, 0x7a, 0xc7, 0x5a, 0xc7, 0x5a, 0xc7, 0x7a, 0xc7, 0x7a, 0xc7, 0x7a, 0xc7, 0x7a, 0xc7, 0x7a, 0xc7, 0x7a, 0xcf, 0x7a, 0xcf, 0x79, 0xcf, 0x9a, 0xcf,
  0x7a, 0xcf, 0x7a, 0xcf, 0x99, 0xcf, 0x99, 0xcf, 0x99, 0xcf, 0x99, 0xd7, 0x99, 0xcf, 0x99, 0xd7, 0x99, 0xd7, 0xb9, 0xd7, 0x99, 0xd7, 0x99, 0xd7, 0xb9, 0xd7, 0xb9, 0xd7, 0xb9, 0xd7, 0xb9, 0xd7,
  0xb9, 0xd7, 0xb9, 0xd7, 0xb9, 0xdf, 0xb9, 0xdf, 0xb9, 0xdf, 0xd9, 0xdf, 0xb9, 0xdf, 0xd9, 0xdf, 0xd9, 0xdf, 0xd9, 0xdf, 0xd9, 0xdf, 0xd9, 0xe7, 0xd9, 0xdf, 0xd8, 0xe7, 0xd8, 0xe7, 0xf9, 0xe7,
  0xf9, 0xe7, 0x36, 0xd7, 0x6a, 0x6b, 0xb0, 0x34, 0xfc, 0x3f, 0xdb, 0x3f, 0xda, 0x3f, 0x4b, 0x1b, 0x67, 0x08, 0x50, 0x19, 0x2f, 0x19, 0x2f, 0x19, 0x2f, 0x19, 0x2f, 0x19, 0x2f, 0x19, 0x2f, 0x19,
  0x2f, 0x19, 0x29, 0x21, 0xce, 0x63, 0x99, 0xa6, 0x1b, 0xb7, 0x3b, 0xb7, 0x58, 0x9e, 0xcb, 0x42, 0x54, 0x55, 0xfe, 0x8f, 0xdd, 0x87, 0xdd, 0x87, 0xdd, 0x87, 0xdd, 0x87, 0xdd, 0x87, 0xdd, 0x87,
  0xdd, 0x87, 0xdd, 0x87, 0xdd, 0x87, 0xdd, 0x87, 0xdd, 0x87, 0xdd, 0x87, 0xdd, 0x87, 0xdd, 0x87, 0xde, 0x7f, 0xde, 0x7f, 0xde, 0x7f, 0xde, 0x7f, 0xde, 0x7f, 0xde, 0x87, 0xdd, 0x87, 0xdd, 0x7f,
  0xdd, 0x7f, 0xde, 0x7f, 0xde, 0x7f, 0xde, 0x7f, 0xde, 0x7f, 0xde, 0x7f, 0xde, 0x7f, 0xde, 0x7f, 0xde, 0x7f, 0xde, 0x7f, 0xde, 0x7f, 0xde, 0x7f, 0xde, 0x7f, 0xde, 0x7f, 0xde, 0x7f, 0xde, 0x7f,
  0xde, 0x7f, 0xde, 0x7f, 0xde, 0x7f, 0xde, 0x7f, 0xde, 0x7f, 0xde, 0x7f, 0xde, 0x7f, 0xde, 0x7f, 0xde, 0x7f, 0xde, 0x7f, 0xde, 0x7f, 0xde, 0x7f, 0xde, 0x7f, 0xde, 0x7f, 0xde, 0x7f, 0xde, 0x7f,
  0xde, 0x7f, 0xbe, 0x7f, 0xbe, 0x7f, 0xbe, 0x7f, 0xbe, 0x7f, 0xbe, 0x7f, 0xde, 0x7f, 0xde, 0x7f, 0xde, 0x7f, 0xde, 0x7f, 0xde, 0x7f, 0xde, 0x77, 0xde, 0x77, 0xde, 0x77, 0xde, 0x7f, 0xde, 0x7f,
  0xde, 0x7f, 0xde, 0x77, 0xde, 0x77, 0xde, 0x77, 0xdf, 0x77, 0xdf, 0x77, 0xdf, 0x77, 0xdf, 0x77, 0xde, 0x77, 0xde, 0x77, 0xde, 0x77, 0xdf, 0x77, 0xdf, 0x77, 0xdf, 0x77, 0xdf, 0x77, 0xdf, 0x77,
  0xdf, 0x77, 0xdf, 0x77, 0xdf, 0x77, 0xdf, 0x77, 0xdf, 0x77, 0xdf, 0x77, 0xdf, 0x77, 0xdf, 0x77, 0xdf, 0x77, 0xdf, 0x77, 0xdf, 0x77, 0xdf, 0x77, 0xdf, 0x77, 0xdf, 0x77, 0xdf, 0x77, 0xdf, 0x77,
  0xdf, 0x77, 0xdf, 0x77, 0xdf, 0x77, 0xdf, 0x77, 0xdf, 0x77, 0xdf, 0x77, 0xdf, 0x77, 0xdf, 0x77, 0xbf, 0x77, 0xbf, 0x77, 0xbf, 0x77, 0xbf, 0x77, 0xbf, 0x77, 0xbf, 0x6f, 0xbf, 0x6f, 0xbf, 0x77,
  0xbf, 0x77, 0xbf, 0x77, 0xbf, 0x6f, 0xff, 0x77, 0x39, 0x5e, 0xc3, 0x10, 0xcb, 0x10, 0xcb, 0x10, 0xcb, 0x10, 0xcb, 0x10, 0xcb, 0x10, 0xcb, 0x10, 0xcb, 0x10, 0xcb, 0x10, 0xcb, 0x10, 0xcb, 0x10,
  0xb4, 0x21, 0xb4, 0x21, 0xb4, 0x21, 0xb4, 0x21, 0xb4, 0x21, 0xb4, 0x21, 0xb3, 0x21, 0xb3, 0x19, 0x35, 0x32, 0xd4, 0x21, 0xb3, 0x21, 0xb4, 0x19, 0x25, 0x29, 0xd1, 0x53, 0xbf, 0x86, 0x3d, 0x7e,
  0x3d, 0x7e, 0x3d, 0x7e, 0x5d, 0x7e, 0x3d, 0x7e, 0x3d, 0x7e, 0x5d, 0x7e, 0x5d, 0x7e, 0x5d, 0x7e, 0x5d, 0x7e, 0x5d, 0x86, 0x5d, 0x86, 0x5d, 0x86, 0x7d, 0x86, 0x5c, 0x86, 0x5c, 0x86, 0x7c, 0x86,
  0x7d, 0x86, 0x7d, 0x86, 0x7c, 0x86, 0x7c, 0x8e, 0x7c, 0x8e, 0x7c, 0x8e, 0x7c, 0x8e, 0x7c, 0x8e, 0x9c, 0x8e, 0x7c, 0x8e, 0x9c, 0x8e, 0x9c, 0x8e, 0x9c, 0x96, 0x9c, 0x8e, 0x9c, 0x96, 0x9c, 0x96,
  0x9c, 0x96, 0x9c, 0x96, 0xbc, 0x96, 0x9c, 0x96, 0x9c, 0x96, 0xbc, 0x96, 0xbc, 0x96, 0xbc, 0x96, 0xbc, 0x96, 0xbc, 0x9e, 0xbc, 0x9e, 0xbc, 0x9e, 0xbc, 0x9e, 0xdb, 0x9e, 0xbb, 0x9e, 0xdc, 0x9e,
  0xdc, 0x9e, 0xdb, 0x9e, 0xdb, 0x9e, 0xdb, 0xa6, 0xdb, 0xa6, 0xdb, 0xa6, 0xdb, 0xa6, 0xfb, 0xa6, 0xdb, 0xa6, 0xdb, 0xa6, 0xfb, 0xa6, 0xfb, 0xa6, 0xfb, 0xa6, 0xfb, 0xa6, 0xfb, 0xa6, 0xfb, 0xae,
  0xfb, 0xae, 0xfb, 0xae, 0x1b, 0xaf, 0xfb, 0xae, 0x1b, 0xaf, 0x1b, 0xaf, 0x1b, 0xaf, 0x1b, 0xaf, 0x1b, 0xaf, 0x1b, 0xb7, 0x1b, 0xb7, 0x1b, 0xb7, 0x1a, 0xb7, 0x3b, 0xb7, 0x1b, 0xb7, 0x3b, 0xb7,
  0x3a, 0xb7, 0x3a, 0xb7, 0x3a, 0xb7, 0x3a, 0xb7, 0x3a, 0xbf, 0x3a, 0xbf, 0x3a, 0xbf, 0x5a, 0xbf, 0x3a, 0xbf, 0x3a, 0xbf, 0x5a, 0xbf, 0x5a, 0xbf, 0x5a, 0xbf, 0x5a, 0xbf, 0x5a, 0xbf, 0x5a, 0xc7,
  0x5a, 0xc7, 0x5a, 0xc7, 0x7a, 0xc7, 0x5a, 0xc7, 0x5a, 0xc7, 0x7a, 0xc7, 0x7a, 0xc7, 0x7a, 0xc7, 0x7a, 0xcf, 0x7a, 0xcf, 0x7a, 0xcf, 0x79, 0xcf, 0x99, 0xcf, 0x7a, 0xcf, 0x7a, 0xcf, 0x99, 0xcf,
  0x99, 0xcf, 0x99, 0xcf, 0x99, 0xcf, 0x99, 0xcf, 0x99, 0xcf, 0x99, 0xd7, 0x99, 0xd7, 0xb9, 0xd7, 0x99, 0xd7, 0x99, 0xd7, 0xb9, 0xd7, 0xb9, 0xd7, 0xb9, 0xd7, 0xb9, 0xd7, 0xb9, 0xd7, 0xb9, 0xdf,
  0xb9, 0xdf, 0xb9, 0xdf, 0xd9, 0xdf, 0xb9, 0xdf, 0xd9, 0xdf, 0xd9, 0xdf, 0xd9, 0xdf, 0xd9, 0xdf, 0xd9, 0xdf, 0xd9, 0xdf, 0xd9, 0xdf, 0xd8, 0xe7, 0xd9, 0xe7, 0xf9, 0xe7, 0xd9, 0xe7, 0xf8, 0xe7,
  0xfa, 0xf7, 0x0f, 0x9d, 0x0a, 0x33, 0x96, 0x36, 0xfb, 0x3f, 0xfb, 0x3f, 0x76, 0x2e, 0x89, 0x12, 0xea, 0x10, 0x2f, 0x19, 0x2f, 0x19, 0x2f, 0x19, 0x2f, 0x19, 0x2f, 0x19, 0x2f, 0x19, 0x2f, 0x19,
  0x2f, 0x19, 0x29, 0x21, 0xce, 0x63, 0x99, 0xa6, 0x3b, 0xb7, 0x3b, 0xb7, 0x58, 0x9e, 0xcb, 0x42, 0x34, 0x55, 0xfe, 0x8f, 0xdd, 0x87, 0xdd, 0x87, 0xdd, 0x87, 0xdd, 0x87, 0xdd, 0x87, 0xdd, 0x87,
  0xdd, 0x87, 0xdd, 0x87, 0xdd, 0x87, 0xdd, 0x87, 0xdd, 0x87, 0xdd, 0x87, 0xde, 0x7f, 0xde, 0x7f, 0xde, 0x7f, 0xde, 0x7f, 0xde, 0x87, 0xde, 0x87, 0xdd, 0x87, 0xdd, 0x7f, 0xde, 0x7f, 0xde, 0x7f,
  0xde, 0x7f, 0xde, 0x7f, 0xde, 0x7f, 0xde, 0x7f, 0xde, 0x7f, 0xde, 0x7f, 0xde, 0x7f, 0xde, 0x7f, 0xde, 0x7f, 0xde, 0x7f, 0xde, 0x7f, 0xde, 0x7f, 0xde, 0x7f, 0xde, 0x7f, 0xde, 0x7f, 0xde, 0x7f,
  0xde, 0x7f, 0xde, 0x7f, 0xde, 0x7f, 0xde, 0x7f, 0xde, 0x7f, 0xde, 0x7f, 0xde, 0x7f, 0xde, 0x7f, 0xde, 0x7f, 0xde, 0x7f, 0xde, 0x7f, 0xde, 0x7f, 0xde, 0x7f, 0xde, 0x7f, 0xde, 0x7f, 0xbe, 0x7f,
  0xbe, 0x7f, 0xbe, 0x7f, 0xbe, 0x7f, 0xbe, 0x7f, 0xde, 0x7f, 0xde, 0x7f, 0xde, 0x7f, 0xde, 0x7f, 0xde, 0x7f, 0xde, 0x77, 0xde, 0x77, 0xde, 0x77, 0xde, 0x7f, 0xde, 0x7f, 0xde, 0x77, 0xde, 0x77,
  0xde, 0x77, 0xdf, 0x77, 0xdf, 0x77, 0xdf, 0x77, 0xdf, 0x77, 0xdf, 0x77, 0xde, 0x77, 0xde, 0x77, 0xdf, 0x77, 0xdf, 0x77, 0xdf, 0x77, 0xdf, 0x77, 0xdf, 0x77, 0xdf, 0x77, 0xdf, 0x77, 0xdf, 0x77,
  0xdf, 0x77, 0xdf, 0x77, 0xdf, 0x77, 0xdf, 0x77, 0xdf, 0x77, 0xdf, 0x77, 0xdf, 0x77, 0xdf, 0x77, 0xdf, 0x77, 0xdf, 0x77, 0xdf, 0x77, 0xdf, 0x77, 0xdf, 0x77, 0xdf, 0x77, 0xdf, 0x77, 0xdf, 0x77,
  0xdf, 0x77, 0xdf, 0x77, 0xdf, 0x77, 0xdf, 0x77, 0xdf, 0x77, 0xbf, 0x77, 0xbf, 0x77, 0xbf, 0x77, 0xbf, 0x77, 0xbf, 0x77, 0xbf, 0x6f, 0xbf, 0x6f, 0xbf, 0x6f, 0xbf, 0x77, 0xbf, 0x77, 0xbf, 0x6f,
  0xbf, 0x6f, 0xbf, 0x6f, 0xbf, 0x6f, 0xff, 0x77, 0x39, 0x5e, 0xc3, 0x10, 0xcb, 0x10, 0xcb, 0x10, 0xcb, 0x10, 0xcb, 0x10, 0xcb, 0x10, 0xcb, 0x10, 0xcb, 0x10, 0xcb, 0x10, 0xca, 0x10, 0xcb, 0x10,
  0xb4, 0x21, 0xb4, 0x21, 0xb4, 0x21, 0xb3, 0x21, 0xb4, 0x21, 0xb4, 0x21, 0xb3, 0x21, 0x93, 0x19, 0x34, 0x32, 0xd4, 0x21, 0xb3, 0x21, 0xb4, 0x21, 0x70, 0x21, 0x40, 0x20, 0x38, 0x6d, 0xbf, 0x86,
  0x5d, 0x7e, 0x3d, 0x7e, 0x5d, 0x7e, 0x5d, 0x7e, 0x5d, 0x86, 0x5d, 0x7e, 0x5d, 0x86, 0x5d, 0x86, 0x5d, 0x86, 0x5d, 0x86, 0x7d, 0x86, 0x5c, 0x86, 0x5c, 0x86, 0x7d, 0x86, 0x7d, 0x86, 0x7d, 0x86,
  0x7c, 0x86, 0x7c, 0x8e, 0x7c, 0x8e, 0x7c, 0x8e, 0x7c, 0x8e, 0x9c, 0x8e, 0x7c, 0x8e, 0x9c, 0x8e, 0x9c, 0x8e, 0x9c, 0x8e, 0x9c, 0x8e, 0x9c, 0x8e, 0x9c, 0x96, 0x9c, 0x96, 0x9c, 0x96, 0x9c, 0x96,
  0xbc, 0x96, 0x9c, 0x96, 0x9c, 0x96, 0xbc, 0x96, 0xbc, 0x96, 0xbc, 0x96, 0xbc, 0x9e, 0xbc, 0x9e, 0xbc, 0x9e, 0xbc, 0x9e, 0xdb, 0x9e, 0xbb, 0x9e, 0xbc, 0x9e, 0xdc, 0x9e, 0xdc, 0x9e, 0xdb, 0x9e,
  0xdb, 0x9e, 0xdb, 0xa6, 0xdb, 0xa6, 0xdb, 0xa6, 0xdb, 0xa6, 0xfb, 0xa6, 0xdb, 0xa6, 0xfb, 0xa6, 0xfb, 0xa6, 0xfb, 0xa6, 0xfb, 0xae, 0xfb, 0xa6, 0xfb, 0xae, 0xfb, 0xae, 0xfb, 0xae, 0x1b, 0xaf,
  0xfb, 0xae, 0xfb, 0xae, 0x1b, 0xaf, 0x1b, 0xaf, 0x1b, 0xaf, 0x1b, 0xaf, 0x1b, 0xaf, 0x1b, 0xb7, 0x1b, 0xb7, 0x1b, 0xb7, 0x3a, 0xb7, 0x1b, 0xb7, 0x3b, 0xb7, 0x3a, 0xb7, 0x3a, 0xb7, 0x3a, 0xb7,
  0x3a, 0xb7, 0x3a, 0xb7, 0x3a, 0xbf, 0x3a, 0xbf, 0x3a, 0xbf, 0x5a, 0xbf, 0x3a, 0xbf, 0x3a, 0xbf, 0x5a, 0xbf, 0x5a, 0xbf, 0x5a, 0xbf, 0x5a, 0xbf, 0x5a, 0xc7, 0x5a, 0xc7, 0x5a, 0xc7, 0x7a, 0xc7,
  0x5a, 0xc7, 0x5a, 0xc7, 0x7a, 0xc7, 0x7a, 0xc7, 0x7a, 0xc7, 0x7a, 0xc7, 0x7a, 0xc7, 0x7a, 0xcf, 0x7a, 0xcf, 0x79, 0xcf, 0x9a, 0xcf, 0x7a, 0xcf, 0x7a, 0xcf, 0x99, 0xcf, 0x99, 0xcf, 0x99, 0xcf,
  0x99, 0xd7, 0x99, 0xcf, 0x99, 0xd7, 0x99, 0xd7, 0xb9, 0xd7, 0x99, 0xd7, 0x99, 0xd7, 0xb9, 0xd7, 0xb9, 0xd7, 0xb9, 0xd7, 0xb9, 0xd7, 0xb9, 0xd7, 0xb9, 0xd7, 0xb9, 0xdf, 0xb9, 0xdf, 0xb9, 0xdf,
  0xd9, 0xdf, 0xb9, 0xdf, 0xd9, 0xdf, 0xd9, 0xdf, 0xd9, 0xdf, 0xd9, 0xdf, 0xd9, 0xe7, 0xd9, 0xdf, 0xd8, 0xe7, 0xd8, 0xe7, 0xf9, 0xe7, 0xd9, 0xe7, 0xd8, 0xe7, 0xf8, 0xe7, 0xf9, 0xe7, 0xfa, 0xf7,
  0x13, 0xbe, 0xc6, 0x49, 0xb0, 0x34, 0xfc, 0x3f, 0xdb, 0x3f, 0xfd, 0x3f, 0x4e, 0x24, 0x44, 0x08, 0xec, 0x10, 0x2f, 0x19, 0x2f, 0x19, 0x2f, 0x19, 0x2f, 0x19, 0x2f, 0x19, 0x2f, 0x19, 0x2f, 0x19,
  0x2f, 0x19, 0x29, 0x21, 0xce, 0x63, 0x99, 0xa6, 0x3b, 0xb7, 0x3b, 0xb7, 0x58, 0x9e, 0xcb, 0x42, 0x34, 0x55, 0xfe, 0x87, 0xdd, 0x87, 0xdd, 0x87, 0xdd, 0x87, 0xdd, 0x87, 0xdd, 0x87, 0xdd, 0x87,
  0xdd, 0x87, 0xdd, 0x87, 0xdd, 0x87, 0xde, 0x7f, 0xde, 0x7f, 0xde, 0x7f, 0xde, 0x7f, 0xde, 0x7f, 0xde, 0x87, 0xdd, 0x87, 0xdd, 0x7f, 0xdd, 0x7f, 0xde, 0x7f, 0xde, 0x7f, 0xde, 0x7f, 0xde, 0x7f,
  0xde, 0x7f, 0xde, 0x7f, 0xde, 0x7f, 0xde, 0x7f, 0xde, 0x7f, 0xde, 0x7f, 0xde, 0x7f, 0xde, 0x7f, 0xde, 0x7f, 0xde, 0x7f, 0xde, 0x7f, 0xde, 0x7f, 0xde, 0x7f, 0xde, 0x7f, 0xde, 0x7f, 0xde, 0x7f,
  0xde, 0x7f, 0xde, 0x7f, 0xde, 0x7f, 0xde, 0x7f, 0xde, 0x7f, 0xde, 0x7f, 0xde, 0x7f, 0xde, 0x7f, 0xde, 0x7f, 0xde, 0x7f, 0xde, 0x7f, 0xde, 0x7f, 0xbe, 0x7f, 0xbe, 0x7f, 0xbe, 0x7f, 0xbe, 0x7f,
  0xbe, 0x7f, 0xde, 0x7f, 0xde, 0x7f, 0xde, 0x7f, 0xde, 0x7f, 0xde, 0x7f, 0xde, 0x77, 0xde, 0x77, 0xde, 0x77, 0xde, 0x7f, 0xde, 0x7f, 0xde, 0x7f, 0xde, 0x77, 0xde, 0x77, 0xde, 0x77, 0xdf, 0x77,
  0xdf, 0x77, 0xdf, 0x77, 0xdf, 0x77, 0xde, 0x77, 0xde, 0x77, 0xde, 0x77, 0xdf, 0x77, 0xdf, 0x77, 0xdf, 0x77, 0xdf, 0x77, 0xdf, 0x77, 0xdf, 0x77, 0xdf, 0x77, 0xdf, 0x77, 0xdf, 0x77, 0xdf, 0x77,
  0xdf, 0x77, 0xdf, 0x77, 0xdf, 0x77, 0xdf, 0x77, 0xdf, 0x77, 0xdf, 0x77, 0xdf, 0x77, 0xdf, 0x77, 0xdf, 0x77, 0xdf, 0x77, 0xdf, 0x77, 0xdf, 0x77, 0xdf, 0x77, 0xdf, 0x77, 0xdf, 0x77, 0xdf, 0x77,
  0xdf, 0x77, 0xdf, 0x77, 0xdf, 0x77, 0xbf, 0x77, 0xbf, 0x77, 0xbf, 0x77, 0xbf, 0x77, 0xbf, 0x77, 0xbf, 0x6f, 0xbf, 0x6f, 0xbf, 0x77, 0xbf, 0x77, 0xbf, 0x77, 0xbf, 0x6f, 0xbf, 0x6f, 0xbf, 0x6f,
  0xbf, 0x6f, 0xbf, 0x6f, 0xbf, 0x6f, 0xff, 0x77, 0x39, 0x5e, 0xc3, 0x10, 0xcb, 0x10, 0xcb, 0x10, 0xcb, 0x10, 0xcb, 0x10, 0xcb, 0x10, 0xca, 0x10, 0xcb, 0x10, 0xcb, 0x10, 0xca, 0x10, 0xca, 0x10,
  0x94, 0x19, 0x93, 0x19, 0x93, 0x19, 0xb3, 0x19, 0x93, 0x19, 0x93, 0x19, 0x93, 0x19, 0x93, 0x19, 0x34, 0x32, 0xd3, 0x21, 0x93, 0x19, 0x93, 0x19, 0x94, 0x19, 0x6c, 0x21, 0x40, 0x20, 0xd1, 0x53,
  0xdf, 0x86, 0xdf, 0x86, 0xdf, 0x8e, 0xdf, 0x86, 0xdf, 0x8e, 0xdf, 0x8e, 0xdf, 0x8e, 0xff, 0x8e, 0xdf, 0x8e, 0xdf, 0x8e, 0xff, 0x8e, 0xff, 0x8e, 0xff, 0x8e, 0xff, 0x96, 0xff, 0x96, 0xff, 0x96,
  0xff, 0x96, 0xff, 0x96, 0xff, 0x96, 0x1f, 0x97, 0x1f, 0x97, 0x1e, 0x97, 0x1e, 0x97, 0x1e, 0x9f, 0x1e, 0x9f, 0x1e, 0x9f, 0x1e, 0x9f, 0x1e, 0x9f, 0x1e, 0x9f, 0x3e, 0x9f, 0x3e, 0x9f, 0x3e, 0x9f,
  0x3e, 0x9f, 0x3e, 0xa7, 0x3e, 0xa7, 0x3e, 0xa7, 0x3e, 0xa7, 0x3e, 0xa7, 0x3e, 0xa7, 0x3e, 0xa7, 0x5e, 0xa7, 0x5e, 0xa7, 0x5e, 0xa7, 0x5e, 0xaf, 0x5e, 0xaf, 0x5e, 0xaf, 0x5e, 0xaf, 0x7e, 0xaf,
  0x7d, 0xaf, 0x7d, 0xaf, 0x7d, 0xaf, 0x7d, 0xaf, 0x7d, 0xb7, 0x7d, 0xb7, 0x7d, 0xb7, 0x7d, 0xb7, 0x7d, 0xb7, 0x7d, 0xb7, 0x7d, 0xb7, 0x9d, 0xb7, 0x9d, 0xb7, 0x9d, 0xb7, 0x9d, 0xbf, 0x9d, 0xbf,
  0x9d, 0xbf, 0x9d, 0xbf, 0xbd, 0xbf, 0x9d, 0xbf, 0x9d, 0xbf, 0xbd, 0xbf, 0xbd, 0xbf, 0xbd, 0xbf, 0xbd, 0xc7, 0xbd, 0xc7, 0xbd, 0xc7, 0xbc, 0xc7, 0xbc, 0xc7, 0xdc, 0xc7, 0xdc, 0xc7, 0xdd, 0xc7,
  0xdc, 0xc7, 0xdc, 0xcf, 0xdc, 0xcf, 0xdc, 0xcf, 0xdc, 0xcf, 0xdc, 0xcf, 0xdc, 0xcf, 0xfc, 0xcf, 0xfc, 0xcf, 0xfc, 0xcf, 0xfc, 0xcf, 0xfc, 0xd7, 0xfc, 0xcf, 0xfc, 0xd7, 0xfc, 0xd7, 0xfc, 0xd7,
  0xfc, 0xd7, 0xfc, 0xd7, 0xfc, 0xd7, 0xfc, 0xd7, 0xfc, 0xd7, 0xfc, 0xd7, 0xfc, 0xdf, 0xfc, 0xdf, 0xfc, 0xdf, 0xfc, 0xdf, 0xfb, 0xdf, 0xfb, 0xdf, 0xfb, 0xdf, 0xfb, 0xdf, 0xfb, 0xdf, 0xfb, 0xdf,
  0xfb, 0xe7, 0xfb, 0xe7, 0xfb, 0xe7, 0xfb, 0xe7, 0xfb, 0xe7, 0xfb, 0xe7, 0xfb, 0xe7, 0xfb, 0xe7, 0xfb, 0xe7, 0xfb, 0xe7, 0xfb, 0xef, 0xfb, 0xef, 0xfb, 0xef, 0xfb, 0xef, 0xfb, 0xef, 0xfb, 0xef,
  0xfb, 0xef, 0xfb, 0xef, 0xfb, 0xef, 0xfb, 0xef, 0xfb, 0xf7, 0xfb, 0xf7, 0xfa, 0xf7, 0xfa, 0xf7, 0xfa, 0xf7, 0xfa, 0xf7, 0xfa, 0xf7, 0xfa, 0xf7, 0xfa, 0xf7, 0xfa, 0xff, 0xfa, 0xf7, 0xef, 0x9c,
  0x24, 0x39, 0x6f, 0x34, 0xfb, 0x3f, 0xfb, 0x37, 0xfc, 0x3f, 0x96, 0x2e, 0x27, 0x12, 0x88, 0x08, 0x2f, 0x19, 0x2e, 0x19, 0x2e, 0x19, 0x2e, 0x19, 0x2e, 0x19, 0x2e, 0x19, 0x0e, 0x19, 0x0e, 0x19,
  0x0f, 0x11, 0x29, 0x21, 0xae, 0x6b, 0x99, 0xa6, 0x3b, 0xb7, 0x3b, 0xb7, 0x58, 0x9e, 0xeb, 0x42, 0x95, 0x5d, 0xff, 0x8f, 0xff, 0x8f, 0xff, 0x8f, 0xff, 0x8f, 0xff, 0x8f, 0xff, 0x8f, 0xff, 0x8f,
  0xff, 0x8f, 0xff, 0x87, 0xff, 0x87, 0xff, 0x87, 0xff, 0x87, 0xff, 0x87, 0xff, 0x87, 0xff, 0x87, 0xff, 0x87, 0xff, 0x87, 0xff, 0x87, 0xff, 0x87, 0xff, 0x87, 0xff, 0x87, 0xff, 0x87, 0xff, 0x87,
  0xff, 0x87, 0xff, 0x87, 0xff, 0x87, 0xff, 0x87, 0xff, 0x87, 0xff, 0x87, 0xff, 0x87, 0xff, 0x87, 0xff, 0x87, 0xff, 0x87, 0xff, 0x87, 0xff, 0x87, 0xff, 0x87, 0xff, 0x87, 0xff, 0x87, 0xff, 0x87,
  0xff, 0x87, 0xff, 0x87, 0xff, 0x87, 0xff, 0x87, 0xff, 0x87, 0xff, 0x87, 0xff, 0x87, 0xff, 0x87, 0xff, 0x87, 0xff, 0x87, 0xff, 0x87, 0xff, 0x87, 0xff, 0x87, 0xff, 0x7f, 0xff, 0x7f, 0xff, 0x7f,
  0xff, 0x7f, 0xff, 0x7f, 0xff, 0x7f, 0xff, 0x87, 0xff, 0x7f, 0xff, 0x7f, 0xff, 0x7f, 0xff, 0x7f, 0xff, 0x7f, 0xff, 0x7f, 0xff, 0x7f, 0xff, 0x7f, 0xff, 0x7f, 0xff, 0x7f, 0xff, 0x7f, 0xff, 0x7f,
  0xff, 0x7f, 0xff, 0x7f, 0xff, 0x7f, 0xff, 0x7f, 0xff, 0x7f, 0xff, 0x7f, 0xff, 0x7f, 0xff, 0x7f, 0xff, 0x7f, 0xff, 0x7f, 0xff, 0x7f, 0xff, 0x7f, 0xff, 0x7f, 0xff, 0x7f, 0xff, 0x7f, 0xff, 0x7f,
  0xff, 0x7f, 0xff, 0x7f, 0xff, 0x7f, 0xff, 0x7f, 0xff, 0x7f, 0xff, 0x7f, 0xff, 0x7f, 0xff, 0x7f, 0xff, 0x7f, 0xff, 0x7f, 0xff, 0x7f, 0xff, 0x7f, 0xff, 0x7f, 0xff, 0x7f, 0xff, 0x77, 0xff, 0x77,
  0xff, 0x77, 0xff, 0x77, 0xff, 0x77, 0xff, 0x77, 0xff, 0x77, 0xff, 0x77, 0xff, 0x77, 0xff, 0x77, 0xff, 0x77, 0xff, 0x77, 0xff, 0x77, 0xff, 0x77, 0xff, 0x77, 0xff, 0x77, 0xff, 0x77, 0xff, 0x77,
  0xff, 0x77, 0xff, 0x77, 0xff, 0x77, 0xff, 0x77, 0x9a, 0x5e, 0xc3, 0x10, 0xab, 0x10, 0xaa, 0x10, 0xaa, 0x10, 0xaa, 0x10, 0xaa, 0x10, 0xaa, 0x10, 0xaa, 0x10, 0xaa, 0x10, 0xaa, 0x10, 0xaa, 0x10,
  0x55, 0x3a, 0x55, 0x3a, 0x55, 0x3a, 0x55, 0x3a, 0x55, 0x3a, 0x55, 0x3a, 0x55, 0x3a, 0x55, 0x32, 0x75, 0x3a, 0x55, 0x3a, 0x54, 0x3a, 0x54, 0x3a, 0x55, 0x3a, 0x55, 0x3a, 0xf1, 0x31, 0x45, 0x31,
  0x40, 0x20, 0x08, 0x3a, 0x07, 0x3a, 0x08, 0x3a, 0x08, 0x3a, 0xa7, 0x39, 0xa7, 0x39, 0xa7, 0x39, 0xa7, 0x39, 0xa7, 0x39, 0xa7, 0x39, 0xa7, 0x39, 0xa7, 0x39, 0xa7, 0x39, 0xa7, 0x39, 0xa7, 0x39,
  0xa7, 0x39, 0xa7, 0x39, 0xa7, 0x39, 0xa7, 0x39, 0xa7, 0x39, 0xa7, 0x39, 0xa7, 0x39, 0xa7, 0x39, 0xa7, 0x39, 0xa7, 0x39, 0xa7, 0x39, 0xa7, 0x39, 0xa7, 0x39, 0xa7, 0x39, 0xa7, 0x39, 0xa7, 0x39,
  0xa7, 0x39, 0xa7, 0x39, 0xc7, 0x39, 0xc7, 0x39, 0xc7, 0x39, 0xc7, 0x39, 0xc7, 0x39, 0xc7, 0x39, 0xa7, 0x39, 0xa7, 0x39, 0xa7, 0x41, 0xa7, 0x41, 0xa7, 0x41, 0xc7, 0x41, 0xc7, 0x41, 0xc7, 0x41,
  0xc7, 0x41, 0xc7, 0x41, 0xc7, 0x41, 0xc7, 0x41, 0xc7, 0x41, 0xc7, 0x41, 0xc7, 0x41, 0xc7, 0x41, 0xc7, 0x41, 0xc7, 0x41, 0xc7, 0x41, 0xc7, 0x41, 0xc7, 0x41, 0xc7, 0x41, 0xc7, 0x41, 0xc7, 0x41,
  0xc7, 0x41, 0xc7, 0x41, 0xc7, 0x41, 0xc7, 0x41, 0xc7, 0x41, 0xc7, 0x41, 0xc7, 0x41, 0xc7, 0x41, 0xc7, 0x41, 0xc7, 0x41, 0xc7, 0x41, 0xc7, 0x41, 0xc7, 0x41, 0xc7, 0x41, 0xc7, 0x41, 0xc7, 0x49,
  0xc7, 0x49, 0xc7, 0x41, 0xc7, 0x41, 0xc7, 0x49, 0xc7, 0x41, 0xc7, 0x49, 0xc7, 0x49, 0xc7, 0x49, 0xe7, 0x49, 0xe7, 0x49, 0xe7, 0x49, 0xe7, 0x49, 0xe7, 0x49, 0xe7, 0x49, 0xe7, 0x49, 0xe7, 0x49,
  0xe6, 0x49, 0xe6, 0x49, 0xe6, 0x49, 0xe6, 0x49, 0xe6, 0x49, 0xe6, 0x49, 0xe6, 0x49, 0xe6, 0x49, 0xe6, 0x49, 0xe6, 0x49, 0xe6, 0x49, 0xe6, 0x49, 0xe6, 0x49, 0xe6, 0x49, 0xe6, 0x49, 0xe6, 0x49,
  0xe6, 0x49, 0xe6, 0x49, 0xe6, 0x49, 0xe6, 0x49, 0xe6, 0x49, 0xe6, 0x49, 0xe6, 0x49, 0xe6, 0x49, 0xe6, 0x49, 0xe6, 0x49, 0xe6, 0x49, 0xe6, 0x49, 0xe6, 0x51, 0xe6, 0x51, 0xe6, 0x51, 0xe6, 0x51,
  0xe6, 0x51, 0xe6, 0x51, 0x06, 0x52, 0x06, 0x52, 0x06, 0x52, 0x06, 0x52, 0x06, 0x52, 0x06, 0x52, 0x06, 0x52, 0xe6, 0x51, 0xe6, 0x51, 0xc6, 0x51, 0xc6, 0x51, 0xa5, 0x49, 0x82, 0x30, 0x65, 0x29,
  0xb3, 0x35, 0xfb, 0x37, 0xfb, 0x37, 0xfb, 0x37, 0xda, 0x37, 0x2a, 0x13, 0x85, 0x10, 0xcf, 0x31, 0x11, 0x3a, 0x11, 0x3a, 0x11, 0x32, 0x11, 0x32, 0x11, 0x32, 0x11, 0x32, 0x11, 0x32, 0x11, 0x32,
  0x11, 0x32, 0x8a, 0x31, 0xce, 0x6b, 0xb9, 0xa6, 0x3b, 0xb7, 0x3b, 0xb7, 0x58, 0x9e, 0x28, 0x32, 0x48, 0x22, 0xcf, 0x3b, 0xae, 0x3b, 0xae, 0x3b, 0xae, 0x3b, 0xae, 0x3b, 0xae, 0x3b, 0xae, 0x3b,
  0xae, 0x3b, 0xae, 0x3b, 0xae, 0x3b, 0xae, 0x3b, 0xae, 0x3b, 0xae, 0x3b, 0xae, 0x3b, 0xae, 0x3b, 0xae, 0x3b, 0xae, 0x3b, 0xae, 0x3b, 0xae, 0x3b, 0xae, 0x3b, 0xae, 0x3b, 0xae, 0x3b, 0xae, 0x3b,
  0xae, 0x3b, 0xae, 0x3b, 0xae, 0x3b, 0xae, 0x3b, 0xae, 0x3b, 0xae, 0x3b, 0xae, 0x3b, 0xae, 0x3b, 0xae, 0x3b, 0xae, 0x3b, 0xae, 0x3b, 0xae, 0x3b, 0xae, 0x3b, 0xae, 0x3b, 0xae, 0x3b, 0xae, 0x33,
  0xae, 0x33, 0xae, 0x33, 0xae, 0x33, 0xae, 0x33, 0xae, 0x33, 0xae, 0x33, 0xae, 0x33, 0xae, 0x33, 0xae, 0x33, 0xae, 0x33, 0xae, 0x33, 0xaf, 0x33, 0xaf, 0x33, 0xaf, 0x33, 0xaf, 0x33, 0xaf, 0x33,
  0xaf, 0x33, 0xaf, 0x33, 0xaf, 0x33, 0xaf, 0x33, 0xaf, 0x33, 0xaf, 0x33, 0xaf, 0x33, 0xaf, 0x33, 0xaf, 0x33, 0xaf, 0x33, 0xaf, 0x33, 0xaf, 0x33, 0xaf, 0x33, 0xaf, 0x33, 0xaf, 0x33, 0xaf, 0x33,
  0xaf, 0x33, 0xaf, 0x33, 0xaf, 0x33, 0xaf, 0x33, 0xaf, 0x33, 0xaf, 0x33, 0xaf, 0x33, 0xaf, 0x33, 0xaf, 0x33, 0xaf, 0x33, 0xaf, 0x33, 0xaf, 0x33, 0xaf, 0x33, 0xaf, 0x33, 0xaf, 0x33, 0xaf, 0x33,
  0xaf, 0x33, 0xaf, 0x33, 0xaf, 0x33, 0xaf, 0x33, 0xaf, 0x33, 0xaf, 0x33, 0xaf, 0x33, 0xaf, 0x33, 0xaf, 0x33, 0xaf, 0x33, 0xaf, 0x33, 0xaf, 0x33, 0xaf, 0x33, 0xaf, 0x33, 0xaf, 0x33, 0xaf, 0x33,
  0xaf, 0x33, 0xaf, 0x33, 0xaf, 0x33, 0xaf, 0x33, 0xaf, 0x2b, 0xaf, 0x2b, 0xaf, 0x33, 0xaf, 0x33, 0xaf, 0x2b, 0xaf, 0x2b, 0xaf, 0x2b, 0xaf, 0x2b, 0xaf, 0x2b, 0xaf, 0x2b, 0xaf, 0x2b, 0xf0, 0x33,
  0x10, 0x3c, 0x10, 0x3c, 0x10, 0x3c, 0x30, 0x3c, 0x2c, 0x2b, 0x04, 0x11, 0xae, 0x31, 0xad, 0x31, 0xad, 0x31, 0xad, 0x31, 0xad, 0x31, 0xad, 0x31, 0xad, 0x31, 0xad, 0x31, 0xad, 0x31, 0xad, 0x31,
  0x93, 0x19, 0x93, 0x19, 0x93, 0x19, 0x93, 0x19, 0x93, 0x19, 0x93, 0x19, 0x93, 0x19, 0x93, 0x19, 0x34, 0x32, 0xd3, 0x21, 0x93, 0x19, 0x93, 0x19, 0x93, 0x19, 0x93, 0x19, 0x93, 0x19, 0xb4, 0x19,
  0x91, 0x21, 0x4e, 0x21, 0x4f, 0x21, 0xa4, 0x10, 0x22, 0x11, 0x8f, 0x55, 0x6c, 0x44, 0x2c, 0x44, 0x2c, 0x44, 0x2c, 0x44, 0x2c, 0x44, 0x2c, 0x44, 0x2c, 0x44, 0x2c, 0x44, 0x2c, 0x44, 0x2c, 0x44,
  0x2c, 0x44, 0x2c, 0x3c, 0x2c, 0x3c, 0x2c, 0x3c, 0x2c, 0x3c, 0x2c, 0x3c, 0x2c, 0x3c, 0x2c, 0x3c, 0x4c, 0x3c, 0x4c, 0x3c, 0x4c, 0x3c, 0x4c, 0x3c, 0x4c, 0x3c, 0x4c, 0x3c, 0x4c, 0x3c, 0x4c, 0x3c,
  0x4c, 0x3c, 0x4c, 0x3c, 0x4c, 0x3c, 0x4c, 0x3c, 0x4c, 0x3c, 0x4c, 0x3c, 0x4c, 0x3c, 0x4c, 0x3c, 0x4d, 0x3c, 0x4d, 0x3c, 0x4d, 0x3c, 0x4d, 0x3c, 0x4d, 0x3c, 0x4d, 0x3c, 0x4d, 0x3c, 0x4d, 0x3c,
  0x4d, 0x3c, 0x4d, 0x3c, 0x4d, 0x3c, 0x4d, 0x3c, 0x4d, 0x3c, 0x4d, 0x3c, 0x4d, 0x3c, 0x4d, 0x3c, 0x4d, 0x34, 0x4d, 0x34, 0x4d, 0x34, 0x4d, 0x34, 0x4d, 0x34, 0x4d, 0x34, 0x4d, 0x34, 0x4d, 0x34,
  0x4d, 0x34, 0x4d, 0x34, 0x4d, 0x34, 0x4d, 0x34, 0x4d, 0x34, 0x4d, 0x34, 0x4d, 0x34, 0x4d, 0x34, 0x4d, 0x34, 0x4d, 0x34, 0x4d, 0x34, 0x4d, 0x34, 0x4d, 0x34, 0x4d, 0x34, 0x4d, 0x34, 0x4d, 0x34,
  0x4d, 0x34, 0x4d, 0x34, 0x4d, 0x34, 0x4d, 0x34, 0x4d, 0x34, 0x4d, 0x34, 0x4d, 0x34, 0x4d, 0x34, 0x4e, 0x2c, 0x4e, 0x34, 0x4e, 0x2c, 0x4e, 0x2c, 0x4e, 0x2c, 0x4e, 0x2c, 0x4e, 0x2c, 0x4e, 0x2c,
  0x4e, 0x2c, 0x4e, 0x2c, 0x4e, 0x2c, 0x4e, 0x2c, 0x4e, 0x2c, 0x4e, 0x2c, 0x4e, 0x2c, 0x4e, 0x2c, 0x4e, 0x2c, 0x4e, 0x2c, 0x4e, 0x2c, 0x4e, 0x2c, 0x4e, 0x2c, 0x4e, 0x2c, 0x4e, 0x2c, 0x4e, 0x2c,
  0x4e, 0x2c, 0x4e, 0x2c, 0x4e, 0x2c, 0x4e, 0x2c, 0x4e, 0x2c, 0x4e, 0x2c, 0x4e, 0x2c, 0x4e, 0x2c, 0x4e, 0x2c, 0x4e, 0x2c, 0x4e, 0x2c, 0x4e, 0x2c, 0x4e, 0x24, 0x4e, 0x24, 0x4e, 0x24, 0x4e, 0x24,
  0x4e, 0x24, 0x4e, 0x24, 0x4e, 0x24, 0x4e, 0x24, 0x4e, 0x24, 0x4e, 0x24, 0x4e, 0x24, 0x4e, 0x24, 0x4e, 0x24, 0xb0, 0x24, 0xb3, 0x2d, 0x14, 0x36, 0x15, 0x36, 0xf4, 0x35, 0x38, 0x37, 0xfc, 0x37,
  0xfb, 0x37, 0xfb, 0x37, 0xfb, 0x37, 0xfd, 0x3f, 0x8f, 0x1c, 0xa3, 0x08, 0x0b, 0x11, 0x2f, 0x19, 0x2f, 0x19, 0x2e, 0x19, 0x2e, 0x19, 0x2e, 0x19, 0x2e, 0x19, 0x2e, 0x19, 0x2e, 0x19, 0x2e, 0x19,
  0x0f, 0x11, 0x29, 0x21, 0xce, 0x6b, 0xb9, 0xae, 0x3b, 0xb7, 0x3b, 0xb7, 0xd9, 0xae, 0x70, 0x74, 0x0b, 0x53, 0x2b, 0x53, 0x0b, 0x53, 0x0b, 0x53, 0x2b, 0x53, 0x2b, 0x53, 0x2b, 0x53, 0x2b, 0x53,
  0x2b, 0x53, 0x2b, 0x53, 0x2b, 0x53, 0x2b, 0x53, 0x2b, 0x53, 0x2b, 0x53, 0x2b, 0x53, 0x2b, 0x53, 0x2b, 0x53, 0x2b, 0x53, 0x2b, 0x53, 0x2b, 0x53, 0x2b, 0x53, 0x2b, 0x53, 0x2b, 0x53, 0x2b, 0x53,
  0x2b, 0x53, 0x2b, 0x53, 0x2b, 0x5b, 0x2b, 0x5b, 0x2b, 0x5b, 0x2b, 0x5b, 0x2b, 0x5b, 0x2b, 0x5b, 0x2b, 0x5b, 0x2b, 0x5b, 0x2b, 0x5b, 0x2b, 0x5b, 0x2b, 0x5b, 0x2b, 0x5b, 0x2b, 0x5b, 0x2b, 0x5b,
  0x2b, 0x5b, 0x2b, 0x5b, 0x2b, 0x5b, 0x4b, 0x5b, 0x4b, 0x5b, 0x4b, 0x5b, 0x4b, 0x5b, 0x4b, 0x5b, 0x4b, 0x5b, 0x4b, 0x5b, 0x4b, 0x5b, 0x4b, 0x5b, 0x4b, 0x5b, 0x4b, 0x5b, 0x4b, 0x5b, 0x4b, 0x5b,
  0x4b, 0x5b, 0x4b, 0x5b, 0x4b, 0x5b, 0x4b, 0x5b, 0x4b, 0x5b, 0x4b, 0x5b, 0x4b, 0x5b, 0x4b, 0x5b, 0x4b, 0x63, 0x4b, 0x63, 0x4b, 0x63, 0x4b, 0x63, 0x4b, 0x63, 0x4b, 0x63, 0x4b, 0x63, 0x4b, 0x63,
  0x4b, 0x63, 0x4b, 0x63, 0x4b, 0x63, 0x4b, 0x63, 0x4b, 0x63, 0x4b, 0x63, 0x4b, 0x63, 0x4b, 0x63, 0x4b, 0x63, 0x6b, 0x63, 0x6b, 0x63, 0x6b, 0x63, 0x6b, 0x63, 0x6b, 0x63, 0x6b, 0x63, 0x6b, 0x63,
  0x6b, 0x63, 0x6b, 0x63, 0x6b, 0x63, 0x6b, 0x63, 0x6b, 0x63, 0x6b, 0x63, 0x6b, 0x63, 0x6b, 0x63, 0x6b, 0x63, 0x6b, 0x63, 0x6b, 0x63, 0x6a, 0x63, 0x6a, 0x63, 0x6a, 0x63, 0x6a, 0x63, 0x6a, 0x6b,
  0x6a, 0x6b, 0x6a, 0x63, 0x6a, 0x63, 0x6a, 0x63, 0x6a, 0x6b, 0x6a, 0x6b, 0x6a, 0x6b, 0x6a, 0x6b, 0x6a, 0x6b, 0x6a, 0x6b, 0x6a, 0x6b, 0x6a, 0x6b, 0x6a, 0x6b, 0x6a, 0x6b, 0xcb, 0x73, 0xa2, 0x18,
  0x03, 0x08, 0x24, 0x00, 0x24, 0x00, 0x24, 0x00, 0x44, 0x08, 0xe7, 0x18, 0xcb, 0x10, 0xca, 0x10, 0xca, 0x10, 0xca, 0x10, 0xca, 0x10, 0xca, 0x10, 0xca, 0x10, 0xaa, 0x10, 0xaa, 0x10, 0xaa, 0x10,
  0xb3, 0x21, 0xb3, 0x21, 0xb3, 0x21, 0xb3, 0x21, 0xb3, 0x21, 0xb3, 0x21, 0xb3, 0x21, 0x93, 0x19, 0x34, 0x32, 0xd3, 0x21, 0x93, 0x21, 0x93, 0x21, 0x93, 0x21, 0x93, 0x21, 0xb3, 0x21, 0xb3, 0x21,
  0xb3, 0x21, 0x93, 0x21, 0x93, 0x21, 0xb4, 0x21, 0xc5, 0x10, 0x80, 0x08, 0xb5, 0x6f, 0xf8, 0x77, 0xf7, 0x6f, 0xf6, 0x6f, 0xf6, 0x6f, 0xf7, 0x6f, 0xf7, 0x6f, 0xf7, 0x6f, 0xf7, 0x6f, 0xf7, 0x6f,
  0xf7, 0x6f, 0xf7, 0x6f, 0xf7, 0x6f, 0xf7, 0x6f, 0xf7, 0x67, 0xf7, 0x67, 0xf7, 0x67, 0xf7, 0x67, 0xf7, 0x67, 0xf7, 0x67, 0xf7, 0x67, 0xf7, 0x67, 0xf7, 0x67, 0xf7, 0x67, 0xf7, 0x67, 0xf7, 0x67,
  0xf7, 0x67, 0xf7, 0x67, 0xf7, 0x67, 0xf7, 0x67, 0xf7, 0x67, 0xf7, 0x67, 0xf8, 0x67, 0xf8, 0x5f, 0xf8, 0x5f, 0xf8, 0x5f, 0xf8, 0x5f, 0xf8, 0x5f, 0xf8, 0x5f, 0xf8, 0x5f, 0xf8, 0x5f, 0xf8, 0x5f,
  0xf8, 0x5f, 0xf8, 0x5f, 0xf8, 0x5f, 0xf8, 0x5f, 0xf8, 0x5f, 0xf8, 0x5f, 0xf8, 0x5f, 0xf8, 0x5f, 0xf8, 0x5f, 0xf8, 0x5f, 0xf8, 0x5f, 0xf8, 0x57, 0xf8, 0x5f, 0xf8, 0x57, 0xf8, 0x57, 0xf9, 0x57,
  0xf8, 0x57, 0xf8, 0x57, 0xf9, 0x57, 0xf9, 0x57, 0xf9, 0x57, 0xf9, 0x57, 0xf9, 0x57, 0xf9, 0x57, 0xf9, 0x57, 0xf9, 0x57, 0xf9, 0x57, 0xf9, 0x57, 0xf9, 0x57, 0xf9, 0x57, 0xf9, 0x57, 0xf9, 0x57,
  0xf9, 0x4f, 0xf9, 0x4f, 0xf9, 0x4f, 0xf9, 0x4f, 0xf9, 0x4f, 0xf9, 0x4f, 0xf9, 0x4f, 0xf9, 0x4f, 0xf9, 0x4f, 0xfa, 0x4f, 0xfa, 0x4f, 0xfa, 0x4f, 0xfa, 0x4f, 0xfa, 0x4f, 0xfa, 0x4f, 0xfa, 0x4f,
  0xfa, 0x4f, 0xfa, 0x4f, 0xfa, 0x4f, 0xfa, 0x4f, 0xfa, 0x4f, 0xfa, 0x4f, 0xfa, 0x47, 0xfa, 0x47, 0xfa, 0x47, 0xfa, 0x47, 0xfa, 0x47, 0xfa, 0x47, 0xfa, 0x47, 0xfa, 0x47, 0xfa, 0x47, 0xfa, 0x47,
  0xfa, 0x47, 0xfa, 0x47, 0xfa, 0x47, 0xfa, 0x47, 0xfb, 0x47, 0xfb, 0x47, 0xfb, 0x47, 0xfb, 0x47, 0xfb, 0x47, 0xfb, 0x3f, 0xfb, 0x3f, 0xfb, 0x3f, 0xfb, 0x3f, 0xfb, 0x3f, 0xfb, 0x3f, 0xfb, 0x3f,
  0xfb, 0x3f, 0xfb, 0x3f, 0xfb, 0x3f, 0xfb, 0x3f, 0xfb, 0x3f, 0xfb, 0x3f, 0xfb, 0x3f, 0xfb, 0x3f, 0xfb, 0x3f, 0xfb, 0x3f, 0xfb, 0x3f, 0xfb, 0x3f, 0xfb, 0x3f, 0xfb, 0x37, 0xfb, 0x37, 0xfb, 0x37,
  0xfb, 0x37, 0xfc, 0x37, 0xfb, 0x37, 0xac, 0x1b, 0x42, 0x00, 0x0b, 0x11, 0x2f, 0x19, 0x2f, 0x19, 0x2f, 0x19, 0x2e, 0x19, 0x2e, 0x19, 0x2e, 0x19, 0x2e, 0x19, 0x2e, 0x19, 0x2e, 0x19, 0x2e, 0x19,
  0x0f, 0x11, 0x29, 0x21, 0xce, 0x6b, 0xb9, 0xae, 0x3b, 0xb7, 0x3b, 0xb7, 0x3b, 0xb7, 0x5b, 0xbf, 0x7b, 0xbf, 0x7b, 0xbf, 0x7b, 0xbf, 0x7b, 0xbf, 0x7b, 0xbf, 0x7b, 0xbf, 0x7b, 0xbf, 0x7b, 0xbf,
  0x7b, 0xc7, 0x7b, 0xc7, 0x7b, 0xc7, 0x7b, 0xc7, 0x9b, 0xc7, 0x9b, 0xc7, 0x9b, 0xc7, 0x9b, 0xc7, 0x9b, 0xc7, 0x9b, 0xc7, 0x9b, 0xc7, 0x9b, 0xc7, 0x9b, 0xc7, 0x9b, 0xc7, 0x9b, 0xc7, 0x9b, 0xc7,
  0x9b, 0xc7, 0x9b, 0xcf, 0x9b, 0xc7, 0x9b, 0xcf, 0x9b, 0xcf, 0x9b, 0xcf, 0x9b, 0xcf, 0xbb, 0xcf, 0xbb, 0xcf, 0xbb, 0xcf, 0xbb, 0xcf, 0xbb, 0xcf, 0xbb, 0xcf, 0xbb, 0xcf, 0xbb, 0xcf, 0xbb, 0xcf,
  0xbb, 0xcf, 0xbb, 0xcf, 0xbb, 0xcf, 0xbb, 0xcf, 0xbb, 0xd7, 0xbb, 0xd7, 0xbb, 0xd7, 0xbb, 0xd7, 0xba, 0xd7, 0xda, 0xd7, 0xda, 0xd7, 0xda, 0xd7, 0xda, 0xd7, 0xda, 0xd7, 0xda, 0xd7, 0xda, 0xd7,
  0xda, 0xd7, 0xda, 0xd7, 0xda, 0xd7, 0xda, 0xd7, 0xda, 0xd7, 0xda, 0xd7, 0xda, 0xd7, 0xda, 0xd7, 0xda, 0xd7, 0xda, 0xdf, 0xda, 0xdf, 0xda, 0xdf, 0xfa, 0xdf, 0xfa, 0xdf, 0xfa, 0xdf, 0xfa, 0xdf,
  0xfa, 0xdf, 0xfa, 0xdf, 0xfa, 0xdf, 0xfa, 0xdf, 0xfa, 0xdf, 0xfa, 0xdf, 0xfa, 0xdf, 0xfa, 0xdf, 0xfa, 0xdf, 0xfa, 0xdf, 0xfa, 0xe7, 0xfa, 0xe7, 0xfa, 0xe7, 0xfa, 0xe7, 0xfa, 0xe7, 0xfa, 0xe7,
  0xfa, 0xe7, 0xfa, 0xe7, 0xfa, 0xe7, 0xfa, 0xe7, 0xfa, 0xe7, 0xfa, 0xe7, 0xfa, 0xe7, 0xfa, 0xe7, 0xfa, 0xe7, 0xf9, 0xe7, 0xfa, 0xe7, 0xfa, 0xe7, 0xfa, 0xef, 0xfa, 0xef, 0xfa, 0xef, 0xfa, 0xef,
  0xf9, 0xef, 0xf9, 0xef, 0xf9, 0xef, 0xf9, 0xef, 0xf9, 0xef, 0xf9, 0xef, 0xf9, 0xef, 0xf9, 0xef, 0xf9, 0xef, 0xf9, 0xef, 0xf9, 0xef, 0xf9, 0xef, 0xf9, 0xef, 0xf9, 0xef, 0xfb, 0xff, 0x06, 0x4a,
  0xa9, 0x10, 0xcb, 0x10, 0xcb, 0x10, 0xcb, 0x10, 0x0b, 0x19, 0xad, 0x29, 0xca, 0x10, 0xca, 0x10, 0xca, 0x10, 0xca, 0x10, 0xca, 0x10, 0xca, 0x10, 0xca, 0x10, 0xca, 0x10, 0xca, 0x10, 0xca, 0x10,
  0xb3, 0x21, 0xb3, 0x21, 0xb3, 0x21, 0xb3, 0x21, 0xb3, 0x21, 0x93, 0x21, 0x93, 0x21, 0x93, 0x19, 0x34, 0x32, 0xd3, 0x21, 0x93, 0x21, 0xb3, 0x21, 0xb3, 0x21, 0xb3, 0x21, 0x93, 0x21, 0x93, 0x21,
  0x93, 0x21, 0x93, 0x19, 0x93, 0x19, 0x93, 0x21, 0xb4, 0x21, 0xe9, 0x10, 0x00, 0x00, 0xaa, 0x33, 0xd6, 0x6f, 0xf8, 0x77, 0xf7, 0x6f, 0xf7, 0x6f, 0xf7, 0x6f, 0xf7, 0x6f, 0xf7, 0x6f, 0xf7, 0x6f,
  0xf7, 0x6f, 0xf7, 0x6f, 0xf7, 0x6f, 0xf7, 0x67, 0xf7, 0x67, 0xf7, 0x67, 0xf7, 0x67, 0xf7, 0x67, 0xf7, 0x67, 0xf7, 0x67, 0xf7, 0x67, 0xf7, 0x67, 0xf7, 0x67, 0xf7, 0x67, 0xf7, 0x67, 0xf7, 0x67,
  0xf8, 0x67, 0xf7, 0x67, 0xf7, 0x67, 0xf8, 0x67, 0xf8, 0x67, 0xf8, 0x5f, 0xf8, 0x5f, 0xf8, 0x5f, 0xf8, 0x67, 0xf8, 0x5f, 0xf8, 0x5f, 0xf8, 0x5f, 0xf8, 0x5f, 0xf8, 0x5f, 0xf8, 0x5f, 0xf8, 0x5f,
  0xf8, 0x5f, 0xf8, 0x5f, 0xf8, 0x5f, 0xf8, 0x5f, 0xf8, 0x5f, 0xf8, 0x5f, 0xf8, 0x5f, 0xf8, 0x5f, 0xf8, 0x5f, 0xf8, 0x5f, 0xf8, 0x57, 0xf8, 0x57, 0xf9, 0x57, 0xf9, 0x57, 0xf9, 0x57, 0xf8, 0x57,
  0xf9, 0x57, 0xf9, 0x57, 0xf9, 0x57, 0xf9, 0x57, 0xf9, 0x57, 0xf9, 0x57, 0xf9, 0x57, 0xf9, 0x57, 0xf9, 0x57, 0xf9, 0x57, 0xf9, 0x57, 0xf9, 0x57, 0xf9, 0x57, 0xf9, 0x57, 0xf9, 0x57, 0xf9, 0x57,
  0xf9, 0x4f, 0xf9, 0x4f, 0xf9, 0x4f, 0xf9, 0x4f, 0xf9, 0x4f, 0xf9, 0x4f, 0xf9, 0x4f, 0xfa, 0x4f, 0xfa, 0x4f, 0xfa, 0x4f, 0xfa, 0x4f, 0xfa, 0x4f, 0xfa, 0x4f, 0xfa, 0x4f, 0xfa, 0x4f, 0xfa, 0x4f,
  0xfa, 0x4f, 0xfa, 0x4f, 0xfa, 0x4f, 0xfa, 0x47, 0xfa, 0x4f, 0xfa, 0x47, 0xfa, 0x47, 0xfa, 0x47, 0xfa, 0x47, 0xfa, 0x47, 0xfa, 0x47, 0xfa, 0x47, 0xfa, 0x47, 0xfa, 0x47, 0xfa, 0x47, 0xfa, 0x47,
  0xfa, 0x47, 0xfb, 0x47, 0xfb, 0x47, 0xfb, 0x47, 0xfb, 0x47, 0xfb, 0x47, 0xfb, 0x47, 0xfb, 0x3f, 0xfb, 0x3f, 0xfb, 0x47, 0xfb, 0x3f, 0xfb, 0x3f, 0xfb, 0x3f, 0xfb, 0x3f, 0xfb, 0x3f, 0xfb, 0x3f,
  0xfb, 0x3f, 0xfb, 0x3f, 0xfb, 0x3f, 0xfb, 0x3f, 0xfb, 0x3f, 0xfb, 0x3f, 0xfb, 0x3f, 0xfb, 0x3f, 0xfb, 0x3f, 0xfb, 0x3f, 0xfb, 0x3f, 0xfb, 0x3f, 0xfb, 0x37, 0xfb, 0x37, 0xfc, 0x3f, 0xfd, 0x3f,
  0xfc, 0x37, 0x93, 0x25, 0x03, 0x09, 0x01, 0x00, 0x0c, 0x19, 0x2f, 0x19, 0x2f, 0x19, 0x2e, 0x19, 0x2e, 0x19, 0x2e, 0x19, 0x2e, 0x19, 0x2e, 0x19, 0x2e, 0x19, 0x2e, 0x19, 0x2e, 0x19, 0x2e, 0x19,
  0x0f, 0x19, 0x29, 0x21, 0xce, 0x6b, 0xf9, 0xae, 0x7b, 0xbf, 0x5b, 0xbf, 0x5b, 0xbf, 0x7b, 0xbf, 0x7b, 0xbf, 0x7b, 0xbf, 0x7b, 0xbf, 0x7b, 0xbf, 0x7b, 0xbf, 0x7b, 0xbf, 0x7b, 0xbf, 0x7b, 0xbf,
  0x7b, 0xc7, 0x7b, 0xbf, 0x7b, 0xbf, 0x7b, 0xc7, 0x7b, 0xc7, 0x7b, 0xc7, 0x9b, 0xc7, 0x7b, 0xc7, 0x7b, 0xc7, 0x7b, 0xc7, 0x9b, 0xc7, 0x9b, 0xc7, 0x9b, 0xc7, 0x9b, 0xc7, 0x9b, 0xc7, 0x9b, 0xc7,
  0x9b, 0xc7, 0x9b, 0xc7, 0x9b, 0xc7, 0x9b, 0xc7, 0x9b, 0xcf, 0x9b, 0xcf, 0x9b, 0xcf, 0x9a, 0xcf, 0x9b, 0xcf, 0xbb, 0xcf, 0xbb, 0xcf, 0xbb, 0xcf, 0x9b, 0xcf, 0x9b, 0xcf, 0xba, 0xcf, 0xba, 0xcf,
  0xba, 0xcf, 0xba, 0xcf, 0xba, 0xcf, 0xba, 0xcf, 0xba, 0xcf, 0xba, 0xcf, 0xba, 0xcf, 0xba, 0xd7, 0xba, 0xd7, 0xba, 0xd7, 0xba, 0xd7, 0xba, 0xd7, 0xda, 0xd7, 0xda, 0xd7, 0xda, 0xd7, 0xda, 0xd7,
  0xba, 0xd7, 0xda, 0xd7, 0xda, 0xd7, 0xda, 0xd7, 0xda, 0xd7, 0xda, 0xd7, 0xda, 0xd7, 0xda, 0xd7, 0xda, 0xdf, 0xda, 0xd7, 0xda, 0xd7, 0xda, 0xdf, 0xda, 0xdf, 0xda, 0xdf, 0xda, 0xdf, 0xfa, 0xdf,
  0xfa, 0xdf, 0xfa, 0xdf, 0xfa, 0xdf, 0xfa, 0xdf, 0xfa, 0xdf, 0xfa, 0xdf, 0xfa, 0xdf, 0xfa, 0xdf, 0xfa, 0xdf, 0xfa, 0xdf, 0xfa, 0xdf, 0xfa, 0xdf, 0xfa, 0xe7, 0xfa, 0xdf, 0xfa, 0xe7, 0xfa, 0xe7,
  0xf9, 0xe7, 0xf9, 0xe7, 0xf9, 0xe7, 0xf9, 0xe7, 0xf9, 0xe7, 0xfa, 0xe7, 0xf9, 0xe7, 0xf9, 0xe7, 0xf9, 0xe7, 0xf9, 0xe7, 0xf9, 0xe7, 0xf9, 0xe7, 0xf9, 0xe7, 0xf9, 0xe7, 0xf9, 0xe7, 0xf9, 0xef,
  0xf9, 0xef, 0xf9, 0xef, 0xf9, 0xef, 0xf9, 0xef, 0xf9, 0xef, 0xf9, 0xef, 0xf9, 0xef, 0xf9, 0xef, 0xf9, 0xef, 0xf9, 0xef, 0xf9, 0xef, 0xf9, 0xef, 0xf9, 0xef, 0xf9, 0xef, 0xfb, 0xff, 0xe6, 0x41,
  0xa8, 0x10, 0xcb, 0x10, 0xca, 0x10, 0xca, 0x10, 0x0b, 0x19, 0x8d, 0x29, 0xca, 0x10, 0xca, 0x10, 0xca, 0x10, 0xca, 0x10, 0xca, 0x10, 0xca, 0x10, 0xca, 0x10, 0xca, 0x10, 0xca, 0x10, 0xca, 0x10,
  0xb3, 0x21, 0xb3, 0x21, 0xb3, 0x21, 0x93, 0x21, 0x93, 0x21, 0x93, 0x21, 0x93, 0x21, 0x93, 0x19, 0x34, 0x32, 0xd3, 0x21, 0x93, 0x21, 0xb3, 0x21, 0x93, 0x21, 0x93, 0x21, 0x93, 0x21, 0x93, 0x19,
  0x93, 0x19, 0x93, 0x19, 0x93, 0x19, 0x93, 0x21, 0x93, 0x21, 0xb4, 0x21, 0x71, 0x19, 0xe5, 0x10, 0x00, 0x00, 0x46, 0x22, 0x8d, 0x3c, 0x52, 0x56, 0x31, 0x56, 0x32, 0x56, 0x32, 0x56, 0x32, 0x56,
  0x32, 0x56, 0x32, 0x56, 0x32, 0x56, 0x32, 0x56, 0x32, 0x4e, 0x32, 0x4e, 0x32, 0x4e, 0x32, 0x4e, 0x32, 0x4e, 0x32, 0x4e, 0x32, 0x4e, 0x32, 0x4e, 0x32, 0x4e, 0x32, 0x4e, 0x32, 0x4e, 0x32, 0x4e,
  0x32, 0x4e, 0x32, 0x4e, 0x32, 0x4e, 0x32, 0x4e, 0x32, 0x4e, 0x32, 0x4e, 0x32, 0x4e, 0x32, 0x4e, 0x32, 0x4e, 0x32, 0x4e, 0x32, 0x4e, 0x32, 0x46, 0x32, 0x4e, 0x32, 0x4e, 0x32, 0x4e, 0x33, 0x4e,
  0x33, 0x4e, 0x33, 0x46, 0x32, 0x46, 0x33, 0x46, 0x33, 0x46, 0x33, 0x46, 0x33, 0x46, 0x33, 0x46, 0x33, 0x46, 0x33, 0x46, 0x33, 0x46, 0x33, 0x46, 0x33, 0x46, 0x33, 0x46, 0x33, 0x46, 0x33, 0x46,
  0x33, 0x46, 0x33, 0x46, 0x33, 0x46, 0x33, 0x46, 0x33, 0x46, 0x33, 0x46, 0x33, 0x46, 0x33, 0x46, 0x33, 0x3e, 0x33, 0x3e, 0x33, 0x3e, 0x33, 0x3e, 0x33, 0x3e, 0x33, 0x3e, 0x33, 0x3e, 0x33, 0x3e,
  0x33, 0x3e, 0x34, 0x3e, 0x34, 0x3e, 0x34, 0x3e, 0x34, 0x3e, 0x34, 0x3e, 0x34, 0x3e, 0x34, 0x3e, 0x34, 0x3e, 0x34, 0x3e, 0x34, 0x3e, 0x34, 0x3e, 0x34, 0x3e, 0x34, 0x3e, 0x34, 0x3e, 0x34, 0x3e,
  0x34, 0x3e, 0x34, 0x36, 0x34, 0x36, 0x34, 0x36, 0x34, 0x3e, 0x34, 0x3e, 0x34, 0x36, 0x34, 0x36, 0x34, 0x36, 0x34, 0x36, 0x34, 0x36, 0x34, 0x36, 0x34, 0x36, 0x34, 0x36, 0x34, 0x36, 0x54, 0x36,
  0x54, 0x36, 0x54, 0x36, 0x55, 0x36, 0x55, 0x36, 0x55, 0x36, 0x55, 0x36, 0x55, 0x36, 0x55, 0x36, 0x55, 0x36, 0x55, 0x36, 0x55, 0x36, 0x55, 0x36, 0x55, 0x36, 0x55, 0x2e, 0x55, 0x2e, 0x55, 0x2e,
  0x55, 0x2e, 0x55, 0x2e, 0x55, 0x2e, 0x55, 0x2e, 0x55, 0x2e, 0x55, 0x2e, 0x55, 0x2e, 0x55, 0x2e, 0x55, 0x2e, 0x55, 0x2e, 0x55, 0x2e, 0x55, 0x2e, 0x55, 0x2e, 0x76, 0x2e, 0x93, 0x25, 0x6b, 0x13,
  0x81, 0x00, 0x00, 0x00, 0x0a, 0x11, 0x2f, 0x19, 0x2f, 0x19, 0x2e, 0x19, 0x2e, 0x19, 0x2e, 0x19, 0x2e, 0x19, 0x2e, 0x19, 0x2e, 0x19, 0x2e, 0x19, 0x2e, 0x19, 0x2e, 0x19, 0x2e, 0x19, 0x2e, 0x19,
  0x2f, 0x19, 0x29, 0x21, 0x4c, 0x5b, 0x74, 0x95, 0xf6, 0x9d, 0xf5, 0x9d, 0xf5, 0x9d, 0xf5, 0x9d, 0xf5, 0x9d, 0xf5, 0x9d, 0xf5, 0x9d, 0xf5, 0x9d, 0xf6, 0x9d, 0xf6, 0x9d, 0xf6, 0x9d, 0xf6, 0x9d,
  0xf6, 0x9d, 0xf5, 0x9d, 0xf5, 0x9d, 0xf5, 0x9d, 0x15, 0x9e, 0x15, 0x9e, 0xf5, 0xa5, 0x15, 0xa6, 0x15, 0xa6, 0x15, 0xa6, 0x15, 0xa6, 0x15, 0xa6, 0x15, 0xa6, 0x15, 0xa6, 0x15, 0xa6, 0x15, 0xa6,
  0x15, 0xa6, 0x15, 0xa6, 0x15, 0xa6, 0x15, 0xa6, 0x15, 0xa6, 0x15, 0xa6, 0x15, 0xa6, 0x15, 0xa6, 0x15, 0xa6, 0x15, 0xa6, 0x15, 0xa6, 0x15, 0xa6, 0x35, 0xae, 0x35, 0xa6, 0x35, 0xae, 0x35, 0xae,
  0x35, 0xae, 0x35, 0xae, 0x35, 0xae, 0x35, 0xae, 0x35, 0xae, 0x35, 0xae, 0x35, 0xae, 0x35, 0xae, 0x35, 0xae, 0x35, 0xae, 0x35, 0xae, 0x35, 0xae, 0x35, 0xae, 0x35, 0xae, 0x35, 0xae, 0x35, 0xae,
  0x35, 0xae, 0x35, 0xae, 0x35, 0xae, 0x35, 0xae, 0x55, 0xae, 0x55, 0xb6, 0x55, 0xb6, 0x55, 0xb6, 0x55, 0xb6, 0x55, 0xb6, 0x55, 0xb6, 0x55, 0xb6, 0x55, 0xb6, 0x55, 0xb6, 0x55, 0xb6, 0x55, 0xb6,
  0x54, 0xb6, 0x54, 0xb6, 0x54, 0xb6, 0x54, 0xb6, 0x54, 0xb6, 0x54, 0xb6, 0x74, 0xb6, 0x74, 0xb6, 0x74, 0xb6, 0x54, 0xb6, 0x54, 0xb6, 0x54, 0xbe, 0x54, 0xb6, 0x54, 0xbe, 0x54, 0xbe, 0x74, 0xbe,
  0x74, 0xbe, 0x74, 0xbe, 0x74, 0xbe, 0x74, 0xbe, 0x74, 0xbe, 0x74, 0xbe, 0x74, 0xbe, 0x74, 0xbe, 0x74, 0xbe, 0x74, 0xbe, 0x74, 0xbe, 0x74, 0xbe, 0x74, 0xbe, 0x74, 0xbe, 0x74, 0xbe, 0x74, 0xbe,
  0x74, 0xbe, 0x74, 0xbe, 0x74, 0xbe, 0x94, 0xbe, 0x94, 0xbe, 0x94, 0xbe, 0x94, 0xbe, 0x94, 0xc6, 0x94, 0xc6, 0x94, 0xc6, 0x94, 0xc6, 0x94, 0xc6, 0x94, 0xc6, 0x94, 0xc6, 0x15, 0xd7, 0xa5, 0x39,
  0xa8, 0x10, 0xca, 0x10, 0xca, 0x10, 0xca, 0x10, 0x0b, 0x19, 0x8d, 0x29, 0xaa, 0x10, 0xca, 0x10, 0xca, 0x10, 0xca, 0x10, 0xca, 0x10, 0xca, 0x10, 0xca, 0x10, 0xca, 0x10, 0xca, 0x10, 0xca, 0x10,
  0xb3, 0x21, 0x93, 0x21, 0x93, 0x21, 0x93, 0x21, 0x93, 0x21, 0xb3, 0x21, 0xb3, 0x21, 0x93, 0x19, 0x34, 0x32, 0xd3, 0x21, 0x93, 0x21, 0x93, 0x21, 0x93, 0x19, 0x93, 0x19, 0x93, 0x19, 0x93, 0x19,
  0x93, 0x19, 0x93, 0x21, 0x93, 0x21, 0x93, 0x21, 0x93, 0x21, 0x93, 0x21, 0x93, 0x21, 0x94, 0x21, 0x71, 0x19, 0xaa, 0x10, 0xc5, 0x08, 0x82, 0x08, 0xa2, 0x08, 0xa2, 0x08, 0xc2, 0x08, 0xa2, 0x08,
  0xa2, 0x08, 0xa2, 0x08, 0xa2, 0x08, 0xa2, 0x08, 0xa2, 0x08, 0xa2, 0x08, 0xa2, 0x08, 0xa2, 0x08, 0xa2, 0x08, 0xa2, 0x08, 0xa2, 0x08, 0xa2, 0x08, 0xa2, 0x08, 0xa2, 0x08, 0xa2, 0x08, 0xa2, 0x08,
  0xa2, 0x08, 0xa2, 0x08, 0xa2, 0x08, 0xa3, 0x08, 0xa2, 0x08, 0xa2, 0x08, 0xa2, 0x08, 0xa2, 0x08, 0xa2, 0x08, 0xa2, 0x08, 0xa2, 0x08, 0xa2, 0x08, 0xa2, 0x08, 0xa2, 0x08, 0xa2, 0x08, 0xa2, 0x08,
  0xa2, 0x08, 0xa2, 0x08, 0xa2, 0x08, 0xa2, 0x08, 0xa2, 0x08, 0xa2, 0x08, 0xa2, 0x08, 0xa2, 0x08, 0xa2, 0x08, 0xa3, 0x08, 0xa2, 0x08, 0xa2, 0x08, 0xa2, 0x08, 0xa2, 0x08, 0xa2, 0x08, 0xa2, 0x08,
  0xa2, 0x08, 0xa2, 0x08, 0xa2, 0x08, 0xa2, 0x08, 0xa2, 0x08, 0xa2, 0x08, 0xa2, 0x08, 0xa2, 0x08, 0xa2, 0x08, 0xa2, 0x08, 0xa2, 0x08, 0xa2, 0x08, 0xa2, 0x08, 0xa2, 0x08, 0xa2, 0x08, 0xa3, 0x08,
  0xa2, 0x08, 0xa2, 0x08, 0xa2, 0x08, 0xa2, 0x08, 0xa2, 0x08, 0xa2, 0x08, 0xa2, 0x08, 0xa2, 0x08, 0xa2, 0x08, 0xa2, 0x08, 0xa2, 0x08, 0xa2, 0x08, 0xa2, 0x08, 0xa2, 0x08, 0xa2, 0x08, 0xa2, 0x08,
  0xa2, 0x08, 0xa2, 0x08, 0xa2, 0x08, 0xa3, 0x08, 0xa3, 0x08, 0xa2, 0x08, 0xa2, 0x08, 0xa2, 0x08, 0xa2, 0x08, 0xa2, 0x08, 0xa2, 0x08, 0xa2, 0x08, 0xa2, 0x08, 0xa2, 0x08, 0xa2, 0x08, 0xa2, 0x08,
  0xa2, 0x08, 0xa2, 0x08, 0xa2, 0x08, 0xa2, 0x08, 0xa2, 0x08, 0xa2, 0x08, 0xa2, 0x08, 0xa2, 0x08, 0xa2, 0x08, 0xa2, 0x08, 0xa3, 0x08, 0xa2, 0x08, 0xa2, 0x08, 0xa2, 0x08, 0xa2, 0x08, 0xa3, 0x08,
  0xa3, 0x08, 0xa3, 0x08, 0xa3, 0x08, 0xa3, 0x08, 0xa2, 0x08, 0xa3, 0x08, 0xa3, 0x08, 0xa3, 0x08, 0xa3, 0x08, 0xa3, 0x08, 0xa3, 0x08, 0xa3, 0x08, 0xa3, 0x08, 0xa2, 0x08, 0xa3, 0x08, 0xc7, 0x10,
  0xeb, 0x18, 0x2f, 0x19, 0x2f, 0x19, 0x2e, 0x19, 0x2e, 0x19, 0x2e, 0x19, 0x2e, 0x19, 0x2e, 0x19, 0x2e, 0x19, 0x2e, 0x19, 0x2e, 0x19, 0x2e, 0x19, 0x2e, 0x19, 0x2e, 0x19, 0x2e, 0x19, 0x2e, 0x19,
  0x2f, 0x19, 0x6b, 0x29, 0x86, 0x31, 0x65, 0x31, 0x45, 0x31, 0x45, 0x31, 0x45, 0x31, 0x45, 0x31, 0x45, 0x31, 0x45, 0x31, 0x45, 0x31, 0x45, 0x31, 0x45, 0x31, 0x45, 0x31, 0x45, 0x31, 0x45, 0x31,
  0x45, 0x31, 0x45, 0x31, 0x45, 0x31, 0x45, 0x31, 0x45, 0x31, 0x45, 0x31, 0x45, 0x31, 0x45, 0x31, 0x45, 0x31, 0x45, 0x31, 0x45, 0x31, 0x45, 0x31, 0x45, 0x31, 0x45, 0x31, 0x45, 0x31, 0x45, 0x31,
  0x45, 0x31, 0x45, 0x31, 0x45, 0x31, 0x45, 0x31, 0x45, 0x31, 0x45, 0x31, 0x45, 0x31, 0x45, 0x31, 0x45, 0x31, 0x45, 0x31, 0x45, 0x31, 0x45, 0x31, 0x45, 0x31, 0x45, 0x31, 0x45, 0x31, 0x45, 0x31,
  0x45, 0x31, 0x45, 0x31, 0x45, 0x31, 0x45, 0x31, 0x45, 0x31, 0x45, 0x31, 0x45, 0x31, 0x45, 0x31, 0x45, 0x31, 0x45, 0x31, 0x45, 0x31, 0x45, 0x31, 0x45, 0x31, 0x45, 0x31, 0x45, 0x31, 0x45, 0x31,
  0x45, 0x31, 0x45, 0x31, 0x45, 0x31, 0x45, 0x31, 0x65, 0x31, 0x65, 0x31, 0x45, 0x31, 0x45, 0x31, 0x45, 0x31, 0x45, 0x31, 0x45, 0x31, 0x45, 0x31, 0x45, 0x31, 0x45, 0x31, 0x45, 0x31, 0x45, 0x31,
  0x45, 0x31, 0x45, 0x31, 0x45, 0x31, 0x45, 0x31, 0x45, 0x31, 0x45, 0x31, 0x45, 0x31, 0x45, 0x31, 0x45, 0x31, 0x45, 0x31, 0x65, 0x31, 0x45, 0x31, 0x45, 0x31, 0x45, 0x31, 0x45, 0x31, 0x45, 0x31,
  0x45, 0x31, 0x45, 0x31, 0x45, 0x31, 0x45, 0x31, 0x45, 0x31, 0x45, 0x31, 0x45, 0x31, 0x45, 0x31, 0x45, 0x31, 0x45, 0x31, 0x45, 0x31, 0x45, 0x31, 0x45, 0x31, 0x45, 0x31, 0x45, 0x31, 0x45, 0x31,
  0x65, 0x31, 0x45, 0x31, 0x45, 0x31, 0x45, 0x31, 0x44, 0x31, 0x44, 0x31, 0x44, 0x31, 0x44, 0x31, 0x44, 0x31, 0x44, 0x31, 0x45, 0x31, 0x45, 0x31, 0x45, 0x31, 0x45, 0x31, 0x65, 0x31, 0x85, 0x39,
  0xc9, 0x10, 0xca, 0x10, 0xca, 0x10, 0xaa, 0x10, 0xeb, 0x18, 0x8d, 0x29, 0xaa, 0x10, 0xca, 0x10, 0xca, 0x10, 0xca, 0x10, 0xca, 0x10, 0xca, 0x10, 0xca, 0x10, 0xca, 0x10, 0xca, 0x10, 0xaa, 0x10,
  0x93, 0x21, 0x93, 0x21, 0x93, 0x21, 0xb3, 0x21, 0xb3, 0x21, 0xb3, 0x21, 0xb3, 0x21, 0x93, 0x19, 0x14, 0x32, 0xd3, 0x21, 0x93, 0x19, 0x93, 0x19, 0x93, 0x19, 0x93, 0x19, 0x93, 0x19, 0x93, 0x21,
  0x93, 0x21, 0x93, 0x21, 0x93, 0x21, 0x92, 0x21, 0x93, 0x21, 0x93, 0x21, 0x92, 0x21, 0x92, 0x21, 0x93, 0x21, 0x93, 0x21, 0x94, 0x21, 0x94, 0x21, 0x94, 0x21, 0x94, 0x21, 0x55, 0x3a, 0xb4, 0x21,
  0x93, 0x21, 0x93, 0x21, 0x93, 0x19, 0x93, 0x21, 0x93, 0x21, 0x93, 0x21, 0x93, 0x21, 0x93, 0x21, 0x93, 0x21, 0x93, 0x21, 0x93, 0x21, 0x93, 0x21, 0x93, 0x21, 0x93, 0x21, 0x93, 0x21, 0x93, 0x21,
  0x93, 0x21, 0x93, 0x21, 0xb3, 0x29, 0x34, 0x32, 0x73, 0x19, 0x93, 0x21, 0x73, 0x21, 0x73, 0x21, 0x73, 0x21, 0x73, 0x21, 0x73, 0x21, 0x73, 0x21, 0x72, 0x19, 0x72, 0x19, 0x72, 0x19, 0x72, 0x19,
  0x72, 0x19, 0x73, 0x19, 0x72, 0x19, 0x72, 0x19, 0x72, 0x19, 0x72, 0x19, 0x72, 0x19, 0x72, 0x19, 0x93, 0x21, 0x13, 0x32, 0x72, 0x19, 0x72, 0x19, 0x72, 0x19, 0x72, 0x19, 0x72, 0x19, 0x72, 0x19,
  0x72, 0x19, 0x72, 0x19, 0x72, 0x19, 0x72, 0x19, 0x72, 0x19, 0x72, 0x19, 0x72, 0x19, 0x72, 0x19, 0x72, 0x19, 0x72, 0x19, 0x72, 0x19, 0x72, 0x19, 0x72, 0x19, 0x51, 0x19, 0x92, 0x21, 0xf3, 0x31,
  0x51, 0x19, 0x71, 0x19, 0x71, 0x19, 0x51, 0x19, 0x51, 0x19, 0x51, 0x19, 0x51, 0x19, 0x51, 0x19, 0x51, 0x19, 0x51, 0x19, 0x51, 0x19, 0x51, 0x19, 0x51, 0x19, 0x51, 0x19, 0x51, 0x19, 0x51, 0x19,
  0x51, 0x19, 0x51, 0x19, 0x71, 0x21, 0xd2, 0x29, 0x92, 0x21, 0x51, 0x19, 0x51, 0x19, 0x51, 0x19, 0x51, 0x19, 0x51, 0x19, 0x51, 0x19, 0x51, 0x19, 0x51, 0x19, 0x50, 0x19, 0x50, 0x19, 0x50, 0x19,
  0x50, 0x19, 0x50, 0x19, 0x50, 0x19, 0x50, 0x19, 0x50, 0x19, 0x50, 0x19, 0x30, 0x19, 0x30, 0x19, 0x50, 0x19, 0xb1, 0x29, 0x91, 0x29, 0x30, 0x19, 0x30, 0x19, 0x30, 0x19, 0x30, 0x19, 0x30, 0x19,
  0x30, 0x19, 0x50, 0x19, 0x30, 0x19, 0x30, 0x19, 0x30, 0x19, 0x30, 0x19, 0x30, 0x19, 0x30, 0x19, 0x30, 0x19, 0x30, 0x19, 0x30, 0x19, 0x30, 0x19, 0x30, 0x19, 0x30, 0x19, 0x70, 0x21, 0x90, 0x29,
  0x4f, 0x21, 0x2e, 0x19, 0x2e, 0x19, 0x2e, 0x19, 0x2e, 0x19, 0x2e, 0x19, 0x2e, 0x19, 0x2e, 0x19, 0x2e, 0x19, 0x2e, 0x19, 0x2e, 0x19, 0x2e, 0x19, 0x2e, 0x19, 0x2e, 0x19, 0x2e, 0x19, 0x2e, 0x19,
  0x2e, 0x19, 0x0e, 0x19, 0x0e, 0x11, 0x70, 0x21, 0x90, 0x21, 0x2f, 0x19, 0x0f, 0x11, 0x0e, 0x11, 0x0e, 0x11, 0x0e, 0x11, 0x0e, 0x11, 0x0e, 0x11, 0x0e, 0x11, 0x0e, 0x11, 0x0e, 0x11, 0x0e, 0x11,
  0x0e, 0x11, 0x0e, 0x11, 0x0e, 0x11, 0x0e, 0x11, 0x0e, 0x11, 0x0e, 0x11, 0x0e, 0x11, 0x0e, 0x11, 0xee, 0x10, 0x4f, 0x19, 0x8f, 0x21, 0x2e, 0x19, 0xee, 0x10, 0xee, 0x10, 0xee, 0x10, 0xee, 0x10,
  0xee, 0x10, 0xee, 0x10, 0xee, 0x10, 0xee, 0x10, 0xee, 0x10, 0xed, 0x10, 0xed, 0x10, 0xed, 0x10, 0xed, 0x10, 0xed, 0x10, 0xed, 0x10, 0xed, 0x10, 0xed, 0x10, 0xed, 0x10, 0xed, 0x10, 0x6e, 0x21,
  0x2e, 0x19, 0xed, 0x10, 0xed, 0x10, 0xed, 0x10, 0xed, 0x10, 0xed, 0x10, 0xed, 0x10, 0xed, 0x10, 0xed, 0x10, 0xed, 0x10, 0xed, 0x10, 0xed, 0x10, 0xed, 0x10, 0xed, 0x10, 0xed, 0x10, 0xed, 0x10,
  0xed, 0x10, 0xed, 0x10, 0xed, 0x10, 0xcc, 0x10, 0xaf, 0x29, 0x0d, 0x19, 0xcc, 0x10, 0xed, 0x10, 0xcc, 0x10, 0xcc, 0x10, 0xcc, 0x10, 0xcc, 0x10, 0xcc, 0x10, 0xcc, 0x10, 0xcc, 0x10, 0xcc, 0x10,
  0xcc, 0x10, 0xcc, 0x10, 0xcc, 0x10, 0xcc, 0x10, 0xcc, 0x10, 0xcc, 0x10, 0xcc, 0x10, 0xcc, 0x10, 0xcc, 0x10, 0xac, 0x10, 0x6e, 0x29, 0x2d, 0x19, 0xcc, 0x10, 0xcc, 0x10, 0xcc, 0x10, 0xcc, 0x10,
  0xcc, 0x10, 0xcc, 0x10, 0xcc, 0x10, 0xcc, 0x10, 0xcc, 0x10, 0xcc, 0x10, 0xcb, 0x10, 0xcb, 0x10, 0xcb, 0x10, 0xab, 0x10, 0xab, 0x10, 0xab, 0x10, 0xab, 0x10, 0xab, 0x10, 0xab, 0x10, 0xab, 0x10,
  0xae, 0x31, 0xcb, 0x10, 0xab, 0x10, 0xab, 0x10, 0xcb, 0x10, 0xab, 0x10, 0xab, 0x10, 0xab, 0x10, 0xab, 0x10, 0xab, 0x10, 0xab, 0x10, 0xab, 0x10, 0xab, 0x10, 0xab, 0x10, 0xab, 0x10, 0xcb, 0x10,
  0xca, 0x10, 0xca, 0x10, 0xca, 0x10, 0xca, 0x10, 0xeb, 0x18, 0x8d, 0x29, 0xaa, 0x10, 0xca, 0x10, 0xca, 0x10, 0xca, 0x10, 0xca, 0x10, 0xca, 0x10, 0xaa, 0x10, 0xaa, 0x10, 0xaa, 0x10, 0xaa, 0x10,
  0x93, 0x21, 0xb3, 0x21, 0xb3, 0x21, 0xb3, 0x21, 0x93, 0x21, 0x93, 0x21, 0x93, 0x21, 0x93, 0x19, 0x14, 0x32, 0xd3, 0x21, 0x93, 0x19, 0x93, 0x19, 0x93, 0x21, 0x93, 0x21, 0x93, 0x21, 0x93, 0x21,
  0x92, 0x21, 0x93, 0x21, 0x93, 0x21, 0x92, 0x21, 0x92, 0x21, 0x92, 0x21, 0x92, 0x21, 0x92, 0x21, 0x92, 0x21, 0x92, 0x21, 0x92, 0x21, 0x92, 0x21, 0x92, 0x19, 0x92, 0x21, 0x33, 0x32, 0xb2, 0x21,
  0x92, 0x19, 0x92, 0x19, 0x92, 0x19, 0x92, 0x19, 0x92, 0x19, 0x92, 0x19, 0x92, 0x19, 0x92, 0x19, 0x72, 0x19, 0x72, 0x19, 0x92, 0x19, 0x92, 0x19, 0x92, 0x19, 0x92, 0x19, 0x92, 0x19, 0x92, 0x19,
  0x72, 0x19, 0x91, 0x19, 0xb2, 0x21, 0x13, 0x32, 0x71, 0x19, 0x72, 0x19, 0x72, 0x19, 0x71, 0x19, 0x71, 0x19, 0x71, 0x19, 0x71, 0x19, 0x71, 0x19, 0x71, 0x19, 0x71, 0x19, 0x71, 0x19, 0x71, 0x19,
  0x71, 0x19, 0x71, 0x19, 0x71, 0x19, 0x71, 0x19, 0x71, 0x19, 0x71, 0x19, 0x71, 0x19, 0x71, 0x19, 0x91, 0x21, 0x12, 0x32, 0x71, 0x19, 0x71, 0x19, 0x71, 0x19, 0x71, 0x19, 0x71, 0x19, 0x71, 0x19,
  0x71, 0x19, 0x71, 0x19, 0x71, 0x19, 0x71, 0x19, 0x50, 0x19, 0x51, 0x19, 0x51, 0x19, 0x71, 0x19, 0x71, 0x19, 0x71, 0x19, 0x70, 0x19, 0x70, 0x19, 0x70, 0x19, 0x50, 0x19, 0x91, 0x21, 0xd1, 0x29,
  0x50, 0x19, 0x50, 0x19, 0x50, 0x19, 0x50, 0x19, 0x50, 0x19, 0x50, 0x19, 0x50, 0x19, 0x50, 0x19, 0x50, 0x19, 0x50, 0x19, 0x50, 0x19, 0x50, 0x19, 0x50, 0x19, 0x50, 0x19, 0x50, 0x19, 0x50, 0x19,
  0x50, 0x19, 0x50, 0x19, 0x70, 0x19, 0xb1, 0x29, 0x90, 0x21, 0x50, 0x19, 0x50, 0x19, 0x50, 0x19, 0x50, 0x19, 0x50, 0x19, 0x50, 0x19, 0x4f, 0x19, 0x4f, 0x19, 0x4f, 0x19, 0x4f, 0x19, 0x4f, 0x19,
  0x4f, 0x19, 0x4f, 0x19, 0x4f, 0x19, 0x2f, 0x19, 0x2f, 0x19, 0x2f, 0x19, 0x4f, 0x19, 0x2f, 0x19, 0x4f, 0x19, 0xb0, 0x29, 0x90, 0x21, 0x2f, 0x19, 0x4f, 0x19, 0x4f, 0x19, 0x4f, 0x19, 0x2f, 0x19,
  0x2f, 0x19, 0x2f, 0x19, 0x2f, 0x19, 0x2f, 0x19, 0x2f, 0x19, 0x2f, 0x19, 0x2f, 0x19, 0x2f, 0x19, 0x2f, 0x19, 0x2f, 0x19, 0x2f, 0x19, 0x2e, 0x19, 0x2f, 0x19, 0x2e, 0x19, 0x6f, 0x21, 0x8f, 0x29,
  0x4f, 0x19, 0x2e, 0x19, 0x2e, 0x19, 0x2e, 0x19, 0x2e, 0x19, 0x2e, 0x19, 0x2e, 0x19, 0x2e, 0x19, 0x2e, 0x19, 0x2e, 0x19, 0x2e, 0x19, 0x2e, 0x19, 0x2e, 0x19, 0x2e, 0x19, 0x2e, 0x19, 0x0e, 0x19,
  0x0e, 0x19, 0x0e, 0x19, 0x0e, 0x19, 0x6f, 0x21, 0x8f, 0x29, 0x2e, 0x19, 0x0e, 0x19, 0x0e, 0x19, 0x2e, 0x19, 0x2e, 0x19, 0x2e, 0x19, 0x0e, 0x19, 0x0e, 0x19, 0x0e, 0x19, 0x0e, 0x19, 0x0e, 0x19,
  0x0e, 0x19, 0x0d, 0x19, 0x0d, 0x19, 0x0d, 0x19, 0x0d, 0x19, 0x0d, 0x19, 0x0d, 0x19, 0x0d, 0x19, 0x0d, 0x11, 0x4e, 0x21, 0x8e, 0x29, 0x2d, 0x19, 0x0d, 0x19, 0x0d, 0x19, 0x0d, 0x19, 0x0d, 0x19,
  0x0d, 0x19, 0x0d, 0x19, 0x0d, 0x19, 0x0d, 0x19, 0x0d, 0x19, 0x0d, 0x11, 0x0d, 0x11, 0x0d, 0x11, 0x0d, 0x11, 0x0d, 0x11, 0x0d, 0x11, 0x0d, 0x11, 0x0d, 0x11, 0x0d, 0x11, 0xec, 0x10, 0x6e, 0x21,
  0x2d, 0x19, 0x0d, 0x19, 0xed, 0x10, 0xed, 0x10, 0xec, 0x10, 0xec, 0x10, 0xec, 0x10, 0x0c, 0x11, 0x0c, 0x11, 0x0c, 0x11, 0xec, 0x10, 0xec, 0x10, 0xec, 0x10, 0xec, 0x18, 0xec, 0x18, 0xec, 0x18,
  0xec, 0x10, 0xec, 0x10, 0xec, 0x10, 0xec, 0x10, 0xce, 0x31, 0x2c, 0x19, 0xec, 0x10, 0xec, 0x10, 0xec, 0x10, 0xec, 0x10, 0xec, 0x10, 0xec, 0x10, 0xec, 0x10, 0xec, 0x10, 0xec, 0x10, 0xec, 0x10,
  0xec, 0x10, 0xec, 0x10, 0xeb, 0x10, 0xeb, 0x10, 0xec, 0x10, 0xec, 0x10, 0xec, 0x10, 0xeb, 0x10, 0xeb, 0x10, 0xcb, 0x10, 0x6d, 0x29, 0x2c, 0x21, 0xcb, 0x10, 0xcb, 0x10, 0xcb, 0x10, 0xcb, 0x10,
  0xcb, 0x10, 0xcb, 0x10, 0xcb, 0x10, 0xcb, 0x10, 0xeb, 0x10, 0xeb, 0x10, 0xcb, 0x10, 0xcb, 0x10, 0xcb, 0x10, 0xcb, 0x10, 0xcb, 0x10, 0xcb, 0x10, 0xcb, 0x10, 0xcb, 0x10, 0xcb, 0x10, 0xca, 0x10,
  0xcd, 0x31, 0xcb, 0x10, 0xcb, 0x10, 0xcb, 0x10, 0xcb, 0x10, 0xca, 0x10, 0xcb, 0x10, 0xcb, 0x10, 0xca, 0x10, 0xca, 0x10, 0xca, 0x10, 0xca, 0x10, 0xca, 0x10, 0xca, 0x10, 0xca, 0x10, 0xca, 0x10,
  0xca, 0x10, 0xca, 0x10, 0xca, 0x10, 0xca, 0x10, 0xeb, 0x18, 0x8d, 0x29, 0xaa, 0x10, 0xca, 0x10, 0xca, 0x10, 0xca, 0x10, 0xaa, 0x10, 0xaa, 0x10, 0xaa, 0x10, 0xaa, 0x10, 0xaa, 0x10, 0xca, 0x10,
  0xb3, 0x21, 0xb3, 0x21, 0x93, 0x21, 0x93, 0x21, 0x93, 0x21, 0x93, 0x19, 0x93, 0x19, 0x93, 0x19, 0x14, 0x32, 0xd3, 0x21, 0x93, 0x19, 0x93, 0x21, 0x93, 0x21, 0x93, 0x21, 0x92, 0x21, 0x92, 0x21,
  0x93, 0x21, 0x92, 0x21, 0x92, 0x21, 0x92, 0x21, 0x92, 0x21, 0x92, 0x21, 0x92, 0x21, 0x92, 0x21, 0x92, 0x21, 0x92, 0x21, 0x92, 0x21, 0x92, 0x21, 0x92, 0x19, 0x92, 0x19, 0x33, 0x32, 0xb2, 0x21,
  0x92, 0x19, 0x92, 0x19, 0x92, 0x19, 0x92, 0x19, 0x92, 0x19, 0x72, 0x19, 0x72, 0x19, 0x72, 0x19, 0x72, 0x19, 0x72, 0x19, 0x92, 0x19, 0x92, 0x19, 0x92, 0x19, 0x92, 0x19, 0x91, 0x19, 0x91, 0x19,
  0x71, 0x19, 0x71, 0x19, 0xb2, 0x21, 0x13, 0x32, 0x71, 0x19, 0x71, 0x19, 0x71, 0x19, 0x71, 0x19, 0x71, 0x19, 0x71, 0x19, 0x71, 0x19, 0x71, 0x19, 0x71, 0x19, 0x71, 0x19, 0x71, 0x19, 0x71, 0x19,
  0x71, 0x19, 0x71, 0x19, 0x71, 0x19, 0x71, 0x19, 0x71, 0x19, 0x71, 0x19, 0x71, 0x19, 0x71, 0x19, 0x91, 0x21, 0xf2, 0x31, 0x51, 0x19, 0x71, 0x19, 0x71, 0x19, 0x71, 0x19, 0x71, 0x19, 0x71, 0x19,
  0x71, 0x19, 0x71, 0x19, 0x50, 0x19, 0x50, 0x19, 0x50, 0x19, 0x50, 0x19, 0x50, 0x19, 0x71, 0x19, 0x70, 0x19, 0x70, 0x19, 0x70, 0x19, 0x70, 0x19, 0x70, 0x19, 0x50, 0x19, 0x91, 0x21, 0xd1, 0x29,
  0x50, 0x19, 0x50, 0x19, 0x50, 0x19, 0x50, 0x19, 0x50, 0x19, 0x50, 0x19, 0x50, 0x19, 0x50, 0x19, 0x50, 0x19, 0x50, 0x19, 0x50, 0x19, 0x50, 0x19, 0x50, 0x19, 0x50, 0x19, 0x50, 0x19, 0x50, 0x19,
  0x50, 0x19, 0x50, 0x19, 0x70, 0x19, 0xb1, 0x29, 0x90, 0x21, 0x2f, 0x19, 0x4f, 0x19, 0x50, 0x19, 0x4f, 0x19, 0x4f, 0x19, 0x4f, 0x19, 0x4f, 0x19, 0x4f, 0x19, 0x4f, 0x19, 0x4f, 0x19, 0x4f, 0x19,
  0x4f, 0x19, 0x2f, 0x19, 0x2f, 0x19, 0x2f, 0x19, 0x2f, 0x19, 0x2f, 0x19, 0x4f, 0x19, 0x2f, 0x19, 0x4f, 0x19, 0xb0, 0x29, 0x90, 0x21, 0x2f, 0x19, 0x4f, 0x19, 0x2f, 0x19, 0x2f, 0x19, 0x2f, 0x19,
  0x2f, 0x19, 0x2f, 0x19, 0x2f, 0x19, 0x2f, 0x19, 0x2f, 0x19, 0x2f, 0x19, 0x2f, 0x19, 0x2f, 0x19, 0x2f, 0x19, 0x2e, 0x19, 0x2e, 0x19, 0x2f, 0x19, 0x2e, 0x19, 0x2e, 0x19, 0x6f, 0x21, 0x8f, 0x21,
  0x4f, 0x19, 0x2e, 0x19, 0x2e, 0x19, 0x2e, 0x19, 0x2e, 0x19, 0x2e, 0x19, 0x2e, 0x19, 0x2e, 0x19, 0x2e, 0x19, 0x2e, 0x19, 0x2e, 0x19, 0x2e, 0x19, 0x0e, 0x19, 0x0e, 0x19, 0x0e, 0x19, 0x0e, 0x19,
  0x0e, 0x19, 0x2e, 0x19, 0x0e, 0x19, 0x6f, 0x21, 0x8f, 0x29, 0x2e, 0x19, 0x0e, 0x19, 0x2e, 0x19, 0x0e, 0x19, 0x0e, 0x19, 0x0e, 0x19, 0x0d, 0x19, 0x0d, 0x19, 0x0e, 0x19, 0x0d, 0x19, 0x0d, 0x19,
  0x0d, 0x19, 0x0d, 0x19, 0x0d, 0x19, 0x0d, 0x19, 0x0d, 0x19, 0x0d, 0x19, 0x0d, 0x19, 0x0d, 0x19, 0x0d, 0x11, 0x4e, 0x21, 0x8e, 0x29, 0x2d, 0x19, 0x0d, 0x19, 0x0d, 0x19, 0x0d, 0x19, 0x0d, 0x19,
  0x0d, 0x19, 0x0d, 0x19, 0x0d, 0x19, 0x0d, 0x11, 0x0d, 0x11, 0x0d, 0x11, 0x0d, 0x11, 0x0d, 0x11, 0x0d, 0x19, 0x0d, 0x19, 0x0d, 0x19, 0x0d, 0x19, 0xec, 0x18, 0xec, 0x18, 0xec, 0x10, 0x6e, 0x21,
  0x2d, 0x19, 0x0d, 0x19, 0xec, 0x10, 0x0c, 0x19, 0x0c, 0x19, 0x0c, 0x19, 0x0c, 0x19, 0xec, 0x18, 0xec, 0x18, 0xec, 0x18, 0xec, 0x18, 0xec, 0x18, 0xec, 0x18, 0xec, 0x10, 0xec, 0x10, 0xec, 0x10,
  0xec, 0x10, 0xec, 0x10, 0xec, 0x10, 0xcc, 0x10, 0xae, 0x31, 0x0c, 0x19, 0xec, 0x10, 0xec, 0x10, 0xec, 0x10, 0xec, 0x10, 0xec, 0x10, 0xec, 0x10, 0xec, 0x10, 0xec, 0x10, 0xec, 0x10, 0xeb, 0x10,
  0xeb, 0x10, 0xeb, 0x10, 0xeb, 0x10, 0xeb, 0x10, 0xec, 0x10, 0xeb, 0x10, 0xeb, 0x10, 0xeb, 0x10, 0xcb, 0x10, 0xcb, 0x10, 0x6d, 0x29, 0x2c, 0x21, 0xcb, 0x10, 0xcb, 0x10, 0xeb, 0x10, 0xeb, 0x10,
  0xeb, 0x10, 0xeb, 0x10, 0xeb, 0x10, 0xeb, 0x10, 0xcb, 0x10, 0xcb, 0x10, 0xcb, 0x10, 0xcb, 0x10, 0xcb, 0x10, 0xcb, 0x10, 0xcb, 0x10, 0xcb, 0x10, 0xcb, 0x10, 0xcb, 0x10, 0xcb, 0x10, 0xcb, 0x10,
  0xad, 0x31, 0xcb, 0x10, 0xcb, 0x10, 0xca, 0x10, 0xcb, 0x10, 0xca, 0x10, 0xca, 0x10, 0xca, 0x10, 0xca, 0x10, 0xca, 0x10, 0xca, 0x10, 0xca, 0x10, 0xca, 0x10, 0xca, 0x10, 0xca, 0x10, 0xca, 0x10,
  0xca, 0x10, 0xca, 0x10, 0xca, 0x10, 0xca, 0x10, 0xeb, 0x18, 0x8c, 0x29, 0xaa, 0x10, 0xaa, 0x10, 0xaa, 0x10, 0xaa, 0x10, 0xaa, 0x10, 0xaa, 0x10, 0xca, 0x10, 0xca, 0x10, 0xca, 0x10, 0xca, 0x10,
};

const lv_image_dsc_t settingsscreen2 = {
  .header.cf = LV_COLOR_FORMAT_RGB565,
  .header.magic = LV_IMAGE_HEADER_MAGIC,
  .header.w = 320,
  .header.h = 170,
  .data_size = 54400 * 2,
  .data = settingsscreen2_map,
};
